{"type":"FeatureCollection","properties":{"state_code":"AP","state_name":"Andhra Pradesh","data_source":"DataMeet India Maps"},"features":[{"type":"Feature","geometry":{"type":"Polygon","coordinates":[[[78.8497,19.7601],[78.851,19.7594],[78.859,19.7391],[78.8623,19.7325],[78.8628,19.7209],[78.8671,19.7071],[78.8689,19.698],[78.8694,19.6879],[78.8686,19.6807],[78.8646,19.6702],[78.8642,19.6576],[78.8834,19.6581],[78.8965,19.6566],[78.9093,19.6659],[78.9214,19.669],[78.9405,19.6635],[78.9491,19.6665],[78.9598,19.6648],[78.9672,19.6601],[78.9745,19.6506],[78.9736,19.6408],[78.9703,19.631],[78.9684,19.6188],[78.9712,19.606],[78.9769,19.5987],[78.9839,19.5919],[78.9861,19.5866],[78.9835,19.5814],[78.9746,19.575],[78.9703,19.5718],[78.96,19.5642],[78.9551,19.559],[78.9601,19.5534],[78.9704,19.5519],[78.9791,19.5514],[78.9841,19.5525],[78.992,19.5586],[78.9985,19.5636],[79.0012,19.5626],[79.0057,19.5609],[79.0178,19.5454],[79.024,19.5416],[79.0445,19.5466],[79.0572,19.5469],[79.0658,19.5404],[79.0691,19.5329],[79.0796,19.5303],[79.1024,19.5322],[79.1086,19.5297],[79.1081,19.5211],[79.1105,19.5145],[79.1186,19.5115],[79.1323,19.5083],[79.1461,19.5029],[79.1628,19.4874],[79.175,19.4697],[79.1837,19.4626],[79.1949,19.4606],[79.2247,19.4664],[79.2289,19.4697],[79.2266,19.4775],[79.2147,19.4867],[79.2128,19.4936],[79.214,19.5005],[79.2216,19.5125],[79.2294,19.5189],[79.2379,19.5226],[79.2426,19.5287],[79.2443,19.5346],[79.2453,19.5439],[79.2441,19.5528],[79.2457,19.5613],[79.256,19.5795],[79.2546,19.5887],[79.2497,19.5951],[79.2436,19.6013],[79.243,19.6112],[79.2498,19.6143],[79.2612,19.613],[79.2738,19.6084],[79.2992,19.5985],[79.3108,19.592],[79.3156,19.5839],[79.3203,19.5674],[79.3275,19.5736],[79.3357,19.5756],[79.3469,19.5757],[79.3751,19.5732],[79.3773,19.5635],[79.3868,19.5578],[79.3951,19.5509],[79.408,19.5419],[79.4198,19.5355],[79.4293,19.5349],[79.4364,19.5372],[79.4474,19.5356],[79.4644,19.5211],[79.4713,19.5112],[79.4767,19.4996],[79.4863,19.506],[79.4996,19.5074],[79.5197,19.5203],[79.5221,19.5246],[79.5222,19.539],[79.5211,19.5429],[79.5213,19.5441],[79.5325,19.5482],[79.5413,19.5502],[79.549,19.5507],[79.551,19.5449],[79.5515,19.5362],[79.554,19.5283],[79.5588,19.5223],[79.5719,19.5132],[79.5798,19.5089],[79.589,19.5053],[79.5977,19.504],[79.6044,19.5061],[79.6072,19.5103],[79.6088,19.5168],[79.6093,19.5234],[79.6136,19.5417],[79.6173,19.5514],[79.6222,19.5609],[79.6278,19.5674],[79.6461,19.5773],[79.659,19.579],[79.6715,19.5794],[79.6844,19.5789],[79.6912,19.5815],[79.7021,19.5834],[79.7116,19.5835],[79.7194,19.5857],[79.7364,19.5989],[79.7468,19.6055],[79.7608,19.6047],[79.7728,19.6025],[79.784,19.6001],[79.792,19.596],[79.7928,19.592],[79.7998,19.5825],[79.8118,19.5792],[79.8177,19.5763],[79.8232,19.5715],[79.8261,19.564],[79.8272,19.5548],[79.8297,19.5468],[79.8348,19.5395],[79.8628,19.5197],[79.8704,19.5162],[79.8768,19.5076],[79.8849,19.5034],[79.9089,19.4992],[79.9177,19.495],[79.9245,19.4883],[79.9302,19.4803],[79.9396,19.4719],[79.944,19.4697],[79.9469,19.4673],[79.9517,19.4616],[79.9529,19.4538],[79.9525,19.4436],[79.966,19.4288],[79.9768,19.4124],[79.9798,19.404],[79.9794,19.3945],[79.9775,19.3851],[79.974,19.3775],[79.9733,19.3639],[79.9713,19.3537],[79.9639,19.3376],[79.9642,19.3275],[79.9704,19.3096],[79.9686,19.3006],[79.9557,19.292],[79.952,19.2872],[79.9387,19.2624],[79.9269,19.2296],[79.9261,19.2182],[79.9293,19.2066],[79.9421,19.1871],[79.9493,19.1792],[79.95,19.1739],[79.9475,19.1677],[79.9329,19.1642],[79.9291,19.1604],[79.9128,19.1451],[79.878,19.126],[79.8699,19.1191],[79.8648,19.1074],[79.8668,19.0943],[79.8679,19.0633],[79.8638,19.0456],[79.8664,19.038],[79.8778,19.039],[79.8879,19.0448],[79.8977,19.0489],[79.9098,19.0514],[79.923,19.0508],[79.9328,19.046],[79.9399,19.0332],[79.9414,19.0252],[79.9397,18.9993],[79.9382,18.9784],[79.9391,18.9752],[79.9428,18.9613],[79.9479,18.9413],[79.9483,18.9195],[79.9471,18.9005],[79.9479,18.8812],[79.9459,18.8627],[79.9403,18.8489],[79.9325,18.8414],[79.9278,18.84],[79.911,18.8387],[79.9009,18.8346],[79.8978,18.8332],[79.891,18.8319],[79.8802,18.8328],[79.8698,18.8363],[79.8654,18.8487],[79.8647,18.8571],[79.8618,18.8721],[79.8483,18.8824],[79.8424,18.8785],[79.8363,18.8688],[79.8323,18.8556],[79.8309,18.8406],[79.8328,18.8308],[79.8432,18.8172],[79.8508,18.81],[79.8539,18.8012],[79.8509,18.7899],[79.843,18.785],[79.8362,18.7796],[79.8258,18.7655],[79.8145,18.7432],[79.8103,18.726],[79.8013,18.7178],[79.7779,18.7031],[79.7626,18.6956],[79.75,18.6923],[79.7365,18.6928],[79.726,18.695],[79.7151,18.6937],[79.7113,18.69],[79.7009,18.6855],[79.691,18.6841],[79.683,18.6882],[79.6736,18.7022],[79.6683,18.7072],[79.6601,18.7252],[79.6555,18.7308],[79.6437,18.7372],[79.6363,18.743],[79.6258,18.7428],[79.623,18.7471],[79.6147,18.7513],[79.6007,18.7622],[79.5932,18.7658],[79.5696,18.782],[79.5595,18.7866],[79.5467,18.7904],[79.5357,18.7961],[79.5256,18.7948],[79.5193,18.793],[79.512,18.7971],[79.506,18.8066],[79.5043,18.8085],[79.4955,18.8181],[79.488,18.8246],[79.4795,18.8304],[79.4629,18.8389],[79.457,18.8461],[79.4499,18.8527],[79.4426,18.8567],[79.4335,18.8602],[79.4126,18.8698],[79.4028,18.8726],[79.3948,18.8729],[79.3891,18.8711],[79.3836,18.8586],[79.3792,18.8507],[79.3715,18.8409],[79.3617,18.8331],[79.3554,18.8299],[79.347,18.8279],[79.3368,18.8256],[79.3196,18.823],[79.3097,18.8262],[79.3019,18.8272],[79.2941,18.8292],[79.2876,18.8322],[79.2809,18.8373],[79.2669,18.8538],[79.2579,18.8623],[79.2447,18.8729],[79.2337,18.8749],[79.2056,18.8735],[79.1912,18.8761],[79.1653,18.9071],[79.1552,18.9171],[79.133,18.9323],[79.1209,18.9427],[79.1117,18.9539],[79.1087,18.9648],[79.1066,18.9773],[79.0971,18.9894],[79.0923,18.9919],[79.0887,18.9994],[79.0878,19.0013],[79.0781,19.0245],[79.0699,19.0343],[79.0566,19.0443],[79.0448,19.0515],[79.0349,19.0562],[79.02,19.0622],[79.0043,19.0672],[79.0018,19.0679],[78.9985,19.0687],[78.9908,19.0711],[78.9762,19.0733],[78.9556,19.0714],[78.9449,19.0669],[78.9339,19.0591],[78.9271,19.0516],[78.9209,19.0432],[78.9108,19.0334],[78.9025,19.0309],[78.89,19.0339],[78.8772,19.0385],[78.8507,19.0532],[78.836,19.0582],[78.8261,19.0556],[78.7976,19.0367],[78.7593,19.0143],[78.7421,19.0109],[78.7058,19.0257],[78.6871,19.0274],[78.6708,19.0215],[78.6624,19.0142],[78.6543,19.0009],[78.6502,18.9952],[78.6364,18.981],[78.6305,18.9789],[78.6234,18.9778],[78.6127,18.9798],[78.5914,18.9879],[78.5823,18.987],[78.5707,18.9802],[78.5625,18.9744],[78.544,18.9523],[78.5338,18.9436],[78.531,18.9448],[78.5241,18.9478],[78.5106,18.9604],[78.4989,18.9656],[78.4656,18.9592],[78.4517,18.959],[78.4433,18.9604],[78.4344,18.9652],[78.4165,18.9814],[78.4053,18.9896],[78.3935,18.9919],[78.3828,18.99],[78.3695,18.9866],[78.359,18.9804],[78.3308,18.9592],[78.3185,18.9526],[78.3037,18.9462],[78.2894,18.9425],[78.2816,18.9452],[78.2774,18.9588],[78.278,18.9704],[78.2728,18.9833],[78.2651,18.9919],[78.2528,18.9991],[78.2496,19.0001],[78.2375,19.0042],[78.2224,19.0029],[78.2066,18.9999],[78.194,18.9939],[78.1788,18.9892],[78.1619,18.9817],[78.1341,18.9601],[78.1219,18.9539],[78.1018,18.9459],[78.0937,18.9435],[78.0863,18.9398],[78.0735,18.9369],[78.0705,18.9347],[78.0651,18.9312],[78.0524,18.9205],[78.0516,18.9196],[78.0432,18.9063],[78.0381,18.8954],[78.0336,18.8814],[78.0291,18.8779],[78.0225,18.8769],[78,18.8831],[77.9726,18.8768],[77.9643,18.87],[77.9568,18.855],[77.9483,18.8438],[77.9338,18.848],[77.9365,18.8524],[77.9287,18.8556],[77.9294,18.8607],[77.9102,18.8687],[77.9033,18.8693],[77.9027,18.8851],[77.8917,18.8865],[77.8866,18.8977],[77.8856,18.9099],[77.8733,18.9116],[77.8606,18.9074],[77.8444,18.9126],[77.8451,18.9227],[77.8483,18.9316],[77.8527,18.9327],[77.8577,18.9535],[77.8344,18.9514],[77.8313,18.9469],[77.8166,18.9507],[77.8191,18.9604],[77.8167,18.9613],[77.821,18.9835],[77.791,18.9854],[77.7853,18.9775],[77.7711,18.9825],[77.7722,19.0005],[77.7695,19.0085],[77.7691,19.0165],[77.768,19.0207],[77.7659,19.0216],[77.764,19.0237],[77.7611,19.0296],[77.7647,19.0522],[77.7633,19.0603],[77.7654,19.0631],[77.7748,19.0572],[77.7817,19.0554],[77.7869,19.0559],[77.7949,19.0517],[77.7984,19.0512],[77.801,19.0524],[77.7995,19.0621],[77.801,19.0659],[77.7973,19.0722],[77.7983,19.0744],[77.8011,19.0756],[77.8051,19.0854],[77.8036,19.0956],[77.8041,19.0999],[77.8065,19.103],[77.8096,19.1043],[77.819,19.1047],[77.8262,19.0974],[77.8294,19.0927],[77.8325,19.086],[77.8377,19.0876],[77.8461,19.0878],[77.8505,19.0896],[77.8521,19.0911],[77.8521,19.0937],[77.8481,19.0971],[77.8491,19.1152],[77.8425,19.1199],[77.8378,19.1337],[77.8349,19.1366],[77.8416,19.1393],[77.8531,19.1563],[77.8526,19.1604],[77.8541,19.1633],[77.8543,19.1686],[77.8578,19.1704],[77.8581,19.1732],[77.8569,19.1778],[77.8623,19.1817],[77.8484,19.1891],[77.8504,19.1979],[77.8566,19.2055],[77.8562,19.2106],[77.8624,19.2194],[77.8654,19.2272],[77.8662,19.2348],[77.8693,19.2388],[77.872,19.247],[77.8713,19.2561],[77.8886,19.2611],[77.8958,19.258],[77.9044,19.257],[77.9097,19.2681],[77.9046,19.278],[77.897,19.2792],[77.8793,19.2806],[77.8658,19.2849],[77.8647,19.2884],[77.8665,19.2962],[77.8648,19.3029],[77.875,19.3065],[77.8791,19.3097],[77.892,19.3132],[77.8972,19.3219],[77.9035,19.3186],[77.9098,19.3166],[77.9163,19.3188],[77.9261,19.3267],[77.9303,19.3327],[77.9413,19.3366],[77.9447,19.3433],[77.953,19.3421],[77.9668,19.3326],[77.9707,19.3282],[77.981,19.3219],[77.9896,19.3099],[78,19.3066],[78.0158,19.302],[78.0224,19.2973],[78.0315,19.2797],[78.0371,19.2751],[78.05,19.2719],[78.0537,19.2637],[78.0518,19.2567],[78.0523,19.2485],[78.0554,19.2428],[78.0618,19.2408],[78.0794,19.2476],[78.0866,19.2558],[78.0995,19.2509],[78.1037,19.2466],[78.1311,19.2475],[78.1437,19.2406],[78.1542,19.2312],[78.1745,19.2375],[78.1878,19.2427],[78.1909,19.2505],[78.1877,19.2623],[78.1876,19.2801],[78.1977,19.304],[78.2,19.3155],[78.1995,19.326],[78.2016,19.3328],[78.1916,19.3396],[78.1867,19.3465],[78.1841,19.354],[78.1858,19.3618],[78.1889,19.3692],[78.1893,19.3773],[78.1915,19.3855],[78.192,19.3966],[78.1866,19.4127],[78.2026,19.4084],[78.21,19.4153],[78.2196,19.428],[78.2288,19.435],[78.2382,19.4338],[78.2504,19.43],[78.2566,19.431],[78.2664,19.4411],[78.2715,19.4489],[78.2778,19.4548],[78.2866,19.454],[78.2958,19.4498],[78.3019,19.4498],[78.3136,19.4574],[78.3166,19.4669],[78.3167,19.4802],[78.3147,19.4874],[78.3082,19.4947],[78.304,19.505],[78.3033,19.5145],[78.3001,19.5317],[78.2996,19.5382],[78.2961,19.544],[78.2892,19.5512],[78.2837,19.559],[78.2899,19.5612],[78.3011,19.5592],[78.3039,19.5621],[78.3045,19.5676],[78.3107,19.5683],[78.3158,19.5726],[78.3167,19.5794],[78.3147,19.5875],[78.3156,19.605],[78.3135,19.6122],[78.3036,19.6242],[78.3001,19.6326],[78.297,19.6449],[78.2921,19.6552],[78.2772,19.6608],[78.2743,19.6638],[78.278,19.6708],[78.2904,19.6903],[78.3096,19.6891],[78.3207,19.6912],[78.3247,19.6974],[78.3273,19.7043],[78.3372,19.7092],[78.3499,19.7142],[78.349,19.725],[78.3501,19.7351],[78.3579,19.7384],[78.3655,19.7546],[78.3695,19.7679],[78.3724,19.7817],[78.3717,19.7951],[78.3652,19.8063],[78.3563,19.8109],[78.3438,19.814],[78.3406,19.8192],[78.346,19.8334],[78.3436,19.8397],[78.3077,19.8463],[78.2987,19.85],[78.2988,19.856],[78.3022,19.8737],[78.3122,19.9089],[78.3148,19.9131],[78.3241,19.9158],[78.333,19.9165],[78.3397,19.9105],[78.3392,19.9047],[78.3312,19.8998],[78.3276,19.8954],[78.3299,19.8909],[78.3409,19.8836],[78.3513,19.8818],[78.3704,19.8833],[78.3791,19.8797],[78.3888,19.8797],[78.3897,19.8744],[78.3889,19.8641],[78.3907,19.8562],[78.3906,19.8532],[78.394,19.8467],[78.4024,19.8369],[78.4138,19.8304],[78.4334,19.8237],[78.4494,19.8198],[78.4695,19.8168],[78.481,19.817],[78.4892,19.8079],[78.4943,19.7992],[78.4988,19.7939],[78.5086,19.7931],[78.5145,19.8019],[78.5173,19.815],[78.5241,19.8206],[78.5312,19.8224],[78.5629,19.8163],[78.5787,19.8145],[78.59,19.8124],[78.5968,19.8162],[78.6003,19.8181],[78.6087,19.8183],[78.6194,19.814],[78.6244,19.8095],[78.6403,19.8046],[78.6534,19.8023],[78.6915,19.7908],[78.7011,19.7906],[78.707,19.7865],[78.7144,19.7736],[78.7217,19.7678],[78.7299,19.7699],[78.7371,19.7738],[78.7436,19.7804],[78.7483,19.7806],[78.7575,19.7783],[78.7685,19.7766],[78.7785,19.7804],[78.7902,19.7798],[78.8023,19.7696],[78.8085,19.7611],[78.813,19.7591],[78.8225,19.7615],[78.8306,19.7615],[78.8437,19.7632],[78.8497,19.7601]]]},"properties":{"district_name":"Adilabad","raw_district_name":"Adilabad","state_code":"AP","state_name":"Andhra Pradesh","census_code":532,"data_source":"DataMeet India Maps (Census 2011 Boundaries)"}},{"type":"Feature","geometry":{"type":"Polygon","coordinates":[[[78.1443,14.9453],[78.1438,14.9401],[78.1371,14.9361],[78.1257,14.9337],[78.1189,14.9272],[78.0997,14.8728],[78.0996,14.8604],[78.108,14.8569],[78.1169,14.8559],[78.1169,14.846],[78.1114,14.8259],[78.1052,14.8196],[78.0926,14.8237],[78.0868,14.8264],[78.0827,14.8211],[78.0793,14.8112],[78.0745,14.8028],[78.0668,14.791],[78.0603,14.7834],[78.0563,14.7768],[78.0701,14.765],[78.0765,14.7582],[78.0854,14.7555],[78.0865,14.7488],[78.0844,14.7413],[78.0759,14.728],[78.0743,14.7209],[78.0813,14.7202],[78.0908,14.7216],[78.0971,14.7205],[78.1037,14.7164],[78.1061,14.7112],[78.107,14.7027],[78.1116,14.7025],[78.1172,14.6944],[78.1237,14.6941],[78.131,14.6977],[78.1403,14.694],[78.1441,14.6843],[78.1404,14.6689],[78.1371,14.6623],[78.1376,14.6459],[78.1351,14.6413],[78.1293,14.6343],[78.134,14.6284],[78.1277,14.6248],[78.1114,14.6296],[78.105,14.6288],[78.0975,14.6254],[78.0946,14.6198],[78.088,14.6021],[78.0832,14.5925],[78.0785,14.5789],[78.0721,14.5723],[78.0639,14.5693],[78.0552,14.5638],[78.0537,14.5588],[78.0537,14.5477],[78.0472,14.5386],[78.0381,14.5373],[78.0279,14.539],[78.0226,14.5411],[78,14.5397],[77.9985,14.5406],[77.9924,14.5398],[77.9875,14.5405],[77.9845,14.5458],[77.9848,14.5601],[77.9746,14.5718],[77.9699,14.5756],[77.9667,14.5835],[77.9637,14.5787],[77.9603,14.576],[77.955,14.5734],[77.9473,14.5667],[77.953,14.5598],[77.9626,14.5558],[77.9707,14.5473],[77.9751,14.5407],[77.9796,14.5355],[77.9755,14.5305],[77.977,14.5248],[77.9849,14.5167],[77.9916,14.509],[77.9948,14.506],[77.9965,14.5011],[78,14.4984],[78.0139,14.4885],[78.0234,14.4801],[78.0376,14.4639],[78.0513,14.4563],[78.0617,14.4472],[78.1098,14.4088],[78.1399,14.3823],[78.1513,14.3737],[78.1784,14.3606],[78.1929,14.3556],[78.2068,14.3474],[78.2174,14.3427],[78.2265,14.3317],[78.2355,14.3225],[78.246,14.3153],[78.2565,14.3121],[78.2645,14.3113],[78.2869,14.3049],[78.2975,14.2984],[78.3184,14.2919],[78.3321,14.2893],[78.3652,14.2873],[78.3936,14.284],[78.4029,14.2816],[78.4258,14.2793],[78.4237,14.268],[78.4138,14.2362],[78.41,14.2077],[78.4153,14.2026],[78.423,14.2012],[78.4263,14.2058],[78.4338,14.1984],[78.4332,14.1902],[78.4263,14.1749],[78.4254,14.1664],[78.4284,14.155],[78.4329,14.1475],[78.453,14.1361],[78.4651,14.113],[78.4649,14.1041],[78.4621,14.0963],[78.4548,14.0893],[78.4479,14.0896],[78.4472,14.0814],[78.451,14.0756],[78.4525,14.0676],[78.4495,14.0553],[78.4461,14.0486],[78.4426,14.0289],[78.4431,14.0228],[78.4515,14.0169],[78.4665,14.0137],[78.4711,14.0108],[78.4662,14.0004],[78.4656,13.9939],[78.4568,13.9861],[78.4405,13.9806],[78.4323,13.9793],[78.4277,13.9778],[78.4231,13.9695],[78.4169,13.9628],[78.3996,13.9525],[78.3876,13.9407],[78.3834,13.9401],[78.3764,13.9424],[78.3736,13.9459],[78.3739,13.9511],[78.3721,13.9545],[78.3661,13.951],[78.3489,13.9354],[78.3389,13.936],[78.3362,13.9269],[78.3328,13.9195],[78.3304,13.918],[78.3223,13.9191],[78.3133,13.9151],[78.3076,13.9098],[78.3029,13.9072],[78.2997,13.903],[78.2972,13.8932],[78.2937,13.8915],[78.2885,13.893],[78.2833,13.8957],[78.2755,13.8953],[78.2773,13.8917],[78.275,13.8869],[78.275,13.8829],[78.2736,13.8781],[78.27,13.874],[78.2682,13.868],[78.2658,13.865],[78.2654,13.8587],[78.261,13.8574],[78.2585,13.8547],[78.2458,13.8508],[78.2443,13.8468],[78.2499,13.8397],[78.2543,13.8327],[78.2556,13.8271],[78.2542,13.817],[78.2561,13.8066],[78.2594,13.8027],[78.2625,13.7972],[78.2574,13.7916],[78.2415,13.7833],[78.2297,13.7802],[78.2227,13.7815],[78.2071,13.7823],[78.202,13.7853],[78.1892,13.7874],[78.1683,13.784],[78.158,13.7858],[78.1446,13.7818],[78.1349,13.7832],[78.1273,13.7856],[78.1242,13.7964],[78.118,13.807],[78.1167,13.8123],[78.1262,13.8304],[78.1225,13.8495],[78.1149,13.8621],[78.1063,13.8613],[78.0972,13.8635],[78.0837,13.8635],[78.0797,13.8805],[78.0767,13.883],[78.0691,13.8853],[78.0635,13.8878],[78.057,13.893],[78.0498,13.8952],[78.0514,13.8818],[78.0517,13.8722],[78.0501,13.8665],[78.0466,13.8613],[78.0243,13.8628],[78.019,13.8649],[78.0134,13.8701],[78.0001,13.8708],[77.9938,13.87],[77.9909,13.8652],[77.9899,13.8572],[77.979,13.835],[77.9744,13.8285],[77.9532,13.8283],[77.9567,13.8331],[77.9566,13.8377],[77.9543,13.8481],[77.9503,13.8793],[77.951,13.8885],[77.958,13.8927],[77.9802,13.8969],[77.9866,13.9017],[77.9832,13.9136],[77.9831,13.9205],[77.9819,13.9281],[77.982,13.9325],[77.9864,13.9459],[77.9871,13.9559],[77.9749,13.9588],[77.9697,13.9582],[77.9637,13.9501],[77.9627,13.9453],[77.9592,13.9361],[77.9575,13.935],[77.9545,13.9366],[77.9473,13.9328],[77.9441,13.9261],[77.9381,13.917],[77.9282,13.9069],[77.92,13.9054],[77.9143,13.9076],[77.9088,13.9105],[77.904,13.9159],[77.898,13.9195],[77.8956,13.9258],[77.8962,13.9358],[77.8953,13.9393],[77.8707,13.9348],[77.8623,13.9351],[77.8542,13.9363],[77.8383,13.9351],[77.8297,13.9385],[77.8264,13.9428],[77.8223,13.939],[77.8166,13.9305],[77.8145,13.9255],[77.8145,13.9166],[77.8155,13.9112],[77.8192,13.9027],[77.8228,13.8991],[77.8292,13.8973],[77.8332,13.8879],[77.8355,13.8796],[77.8274,13.8741],[77.836,13.8687],[77.819,13.8601],[77.8161,13.8547],[77.811,13.8487],[77.8027,13.849],[77.7946,13.8479],[77.7842,13.8439],[77.7823,13.8397],[77.7856,13.8321],[77.7885,13.828],[77.7886,13.8247],[77.7867,13.8209],[77.7774,13.8165],[77.7635,13.8155],[77.7563,13.8142],[77.7491,13.8117],[77.7417,13.8114],[77.7365,13.8097],[77.7266,13.8007],[77.7209,13.7984],[77.7232,13.7912],[77.7209,13.7827],[77.7223,13.7688],[77.7213,13.7587],[77.7216,13.7541],[77.7192,13.7457],[77.7169,13.7407],[77.7155,13.7422],[77.7103,13.739],[77.7036,13.7693],[77.6927,13.7665],[77.6869,13.7636],[77.6765,13.7602],[77.6717,13.7601],[77.6778,13.7704],[77.6798,13.778],[77.6782,13.7854],[77.672,13.7837],[77.6645,13.7845],[77.657,13.7837],[77.6222,13.7681],[77.6183,13.7632],[77.6205,13.7547],[77.6417,13.7491],[77.6447,13.7431],[77.6415,13.7407],[77.6365,13.7378],[77.6292,13.7352],[77.6236,13.7362],[77.6121,13.7503],[77.6034,13.7513],[77.5947,13.7445],[77.5894,13.7383],[77.5814,13.7344],[77.5744,13.7371],[77.5639,13.7242],[77.5559,13.7281],[77.5529,13.7359],[77.5493,13.7426],[77.5472,13.7514],[77.5372,13.7535],[77.5273,13.7515],[77.5228,13.7446],[77.5304,13.7387],[77.5343,13.7329],[77.5352,13.7267],[77.5355,13.7147],[77.5333,13.7049],[77.5293,13.6956],[77.52,13.6933],[77.5157,13.6965],[77.5146,13.7003],[77.5145,13.7081],[77.5104,13.712],[77.495,13.7144],[77.4873,13.7108],[77.49,13.7064],[77.4911,13.6993],[77.4928,13.6943],[77.4906,13.6873],[77.4841,13.6852],[77.4573,13.6834],[77.4523,13.7033],[77.4535,13.7082],[77.4609,13.7116],[77.4644,13.7202],[77.4656,13.7306],[77.4656,13.7378],[77.4675,13.7414],[77.4701,13.7511],[77.4696,13.7566],[77.4662,13.7573],[77.4614,13.7855],[77.4598,13.7879],[77.4582,13.793],[77.4601,13.7988],[77.4648,13.8045],[77.463,13.8072],[77.4541,13.8095],[77.4479,13.8097],[77.4428,13.8066],[77.436,13.7954],[77.4274,13.7964],[77.4242,13.7983],[77.4268,13.8032],[77.4265,13.8071],[77.422,13.8076],[77.4188,13.8063],[77.4159,13.8066],[77.4155,13.8098],[77.4209,13.8147],[77.42,13.8191],[77.4223,13.8227],[77.432,13.834],[77.4335,13.8371],[77.4318,13.8425],[77.426,13.8409],[77.4111,13.8387],[77.4064,13.8397],[77.397,13.8402],[77.3882,13.8385],[77.38,13.8385],[77.3802,13.8454],[77.3746,13.8504],[77.3665,13.8529],[77.3592,13.8516],[77.354,13.8468],[77.3469,13.842],[77.3417,13.8366],[77.3342,13.832],[77.327,13.8329],[77.3231,13.8469],[77.3178,13.8583],[77.3138,13.8644],[77.3029,13.8607],[77.2965,13.8571],[77.2924,13.8531],[77.2898,13.8481],[77.282,13.8499],[77.2627,13.8465],[77.2572,13.8465],[77.2598,13.8631],[77.2505,13.8673],[77.2474,13.8729],[77.2459,13.8806],[77.2455,13.8885],[77.2482,13.8958],[77.2467,13.901],[77.2405,13.9019],[77.2321,13.9024],[77.2285,13.8958],[77.2275,13.8887],[77.2236,13.8762],[77.2181,13.8684],[77.2147,13.8673],[77.2154,13.8854],[77.2115,13.8881],[77.2091,13.8818],[77.2075,13.8734],[77.2035,13.8664],[77.1993,13.8631],[77.1853,13.8667],[77.1816,13.8683],[77.1847,13.8783],[77.1861,13.8852],[77.1857,13.8901],[77.1878,13.898],[77.1887,13.9081],[77.1881,13.9176],[77.1835,13.9242],[77.1765,13.9231],[77.1659,13.9153],[77.1623,13.9066],[77.1634,13.8981],[77.1682,13.8893],[77.1688,13.8831],[77.1714,13.8731],[77.169,13.8638],[77.1546,13.8666],[77.1458,13.8659],[77.1366,13.8567],[77.1303,13.8562],[77.1317,13.8498],[77.1469,13.8447],[77.1522,13.8418],[77.1544,13.8357],[77.1644,13.8323],[77.1688,13.8276],[77.1685,13.8224],[77.1627,13.8182],[77.1619,13.8143],[77.1629,13.8107],[77.1606,13.8075],[77.1623,13.805],[77.1625,13.8002],[77.1651,13.794],[77.1707,13.7873],[77.1758,13.7825],[77.178,13.779],[77.1763,13.7683],[77.1732,13.7616],[77.1648,13.7619],[77.1533,13.7617],[77.1441,13.7626],[77.1407,13.7599],[77.13,13.7578],[77.1174,13.7615],[77.1017,13.7677],[77.0922,13.7649],[77.0916,13.7614],[77.0868,13.7602],[77.0857,13.7528],[77.087,13.7442],[77.0779,13.7456],[77.0664,13.7457],[77.0611,13.7513],[77.0536,13.7628],[77.0414,13.776],[77.0326,13.7782],[77.026,13.7766],[77.0246,13.7684],[77.02,13.7542],[77.0176,13.7394],[77.0081,13.7434],[77.0001,13.7482],[76.9987,13.7492],[76.9978,13.752],[76.9983,13.7562],[76.9963,13.7598],[76.9951,13.7668],[76.9924,13.7732],[76.9904,13.7832],[76.9873,13.7924],[76.9909,13.7953],[76.9918,13.7996],[76.9897,13.8108],[76.986,13.8138],[76.9748,13.8168],[76.9744,13.821],[76.9775,13.8254],[76.9825,13.8279],[76.99,13.8343],[76.9922,13.8458],[76.9959,13.8461],[77.0001,13.8455],[77.012,13.8567],[77.0131,13.8608],[77.014,13.8695],[77.0183,13.8707],[77.0186,13.8738],[77.0177,13.878],[77.0226,13.8943],[77.0233,13.8999],[77.0338,13.9038],[77.0473,13.904],[77.0418,13.9322],[77.0245,13.9413],[77.0199,13.946],[77.014,13.9539],[77.0053,13.9569],[77.0009,13.9592],[77.0002,13.9599],[76.9948,13.9632],[76.996,13.9767],[76.9971,13.9823],[77.0002,13.9879],[76.9908,13.9939],[76.9831,14.0003],[76.9834,14.0003],[76.9809,14.003],[76.9699,14.0086],[76.9542,14.0131],[76.9503,14.017],[76.9479,14.0218],[76.9464,14.0269],[76.9366,14.029],[76.9393,14.047],[76.9435,14.0539],[76.9488,14.0535],[76.9553,14.0541],[76.9772,14.0587],[76.9798,14.064],[76.9806,14.0716],[76.9779,14.0747],[76.9774,14.082],[76.9737,14.086],[76.9657,14.0893],[76.957,14.0916],[76.9518,14.0915],[76.9541,14.0977],[76.9537,14.1028],[76.9521,14.1092],[76.9484,14.1181],[76.9428,14.1214],[76.9324,14.1334],[76.9278,14.1352],[76.9225,14.1307],[76.9179,14.1283],[76.9038,14.133],[76.8962,14.134],[76.8889,14.1371],[76.8922,14.1424],[76.8944,14.157],[76.8967,14.1651],[76.902,14.168],[76.9225,14.1638],[76.9283,14.1695],[76.9424,14.1721],[76.9446,14.1739],[76.9469,14.1842],[76.9446,14.193],[76.947,14.1955],[76.9494,14.1945],[76.9545,14.19],[76.9592,14.1872],[76.9639,14.1817],[76.9711,14.1805],[76.9782,14.1805],[76.9837,14.1791],[76.9918,14.1788],[76.9999,14.18],[77.0116,14.1811],[77.0196,14.1793],[77.0254,14.179],[77.027,14.1747],[77.0267,14.1706],[77.0216,14.159],[77.0206,14.1385],[77.0195,14.1337],[77.0249,14.1316],[77.0259,14.1287],[77.022,14.1239],[77.0227,14.1183],[77.0223,14.1124],[77.014,14.1045],[77.0161,14.0984],[77.0204,14.0951],[77.0297,14.0898],[77.0303,14.0836],[77.026,14.0678],[77.0295,14.0597],[77.0343,14.0584],[77.0407,14.0579],[77.0491,14.0581],[77.0571,14.0561],[77.075,14.0537],[77.0755,14.046],[77.0824,14.0446],[77.0968,14.0448],[77.1027,14.0473],[77.11,14.0471],[77.1162,14.0486],[77.1272,14.0488],[77.1308,14.0414],[77.134,14.0253],[77.1402,14.0163],[77.1391,14.0109],[77.1405,14.0048],[77.1457,14.0039],[77.1506,14.0002],[77.1508,14.0002],[77.1536,13.9983],[77.1607,13.9973],[77.1646,14.0002],[77.1644,14.0002],[77.1691,14.0045],[77.1679,14.013],[77.1777,14.0153],[77.2009,14.0096],[77.2141,14.0117],[77.2253,14.0147],[77.2337,14.0148],[77.2491,14.0131],[77.2623,14.0278],[77.271,14.0334],[77.2781,14.035],[77.2808,14.0231],[77.2792,14.0149],[77.2851,14.0138],[77.2918,14.0184],[77.2989,14.0214],[77.3047,14.0299],[77.3102,14.0337],[77.3202,14.0318],[77.3232,14.0284],[77.3237,14.0223],[77.3269,14.0162],[77.3308,14.0123],[77.3369,14.0019],[77.3364,14.0004],[77.3365,14.0004],[77.3371,13.9974],[77.3403,13.9951],[77.3525,13.9926],[77.3606,13.9894],[77.3602,13.9834],[77.3538,13.9677],[77.3541,13.9624],[77.3506,13.958],[77.3689,13.9526],[77.3695,13.9494],[77.3595,13.9356],[77.3495,13.9194],[77.3504,13.9131],[77.3528,13.9105],[77.3553,13.9037],[77.3658,13.9027],[77.3975,13.9049],[77.3989,13.8871],[77.4034,13.8877],[77.4042,13.8878],[77.4156,13.8961],[77.4261,13.9022],[77.4328,13.9093],[77.4346,13.9165],[77.4296,13.9192],[77.4173,13.9218],[77.4155,13.9288],[77.4148,13.9433],[77.4297,13.9462],[77.4358,13.9506],[77.4361,13.9636],[77.438,13.9692],[77.4377,13.976],[77.4337,13.9805],[77.4275,13.9841],[77.4172,13.9841],[77.3935,13.9811],[77.3826,13.9762],[77.3796,13.9826],[77.3801,13.9888],[77.3868,14.0004],[77.3903,14.0144],[77.3819,14.0192],[77.3692,14.023],[77.3569,14.0235],[77.3508,14.0261],[77.3329,14.0299],[77.338,14.0468],[77.3412,14.0547],[77.3447,14.0608],[77.3569,14.0604],[77.3653,14.0659],[77.3681,14.0729],[77.3791,14.0789],[77.3864,14.0974],[77.3924,14.1005],[77.4022,14.1104],[77.4032,14.1176],[77.4012,14.1216],[77.3965,14.1256],[77.3871,14.1236],[77.38,14.1195],[77.3656,14.1157],[77.3591,14.1123],[77.3552,14.1062],[77.3512,14.1029],[77.3531,14.1174],[77.3532,14.1248],[77.3544,14.1312],[77.3615,14.1307],[77.3717,14.134],[77.3834,14.1365],[77.3854,14.1452],[77.3893,14.1547],[77.3963,14.1605],[77.3964,14.1722],[77.4042,14.1734],[77.4164,14.1767],[77.4231,14.1763],[77.4302,14.1721],[77.4608,14.17],[77.4702,14.1713],[77.4955,14.1602],[77.5074,14.1581],[77.5097,14.1642],[77.5138,14.1714],[77.5173,14.1791],[77.5164,14.1841],[77.5111,14.1878],[77.508,14.2003],[77.5066,14.2115],[77.5,14.221],[77.4997,14.2271],[77.4969,14.2347],[77.5031,14.2474],[77.5057,14.2566],[77.5062,14.2675],[77.5031,14.2787],[77.4989,14.2783],[77.4912,14.2822],[77.4861,14.2917],[77.4859,14.2907],[77.4752,14.2864],[77.4614,14.2791],[77.4503,14.2844],[77.4491,14.2978],[77.449,14.3166],[77.4341,14.3117],[77.4324,14.3276],[77.4273,14.3288],[77.4158,14.3339],[77.4013,14.3359],[77.3921,14.3316],[77.3853,14.3238],[77.3803,14.3119],[77.3815,14.3019],[77.3877,14.2898],[77.3916,14.2792],[77.3909,14.2724],[77.3964,14.2682],[77.4076,14.2672],[77.4114,14.2555],[77.4128,14.2436],[77.4157,14.2305],[77.4214,14.224],[77.4224,14.2189],[77.4216,14.2101],[77.3979,14.1978],[77.3904,14.1987],[77.3867,14.2094],[77.3882,14.217],[77.3832,14.2236],[77.3708,14.2301],[77.3619,14.2368],[77.3657,14.2504],[77.3647,14.2671],[77.3657,14.2761],[77.3598,14.2774],[77.3498,14.2773],[77.3269,14.2801],[77.3138,14.2805],[77.3017,14.2831],[77.2917,14.2814],[77.2858,14.2827],[77.2881,14.2971],[77.2889,14.3089],[77.2873,14.3377],[77.2794,14.3383],[77.2734,14.3336],[77.2639,14.3322],[77.2574,14.3271],[77.2512,14.321],[77.238,14.3176],[77.2289,14.3215],[77.2158,14.3195],[77.2023,14.3207],[77.1854,14.3328],[77.1826,14.3327],[77.1777,14.3366],[77.17,14.3368],[77.1656,14.3426],[77.1579,14.3441],[77.1522,14.3385],[77.1463,14.3424],[77.1413,14.3403],[77.1376,14.3369],[77.1384,14.3304],[77.1367,14.3201],[77.1315,14.3079],[77.1231,14.2977],[77.1177,14.2938],[77.1163,14.2813],[77.1127,14.2681],[77.1213,14.2632],[77.1173,14.2548],[77.1188,14.2463],[77.1163,14.2384],[77.1158,14.2279],[77.1109,14.2197],[77.101,14.2159],[77.0906,14.2148],[77.0811,14.2157],[77.0733,14.2242],[77.0659,14.2305],[77.061,14.2386],[77.0552,14.2458],[77.0462,14.247],[77.0386,14.2467],[77.0301,14.2429],[77.018,14.2413],[77.0096,14.2378],[77,14.2417],[76.9982,14.2392],[76.9948,14.2426],[76.9879,14.2443],[76.981,14.2436],[76.9751,14.2414],[76.9669,14.242],[76.9567,14.2403],[76.9488,14.2424],[76.9431,14.2462],[76.9413,14.2549],[76.9389,14.2596],[76.931,14.2704],[76.93,14.2782],[76.9407,14.2827],[76.949,14.2877],[76.954,14.2928],[76.9554,14.3001],[76.9519,14.3065],[76.9481,14.3114],[76.9417,14.3144],[76.9283,14.3157],[76.9219,14.3182],[76.9112,14.3213],[76.904,14.3252],[76.8903,14.3455],[76.884,14.3523],[76.8836,14.3573],[76.888,14.3961],[76.8917,14.3983],[76.8973,14.3987],[76.9016,14.4003],[76.9061,14.4042],[76.9181,14.4194],[76.924,14.4173],[76.9418,14.4072],[76.9467,14.4055],[76.9487,14.4092],[76.9498,14.4148],[76.9494,14.4311],[76.9477,14.4457],[76.9488,14.451],[76.9637,14.4513],[76.9694,14.4577],[76.9793,14.4763],[76.9785,14.4842],[76.9742,14.485],[76.9608,14.4855],[76.9504,14.488],[76.9114,14.4899],[76.8991,14.4865],[76.8903,14.4817],[76.8851,14.4763],[76.875,14.4742],[76.8686,14.4804],[76.8652,14.4928],[76.8589,14.5046],[76.8486,14.5148],[76.8367,14.5207],[76.833,14.5279],[76.8321,14.5287],[76.8243,14.5259],[76.8154,14.5294],[76.8096,14.5305],[76.8042,14.5333],[76.7991,14.5463],[76.7906,14.5586],[76.7884,14.5675],[76.7825,14.5848],[76.7806,14.5958],[76.7787,14.596],[76.777,14.5927],[76.7652,14.6017],[76.7644,14.6075],[76.7672,14.6174],[76.7737,14.6617],[76.7755,14.6792],[76.7853,14.6959],[76.7898,14.7125],[76.8023,14.7399],[76.7992,14.7465],[76.7923,14.7572],[76.7906,14.7672],[76.7854,14.7796],[76.7845,14.7845],[76.8152,14.7868],[76.8209,14.7878],[76.8216,14.7908],[76.825,14.7919],[76.8307,14.7923],[76.8356,14.7895],[76.838,14.7903],[76.8392,14.8055],[76.8415,14.8095],[76.8512,14.8077],[76.853,14.8094],[76.8539,14.8172],[76.8528,14.8196],[76.8487,14.8209],[76.8473,14.8296],[76.8445,14.8334],[76.8443,14.8354],[76.8486,14.8386],[76.8537,14.844],[76.8584,14.8667],[76.8559,14.8678],[76.8551,14.8781],[76.8533,14.8852],[76.8475,14.8867],[76.848,14.8917],[76.8503,14.8956],[76.8645,14.8965],[76.867,14.907],[76.8681,14.917],[76.8677,14.9209],[76.8697,14.9428],[76.8678,14.9604],[76.8686,14.9692],[76.8453,14.9663],[76.84,14.9643],[76.8366,14.9586],[76.832,14.9562],[76.8277,14.9588],[76.8243,14.9643],[76.8195,14.9689],[76.8008,14.968],[76.776,14.9737],[76.7676,14.9749],[76.7657,14.9803],[76.7625,14.9845],[76.7608,14.988],[76.7631,14.9901],[76.7662,14.9945],[76.769,14.9941],[76.7701,14.9958],[76.7719,15.0007],[76.7734,15.0056],[76.7836,15.0109],[76.7884,15.0217],[76.7856,15.0284],[76.7846,15.0392],[76.7788,15.0489],[76.7749,15.0591],[76.7746,15.0633],[76.7763,15.0701],[76.7795,15.0741],[76.778,15.0763],[76.7801,15.0783],[76.7824,15.0765],[76.7877,15.0806],[76.786,15.0838],[76.788,15.0857],[76.7914,15.0854],[76.8008,15.0957],[76.8158,15.0852],[76.8252,15.0799],[76.8334,15.0793],[76.8414,15.0775],[76.8472,15.0712],[76.8646,15.0618],[76.8681,15.0551],[76.8738,15.0491],[76.8808,15.0338],[76.8929,15.0369],[76.9004,15.0371],[76.9097,15.0345],[76.9178,15.0362],[76.9236,15.0337],[76.936,15.0315],[76.9471,15.0323],[76.955,15.0297],[76.9712,15.0185],[76.9862,15.0157],[76.988,15.0257],[77.0002,15.029],[77.0031,15.0324],[77.0052,15.0349],[77.0138,15.0349],[77.0275,15.033],[77.0421,15.033],[77.0515,15.0346],[77.0534,15.0293],[77.051,15.0214],[77.0457,15.0109],[77.0556,15.0097],[77.0662,15.007],[77.0733,15.0066],[77.0836,15.0055],[77.0852,15.0134],[77.0868,15.0277],[77.093,15.0285],[77.0955,15.0332],[77.1065,15.0328],[77.1144,15.0341],[77.1164,15.0436],[77.1209,15.0456],[77.1232,15.0561],[77.1257,15.0606],[77.1303,15.0737],[77.1324,15.0991],[77.1442,15.1053],[77.1525,15.1128],[77.1589,15.126],[77.1576,15.1371],[77.1613,15.1453],[77.1771,15.1421],[77.1821,15.1423],[77.1879,15.1549],[77.1925,15.1563],[77.1948,15.1562],[77.1975,15.1585],[77.2038,15.1572],[77.2147,15.1536],[77.2148,15.1515],[77.2214,15.1498],[77.2218,15.1471],[77.2287,15.1446],[77.2387,15.143],[77.2526,15.1429],[77.2602,15.1415],[77.2654,15.1414],[77.27,15.1371],[77.2718,15.1297],[77.2786,15.1309],[77.2938,15.1304],[77.299,15.1425],[77.3022,15.1526],[77.3106,15.1532],[77.3208,15.1754],[77.3399,15.1749],[77.352,15.1758],[77.3543,15.1933],[77.3565,15.1964],[77.3567,15.1998],[77.3593,15.2009],[77.361,15.205],[77.3659,15.2213],[77.3731,15.2204],[77.3865,15.2162],[77.397,15.2166],[77.4054,15.2178],[77.4094,15.2226],[77.4257,15.2223],[77.4324,15.2197],[77.4345,15.2155],[77.4357,15.2084],[77.4529,15.2047],[77.4482,15.2109],[77.4515,15.2131],[77.4527,15.22],[77.4693,15.2139],[77.4793,15.2092],[77.4842,15.208],[77.4867,15.211],[77.4987,15.2142],[77.5002,15.2184],[77.505,15.2204],[77.5267,15.2229],[77.5307,15.2213],[77.5434,15.209],[77.5491,15.2064],[77.5578,15.2046],[77.5659,15.2018],[77.5727,15.1984],[77.5821,15.1879],[77.5876,15.1842],[77.5969,15.1819],[77.6125,15.1815],[77.6168,15.2039],[77.6359,15.206],[77.6407,15.221],[77.644,15.2215],[77.651,15.2244],[77.652,15.2293],[77.6623,15.2317],[77.6694,15.2314],[77.6763,15.2295],[77.679,15.2254],[77.6791,15.2192],[77.6853,15.2132],[77.6899,15.2122],[77.6915,15.2087],[77.6963,15.2071],[77.6992,15.2035],[77.7004,15.2],[77.6981,15.1954],[77.6962,15.1825],[77.7,15.1797],[77.7091,15.1811],[77.7128,15.1845],[77.7171,15.1786],[77.7212,15.1709],[77.7319,15.169],[77.7332,15.1488],[77.7479,15.1426],[77.7511,15.1278],[77.7746,15.1223],[77.7733,15.1119],[77.7786,15.1102],[77.7824,15.1088],[77.7868,15.1076],[77.7897,15.1049],[77.7936,15.1038],[77.7994,15.1145],[77.8037,15.1183],[77.8111,15.1226],[77.814,15.1255],[77.8146,15.1333],[77.8187,15.1403],[77.8239,15.1401],[77.8407,15.1425],[77.8424,15.1303],[77.849,15.129],[77.856,15.1331],[77.8762,15.134],[77.881,15.1429],[77.8883,15.1752],[77.8948,15.1765],[77.9037,15.1762],[77.9142,15.1731],[77.9212,15.1701],[77.9214,15.1668],[77.9238,15.1634],[77.9251,15.1579],[77.9224,15.1519],[77.9262,15.1506],[77.9263,15.1488],[77.9152,15.1407],[77.9124,15.1352],[77.9164,15.1302],[77.916,15.1286],[77.9094,15.1286],[77.9086,15.1232],[77.9132,15.122],[77.9174,15.1193],[77.9353,15.1107],[77.9653,15.1028],[77.9679,15.1141],[77.9695,15.1239],[77.9768,15.1374],[77.9928,15.1364],[77.9981,15.1354],[78.0001,15.1321],[78.0103,15.1237],[78.0179,15.1197],[78.0253,15.1143],[78.0256,15.1027],[78.0251,15.0948],[78.0224,15.0882],[78.0151,15.0767],[78.0094,15.0738],[78.0029,15.0723],[78.0001,15.0724],[77.9948,15.0752],[77.9938,15.0689],[77.9979,15.0653],[77.9959,15.0639],[77.994,15.051],[77.9961,15.0465],[78.0002,15.0446],[78.0055,15.0516],[78.0138,15.0577],[78.0164,15.055],[78.0175,15.0498],[78.0196,15.0253],[78.024,15.0189],[78.0356,15.0076],[78.0456,15.0001],[78.0618,14.9947],[78.0909,14.9812],[78.0954,14.976],[78.1035,14.9693],[78.1255,14.9662],[78.1414,14.9563],[78.1445,14.9481],[78.1443,14.9453]]]},"properties":{"district_name":"Anantapur","raw_district_name":"Anantapur","state_code":"AP","state_name":"Andhra Pradesh","census_code":553,"data_source":"DataMeet India Maps (Census 2011 Boundaries)"}},{"type":"Feature","geometry":{"type":"Polygon","coordinates":[[[80.0182,13.4993],[80.0182,13.4993],[80.014,13.4965],[80.0031,13.4921],[79.9912,13.4846],[79.986,13.4805],[79.9849,13.4763],[79.9832,13.4719],[79.982,13.4697],[79.9808,13.4694],[79.9744,13.4642],[79.9747,13.4571],[79.9756,13.4535],[79.9736,13.4406],[79.9758,13.4309],[79.9711,13.4258],[79.9634,13.4211],[79.9569,13.4237],[79.9485,13.4225],[79.9451,13.4173],[79.9482,13.4036],[79.9482,13.3978],[79.9629,13.395],[79.9662,13.3871],[79.9607,13.3802],[79.9524,13.3821],[79.9533,13.374],[79.9527,13.3711],[79.9414,13.3566],[79.9382,13.349],[79.9298,13.354],[79.9233,13.3567],[79.9189,13.352],[79.9165,13.3462],[79.91,13.3425],[79.9045,13.3376],[79.8987,13.3342],[79.8928,13.3334],[79.8876,13.3303],[79.8832,13.3247],[79.8779,13.3237],[79.8715,13.3266],[79.8683,13.3211],[79.8638,13.3163],[79.8517,13.3162],[79.8494,13.3159],[79.8432,13.3149],[79.8367,13.3152],[79.8211,13.3179],[79.8129,13.3171],[79.8076,13.3114],[79.8049,13.3044],[79.7999,13.2974],[79.7924,13.2949],[79.7868,13.2979],[79.781,13.3024],[79.7666,13.3155],[79.7631,13.3115],[79.7623,13.3036],[79.7587,13.2927],[79.7541,13.2894],[79.7422,13.2878],[79.7339,13.2849],[79.7344,13.2784],[79.752,13.2672],[79.7582,13.261],[79.7654,13.2565],[79.7881,13.247],[79.796,13.241],[79.7976,13.2364],[79.796,13.2308],[79.7901,13.2301],[79.7863,13.2304],[79.7799,13.2262],[79.7761,13.2217],[79.7704,13.2184],[79.7645,13.2176],[79.7571,13.2077],[79.751,13.2111],[79.7502,13.2183],[79.7464,13.223],[79.7452,13.2277],[79.7392,13.2301],[79.7355,13.2346],[79.7312,13.2353],[79.7284,13.2271],[79.7241,13.2232],[79.7183,13.222],[79.7123,13.2154],[79.7051,13.2202],[79.7014,13.2201],[79.7021,13.2239],[79.7084,13.2365],[79.7086,13.2466],[79.7045,13.2512],[79.6971,13.2465],[79.6933,13.241],[79.6859,13.2421],[79.6837,13.2485],[79.6863,13.2596],[79.6969,13.2693],[79.6941,13.2782],[79.6918,13.2819],[79.681,13.2945],[79.6784,13.2858],[79.6751,13.2807],[79.6699,13.281],[79.6659,13.2871],[79.6611,13.2859],[79.6562,13.2859],[79.6509,13.2887],[79.645,13.286],[79.6432,13.2806],[79.642,13.2734],[79.6368,13.2745],[79.6332,13.2714],[79.6277,13.2729],[79.6232,13.277],[79.6175,13.2798],[79.6136,13.2802],[79.6073,13.2755],[79.6011,13.2728],[79.5989,13.2659],[79.5979,13.2595],[79.5927,13.2578],[79.5834,13.2598],[79.5778,13.2618],[79.5672,13.2715],[79.5611,13.2794],[79.5587,13.2863],[79.5538,13.2912],[79.5515,13.302],[79.5512,13.3132],[79.5481,13.3233],[79.535,13.3281],[79.5218,13.3269],[79.51,13.327],[79.4994,13.3287],[79.4915,13.3336],[79.4668,13.3363],[79.441,13.3355],[79.4294,13.3339],[79.4135,13.3277],[79.3867,13.3149],[79.3977,13.3066],[79.4111,13.3011],[79.4176,13.2974],[79.4339,13.2987],[79.4372,13.2934],[79.4305,13.2866],[79.4302,13.2811],[79.4312,13.2784],[79.4245,13.2695],[79.4209,13.2588],[79.4196,13.2497],[79.4219,13.2402],[79.4209,13.2317],[79.4231,13.2242],[79.4293,13.2243],[79.4305,13.2306],[79.4392,13.2348],[79.4484,13.2419],[79.4548,13.2413],[79.4577,13.2339],[79.4578,13.2289],[79.4339,13.2207],[79.4355,13.2159],[79.4355,13.211],[79.4339,13.2053],[79.4361,13.1996],[79.4329,13.1966],[79.4256,13.198],[79.4102,13.1985],[79.4049,13.1965],[79.3967,13.1968],[79.3907,13.1945],[79.3813,13.1883],[79.3831,13.1806],[79.3795,13.1776],[79.3773,13.1724],[79.3735,13.1681],[79.367,13.1734],[79.36,13.175],[79.3594,13.166],[79.3602,13.1559],[79.3592,13.1522],[79.3591,13.1469],[79.3669,13.1418],[79.3624,13.1375],[79.3567,13.1356],[79.3501,13.1352],[79.3476,13.1395],[79.343,13.1333],[79.329,13.1314],[79.3247,13.1258],[79.3221,13.1189],[79.3224,13.112],[79.3203,13.1089],[79.3098,13.1094],[79.3111,13.1268],[79.3004,13.1302],[79.2972,13.1348],[79.2898,13.1316],[79.2861,13.1328],[79.2849,13.1386],[79.2835,13.1499],[79.2796,13.1531],[79.2734,13.1526],[79.2687,13.1484],[79.2648,13.1531],[79.2635,13.158],[79.2594,13.1599],[79.2564,13.153],[79.2555,13.1452],[79.2489,13.1386],[79.2452,13.1395],[79.2385,13.1464],[79.2304,13.1473],[79.2268,13.1394],[79.2304,13.1322],[79.2346,13.1278],[79.2305,13.1221],[79.2305,13.1157],[79.2265,13.1087],[79.2196,13.1032],[79.2144,13.1021],[79.2055,13.1015],[79.2011,13.0964],[79.1992,13.0888],[79.1957,13.0847],[79.1929,13.0788],[79.1913,13.0719],[79.1816,13.0648],[79.1869,13.0615],[79.1845,13.0555],[79.1888,13.0501],[79.1892,13.0452],[79.1889,13.0416],[79.1867,13.0371],[79.1854,13.0311],[79.1829,13.0275],[79.1735,13.0236],[79.165,13.0191],[79.1539,13.0216],[79.1434,13.0285],[79.1314,13.0343],[79.1165,13.0359],[79.0949,13.0241],[79.0812,13.0257],[79.0727,13.0324],[79.0661,13.0397],[79.0653,13.0495],[79.0559,13.0552],[79.0455,13.0571],[79.0379,13.061],[79.0348,13.0678],[79.0234,13.0692],[79.0123,13.0693],[79.0072,13.0744],[79.0001,13.084],[78.9936,13.0875],[78.9914,13.0878],[78.9835,13.0864],[78.9765,13.0841],[78.9748,13.0829],[78.971,13.0767],[78.9669,13.0762],[78.9619,13.0774],[78.9577,13.0748],[78.9484,13.0812],[78.9419,13.0772],[78.9262,13.079],[78.9238,13.0745],[78.9226,13.0673],[78.9205,13.0617],[78.9127,13.0633],[78.9053,13.0463],[78.9102,13.0429],[78.9162,13.0423],[78.9292,13.0438],[78.9323,13.0399],[78.9393,13.0347],[78.9405,13.0327],[78.9365,13.0299],[78.9349,13.033],[78.9278,13.0343],[78.9019,13.031],[78.8937,13.031],[78.8912,13.0367],[78.8927,13.0554],[78.8921,13.0807],[78.8952,13.0931],[78.8877,13.0973],[78.882,13.098],[78.8764,13.0958],[78.8724,13.0906],[78.87,13.0821],[78.8556,13.0825],[78.8439,13.0806],[78.825,13.0856],[78.8197,13.0889],[78.8124,13.0865],[78.8057,13.0807],[78.7982,13.0731],[78.7946,13.0673],[78.7891,13.0641],[78.766,13.0579],[78.7575,13.0563],[78.751,13.0563],[78.7437,13.0612],[78.737,13.0636],[78.7139,13.0669],[78.7127,13.055],[78.7075,13.0233],[78.7053,13.0152],[78.6908,13.0197],[78.6801,13.0218],[78.6625,13.0286],[78.6603,13.027],[78.6565,13.018],[78.6531,13.0123],[78.6487,13.0075],[78.6398,13.0004],[78.6319,12.9932],[78.625,12.9895],[78.6317,12.9846],[78.6494,12.9651],[78.6405,12.9638],[78.6472,12.9491],[78.6583,12.9298],[78.649,12.9267],[78.6423,12.9267],[78.6372,12.9299],[78.6363,12.9249],[78.6312,12.9128],[78.6271,12.904],[78.6238,12.8993],[78.6175,12.8845],[78.6162,12.8768],[78.616,12.8682],[78.6032,12.8493],[78.6054,12.8438],[78.6073,12.8263],[78.6093,12.8219],[78.5999,12.8156],[78.6023,12.8087],[78.6014,12.8033],[78.5942,12.7961],[78.5946,12.787],[78.5936,12.7816],[78.5918,12.778],[78.5774,12.7698],[78.5786,12.7629],[78.5733,12.7634],[78.5698,12.7624],[78.5658,12.7568],[78.5626,12.7576],[78.5583,12.7564],[78.5572,12.7547],[78.562,12.7495],[78.5574,12.7394],[78.5626,12.737],[78.5657,12.7369],[78.564,12.7312],[78.56,12.7258],[78.5572,12.7182],[78.5611,12.7115],[78.564,12.7079],[78.5638,12.7052],[78.5598,12.7062],[78.5569,12.7034],[78.5595,12.6999],[78.5595,12.6964],[78.5565,12.6953],[78.5531,12.6958],[78.543,12.6907],[78.5395,12.6898],[78.5361,12.6905],[78.5319,12.6978],[78.5303,12.7031],[78.5326,12.7079],[78.5373,12.7055],[78.5392,12.7081],[78.5381,12.712],[78.5277,12.7143],[78.5279,12.7171],[78.524,12.7187],[78.5226,12.7324],[78.521,12.7305],[78.5191,12.7238],[78.5152,12.7241],[78.5148,12.7288],[78.5134,12.7322],[78.5087,12.7348],[78.5059,12.741],[78.5005,12.7426],[78.4959,12.7454],[78.4912,12.7407],[78.496,12.7337],[78.5031,12.7277],[78.5053,12.7219],[78.5207,12.7156],[78.5222,12.7125],[78.5215,12.7095],[78.5163,12.7087],[78.5156,12.704],[78.5096,12.7092],[78.5066,12.7144],[78.5051,12.7142],[78.5058,12.7086],[78.5047,12.7044],[78.4992,12.7033],[78.498,12.7012],[78.5012,12.6973],[78.5053,12.6965],[78.5051,12.6917],[78.5091,12.69],[78.5088,12.6872],[78.5058,12.6854],[78.5052,12.6803],[78.5003,12.6741],[78.4858,12.6699],[78.4693,12.6729],[78.4711,12.6494],[78.4747,12.6461],[78.4736,12.643],[78.4708,12.6422],[78.4718,12.6312],[78.4714,12.6281],[78.4665,12.6227],[78.4631,12.6264],[78.4592,12.6272],[78.4511,12.6276],[78.4366,12.6255],[78.43,12.6312],[78.424,12.6289],[78.4188,12.6281],[78.4114,12.6239],[78.4092,12.6242],[78.3977,12.6244],[78.3858,12.6236],[78.3799,12.6223],[78.3721,12.6256],[78.3599,12.6341],[78.3503,12.6423],[78.3408,12.6488],[78.3338,12.6476],[78.3201,12.6603],[78.3063,12.6645],[78.3018,12.6632],[78.3002,12.6669],[78.2983,12.6684],[78.2955,12.6779],[78.2784,12.6976],[78.2756,12.702],[78.2502,12.7025],[78.2438,12.7039],[78.2386,12.6994],[78.2378,12.6903],[78.2392,12.684],[78.2112,12.6857],[78.2064,12.69],[78.2009,12.6914],[78.2005,12.6936],[78.2098,12.6988],[78.2104,12.7],[78.2058,12.7053],[78.2071,12.7067],[78.2111,12.7063],[78.2143,12.7091],[78.2209,12.7093],[78.2249,12.7124],[78.2314,12.7134],[78.2383,12.7253],[78.24,12.7303],[78.2303,12.7571],[78.2316,12.7626],[78.2361,12.765],[78.2405,12.7721],[78.2464,12.7976],[78.2512,12.8132],[78.2528,12.8224],[78.252,12.8574],[78.2555,12.8611],[78.2596,12.8598],[78.2647,12.8596],[78.269,12.8657],[78.2735,12.8666],[78.2815,12.8606],[78.2866,12.8592],[78.3141,12.8573],[78.3172,12.8666],[78.3151,12.8759],[78.322,12.8755],[78.3326,12.873],[78.3337,12.878],[78.3385,12.8842],[78.3337,12.8863],[78.3324,12.8818],[78.3272,12.8823],[78.3219,12.8839],[78.3209,12.8866],[78.3243,12.8899],[78.3234,12.8934],[78.3244,12.8987],[78.3274,12.9027],[78.3331,12.8997],[78.3382,12.8994],[78.3493,12.9166],[78.3487,12.9232],[78.3492,12.9259],[78.355,12.9282],[78.3514,12.9321],[78.3517,12.935],[78.3564,12.9382],[78.372,12.9218],[78.3797,12.912],[78.3894,12.9054],[78.3945,12.9057],[78.3962,12.9065],[78.3995,12.9158],[78.4107,12.9065],[78.4141,12.9016],[78.4227,12.9012],[78.4285,12.8994],[78.4358,12.9037],[78.4361,12.9085],[78.4376,12.9124],[78.447,12.911],[78.4469,12.8992],[78.4495,12.8966],[78.4497,12.8901],[78.4577,12.8851],[78.4639,12.8759],[78.4634,12.8662],[78.4655,12.8636],[78.4682,12.8765],[78.4696,12.8901],[78.4674,12.9032],[78.4603,12.9071],[78.4541,12.9145],[78.4524,12.916],[78.4456,12.9186],[78.4371,12.9275],[78.4336,12.9277],[78.4281,12.9305],[78.4257,12.9278],[78.4251,12.9243],[78.4212,12.9168],[78.4187,12.9184],[78.4184,12.9255],[78.4141,12.9347],[78.4121,12.943],[78.4143,12.9456],[78.4217,12.948],[78.4225,12.9509],[78.4197,12.9543],[78.4202,12.9571],[78.4244,12.9551],[78.4275,12.9546],[78.4309,12.9569],[78.4316,12.9579],[78.4384,12.9608],[78.4349,12.9647],[78.4339,12.968],[78.433,12.973],[78.4337,12.9789],[78.4367,12.98],[78.4446,12.9791],[78.469,12.9736],[78.4687,12.981],[78.4705,12.9861],[78.4725,12.9894],[78.4665,13.0004],[78.4633,13.014],[78.4637,13.0189],[78.4614,13.0251],[78.4609,13.0361],[78.4626,13.0418],[78.466,13.0428],[78.4721,13.0423],[78.4757,13.0452],[78.4781,13.0516],[78.4821,13.0541],[78.4884,13.0535],[78.4921,13.0547],[78.4989,13.06],[78.5156,13.0631],[78.5158,13.0697],[78.5096,13.0801],[78.5106,13.0861],[78.5129,13.092],[78.5178,13.0945],[78.5248,13.095],[78.5258,13.1014],[78.539,13.1077],[78.5334,13.11],[78.5272,13.1111],[78.5221,13.1166],[78.5197,13.1235],[78.5197,13.1299],[78.5239,13.1305],[78.5324,13.1393],[78.5464,13.1411],[78.5477,13.1472],[78.5437,13.1524],[78.5446,13.1564],[78.5497,13.1619],[78.5578,13.1638],[78.569,13.1627],[78.5722,13.166],[78.5763,13.1672],[78.5801,13.1668],[78.5766,13.1821],[78.5743,13.1877],[78.5703,13.1901],[78.5644,13.1902],[78.5578,13.1889],[78.5534,13.1904],[78.5519,13.1975],[78.5642,13.1995],[78.5693,13.2025],[78.571,13.2085],[78.5768,13.2112],[78.5796,13.2146],[78.5752,13.2183],[78.5681,13.2223],[78.5697,13.2374],[78.5707,13.2436],[78.5741,13.2487],[78.5794,13.2538],[78.583,13.2589],[78.5883,13.2723],[78.5869,13.2774],[78.578,13.282],[78.5752,13.2936],[78.5723,13.2982],[78.5708,13.3035],[78.5664,13.3096],[78.5649,13.3085],[78.564,13.2948],[78.5614,13.2862],[78.5579,13.2828],[78.5544,13.2834],[78.5463,13.2862],[78.5395,13.286],[78.5364,13.2794],[78.5345,13.2708],[78.5315,13.2657],[78.5262,13.2673],[78.5227,13.2701],[78.519,13.2796],[78.5146,13.2825],[78.5118,13.2873],[78.5059,13.2893],[78.4941,13.2981],[78.4831,13.3011],[78.4808,13.3039],[78.4823,13.3179],[78.4769,13.3201],[78.4711,13.3179],[78.4647,13.3141],[78.4584,13.3128],[78.4518,13.3094],[78.4465,13.3083],[78.4408,13.3177],[78.4395,13.327],[78.4349,13.329],[78.4312,13.3289],[78.4257,13.327],[78.4175,13.3199],[78.4125,13.3172],[78.4017,13.3135],[78.3933,13.3239],[78.3895,13.3266],[78.3855,13.3283],[78.3773,13.3298],[78.3782,13.3382],[78.3816,13.3422],[78.3879,13.3411],[78.3857,13.3362],[78.3893,13.3343],[78.3949,13.3333],[78.3988,13.3282],[78.4016,13.3335],[78.4056,13.3324],[78.4077,13.3421],[78.4029,13.3453],[78.3952,13.348],[78.394,13.3521],[78.3851,13.3561],[78.3785,13.358],[78.3743,13.358],[78.3708,13.3567],[78.3667,13.3564],[78.3654,13.3647],[78.37,13.374],[78.3747,13.3802],[78.3789,13.3895],[78.3815,13.4007],[78.3815,13.4069],[78.3797,13.4186],[78.3775,13.4246],[78.3755,13.434],[78.3772,13.4409],[78.3743,13.4475],[78.3743,13.4552],[78.3727,13.4617],[78.3737,13.4688],[78.3774,13.4764],[78.3775,13.4915],[78.3783,13.4993],[78.3773,13.5047],[78.3796,13.5095],[78.3842,13.5151],[78.3831,13.5218],[78.3955,13.5412],[78.396,13.5535],[78.4077,13.5757],[78.4039,13.5802],[78.4007,13.5876],[78.3902,13.5908],[78.377,13.5897],[78.3713,13.5883],[78.3535,13.5872],[78.3326,13.5923],[78.3223,13.5928],[78.3016,13.5881],[78.2903,13.5869],[78.2751,13.5875],[78.2679,13.5845],[78.2593,13.5835],[78.2462,13.5937],[78.2373,13.5964],[78.2322,13.5862],[78.228,13.5871],[78.2244,13.5892],[78.2181,13.591],[78.212,13.5771],[78.2054,13.5698],[78.1996,13.5662],[78.1986,13.5655],[78.1928,13.5655],[78.1911,13.5682],[78.1896,13.5733],[78.1906,13.5828],[78.189,13.588],[78.1981,13.5975],[78.2032,13.604],[78.2049,13.6106],[78.2034,13.6252],[78.1953,13.6302],[78.175,13.63],[78.1699,13.6324],[78.1683,13.6541],[78.1651,13.6576],[78.1555,13.6586],[78.1384,13.6572],[78.1325,13.6578],[78.1251,13.6545],[78.1166,13.6559],[78.1031,13.6491],[78.0998,13.6418],[78.0955,13.6423],[78.0899,13.6441],[78.0888,13.6533],[78.0892,13.6592],[78.0819,13.6639],[78.075,13.6732],[78.0674,13.6757],[78.07,13.6805],[78.0732,13.6833],[78.0745,13.6888],[78.0717,13.6943],[78.0731,13.6969],[78.0943,13.6894],[78.109,13.6914],[78.1145,13.6932],[78.1164,13.7071],[78.119,13.7127],[78.1185,13.719],[78.1146,13.7234],[78.1095,13.7268],[78.1065,13.7319],[78.1024,13.7363],[78.094,13.7422],[78.0983,13.7517],[78.1044,13.759],[78.1102,13.7617],[78.1156,13.7655],[78.1201,13.7705],[78.1273,13.7856],[78.1349,13.7832],[78.1446,13.7818],[78.158,13.7858],[78.1683,13.784],[78.1892,13.7874],[78.202,13.7853],[78.2071,13.7823],[78.2227,13.7815],[78.2297,13.7802],[78.2415,13.7833],[78.2574,13.7916],[78.2625,13.7972],[78.2594,13.8027],[78.2561,13.8066],[78.2542,13.817],[78.2556,13.8271],[78.2543,13.8327],[78.2499,13.8397],[78.2443,13.8468],[78.2458,13.8508],[78.2585,13.8547],[78.261,13.8574],[78.2654,13.8587],[78.2658,13.865],[78.2682,13.868],[78.27,13.874],[78.2736,13.8781],[78.275,13.8829],[78.275,13.8869],[78.2773,13.8917],[78.2755,13.8953],[78.2833,13.8957],[78.2885,13.893],[78.2937,13.8915],[78.2972,13.8932],[78.2997,13.903],[78.3029,13.9072],[78.3076,13.9098],[78.3133,13.9151],[78.3223,13.9191],[78.3304,13.918],[78.3328,13.9195],[78.3362,13.9269],[78.3389,13.936],[78.3489,13.9354],[78.3661,13.951],[78.3721,13.9545],[78.3739,13.9511],[78.3736,13.9459],[78.3764,13.9424],[78.3834,13.9401],[78.3876,13.9407],[78.3996,13.9525],[78.4169,13.9628],[78.4231,13.9695],[78.4277,13.9778],[78.4323,13.9793],[78.4405,13.9806],[78.4568,13.9861],[78.4656,13.9939],[78.4681,13.9903],[78.4717,13.987],[78.474,13.9818],[78.4694,13.9681],[78.4698,13.9591],[78.4737,13.9525],[78.4857,13.946],[78.4917,13.9393],[78.496,13.9387],[78.5006,13.9446],[78.5041,13.9536],[78.5085,13.9596],[78.5188,13.9652],[78.5218,13.972],[78.5408,13.9836],[78.546,13.9902],[78.5655,13.9885],[78.5713,13.9853],[78.5773,13.9837],[78.5836,13.983],[78.5807,13.9745],[78.577,13.9684],[78.5721,13.9625],[78.5905,13.9567],[78.5986,13.9581],[78.5959,13.9499],[78.5904,13.9278],[78.5886,13.9176],[78.5884,13.9106],[78.5977,13.9108],[78.6082,13.9108],[78.6258,13.906],[78.6357,13.9065],[78.6375,13.9028],[78.6533,13.9076],[78.6569,13.9061],[78.6563,13.8989],[78.6444,13.8878],[78.644,13.8799],[78.6419,13.8738],[78.645,13.868],[78.6582,13.8678],[78.6726,13.8688],[78.6872,13.8702],[78.6987,13.8723],[78.7061,13.8762],[78.7074,13.8846],[78.7153,13.8874],[78.7241,13.8862],[78.7318,13.8808],[78.7389,13.8742],[78.7416,13.8697],[78.7457,13.8678],[78.7509,13.8584],[78.7512,13.8534],[78.753,13.8465],[78.7587,13.8371],[78.7667,13.8292],[78.7724,13.8277],[78.7791,13.8275],[78.784,13.8301],[78.7843,13.8373],[78.7886,13.8497],[78.7867,13.8587],[78.7831,13.8643],[78.7841,13.8668],[78.7996,13.8788],[78.8105,13.8812],[78.8595,13.8867],[78.8698,13.8937],[78.8826,13.897],[78.9006,13.8953],[78.9242,13.8974],[78.9366,13.8961],[78.9408,13.887],[78.9509,13.8844],[78.961,13.8864],[78.9739,13.8867],[78.981,13.8878],[78.9847,13.8892],[78.9894,13.8993],[78.9912,13.9085],[78.9942,13.9091],[78.9999,13.9084],[79.0063,13.9072],[79.0098,13.9032],[79.0269,13.8964],[79.0282,13.8883],[79.0307,13.8869],[79.0462,13.8837],[79.0597,13.8793],[79.0661,13.8783],[79.0728,13.879],[79.0809,13.8775],[79.0872,13.8747],[79.0916,13.8686],[79.101,13.8482],[79.1105,13.8471],[79.1222,13.848],[79.1323,13.851],[79.1506,13.8599],[79.1542,13.8555],[79.1849,13.8327],[79.2128,13.8143],[79.2182,13.8098],[79.2121,13.8064],[79.2023,13.805],[79.1945,13.7986],[79.192,13.793],[79.1957,13.79],[79.2008,13.783],[79.2167,13.772],[79.2209,13.7662],[79.2234,13.7611],[79.2271,13.7566],[79.233,13.7534],[79.2376,13.7525],[79.2454,13.7589],[79.2574,13.758],[79.2883,13.7594],[79.2951,13.7573],[79.3007,13.7461],[79.3052,13.7301],[79.3113,13.7234],[79.3525,13.7411],[79.3819,13.7562],[79.389,13.7589],[79.3955,13.7582],[79.4115,13.7594],[79.4193,13.7609],[79.4221,13.7695],[79.4227,13.78],[79.4271,13.7828],[79.4388,13.7795],[79.4503,13.7786],[79.4565,13.7809],[79.4622,13.7851],[79.468,13.7917],[79.4724,13.7949],[79.4666,13.7968],[79.4605,13.8009],[79.4538,13.827],[79.4498,13.8384],[79.4383,13.8597],[79.4355,13.8688],[79.4369,13.8775],[79.4445,13.8889],[79.4508,13.8917],[79.4742,13.8962],[79.4782,13.9058],[79.4812,13.9098],[79.5031,13.9093],[79.5297,13.9133],[79.5429,13.9133],[79.5542,13.9119],[79.5891,13.9186],[79.5973,13.9146],[79.5974,13.8994],[79.5963,13.8894],[79.5983,13.8879],[79.6088,13.8857],[79.6226,13.8847],[79.6259,13.8759],[79.6273,13.8696],[79.6252,13.8635],[79.6207,13.8593],[79.6158,13.8576],[79.6116,13.8541],[79.6156,13.8487],[79.6272,13.8415],[79.6348,13.843],[79.6453,13.8391],[79.6559,13.8363],[79.6705,13.8345],[79.672,13.8415],[79.6722,13.8576],[79.6747,13.8671],[79.6757,13.8766],[79.6732,13.8822],[79.6718,13.8894],[79.6749,13.9004],[79.6781,13.9076],[79.6819,13.9228],[79.6856,13.9208],[79.6928,13.9144],[79.7101,13.9081],[79.7262,13.9053],[79.7315,13.9013],[79.7339,13.8892],[79.7303,13.8669],[79.7333,13.8591],[79.745,13.8549],[79.7639,13.8503],[79.7719,13.8495],[79.7756,13.8565],[79.7774,13.863],[79.7839,13.8631],[79.7887,13.8727],[79.7863,13.8786],[79.7881,13.89],[79.7883,13.8964],[79.787,13.9022],[79.7903,13.9104],[79.8022,13.9208],[79.8077,13.9234],[79.8119,13.9241],[79.8149,13.909],[79.818,13.9044],[79.8252,13.8998],[79.8279,13.8944],[79.8297,13.885],[79.8336,13.8821],[79.8377,13.8748],[79.8369,13.8673],[79.8382,13.8614],[79.8427,13.8555],[79.8467,13.8536],[79.8532,13.8583],[79.8581,13.8655],[79.8619,13.8696],[79.8709,13.8684],[79.8779,13.8653],[79.8831,13.855],[79.885,13.8476],[79.883,13.8416],[79.8815,13.8313],[79.8815,13.8231],[79.8796,13.8045],[79.8773,13.7959],[79.8767,13.7836],[79.8732,13.776],[79.8681,13.7722],[79.8635,13.7695],[79.8595,13.77],[79.8557,13.7691],[79.8529,13.7671],[79.8523,13.759],[79.8584,13.7556],[79.8617,13.7489],[79.8608,13.7419],[79.8648,13.7374],[79.8673,13.7312],[79.8664,13.7201],[79.8683,13.7134],[79.8715,13.7075],[79.8806,13.7052],[79.8861,13.7018],[79.8937,13.7009],[79.9064,13.7013],[79.9104,13.7039],[79.9193,13.7043],[79.9492,13.7077],[79.9587,13.7068],[79.9602,13.7003],[79.9688,13.6944],[79.974,13.69],[79.9746,13.6879],[79.9693,13.679],[79.9637,13.6734],[79.9612,13.6664],[79.9685,13.6524],[79.9733,13.6463],[79.9809,13.6445],[79.9909,13.6474],[80.0001,13.644],[80.0019,13.6431],[80.0035,13.6374],[80.0045,13.6241],[80.0062,13.6196],[80.0119,13.6128],[80.0125,13.6086],[80.0181,13.6088],[80.0192,13.6008],[80.0166,13.5961],[80.0248,13.5961],[80.0243,13.5776],[80.0384,13.579],[80.0416,13.5773],[80.0427,13.5757],[80.0467,13.5754],[80.0522,13.5585],[80.0466,13.5549],[80.0411,13.5533],[80.042,13.5366],[80.03,13.5381],[80.0269,13.5414],[80.0202,13.5453],[80.0066,13.5425],[80.0021,13.5396],[80.0017,13.5319],[80.0022,13.5259],[80.0026,13.523],[80.0129,13.5253],[80.0187,13.528],[80.0209,13.5212],[80.0261,13.5169],[80.0316,13.5146],[80.0381,13.517],[80.0453,13.5149],[80.0495,13.5124],[80.0497,13.5059],[80.0486,13.4975],[80.0374,13.4997],[80.0314,13.4994],[80.0184,13.5007],[80.0182,13.4993]],[[79.8451,13.3307],[79.8414,13.3264],[79.8428,13.3233],[79.8461,13.323],[79.8451,13.3307]]]},"properties":{"district_name":"Chittoor","raw_district_name":"Chittoor","state_code":"AP","state_name":"Andhra Pradesh","census_code":554,"data_source":"DataMeet India Maps (Census 2011 Boundaries)"}},{"type":"Feature","geometry":{"type":"Polygon","coordinates":[[[79.0764,15.0547],[79.0733,15.0318],[79.074,15.0001],[79.0742,15.0001],[79.0747,14.9897],[79.0726,14.9802],[79.0717,14.9707],[79.073,14.9618],[79.0778,14.9538],[79.0813,14.9415],[79.0837,14.9266],[79.0867,14.9156],[79.0913,14.9033],[79.0935,14.8921],[79.0981,14.8895],[79.1041,14.8882],[79.1028,14.8846],[79.1083,14.8776],[79.1163,14.8714],[79.1223,14.8654],[79.1276,14.8577],[79.1332,14.846],[79.141,14.8195],[79.1413,14.7979],[79.1431,14.7879],[79.1486,14.7775],[79.1544,14.7705],[79.1602,14.7598],[79.1633,14.7521],[79.1632,14.7421],[79.1675,14.7299],[79.1769,14.7138],[79.1791,14.6872],[79.1781,14.6841],[79.1706,14.6798],[79.1688,14.6772],[79.1749,14.6647],[79.1715,14.6594],[79.1748,14.6573],[79.1754,14.6425],[79.1783,14.6296],[79.1794,14.6218],[79.1829,14.6144],[79.1914,14.6106],[79.1949,14.6069],[79.1979,14.6009],[79.2064,14.5957],[79.2146,14.5877],[79.2233,14.5963],[79.2304,14.5948],[79.2362,14.5879],[79.2402,14.5789],[79.249,14.5594],[79.2643,14.5446],[79.274,14.5282],[79.2905,14.4849],[79.2954,14.4797],[79.3057,14.4776],[79.3175,14.4693],[79.3223,14.4598],[79.3231,14.4502],[79.3274,14.4301],[79.331,14.4222],[79.3454,14.4004],[79.3589,14.3783],[79.3623,14.3697],[79.3647,14.3551],[79.3723,14.3504],[79.3821,14.3463],[79.3878,14.342],[79.3956,14.3234],[79.4028,14.3113],[79.4098,14.3029],[79.4141,14.2963],[79.418,14.2863],[79.4188,14.2657],[79.4291,14.2487],[79.4295,14.2386],[79.4256,14.2275],[79.4246,14.2165],[79.4269,14.2047],[79.4319,14.1935],[79.4316,14.1909],[79.4316,14.1786],[79.4378,14.1457],[79.4398,14.1283],[79.4419,14.1212],[79.4458,14.1151],[79.4519,14.1075],[79.4528,14.1033],[79.4508,14.0967],[79.4501,14.0791],[79.4478,14.0737],[79.4412,14.0639],[79.4413,14.0541],[79.4368,14.0372],[79.4348,14.027],[79.4339,14.0185],[79.4376,14.0087],[79.4434,14.0004],[79.4443,13.9927],[79.4505,13.9913],[79.453,13.989],[79.4552,13.9836],[79.4517,13.9656],[79.4538,13.9588],[79.4536,13.9525],[79.4577,13.9492],[79.4593,13.9449],[79.4576,13.9381],[79.4565,13.9206],[79.4532,13.915],[79.448,13.9101],[79.4452,13.9034],[79.4412,13.8973],[79.4445,13.8889],[79.4369,13.8775],[79.4355,13.8688],[79.4383,13.8597],[79.4498,13.8384],[79.4538,13.827],[79.4605,13.8009],[79.4666,13.7968],[79.4724,13.7949],[79.468,13.7917],[79.4622,13.7851],[79.4565,13.7809],[79.4503,13.7786],[79.4388,13.7795],[79.4271,13.7828],[79.4227,13.78],[79.4221,13.7695],[79.4193,13.7609],[79.4115,13.7594],[79.3955,13.7582],[79.389,13.7589],[79.3819,13.7562],[79.3525,13.7411],[79.3113,13.7234],[79.3052,13.7301],[79.3007,13.7461],[79.2951,13.7573],[79.2883,13.7594],[79.2574,13.758],[79.2454,13.7589],[79.2376,13.7525],[79.233,13.7534],[79.2271,13.7566],[79.2234,13.7611],[79.2209,13.7662],[79.2167,13.772],[79.2008,13.783],[79.1957,13.79],[79.192,13.793],[79.1945,13.7986],[79.2023,13.805],[79.2121,13.8064],[79.2182,13.8098],[79.2128,13.8143],[79.1849,13.8327],[79.1542,13.8555],[79.1506,13.8599],[79.1323,13.851],[79.1222,13.848],[79.1105,13.8471],[79.101,13.8482],[79.0916,13.8686],[79.0872,13.8747],[79.0809,13.8775],[79.0728,13.879],[79.0661,13.8783],[79.0597,13.8793],[79.0462,13.8837],[79.0307,13.8869],[79.0282,13.8883],[79.0269,13.8964],[79.0098,13.9032],[79.0063,13.9072],[78.9999,13.9084],[78.9942,13.9091],[78.9912,13.9085],[78.9894,13.8993],[78.9847,13.8892],[78.981,13.8878],[78.9739,13.8867],[78.961,13.8864],[78.9509,13.8844],[78.9408,13.887],[78.9366,13.8961],[78.9242,13.8974],[78.9006,13.8953],[78.8826,13.897],[78.8698,13.8937],[78.8595,13.8867],[78.8105,13.8812],[78.7996,13.8788],[78.7841,13.8668],[78.7831,13.8643],[78.7867,13.8587],[78.7886,13.8497],[78.7843,13.8373],[78.784,13.8301],[78.7791,13.8275],[78.7724,13.8277],[78.7667,13.8292],[78.7587,13.8371],[78.753,13.8465],[78.7512,13.8534],[78.7509,13.8584],[78.7457,13.8678],[78.7416,13.8697],[78.7389,13.8742],[78.7318,13.8808],[78.7241,13.8862],[78.7153,13.8874],[78.7074,13.8846],[78.7061,13.8762],[78.6987,13.8723],[78.6872,13.8702],[78.6726,13.8688],[78.6582,13.8678],[78.645,13.868],[78.6419,13.8738],[78.644,13.8799],[78.6444,13.8878],[78.6563,13.8989],[78.6569,13.9061],[78.6533,13.9076],[78.6375,13.9028],[78.6357,13.9065],[78.6258,13.906],[78.6082,13.9108],[78.5977,13.9108],[78.5884,13.9106],[78.5886,13.9176],[78.5904,13.9278],[78.5959,13.9499],[78.5986,13.9581],[78.5905,13.9567],[78.5721,13.9625],[78.577,13.9684],[78.5807,13.9745],[78.5836,13.983],[78.5773,13.9837],[78.5713,13.9853],[78.5655,13.9885],[78.546,13.9902],[78.5408,13.9836],[78.5218,13.972],[78.5188,13.9652],[78.5085,13.9596],[78.5041,13.9536],[78.5006,13.9446],[78.496,13.9387],[78.4917,13.9393],[78.4857,13.946],[78.4737,13.9525],[78.4698,13.9591],[78.4694,13.9681],[78.474,13.9818],[78.4717,13.987],[78.4681,13.9903],[78.4656,13.9939],[78.4662,14.0004],[78.4711,14.0108],[78.4665,14.0137],[78.4515,14.0169],[78.4431,14.0228],[78.4426,14.0289],[78.4461,14.0486],[78.4495,14.0553],[78.4525,14.0676],[78.451,14.0756],[78.4472,14.0814],[78.4479,14.0896],[78.4548,14.0893],[78.4621,14.0963],[78.4649,14.1041],[78.4651,14.113],[78.453,14.1361],[78.4329,14.1475],[78.4284,14.155],[78.4254,14.1664],[78.4263,14.1749],[78.4332,14.1902],[78.4338,14.1984],[78.4263,14.2058],[78.423,14.2012],[78.4153,14.2026],[78.41,14.2077],[78.4138,14.2362],[78.4237,14.268],[78.4258,14.2793],[78.4029,14.2816],[78.3936,14.284],[78.3652,14.2873],[78.3321,14.2893],[78.3184,14.2919],[78.2975,14.2984],[78.2869,14.3049],[78.2645,14.3113],[78.2565,14.3121],[78.246,14.3153],[78.2355,14.3225],[78.2265,14.3317],[78.2174,14.3427],[78.2068,14.3474],[78.1929,14.3556],[78.1784,14.3606],[78.1513,14.3737],[78.1399,14.3823],[78.1098,14.4088],[78.0617,14.4472],[78.0513,14.4563],[78.0376,14.4639],[78.0234,14.4801],[78.0139,14.4885],[78,14.4984],[77.9965,14.5011],[77.9948,14.506],[77.9916,14.509],[77.9849,14.5167],[77.977,14.5248],[77.9755,14.5305],[77.9796,14.5355],[77.9751,14.5407],[77.9707,14.5473],[77.9626,14.5558],[77.953,14.5598],[77.9473,14.5667],[77.955,14.5734],[77.9603,14.576],[77.9637,14.5787],[77.9667,14.5835],[77.9699,14.5756],[77.9746,14.5718],[77.9848,14.5601],[77.9845,14.5458],[77.9875,14.5405],[77.9924,14.5398],[77.9985,14.5406],[78,14.5397],[78.0226,14.5411],[78.0279,14.539],[78.0381,14.5373],[78.0472,14.5386],[78.0537,14.5477],[78.0537,14.5588],[78.0552,14.5638],[78.0639,14.5693],[78.0721,14.5723],[78.0785,14.5789],[78.0832,14.5925],[78.088,14.6021],[78.0946,14.6198],[78.0975,14.6254],[78.105,14.6288],[78.1114,14.6296],[78.1277,14.6248],[78.134,14.6284],[78.1293,14.6343],[78.1351,14.6413],[78.1376,14.6459],[78.1371,14.6623],[78.1404,14.6689],[78.1441,14.6843],[78.1403,14.694],[78.131,14.6977],[78.1237,14.6941],[78.1172,14.6944],[78.1116,14.7025],[78.107,14.7027],[78.1061,14.7112],[78.1037,14.7164],[78.0971,14.7205],[78.0908,14.7216],[78.0813,14.7202],[78.0743,14.7209],[78.0759,14.728],[78.0844,14.7413],[78.0865,14.7488],[78.0854,14.7555],[78.0765,14.7582],[78.0701,14.765],[78.0563,14.7768],[78.0603,14.7834],[78.0668,14.791],[78.0745,14.8028],[78.0793,14.8112],[78.0827,14.8211],[78.0868,14.8264],[78.0926,14.8237],[78.1052,14.8196],[78.1114,14.8259],[78.1169,14.846],[78.1169,14.8559],[78.108,14.8569],[78.0996,14.8604],[78.0997,14.8728],[78.1189,14.9272],[78.1257,14.9337],[78.1371,14.9361],[78.1438,14.9401],[78.1443,14.9453],[78.1555,14.9511],[78.1615,14.9529],[78.1657,14.9571],[78.179,14.9592],[78.1888,14.9591],[78.2155,14.954],[78.2267,14.9484],[78.2372,14.9545],[78.2408,14.9609],[78.244,14.986],[78.2482,15.0003],[78.2544,15.0054],[78.2589,15.0109],[78.2671,15.0236],[78.2743,15.0277],[78.2832,15.0291],[78.2872,15.0327],[78.2894,15.0401],[78.289,15.0477],[78.2832,15.0543],[78.2844,15.0617],[78.2889,15.0678],[78.2964,15.0728],[78.3127,15.0698],[78.3367,15.0678],[78.3573,15.0642],[78.3691,15.0612],[78.3741,15.0572],[78.3854,15.0574],[78.3951,15.0541],[78.3957,15.0465],[78.393,15.0422],[78.3853,15.0395],[78.381,15.0357],[78.377,15.0281],[78.3714,15.0274],[78.3635,15.0294],[78.3597,15.0278],[78.3557,15.0145],[78.3493,15.0004],[78.3503,14.9933],[78.3548,14.9892],[78.3654,14.9841],[78.3739,14.9813],[78.3862,14.9732],[78.3936,14.9674],[78.4071,14.9614],[78.4132,14.9638],[78.4158,14.9752],[78.4163,14.9856],[78.4176,14.9943],[78.4209,15.0004],[78.4262,15.0271],[78.4302,15.0339],[78.4388,15.034],[78.4429,15.0356],[78.4493,15.0358],[78.4557,15.0323],[78.4651,15.0346],[78.4717,15.0385],[78.479,15.0376],[78.4881,15.0351],[78.4952,15.0372],[78.4906,15.0484],[78.4895,15.0581],[78.4949,15.0632],[78.4988,15.0679],[78.5109,15.068],[78.5223,15.0658],[78.526,15.0584],[78.5285,15.0432],[78.5287,15.0324],[78.5265,15.0157],[78.5261,15.0004],[78.5205,14.9921],[78.5168,14.9793],[78.5151,14.9684],[78.5094,14.9574],[78.5031,14.9505],[78.4956,14.9382],[78.4855,14.9119],[78.4825,14.9003],[78.4919,14.9008],[78.494,14.9043],[78.496,14.9108],[78.5015,14.9181],[78.5091,14.9239],[78.5186,14.9338],[78.5249,14.9441],[78.5349,14.9559],[78.5475,14.9603],[78.5529,14.9567],[78.552,14.9494],[78.5516,14.9332],[78.5557,14.9259],[78.5633,14.9266],[78.5712,14.9287],[78.5845,14.9353],[78.5908,14.9367],[78.5979,14.9413],[78.6037,14.9486],[78.609,14.949],[78.6138,14.9445],[78.6228,14.9446],[78.6301,14.942],[78.634,14.9367],[78.6339,14.9265],[78.6362,14.9235],[78.6653,14.93],[78.6713,14.9286],[78.6853,14.9367],[78.6882,14.9435],[78.6891,14.9514],[78.6917,14.9632],[78.6937,14.9643],[78.7072,14.9619],[78.7187,14.9654],[78.7201,14.976],[78.7172,14.9932],[78.719,15.0003],[78.7208,15.0129],[78.7199,15.0213],[78.7305,15.0225],[78.7406,15.0256],[78.7476,15.0289],[78.7553,15.0352],[78.7628,15.0383],[78.7601,15.0517],[78.765,15.0577],[78.7695,15.0648],[78.7669,15.0729],[78.7605,15.0873],[78.7607,15.0959],[78.7599,15.1052],[78.7692,15.1689],[78.7688,15.178],[78.7696,15.1857],[78.7739,15.1887],[78.7819,15.1977],[78.7888,15.2018],[78.7968,15.2049],[78.823,15.2081],[78.8299,15.208],[78.8561,15.2037],[78.8735,15.2022],[78.9057,15.1975],[78.9232,15.1964],[78.9301,15.2019],[78.9353,15.2187],[78.9388,15.2266],[78.9448,15.235],[78.9496,15.2371],[78.9524,15.2251],[78.9548,15.203],[78.9593,15.1937],[78.9624,15.1798],[78.9706,15.1723],[78.9788,15.169],[78.9929,15.168],[79.0001,15.173],[79.0073,15.1819],[79.0224,15.1828],[79.0306,15.1802],[79.0381,15.1791],[79.0488,15.1777],[79.0595,15.1781],[79.0681,15.1763],[79.0658,15.1687],[79.0613,15.1589],[79.0577,15.1419],[79.063,15.1147],[79.0658,15.0945],[79.0688,15.0873],[79.0764,15.0547]]]},"properties":{"district_name":"Y.s.r.","raw_district_name":"Y.s.r.","state_code":"AP","state_name":"Andhra Pradesh","census_code":551,"data_source":"DataMeet India Maps (Census 2011 Boundaries)"}},{"type":"Feature","geometry":{"type":"Polygon","coordinates":[[[82.0102,17.9636],[82.0137,17.9562],[82.0218,17.9504],[82.0267,17.9455],[82.0314,17.9369],[82.0305,17.9301],[82.0274,17.9232],[82.0096,17.9019],[82.0061,17.8954],[82.0033,17.8857],[82.007,17.8809],[82.0133,17.8705],[82.0156,17.8633],[82.0211,17.8558],[82.0218,17.8509],[82.021,17.8453],[82.0194,17.842],[82.0149,17.8392],[82.0088,17.8468],[82,17.8496],[81.9924,17.851],[81.9881,17.8494],[81.9776,17.8421],[81.9728,17.8332],[81.9696,17.8243],[81.9674,17.8201],[81.9626,17.8163],[81.9566,17.8143],[81.9318,17.8095],[81.9292,17.8084],[81.9266,17.8025],[81.9244,17.8006],[81.9091,17.7916],[81.8967,17.7811],[81.8921,17.7799],[81.8866,17.7747],[81.8771,17.7631],[81.8733,17.7585],[81.8679,17.754],[81.8669,17.7522],[81.8677,17.7497],[81.8711,17.7455],[81.8777,17.7427],[81.8825,17.7412],[81.8985,17.7445],[81.9044,17.7434],[81.9106,17.7405],[81.928,17.7432],[81.9366,17.7399],[81.9543,17.7412],[81.9621,17.744],[81.9698,17.7445],[81.9736,17.746],[81.9741,17.7489],[81.9653,17.7516],[81.9642,17.7561],[81.9671,17.7611],[81.974,17.7632],[81.9809,17.7666],[81.9854,17.7675],[81.9967,17.7643],[82,17.7631],[82.0085,17.7632],[82.0175,17.7598],[82.0193,17.7567],[82.016,17.7529],[82.015,17.7503],[82.019,17.7432],[82.0305,17.7295],[82.034,17.7222],[82.0338,17.7127],[82.0282,17.6998],[82.0307,17.6872],[82.0273,17.6825],[82.0226,17.6786],[82.0231,17.6732],[82.0192,17.6644],[82.0056,17.6613],[82.0099,17.6538],[82.0103,17.6478],[82.0084,17.6422],[82.0033,17.6362],[82.0155,17.6185],[82.0201,17.6166],[82.031,17.6321],[82.0387,17.6365],[82.0467,17.639],[82.0574,17.6397],[82.0656,17.638],[82.0909,17.6526],[82.1018,17.6539],[82.1282,17.6543],[82.1368,17.65],[82.1399,17.6437],[82.1414,17.6358],[82.1546,17.6209],[82.1628,17.6151],[82.1784,17.6107],[82.1858,17.6137],[82.1928,17.623],[82.1988,17.6291],[82.2088,17.635],[82.2173,17.638],[82.2288,17.6367],[82.2384,17.632],[82.2441,17.6251],[82.2527,17.6226],[82.2604,17.6241],[82.2682,17.6227],[82.2746,17.6186],[82.2793,17.6138],[82.288,17.6085],[82.2965,17.6049],[82.2992,17.6007],[82.3051,17.5957],[82.3102,17.5931],[82.3153,17.5891],[82.3205,17.5875],[82.3269,17.588],[82.3375,17.5904],[82.3444,17.5845],[82.3471,17.5791],[82.3433,17.575],[82.3362,17.5702],[82.3318,17.559],[82.3323,17.5486],[82.3353,17.5381],[82.3384,17.5321],[82.3356,17.5189],[82.3324,17.5158],[82.3351,17.5112],[82.3477,17.4995],[82.3521,17.4982],[82.3594,17.5126],[82.3648,17.518],[82.37,17.5189],[82.3716,17.5147],[82.3713,17.4965],[82.3721,17.4889],[82.3779,17.485],[82.3969,17.4827],[82.4116,17.4727],[82.4272,17.4764],[82.44,17.4769],[82.4433,17.4813],[82.4511,17.4825],[82.4564,17.4874],[82.4567,17.5127],[82.4596,17.5142],[82.4655,17.5157],[82.4693,17.5199],[82.4668,17.5324],[82.4675,17.5369],[82.4707,17.5382],[82.4779,17.5352],[82.4771,17.5249],[82.4816,17.5231],[82.4837,17.5087],[82.4899,17.5066],[82.4951,17.5092],[82.4998,17.5153],[82.5037,17.5105],[82.5144,17.5092],[82.5367,17.5137],[82.5429,17.5164],[82.5513,17.5258],[82.5573,17.5251],[82.5601,17.5204],[82.5609,17.5084],[82.5636,17.504],[82.574,17.4916],[82.5791,17.4873],[82.5818,17.4855],[82.583,17.4857],[82.5988,17.4749],[82.604,17.4691],[82.6042,17.4627],[82.5963,17.4474],[82.5901,17.4389],[82.568,17.4222],[82.5585,17.4054],[82.5557,17.3973],[82.5538,17.3916],[82.5562,17.3875],[82.5636,17.3691],[82.5644,17.3636],[82.5634,17.3534],[82.56,17.3438],[82.5559,17.3385],[82.5512,17.3359],[82.5417,17.3343],[82.5392,17.3312],[82.5358,17.319],[82.5312,17.3158],[82.5267,17.3101],[82.5235,17.3013],[82.5228,17.2925],[82.5245,17.2854],[82.5272,17.2814],[82.5323,17.2792],[82.5391,17.2748],[82.5424,17.2698],[82.5495,17.248],[82.5486,17.2478],[82.547,17.2458],[82.5387,17.2394],[82.5247,17.2293],[82.5233,17.2277],[82.5191,17.2239],[82.518,17.2234],[82.5175,17.2224],[82.5163,17.2212],[82.5121,17.2172],[82.5079,17.2126],[82.487,17.1964],[82.4625,17.1752],[82.4455,17.1641],[82.4411,17.16],[82.4379,17.1561],[82.4326,17.1508],[82.4294,17.1476],[82.4256,17.1438],[82.4253,17.1428],[82.4244,17.141],[82.4226,17.14],[82.42,17.1371],[82.4184,17.1353],[82.41,17.1267],[82.399,17.119],[82.3951,17.1151],[82.3896,17.1105],[82.3878,17.1095],[82.3869,17.1088],[82.3841,17.105],[82.3817,17.1027],[82.3797,17.1014],[82.3774,17.0986],[82.3769,17.0982],[82.3711,17.0936],[82.3708,17.0929],[82.3671,17.0894],[82.3661,17.0882],[82.365,17.0855],[82.3617,17.0825],[82.361,17.0823],[82.3606,17.0811],[82.3601,17.08],[82.3567,17.0772],[82.3556,17.0757],[82.3542,17.0739],[82.3492,17.0693],[82.3473,17.0676],[82.3365,17.0591],[82.3311,17.0533],[82.327,17.0502],[82.3232,17.0455],[82.3142,17.0373],[82.3059,17.0296],[82.3023,17.0256],[82.3011,17.0242],[82.2962,17.0138],[82.2921,17.0084],[82.2905,17.0054],[82.2888,17.0035],[82.2836,16.9956],[82.2832,16.9936],[82.2811,16.9866],[82.2806,16.9855],[82.2796,16.9839],[82.2788,16.9709],[82.2724,16.9514],[82.2703,16.9359],[82.2697,16.9334],[82.269,16.9325],[82.2663,16.931],[82.2594,16.933],[82.2532,16.9321],[82.2529,16.9313],[82.2516,16.9247],[82.251,16.9231],[82.2511,16.912],[82.2504,16.9089],[82.2498,16.9062],[82.2487,16.897],[82.2495,16.8909],[82.2513,16.8871],[82.2544,16.8859],[82.2606,16.885],[82.2623,16.8835],[82.2648,16.8777],[82.2666,16.8719],[82.2674,16.8714],[82.269,16.8684],[82.2697,16.8671],[82.2724,16.866],[82.2736,16.8658],[82.278,16.8687],[82.2796,16.869],[82.2818,16.8671],[82.2821,16.863],[82.2827,16.8614],[82.2863,16.8603],[82.2998,16.8578],[82.3036,16.8569],[82.3042,16.8565],[82.3097,16.853],[82.3111,16.8515],[82.3117,16.8504],[82.3159,16.8399],[82.3185,16.8389],[82.3195,16.8387],[82.3208,16.8394],[82.3225,16.842],[82.3223,16.8473],[82.3228,16.849],[82.3253,16.8507],[82.3269,16.851],[82.3353,16.8493],[82.3362,16.8495],[82.3373,16.8492],[82.3405,16.8505],[82.3438,16.851],[82.3521,16.8493],[82.3533,16.8485],[82.3571,16.8418],[82.3571,16.8398],[82.3544,16.8311],[82.3549,16.8285],[82.3579,16.8217],[82.3582,16.8202],[82.3584,16.8152],[82.363,16.8185],[82.3649,16.8263],[82.3649,16.8315],[82.3652,16.8479],[82.3656,16.8506],[82.3658,16.8542],[82.3654,16.8619],[82.3669,16.8667],[82.367,16.8732],[82.3669,16.892],[82.3668,16.9031],[82.366,16.928],[82.3647,16.9334],[82.3625,16.939],[82.3616,16.9397],[82.3587,16.9441],[82.3561,16.946],[82.3555,16.9505],[82.3543,16.9552],[82.3509,16.9578],[82.3499,16.9578],[82.3424,16.9636],[82.3419,16.964],[82.34,16.9658],[82.3355,16.9732],[82.3338,16.9775],[82.3333,16.9815],[82.3346,16.9829],[82.3368,16.9835],[82.3435,16.9802],[82.3476,16.9765],[82.35,16.9738],[82.3512,16.9727],[82.355,16.9649],[82.3557,16.9644],[82.3573,16.9604],[82.3613,16.9539],[82.3679,16.9397],[82.3721,16.9226],[82.3728,16.9083],[82.3728,16.9077],[82.3725,16.9059],[82.3725,16.9037],[82.3735,16.9026],[82.3755,16.8795],[82.3752,16.8695],[82.3747,16.8686],[82.3756,16.8425],[82.3728,16.8303],[82.3717,16.8256],[82.3699,16.821],[82.3692,16.8199],[82.3679,16.816],[82.3671,16.8148],[82.3629,16.8013],[82.361,16.7912],[82.3577,16.7818],[82.3559,16.7722],[82.3536,16.7678],[82.3512,16.7573],[82.3507,16.7552],[82.3499,16.7543],[82.3489,16.7515],[82.3487,16.7506],[82.3488,16.737],[82.3511,16.7283],[82.3512,16.7235],[82.3505,16.7215],[82.3486,16.7205],[82.3448,16.721],[82.3322,16.7276],[82.3303,16.7286],[82.3243,16.7273],[82.3202,16.7246],[82.3202,16.7225],[82.3214,16.7198],[82.3289,16.7149],[82.3391,16.7124],[82.3413,16.7111],[82.3416,16.7104],[82.3425,16.7098],[82.3429,16.7032],[82.3427,16.7003],[82.3409,16.6978],[82.3393,16.6927],[82.3395,16.6898],[82.3399,16.6886],[82.3454,16.687],[82.3477,16.6871],[82.3526,16.6892],[82.3564,16.6923],[82.3571,16.6932],[82.3577,16.6959],[82.3577,16.6975],[82.3576,16.7034],[82.3586,16.7052],[82.3609,16.7056],[82.3617,16.7058],[82.3632,16.7055],[82.364,16.7058],[82.3648,16.7048],[82.3679,16.7018],[82.3675,16.6986],[82.3641,16.6935],[82.3632,16.6925],[82.3583,16.6871],[82.3579,16.6867],[82.357,16.6855],[82.3547,16.6834],[82.3543,16.6829],[82.3529,16.6815],[82.3518,16.6801],[82.3451,16.6746],[82.3434,16.6727],[82.3347,16.6669],[82.3334,16.6657],[82.3319,16.6625],[82.3311,16.6618],[82.3281,16.6577],[82.3276,16.6565],[82.3245,16.6519],[82.3238,16.6508],[82.3238,16.647],[82.3247,16.645],[82.3284,16.6415],[82.33,16.6377],[82.33,16.6348],[82.3345,16.6243],[82.3361,16.6167],[82.3362,16.6117],[82.3364,16.6044],[82.3362,16.6031],[82.3346,16.5976],[82.3335,16.5957],[82.3332,16.5913],[82.3329,16.5839],[82.3323,16.5798],[82.3298,16.5774],[82.3284,16.5733],[82.3272,16.5726],[82.3247,16.5733],[82.3208,16.575],[82.32,16.577],[82.3154,16.5823],[82.3132,16.5859],[82.3184,16.585],[82.3244,16.5825],[82.327,16.5823],[82.328,16.5839],[82.328,16.5864],[82.326,16.591],[82.3259,16.597],[82.3256,16.5992],[82.3266,16.6038],[82.3276,16.6043],[82.3273,16.6114],[82.3225,16.6238],[82.3212,16.6249],[82.3202,16.626],[82.318,16.6275],[82.3171,16.6272],[82.3147,16.6257],[82.3128,16.6173],[82.3117,16.616],[82.3116,16.6151],[82.311,16.6116],[82.3106,16.6099],[82.3108,16.6088],[82.3104,16.6065],[82.3094,16.6054],[82.3084,16.6042],[82.3057,16.6048],[82.3029,16.6066],[82.2996,16.6094],[82.2971,16.6126],[82.2947,16.6179],[82.294,16.6183],[82.2928,16.6196],[82.2923,16.6201],[82.2898,16.6204],[82.2877,16.6186],[82.2882,16.6132],[82.289,16.611],[82.2895,16.6102],[82.2907,16.608],[82.2946,16.6043],[82.2959,16.5978],[82.3023,16.596],[82.3032,16.5952],[82.3046,16.5914],[82.3045,16.5882],[82.3036,16.5877],[82.3032,16.587],[82.3034,16.5854],[82.3025,16.5806],[82.3007,16.5788],[82.2992,16.5776],[82.2982,16.5764],[82.2982,16.5705],[82.2978,16.57],[82.2971,16.57],[82.2964,16.5691],[82.289,16.5663],[82.2881,16.566],[82.2827,16.5658],[82.2777,16.5649],[82.2701,16.5639],[82.2647,16.5609],[82.264,16.5602],[82.2635,16.5582],[82.2636,16.5568],[82.2648,16.5562],[82.2806,16.5546],[82.2831,16.5546],[82.2861,16.5546],[82.2963,16.5559],[82.2997,16.5568],[82.3097,16.5599],[82.3162,16.5593],[82.3143,16.5563],[82.3132,16.5548],[82.3044,16.5519],[82.3,16.5516],[82.2946,16.5511],[82.2884,16.5483],[82.2835,16.5478],[82.282,16.5477],[82.2813,16.5476],[82.2806,16.5478],[82.2719,16.5467],[82.2576,16.5446],[82.2503,16.5426],[82.2488,16.5422],[82.2304,16.5339],[82.2214,16.5279],[82.2191,16.5253],[82.2129,16.5224],[82.2104,16.5206],[82.2014,16.5162],[82.1983,16.5129],[82.1909,16.5083],[82.1906,16.5076],[82.1892,16.5062],[82.1852,16.504],[82.183,16.5027],[82.1683,16.4962],[82.1659,16.4956],[82.1593,16.494],[82.1578,16.4926],[82.1558,16.4915],[82.1539,16.4893],[82.1507,16.487],[82.1498,16.4873],[82.1493,16.4872],[82.1498,16.4885],[82.1528,16.4902],[82.1531,16.4915],[82.1543,16.4928],[82.1551,16.4936],[82.158,16.4983],[82.1649,16.5044],[82.1656,16.5049],[82.1671,16.5068],[82.1684,16.5103],[82.1681,16.518],[82.1691,16.5207],[82.1714,16.5232],[82.1737,16.5264],[82.1751,16.5276],[82.178,16.5313],[82.1828,16.5365],[82.1842,16.5391],[82.1876,16.5432],[82.1923,16.5477],[82.1987,16.5566],[82.199,16.5575],[82.2,16.5585],[82.1998,16.5633],[82.1981,16.5643],[82.1976,16.5648],[82.1949,16.5648],[82.1888,16.5641],[82.1802,16.5611],[82.1701,16.555],[82.1643,16.5498],[82.1546,16.5312],[82.149,16.5248],[82.1432,16.5174],[82.1415,16.504],[82.1408,16.498],[82.1407,16.4878],[82.1407,16.4844],[82.1382,16.4846],[82.1317,16.4816],[82.129,16.4792],[82.1272,16.4787],[82.1191,16.4749],[82.1178,16.4739],[82.1078,16.4706],[82.1039,16.4693],[82.0899,16.4624],[82.079,16.4553],[82.0714,16.4518],[82.0694,16.4499],[82.0572,16.4451],[82.0473,16.4404],[82.0464,16.4397],[82.0367,16.4368],[82.0337,16.4344],[82.0305,16.4335],[82.0255,16.4322],[82.0217,16.4305],[82.0182,16.4272],[82.0073,16.4229],[82.0057,16.4217],[81.9982,16.417],[81.994,16.4134],[81.9884,16.4094],[81.9789,16.4042],[81.9703,16.3977],[81.9675,16.3962],[81.9666,16.3962],[81.9644,16.397],[81.964,16.3979],[81.9625,16.4078],[81.9645,16.4165],[81.9663,16.4198],[81.9694,16.4328],[81.9693,16.436],[81.9689,16.4371],[81.968,16.4377],[81.9656,16.4376],[81.9649,16.4374],[81.9644,16.4371],[81.9607,16.4331],[81.9568,16.4259],[81.9553,16.4154],[81.9524,16.4079],[81.9514,16.4047],[81.9503,16.3984],[81.9451,16.3943],[81.9382,16.3913],[81.9282,16.39],[81.9266,16.3904],[81.9096,16.387],[81.9028,16.3846],[81.8944,16.3811],[81.8757,16.376],[81.8736,16.3751],[81.8675,16.3734],[81.8645,16.3721],[81.8609,16.3716],[81.8546,16.3705],[81.8514,16.3684],[81.8403,16.3642],[81.8347,16.3608],[81.8327,16.3592],[81.8267,16.3557],[81.8081,16.3477],[81.7995,16.3428],[81.7948,16.3401],[81.793,16.3391],[81.7839,16.3348],[81.7771,16.3298],[81.7714,16.3273],[81.7702,16.3267],[81.7655,16.3243],[81.7623,16.3227],[81.7539,16.319],[81.7503,16.3168],[81.7455,16.315],[81.7351,16.3109],[81.7332,16.31],[81.7304,16.3087],[81.7258,16.3074],[81.7232,16.31],[81.7229,16.3129],[81.7258,16.3195],[81.7276,16.3226],[81.7281,16.3243],[81.7314,16.3332],[81.7347,16.3427],[81.735,16.3489],[81.7347,16.3565],[81.7248,16.3557],[81.7233,16.3515],[81.723,16.343],[81.7241,16.3408],[81.7256,16.3377],[81.7244,16.332],[81.7202,16.3285],[81.7233,16.3674],[81.7186,16.3949],[81.7091,16.4211],[81.7062,16.4388],[81.7068,16.4424],[81.7125,16.459],[81.7168,16.4626],[81.7237,16.4622],[81.7315,16.4585],[81.7442,16.4405],[81.7518,16.4363],[81.7577,16.4367],[81.764,16.4406],[81.7726,16.4495],[81.793,16.4795],[81.8044,16.4924],[81.8191,16.5038],[81.8359,16.5131],[81.8434,16.5195],[81.8532,16.5247],[81.8602,16.5334],[81.8637,16.5482],[81.8676,16.5937],[81.8676,16.616],[81.8612,16.6337],[81.8459,16.6568],[81.8286,16.6727],[81.8143,16.6882],[81.7993,16.7059],[81.7888,16.7325],[81.7919,16.7528],[81.791,16.7582],[81.7859,16.7654],[81.7728,16.7715],[81.7614,16.7828],[81.7487,16.8133],[81.7487,16.8298],[81.7511,16.8453],[81.752,16.8584],[81.754,16.8662],[81.7515,16.8744],[81.7454,16.8824],[81.7374,16.8974],[81.7311,16.9167],[81.7286,16.9373],[81.7331,16.9713],[81.7417,17.0005],[81.7409,17.0191],[81.7386,17.0346],[81.7363,17.0451],[81.7321,17.0576],[81.7264,17.0703],[81.692,17.1129],[81.6812,17.1286],[81.6729,17.1451],[81.6681,17.1714],[81.6652,17.188],[81.6596,17.1983],[81.652,17.216],[81.6491,17.227],[81.6476,17.2531],[81.6531,17.2684],[81.6549,17.3022],[81.6581,17.3126],[81.6589,17.3217],[81.6544,17.3304],[81.6502,17.3341],[81.6251,17.3493],[81.6176,17.3586],[81.6125,17.3728],[81.6087,17.3869],[81.6067,17.4015],[81.6075,17.4084],[81.6127,17.4211],[81.613,17.4254],[81.6111,17.4274],[81.6077,17.4293],[81.6021,17.4299],[81.5864,17.4296],[81.5815,17.4329],[81.572,17.4466],[81.5668,17.4522],[81.5589,17.4562],[81.5401,17.4603],[81.5329,17.4626],[81.5253,17.467],[81.5201,17.4724],[81.5151,17.4808],[81.5083,17.4955],[81.507,17.4985],[81.5083,17.51],[81.5068,17.5185],[81.5082,17.5399],[81.5102,17.5477],[81.5179,17.5577],[81.5225,17.5656],[81.529,17.573],[81.5325,17.5781],[81.5326,17.581],[81.5296,17.5841],[81.5214,17.5913],[81.5117,17.5982],[81.5166,17.6036],[81.518,17.6066],[81.518,17.6118],[81.5206,17.6181],[81.5277,17.627],[81.5429,17.6387],[81.553,17.6535],[81.5548,17.6589],[81.5623,17.6746],[81.5689,17.6848],[81.5769,17.691],[81.5798,17.6961],[81.5797,17.7111],[81.5806,17.72],[81.5816,17.7268],[81.5853,17.7342],[81.5906,17.7388],[81.6178,17.7518],[81.6215,17.7551],[81.6272,17.7667],[81.6317,17.7709],[81.6505,17.7738],[81.6616,17.7738],[81.6833,17.7753],[81.6934,17.7787],[81.7,17.7839],[81.7069,17.7927],[81.7126,17.8077],[81.7181,17.8133],[81.732,17.8234],[81.7382,17.8275],[81.7475,17.8298],[81.7616,17.8265],[81.7726,17.8381],[81.791,17.8402],[81.7965,17.8474],[81.803,17.8523],[81.8014,17.8607],[81.7961,17.8707],[81.79,17.8788],[81.7774,17.8868],[81.772,17.8935],[81.7669,17.9014],[81.7708,17.9046],[81.7843,17.9128],[81.791,17.9178],[81.7946,17.9217],[81.7979,17.9294],[81.8026,17.9377],[81.8096,17.9441],[81.8283,17.9535],[81.8419,17.9591],[81.8483,17.9581],[81.8554,17.9589],[81.8827,17.9679],[81.8936,17.9739],[81.9078,17.9767],[81.9131,17.9816],[81.9222,17.988],[81.9332,17.989],[81.9446,17.9922],[81.9603,18.0002],[81.9657,18.0052],[81.9726,18.008],[81.9816,18.0138],[81.9905,18.0001],[81.9948,17.9941],[82,17.9874],[82,17.9873],[82.0019,17.9863],[82.0086,17.9725],[82.0102,17.9636]],[[82.2063,16.7475],[82.1983,16.7382],[82.1899,16.7391],[82.1842,16.7361],[82.1886,16.7273],[82.2031,16.7195],[82.2121,16.7188],[82.225,16.7208],[82.237,16.7158],[82.2561,16.7026],[82.263,16.7009],[82.2743,16.7017],[82.2859,16.7043],[82.2947,16.7087],[82.3044,16.7172],[82.309,16.7253],[82.3124,16.734],[82.3106,16.7445],[82.3073,16.7515],[82.3032,16.7542],[82.2986,16.7521],[82.2946,16.7456],[82.2902,16.7339],[82.2732,16.7305],[82.2545,16.7301],[82.2366,16.7283],[82.23,16.7294],[82.2243,16.7363],[82.2205,16.739],[82.2196,16.7423],[82.2293,16.7559],[82.2313,16.7614],[82.2272,16.7627],[82.2207,16.7592],[82.2168,16.7547],[82.2063,16.7475]]]},"properties":{"district_name":"East Godavari","raw_district_name":"East Godavari","state_code":"AP","state_name":"Andhra Pradesh","census_code":545,"data_source":"DataMeet India Maps (Census 2011 Boundaries)"}},{"type":"Feature","geometry":{"type":"Polygon","coordinates":[[[80.8193,15.7427],[80.8197,15.7443],[80.819,15.7463],[80.8181,15.7502],[80.8177,15.7516],[80.8148,15.7576],[80.8123,15.7702],[80.8124,15.7732],[80.8137,15.7802],[80.8142,15.7807],[80.8139,15.7871],[80.8129,15.7947],[80.8131,15.7972],[80.8146,15.8052],[80.8159,15.8094],[80.8142,15.8204],[80.8077,15.8355],[80.8061,15.8365],[80.8047,15.8392],[80.7994,15.8439],[80.7986,15.8455],[80.7969,15.8468],[80.7926,15.8518],[80.7924,15.8527],[80.789,15.8552],[80.7872,15.8585],[80.7857,15.8598],[80.7829,15.8621],[80.7817,15.8632],[80.7771,15.8664],[80.762,15.8766],[80.7559,15.8802],[80.744,15.8845],[80.7376,15.8856],[80.7305,15.8862],[80.7256,15.8857],[80.7067,15.885],[80.7053,15.8846],[80.7022,15.8834],[80.6914,15.8834],[80.6845,15.8814],[80.6729,15.8802],[80.6721,15.8804],[80.6696,15.8796],[80.6687,15.8791],[80.6617,15.8797],[80.6549,15.879],[80.6407,15.8784],[80.6321,15.8761],[80.6217,15.8726],[80.617,15.8707],[80.6096,15.8694],[80.6055,15.8676],[80.6036,15.8682],[80.595,15.869],[80.5944,15.8691],[80.5828,15.8669],[80.5791,15.8665],[80.5633,15.861],[80.5592,15.8593],[80.5458,15.8534],[80.5408,15.8514],[80.5369,15.8504],[80.5342,15.8501],[80.5329,15.852],[80.5342,15.8537],[80.5372,15.8556],[80.5405,15.8579],[80.5418,15.8588],[80.5438,15.8595],[80.5452,15.8604],[80.5472,15.8614],[80.5495,15.8621],[80.5511,15.8627],[80.5538,15.8637],[80.5558,15.8653],[80.5538,15.865],[80.5528,15.865],[80.5511,15.865],[80.5468,15.8637],[80.5432,15.863],[80.5421,15.8629],[80.532,15.8603],[80.5256,15.8608],[80.5238,15.8608],[80.5124,15.858],[80.5057,15.8576],[80.5019,15.8575],[80.4982,15.8571],[80.4966,15.8565],[80.4962,15.8555],[80.4959,15.8549],[80.4976,15.8542],[80.5012,15.8533],[80.5049,15.8526],[80.5059,15.8526],[80.5059,15.8527],[80.5099,15.8536],[80.5174,15.853],[80.52,15.8525],[80.5212,15.8514],[80.5221,15.8484],[80.5212,15.8459],[80.5164,15.8421],[80.5067,15.8379],[80.4995,15.8341],[80.4905,15.8287],[80.4883,15.8273],[80.4862,15.8263],[80.4818,15.8246],[80.4701,15.8189],[80.4598,15.8157],[80.4548,15.813],[80.448,15.8092],[80.4392,15.8063],[80.4325,15.8486],[80.4343,15.8554],[80.4477,15.8642],[80.4525,15.8702],[80.4525,15.8787],[80.4673,15.8837],[80.4759,15.8886],[80.4816,15.8976],[80.4773,15.9022],[80.4637,15.9098],[80.4584,15.9093],[80.4511,15.9026],[80.4452,15.9127],[80.4327,15.9065],[80.4248,15.9004],[80.4062,15.8932],[80.3987,15.9044],[80.3918,15.9201],[80.386,15.9402],[80.3837,15.9611],[80.3837,15.9709],[80.3787,15.986],[80.3939,15.9969],[80.4033,15.9983],[80.4088,15.9966],[80.4206,15.9881],[80.4255,15.9895],[80.422,16.0009],[80.4017,16.0114],[80.3792,16.0185],[80.3664,16.0217],[80.3614,16.0252],[80.3553,16.0273],[80.3502,16.028],[80.3399,16.0151],[80.3322,16.0189],[80.3281,16.0255],[80.3214,16.0306],[80.3196,16.0363],[80.3233,16.0436],[80.3121,16.0482],[80.3061,16.0536],[80.3047,16.0528],[80.3034,16.0508],[80.2979,16.0511],[80.2927,16.0493],[80.2819,16.0475],[80.2722,16.0518],[80.2685,16.0515],[80.2644,16.0464],[80.2553,16.0496],[80.2438,16.0516],[80.241,16.0379],[80.235,16.0369],[80.2334,16.0314],[80.2154,16.0353],[80.1992,16.0372],[80.196,16.0366],[80.1945,16.0342],[80.1927,16.0256],[80.1873,16.025],[80.1859,16.0292],[80.187,16.0344],[80.182,16.0369],[80.1628,16.0403],[80.1515,16.0443],[80.1464,16.0442],[80.1385,16.0398],[80.1365,16.0321],[80.1365,16.0262],[80.1379,16.0222],[80.1422,16.0174],[80.1135,16.0155],[80.108,16.0117],[80.1019,16.009],[80.0977,16.0109],[80.0885,16.0209],[80.087,16.0286],[80.0879,16.0428],[80.079,16.0474],[80.0811,16.0535],[80.0742,16.0598],[80.0751,16.0658],[80.0711,16.0688],[80.0727,16.0759],[80.0733,16.0832],[80.0729,16.0868],[80.0707,16.0911],[80.064,16.0863],[80.0551,16.0841],[80.0507,16.0855],[80.0433,16.0895],[80.0457,16.0973],[80.0521,16.1055],[80.0544,16.1158],[80.0521,16.1234],[80.0506,16.1254],[80.0464,16.1248],[80.0344,16.115],[80.0269,16.1123],[80.0224,16.1126],[80.0139,16.1149],[80.0113,16.1223],[79.9999,16.1388],[79.9856,16.1367],[79.9694,16.1421],[79.9568,16.1517],[79.9454,16.1573],[79.9376,16.154],[79.9296,16.1522],[79.9192,16.1544],[79.9047,16.1625],[79.8985,16.1648],[79.886,16.1657],[79.8753,16.1618],[79.8678,16.1528],[79.8662,16.1397],[79.8707,16.1236],[79.8858,16.1144],[79.9037,16.0975],[79.9215,16.0782],[79.9215,16.07],[79.9143,16.0636],[79.9002,16.0604],[79.8918,16.0576],[79.8854,16.0487],[79.8718,16.0251],[79.8698,16.0154],[79.8818,16.0146],[79.8981,16.0102],[79.9052,16.0066],[79.9087,16.0005],[79.9042,15.9936],[79.9056,15.9905],[79.9127,15.9848],[79.9144,15.9812],[79.9104,15.9725],[79.9149,15.97],[79.9222,15.9699],[79.9248,15.9647],[79.9195,15.9524],[79.9161,15.9471],[79.9078,15.9432],[79.8986,15.942],[79.8958,15.9366],[79.8944,15.9305],[79.8912,15.925],[79.8873,15.9199],[79.8801,15.9188],[79.8629,15.9239],[79.86,15.931],[79.8519,15.9327],[79.8417,15.9361],[79.8365,15.9366],[79.8292,15.9388],[79.8099,15.9411],[79.8024,15.939],[79.8008,15.9288],[79.7976,15.9206],[79.7924,15.9133],[79.7738,15.9036],[79.7679,15.8965],[79.7673,15.8854],[79.766,15.8769],[79.7603,15.8627],[79.7623,15.8565],[79.7681,15.8496],[79.7784,15.8464],[79.784,15.8429],[79.7842,15.8361],[79.7804,15.8273],[79.7725,15.824],[79.76,15.8243],[79.7501,15.8282],[79.7409,15.8343],[79.7238,15.8414],[79.7266,15.8493],[79.7292,15.8602],[79.7184,15.871],[79.7008,15.8808],[79.7006,15.8862],[79.7046,15.8987],[79.6883,15.9054],[79.6684,15.9186],[79.6633,15.9203],[79.6567,15.9165],[79.6502,15.9117],[79.6406,15.9104],[79.6314,15.9154],[79.6235,15.9207],[79.6182,15.9227],[79.6217,15.9318],[79.6172,15.9378],[79.6127,15.9399],[79.6057,15.9413],[79.5948,15.9422],[79.5791,15.9395],[79.5717,15.944],[79.5693,15.9469],[79.5668,15.955],[79.5664,15.9613],[79.5623,15.9999],[79.5607,16.0061],[79.5626,16.0116],[79.5665,16.016],[79.5832,16.0214],[79.5852,16.0266],[79.583,16.035],[79.5704,16.0636],[79.5667,16.084],[79.5645,16.1073],[79.566,16.122],[79.5574,16.1415],[79.5556,16.1514],[79.5587,16.1617],[79.5675,16.1785],[79.5751,16.1966],[79.5739,16.2059],[79.57,16.2167],[79.5619,16.2517],[79.5589,16.2888],[79.5558,16.3048],[79.5471,16.3126],[79.5327,16.3181],[79.5192,16.3105],[79.5125,16.3047],[79.4983,16.3014],[79.4638,16.3107],[79.4462,16.302],[79.4255,16.2843],[79.4083,16.2754],[79.3857,16.2541],[79.3685,16.2429],[79.3587,16.2431],[79.3426,16.2462],[79.3285,16.2421],[79.3037,16.2298],[79.2859,16.2197],[79.276,16.2131],[79.2565,16.202],[79.2255,16.1812],[79.2236,16.21],[79.2215,16.2224],[79.2144,16.2288],[79.2,16.2298],[79.2155,16.2378],[79.2267,16.2468],[79.233,16.2572],[79.2378,16.3073],[79.2357,16.3438],[79.2311,16.3573],[79.2193,16.3697],[79.2211,16.3813],[79.2204,16.4006],[79.2228,16.4226],[79.2268,16.445],[79.2341,16.4594],[79.244,16.4654],[79.2429,16.4775],[79.2387,16.4884],[79.2319,16.4989],[79.233,16.5149],[79.2382,16.526],[79.2685,16.5531],[79.2738,16.5682],[79.2901,16.5722],[79.3029,16.5741],[79.3276,16.5826],[79.3411,16.5853],[79.3534,16.5864],[79.4106,16.5873],[79.4345,16.5894],[79.4424,16.5926],[79.4511,16.6006],[79.4585,16.6161],[79.478,16.6257],[79.5052,16.6375],[79.5201,16.6406],[79.5447,16.6386],[79.562,16.6416],[79.5717,16.6451],[79.5821,16.6506],[79.5937,16.6584],[79.608,16.6703],[79.6249,16.6717],[79.6414,16.668],[79.6562,16.6691],[79.6636,16.6812],[79.6768,16.6911],[79.6912,16.6975],[79.7309,16.6998],[79.742,16.7052],[79.7587,16.7273],[79.7713,16.7343],[79.7831,16.7367],[79.7916,16.7321],[79.8186,16.6978],[79.8342,16.6988],[79.8529,16.7039],[79.8702,16.7056],[79.8817,16.6962],[79.889,16.6837],[79.8993,16.6571],[79.9105,16.6454],[79.9223,16.6407],[79.9321,16.6384],[79.9511,16.6403],[79.9667,16.6497],[79.9815,16.6672],[80,16.7002],[80.0022,16.7021],[80.0109,16.7106],[80.0252,16.7195],[80.0318,16.7261],[80.0413,16.7394],[80.0518,16.7473],[80.0564,16.7528],[80.0601,16.7789],[80.0661,16.7895],[80.0734,16.8101],[80.0781,16.8212],[80.0871,16.8312],[80.0991,16.8332],[80.1109,16.834],[80.1203,16.8287],[80.1293,16.8124],[80.1337,16.7999],[80.1374,16.7816],[80.1482,16.7556],[80.1479,16.7395],[80.1493,16.7046],[80.1383,16.6842],[80.1374,16.6781],[80.1398,16.6724],[80.1462,16.6634],[80.1581,16.6569],[80.1747,16.6496],[80.1922,16.6394],[80.2278,16.6236],[80.2428,16.6221],[80.2731,16.6227],[80.2985,16.6234],[80.3189,16.6258],[80.3341,16.6242],[80.3479,16.6207],[80.3646,16.6205],[80.3749,16.6182],[80.3803,16.6109],[80.3889,16.6026],[80.3972,16.6017],[80.4151,16.6058],[80.4477,16.6034],[80.4836,16.5969],[80.5087,16.5853],[80.537,16.5667],[80.5668,16.5447],[80.5935,16.5289],[80.6193,16.5155],[80.6454,16.4992],[80.6728,16.4707],[80.6898,16.4437],[80.7385,16.382],[80.7585,16.3519],[80.7762,16.327],[80.7946,16.3058],[80.8096,16.2848],[80.8211,16.259],[80.835,16.2174],[80.8511,16.1745],[80.8613,16.1556],[80.8692,16.1425],[80.8701,16.1303],[80.8695,16.1203],[80.8752,16.1089],[80.8784,16.0868],[80.8898,16.0741],[80.8923,16.0465],[80.9021,16.0241],[80.9054,16.0002],[80.9038,15.999],[80.9052,15.9859],[80.9028,15.9786],[80.904,15.9771],[80.904,15.9655],[80.904,15.9612],[80.9051,15.9525],[80.9062,15.935],[80.9062,15.9321],[80.9062,15.9234],[80.9015,15.9162],[80.8955,15.9031],[80.8849,15.8872],[80.8766,15.8698],[80.8754,15.8669],[80.8742,15.864],[80.8707,15.8538],[80.8695,15.848],[80.8647,15.8408],[80.8612,15.8335],[80.86,15.8321],[80.86,15.8306],[80.8553,15.8248],[80.8517,15.819],[80.8494,15.8118],[80.8458,15.8002],[80.8434,15.7914],[80.8422,15.7856],[80.841,15.7842],[80.841,15.7813],[80.8386,15.7682],[80.8193,15.7427]]]},"properties":{"district_name":"Guntur","raw_district_name":"Guntur","state_code":"AP","state_name":"Andhra Pradesh","census_code":548,"data_source":"DataMeet India Maps (Census 2011 Boundaries)"}},{"type":"Feature","geometry":{"type":"Polygon","coordinates":[[[78.5116,17.4543],[78.5159,17.4527],[78.5247,17.4578],[78.5333,17.4636],[78.5402,17.4627],[78.5404,17.455],[78.5367,17.4399],[78.5271,17.4211],[78.5222,17.3989],[78.5217,17.39],[78.5294,17.3707],[78.5259,17.3609],[78.5154,17.3501],[78.5143,17.3409],[78.5153,17.3297],[78.5004,17.3199],[78.4824,17.3035],[78.4763,17.3014],[78.4718,17.3037],[78.4678,17.3073],[78.4562,17.3167],[78.4504,17.324],[78.4475,17.3345],[78.4502,17.3458],[78.4405,17.3446],[78.4225,17.3462],[78.4113,17.3487],[78.4012,17.3566],[78.3912,17.3886],[78.3898,17.3991],[78.3925,17.4122],[78.4002,17.4239],[78.4115,17.4333],[78.421,17.4337],[78.4272,17.4287],[78.4357,17.4161],[78.4445,17.4054],[78.4497,17.4013],[78.4488,17.4276],[78.4537,17.4357],[78.4635,17.446],[78.4788,17.4731],[78.4912,17.4759],[78.4989,17.4706],[78.5116,17.4543]]]},"properties":{"district_name":"Hyderabad","raw_district_name":"Hyderabad","state_code":"AP","state_name":"Andhra Pradesh","census_code":536,"data_source":"DataMeet India Maps (Census 2011 Boundaries)"}},{"type":"Feature","geometry":{"type":"Polygon","coordinates":[[[79.9009,18.8346],[79.9161,18.8105],[79.9232,18.8012],[79.939,18.7883],[79.9471,18.7857],[79.9572,18.7839],[79.9886,18.7783],[80,18.7775],[80.0162,18.7726],[80.0194,18.7708],[80.0216,18.7642],[80.0236,18.7611],[80.0258,18.7551],[80.0367,18.7528],[80.04,18.7506],[80.0535,18.7251],[80.0604,18.722],[80.069,18.7207],[80.0726,18.7175],[80.0751,18.7129],[80.0819,18.7068],[80.0861,18.7056],[80.0893,18.7067],[80.0916,18.7051],[80.0941,18.7018],[80.1077,18.6893],[80.1138,18.6818],[80.118,18.6805],[80.1232,18.6802],[80.1256,18.6835],[80.1285,18.6855],[80.1381,18.6898],[80.1438,18.6912],[80.1495,18.6906],[80.156,18.6976],[80.1594,18.6996],[80.1653,18.7003],[80.1692,18.6984],[80.1719,18.6947],[80.1747,18.6845],[80.1782,18.6818],[80.1829,18.6803],[80.1962,18.68],[80.1982,18.6834],[80.1989,18.6881],[80.2014,18.6929],[80.2092,18.7019],[80.2152,18.7049],[80.2216,18.7056],[80.2273,18.7036],[80.2326,18.7006],[80.2373,18.702],[80.2429,18.7049],[80.249,18.7047],[80.254,18.7058],[80.2677,18.7186],[80.2748,18.7224],[80.2782,18.718],[80.2852,18.7155],[80.2962,18.6995],[80.3037,18.6902],[80.3068,18.6838],[80.3152,18.6569],[80.3224,18.641],[80.3267,18.6264],[80.3389,18.6014],[80.3441,18.5953],[80.3347,18.5951],[80.3217,18.5916],[80.3068,18.5888],[80.2982,18.5896],[80.2715,18.5889],[80.2694,18.5883],[80.2456,18.5679],[80.2418,18.5638],[80.2362,18.5595],[80.2294,18.5526],[80.2292,18.5245],[80.2273,18.4821],[80.2283,18.4627],[80.2265,18.437],[80.2268,18.428],[80.2253,18.42],[80.2223,18.4142],[80.2199,18.4061],[80.2189,18.3902],[80.2043,18.378],[80.1988,18.3714],[80.179,18.3534],[80.1747,18.3487],[80.1752,18.3414],[80.1543,18.3627],[80.1472,18.3733],[80.1489,18.3833],[80.1528,18.398],[80.153,18.4134],[80.1435,18.4181],[80.1368,18.4195],[80.1288,18.4225],[80.113,18.4269],[80.1053,18.4304],[80.0986,18.4316],[80.0838,18.4224],[80.081,18.4117],[80.0796,18.3977],[80.0827,18.3923],[80.0767,18.3871],[80.0598,18.4009],[80.0444,18.4037],[80.0309,18.4008],[80.0279,18.4071],[80.0247,18.4172],[80.0305,18.4427],[80.0353,18.4356],[80.0397,18.4311],[80.0502,18.4281],[80.0617,18.4259],[80.0791,18.4279],[80.0852,18.4333],[80.0983,18.4477],[80.105,18.4576],[80.1166,18.4571],[80.119,18.4667],[80.1083,18.4678],[80.0903,18.4681],[80.0885,18.4701],[80.0851,18.477],[80.0771,18.4756],[80.0668,18.4792],[80.0527,18.482],[80.0664,18.4986],[80.0736,18.5026],[80.0852,18.5116],[80.0861,18.5181],[80.0407,18.5162],[80.0391,18.5086],[80.036,18.5009],[80.035,18.4945],[80.0312,18.4894],[80.0309,18.4853],[80.0317,18.4803],[80.025,18.4688],[80.0157,18.4733],[80.0088,18.4746],[79.9999,18.4851],[79.9969,18.4865],[79.9929,18.4904],[79.9871,18.4889],[79.9782,18.4833],[79.9756,18.4764],[79.9701,18.4773],[79.9652,18.4854],[79.9623,18.4981],[79.9589,18.5072],[79.9548,18.5089],[79.9505,18.5077],[79.9447,18.5087],[79.9396,18.5123],[79.9141,18.5142],[79.8943,18.5132],[79.8858,18.5106],[79.8881,18.4987],[79.9003,18.479],[79.9073,18.47],[79.9153,18.4641],[79.9256,18.4593],[79.9247,18.4355],[79.9241,18.4288],[79.9228,18.4243],[79.8974,18.4335],[79.881,18.4446],[79.867,18.4635],[79.8595,18.4808],[79.857,18.485],[79.8407,18.4982],[79.8331,18.5006],[79.8248,18.4997],[79.8171,18.4959],[79.8125,18.489],[79.813,18.4762],[79.8161,18.4655],[79.8221,18.4513],[79.8273,18.4357],[79.8287,18.4202],[79.8227,18.4174],[79.8136,18.4186],[79.8028,18.4242],[79.792,18.4309],[79.7845,18.4382],[79.7753,18.4509],[79.7671,18.4654],[79.7626,18.472],[79.7583,18.4765],[79.7523,18.4813],[79.7431,18.487],[79.7203,18.4952],[79.703,18.4979],[79.6927,18.4978],[79.6854,18.4966],[79.6816,18.4937],[79.6747,18.4859],[79.6656,18.4772],[79.6596,18.4731],[79.6578,18.4727],[79.6381,18.4773],[79.6277,18.4761],[79.6101,18.4715],[79.5971,18.4704],[79.5967,18.4627],[79.5975,18.4546],[79.5958,18.4473],[79.5863,18.4333],[79.5797,18.4255],[79.5858,18.409],[79.5832,18.4026],[79.5824,18.3944],[79.5805,18.3854],[79.5807,18.3755],[79.5859,18.3569],[79.5867,18.3515],[79.586,18.3401],[79.5846,18.3366],[79.58,18.331],[79.5846,18.3227],[79.5828,18.3146],[79.5738,18.3114],[79.5726,18.3002],[79.5736,18.2883],[79.5759,18.2798],[79.5827,18.2629],[79.5929,18.2496],[79.5955,18.2446],[79.602,18.2301],[79.6037,18.223],[79.611,18.2122],[79.613,18.2043],[79.616,18.1973],[79.6203,18.1933],[79.6227,18.1862],[79.6236,18.1824],[79.6176,18.1763],[79.6142,18.1691],[79.6138,18.1613],[79.6158,18.1548],[79.6098,18.1448],[79.6035,18.1451],[79.5962,18.1469],[79.59,18.1464],[79.5869,18.1448],[79.588,18.1342],[79.5896,18.1297],[79.594,18.1241],[79.5875,18.1239],[79.577,18.126],[79.572,18.121],[79.5696,18.1175],[79.5635,18.1056],[79.5451,18.1056],[79.5381,18.104],[79.5313,18.1036],[79.5233,18.108],[79.5131,18.1013],[79.5039,18.1022],[79.4961,18.1044],[79.4866,18.1115],[79.4786,18.1145],[79.4732,18.1012],[79.4665,18.0893],[79.4647,18.0832],[79.4613,18.0782],[79.454,18.0724],[79.4428,18.0665],[79.4377,18.0629],[79.4209,18.0493],[79.3892,18.0313],[79.383,18.0263],[79.3786,18.0213],[79.3751,18.0198],[79.3667,18.022],[79.3582,18.0254],[79.3474,18.0252],[79.3108,18.0217],[79.3005,18.02],[79.2916,18.0173],[79.2835,18.0128],[79.2572,18.0004],[79.258,17.9807],[79.2547,17.9793],[79.2446,17.9802],[79.2341,17.9802],[79.2246,17.9826],[79.2183,17.9887],[79.2048,17.9931],[79.1933,17.9946],[79.1742,17.989],[79.1594,17.9865],[79.1509,17.9859],[79.1494,17.9913],[79.1486,18.0001],[79.1488,18.0038],[79.143,18.0061],[79.1284,18.0091],[79.1025,18.0189],[79.0962,18.025],[79.1013,18.0268],[79.1053,18.0282],[79.1157,18.0266],[79.121,18.0338],[79.1206,18.04],[79.1125,18.0531],[79.1142,18.0571],[79.1206,18.0672],[79.124,18.0712],[79.1307,18.0748],[79.1356,18.0802],[79.1269,18.0824],[79.1207,18.0822],[79.1059,18.08],[79.0831,18.0826],[79.0735,18.0828],[79.0652,18.0848],[79.0455,18.0921],[79.0368,18.0969],[79.0409,18.1093],[79.0428,18.1265],[79.0312,18.1337],[79.0228,18.1367],[79.0158,18.1427],[79.0199,18.1571],[79.0215,18.1652],[79.0208,18.1739],[79.0181,18.1803],[79.0201,18.1864],[79.0157,18.1971],[79.0095,18.2037],[79.0008,18.2069],[78.9918,18.2096],[78.9805,18.2124],[78.9655,18.2165],[78.962,18.2228],[78.9615,18.2314],[78.9651,18.2524],[78.9608,18.2546],[78.9424,18.2574],[78.931,18.2562],[78.9168,18.2534],[78.909,18.2505],[78.9034,18.2463],[78.8978,18.2391],[78.8772,18.2446],[78.8489,18.2486],[78.836,18.2533],[78.8328,18.2554],[78.8257,18.2582],[78.8046,18.2585],[78.7925,18.2602],[78.7797,18.2648],[78.773,18.26],[78.7694,18.2505],[78.7584,18.2286],[78.7456,18.2184],[78.7308,18.2187],[78.7274,18.2328],[78.7188,18.2342],[78.71,18.2338],[78.698,18.2312],[78.6928,18.2343],[78.6867,18.2396],[78.6763,18.2448],[78.6635,18.249],[78.6506,18.2509],[78.6309,18.2513],[78.6025,18.2499],[78.5939,18.2467],[78.5844,18.2311],[78.5776,18.2247],[78.5686,18.2298],[78.564,18.2415],[78.5602,18.2543],[78.5566,18.261],[78.5493,18.2689],[78.5226,18.285],[78.5273,18.2921],[78.5369,18.2983],[78.5421,18.3027],[78.5428,18.3173],[78.5511,18.3384],[78.5493,18.3452],[78.5449,18.3521],[78.5372,18.3679],[78.5341,18.3857],[78.5376,18.3908],[78.5497,18.3912],[78.5597,18.3903],[78.5662,18.3908],[78.5632,18.3975],[78.5515,18.4068],[78.5471,18.4113],[78.545,18.4194],[78.5478,18.4251],[78.5528,18.4309],[78.5538,18.4377],[78.5511,18.4462],[78.5426,18.4582],[78.5331,18.4629],[78.5245,18.4703],[78.5264,18.4773],[78.537,18.4971],[78.549,18.5171],[78.5587,18.5366],[78.564,18.5425],[78.5732,18.5474],[78.5802,18.5469],[78.5886,18.5446],[78.5945,18.5471],[78.6003,18.5715],[78.604,18.5781],[78.6118,18.5839],[78.6204,18.5871],[78.6455,18.5928],[78.6585,18.5999],[78.6751,18.6187],[78.6792,18.6253],[78.6756,18.6292],[78.6681,18.6337],[78.6651,18.6355],[78.6595,18.6433],[78.6522,18.6598],[78.6469,18.6798],[78.643,18.6909],[78.6424,18.6961],[78.6451,18.7114],[78.6429,18.7197],[78.6422,18.7278],[78.637,18.7327],[78.6255,18.7368],[78.6136,18.7365],[78.6042,18.7345],[78.5937,18.7356],[78.5849,18.7382],[78.5751,18.7454],[78.5609,18.7637],[78.5613,18.7723],[78.5682,18.7853],[78.5596,18.7972],[78.5563,18.8158],[78.554,18.8209],[78.5514,18.8242],[78.5503,18.8332],[78.5499,18.8463],[78.5478,18.8579],[78.5459,18.8761],[78.5404,18.8914],[78.5355,18.8977],[78.5233,18.9093],[78.5224,18.9152],[78.5275,18.93],[78.5338,18.9436],[78.544,18.9523],[78.5625,18.9744],[78.5707,18.9802],[78.5823,18.987],[78.5914,18.9879],[78.6127,18.9798],[78.6234,18.9778],[78.6305,18.9789],[78.6364,18.981],[78.6502,18.9952],[78.6543,19.0009],[78.6624,19.0142],[78.6708,19.0215],[78.6871,19.0274],[78.7058,19.0257],[78.7421,19.0109],[78.7593,19.0143],[78.7976,19.0367],[78.8261,19.0556],[78.836,19.0582],[78.8507,19.0532],[78.8772,19.0385],[78.89,19.0339],[78.9025,19.0309],[78.9108,19.0334],[78.9209,19.0432],[78.9271,19.0516],[78.9339,19.0591],[78.9449,19.0669],[78.9556,19.0714],[78.9762,19.0733],[78.9908,19.0711],[78.9985,19.0687],[79.0018,19.0679],[79.0043,19.0672],[79.02,19.0622],[79.0349,19.0562],[79.0448,19.0515],[79.0566,19.0443],[79.0699,19.0343],[79.0781,19.0245],[79.0878,19.0013],[79.0887,18.9994],[79.0923,18.9919],[79.0971,18.9894],[79.1066,18.9773],[79.1087,18.9648],[79.1117,18.9539],[79.1209,18.9427],[79.133,18.9323],[79.1552,18.9171],[79.1653,18.9071],[79.1912,18.8761],[79.2056,18.8735],[79.2337,18.8749],[79.2447,18.8729],[79.2579,18.8623],[79.2669,18.8538],[79.2809,18.8373],[79.2876,18.8322],[79.2941,18.8292],[79.3019,18.8272],[79.3097,18.8262],[79.3196,18.823],[79.3368,18.8256],[79.347,18.8279],[79.3554,18.8299],[79.3617,18.8331],[79.3715,18.8409],[79.3792,18.8507],[79.3836,18.8586],[79.3891,18.8711],[79.3948,18.8729],[79.4028,18.8726],[79.4126,18.8698],[79.4335,18.8602],[79.4426,18.8567],[79.4499,18.8527],[79.457,18.8461],[79.4629,18.8389],[79.4795,18.8304],[79.488,18.8246],[79.4955,18.8181],[79.5043,18.8085],[79.506,18.8066],[79.512,18.7971],[79.5193,18.793],[79.5256,18.7948],[79.5357,18.7961],[79.5467,18.7904],[79.5595,18.7866],[79.5696,18.782],[79.5932,18.7658],[79.6007,18.7622],[79.6147,18.7513],[79.623,18.7471],[79.6258,18.7428],[79.6363,18.743],[79.6437,18.7372],[79.6555,18.7308],[79.6601,18.7252],[79.6683,18.7072],[79.6736,18.7022],[79.683,18.6882],[79.691,18.6841],[79.7009,18.6855],[79.7113,18.69],[79.7151,18.6937],[79.726,18.695],[79.7365,18.6928],[79.75,18.6923],[79.7626,18.6956],[79.7779,18.7031],[79.8013,18.7178],[79.8103,18.726],[79.8145,18.7432],[79.8258,18.7655],[79.8362,18.7796],[79.843,18.785],[79.8509,18.7899],[79.8539,18.8012],[79.8508,18.81],[79.8432,18.8172],[79.8328,18.8308],[79.8309,18.8406],[79.8323,18.8556],[79.8363,18.8688],[79.8424,18.8785],[79.8483,18.8824],[79.8618,18.8721],[79.8647,18.8571],[79.8654,18.8487],[79.8698,18.8363],[79.8802,18.8328],[79.891,18.8319],[79.8978,18.8332],[79.9009,18.8346]]]},"properties":{"district_name":"Karimnagar","raw_district_name":"Karimnagar","state_code":"AP","state_name":"Andhra Pradesh","census_code":534,"data_source":"DataMeet India Maps (Census 2011 Boundaries)"}},{"type":"Feature","geometry":{"type":"Polygon","coordinates":[[[80.9818,18.1737],[80.9819,18.1647],[80.9829,18.1584],[80.9807,18.15],[80.9757,18.1445],[80.9575,18.1297],[80.9557,18.1233],[80.9579,18.1102],[80.958,18.1048],[80.9565,18.0978],[80.9541,18.0908],[80.9521,18.0876],[80.9606,18.0785],[80.9717,18.0564],[80.9742,18.0501],[80.9705,18.0382],[80.9708,18.0378],[80.9721,18.0311],[80.9744,18.0253],[80.9766,18.0185],[80.9781,18.0098],[80.9797,18.0041],[80.9808,17.9999],[80.9821,17.9836],[80.9863,17.9565],[80.9881,17.9526],[80.9888,17.9467],[80.9916,17.9418],[80.9929,17.9298],[81.0002,17.9263],[81.0026,17.9212],[81.0102,17.8718],[81.0127,17.8454],[81.0209,17.8238],[81.0408,17.7969],[81.046,17.7935],[81.0536,17.7912],[81.0644,17.7901],[81.0742,17.7915],[81.082,17.7936],[81.088,17.8022],[81.0955,17.8106],[81.0975,17.8181],[81.1061,17.8244],[81.1174,17.8304],[81.1297,17.8356],[81.168,17.8599],[81.1848,17.8564],[81.1922,17.8566],[81.2004,17.8544],[81.2219,17.8404],[81.2288,17.8368],[81.2364,17.8337],[81.2625,17.8196],[81.2718,17.818],[81.3066,17.8174],[81.3236,17.8199],[81.3345,17.82],[81.3439,17.8189],[81.353,17.8192],[81.366,17.8181],[81.3761,17.8158],[81.383,17.813],[81.3926,17.8112],[81.3935,17.8143],[81.4028,17.8158],[81.4113,17.813],[81.4178,17.8126],[81.423,17.8178],[81.4229,17.8242],[81.428,17.8283],[81.4345,17.829],[81.4424,17.8235],[81.4461,17.823],[81.468,17.8325],[81.4754,17.8327],[81.4787,17.831],[81.4813,17.8257],[81.4831,17.8178],[81.4873,17.8125],[81.4897,17.8107],[81.4944,17.8105],[81.5049,17.8143],[81.5199,17.8144],[81.5343,17.8188],[81.5625,17.8243],[81.5732,17.8336],[81.5773,17.8358],[81.5834,17.8353],[81.6025,17.8271],[81.6083,17.8234],[81.6197,17.8234],[81.6243,17.83],[81.6326,17.8324],[81.64,17.8384],[81.6451,17.8443],[81.6514,17.8473],[81.6547,17.8549],[81.6546,17.8642],[81.6576,17.8704],[81.6613,17.8761],[81.6655,17.8808],[81.6716,17.8849],[81.6766,17.8864],[81.6863,17.8855],[81.6918,17.8874],[81.6968,17.8928],[81.7065,17.8835],[81.7078,17.8777],[81.7118,17.8692],[81.7349,17.8821],[81.7669,17.9014],[81.772,17.8935],[81.7774,17.8868],[81.79,17.8788],[81.7961,17.8707],[81.8014,17.8607],[81.803,17.8523],[81.7965,17.8474],[81.791,17.8402],[81.7726,17.8381],[81.7616,17.8265],[81.7475,17.8298],[81.7382,17.8275],[81.732,17.8234],[81.7181,17.8133],[81.7126,17.8077],[81.7069,17.7927],[81.7,17.7839],[81.6934,17.7787],[81.6833,17.7753],[81.6616,17.7738],[81.6505,17.7738],[81.6317,17.7709],[81.6272,17.7667],[81.6215,17.7551],[81.6178,17.7518],[81.5906,17.7388],[81.5853,17.7342],[81.5816,17.7268],[81.5806,17.72],[81.5797,17.7111],[81.5798,17.6961],[81.5769,17.691],[81.5689,17.6848],[81.5623,17.6746],[81.5548,17.6589],[81.553,17.6535],[81.5429,17.6387],[81.5277,17.627],[81.5206,17.6181],[81.518,17.6118],[81.518,17.6066],[81.5166,17.6036],[81.5117,17.5982],[81.5214,17.5913],[81.5296,17.5841],[81.5326,17.581],[81.5325,17.5781],[81.529,17.573],[81.5225,17.5656],[81.5179,17.5577],[81.5102,17.5477],[81.5082,17.5399],[81.5068,17.5185],[81.5083,17.51],[81.507,17.4985],[81.5024,17.4855],[81.5026,17.4745],[81.5047,17.4689],[81.5042,17.4623],[81.5023,17.4574],[81.4908,17.4408],[81.4811,17.4281],[81.4661,17.414],[81.4604,17.4069],[81.4549,17.3993],[81.4504,17.3903],[81.4425,17.3835],[81.429,17.3808],[81.4272,17.375],[81.4245,17.3702],[81.4153,17.37],[81.3941,17.3637],[81.3807,17.3657],[81.3728,17.3688],[81.3587,17.377],[81.3521,17.3842],[81.3518,17.3939],[81.3462,17.3984],[81.3392,17.4005],[81.3335,17.3991],[81.3313,17.3976],[81.3204,17.3832],[81.3104,17.3682],[81.3077,17.3606],[81.298,17.346],[81.2906,17.3382],[81.276,17.3285],[81.2711,17.3304],[81.2664,17.3311],[81.2431,17.3312],[81.2276,17.3301],[81.1991,17.3357],[81.1904,17.3305],[81.187,17.3228],[81.1808,17.3138],[81.1794,17.3048],[81.18,17.2751],[81.1835,17.2688],[81.1894,17.2631],[81.1769,17.2508],[81.1717,17.2411],[81.1544,17.2401],[81.127,17.233],[81.0933,17.222],[81.071,17.2125],[81.0627,17.2185],[81.0554,17.2222],[81.0527,17.2129],[81.0488,17.2083],[81.0437,17.2056],[81.0403,17.2007],[81.035,17.195],[81.0142,17.1928],[81.0066,17.1903],[81.0001,17.188],[80.994,17.1877],[80.9751,17.1928],[80.9648,17.1965],[80.9565,17.2015],[80.9478,17.2086],[80.9394,17.2132],[80.9294,17.214],[80.9226,17.2134],[80.9141,17.2094],[80.9164,17.201],[80.9158,17.192],[80.9173,17.1862],[80.9218,17.182],[80.9237,17.1781],[80.9228,17.169],[80.921,17.1617],[80.9221,17.1542],[80.9182,17.1507],[80.9128,17.1494],[80.905,17.149],[80.8977,17.1493],[80.8856,17.1534],[80.8791,17.1545],[80.8756,17.1328],[80.8723,17.1262],[80.8639,17.1196],[80.873,17.1041],[80.8712,17.0939],[80.8714,17.0898],[80.8653,17.0768],[80.8677,17.0592],[80.8638,17.0524],[80.8594,17.0485],[80.8537,17.0412],[80.8414,17.0341],[80.8382,17.0407],[80.8321,17.0461],[80.8121,17.0508],[80.8017,17.0513],[80.7941,17.0559],[80.789,17.057],[80.7749,17.0585],[80.7554,17.0631],[80.7345,17.0727],[80.7214,17.0736],[80.7039,17.0764],[80.6927,17.0768],[80.6901,17.0724],[80.6844,17.0693],[80.6765,17.068],[80.6693,17.0648],[80.6579,17.0626],[80.6483,17.0631],[80.6427,17.0669],[80.6464,17.0736],[80.6465,17.0799],[80.6531,17.0851],[80.6641,17.0919],[80.6654,17.0957],[80.655,17.1024],[80.6451,17.1049],[80.6339,17.1096],[80.6384,17.1179],[80.6326,17.1198],[80.6252,17.1236],[80.6216,17.1245],[80.6125,17.1233],[80.6037,17.1274],[80.5889,17.1387],[80.5821,17.143],[80.5688,17.1458],[80.5577,17.1314],[80.5503,17.1281],[80.544,17.1275],[80.5378,17.1214],[80.528,17.1159],[80.5203,17.1139],[80.5047,17.1155],[80.5051,17.109],[80.501,17.1001],[80.4973,17.095],[80.4954,17.0906],[80.4932,17.0753],[80.4933,17.0641],[80.4908,17.058],[80.4837,17.0506],[80.4804,17.0459],[80.4728,17.0449],[80.4615,17.0448],[80.4549,17.0248],[80.4412,17.0295],[80.4291,17.0326],[80.4264,17.0363],[80.4229,17.0495],[80.4094,17.0618],[80.4074,17.0674],[80.4083,17.0729],[80.4059,17.0815],[80.4036,17.0851],[80.4017,17.0854],[80.3986,17.0838],[80.3876,17.0737],[80.3827,17.0707],[80.3755,17.0641],[80.3763,17.0603],[80.3802,17.0551],[80.3869,17.0418],[80.3858,17.0355],[80.3864,17.031],[80.3923,17.0274],[80.3973,17.0218],[80.3965,17.015],[80.3951,17.0106],[80.3905,17.0077],[80.3798,17.0035],[80.3798,17.0008],[80.3802,16.9948],[80.3783,16.9907],[80.3696,16.9822],[80.3668,16.9783],[80.369,16.9782],[80.3894,16.9703],[80.4063,16.9648],[80.421,16.962],[80.4512,16.9528],[80.4618,16.9463],[80.4719,16.9382],[80.4786,16.9345],[80.4856,16.9292],[80.4965,16.9255],[80.4943,16.935],[80.4957,16.9448],[80.5,16.9561],[80.5185,16.9504],[80.5294,16.9444],[80.5405,16.9582],[80.5783,16.935],[80.593,16.9347],[80.5979,16.9249],[80.5991,16.9198],[80.5982,16.9153],[80.5947,16.9125],[80.5909,16.9113],[80.59,16.905],[80.5922,16.8988],[80.5946,16.8954],[80.5956,16.8822],[80.5853,16.8813],[80.5738,16.8773],[80.5737,16.8582],[80.5728,16.8508],[80.5713,16.8446],[80.5635,16.8331],[80.5649,16.8267],[80.5701,16.8254],[80.5759,16.8254],[80.5807,16.8204],[80.5948,16.815],[80.6026,16.8063],[80.6067,16.8005],[80.613,16.7962],[80.6065,16.7935],[80.5782,16.7792],[80.5717,16.7712],[80.5554,16.776],[80.539,16.7784],[80.527,16.7771],[80.5199,16.7783],[80.4984,16.7841],[80.4935,16.7896],[80.4879,16.7932],[80.4799,16.7965],[80.4652,16.7982],[80.4639,16.8146],[80.4614,16.8234],[80.4535,16.8275],[80.4406,16.832],[80.4409,16.8353],[80.4316,16.8374],[80.4302,16.8452],[80.4274,16.8504],[80.4084,16.8577],[80.4089,16.8451],[80.4079,16.8396],[80.403,16.8332],[80.3881,16.8276],[80.3866,16.8205],[80.3846,16.8187],[80.3817,16.8191],[80.3758,16.8347],[80.3734,16.8469],[80.3699,16.8583],[80.3673,16.8628],[80.3596,16.8612],[80.3436,16.8636],[80.346,16.875],[80.336,16.8789],[80.3279,16.8788],[80.3271,16.8853],[80.3246,16.8918],[80.3247,16.9024],[80.3219,16.9198],[80.324,16.9201],[80.3164,16.9315],[80.3125,16.9472],[80.3099,16.9635],[80.2975,16.9844],[80.2847,17.0008],[80.2706,17.0181],[80.2587,17.0149],[80.2496,17.0103],[80.2442,17.0098],[80.2407,17.0124],[80.2263,17.027],[80.2216,17.0266],[80.2097,17.0205],[80.204,17.0254],[80.2045,17.0331],[80.2026,17.0498],[80.1905,17.0522],[80.1789,17.0377],[80.1756,17.0309],[80.1575,17.0154],[80.1508,17.0088],[80.1489,17.0006],[80.1422,16.9927],[80.1353,16.9927],[80.1285,16.9941],[80.123,16.9932],[80.1211,16.9896],[80.1141,16.9886],[80.1078,16.9901],[80.096,16.9947],[80.0923,16.985],[80.0926,16.9705],[80.0542,16.9725],[80.0524,16.9874],[80.0516,17.0001],[80.0557,17.008],[80.0622,17.0173],[80.0578,17.0264],[80.0483,17.0301],[80.037,17.0428],[80.021,17.0569],[80.0098,17.0628],[79.9999,17.0694],[79.9883,17.0883],[79.9793,17.1004],[79.9696,17.108],[79.9534,17.1253],[79.9473,17.1301],[79.941,17.1328],[79.9273,17.1322],[79.9206,17.1328],[79.9137,17.1355],[79.9139,17.1411],[79.9151,17.1476],[79.914,17.1532],[79.9091,17.1577],[79.8916,17.1664],[79.8834,17.173],[79.8778,17.1785],[79.8756,17.1866],[79.8779,17.2013],[79.8803,17.2092],[79.8848,17.2134],[79.8996,17.2184],[79.8967,17.236],[79.8984,17.2472],[79.8975,17.253],[79.8908,17.2629],[79.8799,17.2679],[79.8513,17.2717],[79.8391,17.2748],[79.826,17.2762],[79.8199,17.2807],[79.815,17.2868],[79.7968,17.3123],[79.7929,17.3198],[79.8026,17.328],[79.8116,17.3337],[79.8194,17.3366],[79.8323,17.3339],[79.8408,17.3288],[79.8523,17.3357],[79.8649,17.3337],[79.8722,17.3334],[79.8783,17.3421],[79.8794,17.3499],[79.8795,17.3593],[79.8836,17.3595],[79.8918,17.3548],[79.8964,17.3719],[79.9062,17.3763],[79.9228,17.3747],[79.9315,17.3752],[79.9386,17.3792],[79.9357,17.391],[79.9402,17.3945],[79.949,17.395],[79.956,17.3971],[79.9698,17.4046],[79.9867,17.4007],[79.9901,17.3908],[79.99,17.374],[80,17.3629],[80.0395,17.3533],[80.0485,17.3525],[80.0545,17.3472],[80.0642,17.3516],[80.069,17.3561],[80.0761,17.3603],[80.0807,17.3675],[80.089,17.3648],[80.0953,17.3609],[80.1031,17.3597],[80.1114,17.3642],[80.1139,17.3714],[80.1176,17.3751],[80.1208,17.3814],[80.1277,17.3847],[80.1311,17.3902],[80.1366,17.3921],[80.1433,17.3932],[80.1552,17.3866],[80.1592,17.3793],[80.1621,17.3785],[80.1622,17.3867],[80.1608,17.3943],[80.162,17.4077],[80.1684,17.4332],[80.1698,17.4428],[80.1695,17.455],[80.1288,17.4466],[80.1285,17.4632],[80.1302,17.4715],[80.1281,17.4821],[80.1185,17.4868],[80.1069,17.4907],[80.1003,17.4967],[80.0901,17.5137],[80.0842,17.5278],[80.0849,17.5371],[80.087,17.5483],[80.0801,17.5557],[80.085,17.5662],[80.0872,17.5756],[80.077,17.5839],[80.0687,17.5885],[80.0626,17.5887],[80.0597,17.5927],[80.0542,17.596],[80.0571,17.608],[80.0646,17.6255],[80.074,17.6425],[80.0736,17.6477],[80.0759,17.652],[80.0884,17.6564],[80.0901,17.6595],[80.085,17.6733],[80.0755,17.6817],[80.0445,17.6971],[80.0464,17.7068],[80.0516,17.7151],[80.0599,17.7124],[80.0652,17.7095],[80.0763,17.7112],[80.0917,17.7176],[80.1258,17.7293],[80.1364,17.7342],[80.1437,17.7456],[80.1546,17.7486],[80.1642,17.753],[80.1658,17.745],[80.1685,17.7394],[80.1707,17.7277],[80.174,17.7255],[80.1776,17.7244],[80.1723,17.7165],[80.1731,17.712],[80.214,17.7394],[80.2257,17.7462],[80.2388,17.7521],[80.2424,17.7418],[80.2457,17.7365],[80.2518,17.7394],[80.2519,17.7423],[80.2564,17.7433],[80.2599,17.7495],[80.2624,17.7686],[80.2583,17.783],[80.2539,17.8278],[80.2729,17.8602],[80.2777,17.8712],[80.28,17.8823],[80.2799,17.8963],[80.2837,17.9091],[80.2754,17.9205],[80.273,17.9335],[80.2768,17.9489],[80.2781,17.9605],[80.2774,17.9681],[80.2943,17.9667],[80.2996,17.9676],[80.3088,17.9728],[80.3099,17.9734],[80.3137,17.9771],[80.3282,18.001],[80.3317,18.0057],[80.3454,18.0172],[80.3464,18.0286],[80.349,18.0366],[80.3523,18.0406],[80.3568,18.044],[80.3755,18.0643],[80.3953,18.0819],[80.4051,18.0783],[80.4123,18.0738],[80.4203,18.0674],[80.4356,18.059],[80.439,18.0601],[80.4481,18.0652],[80.4513,18.0643],[80.4601,18.0601],[80.4567,18.067],[80.4572,18.079],[80.4619,18.0832],[80.4638,18.0862],[80.4741,18.1111],[80.4801,18.122],[80.4796,18.1259],[80.4682,18.1347],[80.4902,18.1423],[80.5003,18.1392],[80.5061,18.1293],[80.5177,18.1206],[80.5196,18.1155],[80.5234,18.1138],[80.5314,18.1041],[80.5377,18.0991],[80.5444,18.0963],[80.547,18.097],[80.5536,18.104],[80.5565,18.1042],[80.5657,18.1028],[80.5709,18.1001],[80.5886,18.0873],[80.5983,18.0824],[80.6026,18.0832],[80.6098,18.0904],[80.6127,18.099],[80.6163,18.1039],[80.6181,18.1126],[80.6203,18.1135],[80.6307,18.1096],[80.6369,18.1089],[80.6392,18.1109],[80.6449,18.1213],[80.6445,18.1253],[80.6269,18.1272],[80.6267,18.1307],[80.6284,18.1351],[80.6319,18.14],[80.649,18.1347],[80.6565,18.1341],[80.6584,18.1432],[80.6565,18.1475],[80.6505,18.1547],[80.6518,18.1564],[80.6552,18.1559],[80.6583,18.1543],[80.6612,18.1557],[80.6623,18.1635],[80.6664,18.1711],[80.6629,18.175],[80.6596,18.176],[80.6477,18.1862],[80.634,18.1919],[80.6341,18.1936],[80.6322,18.1964],[80.6311,18.2006],[80.6289,18.2045],[80.6227,18.2041],[80.6179,18.2051],[80.6128,18.213],[80.6023,18.2212],[80.5894,18.2279],[80.584,18.2323],[80.5741,18.2388],[80.5632,18.2447],[80.5582,18.2465],[80.543,18.2568],[80.5382,18.2612],[80.5272,18.265],[80.5202,18.2657],[80.5106,18.2642],[80.5046,18.2664],[80.4989,18.2731],[80.4963,18.2801],[80.4924,18.2854],[80.4823,18.2951],[80.4777,18.3007],[80.4743,18.3069],[80.4699,18.3241],[80.4726,18.3356],[80.4724,18.341],[80.4675,18.3552],[80.4697,18.364],[80.4751,18.3769],[80.4755,18.3855],[80.4729,18.3895],[80.4619,18.3971],[80.4585,18.4006],[80.4579,18.4046],[80.461,18.4205],[80.4629,18.4269],[80.4656,18.4325],[80.4666,18.4377],[80.4653,18.4474],[80.4626,18.4513],[80.454,18.4572],[80.4411,18.4605],[80.4359,18.4605],[80.4295,18.4587],[80.4225,18.4602],[80.4159,18.4603],[80.4114,18.4585],[80.4045,18.4584],[80.3959,18.4611],[80.3889,18.4645],[80.3842,18.4687],[80.3811,18.4736],[80.3791,18.4843],[80.3804,18.4966],[80.3793,18.501],[80.3838,18.5055],[80.3819,18.5128],[80.3816,18.5218],[80.3783,18.5241],[80.3763,18.5279],[80.3767,18.5335],[80.3779,18.5377],[80.381,18.5432],[80.3969,18.5568],[80.4002,18.5623],[80.402,18.5672],[80.4024,18.5718],[80.3983,18.5829],[80.389,18.5984],[80.3969,18.6041],[80.4007,18.6078],[80.4096,18.612],[80.4235,18.6136],[80.425,18.6156],[80.4577,18.6312],[80.4705,18.6276],[80.4753,18.6277],[80.4797,18.6286],[80.4876,18.6326],[80.491,18.633],[80.4959,18.6316],[80.5057,18.6226],[80.5182,18.6206],[80.5214,18.6181],[80.5228,18.6123],[80.5256,18.6084],[80.5294,18.6058],[80.5361,18.5987],[80.5369,18.5949],[80.5396,18.5911],[80.548,18.588],[80.5654,18.5779],[80.5696,18.5747],[80.5756,18.5666],[80.5891,18.5626],[80.6032,18.5543],[80.6086,18.5503],[80.6117,18.546],[80.6185,18.5388],[80.6215,18.5313],[80.629,18.5284],[80.6347,18.5235],[80.6404,18.5242],[80.6427,18.5206],[80.6441,18.5126],[80.6412,18.5085],[80.6423,18.504],[80.6445,18.4993],[80.656,18.4845],[80.6585,18.4777],[80.6701,18.4712],[80.6739,18.4681],[80.6776,18.4667],[80.6809,18.4638],[80.6819,18.4618],[80.6883,18.459],[80.6902,18.4555],[80.6909,18.4501],[80.6997,18.446],[80.7027,18.4463],[80.7067,18.4416],[80.703,18.4401],[80.7004,18.4344],[80.6988,18.4249],[80.7208,18.4113],[80.7261,18.4154],[80.7303,18.4159],[80.7344,18.4146],[80.7366,18.4094],[80.7349,18.4056],[80.7318,18.4009],[80.7235,18.393],[80.7241,18.3886],[80.7265,18.3849],[80.7306,18.3815],[80.7321,18.3777],[80.7309,18.3736],[80.7306,18.367],[80.7342,18.356],[80.7426,18.3445],[80.7508,18.328],[80.7523,18.3227],[80.7532,18.3109],[80.7525,18.308],[80.7592,18.3033],[80.7608,18.2972],[80.7649,18.2906],[80.7674,18.2885],[80.7711,18.2876],[80.7743,18.2842],[80.7813,18.2709],[80.7854,18.2657],[80.7896,18.2656],[80.7928,18.2641],[80.7961,18.2601],[80.7962,18.2558],[80.7952,18.2526],[80.7922,18.2493],[80.7773,18.2424],[80.7648,18.2355],[80.7412,18.2248],[80.7402,18.2115],[80.7405,18.2002],[80.7425,18.1778],[80.753,18.1709],[80.7704,18.1691],[80.7949,18.1703],[80.8059,18.1725],[80.8189,18.1847],[80.8187,18.1894],[80.8259,18.1933],[80.8268,18.1982],[80.8257,18.2189],[80.8263,18.2251],[80.8252,18.2313],[80.8269,18.2371],[80.8322,18.2397],[80.8376,18.2402],[80.8422,18.2394],[80.8476,18.2342],[80.8671,18.2321],[80.8698,18.2278],[80.8755,18.2135],[80.8753,18.2094],[80.8737,18.2072],[80.8693,18.2049],[80.8645,18.2046],[80.8572,18.2064],[80.8562,18.2039],[80.857,18.1994],[80.8603,18.1897],[80.8607,18.1847],[80.8597,18.1746],[80.8638,18.158],[80.8633,18.1531],[80.8638,18.1492],[80.8664,18.1454],[80.8697,18.1428],[80.8701,18.139],[80.8892,18.1389],[80.901,18.1408],[80.9088,18.1411],[80.9201,18.1449],[80.9401,18.1558],[80.9439,18.1589],[80.9448,18.1612],[80.9523,18.1635],[80.958,18.1706],[80.9623,18.1734],[80.9737,18.1748],[80.9818,18.1746],[80.9818,18.1737]],[[80.6874,18.1176],[80.699,18.1265],[80.6964,18.133],[80.6878,18.1432],[80.6843,18.1462],[80.6803,18.139],[80.678,18.131],[80.6776,18.1243],[80.6763,18.1198],[80.6745,18.113],[80.6795,18.1082],[80.6874,18.1176]]]},"properties":{"district_name":"Khammam","raw_district_name":"Khammam","state_code":"AP","state_name":"Andhra Pradesh","census_code":541,"data_source":"DataMeet India Maps (Census 2011 Boundaries)"}},{"type":"Feature","geometry":{"type":"MultiPolygon","coordinates":[[[[80.6037,17.1274],[80.6125,17.1233],[80.6216,17.1245],[80.6252,17.1236],[80.6326,17.1198],[80.6384,17.1179],[80.6339,17.1096],[80.6451,17.1049],[80.655,17.1024],[80.6654,17.0957],[80.6641,17.0919],[80.6531,17.0851],[80.6465,17.0799],[80.6464,17.0736],[80.6427,17.0669],[80.6483,17.0631],[80.6579,17.0626],[80.6693,17.0648],[80.6765,17.068],[80.6844,17.0693],[80.6901,17.0724],[80.6927,17.0768],[80.7039,17.0764],[80.7214,17.0736],[80.7345,17.0727],[80.7554,17.0631],[80.7749,17.0585],[80.789,17.057],[80.7941,17.0559],[80.8017,17.0513],[80.8121,17.0508],[80.8321,17.0461],[80.8382,17.0407],[80.8414,17.0341],[80.8537,17.0412],[80.8594,17.0485],[80.8638,17.0524],[80.8677,17.0592],[80.8742,17.0648],[80.8806,17.0669],[80.8994,17.0628],[80.9073,17.066],[80.9175,17.0636],[80.9236,17.0635],[80.9378,17.0651],[80.943,17.0644],[80.9603,17.0481],[80.9644,17.0409],[80.962,17.0187],[80.9476,17.0001],[80.9466,16.9985],[80.9425,16.991],[80.9356,16.9635],[80.9365,16.9564],[80.94,16.9466],[80.9449,16.9405],[80.9511,16.9347],[80.9593,16.9238],[80.964,16.9065],[80.9746,16.8949],[80.9893,16.8737],[81,16.8695],[81.0027,16.8563],[81.0087,16.8402],[81.0214,16.8295],[81.0362,16.8162],[81.039,16.7977],[81.0225,16.7768],[81.0139,16.7637],[81.0126,16.7428],[81.0001,16.7219],[80.9833,16.7168],[80.9924,16.6811],[81,16.675],[81.0097,16.6743],[81.0157,16.67],[81.0193,16.6644],[81.0189,16.6578],[81.0163,16.6505],[81.0107,16.6441],[81,16.64],[80.9932,16.6424],[80.9821,16.6544],[80.9766,16.6625],[80.9704,16.6689],[80.9628,16.6707],[80.9568,16.671],[80.9551,16.6643],[80.955,16.6604],[80.9643,16.653],[80.9683,16.6466],[80.9708,16.64],[80.9719,16.6328],[80.9806,16.6223],[81,16.6044],[81.0042,16.5976],[81.0057,16.5862],[81.0108,16.5613],[81.021,16.5592],[81.0346,16.5662],[81.0445,16.5734],[81.0602,16.5761],[81.0666,16.5789],[81.0806,16.5837],[81.0869,16.5869],[81.0913,16.5911],[81.0901,16.5931],[81.0821,16.599],[81.0815,16.6016],[81.0831,16.6056],[81.0867,16.6097],[81.0925,16.6119],[81.1119,16.5978],[81.1151,16.5976],[81.1271,16.6035],[81.1347,16.6062],[81.1503,16.5975],[81.1564,16.6101],[81.1636,16.6207],[81.1725,16.6211],[81.1806,16.6233],[81.1861,16.6235],[81.2042,16.6008],[81.2109,16.5885],[81.2216,16.5781],[81.227,16.5761],[81.2321,16.5762],[81.2365,16.5779],[81.2371,16.5811],[81.2367,16.5878],[81.2387,16.592],[81.2479,16.5975],[81.2658,16.6057],[81.2691,16.6099],[81.2753,16.6311],[81.2787,16.6517],[81.2854,16.6669],[81.2931,16.6767],[81.305,16.689],[81.3083,16.6915],[81.3111,16.6919],[81.3156,16.6913],[81.3224,16.6884],[81.3303,16.6828],[81.3315,16.6835],[81.3339,16.678],[81.3323,16.6577],[81.328,16.6432],[81.3249,16.624],[81.3266,16.6206],[81.3339,16.6133],[81.3421,16.6081],[81.3491,16.6091],[81.3526,16.6054],[81.3478,16.5939],[81.3454,16.5786],[81.3452,16.571],[81.3549,16.5669],[81.3499,16.5514],[81.3451,16.5407],[81.3382,16.5297],[81.3395,16.5249],[81.3313,16.5234],[81.3308,16.5195],[81.3338,16.5163],[81.34,16.5137],[81.353,16.515],[81.3615,16.5178],[81.3646,16.5117],[81.3683,16.5097],[81.3714,16.5091],[81.3719,16.5039],[81.3691,16.4996],[81.3687,16.4879],[81.3757,16.4791],[81.372,16.4735],[81.379,16.4619],[81.3852,16.4586],[81.3852,16.4556],[81.3868,16.4535],[81.3971,16.451],[81.3996,16.4423],[81.4035,16.4369],[81.4081,16.4324],[81.4185,16.4308],[81.4212,16.4312],[81.425,16.4257],[81.4376,16.4133],[81.4548,16.4176],[81.4782,16.4065],[81.4803,16.3998],[81.4848,16.3919],[81.4919,16.3857],[81.5012,16.384],[81.529,16.3933],[81.5392,16.3911],[81.5472,16.3884],[81.5479,16.387],[81.5476,16.3857],[81.5477,16.3831],[81.5483,16.3809],[81.5498,16.3795],[81.5512,16.378],[81.5539,16.3752],[81.5544,16.3746],[81.5555,16.3676],[81.5545,16.3601],[81.5534,16.3587],[81.5483,16.3557],[81.5313,16.3515],[81.5286,16.3508],[81.5148,16.3515],[81.5035,16.35],[81.4974,16.3486],[81.4848,16.3465],[81.4766,16.3459],[81.4747,16.3454],[81.4736,16.3456],[81.4717,16.345],[81.4689,16.3454],[81.4598,16.3438],[81.4423,16.3431],[81.4341,16.342],[81.4334,16.3422],[81.416,16.3391],[81.4118,16.3381],[81.4101,16.3377],[81.4046,16.3368],[81.4032,16.3369],[81.4025,16.3371],[81.402,16.3378],[81.4021,16.3392],[81.4039,16.3426],[81.4032,16.346],[81.4027,16.3465],[81.4015,16.3475],[81.3989,16.349],[81.3924,16.3518],[81.3907,16.3525],[81.3908,16.3532],[81.3911,16.354],[81.3917,16.3562],[81.3936,16.3576],[81.399,16.3601],[81.4014,16.3605],[81.4021,16.3598],[81.4032,16.3567],[81.4044,16.356],[81.4079,16.3555],[81.4093,16.356],[81.4078,16.3712],[81.412,16.373],[81.4138,16.3755],[81.4131,16.3782],[81.4105,16.3806],[81.4086,16.3814],[81.4046,16.3807],[81.4001,16.3773],[81.3993,16.376],[81.3976,16.3744],[81.3973,16.3734],[81.3946,16.3701],[81.3933,16.3683],[81.3879,16.3644],[81.3865,16.3628],[81.3852,16.3613],[81.3838,16.36],[81.382,16.3593],[81.3751,16.3606],[81.373,16.3603],[81.3723,16.3601],[81.3719,16.3589],[81.3697,16.3567],[81.369,16.3563],[81.3681,16.356],[81.3636,16.3567],[81.3565,16.3595],[81.3538,16.3614],[81.3513,16.3636],[81.3474,16.3657],[81.3434,16.3664],[81.3408,16.3663],[81.3309,16.3645],[81.3253,16.3624],[81.3226,16.3614],[81.322,16.3616],[81.316,16.3614],[81.3128,16.3602],[81.312,16.3592],[81.3125,16.3564],[81.3134,16.3555],[81.3132,16.3525],[81.3112,16.3516],[81.304,16.3487],[81.3025,16.3468],[81.3023,16.3459],[81.3024,16.3444],[81.3028,16.3435],[81.3042,16.3431],[81.3083,16.3428],[81.3112,16.344],[81.313,16.3444],[81.3171,16.3452],[81.3204,16.3448],[81.3216,16.344],[81.3212,16.3424],[81.3192,16.3412],[81.3171,16.3396],[81.3154,16.3384],[81.3114,16.3365],[81.3059,16.3334],[81.3008,16.3316],[81.3001,16.3311],[81.2985,16.3301],[81.2913,16.3255],[81.2871,16.324],[81.2583,16.319],[81.2548,16.3161],[81.2532,16.3086],[81.2528,16.3079],[81.2512,16.3064],[81.2461,16.3044],[81.2455,16.3025],[81.2456,16.3014],[81.2534,16.2986],[81.2606,16.2971],[81.2656,16.2942],[81.2664,16.29],[81.266,16.2859],[81.2632,16.2789],[81.2607,16.2763],[81.2526,16.27],[81.2519,16.2695],[81.2488,16.2678],[81.2451,16.2654],[81.2426,16.2634],[81.241,16.2623],[81.2414,16.2607],[81.243,16.2607],[81.2468,16.2606],[81.2501,16.2622],[81.253,16.2638],[81.2531,16.2638],[81.2538,16.2648],[81.2568,16.2661],[81.2632,16.27],[81.2671,16.2707],[81.266,16.2675],[81.2619,16.2628],[81.2576,16.2584],[81.2484,16.2521],[81.2476,16.2511],[81.2455,16.2484],[81.2439,16.2474],[81.2433,16.2462],[81.238,16.243],[81.2376,16.2425],[81.2374,16.242],[81.2301,16.2352],[81.2296,16.2347],[81.2294,16.2341],[81.2287,16.2339],[81.2279,16.2322],[81.2242,16.2287],[81.2238,16.2279],[81.2226,16.2269],[81.2218,16.2244],[81.219,16.2204],[81.2163,16.2132],[81.2115,16.2049],[81.2105,16.1932],[81.2076,16.1829],[81.2072,16.1823],[81.2059,16.1774],[81.2024,16.1722],[81.2012,16.1694],[81.2008,16.1661],[81.1999,16.1636],[81.1976,16.1464],[81.1944,16.1322],[81.1933,16.1292],[81.189,16.1027],[81.1863,16.0897],[81.1849,16.0844],[81.181,16.0758],[81.1804,16.0751],[81.179,16.0733],[81.1776,16.0717],[81.1772,16.0712],[81.1751,16.0681],[81.1708,16.0638],[81.161,16.0502],[81.1558,16.0394],[81.1549,16.0368],[81.1523,16.0321],[81.1483,16.0213],[81.1476,16.0192],[81.146,16.0087],[81.1465,15.9992],[81.1471,15.996],[81.1477,15.9929],[81.1514,15.9835],[81.1531,15.9793],[81.1529,15.9748],[81.1514,15.9736],[81.1481,15.973],[81.1446,15.974],[81.143,15.9745],[81.1339,15.9797],[81.1317,15.981],[81.1294,15.9824],[81.1277,15.9843],[81.1248,15.9885],[81.1226,15.9926],[81.1197,15.9965],[81.1174,15.9993],[81.1137,16.0032],[81.1088,16.0051],[81.1025,16.0071],[81.0988,16.008],[81.0944,16.0072],[81.0919,16.0064],[81.0872,16.0046],[81.0866,16.0038],[81.0838,16.0019],[81.0837,16.0008],[81.0854,15.9999],[81.0883,15.9995],[81.0923,15.9993],[81.0944,15.9995],[81.1036,15.9991],[81.1092,15.9963],[81.1107,15.995],[81.111,15.9943],[81.1119,15.9914],[81.1126,15.989],[81.1147,15.9873],[81.115,15.987],[81.1156,15.9855],[81.119,15.9824],[81.1222,15.9801],[81.1234,15.9779],[81.125,15.9757],[81.1267,15.9733],[81.1388,15.9664],[81.1409,15.9654],[81.1411,15.964],[81.1406,15.9622],[81.1397,15.9612],[81.1297,15.9548],[81.1262,15.9522],[81.1246,15.951],[81.1109,15.9433],[81.1026,15.9363],[81.0976,15.9334],[81.0905,15.93],[81.0794,15.9237],[81.0745,15.9201],[81.0743,15.9194],[81.0726,15.9182],[81.0671,15.9128],[81.0644,15.9097],[81.0631,15.9082],[81.0513,15.9006],[81.0453,15.8972],[81.0429,15.894],[81.0412,15.8921],[81.0404,15.8917],[81.0386,15.8883],[81.0378,15.8857],[81.0368,15.885],[81.0356,15.8836],[81.0344,15.8797],[81.0313,15.8766],[81.0281,15.871],[81.0239,15.8676],[81.0237,15.8667],[81.0225,15.8655],[81.0216,15.8639],[81.018,15.8598],[81.0129,15.8533],[81.0112,15.8502],[81.01,15.8492],[81.0094,15.8477],[81.0088,15.8464],[81.0078,15.8455],[80.9994,15.8327],[80.996,15.8243],[80.9964,15.818],[80.9978,15.8128],[81.0001,15.8],[81.001,15.7987],[81.0021,15.7963],[81.0034,15.7902],[81.0046,15.7896],[81.0046,15.7889],[81.0052,15.7876],[81.0071,15.7859],[81.0076,15.7852],[81.0116,15.7756],[81.012,15.7689],[81.0107,15.7656],[81.0087,15.7637],[81.0071,15.7625],[81.0057,15.7629],[81.0049,15.7642],[81.0013,15.767],[81.0004,15.7674],[80.9998,15.769],[80.9975,15.7712],[80.9935,15.7743],[80.9909,15.7783],[80.9769,15.7863],[80.9763,15.7887],[80.9746,15.7901],[80.9743,15.7908],[80.9668,15.7978],[80.9641,15.8002],[80.9637,15.801],[80.9631,15.8021],[80.9624,15.8023],[80.9619,15.8027],[80.9616,15.8033],[80.9604,15.804],[80.9601,15.8046],[80.9568,15.8069],[80.9492,15.8113],[80.9481,15.8103],[80.94,15.8072],[80.9396,15.8046],[80.9419,15.8034],[80.9495,15.8019],[80.9546,15.7986],[80.9551,15.7975],[80.9595,15.794],[80.9606,15.7909],[80.9613,15.7905],[80.9631,15.7881],[80.9653,15.7855],[80.9663,15.7839],[80.9712,15.7803],[80.9712,15.7794],[80.9724,15.7788],[80.9734,15.7784],[80.9809,15.7722],[80.9811,15.7716],[80.9821,15.7712],[80.9829,15.7705],[80.9865,15.7675],[80.989,15.7653],[80.9894,15.7642],[80.9894,15.7606],[80.9888,15.7601],[80.9872,15.7554],[80.9806,15.7506],[80.9795,15.7492],[80.9751,15.7472],[80.9748,15.7465],[80.9743,15.7455],[80.9694,15.7419],[80.9647,15.7401],[80.9642,15.7387],[80.963,15.7384],[80.961,15.737],[80.9601,15.7358],[80.9487,15.7298],[80.9455,15.7282],[80.9441,15.7282],[80.9399,15.7289],[80.9379,15.7293],[80.9369,15.7297],[80.9364,15.7301],[80.9361,15.7315],[80.933,15.7339],[80.9327,15.7348],[80.9309,15.7362],[80.9304,15.7378],[80.9286,15.7393],[80.9281,15.7397],[80.9259,15.7414],[80.9245,15.7429],[80.9238,15.7441],[80.9229,15.7456],[80.9203,15.747],[80.9098,15.7547],[80.9083,15.7573],[80.9076,15.7578],[80.9057,15.7597],[80.905,15.7599],[80.9045,15.7603],[80.9029,15.7623],[80.8998,15.766],[80.8964,15.7715],[80.8949,15.7724],[80.8896,15.7842],[80.8889,15.7847],[80.8873,15.789],[80.8863,15.7896],[80.8839,15.7922],[80.8828,15.794],[80.8821,15.7944],[80.8791,15.8001],[80.877,15.8037],[80.8755,15.8054],[80.8743,15.807],[80.873,15.8119],[80.8715,15.8204],[80.8704,15.8226],[80.8692,15.8226],[80.8685,15.8232],[80.8629,15.8221],[80.8619,15.8207],[80.861,15.8202],[80.8599,15.8176],[80.8609,15.8122],[80.863,15.8103],[80.8652,15.8061],[80.8669,15.8048],[80.8676,15.8046],[80.8686,15.8031],[80.8696,15.802],[80.8703,15.8016],[80.8712,15.8],[80.8721,15.7986],[80.8743,15.7956],[80.8746,15.7947],[80.8753,15.7943],[80.8761,15.7939],[80.8839,15.7778],[80.889,15.7659],[80.8916,15.7609],[80.8945,15.7578],[80.896,15.7548],[80.8968,15.754],[80.8971,15.7534],[80.8978,15.7532],[80.9053,15.7475],[80.9071,15.7451],[80.9112,15.741],[80.9127,15.7389],[80.9136,15.7372],[80.9147,15.7361],[80.9155,15.7346],[80.9168,15.7308],[80.9163,15.7287],[80.915,15.7273],[80.9052,15.7255],[80.8905,15.7239],[80.8806,15.7223],[80.8783,15.7223],[80.8695,15.7206],[80.8612,15.7168],[80.8599,15.7159],[80.8598,15.7152],[80.8579,15.7131],[80.856,15.712],[80.8549,15.7108],[80.8506,15.7077],[80.8462,15.7061],[80.8387,15.7066],[80.8333,15.7086],[80.8277,15.7122],[80.8239,15.7134],[80.8122,15.7128],[80.8107,15.7128],[80.8047,15.7149],[80.804,15.7162],[80.8039,15.7199],[80.8057,15.7239],[80.8066,15.7275],[80.8074,15.7339],[80.8064,15.7401],[80.8056,15.7427],[80.8046,15.7431],[80.8042,15.7448],[80.8048,15.7501],[80.8103,15.7506],[80.8107,15.749],[80.8128,15.7469],[80.8135,15.7465],[80.8156,15.742],[80.8171,15.7414],[80.8185,15.7417],[80.8193,15.7427],[80.8386,15.7682],[80.841,15.7813],[80.841,15.7842],[80.8422,15.7856],[80.8434,15.7914],[80.8458,15.8002],[80.8494,15.8118],[80.8517,15.819],[80.8553,15.8248],[80.86,15.8306],[80.86,15.8321],[80.8612,15.8335],[80.8647,15.8408],[80.8695,15.848],[80.8707,15.8538],[80.8742,15.864],[80.8754,15.8669],[80.8766,15.8698],[80.8849,15.8872],[80.8955,15.9031],[80.9015,15.9162],[80.9062,15.9234],[80.9062,15.9321],[80.9062,15.935],[80.9051,15.9525],[80.904,15.9612],[80.904,15.9655],[80.904,15.9771],[80.9028,15.9786],[80.9052,15.9859],[80.9038,15.999],[80.9054,16.0002],[80.9021,16.0241],[80.8923,16.0465],[80.8898,16.0741],[80.8784,16.0868],[80.8752,16.1089],[80.8695,16.1203],[80.8701,16.1303],[80.8692,16.1425],[80.8613,16.1556],[80.8511,16.1745],[80.835,16.2174],[80.8211,16.259],[80.8096,16.2848],[80.7946,16.3058],[80.7762,16.327],[80.7585,16.3519],[80.7385,16.382],[80.6898,16.4437],[80.6728,16.4707],[80.6454,16.4992],[80.6193,16.5155],[80.5935,16.5289],[80.5668,16.5447],[80.537,16.5667],[80.5087,16.5853],[80.4836,16.5969],[80.4477,16.6034],[80.4151,16.6058],[80.3972,16.6017],[80.3889,16.6026],[80.3803,16.6109],[80.3749,16.6182],[80.3646,16.6205],[80.3479,16.6207],[80.3341,16.6242],[80.3189,16.6258],[80.2985,16.6234],[80.2731,16.6227],[80.2428,16.6221],[80.2278,16.6236],[80.1922,16.6394],[80.1747,16.6496],[80.1581,16.6569],[80.1462,16.6634],[80.1398,16.6724],[80.1374,16.6781],[80.1383,16.6842],[80.1493,16.7046],[80.1479,16.7395],[80.1482,16.7556],[80.1374,16.7816],[80.1337,16.7999],[80.1293,16.8124],[80.1203,16.8287],[80.1109,16.834],[80.0991,16.8332],[80.0871,16.8312],[80.0781,16.8212],[80.0503,16.8335],[80.0451,16.8398],[80.0428,16.8466],[80.0428,16.8552],[80.0415,16.8599],[80.0222,16.8603],[80.0025,16.8695],[80,16.8706],[80.0034,16.8846],[80.0111,16.8988],[80.0179,16.9145],[80.0269,16.9261],[80.0368,16.9347],[80.0454,16.9437],[80.0542,16.9725],[80.0926,16.9705],[80.0923,16.985],[80.096,16.9947],[80.1078,16.9901],[80.1141,16.9886],[80.1211,16.9896],[80.123,16.9932],[80.1285,16.9941],[80.1353,16.9927],[80.1422,16.9927],[80.1489,17.0006],[80.1508,17.0088],[80.1575,17.0154],[80.1756,17.0309],[80.1789,17.0377],[80.1905,17.0522],[80.2026,17.0498],[80.2045,17.0331],[80.204,17.0254],[80.2097,17.0205],[80.2216,17.0266],[80.2263,17.027],[80.2407,17.0124],[80.2442,17.0098],[80.2496,17.0103],[80.2587,17.0149],[80.2706,17.0181],[80.2847,17.0008],[80.2975,16.9844],[80.3099,16.9635],[80.3125,16.9472],[80.3164,16.9315],[80.324,16.9201],[80.3219,16.9198],[80.3247,16.9024],[80.3246,16.8918],[80.3271,16.8853],[80.3279,16.8788],[80.336,16.8789],[80.346,16.875],[80.3436,16.8636],[80.3596,16.8612],[80.3673,16.8628],[80.3699,16.8583],[80.3734,16.8469],[80.3758,16.8347],[80.3817,16.8191],[80.3846,16.8187],[80.3866,16.8205],[80.3881,16.8276],[80.403,16.8332],[80.4079,16.8396],[80.4089,16.8451],[80.4084,16.8577],[80.4274,16.8504],[80.4302,16.8452],[80.4316,16.8374],[80.4409,16.8353],[80.4406,16.832],[80.4535,16.8275],[80.4614,16.8234],[80.4639,16.8146],[80.4652,16.7982],[80.4799,16.7965],[80.4879,16.7932],[80.4935,16.7896],[80.4984,16.7841],[80.5199,16.7783],[80.527,16.7771],[80.539,16.7784],[80.5554,16.776],[80.5717,16.7712],[80.5782,16.7792],[80.6065,16.7935],[80.613,16.7962],[80.6067,16.8005],[80.6026,16.8063],[80.5948,16.815],[80.5807,16.8204],[80.5759,16.8254],[80.5701,16.8254],[80.5649,16.8267],[80.5635,16.8331],[80.5713,16.8446],[80.5728,16.8508],[80.5737,16.8582],[80.5738,16.8773],[80.5853,16.8813],[80.5956,16.8822],[80.5946,16.8954],[80.5922,16.8988],[80.59,16.905],[80.5909,16.9113],[80.5947,16.9125],[80.5982,16.9153],[80.5991,16.9198],[80.5979,16.9249],[80.593,16.9347],[80.5783,16.935],[80.5405,16.9582],[80.5294,16.9444],[80.5185,16.9504],[80.5,16.9561],[80.4957,16.9448],[80.4943,16.935],[80.4965,16.9255],[80.4856,16.9292],[80.4786,16.9345],[80.4719,16.9382],[80.4618,16.9463],[80.4512,16.9528],[80.421,16.962],[80.4063,16.9648],[80.3894,16.9703],[80.369,16.9782],[80.3668,16.9783],[80.3696,16.9822],[80.3783,16.9907],[80.3802,16.9948],[80.3798,17.0008],[80.3798,17.0035],[80.3905,17.0077],[80.3951,17.0106],[80.3965,17.015],[80.3973,17.0218],[80.3923,17.0274],[80.3864,17.031],[80.3858,17.0355],[80.3869,17.0418],[80.3802,17.0551],[80.3763,17.0603],[80.3755,17.0641],[80.3827,17.0707],[80.3876,17.0737],[80.3986,17.0838],[80.4017,17.0854],[80.4036,17.0851],[80.4059,17.0815],[80.4083,17.0729],[80.4074,17.0674],[80.4094,17.0618],[80.4229,17.0495],[80.4264,17.0363],[80.4291,17.0326],[80.4412,17.0295],[80.4549,17.0248],[80.4615,17.0448],[80.4728,17.0449],[80.4804,17.0459],[80.4837,17.0506],[80.4908,17.058],[80.4933,17.0641],[80.4932,17.0753],[80.4954,17.0906],[80.4973,17.095],[80.501,17.1001],[80.5051,17.109],[80.5047,17.1155],[80.5203,17.1139],[80.528,17.1159],[80.5378,17.1214],[80.544,17.1275],[80.5503,17.1281],[80.5577,17.1314],[80.5688,17.1458],[80.5821,17.143],[80.5889,17.1387],[80.6037,17.1274]]],[[[81.3937,16.3338],[81.3922,16.331],[81.3897,16.3295],[81.3868,16.3287],[81.3799,16.3274],[81.3778,16.3264],[81.3703,16.3246],[81.3572,16.319],[81.3495,16.3148],[81.3319,16.3083],[81.3269,16.3065],[81.3247,16.3048],[81.3173,16.3004],[81.3092,16.2953],[81.2888,16.2846],[81.2754,16.2783],[81.2713,16.2793],[81.2709,16.2802],[81.2705,16.286],[81.2722,16.2878],[81.2785,16.2898],[81.2801,16.291],[81.2804,16.2921],[81.2796,16.2951],[81.2794,16.2957],[81.2763,16.2978],[81.2762,16.2987],[81.2704,16.3026],[81.2701,16.3036],[81.2679,16.3101],[81.2678,16.3113],[81.2701,16.313],[81.277,16.3164],[81.2788,16.3168],[81.28,16.3164],[81.2811,16.3146],[81.2813,16.3137],[81.2863,16.3119],[81.2889,16.3125],[81.2932,16.3149],[81.2937,16.3159],[81.2981,16.3169],[81.2997,16.3173],[81.3144,16.3187],[81.3167,16.3191],[81.3249,16.3205],[81.3277,16.3216],[81.3305,16.3202],[81.3268,16.3172],[81.3189,16.3143],[81.3118,16.3077],[81.3222,16.3102],[81.3268,16.3123],[81.3304,16.3143],[81.335,16.3161],[81.3519,16.3233],[81.3607,16.3284],[81.3633,16.332],[81.3643,16.3327],[81.3689,16.334],[81.3716,16.333],[81.3802,16.3325],[81.388,16.3356],[81.3918,16.3364],[81.3939,16.3354],[81.3937,16.3338]]]]},"properties":{"district_name":"Krishna","raw_district_name":"Krishna","state_code":"AP","state_name":"Andhra Pradesh","census_code":547,"data_source":"DataMeet India Maps (Census 2011 Boundaries)"}},{"type":"Feature","geometry":{"type":"Polygon","coordinates":[[[78.921,16.1157],[78.9333,16.0698],[78.9271,16.0261],[78.9211,15.9999],[78.9133,15.9844],[78.9107,15.9764],[78.9018,15.9643],[78.8936,15.9581],[78.8734,15.9405],[78.8599,15.9307],[78.8332,15.9072],[78.8204,15.89],[78.817,15.8841],[78.8127,15.8748],[78.806,15.8453],[78.7998,15.802],[78.7981,15.7925],[78.795,15.7559],[78.7916,15.7374],[78.7794,15.701],[78.7751,15.6788],[78.7739,15.6577],[78.7733,15.6633],[78.7729,15.6007],[78.7769,15.5772],[78.7798,15.5326],[78.778,15.5106],[78.7737,15.4731],[78.7724,15.4529],[78.7737,15.4204],[78.7737,15.4063],[78.7662,15.3876],[78.7536,15.3626],[78.7503,15.3535],[78.7475,15.3416],[78.7446,15.3209],[78.7435,15.3054],[78.744,15.2708],[78.743,15.2414],[78.7457,15.2101],[78.75,15.1824],[78.7612,15.1824],[78.7678,15.1842],[78.7696,15.1857],[78.7688,15.178],[78.7692,15.1689],[78.7599,15.1052],[78.7607,15.0959],[78.7605,15.0873],[78.7669,15.0729],[78.7695,15.0648],[78.765,15.0577],[78.7601,15.0517],[78.7628,15.0383],[78.7553,15.0352],[78.7476,15.0289],[78.7406,15.0256],[78.7305,15.0225],[78.7199,15.0213],[78.7208,15.0129],[78.719,15.0003],[78.7172,14.9932],[78.7201,14.976],[78.7187,14.9654],[78.7072,14.9619],[78.6937,14.9643],[78.6917,14.9632],[78.6891,14.9514],[78.6882,14.9435],[78.6853,14.9367],[78.6713,14.9286],[78.6653,14.93],[78.6362,14.9235],[78.6339,14.9265],[78.634,14.9367],[78.6301,14.942],[78.6228,14.9446],[78.6138,14.9445],[78.609,14.949],[78.6037,14.9486],[78.5979,14.9413],[78.5908,14.9367],[78.5845,14.9353],[78.5712,14.9287],[78.5633,14.9266],[78.5557,14.9259],[78.5516,14.9332],[78.552,14.9494],[78.5529,14.9567],[78.5475,14.9603],[78.5349,14.9559],[78.5249,14.9441],[78.5186,14.9338],[78.5091,14.9239],[78.5015,14.9181],[78.496,14.9108],[78.494,14.9043],[78.4919,14.9008],[78.4825,14.9003],[78.4855,14.9119],[78.4956,14.9382],[78.5031,14.9505],[78.5094,14.9574],[78.5151,14.9684],[78.5168,14.9793],[78.5205,14.9921],[78.5261,15.0004],[78.5265,15.0157],[78.5287,15.0324],[78.5285,15.0432],[78.526,15.0584],[78.5223,15.0658],[78.5109,15.068],[78.4988,15.0679],[78.4949,15.0632],[78.4895,15.0581],[78.4906,15.0484],[78.4952,15.0372],[78.4881,15.0351],[78.479,15.0376],[78.4717,15.0385],[78.4651,15.0346],[78.4557,15.0323],[78.4493,15.0358],[78.4429,15.0356],[78.4388,15.034],[78.4302,15.0339],[78.4262,15.0271],[78.4209,15.0004],[78.4176,14.9943],[78.4163,14.9856],[78.4158,14.9752],[78.4132,14.9638],[78.4071,14.9614],[78.3936,14.9674],[78.3862,14.9732],[78.3739,14.9813],[78.3654,14.9841],[78.3548,14.9892],[78.3503,14.9933],[78.3493,15.0004],[78.3557,15.0145],[78.3597,15.0278],[78.3635,15.0294],[78.3714,15.0274],[78.377,15.0281],[78.381,15.0357],[78.3853,15.0395],[78.393,15.0422],[78.3957,15.0465],[78.3951,15.0541],[78.3854,15.0574],[78.3741,15.0572],[78.3691,15.0612],[78.3573,15.0642],[78.3367,15.0678],[78.3127,15.0698],[78.2964,15.0728],[78.2889,15.0678],[78.2844,15.0617],[78.2832,15.0543],[78.289,15.0477],[78.2894,15.0401],[78.2872,15.0327],[78.2832,15.0291],[78.2743,15.0277],[78.2671,15.0236],[78.2589,15.0109],[78.2544,15.0054],[78.2482,15.0003],[78.244,14.986],[78.2408,14.9609],[78.2372,14.9545],[78.2267,14.9484],[78.2155,14.954],[78.1888,14.9591],[78.179,14.9592],[78.1657,14.9571],[78.1615,14.9529],[78.1555,14.9511],[78.1443,14.9453],[78.1445,14.9481],[78.1414,14.9563],[78.1255,14.9662],[78.1035,14.9693],[78.0954,14.976],[78.0909,14.9812],[78.0618,14.9947],[78.0456,15.0001],[78.0356,15.0076],[78.024,15.0189],[78.0196,15.0253],[78.0175,15.0498],[78.0164,15.055],[78.0138,15.0577],[78.0055,15.0516],[78.0002,15.0446],[77.9961,15.0465],[77.994,15.051],[77.9959,15.0639],[77.9979,15.0653],[77.9938,15.0689],[77.9948,15.0752],[78.0001,15.0724],[78.0029,15.0723],[78.0094,15.0738],[78.0151,15.0767],[78.0224,15.0882],[78.0251,15.0948],[78.0256,15.1027],[78.0253,15.1143],[78.0179,15.1197],[78.0103,15.1237],[78.0001,15.1321],[77.9981,15.1354],[77.9928,15.1364],[77.9768,15.1374],[77.9695,15.1239],[77.9679,15.1141],[77.9653,15.1028],[77.9353,15.1107],[77.9174,15.1193],[77.9132,15.122],[77.9086,15.1232],[77.9094,15.1286],[77.916,15.1286],[77.9164,15.1302],[77.9124,15.1352],[77.9152,15.1407],[77.9263,15.1488],[77.9262,15.1506],[77.9224,15.1519],[77.9251,15.1579],[77.9238,15.1634],[77.9214,15.1668],[77.9212,15.1701],[77.9142,15.1731],[77.9037,15.1762],[77.8948,15.1765],[77.8883,15.1752],[77.881,15.1429],[77.8762,15.134],[77.856,15.1331],[77.849,15.129],[77.8424,15.1303],[77.8407,15.1425],[77.8239,15.1401],[77.8187,15.1403],[77.8146,15.1333],[77.814,15.1255],[77.8111,15.1226],[77.8037,15.1183],[77.7994,15.1145],[77.7936,15.1038],[77.7897,15.1049],[77.7868,15.1076],[77.7824,15.1088],[77.7786,15.1102],[77.7733,15.1119],[77.7746,15.1223],[77.7511,15.1278],[77.7479,15.1426],[77.7332,15.1488],[77.7319,15.169],[77.7212,15.1709],[77.7171,15.1786],[77.7128,15.1845],[77.7091,15.1811],[77.7,15.1797],[77.6962,15.1825],[77.6981,15.1954],[77.7004,15.2],[77.6992,15.2035],[77.6963,15.2071],[77.6915,15.2087],[77.6899,15.2122],[77.6853,15.2132],[77.6791,15.2192],[77.679,15.2254],[77.6763,15.2295],[77.6694,15.2314],[77.6623,15.2317],[77.652,15.2293],[77.651,15.2244],[77.644,15.2215],[77.6407,15.221],[77.6359,15.206],[77.6168,15.2039],[77.6125,15.1815],[77.5969,15.1819],[77.5876,15.1842],[77.5821,15.1879],[77.5727,15.1984],[77.5659,15.2018],[77.5578,15.2046],[77.5491,15.2064],[77.5434,15.209],[77.5307,15.2213],[77.5267,15.2229],[77.505,15.2204],[77.5002,15.2184],[77.4987,15.2142],[77.4867,15.211],[77.4842,15.208],[77.4793,15.2092],[77.4693,15.2139],[77.4527,15.22],[77.4515,15.2131],[77.4482,15.2109],[77.4529,15.2047],[77.4357,15.2084],[77.4345,15.2155],[77.4324,15.2197],[77.4257,15.2223],[77.4094,15.2226],[77.4054,15.2178],[77.397,15.2166],[77.3865,15.2162],[77.3731,15.2204],[77.3659,15.2213],[77.361,15.205],[77.3593,15.2009],[77.3567,15.1998],[77.3565,15.1964],[77.3543,15.1933],[77.352,15.1758],[77.3399,15.1749],[77.3208,15.1754],[77.3106,15.1532],[77.3022,15.1526],[77.299,15.1425],[77.2938,15.1304],[77.2786,15.1309],[77.2718,15.1297],[77.27,15.1371],[77.2654,15.1414],[77.2602,15.1415],[77.2526,15.1429],[77.2387,15.143],[77.2287,15.1446],[77.2218,15.1471],[77.2214,15.1498],[77.2148,15.1515],[77.2147,15.1536],[77.2038,15.1572],[77.1975,15.1585],[77.1948,15.1562],[77.1925,15.1563],[77.1879,15.1549],[77.1821,15.1423],[77.1771,15.1421],[77.1613,15.1453],[77.1576,15.1371],[77.1401,15.1414],[77.1368,15.1481],[77.1417,15.1546],[77.1503,15.1561],[77.1578,15.1542],[77.1625,15.1544],[77.1641,15.1575],[77.1636,15.1633],[77.168,15.1668],[77.1693,15.1739],[77.1663,15.1876],[77.1629,15.1992],[77.1605,15.1997],[77.1547,15.2132],[77.1518,15.2141],[77.1461,15.2234],[77.1255,15.2265],[77.1281,15.2386],[77.1373,15.2399],[77.1449,15.2568],[77.1514,15.2556],[77.1626,15.2567],[77.17,15.2563],[77.1689,15.2644],[77.1624,15.2657],[77.1545,15.2722],[77.1498,15.2713],[77.1496,15.2745],[77.1527,15.2762],[77.1534,15.2831],[77.1526,15.2909],[77.1435,15.2907],[77.1283,15.2928],[77.12,15.295],[77.1179,15.3243],[77.1147,15.3259],[77.1142,15.3324],[77.1038,15.3317],[77.0735,15.3246],[77.0659,15.3269],[77.0675,15.3332],[77.0672,15.343],[77.0622,15.3482],[77.0469,15.3572],[77.0423,15.3638],[77.0465,15.3798],[77.0481,15.3887],[77.0452,15.3965],[77.0375,15.4012],[77.0327,15.4062],[77.031,15.4127],[77.0352,15.4233],[77.0347,15.4312],[77.0315,15.4401],[77.028,15.4434],[77.0194,15.4459],[77.0102,15.4531],[77.0061,15.4602],[77.0048,15.4665],[77,15.4723],[76.993,15.4779],[76.98,15.4868],[76.9743,15.4957],[76.9741,15.4997],[76.9758,15.5111],[76.9856,15.5095],[76.9948,15.5059],[77,15.5045],[77.0094,15.5076],[77.0307,15.5048],[77.0328,15.5134],[77.0329,15.5299],[77.0277,15.5811],[77.0284,15.5891],[77.0329,15.603],[77.0324,15.6115],[77.0311,15.634],[77.0332,15.6385],[77.0366,15.6367],[77.04,15.637],[77.0729,15.6456],[77.0855,15.6576],[77.093,15.6522],[77.1001,15.6489],[77.1047,15.6439],[77.1081,15.6387],[77.1204,15.6299],[77.1251,15.642],[77.1292,15.6638],[77.1233,15.6668],[77.1146,15.676],[77.1049,15.6836],[77.08,15.6955],[77.082,15.698],[77.0857,15.7],[77.0884,15.7136],[77.0803,15.715],[77.0803,15.726],[77.067,15.7283],[77.051,15.7296],[77.0512,15.7377],[77.0471,15.739],[77.0506,15.7559],[77.0556,15.7547],[77.0571,15.7634],[77.0524,15.7653],[77.0536,15.7686],[77.0576,15.7682],[77.0605,15.7768],[77.0637,15.7834],[77.0664,15.7829],[77.0712,15.8006],[77.0654,15.8024],[77.0678,15.8276],[77.0561,15.8288],[77.0538,15.8246],[77.0453,15.8261],[77.0422,15.8299],[77.0377,15.8288],[77.0319,15.83],[77.0282,15.8339],[77.026,15.8362],[77.0328,15.8493],[77.0369,15.8575],[77.0448,15.8684],[77.0563,15.8807],[77.062,15.8916],[77.0698,15.9037],[77.0806,15.9141],[77.0939,15.9223],[77.1085,15.9289],[77.1246,15.9332],[77.1339,15.9348],[77.1408,15.9407],[77.1474,15.945],[77.1612,15.9489],[77.1748,15.95],[77.1847,15.9545],[77.1919,15.9552],[77.2071,15.9544],[77.2229,15.9562],[77.2313,15.9561],[77.2403,15.9573],[77.2483,15.9613],[77.2532,15.9623],[77.2624,15.9586],[77.2675,15.956],[77.2868,15.952],[77.2962,15.9546],[77.3046,15.9551],[77.3192,15.9498],[77.3397,15.948],[77.3582,15.9484],[77.3644,15.9463],[77.3727,15.9408],[77.3808,15.938],[77.3902,15.9392],[77.3973,15.9416],[77.4047,15.9403],[77.4123,15.9405],[77.4212,15.9428],[77.4267,15.9461],[77.4312,15.9471],[77.4412,15.9439],[77.4573,15.9364],[77.4718,15.9325],[77.4882,15.933],[77.5022,15.9313],[77.5144,15.9258],[77.5368,15.9211],[77.5539,15.9187],[77.5768,15.9174],[77.5852,15.9153],[77.5936,15.9121],[77.6039,15.9139],[77.6116,15.9169],[77.6191,15.913],[77.6241,15.9089],[77.631,15.9043],[77.6373,15.897],[77.6449,15.8883],[77.6536,15.8842],[77.6643,15.8818],[77.6889,15.8792],[77.6979,15.8806],[77.7049,15.8857],[77.7128,15.8894],[77.7216,15.8919],[77.7304,15.8901],[77.7375,15.8876],[77.7444,15.8839],[77.7552,15.8813],[77.7656,15.8822],[77.7758,15.8787],[77.7846,15.8747],[77.7955,15.872],[77.8049,15.8708],[77.815,15.8725],[77.8235,15.875],[77.8311,15.8793],[77.8396,15.881],[77.8456,15.8795],[77.8559,15.8794],[77.8615,15.8813],[77.8728,15.8979],[77.8822,15.9015],[77.8936,15.9015],[77.9135,15.8905],[77.9343,15.8822],[77.95,15.8806],[77.9692,15.8816],[77.979,15.8798],[77.9998,15.8667],[78.008,15.865],[78.0128,15.8777],[78.0209,15.8946],[78.0231,15.9009],[78.0304,15.9043],[78.035,15.9085],[78.0425,15.9079],[78.046,15.9039],[78.0469,15.878],[78.0551,15.8766],[78.0648,15.8563],[78.07,15.8505],[78.1076,15.8339],[78.116,15.8332],[78.1262,15.8363],[78.1333,15.8409],[78.1323,15.8549],[78.1444,15.8562],[78.1549,15.856],[78.1574,15.8551],[78.1712,15.855],[78.1752,15.8592],[78.1772,15.8725],[78.1804,15.8786],[78.1856,15.8858],[78.188,15.8937],[78.1857,15.901],[78.1865,15.9064],[78.2032,15.9183],[78.2119,15.9231],[78.2345,15.9295],[78.2445,15.9351],[78.2495,15.9431],[78.2506,15.953],[78.2539,15.9661],[78.2549,15.9743],[78.2577,15.9769],[78.2595,15.9844],[78.2663,16.0007],[78.2652,16.0111],[78.2579,16.0316],[78.2632,16.0372],[78.2747,16.0407],[78.2876,16.0381],[78.2988,16.0345],[78.3229,16.0352],[78.3302,16.0433],[78.3378,16.0531],[78.3471,16.0588],[78.3598,16.0606],[78.3768,16.0659],[78.391,16.0779],[78.4124,16.087],[78.4278,16.089],[78.4579,16.0872],[78.5026,16.0793],[78.5278,16.0714],[78.5399,16.0686],[78.554,16.0625],[78.5662,16.0627],[78.5742,16.0682],[78.5835,16.0767],[78.5997,16.0936],[78.6106,16.1028],[78.6242,16.1053],[78.6437,16.0979],[78.6539,16.0892],[78.665,16.0779],[78.6756,16.0623],[78.6823,16.0556],[78.6939,16.047],[78.721,16.0333],[78.7334,16.0297],[78.7464,16.0278],[78.7614,16.0277],[78.7826,16.0304],[78.7975,16.0395],[78.8155,16.053],[78.8213,16.059],[78.8291,16.069],[78.844,16.0941],[78.8469,16.101],[78.8478,16.1096],[78.8456,16.1176],[78.8415,16.1269],[78.8388,16.1397],[78.838,16.1488],[78.8396,16.1584],[78.8453,16.1634],[78.8538,16.1662],[78.8639,16.1653],[78.8705,16.1598],[78.8739,16.1506],[78.8756,16.142],[78.877,16.1284],[78.8802,16.117],[78.8967,16.1054],[78.9088,16.1045],[78.9181,16.1121],[78.921,16.1157]]]},"properties":{"district_name":"Kurnool","raw_district_name":"Kurnool","state_code":"AP","state_name":"Andhra Pradesh","census_code":552,"data_source":"DataMeet India Maps (Census 2011 Boundaries)"}},{"type":"Feature","geometry":{"type":"Polygon","coordinates":[[[78.7017,16.933],[78.7182,16.9267],[78.7332,16.9201],[78.7503,16.9099],[78.7417,16.9001],[78.7311,16.8816],[78.728,16.8713],[78.7361,16.8603],[78.7512,16.8544],[78.7611,16.8661],[78.7704,16.8747],[78.778,16.8806],[78.7845,16.8681],[78.7843,16.8582],[78.7781,16.8439],[78.7844,16.838],[78.7936,16.8262],[78.8044,16.8229],[78.8026,16.8141],[78.7954,16.8054],[78.7972,16.7919],[78.7972,16.7793],[78.793,16.7606],[78.7887,16.7529],[78.7823,16.7467],[78.7773,16.7449],[78.7628,16.7447],[78.7587,16.7379],[78.7632,16.7272],[78.7575,16.7067],[78.7481,16.7039],[78.7406,16.6998],[78.7272,16.6873],[78.7186,16.6809],[78.712,16.6694],[78.7174,16.6486],[78.7014,16.6489],[78.6897,16.6482],[78.6798,16.6493],[78.674,16.6485],[78.6777,16.6386],[78.685,16.6233],[78.6957,16.6196],[78.7108,16.5965],[78.7181,16.5813],[78.7097,16.5701],[78.7023,16.5632],[78.6951,16.5612],[78.6852,16.5535],[78.6798,16.5557],[78.6785,16.5637],[78.6735,16.5693],[78.6711,16.5638],[78.6689,16.5545],[78.6664,16.5419],[78.6567,16.5472],[78.6395,16.5502],[78.6369,16.5375],[78.6352,16.535],[78.628,16.5334],[78.6234,16.5305],[78.6182,16.529],[78.6141,16.5231],[78.6177,16.519],[78.6314,16.5258],[78.6366,16.5244],[78.6477,16.5339],[78.6597,16.5272],[78.6648,16.5265],[78.6735,16.5281],[78.6791,16.5333],[78.6825,16.5378],[78.6936,16.535],[78.718,16.5377],[78.7494,16.5358],[78.7585,16.5359],[78.7663,16.534],[78.7726,16.531],[78.7787,16.5256],[78.7945,16.5163],[78.8048,16.5177],[78.8254,16.5328],[78.8358,16.5421],[78.8448,16.5474],[78.8562,16.5504],[78.862,16.5495],[78.8704,16.5441],[78.8737,16.5428],[78.8881,16.5477],[78.9068,16.5504],[78.9129,16.5504],[78.9249,16.5363],[78.9283,16.5239],[78.9322,16.5175],[78.9626,16.5007],[78.9811,16.494],[79.0001,16.4952],[79.0172,16.4898],[79.069,16.4604],[79.0988,16.4395],[79.118,16.423],[79.1537,16.4053],[79.1912,16.3818],[79.2193,16.3697],[79.2311,16.3573],[79.2357,16.3438],[79.2378,16.3073],[79.233,16.2572],[79.2267,16.2468],[79.2155,16.2378],[79.2,16.2298],[79.1845,16.2242],[79.1706,16.2273],[79.1591,16.2317],[79.1504,16.2363],[79.141,16.2434],[79.1308,16.2449],[79.0764,16.245],[79.0618,16.2494],[79.0502,16.2518],[79.0386,16.2526],[79.0278,16.2511],[79.0178,16.2473],[79.0001,16.2351],[78.9857,16.2298],[78.9666,16.224],[78.9487,16.2166],[78.9331,16.2091],[78.9156,16.1978],[78.913,16.1886],[78.9132,16.1717],[78.9285,16.1405],[78.9295,16.1287],[78.9249,16.1204],[78.921,16.1157],[78.9181,16.1121],[78.9088,16.1045],[78.8967,16.1054],[78.8802,16.117],[78.877,16.1284],[78.8756,16.142],[78.8739,16.1506],[78.8705,16.1598],[78.8639,16.1653],[78.8538,16.1662],[78.8453,16.1634],[78.8396,16.1584],[78.838,16.1488],[78.8388,16.1397],[78.8415,16.1269],[78.8456,16.1176],[78.8478,16.1096],[78.8469,16.101],[78.844,16.0941],[78.8291,16.069],[78.8213,16.059],[78.8155,16.053],[78.7975,16.0395],[78.7826,16.0304],[78.7614,16.0277],[78.7464,16.0278],[78.7334,16.0297],[78.721,16.0333],[78.6939,16.047],[78.6823,16.0556],[78.6756,16.0623],[78.665,16.0779],[78.6539,16.0892],[78.6437,16.0979],[78.6242,16.1053],[78.6106,16.1028],[78.5997,16.0936],[78.5835,16.0767],[78.5742,16.0682],[78.5662,16.0627],[78.554,16.0625],[78.5399,16.0686],[78.5278,16.0714],[78.5026,16.0793],[78.4579,16.0872],[78.4278,16.089],[78.4124,16.087],[78.391,16.0779],[78.3768,16.0659],[78.3598,16.0606],[78.3471,16.0588],[78.3378,16.0531],[78.3302,16.0433],[78.3229,16.0352],[78.2988,16.0345],[78.2876,16.0381],[78.2747,16.0407],[78.2632,16.0372],[78.2579,16.0316],[78.2652,16.0111],[78.2663,16.0007],[78.2595,15.9844],[78.2577,15.9769],[78.2549,15.9743],[78.2539,15.9661],[78.2506,15.953],[78.2495,15.9431],[78.2445,15.9351],[78.2345,15.9295],[78.2119,15.9231],[78.2032,15.9183],[78.1865,15.9064],[78.1857,15.901],[78.188,15.8937],[78.1856,15.8858],[78.1804,15.8786],[78.1772,15.8725],[78.1752,15.8592],[78.1712,15.855],[78.1574,15.8551],[78.1549,15.856],[78.1444,15.8562],[78.1323,15.8549],[78.1333,15.8409],[78.1262,15.8363],[78.116,15.8332],[78.1076,15.8339],[78.07,15.8505],[78.0648,15.8563],[78.0551,15.8766],[78.0469,15.878],[78.046,15.9039],[78.0425,15.9079],[78.035,15.9085],[78.0304,15.9043],[78.0231,15.9009],[78.0209,15.8946],[78.0128,15.8777],[78.008,15.865],[77.9998,15.8667],[77.979,15.8798],[77.9692,15.8816],[77.95,15.8806],[77.9343,15.8822],[77.9135,15.8905],[77.8936,15.9015],[77.8822,15.9015],[77.8728,15.8979],[77.8615,15.8813],[77.8559,15.8794],[77.8456,15.8795],[77.8396,15.881],[77.8311,15.8793],[77.8235,15.875],[77.815,15.8725],[77.8049,15.8708],[77.7955,15.872],[77.7846,15.8747],[77.7758,15.8787],[77.7656,15.8822],[77.7552,15.8813],[77.7444,15.8839],[77.7375,15.8876],[77.7304,15.8901],[77.7216,15.8919],[77.7128,15.8894],[77.7049,15.8857],[77.6979,15.8806],[77.6889,15.8792],[77.6643,15.8818],[77.6536,15.8842],[77.6449,15.8883],[77.6373,15.897],[77.631,15.9043],[77.6241,15.9089],[77.6191,15.913],[77.6116,15.9169],[77.6039,15.9139],[77.5936,15.9121],[77.5852,15.9153],[77.5768,15.9174],[77.5539,15.9187],[77.5368,15.9211],[77.5144,15.9258],[77.5195,15.9484],[77.5208,15.9624],[77.5198,15.9681],[77.5139,15.9724],[77.5104,15.9776],[77.5104,15.9837],[77.5133,16.0007],[77.515,16.0071],[77.5066,16.0104],[77.5051,16.0162],[77.5034,16.0187],[77.5037,16.022],[77.4969,16.0304],[77.4955,16.0354],[77.5005,16.0525],[77.4993,16.0546],[77.501,16.0596],[77.5044,16.059],[77.5078,16.078],[77.4978,16.0844],[77.4977,16.0885],[77.5027,16.1019],[77.5083,16.1062],[77.5142,16.1083],[77.5075,16.1142],[77.5002,16.1193],[77.495,16.1208],[77.4914,16.1204],[77.4933,16.1311],[77.4928,16.152],[77.4915,16.1577],[77.4883,16.1632],[77.4931,16.1833],[77.4996,16.1917],[77.4996,16.1999],[77.4984,16.2107],[77.5,16.2176],[77.507,16.2203],[77.5135,16.2195],[77.5159,16.2218],[77.5154,16.2279],[77.5069,16.2293],[77.4983,16.2276],[77.4934,16.2289],[77.4935,16.2464],[77.4922,16.2543],[77.5036,16.2624],[77.5048,16.2652],[77.5059,16.2723],[77.5178,16.2752],[77.524,16.2754],[77.5291,16.2743],[77.5305,16.2716],[77.5385,16.2672],[77.5445,16.2872],[77.5479,16.2916],[77.5542,16.2952],[77.5698,16.3023],[77.574,16.2993],[77.5791,16.2935],[77.5855,16.2907],[77.5951,16.2914],[77.5971,16.2947],[77.5932,16.3002],[77.5958,16.3092],[77.5956,16.3165],[77.5914,16.325],[77.5892,16.3326],[77.5964,16.342],[77.5912,16.3425],[77.5766,16.3405],[77.5592,16.346],[77.5542,16.3492],[77.549,16.3542],[77.5398,16.3574],[77.5333,16.3628],[77.5235,16.3745],[77.5147,16.3746],[77.499,16.3801],[77.4859,16.3821],[77.4658,16.3797],[77.4534,16.3801],[77.4425,16.3787],[77.4396,16.3769],[77.4321,16.3694],[77.4265,16.3671],[77.4161,16.3669],[77.4054,16.3703],[77.3924,16.376],[77.3774,16.3841],[77.3567,16.3808],[77.3471,16.3839],[77.3368,16.3924],[77.311,16.3981],[77.2986,16.4037],[77.2886,16.407],[77.2822,16.4147],[77.2787,16.4217],[77.2732,16.4271],[77.2683,16.434],[77.2621,16.4513],[77.2563,16.4572],[77.239,16.472],[77.2427,16.4768],[77.2483,16.4761],[77.2554,16.4718],[77.2893,16.4755],[77.296,16.4776],[77.2998,16.4853],[77.3008,16.4898],[77.3006,16.4954],[77.3131,16.4933],[77.3176,16.4915],[77.3284,16.4849],[77.334,16.4847],[77.3477,16.4861],[77.3477,16.4889],[77.352,16.4895],[77.3557,16.4873],[77.3623,16.4872],[77.3704,16.4881],[77.3713,16.491],[77.3714,16.4978],[77.3732,16.5061],[77.377,16.51],[77.3832,16.5148],[77.3853,16.5156],[77.3929,16.5161],[77.3977,16.5189],[77.4048,16.52],[77.4162,16.5179],[77.4195,16.5219],[77.4199,16.548],[77.4057,16.5508],[77.4046,16.5542],[77.4012,16.5569],[77.4007,16.5595],[77.399,16.5622],[77.3968,16.5634],[77.3944,16.5637],[77.3956,16.5692],[77.4017,16.5673],[77.4063,16.5703],[77.4215,16.5679],[77.4252,16.5692],[77.441,16.5852],[77.4475,16.5861],[77.4607,16.585],[77.4647,16.5875],[77.4685,16.5882],[77.4685,16.5912],[77.4656,16.5947],[77.4631,16.5961],[77.4646,16.5996],[77.4685,16.5992],[77.469,16.6015],[77.4679,16.6088],[77.4581,16.6114],[77.4581,16.6178],[77.4598,16.624],[77.4656,16.6288],[77.4667,16.6332],[77.4701,16.6399],[77.4756,16.6475],[77.4736,16.6509],[77.4657,16.6528],[77.459,16.6488],[77.4527,16.6428],[77.4483,16.6397],[77.4425,16.6401],[77.4371,16.6416],[77.4404,16.6465],[77.4366,16.647],[77.4344,16.6486],[77.4322,16.654],[77.4253,16.6559],[77.421,16.6586],[77.4207,16.6667],[77.4413,16.6705],[77.4506,16.6781],[77.4659,16.6763],[77.4693,16.6822],[77.4717,16.7007],[77.4717,16.7063],[77.473,16.7126],[77.471,16.7158],[77.4652,16.717],[77.4605,16.7145],[77.4526,16.7174],[77.4496,16.7176],[77.4415,16.7114],[77.4374,16.7129],[77.4341,16.7155],[77.4295,16.7156],[77.4275,16.7183],[77.4282,16.7216],[77.4308,16.7222],[77.4316,16.7249],[77.4304,16.7266],[77.4298,16.7309],[77.4319,16.7333],[77.4354,16.7402],[77.4394,16.7533],[77.4413,16.7669],[77.4393,16.7814],[77.4416,16.7869],[77.4486,16.7838],[77.4715,16.7804],[77.4753,16.7829],[77.4758,16.789],[77.4759,16.8],[77.4699,16.8046],[77.4669,16.8083],[77.4635,16.8215],[77.4607,16.8275],[77.4645,16.8478],[77.4644,16.8582],[77.4617,16.8829],[77.4565,16.8851],[77.4563,16.8852],[77.4583,16.8897],[77.4599,16.9083],[77.458,16.9099],[77.4574,16.9126],[77.4642,16.9165],[77.4694,16.9177],[77.4718,16.9207],[77.4719,16.9278],[77.4686,16.9285],[77.4676,16.9326],[77.47,16.9381],[77.4684,16.9434],[77.4687,16.9499],[77.4681,16.9562],[77.4732,16.9574],[77.4778,16.963],[77.4832,16.9716],[77.484,16.9787],[77.4824,16.9938],[77.486,17.0007],[77.4873,17.0022],[77.4976,17.0093],[77.5035,17.0108],[77.5023,17.0187],[77.4961,17.0251],[77.4973,17.0365],[77.4959,17.0423],[77.4908,17.0481],[77.4871,17.0569],[77.4821,17.0644],[77.4794,17.0733],[77.4818,17.0757],[77.4809,17.0796],[77.4724,17.0845],[77.4678,17.0901],[77.4642,17.0962],[77.4666,17.1074],[77.4691,17.1121],[77.4736,17.1167],[77.4816,17.1194],[77.4857,17.1338],[77.4804,17.1377],[77.4766,17.1427],[77.4806,17.1498],[77.4791,17.1746],[77.4885,17.1767],[77.4989,17.175],[77.5065,17.1716],[77.5132,17.1737],[77.53,17.1682],[77.5395,17.1661],[77.5452,17.158],[77.5477,17.1447],[77.5521,17.1402],[77.56,17.1375],[77.5694,17.1331],[77.5802,17.1301],[77.5854,17.1392],[77.5893,17.1504],[77.5965,17.1501],[77.5983,17.1507],[77.6035,17.1487],[77.6077,17.1489],[77.6127,17.1494],[77.6141,17.1523],[77.6178,17.1535],[77.6233,17.153],[77.6208,17.1572],[77.6175,17.1671],[77.6446,17.1738],[77.6493,17.182],[77.6662,17.1824],[77.6699,17.1803],[77.6714,17.1811],[77.6795,17.1795],[77.685,17.1751],[77.6973,17.1763],[77.7043,17.174],[77.705,17.177],[77.6983,17.1803],[77.6973,17.1843],[77.7005,17.1913],[77.697,17.1981],[77.7041,17.2035],[77.7107,17.2005],[77.7155,17.2027],[77.7206,17.2029],[77.7192,17.2083],[77.7281,17.2059],[77.7305,17.2026],[77.7284,17.1928],[77.7287,17.1871],[77.7352,17.1821],[77.7416,17.1806],[77.7379,17.2028],[77.7352,17.2092],[77.7352,17.2218],[77.7389,17.2301],[77.7492,17.2273],[77.7552,17.2278],[77.7568,17.2215],[77.7617,17.2217],[77.7626,17.2259],[77.7732,17.2278],[77.7732,17.2312],[77.777,17.2327],[77.7754,17.2368],[77.7801,17.2344],[77.7932,17.2306],[77.7909,17.2253],[77.7892,17.2183],[77.778,17.2122],[77.7759,17.2094],[77.772,17.2083],[77.7667,17.2021],[77.7675,17.1964],[77.7725,17.1941],[77.7764,17.1869],[77.7795,17.1777],[77.7827,17.177],[77.7877,17.1738],[77.7889,17.1665],[77.7879,17.1587],[77.7881,17.1536],[77.7708,17.1291],[77.7749,17.1262],[77.7781,17.1204],[77.7768,17.1168],[77.7791,17.1135],[77.7797,17.1111],[77.7691,17.107],[77.7615,17.0896],[77.7638,17.082],[77.7617,17.0745],[77.7549,17.0619],[77.7583,17.0588],[77.767,17.0604],[77.775,17.0585],[77.7787,17.0484],[77.7882,17.0429],[77.7832,17.0288],[77.7784,17.0181],[77.7685,17.0193],[77.763,17.0111],[77.7644,17.0033],[77.763,17.0005],[77.7617,16.9936],[77.7577,16.9877],[77.7614,16.9823],[77.7622,16.9777],[77.7583,16.9696],[77.7492,16.9557],[77.7427,16.9492],[77.7308,16.943],[77.7308,16.9399],[77.7403,16.938],[77.741,16.9237],[77.7446,16.9127],[77.7414,16.9005],[77.7409,16.8928],[77.7393,16.8883],[77.738,16.8808],[77.7584,16.8724],[77.763,16.8723],[77.7689,16.8766],[77.7732,16.8786],[77.7824,16.878],[77.7954,16.8746],[77.8043,16.8845],[77.8096,16.889],[77.8141,16.8895],[77.8213,16.8841],[77.822,16.8786],[77.8215,16.865],[77.8279,16.8612],[77.8416,16.8568],[77.8425,16.8589],[77.8446,16.86],[77.8495,16.8571],[77.8586,16.8544],[77.863,16.8598],[77.8669,16.862],[77.8686,16.8593],[77.8662,16.8558],[77.8659,16.8533],[77.8728,16.8539],[77.8766,16.8556],[77.9098,16.8613],[77.9154,16.8589],[77.9144,16.8533],[77.9177,16.8503],[77.9241,16.8474],[77.9295,16.8484],[77.9376,16.8616],[77.9417,16.8643],[77.9559,16.8675],[77.9639,16.8563],[77.9681,16.8518],[77.9724,16.8498],[77.9778,16.8499],[77.9836,16.8551],[77.9878,16.8605],[77.9908,16.8736],[77.985,16.8787],[77.9823,16.8733],[77.9791,16.8699],[77.9691,16.8692],[77.9679,16.8724],[77.9718,16.8803],[77.9698,16.8892],[77.9766,16.8904],[77.9844,16.8966],[78,16.899],[78.0111,16.9017],[78.0147,16.906],[78.0142,16.9117],[78.0168,16.9145],[78.0156,16.9204],[78.0135,16.9273],[78.0094,16.9348],[78.0147,16.9433],[78.0142,16.9501],[78,16.9524],[77.9928,16.9557],[77.9886,16.9599],[77.9986,16.973],[78,16.9757],[78.003,16.978],[78.0009,16.9793],[78,16.9799],[77.9973,16.9828],[77.9971,16.9894],[77.985,16.9998],[77.9833,17.001],[77.9783,17.0024],[77.9792,17.0083],[77.9741,17.0093],[77.9687,17.0122],[77.9624,17.0115],[77.9509,17.0159],[77.951,17.0195],[77.9462,17.0197],[77.9404,17.0236],[77.9366,17.0283],[77.9331,17.0374],[77.9329,17.0458],[77.9254,17.0512],[77.9229,17.0623],[77.9295,17.067],[77.9393,17.0713],[77.9434,17.0747],[77.9506,17.0738],[77.9474,17.0799],[77.9381,17.0801],[77.9347,17.0831],[77.9359,17.0858],[77.9418,17.0859],[77.9451,17.0886],[77.9536,17.0903],[77.9558,17.0974],[77.9645,17.0974],[77.972,17.0992],[77.9774,17.098],[77.9857,17.1027],[77.9906,17.1031],[77.9916,17.1103],[77.9937,17.1165],[77.9931,17.1208],[77.992,17.1228],[77.9926,17.1269],[78.0002,17.131],[78.0095,17.1394],[78.0155,17.1483],[78.024,17.1673],[78.0279,17.1728],[78.0428,17.1772],[78.0499,17.1863],[78.0554,17.1959],[78.0678,17.1987],[78.0775,17.1974],[78.0856,17.1951],[78.0887,17.1871],[78.0875,17.1759],[78.095,17.1709],[78.0985,17.1512],[78.0868,17.1347],[78.0854,17.1254],[78.0905,17.1157],[78.1025,17.1014],[78.1185,17.1094],[78.1322,17.1124],[78.1433,17.1098],[78.1642,17.1019],[78.1828,17.0999],[78.1841,17.1041],[78.1853,17.1139],[78.18,17.1334],[78.1914,17.1405],[78.1931,17.1461],[78.1872,17.149],[78.1787,17.1507],[78.1719,17.156],[78.1708,17.1628],[78.1734,17.171],[78.19,17.1777],[78.1982,17.1797],[78.2139,17.1857],[78.2203,17.1931],[78.2229,17.2023],[78.2268,17.2061],[78.2431,17.2063],[78.2534,17.2045],[78.2621,17.206],[78.2656,17.2152],[78.2709,17.225],[78.2825,17.2282],[78.2944,17.2242],[78.2988,17.2123],[78.3014,17.1959],[78.3074,17.1837],[78.3104,17.1733],[78.3098,17.1627],[78.3078,17.1506],[78.3099,17.1463],[78.3196,17.1401],[78.329,17.1323],[78.3398,17.1205],[78.3452,17.1078],[78.3521,17.0999],[78.354,17.0916],[78.3614,17.0898],[78.3672,17.0852],[78.3592,17.08],[78.3506,17.0829],[78.3504,17.0747],[78.3659,17.0694],[78.3714,17.0616],[78.3808,17.0446],[78.3891,17.0349],[78.4018,17.0282],[78.4133,17.0234],[78.4261,17.0181],[78.4432,17.0077],[78.4532,17],[78.4536,16.9932],[78.4587,16.9906],[78.4609,16.9818],[78.4662,16.9817],[78.4744,16.985],[78.4792,16.9879],[78.484,16.992],[78.4872,17],[78.4911,17.005],[78.4965,17.0093],[78.5042,17.0132],[78.5108,17.0133],[78.5158,17.0112],[78.5175,17.0085],[78.518,17.0042],[78.5172,17],[78.5225,16.9922],[78.5316,16.9872],[78.5489,16.9847],[78.5621,16.9807],[78.5683,16.9672],[78.5743,16.9609],[78.5852,16.9518],[78.6035,16.9552],[78.6149,16.959],[78.6227,16.9587],[78.6499,16.9554],[78.6565,16.9512],[78.6625,16.9454],[78.6762,16.9381],[78.6871,16.9307],[78.7017,16.933]]]},"properties":{"district_name":"Mahbubnagar","raw_district_name":"Mahbubnagar","state_code":"AP","state_name":"Andhra Pradesh","census_code":538,"data_source":"DataMeet India Maps (Census 2011 Boundaries)"}},{"type":"Feature","geometry":{"type":"Polygon","coordinates":[[[78.5686,18.2298],[78.5776,18.2247],[78.5844,18.2311],[78.5939,18.2467],[78.6025,18.2499],[78.6309,18.2513],[78.6506,18.2509],[78.6635,18.249],[78.6763,18.2448],[78.6867,18.2396],[78.6928,18.2343],[78.698,18.2312],[78.71,18.2338],[78.7188,18.2342],[78.7274,18.2328],[78.7308,18.2187],[78.7456,18.2184],[78.7584,18.2286],[78.7694,18.2505],[78.773,18.26],[78.7797,18.2648],[78.7925,18.2602],[78.8046,18.2585],[78.8257,18.2582],[78.8328,18.2554],[78.836,18.2533],[78.8489,18.2486],[78.8772,18.2446],[78.8978,18.2391],[78.9034,18.2463],[78.909,18.2505],[78.9168,18.2534],[78.931,18.2562],[78.9424,18.2574],[78.9608,18.2546],[78.9651,18.2524],[78.9615,18.2314],[78.962,18.2228],[78.9655,18.2165],[78.9805,18.2124],[78.9918,18.2096],[79.0008,18.2069],[79.0095,18.2037],[79.0157,18.1971],[79.0201,18.1864],[79.0181,18.1803],[79.0208,18.1739],[79.0215,18.1652],[79.0199,18.1571],[79.0158,18.1427],[79.0228,18.1367],[79.0312,18.1337],[79.0428,18.1265],[79.0409,18.1093],[79.0368,18.0969],[79.0455,18.0921],[79.0652,18.0848],[79.0735,18.0828],[79.0831,18.0826],[79.1059,18.08],[79.1207,18.0822],[79.1269,18.0824],[79.1356,18.0802],[79.1307,18.0748],[79.124,18.0712],[79.1206,18.0672],[79.1142,18.0571],[79.1125,18.0531],[79.1206,18.04],[79.121,18.0338],[79.1157,18.0266],[79.1053,18.0282],[79.1013,18.0268],[79.0962,18.025],[79.0957,18.0254],[79.0859,18.0247],[79.0765,18.0202],[79.0677,18.022],[79.06,18.0287],[79.0506,18.0334],[79.0442,18.0309],[79.0346,18.025],[79.0023,18.001],[79,17.9997],[78.9917,18.0101],[78.9845,18.0148],[78.9875,18.0193],[78.9824,18.023],[78.9721,18.0318],[78.9676,18.0345],[78.9664,18.0308],[78.9602,18.0253],[78.9542,18.018],[78.9542,18.011],[78.9563,18.0068],[78.954,18.0027],[78.9517,17.9987],[78.9504,17.9944],[78.942,17.9926],[78.9298,17.9934],[78.92,17.9823],[78.9181,17.9755],[78.9079,17.9595],[78.8932,17.9621],[78.8809,17.9633],[78.8733,17.9457],[78.864,17.9338],[78.8555,17.9204],[78.8518,17.905],[78.8456,17.9024],[78.8432,17.8944],[78.8327,17.8935],[78.8284,17.879],[78.8303,17.8739],[78.8414,17.8708],[78.8723,17.8665],[78.8728,17.8521],[78.8761,17.8287],[78.8692,17.8247],[78.8681,17.8179],[78.8696,17.8091],[78.8667,17.8049],[78.8661,17.799],[78.8669,17.7813],[78.8629,17.7719],[78.8615,17.7598],[78.8592,17.7519],[78.8524,17.7488],[78.8443,17.7466],[78.8355,17.7454],[78.827,17.7426],[78.8217,17.7337],[78.8186,17.7271],[78.8151,17.7229],[78.8119,17.715],[78.8117,17.7067],[78.8032,17.7077],[78.7963,17.712],[78.7921,17.7089],[78.7867,17.7085],[78.7849,17.7067],[78.7885,17.7003],[78.793,17.695],[78.7797,17.6839],[78.7783,17.6765],[78.775,17.676],[78.765,17.6839],[78.7544,17.6833],[78.7433,17.6807],[78.7367,17.6719],[78.7303,17.6666],[78.72,17.6667],[78.7034,17.6843],[78.6861,17.6856],[78.6829,17.6928],[78.675,17.6953],[78.6639,17.6958],[78.6569,17.683],[78.6525,17.677],[78.6434,17.6708],[78.6338,17.6675],[78.6253,17.6676],[78.6156,17.669],[78.6137,17.6806],[78.6084,17.6869],[78.5989,17.7008],[78.5823,17.7006],[78.5763,17.6922],[78.5718,17.6872],[78.5596,17.6869],[78.5508,17.6889],[78.5353,17.6968],[78.5267,17.6996],[78.5191,17.6971],[78.5134,17.6858],[78.5018,17.6839],[78.496,17.6887],[78.4832,17.6908],[78.4726,17.6951],[78.4648,17.7014],[78.4565,17.7068],[78.4508,17.7123],[78.44,17.6995],[78.4303,17.7009],[78.4283,17.6879],[78.4203,17.6696],[78.4022,17.6727],[78.3957,17.673],[78.3872,17.6652],[78.3842,17.6413],[78.382,17.6329],[78.3758,17.6284],[78.3604,17.6234],[78.3611,17.618],[78.3702,17.6101],[78.3757,17.6037],[78.3724,17.5909],[78.3721,17.5825],[78.3647,17.5739],[78.3646,17.5663],[78.3622,17.5581],[78.3583,17.5549],[78.349,17.5437],[78.3533,17.5348],[78.3547,17.5291],[78.3545,17.5235],[78.344,17.5145],[78.3356,17.5046],[78.3271,17.5008],[78.3171,17.4975],[78.3109,17.492],[78.297,17.4915],[78.3063,17.4655],[78.3031,17.4556],[78.2952,17.4456],[78.2887,17.4333],[78.2733,17.4353],[78.2735,17.4294],[78.2711,17.4228],[78.263,17.419],[78.2558,17.4228],[78.2468,17.4263],[78.2368,17.4277],[78.2301,17.4398],[78.2187,17.4398],[78.2184,17.4506],[78.2191,17.4627],[78.2139,17.4864],[78.2012,17.4891],[78.1886,17.4901],[78.1943,17.4797],[78.1799,17.4704],[78.1671,17.4632],[78.158,17.4647],[78.1456,17.4727],[78.1477,17.4814],[78.1429,17.4871],[78.1344,17.488],[78.1188,17.4826],[78.1106,17.4828],[78.1036,17.4925],[78.0853,17.4971],[78.0825,17.5082],[78.0819,17.5244],[78.071,17.5212],[78.0666,17.5083],[78.0591,17.5088],[78.0585,17.5023],[78.0653,17.4968],[78.0648,17.4891],[78.0635,17.483],[78.0549,17.4842],[78.0517,17.4759],[78.0605,17.4714],[78.0544,17.4598],[78.0448,17.4607],[78.036,17.4648],[78.0278,17.4713],[78.0195,17.4754],[78.0126,17.4816],[78.0061,17.4885],[78,17.4962],[77.9958,17.5001],[77.9917,17.5072],[77.9827,17.4859],[77.9757,17.4836],[77.9653,17.4837],[77.9679,17.4945],[77.9663,17.5047],[77.9749,17.5187],[77.9636,17.535],[77.9544,17.5369],[77.9477,17.5367],[77.9384,17.5389],[77.9398,17.5524],[77.9358,17.5579],[77.9338,17.5652],[77.9229,17.574],[77.914,17.5753],[77.9016,17.5791],[77.8743,17.5809],[77.8715,17.5863],[77.8707,17.5926],[77.8734,17.5963],[77.8751,17.6004],[77.8737,17.6039],[77.8676,17.6109],[77.8667,17.62],[77.8613,17.6215],[77.8591,17.6281],[77.8559,17.6433],[77.828,17.6461],[77.825,17.6359],[77.816,17.6263],[77.8013,17.6274],[77.798,17.6249],[77.7876,17.6376],[77.7841,17.639],[77.7801,17.6284],[77.7776,17.6266],[77.7692,17.6265],[77.7528,17.6233],[77.7477,17.6248],[77.7462,17.6179],[77.7499,17.6181],[77.75,17.6124],[77.7592,17.6152],[77.7628,17.6129],[77.7681,17.6126],[77.7742,17.602],[77.7713,17.5864],[77.7658,17.5848],[77.7623,17.5813],[77.76,17.5737],[77.7614,17.5593],[77.7433,17.5498],[77.7074,17.5281],[77.7004,17.5293],[77.6905,17.5273],[77.6868,17.52],[77.6898,17.5087],[77.6874,17.5071],[77.6862,17.5097],[77.6831,17.5081],[77.6702,17.513],[77.6653,17.5178],[77.6607,17.5243],[77.654,17.5241],[77.6494,17.5218],[77.6372,17.526],[77.6253,17.5252],[77.6206,17.5323],[77.612,17.534],[77.6073,17.5336],[77.6032,17.5369],[77.5957,17.5356],[77.5964,17.552],[77.5958,17.5579],[77.5938,17.5656],[77.5894,17.5649],[77.5893,17.5612],[77.5647,17.5564],[77.56,17.555],[77.5567,17.5528],[77.5523,17.5523],[77.5478,17.5574],[77.5405,17.5741],[77.5359,17.5759],[77.5312,17.576],[77.5177,17.56],[77.5134,17.552],[77.5054,17.5437],[77.5006,17.5462],[77.4993,17.5493],[77.4994,17.5528],[77.4937,17.569],[77.4778,17.5678],[77.4758,17.5719],[77.4728,17.5709],[77.4688,17.5774],[77.4649,17.5797],[77.4435,17.5841],[77.4457,17.5985],[77.4441,17.6067],[77.4449,17.6093],[77.4501,17.6099],[77.4494,17.6149],[77.4524,17.6254],[77.4568,17.6334],[77.4544,17.635],[77.4511,17.6497],[77.4486,17.651],[77.4492,17.66],[77.4527,17.6687],[77.4546,17.6834],[77.455,17.6903],[77.4539,17.6938],[77.4582,17.6966],[77.4615,17.7015],[77.4752,17.7066],[77.4778,17.7039],[77.4823,17.7056],[77.4847,17.7094],[77.4881,17.7062],[77.493,17.7094],[77.4954,17.7154],[77.4979,17.7186],[77.5091,17.7171],[77.5132,17.7225],[77.5263,17.7266],[77.5313,17.7297],[77.5377,17.7278],[77.5431,17.728],[77.5479,17.736],[77.5557,17.737],[77.5584,17.7437],[77.5658,17.7497],[77.5698,17.7667],[77.5582,17.7638],[77.5407,17.773],[77.5382,17.7772],[77.5313,17.7792],[77.5267,17.7821],[77.513,17.7826],[77.5081,17.7851],[77.5107,17.7954],[77.5145,17.8039],[77.5217,17.8102],[77.5298,17.8141],[77.5297,17.8293],[77.5474,17.8287],[77.5485,17.8195],[77.5535,17.8205],[77.5581,17.833],[77.5629,17.8411],[77.5672,17.8445],[77.5659,17.8516],[77.5698,17.852],[77.5712,17.8686],[77.5765,17.8752],[77.5815,17.8737],[77.5851,17.8782],[77.5966,17.8722],[77.6005,17.8729],[77.6016,17.8795],[77.5963,17.8819],[77.589,17.8949],[77.5868,17.9008],[77.5889,17.9106],[77.6036,17.9061],[77.6083,17.9079],[77.6204,17.9053],[77.6228,17.9159],[77.6225,17.9242],[77.6234,17.9325],[77.6206,17.9405],[77.6238,17.9468],[77.6281,17.9461],[77.6327,17.9509],[77.6328,17.9562],[77.6276,17.9601],[77.6336,17.9653],[77.6357,17.9559],[77.6395,17.9529],[77.6445,17.952],[77.6479,17.9488],[77.6513,17.9556],[77.6467,17.9597],[77.6481,17.9651],[77.6559,17.9667],[77.6573,17.9717],[77.6513,17.9728],[77.6475,17.9758],[77.6528,17.9808],[77.6537,17.9882],[77.6516,17.9897],[77.65,17.9955],[77.6462,17.9982],[77.6421,17.9989],[77.6366,17.9975],[77.6326,17.9948],[77.6253,18.0007],[77.6277,18.0035],[77.6261,18.007],[77.6196,18.0084],[77.6138,18.0128],[77.6104,18.0203],[77.6032,18.018],[77.596,18.0124],[77.591,18.0156],[77.5887,18.027],[77.5782,18.0329],[77.5615,18.0374],[77.5568,18.0369],[77.5557,18.0491],[77.5517,18.0502],[77.5494,18.0559],[77.5511,18.0658],[77.5603,18.0643],[77.5641,18.0733],[77.571,18.0784],[77.5811,18.079],[77.5935,18.0825],[77.6012,18.0865],[77.6043,18.1016],[77.6003,18.1231],[77.5972,18.13],[77.6015,18.1539],[77.5928,18.1555],[77.583,18.1642],[77.5812,18.1703],[77.5761,18.181],[77.5736,18.1911],[77.5679,18.192],[77.5679,18.2025],[77.578,18.2019],[77.5886,18.2187],[77.5847,18.2247],[77.5804,18.235],[77.5761,18.2425],[77.5851,18.2582],[77.5956,18.2637],[77.6027,18.2748],[77.6204,18.2755],[77.6289,18.2848],[77.6473,18.2858],[77.6682,18.2833],[77.6898,18.2672],[77.6902,18.262],[77.7088,18.2607],[77.7131,18.2583],[77.7247,18.2604],[77.7296,18.2545],[77.7326,18.2431],[77.731,18.2351],[77.7393,18.2356],[77.7409,18.226],[77.7445,18.226],[77.7459,18.211],[77.7448,18.2064],[77.7481,18.2072],[77.7599,18.2076],[77.7613,18.2032],[77.7726,18.1906],[77.7783,18.1928],[77.7788,18.1961],[77.7823,18.2007],[77.7878,18.1992],[77.7964,18.2054],[77.8061,18.2043],[77.812,18.1987],[77.8293,18.1963],[77.8317,18.2008],[77.8418,18.2041],[77.849,18.2024],[77.855,18.2073],[77.867,18.2031],[77.8648,18.1985],[77.8655,18.1931],[77.8715,18.1912],[77.8828,18.1892],[77.9058,18.1941],[77.9036,18.1833],[77.9038,18.1727],[77.9069,18.1687],[77.8975,18.1603],[77.9009,18.1561],[77.9061,18.1546],[77.9049,18.1475],[77.9073,18.1455],[77.9121,18.1484],[77.9159,18.1442],[77.9182,18.1454],[77.9184,18.148],[77.9225,18.1466],[77.9272,18.1487],[77.9234,18.1521],[77.9307,18.157],[77.9382,18.152],[77.9331,18.1471],[77.9342,18.1422],[77.9328,18.141],[77.9262,18.1423],[77.9233,18.1368],[77.9266,18.1338],[77.9274,18.1312],[77.9196,18.125],[77.9145,18.1259],[77.9115,18.1235],[77.9197,18.1154],[77.9315,18.1173],[77.9284,18.1054],[77.9235,18.1049],[77.9196,18.1072],[77.9172,18.1032],[77.9118,18.1026],[77.907,18.1059],[77.908,18.0989],[77.9027,18.098],[77.8994,18.0952],[77.8978,18.0926],[77.8979,18.0904],[77.9138,18.0983],[77.9291,18.0994],[77.9372,18.1068],[77.942,18.1126],[77.9537,18.1148],[77.9673,18.1131],[77.9788,18.1136],[78,18.1131],[78.0039,18.1138],[78.0099,18.1115],[78.0163,18.0998],[78.0225,18.0969],[78.0412,18.097],[78.0537,18.0911],[78.0631,18.0882],[78.0756,18.0824],[78.0788,18.0794],[78.0915,18.0797],[78.093,18.0772],[78.0938,18.0771],[78.0943,18.0766],[78.0974,18.0796],[78.1015,18.0919],[78.1089,18.0978],[78.1136,18.098],[78.1174,18.0793],[78.1234,18.0768],[78.141,18.0765],[78.1466,18.0794],[78.151,18.0835],[78.1537,18.0873],[78.1578,18.0893],[78.1582,18.0906],[78.161,18.094],[78.1653,18.0969],[78.1698,18.1015],[78.1734,18.1067],[78.1772,18.1146],[78.1773,18.1276],[78.1731,18.1525],[78.1713,18.1697],[78.1727,18.1789],[78.1763,18.1899],[78.1838,18.2043],[78.1937,18.2147],[78.2031,18.2193],[78.2126,18.2188],[78.217,18.2033],[78.2232,18.1881],[78.2181,18.1787],[78.2254,18.1756],[78.2317,18.1717],[78.2403,18.1644],[78.2485,18.16],[78.2617,18.1473],[78.2729,18.1443],[78.283,18.149],[78.2965,18.1652],[78.309,18.1762],[78.3142,18.1842],[78.3174,18.1929],[78.3226,18.2006],[78.3266,18.2001],[78.3406,18.1891],[78.3599,18.1723],[78.3684,18.1598],[78.3678,18.1509],[78.3739,18.1478],[78.3837,18.13],[78.3886,18.1246],[78.3952,18.1313],[78.4038,18.13],[78.4146,18.1326],[78.4245,18.1424],[78.4272,18.15],[78.4278,18.1581],[78.4415,18.1665],[78.4457,18.156],[78.4482,18.1449],[78.4516,18.1381],[78.456,18.1328],[78.4627,18.1296],[78.4719,18.1291],[78.4854,18.1313],[78.4905,18.1328],[78.4976,18.1395],[78.4888,18.1492],[78.4894,18.1575],[78.4953,18.1651],[78.5041,18.1716],[78.5115,18.1743],[78.5179,18.1757],[78.5241,18.1809],[78.5351,18.1842],[78.5451,18.1819],[78.5533,18.1823],[78.561,18.1844],[78.5685,18.1882],[78.5678,18.2018],[78.5694,18.2213],[78.5686,18.2298]]]},"properties":{"district_name":"Medak","raw_district_name":"Medak","state_code":"AP","state_name":"Andhra Pradesh","census_code":535,"data_source":"DataMeet India Maps (Census 2011 Boundaries)"}},{"type":"Feature","geometry":{"type":"Polygon","coordinates":[[[79.7929,17.3198],[79.7968,17.3123],[79.815,17.2868],[79.8199,17.2807],[79.826,17.2762],[79.8391,17.2748],[79.8513,17.2717],[79.8799,17.2679],[79.8908,17.2629],[79.8975,17.253],[79.8984,17.2472],[79.8967,17.236],[79.8996,17.2184],[79.8848,17.2134],[79.8803,17.2092],[79.8779,17.2013],[79.8756,17.1866],[79.8778,17.1785],[79.8834,17.173],[79.8916,17.1664],[79.9091,17.1577],[79.914,17.1532],[79.9151,17.1476],[79.9139,17.1411],[79.9137,17.1355],[79.9206,17.1328],[79.9273,17.1322],[79.941,17.1328],[79.9473,17.1301],[79.9534,17.1253],[79.9696,17.108],[79.9793,17.1004],[79.9883,17.0883],[79.9999,17.0694],[80.0098,17.0628],[80.021,17.0569],[80.037,17.0428],[80.0483,17.0301],[80.0578,17.0264],[80.0622,17.0173],[80.0557,17.008],[80.0516,17.0001],[80.0524,16.9874],[80.0542,16.9725],[80.0454,16.9437],[80.0368,16.9347],[80.0269,16.9261],[80.0179,16.9145],[80.0111,16.8988],[80.0034,16.8846],[80,16.8706],[80.0025,16.8695],[80.0222,16.8603],[80.0415,16.8599],[80.0428,16.8552],[80.0428,16.8466],[80.0451,16.8398],[80.0503,16.8335],[80.0781,16.8212],[80.0734,16.8101],[80.0661,16.7895],[80.0601,16.7789],[80.0564,16.7528],[80.0518,16.7473],[80.0413,16.7394],[80.0318,16.7261],[80.0252,16.7195],[80.0109,16.7106],[80.0022,16.7021],[80,16.7002],[79.9815,16.6672],[79.9667,16.6497],[79.9511,16.6403],[79.9321,16.6384],[79.9223,16.6407],[79.9105,16.6454],[79.8993,16.6571],[79.889,16.6837],[79.8817,16.6962],[79.8702,16.7056],[79.8529,16.7039],[79.8342,16.6988],[79.8186,16.6978],[79.7916,16.7321],[79.7831,16.7367],[79.7713,16.7343],[79.7587,16.7273],[79.742,16.7052],[79.7309,16.6998],[79.6912,16.6975],[79.6768,16.6911],[79.6636,16.6812],[79.6562,16.6691],[79.6414,16.668],[79.6249,16.6717],[79.608,16.6703],[79.5937,16.6584],[79.5821,16.6506],[79.5717,16.6451],[79.562,16.6416],[79.5447,16.6386],[79.5201,16.6406],[79.5052,16.6375],[79.478,16.6257],[79.4585,16.6161],[79.4511,16.6006],[79.4424,16.5926],[79.4345,16.5894],[79.4106,16.5873],[79.3534,16.5864],[79.3411,16.5853],[79.3276,16.5826],[79.3029,16.5741],[79.2901,16.5722],[79.2738,16.5682],[79.2685,16.5531],[79.2382,16.526],[79.233,16.5149],[79.2319,16.4989],[79.2387,16.4884],[79.2429,16.4775],[79.244,16.4654],[79.2341,16.4594],[79.2268,16.445],[79.2228,16.4226],[79.2204,16.4006],[79.2211,16.3813],[79.2193,16.3697],[79.1912,16.3818],[79.1537,16.4053],[79.118,16.423],[79.0988,16.4395],[79.069,16.4604],[79.0172,16.4898],[79.0001,16.4952],[78.9811,16.494],[78.9626,16.5007],[78.9322,16.5175],[78.9283,16.5239],[78.9249,16.5363],[78.9129,16.5504],[78.9068,16.5504],[78.8881,16.5477],[78.8737,16.5428],[78.8704,16.5441],[78.862,16.5495],[78.8562,16.5504],[78.8448,16.5474],[78.8358,16.5421],[78.8254,16.5328],[78.8048,16.5177],[78.7945,16.5163],[78.7787,16.5256],[78.7726,16.531],[78.7663,16.534],[78.7585,16.5359],[78.7494,16.5358],[78.718,16.5377],[78.6936,16.535],[78.6825,16.5378],[78.6791,16.5333],[78.6735,16.5281],[78.6648,16.5265],[78.6597,16.5272],[78.6477,16.5339],[78.6366,16.5244],[78.6314,16.5258],[78.6177,16.519],[78.6141,16.5231],[78.6182,16.529],[78.6234,16.5305],[78.628,16.5334],[78.6352,16.535],[78.6369,16.5375],[78.6395,16.5502],[78.6567,16.5472],[78.6664,16.5419],[78.6689,16.5545],[78.6711,16.5638],[78.6735,16.5693],[78.6785,16.5637],[78.6798,16.5557],[78.6852,16.5535],[78.6951,16.5612],[78.7023,16.5632],[78.7097,16.5701],[78.7181,16.5813],[78.7108,16.5965],[78.6957,16.6196],[78.685,16.6233],[78.6777,16.6386],[78.674,16.6485],[78.6798,16.6493],[78.6897,16.6482],[78.7014,16.6489],[78.7174,16.6486],[78.712,16.6694],[78.7186,16.6809],[78.7272,16.6873],[78.7406,16.6998],[78.7481,16.7039],[78.7575,16.7067],[78.7632,16.7272],[78.7587,16.7379],[78.7628,16.7447],[78.7773,16.7449],[78.7823,16.7467],[78.7887,16.7529],[78.793,16.7606],[78.7972,16.7793],[78.7972,16.7919],[78.7954,16.8054],[78.8026,16.8141],[78.8044,16.8229],[78.7936,16.8262],[78.7844,16.838],[78.7781,16.8439],[78.7843,16.8582],[78.7845,16.8681],[78.778,16.8806],[78.7704,16.8747],[78.7611,16.8661],[78.7512,16.8544],[78.7361,16.8603],[78.728,16.8713],[78.7311,16.8816],[78.7417,16.9001],[78.7503,16.9099],[78.7332,16.9201],[78.7182,16.9267],[78.7017,16.933],[78.6985,16.9394],[78.7021,16.9452],[78.707,16.9625],[78.7178,16.9684],[78.7301,16.9691],[78.7421,16.9685],[78.7548,16.9661],[78.7551,16.97],[78.7593,16.9778],[78.7765,16.9773],[78.7898,16.9734],[78.7946,16.9803],[78.7976,16.9905],[78.8072,16.9995],[78.8186,17.007],[78.8307,17.0178],[78.8289,17.0248],[78.8201,17.0323],[78.803,17.0375],[78.7885,17.0386],[78.793,17.0434],[78.7993,17.0484],[78.8272,17.0402],[78.8385,17.0427],[78.8461,17.0518],[78.8454,17.0632],[78.8462,17.0691],[78.8556,17.0792],[78.8502,17.0871],[78.8414,17.0945],[78.8246,17.1062],[78.826,17.1139],[78.8416,17.1106],[78.8435,17.1179],[78.8393,17.125],[78.8324,17.1271],[78.8181,17.1297],[78.8083,17.1335],[78.7955,17.1409],[78.786,17.1516],[78.7837,17.1612],[78.7946,17.1729],[78.7905,17.1824],[78.7911,17.1933],[78.7813,17.1963],[78.7793,17.2059],[78.7751,17.2125],[78.7693,17.2192],[78.784,17.2152],[78.814,17.209],[78.8271,17.2364],[78.8177,17.2443],[78.8065,17.2489],[78.7711,17.2585],[78.7629,17.2644],[78.7556,17.272],[78.7612,17.2796],[78.7568,17.287],[78.7473,17.2968],[78.7538,17.3022],[78.7677,17.3093],[78.7695,17.3113],[78.7665,17.315],[78.7568,17.3187],[78.7469,17.3258],[78.7535,17.3312],[78.7651,17.337],[78.7703,17.3407],[78.77,17.3486],[78.7516,17.3587],[78.7406,17.3594],[78.743,17.3703],[78.7437,17.3781],[78.7476,17.3857],[78.7478,17.3925],[78.7459,17.398],[78.7533,17.4067],[78.758,17.4158],[78.7621,17.4278],[78.7604,17.4441],[78.7547,17.4475],[78.7474,17.4417],[78.7376,17.44],[78.7243,17.4429],[78.7133,17.4392],[78.7145,17.4632],[78.719,17.4681],[78.7267,17.472],[78.7268,17.4775],[78.7208,17.4808],[78.7112,17.4886],[78.7136,17.5189],[78.7134,17.5244],[78.7064,17.5341],[78.7041,17.5446],[78.6989,17.5598],[78.6877,17.578],[78.6912,17.5838],[78.6968,17.589],[78.6911,17.5937],[78.6901,17.5967],[78.6954,17.6019],[78.7002,17.6038],[78.6982,17.6135],[78.7023,17.6259],[78.7101,17.6353],[78.7141,17.6516],[78.72,17.6667],[78.7303,17.6666],[78.7367,17.6719],[78.7433,17.6807],[78.7544,17.6833],[78.765,17.6839],[78.775,17.676],[78.7783,17.6765],[78.7797,17.6839],[78.793,17.695],[78.7885,17.7003],[78.7849,17.7067],[78.7867,17.7085],[78.7921,17.7089],[78.7963,17.712],[78.8032,17.7077],[78.8117,17.7067],[78.8119,17.715],[78.8151,17.7229],[78.8186,17.7271],[78.8217,17.7337],[78.827,17.7426],[78.8355,17.7454],[78.8443,17.7466],[78.8524,17.7488],[78.8592,17.7519],[78.8615,17.7598],[78.8629,17.7719],[78.8669,17.7813],[78.8661,17.799],[78.8667,17.8049],[78.8696,17.8091],[78.8881,17.8041],[78.8996,17.8026],[78.9087,17.8037],[78.9125,17.8017],[78.9322,17.7979],[78.935,17.7916],[78.9478,17.7893],[78.9767,17.787],[78.9887,17.7885],[78.9934,17.7814],[79.0001,17.7593],[79.0112,17.7325],[79.0152,17.7196],[79.0247,17.709],[79.0397,17.7179],[79.052,17.7225],[79.0605,17.7176],[79.0748,17.7121],[79.0805,17.7016],[79.085,17.6892],[79.0966,17.6786],[79.1058,17.6737],[79.115,17.67],[79.1242,17.6675],[79.1265,17.6517],[79.1385,17.6291],[79.1491,17.6243],[79.1521,17.6201],[79.1479,17.6078],[79.1481,17.5928],[79.1531,17.5847],[79.1617,17.5786],[79.1639,17.5794],[79.1733,17.5832],[79.1758,17.5932],[79.1788,17.5999],[79.1853,17.6023],[79.1934,17.6155],[79.2072,17.6245],[79.2164,17.6075],[79.2101,17.6022],[79.2116,17.5913],[79.2181,17.5852],[79.2231,17.5777],[79.2266,17.5638],[79.2358,17.5648],[79.2517,17.5601],[79.2573,17.5615],[79.2604,17.5699],[79.265,17.5773],[79.2685,17.5806],[79.2751,17.5786],[79.2801,17.5721],[79.2844,17.5616],[79.2886,17.5574],[79.2933,17.5557],[79.3008,17.5549],[79.3078,17.5557],[79.313,17.5499],[79.3162,17.5428],[79.3184,17.5292],[79.3257,17.5256],[79.3588,17.5182],[79.3726,17.5104],[79.3838,17.5046],[79.3971,17.5003],[79.4035,17.5],[79.4217,17.5156],[79.4301,17.5167],[79.4434,17.5142],[79.4567,17.516],[79.4683,17.5157],[79.4795,17.5128],[79.4858,17.5094],[79.4921,17.5009],[79.5059,17.4962],[79.5187,17.4952],[79.5236,17.5126],[79.5304,17.5192],[79.5385,17.5238],[79.5557,17.5064],[79.5595,17.5017],[79.5703,17.5027],[79.5864,17.497],[79.5943,17.5013],[79.6119,17.4959],[79.6292,17.4916],[79.6399,17.4953],[79.6495,17.5023],[79.6545,17.5044],[79.6558,17.4996],[79.6562,17.4897],[79.6545,17.4716],[79.6684,17.4628],[79.6836,17.4564],[79.6965,17.4557],[79.704,17.4528],[79.7102,17.4455],[79.7154,17.4378],[79.7214,17.4328],[79.7283,17.431],[79.7531,17.432],[79.7586,17.4308],[79.7596,17.415],[79.7629,17.4081],[79.7786,17.396],[79.7871,17.3876],[79.7731,17.3814],[79.7683,17.3784],[79.7673,17.3751],[79.7705,17.3678],[79.7832,17.3527],[79.7866,17.3437],[79.7912,17.3216],[79.7929,17.3198]]]},"properties":{"district_name":"Nalgonda","raw_district_name":"Nalgonda","state_code":"AP","state_name":"Andhra Pradesh","census_code":539,"data_source":"DataMeet India Maps (Census 2011 Boundaries)"}},{"type":"Feature","geometry":{"type":"Polygon","coordinates":[[[80.0488,15.0184],[80.051,15.0072],[80.0535,14.9999],[80.0543,14.9988],[80.0558,14.9966],[80.0565,14.9964],[80.0566,14.9955],[80.058,14.9945],[80.0592,14.9934],[80.0611,14.9897],[80.0632,14.987],[80.0645,14.9824],[80.0657,14.9771],[80.0663,14.9747],[80.0674,14.9625],[80.0739,14.925],[80.0784,14.907],[80.0835,14.8867],[80.085,14.8781],[80.0858,14.8762],[80.0859,14.8754],[80.0884,14.8566],[80.0932,14.8332],[80.0933,14.8281],[80.0933,14.8269],[80.0917,14.8255],[80.0901,14.8256],[80.0882,14.8262],[80.0874,14.8259],[80.0857,14.8251],[80.0859,14.8225],[80.0888,14.8143],[80.0752,14.8172],[80.0746,14.8137],[80.0768,14.809],[80.0828,14.805],[80.0866,14.8041],[80.0876,14.803],[80.0898,14.8011],[80.0908,14.8007],[80.0952,14.788],[80.0959,14.7796],[80.1022,14.7635],[80.103,14.7612],[80.1071,14.7503],[80.1074,14.7495],[80.1084,14.7465],[80.1109,14.7403],[80.1119,14.7383],[80.1126,14.7377],[80.114,14.7332],[80.1163,14.731],[80.1172,14.7301],[80.118,14.7294],[80.1185,14.7281],[80.1202,14.7265],[80.1211,14.7258],[80.1212,14.7249],[80.1242,14.7218],[80.1246,14.7213],[80.1259,14.7188],[80.1262,14.7177],[80.1301,14.7138],[80.1323,14.7092],[80.1337,14.7042],[80.1337,14.6954],[80.1302,14.6928],[80.1295,14.6926],[80.122,14.6903],[80.1204,14.6902],[80.1209,14.6845],[80.1214,14.6832],[80.1245,14.6818],[80.128,14.6815],[80.1291,14.6818],[80.1332,14.6845],[80.1364,14.6887],[80.1378,14.6927],[80.1392,14.6939],[80.1412,14.6942],[80.1429,14.6936],[80.1446,14.6921],[80.1454,14.6912],[80.1457,14.6905],[80.1497,14.6813],[80.153,14.6736],[80.1541,14.6711],[80.1597,14.6362],[80.1643,14.6208],[80.1664,14.6164],[80.1671,14.6159],[80.1716,14.606],[80.1748,14.603],[80.1755,14.6012],[80.1766,14.5999],[80.1775,14.5995],[80.1819,14.5958],[80.1839,14.5898],[80.1831,14.5887],[80.1818,14.5847],[80.1803,14.5831],[80.1724,14.5794],[80.171,14.5791],[80.1672,14.5767],[80.167,14.576],[80.1649,14.575],[80.1632,14.5746],[80.1606,14.5739],[80.1503,14.5693],[80.1472,14.568],[80.1395,14.5635],[80.1386,14.5623],[80.1371,14.5602],[80.1367,14.5597],[80.1348,14.5582],[80.1276,14.554],[80.1259,14.5531],[80.1237,14.5507],[80.1226,14.5501],[80.1181,14.5477],[80.1073,14.5444],[80.1022,14.5412],[80.0947,14.5372],[80.0935,14.5362],[80.0935,14.5357],[80.0935,14.5344],[80.1029,14.5319],[80.1082,14.5306],[80.1105,14.5302],[80.1156,14.5299],[80.1157,14.531],[80.1165,14.5313],[80.1221,14.5365],[80.1235,14.5375],[80.1282,14.5432],[80.1292,14.5445],[80.1304,14.5458],[80.136,14.5498],[80.1399,14.552],[80.1429,14.5547],[80.1432,14.5555],[80.145,14.5563],[80.1469,14.5567],[80.1531,14.5593],[80.1551,14.5602],[80.1621,14.5624],[80.1706,14.5667],[80.177,14.5667],[80.1843,14.5663],[80.1885,14.567],[80.1927,14.5661],[80.1946,14.5639],[80.1944,14.5618],[80.1934,14.5596],[80.1939,14.5582],[80.1908,14.5503],[80.1884,14.5331],[80.187,14.5137],[80.1817,14.4798],[80.1793,14.4569],[80.1791,14.4414],[80.1771,14.4195],[80.1741,14.3835],[80.1729,14.3743],[80.1736,14.3604],[80.1733,14.3521],[80.173,14.3466],[80.1689,14.3401],[80.1658,14.3317],[80.1627,14.3225],[80.1585,14.315],[80.1515,14.2994],[80.1484,14.289],[80.1467,14.2838],[80.1458,14.2773],[80.1441,14.2668],[80.1446,14.262],[80.145,14.2582],[80.1459,14.2543],[80.1441,14.2516],[80.141,14.249],[80.1375,14.2473],[80.1326,14.2481],[80.1268,14.2468],[80.1241,14.2442],[80.1237,14.2425],[80.1255,14.2403],[80.1277,14.2412],[80.1313,14.2412],[80.1362,14.2399],[80.1375,14.2373],[80.1358,14.2256],[80.1327,14.2112],[80.131,14.1956],[80.1288,14.1843],[80.1289,14.1491],[80.1296,14.1411],[80.1303,14.1358],[80.133,14.124],[80.1372,14.1042],[80.1392,14.0923],[80.1406,14.0804],[80.1455,14.056],[80.1489,14.0441],[80.1523,14.0302],[80.1537,14.0243],[80.1529,14.0226],[80.152,14.0218],[80.1485,14.0221],[80.1456,14.0226],[80.1442,14.0221],[80.1434,14.0205],[80.1441,14.0175],[80.1471,14.0137],[80.1486,14.0122],[80.1508,14.0099],[80.1531,14.0069],[80.1561,14.0016],[80.159,13.993],[80.1643,13.993],[80.165,13.997],[80.1657,13.9989],[80.1677,13.9953],[80.1694,13.9924],[80.1741,13.9816],[80.1799,13.9658],[80.1847,13.953],[80.187,13.9475],[80.1884,13.9429],[80.1884,13.9437],[80.1905,13.938],[80.1939,13.9292],[80.1945,13.9286],[80.1987,13.9169],[80.2001,13.9133],[80.2051,13.9031],[80.2057,13.9016],[80.2059,13.9],[80.2068,13.8994],[80.2155,13.8762],[80.2164,13.8743],[80.2199,13.8678],[80.2217,13.8646],[80.2237,13.8602],[80.2243,13.8597],[80.226,13.8554],[80.2306,13.845],[80.2329,13.8404],[80.2362,13.8317],[80.2371,13.8309],[80.2383,13.8289],[80.2387,13.8278],[80.2392,13.8262],[80.2401,13.8181],[80.24,13.816],[80.2388,13.8148],[80.2385,13.8146],[80.2375,13.8137],[80.2379,13.8094],[80.2385,13.808],[80.2442,13.8058],[80.245,13.8052],[80.2471,13.7997],[80.2477,13.7975],[80.2495,13.7884],[80.249,13.7877],[80.2485,13.7868],[80.2488,13.7762],[80.2482,13.7586],[80.2471,13.7536],[80.2464,13.751],[80.2458,13.7451],[80.2437,13.7296],[80.2416,13.7223],[80.2398,13.7163],[80.2397,13.7133],[80.2362,13.6915],[80.2355,13.6834],[80.2368,13.6558],[80.2386,13.6471],[80.2392,13.6441],[80.2407,13.6347],[80.2418,13.6311],[80.2444,13.6212],[80.2444,13.619],[80.2535,13.5963],[80.256,13.5898],[80.2563,13.5893],[80.26,13.5812],[80.2607,13.5809],[80.2612,13.5793],[80.2621,13.5775],[80.2623,13.5768],[80.2644,13.573],[80.2653,13.5726],[80.2666,13.5698],[80.2697,13.5632],[80.2649,13.5604],[80.2644,13.5579],[80.2626,13.5495],[80.262,13.5462],[80.2534,13.5058],[80.2484,13.4896],[80.2478,13.4874],[80.2423,13.4695],[80.2422,13.4692],[80.2418,13.468],[80.2351,13.4735],[80.2346,13.4739],[80.2342,13.4743],[80.2255,13.4835],[80.2189,13.4841],[80.2152,13.4855],[80.2156,13.4875],[80.2113,13.4874],[80.2109,13.4844],[80.203,13.4867],[80.1797,13.4879],[80.1691,13.4916],[80.1648,13.4922],[80.1477,13.4944],[80.1469,13.5036],[80.1325,13.5055],[80.1262,13.5073],[80.1211,13.5067],[80.1133,13.5081],[80.1132,13.5003],[80.1132,13.4972],[80.1108,13.4919],[80.104,13.4902],[80.0805,13.4911],[80.0788,13.5091],[80.0788,13.5167],[80.08,13.5257],[80.0829,13.532],[80.0896,13.537],[80.0884,13.5398],[80.0853,13.547],[80.0819,13.5506],[80.0797,13.549],[80.0781,13.5478],[80.072,13.5456],[80.0635,13.5435],[80.0579,13.535],[80.0466,13.5348],[80.042,13.5366],[80.0411,13.5533],[80.0466,13.5549],[80.0522,13.5585],[80.0467,13.5754],[80.0427,13.5757],[80.0416,13.5773],[80.0384,13.579],[80.0243,13.5776],[80.0248,13.5961],[80.0166,13.5961],[80.0192,13.6008],[80.0181,13.6088],[80.0125,13.6086],[80.0119,13.6128],[80.0062,13.6196],[80.0045,13.6241],[80.0035,13.6374],[80.0019,13.6431],[80.0001,13.644],[79.9909,13.6474],[79.9809,13.6445],[79.9733,13.6463],[79.9685,13.6524],[79.9612,13.6664],[79.9637,13.6734],[79.9693,13.679],[79.9746,13.6879],[79.974,13.69],[79.9688,13.6944],[79.9602,13.7003],[79.9587,13.7068],[79.9492,13.7077],[79.9193,13.7043],[79.9104,13.7039],[79.9064,13.7013],[79.8937,13.7009],[79.8861,13.7018],[79.8806,13.7052],[79.8715,13.7075],[79.8683,13.7134],[79.8664,13.7201],[79.8673,13.7312],[79.8648,13.7374],[79.8608,13.7419],[79.8617,13.7489],[79.8584,13.7556],[79.8523,13.759],[79.8529,13.7671],[79.8557,13.7691],[79.8595,13.77],[79.8635,13.7695],[79.8681,13.7722],[79.8732,13.776],[79.8767,13.7836],[79.8773,13.7959],[79.8796,13.8045],[79.8815,13.8231],[79.8815,13.8313],[79.883,13.8416],[79.885,13.8476],[79.8831,13.855],[79.8779,13.8653],[79.8709,13.8684],[79.8619,13.8696],[79.8581,13.8655],[79.8532,13.8583],[79.8467,13.8536],[79.8427,13.8555],[79.8382,13.8614],[79.8369,13.8673],[79.8377,13.8748],[79.8336,13.8821],[79.8297,13.885],[79.8279,13.8944],[79.8252,13.8998],[79.818,13.9044],[79.8149,13.909],[79.8119,13.9241],[79.8077,13.9234],[79.8022,13.9208],[79.7903,13.9104],[79.787,13.9022],[79.7883,13.8964],[79.7881,13.89],[79.7863,13.8786],[79.7887,13.8727],[79.7839,13.8631],[79.7774,13.863],[79.7756,13.8565],[79.7719,13.8495],[79.7639,13.8503],[79.745,13.8549],[79.7333,13.8591],[79.7303,13.8669],[79.7339,13.8892],[79.7315,13.9013],[79.7262,13.9053],[79.7101,13.9081],[79.6928,13.9144],[79.6856,13.9208],[79.6819,13.9228],[79.6781,13.9076],[79.6749,13.9004],[79.6718,13.8894],[79.6732,13.8822],[79.6757,13.8766],[79.6747,13.8671],[79.6722,13.8576],[79.672,13.8415],[79.6705,13.8345],[79.6559,13.8363],[79.6453,13.8391],[79.6348,13.843],[79.6272,13.8415],[79.6156,13.8487],[79.6116,13.8541],[79.6158,13.8576],[79.6207,13.8593],[79.6252,13.8635],[79.6273,13.8696],[79.6259,13.8759],[79.6226,13.8847],[79.6088,13.8857],[79.5983,13.8879],[79.5963,13.8894],[79.5974,13.8994],[79.5973,13.9146],[79.5891,13.9186],[79.5542,13.9119],[79.5429,13.9133],[79.5297,13.9133],[79.5031,13.9093],[79.4812,13.9098],[79.4782,13.9058],[79.4742,13.8962],[79.4508,13.8917],[79.4445,13.8889],[79.4412,13.8973],[79.4452,13.9034],[79.448,13.9101],[79.4532,13.915],[79.4565,13.9206],[79.4576,13.9381],[79.4593,13.9449],[79.4577,13.9492],[79.4536,13.9525],[79.4538,13.9588],[79.4517,13.9656],[79.4552,13.9836],[79.453,13.989],[79.4505,13.9913],[79.4443,13.9927],[79.4434,14.0004],[79.4376,14.0087],[79.4339,14.0185],[79.4348,14.027],[79.4368,14.0372],[79.4413,14.0541],[79.4412,14.0639],[79.4478,14.0737],[79.4501,14.0791],[79.4508,14.0967],[79.4528,14.1033],[79.4519,14.1075],[79.4458,14.1151],[79.4419,14.1212],[79.4398,14.1283],[79.4378,14.1457],[79.4316,14.1786],[79.4316,14.1909],[79.4319,14.1935],[79.4269,14.2047],[79.4246,14.2165],[79.4256,14.2275],[79.4295,14.2386],[79.4291,14.2487],[79.4188,14.2657],[79.418,14.2863],[79.4141,14.2963],[79.4098,14.3029],[79.4028,14.3113],[79.3956,14.3234],[79.3878,14.342],[79.3821,14.3463],[79.3723,14.3504],[79.3647,14.3551],[79.3623,14.3697],[79.3589,14.3783],[79.3454,14.4004],[79.331,14.4222],[79.3274,14.4301],[79.3231,14.4502],[79.3223,14.4598],[79.3175,14.4693],[79.3057,14.4776],[79.2954,14.4797],[79.2905,14.4849],[79.274,14.5282],[79.2643,14.5446],[79.249,14.5594],[79.2402,14.5789],[79.2362,14.5879],[79.2304,14.5948],[79.2233,14.5963],[79.2146,14.5877],[79.2064,14.5957],[79.1979,14.6009],[79.1949,14.6069],[79.1914,14.6106],[79.1829,14.6144],[79.1794,14.6218],[79.1783,14.6296],[79.1754,14.6425],[79.1748,14.6573],[79.1715,14.6594],[79.1749,14.6647],[79.1688,14.6772],[79.1706,14.6798],[79.1781,14.6841],[79.1791,14.6872],[79.1769,14.7138],[79.1675,14.7299],[79.1632,14.7421],[79.1633,14.7521],[79.1602,14.7598],[79.1544,14.7705],[79.1486,14.7775],[79.1431,14.7879],[79.1413,14.7979],[79.141,14.8195],[79.1332,14.846],[79.1276,14.8577],[79.1223,14.8654],[79.1163,14.8714],[79.1083,14.8776],[79.1028,14.8846],[79.1041,14.8882],[79.0981,14.8895],[79.0935,14.8921],[79.0913,14.9033],[79.0867,14.9156],[79.0837,14.9266],[79.0813,14.9415],[79.0778,14.9538],[79.073,14.9618],[79.0717,14.9707],[79.0726,14.9802],[79.0747,14.9897],[79.0742,15.0001],[79.074,15.0001],[79.0733,15.0318],[79.0764,15.0547],[79.0812,15.0607],[79.0817,15.0687],[79.0864,15.0766],[79.0894,15.0853],[79.0947,15.0884],[79.1028,15.0887],[79.1091,15.0897],[79.1143,15.0923],[79.117,15.0994],[79.1236,15.1031],[79.1309,15.1017],[79.1387,15.0979],[79.1557,15.0911],[79.1764,15.0876],[79.1989,15.0876],[79.2152,15.0936],[79.2353,15.1057],[79.2442,15.1082],[79.2557,15.1083],[79.257,15.1007],[79.2726,15.101],[79.2802,15.1],[79.2874,15.097],[79.2938,15.0972],[79.299,15.0907],[79.305,15.0925],[79.3095,15.0988],[79.3184,15.1155],[79.3245,15.117],[79.3319,15.1129],[79.3281,15.1047],[79.3278,15.097],[79.3323,15.0892],[79.339,15.0892],[79.3408,15.0967],[79.3438,15.1048],[79.347,15.11],[79.3529,15.111],[79.3527,15.1017],[79.3543,15.0948],[79.3605,15.0863],[79.3706,15.0846],[79.3789,15.0859],[79.385,15.0888],[79.3894,15.0878],[79.3865,15.0794],[79.392,15.0764],[79.411,15.0773],[79.4157,15.0749],[79.4139,15.0623],[79.4213,15.0564],[79.4378,15.0556],[79.4471,15.0586],[79.4673,15.0637],[79.473,15.0591],[79.4998,15.0546],[79.5049,15.0521],[79.5043,15.0454],[79.5106,15.0438],[79.5162,15.0379],[79.5341,15.0315],[79.5404,15.0261],[79.5523,15.0231],[79.5627,15.0338],[79.5632,15.0431],[79.5957,15.038],[79.6068,15.0392],[79.6165,15.0381],[79.6266,15.0357],[79.6345,15.0363],[79.6401,15.0367],[79.6504,15.035],[79.662,15.0349],[79.6697,15.0366],[79.6817,15.0336],[79.6926,15.0338],[79.7177,15.0459],[79.7226,15.048],[79.7269,15.0489],[79.7242,15.0389],[79.7332,15.0343],[79.7439,15.0318],[79.7523,15.0364],[79.7563,15.0441],[79.7577,15.0515],[79.7671,15.0515],[79.7742,15.0582],[79.781,15.0614],[79.7901,15.061],[79.799,15.0586],[79.8051,15.056],[79.804,15.0464],[79.8003,15.0352],[79.7945,15.0296],[79.7876,15.0255],[79.7908,15.0207],[79.8007,15.0147],[79.7957,15.0003],[79.7956,15.0003],[79.787,14.9885],[79.7841,14.9829],[79.782,14.9757],[79.787,14.9713],[79.7941,14.9717],[79.8049,14.9648],[79.8236,14.9624],[79.8286,14.9602],[79.8422,14.9567],[79.8581,14.9539],[79.8683,14.9553],[79.8722,14.9606],[79.8776,14.9729],[79.8826,14.9762],[79.8895,14.979],[79.895,14.9845],[79.8996,14.9916],[79.9034,15.0002],[79.9036,15.0002],[79.9113,15.0058],[79.9232,15.0075],[79.9253,15.0115],[79.9472,15.0198],[79.9523,15.0198],[79.9606,15.0175],[79.9751,15.0175],[79.9804,15.0159],[79.9853,15.0112],[79.9903,15.0048],[79.9917,15],[79.9914,15],[80.0002,14.9871],[80.0282,14.9938],[80.0331,14.9963],[80.0331,15.0001],[80.0335,15.0036],[80.0334,15.0051],[80.0331,15.008],[80.0364,15.0126],[80.0402,15.0157],[80.0488,15.0184]]]},"properties":{"district_name":"Sri Potti Sriramulu Nellore","raw_district_name":"Sri Potti Sriramulu Nellore","state_code":"AP","state_name":"Andhra Pradesh","census_code":550,"data_source":"DataMeet India Maps (Census 2011 Boundaries)"}},{"type":"Feature","geometry":{"type":"Polygon","coordinates":[[[78.5338,18.9436],[78.5275,18.93],[78.5224,18.9152],[78.5233,18.9093],[78.5355,18.8977],[78.5404,18.8914],[78.5459,18.8761],[78.5478,18.8579],[78.5499,18.8463],[78.5503,18.8332],[78.5514,18.8242],[78.554,18.8209],[78.5563,18.8158],[78.5596,18.7972],[78.5682,18.7853],[78.5613,18.7723],[78.5609,18.7637],[78.5751,18.7454],[78.5849,18.7382],[78.5937,18.7356],[78.6042,18.7345],[78.6136,18.7365],[78.6255,18.7368],[78.637,18.7327],[78.6422,18.7278],[78.6429,18.7197],[78.6451,18.7114],[78.6424,18.6961],[78.643,18.6909],[78.6469,18.6798],[78.6522,18.6598],[78.6595,18.6433],[78.6651,18.6355],[78.6681,18.6337],[78.6756,18.6292],[78.6792,18.6253],[78.6751,18.6187],[78.6585,18.5999],[78.6455,18.5928],[78.6204,18.5871],[78.6118,18.5839],[78.604,18.5781],[78.6003,18.5715],[78.5945,18.5471],[78.5886,18.5446],[78.5802,18.5469],[78.5732,18.5474],[78.564,18.5425],[78.5587,18.5366],[78.549,18.5171],[78.537,18.4971],[78.5264,18.4773],[78.5245,18.4703],[78.5331,18.4629],[78.5426,18.4582],[78.5511,18.4462],[78.5538,18.4377],[78.5528,18.4309],[78.5478,18.4251],[78.545,18.4194],[78.5471,18.4113],[78.5515,18.4068],[78.5632,18.3975],[78.5662,18.3908],[78.5597,18.3903],[78.5497,18.3912],[78.5376,18.3908],[78.5341,18.3857],[78.5372,18.3679],[78.5449,18.3521],[78.5493,18.3452],[78.5511,18.3384],[78.5428,18.3173],[78.5421,18.3027],[78.5369,18.2983],[78.5273,18.2921],[78.5226,18.285],[78.5493,18.2689],[78.5566,18.261],[78.5602,18.2543],[78.564,18.2415],[78.5686,18.2298],[78.5694,18.2213],[78.5678,18.2018],[78.5685,18.1882],[78.561,18.1844],[78.5533,18.1823],[78.5451,18.1819],[78.5351,18.1842],[78.5241,18.1809],[78.5179,18.1757],[78.5115,18.1743],[78.5041,18.1716],[78.4953,18.1651],[78.4894,18.1575],[78.4888,18.1492],[78.4976,18.1395],[78.4905,18.1328],[78.4854,18.1313],[78.4719,18.1291],[78.4627,18.1296],[78.456,18.1328],[78.4516,18.1381],[78.4482,18.1449],[78.4457,18.156],[78.4415,18.1665],[78.4278,18.1581],[78.4272,18.15],[78.4245,18.1424],[78.4146,18.1326],[78.4038,18.13],[78.3952,18.1313],[78.3886,18.1246],[78.3837,18.13],[78.3739,18.1478],[78.3678,18.1509],[78.3684,18.1598],[78.3599,18.1723],[78.3406,18.1891],[78.3266,18.2001],[78.3226,18.2006],[78.3174,18.1929],[78.3142,18.1842],[78.309,18.1762],[78.2965,18.1652],[78.283,18.149],[78.2729,18.1443],[78.2617,18.1473],[78.2485,18.16],[78.2403,18.1644],[78.2317,18.1717],[78.2254,18.1756],[78.2181,18.1787],[78.2232,18.1881],[78.217,18.2033],[78.2126,18.2188],[78.2031,18.2193],[78.1937,18.2147],[78.1838,18.2043],[78.1763,18.1899],[78.1727,18.1789],[78.1713,18.1697],[78.1731,18.1525],[78.1773,18.1276],[78.1772,18.1146],[78.1734,18.1067],[78.1698,18.1015],[78.1653,18.0969],[78.161,18.094],[78.1582,18.0906],[78.1578,18.0893],[78.1537,18.0873],[78.151,18.0835],[78.1466,18.0794],[78.141,18.0765],[78.1234,18.0768],[78.1174,18.0793],[78.1136,18.098],[78.1089,18.0978],[78.1015,18.0919],[78.0974,18.0796],[78.0943,18.0766],[78.0938,18.0771],[78.093,18.0772],[78.0915,18.0797],[78.0788,18.0794],[78.0756,18.0824],[78.0631,18.0882],[78.0537,18.0911],[78.0412,18.097],[78.0225,18.0969],[78.0163,18.0998],[78.0099,18.1115],[78.0039,18.1138],[78,18.1131],[77.9788,18.1136],[77.9673,18.1131],[77.9537,18.1148],[77.942,18.1126],[77.9372,18.1068],[77.9291,18.0994],[77.9138,18.0983],[77.8979,18.0904],[77.8978,18.0926],[77.8994,18.0952],[77.9027,18.098],[77.908,18.0989],[77.907,18.1059],[77.9118,18.1026],[77.9172,18.1032],[77.9196,18.1072],[77.9235,18.1049],[77.9284,18.1054],[77.9315,18.1173],[77.9197,18.1154],[77.9115,18.1235],[77.9145,18.1259],[77.9196,18.125],[77.9274,18.1312],[77.9266,18.1338],[77.9233,18.1368],[77.9262,18.1423],[77.9328,18.141],[77.9342,18.1422],[77.9331,18.1471],[77.9382,18.152],[77.9307,18.157],[77.9234,18.1521],[77.9272,18.1487],[77.9225,18.1466],[77.9184,18.148],[77.9182,18.1454],[77.9159,18.1442],[77.9121,18.1484],[77.9073,18.1455],[77.9049,18.1475],[77.9061,18.1546],[77.9009,18.1561],[77.8975,18.1603],[77.9069,18.1687],[77.9038,18.1727],[77.9036,18.1833],[77.9058,18.1941],[77.8828,18.1892],[77.8715,18.1912],[77.8655,18.1931],[77.8648,18.1985],[77.867,18.2031],[77.855,18.2073],[77.849,18.2024],[77.8418,18.2041],[77.8317,18.2008],[77.8293,18.1963],[77.812,18.1987],[77.8061,18.2043],[77.7964,18.2054],[77.7878,18.1992],[77.7823,18.2007],[77.7788,18.1961],[77.7783,18.1928],[77.7726,18.1906],[77.7613,18.2032],[77.7599,18.2076],[77.7481,18.2072],[77.7448,18.2064],[77.7459,18.211],[77.7445,18.226],[77.7409,18.226],[77.7393,18.2356],[77.731,18.2351],[77.7326,18.2431],[77.7296,18.2545],[77.7247,18.2604],[77.7131,18.2583],[77.7088,18.2607],[77.6902,18.262],[77.6898,18.2672],[77.6682,18.2833],[77.6473,18.2858],[77.6289,18.2848],[77.6204,18.2755],[77.6027,18.2748],[77.6067,18.2799],[77.6015,18.2831],[77.5874,18.285],[77.5779,18.2887],[77.5782,18.2912],[77.5742,18.2923],[77.5645,18.285],[77.5535,18.2932],[77.5586,18.3001],[77.5738,18.31],[77.5705,18.3198],[77.5569,18.333],[77.5457,18.3357],[77.5308,18.3412],[77.523,18.351],[77.5248,18.3664],[77.534,18.3775],[77.5451,18.3869],[77.5528,18.3894],[77.5587,18.4195],[77.5476,18.4221],[77.5386,18.4228],[77.5394,18.4251],[77.5294,18.429],[77.5319,18.4421],[77.538,18.444],[77.5499,18.4422],[77.5637,18.4367],[77.5705,18.4403],[77.5777,18.441],[77.5862,18.4447],[77.5888,18.4471],[77.5868,18.4489],[77.5872,18.4552],[77.5626,18.4596],[77.5533,18.4596],[77.5524,18.4624],[77.5497,18.465],[77.55,18.4673],[77.5616,18.4669],[77.5639,18.4691],[77.5742,18.4685],[77.58,18.4854],[77.5943,18.4827],[77.5967,18.4751],[77.6046,18.4759],[77.6073,18.4869],[77.6064,18.493],[77.5975,18.4955],[77.5898,18.5045],[77.5906,18.5114],[77.6,18.5166],[77.605,18.5235],[77.604,18.5265],[77.5968,18.5247],[77.5968,18.5296],[77.6018,18.5366],[77.6008,18.5491],[77.6144,18.5493],[77.6169,18.544],[77.6194,18.5445],[77.6199,18.5502],[77.6327,18.5522],[77.638,18.5468],[77.6441,18.5555],[77.6525,18.5542],[77.6532,18.5513],[77.6559,18.5512],[77.6531,18.5429],[77.649,18.5379],[77.6613,18.5288],[77.6658,18.5349],[77.6796,18.543],[77.6865,18.5425],[77.7161,18.5561],[77.7318,18.5532],[77.7403,18.5565],[77.7392,18.5648],[77.751,18.5907],[77.7519,18.6069],[77.7468,18.623],[77.7398,18.6325],[77.7335,18.6443],[77.7336,18.6471],[77.7339,18.6496],[77.7347,18.6569],[77.737,18.6572],[77.737,18.6637],[77.7319,18.6657],[77.7367,18.6775],[77.7485,18.6854],[77.7533,18.6913],[77.7538,18.6993],[77.7615,18.7086],[77.7682,18.7094],[77.7727,18.7031],[77.7733,18.6921],[77.7903,18.6857],[77.7904,18.6959],[77.8061,18.7176],[77.8066,18.7308],[77.8143,18.7417],[77.8271,18.77],[77.8315,18.7874],[77.8414,18.8089],[77.8632,18.8155],[77.9117,18.831],[77.9329,18.8232],[77.9467,18.8238],[77.9494,18.8336],[77.9483,18.8438],[77.9568,18.855],[77.9643,18.87],[77.9726,18.8768],[78,18.8831],[78.0225,18.8769],[78.0291,18.8779],[78.0336,18.8814],[78.0381,18.8954],[78.0432,18.9063],[78.0516,18.9196],[78.0524,18.9205],[78.0651,18.9312],[78.0705,18.9347],[78.0735,18.9369],[78.0863,18.9398],[78.0937,18.9435],[78.1018,18.9459],[78.1219,18.9539],[78.1341,18.9601],[78.1619,18.9817],[78.1788,18.9892],[78.194,18.9939],[78.2066,18.9999],[78.2224,19.0029],[78.2375,19.0042],[78.2496,19.0001],[78.2528,18.9991],[78.2651,18.9919],[78.2728,18.9833],[78.278,18.9704],[78.2774,18.9588],[78.2816,18.9452],[78.2894,18.9425],[78.3037,18.9462],[78.3185,18.9526],[78.3308,18.9592],[78.359,18.9804],[78.3695,18.9866],[78.3828,18.99],[78.3935,18.9919],[78.4053,18.9896],[78.4165,18.9814],[78.4344,18.9652],[78.4433,18.9604],[78.4517,18.959],[78.4656,18.9592],[78.4989,18.9656],[78.5106,18.9604],[78.5241,18.9478],[78.531,18.9448],[78.5338,18.9436]]]},"properties":{"district_name":"Nizamabad","raw_district_name":"Nizamabad","state_code":"AP","state_name":"Andhra Pradesh","census_code":533,"data_source":"DataMeet India Maps (Census 2011 Boundaries)"}},{"type":"Feature","geometry":{"type":"Polygon","coordinates":[[[80.4392,15.8063],[80.4335,15.8044],[80.4312,15.8034],[80.4221,15.7986],[80.4196,15.7978],[80.4169,15.7961],[80.4099,15.7921],[80.3925,15.7836],[80.3726,15.7714],[80.3698,15.77],[80.3676,15.7684],[80.3597,15.7638],[80.351,15.7558],[80.3499,15.7556],[80.3452,15.7522],[80.3421,15.7481],[80.3377,15.7441],[80.3366,15.7436],[80.336,15.7433],[80.3358,15.7426],[80.3322,15.7379],[80.3306,15.7358],[80.3258,15.7302],[80.3213,15.7249],[80.3205,15.7239],[80.3172,15.721],[80.3108,15.7168],[80.3055,15.7109],[80.3048,15.7107],[80.3044,15.7095],[80.3036,15.7087],[80.2976,15.7028],[80.295,15.6983],[80.2942,15.6978],[80.2926,15.6951],[80.2876,15.6896],[80.2796,15.684],[80.2775,15.6821],[80.2733,15.6762],[80.272,15.6713],[80.271,15.6706],[80.2707,15.6697],[80.2679,15.6664],[80.2667,15.6652],[80.2657,15.6611],[80.2651,15.6603],[80.263,15.6576],[80.2615,15.6557],[80.2598,15.6503],[80.2565,15.6471],[80.2552,15.6451],[80.2531,15.6405],[80.2524,15.6402],[80.2517,15.6399],[80.2512,15.639],[80.2477,15.632],[80.2444,15.6214],[80.2433,15.62],[80.2414,15.617],[80.2396,15.6141],[80.2367,15.6008],[80.2345,15.591],[80.2337,15.5842],[80.2314,15.5783],[80.231,15.5762],[80.2303,15.575],[80.2284,15.5689],[80.2267,15.5602],[80.2246,15.5547],[80.2235,15.5471],[80.223,15.5457],[80.2223,15.545],[80.2187,15.5435],[80.2068,15.5474],[80.2057,15.5492],[80.2057,15.5499],[80.2021,15.5525],[80.2007,15.5534],[80.2004,15.5545],[80.1997,15.5551],[80.1985,15.5557],[80.1962,15.5578],[80.1957,15.5586],[80.1838,15.566],[80.1819,15.5668],[80.1814,15.5674],[80.1805,15.5706],[80.1769,15.5729],[80.1755,15.5733],[80.1711,15.5721],[80.1693,15.5705],[80.1689,15.5695],[80.1692,15.5662],[80.1691,15.5613],[80.1686,15.5609],[80.1683,15.5597],[80.1676,15.5594],[80.1643,15.5591],[80.1568,15.5594],[80.1538,15.5599],[80.1459,15.5592],[80.138,15.5589],[80.1357,15.5585],[80.1347,15.5571],[80.136,15.5526],[80.1372,15.5516],[80.1372,15.5509],[80.1403,15.5501],[80.1465,15.5507],[80.1519,15.5521],[80.1591,15.5529],[80.1659,15.5517],[80.1698,15.5523],[80.1714,15.5531],[80.1719,15.5535],[80.1785,15.5602],[80.1822,15.5616],[80.1829,15.5614],[80.1856,15.5597],[80.1872,15.5562],[80.1903,15.5534],[80.1909,15.5521],[80.1909,15.5514],[80.194,15.5494],[80.2001,15.546],[80.2009,15.5453],[80.2025,15.544],[80.2034,15.5429],[80.2074,15.5407],[80.2106,15.5378],[80.2106,15.5372],[80.2109,15.5363],[80.2118,15.5356],[80.2128,15.5352],[80.2132,15.5343],[80.2135,15.5312],[80.213,15.5288],[80.2131,15.5266],[80.2119,15.5191],[80.2109,15.5172],[80.2103,15.5167],[80.2065,15.5091],[80.2057,15.5084],[80.2045,15.5075],[80.2021,15.5053],[80.2009,15.5045],[80.1971,15.5007],[80.1953,15.4992],[80.1869,15.4958],[80.1852,15.4946],[80.1847,15.4941],[80.1838,15.4925],[80.184,15.4907],[80.1845,15.4901],[80.1868,15.4895],[80.1876,15.4895],[80.1943,15.4899],[80.1963,15.4908],[80.1975,15.492],[80.2009,15.4954],[80.2042,15.4998],[80.2086,15.5024],[80.2107,15.5024],[80.2103,15.4988],[80.2101,15.4951],[80.2055,15.491],[80.2024,15.4847],[80.202,15.4831],[80.2018,15.476],[80.1989,15.4676],[80.1983,15.4657],[80.1976,15.465],[80.1973,15.4638],[80.1967,15.4625],[80.1904,15.4556],[80.1893,15.4543],[80.1879,15.453],[80.1847,15.4501],[80.1842,15.4497],[80.1788,15.4419],[80.1765,15.4391],[80.1753,15.4363],[80.1726,15.4339],[80.1718,15.4307],[80.171,15.4299],[80.1702,15.4285],[80.1697,15.4271],[80.1689,15.4262],[80.167,15.4242],[80.1659,15.4231],[80.1617,15.4179],[80.161,15.4165],[80.1586,15.4143],[80.1575,15.4138],[80.1571,15.4122],[80.1566,15.4106],[80.1546,15.4085],[80.1536,15.4059],[80.1505,15.4033],[80.1496,15.4016],[80.1475,15.3992],[80.1469,15.3989],[80.1467,15.3982],[80.1427,15.3929],[80.1347,15.3854],[80.1305,15.3805],[80.1261,15.3719],[80.1253,15.3711],[80.1248,15.3697],[80.1221,15.3657],[80.1212,15.3646],[80.1202,15.3623],[80.1192,15.3597],[80.1162,15.3566],[80.1149,15.3538],[80.1119,15.3503],[80.1114,15.3489],[80.1091,15.3462],[80.1066,15.3405],[80.1027,15.3342],[80.0999,15.3259],[80.0996,15.3248],[80.0984,15.3201],[80.0975,15.316],[80.0972,15.3153],[80.095,15.3085],[80.0945,15.3045],[80.0918,15.2932],[80.0911,15.2911],[80.0863,15.2823],[80.0839,15.2779],[80.0805,15.267],[80.0796,15.2575],[80.0809,15.243],[80.0817,15.2392],[80.0824,15.2333],[80.0845,15.228],[80.0873,15.2159],[80.0874,15.2119],[80.0874,15.2105],[80.0851,15.1997],[80.0838,15.1953],[80.0816,15.1925],[80.0807,15.192],[80.08,15.1924],[80.0788,15.1921],[80.0713,15.1933],[80.0675,15.1954],[80.0674,15.1963],[80.0662,15.1971],[80.064,15.1993],[80.063,15.2004],[80.0622,15.2024],[80.0596,15.2038],[80.0591,15.2046],[80.0515,15.2095],[80.0515,15.2104],[80.0486,15.2128],[80.0476,15.2132],[80.0433,15.2135],[80.0348,15.2132],[80.0319,15.2117],[80.0302,15.2108],[80.0303,15.2091],[80.0318,15.2078],[80.0321,15.2071],[80.0401,15.2055],[80.0415,15.2058],[80.0431,15.2055],[80.0438,15.2051],[80.0503,15.2018],[80.0506,15.2011],[80.0535,15.1987],[80.0579,15.1915],[80.0599,15.1897],[80.0604,15.1893],[80.0611,15.1891],[80.0623,15.1872],[80.0628,15.1861],[80.0723,15.1831],[80.0737,15.1819],[80.0734,15.18],[80.0724,15.1788],[80.0705,15.1731],[80.0679,15.1693],[80.0661,15.1658],[80.065,15.1637],[80.0621,15.1503],[80.0615,15.147],[80.0606,15.1456],[80.0592,15.1414],[80.0591,15.1367],[80.0584,15.1357],[80.0563,15.1288],[80.0558,15.1281],[80.0554,15.1222],[80.0535,15.1208],[80.0523,15.1148],[80.051,15.1127],[80.0511,15.1045],[80.0501,15.1031],[80.0488,15.0899],[80.0485,15.0849],[80.0475,15.0832],[80.0472,15.0805],[80.0467,15.0737],[80.046,15.0576],[80.0457,15.0496],[80.0481,15.0223],[80.0488,15.0184],[80.0402,15.0157],[80.0364,15.0126],[80.0331,15.008],[80.0334,15.0051],[80.0335,15.0036],[80.0331,15.0001],[80.0331,14.9963],[80.0282,14.9938],[80.0002,14.9871],[79.9914,15],[79.9917,15],[79.9903,15.0048],[79.9853,15.0112],[79.9804,15.0159],[79.9751,15.0175],[79.9606,15.0175],[79.9523,15.0198],[79.9472,15.0198],[79.9253,15.0115],[79.9232,15.0075],[79.9113,15.0058],[79.9036,15.0002],[79.9034,15.0002],[79.8996,14.9916],[79.895,14.9845],[79.8895,14.979],[79.8826,14.9762],[79.8776,14.9729],[79.8722,14.9606],[79.8683,14.9553],[79.8581,14.9539],[79.8422,14.9567],[79.8286,14.9602],[79.8236,14.9624],[79.8049,14.9648],[79.7941,14.9717],[79.787,14.9713],[79.782,14.9757],[79.7841,14.9829],[79.787,14.9885],[79.7956,15.0003],[79.7957,15.0003],[79.8007,15.0147],[79.7908,15.0207],[79.7876,15.0255],[79.7945,15.0296],[79.8003,15.0352],[79.804,15.0464],[79.8051,15.056],[79.799,15.0586],[79.7901,15.061],[79.781,15.0614],[79.7742,15.0582],[79.7671,15.0515],[79.7577,15.0515],[79.7563,15.0441],[79.7523,15.0364],[79.7439,15.0318],[79.7332,15.0343],[79.7242,15.0389],[79.7269,15.0489],[79.7226,15.048],[79.7177,15.0459],[79.6926,15.0338],[79.6817,15.0336],[79.6697,15.0366],[79.662,15.0349],[79.6504,15.035],[79.6401,15.0367],[79.6345,15.0363],[79.6266,15.0357],[79.6165,15.0381],[79.6068,15.0392],[79.5957,15.038],[79.5632,15.0431],[79.5627,15.0338],[79.5523,15.0231],[79.5404,15.0261],[79.5341,15.0315],[79.5162,15.0379],[79.5106,15.0438],[79.5043,15.0454],[79.5049,15.0521],[79.4998,15.0546],[79.473,15.0591],[79.4673,15.0637],[79.4471,15.0586],[79.4378,15.0556],[79.4213,15.0564],[79.4139,15.0623],[79.4157,15.0749],[79.411,15.0773],[79.392,15.0764],[79.3865,15.0794],[79.3894,15.0878],[79.385,15.0888],[79.3789,15.0859],[79.3706,15.0846],[79.3605,15.0863],[79.3543,15.0948],[79.3527,15.1017],[79.3529,15.111],[79.347,15.11],[79.3438,15.1048],[79.3408,15.0967],[79.339,15.0892],[79.3323,15.0892],[79.3278,15.097],[79.3281,15.1047],[79.3319,15.1129],[79.3245,15.117],[79.3184,15.1155],[79.3095,15.0988],[79.305,15.0925],[79.299,15.0907],[79.2938,15.0972],[79.2874,15.097],[79.2802,15.1],[79.2726,15.101],[79.257,15.1007],[79.2557,15.1083],[79.2442,15.1082],[79.2353,15.1057],[79.2152,15.0936],[79.1989,15.0876],[79.1764,15.0876],[79.1557,15.0911],[79.1387,15.0979],[79.1309,15.1017],[79.1236,15.1031],[79.117,15.0994],[79.1143,15.0923],[79.1091,15.0897],[79.1028,15.0887],[79.0947,15.0884],[79.0894,15.0853],[79.0864,15.0766],[79.0817,15.0687],[79.0812,15.0607],[79.0764,15.0547],[79.0688,15.0873],[79.0658,15.0945],[79.063,15.1147],[79.0577,15.1419],[79.0613,15.1589],[79.0658,15.1687],[79.0681,15.1763],[79.0595,15.1781],[79.0488,15.1777],[79.0381,15.1791],[79.0306,15.1802],[79.0224,15.1828],[79.0073,15.1819],[79.0001,15.173],[78.9929,15.168],[78.9788,15.169],[78.9706,15.1723],[78.9624,15.1798],[78.9593,15.1937],[78.9548,15.203],[78.9524,15.2251],[78.9496,15.2371],[78.9448,15.235],[78.9388,15.2266],[78.9353,15.2187],[78.9301,15.2019],[78.9232,15.1964],[78.9057,15.1975],[78.8735,15.2022],[78.8561,15.2037],[78.8299,15.208],[78.823,15.2081],[78.7968,15.2049],[78.7888,15.2018],[78.7819,15.1977],[78.7739,15.1887],[78.7696,15.1857],[78.7678,15.1842],[78.7612,15.1824],[78.75,15.1824],[78.7457,15.2101],[78.743,15.2414],[78.744,15.2708],[78.7435,15.3054],[78.7446,15.3209],[78.7475,15.3416],[78.7503,15.3535],[78.7536,15.3626],[78.7662,15.3876],[78.7737,15.4063],[78.7737,15.4204],[78.7724,15.4529],[78.7737,15.4731],[78.778,15.5106],[78.7798,15.5326],[78.7769,15.5772],[78.7729,15.6007],[78.7733,15.6633],[78.7739,15.6577],[78.7751,15.6788],[78.7794,15.701],[78.7916,15.7374],[78.795,15.7559],[78.7981,15.7925],[78.7998,15.802],[78.806,15.8453],[78.8127,15.8748],[78.817,15.8841],[78.8204,15.89],[78.8332,15.9072],[78.8599,15.9307],[78.8734,15.9405],[78.8936,15.9581],[78.9018,15.9643],[78.9107,15.9764],[78.9133,15.9844],[78.9211,15.9999],[78.9271,16.0261],[78.9333,16.0698],[78.921,16.1157],[78.9249,16.1204],[78.9295,16.1287],[78.9285,16.1405],[78.9132,16.1717],[78.913,16.1886],[78.9156,16.1978],[78.9331,16.2091],[78.9487,16.2166],[78.9666,16.224],[78.9857,16.2298],[79.0001,16.2351],[79.0178,16.2473],[79.0278,16.2511],[79.0386,16.2526],[79.0502,16.2518],[79.0618,16.2494],[79.0764,16.245],[79.1308,16.2449],[79.141,16.2434],[79.1504,16.2363],[79.1591,16.2317],[79.1706,16.2273],[79.1845,16.2242],[79.2,16.2298],[79.2144,16.2288],[79.2215,16.2224],[79.2236,16.21],[79.2255,16.1812],[79.2565,16.202],[79.276,16.2131],[79.2859,16.2197],[79.3037,16.2298],[79.3285,16.2421],[79.3426,16.2462],[79.3587,16.2431],[79.3685,16.2429],[79.3857,16.2541],[79.4083,16.2754],[79.4255,16.2843],[79.4462,16.302],[79.4638,16.3107],[79.4983,16.3014],[79.5125,16.3047],[79.5192,16.3105],[79.5327,16.3181],[79.5471,16.3126],[79.5558,16.3048],[79.5589,16.2888],[79.5619,16.2517],[79.57,16.2167],[79.5739,16.2059],[79.5751,16.1966],[79.5675,16.1785],[79.5587,16.1617],[79.5556,16.1514],[79.5574,16.1415],[79.566,16.122],[79.5645,16.1073],[79.5667,16.084],[79.5704,16.0636],[79.583,16.035],[79.5852,16.0266],[79.5832,16.0214],[79.5665,16.016],[79.5626,16.0116],[79.5607,16.0061],[79.5623,15.9999],[79.5664,15.9613],[79.5668,15.955],[79.5693,15.9469],[79.5717,15.944],[79.5791,15.9395],[79.5948,15.9422],[79.6057,15.9413],[79.6127,15.9399],[79.6172,15.9378],[79.6217,15.9318],[79.6182,15.9227],[79.6235,15.9207],[79.6314,15.9154],[79.6406,15.9104],[79.6502,15.9117],[79.6567,15.9165],[79.6633,15.9203],[79.6684,15.9186],[79.6883,15.9054],[79.7046,15.8987],[79.7006,15.8862],[79.7008,15.8808],[79.7184,15.871],[79.7292,15.8602],[79.7266,15.8493],[79.7238,15.8414],[79.7409,15.8343],[79.7501,15.8282],[79.76,15.8243],[79.7725,15.824],[79.7804,15.8273],[79.7842,15.8361],[79.784,15.8429],[79.7784,15.8464],[79.7681,15.8496],[79.7623,15.8565],[79.7603,15.8627],[79.766,15.8769],[79.7673,15.8854],[79.7679,15.8965],[79.7738,15.9036],[79.7924,15.9133],[79.7976,15.9206],[79.8008,15.9288],[79.8024,15.939],[79.8099,15.9411],[79.8292,15.9388],[79.8365,15.9366],[79.8417,15.9361],[79.8519,15.9327],[79.86,15.931],[79.8629,15.9239],[79.8801,15.9188],[79.8873,15.9199],[79.8912,15.925],[79.8944,15.9305],[79.8958,15.9366],[79.8986,15.942],[79.9078,15.9432],[79.9161,15.9471],[79.9195,15.9524],[79.9248,15.9647],[79.9222,15.9699],[79.9149,15.97],[79.9104,15.9725],[79.9144,15.9812],[79.9127,15.9848],[79.9056,15.9905],[79.9042,15.9936],[79.9087,16.0005],[79.9052,16.0066],[79.8981,16.0102],[79.8818,16.0146],[79.8698,16.0154],[79.8718,16.0251],[79.8854,16.0487],[79.8918,16.0576],[79.9002,16.0604],[79.9143,16.0636],[79.9215,16.07],[79.9215,16.0782],[79.9037,16.0975],[79.8858,16.1144],[79.8707,16.1236],[79.8662,16.1397],[79.8678,16.1528],[79.8753,16.1618],[79.886,16.1657],[79.8985,16.1648],[79.9047,16.1625],[79.9192,16.1544],[79.9296,16.1522],[79.9376,16.154],[79.9454,16.1573],[79.9568,16.1517],[79.9694,16.1421],[79.9856,16.1367],[79.9999,16.1388],[80.0113,16.1223],[80.0139,16.1149],[80.0224,16.1126],[80.0269,16.1123],[80.0344,16.115],[80.0464,16.1248],[80.0506,16.1254],[80.0521,16.1234],[80.0544,16.1158],[80.0521,16.1055],[80.0457,16.0973],[80.0433,16.0895],[80.0507,16.0855],[80.0551,16.0841],[80.064,16.0863],[80.0707,16.0911],[80.0729,16.0868],[80.0733,16.0832],[80.0727,16.0759],[80.0711,16.0688],[80.0751,16.0658],[80.0742,16.0598],[80.0811,16.0535],[80.079,16.0474],[80.0879,16.0428],[80.087,16.0286],[80.0885,16.0209],[80.0977,16.0109],[80.1019,16.009],[80.108,16.0117],[80.1135,16.0155],[80.1422,16.0174],[80.1379,16.0222],[80.1365,16.0262],[80.1365,16.0321],[80.1385,16.0398],[80.1464,16.0442],[80.1515,16.0443],[80.1628,16.0403],[80.182,16.0369],[80.187,16.0344],[80.1859,16.0292],[80.1873,16.025],[80.1927,16.0256],[80.1945,16.0342],[80.196,16.0366],[80.1992,16.0372],[80.2154,16.0353],[80.2334,16.0314],[80.235,16.0369],[80.241,16.0379],[80.2438,16.0516],[80.2553,16.0496],[80.2644,16.0464],[80.2685,16.0515],[80.2722,16.0518],[80.2819,16.0475],[80.2927,16.0493],[80.2979,16.0511],[80.3034,16.0508],[80.3047,16.0528],[80.3061,16.0536],[80.3121,16.0482],[80.3233,16.0436],[80.3196,16.0363],[80.3214,16.0306],[80.3281,16.0255],[80.3322,16.0189],[80.3399,16.0151],[80.3502,16.028],[80.3553,16.0273],[80.3614,16.0252],[80.3664,16.0217],[80.3792,16.0185],[80.4017,16.0114],[80.422,16.0009],[80.4255,15.9895],[80.4206,15.9881],[80.4088,15.9966],[80.4033,15.9983],[80.3939,15.9969],[80.3787,15.986],[80.3837,15.9709],[80.3837,15.9611],[80.386,15.9402],[80.3918,15.9201],[80.3987,15.9044],[80.4062,15.8932],[80.4248,15.9004],[80.4327,15.9065],[80.4452,15.9127],[80.4511,15.9026],[80.4584,15.9093],[80.4637,15.9098],[80.4773,15.9022],[80.4816,15.8976],[80.4759,15.8886],[80.4673,15.8837],[80.4525,15.8787],[80.4525,15.8702],[80.4477,15.8642],[80.4343,15.8554],[80.4325,15.8486],[80.4392,15.8063]]]},"properties":{"district_name":"Prakasam","raw_district_name":"Prakasam","state_code":"AP","state_name":"Andhra Pradesh","census_code":549,"data_source":"DataMeet India Maps (Census 2011 Boundaries)"}},{"type":"Feature","geometry":{"type":"Polygon","coordinates":[[[78.72,17.6667],[78.7141,17.6516],[78.7101,17.6353],[78.7023,17.6259],[78.6982,17.6135],[78.7002,17.6038],[78.6954,17.6019],[78.6901,17.5967],[78.6911,17.5937],[78.6968,17.589],[78.6912,17.5838],[78.6877,17.578],[78.6989,17.5598],[78.7041,17.5446],[78.7064,17.5341],[78.7134,17.5244],[78.7136,17.5189],[78.7112,17.4886],[78.7208,17.4808],[78.7268,17.4775],[78.7267,17.472],[78.719,17.4681],[78.7145,17.4632],[78.7133,17.4392],[78.7243,17.4429],[78.7376,17.44],[78.7474,17.4417],[78.7547,17.4475],[78.7604,17.4441],[78.7621,17.4278],[78.758,17.4158],[78.7533,17.4067],[78.7459,17.398],[78.7478,17.3925],[78.7476,17.3857],[78.7437,17.3781],[78.743,17.3703],[78.7406,17.3594],[78.7516,17.3587],[78.77,17.3486],[78.7703,17.3407],[78.7651,17.337],[78.7535,17.3312],[78.7469,17.3258],[78.7568,17.3187],[78.7665,17.315],[78.7695,17.3113],[78.7677,17.3093],[78.7538,17.3022],[78.7473,17.2968],[78.7568,17.287],[78.7612,17.2796],[78.7556,17.272],[78.7629,17.2644],[78.7711,17.2585],[78.8065,17.2489],[78.8177,17.2443],[78.8271,17.2364],[78.814,17.209],[78.784,17.2152],[78.7693,17.2192],[78.7751,17.2125],[78.7793,17.2059],[78.7813,17.1963],[78.7911,17.1933],[78.7905,17.1824],[78.7946,17.1729],[78.7837,17.1612],[78.786,17.1516],[78.7955,17.1409],[78.8083,17.1335],[78.8181,17.1297],[78.8324,17.1271],[78.8393,17.125],[78.8435,17.1179],[78.8416,17.1106],[78.826,17.1139],[78.8246,17.1062],[78.8414,17.0945],[78.8502,17.0871],[78.8556,17.0792],[78.8462,17.0691],[78.8454,17.0632],[78.8461,17.0518],[78.8385,17.0427],[78.8272,17.0402],[78.7993,17.0484],[78.793,17.0434],[78.7885,17.0386],[78.803,17.0375],[78.8201,17.0323],[78.8289,17.0248],[78.8307,17.0178],[78.8186,17.007],[78.8072,16.9995],[78.7976,16.9905],[78.7946,16.9803],[78.7898,16.9734],[78.7765,16.9773],[78.7593,16.9778],[78.7551,16.97],[78.7548,16.9661],[78.7421,16.9685],[78.7301,16.9691],[78.7178,16.9684],[78.707,16.9625],[78.7021,16.9452],[78.6985,16.9394],[78.7017,16.933],[78.6871,16.9307],[78.6762,16.9381],[78.6625,16.9454],[78.6565,16.9512],[78.6499,16.9554],[78.6227,16.9587],[78.6149,16.959],[78.6035,16.9552],[78.5852,16.9518],[78.5743,16.9609],[78.5683,16.9672],[78.5621,16.9807],[78.5489,16.9847],[78.5316,16.9872],[78.5225,16.9922],[78.5172,17],[78.518,17.0042],[78.5175,17.0085],[78.5158,17.0112],[78.5108,17.0133],[78.5042,17.0132],[78.4965,17.0093],[78.4911,17.005],[78.4872,17],[78.484,16.992],[78.4792,16.9879],[78.4744,16.985],[78.4662,16.9817],[78.4609,16.9818],[78.4587,16.9906],[78.4536,16.9932],[78.4532,17],[78.4432,17.0077],[78.4261,17.0181],[78.4133,17.0234],[78.4018,17.0282],[78.3891,17.0349],[78.3808,17.0446],[78.3714,17.0616],[78.3659,17.0694],[78.3504,17.0747],[78.3506,17.0829],[78.3592,17.08],[78.3672,17.0852],[78.3614,17.0898],[78.354,17.0916],[78.3521,17.0999],[78.3452,17.1078],[78.3398,17.1205],[78.329,17.1323],[78.3196,17.1401],[78.3099,17.1463],[78.3078,17.1506],[78.3098,17.1627],[78.3104,17.1733],[78.3074,17.1837],[78.3014,17.1959],[78.2988,17.2123],[78.2944,17.2242],[78.2825,17.2282],[78.2709,17.225],[78.2656,17.2152],[78.2621,17.206],[78.2534,17.2045],[78.2431,17.2063],[78.2268,17.2061],[78.2229,17.2023],[78.2203,17.1931],[78.2139,17.1857],[78.1982,17.1797],[78.19,17.1777],[78.1734,17.171],[78.1708,17.1628],[78.1719,17.156],[78.1787,17.1507],[78.1872,17.149],[78.1931,17.1461],[78.1914,17.1405],[78.18,17.1334],[78.1853,17.1139],[78.1841,17.1041],[78.1828,17.0999],[78.1642,17.1019],[78.1433,17.1098],[78.1322,17.1124],[78.1185,17.1094],[78.1025,17.1014],[78.0905,17.1157],[78.0854,17.1254],[78.0868,17.1347],[78.0985,17.1512],[78.095,17.1709],[78.0875,17.1759],[78.0887,17.1871],[78.0856,17.1951],[78.0775,17.1974],[78.0678,17.1987],[78.0554,17.1959],[78.0499,17.1863],[78.0428,17.1772],[78.0279,17.1728],[78.024,17.1673],[78.0155,17.1483],[78.0095,17.1394],[78.0002,17.131],[77.9926,17.1269],[77.992,17.1228],[77.9931,17.1208],[77.9937,17.1165],[77.9916,17.1103],[77.9906,17.1031],[77.9857,17.1027],[77.9774,17.098],[77.972,17.0992],[77.9645,17.0974],[77.9558,17.0974],[77.9536,17.0903],[77.9451,17.0886],[77.9418,17.0859],[77.9359,17.0858],[77.9347,17.0831],[77.9381,17.0801],[77.9474,17.0799],[77.9506,17.0738],[77.9434,17.0747],[77.9393,17.0713],[77.9295,17.067],[77.9229,17.0623],[77.9254,17.0512],[77.9329,17.0458],[77.9331,17.0374],[77.9366,17.0283],[77.9404,17.0236],[77.9462,17.0197],[77.951,17.0195],[77.9509,17.0159],[77.9624,17.0115],[77.9687,17.0122],[77.9741,17.0093],[77.9792,17.0083],[77.9783,17.0024],[77.9833,17.001],[77.985,16.9998],[77.9971,16.9894],[77.9973,16.9828],[78,16.9799],[78.0009,16.9793],[78.003,16.978],[78,16.9757],[77.9986,16.973],[77.9886,16.9599],[77.9928,16.9557],[78,16.9524],[78.0142,16.9501],[78.0147,16.9433],[78.0094,16.9348],[78.0135,16.9273],[78.0156,16.9204],[78.0168,16.9145],[78.0142,16.9117],[78.0147,16.906],[78.0111,16.9017],[78,16.899],[77.9844,16.8966],[77.9766,16.8904],[77.9698,16.8892],[77.9718,16.8803],[77.9679,16.8724],[77.9691,16.8692],[77.9791,16.8699],[77.9823,16.8733],[77.985,16.8787],[77.9908,16.8736],[77.9878,16.8605],[77.9836,16.8551],[77.9778,16.8499],[77.9724,16.8498],[77.9681,16.8518],[77.9639,16.8563],[77.9559,16.8675],[77.9417,16.8643],[77.9376,16.8616],[77.9295,16.8484],[77.9241,16.8474],[77.9177,16.8503],[77.9144,16.8533],[77.9154,16.8589],[77.9098,16.8613],[77.8766,16.8556],[77.8728,16.8539],[77.8659,16.8533],[77.8662,16.8558],[77.8686,16.8593],[77.8669,16.862],[77.863,16.8598],[77.8586,16.8544],[77.8495,16.8571],[77.8446,16.86],[77.8425,16.8589],[77.8416,16.8568],[77.8279,16.8612],[77.8215,16.865],[77.822,16.8786],[77.8213,16.8841],[77.8141,16.8895],[77.8096,16.889],[77.8043,16.8845],[77.7954,16.8746],[77.7824,16.878],[77.7732,16.8786],[77.7689,16.8766],[77.763,16.8723],[77.7584,16.8724],[77.738,16.8808],[77.7393,16.8883],[77.7409,16.8928],[77.7414,16.9005],[77.7446,16.9127],[77.741,16.9237],[77.7403,16.938],[77.7308,16.9399],[77.7308,16.943],[77.7427,16.9492],[77.7492,16.9557],[77.7583,16.9696],[77.7622,16.9777],[77.7614,16.9823],[77.7577,16.9877],[77.7617,16.9936],[77.763,17.0005],[77.7644,17.0033],[77.763,17.0111],[77.7685,17.0193],[77.7784,17.0181],[77.7832,17.0288],[77.7882,17.0429],[77.7787,17.0484],[77.775,17.0585],[77.767,17.0604],[77.7583,17.0588],[77.7549,17.0619],[77.7617,17.0745],[77.7638,17.082],[77.7615,17.0896],[77.7691,17.107],[77.7797,17.1111],[77.7791,17.1135],[77.7768,17.1168],[77.7781,17.1204],[77.7749,17.1262],[77.7708,17.1291],[77.7881,17.1536],[77.7879,17.1587],[77.7889,17.1665],[77.7877,17.1738],[77.7827,17.177],[77.7795,17.1777],[77.7764,17.1869],[77.7725,17.1941],[77.7675,17.1964],[77.7667,17.2021],[77.772,17.2083],[77.7759,17.2094],[77.778,17.2122],[77.7892,17.2183],[77.7909,17.2253],[77.7932,17.2306],[77.7801,17.2344],[77.7754,17.2368],[77.777,17.2327],[77.7732,17.2312],[77.7732,17.2278],[77.7626,17.2259],[77.7617,17.2217],[77.7568,17.2215],[77.7552,17.2278],[77.7492,17.2273],[77.7389,17.2301],[77.7352,17.2218],[77.7352,17.2092],[77.7379,17.2028],[77.7416,17.1806],[77.7352,17.1821],[77.7287,17.1871],[77.7284,17.1928],[77.7305,17.2026],[77.7281,17.2059],[77.7192,17.2083],[77.7206,17.2029],[77.7155,17.2027],[77.7107,17.2005],[77.7041,17.2035],[77.697,17.1981],[77.7005,17.1913],[77.6973,17.1843],[77.6983,17.1803],[77.705,17.177],[77.7043,17.174],[77.6973,17.1763],[77.685,17.1751],[77.6795,17.1795],[77.6714,17.1811],[77.6699,17.1803],[77.6662,17.1824],[77.6493,17.182],[77.6446,17.1738],[77.6175,17.1671],[77.6208,17.1572],[77.6233,17.153],[77.6178,17.1535],[77.6141,17.1523],[77.6127,17.1494],[77.6077,17.1489],[77.6035,17.1487],[77.5983,17.1507],[77.5965,17.1501],[77.5893,17.1504],[77.5854,17.1392],[77.5802,17.1301],[77.5694,17.1331],[77.56,17.1375],[77.5521,17.1402],[77.5477,17.1447],[77.5452,17.158],[77.5395,17.1661],[77.53,17.1682],[77.5132,17.1737],[77.5065,17.1716],[77.4989,17.175],[77.4885,17.1767],[77.4791,17.1746],[77.4806,17.1498],[77.4766,17.1427],[77.4804,17.1377],[77.4857,17.1338],[77.4816,17.1194],[77.4736,17.1167],[77.4691,17.1121],[77.4666,17.1074],[77.4563,17.1109],[77.4523,17.1148],[77.4425,17.1179],[77.4376,17.1144],[77.4273,17.1173],[77.4156,17.1238],[77.4075,17.1265],[77.4026,17.1351],[77.38,17.1411],[77.3791,17.1519],[77.3705,17.1545],[77.3636,17.1648],[77.3686,17.1681],[77.3672,17.1726],[77.372,17.1796],[77.3712,17.1863],[77.3744,17.1932],[77.3804,17.1961],[77.3854,17.1969],[77.3952,17.1955],[77.3972,17.2101],[77.4025,17.2119],[77.4027,17.2146],[77.3969,17.2146],[77.3883,17.2161],[77.385,17.2194],[77.384,17.2229],[77.3877,17.2264],[77.3959,17.2317],[77.3995,17.2359],[77.4025,17.235],[77.4092,17.2405],[77.4187,17.233],[77.4215,17.2359],[77.4238,17.2447],[77.4242,17.2524],[77.4263,17.2563],[77.4411,17.2645],[77.4463,17.2717],[77.4535,17.273],[77.4583,17.279],[77.4566,17.2897],[77.4508,17.2919],[77.4378,17.2913],[77.4415,17.2997],[77.4442,17.3009],[77.4517,17.3165],[77.4534,17.3179],[77.4551,17.3303],[77.4563,17.331],[77.4589,17.3409],[77.4601,17.348],[77.4567,17.3518],[77.4535,17.353],[77.4536,17.366],[77.4553,17.3735],[77.4831,17.3726],[77.4791,17.3711],[77.4762,17.3662],[77.4783,17.3622],[77.4864,17.3575],[77.4962,17.3585],[77.503,17.3571],[77.5136,17.3623],[77.5247,17.3651],[77.5319,17.3752],[77.5341,17.3809],[77.5305,17.3819],[77.5252,17.3894],[77.5375,17.4019],[77.5394,17.4071],[77.5375,17.4091],[77.5306,17.409],[77.5145,17.4155],[77.514,17.4302],[77.5272,17.4396],[77.5374,17.4439],[77.5528,17.4379],[77.5617,17.4383],[77.5765,17.4325],[77.5759,17.4416],[77.5772,17.4572],[77.5944,17.4511],[77.5999,17.4457],[77.6085,17.4461],[77.6147,17.4473],[77.6155,17.456],[77.6142,17.4677],[77.615,17.473],[77.6197,17.4744],[77.6307,17.4742],[77.6381,17.4753],[77.6445,17.4791],[77.6467,17.4865],[77.6483,17.4979],[77.6521,17.5024],[77.6569,17.5063],[77.6531,17.4946],[77.6522,17.4842],[77.6691,17.4794],[77.6882,17.476],[77.6889,17.4883],[77.6912,17.4946],[77.6922,17.5016],[77.6898,17.5087],[77.6868,17.52],[77.6905,17.5273],[77.7004,17.5293],[77.7074,17.5281],[77.7433,17.5498],[77.7614,17.5593],[77.76,17.5737],[77.7623,17.5813],[77.7658,17.5848],[77.7713,17.5864],[77.7742,17.602],[77.7681,17.6126],[77.7628,17.6129],[77.7592,17.6152],[77.75,17.6124],[77.7499,17.6181],[77.7462,17.6179],[77.7477,17.6248],[77.7528,17.6233],[77.7692,17.6265],[77.7776,17.6266],[77.7801,17.6284],[77.7841,17.639],[77.7876,17.6376],[77.798,17.6249],[77.8013,17.6274],[77.816,17.6263],[77.825,17.6359],[77.828,17.6461],[77.8559,17.6433],[77.8591,17.6281],[77.8613,17.6215],[77.8667,17.62],[77.8676,17.6109],[77.8737,17.6039],[77.8751,17.6004],[77.8734,17.5963],[77.8707,17.5926],[77.8715,17.5863],[77.8743,17.5809],[77.9016,17.5791],[77.914,17.5753],[77.9229,17.574],[77.9338,17.5652],[77.9358,17.5579],[77.9398,17.5524],[77.9384,17.5389],[77.9477,17.5367],[77.9544,17.5369],[77.9636,17.535],[77.9749,17.5187],[77.9663,17.5047],[77.9679,17.4945],[77.9653,17.4837],[77.9757,17.4836],[77.9827,17.4859],[77.9917,17.5072],[77.9958,17.5001],[78,17.4962],[78.0061,17.4885],[78.0126,17.4816],[78.0195,17.4754],[78.0278,17.4713],[78.036,17.4648],[78.0448,17.4607],[78.0544,17.4598],[78.0605,17.4714],[78.0517,17.4759],[78.0549,17.4842],[78.0635,17.483],[78.0648,17.4891],[78.0653,17.4968],[78.0585,17.5023],[78.0591,17.5088],[78.0666,17.5083],[78.071,17.5212],[78.0819,17.5244],[78.0825,17.5082],[78.0853,17.4971],[78.1036,17.4925],[78.1106,17.4828],[78.1188,17.4826],[78.1344,17.488],[78.1429,17.4871],[78.1477,17.4814],[78.1456,17.4727],[78.158,17.4647],[78.1671,17.4632],[78.1799,17.4704],[78.1943,17.4797],[78.1886,17.4901],[78.2012,17.4891],[78.2139,17.4864],[78.2191,17.4627],[78.2184,17.4506],[78.2187,17.4398],[78.2301,17.4398],[78.2368,17.4277],[78.2468,17.4263],[78.2558,17.4228],[78.263,17.419],[78.2711,17.4228],[78.2735,17.4294],[78.2733,17.4353],[78.2887,17.4333],[78.2952,17.4456],[78.3031,17.4556],[78.3063,17.4655],[78.297,17.4915],[78.3109,17.492],[78.3171,17.4975],[78.3271,17.5008],[78.3356,17.5046],[78.344,17.5145],[78.3545,17.5235],[78.3547,17.5291],[78.3533,17.5348],[78.349,17.5437],[78.3583,17.5549],[78.3622,17.5581],[78.3646,17.5663],[78.3647,17.5739],[78.3721,17.5825],[78.3724,17.5909],[78.3757,17.6037],[78.3702,17.6101],[78.3611,17.618],[78.3604,17.6234],[78.3758,17.6284],[78.382,17.6329],[78.3842,17.6413],[78.3872,17.6652],[78.3957,17.673],[78.4022,17.6727],[78.4203,17.6696],[78.4283,17.6879],[78.4303,17.7009],[78.44,17.6995],[78.4508,17.7123],[78.4565,17.7068],[78.4648,17.7014],[78.4726,17.6951],[78.4832,17.6908],[78.496,17.6887],[78.5018,17.6839],[78.5134,17.6858],[78.5191,17.6971],[78.5267,17.6996],[78.5353,17.6968],[78.5508,17.6889],[78.5596,17.6869],[78.5718,17.6872],[78.5763,17.6922],[78.5823,17.7006],[78.5989,17.7008],[78.6084,17.6869],[78.6137,17.6806],[78.6156,17.669],[78.6253,17.6676],[78.6338,17.6675],[78.6434,17.6708],[78.6525,17.677],[78.6569,17.683],[78.6639,17.6958],[78.675,17.6953],[78.6829,17.6928],[78.6861,17.6856],[78.7034,17.6843],[78.72,17.6667]],[[78.5116,17.4543],[78.4989,17.4706],[78.4912,17.4759],[78.4788,17.4731],[78.4635,17.446],[78.4537,17.4357],[78.4488,17.4276],[78.4497,17.4013],[78.4445,17.4054],[78.4357,17.4161],[78.4272,17.4287],[78.421,17.4337],[78.4115,17.4333],[78.4002,17.4239],[78.3925,17.4122],[78.3898,17.3991],[78.3912,17.3886],[78.4012,17.3566],[78.4113,17.3487],[78.4225,17.3462],[78.4405,17.3446],[78.4502,17.3458],[78.4475,17.3345],[78.4504,17.324],[78.4562,17.3167],[78.4678,17.3073],[78.4718,17.3037],[78.4763,17.3014],[78.4824,17.3035],[78.5004,17.3199],[78.5153,17.3297],[78.5143,17.3409],[78.5154,17.3501],[78.5259,17.3609],[78.5294,17.3707],[78.5217,17.39],[78.5222,17.3989],[78.5271,17.4211],[78.5367,17.4399],[78.5404,17.455],[78.5402,17.4627],[78.5333,17.4636],[78.5247,17.4578],[78.5159,17.4527],[78.5116,17.4543]]]},"properties":{"district_name":"Rangareddy","raw_district_name":"Rangareddy","state_code":"AP","state_name":"Andhra Pradesh","census_code":537,"data_source":"DataMeet India Maps (Census 2011 Boundaries)"}},{"type":"Feature","geometry":{"type":"Polygon","coordinates":[[[84.7686,19.08],[84.7662,19.0751],[84.7621,19.0694],[84.7616,19.068],[84.7604,19.0667],[84.7554,19.0548],[84.7536,19.0538],[84.7495,19.0544],[84.7435,19.0585],[84.7404,19.0582],[84.7391,19.0578],[84.7329,19.0553],[84.728,19.0513],[84.7231,19.0381],[84.7232,19.0346],[84.7245,19.0314],[84.725,19.03],[84.728,19.0286],[84.7308,19.0294],[84.7325,19.031],[84.7337,19.0377],[84.734,19.039],[84.7349,19.04],[84.736,19.0426],[84.7373,19.0451],[84.7384,19.0471],[84.7407,19.0496],[84.7427,19.0499],[84.7448,19.0491],[84.7456,19.047],[84.7461,19.045],[84.7457,19.0429],[84.7453,19.0406],[84.7449,19.0388],[84.7445,19.0376],[84.7434,19.035],[84.7364,19.0284],[84.7345,19.026],[84.7338,19.0252],[84.7329,19.0228],[84.7317,19.0216],[84.7175,19.0101],[84.7137,19.0044],[84.7109,19.0018],[84.7077,18.9963],[84.706,18.9913],[84.7035,18.9883],[84.7031,18.9872],[84.6984,18.9796],[84.6962,18.9768],[84.6956,18.9754],[84.6921,18.9695],[84.6914,18.9688],[84.6896,18.9669],[84.6873,18.9655],[84.6864,18.963],[84.6835,18.9604],[84.6728,18.952],[84.6716,18.9497],[84.6701,18.9483],[84.6692,18.9476],[84.6686,18.9464],[84.6616,18.9408],[84.6608,18.9396],[84.655,18.9337],[84.6529,18.9324],[84.6517,18.9315],[84.6375,18.9204],[84.6327,18.9163],[84.631,18.914],[84.6247,18.908],[84.623,18.9063],[84.6224,18.9061],[84.62,18.9024],[84.6191,18.9015],[84.6183,18.901],[84.6161,18.8982],[84.6133,18.8932],[84.6121,18.892],[84.6115,18.8911],[84.609,18.8882],[84.6089,18.8876],[84.6076,18.8864],[84.6057,18.8835],[84.5978,18.8747],[84.5918,18.8714],[84.5863,18.8721],[84.5799,18.8741],[84.5737,18.8753],[84.5719,18.8755],[84.5693,18.8757],[84.5581,18.8745],[84.5575,18.8741],[84.5577,18.8711],[84.5576,18.8704],[84.5588,18.8698],[84.5712,18.8695],[84.5721,18.8693],[84.5802,18.8677],[84.5812,18.867],[84.5821,18.8623],[84.5831,18.8571],[84.5798,18.843],[84.573,18.8381],[84.5713,18.8365],[84.5693,18.8289],[84.5657,18.8234],[84.5607,18.8074],[84.5566,18.8017],[84.5551,18.7863],[84.5536,18.7833],[84.5504,18.7804],[84.5435,18.7757],[84.5344,18.77],[84.5311,18.768],[84.5272,18.7647],[84.5264,18.7644],[84.5262,18.7638],[84.5166,18.756],[84.5156,18.7547],[84.5098,18.7491],[84.5085,18.7484],[84.5075,18.7474],[84.5073,18.7472],[84.5059,18.7454],[84.5007,18.7407],[84.5003,18.74],[84.4933,18.7339],[84.4923,18.7316],[84.4893,18.7289],[84.4889,18.7282],[84.4822,18.7214],[84.4779,18.7145],[84.4743,18.7102],[84.4736,18.7099],[84.4733,18.7093],[84.4685,18.7041],[84.4669,18.7013],[84.4663,18.7004],[84.4554,18.6894],[84.4541,18.688],[84.4483,18.677],[84.4455,18.6736],[84.4429,18.6733],[84.4391,18.6743],[84.4378,18.6781],[84.4371,18.6788],[84.4349,18.6785],[84.4339,18.6782],[84.4324,18.6772],[84.43,18.6709],[84.4286,18.6697],[84.4217,18.6685],[84.4195,18.6687],[84.4181,18.6687],[84.416,18.6683],[84.4134,18.6676],[84.4117,18.6669],[84.4111,18.6661],[84.4117,18.6654],[84.4135,18.6646],[84.4166,18.6633],[84.4196,18.6621],[84.4219,18.6618],[84.4243,18.6614],[84.4289,18.6622],[84.437,18.6643],[84.4385,18.6639],[84.4419,18.6612],[84.4422,18.6599],[84.4433,18.6597],[84.4434,18.6586],[84.4419,18.656],[84.4414,18.6549],[84.4376,18.6512],[84.4369,18.6502],[84.425,18.6418],[84.4226,18.6407],[84.4194,18.6392],[84.4123,18.6364],[84.4098,18.6336],[84.4039,18.6247],[84.403,18.6244],[84.4001,18.6221],[84.3999,18.6214],[84.3915,18.6134],[84.3892,18.6113],[84.388,18.6106],[84.3873,18.61],[84.3861,18.6079],[84.3855,18.6067],[84.3816,18.6034],[84.3812,18.6022],[84.3793,18.6007],[84.3778,18.5976],[84.3775,18.597],[84.3763,18.5958],[84.3755,18.5954],[84.3744,18.5935],[84.3694,18.5868],[84.3653,18.5795],[84.3625,18.5765],[84.3616,18.5741],[84.3586,18.5655],[84.3572,18.5639],[84.354,18.5622],[84.3502,18.5631],[84.3485,18.5652],[84.3481,18.5703],[84.3491,18.5719],[84.3503,18.5739],[84.3511,18.5752],[84.351,18.5784],[84.3481,18.5831],[84.3441,18.5796],[84.3403,18.5747],[84.3391,18.5742],[84.3344,18.5738],[84.3336,18.5734],[84.3332,18.5722],[84.3331,18.5693],[84.3344,18.5659],[84.3344,18.5585],[84.333,18.5573],[84.3302,18.5577],[84.3237,18.56],[84.3237,18.5609],[84.3225,18.5617],[84.3215,18.5619],[84.3149,18.5606],[84.3139,18.5597],[84.3134,18.5574],[84.31,18.5544],[84.3098,18.5537],[84.31,18.5523],[84.3115,18.551],[84.3122,18.5492],[84.3114,18.5447],[84.3107,18.5437],[84.3087,18.5419],[84.2975,18.5358],[84.2893,18.5314],[84.2845,18.5263],[84.2835,18.5255],[84.2792,18.5228],[84.2765,18.5204],[84.2743,18.5187],[84.2729,18.5146],[84.2742,18.5116],[84.2763,18.5103],[84.2799,18.5124],[84.2848,18.5173],[84.2884,18.521],[84.2906,18.5235],[84.2929,18.5259],[84.2964,18.528],[84.2977,18.529],[84.2989,18.5298],[84.2991,18.53],[84.3038,18.5322],[84.3211,18.5366],[84.3253,18.5381],[84.3358,18.5456],[84.3365,18.5464],[84.3388,18.5479],[84.3401,18.5485],[84.3444,18.5514],[84.3478,18.5552],[84.3491,18.5484],[84.3431,18.5427],[84.3424,18.542],[84.3349,18.537],[84.3271,18.531],[84.3245,18.5289],[84.3232,18.5279],[84.3192,18.5242],[84.3074,18.5147],[84.2984,18.5075],[84.2871,18.4986],[84.2826,18.495],[84.2813,18.4934],[84.2742,18.4869],[84.2705,18.4841],[84.2649,18.4788],[84.2606,18.4753],[84.256,18.4709],[84.2552,18.4695],[84.2538,18.4679],[84.2522,18.467],[84.2517,18.4644],[84.2512,18.464],[84.2503,18.463],[84.2417,18.457],[84.239,18.4546],[84.2336,18.4524],[84.2275,18.4464],[84.2229,18.4428],[84.2215,18.4418],[84.2152,18.4349],[84.2137,18.4338],[84.212,18.4316],[84.2107,18.4307],[84.2092,18.4295],[84.2087,18.4284],[84.2079,18.4279],[84.206,18.4253],[84.2005,18.4195],[84.1992,18.4179],[84.1925,18.4127],[84.1913,18.4109],[84.1908,18.4104],[84.1855,18.4046],[84.182,18.4018],[84.1748,18.3951],[84.1715,18.3912],[84.1616,18.3817],[84.1583,18.3777],[84.1573,18.3761],[84.1492,18.3687],[84.1479,18.367],[84.1434,18.36],[84.1428,18.3585],[84.1419,18.3568],[84.1416,18.356],[84.138,18.3518],[84.1366,18.3506],[84.1349,18.3499],[84.1298,18.3489],[84.1167,18.3503],[84.1042,18.349],[84.0963,18.3471],[84.0925,18.3457],[84.0853,18.3405],[84.0785,18.3376],[84.0702,18.3358],[84.0676,18.3358],[84.0611,18.3359],[84.0463,18.3402],[84.0395,18.3445],[84.0281,18.3474],[84.0266,18.3477],[84.0197,18.3487],[84.0144,18.3508],[84.0102,18.3532],[84.0018,18.3571],[83.9963,18.3596],[83.9927,18.3583],[83.9908,18.3523],[83.993,18.3497],[83.9997,18.3474],[84.0105,18.345],[84.012,18.3446],[84.0125,18.3437],[84.0132,18.3435],[84.0199,18.3416],[84.021,18.3415],[84.0249,18.3409],[84.0264,18.3402],[84.0288,18.3399],[84.0408,18.3346],[84.042,18.3339],[84.0422,18.3332],[84.0502,18.3281],[84.0586,18.3252],[84.0644,18.3251],[84.0728,18.3263],[84.0793,18.3297],[84.0826,18.3305],[84.0865,18.3337],[84.0911,18.3362],[84.0952,18.3372],[84.1088,18.3401],[84.1118,18.3406],[84.1194,18.339],[84.1202,18.3386],[84.1211,18.3379],[84.1214,18.3368],[84.1217,18.3357],[84.1229,18.3355],[84.1231,18.3349],[84.1256,18.3329],[84.1273,18.3318],[84.1274,18.3286],[84.1268,18.321],[84.1261,18.313],[84.1239,18.3066],[84.1184,18.301],[84.1119,18.2971],[84.1019,18.2919],[84.1012,18.2912],[84.0935,18.2885],[84.0752,18.2786],[84.0743,18.2775],[84.071,18.2748],[84.0585,18.264],[84.0579,18.2634],[84.0539,18.2615],[84.0399,18.2565],[84.0301,18.2519],[84.0062,18.2437],[83.9921,18.2363],[83.9769,18.2304],[83.9761,18.2299],[83.9738,18.2284],[83.9648,18.2225],[83.9596,18.2172],[83.9543,18.2136],[83.949,18.2145],[83.9428,18.2164],[83.9392,18.2183],[83.9387,18.2197],[83.9387,18.2203],[83.9377,18.2212],[83.9355,18.2225],[83.9321,18.2249],[83.9297,18.2255],[83.927,18.225],[83.9258,18.2243],[83.9254,18.2195],[83.9272,18.2161],[83.9333,18.2123],[83.9338,18.2118],[83.9336,18.2098],[83.9336,18.2091],[83.9327,18.2082],[83.9272,18.2061],[83.8976,18.1971],[83.8865,18.1913],[83.8811,18.1875],[83.8802,18.1864],[83.8789,18.183],[83.8762,18.1796],[83.8745,18.1758],[83.8694,18.1709],[83.8557,18.1652],[83.8393,18.1609],[83.8353,18.1592],[83.8204,18.1544],[83.8091,18.1502],[83.8054,18.1485],[83.7881,18.1427],[83.7774,18.1392],[83.7767,18.139],[83.7765,18.1383],[83.7711,18.1353],[83.7593,18.1298],[83.7516,18.125],[83.7404,18.12],[83.7386,18.118],[83.7283,18.1145],[83.7154,18.108],[83.703,18.1017],[83.6921,18.0918],[83.6798,18.0842],[83.6784,18.0837],[83.6746,18.0827],[83.67,18.0834],[83.6555,18.0981],[83.6448,18.1105],[83.6415,18.1122],[83.6338,18.1113],[83.6236,18.1213],[83.6192,18.1269],[83.6262,18.1338],[83.6175,18.1408],[83.6092,18.1486],[83.6046,18.1567],[83.6037,18.1661],[83.6037,18.1676],[83.6111,18.1734],[83.6117,18.1755],[83.6115,18.1898],[83.6089,18.1909],[83.608,18.1909],[83.6071,18.1909],[83.5953,18.1968],[83.5916,18.1957],[83.5797,18.1971],[83.577,18.1994],[83.5752,18.2016],[83.577,18.2027],[83.5761,18.2038],[83.5753,18.2072],[83.5744,18.2106],[83.5745,18.2128],[83.5746,18.2173],[83.5755,18.2195],[83.5766,18.2251],[83.5766,18.2273],[83.5739,18.2308],[83.5721,18.2319],[83.5674,18.2264],[83.5637,18.2254],[83.561,18.2254],[83.5591,18.2254],[83.5573,18.2277],[83.5574,18.23],[83.5565,18.2311],[83.5556,18.2322],[83.5519,18.2323],[83.5501,18.2335],[83.5492,18.2346],[83.5511,18.2368],[83.5549,18.2412],[83.5577,18.2445],[83.5605,18.2467],[83.5605,18.2501],[83.5606,18.2523],[83.5579,18.2557],[83.5553,18.2613],[83.5516,18.2614],[83.5497,18.2592],[83.5487,18.2559],[83.5467,18.2481],[83.5438,18.2403],[83.5364,18.2371],[83.5318,18.2372],[83.5281,18.2383],[83.5254,18.2395],[83.5226,18.2396],[83.5209,18.2418],[83.5209,18.2452],[83.521,18.2486],[83.5211,18.2519],[83.5221,18.2564],[83.5193,18.2575],[83.5194,18.2598],[83.5194,18.262],[83.5214,18.2665],[83.5242,18.2687],[83.5324,18.2651],[83.537,18.2695],[83.539,18.274],[83.5381,18.2751],[83.5298,18.2764],[83.5271,18.2787],[83.5253,18.2798],[83.5254,18.2865],[83.5255,18.2877],[83.5209,18.2878],[83.5154,18.289],[83.5099,18.2913],[83.4999,18.2982],[83.4962,18.2961],[83.4915,18.2894],[83.4878,18.2884],[83.4869,18.2884],[83.485,18.2895],[83.4833,18.2918],[83.4814,18.293],[83.4787,18.2941],[83.4741,18.2965],[83.4696,18.2977],[83.4659,18.2989],[83.4633,18.3045],[83.4579,18.3124],[83.4562,18.3158],[83.4534,18.3159],[83.4506,18.3148],[83.4432,18.3127],[83.4409,18.3127],[83.4397,18.3142],[83.432,18.3237],[83.4318,18.3261],[83.4331,18.3296],[83.435,18.3303],[83.4371,18.3305],[83.4388,18.3316],[83.4387,18.3335],[83.4389,18.3374],[83.4399,18.3397],[83.439,18.3441],[83.4374,18.3439],[83.4336,18.3441],[83.4315,18.3441],[83.4304,18.3456],[83.4298,18.3491],[83.4293,18.3546],[83.4295,18.358],[83.4304,18.3603],[83.4317,18.3639],[83.4331,18.3657],[83.4326,18.3704],[83.4319,18.3714],[83.4294,18.3725],[83.4277,18.3723],[83.4264,18.3731],[83.427,18.3753],[83.428,18.3775],[83.4289,18.3788],[83.4311,18.3786],[83.4329,18.3786],[83.4341,18.3796],[83.4344,18.3807],[83.4359,18.3819],[83.4388,18.3821],[83.4427,18.383],[83.4453,18.3854],[83.4434,18.3903],[83.4424,18.3929],[83.441,18.3949],[83.4412,18.4007],[83.4408,18.4025],[83.4396,18.4022],[83.4363,18.401],[83.4333,18.3988],[83.4301,18.399],[83.4277,18.4027],[83.426,18.4046],[83.4231,18.4055],[83.4205,18.407],[83.4175,18.4095],[83.4142,18.4154],[83.4157,18.4184],[83.4186,18.4227],[83.4236,18.4272],[83.4275,18.4317],[83.4315,18.4353],[83.4353,18.4383],[83.4348,18.4426],[83.439,18.4428],[83.4419,18.4431],[83.4444,18.4427],[83.4469,18.443],[83.448,18.4461],[83.4494,18.448],[83.4521,18.4481],[83.4544,18.446],[83.4545,18.4433],[83.4568,18.4421],[83.4603,18.4402],[83.4637,18.4388],[83.4683,18.4373],[83.4724,18.4377],[83.4762,18.4378],[83.4796,18.4401],[83.4803,18.4423],[83.483,18.4409],[83.4868,18.4387],[83.4895,18.4374],[83.4925,18.4358],[83.4969,18.4357],[83.4997,18.4356],[83.503,18.4347],[83.5066,18.4342],[83.509,18.4368],[83.5107,18.4393],[83.5142,18.4381],[83.5172,18.4354],[83.5224,18.4344],[83.5259,18.4337],[83.5297,18.433],[83.5312,18.4348],[83.5317,18.4374],[83.5329,18.4399],[83.5338,18.4417],[83.5356,18.4423],[83.5367,18.442],[83.5387,18.4414],[83.5405,18.4401],[83.5437,18.4389],[83.5467,18.4376],[83.5489,18.4371],[83.5502,18.437],[83.5519,18.4385],[83.5528,18.4382],[83.5533,18.4369],[83.5531,18.4361],[83.5558,18.4334],[83.5546,18.4311],[83.5538,18.4294],[83.5558,18.4306],[83.5597,18.4312],[83.5729,18.4314],[83.5747,18.4343],[83.5736,18.4379],[83.5673,18.4463],[83.5683,18.4498],[83.571,18.4528],[83.5868,18.4577],[83.5934,18.462],[83.5925,18.4673],[83.5903,18.471],[83.5769,18.4829],[83.562,18.4925],[83.5594,18.4977],[83.5631,18.5053],[83.5693,18.5073],[83.5845,18.5088],[83.594,18.5114],[83.6021,18.5146],[83.6095,18.5198],[83.6079,18.5298],[83.61,18.5503],[83.6095,18.5606],[83.6063,18.5621],[83.5887,18.5609],[83.5836,18.5614],[83.5613,18.5674],[83.5526,18.5635],[83.5488,18.5595],[83.5413,18.549],[83.5347,18.5469],[83.5278,18.5488],[83.5231,18.5529],[83.5196,18.5593],[83.5198,18.5649],[83.5226,18.5732],[83.5231,18.5785],[83.5211,18.5933],[83.524,18.5989],[83.5333,18.6059],[83.5381,18.6125],[83.5415,18.6201],[83.5426,18.6329],[83.5425,18.6473],[83.5453,18.6706],[83.5306,18.6897],[83.5259,18.6996],[83.5271,18.7048],[83.5301,18.7111],[83.5354,18.7182],[83.5433,18.725],[83.5512,18.7301],[83.558,18.734],[83.572,18.74],[83.5799,18.7474],[83.5851,18.7548],[83.6152,18.7662],[83.6323,18.7717],[83.6405,18.7755],[83.6473,18.7798],[83.6526,18.7841],[83.6653,18.7991],[83.6722,18.8046],[83.6784,18.806],[83.685,18.804],[83.6981,18.7966],[83.7104,18.7908],[83.7291,18.7832],[83.7379,18.7786],[83.7482,18.7748],[83.7517,18.7778],[83.7558,18.7896],[83.757,18.8018],[83.7586,18.8087],[83.7613,18.8145],[83.7658,18.8203],[83.7704,18.8244],[83.7751,18.8261],[83.7839,18.8268],[83.7997,18.8259],[83.8091,18.8266],[83.8208,18.8294],[83.8238,18.8329],[83.8228,18.8436],[83.8227,18.8541],[83.8219,18.8585],[83.8196,18.862],[83.8063,18.8721],[83.7977,18.8806],[83.7896,18.8928],[83.7836,18.899],[83.7782,18.91],[83.779,18.9098],[83.7851,18.9129],[83.7878,18.9162],[83.7848,18.9275],[83.7776,18.9414],[83.773,18.9448],[83.7692,18.953],[83.7629,18.9504],[83.7581,18.9527],[83.7561,18.9597],[83.7567,18.9668],[83.7537,18.9715],[83.7494,18.9754],[83.7472,18.9867],[83.7488,18.9921],[83.7569,18.9989],[83.7583,19.0007],[83.7589,19.0015],[83.7601,19.0016],[83.7612,19.0014],[83.7624,19.0016],[83.7635,19.0019],[83.7646,19.0022],[83.7655,19.0028],[83.7661,19.0037],[83.7671,19.0043],[83.7682,19.0047],[83.7694,19.005],[83.7706,19.0053],[83.7717,19.0056],[83.7729,19.0059],[83.7741,19.0062],[83.7752,19.0067],[83.7761,19.0073],[83.7771,19.008],[83.7779,19.0088],[83.7783,19.0099],[83.7788,19.0109],[83.7792,19.0119],[83.7797,19.0129],[83.7803,19.0139],[83.7809,19.0148],[83.7816,19.0157],[83.7824,19.0165],[83.7833,19.0172],[83.7843,19.0178],[83.7854,19.0181],[83.7865,19.0183],[83.788,19.0182],[83.7892,19.018],[83.7903,19.0178],[83.7914,19.0176],[83.7925,19.0173],[83.7936,19.017],[83.7947,19.0166],[83.796,19.0161],[83.7966,19.0066],[83.7988,19.0006],[83.8102,18.9901],[83.8157,18.9768],[83.8183,18.9732],[83.8224,18.9616],[83.8237,18.9571],[83.8211,18.942],[83.8226,18.9385],[83.8266,18.9346],[83.8288,18.9304],[83.8246,18.9179],[83.8261,18.9156],[83.8307,18.914],[83.8426,18.9178],[83.8454,18.9171],[83.8479,18.9126],[83.8493,18.9062],[83.85,18.8968],[83.8444,18.8813],[83.8437,18.8777],[83.8448,18.8733],[83.8514,18.86],[83.8557,18.8563],[83.8668,18.8517],[83.872,18.8477],[83.8746,18.8322],[83.8779,18.8272],[83.8816,18.8265],[83.8909,18.8284],[83.8923,18.8266],[83.8931,18.8188],[83.8946,18.8142],[83.8983,18.8156],[83.9032,18.8236],[83.9062,18.8252],[83.9097,18.8257],[83.9154,18.8252],[83.9283,18.8204],[83.9303,18.8173],[83.9341,18.8154],[83.9413,18.8157],[83.9434,18.812],[83.9443,18.808],[83.9475,18.8054],[83.9514,18.8051],[83.9567,18.8059],[83.9589,18.8089],[83.9633,18.8119],[83.9717,18.813],[83.977,18.8127],[83.99,18.8089],[83.9992,18.8135],[84.0076,18.8137],[84.015,18.8131],[84.0201,18.8095],[84.0235,18.8103],[84.0273,18.8065],[84.0299,18.8076],[84.0314,18.8101],[84.0347,18.8111],[84.0383,18.8092],[84.0384,18.8044],[84.0419,18.7991],[84.0464,18.7964],[84.0556,18.7925],[84.0552,18.7888],[84.0574,18.7863],[84.0557,18.7834],[84.0568,18.7797],[84.0612,18.7774],[84.0662,18.7771],[84.0681,18.7717],[84.0734,18.7608],[84.0775,18.7588],[84.0855,18.758],[84.087,18.7552],[84.0894,18.7537],[84.0932,18.7543],[84.0964,18.7562],[84.0993,18.7543],[84.1083,18.7618],[84.1152,18.7639],[84.1217,18.7642],[84.1265,18.7621],[84.1305,18.7574],[84.1371,18.762],[84.1355,18.7704],[84.1389,18.7739],[84.1426,18.7759],[84.148,18.7768],[84.1557,18.7809],[84.1589,18.7848],[84.1625,18.7851],[84.1669,18.7841],[84.1678,18.7814],[84.1657,18.7783],[84.1702,18.7777],[84.1746,18.7793],[84.1874,18.7781],[84.1891,18.7866],[84.1941,18.7887],[84.1979,18.7859],[84.2114,18.7918],[84.2242,18.7964],[84.229,18.7956],[84.2318,18.7934],[84.2345,18.7963],[84.2382,18.7948],[84.2387,18.7893],[84.2535,18.7826],[84.2597,18.7817],[84.2664,18.784],[84.2717,18.7897],[84.2757,18.7895],[84.2807,18.7917],[84.2828,18.7964],[84.286,18.7989],[84.2914,18.8],[84.3079,18.791],[84.3118,18.7899],[84.3146,18.7909],[84.3163,18.7877],[84.32,18.7884],[84.3204,18.7914],[84.3232,18.7954],[84.3344,18.7989],[84.3397,18.8012],[84.341,18.8043],[84.337,18.8137],[84.3368,18.8182],[84.3515,18.8211],[84.3482,18.8274],[84.3499,18.8307],[84.3517,18.8319],[84.3526,18.8359],[84.3518,18.8419],[84.3455,18.8454],[84.3434,18.8505],[84.3416,18.8607],[84.3416,18.8671],[84.3418,18.8729],[84.3434,18.8758],[84.3472,18.875],[84.3518,18.8718],[84.3544,18.8691],[84.3589,18.86],[84.3615,18.8606],[84.3626,18.8618],[84.3657,18.8605],[84.3698,18.8602],[84.3767,18.8681],[84.3789,18.8725],[84.379,18.8763],[84.3736,18.8808],[84.3687,18.8818],[84.367,18.881],[84.3613,18.8841],[84.3592,18.8869],[84.3589,18.8922],[84.3622,18.892],[84.3787,18.8845],[84.3815,18.8856],[84.3855,18.8832],[84.3906,18.8784],[84.3936,18.8808],[84.395,18.8868],[84.3935,18.8921],[84.3864,18.8945],[84.3816,18.8979],[84.3751,18.8984],[84.3723,18.9023],[84.3727,18.9053],[84.3772,18.9048],[84.3815,18.9031],[84.3858,18.9023],[84.3943,18.8989],[84.4013,18.895],[84.4052,18.8952],[84.4172,18.8997],[84.4195,18.903],[84.4181,18.9073],[84.4151,18.9102],[84.4135,18.9152],[84.4169,18.9172],[84.4253,18.9097],[84.4277,18.9139],[84.4367,18.9227],[84.4273,18.9387],[84.4245,18.9423],[84.4229,18.947],[84.4276,18.9583],[84.4419,18.9721],[84.445,18.9747],[84.448,18.9759],[84.442,18.9857],[84.4353,18.9915],[84.4352,18.9916],[84.4337,18.9929],[84.4329,18.998],[84.4334,19.0007],[84.4326,19.0042],[84.4273,19.0097],[84.4254,19.0139],[84.4227,19.017],[84.422,19.0212],[84.4224,19.0227],[84.4273,19.0214],[84.4295,19.0174],[84.4371,19.01],[84.4403,19.0107],[84.4447,19.0063],[84.4514,19.0035],[84.4554,19.0007],[84.4595,18.9972],[84.4701,18.9922],[84.4789,18.9902],[84.4803,18.9916],[84.483,19.0007],[84.4828,19.0049],[84.4851,19.0168],[84.4893,19.0188],[84.4967,19.0298],[84.505,19.0338],[84.5103,19.0381],[84.5144,19.0443],[84.5172,19.0463],[84.5344,19.0476],[84.5387,19.053],[84.542,19.0542],[84.5549,19.055],[84.5608,19.0563],[84.5669,19.0684],[84.5733,19.0739],[84.5752,19.0723],[84.5757,19.0695],[84.5778,19.0693],[84.5836,19.0734],[84.5853,19.071],[84.5823,19.0465],[84.5809,19.044],[84.5825,19.0361],[84.5853,19.0279],[84.5949,19.022],[84.5973,19.0224],[84.6042,19.0287],[84.6077,19.0419],[84.6147,19.0543],[84.6166,19.0557],[84.6213,19.0557],[84.6195,19.0587],[84.6187,19.0626],[84.6199,19.0637],[84.6304,19.0646],[84.6326,19.0617],[84.6332,19.0592],[84.6372,19.0585],[84.6415,19.0645],[84.644,19.0661],[84.6549,19.065],[84.6617,19.0613],[84.6661,19.0726],[84.6703,19.0734],[84.6717,19.0752],[84.6667,19.0798],[84.6613,19.0899],[84.6559,19.0931],[84.6518,19.0933],[84.6419,19.0876],[84.6408,19.0835],[84.6386,19.0815],[84.6316,19.0833],[84.627,19.0854],[84.6237,19.094],[84.6239,19.0988],[84.6216,19.1012],[84.6168,19.0997],[84.6127,19.1014],[84.6101,19.1054],[84.6029,19.124],[84.5988,19.1299],[84.599,19.1326],[84.6018,19.1323],[84.6165,19.1262],[84.6327,19.1271],[84.6365,19.1295],[84.6475,19.131],[84.6488,19.1336],[84.6544,19.1292],[84.6605,19.1317],[84.6644,19.1302],[84.6683,19.1307],[84.6716,19.1369],[84.673,19.144],[84.6725,19.1535],[84.6704,19.1562],[84.6721,19.1655],[84.6764,19.1644],[84.6804,19.1656],[84.6851,19.1622],[84.6885,19.1585],[84.6992,19.1605],[84.7046,19.1591],[84.7091,19.1599],[84.7123,19.1578],[84.7135,19.1524],[84.7044,19.134],[84.701,19.1304],[84.7009,19.1284],[84.7048,19.1245],[84.7054,19.1192],[84.7046,19.1177],[84.7189,19.1089],[84.7686,19.08]]]},"properties":{"district_name":"Srikakulam","raw_district_name":"Srikakulam","state_code":"AP","state_name":"Andhra Pradesh","census_code":542,"data_source":"DataMeet India Maps (Census 2011 Boundaries)"}},{"type":"Feature","geometry":{"type":"Polygon","coordinates":[[[83.0741,18.4019],[83.0897,18.4143],[83.1015,18.415],[83.0971,18.4045],[83.075,18.3811],[83.0724,18.374],[83.0725,18.3687],[83.0777,18.3504],[83.0768,18.3462],[83.0744,18.3421],[83.0737,18.3348],[83.0767,18.3232],[83.0793,18.318],[83.0819,18.3172],[83.0845,18.3187],[83.087,18.3209],[83.0908,18.3273],[83.0942,18.3371],[83.0959,18.3456],[83.0959,18.3499],[83.0986,18.3566],[83.1022,18.359],[83.1176,18.3561],[83.1205,18.3544],[83.1219,18.3492],[83.124,18.3485],[83.1314,18.3529],[83.136,18.3512],[83.1385,18.3491],[83.1451,18.3463],[83.1494,18.3434],[83.155,18.3413],[83.158,18.3381],[83.1587,18.3374],[83.161,18.3321],[83.1641,18.3181],[83.167,18.3111],[83.1729,18.3095],[83.1825,18.3145],[83.2129,18.3333],[83.2216,18.3362],[83.2271,18.3342],[83.2282,18.3309],[83.2256,18.3258],[83.223,18.3227],[83.2193,18.3128],[83.2189,18.3072],[83.2196,18.3038],[83.2232,18.2979],[83.2277,18.294],[83.2356,18.2889],[83.2446,18.2863],[83.2511,18.2829],[83.2589,18.2804],[83.2685,18.275],[83.2711,18.2662],[83.2717,18.2602],[83.2699,18.2386],[83.272,18.2318],[83.274,18.225],[83.2736,18.2211],[83.2717,18.2167],[83.2679,18.2163],[83.2595,18.2264],[83.2539,18.2269],[83.2494,18.2248],[83.2505,18.2116],[83.2493,18.2066],[83.2467,18.2015],[83.2435,18.1991],[83.2376,18.2018],[83.2318,18.21],[83.2275,18.2119],[83.2224,18.2107],[83.2201,18.2051],[83.2195,18.1948],[83.2184,18.1903],[83.2124,18.1902],[83.2076,18.1914],[83.2008,18.1954],[83.1952,18.2019],[83.1913,18.2081],[83.187,18.2224],[83.183,18.2291],[83.1587,18.2525],[83.1481,18.2586],[83.143,18.2602],[83.1378,18.2605],[83.1357,18.2546],[83.1378,18.2487],[83.1489,18.2366],[83.1531,18.2307],[83.1556,18.2259],[83.1552,18.2204],[83.1512,18.2117],[83.1516,18.2061],[83.1626,18.1887],[83.1634,18.1838],[83.1598,18.18],[83.1537,18.1773],[83.1467,18.1767],[83.1389,18.1771],[83.1314,18.1785],[83.1263,18.1872],[83.1266,18.1925],[83.1291,18.2037],[83.1285,18.2093],[83.126,18.2141],[83.1218,18.218],[83.1162,18.2212],[83.1126,18.2223],[83.1081,18.2227],[83.104,18.2213],[83.101,18.2172],[83.1009,18.2117],[83.1026,18.2062],[83.1121,18.1874],[83.1134,18.1835],[83.1139,18.1786],[83.1132,18.1744],[83.1079,18.1601],[83.1074,18.1563],[83.1084,18.1536],[83.1113,18.1539],[83.118,18.1564],[83.1291,18.1642],[83.1335,18.1662],[83.1414,18.167],[83.1525,18.1652],[83.1549,18.1632],[83.1524,18.1543],[83.1491,18.151],[83.1401,18.1473],[83.1272,18.1455],[83.123,18.1436],[83.1188,18.1386],[83.1146,18.1364],[83.1015,18.1331],[83.0978,18.1202],[83.0981,18.1164],[83.1029,18.1075],[83.102,18.1038],[83.101,18.1017],[83.0909,18.0944],[83.0804,18.0887],[83.0732,18.0873],[83.0578,18.0869],[83.0549,18.0791],[83.0521,18.0764],[83.046,18.0733],[83.0426,18.0692],[83.0348,18.0531],[83.0284,18.0457],[83.0151,18.0326],[83.0101,18.0249],[83,18.0001],[83.0029,17.9904],[83.0019,17.981],[83.0093,17.9685],[83.0184,17.9645],[83.0286,17.9649],[83.0363,17.9619],[83.0527,17.9546],[83.0615,17.9476],[83.0719,17.9408],[83.0793,17.9395],[83.0864,17.9351],[83.1051,17.9316],[83.1123,17.9156],[83.1194,17.9084],[83.1237,17.9014],[83.1254,17.8925],[83.1245,17.8836],[83.1261,17.8756],[83.1241,17.87],[83.1332,17.8709],[83.1388,17.8697],[83.1443,17.8439],[83.1492,17.8369],[83.156,17.8301],[83.1556,17.8313],[83.1569,17.8359],[83.1606,17.8405],[83.166,17.8438],[83.1722,17.8455],[83.1857,17.8463],[83.1927,17.846],[83.2002,17.8447],[83.2039,17.8549],[83.2053,17.8658],[83.2077,17.8707],[83.2118,17.8723],[83.219,17.8692],[83.2309,17.8689],[83.2292,17.8752],[83.2306,17.8841],[83.2353,17.8952],[83.2403,17.9024],[83.2553,17.9117],[83.2501,17.9185],[83.2473,17.9208],[83.2395,17.9229],[83.2341,17.9269],[83.2297,17.9394],[83.2334,17.9454],[83.2422,17.9486],[83.2519,17.9534],[83.2817,17.9707],[83.3105,17.9833],[83.3228,18.0011],[83.3176,18.0105],[83.3153,18.0189],[83.3145,18.0217],[83.3239,18.0313],[83.3316,18.0367],[83.337,18.0442],[83.3448,18.0451],[83.3503,18.0475],[83.3559,18.054],[83.3591,18.0563],[83.3651,18.0562],[83.3789,18.0523],[83.3974,18.0519],[83.4053,18.0479],[83.4083,18.0444],[83.4089,18.0387],[83.4062,18.025],[83.4074,18.0191],[83.4119,18.0155],[83.4177,18.0063],[83.4173,18.0011],[83.4178,17.993],[83.4167,17.987],[83.4116,17.9804],[83.4038,17.9741],[83.3992,17.9685],[83.3995,17.9592],[83.3986,17.9548],[83.3936,17.9471],[83.3872,17.9437],[83.3804,17.9313],[83.3788,17.9219],[83.3842,17.913],[83.3896,17.9093],[83.399,17.9039],[83.4051,17.9041],[83.4054,17.9122],[83.404,17.9176],[83.406,17.9222],[83.4138,17.9251],[83.419,17.9289],[83.4236,17.9365],[83.4287,17.9412],[83.4335,17.9416],[83.4391,17.9398],[83.4534,17.9316],[83.4582,17.9327],[83.4682,17.9368],[83.4746,17.936],[83.4801,17.9337],[83.4866,17.9279],[83.4906,17.9194],[83.4835,17.9153],[83.4822,17.9146],[83.4747,17.9105],[83.4726,17.9107],[83.4601,17.9148],[83.4587,17.9154],[83.4575,17.916],[83.4563,17.9167],[83.4534,17.9193],[83.4522,17.9204],[83.4509,17.921],[83.4483,17.9216],[83.4468,17.9211],[83.446,17.9204],[83.4456,17.9195],[83.4466,17.9118],[83.4475,17.911],[83.4485,17.9103],[83.449,17.9029],[83.4507,17.8986],[83.4518,17.8975],[83.4523,17.8962],[83.4538,17.8951],[83.4548,17.892],[83.4546,17.8847],[83.4534,17.8802],[83.4524,17.8792],[83.4506,17.8767],[83.45,17.8755],[83.4411,17.8667],[83.4384,17.864],[83.4234,17.8531],[83.4202,17.85],[83.4158,17.8445],[83.4155,17.8435],[83.4143,17.8415],[83.4107,17.8423],[83.4095,17.8429],[83.409,17.8442],[83.4072,17.846],[83.4051,17.8454],[83.4039,17.8443],[83.4037,17.8436],[83.4044,17.8386],[83.4049,17.838],[83.4122,17.8346],[83.4161,17.8309],[83.4171,17.8305],[83.4194,17.8251],[83.4193,17.8163],[83.4186,17.8154],[83.4163,17.8074],[83.4121,17.804],[83.4118,17.8031],[83.4111,17.8022],[83.4081,17.7987],[83.401,17.7927],[83.3993,17.7908],[83.3987,17.79],[83.3957,17.7883],[83.3885,17.781],[83.3861,17.7764],[83.3811,17.7708],[83.38,17.7701],[83.3799,17.7694],[83.3781,17.7676],[83.3732,17.7639],[83.3723,17.7637],[83.3721,17.763],[83.3708,17.7621],[83.3584,17.7554],[83.3558,17.753],[83.3531,17.7488],[83.3493,17.7382],[83.3485,17.7344],[83.3479,17.7337],[83.3471,17.7327],[83.3464,17.7214],[83.3437,17.7179],[83.3403,17.7142],[83.3335,17.7093],[83.3327,17.7087],[83.3299,17.7072],[83.3186,17.7034],[83.3146,17.7017],[83.3044,17.6957],[83.3008,17.6919],[83.2996,17.6899],[83.2988,17.6858],[83.2986,17.685],[83.298,17.6843],[83.2945,17.6707],[83.2931,17.667],[83.2924,17.6658],[83.2899,17.6619],[83.2835,17.6563],[83.2775,17.6526],[83.2739,17.6513],[83.269,17.6487],[83.2619,17.6437],[83.2603,17.6426],[83.2601,17.642],[83.2594,17.6417],[83.2592,17.6411],[83.2551,17.6369],[83.2532,17.6355],[83.2504,17.6342],[83.2441,17.6279],[83.2436,17.6275],[83.2413,17.6253],[83.2358,17.6256],[83.2326,17.6262],[83.2278,17.6287],[83.2234,17.6394],[83.2224,17.6401],[83.2201,17.6424],[83.2199,17.643],[83.2189,17.6435],[83.2186,17.6441],[83.2165,17.6462],[83.2155,17.6466],[83.2144,17.6465],[83.208,17.6457],[83.1999,17.6399],[83.1982,17.6381],[83.198,17.6374],[83.1966,17.6305],[83.1972,17.6267],[83.2003,17.6248],[83.2013,17.6239],[83.2016,17.6228],[83.2138,17.6174],[83.2156,17.6168],[83.225,17.6145],[83.2271,17.6155],[83.2311,17.6158],[83.2315,17.6132],[83.2323,17.6082],[83.2304,17.6035],[83.2296,17.6027],[83.2262,17.5988],[83.2255,17.5974],[83.22,17.5922],[83.2195,17.5917],[83.2189,17.591],[83.2173,17.5898],[83.2166,17.5895],[83.2073,17.5845],[83.2041,17.5833],[83.1978,17.581],[83.1886,17.5755],[83.1823,17.5727],[83.1739,17.5675],[83.1735,17.5668],[83.1721,17.5638],[83.1684,17.5602],[83.1555,17.5527],[83.147,17.549],[83.1397,17.547],[83.1315,17.5459],[83.1238,17.5448],[83.1118,17.5406],[83.1099,17.5397],[83.1059,17.5389],[83.1066,17.5418],[83.1085,17.5459],[83.1102,17.5483],[83.1109,17.5511],[83.1073,17.5507],[83.1031,17.549],[83.0994,17.5471],[83.0966,17.5441],[83.0921,17.5371],[83.0912,17.5355],[83.088,17.5322],[83.0871,17.5315],[83.0857,17.5303],[83.0737,17.5247],[83.0669,17.5235],[83.0602,17.5208],[83.0587,17.5204],[83.0445,17.5166],[83.0392,17.5139],[83.0351,17.5108],[83.0337,17.5107],[83.0318,17.5104],[83.0263,17.5078],[83.0161,17.5015],[83.0141,17.5005],[83.007,17.4946],[83.0059,17.493],[83.0053,17.4907],[83.0052,17.4843],[83.0047,17.4823],[83.0022,17.4803],[82.9999,17.4787],[82.996,17.4756],[82.9932,17.4713],[82.9929,17.4708],[82.991,17.4698],[82.9799,17.4653],[82.9687,17.4626],[82.9515,17.4556],[82.9495,17.4545],[82.945,17.4529],[82.943,17.4512],[82.9379,17.4492],[82.9319,17.4452],[82.9193,17.4399],[82.9179,17.4391],[82.9144,17.437],[82.9102,17.4345],[82.9088,17.4337],[82.8655,17.415],[82.8566,17.4093],[82.855,17.4079],[82.849,17.4048],[82.84,17.3996],[82.8252,17.394],[82.8228,17.3934],[82.8196,17.3922],[82.8104,17.39],[82.8096,17.3898],[82.8073,17.3886],[82.7889,17.3814],[82.7713,17.374],[82.7647,17.3709],[82.7531,17.3662],[82.7367,17.3578],[82.7344,17.3571],[82.7249,17.3505],[82.7232,17.3496],[82.7192,17.3468],[82.7186,17.346],[82.7178,17.3458],[82.7147,17.3453],[82.7079,17.3425],[82.7059,17.341],[82.699,17.3367],[82.6976,17.3362],[82.6974,17.3355],[82.6868,17.3301],[82.6804,17.3251],[82.6707,17.3211],[82.6624,17.316],[82.6613,17.3157],[82.6566,17.3138],[82.6481,17.3086],[82.6439,17.3064],[82.6386,17.3033],[82.6378,17.3026],[82.6299,17.2992],[82.623,17.295],[82.6205,17.2931],[82.6063,17.2844],[82.604,17.2823],[82.59,17.2741],[82.5855,17.2707],[82.5792,17.2677],[82.5735,17.2636],[82.5714,17.262],[82.5602,17.2561],[82.5518,17.2499],[82.5495,17.248],[82.5424,17.2698],[82.5391,17.2748],[82.5323,17.2792],[82.5272,17.2814],[82.5245,17.2854],[82.5228,17.2925],[82.5235,17.3013],[82.5267,17.3101],[82.5312,17.3158],[82.5358,17.319],[82.5392,17.3312],[82.5417,17.3343],[82.5512,17.3359],[82.5559,17.3385],[82.56,17.3438],[82.5634,17.3534],[82.5644,17.3636],[82.5636,17.3691],[82.5562,17.3875],[82.5538,17.3916],[82.5557,17.3973],[82.5585,17.4054],[82.568,17.4222],[82.5901,17.4389],[82.5963,17.4474],[82.6042,17.4627],[82.604,17.4691],[82.5988,17.4749],[82.583,17.4857],[82.5818,17.4855],[82.5791,17.4873],[82.574,17.4916],[82.5636,17.504],[82.5609,17.5084],[82.5601,17.5204],[82.5573,17.5251],[82.5513,17.5258],[82.5429,17.5164],[82.5367,17.5137],[82.5144,17.5092],[82.5037,17.5105],[82.4998,17.5153],[82.4951,17.5092],[82.4899,17.5066],[82.4837,17.5087],[82.4816,17.5231],[82.4771,17.5249],[82.4779,17.5352],[82.4707,17.5382],[82.4675,17.5369],[82.4668,17.5324],[82.4693,17.5199],[82.4655,17.5157],[82.4596,17.5142],[82.4567,17.5127],[82.4564,17.4874],[82.4511,17.4825],[82.4433,17.4813],[82.44,17.4769],[82.4272,17.4764],[82.4116,17.4727],[82.3969,17.4827],[82.3779,17.485],[82.3721,17.4889],[82.3713,17.4965],[82.3716,17.5147],[82.37,17.5189],[82.3648,17.518],[82.3594,17.5126],[82.3521,17.4982],[82.3477,17.4995],[82.3351,17.5112],[82.3324,17.5158],[82.3356,17.5189],[82.3384,17.5321],[82.3353,17.5381],[82.3323,17.5486],[82.3318,17.559],[82.3362,17.5702],[82.3433,17.575],[82.3471,17.5791],[82.3444,17.5845],[82.3375,17.5904],[82.3269,17.588],[82.3205,17.5875],[82.3153,17.5891],[82.3102,17.5931],[82.3051,17.5957],[82.2992,17.6007],[82.2965,17.6049],[82.288,17.6085],[82.2793,17.6138],[82.2746,17.6186],[82.2682,17.6227],[82.2604,17.6241],[82.2527,17.6226],[82.2441,17.6251],[82.2384,17.632],[82.2288,17.6367],[82.2173,17.638],[82.2088,17.635],[82.1988,17.6291],[82.1928,17.623],[82.1858,17.6137],[82.1784,17.6107],[82.1628,17.6151],[82.1546,17.6209],[82.1414,17.6358],[82.1399,17.6437],[82.1368,17.65],[82.1282,17.6543],[82.1018,17.6539],[82.0909,17.6526],[82.0656,17.638],[82.0574,17.6397],[82.0467,17.639],[82.0387,17.6365],[82.031,17.6321],[82.0201,17.6166],[82.0155,17.6185],[82.0033,17.6362],[82.0084,17.6422],[82.0103,17.6478],[82.0099,17.6538],[82.0056,17.6613],[82.0192,17.6644],[82.0231,17.6732],[82.0226,17.6786],[82.0273,17.6825],[82.0307,17.6872],[82.0282,17.6998],[82.0338,17.7127],[82.034,17.7222],[82.0305,17.7295],[82.019,17.7432],[82.015,17.7503],[82.016,17.7529],[82.0193,17.7567],[82.0175,17.7598],[82.0085,17.7632],[82,17.7631],[81.9967,17.7643],[81.9854,17.7675],[81.9809,17.7666],[81.974,17.7632],[81.9671,17.7611],[81.9642,17.7561],[81.9653,17.7516],[81.9741,17.7489],[81.9736,17.746],[81.9698,17.7445],[81.9621,17.744],[81.9543,17.7412],[81.9366,17.7399],[81.928,17.7432],[81.9106,17.7405],[81.9044,17.7434],[81.8985,17.7445],[81.8825,17.7412],[81.8777,17.7427],[81.8711,17.7455],[81.8677,17.7497],[81.8669,17.7522],[81.8679,17.754],[81.8733,17.7585],[81.8771,17.7631],[81.8866,17.7747],[81.8921,17.7799],[81.8967,17.7811],[81.9091,17.7916],[81.9244,17.8006],[81.9266,17.8025],[81.9292,17.8084],[81.9318,17.8095],[81.9566,17.8143],[81.9626,17.8163],[81.9674,17.8201],[81.9696,17.8243],[81.9728,17.8332],[81.9776,17.8421],[81.9881,17.8494],[81.9924,17.851],[82,17.8496],[82.0088,17.8468],[82.0149,17.8392],[82.0194,17.842],[82.021,17.8453],[82.0218,17.8509],[82.0211,17.8558],[82.0156,17.8633],[82.0133,17.8705],[82.007,17.8809],[82.0033,17.8857],[82.0061,17.8954],[82.0096,17.9019],[82.0274,17.9232],[82.0305,17.9301],[82.0314,17.9369],[82.0267,17.9455],[82.0218,17.9504],[82.0137,17.9562],[82.0102,17.9636],[82.0086,17.9725],[82.0019,17.9863],[82,17.9873],[82,17.9874],[81.9948,17.9941],[81.9905,18.0001],[81.9816,18.0138],[81.989,18.0194],[81.9944,18.0224],[81.9974,18.0285],[82,18.0299],[82.0102,18.0318],[82.0106,18.0364],[82.0133,18.0424],[82.0101,18.0529],[82.0152,18.0573],[82.0253,18.0632],[82.0332,18.066],[82.0384,18.0646],[82.0412,18.0598],[82.0537,18.0537],[82.0594,18.0526],[82.0682,18.0533],[82.0742,18.0571],[82.074,18.0595],[82.0695,18.0621],[82.0675,18.0666],[82.0729,18.0665],[82.0784,18.0686],[82.0807,18.0738],[82.0886,18.0686],[82.0977,18.0656],[82.1009,18.061],[82.1165,18.0622],[82.1191,18.0659],[82.1218,18.066],[82.1278,18.0594],[82.1356,18.0592],[82.1378,18.0569],[82.1389,18.0492],[82.1409,18.0439],[82.1508,18.0518],[82.1558,18.0487],[82.1689,18.0519],[82.1723,18.0499],[82.1817,18.0339],[82.1855,18.0293],[82.1828,18.0239],[82.186,18.019],[82.1936,18.0158],[82.1996,18.0174],[82.2055,18.0171],[82.2163,18.0092],[82.2267,18.0027],[82.2315,18.0014],[82.2394,18.0022],[82.2455,18.0005],[82.2469,17.9924],[82.2503,17.9883],[82.2618,17.9887],[82.2696,17.991],[82.2758,17.995],[82.2774,18.0005],[82.2791,18.0063],[82.2794,18.0192],[82.2775,18.0284],[82.2748,18.0342],[82.2667,18.0433],[82.2707,18.0448],[82.2731,18.0475],[82.2736,18.0515],[82.2755,18.0567],[82.2875,18.0634],[82.2915,18.0642],[82.2936,18.0678],[82.2963,18.069],[82.3064,18.0704],[82.3049,18.066],[82.3013,18.0628],[82.305,18.0546],[82.3096,18.0525],[82.3149,18.0535],[82.3129,18.0481],[82.3141,18.0463],[82.3182,18.0469],[82.3217,18.0433],[82.3255,18.0445],[82.3215,18.0537],[82.3243,18.0552],[82.3258,18.057],[82.3282,18.0571],[82.3304,18.0587],[82.3347,18.055],[82.3334,18.0512],[82.3383,18.0489],[82.3449,18.0558],[82.3455,18.0576],[82.3517,18.0763],[82.3504,18.0798],[82.3521,18.0835],[82.3517,18.0909],[82.349,18.0955],[82.3432,18.0983],[82.3407,18.1026],[82.341,18.1154],[82.3388,18.1274],[82.3438,18.1356],[82.3418,18.1507],[82.3467,18.1463],[82.3534,18.143],[82.3661,18.1335],[82.3703,18.1376],[82.3728,18.1433],[82.3736,18.148],[82.3674,18.1575],[82.3572,18.1701],[82.3501,18.1717],[82.3415,18.1717],[82.3332,18.1747],[82.3278,18.1797],[82.3187,18.1828],[82.3167,18.1895],[82.3179,18.1976],[82.3145,18.2038],[82.3282,18.2092],[82.3412,18.224],[82.3352,18.2244],[82.3297,18.2306],[82.3309,18.2363],[82.3386,18.2395],[82.3394,18.2415],[82.3404,18.2483],[82.3402,18.2549],[82.3423,18.2604],[82.3453,18.2743],[82.352,18.2797],[82.3754,18.2791],[82.3803,18.2822],[82.3906,18.2924],[82.3938,18.2972],[82.3957,18.3087],[82.4014,18.3145],[82.3968,18.3193],[82.3927,18.3267],[82.3888,18.3273],[82.3835,18.326],[82.3776,18.3258],[82.3736,18.3245],[82.3663,18.3163],[82.3629,18.317],[82.3571,18.3142],[82.3513,18.3154],[82.3494,18.3187],[82.3428,18.3251],[82.3448,18.3281],[82.3538,18.3298],[82.3586,18.3369],[82.3649,18.3416],[82.3685,18.3517],[82.3778,18.3583],[82.3847,18.3612],[82.388,18.3654],[82.3871,18.3696],[82.3894,18.3746],[82.3928,18.3771],[82.3928,18.3803],[82.3867,18.386],[82.3836,18.391],[82.3832,18.4007],[82.3808,18.406],[82.3743,18.4112],[82.3696,18.4177],[82.3743,18.4208],[82.3753,18.425],[82.3801,18.428],[82.3859,18.4298],[82.389,18.4343],[82.3906,18.4395],[82.4056,18.4594],[82.4205,18.4725],[82.4286,18.4777],[82.4351,18.4848],[82.4374,18.4928],[82.4374,18.4929],[82.4454,18.5051],[82.4582,18.5192],[82.4617,18.5248],[82.4822,18.5446],[82.4898,18.5462],[82.4935,18.5414],[82.4861,18.5393],[82.484,18.5371],[82.4897,18.5228],[82.5064,18.5139],[82.5074,18.5096],[82.5103,18.5096],[82.5124,18.5133],[82.5157,18.5159],[82.5225,18.5115],[82.5258,18.5135],[82.5314,18.5118],[82.5321,18.5072],[82.5303,18.5048],[82.5327,18.4977],[82.5283,18.4951],[82.5278,18.4904],[82.5327,18.4907],[82.5358,18.4856],[82.5293,18.4803],[82.534,18.4785],[82.5358,18.4761],[82.53,18.4697],[82.526,18.4672],[82.5244,18.4638],[82.5315,18.4607],[82.5287,18.4585],[82.5295,18.4551],[82.5314,18.4537],[82.535,18.4553],[82.5377,18.4509],[82.5371,18.4483],[82.5384,18.4423],[82.5414,18.4421],[82.5439,18.4447],[82.5473,18.4461],[82.5466,18.4512],[82.5525,18.4493],[82.556,18.4498],[82.5584,18.4469],[82.562,18.4457],[82.5594,18.4419],[82.5585,18.4345],[82.5543,18.4322],[82.5534,18.4253],[82.548,18.4249],[82.5442,18.4164],[82.5453,18.4123],[82.5489,18.4115],[82.5486,18.4099],[82.5409,18.4049],[82.5406,18.4015],[82.5435,18.3977],[82.5506,18.3972],[82.5578,18.3916],[82.56,18.3952],[82.5643,18.3966],[82.5735,18.3921],[82.5789,18.3923],[82.5839,18.388],[82.5856,18.3855],[82.5891,18.387],[82.5975,18.3853],[82.602,18.3787],[82.6073,18.3798],[82.6088,18.3769],[82.6092,18.3743],[82.606,18.3708],[82.6076,18.3682],[82.6059,18.3645],[82.6069,18.3623],[82.614,18.3611],[82.617,18.3595],[82.6196,18.3547],[82.6162,18.35],[82.6075,18.3507],[82.6048,18.3491],[82.6059,18.3419],[82.6087,18.3391],[82.6122,18.3287],[82.6105,18.3256],[82.604,18.3242],[82.598,18.3278],[82.5943,18.3242],[82.5916,18.3197],[82.5864,18.3177],[82.5848,18.3151],[82.5881,18.3094],[82.5911,18.3091],[82.5962,18.3104],[82.5993,18.3003],[82.5987,18.2961],[82.5959,18.2932],[82.594,18.2893],[82.5968,18.2867],[82.5968,18.2834],[82.5926,18.2816],[82.5891,18.2785],[82.5916,18.275],[82.5956,18.2742],[82.5971,18.2705],[82.5976,18.2652],[82.6067,18.2629],[82.6092,18.2605],[82.6179,18.2577],[82.6202,18.255],[82.6194,18.2523],[82.6218,18.2479],[82.6288,18.2449],[82.6353,18.2373],[82.64,18.2371],[82.6456,18.2435],[82.6537,18.249],[82.656,18.2533],[82.6532,18.2656],[82.6575,18.2723],[82.6606,18.2806],[82.6648,18.2873],[82.6672,18.2951],[82.6733,18.2991],[82.6809,18.3007],[82.6901,18.3012],[82.6987,18.3055],[82.7021,18.3058],[82.7064,18.3048],[82.7088,18.3083],[82.7109,18.3169],[82.7192,18.3213],[82.7256,18.3233],[82.7336,18.3201],[82.7427,18.3217],[82.7411,18.3264],[82.7461,18.3284],[82.7547,18.3283],[82.759,18.3318],[82.7594,18.3368],[82.7628,18.3383],[82.7668,18.3357],[82.7702,18.3363],[82.7754,18.3396],[82.7797,18.3482],[82.7925,18.3626],[82.7862,18.3794],[82.7893,18.381],[82.7959,18.3866],[82.795,18.393],[82.7958,18.3986],[82.8016,18.4034],[82.7957,18.4082],[82.7895,18.4078],[82.7899,18.4126],[82.7867,18.4178],[82.7845,18.4239],[82.7845,18.428],[82.7954,18.4351],[82.8002,18.4415],[82.8074,18.4477],[82.8266,18.4469],[82.827,18.4417],[82.8384,18.4345],[82.844,18.4326],[82.8452,18.4227],[82.848,18.4202],[82.8532,18.4182],[82.8569,18.4234],[82.8642,18.4192],[82.8712,18.4164],[82.8783,18.4147],[82.8853,18.4203],[82.8876,18.4231],[82.8929,18.4212],[82.8966,18.4147],[82.899,18.4071],[82.8992,18.4007],[82.8932,18.3872],[82.9001,18.3755],[82.9068,18.3679],[82.911,18.3645],[82.9167,18.368],[82.9199,18.366],[82.9234,18.365],[82.9283,18.3684],[82.9359,18.3696],[82.941,18.36],[82.9538,18.3591],[82.9603,18.363],[82.9681,18.3659],[82.9771,18.3663],[82.9847,18.3636],[82.9867,18.3697],[82.9895,18.3745],[82.9944,18.3746],[82.9959,18.3782],[83.0002,18.3837],[83.0011,18.3835],[83.0054,18.3835],[83.0117,18.3856],[83.0199,18.3869],[83.0254,18.3932],[83.0283,18.3922],[83.032,18.3852],[83.0401,18.382],[83.0452,18.3786],[83.0478,18.3788],[83.0616,18.3841],[83.0644,18.386],[83.0741,18.3981],[83.0747,18.401],[83.0741,18.4019]]]},"properties":{"district_name":"Visakhapatnam","raw_district_name":"Visakhapatnam","state_code":"AP","state_name":"Andhra Pradesh","census_code":544,"data_source":"DataMeet India Maps (Census 2011 Boundaries)"}},{"type":"Feature","geometry":{"type":"Polygon","coordinates":[[[83.6361,19.1393],[83.6375,19.1348],[83.641,19.1323],[83.6532,19.131],[83.6571,19.1298],[83.6584,19.1263],[83.6574,19.1227],[83.6539,19.1224],[83.6524,19.1212],[83.6535,19.1166],[83.6555,19.1139],[83.6556,19.1102],[83.6579,19.108],[83.6652,19.0957],[83.6658,19.0901],[83.6645,19.0829],[83.6674,19.0777],[83.6703,19.0745],[83.6744,19.0725],[83.6841,19.0605],[83.6921,19.052],[83.7019,19.0293],[83.7047,19.0246],[83.7075,19.0232],[83.7245,19.0226],[83.729,19.0216],[83.7309,19.0201],[83.7275,19.0125],[83.7225,19.0103],[83.7171,19.0101],[83.7127,19.0076],[83.7121,19.0035],[83.7124,19.0007],[83.7125,19.0002],[83.7134,18.9935],[83.7165,18.992],[83.7191,18.9932],[83.7246,18.9908],[83.734,18.9838],[83.7352,18.9744],[83.7377,18.9685],[83.7442,18.9473],[83.7476,18.9424],[83.7491,18.9387],[83.7499,18.9315],[83.7535,18.9266],[83.7639,18.9251],[83.7706,18.915],[83.7752,18.9108],[83.7782,18.91],[83.7836,18.899],[83.7896,18.8928],[83.7977,18.8806],[83.8063,18.8721],[83.8196,18.862],[83.8219,18.8585],[83.8227,18.8541],[83.8228,18.8436],[83.8238,18.8329],[83.8208,18.8294],[83.8091,18.8266],[83.7997,18.8259],[83.7839,18.8268],[83.7751,18.8261],[83.7704,18.8244],[83.7658,18.8203],[83.7613,18.8145],[83.7586,18.8087],[83.757,18.8018],[83.7558,18.7896],[83.7517,18.7778],[83.7482,18.7748],[83.7379,18.7786],[83.7291,18.7832],[83.7104,18.7908],[83.6981,18.7966],[83.685,18.804],[83.6784,18.806],[83.6722,18.8046],[83.6653,18.7991],[83.6526,18.7841],[83.6473,18.7798],[83.6405,18.7755],[83.6323,18.7717],[83.6152,18.7662],[83.5851,18.7548],[83.5799,18.7474],[83.572,18.74],[83.558,18.734],[83.5512,18.7301],[83.5433,18.725],[83.5354,18.7182],[83.5301,18.7111],[83.5271,18.7048],[83.5259,18.6996],[83.5306,18.6897],[83.5453,18.6706],[83.5425,18.6473],[83.5426,18.6329],[83.5415,18.6201],[83.5381,18.6125],[83.5333,18.6059],[83.524,18.5989],[83.5211,18.5933],[83.5231,18.5785],[83.5226,18.5732],[83.5198,18.5649],[83.5196,18.5593],[83.5231,18.5529],[83.5278,18.5488],[83.5347,18.5469],[83.5413,18.549],[83.5488,18.5595],[83.5526,18.5635],[83.5613,18.5674],[83.5836,18.5614],[83.5887,18.5609],[83.6063,18.5621],[83.6095,18.5606],[83.61,18.5503],[83.6079,18.5298],[83.6095,18.5198],[83.6021,18.5146],[83.594,18.5114],[83.5845,18.5088],[83.5693,18.5073],[83.5631,18.5053],[83.5594,18.4977],[83.562,18.4925],[83.5769,18.4829],[83.5903,18.471],[83.5925,18.4673],[83.5934,18.462],[83.5868,18.4577],[83.571,18.4528],[83.5683,18.4498],[83.5673,18.4463],[83.5736,18.4379],[83.5747,18.4343],[83.5729,18.4314],[83.5597,18.4312],[83.5558,18.4306],[83.5538,18.4294],[83.5546,18.4311],[83.5558,18.4334],[83.5531,18.4361],[83.5533,18.4369],[83.5528,18.4382],[83.5519,18.4385],[83.5502,18.437],[83.5489,18.4371],[83.5467,18.4376],[83.5437,18.4389],[83.5405,18.4401],[83.5387,18.4414],[83.5367,18.442],[83.5356,18.4423],[83.5338,18.4417],[83.5329,18.4399],[83.5317,18.4374],[83.5312,18.4348],[83.5297,18.433],[83.5259,18.4337],[83.5224,18.4344],[83.5172,18.4354],[83.5142,18.4381],[83.5107,18.4393],[83.509,18.4368],[83.5066,18.4342],[83.503,18.4347],[83.4997,18.4356],[83.4969,18.4357],[83.4925,18.4358],[83.4895,18.4374],[83.4868,18.4387],[83.483,18.4409],[83.4803,18.4423],[83.4796,18.4401],[83.4762,18.4378],[83.4724,18.4377],[83.4683,18.4373],[83.4637,18.4388],[83.4603,18.4402],[83.4568,18.4421],[83.4545,18.4433],[83.4544,18.446],[83.4521,18.4481],[83.4494,18.448],[83.448,18.4461],[83.4469,18.443],[83.4444,18.4427],[83.4419,18.4431],[83.439,18.4428],[83.4348,18.4426],[83.4353,18.4383],[83.4315,18.4353],[83.4275,18.4317],[83.4236,18.4272],[83.4186,18.4227],[83.4157,18.4184],[83.4142,18.4154],[83.4175,18.4095],[83.4205,18.407],[83.4231,18.4055],[83.426,18.4046],[83.4277,18.4027],[83.4301,18.399],[83.4333,18.3988],[83.4363,18.401],[83.4396,18.4022],[83.4408,18.4025],[83.4412,18.4007],[83.441,18.3949],[83.4424,18.3929],[83.4434,18.3903],[83.4453,18.3854],[83.4427,18.383],[83.4388,18.3821],[83.4359,18.3819],[83.4344,18.3807],[83.4341,18.3796],[83.4329,18.3786],[83.4311,18.3786],[83.4289,18.3788],[83.428,18.3775],[83.427,18.3753],[83.4264,18.3731],[83.4277,18.3723],[83.4294,18.3725],[83.4319,18.3714],[83.4326,18.3704],[83.4331,18.3657],[83.4317,18.3639],[83.4304,18.3603],[83.4295,18.358],[83.4293,18.3546],[83.4298,18.3491],[83.4304,18.3456],[83.4315,18.3441],[83.4336,18.3441],[83.4374,18.3439],[83.439,18.3441],[83.4399,18.3397],[83.4389,18.3374],[83.4387,18.3335],[83.4388,18.3316],[83.4371,18.3305],[83.435,18.3303],[83.4331,18.3296],[83.4318,18.3261],[83.432,18.3237],[83.4397,18.3142],[83.4409,18.3127],[83.4432,18.3127],[83.4506,18.3148],[83.4534,18.3159],[83.4562,18.3158],[83.4579,18.3124],[83.4633,18.3045],[83.4659,18.2989],[83.4696,18.2977],[83.4741,18.2965],[83.4787,18.2941],[83.4814,18.293],[83.4833,18.2918],[83.485,18.2895],[83.4869,18.2884],[83.4878,18.2884],[83.4915,18.2894],[83.4962,18.2961],[83.4999,18.2982],[83.5099,18.2913],[83.5154,18.289],[83.5209,18.2878],[83.5255,18.2877],[83.5254,18.2865],[83.5253,18.2798],[83.5271,18.2787],[83.5298,18.2764],[83.5381,18.2751],[83.539,18.274],[83.537,18.2695],[83.5324,18.2651],[83.5242,18.2687],[83.5214,18.2665],[83.5194,18.262],[83.5194,18.2598],[83.5193,18.2575],[83.5221,18.2564],[83.5211,18.2519],[83.521,18.2486],[83.5209,18.2452],[83.5209,18.2418],[83.5226,18.2396],[83.5254,18.2395],[83.5281,18.2383],[83.5318,18.2372],[83.5364,18.2371],[83.5438,18.2403],[83.5467,18.2481],[83.5487,18.2559],[83.5497,18.2592],[83.5516,18.2614],[83.5553,18.2613],[83.5579,18.2557],[83.5606,18.2523],[83.5605,18.2501],[83.5605,18.2467],[83.5577,18.2445],[83.5549,18.2412],[83.5511,18.2368],[83.5492,18.2346],[83.5501,18.2335],[83.5519,18.2323],[83.5556,18.2322],[83.5565,18.2311],[83.5574,18.23],[83.5573,18.2277],[83.5591,18.2254],[83.561,18.2254],[83.5637,18.2254],[83.5674,18.2264],[83.5721,18.2319],[83.5739,18.2308],[83.5766,18.2273],[83.5766,18.2251],[83.5755,18.2195],[83.5746,18.2173],[83.5745,18.2128],[83.5744,18.2106],[83.5753,18.2072],[83.5761,18.2038],[83.577,18.2027],[83.5752,18.2016],[83.577,18.1994],[83.5797,18.1971],[83.5916,18.1957],[83.5953,18.1968],[83.6071,18.1909],[83.608,18.1909],[83.6089,18.1909],[83.6115,18.1898],[83.6117,18.1755],[83.6111,18.1734],[83.6037,18.1676],[83.6037,18.1661],[83.6046,18.1567],[83.6092,18.1486],[83.6175,18.1408],[83.6262,18.1338],[83.6192,18.1269],[83.6236,18.1213],[83.6338,18.1113],[83.6415,18.1122],[83.6448,18.1105],[83.6555,18.0981],[83.67,18.0834],[83.6695,18.0834],[83.6642,18.0848],[83.6608,18.0841],[83.6573,18.0816],[83.6609,18.0797],[83.6663,18.0775],[83.6681,18.0758],[83.669,18.075],[83.6691,18.0737],[83.6679,18.0725],[83.6617,18.0684],[83.6477,18.0612],[83.6343,18.0537],[83.6302,18.0518],[83.6275,18.0501],[83.6188,18.0443],[83.6163,18.0421],[83.6099,18.0378],[83.6045,18.0334],[83.6032,18.0318],[83.6024,18.0315],[83.6022,18.0308],[83.6009,18.0295],[83.5942,18.0236],[83.5926,18.0212],[83.5905,18.0184],[83.5873,18.0148],[83.5827,18.012],[83.5815,18.0117],[83.5779,18.0122],[83.5767,18.0129],[83.5762,18.0138],[83.5755,18.0158],[83.574,18.0155],[83.5731,18.0149],[83.5716,18.014],[83.5706,18.0134],[83.5668,18.0146],[83.5664,18.0154],[83.5597,18.0202],[83.5575,18.0199],[83.556,18.0194],[83.5554,18.0175],[83.5566,18.014],[83.5574,18.0124],[83.5637,18.0091],[83.5638,18.0084],[83.5647,18.0073],[83.5654,18.0067],[83.566,18.0021],[83.5632,17.9912],[83.5625,17.9816],[83.561,17.973],[83.5589,17.9711],[83.5543,17.9626],[83.5366,17.9486],[83.5241,17.9405],[83.5195,17.9379],[83.5163,17.9348],[83.5008,17.9259],[83.4973,17.9234],[83.4906,17.9194],[83.4866,17.9279],[83.4801,17.9337],[83.4746,17.936],[83.4682,17.9368],[83.4582,17.9327],[83.4534,17.9316],[83.4391,17.9398],[83.4335,17.9416],[83.4287,17.9412],[83.4236,17.9365],[83.419,17.9289],[83.4138,17.9251],[83.406,17.9222],[83.404,17.9176],[83.4054,17.9122],[83.4051,17.9041],[83.399,17.9039],[83.3896,17.9093],[83.3842,17.913],[83.3788,17.9219],[83.3804,17.9313],[83.3872,17.9437],[83.3936,17.9471],[83.3986,17.9548],[83.3995,17.9592],[83.3992,17.9685],[83.4038,17.9741],[83.4116,17.9804],[83.4167,17.987],[83.4178,17.993],[83.4173,18.0011],[83.4177,18.0063],[83.4119,18.0155],[83.4074,18.0191],[83.4062,18.025],[83.4089,18.0387],[83.4083,18.0444],[83.4053,18.0479],[83.3974,18.0519],[83.3789,18.0523],[83.3651,18.0562],[83.3591,18.0563],[83.3559,18.054],[83.3503,18.0475],[83.3448,18.0451],[83.337,18.0442],[83.3316,18.0367],[83.3239,18.0313],[83.3145,18.0217],[83.3153,18.0189],[83.3176,18.0105],[83.3228,18.0011],[83.3105,17.9833],[83.2817,17.9707],[83.2519,17.9534],[83.2422,17.9486],[83.2334,17.9454],[83.2297,17.9394],[83.2341,17.9269],[83.2395,17.9229],[83.2473,17.9208],[83.2501,17.9185],[83.2553,17.9117],[83.2403,17.9024],[83.2353,17.8952],[83.2306,17.8841],[83.2292,17.8752],[83.2309,17.8689],[83.219,17.8692],[83.2118,17.8723],[83.2077,17.8707],[83.2053,17.8658],[83.2039,17.8549],[83.2002,17.8447],[83.1927,17.846],[83.1857,17.8463],[83.1722,17.8455],[83.166,17.8438],[83.1606,17.8405],[83.1569,17.8359],[83.1556,17.8313],[83.156,17.8301],[83.1492,17.8369],[83.1443,17.8439],[83.1388,17.8697],[83.1332,17.8709],[83.1241,17.87],[83.1261,17.8756],[83.1245,17.8836],[83.1254,17.8925],[83.1237,17.9014],[83.1194,17.9084],[83.1123,17.9156],[83.1051,17.9316],[83.0864,17.9351],[83.0793,17.9395],[83.0719,17.9408],[83.0615,17.9476],[83.0527,17.9546],[83.0363,17.9619],[83.0286,17.9649],[83.0184,17.9645],[83.0093,17.9685],[83.0019,17.981],[83.0029,17.9904],[83,18.0001],[83.0101,18.0249],[83.0151,18.0326],[83.0284,18.0457],[83.0348,18.0531],[83.0426,18.0692],[83.046,18.0733],[83.0521,18.0764],[83.0549,18.0791],[83.0578,18.0869],[83.0732,18.0873],[83.0804,18.0887],[83.0909,18.0944],[83.101,18.1017],[83.102,18.1038],[83.1029,18.1075],[83.0981,18.1164],[83.0978,18.1202],[83.1015,18.1331],[83.1146,18.1364],[83.1188,18.1386],[83.123,18.1436],[83.1272,18.1455],[83.1401,18.1473],[83.1491,18.151],[83.1524,18.1543],[83.1549,18.1632],[83.1525,18.1652],[83.1414,18.167],[83.1335,18.1662],[83.1291,18.1642],[83.118,18.1564],[83.1113,18.1539],[83.1084,18.1536],[83.1074,18.1563],[83.1079,18.1601],[83.1132,18.1744],[83.1139,18.1786],[83.1134,18.1835],[83.1121,18.1874],[83.1026,18.2062],[83.1009,18.2117],[83.101,18.2172],[83.104,18.2213],[83.1081,18.2227],[83.1126,18.2223],[83.1162,18.2212],[83.1218,18.218],[83.126,18.2141],[83.1285,18.2093],[83.1291,18.2037],[83.1266,18.1925],[83.1263,18.1872],[83.1314,18.1785],[83.1389,18.1771],[83.1467,18.1767],[83.1537,18.1773],[83.1598,18.18],[83.1634,18.1838],[83.1626,18.1887],[83.1516,18.2061],[83.1512,18.2117],[83.1552,18.2204],[83.1556,18.2259],[83.1531,18.2307],[83.1489,18.2366],[83.1378,18.2487],[83.1357,18.2546],[83.1378,18.2605],[83.143,18.2602],[83.1481,18.2586],[83.1587,18.2525],[83.183,18.2291],[83.187,18.2224],[83.1913,18.2081],[83.1952,18.2019],[83.2008,18.1954],[83.2076,18.1914],[83.2124,18.1902],[83.2184,18.1903],[83.2195,18.1948],[83.2201,18.2051],[83.2224,18.2107],[83.2275,18.2119],[83.2318,18.21],[83.2376,18.2018],[83.2435,18.1991],[83.2467,18.2015],[83.2493,18.2066],[83.2505,18.2116],[83.2494,18.2248],[83.2539,18.2269],[83.2595,18.2264],[83.2679,18.2163],[83.2717,18.2167],[83.2736,18.2211],[83.274,18.225],[83.272,18.2318],[83.2699,18.2386],[83.2717,18.2602],[83.2711,18.2662],[83.2685,18.275],[83.2589,18.2804],[83.2511,18.2829],[83.2446,18.2863],[83.2356,18.2889],[83.2277,18.294],[83.2232,18.2979],[83.2196,18.3038],[83.2189,18.3072],[83.2193,18.3128],[83.223,18.3227],[83.2256,18.3258],[83.2282,18.3309],[83.2271,18.3342],[83.2216,18.3362],[83.2129,18.3333],[83.1825,18.3145],[83.1729,18.3095],[83.167,18.3111],[83.1641,18.3181],[83.161,18.3321],[83.1587,18.3374],[83.158,18.3381],[83.155,18.3413],[83.1494,18.3434],[83.1451,18.3463],[83.1385,18.3491],[83.136,18.3512],[83.1314,18.3529],[83.124,18.3485],[83.1219,18.3492],[83.1205,18.3544],[83.1176,18.3561],[83.1022,18.359],[83.0986,18.3566],[83.0959,18.3499],[83.0959,18.3456],[83.0942,18.3371],[83.0908,18.3273],[83.087,18.3209],[83.0845,18.3187],[83.0819,18.3172],[83.0793,18.318],[83.0767,18.3232],[83.0737,18.3348],[83.0744,18.3421],[83.0768,18.3462],[83.0777,18.3504],[83.0725,18.3687],[83.0724,18.374],[83.075,18.3811],[83.0971,18.4045],[83.1015,18.415],[83.0897,18.4143],[83.0741,18.4019],[83.072,18.4044],[83.0673,18.4077],[83.064,18.4131],[83.0635,18.4168],[83.0687,18.4222],[83.0688,18.4279],[83.0703,18.4295],[83.068,18.4373],[83.0665,18.4377],[83.0568,18.4335],[83.0508,18.4269],[83.0457,18.4276],[83.0437,18.4287],[83.0415,18.432],[83.0464,18.4353],[83.0472,18.4407],[83.0455,18.4434],[83.0406,18.4448],[83.033,18.4453],[83.0263,18.449],[83.0236,18.453],[83.0246,18.4562],[83.0328,18.4623],[83.0349,18.4655],[83.0423,18.4693],[83.0452,18.4717],[83.052,18.4807],[83.06,18.486],[83.0634,18.4966],[83.0685,18.5029],[83.0733,18.5061],[83.077,18.5105],[83.0813,18.5232],[83.0905,18.5356],[83.0966,18.5412],[83.0975,18.5464],[83.0952,18.5495],[83.0796,18.5509],[83.0655,18.5431],[83.0593,18.5433],[83.0533,18.5477],[83.0484,18.5533],[83.0406,18.5563],[83.0418,18.5666],[83.0336,18.5726],[83.035,18.5763],[83.0393,18.5801],[83.0419,18.584],[83.0446,18.5859],[83.0502,18.5856],[83.0529,18.5865],[83.0592,18.5914],[83.0621,18.5948],[83.0602,18.6014],[83.057,18.6035],[83.0492,18.605],[83.0503,18.6104],[83.0525,18.6147],[83.0578,18.6221],[83.0612,18.6235],[83.0722,18.6226],[83.0749,18.6211],[83.0776,18.617],[83.0774,18.6139],[83.079,18.6102],[83.0839,18.6118],[83.0877,18.6161],[83.0933,18.6271],[83.0941,18.6302],[83.0881,18.641],[83.0867,18.6478],[83.0867,18.6551],[83.0887,18.6601],[83.0921,18.664],[83.0964,18.6652],[83.1059,18.6611],[83.1149,18.6633],[83.1251,18.6598],[83.1311,18.662],[83.1404,18.6693],[83.147,18.669],[83.1503,18.675],[83.1549,18.7009],[83.1582,18.7027],[83.1646,18.7046],[83.1732,18.7009],[83.1753,18.7066],[83.1757,18.71],[83.1747,18.7151],[83.1719,18.7218],[83.1748,18.7242],[83.192,18.7337],[83.1946,18.7335],[83.1972,18.7312],[83.2,18.7308],[83.2039,18.7333],[83.2057,18.7328],[83.2068,18.7276],[83.2086,18.7272],[83.2113,18.7278],[83.2131,18.7241],[83.2148,18.7257],[83.2205,18.7427],[83.2225,18.7454],[83.2283,18.7502],[83.2303,18.7532],[83.231,18.7562],[83.2307,18.7568],[83.2299,18.7602],[83.2253,18.7671],[83.225,18.7717],[83.2274,18.774],[83.2307,18.7741],[83.2373,18.7723],[83.2475,18.767],[83.2531,18.7663],[83.2634,18.767],[83.2673,18.7658],[83.2741,18.7652],[83.2779,18.768],[83.2797,18.7714],[83.2792,18.7755],[83.2771,18.779],[83.2779,18.7835],[83.2832,18.7935],[83.2874,18.7978],[83.3,18.8007],[83.3083,18.8061],[83.3122,18.807],[83.322,18.804],[83.3262,18.804],[83.331,18.8065],[83.3305,18.8098],[83.3312,18.8128],[83.333,18.816],[83.3362,18.8189],[83.3515,18.826],[83.358,18.8298],[83.3614,18.8357],[83.3668,18.8402],[83.3702,18.8403],[83.3807,18.8294],[83.3842,18.8301],[83.391,18.8343],[83.3944,18.834],[83.4042,18.8389],[83.4066,18.8417],[83.4048,18.8574],[83.4057,18.8608],[83.4077,18.8618],[83.4147,18.8619],[83.4166,18.8626],[83.4186,18.8649],[83.4192,18.8675],[83.4137,18.8735],[83.4097,18.8752],[83.4021,18.8763],[83.3957,18.8791],[83.3933,18.8814],[83.3935,18.8836],[83.3868,18.8884],[83.3818,18.894],[83.3803,18.8979],[83.3823,18.9],[83.3911,18.9053],[83.3918,18.9077],[83.3889,18.9099],[83.3847,18.9105],[83.375,18.9084],[83.3684,18.9092],[83.3644,18.9128],[83.358,18.9239],[83.3555,18.929],[83.3545,18.9348],[83.3558,18.9401],[83.3569,18.9418],[83.3631,18.941],[83.3706,18.938],[83.3719,18.9308],[83.3789,18.9251],[83.3817,18.9248],[83.3842,18.9258],[83.3875,18.9295],[83.3881,18.9313],[83.3753,18.9415],[83.3718,18.9459],[83.3687,18.956],[83.3689,18.9613],[83.3667,18.9626],[83.3622,18.9624],[83.3536,18.965],[83.3529,18.9642],[83.3526,18.9532],[83.3511,18.9431],[83.3477,18.9412],[83.3474,18.9398],[83.3474,18.9342],[83.3492,18.9264],[83.3469,18.9242],[83.3424,18.9238],[83.3369,18.9249],[83.3299,18.9312],[83.3278,18.9338],[83.3267,18.9364],[83.3264,18.9415],[83.3291,18.9439],[83.339,18.9456],[83.3409,18.9472],[83.3403,18.9513],[83.3389,18.9537],[83.3368,18.9547],[83.3349,18.9558],[83.3339,18.958],[83.3335,18.9608],[83.3348,18.9652],[83.3334,18.9668],[83.3277,18.9692],[83.3212,18.9745],[83.3175,18.9846],[83.317,18.9882],[83.3156,18.991],[83.3122,18.9948],[83.3131,18.9975],[83.3157,18.9987],[83.3243,18.9982],[83.3332,18.9966],[83.337,18.996],[83.339,18.9979],[83.3386,19.0004],[83.3379,19.0048],[83.3385,19.0062],[83.3405,19.0076],[83.3428,19.0145],[83.3484,19.0168],[83.3487,19.0169],[83.3542,19.0177],[83.3628,19.0172],[83.3658,19.014],[83.3702,19.0026],[83.3753,19.0015],[83.385,19.0026],[83.3925,19.0051],[83.3966,19.0079],[83.4008,19.007],[83.4039,19.0037],[83.4092,19.0043],[83.4101,19.003],[83.4124,19.0011],[83.4147,19.003],[83.4167,19.0041],[83.4184,19.0005],[83.4192,18.9966],[83.4166,18.9878],[83.4226,18.9858],[83.4407,18.9694],[83.4443,18.9659],[83.4478,18.9582],[83.4505,18.9558],[83.4547,18.9537],[83.459,18.9525],[83.4633,18.9536],[83.4701,18.9672],[83.47,18.9716],[83.4693,18.9759],[83.4667,18.9784],[83.4661,18.9805],[83.4681,18.9888],[83.4655,18.9905],[83.458,18.9904],[83.4569,19.0006],[83.456,19.0039],[83.4563,19.0076],[83.458,19.0098],[83.4611,19.0104],[83.4663,19.01],[83.4753,19.0069],[83.4796,19.0069],[83.4824,19.0083],[83.4844,19.012],[83.4829,19.0195],[83.4857,19.0291],[83.4851,19.0334],[83.4732,19.0441],[83.4706,19.0518],[83.471,19.0604],[83.4645,19.0639],[83.4651,19.0676],[83.4669,19.0713],[83.466,19.0749],[83.4672,19.0775],[83.4716,19.0792],[83.4752,19.0777],[83.478,19.0781],[83.4798,19.0805],[83.481,19.0855],[83.4847,19.0831],[83.4859,19.078],[83.4882,19.0743],[83.5003,19.0628],[83.5014,19.0609],[83.5041,19.0634],[83.5081,19.0699],[83.5106,19.0725],[83.5131,19.0726],[83.5139,19.0622],[83.5162,19.0578],[83.5185,19.0559],[83.5176,19.048],[83.5178,19.0441],[83.521,19.0382],[83.5214,19.0327],[83.5159,19.0299],[83.5117,19.0341],[83.5071,19.035],[83.5013,19.0347],[83.5004,19.0319],[83.5007,19.026],[83.5032,19.019],[83.5124,19.018],[83.5231,19.0129],[83.5391,19.0134],[83.5409,19.0204],[83.5408,19.0274],[83.5426,19.0366],[83.5435,19.0383],[83.5505,19.0448],[83.5555,19.0529],[83.56,19.0551],[83.5592,19.0583],[83.5526,19.07],[83.5526,19.0773],[83.5542,19.0817],[83.5592,19.0857],[83.5627,19.086],[83.5684,19.0741],[83.5681,19.0719],[83.5648,19.0679],[83.5642,19.0638],[83.5654,19.0593],[83.5688,19.0583],[83.5751,19.0602],[83.5865,19.0577],[83.5885,19.0631],[83.5895,19.0707],[83.5899,19.0835],[83.5921,19.0876],[83.5953,19.091],[83.6009,19.0928],[83.6076,19.0927],[83.6121,19.0961],[83.6121,19.1008],[83.6045,19.1131],[83.602,19.1184],[83.6013,19.1233],[83.602,19.1282],[83.6082,19.1355],[83.6129,19.1388],[83.6183,19.1388],[83.6218,19.1416],[83.6268,19.1497],[83.6304,19.1525],[83.6279,19.1564],[83.6288,19.1597],[83.6309,19.1614],[83.6362,19.1575],[83.6378,19.1526],[83.6361,19.1393]]]},"properties":{"district_name":"Vizianagaram","raw_district_name":"Vizianagaram","state_code":"AP","state_name":"Andhra Pradesh","census_code":543,"data_source":"DataMeet India Maps (Census 2011 Boundaries)"}},{"type":"Feature","geometry":{"type":"MultiPolygon","coordinates":[[[[80.389,18.5984],[80.3983,18.5829],[80.4024,18.5718],[80.402,18.5672],[80.4002,18.5623],[80.3969,18.5568],[80.381,18.5432],[80.3779,18.5377],[80.3767,18.5335],[80.3763,18.5279],[80.3783,18.5241],[80.3816,18.5218],[80.3819,18.5128],[80.3838,18.5055],[80.3793,18.501],[80.3804,18.4966],[80.3791,18.4843],[80.3811,18.4736],[80.3842,18.4687],[80.3889,18.4645],[80.3959,18.4611],[80.4045,18.4584],[80.4114,18.4585],[80.4159,18.4603],[80.4225,18.4602],[80.4295,18.4587],[80.4359,18.4605],[80.4411,18.4605],[80.454,18.4572],[80.4626,18.4513],[80.4653,18.4474],[80.4666,18.4377],[80.4656,18.4325],[80.4629,18.4269],[80.461,18.4205],[80.4579,18.4046],[80.4585,18.4006],[80.4619,18.3971],[80.4729,18.3895],[80.4755,18.3855],[80.4751,18.3769],[80.4697,18.364],[80.4675,18.3552],[80.4724,18.341],[80.4726,18.3356],[80.4699,18.3241],[80.4743,18.3069],[80.4777,18.3007],[80.4823,18.2951],[80.4924,18.2854],[80.4963,18.2801],[80.4989,18.2731],[80.5046,18.2664],[80.5106,18.2642],[80.5202,18.2657],[80.5272,18.265],[80.5382,18.2612],[80.543,18.2568],[80.5582,18.2465],[80.5632,18.2447],[80.5741,18.2388],[80.584,18.2323],[80.5894,18.2279],[80.6023,18.2212],[80.6128,18.213],[80.6179,18.2051],[80.6227,18.2041],[80.6289,18.2045],[80.6311,18.2006],[80.6322,18.1964],[80.6341,18.1936],[80.634,18.1919],[80.6477,18.1862],[80.6596,18.176],[80.6629,18.175],[80.6664,18.1711],[80.6623,18.1635],[80.6612,18.1557],[80.6583,18.1543],[80.6552,18.1559],[80.6518,18.1564],[80.6505,18.1547],[80.6565,18.1475],[80.6584,18.1432],[80.6565,18.1341],[80.649,18.1347],[80.6319,18.14],[80.6284,18.1351],[80.6267,18.1307],[80.6269,18.1272],[80.6445,18.1253],[80.6449,18.1213],[80.6392,18.1109],[80.6369,18.1089],[80.6307,18.1096],[80.6203,18.1135],[80.6181,18.1126],[80.6163,18.1039],[80.6127,18.099],[80.6098,18.0904],[80.6026,18.0832],[80.5983,18.0824],[80.5886,18.0873],[80.5709,18.1001],[80.5657,18.1028],[80.5565,18.1042],[80.5536,18.104],[80.547,18.097],[80.5444,18.0963],[80.5377,18.0991],[80.5314,18.1041],[80.5234,18.1138],[80.5196,18.1155],[80.5177,18.1206],[80.5061,18.1293],[80.5003,18.1392],[80.4902,18.1423],[80.4682,18.1347],[80.4796,18.1259],[80.4801,18.122],[80.4741,18.1111],[80.4638,18.0862],[80.4619,18.0832],[80.4572,18.079],[80.4567,18.067],[80.4601,18.0601],[80.4513,18.0643],[80.4481,18.0652],[80.439,18.0601],[80.4356,18.059],[80.4203,18.0674],[80.4123,18.0738],[80.4051,18.0783],[80.3953,18.0819],[80.3755,18.0643],[80.3568,18.044],[80.3523,18.0406],[80.349,18.0366],[80.3464,18.0286],[80.3454,18.0172],[80.3317,18.0057],[80.3282,18.001],[80.3137,17.9771],[80.3099,17.9734],[80.3088,17.9728],[80.2996,17.9676],[80.2943,17.9667],[80.2774,17.9681],[80.2781,17.9605],[80.2768,17.9489],[80.273,17.9335],[80.2754,17.9205],[80.2837,17.9091],[80.2799,17.8963],[80.28,17.8823],[80.2777,17.8712],[80.2729,17.8602],[80.2539,17.8278],[80.2583,17.783],[80.2624,17.7686],[80.2599,17.7495],[80.2564,17.7433],[80.2519,17.7423],[80.2518,17.7394],[80.2457,17.7365],[80.2424,17.7418],[80.2388,17.7521],[80.2257,17.7462],[80.214,17.7394],[80.1731,17.712],[80.1723,17.7165],[80.1776,17.7244],[80.174,17.7255],[80.1707,17.7277],[80.1685,17.7394],[80.1658,17.745],[80.1642,17.753],[80.1546,17.7486],[80.1437,17.7456],[80.1364,17.7342],[80.1258,17.7293],[80.0917,17.7176],[80.0763,17.7112],[80.0652,17.7095],[80.0599,17.7124],[80.0516,17.7151],[80.0464,17.7068],[80.0445,17.6971],[80.0755,17.6817],[80.085,17.6733],[80.0901,17.6595],[80.0884,17.6564],[80.0759,17.652],[80.0736,17.6477],[80.074,17.6425],[80.0646,17.6255],[80.0571,17.608],[80.0542,17.596],[80.0597,17.5927],[80.0626,17.5887],[80.0687,17.5885],[80.077,17.5839],[80.0872,17.5756],[80.085,17.5662],[80.0801,17.5557],[80.087,17.5483],[80.0849,17.5371],[80.0842,17.5278],[80.0901,17.5137],[80.1003,17.4967],[80.1069,17.4907],[80.1185,17.4868],[80.1281,17.4821],[80.1302,17.4715],[80.1285,17.4632],[80.1288,17.4466],[80.1695,17.455],[80.1698,17.4428],[80.1684,17.4332],[80.162,17.4077],[80.1608,17.3943],[80.1622,17.3867],[80.1621,17.3785],[80.1592,17.3793],[80.1552,17.3866],[80.1433,17.3932],[80.1366,17.3921],[80.1311,17.3902],[80.1277,17.3847],[80.1208,17.3814],[80.1176,17.3751],[80.1139,17.3714],[80.1114,17.3642],[80.1031,17.3597],[80.0953,17.3609],[80.089,17.3648],[80.0807,17.3675],[80.0761,17.3603],[80.069,17.3561],[80.0642,17.3516],[80.0545,17.3472],[80.0485,17.3525],[80.0395,17.3533],[80,17.3629],[79.99,17.374],[79.9901,17.3908],[79.9867,17.4007],[79.9698,17.4046],[79.956,17.3971],[79.949,17.395],[79.9402,17.3945],[79.9357,17.391],[79.9386,17.3792],[79.9315,17.3752],[79.9228,17.3747],[79.9062,17.3763],[79.8964,17.3719],[79.8918,17.3548],[79.8836,17.3595],[79.8795,17.3593],[79.8794,17.3499],[79.8783,17.3421],[79.8722,17.3334],[79.8649,17.3337],[79.8523,17.3357],[79.8408,17.3288],[79.8323,17.3339],[79.8194,17.3366],[79.8116,17.3337],[79.8026,17.328],[79.7929,17.3198],[79.7912,17.3216],[79.7866,17.3437],[79.7832,17.3527],[79.7705,17.3678],[79.7673,17.3751],[79.7683,17.3784],[79.7731,17.3814],[79.7871,17.3876],[79.7786,17.396],[79.7629,17.4081],[79.7596,17.415],[79.7586,17.4308],[79.7531,17.432],[79.7283,17.431],[79.7214,17.4328],[79.7154,17.4378],[79.7102,17.4455],[79.704,17.4528],[79.6965,17.4557],[79.6836,17.4564],[79.6684,17.4628],[79.6545,17.4716],[79.6562,17.4897],[79.6558,17.4996],[79.6545,17.5044],[79.6495,17.5023],[79.6399,17.4953],[79.6292,17.4916],[79.6119,17.4959],[79.5943,17.5013],[79.5864,17.497],[79.5703,17.5027],[79.5595,17.5017],[79.5557,17.5064],[79.5385,17.5238],[79.5304,17.5192],[79.5236,17.5126],[79.5187,17.4952],[79.5059,17.4962],[79.4921,17.5009],[79.4858,17.5094],[79.4795,17.5128],[79.4683,17.5157],[79.4567,17.516],[79.4434,17.5142],[79.4301,17.5167],[79.4217,17.5156],[79.4035,17.5],[79.3971,17.5003],[79.3838,17.5046],[79.3726,17.5104],[79.3588,17.5182],[79.3257,17.5256],[79.3184,17.5292],[79.3162,17.5428],[79.313,17.5499],[79.3078,17.5557],[79.3008,17.5549],[79.2933,17.5557],[79.2886,17.5574],[79.2844,17.5616],[79.2801,17.5721],[79.2751,17.5786],[79.2685,17.5806],[79.265,17.5773],[79.2604,17.5699],[79.2573,17.5615],[79.2517,17.5601],[79.2358,17.5648],[79.2266,17.5638],[79.2231,17.5777],[79.2181,17.5852],[79.2116,17.5913],[79.2101,17.6022],[79.2164,17.6075],[79.2072,17.6245],[79.1934,17.6155],[79.1853,17.6023],[79.1788,17.5999],[79.1758,17.5932],[79.1733,17.5832],[79.1639,17.5794],[79.1617,17.5786],[79.1531,17.5847],[79.1481,17.5928],[79.1479,17.6078],[79.1521,17.6201],[79.1491,17.6243],[79.1385,17.6291],[79.1265,17.6517],[79.1242,17.6675],[79.115,17.67],[79.1058,17.6737],[79.0966,17.6786],[79.085,17.6892],[79.0805,17.7016],[79.0748,17.7121],[79.0605,17.7176],[79.052,17.7225],[79.0397,17.7179],[79.0247,17.709],[79.0152,17.7196],[79.0112,17.7325],[79.0001,17.7593],[78.9934,17.7814],[78.9887,17.7885],[78.9767,17.787],[78.9478,17.7893],[78.935,17.7916],[78.9322,17.7979],[78.9125,17.8017],[78.9087,17.8037],[78.8996,17.8026],[78.8881,17.8041],[78.8696,17.8091],[78.8681,17.8179],[78.8692,17.8247],[78.8761,17.8287],[78.8728,17.8521],[78.8723,17.8665],[78.8414,17.8708],[78.8303,17.8739],[78.8284,17.879],[78.8327,17.8935],[78.8432,17.8944],[78.8456,17.9024],[78.8518,17.905],[78.8555,17.9204],[78.864,17.9338],[78.8733,17.9457],[78.8809,17.9633],[78.8932,17.9621],[78.9079,17.9595],[78.9181,17.9755],[78.92,17.9823],[78.9298,17.9934],[78.942,17.9926],[78.9504,17.9944],[78.9517,17.9987],[78.954,18.0027],[78.9563,18.0068],[78.9542,18.011],[78.9542,18.018],[78.9602,18.0253],[78.9664,18.0308],[78.9676,18.0345],[78.9721,18.0318],[78.9824,18.023],[78.9875,18.0193],[78.9845,18.0148],[78.9917,18.0101],[79,17.9997],[79.0023,18.001],[79.0346,18.025],[79.0442,18.0309],[79.0506,18.0334],[79.06,18.0287],[79.0677,18.022],[79.0765,18.0202],[79.0859,18.0247],[79.0957,18.0254],[79.0962,18.025],[79.1025,18.0189],[79.1284,18.0091],[79.143,18.0061],[79.1488,18.0038],[79.1486,18.0001],[79.1494,17.9913],[79.1509,17.9859],[79.1594,17.9865],[79.1742,17.989],[79.1933,17.9946],[79.2048,17.9931],[79.2183,17.9887],[79.2246,17.9826],[79.2341,17.9802],[79.2446,17.9802],[79.2547,17.9793],[79.258,17.9807],[79.2572,18.0004],[79.2835,18.0128],[79.2916,18.0173],[79.3005,18.02],[79.3108,18.0217],[79.3474,18.0252],[79.3582,18.0254],[79.3667,18.022],[79.3751,18.0198],[79.3786,18.0213],[79.383,18.0263],[79.3892,18.0313],[79.4209,18.0493],[79.4377,18.0629],[79.4428,18.0665],[79.454,18.0724],[79.4613,18.0782],[79.4647,18.0832],[79.4665,18.0893],[79.4732,18.1012],[79.4786,18.1145],[79.4866,18.1115],[79.4961,18.1044],[79.5039,18.1022],[79.5131,18.1013],[79.5233,18.108],[79.5313,18.1036],[79.5381,18.104],[79.5451,18.1056],[79.5635,18.1056],[79.5696,18.1175],[79.572,18.121],[79.577,18.126],[79.5875,18.1239],[79.594,18.1241],[79.5896,18.1297],[79.588,18.1342],[79.5869,18.1448],[79.59,18.1464],[79.5962,18.1469],[79.6035,18.1451],[79.6098,18.1448],[79.6158,18.1548],[79.6138,18.1613],[79.6142,18.1691],[79.6176,18.1763],[79.6236,18.1824],[79.6227,18.1862],[79.6203,18.1933],[79.616,18.1973],[79.613,18.2043],[79.611,18.2122],[79.6037,18.223],[79.602,18.2301],[79.5955,18.2446],[79.5929,18.2496],[79.5827,18.2629],[79.5759,18.2798],[79.5736,18.2883],[79.5726,18.3002],[79.5738,18.3114],[79.5828,18.3146],[79.5846,18.3227],[79.58,18.331],[79.5846,18.3366],[79.586,18.3401],[79.5867,18.3515],[79.5859,18.3569],[79.5807,18.3755],[79.5805,18.3854],[79.5824,18.3944],[79.5832,18.4026],[79.5858,18.409],[79.5797,18.4255],[79.5863,18.4333],[79.5958,18.4473],[79.5975,18.4546],[79.5967,18.4627],[79.5971,18.4704],[79.6101,18.4715],[79.6277,18.4761],[79.6381,18.4773],[79.6578,18.4727],[79.6596,18.4731],[79.6656,18.4772],[79.6747,18.4859],[79.6816,18.4937],[79.6854,18.4966],[79.6927,18.4978],[79.703,18.4979],[79.7203,18.4952],[79.7431,18.487],[79.7523,18.4813],[79.7583,18.4765],[79.7626,18.472],[79.7671,18.4654],[79.7753,18.4509],[79.7845,18.4382],[79.792,18.4309],[79.8028,18.4242],[79.8136,18.4186],[79.8227,18.4174],[79.8287,18.4202],[79.8273,18.4357],[79.8221,18.4513],[79.8161,18.4655],[79.813,18.4762],[79.8125,18.489],[79.8171,18.4959],[79.8248,18.4997],[79.8331,18.5006],[79.8407,18.4982],[79.857,18.485],[79.8595,18.4808],[79.867,18.4635],[79.881,18.4446],[79.8974,18.4335],[79.9228,18.4243],[79.9241,18.4288],[79.9247,18.4355],[79.9256,18.4593],[79.9153,18.4641],[79.9073,18.47],[79.9003,18.479],[79.8881,18.4987],[79.8858,18.5106],[79.8943,18.5132],[79.9141,18.5142],[79.9396,18.5123],[79.9447,18.5087],[79.9505,18.5077],[79.9548,18.5089],[79.9589,18.5072],[79.9623,18.4981],[79.9652,18.4854],[79.9701,18.4773],[79.9756,18.4764],[79.9782,18.4833],[79.9871,18.4889],[79.9929,18.4904],[79.9969,18.4865],[79.9999,18.4851],[80.0088,18.4746],[80.0157,18.4733],[80.025,18.4688],[80.0317,18.4803],[80.0309,18.4853],[80.0312,18.4894],[80.035,18.4945],[80.036,18.5009],[80.0391,18.5086],[80.0407,18.5162],[80.0861,18.5181],[80.0852,18.5116],[80.0736,18.5026],[80.0664,18.4986],[80.0527,18.482],[80.0668,18.4792],[80.0771,18.4756],[80.0851,18.477],[80.0885,18.4701],[80.0903,18.4681],[80.1083,18.4678],[80.119,18.4667],[80.1166,18.4571],[80.105,18.4576],[80.0983,18.4477],[80.0852,18.4333],[80.0791,18.4279],[80.0617,18.4259],[80.0502,18.4281],[80.0397,18.4311],[80.0353,18.4356],[80.0305,18.4427],[80.0247,18.4172],[80.0279,18.4071],[80.0309,18.4008],[80.0444,18.4037],[80.0598,18.4009],[80.0767,18.3871],[80.0827,18.3923],[80.0796,18.3977],[80.081,18.4117],[80.0838,18.4224],[80.0986,18.4316],[80.1053,18.4304],[80.113,18.4269],[80.1288,18.4225],[80.1368,18.4195],[80.1435,18.4181],[80.153,18.4134],[80.1528,18.398],[80.1489,18.3833],[80.1472,18.3733],[80.1543,18.3627],[80.1752,18.3414],[80.1747,18.3487],[80.179,18.3534],[80.1988,18.3714],[80.2043,18.378],[80.2189,18.3902],[80.2199,18.4061],[80.2223,18.4142],[80.2253,18.42],[80.2268,18.428],[80.2265,18.437],[80.2283,18.4627],[80.2273,18.4821],[80.2292,18.5245],[80.2294,18.5526],[80.2362,18.5595],[80.2418,18.5638],[80.2456,18.5679],[80.2694,18.5883],[80.2715,18.5889],[80.2982,18.5896],[80.3068,18.5888],[80.3217,18.5916],[80.3347,18.5951],[80.3441,18.5953],[80.3462,18.593],[80.3493,18.5912],[80.356,18.5933],[80.3603,18.5957],[80.3634,18.5985],[80.3649,18.6031],[80.3672,18.607],[80.37,18.6085],[80.3744,18.6095],[80.378,18.6079],[80.389,18.5984]]],[[[80.6874,18.1176],[80.6795,18.1082],[80.6745,18.113],[80.6763,18.1198],[80.6776,18.1243],[80.678,18.131],[80.6803,18.139],[80.6843,18.1462],[80.6878,18.1432],[80.6964,18.133],[80.699,18.1265],[80.6874,18.1176]]]]},"properties":{"district_name":"Warangal","raw_district_name":"Warangal","state_code":"AP","state_name":"Andhra Pradesh","census_code":540,"data_source":"DataMeet India Maps (Census 2011 Boundaries)"}},{"type":"Feature","geometry":{"type":"Polygon","coordinates":[[[81.7202,16.3285],[81.7189,16.3273],[81.7162,16.3208],[81.7158,16.3122],[81.7088,16.3028],[81.7064,16.3029],[81.7016,16.305],[81.7001,16.3117],[81.7,16.3187],[81.6971,16.322],[81.6958,16.3225],[81.6927,16.3239],[81.6832,16.3281],[81.6646,16.3344],[81.6608,16.336],[81.6504,16.338],[81.6464,16.3383],[81.6391,16.3384],[81.6311,16.339],[81.6198,16.3396],[81.6177,16.34],[81.6161,16.3402],[81.6102,16.3406],[81.6095,16.3403],[81.5995,16.3413],[81.595,16.3416],[81.5928,16.3418],[81.5816,16.3445],[81.5728,16.348],[81.5707,16.3498],[81.569,16.3512],[81.5672,16.3531],[81.5651,16.356],[81.5727,16.3565],[81.5768,16.3573],[81.5794,16.3585],[81.5805,16.3602],[81.5722,16.3659],[81.5665,16.3679],[81.5644,16.3702],[81.5613,16.375],[81.5568,16.3848],[81.5495,16.3903],[81.5482,16.388],[81.5479,16.387],[81.5472,16.3884],[81.5392,16.3911],[81.529,16.3933],[81.5012,16.384],[81.4919,16.3857],[81.4848,16.3919],[81.4803,16.3998],[81.4782,16.4065],[81.4548,16.4176],[81.4376,16.4133],[81.425,16.4257],[81.4212,16.4312],[81.4185,16.4308],[81.4081,16.4324],[81.4035,16.4369],[81.3996,16.4423],[81.3971,16.451],[81.3868,16.4535],[81.3852,16.4556],[81.3852,16.4586],[81.379,16.4619],[81.372,16.4735],[81.3757,16.4791],[81.3687,16.4879],[81.3691,16.4996],[81.3719,16.5039],[81.3714,16.5091],[81.3683,16.5097],[81.3646,16.5117],[81.3615,16.5178],[81.353,16.515],[81.34,16.5137],[81.3338,16.5163],[81.3308,16.5195],[81.3313,16.5234],[81.3395,16.5249],[81.3382,16.5297],[81.3451,16.5407],[81.3499,16.5514],[81.3549,16.5669],[81.3452,16.571],[81.3454,16.5786],[81.3478,16.5939],[81.3526,16.6054],[81.3491,16.6091],[81.3421,16.6081],[81.3339,16.6133],[81.3266,16.6206],[81.3249,16.624],[81.328,16.6432],[81.3323,16.6577],[81.3339,16.678],[81.3315,16.6835],[81.3303,16.6828],[81.3224,16.6884],[81.3156,16.6913],[81.3111,16.6919],[81.3083,16.6915],[81.305,16.689],[81.2931,16.6767],[81.2854,16.6669],[81.2787,16.6517],[81.2753,16.6311],[81.2691,16.6099],[81.2658,16.6057],[81.2479,16.5975],[81.2387,16.592],[81.2367,16.5878],[81.2371,16.5811],[81.2365,16.5779],[81.2321,16.5762],[81.227,16.5761],[81.2216,16.5781],[81.2109,16.5885],[81.2042,16.6008],[81.1861,16.6235],[81.1806,16.6233],[81.1725,16.6211],[81.1636,16.6207],[81.1564,16.6101],[81.1503,16.5975],[81.1347,16.6062],[81.1271,16.6035],[81.1151,16.5976],[81.1119,16.5978],[81.0925,16.6119],[81.0867,16.6097],[81.0831,16.6056],[81.0815,16.6016],[81.0821,16.599],[81.0901,16.5931],[81.0913,16.5911],[81.0869,16.5869],[81.0806,16.5837],[81.0666,16.5789],[81.0602,16.5761],[81.0445,16.5734],[81.0346,16.5662],[81.021,16.5592],[81.0108,16.5613],[81.0057,16.5862],[81.0042,16.5976],[81,16.6044],[80.9806,16.6223],[80.9719,16.6328],[80.9708,16.64],[80.9683,16.6466],[80.9643,16.653],[80.955,16.6604],[80.9551,16.6643],[80.9568,16.671],[80.9628,16.6707],[80.9704,16.6689],[80.9766,16.6625],[80.9821,16.6544],[80.9932,16.6424],[81,16.64],[81.0107,16.6441],[81.0163,16.6505],[81.0189,16.6578],[81.0193,16.6644],[81.0157,16.67],[81.0097,16.6743],[81,16.675],[80.9924,16.6811],[80.9833,16.7168],[81.0001,16.7219],[81.0126,16.7428],[81.0139,16.7637],[81.0225,16.7768],[81.039,16.7977],[81.0362,16.8162],[81.0214,16.8295],[81.0087,16.8402],[81.0027,16.8563],[81,16.8695],[80.9893,16.8737],[80.9746,16.8949],[80.964,16.9065],[80.9593,16.9238],[80.9511,16.9347],[80.9449,16.9405],[80.94,16.9466],[80.9365,16.9564],[80.9356,16.9635],[80.9425,16.991],[80.9466,16.9985],[80.9476,17.0001],[80.962,17.0187],[80.9644,17.0409],[80.9603,17.0481],[80.943,17.0644],[80.9378,17.0651],[80.9236,17.0635],[80.9175,17.0636],[80.9073,17.066],[80.8994,17.0628],[80.8806,17.0669],[80.8742,17.0648],[80.8677,17.0592],[80.8653,17.0768],[80.8714,17.0898],[80.8712,17.0939],[80.873,17.1041],[80.8639,17.1196],[80.8723,17.1262],[80.8756,17.1328],[80.8791,17.1545],[80.8856,17.1534],[80.8977,17.1493],[80.905,17.149],[80.9128,17.1494],[80.9182,17.1507],[80.9221,17.1542],[80.921,17.1617],[80.9228,17.169],[80.9237,17.1781],[80.9218,17.182],[80.9173,17.1862],[80.9158,17.192],[80.9164,17.201],[80.9141,17.2094],[80.9226,17.2134],[80.9294,17.214],[80.9394,17.2132],[80.9478,17.2086],[80.9565,17.2015],[80.9648,17.1965],[80.9751,17.1928],[80.994,17.1877],[81.0001,17.188],[81.0066,17.1903],[81.0142,17.1928],[81.035,17.195],[81.0403,17.2007],[81.0437,17.2056],[81.0488,17.2083],[81.0527,17.2129],[81.0554,17.2222],[81.0627,17.2185],[81.071,17.2125],[81.0933,17.222],[81.127,17.233],[81.1544,17.2401],[81.1717,17.2411],[81.1769,17.2508],[81.1894,17.2631],[81.1835,17.2688],[81.18,17.2751],[81.1794,17.3048],[81.1808,17.3138],[81.187,17.3228],[81.1904,17.3305],[81.1991,17.3357],[81.2276,17.3301],[81.2431,17.3312],[81.2664,17.3311],[81.2711,17.3304],[81.276,17.3285],[81.2906,17.3382],[81.298,17.346],[81.3077,17.3606],[81.3104,17.3682],[81.3204,17.3832],[81.3313,17.3976],[81.3335,17.3991],[81.3392,17.4005],[81.3462,17.3984],[81.3518,17.3939],[81.3521,17.3842],[81.3587,17.377],[81.3728,17.3688],[81.3807,17.3657],[81.3941,17.3637],[81.4153,17.37],[81.4245,17.3702],[81.4272,17.375],[81.429,17.3808],[81.4425,17.3835],[81.4504,17.3903],[81.4549,17.3993],[81.4604,17.4069],[81.4661,17.414],[81.4811,17.4281],[81.4908,17.4408],[81.5023,17.4574],[81.5042,17.4623],[81.5047,17.4689],[81.5026,17.4745],[81.5024,17.4855],[81.507,17.4985],[81.5083,17.4955],[81.5151,17.4808],[81.5201,17.4724],[81.5253,17.467],[81.5329,17.4626],[81.5401,17.4603],[81.5589,17.4562],[81.5668,17.4522],[81.572,17.4466],[81.5815,17.4329],[81.5864,17.4296],[81.6021,17.4299],[81.6077,17.4293],[81.6111,17.4274],[81.613,17.4254],[81.6127,17.4211],[81.6075,17.4084],[81.6067,17.4015],[81.6087,17.3869],[81.6125,17.3728],[81.6176,17.3586],[81.6251,17.3493],[81.6502,17.3341],[81.6544,17.3304],[81.6589,17.3217],[81.6581,17.3126],[81.6549,17.3022],[81.6531,17.2684],[81.6476,17.2531],[81.6491,17.227],[81.652,17.216],[81.6596,17.1983],[81.6652,17.188],[81.6681,17.1714],[81.6729,17.1451],[81.6812,17.1286],[81.692,17.1129],[81.7264,17.0703],[81.7321,17.0576],[81.7363,17.0451],[81.7386,17.0346],[81.7409,17.0191],[81.7417,17.0005],[81.7331,16.9713],[81.7286,16.9373],[81.7311,16.9167],[81.7374,16.8974],[81.7454,16.8824],[81.7515,16.8744],[81.754,16.8662],[81.752,16.8584],[81.7511,16.8453],[81.7487,16.8298],[81.7487,16.8133],[81.7614,16.7828],[81.7728,16.7715],[81.7859,16.7654],[81.791,16.7582],[81.7919,16.7528],[81.7888,16.7325],[81.7993,16.7059],[81.8143,16.6882],[81.8286,16.6727],[81.8459,16.6568],[81.8612,16.6337],[81.8676,16.616],[81.8676,16.5937],[81.8637,16.5482],[81.8602,16.5334],[81.8532,16.5247],[81.8434,16.5195],[81.8359,16.5131],[81.8191,16.5038],[81.8044,16.4924],[81.793,16.4795],[81.7726,16.4495],[81.764,16.4406],[81.7577,16.4367],[81.7518,16.4363],[81.7442,16.4405],[81.7315,16.4585],[81.7237,16.4622],[81.7168,16.4626],[81.7125,16.459],[81.7068,16.4424],[81.7062,16.4388],[81.7091,16.4211],[81.7186,16.3949],[81.7233,16.3674],[81.7202,16.3285]]]},"properties":{"district_name":"West Godavari","raw_district_name":"West Godavari","state_code":"AP","state_name":"Andhra Pradesh","census_code":546,"data_source":"DataMeet India Maps (Census 2011 Boundaries)"}}]}