{"type":"FeatureCollection","properties":{"state_code":"AR","state_name":"Arunachal Pradesh","data_source":"DataMeet India Maps"},"features":[{"type":"Feature","geometry":{"type":"Polygon","coordinates":[[[96.9003,27.6154],[96.8894,27.6212],[96.8868,27.6236],[96.865,27.6305],[96.8595,27.6291],[96.8525,27.6236],[96.8336,27.6284],[96.8296,27.6323],[96.8223,27.6318],[96.8165,27.6327],[96.811,27.6311],[96.806,27.6321],[96.795,27.6395],[96.7863,27.6421],[96.783,27.6402],[96.7776,27.6307],[96.7769,27.6231],[96.772,27.6157],[96.7685,27.6166],[96.7601,27.6209],[96.7503,27.6322],[96.7362,27.6412],[96.7306,27.6469],[96.714,27.6481],[96.7092,27.6503],[96.7036,27.6601],[96.6961,27.6651],[96.6837,27.6685],[96.6524,27.6734],[96.6329,27.6842],[96.6226,27.6983],[96.6199,27.7089],[96.6243,27.7198],[96.6383,27.7292],[96.6435,27.7375],[96.6347,27.7498],[96.617,27.7656],[96.6163,27.7735],[96.6241,27.784],[96.6383,27.8032],[96.6381,27.8146],[96.6339,27.827],[96.6228,27.8354],[96.6239,27.8477],[96.6176,27.8572],[96.612,27.8593],[96.6029,27.8561],[96.5896,27.8529],[96.5764,27.8625],[96.5544,27.8855],[96.5324,27.9003],[96.5139,27.9053],[96.4852,27.9088],[96.4346,27.9136],[96.4201,27.9228],[96.4118,27.9351],[96.4001,27.957],[96.3954,27.9746],[96.3746,27.9974],[96.3376,28.0224],[96.2914,28.0614],[96.2769,28.0799],[96.2766,28.0908],[96.2831,28.0958],[96.3059,28.1054],[96.3198,28.1179],[96.3309,28.1307],[96.3309,28.14],[96.3295,28.1474],[96.3351,28.1582],[96.3392,28.1718],[96.3391,28.1847],[96.3272,28.2009],[96.3149,28.2182],[96.3015,28.2362],[96.2991,28.2488],[96.2986,28.2675],[96.3054,28.2833],[96.3149,28.2984],[96.338,28.3275],[96.3407,28.3391],[96.3322,28.354],[96.3149,28.3651],[96.3077,28.3736],[96.3116,28.3765],[96.3174,28.383],[96.3219,28.3808],[96.3326,28.3824],[96.3639,28.3883],[96.373,28.3888],[96.3769,28.3817],[96.382,28.3585],[96.3941,28.357],[96.4013,28.3388],[96.4146,28.341],[96.4247,28.3453],[96.4289,28.3577],[96.4306,28.3668],[96.4319,28.3754],[96.4325,28.3804],[96.434,28.3861],[96.4411,28.3954],[96.449,28.4016],[96.4558,28.4101],[96.4603,28.4136],[96.4717,28.4172],[96.482,28.419],[96.4987,28.4179],[96.5082,28.4144],[96.5122,28.4126],[96.5221,28.4176],[96.5358,28.4289],[96.5531,28.4365],[96.5615,28.4473],[96.5816,28.4573],[96.6006,28.4604],[96.6234,28.4586],[96.6411,28.4583],[96.662,28.4604],[96.6665,28.4598],[96.6773,28.4508],[96.6833,28.4452],[96.6892,28.4422],[96.708,28.4314],[96.7187,28.4268],[96.7358,28.4246],[96.7417,28.421],[96.7528,28.4154],[96.7592,28.4091],[96.7648,28.3979],[96.769,28.3833],[96.7723,28.3743],[96.776,28.3676],[96.7842,28.3639],[96.7987,28.364],[96.8131,28.3615],[96.828,28.3606],[96.8537,28.3617],[96.864,28.3717],[96.8711,28.3742],[96.8815,28.3761],[96.8955,28.3794],[96.9001,28.3792],[96.9057,28.3732],[96.9117,28.3646],[96.9214,28.3565],[96.9212,28.3524],[96.9223,28.3453],[96.9273,28.3381],[96.9436,28.3351],[96.9541,28.333],[96.9632,28.325],[96.9753,28.3166],[96.981,28.3152],[96.9882,28.3151],[96.9977,28.3091],[97.0055,28.3112],[97.0239,28.3191],[97.0284,28.3229],[97.0376,28.3315],[97.0426,28.342],[97.0466,28.3469],[97.0531,28.3509],[97.0624,28.3511],[97.0674,28.3523],[97.0806,28.3579],[97.0938,28.3624],[97.0995,28.3602],[97.1054,28.3557],[97.114,28.3516],[97.1222,28.3506],[97.1271,28.3489],[97.131,28.344],[97.1401,28.3369],[97.1531,28.3265],[97.1599,28.3194],[97.1664,28.3054],[97.1704,28.2946],[97.1749,28.2914],[97.179,28.2896],[97.184,28.2886],[97.1936,28.2867],[97.2037,28.2879],[97.215,28.2913],[97.2252,28.2921],[97.229,28.2866],[97.2351,28.2729],[97.2421,28.2672],[97.2553,28.2685],[97.269,28.2703],[97.2829,28.2682],[97.2934,28.2626],[97.3071,28.2559],[97.3084,28.25],[97.3138,28.2437],[97.3228,28.2437],[97.3282,28.2426],[97.3345,28.2395],[97.3424,28.2339],[97.352,28.226],[97.3656,28.2232],[97.3753,28.2172],[97.3819,28.211],[97.3903,28.2038],[97.4011,28.1919],[97.401,28.1849],[97.3928,28.1826],[97.3877,28.186],[97.3828,28.188],[97.3726,28.1919],[97.3641,28.188],[97.3598,28.1799],[97.3524,28.173],[97.3418,28.1638],[97.3313,28.1545],[97.3276,28.1458],[97.3252,28.1397],[97.3272,28.1331],[97.3322,28.1271],[97.3354,28.1227],[97.3405,28.1159],[97.3394,28.1109],[97.3276,28.1008],[97.3174,28.0919],[97.3106,28.0846],[97.3085,28.0771],[97.3081,28.0684],[97.3121,28.0612],[97.3192,28.0583],[97.332,28.0566],[97.3456,28.0578],[97.357,28.0587],[97.3663,28.0592],[97.3738,28.0613],[97.3742,28.0537],[97.3682,28.0435],[97.3773,28.0301],[97.3824,28.0312],[97.39,28.0283],[97.3987,28.025],[97.4058,28.0209],[97.4117,28.0181],[97.4153,28.0149],[97.4141,28.0101],[97.4117,28.006],[97.4023,28.0039],[97.3913,28.0028],[97.389,27.9971],[97.3829,27.9833],[97.3781,27.977],[97.3783,27.9693],[97.3786,27.954],[97.3756,27.9351],[97.3826,27.9268],[97.3876,27.9214],[97.3876,27.9172],[97.381,27.9117],[97.3785,27.9086],[97.3797,27.9032],[97.3874,27.8942],[97.3889,27.8869],[97.3784,27.8837],[97.3712,27.8775],[97.3647,27.8757],[97.3434,27.8847],[97.3355,27.8839],[97.3211,27.8802],[97.3228,27.8942],[97.3239,27.9026],[97.3222,27.907],[97.3147,27.916],[97.3087,27.9208],[97.3018,27.918],[97.2881,27.9127],[97.2808,27.9105],[97.2565,27.9005],[97.2472,27.8949],[97.2413,27.8864],[97.2368,27.8809],[97.2265,27.8731],[97.2205,27.8684],[97.2124,27.863],[97.2025,27.8554],[97.1956,27.8474],[97.1895,27.8414],[97.1869,27.8369],[97.1818,27.8327],[97.1744,27.8294],[97.1678,27.8273],[97.1688,27.8204],[97.1603,27.8136],[97.1522,27.8102],[97.1442,27.808],[97.1373,27.8061],[97.1339,27.7975],[97.1278,27.7921],[97.1242,27.7895],[97.1148,27.787],[97.1024,27.7845],[97.0983,27.7796],[97.1,27.7738],[97.1047,27.7662],[97.1011,27.7582],[97.0979,27.7483],[97.0963,27.7409],[97.0913,27.7394],[97.0822,27.7429],[97.0674,27.7508],[97.0619,27.7485],[97.0564,27.7431],[97.048,27.7404],[97.0373,27.7433],[97.0285,27.7403],[97.0156,27.7318],[97.0131,27.7265],[97.0102,27.7166],[97.0053,27.7066],[96.999,27.6926],[96.9924,27.6767],[96.9927,27.6668],[96.9907,27.6621],[96.9774,27.663],[96.9585,27.6654],[96.9486,27.6626],[96.9421,27.6586],[96.9383,27.6511],[96.9338,27.6434],[96.9307,27.6377],[96.9253,27.6313],[96.9192,27.6226],[96.9128,27.6186],[96.9003,27.6154]]]},"properties":{"district_name":"Anjaw","raw_district_name":"Anjaw","state_code":"AR","state_name":"Arunachal Pradesh","census_code":260,"data_source":"DataMeet India Maps (Census 2011 Boundaries)"}},{"type":"Feature","geometry":{"type":"Polygon","coordinates":[[[96.9003,27.6154],[96.8973,27.612],[96.8988,27.5916],[96.8989,27.5847],[96.9027,27.581],[96.9098,27.581],[96.9137,27.5795],[96.9137,27.5754],[96.9129,27.5673],[96.9138,27.5583],[96.9154,27.5492],[96.9199,27.5466],[96.9241,27.5422],[96.9282,27.5332],[96.9332,27.5281],[96.9372,27.5209],[96.9359,27.5141],[96.933,27.5065],[96.9303,27.5027],[96.9252,27.4938],[96.9198,27.4887],[96.915,27.4836],[96.9131,27.4786],[96.9107,27.4723],[96.9102,27.4653],[96.9103,27.4588],[96.9113,27.4534],[96.917,27.4496],[96.9253,27.4471],[96.9327,27.4411],[96.9364,27.4302],[96.9407,27.4175],[96.9482,27.4114],[96.9648,27.4058],[96.9682,27.3922],[96.9747,27.3864],[96.9682,27.3766],[96.9709,27.3693],[96.9761,27.367],[96.9811,27.364],[96.9842,27.3529],[96.9886,27.3487],[96.9966,27.3453],[96.9975,27.341],[96.9993,27.3301],[97.0024,27.32],[97.0086,27.3157],[97.0159,27.3101],[97.0393,27.2978],[97.0425,27.2796],[97.0505,27.2764],[97.0556,27.2755],[97.0577,27.2666],[97.0622,27.262],[97.0674,27.2573],[97.0725,27.2516],[97.0806,27.2435],[97.0882,27.2405],[97.0929,27.2375],[97.0948,27.2308],[97.0939,27.211],[97.0992,27.2045],[97.1068,27.2026],[97.1154,27.1987],[97.1189,27.194],[97.1226,27.1893],[97.1243,27.1818],[97.1259,27.1745],[97.1322,27.1703],[97.1389,27.1668],[97.1485,27.1676],[97.1514,27.1576],[97.1546,27.1514],[97.1657,27.1446],[97.1707,27.1335],[97.1702,27.1259],[97.1644,27.1214],[97.1544,27.1155],[97.1508,27.1088],[97.1486,27.1006],[97.1449,27.0919],[97.1384,27.0904],[97.1295,27.0929],[97.1208,27.1012],[97.1132,27.1092],[97.1071,27.1105],[97.0978,27.1079],[97.0878,27.1031],[97.0776,27.0993],[97.0701,27.0985],[97.0612,27.1005],[97.0512,27.1083],[97.0465,27.1132],[97.0441,27.1163],[97.0406,27.1208],[97.0336,27.1266],[97.0289,27.1313],[97.0197,27.135],[97.0118,27.1365],[97.0055,27.1395],[96.9977,27.1436],[96.9913,27.1509],[96.9834,27.1565],[96.9723,27.1608],[96.9625,27.1624],[96.954,27.1635],[96.9435,27.1639],[96.9268,27.1651],[96.9172,27.1655],[96.9016,27.1708],[96.8958,27.1734],[96.8819,27.1806],[96.8745,27.1837],[96.8652,27.1899],[96.863,27.1971],[96.8625,27.2024],[96.8623,27.2095],[96.8652,27.2139],[96.8731,27.2169],[96.8793,27.221],[96.8842,27.2228],[96.889,27.2271],[96.8904,27.2311],[96.8917,27.2379],[96.886,27.245],[96.8869,27.2497],[96.8878,27.2539],[96.8841,27.2583],[96.8741,27.2575],[96.8653,27.2594],[96.8608,27.2629],[96.8547,27.2707],[96.8529,27.2811],[96.8509,27.2909],[96.8489,27.2968],[96.8354,27.3011],[96.8304,27.3052],[96.8241,27.3111],[96.8208,27.3151],[96.8163,27.3202],[96.812,27.3271],[96.8079,27.3356],[96.8051,27.3412],[96.8017,27.3452],[96.7941,27.3473],[96.7847,27.3496],[96.7789,27.353],[96.7723,27.3558],[96.7592,27.3542],[96.7535,27.3537],[96.7471,27.355],[96.7401,27.3554],[96.7278,27.3634],[96.722,27.368],[96.712,27.3718],[96.7082,27.3663],[96.7058,27.3622],[96.6985,27.3566],[96.6932,27.3566],[96.6826,27.3601],[96.6757,27.3621],[96.6696,27.3635],[96.6603,27.3626],[96.6555,27.3601],[96.6456,27.3591],[96.6386,27.3605],[96.6299,27.3631],[96.62,27.3641],[96.6121,27.3607],[96.6084,27.3565],[96.602,27.352],[96.5978,27.3478],[96.5974,27.3428],[96.6003,27.3359],[96.5958,27.3339],[96.5911,27.3322],[96.5854,27.3282],[96.5794,27.325],[96.5749,27.3205],[96.5655,27.318],[96.5613,27.3166],[96.5557,27.312],[96.5499,27.3061],[96.5447,27.3011],[96.5371,27.2957],[96.5302,27.2894],[96.5218,27.2854],[96.5165,27.292],[96.5113,27.2955],[96.5049,27.2991],[96.4995,27.3009],[96.4935,27.2978],[96.4855,27.2968],[96.4787,27.2996],[96.4703,27.3041],[96.4662,27.3026],[96.4612,27.3007],[96.4521,27.3014],[96.4457,27.302],[96.4393,27.302],[96.4331,27.3016],[96.4245,27.2978],[96.4157,27.2916],[96.4082,27.2917],[96.4013,27.2903],[96.3911,27.2863],[96.3824,27.2893],[96.3733,27.2908],[96.3637,27.292],[96.3611,27.2859],[96.3548,27.2817],[96.3473,27.2803],[96.3408,27.2835],[96.3354,27.2879],[96.3201,27.29],[96.3105,27.294],[96.303,27.2912],[96.2901,27.2861],[96.2818,27.2781],[96.2783,27.2714],[96.2671,27.2699],[96.2539,27.2731],[96.2411,27.2764],[96.2341,27.277],[96.2268,27.2728],[96.2178,27.2617],[96.2056,27.2583],[96.1961,27.2574],[96.1818,27.2465],[96.1634,27.2468],[96.1502,27.2418],[96.1143,27.2257],[96.0988,27.2238],[96.0919,27.2191],[96.0861,27.2095],[96.0687,27.2056],[96.057,27.1952],[96.0362,27.1885],[96.0295,27.1803],[96.0227,27.1588],[96.0166,27.1472],[96.004,27.1329],[95.9893,27.1177],[95.9788,27.1032],[95.9716,27.0912],[95.9627,27.0744],[95.9567,27.0607],[95.9456,27.0522],[95.9358,27.0454],[95.9228,27.0414],[95.9154,27.0378],[95.9088,27.0328],[95.9003,27.0243],[95.8888,27.0204],[95.8767,27.013],[95.8671,27.0149],[95.8574,27.015],[95.8376,27.0079],[95.8276,27.0107],[95.815,27.0149],[95.8076,27.0132],[95.8045,27.0047],[95.7793,26.9827],[95.7726,26.9753],[95.7713,26.9714],[95.7667,26.9656],[95.7605,26.9567],[95.7633,26.9377],[95.7601,26.9347],[95.7563,26.9329],[95.7521,26.9229],[95.7541,26.9177],[95.7568,26.9131],[95.7577,26.9076],[95.7545,26.9005],[95.7446,26.8935],[95.7355,26.8854],[95.7303,26.8802],[95.7206,26.8763],[95.7111,26.8771],[95.703,26.8799],[95.6981,26.888],[95.6918,26.8927],[95.6809,26.8978],[95.6908,26.9032],[95.6976,26.9172],[95.6965,26.9342],[95.6969,26.9438],[95.6854,26.9614],[95.686,26.9715],[95.6845,26.9845],[95.6631,26.9848],[95.6464,26.9901],[95.6346,27.0106],[95.6324,27.0264],[95.6534,27.0628],[95.6525,27.0803],[95.6475,27.0899],[95.6426,27.0996],[95.6481,27.1109],[95.6591,27.1188],[95.6672,27.1246],[95.6704,27.1335],[95.6744,27.1496],[95.6757,27.1678],[95.6719,27.1782],[95.6605,27.1858],[95.6441,27.1926],[95.6453,27.2012],[95.6444,27.2083],[95.639,27.2218],[95.6373,27.2305],[95.6795,27.2474],[95.6796,27.2496],[95.6847,27.2509],[95.6957,27.2516],[95.7021,27.2491],[95.7157,27.2525],[95.7213,27.251],[95.7257,27.2526],[95.7321,27.2599],[95.7366,27.2601],[95.7401,27.2633],[95.7572,27.2677],[95.7849,27.2724],[95.791,27.2787],[95.8009,27.282],[95.8065,27.285],[95.8067,27.2812],[95.8087,27.2787],[95.8104,27.2741],[95.8381,27.2802],[95.8504,27.2863],[95.8606,27.2873],[95.862,27.2831],[95.8608,27.2765],[95.861,27.2729],[95.8655,27.2698],[95.8724,27.26],[95.8777,27.2604],[95.8825,27.26],[95.8877,27.2563],[95.894,27.256],[95.8981,27.2573],[95.9012,27.2694],[95.9044,27.2729],[95.9046,27.2792],[95.9025,27.2808],[95.9065,27.2849],[95.9124,27.2861],[95.9188,27.2922],[95.9407,27.3025],[95.9633,27.31],[95.9657,27.3146],[95.9627,27.3173],[95.9679,27.3175],[95.9691,27.3213],[95.9688,27.3248],[95.9781,27.3256],[95.9843,27.3272],[95.9724,27.3276],[95.9701,27.3299],[95.9743,27.3323],[95.9775,27.3352],[95.9938,27.3444],[95.995,27.3532],[95.9971,27.3564],[96.0022,27.3571],[96.0033,27.3574],[96.0133,27.3569],[96.0185,27.3608],[96.021,27.3641],[96.0151,27.3684],[96.0107,27.3742],[96.0085,27.3802],[96.0022,27.3865],[96.0003,27.3906],[96.0012,27.3965],[95.9948,27.4054],[95.9912,27.4076],[95.9915,27.4125],[95.9897,27.4148],[95.9798,27.415],[95.9783,27.4184],[95.9812,27.4192],[95.9805,27.4233],[95.9781,27.4254],[95.9781,27.4286],[95.9736,27.4299],[95.9721,27.4235],[95.9683,27.4172],[95.9677,27.4245],[95.9673,27.4298],[95.9639,27.4286],[95.9613,27.4219],[95.9576,27.4261],[95.9533,27.4265],[95.9508,27.4304],[95.9539,27.434],[95.9534,27.4367],[95.9502,27.4382],[95.9434,27.4396],[95.9336,27.44],[95.9172,27.4365],[95.9116,27.4333],[95.9083,27.4259],[95.9065,27.4165],[95.9004,27.4046],[95.8934,27.3993],[95.8922,27.4031],[95.8946,27.4077],[95.8947,27.4116],[95.8904,27.4197],[95.8898,27.425],[95.8908,27.433],[95.8891,27.4374],[95.883,27.4375],[95.8762,27.4287],[95.8653,27.4224],[95.8636,27.4182],[95.8646,27.4147],[95.8671,27.4126],[95.8677,27.4105],[95.8584,27.4141],[95.858,27.4182],[95.8562,27.4211],[95.8498,27.4237],[95.8499,27.4283],[95.8534,27.4382],[95.8556,27.4408],[95.86,27.4425],[95.8642,27.4455],[95.8599,27.4561],[95.8616,27.4598],[95.8665,27.4625],[95.8767,27.4646],[95.8789,27.4691],[95.8818,27.4809],[95.8797,27.4862],[95.8796,27.4927],[95.881,27.4946],[95.8866,27.4971],[95.8902,27.4997],[95.8876,27.5048],[95.8824,27.5086],[95.879,27.5134],[95.8814,27.516],[95.8805,27.5234],[95.8821,27.5394],[95.882,27.5468],[96.0022,27.5592],[96.0054,27.5563],[96.0193,27.5666],[96.0267,27.5708],[96.036,27.5795],[96.0446,27.5862],[96.0511,27.5879],[96.057,27.5925],[96.0599,27.5998],[96.0651,27.606],[96.0767,27.6074],[96.0931,27.6109],[96.1065,27.6151],[96.112,27.6151],[96.1293,27.6192],[96.1313,27.616],[96.1367,27.6147],[96.1384,27.6114],[96.134,27.6089],[96.1363,27.606],[96.1437,27.6067],[96.1644,27.6007],[96.1706,27.5966],[96.1735,27.5975],[96.1751,27.5943],[96.1853,27.5897],[96.1924,27.5891],[96.196,27.5879],[96.2004,27.5827],[96.2034,27.5836],[96.207,27.5802],[96.2116,27.5793],[96.2133,27.5769],[96.2194,27.5768],[96.2239,27.5731],[96.2284,27.5678],[96.2348,27.5661],[96.2409,27.5668],[96.2462,27.5632],[96.2564,27.5638],[96.263,27.5626],[96.2678,27.5629],[96.272,27.5574],[96.2796,27.5586],[96.2864,27.5557],[96.2925,27.555],[96.2993,27.5579],[96.3111,27.5655],[96.3173,27.5714],[96.3313,27.5788],[96.3347,27.5838],[96.3368,27.5885],[96.3377,27.5939],[96.3399,27.598],[96.3474,27.6019],[96.3519,27.6057],[96.3554,27.6241],[96.372,27.642],[96.3763,27.6446],[96.3817,27.6402],[96.3873,27.6384],[96.3918,27.6423],[96.3974,27.645],[96.3977,27.6483],[96.4148,27.649],[96.4165,27.6508],[96.4231,27.6506],[96.4263,27.648],[96.4343,27.6489],[96.4363,27.6516],[96.4394,27.6506],[96.4433,27.652],[96.4477,27.6517],[96.4506,27.6446],[96.4548,27.6433],[96.456,27.6407],[96.4623,27.6412],[96.4677,27.6426],[96.4726,27.642],[96.4771,27.6453],[96.4839,27.6456],[96.4911,27.6446],[96.4946,27.6429],[96.5065,27.6414],[96.5122,27.6427],[96.5148,27.6418],[96.5227,27.6362],[96.5302,27.6437],[96.5343,27.6463],[96.5465,27.6469],[96.5532,27.6464],[96.562,27.6502],[96.57,27.6564],[96.5857,27.6557],[96.5919,27.6528],[96.5999,27.6536],[96.6072,27.6463],[96.6124,27.6462],[96.6118,27.6427],[96.6175,27.6377],[96.6289,27.6312],[96.6372,27.6306],[96.6444,27.6275],[96.6618,27.6333],[96.6699,27.6417],[96.6728,27.6469],[96.6801,27.6493],[96.6859,27.6543],[96.6915,27.6547],[96.6983,27.6571],[96.7036,27.6601],[96.7092,27.6503],[96.714,27.6481],[96.7306,27.6469],[96.7362,27.6412],[96.7503,27.6322],[96.7601,27.6209],[96.7685,27.6166],[96.772,27.6157],[96.7769,27.6231],[96.7776,27.6307],[96.783,27.6402],[96.7863,27.6421],[96.795,27.6395],[96.806,27.6321],[96.811,27.6311],[96.8165,27.6327],[96.8223,27.6318],[96.8296,27.6323],[96.8336,27.6284],[96.8525,27.6236],[96.8595,27.6291],[96.865,27.6305],[96.8868,27.6236],[96.8894,27.6212],[96.9003,27.6154]]]},"properties":{"district_name":"Changlang","raw_district_name":"Changlang","state_code":"AR","state_name":"Arunachal Pradesh","census_code":253,"data_source":"DataMeet India Maps (Census 2011 Boundaries)"}},{"type":"Feature","geometry":{"type":"Polygon","coordinates":[[[96.435,28.5884],[96.3036,28.6619],[96.3108,28.7401],[96.326,28.7848],[96.2545,28.7812],[96.1861,28.8018],[96.1156,28.7817],[96.0086,28.6946],[95.9906,28.6991],[95.8546,28.7209],[95.8733,28.6265],[95.8408,28.6134],[95.7771,28.5735],[95.8032,28.56],[95.8447,28.5477],[95.8812,28.5196],[95.8281,28.4744],[95.8276,28.4752],[95.813,28.4906],[95.7963,28.5028],[95.7845,28.5089],[95.7653,28.5136],[95.7497,28.5277],[95.7323,28.5343],[95.7193,28.5314],[95.6996,28.5264],[95.6697,28.5335],[95.6421,28.5467],[95.6071,28.5585],[95.576,28.563],[95.5557,28.5713],[95.5348,28.5873],[95.5201,28.5964],[95.4928,28.5935],[95.4776,28.5984],[95.4573,28.6137],[95.4425,28.641],[95.4349,28.6431],[95.4227,28.6345],[95.4125,28.6159],[95.4026,28.5938],[95.3937,28.5926],[95.3793,28.6048],[95.3787,28.614],[95.3688,28.6257],[95.3708,28.6437],[95.3679,28.6513],[95.363,28.6592],[95.363,28.6699],[95.363,28.67],[95.363,28.67],[95.361,28.681],[95.3618,28.6866],[95.3603,28.6954],[95.3582,28.7014],[95.3543,28.7041],[95.3591,28.707],[95.3706,28.714],[95.3782,28.7269],[95.3836,28.7288],[95.3899,28.7361],[95.3927,28.741],[95.3831,28.7531],[95.3775,28.7643],[95.3771,28.7689],[95.3807,28.7774],[95.3661,28.7867],[95.364,28.7925],[95.3644,28.798],[95.3621,28.799],[95.3615,28.8041],[95.357,28.8179],[95.3588,28.8229],[95.3509,28.8258],[95.3498,28.8259],[95.3469,28.8285],[95.3445,28.833],[95.3338,28.8336],[95.3314,28.8357],[95.3305,28.8411],[95.3276,28.843],[95.3265,28.8504],[95.3313,28.8535],[95.3253,28.862],[95.3266,28.874],[95.3196,28.8858],[95.3289,28.8916],[95.3265,28.9025],[95.3217,28.9095],[95.3315,28.9187],[95.3303,28.9234],[95.3276,28.9295],[95.316,28.9339],[95.3125,28.9418],[95.311,28.9425],[95.3095,28.9457],[95.3112,28.9502],[95.3032,28.9564],[95.2992,28.9526],[95.2925,28.9492],[95.2868,28.9463],[95.2786,28.9452],[95.2763,28.9449],[95.2726,28.9449],[95.2675,28.9462],[95.2594,28.9509],[95.2591,28.9555],[95.2633,28.9619],[95.2603,28.9673],[95.2589,28.9697],[95.2595,28.9784],[95.2485,28.9872],[95.2471,29.0005],[95.2554,29.003],[95.2593,29.0067],[95.2689,29.0246],[95.2744,29.026],[95.2795,29.0286],[95.2791,29.0437],[95.2755,29.0449],[95.2723,29.0477],[95.2771,29.0567],[95.2826,29.0577],[95.291,29.0603],[95.3022,29.0613],[95.3075,29.061],[95.3134,29.0574],[95.323,29.0531],[95.3358,29.0495],[95.3502,29.0441],[95.3785,29.0392],[95.3892,29.036],[95.4045,29.0333],[95.4147,29.032],[95.4211,29.036],[95.4261,29.0391],[95.4339,29.0391],[95.4433,29.035],[95.452,29.0338],[95.4589,29.0348],[95.4638,29.0409],[95.4694,29.0525],[95.4748,29.0588],[95.4786,29.0638],[95.4876,29.069],[95.4905,29.0741],[95.4937,29.0876],[95.4966,29.1071],[95.4966,29.1217],[95.5011,29.1383],[95.5083,29.141],[95.5186,29.1369],[95.5325,29.1327],[95.543,29.1285],[95.5515,29.1266],[95.5513,29.1437],[95.5518,29.1493],[95.5516,29.1567],[95.5511,29.1661],[95.5502,29.1786],[95.5464,29.1951],[95.5421,29.2064],[95.5426,29.2121],[95.5499,29.2137],[95.5653,29.2147],[95.5846,29.2155],[95.5907,29.2161],[95.5905,29.2263],[95.5926,29.2405],[95.598,29.2524],[95.6037,29.26],[95.6101,29.2606],[95.6256,29.2531],[95.6362,29.2472],[95.643,29.2479],[95.6478,29.2541],[95.6572,29.2586],[95.6652,29.2633],[95.6782,29.2692],[95.6881,29.2754],[95.6972,29.2846],[95.7023,29.2927],[95.7069,29.2986],[95.7113,29.2988],[95.7202,29.2964],[95.732,29.3006],[95.7485,29.3144],[95.7505,29.3273],[95.7702,29.3428],[95.7781,29.35],[95.7827,29.3546],[95.7882,29.3546],[95.792,29.3455],[95.7961,29.336],[95.8015,29.3344],[95.8076,29.3375],[95.8243,29.3502],[95.8318,29.3538],[95.8453,29.3518],[95.8533,29.3567],[95.864,29.3656],[95.8803,29.3837],[95.8859,29.3896],[95.8944,29.3895],[95.9147,29.3862],[95.9404,29.3823],[95.9621,29.3807],[95.9709,29.3854],[95.983,29.3985],[95.9922,29.4049],[95.9983,29.4085],[96.0075,29.4101],[96.0196,29.4194],[96.0306,29.4315],[96.0398,29.441],[96.0492,29.4485],[96.0607,29.4565],[96.0746,29.4603],[96.0857,29.4614],[96.0923,29.4596],[96.0979,29.4544],[96.1062,29.4433],[96.1182,29.4254],[96.1289,29.4155],[96.1441,29.4056],[96.1549,29.397],[96.1626,29.3808],[96.1686,29.3743],[96.18,29.3621],[96.185,29.3531],[96.1905,29.342],[96.1898,29.3366],[96.1877,29.3067],[96.193,29.302],[96.2078,29.291],[96.2145,29.2721],[96.2306,29.257],[96.2385,29.2406],[96.2479,29.2322],[96.2552,29.2303],[96.27,29.2336],[96.2871,29.2324],[96.2973,29.2328],[96.3169,29.2562],[96.3245,29.2587],[96.3497,29.2644],[96.3551,29.2689],[96.3627,29.2786],[96.3675,29.2827],[96.3734,29.2833],[96.3793,29.2808],[96.3864,29.2734],[96.3918,29.2608],[96.3971,29.2534],[96.396,29.2431],[96.3919,29.2306],[96.3844,29.2234],[96.3755,29.2149],[96.3705,29.2043],[96.3671,29.1952],[96.3626,29.1784],[96.3504,29.1678],[96.3366,29.1663],[96.3117,29.1652],[96.2947,29.159],[96.2766,29.1575],[96.2708,29.1579],[96.2643,29.157],[96.2596,29.151],[96.253,29.147],[96.2422,29.1452],[96.2319,29.1433],[96.2216,29.135],[96.2192,29.1301],[96.2127,29.1176],[96.2091,29.1113],[96.2043,29.1027],[96.1896,29.0914],[96.1735,29.0844],[96.1595,29.0825],[96.1282,29.0775],[96.1185,29.0745],[96.1407,29.0613],[96.1543,29.0499],[96.1647,29.0332],[96.169,29.0167],[96.1726,29.0095],[96.1794,29],[96.184,28.9959],[96.1886,28.9846],[96.1882,28.9743],[96.1841,28.965],[96.1658,28.9561],[96.1588,28.9521],[96.1577,28.943],[96.154,28.9396],[96.1489,28.9339],[96.1589,28.9247],[96.1665,28.9184],[96.1691,28.9104],[96.17,28.9022],[96.1782,28.9006],[96.1895,28.9083],[96.2082,28.9154],[96.219,28.9196],[96.2317,28.9256],[96.2518,28.9391],[96.2592,28.9555],[96.2642,28.9614],[96.2718,28.9676],[96.2855,28.98],[96.2902,28.9883],[96.2973,28.9951],[96.3047,28.9986],[96.3128,29.0019],[96.3252,29.0091],[96.3409,29.0208],[96.3504,29.0286],[96.3611,29.0306],[96.3724,29.0313],[96.3926,29.0304],[96.408,29.0316],[96.4245,29.0332],[96.4394,29.0338],[96.4534,29.0385],[96.4625,29.042],[96.4702,29.0502],[96.4808,29.0563],[96.4953,29.062],[96.504,29.0671],[96.5118,29.0699],[96.5223,29.0746],[96.5288,29.0754],[96.5153,29.0487],[96.509,29.0379],[96.5023,29.0274],[96.4963,29.0164],[96.4921,29.0065],[96.4877,29.0013],[96.4808,28.99],[96.485,28.9771],[96.4877,28.9687],[96.4909,28.9612],[96.4966,28.9582],[96.5041,28.9595],[96.5167,28.9662],[96.5222,28.9668],[96.5245,28.961],[96.5259,28.9513],[96.527,28.9438],[96.5336,28.9327],[96.5387,28.9257],[96.5419,28.9166],[96.54,28.9053],[96.5392,28.8927],[96.5406,28.8797],[96.5499,28.87],[96.5562,28.8585],[96.5628,28.8513],[96.5658,28.8434],[96.57,28.8373],[96.5788,28.8258],[96.5872,28.8168],[96.598,28.8104],[96.6067,28.7996],[96.6112,28.7932],[96.614,28.7852],[96.6188,28.7736],[96.6182,28.7599],[96.6163,28.7548],[96.6121,28.7484],[96.6008,28.733],[96.5886,28.7166],[96.575,28.7097],[96.5626,28.7069],[96.5349,28.7065],[96.525,28.704],[96.5107,28.6962],[96.501,28.6876],[96.4932,28.6836],[96.487,28.6834],[96.4754,28.6833],[96.4732,28.6796],[96.4776,28.6746],[96.481,28.6679],[96.4865,28.6603],[96.4894,28.6538],[96.4937,28.6457],[96.4977,28.6387],[96.4966,28.6331],[96.4868,28.6265],[96.4754,28.6174],[96.4607,28.6088],[96.4469,28.6009],[96.4418,28.5957],[96.4375,28.5919],[96.435,28.5884]]]},"properties":{"district_name":"Dibang Valley","raw_district_name":"Dibang Valley","state_code":"AR","state_name":"Arunachal Pradesh","census_code":257,"data_source":"DataMeet India Maps (Census 2011 Boundaries)"}},{"type":"Feature","geometry":{"type":"MultiPolygon","coordinates":[[[[92.7828,27.953],[92.7911,27.9501],[92.825,27.9586],[92.8323,27.9568],[92.8421,27.9574],[92.8506,27.9561],[92.8629,27.956],[92.8624,27.9485],[92.8723,27.9437],[92.8812,27.94],[92.9339,27.9193],[92.9351,27.9123],[92.933,27.9073],[92.9357,27.8917],[92.9343,27.8814],[92.9347,27.8746],[92.9411,27.8703],[92.9416,27.8597],[92.9466,27.8567],[92.9481,27.8447],[92.9569,27.8433],[92.9634,27.8421],[92.97,27.8257],[92.9751,27.8239],[92.9825,27.8227],[93,27.8235],[93.0075,27.8249],[93.0122,27.8196],[93.0189,27.8191],[93.0268,27.8223],[93.0389,27.8229],[93.0553,27.8259],[93.065,27.8284],[93.0726,27.8285],[93.0786,27.8275],[93.0858,27.8217],[93.0955,27.8115],[93.1031,27.812],[93.1122,27.819],[93.1244,27.8186],[93.1338,27.8227],[93.1567,27.8211],[93.1629,27.8181],[93.1712,27.8212],[93.1777,27.8209],[93.1859,27.8275],[93.1892,27.8318],[93.1897,27.8376],[93.1916,27.8443],[93.2001,27.8458],[93.21,27.8357],[93.2212,27.8306],[93.2264,27.8216],[93.2305,27.8183],[93.237,27.8079],[93.2389,27.803],[93.2401,27.7963],[93.2375,27.7861],[93.2336,27.7767],[93.2239,27.7635],[93.2227,27.7572],[93.2172,27.7499],[93.2115,27.7403],[93.2077,27.734],[93.2063,27.7295],[93.2265,27.7158],[93.2242,27.7075],[93.2146,27.6949],[93.213,27.6903],[93.21,27.6855],[93.2022,27.6779],[93.2043,27.6711],[93.208,27.6639],[93.2157,27.659],[93.2315,27.6478],[93.2305,27.641],[93.2357,27.6288],[93.2376,27.6218],[93.2421,27.6145],[93.2376,27.6088],[93.2449,27.6041],[93.2482,27.5993],[93.2555,27.5963],[93.2648,27.5944],[93.2725,27.595],[93.2843,27.5891],[93.2848,27.5816],[93.2879,27.5771],[93.3016,27.5786],[93.3059,27.5743],[93.3148,27.5666],[93.3248,27.5652],[93.3289,27.5613],[93.3333,27.5541],[93.3323,27.5485],[93.3258,27.5475],[93.3221,27.5438],[93.321,27.5359],[93.314,27.5298],[93.3088,27.5274],[93.3024,27.5259],[93.2978,27.5227],[93.3034,27.5191],[93.306,27.5139],[93.3082,27.5075],[93.314,27.5053],[93.317,27.4993],[93.3196,27.4941],[93.3231,27.489],[93.3223,27.4834],[93.3228,27.4775],[93.3254,27.4678],[93.3293,27.4639],[93.3281,27.4583],[93.3275,27.4512],[93.3237,27.4431],[93.3315,27.4434],[93.3414,27.4327],[93.3545,27.4248],[93.3649,27.4215],[93.3713,27.4161],[93.3729,27.4115],[93.3719,27.4013],[93.3751,27.3933],[93.376,27.3865],[93.3712,27.3791],[93.3751,27.3709],[93.3662,27.3661],[93.3607,27.3644],[93.3454,27.3574],[93.3313,27.354],[93.3252,27.3521],[93.3187,27.3472],[93.31,27.344],[93.3033,27.334],[93.2987,27.3307],[93.2927,27.3289],[93.2948,27.3134],[93.2983,27.308],[93.2977,27.3024],[93.2976,27.2901],[93.291,27.285],[93.2841,27.2831],[93.2757,27.2791],[93.2673,27.276],[93.2611,27.2742],[93.2567,27.2711],[93.2545,27.2658],[93.2494,27.264],[93.2402,27.2571],[93.2336,27.2543],[93.2296,27.2506],[93.2348,27.2436],[93.2365,27.2386],[93.2317,27.236],[93.2276,27.2325],[93.2256,27.2279],[93.229,27.2225],[93.2249,27.2183],[93.2239,27.2113],[93.2246,27.2048],[93.2293,27.1992],[93.2383,27.2002],[93.252,27.2022],[93.2579,27.2064],[93.2651,27.2095],[93.2761,27.2108],[93.2823,27.2072],[93.2858,27.1994],[93.293,27.1932],[93.3031,27.1865],[93.3029,27.1793],[93.3084,27.174],[93.2975,27.1629],[93.2864,27.1626],[93.2817,27.16],[93.2766,27.1573],[93.2733,27.1534],[93.2653,27.1541],[93.2532,27.1545],[93.248,27.1537],[93.2398,27.1455],[93.2321,27.1402],[93.2192,27.1384],[93.2138,27.1306],[93.2161,27.1162],[93.2236,27.1136],[93.2326,27.1092],[93.2455,27.111],[93.2595,27.1077],[93.2752,27.1031],[93.2812,27.0963],[93.2862,27.0918],[93.2888,27.085],[93.2963,27.0775],[93.3026,27.0757],[93.3074,27.0788],[93.3157,27.0789],[93.3222,27.07],[93.3261,27.0615],[93.3324,27.0578],[93.3399,27.0448],[93.3419,27.0397],[93.3457,27.0362],[93.3432,27.0319],[93.346,27.0235],[93.344,27.0162],[93.3473,27.0104],[93.3426,27.0064],[93.3429,27.0007],[93.3494,26.992],[93.3638,26.9814],[93.3721,26.9806],[93.3822,26.9821],[93.3898,26.9719],[93.3929,26.9574],[93.3764,26.9578],[93.3501,26.9606],[93.2691,26.9535],[93.2247,26.9467],[93.1866,26.9364],[93.1113,26.925],[93.0943,26.9132],[93.0788,26.9177],[93.0713,26.922],[93.065,26.9198],[93.0406,26.9157],[93.0218,26.9146],[92.9999,26.9282],[92.9969,26.9292],[92.9963,26.9296],[92.9892,26.9317],[92.9853,26.9338],[92.9832,26.9335],[92.9755,26.9387],[92.9642,26.9438],[92.954,26.9468],[92.9354,26.9549],[92.929,26.9586],[92.9204,26.9622],[92.9176,26.9677],[92.9194,26.9826],[92.9025,26.9943],[92.893,26.9978],[92.8861,27.0004],[92.8752,27.0058],[92.8394,27.0117],[92.8273,27.0166],[92.7882,27.0289],[92.772,27.0312],[92.7305,27.0266],[92.7166,27.0243],[92.7053,27.0258],[92.6854,27.03],[92.662,27.0368],[92.6601,27.0359],[92.6535,27.0231],[92.6421,27.0169],[92.6386,27.0235],[92.627,27.0283],[92.6083,27.0438],[92.6009,27.0526],[92.5934,27.0786],[92.5951,27.0851],[92.6034,27.0967],[92.5974,27.1042],[92.5988,27.1057],[92.605,27.1077],[92.6048,27.1194],[92.6101,27.1251],[92.6101,27.1357],[92.6112,27.1399],[92.6167,27.1436],[92.6203,27.1457],[92.6278,27.1484],[92.632,27.1483],[92.6355,27.1472],[92.641,27.1499],[92.6531,27.1515],[92.6607,27.1557],[92.6678,27.1577],[92.6737,27.161],[92.6813,27.1633],[92.6912,27.1653],[92.7004,27.1722],[92.7199,27.1755],[92.7319,27.1837],[92.7399,27.1872],[92.7458,27.1913],[92.7531,27.1949],[92.7715,27.1937],[92.7848,27.1806],[92.802,27.1809],[92.8193,27.1775],[92.8355,27.187],[92.8585,27.1926],[92.8674,27.1933],[92.8724,27.1975],[92.8787,27.2],[92.8969,27.2042],[92.9029,27.2078],[92.9061,27.2134],[92.9062,27.2195],[92.9002,27.2331],[92.8985,27.2482],[92.9025,27.2524],[92.8972,27.2581],[92.8993,27.266],[92.8913,27.2703],[92.8887,27.2752],[92.8933,27.2807],[92.8872,27.2859],[92.8804,27.2899],[92.8746,27.2905],[92.8507,27.289],[92.8479,27.3023],[92.8325,27.3115],[92.8225,27.3196],[92.8125,27.3274],[92.8103,27.3317],[92.8122,27.3363],[92.8088,27.3436],[92.8033,27.3499],[92.8096,27.3518],[92.8096,27.3586],[92.8191,27.3581],[92.8193,27.366],[92.8169,27.372],[92.8194,27.3789],[92.8257,27.3768],[92.8264,27.385],[92.8245,27.3895],[92.8256,27.4019],[92.8249,27.4089],[92.8219,27.4159],[92.8159,27.4157],[92.8082,27.4187],[92.8158,27.423],[92.8116,27.4274],[92.81,27.4347],[92.8097,27.4425],[92.8065,27.4463],[92.8078,27.4521],[92.8085,27.4567],[92.8064,27.4644],[92.8084,27.4715],[92.813,27.4765],[92.8143,27.4838],[92.8142,27.4905],[92.817,27.5065],[92.8183,27.5176],[92.8135,27.5219],[92.8108,27.5273],[92.8063,27.5336],[92.8028,27.5373],[92.8004,27.5429],[92.7937,27.5536],[92.7836,27.5545],[92.7751,27.5488],[92.754,27.5509],[92.742,27.5543],[92.7332,27.5553],[92.7199,27.5548],[92.7123,27.5515],[92.7085,27.5483],[92.7014,27.5473],[92.6966,27.5433],[92.6879,27.5406],[92.6822,27.537],[92.6692,27.5354],[92.661,27.5249],[92.6505,27.5346],[92.6474,27.5421],[92.6468,27.5517],[92.6351,27.5542],[92.6128,27.5548],[92.6096,27.5621],[92.6135,27.5741],[92.6233,27.5868],[92.6217,27.591],[92.6151,27.5904],[92.6105,27.5972],[92.6134,27.6187],[92.6088,27.6238],[92.5978,27.63],[92.5872,27.6272],[92.5702,27.6215],[92.5548,27.6187],[92.5423,27.6191],[92.5341,27.6285],[92.5384,27.6457],[92.537,27.664],[92.5332,27.6796],[92.5177,27.7013],[92.5136,27.7139],[92.515,27.7279],[92.5192,27.7341],[92.4847,27.7701],[92.4641,27.7817],[92.4715,27.7935],[92.4755,27.8072],[92.4717,27.8143],[92.4814,27.8207],[92.4892,27.8278],[92.4972,27.8359],[92.506,27.8406],[92.5197,27.8393],[92.531,27.8302],[92.5391,27.8234],[92.5485,27.8165],[92.5588,27.8174],[92.5653,27.8201],[92.5699,27.8264],[92.5808,27.8409],[92.5903,27.8559],[92.6097,27.8766],[92.625,27.8835],[92.6362,27.8863],[92.6562,27.892],[92.6738,27.8992],[92.6788,27.905],[92.691,27.9185],[92.7059,27.9329],[92.7185,27.9483],[92.7345,27.971],[92.7378,27.977],[92.7414,27.972],[92.7503,27.9667],[92.7535,27.9627],[92.7611,27.9567],[92.7828,27.953]]],[[[92.4186,27.8222],[92.432,27.8112],[92.4186,27.8222],[92.4186,27.8222]]]]},"properties":{"district_name":"East Kameng","raw_district_name":"East Kameng","state_code":"AR","state_name":"Arunachal Pradesh","census_code":247,"data_source":"DataMeet India Maps (Census 2011 Boundaries)"}},{"type":"Feature","geometry":{"type":"Polygon","coordinates":[[[95.3851,28.3104],[95.3887,28.3077],[95.3985,28.3116],[95.4006,28.3145],[95.414,28.3158],[95.4182,28.3126],[95.4385,28.3142],[95.4411,28.3105],[95.4493,28.3042],[95.4531,28.2971],[95.4532,28.2894],[95.4599,28.2836],[95.4639,28.2784],[95.4655,28.2739],[95.4647,28.2648],[95.4664,28.2612],[95.469,28.2589],[95.4762,28.2641],[95.4801,28.2651],[95.4827,28.2685],[95.4893,28.2719],[95.4956,28.2703],[95.5151,28.2737],[95.5301,28.281],[95.5349,28.2822],[95.5369,28.2847],[95.5389,28.2859],[95.5445,28.2798],[95.5451,28.2749],[95.552,28.275],[95.5533,28.2738],[95.5528,28.2679],[95.5555,28.2638],[95.5648,28.2582],[95.5671,28.2546],[95.5675,28.235],[95.564,28.2059],[95.5631,28.1676],[95.5666,28.1466],[95.5679,28.1425],[95.571,28.1385],[95.5727,28.1309],[95.5724,28.124],[95.5735,28.1119],[95.5719,28.1017],[95.571,28.0781],[95.5649,28.0444],[95.5617,28.035],[95.5562,28.028],[95.5507,28.0233],[95.5476,28.0177],[95.544,28.005],[95.5415,28.0008],[95.5369,27.9898],[95.5102,27.9682],[95.5069,27.964],[95.5062,27.9574],[95.5035,27.9515],[95.5022,27.9458],[95.5108,27.9308],[95.5129,27.9239],[95.5182,27.9116],[95.519,27.9012],[95.5218,27.8859],[95.5177,27.8769],[95.3861,27.8373],[95.3184,27.8666],[95.3104,27.8633],[95.2944,27.8605],[95.2385,27.8439],[95.1968,27.8301],[95.0538,27.786],[95.0407,27.7735],[95.0332,27.7706],[95.0211,27.7683],[94.9999,27.7724],[94.989,27.7667],[94.9321,27.7527],[94.886,27.7381],[94.868,27.7416],[94.8626,27.7503],[94.8625,27.7571],[94.8659,27.7636],[94.871,27.7686],[94.8732,27.7753],[94.8765,27.7798],[94.8824,27.7807],[94.8877,27.7842],[94.8898,27.7908],[94.8964,27.7967],[94.8991,27.8008],[94.8991,27.8075],[94.8941,27.8096],[94.8995,27.8188],[94.9038,27.8225],[94.9043,27.8286],[94.9124,27.8334],[94.9086,27.842],[94.9149,27.8436],[94.9198,27.8463],[94.9285,27.8528],[94.9324,27.8566],[94.9244,27.8602],[94.9125,27.8595],[94.9099,27.8639],[94.912,27.8701],[94.909,27.88],[94.918,27.8843],[94.9277,27.889],[94.9262,27.8939],[94.9284,27.8984],[94.9302,27.9055],[94.9414,27.9185],[94.9444,27.923],[94.9502,27.9369],[94.9494,27.9418],[94.9496,27.9488],[94.9569,27.9553],[94.9588,27.9651],[94.96,27.9738],[94.9604,27.9805],[94.954,27.9816],[94.9503,27.9866],[94.9437,27.9895],[94.9311,27.992],[94.925,27.9971],[94.9036,27.9954],[94.896,27.9965],[94.8838,27.9999],[94.8899,28.0119],[94.8961,28.0139],[94.9009,28.0165],[94.9052,28.02],[94.913,28.0346],[94.9339,28.0475],[94.9313,28.0516],[94.9275,28.0549],[94.9196,28.0614],[94.9146,28.0675],[94.9034,28.0764],[94.9189,28.091],[94.9315,28.0963],[94.9358,28.1022],[94.9402,28.1091],[94.9466,28.1144],[94.948,28.1192],[94.9495,28.1239],[94.9524,28.1286],[94.9408,28.1368],[94.9347,28.1444],[94.9204,28.1461],[94.9154,28.1528],[94.9116,28.1585],[94.9125,28.1646],[94.9128,28.1757],[94.9141,28.1808],[94.9176,28.1957],[94.9159,28.2007],[94.9127,28.2053],[94.9054,28.2107],[94.9007,28.216],[94.894,28.227],[94.8845,28.2322],[94.8959,28.235],[94.9024,28.2319],[94.9093,28.2376],[94.9163,28.2377],[94.9221,28.2389],[94.9384,28.2441],[94.9392,28.2509],[94.9343,28.2587],[94.9282,28.265],[94.9239,28.2722],[94.9242,28.2782],[94.9259,28.2847],[94.9234,28.2954],[94.9163,28.3024],[94.9167,28.31],[94.911,28.3208],[94.9075,28.3289],[94.902,28.3377],[94.9014,28.3438],[94.8956,28.3455],[94.8929,28.3508],[94.892,28.3558],[94.8928,28.3635],[94.8906,28.3742],[94.8883,28.3813],[94.8849,28.3922],[94.8823,28.4053],[94.8795,28.4092],[94.8733,28.413],[94.8583,28.4133],[94.8436,28.4149],[94.8323,28.4184],[94.8229,28.4191],[94.814,28.4235],[94.8098,28.4198],[94.8028,28.4202],[94.7926,28.4229],[94.779,28.4245],[94.7722,28.4238],[94.7669,28.4233],[94.7643,28.4317],[94.7609,28.4372],[94.7496,28.4575],[94.7556,28.4665],[94.7552,28.4716],[94.7541,28.4772],[94.7497,28.4876],[94.7452,28.4979],[94.7503,28.504],[94.7506,28.5112],[94.7517,28.521],[94.759,28.5283],[94.7622,28.5336],[94.7623,28.5336],[94.7772,28.535],[94.7991,28.5459],[94.8072,28.5514],[94.8124,28.5619],[94.8231,28.5677],[94.8403,28.5688],[94.8613,28.5635],[94.8815,28.552],[94.9051,28.5484],[94.9232,28.5577],[94.9431,28.5688],[94.9613,28.5725],[94.9759,28.565],[94.9863,28.5422],[94.9923,28.5288],[95.0223,28.5206],[95.0417,28.5151],[95.0737,28.5237],[95.0876,28.5263],[95.114,28.5004],[95.1051,28.4831],[95.1142,28.4625],[95.108,28.4439],[95.0975,28.4305],[95.0852,28.4147],[95.0859,28.3948],[95.1078,28.3784],[95.1209,28.3761],[95.11,28.263],[95.1322,28.2409],[95.1425,28.2284],[95.1343,28.2165],[95.1408,28.2031],[95.1519,28.2026],[95.159,28.2017],[95.1722,28.2001],[95.1817,28.1946],[95.1859,28.1894],[95.1871,28.1738],[95.1959,28.1641],[95.2152,28.154],[95.2274,28.1517],[95.2393,28.1567],[95.2509,28.1699],[95.2631,28.1781],[95.2735,28.197],[95.2822,28.2017],[95.2993,28.1984],[95.3066,28.2021],[95.3018,28.2136],[95.3086,28.2235],[95.3278,28.2327],[95.3455,28.2442],[95.3458,28.2669],[95.3497,28.2836],[95.3564,28.2918],[95.3814,28.3076],[95.3851,28.3104]]]},"properties":{"district_name":"East Siang","raw_district_name":"East Siang","state_code":"AR","state_name":"Arunachal Pradesh","census_code":251,"data_source":"DataMeet India Maps (Census 2011 Boundaries)"}},{"type":"Feature","geometry":{"type":"Polygon","coordinates":[[[94.0189,27.9549],[94.0136,27.9497],[94.0111,27.9499],[94.0001,27.9469],[93.9837,27.9422],[93.9772,27.9349],[93.9645,27.9226],[93.9413,27.9185],[93.9144,27.9203],[93.8943,27.9159],[93.886,27.9093],[93.8869,27.9003],[93.8941,27.8968],[93.9129,27.8963],[93.9251,27.8924],[93.9306,27.8847],[93.9307,27.8745],[93.9247,27.8605],[93.9139,27.8373],[93.9145,27.8255],[93.9201,27.8179],[93.9314,27.8119],[93.948,27.8029],[93.9559,27.791],[93.9599,27.7834],[93.9778,27.7725],[93.9861,27.7633],[93.9876,27.7508],[93.9821,27.7419],[93.9714,27.7364],[93.9518,27.7325],[93.9163,27.7268],[93.8924,27.7053],[93.8736,27.6996],[93.8401,27.6966],[93.8164,27.6913],[93.7784,27.6622],[93.7573,27.6656],[93.7266,27.6727],[93.6891,27.6479],[93.6654,27.6426],[93.6344,27.6468],[93.6152,27.6676],[93.518,27.6498],[93.4733,27.6569],[93.449,27.6597],[93.4025,27.6648],[93.374,27.6676],[93.3566,27.6687],[93.3325,27.6693],[93.2946,27.6573],[93.2519,27.6204],[93.2421,27.6145],[93.2376,27.6218],[93.2357,27.6288],[93.2305,27.641],[93.2315,27.6478],[93.2157,27.659],[93.208,27.6639],[93.2043,27.6711],[93.2022,27.6779],[93.21,27.6855],[93.213,27.6903],[93.2146,27.6949],[93.2242,27.7075],[93.2265,27.7158],[93.2063,27.7295],[93.2077,27.734],[93.2115,27.7403],[93.2172,27.7499],[93.2227,27.7572],[93.2239,27.7635],[93.2336,27.7767],[93.2375,27.7861],[93.2401,27.7963],[93.2389,27.803],[93.237,27.8079],[93.2305,27.8183],[93.2264,27.8216],[93.2212,27.8306],[93.21,27.8357],[93.2001,27.8458],[93.1916,27.8443],[93.1897,27.8376],[93.1892,27.8318],[93.1859,27.8275],[93.1777,27.8209],[93.1712,27.8212],[93.1629,27.8181],[93.1567,27.8211],[93.1338,27.8227],[93.1244,27.8186],[93.1122,27.819],[93.1031,27.812],[93.0955,27.8115],[93.0858,27.8217],[93.0786,27.8275],[93.0726,27.8285],[93.065,27.8284],[93.0553,27.8259],[93.0389,27.8229],[93.0268,27.8223],[93.0189,27.8191],[93.0122,27.8196],[93.0075,27.8249],[93,27.8235],[92.9825,27.8227],[92.9751,27.8239],[92.97,27.8257],[92.9634,27.8421],[92.9569,27.8433],[92.9481,27.8447],[92.9466,27.8567],[92.9416,27.8597],[92.9411,27.8703],[92.9347,27.8746],[92.9343,27.8814],[92.9357,27.8917],[92.933,27.9073],[92.9351,27.9123],[92.9339,27.9193],[92.8812,27.94],[92.8723,27.9437],[92.8624,27.9485],[92.8629,27.956],[92.8506,27.9561],[92.8421,27.9574],[92.8323,27.9568],[92.825,27.9586],[92.7911,27.9501],[92.7828,27.953],[92.7611,27.9567],[92.7535,27.9627],[92.7503,27.9667],[92.7414,27.972],[92.7378,27.977],[92.7442,27.9885],[92.7383,27.9948],[92.7326,28.0006],[92.726,28.0155],[92.7144,28.0324],[92.7003,28.0475],[92.6862,28.0578],[92.6679,28.062],[92.6661,28.0669],[92.6722,28.0775],[92.6781,28.0959],[92.6852,28.1173],[92.692,28.1251],[92.7008,28.13],[92.7096,28.1358],[92.726,28.1442],[92.7416,28.1508],[92.7634,28.1662],[92.7881,28.183],[92.8047,28.2015],[92.8126,28.2033],[92.8213,28.2009],[92.8244,28.1967],[92.8227,28.1835],[92.8263,28.1731],[92.833,28.1707],[92.8446,28.1786],[92.8523,28.182],[92.9003,28.2038],[92.9104,28.2144],[92.918,28.2342],[92.928,28.2418],[92.9468,28.2479],[92.9606,28.2575],[92.9696,28.261],[92.9795,28.2588],[92.991,28.2505],[92.9919,28.2417],[92.995,28.2336],[92.9996,28.2294],[93.0053,28.2299],[93.015,28.239],[93.0253,28.2514],[93.0388,28.2623],[93.0307,28.2858],[93.027,28.2991],[93.0373,28.3029],[93.0513,28.3017],[93.0667,28.3061],[93.0771,28.3084],[93.0922,28.3054],[93.1004,28.3062],[93.1172,28.3147],[93.1298,28.326],[93.1415,28.324],[93.16,28.3176],[93.1848,28.3163],[93.1987,28.3171],[93.2119,28.3224],[93.224,28.3328],[93.2249,28.3346],[93.2262,28.3338],[93.2297,28.3353],[93.2298,28.3401],[93.2326,28.3441],[93.2351,28.3465],[93.2384,28.3477],[93.2427,28.3505],[93.2489,28.3605],[93.263,28.3667],[93.2809,28.3662],[93.2861,28.3645],[93.2881,28.3548],[93.2915,28.3478],[93.2975,28.34],[93.3009,28.3401],[93.3062,28.3414],[93.3153,28.345],[93.3232,28.3492],[93.3401,28.353],[93.3444,28.3471],[93.3475,28.3451],[93.3528,28.3443],[93.3614,28.3441],[93.3637,28.3433],[93.3644,28.3421],[93.3622,28.3365],[93.3626,28.3325],[93.3641,28.3295],[93.3677,28.3294],[93.3818,28.3231],[93.3834,28.3213],[93.3817,28.3163],[93.3821,28.3112],[93.385,28.3119],[93.3872,28.3125],[93.3877,28.3092],[93.3895,28.306],[93.3978,28.3079],[93.4034,28.3088],[93.4118,28.3065],[93.4141,28.2965],[93.4175,28.2881],[93.4281,28.2823],[93.435,28.2796],[93.4401,28.2825],[93.4458,28.2822],[93.4485,28.2829],[93.451,28.2817],[93.4563,28.2716],[93.4585,28.2714],[93.472,28.2734],[93.475,28.2754],[93.4794,28.2808],[93.483,28.2811],[93.4951,28.2766],[93.5024,28.2763],[93.5128,28.2717],[93.5196,28.2704],[93.5387,28.2692],[93.5457,28.2675],[93.5576,28.2609],[93.5602,28.2602],[93.5677,28.2617],[93.5748,28.2556],[93.5805,28.2608],[93.5902,28.2678],[93.5961,28.2708],[93.6006,28.2719],[93.614,28.2716],[93.6229,28.2858],[93.6261,28.2952],[93.6313,28.3054],[93.6336,28.3079],[93.6372,28.3088],[93.6534,28.303],[93.6604,28.3042],[93.6663,28.3065],[93.6744,28.3163],[93.684,28.3213],[93.6871,28.3202],[93.698,28.311],[93.7053,28.3076],[93.7253,28.2909],[93.7328,28.2873],[93.7457,28.2863],[93.7494,28.2842],[93.7519,28.2795],[93.7556,28.2769],[93.7614,28.268],[93.7689,28.2625],[93.7773,28.2596],[93.7828,28.2603],[93.79,28.2571],[93.8214,28.2486],[93.8428,28.2388],[93.8452,28.2359],[93.8441,28.2294],[93.8462,28.218],[93.8499,28.2074],[93.8539,28.199],[93.8795,28.1606],[93.8959,28.1283],[93.8839,28.1253],[93.8798,28.1205],[93.8795,28.1148],[93.8841,28.1074],[93.8824,28.105],[93.8752,28.0992],[93.8661,28.092],[93.8571,28.083],[93.8579,28.0809],[93.8676,28.0777],[93.8781,28.0728],[93.8793,28.0711],[93.8767,28.0648],[93.8755,28.059],[93.8773,28.053],[93.8864,28.0444],[93.8894,28.0395],[93.8914,28.0375],[93.9084,28.0322],[93.913,28.029],[93.9152,28.0249],[93.9161,28.0187],[93.9157,28.0124],[93.9346,28.0052],[93.941,28.0016],[93.9418,27.9997],[93.9414,27.9982],[93.9433,27.9943],[93.9437,27.9847],[93.946,27.9807],[93.9493,27.9785],[93.9601,27.9777],[93.9691,27.9761],[93.9716,27.9656],[93.9731,27.9658],[93.9774,27.9737],[93.9821,27.9765],[93.9911,27.9746],[93.9954,27.9699],[94,27.9666],[94.0144,27.9558],[94.0189,27.9549]]]},"properties":{"district_name":"Kurung Kumey","raw_district_name":"Kurung Kumey","state_code":"AR","state_name":"Arunachal Pradesh","census_code":256,"data_source":"DataMeet India Maps (Census 2011 Boundaries)"}},{"type":"Feature","geometry":{"type":"Polygon","coordinates":[[[96.7036,27.6601],[96.6983,27.6571],[96.6915,27.6547],[96.6859,27.6543],[96.6801,27.6493],[96.6728,27.6469],[96.6699,27.6417],[96.6618,27.6333],[96.6444,27.6275],[96.6372,27.6306],[96.6289,27.6312],[96.6175,27.6377],[96.6118,27.6427],[96.6124,27.6462],[96.6072,27.6463],[96.5999,27.6536],[96.5919,27.6528],[96.5857,27.6557],[96.57,27.6564],[96.562,27.6502],[96.5532,27.6464],[96.5465,27.6469],[96.5343,27.6463],[96.5302,27.6437],[96.5227,27.6362],[96.5148,27.6418],[96.5122,27.6427],[96.5065,27.6414],[96.4946,27.6429],[96.4911,27.6446],[96.4839,27.6456],[96.4771,27.6453],[96.4726,27.642],[96.4677,27.6426],[96.4623,27.6412],[96.456,27.6407],[96.4548,27.6433],[96.4506,27.6446],[96.4477,27.6517],[96.4433,27.652],[96.4394,27.6506],[96.4363,27.6516],[96.4343,27.6489],[96.4263,27.648],[96.4231,27.6506],[96.4165,27.6508],[96.4148,27.649],[96.3977,27.6483],[96.3974,27.645],[96.3918,27.6423],[96.3873,27.6384],[96.3817,27.6402],[96.3763,27.6446],[96.372,27.642],[96.3554,27.6241],[96.3519,27.6057],[96.3474,27.6019],[96.3399,27.598],[96.3377,27.5939],[96.3368,27.5885],[96.3347,27.5838],[96.3313,27.5788],[96.3173,27.5714],[96.3111,27.5655],[96.2993,27.5579],[96.2925,27.555],[96.2864,27.5557],[96.2796,27.5586],[96.272,27.5574],[96.2678,27.5629],[96.263,27.5626],[96.2564,27.5638],[96.2462,27.5632],[96.2409,27.5668],[96.2348,27.5661],[96.2284,27.5678],[96.2239,27.5731],[96.2194,27.5768],[96.2133,27.5769],[96.2116,27.5793],[96.207,27.5802],[96.2034,27.5836],[96.2004,27.5827],[96.196,27.5879],[96.1924,27.5891],[96.1853,27.5897],[96.1751,27.5943],[96.1735,27.5975],[96.1706,27.5966],[96.1644,27.6007],[96.1437,27.6067],[96.1363,27.606],[96.134,27.6089],[96.1384,27.6114],[96.1367,27.6147],[96.1313,27.616],[96.1293,27.6192],[96.112,27.6151],[96.1065,27.6151],[96.0931,27.6109],[96.0767,27.6074],[96.0651,27.606],[96.0599,27.5998],[96.057,27.5925],[96.0511,27.5879],[96.0446,27.5862],[96.036,27.5795],[96.0267,27.5708],[96.0193,27.5666],[96.0054,27.5563],[96.0022,27.5592],[95.882,27.5468],[95.8743,27.5448],[95.8677,27.5447],[95.863,27.5462],[95.8528,27.5594],[95.8467,27.5617],[95.8406,27.5604],[95.837,27.5649],[95.8327,27.5727],[95.8285,27.5755],[95.822,27.5755],[95.8206,27.5841],[95.821,27.5894],[95.825,27.5969],[95.82,27.5989],[95.8104,27.5992],[95.7989,27.6017],[95.7969,27.6121],[95.788,27.6174],[95.7859,27.6214],[95.7882,27.6263],[95.7983,27.6299],[95.7983,27.6335],[95.8005,27.637],[95.8024,27.643],[95.7958,27.6468],[95.7872,27.6497],[95.7802,27.6546],[95.7788,27.6603],[95.7795,27.6664],[95.7814,27.6733],[95.7865,27.6774],[95.7955,27.6783],[95.7942,27.6864],[95.7798,27.6885],[95.7756,27.6909],[95.7737,27.6941],[95.7744,27.6995],[95.7737,27.7055],[95.7716,27.7102],[95.7642,27.7169],[95.7598,27.7209],[95.7594,27.7254],[95.7638,27.7272],[95.773,27.7287],[95.7859,27.734],[95.7817,27.7525],[95.79,27.7593],[95.7966,27.7669],[95.8021,27.7711],[95.8076,27.7778],[95.8088,27.7842],[95.8125,27.788],[95.8244,27.8035],[95.8302,27.8079],[95.8362,27.8101],[95.8446,27.8157],[95.8473,27.8244],[95.8534,27.8284],[95.8676,27.8327],[95.875,27.834],[95.8934,27.8513],[95.8963,27.8615],[95.9018,27.8609],[95.9083,27.8647],[95.9075,27.8715],[95.9127,27.8673],[95.9142,27.8724],[95.9153,27.8751],[95.92,27.877],[95.9239,27.8804],[95.9226,27.8847],[95.9251,27.8846],[95.9271,27.8828],[95.9299,27.8848],[95.9253,27.8903],[95.9263,27.8952],[95.93,27.8971],[95.9397,27.8975],[95.9407,27.9041],[95.9449,27.9069],[95.9538,27.9171],[95.9567,27.9211],[95.9552,27.9245],[95.9589,27.9272],[95.9537,27.9315],[95.9529,27.9335],[95.9537,27.9361],[95.9666,27.9469],[95.9718,27.9536],[95.9789,27.9628],[95.9866,27.9664],[95.9948,27.9743],[95.991,28],[95.9912,28.0042],[95.9915,28.0096],[95.9918,28.0152],[95.9922,28.0218],[95.9968,28.0338],[95.9972,28.0417],[95.9969,28.052],[95.9926,28.0613],[95.9835,28.0717],[95.9898,28.0794],[96.0001,28.0889],[96.0052,28.0951],[96.005,28.1013],[96.0086,28.1107],[96.0135,28.1173],[96.029,28.1296],[96.0302,28.1385],[96.0364,28.1467],[96.0358,28.1538],[96.0338,28.1598],[96.0419,28.1622],[96.0502,28.1712],[96.0523,28.175],[96.0531,28.1797],[96.0527,28.1933],[96.0553,28.1969],[96.0638,28.1965],[96.0807,28.1902],[96.0863,28.189],[96.0898,28.1906],[96.101,28.1914],[96.1081,28.1893],[96.1117,28.1857],[96.118,28.1821],[96.1212,28.1775],[96.1364,28.1719],[96.1456,28.1696],[96.1474,28.1749],[96.1575,28.1802],[96.1685,28.1838],[96.172,28.1867],[96.1757,28.1914],[96.1782,28.1963],[96.1873,28.2036],[96.194,28.2063],[96.2069,28.2217],[96.2117,28.2258],[96.2191,28.2306],[96.2338,28.2383],[96.2414,28.2393],[96.2481,28.2377],[96.2587,28.2371],[96.2715,28.2386],[96.2699,28.2443],[96.2653,28.255],[96.2597,28.2657],[96.2471,28.2847],[96.2418,28.2992],[96.2442,28.302],[96.2588,28.3088],[96.2611,28.3165],[96.2661,28.3247],[96.2704,28.33],[96.2755,28.3339],[96.2888,28.3397],[96.294,28.3442],[96.2959,28.3478],[96.2981,28.3614],[96.3001,28.3663],[96.3052,28.3718],[96.3077,28.3736],[96.3149,28.3651],[96.3322,28.354],[96.3407,28.3391],[96.338,28.3275],[96.3149,28.2984],[96.3054,28.2833],[96.2986,28.2675],[96.2991,28.2488],[96.3015,28.2362],[96.3149,28.2182],[96.3272,28.2009],[96.3391,28.1847],[96.3392,28.1718],[96.3351,28.1582],[96.3295,28.1474],[96.3309,28.14],[96.3309,28.1307],[96.3198,28.1179],[96.3059,28.1054],[96.2831,28.0958],[96.2766,28.0908],[96.2769,28.0799],[96.2914,28.0614],[96.3376,28.0224],[96.3746,27.9974],[96.3954,27.9746],[96.4001,27.957],[96.4118,27.9351],[96.4201,27.9228],[96.4346,27.9136],[96.4852,27.9088],[96.5139,27.9053],[96.5324,27.9003],[96.5544,27.8855],[96.5764,27.8625],[96.5896,27.8529],[96.6029,27.8561],[96.612,27.8593],[96.6176,27.8572],[96.6239,27.8477],[96.6228,27.8354],[96.6339,27.827],[96.6381,27.8146],[96.6383,27.8032],[96.6241,27.784],[96.6163,27.7735],[96.617,27.7656],[96.6347,27.7498],[96.6435,27.7375],[96.6383,27.7292],[96.6243,27.7198],[96.6199,27.7089],[96.6226,27.6983],[96.6329,27.6842],[96.6524,27.6734],[96.6837,27.6685],[96.6961,27.6651],[96.7036,27.6601]]]},"properties":{"district_name":"Lohit","raw_district_name":"Lohit","state_code":"AR","state_name":"Arunachal Pradesh","census_code":259,"data_source":"DataMeet India Maps (Census 2011 Boundaries)"}},{"type":"Feature","geometry":{"type":"Polygon","coordinates":[[[96.1861,28.8018],[96.2545,28.7812],[96.326,28.7848],[96.3108,28.7401],[96.3036,28.6619],[96.435,28.5884],[96.4305,28.5821],[96.425,28.58],[96.4175,28.5834],[96.4098,28.5894],[96.4034,28.5893],[96.4024,28.5854],[96.4086,28.5728],[96.4091,28.5664],[96.409,28.5589],[96.4032,28.5573],[96.3966,28.5576],[96.3888,28.5586],[96.3732,28.5591],[96.3571,28.5556],[96.3457,28.5461],[96.3372,28.5335],[96.3281,28.529],[96.3267,28.5253],[96.3297,28.5237],[96.3335,28.5216],[96.3445,28.5161],[96.3553,28.5098],[96.3632,28.5046],[96.3689,28.4995],[96.374,28.4916],[96.3752,28.4818],[96.3692,28.4743],[96.3436,28.4648],[96.3373,28.4576],[96.3261,28.4498],[96.3119,28.4405],[96.2993,28.4339],[96.287,28.4256],[96.2767,28.4188],[96.2681,28.4119],[96.2659,28.4082],[96.2696,28.405],[96.2791,28.4036],[96.29,28.4034],[96.3014,28.4013],[96.3068,28.3994],[96.3124,28.3922],[96.3174,28.383],[96.3116,28.3765],[96.3077,28.3736],[96.3052,28.3718],[96.3001,28.3663],[96.2981,28.3614],[96.2959,28.3478],[96.294,28.3442],[96.2888,28.3397],[96.2755,28.3339],[96.2704,28.33],[96.2661,28.3247],[96.2611,28.3165],[96.2588,28.3088],[96.2442,28.302],[96.2418,28.2992],[96.2471,28.2847],[96.2597,28.2657],[96.2653,28.255],[96.2699,28.2443],[96.2715,28.2386],[96.2587,28.2371],[96.2481,28.2377],[96.2414,28.2393],[96.2338,28.2383],[96.2191,28.2306],[96.2117,28.2258],[96.2069,28.2217],[96.194,28.2063],[96.1873,28.2036],[96.1782,28.1963],[96.1757,28.1914],[96.172,28.1867],[96.1685,28.1838],[96.1575,28.1802],[96.1474,28.1749],[96.1456,28.1696],[96.1364,28.1719],[96.1212,28.1775],[96.118,28.1821],[96.1117,28.1857],[96.1081,28.1893],[96.101,28.1914],[96.0898,28.1906],[96.0863,28.189],[96.0807,28.1902],[96.0638,28.1965],[96.0553,28.1969],[96.0527,28.1933],[96.0531,28.1797],[96.0523,28.175],[96.0502,28.1712],[96.0419,28.1622],[96.0338,28.1598],[96.0358,28.1538],[96.0364,28.1467],[96.0302,28.1385],[96.029,28.1296],[96.0135,28.1173],[96.0086,28.1107],[96.005,28.1013],[96.0052,28.0951],[96.0001,28.0889],[95.9898,28.0794],[95.9835,28.0717],[95.9926,28.0613],[95.9969,28.052],[95.9972,28.0417],[95.9968,28.0338],[95.9922,28.0218],[95.9918,28.0152],[95.9915,28.0096],[95.9912,28.0042],[95.991,28],[95.9948,27.9743],[95.9866,27.9664],[95.9789,27.9628],[95.9583,27.9635],[95.8275,27.972],[95.6085,27.9528],[95.5987,27.9462],[95.5904,27.9367],[95.5823,27.9386],[95.573,27.9375],[95.568,27.9267],[95.5668,27.9176],[95.5455,27.9086],[95.5461,27.9009],[95.5452,27.8974],[95.5348,27.8955],[95.528,27.893],[95.523,27.8853],[95.5177,27.8769],[95.5218,27.8859],[95.519,27.9012],[95.5182,27.9116],[95.5129,27.9239],[95.5108,27.9308],[95.5022,27.9458],[95.5035,27.9515],[95.5062,27.9574],[95.5069,27.964],[95.5102,27.9682],[95.5369,27.9898],[95.5415,28.0008],[95.544,28.005],[95.5476,28.0177],[95.5507,28.0233],[95.5562,28.028],[95.5617,28.035],[95.5649,28.0444],[95.571,28.0781],[95.5719,28.1017],[95.5735,28.1119],[95.5724,28.124],[95.5727,28.1309],[95.571,28.1385],[95.5679,28.1425],[95.5666,28.1466],[95.5631,28.1676],[95.564,28.2059],[95.5675,28.235],[95.5671,28.2546],[95.5648,28.2582],[95.5555,28.2638],[95.5528,28.2679],[95.5533,28.2738],[95.552,28.275],[95.5451,28.2749],[95.5445,28.2798],[95.5389,28.2859],[95.5369,28.2847],[95.5349,28.2822],[95.5301,28.281],[95.5151,28.2737],[95.4956,28.2703],[95.4893,28.2719],[95.4827,28.2685],[95.4801,28.2651],[95.4762,28.2641],[95.469,28.2589],[95.4664,28.2612],[95.4647,28.2648],[95.4655,28.2739],[95.4639,28.2784],[95.4599,28.2836],[95.4532,28.2894],[95.4531,28.2971],[95.4493,28.3042],[95.4411,28.3105],[95.4385,28.3142],[95.4182,28.3126],[95.414,28.3158],[95.4006,28.3145],[95.3985,28.3116],[95.3887,28.3077],[95.3851,28.3104],[95.385,28.3105],[95.3785,28.3193],[95.3775,28.324],[95.38,28.3335],[95.3756,28.3349],[95.373,28.3387],[95.3709,28.3482],[95.3727,28.3531],[95.372,28.3563],[95.3683,28.3568],[95.3651,28.3563],[95.361,28.3574],[95.3545,28.3597],[95.3456,28.3627],[95.3414,28.3654],[95.3403,28.3755],[95.3428,28.3843],[95.3406,28.3983],[95.3417,28.4024],[95.3414,28.4056],[95.3405,28.4081],[95.3357,28.4133],[95.332,28.4156],[95.3312,28.418],[95.3267,28.4188],[95.3235,28.4255],[95.3386,28.4339],[95.3402,28.4375],[95.3422,28.4386],[95.341,28.4415],[95.341,28.4435],[95.341,28.4485],[95.3381,28.4518],[95.3384,28.4645],[95.34,28.4766],[95.3424,28.4782],[95.3433,28.4798],[95.3462,28.4809],[95.3496,28.4843],[95.3512,28.4861],[95.3554,28.4889],[95.3565,28.4898],[95.3695,28.4917],[95.3766,28.5047],[95.3803,28.5079],[95.3908,28.51],[95.3961,28.5119],[95.3977,28.5149],[95.3962,28.519],[95.3979,28.5242],[95.3961,28.5287],[95.4054,28.5413],[95.4112,28.5456],[95.4131,28.5492],[95.4127,28.5534],[95.4043,28.5674],[95.3853,28.57],[95.3836,28.5795],[95.3843,28.5847],[95.3823,28.5877],[95.3798,28.5976],[95.3793,28.6048],[95.3937,28.5926],[95.4026,28.5938],[95.4125,28.6159],[95.4227,28.6345],[95.4349,28.6431],[95.4425,28.641],[95.4573,28.6137],[95.4776,28.5984],[95.4928,28.5935],[95.5201,28.5964],[95.5348,28.5873],[95.5557,28.5713],[95.576,28.563],[95.6071,28.5585],[95.6421,28.5467],[95.6697,28.5335],[95.6996,28.5264],[95.7193,28.5314],[95.7323,28.5343],[95.7497,28.5277],[95.7653,28.5136],[95.7845,28.5089],[95.7963,28.5028],[95.813,28.4906],[95.8276,28.4752],[95.8281,28.4744],[95.8812,28.5196],[95.8447,28.5477],[95.8032,28.56],[95.7771,28.5735],[95.8408,28.6134],[95.8733,28.6265],[95.8546,28.7209],[95.9906,28.6991],[96.0086,28.6946],[96.1156,28.7817],[96.1861,28.8018]]]},"properties":{"district_name":"Lower Dibang Valley","raw_district_name":"Lower Dibang Valley","state_code":"AR","state_name":"Arunachal Pradesh","census_code":258,"data_source":"DataMeet India Maps (Census 2011 Boundaries)"}},{"type":"Feature","geometry":{"type":"Polygon","coordinates":[[[94.3205,27.7736],[94.3169,27.7684],[94.3134,27.7449],[94.3175,27.7387],[94.3236,27.7343],[94.3456,27.7259],[94.3525,27.7299],[94.3594,27.7284],[94.3588,27.7189],[94.355,27.714],[94.3476,27.7126],[94.3374,27.7087],[94.3254,27.7027],[94.3146,27.6911],[94.3057,27.6844],[94.2813,27.6706],[94.2702,27.6654],[94.2591,27.6557],[94.2511,27.6508],[94.2345,27.6374],[94.2165,27.6135],[94.2136,27.6078],[94.216,27.6013],[94.2254,27.5976],[94.2275,27.5954],[94.2277,27.5921],[94.2239,27.5848],[94.2279,27.5779],[94.2289,27.5725],[94.2365,27.5683],[94.243,27.5672],[94.2588,27.5542],[94.258,27.5475],[94.2592,27.5372],[94.2648,27.5241],[94.262,27.5202],[94.2239,27.5038],[94.2145,27.5119],[94.2088,27.5308],[94.1943,27.5354],[94.1799,27.5323],[94.1539,27.5301],[94.1462,27.5254],[94.1422,27.5137],[94.123,27.4969],[94.0973,27.4828],[94.0719,27.482],[94.0486,27.4988],[94.0077,27.5042],[93.9452,27.5109],[93.9181,27.5018],[93.8922,27.4907],[93.8559,27.4645],[93.8545,27.452],[93.8532,27.4398],[93.8307,27.4243],[93.831,27.4068],[93.8385,27.392],[93.8389,27.363],[93.8302,27.3576],[93.8209,27.3636],[93.8098,27.3707],[93.788,27.35],[93.7705,27.3457],[93.744,27.3523],[93.7151,27.3462],[93.6886,27.3351],[93.6692,27.3358],[93.659,27.348],[93.6343,27.3599],[93.6163,27.3568],[93.6036,27.3671],[93.601,27.3858],[93.5992,27.4004],[93.5819,27.4343],[93.5727,27.4324],[93.5606,27.4376],[93.5587,27.4521],[93.5712,27.4715],[93.5995,27.4886],[93.6107,27.4933],[93.621,27.5318],[93.5891,27.572],[93.5657,27.6015],[93.559,27.6088],[93.518,27.6498],[93.6152,27.6676],[93.6344,27.6468],[93.6654,27.6426],[93.6891,27.6479],[93.7266,27.6727],[93.7573,27.6656],[93.7784,27.6622],[93.8164,27.6913],[93.8401,27.6966],[93.8736,27.6996],[93.8924,27.7053],[93.9163,27.7268],[93.9518,27.7325],[93.9714,27.7364],[93.9821,27.7419],[93.9876,27.7508],[93.9861,27.7633],[93.9778,27.7725],[93.9599,27.7834],[93.9559,27.791],[93.948,27.8029],[93.9314,27.8119],[93.9201,27.8179],[93.9145,27.8255],[93.9139,27.8373],[93.9247,27.8605],[93.9307,27.8745],[93.9306,27.8847],[93.9251,27.8924],[93.9129,27.8963],[93.8941,27.8968],[93.8869,27.9003],[93.886,27.9093],[93.8943,27.9159],[93.9144,27.9203],[93.9413,27.9185],[93.9645,27.9226],[93.9772,27.9349],[93.9837,27.9422],[94.0001,27.9469],[94.0111,27.9499],[94.0136,27.9497],[94.0189,27.9549],[94.0215,27.9544],[94.0361,27.9571],[94.0418,27.9564],[94.0442,27.9541],[94.0523,27.9522],[94.0585,27.9485],[94.0608,27.9444],[94.0715,27.9388],[94.0604,27.9218],[94.0564,27.9177],[94.0511,27.9142],[94.051,27.9115],[94.055,27.9078],[94.0594,27.9059],[94.0616,27.8871],[94.0638,27.8793],[94.063,27.8753],[94.0634,27.8691],[94.0775,27.849],[94.0898,27.8528],[94.0998,27.8595],[94.1056,27.8607],[94.1159,27.8596],[94.1253,27.8615],[94.1319,27.8575],[94.139,27.8616],[94.1448,27.8659],[94.1494,27.8666],[94.1524,27.8656],[94.1562,27.8578],[94.1573,27.8516],[94.1635,27.8434],[94.1737,27.8451],[94.1745,27.8448],[94.1865,27.8403],[94.1952,27.8362],[94.1954,27.8149],[94.1968,27.8111],[94.2071,27.8119],[94.2608,27.8074],[94.2773,27.8003],[94.2974,27.7901],[94.3087,27.7833],[94.3205,27.7736]]]},"properties":{"district_name":"Lower Subansiri","raw_district_name":"Lower Subansiri","state_code":"AR","state_name":"Arunachal Pradesh","census_code":255,"data_source":"DataMeet India Maps (Census 2011 Boundaries)"}},{"type":"Feature","geometry":{"type":"Polygon","coordinates":[[[93.518,27.6498],[93.559,27.6088],[93.5657,27.6015],[93.5891,27.572],[93.621,27.5318],[93.6107,27.4933],[93.5995,27.4886],[93.5712,27.4715],[93.5587,27.4521],[93.5606,27.4376],[93.5727,27.4324],[93.5819,27.4343],[93.5992,27.4004],[93.601,27.3858],[93.6036,27.3671],[93.6163,27.3568],[93.6343,27.3599],[93.659,27.348],[93.6692,27.3358],[93.6886,27.3351],[93.7151,27.3462],[93.744,27.3523],[93.7705,27.3457],[93.788,27.35],[93.8098,27.3707],[93.8209,27.3636],[93.8302,27.3576],[93.8389,27.363],[93.8385,27.392],[93.831,27.4068],[93.8307,27.4243],[93.8532,27.4398],[93.8545,27.452],[93.8559,27.4645],[93.8922,27.4907],[93.9181,27.5018],[93.9452,27.5109],[94.0077,27.5042],[94.0486,27.4988],[94.0719,27.482],[94.0973,27.4828],[94.123,27.4969],[94.1422,27.5137],[94.1462,27.5254],[94.1539,27.5301],[94.1799,27.5323],[94.1943,27.5354],[94.2088,27.5308],[94.2145,27.5119],[94.2239,27.5038],[94.2177,27.4999],[94.2146,27.4947],[94.1975,27.4942],[94.1935,27.4931],[94.1892,27.4876],[94.177,27.4809],[94.1702,27.481],[94.1665,27.4778],[94.1595,27.4749],[94.161,27.4668],[94.1625,27.4633],[94.1567,27.4573],[94.143,27.4453],[94.1381,27.4427],[94.1256,27.4318],[94.1193,27.4278],[94.1087,27.4149],[94.1021,27.4107],[94.0955,27.4078],[94.0886,27.4014],[94.0746,27.3798],[94.0708,27.3712],[94.0653,27.3657],[94.0631,27.3604],[94.057,27.3596],[94.0505,27.3556],[94.0438,27.3501],[94.0322,27.3448],[94.012,27.3357],[94.0022,27.3316],[94.0028,27.327],[93.9982,27.3247],[93.9923,27.3215],[93.9878,27.3174],[93.9831,27.3106],[93.9748,27.3052],[93.9586,27.2917],[93.941,27.2702],[93.936,27.2652],[93.921,27.254],[93.9031,27.2384],[93.8951,27.2279],[93.8877,27.2213],[93.8695,27.1957],[93.8595,27.188],[93.8492,27.1767],[93.8419,27.1704],[93.831,27.1676],[93.8191,27.1552],[93.8106,27.1487],[93.8088,27.1441],[93.8076,27.1347],[93.8155,27.1289],[93.8133,27.1232],[93.8169,27.1195],[93.8239,27.1189],[93.8292,27.1088],[93.8285,27.0962],[93.8332,27.0893],[93.8349,27.0844],[93.8362,27.0797],[93.8386,27.075],[93.834,27.0697],[93.8301,27.0658],[93.8247,27.0651],[93.8206,27.0618],[93.8148,27.0675],[93.8104,27.0594],[93.7995,27.0607],[93.7959,27.0546],[93.7893,27.0511],[93.7831,27.0577],[93.781,27.0502],[93.7756,27.0592],[93.7737,27.0524],[93.7704,27.0402],[93.7483,27.0293],[93.7358,27.0241],[93.7208,27.0161],[93.7075,27.0053],[93.7076,27.0006],[93.7001,26.9917],[93.6776,26.968],[93.657,26.9634],[93.642,26.9618],[93.6264,26.9612],[93.5977,26.9522],[93.5861,26.9497],[93.5727,26.9512],[93.5475,26.9489],[93.5278,26.9458],[93.4914,26.9357],[93.4888,26.9403],[93.4823,26.9374],[93.4701,26.9361],[93.4659,26.9408],[93.4499,26.9514],[93.4387,26.9534],[93.3929,26.9574],[93.3898,26.9719],[93.3822,26.9821],[93.3721,26.9806],[93.3638,26.9814],[93.3494,26.992],[93.3429,27.0007],[93.3426,27.0064],[93.3473,27.0104],[93.344,27.0162],[93.346,27.0235],[93.3432,27.0319],[93.3457,27.0362],[93.3419,27.0397],[93.3399,27.0448],[93.3324,27.0578],[93.3261,27.0615],[93.3222,27.07],[93.3157,27.0789],[93.3074,27.0788],[93.3026,27.0757],[93.2963,27.0775],[93.2888,27.085],[93.2862,27.0918],[93.2812,27.0963],[93.2752,27.1031],[93.2595,27.1077],[93.2455,27.111],[93.2326,27.1092],[93.2236,27.1136],[93.2161,27.1162],[93.2138,27.1306],[93.2192,27.1384],[93.2321,27.1402],[93.2398,27.1455],[93.248,27.1537],[93.2532,27.1545],[93.2653,27.1541],[93.2733,27.1534],[93.2766,27.1573],[93.2817,27.16],[93.2864,27.1626],[93.2975,27.1629],[93.3084,27.174],[93.3029,27.1793],[93.3031,27.1865],[93.293,27.1932],[93.2858,27.1994],[93.2823,27.2072],[93.2761,27.2108],[93.2651,27.2095],[93.2579,27.2064],[93.252,27.2022],[93.2383,27.2002],[93.2293,27.1992],[93.2246,27.2048],[93.2239,27.2113],[93.2249,27.2183],[93.229,27.2225],[93.2256,27.2279],[93.2276,27.2325],[93.2317,27.236],[93.2365,27.2386],[93.2348,27.2436],[93.2296,27.2506],[93.2336,27.2543],[93.2402,27.2571],[93.2494,27.264],[93.2545,27.2658],[93.2567,27.2711],[93.2611,27.2742],[93.2673,27.276],[93.2757,27.2791],[93.2841,27.2831],[93.291,27.285],[93.2976,27.2901],[93.2977,27.3024],[93.2983,27.308],[93.2948,27.3134],[93.2927,27.3289],[93.2987,27.3307],[93.3033,27.334],[93.31,27.344],[93.3187,27.3472],[93.3252,27.3521],[93.3313,27.354],[93.3454,27.3574],[93.3607,27.3644],[93.3662,27.3661],[93.3751,27.3709],[93.3712,27.3791],[93.376,27.3865],[93.3751,27.3933],[93.3719,27.4013],[93.3729,27.4115],[93.3713,27.4161],[93.3649,27.4215],[93.3545,27.4248],[93.3414,27.4327],[93.3315,27.4434],[93.3237,27.4431],[93.3275,27.4512],[93.3281,27.4583],[93.3293,27.4639],[93.3254,27.4678],[93.3228,27.4775],[93.3223,27.4834],[93.3231,27.489],[93.3196,27.4941],[93.317,27.4993],[93.314,27.5053],[93.3082,27.5075],[93.306,27.5139],[93.3034,27.5191],[93.2978,27.5227],[93.3024,27.5259],[93.3088,27.5274],[93.314,27.5298],[93.321,27.5359],[93.3221,27.5438],[93.3258,27.5475],[93.3323,27.5485],[93.3333,27.5541],[93.3289,27.5613],[93.3248,27.5652],[93.3148,27.5666],[93.3059,27.5743],[93.3016,27.5786],[93.2879,27.5771],[93.2848,27.5816],[93.2843,27.5891],[93.2725,27.595],[93.2648,27.5944],[93.2555,27.5963],[93.2482,27.5993],[93.2449,27.6041],[93.2376,27.6088],[93.2421,27.6145],[93.2519,27.6204],[93.2946,27.6573],[93.3325,27.6693],[93.3566,27.6687],[93.374,27.6676],[93.4025,27.6648],[93.449,27.6597],[93.4733,27.6569],[93.518,27.6498]]]},"properties":{"district_name":"Papum Pare","raw_district_name":"Papum Pare","state_code":"AR","state_name":"Arunachal Pradesh","census_code":248,"data_source":"DataMeet India Maps (Census 2011 Boundaries)"}},{"type":"Feature","geometry":{"type":"Polygon","coordinates":[[[92.4186,27.8222],[92.432,27.8112],[92.4485,27.7999],[92.4596,27.8024],[92.4638,27.8063],[92.4645,27.807],[92.4717,27.8143],[92.4755,27.8072],[92.4715,27.7935],[92.4641,27.7817],[92.4614,27.7774],[92.4513,27.7747],[92.4249,27.7663],[92.4159,27.7553],[92.4204,27.7404],[92.4174,27.7307],[92.4122,27.7171],[92.4166,27.7086],[92.4101,27.6969],[92.3966,27.6723],[92.3828,27.6658],[92.3592,27.6717],[92.3461,27.6722],[92.3271,27.6655],[92.2899,27.6532],[92.273,27.6481],[92.2688,27.6508],[92.2677,27.6492],[92.2479,27.6505],[92.2365,27.6435],[92.2253,27.6269],[92.2255,27.6118],[92.2255,27.6026],[92.2193,27.5912],[92.2125,27.5799],[92.2059,27.577],[92.1866,27.5808],[92.1703,27.5804],[92.1552,27.577],[92.1385,27.5642],[92.1359,27.5622],[92.1275,27.5391],[92.1154,27.5248],[92.0963,27.5178],[92.0745,27.5174],[92.0523,27.5162],[92.0391,27.5093],[92.0227,27.5017],[92.0167,27.491],[92.0157,27.481],[92.0012,27.4765],[91.9936,27.4735],[91.9867,27.4668],[91.9835,27.4642],[91.9776,27.4642],[91.9699,27.466],[91.9592,27.4606],[91.9539,27.4601],[91.9439,27.4598],[91.9364,27.4642],[91.9273,27.4706],[91.9135,27.4705],[91.9031,27.4675],[91.8956,27.4725],[91.8768,27.4721],[91.8677,27.4813],[91.8538,27.4818],[91.8443,27.475],[91.8331,27.4683],[91.8226,27.4692],[91.8141,27.4719],[91.7933,27.4685],[91.7785,27.4638],[91.7675,27.4658],[91.7613,27.4727],[91.7545,27.4736],[91.7466,27.4732],[91.738,27.4696],[91.7248,27.4697],[91.7186,27.473],[91.7174,27.4824],[91.7154,27.4906],[91.7048,27.4949],[91.6949,27.5021],[91.6885,27.5018],[91.6847,27.4993],[91.6793,27.4938],[91.6723,27.4902],[91.6653,27.4856],[91.6581,27.4824],[91.6523,27.4841],[91.6511,27.4914],[91.649,27.4984],[91.6438,27.5031],[91.6331,27.5075],[91.6254,27.5128],[91.6209,27.5218],[91.6142,27.5411],[91.6104,27.5432],[91.6062,27.5403],[91.5994,27.539],[91.5964,27.5433],[91.5866,27.5618],[91.5719,27.5745],[91.5671,27.5837],[91.5819,27.5991],[91.5813,27.6078],[91.5683,27.6195],[91.5629,27.633],[91.5721,27.652],[91.595,27.6714],[91.5955,27.6786],[91.5971,27.6828],[91.6038,27.6861],[91.6016,27.6921],[91.6078,27.6945],[91.6153,27.6925],[91.6198,27.6955],[91.6213,27.7015],[91.629,27.7055],[91.6286,27.7149],[91.6344,27.7314],[91.635,27.7466],[91.6418,27.7527],[91.6454,27.7576],[91.6449,27.7648],[91.6365,27.7712],[91.6355,27.777],[91.6358,27.7825],[91.635,27.7937],[91.6336,27.8004],[91.6247,27.8079],[91.6206,27.8109],[91.6043,27.8205],[91.5897,27.8184],[91.5835,27.8136],[91.5785,27.8124],[91.571,27.815],[91.566,27.8211],[91.5616,27.831],[91.5514,27.8465],[91.5495,27.8552],[91.5581,27.8583],[91.5644,27.8514],[91.57,27.8524],[91.5753,27.8604],[91.5827,27.8617],[91.59,27.8559],[91.5997,27.8617],[91.6048,27.859],[91.6129,27.8537],[91.6205,27.8566],[91.6272,27.8574],[91.6328,27.8552],[91.6374,27.8547],[91.6474,27.8538],[91.6596,27.8567],[91.6675,27.8579],[91.6748,27.8563],[91.6851,27.8438],[91.695,27.8287],[91.6995,27.8217],[91.7076,27.8164],[91.715,27.8129],[91.7265,27.8101],[91.7516,27.8029],[91.7634,27.8009],[91.7764,27.8008],[91.784,27.8026],[91.7939,27.8042],[91.8044,27.8078],[91.8094,27.8084],[91.8158,27.8025],[91.8205,27.8029],[91.8295,27.8099],[91.8332,27.8071],[91.8341,27.7962],[91.8366,27.7885],[91.8387,27.7794],[91.8504,27.7751],[91.854,27.7677],[91.8564,27.7645],[91.8581,27.7588],[91.8627,27.7417],[91.8656,27.7364],[91.8755,27.7339],[91.8784,27.7299],[91.8808,27.7254],[91.8837,27.7213],[91.8935,27.7237],[91.9073,27.7265],[91.9134,27.7257],[91.92,27.7176],[91.9238,27.7145],[91.939,27.721],[91.9501,27.7281],[91.9548,27.7389],[91.9606,27.7501],[91.9661,27.7504],[91.9708,27.7508],[91.9779,27.7593],[91.984,27.7641],[91.9889,27.7694],[92,27.7678],[92.0053,27.7669],[92.0157,27.7641],[92.0427,27.7566],[92.0536,27.7564],[92.0603,27.7585],[92.0726,27.7672],[92.0895,27.7791],[92.1042,27.7927],[92.1249,27.81],[92.1439,27.8238],[92.1611,27.8364],[92.1759,27.8423],[92.1943,27.8514],[92.2053,27.8564],[92.2154,27.8583],[92.2392,27.862],[92.2512,27.8628],[92.2601,27.8615],[92.2689,27.8572],[92.2723,27.8532],[92.276,27.8439],[92.2823,27.8244],[92.2895,27.8068],[92.3121,27.7784],[92.3207,27.7774],[92.3336,27.7827],[92.355,27.7898],[92.3689,27.7928],[92.3743,27.7925],[92.3794,27.7928],[92.3845,27.7942],[92.3877,27.8147],[92.4027,27.8196],[92.4115,27.8213],[92.4186,27.8222],[92.4186,27.8222]]]},"properties":{"district_name":"Tawang","raw_district_name":"Tawang","state_code":"AR","state_name":"Arunachal Pradesh","census_code":245,"data_source":"DataMeet India Maps (Census 2011 Boundaries)"}},{"type":"Feature","geometry":{"type":"Polygon","coordinates":[[[95.6373,27.2305],[95.639,27.2218],[95.6444,27.2083],[95.6453,27.2012],[95.6441,27.1926],[95.6605,27.1858],[95.6719,27.1782],[95.6757,27.1678],[95.6744,27.1496],[95.6704,27.1335],[95.6672,27.1246],[95.6591,27.1188],[95.6481,27.1109],[95.6426,27.0996],[95.6475,27.0899],[95.6525,27.0803],[95.6534,27.0628],[95.6324,27.0264],[95.6346,27.0106],[95.6464,26.9901],[95.6631,26.9848],[95.6845,26.9845],[95.686,26.9715],[95.6854,26.9614],[95.6969,26.9438],[95.6965,26.9342],[95.6976,26.9172],[95.6908,26.9032],[95.6809,26.8978],[95.673,26.9031],[95.6678,26.9012],[95.6626,26.8978],[95.6574,26.891],[95.6549,26.8858],[95.6506,26.8767],[95.646,26.8758],[95.6418,26.8759],[95.6364,26.8722],[95.6337,26.8661],[95.6345,26.8595],[95.6331,26.848],[95.6318,26.8423],[95.6272,26.8361],[95.6216,26.8301],[95.6175,26.8227],[95.611,26.8141],[95.5986,26.8151],[95.5918,26.8159],[95.5843,26.8157],[95.5743,26.8186],[95.5681,26.8229],[95.5652,26.8268],[95.5623,26.8302],[95.5544,26.8326],[95.5453,26.8309],[95.5324,26.8243],[95.5298,26.8199],[95.5246,26.813],[95.5199,26.8086],[95.5144,26.8063],[95.5061,26.7897],[95.5017,26.7758],[95.4954,26.765],[95.4887,26.7547],[95.483,26.7481],[95.4754,26.7455],[95.4652,26.7435],[95.461,26.7391],[95.458,26.7308],[95.4537,26.7256],[95.4458,26.7205],[95.4415,26.716],[95.4393,26.7111],[95.4368,26.7076],[95.435,26.7013],[95.4319,26.6967],[95.4283,26.6931],[95.4228,26.6898],[95.4059,26.6898],[95.3942,26.6842],[95.3831,26.6813],[95.3776,26.6766],[95.371,26.6725],[95.3654,26.6708],[95.3553,26.6704],[95.3462,26.6712],[95.324,26.6624],[95.3174,26.6602],[95.308,26.6511],[95.3021,26.6494],[95.2988,26.6517],[95.2927,26.6546],[95.2825,26.6562],[95.2716,26.6563],[95.2656,26.6613],[95.2617,26.6671],[95.2613,26.675],[95.2597,26.6798],[95.2562,26.6828],[95.2505,26.6859],[95.2436,26.6874],[95.2401,26.6852],[95.2373,26.6798],[95.2356,26.6818],[95.2357,26.6851],[95.2334,26.6907],[95.2358,26.7058],[95.2294,26.7105],[95.2279,26.7175],[95.2159,26.729],[95.2166,26.735],[95.2208,26.7411],[95.2212,26.7452],[95.2191,26.7492],[95.2199,26.7535],[95.2239,26.7554],[95.229,26.7622],[95.233,26.7656],[95.2331,26.7674],[95.2315,26.7714],[95.2345,26.7741],[95.2424,26.7782],[95.2448,26.781],[95.2416,26.7806],[95.2401,26.7829],[95.2349,26.783],[95.2273,26.7861],[95.2215,26.7873],[95.215,26.7922],[95.2068,26.8055],[95.2035,26.8152],[95.2026,26.8226],[95.2005,26.8268],[95.199,26.8338],[95.2005,26.8368],[95.2064,26.8401],[95.2086,26.8446],[95.2042,26.8428],[95.1977,26.8454],[95.1973,26.8433],[95.1956,26.8435],[95.1931,26.8451],[95.1858,26.8536],[95.1845,26.8588],[95.2065,26.8718],[95.2114,26.8756],[95.2129,26.8795],[95.2179,26.8808],[95.23,26.8795],[95.2339,26.8847],[95.2314,26.8922],[95.2338,26.8998],[95.2342,26.9036],[95.2322,26.9088],[95.232,26.9118],[95.234,26.9127],[95.234,26.9145],[95.232,26.9201],[95.2294,26.9246],[95.2257,26.9284],[95.2172,26.9282],[95.2146,26.9309],[95.2123,26.9374],[95.2094,26.9507],[95.2136,26.9528],[95.2087,26.9548],[95.207,26.9566],[95.209,26.9594],[95.2139,26.9622],[95.2153,26.9644],[95.209,26.9692],[95.2068,26.9729],[95.2054,26.9763],[95.2102,26.9767],[95.208,26.9788],[95.2007,26.9797],[95.1955,26.9841],[95.1965,26.9919],[95.2001,26.9935],[95.2004,27.0004],[95.1979,27.0099],[95.1982,27.014],[95.1961,27.0267],[95.1959,27.0372],[95.1988,27.0386],[95.2013,27.0365],[95.2042,27.0372],[95.208,27.0289],[95.2141,27.0276],[95.22,27.0309],[95.223,27.035],[95.2263,27.0364],[95.2298,27.0343],[95.2325,27.037],[95.2312,27.0398],[95.235,27.0377],[95.2382,27.0373],[95.244,27.0282],[95.2485,27.0243],[95.2525,27.026],[95.261,27.0313],[95.2602,27.033],[95.2629,27.0351],[95.267,27.0345],[95.2712,27.0391],[95.2779,27.0438],[95.2797,27.048],[95.2781,27.0508],[95.2882,27.0604],[95.2969,27.0669],[95.31,27.0752],[95.3135,27.0808],[95.3236,27.0836],[95.3354,27.0899],[95.3489,27.0987],[95.3668,27.1068],[95.3695,27.106],[95.3716,27.1053],[95.371,27.1041],[95.3688,27.1037],[95.3681,27.1036],[95.3686,27.1013],[95.3739,27.1019],[95.3729,27.0956],[95.3773,27.0961],[95.3857,27.099],[95.3864,27.1056],[95.3964,27.1083],[95.4066,27.1122],[95.4205,27.1246],[95.4295,27.1279],[95.4413,27.1266],[95.4458,27.1281],[95.4474,27.1321],[95.451,27.1326],[95.4537,27.1297],[95.4581,27.1294],[95.4613,27.134],[95.464,27.1441],[95.4661,27.1486],[95.4653,27.1514],[95.4636,27.1533],[95.4602,27.1542],[95.459,27.1571],[95.4641,27.1608],[95.4683,27.1661],[95.464,27.176],[95.4675,27.1794],[95.469,27.1844],[95.4662,27.1913],[95.4624,27.1969],[95.4593,27.2035],[95.4601,27.2073],[95.4698,27.2122],[95.4711,27.2171],[95.4743,27.2175],[95.4749,27.2208],[95.481,27.2262],[95.4877,27.2399],[95.4914,27.2426],[95.5067,27.2485],[95.5111,27.2529],[95.5113,27.2602],[95.5166,27.2625],[95.5209,27.2576],[95.5264,27.2601],[95.5301,27.2629],[95.5352,27.2645],[95.5546,27.2531],[95.5565,27.2481],[95.5636,27.2462],[95.5748,27.2448],[95.5786,27.2408],[95.5782,27.2358],[95.5904,27.2232],[95.5995,27.2232],[95.6076,27.225],[95.6194,27.2301],[95.6344,27.2334],[95.6373,27.2305]]]},"properties":{"district_name":"Tirap","raw_district_name":"Tirap","state_code":"AR","state_name":"Arunachal Pradesh","census_code":254,"data_source":"DataMeet India Maps (Census 2011 Boundaries)"}},{"type":"Feature","geometry":{"type":"Polygon","coordinates":[[[95.2723,29.0477],[95.2755,29.0449],[95.2791,29.0437],[95.2795,29.0286],[95.2744,29.026],[95.2689,29.0246],[95.2593,29.0067],[95.2554,29.003],[95.2471,29.0005],[95.2485,28.9872],[95.2595,28.9784],[95.2589,28.9697],[95.2603,28.9673],[95.2633,28.9619],[95.2591,28.9555],[95.2594,28.9509],[95.2675,28.9462],[95.2726,28.9449],[95.2763,28.9449],[95.2786,28.9452],[95.2868,28.9463],[95.2925,28.9492],[95.2992,28.9526],[95.3032,28.9564],[95.3112,28.9502],[95.3095,28.9457],[95.311,28.9425],[95.3125,28.9418],[95.316,28.9339],[95.3276,28.9295],[95.3303,28.9234],[95.3315,28.9187],[95.3217,28.9095],[95.3265,28.9025],[95.3289,28.8916],[95.3196,28.8858],[95.3266,28.874],[95.3253,28.862],[95.3313,28.8535],[95.3265,28.8504],[95.3276,28.843],[95.3305,28.8411],[95.3314,28.8357],[95.3338,28.8336],[95.3445,28.833],[95.3469,28.8285],[95.3498,28.8259],[95.3509,28.8258],[95.3588,28.8229],[95.357,28.8179],[95.3615,28.8041],[95.3621,28.799],[95.3644,28.798],[95.364,28.7925],[95.3661,28.7867],[95.3807,28.7774],[95.3771,28.7689],[95.3775,28.7643],[95.3831,28.7531],[95.3927,28.741],[95.3899,28.7361],[95.3836,28.7288],[95.3782,28.7269],[95.3706,28.714],[95.3591,28.707],[95.3543,28.7041],[95.3582,28.7014],[95.3603,28.6954],[95.3618,28.6866],[95.361,28.681],[95.363,28.67],[95.363,28.67],[95.363,28.6699],[95.363,28.6592],[95.3679,28.6513],[95.3708,28.6437],[95.3688,28.6257],[95.3787,28.614],[95.3793,28.6048],[95.3798,28.5976],[95.3823,28.5877],[95.3843,28.5847],[95.3836,28.5795],[95.3853,28.57],[95.4043,28.5674],[95.4127,28.5534],[95.4131,28.5492],[95.4112,28.5456],[95.4054,28.5413],[95.3961,28.5287],[95.3979,28.5242],[95.3962,28.519],[95.3977,28.5149],[95.3961,28.5119],[95.3908,28.51],[95.3803,28.5079],[95.3766,28.5047],[95.3695,28.4917],[95.3565,28.4898],[95.3554,28.4889],[95.3512,28.4861],[95.3496,28.4843],[95.3462,28.4809],[95.3433,28.4798],[95.3424,28.4782],[95.34,28.4766],[95.3384,28.4645],[95.3381,28.4518],[95.341,28.4485],[95.341,28.4435],[95.341,28.4415],[95.3422,28.4386],[95.3402,28.4375],[95.3386,28.4339],[95.3235,28.4255],[95.3267,28.4188],[95.3312,28.418],[95.332,28.4156],[95.3357,28.4133],[95.3405,28.4081],[95.3414,28.4056],[95.3417,28.4024],[95.3406,28.3983],[95.3428,28.3843],[95.3403,28.3755],[95.3414,28.3654],[95.3456,28.3627],[95.3545,28.3597],[95.361,28.3574],[95.3651,28.3563],[95.3683,28.3568],[95.372,28.3563],[95.3727,28.3531],[95.3709,28.3482],[95.373,28.3387],[95.3756,28.3349],[95.38,28.3335],[95.3775,28.324],[95.3785,28.3193],[95.385,28.3105],[95.3851,28.3104],[95.3814,28.3076],[95.3564,28.2918],[95.3497,28.2836],[95.3458,28.2669],[95.3455,28.2442],[95.3278,28.2327],[95.3086,28.2235],[95.3018,28.2136],[95.3066,28.2021],[95.2993,28.1984],[95.2822,28.2017],[95.2735,28.197],[95.2631,28.1781],[95.2509,28.1699],[95.2393,28.1567],[95.2274,28.1517],[95.2152,28.154],[95.1959,28.1641],[95.1871,28.1738],[95.1859,28.1894],[95.1817,28.1946],[95.1722,28.2001],[95.159,28.2017],[95.1519,28.2026],[95.1408,28.2031],[95.1343,28.2165],[95.1425,28.2284],[95.1322,28.2409],[95.11,28.263],[95.1209,28.3761],[95.1078,28.3784],[95.0859,28.3948],[95.0852,28.4147],[95.0975,28.4305],[95.108,28.4439],[95.1142,28.4625],[95.1051,28.4831],[95.114,28.5004],[95.0876,28.5263],[95.0737,28.5237],[95.0417,28.5151],[95.0223,28.5206],[94.9923,28.5288],[94.9863,28.5422],[94.9759,28.565],[94.9613,28.5725],[94.9431,28.5688],[94.9232,28.5577],[94.9051,28.5484],[94.8815,28.552],[94.8613,28.5635],[94.8403,28.5688],[94.8231,28.5677],[94.8124,28.5619],[94.8072,28.5514],[94.7991,28.5459],[94.7772,28.535],[94.7623,28.5336],[94.7622,28.5336],[94.7654,28.5468],[94.7742,28.5508],[94.781,28.5589],[94.7636,28.5596],[94.7501,28.5876],[94.7479,28.6106],[94.7512,28.6649],[94.749,28.6861],[94.7333,28.7008],[94.7001,28.728],[94.6373,28.7664],[94.6367,28.7839],[94.6236,28.7935],[94.6112,28.7967],[94.5957,28.7915],[94.565,28.81],[94.5445,28.8098],[94.5287,28.8113],[94.5187,28.8206],[94.5204,28.8363],[94.4834,28.8581],[94.4452,28.8916],[94.371,28.9563],[94.3461,28.9836],[94.3234,28.9912],[94.2544,29.0163],[94.1911,29.0382],[94.1941,29.0424],[94.2007,29.053],[94.2047,29.0595],[94.2115,29.0687],[94.2205,29.0835],[94.2305,29.0894],[94.2389,29.0957],[94.2439,29.0999],[94.2517,29.1074],[94.2635,29.1162],[94.2748,29.1266],[94.2834,29.1348],[94.2936,29.1476],[94.3035,29.15],[94.3133,29.1503],[94.3243,29.1496],[94.3372,29.1497],[94.356,29.1496],[94.3628,29.152],[94.3695,29.1566],[94.3735,29.1658],[94.376,29.1812],[94.3782,29.1897],[94.3828,29.194],[94.4055,29.2044],[94.4198,29.2122],[94.4317,29.2231],[94.4371,29.2263],[94.4474,29.2249],[94.4606,29.2234],[94.4729,29.2211],[94.4846,29.2182],[94.5004,29.2161],[94.5199,29.2166],[94.5389,29.2181],[94.5517,29.2226],[94.5638,29.2283],[94.5733,29.2402],[94.578,29.25],[94.5794,29.2643],[94.5799,29.2746],[94.5837,29.2802],[94.5898,29.2822],[94.595,29.2858],[94.5999,29.2893],[94.6114,29.2965],[94.6167,29.3006],[94.625,29.3123],[94.6272,29.322],[94.6298,29.3363],[94.6297,29.3452],[94.6343,29.3482],[94.6476,29.3465],[94.672,29.3313],[94.6833,29.3273],[94.6876,29.3233],[94.7006,29.3134],[94.7104,29.3071],[94.717,29.3037],[94.7425,29.2813],[94.754,29.2655],[94.7723,29.252],[94.7831,29.2403],[94.7884,29.2323],[94.7965,29.2253],[94.801,29.2178],[94.8035,29.2091],[94.8021,29.1945],[94.7984,29.1794],[94.7984,29.1687],[94.8035,29.1636],[94.815,29.1657],[94.8258,29.1699],[94.8381,29.1757],[94.8521,29.1819],[94.8579,29.1827],[94.8773,29.1832],[94.8866,29.1807],[94.898,29.1749],[94.9123,29.1654],[94.9242,29.1611],[94.9322,29.1616],[94.9436,29.1598],[94.9622,29.1591],[94.973,29.1585],[94.9869,29.1487],[94.9918,29.1454],[95.0003,29.1396],[95.0102,29.1344],[95.0164,29.1321],[95.028,29.1292],[95.0235,29.1416],[95.0157,29.1506],[95.0095,29.1564],[94.9977,29.1643],[94.992,29.1723],[95.0028,29.1718],[95.0102,29.1692],[95.0162,29.1658],[95.0255,29.1598],[95.0345,29.156],[95.0449,29.1511],[95.0595,29.1487],[95.0707,29.1465],[95.0833,29.1442],[95.1035,29.1424],[95.1076,29.1387],[95.114,29.1275],[95.1186,29.1197],[95.1268,29.1147],[95.151,29.114],[95.1599,29.1118],[95.1825,29.107],[95.2016,29.1059],[95.2216,29.1068],[95.2454,29.109],[95.2557,29.1082],[95.2527,29.092],[95.2562,29.084],[95.2545,29.0748],[95.2549,29.0667],[95.2623,29.0601],[95.2713,29.0558],[95.2723,29.0477]]]},"properties":{"district_name":"Upper Siang","raw_district_name":"Upper Siang","state_code":"AR","state_name":"Arunachal Pradesh","census_code":252,"data_source":"DataMeet India Maps (Census 2011 Boundaries)"}},{"type":"Feature","geometry":{"type":"Polygon","coordinates":[[[94.3205,27.7736],[94.3087,27.7833],[94.2974,27.7901],[94.2773,27.8003],[94.2608,27.8074],[94.2071,27.8119],[94.1968,27.8111],[94.1954,27.8149],[94.1952,27.8362],[94.1865,27.8403],[94.1745,27.8448],[94.1737,27.8451],[94.1635,27.8434],[94.1573,27.8516],[94.1562,27.8578],[94.1524,27.8656],[94.1494,27.8666],[94.1448,27.8659],[94.139,27.8616],[94.1319,27.8575],[94.1253,27.8615],[94.1159,27.8596],[94.1056,27.8607],[94.0998,27.8595],[94.0898,27.8528],[94.0775,27.849],[94.0634,27.8691],[94.063,27.8753],[94.0638,27.8793],[94.0616,27.8871],[94.0594,27.9059],[94.055,27.9078],[94.051,27.9115],[94.0511,27.9142],[94.0564,27.9177],[94.0604,27.9218],[94.0715,27.9388],[94.0608,27.9444],[94.0585,27.9485],[94.0523,27.9522],[94.0442,27.9541],[94.0418,27.9564],[94.0361,27.9571],[94.0215,27.9544],[94.0189,27.9549],[94.0144,27.9558],[94,27.9666],[93.9954,27.9699],[93.9911,27.9746],[93.9821,27.9765],[93.9774,27.9737],[93.9731,27.9658],[93.9716,27.9656],[93.9691,27.9761],[93.9601,27.9777],[93.9493,27.9785],[93.946,27.9807],[93.9437,27.9847],[93.9433,27.9943],[93.9414,27.9982],[93.9418,27.9997],[93.941,28.0016],[93.9346,28.0052],[93.9157,28.0124],[93.9161,28.0187],[93.9152,28.0249],[93.913,28.029],[93.9084,28.0322],[93.8914,28.0375],[93.8894,28.0395],[93.8864,28.0444],[93.8773,28.053],[93.8755,28.059],[93.8767,28.0648],[93.8793,28.0711],[93.8781,28.0728],[93.8676,28.0777],[93.8579,28.0809],[93.8571,28.083],[93.8661,28.092],[93.8752,28.0992],[93.8824,28.105],[93.8841,28.1074],[93.8795,28.1148],[93.8798,28.1205],[93.8839,28.1253],[93.8959,28.1283],[93.8795,28.1606],[93.8539,28.199],[93.8499,28.2074],[93.8462,28.218],[93.8441,28.2294],[93.8452,28.2359],[93.8428,28.2388],[93.8214,28.2486],[93.79,28.2571],[93.7828,28.2603],[93.7773,28.2596],[93.7689,28.2625],[93.7614,28.268],[93.7556,28.2769],[93.7519,28.2795],[93.7494,28.2842],[93.7457,28.2863],[93.7328,28.2873],[93.7253,28.2909],[93.7053,28.3076],[93.698,28.311],[93.6871,28.3202],[93.684,28.3213],[93.6744,28.3163],[93.6663,28.3065],[93.6604,28.3042],[93.6534,28.303],[93.6372,28.3088],[93.6336,28.3079],[93.6313,28.3054],[93.6261,28.2952],[93.6229,28.2858],[93.614,28.2716],[93.6006,28.2719],[93.5961,28.2708],[93.5902,28.2678],[93.5805,28.2608],[93.5748,28.2556],[93.5677,28.2617],[93.5602,28.2602],[93.5576,28.2609],[93.5457,28.2675],[93.5387,28.2692],[93.5196,28.2704],[93.5128,28.2717],[93.5024,28.2763],[93.4951,28.2766],[93.483,28.2811],[93.4794,28.2808],[93.475,28.2754],[93.472,28.2734],[93.4585,28.2714],[93.4563,28.2716],[93.451,28.2817],[93.4485,28.2829],[93.4458,28.2822],[93.4401,28.2825],[93.435,28.2796],[93.4281,28.2823],[93.4175,28.2881],[93.4141,28.2965],[93.4118,28.3065],[93.4034,28.3088],[93.3978,28.3079],[93.3895,28.306],[93.3877,28.3092],[93.3872,28.3125],[93.385,28.3119],[93.3821,28.3112],[93.3817,28.3163],[93.3834,28.3213],[93.3818,28.3231],[93.3677,28.3294],[93.3641,28.3295],[93.3626,28.3325],[93.3622,28.3365],[93.3644,28.3421],[93.3637,28.3433],[93.3614,28.3441],[93.3528,28.3443],[93.3475,28.3451],[93.3444,28.3471],[93.3401,28.353],[93.3232,28.3492],[93.3153,28.345],[93.3062,28.3414],[93.3009,28.3401],[93.2975,28.34],[93.2915,28.3478],[93.2881,28.3548],[93.2861,28.3645],[93.2809,28.3662],[93.263,28.3667],[93.2489,28.3605],[93.2427,28.3505],[93.2384,28.3477],[93.2351,28.3465],[93.2326,28.3441],[93.2298,28.3401],[93.2297,28.3353],[93.2262,28.3338],[93.2249,28.3346],[93.2277,28.3402],[93.2243,28.3606],[93.2273,28.3771],[93.2366,28.3999],[93.231,28.4075],[93.2212,28.4129],[93.2098,28.4185],[93.1956,28.4253],[93.1863,28.432],[93.1879,28.4392],[93.1956,28.4434],[93.2061,28.4482],[93.2128,28.4515],[93.2188,28.4574],[93.2277,28.4696],[93.2343,28.4772],[93.2406,28.482],[93.2592,28.4908],[93.2681,28.4962],[93.2749,28.5004],[93.2812,28.5041],[93.2846,28.5131],[93.287,28.5205],[93.2943,28.5427],[93.3028,28.5569],[93.3107,28.5656],[93.3088,28.5762],[93.303,28.5914],[93.3053,28.5989],[93.3119,28.6004],[93.3168,28.6031],[93.3251,28.6064],[93.3331,28.6077],[93.3354,28.615],[93.3365,28.6229],[93.3378,28.6331],[93.3425,28.6396],[93.3475,28.6395],[93.3564,28.6383],[93.3673,28.6402],[93.3752,28.6439],[93.3952,28.6489],[93.4173,28.6523],[93.4353,28.6617],[93.443,28.6688],[93.4468,28.6719],[93.4512,28.6754],[93.4622,28.6678],[93.468,28.6564],[93.4722,28.6514],[93.4796,28.653],[93.481,28.6617],[93.4847,28.6743],[93.4891,28.6794],[93.4966,28.6833],[93.501,28.6834],[93.5064,28.6814],[93.5147,28.6792],[93.5239,28.6731],[93.5256,28.6649],[93.5299,28.6606],[93.5392,28.6581],[93.5666,28.6589],[93.6123,28.6551],[93.6254,28.6569],[93.6442,28.6611],[93.6589,28.666],[93.6747,28.6711],[93.6908,28.6785],[93.7049,28.6791],[93.7191,28.683],[93.7303,28.6874],[93.7369,28.6884],[93.7526,28.6823],[93.7665,28.6737],[93.7804,28.6676],[93.7905,28.6705],[93.8026,28.6793],[93.824,28.694],[93.8408,28.7036],[93.8492,28.7065],[93.8549,28.7061],[93.8631,28.7049],[93.8705,28.7028],[93.9092,28.6756],[93.9247,28.6693],[93.9312,28.6707],[93.9396,28.676],[93.9486,28.6881],[93.9621,28.7037],[93.9654,28.712],[93.993,28.6875],[93.9999,28.6821],[94.0046,28.6784],[94.0075,28.6743],[94.0129,28.6713],[94.0189,28.6683],[94.0214,28.6652],[94.0267,28.6509],[94.0135,28.6315],[94.0095,28.6214],[94.0068,28.6106],[94.0051,28.5906],[94.0047,28.5775],[94.0248,28.5652],[94.053,28.5508],[94.0613,28.5492],[94.069,28.5442],[94.0748,28.539],[94.0885,28.5334],[94.0953,28.5352],[94.1002,28.5358],[94.103,28.5328],[94.1065,28.525],[94.1107,28.524],[94.1121,28.521],[94.1108,28.5117],[94.1124,28.5028],[94.109,28.4973],[94.1147,28.4888],[94.1182,28.4754],[94.1263,28.4704],[94.1298,28.4667],[94.1361,28.4512],[94.1425,28.4442],[94.1552,28.4358],[94.166,28.432],[94.1716,28.4325],[94.1767,28.4347],[94.1879,28.4291],[94.1958,28.4295],[94.2037,28.4312],[94.2173,28.4361],[94.2226,28.4359],[94.2287,28.433],[94.235,28.4279],[94.2401,28.4332],[94.2401,28.4415],[94.2427,28.4454],[94.2451,28.4464],[94.2555,28.4398],[94.2659,28.4351],[94.2709,28.4319],[94.2781,28.4303],[94.2868,28.4316],[94.2962,28.4284],[94.2998,28.4224],[94.3059,28.4186],[94.3119,28.4166],[94.3122,28.4142],[94.3051,28.3956],[94.3119,28.3752],[94.3188,28.3723],[94.3255,28.3683],[94.3287,28.3611],[94.333,28.3575],[94.3406,28.358],[94.3469,28.3549],[94.3713,28.3528],[94.3742,28.3514],[94.3761,28.3439],[94.38,28.3402],[94.3895,28.3355],[94.4047,28.34],[94.4066,28.3275],[94.3997,28.3222],[94.3895,28.3165],[94.381,28.3086],[94.3781,28.2994],[94.3782,28.2946],[94.3847,28.2868],[94.3933,28.2782],[94.396,28.2733],[94.3975,28.2632],[94.4048,28.259],[94.4145,28.2558],[94.4204,28.2539],[94.4131,28.2524],[94.4075,28.2526],[94.4004,28.2552],[94.3868,28.2577],[94.3758,28.2457],[94.3726,28.2438],[94.3708,28.2351],[94.3717,28.2247],[94.3702,28.2202],[94.3711,28.2111],[94.3679,28.2062],[94.3598,28.1982],[94.3641,28.1902],[94.3721,28.1856],[94.3778,28.1807],[94.38,28.1762],[94.378,28.1677],[94.3811,28.1583],[94.3948,28.1416],[94.3952,28.1361],[94.3899,28.1207],[94.401,28.1044],[94.3981,28.0884],[94.3952,28.0824],[94.4027,28.0796],[94.406,28.0757],[94.4108,28.0719],[94.4117,28.0688],[94.4208,28.0661],[94.429,28.0623],[94.4427,28.0605],[94.4704,28.0484],[94.4787,28.039],[94.4876,28.0214],[94.5096,28.0189],[94.5164,28.0151],[94.5259,28.0005],[94.5281,27.9949],[94.5316,27.9895],[94.5354,27.9856],[94.5287,27.9768],[94.5261,27.9661],[94.5285,27.9579],[94.5343,27.9519],[94.5392,27.9435],[94.5411,27.933],[94.5459,27.9251],[94.5579,27.9099],[94.5614,27.9021],[94.57,27.8983],[94.5826,27.8942],[94.5914,27.8923],[94.5963,27.8897],[94.5979,27.8807],[94.5982,27.8704],[94.5925,27.8613],[94.5805,27.8557],[94.5626,27.8558],[94.5369,27.8496],[94.5071,27.8359],[94.4865,27.8358],[94.479,27.8329],[94.4728,27.8325],[94.4677,27.827],[94.4646,27.8247],[94.4516,27.8248],[94.4469,27.8226],[94.4457,27.8136],[94.4433,27.8107],[94.4371,27.8086],[94.4269,27.8074],[94.4214,27.806],[94.4057,27.7922],[94.3978,27.7937],[94.3882,27.7939],[94.3828,27.789],[94.3751,27.7831],[94.3681,27.7766],[94.35,27.7637],[94.3359,27.7574],[94.3247,27.7703],[94.3205,27.7736]]]},"properties":{"district_name":"Upper Subansiri","raw_district_name":"Upper Subansiri","state_code":"AR","state_name":"Arunachal Pradesh","census_code":249,"data_source":"DataMeet India Maps (Census 2011 Boundaries)"}},{"type":"Feature","geometry":{"type":"Polygon","coordinates":[[[92.6421,27.0169],[92.6476,27.0084],[92.6472,27.0008],[92.6483,26.9939],[92.6484,26.9857],[92.5882,26.9602],[92.5566,26.9574],[92.5348,26.9617],[92.5185,26.9628],[92.5081,26.9652],[92.4937,26.9632],[92.4868,26.9632],[92.4694,26.9615],[92.4627,26.9618],[92.4493,26.9591],[92.4453,26.9535],[92.4289,26.942],[92.415,26.9427],[92.4029,26.9248],[92.3705,26.9301],[92.3676,26.9312],[92.3562,26.9341],[92.35,26.932],[92.3233,26.927],[92.3061,26.9228],[92.307,26.9081],[92.3037,26.9067],[92.2933,26.9041],[92.2847,26.9028],[92.2796,26.9011],[92.2711,26.9037],[92.2683,26.9062],[92.2645,26.9074],[92.2578,26.9109],[92.2126,26.8956],[92.1981,26.8897],[92.1805,26.8912],[92.1721,26.8906],[92.1657,26.8914],[92.1513,26.8896],[92.1329,26.8895],[92.1276,26.8885],[92.1237,26.8891],[92.1113,26.8926],[92.1112,26.8984],[92.1123,26.9062],[92.117,26.9183],[92.1205,26.9312],[92.1182,26.941],[92.1154,26.9482],[92.1209,26.959],[92.1167,26.9745],[92.1076,26.9765],[92.1057,26.9818],[92.1069,27.0066],[92.1009,27.0084],[92.0918,27.0158],[92.0834,27.0195],[92.0824,27.0316],[92.0803,27.0387],[92.0743,27.0443],[92.0677,27.0511],[92.0574,27.0511],[92.0486,27.0509],[92.0456,27.0593],[92.0375,27.0637],[92.04,27.0691],[92.0367,27.0737],[92.0316,27.0775],[92.0322,27.0835],[92.0314,27.0961],[92.0263,27.1071],[92.026,27.1139],[92.0321,27.1224],[92.0348,27.1293],[92.0383,27.1315],[92.0403,27.1374],[92.0345,27.1461],[92.0323,27.1497],[92.0282,27.1532],[92.0273,27.1613],[92.0291,27.1707],[92.0393,27.1758],[92.0449,27.1803],[92.055,27.1833],[92.0602,27.1886],[92.0612,27.2021],[92.0667,27.2086],[92.0707,27.2139],[92.0736,27.2226],[92.0723,27.2332],[92.0701,27.2384],[92.0698,27.2439],[92.0655,27.2467],[92.0565,27.2508],[92.0537,27.2556],[92.044,27.2608],[92.0437,27.2657],[92.0529,27.2706],[92.0741,27.2764],[92.0822,27.2748],[92.0872,27.271],[92.0991,27.272],[92.1056,27.2681],[92.1139,27.273],[92.1192,27.2723],[92.123,27.2749],[92.1238,27.2797],[92.1247,27.2866],[92.1214,27.2918],[92.1111,27.298],[92.1067,27.3004],[92.0821,27.3093],[92.0713,27.3173],[92.063,27.3263],[92.0644,27.3443],[92.0611,27.3481],[92.0526,27.3574],[92.0506,27.3674],[92.0503,27.3784],[92.0542,27.3892],[92.0588,27.3992],[92.0572,27.4032],[92.0516,27.4057],[92.0464,27.412],[92.0483,27.4245],[92.0471,27.4301],[92.0431,27.4356],[92.0373,27.4366],[92.0283,27.4407],[92.0236,27.4468],[92.0212,27.4572],[92.0243,27.4673],[92.0232,27.4789],[92.0157,27.481],[92.0167,27.491],[92.0227,27.5017],[92.0391,27.5093],[92.0523,27.5162],[92.0745,27.5174],[92.0963,27.5178],[92.1154,27.5248],[92.1275,27.5391],[92.1359,27.5622],[92.1385,27.5642],[92.1552,27.577],[92.1703,27.5804],[92.1866,27.5808],[92.2059,27.577],[92.2125,27.5799],[92.2193,27.5912],[92.2255,27.6026],[92.2255,27.6118],[92.2253,27.6269],[92.2365,27.6435],[92.2479,27.6505],[92.2677,27.6492],[92.2688,27.6508],[92.273,27.6481],[92.2899,27.6532],[92.3271,27.6655],[92.3461,27.6722],[92.3592,27.6717],[92.3828,27.6658],[92.3966,27.6723],[92.4101,27.6969],[92.4166,27.7086],[92.4122,27.7171],[92.4174,27.7307],[92.4204,27.7404],[92.4159,27.7553],[92.4249,27.7663],[92.4513,27.7747],[92.4614,27.7774],[92.4641,27.7817],[92.4847,27.7701],[92.5192,27.7341],[92.515,27.7279],[92.5136,27.7139],[92.5177,27.7013],[92.5332,27.6796],[92.537,27.664],[92.5384,27.6457],[92.5341,27.6285],[92.5423,27.6191],[92.5548,27.6187],[92.5702,27.6215],[92.5872,27.6272],[92.5978,27.63],[92.6088,27.6238],[92.6134,27.6187],[92.6105,27.5972],[92.6151,27.5904],[92.6217,27.591],[92.6233,27.5868],[92.6135,27.5741],[92.6096,27.5621],[92.6128,27.5548],[92.6351,27.5542],[92.6468,27.5517],[92.6474,27.5421],[92.6505,27.5346],[92.661,27.5249],[92.6692,27.5354],[92.6822,27.537],[92.6879,27.5406],[92.6966,27.5433],[92.7014,27.5473],[92.7085,27.5483],[92.7123,27.5515],[92.7199,27.5548],[92.7332,27.5553],[92.742,27.5543],[92.754,27.5509],[92.7751,27.5488],[92.7836,27.5545],[92.7937,27.5536],[92.8004,27.5429],[92.8028,27.5373],[92.8063,27.5336],[92.8108,27.5273],[92.8135,27.5219],[92.8183,27.5176],[92.817,27.5065],[92.8142,27.4905],[92.8143,27.4838],[92.813,27.4765],[92.8084,27.4715],[92.8064,27.4644],[92.8085,27.4567],[92.8078,27.4521],[92.8065,27.4463],[92.8097,27.4425],[92.81,27.4347],[92.8116,27.4274],[92.8158,27.423],[92.8082,27.4187],[92.8159,27.4157],[92.8219,27.4159],[92.8249,27.4089],[92.8256,27.4019],[92.8245,27.3895],[92.8264,27.385],[92.8257,27.3768],[92.8194,27.3789],[92.8169,27.372],[92.8193,27.366],[92.8191,27.3581],[92.8096,27.3586],[92.8096,27.3518],[92.8033,27.3499],[92.8088,27.3436],[92.8122,27.3363],[92.8103,27.3317],[92.8125,27.3274],[92.8225,27.3196],[92.8325,27.3115],[92.8479,27.3023],[92.8507,27.289],[92.8746,27.2905],[92.8804,27.2899],[92.8872,27.2859],[92.8933,27.2807],[92.8887,27.2752],[92.8913,27.2703],[92.8993,27.266],[92.8972,27.2581],[92.9025,27.2524],[92.8985,27.2482],[92.9002,27.2331],[92.9062,27.2195],[92.9061,27.2134],[92.9029,27.2078],[92.8969,27.2042],[92.8787,27.2],[92.8724,27.1975],[92.8674,27.1933],[92.8585,27.1926],[92.8355,27.187],[92.8193,27.1775],[92.802,27.1809],[92.7848,27.1806],[92.7715,27.1937],[92.7531,27.1949],[92.7458,27.1913],[92.7399,27.1872],[92.7319,27.1837],[92.7199,27.1755],[92.7004,27.1722],[92.6912,27.1653],[92.6813,27.1633],[92.6737,27.161],[92.6678,27.1577],[92.6607,27.1557],[92.6531,27.1515],[92.641,27.1499],[92.6355,27.1472],[92.632,27.1483],[92.6278,27.1484],[92.6203,27.1457],[92.6167,27.1436],[92.6112,27.1399],[92.6101,27.1357],[92.6101,27.1251],[92.6048,27.1194],[92.605,27.1077],[92.5988,27.1057],[92.5974,27.1042],[92.6034,27.0967],[92.5951,27.0851],[92.5934,27.0786],[92.6009,27.0526],[92.6083,27.0438],[92.627,27.0283],[92.6386,27.0235],[92.6421,27.0169]]]},"properties":{"district_name":"West Kameng","raw_district_name":"West Kameng","state_code":"AR","state_name":"Arunachal Pradesh","census_code":246,"data_source":"DataMeet India Maps (Census 2011 Boundaries)"}},{"type":"Feature","geometry":{"type":"Polygon","coordinates":[[[94.7622,28.5336],[94.759,28.5283],[94.7517,28.521],[94.7506,28.5112],[94.7503,28.504],[94.7452,28.4979],[94.7497,28.4876],[94.7541,28.4772],[94.7552,28.4716],[94.7556,28.4665],[94.7496,28.4575],[94.7609,28.4372],[94.7643,28.4317],[94.7669,28.4233],[94.7722,28.4238],[94.779,28.4245],[94.7926,28.4229],[94.8028,28.4202],[94.8098,28.4198],[94.814,28.4235],[94.8229,28.4191],[94.8323,28.4184],[94.8436,28.4149],[94.8583,28.4133],[94.8733,28.413],[94.8795,28.4092],[94.8823,28.4053],[94.8849,28.3922],[94.8883,28.3813],[94.8906,28.3742],[94.8928,28.3635],[94.892,28.3558],[94.8929,28.3508],[94.8956,28.3455],[94.9014,28.3438],[94.902,28.3377],[94.9075,28.3289],[94.911,28.3208],[94.9167,28.31],[94.9163,28.3024],[94.9234,28.2954],[94.9259,28.2847],[94.9242,28.2782],[94.9239,28.2722],[94.9282,28.265],[94.9343,28.2587],[94.9392,28.2509],[94.9384,28.2441],[94.9221,28.2389],[94.9163,28.2377],[94.9093,28.2376],[94.9024,28.2319],[94.8959,28.235],[94.8845,28.2322],[94.894,28.227],[94.9007,28.216],[94.9054,28.2107],[94.9127,28.2053],[94.9159,28.2007],[94.9176,28.1957],[94.9141,28.1808],[94.9128,28.1757],[94.9125,28.1646],[94.9116,28.1585],[94.9154,28.1528],[94.9204,28.1461],[94.9347,28.1444],[94.9408,28.1368],[94.9524,28.1286],[94.9495,28.1239],[94.948,28.1192],[94.9466,28.1144],[94.9402,28.1091],[94.9358,28.1022],[94.9315,28.0963],[94.9189,28.091],[94.9034,28.0764],[94.9146,28.0675],[94.9196,28.0614],[94.9275,28.0549],[94.9313,28.0516],[94.9339,28.0475],[94.913,28.0346],[94.9052,28.02],[94.9009,28.0165],[94.8961,28.0139],[94.8899,28.0119],[94.8838,27.9999],[94.896,27.9965],[94.9036,27.9954],[94.925,27.9971],[94.9311,27.992],[94.9437,27.9895],[94.9503,27.9866],[94.954,27.9816],[94.9604,27.9805],[94.96,27.9738],[94.9588,27.9651],[94.9569,27.9553],[94.9496,27.9488],[94.9494,27.9418],[94.9502,27.9369],[94.9444,27.923],[94.9414,27.9185],[94.9302,27.9055],[94.9284,27.8984],[94.9262,27.8939],[94.9277,27.889],[94.918,27.8843],[94.909,27.88],[94.912,27.8701],[94.9099,27.8639],[94.9125,27.8595],[94.9244,27.8602],[94.9324,27.8566],[94.9285,27.8528],[94.9198,27.8463],[94.9149,27.8436],[94.9086,27.842],[94.9124,27.8334],[94.9043,27.8286],[94.9038,27.8225],[94.8995,27.8188],[94.8941,27.8096],[94.8991,27.8075],[94.8991,27.8008],[94.8964,27.7967],[94.8898,27.7908],[94.8877,27.7842],[94.8824,27.7807],[94.8765,27.7798],[94.8732,27.7753],[94.871,27.7686],[94.8659,27.7636],[94.8625,27.7571],[94.8626,27.7503],[94.868,27.7416],[94.8628,27.7294],[94.8556,27.7277],[94.8508,27.7067],[94.8414,27.6996],[94.8233,27.6923],[94.8023,27.6932],[94.7961,27.6893],[94.793,27.6849],[94.7785,27.6795],[94.769,27.6762],[94.7663,27.6707],[94.7616,27.6645],[94.7447,27.6595],[94.7391,27.6618],[94.7297,27.664],[94.7228,27.6662],[94.7187,27.6578],[94.7002,27.6633],[94.6915,27.6634],[94.686,27.6596],[94.6886,27.6534],[94.6846,27.6458],[94.6778,27.6469],[94.6712,27.6465],[94.6667,27.6441],[94.6505,27.6383],[94.6473,27.6328],[94.6419,27.6272],[94.6365,27.625],[94.6271,27.6264],[94.6162,27.622],[94.6115,27.6189],[94.6062,27.6194],[94.5979,27.6178],[94.5884,27.6164],[94.584,27.613],[94.5756,27.6033],[94.566,27.6033],[94.5582,27.5996],[94.5485,27.5999],[94.5387,27.5934],[94.5284,27.5922],[94.5178,27.5811],[94.5115,27.5805],[94.5023,27.5737],[94.4931,27.5719],[94.4852,27.5736],[94.4714,27.5604],[94.4618,27.5541],[94.4584,27.5594],[94.4556,27.5674],[94.4518,27.5715],[94.4445,27.576],[94.4382,27.5809],[94.4328,27.593],[94.4333,27.5996],[94.4232,27.5979],[94.4054,27.5838],[94.3971,27.5854],[94.3899,27.5859],[94.3827,27.5817],[94.3746,27.5759],[94.3697,27.5734],[94.3645,27.5769],[94.358,27.574],[94.3511,27.5761],[94.3474,27.5813],[94.3404,27.5777],[94.3314,27.5851],[94.326,27.5839],[94.322,27.5868],[94.3147,27.5864],[94.3107,27.5923],[94.304,27.5966],[94.3004,27.601],[94.2953,27.5971],[94.2908,27.5913],[94.2784,27.5901],[94.2748,27.6003],[94.2643,27.6069],[94.2565,27.6105],[94.2595,27.616],[94.2647,27.6214],[94.2696,27.6247],[94.2692,27.6294],[94.2653,27.6329],[94.2585,27.6334],[94.2547,27.6378],[94.2498,27.6327],[94.2376,27.6294],[94.2284,27.6149],[94.2199,27.6059],[94.2136,27.6078],[94.2165,27.6135],[94.2345,27.6374],[94.2511,27.6508],[94.2591,27.6557],[94.2702,27.6654],[94.2813,27.6706],[94.3057,27.6844],[94.3146,27.6911],[94.3254,27.7027],[94.3374,27.7087],[94.3476,27.7126],[94.355,27.714],[94.3588,27.7189],[94.3594,27.7284],[94.3525,27.7299],[94.3456,27.7259],[94.3236,27.7343],[94.3175,27.7387],[94.3134,27.7449],[94.3169,27.7684],[94.3205,27.7736],[94.3247,27.7703],[94.3359,27.7574],[94.35,27.7637],[94.3681,27.7766],[94.3751,27.7831],[94.3828,27.789],[94.3882,27.7939],[94.3978,27.7937],[94.4057,27.7922],[94.4214,27.806],[94.4269,27.8074],[94.4371,27.8086],[94.4433,27.8107],[94.4457,27.8136],[94.4469,27.8226],[94.4516,27.8248],[94.4646,27.8247],[94.4677,27.827],[94.4728,27.8325],[94.479,27.8329],[94.4865,27.8358],[94.5071,27.8359],[94.5369,27.8496],[94.5626,27.8558],[94.5805,27.8557],[94.5925,27.8613],[94.5982,27.8704],[94.5979,27.8807],[94.5963,27.8897],[94.5914,27.8923],[94.5826,27.8942],[94.57,27.8983],[94.5614,27.9021],[94.5579,27.9099],[94.5459,27.9251],[94.5411,27.933],[94.5392,27.9435],[94.5343,27.9519],[94.5285,27.9579],[94.5261,27.9661],[94.5287,27.9768],[94.5354,27.9856],[94.5316,27.9895],[94.5281,27.9949],[94.5259,28.0005],[94.5164,28.0151],[94.5096,28.0189],[94.4876,28.0214],[94.4787,28.039],[94.4704,28.0484],[94.4427,28.0605],[94.429,28.0623],[94.4208,28.0661],[94.4117,28.0688],[94.4108,28.0719],[94.406,28.0757],[94.4027,28.0796],[94.3952,28.0824],[94.3981,28.0884],[94.401,28.1044],[94.3899,28.1207],[94.3952,28.1361],[94.3948,28.1416],[94.3811,28.1583],[94.378,28.1677],[94.38,28.1762],[94.3778,28.1807],[94.3721,28.1856],[94.3641,28.1902],[94.3598,28.1982],[94.3679,28.2062],[94.3711,28.2111],[94.3702,28.2202],[94.3717,28.2247],[94.3708,28.2351],[94.3726,28.2438],[94.3758,28.2457],[94.3868,28.2577],[94.4004,28.2552],[94.4075,28.2526],[94.4131,28.2524],[94.4204,28.2539],[94.4145,28.2558],[94.4048,28.259],[94.3975,28.2632],[94.396,28.2733],[94.3933,28.2782],[94.3847,28.2868],[94.3782,28.2946],[94.3781,28.2994],[94.381,28.3086],[94.3895,28.3165],[94.3997,28.3222],[94.4066,28.3275],[94.4047,28.34],[94.3895,28.3355],[94.38,28.3402],[94.3761,28.3439],[94.3742,28.3514],[94.3713,28.3528],[94.3469,28.3549],[94.3406,28.358],[94.333,28.3575],[94.3287,28.3611],[94.3255,28.3683],[94.3188,28.3723],[94.3119,28.3752],[94.3051,28.3956],[94.3122,28.4142],[94.3119,28.4166],[94.3059,28.4186],[94.2998,28.4224],[94.2962,28.4284],[94.2868,28.4316],[94.2781,28.4303],[94.2709,28.4319],[94.2659,28.4351],[94.2555,28.4398],[94.2451,28.4464],[94.2427,28.4454],[94.2401,28.4415],[94.2401,28.4332],[94.235,28.4279],[94.2287,28.433],[94.2226,28.4359],[94.2173,28.4361],[94.2037,28.4312],[94.1958,28.4295],[94.1879,28.4291],[94.1767,28.4347],[94.1716,28.4325],[94.166,28.432],[94.1552,28.4358],[94.1425,28.4442],[94.1361,28.4512],[94.1298,28.4667],[94.1263,28.4704],[94.1182,28.4754],[94.1147,28.4888],[94.109,28.4973],[94.1124,28.5028],[94.1108,28.5117],[94.1121,28.521],[94.1107,28.524],[94.1065,28.525],[94.103,28.5328],[94.1002,28.5358],[94.0953,28.5352],[94.0885,28.5334],[94.0748,28.539],[94.069,28.5442],[94.0613,28.5492],[94.053,28.5508],[94.0248,28.5652],[94.0047,28.5775],[94.0051,28.5906],[94.0068,28.6106],[94.0095,28.6214],[94.0135,28.6315],[94.0267,28.6509],[94.0214,28.6652],[94.0189,28.6683],[94.0129,28.6713],[94.0075,28.6743],[94.0046,28.6784],[93.9999,28.6821],[93.993,28.6875],[93.9654,28.712],[93.9677,28.7177],[93.9707,28.7222],[93.9703,28.742],[93.9737,28.7504],[93.9829,28.7583],[93.9956,28.7647],[94.0033,28.7707],[94.0067,28.7746],[94.0069,28.7833],[94.0037,28.7871],[93.9906,28.7974],[93.9909,28.8059],[94.0053,28.8189],[94.0034,28.8303],[94.0003,28.8405],[94.0083,28.8462],[94.0202,28.8503],[94.0355,28.8526],[94.0396,28.8601],[94.0494,28.873],[94.0636,28.8867],[94.072,28.8953],[94.0843,28.905],[94.0996,28.9143],[94.126,28.9295],[94.142,28.9396],[94.1607,28.954],[94.1625,28.9586],[94.1639,28.9733],[94.1724,28.9804],[94.1785,28.9911],[94.1774,29.0025],[94.1776,29.0071],[94.1809,29.0198],[94.1851,29.0279],[94.1911,29.0382],[94.2544,29.0163],[94.3234,28.9912],[94.3461,28.9836],[94.371,28.9563],[94.4452,28.8916],[94.4834,28.8581],[94.5204,28.8363],[94.5187,28.8206],[94.5287,28.8113],[94.5445,28.8098],[94.565,28.81],[94.5957,28.7915],[94.6112,28.7967],[94.6236,28.7935],[94.6367,28.7839],[94.6373,28.7664],[94.7001,28.728],[94.7333,28.7008],[94.749,28.6861],[94.7512,28.6649],[94.7479,28.6106],[94.7501,28.5876],[94.7636,28.5596],[94.781,28.5589],[94.7742,28.5508],[94.7654,28.5468],[94.7622,28.5336]]]},"properties":{"district_name":"West Siang","raw_district_name":"West Siang","state_code":"AR","state_name":"Arunachal Pradesh","census_code":250,"data_source":"DataMeet India Maps (Census 2011 Boundaries)"}}]}