{"type":"FeatureCollection","properties":{"state_code":"AS","state_name":"Assam","data_source":"DataMeet India Maps"},"features":[{"type":"Feature","geometry":{"type":"Polygon","coordinates":[[[91.7831,26.4937],[91.7799,26.4952],[91.7702,26.4971],[91.7572,26.4984],[91.7478,26.4991],[91.7419,26.4974],[91.7374,26.4929],[91.7329,26.4884],[91.7285,26.4854],[91.7237,26.4784],[91.7222,26.4711],[91.7168,26.4656],[91.7114,26.4608],[91.7048,26.4606],[91.6885,26.4622],[91.6721,26.4671],[91.663,26.47],[91.6557,26.4802],[91.6456,26.4868],[91.6428,26.4966],[91.6429,26.5014],[91.6415,26.513],[91.6362,26.5141],[91.6284,26.514],[91.6236,26.5151],[91.622,26.5159],[91.6208,26.5205],[91.6187,26.5243],[91.6145,26.5283],[91.6054,26.5301],[91.5995,26.533],[91.5977,26.5365],[91.5981,26.5412],[91.5972,26.5479],[91.5953,26.5541],[91.5938,26.5614],[91.5917,26.5658],[91.5886,26.5682],[91.5828,26.5722],[91.5757,26.5722],[91.5708,26.5723],[91.5642,26.575],[91.5539,26.5772],[91.5465,26.5763],[91.5402,26.5721],[91.5359,26.5721],[91.5324,26.5713],[91.5304,26.5692],[91.5304,26.5661],[91.5311,26.5639],[91.5322,26.5624],[91.5287,26.5577],[91.5251,26.5554],[91.5233,26.5525],[91.5237,26.55],[91.5244,26.5472],[91.5248,26.5455],[91.5237,26.5428],[91.5187,26.5426],[91.5158,26.5439],[91.5138,26.5424],[91.5121,26.5406],[91.5119,26.5392],[91.5109,26.5374],[91.5088,26.5356],[91.5052,26.5331],[91.502,26.5311],[91.4986,26.5313],[91.4947,26.5355],[91.4927,26.5381],[91.49,26.5422],[91.4875,26.548],[91.4851,26.552],[91.4815,26.5567],[91.4802,26.5626],[91.4789,26.5658],[91.4737,26.5725],[91.4746,26.5755],[91.4715,26.5793],[91.4625,26.5817],[91.4597,26.5813],[91.455,26.5775],[91.4509,26.5695],[91.4467,26.5604],[91.4393,26.5576],[91.4332,26.5547],[91.4272,26.5532],[91.4191,26.5488],[91.4185,26.5455],[91.4173,26.5423],[91.413,26.5351],[91.4048,26.5296],[91.3821,26.5274],[91.3741,26.5277],[91.3627,26.5244],[91.3547,26.5208],[91.3511,26.5188],[91.3508,26.5155],[91.3497,26.5034],[91.348,26.5016],[91.3434,26.4978],[91.3358,26.4956],[91.3299,26.4924],[91.3243,26.4919],[91.3136,26.4922],[91.3053,26.4928],[91.2983,26.4966],[91.2928,26.5045],[91.2926,26.5089],[91.2965,26.5117],[91.2978,26.5149],[91.2984,26.5221],[91.2973,26.5274],[91.2954,26.5298],[91.2944,26.5321],[91.2938,26.5366],[91.2949,26.5454],[91.3004,26.5516],[91.3066,26.5584],[91.3074,26.5647],[91.311,26.5736],[91.3103,26.5792],[91.3065,26.5822],[91.2997,26.5813],[91.2984,26.5809],[91.2954,26.5778],[91.2912,26.5761],[91.2829,26.5767],[91.2777,26.5771],[91.2723,26.5755],[91.2656,26.5757],[91.2659,26.5763],[91.2619,26.5799],[91.2595,26.5837],[91.2589,26.5909],[91.2602,26.6022],[91.2608,26.6085],[91.2569,26.6163],[91.2512,26.6189],[91.2421,26.6198],[91.2393,26.6195],[91.2375,26.6171],[91.235,26.6137],[91.2328,26.613],[91.2307,26.6132],[91.2288,26.6132],[91.2263,26.6129],[91.2236,26.6133],[91.2235,26.6127],[91.2231,26.6116],[91.222,26.6117],[91.2207,26.6118],[91.22,26.6107],[91.2199,26.6093],[91.2191,26.6081],[91.2167,26.606],[91.2143,26.6048],[91.2114,26.6036],[91.2099,26.6021],[91.2093,26.6012],[91.2105,26.5994],[91.2127,26.5988],[91.2141,26.5984],[91.2144,26.5977],[91.2156,26.5964],[91.2137,26.5937],[91.2095,26.5917],[91.2067,26.5917],[91.2035,26.5929],[91.2007,26.5959],[91.1994,26.5988],[91.2,26.6017],[91.2011,26.6059],[91.1992,26.6102],[91.1956,26.6105],[91.1929,26.608],[91.1905,26.6083],[91.1872,26.6115],[91.185,26.6126],[91.1819,26.6146],[91.1783,26.6172],[91.1744,26.6207],[91.1729,26.6246],[91.173,26.6294],[91.1715,26.6348],[91.1702,26.6374],[91.168,26.6417],[91.1679,26.6464],[91.1693,26.6524],[91.1674,26.6582],[91.1645,26.6609],[91.1618,26.6621],[91.1577,26.6643],[91.1544,26.6642],[91.1534,26.663],[91.1517,26.6616],[91.1494,26.6594],[91.1493,26.6579],[91.15,26.6563],[91.1511,26.6545],[91.1504,26.6527],[91.1491,26.6521],[91.1466,26.6532],[91.1454,26.6536],[91.1439,26.6534],[91.1418,26.6517],[91.1413,26.6503],[91.1416,26.6472],[91.1439,26.6466],[91.1461,26.647],[91.1475,26.646],[91.1485,26.645],[91.1483,26.6428],[91.1482,26.6413],[91.1486,26.6381],[91.1484,26.6366],[91.1477,26.6343],[91.1447,26.6314],[91.1439,26.6299],[91.1435,26.6277],[91.1443,26.625],[91.1455,26.6229],[91.148,26.6217],[91.1486,26.6188],[91.1461,26.6163],[91.1433,26.6136],[91.1414,26.6115],[91.1392,26.6082],[91.1399,26.606],[91.142,26.6031],[91.1424,26.6001],[91.1418,26.5967],[91.1408,26.5936],[91.14,26.5915],[91.1413,26.5885],[91.1429,26.5852],[91.1467,26.5815],[91.1473,26.5788],[91.1478,26.5761],[91.1479,26.5736],[91.1477,26.5713],[91.1464,26.5681],[91.1446,26.5655],[91.1448,26.5637],[91.1412,26.5526],[91.1375,26.5454],[91.1298,26.5429],[91.1191,26.5431],[91.1157,26.5392],[91.1129,26.5361],[91.1082,26.5276],[91.1067,26.5246],[91.1051,26.5206],[91.1021,26.5177],[91.0984,26.518],[91.094,26.5203],[91.0898,26.5225],[91.084,26.5265],[91.0769,26.5328],[91.0725,26.5387],[91.0693,26.5417],[91.0653,26.5453],[91.0618,26.5472],[91.055,26.5504],[91.0507,26.5538],[91.0504,26.5572],[91.0484,26.5592],[91.0407,26.5592],[91.0287,26.5601],[91.0244,26.5593],[91.0224,26.5586],[91.0212,26.5584],[91.0172,26.5576],[91.0134,26.5559],[91.0078,26.5532],[91.0053,26.5507],[90.996,26.5442],[90.9853,26.5469],[90.9805,26.5487],[90.9751,26.5491],[90.9696,26.549],[90.9643,26.5454],[90.951,26.5434],[90.942,26.5401],[90.939,26.5393],[90.9378,26.5396],[90.9378,26.5416],[90.9369,26.5449],[90.9355,26.5469],[90.9314,26.5474],[90.9302,26.5481],[90.9286,26.5511],[90.9284,26.5536],[90.9269,26.5556],[90.925,26.5562],[90.9206,26.5561],[90.9185,26.5564],[90.9185,26.5587],[90.9213,26.5616],[90.9236,26.5627],[90.9242,26.5637],[90.9247,26.5657],[90.9241,26.5669],[90.9222,26.567],[90.9206,26.5668],[90.9195,26.5678],[90.9199,26.5696],[90.9213,26.572],[90.9207,26.574],[90.9185,26.5774],[90.9184,26.5785],[90.919,26.581],[90.9204,26.5824],[90.9195,26.5841],[90.9171,26.5851],[90.915,26.5859],[90.9139,26.588],[90.913,26.5887],[90.908,26.5879],[90.906,26.5877],[90.9036,26.5863],[90.8948,26.5806],[90.8918,26.5784],[90.8895,26.5783],[90.8818,26.5778],[90.8789,26.5766],[90.8778,26.5742],[90.8756,26.5714],[90.8735,26.571],[90.8717,26.571],[90.8688,26.5692],[90.8688,26.5658],[90.8708,26.5637],[90.8708,26.5591],[90.8712,26.5563],[90.8704,26.5533],[90.868,26.5497],[90.8669,26.544],[90.8692,26.5373],[90.8716,26.5364],[90.8739,26.5345],[90.8755,26.5309],[90.876,26.5279],[90.8763,26.5252],[90.8753,26.5234],[90.8712,26.5232],[90.8671,26.5224],[90.8654,26.5209],[90.8643,26.5197],[90.8621,26.5198],[90.8597,26.5206],[90.8573,26.5218],[90.8541,26.5232],[90.8551,26.5254],[90.8566,26.5339],[90.8505,26.5335],[90.8456,26.5358],[90.834,26.5386],[90.8334,26.54],[90.8331,26.5409],[90.8316,26.5407],[90.832,26.5562],[90.8241,26.56],[90.8217,26.5637],[90.8203,26.5681],[90.831,26.5753],[90.8475,26.571],[90.8502,26.5719],[90.8519,26.5776],[90.8535,26.579],[90.8554,26.5825],[90.8537,26.583],[90.8561,26.5953],[90.8578,26.5978],[90.8637,26.5989],[90.8685,26.5983],[90.8714,26.5999],[90.8732,26.6024],[90.8745,26.6063],[90.877,26.6164],[90.8823,26.6201],[90.8869,26.6213],[90.8938,26.6245],[90.8939,26.6246],[90.8943,26.6251],[90.9005,26.6314],[90.9023,26.6347],[90.9024,26.635],[90.9032,26.6395],[90.9033,26.6406],[90.904,26.6583],[90.9028,26.6615],[90.9028,26.6617],[90.8977,26.6638],[90.897,26.666],[90.8976,26.6697],[90.9001,26.6771],[90.9002,26.6773],[90.9033,26.6824],[90.9017,26.686],[90.9016,26.6861],[90.9023,26.6893],[90.9035,26.691],[90.9038,26.6912],[90.9097,26.6948],[90.9119,26.6975],[90.912,26.6977],[90.9144,26.705],[90.9146,26.7052],[90.9185,26.7103],[90.9186,26.7132],[90.9186,26.7134],[90.9162,26.7176],[90.9166,26.7262],[90.9169,26.7266],[90.925,26.7358],[90.9259,26.7398],[90.9259,26.7399],[90.9322,26.7446],[90.9367,26.7558],[90.9384,26.7583],[90.9385,26.7584],[90.9412,26.7605],[90.9411,26.7627],[90.9411,26.7628],[90.9414,26.7634],[90.945,26.7702],[90.9458,26.7743],[90.9459,26.7746],[90.9541,26.7766],[90.9542,26.7767],[90.9578,26.7791],[90.9591,26.7832],[90.9592,26.7834],[90.9592,26.7834],[90.9653,26.7842],[90.9803,26.7849],[90.9918,26.787],[91.0004,26.7878],[91.0076,26.7862],[91.0182,26.7849],[91.0352,26.7804],[91.0458,26.7785],[91.0583,26.7789],[91.0619,26.7818],[91.0799,26.8],[91.0934,26.8179],[91.1009,26.8193],[91.1101,26.8137],[91.1212,26.8117],[91.134,26.8079],[91.1483,26.8085],[91.1846,26.8109],[91.2065,26.8081],[91.2214,26.8083],[91.2411,26.8083],[91.2533,26.8057],[91.2665,26.8044],[91.281,26.7962],[91.2936,26.7882],[91.2991,26.7845],[91.314,26.7827],[91.3315,26.7798],[91.3403,26.779],[91.3452,26.7811],[91.3636,26.7888],[91.3767,26.7955],[91.3836,26.8008],[91.3888,26.8086],[91.3939,26.8168],[91.402,26.8291],[91.4061,26.8344],[91.4124,26.8348],[91.4244,26.8271],[91.4406,26.8165],[91.4455,26.8143],[91.4515,26.8111],[91.4585,26.807],[91.4717,26.7972],[91.4821,26.791],[91.4966,26.789],[91.5148,26.792],[91.5348,26.795],[91.564,26.7991],[91.5945,26.8039],[91.6041,26.8077],[91.6159,26.8159],[91.6276,26.8205],[91.6361,26.82],[91.6573,26.8142],[91.683,26.8038],[91.6909,26.8042],[91.7009,26.8109],[91.7058,26.8109],[91.7079,26.8109],[91.7109,26.7966],[91.7127,26.7895],[91.7154,26.7838],[91.7157,26.7768],[91.7214,26.7531],[91.7264,26.7427],[91.731,26.7358],[91.737,26.7293],[91.7361,26.7122],[91.7435,26.6986],[91.7417,26.6923],[91.7459,26.6869],[91.7467,26.6832],[91.7462,26.6786],[91.7443,26.6749],[91.7438,26.6687],[91.7382,26.6682],[91.7367,26.6645],[91.7359,26.6577],[91.7371,26.6525],[91.7418,26.6516],[91.7437,26.6482],[91.7482,26.6463],[91.7462,26.643],[91.7414,26.6406],[91.7416,26.6375],[91.7465,26.6374],[91.7508,26.6363],[91.7509,26.6338],[91.7485,26.6315],[91.746,26.6307],[91.7413,26.6317],[91.7392,26.6297],[91.74,26.6259],[91.7486,26.6271],[91.7492,26.6254],[91.7461,26.6225],[91.745,26.6189],[91.7428,26.6157],[91.7427,26.6121],[91.7463,26.6107],[91.7419,26.6047],[91.7427,26.6011],[91.7474,26.6034],[91.7522,26.604],[91.753,26.6019],[91.7507,26.5991],[91.7498,26.5951],[91.7459,26.5899],[91.7505,26.5859],[91.7502,26.5827],[91.7515,26.5788],[91.756,26.5758],[91.7612,26.5763],[91.764,26.5739],[91.7684,26.5682],[91.7682,26.5646],[91.7751,26.5524],[91.7781,26.549],[91.7817,26.5479],[91.7811,26.5445],[91.7825,26.54],[91.7867,26.5366],[91.78,26.5283],[91.7841,26.5292],[91.7872,26.5288],[91.7864,26.5255],[91.7823,26.5246],[91.7801,26.5229],[91.7864,26.5197],[91.7857,26.5168],[91.783,26.5145],[91.7828,26.5113],[91.7874,26.5048],[91.7891,26.4994],[91.7894,26.4985],[91.7849,26.4959],[91.7831,26.4937]]]},"properties":{"district_name":"Baksa","raw_district_name":"Baksa","state_code":"AS","state_name":"Assam","census_code":324,"data_source":"DataMeet India Maps (Census 2011 Boundaries)"}},{"type":"Feature","geometry":{"type":"Polygon","coordinates":[[[91.1693,26.6524],[91.1679,26.6464],[91.168,26.6417],[91.1702,26.6374],[91.1715,26.6348],[91.173,26.6294],[91.1729,26.6246],[91.1744,26.6207],[91.1783,26.6172],[91.1819,26.6146],[91.185,26.6126],[91.1872,26.6115],[91.1905,26.6083],[91.1929,26.608],[91.1956,26.6105],[91.1992,26.6102],[91.2011,26.6059],[91.2,26.6017],[91.1994,26.5988],[91.2007,26.5959],[91.2035,26.5929],[91.2067,26.5917],[91.2095,26.5917],[91.2137,26.5937],[91.2156,26.5964],[91.2144,26.5977],[91.2141,26.5984],[91.2127,26.5988],[91.2105,26.5994],[91.2093,26.6012],[91.2099,26.6021],[91.2114,26.6036],[91.2143,26.6048],[91.2167,26.606],[91.2191,26.6081],[91.2199,26.6093],[91.22,26.6107],[91.2207,26.6118],[91.222,26.6117],[91.2231,26.6116],[91.2235,26.6127],[91.2236,26.6133],[91.2263,26.6129],[91.2288,26.6132],[91.2307,26.6132],[91.2328,26.613],[91.235,26.6137],[91.2375,26.6171],[91.2393,26.6195],[91.2421,26.6198],[91.2512,26.6189],[91.2569,26.6163],[91.2608,26.6085],[91.2602,26.6022],[91.2589,26.5909],[91.2595,26.5837],[91.2619,26.5799],[91.2659,26.5763],[91.2656,26.5757],[91.2723,26.5755],[91.2777,26.5771],[91.2829,26.5767],[91.2912,26.5761],[91.2954,26.5778],[91.2984,26.5809],[91.2997,26.5813],[91.3065,26.5822],[91.3103,26.5792],[91.311,26.5736],[91.3074,26.5647],[91.3066,26.5584],[91.3004,26.5516],[91.2949,26.5454],[91.2938,26.5366],[91.2944,26.5321],[91.2954,26.5298],[91.2973,26.5274],[91.2984,26.5221],[91.2978,26.5149],[91.2965,26.5117],[91.2926,26.5089],[91.2926,26.5084],[91.2921,26.5083],[91.2907,26.507],[91.2903,26.5042],[91.29,26.5024],[91.2881,26.5001],[91.2848,26.4982],[91.2826,26.4959],[91.283,26.4941],[91.2839,26.4919],[91.2823,26.4889],[91.2794,26.4888],[91.2774,26.4905],[91.2752,26.4915],[91.273,26.4914],[91.2696,26.4893],[91.2693,26.4895],[91.2692,26.4871],[91.2543,26.4668],[91.2414,26.455],[91.2411,26.4487],[91.2357,26.4397],[91.2354,26.4239],[91.2399,26.4164],[91.242,26.4031],[91.2387,26.3967],[91.2376,26.3921],[91.2401,26.3885],[91.2434,26.3861],[91.2426,26.3816],[91.2448,26.3788],[91.2486,26.3764],[91.251,26.3728],[91.2512,26.3671],[91.265,26.3677],[91.2816,26.3723],[91.2827,26.3698],[91.2762,26.3647],[91.2742,26.3615],[91.2772,26.3571],[91.2806,26.3544],[91.2789,26.3476],[91.2792,26.3408],[91.2721,26.3398],[91.2696,26.3361],[91.2729,26.3275],[91.2661,26.3153],[91.2617,26.316],[91.2584,26.3107],[91.2622,26.3066],[91.2641,26.3022],[91.257,26.3015],[91.2539,26.299],[91.2556,26.2952],[91.2639,26.2906],[91.2608,26.2869],[91.2541,26.2825],[91.2407,26.2772],[91.2303,26.2808],[91.2186,26.2679],[91.221,26.2648],[91.2219,26.2605],[91.228,26.2621],[91.2366,26.2622],[91.2399,26.2611],[91.2426,26.2565],[91.2412,26.2515],[91.2296,26.2413],[91.2245,26.2319],[91.2221,26.2249],[91.218,26.2208],[91.2222,26.2158],[91.2315,26.2147],[91.2383,26.2118],[91.2448,26.2034],[91.2516,26.1991],[91.2439,26.1918],[91.2422,26.1807],[91.2368,26.1822],[91.2282,26.1799],[91.1837,26.1737],[91.1682,26.1694],[91.149,26.1594],[91.1336,26.1583],[91.1192,26.1534],[91.103,26.1617],[91.0939,26.1638],[91.0838,26.1599],[91.0767,26.1561],[91.0588,26.1393],[91.0553,26.1351],[91.0547,26.1311],[91.0517,26.1283],[91.0457,26.128],[91.0392,26.125],[91.0343,26.1208],[91.028,26.1194],[91.0214,26.1232],[91.0092,26.1286],[91.0052,26.1294],[91.0001,26.127],[90.9918,26.1242],[90.9873,26.12],[90.9758,26.1115],[90.9722,26.1071],[90.9583,26.0969],[90.9535,26.095],[90.9391,26.0938],[90.9362,26.0976],[90.933,26.0968],[90.9263,26.092],[90.9167,26.089],[90.9127,26.0899],[90.9057,26.0932],[90.9031,26.0937],[90.8942,26.0946],[90.881,26.0949],[90.8718,26.0975],[90.8663,26.1062],[90.8635,26.1124],[90.8623,26.113],[90.8506,26.1166],[90.8415,26.111],[90.8347,26.1151],[90.8255,26.1171],[90.8178,26.1206],[90.8071,26.1233],[90.7888,26.1316],[90.7804,26.1342],[90.7759,26.1347],[90.7585,26.137],[90.7417,26.1371],[90.7347,26.1352],[90.7253,26.1346],[90.7222,26.1318],[90.7173,26.135],[90.7157,26.1353],[90.7156,26.1366],[90.7155,26.1375],[90.7162,26.1388],[90.7128,26.139],[90.7099,26.1472],[90.7008,26.1495],[90.6984,26.1504],[90.6951,26.153],[90.6934,26.1581],[90.6787,26.1852],[90.6734,26.2039],[90.6705,26.2084],[90.6701,26.2121],[90.6687,26.2134],[90.6666,26.2177],[90.6661,26.2206],[90.6642,26.2228],[90.6617,26.2283],[90.6556,26.2364],[90.656,26.2414],[90.6585,26.246],[90.6645,26.249],[90.6679,26.2519],[90.6806,26.2564],[90.6877,26.2573],[90.7056,26.2557],[90.7194,26.2636],[90.7266,26.2574],[90.7289,26.2567],[90.7336,26.2575],[90.7361,26.2591],[90.7358,26.2655],[90.7348,26.2681],[90.7229,26.2679],[90.7216,26.2766],[90.722,26.2819],[90.723,26.2836],[90.7343,26.2954],[90.7457,26.2999],[90.7493,26.3023],[90.7501,26.3047],[90.7537,26.3086],[90.7626,26.3129],[90.7668,26.3105],[90.7703,26.3066],[90.7795,26.3034],[90.7937,26.3026],[90.7982,26.3055],[90.8019,26.3063],[90.802,26.3063],[90.803,26.3059],[90.8047,26.3068],[90.8074,26.3132],[90.8049,26.3207],[90.7978,26.3233],[90.7954,26.3251],[90.7927,26.3254],[90.793,26.3279],[90.8042,26.3387],[90.8077,26.3431],[90.8074,26.3487],[90.8082,26.3507],[90.811,26.3548],[90.8215,26.3656],[90.8269,26.3665],[90.8296,26.3654],[90.8351,26.3608],[90.8427,26.3579],[90.8441,26.3578],[90.8516,26.3605],[90.8583,26.3607],[90.8614,26.3616],[90.8639,26.3683],[90.8636,26.3754],[90.8598,26.3809],[90.8537,26.386],[90.8535,26.3862],[90.8507,26.3895],[90.8486,26.3941],[90.8494,26.3977],[90.8474,26.402],[90.8473,26.4023],[90.8525,26.4122],[90.854,26.418],[90.859,26.4249],[90.8621,26.4315],[90.8624,26.4338],[90.8602,26.4365],[90.8547,26.4409],[90.8475,26.4454],[90.8452,26.4441],[90.8416,26.4385],[90.8358,26.4335],[90.8323,26.4322],[90.8306,26.4322],[90.829,26.4321],[90.8256,26.4336],[90.8235,26.4336],[90.8212,26.4323],[90.8024,26.4279],[90.7972,26.4284],[90.7898,26.4387],[90.7899,26.4406],[90.791,26.4415],[90.797,26.4445],[90.7993,26.4446],[90.8044,26.4407],[90.8119,26.439],[90.8181,26.439],[90.8217,26.441],[90.8289,26.4497],[90.8289,26.4531],[90.8219,26.4613],[90.8204,26.4763],[90.8102,26.4767],[90.8074,26.4786],[90.8072,26.4824],[90.8083,26.4863],[90.8065,26.4942],[90.8089,26.4924],[90.8097,26.4997],[90.8123,26.5003],[90.8163,26.4985],[90.8198,26.4942],[90.8251,26.4924],[90.8286,26.4991],[90.8315,26.5013],[90.8387,26.5041],[90.8415,26.5042],[90.8468,26.4984],[90.8493,26.497],[90.854,26.4989],[90.8551,26.5018],[90.8527,26.5079],[90.8543,26.5174],[90.8534,26.5215],[90.8541,26.5232],[90.8573,26.5218],[90.8597,26.5206],[90.8621,26.5198],[90.8643,26.5197],[90.8654,26.5209],[90.8671,26.5224],[90.8712,26.5232],[90.8753,26.5234],[90.8763,26.5252],[90.876,26.5279],[90.8755,26.5309],[90.8739,26.5345],[90.8716,26.5364],[90.8692,26.5373],[90.8669,26.544],[90.868,26.5497],[90.8704,26.5533],[90.8712,26.5563],[90.8708,26.5591],[90.8708,26.5637],[90.8688,26.5658],[90.8688,26.5692],[90.8717,26.571],[90.8735,26.571],[90.8756,26.5714],[90.8778,26.5742],[90.8789,26.5766],[90.8818,26.5778],[90.8895,26.5783],[90.8918,26.5784],[90.8948,26.5806],[90.9036,26.5863],[90.906,26.5877],[90.908,26.5879],[90.913,26.5887],[90.9139,26.588],[90.915,26.5859],[90.9171,26.5851],[90.9195,26.5841],[90.9204,26.5824],[90.919,26.581],[90.9184,26.5785],[90.9185,26.5774],[90.9207,26.574],[90.9213,26.572],[90.9199,26.5696],[90.9195,26.5678],[90.9206,26.5668],[90.9222,26.567],[90.9241,26.5669],[90.9247,26.5657],[90.9242,26.5637],[90.9236,26.5627],[90.9213,26.5616],[90.9185,26.5587],[90.9185,26.5564],[90.9206,26.5561],[90.925,26.5562],[90.9269,26.5556],[90.9284,26.5536],[90.9286,26.5511],[90.9302,26.5481],[90.9314,26.5474],[90.9355,26.5469],[90.9369,26.5449],[90.9378,26.5416],[90.9378,26.5396],[90.939,26.5393],[90.942,26.5401],[90.951,26.5434],[90.9643,26.5454],[90.9696,26.549],[90.9751,26.5491],[90.9805,26.5487],[90.9853,26.5469],[90.996,26.5442],[91.0053,26.5507],[91.0078,26.5532],[91.0134,26.5559],[91.0172,26.5576],[91.0212,26.5584],[91.0224,26.5586],[91.0244,26.5593],[91.0287,26.5601],[91.0407,26.5592],[91.0484,26.5592],[91.0504,26.5572],[91.0507,26.5538],[91.055,26.5504],[91.0618,26.5472],[91.0653,26.5453],[91.0693,26.5417],[91.0725,26.5387],[91.0769,26.5328],[91.084,26.5265],[91.0898,26.5225],[91.094,26.5203],[91.0984,26.518],[91.1021,26.5177],[91.1051,26.5206],[91.1067,26.5246],[91.1082,26.5276],[91.1129,26.5361],[91.1157,26.5392],[91.1191,26.5431],[91.1298,26.5429],[91.1375,26.5454],[91.1412,26.5526],[91.1448,26.5637],[91.1446,26.5655],[91.1464,26.5681],[91.1477,26.5713],[91.1479,26.5736],[91.1478,26.5761],[91.1473,26.5788],[91.1467,26.5815],[91.1429,26.5852],[91.1413,26.5885],[91.14,26.5915],[91.1408,26.5936],[91.1418,26.5967],[91.1424,26.6001],[91.142,26.6031],[91.1399,26.606],[91.1392,26.6082],[91.1414,26.6115],[91.1433,26.6136],[91.1461,26.6163],[91.1486,26.6188],[91.148,26.6217],[91.1455,26.6229],[91.1443,26.625],[91.1435,26.6277],[91.1439,26.6299],[91.1447,26.6314],[91.1477,26.6343],[91.1484,26.6366],[91.1486,26.6381],[91.1482,26.6413],[91.1483,26.6428],[91.1485,26.645],[91.1475,26.646],[91.1461,26.647],[91.1439,26.6466],[91.1416,26.6472],[91.1413,26.6503],[91.1418,26.6517],[91.1439,26.6534],[91.1454,26.6536],[91.1466,26.6532],[91.1491,26.6521],[91.1504,26.6527],[91.1511,26.6545],[91.15,26.6563],[91.1493,26.6579],[91.1494,26.6594],[91.1517,26.6616],[91.1534,26.663],[91.1544,26.6642],[91.1577,26.6643],[91.1618,26.6621],[91.1645,26.6609],[91.1674,26.6582],[91.1693,26.6524]]]},"properties":{"district_name":"Barpeta","raw_district_name":"Barpeta","state_code":"AS","state_name":"Assam","census_code":303,"data_source":"DataMeet India Maps (Census 2011 Boundaries)"}},{"type":"Feature","geometry":{"type":"Polygon","coordinates":[[[90.8542,26.5234],[90.8534,26.5215],[90.8543,26.5174],[90.8527,26.5079],[90.8551,26.5018],[90.854,26.4989],[90.8493,26.497],[90.8468,26.4984],[90.8415,26.5042],[90.8387,26.5041],[90.8315,26.5013],[90.8286,26.4991],[90.8251,26.4924],[90.8198,26.4942],[90.8163,26.4985],[90.8123,26.5003],[90.8097,26.4997],[90.8089,26.4924],[90.8065,26.4942],[90.8083,26.4863],[90.8072,26.4824],[90.8074,26.4786],[90.8102,26.4767],[90.8204,26.4763],[90.8219,26.4613],[90.8289,26.4531],[90.8289,26.4497],[90.8217,26.441],[90.8181,26.439],[90.8119,26.439],[90.8044,26.4407],[90.7993,26.4446],[90.797,26.4445],[90.791,26.4415],[90.7899,26.4406],[90.7898,26.4387],[90.7972,26.4284],[90.8024,26.4279],[90.8212,26.4323],[90.8235,26.4336],[90.8256,26.4336],[90.829,26.4321],[90.8306,26.4322],[90.8323,26.4322],[90.8358,26.4335],[90.8416,26.4385],[90.8452,26.4441],[90.8475,26.4454],[90.8547,26.4409],[90.8602,26.4365],[90.8624,26.4338],[90.8621,26.4315],[90.859,26.4249],[90.854,26.418],[90.8525,26.4122],[90.8473,26.4023],[90.8474,26.402],[90.8494,26.3977],[90.8486,26.3941],[90.8507,26.3895],[90.8535,26.3862],[90.8537,26.386],[90.8598,26.3809],[90.8636,26.3754],[90.8639,26.3683],[90.8614,26.3616],[90.8583,26.3607],[90.8516,26.3605],[90.8441,26.3578],[90.8427,26.3579],[90.8351,26.3608],[90.8296,26.3654],[90.8269,26.3665],[90.8215,26.3656],[90.811,26.3548],[90.8082,26.3507],[90.8074,26.3487],[90.8077,26.3431],[90.8042,26.3387],[90.793,26.3279],[90.7927,26.3254],[90.7954,26.3251],[90.7978,26.3233],[90.8049,26.3207],[90.8074,26.3132],[90.8047,26.3068],[90.803,26.3059],[90.802,26.3063],[90.8019,26.3063],[90.7982,26.3055],[90.7937,26.3026],[90.7795,26.3034],[90.7703,26.3066],[90.7668,26.3105],[90.7626,26.3129],[90.7537,26.3086],[90.7501,26.3047],[90.7493,26.3023],[90.7457,26.2999],[90.7343,26.2954],[90.723,26.2836],[90.722,26.2819],[90.7216,26.2766],[90.7229,26.2679],[90.7348,26.2681],[90.7358,26.2655],[90.7361,26.2591],[90.7336,26.2575],[90.7289,26.2567],[90.7266,26.2574],[90.7194,26.2636],[90.7056,26.2557],[90.6877,26.2573],[90.6806,26.2564],[90.6679,26.2519],[90.6645,26.249],[90.6585,26.246],[90.656,26.2414],[90.609,26.2304],[90.5638,26.2174],[90.523,26.2079],[90.5088,26.1997],[90.4658,26.205],[90.4241,26.1988],[90.4022,26.1901],[90.3947,26.1876],[90.3793,26.1815],[90.3803,26.1887],[90.3811,26.2064],[90.38,26.2132],[90.3799,26.2214],[90.3818,26.2239],[90.3856,26.2255],[90.3912,26.2249],[90.3965,26.2222],[90.3984,26.2204],[90.4023,26.2206],[90.4071,26.224],[90.4182,26.2344],[90.4221,26.2363],[90.4299,26.2443],[90.4406,26.2432],[90.4424,26.2441],[90.4432,26.2466],[90.4379,26.2512],[90.4336,26.257],[90.4334,26.2592],[90.4342,26.2606],[90.438,26.2621],[90.4408,26.2609],[90.4437,26.254],[90.4492,26.2496],[90.4509,26.2486],[90.4524,26.2488],[90.4547,26.2504],[90.4553,26.2521],[90.4486,26.2581],[90.4462,26.2617],[90.446,26.2645],[90.4484,26.2687],[90.4521,26.2717],[90.454,26.2722],[90.4608,26.2659],[90.4638,26.265],[90.4702,26.2648],[90.4731,26.2661],[90.4758,26.2687],[90.4765,26.2713],[90.474,26.2724],[90.4684,26.2724],[90.4596,26.2725],[90.4593,26.277],[90.4591,26.2802],[90.4604,26.2844],[90.4614,26.2782],[90.4615,26.2778],[90.464,26.2772],[90.4732,26.2779],[90.4722,26.2807],[90.4682,26.282],[90.4668,26.288],[90.4676,26.2889],[90.4714,26.289],[90.4784,26.288],[90.4829,26.2894],[90.4838,26.2902],[90.484,26.2922],[90.4836,26.296],[90.4818,26.2993],[90.4814,26.3018],[90.4827,26.3051],[90.4816,26.308],[90.4727,26.3212],[90.4705,26.3262],[90.4733,26.3274],[90.4771,26.3311],[90.476,26.3324],[90.4738,26.3329],[90.4654,26.3301],[90.4603,26.3377],[90.4582,26.3388],[90.4604,26.343],[90.457,26.3495],[90.4589,26.3523],[90.4609,26.3561],[90.4564,26.3579],[90.4533,26.3536],[90.4502,26.3474],[90.4483,26.3458],[90.4461,26.3463],[90.4446,26.3618],[90.4388,26.3585],[90.4393,26.3572],[90.4421,26.3499],[90.4421,26.3456],[90.4413,26.3439],[90.4385,26.3429],[90.4362,26.3436],[90.4342,26.3475],[90.4356,26.354],[90.429,26.36],[90.4264,26.3648],[90.4242,26.3633],[90.4173,26.3623],[90.4053,26.3631],[90.3999,26.3627],[90.3859,26.3662],[90.3834,26.3677],[90.3819,26.3699],[90.3844,26.3714],[90.3847,26.3718],[90.3863,26.3741],[90.3867,26.3733],[90.3881,26.3708],[90.3895,26.3704],[90.3912,26.3765],[90.3935,26.3802],[90.3986,26.3854],[90.3989,26.3879],[90.3975,26.391],[90.3976,26.391],[90.3995,26.4013],[90.4035,26.4137],[90.4101,26.4332],[90.4098,26.434],[90.4106,26.4333],[90.4135,26.4307],[90.4194,26.4319],[90.4211,26.4324],[90.4231,26.4325],[90.4249,26.4313],[90.4253,26.428],[90.4248,26.425],[90.4247,26.4228],[90.4247,26.4198],[90.4258,26.4167],[90.4278,26.4146],[90.4282,26.413],[90.427,26.4103],[90.426,26.4073],[90.4274,26.4062],[90.4293,26.406],[90.4328,26.4075],[90.4384,26.4082],[90.4401,26.4055],[90.4413,26.4057],[90.4424,26.4069],[90.4431,26.4097],[90.4438,26.412],[90.4453,26.4128],[90.446,26.4099],[90.447,26.4077],[90.4496,26.4071],[90.4521,26.4082],[90.4538,26.4083],[90.4558,26.4056],[90.4576,26.4039],[90.4609,26.4037],[90.4624,26.4069],[90.4627,26.4103],[90.4631,26.4122],[90.4611,26.4143],[90.4596,26.4166],[90.4602,26.4189],[90.4589,26.4203],[90.4608,26.4226],[90.4628,26.4237],[90.463,26.4257],[90.4607,26.428],[90.4616,26.4297],[90.4628,26.4326],[90.4643,26.4364],[90.4644,26.4377],[90.4645,26.4386],[90.4681,26.441],[90.4701,26.4417],[90.471,26.4444],[90.4717,26.4474],[90.4723,26.4511],[90.4746,26.4533],[90.4759,26.4541],[90.4797,26.4558],[90.4949,26.4545],[90.5075,26.4547],[90.5184,26.456],[90.526,26.4508],[90.5249,26.437],[90.5246,26.4273],[90.5258,26.4205],[90.532,26.4196],[90.5381,26.4243],[90.5429,26.4271],[90.5486,26.4277],[90.552,26.4342],[90.5512,26.4445],[90.5521,26.4553],[90.557,26.4667],[90.5618,26.4695],[90.5635,26.4761],[90.5636,26.4843],[90.5611,26.4953],[90.5567,26.5043],[90.5641,26.511],[90.5707,26.5141],[90.5741,26.5144],[90.591,26.5112],[90.5968,26.5052],[90.6,26.4957],[90.6049,26.4861],[90.6091,26.4812],[90.6142,26.4809],[90.6172,26.4822],[90.6279,26.4876],[90.6333,26.4981],[90.6301,26.5009],[90.6243,26.5059],[90.6215,26.5133],[90.6219,26.5184],[90.6326,26.5228],[90.6426,26.5272],[90.6563,26.5263],[90.6641,26.5237],[90.6681,26.5173],[90.6756,26.5111],[90.6801,26.5108],[90.6869,26.5103],[90.6905,26.505],[90.6947,26.5011],[90.6942,26.4955],[90.6944,26.4908],[90.6982,26.4885],[90.702,26.4857],[90.7069,26.4865],[90.7112,26.4877],[90.7122,26.485],[90.7157,26.4842],[90.7184,26.4857],[90.7212,26.4841],[90.7235,26.481],[90.7245,26.4821],[90.7282,26.4842],[90.7331,26.4841],[90.7371,26.483],[90.7404,26.4836],[90.7442,26.4834],[90.7456,26.481],[90.7485,26.4767],[90.7527,26.4764],[90.753,26.4732],[90.7552,26.4719],[90.7593,26.4751],[90.7628,26.4783],[90.7639,26.4841],[90.768,26.4867],[90.773,26.4854],[90.775,26.4821],[90.7774,26.4765],[90.7797,26.4728],[90.7867,26.4724],[90.7905,26.4753],[90.7931,26.4803],[90.7905,26.4834],[90.7847,26.4867],[90.7818,26.4906],[90.7775,26.4961],[90.7742,26.4995],[90.7677,26.5023],[90.7623,26.5067],[90.7601,26.5115],[90.7616,26.5178],[90.7654,26.521],[90.7775,26.5227],[90.7848,26.5222],[90.7899,26.5219],[90.7953,26.5241],[90.7972,26.5274],[90.7971,26.5309],[90.8006,26.5336],[90.8036,26.5345],[90.8121,26.5331],[90.8177,26.5307],[90.8244,26.5296],[90.8331,26.5267],[90.8384,26.5246],[90.8481,26.5251],[90.8509,26.5246],[90.8542,26.5234]]]},"properties":{"district_name":"Bongaigaon","raw_district_name":"Bongaigaon","state_code":"AS","state_name":"Assam","census_code":319,"data_source":"DataMeet India Maps (Census 2011 Boundaries)"}},{"type":"Feature","geometry":{"type":"Polygon","coordinates":[[[93.2524,24.9716],[93.2524,24.9691],[93.2582,24.9691],[93.2627,24.9628],[93.2628,24.9603],[93.26,24.9553],[93.2603,24.9503],[93.2618,24.9478],[93.2618,24.9478],[93.2618,24.9478],[93.2589,24.9478],[93.253,24.9515],[93.2487,24.9515],[93.2488,24.949],[93.2504,24.9465],[93.2505,24.9428],[93.2536,24.939],[93.2536,24.939],[93.2536,24.939],[93.2493,24.939],[93.2464,24.9403],[93.2435,24.9403],[93.2408,24.9378],[93.2394,24.9353],[93.2395,24.934],[93.2409,24.934],[93.245,24.9359],[93.2465,24.9365],[93.2465,24.9365],[93.2479,24.9365],[93.2466,24.9328],[93.2425,24.9278],[93.2439,24.9265],[93.2496,24.9265],[93.2521,24.9174],[93.2527,24.9152],[93.2499,24.9115],[93.2499,24.9115],[93.2499,24.9115],[93.2413,24.9115],[93.2398,24.9127],[93.2384,24.9115],[93.2413,24.9077],[93.2428,24.9039],[93.2428,24.9002],[93.2413,24.8976],[93.2413,24.8976],[93.2413,24.8976],[93.2356,24.8989],[93.2328,24.8951],[93.2328,24.8914],[93.2328,24.8914],[93.2328,24.8914],[93.2299,24.8913],[93.2342,24.8863],[93.2328,24.8813],[93.2328,24.8813],[93.2328,24.8813],[93.2285,24.8813],[93.2256,24.8775],[93.2285,24.8737],[93.2242,24.8712],[93.2213,24.8675],[93.2185,24.8662],[93.2156,24.8612],[93.2137,24.8584],[93.2137,24.8584],[93.2121,24.8573],[93.2095,24.8555],[93.2081,24.853],[93.2081,24.853],[93.2081,24.853],[93.2052,24.8518],[93.2052,24.8518],[93.1995,24.8543],[93.1966,24.853],[93.198,24.8492],[93.2009,24.8467],[93.2009,24.8404],[93.2009,24.8404],[93.2009,24.8404],[93.1952,24.8429],[93.1938,24.8404],[93.1966,24.8367],[93.1981,24.8367],[93.1995,24.8379],[93.1995,24.8379],[93.1995,24.8379],[93.2009,24.8367],[93.1981,24.8329],[93.1981,24.8329],[93.1981,24.8329],[93.1952,24.8341],[93.1938,24.8341],[93.1923,24.8329],[93.1924,24.8304],[93.1947,24.8304],[93.1967,24.8304],[93.1924,24.8228],[93.191,24.8191],[93.1953,24.8128],[93.1981,24.8115],[93.1967,24.8078],[93.1938,24.8053],[93.1924,24.8027],[93.1924,24.8027],[93.1924,24.8027],[93.1895,24.8027],[93.1852,24.8015],[93.1809,24.8015],[93.1795,24.7989],[93.1795,24.7952],[93.1781,24.7927],[93.1781,24.7927],[93.1781,24.7927],[93.1767,24.7927],[93.1752,24.7939],[93.1738,24.8002],[93.168,24.7977],[93.1652,24.7952],[93.1652,24.7952],[93.1652,24.7952],[93.1609,24.7939],[93.1566,24.7889],[93.1523,24.7864],[93.1523,24.7864],[93.1523,24.7901],[93.1509,24.7926],[93.148,24.7951],[93.1437,24.7964],[93.1422,24.7977],[93.1394,24.8014],[93.1365,24.8077],[93.1308,24.8027],[93.1308,24.8027],[93.1308,24.8027],[93.1264,24.8052],[93.1207,24.8052],[93.1193,24.8077],[93.1221,24.8115],[93.1221,24.8165],[93.1196,24.8142],[93.1193,24.814],[93.1107,24.8089],[93.1092,24.8064],[93.1121,24.7989],[93.1079,24.7876],[93.105,24.785],[93.105,24.7813],[93.1065,24.78],[93.1008,24.775],[93.1022,24.77],[93.1051,24.7662],[93.1037,24.7599],[93.0994,24.7511],[93.0994,24.7474],[93.1009,24.7461],[93.098,24.7411],[93.1009,24.7386],[93.1023,24.7398],[93.1023,24.7436],[93.1023,24.7436],[93.1023,24.7436],[93.103,24.7433],[93.1052,24.7423],[93.1066,24.7386],[93.1038,24.7335],[93.0966,24.7285],[93.0967,24.7247],[93.0938,24.721],[93.0938,24.721],[93.0938,24.721],[93.0924,24.721],[93.0934,24.7183],[93.0938,24.7172],[93.0924,24.7122],[93.0881,24.7059],[93.0881,24.7059],[93.0881,24.7059],[93.0781,24.7109],[93.0752,24.7071],[93.0796,24.7008],[93.0824,24.6983],[93.0839,24.6946],[93.0896,24.6896],[93.0925,24.6845],[93.0925,24.6808],[93.0911,24.677],[93.0911,24.6745],[93.0926,24.6732],[93.0969,24.6745],[93.1008,24.6768],[93.1011,24.677],[93.1011,24.677],[93.104,24.6758],[93.104,24.672],[93.1026,24.6682],[93.0983,24.6632],[93.0969,24.6594],[93.097,24.6557],[93.0955,24.6532],[93.0956,24.6494],[93.0956,24.6494],[93.0956,24.6494],[93.0884,24.6494],[93.0856,24.6481],[93.0842,24.6444],[93.0886,24.6306],[93.0887,24.6243],[93.0887,24.6243],[93.0887,24.6243],[93.0815,24.6243],[93.0786,24.623],[93.0787,24.618],[93.0816,24.6143],[93.086,24.6105],[93.086,24.608],[93.076,24.6005],[93.0747,24.5967],[93.0747,24.5929],[93.0791,24.5892],[93.0878,24.5867],[93.0979,24.588],[93.1037,24.5843],[93.1059,24.5806],[93.1062,24.5802],[93.1062,24.5802],[93.1058,24.58],[93.1037,24.5792],[93.0965,24.5792],[93.0954,24.5769],[93.0864,24.5679],[93.0864,24.5679],[93.0864,24.5679],[93.0777,24.5716],[93.0705,24.5729],[93.0604,24.5716],[93.0719,24.5578],[93.0648,24.544],[93.0648,24.544],[93.0648,24.544],[93.0604,24.5515],[93.0519,24.5415],[93.0505,24.5339],[93.0477,24.5277],[93.052,24.5214],[93.052,24.5164],[93.0406,24.5114],[93.0392,24.5076],[93.0435,24.5026],[93.035,24.4937],[93.0449,24.4786],[93.0477,24.4722],[93.0474,24.4607],[93.0474,24.4607],[93.0371,24.4579],[93.0359,24.4407],[93.0313,24.4257],[93.0385,24.4143],[93.0383,24.4079],[93.0383,24.4079],[93.0383,24.4079],[93.0283,24.4031],[93.0151,24.3994],[93.0151,24.3994],[93.008,24.4022],[93.0056,24.4088],[92.9996,24.4001],[92.9972,24.3984],[92.9945,24.3988],[92.9911,24.4024],[92.9875,24.4045],[92.9846,24.4044],[92.9794,24.4066],[92.9748,24.4047],[92.97,24.3981],[92.9595,24.3928],[92.9595,24.3928],[92.9577,24.3946],[92.9573,24.395],[92.9569,24.3958],[92.9539,24.4008],[92.9532,24.4014],[92.9531,24.4016],[92.9513,24.4017],[92.9505,24.4018],[92.9489,24.4011],[92.9434,24.3988],[92.9398,24.398],[92.9378,24.396],[92.9369,24.3937],[92.9349,24.3925],[92.9269,24.3956],[92.9246,24.3992],[92.9229,24.3996],[92.9218,24.4012],[92.9226,24.4027],[92.9108,24.4099],[92.9086,24.4002],[92.905,24.3961],[92.9051,24.3924],[92.9044,24.3915],[92.9044,24.3915],[92.9044,24.3915],[92.9014,24.3908],[92.9002,24.3905],[92.9002,24.3905],[92.8956,24.3914],[92.8956,24.3914],[92.8937,24.3924],[92.891,24.3989],[92.8901,24.3994],[92.8873,24.3987],[92.8835,24.4001],[92.8775,24.396],[92.8775,24.396],[92.8775,24.396],[92.8732,24.3944],[92.8711,24.3942],[92.8622,24.3966],[92.8584,24.3956],[92.8538,24.3911],[92.851,24.3895],[92.8484,24.3833],[92.8469,24.3806],[92.8462,24.3795],[92.8451,24.3784],[92.8436,24.377],[92.8436,24.377],[92.8436,24.377],[92.8394,24.3779],[92.8389,24.378],[92.8355,24.3758],[92.8324,24.3738],[92.832,24.3736],[92.832,24.3736],[92.832,24.3736],[92.8291,24.3747],[92.8283,24.375],[92.8281,24.3755],[92.8275,24.3765],[92.8276,24.3828],[92.8255,24.3849],[92.8248,24.3856],[92.8247,24.3862],[92.8244,24.3877],[92.8255,24.3898],[92.8259,24.3908],[92.831,24.3966],[92.8307,24.3977],[92.8307,24.3977],[92.8297,24.3989],[92.8291,24.3992],[92.8242,24.4014],[92.8209,24.4037],[92.8205,24.404],[92.8198,24.4055],[92.8177,24.41],[92.8168,24.4097],[92.8158,24.4095],[92.8158,24.4095],[92.8158,24.4095],[92.8132,24.4102],[92.8105,24.4109],[92.8107,24.4122],[92.8108,24.4126],[92.8101,24.4125],[92.8088,24.4125],[92.8088,24.4125],[92.8083,24.4141],[92.8084,24.4148],[92.8089,24.4165],[92.8068,24.417],[92.8066,24.4171],[92.8056,24.4168],[92.8037,24.4162],[92.8032,24.4161],[92.8031,24.416],[92.8002,24.4163],[92.8002,24.4163],[92.8002,24.4163],[92.7995,24.4187],[92.7995,24.4187],[92.7995,24.4187],[92.8032,24.419],[92.8037,24.4202],[92.8027,24.4231],[92.8023,24.4245],[92.7997,24.4292],[92.7975,24.4316],[92.7972,24.432],[92.7967,24.4331],[92.7933,24.4413],[92.7893,24.4533],[92.7857,24.461],[92.7839,24.4685],[92.7821,24.4714],[92.7817,24.4721],[92.7808,24.4757],[92.7787,24.4838],[92.7647,24.5182],[92.7647,24.5182],[92.7633,24.5187],[92.763,24.5188],[92.7616,24.5181],[92.7616,24.5181],[92.7616,24.5181],[92.7592,24.5185],[92.7596,24.5212],[92.7596,24.5212],[92.7596,24.5212],[92.7618,24.5246],[92.7634,24.5298],[92.7752,24.5461],[92.7731,24.5485],[92.773,24.5509],[92.773,24.5517],[92.7761,24.5555],[92.7792,24.5593],[92.7807,24.5596],[92.7803,24.5692],[92.7743,24.5694],[92.7641,24.5666],[92.7641,24.5666],[92.7641,24.5666],[92.7607,24.5766],[92.7606,24.5767],[92.755,24.5827],[92.7533,24.5821],[92.7533,24.5821],[92.7518,24.5822],[92.7502,24.5823],[92.7487,24.5829],[92.7459,24.584],[92.7416,24.5834],[92.7416,24.5834],[92.7387,24.5867],[92.7379,24.5865],[92.7345,24.5857],[92.7352,24.5825],[92.7256,24.569],[92.7256,24.569],[92.7192,24.565],[92.7177,24.5685],[92.7164,24.5684],[92.7148,24.5683],[92.7049,24.564],[92.7048,24.564],[92.7048,24.564],[92.7019,24.5683],[92.701,24.5698],[92.6976,24.5725],[92.6897,24.5789],[92.6862,24.5805],[92.6862,24.5805],[92.6787,24.5815],[92.6768,24.5813],[92.6768,24.5813],[92.6719,24.5874],[92.6699,24.5911],[92.6699,24.5911],[92.6699,24.5911],[92.6704,24.5942],[92.6722,24.5966],[92.6736,24.5984],[92.6696,24.6067],[92.6697,24.6081],[92.6699,24.6094],[92.6699,24.6094],[92.6699,24.6094],[92.6784,24.6093],[92.6813,24.6108],[92.6813,24.6108],[92.6813,24.6108],[92.6902,24.6125],[92.6939,24.6155],[92.694,24.6155],[92.6941,24.6156],[92.6965,24.6164],[92.6963,24.617],[92.696,24.6181],[92.6936,24.6211],[92.681,24.6288],[92.6789,24.6279],[92.675,24.6263],[92.675,24.6263],[92.6748,24.6262],[92.67,24.6263],[92.67,24.6263],[92.67,24.6263],[92.6666,24.6387],[92.6666,24.6388],[92.6666,24.6388],[92.6688,24.6588],[92.6669,24.6617],[92.6669,24.6617],[92.6669,24.6617],[92.6664,24.6695],[92.6599,24.6692],[92.6587,24.672],[92.6578,24.6744],[92.6578,24.6746],[92.6576,24.6765],[92.6558,24.6917],[92.6579,24.6959],[92.6592,24.7116],[92.6585,24.7201],[92.6572,24.7227],[92.6565,24.7283],[92.6561,24.7357],[92.6573,24.7418],[92.6588,24.7464],[92.6592,24.7474],[92.666,24.7621],[92.666,24.7621],[92.6658,24.7654],[92.6658,24.7654],[92.6675,24.7675],[92.6672,24.7703],[92.6666,24.7771],[92.6685,24.7847],[92.6698,24.7898],[92.6698,24.7899],[92.6698,24.7899],[92.6725,24.7912],[92.6725,24.7912],[92.684,24.8024],[92.6846,24.8065],[92.6803,24.8132],[92.6779,24.8146],[92.6779,24.8146],[92.6711,24.8148],[92.6711,24.8148],[92.6658,24.814],[92.6605,24.8132],[92.66,24.8133],[92.6568,24.8139],[92.6434,24.8191],[92.6398,24.8191],[92.6398,24.8191],[92.6364,24.8274],[92.6358,24.8314],[92.6358,24.8314],[92.6358,24.8315],[92.6389,24.8355],[92.6355,24.8415],[92.6318,24.8479],[92.6317,24.848],[92.6317,24.8481],[92.6309,24.8513],[92.631,24.8519],[92.6314,24.8531],[92.6312,24.8532],[92.6207,24.858],[92.6181,24.8588],[92.6103,24.8609],[92.6103,24.861],[92.6102,24.861],[92.5981,24.8779],[92.598,24.8779],[92.5974,24.8778],[92.5821,24.8731],[92.5822,24.8714],[92.5822,24.871],[92.5904,24.8672],[92.5925,24.864],[92.5891,24.8619],[92.5891,24.8619],[92.5891,24.8619],[92.578,24.8683],[92.5728,24.87],[92.5603,24.8721],[92.5527,24.8701],[92.5456,24.8651],[92.5411,24.863],[92.5411,24.863],[92.5411,24.863],[92.5364,24.8619],[92.5352,24.8617],[92.5305,24.8594],[92.5305,24.8594],[92.5258,24.8587],[92.5258,24.8587],[92.5207,24.8695],[92.5191,24.8712],[92.5198,24.8718],[92.5162,24.8749],[92.5095,24.874],[92.5036,24.8721],[92.5036,24.8721],[92.4989,24.874],[92.4989,24.874],[92.4977,24.8791],[92.4946,24.8849],[92.4943,24.8909],[92.4954,24.8962],[92.4955,24.9061],[92.4913,24.9166],[92.49,24.9214],[92.4865,24.9276],[92.4844,24.931],[92.4878,24.9337],[92.4898,24.9374],[92.4887,24.9423],[92.4843,24.9429],[92.4784,24.9432],[92.4715,24.9425],[92.4653,24.9416],[92.4601,24.9411],[92.455,24.9423],[92.4515,24.9472],[92.4516,24.9526],[92.456,24.9544],[92.4611,24.9552],[92.4646,24.958],[92.4659,24.9625],[92.4595,24.9669],[92.4541,24.9691],[92.4489,24.9694],[92.4435,24.9691],[92.4376,24.9682],[92.431,24.9696],[92.423,24.9744],[92.4199,24.9802],[92.4198,24.9874],[92.4202,24.9918],[92.4225,24.9985],[92.4227,25.0034],[92.4251,25.0092],[92.427,25.0175],[92.4268,25.0246],[92.4253,25.0295],[92.4324,25.0308],[92.4384,25.0316],[92.4384,25.0316],[92.4423,25.0377],[92.447,25.0399],[92.447,25.0399],[92.4515,25.0388],[92.4547,25.0345],[92.4573,25.0329],[92.4602,25.033],[92.4637,25.035],[92.4651,25.0451],[92.4633,25.048],[92.4606,25.0474],[92.4603,25.0525],[92.4625,25.0537],[92.463,25.0536],[92.4642,25.0534],[92.4665,25.055],[92.468,25.0592],[92.4714,25.0647],[92.4751,25.0686],[92.477,25.0761],[92.4807,25.0837],[92.4803,25.0936],[92.4808,25.0982],[92.4848,25.1059],[92.4848,25.1059],[92.4848,25.1059],[92.4996,25.1059],[92.5103,25.1032],[92.527,25.1036],[92.5325,25.1017],[92.5385,25.097],[92.5434,25.0973],[92.545,25.097],[92.5492,25.1037],[92.5492,25.1037],[92.5492,25.1037],[92.5586,25.1035],[92.5606,25.1041],[92.5648,25.1018],[92.566,25.1011],[92.5749,25.1015],[92.5801,25.1023],[92.5878,25.1049],[92.5878,25.1049],[92.5964,25.1061],[92.6033,25.1102],[92.6033,25.1102],[92.6033,25.1102],[92.6054,25.1104],[92.6139,25.1045],[92.6212,25.1019],[92.6233,25.1019],[92.6269,25.1066],[92.6269,25.1066],[92.6306,25.1079],[92.6349,25.1079],[92.6368,25.109],[92.639,25.1137],[92.6435,25.1168],[92.6435,25.1168],[92.6435,25.1168],[92.6482,25.1178],[92.6527,25.1171],[92.6563,25.1149],[92.6575,25.113],[92.6607,25.1136],[92.6625,25.1133],[92.6664,25.1105],[92.6727,25.1081],[92.6776,25.1087],[92.6851,25.1138],[92.6851,25.1138],[92.6851,25.1138],[92.6874,25.1144],[92.6928,25.1139],[92.6965,25.1108],[92.6984,25.1095],[92.702,25.1087],[92.7078,25.1109],[92.7128,25.116],[92.7128,25.116],[92.7128,25.116],[92.7167,25.1174],[92.7169,25.1175],[92.7169,25.1175],[92.7204,25.1154],[92.7231,25.1129],[92.7261,25.1121],[92.7284,25.117],[92.7375,25.1241],[92.7382,25.1256],[92.7375,25.1281],[92.732,25.1377],[92.7335,25.1429],[92.7335,25.1429],[92.7335,25.1429],[92.7366,25.1409],[92.7375,25.1395],[92.7386,25.1392],[92.74,25.1406],[92.74,25.1406],[92.74,25.1406],[92.7467,25.1353],[92.7506,25.1357],[92.7566,25.1386],[92.7566,25.1386],[92.7598,25.1279],[92.7657,25.1212],[92.7675,25.1169],[92.7685,25.1107],[92.7678,25.1035],[92.7769,25.0947],[92.7837,25.0866],[92.7861,25.0853],[92.7883,25.0851],[92.799,25.0858],[92.8028,25.0854],[92.8087,25.0831],[92.8274,25.0725],[92.8292,25.0714],[92.831,25.0684],[92.8306,25.0618],[92.8313,25.0603],[92.836,25.0549],[92.8413,25.0531],[92.8527,25.0587],[92.8563,25.0622],[92.8587,25.0632],[92.8587,25.0632],[92.8587,25.0632],[92.866,25.0636],[92.8699,25.0658],[92.87,25.0659],[92.87,25.0659],[92.8757,25.0651],[92.8829,25.0668],[92.8829,25.0668],[92.8858,25.0682],[92.8898,25.0737],[92.9018,25.0794],[92.9018,25.0794],[92.9018,25.0794],[92.9142,25.0801],[92.9238,25.0796],[92.9358,25.0771],[92.942,25.0744],[92.9461,25.0704],[92.952,25.0704],[92.956,25.0733],[92.9562,25.0836],[92.9573,25.0861],[92.9573,25.0861],[92.9573,25.0861],[92.9625,25.0882],[92.9625,25.0882],[92.9681,25.0884],[92.9785,25.0848],[92.983,25.0874],[92.9885,25.0936],[92.9885,25.0936],[92.9885,25.0936],[92.9936,25.095],[93,25.0952],[93.0083,25.0962],[93.0192,25.0953],[93.022,25.0996],[93.022,25.0996],[93.022,25.0996],[93.0334,25.1034],[93.044,25.1029],[93.0496,25.0989],[93.0479,25.0936],[93.0414,25.0849],[93.0303,25.0751],[93.0303,25.0751],[93.0303,25.0751],[93.0237,25.0735],[93.0177,25.0611],[93.0262,25.0521],[93.0293,25.0468],[93.0385,25.0396],[93.0403,25.0362],[93.0499,25.0326],[93.0568,25.0268],[93.0572,25.0239],[93.0609,25.0226],[93.0639,25.0153],[93.0639,25.0153],[93.0631,25.0149],[93.0614,25.0142],[93.0614,25.0142],[93.0593,25.0117],[93.0588,25.0079],[93.0623,25.0062],[93.0632,25.002],[93.0686,25.0026],[93.072,25.0001],[93.0719,24.9972],[93.1707,24.9966],[93.1808,24.9952],[93.1839,24.9952],[93.1844,24.9948],[93.1857,24.9947],[93.1867,24.9965],[93.1867,24.9965],[93.1867,24.9965],[93.1896,24.9965],[93.1896,24.9902],[93.1939,24.9914],[93.1981,24.9902],[93.1995,24.9876],[93.1981,24.9851],[93.2009,24.9826],[93.2066,24.9801],[93.2136,24.9825],[93.2164,24.9863],[93.2164,24.9863],[93.2164,24.9863],[93.2192,24.9863],[93.2234,24.985],[93.2247,24.9837],[93.2289,24.9849],[93.2317,24.9837],[93.2331,24.9824],[93.2288,24.9762],[93.2342,24.9737],[93.2356,24.9737],[93.237,24.9762],[93.237,24.9762],[93.237,24.9762],[93.2384,24.9762],[93.2397,24.9724],[93.2425,24.9724],[93.2439,24.9699],[93.2439,24.9674],[93.2467,24.9674],[93.2524,24.9716],[93.2524,24.9716],[93.2524,24.9716]]]},"properties":{"district_name":"Cachar","raw_district_name":"Cachar","state_code":"AS","state_name":"Assam","census_code":316,"data_source":"DataMeet India Maps (Census 2011 Boundaries)"}},{"type":"Feature","geometry":{"type":"Polygon","coordinates":[[[90.5732,26.7986],[90.5856,26.7972],[90.5938,26.7982],[90.6063,26.7972],[90.6224,26.7943],[90.6351,26.7913],[90.6419,26.7863],[90.6539,26.7739],[90.6617,26.7759],[90.6673,26.7783],[90.6746,26.7804],[90.6841,26.7799],[90.687,26.7771],[90.6983,26.7709],[90.7046,26.7677],[90.717,26.7672],[90.7216,26.7676],[90.7277,26.7672],[90.7336,26.768],[90.7386,26.769],[90.7416,26.7727],[90.7456,26.7747],[90.7513,26.7743],[90.767,26.7732],[90.7768,26.7735],[90.7914,26.7738],[90.8068,26.7736],[90.8228,26.7749],[90.8414,26.7763],[90.853,26.7768],[90.8753,26.7792],[90.9015,26.7782],[90.9315,26.7817],[90.9592,26.7834],[90.9592,26.7834],[90.9591,26.7832],[90.9578,26.7791],[90.9542,26.7767],[90.9541,26.7766],[90.9459,26.7746],[90.9458,26.7743],[90.945,26.7702],[90.9414,26.7634],[90.9411,26.7628],[90.9411,26.7627],[90.9412,26.7605],[90.9385,26.7584],[90.9384,26.7583],[90.9367,26.7558],[90.9322,26.7446],[90.9259,26.7399],[90.9259,26.7398],[90.925,26.7358],[90.9169,26.7266],[90.9166,26.7262],[90.9162,26.7176],[90.9186,26.7134],[90.9186,26.7132],[90.9185,26.7103],[90.9146,26.7052],[90.9144,26.705],[90.912,26.6977],[90.9119,26.6975],[90.9097,26.6948],[90.9038,26.6912],[90.9035,26.691],[90.9023,26.6893],[90.9016,26.6861],[90.9017,26.686],[90.9033,26.6824],[90.9002,26.6773],[90.9001,26.6771],[90.8976,26.6697],[90.897,26.666],[90.8977,26.6638],[90.9028,26.6617],[90.9028,26.6615],[90.904,26.6583],[90.9033,26.6406],[90.9032,26.6395],[90.9024,26.635],[90.9023,26.6347],[90.9005,26.6314],[90.8943,26.6251],[90.8939,26.6246],[90.8938,26.6245],[90.8869,26.6213],[90.8823,26.6201],[90.877,26.6164],[90.8745,26.6063],[90.8732,26.6024],[90.8714,26.5999],[90.8685,26.5983],[90.8637,26.5989],[90.8578,26.5978],[90.8561,26.5953],[90.8537,26.583],[90.8554,26.5825],[90.8535,26.579],[90.8519,26.5776],[90.8502,26.5719],[90.8475,26.571],[90.831,26.5753],[90.8203,26.5681],[90.8217,26.5637],[90.8241,26.56],[90.8272,26.5585],[90.832,26.5562],[90.8316,26.5407],[90.8331,26.5409],[90.8334,26.54],[90.834,26.5386],[90.8456,26.5358],[90.8505,26.5335],[90.8566,26.5339],[90.8551,26.5254],[90.8542,26.5234],[90.8509,26.5246],[90.8481,26.5251],[90.8384,26.5246],[90.8331,26.5267],[90.8244,26.5296],[90.8177,26.5307],[90.8121,26.5331],[90.8036,26.5345],[90.8006,26.5336],[90.7971,26.5309],[90.7972,26.5274],[90.7953,26.5241],[90.7899,26.5219],[90.7848,26.5222],[90.7775,26.5227],[90.7654,26.521],[90.7616,26.5178],[90.7601,26.5115],[90.7623,26.5067],[90.7677,26.5023],[90.7742,26.4995],[90.7775,26.4961],[90.7818,26.4906],[90.7847,26.4867],[90.7905,26.4834],[90.7931,26.4803],[90.7905,26.4753],[90.7867,26.4724],[90.7797,26.4728],[90.7774,26.4765],[90.775,26.4821],[90.773,26.4854],[90.768,26.4867],[90.7639,26.4841],[90.7628,26.4783],[90.7593,26.4751],[90.7552,26.4719],[90.753,26.4732],[90.7527,26.4764],[90.7485,26.4767],[90.7456,26.481],[90.7442,26.4834],[90.7404,26.4836],[90.7371,26.483],[90.7331,26.4841],[90.7282,26.4842],[90.7245,26.4821],[90.7235,26.481],[90.7212,26.4841],[90.7184,26.4857],[90.7157,26.4842],[90.7122,26.485],[90.7112,26.4877],[90.7069,26.4865],[90.702,26.4857],[90.6982,26.4885],[90.6944,26.4908],[90.6942,26.4955],[90.6947,26.5011],[90.6905,26.505],[90.6869,26.5103],[90.6801,26.5108],[90.6756,26.5111],[90.6681,26.5173],[90.6641,26.5237],[90.6563,26.5263],[90.6426,26.5272],[90.6326,26.5228],[90.6219,26.5184],[90.6215,26.5133],[90.6243,26.5059],[90.6301,26.5009],[90.6333,26.4981],[90.6279,26.4876],[90.6172,26.4822],[90.6142,26.4809],[90.6091,26.4812],[90.6049,26.4861],[90.6,26.4957],[90.5968,26.5052],[90.591,26.5112],[90.5741,26.5144],[90.5707,26.5141],[90.5641,26.511],[90.5567,26.5043],[90.5611,26.4953],[90.5636,26.4843],[90.5635,26.4761],[90.5618,26.4695],[90.557,26.4667],[90.5521,26.4553],[90.5512,26.4445],[90.552,26.4342],[90.5486,26.4277],[90.5429,26.4271],[90.5381,26.4243],[90.532,26.4196],[90.5258,26.4205],[90.5246,26.4273],[90.5249,26.437],[90.526,26.4508],[90.5184,26.456],[90.5075,26.4547],[90.4949,26.4545],[90.4797,26.4558],[90.4759,26.4541],[90.4746,26.4533],[90.4723,26.4511],[90.4717,26.4474],[90.471,26.4444],[90.4701,26.4417],[90.4681,26.441],[90.4645,26.4386],[90.4644,26.4377],[90.4643,26.4364],[90.4628,26.4326],[90.4616,26.4297],[90.4607,26.428],[90.463,26.4257],[90.4628,26.4237],[90.4608,26.4226],[90.4589,26.4203],[90.4602,26.4189],[90.4596,26.4166],[90.4611,26.4143],[90.4631,26.4122],[90.4627,26.4103],[90.4624,26.4069],[90.4609,26.4037],[90.4576,26.4039],[90.4558,26.4056],[90.4538,26.4083],[90.4521,26.4082],[90.4496,26.4071],[90.447,26.4077],[90.446,26.4099],[90.4453,26.4128],[90.4438,26.412],[90.4431,26.4097],[90.4424,26.4069],[90.4413,26.4057],[90.4401,26.4055],[90.4384,26.4082],[90.4328,26.4075],[90.4293,26.406],[90.4274,26.4062],[90.426,26.4073],[90.427,26.4103],[90.4282,26.413],[90.4278,26.4146],[90.4258,26.4167],[90.4247,26.4198],[90.4247,26.4228],[90.4248,26.425],[90.4253,26.428],[90.4249,26.4313],[90.4231,26.4325],[90.4211,26.4324],[90.4194,26.4319],[90.4135,26.4307],[90.4106,26.4333],[90.4098,26.434],[90.4093,26.4352],[90.4091,26.4369],[90.4069,26.4404],[90.4056,26.443],[90.4035,26.4448],[90.4016,26.4466],[90.4012,26.4487],[90.4009,26.4533],[90.4004,26.4572],[90.4005,26.4592],[90.4021,26.4655],[90.4021,26.4686],[90.4015,26.4717],[90.3995,26.4755],[90.3989,26.476],[90.3963,26.4779],[90.3949,26.4805],[90.3946,26.4835],[90.396,26.486],[90.3977,26.4865],[90.4006,26.4868],[90.4027,26.4879],[90.4039,26.4891],[90.4036,26.4907],[90.4024,26.492],[90.3978,26.4928],[90.396,26.4934],[90.3958,26.4951],[90.396,26.4975],[90.3971,26.4987],[90.3996,26.5],[90.4013,26.5026],[90.4022,26.5045],[90.4009,26.506],[90.3995,26.5065],[90.3984,26.5069],[90.3973,26.5079],[90.3964,26.5091],[90.397,26.5113],[90.3988,26.5129],[90.4009,26.5142],[90.4025,26.5167],[90.4004,26.5198],[90.3978,26.5208],[90.3948,26.5191],[90.3934,26.5169],[90.3906,26.5154],[90.3885,26.515],[90.3864,26.5168],[90.3852,26.518],[90.386,26.5206],[90.3883,26.5226],[90.3917,26.5262],[90.3923,26.5278],[90.3916,26.5295],[90.3909,26.5304],[90.3881,26.5315],[90.3852,26.5305],[90.3829,26.5309],[90.3821,26.5331],[90.3824,26.5363],[90.3824,26.5414],[90.3806,26.5429],[90.3778,26.544],[90.3752,26.5438],[90.3719,26.5422],[90.3704,26.5422],[90.368,26.5438],[90.365,26.5459],[90.3627,26.5485],[90.3605,26.5485],[90.3576,26.5484],[90.357,26.5492],[90.3582,26.5506],[90.3596,26.5515],[90.3605,26.5518],[90.3614,26.5532],[90.3606,26.5543],[90.358,26.5544],[90.3552,26.5552],[90.3541,26.5582],[90.3541,26.5596],[90.3538,26.5608],[90.3538,26.5631],[90.3553,26.5636],[90.3585,26.5645],[90.3593,26.5657],[90.3589,26.5675],[90.3564,26.5692],[90.3548,26.5704],[90.3537,26.5716],[90.3549,26.5734],[90.3558,26.5743],[90.359,26.5778],[90.3609,26.5786],[90.3639,26.578],[90.3652,26.5779],[90.3658,26.5789],[90.366,26.5798],[90.367,26.5816],[90.3681,26.5832],[90.3676,26.5862],[90.3679,26.5895],[90.3663,26.5914],[90.365,26.5926],[90.3638,26.594],[90.3636,26.5951],[90.3637,26.5966],[90.3638,26.5974],[90.3613,26.5978],[90.3598,26.5983],[90.3587,26.6001],[90.3582,26.6014],[90.3568,26.6025],[90.3559,26.6048],[90.3559,26.6063],[90.3548,26.608],[90.3551,26.6104],[90.3572,26.6128],[90.3574,26.6145],[90.3562,26.6166],[90.3561,26.6185],[90.3582,26.6199],[90.3593,26.6204],[90.3616,26.6229],[90.3642,26.6255],[90.3658,26.6262],[90.3669,26.627],[90.367,26.6277],[90.3651,26.6298],[90.3647,26.6314],[90.3659,26.6331],[90.3681,26.6342],[90.3692,26.6355],[90.3693,26.6366],[90.3683,26.6377],[90.3684,26.6388],[90.3684,26.6398],[90.3695,26.64],[90.371,26.639],[90.3724,26.6387],[90.3748,26.6402],[90.3771,26.6438],[90.3853,26.6523],[90.3876,26.6556],[90.3879,26.6593],[90.3893,26.6616],[90.3906,26.6642],[90.392,26.6668],[90.3934,26.67],[90.3956,26.6757],[90.3984,26.6763],[90.4012,26.6764],[90.403,26.6777],[90.4023,26.6789],[90.4007,26.6801],[90.3997,26.6806],[90.4016,26.6844],[90.4044,26.6881],[90.4068,26.6913],[90.407,26.6969],[90.406,26.6979],[90.4052,26.6999],[90.4057,26.7011],[90.4065,26.7029],[90.4084,26.7038],[90.4098,26.7047],[90.4111,26.7067],[90.4155,26.708],[90.4189,26.7094],[90.4207,26.7112],[90.4216,26.7153],[90.4214,26.718],[90.4215,26.7209],[90.4223,26.7243],[90.4251,26.7298],[90.4255,26.7347],[90.427,26.7387],[90.4273,26.7393],[90.4312,26.7429],[90.4331,26.7467],[90.4327,26.7519],[90.4312,26.7562],[90.428,26.7602],[90.428,26.765],[90.429,26.7695],[90.4274,26.7757],[90.4248,26.7791],[90.4219,26.7846],[90.4214,26.7892],[90.4217,26.7938],[90.4219,26.8002],[90.425,26.8075],[90.4255,26.8153],[90.4234,26.8226],[90.4248,26.8316],[90.4256,26.8415],[90.4264,26.8515],[90.4282,26.8663],[90.429,26.8794],[90.4283,26.8875],[90.4251,26.8986],[90.4273,26.8979],[90.4462,26.8826],[90.4591,26.8722],[90.4667,26.867],[90.4687,26.8657],[90.4882,26.8528],[90.5056,26.8417],[90.5191,26.8327],[90.5338,26.8232],[90.5438,26.816],[90.5525,26.8122],[90.5537,26.8116],[90.5587,26.8055],[90.5648,26.8007],[90.5732,26.7986]]]},"properties":{"district_name":"Chirang","raw_district_name":"Chirang","state_code":"AS","state_name":"Assam","census_code":320,"data_source":"DataMeet India Maps (Census 2011 Boundaries)"}},{"type":"Feature","geometry":{"type":"Polygon","coordinates":[[[92.3286,26.6704],[92.3349,26.6687],[92.3358,26.6687],[92.3385,26.6653],[92.3354,26.6616],[92.3361,26.6562],[92.3332,26.652],[92.3336,26.6504],[92.3354,26.6495],[92.3401,26.6494],[92.3412,26.6487],[92.3423,26.6473],[92.3415,26.6449],[92.3394,26.6446],[92.3391,26.6431],[92.3454,26.637],[92.3434,26.6365],[92.3414,26.6374],[92.3365,26.6414],[92.3329,26.6408],[92.33,26.6368],[92.3342,26.6322],[92.3354,26.6302],[92.3355,26.6279],[92.3257,26.6164],[92.3251,26.614],[92.3263,26.6125],[92.3321,26.6108],[92.3317,26.6079],[92.3281,26.6061],[92.3297,26.6044],[92.3419,26.6003],[92.3428,26.5972],[92.3402,26.5961],[92.3292,26.5958],[92.3281,26.5917],[92.3339,26.5875],[92.3352,26.5865],[92.3438,26.5815],[92.3548,26.585],[92.3638,26.5856],[92.367,26.5806],[92.3648,26.5807],[92.3621,26.5778],[92.359,26.5767],[92.3577,26.5744],[92.3582,26.5717],[92.3599,26.57],[92.363,26.5688],[92.3683,26.5681],[92.3698,26.5663],[92.3697,26.5635],[92.368,26.5614],[92.3689,26.5577],[92.3725,26.5533],[92.3803,26.5405],[92.3859,26.5345],[92.3839,26.5311],[92.3821,26.5308],[92.374,26.53],[92.3683,26.5308],[92.3558,26.5301],[92.353,26.5289],[92.3495,26.5243],[92.3328,26.5146],[92.3286,26.5111],[92.3281,26.5093],[92.3353,26.5101],[92.3446,26.5082],[92.3465,26.5021],[92.3449,26.5013],[92.3303,26.494],[92.3261,26.4911],[92.3176,26.4871],[92.3139,26.484],[92.3056,26.4759],[92.3041,26.4726],[92.3008,26.4686],[92.2946,26.4626],[92.2913,26.4595],[92.2822,26.4539],[92.274,26.4514],[92.2623,26.4518],[92.2573,26.4513],[92.2498,26.4476],[92.2436,26.4416],[92.2394,26.4306],[92.2296,26.4216],[92.2225,26.4168],[92.2175,26.4147],[92.2136,26.4149],[92.209,26.4171],[92.2071,26.4193],[92.2044,26.4209],[92.1895,26.4235],[92.1815,26.423],[92.1651,26.4169],[92.1564,26.4106],[92.1441,26.3985],[92.1361,26.3859],[92.131,26.38],[92.1271,26.3709],[92.1126,26.3589],[92.1088,26.3565],[92.1064,26.353],[92.1038,26.3431],[92.0979,26.3403],[92.0862,26.3369],[92.076,26.3143],[92.0728,26.3117],[92.0689,26.3109],[92.0653,26.3081],[92.0643,26.3032],[92.0586,26.2928],[92.0508,26.2808],[92.0456,26.2754],[92.0329,26.2698],[92.0288,26.2705],[92.0246,26.2728],[92.0204,26.2761],[92.0174,26.2799],[92.0133,26.2788],[92.0049,26.2736],[91.9999,26.2716],[91.992,26.2689],[91.9844,26.2748],[91.956,26.2537],[91.9511,26.2513],[91.946,26.2475],[91.9351,26.2414],[91.9316,26.2425],[91.9267,26.2458],[91.917,26.2405],[91.9152,26.2334],[91.9048,26.2253],[91.8931,26.2215],[91.8925,26.2189],[91.8779,26.2156],[91.8693,26.2187],[91.8576,26.2156],[91.8444,26.2143],[91.8386,26.2115],[91.8309,26.21],[91.8184,26.2057],[91.8135,26.207],[91.7937,26.2022],[91.7795,26.1977],[91.7617,26.1999],[91.7553,26.2047],[91.7501,26.2105],[91.7484,26.2163],[91.7494,26.2208],[91.7508,26.2219],[91.7555,26.2257],[91.7664,26.2308],[91.7705,26.2392],[91.7733,26.2409],[91.778,26.2403],[91.7817,26.2411],[91.787,26.244],[91.7877,26.2488],[91.7866,26.2536],[91.7886,26.2608],[91.7932,26.2681],[91.7932,26.2714],[91.7906,26.2758],[91.791,26.2834],[91.7871,26.2962],[91.7871,26.3004],[91.7886,26.3027],[91.7867,26.3046],[91.79,26.3056],[91.7914,26.309],[91.7943,26.3089],[91.7972,26.3184],[91.7995,26.315],[91.8024,26.3144],[91.8075,26.3162],[91.8112,26.3164],[91.8136,26.3191],[91.814,26.3235],[91.8169,26.3256],[91.822,26.3248],[91.8243,26.3319],[91.8226,26.3365],[91.8228,26.352],[91.824,26.3637],[91.8221,26.3672],[91.8228,26.3709],[91.8206,26.379],[91.8144,26.3832],[91.8093,26.3812],[91.8064,26.3845],[91.807,26.3875],[91.8047,26.3896],[91.8017,26.391],[91.8003,26.3948],[91.8007,26.3986],[91.8001,26.4008],[91.7971,26.4072],[91.7857,26.4087],[91.7832,26.4112],[91.7831,26.418],[91.7801,26.4193],[91.781,26.4257],[91.7788,26.425],[91.7766,26.4262],[91.7755,26.4305],[91.7737,26.4317],[91.7748,26.4369],[91.7731,26.4396],[91.7749,26.4434],[91.772,26.4462],[91.7723,26.4484],[91.7709,26.4522],[91.7681,26.4558],[91.7689,26.4595],[91.7693,26.4609],[91.7669,26.4662],[91.7774,26.4662],[91.7797,26.4695],[91.7812,26.4738],[91.7809,26.479],[91.7823,26.4834],[91.7805,26.4868],[91.7812,26.4914],[91.7849,26.4959],[91.7894,26.4985],[91.7891,26.4994],[91.8278,26.5092],[91.8455,26.5286],[91.8632,26.5406],[91.8739,26.5452],[91.8876,26.5457],[91.8952,26.5451],[91.8991,26.5502],[91.8994,26.5532],[91.9016,26.5584],[91.9078,26.561],[91.9173,26.5619],[91.9194,26.5663],[91.9206,26.57],[91.9244,26.5736],[91.9305,26.5747],[91.9364,26.5742],[91.9446,26.5705],[91.948,26.5703],[91.9543,26.5652],[91.9538,26.5591],[91.9652,26.5536],[91.9695,26.554],[91.9741,26.5575],[91.9758,26.5584],[91.976,26.558],[91.9762,26.5584],[91.9819,26.5618],[91.9843,26.5621],[91.9857,26.5647],[91.9861,26.5668],[91.9895,26.5685],[91.9926,26.5695],[91.9966,26.569],[92.0034,26.5694],[92.0037,26.5691],[92.0093,26.5686],[92.0152,26.5674],[92.0281,26.5595],[92.0311,26.5554],[92.0355,26.5474],[92.0455,26.5359],[92.0493,26.5318],[92.0514,26.5262],[92.057,26.5227],[92.0635,26.5192],[92.0657,26.5151],[92.0657,26.5067],[92.0721,26.5024],[92.07,26.4979],[92.0696,26.4933],[92.0698,26.4872],[92.077,26.482],[92.0821,26.4816],[92.0859,26.4852],[92.0901,26.4848],[92.0941,26.4914],[92.0945,26.4953],[92.0875,26.5027],[92.0845,26.5068],[92.0808,26.5124],[92.0822,26.5185],[92.0843,26.5229],[92.0856,26.5274],[92.0878,26.5326],[92.0915,26.5354],[92.0962,26.5397],[92.0992,26.544],[92.099,26.551],[92.096,26.5558],[92.0921,26.5592],[92.0862,26.5604],[92.0817,26.5577],[92.0752,26.552],[92.0713,26.5477],[92.0687,26.5464],[92.0609,26.5455],[92.0594,26.5479],[92.057,26.5496],[92.0565,26.5527],[92.0542,26.556],[92.0505,26.5624],[92.0467,26.5673],[92.0454,26.5804],[92.0459,26.585],[92.0483,26.5925],[92.0544,26.6028],[92.0584,26.6094],[92.0604,26.6123],[92.0682,26.6132],[92.0715,26.6207],[92.0763,26.6287],[92.0767,26.6286],[92.0819,26.6305],[92.0874,26.6293],[92.089,26.6292],[92.0923,26.6323],[92.0933,26.6349],[92.096,26.6373],[92.0982,26.6386],[92.1085,26.6397],[92.1102,26.6408],[92.1148,26.6438],[92.1198,26.6463],[92.1235,26.646],[92.1271,26.6472],[92.134,26.6491],[92.1422,26.6487],[92.1474,26.6497],[92.1506,26.6521],[92.1569,26.654],[92.1613,26.6573],[92.1642,26.6597],[92.1675,26.6606],[92.1771,26.6604],[92.1779,26.661],[92.1804,26.664],[92.1847,26.6675],[92.1894,26.6688],[92.1977,26.6667],[92.2022,26.6656],[92.2073,26.6628],[92.2136,26.6561],[92.2153,26.6519],[92.2168,26.6448],[92.2177,26.6404],[92.2243,26.6343],[92.2278,26.6317],[92.2334,26.6283],[92.2379,26.6251],[92.2396,26.6151],[92.2389,26.6051],[92.2386,26.6022],[92.239,26.5986],[92.2424,26.5952],[92.2446,26.5895],[92.2454,26.5848],[92.2454,26.582],[92.2492,26.579],[92.2513,26.5791],[92.258,26.5824],[92.2602,26.5856],[92.2656,26.5886],[92.2702,26.5923],[92.272,26.5969],[92.2728,26.6026],[92.2736,26.6105],[92.2745,26.6165],[92.2749,26.6208],[92.2757,26.6236],[92.2789,26.6269],[92.2847,26.6279],[92.29,26.6282],[92.2932,26.6304],[92.2943,26.6337],[92.2965,26.6397],[92.298,26.6442],[92.3002,26.6582],[92.3006,26.6649],[92.3036,26.6719],[92.3056,26.6751],[92.3109,26.6773],[92.3136,26.6776],[92.32,26.6749],[92.3228,26.6739],[92.3286,26.6704]]]},"properties":{"district_name":"Darrang","raw_district_name":"Darrang","state_code":"AS","state_name":"Assam","census_code":325,"data_source":"DataMeet India Maps (Census 2011 Boundaries)"}},{"type":"Feature","geometry":{"type":"Polygon","coordinates":[[[94.5806,27.2137],[94.5792,27.2136],[94.5714,27.2143],[94.564,27.2185],[94.5557,27.2221],[94.5505,27.2318],[94.5464,27.2371],[94.5375,27.2421],[94.5275,27.2515],[94.5209,27.2628],[94.522,27.2718],[94.5235,27.2788],[94.5247,27.2885],[94.5252,27.2934],[94.5228,27.3],[94.5174,27.3076],[94.514,27.3121],[94.5095,27.321],[94.503,27.3266],[94.4973,27.325],[94.491,27.3256],[94.4845,27.324],[94.476,27.3192],[94.4695,27.3106],[94.4625,27.3049],[94.4531,27.3057],[94.4442,27.3108],[94.4324,27.3112],[94.4226,27.3085],[94.4179,27.309],[94.4,27.3177],[94.3953,27.3252],[94.3877,27.328],[94.3784,27.3295],[94.3728,27.3293],[94.37,27.3254],[94.362,27.3247],[94.356,27.3273],[94.3522,27.3284],[94.3427,27.3286],[94.337,27.3277],[94.3269,27.3357],[94.3246,27.3436],[94.3229,27.3494],[94.3232,27.3586],[94.3234,27.3677],[94.3244,27.3761],[94.3251,27.3824],[94.3258,27.388],[94.3258,27.3951],[94.3237,27.4115],[94.3218,27.423],[94.309,27.4354],[94.3073,27.4363],[94.307,27.4369],[94.2975,27.4449],[94.292,27.4485],[94.2845,27.4578],[94.2799,27.468],[94.2813,27.4774],[94.2822,27.5009],[94.2764,27.5104],[94.2706,27.5157],[94.262,27.5202],[94.2648,27.5241],[94.2592,27.5372],[94.258,27.5475],[94.2588,27.5542],[94.243,27.5672],[94.2365,27.5683],[94.2289,27.5725],[94.2279,27.5779],[94.2239,27.5848],[94.2277,27.5921],[94.2275,27.5954],[94.2254,27.5976],[94.216,27.6013],[94.2136,27.6078],[94.2199,27.6059],[94.2284,27.6149],[94.2376,27.6294],[94.2498,27.6327],[94.2547,27.6378],[94.2585,27.6334],[94.2653,27.6329],[94.2692,27.6294],[94.2696,27.6247],[94.2647,27.6214],[94.2595,27.616],[94.2565,27.6105],[94.2643,27.6069],[94.2748,27.6003],[94.2784,27.5901],[94.2908,27.5913],[94.2953,27.5971],[94.3004,27.601],[94.304,27.5966],[94.3107,27.5923],[94.3147,27.5864],[94.322,27.5868],[94.326,27.5839],[94.3314,27.5851],[94.3404,27.5777],[94.3474,27.5813],[94.3511,27.5761],[94.358,27.574],[94.3645,27.5769],[94.3697,27.5734],[94.3746,27.5759],[94.3827,27.5817],[94.3899,27.5859],[94.3971,27.5854],[94.4054,27.5838],[94.4232,27.5979],[94.4333,27.5996],[94.4328,27.593],[94.4382,27.5809],[94.4445,27.576],[94.4518,27.5715],[94.4556,27.5674],[94.4584,27.5594],[94.4618,27.5541],[94.4714,27.5604],[94.4852,27.5736],[94.4931,27.5719],[94.5023,27.5737],[94.5115,27.5805],[94.5178,27.5811],[94.5284,27.5922],[94.5387,27.5934],[94.5485,27.5999],[94.5582,27.5996],[94.566,27.6033],[94.5756,27.6033],[94.584,27.613],[94.5884,27.6164],[94.5979,27.6178],[94.6062,27.6194],[94.6115,27.6189],[94.6162,27.622],[94.6271,27.6264],[94.6365,27.625],[94.6419,27.6272],[94.6473,27.6328],[94.6505,27.6383],[94.6667,27.6441],[94.6712,27.6465],[94.6778,27.6469],[94.6846,27.6458],[94.6886,27.6534],[94.686,27.6596],[94.6915,27.6634],[94.7002,27.6633],[94.7187,27.6578],[94.7228,27.6662],[94.7297,27.664],[94.7391,27.6618],[94.7447,27.6595],[94.7616,27.6645],[94.7663,27.6707],[94.769,27.6762],[94.7785,27.6795],[94.793,27.6849],[94.7961,27.6893],[94.8023,27.6932],[94.8233,27.6923],[94.8414,27.6996],[94.8508,27.7067],[94.8556,27.7277],[94.8628,27.7294],[94.868,27.7416],[94.886,27.7381],[94.9321,27.7527],[94.989,27.7667],[94.9999,27.7724],[95.0211,27.7683],[95.0332,27.7706],[95.0407,27.7735],[95.0538,27.786],[95.1968,27.8301],[95.2385,27.8439],[95.2944,27.8605],[95.3104,27.8633],[95.3184,27.8666],[95.3861,27.8373],[95.5177,27.8769],[95.5176,27.8704],[95.5169,27.8574],[95.5051,27.8571],[95.493,27.8522],[95.4878,27.8443],[95.4868,27.8379],[95.4836,27.8326],[95.4795,27.8296],[95.4805,27.8231],[95.4771,27.8164],[95.4701,27.8089],[95.4632,27.789],[95.4627,27.7828],[95.4597,27.7744],[95.4525,27.7659],[95.4442,27.7575],[95.4214,27.7382],[95.4108,27.7323],[95.4022,27.7254],[95.3933,27.7234],[95.3441,27.702],[95.3216,27.6953],[95.2989,27.6955],[95.2903,27.6939],[95.2843,27.6908],[95.2776,27.6824],[95.2735,27.672],[95.2678,27.6648],[95.2603,27.6586],[95.2502,27.6555],[95.2398,27.654],[95.2344,27.6558],[95.2262,27.6522],[95.2147,27.656],[95.2037,27.661],[95.1949,27.6668],[95.1958,27.6728],[95.2027,27.6814],[95.2052,27.6878],[95.2051,27.6932],[95.2062,27.6986],[95.2075,27.708],[95.1976,27.7047],[95.1775,27.6953],[95.168,27.694],[95.1589,27.6916],[95.1484,27.6864],[95.1421,27.6841],[95.1228,27.6801],[95.1077,27.6622],[95.0846,27.6593],[95.0641,27.6599],[95.0523,27.6622],[95.0423,27.6677],[95.0343,27.6646],[95.0298,27.6584],[95.0222,27.6564],[94.9999,27.654],[94.9855,27.6505],[94.9831,27.6461],[94.9584,27.6276],[94.9493,27.6086],[94.9311,27.6047],[94.9226,27.6004],[94.9143,27.5897],[94.9077,27.5851],[94.8968,27.5843],[94.8825,27.5735],[94.8727,27.5566],[94.8543,27.5448],[94.843,27.5318],[94.8185,27.5148],[94.8216,27.5053],[94.7997,27.4903],[94.7956,27.4816],[94.787,27.4826],[94.7797,27.4846],[94.7747,27.4828],[94.7633,27.4708],[94.7602,27.4639],[94.7549,27.4563],[94.7525,27.4447],[94.7467,27.4349],[94.7431,27.436],[94.7397,27.4389],[94.7329,27.4412],[94.7289,27.4397],[94.7232,27.4268],[94.7007,27.4226],[94.6933,27.4188],[94.6891,27.4098],[94.6901,27.3999],[94.6922,27.3896],[94.688,27.3831],[94.6728,27.3777],[94.6654,27.3762],[94.6648,27.3711],[94.6683,27.3632],[94.6685,27.3568],[94.6665,27.349],[94.6451,27.3404],[94.642,27.3373],[94.6399,27.3312],[94.6423,27.3253],[94.638,27.3197],[94.6349,27.3202],[94.6224,27.3323],[94.6152,27.3302],[94.6074,27.3249],[94.6126,27.3208],[94.6161,27.3146],[94.6138,27.3081],[94.6154,27.3055],[94.6023,27.2865],[94.5949,27.2742],[94.5881,27.2664],[94.5875,27.2585],[94.5901,27.2503],[94.5885,27.2402],[94.58,27.2151],[94.5806,27.2137]]]},"properties":{"district_name":"Dhemaji","raw_district_name":"Dhemaji","state_code":"AS","state_name":"Assam","census_code":308,"data_source":"DataMeet India Maps (Census 2011 Boundaries)"}},{"type":"Feature","geometry":{"type":"MultiPolygon","coordinates":[[[[90.2189,26.3504],[90.2227,26.3494],[90.2312,26.3495],[90.2207,26.3316],[90.2214,26.3293],[90.2252,26.3298],[90.2302,26.3325],[90.2407,26.3237],[90.2407,26.3238],[90.2439,26.3252],[90.2456,26.3279],[90.2456,26.3279],[90.2495,26.3274],[90.2512,26.3261],[90.2524,26.3262],[90.2537,26.327],[90.2549,26.3279],[90.255,26.328],[90.2567,26.3307],[90.2575,26.3347],[90.2602,26.3343],[90.2709,26.331],[90.2721,26.3304],[90.275,26.3288],[90.2753,26.3286],[90.2763,26.3277],[90.2775,26.3231],[90.2825,26.3198],[90.2872,26.3216],[90.2892,26.3232],[90.2904,26.3258],[90.2925,26.3309],[90.292,26.3333],[90.2896,26.3363],[90.2947,26.3386],[90.2948,26.3386],[90.3019,26.3379],[90.3019,26.3379],[90.3049,26.3427],[90.3092,26.3452],[90.3128,26.3503],[90.3136,26.3481],[90.3199,26.3528],[90.3208,26.3553],[90.323,26.3563],[90.3291,26.3613],[90.3308,26.3604],[90.3341,26.3613],[90.3373,26.3641],[90.3388,26.3667],[90.3438,26.3703],[90.347,26.3704],[90.3484,26.3686],[90.3497,26.3598],[90.3535,26.3553],[90.3566,26.3531],[90.3584,26.3494],[90.3567,26.3446],[90.3536,26.3414],[90.3492,26.3384],[90.3432,26.3341],[90.3398,26.3286],[90.336,26.3225],[90.3323,26.3179],[90.3282,26.3125],[90.3237,26.3052],[90.3191,26.2994],[90.318,26.2942],[90.3177,26.2887],[90.3208,26.2815],[90.3234,26.279],[90.3282,26.2781],[90.3335,26.2793],[90.339,26.2808],[90.347,26.2839],[90.3513,26.2883],[90.3565,26.2925],[90.3625,26.292],[90.3681,26.2916],[90.3728,26.2926],[90.3748,26.2935],[90.3767,26.294],[90.3782,26.2965],[90.3785,26.3008],[90.3783,26.3053],[90.377,26.3091],[90.3751,26.3129],[90.3754,26.3166],[90.377,26.3192],[90.3821,26.3216],[90.3866,26.3241],[90.3903,26.3273],[90.3951,26.3304],[90.3988,26.3348],[90.4026,26.3387],[90.4077,26.3398],[90.4114,26.3405],[90.4166,26.3453],[90.4291,26.3599],[90.4356,26.354],[90.4342,26.3475],[90.4362,26.3436],[90.4385,26.3429],[90.4413,26.3439],[90.4421,26.3456],[90.4421,26.3499],[90.4393,26.3572],[90.4388,26.3585],[90.4446,26.3618],[90.4461,26.3463],[90.4483,26.3458],[90.4502,26.3474],[90.4533,26.3536],[90.4564,26.3579],[90.4609,26.3561],[90.4589,26.3523],[90.457,26.3495],[90.4604,26.343],[90.4582,26.3388],[90.4603,26.3377],[90.4654,26.3301],[90.4738,26.3329],[90.476,26.3324],[90.4771,26.3311],[90.4733,26.3274],[90.4705,26.3262],[90.4727,26.3212],[90.4816,26.308],[90.4827,26.3051],[90.4814,26.3018],[90.4818,26.2993],[90.4836,26.296],[90.484,26.2922],[90.4838,26.2902],[90.4829,26.2894],[90.4784,26.288],[90.4714,26.289],[90.4676,26.2889],[90.4668,26.288],[90.4682,26.282],[90.4722,26.2807],[90.4732,26.2779],[90.464,26.2772],[90.4615,26.2778],[90.4614,26.2782],[90.4604,26.2844],[90.4591,26.2802],[90.4593,26.277],[90.4596,26.2725],[90.4684,26.2724],[90.474,26.2724],[90.4765,26.2713],[90.4758,26.2687],[90.4731,26.2661],[90.4702,26.2648],[90.4638,26.265],[90.4608,26.2659],[90.454,26.2722],[90.4521,26.2717],[90.4484,26.2687],[90.446,26.2645],[90.4462,26.2617],[90.4486,26.2581],[90.4553,26.2521],[90.4547,26.2504],[90.4524,26.2488],[90.4509,26.2486],[90.4492,26.2496],[90.4437,26.254],[90.4408,26.2609],[90.438,26.2621],[90.4342,26.2606],[90.4334,26.2592],[90.4336,26.257],[90.4379,26.2512],[90.4432,26.2466],[90.4424,26.2441],[90.4406,26.2432],[90.4299,26.2443],[90.4221,26.2363],[90.4182,26.2344],[90.4071,26.224],[90.4023,26.2206],[90.3984,26.2204],[90.3965,26.2222],[90.3912,26.2249],[90.3856,26.2255],[90.3818,26.2239],[90.3799,26.2214],[90.38,26.2132],[90.3811,26.2064],[90.3803,26.1887],[90.3793,26.1815],[90.3771,26.1791],[90.3662,26.1772],[90.3442,26.1752],[90.3376,26.1729],[90.3317,26.1737],[90.3282,26.1792],[90.3249,26.1802],[90.314,26.1793],[90.3008,26.1818],[90.2964,26.1843],[90.2917,26.1858],[90.2811,26.185],[90.2773,26.1844],[90.2737,26.1861],[90.2652,26.183],[90.261,26.1805],[90.2516,26.1774],[90.2496,26.1751],[90.2503,26.1717],[90.2518,26.1687],[90.2485,26.148],[90.2429,26.1395],[90.2406,26.1384],[90.2325,26.1389],[90.2287,26.1378],[90.2233,26.1376],[90.221,26.1325],[90.2188,26.131],[90.2141,26.131],[90.2113,26.1289],[90.2103,26.1255],[90.2086,26.1236],[90.2021,26.1233],[90.1993,26.1242],[90.1968,26.1264],[90.1903,26.1201],[90.188,26.1125],[90.185,26.107],[90.1754,26.0948],[90.1658,26.0858],[90.1625,26.0837],[90.1575,26.0822],[90.1585,26.0779],[90.1626,26.0739],[90.1754,26.0658],[90.1793,26.0643],[90.1811,26.0653],[90.1796,26.0597],[90.1771,26.0568],[90.1738,26.0507],[90.1727,26.0477],[90.1723,26.0433],[90.1749,26.0401],[90.1781,26.0384],[90.1887,26.0367],[90.1926,26.0317],[90.1939,26.0283],[90.1929,26.025],[90.1894,26.0225],[90.184,26.02],[90.179,26.0188],[90.1754,26.0166],[90.1791,26.0134],[90.1785,26.0095],[90.1815,26.0114],[90.1833,26.0126],[90.1827,26.0097],[90.1786,26.0045],[90.1776,26.0008],[90.1803,25.9955],[90.1804,25.991],[90.1748,25.99],[90.1729,25.9887],[90.1613,25.9869],[90.1538,25.9808],[90.1489,25.9799],[90.1475,25.9753],[90.1384,25.9723],[90.135,25.968],[90.1317,25.9678],[90.1271,25.9697],[90.1225,25.966],[90.1228,25.9612],[90.1179,25.9574],[90.1151,25.9541],[90.1121,25.9505],[90.1095,25.9419],[90.1047,25.942],[90.1033,25.9392],[90.1003,25.9395],[90.0969,25.9381],[90.0921,25.9362],[90.0961,25.9287],[90.0915,25.9262],[90.0849,25.9245],[90.0836,25.9193],[90.0821,25.9177],[90.0766,25.9193],[90.0718,25.9161],[90.0675,25.9155],[90.0631,25.9103],[90.0592,25.9081],[90.0563,25.8987],[90.0463,25.8907],[90.0387,25.8935],[90.0321,25.8943],[90.0254,25.8932],[90.0194,25.8886],[90.0089,25.8787],[90.014,25.8757],[90.0185,25.8718],[90.0229,25.8714],[90.0255,25.8685],[90.0261,25.8655],[90.0249,25.8616],[90.0157,25.8497],[90.0125,25.8469],[90.0044,25.8486],[90.0017,25.8467],[90.0016,25.8442],[90.004,25.8437],[90.0057,25.8423],[90.0019,25.8397],[89.9989,25.8388],[89.995,25.8355],[89.9801,25.8341],[89.9777,25.8282],[89.9721,25.8262],[89.963,25.8266],[89.9548,25.8249],[89.9488,25.8245],[89.95,25.8203],[89.9498,25.8162],[89.9535,25.8145],[89.9562,25.811],[89.955,25.792],[89.9567,25.7835],[89.9591,25.7817],[89.9594,25.7745],[89.9565,25.7702],[89.9508,25.7648],[89.9476,25.7606],[89.9378,25.7526],[89.9388,25.7476],[89.9376,25.7446],[89.932,25.7414],[89.926,25.7393],[89.9202,25.7393],[89.9155,25.7417],[89.9032,25.7442],[89.8996,25.7442],[89.8968,25.7351],[89.8984,25.7273],[89.909,25.7149],[89.9167,25.7072],[89.9184,25.7041],[89.9226,25.7028],[89.9236,25.6969],[89.9252,25.6945],[89.9364,25.6901],[89.9411,25.6867],[89.9458,25.6782],[89.9459,25.6738],[89.9509,25.6589],[89.9844,25.6377],[89.9862,25.6285],[89.9872,25.6268],[89.9992,25.6231],[90.0032,25.622],[90.0053,25.6245],[90.0084,25.6239],[90.0223,25.6085],[90.0212,25.6023],[90.0149,25.5985],[90.0097,25.5885],[90.006,25.5843],[89.9992,25.5865],[89.9934,25.5889],[89.983,25.5909],[89.9789,25.5836],[89.9767,25.5747],[89.9703,25.5718],[89.9607,25.5706],[89.9533,25.5684],[89.9455,25.5678],[89.9397,25.5629],[89.93,25.5637],[89.922,25.5628],[89.9083,25.5597],[89.8903,25.558],[89.8815,25.5491],[89.8778,25.5495],[89.8707,25.5398],[89.8725,25.532],[89.8698,25.5244],[89.8733,25.5164],[89.875,25.5083],[89.8795,25.4985],[89.8794,25.4915],[89.8712,25.4818],[89.8681,25.4792],[89.8635,25.4757],[89.8561,25.4766],[89.8544,25.482],[89.8556,25.4907],[89.857,25.4992],[89.8595,25.509],[89.8625,25.5167],[89.8632,25.523],[89.8611,25.5286],[89.8562,25.5375],[89.8584,25.5414],[89.864,25.5446],[89.8701,25.5478],[89.8747,25.5572],[89.8762,25.5655],[89.8792,25.5762],[89.8742,25.588],[89.8753,25.5919],[89.879,25.5979],[89.8832,25.6152],[89.8831,25.6215],[89.8811,25.6314],[89.8719,25.6541],[89.8662,25.6642],[89.848,25.6905],[89.8493,25.6958],[89.852,25.6998],[89.8565,25.7056],[89.8565,25.7148],[89.8471,25.7147],[89.8402,25.7147],[89.8361,25.7177],[89.8298,25.7293],[89.8273,25.738],[89.8285,25.7421],[89.8341,25.7481],[89.8409,25.7552],[89.8434,25.761],[89.8419,25.7658],[89.8383,25.7736],[89.8353,25.7841],[89.8334,25.7915],[89.831,25.8047],[89.8273,25.8118],[89.8214,25.8127],[89.8188,25.8171],[89.8229,25.8213],[89.8298,25.8293],[89.8352,25.8377],[89.8347,25.8522],[89.8362,25.8677],[89.8383,25.8726],[89.8405,25.8778],[89.851,25.8901],[89.874,25.9131],[89.8834,25.9301],[89.8851,25.9337],[89.8875,25.938],[89.887,25.942],[89.8795,25.9444],[89.8688,25.9436],[89.8575,25.9407],[89.8512,25.9409],[89.8446,25.9405],[89.8382,25.9427],[89.8339,25.9442],[89.8312,25.947],[89.8411,25.9548],[89.8483,25.9561],[89.8474,25.9619],[89.8452,25.965],[89.8414,25.9678],[89.8447,25.9722],[89.8511,25.9723],[89.8593,25.9692],[89.8682,25.9703],[89.8715,25.9761],[89.8618,25.986],[89.8576,25.9876],[89.8548,25.9924],[89.8501,25.9947],[89.8467,26.0008],[89.8434,26.0049],[89.8352,26.0072],[89.8337,26.0003],[89.8338,25.9952],[89.8355,25.9909],[89.8352,25.9863],[89.8281,25.9845],[89.8224,25.9866],[89.8186,25.989],[89.8213,26.0123],[89.8209,26.0175],[89.8215,26.0236],[89.8183,26.0307],[89.8174,26.0343],[89.8131,26.0383],[89.8097,26.0327],[89.8062,26.0271],[89.799,26.0182],[89.7923,26.017],[89.7934,26.0218],[89.7967,26.0259],[89.8005,26.0285],[89.8022,26.0325],[89.8047,26.036],[89.8033,26.0395],[89.7982,26.0376],[89.7961,26.0333],[89.7922,26.038],[89.7875,26.0388],[89.7785,26.0355],[89.7863,26.0445],[89.7928,26.0455],[89.7915,26.0498],[89.7881,26.0532],[89.797,26.0587],[89.8012,26.0586],[89.802,26.0638],[89.8013,26.0685],[89.8013,26.0731],[89.796,26.0802],[89.7974,26.0884],[89.7898,26.0828],[89.7861,26.086],[89.7865,26.095],[89.7888,26.1016],[89.7875,26.1061],[89.7789,26.1064],[89.7713,26.1066],[89.765,26.1125],[89.7688,26.1227],[89.7705,26.1278],[89.7699,26.1319],[89.7626,26.1384],[89.7572,26.1445],[89.7531,26.1529],[89.7482,26.1565],[89.7391,26.1582],[89.7326,26.1559],[89.728,26.1559],[89.724,26.1575],[89.7238,26.163],[89.7227,26.1656],[89.7299,26.1696],[89.7299,26.1716],[89.7319,26.1739],[89.7377,26.173],[89.7386,26.1734],[89.739,26.175],[89.738,26.1759],[89.7351,26.177],[89.7246,26.178],[89.7219,26.1772],[89.7165,26.1735],[89.7114,26.1731],[89.7091,26.1746],[89.7074,26.1771],[89.7051,26.1848],[89.6997,26.1891],[89.7024,26.1909],[89.7067,26.1882],[89.7102,26.1881],[89.7131,26.1868],[89.7156,26.1886],[89.7189,26.1894],[89.721,26.1913],[89.723,26.1968],[89.7223,26.2001],[89.7204,26.2027],[89.7165,26.2032],[89.7191,26.206],[89.7221,26.2056],[89.7255,26.2062],[89.7281,26.2053],[89.7305,26.2061],[89.7362,26.2108],[89.7369,26.2123],[89.7361,26.2149],[89.7292,26.2173],[89.7204,26.2148],[89.708,26.2133],[89.7051,26.2138],[89.7024,26.216],[89.7021,26.2172],[89.7045,26.2189],[89.708,26.2173],[89.7105,26.2171],[89.7151,26.2191],[89.7166,26.2278],[89.7177,26.229],[89.7231,26.2316],[89.7282,26.2329],[89.7337,26.2382],[89.7285,26.2435],[89.7206,26.2464],[89.7199,26.249],[89.7215,26.2523],[89.7213,26.2552],[89.7203,26.2565],[89.7163,26.258],[89.7086,26.257],[89.7059,26.2592],[89.7056,26.2608],[89.7098,26.2699],[89.7139,26.2708],[89.7165,26.2696],[89.7158,26.2646],[89.7164,26.2633],[89.7223,26.2591],[89.7302,26.2584],[89.7372,26.2603],[89.7384,26.2625],[89.7386,26.2664],[89.7424,26.2711],[89.7342,26.2829],[89.7261,26.2882],[89.722,26.293],[89.7204,26.297],[89.7207,26.302],[89.7228,26.3057],[89.7252,26.3081],[89.7278,26.3075],[89.7248,26.2986],[89.7259,26.2963],[89.7284,26.2947],[89.7368,26.2929],[89.7473,26.2952],[89.751,26.2907],[89.7538,26.2894],[89.762,26.2885],[89.7636,26.2893],[89.7641,26.2926],[89.7558,26.3062],[89.7555,26.3214],[89.7566,26.3221],[89.7586,26.3218],[89.7669,26.3171],[89.7735,26.3238],[89.7827,26.3277],[89.7828,26.3278],[89.7858,26.3308],[89.786,26.3356],[89.786,26.3358],[89.7842,26.3432],[89.784,26.3474],[89.7859,26.3521],[89.787,26.3532],[89.7953,26.358],[89.809,26.3623],[89.8148,26.3664],[89.8175,26.3669],[89.8254,26.3706],[89.8254,26.3705],[89.8255,26.3706],[89.8223,26.366],[89.82,26.3642],[89.8185,26.363],[89.8177,26.3623],[89.8166,26.3607],[89.8165,26.358],[89.8187,26.3531],[89.8206,26.3514],[89.8251,26.3503],[89.8261,26.3511],[89.8284,26.3552],[89.826,26.359],[89.832,26.3666],[89.8324,26.3698],[89.8294,26.3768],[89.8306,26.3793],[89.8329,26.3811],[89.836,26.382],[89.839,26.3812],[89.839,26.3812],[89.8391,26.3812],[89.8459,26.3777],[89.8505,26.384],[89.8562,26.384],[89.8562,26.384],[89.8563,26.384],[89.86,26.382],[89.8601,26.3821],[89.8615,26.3798],[89.8663,26.3768],[89.8683,26.3754],[89.8748,26.3748],[89.8792,26.3747],[89.8828,26.3726],[89.8851,26.3694],[89.8873,26.3651],[89.8896,26.3621],[89.8918,26.3601],[89.8929,26.3587],[89.8909,26.3577],[89.8903,26.3552],[89.8932,26.3537],[89.8939,26.3497],[89.892,26.3475],[89.8879,26.3461],[89.8879,26.3434],[89.8915,26.3411],[89.8984,26.3403],[89.9003,26.337],[89.8994,26.334],[89.9009,26.3316],[89.9014,26.3303],[89.9009,26.3286],[89.898,26.3267],[89.8964,26.3249],[89.8963,26.3241],[89.8948,26.3205],[89.8918,26.3172],[89.891,26.3131],[89.8882,26.3086],[89.888,26.3084],[89.8867,26.3056],[89.8857,26.3031],[89.884,26.2967],[89.8807,26.2912],[89.8775,26.2828],[89.8758,26.2803],[89.8738,26.2766],[89.8713,26.2698],[89.8715,26.2648],[89.8694,26.2603],[89.8679,26.2591],[89.8655,26.2585],[89.8586,26.2589],[89.8546,26.2589],[89.8532,26.2553],[89.8552,26.2518],[89.8557,26.2471],[89.8574,26.2429],[89.864,26.2389],[89.8678,26.2358],[89.8701,26.2325],[89.8682,26.2298],[89.8644,26.2259],[89.8612,26.2214],[89.8612,26.2173],[89.8664,26.2102],[89.8705,26.2086],[89.8717,26.2047],[89.8707,26.2001],[89.8678,26.1961],[89.8622,26.1941],[89.86,26.1917],[89.8604,26.1885],[89.8642,26.1867],[89.8666,26.1876],[89.8712,26.1912],[89.8735,26.1911],[89.8741,26.1884],[89.8716,26.1847],[89.87,26.1827],[89.8694,26.1797],[89.8701,26.1768],[89.872,26.1686],[89.8704,26.1622],[89.8691,26.1574],[89.8688,26.1528],[89.8708,26.1498],[89.8731,26.1457],[89.879,26.1441],[89.8786,26.1423],[89.8842,26.1367],[89.9002,26.1352],[89.9139,26.1341],[89.9196,26.1348],[89.9287,26.1365],[89.9441,26.1392],[89.9466,26.138],[89.9651,26.1427],[89.9771,26.1453],[89.9862,26.145],[90.0004,26.1426],[90.0217,26.1319],[90.0335,26.1288],[90.0443,26.1309],[90.0507,26.1357],[90.0561,26.139],[90.0576,26.1433],[90.0568,26.1475],[90.0578,26.1562],[90.066,26.1661],[90.0717,26.1727],[90.0831,26.1792],[90.0949,26.1857],[90.1018,26.1899],[90.1125,26.1947],[90.1178,26.1956],[90.1238,26.1952],[90.1293,26.1954],[90.1348,26.1963],[90.1388,26.1997],[90.1405,26.203],[90.1395,26.2046],[90.1368,26.2105],[90.1367,26.2167],[90.1373,26.2237],[90.1369,26.226],[90.133,26.2283],[90.1261,26.2314],[90.124,26.2336],[90.1212,26.2384],[90.1213,26.2439],[90.1212,26.2527],[90.1219,26.2578],[90.1233,26.2611],[90.1291,26.2623],[90.1319,26.2647],[90.1365,26.2675],[90.1442,26.2706],[90.15,26.2749],[90.1524,26.2802],[90.1509,26.2868],[90.1482,26.2919],[90.1448,26.2926],[90.1413,26.2918],[90.1358,26.2922],[90.1327,26.2932],[90.1293,26.297],[90.127,26.3005],[90.1241,26.3041],[90.1184,26.3081],[90.1133,26.3084],[90.1078,26.3121],[90.1086,26.3149],[90.1111,26.3169],[90.1155,26.3181],[90.1181,26.3187],[90.1212,26.3214],[90.1188,26.3241],[90.112,26.3248],[90.1066,26.3257],[90.1051,26.3266],[90.1092,26.3293],[90.1223,26.3391],[90.1435,26.3494],[90.1543,26.353],[90.1566,26.3528],[90.1567,26.3528],[90.1711,26.3456],[90.1742,26.3424],[90.1763,26.3423],[90.1813,26.3452],[90.1912,26.3452],[90.1971,26.353],[90.208,26.3587],[90.2108,26.3624],[90.209,26.3769],[90.2229,26.3838],[90.2287,26.3854],[90.2287,26.3853],[90.2302,26.3826],[90.2303,26.3791],[90.2286,26.3732],[90.2345,26.3699],[90.2363,26.3652],[90.236,26.3618],[90.2318,26.3545],[90.2259,26.3523],[90.2213,26.3525],[90.2189,26.3504]],[[89.8171,26.3458],[89.8049,26.3494],[89.8031,26.349],[89.7988,26.3449],[89.7938,26.3432],[89.7932,26.3422],[89.7937,26.3405],[89.7986,26.3384],[89.8012,26.3359],[89.8034,26.3311],[89.8126,26.3278],[89.8147,26.3249],[89.8226,26.32],[89.827,26.3251],[89.8275,26.3283],[89.8249,26.3309],[89.824,26.3372],[89.8209,26.3421],[89.8171,26.3458]]],[[[89.7432,26.3036],[89.7429,26.3022],[89.737,26.3036],[89.7346,26.3054],[89.734,26.3074],[89.7353,26.309],[89.7375,26.311],[89.7388,26.311],[89.7421,26.3076],[89.7432,26.3036]]]]},"properties":{"district_name":"Dhubri","raw_district_name":"Dhubri","state_code":"AS","state_name":"Assam","census_code":301,"data_source":"DataMeet India Maps (Census 2011 Boundaries)"}},{"type":"Feature","geometry":{"type":"Polygon","coordinates":[[[95.2776,27.6824],[95.2825,27.677],[95.2921,27.6698],[95.2957,27.6578],[95.2982,27.6526],[95.2999,27.6475],[95.3036,27.6361],[95.3096,27.6173],[95.3228,27.5873],[95.3177,27.5845],[95.3091,27.5831],[95.3031,27.5833],[95.3024,27.5786],[95.2991,27.5751],[95.2939,27.5768],[95.2917,27.5684],[95.284,27.5687],[95.2789,27.5729],[95.2767,27.5673],[95.279,27.5599],[95.2852,27.5551],[95.2818,27.5466],[95.2749,27.5499],[95.2713,27.5466],[95.2666,27.5362],[95.2724,27.5252],[95.2673,27.5235],[95.2671,27.5158],[95.2642,27.5101],[95.2596,27.5079],[95.2531,27.5068],[95.2389,27.5025],[95.2321,27.4961],[95.2306,27.4859],[95.2304,27.4809],[95.2309,27.472],[95.2218,27.4578],[95.2307,27.4467],[95.2343,27.4402],[95.2393,27.4345],[95.2453,27.4325],[95.2523,27.4326],[95.2522,27.4261],[95.2605,27.4177],[95.259,27.4104],[95.2707,27.4055],[95.2781,27.4114],[95.2851,27.4077],[95.2964,27.4116],[95.3019,27.4086],[95.3079,27.3984],[95.3153,27.3912],[95.3254,27.3891],[95.3407,27.3894],[95.3513,27.3915],[95.3766,27.3805],[95.3804,27.3853],[95.3786,27.3916],[95.3974,27.3913],[95.42,27.3817],[95.425,27.3749],[95.4317,27.3719],[95.4412,27.3629],[95.4508,27.3689],[95.4742,27.3643],[95.4767,27.3424],[95.4612,27.3384],[95.4531,27.33],[95.4643,27.3212],[95.4705,27.3061],[95.4517,27.2949],[95.4582,27.2851],[95.4659,27.2713],[95.4653,27.2666],[95.4471,27.2523],[95.4495,27.2466],[95.458,27.2322],[95.4627,27.2399],[95.4595,27.2474],[95.4695,27.2595],[95.4738,27.2628],[95.4822,27.2527],[95.4874,27.2506],[95.4914,27.2426],[95.4877,27.2399],[95.481,27.2262],[95.4749,27.2208],[95.4743,27.2175],[95.4711,27.2171],[95.4698,27.2122],[95.4601,27.2073],[95.4593,27.2035],[95.4624,27.1969],[95.4662,27.1913],[95.469,27.1844],[95.4675,27.1794],[95.464,27.176],[95.4683,27.1661],[95.4641,27.1608],[95.459,27.1571],[95.4602,27.1542],[95.4636,27.1533],[95.4653,27.1514],[95.4661,27.1486],[95.464,27.1441],[95.4613,27.134],[95.4581,27.1294],[95.4537,27.1297],[95.451,27.1326],[95.4474,27.1321],[95.4458,27.1281],[95.4413,27.1266],[95.4295,27.1279],[95.4205,27.1246],[95.4066,27.1122],[95.3964,27.1083],[95.3864,27.1056],[95.3857,27.099],[95.3773,27.0961],[95.3729,27.0956],[95.3739,27.1019],[95.3686,27.1013],[95.3681,27.1036],[95.3688,27.1037],[95.371,27.1041],[95.3716,27.1053],[95.3738,27.11],[95.3732,27.1122],[95.3664,27.1157],[95.3637,27.1238],[95.3662,27.1273],[95.3689,27.1335],[95.3692,27.1358],[95.367,27.1463],[95.3629,27.1512],[95.36,27.1577],[95.3611,27.1601],[95.3593,27.1676],[95.3551,27.1698],[95.3484,27.1709],[95.346,27.1721],[95.3455,27.174],[95.3472,27.1774],[95.3458,27.1808],[95.3385,27.1835],[95.3358,27.1857],[95.3306,27.1869],[95.3199,27.1865],[95.3171,27.1836],[95.3141,27.1841],[95.3102,27.1883],[95.3063,27.1887],[95.3033,27.1922],[95.3001,27.1938],[95.3002,27.1944],[95.2955,27.1949],[95.2894,27.1968],[95.2837,27.1961],[95.2864,27.1946],[95.2858,27.1921],[95.2835,27.193],[95.281,27.1925],[95.2802,27.1915],[95.2808,27.1883],[95.2738,27.1887],[95.2725,27.1905],[95.2683,27.1925],[95.2686,27.1884],[95.2672,27.1852],[95.2626,27.1895],[95.261,27.1887],[95.2607,27.1878],[95.2604,27.1868],[95.2613,27.1841],[95.2594,27.1837],[95.258,27.1853],[95.2577,27.189],[95.2562,27.1914],[95.2528,27.1911],[95.2478,27.1889],[95.2425,27.1876],[95.2406,27.1863],[95.2437,27.1818],[95.2414,27.1798],[95.2347,27.1788],[95.2348,27.1764],[95.2349,27.1763],[95.2365,27.174],[95.2394,27.1723],[95.2405,27.1693],[95.2335,27.1713],[95.2302,27.1723],[95.2267,27.1662],[95.2211,27.1644],[95.2192,27.166],[95.2194,27.1664],[95.2205,27.1683],[95.2141,27.1728],[95.2113,27.1717],[95.2109,27.1691],[95.2146,27.1675],[95.2153,27.1672],[95.2142,27.1638],[95.2015,27.1624],[95.2002,27.1608],[95.2012,27.158],[95.1941,27.1557],[95.193,27.1574],[95.1942,27.1583],[95.1902,27.1587],[95.1882,27.1604],[95.1848,27.1616],[95.1837,27.1589],[95.1841,27.1572],[95.188,27.151],[95.1839,27.1488],[95.1801,27.1477],[95.1786,27.1454],[95.1788,27.145],[95.18,27.1432],[95.1796,27.1408],[95.1763,27.1371],[95.1747,27.1399],[95.1753,27.1413],[95.1762,27.1432],[95.1753,27.1455],[95.1706,27.1419],[95.1726,27.1364],[95.1675,27.1343],[95.1666,27.1325],[95.1627,27.131],[95.1651,27.1267],[95.1614,27.1277],[95.1593,27.1317],[95.1578,27.1345],[95.1549,27.1343],[95.1539,27.1328],[95.1531,27.1317],[95.1536,27.1288],[95.1554,27.126],[95.1527,27.125],[95.1506,27.1271],[95.1504,27.1333],[95.1417,27.1367],[95.1354,27.1345],[95.1346,27.1374],[95.1304,27.1375],[95.1283,27.1335],[95.1279,27.1308],[95.1246,27.1301],[95.1225,27.1334],[95.119,27.1341],[95.1175,27.1303],[95.118,27.1287],[95.1162,27.1279],[95.1145,27.1306],[95.1133,27.1346],[95.1036,27.1354],[95.0961,27.1359],[95.0623,27.1356],[95.0596,27.138],[95.0546,27.1512],[95.0505,27.1536],[95.0411,27.1519],[95.0325,27.145],[95.0274,27.1438],[95.0174,27.1451],[95.0079,27.1477],[94.9998,27.1469],[94.9897,27.1463],[94.9813,27.1503],[94.9853,27.1592],[94.9845,27.1657],[94.9863,27.1697],[94.9761,27.1944],[94.9752,27.2118],[94.9731,27.2226],[94.9702,27.2287],[94.9585,27.2207],[94.9271,27.1897],[94.8875,27.1566],[94.8667,27.1315],[94.8567,27.1173],[94.8491,27.1081],[94.843,27.0946],[94.8372,27.0938],[94.8309,27.0954],[94.827,27.1],[94.8229,27.0986],[94.8201,27.0999],[94.8142,27.0988],[94.8148,27.1057],[94.8188,27.1085],[94.8206,27.1141],[94.8123,27.1154],[94.8097,27.1176],[94.8057,27.119],[94.8031,27.1199],[94.7978,27.1189],[94.7658,27.1275],[94.7605,27.1424],[94.7624,27.1492],[94.758,27.1509],[94.7646,27.1528],[94.765,27.1529],[94.7675,27.1572],[94.7729,27.1602],[94.7727,27.1631],[94.7752,27.1655],[94.7779,27.1699],[94.7812,27.1716],[94.7759,27.1744],[94.7761,27.1802],[94.7749,27.1841],[94.7772,27.1888],[94.7815,27.1907],[94.7807,27.1983],[94.7791,27.2035],[94.7777,27.2124],[94.7716,27.2163],[94.7729,27.2228],[94.7795,27.2386],[94.7754,27.2416],[94.7676,27.2452],[94.7639,27.2489],[94.7579,27.2449],[94.7485,27.2439],[94.7425,27.2453],[94.742,27.2488],[94.7474,27.2613],[94.7535,27.269],[94.7523,27.2719],[94.7458,27.2746],[94.7335,27.2737],[94.7219,27.2648],[94.7186,27.2565],[94.7251,27.2511],[94.7261,27.2459],[94.7209,27.2445],[94.7151,27.2456],[94.7107,27.2507],[94.7085,27.2668],[94.7047,27.2709],[94.6996,27.2709],[94.6955,27.2681],[94.6865,27.2468],[94.6822,27.2444],[94.663,27.2471],[94.6466,27.2465],[94.6358,27.2227],[94.6247,27.2017],[94.6178,27.1759],[94.6082,27.1593],[94.5958,27.1451],[94.5912,27.1491],[94.5874,27.157],[94.5815,27.1634],[94.5774,27.1705],[94.5706,27.1785],[94.5761,27.1869],[94.5807,27.1923],[94.5828,27.2018],[94.5824,27.2098],[94.58,27.2151],[94.5885,27.2402],[94.5901,27.2503],[94.5875,27.2585],[94.5881,27.2664],[94.5949,27.2742],[94.6023,27.2865],[94.6154,27.3055],[94.6138,27.3081],[94.6161,27.3146],[94.6126,27.3208],[94.6074,27.3249],[94.6152,27.3302],[94.6224,27.3323],[94.6349,27.3202],[94.638,27.3197],[94.6423,27.3253],[94.6399,27.3312],[94.642,27.3373],[94.6451,27.3404],[94.6665,27.349],[94.6685,27.3568],[94.6683,27.3632],[94.6648,27.3711],[94.6654,27.3762],[94.6728,27.3777],[94.688,27.3831],[94.6922,27.3896],[94.6901,27.3999],[94.6891,27.4098],[94.6933,27.4188],[94.7007,27.4226],[94.7232,27.4268],[94.7289,27.4397],[94.7329,27.4412],[94.7397,27.4389],[94.7431,27.436],[94.7467,27.4349],[94.7525,27.4447],[94.7549,27.4563],[94.7602,27.4639],[94.7633,27.4708],[94.7747,27.4828],[94.7797,27.4846],[94.787,27.4826],[94.7956,27.4816],[94.7997,27.4903],[94.8216,27.5053],[94.8185,27.5148],[94.843,27.5318],[94.8543,27.5448],[94.8727,27.5566],[94.8825,27.5735],[94.8968,27.5843],[94.9077,27.5851],[94.9143,27.5897],[94.9226,27.6004],[94.9311,27.6047],[94.9493,27.6086],[94.9584,27.6276],[94.9831,27.6461],[94.9855,27.6505],[94.9999,27.654],[95.0222,27.6564],[95.0298,27.6584],[95.0343,27.6646],[95.0423,27.6677],[95.0523,27.6622],[95.0641,27.6599],[95.0846,27.6593],[95.1077,27.6622],[95.1228,27.6801],[95.1421,27.6841],[95.1484,27.6864],[95.1589,27.6916],[95.168,27.694],[95.1775,27.6953],[95.1976,27.7047],[95.2075,27.708],[95.2062,27.6986],[95.2051,27.6932],[95.2052,27.6878],[95.2027,27.6814],[95.1958,27.6728],[95.1949,27.6668],[95.2037,27.661],[95.2147,27.656],[95.2262,27.6522],[95.2344,27.6558],[95.2398,27.654],[95.2502,27.6555],[95.2603,27.6586],[95.2678,27.6648],[95.2735,27.672],[95.2776,27.6824]]]},"properties":{"district_name":"Dibrugarh","raw_district_name":"Dibrugarh","state_code":"AS","state_name":"Assam","census_code":310,"data_source":"DataMeet India Maps (Census 2011 Boundaries)"}},{"type":"Feature","geometry":{"type":"Polygon","coordinates":[[[90.9391,26.0938],[90.9393,26.092],[90.9436,26.0882],[90.9488,26.0894],[90.9535,26.081],[90.9612,26.0819],[90.9613,26.0802],[90.9644,26.0752],[90.9814,26.0612],[90.987,26.06],[90.9893,26.0574],[90.9946,26.0569],[91,26.0548],[91.006,26.0528],[91.013,26.0526],[91.0182,26.0479],[91.0298,26.0397],[91.0345,26.0416],[91.0399,26.0448],[91.0455,26.042],[91.0527,26.0403],[91.0583,26.0446],[91.0692,26.0439],[91.0727,26.0365],[91.0813,26.037],[91.0862,26.0302],[91.0918,26.0286],[91.0918,26.0237],[91.0934,26.0198],[91.0973,26.0151],[91.0974,26.0119],[91.1007,26.0092],[91.1006,26.0048],[91.092,26.0002],[91.0879,25.9822],[91.0841,25.979],[91.0836,25.9736],[91.0772,25.9711],[91.0705,25.9644],[91.0511,25.941],[91.0547,25.9373],[91.054,25.9333],[91.0479,25.9278],[91.0438,25.9212],[91.0399,25.9089],[91.0361,25.9021],[91.033,25.8939],[91.0323,25.8875],[91.0314,25.888],[91.0288,25.8878],[91.0237,25.8867],[91.0168,25.8838],[91.0045,25.886],[91,25.8882],[90.988,25.8894],[90.9786,25.8889],[90.9745,25.8872],[90.9706,25.8867],[90.9698,25.8905],[90.9705,25.8961],[90.9701,25.9048],[90.9639,25.9272],[90.9612,25.9334],[90.9571,25.9362],[90.9488,25.9386],[90.9461,25.9471],[90.9408,25.9443],[90.9379,25.9406],[90.9354,25.9392],[90.9216,25.9427],[90.9192,25.9427],[90.9196,25.9277],[90.9224,25.9128],[90.9193,25.9146],[90.9158,25.9198],[90.9045,25.9291],[90.8987,25.9311],[90.9004,25.9349],[90.8998,25.937],[90.8957,25.9386],[90.8917,25.9432],[90.8863,25.9513],[90.8848,25.9502],[90.8836,25.9458],[90.8786,25.9487],[90.8758,25.9463],[90.8762,25.9425],[90.8729,25.942],[90.8602,25.9439],[90.8466,25.9444],[90.8444,25.9427],[90.8432,25.938],[90.8401,25.9378],[90.8396,25.9468],[90.8357,25.9449],[90.8314,25.947],[90.8273,25.9447],[90.8239,25.948],[90.818,25.9501],[90.8133,25.9517],[90.8121,25.9468],[90.8005,25.9411],[90.7951,25.9353],[90.7851,25.9209],[90.7819,25.9139],[90.7815,25.9079],[90.7724,25.9081],[90.7612,25.9107],[90.7611,25.9162],[90.7624,25.9213],[90.7535,25.9189],[90.7489,25.9119],[90.7458,25.9126],[90.744,25.9148],[90.7496,25.9216],[90.7561,25.9336],[90.7542,25.9337],[90.7509,25.932],[90.7476,25.9324],[90.7438,25.9405],[90.7482,25.9461],[90.7473,25.9491],[90.7481,25.9502],[90.7495,25.9523],[90.7509,25.9569],[90.7471,25.9563],[90.7443,25.9548],[90.7438,25.9545],[90.7358,25.9522],[90.7289,25.9484],[90.7242,25.9488],[90.7213,25.9544],[90.7166,25.9518],[90.6896,25.9505],[90.6792,25.9362],[90.6737,25.9339],[90.6576,25.9294],[90.6414,25.923],[90.6309,25.9167],[90.6304,25.911],[90.6325,25.9063],[90.6303,25.9011],[90.6284,25.8986],[90.6178,25.8992],[90.6143,25.9072],[90.6117,25.9077],[90.6101,25.912],[90.6112,25.9193],[90.6326,25.9371],[90.609,25.9467],[90.6056,25.9515],[90.5955,25.9518],[90.5909,25.9536],[90.5861,25.9595],[90.5825,25.9578],[90.5765,25.9479],[90.5764,25.9437],[90.575,25.9388],[90.5669,25.9353],[90.557,25.9289],[90.5505,25.9196],[90.5429,25.9152],[90.5373,25.9086],[90.5291,25.9008],[90.5217,25.8963],[90.5162,25.896],[90.5148,25.8999],[90.5222,25.9092],[90.5299,25.928],[90.5359,25.9323],[90.5375,25.9361],[90.5385,25.9454],[90.5382,25.9578],[90.5336,25.9616],[90.5278,25.9697],[90.5173,25.9821],[90.5095,25.9958],[90.504,26.0011],[90.5018,26.0034],[90.4962,26.0063],[90.4934,26.0094],[90.4851,26.0138],[90.4812,26.015],[90.4748,26.0124],[90.4692,26.007],[90.4629,26.003],[90.4618,26.0011],[90.4614,25.9994],[90.451,25.9963],[90.4325,25.9888],[90.4213,25.9921],[90.4204,25.9967],[90.4179,26.0011],[90.415,26.0057],[90.4115,26.0074],[90.4041,26.0091],[90.4012,26.012],[90.4004,26.014],[90.3979,26.0139],[90.3913,26.0111],[90.3848,26.0115],[90.369,26.0101],[90.3506,26.0028],[90.3488,26.0011],[90.3433,25.9967],[90.3409,25.99],[90.3339,25.9883],[90.333,25.9826],[90.3283,25.9743],[90.2906,25.9638],[90.2818,25.9631],[90.2314,25.9551],[90.2168,25.9538],[90.2152,25.9556],[90.2125,25.9615],[90.1981,25.9569],[90.1935,25.9532],[90.1897,25.9455],[90.1866,25.9444],[90.1846,25.9469],[90.1802,25.957],[90.1768,25.9587],[90.1726,25.9573],[90.1676,25.9573],[90.1625,25.9582],[90.1586,25.9601],[90.1578,25.9637],[90.1575,25.9646],[90.1515,25.9644],[90.1442,25.9581],[90.1382,25.9578],[90.1326,25.9587],[90.1274,25.9571],[90.1242,25.9577],[90.1228,25.9612],[90.1225,25.966],[90.1271,25.9697],[90.1317,25.9678],[90.135,25.968],[90.1384,25.9723],[90.1475,25.9753],[90.1489,25.9799],[90.1538,25.9808],[90.1613,25.9869],[90.1729,25.9887],[90.1748,25.99],[90.1804,25.991],[90.1803,25.9955],[90.1776,26.0008],[90.1786,26.0045],[90.1827,26.0097],[90.1833,26.0126],[90.1815,26.0114],[90.1785,26.0095],[90.1791,26.0134],[90.1754,26.0166],[90.179,26.0188],[90.184,26.02],[90.1894,26.0225],[90.1929,26.025],[90.1939,26.0283],[90.1926,26.0317],[90.1887,26.0367],[90.1781,26.0384],[90.1749,26.0401],[90.1723,26.0433],[90.1727,26.0477],[90.1738,26.0507],[90.1771,26.0568],[90.1796,26.0597],[90.1811,26.0653],[90.1793,26.0643],[90.1754,26.0658],[90.1626,26.0739],[90.1585,26.0779],[90.1575,26.0822],[90.1625,26.0837],[90.1658,26.0858],[90.1754,26.0948],[90.185,26.107],[90.188,26.1125],[90.1903,26.1201],[90.1968,26.1264],[90.1993,26.1242],[90.2021,26.1233],[90.2086,26.1236],[90.2103,26.1255],[90.2113,26.1289],[90.2141,26.131],[90.2188,26.131],[90.221,26.1325],[90.2233,26.1376],[90.2287,26.1378],[90.2325,26.1389],[90.2406,26.1384],[90.2429,26.1395],[90.2485,26.148],[90.2518,26.1687],[90.2503,26.1717],[90.2496,26.1751],[90.2516,26.1774],[90.261,26.1805],[90.2652,26.183],[90.2737,26.1861],[90.2773,26.1844],[90.2811,26.185],[90.2917,26.1858],[90.2964,26.1843],[90.3008,26.1818],[90.314,26.1793],[90.3249,26.1802],[90.3282,26.1792],[90.3317,26.1737],[90.3376,26.1729],[90.3442,26.1752],[90.3662,26.1772],[90.3771,26.1791],[90.3793,26.1815],[90.3947,26.1876],[90.4022,26.1901],[90.4241,26.1988],[90.4658,26.205],[90.5088,26.1997],[90.523,26.2079],[90.5638,26.2174],[90.609,26.2304],[90.656,26.2414],[90.6556,26.2364],[90.6617,26.2283],[90.6642,26.2228],[90.6661,26.2206],[90.6666,26.2177],[90.6687,26.2134],[90.6701,26.2121],[90.6705,26.2084],[90.6734,26.2039],[90.6787,26.1852],[90.6934,26.1581],[90.6951,26.153],[90.6984,26.1504],[90.7008,26.1495],[90.7099,26.1472],[90.7128,26.139],[90.7162,26.1388],[90.7155,26.1375],[90.7156,26.1366],[90.7157,26.1353],[90.7173,26.135],[90.7222,26.1318],[90.7253,26.1346],[90.7347,26.1352],[90.7417,26.1371],[90.7585,26.137],[90.7759,26.1347],[90.7804,26.1342],[90.7888,26.1316],[90.8071,26.1233],[90.8178,26.1206],[90.8255,26.1171],[90.8347,26.1151],[90.8415,26.111],[90.8506,26.1166],[90.8623,26.113],[90.8635,26.1124],[90.8663,26.1062],[90.8718,26.0975],[90.881,26.0949],[90.8942,26.0946],[90.9031,26.0937],[90.9057,26.0932],[90.9127,26.0899],[90.9167,26.089],[90.9263,26.092],[90.933,26.0968],[90.9362,26.0976],[90.9391,26.0938]]]},"properties":{"district_name":"Goalpara","raw_district_name":"Goalpara","state_code":"AS","state_name":"Assam","census_code":302,"data_source":"DataMeet India Maps (Census 2011 Boundaries)"}},{"type":"Feature","geometry":{"type":"Polygon","coordinates":[[[93.8226,26.8236],[93.8253,26.8187],[93.8273,26.8158],[93.8314,26.8129],[93.8363,26.8128],[93.8413,26.8146],[93.8464,26.8131],[93.8497,26.8127],[93.8539,26.8135],[93.8565,26.8149],[93.8684,26.8144],[93.8753,26.8092],[93.8996,26.7955],[93.9201,26.7836],[93.9335,26.7797],[93.9394,26.7822],[93.9417,26.7847],[93.9449,26.7863],[93.9493,26.7857],[93.9554,26.785],[93.9628,26.7858],[93.9655,26.7869],[93.9681,26.7899],[93.9706,26.7939],[93.972,26.7949],[93.9751,26.7998],[93.9782,26.8042],[93.981,26.8063],[93.979,26.7981],[93.9798,26.7914],[93.9807,26.7886],[93.9842,26.7862],[93.9877,26.7854],[93.9864,26.7827],[93.9761,26.7784],[93.9757,26.7723],[93.9764,26.7654],[93.9999,26.7666],[94.0033,26.7624],[94.0042,26.7464],[94.013,26.7483],[94.0256,26.7471],[94.0235,26.7414],[94.0324,26.7414],[94.0364,26.7372],[94.0419,26.7426],[94.0436,26.736],[94.0496,26.7391],[94.049,26.7337],[94.0439,26.7289],[94.0493,26.7284],[94.0433,26.7211],[94.0454,26.7125],[94.0397,26.7084],[94.0468,26.6956],[94.046,26.6883],[94.0499,26.686],[94.0523,26.6858],[94.0528,26.6831],[94.0487,26.6806],[94.0503,26.6754],[94.0518,26.6729],[94.0548,26.6766],[94.0563,26.6769],[94.0575,26.6717],[94.0591,26.6701],[94.0591,26.668],[94.0574,26.6665],[94.0599,26.6611],[94.0629,26.6653],[94.0649,26.6646],[94.0663,26.6627],[94.0679,26.666],[94.0702,26.6667],[94.0721,26.6657],[94.071,26.6597],[94.0752,26.6632],[94.077,26.6601],[94.0798,26.6612],[94.0856,26.6575],[94.0883,26.6552],[94.088,26.6497],[94.0899,26.6475],[94.0937,26.6469],[94.0973,26.6452],[94.0988,26.6408],[94.0982,26.6284],[94.095,26.6273],[94.0912,26.6271],[94.0882,26.6279],[94.0883,26.6245],[94.0898,26.6217],[94.0888,26.6204],[94.0861,26.6194],[94.0847,26.6169],[94.0813,26.6148],[94.0827,26.6118],[94.0863,26.6104],[94.087,26.6092],[94.0846,26.6066],[94.0817,26.6052],[94.0738,26.5967],[94.0748,26.5901],[94.0807,26.5898],[94.0827,26.5869],[94.08,26.5813],[94.0791,26.5774],[94.081,26.5746],[94.0845,26.5755],[94.0892,26.5757],[94.0909,26.5781],[94.0931,26.5795],[94.1026,26.576],[94.1019,26.5711],[94.1039,26.5694],[94.1089,26.5691],[94.1109,26.5665],[94.1125,26.5617],[94.1146,26.5582],[94.1175,26.5559],[94.1179,26.5542],[94.1151,26.5519],[94.1116,26.5505],[94.1133,26.5473],[94.1161,26.5455],[94.1169,26.5435],[94.1131,26.5396],[94.1138,26.5303],[94.1125,26.5266],[94.1072,26.5196],[94.1084,26.5109],[94.1068,26.5051],[94.1035,26.4973],[94.0996,26.4915],[94.1006,26.4875],[94.1044,26.4799],[94.1047,26.4709],[94.1077,26.4665],[94.1275,26.4538],[94.1296,26.4504],[94.1314,26.4449],[94.1293,26.44],[94.1261,26.4368],[94.1199,26.4272],[94.1186,26.3997],[94.1222,26.3927],[94.1287,26.3724],[94.1328,26.3653],[94.1383,26.3499],[94.1593,26.3505],[94.1636,26.3491],[94.1663,26.35],[94.168,26.3488],[94.1697,26.3495],[94.1756,26.3506],[94.1803,26.3495],[94.1796,26.3463],[94.1758,26.3397],[94.1724,26.3398],[94.1648,26.3348],[94.1548,26.3354],[94.1496,26.3346],[94.147,26.3309],[94.1425,26.3315],[94.1441,26.3357],[94.1429,26.3376],[94.1391,26.337],[94.136,26.3337],[94.1243,26.3314],[94.1197,26.3292],[94.1197,26.326],[94.129,26.3187],[94.1187,26.3182],[94.1116,26.3216],[94.1084,26.3219],[94.1048,26.3176],[94.103,26.3042],[94.0984,26.2985],[94.0906,26.2927],[94.0875,26.286],[94.0847,26.2842],[94.0803,26.2844],[94.0771,26.2808],[94.0781,26.2709],[94.0763,26.2648],[94.0707,26.2556],[94.0649,26.2573],[94.0531,26.2514],[94.0494,26.2458],[94.0445,26.2356],[94.042,26.2295],[94.0384,26.2251],[94.0407,26.2191],[94.0368,26.2133],[94.037,26.2053],[94.0359,26.1988],[94.0313,26.195],[94.0268,26.1927],[94.0221,26.1871],[94.0132,26.1819],[94.009,26.1761],[94.005,26.1689],[94.0041,26.165],[94.0045,26.1597],[93.9998,26.1538],[94.0031,26.1469],[94.0065,26.1428],[94.0054,26.1374],[94.0032,26.1346],[93.9998,26.1321],[93.9964,26.133],[93.9934,26.133],[93.9909,26.1295],[93.9934,26.1284],[93.9985,26.1266],[93.9985,26.1249],[93.9967,26.1237],[93.9966,26.1179],[93.9929,26.1159],[93.9914,26.1137],[93.9951,26.1113],[94,26.1115],[94.0022,26.1104],[94.0023,26.1069],[93.9997,26.104],[93.9942,26.1017],[93.9923,26.0934],[93.9926,26.0883],[93.9911,26.0851],[93.9865,26.0839],[93.9861,26.0791],[93.9895,26.0697],[93.9912,26.0682],[93.9809,26.0542],[93.9745,26.0477],[93.9727,26.0405],[93.9659,26.038],[93.9631,26.0289],[93.9627,26.0177],[93.9584,26.0075],[93.9549,26.0029],[93.956,26.0001],[93.959,25.998],[93.9606,25.9926],[93.958,25.9771],[93.956,25.9697],[93.9691,25.9563],[93.9708,25.9487],[93.971,25.9403],[93.9825,25.9217],[93.9792,25.9151],[93.9718,25.913],[93.969,25.9069],[93.9681,25.9063],[93.9597,25.9007],[93.9482,25.8967],[93.94,25.8965],[93.9345,25.8869],[93.9237,25.8853],[93.9158,25.8832],[93.9137,25.8773],[93.9017,25.8666],[93.8985,25.8593],[93.8933,25.8604],[93.8915,25.8542],[93.8884,25.848],[93.8826,25.8415],[93.8735,25.8465],[93.8686,25.851],[93.8516,25.8586],[93.8423,25.8583],[93.8327,25.8519],[93.8242,25.8428],[93.8213,25.8281],[93.8187,25.8219],[93.8115,25.817],[93.8075,25.8121],[93.7957,25.8101],[93.7912,25.8118],[93.7906,25.8166],[93.7887,25.8218],[93.7873,25.8237],[93.7845,25.8315],[93.7825,25.834],[93.781,25.8404],[93.7798,25.8421],[93.7838,25.8457],[93.783,25.8472],[93.7836,25.8497],[93.7814,25.8551],[93.7853,25.8591],[93.7858,25.8627],[93.7918,25.8655],[93.7906,25.8696],[93.7883,25.8715],[93.7875,25.8747],[93.7915,25.8859],[93.7919,25.8907],[93.7952,25.8938],[93.7958,25.897],[93.7981,25.9021],[93.7984,25.9055],[93.7963,25.914],[93.7923,25.9183],[93.7937,25.9219],[93.7933,25.9268],[93.7887,25.9288],[93.7934,25.9326],[93.7915,25.9359],[93.7908,25.94],[93.7895,25.9419],[93.7867,25.9433],[93.7893,25.9449],[93.7895,25.9484],[93.7867,25.9501],[93.7853,25.9542],[93.7804,25.9565],[93.7789,25.9591],[93.7732,25.9619],[93.7698,25.963],[93.7714,25.9655],[93.7732,25.9663],[93.7772,25.9677],[93.7795,25.9671],[93.7832,25.9788],[93.7842,25.9799],[93.7876,25.9786],[93.7907,25.9734],[93.7943,25.974],[93.7939,25.978],[93.7983,25.9759],[93.8021,25.977],[93.8045,25.9766],[93.8048,25.9794],[93.8067,25.9826],[93.8053,25.9845],[93.8012,25.9816],[93.8004,25.9798],[93.7978,25.9808],[93.7977,25.9843],[93.7956,25.9917],[93.7995,25.993],[93.8015,25.9978],[93.8078,25.9947],[93.8046,26.0005],[93.8024,26.003],[93.7988,26.0024],[93.7989,26.0005],[93.7984,25.9995],[93.798,25.9991],[93.7975,25.9987],[93.797,25.9983],[93.7964,25.9981],[93.7958,25.9978],[93.7952,25.9977],[93.7946,25.9976],[93.794,25.9976],[93.7933,25.9977],[93.7927,25.9978],[93.7921,25.9981],[93.7916,25.9983],[93.791,25.9987],[93.7906,25.9991],[93.7902,25.9995],[93.7898,26.0006],[93.7919,26.0057],[93.7876,26.009],[93.7848,26.0075],[93.7856,26.0142],[93.79,26.0133],[93.7941,26.0142],[93.7926,26.0183],[93.7879,26.02],[93.787,26.0236],[93.7915,26.0263],[93.7929,26.0307],[93.7998,26.0279],[93.7991,26.0323],[93.7938,26.0352],[93.7911,26.034],[93.7883,26.0308],[93.7843,26.0325],[93.7831,26.039],[93.7855,26.0399],[93.7906,26.0401],[93.7933,26.0389],[93.7956,26.0409],[93.7966,26.0444],[93.7943,26.0482],[93.7937,26.0528],[93.7984,26.0548],[93.7956,26.0607],[93.8011,26.0646],[93.8055,26.0658],[93.8042,26.0685],[93.7993,26.0691],[93.7984,26.072],[93.8013,26.0753],[93.8082,26.07],[93.8083,26.0727],[93.8061,26.0776],[93.8071,26.0792],[93.8064,26.0844],[93.8071,26.0859],[93.81,26.0859],[93.8058,26.0899],[93.8062,26.0931],[93.8096,26.0943],[93.812,26.0902],[93.8149,26.0878],[93.8164,26.09],[93.8141,26.0966],[93.8103,26.1021],[93.8108,26.1048],[93.8139,26.1122],[93.8196,26.1111],[93.8228,26.1114],[93.8246,26.1145],[93.8226,26.1177],[93.819,26.1212],[93.8212,26.1246],[93.8234,26.1262],[93.8274,26.1259],[93.8284,26.1278],[93.8267,26.1299],[93.8224,26.1314],[93.8238,26.1366],[93.8269,26.1375],[93.8287,26.1305],[93.8312,26.1299],[93.8308,26.1383],[93.8286,26.1444],[93.83,26.1476],[93.8318,26.1475],[93.8339,26.1492],[93.8316,26.1503],[93.8272,26.1523],[93.8294,26.153],[93.8322,26.1525],[93.8338,26.1536],[93.8338,26.1564],[93.8361,26.1565],[93.8387,26.1585],[93.8356,26.1603],[93.8313,26.1605],[93.8289,26.1633],[93.8265,26.1663],[93.8291,26.1693],[93.8246,26.1746],[93.8289,26.1756],[93.8315,26.1788],[93.8364,26.1748],[93.8364,26.179],[93.8303,26.1868],[93.8355,26.1908],[93.8332,26.1939],[93.8333,26.1983],[93.8353,26.198],[93.8396,26.1956],[93.8401,26.1992],[93.8445,26.2027],[93.8435,26.2047],[93.8411,26.2048],[93.8367,26.2018],[93.8361,26.2039],[93.837,26.2067],[93.8393,26.2088],[93.8468,26.2124],[93.8469,26.2139],[93.846,26.2158],[93.8411,26.2158],[93.8418,26.2172],[93.845,26.2193],[93.8484,26.2188],[93.8502,26.2165],[93.8535,26.2158],[93.8553,26.2165],[93.8576,26.2193],[93.8586,26.2269],[93.8647,26.2357],[93.862,26.2402],[93.862,26.2431],[93.8596,26.2443],[93.8522,26.2381],[93.8501,26.2408],[93.8515,26.2437],[93.8575,26.2467],[93.8601,26.2473],[93.8674,26.2452],[93.8692,26.2465],[93.8673,26.249],[93.8641,26.2504],[93.864,26.253],[93.8672,26.2541],[93.8704,26.2542],[93.8691,26.2596],[93.8727,26.2596],[93.8772,26.2656],[93.8696,26.2674],[93.8706,26.2705],[93.8746,26.2732],[93.8739,26.2752],[93.8758,26.2773],[93.8815,26.2728],[93.8848,26.2723],[93.8838,26.2766],[93.879,26.2791],[93.8749,26.283],[93.8777,26.2899],[93.8754,26.2928],[93.8706,26.2966],[93.8738,26.298],[93.8734,26.2998],[93.8743,26.3014],[93.8795,26.3011],[93.8882,26.3029],[93.8869,26.3075],[93.8849,26.31],[93.8777,26.3095],[93.8794,26.3136],[93.886,26.3128],[93.8893,26.3147],[93.8864,26.3195],[93.8873,26.3212],[93.8895,26.3203],[93.8952,26.3147],[93.8976,26.3168],[93.8951,26.3214],[93.8899,26.3233],[93.8905,26.3258],[93.8958,26.3281],[93.896,26.3312],[93.8905,26.3276],[93.8902,26.3342],[93.8918,26.3421],[93.8856,26.3419],[93.8862,26.3466],[93.8903,26.3466],[93.8898,26.3493],[93.8866,26.3535],[93.8862,26.3558],[93.8891,26.3568],[93.8889,26.3612],[93.8861,26.363],[93.8905,26.3657],[93.8933,26.3689],[93.8949,26.3723],[93.8891,26.3718],[93.886,26.3728],[93.886,26.3767],[93.8904,26.3788],[93.8907,26.382],[93.8868,26.3824],[93.8852,26.3871],[93.8852,26.3939],[93.8702,26.3896],[93.8685,26.3946],[93.8635,26.3966],[93.8626,26.4015],[93.8603,26.4047],[93.8544,26.4049],[93.8498,26.4078],[93.8394,26.4116],[93.8334,26.417],[93.8289,26.4173],[93.8286,26.4142],[93.8268,26.4117],[93.8255,26.4078],[93.8214,26.4028],[93.817,26.3995],[93.8138,26.3989],[93.8102,26.3953],[93.8082,26.3963],[93.804,26.3911],[93.8003,26.3897],[93.7961,26.3827],[93.7968,26.3801],[93.7955,26.3772],[93.7902,26.3772],[93.7848,26.3809],[93.7772,26.3839],[93.7785,26.3869],[93.7814,26.3865],[93.7876,26.3942],[93.7918,26.3969],[93.7939,26.4028],[93.797,26.405],[93.7998,26.4058],[93.8026,26.4101],[93.7985,26.4098],[93.7863,26.413],[93.7846,26.4181],[93.7837,26.4224],[93.79,26.4246],[93.7962,26.4298],[93.7947,26.435],[93.7878,26.4343],[93.7867,26.4378],[93.7888,26.44],[93.7946,26.4409],[93.7924,26.4502],[93.7886,26.4539],[93.7893,26.4582],[93.7888,26.4634],[93.7798,26.4677],[93.7738,26.4748],[93.7739,26.4777],[93.7763,26.4767],[93.7783,26.4747],[93.7804,26.4767],[93.7805,26.4793],[93.7773,26.4875],[93.7684,26.5018],[93.7674,26.5066],[93.7596,26.5071],[93.7577,26.5116],[93.7597,26.5147],[93.757,26.5163],[93.7565,26.5201],[93.7596,26.5226],[93.7602,26.5272],[93.7525,26.5309],[93.7485,26.5283],[93.744,26.5377],[93.739,26.5343],[93.7359,26.5375],[93.7364,26.5406],[93.7416,26.5403],[93.7425,26.5433],[93.7411,26.5466],[93.7373,26.5496],[93.7374,26.5517],[93.7393,26.5563],[93.7386,26.5597],[93.7402,26.561],[93.7412,26.5589],[93.7437,26.5626],[93.7419,26.5696],[93.753,26.577],[93.7536,26.5789],[93.7516,26.5821],[93.7487,26.5833],[93.7441,26.5831],[93.7399,26.5854],[93.7386,26.5892],[93.735,26.5935],[93.7247,26.5956],[93.7239,26.6035],[93.7194,26.6044],[93.6868,26.606],[93.6802,26.6003],[93.6773,26.6004],[93.6722,26.6038],[93.6717,26.6024],[93.6667,26.5987],[93.6626,26.6027],[93.6594,26.6023],[93.6502,26.5995],[93.6499,26.5975],[93.6512,26.5943],[93.6474,26.594],[93.6416,26.5981],[93.6379,26.5968],[93.6269,26.5905],[93.6298,26.5865],[93.6262,26.5752],[93.6213,26.57],[93.6235,26.5647],[93.6187,26.5674],[93.6146,26.5662],[93.6182,26.5716],[93.6161,26.5767],[93.6111,26.5754],[93.6048,26.5726],[93.5881,26.5684],[93.5894,26.5703],[93.5891,26.5738],[93.5866,26.5815],[93.5878,26.5847],[93.5894,26.5941],[93.5939,26.5973],[93.593,26.5999],[93.5893,26.6035],[93.572,26.6035],[93.5696,26.6071],[93.5607,26.6083],[93.5573,26.6058],[93.5526,26.6042],[93.5476,26.6039],[93.5439,26.6004],[93.5346,26.5949],[93.5125,26.5934],[93.5103,26.5955],[93.506,26.6086],[93.499,26.6118],[93.4991,26.6043],[93.4852,26.6037],[93.4804,26.6016],[93.4781,26.5974],[93.4735,26.5936],[93.4741,26.5904],[93.4794,26.5882],[93.4901,26.5907],[93.4957,26.5908],[93.4958,26.5882],[93.4934,26.5853],[93.4865,26.5828],[93.4771,26.5816],[93.4709,26.5752],[93.4666,26.5685],[93.4613,26.5703],[93.4647,26.5741],[93.4681,26.5801],[93.4698,26.5857],[93.4658,26.5841],[93.4595,26.5741],[93.4563,26.575],[93.4588,26.5796],[93.458,26.5809],[93.4476,26.5765],[93.4255,26.5738],[93.4191,26.5719],[93.4137,26.5675],[93.4052,26.5703],[93.4035,26.5719],[93.4088,26.5744],[93.4038,26.5761],[93.4041,26.5806],[93.3949,26.5778],[93.3803,26.578],[93.3696,26.5814],[93.3371,26.5827],[93.3217,26.5823],[93.317,26.5783],[93.3157,26.5754],[93.3135,26.5766],[93.309,26.576],[93.3021,26.5726],[93.3002,26.5746],[93.3029,26.5772],[93.3045,26.5782],[93.3064,26.5806],[93.2965,26.5861],[93.296,26.5884],[93.2981,26.5921],[93.3024,26.6048],[93.2961,26.6167],[93.2884,26.6349],[93.2927,26.637],[93.3113,26.6366],[93.3166,26.6401],[93.3215,26.6491],[93.3224,26.657],[93.313,26.6632],[93.3117,26.6688],[93.3194,26.6753],[93.3217,26.6788],[93.319,26.6809],[93.3189,26.6854],[93.3109,26.6915],[93.3093,26.6981],[93.3209,26.7024],[93.325,26.7061],[93.3316,26.7063],[93.3377,26.7074],[93.3421,26.7153],[93.344,26.7231],[93.3493,26.7315],[93.3594,26.7375],[93.374,26.7426],[93.3823,26.7444],[93.4052,26.7529],[93.4097,26.7518],[93.4172,26.7475],[93.4336,26.7445],[93.4452,26.746],[93.451,26.7512],[93.4626,26.7569],[93.4729,26.759],[93.4943,26.757],[93.5111,26.7603],[93.5239,26.7552],[93.5358,26.7537],[93.5418,26.7482],[93.547,26.7419],[93.5554,26.7374],[93.5642,26.7361],[93.5618,26.7278],[93.5675,26.7238],[93.6026,26.7157],[93.6203,26.7124],[93.6392,26.7063],[93.6515,26.7049],[93.667,26.714],[93.6736,26.7127],[93.6698,26.7252],[93.6628,26.7368],[93.6566,26.7607],[93.6508,26.7776],[93.6496,26.784],[93.6516,26.7891],[93.6579,26.7916],[93.6724,26.8002],[93.6907,26.7953],[93.6974,26.7977],[93.7127,26.8175],[93.7184,26.8172],[93.7285,26.8147],[93.739,26.8084],[93.7468,26.8007],[93.7551,26.8052],[93.7597,26.8136],[93.7619,26.8225],[93.7672,26.8369],[93.7737,26.8437],[93.7908,26.8302],[93.8022,26.8247],[93.8084,26.8229],[93.8217,26.8232],[93.8226,26.8236]]]},"properties":{"district_name":"Golaghat","raw_district_name":"Golaghat","state_code":"AS","state_name":"Assam","census_code":313,"data_source":"DataMeet India Maps (Census 2011 Boundaries)"}},{"type":"Feature","geometry":{"type":"Polygon","coordinates":[[[92.5981,24.8779],[92.6102,24.861],[92.6103,24.861],[92.6103,24.8609],[92.6181,24.8588],[92.6207,24.858],[92.6312,24.8532],[92.6314,24.8531],[92.631,24.8519],[92.6309,24.8513],[92.6317,24.8481],[92.6317,24.848],[92.6318,24.8479],[92.6355,24.8415],[92.6389,24.8355],[92.6358,24.8315],[92.6358,24.8314],[92.6358,24.8314],[92.6364,24.8274],[92.6398,24.8191],[92.6398,24.8191],[92.6434,24.8191],[92.6568,24.8139],[92.66,24.8133],[92.6605,24.8132],[92.6658,24.814],[92.6711,24.8148],[92.6711,24.8148],[92.6779,24.8146],[92.6779,24.8146],[92.6803,24.8132],[92.6846,24.8065],[92.684,24.8024],[92.6725,24.7912],[92.6725,24.7912],[92.6698,24.7899],[92.6698,24.7899],[92.6698,24.7898],[92.6685,24.7847],[92.6666,24.7771],[92.6672,24.7703],[92.6675,24.7675],[92.6658,24.7654],[92.6658,24.7654],[92.666,24.7621],[92.666,24.7621],[92.6592,24.7474],[92.6588,24.7464],[92.6573,24.7418],[92.6561,24.7357],[92.6565,24.7283],[92.6572,24.7227],[92.6585,24.7201],[92.6592,24.7116],[92.6579,24.6959],[92.6558,24.6917],[92.6576,24.6765],[92.6578,24.6746],[92.6578,24.6744],[92.6587,24.672],[92.6599,24.6692],[92.6664,24.6695],[92.6669,24.6617],[92.6669,24.6617],[92.6669,24.6617],[92.6688,24.6588],[92.6666,24.6388],[92.6666,24.6388],[92.6666,24.6387],[92.67,24.6263],[92.67,24.6263],[92.67,24.6263],[92.6748,24.6262],[92.675,24.6263],[92.675,24.6263],[92.6789,24.6279],[92.681,24.6288],[92.6936,24.6211],[92.696,24.6181],[92.6963,24.617],[92.6965,24.6164],[92.6941,24.6156],[92.694,24.6155],[92.6939,24.6155],[92.6902,24.6125],[92.6813,24.6108],[92.6813,24.6108],[92.6813,24.6108],[92.6784,24.6093],[92.6699,24.6094],[92.6699,24.6094],[92.6699,24.6094],[92.6697,24.6081],[92.6696,24.6067],[92.6736,24.5984],[92.6722,24.5966],[92.6704,24.5942],[92.6699,24.5911],[92.6699,24.5911],[92.6699,24.5911],[92.6719,24.5874],[92.6768,24.5813],[92.6768,24.5813],[92.6787,24.5815],[92.6862,24.5805],[92.6862,24.5805],[92.6897,24.5789],[92.6976,24.5725],[92.701,24.5698],[92.7019,24.5683],[92.7048,24.564],[92.7048,24.564],[92.7049,24.564],[92.7148,24.5683],[92.7164,24.5684],[92.7177,24.5685],[92.7192,24.565],[92.7256,24.569],[92.7256,24.569],[92.7352,24.5825],[92.7345,24.5857],[92.7379,24.5865],[92.7387,24.5867],[92.7416,24.5834],[92.7416,24.5834],[92.7459,24.584],[92.7487,24.5829],[92.7502,24.5823],[92.7518,24.5822],[92.7533,24.5821],[92.7533,24.5821],[92.755,24.5827],[92.7606,24.5767],[92.7607,24.5766],[92.7641,24.5666],[92.7641,24.5666],[92.7641,24.5666],[92.7743,24.5694],[92.7803,24.5692],[92.7807,24.5596],[92.7792,24.5593],[92.7761,24.5555],[92.773,24.5517],[92.773,24.5509],[92.7731,24.5485],[92.7752,24.5461],[92.7634,24.5298],[92.7618,24.5246],[92.7596,24.5212],[92.7596,24.5212],[92.7596,24.5212],[92.7592,24.5185],[92.7616,24.5181],[92.7616,24.5181],[92.7616,24.5181],[92.763,24.5188],[92.7633,24.5187],[92.7647,24.5182],[92.7647,24.5182],[92.7641,24.5161],[92.7587,24.5091],[92.7532,24.5044],[92.7532,24.5044],[92.754,24.4985],[92.7541,24.4985],[92.7509,24.4917],[92.7484,24.4859],[92.7431,24.472],[92.7301,24.4501],[92.7233,24.4333],[92.7176,24.4136],[92.7137,24.4078],[92.7137,24.4078],[92.7137,24.4028],[92.7137,24.4027],[92.7069,24.3899],[92.7069,24.3898],[92.7069,24.3846],[92.7069,24.3844],[92.7029,24.3812],[92.7036,24.3737],[92.7019,24.3727],[92.6977,24.3724],[92.6964,24.3715],[92.6945,24.367],[92.6927,24.3653],[92.6937,24.3624],[92.6934,24.3611],[92.6913,24.3596],[92.6912,24.354],[92.6912,24.3539],[92.6902,24.3523],[92.6875,24.3495],[92.6835,24.3474],[92.6833,24.345],[92.6791,24.3453],[92.6743,24.3473],[92.6665,24.3431],[92.6647,24.3427],[92.6636,24.3443],[92.6627,24.3413],[92.6617,24.341],[92.6604,24.3424],[92.6604,24.3425],[92.6602,24.3427],[92.6587,24.3415],[92.658,24.341],[92.6579,24.341],[92.657,24.341],[92.6571,24.3391],[92.656,24.3367],[92.6519,24.3328],[92.6515,24.3304],[92.6514,24.3279],[92.6499,24.3282],[92.6499,24.3282],[92.6489,24.3284],[92.6493,24.3269],[92.6493,24.3268],[92.6485,24.3263],[92.6483,24.3265],[92.6482,24.3265],[92.6448,24.3294],[92.6455,24.3268],[92.6446,24.3254],[92.6445,24.3252],[92.6405,24.3263],[92.6394,24.3273],[92.6388,24.3293],[92.6362,24.3303],[92.6361,24.3318],[92.6366,24.3319],[92.6367,24.3319],[92.6378,24.332],[92.6373,24.3331],[92.6356,24.3333],[92.6354,24.3333],[92.6302,24.331],[92.63,24.331],[92.6257,24.3321],[92.6238,24.3303],[92.623,24.3285],[92.6229,24.3284],[92.6229,24.3284],[92.6226,24.318],[92.6226,24.3179],[92.619,24.3091],[92.6192,24.3061],[92.6176,24.302],[92.6175,24.302],[92.6175,24.302],[92.6178,24.2974],[92.6178,24.2973],[92.6163,24.289],[92.6163,24.2888],[92.6167,24.2867],[92.6181,24.2858],[92.6182,24.2857],[92.6186,24.2855],[92.6188,24.2847],[92.6189,24.2844],[92.6189,24.2844],[92.6185,24.279],[92.6185,24.2789],[92.6163,24.2729],[92.6153,24.2682],[92.6153,24.2681],[92.615,24.2613],[92.615,24.2612],[92.6126,24.2535],[92.6111,24.251],[92.6074,24.2477],[92.6054,24.2468],[92.6054,24.2468],[92.6033,24.2469],[92.5955,24.247],[92.5936,24.2464],[92.5931,24.2463],[92.5909,24.2436],[92.5875,24.2425],[92.5813,24.243],[92.5641,24.2478],[92.5585,24.2456],[92.5579,24.2455],[92.5502,24.2436],[92.5485,24.2411],[92.5484,24.241],[92.5467,24.2355],[92.5466,24.2354],[92.5465,24.2325],[92.5473,24.2296],[92.5469,24.2223],[92.5469,24.2222],[92.5453,24.2177],[92.5418,24.2119],[92.542,24.2084],[92.541,24.204],[92.5368,24.1997],[92.5368,24.1997],[92.5359,24.1977],[92.5373,24.1943],[92.5373,24.1942],[92.5373,24.1941],[92.531,24.1812],[92.5326,24.1791],[92.5326,24.1791],[92.533,24.1786],[92.5325,24.1784],[92.5324,24.1783],[92.531,24.1752],[92.5294,24.1742],[92.5292,24.1726],[92.5249,24.1707],[92.5213,24.1707],[92.5171,24.174],[92.5147,24.1733],[92.5131,24.1714],[92.5143,24.168],[92.5132,24.1671],[92.5082,24.167],[92.5115,24.1626],[92.5123,24.1604],[92.5091,24.1607],[92.5063,24.1647],[92.5044,24.1652],[92.5028,24.1645],[92.502,24.16],[92.4997,24.1584],[92.4943,24.1578],[92.4876,24.1601],[92.4854,24.1601],[92.4845,24.1593],[92.4844,24.1572],[92.4835,24.156],[92.4822,24.155],[92.4807,24.155],[92.4831,24.1518],[92.4825,24.1506],[92.4802,24.1502],[92.4802,24.148],[92.4783,24.1466],[92.481,24.1408],[92.4804,24.1392],[92.4791,24.1388],[92.4744,24.1408],[92.4729,24.1399],[92.4729,24.1379],[92.4707,24.137],[92.4681,24.1359],[92.4664,24.133],[92.4655,24.1327],[92.4644,24.1345],[92.4626,24.1343],[92.4568,24.1414],[92.4502,24.1416],[92.4435,24.151],[92.4414,24.1508],[92.4384,24.1492],[92.437,24.1493],[92.4362,24.1504],[92.4348,24.1606],[92.4377,24.1671],[92.4374,24.1685],[92.4341,24.1721],[92.4338,24.1793],[92.4328,24.1812],[92.4218,24.1865],[92.4186,24.1923],[92.4194,24.2005],[92.4179,24.2089],[92.4182,24.2196],[92.4197,24.2332],[92.4222,24.2461],[92.4221,24.2511],[92.4235,24.2511],[92.4253,24.2501],[92.4326,24.2537],[92.4393,24.2682],[92.4455,24.2732],[92.4545,24.2867],[92.4639,24.2987],[92.4703,24.3094],[92.4767,24.3228],[92.4816,24.3409],[92.4819,24.3462],[92.4834,24.3503],[92.4924,24.3675],[92.4924,24.3732],[92.4959,24.3809],[92.4955,24.387],[92.4962,24.3922],[92.5004,24.4001],[92.5007,24.4112],[92.5021,24.42],[92.5065,24.4375],[92.507,24.4442],[92.506,24.451],[92.5069,24.459],[92.5082,24.4654],[92.5079,24.4698],[92.5105,24.4798],[92.5063,24.4887],[92.5063,24.4887],[92.5089,24.4957],[92.5088,24.5014],[92.5075,24.5083],[92.5084,24.5153],[92.5105,24.5225],[92.5084,24.5324],[92.5163,24.5523],[92.5191,24.567],[92.5169,24.5738],[92.5168,24.5762],[92.5141,24.5778],[92.5058,24.5914],[92.5053,24.6034],[92.5092,24.603],[92.5087,24.6166],[92.5102,24.6238],[92.5109,24.6245],[92.5103,24.6256],[92.5074,24.6256],[92.5066,24.6268],[92.5067,24.6345],[92.5053,24.6429],[92.5053,24.6488],[92.5033,24.6584],[92.5043,24.6607],[92.5041,24.6621],[92.503,24.6652],[92.4973,24.674],[92.4972,24.6795],[92.4984,24.6831],[92.5013,24.6861],[92.504,24.6909],[92.5056,24.6998],[92.5105,24.7089],[92.5112,24.7098],[92.5112,24.7098],[92.5139,24.7106],[92.5157,24.7145],[92.5219,24.7214],[92.5228,24.724],[92.5223,24.7295],[92.5234,24.7362],[92.523,24.7403],[92.5272,24.7461],[92.5331,24.7498],[92.5449,24.7599],[92.5456,24.764],[92.5432,24.7721],[92.5476,24.7773],[92.5479,24.7794],[92.5463,24.7824],[92.5447,24.7894],[92.5441,24.793],[92.5441,24.793],[92.5451,24.7986],[92.5479,24.802],[92.548,24.804],[92.551,24.8095],[92.5546,24.8142],[92.5634,24.8195],[92.5735,24.8317],[92.5812,24.839],[92.5866,24.8491],[92.589,24.8581],[92.5891,24.8619],[92.5925,24.864],[92.5904,24.8672],[92.5822,24.871],[92.5822,24.8714],[92.5821,24.8731],[92.5974,24.8778],[92.598,24.8779],[92.5981,24.8779]]]},"properties":{"district_name":"Hailakandi","raw_district_name":"Hailakandi","state_code":"AS","state_name":"Assam","census_code":318,"data_source":"DataMeet India Maps (Census 2011 Boundaries)"}},{"type":"Feature","geometry":{"type":"Polygon","coordinates":[[[94.5785,27.1168],[94.5708,27.1103],[94.5652,27.1006],[94.5595,27.0984],[94.5526,27.093],[94.5499,27.0822],[94.5466,27.074],[94.5399,27.0687],[94.5313,27.0663],[94.5151,27.0474],[94.511,27.0411],[94.4996,27.0349],[94.481,27.0294],[94.4756,27.0225],[94.473,27.014],[94.4706,27.0008],[94.4651,26.9938],[94.4608,26.9908],[94.4416,26.9823],[94.4264,26.9725],[94.4035,26.9599],[94.4019,26.9578],[94.4024,26.9516],[94.4039,26.9475],[94.4084,26.9434],[94.4127,26.9421],[94.4154,26.9418],[94.4181,26.9432],[94.4231,26.9425],[94.4314,26.9391],[94.4355,26.9389],[94.4388,26.9378],[94.4442,26.9375],[94.4596,26.9396],[94.4681,26.9389],[94.4765,26.9366],[94.4822,26.9339],[94.4819,26.9249],[94.4849,26.9177],[94.4818,26.9146],[94.4863,26.9065],[94.4814,26.9022],[94.4822,26.8975],[94.4892,26.8864],[94.4916,26.8844],[94.4955,26.8834],[94.4963,26.8804],[94.4947,26.8765],[94.4971,26.8737],[94.4983,26.8694],[94.495,26.8631],[94.4938,26.856],[94.4952,26.8527],[94.4949,26.8497],[94.4899,26.8338],[94.4904,26.8315],[94.4982,26.8251],[94.5037,26.8228],[94.5091,26.8178],[94.5126,26.8131],[94.5242,26.8074],[94.5252,26.8005],[94.519,26.7959],[94.5192,26.7936],[94.5215,26.7919],[94.5228,26.7921],[94.525,26.7901],[94.5255,26.7868],[94.5214,26.7834],[94.5194,26.7798],[94.5174,26.7781],[94.5161,26.7748],[94.5183,26.772],[94.5255,26.7715],[94.5259,26.7702],[94.5245,26.768],[94.522,26.7672],[94.5247,26.7637],[94.5312,26.7645],[94.5298,26.7614],[94.5337,26.7556],[94.5361,26.7536],[94.539,26.756],[94.5368,26.76],[94.5409,26.7614],[94.545,26.7568],[94.5475,26.7521],[94.5513,26.7474],[94.555,26.7508],[94.5604,26.7563],[94.5623,26.7543],[94.5633,26.7506],[94.5673,26.7483],[94.5704,26.7506],[94.5761,26.7518],[94.5739,26.7432],[94.5751,26.7415],[94.5844,26.7355],[94.5828,26.7321],[94.5862,26.7256],[94.5956,26.7249],[94.5938,26.7212],[94.6009,26.7203],[94.6036,26.7188],[94.6051,26.7148],[94.6051,26.7122],[94.6041,26.7112],[94.5987,26.7149],[94.5966,26.7132],[94.5954,26.7074],[94.5953,26.7016],[94.5928,26.6977],[94.5894,26.6974],[94.5858,26.6983],[94.5832,26.7006],[94.5719,26.6913],[94.5751,26.686],[94.5713,26.6851],[94.5665,26.685],[94.5634,26.6857],[94.5628,26.6889],[94.5652,26.7011],[94.5639,26.7024],[94.5616,26.7032],[94.5551,26.7035],[94.5508,26.7053],[94.5455,26.706],[94.5413,26.7047],[94.5282,26.6964],[94.5232,26.6995],[94.5206,26.6966],[94.5201,26.6897],[94.516,26.6824],[94.5104,26.6786],[94.5076,26.6781],[94.5035,26.6728],[94.4987,26.6689],[94.4932,26.6674],[94.4862,26.6689],[94.4684,26.665],[94.465,26.6627],[94.4623,26.6584],[94.459,26.6506],[94.4619,26.6433],[94.4621,26.639],[94.4649,26.6356],[94.4652,26.6339],[94.4629,26.6306],[94.4572,26.6318],[94.455,26.6342],[94.4349,26.6206],[94.4103,26.6117],[94.4083,26.6096],[94.409,26.6051],[94.4064,26.5972],[94.4152,26.5785],[94.4122,26.5686],[94.4097,26.5642],[94.4081,26.5566],[94.4109,26.5558],[94.4123,26.5536],[94.4093,26.5523],[94.4065,26.5526],[94.4051,26.5504],[94.408,26.5476],[94.4083,26.5449],[94.4071,26.5434],[94.403,26.5421],[94.4017,26.5393],[94.4028,26.534],[94.3992,26.5297],[94.3998,26.5275],[94.3969,26.5249],[94.3944,26.5278],[94.3917,26.528],[94.3786,26.5205],[94.3772,26.5184],[94.3784,26.5124],[94.3779,26.5083],[94.3696,26.5052],[94.3648,26.5056],[94.3591,26.5044],[94.3549,26.5055],[94.3514,26.5039],[94.354,26.5001],[94.3559,26.4987],[94.3539,26.4974],[94.3521,26.4944],[94.3524,26.491],[94.3499,26.4881],[94.3437,26.4853],[94.3373,26.4801],[94.3329,26.4803],[94.3296,26.4791],[94.3242,26.4747],[94.3251,26.4675],[94.3246,26.466],[94.3168,26.4582],[94.3138,26.4603],[94.3113,26.4614],[94.3036,26.4626],[94.2943,26.4761],[94.2928,26.4854],[94.2906,26.4913],[94.2876,26.5039],[94.2875,26.5103],[94.2892,26.5137],[94.2895,26.5206],[94.2861,26.5295],[94.2854,26.5357],[94.2861,26.542],[94.2853,26.5508],[94.2858,26.5537],[94.2894,26.5553],[94.2903,26.5595],[94.2828,26.559],[94.2772,26.5543],[94.2631,26.5394],[94.2538,26.528],[94.2525,26.5232],[94.2453,26.5124],[94.2404,26.5069],[94.2294,26.4988],[94.2241,26.4961],[94.2119,26.4854],[94.2098,26.4792],[94.2015,26.4654],[94.187,26.456],[94.1762,26.4273],[94.1769,26.4236],[94.1744,26.4164],[94.1772,26.4089],[94.1773,26.395],[94.1794,26.3842],[94.1744,26.3733],[94.1758,26.3699],[94.1759,26.3672],[94.1739,26.363],[94.1648,26.3556],[94.168,26.3488],[94.1663,26.35],[94.1636,26.3491],[94.1593,26.3505],[94.1383,26.3499],[94.1328,26.3653],[94.1287,26.3724],[94.1222,26.3927],[94.1186,26.3997],[94.1199,26.4272],[94.1261,26.4368],[94.1293,26.44],[94.1314,26.4449],[94.1296,26.4504],[94.1275,26.4538],[94.1077,26.4665],[94.1047,26.4709],[94.1044,26.4799],[94.1006,26.4875],[94.0996,26.4915],[94.1035,26.4973],[94.1068,26.5051],[94.1084,26.5109],[94.1072,26.5196],[94.1125,26.5266],[94.1138,26.5303],[94.1131,26.5396],[94.1169,26.5435],[94.1161,26.5455],[94.1133,26.5473],[94.1116,26.5505],[94.1151,26.5519],[94.1179,26.5542],[94.1175,26.5559],[94.1146,26.5582],[94.1125,26.5617],[94.1109,26.5665],[94.1089,26.5691],[94.1039,26.5694],[94.1019,26.5711],[94.1026,26.576],[94.0931,26.5795],[94.0909,26.5781],[94.0892,26.5757],[94.0845,26.5755],[94.081,26.5746],[94.0791,26.5774],[94.08,26.5813],[94.0827,26.5869],[94.0807,26.5898],[94.0748,26.5901],[94.0738,26.5967],[94.0817,26.6052],[94.0846,26.6066],[94.087,26.6092],[94.0863,26.6104],[94.0827,26.6118],[94.0813,26.6148],[94.0847,26.6169],[94.0861,26.6194],[94.0888,26.6204],[94.0898,26.6217],[94.0883,26.6245],[94.0882,26.6279],[94.0912,26.6271],[94.095,26.6273],[94.0982,26.6284],[94.0988,26.6408],[94.0973,26.6452],[94.0937,26.6469],[94.0899,26.6475],[94.088,26.6497],[94.0883,26.6552],[94.0856,26.6575],[94.0798,26.6612],[94.077,26.6601],[94.0752,26.6632],[94.071,26.6597],[94.0721,26.6657],[94.0702,26.6667],[94.0679,26.666],[94.0663,26.6627],[94.0649,26.6646],[94.0629,26.6653],[94.0599,26.6611],[94.0574,26.6665],[94.0591,26.668],[94.0591,26.6701],[94.0575,26.6717],[94.0563,26.6769],[94.0548,26.6766],[94.0518,26.6729],[94.0503,26.6754],[94.0487,26.6806],[94.0528,26.6831],[94.0523,26.6858],[94.0499,26.686],[94.046,26.6883],[94.0468,26.6956],[94.0397,26.7084],[94.0454,26.7125],[94.0433,26.7211],[94.0493,26.7284],[94.0439,26.7289],[94.049,26.7337],[94.0496,26.7391],[94.0436,26.736],[94.0419,26.7426],[94.0364,26.7372],[94.0324,26.7414],[94.0235,26.7414],[94.0256,26.7471],[94.013,26.7483],[94.0042,26.7464],[94.0033,26.7624],[93.9999,26.7666],[93.9764,26.7654],[93.9757,26.7723],[93.9761,26.7784],[93.9864,26.7827],[93.9877,26.7854],[93.9842,26.7862],[93.9807,26.7886],[93.9798,26.7914],[93.979,26.7981],[93.981,26.8063],[93.9782,26.8042],[93.9751,26.7998],[93.972,26.7949],[93.9706,26.7939],[93.9681,26.7899],[93.9655,26.7869],[93.9628,26.7858],[93.9554,26.785],[93.9493,26.7857],[93.9449,26.7863],[93.9417,26.7847],[93.9394,26.7822],[93.9335,26.7797],[93.9201,26.7836],[93.8996,26.7955],[93.8753,26.8092],[93.8684,26.8144],[93.8565,26.8149],[93.8539,26.8135],[93.8497,26.8127],[93.8464,26.8131],[93.8413,26.8146],[93.8363,26.8128],[93.8314,26.8129],[93.8273,26.8158],[93.8253,26.8187],[93.8226,26.8236],[93.8266,26.8252],[93.8384,26.8404],[93.8409,26.8484],[93.8434,26.8521],[93.8502,26.8522],[93.8582,26.8576],[93.8662,26.8577],[93.8808,26.8553],[93.8942,26.8647],[93.8987,26.8717],[93.898,26.8789],[93.8945,26.8863],[93.894,26.8905],[93.9199,26.9082],[93.9202,26.9145],[93.9194,26.9219],[93.9243,26.9265],[93.9366,26.9294],[93.9482,26.9286],[93.964,26.926],[93.9766,26.9234],[93.9881,26.9275],[93.9967,26.9365],[93.9999,26.9398],[94.0085,26.9345],[94.0139,26.9275],[94.027,26.9299],[94.0306,26.9346],[94.028,26.9472],[94.029,26.9562],[94.0422,26.9675],[94.0449,26.9737],[94.0542,26.9791],[94.0613,26.9802],[94.0689,26.9777],[94.0791,26.9602],[94.0875,26.9606],[94.1016,26.9667],[94.1125,26.97],[94.1204,26.9705],[94.1353,26.9692],[94.14,26.9721],[94.1416,26.9762],[94.1387,26.9894],[94.1557,26.9937],[94.16,26.9989],[94.1648,26.9991],[94.1713,26.9972],[94.1759,26.9993],[94.1795,26.9992],[94.1823,26.9971],[94.1871,27.0004],[94.1922,27.008],[94.1933,27.0107],[94.193,27.0159],[94.1902,27.0216],[94.1882,27.028],[94.1913,27.0356],[94.1959,27.037],[94.1993,27.035],[94.2039,27.0289],[94.2202,27.03],[94.2259,27.0318],[94.2272,27.0355],[94.2246,27.038],[94.2272,27.0455],[94.2317,27.0591],[94.2395,27.0732],[94.2548,27.0848],[94.2605,27.0873],[94.2676,27.0921],[94.2826,27.0951],[94.2874,27.091],[94.298,27.0856],[94.3039,27.08],[94.3089,27.0722],[94.3142,27.0699],[94.3176,27.0727],[94.3252,27.0873],[94.3385,27.081],[94.3468,27.0825],[94.3532,27.0856],[94.3596,27.0925],[94.3686,27.0975],[94.3847,27.0952],[94.3936,27.0975],[94.4109,27.0923],[94.4191,27.0907],[94.4256,27.0951],[94.4291,27.0998],[94.4287,27.1121],[94.4332,27.1167],[94.4396,27.1191],[94.4474,27.1164],[94.4586,27.1147],[94.463,27.1113],[94.4713,27.1142],[94.4754,27.1219],[94.4754,27.1312],[94.4791,27.1352],[94.4849,27.1375],[94.4908,27.1336],[94.4916,27.1331],[94.4919,27.1271],[94.4945,27.1224],[94.5048,27.12],[94.5098,27.1203],[94.5133,27.1399],[94.5151,27.1416],[94.5297,27.1414],[94.5342,27.1464],[94.5318,27.1534],[94.5259,27.1585],[94.5479,27.1709],[94.5633,27.1735],[94.5633,27.1814],[94.5706,27.1785],[94.5774,27.1705],[94.5815,27.1634],[94.5874,27.157],[94.5912,27.1491],[94.5958,27.1451],[94.5829,27.1342],[94.5826,27.1249],[94.5785,27.1168]]]},"properties":{"district_name":"Jorhat","raw_district_name":"Jorhat","state_code":"AS","state_name":"Assam","census_code":312,"data_source":"DataMeet India Maps (Census 2011 Boundaries)"}},{"type":"Feature","geometry":{"type":"Polygon","coordinates":[[[91.5828,26.5722],[91.5886,26.5682],[91.5917,26.5658],[91.5938,26.5614],[91.5953,26.5541],[91.5972,26.5479],[91.5981,26.5412],[91.5977,26.5365],[91.5995,26.533],[91.6054,26.5301],[91.6145,26.5283],[91.6187,26.5243],[91.6208,26.5205],[91.622,26.5159],[91.6236,26.5151],[91.6284,26.514],[91.6362,26.5141],[91.6415,26.513],[91.6429,26.5014],[91.6428,26.4966],[91.6456,26.4868],[91.6557,26.4802],[91.663,26.47],[91.6721,26.4671],[91.6885,26.4622],[91.7048,26.4606],[91.7114,26.4608],[91.7168,26.4656],[91.7222,26.4711],[91.7237,26.4784],[91.7285,26.4854],[91.7329,26.4884],[91.7374,26.4929],[91.7419,26.4974],[91.7478,26.4991],[91.7572,26.4984],[91.7702,26.4971],[91.7799,26.4952],[91.7831,26.4937],[91.7812,26.4914],[91.7805,26.4868],[91.7823,26.4834],[91.7809,26.479],[91.7812,26.4738],[91.7797,26.4695],[91.7774,26.4662],[91.7669,26.4662],[91.7693,26.4609],[91.7689,26.4595],[91.7681,26.4558],[91.7709,26.4522],[91.7723,26.4484],[91.772,26.4462],[91.7749,26.4434],[91.7731,26.4396],[91.7748,26.4369],[91.7737,26.4317],[91.7755,26.4305],[91.7766,26.4262],[91.7788,26.425],[91.781,26.4257],[91.7801,26.4193],[91.7831,26.418],[91.7832,26.4112],[91.7857,26.4087],[91.7971,26.4072],[91.8001,26.4008],[91.8007,26.3986],[91.8003,26.3948],[91.8017,26.391],[91.8047,26.3896],[91.807,26.3875],[91.8064,26.3845],[91.8093,26.3812],[91.8144,26.3832],[91.8206,26.379],[91.8228,26.3709],[91.8221,26.3672],[91.824,26.3637],[91.8228,26.352],[91.8226,26.3365],[91.8243,26.3319],[91.822,26.3248],[91.8169,26.3256],[91.814,26.3235],[91.8136,26.3191],[91.8112,26.3164],[91.8075,26.3162],[91.8024,26.3144],[91.7995,26.315],[91.7972,26.3184],[91.7943,26.3089],[91.7914,26.309],[91.79,26.3056],[91.7867,26.3046],[91.7886,26.3027],[91.7871,26.3004],[91.7871,26.2962],[91.791,26.2834],[91.7906,26.2758],[91.7932,26.2714],[91.7932,26.2681],[91.7886,26.2608],[91.7866,26.2536],[91.7877,26.2488],[91.787,26.244],[91.7817,26.2411],[91.778,26.2403],[91.7733,26.2409],[91.7705,26.2392],[91.7664,26.2308],[91.7555,26.2257],[91.7508,26.2219],[91.7494,26.2208],[91.7484,26.2163],[91.7501,26.2105],[91.7553,26.2047],[91.7616,26.2],[91.7471,26.1944],[91.7261,26.1834],[91.7221,26.1809],[91.7133,26.177],[91.7039,26.1737],[91.6977,26.1706],[91.6907,26.167],[91.686,26.1631],[91.6829,26.1593],[91.6777,26.1529],[91.6758,26.148],[91.6732,26.1433],[91.671,26.1389],[91.6645,26.1335],[91.6613,26.1315],[91.658,26.1307],[91.6558,26.1311],[91.6536,26.1307],[91.6513,26.1291],[91.6497,26.1294],[91.648,26.13],[91.6449,26.1289],[91.6416,26.1263],[91.6392,26.1236],[91.6382,26.1206],[91.6349,26.1138],[91.6301,26.1108],[91.6207,26.1067],[91.6007,26.1108],[91.5943,26.1159],[91.5929,26.1207],[91.5923,26.124],[91.5901,26.1269],[91.5843,26.1293],[91.5783,26.1336],[91.5756,26.1365],[91.5654,26.1423],[91.5574,26.1432],[91.5521,26.1421],[91.5511,26.1414],[91.5511,26.1414],[91.551,26.1413],[91.5492,26.1401],[91.5455,26.1383],[91.543,26.1356],[91.5423,26.1331],[91.5414,26.128],[91.5412,26.1238],[91.5407,26.1187],[91.5402,26.1131],[91.5393,26.1077],[91.5375,26.1041],[91.5345,26.0981],[91.5344,26.0972],[91.5344,26.0972],[91.5343,26.0967],[91.5333,26.0902],[91.5324,26.0853],[91.5316,26.0765],[91.5312,26.0719],[91.532,26.066],[91.5279,26.0401],[91.5269,26.0336],[91.524,26.0303],[91.5177,26.0269],[91.5121,26.0258],[91.5057,26.0267],[91.5017,26.0293],[91.4969,26.0327],[91.4935,26.038],[91.486,26.0443],[91.4802,26.0513],[91.4709,26.052],[91.4639,26.0506],[91.4567,26.0469],[91.4553,26.0447],[91.4545,26.0405],[91.4533,26.0371],[91.4529,26.0321],[91.4544,26.0305],[91.4579,26.026],[91.4613,26.0215],[91.4622,26.0175],[91.4619,26.0145],[91.4631,26.0086],[91.4662,26.0045],[91.4701,26.0012],[91.4698,25.9977],[91.4714,25.9948],[91.4729,25.9925],[91.4751,25.9899],[91.4748,25.9869],[91.4743,25.9846],[91.4739,25.9766],[91.473,25.9723],[91.4707,25.9686],[91.47,25.9656],[91.4717,25.9628],[91.473,25.9588],[91.4698,25.9532],[91.4689,25.9485],[91.4666,25.9415],[91.467,25.9354],[91.4685,25.9277],[91.4714,25.9168],[91.4738,25.9121],[91.4736,25.9069],[91.4734,25.9],[91.4753,25.8942],[91.4764,25.8906],[91.4759,25.8874],[91.4741,25.8839],[91.4742,25.8791],[91.4726,25.8696],[91.4718,25.8656],[91.4711,25.8611],[91.4723,25.8578],[91.4713,25.8581],[91.4576,25.8504],[91.45,25.8448],[91.447,25.8401],[91.4438,25.8407],[91.4335,25.8469],[91.4269,25.8527],[91.4215,25.8538],[91.4154,25.8531],[91.4077,25.849],[91.4038,25.8502],[91.3912,25.8465],[91.3848,25.8461],[91.3795,25.844],[91.3732,25.8435],[91.3664,25.8397],[91.3596,25.8406],[91.356,25.8369],[91.3513,25.8395],[91.3471,25.8386],[91.3452,25.8353],[91.3392,25.8376],[91.3363,25.838],[91.3349,25.8329],[91.3351,25.8313],[91.3335,25.8294],[91.3277,25.823],[91.309,25.7956],[91.2996,25.7775],[91.29,25.7634],[91.2823,25.7559],[91.2791,25.7509],[91.2783,25.7462],[91.265,25.7486],[91.2581,25.7471],[91.2352,25.7285],[91.2266,25.7227],[91.2241,25.7254],[91.2186,25.7232],[91.2007,25.7303],[91.1947,25.7289],[91.1951,25.7354],[91.1914,25.7383],[91.192,25.7628],[91.1885,25.7662],[91.1887,25.7693],[91.184,25.7727],[91.1827,25.7757],[91.1868,25.7819],[91.1876,25.7944],[91.1901,25.8026],[91.1938,25.81],[91.191,25.8149],[91.1927,25.8201],[91.1972,25.8257],[91.1974,25.8299],[91.2055,25.8399],[91.2015,25.847],[91.201,25.8541],[91.1994,25.8583],[91.1959,25.8546],[91.1884,25.8493],[91.1846,25.8434],[91.1819,25.8421],[91.1711,25.845],[91.1646,25.8487],[91.1558,25.8494],[91.1483,25.8467],[91.1408,25.8415],[91.1346,25.8413],[91.1293,25.8376],[91.1237,25.8307],[91.0843,25.8288],[91.0695,25.8252],[91.0662,25.8198],[91.062,25.8217],[91.0529,25.8283],[91.0602,25.8315],[91.0648,25.8355],[91.0705,25.8357],[91.0759,25.8378],[91.076,25.8419],[91.0815,25.852],[91.0689,25.8458],[91.0521,25.8482],[91.045,25.8388],[91.028,25.827],[91.0238,25.8221],[91.0158,25.8205],[91.0092,25.8202],[91.0038,25.8217],[91.0047,25.8253],[91.0118,25.8377],[91.0158,25.8483],[91.0162,25.8567],[91.0182,25.8585],[91.0249,25.8608],[91.0296,25.8661],[91.0322,25.8793],[91.0323,25.8875],[91.033,25.8939],[91.0361,25.9021],[91.0399,25.9089],[91.0438,25.9212],[91.0479,25.9278],[91.054,25.9333],[91.0547,25.9373],[91.0511,25.941],[91.0705,25.9644],[91.0772,25.9711],[91.0836,25.9736],[91.0841,25.979],[91.0879,25.9822],[91.092,26.0002],[91.1006,26.0048],[91.1007,26.0092],[91.0974,26.0119],[91.0973,26.0151],[91.0934,26.0198],[91.0918,26.0237],[91.0918,26.0286],[91.0862,26.0302],[91.0813,26.037],[91.0727,26.0365],[91.0692,26.0439],[91.0583,26.0446],[91.0527,26.0403],[91.0455,26.042],[91.0399,26.0448],[91.0345,26.0416],[91.0298,26.0397],[91.0182,26.0479],[91.013,26.0526],[91.006,26.0528],[91,26.0548],[90.9946,26.0569],[90.9893,26.0574],[90.987,26.06],[90.9814,26.0612],[90.9644,26.0752],[90.9613,26.0802],[90.9612,26.0819],[90.9535,26.081],[90.9488,26.0894],[90.9436,26.0882],[90.9393,26.092],[90.9391,26.0938],[90.9535,26.095],[90.9583,26.0969],[90.9722,26.1071],[90.9758,26.1115],[90.9873,26.12],[90.9918,26.1242],[91.0001,26.127],[91.0052,26.1294],[91.0092,26.1286],[91.0214,26.1232],[91.028,26.1194],[91.0343,26.1208],[91.0392,26.125],[91.0457,26.128],[91.0517,26.1283],[91.0547,26.1311],[91.0553,26.1351],[91.0588,26.1393],[91.0767,26.1561],[91.0838,26.1599],[91.0939,26.1638],[91.103,26.1617],[91.1192,26.1534],[91.1336,26.1583],[91.149,26.1594],[91.1682,26.1694],[91.1837,26.1737],[91.2282,26.1799],[91.2368,26.1822],[91.2326,26.177],[91.2497,26.1681],[91.2576,26.1632],[91.2889,26.1582],[91.2997,26.1575],[91.3062,26.1599],[91.311,26.1608],[91.3215,26.1606],[91.3333,26.1619],[91.3385,26.1653],[91.342,26.1652],[91.346,26.1627],[91.3513,26.163],[91.3555,26.1649],[91.3587,26.1644],[91.3721,26.1566],[91.3938,26.1392],[91.3999,26.1366],[91.4094,26.1374],[91.4159,26.1362],[91.4218,26.1661],[91.4222,26.1722],[91.4216,26.1818],[91.4192,26.1862],[91.4154,26.1974],[91.4149,26.2027],[91.4189,26.2041],[91.4214,26.2096],[91.4229,26.2141],[91.4234,26.2266],[91.4257,26.233],[91.4277,26.2361],[91.4337,26.2372],[91.4334,26.2409],[91.4311,26.2426],[91.4267,26.2434],[91.4201,26.2434],[91.4158,26.2451],[91.4132,26.2522],[91.4154,26.2606],[91.4205,26.265],[91.4271,26.2642],[91.4406,26.2597],[91.4444,26.2626],[91.4536,26.2726],[91.4518,26.2904],[91.4522,26.303],[91.4541,26.3074],[91.4582,26.3111],[91.4512,26.3114],[91.4503,26.3129],[91.4592,26.318],[91.4802,26.3178],[91.4942,26.319],[91.4996,26.323],[91.504,26.3217],[91.508,26.3217],[91.5103,26.3261],[91.514,26.3273],[91.52,26.3272],[91.528,26.3298],[91.5314,26.3323],[91.5365,26.3335],[91.5344,26.3365],[91.5295,26.337],[91.5237,26.3386],[91.5214,26.3424],[91.522,26.3486],[91.5249,26.3554],[91.5288,26.3615],[91.5348,26.3662],[91.5385,26.3706],[91.5352,26.3732],[91.5288,26.374],[91.5279,26.3779],[91.5361,26.3886],[91.5359,26.393],[91.5433,26.4006],[91.5467,26.4065],[91.5459,26.4092],[91.5427,26.4138],[91.5445,26.4165],[91.5503,26.4167],[91.5546,26.4144],[91.5617,26.4164],[91.5617,26.4219],[91.5647,26.4243],[91.5669,26.4332],[91.565,26.4368],[91.563,26.444],[91.5569,26.4555],[91.556,26.4618],[91.555,26.4692],[91.555,26.4692],[91.5549,26.4693],[91.5537,26.4732],[91.5541,26.4758],[91.5548,26.4783],[91.5553,26.4801],[91.5558,26.4809],[91.5573,26.4816],[91.5594,26.4815],[91.562,26.4823],[91.5623,26.4842],[91.5623,26.4864],[91.5615,26.4878],[91.5604,26.4889],[91.5594,26.4901],[91.5594,26.4919],[91.5596,26.4928],[91.5602,26.4944],[91.5593,26.4956],[91.5588,26.497],[91.559,26.4985],[91.5596,26.4998],[91.5601,26.5011],[91.56,26.5019],[91.559,26.503],[91.5576,26.5041],[91.5568,26.5061],[91.5566,26.5076],[91.5569,26.5103],[91.5573,26.5111],[91.5578,26.5118],[91.5576,26.5134],[91.5572,26.5152],[91.5573,26.5161],[91.558,26.5173],[91.5577,26.5194],[91.5567,26.5214],[91.5565,26.5231],[91.5566,26.5243],[91.557,26.5251],[91.5572,26.5271],[91.5568,26.5291],[91.5568,26.5309],[91.5572,26.5325],[91.5581,26.5331],[91.5585,26.5338],[91.5594,26.5349],[91.5592,26.536],[91.5587,26.5365],[91.5579,26.536],[91.5577,26.5348],[91.5567,26.5346],[91.5557,26.5354],[91.5563,26.5368],[91.5571,26.5382],[91.558,26.54],[91.5569,26.5428],[91.5576,26.5438],[91.5581,26.5445],[91.557,26.5452],[91.5547,26.546],[91.5544,26.5468],[91.5552,26.5477],[91.5565,26.5483],[91.5582,26.5491],[91.5599,26.5509],[91.5609,26.5523],[91.562,26.5535],[91.5623,26.5549],[91.5616,26.5564],[91.5614,26.5578],[91.5625,26.558],[91.5647,26.5573],[91.5653,26.5575],[91.5662,26.5583],[91.5661,26.5589],[91.5649,26.5599],[91.5642,26.5608],[91.5637,26.5618],[91.5641,26.5626],[91.5653,26.5629],[91.5665,26.563],[91.568,26.564],[91.5686,26.5659],[91.5692,26.5683],[91.5695,26.5706],[91.57,26.5726],[91.5708,26.5723],[91.5757,26.5722],[91.5828,26.5722]]]},"properties":{"district_name":"Kamrup","raw_district_name":"Kamrup","state_code":"AS","state_name":"Assam","census_code":321,"data_source":"DataMeet India Maps (Census 2011 Boundaries)"}},{"type":"Feature","geometry":{"type":"Polygon","coordinates":[[[91.9603,26.2437],[91.9585,26.2388],[91.9583,26.2352],[91.9592,26.2314],[91.962,26.2277],[91.9695,26.2246],[91.9788,26.2176],[91.9999,26.2044],[92.0053,26.2032],[92.0067,26.2022],[92.0082,26.2036],[92.0106,26.2044],[92.017,26.2052],[92.0224,26.2014],[92.0264,26.2005],[92.0307,26.2067],[92.0328,26.2078],[92.0345,26.2077],[92.039,26.2048],[92.0408,26.2013],[92.0429,26.1994],[92.046,26.1993],[92.0483,26.2042],[92.0485,26.2134],[92.0634,26.1972],[92.0657,26.1963],[92.0741,26.1963],[92.0797,26.1951],[92.0839,26.1856],[92.0864,26.1849],[92.0924,26.1885],[92.0945,26.1878],[92.0957,26.1847],[92.0941,26.1827],[92.0862,26.1782],[92.0839,26.1776],[92.0959,26.1759],[92.1109,26.1711],[92.1173,26.1759],[92.125,26.1783],[92.132,26.1784],[92.1336,26.1774],[92.1346,26.1735],[92.1495,26.1625],[92.1541,26.1612],[92.1562,26.1629],[92.1568,26.1663],[92.1586,26.1671],[92.1611,26.1663],[92.1651,26.1634],[92.1704,26.1634],[92.1694,26.157],[92.1651,26.1482],[92.1668,26.1336],[92.1708,26.1178],[92.1721,26.1154],[92.1743,26.101],[92.1704,26.0935],[92.1703,26.0917],[92.1759,26.0817],[92.1804,26.0779],[92.1712,26.076],[92.1568,26.0665],[92.1526,26.0633],[92.1511,26.06],[92.1483,26.057],[92.1459,26.0561],[92.1403,26.0512],[92.1352,26.0443],[92.1291,26.0443],[92.1255,26.0433],[92.1184,26.045],[92.111,26.0482],[92.0955,26.047],[92.0833,26.0421],[92.081,26.0403],[92.0758,26.0388],[92.0726,26.0363],[92.0654,26.0332],[92.055,26.0313],[92.0524,26.0315],[92.0418,26.0347],[92.0383,26.0379],[92.0369,26.0382],[92.0301,26.0384],[92.0261,26.037],[92.0244,26.0378],[92.0198,26.0381],[92.0104,26.038],[92.0056,26.0366],[92.0027,26.0377],[91.9999,26.0374],[91.9933,26.0396],[91.9897,26.0373],[91.9865,26.0291],[91.9804,26.0244],[91.9601,26.0175],[91.9547,26.0164],[91.9486,26.0131],[91.9436,26.0126],[91.9362,26.0133],[91.9302,26.0022],[91.9291,26.0003],[91.9281,25.9984],[91.9244,25.9982],[91.9218,25.9988],[91.9218,26.0002],[91.921,26.0059],[91.9179,26.009],[91.9191,26.0124],[91.9193,26.0201],[91.914,26.0225],[91.9098,26.0258],[91.9033,26.0249],[91.8943,26.0282],[91.8856,26.0287],[91.8726,26.0509],[91.8718,26.0556],[91.8777,26.0833],[91.8783,26.0964],[91.8672,26.0991],[91.8563,26.1035],[91.8291,26.1169],[91.8219,26.1175],[91.8181,26.1102],[91.8133,26.1039],[91.8106,26.1026],[91.8043,26.1037],[91.7929,26.0858],[91.7871,26.0854],[91.783,26.0871],[91.7811,26.0901],[91.762,26.0701],[91.7338,26.0581],[91.7371,26.0555],[91.7355,26.0499],[91.729,26.0458],[91.7257,26.0292],[91.7272,26.0261],[91.7253,26.0187],[91.7237,26.0007],[91.7222,25.9772],[91.7241,25.9639],[91.7226,25.9529],[91.7164,25.9461],[91.7106,25.9432],[91.7034,25.9408],[91.7044,25.9368],[91.6948,25.928],[91.6888,25.9201],[91.6811,25.9162],[91.6784,25.9107],[91.6717,25.9043],[91.6697,25.9071],[91.6644,25.9088],[91.6593,25.9068],[91.6539,25.9066],[91.6504,25.9127],[91.6353,25.9247],[91.6253,25.9299],[91.6137,25.9389],[91.6135,25.9435],[91.6272,25.9449],[91.6326,25.9436],[91.6366,25.9594],[91.6405,25.9638],[91.6347,25.9697],[91.6306,25.9759],[91.6294,25.9813],[91.6273,25.9848],[91.6313,25.9941],[91.6293,25.9966],[91.633,25.9988],[91.6346,26.0008],[91.6356,26.0038],[91.6347,26.0129],[91.636,26.0168],[91.6348,26.0214],[91.6287,26.0229],[91.6229,26.026],[91.6192,26.0237],[91.6045,26.0216],[91.5995,26.0198],[91.5997,26.016],[91.5908,26.0291],[91.5868,26.031],[91.5785,26.0321],[91.5727,26.0265],[91.5715,26.0207],[91.5724,26.0158],[91.5713,26.011],[91.5678,26.0065],[91.5688,26.0028],[91.5681,26.0008],[91.5575,25.9856],[91.5539,25.9739],[91.5516,25.9741],[91.5399,25.9674],[91.5398,25.9611],[91.5351,25.9613],[91.5285,25.9604],[91.5265,25.9584],[91.5212,25.9572],[91.5208,25.9518],[91.5224,25.9399],[91.5189,25.9374],[91.5043,25.9198],[91.506,25.9134],[91.5082,25.9121],[91.5096,25.9128],[91.5134,25.9145],[91.5195,25.9191],[91.5243,25.9239],[91.5385,25.933],[91.5339,25.9228],[91.5274,25.9198],[91.5111,25.9088],[91.5038,25.8975],[91.5059,25.8912],[91.5012,25.8915],[91.4989,25.8928],[91.4955,25.8946],[91.4912,25.8939],[91.486,25.8901],[91.4813,25.8838],[91.4786,25.8771],[91.4774,25.8703],[91.48,25.8678],[91.4963,25.8646],[91.5009,25.8662],[91.5103,25.8665],[91.5161,25.87],[91.5198,25.8737],[91.5223,25.8771],[91.5248,25.885],[91.5284,25.8891],[91.5323,25.8887],[91.5346,25.8872],[91.5352,25.8831],[91.5314,25.8799],[91.5279,25.8719],[91.5243,25.8734],[91.5217,25.8722],[91.5153,25.8656],[91.5104,25.8638],[91.4986,25.8614],[91.4856,25.862],[91.481,25.8568],[91.4776,25.8563],[91.4723,25.8578],[91.4711,25.8611],[91.4718,25.8656],[91.4726,25.8696],[91.4742,25.8791],[91.4741,25.8839],[91.4759,25.8874],[91.4764,25.8906],[91.4753,25.8942],[91.4734,25.9],[91.4736,25.9069],[91.4738,25.9121],[91.4714,25.9168],[91.4685,25.9277],[91.467,25.9354],[91.4666,25.9415],[91.4689,25.9485],[91.4698,25.9532],[91.473,25.9588],[91.4717,25.9628],[91.47,25.9656],[91.4707,25.9686],[91.473,25.9723],[91.4739,25.9766],[91.4743,25.9846],[91.4748,25.9869],[91.4751,25.9899],[91.4729,25.9925],[91.4714,25.9948],[91.4698,25.9977],[91.4701,26.0012],[91.4662,26.0045],[91.4631,26.0086],[91.4619,26.0145],[91.4622,26.0175],[91.4613,26.0215],[91.4579,26.026],[91.4544,26.0305],[91.4529,26.0321],[91.4533,26.0371],[91.4545,26.0405],[91.4553,26.0447],[91.4567,26.0469],[91.4639,26.0506],[91.4709,26.052],[91.4802,26.0513],[91.486,26.0443],[91.4935,26.038],[91.4969,26.0327],[91.5017,26.0293],[91.5057,26.0267],[91.5121,26.0258],[91.5177,26.0269],[91.524,26.0303],[91.5269,26.0336],[91.5279,26.0401],[91.532,26.066],[91.5312,26.0719],[91.5316,26.0765],[91.5324,26.0853],[91.5333,26.0902],[91.5343,26.0967],[91.5344,26.0972],[91.5344,26.0972],[91.5345,26.0981],[91.5375,26.1041],[91.5393,26.1077],[91.5402,26.1131],[91.5407,26.1187],[91.5412,26.1238],[91.5414,26.128],[91.5423,26.1331],[91.543,26.1356],[91.5455,26.1383],[91.5492,26.1401],[91.551,26.1413],[91.5511,26.1414],[91.5511,26.1414],[91.5521,26.1421],[91.5574,26.1432],[91.5654,26.1423],[91.5756,26.1365],[91.5783,26.1336],[91.5843,26.1293],[91.5901,26.1269],[91.5923,26.124],[91.5929,26.1207],[91.5943,26.1159],[91.6007,26.1108],[91.6207,26.1067],[91.6301,26.1108],[91.6349,26.1138],[91.6382,26.1206],[91.6392,26.1236],[91.6416,26.1263],[91.6449,26.1289],[91.648,26.13],[91.6497,26.1294],[91.6513,26.1291],[91.6536,26.1307],[91.6558,26.1311],[91.658,26.1307],[91.6613,26.1315],[91.6645,26.1335],[91.671,26.1389],[91.6732,26.1433],[91.6758,26.148],[91.6777,26.1529],[91.6829,26.1593],[91.686,26.1631],[91.6907,26.167],[91.6977,26.1706],[91.7039,26.1737],[91.7133,26.177],[91.7221,26.1809],[91.7261,26.1834],[91.7471,26.1944],[91.7616,26.2],[91.7617,26.1999],[91.7795,26.1977],[91.7937,26.2022],[91.8135,26.207],[91.8184,26.2057],[91.8309,26.21],[91.8386,26.2115],[91.8444,26.2143],[91.8576,26.2156],[91.8693,26.2187],[91.8779,26.2156],[91.8925,26.2189],[91.8931,26.2215],[91.9048,26.2253],[91.9152,26.2334],[91.917,26.2405],[91.9267,26.2458],[91.9316,26.2425],[91.9351,26.2414],[91.946,26.2475],[91.9511,26.2513],[91.956,26.2537],[91.96,26.2478],[91.9603,26.2437]]]},"properties":{"district_name":"Kamrup Metropolitan","raw_district_name":"Kamrup Metropolitan","state_code":"AS","state_name":"Assam","census_code":322,"data_source":"DataMeet India Maps (Census 2011 Boundaries)"}},{"type":"Feature","geometry":{"type":"MultiPolygon","coordinates":[[[[93.7239,26.6035],[93.7247,26.5956],[93.735,26.5935],[93.7386,26.5892],[93.7399,26.5854],[93.7441,26.5831],[93.7487,26.5833],[93.7516,26.5821],[93.7536,26.5789],[93.753,26.577],[93.7419,26.5696],[93.7437,26.5626],[93.7412,26.5589],[93.7402,26.561],[93.7386,26.5597],[93.7393,26.5563],[93.7374,26.5517],[93.7373,26.5496],[93.7411,26.5466],[93.7425,26.5433],[93.7416,26.5403],[93.7364,26.5406],[93.7359,26.5375],[93.739,26.5343],[93.744,26.5377],[93.7485,26.5283],[93.7525,26.5309],[93.7602,26.5272],[93.7596,26.5226],[93.7565,26.5201],[93.757,26.5163],[93.7597,26.5147],[93.7577,26.5116],[93.7596,26.5071],[93.7674,26.5066],[93.7684,26.5018],[93.7773,26.4875],[93.7805,26.4793],[93.7804,26.4767],[93.7783,26.4747],[93.7763,26.4767],[93.7739,26.4777],[93.7738,26.4748],[93.7798,26.4677],[93.7888,26.4634],[93.7893,26.4582],[93.7886,26.4539],[93.7924,26.4502],[93.7946,26.4409],[93.7888,26.44],[93.7867,26.4378],[93.7878,26.4343],[93.7947,26.435],[93.7962,26.4298],[93.79,26.4246],[93.7837,26.4224],[93.7846,26.4181],[93.7863,26.413],[93.7985,26.4098],[93.8026,26.4101],[93.7998,26.4058],[93.797,26.405],[93.7939,26.4028],[93.7918,26.3969],[93.7876,26.3942],[93.7814,26.3865],[93.7785,26.3869],[93.7772,26.3839],[93.7848,26.3809],[93.7902,26.3772],[93.7955,26.3772],[93.7968,26.3801],[93.7961,26.3827],[93.8003,26.3897],[93.804,26.3911],[93.8082,26.3963],[93.8102,26.3953],[93.8138,26.3989],[93.817,26.3995],[93.8214,26.4028],[93.8255,26.4078],[93.8268,26.4117],[93.8286,26.4142],[93.8289,26.4173],[93.8334,26.417],[93.8394,26.4116],[93.8498,26.4078],[93.8544,26.4049],[93.8603,26.4047],[93.8626,26.4015],[93.8635,26.3966],[93.8685,26.3946],[93.8702,26.3896],[93.8852,26.3939],[93.8852,26.3871],[93.8868,26.3824],[93.8907,26.382],[93.8904,26.3788],[93.886,26.3767],[93.886,26.3728],[93.8891,26.3718],[93.8949,26.3723],[93.8933,26.3689],[93.8905,26.3657],[93.8861,26.363],[93.8889,26.3612],[93.8891,26.3568],[93.8862,26.3558],[93.8866,26.3535],[93.8898,26.3493],[93.8903,26.3466],[93.8862,26.3466],[93.8856,26.3419],[93.8918,26.3421],[93.8902,26.3342],[93.8905,26.3276],[93.896,26.3312],[93.8958,26.3281],[93.8905,26.3258],[93.8899,26.3233],[93.8951,26.3214],[93.8976,26.3168],[93.8952,26.3147],[93.8895,26.3203],[93.8873,26.3212],[93.8864,26.3195],[93.8893,26.3147],[93.886,26.3128],[93.8794,26.3136],[93.8777,26.3095],[93.8849,26.31],[93.8869,26.3075],[93.8882,26.3029],[93.8795,26.3011],[93.8743,26.3014],[93.8734,26.2998],[93.8738,26.298],[93.8706,26.2966],[93.8754,26.2928],[93.8777,26.2899],[93.8749,26.283],[93.879,26.2791],[93.8838,26.2766],[93.8848,26.2723],[93.8815,26.2728],[93.8758,26.2773],[93.8739,26.2752],[93.8746,26.2732],[93.8706,26.2705],[93.8696,26.2674],[93.8772,26.2656],[93.8727,26.2596],[93.8691,26.2596],[93.8704,26.2542],[93.8672,26.2541],[93.864,26.253],[93.8641,26.2504],[93.8673,26.249],[93.8692,26.2465],[93.8674,26.2452],[93.8601,26.2473],[93.8575,26.2467],[93.8515,26.2437],[93.8501,26.2408],[93.8522,26.2381],[93.8596,26.2443],[93.862,26.2431],[93.862,26.2402],[93.8647,26.2357],[93.8586,26.2269],[93.8576,26.2193],[93.8553,26.2165],[93.8535,26.2158],[93.8502,26.2165],[93.8484,26.2188],[93.845,26.2193],[93.8418,26.2172],[93.8411,26.2158],[93.846,26.2158],[93.8469,26.2139],[93.8468,26.2124],[93.8393,26.2088],[93.837,26.2067],[93.8361,26.2039],[93.8367,26.2018],[93.8411,26.2048],[93.8435,26.2047],[93.8445,26.2027],[93.8401,26.1992],[93.8396,26.1956],[93.8353,26.198],[93.8333,26.1983],[93.8332,26.1939],[93.8355,26.1908],[93.8303,26.1868],[93.8364,26.179],[93.8364,26.1748],[93.8315,26.1788],[93.8289,26.1756],[93.8246,26.1746],[93.8291,26.1693],[93.8265,26.1663],[93.8289,26.1633],[93.8313,26.1605],[93.8356,26.1603],[93.8387,26.1585],[93.8361,26.1565],[93.8338,26.1564],[93.8338,26.1536],[93.8322,26.1525],[93.8294,26.153],[93.8272,26.1523],[93.8316,26.1503],[93.8339,26.1492],[93.8318,26.1475],[93.83,26.1476],[93.8286,26.1444],[93.8308,26.1383],[93.8312,26.1299],[93.8287,26.1305],[93.8269,26.1375],[93.8238,26.1366],[93.8224,26.1314],[93.8267,26.1299],[93.8284,26.1278],[93.8274,26.1259],[93.8234,26.1262],[93.8212,26.1246],[93.819,26.1212],[93.8226,26.1177],[93.8246,26.1145],[93.8228,26.1114],[93.8196,26.1111],[93.8139,26.1122],[93.8108,26.1048],[93.8103,26.1021],[93.8141,26.0966],[93.8164,26.09],[93.8149,26.0878],[93.812,26.0902],[93.8096,26.0943],[93.8062,26.0931],[93.8058,26.0899],[93.81,26.0859],[93.8071,26.0859],[93.8064,26.0844],[93.8071,26.0792],[93.8061,26.0776],[93.8083,26.0727],[93.8082,26.07],[93.8013,26.0753],[93.7984,26.072],[93.7993,26.0691],[93.8042,26.0685],[93.8055,26.0658],[93.8011,26.0646],[93.7956,26.0607],[93.7984,26.0548],[93.7937,26.0528],[93.7943,26.0482],[93.7966,26.0444],[93.7956,26.0409],[93.7933,26.0389],[93.7906,26.0401],[93.7855,26.0399],[93.7831,26.039],[93.7843,26.0325],[93.7883,26.0308],[93.7911,26.034],[93.7938,26.0352],[93.7991,26.0323],[93.7998,26.0279],[93.7929,26.0307],[93.7915,26.0263],[93.787,26.0236],[93.7879,26.02],[93.7926,26.0183],[93.7941,26.0142],[93.79,26.0133],[93.7856,26.0142],[93.7848,26.0075],[93.7876,26.009],[93.7919,26.0057],[93.7898,26.0006],[93.7902,25.9995],[93.7906,25.9991],[93.791,25.9987],[93.7916,25.9983],[93.7921,25.9981],[93.7927,25.9978],[93.7933,25.9977],[93.794,25.9976],[93.7946,25.9976],[93.7952,25.9977],[93.7958,25.9978],[93.7964,25.9981],[93.797,25.9983],[93.7975,25.9987],[93.798,25.9991],[93.7984,25.9995],[93.7989,26.0005],[93.7988,26.0024],[93.8024,26.003],[93.8046,26.0005],[93.8078,25.9947],[93.8015,25.9978],[93.7995,25.993],[93.7956,25.9917],[93.7977,25.9843],[93.7978,25.9808],[93.8004,25.9798],[93.8012,25.9816],[93.8053,25.9845],[93.8067,25.9826],[93.8048,25.9794],[93.8045,25.9766],[93.8021,25.977],[93.7983,25.9759],[93.7939,25.978],[93.7943,25.974],[93.7907,25.9734],[93.7876,25.9786],[93.7842,25.9799],[93.7832,25.9788],[93.7795,25.9671],[93.7772,25.9677],[93.7732,25.9663],[93.7714,25.9655],[93.7698,25.963],[93.7732,25.9619],[93.7697,25.9539],[93.7704,25.9494],[93.7686,25.9509],[93.7629,25.9508],[93.759,25.9446],[93.7495,25.938],[93.7522,25.9355],[93.752,25.9323],[93.7502,25.9332],[93.7366,25.9265],[93.7291,25.9243],[93.7167,25.9177],[93.7127,25.9186],[93.7052,25.9173],[93.6978,25.9131],[93.6878,25.9054],[93.686,25.9009],[93.691,25.8853],[93.7065,25.8492],[93.7055,25.8446],[93.7024,25.8429],[93.7037,25.8456],[93.7036,25.8494],[93.6979,25.8473],[93.6938,25.8432],[93.6906,25.8435],[93.6921,25.8401],[93.6826,25.8367],[93.6829,25.8317],[93.6781,25.8248],[93.6726,25.8241],[93.6696,25.8248],[93.6687,25.8206],[93.6609,25.8204],[93.6568,25.8224],[93.6524,25.8188],[93.6486,25.82],[93.6444,25.8156],[93.6411,25.814],[93.6404,25.8095],[93.6362,25.8097],[93.6341,25.806],[93.6334,25.8013],[93.6291,25.8004],[93.6299,25.796],[93.6276,25.7947],[93.627,25.7877],[93.6239,25.7865],[93.6212,25.7813],[93.6236,25.78],[93.6224,25.7759],[93.6115,25.7726],[93.6081,25.7729],[93.6058,25.7687],[93.6056,25.7635],[93.6028,25.7669],[93.5984,25.7645],[93.5938,25.7604],[93.5927,25.7623],[93.5883,25.7643],[93.5872,25.7617],[93.5872,25.7556],[93.5838,25.7539],[93.5733,25.7569],[93.5739,25.7558],[93.5735,25.7527],[93.5693,25.7511],[93.5701,25.7479],[93.5655,25.7375],[93.562,25.7371],[93.5564,25.7381],[93.557,25.7339],[93.55,25.7286],[93.5468,25.7306],[93.5449,25.7231],[93.5456,25.7205],[93.5463,25.7177],[93.5498,25.7151],[93.5489,25.7109],[93.546,25.7063],[93.5445,25.7021],[93.5439,25.6993],[93.5436,25.6979],[93.538,25.6994],[93.5306,25.6889],[93.5286,25.69],[93.526,25.6959],[93.5228,25.6894],[93.5169,25.6843],[93.5194,25.6822],[93.5203,25.6799],[93.5102,25.6672],[93.5083,25.663],[93.5021,25.6582],[93.5,25.6527],[93.494,25.6515],[93.4902,25.6522],[93.4908,25.6497],[93.4873,25.6467],[93.4836,25.648],[93.4834,25.642],[93.476,25.6442],[93.4748,25.6405],[93.4686,25.64],[93.4656,25.6405],[93.4608,25.6378],[93.4572,25.6369],[93.4586,25.6347],[93.4613,25.6328],[93.462,25.6297],[93.4594,25.6294],[93.452,25.6338],[93.45,25.6312],[93.4469,25.6351],[93.4445,25.6343],[93.4416,25.6311],[93.4393,25.6307],[93.4392,25.6287],[93.4342,25.6262],[93.4311,25.6255],[93.4276,25.6278],[93.4225,25.6186],[93.4184,25.6174],[93.4149,25.613],[93.4169,25.6112],[93.4123,25.61],[93.4091,25.608],[93.4077,25.6058],[93.4073,25.6028],[93.4097,25.6005],[93.4093,25.5968],[93.4069,25.5928],[93.4003,25.5927],[93.3901,25.5911],[93.3907,25.5855],[93.3825,25.5811],[93.3832,25.5792],[93.3851,25.5776],[93.3848,25.5743],[93.3827,25.5726],[93.3765,25.5737],[93.3769,25.5701],[93.376,25.5674],[93.3735,25.5656],[93.3695,25.5667],[93.3652,25.5662],[93.366,25.5597],[93.3642,25.5571],[93.3608,25.5569],[93.3545,25.5616],[93.3484,25.5597],[93.3456,25.5576],[93.3413,25.5513],[93.3335,25.5455],[93.3318,25.5433],[93.3256,25.5326],[93.3226,25.5297],[93.3119,25.5285],[93.307,25.5286],[93.3034,25.5317],[93.2979,25.5447],[93.29,25.54],[93.2777,25.5289],[93.2711,25.5305],[93.2681,25.5365],[93.2682,25.5414],[93.2653,25.5452],[93.2618,25.5448],[93.2526,25.5459],[93.2431,25.5452],[93.2367,25.544],[93.2321,25.5442],[93.2234,25.5484],[93.2182,25.5485],[93.2168,25.5447],[93.2149,25.543],[93.2128,25.544],[93.2089,25.5536],[93.2057,25.5556],[93.2026,25.5553],[93.2007,25.557],[93.2026,25.5599],[93.2026,25.5633],[93.2006,25.5634],[93.1974,25.565],[93.1932,25.5695],[93.1895,25.5822],[93.1848,25.5834],[93.1818,25.5887],[93.1731,25.5953],[93.1729,25.5979],[93.1808,25.6022],[93.1811,25.605],[93.1802,25.6095],[93.1808,25.6142],[93.1821,25.6164],[93.192,25.6253],[93.1913,25.6289],[93.1844,25.6389],[93.1803,25.6427],[93.1766,25.6477],[93.1741,25.6494],[93.1751,25.6515],[93.1713,25.6587],[93.1654,25.6605],[93.1465,25.661],[93.143,25.6639],[93.1391,25.6689],[93.1374,25.6764],[93.1334,25.6838],[93.138,25.6902],[93.1391,25.694],[93.1385,25.702],[93.1394,25.7062],[93.1418,25.7102],[93.1451,25.7129],[93.17,25.7169],[93.1776,25.7249],[93.185,25.7295],[93.2099,25.7281],[93.223,25.7252],[93.2282,25.7313],[93.2347,25.7474],[93.235,25.7528],[93.2338,25.7585],[93.2352,25.7639],[93.2413,25.7661],[93.2417,25.77],[93.2488,25.7784],[93.2506,25.7813],[93.2521,25.7867],[93.2495,25.7894],[93.2517,25.7967],[93.2508,25.8021],[93.2514,25.8076],[93.2484,25.8094],[93.2461,25.8145],[93.2479,25.819],[93.2463,25.8261],[93.247,25.8308],[93.2453,25.8367],[93.2387,25.8463],[93.2368,25.8531],[93.2235,25.8631],[93.2181,25.8694],[93.2155,25.8744],[93.2077,25.8832],[93.2003,25.8908],[93.1918,25.8969],[93.188,25.9023],[93.1784,25.9403],[93.1748,25.945],[93.1752,25.9499],[93.1733,25.9538],[93.1698,25.9542],[93.1672,25.956],[93.1635,25.9622],[93.162,25.9658],[93.1628,25.9674],[93.1619,25.9748],[93.1585,25.9803],[93.1602,25.9904],[93.157,25.9922],[93.1548,25.9948],[93.1533,26.0004],[93.1473,26.0068],[93.1456,26.0137],[93.143,26.0173],[93.1316,26.0226],[93.129,26.0275],[93.1254,26.0313],[93.1196,26.0345],[93.11,26.0347],[93.0965,26.032],[93.1083,26.0701],[93.1083,26.075],[93.1055,26.0745],[93.1043,26.076],[93.1008,26.0769],[93.0979,26.0768],[93.0925,26.0745],[93.0916,26.0756],[93.0939,26.078],[93.0933,26.0791],[93.0887,26.0774],[93.0866,26.08],[93.0869,26.0838],[93.086,26.0838],[93.083,26.081],[93.0835,26.0797],[93.084,26.0784],[93.0802,26.0794],[93.0784,26.0832],[93.0744,26.0843],[93.074,26.0821],[93.0727,26.0823],[93.0709,26.0825],[93.0706,26.0799],[93.0664,26.0822],[93.0638,26.0812],[93.0592,26.086],[93.0589,26.0881],[93.0548,26.0854],[93.053,26.0851],[93.0524,26.0867],[93.0507,26.0872],[93.046,26.0859],[93.04,26.09],[93.0398,26.0924],[93.0409,26.0964],[93.0378,26.1007],[93.0373,26.1027],[93.0385,26.1042],[93.0392,26.105],[93.0389,26.1065],[93.0373,26.1069],[93.0304,26.1043],[93.0241,26.1077],[93.0235,26.1117],[93.0218,26.1112],[93.0164,26.1128],[93.0161,26.1118],[93.0117,26.1112],[93.0074,26.1148],[93.004,26.1152],[93.0018,26.1174],[92.9999,26.1207],[92.9949,26.1221],[92.9834,26.1273],[92.9744,26.1294],[92.972,26.1281],[92.9703,26.1285],[92.9602,26.1388],[92.9553,26.1388],[92.946,26.1361],[92.9438,26.1373],[92.9377,26.1382],[92.9342,26.141],[92.9328,26.145],[92.9353,26.1465],[92.9351,26.1483],[92.9351,26.1489],[92.9366,26.1504],[92.9439,26.1521],[92.9456,26.1553],[92.9503,26.1588],[92.9507,26.1622],[92.9554,26.1657],[92.9577,26.1694],[92.9583,26.1734],[92.9561,26.1816],[92.9562,26.1852],[92.9554,26.1877],[92.9496,26.1932],[92.9478,26.1973],[92.9443,26.2008],[92.9413,26.2014],[92.9335,26.2008],[92.9291,26.2032],[92.9242,26.2033],[92.9108,26.2016],[92.9015,26.2031],[92.8882,26.2077],[92.8844,26.2084],[92.8725,26.2044],[92.8624,26.2023],[92.8516,26.2014],[92.8439,26.2057],[92.8293,26.2047],[92.8244,26.2062],[92.8175,26.2051],[92.8076,26.2036],[92.8033,26.2021],[92.7973,26.2062],[92.7996,26.2215],[92.8076,26.2186],[92.8122,26.216],[92.8156,26.2163],[92.8208,26.2151],[92.8291,26.2235],[92.8293,26.2271],[92.8278,26.2303],[92.8193,26.2338],[92.8183,26.2384],[92.8216,26.259],[92.8213,26.2628],[92.8219,26.2652],[92.8244,26.2646],[92.8248,26.2708],[92.8279,26.2713],[92.8319,26.2707],[92.8414,26.2805],[92.8433,26.2856],[92.8452,26.2963],[92.8502,26.3043],[92.854,26.3023],[92.8565,26.3023],[92.8579,26.3007],[92.8574,26.3],[92.8567,26.2991],[92.8587,26.2968],[92.8634,26.2939],[92.8732,26.29],[92.8815,26.2856],[92.8844,26.2855],[92.8941,26.2893],[92.8958,26.2906],[92.8982,26.2961],[92.8975,26.2998],[92.896,26.3015],[92.8988,26.3052],[92.9019,26.3077],[92.9112,26.3133],[92.9169,26.3156],[92.9197,26.3158],[92.9218,26.3133],[92.9231,26.3131],[92.9373,26.3222],[92.9418,26.3244],[92.9441,26.3266],[92.9476,26.3359],[92.9452,26.3421],[92.9434,26.3508],[92.94,26.3519],[92.9375,26.3513],[92.9349,26.3519],[92.9318,26.3539],[92.9256,26.3555],[92.9184,26.3542],[92.9163,26.3545],[92.915,26.3553],[92.9141,26.3572],[92.9141,26.3595],[92.9152,26.3623],[92.9204,26.368],[92.9215,26.3734],[92.9267,26.3773],[92.9289,26.3804],[92.9262,26.3818],[92.9243,26.382],[92.9232,26.3821],[92.9224,26.3809],[92.9218,26.38],[92.9196,26.3792],[92.9097,26.3784],[92.9062,26.3827],[92.8959,26.3828],[92.8924,26.3807],[92.8869,26.3793],[92.8853,26.3793],[92.886,26.3818],[92.892,26.3844],[92.8935,26.3891],[92.8953,26.3896],[92.8981,26.3868],[92.8996,26.3881],[92.9053,26.3992],[92.9074,26.3991],[92.9088,26.3943],[92.9091,26.3934],[92.9117,26.3951],[92.9133,26.3961],[92.9145,26.3959],[92.9148,26.3923],[92.9226,26.3946],[92.9289,26.398],[92.9424,26.4019],[92.9446,26.4019],[92.9465,26.3998],[92.9522,26.3963],[92.9533,26.3976],[92.9536,26.4036],[92.9625,26.409],[92.9656,26.4135],[92.967,26.4142],[92.9707,26.4142],[92.9739,26.4155],[92.9784,26.4195],[92.9814,26.4213],[92.9831,26.4211],[92.9876,26.4183],[92.9949,26.4201],[92.9999,26.4231],[93.0063,26.4257],[93.0188,26.4209],[93.0248,26.4214],[93.0326,26.4241],[93.0473,26.4374],[93.0494,26.4345],[93.0544,26.4339],[93.0569,26.4242],[93.0575,26.4212],[93.0563,26.4194],[93.0521,26.4208],[93.0515,26.4172],[93.0525,26.4146],[93.0561,26.4148],[93.0621,26.4166],[93.0679,26.4165],[93.0712,26.4238],[93.0728,26.4229],[93.0728,26.4201],[93.0783,26.4205],[93.0907,26.4313],[93.0962,26.4327],[93.0977,26.4345],[93.0933,26.4342],[93.0862,26.4311],[93.0811,26.4289],[93.0751,26.4293],[93.0732,26.4309],[93.0764,26.4338],[93.0908,26.439],[93.0996,26.4435],[93.1035,26.4465],[93.1094,26.4427],[93.1092,26.441],[93.1037,26.4376],[93.1016,26.435],[93.1023,26.4322],[93.1115,26.4382],[93.1189,26.4406],[93.1165,26.4424],[93.1142,26.4421],[93.1138,26.4442],[93.1156,26.4462],[93.1141,26.4474],[93.111,26.4467],[93.1108,26.4472],[93.1096,26.4492],[93.1238,26.4579],[93.126,26.461],[93.1284,26.4602],[93.1292,26.4631],[93.1316,26.4644],[93.1255,26.4682],[93.119,26.4684],[93.1147,26.4696],[93.1155,26.4719],[93.135,26.4771],[93.1405,26.4839],[93.1402,26.4869],[93.1349,26.4825],[93.1326,26.4805],[93.1323,26.4811],[93.1309,26.4843],[93.1354,26.4893],[93.1324,26.4879],[93.1264,26.4924],[93.1279,26.4936],[93.1296,26.495],[93.1285,26.4971],[93.1248,26.4954],[93.1214,26.494],[93.123,26.4897],[93.125,26.484],[93.1243,26.4818],[93.122,26.4799],[93.1209,26.4829],[93.1203,26.4846],[93.1171,26.484],[93.1134,26.4794],[93.1087,26.4763],[93.1084,26.4742],[93.1056,26.4739],[93.1024,26.4724],[93.1074,26.4708],[93.1099,26.4688],[93.1105,26.4669],[93.1079,26.4656],[93.1065,26.4639],[93.1068,26.4617],[93.1059,26.4599],[93.1027,26.4621],[93.1021,26.4625],[93.096,26.4591],[93.093,26.4591],[93.0926,26.4624],[93.0952,26.4648],[93.0936,26.4683],[93.0832,26.471],[93.0803,26.4695],[93.079,26.4729],[93.0792,26.4763],[93.0758,26.4775],[93.0679,26.4775],[93.069,26.4829],[93.083,26.4877],[93.0874,26.4934],[93.0958,26.4967],[93.0932,26.5],[93.0824,26.4935],[93.0792,26.4943],[93.0778,26.4934],[93.076,26.4924],[93.0757,26.4934],[93.0749,26.4963],[93.0718,26.5003],[93.0704,26.4994],[93.0699,26.4962],[93.0723,26.4933],[93.0721,26.4893],[93.0658,26.4893],[93.0504,26.4878],[93.0475,26.4861],[93.0421,26.4856],[93.0322,26.4814],[93.0254,26.4793],[93.0226,26.4775],[93.0174,26.4777],[93.0125,26.4821],[93.0123,26.4872],[93.0088,26.4937],[93.0145,26.4972],[93.0154,26.5041],[93.0364,26.5128],[93.0423,26.5173],[93.0475,26.5258],[93.0525,26.5264],[93.0482,26.5299],[93.047,26.5354],[93.0638,26.5417],[93.0731,26.5414],[93.0793,26.5429],[93.0887,26.5417],[93.0934,26.5433],[93.0985,26.5402],[93.1049,26.5393],[93.1067,26.5377],[93.1052,26.5339],[93.1078,26.5309],[93.121,26.529],[93.124,26.5323],[93.1214,26.5361],[93.125,26.5378],[93.1337,26.5387],[93.1381,26.5407],[93.1399,26.5473],[93.1462,26.5537],[93.1504,26.5554],[93.1541,26.5494],[93.1581,26.5475],[93.1723,26.5535],[93.1893,26.5675],[93.2004,26.5657],[93.209,26.5614],[93.2139,26.556],[93.2111,26.5512],[93.207,26.548],[93.2027,26.5428],[93.1992,26.5402],[93.1954,26.5418],[93.1912,26.5407],[93.1867,26.5385],[93.1841,26.5346],[93.1803,26.5332],[93.1778,26.5305],[93.164,26.5244],[93.1667,26.5217],[93.1866,26.5296],[93.1921,26.5308],[93.1976,26.5355],[93.2021,26.5339],[93.207,26.5255],[93.2103,26.5179],[93.2115,26.5132],[93.2114,26.5096],[93.216,26.5071],[93.2194,26.5072],[93.2146,26.5186],[93.2143,26.5193],[93.2162,26.5211],[93.221,26.5197],[93.2214,26.5225],[93.2183,26.5233],[93.2148,26.5266],[93.2153,26.5289],[93.222,26.5278],[93.2243,26.5366],[93.2299,26.5353],[93.2337,26.5336],[93.2375,26.5352],[93.2477,26.5304],[93.2478,26.5285],[93.2489,26.5276],[93.2494,26.5272],[93.2518,26.5207],[93.2602,26.5212],[93.276,26.5188],[93.2745,26.5128],[93.2696,26.5096],[93.2694,26.5058],[93.2778,26.5067],[93.2761,26.5121],[93.2796,26.5147],[93.2872,26.5164],[93.2894,26.5155],[93.2895,26.5118],[93.2882,26.5091],[93.2916,26.5083],[93.2938,26.5058],[93.2952,26.5023],[93.2996,26.5036],[93.3002,26.5081],[93.2976,26.5116],[93.2953,26.5174],[93.2921,26.5205],[93.2857,26.5209],[93.2809,26.5201],[93.2762,26.5227],[93.2724,26.5273],[93.2778,26.531],[93.2789,26.5356],[93.2791,26.542],[93.2764,26.5434],[93.2737,26.5405],[93.2689,26.5309],[93.2609,26.5304],[93.2605,26.5327],[93.2671,26.5333],[93.2659,26.5375],[93.2595,26.5416],[93.2568,26.5434],[93.2532,26.5426],[93.2519,26.5451],[93.2622,26.5489],[93.2606,26.5505],[93.2535,26.5503],[93.2411,26.5491],[93.2397,26.5516],[93.2407,26.5551],[93.252,26.5635],[93.254,26.5681],[93.2596,26.5684],[93.2647,26.5675],[93.2768,26.5725],[93.2881,26.5711],[93.2917,26.5732],[93.2977,26.5782],[93.3045,26.5782],[93.3029,26.5772],[93.3002,26.5746],[93.3021,26.5726],[93.309,26.576],[93.3135,26.5766],[93.3157,26.5754],[93.317,26.5783],[93.3217,26.5823],[93.3371,26.5827],[93.3696,26.5814],[93.3803,26.578],[93.3949,26.5778],[93.4041,26.5806],[93.4038,26.5761],[93.4088,26.5744],[93.4035,26.5719],[93.4052,26.5703],[93.4137,26.5675],[93.4191,26.5719],[93.4255,26.5738],[93.4476,26.5765],[93.458,26.5809],[93.4588,26.5796],[93.4563,26.575],[93.4595,26.5741],[93.4658,26.5841],[93.4698,26.5857],[93.4681,26.5801],[93.4647,26.5741],[93.4613,26.5703],[93.4666,26.5685],[93.4709,26.5752],[93.4771,26.5816],[93.4865,26.5828],[93.4934,26.5853],[93.4958,26.5882],[93.4957,26.5908],[93.4901,26.5907],[93.4794,26.5882],[93.4741,26.5904],[93.4735,26.5936],[93.4781,26.5974],[93.4804,26.6016],[93.4852,26.6037],[93.4991,26.6043],[93.499,26.6118],[93.506,26.6086],[93.5103,26.5955],[93.5125,26.5934],[93.5346,26.5949],[93.5439,26.6004],[93.5476,26.6039],[93.5526,26.6042],[93.5573,26.6058],[93.5607,26.6083],[93.5696,26.6071],[93.572,26.6035],[93.5893,26.6035],[93.593,26.5999],[93.5939,26.5973],[93.5894,26.5941],[93.5878,26.5847],[93.5866,26.5815],[93.5891,26.5738],[93.5894,26.5703],[93.5881,26.5684],[93.6048,26.5726],[93.6111,26.5754],[93.6161,26.5767],[93.6182,26.5716],[93.6146,26.5662],[93.6187,26.5674],[93.6235,26.5647],[93.6213,26.57],[93.6262,26.5752],[93.6298,26.5865],[93.6269,26.5905],[93.6379,26.5968],[93.6416,26.5981],[93.6474,26.594],[93.6512,26.5943],[93.6499,26.5975],[93.6502,26.5995],[93.6594,26.6023],[93.6626,26.6027],[93.6667,26.5987],[93.6717,26.6024],[93.6722,26.6038],[93.6773,26.6004],[93.6802,26.6003],[93.6868,26.606],[93.7194,26.6044],[93.7239,26.6035]]],[[[92.53,26.14],[92.5261,26.1322],[92.5256,26.1273],[92.5244,26.1261],[92.5238,26.1244],[92.5246,26.1204],[92.5223,26.1137],[92.5221,26.1045],[92.5234,26.1017],[92.5267,26.1007],[92.5339,26.1005],[92.5361,26.0956],[92.5404,26.0976],[92.5437,26.1022],[92.5473,26.1048],[92.5476,26.1076],[92.5565,26.1133],[92.5604,26.1132],[92.5684,26.1151],[92.5752,26.1139],[92.5759,26.1137],[92.5792,26.11],[92.579,26.0979],[92.5782,26.0957],[92.579,26.0942],[92.5836,26.0894],[92.5913,26.0841],[92.5933,26.0838],[92.5993,26.0761],[92.598,26.0684],[92.5894,26.0579],[92.5875,26.054],[92.5863,26.0423],[92.5833,26.0347],[92.5846,26.03],[92.5882,26.0275],[92.5916,26.0274],[92.5956,26.0257],[92.5948,26.0218],[92.5855,26.018],[92.58,26.0165],[92.5728,26.0117],[92.5697,26.0065],[92.5712,26.0044],[92.573,26.0035],[92.5729,26.0008],[92.565,25.9893],[92.5573,25.9765],[92.5522,25.9701],[92.5603,25.964],[92.5733,25.9607],[92.5765,25.9612],[92.5785,25.9637],[92.5815,25.9647],[92.5897,25.9641],[92.5937,25.9645],[92.6009,25.9755],[92.6067,25.9756],[92.6083,25.9748],[92.6154,25.9774],[92.6241,25.9844],[92.6288,25.9851],[92.6325,25.988],[92.6372,25.989],[92.6377,25.9919],[92.642,25.9967],[92.6476,25.9979],[92.6584,25.9986],[92.66,26.0007],[92.6601,26.0031],[92.6617,26.0062],[92.6597,26.0109],[92.6604,26.0152],[92.6586,26.0192],[92.6592,26.0199],[92.6655,26.0233],[92.6709,26.028],[92.6764,26.026],[92.6771,26.0246],[92.6797,26.0254],[92.6808,26.0257],[92.6841,26.0245],[92.6838,26.026],[92.6845,26.0267],[92.6872,26.0255],[92.6885,26.0232],[92.6925,26.0226],[92.6937,26.0209],[92.6965,26.0189],[92.6988,26.0202],[92.7,26.0201],[92.704,26.0183],[92.708,26.0204],[92.7101,26.0182],[92.7114,26.0194],[92.7121,26.0191],[92.714,26.0181],[92.7173,26.0214],[92.7174,26.0236],[92.716,26.0274],[92.719,26.031],[92.718,26.0356],[92.714,26.0381],[92.7129,26.0431],[92.7145,26.049],[92.7194,26.0566],[92.7205,26.0574],[92.7527,26.061],[92.7541,26.0565],[92.7567,26.0525],[92.7541,26.0466],[92.7507,26.0433],[92.7495,26.0403],[92.752,26.0383],[92.7602,26.0366],[92.7612,26.0334],[92.7655,26.0301],[92.7647,26.0254],[92.761,26.0205],[92.7603,26.0164],[92.7618,26.0147],[92.7736,26.0157],[92.7801,26.0145],[92.784,26.0117],[92.7848,26.0094],[92.7835,26.0081],[92.7675,26.0065],[92.7651,26.0056],[92.7631,26.0041],[92.7622,26.0006],[92.7632,25.9989],[92.7656,25.9979],[92.7753,25.9997],[92.7779,25.9995],[92.7798,25.9987],[92.7807,25.9967],[92.7771,25.9937],[92.7704,25.9933],[92.7681,25.9931],[92.764,25.9901],[92.7648,25.988],[92.7678,25.9892],[92.7684,25.9894],[92.7723,25.9892],[92.7725,25.9882],[92.7689,25.9844],[92.7686,25.9817],[92.7701,25.9764],[92.7652,25.964],[92.7657,25.9618],[92.7711,25.9528],[92.7764,25.9499],[92.7802,25.9496],[92.7827,25.9504],[92.7857,25.9522],[92.7922,25.9589],[92.8001,25.963],[92.8065,25.9603],[92.8094,25.9572],[92.81,25.9543],[92.8095,25.954],[92.8021,25.9552],[92.7985,25.9541],[92.798,25.9417],[92.7947,25.9389],[92.7943,25.9364],[92.8002,25.9288],[92.803,25.9213],[92.8052,25.9186],[92.8104,25.918],[92.8138,25.9213],[92.8206,25.9231],[92.824,25.9224],[92.8303,25.9176],[92.8377,25.9133],[92.8457,25.9178],[92.8516,25.923],[92.8551,25.9232],[92.8592,25.9218],[92.8495,25.9047],[92.8526,25.8998],[92.8577,25.8889],[92.862,25.8834],[92.8675,25.8789],[92.8696,25.873],[92.8719,25.8693],[92.8721,25.8664],[92.8748,25.8671],[92.8755,25.867],[92.8769,25.8668],[92.8891,25.8695],[92.8906,25.867],[92.8951,25.8655],[92.9046,25.8659],[92.9113,25.8673],[92.9315,25.8689],[92.966,25.8745],[92.9832,25.8744],[92.9872,25.8751],[92.9967,25.8605],[92.9989,25.8559],[93,25.854],[93.012,25.8459],[93.0129,25.8391],[93.0167,25.8319],[93.0231,25.8247],[93.0281,25.8162],[93.0348,25.8084],[93.049,25.7946],[93.0576,25.7887],[93.0635,25.7837],[93.078,25.7817],[93.0782,25.7767],[93.0748,25.7764],[93.0726,25.7746],[93.0633,25.778],[93.0541,25.7798],[93.0372,25.7879],[93.0307,25.7911],[93.0269,25.7957],[93.0203,25.7958],[93.0175,25.7898],[93.011,25.7914],[93.0075,25.8063],[93,25.8197],[92.9927,25.8233],[92.991,25.8219],[92.9893,25.8195],[92.9853,25.809],[92.9854,25.8063],[92.9893,25.8028],[92.9911,25.7953],[92.9895,25.7867],[92.986,25.7832],[92.9828,25.7862],[92.9844,25.7904],[92.9838,25.7909],[92.9766,25.7875],[92.9729,25.7847],[92.971,25.784],[92.9699,25.7846],[92.9697,25.7858],[92.9722,25.7901],[92.9698,25.7931],[92.9588,25.8005],[92.9586,25.8054],[92.9602,25.8087],[92.9671,25.815],[92.9677,25.8166],[92.9657,25.8174],[92.9632,25.817],[92.9548,25.8106],[92.9531,25.8107],[92.9449,25.8047],[92.9367,25.8059],[92.9314,25.8076],[92.9326,25.803],[92.9291,25.7849],[92.9299,25.7808],[92.9277,25.7764],[92.9222,25.7707],[92.9154,25.7697],[92.9113,25.7666],[92.9072,25.7647],[92.8926,25.7605],[92.8875,25.7579],[92.8701,25.7549],[92.8576,25.7511],[92.851,25.7511],[92.8441,25.749],[92.8387,25.7494],[92.8358,25.7473],[92.8341,25.7445],[92.8328,25.7438],[92.8292,25.7436],[92.8235,25.741],[92.8223,25.7399],[92.8222,25.736],[92.8244,25.728],[92.8241,25.7252],[92.8194,25.7127],[92.817,25.7107],[92.8128,25.702],[92.8067,25.7005],[92.8004,25.6908],[92.7988,25.6886],[92.7937,25.6879],[92.7906,25.6855],[92.7818,25.6811],[92.7779,25.6779],[92.7795,25.6743],[92.7851,25.6683],[92.7889,25.661],[92.7885,25.6555],[92.7818,25.6471],[92.7729,25.6395],[92.7703,25.6339],[92.7638,25.6286],[92.7637,25.626],[92.7682,25.6217],[92.7684,25.619],[92.7665,25.6166],[92.7637,25.6176],[92.7532,25.6129],[92.751,25.6064],[92.7523,25.6037],[92.7508,25.6001],[92.7473,25.5975],[92.742,25.5952],[92.7201,25.59],[92.7191,25.59],[92.7157,25.5991],[92.7119,25.5998],[92.7095,25.5993],[92.7032,25.5997],[92.6984,25.5982],[92.6921,25.5939],[92.6826,25.5845],[92.6819,25.5813],[92.6855,25.5791],[92.6838,25.5767],[92.6701,25.5733],[92.6675,25.5729],[92.6662,25.5737],[92.6648,25.5716],[92.664,25.5754],[92.6616,25.5794],[92.6614,25.5827],[92.6585,25.5867],[92.6544,25.5898],[92.6521,25.5904],[92.6493,25.59],[92.6415,25.585],[92.6351,25.5765],[92.6342,25.5724],[92.6315,25.5683],[92.6298,25.5671],[92.627,25.5657],[92.622,25.566],[92.6134,25.5632],[92.6096,25.5634],[92.6044,25.5588],[92.6035,25.5551],[92.5944,25.5516],[92.5884,25.5507],[92.5824,25.5575],[92.5771,25.5574],[92.5735,25.5581],[92.5705,25.5622],[92.5657,25.566],[92.562,25.572],[92.5619,25.5805],[92.5574,25.5906],[92.5583,25.594],[92.5572,25.6036],[92.5597,25.6067],[92.5587,25.6098],[92.5543,25.6116],[92.5456,25.612],[92.5415,25.6156],[92.5343,25.6138],[92.5184,25.6179],[92.5117,25.615],[92.5028,25.6208],[92.499,25.6248],[92.4944,25.634],[92.4895,25.6479],[92.4826,25.6618],[92.4759,25.6712],[92.4728,25.6729],[92.4667,25.6804],[92.4611,25.6809],[92.4565,25.6822],[92.4526,25.6845],[92.4443,25.6856],[92.4413,25.6872],[92.4417,25.6861],[92.4356,25.6855],[92.4334,25.689],[92.4346,25.6932],[92.4328,25.7022],[92.4285,25.7084],[92.431,25.7112],[92.4378,25.7136],[92.4433,25.7188],[92.4345,25.7294],[92.4334,25.7299],[92.4227,25.7274],[92.4183,25.7277],[92.4141,25.731],[92.4146,25.732],[92.4138,25.7354],[92.4178,25.7385],[92.4121,25.7411],[92.4062,25.7417],[92.3962,25.7395],[92.3935,25.7406],[92.3884,25.7411],[92.3864,25.7428],[92.385,25.7455],[92.3858,25.7484],[92.3884,25.7505],[92.3865,25.7516],[92.3729,25.7445],[92.369,25.7404],[92.3697,25.7385],[92.3644,25.7346],[92.3533,25.7329],[92.3495,25.73],[92.3405,25.725],[92.335,25.7233],[92.3191,25.7219],[92.3154,25.7228],[92.313,25.7242],[92.3098,25.7243],[92.3076,25.7213],[92.2951,25.7155],[92.2895,25.7141],[92.2861,25.714],[92.272,25.7091],[92.2624,25.7085],[92.2572,25.7089],[92.2551,25.7083],[92.2496,25.7092],[92.2384,25.7066],[92.2363,25.707],[92.2354,25.7083],[92.2342,25.7133],[92.2306,25.7145],[92.2265,25.7122],[92.2122,25.6942],[92.2031,25.688],[92.2016,25.6856],[92.1999,25.6846],[92.1985,25.6852],[92.1956,25.6844],[92.1935,25.6846],[92.1895,25.6817],[92.1864,25.6794],[92.1765,25.6685],[92.1725,25.6652],[92.1713,25.6647],[92.166,25.6676],[92.1623,25.6702],[92.1621,25.6716],[92.1671,25.6767],[92.1659,25.6832],[92.1621,25.6892],[92.1631,25.6943],[92.1592,25.6994],[92.1575,25.7075],[92.1527,25.7102],[92.1512,25.7129],[92.1527,25.7177],[92.1554,25.721],[92.1579,25.7231],[92.1626,25.7246],[92.1659,25.7271],[92.1672,25.7328],[92.1665,25.7431],[92.1599,25.7555],[92.1591,25.7603],[92.1577,25.7629],[92.1558,25.7713],[92.1559,25.7751],[92.1569,25.777],[92.1527,25.782],[92.1529,25.7858],[92.1554,25.7938],[92.1549,25.8111],[92.1575,25.8149],[92.1649,25.8202],[92.165,25.8241],[92.1673,25.8314],[92.1711,25.8337],[92.1732,25.8361],[92.177,25.8449],[92.1801,25.8464],[92.1827,25.8497],[92.1826,25.8615],[92.1809,25.8662],[92.1817,25.8685],[92.1829,25.8699],[92.1887,25.8731],[92.1968,25.8796],[92.2051,25.8884],[92.2082,25.8898],[92.2147,25.8904],[92.2174,25.8921],[92.22,25.8985],[92.2257,25.899],[92.2268,25.8999],[92.2273,25.9053],[92.2257,25.9085],[92.2244,25.9096],[92.2194,25.9082],[92.2094,25.9088],[92.207,25.907],[92.2024,25.9066],[92.1996,25.9096],[92.1989,25.912],[92.199,25.9164],[92.1939,25.9141],[92.1886,25.9141],[92.1855,25.9112],[92.185,25.9093],[92.1828,25.9069],[92.1762,25.9075],[92.1656,25.9101],[92.1618,25.9136],[92.1621,25.9243],[92.1633,25.9309],[92.1594,25.9377],[92.1581,25.9414],[92.1583,25.9432],[92.1627,25.9499],[92.1673,25.9523],[92.1693,25.9571],[92.1675,25.9628],[92.1694,25.966],[92.1751,25.9706],[92.1789,25.9715],[92.1829,25.9736],[92.1936,25.9835],[92.2029,25.9839],[92.2093,25.9865],[92.211,25.988],[92.2106,25.9887],[92.2097,25.9901],[92.2129,25.993],[92.2171,25.9946],[92.2211,25.9991],[92.2234,26.0006],[92.2577,26.0272],[92.3035,26.0747],[92.304,26.075],[92.3093,26.078],[92.3113,26.0774],[92.3125,26.0747],[92.3142,26.0743],[92.3149,26.0754],[92.3142,26.0816],[92.3162,26.0868],[92.3202,26.0914],[92.328,26.0963],[92.3331,26.097],[92.3471,26.1029],[92.3457,26.1068],[92.3483,26.1079],[92.3527,26.108],[92.3577,26.1102],[92.3706,26.1205],[92.3737,26.1307],[92.3794,26.1317],[92.3848,26.1357],[92.3881,26.1397],[92.3917,26.1407],[92.4023,26.1382],[92.4135,26.1355],[92.415,26.1333],[92.4128,26.1291],[92.4076,26.1251],[92.4082,26.1224],[92.406,26.1191],[92.4061,26.1177],[92.4189,26.1183],[92.4219,26.1185],[92.4319,26.1103],[92.4348,26.1152],[92.435,26.1199],[92.4367,26.1215],[92.444,26.1219],[92.4442,26.1236],[92.4478,26.1259],[92.4543,26.1341],[92.4573,26.1349],[92.4602,26.1345],[92.4615,26.1373],[92.4684,26.1428],[92.4712,26.1463],[92.475,26.1465],[92.4767,26.1456],[92.4775,26.1418],[92.4784,26.1416],[92.4875,26.1467],[92.4937,26.149],[92.5,26.1489],[92.5026,26.1485],[92.5068,26.1463],[92.5093,26.1426],[92.5114,26.1411],[92.5171,26.1449],[92.5229,26.1501],[92.5281,26.148],[92.5306,26.1428],[92.53,26.14]]]]},"properties":{"district_name":"Karbi Anglong","raw_district_name":"Karbi Anglong","state_code":"AS","state_name":"Assam","census_code":314,"data_source":"DataMeet India Maps (Census 2011 Boundaries)"}},{"type":"Feature","geometry":{"type":"Polygon","coordinates":[[[92.4989,24.874],[92.5036,24.8721],[92.5036,24.8721],[92.5095,24.874],[92.5162,24.8749],[92.5198,24.8718],[92.5191,24.8712],[92.5207,24.8695],[92.5258,24.8587],[92.5258,24.8587],[92.5305,24.8594],[92.5305,24.8594],[92.5352,24.8617],[92.5364,24.8619],[92.5411,24.863],[92.5411,24.863],[92.5411,24.863],[92.5456,24.8651],[92.5527,24.8701],[92.5603,24.8721],[92.5728,24.87],[92.578,24.8683],[92.5891,24.8619],[92.5891,24.8619],[92.5891,24.8619],[92.589,24.8581],[92.5866,24.8491],[92.5812,24.839],[92.5735,24.8317],[92.5634,24.8195],[92.5546,24.8142],[92.551,24.8095],[92.548,24.804],[92.5479,24.802],[92.5451,24.7986],[92.5441,24.793],[92.5441,24.793],[92.5447,24.7894],[92.5463,24.7824],[92.5479,24.7794],[92.5476,24.7773],[92.5432,24.7721],[92.5456,24.764],[92.5449,24.7599],[92.5331,24.7498],[92.5272,24.7461],[92.523,24.7403],[92.5234,24.7362],[92.5223,24.7295],[92.5228,24.724],[92.5219,24.7214],[92.5157,24.7145],[92.5139,24.7106],[92.5112,24.7098],[92.5112,24.7098],[92.5105,24.7089],[92.5056,24.6998],[92.504,24.6909],[92.5013,24.6861],[92.4984,24.6831],[92.4972,24.6795],[92.4973,24.674],[92.503,24.6652],[92.5041,24.6621],[92.5043,24.6607],[92.5033,24.6584],[92.5053,24.6488],[92.5053,24.6429],[92.5067,24.6345],[92.5066,24.6268],[92.5074,24.6256],[92.5103,24.6256],[92.5109,24.6245],[92.5102,24.6238],[92.5087,24.6166],[92.5092,24.603],[92.5053,24.6034],[92.5058,24.5914],[92.5141,24.5778],[92.5168,24.5762],[92.5169,24.5738],[92.5191,24.567],[92.5163,24.5523],[92.5084,24.5324],[92.5105,24.5225],[92.5084,24.5153],[92.5075,24.5083],[92.5088,24.5014],[92.5089,24.4957],[92.5063,24.4887],[92.5063,24.4887],[92.5105,24.4798],[92.5079,24.4698],[92.5082,24.4654],[92.5069,24.459],[92.506,24.451],[92.507,24.4442],[92.5065,24.4375],[92.5021,24.42],[92.5007,24.4112],[92.5004,24.4001],[92.4962,24.3922],[92.4955,24.387],[92.4959,24.3809],[92.4924,24.3732],[92.4924,24.3675],[92.4834,24.3503],[92.4819,24.3462],[92.4816,24.3409],[92.4767,24.3228],[92.4703,24.3094],[92.4639,24.2987],[92.4545,24.2867],[92.4455,24.2732],[92.4393,24.2682],[92.4326,24.2537],[92.4253,24.2501],[92.4235,24.2511],[92.4221,24.2511],[92.4162,24.2514],[92.4066,24.2499],[92.3954,24.2505],[92.3763,24.2494],[92.3139,24.2508],[92.3104,24.2495],[92.3034,24.2509],[92.2965,24.2499],[92.2917,24.2495],[92.2847,24.2502],[92.2595,24.2487],[92.2404,24.2489],[92.2128,24.2476],[92.2641,24.3604],[92.2681,24.3655],[92.2676,24.3715],[92.2683,24.373],[92.2723,24.3758],[92.2725,24.3776],[92.2699,24.3804],[92.2727,24.3844],[92.2731,24.3867],[92.2705,24.3891],[92.2699,24.393],[92.2642,24.3958],[92.2627,24.403],[92.2627,24.403],[92.2633,24.4063],[92.2628,24.408],[92.2628,24.408],[92.2594,24.4117],[92.256,24.4172],[92.2576,24.4307],[92.2566,24.4345],[92.2393,24.4455],[92.2362,24.4485],[92.2361,24.452],[92.2352,24.4547],[92.2324,24.4567],[92.2312,24.4586],[92.2313,24.4637],[92.2291,24.4702],[92.2304,24.4783],[92.234,24.483],[92.2396,24.4882],[92.2368,24.4911],[92.2365,24.4926],[92.2356,24.495],[92.2352,24.4964],[92.2348,24.4976],[92.2345,24.4985],[92.2334,24.5017],[92.234,24.5058],[92.2337,24.5201],[92.2337,24.5274],[92.2323,24.537],[92.2325,24.5439],[92.2341,24.5523],[92.2341,24.5615],[92.234,24.5722],[92.2334,24.581],[92.2315,24.5887],[92.2291,24.5944],[92.224,24.5986],[92.2215,24.6053],[92.2225,24.6089],[92.2271,24.6142],[92.2318,24.6183],[92.2342,24.6221],[92.2375,24.6295],[92.2399,24.637],[92.2401,24.644],[92.2396,24.6482],[92.2363,24.6529],[92.2331,24.6572],[92.2289,24.6626],[92.2274,24.6664],[92.2254,24.6727],[92.2262,24.68],[92.2287,24.6845],[92.2314,24.6914],[92.2337,24.6968],[92.2394,24.7016],[92.2445,24.7033],[92.2494,24.7026],[92.2574,24.7013],[92.261,24.7044],[92.2635,24.7078],[92.2661,24.7124],[92.2672,24.7214],[92.2672,24.728],[92.2679,24.7327],[92.2705,24.7426],[92.2706,24.7477],[92.2697,24.7513],[92.2681,24.7588],[92.2645,24.7641],[92.2648,24.7691],[92.2658,24.7741],[92.268,24.7778],[92.2703,24.7807],[92.2735,24.7829],[92.2788,24.7852],[92.2831,24.7872],[92.2831,24.7913],[92.2796,24.7948],[92.2746,24.8014],[92.2742,24.8063],[92.2737,24.8166],[92.2727,24.8228],[92.2718,24.8287],[92.2641,24.8314],[92.2589,24.8294],[92.2533,24.8293],[92.2475,24.8331],[92.2475,24.8392],[92.2488,24.8439],[92.249,24.8493],[92.2469,24.853],[92.2418,24.8569],[92.237,24.861],[92.2363,24.8657],[92.2431,24.8696],[92.2463,24.8725],[92.2496,24.8777],[92.2534,24.8815],[92.2536,24.886],[92.252,24.8917],[92.2471,24.8959],[92.2435,24.9001],[92.2436,24.9039],[92.2505,24.9077],[92.2587,24.9088],[92.2702,24.9097],[92.2765,24.9093],[92.2807,24.9078],[92.2855,24.9077],[92.2922,24.9104],[92.2986,24.9158],[92.3032,24.916],[92.3077,24.9162],[92.3126,24.9102],[92.3126,24.9049],[92.3151,24.9007],[92.3245,24.8973],[92.332,24.8933],[92.338,24.8881],[92.3431,24.8829],[92.3489,24.8829],[92.3509,24.8877],[92.3557,24.8902],[92.3575,24.8858],[92.3627,24.8812],[92.3656,24.8775],[92.3693,24.8751],[92.3742,24.8746],[92.3793,24.8725],[92.382,24.8697],[92.3854,24.8619],[92.3961,24.8551],[92.4027,24.8553],[92.4074,24.8592],[92.4108,24.8635],[92.4166,24.864],[92.4205,24.8602],[92.4241,24.858],[92.4304,24.8574],[92.438,24.8596],[92.4433,24.8685],[92.4511,24.8742],[92.4574,24.8758],[92.4644,24.8753],[92.4735,24.8715],[92.4813,24.8682],[92.4872,24.8668],[92.4933,24.8667],[92.4978,24.8679],[92.4989,24.874]]]},"properties":{"district_name":"Karimganj","raw_district_name":"Karimganj","state_code":"AS","state_name":"Assam","census_code":317,"data_source":"DataMeet India Maps (Census 2011 Boundaries)"}},{"type":"Feature","geometry":{"type":"Polygon","coordinates":[[[90.4251,26.8986],[90.4283,26.8875],[90.429,26.8794],[90.4282,26.8663],[90.4264,26.8515],[90.4256,26.8415],[90.4248,26.8316],[90.4234,26.8226],[90.4255,26.8153],[90.425,26.8075],[90.4219,26.8002],[90.4217,26.7938],[90.4214,26.7892],[90.4219,26.7846],[90.4248,26.7791],[90.4274,26.7757],[90.429,26.7695],[90.428,26.765],[90.428,26.7602],[90.4312,26.7562],[90.4327,26.7519],[90.4331,26.7467],[90.4312,26.7429],[90.4273,26.7393],[90.427,26.7387],[90.4255,26.7347],[90.4251,26.7298],[90.4223,26.7243],[90.4215,26.7209],[90.4214,26.718],[90.4216,26.7153],[90.4207,26.7112],[90.4189,26.7094],[90.4155,26.708],[90.4111,26.7067],[90.4098,26.7047],[90.4084,26.7038],[90.4065,26.7029],[90.4057,26.7011],[90.4052,26.6999],[90.406,26.6979],[90.407,26.6969],[90.4068,26.6913],[90.4044,26.6881],[90.4016,26.6844],[90.3997,26.6806],[90.4007,26.6801],[90.4023,26.6789],[90.403,26.6777],[90.4012,26.6764],[90.3984,26.6763],[90.3956,26.6757],[90.3934,26.67],[90.392,26.6668],[90.3906,26.6642],[90.3893,26.6616],[90.3879,26.6593],[90.3876,26.6556],[90.3853,26.6523],[90.3771,26.6438],[90.3748,26.6402],[90.3724,26.6387],[90.371,26.639],[90.3695,26.64],[90.3684,26.6398],[90.3684,26.6388],[90.3683,26.6377],[90.3693,26.6366],[90.3692,26.6355],[90.3681,26.6342],[90.3659,26.6331],[90.3647,26.6314],[90.3651,26.6298],[90.367,26.6277],[90.3669,26.627],[90.3658,26.6262],[90.3642,26.6255],[90.3616,26.6229],[90.3593,26.6204],[90.3582,26.6199],[90.3561,26.6185],[90.3562,26.6166],[90.3574,26.6145],[90.3572,26.6128],[90.3551,26.6104],[90.3548,26.608],[90.3559,26.6063],[90.3559,26.6048],[90.3568,26.6025],[90.3582,26.6014],[90.3587,26.6001],[90.3598,26.5983],[90.3613,26.5978],[90.3638,26.5974],[90.3637,26.5966],[90.3636,26.5951],[90.3638,26.594],[90.365,26.5926],[90.3663,26.5914],[90.3679,26.5895],[90.3676,26.5862],[90.3681,26.5832],[90.367,26.5816],[90.366,26.5798],[90.3658,26.5789],[90.3652,26.5779],[90.3639,26.578],[90.3609,26.5786],[90.359,26.5778],[90.3558,26.5743],[90.3549,26.5734],[90.3537,26.5716],[90.3548,26.5704],[90.3564,26.5692],[90.3589,26.5675],[90.3593,26.5657],[90.3585,26.5645],[90.3553,26.5636],[90.3538,26.5631],[90.3538,26.5608],[90.3541,26.5596],[90.3541,26.5582],[90.3552,26.5552],[90.358,26.5544],[90.3606,26.5543],[90.3614,26.5532],[90.3605,26.5518],[90.3596,26.5515],[90.3582,26.5506],[90.357,26.5492],[90.3576,26.5484],[90.3605,26.5485],[90.3627,26.5485],[90.365,26.5459],[90.368,26.5438],[90.3704,26.5422],[90.3719,26.5422],[90.3752,26.5438],[90.3778,26.544],[90.3806,26.5429],[90.3824,26.5414],[90.3824,26.5363],[90.3821,26.5331],[90.3829,26.5309],[90.3852,26.5305],[90.3881,26.5315],[90.3909,26.5304],[90.3916,26.5295],[90.3923,26.5278],[90.3917,26.5262],[90.3883,26.5226],[90.386,26.5206],[90.3852,26.518],[90.3864,26.5168],[90.3885,26.515],[90.3906,26.5154],[90.3934,26.5169],[90.3948,26.5191],[90.3978,26.5208],[90.4004,26.5198],[90.4025,26.5167],[90.4009,26.5142],[90.3988,26.5129],[90.397,26.5113],[90.3964,26.5091],[90.3973,26.5079],[90.3984,26.5069],[90.3995,26.5065],[90.4009,26.506],[90.4022,26.5045],[90.4013,26.5026],[90.3996,26.5],[90.3971,26.4987],[90.396,26.4975],[90.3958,26.4951],[90.396,26.4934],[90.3978,26.4928],[90.4024,26.492],[90.4036,26.4907],[90.4039,26.4891],[90.4027,26.4879],[90.4006,26.4868],[90.3977,26.4865],[90.396,26.486],[90.3946,26.4835],[90.3949,26.4805],[90.3963,26.4779],[90.3995,26.4755],[90.4015,26.4717],[90.4021,26.4686],[90.4021,26.4655],[90.4005,26.4592],[90.4004,26.4572],[90.4009,26.4533],[90.4012,26.4487],[90.4016,26.4466],[90.4035,26.4448],[90.4056,26.443],[90.4069,26.4404],[90.4091,26.4369],[90.4093,26.4352],[90.4101,26.4332],[90.4035,26.4137],[90.3995,26.4013],[90.3976,26.391],[90.3975,26.391],[90.3989,26.3879],[90.3986,26.3854],[90.3935,26.3802],[90.3912,26.3765],[90.3895,26.3704],[90.3881,26.3708],[90.3867,26.3733],[90.3863,26.3741],[90.3847,26.3718],[90.3844,26.3714],[90.3819,26.3699],[90.3834,26.3677],[90.3859,26.3662],[90.3999,26.3627],[90.4053,26.3631],[90.4173,26.3623],[90.4242,26.3633],[90.4264,26.3648],[90.429,26.36],[90.4291,26.3599],[90.4166,26.3453],[90.4114,26.3405],[90.4077,26.3398],[90.4026,26.3387],[90.3988,26.3348],[90.3951,26.3304],[90.3903,26.3273],[90.3866,26.3241],[90.3821,26.3216],[90.377,26.3192],[90.3754,26.3166],[90.3751,26.3129],[90.377,26.3091],[90.3783,26.3053],[90.3785,26.3008],[90.3782,26.2965],[90.3767,26.294],[90.3748,26.2935],[90.3728,26.2926],[90.3681,26.2916],[90.3625,26.292],[90.3565,26.2925],[90.3513,26.2883],[90.347,26.2839],[90.339,26.2808],[90.3335,26.2793],[90.3282,26.2781],[90.3234,26.279],[90.3208,26.2815],[90.3177,26.2887],[90.318,26.2942],[90.3191,26.2994],[90.3237,26.3052],[90.3282,26.3125],[90.3323,26.3179],[90.336,26.3225],[90.3398,26.3286],[90.3432,26.3341],[90.3492,26.3384],[90.3536,26.3414],[90.3567,26.3446],[90.3584,26.3494],[90.3566,26.3531],[90.3535,26.3553],[90.3497,26.3598],[90.3484,26.3686],[90.347,26.3704],[90.3438,26.3703],[90.3388,26.3667],[90.3373,26.3641],[90.3341,26.3613],[90.3308,26.3604],[90.3291,26.3613],[90.323,26.3563],[90.3208,26.3553],[90.3199,26.3528],[90.3136,26.3481],[90.3128,26.3503],[90.3092,26.3452],[90.3049,26.3427],[90.3019,26.3379],[90.3019,26.3379],[90.2948,26.3386],[90.2947,26.3386],[90.2896,26.3363],[90.292,26.3333],[90.2925,26.3309],[90.2904,26.3258],[90.2892,26.3232],[90.2872,26.3216],[90.2825,26.3198],[90.2775,26.3231],[90.2763,26.3277],[90.2753,26.3286],[90.275,26.3288],[90.2721,26.3304],[90.2709,26.331],[90.2602,26.3343],[90.2575,26.3347],[90.2567,26.3307],[90.255,26.328],[90.2549,26.3279],[90.2537,26.327],[90.2524,26.3262],[90.2512,26.3261],[90.2495,26.3274],[90.2456,26.3279],[90.2456,26.3279],[90.2439,26.3252],[90.2407,26.3238],[90.2407,26.3237],[90.2302,26.3325],[90.2252,26.3298],[90.2214,26.3293],[90.2207,26.3316],[90.2312,26.3495],[90.2227,26.3494],[90.2189,26.3504],[90.2213,26.3525],[90.2259,26.3523],[90.2318,26.3545],[90.236,26.3618],[90.2363,26.3652],[90.2345,26.3699],[90.2286,26.3732],[90.2303,26.3791],[90.2302,26.3826],[90.2287,26.3853],[90.2287,26.3854],[90.2229,26.3838],[90.209,26.3769],[90.2108,26.3624],[90.208,26.3587],[90.1971,26.353],[90.1912,26.3452],[90.1813,26.3452],[90.1763,26.3423],[90.1742,26.3424],[90.1711,26.3456],[90.1567,26.3528],[90.1566,26.3528],[90.1543,26.353],[90.1435,26.3494],[90.1223,26.3391],[90.1092,26.3293],[90.1051,26.3266],[90.1066,26.3257],[90.112,26.3248],[90.1188,26.3241],[90.1212,26.3214],[90.1181,26.3187],[90.1155,26.3181],[90.1111,26.3169],[90.1086,26.3149],[90.1078,26.3121],[90.1133,26.3084],[90.1184,26.3081],[90.1241,26.3041],[90.127,26.3005],[90.1293,26.297],[90.1327,26.2932],[90.1358,26.2922],[90.1413,26.2918],[90.1448,26.2926],[90.1482,26.2919],[90.1509,26.2868],[90.1524,26.2802],[90.15,26.2749],[90.1442,26.2706],[90.1365,26.2675],[90.1319,26.2647],[90.1291,26.2623],[90.1233,26.2611],[90.1219,26.2578],[90.1212,26.2527],[90.1213,26.2439],[90.1212,26.2384],[90.124,26.2336],[90.1261,26.2314],[90.133,26.2283],[90.1369,26.226],[90.1373,26.2237],[90.1367,26.2167],[90.1368,26.2105],[90.1395,26.2046],[90.1405,26.203],[90.1388,26.1997],[90.1348,26.1963],[90.1293,26.1954],[90.1238,26.1952],[90.1178,26.1956],[90.1125,26.1947],[90.1018,26.1899],[90.0949,26.1857],[90.0831,26.1792],[90.0717,26.1727],[90.066,26.1661],[90.0578,26.1562],[90.0568,26.1475],[90.0576,26.1433],[90.0561,26.139],[90.0507,26.1357],[90.0443,26.1309],[90.0335,26.1288],[90.0217,26.1319],[90.0004,26.1426],[89.9862,26.145],[89.9771,26.1453],[89.9651,26.1427],[89.9466,26.138],[89.9441,26.1392],[89.9287,26.1365],[89.9196,26.1348],[89.9139,26.1341],[89.9002,26.1352],[89.8842,26.1367],[89.8786,26.1423],[89.879,26.1441],[89.8731,26.1457],[89.8708,26.1498],[89.8688,26.1528],[89.8691,26.1574],[89.8704,26.1622],[89.872,26.1686],[89.8701,26.1768],[89.8694,26.1797],[89.87,26.1827],[89.8716,26.1847],[89.8741,26.1884],[89.8735,26.1911],[89.8712,26.1912],[89.8666,26.1876],[89.8642,26.1867],[89.8604,26.1885],[89.86,26.1917],[89.8622,26.1941],[89.8678,26.1961],[89.8707,26.2001],[89.8717,26.2047],[89.8705,26.2086],[89.8664,26.2102],[89.8612,26.2173],[89.8612,26.2214],[89.8644,26.2259],[89.8682,26.2298],[89.8701,26.2325],[89.8678,26.2358],[89.864,26.2389],[89.8574,26.2429],[89.8557,26.2471],[89.8552,26.2518],[89.8532,26.2553],[89.8546,26.2589],[89.8586,26.2589],[89.8655,26.2585],[89.8679,26.2591],[89.8694,26.2603],[89.8715,26.2648],[89.8713,26.2698],[89.8738,26.2766],[89.8758,26.2803],[89.8775,26.2828],[89.8807,26.2912],[89.884,26.2967],[89.8857,26.3031],[89.8867,26.3056],[89.888,26.3084],[89.8882,26.3086],[89.891,26.3131],[89.8918,26.3172],[89.8948,26.3205],[89.8963,26.3241],[89.8964,26.3249],[89.898,26.3267],[89.9009,26.3286],[89.9014,26.3303],[89.9009,26.3316],[89.8994,26.334],[89.9003,26.337],[89.8984,26.3403],[89.8915,26.3411],[89.8879,26.3434],[89.8879,26.3461],[89.892,26.3475],[89.8939,26.3497],[89.8932,26.3537],[89.8903,26.3552],[89.8909,26.3577],[89.8929,26.3587],[89.8918,26.3601],[89.8896,26.3621],[89.8873,26.3651],[89.8851,26.3694],[89.8828,26.3726],[89.8792,26.3747],[89.8748,26.3748],[89.8683,26.3754],[89.8663,26.3768],[89.8615,26.3798],[89.8601,26.3821],[89.8622,26.3844],[89.8622,26.3844],[89.8581,26.3959],[89.8553,26.3982],[89.854,26.3999],[89.8518,26.4027],[89.851,26.3977],[89.8501,26.3957],[89.8495,26.3943],[89.8457,26.3911],[89.8454,26.3908],[89.8357,26.3901],[89.8356,26.3901],[89.833,26.3934],[89.8323,26.3964],[89.8345,26.4032],[89.8383,26.4122],[89.8384,26.4122],[89.8413,26.4112],[89.8499,26.4102],[89.8499,26.4102],[89.8548,26.4141],[89.8527,26.4197],[89.8528,26.4217],[89.8548,26.4222],[89.858,26.4245],[89.8602,26.434],[89.8627,26.438],[89.8662,26.4403],[89.8745,26.4483],[89.8745,26.4572],[89.8757,26.4598],[89.8752,26.4639],[89.8722,26.4657],[89.8675,26.466],[89.8674,26.466],[89.8661,26.4747],[89.8578,26.4877],[89.8601,26.4942],[89.8607,26.5051],[89.8586,26.5171],[89.8596,26.521],[89.867,26.5304],[89.8674,26.5372],[89.8666,26.5431],[89.8698,26.5482],[89.8695,26.5607],[89.8707,26.5657],[89.8702,26.5702],[89.8667,26.5745],[89.8672,26.5778],[89.8751,26.5794],[89.8828,26.5841],[89.8794,26.5891],[89.8773,26.5946],[89.8778,26.5975],[89.8804,26.6011],[89.8818,26.6062],[89.8825,26.6129],[89.8769,26.6149],[89.8769,26.6149],[89.8671,26.615],[89.8643,26.6171],[89.8623,26.6233],[89.8626,26.632],[89.8666,26.6355],[89.879,26.6434],[89.8811,26.6462],[89.8817,26.6494],[89.878,26.6518],[89.8734,26.6565],[89.8736,26.6606],[89.8752,26.6626],[89.8758,26.6661],[89.8747,26.6708],[89.8748,26.6737],[89.8768,26.6791],[89.8768,26.6834],[89.8668,26.7002],[89.8623,26.7037],[89.8652,26.7085],[89.8637,26.7201],[89.865,26.7243],[89.8639,26.7311],[89.8679,26.7369],[89.8731,26.7345],[89.879,26.7316],[89.8867,26.7281],[89.8948,26.7243],[89.9029,26.7235],[89.9117,26.7235],[89.9263,26.7225],[89.937,26.7231],[89.9452,26.7228],[89.9529,26.723],[89.9632,26.723],[89.9727,26.7246],[89.99,26.7266],[89.9997,26.7299],[90.0074,26.7342],[90.025,26.7304],[90.0392,26.7296],[90.0505,26.7289],[90.0559,26.7297],[90.0728,26.7319],[90.0829,26.735],[90.091,26.7373],[90.1003,26.7396],[90.1196,26.7449],[90.1331,26.7489],[90.1513,26.7547],[90.1661,26.7603],[90.1787,26.7649],[90.1939,26.7704],[90.1924,26.7815],[90.1905,26.787],[90.1883,26.7982],[90.1878,26.8039],[90.1893,26.8095],[90.1922,26.8142],[90.1972,26.8271],[90.2,26.8328],[90.2098,26.8434],[90.2201,26.8535],[90.2315,26.858],[90.2496,26.8577],[90.2582,26.8568],[90.2676,26.8552],[90.2826,26.8519],[90.2956,26.8483],[90.3067,26.848],[90.3169,26.8506],[90.3462,26.8719],[90.351,26.8762],[90.3546,26.8875],[90.3579,26.8926],[90.3603,26.8959],[90.3693,26.8978],[90.3853,26.899],[90.3962,26.9001],[90.4049,26.9008],[90.4149,26.9017],[90.4251,26.8986]]]},"properties":{"district_name":"Kokrajhar","raw_district_name":"Kokrajhar","state_code":"AS","state_name":"Assam","census_code":300,"data_source":"DataMeet India Maps (Census 2011 Boundaries)"}},{"type":"Feature","geometry":{"type":"Polygon","coordinates":[[[94.3269,27.3357],[94.337,27.3277],[94.3427,27.3286],[94.3522,27.3284],[94.356,27.3273],[94.362,27.3247],[94.37,27.3254],[94.3728,27.3293],[94.3784,27.3295],[94.3877,27.328],[94.3953,27.3252],[94.4,27.3177],[94.4179,27.309],[94.4226,27.3085],[94.4324,27.3112],[94.4442,27.3108],[94.4531,27.3057],[94.4625,27.3049],[94.4695,27.3106],[94.476,27.3192],[94.4845,27.324],[94.491,27.3256],[94.4973,27.325],[94.503,27.3266],[94.5095,27.321],[94.514,27.3121],[94.5174,27.3076],[94.5228,27.3],[94.5252,27.2934],[94.5247,27.2885],[94.5235,27.2788],[94.522,27.2718],[94.5209,27.2628],[94.5275,27.2515],[94.5375,27.2421],[94.5464,27.2371],[94.5505,27.2318],[94.5557,27.2221],[94.564,27.2185],[94.5714,27.2143],[94.5792,27.2136],[94.5806,27.2137],[94.5824,27.2098],[94.5828,27.2018],[94.5807,27.1923],[94.5761,27.1869],[94.5706,27.1785],[94.5633,27.1814],[94.5633,27.1735],[94.5479,27.1709],[94.5259,27.1585],[94.5318,27.1534],[94.5342,27.1464],[94.5297,27.1414],[94.5151,27.1416],[94.5133,27.1399],[94.5098,27.1203],[94.5048,27.12],[94.4945,27.1224],[94.4919,27.1271],[94.4916,27.1331],[94.4908,27.1336],[94.4849,27.1375],[94.4791,27.1352],[94.4754,27.1312],[94.4754,27.1219],[94.4713,27.1142],[94.463,27.1113],[94.4586,27.1147],[94.4474,27.1164],[94.4396,27.1191],[94.4332,27.1167],[94.4287,27.1121],[94.4291,27.0998],[94.4256,27.0951],[94.4191,27.0907],[94.4109,27.0923],[94.3936,27.0975],[94.3847,27.0952],[94.3686,27.0975],[94.3596,27.0925],[94.3532,27.0856],[94.3468,27.0825],[94.3385,27.081],[94.3252,27.0873],[94.3176,27.0727],[94.3142,27.0699],[94.3089,27.0722],[94.3039,27.08],[94.298,27.0856],[94.2874,27.091],[94.2826,27.0951],[94.2676,27.0921],[94.2605,27.0873],[94.2548,27.0848],[94.2395,27.0732],[94.2317,27.0591],[94.2272,27.0455],[94.2246,27.038],[94.2272,27.0355],[94.2259,27.0318],[94.2202,27.03],[94.2039,27.0289],[94.1993,27.035],[94.1959,27.037],[94.1913,27.0356],[94.1882,27.028],[94.1902,27.0216],[94.193,27.0159],[94.1933,27.0107],[94.1922,27.008],[94.1871,27.0004],[94.1823,26.9971],[94.1795,26.9992],[94.1759,26.9993],[94.1713,26.9972],[94.1648,26.9991],[94.16,26.9989],[94.1557,26.9937],[94.1387,26.9894],[94.1416,26.9762],[94.14,26.9721],[94.1353,26.9692],[94.1204,26.9705],[94.1125,26.97],[94.1016,26.9667],[94.0875,26.9606],[94.0791,26.9602],[94.0689,26.9777],[94.0613,26.9802],[94.0542,26.9791],[94.0449,26.9737],[94.0422,26.9675],[94.029,26.9562],[94.028,26.9472],[94.0306,26.9346],[94.027,26.9299],[94.0139,26.9275],[94.0085,26.9345],[93.9999,26.9398],[93.9967,26.9365],[93.9881,26.9275],[93.9766,26.9234],[93.964,26.926],[93.9482,26.9286],[93.9366,26.9294],[93.9243,26.9265],[93.9194,26.9219],[93.9202,26.9145],[93.9199,26.9082],[93.894,26.8905],[93.8945,26.8863],[93.898,26.8789],[93.8987,26.8717],[93.8942,26.8647],[93.8808,26.8553],[93.8662,26.8577],[93.8582,26.8576],[93.8502,26.8522],[93.8434,26.8521],[93.8409,26.8484],[93.8384,26.8404],[93.8266,26.8252],[93.8217,26.8232],[93.8084,26.8229],[93.8022,26.8247],[93.7908,26.8302],[93.7737,26.8437],[93.7745,26.8493],[93.7814,26.8513],[93.7904,26.8575],[93.7834,26.8729],[93.7834,26.8778],[93.781,26.8845],[93.7761,26.8882],[93.7734,26.8889],[93.7661,26.8908],[93.7578,26.8915],[93.7505,26.8942],[93.7465,26.9004],[93.7451,26.9078],[93.7498,26.9122],[93.7525,26.9189],[93.7501,26.925],[93.7499,26.9306],[93.7469,26.9371],[93.748,26.9478],[93.7449,26.9583],[93.739,26.9643],[93.7294,26.9694],[93.7274,26.9747],[93.711,26.9833],[93.7051,26.9851],[93.7035,26.9895],[93.7001,26.9917],[93.7076,27.0006],[93.7075,27.0053],[93.7208,27.0161],[93.7358,27.0241],[93.7483,27.0293],[93.7704,27.0402],[93.7737,27.0524],[93.7756,27.0592],[93.781,27.0502],[93.7831,27.0577],[93.7893,27.0511],[93.7959,27.0546],[93.7995,27.0607],[93.8104,27.0594],[93.8148,27.0675],[93.8206,27.0618],[93.8247,27.0651],[93.8301,27.0658],[93.834,27.0697],[93.8386,27.075],[93.8362,27.0797],[93.8349,27.0844],[93.8332,27.0893],[93.8285,27.0962],[93.8292,27.1088],[93.8239,27.1189],[93.8169,27.1195],[93.8133,27.1232],[93.8155,27.1289],[93.8076,27.1347],[93.8088,27.1441],[93.8106,27.1487],[93.8191,27.1552],[93.831,27.1676],[93.8419,27.1704],[93.8492,27.1767],[93.8595,27.188],[93.8695,27.1957],[93.8877,27.2213],[93.8951,27.2279],[93.9031,27.2384],[93.921,27.254],[93.936,27.2652],[93.941,27.2702],[93.9586,27.2917],[93.9748,27.3052],[93.9831,27.3106],[93.9878,27.3174],[93.9923,27.3215],[93.9982,27.3247],[94.0028,27.327],[94.0022,27.3316],[94.012,27.3357],[94.0322,27.3448],[94.0438,27.3501],[94.0505,27.3556],[94.057,27.3596],[94.0631,27.3604],[94.0653,27.3657],[94.0708,27.3712],[94.0746,27.3798],[94.0886,27.4014],[94.0955,27.4078],[94.1021,27.4107],[94.1087,27.4149],[94.1193,27.4278],[94.1256,27.4318],[94.1381,27.4427],[94.143,27.4453],[94.1567,27.4573],[94.1625,27.4633],[94.161,27.4668],[94.1595,27.4749],[94.1665,27.4778],[94.1702,27.481],[94.177,27.4809],[94.1892,27.4876],[94.1935,27.4931],[94.1975,27.4942],[94.2146,27.4947],[94.2177,27.4999],[94.2239,27.5038],[94.262,27.5202],[94.2706,27.5157],[94.2764,27.5104],[94.2822,27.5009],[94.2813,27.4774],[94.2799,27.468],[94.2845,27.4578],[94.292,27.4485],[94.2975,27.4449],[94.307,27.4369],[94.3073,27.4363],[94.309,27.4354],[94.3218,27.423],[94.3237,27.4115],[94.3258,27.3951],[94.3258,27.388],[94.3251,27.3824],[94.3244,27.3761],[94.3234,27.3677],[94.3232,27.3586],[94.3229,27.3494],[94.3246,27.3436],[94.3269,27.3357]]]},"properties":{"district_name":"Lakhimpur","raw_district_name":"Lakhimpur","state_code":"AS","state_name":"Assam","census_code":307,"data_source":"DataMeet India Maps (Census 2011 Boundaries)"}},{"type":"Feature","geometry":{"type":"Polygon","coordinates":[[[92.4023,26.1382],[92.3917,26.1407],[92.3881,26.1397],[92.3848,26.1357],[92.3794,26.1317],[92.3737,26.1307],[92.3706,26.1205],[92.3577,26.1102],[92.3527,26.108],[92.3483,26.1079],[92.3457,26.1068],[92.3471,26.1029],[92.3331,26.097],[92.328,26.0963],[92.3202,26.0914],[92.3162,26.0868],[92.3142,26.0816],[92.3149,26.0754],[92.3142,26.0743],[92.3125,26.0747],[92.3113,26.0774],[92.3093,26.078],[92.304,26.075],[92.3035,26.0747],[92.3016,26.075],[92.2993,26.0774],[92.2979,26.0771],[92.2959,26.076],[92.292,26.072],[92.2921,26.071],[92.29,26.0682],[92.2827,26.0674],[92.2757,26.0633],[92.2757,26.0641],[92.2743,26.0649],[92.2706,26.0662],[92.2677,26.0637],[92.2535,26.0626],[92.2432,26.0608],[92.2304,26.066],[92.2204,26.0685],[92.2182,26.0676],[92.2156,26.068],[92.214,26.0693],[92.2125,26.0694],[92.2109,26.069],[92.2114,26.0675],[92.2103,26.0669],[92.2039,26.0684],[92.1914,26.0652],[92.1904,26.0672],[92.1867,26.0676],[92.1844,26.0687],[92.1825,26.0669],[92.181,26.0676],[92.183,26.0746],[92.1804,26.0779],[92.1759,26.0817],[92.1703,26.0917],[92.1704,26.0935],[92.1743,26.101],[92.1721,26.1154],[92.1708,26.1178],[92.1668,26.1336],[92.1651,26.1482],[92.1694,26.157],[92.1704,26.1634],[92.1651,26.1634],[92.1611,26.1663],[92.1586,26.1671],[92.1568,26.1663],[92.1562,26.1629],[92.1541,26.1612],[92.1495,26.1625],[92.1346,26.1735],[92.1336,26.1774],[92.132,26.1784],[92.125,26.1783],[92.1173,26.1759],[92.1109,26.1711],[92.0959,26.1759],[92.0839,26.1776],[92.0862,26.1782],[92.0941,26.1827],[92.0957,26.1847],[92.0945,26.1878],[92.0924,26.1885],[92.0864,26.1849],[92.0839,26.1856],[92.0797,26.1951],[92.0741,26.1963],[92.0657,26.1963],[92.0634,26.1972],[92.0485,26.2134],[92.0483,26.2042],[92.046,26.1993],[92.0429,26.1994],[92.0408,26.2013],[92.039,26.2048],[92.0345,26.2077],[92.0328,26.2078],[92.0307,26.2067],[92.0264,26.2005],[92.0224,26.2014],[92.017,26.2052],[92.0106,26.2044],[92.0082,26.2036],[92.0067,26.2022],[92.0053,26.2032],[91.9999,26.2044],[91.9788,26.2176],[91.9695,26.2246],[91.962,26.2277],[91.9592,26.2314],[91.9583,26.2352],[91.9585,26.2388],[91.9603,26.2437],[91.96,26.2478],[91.956,26.2537],[91.9844,26.2748],[91.992,26.2689],[91.9999,26.2716],[92.0049,26.2736],[92.0133,26.2788],[92.0174,26.2799],[92.0204,26.2761],[92.0246,26.2728],[92.0288,26.2705],[92.0329,26.2698],[92.0456,26.2754],[92.0508,26.2808],[92.0586,26.2928],[92.0643,26.3032],[92.0653,26.3081],[92.0689,26.3109],[92.0728,26.3117],[92.076,26.3143],[92.0862,26.3369],[92.0979,26.3403],[92.1038,26.3431],[92.1064,26.353],[92.1088,26.3565],[92.1126,26.3589],[92.1271,26.3709],[92.131,26.38],[92.1361,26.3859],[92.1441,26.3985],[92.1564,26.4106],[92.1651,26.4169],[92.1815,26.423],[92.1895,26.4235],[92.2044,26.4209],[92.2071,26.4193],[92.209,26.4171],[92.2136,26.4149],[92.2175,26.4147],[92.2225,26.4168],[92.2296,26.4216],[92.2394,26.4306],[92.2436,26.4416],[92.2498,26.4476],[92.2573,26.4513],[92.2623,26.4518],[92.274,26.4514],[92.2822,26.4539],[92.2913,26.4595],[92.2946,26.4626],[92.3008,26.4686],[92.3041,26.4726],[92.3056,26.4759],[92.3139,26.484],[92.3176,26.4871],[92.3261,26.4911],[92.3303,26.494],[92.3449,26.5013],[92.3465,26.5021],[92.3478,26.5058],[92.3506,26.5062],[92.3607,26.5049],[92.3656,26.5052],[92.3858,26.517],[92.388,26.5169],[92.3916,26.5144],[92.4046,26.514],[92.4196,26.5156],[92.4198,26.5157],[92.4249,26.5167],[92.4285,26.5112],[92.4401,26.499],[92.4427,26.4846],[92.4408,26.4678],[92.4401,26.4617],[92.4377,26.4437],[92.4342,26.4183],[92.4421,26.4051],[92.448,26.403],[92.4537,26.4009],[92.4634,26.3974],[92.474,26.3936],[92.4788,26.3918],[92.4844,26.3898],[92.4906,26.3876],[92.4956,26.3859],[92.5068,26.3822],[92.5173,26.3777],[92.5304,26.372],[92.5408,26.3663],[92.5464,26.3632],[92.5514,26.3605],[92.5582,26.3523],[92.5582,26.3475],[92.555,26.3385],[92.5405,26.324],[92.5387,26.3152],[92.5374,26.3078],[92.5362,26.3009],[92.523,26.277],[92.5126,26.2637],[92.5068,26.256],[92.4956,26.2513],[92.471,26.249],[92.4505,26.2443],[92.4384,26.243],[92.4326,26.2349],[92.4276,26.2195],[92.4199,26.1926],[92.417,26.1822],[92.4074,26.1503],[92.4023,26.1382]]]},"properties":{"district_name":"Marigaon","raw_district_name":"Marigaon","state_code":"AS","state_name":"Assam","census_code":304,"data_source":"DataMeet India Maps (Census 2011 Boundaries)"}},{"type":"Feature","geometry":{"type":"Polygon","coordinates":[[[93.3045,26.5782],[93.2977,26.5782],[93.2917,26.5732],[93.2881,26.5711],[93.2768,26.5725],[93.2647,26.5675],[93.2596,26.5684],[93.254,26.5681],[93.252,26.5635],[93.2407,26.5551],[93.2397,26.5516],[93.2411,26.5491],[93.2535,26.5503],[93.2606,26.5505],[93.2622,26.5489],[93.2519,26.5451],[93.2532,26.5426],[93.2568,26.5434],[93.2595,26.5416],[93.2659,26.5375],[93.2671,26.5333],[93.2605,26.5327],[93.2609,26.5304],[93.2689,26.5309],[93.2737,26.5405],[93.2764,26.5434],[93.2791,26.542],[93.2789,26.5356],[93.2778,26.531],[93.2724,26.5273],[93.2762,26.5227],[93.2809,26.5201],[93.2857,26.5209],[93.2921,26.5205],[93.2953,26.5174],[93.2976,26.5116],[93.3002,26.5081],[93.2996,26.5036],[93.2952,26.5023],[93.2938,26.5058],[93.2916,26.5083],[93.2882,26.5091],[93.2895,26.5118],[93.2894,26.5155],[93.2872,26.5164],[93.2796,26.5147],[93.2761,26.5121],[93.2778,26.5067],[93.2694,26.5058],[93.2696,26.5096],[93.2745,26.5128],[93.276,26.5188],[93.2602,26.5212],[93.2518,26.5207],[93.2494,26.5272],[93.2489,26.5276],[93.2478,26.5285],[93.2477,26.5304],[93.2375,26.5352],[93.2337,26.5336],[93.2299,26.5353],[93.2243,26.5366],[93.222,26.5278],[93.2153,26.5289],[93.2148,26.5266],[93.2183,26.5233],[93.2214,26.5225],[93.221,26.5197],[93.2162,26.5211],[93.2143,26.5193],[93.2146,26.5186],[93.2194,26.5072],[93.216,26.5071],[93.2114,26.5096],[93.2115,26.5132],[93.2103,26.5179],[93.207,26.5255],[93.2021,26.5339],[93.1976,26.5355],[93.1921,26.5308],[93.1866,26.5296],[93.1667,26.5217],[93.164,26.5244],[93.1778,26.5305],[93.1803,26.5332],[93.1841,26.5346],[93.1867,26.5385],[93.1912,26.5407],[93.1954,26.5418],[93.1992,26.5402],[93.2027,26.5428],[93.207,26.548],[93.2111,26.5512],[93.2139,26.556],[93.209,26.5614],[93.2004,26.5657],[93.1893,26.5675],[93.1723,26.5535],[93.1581,26.5475],[93.1541,26.5494],[93.1504,26.5554],[93.1462,26.5537],[93.1399,26.5473],[93.1381,26.5407],[93.1337,26.5387],[93.125,26.5378],[93.1214,26.5361],[93.124,26.5323],[93.121,26.529],[93.1078,26.5309],[93.1052,26.5339],[93.1067,26.5377],[93.1049,26.5393],[93.0985,26.5402],[93.0934,26.5433],[93.0887,26.5417],[93.0793,26.5429],[93.0731,26.5414],[93.0638,26.5417],[93.047,26.5354],[93.0482,26.5299],[93.0525,26.5264],[93.0475,26.5258],[93.0423,26.5173],[93.0364,26.5128],[93.0154,26.5041],[93.0145,26.4972],[93.0088,26.4937],[93.0123,26.4872],[93.0125,26.4821],[93.0174,26.4777],[93.0226,26.4775],[93.0254,26.4793],[93.0322,26.4814],[93.0421,26.4856],[93.0475,26.4861],[93.0504,26.4878],[93.0658,26.4893],[93.0721,26.4893],[93.0723,26.4933],[93.0699,26.4962],[93.0704,26.4994],[93.0718,26.5003],[93.0749,26.4963],[93.0757,26.4934],[93.076,26.4924],[93.0778,26.4934],[93.0792,26.4943],[93.0824,26.4935],[93.0932,26.5],[93.0958,26.4967],[93.0874,26.4934],[93.083,26.4877],[93.069,26.4829],[93.0679,26.4775],[93.0758,26.4775],[93.0792,26.4763],[93.079,26.4729],[93.0803,26.4695],[93.0832,26.471],[93.0936,26.4683],[93.0952,26.4648],[93.0926,26.4624],[93.093,26.4591],[93.096,26.4591],[93.1021,26.4625],[93.1027,26.4621],[93.1059,26.4599],[93.1068,26.4617],[93.1065,26.4639],[93.1079,26.4656],[93.1105,26.4669],[93.1099,26.4688],[93.1074,26.4708],[93.1024,26.4724],[93.1056,26.4739],[93.1084,26.4742],[93.1087,26.4763],[93.1134,26.4794],[93.1171,26.484],[93.1203,26.4846],[93.1209,26.4829],[93.122,26.4799],[93.1243,26.4818],[93.125,26.484],[93.123,26.4897],[93.1214,26.494],[93.1248,26.4954],[93.1285,26.4971],[93.1296,26.495],[93.1279,26.4936],[93.1264,26.4924],[93.1324,26.4879],[93.1354,26.4893],[93.1309,26.4843],[93.1323,26.4811],[93.1326,26.4805],[93.1349,26.4825],[93.1402,26.4869],[93.1405,26.4839],[93.135,26.4771],[93.1155,26.4719],[93.1147,26.4696],[93.119,26.4684],[93.1255,26.4682],[93.1316,26.4644],[93.1292,26.4631],[93.1284,26.4602],[93.126,26.461],[93.1238,26.4579],[93.1096,26.4492],[93.1108,26.4472],[93.111,26.4467],[93.1141,26.4474],[93.1156,26.4462],[93.1138,26.4442],[93.1142,26.4421],[93.1165,26.4424],[93.1189,26.4406],[93.1115,26.4382],[93.1023,26.4322],[93.1016,26.435],[93.1037,26.4376],[93.1092,26.441],[93.1094,26.4427],[93.1035,26.4465],[93.0996,26.4435],[93.0908,26.439],[93.0764,26.4338],[93.0732,26.4309],[93.0751,26.4293],[93.0811,26.4289],[93.0862,26.4311],[93.0933,26.4342],[93.0977,26.4345],[93.0962,26.4327],[93.0907,26.4313],[93.0783,26.4205],[93.0728,26.4201],[93.0728,26.4229],[93.0712,26.4238],[93.0679,26.4165],[93.0621,26.4166],[93.0561,26.4148],[93.0525,26.4146],[93.0515,26.4172],[93.0521,26.4208],[93.0563,26.4194],[93.0575,26.4212],[93.0569,26.4242],[93.0544,26.4339],[93.0494,26.4345],[93.0473,26.4374],[93.0326,26.4241],[93.0248,26.4214],[93.0188,26.4209],[93.0063,26.4257],[92.9999,26.4231],[92.9949,26.4201],[92.9876,26.4183],[92.9831,26.4211],[92.9814,26.4213],[92.9784,26.4195],[92.9739,26.4155],[92.9707,26.4142],[92.967,26.4142],[92.9656,26.4135],[92.9625,26.409],[92.9536,26.4036],[92.9533,26.3976],[92.9522,26.3963],[92.9465,26.3998],[92.9446,26.4019],[92.9424,26.4019],[92.9289,26.398],[92.9226,26.3946],[92.9148,26.3923],[92.9145,26.3959],[92.9133,26.3961],[92.9117,26.3951],[92.9091,26.3934],[92.9088,26.3943],[92.9074,26.3991],[92.9053,26.3992],[92.8996,26.3881],[92.8981,26.3868],[92.8953,26.3896],[92.8935,26.3891],[92.892,26.3844],[92.886,26.3818],[92.8853,26.3793],[92.8869,26.3793],[92.8924,26.3807],[92.8959,26.3828],[92.9062,26.3827],[92.9097,26.3784],[92.9196,26.3792],[92.9218,26.38],[92.9224,26.3809],[92.9232,26.3821],[92.9243,26.382],[92.9262,26.3818],[92.9289,26.3804],[92.9267,26.3773],[92.9215,26.3734],[92.9204,26.368],[92.9152,26.3623],[92.9141,26.3595],[92.9141,26.3572],[92.915,26.3553],[92.9163,26.3545],[92.9184,26.3542],[92.9256,26.3555],[92.9318,26.3539],[92.9349,26.3519],[92.9375,26.3513],[92.94,26.3519],[92.9434,26.3508],[92.9452,26.3421],[92.9476,26.3359],[92.9441,26.3266],[92.9418,26.3244],[92.9373,26.3222],[92.9231,26.3131],[92.9218,26.3133],[92.9197,26.3158],[92.9169,26.3156],[92.9112,26.3133],[92.9019,26.3077],[92.8988,26.3052],[92.896,26.3015],[92.8975,26.2998],[92.8982,26.2961],[92.8958,26.2906],[92.8941,26.2893],[92.8844,26.2855],[92.8815,26.2856],[92.8732,26.29],[92.8634,26.2939],[92.8587,26.2968],[92.8567,26.2991],[92.8574,26.3],[92.8579,26.3007],[92.8565,26.3023],[92.854,26.3023],[92.8502,26.3043],[92.8452,26.2963],[92.8433,26.2856],[92.8414,26.2805],[92.8319,26.2707],[92.8279,26.2713],[92.8248,26.2708],[92.8244,26.2646],[92.8219,26.2652],[92.8213,26.2628],[92.8216,26.259],[92.8183,26.2384],[92.8193,26.2338],[92.8278,26.2303],[92.8293,26.2271],[92.8291,26.2235],[92.8208,26.2151],[92.8156,26.2163],[92.8122,26.216],[92.8076,26.2186],[92.7996,26.2215],[92.7973,26.2062],[92.8033,26.2021],[92.8076,26.2036],[92.8175,26.2051],[92.8244,26.2062],[92.8293,26.2047],[92.8439,26.2057],[92.8516,26.2014],[92.8624,26.2023],[92.8725,26.2044],[92.8844,26.2084],[92.8882,26.2077],[92.9015,26.2031],[92.9108,26.2016],[92.9242,26.2033],[92.9291,26.2032],[92.9335,26.2008],[92.9413,26.2014],[92.9443,26.2008],[92.9478,26.1973],[92.9496,26.1932],[92.9554,26.1877],[92.9562,26.1852],[92.9561,26.1816],[92.9583,26.1734],[92.9577,26.1694],[92.9554,26.1657],[92.9507,26.1622],[92.9503,26.1588],[92.9456,26.1553],[92.9439,26.1521],[92.9366,26.1504],[92.9351,26.1489],[92.9351,26.1483],[92.9353,26.1465],[92.9328,26.145],[92.9342,26.141],[92.9377,26.1382],[92.9438,26.1373],[92.946,26.1361],[92.9553,26.1388],[92.9602,26.1388],[92.9703,26.1285],[92.972,26.1281],[92.9744,26.1294],[92.9834,26.1273],[92.9949,26.1221],[92.9999,26.1207],[93.0018,26.1174],[93.004,26.1152],[93.0074,26.1148],[93.0117,26.1112],[93.0161,26.1118],[93.0164,26.1128],[93.0218,26.1112],[93.0235,26.1117],[93.0241,26.1077],[93.0304,26.1043],[93.0373,26.1069],[93.0389,26.1065],[93.0392,26.105],[93.0385,26.1042],[93.0373,26.1027],[93.0378,26.1007],[93.0409,26.0964],[93.0398,26.0924],[93.04,26.09],[93.046,26.0859],[93.0507,26.0872],[93.0524,26.0867],[93.053,26.0851],[93.0548,26.0854],[93.0589,26.0881],[93.0592,26.086],[93.0638,26.0812],[93.0664,26.0822],[93.0706,26.0799],[93.0709,26.0825],[93.0727,26.0823],[93.074,26.0821],[93.0744,26.0843],[93.0784,26.0832],[93.0802,26.0794],[93.084,26.0784],[93.0835,26.0797],[93.083,26.081],[93.086,26.0838],[93.0869,26.0838],[93.0866,26.08],[93.0887,26.0774],[93.0933,26.0791],[93.0939,26.078],[93.0916,26.0756],[93.0925,26.0745],[93.0979,26.0768],[93.1008,26.0769],[93.1043,26.076],[93.1055,26.0745],[93.1083,26.075],[93.1083,26.0701],[93.0965,26.032],[93.11,26.0347],[93.1196,26.0345],[93.1254,26.0313],[93.129,26.0275],[93.1316,26.0226],[93.143,26.0173],[93.1456,26.0137],[93.1473,26.0068],[93.1533,26.0004],[93.1548,25.9948],[93.157,25.9922],[93.1602,25.9904],[93.1585,25.9803],[93.1619,25.9748],[93.1628,25.9674],[93.162,25.9658],[93.1635,25.9622],[93.1672,25.956],[93.1698,25.9542],[93.1733,25.9538],[93.1752,25.9499],[93.1748,25.945],[93.1784,25.9403],[93.188,25.9023],[93.1918,25.8969],[93.2003,25.8908],[93.2077,25.8832],[93.2155,25.8744],[93.2181,25.8694],[93.2235,25.8631],[93.2368,25.8531],[93.2387,25.8463],[93.2453,25.8367],[93.247,25.8308],[93.2463,25.8261],[93.2479,25.819],[93.2461,25.8145],[93.2484,25.8094],[93.2514,25.8076],[93.2508,25.8021],[93.2517,25.7967],[93.2495,25.7894],[93.2521,25.7867],[93.2506,25.7813],[93.2488,25.7784],[93.2417,25.77],[93.2413,25.7661],[93.2352,25.7639],[93.2338,25.7585],[93.235,25.7528],[93.2347,25.7474],[93.2282,25.7313],[93.223,25.7252],[93.2099,25.7281],[93.185,25.7295],[93.1776,25.7249],[93.17,25.7169],[93.1451,25.7129],[93.1463,25.719],[93.1489,25.7228],[93.1505,25.7295],[93.1511,25.7375],[93.1479,25.7374],[93.1333,25.7471],[93.1303,25.7501],[93.1324,25.756],[93.1316,25.7612],[93.129,25.7626],[93.125,25.7625],[93.1105,25.7708],[93.109,25.7742],[93.103,25.7729],[93.1001,25.7741],[93.0881,25.7716],[93.0815,25.7632],[93.0756,25.7667],[93.0712,25.7669],[93.0699,25.7704],[93.0716,25.7738],[93.0726,25.7746],[93.0748,25.7764],[93.0782,25.7767],[93.078,25.7817],[93.0635,25.7837],[93.0576,25.7887],[93.049,25.7946],[93.0348,25.8084],[93.0281,25.8162],[93.0231,25.8247],[93.0167,25.8319],[93.0129,25.8391],[93.012,25.8459],[93,25.854],[92.9989,25.8559],[92.9967,25.8605],[92.9872,25.8751],[92.9832,25.8744],[92.966,25.8745],[92.9315,25.8689],[92.9113,25.8673],[92.9046,25.8659],[92.8951,25.8655],[92.8906,25.867],[92.8891,25.8695],[92.8769,25.8668],[92.8755,25.867],[92.8748,25.8671],[92.8721,25.8664],[92.8719,25.8693],[92.8696,25.873],[92.8675,25.8789],[92.862,25.8834],[92.8577,25.8889],[92.8526,25.8998],[92.8495,25.9047],[92.8592,25.9218],[92.8551,25.9232],[92.8516,25.923],[92.8457,25.9178],[92.8377,25.9133],[92.8303,25.9176],[92.824,25.9224],[92.8206,25.9231],[92.8138,25.9213],[92.8104,25.918],[92.8052,25.9186],[92.803,25.9213],[92.8002,25.9288],[92.7943,25.9364],[92.7947,25.9389],[92.798,25.9417],[92.7985,25.9541],[92.8021,25.9552],[92.8095,25.954],[92.81,25.9543],[92.8094,25.9572],[92.8065,25.9603],[92.8001,25.963],[92.7922,25.9589],[92.7857,25.9522],[92.7827,25.9504],[92.7802,25.9496],[92.7764,25.9499],[92.7711,25.9528],[92.7657,25.9618],[92.7652,25.964],[92.7701,25.9764],[92.7686,25.9817],[92.7689,25.9844],[92.7725,25.9882],[92.7723,25.9892],[92.7684,25.9894],[92.7678,25.9892],[92.7648,25.988],[92.764,25.9901],[92.7681,25.9931],[92.7704,25.9933],[92.7771,25.9937],[92.7807,25.9967],[92.7798,25.9987],[92.7779,25.9995],[92.7753,25.9997],[92.7656,25.9979],[92.7632,25.9989],[92.7622,26.0006],[92.7631,26.0041],[92.7651,26.0056],[92.7675,26.0065],[92.7835,26.0081],[92.7848,26.0094],[92.784,26.0117],[92.7801,26.0145],[92.7736,26.0157],[92.7618,26.0147],[92.7603,26.0164],[92.761,26.0205],[92.7647,26.0254],[92.7655,26.0301],[92.7612,26.0334],[92.7602,26.0366],[92.752,26.0383],[92.7495,26.0403],[92.7507,26.0433],[92.7541,26.0466],[92.7567,26.0525],[92.7541,26.0565],[92.7527,26.061],[92.7205,26.0574],[92.7194,26.0566],[92.7145,26.049],[92.7129,26.0431],[92.714,26.0381],[92.718,26.0356],[92.719,26.031],[92.716,26.0274],[92.7174,26.0236],[92.7173,26.0214],[92.714,26.0181],[92.7121,26.0191],[92.7114,26.0194],[92.7101,26.0182],[92.708,26.0204],[92.704,26.0183],[92.7,26.0201],[92.6988,26.0202],[92.6965,26.0189],[92.6937,26.0209],[92.6925,26.0226],[92.6885,26.0232],[92.6872,26.0255],[92.6845,26.0267],[92.6838,26.026],[92.6841,26.0245],[92.6808,26.0257],[92.6797,26.0254],[92.6771,26.0246],[92.6764,26.026],[92.6709,26.028],[92.6655,26.0233],[92.6592,26.0199],[92.6586,26.0192],[92.6604,26.0152],[92.6597,26.0109],[92.6617,26.0062],[92.6601,26.0031],[92.66,26.0007],[92.6584,25.9986],[92.6476,25.9979],[92.642,25.9967],[92.6377,25.9919],[92.6372,25.989],[92.6325,25.988],[92.6288,25.9851],[92.6241,25.9844],[92.6154,25.9774],[92.6083,25.9748],[92.6067,25.9756],[92.6009,25.9755],[92.5937,25.9645],[92.5897,25.9641],[92.5815,25.9647],[92.5785,25.9637],[92.5765,25.9612],[92.5733,25.9607],[92.5603,25.964],[92.5522,25.9701],[92.5573,25.9765],[92.565,25.9893],[92.5729,26.0008],[92.573,26.0035],[92.5712,26.0044],[92.5697,26.0065],[92.5728,26.0117],[92.58,26.0165],[92.5855,26.018],[92.5948,26.0218],[92.5956,26.0257],[92.5916,26.0274],[92.5882,26.0275],[92.5846,26.03],[92.5833,26.0347],[92.5863,26.0423],[92.5875,26.054],[92.5894,26.0579],[92.598,26.0684],[92.5993,26.0761],[92.5933,26.0838],[92.5913,26.0841],[92.5836,26.0894],[92.579,26.0942],[92.5782,26.0957],[92.579,26.0979],[92.5792,26.11],[92.5759,26.1137],[92.5752,26.1139],[92.5684,26.1151],[92.5604,26.1132],[92.5565,26.1133],[92.5476,26.1076],[92.5473,26.1048],[92.5437,26.1022],[92.5404,26.0976],[92.5361,26.0956],[92.5339,26.1005],[92.5267,26.1007],[92.5234,26.1017],[92.5221,26.1045],[92.5223,26.1137],[92.5246,26.1204],[92.5238,26.1244],[92.5244,26.1261],[92.5256,26.1273],[92.5261,26.1322],[92.53,26.14],[92.5306,26.1428],[92.5281,26.148],[92.5229,26.1501],[92.5171,26.1449],[92.5114,26.1411],[92.5093,26.1426],[92.5068,26.1463],[92.5026,26.1485],[92.5,26.1489],[92.4937,26.149],[92.4875,26.1467],[92.4784,26.1416],[92.4775,26.1418],[92.4767,26.1456],[92.475,26.1465],[92.4712,26.1463],[92.4684,26.1428],[92.4615,26.1373],[92.4602,26.1345],[92.4573,26.1349],[92.4543,26.1341],[92.4478,26.1259],[92.4442,26.1236],[92.444,26.1219],[92.4367,26.1215],[92.435,26.1199],[92.4348,26.1152],[92.4319,26.1103],[92.4219,26.1185],[92.4189,26.1183],[92.4061,26.1177],[92.406,26.1191],[92.4082,26.1224],[92.4076,26.1251],[92.4128,26.1291],[92.415,26.1333],[92.4135,26.1355],[92.4023,26.1382],[92.4074,26.1503],[92.417,26.1822],[92.4199,26.1926],[92.4276,26.2195],[92.4326,26.2349],[92.4384,26.243],[92.4505,26.2443],[92.471,26.249],[92.4956,26.2513],[92.5068,26.256],[92.5126,26.2637],[92.523,26.277],[92.5362,26.3009],[92.5374,26.3078],[92.5387,26.3152],[92.5405,26.324],[92.555,26.3385],[92.5582,26.3475],[92.5582,26.3523],[92.5514,26.3605],[92.5464,26.3632],[92.5408,26.3663],[92.5304,26.372],[92.5173,26.3777],[92.5068,26.3822],[92.4956,26.3859],[92.4906,26.3876],[92.4844,26.3898],[92.4788,26.3918],[92.474,26.3936],[92.4634,26.3974],[92.4537,26.4009],[92.448,26.403],[92.4421,26.4051],[92.4342,26.4183],[92.4377,26.4437],[92.4401,26.4617],[92.4408,26.4678],[92.4427,26.4846],[92.4401,26.499],[92.4285,26.5112],[92.4249,26.5167],[92.4382,26.5196],[92.4444,26.5202],[92.4482,26.52],[92.4535,26.5185],[92.4553,26.515],[92.4563,26.5074],[92.46,26.5025],[92.4634,26.4995],[92.4671,26.4975],[92.4754,26.4954],[92.4821,26.4966],[92.4889,26.5004],[92.4949,26.5026],[92.5123,26.5069],[92.529,26.5092],[92.5367,26.5089],[92.5472,26.506],[92.5587,26.5049],[92.5669,26.5028],[92.5693,26.5012],[92.581,26.5],[92.6062,26.5085],[92.6203,26.5114],[92.6357,26.5161],[92.6418,26.5173],[92.6569,26.5179],[92.6661,26.5202],[92.6705,26.5191],[92.6748,26.5167],[92.6842,26.5092],[92.6877,26.5086],[92.6916,26.5106],[92.7054,26.5257],[92.7122,26.5306],[92.7172,26.5333],[92.727,26.5351],[92.7282,26.5345],[92.7289,26.532],[92.7292,26.5225],[92.7301,26.5208],[92.7361,26.5171],[92.7423,26.5146],[92.7494,26.5124],[92.7556,26.5117],[92.758,26.5134],[92.7597,26.5191],[92.7596,26.5249],[92.762,26.529],[92.7652,26.5318],[92.7674,26.5387],[92.7688,26.5472],[92.7737,26.5562],[92.7945,26.5571],[92.7998,26.5576],[92.8021,26.5585],[92.8259,26.5749],[92.8357,26.5804],[92.8426,26.5832],[92.8522,26.5852],[92.8591,26.5847],[92.8642,26.5831],[92.8712,26.5822],[92.8742,26.5831],[92.8801,26.5875],[92.891,26.5933],[92.8967,26.5954],[92.9113,26.5938],[92.9194,26.5959],[92.9243,26.5981],[92.9365,26.6121],[92.9407,26.6155],[92.9443,26.6171],[92.9536,26.6184],[92.9657,26.6183],[92.9841,26.615],[92.9907,26.6132],[92.994,26.609],[92.9999,26.6032],[93.0091,26.5982],[93.021,26.5965],[93.0416,26.5941],[93.0572,26.5948],[93.068,26.594],[93.0744,26.5945],[93.0856,26.5892],[93.0959,26.5821],[93.1074,26.5757],[93.1155,26.5745],[93.1244,26.5774],[93.1354,26.5842],[93.1621,26.5988],[93.1737,26.6097],[93.18,26.612],[93.1957,26.6153],[93.2182,26.6255],[93.2251,26.6344],[93.2312,26.6446],[93.2351,26.6656],[93.2395,26.6744],[93.2469,26.6837],[93.2532,26.6853],[93.2665,26.6817],[93.2758,26.6826],[93.2904,26.6871],[93.2922,26.6951],[93.2985,26.6983],[93.3042,26.6973],[93.3093,26.6981],[93.3109,26.6915],[93.3189,26.6854],[93.319,26.6809],[93.3217,26.6788],[93.3194,26.6753],[93.3117,26.6688],[93.313,26.6632],[93.3224,26.657],[93.3215,26.6491],[93.3166,26.6401],[93.3113,26.6366],[93.2927,26.637],[93.2884,26.6349],[93.2961,26.6167],[93.3024,26.6048],[93.2981,26.5921],[93.296,26.5884],[93.2965,26.5861],[93.3064,26.5806],[93.3045,26.5782]]]},"properties":{"district_name":"Nagaon","raw_district_name":"Nagaon","state_code":"AS","state_name":"Assam","census_code":305,"data_source":"DataMeet India Maps (Census 2011 Boundaries)"}},{"type":"Feature","geometry":{"type":"Polygon","coordinates":[[[91.5662,26.5583],[91.5653,26.5575],[91.5647,26.5573],[91.5625,26.558],[91.5614,26.5578],[91.5616,26.5564],[91.5623,26.5549],[91.562,26.5535],[91.5609,26.5523],[91.5599,26.5509],[91.5582,26.5491],[91.5565,26.5483],[91.5552,26.5477],[91.5544,26.5468],[91.5547,26.546],[91.557,26.5452],[91.5581,26.5445],[91.5576,26.5438],[91.5569,26.5428],[91.558,26.54],[91.5571,26.5382],[91.5563,26.5368],[91.5557,26.5354],[91.5567,26.5346],[91.5577,26.5348],[91.5579,26.536],[91.5587,26.5365],[91.5592,26.536],[91.5594,26.5349],[91.5585,26.5338],[91.5581,26.5331],[91.5572,26.5325],[91.5568,26.5309],[91.5568,26.5291],[91.5572,26.5271],[91.557,26.5251],[91.5566,26.5243],[91.5565,26.5231],[91.5567,26.5214],[91.5577,26.5194],[91.558,26.5173],[91.5573,26.5161],[91.5572,26.5152],[91.5576,26.5134],[91.5578,26.5118],[91.5573,26.5111],[91.5569,26.5103],[91.5566,26.5076],[91.5568,26.5061],[91.5576,26.5041],[91.559,26.503],[91.56,26.5019],[91.5601,26.5011],[91.5596,26.4998],[91.559,26.4985],[91.5588,26.497],[91.5593,26.4956],[91.5602,26.4944],[91.5596,26.4928],[91.5594,26.4919],[91.5594,26.4901],[91.5604,26.4889],[91.5615,26.4878],[91.5623,26.4864],[91.5623,26.4842],[91.562,26.4823],[91.5594,26.4815],[91.5573,26.4816],[91.5558,26.4809],[91.5553,26.4801],[91.5548,26.4783],[91.5541,26.4758],[91.5537,26.4732],[91.5549,26.4693],[91.555,26.4692],[91.555,26.4692],[91.556,26.4618],[91.5569,26.4555],[91.563,26.444],[91.565,26.4368],[91.5669,26.4332],[91.5647,26.4243],[91.5617,26.4219],[91.5617,26.4164],[91.5546,26.4144],[91.5503,26.4167],[91.5445,26.4165],[91.5427,26.4138],[91.5459,26.4092],[91.5467,26.4065],[91.5433,26.4006],[91.5359,26.393],[91.5361,26.3886],[91.5279,26.3779],[91.5288,26.374],[91.5352,26.3732],[91.5385,26.3706],[91.5348,26.3662],[91.5288,26.3615],[91.5249,26.3554],[91.522,26.3486],[91.5214,26.3424],[91.5237,26.3386],[91.5295,26.337],[91.5344,26.3365],[91.5365,26.3335],[91.5314,26.3323],[91.528,26.3298],[91.52,26.3272],[91.514,26.3273],[91.5103,26.3261],[91.508,26.3217],[91.504,26.3217],[91.4996,26.323],[91.4942,26.319],[91.4802,26.3178],[91.4592,26.318],[91.4503,26.3129],[91.4512,26.3114],[91.4582,26.3111],[91.4541,26.3074],[91.4522,26.303],[91.4518,26.2904],[91.4536,26.2726],[91.4444,26.2626],[91.4406,26.2597],[91.4271,26.2642],[91.4205,26.265],[91.4154,26.2606],[91.4132,26.2522],[91.4158,26.2451],[91.4201,26.2434],[91.4267,26.2434],[91.4311,26.2426],[91.4334,26.2409],[91.4337,26.2372],[91.4277,26.2361],[91.4257,26.233],[91.4234,26.2266],[91.4229,26.2141],[91.4214,26.2096],[91.4189,26.2041],[91.4149,26.2027],[91.4154,26.1974],[91.4192,26.1862],[91.4216,26.1818],[91.4222,26.1722],[91.4218,26.1661],[91.4159,26.1362],[91.4094,26.1374],[91.3999,26.1366],[91.3938,26.1392],[91.3721,26.1566],[91.3587,26.1644],[91.3555,26.1649],[91.3513,26.163],[91.346,26.1627],[91.342,26.1652],[91.3385,26.1653],[91.3333,26.1619],[91.3215,26.1606],[91.311,26.1608],[91.3062,26.1599],[91.2997,26.1575],[91.2889,26.1582],[91.2576,26.1632],[91.2497,26.1681],[91.2326,26.177],[91.2368,26.1822],[91.2422,26.1807],[91.2439,26.1918],[91.2516,26.1991],[91.2448,26.2034],[91.2383,26.2118],[91.2315,26.2147],[91.2222,26.2158],[91.218,26.2208],[91.2221,26.2249],[91.2245,26.2319],[91.2296,26.2413],[91.2412,26.2515],[91.2426,26.2565],[91.2399,26.2611],[91.2366,26.2622],[91.228,26.2621],[91.2219,26.2605],[91.221,26.2648],[91.2186,26.2679],[91.2303,26.2808],[91.2407,26.2772],[91.2541,26.2825],[91.2608,26.2869],[91.2639,26.2906],[91.2556,26.2952],[91.2539,26.299],[91.257,26.3015],[91.2641,26.3022],[91.2622,26.3066],[91.2584,26.3107],[91.2617,26.316],[91.2661,26.3153],[91.2729,26.3275],[91.2696,26.3361],[91.2721,26.3398],[91.2792,26.3408],[91.2789,26.3476],[91.2806,26.3544],[91.2772,26.3571],[91.2742,26.3615],[91.2762,26.3647],[91.2827,26.3698],[91.2816,26.3723],[91.265,26.3677],[91.2512,26.3671],[91.251,26.3728],[91.2486,26.3764],[91.2448,26.3788],[91.2426,26.3816],[91.2434,26.3861],[91.2401,26.3885],[91.2376,26.3921],[91.2387,26.3967],[91.242,26.4031],[91.2399,26.4164],[91.2354,26.4239],[91.2357,26.4397],[91.2411,26.4487],[91.2414,26.455],[91.2543,26.4668],[91.2692,26.4871],[91.2693,26.4895],[91.2696,26.4893],[91.273,26.4914],[91.2752,26.4915],[91.2774,26.4905],[91.2794,26.4888],[91.2823,26.4889],[91.2839,26.4919],[91.283,26.4941],[91.2826,26.4959],[91.2848,26.4982],[91.2881,26.5001],[91.29,26.5024],[91.2903,26.5042],[91.2907,26.507],[91.2921,26.5083],[91.2926,26.5084],[91.2928,26.5045],[91.2983,26.4966],[91.3053,26.4928],[91.3136,26.4922],[91.3243,26.4919],[91.3299,26.4924],[91.3358,26.4956],[91.3434,26.4978],[91.348,26.5016],[91.3497,26.5034],[91.3508,26.5155],[91.3511,26.5188],[91.3547,26.5208],[91.3627,26.5244],[91.3741,26.5277],[91.3821,26.5274],[91.4048,26.5296],[91.413,26.5351],[91.4173,26.5423],[91.4185,26.5455],[91.4191,26.5488],[91.4272,26.5532],[91.4332,26.5547],[91.4393,26.5576],[91.4467,26.5604],[91.4509,26.5695],[91.455,26.5775],[91.4597,26.5813],[91.4625,26.5817],[91.4715,26.5793],[91.4746,26.5755],[91.4737,26.5725],[91.4789,26.5658],[91.4802,26.5626],[91.4815,26.5567],[91.4851,26.552],[91.4875,26.548],[91.49,26.5422],[91.4927,26.5381],[91.4947,26.5355],[91.4986,26.5313],[91.502,26.5311],[91.5052,26.5331],[91.5088,26.5356],[91.5109,26.5374],[91.5119,26.5392],[91.5121,26.5406],[91.5138,26.5424],[91.5158,26.5439],[91.5187,26.5426],[91.5237,26.5428],[91.5248,26.5455],[91.5244,26.5472],[91.5237,26.55],[91.5233,26.5525],[91.5251,26.5554],[91.5287,26.5577],[91.5322,26.5624],[91.5311,26.5639],[91.5304,26.5661],[91.5304,26.5692],[91.5324,26.5713],[91.5359,26.5721],[91.5402,26.5721],[91.5465,26.5763],[91.5539,26.5772],[91.5642,26.575],[91.57,26.5726],[91.5695,26.5706],[91.5692,26.5683],[91.5686,26.5659],[91.568,26.564],[91.5665,26.563],[91.5653,26.5629],[91.5641,26.5626],[91.5637,26.5618],[91.5642,26.5608],[91.5649,26.5599],[91.5661,26.5589],[91.5662,26.5583]]]},"properties":{"district_name":"Nalbari","raw_district_name":"Nalbari","state_code":"AS","state_name":"Assam","census_code":323,"data_source":"DataMeet India Maps (Census 2011 Boundaries)"}},{"type":"Feature","geometry":{"type":"Polygon","coordinates":[[[93.0726,25.7746],[93.0716,25.7738],[93.0699,25.7704],[93.0712,25.7669],[93.0756,25.7667],[93.0815,25.7632],[93.0881,25.7716],[93.1001,25.7741],[93.103,25.7729],[93.109,25.7742],[93.1105,25.7708],[93.125,25.7625],[93.129,25.7626],[93.1316,25.7612],[93.1324,25.756],[93.1303,25.7501],[93.1333,25.7471],[93.1479,25.7374],[93.1511,25.7375],[93.1505,25.7295],[93.1489,25.7228],[93.1463,25.719],[93.1451,25.7129],[93.1418,25.7102],[93.1394,25.7062],[93.1385,25.702],[93.1391,25.694],[93.138,25.6902],[93.1334,25.6838],[93.1374,25.6764],[93.1391,25.6689],[93.143,25.6639],[93.1465,25.661],[93.1654,25.6605],[93.1713,25.6587],[93.1751,25.6515],[93.1741,25.6494],[93.1766,25.6477],[93.1803,25.6427],[93.1844,25.6389],[93.1913,25.6289],[93.192,25.6253],[93.1821,25.6164],[93.1808,25.6142],[93.1802,25.6095],[93.1811,25.605],[93.1808,25.6022],[93.1729,25.5979],[93.1731,25.5953],[93.1818,25.5887],[93.1848,25.5834],[93.1895,25.5822],[93.1932,25.5695],[93.1974,25.565],[93.2006,25.5634],[93.2026,25.5633],[93.2026,25.5599],[93.2007,25.557],[93.2026,25.5553],[93.2057,25.5556],[93.2089,25.5536],[93.2128,25.544],[93.2149,25.543],[93.2168,25.5447],[93.2182,25.5485],[93.2234,25.5484],[93.2321,25.5442],[93.2367,25.544],[93.2431,25.5452],[93.2526,25.5459],[93.2618,25.5448],[93.2653,25.5452],[93.2682,25.5414],[93.2681,25.5365],[93.2711,25.5305],[93.2777,25.5289],[93.29,25.54],[93.2979,25.5447],[93.3034,25.5317],[93.307,25.5286],[93.3119,25.5285],[93.3226,25.5297],[93.3256,25.5326],[93.3318,25.5433],[93.3358,25.5419],[93.3405,25.5337],[93.3446,25.5325],[93.3493,25.5348],[93.3524,25.534],[93.3502,25.5301],[93.3542,25.5276],[93.3576,25.5241],[93.3601,25.5167],[93.3647,25.5126],[93.3668,25.5093],[93.365,25.5065],[93.3669,25.5042],[93.3711,25.5015],[93.3718,25.4975],[93.383,25.4939],[93.3863,25.4897],[93.387,25.4867],[93.3904,25.482],[93.3912,25.4778],[93.3909,25.4744],[93.3918,25.4705],[93.3903,25.4655],[93.3958,25.4604],[93.4028,25.4555],[93.417,25.4491],[93.4219,25.4511],[93.4274,25.4515],[93.4348,25.451],[93.4434,25.4468],[93.4567,25.4381],[93.4616,25.4309],[93.4649,25.4196],[93.4652,25.412],[93.463,25.4071],[93.4669,25.3992],[93.4736,25.3892],[93.477,25.3821],[93.4779,25.376],[93.4659,25.3579],[93.462,25.355],[93.4534,25.3443],[93.4516,25.3403],[93.4576,25.3371],[93.4616,25.3327],[93.4576,25.3262],[93.4563,25.3214],[93.4628,25.316],[93.4676,25.3099],[93.4736,25.3054],[93.4652,25.2952],[93.4596,25.2908],[93.4516,25.2909],[93.4444,25.2885],[93.4383,25.2827],[93.4261,25.2772],[93.4229,25.2741],[93.4229,25.2683],[93.4203,25.2624],[93.4117,25.2596],[93.406,25.2603],[93.4032,25.2593],[93.3942,25.2465],[93.3883,25.2422],[93.3867,25.2386],[93.3872,25.2283],[93.3851,25.2248],[93.3844,25.222],[93.3816,25.2201],[93.3791,25.217],[93.3777,25.2123],[93.3692,25.2043],[93.3702,25.1998],[93.3681,25.1963],[93.3618,25.1919],[93.3604,25.1882],[93.3527,25.1781],[93.3487,25.163],[93.3469,25.1602],[93.3484,25.1535],[93.3481,25.1498],[93.3505,25.1408],[93.3464,25.134],[93.3484,25.1311],[93.3456,25.1261],[93.3466,25.1237],[93.3487,25.1217],[93.346,25.1214],[93.3439,25.1176],[93.3439,25.1124],[93.34,25.1107],[93.3387,25.1027],[93.3353,25.0921],[93.329,25.0908],[93.3231,25.088],[93.3219,25.0847],[93.3122,25.0743],[93.3103,25.069],[93.3083,25.0669],[93.3056,25.0608],[93.3084,25.0548],[93.3037,25.0524],[93.3041,25.0443],[93.3019,25.0445],[93.3019,25.0483],[93.2996,25.0489],[93.2988,25.0468],[93.2965,25.044],[93.2914,25.0435],[93.2864,25.0432],[93.284,25.0479],[93.2677,25.0461],[93.2673,25.0452],[93.269,25.043],[93.2679,25.0405],[93.2625,25.0383],[93.2634,25.0353],[93.2633,25.0323],[93.2594,25.0285],[93.2551,25.0251],[93.2579,25.0216],[93.2573,25.0182],[93.2534,25.0178],[93.2484,25.0152],[93.2512,25.0125],[93.2487,25.0096],[93.2462,25.0006],[93.2464,25.0001],[93.247,24.9997],[93.2476,24.9995],[93.2482,24.9993],[93.2489,24.9993],[93.2495,24.9994],[93.2501,24.9996],[93.2507,24.9999],[93.2513,25.0006],[93.253,25.0028],[93.2547,25.0006],[93.2548,25.0001],[93.2553,24.9997],[93.256,24.9995],[93.2566,24.9996],[93.2572,24.9999],[93.2575,25.0006],[93.2594,25.0029],[93.2619,25.0024],[93.2628,25.0007],[93.2609,24.9973],[93.2566,24.9974],[93.2552,24.9986],[93.2551,24.9961],[93.2565,24.9949],[93.2564,24.9924],[93.2547,24.9888],[93.2515,24.9852],[93.2527,24.9828],[93.2525,24.9791],[93.251,24.9778],[93.2538,24.9753],[93.2524,24.9716],[93.2524,24.9716],[93.2524,24.9716],[93.2467,24.9674],[93.2439,24.9674],[93.2439,24.9699],[93.2425,24.9724],[93.2397,24.9724],[93.2384,24.9762],[93.237,24.9762],[93.237,24.9762],[93.237,24.9762],[93.2356,24.9737],[93.2342,24.9737],[93.2288,24.9762],[93.2331,24.9824],[93.2317,24.9837],[93.2289,24.9849],[93.2247,24.9837],[93.2234,24.985],[93.2192,24.9863],[93.2164,24.9863],[93.2164,24.9863],[93.2164,24.9863],[93.2136,24.9825],[93.2066,24.9801],[93.2009,24.9826],[93.1981,24.9851],[93.1995,24.9876],[93.1981,24.9902],[93.1939,24.9914],[93.1896,24.9902],[93.1896,24.9965],[93.1867,24.9965],[93.1867,24.9965],[93.1867,24.9965],[93.1857,24.9947],[93.1844,24.9948],[93.1839,24.9952],[93.1808,24.9952],[93.1707,24.9966],[93.0719,24.9972],[93.072,25.0001],[93.0686,25.0026],[93.0632,25.002],[93.0623,25.0062],[93.0588,25.0079],[93.0593,25.0117],[93.0614,25.0142],[93.0614,25.0142],[93.0631,25.0149],[93.0639,25.0153],[93.0639,25.0153],[93.0609,25.0226],[93.0572,25.0239],[93.0568,25.0268],[93.0499,25.0326],[93.0403,25.0362],[93.0385,25.0396],[93.0293,25.0468],[93.0262,25.0521],[93.0177,25.0611],[93.0237,25.0735],[93.0303,25.0751],[93.0303,25.0751],[93.0303,25.0751],[93.0414,25.0849],[93.0479,25.0936],[93.0496,25.0989],[93.044,25.1029],[93.0334,25.1034],[93.022,25.0996],[93.022,25.0996],[93.022,25.0996],[93.0192,25.0953],[93.0083,25.0962],[93,25.0952],[92.9936,25.095],[92.9885,25.0936],[92.9885,25.0936],[92.9885,25.0936],[92.983,25.0874],[92.9785,25.0848],[92.9681,25.0884],[92.9625,25.0882],[92.9625,25.0882],[92.9573,25.0861],[92.9573,25.0861],[92.9573,25.0861],[92.9562,25.0836],[92.956,25.0733],[92.952,25.0704],[92.9461,25.0704],[92.942,25.0744],[92.9358,25.0771],[92.9238,25.0796],[92.9142,25.0801],[92.9018,25.0794],[92.9018,25.0794],[92.9018,25.0794],[92.8898,25.0737],[92.8858,25.0682],[92.8829,25.0668],[92.8829,25.0668],[92.8757,25.0651],[92.87,25.0659],[92.87,25.0659],[92.8699,25.0658],[92.866,25.0636],[92.8587,25.0632],[92.8587,25.0632],[92.8587,25.0632],[92.8563,25.0622],[92.8527,25.0587],[92.8413,25.0531],[92.836,25.0549],[92.8313,25.0603],[92.8306,25.0618],[92.831,25.0684],[92.8292,25.0714],[92.8274,25.0725],[92.8087,25.0831],[92.8028,25.0854],[92.799,25.0858],[92.7883,25.0851],[92.7861,25.0853],[92.7837,25.0866],[92.7769,25.0947],[92.7678,25.1035],[92.7685,25.1107],[92.7675,25.1169],[92.7657,25.1212],[92.7598,25.1279],[92.7566,25.1386],[92.7566,25.1386],[92.7506,25.1357],[92.7467,25.1353],[92.74,25.1406],[92.74,25.1406],[92.74,25.1406],[92.7386,25.1392],[92.7375,25.1395],[92.7366,25.1409],[92.7335,25.1429],[92.7335,25.1429],[92.7335,25.1429],[92.732,25.1377],[92.7375,25.1281],[92.7382,25.1256],[92.7375,25.1241],[92.7284,25.117],[92.7261,25.1121],[92.7231,25.1129],[92.7204,25.1154],[92.7169,25.1175],[92.7169,25.1175],[92.7167,25.1174],[92.7128,25.116],[92.7128,25.116],[92.7128,25.116],[92.7078,25.1109],[92.702,25.1087],[92.6984,25.1095],[92.6965,25.1108],[92.6928,25.1139],[92.6874,25.1144],[92.6851,25.1138],[92.6851,25.1138],[92.6851,25.1138],[92.6776,25.1087],[92.6727,25.1081],[92.6664,25.1105],[92.6625,25.1133],[92.6607,25.1136],[92.6575,25.113],[92.6563,25.1149],[92.6527,25.1171],[92.6482,25.1178],[92.6435,25.1168],[92.6435,25.1168],[92.6435,25.1168],[92.639,25.1137],[92.6368,25.109],[92.6349,25.1079],[92.6306,25.1079],[92.6269,25.1066],[92.6269,25.1066],[92.6233,25.1019],[92.6212,25.1019],[92.6139,25.1045],[92.6054,25.1104],[92.6033,25.1102],[92.6033,25.1102],[92.6033,25.1102],[92.5964,25.1061],[92.5878,25.1049],[92.5878,25.1049],[92.5801,25.1023],[92.5749,25.1015],[92.566,25.1011],[92.5648,25.1018],[92.5606,25.1041],[92.5586,25.1035],[92.5492,25.1037],[92.5492,25.1037],[92.5492,25.1037],[92.545,25.097],[92.5434,25.0973],[92.5413,25.1018],[92.5335,25.1099],[92.5318,25.1176],[92.5307,25.1196],[92.5257,25.1233],[92.5252,25.1378],[92.528,25.1377],[92.5307,25.1346],[92.5361,25.1321],[92.5404,25.135],[92.5436,25.1327],[92.5536,25.1284],[92.5583,25.1277],[92.566,25.1289],[92.5685,25.1278],[92.5795,25.1297],[92.5821,25.1295],[92.5949,25.1259],[92.5988,25.1223],[92.6036,25.1226],[92.6104,25.1217],[92.622,25.1153],[92.6251,25.1163],[92.6303,25.1226],[92.6312,25.1294],[92.6328,25.1351],[92.6384,25.1428],[92.6444,25.1487],[92.6486,25.1502],[92.6516,25.1499],[92.6561,25.1517],[92.6599,25.1567],[92.6612,25.1598],[92.6634,25.1705],[92.6647,25.1729],[92.6673,25.1746],[92.6726,25.1757],[92.6774,25.1797],[92.6798,25.1806],[92.6832,25.1795],[92.688,25.1798],[92.6943,25.1788],[92.705,25.188],[92.7166,25.1916],[92.7245,25.1966],[92.7337,25.2006],[92.7424,25.2005],[92.7475,25.2051],[92.752,25.2047],[92.7549,25.2027],[92.7592,25.2014],[92.7638,25.2012],[92.768,25.2021],[92.7799,25.2004],[92.7881,25.2069],[92.7932,25.2097],[92.7987,25.2108],[92.8038,25.2145],[92.8047,25.2166],[92.8034,25.2188],[92.7947,25.2233],[92.7866,25.2287],[92.7726,25.2306],[92.7706,25.2376],[92.765,25.2467],[92.7771,25.2579],[92.7765,25.2603],[92.7701,25.2663],[92.7799,25.2711],[92.7825,25.2733],[92.7895,25.2759],[92.7926,25.2825],[92.7926,25.2841],[92.7892,25.2889],[92.7873,25.298],[92.7842,25.3053],[92.7852,25.3089],[92.7884,25.315],[92.7848,25.3299],[92.7829,25.3317],[92.7729,25.337],[92.7699,25.3369],[92.7637,25.333],[92.761,25.3327],[92.7592,25.3372],[92.7517,25.3459],[92.7506,25.3518],[92.7487,25.3555],[92.7462,25.3586],[92.7411,25.3612],[92.7406,25.3621],[92.7411,25.3642],[92.7366,25.3713],[92.7376,25.3787],[92.7354,25.3799],[92.726,25.3779],[92.7219,25.373],[92.7211,25.3724],[92.7187,25.3725],[92.7169,25.3768],[92.7135,25.382],[92.7103,25.3836],[92.7035,25.3841],[92.701,25.3853],[92.6941,25.3975],[92.6888,25.4019],[92.6807,25.4061],[92.6744,25.4147],[92.6716,25.4143],[92.6677,25.4116],[92.6644,25.4069],[92.6608,25.4079],[92.6576,25.4133],[92.6543,25.4215],[92.655,25.4329],[92.6513,25.4293],[92.6424,25.4171],[92.6403,25.4172],[92.6399,25.418],[92.6387,25.4203],[92.6387,25.4264],[92.6334,25.4308],[92.63,25.4323],[92.6293,25.4282],[92.63,25.4246],[92.6294,25.4226],[92.6214,25.4213],[92.6186,25.4197],[92.6155,25.4151],[92.6126,25.4138],[92.6098,25.4142],[92.6078,25.4162],[92.6077,25.4248],[92.6085,25.428],[92.6061,25.4396],[92.6063,25.446],[92.6053,25.4479],[92.6019,25.4501],[92.601,25.4515],[92.6006,25.4547],[92.6022,25.4618],[92.599,25.4693],[92.5945,25.4687],[92.5863,25.4653],[92.5831,25.4706],[92.5723,25.4618],[92.57,25.4625],[92.5682,25.4652],[92.5674,25.4728],[92.5687,25.4785],[92.5765,25.4881],[92.5819,25.4929],[92.5904,25.4972],[92.5945,25.5008],[92.6065,25.5058],[92.6104,25.5103],[92.6225,25.5134],[92.6285,25.5198],[92.6385,25.5262],[92.6455,25.5351],[92.6458,25.5442],[92.6508,25.5576],[92.6582,25.561],[92.6615,25.5679],[92.6616,25.5794],[92.664,25.5754],[92.6648,25.5716],[92.6662,25.5737],[92.6675,25.5729],[92.6701,25.5733],[92.6838,25.5767],[92.6855,25.5791],[92.6819,25.5813],[92.6826,25.5845],[92.6921,25.5939],[92.6984,25.5982],[92.7032,25.5997],[92.7095,25.5993],[92.7119,25.5998],[92.7157,25.5991],[92.7191,25.59],[92.7201,25.59],[92.742,25.5952],[92.7473,25.5975],[92.7508,25.6001],[92.7523,25.6037],[92.751,25.6064],[92.7532,25.6129],[92.7637,25.6176],[92.7665,25.6166],[92.7684,25.619],[92.7682,25.6217],[92.7637,25.626],[92.7638,25.6286],[92.7703,25.6339],[92.7729,25.6395],[92.7818,25.6471],[92.7885,25.6555],[92.7889,25.661],[92.7851,25.6683],[92.7795,25.6743],[92.7779,25.6779],[92.7818,25.6811],[92.7906,25.6855],[92.7937,25.6879],[92.7988,25.6886],[92.8004,25.6908],[92.8067,25.7005],[92.8128,25.702],[92.817,25.7107],[92.8194,25.7127],[92.8241,25.7252],[92.8244,25.728],[92.8222,25.736],[92.8223,25.7399],[92.8235,25.741],[92.8292,25.7436],[92.8328,25.7438],[92.8341,25.7445],[92.8358,25.7473],[92.8387,25.7494],[92.8441,25.749],[92.851,25.7511],[92.8576,25.7511],[92.8701,25.7549],[92.8875,25.7579],[92.8926,25.7605],[92.9072,25.7647],[92.9113,25.7666],[92.9154,25.7697],[92.9222,25.7707],[92.9277,25.7764],[92.9299,25.7808],[92.9291,25.7849],[92.9326,25.803],[92.9314,25.8076],[92.9367,25.8059],[92.9449,25.8047],[92.9531,25.8107],[92.9548,25.8106],[92.9632,25.817],[92.9657,25.8174],[92.9677,25.8166],[92.9671,25.815],[92.9602,25.8087],[92.9586,25.8054],[92.9588,25.8005],[92.9698,25.7931],[92.9722,25.7901],[92.9697,25.7858],[92.9699,25.7846],[92.971,25.784],[92.9729,25.7847],[92.9766,25.7875],[92.9838,25.7909],[92.9844,25.7904],[92.9828,25.7862],[92.986,25.7832],[92.9895,25.7867],[92.9911,25.7953],[92.9893,25.8028],[92.9854,25.8063],[92.9853,25.809],[92.9893,25.8195],[92.991,25.8219],[92.9927,25.8233],[93,25.8197],[93.0075,25.8063],[93.011,25.7914],[93.0175,25.7898],[93.0203,25.7958],[93.0269,25.7957],[93.0307,25.7911],[93.0372,25.7879],[93.0541,25.7798],[93.0633,25.778],[93.0726,25.7746]]]},"properties":{"district_name":"Dima Hasao","raw_district_name":"Dima Hasao","state_code":"AS","state_name":"Assam","census_code":315,"data_source":"DataMeet India Maps (Census 2011 Boundaries)"}},{"type":"Feature","geometry":{"type":"Polygon","coordinates":[[[95.3716,27.1053],[95.3695,27.106],[95.3668,27.1068],[95.3489,27.0987],[95.3354,27.0899],[95.3236,27.0836],[95.3135,27.0808],[95.31,27.0752],[95.2969,27.0669],[95.2882,27.0604],[95.2781,27.0508],[95.2797,27.048],[95.2779,27.0438],[95.2712,27.0391],[95.267,27.0345],[95.2629,27.0351],[95.2602,27.033],[95.261,27.0313],[95.2525,27.026],[95.2485,27.0243],[95.244,27.0282],[95.2382,27.0373],[95.235,27.0377],[95.2312,27.0398],[95.2325,27.037],[95.2298,27.0343],[95.2263,27.0364],[95.223,27.035],[95.22,27.0309],[95.2141,27.0276],[95.208,27.0289],[95.2042,27.0372],[95.2013,27.0365],[95.1988,27.0386],[95.1959,27.0372],[95.1548,27.0003],[95.1498,26.9941],[95.1431,26.9926],[95.1373,26.9878],[95.1267,26.9812],[95.1173,26.978],[95.1138,26.9719],[95.1135,26.9666],[95.1104,26.9612],[95.0872,26.947],[95.0657,26.9425],[95.055,26.9352],[95.0384,26.9329],[95.0289,26.9269],[95.0217,26.9198],[95.0169,26.9188],[95.0061,26.9193],[94.9998,26.9187],[94.9934,26.9206],[94.9915,26.9174],[94.9924,26.9128],[94.9898,26.9123],[94.986,26.9127],[94.98,26.9191],[94.9746,26.9221],[94.9711,26.9229],[94.9684,26.926],[94.9672,26.9307],[94.9646,26.9352],[94.9577,26.9381],[94.9475,26.9348],[94.9417,26.9339],[94.939,26.9326],[94.9341,26.9332],[94.9286,26.9467],[94.9242,26.945],[94.9185,26.9398],[94.9143,26.9372],[94.9093,26.9369],[94.9018,26.935],[94.895,26.932],[94.8867,26.9272],[94.882,26.9214],[94.8701,26.9097],[94.8691,26.9046],[94.8658,26.9016],[94.8595,26.888],[94.8538,26.88],[94.852,26.876],[94.8463,26.8715],[94.8392,26.8687],[94.8369,26.8632],[94.8327,26.8574],[94.8267,26.854],[94.8215,26.8492],[94.8221,26.844],[94.8215,26.8396],[94.8171,26.8362],[94.8158,26.8315],[94.8154,26.8247],[94.8134,26.8195],[94.8096,26.818],[94.8071,26.8159],[94.797,26.8132],[94.802,26.8085],[94.8057,26.8069],[94.8026,26.8008],[94.7953,26.7984],[94.7911,26.7962],[94.786,26.7933],[94.7735,26.7897],[94.7694,26.7859],[94.7687,26.7781],[94.7627,26.7747],[94.7604,26.7714],[94.7597,26.7689],[94.7567,26.767],[94.7545,26.7691],[94.7511,26.7744],[94.7462,26.7769],[94.7427,26.7734],[94.742,26.7684],[94.7381,26.7636],[94.7369,26.7622],[94.7322,26.7588],[94.72,26.7528],[94.7117,26.7476],[94.6972,26.7345],[94.6918,26.7306],[94.6869,26.7274],[94.6655,26.7226],[94.6589,26.7197],[94.6537,26.7185],[94.6466,26.7194],[94.6407,26.7189],[94.6324,26.7146],[94.6287,26.7136],[94.6231,26.7145],[94.6215,26.7161],[94.6205,26.7217],[94.6178,26.7255],[94.6124,26.7277],[94.6109,26.7309],[94.6105,26.7351],[94.6046,26.7343],[94.6004,26.7328],[94.5956,26.7249],[94.5862,26.7256],[94.5828,26.7321],[94.5844,26.7355],[94.5751,26.7415],[94.5739,26.7432],[94.5761,26.7518],[94.5704,26.7506],[94.5673,26.7483],[94.5633,26.7506],[94.5623,26.7543],[94.5604,26.7563],[94.555,26.7508],[94.5513,26.7474],[94.5475,26.7521],[94.545,26.7568],[94.5409,26.7614],[94.5368,26.76],[94.539,26.756],[94.5361,26.7536],[94.5337,26.7556],[94.5298,26.7614],[94.5312,26.7645],[94.5247,26.7637],[94.522,26.7672],[94.5245,26.768],[94.5259,26.7702],[94.5255,26.7715],[94.5183,26.772],[94.5161,26.7748],[94.5174,26.7781],[94.5194,26.7798],[94.5214,26.7834],[94.5255,26.7868],[94.525,26.7901],[94.5228,26.7921],[94.5215,26.7919],[94.5192,26.7936],[94.519,26.7959],[94.5252,26.8005],[94.5242,26.8074],[94.5126,26.8131],[94.5091,26.8178],[94.5037,26.8228],[94.4982,26.8251],[94.4904,26.8315],[94.4899,26.8338],[94.4949,26.8497],[94.4952,26.8527],[94.4938,26.856],[94.495,26.8631],[94.4983,26.8694],[94.4971,26.8737],[94.4947,26.8765],[94.4963,26.8804],[94.4955,26.8834],[94.4916,26.8844],[94.4892,26.8864],[94.4822,26.8975],[94.4814,26.9022],[94.4863,26.9065],[94.4818,26.9146],[94.4849,26.9177],[94.4819,26.9249],[94.4822,26.9339],[94.4765,26.9366],[94.4681,26.9389],[94.4596,26.9396],[94.4442,26.9375],[94.4388,26.9378],[94.4355,26.9389],[94.4314,26.9391],[94.4231,26.9425],[94.4181,26.9432],[94.4154,26.9418],[94.4127,26.9421],[94.4084,26.9434],[94.4039,26.9475],[94.4024,26.9516],[94.4019,26.9578],[94.4035,26.9599],[94.4264,26.9725],[94.4416,26.9823],[94.4608,26.9908],[94.4651,26.9938],[94.4706,27.0008],[94.473,27.014],[94.4756,27.0225],[94.481,27.0294],[94.4996,27.0349],[94.511,27.0411],[94.5151,27.0474],[94.5313,27.0663],[94.5399,27.0687],[94.5466,27.074],[94.5499,27.0822],[94.5526,27.093],[94.5595,27.0984],[94.5652,27.1006],[94.5708,27.1103],[94.5785,27.1168],[94.5826,27.1249],[94.5829,27.1342],[94.5958,27.1451],[94.6082,27.1593],[94.6178,27.1759],[94.6247,27.2017],[94.6358,27.2227],[94.6466,27.2465],[94.663,27.2471],[94.6822,27.2444],[94.6865,27.2468],[94.6955,27.2681],[94.6996,27.2709],[94.7047,27.2709],[94.7085,27.2668],[94.7107,27.2507],[94.7151,27.2456],[94.7209,27.2445],[94.7261,27.2459],[94.7251,27.2511],[94.7186,27.2565],[94.7219,27.2648],[94.7335,27.2737],[94.7458,27.2746],[94.7523,27.2719],[94.7535,27.269],[94.7474,27.2613],[94.742,27.2488],[94.7425,27.2453],[94.7485,27.2439],[94.7579,27.2449],[94.7639,27.2489],[94.7676,27.2452],[94.7754,27.2416],[94.7795,27.2386],[94.7729,27.2228],[94.7716,27.2163],[94.7777,27.2124],[94.7791,27.2035],[94.7807,27.1983],[94.7815,27.1907],[94.7772,27.1888],[94.7749,27.1841],[94.7761,27.1802],[94.7759,27.1744],[94.7812,27.1716],[94.7779,27.1699],[94.7752,27.1655],[94.7727,27.1631],[94.7729,27.1602],[94.7675,27.1572],[94.765,27.1529],[94.7646,27.1528],[94.758,27.1509],[94.7624,27.1492],[94.7605,27.1424],[94.7658,27.1275],[94.7978,27.1189],[94.8031,27.1199],[94.8057,27.119],[94.8097,27.1176],[94.8123,27.1154],[94.8206,27.1141],[94.8188,27.1085],[94.8148,27.1057],[94.8142,27.0988],[94.8201,27.0999],[94.8229,27.0986],[94.827,27.1],[94.8309,27.0954],[94.8372,27.0938],[94.843,27.0946],[94.8491,27.1081],[94.8567,27.1173],[94.8667,27.1315],[94.8875,27.1566],[94.9271,27.1897],[94.9585,27.2207],[94.9702,27.2287],[94.9731,27.2226],[94.9752,27.2118],[94.9761,27.1944],[94.9863,27.1697],[94.9845,27.1657],[94.9853,27.1592],[94.9813,27.1503],[94.9897,27.1463],[94.9998,27.1469],[95.0079,27.1477],[95.0174,27.1451],[95.0274,27.1438],[95.0325,27.145],[95.0411,27.1519],[95.0505,27.1536],[95.0546,27.1512],[95.0596,27.138],[95.0623,27.1356],[95.0961,27.1359],[95.1036,27.1354],[95.1133,27.1346],[95.1145,27.1306],[95.1162,27.1279],[95.118,27.1287],[95.1175,27.1303],[95.119,27.1341],[95.1225,27.1334],[95.1246,27.1301],[95.1279,27.1308],[95.1283,27.1335],[95.1304,27.1375],[95.1346,27.1374],[95.1354,27.1345],[95.1417,27.1367],[95.1504,27.1333],[95.1506,27.1271],[95.1527,27.125],[95.1554,27.126],[95.1536,27.1288],[95.1531,27.1317],[95.1539,27.1328],[95.1549,27.1343],[95.1578,27.1345],[95.1593,27.1317],[95.1614,27.1277],[95.1651,27.1267],[95.1627,27.131],[95.1666,27.1325],[95.1675,27.1343],[95.1726,27.1364],[95.1706,27.1419],[95.1753,27.1455],[95.1762,27.1432],[95.1753,27.1413],[95.1747,27.1399],[95.1763,27.1371],[95.1796,27.1408],[95.18,27.1432],[95.1788,27.145],[95.1786,27.1454],[95.1801,27.1477],[95.1839,27.1488],[95.188,27.151],[95.1841,27.1572],[95.1837,27.1589],[95.1848,27.1616],[95.1882,27.1604],[95.1902,27.1587],[95.1942,27.1583],[95.193,27.1574],[95.1941,27.1557],[95.2012,27.158],[95.2002,27.1608],[95.2015,27.1624],[95.2142,27.1638],[95.2153,27.1672],[95.2146,27.1675],[95.2109,27.1691],[95.2113,27.1717],[95.2141,27.1728],[95.2205,27.1683],[95.2194,27.1664],[95.2192,27.166],[95.2211,27.1644],[95.2267,27.1662],[95.2302,27.1723],[95.2335,27.1713],[95.2405,27.1693],[95.2394,27.1723],[95.2365,27.174],[95.2349,27.1763],[95.2348,27.1764],[95.2347,27.1788],[95.2414,27.1798],[95.2437,27.1818],[95.2406,27.1863],[95.2425,27.1876],[95.2478,27.1889],[95.2528,27.1911],[95.2562,27.1914],[95.2577,27.189],[95.258,27.1853],[95.2594,27.1837],[95.2613,27.1841],[95.2604,27.1868],[95.2607,27.1878],[95.261,27.1887],[95.2626,27.1895],[95.2672,27.1852],[95.2686,27.1884],[95.2683,27.1925],[95.2725,27.1905],[95.2738,27.1887],[95.2808,27.1883],[95.2802,27.1915],[95.281,27.1925],[95.2835,27.193],[95.2858,27.1921],[95.2864,27.1946],[95.2837,27.1961],[95.2894,27.1968],[95.2955,27.1949],[95.3002,27.1944],[95.3001,27.1938],[95.3033,27.1922],[95.3063,27.1887],[95.3102,27.1883],[95.3141,27.1841],[95.3171,27.1836],[95.3199,27.1865],[95.3306,27.1869],[95.3358,27.1857],[95.3385,27.1835],[95.3458,27.1808],[95.3472,27.1774],[95.3455,27.174],[95.346,27.1721],[95.3484,27.1709],[95.3551,27.1698],[95.3593,27.1676],[95.3611,27.1601],[95.36,27.1577],[95.3629,27.1512],[95.367,27.1463],[95.3692,27.1358],[95.3689,27.1335],[95.3662,27.1273],[95.3637,27.1238],[95.3664,27.1157],[95.3732,27.1122],[95.3738,27.11],[95.3716,27.1053]]]},"properties":{"district_name":"Sivasagar","raw_district_name":"Sivasagar","state_code":"AS","state_name":"Assam","census_code":311,"data_source":"DataMeet India Maps (Census 2011 Boundaries)"}},{"type":"Feature","geometry":{"type":"Polygon","coordinates":[[[92.3635,26.5856],[92.3689,26.5973],[92.3737,26.6037],[92.3792,26.6079],[92.3852,26.6089],[92.3868,26.6164],[92.3871,26.6194],[92.3908,26.6229],[92.3976,26.6231],[92.4021,26.6258],[92.4033,26.6295],[92.4072,26.6353],[92.4083,26.6375],[92.4087,26.642],[92.4076,26.6474],[92.4005,26.6533],[92.3934,26.6584],[92.3904,26.6617],[92.3909,26.667],[92.3904,26.6708],[92.3867,26.6756],[92.3867,26.684],[92.3869,26.6954],[92.3784,26.7029],[92.3677,26.706],[92.3653,26.7161],[92.3592,26.7318],[92.3576,26.741],[92.3582,26.7478],[92.3552,26.7511],[92.3509,26.7597],[92.3452,26.7701],[92.3435,26.7706],[92.3433,26.772],[92.3394,26.7778],[92.3383,26.7826],[92.341,26.785],[92.3408,26.7873],[92.3363,26.7917],[92.3378,26.7948],[92.3333,26.8016],[92.3327,26.8055],[92.3377,26.8111],[92.3364,26.813],[92.3339,26.8146],[92.3349,26.8186],[92.3346,26.8214],[92.3352,26.8225],[92.3374,26.8226],[92.341,26.8243],[92.3347,26.8307],[92.3355,26.8331],[92.335,26.8353],[92.3377,26.8403],[92.3394,26.846],[92.3431,26.8486],[92.3429,26.852],[92.3463,26.8548],[92.3463,26.8564],[92.3479,26.8583],[92.3487,26.8614],[92.3464,26.8643],[92.3465,26.8685],[92.3479,26.8731],[92.3457,26.8794],[92.3448,26.8852],[92.3501,26.8902],[92.3527,26.9057],[92.3561,26.9108],[92.3564,26.9132],[92.3587,26.9163],[92.3622,26.9246],[92.3676,26.9312],[92.3705,26.9301],[92.4029,26.9248],[92.415,26.9427],[92.4289,26.942],[92.4453,26.9535],[92.4493,26.9591],[92.4627,26.9618],[92.4694,26.9615],[92.4868,26.9632],[92.4937,26.9632],[92.5081,26.9652],[92.5185,26.9628],[92.5348,26.9617],[92.5566,26.9574],[92.5882,26.9602],[92.6484,26.9857],[92.6483,26.9939],[92.6472,27.0008],[92.6476,27.0084],[92.6421,27.0169],[92.6535,27.0231],[92.6601,27.0359],[92.662,27.0368],[92.6854,27.03],[92.7053,27.0258],[92.7166,27.0243],[92.7305,27.0266],[92.772,27.0312],[92.7882,27.0289],[92.8273,27.0166],[92.8394,27.0117],[92.8752,27.0058],[92.8861,27.0004],[92.893,26.9978],[92.9025,26.9943],[92.9194,26.9826],[92.9176,26.9677],[92.9204,26.9622],[92.929,26.9586],[92.9354,26.9549],[92.954,26.9468],[92.9642,26.9438],[92.9755,26.9387],[92.9832,26.9335],[92.9853,26.9338],[92.9892,26.9317],[92.9963,26.9296],[92.9969,26.9292],[92.9999,26.9282],[93.0218,26.9146],[93.0406,26.9157],[93.065,26.9198],[93.0713,26.922],[93.0788,26.9177],[93.0943,26.9132],[93.1113,26.925],[93.1866,26.9364],[93.2247,26.9467],[93.2691,26.9535],[93.3501,26.9606],[93.3764,26.9578],[93.3929,26.9574],[93.4387,26.9534],[93.4499,26.9514],[93.4659,26.9408],[93.4701,26.9361],[93.4823,26.9374],[93.4888,26.9403],[93.4914,26.9357],[93.5278,26.9458],[93.5475,26.9489],[93.5727,26.9512],[93.5861,26.9497],[93.5977,26.9522],[93.6264,26.9612],[93.642,26.9618],[93.657,26.9634],[93.6776,26.968],[93.7001,26.9917],[93.7035,26.9895],[93.7051,26.9851],[93.711,26.9833],[93.7274,26.9747],[93.7294,26.9694],[93.739,26.9643],[93.7449,26.9583],[93.748,26.9478],[93.7469,26.9371],[93.7499,26.9306],[93.7501,26.925],[93.7525,26.9189],[93.7498,26.9122],[93.7451,26.9078],[93.7465,26.9004],[93.7505,26.8942],[93.7578,26.8915],[93.7661,26.8908],[93.7734,26.8889],[93.7761,26.8882],[93.781,26.8845],[93.7834,26.8778],[93.7834,26.8729],[93.7904,26.8575],[93.7814,26.8513],[93.7745,26.8493],[93.7737,26.8437],[93.7672,26.8369],[93.7619,26.8225],[93.7597,26.8136],[93.7551,26.8052],[93.7468,26.8007],[93.739,26.8084],[93.7285,26.8147],[93.7184,26.8172],[93.7127,26.8175],[93.6974,26.7977],[93.6907,26.7953],[93.6724,26.8002],[93.6579,26.7916],[93.6516,26.7891],[93.6496,26.784],[93.6508,26.7776],[93.6566,26.7607],[93.6628,26.7368],[93.6698,26.7252],[93.6736,26.7127],[93.667,26.714],[93.6515,26.7049],[93.6392,26.7063],[93.6203,26.7124],[93.6026,26.7157],[93.5675,26.7238],[93.5618,26.7278],[93.5642,26.7361],[93.5554,26.7374],[93.547,26.7419],[93.5418,26.7482],[93.5358,26.7537],[93.5239,26.7552],[93.5111,26.7603],[93.4943,26.757],[93.4729,26.759],[93.4626,26.7569],[93.451,26.7512],[93.4452,26.746],[93.4336,26.7445],[93.4172,26.7475],[93.4097,26.7518],[93.4052,26.7529],[93.3823,26.7444],[93.374,26.7426],[93.3594,26.7375],[93.3493,26.7315],[93.344,26.7231],[93.3421,26.7153],[93.3377,26.7074],[93.3316,26.7063],[93.325,26.7061],[93.3209,26.7024],[93.3093,26.6981],[93.3042,26.6973],[93.2985,26.6983],[93.2922,26.6951],[93.2904,26.6871],[93.2758,26.6826],[93.2665,26.6817],[93.2532,26.6853],[93.2469,26.6837],[93.2395,26.6744],[93.2351,26.6656],[93.2312,26.6446],[93.2251,26.6344],[93.2182,26.6255],[93.1957,26.6153],[93.18,26.612],[93.1737,26.6097],[93.1621,26.5988],[93.1354,26.5842],[93.1244,26.5774],[93.1155,26.5745],[93.1074,26.5757],[93.0959,26.5821],[93.0856,26.5892],[93.0744,26.5945],[93.068,26.594],[93.0572,26.5948],[93.0416,26.5941],[93.021,26.5965],[93.0091,26.5982],[92.9999,26.6032],[92.994,26.609],[92.9907,26.6132],[92.9841,26.615],[92.9657,26.6183],[92.9536,26.6184],[92.9443,26.6171],[92.9407,26.6155],[92.9365,26.6121],[92.9243,26.5981],[92.9194,26.5959],[92.9113,26.5938],[92.8967,26.5954],[92.891,26.5933],[92.8801,26.5875],[92.8742,26.5831],[92.8712,26.5822],[92.8642,26.5831],[92.8591,26.5847],[92.8522,26.5852],[92.8426,26.5832],[92.8357,26.5804],[92.8259,26.5749],[92.8021,26.5585],[92.7998,26.5576],[92.7945,26.5571],[92.7737,26.5562],[92.7688,26.5472],[92.7674,26.5387],[92.7652,26.5318],[92.762,26.529],[92.7596,26.5249],[92.7597,26.5191],[92.758,26.5134],[92.7556,26.5117],[92.7494,26.5124],[92.7423,26.5146],[92.7361,26.5171],[92.7301,26.5208],[92.7292,26.5225],[92.7289,26.532],[92.7282,26.5345],[92.727,26.5351],[92.7172,26.5333],[92.7122,26.5306],[92.7054,26.5257],[92.6916,26.5106],[92.6877,26.5086],[92.6842,26.5092],[92.6748,26.5167],[92.6705,26.5191],[92.6661,26.5202],[92.6569,26.5179],[92.6418,26.5173],[92.6357,26.5161],[92.6203,26.5114],[92.6062,26.5085],[92.581,26.5],[92.5693,26.5012],[92.5669,26.5028],[92.5587,26.5049],[92.5472,26.506],[92.5367,26.5089],[92.529,26.5092],[92.5123,26.5069],[92.4949,26.5026],[92.4889,26.5004],[92.4821,26.4966],[92.4754,26.4954],[92.4671,26.4975],[92.4634,26.4995],[92.46,26.5025],[92.4563,26.5074],[92.4553,26.515],[92.4535,26.5185],[92.4482,26.52],[92.4444,26.5202],[92.4382,26.5196],[92.4249,26.5167],[92.4198,26.5157],[92.4196,26.5156],[92.4046,26.514],[92.3916,26.5144],[92.388,26.5169],[92.3858,26.517],[92.3656,26.5052],[92.3607,26.5049],[92.3506,26.5062],[92.3478,26.5058],[92.3465,26.5021],[92.3446,26.5082],[92.3353,26.5101],[92.3281,26.5093],[92.3286,26.5111],[92.3328,26.5146],[92.3495,26.5243],[92.353,26.5289],[92.3558,26.5301],[92.3683,26.5308],[92.374,26.53],[92.3821,26.5308],[92.3839,26.5311],[92.3859,26.5345],[92.3803,26.5405],[92.3725,26.5533],[92.3689,26.5577],[92.368,26.5614],[92.3697,26.5635],[92.3698,26.5663],[92.3683,26.5681],[92.363,26.5688],[92.3599,26.57],[92.3582,26.5717],[92.3577,26.5744],[92.359,26.5767],[92.3621,26.5778],[92.3648,26.5807],[92.367,26.5806],[92.3638,26.5856],[92.3635,26.5856]]]},"properties":{"district_name":"Sonitpur","raw_district_name":"Sonitpur","state_code":"AS","state_name":"Assam","census_code":306,"data_source":"DataMeet India Maps (Census 2011 Boundaries)"}},{"type":"Feature","geometry":{"type":"Polygon","coordinates":[[[95.882,27.5468],[95.8821,27.5394],[95.8805,27.5234],[95.8814,27.516],[95.879,27.5134],[95.8824,27.5086],[95.8876,27.5048],[95.8902,27.4997],[95.8866,27.4971],[95.881,27.4946],[95.8796,27.4927],[95.8797,27.4862],[95.8818,27.4809],[95.8789,27.4691],[95.8767,27.4646],[95.8665,27.4625],[95.8616,27.4598],[95.8599,27.4561],[95.8642,27.4455],[95.86,27.4425],[95.8556,27.4408],[95.8534,27.4382],[95.8499,27.4283],[95.8498,27.4237],[95.8562,27.4211],[95.858,27.4182],[95.8584,27.4141],[95.8677,27.4105],[95.8671,27.4126],[95.8646,27.4147],[95.8636,27.4182],[95.8653,27.4224],[95.8762,27.4287],[95.883,27.4375],[95.8891,27.4374],[95.8908,27.433],[95.8898,27.425],[95.8904,27.4197],[95.8947,27.4116],[95.8946,27.4077],[95.8922,27.4031],[95.8934,27.3993],[95.9004,27.4046],[95.9065,27.4165],[95.9083,27.4259],[95.9116,27.4333],[95.9172,27.4365],[95.9336,27.44],[95.9434,27.4396],[95.9502,27.4382],[95.9534,27.4367],[95.9539,27.434],[95.9508,27.4304],[95.9533,27.4265],[95.9576,27.4261],[95.9613,27.4219],[95.9639,27.4286],[95.9673,27.4298],[95.9677,27.4245],[95.9683,27.4172],[95.9721,27.4235],[95.9736,27.4299],[95.9781,27.4286],[95.9781,27.4254],[95.9805,27.4233],[95.9812,27.4192],[95.9783,27.4184],[95.9798,27.415],[95.9897,27.4148],[95.9915,27.4125],[95.9912,27.4076],[95.9948,27.4054],[96.0012,27.3965],[96.0003,27.3906],[96.0022,27.3865],[96.0085,27.3802],[96.0107,27.3742],[96.0151,27.3684],[96.021,27.3641],[96.0185,27.3608],[96.0133,27.3569],[96.0033,27.3574],[96.0022,27.3571],[95.9971,27.3564],[95.995,27.3532],[95.9938,27.3444],[95.9775,27.3352],[95.9743,27.3323],[95.9701,27.3299],[95.9724,27.3276],[95.9843,27.3272],[95.9781,27.3256],[95.9688,27.3248],[95.9691,27.3213],[95.9679,27.3175],[95.9627,27.3173],[95.9657,27.3146],[95.9633,27.31],[95.9407,27.3025],[95.9188,27.2922],[95.9124,27.2861],[95.9065,27.2849],[95.9025,27.2808],[95.9046,27.2792],[95.9044,27.2729],[95.9012,27.2694],[95.8981,27.2573],[95.894,27.256],[95.8877,27.2563],[95.8825,27.26],[95.8777,27.2604],[95.8724,27.26],[95.8655,27.2698],[95.861,27.2729],[95.8608,27.2765],[95.862,27.2831],[95.8606,27.2873],[95.8504,27.2863],[95.8381,27.2802],[95.8104,27.2741],[95.8087,27.2787],[95.8067,27.2812],[95.8065,27.285],[95.8009,27.282],[95.791,27.2787],[95.7849,27.2724],[95.7572,27.2677],[95.7401,27.2633],[95.7366,27.2601],[95.7321,27.2599],[95.7257,27.2526],[95.7213,27.251],[95.7157,27.2525],[95.7021,27.2491],[95.6957,27.2516],[95.6847,27.2509],[95.6796,27.2496],[95.6795,27.2474],[95.6373,27.2305],[95.6344,27.2334],[95.6194,27.2301],[95.6076,27.225],[95.5995,27.2232],[95.5904,27.2232],[95.5782,27.2358],[95.5786,27.2408],[95.5748,27.2448],[95.5636,27.2462],[95.5565,27.2481],[95.5546,27.2531],[95.5352,27.2645],[95.5301,27.2629],[95.5264,27.2601],[95.5209,27.2576],[95.5166,27.2625],[95.5113,27.2602],[95.5111,27.2529],[95.5067,27.2485],[95.4914,27.2426],[95.4874,27.2506],[95.4822,27.2527],[95.4738,27.2628],[95.4695,27.2595],[95.4595,27.2474],[95.4627,27.2399],[95.458,27.2322],[95.4495,27.2466],[95.4471,27.2523],[95.4653,27.2666],[95.4659,27.2713],[95.4582,27.2851],[95.4517,27.2949],[95.4705,27.3061],[95.4643,27.3212],[95.4531,27.33],[95.4612,27.3384],[95.4767,27.3424],[95.4742,27.3643],[95.4508,27.3689],[95.4412,27.3629],[95.4317,27.3719],[95.425,27.3749],[95.42,27.3817],[95.3974,27.3913],[95.3786,27.3916],[95.3804,27.3853],[95.3766,27.3805],[95.3513,27.3915],[95.3407,27.3894],[95.3254,27.3891],[95.3153,27.3912],[95.3079,27.3984],[95.3019,27.4086],[95.2964,27.4116],[95.2851,27.4077],[95.2781,27.4114],[95.2707,27.4055],[95.259,27.4104],[95.2605,27.4177],[95.2522,27.4261],[95.2523,27.4326],[95.2453,27.4325],[95.2393,27.4345],[95.2343,27.4402],[95.2307,27.4467],[95.2218,27.4578],[95.2309,27.472],[95.2304,27.4809],[95.2306,27.4859],[95.2321,27.4961],[95.2389,27.5025],[95.2531,27.5068],[95.2596,27.5079],[95.2642,27.5101],[95.2671,27.5158],[95.2673,27.5235],[95.2724,27.5252],[95.2666,27.5362],[95.2713,27.5466],[95.2749,27.5499],[95.2818,27.5466],[95.2852,27.5551],[95.279,27.5599],[95.2767,27.5673],[95.2789,27.5729],[95.284,27.5687],[95.2917,27.5684],[95.2939,27.5768],[95.2991,27.5751],[95.3024,27.5786],[95.3031,27.5833],[95.3091,27.5831],[95.3177,27.5845],[95.3228,27.5873],[95.3096,27.6173],[95.3036,27.6361],[95.2999,27.6475],[95.2982,27.6526],[95.2957,27.6578],[95.2921,27.6698],[95.2825,27.677],[95.2776,27.6824],[95.2843,27.6908],[95.2903,27.6939],[95.2989,27.6955],[95.3216,27.6953],[95.3441,27.702],[95.3933,27.7234],[95.4022,27.7254],[95.4108,27.7323],[95.4214,27.7382],[95.4442,27.7575],[95.4525,27.7659],[95.4597,27.7744],[95.4627,27.7828],[95.4632,27.789],[95.4701,27.8089],[95.4771,27.8164],[95.4805,27.8231],[95.4795,27.8296],[95.4836,27.8326],[95.4868,27.8379],[95.4878,27.8443],[95.493,27.8522],[95.5051,27.8571],[95.5169,27.8574],[95.5176,27.8704],[95.5177,27.8769],[95.523,27.8853],[95.528,27.893],[95.5348,27.8955],[95.5452,27.8974],[95.5461,27.9009],[95.5455,27.9086],[95.5668,27.9176],[95.568,27.9267],[95.573,27.9375],[95.5823,27.9386],[95.5904,27.9367],[95.5987,27.9462],[95.6085,27.9528],[95.8275,27.972],[95.9583,27.9635],[95.9789,27.9628],[95.9718,27.9536],[95.9666,27.9469],[95.9537,27.9361],[95.9529,27.9335],[95.9537,27.9315],[95.9589,27.9272],[95.9552,27.9245],[95.9567,27.9211],[95.9538,27.9171],[95.9449,27.9069],[95.9407,27.9041],[95.9397,27.8975],[95.93,27.8971],[95.9263,27.8952],[95.9253,27.8903],[95.9299,27.8848],[95.9271,27.8828],[95.9251,27.8846],[95.9226,27.8847],[95.9239,27.8804],[95.92,27.877],[95.9153,27.8751],[95.9142,27.8724],[95.9127,27.8673],[95.9075,27.8715],[95.9083,27.8647],[95.9018,27.8609],[95.8963,27.8615],[95.8934,27.8513],[95.875,27.834],[95.8676,27.8327],[95.8534,27.8284],[95.8473,27.8244],[95.8446,27.8157],[95.8362,27.8101],[95.8302,27.8079],[95.8244,27.8035],[95.8125,27.788],[95.8088,27.7842],[95.8076,27.7778],[95.8021,27.7711],[95.7966,27.7669],[95.79,27.7593],[95.7817,27.7525],[95.7859,27.734],[95.773,27.7287],[95.7638,27.7272],[95.7594,27.7254],[95.7598,27.7209],[95.7642,27.7169],[95.7716,27.7102],[95.7737,27.7055],[95.7744,27.6995],[95.7737,27.6941],[95.7756,27.6909],[95.7798,27.6885],[95.7942,27.6864],[95.7955,27.6783],[95.7865,27.6774],[95.7814,27.6733],[95.7795,27.6664],[95.7788,27.6603],[95.7802,27.6546],[95.7872,27.6497],[95.7958,27.6468],[95.8024,27.643],[95.8005,27.637],[95.7983,27.6335],[95.7983,27.6299],[95.7882,27.6263],[95.7859,27.6214],[95.788,27.6174],[95.7969,27.6121],[95.7989,27.6017],[95.8104,27.5992],[95.82,27.5989],[95.825,27.5969],[95.821,27.5894],[95.8206,27.5841],[95.822,27.5755],[95.8285,27.5755],[95.8327,27.5727],[95.837,27.5649],[95.8406,27.5604],[95.8467,27.5617],[95.8528,27.5594],[95.863,27.5462],[95.8677,27.5447],[95.8743,27.5448],[95.882,27.5468]]]},"properties":{"district_name":"Tinsukia","raw_district_name":"Tinsukia","state_code":"AS","state_name":"Assam","census_code":309,"data_source":"DataMeet India Maps (Census 2011 Boundaries)"}},{"type":"Feature","geometry":{"type":"Polygon","coordinates":[[[92.3527,26.9057],[92.3501,26.8902],[92.3448,26.8852],[92.3457,26.8794],[92.3479,26.8731],[92.3465,26.8685],[92.3464,26.8643],[92.3487,26.8614],[92.3479,26.8583],[92.3463,26.8564],[92.3463,26.8548],[92.3429,26.852],[92.3431,26.8486],[92.3394,26.846],[92.3377,26.8403],[92.335,26.8353],[92.3355,26.8331],[92.3347,26.8307],[92.341,26.8243],[92.3374,26.8226],[92.3352,26.8225],[92.3346,26.8214],[92.3349,26.8186],[92.3339,26.8146],[92.3364,26.813],[92.3377,26.8111],[92.3327,26.8055],[92.3333,26.8016],[92.3378,26.7948],[92.3363,26.7917],[92.3408,26.7873],[92.341,26.785],[92.3383,26.7826],[92.3394,26.7778],[92.3433,26.772],[92.3435,26.7706],[92.3452,26.7701],[92.3509,26.7597],[92.3552,26.7511],[92.3582,26.7478],[92.3576,26.741],[92.3592,26.7318],[92.3653,26.7161],[92.3677,26.706],[92.3784,26.7029],[92.3869,26.6954],[92.3867,26.684],[92.3867,26.6756],[92.3904,26.6708],[92.3909,26.667],[92.3904,26.6617],[92.3934,26.6584],[92.4005,26.6533],[92.4076,26.6474],[92.4087,26.642],[92.4083,26.6375],[92.4072,26.6353],[92.4033,26.6295],[92.4021,26.6258],[92.3976,26.6231],[92.3908,26.6229],[92.3871,26.6194],[92.3868,26.6164],[92.3852,26.6089],[92.3792,26.6079],[92.3737,26.6037],[92.3689,26.5973],[92.3635,26.5856],[92.3548,26.585],[92.3438,26.5815],[92.3352,26.5865],[92.3339,26.5875],[92.3281,26.5917],[92.3292,26.5958],[92.3402,26.5961],[92.3428,26.5972],[92.3419,26.6003],[92.3297,26.6044],[92.3281,26.6061],[92.3317,26.6079],[92.3321,26.6108],[92.3263,26.6125],[92.3251,26.614],[92.3257,26.6164],[92.3355,26.6279],[92.3354,26.6302],[92.3342,26.6322],[92.33,26.6368],[92.3329,26.6408],[92.3365,26.6414],[92.3414,26.6374],[92.3434,26.6365],[92.3454,26.637],[92.3391,26.6431],[92.3394,26.6446],[92.3415,26.6449],[92.3423,26.6473],[92.3412,26.6487],[92.3401,26.6494],[92.3354,26.6495],[92.3336,26.6504],[92.3332,26.652],[92.3361,26.6562],[92.3354,26.6616],[92.3385,26.6653],[92.3358,26.6687],[92.3349,26.6687],[92.3286,26.6704],[92.3228,26.6739],[92.32,26.6749],[92.3136,26.6776],[92.3109,26.6773],[92.3056,26.6751],[92.3036,26.6719],[92.3006,26.6649],[92.3002,26.6582],[92.298,26.6442],[92.2965,26.6397],[92.2943,26.6337],[92.2932,26.6304],[92.29,26.6282],[92.2847,26.6279],[92.2789,26.6269],[92.2757,26.6236],[92.2749,26.6208],[92.2745,26.6165],[92.2736,26.6105],[92.2728,26.6026],[92.272,26.5969],[92.2702,26.5923],[92.2656,26.5886],[92.2602,26.5856],[92.258,26.5824],[92.2513,26.5791],[92.2492,26.579],[92.2454,26.582],[92.2454,26.5848],[92.2446,26.5895],[92.2424,26.5952],[92.239,26.5986],[92.2386,26.6022],[92.2389,26.6051],[92.2396,26.6151],[92.2379,26.6251],[92.2334,26.6283],[92.2278,26.6317],[92.2243,26.6343],[92.2177,26.6404],[92.2168,26.6448],[92.2153,26.6519],[92.2136,26.6561],[92.2073,26.6628],[92.2022,26.6656],[92.1977,26.6667],[92.1894,26.6688],[92.1847,26.6675],[92.1804,26.664],[92.1779,26.661],[92.1771,26.6604],[92.1675,26.6606],[92.1642,26.6597],[92.1613,26.6573],[92.1569,26.654],[92.1506,26.6521],[92.1474,26.6497],[92.1422,26.6487],[92.134,26.6491],[92.1271,26.6472],[92.1235,26.646],[92.1198,26.6463],[92.1148,26.6438],[92.1102,26.6408],[92.1085,26.6397],[92.0982,26.6386],[92.096,26.6373],[92.0933,26.6349],[92.0923,26.6323],[92.089,26.6292],[92.0874,26.6293],[92.0819,26.6305],[92.0767,26.6286],[92.0763,26.6287],[92.0715,26.6207],[92.0682,26.6132],[92.0604,26.6123],[92.0584,26.6094],[92.0544,26.6028],[92.0483,26.5925],[92.0459,26.585],[92.0454,26.5804],[92.0467,26.5673],[92.0505,26.5624],[92.0542,26.556],[92.0565,26.5527],[92.057,26.5496],[92.0594,26.5479],[92.0609,26.5455],[92.0687,26.5464],[92.0713,26.5477],[92.0752,26.552],[92.0817,26.5577],[92.0862,26.5604],[92.0921,26.5592],[92.096,26.5558],[92.099,26.551],[92.0992,26.544],[92.0962,26.5397],[92.0915,26.5354],[92.0878,26.5326],[92.0856,26.5274],[92.0843,26.5229],[92.0822,26.5185],[92.0808,26.5124],[92.0845,26.5068],[92.0875,26.5027],[92.0945,26.4953],[92.0941,26.4914],[92.0901,26.4848],[92.0859,26.4852],[92.0821,26.4816],[92.077,26.482],[92.0698,26.4872],[92.0696,26.4933],[92.07,26.4979],[92.0721,26.5024],[92.0657,26.5067],[92.0657,26.5151],[92.0635,26.5192],[92.057,26.5227],[92.0514,26.5262],[92.0493,26.5318],[92.0455,26.5359],[92.0355,26.5474],[92.0311,26.5554],[92.0281,26.5595],[92.0152,26.5674],[92.0093,26.5686],[92.0037,26.5691],[92.0034,26.5694],[91.9966,26.569],[91.9926,26.5695],[91.9895,26.5685],[91.9861,26.5668],[91.9857,26.5647],[91.9843,26.5621],[91.9819,26.5618],[91.9762,26.5584],[91.976,26.558],[91.9758,26.5584],[91.9741,26.5575],[91.9695,26.554],[91.9652,26.5536],[91.9538,26.5591],[91.9543,26.5652],[91.948,26.5703],[91.9446,26.5705],[91.9364,26.5742],[91.9305,26.5747],[91.9244,26.5736],[91.9206,26.57],[91.9194,26.5663],[91.9173,26.5619],[91.9078,26.561],[91.9016,26.5584],[91.8994,26.5532],[91.8991,26.5502],[91.8952,26.5451],[91.8876,26.5457],[91.8739,26.5452],[91.8632,26.5406],[91.8455,26.5286],[91.8278,26.5092],[91.7891,26.4994],[91.7874,26.5048],[91.7828,26.5113],[91.783,26.5145],[91.7857,26.5168],[91.7864,26.5197],[91.7801,26.5229],[91.7823,26.5246],[91.7864,26.5255],[91.7872,26.5288],[91.7841,26.5292],[91.78,26.5283],[91.7867,26.5366],[91.7825,26.54],[91.7811,26.5445],[91.7817,26.5479],[91.7781,26.549],[91.7751,26.5524],[91.7682,26.5646],[91.7684,26.5682],[91.764,26.5739],[91.7612,26.5763],[91.756,26.5758],[91.7515,26.5788],[91.7502,26.5827],[91.7505,26.5859],[91.7459,26.5899],[91.7498,26.5951],[91.7507,26.5991],[91.753,26.6019],[91.7522,26.604],[91.7474,26.6034],[91.7427,26.6011],[91.7419,26.6047],[91.7463,26.6107],[91.7427,26.6121],[91.7428,26.6157],[91.745,26.6189],[91.7461,26.6225],[91.7492,26.6254],[91.7486,26.6271],[91.74,26.6259],[91.7392,26.6297],[91.7413,26.6317],[91.746,26.6307],[91.7485,26.6315],[91.7509,26.6338],[91.7508,26.6363],[91.7465,26.6374],[91.7416,26.6375],[91.7414,26.6406],[91.7462,26.643],[91.7482,26.6463],[91.7437,26.6482],[91.7418,26.6516],[91.7371,26.6525],[91.7359,26.6577],[91.7367,26.6645],[91.7382,26.6682],[91.7438,26.6687],[91.7443,26.6749],[91.7462,26.6786],[91.7467,26.6832],[91.7459,26.6869],[91.7417,26.6923],[91.7435,26.6986],[91.7361,26.7122],[91.737,26.7293],[91.731,26.7358],[91.7264,26.7427],[91.7214,26.7531],[91.7157,26.7768],[91.7154,26.7838],[91.7127,26.7895],[91.7109,26.7966],[91.7079,26.8109],[91.7132,26.811],[91.7227,26.8106],[91.7306,26.8116],[91.7627,26.8285],[91.7786,26.8378],[91.8056,26.8511],[91.8211,26.8627],[91.8355,26.8754],[91.8571,26.9113],[91.8614,26.913],[91.8699,26.9133],[91.8817,26.9145],[91.8871,26.9152],[91.8926,26.9155],[91.9009,26.9151],[91.9129,26.9093],[91.927,26.9025],[91.9456,26.8938],[91.9575,26.8866],[91.9634,26.8765],[91.9733,26.8694],[91.9763,26.8658],[91.9821,26.8618],[91.989,26.8571],[91.9976,26.8541],[92.0067,26.8525],[92.0204,26.8499],[92.0325,26.8488],[92.0489,26.8463],[92.0586,26.8468],[92.0643,26.8489],[92.0743,26.8555],[92.0799,26.8564],[92.0858,26.8609],[92.0923,26.8597],[92.1008,26.8674],[92.102,26.8806],[92.1053,26.8862],[92.1113,26.8926],[92.1237,26.8891],[92.1276,26.8885],[92.1329,26.8895],[92.1513,26.8896],[92.1657,26.8914],[92.1721,26.8906],[92.1805,26.8912],[92.1981,26.8897],[92.2126,26.8956],[92.2578,26.9109],[92.2645,26.9074],[92.2683,26.9062],[92.2711,26.9037],[92.2796,26.9011],[92.2847,26.9028],[92.2933,26.9041],[92.3037,26.9067],[92.307,26.9081],[92.3061,26.9228],[92.3233,26.927],[92.35,26.932],[92.3562,26.9341],[92.3676,26.9312],[92.3622,26.9246],[92.3587,26.9163],[92.3564,26.9132],[92.3561,26.9108],[92.3527,26.9057]]]},"properties":{"district_name":"Udalguri","raw_district_name":"Udalguri","state_code":"AS","state_name":"Assam","census_code":326,"data_source":"DataMeet India Maps (Census 2011 Boundaries)"}}]}