{"type":"FeatureCollection","properties":{"state_code":"BR","state_name":"Bihar","data_source":"DataMeet India Maps"},"features":[{"type":"Feature","geometry":{"type":"Polygon","coordinates":[[[87.6483,26.3929],[87.6493,26.3904],[87.6507,26.387],[87.6494,26.3845],[87.6484,26.3837],[87.6469,26.3826],[87.6442,26.3818],[87.6378,26.3849],[87.6347,26.3855],[87.6316,26.3834],[87.6305,26.3802],[87.6362,26.3749],[87.6295,26.3649],[87.6243,26.3632],[87.6208,26.3611],[87.6211,26.3524],[87.6178,26.3506],[87.6079,26.3533],[87.6057,26.3509],[87.611,26.3407],[87.6189,26.335],[87.6186,26.3301],[87.6218,26.3278],[87.622,26.323],[87.6299,26.3233],[87.6338,26.3172],[87.6392,26.3137],[87.6459,26.3117],[87.6573,26.3056],[87.6598,26.2922],[87.6545,26.2912],[87.6525,26.2884],[87.6526,26.2856],[87.6549,26.2832],[87.656,26.2771],[87.6676,26.2726],[87.6674,26.2678],[87.6596,26.264],[87.6606,26.2612],[87.6649,26.2611],[87.6659,26.2557],[87.668,26.2517],[87.6685,26.2475],[87.6672,26.2439],[87.6689,26.2397],[87.6797,26.2326],[87.6828,26.2241],[87.6856,26.222],[87.6855,26.2165],[87.6885,26.216],[87.69,26.2129],[87.6905,26.209],[87.693,26.2048],[87.6949,26.2014],[87.6961,26.1975],[87.6946,26.1929],[87.6896,26.1905],[87.6859,26.1919],[87.683,26.1877],[87.6823,26.1829],[87.6846,26.1781],[87.6948,26.174],[87.6971,26.171],[87.6976,26.1679],[87.6964,26.1655],[87.6909,26.1658],[87.6839,26.165],[87.6845,26.1566],[87.6877,26.1558],[87.6849,26.1501],[87.6846,26.138],[87.681,26.1383],[87.6832,26.1286],[87.6807,26.1265],[87.6816,26.1183],[87.6776,26.1109],[87.6754,26.1078],[87.6794,26.1046],[87.6824,26.101],[87.6764,26.0957],[87.6724,26.0954],[87.6729,26.0906],[87.6714,26.083],[87.667,26.0824],[87.6583,26.0844],[87.6551,26.087],[87.6522,26.0884],[87.6493,26.0887],[87.6486,26.0853],[87.6427,26.0857],[87.6387,26.0849],[87.6332,26.0854],[87.6293,26.0842],[87.6287,26.0814],[87.6375,26.0762],[87.6371,26.0743],[87.6308,26.0753],[87.6302,26.0727],[87.6276,26.0722],[87.6283,26.0669],[87.623,26.0662],[87.6209,26.0615],[87.6194,26.0601],[87.6161,26.0596],[87.6156,26.0571],[87.6184,26.0554],[87.6185,26.0515],[87.6266,26.046],[87.6279,26.0424],[87.6235,26.0312],[87.6252,26.0287],[87.6253,26.0262],[87.6223,26.0239],[87.6185,26.0233],[87.6149,26.021],[87.6017,26.0222],[87.6002,26.0174],[87.5943,26.0148],[87.5835,26.0123],[87.5771,26.0099],[87.5612,26.0007],[87.5595,25.993],[87.5606,25.9857],[87.5505,25.9818],[87.5396,25.9816],[87.5371,25.9809],[87.5355,25.9777],[87.5322,25.9798],[87.5311,25.9817],[87.5287,25.9828],[87.5274,25.9816],[87.528,25.9791],[87.5258,25.9768],[87.5144,25.9774],[87.5175,25.9739],[87.5175,25.9708],[87.515,25.9721],[87.5028,25.9871],[87.4974,25.9843],[87.4952,25.9858],[87.495,25.9829],[87.4889,25.9736],[87.4844,25.9742],[87.4811,25.9759],[87.476,25.979],[87.4728,25.9831],[87.4673,25.9863],[87.462,25.9872],[87.4514,25.9821],[87.4503,25.982],[87.4471,25.9818],[87.4303,25.9879],[87.4254,25.9907],[87.42,25.9878],[87.4155,25.9887],[87.4147,25.9876],[87.4118,25.99],[87.4113,25.986],[87.4035,25.9863],[87.402,25.985],[87.4034,25.9826],[87.4066,25.982],[87.4067,25.9813],[87.4042,25.976],[87.4026,25.9744],[87.3995,25.9669],[87.3995,25.9616],[87.3962,25.9606],[87.388,25.9633],[87.386,25.9621],[87.3863,25.9598],[87.3882,25.9573],[87.3935,25.9554],[87.3919,25.9546],[87.3883,25.9547],[87.3889,25.9562],[87.3855,25.9582],[87.3844,25.9622],[87.3802,25.9622],[87.3789,25.9666],[87.3749,25.9683],[87.3718,25.9714],[87.3579,25.9762],[87.3552,25.9788],[87.3517,25.9806],[87.3496,25.9794],[87.3492,25.977],[87.3465,25.9764],[87.3314,25.9794],[87.3152,25.9774],[87.3094,25.9793],[87.3052,25.9685],[87.3019,25.9658],[87.299,25.9638],[87.2959,25.9617],[87.2897,25.9597],[87.2854,25.9596],[87.2808,25.964],[87.2816,25.9779],[87.2791,25.9812],[87.2754,25.9807],[87.2679,25.984],[87.259,25.9725],[87.2524,25.9674],[87.2454,25.9644],[87.242,25.9647],[87.242,25.9616],[87.2334,25.9602],[87.2333,25.9559],[87.2302,25.9513],[87.2297,25.9472],[87.2303,25.9438],[87.2239,25.9429],[87.2228,25.9475],[87.2217,25.952],[87.2197,25.9549],[87.2169,25.9569],[87.2141,25.9579],[87.2004,25.956],[87.1981,25.9514],[87.1966,25.9502],[87.1899,25.9492],[87.1858,25.9504],[87.1844,25.9459],[87.1781,25.9443],[87.1769,25.9423],[87.1643,25.9422],[87.1609,25.9454],[87.1476,25.9502],[87.1443,25.9508],[87.1429,25.9482],[87.1405,25.9479],[87.1382,25.9523],[87.1343,25.9544],[87.1313,25.955],[87.1269,25.9528],[87.1251,25.9502],[87.1238,25.9549],[87.1211,25.9562],[87.1179,25.9595],[87.1153,25.9556],[87.1105,25.9647],[87.1083,25.9671],[87.1034,25.9688],[87.0912,25.9663],[87.0837,25.962],[87.0818,25.9604],[87.0812,25.9638],[87.0813,25.9662],[87.0832,25.9699],[87.0807,25.9725],[87.0727,25.9752],[87.0711,25.9749],[87.0648,25.9806],[87.0613,25.9818],[87.0599,25.986],[87.0615,25.9882],[87.0616,25.9908],[87.0671,25.9942],[87.0697,25.9915],[87.072,25.9915],[87.0737,25.9935],[87.0735,25.9988],[87.083,26.0123],[87.0873,26.0206],[87.0852,26.0242],[87.0844,26.0309],[87.0885,26.037],[87.0923,26.0387],[87.0962,26.0392],[87.1121,26.036],[87.1136,26.0383],[87.1105,26.0407],[87.1125,26.0441],[87.1163,26.0452],[87.1161,26.0481],[87.1125,26.0491],[87.11,26.0519],[87.0931,26.0552],[87.0931,26.0606],[87.09,26.0627],[87.0856,26.0676],[87.089,26.0718],[87.0964,26.074],[87.1066,26.0793],[87.1097,26.0829],[87.1116,26.0893],[87.1111,26.0965],[87.1016,26.0948],[87.0934,26.0959],[87.0824,26.0984],[87.0657,26.1037],[87.0603,26.109],[87.0648,26.1145],[87.0702,26.1157],[87.0747,26.1194],[87.0838,26.1216],[87.0843,26.1245],[87.0813,26.1307],[87.0827,26.1354],[87.0966,26.1359],[87.1,26.139],[87.1022,26.1438],[87.1026,26.1555],[87.0987,26.1596],[87.0979,26.1626],[87.1013,26.1651],[87.1067,26.1717],[87.1112,26.1796],[87.112,26.185],[87.1101,26.1894],[87.1058,26.1888],[87.0961,26.1894],[87.0877,26.1875],[87.0839,26.1874],[87.0823,26.1886],[87.084,26.1911],[87.0879,26.1933],[87.0874,26.1965],[87.0884,26.1994],[87.0952,26.2031],[87.093,26.2066],[87.0934,26.2078],[87.0935,26.2083],[87.0923,26.2106],[87.0881,26.2144],[87.0858,26.2175],[87.081,26.2209],[87.0766,26.2223],[87.0751,26.2257],[87.08,26.2317],[87.0779,26.2353],[87.0741,26.2388],[87.0706,26.24],[87.0694,26.2438],[87.0666,26.2456],[87.0646,26.2524],[87.0636,26.261],[87.0641,26.2663],[87.0614,26.2715],[87.0651,26.2793],[87.0662,26.2867],[87.0662,26.2918],[87.0698,26.2937],[87.0691,26.2959],[87.0564,26.2983],[87.0482,26.3015],[87.0468,26.3052],[87.0455,26.313],[87.0389,26.3197],[87.0435,26.3219],[87.0455,26.3237],[87.0468,26.3311],[87.0462,26.3358],[87.0514,26.3351],[87.0551,26.3373],[87.059,26.3374],[87.0639,26.3369],[87.0673,26.3343],[87.0699,26.3381],[87.0693,26.3465],[87.0664,26.3545],[87.0667,26.3584],[87.0627,26.3596],[87.062,26.3642],[87.0658,26.3667],[87.073,26.3688],[87.0725,26.3732],[87.0753,26.3766],[87.073,26.3844],[87.0633,26.3958],[87.0594,26.3976],[87.0575,26.4033],[87.057,26.4065],[87.0563,26.4105],[87.0602,26.4095],[87.0611,26.407],[87.064,26.4031],[87.0648,26.402],[87.0678,26.4013],[87.0726,26.403],[87.0758,26.4072],[87.0739,26.4106],[87.0701,26.4136],[87.0678,26.4196],[87.0677,26.4252],[87.0651,26.4279],[87.0591,26.4288],[87.0563,26.432],[87.0586,26.44],[87.0685,26.4397],[87.0667,26.4453],[87.064,26.4481],[87.0635,26.4531],[87.0611,26.4562],[87.0669,26.4585],[87.0671,26.4614],[87.0643,26.4646],[87.0602,26.4654],[87.0568,26.4674],[87.0548,26.4746],[87.0506,26.479],[87.0525,26.481],[87.0509,26.4824],[87.0507,26.4826],[87.0511,26.4843],[87.0586,26.4856],[87.0583,26.4886],[87.0553,26.4915],[87.051,26.4942],[87.0477,26.4977],[87.0461,26.5037],[87.0474,26.5086],[87.0561,26.5117],[87.0561,26.5211],[87.0533,26.5246],[87.0529,26.5269],[87.0532,26.5319],[87.0552,26.536],[87.0614,26.538],[87.0612,26.543],[87.0598,26.5482],[87.0566,26.5536],[87.044,26.5544],[87.0427,26.5587],[87.0398,26.5609],[87.0378,26.5613],[87.0408,26.5648],[87.046,26.573],[87.0457,26.5872],[87.0724,26.5865],[87.0748,26.5772],[87.0737,26.5596],[87.0749,26.5414],[87.0784,26.537],[87.0822,26.5213],[87.0834,26.5145],[87.0835,26.5053],[87.0889,26.4711],[87.0925,26.4521],[87.1148,26.4339],[87.1302,26.4226],[87.1388,26.4174],[87.145,26.4136],[87.1522,26.4088],[87.1575,26.4057],[87.1638,26.4042],[87.1695,26.4039],[87.1781,26.4041],[87.1909,26.4046],[87.1883,26.4105],[87.1877,26.4141],[87.2128,26.413],[87.212,26.4112],[87.2133,26.4081],[87.2181,26.4043],[87.2223,26.406],[87.2257,26.4091],[87.2307,26.4138],[87.2335,26.4137],[87.24,26.4147],[87.2463,26.4146],[87.2485,26.4135],[87.252,26.4126],[87.2572,26.4122],[87.2619,26.4105],[87.2656,26.4081],[87.2671,26.4023],[87.2677,26.3973],[87.2661,26.3883],[87.2664,26.3847],[87.2668,26.3737],[87.2719,26.3739],[87.2778,26.3741],[87.2869,26.374],[87.2905,26.3744],[87.3031,26.3665],[87.3136,26.3719],[87.3185,26.3638],[87.3261,26.3598],[87.3299,26.3582],[87.3412,26.3483],[87.3499,26.3541],[87.3582,26.3605],[87.3546,26.3725],[87.3557,26.3855],[87.3609,26.3932],[87.3651,26.4029],[87.3702,26.4074],[87.3783,26.4081],[87.3887,26.4187],[87.399,26.4199],[87.4111,26.4214],[87.4288,26.421],[87.4335,26.4247],[87.4441,26.4327],[87.4516,26.4348],[87.4588,26.4376],[87.4629,26.4397],[87.4729,26.4397],[87.4785,26.4398],[87.4938,26.4369],[87.5179,26.4303],[87.5368,26.4214],[87.5497,26.4186],[87.5553,26.4051],[87.5762,26.3958],[87.5867,26.3938],[87.5903,26.3824],[87.6094,26.381],[87.6142,26.3908],[87.6191,26.392],[87.6291,26.3934],[87.6455,26.393],[87.6483,26.3929]]]},"properties":{"district_name":"Araria","raw_district_name":"Araria","state_code":"BR","state_name":"Bihar","census_code":209,"data_source":"DataMeet India Maps (Census 2011 Boundaries)"}},{"type":"Feature","geometry":{"type":"Polygon","coordinates":[[[84.7047,25.0427],[84.704,25.0378],[84.7094,25.0325],[84.7231,25.025],[84.7239,25.0174],[84.7272,25.0135],[84.7359,25.0131],[84.7389,25.0144],[84.7415,25.0165],[84.7537,25.0142],[84.7544,25.0039],[84.7467,24.9998],[84.7451,24.9952],[84.7455,24.9867],[84.7355,24.986],[84.7304,24.9802],[84.73,24.9729],[84.7383,24.9666],[84.7376,24.9592],[84.7259,24.9589],[84.7242,24.957],[84.7118,24.957],[84.711,24.9527],[84.715,24.9497],[84.7135,24.9415],[84.7188,24.9344],[84.7168,24.9195],[84.7098,24.9185],[84.708,24.9104],[84.7065,24.9088],[84.7051,24.9039],[84.6983,24.903],[84.6895,24.9046],[84.6875,24.9015],[84.6824,24.9028],[84.6816,24.8991],[84.6818,24.8939],[84.6782,24.8915],[84.6738,24.8912],[84.6724,24.8936],[84.6648,24.8901],[84.6617,24.8858],[84.6687,24.884],[84.6711,24.8824],[84.6713,24.876],[84.6655,24.8719],[84.6606,24.8786],[84.6461,24.8824],[84.6405,24.8776],[84.6429,24.8751],[84.642,24.8667],[84.6483,24.8629],[84.6526,24.856],[84.6665,24.8508],[84.6725,24.8501],[84.6753,24.8413],[84.6751,24.8338],[84.6839,24.8313],[84.6891,24.8347],[84.6943,24.8321],[84.6979,24.8269],[84.6975,24.8175],[84.7026,24.8122],[84.7035,24.8015],[84.7332,24.7952],[84.735,24.7901],[84.7259,24.7888],[84.7255,24.7831],[84.7305,24.7813],[84.7311,24.7778],[84.7343,24.7765],[84.7335,24.7669],[84.7169,24.766],[84.7191,24.7575],[84.7267,24.7527],[84.7273,24.7295],[84.7229,24.7008],[84.7166,24.7006],[84.7094,24.6974],[84.7029,24.6983],[84.6981,24.6906],[84.6989,24.6809],[84.6896,24.6781],[84.663,24.6828],[84.664,24.6796],[84.6566,24.6805],[84.6529,24.6754],[84.6459,24.6779],[84.6429,24.6719],[84.6449,24.6638],[84.6392,24.6642],[84.6365,24.653],[84.6296,24.6518],[84.619,24.6563],[84.6118,24.6604],[84.6105,24.6546],[84.6038,24.6563],[84.6004,24.6433],[84.5997,24.6305],[84.6005,24.6262],[84.6042,24.6246],[84.5943,24.6156],[84.5972,24.6079],[84.5944,24.6044],[84.5971,24.5972],[84.5914,24.5938],[84.5904,24.5895],[84.5727,24.5777],[84.565,24.5695],[84.5678,24.5663],[84.5781,24.5667],[84.5813,24.5638],[84.5758,24.5586],[84.5694,24.5571],[84.5712,24.5515],[84.5682,24.5449],[84.5631,24.5416],[84.5567,24.5358],[84.5502,24.5319],[84.5467,24.5274],[84.5205,24.5262],[84.5085,24.5199],[84.4896,24.514],[84.4738,24.5327],[84.4686,24.5374],[84.45,24.5321],[84.4483,24.5393],[84.446,24.5568],[84.4387,24.5728],[84.4304,24.5723],[84.4237,24.5524],[84.4177,24.5584],[84.4074,24.565],[84.4102,24.5707],[84.4046,24.5721],[84.401,24.5677],[84.3951,24.5672],[84.3932,24.5607],[84.3954,24.557],[84.3932,24.552],[84.394,24.5454],[84.3854,24.5426],[84.3881,24.5307],[84.3734,24.5274],[84.3761,24.5163],[84.371,24.5101],[84.3489,24.4997],[84.347,24.4964],[84.3293,24.4893],[84.3332,24.4962],[84.3339,24.5022],[84.3293,24.5127],[84.3267,24.5218],[84.3204,24.5263],[84.3195,24.5332],[84.3171,24.539],[84.3096,24.5467],[84.3051,24.5626],[84.3006,24.5654],[84.2876,24.5628],[84.2769,24.5637],[84.2795,24.5534],[84.2877,24.5513],[84.2859,24.5469],[84.2762,24.5463],[84.2771,24.5408],[84.2724,24.54],[84.2704,24.5365],[84.2661,24.5371],[84.2648,24.5302],[84.2562,24.531],[84.2576,24.5352],[84.2559,24.5382],[84.2487,24.5426],[84.2419,24.543],[84.2427,24.5526],[84.2283,24.5497],[84.2251,24.5346],[84.2166,24.5365],[84.2139,24.5447],[84.2082,24.5488],[84.2076,24.5564],[84.196,24.5547],[84.1946,24.5487],[84.1892,24.5464],[84.1806,24.5465],[84.1805,24.5413],[84.19,24.523],[84.1941,24.5219],[84.1899,24.5177],[84.1899,24.515],[84.1869,24.5098],[84.179,24.5092],[84.1688,24.512],[84.1613,24.517],[84.1635,24.5189],[84.1634,24.5237],[84.1721,24.5331],[84.1683,24.5376],[84.1572,24.5396],[84.1537,24.5396],[84.144,24.5287],[84.1447,24.5175],[84.1476,24.5042],[84.1442,24.5019],[84.1367,24.5001],[84.1326,24.4977],[84.1302,24.4861],[84.1174,24.4808],[84.1086,24.4873],[84.1046,24.4951],[84.0968,24.5035],[84.0943,24.5139],[84.0974,24.5332],[84.0964,24.5354],[84.092,24.538],[84.0861,24.5443],[84.085,24.5517],[84.0814,24.5568],[84.0824,24.564],[84.0802,24.5688],[84.0755,24.5703],[84.073,24.5743],[84.0675,24.5762],[84.0704,24.5829],[84.0691,24.5886],[84.0658,24.5876],[84.0607,24.5872],[84.0592,24.5907],[84.0609,24.5939],[84.0556,24.6057],[84.0526,24.6061],[84.0545,24.6115],[84.046,24.6186],[84.041,24.6181],[84.0398,24.6207],[84.0368,24.6218],[84.0346,24.6269],[84.0319,24.6282],[84.0274,24.626],[84.0234,24.6267],[84.0223,24.6308],[84.0098,24.6345],[84,24.6371],[84.0375,24.6936],[84.0632,24.732],[84.0896,24.7704],[84.1052,24.7882],[84.1333,24.8128],[84.1494,24.8311],[84.1716,24.8499],[84.243,24.9323],[84.2581,24.9446],[84.31,25.0021],[84.3147,25.0162],[84.3217,25.0228],[84.3449,25.0378],[84.3598,25.0446],[84.3705,25.0475],[84.3749,25.0504],[84.3854,25.0549],[84.4162,25.0717],[84.4255,25.0786],[84.4353,25.0992],[84.4401,25.114],[84.4481,25.1285],[84.4609,25.1227],[84.4757,25.1152],[84.4655,25.1071],[84.4635,25.1019],[84.4673,25.0994],[84.4707,25.0957],[84.478,25.0904],[84.4813,25.0962],[84.496,25.0977],[84.5066,25.1041],[84.5112,25.1058],[84.5133,25.1078],[84.5266,25.1078],[84.5449,25.1061],[84.5542,25.1133],[84.5583,25.1137],[84.5605,25.1168],[84.5686,25.1162],[84.5702,25.1188],[84.5746,25.1166],[84.5751,25.1079],[84.5834,25.1038],[84.5951,25.1024],[84.597,25.1044],[84.5987,25.1038],[84.5956,25.0845],[84.5883,25.0839],[84.587,25.0751],[84.593,25.0734],[84.5948,25.0775],[84.605,25.0796],[84.6044,25.0884],[84.6071,25.0912],[84.6078,25.0967],[84.6178,25.0956],[84.6162,25.1039],[84.6235,25.1064],[84.6289,25.1046],[84.631,25.0928],[84.6301,25.0856],[84.6321,25.0827],[84.6416,25.089],[84.6447,25.0952],[84.6514,25.0997],[84.6572,25.1058],[84.6684,25.1022],[84.6795,25.0963],[84.6864,25.1033],[84.6934,25.0976],[84.699,25.096],[84.7034,25.0921],[84.7147,25.0868],[84.7151,25.082],[84.7196,25.0795],[84.723,25.0814],[84.7264,25.0798],[84.7281,25.0772],[84.7329,25.0771],[84.7326,25.0733],[84.7395,25.0713],[84.7406,25.0673],[84.7392,25.0571],[84.7386,25.0531],[84.735,25.0454],[84.7199,25.0452],[84.7051,25.0461],[84.7047,25.0427]]]},"properties":{"district_name":"Aurangabad","raw_district_name":"Aurangabad","state_code":"BR","state_name":"Bihar","census_code":235,"data_source":"DataMeet India Maps (Census 2011 Boundaries)"}},{"type":"Feature","geometry":{"type":"Polygon","coordinates":[[[87.1743,25.0493],[87.1711,25.0464],[87.1711,25.0434],[87.1644,25.0316],[87.1584,25.0271],[87.1551,25.0268],[87.1528,25.0249],[87.1503,25.0186],[87.1499,25.0114],[87.1505,25.007],[87.152,25.0042],[87.1525,25.0005],[87.1597,24.9916],[87.159,24.9838],[87.1581,24.9751],[87.158,24.9692],[87.1586,24.9636],[87.1568,24.9564],[87.1548,24.95],[87.1546,24.9428],[87.1581,24.9372],[87.1613,24.9324],[87.1606,24.9272],[87.1587,24.9246],[87.1557,24.9219],[87.1536,24.9185],[87.1525,24.9135],[87.1537,24.9089],[87.1547,24.9058],[87.1562,24.9039],[87.1603,24.9008],[87.1629,24.8968],[87.1642,24.8903],[87.1641,24.8863],[87.1625,24.8814],[87.1605,24.8772],[87.1556,24.8731],[87.1539,24.8686],[87.1533,24.8631],[87.1576,24.8638],[87.1569,24.8592],[87.1505,24.86],[87.1448,24.86],[87.1387,24.8603],[87.1358,24.8582],[87.1333,24.8552],[87.1293,24.8537],[87.1251,24.8547],[87.1205,24.8563],[87.1155,24.8515],[87.112,24.8481],[87.1106,24.8452],[87.1084,24.84],[87.1057,24.8355],[87.1035,24.8306],[87.1009,24.827],[87.0972,24.8243],[87.0937,24.8238],[87.0902,24.824],[87.0863,24.8251],[87.0845,24.823],[87.0833,24.8189],[87.0836,24.815],[87.0831,24.8126],[87.0833,24.8091],[87.0868,24.8103],[87.0873,24.8081],[87.0894,24.8074],[87.0923,24.8067],[87.0948,24.8049],[87.0967,24.8035],[87.0999,24.8052],[87.1025,24.8048],[87.1026,24.8023],[87.1016,24.7984],[87.0988,24.7931],[87.0972,24.7889],[87.094,24.786],[87.0916,24.7833],[87.0888,24.78],[87.0885,24.7738],[87.0885,24.7688],[87.0893,24.7653],[87.0908,24.7623],[87.0922,24.7591],[87.091,24.7566],[87.089,24.7545],[87.0869,24.7525],[87.0871,24.7516],[87.0875,24.7492],[87.0857,24.7474],[87.0824,24.7463],[87.0805,24.7456],[87.0795,24.7439],[87.0799,24.7414],[87.0823,24.7408],[87.0817,24.739],[87.0815,24.7373],[87.083,24.7365],[87.0844,24.737],[87.0863,24.7378],[87.0872,24.7368],[87.0871,24.7335],[87.0873,24.7301],[87.0883,24.7279],[87.0878,24.7254],[87.0862,24.7228],[87.0836,24.7197],[87.0825,24.7155],[87.0796,24.7134],[87.0785,24.7118],[87.0771,24.7082],[87.0773,24.704],[87.0768,24.6997],[87.0765,24.6954],[87.0752,24.6921],[87.0729,24.6894],[87.0697,24.6859],[87.0672,24.6824],[87.0661,24.6781],[87.0648,24.6732],[87.0606,24.6715],[87.0612,24.666],[87.0607,24.6616],[87.0583,24.6564],[87.0569,24.6502],[87.0563,24.6444],[87.0547,24.6379],[87.0517,24.6318],[87.0503,24.625],[87.0518,24.6211],[87.0526,24.6183],[87.0526,24.6152],[87.0542,24.6111],[87.0563,24.6077],[87.0505,24.6064],[87.0489,24.6099],[87.0467,24.612],[87.0446,24.6135],[87.0426,24.6142],[87.0418,24.6127],[87.0408,24.6111],[87.0384,24.6109],[87.036,24.6105],[87.0334,24.6103],[87.0323,24.6122],[87.0324,24.617],[87.0322,24.621],[87.0302,24.6221],[87.0273,24.6206],[87.0226,24.6187],[87.0215,24.6143],[87.0188,24.61],[87.0161,24.6072],[86.9985,24.6201],[86.996,24.6216],[86.996,24.621],[86.9941,24.6211],[86.9914,24.6226],[86.986,24.6256],[86.9771,24.6312],[86.9715,24.6328],[86.9644,24.6303],[86.9594,24.6286],[86.9514,24.6275],[86.9507,24.6321],[86.9535,24.6368],[86.9546,24.6437],[86.9448,24.644],[86.9361,24.6437],[86.9394,24.6366],[86.942,24.6313],[86.9401,24.6274],[86.9352,24.6273],[86.9298,24.6252],[86.9249,24.6203],[86.9249,24.6144],[86.9238,24.6117],[86.916,24.6021],[86.9149,24.5979],[86.9106,24.5961],[86.9072,24.5925],[86.904,24.5875],[86.9039,24.5815],[86.9066,24.5771],[86.9092,24.5725],[86.9072,24.5677],[86.9123,24.5643],[86.9124,24.5608],[86.9124,24.5563],[86.9122,24.5502],[86.9131,24.5444],[86.9171,24.5397],[86.9118,24.542],[86.9071,24.5455],[86.9044,24.5507],[86.8991,24.5558],[86.8927,24.555],[86.8901,24.5554],[86.8899,24.5613],[86.8851,24.564],[86.8824,24.5683],[86.8792,24.5659],[86.8755,24.5623],[86.8676,24.5612],[86.8634,24.5576],[86.8606,24.5514],[86.8531,24.5539],[86.8448,24.555],[86.8447,24.5596],[86.8446,24.5637],[86.8431,24.5692],[86.8375,24.569],[86.8316,24.5669],[86.8275,24.5692],[86.8243,24.5703],[86.8196,24.5691],[86.8147,24.5647],[86.811,24.565],[86.8063,24.5655],[86.8062,24.5669],[86.8064,24.5696],[86.8072,24.5729],[86.8093,24.5753],[86.8137,24.5778],[86.8123,24.582],[86.8109,24.5863],[86.8105,24.5915],[86.8118,24.5954],[86.8078,24.5983],[86.8062,24.5995],[86.8047,24.602],[86.8041,24.6043],[86.8036,24.6066],[86.8027,24.6094],[86.8004,24.613],[86.7979,24.6162],[86.7917,24.6181],[86.7919,24.614],[86.7934,24.6118],[86.7964,24.6093],[86.7986,24.6061],[86.8004,24.6016],[86.8004,24.5977],[86.7929,24.6003],[86.7925,24.6055],[86.7902,24.6112],[86.7869,24.6157],[86.7832,24.6206],[86.7813,24.6204],[86.7816,24.6164],[86.7752,24.6173],[86.7601,24.6156],[86.757,24.6188],[86.7507,24.6037],[86.7517,24.5904],[86.7456,24.5874],[86.7412,24.5817],[86.7377,24.5767],[86.7247,24.5791],[86.716,24.5744],[86.7015,24.5698],[86.6928,24.5713],[86.6876,24.5659],[86.6838,24.567],[86.6745,24.5615],[86.6621,24.5641],[86.6519,24.5681],[86.6474,24.577],[86.6404,24.5775],[86.6333,24.5805],[86.6245,24.5853],[86.6251,24.5955],[86.6131,24.5952],[86.6141,24.6001],[86.6156,24.6027],[86.6159,24.6033],[86.6155,24.6082],[86.6113,24.6079],[86.6115,24.6209],[86.6162,24.6283],[86.6178,24.639],[86.6114,24.6433],[86.6088,24.646],[86.6169,24.6543],[86.6134,24.6576],[86.6136,24.6635],[86.6064,24.6654],[86.6008,24.6712],[86.5955,24.6729],[86.5904,24.675],[86.5861,24.6741],[86.5825,24.683],[86.5754,24.6902],[86.5643,24.6921],[86.5516,24.7134],[86.5578,24.7261],[86.5565,24.734],[86.5575,24.7416],[86.5541,24.7464],[86.5534,24.7485],[86.5487,24.7504],[86.5506,24.7592],[86.5483,24.7652],[86.5484,24.7683],[86.5462,24.7721],[86.5248,24.7695],[86.5121,24.7667],[86.5062,24.764],[86.4985,24.7623],[86.4981,24.7587],[86.4958,24.7587],[86.4961,24.7672],[86.5009,24.7768],[86.5026,24.7832],[86.5152,24.7853],[86.5214,24.7871],[86.5272,24.788],[86.527,24.7988],[86.5238,24.8082],[86.5325,24.8217],[86.5323,24.8323],[86.5306,24.8337],[86.536,24.8585],[86.5358,24.8634],[86.5252,24.8798],[86.5245,24.8848],[86.5153,24.8921],[86.5073,24.9],[86.488,24.9077],[86.4876,24.9173],[86.5001,24.9214],[86.4963,24.9268],[86.4984,24.9289],[86.4944,24.9367],[86.4921,24.9384],[86.4963,24.9493],[86.4932,24.9717],[86.5015,24.9778],[86.5033,24.9795],[86.504,24.9801],[86.5059,24.9852],[86.521,24.9854],[86.5311,24.984],[86.5353,24.9781],[86.5389,24.9705],[86.544,24.9678],[86.5475,24.9651],[86.5484,24.9614],[86.5462,24.9584],[86.5428,24.9534],[86.5458,24.9508],[86.5498,24.9532],[86.5546,24.9561],[86.5617,24.9575],[86.5674,24.959],[86.5728,24.9578],[86.5768,24.9529],[86.5794,24.9468],[86.5862,24.9458],[86.592,24.9476],[86.6015,24.9488],[86.5993,24.959],[86.6018,24.9652],[86.6057,24.9726],[86.6102,24.9718],[86.6144,24.9718],[86.6172,24.9735],[86.6195,24.9723],[86.6204,24.9666],[86.6256,24.9623],[86.6347,24.9731],[86.6402,24.9738],[86.6435,24.9749],[86.6445,24.9777],[86.6434,24.982],[86.6439,24.986],[86.6459,24.9904],[86.6502,24.9963],[86.655,25.0023],[86.6509,25.0108],[86.6553,25.013],[86.6586,25.0159],[86.6612,25.0163],[86.6675,25.0103],[86.6683,25.0118],[86.6592,25.0238],[86.6528,25.0386],[86.6531,25.0441],[86.6548,25.0479],[86.6583,25.0509],[86.6556,25.0558],[86.6559,25.0576],[86.6594,25.0635],[86.6573,25.0671],[86.6596,25.0682],[86.663,25.0684],[86.6647,25.0704],[86.6666,25.0737],[86.6678,25.0791],[86.6713,25.0866],[86.6765,25.0932],[86.6848,25.0909],[86.6925,25.1001],[86.6964,25.1079],[86.6923,25.1097],[86.6929,25.1126],[86.6932,25.1124],[86.6995,25.1129],[86.7163,25.1149],[86.7197,25.1151],[86.7221,25.1152],[86.7259,25.1138],[86.7283,25.1118],[86.7307,25.1111],[86.7328,25.1126],[86.7345,25.1186],[86.7365,25.1215],[86.7403,25.1238],[86.7485,25.1222],[86.7514,25.12],[86.7526,25.117],[86.7529,25.1124],[86.7537,25.1098],[86.7558,25.1081],[86.759,25.108],[86.7665,25.1105],[86.7702,25.1109],[86.7734,25.1079],[86.7755,25.1045],[86.7747,25.1001],[86.7767,25.0982],[86.7787,25.0992],[86.7849,25.1086],[86.7874,25.1108],[86.7907,25.1115],[86.7936,25.1093],[86.796,25.1052],[86.7987,25.1047],[86.8067,25.1113],[86.81,25.1132],[86.8153,25.1129],[86.8169,25.1095],[86.8168,25.1079],[86.8192,25.1058],[86.8233,25.105],[86.8389,25.109],[86.8471,25.1116],[86.856,25.1123],[86.8696,25.1101],[86.8807,25.1062],[86.8866,25.1047],[86.895,25.1042],[86.9101,25.1043],[86.9217,25.1039],[86.9297,25.1052],[86.9499,25.1071],[86.9588,25.1067],[86.9631,25.1062],[86.9686,25.1037],[86.9762,25.1026],[86.9938,25.1025],[87.0033,25.1047],[87.0112,25.1052],[87.0189,25.1058],[87.0267,25.1068],[87.0317,25.1064],[87.0693,25.1036],[87.0778,25.102],[87.0887,25.0985],[87.099,25.0943],[87.1045,25.0936],[87.1176,25.0946],[87.1244,25.0935],[87.1318,25.0892],[87.1366,25.0855],[87.1424,25.0812],[87.1486,25.0734],[87.1604,25.0631],[87.1728,25.0512],[87.1743,25.0493]]]},"properties":{"district_name":"Banka","raw_district_name":"Banka","state_code":"BR","state_name":"Bihar","census_code":225,"data_source":"DataMeet India Maps (Census 2011 Boundaries)"}},{"type":"Feature","geometry":{"type":"Polygon","coordinates":[[[86.293,25.6397],[86.2953,25.638],[86.2964,25.6347],[86.296,25.6315],[86.2871,25.6192],[86.2901,25.6122],[86.2891,25.6086],[86.2867,25.6062],[86.2817,25.604],[86.2809,25.597],[86.2882,25.5839],[86.2923,25.5844],[86.2921,25.5814],[86.3005,25.5748],[86.3001,25.5738],[86.2868,25.5792],[86.287,25.5742],[86.284,25.5532],[86.284,25.5458],[86.2852,25.5431],[86.2919,25.5455],[86.2937,25.5434],[86.2929,25.5393],[86.2936,25.5373],[86.2987,25.538],[86.299,25.5357],[86.2962,25.5296],[86.2959,25.5266],[86.3045,25.5264],[86.3075,25.5248],[86.3108,25.5242],[86.3184,25.5251],[86.3209,25.5242],[86.3249,25.5178],[86.3252,25.5132],[86.3267,25.5102],[86.3286,25.5117],[86.3286,25.5146],[86.3297,25.5176],[86.3317,25.5188],[86.3337,25.5184],[86.335,25.5166],[86.3357,25.5135],[86.3348,25.5056],[86.334,25.5039],[86.3354,25.4988],[86.329,25.4946],[86.3315,25.4911],[86.3383,25.4875],[86.3424,25.4876],[86.3439,25.4895],[86.3427,25.4978],[86.344,25.4992],[86.3646,25.5009],[86.3667,25.5],[86.3649,25.4965],[86.3565,25.4897],[86.3537,25.485],[86.3496,25.4855],[86.3491,25.4836],[86.3521,25.4832],[86.3505,25.4794],[86.3513,25.4772],[86.3567,25.4744],[86.3654,25.4823],[86.366,25.4852],[86.3655,25.4903],[86.3705,25.4933],[86.3745,25.4915],[86.3768,25.4876],[86.369,25.4839],[86.3686,25.4795],[86.3706,25.478],[86.3718,25.478],[86.3827,25.4822],[86.3839,25.4819],[86.3847,25.4804],[86.3864,25.4811],[86.3873,25.4835],[86.3852,25.4905],[86.3913,25.4939],[86.4016,25.5054],[86.4074,25.5059],[86.41,25.5053],[86.4156,25.4975],[86.42,25.4972],[86.4236,25.4979],[86.4235,25.4988],[86.426,25.5001],[86.4279,25.4935],[86.4235,25.4919],[86.4227,25.4777],[86.4285,25.4793],[86.4326,25.4774],[86.4363,25.474],[86.4374,25.4695],[86.4442,25.4697],[86.4455,25.4633],[86.4481,25.4566],[86.451,25.4524],[86.4643,25.4419],[86.4761,25.4369],[86.4936,25.4269],[86.4965,25.4265],[86.502,25.4243],[86.5034,25.4249],[86.5054,25.424],[86.5069,25.4273],[86.5095,25.4285],[86.5107,25.4238],[86.5102,25.4153],[86.5157,25.4146],[86.5117,25.4095],[86.5053,25.4129],[86.4821,25.4136],[86.4772,25.399],[86.4632,25.3904],[86.4578,25.3928],[86.4612,25.3961],[86.4577,25.399],[86.4541,25.3981],[86.4383,25.4016],[86.4321,25.3957],[86.4166,25.3948],[86.4165,25.3926],[86.407,25.3864],[86.4056,25.3878],[86.4037,25.388],[86.4031,25.3854],[86.4043,25.3791],[86.4032,25.3763],[86.4043,25.373],[86.3911,25.3636],[86.3888,25.368],[86.3892,25.3724],[86.3886,25.3757],[86.3902,25.3794],[86.3895,25.3807],[86.3653,25.3602],[86.3704,25.3568],[86.3666,25.356],[86.356,25.3506],[86.339,25.3444],[86.3399,25.3415],[86.3368,25.3419],[86.3328,25.3408],[86.3252,25.3373],[86.3222,25.3392],[86.315,25.3346],[86.3222,25.3229],[86.3162,25.3184],[86.3142,25.3168],[86.2988,25.2973],[86.2987,25.2973],[86.2764,25.2899],[86.2663,25.285],[86.2702,25.2794],[86.262,25.2765],[86.2497,25.271],[86.2462,25.2679],[86.2408,25.2646],[86.2333,25.2577],[86.2179,25.2529],[86.2058,25.2502],[86.1998,25.2499],[86.1961,25.2513],[86.199,25.2576],[86.1925,25.2582],[86.1884,25.2596],[86.1706,25.2719],[86.1716,25.2633],[86.1708,25.259],[86.1644,25.2639],[86.1559,25.2645],[86.1534,25.2589],[86.1522,25.2616],[86.1529,25.2672],[86.144,25.2692],[86.1388,25.2686],[86.1302,25.2693],[86.1294,25.2723],[86.1314,25.2731],[86.1336,25.2727],[86.1339,25.2744],[86.1272,25.287],[86.1146,25.2987],[86.1113,25.3007],[86.1057,25.3089],[86.1026,25.3117],[86.0977,25.3053],[86.0868,25.307],[86.079,25.3099],[86.081,25.3147],[86.0739,25.317],[86.0699,25.3197],[86.0677,25.3228],[86.0645,25.3341],[86.0667,25.3351],[86.0674,25.3364],[86.0673,25.3547],[86.0634,25.3563],[86.0583,25.3662],[86.0547,25.3749],[86.0519,25.3909],[86.0393,25.3882],[86.0379,25.3804],[86.0374,25.3749],[86.0359,25.3742],[86.0362,25.3659],[86.0351,25.3602],[86.0287,25.3591],[86.0239,25.3593],[86.0218,25.3583],[86.0191,25.3581],[86.0118,25.3667],[86.0161,25.3687],[86.0124,25.3733],[85.9993,25.3839],[85.9911,25.3894],[85.9672,25.4042],[85.9579,25.4083],[85.9558,25.4113],[85.9559,25.4152],[85.9516,25.415],[85.9494,25.4101],[85.937,25.4116],[85.9324,25.4142],[85.92,25.4193],[85.9157,25.422],[85.9115,25.4258],[85.908,25.4315],[85.9056,25.4327],[85.9035,25.431],[85.8997,25.4236],[85.8982,25.4231],[85.8925,25.427],[85.8893,25.4246],[85.8897,25.4228],[85.8876,25.423],[85.8727,25.4413],[85.8773,25.4547],[85.876,25.4618],[85.8762,25.4686],[85.8805,25.4757],[85.8885,25.4681],[85.8948,25.4608],[85.8979,25.4618],[85.8996,25.4608],[85.9044,25.4619],[85.9025,25.4681],[85.8946,25.4741],[85.8904,25.4862],[85.8861,25.5019],[85.8743,25.5069],[85.8629,25.5093],[85.8386,25.5184],[85.8356,25.5205],[85.8337,25.5294],[85.8173,25.5391],[85.8096,25.5447],[85.805,25.5469],[85.7787,25.5495],[85.7712,25.5463],[85.7562,25.544],[85.7467,25.5384],[85.7359,25.5267],[85.7381,25.5385],[85.7392,25.5409],[85.7446,25.5416],[85.7455,25.5484],[85.7457,25.5587],[85.7474,25.5609],[85.7543,25.5631],[85.7586,25.567],[85.7633,25.569],[85.7684,25.5738],[85.7717,25.578],[85.7718,25.5833],[85.7727,25.5868],[85.7755,25.5881],[85.8022,25.5818],[85.8092,25.5788],[85.8139,25.5781],[85.82,25.5789],[85.8433,25.5762],[85.8465,25.5864],[85.8494,25.59],[85.8483,25.5936],[85.8477,25.6047],[85.8451,25.6081],[85.8305,25.6152],[85.8279,25.6178],[85.8301,25.6226],[85.8372,25.6265],[85.8384,25.6325],[85.8402,25.637],[85.8426,25.6391],[85.8406,25.6423],[85.8426,25.645],[85.8514,25.6452],[85.8554,25.6418],[85.857,25.6425],[85.8585,25.6458],[85.8624,25.6447],[85.87,25.648],[85.8698,25.6609],[85.872,25.6612],[85.8716,25.6655],[85.8765,25.6661],[85.8807,25.665],[85.8816,25.6583],[85.8807,25.6519],[85.8818,25.6473],[85.8768,25.6367],[85.8801,25.637],[85.8841,25.641],[85.8862,25.6451],[85.8888,25.6473],[85.8888,25.6511],[85.8913,25.6538],[85.8954,25.653],[85.897,25.6485],[85.9009,25.6452],[85.9072,25.6419],[85.9134,25.6417],[85.9184,25.6471],[85.9228,25.6462],[85.9345,25.6488],[85.9359,25.6534],[85.9406,25.6514],[85.9461,25.6527],[85.9486,25.6478],[85.9514,25.6445],[85.9569,25.6428],[85.9614,25.6376],[85.9638,25.6328],[85.9704,25.6278],[85.9701,25.6201],[85.9756,25.6158],[85.9777,25.6156],[85.9919,25.6052],[86.0002,25.5994],[86.0144,25.5906],[86.0197,25.5913],[86.0264,25.6032],[86.0248,25.6081],[86.0248,25.6184],[86.0227,25.6327],[86.024,25.6345],[86.0274,25.6363],[86.0295,25.6389],[86.0298,25.6424],[86.0292,25.6467],[86.018,25.6485],[86.0185,25.6504],[86.0299,25.6614],[86.0248,25.6653],[86.0209,25.6647],[86.0179,25.6627],[86.0153,25.6595],[86.0126,25.6609],[86.0122,25.6616],[86.0132,25.6665],[86.0124,25.6734],[86.0146,25.6783],[86.0171,25.6813],[86.0221,25.6804],[86.0312,25.686],[86.033,25.6894],[86.0337,25.6933],[86.0302,25.6998],[86.0259,25.7032],[86.0184,25.7057],[86.0159,25.7084],[86.0147,25.7115],[86.0158,25.7162],[86.0157,25.7194],[86.0182,25.7236],[86.0219,25.7253],[86.0248,25.7227],[86.0297,25.7164],[86.0339,25.7176],[86.0356,25.7199],[86.0329,25.7306],[86.0362,25.7298],[86.0387,25.7272],[86.041,25.7218],[86.0457,25.7204],[86.0458,25.7235],[86.0487,25.7303],[86.0535,25.734],[86.0575,25.7299],[86.0604,25.7285],[86.0619,25.7245],[86.0655,25.7246],[86.0726,25.7275],[86.0821,25.7257],[86.0863,25.7272],[86.0881,25.7297],[86.0913,25.7323],[86.0913,25.7345],[86.0798,25.7368],[86.0788,25.7421],[86.0812,25.744],[86.0868,25.7425],[86.0916,25.7429],[86.0964,25.7442],[86.1031,25.7437],[86.1055,25.7448],[86.1156,25.7373],[86.1177,25.7362],[86.1201,25.7364],[86.1211,25.7377],[86.1204,25.7391],[86.1215,25.7404],[86.1281,25.7347],[86.137,25.7359],[86.1408,25.7429],[86.1402,25.7456],[86.1437,25.7506],[86.1407,25.7547],[86.1375,25.7532],[86.1336,25.7529],[86.1322,25.7514],[86.1187,25.7576],[86.1124,25.7568],[86.1093,25.7581],[86.1057,25.7733],[86.1084,25.7752],[86.1136,25.7762],[86.1323,25.7722],[86.1343,25.7691],[86.1372,25.7675],[86.141,25.7672],[86.133,25.7617],[86.1338,25.759],[86.1365,25.7618],[86.1403,25.7622],[86.1435,25.7654],[86.1471,25.7658],[86.1517,25.7652],[86.1524,25.7634],[86.1508,25.7611],[86.1552,25.7597],[86.1558,25.7533],[86.1546,25.7506],[86.1513,25.7476],[86.1526,25.7463],[86.1526,25.7429],[86.1542,25.7406],[86.1583,25.7404],[86.1606,25.7339],[86.16,25.7295],[86.1529,25.7287],[86.1495,25.7271],[86.1484,25.7187],[86.1487,25.7108],[86.151,25.7098],[86.1586,25.7139],[86.1678,25.7147],[86.1686,25.7196],[86.1751,25.7184],[86.1767,25.7153],[86.1822,25.7119],[86.1826,25.7043],[86.185,25.6968],[86.1848,25.6887],[86.1883,25.6781],[86.1907,25.6676],[86.194,25.6626],[86.2019,25.6592],[86.2085,25.6577],[86.2289,25.6555],[86.2353,25.6541],[86.2407,25.6539],[86.2467,25.6524],[86.2509,25.6497],[86.254,25.6464],[86.2603,25.6473],[86.2603,25.6396],[86.2612,25.6349],[86.2701,25.6363],[86.2806,25.6321],[86.2813,25.629],[86.2893,25.636],[86.2934,25.6386],[86.293,25.6397]]]},"properties":{"district_name":"Begusarai","raw_district_name":"Begusarai","state_code":"BR","state_name":"Bihar","census_code":222,"data_source":"DataMeet India Maps (Census 2011 Boundaries)"}},{"type":"Feature","geometry":{"type":"Polygon","coordinates":[[[87.2317,25.4515],[87.2307,25.4436],[87.2245,25.4343],[87.2217,25.4311],[87.2166,25.4291],[87.2098,25.4276],[87.2051,25.4151],[87.2191,25.4095],[87.2212,25.4077],[87.2229,25.4041],[87.2233,25.4003],[87.2198,25.3969],[87.2204,25.3934],[87.2221,25.3902],[87.2292,25.3854],[87.2294,25.3832],[87.2351,25.3795],[87.2344,25.3781],[87.2382,25.3754],[87.248,25.3789],[87.2666,25.3741],[87.2776,25.3697],[87.2661,25.3539],[87.267,25.3514],[87.2701,25.3528],[87.2734,25.3575],[87.2804,25.3626],[87.2862,25.374],[87.2956,25.3986],[87.3061,25.4026],[87.3081,25.402],[87.3197,25.4077],[87.3279,25.4083],[87.3335,25.4124],[87.3402,25.4154],[87.3435,25.4154],[87.3473,25.414],[87.3574,25.4151],[87.3685,25.423],[87.3673,25.4084],[87.3701,25.4062],[87.381,25.4033],[87.4103,25.3901],[87.4085,25.3846],[87.4105,25.3801],[87.4201,25.378],[87.4273,25.3754],[87.4299,25.3758],[87.4324,25.3739],[87.4364,25.3804],[87.442,25.3651],[87.4464,25.3618],[87.4567,25.3594],[87.4621,25.3649],[87.4778,25.3654],[87.4894,25.3669],[87.5042,25.3499],[87.5112,25.3516],[87.5171,25.3517],[87.5282,25.3476],[87.5298,25.355],[87.5307,25.3556],[87.5321,25.3516],[87.5292,25.3418],[87.5383,25.3357],[87.5436,25.3306],[87.5534,25.3314],[87.5528,25.3241],[87.5501,25.3233],[87.5471,25.3047],[87.5445,25.2967],[87.5457,25.2821],[87.5416,25.2806],[87.5354,25.2801],[87.5315,25.2814],[87.5189,25.2926],[87.5049,25.2927],[87.4961,25.3056],[87.4924,25.2965],[87.4875,25.2956],[87.4936,25.2781],[87.5005,25.2759],[87.4979,25.2719],[87.5016,25.2658],[87.5017,25.263],[87.5008,25.2602],[87.4936,25.2625],[87.4786,25.2414],[87.479,25.2319],[87.4778,25.2229],[87.4781,25.1952],[87.4736,25.1937],[87.4728,25.1962],[87.4679,25.1957],[87.4638,25.1983],[87.4611,25.198],[87.4226,25.2154],[87.4155,25.2156],[87.4137,25.2195],[87.4082,25.2219],[87.4026,25.2262],[87.3978,25.228],[87.3925,25.2262],[87.3893,25.2239],[87.3832,25.2231],[87.38,25.219],[87.3759,25.2055],[87.3745,25.2074],[87.3641,25.2117],[87.3611,25.2139],[87.3538,25.2136],[87.3365,25.2175],[87.3366,25.2227],[87.3296,25.2235],[87.3244,25.2017],[87.322,25.1974],[87.3218,25.1935],[87.3232,25.1892],[87.3221,25.1868],[87.3167,25.1703],[87.3191,25.1698],[87.3204,25.1679],[87.3211,25.1655],[87.3204,25.1633],[87.3165,25.1608],[87.3157,25.1541],[87.314,25.1508],[87.3083,25.1458],[87.3078,25.1444],[87.3095,25.1437],[87.3084,25.1411],[87.3095,25.1387],[87.3059,25.1351],[87.304,25.1352],[87.2993,25.1149],[87.3009,25.1144],[87.3009,25.1125],[87.2988,25.1052],[87.3014,25.1003],[87.2971,25.0898],[87.2916,25.0915],[87.2809,25.0927],[87.2763,25.0942],[87.2705,25.0983],[87.2691,25.1014],[87.2648,25.1052],[87.2566,25.1064],[87.2553,25.1059],[87.2514,25.0996],[87.2471,25.1013],[87.2459,25.1],[87.2399,25.0864],[87.2332,25.0881],[87.224,25.0891],[87.2217,25.0907],[87.2174,25.0901],[87.2168,25.0858],[87.2144,25.0839],[87.2059,25.08],[87.2036,25.0742],[87.1938,25.0676],[87.1904,25.0676],[87.1827,25.0646],[87.1799,25.0586],[87.1793,25.057],[87.1746,25.0495],[87.1743,25.0493],[87.1728,25.0512],[87.1604,25.0631],[87.1486,25.0734],[87.1424,25.0812],[87.1366,25.0855],[87.1318,25.0892],[87.1244,25.0935],[87.1176,25.0946],[87.1045,25.0936],[87.099,25.0943],[87.0887,25.0985],[87.0778,25.102],[87.0693,25.1036],[87.0317,25.1064],[87.0267,25.1068],[87.0189,25.1058],[87.0112,25.1052],[87.0033,25.1047],[86.9938,25.1025],[86.9762,25.1026],[86.9686,25.1037],[86.9631,25.1062],[86.9588,25.1067],[86.9499,25.1071],[86.9297,25.1052],[86.9217,25.1039],[86.9101,25.1043],[86.895,25.1042],[86.8866,25.1047],[86.8807,25.1062],[86.8696,25.1101],[86.856,25.1123],[86.8471,25.1116],[86.8389,25.109],[86.8233,25.105],[86.8192,25.1058],[86.8168,25.1079],[86.8169,25.1095],[86.8153,25.1129],[86.81,25.1132],[86.8067,25.1113],[86.7987,25.1047],[86.796,25.1052],[86.7936,25.1093],[86.7907,25.1115],[86.7874,25.1108],[86.7849,25.1086],[86.7787,25.0992],[86.7767,25.0982],[86.7747,25.1001],[86.7755,25.1045],[86.7734,25.1079],[86.7702,25.1109],[86.7665,25.1105],[86.759,25.108],[86.7558,25.1081],[86.7537,25.1098],[86.7529,25.1124],[86.7526,25.117],[86.7514,25.12],[86.7485,25.1222],[86.7403,25.1238],[86.7365,25.1215],[86.7345,25.1186],[86.7328,25.1126],[86.7307,25.1111],[86.7283,25.1118],[86.7259,25.1138],[86.7221,25.1152],[86.7197,25.1151],[86.7163,25.1149],[86.6995,25.1129],[86.6932,25.1124],[86.6929,25.1126],[86.694,25.1184],[86.6891,25.1184],[86.6883,25.1211],[86.6847,25.1234],[86.6846,25.1198],[86.6813,25.122],[86.68,25.1302],[86.6858,25.1398],[86.6891,25.143],[86.6914,25.1446],[86.6969,25.1433],[86.6991,25.1478],[86.6979,25.1508],[86.7008,25.1565],[86.706,25.1618],[86.7018,25.1673],[86.7053,25.1702],[86.7076,25.1709],[86.709,25.1723],[86.7194,25.1707],[86.7214,25.171],[86.7242,25.1724],[86.7331,25.181],[86.7356,25.1842],[86.7266,25.1851],[86.7246,25.1868],[86.7176,25.188],[86.7157,25.1876],[86.7142,25.1882],[86.7122,25.1918],[86.7085,25.1933],[86.7106,25.188],[86.7071,25.1874],[86.7044,25.1884],[86.7026,25.188],[86.7024,25.191],[86.704,25.1959],[86.6971,25.1993],[86.6968,25.2028],[86.695,25.2021],[86.6931,25.1996],[86.6933,25.1972],[86.6956,25.1932],[86.6936,25.19],[86.6904,25.189],[86.6851,25.1891],[86.6795,25.1922],[86.6775,25.1965],[86.6764,25.2067],[86.6725,25.2087],[86.6695,25.2135],[86.6677,25.2147],[86.6571,25.2162],[86.6495,25.2182],[86.6519,25.2211],[86.6514,25.2233],[86.6466,25.2256],[86.6403,25.226],[86.6392,25.2381],[86.6407,25.2406],[86.6437,25.2423],[86.6495,25.2439],[86.678,25.2399],[86.6857,25.2409],[86.6927,25.243],[86.7222,25.245],[86.7269,25.2492],[86.7313,25.254],[86.7425,25.262],[86.7597,25.2719],[86.7589,25.2667],[86.7635,25.2672],[86.7671,25.2684],[86.781,25.2764],[86.7748,25.2894],[86.7826,25.2966],[86.7811,25.3001],[86.7885,25.3063],[86.7896,25.3084],[86.7855,25.3107],[86.7886,25.3159],[86.7888,25.3189],[86.7868,25.3213],[86.7854,25.3247],[86.7956,25.3302],[86.8044,25.3323],[86.8113,25.3282],[86.8157,25.3294],[86.8182,25.3327],[86.8198,25.3365],[86.8249,25.338],[86.8259,25.3436],[86.8405,25.3552],[86.8467,25.358],[86.8511,25.3583],[86.8571,25.3628],[86.8601,25.3676],[86.8576,25.3762],[86.8528,25.3774],[86.8484,25.3795],[86.8411,25.3848],[86.8397,25.3886],[86.8398,25.3962],[86.8358,25.4006],[86.833,25.4052],[86.8294,25.4091],[86.8227,25.4145],[86.8215,25.4168],[86.8252,25.4213],[86.8252,25.4286],[86.8283,25.4328],[86.8287,25.435],[86.8284,25.4407],[86.8244,25.4439],[86.8279,25.4459],[86.8295,25.446],[86.8301,25.4489],[86.8256,25.4521],[86.8268,25.4563],[86.8299,25.4585],[86.8568,25.4541],[86.8607,25.4637],[86.8655,25.4629],[86.8662,25.4655],[86.8682,25.4668],[86.8754,25.4633],[86.8804,25.4626],[86.8868,25.4667],[86.8909,25.4721],[86.8992,25.4755],[86.9017,25.4783],[86.9036,25.4787],[86.9079,25.4778],[86.9124,25.475],[86.9161,25.4737],[86.9193,25.4753],[86.9206,25.4807],[86.9185,25.4843],[86.9132,25.4886],[86.912,25.4917],[86.9261,25.4939],[86.9266,25.487],[86.9286,25.4852],[86.9321,25.4849],[86.9311,25.4909],[86.9319,25.4922],[86.9352,25.4917],[86.9396,25.4925],[86.9477,25.4899],[86.948,25.4866],[86.9453,25.4855],[86.9393,25.486],[86.9367,25.4852],[86.9358,25.4828],[86.9522,25.4751],[86.9523,25.4778],[86.9536,25.4807],[86.9567,25.4809],[86.9605,25.4781],[86.9617,25.4747],[86.9681,25.4735],[86.9714,25.4717],[86.9709,25.4639],[86.9744,25.4632],[86.9774,25.4721],[86.9826,25.4766],[86.9923,25.4777],[87.0011,25.4703],[87.0069,25.4696],[87.0049,25.4708],[87.0108,25.4755],[87.017,25.4758],[87.0193,25.4808],[87.0235,25.4776],[87.0247,25.4752],[87.0247,25.4728],[87.0235,25.4701],[87.0181,25.4649],[87.019,25.4626],[87.0223,25.4618],[87.0273,25.4628],[87.0461,25.4714],[87.0492,25.4709],[87.0522,25.4724],[87.0584,25.4701],[87.0667,25.4692],[87.0735,25.4694],[87.0756,25.4725],[87.0771,25.4768],[87.0806,25.4818],[87.0815,25.4895],[87.0829,25.4938],[87.0867,25.495],[87.0913,25.4981],[87.0945,25.5023],[87.097,25.5111],[87.1025,25.5145],[87.1029,25.5043],[87.102,25.5008],[87.1041,25.4899],[87.1015,25.4845],[87.0976,25.4793],[87.0904,25.4766],[87.0863,25.4741],[87.0853,25.4552],[87.0886,25.4543],[87.0898,25.4509],[87.0874,25.4482],[87.0904,25.4413],[87.0942,25.4458],[87.102,25.4428],[87.1019,25.4391],[87.111,25.4334],[87.1176,25.4349],[87.1179,25.4359],[87.1247,25.4379],[87.1269,25.4356],[87.1293,25.437],[87.1329,25.4364],[87.1564,25.4365],[87.161,25.438],[87.1645,25.4444],[87.1668,25.4469],[87.1725,25.4499],[87.1841,25.4482],[87.1877,25.4437],[87.1872,25.4417],[87.1897,25.44],[87.1916,25.4409],[87.1905,25.4436],[87.1925,25.4444],[87.1969,25.4487],[87.2025,25.4459],[87.2096,25.4475],[87.2132,25.4513],[87.2161,25.4564],[87.2317,25.4515]]]},"properties":{"district_name":"Bhagalpur","raw_district_name":"Bhagalpur","state_code":"BR","state_name":"Bihar","census_code":224,"data_source":"DataMeet India Maps (Census 2011 Boundaries)"}},{"type":"Feature","geometry":{"type":"Polygon","coordinates":[[[84.2755,25.3595],[84.2755,25.3595],[84.2847,25.3623],[84.2889,25.3737],[84.2873,25.3803],[84.2906,25.3857],[84.2946,25.3895],[84.3022,25.3866],[84.3077,25.3871],[84.3075,25.3906],[84.3094,25.3929],[84.308,25.4023],[84.3059,25.4084],[84.3107,25.4215],[84.318,25.4257],[84.3234,25.4319],[84.346,25.4318],[84.3494,25.4328],[84.3539,25.4427],[84.3466,25.4442],[84.3478,25.4485],[84.3592,25.4567],[84.3619,25.4643],[84.3631,25.4721],[84.3545,25.4734],[84.3548,25.4894],[84.3407,25.4908],[84.342,25.5042],[84.3319,25.5171],[84.3313,25.5434],[84.3331,25.5534],[84.3365,25.5572],[84.3391,25.5675],[84.336,25.5822],[84.3434,25.5983],[84.3502,25.6048],[84.352,25.608],[84.3529,25.6198],[84.3517,25.6237],[84.3476,25.6262],[84.34,25.6278],[84.3532,25.6388],[84.3519,25.6414],[84.3455,25.6399],[84.3407,25.6497],[84.3347,25.6537],[84.329,25.6555],[84.3364,25.6621],[84.3415,25.6572],[84.3443,25.6655],[84.3468,25.6658],[84.3485,25.6634],[84.3479,25.6579],[84.3505,25.6592],[84.3531,25.663],[84.3553,25.6714],[84.3547,25.6774],[84.3469,25.6773],[84.3412,25.6798],[84.3394,25.683],[84.3429,25.6855],[84.3509,25.6835],[84.3587,25.6829],[84.3621,25.684],[84.3612,25.6914],[84.3642,25.6994],[84.3757,25.7172],[84.3896,25.7325],[84.402,25.7272],[84.4015,25.7243],[84.4038,25.7227],[84.4088,25.7152],[84.4055,25.7074],[84.4102,25.6978],[84.4192,25.6968],[84.432,25.6934],[84.4325,25.71],[84.4408,25.7104],[84.4469,25.709],[84.4571,25.7128],[84.4574,25.7097],[84.4635,25.7087],[84.467,25.7016],[84.4671,25.6968],[84.4715,25.697],[84.4711,25.6942],[84.4686,25.6891],[84.4748,25.6839],[84.4976,25.6895],[84.4967,25.6763],[84.5073,25.6758],[84.5141,25.6807],[84.5247,25.6761],[84.5329,25.6828],[84.5363,25.7138],[84.5388,25.723],[84.5442,25.7249],[84.5397,25.6913],[84.5606,25.6825],[84.5647,25.687],[84.5669,25.6994],[84.5673,25.7201],[84.5639,25.7348],[84.6038,25.7375],[84.5995,25.7266],[84.6066,25.7258],[84.6104,25.7262],[84.615,25.7231],[84.6274,25.7191],[84.6273,25.7172],[84.6224,25.7176],[84.6221,25.7143],[84.6249,25.7098],[84.6312,25.7056],[84.6395,25.7044],[84.65,25.7054],[84.6614,25.7104],[84.6702,25.7102],[84.6788,25.7077],[84.689,25.7013],[84.7225,25.7026],[84.7476,25.7077],[84.7527,25.7049],[84.7612,25.7025],[84.7619,25.6972],[84.7648,25.6951],[84.771,25.6939],[84.7801,25.6896],[84.7818,25.6859],[84.7863,25.6848],[84.7885,25.6889],[84.7985,25.6911],[84.8031,25.689],[84.8085,25.6847],[84.8115,25.686],[84.8202,25.6861],[84.8219,25.6901],[84.8156,25.6909],[84.8092,25.6906],[84.8091,25.6938],[84.8124,25.6985],[84.8413,25.6931],[84.8457,25.6956],[84.8538,25.6954],[84.8504,25.6781],[84.8356,25.6778],[84.83,25.6754],[84.8254,25.6705],[84.8253,25.6648],[84.8349,25.6573],[84.8431,25.6557],[84.8296,25.6458],[84.8266,25.6365],[84.8234,25.6328],[84.825,25.6293],[84.823,25.6189],[84.8325,25.6206],[84.8289,25.6157],[84.8196,25.6068],[84.8159,25.5905],[84.8233,25.5875],[84.819,25.575],[84.8107,25.5677],[84.799,25.5635],[84.7958,25.5595],[84.7709,25.5372],[84.7653,25.5217],[84.7596,25.5103],[84.756,25.4909],[84.7635,25.4715],[84.774,25.4569],[84.7782,25.447],[84.764,25.4158],[84.7534,25.405],[84.7526,25.3957],[84.7455,25.3816],[84.7406,25.3747],[84.7335,25.3604],[84.7327,25.3538],[84.7256,25.3347],[84.7147,25.3204],[84.7051,25.3154],[84.6887,25.3083],[84.676,25.2991],[84.6654,25.284],[84.6588,25.2712],[84.6535,25.2578],[84.6418,25.2456],[84.6277,25.2352],[84.6051,25.2285],[84.5993,25.2251],[84.5734,25.2177],[84.5639,25.2133],[84.5563,25.2116],[84.5315,25.2092],[84.5212,25.2052],[84.5119,25.1991],[84.4918,25.1877],[84.4829,25.1801],[84.4657,25.1613],[84.4541,25.1674],[84.4274,25.1873],[84.4079,25.1933],[84.406,25.19],[84.4074,25.1871],[84.4045,25.1846],[84.3987,25.1875],[84.3874,25.1907],[84.3869,25.1938],[84.3834,25.1957],[84.3808,25.1935],[84.376,25.1946],[84.3741,25.1917],[84.3683,25.1925],[84.3581,25.192],[84.3598,25.1954],[84.3588,25.198],[84.3518,25.202],[84.3492,25.2004],[84.3456,25.2015],[84.3415,25.1991],[84.3347,25.2019],[84.3333,25.2067],[84.3212,25.2154],[84.3246,25.2224],[84.3305,25.2238],[84.3309,25.2308],[84.3346,25.2366],[84.3285,25.2388],[84.329,25.2431],[84.332,25.2529],[84.3305,25.2633],[84.3251,25.2691],[84.3245,25.272],[84.3288,25.277],[84.3363,25.2818],[84.3358,25.2832],[84.3283,25.2847],[84.3256,25.2884],[84.3264,25.2908],[84.334,25.2916],[84.3372,25.2941],[84.3364,25.2976],[84.3309,25.299],[84.3283,25.3012],[84.3275,25.3142],[84.3223,25.315],[84.3221,25.3209],[84.3106,25.3224],[84.3093,25.3264],[84.3048,25.3269],[84.3038,25.325],[84.2927,25.3241],[84.2825,25.3289],[84.2837,25.3352],[84.2808,25.3411],[84.2843,25.3467],[84.2838,25.3521],[84.2789,25.3535],[84.2755,25.3595]]]},"properties":{"district_name":"Bhojpur","raw_district_name":"Bhojpur","state_code":"BR","state_name":"Bihar","census_code":231,"data_source":"DataMeet India Maps (Census 2011 Boundaries)"}},{"type":"Feature","geometry":{"type":"Polygon","coordinates":[[[84.3969,25.7426],[84.3929,25.7359],[84.3896,25.7325],[84.3896,25.7325],[84.3757,25.7172],[84.3642,25.6994],[84.3612,25.6914],[84.3621,25.684],[84.3587,25.6829],[84.3509,25.6835],[84.3429,25.6855],[84.3394,25.683],[84.3412,25.6798],[84.3469,25.6773],[84.3547,25.6774],[84.3553,25.6714],[84.3531,25.663],[84.3505,25.6592],[84.3479,25.6579],[84.3485,25.6634],[84.3468,25.6658],[84.3443,25.6655],[84.3415,25.6572],[84.3364,25.6621],[84.329,25.6555],[84.3347,25.6537],[84.3407,25.6497],[84.3455,25.6399],[84.3519,25.6414],[84.3532,25.6388],[84.34,25.6278],[84.3476,25.6262],[84.3517,25.6237],[84.3529,25.6198],[84.352,25.608],[84.3502,25.6048],[84.3434,25.5983],[84.336,25.5822],[84.3391,25.5675],[84.3365,25.5572],[84.3331,25.5534],[84.3313,25.5434],[84.3319,25.5171],[84.342,25.5042],[84.3407,25.4908],[84.3548,25.4894],[84.3545,25.4734],[84.3631,25.4721],[84.3619,25.4643],[84.3592,25.4567],[84.3478,25.4485],[84.3466,25.4442],[84.3539,25.4427],[84.3494,25.4328],[84.346,25.4318],[84.3234,25.4319],[84.318,25.4257],[84.3107,25.4215],[84.3059,25.4084],[84.308,25.4023],[84.3094,25.3929],[84.3075,25.3906],[84.3077,25.3871],[84.3022,25.3866],[84.2946,25.3895],[84.2906,25.3857],[84.2873,25.3803],[84.2889,25.3737],[84.2847,25.3623],[84.2755,25.3595],[84.2755,25.3595],[84.2755,25.3595],[84.2711,25.3572],[84.2686,25.3526],[84.2561,25.355],[84.2551,25.3532],[84.2502,25.3531],[84.2357,25.3552],[84.2307,25.3451],[84.2218,25.3464],[84.2186,25.3533],[84.2171,25.3602],[84.2146,25.3634],[84.2137,25.3647],[84.2002,25.3667],[84.1846,25.3677],[84.1831,25.3691],[84.1686,25.3695],[84.1645,25.3666],[84.1563,25.368],[84.1495,25.3703],[84.1401,25.3711],[84.137,25.368],[84.1308,25.3667],[84.1278,25.3621],[84.1228,25.362],[84.1207,25.3594],[84.1165,25.3576],[84.1109,25.3604],[84.1039,25.3615],[84.1038,25.3662],[84.1007,25.3665],[84.1,25.3589],[84.0978,25.3583],[84.0916,25.3634],[84.0809,25.3651],[84.0766,25.369],[84.0654,25.3707],[84.0622,25.373],[84.0606,25.3723],[84.0462,25.374],[84.0476,25.3681],[84.0469,25.3586],[84.0542,25.3563],[84.0521,25.3463],[84.0455,25.3416],[84.0367,25.3414],[84.0353,25.3385],[84.0377,25.3352],[84.0386,25.3307],[84.0445,25.3298],[84.0537,25.3201],[84.0539,25.3164],[84.0577,25.3125],[84.0581,25.3093],[84.0601,25.3073],[84.0584,25.297],[84.0495,25.2965],[84.0478,25.288],[84.0411,25.2851],[84.0387,25.2752],[84.0358,25.2671],[84.0223,25.2683],[84.0193,25.2663],[84.0182,25.2624],[84.0164,25.2619],[84.0137,25.262],[84.0071,25.2658],[84.0025,25.2662],[84,25.2677],[83.9962,25.2653],[83.9928,25.2642],[83.9898,25.2642],[83.9783,25.2706],[83.9769,25.2734],[83.9711,25.2785],[83.9666,25.2813],[83.962,25.2824],[83.9577,25.2852],[83.9548,25.2855],[83.9517,25.2846],[83.9492,25.2856],[83.9456,25.2857],[83.9445,25.2887],[83.9411,25.2871],[83.9277,25.2932],[83.9105,25.2959],[83.9064,25.2936],[83.8998,25.2932],[83.8998,25.2932],[83.897,25.2998],[83.8944,25.3032],[83.8878,25.3086],[83.8851,25.3132],[83.8793,25.3131],[83.8759,25.3147],[83.8718,25.3188],[83.8697,25.3222],[83.8661,25.325],[83.8648,25.3275],[83.8511,25.3344],[83.8459,25.3356],[83.843,25.339],[83.8446,25.3405],[83.8423,25.3431],[83.8373,25.3451],[83.8316,25.3462],[83.8148,25.3604],[83.8153,25.3632],[83.8114,25.3644],[83.8109,25.3679],[83.8091,25.3702],[83.8038,25.3695],[83.8039,25.3666],[83.7997,25.3688],[83.7959,25.3669],[83.7883,25.3688],[83.7836,25.3684],[83.7803,25.3672],[83.7792,25.3706],[83.7784,25.3788],[83.7755,25.3826],[83.7703,25.386],[83.7706,25.3892],[83.7718,25.3967],[83.7735,25.3978],[83.779,25.3983],[83.7906,25.3968],[83.805,25.4064],[83.8077,25.4091],[83.8116,25.4162],[83.8136,25.4226],[83.8116,25.425],[83.8011,25.4283],[83.8027,25.4297],[83.8051,25.4309],[83.8113,25.431],[83.826,25.4354],[83.829,25.4357],[83.8325,25.4314],[83.8386,25.4317],[83.8467,25.435],[83.8477,25.4369],[83.8478,25.4402],[83.8459,25.4443],[83.8418,25.4483],[83.8388,25.4492],[83.8299,25.4497],[83.827,25.451],[83.8222,25.452],[83.8187,25.4523],[83.8163,25.4513],[83.814,25.4518],[83.8151,25.4566],[83.8186,25.464],[83.8207,25.466],[83.8231,25.4664],[83.8309,25.4601],[83.8331,25.4593],[83.8377,25.4596],[83.8422,25.4611],[83.8563,25.4691],[83.8595,25.4718],[83.8633,25.4829],[83.8682,25.4873],[83.8728,25.4887],[83.8751,25.4916],[83.8797,25.5013],[83.8766,25.5097],[83.8814,25.5185],[83.8853,25.5195],[83.8909,25.5195],[83.8965,25.5213],[83.9012,25.5235],[83.9047,25.5264],[83.9078,25.5299],[83.922,25.5524],[83.9255,25.5566],[83.9294,25.5598],[83.9337,25.5612],[83.9481,25.5635],[83.9527,25.5654],[83.9643,25.5735],[84,25.5991],[84.0085,25.6058],[84.0227,25.6142],[84.0367,25.6208],[84.0653,25.6303],[84.0849,25.6357],[84.0881,25.6508],[84.0825,25.6706],[84.082,25.6816],[84.0781,25.6937],[84.0914,25.7107],[84.1029,25.7184],[84.1164,25.7217],[84.1316,25.722],[84.1436,25.7297],[84.1452,25.7256],[84.1452,25.7218],[84.14,25.722],[84.135,25.7166],[84.1378,25.7155],[84.1442,25.715],[84.153,25.7187],[84.1568,25.7241],[84.1537,25.7267],[84.1567,25.7291],[84.164,25.724],[84.176,25.7199],[84.1824,25.7139],[84.2028,25.7016],[84.2056,25.6904],[84.2079,25.6705],[84.2113,25.6678],[84.2255,25.6623],[84.2416,25.6622],[84.256,25.661],[84.2768,25.6615],[84.2813,25.6599],[84.2939,25.6598],[84.2985,25.6611],[84.3012,25.6668],[84.2906,25.6729],[84.292,25.6754],[84.2962,25.6746],[84.3005,25.6753],[84.3032,25.6724],[84.3071,25.6701],[84.3167,25.6705],[84.3205,25.6707],[84.3217,25.6672],[84.327,25.6702],[84.3291,25.6803],[84.332,25.7023],[84.3316,25.7214],[84.3328,25.7315],[84.334,25.7353],[84.3397,25.7428],[84.3459,25.7434],[84.3628,25.7419],[84.3746,25.7367],[84.3779,25.7343],[84.3801,25.7366],[84.376,25.74],[84.378,25.742],[84.3814,25.7405],[84.3884,25.7469],[84.3969,25.7426]]]},"properties":{"district_name":"Buxar","raw_district_name":"Buxar","state_code":"BR","state_name":"Bihar","census_code":232,"data_source":"DataMeet India Maps (Census 2011 Boundaries)"}},{"type":"Feature","geometry":{"type":"Polygon","coordinates":[[[85.7689,26.4356],[85.7649,26.428],[85.7639,26.4227],[85.7578,26.4113],[85.758,26.4052],[85.7589,26.4038],[85.7631,26.4053],[85.7718,26.4019],[85.7746,26.4044],[85.7772,26.4047],[85.7797,26.405],[85.7876,26.4039],[85.7859,26.4063],[85.7856,26.4101],[85.7903,26.4097],[85.7924,26.4111],[85.794,26.4149],[85.7986,26.4132],[85.8064,26.4131],[85.8126,26.4104],[85.8164,26.4114],[85.8173,26.4089],[85.8168,26.4043],[85.8174,26.4025],[85.8194,26.402],[85.8153,26.3989],[85.8145,26.3976],[85.8151,26.3953],[85.8169,26.3942],[85.8213,26.3896],[85.822,26.3879],[85.8285,26.3873],[85.8323,26.3913],[85.8341,26.3907],[85.8349,26.3853],[85.8343,26.383],[85.8379,26.3821],[85.8372,26.3812],[85.8336,26.3821],[85.8326,26.3816],[85.8321,26.3797],[85.8308,26.3791],[85.8245,26.3822],[85.8226,26.3822],[85.8215,26.3815],[85.8209,26.3768],[85.8178,26.3772],[85.8171,26.3757],[85.8255,26.3681],[85.8261,26.3663],[85.828,26.364],[85.8284,26.3619],[85.831,26.3613],[85.8301,26.3585],[85.8237,26.3588],[85.8212,26.3582],[85.8195,26.3541],[85.8189,26.3474],[85.8302,26.3457],[85.8366,26.346],[85.8382,26.3466],[85.8398,26.3438],[85.8375,26.3436],[85.8335,26.3363],[85.8326,26.3272],[85.8263,26.33],[85.8217,26.3324],[85.8181,26.3292],[85.8183,26.3255],[85.8152,26.3167],[85.8172,26.3149],[85.8168,26.3122],[85.8159,26.3102],[85.8127,26.3089],[85.818,26.3053],[85.8185,26.3007],[85.813,26.2967],[85.8212,26.2927],[85.8357,26.2824],[85.8463,26.2846],[85.8536,26.2808],[85.8555,26.2816],[85.8569,26.2845],[85.8612,26.2831],[85.8638,26.2847],[85.8659,26.2823],[85.873,26.2816],[85.8763,26.2783],[85.8808,26.277],[85.8812,26.2791],[85.8834,26.2807],[85.8866,26.2797],[85.8953,26.2815],[85.8998,26.288],[85.9055,26.2903],[85.9084,26.2886],[85.9168,26.287],[85.9203,26.2909],[85.9175,26.2929],[85.9171,26.2995],[85.9142,26.3072],[85.9181,26.3065],[85.9181,26.3111],[85.9225,26.31],[85.9248,26.3081],[85.9278,26.3091],[85.9297,26.311],[85.9321,26.3121],[85.94,26.3115],[85.9449,26.31],[85.9578,26.3083],[85.9625,26.3084],[85.9674,26.3107],[85.9706,26.3118],[85.9748,26.3223],[85.9764,26.3245],[85.9786,26.3254],[85.9883,26.325],[85.9913,26.3225],[85.9906,26.3201],[85.9932,26.3159],[86.0113,26.3022],[86.0183,26.3017],[86.0186,26.3],[86.0127,26.2967],[86.0042,26.2894],[86.0066,26.281],[86.0044,26.273],[86.0065,26.2713],[86.0029,26.2669],[86.014,26.2608],[86.0127,26.2576],[86.016,26.2557],[86.0155,26.2517],[86.0213,26.2493],[86.0273,26.2501],[86.0316,26.2496],[86.032,26.2441],[86.0344,26.2402],[86.0437,26.2392],[86.0424,26.2339],[86.0382,26.2288],[86.0276,26.2206],[86.0292,26.2174],[86.0285,26.2111],[86.0215,26.2057],[86.0229,26.201],[86.0259,26.1992],[86.033,26.1991],[86.0421,26.1955],[86.0456,26.1953],[86.047,26.1977],[86.0494,26.1953],[86.0549,26.2004],[86.054,26.2103],[86.0562,26.2132],[86.0699,26.21],[86.0712,26.2119],[86.0722,26.2171],[86.0775,26.2169],[86.08,26.2184],[86.0838,26.2159],[86.0842,26.2127],[86.09,26.2064],[86.1011,26.2042],[86.1014,26.1997],[86.1098,26.1961],[86.1116,26.1993],[86.1115,26.2051],[86.1164,26.2046],[86.1209,26.2101],[86.1228,26.2164],[86.1231,26.2227],[86.1298,26.224],[86.133,26.226],[86.1354,26.2312],[86.1402,26.2341],[86.144,26.2381],[86.1478,26.2376],[86.15,26.2395],[86.1557,26.2324],[86.1592,26.2302],[86.164,26.2284],[86.169,26.2276],[86.1722,26.2278],[86.171,26.2307],[86.1802,26.2279],[86.1954,26.2281],[86.2045,26.2268],[86.2149,26.2307],[86.2413,26.2318],[86.2417,26.2253],[86.2434,26.2206],[86.2388,26.2107],[86.2389,26.2046],[86.2406,26.2011],[86.2567,26.1958],[86.2616,26.1925],[86.2612,26.1828],[86.2682,26.1816],[86.2721,26.1839],[86.2813,26.1824],[86.2872,26.1769],[86.29,26.171],[86.3176,26.1656],[86.3189,26.1607],[86.3223,26.1584],[86.3228,26.154],[86.3267,26.1528],[86.3258,26.1496],[86.3218,26.1488],[86.3168,26.1391],[86.3161,26.1294],[86.32,26.1181],[86.3248,26.1115],[86.3187,26.111],[86.3193,26.1058],[86.323,26.1056],[86.3223,26.0982],[86.3257,26.0954],[86.3314,26.0946],[86.3367,26.0922],[86.3385,26.088],[86.3431,26.0857],[86.3499,26.0866],[86.3508,26.0828],[86.3664,26.0643],[86.3699,26.055],[86.3691,26.0492],[86.3774,26.0442],[86.3785,26.0408],[86.3773,26.0388],[86.3734,26.0363],[86.3739,26.0332],[86.3758,26.0324],[86.3774,26.0317],[86.377,26.0303],[86.3725,26.0274],[86.3727,26.0245],[86.3764,26.0242],[86.3721,26.0203],[86.373,26.0171],[86.3756,26.0152],[86.3769,26.013],[86.3775,26.0089],[86.3788,26.0076],[86.3794,26.0082],[86.3807,26.0092],[86.3851,26.0076],[86.3841,25.996],[86.3796,25.9928],[86.3794,25.9916],[86.3833,25.9879],[86.3847,25.9849],[86.3825,25.9858],[86.3805,25.9866],[86.3796,25.9864],[86.3815,25.9834],[86.383,25.9814],[86.3817,25.9804],[86.3812,25.9799],[86.3819,25.9784],[86.3859,25.9753],[86.3875,25.9719],[86.384,25.9682],[86.3819,25.9681],[86.3793,25.9666],[86.3772,25.9638],[86.3788,25.9625],[86.3781,25.961],[86.3776,25.9599],[86.3788,25.9591],[86.3829,25.9628],[86.3857,25.9598],[86.3864,25.9554],[86.3836,25.9549],[86.3806,25.9532],[86.3801,25.952],[86.3817,25.9503],[86.3863,25.9504],[86.3892,25.9493],[86.387,25.9468],[86.387,25.9454],[86.3884,25.9445],[86.3888,25.9442],[86.3881,25.9429],[86.3895,25.9387],[86.3923,25.9372],[86.3934,25.9394],[86.3966,25.9376],[86.401,25.9363],[86.4004,25.9334],[86.4011,25.9316],[86.4038,25.9305],[86.4071,25.9308],[86.4041,25.9271],[86.4011,25.9262],[86.3825,25.9238],[86.3793,25.9264],[86.3803,25.9322],[86.3747,25.934],[86.3686,25.938],[86.3651,25.9372],[86.3628,25.9337],[86.362,25.9293],[86.3594,25.9279],[86.3598,25.9248],[86.3553,25.9242],[86.352,25.9217],[86.3496,25.914],[86.3454,25.9098],[86.3456,25.9072],[86.3473,25.9047],[86.3359,25.9026],[86.3347,25.8958],[86.3327,25.8915],[86.3271,25.8848],[86.321,25.8821],[86.3224,25.8722],[86.3186,25.8702],[86.3111,25.8668],[86.3026,25.8766],[86.312,25.8813],[86.3106,25.8876],[86.3062,25.8912],[86.3036,25.8975],[86.2992,25.9018],[86.2912,25.9028],[86.2787,25.9003],[86.2788,25.9039],[86.2674,25.9075],[86.2592,25.9058],[86.2552,25.9066],[86.2482,25.902],[86.241,25.9035],[86.2334,25.9036],[86.2343,25.8988],[86.2296,25.8952],[86.2183,25.8923],[86.2124,25.888],[86.2095,25.8888],[86.2069,25.8912],[86.1993,25.891],[86.1955,25.8955],[86.1878,25.8953],[86.1863,25.8921],[86.1834,25.8913],[86.1832,25.8937],[86.1753,25.894],[86.1772,25.8875],[86.1722,25.8867],[86.163,25.8795],[86.1591,25.8836],[86.1622,25.8893],[86.1547,25.8957],[86.1391,25.897],[86.125,25.8958],[86.1238,25.8918],[86.1096,25.894],[86.1089,25.9025],[86.1041,25.9034],[86.1043,25.9089],[86.1029,25.9109],[86.0995,25.9079],[86.0981,25.9022],[86.0929,25.8966],[86.0893,25.9048],[86.0883,25.9032],[86.0802,25.9113],[86.0773,25.9108],[86.074,25.916],[86.0694,25.9149],[86.0668,25.9199],[86.0624,25.9189],[86.0614,25.9226],[86.0592,25.9252],[86.0545,25.9279],[86.0577,25.9327],[86.0565,25.9329],[86.0539,25.9312],[86.0491,25.9349],[86.0428,25.9333],[86.0394,25.9354],[86.0391,25.9374],[86.0464,25.942],[86.0428,25.9441],[86.0396,25.9472],[86.0385,25.9447],[86.0347,25.9448],[86.0351,25.9478],[86.0264,25.9471],[86.0189,25.9448],[86.0105,25.9453],[86.0093,25.9446],[86.0104,25.9393],[86.0102,25.9373],[86.0064,25.9368],[86.0049,25.9355],[86.0054,25.933],[86.0042,25.9321],[86.0007,25.9372],[85.9934,25.9372],[85.9873,25.936],[85.9815,25.9366],[85.9815,25.9443],[85.9834,25.9454],[85.9842,25.9478],[85.9823,25.9493],[85.9772,25.9504],[85.9751,25.955],[85.959,25.9526],[85.9574,25.956],[85.9533,25.9558],[85.9507,25.9605],[85.9415,25.9615],[85.9416,25.9569],[85.9355,25.9529],[85.9305,25.9578],[85.932,25.9626],[85.9319,25.9662],[85.9268,25.9634],[85.9261,25.9575],[85.9251,25.9563],[85.9202,25.9554],[85.9201,25.9603],[85.916,25.9629],[85.9178,25.9736],[85.9141,25.9783],[85.9133,25.9791],[85.9081,25.9814],[85.9046,25.9818],[85.9009,25.9762],[85.8915,25.978],[85.89,25.9804],[85.8852,25.98],[85.8835,25.983],[85.8836,25.9868],[85.8829,25.99],[85.8801,25.9903],[85.8766,25.9883],[85.8738,25.9852],[85.8711,25.986],[85.8702,25.9889],[85.8711,25.9919],[85.8644,26.0021],[85.8644,26.0074],[85.867,26.0102],[85.867,26.0119],[85.863,26.0143],[85.8631,26.0161],[85.8668,26.022],[85.8538,26.0199],[85.8481,26.0202],[85.8449,26.0216],[85.8436,26.0232],[85.8495,26.0321],[85.8459,26.0358],[85.8371,26.0336],[85.8363,26.0306],[85.8336,26.0275],[85.8301,26.0258],[85.8252,26.0262],[85.8145,26.0294],[85.8131,26.0321],[85.7834,26.0388],[85.778,26.0387],[85.7761,26.0425],[85.7744,26.0438],[85.7711,26.0437],[85.7643,26.0399],[85.765,26.044],[85.7646,26.0472],[85.762,26.048],[85.7643,26.0532],[85.7642,26.0563],[85.7618,26.054],[85.7608,26.0542],[85.7587,26.0496],[85.7534,26.0428],[85.7558,26.0349],[85.7554,26.0324],[85.7534,26.0321],[85.7505,26.0334],[85.749,26.036],[85.7479,26.0409],[85.7416,26.0483],[85.7378,26.0468],[85.7351,26.0432],[85.7339,26.0371],[85.7298,26.0367],[85.7262,26.0415],[85.7249,26.0454],[85.719,26.0473],[85.7184,26.049],[85.7211,26.0519],[85.7216,26.0571],[85.7227,26.0593],[85.7272,26.0643],[85.7286,26.0683],[85.7273,26.0698],[85.7198,26.0675],[85.7187,26.0679],[85.7185,26.0757],[85.7151,26.0903],[85.7138,26.0984],[85.7154,26.1049],[85.7191,26.1098],[85.7226,26.1097],[85.7303,26.1078],[85.7339,26.1089],[85.7342,26.1108],[85.7331,26.1124],[85.73,26.1118],[85.7287,26.1153],[85.7293,26.1214],[85.7286,26.1262],[85.7358,26.1281],[85.7447,26.132],[85.7492,26.137],[85.7514,26.1405],[85.7514,26.143],[85.7544,26.1442],[85.75,26.1493],[85.7493,26.1518],[85.7459,26.154],[85.7413,26.1621],[85.7236,26.165],[85.7225,26.1693],[85.7237,26.1777],[85.7252,26.1785],[85.726,26.1961],[85.7271,26.201],[85.7248,26.2025],[85.7206,26.2028],[85.7197,26.2105],[85.7116,26.2125],[85.7102,26.2168],[85.7088,26.2178],[85.7099,26.2205],[85.7075,26.2219],[85.7076,26.2257],[85.7065,26.2246],[85.7002,26.2261],[85.6993,26.2296],[85.7012,26.2399],[85.7026,26.2412],[85.7092,26.242],[85.7152,26.2406],[85.7169,26.2418],[85.7173,26.2456],[85.7189,26.2501],[85.7101,26.2513],[85.7048,26.2496],[85.6961,26.2576],[85.6973,26.2591],[85.7002,26.2607],[85.6997,26.2619],[85.7018,26.2652],[85.7047,26.2661],[85.7098,26.2704],[85.7181,26.2729],[85.7186,26.2762],[85.7155,26.2767],[85.7166,26.2837],[85.7166,26.291],[85.7137,26.293],[85.7051,26.2961],[85.7047,26.3066],[85.7112,26.3102],[85.7123,26.314],[85.7226,26.3137],[85.7246,26.3083],[85.7293,26.3119],[85.7253,26.3165],[85.7317,26.3171],[85.7341,26.3242],[85.7293,26.3276],[85.7304,26.3392],[85.732,26.3418],[85.7316,26.3437],[85.7245,26.3493],[85.716,26.3515],[85.7073,26.3527],[85.7008,26.3517],[85.6996,26.3507],[85.7019,26.3464],[85.7016,26.3398],[85.6961,26.3446],[85.686,26.3476],[85.6851,26.3503],[85.6779,26.3509],[85.6742,26.352],[85.6731,26.3538],[85.674,26.3558],[85.6759,26.3573],[85.6899,26.3543],[85.7018,26.3533],[85.7039,26.3543],[85.7064,26.357],[85.7159,26.3575],[85.7175,26.3591],[85.7182,26.3613],[85.7147,26.3621],[85.7117,26.3618],[85.7073,26.3644],[85.7044,26.3679],[85.7037,26.3711],[85.7008,26.3764],[85.6962,26.3756],[85.6932,26.376],[85.6923,26.377],[85.6971,26.3918],[85.6887,26.403],[85.6902,26.4084],[85.6902,26.4137],[85.6912,26.4148],[85.6983,26.4164],[85.707,26.423],[85.7093,26.4304],[85.7119,26.4335],[85.7114,26.4366],[85.7091,26.4388],[85.7079,26.4416],[85.7102,26.446],[85.7148,26.448],[85.7179,26.4455],[85.7252,26.4478],[85.7382,26.4364],[85.7453,26.4344],[85.7534,26.4345],[85.7585,26.4356],[85.7667,26.4348],[85.7689,26.4356]]]},"properties":{"district_name":"Darbhanga","raw_district_name":"Darbhanga","state_code":"BR","state_name":"Bihar","census_code":215,"data_source":"DataMeet India Maps (Census 2011 Boundaries)"}},{"type":"Feature","geometry":{"type":"MultiPolygon","coordinates":[[[[85.1849,25.0718],[85.1856,25.0696],[85.1854,25.0676],[85.1843,25.0645],[85.1803,25.0621],[85.1756,25.0599],[85.177,25.0546],[85.179,25.0504],[85.1852,25.0502],[85.192,25.0508],[85.1953,25.0504],[85.2024,25.0513],[85.2026,25.0513],[85.2044,25.0533],[85.2048,25.0532],[85.2048,25.0532],[85.2033,25.0476],[85.2032,25.0462],[85.2023,25.0337],[85.2109,25.0345],[85.2109,25.0345],[85.2144,25.0367],[85.2186,25.0421],[85.2217,25.0434],[85.2233,25.0462],[85.2232,25.0549],[85.2294,25.0566],[85.2356,25.055],[85.2404,25.0457],[85.2452,25.0309],[85.2447,25.0245],[85.2424,25.0199],[85.245,25.016],[85.2498,25.0125],[85.251,25.0087],[85.2558,25.0085],[85.2601,25.01],[85.2621,25.0117],[85.2631,25.0149],[85.2639,25.023],[85.2634,25.0328],[85.267,25.0345],[85.2697,25.0339],[85.2714,25.0312],[85.2724,25.0254],[85.2764,25.0268],[85.28,25.0261],[85.2829,25.0306],[85.2872,25.0301],[85.3039,25.0268],[85.3094,25.028],[85.324,25.0254],[85.3264,25.0244],[85.3299,25.0176],[85.3303,25.015],[85.3293,25.0104],[85.3319,25.0087],[85.3351,25.0089],[85.3419,25.0069],[85.3426,25.0105],[85.3501,25.0122],[85.3511,25.0176],[85.352,25.0185],[85.3565,25.0197],[85.3599,25.0198],[85.3632,25.0188],[85.3655,25.0166],[85.3657,25.0124],[85.3619,25.0062],[85.3626,25.0028],[85.3636,25.0014],[85.3655,24.9899],[85.3689,24.9893],[85.3747,24.9897],[85.3895,24.9918],[85.3901,24.9908],[85.3839,24.9817],[85.3818,24.9779],[85.3815,24.9758],[85.3857,24.9772],[85.3965,24.966],[85.3938,24.9599],[85.3819,24.9475],[85.3827,24.9442],[85.3892,24.9411],[85.3889,24.9314],[85.3816,24.9292],[85.3808,24.9274],[85.3802,24.9201],[85.3813,24.9175],[85.3843,24.9143],[85.3824,24.9016],[85.3839,24.9008],[85.3832,24.8983],[85.3805,24.8977],[85.3774,24.8949],[85.3722,24.8934],[85.3696,24.8907],[85.3682,24.8882],[85.3686,24.8827],[85.3555,24.8843],[85.352,24.8835],[85.3463,24.8873],[85.3432,24.8863],[85.3378,24.8827],[85.3362,24.8798],[85.3364,24.8781],[85.3448,24.8668],[85.3425,24.8622],[85.3307,24.858],[85.3273,24.8554],[85.3266,24.853],[85.3276,24.8432],[85.3265,24.8416],[85.3214,24.8397],[85.318,24.8372],[85.3075,24.8219],[85.3074,24.8194],[85.3097,24.8133],[85.3088,24.8081],[85.3061,24.8017],[85.298,24.7904],[85.2918,24.7836],[85.2841,24.7869],[85.2806,24.785],[85.2788,24.782],[85.2771,24.775],[85.2756,24.7589],[85.2702,24.7504],[85.2711,24.7483],[85.276,24.7466],[85.2873,24.749],[85.2975,24.7496],[85.2983,24.748],[85.2975,24.7449],[85.3043,24.7433],[85.3066,24.7421],[85.3059,24.7309],[85.3067,24.7286],[85.3102,24.7288],[85.3215,24.7312],[85.3243,24.7311],[85.3254,24.7296],[85.3265,24.721],[85.3327,24.7124],[85.3327,24.7015],[85.3313,24.6975],[85.3277,24.6959],[85.3251,24.6926],[85.3245,24.6877],[85.326,24.68],[85.3262,24.6735],[85.3275,24.6694],[85.3269,24.6684],[85.3145,24.6723],[85.3114,24.6721],[85.3074,24.6765],[85.3036,24.6758],[85.3001,24.6736],[85.2977,24.6741],[85.296,24.6723],[85.3006,24.6623],[85.3095,24.6592],[85.3075,24.6523],[85.3094,24.6502],[85.3146,24.6491],[85.3259,24.6501],[85.3262,24.6485],[85.3247,24.6451],[85.3242,24.6401],[85.3216,24.6357],[85.3063,24.647],[85.3038,24.6334],[85.3135,24.6201],[85.3131,24.6145],[85.3109,24.6047],[85.3184,24.6037],[85.3156,24.5932],[85.3156,24.5888],[85.3169,24.5867],[85.3206,24.5858],[85.3255,24.5869],[85.3292,24.5832],[85.33,24.581],[85.3305,24.5774],[85.3261,24.5707],[85.3179,24.5688],[85.3173,24.5654],[85.3184,24.5622],[85.3394,24.5548],[85.3505,24.5522],[85.3534,24.5524],[85.3668,24.5563],[85.3721,24.5555],[85.3777,24.5535],[85.396,24.5448],[85.3975,24.5424],[85.3934,24.5385],[85.3904,24.5354],[85.3898,24.5328],[85.3773,24.5298],[85.3682,24.5299],[85.3529,24.5282],[85.345,24.5282],[85.3386,24.5264],[85.3296,24.5258],[85.3256,24.5248],[85.3196,24.5268],[85.3044,24.5288],[85.2951,24.5286],[85.2896,24.5269],[85.2864,24.5193],[85.2869,24.5141],[85.289,24.5094],[85.2895,24.504],[85.2881,24.5],[85.289,24.4974],[85.2767,24.4986],[85.2615,24.4981],[85.2536,24.4955],[85.2465,24.489],[85.2424,24.48],[85.2356,24.4796],[85.231,24.4714],[85.2229,24.4727],[85.2104,24.4731],[85.2064,24.4676],[85.1976,24.4688],[85.1897,24.4688],[85.1834,24.4682],[85.177,24.4663],[85.1746,24.4675],[85.1704,24.4674],[85.16,24.4643],[85.1578,24.463],[85.1564,24.4594],[85.157,24.456],[85.1597,24.4539],[85.1659,24.4514],[85.1685,24.4435],[85.1708,24.4416],[85.172,24.436],[85.1734,24.4337],[85.1759,24.432],[85.1765,24.4297],[85.1715,24.4279],[85.165,24.4244],[85.1624,24.4182],[85.1551,24.4184],[85.134,24.4117],[85.1278,24.4086],[85.1261,24.4093],[85.1222,24.4092],[85.1165,24.399],[85.1058,24.3941],[85.1031,24.391],[85.0996,24.3817],[85.0966,24.3794],[85.0878,24.381],[85.0878,24.381],[85.0726,24.387],[85.0781,24.3999],[85.0764,24.4014],[85.0775,24.4054],[85.0802,24.4067],[85.0817,24.4086],[85.0809,24.4132],[85.0828,24.4219],[85.0833,24.44],[85.0762,24.4358],[85.0718,24.4307],[85.0676,24.4248],[85.0646,24.4166],[85.0605,24.4153],[85.0494,24.4184],[85.0467,24.4243],[85.0429,24.4232],[85.0393,24.4255],[85.0279,24.4221],[85.0218,24.4192],[85.0179,24.4162],[84.9976,24.4123],[84.9758,24.3761],[84.9551,24.3719],[84.9422,24.3766],[84.9326,24.3782],[84.9202,24.3758],[84.9105,24.3724],[84.9052,24.3722],[84.9017,24.3751],[84.9077,24.3822],[84.9054,24.3939],[84.8992,24.3986],[84.8896,24.4171],[84.8852,24.4227],[84.8873,24.432],[84.8853,24.4438],[84.8875,24.4628],[84.8835,24.4628],[84.88,24.4658],[84.8747,24.4669],[84.8702,24.4576],[84.8671,24.4566],[84.8643,24.4575],[84.8646,24.4607],[84.8548,24.4659],[84.8493,24.4554],[84.8417,24.4525],[84.8379,24.4592],[84.8401,24.4611],[84.8408,24.4695],[84.8345,24.47],[84.8353,24.4859],[84.84,24.5114],[84.8268,24.5247],[84.809,24.521],[84.8027,24.5293],[84.7971,24.5214],[84.791,24.5176],[84.7873,24.5047],[84.7704,24.5016],[84.7494,24.4963],[84.7474,24.4881],[84.7323,24.4728],[84.7249,24.4687],[84.7203,24.4685],[84.7139,24.4722],[84.7015,24.4616],[84.6915,24.459],[84.6863,24.4562],[84.6814,24.441],[84.6736,24.431],[84.6732,24.4283],[84.6758,24.4261],[84.6752,24.4128],[84.6703,24.4105],[84.6675,24.3959],[84.6656,24.3936],[84.6504,24.3985],[84.6362,24.4],[84.6303,24.4038],[84.6267,24.4019],[84.6226,24.4037],[84.6199,24.4011],[84.6084,24.4008],[84.6016,24.4039],[84.5973,24.4042],[84.5892,24.4013],[84.5875,24.4102],[84.5799,24.4122],[84.5728,24.4073],[84.5686,24.4017],[84.5665,24.3969],[84.5717,24.3897],[84.5732,24.3838],[84.5634,24.3796],[84.5533,24.3735],[84.5491,24.3765],[84.5289,24.3761],[84.5315,24.3686],[84.5354,24.3647],[84.5341,24.3609],[84.5262,24.353],[84.5268,24.3457],[84.5329,24.3393],[84.5248,24.3335],[84.5216,24.3235],[84.5181,24.317],[84.5106,24.3153],[84.5119,24.3058],[84.5086,24.2987],[84.5097,24.2944],[84.5043,24.2926],[84.5009,24.2869],[84.4916,24.2968],[84.4949,24.2987],[84.4961,24.3021],[84.4945,24.3047],[84.486,24.3028],[84.4865,24.3091],[84.4879,24.3122],[84.49,24.3148],[84.4941,24.3173],[84.5032,24.3211],[84.5064,24.3239],[84.509,24.3277],[84.5082,24.3324],[84.5048,24.3341],[84.4987,24.3297],[84.4887,24.3182],[84.4851,24.3159],[84.4822,24.3172],[84.4765,24.3182],[84.4694,24.3174],[84.462,24.3385],[84.4541,24.3395],[84.4524,24.334],[84.4249,24.3312],[84.4256,24.3421],[84.43,24.3589],[84.4024,24.3675],[84.4073,24.3744],[84.4052,24.3771],[84.3995,24.3755],[84.3925,24.379],[84.3897,24.3894],[84.3813,24.3907],[84.3748,24.3867],[84.3689,24.3863],[84.3628,24.3906],[84.3545,24.3917],[84.3434,24.3955],[84.3455,24.4009],[84.3392,24.4043],[84.3334,24.4106],[84.3353,24.4162],[84.3353,24.4218],[84.3324,24.4233],[84.3258,24.4198],[84.3226,24.4231],[84.3269,24.4289],[84.335,24.4273],[84.3382,24.428],[84.3379,24.4308],[84.3226,24.4471],[84.3008,24.4504],[84.2978,24.4576],[84.2928,24.4654],[84.3018,24.4803],[84.3158,24.4864],[84.3293,24.4893],[84.347,24.4964],[84.3489,24.4997],[84.371,24.5101],[84.3761,24.5163],[84.3734,24.5274],[84.3881,24.5307],[84.3854,24.5426],[84.394,24.5454],[84.3932,24.552],[84.3954,24.557],[84.3932,24.5607],[84.3951,24.5672],[84.401,24.5677],[84.4046,24.5721],[84.4102,24.5707],[84.4074,24.565],[84.4177,24.5584],[84.4237,24.5524],[84.4304,24.5723],[84.4387,24.5728],[84.446,24.5568],[84.4483,24.5393],[84.45,24.5321],[84.4686,24.5374],[84.4738,24.5327],[84.4896,24.514],[84.5085,24.5199],[84.5205,24.5262],[84.5467,24.5274],[84.5502,24.5319],[84.5567,24.5358],[84.5631,24.5416],[84.5682,24.5449],[84.5712,24.5515],[84.5694,24.5571],[84.5758,24.5586],[84.5813,24.5638],[84.5781,24.5667],[84.5678,24.5663],[84.565,24.5695],[84.5727,24.5777],[84.5904,24.5895],[84.5914,24.5938],[84.5971,24.5972],[84.5944,24.6044],[84.5972,24.6079],[84.5943,24.6156],[84.6042,24.6246],[84.6005,24.6262],[84.5997,24.6305],[84.6004,24.6433],[84.6038,24.6563],[84.6105,24.6546],[84.6118,24.6604],[84.619,24.6563],[84.6296,24.6518],[84.6365,24.653],[84.6392,24.6642],[84.6449,24.6638],[84.6429,24.6719],[84.6459,24.6779],[84.6529,24.6754],[84.6566,24.6805],[84.664,24.6796],[84.663,24.6828],[84.6896,24.6781],[84.6989,24.6809],[84.6981,24.6906],[84.7029,24.6983],[84.7094,24.6974],[84.7166,24.7006],[84.7229,24.7008],[84.7273,24.7295],[84.7267,24.7527],[84.7191,24.7575],[84.7169,24.766],[84.7335,24.7669],[84.7343,24.7765],[84.7311,24.7778],[84.7305,24.7813],[84.7255,24.7831],[84.7259,24.7888],[84.735,24.7901],[84.7332,24.7952],[84.7035,24.8015],[84.7026,24.8122],[84.6975,24.8175],[84.6979,24.8269],[84.6943,24.8321],[84.6891,24.8347],[84.6839,24.8313],[84.6751,24.8338],[84.6753,24.8413],[84.6725,24.8501],[84.6665,24.8508],[84.6526,24.856],[84.6483,24.8629],[84.642,24.8667],[84.6429,24.8751],[84.6405,24.8776],[84.6461,24.8824],[84.6606,24.8786],[84.6655,24.8719],[84.6713,24.876],[84.6711,24.8824],[84.6687,24.884],[84.6617,24.8858],[84.6648,24.8901],[84.6724,24.8936],[84.6738,24.8912],[84.6782,24.8915],[84.6818,24.8939],[84.6816,24.8991],[84.6824,24.9028],[84.6875,24.9015],[84.6895,24.9046],[84.6983,24.903],[84.7051,24.9039],[84.7065,24.9088],[84.708,24.9104],[84.7098,24.9185],[84.7168,24.9195],[84.7188,24.9344],[84.7135,24.9415],[84.715,24.9497],[84.711,24.9527],[84.7118,24.957],[84.7242,24.957],[84.7259,24.9589],[84.7376,24.9592],[84.7383,24.9666],[84.73,24.9729],[84.7304,24.9802],[84.7355,24.986],[84.7455,24.9867],[84.7451,24.9952],[84.7467,24.9998],[84.7544,25.0039],[84.7537,25.0142],[84.7415,25.0165],[84.7389,25.0144],[84.7359,25.0131],[84.7272,25.0135],[84.7239,25.0174],[84.7231,25.025],[84.7094,25.0325],[84.704,25.0378],[84.7047,25.0427],[84.7051,25.0461],[84.7199,25.0452],[84.735,25.0454],[84.7361,25.0478],[84.7383,25.0524],[84.7386,25.0531],[84.7388,25.0546],[84.7442,25.0528],[84.7478,25.0533],[84.752,25.0537],[84.7557,25.0544],[84.761,25.0537],[84.7646,25.0519],[84.7677,25.0484],[84.7688,25.0466],[84.7707,25.046],[84.7721,25.0471],[84.7721,25.0495],[84.7723,25.0504],[84.776,25.0508],[84.7778,25.0583],[84.7789,25.0612],[84.7833,25.0648],[84.7882,25.0659],[84.7933,25.065],[84.7964,25.0619],[84.7979,25.0617],[84.8001,25.063],[84.805,25.0679],[84.8099,25.0701],[84.8152,25.0714],[84.8207,25.0698],[84.8315,25.0643],[84.8326,25.063],[84.8342,25.0606],[84.8351,25.0583],[84.8382,25.0583],[84.8485,25.0614],[84.8563,25.0612],[84.8645,25.0597],[84.8676,25.0599],[84.8711,25.0614],[84.8746,25.0632],[84.8762,25.0639],[84.8769,25.0641],[84.8826,25.0621],[84.8859,25.0608],[84.8899,25.0599],[84.8931,25.061],[84.8932,25.061],[84.8987,25.0638],[84.901,25.0645],[84.9045,25.0648],[84.9068,25.0648],[84.9084,25.0646],[84.9095,25.0641],[84.9101,25.0632],[84.9102,25.061],[84.9103,25.0588],[84.9122,25.0581],[84.9175,25.0588],[84.9219,25.059],[84.9257,25.0572],[84.927,25.0533],[84.9272,25.0484],[84.9232,25.0389],[84.9224,25.0378],[84.9184,25.0365],[84.9109,25.0358],[84.9093,25.0287],[84.9093,25.0252],[84.9098,25.023],[84.9157,25.0241],[84.9202,25.0241],[84.923,25.0228],[84.923,25.021],[84.9219,25.0172],[84.9217,25.0157],[84.9286,25.0144],[84.9291,25.0045],[84.9299,25.004],[84.9348,24.9995],[84.9349,24.9995],[84.9336,24.9985],[84.9316,24.9965],[84.9312,24.9947],[84.9312,24.9931],[84.9321,24.9916],[84.9343,24.9912],[84.9357,24.9909],[84.9357,24.9909],[84.9374,24.9912],[84.9376,24.9896],[84.9378,24.9876],[84.9392,24.9867],[84.9456,24.9874],[84.9478,24.9874],[84.9503,24.9862],[84.9504,24.9863],[84.9508,24.9865],[84.9573,24.9863],[84.9582,24.987],[84.9586,24.9885],[84.9587,24.9913],[84.9584,24.9918],[84.9588,24.9947],[84.9599,24.9965],[84.9619,24.9985],[84.9632,24.9993],[84.9631,24.9995],[84.9653,25.0043],[84.9775,25.0025],[84.9776,25.0022],[84.9827,25.0011],[84.9842,25.0015],[84.9853,25.0069],[84.9904,25.0079],[84.9903,25.008],[84.9942,25.0082],[84.9949,25.0139],[84.9955,25.0152],[84.9955,25.0177],[84.9952,25.0182],[84.9935,25.021],[84.9918,25.0223],[84.9915,25.0236],[84.992,25.0243],[84.9968,25.0225],[85.0026,25.0208],[85.0152,25.021],[85.0157,25.0207],[85.0164,25.0208],[85.0174,25.0186],[85.0187,25.0168],[85.0234,25.0177],[85.024,25.0188],[85.0236,25.0218],[85.0238,25.0217],[85.024,25.0245],[85.0256,25.0263],[85.0276,25.0276],[85.028,25.0301],[85.0298,25.032],[85.0406,25.0336],[85.0426,25.0338],[85.0446,25.0336],[85.0443,25.0329],[85.045,25.0168],[85.0459,25.0075],[85.0475,25.0035],[85.0499,25.0015],[85.0521,25.0013],[85.057,25.0004],[85.0607,25.0022],[85.0639,25.004],[85.0672,25.0029],[85.0698,25.0026],[85.0731,24.9958],[85.0749,24.9958],[85.0771,24.9982],[85.0788,24.9985],[85.0804,24.9976],[85.0813,24.9958],[85.0797,24.9929],[85.0833,24.9903],[85.0912,24.9903],[85.0952,24.9989],[85.0955,24.9986],[85.0968,24.9987],[85.0979,24.9989],[85.0978,24.9993],[85.0992,25.0035],[85.1034,25.0097],[85.1087,25.0144],[85.1109,25.0168],[85.114,25.0208],[85.12,25.0298],[85.1217,25.034],[85.1228,25.044],[85.1264,25.0508],[85.1306,25.0544],[85.1328,25.055],[85.135,25.055],[85.1387,25.055],[85.1397,25.055],[85.1398,25.0548],[85.1485,25.053],[85.1516,25.0517],[85.1538,25.0522],[85.1547,25.0537],[85.1547,25.0614],[85.1542,25.065],[85.1533,25.0667],[85.1549,25.0676],[85.1584,25.0676],[85.1648,25.0672],[85.1719,25.0685],[85.1759,25.0709],[85.1779,25.0709],[85.179,25.0709],[85.1834,25.0721],[85.1849,25.0718]]],[[[84.5072,24.2632],[84.5035,24.2631],[84.5009,24.2651],[84.4989,24.2689],[84.4967,24.2769],[84.4973,24.2795],[84.499,24.2829],[84.5012,24.2835],[84.5049,24.2819],[84.5073,24.2773],[84.509,24.2727],[84.511,24.2685],[84.51,24.2655],[84.5072,24.2632]]]]},"properties":{"district_name":"Gaya","raw_district_name":"Gaya","state_code":"BR","state_name":"Bihar","census_code":236,"data_source":"DataMeet India Maps (Census 2011 Boundaries)"}},{"type":"Feature","geometry":{"type":"Polygon","coordinates":[[[84.4926,26.6025],[84.4872,26.594],[84.4983,26.5702],[84.5103,26.5701],[84.5152,26.565],[84.5172,26.5556],[84.5138,26.5425],[84.5129,26.5333],[84.544,26.507],[84.547,26.4985],[84.5434,26.4856],[84.5551,26.4821],[84.5589,26.4897],[84.564,26.4942],[84.5684,26.493],[84.5769,26.4864],[84.5808,26.4853],[84.5768,26.4691],[84.5889,26.4601],[84.5885,26.4508],[84.5925,26.4498],[84.5909,26.4456],[84.5919,26.4437],[84.589,26.4388],[84.5938,26.4372],[84.6125,26.4464],[84.6178,26.4498],[84.6241,26.4522],[84.6289,26.4583],[84.6373,26.463],[84.6488,26.4654],[84.656,26.4648],[84.6614,26.4627],[84.697,26.4344],[84.7005,26.436],[84.7125,26.4274],[84.715,26.4248],[84.7176,26.4198],[84.7162,26.4159],[84.7146,26.4146],[84.7228,26.402],[84.726,26.4001],[84.7305,26.383],[84.7408,26.3708],[84.7507,26.363],[84.7556,26.352],[84.7651,26.346],[84.7685,26.3415],[84.7786,26.3413],[84.7985,26.3299],[84.8034,26.3233],[84.8043,26.32],[84.8097,26.323],[84.8113,26.3177],[84.8126,26.2965],[84.8102,26.2873],[84.8297,26.2822],[84.8371,26.2854],[84.8384,26.2813],[84.8504,26.2742],[84.8636,26.2648],[84.8718,26.255],[84.8768,26.2552],[84.8835,26.2411],[84.8817,26.2364],[84.8855,26.2335],[84.9093,26.2348],[84.9104,26.2239],[84.9063,26.2206],[84.9031,26.2192],[84.9025,26.2159],[84.8987,26.2148],[84.8742,26.2181],[84.8677,26.2209],[84.861,26.215],[84.8124,26.2106],[84.7933,26.205],[84.789,26.2097],[84.7721,26.2093],[84.7634,26.2109],[84.7552,26.2125],[84.7569,26.2303],[84.7453,26.2268],[84.7346,26.2287],[84.73,26.2321],[84.7217,26.2334],[84.7169,26.2404],[84.7076,26.2398],[84.6936,26.2365],[84.6868,26.2389],[84.6847,26.2563],[84.6875,26.2622],[84.6848,26.2665],[84.6762,26.2677],[84.6751,26.2718],[84.6579,26.2727],[84.6534,26.2776],[84.6567,26.3038],[84.6458,26.3045],[84.6235,26.3024],[84.6144,26.3035],[84.6096,26.3109],[84.598,26.3126],[84.5926,26.317],[84.5912,26.3232],[84.5727,26.3214],[84.5702,26.3144],[84.5591,26.3129],[84.5566,26.2974],[84.5387,26.3057],[84.5426,26.3111],[84.5512,26.3168],[84.5528,26.3222],[84.5315,26.3372],[84.523,26.3388],[84.52,26.3348],[84.5131,26.3307],[84.5069,26.3345],[84.4998,26.3323],[84.4876,26.3347],[84.4847,26.3365],[84.481,26.344],[84.477,26.3415],[84.4705,26.345],[84.4563,26.3499],[84.4613,26.3554],[84.4603,26.3647],[84.4585,26.3691],[84.4363,26.3741],[84.421,26.369],[84.4153,26.3697],[84.4063,26.3666],[84.3883,26.3724],[84.3829,26.3701],[84.3655,26.3677],[84.3645,26.363],[84.3698,26.354],[84.3693,26.3429],[84.3705,26.3368],[84.3653,26.3287],[84.3648,26.3054],[84.3661,26.2994],[84.3572,26.2982],[84.3483,26.3014],[84.3435,26.3049],[84.3404,26.3107],[84.3415,26.3194],[84.3228,26.3297],[84.3134,26.3215],[84.3073,26.3176],[84.2959,26.3149],[84.2899,26.3165],[84.2794,26.306],[84.2649,26.3124],[84.2506,26.3132],[84.2449,26.3156],[84.2438,26.3233],[84.235,26.3248],[84.2289,26.3304],[84.2179,26.3337],[84.2142,26.3387],[84.2113,26.3474],[84.2157,26.3525],[84.2001,26.3564],[84.2019,26.3608],[84.1957,26.3621],[84.1894,26.3683],[84.1804,26.3716],[84.1654,26.3758],[84.1631,26.3737],[84.1398,26.3797],[84.1375,26.3817],[84.1258,26.3828],[84.1243,26.3851],[84.1056,26.3854],[84.1014,26.3879],[84.0988,26.385],[84.0968,26.3876],[84.0902,26.3872],[84.0897,26.3837],[84.0879,26.3832],[84.0863,26.3815],[84.0811,26.382],[84.0797,26.3844],[84.0706,26.3876],[84.0709,26.3917],[84.0642,26.3977],[84.0641,26.3995],[84.0542,26.4015],[84.0541,26.4027],[84.0504,26.403],[84.05,26.4059],[84.0474,26.4078],[84.0453,26.4053],[84.0397,26.4104],[84.0423,26.4112],[84.0309,26.4225],[84.0297,26.4263],[84.0255,26.4293],[84.0241,26.4369],[84.0253,26.4394],[84.0202,26.4458],[84.0182,26.4424],[84.0108,26.441],[84.0018,26.445],[83.9996,26.445],[83.9926,26.4323],[83.9911,26.432],[83.9705,26.4345],[83.9555,26.4355],[83.9452,26.439],[83.9282,26.4428],[83.9173,26.4468],[83.9115,26.4475],[83.9122,26.4583],[83.9107,26.4646],[83.9124,26.4696],[83.9142,26.4916],[83.9167,26.4977],[83.916,26.504],[83.911,26.5077],[83.9101,26.511],[83.9115,26.5153],[83.9239,26.5175],[83.9397,26.5221],[83.9442,26.5217],[83.9485,26.5186],[83.9551,26.5157],[83.9528,26.5132],[83.952,26.5108],[83.9549,26.5075],[83.9654,26.5055],[83.9718,26.5059],[83.9746,26.509],[83.9758,26.5183],[83.9774,26.5231],[83.9798,26.5267],[83.9834,26.5292],[83.9928,26.5288],[83.9995,26.5275],[84.0076,26.5247],[84.0079,26.5224],[84.0099,26.5223],[84.0237,26.5294],[84.0293,26.5294],[84.04,26.5329],[84.0522,26.5383],[84.057,26.5408],[84.058,26.5477],[84.058,26.5478],[84.0574,26.5549],[84.0586,26.5589],[84.064,26.565],[84.0662,26.5708],[84.0721,26.577],[84.077,26.5786],[84.0805,26.5818],[84.0796,26.5866],[84.0884,26.5917],[84.0918,26.5969],[84.0911,26.6004],[84.094,26.6079],[84.0921,26.6124],[84.0928,26.6156],[84.0889,26.621],[84.0914,26.6239],[84.0932,26.6287],[84.0899,26.6312],[84.0907,26.6341],[84.0897,26.6381],[84.0911,26.6402],[84.0938,26.6374],[84.1034,26.6356],[84.1043,26.6338],[84.1087,26.6329],[84.1086,26.6313],[84.1136,26.63],[84.1154,26.6346],[84.1249,26.6348],[84.1308,26.632],[84.1303,26.6349],[84.1334,26.6348],[84.1384,26.6359],[84.1467,26.6338],[84.1488,26.6364],[84.1613,26.6359],[84.1627,26.631],[84.1578,26.6251],[84.1765,26.6216],[84.1771,26.6237],[84.1863,26.6219],[84.1939,26.6232],[84.2112,26.6218],[84.2131,26.618],[84.2161,26.6184],[84.2249,26.6161],[84.2312,26.6131],[84.2323,26.6105],[84.2379,26.6107],[84.2402,26.6072],[84.2493,26.6075],[84.2599,26.6054],[84.2681,26.6048],[84.2721,26.6005],[84.2814,26.5968],[84.2827,26.5988],[84.2866,26.5982],[84.2886,26.6041],[84.296,26.6014],[84.2984,26.6045],[84.3024,26.603],[84.3042,26.6041],[84.3062,26.6132],[84.3119,26.615],[84.3157,26.6145],[84.32,26.6121],[84.3347,26.6128],[84.3393,26.6158],[84.3601,26.618],[84.3798,26.6129],[84.388,26.6194],[84.3926,26.6191],[84.4042,26.6233],[84.4097,26.6217],[84.4236,26.6248],[84.4166,26.6356],[84.429,26.6353],[84.4299,26.6239],[84.4292,26.6188],[84.4336,26.6144],[84.4301,26.6103],[84.4269,26.6116],[84.4249,26.6067],[84.4187,26.6028],[84.4123,26.593],[84.41,26.5883],[84.4158,26.5829],[84.419,26.5855],[84.4219,26.5933],[84.4252,26.5986],[84.4595,26.6311],[84.4585,26.6253],[84.4633,26.621],[84.4688,26.621],[84.4868,26.6105],[84.4899,26.6053],[84.4926,26.6025]]]},"properties":{"district_name":"Gopalganj","raw_district_name":"Gopalganj","state_code":"BR","state_name":"Bihar","census_code":217,"data_source":"DataMeet India Maps (Census 2011 Boundaries)"}},{"type":"Feature","geometry":{"type":"Polygon","coordinates":[[[86.5033,24.9795],[86.5015,24.9778],[86.4932,24.9717],[86.4963,24.9493],[86.4921,24.9384],[86.4944,24.9367],[86.4984,24.9289],[86.4963,24.9268],[86.5001,24.9214],[86.4876,24.9173],[86.488,24.9077],[86.5073,24.9],[86.5153,24.8921],[86.5245,24.8848],[86.5252,24.8798],[86.5358,24.8634],[86.536,24.8585],[86.5306,24.8337],[86.5323,24.8323],[86.5325,24.8217],[86.5238,24.8082],[86.527,24.7988],[86.5272,24.788],[86.5214,24.7871],[86.5152,24.7853],[86.5026,24.7832],[86.5009,24.7768],[86.4961,24.7672],[86.4958,24.7587],[86.4981,24.7587],[86.4985,24.7623],[86.5062,24.764],[86.5121,24.7667],[86.5248,24.7695],[86.5462,24.7721],[86.5484,24.7683],[86.5483,24.7652],[86.5506,24.7592],[86.5487,24.7504],[86.5534,24.7485],[86.5541,24.7464],[86.5575,24.7416],[86.5565,24.734],[86.5578,24.7261],[86.5516,24.7134],[86.5643,24.6921],[86.5754,24.6902],[86.5825,24.683],[86.5861,24.6741],[86.5904,24.675],[86.5955,24.6729],[86.6008,24.6712],[86.6064,24.6654],[86.6136,24.6635],[86.6134,24.6576],[86.6169,24.6543],[86.6088,24.646],[86.6114,24.6433],[86.6178,24.639],[86.6162,24.6283],[86.6115,24.6209],[86.6113,24.6079],[86.6155,24.6082],[86.6091,24.6059],[86.6062,24.6003],[86.6011,24.5979],[86.596,24.5935],[86.5901,24.5861],[86.5894,24.5736],[86.5845,24.5687],[86.5743,24.5636],[86.5679,24.5639],[86.5645,24.5601],[86.5609,24.5601],[86.5641,24.5493],[86.5576,24.5443],[86.5529,24.5359],[86.5468,24.5375],[86.5424,24.5373],[86.5367,24.5338],[86.5298,24.5366],[86.512,24.5186],[86.5038,24.4988],[86.5043,24.4882],[86.5015,24.4862],[86.4965,24.4853],[86.497,24.4796],[86.495,24.4752],[86.496,24.4685],[86.4907,24.4597],[86.4973,24.455],[86.4972,24.4479],[86.4981,24.4402],[86.4944,24.4348],[86.4948,24.426],[86.4883,24.4259],[86.4796,24.4237],[86.472,24.4228],[86.4699,24.4194],[86.4719,24.4147],[86.4699,24.4087],[86.4733,24.3961],[86.4719,24.386],[86.468,24.3777],[86.4612,24.375],[86.4584,24.3696],[86.4525,24.3694],[86.4403,24.3778],[86.4369,24.3771],[86.4314,24.3791],[86.4218,24.3802],[86.4073,24.3972],[86.4049,24.4012],[86.3875,24.4133],[86.3796,24.4168],[86.3742,24.4251],[86.369,24.4277],[86.3598,24.4429],[86.357,24.4446],[86.3541,24.4414],[86.339,24.4411],[86.3258,24.441],[86.3219,24.4448],[86.3101,24.4457],[86.3059,24.4498],[86.3052,24.4551],[86.3073,24.4576],[86.2855,24.4628],[86.2882,24.4713],[86.2919,24.4776],[86.3003,24.4772],[86.3041,24.4833],[86.3046,24.4898],[86.308,24.4943],[86.3099,24.4991],[86.3161,24.5071],[86.3188,24.5093],[86.3169,24.5146],[86.3139,24.5271],[86.3097,24.5285],[86.3078,24.5327],[86.3146,24.5416],[86.3162,24.5481],[86.3105,24.559],[86.3162,24.5638],[86.3145,24.5664],[86.3174,24.5689],[86.3258,24.5752],[86.325,24.5796],[86.3291,24.5813],[86.3293,24.5848],[86.3187,24.5866],[86.3165,24.5823],[86.3081,24.5838],[86.2991,24.5868],[86.2948,24.585],[86.2869,24.5849],[86.2802,24.5834],[86.2826,24.5798],[86.2833,24.5749],[86.2799,24.5763],[86.2762,24.5785],[86.2727,24.5826],[86.2706,24.5765],[86.268,24.5776],[86.264,24.5838],[86.255,24.5858],[86.2494,24.5928],[86.2452,24.5974],[86.2368,24.6029],[86.2239,24.6124],[86.2231,24.6034],[86.2222,24.5918],[86.2015,24.5858],[86.1722,24.5843],[86.1635,24.5898],[86.1588,24.6003],[86.1512,24.6036],[86.1399,24.6041],[86.1373,24.6095],[86.1322,24.6124],[86.1298,24.6203],[86.1286,24.6245],[86.1285,24.6306],[86.1249,24.6424],[86.1298,24.6485],[86.1329,24.6547],[86.1351,24.6665],[86.1326,24.6713],[86.1366,24.672],[86.1402,24.676],[86.1386,24.6809],[86.1357,24.6905],[86.1311,24.7056],[86.1253,24.7121],[86.1226,24.7193],[86.1176,24.7245],[86.116,24.7327],[86.1122,24.7364],[86.0933,24.7467],[86.0699,24.7521],[86.0671,24.7481],[86.0618,24.7467],[86.0494,24.7443],[86.0458,24.7417],[86.0436,24.7442],[86.0427,24.7477],[86.0483,24.7483],[86.0521,24.7523],[86.0566,24.7562],[86.0597,24.7621],[86.0596,24.7681],[86.0594,24.7735],[86.0573,24.7799],[86.0563,24.7945],[86.0412,24.8079],[86.0314,24.8214],[86.0175,24.8263],[86.0115,24.8366],[86.0045,24.8444],[85.9892,24.8494],[85.9802,24.8575],[85.9787,24.8601],[85.9784,24.8641],[85.9733,24.8649],[85.9631,24.8683],[85.9574,24.8691],[85.9567,24.8594],[85.955,24.8573],[85.9498,24.8567],[85.9409,24.8569],[85.9199,24.8618],[85.9073,24.8653],[85.901,24.868],[85.8981,24.8684],[85.8941,24.8748],[85.8922,24.8832],[85.8919,24.8899],[85.8892,24.8982],[85.8867,24.9029],[85.8842,24.9055],[85.8809,24.9068],[85.8843,24.9291],[85.8757,24.9317],[85.8747,24.9342],[85.8697,24.9336],[85.8684,24.9302],[85.8664,24.9182],[85.863,24.9184],[85.8596,24.9199],[85.8524,24.9256],[85.8493,24.9251],[85.8484,24.9239],[85.8475,24.9176],[85.8391,24.9171],[85.8282,24.9178],[85.8272,24.92],[85.8274,24.9237],[85.8301,24.9245],[85.8303,24.928],[85.8318,24.9322],[85.8311,24.9473],[85.8479,24.9459],[85.8509,24.9447],[85.853,24.9389],[85.8553,24.938],[85.8629,24.9408],[85.8641,24.946],[85.8614,24.9523],[85.8568,24.9534],[85.856,24.9603],[85.8539,24.9642],[85.8486,24.9694],[85.8418,24.9782],[85.8381,24.9829],[85.8407,24.9842],[85.8533,24.9914],[85.858,24.9938],[85.8622,24.996],[85.8695,25],[85.8752,25.0017],[85.881,25.0021],[85.8876,25.0018],[85.8916,25.0025],[85.899,25.0069],[85.9061,25.0108],[85.9082,25.012],[85.912,25.0132],[85.9152,25.0132],[85.9202,25.0128],[85.9223,25.0126],[85.9367,25.0072],[85.944,25.0053],[85.9488,25.0025],[85.9521,25.0001],[85.958,24.9991],[85.9596,25.0003],[85.9607,25.007],[85.9624,25.0092],[85.9641,25.0099],[85.9682,25.0089],[85.9716,25.0062],[85.9777,24.9999],[85.98,24.9968],[85.9824,24.99],[85.9846,24.9869],[85.9869,24.9867],[85.99,24.9888],[85.9936,24.9904],[85.9979,24.9933],[86.0034,24.9944],[86.0083,24.997],[86.0118,24.9969],[86.0141,24.9949],[86.0153,24.9931],[86.015,24.9908],[86.0138,24.9893],[86.0122,24.9865],[86.0133,24.9837],[86.0158,24.9809],[86.0188,24.9785],[86.0227,24.9777],[86.0286,24.98],[86.032,24.9813],[86.0355,24.9819],[86.0397,24.9807],[86.042,24.9779],[86.0442,24.9728],[86.0448,24.969],[86.046,24.9667],[86.0499,24.9675],[86.0544,24.9724],[86.058,24.9752],[86.0633,24.9768],[86.066,24.9765],[86.0686,24.9751],[86.0717,24.9687],[86.0766,24.9691],[86.0806,24.9723],[86.085,24.9748],[86.0868,24.9751],[86.0969,24.9711],[86.0992,24.9727],[86.101,24.9764],[86.1028,24.9772],[86.1064,24.9764],[86.1094,24.9743],[86.1117,24.9708],[86.113,24.969],[86.1175,24.9679],[86.1227,24.9687],[86.1262,24.9671],[86.1285,24.9682],[86.1307,24.9723],[86.1307,24.978],[86.1295,24.9837],[86.1298,24.9876],[86.1322,24.9917],[86.1379,24.9954],[86.1423,25.0007],[86.1424,25.0047],[86.1405,25.01],[86.1397,25.0185],[86.1415,25.0258],[86.1437,25.0318],[86.1508,25.0358],[86.1526,25.0383],[86.1561,25.0446],[86.1571,25.0468],[86.1584,25.0508],[86.1601,25.052],[86.1637,25.0533],[86.1691,25.0528],[86.1757,25.0496],[86.1781,25.0474],[86.1868,25.0383],[86.1895,25.0349],[86.1915,25.0327],[86.2049,25.0207],[86.213,25.0136],[86.2209,25.0074],[86.2289,24.9997],[86.2351,24.9957],[86.2391,24.9953],[86.2418,24.9968],[86.2445,24.9993],[86.2467,25.0054],[86.2498,25.0107],[86.2502,25.0175],[86.2515,25.0216],[86.2542,25.0264],[86.2543,25.0305],[86.2511,25.0324],[86.2489,25.0353],[86.2477,25.0398],[86.2485,25.047],[86.2503,25.0507],[86.2552,25.0551],[86.2615,25.0592],[86.2665,25.0632],[86.2734,25.0701],[86.281,25.0753],[86.2872,25.0769],[86.2946,25.0769],[86.305,25.0765],[86.3094,25.0781],[86.3184,25.0833],[86.3218,25.0878],[86.3237,25.0922],[86.3259,25.1027],[86.3281,25.1104],[86.3322,25.1194],[86.3384,25.1234],[86.3549,25.1334],[86.3638,25.1407],[86.3692,25.1435],[86.3724,25.1386],[86.3752,25.1367],[86.3796,25.1358],[86.3827,25.1378],[86.3898,25.1394],[86.4023,25.1361],[86.4147,25.1297],[86.4205,25.1232],[86.4222,25.1155],[86.4212,25.1025],[86.4196,25.0969],[86.4155,25.088],[86.4065,25.0823],[86.3995,25.0759],[86.3945,25.069],[86.3901,25.0577],[86.3895,25.0504],[86.3922,25.0467],[86.4006,25.0419],[86.4095,25.0394],[86.4179,25.0381],[86.4255,25.0344],[86.4311,25.0311],[86.4357,25.0288],[86.4406,25.0248],[86.4418,25.0203],[86.4421,25.0126],[86.4422,25.0098],[86.4439,25.002],[86.4458,24.9985],[86.4524,24.994],[86.4857,24.9842],[86.5012,24.9805],[86.5033,24.9795]]]},"properties":{"district_name":"Jamui","raw_district_name":"Jamui","state_code":"BR","state_name":"Bihar","census_code":238,"data_source":"DataMeet India Maps (Census 2011 Boundaries)"}},{"type":"Feature","geometry":{"type":"Polygon","coordinates":[[[83.7462,25.399],[83.749,25.3983],[83.7504,25.3987],[83.7565,25.4024],[83.7591,25.4031],[83.7617,25.4023],[83.7664,25.3993],[83.7672,25.3986],[83.7603,25.3965],[83.7581,25.3949],[83.7581,25.3902],[83.7703,25.386],[83.7755,25.3826],[83.7784,25.3788],[83.7792,25.3706],[83.7803,25.3672],[83.7836,25.3684],[83.7883,25.3688],[83.7959,25.3669],[83.7997,25.3688],[83.8039,25.3666],[83.8038,25.3695],[83.8091,25.3702],[83.8109,25.3679],[83.8114,25.3644],[83.8153,25.3632],[83.8148,25.3604],[83.8279,25.3493],[83.8316,25.3462],[83.8373,25.3451],[83.8423,25.3431],[83.8446,25.3405],[83.843,25.339],[83.8459,25.3356],[83.8511,25.3344],[83.8648,25.3275],[83.8661,25.325],[83.8697,25.3222],[83.8718,25.3188],[83.8759,25.3147],[83.8793,25.3131],[83.8851,25.3132],[83.8878,25.3086],[83.8944,25.3032],[83.897,25.2998],[83.8998,25.2932],[83.8998,25.2932],[83.8998,25.2932],[83.8998,25.2932],[83.8969,25.2895],[83.8974,25.2853],[83.8965,25.282],[83.8976,25.2795],[83.8978,25.2703],[83.9002,25.2657],[83.9004,25.2633],[83.8986,25.2622],[83.8879,25.2642],[83.8848,25.2629],[83.885,25.2597],[83.8874,25.2576],[83.8868,25.2531],[83.882,25.2521],[83.8666,25.2519],[83.8646,25.2449],[83.8567,25.2464],[83.8521,25.2436],[83.8352,25.2433],[83.8292,25.2318],[83.8254,25.2183],[83.8182,25.2192],[83.8179,25.2162],[83.8158,25.2171],[83.8149,25.2137],[83.8088,25.2137],[83.8088,25.2084],[83.8144,25.2044],[83.8168,25.1997],[83.8156,25.1826],[83.8087,25.1776],[83.8222,25.1735],[83.8227,25.1634],[83.8263,25.1618],[83.8257,25.152],[83.8161,25.1522],[83.8165,25.1456],[83.8203,25.1453],[83.8199,25.1389],[83.8188,25.1328],[83.8147,25.1228],[83.8092,25.1137],[83.8096,25.1084],[83.8124,25.1007],[83.8188,25.0917],[83.8242,25.078],[83.8254,25.0687],[83.8268,25.0569],[83.8217,25.04],[83.8239,25.0378],[83.8235,25.0365],[83.8186,25.0328],[83.8164,25.0301],[83.8093,25.0235],[83.8089,25.0245],[83.8066,25.0221],[83.806,25.02],[83.8037,25.0173],[83.8003,25.0103],[83.8001,25.0076],[83.801,25.0061],[83.8042,25.0047],[83.8081,25.0005],[83.8101,24.9927],[83.8069,24.992],[83.8053,24.9907],[83.8052,24.9883],[83.8076,24.9875],[83.8112,24.9881],[83.8197,24.991],[83.8212,24.9892],[83.8128,24.9844],[83.8086,24.9783],[83.8081,24.9706],[83.8114,24.9645],[83.812,24.9601],[83.8093,24.9582],[83.8013,24.9608],[83.7998,24.9585],[83.8041,24.9557],[83.8062,24.9529],[83.8037,24.9515],[83.7979,24.9499],[83.7969,24.9478],[83.7987,24.9426],[83.7942,24.9406],[83.7932,24.938],[83.7886,24.9394],[83.7859,24.9352],[83.7794,24.9299],[83.7818,24.9277],[83.7771,24.924],[83.7737,24.9161],[83.7668,24.9142],[83.7654,24.9124],[83.7658,24.9084],[83.7648,24.9055],[83.7654,24.9013],[83.7646,24.8984],[83.7614,24.897],[83.7625,24.8899],[83.7605,24.8868],[83.7581,24.8853],[83.7566,24.8831],[83.7558,24.8793],[83.7567,24.8766],[83.7628,24.8727],[83.7574,24.8692],[83.7579,24.8657],[83.7547,24.8656],[83.7509,24.8682],[83.748,24.8626],[83.7446,24.8625],[83.743,24.8585],[83.7401,24.8571],[83.7366,24.8517],[83.7297,24.8495],[83.7289,24.8462],[83.7258,24.8446],[83.7251,24.8391],[83.7196,24.8358],[83.7196,24.8323],[83.7282,24.826],[83.7298,24.823],[83.73,24.8194],[83.7287,24.8162],[83.7307,24.8085],[83.7323,24.8066],[83.7398,24.8054],[83.7475,24.8028],[83.7541,24.8025],[83.7578,24.8032],[83.7604,24.8006],[83.7639,24.7986],[83.773,24.7974],[83.777,24.794],[83.7769,24.7907],[83.7752,24.7877],[83.776,24.7848],[83.7785,24.7818],[83.7823,24.7667],[83.7857,24.7592],[83.7787,24.7604],[83.7782,24.7572],[83.7802,24.7495],[83.7825,24.7446],[83.7828,24.7385],[83.7752,24.7371],[83.7658,24.7276],[83.7655,24.7243],[83.7675,24.7226],[83.7684,24.7202],[83.7626,24.7197],[83.7621,24.7149],[83.7649,24.7116],[83.7668,24.705],[83.766,24.7025],[83.763,24.704],[83.7625,24.707],[83.7609,24.7098],[83.7463,24.6841],[83.7414,24.6732],[83.734,24.6657],[83.7339,24.659],[83.7305,24.655],[83.7345,24.6515],[83.7329,24.6467],[83.7392,24.644],[83.742,24.642],[83.7433,24.638],[83.7528,24.6315],[83.7539,24.6278],[83.7544,24.621],[83.7514,24.615],[83.7477,24.612],[83.7452,24.6085],[83.741,24.5954],[83.7404,24.5886],[83.7473,24.5804],[83.7491,24.5769],[83.7451,24.5688],[83.7359,24.5618],[83.7202,24.5591],[83.718,24.5574],[83.7185,24.5548],[83.7179,24.5516],[83.7142,24.5447],[83.709,24.5423],[83.6987,24.5421],[83.697,24.5413],[83.6935,24.5411],[83.6822,24.5411],[83.6716,24.5442],[83.6676,24.5478],[83.6641,24.5545],[83.661,24.556],[83.6591,24.5534],[83.6456,24.5441],[83.6394,24.5423],[83.6295,24.5414],[83.6082,24.5406],[83.5684,24.543],[83.5568,24.5435],[83.5342,24.5417],[83.5302,24.5433],[83.5251,24.548],[83.5251,24.548],[83.5259,24.5537],[83.5279,24.5575],[83.5325,24.5661],[83.5319,24.5738],[83.5331,24.579],[83.5329,24.5838],[83.5314,24.5866],[83.5279,24.5898],[83.5251,24.5975],[83.5254,24.602],[83.5335,24.6124],[83.5425,24.6144],[83.5464,24.6204],[83.5496,24.6233],[83.5493,24.6249],[83.5468,24.6265],[83.5286,24.6287],[83.5321,24.6408],[83.5319,24.6431],[83.5296,24.6432],[83.5239,24.6415],[83.5151,24.6481],[83.5105,24.6474],[83.5077,24.6481],[83.5055,24.6503],[83.505,24.6579],[83.5074,24.6671],[83.5102,24.6702],[83.5212,24.6776],[83.5217,24.6798],[83.5206,24.6821],[83.5171,24.6834],[83.5079,24.6932],[83.5037,24.6948],[83.503,24.7013],[83.5,24.7038],[83.4976,24.7045],[83.4939,24.7013],[83.4913,24.7016],[83.4887,24.7043],[83.488,24.7085],[83.4884,24.7148],[83.4913,24.7214],[83.4913,24.7296],[83.4905,24.7335],[83.4879,24.7364],[83.4833,24.7366],[83.4798,24.7342],[83.475,24.7331],[83.4717,24.7335],[83.4705,24.7337],[83.4611,24.7319],[83.4527,24.739],[83.4495,24.7426],[83.4423,24.7554],[83.4335,24.7616],[83.4275,24.7684],[83.4193,24.7738],[83.4115,24.7751],[83.4022,24.7779],[83.3949,24.7827],[83.3944,24.785],[83.3966,24.79],[83.4006,24.7955],[83.398,24.8003],[83.3981,24.8029],[83.4037,24.8094],[83.4038,24.814],[83.403,24.8186],[83.3994,24.8216],[83.3977,24.8255],[83.3985,24.8315],[83.3972,24.8345],[83.3934,24.8384],[83.3906,24.8386],[83.3889,24.8414],[83.3891,24.8428],[83.3868,24.8445],[83.3764,24.8615],[83.3639,24.867],[83.3621,24.8689],[83.3654,24.8719],[83.3713,24.8753],[83.3724,24.8769],[83.372,24.8787],[83.3699,24.8807],[83.3644,24.8826],[83.363,24.8838],[83.3632,24.8858],[83.3643,24.8875],[83.3678,24.8885],[83.3682,24.8902],[83.3595,24.9013],[83.3594,24.9045],[83.3602,24.9061],[83.3641,24.9081],[83.3655,24.9097],[83.3662,24.9123],[83.3655,24.9175],[83.3667,24.9356],[83.3658,24.9442],[83.3661,24.9499],[83.3652,24.9536],[83.3576,24.9577],[83.3545,24.9612],[83.3521,24.9621],[83.3466,24.9618],[83.3487,24.973],[83.3486,24.9774],[83.3541,24.9903],[83.3544,24.9941],[83.3531,25.0008],[83.3521,25.0086],[83.3503,25.0096],[83.3473,25.01],[83.3359,25.0145],[83.3279,25.0137],[83.3264,25.0155],[83.3243,25.0255],[83.3247,25.0365],[83.3261,25.0398],[83.3317,25.0462],[83.3297,25.0505],[83.3302,25.0539],[83.3332,25.0541],[83.3345,25.0535],[83.3354,25.0515],[83.3384,25.0491],[83.3403,25.0486],[83.342,25.0491],[83.3418,25.0561],[83.3395,25.0579],[83.336,25.0591],[83.3395,25.0714],[83.3405,25.0805],[83.3418,25.0829],[83.3449,25.0844],[83.3463,25.0861],[83.3486,25.0967],[83.3484,25.1105],[83.3512,25.1105],[83.3561,25.1089],[83.362,25.1084],[83.3656,25.1222],[83.3659,25.126],[83.3604,25.1293],[83.3623,25.1382],[83.3617,25.1472],[83.3608,25.1498],[83.3591,25.1514],[83.3515,25.1567],[83.3534,25.1647],[83.355,25.1676],[83.3565,25.1766],[83.3506,25.1768],[83.3463,25.1779],[83.3437,25.1794],[83.3442,25.1815],[83.3496,25.1835],[83.3523,25.1854],[83.3557,25.191],[83.358,25.1969],[83.3643,25.1966],[83.3686,25.1943],[83.3749,25.1983],[83.3804,25.1991],[83.3829,25.2005],[83.386,25.2076],[83.3879,25.2097],[83.3901,25.2088],[83.3937,25.204],[83.3966,25.205],[83.3983,25.2096],[83.3983,25.2121],[83.3995,25.2136],[83.4034,25.2149],[83.4043,25.2205],[83.4056,25.2232],[83.4099,25.228],[83.4107,25.2355],[83.4125,25.2404],[83.4153,25.2452],[83.4176,25.2472],[83.4254,25.2441],[83.4277,25.2443],[83.4269,25.25],[83.4277,25.2513],[83.4309,25.2502],[83.4371,25.2425],[83.4397,25.2425],[83.4395,25.2481],[83.4416,25.2515],[83.4482,25.2572],[83.4513,25.2572],[83.4619,25.2493],[83.4656,25.2484],[83.4686,25.25],[83.4716,25.2544],[83.4788,25.2607],[83.4803,25.2635],[83.4784,25.2672],[83.4794,25.2701],[83.4886,25.2804],[83.4904,25.2809],[83.4945,25.2775],[83.498,25.2792],[83.4997,25.2846],[83.5031,25.2853],[83.5041,25.2824],[83.5052,25.281],[83.5066,25.281],[83.511,25.2876],[83.5164,25.2842],[83.5195,25.2858],[83.5263,25.2912],[83.5253,25.2965],[83.5253,25.2986],[83.5264,25.3005],[83.5284,25.3013],[83.5315,25.2985],[83.534,25.2976],[83.5372,25.2995],[83.5395,25.3025],[83.5509,25.3073],[83.5537,25.3079],[83.555,25.3096],[83.5527,25.3111],[83.5415,25.3109],[83.543,25.3132],[83.5478,25.3157],[83.5559,25.3139],[83.5596,25.3119],[83.5627,25.3121],[83.5692,25.3141],[83.5726,25.3139],[83.5713,25.3077],[83.5725,25.3062],[83.5777,25.3082],[83.5806,25.3156],[83.5862,25.3147],[83.5872,25.3153],[83.5892,25.3204],[83.5922,25.3229],[83.5964,25.3245],[83.6116,25.3296],[83.6156,25.3304],[83.619,25.3306],[83.623,25.3297],[83.6284,25.3266],[83.6308,25.3276],[83.6331,25.333],[83.6367,25.3343],[83.6373,25.336],[83.6368,25.3392],[83.6383,25.3413],[83.6402,25.3401],[83.6471,25.3382],[83.6509,25.3392],[83.6528,25.3431],[83.6549,25.3453],[83.6519,25.3525],[83.6538,25.3557],[83.6586,25.3572],[83.659,25.3596],[83.658,25.3635],[83.6586,25.366],[83.6645,25.3617],[83.6672,25.3611],[83.6686,25.3619],[83.6663,25.3673],[83.6686,25.3691],[83.6732,25.365],[83.6774,25.3625],[83.6806,25.3626],[83.6874,25.3646],[83.6947,25.3675],[83.6973,25.3694],[83.6962,25.3722],[83.6852,25.3748],[83.6836,25.3764],[83.6847,25.3797],[83.6978,25.3839],[83.7011,25.3918],[83.703,25.3941],[83.7047,25.3944],[83.7073,25.3863],[83.7098,25.3839],[83.7124,25.3842],[83.7179,25.3933],[83.7238,25.3973],[83.7264,25.3979],[83.7337,25.3957],[83.7355,25.3966],[83.7378,25.4043],[83.7409,25.4087],[83.7433,25.4074],[83.7462,25.399]]]},"properties":{"district_name":"Kaimur (bhabua)","raw_district_name":"Kaimur (bhabua)","state_code":"BR","state_name":"Bihar","census_code":233,"data_source":"DataMeet India Maps (Census 2011 Boundaries)"}},{"type":"Feature","geometry":{"type":"Polygon","coordinates":[[[87.8261,25.8811],[87.8291,25.8716],[87.8408,25.8688],[87.8494,25.8688],[87.8567,25.8672],[87.8621,25.8648],[87.8715,25.8677],[87.8739,25.8646],[87.8769,25.8661],[87.8784,25.8598],[87.885,25.8586],[87.8874,25.8585],[87.891,25.8648],[87.9056,25.86],[87.9076,25.8564],[87.911,25.8532],[87.9171,25.8519],[87.9035,25.8397],[87.9036,25.8347],[87.9015,25.8333],[87.8988,25.8352],[87.8955,25.8329],[87.8938,25.833],[87.8896,25.8288],[87.8905,25.8275],[87.8971,25.8267],[87.9,25.8293],[87.9026,25.8292],[87.9041,25.8278],[87.9,25.8252],[87.9049,25.8203],[87.9106,25.8191],[87.9166,25.815],[87.9156,25.8109],[87.9137,25.8096],[87.9093,25.8143],[87.9082,25.8133],[87.9082,25.8112],[87.9073,25.8109],[87.9054,25.8118],[87.9029,25.8112],[87.9012,25.8049],[87.9052,25.8057],[87.908,25.8042],[87.9092,25.802],[87.9077,25.8007],[87.9053,25.8004],[87.9041,25.7994],[87.907,25.7805],[87.9038,25.772],[87.9046,25.77],[87.9073,25.7694],[87.9111,25.7722],[87.9247,25.7742],[87.9347,25.768],[87.9353,25.7723],[87.9385,25.7715],[87.9434,25.7681],[87.9436,25.7585],[87.9477,25.7562],[87.9481,25.7534],[87.9447,25.7488],[87.9499,25.7484],[87.9502,25.744],[87.9571,25.7388],[87.9627,25.7357],[87.9665,25.7323],[87.968,25.7299],[87.967,25.7249],[87.9776,25.7203],[87.9856,25.7187],[87.9878,25.7219],[87.9938,25.7239],[87.9937,25.7203],[87.9985,25.7194],[88.0031,25.7122],[88.0079,25.7094],[88.0127,25.7068],[88.0226,25.705],[88.0234,25.7028],[88.0202,25.6977],[88.0202,25.6946],[88.0221,25.692],[88.0283,25.6918],[88.0327,25.6992],[88.0361,25.6991],[88.0381,25.6967],[88.0406,25.6943],[88.0458,25.6984],[88.0492,25.695],[88.0511,25.6903],[88.0545,25.6908],[88.0567,25.6861],[88.055,25.6817],[88.0506,25.6772],[88.049,25.6742],[88.0512,25.6601],[88.0547,25.6583],[88.0546,25.6557],[88.0498,25.6529],[88.0512,25.6484],[88.0544,25.6442],[88.0532,25.6433],[88.052,25.6447],[88.0503,25.6432],[88.0502,25.64],[88.0488,25.6393],[88.046,25.6422],[88.0417,25.6413],[88.0414,25.6371],[88.0467,25.6364],[88.0493,25.6324],[88.0601,25.6332],[88.0533,25.6279],[88.0496,25.6285],[88.0452,25.6276],[88.0428,25.6223],[88.0409,25.6174],[88.0431,25.6159],[88.0462,25.6108],[88.0451,25.6088],[88.0472,25.6058],[88.0419,25.6027],[88.0355,25.6004],[88.0371,25.5986],[88.0415,25.5973],[88.0456,25.5977],[88.0444,25.5954],[88.037,25.5913],[88.0372,25.5878],[88.0323,25.5862],[88.0268,25.5873],[88.0278,25.5833],[88.0358,25.5747],[88.031,25.5694],[88.034,25.5667],[88.0397,25.5663],[88.044,25.5642],[88.0413,25.5607],[88.0392,25.5618],[88.0354,25.5598],[88.0362,25.5579],[88.0328,25.5536],[88.0356,25.5508],[88.0436,25.5465],[88.0414,25.5371],[88.0448,25.5336],[88.0482,25.5324],[88.0518,25.5347],[88.0546,25.5337],[88.0565,25.5309],[88.0617,25.5303],[88.0638,25.5291],[88.0632,25.5261],[88.0726,25.5168],[88.0745,25.5134],[88.0706,25.5089],[88.0695,25.5066],[88.0721,25.5054],[88.0769,25.5053],[88.0785,25.5043],[88.0755,25.5023],[88.0738,25.4972],[88.0738,25.4903],[88.0761,25.4809],[88.0716,25.4816],[88.0673,25.486],[88.0615,25.4843],[88.0586,25.487],[88.0552,25.4866],[88.055,25.4831],[88.052,25.483],[88.0478,25.4858],[88.0423,25.487],[88.0443,25.492],[88.0402,25.4931],[88.0369,25.4864],[88.0333,25.4866],[88.0344,25.4894],[88.026,25.4958],[88.0215,25.5009],[88.0157,25.5014],[88.0137,25.5032],[88.0174,25.508],[88.0132,25.5108],[88.0095,25.5052],[88.0087,25.5001],[88.01,25.4944],[88.0041,25.4958],[87.9985,25.4983],[87.9924,25.503],[87.9907,25.5085],[87.9863,25.5162],[87.9936,25.5211],[87.994,25.523],[87.9934,25.5243],[87.9918,25.5252],[87.978,25.5236],[87.9749,25.5264],[87.9699,25.5334],[87.9614,25.5384],[87.9582,25.5368],[87.9487,25.535],[87.9439,25.5357],[87.9394,25.5353],[87.9319,25.5366],[87.93,25.536],[87.9255,25.5312],[87.9219,25.5323],[87.9203,25.5313],[87.9204,25.5256],[87.9196,25.5241],[87.914,25.5245],[87.9089,25.5194],[87.9122,25.514],[87.9086,25.5116],[87.9106,25.5077],[87.9063,25.5076],[87.9048,25.5047],[87.9017,25.5051],[87.9009,25.5103],[87.894,25.5131],[87.8912,25.5175],[87.8851,25.5163],[87.8863,25.5137],[87.8872,25.5059],[87.8757,25.5034],[87.8746,25.4976],[87.8693,25.4938],[87.8667,25.4864],[87.8664,25.4782],[87.8697,25.4707],[87.8701,25.4683],[87.8693,25.4658],[87.8565,25.4687],[87.8554,25.4654],[87.8397,25.465],[87.8397,25.4592],[87.8335,25.4592],[87.8315,25.4579],[87.8332,25.452],[87.8308,25.4498],[87.8316,25.4457],[87.8275,25.4434],[87.8268,25.4402],[87.8251,25.4379],[87.8145,25.4346],[87.8127,25.4352],[87.8042,25.4423],[87.7992,25.4426],[87.7985,25.446],[87.7924,25.4491],[87.7872,25.445],[87.7855,25.437],[87.7824,25.4294],[87.776,25.4292],[87.7717,25.4247],[87.7771,25.4189],[87.7783,25.4153],[87.7771,25.412],[87.7758,25.4103],[87.7738,25.4092],[87.77,25.4094],[87.768,25.4125],[87.7656,25.4105],[87.765,25.4055],[87.7697,25.4053],[87.7723,25.404],[87.7689,25.396],[87.7684,25.3894],[87.7685,25.3867],[87.7715,25.3784],[87.7796,25.3724],[87.7825,25.3713],[87.7946,25.3727],[87.7932,25.3553],[87.7907,25.3451],[87.7874,25.3389],[87.7898,25.3329],[87.7972,25.3228],[87.8031,25.3226],[87.8074,25.3239],[87.8168,25.3196],[87.8261,25.3133],[87.8346,25.3039],[87.8369,25.3027],[87.8461,25.2989],[87.8561,25.298],[87.8571,25.293],[87.859,25.2899],[87.8607,25.2901],[87.8618,25.2835],[87.8622,25.2783],[87.86,25.2685],[87.857,25.2696],[87.8556,25.2678],[87.8554,25.262],[87.8567,25.2585],[87.8549,25.254],[87.853,25.2528],[87.8512,25.2528],[87.8472,25.2541],[87.8412,25.2504],[87.8379,25.2452],[87.8359,25.2402],[87.8306,25.2371],[87.8284,25.2349],[87.8394,25.214],[87.8425,25.2037],[87.8423,25.1999],[87.8379,25.2014],[87.8353,25.2046],[87.8268,25.2087],[87.8157,25.2123],[87.807,25.2188],[87.7933,25.2211],[87.7932,25.2292],[87.7911,25.2369],[87.7909,25.241],[87.7894,25.2436],[87.789,25.2467],[87.7748,25.2472],[87.7685,25.2498],[87.7366,25.2537],[87.7268,25.254],[87.7136,25.2569],[87.7127,25.2603],[87.7138,25.2719],[87.7117,25.2751],[87.7068,25.2783],[87.7022,25.2794],[87.6971,25.2819],[87.6949,25.2854],[87.6961,25.2917],[87.7006,25.2959],[87.6972,25.2991],[87.6993,25.3035],[87.6941,25.3053],[87.6865,25.3048],[87.6867,25.3082],[87.6899,25.3085],[87.69,25.3106],[87.6647,25.3102],[87.6577,25.3077],[87.6399,25.3128],[87.6377,25.3123],[87.6319,25.3191],[87.6321,25.3162],[87.6286,25.3113],[87.6195,25.316],[87.6128,25.3118],[87.6058,25.3151],[87.5952,25.3223],[87.5952,25.3242],[87.5871,25.3285],[87.5864,25.3328],[87.5936,25.341],[87.586,25.3488],[87.5849,25.3472],[87.5855,25.3444],[87.5774,25.3409],[87.5731,25.3343],[87.5534,25.3314],[87.5436,25.3306],[87.5383,25.3357],[87.5292,25.3418],[87.5321,25.3516],[87.5307,25.3556],[87.5298,25.355],[87.5282,25.3476],[87.5171,25.3517],[87.5112,25.3516],[87.5042,25.3499],[87.4894,25.3669],[87.4778,25.3654],[87.4621,25.3649],[87.4567,25.3594],[87.4464,25.3618],[87.442,25.3651],[87.4364,25.3804],[87.4324,25.3739],[87.4299,25.3758],[87.4273,25.3754],[87.4201,25.378],[87.4105,25.3801],[87.4085,25.3846],[87.4103,25.3901],[87.381,25.4033],[87.3701,25.4062],[87.3673,25.4084],[87.3685,25.423],[87.3574,25.4151],[87.3473,25.414],[87.3435,25.4154],[87.3402,25.4154],[87.3335,25.4124],[87.3279,25.4083],[87.3197,25.4077],[87.3081,25.402],[87.3061,25.4026],[87.2956,25.3986],[87.2862,25.374],[87.2804,25.3626],[87.2734,25.3575],[87.2701,25.3528],[87.267,25.3514],[87.2661,25.3539],[87.2776,25.3697],[87.2666,25.3741],[87.248,25.3789],[87.2382,25.3754],[87.2344,25.3781],[87.2351,25.3795],[87.2294,25.3832],[87.2292,25.3854],[87.2221,25.3902],[87.2204,25.3934],[87.2198,25.3969],[87.2233,25.4003],[87.2229,25.4041],[87.2212,25.4077],[87.2191,25.4095],[87.2051,25.4151],[87.2098,25.4276],[87.2166,25.4291],[87.2217,25.4311],[87.2245,25.4343],[87.2307,25.4436],[87.2317,25.4515],[87.2351,25.4609],[87.2336,25.4621],[87.232,25.4701],[87.2291,25.4736],[87.2144,25.4813],[87.214,25.4836],[87.2128,25.4839],[87.215,25.4997],[87.2103,25.5009],[87.2104,25.503],[87.2087,25.5045],[87.2093,25.5062],[87.216,25.5064],[87.2235,25.5077],[87.2259,25.5195],[87.2295,25.5239],[87.2294,25.5305],[87.2268,25.5345],[87.2292,25.5367],[87.2355,25.5374],[87.2452,25.54],[87.2467,25.5458],[87.248,25.5471],[87.2518,25.5488],[87.2576,25.5494],[87.2602,25.5554],[87.2629,25.5572],[87.2682,25.5579],[87.2712,25.5653],[87.2635,25.5679],[87.2671,25.5707],[87.2611,25.5782],[87.2639,25.5883],[87.2602,25.5912],[87.2592,25.597],[87.2544,25.5978],[87.2557,25.6105],[87.2576,25.6151],[87.2581,25.6205],[87.2527,25.6206],[87.2527,25.6252],[87.2571,25.6351],[87.2625,25.6389],[87.2681,25.6407],[87.2742,25.6414],[87.2785,25.6433],[87.272,25.6489],[87.2637,25.653],[87.2585,25.6668],[87.2621,25.669],[87.2584,25.6749],[87.2542,25.6786],[87.2472,25.6884],[87.2438,25.6963],[87.2436,25.6984],[87.2464,25.7037],[87.2523,25.7084],[87.2554,25.7083],[87.2615,25.7169],[87.2698,25.7146],[87.2729,25.7141],[87.2751,25.7147],[87.2778,25.7138],[87.2758,25.7107],[87.277,25.7045],[87.2801,25.7014],[87.2955,25.7012],[87.301,25.6994],[87.3042,25.6966],[87.3051,25.6923],[87.3149,25.6931],[87.3174,25.6891],[87.3249,25.6866],[87.3344,25.6864],[87.3379,25.6847],[87.3398,25.6817],[87.3442,25.6829],[87.3534,25.6825],[87.3581,25.6865],[87.362,25.6868],[87.3669,25.6858],[87.3765,25.6801],[87.3798,25.6807],[87.3828,25.6829],[87.3894,25.6809],[87.393,25.6822],[87.403,25.6775],[87.4141,25.6784],[87.4154,25.6747],[87.4319,25.6764],[87.4357,25.6807],[87.4566,25.68],[87.4776,25.6821],[87.4835,25.6819],[87.4874,25.6718],[87.4897,25.6732],[87.4902,25.6703],[87.4928,25.6677],[87.5078,25.6683],[87.5087,25.671],[87.5069,25.6784],[87.5123,25.6765],[87.5227,25.6746],[87.5241,25.6729],[87.5295,25.672],[87.532,25.6729],[87.5321,25.6791],[87.5312,25.6813],[87.534,25.6818],[87.5377,25.6855],[87.5419,25.6853],[87.5392,25.6794],[87.5408,25.6743],[87.5386,25.6692],[87.5405,25.6666],[87.5433,25.6669],[87.5467,25.6695],[87.5512,25.6696],[87.5548,25.6674],[87.5541,25.6641],[87.562,25.6597],[87.5663,25.6591],[87.5713,25.6595],[87.574,25.6563],[87.576,25.6573],[87.5771,25.6618],[87.5761,25.6711],[87.5722,25.6736],[87.5554,25.6798],[87.5557,25.6811],[87.562,25.683],[87.5561,25.6845],[87.5601,25.6861],[87.5626,25.6858],[87.5712,25.6817],[87.5715,25.6824],[87.5744,25.6824],[87.5743,25.6848],[87.5755,25.6855],[87.5843,25.6843],[87.5954,25.6874],[87.5983,25.6875],[87.6016,25.6865],[87.6038,25.6834],[87.6065,25.6842],[87.6115,25.6808],[87.6178,25.6807],[87.6298,25.6854],[87.6393,25.6917],[87.642,25.6899],[87.6424,25.6863],[87.6504,25.6805],[87.6547,25.6839],[87.6647,25.685],[87.6691,25.6886],[87.6715,25.6968],[87.6741,25.7007],[87.6831,25.6974],[87.6851,25.6984],[87.6844,25.7061],[87.6833,25.7084],[87.6821,25.7167],[87.6856,25.7193],[87.6837,25.7234],[87.6869,25.7303],[87.6876,25.7452],[87.6923,25.748],[87.7028,25.7451],[87.7041,25.7475],[87.7003,25.7509],[87.7035,25.7554],[87.7073,25.7529],[87.7097,25.753],[87.7096,25.7546],[87.7113,25.7562],[87.7124,25.7624],[87.7203,25.7635],[87.7274,25.7607],[87.7318,25.7636],[87.7389,25.763],[87.7436,25.7614],[87.7465,25.7593],[87.7549,25.7509],[87.7693,25.7539],[87.7734,25.754],[87.7758,25.7528],[87.7789,25.7484],[87.7803,25.7437],[87.7915,25.7476],[87.7834,25.7576],[87.7843,25.7589],[87.7895,25.7605],[87.794,25.7634],[87.8044,25.7654],[87.8073,25.7673],[87.8041,25.7679],[87.8068,25.7768],[87.8097,25.7774],[87.8285,25.7865],[87.827,25.798],[87.8215,25.8113],[87.816,25.8293],[87.7953,25.8425],[87.7997,25.8441],[87.806,25.843],[87.8167,25.8441],[87.8163,25.8452],[87.8211,25.8561],[87.8166,25.862],[87.8157,25.8675],[87.8041,25.8707],[87.8023,25.8726],[87.8019,25.8755],[87.8083,25.8816],[87.8143,25.881],[87.8245,25.8816],[87.8261,25.8811]]]},"properties":{"district_name":"Katihar","raw_district_name":"Katihar","state_code":"BR","state_name":"Bihar","census_code":212,"data_source":"DataMeet India Maps (Census 2011 Boundaries)"}},{"type":"Feature","geometry":{"type":"Polygon","coordinates":[[[86.8082,25.6382],[86.8094,25.6356],[86.8151,25.6328],[86.8155,25.6315],[86.8241,25.6282],[86.8241,25.6208],[86.8259,25.6191],[86.8323,25.619],[86.8345,25.6207],[86.8372,25.6208],[86.8413,25.6185],[86.8428,25.615],[86.8419,25.6061],[86.845,25.5963],[86.841,25.5925],[86.8421,25.5899],[86.842,25.5867],[86.8439,25.5844],[86.846,25.5836],[86.8484,25.5807],[86.8543,25.5779],[86.8509,25.5736],[86.8529,25.5695],[86.8499,25.5655],[86.8436,25.5544],[86.8443,25.5501],[86.8436,25.5452],[86.8487,25.5383],[86.8481,25.5311],[86.8472,25.5295],[86.8442,25.5278],[86.8428,25.5171],[86.8367,25.5126],[86.8343,25.5081],[86.8285,25.5016],[86.8294,25.4955],[86.8286,25.4915],[86.8333,25.482],[86.8256,25.4743],[86.8258,25.472],[86.8221,25.4727],[86.8183,25.4725],[86.8115,25.4709],[86.814,25.468],[86.8198,25.4691],[86.8213,25.4657],[86.821,25.459],[86.8157,25.4595],[86.8137,25.4583],[86.8129,25.4567],[86.8182,25.4509],[86.821,25.4456],[86.8244,25.4439],[86.8284,25.4407],[86.8287,25.435],[86.8283,25.4328],[86.8252,25.4286],[86.8252,25.4213],[86.8215,25.4168],[86.8227,25.4145],[86.8294,25.4091],[86.833,25.4052],[86.8358,25.4006],[86.8398,25.3962],[86.8397,25.3886],[86.8411,25.3848],[86.8484,25.3795],[86.8528,25.3774],[86.8576,25.3762],[86.8601,25.3676],[86.8571,25.3628],[86.8511,25.3583],[86.8467,25.358],[86.8405,25.3552],[86.8259,25.3436],[86.8249,25.338],[86.8198,25.3365],[86.8182,25.3327],[86.8157,25.3294],[86.8113,25.3282],[86.8044,25.3323],[86.7956,25.3302],[86.7854,25.3247],[86.7868,25.3213],[86.7888,25.3189],[86.7886,25.3159],[86.7855,25.3107],[86.7896,25.3084],[86.7885,25.3063],[86.7811,25.3001],[86.7826,25.2966],[86.7748,25.2894],[86.781,25.2764],[86.7671,25.2684],[86.7635,25.2672],[86.7589,25.2667],[86.7597,25.2719],[86.7425,25.262],[86.7313,25.254],[86.7255,25.2571],[86.717,25.2645],[86.7075,25.2709],[86.6879,25.2729],[86.6721,25.2726],[86.6692,25.2715],[86.6587,25.2712],[86.6522,25.2725],[86.6506,25.2768],[86.6419,25.2895],[86.6372,25.298],[86.6349,25.3065],[86.639,25.3139],[86.6473,25.3228],[86.6525,25.3304],[86.6519,25.3329],[86.6495,25.3363],[86.6448,25.3398],[86.6396,25.3457],[86.6351,25.3519],[86.635,25.3572],[86.6291,25.3561],[86.6272,25.3601],[86.6294,25.3627],[86.6361,25.3672],[86.6388,25.3711],[86.6397,25.3766],[86.641,25.3781],[86.6432,25.392],[86.6426,25.3977],[86.636,25.4054],[86.6291,25.4096],[86.6197,25.4135],[86.6009,25.4257],[86.597,25.4318],[86.5931,25.4436],[86.5933,25.4562],[86.5913,25.4613],[86.5854,25.4704],[86.5832,25.481],[86.581,25.4855],[86.5733,25.4938],[86.5692,25.4956],[86.5623,25.4968],[86.5545,25.4996],[86.5552,25.4962],[86.554,25.4895],[86.5531,25.4904],[86.5431,25.4932],[86.5396,25.4859],[86.5342,25.4801],[86.5356,25.4762],[86.5344,25.4729],[86.5278,25.4675],[86.5233,25.4617],[86.5207,25.4551],[86.5162,25.4527],[86.511,25.4517],[86.51,25.4471],[86.5071,25.4432],[86.5095,25.4285],[86.5069,25.4273],[86.5054,25.424],[86.5034,25.4249],[86.502,25.4243],[86.4965,25.4265],[86.4936,25.4269],[86.4761,25.4369],[86.4643,25.4419],[86.451,25.4524],[86.4481,25.4566],[86.4455,25.4633],[86.4442,25.4697],[86.4374,25.4695],[86.4363,25.474],[86.4326,25.4774],[86.4285,25.4793],[86.4227,25.4777],[86.4235,25.4919],[86.4279,25.4935],[86.426,25.5001],[86.4235,25.4988],[86.4236,25.4979],[86.42,25.4972],[86.4156,25.4975],[86.41,25.5053],[86.4074,25.5059],[86.4016,25.5054],[86.3913,25.4939],[86.3852,25.4905],[86.3873,25.4835],[86.3864,25.4811],[86.3847,25.4804],[86.3839,25.4819],[86.3827,25.4822],[86.3718,25.478],[86.3706,25.478],[86.3686,25.4795],[86.369,25.4839],[86.3768,25.4876],[86.3745,25.4915],[86.3705,25.4933],[86.3655,25.4903],[86.366,25.4852],[86.3654,25.4823],[86.3567,25.4744],[86.3513,25.4772],[86.3505,25.4794],[86.3521,25.4832],[86.3491,25.4836],[86.3496,25.4855],[86.3537,25.485],[86.3565,25.4897],[86.3649,25.4965],[86.3667,25.5],[86.3646,25.5009],[86.344,25.4992],[86.3427,25.4978],[86.3439,25.4895],[86.3424,25.4876],[86.3383,25.4875],[86.3315,25.4911],[86.329,25.4946],[86.3354,25.4988],[86.334,25.5039],[86.3348,25.5056],[86.3357,25.5135],[86.335,25.5166],[86.3337,25.5184],[86.3317,25.5188],[86.3297,25.5176],[86.3286,25.5146],[86.3286,25.5117],[86.3267,25.5102],[86.3252,25.5132],[86.3249,25.5178],[86.3209,25.5242],[86.3184,25.5251],[86.3108,25.5242],[86.3075,25.5248],[86.3045,25.5264],[86.2959,25.5266],[86.2962,25.5296],[86.299,25.5357],[86.2987,25.538],[86.2936,25.5373],[86.2929,25.5393],[86.2937,25.5434],[86.2919,25.5455],[86.2852,25.5431],[86.284,25.5458],[86.284,25.5532],[86.287,25.5742],[86.2868,25.5792],[86.3001,25.5738],[86.3005,25.5748],[86.2921,25.5814],[86.2923,25.5844],[86.2882,25.5839],[86.2809,25.597],[86.2817,25.604],[86.2867,25.6062],[86.2891,25.6086],[86.2901,25.6122],[86.2871,25.6192],[86.296,25.6315],[86.2964,25.6347],[86.2953,25.638],[86.293,25.6397],[86.2937,25.6441],[86.292,25.6533],[86.2939,25.6553],[86.3167,25.6579],[86.328,25.6582],[86.3324,25.6676],[86.3433,25.6785],[86.3477,25.6855],[86.3497,25.6915],[86.3542,25.6959],[86.3683,25.7067],[86.3739,25.7063],[86.3799,25.7111],[86.3851,25.7114],[86.3877,25.7127],[86.3908,25.716],[86.4004,25.7234],[86.4145,25.7213],[86.4172,25.7282],[86.4193,25.7275],[86.4204,25.7282],[86.4214,25.7289],[86.4243,25.7283],[86.4259,25.7255],[86.4253,25.7233],[86.4217,25.7192],[86.4242,25.7176],[86.4259,25.7182],[86.4271,25.7186],[86.4282,25.7177],[86.4261,25.7089],[86.4283,25.7065],[86.4308,25.71],[86.4319,25.7114],[86.4335,25.7107],[86.4352,25.7076],[86.4398,25.7036],[86.44,25.7017],[86.4397,25.7014],[86.438,25.6998],[86.4395,25.6981],[86.4516,25.6919],[86.451,25.6976],[86.4541,25.697],[86.4567,25.6949],[86.46,25.6943],[86.4604,25.6947],[86.4621,25.6968],[86.4633,25.7015],[86.4652,25.6981],[86.4644,25.6927],[86.4627,25.6891],[86.456,25.6834],[86.4624,25.6823],[86.4611,25.6777],[86.462,25.6762],[86.4666,25.6774],[86.4689,25.6772],[86.4699,25.6762],[86.4691,25.6724],[86.4729,25.6663],[86.4715,25.6645],[86.477,25.6652],[86.4783,25.6642],[86.4777,25.6634],[86.4787,25.6617],[86.4806,25.6598],[86.4756,25.6558],[86.4768,25.654],[86.484,25.6578],[86.4854,25.6565],[86.4802,25.6512],[86.478,25.6491],[86.4801,25.6428],[86.4807,25.6375],[86.4845,25.6396],[86.4846,25.6397],[86.4854,25.639],[86.486,25.6341],[86.4867,25.6329],[86.4876,25.6317],[86.4874,25.6302],[86.4948,25.6247],[86.4957,25.6203],[86.5068,25.621],[86.5085,25.6204],[86.5097,25.6188],[86.5107,25.6136],[86.5122,25.6111],[86.5181,25.6117],[86.5258,25.608],[86.5297,25.608],[86.5398,25.6061],[86.5423,25.6087],[86.5435,25.6111],[86.5458,25.6117],[86.5485,25.6099],[86.5507,25.6069],[86.5591,25.6122],[86.5614,25.6115],[86.5653,25.6078],[86.5688,25.6014],[86.5707,25.6008],[86.5767,25.6038],[86.5786,25.6038],[86.5848,25.6025],[86.5924,25.5994],[86.5971,25.5958],[86.5987,25.597],[86.5982,25.5988],[86.592,25.6093],[86.5951,25.6126],[86.5929,25.6143],[86.598,25.6208],[86.6072,25.6213],[86.6118,25.6225],[86.6155,25.6257],[86.6193,25.6268],[86.6266,25.6275],[86.6364,25.6303],[86.6412,25.6308],[86.6479,25.6359],[86.652,25.6411],[86.6622,25.64],[86.6645,25.6377],[86.6644,25.6323],[86.6674,25.6313],[86.6672,25.6283],[86.6693,25.6236],[86.6739,25.6211],[86.6762,25.6208],[86.6777,25.626],[86.6809,25.6291],[86.6841,25.6272],[86.6862,25.6305],[86.6852,25.6321],[86.6879,25.6375],[86.6872,25.6395],[86.6889,25.6417],[86.6916,25.6431],[86.7036,25.6471],[86.7058,25.6466],[86.7091,25.644],[86.7096,25.6427],[86.7119,25.6366],[86.7137,25.6377],[86.7163,25.6412],[86.7155,25.6425],[86.7123,25.6437],[86.71,25.6446],[86.7102,25.6509],[86.7138,25.6539],[86.7207,25.6572],[86.7227,25.6611],[86.7221,25.6641],[86.7318,25.6624],[86.7342,25.6613],[86.7368,25.6571],[86.7443,25.6515],[86.743,25.6474],[86.7438,25.6441],[86.7491,25.6408],[86.7535,25.6393],[86.7568,25.6388],[86.76,25.6391],[86.7632,25.6418],[86.7632,25.6389],[86.7683,25.6316],[86.7659,25.6297],[86.7658,25.6244],[86.7801,25.6232],[86.7892,25.6259],[86.7972,25.6297],[86.8028,25.6314],[86.8082,25.6382]]]},"properties":{"district_name":"Khagaria","raw_district_name":"Khagaria","state_code":"BR","state_name":"Bihar","census_code":223,"data_source":"DataMeet India Maps (Census 2011 Boundaries)"}},{"type":"Feature","geometry":{"type":"Polygon","coordinates":[[[88.2432,26.4492],[88.2499,26.4492],[88.2549,26.4387],[88.2587,26.4337],[88.2661,26.4306],[88.2692,26.428],[88.2721,26.4233],[88.2744,26.4217],[88.2748,26.4178],[88.2696,26.4149],[88.2619,26.4158],[88.2423,26.3961],[88.2369,26.3939],[88.2357,26.3898],[88.2382,26.3848],[88.2441,26.3753],[88.2496,26.374],[88.2516,26.3759],[88.2577,26.3758],[88.2613,26.3744],[88.2681,26.38],[88.274,26.3811],[88.2764,26.3788],[88.2804,26.3772],[88.2883,26.3601],[88.2963,26.3569],[88.2983,26.3539],[88.2955,26.3511],[88.2897,26.3493],[88.2857,26.3463],[88.2881,26.3398],[88.2859,26.3355],[88.2826,26.3324],[88.2788,26.3305],[88.2761,26.3326],[88.275,26.337],[88.2717,26.3364],[88.2675,26.3378],[88.2644,26.3342],[88.2627,26.3301],[88.2601,26.3277],[88.2546,26.3265],[88.2511,26.3162],[88.2455,26.3131],[88.2428,26.3053],[88.2405,26.3066],[88.2381,26.3103],[88.2333,26.3039],[88.2332,26.2966],[88.231,26.2894],[88.2274,26.2882],[88.2254,26.2856],[88.2214,26.2849],[88.2206,26.2816],[88.2175,26.28],[88.2105,26.2795],[88.2009,26.2741],[88.1957,26.2751],[88.1897,26.2746],[88.1833,26.2617],[88.1734,26.2572],[88.1695,26.2575],[88.1652,26.2569],[88.1508,26.2528],[88.147,26.2496],[88.147,26.2457],[88.1438,26.2437],[88.1423,26.2371],[88.1452,26.2308],[88.1422,26.2282],[88.1374,26.2268],[88.1325,26.2269],[88.132,26.2279],[88.1263,26.2279],[88.1183,26.2262],[88.1203,26.2239],[88.1224,26.2229],[88.1148,26.217],[88.1121,26.2164],[88.1088,26.2122],[88.1036,26.2064],[88.1,26.2065],[88.0961,26.2032],[88.094,26.1979],[88.0936,26.1944],[88.088,26.1923],[88.0794,26.1854],[88.0812,26.1813],[88.0778,26.1788],[88.0762,26.1757],[88.0735,26.1776],[88.0698,26.1766],[88.065,26.1737],[88.0587,26.1716],[88.0547,26.1746],[88.0526,26.1779],[88.0469,26.1768],[88.0438,26.1777],[88.0387,26.1735],[88.04,26.1703],[88.0349,26.1673],[88.033,26.1628],[88.0239,26.1555],[88.0181,26.1548],[88.0172,26.1493],[88.0215,26.1429],[88.0194,26.1409],[88.0132,26.1433],[88.0055,26.1404],[88.0024,26.1418],[87.9948,26.1486],[87.9885,26.1592],[87.9812,26.1528],[87.976,26.1544],[87.9705,26.1519],[87.9698,26.1489],[87.9751,26.1478],[87.9752,26.1393],[87.9774,26.1371],[87.9742,26.1318],[87.9635,26.1288],[87.9651,26.1257],[87.9738,26.1254],[87.982,26.1216],[87.9757,26.1093],[87.9646,26.1088],[87.9613,26.1057],[87.9608,26.1028],[87.9645,26.1009],[87.964,26.0971],[87.9691,26.0947],[87.9721,26.0919],[87.9758,26.0917],[87.9766,26.0874],[87.9785,26.0849],[87.9745,26.0814],[87.9704,26.0833],[87.9662,26.084],[87.9569,26.083],[87.9494,26.0847],[87.9443,26.0845],[87.9433,26.0798],[87.9446,26.0768],[87.9411,26.0705],[87.9375,26.069],[87.9289,26.0718],[87.9282,26.0769],[87.9229,26.0797],[87.9239,26.088],[87.9193,26.091],[87.9022,26.0799],[87.899,26.0803],[87.8957,26.0751],[87.8947,26.0719],[87.8911,26.0715],[87.8825,26.0662],[87.8841,26.0579],[87.8816,26.0556],[87.8697,26.0561],[87.8556,26.045],[87.8485,26.0445],[87.8477,26.0412],[87.8481,26.0323],[87.8453,26.0229],[87.847,26.0198],[87.8397,26.0011],[87.8371,25.9922],[87.8336,25.9924],[87.8324,25.9883],[87.8326,25.9837],[87.8362,25.9719],[87.8376,25.9641],[87.8373,25.9623],[87.8317,25.9588],[87.8334,25.9536],[87.8329,25.9501],[87.8302,25.9465],[87.8311,25.9437],[87.8346,25.9412],[87.8334,25.9378],[87.8362,25.9355],[87.8331,25.9319],[87.8298,25.9314],[87.8242,25.9331],[87.8242,25.9331],[87.8224,25.943],[87.8155,25.9474],[87.8115,25.9583],[87.8132,25.9591],[87.815,25.9611],[87.8186,25.9629],[87.8176,25.9665],[87.8109,25.9709],[87.8111,25.9726],[87.8184,25.9713],[87.8208,25.9766],[87.8238,25.9783],[87.8238,25.9917],[87.8235,26.0011],[87.8327,26.0136],[87.8388,26.0218],[87.8407,26.0265],[87.8418,26.0296],[87.8432,26.0336],[87.8434,26.0391],[87.8436,26.0456],[87.845,26.0489],[87.8431,26.0542],[87.846,26.0587],[87.849,26.0669],[87.865,26.078],[87.865,26.08],[87.8598,26.0803],[87.8598,26.0843],[87.8621,26.0883],[87.8668,26.0931],[87.8609,26.0998],[87.8614,26.1042],[87.8642,26.1084],[87.8644,26.109],[87.8659,26.1135],[87.8628,26.1132],[87.8566,26.1026],[87.853,26.102],[87.85,26.1041],[87.8398,26.1014],[87.8326,26.1015],[87.8275,26.1063],[87.8321,26.1078],[87.8239,26.1108],[87.8182,26.1073],[87.8134,26.1067],[87.7975,26.109],[87.7929,26.1054],[87.7887,26.1039],[87.784,26.1],[87.7777,26.1],[87.7735,26.0984],[87.7725,26.1069],[87.7728,26.1115],[87.768,26.1139],[87.7548,26.1154],[87.756,26.1123],[87.7546,26.1101],[87.7332,26.1124],[87.7304,26.1161],[87.7227,26.114],[87.7223,26.1202],[87.7193,26.1229],[87.713,26.1216],[87.7114,26.1242],[87.7066,26.1256],[87.7023,26.1166],[87.6965,26.1161],[87.6919,26.1121],[87.6776,26.1109],[87.6816,26.1183],[87.6807,26.1265],[87.6832,26.1286],[87.681,26.1383],[87.6846,26.138],[87.6849,26.1501],[87.6877,26.1558],[87.6845,26.1566],[87.6839,26.165],[87.6909,26.1658],[87.6964,26.1655],[87.6976,26.1679],[87.6971,26.171],[87.6948,26.174],[87.6846,26.1781],[87.6823,26.1829],[87.683,26.1877],[87.6859,26.1919],[87.6896,26.1905],[87.6946,26.1929],[87.6961,26.1975],[87.6949,26.2014],[87.693,26.2048],[87.6905,26.209],[87.69,26.2129],[87.6885,26.216],[87.6855,26.2165],[87.6856,26.222],[87.6828,26.2241],[87.6797,26.2326],[87.6689,26.2397],[87.6672,26.2439],[87.6685,26.2475],[87.668,26.2517],[87.6659,26.2557],[87.6649,26.2611],[87.6606,26.2612],[87.6596,26.264],[87.6674,26.2678],[87.6676,26.2726],[87.656,26.2771],[87.6549,26.2832],[87.6526,26.2856],[87.6525,26.2884],[87.6545,26.2912],[87.6598,26.2922],[87.6573,26.3056],[87.6459,26.3117],[87.6392,26.3137],[87.6338,26.3172],[87.6299,26.3233],[87.622,26.323],[87.6218,26.3278],[87.6186,26.3301],[87.6189,26.335],[87.611,26.3407],[87.6057,26.3509],[87.6079,26.3533],[87.6178,26.3506],[87.6211,26.3524],[87.6208,26.3611],[87.6243,26.3632],[87.6295,26.3649],[87.6362,26.3749],[87.6305,26.3802],[87.6316,26.3834],[87.6347,26.3855],[87.6378,26.3849],[87.6442,26.3818],[87.6469,26.3826],[87.6484,26.3837],[87.6494,26.3845],[87.6507,26.387],[87.6493,26.3904],[87.6483,26.3929],[87.6528,26.3928],[87.6515,26.4056],[87.6786,26.4162],[87.6792,26.423],[87.6791,26.4355],[87.6941,26.4356],[87.7004,26.4288],[87.7154,26.4273],[87.7177,26.424],[87.7223,26.4169],[87.7246,26.412],[87.7296,26.4101],[87.7356,26.4076],[87.7371,26.4108],[87.7382,26.416],[87.7403,26.4187],[87.7476,26.4189],[87.75,26.4178],[87.752,26.4118],[87.7541,26.4079],[87.7584,26.4084],[87.7666,26.409],[87.7686,26.4103],[87.7673,26.4159],[87.7715,26.4185],[87.7759,26.4218],[87.7763,26.4271],[87.7785,26.4304],[87.78,26.4345],[87.7794,26.4383],[87.7789,26.4425],[87.7784,26.4457],[87.7774,26.4484],[87.777,26.4515],[87.779,26.453],[87.783,26.4552],[87.7825,26.4579],[87.7844,26.4597],[87.7893,26.4607],[87.792,26.4629],[87.7892,26.4678],[87.7958,26.4684],[87.8057,26.4642],[87.8161,26.4602],[87.8255,26.4535],[87.831,26.4498],[87.8296,26.4403],[87.8395,26.4378],[87.8505,26.4356],[87.8522,26.4398],[87.8528,26.4439],[87.8534,26.4456],[87.8547,26.446],[87.8577,26.4464],[87.8612,26.4472],[87.863,26.4482],[87.8638,26.4493],[87.8648,26.452],[87.8629,26.4533],[87.861,26.4547],[87.861,26.4561],[87.8617,26.4588],[87.8607,26.4601],[87.8602,26.4629],[87.8616,26.4635],[87.8649,26.4642],[87.8661,26.4654],[87.8652,26.4679],[87.8713,26.4701],[87.8872,26.476],[87.8914,26.4861],[87.9019,26.4772],[87.9053,26.4712],[87.9114,26.4585],[87.9007,26.4488],[87.9139,26.4477],[87.92,26.4474],[87.9244,26.447],[87.9268,26.4459],[87.9272,26.4436],[87.9258,26.4402],[87.923,26.4366],[87.9192,26.4349],[87.9177,26.4331],[87.9198,26.4315],[87.9227,26.4305],[87.9259,26.4294],[87.9266,26.4286],[87.927,26.4234],[87.9278,26.4202],[87.9294,26.4185],[87.9321,26.4176],[87.9347,26.418],[87.9554,26.4054],[87.9674,26.3979],[87.9721,26.3964],[87.9757,26.3963],[87.9784,26.3956],[87.9826,26.3948],[87.9863,26.3938],[87.9892,26.3934],[87.9908,26.3928],[87.9933,26.3931],[87.9928,26.3904],[87.9929,26.3873],[87.9933,26.3837],[87.9937,26.3809],[87.993,26.3769],[87.9933,26.3737],[87.9924,26.3726],[87.9943,26.3695],[87.9955,26.3672],[87.9979,26.3657],[87.9993,26.3628],[88.0102,26.355],[88.02,26.3528],[88.0312,26.3554],[88.0331,26.3637],[88.0328,26.37],[88.0334,26.3773],[88.0395,26.3848],[88.0493,26.3902],[88.0613,26.3986],[88.0767,26.4131],[88.087,26.4224],[88.0984,26.4345],[88.1034,26.4461],[88.1007,26.4511],[88.0968,26.4536],[88.1039,26.4598],[88.1088,26.4655],[88.1064,26.4708],[88.1045,26.4747],[88.1084,26.4821],[88.1075,26.4896],[88.1044,26.4971],[88.1014,26.5019],[88.0997,26.5086],[88.1063,26.5164],[88.109,26.5254],[88.1053,26.533],[88.1099,26.5369],[88.1122,26.5389],[88.1118,26.5357],[88.1149,26.535],[88.1171,26.5301],[88.1219,26.53],[88.1303,26.52],[88.1389,26.5124],[88.1444,26.514],[88.148,26.5116],[88.1521,26.5108],[88.1544,26.5165],[88.1576,26.5168],[88.1617,26.5156],[88.1641,26.5186],[88.1721,26.5215],[88.1727,26.5343],[88.175,26.5372],[88.1773,26.5363],[88.1805,26.5327],[88.1853,26.5307],[88.1863,26.5343],[88.1858,26.5368],[88.1891,26.5428],[88.1924,26.544],[88.1972,26.5441],[88.2034,26.5434],[88.2057,26.5416],[88.2059,26.5386],[88.2082,26.5384],[88.2107,26.5394],[88.2116,26.5371],[88.2141,26.5351],[88.2212,26.5354],[88.222,26.5378],[88.2178,26.5385],[88.2163,26.5406],[88.219,26.5415],[88.2236,26.5414],[88.2275,26.5461],[88.2259,26.5484],[88.2206,26.5506],[88.2221,26.5571],[88.2285,26.5531],[88.2379,26.5518],[88.2378,26.5391],[88.24,26.5322],[88.2325,26.5265],[88.2253,26.5235],[88.2133,26.5148],[88.213,26.5099],[88.2065,26.5105],[88.2005,26.5079],[88.193,26.4999],[88.1859,26.4938],[88.1857,26.4904],[88.19,26.4883],[88.1896,26.4851],[88.1983,26.4829],[88.2004,26.4719],[88.2214,26.4696],[88.2235,26.4725],[88.2192,26.4745],[88.2198,26.4776],[88.2328,26.4761],[88.2325,26.4719],[88.2277,26.4667],[88.2219,26.4656],[88.2312,26.4556],[88.2355,26.447],[88.2404,26.4461],[88.2432,26.4492]]]},"properties":{"district_name":"Kishanganj","raw_district_name":"Kishanganj","state_code":"BR","state_name":"Bihar","census_code":210,"data_source":"DataMeet India Maps (Census 2011 Boundaries)"}},{"type":"Feature","geometry":{"type":"Polygon","coordinates":[[[86.0645,25.3341],[86.0677,25.3228],[86.0699,25.3197],[86.0739,25.317],[86.081,25.3147],[86.079,25.3099],[86.0868,25.307],[86.0977,25.3053],[86.1026,25.3117],[86.1057,25.3089],[86.1113,25.3007],[86.1146,25.2987],[86.1272,25.287],[86.1339,25.2744],[86.1336,25.2727],[86.1314,25.2731],[86.1294,25.2723],[86.1302,25.2693],[86.1388,25.2686],[86.144,25.2692],[86.1529,25.2672],[86.1522,25.2616],[86.1534,25.2589],[86.1559,25.2645],[86.1644,25.2639],[86.1708,25.259],[86.1716,25.2633],[86.1706,25.2719],[86.1884,25.2596],[86.1925,25.2582],[86.199,25.2576],[86.1961,25.2513],[86.1998,25.2499],[86.2058,25.2502],[86.2179,25.2529],[86.2333,25.2577],[86.2408,25.2646],[86.2462,25.2679],[86.2497,25.271],[86.262,25.2765],[86.2702,25.2794],[86.2663,25.285],[86.2764,25.2899],[86.2987,25.2973],[86.2987,25.2973],[86.3062,25.2861],[86.3126,25.2814],[86.321,25.2768],[86.3259,25.2764],[86.334,25.2807],[86.3382,25.2825],[86.3438,25.2844],[86.354,25.2836],[86.3594,25.2808],[86.3628,25.2755],[86.3658,25.2667],[86.3801,25.2365],[86.3851,25.2191],[86.3807,25.2048],[86.3731,25.1822],[86.3688,25.1691],[86.3693,25.1593],[86.3692,25.1435],[86.3638,25.1407],[86.3549,25.1334],[86.3384,25.1234],[86.3322,25.1194],[86.3281,25.1104],[86.3259,25.1027],[86.3237,25.0922],[86.3218,25.0878],[86.3184,25.0833],[86.3094,25.0781],[86.305,25.0765],[86.2946,25.0769],[86.2872,25.0769],[86.281,25.0753],[86.2734,25.0701],[86.2665,25.0632],[86.2615,25.0592],[86.2552,25.0551],[86.2503,25.0507],[86.2485,25.047],[86.2477,25.0398],[86.2489,25.0353],[86.2511,25.0324],[86.2543,25.0305],[86.2542,25.0264],[86.2515,25.0216],[86.2502,25.0175],[86.2498,25.0107],[86.2467,25.0054],[86.2445,24.9993],[86.2418,24.9968],[86.2391,24.9953],[86.2351,24.9957],[86.2289,24.9997],[86.2209,25.0074],[86.213,25.0136],[86.2049,25.0207],[86.1915,25.0327],[86.1895,25.0349],[86.1868,25.0383],[86.1781,25.0474],[86.1757,25.0496],[86.1691,25.0528],[86.1637,25.0533],[86.1601,25.052],[86.1584,25.0508],[86.1571,25.0468],[86.1561,25.0446],[86.1526,25.0383],[86.1508,25.0358],[86.1437,25.0318],[86.1415,25.0258],[86.1397,25.0185],[86.1405,25.01],[86.1424,25.0047],[86.1423,25.0007],[86.1379,24.9954],[86.1322,24.9917],[86.1298,24.9876],[86.1295,24.9837],[86.1307,24.978],[86.1307,24.9723],[86.1285,24.9682],[86.1262,24.9671],[86.1227,24.9687],[86.1175,24.9679],[86.113,24.969],[86.1117,24.9708],[86.1094,24.9743],[86.1064,24.9764],[86.1028,24.9772],[86.101,24.9764],[86.0992,24.9727],[86.0969,24.9711],[86.0868,24.9751],[86.085,24.9748],[86.0806,24.9723],[86.0766,24.9691],[86.0717,24.9687],[86.0686,24.9751],[86.066,24.9765],[86.0633,24.9768],[86.058,24.9752],[86.0544,24.9724],[86.0499,24.9675],[86.046,24.9667],[86.0448,24.969],[86.0442,24.9728],[86.042,24.9779],[86.0397,24.9807],[86.0355,24.9819],[86.032,24.9813],[86.0286,24.98],[86.0227,24.9777],[86.0188,24.9785],[86.0158,24.9809],[86.0133,24.9837],[86.0122,24.9865],[86.0138,24.9893],[86.015,24.9908],[86.0153,24.9931],[86.0141,24.9949],[86.0118,24.9969],[86.0083,24.997],[86.0034,24.9944],[85.9979,24.9933],[85.9936,24.9904],[85.99,24.9888],[85.9869,24.9867],[85.9846,24.9869],[85.9824,24.99],[85.98,24.9968],[85.9777,24.9999],[85.9716,25.0062],[85.9682,25.0089],[85.9641,25.0099],[85.9624,25.0092],[85.9607,25.007],[85.9596,25.0003],[85.958,24.9991],[85.9521,25.0001],[85.9488,25.0025],[85.944,25.0053],[85.9367,25.0072],[85.9223,25.0126],[85.9202,25.0128],[85.9152,25.0132],[85.912,25.0132],[85.9102,25.0204],[85.9099,25.0278],[85.9116,25.0311],[85.9143,25.0338],[85.9152,25.0363],[85.9147,25.0407],[85.9183,25.0425],[85.9236,25.0444],[85.9302,25.044],[85.9329,25.0455],[85.9334,25.048],[85.9316,25.0589],[85.9325,25.061],[85.9346,25.0625],[85.9365,25.0634],[85.9462,25.0655],[85.9524,25.0679],[85.9574,25.0711],[85.9595,25.0735],[85.9604,25.0772],[85.9583,25.0837],[85.9585,25.0895],[85.959,25.093],[85.9613,25.099],[85.9617,25.1035],[85.9614,25.1088],[85.9613,25.1199],[85.9622,25.1358],[85.964,25.1394],[85.9685,25.1424],[85.9823,25.1472],[85.9841,25.1488],[85.9862,25.1508],[85.9889,25.1557],[85.9884,25.1622],[85.9836,25.1738],[85.9772,25.1844],[85.9702,25.1942],[85.9618,25.2039],[85.9541,25.2129],[85.952,25.218],[85.9497,25.2265],[85.9457,25.233],[85.9421,25.2374],[85.9327,25.2389],[85.9187,25.2395],[85.9256,25.2439],[85.9237,25.2475],[85.9212,25.2501],[85.9133,25.254],[85.9027,25.2612],[85.9018,25.265],[85.9042,25.2689],[85.9034,25.2769],[85.9062,25.2812],[85.9043,25.2896],[85.9055,25.2936],[85.9067,25.2983],[85.9125,25.2964],[85.9179,25.3013],[85.9242,25.3014],[85.9302,25.3025],[85.9301,25.3071],[85.9327,25.3126],[85.9308,25.3179],[85.9324,25.3232],[85.9431,25.3238],[85.9499,25.3232],[85.9608,25.3192],[85.9907,25.313],[85.9975,25.3099],[86.0115,25.303],[86.0121,25.2986],[86.0132,25.2977],[86.0148,25.2997],[86.0178,25.2984],[86.0173,25.2939],[86.0233,25.2929],[86.0292,25.2931],[86.029,25.2986],[86.0306,25.3036],[86.0372,25.3066],[86.0376,25.3169],[86.0423,25.3303],[86.0404,25.333],[86.0485,25.3368],[86.0504,25.3387],[86.0542,25.3406],[86.0563,25.3347],[86.061,25.3334],[86.0645,25.3341]]]},"properties":{"district_name":"Lakhisarai","raw_district_name":"Lakhisarai","state_code":"BR","state_name":"Bihar","census_code":227,"data_source":"DataMeet India Maps (Census 2011 Boundaries)"}},{"type":"Feature","geometry":{"type":"Polygon","coordinates":[[[87.0931,26.0552],[87.11,26.0519],[87.1125,26.0491],[87.1161,26.0481],[87.1163,26.0452],[87.1125,26.0441],[87.1105,26.0407],[87.1136,26.0383],[87.1121,26.036],[87.0962,26.0392],[87.0923,26.0387],[87.0885,26.037],[87.0844,26.0309],[87.0852,26.0242],[87.0873,26.0206],[87.083,26.0123],[87.0735,25.9988],[87.0737,25.9935],[87.072,25.9915],[87.0697,25.9915],[87.0671,25.9942],[87.0616,25.9908],[87.0615,25.9882],[87.0599,25.986],[87.0613,25.9818],[87.0648,25.9806],[87.0711,25.9749],[87.0727,25.9752],[87.0807,25.9725],[87.0832,25.9699],[87.0813,25.9662],[87.0812,25.9638],[87.0818,25.9604],[87.0818,25.9604],[87.0731,25.9612],[87.0617,25.966],[87.0599,25.965],[87.0588,25.963],[87.058,25.9613],[87.0584,25.9571],[87.0566,25.9533],[87.0548,25.9515],[87.0519,25.951],[87.0481,25.9529],[87.0451,25.9535],[87.0415,25.9535],[87.0391,25.9526],[87.0387,25.9575],[87.0341,25.9596],[87.0309,25.9582],[87.029,25.9561],[87.0263,25.9515],[87.0269,25.949],[87.0206,25.9472],[87.0184,25.9451],[87.0131,25.9438],[87.0094,25.9421],[87.0034,25.9431],[86.9998,25.9429],[86.9909,25.9415],[86.9929,25.9338],[86.9998,25.9219],[87.0036,25.9178],[87.0058,25.9123],[87.0099,25.9057],[87.0125,25.9018],[87.0184,25.8947],[87.0201,25.8961],[87.0208,25.8922],[87.024,25.8932],[87.0286,25.8977],[87.0307,25.8959],[87.0337,25.8893],[87.0353,25.8771],[87.0345,25.8738],[87.032,25.8703],[87.0261,25.868],[87.0291,25.8656],[87.0313,25.8627],[87.0314,25.8604],[87.0363,25.8548],[87.0396,25.8496],[87.0409,25.8446],[87.0413,25.8353],[87.0395,25.8316],[87.0395,25.8266],[87.0342,25.821],[87.035,25.8168],[87.0344,25.8144],[87.0323,25.8128],[87.0292,25.8137],[87.0251,25.8165],[87.0225,25.8166],[87.0205,25.8136],[87.0203,25.8091],[87.0239,25.8006],[87.0212,25.7972],[87.0216,25.7914],[87.02,25.7869],[87.0148,25.7799],[87.0137,25.7613],[87.0138,25.7595],[87.0106,25.7442],[87.0138,25.7378],[87.0159,25.7359],[87.0195,25.7347],[87.0197,25.7295],[87.0239,25.7208],[87.0282,25.7164],[87.0325,25.713],[87.0368,25.7143],[87.0414,25.7138],[87.0419,25.7096],[87.0482,25.6995],[87.0525,25.6878],[87.0514,25.6817],[87.0473,25.6758],[87.0449,25.671],[87.0414,25.6668],[87.0318,25.6662],[87.0305,25.6637],[87.0316,25.6587],[87.03,25.6507],[87.0344,25.6432],[87.0365,25.6351],[87.041,25.6291],[87.0479,25.6233],[87.0475,25.6144],[87.0458,25.6079],[87.0451,25.5984],[87.0476,25.5933],[87.0581,25.5846],[87.062,25.5799],[87.0614,25.577],[87.0638,25.5652],[87.0558,25.5373],[87.0563,25.534],[87.0583,25.5316],[87.0567,25.5276],[87.0584,25.5252],[87.0614,25.5233],[87.066,25.526],[87.0686,25.5263],[87.0749,25.5199],[87.0782,25.5192],[87.0812,25.521],[87.0852,25.5258],[87.0974,25.5245],[87.1007,25.5226],[87.102,25.5197],[87.1025,25.5145],[87.097,25.5111],[87.0945,25.5023],[87.0913,25.4981],[87.0867,25.495],[87.0829,25.4938],[87.0815,25.4895],[87.0806,25.4818],[87.0771,25.4768],[87.0756,25.4725],[87.0735,25.4694],[87.0667,25.4692],[87.0584,25.4701],[87.0522,25.4724],[87.0492,25.4709],[87.0461,25.4714],[87.0273,25.4628],[87.0223,25.4618],[87.019,25.4626],[87.0181,25.4649],[87.0235,25.4701],[87.0247,25.4728],[87.0247,25.4752],[87.0235,25.4776],[87.0193,25.4808],[87.017,25.4758],[87.0108,25.4755],[87.0049,25.4708],[87.0069,25.4696],[87.0011,25.4703],[86.9923,25.4777],[86.9826,25.4766],[86.9774,25.4721],[86.9744,25.4632],[86.9709,25.4639],[86.9714,25.4717],[86.9681,25.4735],[86.9617,25.4747],[86.9605,25.4781],[86.9567,25.4809],[86.9536,25.4807],[86.9523,25.4778],[86.9522,25.4751],[86.9358,25.4828],[86.9367,25.4852],[86.9393,25.486],[86.9453,25.4855],[86.948,25.4866],[86.9477,25.4899],[86.9396,25.4925],[86.9352,25.4917],[86.9319,25.4922],[86.9311,25.4909],[86.9321,25.4849],[86.9286,25.4852],[86.9266,25.487],[86.9261,25.4939],[86.912,25.4917],[86.9132,25.4886],[86.9185,25.4843],[86.9206,25.4807],[86.9193,25.4753],[86.9161,25.4737],[86.9124,25.475],[86.9079,25.4778],[86.9036,25.4787],[86.9017,25.4783],[86.8992,25.4755],[86.8909,25.4721],[86.8868,25.4667],[86.8804,25.4626],[86.8754,25.4633],[86.8682,25.4668],[86.8662,25.4655],[86.8655,25.4629],[86.8607,25.4637],[86.8568,25.4541],[86.8299,25.4585],[86.8268,25.4563],[86.8256,25.4521],[86.8301,25.4489],[86.8295,25.446],[86.8279,25.4459],[86.8244,25.4439],[86.821,25.4456],[86.8182,25.4509],[86.8129,25.4567],[86.8137,25.4583],[86.8157,25.4595],[86.821,25.459],[86.8213,25.4657],[86.8198,25.4691],[86.814,25.468],[86.8115,25.4709],[86.8183,25.4725],[86.8221,25.4727],[86.8258,25.472],[86.8256,25.4743],[86.8333,25.482],[86.8286,25.4915],[86.8294,25.4955],[86.8285,25.5016],[86.8343,25.5081],[86.8367,25.5126],[86.8428,25.5171],[86.8442,25.5278],[86.8472,25.5295],[86.8481,25.5311],[86.8487,25.5383],[86.8436,25.5452],[86.8443,25.5501],[86.8436,25.5544],[86.8499,25.5655],[86.8529,25.5695],[86.8509,25.5736],[86.8543,25.5779],[86.8484,25.5807],[86.846,25.5836],[86.8439,25.5844],[86.842,25.5867],[86.8421,25.5899],[86.841,25.5925],[86.845,25.5963],[86.8419,25.6061],[86.8428,25.615],[86.8413,25.6185],[86.8372,25.6208],[86.8345,25.6207],[86.8323,25.619],[86.8259,25.6191],[86.8241,25.6208],[86.8241,25.6282],[86.8155,25.6315],[86.8151,25.6328],[86.8094,25.6356],[86.8082,25.6382],[86.8103,25.6406],[86.8126,25.6451],[86.807,25.6491],[86.8047,25.6524],[86.8057,25.657],[86.8071,25.6574],[86.8106,25.6566],[86.816,25.6574],[86.8228,25.6658],[86.825,25.6669],[86.8295,25.6649],[86.8334,25.6649],[86.8351,25.667],[86.8358,25.6698],[86.8364,25.676],[86.8427,25.6781],[86.8506,25.6791],[86.8593,25.6747],[86.864,25.676],[86.8616,25.6849],[86.8587,25.6895],[86.8587,25.6957],[86.8706,25.707],[86.8719,25.7115],[86.8767,25.7165],[86.8752,25.7215],[86.8702,25.7295],[86.865,25.7312],[86.8501,25.7331],[86.8465,25.7357],[86.8449,25.7383],[86.8462,25.7426],[86.8484,25.7452],[86.8549,25.7412],[86.8586,25.7416],[86.8598,25.7427],[86.8605,25.7461],[86.8574,25.748],[86.8513,25.7493],[86.8588,25.7623],[86.8595,25.7678],[86.8522,25.7715],[86.8534,25.776],[86.8555,25.7808],[86.8594,25.7847],[86.8611,25.79],[86.8605,25.7946],[86.8573,25.7976],[86.8538,25.814],[86.8707,25.8183],[86.8683,25.8218],[86.8674,25.8248],[86.8637,25.8256],[86.8541,25.8368],[86.8537,25.8419],[86.8514,25.8448],[86.8529,25.8512],[86.8487,25.8494],[86.8481,25.8491],[86.8453,25.8608],[86.8463,25.8642],[86.8407,25.8674],[86.8404,25.8689],[86.8412,25.8696],[86.8426,25.8707],[86.8414,25.872],[86.8394,25.8715],[86.8313,25.8695],[86.8255,25.869],[86.8218,25.8697],[86.8101,25.875],[86.8036,25.8717],[86.7927,25.8637],[86.7887,25.8621],[86.7779,25.8605],[86.7699,25.8622],[86.765,25.8624],[86.7579,25.8627],[86.7507,25.8577],[86.7366,25.8602],[86.7312,25.8625],[86.7294,25.8665],[86.727,25.8675],[86.7232,25.8677],[86.7187,25.8663],[86.7132,25.8667],[86.7107,25.8699],[86.7047,25.8895],[86.7049,25.8954],[86.7025,25.9051],[86.6887,25.9017],[86.6879,25.9068],[86.689,25.9162],[86.6859,25.9185],[86.6854,25.9246],[86.6924,25.9349],[86.6905,25.9367],[86.6819,25.9371],[86.6756,25.9359],[86.6738,25.9344],[86.6718,25.9296],[86.6647,25.9301],[86.6504,25.9227],[86.6483,25.9227],[86.6438,25.9258],[86.6424,25.928],[86.6363,25.9278],[86.635,25.9298],[86.6336,25.9363],[86.6296,25.942],[86.6271,25.9437],[86.6244,25.9443],[86.621,25.9432],[86.6185,25.9436],[86.618,25.9468],[86.6212,25.9525],[86.6244,25.9559],[86.6319,25.9618],[86.6334,25.966],[86.6314,25.9667],[86.6261,25.9664],[86.6187,25.968],[86.6153,25.9703],[86.6112,25.9746],[86.6121,25.9819],[86.6089,25.9896],[86.6099,25.9919],[86.611,25.9965],[86.6126,26.0075],[86.6159,26.0107],[86.6199,26.0122],[86.6267,26.0126],[86.6309,26.0166],[86.6325,26.0197],[86.635,26.0285],[86.642,26.0254],[86.6485,26.0253],[86.6602,26.0222],[86.6686,26.0225],[86.6723,26.0251],[86.6797,26.0259],[86.6802,26.0331],[86.6893,26.0353],[86.6879,26.0414],[86.6896,26.0449],[86.6926,26.0481],[86.6905,26.0527],[86.6931,26.0625],[86.6967,26.0679],[86.7055,26.0738],[86.715,26.0899],[86.7185,26.0945],[86.7218,26.0966],[86.7254,26.1059],[86.7328,26.1192],[86.7396,26.12],[86.7471,26.1135],[86.7616,26.1065],[86.7608,26.1021],[86.7693,26.0989],[86.7711,26.0938],[86.7825,26.0938],[86.7943,26.1032],[86.7992,26.106],[86.8059,26.1065],[86.8111,26.11],[86.8159,26.1118],[86.8273,26.1109],[86.8307,26.109],[86.8333,26.1063],[86.8353,26.1022],[86.8385,26.0996],[86.8509,26.0973],[86.8623,26.0934],[86.8726,26.0929],[86.8849,26.0907],[86.9126,26.0878],[86.9237,26.0857],[86.9353,26.0868],[86.9774,26.0715],[86.9859,26.0683],[86.9972,26.0664],[87.0026,26.0703],[87.0083,26.073],[87.0125,26.077],[87.0151,26.0778],[87.0188,26.0776],[87.0245,26.0754],[87.0301,26.0715],[87.0401,26.0609],[87.0425,26.0613],[87.0464,26.0644],[87.049,26.0654],[87.0526,26.0647],[87.0554,26.0631],[87.0614,26.0573],[87.0649,26.0564],[87.0695,26.0574],[87.0784,26.0575],[87.0899,26.055],[87.0931,26.0552]]]},"properties":{"district_name":"Madhepura","raw_district_name":"Madhepura","state_code":"BR","state_name":"Bihar","census_code":213,"data_source":"DataMeet India Maps (Census 2011 Boundaries)"}},{"type":"Feature","geometry":{"type":"Polygon","coordinates":[[[86.7249,26.4312],[86.7117,26.4268],[86.7076,26.4118],[86.7033,26.4065],[86.7017,26.4023],[86.7019,26.3955],[86.6949,26.3915],[86.6938,26.3861],[86.6942,26.3843],[86.698,26.3811],[86.6932,26.3805],[86.6922,26.3786],[86.6942,26.3727],[86.6918,26.3712],[86.6887,26.3725],[86.6765,26.3735],[86.673,26.3717],[86.6689,26.3722],[86.6659,26.3704],[86.6657,26.3672],[86.6588,26.3673],[86.6516,26.3704],[86.6465,26.3694],[86.6454,26.3658],[86.6369,26.3635],[86.6302,26.3586],[86.6291,26.3536],[86.6254,26.35],[86.6221,26.3424],[86.6219,26.338],[86.6178,26.3365],[86.6075,26.3407],[86.606,26.3413],[86.6039,26.3412],[86.6012,26.3439],[86.5947,26.3448],[86.5888,26.3445],[86.5879,26.3374],[86.5794,26.3375],[86.5727,26.3344],[86.5694,26.3263],[86.558,26.3242],[86.5527,26.3135],[86.549,26.3098],[86.5345,26.3092],[86.5254,26.3066],[86.5197,26.2991],[86.5141,26.2836],[86.5117,26.2817],[86.5014,26.2817],[86.4978,26.2742],[86.4962,26.2687],[86.4964,26.2611],[86.5103,26.2607],[86.5112,26.2587],[86.5093,26.2538],[86.5117,26.2479],[86.5129,26.2374],[86.5107,26.2287],[86.5085,26.2253],[86.5049,26.2245],[86.4969,26.2272],[86.4931,26.2257],[86.492,26.2219],[86.4855,26.2207],[86.4714,26.2221],[86.4687,26.2186],[86.4617,26.2168],[86.455,26.2166],[86.4494,26.2172],[86.4452,26.2185],[86.4421,26.2263],[86.4376,26.2285],[86.4341,26.2235],[86.4316,26.2167],[86.4321,26.2136],[86.4339,26.2098],[86.4261,26.2013],[86.4226,26.1995],[86.4061,26.2021],[86.4033,26.2043],[86.4022,26.2098],[86.3986,26.2092],[86.3973,26.2053],[86.4039,26.1984],[86.4054,26.1898],[86.4009,26.1863],[86.3992,26.1841],[86.399,26.1759],[86.4079,26.1746],[86.4136,26.1728],[86.4132,26.1656],[86.4243,26.1628],[86.4248,26.1635],[86.4253,26.1644],[86.4246,26.1671],[86.4252,26.1691],[86.4267,26.1704],[86.4292,26.1706],[86.4315,26.1693],[86.4295,26.1652],[86.4294,26.1627],[86.4329,26.1623],[86.4408,26.1636],[86.4452,26.1694],[86.4458,26.175],[86.4481,26.1766],[86.4514,26.1751],[86.4544,26.1654],[86.4565,26.162],[86.4632,26.158],[86.4632,26.1552],[86.4681,26.1531],[86.4787,26.1546],[86.4838,26.1592],[86.492,26.162],[86.4984,26.1627],[86.5017,26.1703],[86.5042,26.1716],[86.5061,26.1706],[86.5073,26.1662],[86.5147,26.1642],[86.5246,26.1604],[86.5274,26.1576],[86.5286,26.1542],[86.5284,26.1504],[86.5244,26.146],[86.5218,26.1396],[86.5167,26.1363],[86.5147,26.1321],[86.5057,26.1251],[86.4925,26.1282],[86.4855,26.1311],[86.4726,26.1296],[86.4665,26.1282],[86.4614,26.1256],[86.4584,26.1202],[86.4575,26.1151],[86.4538,26.1128],[86.4495,26.1118],[86.4465,26.1038],[86.4409,26.1026],[86.438,26.0982],[86.4374,26.0938],[86.435,26.0909],[86.4349,26.0863],[86.4338,26.0829],[86.4321,26.0803],[86.4271,26.0772],[86.4289,26.0755],[86.4289,26.0754],[86.4241,26.0661],[86.4229,26.0616],[86.4199,26.0587],[86.4122,26.0592],[86.4081,26.0566],[86.4018,26.0503],[86.4012,26.0469],[86.3999,26.0447],[86.3774,26.0442],[86.3691,26.0492],[86.3699,26.055],[86.3664,26.0643],[86.3508,26.0828],[86.3499,26.0866],[86.3431,26.0857],[86.3385,26.088],[86.3367,26.0922],[86.3314,26.0946],[86.3257,26.0954],[86.3223,26.0982],[86.323,26.1056],[86.3193,26.1058],[86.3187,26.111],[86.3248,26.1115],[86.32,26.1181],[86.3161,26.1294],[86.3168,26.1391],[86.3218,26.1488],[86.3258,26.1496],[86.3267,26.1528],[86.3228,26.154],[86.3223,26.1584],[86.3189,26.1607],[86.3176,26.1656],[86.29,26.171],[86.2872,26.1769],[86.2813,26.1824],[86.2721,26.1839],[86.2682,26.1816],[86.2612,26.1828],[86.2616,26.1925],[86.2567,26.1958],[86.2406,26.2011],[86.2389,26.2046],[86.2388,26.2107],[86.2434,26.2206],[86.2417,26.2253],[86.2413,26.2318],[86.2149,26.2307],[86.2045,26.2268],[86.1954,26.2281],[86.1802,26.2279],[86.171,26.2307],[86.1722,26.2278],[86.169,26.2276],[86.164,26.2284],[86.1592,26.2302],[86.1557,26.2324],[86.15,26.2395],[86.1478,26.2376],[86.144,26.2381],[86.1402,26.2341],[86.1354,26.2312],[86.133,26.226],[86.1298,26.224],[86.1231,26.2227],[86.1228,26.2164],[86.1209,26.2101],[86.1164,26.2046],[86.1115,26.2051],[86.1116,26.1993],[86.1098,26.1961],[86.1014,26.1997],[86.1011,26.2042],[86.09,26.2064],[86.0842,26.2127],[86.0838,26.2159],[86.08,26.2184],[86.0775,26.2169],[86.0722,26.2171],[86.0712,26.2119],[86.0699,26.21],[86.0562,26.2132],[86.054,26.2103],[86.0549,26.2004],[86.0494,26.1953],[86.047,26.1977],[86.0456,26.1953],[86.0421,26.1955],[86.033,26.1991],[86.0259,26.1992],[86.0229,26.201],[86.0215,26.2057],[86.0285,26.2111],[86.0292,26.2174],[86.0276,26.2206],[86.0382,26.2288],[86.0424,26.2339],[86.0437,26.2392],[86.0344,26.2402],[86.032,26.2441],[86.0316,26.2496],[86.0273,26.2501],[86.0213,26.2493],[86.0155,26.2517],[86.016,26.2557],[86.0127,26.2576],[86.014,26.2608],[86.0029,26.2669],[86.0065,26.2713],[86.0044,26.273],[86.0066,26.281],[86.0042,26.2894],[86.0127,26.2967],[86.0186,26.3],[86.0183,26.3017],[86.0113,26.3022],[85.9932,26.3159],[85.9906,26.3201],[85.9913,26.3225],[85.9883,26.325],[85.9786,26.3254],[85.9764,26.3245],[85.9748,26.3223],[85.9706,26.3118],[85.9674,26.3107],[85.9625,26.3084],[85.9578,26.3083],[85.9449,26.31],[85.94,26.3115],[85.9321,26.3121],[85.9297,26.311],[85.9278,26.3091],[85.9248,26.3081],[85.9225,26.31],[85.9181,26.3111],[85.9181,26.3065],[85.9142,26.3072],[85.9171,26.2995],[85.9175,26.2929],[85.9203,26.2909],[85.9168,26.287],[85.9084,26.2886],[85.9055,26.2903],[85.8998,26.288],[85.8953,26.2815],[85.8866,26.2797],[85.8834,26.2807],[85.8812,26.2791],[85.8808,26.277],[85.8763,26.2783],[85.873,26.2816],[85.8659,26.2823],[85.8638,26.2847],[85.8612,26.2831],[85.8569,26.2845],[85.8555,26.2816],[85.8536,26.2808],[85.8463,26.2846],[85.8357,26.2824],[85.8212,26.2927],[85.813,26.2967],[85.8185,26.3007],[85.818,26.3053],[85.8127,26.3089],[85.8159,26.3102],[85.8168,26.3122],[85.8172,26.3149],[85.8152,26.3167],[85.8183,26.3255],[85.8181,26.3292],[85.8217,26.3324],[85.8263,26.33],[85.8326,26.3272],[85.8335,26.3363],[85.8375,26.3436],[85.8398,26.3438],[85.8382,26.3466],[85.8366,26.346],[85.8302,26.3457],[85.8189,26.3474],[85.8195,26.3541],[85.8212,26.3582],[85.8237,26.3588],[85.8301,26.3585],[85.831,26.3613],[85.8284,26.3619],[85.828,26.364],[85.8261,26.3663],[85.8255,26.3681],[85.8171,26.3757],[85.8178,26.3772],[85.8209,26.3768],[85.8215,26.3815],[85.8226,26.3822],[85.8245,26.3822],[85.8308,26.3791],[85.8321,26.3797],[85.8326,26.3816],[85.8336,26.3821],[85.8372,26.3812],[85.8379,26.3821],[85.8343,26.383],[85.8349,26.3853],[85.8341,26.3907],[85.8323,26.3913],[85.8285,26.3873],[85.822,26.3879],[85.8213,26.3896],[85.8169,26.3942],[85.8151,26.3953],[85.8145,26.3976],[85.8153,26.3989],[85.8194,26.402],[85.8174,26.4025],[85.8168,26.4043],[85.8173,26.4089],[85.8164,26.4114],[85.8126,26.4104],[85.8064,26.4131],[85.7986,26.4132],[85.794,26.4149],[85.7924,26.4111],[85.7903,26.4097],[85.7856,26.4101],[85.7859,26.4063],[85.7876,26.4039],[85.7797,26.405],[85.7772,26.4047],[85.7746,26.4044],[85.7718,26.4019],[85.7631,26.4053],[85.7589,26.4038],[85.758,26.4052],[85.7578,26.4113],[85.7639,26.4227],[85.7649,26.428],[85.7689,26.4356],[85.7696,26.439],[85.7682,26.44],[85.7684,26.4406],[85.7708,26.4412],[85.7742,26.4449],[85.7737,26.4463],[85.7698,26.4486],[85.7629,26.4505],[85.7566,26.4545],[85.7549,26.4635],[85.7528,26.4687],[85.7527,26.4709],[85.7547,26.4732],[85.7573,26.4736],[85.762,26.4731],[85.7662,26.4713],[85.777,26.4619],[85.7787,26.464],[85.7959,26.456],[85.7972,26.4592],[85.8027,26.4615],[85.8055,26.4613],[85.8069,26.4692],[85.8146,26.4706],[85.814,26.4769],[85.8119,26.4766],[85.8088,26.4778],[85.808,26.4789],[85.809,26.4804],[85.805,26.4828],[85.803,26.4821],[85.7965,26.483],[85.7942,26.4845],[85.7894,26.4845],[85.7911,26.4822],[85.7896,26.4791],[85.7869,26.4801],[85.7843,26.478],[85.7786,26.4784],[85.7766,26.4798],[85.7728,26.4805],[85.7722,26.4835],[85.775,26.4836],[85.7753,26.485],[85.7743,26.4871],[85.7716,26.4898],[85.7619,26.4904],[85.7606,26.4978],[85.766,26.4988],[85.7696,26.5047],[85.7729,26.5077],[85.7729,26.5091],[85.7706,26.5104],[85.7706,26.5125],[85.7737,26.514],[85.78,26.5192],[85.7834,26.519],[85.7861,26.5171],[85.7924,26.5181],[85.7925,26.509],[85.7916,26.5058],[85.7893,26.503],[85.7888,26.4982],[85.7966,26.4979],[85.7991,26.4996],[85.8001,26.5015],[85.8003,26.5043],[85.8025,26.506],[85.8048,26.5113],[85.8113,26.5116],[85.8111,26.5138],[85.8079,26.5157],[85.811,26.5183],[85.8124,26.5224],[85.8192,26.5258],[85.8201,26.5278],[85.8239,26.5313],[85.8275,26.537],[85.8277,26.5424],[85.8195,26.5508],[85.8119,26.552],[85.8081,26.5559],[85.8114,26.5634],[85.8125,26.5686],[85.8104,26.5699],[85.8098,26.5712],[85.8129,26.5733],[85.8154,26.5773],[85.8183,26.5858],[85.8145,26.5917],[85.8221,26.5962],[85.8189,26.603],[85.8197,26.6028],[85.824,26.6025],[85.8272,26.6025],[85.8303,26.6026],[85.8303,26.6051],[85.8305,26.6081],[85.8302,26.6111],[85.8307,26.613],[85.8331,26.6124],[85.8357,26.6119],[85.8382,26.6111],[85.8439,26.6109],[85.8446,26.611],[85.8469,26.6106],[85.8492,26.6094],[85.8521,26.6083],[85.8539,26.6043],[85.8546,26.6017],[85.8553,26.5987],[85.8558,26.5972],[85.8562,26.594],[85.857,26.5915],[85.8563,26.5889],[85.8537,26.586],[85.8514,26.5827],[85.849,26.5792],[85.8481,26.5756],[85.8475,26.5721],[85.8484,26.5699],[85.8508,26.569],[85.8525,26.5684],[85.8554,26.5685],[85.8575,26.5692],[85.8583,26.5695],[85.8613,26.5715],[85.8639,26.5734],[85.867,26.5752],[85.8718,26.5787],[85.8734,26.5798],[85.8759,26.5816],[85.8783,26.5851],[85.8815,26.5851],[85.8835,26.5826],[85.8861,26.5832],[85.8881,26.5857],[85.8893,26.5888],[85.8899,26.5917],[85.8925,26.5938],[85.8959,26.5947],[85.8986,26.5954],[85.9,26.5967],[85.9005,26.6002],[85.9017,26.6022],[85.9049,26.6037],[85.9084,26.605],[85.9105,26.6059],[85.9125,26.6087],[85.9149,26.6093],[85.9179,26.6104],[85.9214,26.6113],[85.925,26.6121],[85.9262,26.6134],[85.9277,26.6153],[85.9287,26.6161],[85.9303,26.6143],[85.9322,26.6142],[85.9342,26.6168],[85.9367,26.617],[85.94,26.6145],[85.9426,26.6145],[85.9445,26.6156],[85.9456,26.6182],[85.9456,26.621],[85.9457,26.6232],[85.9477,26.6245],[85.9506,26.6258],[85.9519,26.6273],[85.9521,26.6303],[85.9521,26.6336],[85.9527,26.6375],[85.9535,26.6412],[85.9545,26.6443],[85.9553,26.6466],[85.9568,26.6497],[85.9601,26.6519],[85.9645,26.6538],[85.968,26.6553],[85.9719,26.658],[85.9759,26.6595],[85.98,26.6587],[85.9831,26.6569],[85.9866,26.6563],[85.9907,26.6559],[85.9957,26.6555],[86.0002,26.6566],[86.0017,26.6569],[86.003,26.6568],[86.0073,26.6566],[86.0108,26.656],[86.0147,26.656],[86.0159,26.6572],[86.017,26.6604],[86.0203,26.6618],[86.0262,26.6637],[86.0302,26.6664],[86.0338,26.6666],[86.0383,26.6661],[86.0427,26.6647],[86.047,26.6634],[86.0529,26.6619],[86.0578,26.6604],[86.0633,26.6593],[86.0684,26.6591],[86.0718,26.659],[86.0755,26.6541],[86.0767,26.6503],[86.079,26.6495],[86.0841,26.6475],[86.0887,26.6442],[86.0939,26.6419],[86.0979,26.6404],[86.0983,26.6403],[86.1053,26.6372],[86.1077,26.6357],[86.1137,26.6332],[86.1194,26.6312],[86.1241,26.6297],[86.127,26.6281],[86.1344,26.628],[86.1394,26.6286],[86.142,26.627],[86.1427,26.6216],[86.1404,26.6161],[86.1394,26.6084],[86.1412,26.6045],[86.1422,26.6043],[86.1435,26.6043],[86.1467,26.6064],[86.1501,26.6085],[86.1548,26.6096],[86.1596,26.6119],[86.1623,26.6136],[86.1656,26.6142],[86.1689,26.6139],[86.1743,26.6165],[86.1764,26.6178],[86.1783,26.6139],[86.1821,26.6136],[86.1837,26.6144],[86.1901,26.6143],[86.1945,26.6146],[86.1969,26.6135],[86.1961,26.611],[86.1984,26.6079],[86.1991,26.6058],[86.1996,26.601],[86.1985,26.5969],[86.2011,26.5945],[86.2062,26.5957],[86.2079,26.5954],[86.2117,26.5937],[86.2159,26.5924],[86.2179,26.5908],[86.2217,26.5898],[86.2269,26.5901],[86.2308,26.5899],[86.2338,26.5903],[86.2365,26.5905],[86.2375,26.5913],[86.237,26.5947],[86.237,26.5975],[86.2395,26.5993],[86.2441,26.6024],[86.2454,26.6041],[86.2473,26.6071],[86.25,26.6099],[86.2565,26.6133],[86.2609,26.6142],[86.266,26.6154],[86.2731,26.6164],[86.279,26.6163],[86.2833,26.6152],[86.2902,26.6135],[86.2965,26.613],[86.3012,26.6154],[86.307,26.6185],[86.3109,26.6198],[86.3167,26.6193],[86.322,26.6192],[86.3295,26.6187],[86.3366,26.6179],[86.3456,26.6165],[86.3452,26.6137],[86.3439,26.61],[86.3432,26.6059],[86.3452,26.6055],[86.353,26.6054],[86.3589,26.6044],[86.367,26.6022],[86.3755,26.5997],[86.3803,26.5979],[86.3864,26.5967],[86.3964,26.5946],[86.3981,26.5922],[86.3987,26.5914],[86.3983,26.5855],[86.4022,26.584],[86.4074,26.5821],[86.4138,26.5802],[86.4205,26.578],[86.4277,26.5752],[86.4358,26.5731],[86.4436,26.5717],[86.4483,26.5704],[86.455,26.5692],[86.4603,26.567],[86.4666,26.5628],[86.4715,26.5595],[86.4773,26.5561],[86.4823,26.5534],[86.4884,26.5498],[86.4958,26.5455],[86.501,26.5422],[86.507,26.5404],[86.5152,26.5403],[86.5217,26.5428],[86.5263,26.5436],[86.5336,26.5425],[86.5383,26.5413],[86.5453,26.5357],[86.5509,26.5305],[86.5529,26.5274],[86.5539,26.5217],[86.5559,26.5154],[86.5589,26.512],[86.5648,26.5058],[86.5695,26.5001],[86.573,26.4979],[86.5787,26.4966],[86.5888,26.4943],[86.5953,26.4921],[86.6035,26.4892],[86.611,26.4875],[86.6141,26.4879],[86.618,26.486],[86.6212,26.4823],[86.6248,26.4801],[86.6281,26.4781],[86.629,26.4738],[86.6295,26.4713],[86.6319,26.4685],[86.6355,26.4668],[86.6419,26.4647],[86.6477,26.463],[86.6538,26.4614],[86.66,26.4597],[86.665,26.4585],[86.6825,26.4537],[86.69,26.4518],[86.6929,26.451],[86.6973,26.4493],[86.6972,26.4455],[86.6989,26.4419],[86.7028,26.4387],[86.7081,26.4368],[86.7137,26.4361],[86.7201,26.4351],[86.7235,26.4328],[86.7249,26.4312]]]},"properties":{"district_name":"Madhubani","raw_district_name":"Madhubani","state_code":"BR","state_name":"Bihar","census_code":207,"data_source":"DataMeet India Maps (Census 2011 Boundaries)"}},{"type":"Feature","geometry":{"type":"Polygon","coordinates":[[[86.7313,25.254],[86.7269,25.2492],[86.7222,25.245],[86.6927,25.243],[86.6857,25.2409],[86.678,25.2399],[86.6495,25.2439],[86.6437,25.2423],[86.6407,25.2406],[86.6392,25.2381],[86.6403,25.226],[86.6466,25.2256],[86.6514,25.2233],[86.6519,25.2211],[86.6495,25.2182],[86.6571,25.2162],[86.6677,25.2147],[86.6695,25.2135],[86.6725,25.2087],[86.6764,25.2067],[86.6775,25.1965],[86.6795,25.1922],[86.6851,25.1891],[86.6904,25.189],[86.6936,25.19],[86.6956,25.1932],[86.6933,25.1972],[86.6931,25.1996],[86.695,25.2021],[86.6968,25.2028],[86.6971,25.1993],[86.704,25.1959],[86.7024,25.191],[86.7026,25.188],[86.7044,25.1884],[86.7071,25.1874],[86.7106,25.188],[86.7085,25.1933],[86.7122,25.1918],[86.7142,25.1882],[86.7157,25.1876],[86.7176,25.188],[86.7246,25.1868],[86.7266,25.1851],[86.7356,25.1842],[86.7331,25.181],[86.7242,25.1724],[86.7214,25.171],[86.7194,25.1707],[86.709,25.1723],[86.7076,25.1709],[86.7053,25.1702],[86.7018,25.1673],[86.706,25.1618],[86.7008,25.1565],[86.6979,25.1508],[86.6991,25.1478],[86.6969,25.1433],[86.6914,25.1446],[86.6891,25.143],[86.6858,25.1398],[86.68,25.1302],[86.6813,25.122],[86.6846,25.1198],[86.6847,25.1234],[86.6883,25.1211],[86.6891,25.1184],[86.694,25.1184],[86.6929,25.1126],[86.6923,25.1097],[86.6964,25.1079],[86.6925,25.1001],[86.6848,25.0909],[86.6765,25.0932],[86.6713,25.0866],[86.6678,25.0791],[86.6666,25.0737],[86.6647,25.0704],[86.663,25.0684],[86.6596,25.0682],[86.6573,25.0671],[86.6594,25.0635],[86.6559,25.0576],[86.6556,25.0558],[86.6583,25.0509],[86.6548,25.0479],[86.6531,25.0441],[86.6528,25.0386],[86.6592,25.0238],[86.6683,25.0118],[86.6675,25.0103],[86.6612,25.0163],[86.6586,25.0159],[86.6553,25.013],[86.6509,25.0108],[86.655,25.0023],[86.6502,24.9963],[86.6459,24.9904],[86.6439,24.986],[86.6434,24.982],[86.6445,24.9777],[86.6435,24.9749],[86.6402,24.9738],[86.6347,24.9731],[86.6256,24.9623],[86.6204,24.9666],[86.6195,24.9723],[86.6172,24.9735],[86.6144,24.9718],[86.6102,24.9718],[86.6057,24.9726],[86.6018,24.9652],[86.5993,24.959],[86.6015,24.9488],[86.592,24.9476],[86.5862,24.9458],[86.5794,24.9468],[86.5768,24.9529],[86.5728,24.9578],[86.5674,24.959],[86.5617,24.9575],[86.5546,24.9561],[86.5498,24.9532],[86.5458,24.9508],[86.5428,24.9534],[86.5462,24.9584],[86.5484,24.9614],[86.5475,24.9651],[86.544,24.9678],[86.5389,24.9705],[86.5353,24.9781],[86.5311,24.984],[86.521,24.9854],[86.5059,24.9852],[86.504,24.9801],[86.5033,24.9795],[86.5012,24.9805],[86.4857,24.9842],[86.4524,24.994],[86.4458,24.9985],[86.4439,25.002],[86.4422,25.0098],[86.4421,25.0126],[86.4418,25.0203],[86.4406,25.0248],[86.4357,25.0288],[86.4311,25.0311],[86.4255,25.0344],[86.4179,25.0381],[86.4095,25.0394],[86.4006,25.0419],[86.3922,25.0467],[86.3895,25.0504],[86.3901,25.0577],[86.3945,25.069],[86.3995,25.0759],[86.4065,25.0823],[86.4155,25.088],[86.4196,25.0969],[86.4212,25.1025],[86.4222,25.1155],[86.4205,25.1232],[86.4147,25.1297],[86.4023,25.1361],[86.3898,25.1394],[86.3827,25.1378],[86.3796,25.1358],[86.3752,25.1367],[86.3724,25.1386],[86.3692,25.1435],[86.3693,25.1593],[86.3688,25.1691],[86.3731,25.1822],[86.3807,25.2048],[86.3851,25.2191],[86.3801,25.2365],[86.3658,25.2667],[86.3628,25.2755],[86.3594,25.2808],[86.354,25.2836],[86.3438,25.2844],[86.3382,25.2825],[86.334,25.2807],[86.3259,25.2764],[86.321,25.2768],[86.3126,25.2814],[86.3062,25.2861],[86.2987,25.2973],[86.2987,25.2973],[86.2988,25.2973],[86.3142,25.3168],[86.3162,25.3184],[86.3222,25.3229],[86.315,25.3346],[86.3222,25.3392],[86.3252,25.3373],[86.3328,25.3408],[86.3368,25.3419],[86.3399,25.3415],[86.339,25.3444],[86.356,25.3506],[86.3666,25.356],[86.3704,25.3568],[86.3653,25.3602],[86.3895,25.3807],[86.3902,25.3794],[86.3886,25.3757],[86.3892,25.3724],[86.3888,25.368],[86.3911,25.3636],[86.4043,25.373],[86.4032,25.3763],[86.4043,25.3791],[86.4031,25.3854],[86.4037,25.388],[86.4056,25.3878],[86.407,25.3864],[86.4165,25.3926],[86.4166,25.3948],[86.4321,25.3957],[86.4383,25.4016],[86.4541,25.3981],[86.4577,25.399],[86.4612,25.3961],[86.4578,25.3928],[86.4632,25.3904],[86.4772,25.399],[86.4821,25.4136],[86.5053,25.4129],[86.5117,25.4095],[86.5157,25.4146],[86.5102,25.4153],[86.5107,25.4238],[86.5095,25.4285],[86.5071,25.4432],[86.51,25.4471],[86.511,25.4517],[86.5162,25.4527],[86.5207,25.4551],[86.5233,25.4617],[86.5278,25.4675],[86.5344,25.4729],[86.5356,25.4762],[86.5342,25.4801],[86.5396,25.4859],[86.5431,25.4932],[86.5531,25.4904],[86.554,25.4895],[86.5552,25.4962],[86.5545,25.4996],[86.5623,25.4968],[86.5692,25.4956],[86.5733,25.4938],[86.581,25.4855],[86.5832,25.481],[86.5854,25.4704],[86.5913,25.4613],[86.5933,25.4562],[86.5931,25.4436],[86.597,25.4318],[86.6009,25.4257],[86.6197,25.4135],[86.6291,25.4096],[86.636,25.4054],[86.6426,25.3977],[86.6432,25.392],[86.641,25.3781],[86.6397,25.3766],[86.6388,25.3711],[86.6361,25.3672],[86.6294,25.3627],[86.6272,25.3601],[86.6291,25.3561],[86.635,25.3572],[86.6351,25.3519],[86.6396,25.3457],[86.6448,25.3398],[86.6495,25.3363],[86.6519,25.3329],[86.6525,25.3304],[86.6473,25.3228],[86.639,25.3139],[86.6349,25.3065],[86.6372,25.298],[86.6419,25.2895],[86.6506,25.2768],[86.6522,25.2725],[86.6587,25.2712],[86.6692,25.2715],[86.6721,25.2726],[86.6879,25.2729],[86.7075,25.2709],[86.717,25.2645],[86.7255,25.2571],[86.7313,25.254]]]},"properties":{"district_name":"Munger","raw_district_name":"Munger","state_code":"BR","state_name":"Bihar","census_code":226,"data_source":"DataMeet India Maps (Census 2011 Boundaries)"}},{"type":"Feature","geometry":{"type":"Polygon","coordinates":[[[85.7047,26.3066],[85.7051,26.2961],[85.7137,26.293],[85.7166,26.291],[85.7166,26.2837],[85.7155,26.2767],[85.7186,26.2762],[85.7181,26.2729],[85.7098,26.2704],[85.7047,26.2661],[85.7018,26.2652],[85.6997,26.2619],[85.7002,26.2607],[85.6973,26.2591],[85.6961,26.2576],[85.7048,26.2496],[85.7101,26.2513],[85.7189,26.2501],[85.7173,26.2456],[85.7169,26.2418],[85.7152,26.2406],[85.7092,26.242],[85.7026,26.2412],[85.7012,26.2399],[85.6993,26.2296],[85.7002,26.2261],[85.7065,26.2246],[85.7076,26.2257],[85.7075,26.2219],[85.7099,26.2205],[85.7088,26.2178],[85.7102,26.2168],[85.7116,26.2125],[85.7197,26.2105],[85.7206,26.2028],[85.7248,26.2025],[85.7271,26.201],[85.726,26.1961],[85.7252,26.1785],[85.7237,26.1777],[85.7225,26.1693],[85.7236,26.165],[85.7413,26.1621],[85.7459,26.154],[85.7493,26.1518],[85.75,26.1493],[85.7544,26.1442],[85.7514,26.143],[85.7514,26.1405],[85.7492,26.137],[85.7447,26.132],[85.7358,26.1281],[85.7286,26.1262],[85.7293,26.1214],[85.7287,26.1153],[85.73,26.1118],[85.7331,26.1124],[85.7342,26.1108],[85.7339,26.1089],[85.7303,26.1078],[85.7226,26.1097],[85.7191,26.1098],[85.7154,26.1049],[85.7138,26.0984],[85.7151,26.0903],[85.7075,26.0858],[85.7047,26.087],[85.706,26.0836],[85.7098,26.0788],[85.7102,26.0747],[85.7081,26.0683],[85.7082,26.0653],[85.7115,26.0642],[85.7114,26.0627],[85.7087,26.0626],[85.7038,26.0588],[85.7024,26.0567],[85.6981,26.0443],[85.6906,26.047],[85.687,26.0409],[85.6849,26.0342],[85.6813,26.0269],[85.6775,26.0262],[85.6761,26.028],[85.6745,26.0271],[85.6662,26.0266],[85.6647,26.0234],[85.6599,26.0189],[85.6554,26.0169],[85.6514,26.0083],[85.6476,26.0065],[85.647,26.0041],[85.6419,26.0032],[85.6273,26.005],[85.6249,26.0017],[85.6243,25.9982],[85.6223,25.9881],[85.6257,25.9837],[85.6266,25.9795],[85.6321,25.9774],[85.6323,25.9742],[85.634,25.9704],[85.6283,25.9659],[85.6255,25.9545],[85.6268,25.9474],[85.6304,25.9422],[85.6375,25.938],[85.6344,25.9322],[85.6335,25.9226],[85.6211,25.9192],[85.619,25.9216],[85.6089,25.9249],[85.606,25.9238],[85.5992,25.9237],[85.5952,25.9223],[85.5923,25.918],[85.588,25.9181],[85.5856,25.9168],[85.5786,25.9173],[85.5771,25.9211],[85.5742,25.9202],[85.5735,25.9189],[85.572,25.9189],[85.5674,25.9208],[85.5628,25.921],[85.5612,25.9177],[85.5582,25.9058],[85.5542,25.9046],[85.5399,25.9081],[85.5356,25.919],[85.5254,25.9158],[85.5141,25.905],[85.5111,25.9011],[85.5066,25.9019],[85.5015,25.9048],[85.4937,25.9055],[85.4905,25.917],[85.4848,25.9214],[85.4716,25.9281],[85.464,25.9315],[85.4653,25.9254],[85.4623,25.9221],[85.4563,25.9227],[85.452,25.9211],[85.4461,25.9228],[85.4413,25.9224],[85.4352,25.9269],[85.4355,25.9292],[85.4314,25.9301],[85.4301,25.9342],[85.4247,25.9392],[85.412,25.9408],[85.4102,25.9435],[85.4069,25.9418],[85.4062,25.9382],[85.4001,25.933],[85.392,25.9331],[85.3866,25.9273],[85.3699,25.9292],[85.3688,25.9316],[85.3643,25.9323],[85.3643,25.938],[85.3541,25.9376],[85.3391,25.9469],[85.3337,25.9484],[85.3211,25.9454],[85.3159,25.9412],[85.3109,25.9409],[85.301,25.9437],[85.2934,25.9417],[85.2859,25.9471],[85.2852,25.9503],[85.2878,25.9517],[85.2906,25.9573],[85.289,25.9633],[85.2927,25.9692],[85.2933,25.9778],[85.2991,25.9885],[85.2916,25.9936],[85.284,26.0005],[85.2782,26.0077],[85.2779,26.0093],[85.2748,26.0089],[85.2703,26.0132],[85.2549,26.0125],[85.249,26.0115],[85.2446,26.0135],[85.237,26.0151],[85.2352,26.0142],[85.2351,26.0125],[85.2357,26.0061],[85.2337,26.0023],[85.2284,26.0043],[85.2262,26.0026],[85.2159,26.0018],[85.2145,26.0023],[85.2108,26.0019],[85.2086,26.0046],[85.206,26.0055],[85.1995,26.0053],[85.1929,26.0018],[85.1882,26.0028],[85.1828,26.0094],[85.1704,26.0105],[85.165,26.0089],[85.1596,26.009],[85.1596,26.0073],[85.1573,26.0084],[85.1573,26.0064],[85.1487,26.006],[85.1493,25.9998],[85.1504,25.9916],[85.1491,25.9856],[85.1427,25.9881],[85.1345,25.9886],[85.1286,25.9874],[85.1148,25.9926],[85.1079,25.9915],[85.1074,25.9862],[85.1105,25.981],[85.1085,25.977],[85.1032,25.9766],[85.098,25.9775],[85.099,25.9735],[85.0983,25.9722],[85.0959,25.9727],[85.0924,25.9753],[85.0871,25.9763],[85.0837,25.9717],[85.0796,25.9685],[85.075,25.9741],[85.0696,25.9715],[85.0632,25.9778],[85.0604,25.9816],[85.0598,25.9874],[85.0545,25.9892],[85.0448,25.9895],[85.0369,25.9886],[85.029,25.985],[85.0227,25.9861],[85.0118,25.999],[85.0042,26.0073],[85,26.0129],[84.9941,26.0124],[84.9884,26.0045],[84.984,26.0023],[84.9808,26],[84.9806,25.9991],[84.9804,25.9985],[84.9801,25.9978],[84.9798,25.9972],[84.9795,25.9967],[84.9791,25.9961],[84.9787,25.9956],[84.9782,25.9952],[84.9778,25.9948],[84.9772,25.9944],[84.9767,25.9941],[84.9761,25.9938],[84.9755,25.9935],[84.9748,25.9934],[84.9741,25.9932],[84.9734,25.9932],[84.9727,25.9931],[84.9719,25.9932],[84.9712,25.9932],[84.9704,25.9934],[84.9696,25.9936],[84.9688,25.9938],[84.9681,25.9941],[84.9669,25.9947],[84.9662,25.9951],[84.9655,25.9955],[84.9649,25.996],[84.9641,25.9969],[84.9637,25.9975],[84.9633,25.9981],[84.963,25.9987],[84.9627,26],[84.9601,26.0081],[84.9545,26.0096],[84.9402,26.0167],[84.9412,26.0205],[84.9384,26.0246],[84.9394,26.0274],[84.9369,26.0293],[84.94,26.0387],[84.9351,26.0415],[84.9427,26.0514],[84.9484,26.0531],[84.9494,26.057],[84.9528,26.0634],[84.9505,26.0724],[84.9506,26.0916],[84.947,26.0923],[84.9414,26.0954],[84.9424,26.0969],[84.9496,26.1009],[84.9519,26.1045],[84.9493,26.1052],[84.9462,26.108],[84.9451,26.1174],[84.9289,26.1319],[84.9219,26.1366],[84.9179,26.1425],[84.9174,26.147],[84.915,26.1531],[84.9149,26.1598],[84.9196,26.1645],[84.9235,26.1775],[84.9183,26.1798],[84.915,26.1839],[84.9122,26.1935],[84.9073,26.1971],[84.9059,26.2032],[84.8987,26.2148],[84.9025,26.2159],[84.9031,26.2192],[84.9063,26.2206],[84.9104,26.2239],[84.9093,26.2348],[84.8855,26.2335],[84.8817,26.2364],[84.8835,26.2411],[84.8768,26.2552],[84.8822,26.2601],[84.8846,26.2739],[84.8935,26.2925],[84.8985,26.3075],[84.904,26.3174],[84.9052,26.3214],[84.9104,26.3189],[84.9228,26.3244],[84.9578,26.3248],[84.9762,26.3226],[84.9831,26.3229],[84.9937,26.3315],[85.001,26.3318],[85.0105,26.3299],[85.0157,26.3263],[85.0174,26.3225],[85.0216,26.3175],[85.0244,26.3172],[85.0272,26.3188],[85.0346,26.3279],[85.0344,26.33],[85.0365,26.3314],[85.0454,26.3349],[85.0468,26.3401],[85.0612,26.3422],[85.0641,26.3417],[85.0711,26.334],[85.0742,26.3289],[85.079,26.3307],[85.0833,26.3225],[85.0883,26.3241],[85.0901,26.3234],[85.094,26.3235],[85.0983,26.3205],[85.1045,26.3237],[85.1065,26.3225],[85.1114,26.3166],[85.1153,26.3134],[85.1225,26.3152],[85.127,26.3141],[85.1284,26.3146],[85.1278,26.316],[85.1305,26.316],[85.1327,26.3152],[85.1351,26.3112],[85.1384,26.3123],[85.1398,26.3171],[85.1435,26.3194],[85.1445,26.3214],[85.1478,26.321],[85.1509,26.316],[85.1523,26.3153],[85.1587,26.3171],[85.1611,26.3189],[85.164,26.3277],[85.1654,26.329],[85.1672,26.33],[85.1712,26.3293],[85.1757,26.3307],[85.1726,26.333],[85.1757,26.3396],[85.1784,26.3389],[85.1802,26.3406],[85.1844,26.3401],[85.1873,26.337],[85.1887,26.3329],[85.1919,26.3311],[85.1918,26.3212],[85.1929,26.3188],[85.193,26.3124],[85.1944,26.313],[85.1953,26.3153],[85.1941,26.3242],[85.195,26.3275],[85.1972,26.3264],[85.1981,26.3247],[85.1991,26.3205],[85.1997,26.3104],[85.2017,26.309],[85.2024,26.3106],[85.2028,26.3208],[85.2049,26.3188],[85.2064,26.3152],[85.2059,26.3053],[85.2042,26.304],[85.1964,26.3025],[85.1924,26.3033],[85.1928,26.3004],[85.1971,26.2957],[85.2006,26.2941],[85.2023,26.2944],[85.209,26.3013],[85.2101,26.3004],[85.2092,26.2974],[85.2025,26.2873],[85.2028,26.2852],[85.2045,26.2849],[85.2108,26.2955],[85.2134,26.2965],[85.2231,26.294],[85.2247,26.3023],[85.227,26.3023],[85.2343,26.3003],[85.2355,26.3008],[85.2358,26.3024],[85.2323,26.3053],[85.232,26.3071],[85.2349,26.3076],[85.2382,26.3067],[85.2401,26.305],[85.2403,26.3002],[85.2507,26.3018],[85.2525,26.2989],[85.2554,26.2979],[85.2594,26.2976],[85.2603,26.2988],[85.2626,26.2978],[85.2634,26.3034],[85.26,26.3033],[85.2586,26.3043],[85.2572,26.3087],[85.2587,26.331],[85.2641,26.3319],[85.2674,26.3292],[85.2733,26.3281],[85.2756,26.3349],[85.2739,26.3343],[85.272,26.3354],[85.2674,26.3409],[85.2647,26.3424],[85.2602,26.3434],[85.2555,26.3413],[85.2508,26.3425],[85.25,26.3397],[85.2473,26.3408],[85.2426,26.3459],[85.242,26.3488],[85.2407,26.3507],[85.2341,26.3539],[85.2306,26.3534],[85.228,26.3505],[85.2234,26.3515],[85.2223,26.354],[85.2224,26.3647],[85.2243,26.3678],[85.2266,26.37],[85.2376,26.3683],[85.2443,26.3699],[85.2452,26.3674],[85.25,26.36],[85.2499,26.3574],[85.2551,26.3533],[85.257,26.3495],[85.2632,26.3494],[85.2663,26.3522],[85.2719,26.351],[85.2769,26.3486],[85.2831,26.3493],[85.2827,26.346],[85.2845,26.3462],[85.2881,26.3491],[85.2896,26.3534],[85.2916,26.3538],[85.2999,26.3439],[85.3059,26.3481],[85.3101,26.3493],[85.3184,26.3466],[85.3289,26.3498],[85.3301,26.3452],[85.3285,26.3387],[85.3292,26.3345],[85.3319,26.331],[85.3363,26.3274],[85.3387,26.3292],[85.337,26.3328],[85.3365,26.34],[85.3379,26.3439],[85.3423,26.3418],[85.3424,26.3446],[85.3467,26.3443],[85.3509,26.3388],[85.3547,26.3377],[85.3526,26.3445],[85.357,26.3447],[85.3624,26.347],[85.3724,26.342],[85.3773,26.3295],[85.3777,26.3252],[85.3766,26.3207],[85.3773,26.3159],[85.3804,26.3121],[85.3838,26.3098],[85.3895,26.3082],[85.3932,26.3079],[85.3953,26.3085],[85.3925,26.3138],[85.3912,26.3204],[85.384,26.323],[85.3878,26.325],[85.3929,26.3222],[85.3994,26.3109],[85.4028,26.3184],[85.41,26.3187],[85.4173,26.3049],[85.4157,26.3021],[85.4092,26.3025],[85.4035,26.3052],[85.4017,26.3045],[85.4009,26.3018],[85.402,26.2995],[85.4051,26.2965],[85.3973,26.2941],[85.3943,26.291],[85.3931,26.2874],[85.3936,26.2823],[85.3959,26.2794],[85.3981,26.2804],[85.4026,26.2912],[85.4064,26.2928],[85.4101,26.2922],[85.4132,26.2899],[85.4109,26.2891],[85.4079,26.2899],[85.4055,26.2894],[85.4076,26.2853],[85.4077,26.2821],[85.41,26.2796],[85.4103,26.276],[85.4123,26.2707],[85.4224,26.2841],[85.4237,26.2874],[85.4295,26.292],[85.4275,26.2814],[85.4278,26.2787],[85.423,26.2732],[85.4235,26.2725],[85.4329,26.2764],[85.4399,26.2828],[85.4425,26.2829],[85.4383,26.273],[85.4403,26.2705],[85.45,26.2907],[85.4537,26.2908],[85.4563,26.2926],[85.4588,26.3002],[85.4626,26.3014],[85.4657,26.3112],[85.4652,26.3152],[85.4633,26.3188],[85.4671,26.3211],[85.469,26.3267],[85.4728,26.328],[85.4691,26.3328],[85.4708,26.3342],[85.4762,26.3342],[85.4777,26.3363],[85.4809,26.3364],[85.4821,26.3486],[85.484,26.3487],[85.4852,26.3503],[85.4864,26.3547],[85.4904,26.353],[85.4929,26.3537],[85.495,26.356],[85.4976,26.3629],[85.4991,26.3618],[85.5022,26.3635],[85.5031,26.3712],[85.5028,26.3761],[85.5052,26.3775],[85.507,26.381],[85.5098,26.3815],[85.5223,26.3757],[85.5258,26.376],[85.5327,26.3787],[85.5322,26.3745],[85.5352,26.3712],[85.5387,26.3723],[85.5484,26.3696],[85.5525,26.3726],[85.5558,26.3802],[85.5597,26.3856],[85.5624,26.3851],[85.5666,26.3858],[85.5708,26.3893],[85.5805,26.3936],[85.5849,26.384],[85.5796,26.3725],[85.5752,26.3661],[85.5751,26.3643],[85.5818,26.3641],[85.5884,26.3601],[85.5926,26.3553],[85.5984,26.3549],[85.6023,26.3513],[85.6055,26.3523],[85.6139,26.3499],[85.6171,26.3462],[85.617,26.3419],[85.616,26.3392],[85.6132,26.3416],[85.6122,26.3364],[85.6128,26.3347],[85.6153,26.3338],[85.6166,26.3348],[85.6198,26.3344],[85.6274,26.3365],[85.6346,26.3327],[85.6356,26.331],[85.6351,26.3271],[85.6299,26.3198],[85.6323,26.3176],[85.6407,26.3196],[85.6424,26.3186],[85.6496,26.3225],[85.6537,26.3193],[85.6581,26.3205],[85.6612,26.3175],[85.6644,26.3183],[85.6724,26.3149],[85.6786,26.321],[85.6833,26.3211],[85.6919,26.3185],[85.6969,26.3108],[85.698,26.3066],[85.7024,26.3083],[85.7047,26.3066]]]},"properties":{"district_name":"Muzaffarpur","raw_district_name":"Muzaffarpur","state_code":"BR","state_name":"Bihar","census_code":216,"data_source":"DataMeet India Maps (Census 2011 Boundaries)"}},{"type":"Feature","geometry":{"type":"Polygon","coordinates":[[[85.9055,25.2936],[85.9043,25.2896],[85.9062,25.2812],[85.9034,25.2769],[85.9042,25.2689],[85.9018,25.265],[85.9027,25.2612],[85.9133,25.254],[85.9212,25.2501],[85.9237,25.2475],[85.9256,25.2439],[85.9187,25.2395],[85.9102,25.234],[85.9065,25.2318],[85.8926,25.2289],[85.8851,25.2294],[85.8756,25.2325],[85.8741,25.2386],[85.87,25.2395],[85.8667,25.2424],[85.8605,25.2417],[85.8543,25.242],[85.8423,25.2391],[85.8392,25.2324],[85.8355,25.2303],[85.8341,25.2224],[85.8292,25.218],[85.824,25.2176],[85.8198,25.2195],[85.8176,25.2256],[85.8129,25.2258],[85.804,25.2292],[85.8003,25.2295],[85.7966,25.2235],[85.7963,25.2198],[85.7939,25.2185],[85.7873,25.2176],[85.7867,25.2263],[85.7873,25.2345],[85.7929,25.2481],[85.792,25.251],[85.7816,25.245],[85.7772,25.2444],[85.771,25.2447],[85.7716,25.2634],[85.762,25.2652],[85.7594,25.2614],[85.7458,25.262],[85.737,25.2639],[85.7368,25.2733],[85.7345,25.2764],[85.7292,25.2775],[85.7244,25.2761],[85.7167,25.2724],[85.7021,25.2697],[85.7002,25.2661],[85.7011,25.255],[85.6997,25.2438],[85.7002,25.2326],[85.7204,25.2237],[85.7247,25.219],[85.7247,25.2096],[85.7287,25.2057],[85.7297,25.2008],[85.7285,25.1975],[85.7236,25.1988],[85.721,25.195],[85.7205,25.189],[85.7166,25.1898],[85.7053,25.1901],[85.7019,25.1914],[85.6967,25.1919],[85.6957,25.1793],[85.6963,25.1709],[85.7021,25.1713],[85.7039,25.1673],[85.7015,25.1652],[85.6966,25.1645],[85.6927,25.1594],[85.6896,25.1486],[85.6877,25.1356],[85.6691,25.1257],[85.6633,25.1243],[85.6555,25.1241],[85.6324,25.1321],[85.6243,25.1322],[85.6066,25.129],[85.6041,25.1127],[85.6044,25.1081],[85.6064,25.1064],[85.609,25.1086],[85.612,25.114],[85.6158,25.1161],[85.6214,25.1159],[85.6409,25.0991],[85.6506,25.085],[85.6613,25.0663],[85.6577,25.0626],[85.6539,25.0624],[85.6512,25.063],[85.6487,25.0645],[85.6446,25.0691],[85.6423,25.0699],[85.6395,25.0669],[85.6388,25.0615],[85.637,25.0587],[85.6331,25.0564],[85.6258,25.0506],[85.6199,25.0443],[85.6129,25.0415],[85.6089,25.0373],[85.6079,25.0331],[85.6002,25.0301],[85.5945,25.0336],[85.5904,25.0331],[85.5854,25.0308],[85.5711,25.0297],[85.5691,25.0313],[85.5663,25.0363],[85.5636,25.0344],[85.5593,25.0337],[85.5582,25.0294],[85.5557,25.0252],[85.554,25.0201],[85.5553,25.015],[85.562,25.0077],[85.5671,25.0044],[85.5718,25.0041],[85.5719,25.0025],[85.5706,24.9944],[85.5663,24.9936],[85.5667,24.9878],[85.5662,24.9867],[85.5637,24.9873],[85.562,24.9895],[85.5552,24.9898],[85.5552,24.9953],[85.5541,24.9962],[85.5426,24.9945],[85.5416,24.998],[85.5403,24.9989],[85.5408,25.0024],[85.5392,25.0136],[85.537,25.0134],[85.5339,25.0079],[85.5284,25.0064],[85.4996,25.006],[85.4934,25.0043],[85.4897,25.002],[85.4623,24.9875],[85.4317,24.9766],[85.4218,24.9751],[85.4102,24.9749],[85.4075,24.9736],[85.4026,24.9693],[85.3965,24.966],[85.3857,24.9772],[85.3815,24.9758],[85.3818,24.9779],[85.3839,24.9817],[85.3901,24.9908],[85.3895,24.9918],[85.3747,24.9897],[85.3689,24.9893],[85.3655,24.9899],[85.3636,25.0014],[85.3626,25.0028],[85.3619,25.0062],[85.3657,25.0124],[85.3655,25.0166],[85.3632,25.0188],[85.3599,25.0198],[85.3565,25.0197],[85.352,25.0185],[85.3511,25.0176],[85.3501,25.0122],[85.3426,25.0105],[85.3419,25.0069],[85.3351,25.0089],[85.3319,25.0087],[85.3293,25.0104],[85.3303,25.015],[85.3299,25.0176],[85.3264,25.0244],[85.324,25.0254],[85.3094,25.028],[85.3039,25.0268],[85.2872,25.0301],[85.2829,25.0306],[85.28,25.0261],[85.2764,25.0268],[85.2724,25.0254],[85.2714,25.0312],[85.2697,25.0339],[85.267,25.0345],[85.2634,25.0328],[85.2639,25.023],[85.2631,25.0149],[85.2621,25.0117],[85.2601,25.01],[85.2558,25.0085],[85.251,25.0087],[85.2498,25.0125],[85.245,25.016],[85.2424,25.0199],[85.2447,25.0245],[85.2452,25.0309],[85.2404,25.0457],[85.2356,25.055],[85.2294,25.0566],[85.2232,25.0549],[85.2233,25.0462],[85.2217,25.0434],[85.2186,25.0421],[85.2144,25.0367],[85.2109,25.0345],[85.2023,25.0337],[85.2032,25.0462],[85.2033,25.0476],[85.2048,25.0532],[85.2092,25.0554],[85.2119,25.0589],[85.2153,25.0603],[85.2167,25.0638],[85.2163,25.0735],[85.2114,25.0778],[85.2038,25.0915],[85.2052,25.0948],[85.2093,25.0995],[85.2059,25.1011],[85.202,25.101],[85.1983,25.1073],[85.1938,25.1055],[85.1896,25.1052],[85.1854,25.102],[85.175,25.1012],[85.1686,25.102],[85.1707,25.1117],[85.1747,25.1192],[85.1732,25.1249],[85.1734,25.129],[85.1739,25.137],[85.1758,25.1427],[85.1791,25.1453],[85.1846,25.1469],[85.1879,25.1475],[85.1936,25.1472],[85.1938,25.1508],[85.1907,25.1598],[85.1882,25.1614],[85.1809,25.1638],[85.1818,25.1707],[85.1778,25.1716],[85.1728,25.1666],[85.1703,25.1652],[85.169,25.1652],[85.1687,25.1698],[85.1713,25.1807],[85.1665,25.1901],[85.1653,25.1944],[85.1668,25.1961],[85.1721,25.1957],[85.173,25.1974],[85.1739,25.2061],[85.1761,25.2086],[85.1803,25.2099],[85.1814,25.2116],[85.1825,25.2187],[85.1818,25.2231],[85.1779,25.2255],[85.1664,25.2295],[85.1657,25.236],[85.172,25.238],[85.1738,25.2458],[85.1769,25.2473],[85.1902,25.2492],[85.1948,25.2531],[85.1962,25.2561],[85.1985,25.2578],[85.2144,25.2554],[85.218,25.2565],[85.2196,25.2622],[85.2118,25.2648],[85.2067,25.265],[85.2023,25.2641],[85.1968,25.2645],[85.1935,25.2687],[85.183,25.2696],[85.1774,25.272],[85.1775,25.2774],[85.1829,25.286],[85.1877,25.2914],[85.1889,25.294],[85.1883,25.2985],[85.1856,25.3036],[85.1814,25.3089],[85.182,25.316],[85.1832,25.3185],[85.1892,25.3249],[85.1904,25.3327],[85.1938,25.3389],[85.1931,25.3463],[85.1947,25.349],[85.1945,25.3524],[85.1925,25.3576],[85.1927,25.3717],[85.1936,25.378],[85.1928,25.3816],[85.1852,25.3856],[85.1829,25.3882],[85.1836,25.3919],[85.1868,25.3956],[85.1886,25.4022],[85.1965,25.4033],[85.1981,25.4042],[85.1997,25.4074],[85.2016,25.4081],[85.2077,25.4083],[85.2107,25.4142],[85.2126,25.4157],[85.2179,25.4157],[85.2231,25.4143],[85.2289,25.4144],[85.2334,25.4114],[85.2358,25.4043],[85.2396,25.4034],[85.2462,25.4077],[85.2514,25.4145],[85.2574,25.4124],[85.2587,25.4056],[85.2582,25.4015],[85.2604,25.398],[85.2651,25.401],[85.2701,25.4016],[85.2739,25.4012],[85.2776,25.3983],[85.2798,25.3976],[85.2798,25.401],[85.2821,25.4044],[85.2866,25.4004],[85.287,25.3973],[85.292,25.3965],[85.2961,25.3945],[85.2974,25.3913],[85.3076,25.3955],[85.3092,25.3975],[85.3076,25.4024],[85.31,25.4066],[85.3138,25.406],[85.3155,25.4036],[85.3196,25.4047],[85.3276,25.4048],[85.3307,25.4045],[85.3339,25.4024],[85.3401,25.4039],[85.3443,25.4066],[85.3485,25.4122],[85.3519,25.4109],[85.3527,25.4078],[85.3521,25.4045],[85.3616,25.4028],[85.3639,25.4002],[85.3654,25.4054],[85.3701,25.4138],[85.3708,25.4197],[85.3737,25.4236],[85.3754,25.4275],[85.3789,25.4304],[85.3848,25.4263],[85.3866,25.4306],[85.3908,25.4302],[85.3981,25.4332],[85.4027,25.4338],[85.4036,25.4362],[85.4037,25.4531],[85.4063,25.461],[85.4202,25.4601],[85.4296,25.4551],[85.4389,25.4465],[85.444,25.447],[85.4501,25.4446],[85.4567,25.4459],[85.466,25.445],[85.4723,25.441],[85.4775,25.4407],[85.4835,25.4425],[85.4859,25.4453],[85.4912,25.4476],[85.4936,25.4448],[85.4984,25.4286],[85.5033,25.428],[85.5115,25.4302],[85.5175,25.4265],[85.5217,25.4263],[85.5255,25.4275],[85.5278,25.4303],[85.5317,25.4282],[85.5346,25.428],[85.5349,25.4219],[85.5432,25.4249],[85.547,25.4216],[85.551,25.4209],[85.5577,25.4253],[85.5606,25.4249],[85.5595,25.4177],[85.5628,25.4182],[85.5664,25.4226],[85.5691,25.4242],[85.5786,25.4246],[85.5804,25.4177],[85.5814,25.4061],[85.5811,25.4035],[85.5773,25.3999],[85.5834,25.3962],[85.5909,25.3849],[85.595,25.3822],[85.5976,25.3819],[85.5983,25.3853],[85.5972,25.3887],[85.5998,25.3914],[85.6025,25.3908],[85.6082,25.3846],[85.6159,25.384],[85.6285,25.3811],[85.6286,25.3726],[85.631,25.369],[85.6364,25.3677],[85.6395,25.3645],[85.6359,25.3552],[85.6353,25.3515],[85.6361,25.348],[85.6379,25.3483],[85.6382,25.352],[85.6435,25.352],[85.6507,25.34],[85.6421,25.334],[85.6321,25.334],[85.6306,25.3246],[85.6343,25.3222],[85.6399,25.3221],[85.6442,25.3229],[85.6438,25.3159],[85.6519,25.3144],[85.6538,25.3125],[85.6582,25.3141],[85.6607,25.3166],[85.6615,25.3221],[85.6615,25.3289],[85.6592,25.3326],[85.6605,25.3365],[85.6637,25.3369],[85.667,25.3385],[85.6698,25.3403],[85.6712,25.3438],[85.6741,25.3451],[85.6807,25.3449],[85.6889,25.3462],[85.6919,25.3547],[85.7021,25.3525],[85.7047,25.353],[85.7069,25.3623],[85.7154,25.3557],[85.7152,25.3602],[85.7164,25.3647],[85.7215,25.3644],[85.7257,25.3562],[85.7231,25.3513],[85.7259,25.3472],[85.7311,25.3475],[85.7333,25.3418],[85.7342,25.3355],[85.7418,25.3341],[85.7435,25.3284],[85.7453,25.3247],[85.7479,25.3218],[85.7547,25.3175],[85.7591,25.3167],[85.761,25.3169],[85.7631,25.3194],[85.7689,25.3158],[85.7771,25.3183],[85.7829,25.3151],[85.7826,25.3116],[85.7862,25.3092],[85.7885,25.3122],[85.7963,25.3095],[85.8012,25.3111],[85.8069,25.3089],[85.8109,25.2917],[85.8189,25.2902],[85.837,25.2913],[85.8453,25.2948],[85.8568,25.2952],[85.8635,25.2971],[85.8657,25.2831],[85.8748,25.2824],[85.8809,25.28],[85.8884,25.2843],[85.8892,25.2894],[85.8928,25.2951],[85.8951,25.2974],[85.8997,25.2935],[85.9055,25.2936]]]},"properties":{"district_name":"Nalanda","raw_district_name":"Nalanda","state_code":"BR","state_name":"Bihar","census_code":229,"data_source":"DataMeet India Maps (Census 2011 Boundaries)"}},{"type":"Feature","geometry":{"type":"Polygon","coordinates":[[[85.8381,24.9829],[85.8418,24.9782],[85.8486,24.9694],[85.8539,24.9642],[85.856,24.9603],[85.8568,24.9534],[85.8614,24.9523],[85.8641,24.946],[85.8629,24.9408],[85.8553,24.938],[85.853,24.9389],[85.8509,24.9447],[85.8479,24.9459],[85.8311,24.9473],[85.8318,24.9322],[85.8303,24.928],[85.8301,24.9245],[85.8274,24.9237],[85.8272,24.92],[85.8282,24.9178],[85.8391,24.9171],[85.8475,24.9176],[85.8484,24.9239],[85.8493,24.9251],[85.8524,24.9256],[85.8596,24.9199],[85.863,24.9184],[85.8664,24.9182],[85.8684,24.9302],[85.8697,24.9336],[85.8747,24.9342],[85.8757,24.9317],[85.8843,24.9291],[85.8809,24.9068],[85.8842,24.9055],[85.8867,24.9029],[85.8892,24.8982],[85.8919,24.8899],[85.8922,24.8832],[85.8941,24.8748],[85.8981,24.8684],[85.901,24.868],[85.9073,24.8653],[85.9199,24.8618],[85.9409,24.8569],[85.9498,24.8567],[85.955,24.8573],[85.9567,24.8594],[85.9574,24.8691],[85.9631,24.8683],[85.9733,24.8649],[85.9784,24.8641],[85.9787,24.8601],[85.9802,24.8575],[85.9892,24.8494],[86.0045,24.8444],[86.0115,24.8366],[86.0175,24.8263],[86.0314,24.8214],[86.0412,24.8079],[86.0563,24.7945],[86.0573,24.7799],[86.0546,24.7786],[86.0498,24.7777],[86.0457,24.777],[86.0412,24.7765],[86.0386,24.7731],[86.0345,24.7706],[86.0295,24.7697],[86.0264,24.7681],[86.0208,24.7693],[86.0163,24.7683],[86.0129,24.766],[86.0068,24.7517],[85.984,24.748],[85.9827,24.7463],[85.9795,24.7366],[85.9769,24.7339],[85.9729,24.7326],[85.9674,24.7321],[85.9571,24.7325],[85.9495,24.7348],[85.9345,24.7408],[85.9278,24.7449],[85.9173,24.754],[85.9114,24.7616],[85.9085,24.7701],[85.8941,24.7858],[85.8966,24.7919],[85.8847,24.8005],[85.8709,24.8057],[85.8607,24.8079],[85.8489,24.8083],[85.8341,24.8098],[85.8295,24.8091],[85.825,24.8072],[85.8195,24.7996],[85.8176,24.7947],[85.7927,24.7989],[85.7862,24.8007],[85.7842,24.7991],[85.7764,24.803],[85.7756,24.8042],[85.7758,24.809],[85.7724,24.8127],[85.7677,24.8152],[85.7652,24.8152],[85.7543,24.8201],[85.7437,24.8228],[85.742,24.8215],[85.7395,24.8166],[85.7368,24.8086],[85.7353,24.8008],[85.73,24.7991],[85.728,24.7871],[85.7193,24.7835],[85.7168,24.7811],[85.7162,24.7758],[85.7117,24.769],[85.7104,24.7637],[85.7105,24.7576],[85.7125,24.7518],[85.7151,24.7479],[85.7123,24.7403],[85.7117,24.7289],[85.7104,24.7256],[85.7057,24.7213],[85.7033,24.7175],[85.7036,24.7137],[85.694,24.7011],[85.6866,24.694],[85.6565,24.6873],[85.6552,24.6821],[85.6574,24.6795],[85.6669,24.675],[85.6667,24.6706],[85.6677,24.6678],[85.6703,24.665],[85.6707,24.6612],[85.6676,24.6509],[85.6681,24.6469],[85.6706,24.6448],[85.6712,24.6413],[85.6726,24.6366],[85.6759,24.6308],[85.679,24.6197],[85.6775,24.5998],[85.6793,24.5985],[85.6804,24.596],[85.6801,24.5933],[85.6772,24.5884],[85.6716,24.5823],[85.6512,24.5786],[85.6397,24.5809],[85.6289,24.5842],[85.6224,24.5833],[85.6155,24.5853],[85.6148,24.5911],[85.6052,24.5979],[85.5981,24.5973],[85.5889,24.6004],[85.5835,24.6033],[85.5768,24.6005],[85.5722,24.5969],[85.5698,24.5916],[85.5683,24.584],[85.5692,24.5813],[85.5741,24.5785],[85.5727,24.572],[85.5752,24.5655],[85.5714,24.5622],[85.5635,24.561],[85.5632,24.5571],[85.5616,24.5564],[85.5593,24.5597],[85.5508,24.5648],[85.546,24.5662],[85.5438,24.5655],[85.5434,24.5641],[85.5452,24.5617],[85.5468,24.5564],[85.5473,24.5506],[85.5434,24.5363],[85.5411,24.5325],[85.5253,24.5249],[85.5218,24.5282],[85.5113,24.53],[85.5094,24.5317],[85.5102,24.536],[85.5095,24.5432],[85.5069,24.5442],[85.5045,24.5472],[85.5045,24.5488],[85.5014,24.5509],[85.4964,24.5494],[85.4935,24.551],[85.4879,24.5484],[85.4791,24.5481],[85.4636,24.5395],[85.4536,24.5402],[85.4493,24.5397],[85.4403,24.5363],[85.4345,24.5376],[85.4181,24.5453],[85.4136,24.5459],[85.4101,24.5452],[85.4022,24.5415],[85.3956,24.5373],[85.3904,24.5354],[85.3934,24.5385],[85.3975,24.5424],[85.396,24.5448],[85.3777,24.5535],[85.3721,24.5555],[85.3668,24.5563],[85.3534,24.5524],[85.3505,24.5522],[85.3394,24.5548],[85.3184,24.5622],[85.3173,24.5654],[85.3179,24.5688],[85.3261,24.5707],[85.3305,24.5774],[85.33,24.581],[85.3292,24.5832],[85.3255,24.5869],[85.3206,24.5858],[85.3169,24.5867],[85.3156,24.5888],[85.3156,24.5932],[85.3184,24.6037],[85.3109,24.6047],[85.3131,24.6145],[85.3135,24.6201],[85.3038,24.6334],[85.3063,24.647],[85.3216,24.6357],[85.3242,24.6401],[85.3247,24.6451],[85.3262,24.6485],[85.3259,24.6501],[85.3146,24.6491],[85.3094,24.6502],[85.3075,24.6523],[85.3095,24.6592],[85.3006,24.6623],[85.296,24.6723],[85.2977,24.6741],[85.3001,24.6736],[85.3036,24.6758],[85.3074,24.6765],[85.3114,24.6721],[85.3145,24.6723],[85.3269,24.6684],[85.3275,24.6694],[85.3262,24.6735],[85.326,24.68],[85.3245,24.6877],[85.3251,24.6926],[85.3277,24.6959],[85.3313,24.6975],[85.3327,24.7015],[85.3327,24.7124],[85.3265,24.721],[85.3254,24.7296],[85.3243,24.7311],[85.3215,24.7312],[85.3102,24.7288],[85.3067,24.7286],[85.3059,24.7309],[85.3066,24.7421],[85.3043,24.7433],[85.2975,24.7449],[85.2983,24.748],[85.2975,24.7496],[85.2873,24.749],[85.276,24.7466],[85.2711,24.7483],[85.2702,24.7504],[85.2756,24.7589],[85.2771,24.775],[85.2788,24.782],[85.2806,24.785],[85.2841,24.7869],[85.2918,24.7836],[85.298,24.7904],[85.3061,24.8017],[85.3088,24.8081],[85.3097,24.8133],[85.3074,24.8194],[85.3075,24.8219],[85.318,24.8372],[85.3214,24.8397],[85.3265,24.8416],[85.3276,24.8432],[85.3266,24.853],[85.3273,24.8554],[85.3307,24.858],[85.3425,24.8622],[85.3448,24.8668],[85.3364,24.8781],[85.3362,24.8798],[85.3378,24.8827],[85.3432,24.8863],[85.3463,24.8873],[85.352,24.8835],[85.3555,24.8843],[85.3686,24.8827],[85.3682,24.8882],[85.3696,24.8907],[85.3722,24.8934],[85.3774,24.8949],[85.3805,24.8977],[85.3832,24.8983],[85.3839,24.9008],[85.3824,24.9016],[85.3843,24.9143],[85.3813,24.9175],[85.3802,24.9201],[85.3808,24.9274],[85.3816,24.9292],[85.3889,24.9314],[85.3892,24.9411],[85.3827,24.9442],[85.3819,24.9475],[85.3938,24.9599],[85.3965,24.966],[85.4026,24.9693],[85.4075,24.9736],[85.4102,24.9749],[85.4218,24.9751],[85.4317,24.9766],[85.4623,24.9875],[85.4897,25.002],[85.4934,25.0043],[85.4996,25.006],[85.5284,25.0064],[85.5339,25.0079],[85.537,25.0134],[85.5392,25.0136],[85.5408,25.0024],[85.5403,24.9989],[85.5416,24.998],[85.5426,24.9945],[85.5541,24.9962],[85.5552,24.9953],[85.5552,24.9898],[85.562,24.9895],[85.5637,24.9873],[85.5662,24.9867],[85.5667,24.9878],[85.5663,24.9936],[85.5706,24.9944],[85.5719,25.0025],[85.5718,25.0041],[85.5671,25.0044],[85.562,25.0077],[85.5553,25.015],[85.554,25.0201],[85.5557,25.0252],[85.5582,25.0294],[85.5593,25.0337],[85.5636,25.0344],[85.5663,25.0363],[85.5691,25.0313],[85.5711,25.0297],[85.5854,25.0308],[85.5904,25.0331],[85.5945,25.0336],[85.6002,25.0301],[85.6079,25.0331],[85.6089,25.0373],[85.6129,25.0415],[85.6199,25.0443],[85.6258,25.0506],[85.6331,25.0564],[85.637,25.0587],[85.6388,25.0615],[85.6395,25.0669],[85.6423,25.0699],[85.6446,25.0691],[85.6487,25.0645],[85.6512,25.063],[85.6539,25.0624],[85.6577,25.0626],[85.6613,25.0663],[85.6506,25.085],[85.6409,25.0991],[85.6512,25.1045],[85.6577,25.1052],[85.6627,25.1071],[85.6669,25.1067],[85.6707,25.1053],[85.6741,25.1055],[85.6816,25.1114],[85.6862,25.1129],[85.6974,25.1077],[85.699,25.1037],[85.6983,25.1],[85.7008,25.0965],[85.7036,25.099],[85.708,25.1005],[85.7115,25.0992],[85.715,25.0988],[85.7245,25.0929],[85.7288,25.0961],[85.7352,25.0972],[85.7414,25.0973],[85.7468,25.0988],[85.7525,25.1065],[85.755,25.1088],[85.7589,25.1075],[85.7596,25.1022],[85.7671,25.1002],[85.7731,25.0972],[85.7771,25.0934],[85.7741,25.0883],[85.7768,25.0822],[85.7707,25.081],[85.7707,25.0771],[85.774,25.0674],[85.77,25.0595],[85.77,25.0499],[85.7712,25.0448],[85.7673,25.0371],[85.769,25.0318],[85.7675,25.0285],[85.769,25.0264],[85.7733,25.0255],[85.7741,25.0231],[85.7728,25.02],[85.7701,25.0185],[85.763,25.018],[85.748,25.0183],[85.7468,25.0085],[85.753,25.0036],[85.753,25.0024],[85.7546,24.9943],[85.7584,24.992],[85.7652,24.9909],[85.768,24.9928],[85.7724,24.9928],[85.7693,25.0025],[85.77,25.0049],[85.7731,25.0077],[85.777,25.0077],[85.7842,25.0061],[85.7833,25.0025],[85.7879,24.9906],[85.7923,24.9888],[85.7966,24.9825],[85.7951,24.98],[85.801,24.9773],[85.8068,24.9732],[85.8103,24.9769],[85.8168,24.9871],[85.8214,24.99],[85.836,24.9942],[85.8387,24.9898],[85.8383,24.9876],[85.8401,24.9871],[85.8376,24.9855],[85.838,24.9831],[85.8381,24.9829]]]},"properties":{"district_name":"Nawada","raw_district_name":"Nawada","state_code":"BR","state_name":"Bihar","census_code":237,"data_source":"DataMeet India Maps (Census 2011 Boundaries)"}},{"type":"Feature","geometry":{"type":"Polygon","coordinates":[[[84.7632,27.0002],[84.7489,26.9816],[84.7493,26.9751],[84.7523,26.9699],[84.7504,26.9621],[84.7441,26.9611],[84.7429,26.9563],[84.7381,26.9528],[84.7302,26.9542],[84.7231,26.9526],[84.7181,26.9504],[84.7165,26.9433],[84.712,26.9457],[84.7081,26.9387],[84.7019,26.9408],[84.6993,26.937],[84.7013,26.9235],[84.6982,26.9161],[84.6918,26.9124],[84.6877,26.9203],[84.6812,26.9144],[84.6831,26.9083],[84.6847,26.8907],[84.6889,26.8891],[84.6904,26.8791],[84.697,26.877],[84.7191,26.8569],[84.7169,26.851],[84.7206,26.8446],[84.7309,26.8445],[84.7357,26.842],[84.7361,26.8344],[84.729,26.8327],[84.7228,26.8264],[84.7274,26.8232],[84.7349,26.8235],[84.7457,26.8172],[84.7455,26.8103],[84.7365,26.7954],[84.7317,26.7997],[84.7281,26.7958],[84.723,26.7875],[84.721,26.7808],[84.722,26.7627],[84.7207,26.7564],[84.7252,26.7527],[84.7244,26.7426],[84.7083,26.7365],[84.7047,26.7319],[84.7054,26.7253],[84.7038,26.7161],[84.6964,26.7187],[84.6961,26.7151],[84.6824,26.7003],[84.6727,26.6997],[84.6638,26.6871],[84.6567,26.6796],[84.6487,26.679],[84.64,26.6815],[84.641,26.6914],[84.6288,26.6928],[84.6179,26.6922],[84.6117,26.6882],[84.6049,26.6931],[84.5995,26.6871],[84.6028,26.6814],[84.6012,26.6761],[84.5935,26.6729],[84.5923,26.6686],[84.5737,26.6674],[84.5694,26.6636],[84.5618,26.6592],[84.551,26.656],[84.5231,26.6256],[84.5233,26.617],[84.528,26.6086],[84.5274,26.601],[84.5115,26.5984],[84.5052,26.6016],[84.4926,26.6025],[84.4899,26.6053],[84.4868,26.6105],[84.4688,26.621],[84.4633,26.621],[84.4585,26.6253],[84.4595,26.6311],[84.4252,26.5986],[84.4219,26.5933],[84.419,26.5855],[84.4158,26.5829],[84.41,26.5883],[84.4123,26.593],[84.4187,26.6028],[84.4249,26.6067],[84.4269,26.6116],[84.4301,26.6103],[84.4336,26.6144],[84.4292,26.6188],[84.4299,26.6239],[84.429,26.6353],[84.4166,26.6356],[84.414,26.6403],[84.4115,26.6688],[84.376,26.6763],[84.3641,26.6764],[84.3594,26.6789],[84.3541,26.6779],[84.3464,26.6789],[84.3349,26.6817],[84.3326,26.686],[84.3278,26.7137],[84.3204,26.731],[84.315,26.7351],[84.316,26.737],[84.3074,26.7507],[84.2961,26.7488],[84.288,26.7486],[84.2807,26.7419],[84.2762,26.7395],[84.2687,26.7382],[84.2647,26.7363],[84.2638,26.7316],[84.2617,26.7289],[84.2567,26.7267],[84.2516,26.7282],[84.2434,26.7369],[84.2426,26.7425],[84.234,26.7544],[84.2449,26.7643],[84.2505,26.7728],[84.2579,26.79],[84.2588,26.7996],[84.2617,26.806],[84.2562,26.8119],[84.258,26.8182],[84.2523,26.8191],[84.2559,26.8249],[84.2605,26.828],[84.2599,26.8351],[84.2616,26.8422],[84.2551,26.856],[84.2506,26.8597],[84.2449,26.8616],[84.2381,26.8671],[84.2315,26.8674],[84.2306,26.8695],[84.2187,26.8682],[84.2061,26.8584],[84.1991,26.8571],[84.1948,26.8573],[84.1903,26.8546],[84.186,26.8506],[84.1865,26.8466],[84.1848,26.8432],[84.1869,26.8399],[84.1842,26.833],[84.1784,26.8318],[84.1668,26.8336],[84.16,26.8367],[84.1412,26.8529],[84.1414,26.8678],[84.1488,26.8712],[84.1471,26.8735],[84.1482,26.8803],[84.1503,26.8811],[84.1504,26.8848],[84.1398,26.8825],[84.1326,26.8862],[84.1316,26.8898],[84.1212,26.8891],[84.119,26.8916],[84.116,26.8923],[84.1102,26.898],[84.1088,26.8924],[84.1106,26.891],[84.1094,26.8851],[84.1064,26.8835],[84.1022,26.875],[84.0996,26.8743],[84.0961,26.8761],[84.0975,26.8795],[84.0951,26.8824],[84.0858,26.8759],[84.0811,26.879],[84.0697,26.8836],[84.0686,26.8879],[84.0616,26.8888],[84.0586,26.8971],[84.0604,26.8988],[84.057,26.9033],[84.0547,26.9018],[84.052,26.9062],[84.0537,26.9069],[84.0589,26.9117],[84.0573,26.9289],[84.0548,26.9275],[84.0481,26.928],[84.0462,26.9301],[84.0483,26.9354],[84.046,26.9382],[84.0395,26.9366],[84.0384,26.9383],[84.0346,26.9398],[84.036,26.946],[84.0413,26.9464],[84.0448,26.9458],[84.0488,26.9514],[84.0483,26.9548],[84.0505,26.9545],[84.0538,26.9579],[84.0563,26.959],[84.0557,26.9652],[84.0509,26.9651],[84.0532,26.9775],[84.0522,26.9786],[84.0461,26.9811],[84.0487,26.9851],[84.0557,26.9842],[84.0592,26.9879],[84.054,26.9947],[84.0549,26.9968],[84.0524,27.0002],[84.0496,27.0029],[84.0402,27.0089],[84.0455,27.0163],[84.0457,27.026],[84.0501,27.0323],[84.0506,27.0417],[84.0454,27.0435],[84.041,27.0435],[84.034,27.0417],[84.022,27.0508],[84.0047,27.0582],[84.0006,27.0656],[84.0009,27.0683],[84.0154,27.0689],[84.0218,27.0783],[84.0267,27.0807],[84.0281,27.0842],[84.0259,27.0887],[84.0288,27.0904],[84.0305,27.0925],[84.024,27.097],[84.0215,27.1018],[84.0151,27.101],[84.0123,27.0972],[84.0073,27.0954],[84.0025,27.0971],[84,27.0958],[83.991,27.0908],[83.9877,27.0896],[83.981,27.0889],[83.9648,27.083],[83.9576,27.0831],[83.9539,27.0842],[83.9507,27.0865],[83.9493,27.0899],[83.9502,27.0992],[83.9484,27.1042],[83.9483,27.1079],[83.9494,27.1136],[83.9513,27.1167],[83.9575,27.1205],[83.9607,27.1232],[83.9624,27.1259],[83.9635,27.1288],[83.9607,27.136],[83.9608,27.1378],[83.9686,27.1456],[83.9765,27.1577],[83.9782,27.1625],[83.9896,27.1703],[83.9941,27.1756],[83.995,27.1787],[83.9887,27.1973],[83.9866,27.2003],[83.9745,27.2079],[83.9717,27.2106],[83.9703,27.2135],[83.9733,27.2179],[83.9741,27.22],[83.9738,27.2221],[83.9715,27.2248],[83.965,27.2279],[83.9658,27.2304],[83.9645,27.2319],[83.9581,27.2352],[83.9353,27.2393],[83.9218,27.2433],[83.9177,27.2448],[83.9119,27.2489],[83.908,27.2562],[83.9055,27.2649],[83.9062,27.2738],[83.9081,27.2758],[83.9141,27.2779],[83.9206,27.2824],[83.9289,27.2894],[83.9319,27.2932],[83.9357,27.301],[83.9354,27.3063],[83.9337,27.3132],[83.9268,27.3221],[83.9181,27.3271],[83.9077,27.3269],[83.9037,27.3258],[83.898,27.3232],[83.8825,27.3129],[83.8692,27.3084],[83.8648,27.3079],[83.8606,27.3088],[83.8581,27.3107],[83.8575,27.3136],[83.8554,27.3164],[83.8527,27.318],[83.8464,27.3162],[83.8407,27.318],[83.8391,27.3195],[83.8386,27.3214],[83.8385,27.3226],[83.8395,27.3242],[83.8595,27.3323],[83.8651,27.337],[83.8664,27.3444],[83.8666,27.3449],[83.8693,27.3485],[83.8717,27.3527],[83.8748,27.3566],[83.8788,27.36],[83.8806,27.3619],[83.882,27.3647],[83.8845,27.3677],[83.8859,27.3709],[83.8863,27.376],[83.8847,27.3794],[83.8822,27.383],[83.8792,27.386],[83.8744,27.3887],[83.8694,27.3908],[83.8653,27.3932],[83.8626,27.3961],[83.861,27.4001],[83.8573,27.4061],[83.8543,27.4091],[83.8499,27.4118],[83.8447,27.4153],[83.8407,27.4185],[83.8371,27.4219],[83.8349,27.4281],[83.8378,27.4326],[83.8414,27.4371],[83.8453,27.4417],[83.8509,27.446],[83.8565,27.4451],[83.8606,27.4426],[83.8649,27.4396],[83.8694,27.4369],[83.8743,27.4349],[83.8811,27.4349],[83.887,27.4367],[83.8923,27.4385],[83.8974,27.4391],[83.9042,27.4397],[83.9098,27.4393],[83.9154,27.4399],[83.9204,27.4418],[83.9262,27.4452],[83.932,27.4478],[83.936,27.4488],[83.9414,27.4468],[83.9441,27.4458],[83.9471,27.4444],[83.9503,27.4411],[83.9528,27.4412],[83.9556,27.4416],[83.9588,27.4409],[83.9623,27.4413],[83.9642,27.4433],[83.9669,27.4445],[83.9706,27.4454],[83.9704,27.4443],[83.9726,27.4432],[83.9763,27.4419],[83.9788,27.4409],[83.982,27.4389],[83.9838,27.4375],[83.9872,27.4407],[83.9897,27.4429],[83.9924,27.444],[84.0001,27.4447],[84.001,27.4448],[84.0041,27.4434],[84.0081,27.4413],[84.0116,27.4395],[84.0163,27.4382],[84.0196,27.437],[84.0257,27.4353],[84.0299,27.4362],[84.0322,27.4381],[84.0348,27.4401],[84.0377,27.4427],[84.0407,27.4443],[84.0435,27.4452],[84.0465,27.4449],[84.0499,27.4442],[84.0535,27.4432],[84.0544,27.4446],[84.0543,27.4474],[84.0543,27.4499],[84.0564,27.4514],[84.0608,27.4526],[84.0632,27.4535],[84.0636,27.4551],[84.0652,27.4582],[84.065,27.4613],[84.0649,27.4642],[84.0664,27.4676],[84.0685,27.4705],[84.07,27.4737],[84.0706,27.4771],[84.0702,27.4809],[84.0726,27.4821],[84.0747,27.4834],[84.0744,27.4858],[84.0759,27.4861],[84.0794,27.4855],[84.0833,27.4852],[84.0878,27.4862],[84.0908,27.4881],[84.0942,27.4908],[84.0978,27.4932],[84.0993,27.4948],[84.1016,27.4983],[84.1027,27.507],[84.1021,27.5102],[84.1019,27.5139],[84.1041,27.5166],[84.1064,27.5191],[84.1112,27.5213],[84.1172,27.5209],[84.1192,27.5189],[84.1203,27.5173],[84.1214,27.5149],[84.1237,27.5123],[84.1291,27.5108],[84.1342,27.5119],[84.1375,27.5142],[84.1416,27.5168],[84.1463,27.5183],[84.151,27.519],[84.1542,27.5186],[84.1562,27.5161],[84.1569,27.5122],[84.1565,27.5106],[84.1558,27.5088],[84.153,27.507],[84.151,27.5042],[84.1497,27.5013],[84.1489,27.4966],[84.1491,27.4938],[84.1512,27.4908],[84.1552,27.4866],[84.1593,27.4839],[84.1634,27.482],[84.1642,27.4834],[84.1691,27.4816],[84.1716,27.4775],[84.1761,27.4749],[84.1817,27.4735],[84.1868,27.4711],[84.1898,27.4701],[84.1953,27.47],[84.2011,27.4703],[84.2058,27.4685],[84.2111,27.4675],[84.2111,27.4638],[84.2108,27.4595],[84.2112,27.4556],[84.2119,27.4521],[84.2126,27.4493],[84.213,27.4483],[84.214,27.4461],[84.2158,27.4428],[84.2185,27.4396],[84.224,27.4391],[84.2255,27.4398],[84.2262,27.4457],[84.2271,27.4484],[84.2296,27.4496],[84.2341,27.4508],[84.2356,27.4512],[84.241,27.4518],[84.2439,27.4516],[84.2466,27.4514],[84.2505,27.4509],[84.2551,27.4497],[84.2574,27.4467],[84.2592,27.4443],[84.2597,27.4399],[84.2595,27.4366],[84.2602,27.4346],[84.2652,27.4326],[84.2672,27.4324],[84.272,27.429],[84.2745,27.4251],[84.2765,27.4188],[84.2774,27.4144],[84.2785,27.4091],[84.2789,27.4052],[84.279,27.4042],[84.2781,27.4014],[84.2774,27.3967],[84.2807,27.3944],[84.2846,27.3928],[84.2882,27.3894],[84.2918,27.3859],[84.2942,27.3846],[84.2966,27.3866],[84.2999,27.3898],[84.3037,27.3913],[84.3077,27.3901],[84.3105,27.3897],[84.316,27.3864],[84.3198,27.3825],[84.3253,27.381],[84.3293,27.3795],[84.3342,27.3775],[84.3405,27.3754],[84.3463,27.3752],[84.3552,27.3736],[84.3599,27.3745],[84.3644,27.3733],[84.3686,27.3727],[84.3725,27.3728],[84.3762,27.3741],[84.3783,27.3749],[84.3792,27.3752],[84.3829,27.3747],[84.3858,27.3733],[84.3897,27.3715],[84.3933,27.3692],[84.3984,27.3687],[84.4026,27.3693],[84.4056,27.3691],[84.4089,27.3689],[84.4114,27.3692],[84.4151,27.3698],[84.418,27.3705],[84.42,27.3712],[84.4244,27.3712],[84.4297,27.3703],[84.4355,27.3694],[84.4417,27.3686],[84.4459,27.3664],[84.4513,27.3635],[84.4548,27.363],[84.4562,27.3628],[84.4602,27.3629],[84.4644,27.3601],[84.4689,27.3569],[84.4723,27.3545],[84.4754,27.3543],[84.4777,27.3564],[84.48,27.3585],[84.4831,27.3595],[84.4875,27.3598],[84.4946,27.3577],[84.4971,27.3565],[84.5023,27.3568],[84.5073,27.356],[84.5124,27.3546],[84.5164,27.3535],[84.5208,27.3528],[84.5268,27.3518],[84.5328,27.3515],[84.5385,27.3511],[84.5463,27.3507],[84.5535,27.3493],[84.5603,27.3492],[84.5664,27.3493],[84.5691,27.3489],[84.5716,27.3478],[84.5782,27.3466],[84.5805,27.3454],[84.5868,27.3426],[84.5926,27.3414],[84.6014,27.3396],[84.6069,27.3383],[84.6106,27.3388],[84.6151,27.3396],[84.6189,27.3399],[84.6218,27.339],[84.6262,27.3365],[84.6327,27.3281],[84.6366,27.3214],[84.6387,27.3192],[84.6426,27.3137],[84.6454,27.308],[84.6488,27.3025],[84.6517,27.2977],[84.655,27.2927],[84.6591,27.2857],[84.6603,27.2812],[84.6623,27.2792],[84.6665,27.2733],[84.6692,27.2682],[84.6719,27.2631],[84.676,27.2565],[84.6792,27.2493],[84.6824,27.2424],[84.684,27.2399],[84.6869,27.2346],[84.6899,27.2282],[84.6914,27.2233],[84.6913,27.2203],[84.6904,27.2126],[84.6889,27.2072],[84.6856,27.2025],[84.6862,27.1963],[84.6855,27.1909],[84.6855,27.186],[84.6859,27.1814],[84.6846,27.1781],[84.6823,27.1761],[84.6792,27.1729],[84.6777,27.1712],[84.6791,27.1696],[84.68,27.1683],[84.6809,27.1645],[84.6809,27.1615],[84.6828,27.161],[84.6859,27.1614],[84.6881,27.1625],[84.689,27.1598],[84.6869,27.158],[84.6878,27.1549],[84.6866,27.152],[84.6858,27.1482],[84.6851,27.1438],[84.6858,27.1416],[84.6843,27.1382],[84.6834,27.1361],[84.6821,27.1344],[84.6812,27.1321],[84.6821,27.1297],[84.682,27.127],[84.6802,27.1252],[84.6785,27.1235],[84.6784,27.121],[84.6783,27.1164],[84.6807,27.1147],[84.6798,27.1132],[84.6761,27.1133],[84.6747,27.1124],[84.6746,27.11],[84.6764,27.1086],[84.6773,27.1071],[84.6785,27.1046],[84.6783,27.1026],[84.6764,27.0993],[84.6744,27.0973],[84.6739,27.0962],[84.672,27.093],[84.6712,27.0907],[84.6697,27.089],[84.6682,27.0877],[84.6658,27.0856],[84.6616,27.0843],[84.6586,27.0824],[84.6573,27.081],[84.6568,27.0803],[84.6555,27.0789],[84.6532,27.0762],[84.6505,27.0731],[84.6501,27.0701],[84.6483,27.0662],[84.65,27.063],[84.6507,27.0601],[84.6492,27.057],[84.6495,27.0532],[84.6469,27.0502],[84.6462,27.0467],[84.657,27.0431],[84.6599,27.0417],[84.6657,27.0401],[84.6679,27.0397],[84.672,27.0376],[84.6748,27.0361],[84.6793,27.0335],[84.685,27.032],[84.6904,27.0307],[84.6953,27.0302],[84.7016,27.0289],[84.7045,27.0274],[84.7083,27.0255],[84.7107,27.0233],[84.7134,27.0217],[84.7182,27.0212],[84.7222,27.0202],[84.7231,27.0169],[84.7261,27.0147],[84.7304,27.0146],[84.7343,27.0149],[84.7385,27.0129],[84.7428,27.0115],[84.7456,27.0102],[84.7511,27.0079],[84.7605,27.0017],[84.7632,27.0002]]]},"properties":{"district_name":"Pashchim Champaran","raw_district_name":"Pashchim Champaran","state_code":"BR","state_name":"Bihar","census_code":203,"data_source":"DataMeet India Maps (Census 2011 Boundaries)"}},{"type":"Feature","geometry":{"type":"MultiPolygon","coordinates":[[[[85.0308,25.7316],[85.0358,25.7301],[85.0433,25.7245],[85.0599,25.7171],[85.0699,25.7139],[85.0758,25.711],[85.0881,25.7112],[85.0911,25.7027],[85.1046,25.6788],[85.1106,25.6579],[85.1151,25.6524],[85.1173,25.6475],[85.1221,25.6429],[85.1275,25.6358],[85.1336,25.6304],[85.1416,25.6264],[85.1521,25.6251],[85.1624,25.6256],[85.1797,25.6252],[85.191,25.6246],[85.195,25.624],[85.2203,25.6136],[85.2332,25.6074],[85.2443,25.6013],[85.2516,25.5961],[85.2632,25.5807],[85.2762,25.5666],[85.3026,25.5245],[85.3069,25.5193],[85.3115,25.5155],[85.3192,25.5131],[85.3284,25.5119],[85.3434,25.5119],[85.3502,25.5101],[85.3821,25.5064],[85.3936,25.5058],[85.4001,25.5067],[85.4074,25.5047],[85.4209,25.5005],[85.4302,25.4965],[85.4377,25.5148],[85.4596,25.5017],[85.4662,25.5008],[85.4692,25.499],[85.4753,25.498],[85.4788,25.4963],[85.4966,25.4945],[85.5,25.4883],[85.5024,25.4853],[85.5061,25.4847],[85.5108,25.4943],[85.5123,25.4996],[85.5163,25.5037],[85.5208,25.5023],[85.5271,25.5058],[85.5332,25.5061],[85.5388,25.5055],[85.5395,25.5011],[85.5399,25.4888],[85.5463,25.4872],[85.5548,25.4892],[85.5714,25.4894],[85.5828,25.4904],[85.5918,25.4931],[85.6007,25.4927],[85.6123,25.488],[85.5924,25.4789],[85.6161,25.4714],[85.6158,25.4674],[85.6286,25.4645],[85.6394,25.4634],[85.6478,25.4645],[85.6497,25.4658],[85.6486,25.4798],[85.6417,25.502],[85.6563,25.503],[85.6566,25.4995],[85.654,25.4972],[85.6564,25.4935],[85.6599,25.493],[85.6784,25.497],[85.6807,25.4836],[85.6804,25.4789],[85.6826,25.4791],[85.701,25.4975],[85.7122,25.5057],[85.7145,25.5088],[85.7159,25.5164],[85.7196,25.5256],[85.7234,25.5256],[85.7301,25.5217],[85.7359,25.5267],[85.7467,25.5384],[85.7562,25.544],[85.7712,25.5463],[85.7787,25.5495],[85.805,25.5469],[85.8096,25.5447],[85.8173,25.5391],[85.8337,25.5294],[85.8356,25.5205],[85.8386,25.5184],[85.8629,25.5093],[85.8743,25.5069],[85.8861,25.5019],[85.8904,25.4862],[85.8946,25.4741],[85.9025,25.4681],[85.9044,25.4619],[85.8996,25.4608],[85.8979,25.4618],[85.8948,25.4608],[85.8885,25.4681],[85.8805,25.4757],[85.8762,25.4686],[85.876,25.4618],[85.8773,25.4547],[85.8727,25.4413],[85.8876,25.423],[85.8897,25.4228],[85.8893,25.4246],[85.8925,25.427],[85.8982,25.4231],[85.8997,25.4236],[85.9035,25.431],[85.9056,25.4327],[85.908,25.4315],[85.9115,25.4258],[85.9157,25.422],[85.92,25.4193],[85.9324,25.4142],[85.937,25.4116],[85.9494,25.4101],[85.9516,25.415],[85.9559,25.4152],[85.9558,25.4113],[85.9579,25.4083],[85.9672,25.4042],[85.9911,25.3894],[85.9993,25.3839],[86.0124,25.3733],[86.0161,25.3687],[86.0118,25.3667],[86.0191,25.3581],[86.0218,25.3583],[86.0239,25.3593],[86.0287,25.3591],[86.0351,25.3602],[86.0362,25.3659],[86.0359,25.3742],[86.0374,25.3749],[86.0379,25.3804],[86.0393,25.3882],[86.0519,25.3909],[86.0547,25.3749],[86.0583,25.3662],[86.0634,25.3563],[86.0673,25.3547],[86.0674,25.3364],[86.0667,25.3351],[86.0645,25.3341],[86.061,25.3334],[86.0563,25.3347],[86.0542,25.3406],[86.0504,25.3387],[86.0485,25.3368],[86.0404,25.333],[86.0423,25.3303],[86.0376,25.3169],[86.0372,25.3066],[86.0306,25.3036],[86.029,25.2986],[86.0292,25.2931],[86.0233,25.2929],[86.0173,25.2939],[86.0178,25.2984],[86.0148,25.2997],[86.0132,25.2977],[86.0121,25.2986],[86.0115,25.303],[85.9975,25.3099],[85.9907,25.313],[85.9608,25.3192],[85.9499,25.3232],[85.9431,25.3238],[85.9324,25.3232],[85.9308,25.3179],[85.9327,25.3126],[85.9301,25.3071],[85.9302,25.3025],[85.9242,25.3014],[85.9179,25.3013],[85.9125,25.2964],[85.9067,25.2983],[85.9055,25.2936],[85.8997,25.2935],[85.8951,25.2974],[85.8928,25.2951],[85.8892,25.2894],[85.8884,25.2843],[85.8809,25.28],[85.8748,25.2824],[85.8657,25.2831],[85.8635,25.2971],[85.8568,25.2952],[85.8453,25.2948],[85.837,25.2913],[85.8189,25.2902],[85.8109,25.2917],[85.8069,25.3089],[85.8012,25.3111],[85.7963,25.3095],[85.7885,25.3122],[85.7862,25.3092],[85.7826,25.3116],[85.7829,25.3151],[85.7771,25.3183],[85.7689,25.3158],[85.7631,25.3194],[85.761,25.3169],[85.7591,25.3167],[85.7547,25.3175],[85.7479,25.3218],[85.7453,25.3247],[85.7435,25.3284],[85.7418,25.3341],[85.7342,25.3355],[85.7333,25.3418],[85.7311,25.3475],[85.7259,25.3472],[85.7231,25.3513],[85.7257,25.3562],[85.7215,25.3644],[85.7164,25.3647],[85.7152,25.3602],[85.7154,25.3557],[85.7069,25.3623],[85.7047,25.353],[85.7021,25.3525],[85.6919,25.3547],[85.6889,25.3462],[85.6807,25.3449],[85.6741,25.3451],[85.6712,25.3438],[85.6698,25.3403],[85.667,25.3385],[85.6637,25.3369],[85.6605,25.3365],[85.6592,25.3326],[85.6615,25.3289],[85.6615,25.3221],[85.6607,25.3166],[85.6582,25.3141],[85.6538,25.3125],[85.6519,25.3144],[85.6438,25.3159],[85.6442,25.3229],[85.6399,25.3221],[85.6343,25.3222],[85.6306,25.3246],[85.6321,25.334],[85.6421,25.334],[85.6507,25.34],[85.6435,25.352],[85.6382,25.352],[85.6379,25.3483],[85.6361,25.348],[85.6353,25.3515],[85.6359,25.3552],[85.6395,25.3645],[85.6364,25.3677],[85.631,25.369],[85.6286,25.3726],[85.6285,25.3811],[85.6159,25.384],[85.6082,25.3846],[85.6025,25.3908],[85.5998,25.3914],[85.5972,25.3887],[85.5983,25.3853],[85.5976,25.3819],[85.595,25.3822],[85.5909,25.3849],[85.5834,25.3962],[85.5773,25.3999],[85.5811,25.4035],[85.5814,25.4061],[85.5804,25.4177],[85.5786,25.4246],[85.5691,25.4242],[85.5664,25.4226],[85.5628,25.4182],[85.5595,25.4177],[85.5606,25.4249],[85.5577,25.4253],[85.551,25.4209],[85.547,25.4216],[85.5432,25.4249],[85.5349,25.4219],[85.5346,25.428],[85.5317,25.4282],[85.5278,25.4303],[85.5255,25.4275],[85.5217,25.4263],[85.5175,25.4265],[85.5115,25.4302],[85.5033,25.428],[85.4984,25.4286],[85.4936,25.4448],[85.4912,25.4476],[85.4859,25.4453],[85.4835,25.4425],[85.4775,25.4407],[85.4723,25.441],[85.466,25.445],[85.4567,25.4459],[85.4501,25.4446],[85.444,25.447],[85.4389,25.4465],[85.4296,25.4551],[85.4202,25.4601],[85.4063,25.461],[85.4037,25.4531],[85.4036,25.4362],[85.4027,25.4338],[85.3981,25.4332],[85.3908,25.4302],[85.3866,25.4306],[85.3848,25.4263],[85.3789,25.4304],[85.3754,25.4275],[85.3737,25.4236],[85.3708,25.4197],[85.3701,25.4138],[85.3654,25.4054],[85.3639,25.4002],[85.3616,25.4028],[85.3521,25.4045],[85.3527,25.4078],[85.3519,25.4109],[85.3485,25.4122],[85.3443,25.4066],[85.3401,25.4039],[85.3339,25.4024],[85.3307,25.4045],[85.3276,25.4048],[85.3196,25.4047],[85.3155,25.4036],[85.3138,25.406],[85.31,25.4066],[85.3076,25.4024],[85.3092,25.3975],[85.3076,25.3955],[85.2974,25.3913],[85.2961,25.3945],[85.292,25.3965],[85.287,25.3973],[85.2866,25.4004],[85.2821,25.4044],[85.2798,25.401],[85.2798,25.3976],[85.2776,25.3983],[85.2739,25.4012],[85.2701,25.4016],[85.2651,25.401],[85.2604,25.398],[85.2582,25.4015],[85.2587,25.4056],[85.2574,25.4124],[85.2514,25.4145],[85.2462,25.4077],[85.2396,25.4034],[85.2358,25.4043],[85.2334,25.4114],[85.2289,25.4144],[85.2231,25.4143],[85.2179,25.4157],[85.2126,25.4157],[85.2107,25.4142],[85.2077,25.4083],[85.2016,25.4081],[85.1997,25.4074],[85.1981,25.4042],[85.1965,25.4033],[85.1886,25.4022],[85.1868,25.3956],[85.1836,25.3919],[85.1829,25.3882],[85.1852,25.3856],[85.1928,25.3816],[85.1936,25.378],[85.1927,25.3717],[85.1925,25.3576],[85.1945,25.3524],[85.1947,25.349],[85.1931,25.3463],[85.1938,25.3389],[85.1904,25.3327],[85.1892,25.3249],[85.1832,25.3185],[85.182,25.316],[85.1814,25.3089],[85.1749,25.3085],[85.1727,25.3077],[85.1711,25.3059],[85.1681,25.3052],[85.1595,25.311],[85.1511,25.3135],[85.137,25.3161],[85.1323,25.3159],[85.1328,25.3086],[85.1297,25.3013],[85.1248,25.2967],[85.1194,25.2964],[85.1183,25.2926],[85.1199,25.2842],[85.1258,25.2808],[85.1275,25.2789],[85.1269,25.2762],[85.1219,25.2725],[85.1192,25.2736],[85.1168,25.2726],[85.1135,25.2726],[85.113,25.2754],[85.1137,25.2794],[85.1023,25.2885],[85.0964,25.288],[85.0967,25.283],[85.0925,25.2834],[85.0862,25.2748],[85.0848,25.2762],[85.0852,25.279],[85.0836,25.2813],[85.0785,25.2829],[85.07,25.2893],[85.0659,25.2837],[85.0608,25.2844],[85.0577,25.2838],[85.0539,25.2815],[85.0508,25.2809],[85.0482,25.2786],[85.044,25.2775],[85.0425,25.2726],[85.0411,25.2717],[85.0334,25.2712],[85.0287,25.2666],[85.0253,25.2667],[85.0207,25.2728],[85.0268,25.2737],[85.0312,25.2855],[85.0267,25.292],[85.0195,25.2926],[85.0162,25.2941],[85.0164,25.3049],[85.0139,25.3068],[85.015,25.3176],[85.0124,25.3196],[85.0057,25.3206],[84.9974,25.3201],[84.9937,25.3206],[84.9864,25.309],[84.9807,25.3071],[84.9807,25.3019],[84.9792,25.2909],[84.9705,25.2957],[84.9656,25.2888],[84.9629,25.2871],[84.9569,25.2873],[84.9484,25.289],[84.944,25.286],[84.9389,25.2781],[84.9421,25.2732],[84.9376,25.2723],[84.9374,25.268],[84.9331,25.2682],[84.9313,25.2683],[84.927,25.271],[84.9229,25.2771],[84.9279,25.2854],[84.9285,25.2888],[84.925,25.2922],[84.9221,25.292],[84.9182,25.2904],[84.9065,25.2895],[84.9034,25.2838],[84.8973,25.2816],[84.8931,25.2766],[84.8888,25.2695],[84.8902,25.2651],[84.8929,25.2611],[84.8897,25.2545],[84.8818,25.2511],[84.8761,25.2509],[84.8745,25.2478],[84.8768,25.2437],[84.8693,25.2334],[84.8685,25.2307],[84.8688,25.2232],[84.8673,25.2161],[84.8645,25.2161],[84.8617,25.2218],[84.8594,25.2229],[84.8568,25.2279],[84.8468,25.2294],[84.8465,25.2323],[84.8374,25.2336],[84.8348,25.2278],[84.8272,25.2282],[84.8204,25.2227],[84.8117,25.2187],[84.81,25.2151],[84.8032,25.2165],[84.8017,25.2186],[84.7929,25.2213],[84.7838,25.2211],[84.7736,25.222],[84.7693,25.2205],[84.7661,25.2185],[84.7536,25.2179],[84.7518,25.2132],[84.7469,25.2122],[84.7455,25.2088],[84.7423,25.2089],[84.7379,25.2072],[84.733,25.2014],[84.7291,25.2016],[84.7248,25.2041],[84.726,25.2124],[84.7205,25.214],[84.7318,25.2221],[84.7363,25.2217],[84.743,25.2256],[84.748,25.2295],[84.7494,25.2355],[84.7555,25.237],[84.7616,25.2302],[84.7696,25.2296],[84.7725,25.2315],[84.7753,25.2359],[84.7862,25.2369],[84.7884,25.2426],[84.7889,25.2479],[84.7882,25.253],[84.7857,25.2555],[84.7806,25.2575],[84.7747,25.256],[84.771,25.2561],[84.7649,25.258],[84.762,25.2615],[84.7577,25.2615],[84.7521,25.2627],[84.7427,25.2678],[84.7362,25.2628],[84.7355,25.252],[84.7215,25.257],[84.7211,25.26],[84.716,25.2608],[84.7128,25.2607],[84.701,25.2581],[84.7017,25.2559],[84.7005,25.2541],[84.6948,25.2541],[84.6903,25.2557],[84.6863,25.2602],[84.6872,25.2655],[84.6898,25.271],[84.6953,25.2701],[84.7052,25.2723],[84.7068,25.281],[84.7088,25.2831],[84.7137,25.2826],[84.7175,25.284],[84.7234,25.2846],[84.7247,25.2885],[84.7249,25.2932],[84.7235,25.2948],[84.7171,25.2961],[84.7112,25.2995],[84.7051,25.3154],[84.7147,25.3204],[84.7256,25.3347],[84.7327,25.3538],[84.7335,25.3604],[84.7406,25.3747],[84.7455,25.3816],[84.7526,25.3957],[84.7534,25.405],[84.764,25.4158],[84.7782,25.447],[84.774,25.4569],[84.7635,25.4715],[84.756,25.4909],[84.7596,25.5103],[84.7653,25.5217],[84.7709,25.5372],[84.7958,25.5595],[84.799,25.5635],[84.8107,25.5677],[84.819,25.575],[84.8233,25.5875],[84.8159,25.5905],[84.8196,25.6068],[84.8289,25.6157],[84.8325,25.6206],[84.823,25.6189],[84.825,25.6293],[84.8234,25.6328],[84.8266,25.6365],[84.8296,25.6458],[84.8431,25.6557],[84.8349,25.6573],[84.8253,25.6648],[84.8254,25.6705],[84.83,25.6754],[84.8356,25.6778],[84.8504,25.6781],[84.8538,25.6954],[84.8594,25.698],[84.8579,25.7009],[84.8601,25.7073],[84.8635,25.7092],[84.868,25.7104],[84.8711,25.7155],[84.873,25.717],[84.8799,25.7171],[84.8835,25.7116],[84.8956,25.7128],[84.8991,25.7157],[84.9067,25.7176],[84.9084,25.7086],[84.911,25.7074],[84.921,25.7078],[84.924,25.7052],[84.9283,25.7062],[84.9297,25.7049],[84.93,25.7017],[84.9413,25.6998],[84.9412,25.7039],[84.943,25.7056],[84.9473,25.7033],[84.9535,25.7016],[84.9587,25.7066],[84.9644,25.7101],[84.9692,25.7078],[84.9702,25.7137],[84.9719,25.7179],[84.9749,25.7205],[84.9788,25.7212],[84.9819,25.7239],[84.985,25.7253],[84.9899,25.7257],[84.9914,25.7253],[85.0039,25.7309],[85.0072,25.7316],[85.0207,25.7307],[85.0308,25.7316]]],[[[85.3366,25.5141],[85.3308,25.5142],[85.3258,25.5154],[85.3168,25.5193],[85.3146,25.5227],[85.3154,25.5258],[85.318,25.53],[85.3346,25.5245],[85.3378,25.5221],[85.338,25.5172],[85.3366,25.5141]]]]},"properties":{"district_name":"Patna","raw_district_name":"Patna","state_code":"BR","state_name":"Bihar","census_code":230,"data_source":"DataMeet India Maps (Census 2011 Boundaries)"}},{"type":"Feature","geometry":{"type":"Polygon","coordinates":[[[85.2576,26.7562],[85.2574,26.7548],[85.2604,26.747],[85.2546,26.7339],[85.2608,26.7308],[85.259,26.719],[85.2595,26.7121],[85.263,26.6942],[85.2612,26.6896],[85.2578,26.6928],[85.2547,26.6864],[85.2418,26.6782],[85.2414,26.6737],[85.2396,26.6672],[85.2483,26.6578],[85.2537,26.6678],[85.256,26.665],[85.2599,26.6646],[85.262,26.6582],[85.2692,26.654],[85.2688,26.6496],[85.2699,26.6473],[85.2693,26.6418],[85.2688,26.6377],[85.2688,26.6377],[85.2708,26.6355],[85.2778,26.631],[85.2784,26.6282],[85.276,26.6285],[85.2743,26.6214],[85.272,26.6166],[85.274,26.6153],[85.2688,26.6089],[85.2652,26.6096],[85.2643,26.609],[85.2651,26.6003],[85.2638,26.5898],[85.2607,26.584],[85.2503,26.5761],[85.2496,26.5718],[85.2464,26.5697],[85.2428,26.5713],[85.2349,26.5688],[85.2369,26.5656],[85.2409,26.5616],[85.2406,26.56],[85.2374,26.5593],[85.2349,26.5556],[85.2363,26.5507],[85.2344,26.5496],[85.2318,26.5501],[85.2248,26.5498],[85.2233,26.548],[85.2226,26.5432],[85.2203,26.5371],[85.2232,26.5315],[85.225,26.5315],[85.2269,26.5223],[85.2219,26.5196],[85.2236,26.5137],[85.2269,26.5092],[85.225,26.5036],[85.22,26.503],[85.2182,26.5011],[85.204,26.4988],[85.1864,26.4984],[85.1835,26.4972],[85.1831,26.4946],[85.1844,26.4934],[85.1815,26.4884],[85.1835,26.484],[85.1897,26.4777],[85.1887,26.4746],[85.1925,26.4728],[85.1933,26.4691],[85.2015,26.4675],[85.2041,26.4586],[85.2135,26.4541],[85.2164,26.4513],[85.2162,26.4478],[85.2091,26.4473],[85.2093,26.4463],[85.2174,26.4388],[85.2198,26.433],[85.2113,26.4336],[85.2108,26.4267],[85.225,26.4242],[85.2271,26.4252],[85.2282,26.4207],[85.2308,26.4165],[85.2334,26.4155],[85.2354,26.4228],[85.2397,26.4226],[85.2418,26.4205],[85.2459,26.4211],[85.2478,26.4181],[85.2459,26.414],[85.2465,26.41],[85.254,26.4155],[85.2574,26.4169],[85.2624,26.413],[85.2616,26.4107],[85.2613,26.4116],[85.2532,26.4083],[85.2537,26.4039],[85.2555,26.4012],[85.2592,26.3983],[85.2652,26.3999],[85.2671,26.3992],[85.2671,26.3992],[85.267,26.3935],[85.2784,26.3873],[85.2781,26.3915],[85.2831,26.3958],[85.2881,26.3953],[85.2859,26.3887],[85.2875,26.3879],[85.2893,26.3803],[85.2928,26.3784],[85.2923,26.3763],[85.295,26.3708],[85.2836,26.3689],[85.2812,26.366],[85.2833,26.3636],[85.2956,26.3611],[85.2979,26.3571],[85.288,26.357],[85.2842,26.3544],[85.2831,26.3493],[85.2769,26.3486],[85.2719,26.351],[85.2663,26.3522],[85.2632,26.3494],[85.257,26.3495],[85.2551,26.3533],[85.2499,26.3574],[85.25,26.36],[85.2452,26.3674],[85.2443,26.3699],[85.2376,26.3683],[85.2266,26.37],[85.2243,26.3678],[85.2224,26.3647],[85.2223,26.354],[85.2234,26.3515],[85.228,26.3505],[85.2306,26.3534],[85.2341,26.3539],[85.2407,26.3507],[85.242,26.3488],[85.2426,26.3459],[85.2473,26.3408],[85.25,26.3397],[85.2508,26.3425],[85.2555,26.3413],[85.2602,26.3434],[85.2647,26.3424],[85.2674,26.3409],[85.272,26.3354],[85.2739,26.3343],[85.2756,26.3349],[85.2733,26.3281],[85.2674,26.3292],[85.2641,26.3319],[85.2587,26.331],[85.2572,26.3087],[85.2586,26.3043],[85.26,26.3033],[85.2634,26.3034],[85.2626,26.2978],[85.2603,26.2988],[85.2594,26.2976],[85.2554,26.2979],[85.2525,26.2989],[85.2507,26.3018],[85.2403,26.3002],[85.2401,26.305],[85.2382,26.3067],[85.2349,26.3076],[85.232,26.3071],[85.2323,26.3053],[85.2358,26.3024],[85.2355,26.3008],[85.2343,26.3003],[85.227,26.3023],[85.2247,26.3023],[85.2231,26.294],[85.2134,26.2965],[85.2108,26.2955],[85.2045,26.2849],[85.2028,26.2852],[85.2025,26.2873],[85.2092,26.2974],[85.2101,26.3004],[85.209,26.3013],[85.2023,26.2944],[85.2006,26.2941],[85.1971,26.2957],[85.1928,26.3004],[85.1924,26.3033],[85.1964,26.3025],[85.2042,26.304],[85.2059,26.3053],[85.2064,26.3152],[85.2049,26.3188],[85.2028,26.3208],[85.2024,26.3106],[85.2017,26.309],[85.1997,26.3104],[85.1991,26.3205],[85.1981,26.3247],[85.1972,26.3264],[85.195,26.3275],[85.1941,26.3242],[85.1953,26.3153],[85.1944,26.313],[85.193,26.3124],[85.1929,26.3188],[85.1918,26.3212],[85.1919,26.3311],[85.1887,26.3329],[85.1873,26.337],[85.1844,26.3401],[85.1802,26.3406],[85.1784,26.3389],[85.1757,26.3396],[85.1726,26.333],[85.1757,26.3307],[85.1712,26.3293],[85.1672,26.33],[85.1654,26.329],[85.164,26.3277],[85.1611,26.3189],[85.1587,26.3171],[85.1523,26.3153],[85.1509,26.316],[85.1478,26.321],[85.1445,26.3214],[85.1435,26.3194],[85.1398,26.3171],[85.1384,26.3123],[85.1351,26.3112],[85.1327,26.3152],[85.1305,26.316],[85.1278,26.316],[85.1284,26.3146],[85.127,26.3141],[85.1225,26.3152],[85.1153,26.3134],[85.1114,26.3166],[85.1065,26.3225],[85.1045,26.3237],[85.0983,26.3205],[85.094,26.3235],[85.0901,26.3234],[85.0883,26.3241],[85.0833,26.3225],[85.079,26.3307],[85.0742,26.3289],[85.0711,26.334],[85.0641,26.3417],[85.0612,26.3422],[85.0468,26.3401],[85.0454,26.3349],[85.0365,26.3314],[85.0344,26.33],[85.0346,26.3279],[85.0272,26.3188],[85.0244,26.3172],[85.0216,26.3175],[85.0174,26.3225],[85.0157,26.3263],[85.0105,26.3299],[85.001,26.3318],[84.9937,26.3315],[84.9831,26.3229],[84.9762,26.3226],[84.9578,26.3248],[84.9228,26.3244],[84.9104,26.3189],[84.9052,26.3214],[84.904,26.3174],[84.8985,26.3075],[84.8935,26.2925],[84.8846,26.2739],[84.8822,26.2601],[84.8768,26.2552],[84.8718,26.255],[84.8636,26.2648],[84.8504,26.2742],[84.8384,26.2813],[84.8371,26.2854],[84.8297,26.2822],[84.8102,26.2873],[84.8126,26.2965],[84.8113,26.3177],[84.8097,26.323],[84.8043,26.32],[84.8034,26.3233],[84.7985,26.3299],[84.7786,26.3413],[84.7685,26.3415],[84.7651,26.346],[84.7556,26.352],[84.7507,26.363],[84.7408,26.3708],[84.7305,26.383],[84.726,26.4001],[84.7228,26.402],[84.7146,26.4146],[84.7162,26.4159],[84.7176,26.4198],[84.715,26.4248],[84.7125,26.4274],[84.7005,26.436],[84.697,26.4344],[84.6614,26.4627],[84.656,26.4648],[84.6488,26.4654],[84.6373,26.463],[84.6289,26.4583],[84.6241,26.4522],[84.6178,26.4498],[84.6125,26.4464],[84.5938,26.4372],[84.589,26.4388],[84.5919,26.4437],[84.5909,26.4456],[84.5925,26.4498],[84.5885,26.4508],[84.5889,26.4601],[84.5768,26.4691],[84.5808,26.4853],[84.5769,26.4864],[84.5684,26.493],[84.564,26.4942],[84.5589,26.4897],[84.5551,26.4821],[84.5434,26.4856],[84.547,26.4985],[84.544,26.507],[84.5129,26.5333],[84.5138,26.5425],[84.5172,26.5556],[84.5152,26.565],[84.5103,26.5701],[84.4983,26.5702],[84.4872,26.594],[84.4926,26.6025],[84.5052,26.6016],[84.5115,26.5984],[84.5274,26.601],[84.528,26.6086],[84.5233,26.617],[84.5231,26.6256],[84.551,26.656],[84.5618,26.6592],[84.5694,26.6636],[84.5737,26.6674],[84.5923,26.6686],[84.5935,26.6729],[84.6012,26.6761],[84.6028,26.6814],[84.5995,26.6871],[84.6049,26.6931],[84.6117,26.6882],[84.6179,26.6922],[84.6288,26.6928],[84.641,26.6914],[84.64,26.6815],[84.6487,26.679],[84.6567,26.6796],[84.6638,26.6871],[84.6727,26.6997],[84.6824,26.7003],[84.6961,26.7151],[84.6964,26.7187],[84.7038,26.7161],[84.7054,26.7253],[84.7047,26.7319],[84.7083,26.7365],[84.7244,26.7426],[84.7252,26.7527],[84.7207,26.7564],[84.722,26.7627],[84.721,26.7808],[84.723,26.7875],[84.7281,26.7958],[84.7317,26.7997],[84.7365,26.7954],[84.7455,26.8103],[84.7457,26.8172],[84.7349,26.8235],[84.7274,26.8232],[84.7228,26.8264],[84.729,26.8327],[84.7361,26.8344],[84.7357,26.842],[84.7309,26.8445],[84.7206,26.8446],[84.7169,26.851],[84.7191,26.8569],[84.697,26.877],[84.6904,26.8791],[84.6889,26.8891],[84.6847,26.8907],[84.6831,26.9083],[84.6812,26.9144],[84.6877,26.9203],[84.6918,26.9124],[84.6982,26.9161],[84.7013,26.9235],[84.6993,26.937],[84.7019,26.9408],[84.7081,26.9387],[84.712,26.9457],[84.7165,26.9433],[84.7181,26.9504],[84.7231,26.9526],[84.7302,26.9542],[84.7381,26.9528],[84.7429,26.9563],[84.7441,26.9611],[84.7504,26.9621],[84.7523,26.9699],[84.7493,26.9751],[84.7489,26.9816],[84.7632,27.0002],[84.7648,27.005],[84.7667,27.009],[84.7688,27.0128],[84.773,27.0162],[84.7775,27.018],[84.7804,27.0154],[84.7841,27.0134],[84.7876,27.0113],[84.7916,27.0077],[84.7922,27.0016],[84.7924,27.0004],[84.793,26.9975],[84.7973,26.9966],[84.8001,26.9982],[84.8037,27.0004],[84.8054,27.0013],[84.8067,27.0041],[84.8103,27.0079],[84.8138,27.01],[84.8157,27.0122],[84.816,27.0144],[84.8162,27.0194],[84.8186,27.0184],[84.8258,27.0207],[84.829,27.0208],[84.8332,27.0189],[84.8362,27.017],[84.8381,27.016],[84.8578,27.0084],[84.856,27.0023],[84.8561,27.0005],[84.8561,26.9996],[84.8574,26.9992],[84.8551,26.9959],[84.8563,26.9936],[84.858,26.9922],[84.8615,26.9912],[84.8647,26.9905],[84.8674,26.9898],[84.8702,26.9893],[84.873,26.9882],[84.8781,26.986],[84.8847,26.983],[84.8904,26.981],[84.8942,26.9789],[84.8965,26.9756],[84.901,26.9733],[84.9073,26.9728],[84.9126,26.9728],[84.9188,26.9727],[84.9249,26.9723],[84.9321,26.9717],[84.9386,26.9702],[84.944,26.9685],[84.9474,26.9669],[84.9556,26.9643],[84.9616,26.9628],[84.9659,26.9604],[84.9711,26.9551],[84.9727,26.9527],[84.9759,26.9493],[84.9794,26.9453],[84.9813,26.9409],[84.9798,26.9368],[84.9762,26.9339],[84.9737,26.9311],[84.9724,26.9298],[84.9718,26.9279],[84.9709,26.9246],[84.971,26.9222],[84.9715,26.9202],[84.9756,26.9198],[84.9813,26.9194],[84.9874,26.9189],[84.9946,26.9177],[85.0005,26.916],[85.0017,26.9157],[85.0056,26.9116],[85.0064,26.9096],[85.0068,26.9061],[85.0055,26.9037],[85.0026,26.9044],[85.0017,26.9036],[85.001,26.9024],[85.0009,26.9013],[85.001,26.9002],[85.0015,26.8992],[85.0045,26.8979],[85.0079,26.8958],[85.0108,26.8944],[85.0167,26.8932],[85.0216,26.8934],[85.0257,26.8923],[85.0278,26.8919],[85.0336,26.8912],[85.0409,26.891],[85.0477,26.8904],[85.0537,26.889],[85.0566,26.8871],[85.0588,26.8846],[85.06,26.8818],[85.057,26.8799],[85.0531,26.8793],[85.0469,26.8799],[85.0435,26.8791],[85.0426,26.8786],[85.0419,26.8783],[85.0403,26.878],[85.0392,26.8772],[85.0377,26.8767],[85.036,26.8759],[85.0329,26.8745],[85.0314,26.8722],[85.0303,26.87],[85.0297,26.8681],[85.0292,26.8646],[85.0289,26.8624],[85.0288,26.8618],[85.0284,26.8611],[85.0276,26.8585],[85.0277,26.8571],[85.0273,26.8559],[85.029,26.8549],[85.0341,26.8531],[85.0374,26.8528],[85.0393,26.8525],[85.0438,26.8517],[85.0462,26.851],[85.0493,26.8509],[85.0524,26.8507],[85.0567,26.8503],[85.0616,26.8497],[85.0652,26.8495],[85.0672,26.8498],[85.0686,26.8526],[85.0708,26.8534],[85.0735,26.8533],[85.0764,26.8536],[85.0791,26.8543],[85.0787,26.8574],[85.0794,26.8584],[85.0828,26.8572],[85.0846,26.8552],[85.0872,26.8541],[85.0889,26.8549],[85.0908,26.8563],[85.0927,26.8593],[85.0906,26.8611],[85.0873,26.8651],[85.0902,26.8665],[85.0941,26.8659],[85.0973,26.8665],[85.0998,26.8676],[85.1027,26.8697],[85.1055,26.871],[85.1104,26.8715],[85.1147,26.8717],[85.1184,26.8713],[85.1223,26.8713],[85.1269,26.8703],[85.131,26.8686],[85.1344,26.8676],[85.1379,26.869],[85.1412,26.8704],[85.1467,26.8709],[85.1519,26.8705],[85.1584,26.8699],[85.1648,26.8684],[85.1686,26.8689],[85.1733,26.8692],[85.1784,26.8696],[85.1832,26.8692],[85.1881,26.8696],[85.193,26.8697],[85.1956,26.869],[85.1964,26.8658],[85.196,26.8617],[85.1942,26.8572],[85.1937,26.8529],[85.1939,26.8489],[85.1941,26.8429],[85.1943,26.8389],[85.1938,26.8347],[85.1917,26.8297],[85.1887,26.826],[85.1861,26.8235],[85.1835,26.8199],[85.1807,26.8164],[85.1793,26.8146],[85.1801,26.8093],[85.1822,26.8066],[85.1844,26.8032],[85.1844,26.8007],[85.1846,26.798],[85.188,26.7953],[85.1889,26.7927],[85.1911,26.7916],[85.1947,26.7923],[85.1963,26.7894],[85.1957,26.7854],[85.1945,26.782],[85.1943,26.7801],[85.1951,26.7786],[85.1972,26.7747],[85.2002,26.7708],[85.202,26.7686],[85.2038,26.7671],[85.2068,26.7631],[85.2092,26.7605],[85.2134,26.7584],[85.2174,26.7581],[85.2208,26.7591],[85.2273,26.7606],[85.2313,26.7615],[85.2364,26.7629],[85.2394,26.763],[85.2443,26.7617],[85.2494,26.7608],[85.2524,26.7586],[85.2553,26.7575],[85.2576,26.7562]]]},"properties":{"district_name":"Purba Champaran","raw_district_name":"Purba Champaran","state_code":"BR","state_name":"Bihar","census_code":204,"data_source":"DataMeet India Maps (Census 2011 Boundaries)"}},{"type":"Feature","geometry":{"type":"Polygon","coordinates":[[[87.8242,25.9331],[87.8133,25.93],[87.8121,25.9285],[87.8099,25.9208],[87.8138,25.9183],[87.8138,25.9159],[87.8099,25.914],[87.8101,25.9122],[87.8141,25.9091],[87.817,25.9141],[87.8182,25.9133],[87.8228,25.9128],[87.8236,25.9093],[87.8231,25.9049],[87.8199,25.9],[87.8209,25.8989],[87.8252,25.8972],[87.8266,25.8938],[87.8242,25.8885],[87.8218,25.8881],[87.8218,25.8856],[87.8233,25.8834],[87.8245,25.8816],[87.8143,25.881],[87.8083,25.8816],[87.8019,25.8755],[87.8023,25.8726],[87.8041,25.8707],[87.8157,25.8675],[87.8166,25.862],[87.8211,25.8561],[87.8163,25.8452],[87.8167,25.8441],[87.806,25.843],[87.7997,25.8441],[87.7953,25.8425],[87.816,25.8293],[87.8215,25.8113],[87.827,25.798],[87.8285,25.7865],[87.8097,25.7774],[87.8068,25.7768],[87.8041,25.7679],[87.8073,25.7673],[87.8044,25.7654],[87.794,25.7634],[87.7895,25.7605],[87.7843,25.7589],[87.7834,25.7576],[87.7915,25.7476],[87.7803,25.7437],[87.7789,25.7484],[87.7758,25.7528],[87.7734,25.754],[87.7693,25.7539],[87.7549,25.7509],[87.7465,25.7593],[87.7436,25.7614],[87.7389,25.763],[87.7318,25.7636],[87.7274,25.7607],[87.7203,25.7635],[87.7124,25.7624],[87.7113,25.7562],[87.7096,25.7546],[87.7097,25.753],[87.7073,25.7529],[87.7035,25.7554],[87.7003,25.7509],[87.7041,25.7475],[87.7028,25.7451],[87.6923,25.748],[87.6876,25.7452],[87.6869,25.7303],[87.6837,25.7234],[87.6856,25.7193],[87.6821,25.7167],[87.6833,25.7084],[87.6844,25.7061],[87.6851,25.6984],[87.6831,25.6974],[87.6741,25.7007],[87.6715,25.6968],[87.6691,25.6886],[87.6647,25.685],[87.6547,25.6839],[87.6504,25.6805],[87.6424,25.6863],[87.642,25.6899],[87.6393,25.6917],[87.6298,25.6854],[87.6178,25.6807],[87.6115,25.6808],[87.6065,25.6842],[87.6038,25.6834],[87.6016,25.6865],[87.5983,25.6875],[87.5954,25.6874],[87.5843,25.6843],[87.5755,25.6855],[87.5743,25.6848],[87.5744,25.6824],[87.5715,25.6824],[87.5712,25.6817],[87.5626,25.6858],[87.5601,25.6861],[87.5561,25.6845],[87.562,25.683],[87.5557,25.6811],[87.5554,25.6798],[87.5722,25.6736],[87.5761,25.6711],[87.5771,25.6618],[87.576,25.6573],[87.574,25.6563],[87.5713,25.6595],[87.5663,25.6591],[87.562,25.6597],[87.5541,25.6641],[87.5548,25.6674],[87.5512,25.6696],[87.5467,25.6695],[87.5433,25.6669],[87.5405,25.6666],[87.5386,25.6692],[87.5408,25.6743],[87.5392,25.6794],[87.5419,25.6853],[87.5377,25.6855],[87.534,25.6818],[87.5312,25.6813],[87.5321,25.6791],[87.532,25.6729],[87.5295,25.672],[87.5241,25.6729],[87.5227,25.6746],[87.5123,25.6765],[87.5069,25.6784],[87.5087,25.671],[87.5078,25.6683],[87.4928,25.6677],[87.4902,25.6703],[87.4897,25.6732],[87.4874,25.6718],[87.4835,25.6819],[87.4776,25.6821],[87.4566,25.68],[87.4357,25.6807],[87.4319,25.6764],[87.4154,25.6747],[87.4141,25.6784],[87.403,25.6775],[87.393,25.6822],[87.3894,25.6809],[87.3828,25.6829],[87.3798,25.6807],[87.3765,25.6801],[87.3669,25.6858],[87.362,25.6868],[87.3581,25.6865],[87.3534,25.6825],[87.3442,25.6829],[87.3398,25.6817],[87.3379,25.6847],[87.3344,25.6864],[87.3249,25.6866],[87.3174,25.6891],[87.3149,25.6931],[87.3051,25.6923],[87.3042,25.6966],[87.301,25.6994],[87.2955,25.7012],[87.2801,25.7014],[87.277,25.7045],[87.2758,25.7107],[87.2778,25.7138],[87.2751,25.7147],[87.2729,25.7141],[87.2698,25.7146],[87.2615,25.7169],[87.2554,25.7083],[87.2523,25.7084],[87.2464,25.7037],[87.2436,25.6984],[87.2438,25.6963],[87.2472,25.6884],[87.2542,25.6786],[87.2584,25.6749],[87.2621,25.669],[87.2585,25.6668],[87.2637,25.653],[87.272,25.6489],[87.2785,25.6433],[87.2742,25.6414],[87.2681,25.6407],[87.2625,25.6389],[87.2571,25.6351],[87.2527,25.6252],[87.2527,25.6206],[87.2581,25.6205],[87.2576,25.6151],[87.2557,25.6105],[87.2544,25.5978],[87.2592,25.597],[87.2602,25.5912],[87.2639,25.5883],[87.2611,25.5782],[87.2671,25.5707],[87.2635,25.5679],[87.2712,25.5653],[87.2682,25.5579],[87.2629,25.5572],[87.2602,25.5554],[87.2576,25.5494],[87.2518,25.5488],[87.248,25.5471],[87.2467,25.5458],[87.2452,25.54],[87.2355,25.5374],[87.2292,25.5367],[87.2268,25.5345],[87.2294,25.5305],[87.2295,25.5239],[87.2259,25.5195],[87.2235,25.5077],[87.216,25.5064],[87.2093,25.5062],[87.2087,25.5045],[87.2104,25.503],[87.2103,25.5009],[87.215,25.4997],[87.2128,25.4839],[87.214,25.4836],[87.2144,25.4813],[87.2291,25.4736],[87.232,25.4701],[87.2336,25.4621],[87.2351,25.4609],[87.2317,25.4515],[87.2161,25.4564],[87.2132,25.4513],[87.2096,25.4475],[87.2025,25.4459],[87.1969,25.4487],[87.1925,25.4444],[87.1905,25.4436],[87.1916,25.4409],[87.1897,25.44],[87.1872,25.4417],[87.1877,25.4437],[87.1841,25.4482],[87.1725,25.4499],[87.1668,25.4469],[87.1645,25.4444],[87.161,25.438],[87.1564,25.4365],[87.1329,25.4364],[87.1293,25.437],[87.1269,25.4356],[87.1247,25.4379],[87.1179,25.4359],[87.1176,25.4349],[87.111,25.4334],[87.1019,25.4391],[87.102,25.4428],[87.0942,25.4458],[87.0904,25.4413],[87.0874,25.4482],[87.0898,25.4509],[87.0886,25.4543],[87.0853,25.4552],[87.0863,25.4741],[87.0904,25.4766],[87.0976,25.4793],[87.1015,25.4845],[87.1041,25.4899],[87.102,25.5008],[87.1029,25.5043],[87.1025,25.5145],[87.102,25.5197],[87.1007,25.5226],[87.0974,25.5245],[87.0852,25.5258],[87.0812,25.521],[87.0782,25.5192],[87.0749,25.5199],[87.0686,25.5263],[87.066,25.526],[87.0614,25.5233],[87.0584,25.5252],[87.0567,25.5276],[87.0583,25.5316],[87.0563,25.534],[87.0558,25.5373],[87.0638,25.5652],[87.0614,25.577],[87.062,25.5799],[87.0581,25.5846],[87.0476,25.5933],[87.0451,25.5984],[87.0458,25.6079],[87.0475,25.6144],[87.0479,25.6233],[87.041,25.6291],[87.0365,25.6351],[87.0344,25.6432],[87.03,25.6507],[87.0316,25.6587],[87.0305,25.6637],[87.0318,25.6662],[87.0414,25.6668],[87.0449,25.671],[87.0473,25.6758],[87.0514,25.6817],[87.0525,25.6878],[87.0482,25.6995],[87.0419,25.7096],[87.0414,25.7138],[87.0368,25.7143],[87.0325,25.713],[87.0282,25.7164],[87.0239,25.7208],[87.0197,25.7295],[87.0195,25.7347],[87.0159,25.7359],[87.0138,25.7378],[87.0106,25.7442],[87.0138,25.7595],[87.0137,25.7613],[87.0148,25.7799],[87.02,25.7869],[87.0216,25.7914],[87.0212,25.7972],[87.0239,25.8006],[87.0203,25.8091],[87.0205,25.8136],[87.0225,25.8166],[87.0251,25.8165],[87.0292,25.8137],[87.0323,25.8128],[87.0344,25.8144],[87.035,25.8168],[87.0342,25.821],[87.0395,25.8266],[87.0395,25.8316],[87.0413,25.8353],[87.0409,25.8446],[87.0396,25.8496],[87.0363,25.8548],[87.0314,25.8604],[87.0313,25.8627],[87.0291,25.8656],[87.0261,25.868],[87.032,25.8703],[87.0345,25.8738],[87.0353,25.8771],[87.0337,25.8893],[87.0307,25.8959],[87.0286,25.8977],[87.024,25.8932],[87.0208,25.8922],[87.0201,25.8961],[87.0184,25.8947],[87.0125,25.9018],[87.0099,25.9057],[87.0058,25.9123],[87.0036,25.9178],[86.9998,25.9219],[86.9929,25.9338],[86.9909,25.9415],[86.9998,25.9429],[87.0034,25.9431],[87.0094,25.9421],[87.0131,25.9438],[87.0184,25.9451],[87.0206,25.9472],[87.0269,25.949],[87.0263,25.9515],[87.029,25.9561],[87.0309,25.9582],[87.0341,25.9596],[87.0387,25.9575],[87.0391,25.9526],[87.0415,25.9535],[87.0451,25.9535],[87.0481,25.9529],[87.0519,25.951],[87.0548,25.9515],[87.0566,25.9533],[87.0584,25.9571],[87.058,25.9613],[87.0588,25.963],[87.0599,25.965],[87.0617,25.966],[87.0731,25.9612],[87.0818,25.9604],[87.0818,25.9604],[87.0837,25.962],[87.0912,25.9663],[87.1034,25.9688],[87.1083,25.9671],[87.1105,25.9647],[87.1153,25.9556],[87.1179,25.9595],[87.1211,25.9562],[87.1238,25.9549],[87.1251,25.9502],[87.1269,25.9528],[87.1313,25.955],[87.1343,25.9544],[87.1382,25.9523],[87.1405,25.9479],[87.1429,25.9482],[87.1443,25.9508],[87.1476,25.9502],[87.1609,25.9454],[87.1643,25.9422],[87.1769,25.9423],[87.1781,25.9443],[87.1844,25.9459],[87.1858,25.9504],[87.1899,25.9492],[87.1966,25.9502],[87.1981,25.9514],[87.2004,25.956],[87.2141,25.9579],[87.2169,25.9569],[87.2197,25.9549],[87.2217,25.952],[87.2228,25.9475],[87.2239,25.9429],[87.2303,25.9438],[87.2297,25.9472],[87.2302,25.9513],[87.2333,25.9559],[87.2334,25.9602],[87.242,25.9616],[87.242,25.9647],[87.2454,25.9644],[87.2524,25.9674],[87.259,25.9725],[87.2679,25.984],[87.2754,25.9807],[87.2791,25.9812],[87.2816,25.9779],[87.2808,25.964],[87.2854,25.9596],[87.2897,25.9597],[87.2959,25.9617],[87.299,25.9638],[87.3019,25.9658],[87.3052,25.9685],[87.3094,25.9793],[87.3152,25.9774],[87.3314,25.9794],[87.3465,25.9764],[87.3492,25.977],[87.3496,25.9794],[87.3517,25.9806],[87.3552,25.9788],[87.3579,25.9762],[87.3718,25.9714],[87.3749,25.9683],[87.3789,25.9666],[87.3802,25.9622],[87.3844,25.9622],[87.3855,25.9582],[87.3889,25.9562],[87.3883,25.9547],[87.3919,25.9546],[87.3935,25.9554],[87.3882,25.9573],[87.3863,25.9598],[87.386,25.9621],[87.388,25.9633],[87.3962,25.9606],[87.3995,25.9616],[87.3995,25.9669],[87.4026,25.9744],[87.4042,25.976],[87.4067,25.9813],[87.4066,25.982],[87.4034,25.9826],[87.402,25.985],[87.4035,25.9863],[87.4113,25.986],[87.4118,25.99],[87.4147,25.9876],[87.4155,25.9887],[87.42,25.9878],[87.4254,25.9907],[87.4303,25.9879],[87.4471,25.9818],[87.4503,25.982],[87.4514,25.9821],[87.462,25.9872],[87.4673,25.9863],[87.4728,25.9831],[87.476,25.979],[87.4811,25.9759],[87.4844,25.9742],[87.4889,25.9736],[87.495,25.9829],[87.4952,25.9858],[87.4974,25.9843],[87.5028,25.9871],[87.515,25.9721],[87.5175,25.9708],[87.5175,25.9739],[87.5144,25.9774],[87.5258,25.9768],[87.528,25.9791],[87.5274,25.9816],[87.5287,25.9828],[87.5311,25.9817],[87.5322,25.9798],[87.5355,25.9777],[87.5371,25.9809],[87.5396,25.9816],[87.5505,25.9818],[87.5606,25.9857],[87.5595,25.993],[87.5612,26.0007],[87.5771,26.0099],[87.5835,26.0123],[87.5943,26.0148],[87.6002,26.0174],[87.6017,26.0222],[87.6149,26.021],[87.6185,26.0233],[87.6223,26.0239],[87.6253,26.0262],[87.6252,26.0287],[87.6235,26.0312],[87.6279,26.0424],[87.6266,26.046],[87.6185,26.0515],[87.6184,26.0554],[87.6156,26.0571],[87.6161,26.0596],[87.6194,26.0601],[87.6209,26.0615],[87.623,26.0662],[87.6283,26.0669],[87.6276,26.0722],[87.6302,26.0727],[87.6308,26.0753],[87.6371,26.0743],[87.6375,26.0762],[87.6287,26.0814],[87.6293,26.0842],[87.6332,26.0854],[87.6387,26.0849],[87.6427,26.0857],[87.6486,26.0853],[87.6493,26.0887],[87.6522,26.0884],[87.6551,26.087],[87.6583,26.0844],[87.667,26.0824],[87.6714,26.083],[87.6729,26.0906],[87.6724,26.0954],[87.6764,26.0957],[87.6824,26.101],[87.6794,26.1046],[87.6754,26.1078],[87.6776,26.1109],[87.6919,26.1121],[87.6965,26.1161],[87.7023,26.1166],[87.7066,26.1256],[87.7114,26.1242],[87.713,26.1216],[87.7193,26.1229],[87.7223,26.1202],[87.7227,26.114],[87.7304,26.1161],[87.7332,26.1124],[87.7546,26.1101],[87.756,26.1123],[87.7548,26.1154],[87.768,26.1139],[87.7728,26.1115],[87.7725,26.1069],[87.7735,26.0984],[87.7777,26.1],[87.784,26.1],[87.7887,26.1039],[87.7929,26.1054],[87.7975,26.109],[87.8134,26.1067],[87.8182,26.1073],[87.8239,26.1108],[87.8321,26.1078],[87.8275,26.1063],[87.8326,26.1015],[87.8398,26.1014],[87.85,26.1041],[87.853,26.102],[87.8566,26.1026],[87.8628,26.1132],[87.8659,26.1135],[87.8644,26.109],[87.8642,26.1084],[87.8614,26.1042],[87.8609,26.0998],[87.8668,26.0931],[87.8621,26.0883],[87.8598,26.0843],[87.8598,26.0803],[87.865,26.08],[87.865,26.078],[87.849,26.0669],[87.846,26.0587],[87.8431,26.0542],[87.845,26.0489],[87.8436,26.0456],[87.8434,26.0391],[87.8432,26.0336],[87.8418,26.0296],[87.8407,26.0265],[87.8388,26.0218],[87.8327,26.0136],[87.8235,26.0011],[87.8238,25.9917],[87.8238,25.9783],[87.8208,25.9766],[87.8184,25.9713],[87.8111,25.9726],[87.8109,25.9709],[87.8176,25.9665],[87.8186,25.9629],[87.815,25.9611],[87.8132,25.9591],[87.8115,25.9583],[87.8155,25.9474],[87.8224,25.943],[87.8242,25.9331]]]},"properties":{"district_name":"Purnia","raw_district_name":"Purnia","state_code":"BR","state_name":"Bihar","census_code":211,"data_source":"DataMeet India Maps (Census 2011 Boundaries)"}},{"type":"Feature","geometry":{"type":"Polygon","coordinates":[[[83.5251,24.548],[83.5251,24.548],[83.5302,24.5433],[83.5342,24.5417],[83.5568,24.5435],[83.5684,24.543],[83.6082,24.5406],[83.6295,24.5414],[83.6394,24.5423],[83.6456,24.5441],[83.6591,24.5534],[83.661,24.556],[83.6641,24.5545],[83.6676,24.5478],[83.6716,24.5442],[83.6822,24.5411],[83.6935,24.5411],[83.697,24.5413],[83.6987,24.5421],[83.709,24.5423],[83.7142,24.5447],[83.7179,24.5516],[83.7185,24.5548],[83.718,24.5574],[83.7202,24.5591],[83.7359,24.5618],[83.7451,24.5688],[83.7491,24.5769],[83.7473,24.5804],[83.7404,24.5886],[83.741,24.5954],[83.7452,24.6085],[83.7477,24.612],[83.7514,24.615],[83.7544,24.621],[83.7539,24.6278],[83.7528,24.6315],[83.7433,24.638],[83.742,24.642],[83.7392,24.644],[83.7329,24.6467],[83.7345,24.6515],[83.7305,24.655],[83.7339,24.659],[83.734,24.6657],[83.7414,24.6732],[83.7463,24.6841],[83.7609,24.7098],[83.7625,24.707],[83.763,24.704],[83.766,24.7025],[83.7668,24.705],[83.7649,24.7116],[83.7621,24.7149],[83.7626,24.7197],[83.7684,24.7202],[83.7675,24.7226],[83.7655,24.7243],[83.7658,24.7276],[83.7752,24.7371],[83.7828,24.7385],[83.7825,24.7446],[83.7802,24.7495],[83.7782,24.7572],[83.7787,24.7604],[83.7857,24.7592],[83.7823,24.7667],[83.7785,24.7818],[83.776,24.7848],[83.7752,24.7877],[83.7769,24.7907],[83.777,24.794],[83.773,24.7974],[83.7639,24.7986],[83.7604,24.8006],[83.7578,24.8032],[83.7541,24.8025],[83.7475,24.8028],[83.7398,24.8054],[83.7323,24.8066],[83.7307,24.8085],[83.7287,24.8162],[83.73,24.8194],[83.7298,24.823],[83.7282,24.826],[83.7196,24.8323],[83.7196,24.8358],[83.7251,24.8391],[83.7258,24.8446],[83.7289,24.8462],[83.7297,24.8495],[83.7366,24.8517],[83.7401,24.8571],[83.743,24.8585],[83.7446,24.8625],[83.748,24.8626],[83.7509,24.8682],[83.7547,24.8656],[83.7579,24.8657],[83.7574,24.8692],[83.7628,24.8727],[83.7567,24.8766],[83.7558,24.8793],[83.7566,24.8831],[83.7581,24.8853],[83.7605,24.8868],[83.7625,24.8899],[83.7614,24.897],[83.7646,24.8984],[83.7654,24.9013],[83.7648,24.9055],[83.7658,24.9084],[83.7654,24.9124],[83.7668,24.9142],[83.7737,24.9161],[83.7771,24.924],[83.7818,24.9277],[83.7794,24.9299],[83.7859,24.9352],[83.7886,24.9394],[83.7932,24.938],[83.7942,24.9406],[83.7987,24.9426],[83.7969,24.9478],[83.7979,24.9499],[83.8037,24.9515],[83.8062,24.9529],[83.8041,24.9557],[83.7998,24.9585],[83.8013,24.9608],[83.8093,24.9582],[83.812,24.9601],[83.8114,24.9645],[83.8081,24.9706],[83.8086,24.9783],[83.8128,24.9844],[83.8212,24.9892],[83.8197,24.991],[83.8112,24.9881],[83.8076,24.9875],[83.8052,24.9883],[83.8053,24.9907],[83.8069,24.992],[83.8101,24.9927],[83.8081,25.0005],[83.8042,25.0047],[83.801,25.0061],[83.8001,25.0076],[83.8003,25.0103],[83.8037,25.0173],[83.806,25.02],[83.8066,25.0221],[83.8089,25.0245],[83.8093,25.0235],[83.8164,25.0301],[83.8186,25.0328],[83.8235,25.0365],[83.8239,25.0378],[83.8217,25.04],[83.8268,25.0569],[83.8254,25.0687],[83.8242,25.078],[83.8188,25.0917],[83.8124,25.1007],[83.8096,25.1084],[83.8092,25.1137],[83.8147,25.1228],[83.8188,25.1328],[83.8199,25.1389],[83.8203,25.1453],[83.8165,25.1456],[83.8161,25.1522],[83.8257,25.152],[83.8263,25.1618],[83.8227,25.1634],[83.8222,25.1735],[83.8087,25.1776],[83.8156,25.1826],[83.8168,25.1997],[83.8144,25.2044],[83.8088,25.2084],[83.8088,25.2137],[83.8149,25.2137],[83.8158,25.2171],[83.8179,25.2162],[83.8182,25.2192],[83.8254,25.2183],[83.8292,25.2318],[83.8352,25.2433],[83.8521,25.2436],[83.8567,25.2464],[83.8646,25.2449],[83.8666,25.2519],[83.882,25.2521],[83.8868,25.2531],[83.8874,25.2576],[83.885,25.2597],[83.8848,25.2629],[83.8879,25.2642],[83.8986,25.2622],[83.9004,25.2633],[83.9002,25.2657],[83.8978,25.2703],[83.8976,25.2795],[83.8965,25.282],[83.8974,25.2853],[83.8969,25.2895],[83.8998,25.2932],[83.8998,25.2932],[83.9064,25.2936],[83.9105,25.2959],[83.9277,25.2932],[83.9411,25.2871],[83.9445,25.2887],[83.9456,25.2857],[83.9492,25.2856],[83.9517,25.2846],[83.9548,25.2855],[83.9577,25.2852],[83.962,25.2824],[83.9666,25.2813],[83.9711,25.2785],[83.9769,25.2734],[83.9783,25.2706],[83.9898,25.2642],[83.9928,25.2642],[83.9962,25.2653],[84,25.2677],[84.0025,25.2662],[84.0071,25.2658],[84.0137,25.262],[84.0164,25.2619],[84.0182,25.2624],[84.0193,25.2663],[84.0223,25.2683],[84.0358,25.2671],[84.0387,25.2752],[84.0411,25.2851],[84.0478,25.288],[84.0495,25.2965],[84.0584,25.297],[84.0601,25.3073],[84.0581,25.3093],[84.0577,25.3125],[84.0539,25.3164],[84.0537,25.3201],[84.0445,25.3298],[84.0386,25.3307],[84.0377,25.3352],[84.0353,25.3385],[84.0367,25.3414],[84.0455,25.3416],[84.0521,25.3463],[84.0542,25.3563],[84.0469,25.3586],[84.0476,25.3681],[84.0462,25.374],[84.0606,25.3723],[84.0622,25.373],[84.0654,25.3707],[84.0766,25.369],[84.0809,25.3651],[84.0916,25.3634],[84.0978,25.3583],[84.1,25.3589],[84.1007,25.3665],[84.1038,25.3662],[84.1039,25.3615],[84.1109,25.3604],[84.1165,25.3576],[84.1207,25.3594],[84.1228,25.362],[84.1278,25.3621],[84.1308,25.3667],[84.137,25.368],[84.1401,25.3711],[84.1495,25.3703],[84.1563,25.368],[84.1645,25.3666],[84.1686,25.3695],[84.1831,25.3691],[84.1846,25.3677],[84.2002,25.3667],[84.2137,25.3647],[84.2146,25.3634],[84.2171,25.3602],[84.2186,25.3533],[84.2218,25.3464],[84.2307,25.3451],[84.2357,25.3552],[84.2502,25.3531],[84.2551,25.3532],[84.2561,25.355],[84.2686,25.3526],[84.2711,25.3572],[84.2755,25.3595],[84.2789,25.3535],[84.2838,25.3521],[84.2843,25.3467],[84.2808,25.3411],[84.2837,25.3352],[84.2825,25.3289],[84.2927,25.3241],[84.3038,25.325],[84.3048,25.3269],[84.3093,25.3264],[84.3106,25.3224],[84.3221,25.3209],[84.3223,25.315],[84.3275,25.3142],[84.3283,25.3012],[84.3309,25.299],[84.3364,25.2976],[84.3372,25.2941],[84.334,25.2916],[84.3264,25.2908],[84.3256,25.2884],[84.3283,25.2847],[84.3358,25.2832],[84.3363,25.2818],[84.3288,25.277],[84.3245,25.272],[84.3251,25.2691],[84.3305,25.2633],[84.332,25.2529],[84.329,25.2431],[84.3285,25.2388],[84.3346,25.2366],[84.3309,25.2308],[84.3305,25.2238],[84.3246,25.2224],[84.3212,25.2154],[84.3333,25.2067],[84.3347,25.2019],[84.3415,25.1991],[84.3456,25.2015],[84.3492,25.2004],[84.3518,25.202],[84.3588,25.198],[84.3598,25.1954],[84.3581,25.192],[84.3683,25.1925],[84.3741,25.1917],[84.376,25.1946],[84.3808,25.1935],[84.3834,25.1957],[84.3869,25.1938],[84.3874,25.1907],[84.3987,25.1875],[84.4045,25.1846],[84.4074,25.1871],[84.406,25.19],[84.4079,25.1933],[84.4274,25.1873],[84.4541,25.1674],[84.4657,25.1613],[84.4644,25.159],[84.4607,25.1536],[84.4558,25.1412],[84.4505,25.1339],[84.4481,25.1285],[84.4401,25.114],[84.4353,25.0992],[84.4255,25.0786],[84.4162,25.0717],[84.3854,25.0549],[84.3749,25.0504],[84.3705,25.0475],[84.3598,25.0446],[84.3449,25.0378],[84.3217,25.0228],[84.3147,25.0162],[84.31,25.0021],[84.2581,24.9446],[84.243,24.9323],[84.1716,24.8499],[84.1494,24.8311],[84.1333,24.8128],[84.1052,24.7882],[84.0896,24.7704],[84.0632,24.732],[84.0375,24.6936],[84,24.6371],[83.987,24.6142],[83.9801,24.5958],[83.9727,24.5868],[83.9653,24.5755],[83.9559,24.5656],[83.9443,24.5551],[83.9408,24.5509],[83.9362,24.5471],[83.9318,24.5454],[83.9257,24.5449],[83.9105,24.5416],[83.8866,24.5356],[83.8758,24.532],[83.8661,24.5364],[83.8655,24.5367],[83.8559,24.5354],[83.8493,24.5336],[83.8352,24.5322],[83.824,24.5303],[83.8168,24.528],[83.8068,24.5289],[83.8023,24.5285],[83.7958,24.5262],[83.7895,24.5226],[83.7565,24.5096],[83.7386,24.5078],[83.7245,24.504],[83.7102,24.5064],[83.7035,24.5096],[83.6903,24.5146],[83.6786,24.5138],[83.6704,24.5147],[83.6527,24.5151],[83.608,24.5122],[83.6003,24.5138],[83.5791,24.5159],[83.5551,24.5229],[83.5503,24.525],[83.5429,24.5244],[83.5317,24.5248],[83.5174,24.5264],[83.5061,24.5259],[83.5055,24.5278],[83.5011,24.5349],[83.5013,24.5409],[83.5129,24.5432],[83.5251,24.548],[83.5251,24.548]]]},"properties":{"district_name":"Rohtas","raw_district_name":"Rohtas","state_code":"BR","state_name":"Bihar","census_code":234,"data_source":"DataMeet India Maps (Census 2011 Boundaries)"}},{"type":"Feature","geometry":{"type":"Polygon","coordinates":[[[86.635,26.0285],[86.6325,26.0197],[86.6309,26.0166],[86.6267,26.0126],[86.6199,26.0122],[86.6159,26.0107],[86.6126,26.0075],[86.611,25.9965],[86.6099,25.9919],[86.6089,25.9896],[86.6121,25.9819],[86.6112,25.9746],[86.6153,25.9703],[86.6187,25.968],[86.6261,25.9664],[86.6314,25.9667],[86.6334,25.966],[86.6319,25.9618],[86.6244,25.9559],[86.6212,25.9525],[86.618,25.9468],[86.6185,25.9436],[86.621,25.9432],[86.6244,25.9443],[86.6271,25.9437],[86.6296,25.942],[86.6336,25.9363],[86.635,25.9298],[86.6363,25.9278],[86.6424,25.928],[86.6438,25.9258],[86.6483,25.9227],[86.6504,25.9227],[86.6647,25.9301],[86.6718,25.9296],[86.6738,25.9344],[86.6756,25.9359],[86.6819,25.9371],[86.6905,25.9367],[86.6924,25.9349],[86.6854,25.9246],[86.6859,25.9185],[86.689,25.9162],[86.6879,25.9068],[86.6887,25.9017],[86.7025,25.9051],[86.7049,25.8954],[86.7047,25.8895],[86.7107,25.8699],[86.7132,25.8667],[86.7187,25.8663],[86.7232,25.8677],[86.727,25.8675],[86.7294,25.8665],[86.7312,25.8625],[86.7366,25.8602],[86.7507,25.8577],[86.7579,25.8627],[86.765,25.8624],[86.7699,25.8622],[86.7779,25.8605],[86.7887,25.8621],[86.7927,25.8637],[86.8036,25.8717],[86.8101,25.875],[86.8218,25.8697],[86.8255,25.869],[86.8313,25.8695],[86.8394,25.8715],[86.8414,25.872],[86.8426,25.8707],[86.8412,25.8696],[86.8404,25.8689],[86.8407,25.8674],[86.8463,25.8642],[86.8453,25.8608],[86.8481,25.8491],[86.8487,25.8494],[86.8529,25.8512],[86.8514,25.8448],[86.8537,25.8419],[86.8541,25.8368],[86.8637,25.8256],[86.8674,25.8248],[86.8683,25.8218],[86.8707,25.8183],[86.8538,25.814],[86.8573,25.7976],[86.8605,25.7946],[86.8611,25.79],[86.8594,25.7847],[86.8555,25.7808],[86.8534,25.776],[86.8522,25.7715],[86.8595,25.7678],[86.8588,25.7623],[86.8513,25.7493],[86.8574,25.748],[86.8605,25.7461],[86.8598,25.7427],[86.8586,25.7416],[86.8549,25.7412],[86.8484,25.7452],[86.8462,25.7426],[86.8449,25.7383],[86.8465,25.7357],[86.8501,25.7331],[86.865,25.7312],[86.8702,25.7295],[86.8752,25.7215],[86.8767,25.7165],[86.8719,25.7115],[86.8706,25.707],[86.8587,25.6957],[86.8587,25.6895],[86.8616,25.6849],[86.864,25.676],[86.8593,25.6747],[86.8506,25.6791],[86.8427,25.6781],[86.8364,25.676],[86.8358,25.6698],[86.8351,25.667],[86.8334,25.6649],[86.8295,25.6649],[86.825,25.6669],[86.8228,25.6658],[86.816,25.6574],[86.8106,25.6566],[86.8071,25.6574],[86.8057,25.657],[86.8047,25.6524],[86.807,25.6491],[86.8126,25.6451],[86.8103,25.6406],[86.8082,25.6382],[86.8028,25.6314],[86.7972,25.6297],[86.7892,25.6259],[86.7801,25.6232],[86.7658,25.6244],[86.7659,25.6297],[86.7683,25.6316],[86.7632,25.6389],[86.7632,25.6418],[86.76,25.6391],[86.7568,25.6388],[86.7535,25.6393],[86.7491,25.6408],[86.7438,25.6441],[86.743,25.6474],[86.7443,25.6515],[86.7368,25.6571],[86.7342,25.6613],[86.7318,25.6624],[86.7221,25.6641],[86.7227,25.6611],[86.7207,25.6572],[86.7138,25.6539],[86.7102,25.6509],[86.71,25.6446],[86.7123,25.6437],[86.7155,25.6425],[86.7163,25.6412],[86.7137,25.6377],[86.7119,25.6366],[86.7096,25.6427],[86.7091,25.644],[86.7058,25.6466],[86.7036,25.6471],[86.6916,25.6431],[86.6889,25.6417],[86.6872,25.6395],[86.6879,25.6375],[86.6852,25.6321],[86.6862,25.6305],[86.6841,25.6272],[86.6809,25.6291],[86.6777,25.626],[86.6762,25.6208],[86.6739,25.6211],[86.6693,25.6236],[86.6672,25.6283],[86.6674,25.6313],[86.6644,25.6323],[86.6645,25.6377],[86.6622,25.64],[86.652,25.6411],[86.6479,25.6359],[86.6412,25.6308],[86.6364,25.6303],[86.6266,25.6275],[86.6193,25.6268],[86.6155,25.6257],[86.6118,25.6225],[86.6072,25.6213],[86.598,25.6208],[86.5929,25.6143],[86.5951,25.6126],[86.592,25.6093],[86.5982,25.5988],[86.5987,25.597],[86.5971,25.5958],[86.5924,25.5994],[86.5848,25.6025],[86.5786,25.6038],[86.5767,25.6038],[86.5707,25.6008],[86.5688,25.6014],[86.5653,25.6078],[86.5614,25.6115],[86.5591,25.6122],[86.5507,25.6069],[86.5485,25.6099],[86.5458,25.6117],[86.5435,25.6111],[86.5423,25.6087],[86.5398,25.6061],[86.5297,25.608],[86.5258,25.608],[86.5181,25.6117],[86.5122,25.6111],[86.5107,25.6136],[86.5097,25.6188],[86.5085,25.6204],[86.5068,25.621],[86.4957,25.6203],[86.4948,25.6247],[86.4874,25.6302],[86.4876,25.6317],[86.4867,25.6329],[86.486,25.6341],[86.4854,25.639],[86.4846,25.6397],[86.4845,25.6396],[86.4807,25.6375],[86.4801,25.6428],[86.478,25.6491],[86.4802,25.6512],[86.4854,25.6565],[86.484,25.6578],[86.4768,25.654],[86.4756,25.6558],[86.4806,25.6598],[86.4787,25.6617],[86.4777,25.6634],[86.4783,25.6642],[86.477,25.6652],[86.4715,25.6645],[86.4729,25.6663],[86.4691,25.6724],[86.4699,25.6762],[86.4689,25.6772],[86.4666,25.6774],[86.462,25.6762],[86.4611,25.6777],[86.4624,25.6823],[86.456,25.6834],[86.4627,25.6891],[86.4644,25.6927],[86.4652,25.6981],[86.4633,25.7015],[86.4621,25.6968],[86.4604,25.6947],[86.46,25.6943],[86.4567,25.6949],[86.4541,25.697],[86.451,25.6976],[86.4516,25.6919],[86.4395,25.6981],[86.438,25.6998],[86.4397,25.7014],[86.44,25.7017],[86.4398,25.7036],[86.4352,25.7076],[86.4335,25.7107],[86.4319,25.7114],[86.4308,25.71],[86.4283,25.7065],[86.4261,25.7089],[86.4282,25.7177],[86.4271,25.7186],[86.4259,25.7182],[86.4242,25.7176],[86.4217,25.7192],[86.4253,25.7233],[86.4259,25.7255],[86.4243,25.7283],[86.4214,25.7289],[86.4204,25.7282],[86.4193,25.7275],[86.4172,25.7282],[86.4093,25.7305],[86.4057,25.7347],[86.4136,25.7541],[86.415,25.7647],[86.4132,25.7652],[86.4127,25.7659],[86.4116,25.7675],[86.41,25.7673],[86.409,25.7687],[86.4115,25.7705],[86.4116,25.7706],[86.4122,25.7722],[86.4119,25.7746],[86.4061,25.773],[86.4045,25.7739],[86.4039,25.7753],[86.404,25.7769],[86.4074,25.7813],[86.4077,25.7832],[86.409,25.7842],[86.4136,25.7837],[86.4152,25.7841],[86.4152,25.7865],[86.4131,25.7865],[86.4126,25.7865],[86.4116,25.7879],[86.4122,25.7912],[86.4145,25.7939],[86.4147,25.795],[86.4148,25.7958],[86.4146,25.7963],[86.4144,25.7963],[86.41,25.7949],[86.4088,25.8024],[86.4021,25.8028],[86.4008,25.8036],[86.4036,25.8081],[86.4038,25.8099],[86.4017,25.8119],[86.3942,25.8128],[86.3833,25.8123],[86.3798,25.8141],[86.3789,25.8152],[86.3794,25.8168],[86.3833,25.8182],[86.3851,25.82],[86.3837,25.821],[86.3824,25.8219],[86.3846,25.8273],[86.3845,25.8299],[86.3803,25.8336],[86.3787,25.8309],[86.3757,25.8311],[86.3721,25.8351],[86.3716,25.8397],[86.3707,25.8392],[86.3693,25.8396],[86.3689,25.8407],[86.3694,25.8427],[86.3742,25.8477],[86.3715,25.8505],[86.3683,25.8504],[86.3666,25.8512],[86.3655,25.8547],[86.3617,25.8563],[86.3533,25.8553],[86.3457,25.8586],[86.3473,25.8612],[86.3451,25.8619],[86.3407,25.86],[86.3333,25.8593],[86.3312,25.8575],[86.3307,25.8554],[86.3279,25.8551],[86.3211,25.8571],[86.3179,25.8582],[86.3178,25.8622],[86.3111,25.8668],[86.3186,25.8702],[86.3224,25.8722],[86.321,25.8821],[86.3271,25.8848],[86.3327,25.8915],[86.3347,25.8958],[86.3359,25.9026],[86.3473,25.9047],[86.3456,25.9072],[86.3454,25.9098],[86.3496,25.914],[86.352,25.9217],[86.3553,25.9242],[86.3598,25.9248],[86.3594,25.9279],[86.362,25.9293],[86.3628,25.9337],[86.3651,25.9372],[86.3686,25.938],[86.3747,25.934],[86.3803,25.9322],[86.3793,25.9264],[86.3825,25.9238],[86.4011,25.9262],[86.4041,25.9271],[86.4071,25.9308],[86.4038,25.9305],[86.4011,25.9316],[86.4004,25.9334],[86.401,25.9363],[86.3966,25.9376],[86.3934,25.9394],[86.3923,25.9372],[86.3895,25.9387],[86.3881,25.9429],[86.3888,25.9442],[86.3884,25.9445],[86.387,25.9454],[86.387,25.9468],[86.3892,25.9493],[86.3863,25.9504],[86.3817,25.9503],[86.3801,25.952],[86.3806,25.9532],[86.3836,25.9549],[86.3864,25.9554],[86.3857,25.9598],[86.3829,25.9628],[86.3788,25.9591],[86.3776,25.9599],[86.3781,25.961],[86.3788,25.9625],[86.3772,25.9638],[86.3793,25.9666],[86.3819,25.9681],[86.384,25.9682],[86.3875,25.9719],[86.3859,25.9753],[86.3819,25.9784],[86.3812,25.9799],[86.3817,25.9804],[86.383,25.9814],[86.3815,25.9834],[86.3796,25.9864],[86.3805,25.9866],[86.3825,25.9858],[86.3847,25.9849],[86.3833,25.9879],[86.3794,25.9916],[86.3796,25.9928],[86.3841,25.996],[86.3851,26.0076],[86.3807,26.0092],[86.3794,26.0082],[86.3788,26.0076],[86.3775,26.0089],[86.3769,26.013],[86.3756,26.0152],[86.373,26.0171],[86.3721,26.0203],[86.3764,26.0242],[86.3727,26.0245],[86.3725,26.0274],[86.377,26.0303],[86.3774,26.0317],[86.3758,26.0324],[86.3739,26.0332],[86.3734,26.0363],[86.3773,26.0388],[86.3785,26.0408],[86.3774,26.0442],[86.3999,26.0447],[86.4012,26.0469],[86.4018,26.0503],[86.4081,26.0566],[86.4122,26.0592],[86.4199,26.0587],[86.4229,26.0616],[86.4241,26.0661],[86.4289,26.0754],[86.4289,26.0754],[86.4307,26.0731],[86.4375,26.078],[86.4452,26.0735],[86.4506,26.0772],[86.454,26.0784],[86.4576,26.0774],[86.4597,26.074],[86.4602,26.0628],[86.4627,26.0587],[86.4782,26.0547],[86.486,26.0485],[86.4888,26.0547],[86.4922,26.06],[86.4964,26.0629],[86.5057,26.0643],[86.5077,26.0569],[86.5053,26.0506],[86.5016,26.0448],[86.4915,26.0377],[86.4889,26.0345],[86.4901,26.0271],[86.497,26.0195],[86.5071,26.0131],[86.5092,26.0101],[86.5103,26.003],[86.5137,26.0015],[86.5167,25.9984],[86.524,26.0052],[86.5282,26.0132],[86.5415,26.0175],[86.5449,26.0287],[86.5485,26.0332],[86.5523,26.0349],[86.5627,26.0323],[86.5677,26.0301],[86.5766,26.029],[86.6034,26.0219],[86.6098,26.0241],[86.6143,26.0276],[86.6189,26.0294],[86.6247,26.03],[86.6269,26.0297],[86.635,26.0285]]]},"properties":{"district_name":"Saharsa","raw_district_name":"Saharsa","state_code":"BR","state_name":"Bihar","census_code":214,"data_source":"DataMeet India Maps (Census 2011 Boundaries)"}},{"type":"Feature","geometry":{"type":"Polygon","coordinates":[[[86.3111,25.8668],[86.3178,25.8622],[86.3179,25.8582],[86.3211,25.8571],[86.3279,25.8551],[86.3307,25.8554],[86.3312,25.8575],[86.3333,25.8593],[86.3407,25.86],[86.3451,25.8619],[86.3473,25.8612],[86.3457,25.8586],[86.3533,25.8553],[86.3617,25.8563],[86.3655,25.8547],[86.3666,25.8512],[86.3683,25.8504],[86.3715,25.8505],[86.3742,25.8477],[86.3694,25.8427],[86.3689,25.8407],[86.3693,25.8396],[86.3707,25.8392],[86.3716,25.8397],[86.3721,25.8351],[86.3757,25.8311],[86.3787,25.8309],[86.3803,25.8336],[86.3845,25.8299],[86.3846,25.8273],[86.3824,25.8219],[86.3837,25.821],[86.3851,25.82],[86.3833,25.8182],[86.3794,25.8168],[86.3789,25.8152],[86.3798,25.8141],[86.3833,25.8123],[86.3942,25.8128],[86.4017,25.8119],[86.4038,25.8099],[86.4036,25.8081],[86.4008,25.8036],[86.4021,25.8028],[86.4088,25.8024],[86.41,25.7949],[86.4144,25.7963],[86.4146,25.7963],[86.4148,25.7958],[86.4147,25.795],[86.4145,25.7939],[86.4122,25.7912],[86.4116,25.7879],[86.4126,25.7865],[86.4131,25.7865],[86.4152,25.7865],[86.4152,25.7841],[86.4136,25.7837],[86.409,25.7842],[86.4077,25.7832],[86.4074,25.7813],[86.404,25.7769],[86.4039,25.7753],[86.4045,25.7739],[86.4061,25.773],[86.4119,25.7746],[86.4122,25.7722],[86.4116,25.7706],[86.4115,25.7705],[86.409,25.7687],[86.41,25.7673],[86.4116,25.7675],[86.4127,25.7659],[86.4132,25.7652],[86.415,25.7647],[86.4136,25.7541],[86.4057,25.7347],[86.4093,25.7305],[86.4172,25.7282],[86.4145,25.7213],[86.4004,25.7234],[86.3908,25.716],[86.3877,25.7127],[86.3851,25.7114],[86.3799,25.7111],[86.3739,25.7063],[86.3683,25.7067],[86.3542,25.6959],[86.3497,25.6915],[86.3477,25.6855],[86.3433,25.6785],[86.3324,25.6676],[86.328,25.6582],[86.3167,25.6579],[86.2939,25.6553],[86.292,25.6533],[86.2937,25.6441],[86.293,25.6397],[86.2934,25.6386],[86.2893,25.636],[86.2813,25.629],[86.2806,25.6321],[86.2701,25.6363],[86.2612,25.6349],[86.2603,25.6396],[86.2603,25.6473],[86.254,25.6464],[86.2509,25.6497],[86.2467,25.6524],[86.2407,25.6539],[86.2353,25.6541],[86.2289,25.6555],[86.2085,25.6577],[86.2019,25.6592],[86.194,25.6626],[86.1907,25.6676],[86.1883,25.6781],[86.1848,25.6887],[86.185,25.6968],[86.1826,25.7043],[86.1822,25.7119],[86.1767,25.7153],[86.1751,25.7184],[86.1686,25.7196],[86.1678,25.7147],[86.1586,25.7139],[86.151,25.7098],[86.1487,25.7108],[86.1484,25.7187],[86.1495,25.7271],[86.1529,25.7287],[86.16,25.7295],[86.1606,25.7339],[86.1583,25.7404],[86.1542,25.7406],[86.1526,25.7429],[86.1526,25.7463],[86.1513,25.7476],[86.1546,25.7506],[86.1558,25.7533],[86.1552,25.7597],[86.1508,25.7611],[86.1524,25.7634],[86.1517,25.7652],[86.1471,25.7658],[86.1435,25.7654],[86.1403,25.7622],[86.1365,25.7618],[86.1338,25.759],[86.133,25.7617],[86.141,25.7672],[86.1372,25.7675],[86.1343,25.7691],[86.1323,25.7722],[86.1136,25.7762],[86.1084,25.7752],[86.1057,25.7733],[86.1093,25.7581],[86.1124,25.7568],[86.1187,25.7576],[86.1322,25.7514],[86.1336,25.7529],[86.1375,25.7532],[86.1407,25.7547],[86.1437,25.7506],[86.1402,25.7456],[86.1408,25.7429],[86.137,25.7359],[86.1281,25.7347],[86.1215,25.7404],[86.1204,25.7391],[86.1211,25.7377],[86.1201,25.7364],[86.1177,25.7362],[86.1156,25.7373],[86.1055,25.7448],[86.1031,25.7437],[86.0964,25.7442],[86.0916,25.7429],[86.0868,25.7425],[86.0812,25.744],[86.0788,25.7421],[86.0798,25.7368],[86.0913,25.7345],[86.0913,25.7323],[86.0881,25.7297],[86.0863,25.7272],[86.0821,25.7257],[86.0726,25.7275],[86.0655,25.7246],[86.0619,25.7245],[86.0604,25.7285],[86.0575,25.7299],[86.0535,25.734],[86.0487,25.7303],[86.0458,25.7235],[86.0457,25.7204],[86.041,25.7218],[86.0387,25.7272],[86.0362,25.7298],[86.0329,25.7306],[86.0356,25.7199],[86.0339,25.7176],[86.0297,25.7164],[86.0248,25.7227],[86.0219,25.7253],[86.0182,25.7236],[86.0157,25.7194],[86.0158,25.7162],[86.0147,25.7115],[86.0159,25.7084],[86.0184,25.7057],[86.0259,25.7032],[86.0302,25.6998],[86.0337,25.6933],[86.033,25.6894],[86.0312,25.686],[86.0221,25.6804],[86.0171,25.6813],[86.0146,25.6783],[86.0124,25.6734],[86.0132,25.6665],[86.0122,25.6616],[86.0126,25.6609],[86.0153,25.6595],[86.0179,25.6627],[86.0209,25.6647],[86.0248,25.6653],[86.0299,25.6614],[86.0185,25.6504],[86.018,25.6485],[86.0292,25.6467],[86.0298,25.6424],[86.0295,25.6389],[86.0274,25.6363],[86.024,25.6345],[86.0227,25.6327],[86.0248,25.6184],[86.0248,25.6081],[86.0264,25.6032],[86.0197,25.5913],[86.0144,25.5906],[86.0002,25.5994],[85.9919,25.6052],[85.9777,25.6156],[85.9756,25.6158],[85.9701,25.6201],[85.9704,25.6278],[85.9638,25.6328],[85.9614,25.6376],[85.9569,25.6428],[85.9514,25.6445],[85.9486,25.6478],[85.9461,25.6527],[85.9406,25.6514],[85.9359,25.6534],[85.9345,25.6488],[85.9228,25.6462],[85.9184,25.6471],[85.9134,25.6417],[85.9072,25.6419],[85.9009,25.6452],[85.897,25.6485],[85.8954,25.653],[85.8913,25.6538],[85.8888,25.6511],[85.8888,25.6473],[85.8862,25.6451],[85.8841,25.641],[85.8801,25.637],[85.8768,25.6367],[85.8818,25.6473],[85.8807,25.6519],[85.8816,25.6583],[85.8807,25.665],[85.8765,25.6661],[85.8716,25.6655],[85.872,25.6612],[85.8698,25.6609],[85.87,25.648],[85.8624,25.6447],[85.8585,25.6458],[85.857,25.6425],[85.8554,25.6418],[85.8514,25.6452],[85.8426,25.645],[85.8406,25.6423],[85.8426,25.6391],[85.8402,25.637],[85.8384,25.6325],[85.8372,25.6265],[85.8301,25.6226],[85.8279,25.6178],[85.8305,25.6152],[85.8451,25.6081],[85.8477,25.6047],[85.8483,25.5936],[85.8494,25.59],[85.8465,25.5864],[85.8433,25.5762],[85.82,25.5789],[85.8139,25.5781],[85.8092,25.5788],[85.8022,25.5818],[85.7755,25.5881],[85.7727,25.5868],[85.7718,25.5833],[85.7717,25.578],[85.7684,25.5738],[85.7633,25.569],[85.7586,25.567],[85.7543,25.5631],[85.7474,25.5609],[85.7457,25.5587],[85.7455,25.5484],[85.7446,25.5416],[85.7392,25.5409],[85.7381,25.5385],[85.7359,25.5267],[85.7301,25.5217],[85.7234,25.5256],[85.7196,25.5256],[85.7159,25.5164],[85.7145,25.5088],[85.7122,25.5057],[85.701,25.4975],[85.6826,25.4791],[85.6804,25.4789],[85.6807,25.4836],[85.6784,25.497],[85.6599,25.493],[85.6564,25.4935],[85.654,25.4972],[85.6566,25.4995],[85.6563,25.503],[85.6417,25.502],[85.6486,25.4798],[85.6497,25.4658],[85.6478,25.4645],[85.6394,25.4634],[85.6286,25.4645],[85.6158,25.4674],[85.6161,25.4714],[85.5924,25.4789],[85.6123,25.488],[85.6007,25.4927],[85.5918,25.4931],[85.5828,25.4904],[85.5714,25.4894],[85.5548,25.4892],[85.5463,25.4872],[85.5399,25.4888],[85.5395,25.5011],[85.5388,25.5055],[85.5378,25.5089],[85.5329,25.5334],[85.5331,25.5438],[85.5383,25.5505],[85.5445,25.5496],[85.5518,25.5334],[85.5534,25.5376],[85.5586,25.5408],[85.5568,25.5587],[85.5547,25.5613],[85.5473,25.5622],[85.551,25.5697],[85.554,25.571],[85.5529,25.5729],[85.541,25.5747],[85.5386,25.5838],[85.5341,25.5849],[85.5345,25.6016],[85.54,25.6177],[85.5513,25.6176],[85.5533,25.6207],[85.554,25.6313],[85.558,25.638],[85.5585,25.6411],[85.5581,25.65],[85.5608,25.6521],[85.5601,25.6547],[85.5628,25.6564],[85.5726,25.6799],[85.5722,25.6838],[85.5783,25.6831],[85.5792,25.6848],[85.5843,25.6876],[85.5858,25.6966],[85.6002,25.6992],[85.6012,25.7048],[85.6081,25.7051],[85.6124,25.7069],[85.6152,25.7255],[85.6133,25.7263],[85.6121,25.7284],[85.6235,25.7524],[85.6205,25.7542],[85.6204,25.7565],[85.6237,25.7566],[85.6258,25.7585],[85.6245,25.7611],[85.6274,25.7625],[85.6296,25.7693],[85.628,25.7718],[85.6217,25.7692],[85.6206,25.7719],[85.6173,25.7704],[85.6128,25.7721],[85.6102,25.7842],[85.607,25.785],[85.6115,25.7903],[85.6077,25.7926],[85.6056,25.7971],[85.6081,25.8023],[85.6095,25.8079],[85.614,25.8158],[85.6181,25.8198],[85.6087,25.8267],[85.609,25.8296],[85.615,25.8328],[85.6151,25.8348],[85.6075,25.8414],[85.6033,25.8409],[85.6021,25.8423],[85.6054,25.8459],[85.6093,25.8487],[85.6091,25.8532],[85.6117,25.8568],[85.6087,25.8658],[85.6113,25.8718],[85.6155,25.8743],[85.6215,25.8754],[85.6237,25.8841],[85.6265,25.8857],[85.6264,25.889],[85.6233,25.892],[85.6273,25.8933],[85.6275,25.8957],[85.6258,25.8995],[85.6277,25.9042],[85.6368,25.9085],[85.6384,25.9145],[85.6335,25.9226],[85.6344,25.9322],[85.6375,25.938],[85.6304,25.9422],[85.6268,25.9474],[85.6255,25.9545],[85.6283,25.9659],[85.634,25.9704],[85.6323,25.9742],[85.6321,25.9774],[85.6266,25.9795],[85.6257,25.9837],[85.6223,25.9881],[85.6243,25.9982],[85.6249,26.0017],[85.6273,26.005],[85.6419,26.0032],[85.647,26.0041],[85.6476,26.0065],[85.6514,26.0083],[85.6554,26.0169],[85.6599,26.0189],[85.6647,26.0234],[85.6662,26.0266],[85.6745,26.0271],[85.6761,26.028],[85.6775,26.0262],[85.6813,26.0269],[85.6849,26.0342],[85.687,26.0409],[85.6906,26.047],[85.6981,26.0443],[85.7024,26.0567],[85.7038,26.0588],[85.7087,26.0626],[85.7114,26.0627],[85.7115,26.0642],[85.7082,26.0653],[85.7081,26.0683],[85.7102,26.0747],[85.7098,26.0788],[85.706,26.0836],[85.7047,26.087],[85.7075,26.0858],[85.7151,26.0903],[85.7185,26.0757],[85.7187,26.0679],[85.7198,26.0675],[85.7273,26.0698],[85.7286,26.0683],[85.7272,26.0643],[85.7227,26.0593],[85.7216,26.0571],[85.7211,26.0519],[85.7184,26.049],[85.719,26.0473],[85.7249,26.0454],[85.7262,26.0415],[85.7298,26.0367],[85.7339,26.0371],[85.7351,26.0432],[85.7378,26.0468],[85.7416,26.0483],[85.7479,26.0409],[85.749,26.036],[85.7505,26.0334],[85.7534,26.0321],[85.7554,26.0324],[85.7558,26.0349],[85.7534,26.0428],[85.7587,26.0496],[85.7608,26.0542],[85.7618,26.054],[85.7642,26.0563],[85.7643,26.0532],[85.762,26.048],[85.7646,26.0472],[85.765,26.044],[85.7643,26.0399],[85.7711,26.0437],[85.7744,26.0438],[85.7761,26.0425],[85.778,26.0387],[85.7834,26.0388],[85.8131,26.0321],[85.8145,26.0294],[85.8252,26.0262],[85.8301,26.0258],[85.8336,26.0275],[85.8363,26.0306],[85.8371,26.0336],[85.8459,26.0358],[85.8495,26.0321],[85.8436,26.0232],[85.8449,26.0216],[85.8481,26.0202],[85.8538,26.0199],[85.8668,26.022],[85.8631,26.0161],[85.863,26.0143],[85.867,26.0119],[85.867,26.0102],[85.8644,26.0074],[85.8644,26.0021],[85.8711,25.9919],[85.8702,25.9889],[85.8711,25.986],[85.8738,25.9852],[85.8766,25.9883],[85.8801,25.9903],[85.8829,25.99],[85.8836,25.9868],[85.8835,25.983],[85.8852,25.98],[85.89,25.9804],[85.8915,25.978],[85.9009,25.9762],[85.9046,25.9818],[85.9081,25.9814],[85.9133,25.9791],[85.9141,25.9783],[85.9178,25.9736],[85.916,25.9629],[85.9201,25.9603],[85.9202,25.9554],[85.9251,25.9563],[85.9261,25.9575],[85.9268,25.9634],[85.9319,25.9662],[85.932,25.9626],[85.9305,25.9578],[85.9355,25.9529],[85.9416,25.9569],[85.9415,25.9615],[85.9507,25.9605],[85.9533,25.9558],[85.9574,25.956],[85.959,25.9526],[85.9751,25.955],[85.9772,25.9504],[85.9823,25.9493],[85.9842,25.9478],[85.9834,25.9454],[85.9815,25.9443],[85.9815,25.9366],[85.9873,25.936],[85.9934,25.9372],[86.0007,25.9372],[86.0042,25.9321],[86.0054,25.933],[86.0049,25.9355],[86.0064,25.9368],[86.0102,25.9373],[86.0104,25.9393],[86.0093,25.9446],[86.0105,25.9453],[86.0189,25.9448],[86.0264,25.9471],[86.0351,25.9478],[86.0347,25.9448],[86.0385,25.9447],[86.0396,25.9472],[86.0428,25.9441],[86.0464,25.942],[86.0391,25.9374],[86.0394,25.9354],[86.0428,25.9333],[86.0491,25.9349],[86.0539,25.9312],[86.0565,25.9329],[86.0577,25.9327],[86.0545,25.9279],[86.0592,25.9252],[86.0614,25.9226],[86.0624,25.9189],[86.0668,25.9199],[86.0694,25.9149],[86.074,25.916],[86.0773,25.9108],[86.0802,25.9113],[86.0883,25.9032],[86.0893,25.9048],[86.0929,25.8966],[86.0981,25.9022],[86.0995,25.9079],[86.1029,25.9109],[86.1043,25.9089],[86.1041,25.9034],[86.1089,25.9025],[86.1096,25.894],[86.1238,25.8918],[86.125,25.8958],[86.1391,25.897],[86.1547,25.8957],[86.1622,25.8893],[86.1591,25.8836],[86.163,25.8795],[86.1722,25.8867],[86.1772,25.8875],[86.1753,25.894],[86.1832,25.8937],[86.1834,25.8913],[86.1863,25.8921],[86.1878,25.8953],[86.1955,25.8955],[86.1993,25.891],[86.2069,25.8912],[86.2095,25.8888],[86.2124,25.888],[86.2183,25.8923],[86.2296,25.8952],[86.2343,25.8988],[86.2334,25.9036],[86.241,25.9035],[86.2482,25.902],[86.2552,25.9066],[86.2592,25.9058],[86.2674,25.9075],[86.2788,25.9039],[86.2787,25.9003],[86.2912,25.9028],[86.2992,25.9018],[86.3036,25.8975],[86.3062,25.8912],[86.3106,25.8876],[86.312,25.8813],[86.3026,25.8766],[86.3111,25.8668]]]},"properties":{"district_name":"Samastipur","raw_district_name":"Samastipur","state_code":"BR","state_name":"Bihar","census_code":221,"data_source":"DataMeet India Maps (Census 2011 Boundaries)"}},{"type":"Feature","geometry":{"type":"Polygon","coordinates":[[[84.8987,26.2148],[84.9059,26.2032],[84.9073,26.1971],[84.9122,26.1935],[84.915,26.1839],[84.9183,26.1798],[84.9235,26.1775],[84.9196,26.1645],[84.9149,26.1598],[84.915,26.1531],[84.9174,26.147],[84.9179,26.1425],[84.9219,26.1366],[84.9289,26.1319],[84.9451,26.1174],[84.9462,26.108],[84.9493,26.1052],[84.9519,26.1045],[84.9496,26.1009],[84.9424,26.0969],[84.9414,26.0954],[84.947,26.0923],[84.9506,26.0916],[84.9505,26.0724],[84.9528,26.0634],[84.9494,26.057],[84.9484,26.0531],[84.9427,26.0514],[84.9351,26.0415],[84.94,26.0387],[84.9369,26.0293],[84.9394,26.0274],[84.9384,26.0246],[84.9412,26.0205],[84.9402,26.0167],[84.9545,26.0096],[84.9601,26.0081],[84.9627,26],[84.963,25.9987],[84.9633,25.9981],[84.9637,25.9975],[84.9641,25.9969],[84.9649,25.996],[84.9655,25.9955],[84.9662,25.9951],[84.9669,25.9947],[84.9681,25.9941],[84.9688,25.9938],[84.9696,25.9936],[84.9704,25.9934],[84.9712,25.9932],[84.9719,25.9932],[84.9727,25.9931],[84.9734,25.9932],[84.9741,25.9932],[84.9748,25.9934],[84.9755,25.9935],[84.9761,25.9938],[84.9767,25.9941],[84.9772,25.9944],[84.9778,25.9948],[84.9782,25.9952],[84.9787,25.9956],[84.9791,25.9961],[84.9795,25.9967],[84.9798,25.9972],[84.9801,25.9978],[84.9804,25.9985],[84.9806,25.9991],[84.9808,26],[84.984,26.0023],[84.9884,26.0045],[84.9941,26.0124],[85,26.0129],[85.0042,26.0073],[85.0118,25.999],[85.0227,25.9861],[85.029,25.985],[85.0369,25.9886],[85.0448,25.9895],[85.0545,25.9892],[85.0598,25.9874],[85.0604,25.9816],[85.0632,25.9778],[85.0696,25.9715],[85.0745,25.9652],[85.0757,25.959],[85.0751,25.9494],[85.0781,25.9372],[85.0831,25.9247],[85.0956,25.916],[85.1163,25.8914],[85.1184,25.8859],[85.1183,25.874],[85.1194,25.8603],[85.1253,25.8531],[85.1506,25.8424],[85.1578,25.8338],[85.1642,25.8356],[85.1672,25.8328],[85.1712,25.815],[85.1758,25.8047],[85.1767,25.7977],[85.182,25.7874],[85.1815,25.7814],[85.1775,25.7695],[85.1792,25.7596],[85.176,25.7534],[85.1787,25.7403],[85.19,25.7215],[85.1923,25.711],[85.1934,25.7011],[85.2003,25.675],[85.1975,25.6638],[85.1983,25.6547],[85.1979,25.6489],[85.2023,25.6368],[85.2011,25.6314],[85.195,25.624],[85.191,25.6246],[85.1797,25.6252],[85.1624,25.6256],[85.1521,25.6251],[85.1416,25.6264],[85.1336,25.6304],[85.1275,25.6358],[85.1221,25.6429],[85.1173,25.6475],[85.1151,25.6524],[85.1106,25.6579],[85.1046,25.6788],[85.0911,25.7027],[85.0881,25.7112],[85.0758,25.711],[85.0699,25.7139],[85.0599,25.7171],[85.0433,25.7245],[85.0358,25.7301],[85.0308,25.7316],[85.0207,25.7307],[85.0072,25.7316],[85.0039,25.7309],[84.9914,25.7253],[84.9899,25.7257],[84.985,25.7253],[84.9819,25.7239],[84.9788,25.7212],[84.9749,25.7205],[84.9719,25.7179],[84.9702,25.7137],[84.9692,25.7078],[84.9644,25.7101],[84.9587,25.7066],[84.9535,25.7016],[84.9473,25.7033],[84.943,25.7056],[84.9412,25.7039],[84.9413,25.6998],[84.93,25.7017],[84.9297,25.7049],[84.9283,25.7062],[84.924,25.7052],[84.921,25.7078],[84.911,25.7074],[84.9084,25.7086],[84.9067,25.7176],[84.8991,25.7157],[84.8956,25.7128],[84.8835,25.7116],[84.8799,25.7171],[84.873,25.717],[84.8711,25.7155],[84.868,25.7104],[84.8635,25.7092],[84.8601,25.7073],[84.8579,25.7009],[84.8594,25.698],[84.8538,25.6954],[84.8457,25.6956],[84.8413,25.6931],[84.8124,25.6985],[84.8091,25.6938],[84.8092,25.6906],[84.8156,25.6909],[84.8219,25.6901],[84.8202,25.6861],[84.8115,25.686],[84.8085,25.6847],[84.8031,25.689],[84.7985,25.6911],[84.7885,25.6889],[84.7863,25.6848],[84.7818,25.6859],[84.7801,25.6896],[84.771,25.6939],[84.7648,25.6951],[84.7619,25.6972],[84.7612,25.7025],[84.7527,25.7049],[84.7476,25.7077],[84.7225,25.7026],[84.689,25.7013],[84.6788,25.7077],[84.6702,25.7102],[84.6614,25.7104],[84.65,25.7054],[84.6395,25.7044],[84.6312,25.7056],[84.6249,25.7098],[84.6221,25.7143],[84.6224,25.7176],[84.6273,25.7172],[84.6274,25.7191],[84.615,25.7231],[84.6104,25.7262],[84.6066,25.7258],[84.5995,25.7266],[84.6038,25.7375],[84.6213,25.7292],[84.6325,25.7264],[84.6389,25.7268],[84.6382,25.7316],[84.6346,25.7401],[84.6306,25.7458],[84.6232,25.7513],[84.6115,25.756],[84.6089,25.7591],[84.6112,25.7708],[84.6185,25.7757],[84.623,25.7708],[84.6291,25.7708],[84.6274,25.7874],[84.6294,25.7908],[84.6286,25.7925],[84.6252,25.7939],[84.6192,25.799],[84.6066,25.808],[84.5955,25.818],[84.5798,25.8282],[84.5649,25.8358],[84.5553,25.8396],[84.5527,25.8283],[84.5413,25.8305],[84.5354,25.8326],[84.5347,25.8537],[84.5284,25.8594],[84.5367,25.863],[84.5483,25.8586],[84.549,25.8604],[84.5401,25.871],[84.5371,25.876],[84.515,25.8706],[84.4938,25.8875],[84.4872,25.8866],[84.475,25.8819],[84.4695,25.8869],[84.4592,25.8884],[84.4679,25.918],[84.4632,25.9203],[84.4625,25.9221],[84.463,25.9355],[84.4584,25.9354],[84.4623,25.9482],[84.462,25.9519],[84.4598,25.9541],[84.4495,25.9524],[84.4405,25.9607],[84.4456,25.9787],[84.4524,25.9794],[84.4552,25.9867],[84.4553,25.9928],[84.4312,25.9948],[84.4299,26.0009],[84.4292,26.0128],[84.411,26.0132],[84.4111,26.0193],[84.4136,26.0223],[84.4162,26.0324],[84.4287,26.0315],[84.4336,26.0287],[84.4423,26.0342],[84.4473,26.031],[84.455,26.0295],[84.4727,26.0275],[84.4957,26.034],[84.5038,26.0273],[84.5104,26.0281],[84.5226,26.0362],[84.552,26.0307],[84.5729,26.0332],[84.577,26.042],[84.5848,26.0437],[84.5907,26.0507],[84.5902,26.0555],[84.5947,26.0638],[84.5957,26.0719],[84.6023,26.0719],[84.6095,26.0679],[84.6135,26.064],[84.6155,26.0728],[84.616,26.0831],[84.6143,26.0882],[84.6208,26.0925],[84.6245,26.0898],[84.6264,26.0824],[84.635,26.0777],[84.6454,26.0761],[84.6664,26.0748],[84.6745,26.076],[84.6831,26.08],[84.708,26.0825],[84.7127,26.087],[84.7128,26.0923],[84.7193,26.1206],[84.7332,26.1241],[84.7337,26.1314],[84.7591,26.1412],[84.762,26.1478],[84.764,26.1683],[84.7719,26.1745],[84.7809,26.1762],[84.7827,26.1823],[84.778,26.1903],[84.7788,26.1982],[84.7687,26.2025],[84.7634,26.2109],[84.7721,26.2093],[84.789,26.2097],[84.7933,26.205],[84.8124,26.2106],[84.861,26.215],[84.8677,26.2209],[84.8742,26.2181],[84.8987,26.2148]]]},"properties":{"district_name":"Saran (chhapra)","raw_district_name":"Saran (chhapra)","state_code":"BR","state_name":"Bihar","census_code":219,"data_source":"DataMeet India Maps (Census 2011 Boundaries)"}},{"type":"Feature","geometry":{"type":"Polygon","coordinates":[[[85.9187,25.2395],[85.9327,25.2389],[85.9421,25.2374],[85.9457,25.233],[85.9497,25.2265],[85.952,25.218],[85.9541,25.2129],[85.9618,25.2039],[85.9702,25.1942],[85.9772,25.1844],[85.9836,25.1738],[85.9884,25.1622],[85.9889,25.1557],[85.9862,25.1508],[85.9841,25.1488],[85.9823,25.1472],[85.9685,25.1424],[85.964,25.1394],[85.9622,25.1358],[85.9613,25.1199],[85.9614,25.1088],[85.9617,25.1035],[85.9613,25.099],[85.959,25.093],[85.9585,25.0895],[85.9583,25.0837],[85.9604,25.0772],[85.9595,25.0735],[85.9574,25.0711],[85.9524,25.0679],[85.9462,25.0655],[85.9365,25.0634],[85.9346,25.0625],[85.9325,25.061],[85.9316,25.0589],[85.9334,25.048],[85.9329,25.0455],[85.9302,25.044],[85.9236,25.0444],[85.9183,25.0425],[85.9147,25.0407],[85.9152,25.0363],[85.9143,25.0338],[85.9116,25.0311],[85.9099,25.0278],[85.9102,25.0204],[85.912,25.0132],[85.9082,25.012],[85.9061,25.0108],[85.899,25.0069],[85.8916,25.0025],[85.8876,25.0018],[85.881,25.0021],[85.8752,25.0017],[85.8695,25],[85.8622,24.996],[85.858,24.9938],[85.8533,24.9914],[85.8407,24.9842],[85.8381,24.9829],[85.838,24.9831],[85.8376,24.9855],[85.8401,24.9871],[85.8383,24.9876],[85.8387,24.9898],[85.836,24.9942],[85.8214,24.99],[85.8168,24.9871],[85.8103,24.9769],[85.8068,24.9732],[85.801,24.9773],[85.7951,24.98],[85.7966,24.9825],[85.7923,24.9888],[85.7879,24.9906],[85.7833,25.0025],[85.7842,25.0061],[85.777,25.0077],[85.7731,25.0077],[85.77,25.0049],[85.7693,25.0025],[85.7724,24.9928],[85.768,24.9928],[85.7652,24.9909],[85.7584,24.992],[85.7546,24.9943],[85.753,25.0024],[85.753,25.0036],[85.7468,25.0085],[85.748,25.0183],[85.763,25.018],[85.7701,25.0185],[85.7728,25.02],[85.7741,25.0231],[85.7733,25.0255],[85.769,25.0264],[85.7675,25.0285],[85.769,25.0318],[85.7673,25.0371],[85.7712,25.0448],[85.77,25.0499],[85.77,25.0595],[85.774,25.0674],[85.7707,25.0771],[85.7707,25.081],[85.7768,25.0822],[85.7741,25.0883],[85.7771,25.0934],[85.7731,25.0972],[85.7671,25.1002],[85.7596,25.1022],[85.7589,25.1075],[85.755,25.1088],[85.7525,25.1065],[85.7468,25.0988],[85.7414,25.0973],[85.7352,25.0972],[85.7288,25.0961],[85.7245,25.0929],[85.715,25.0988],[85.7115,25.0992],[85.708,25.1005],[85.7036,25.099],[85.7008,25.0965],[85.6983,25.1],[85.699,25.1037],[85.6974,25.1077],[85.6862,25.1129],[85.6816,25.1114],[85.6741,25.1055],[85.6707,25.1053],[85.6669,25.1067],[85.6627,25.1071],[85.6577,25.1052],[85.6512,25.1045],[85.6409,25.0991],[85.6214,25.1159],[85.6158,25.1161],[85.612,25.114],[85.609,25.1086],[85.6064,25.1064],[85.6044,25.1081],[85.6041,25.1127],[85.6066,25.129],[85.6243,25.1322],[85.6324,25.1321],[85.6555,25.1241],[85.6633,25.1243],[85.6691,25.1257],[85.6877,25.1356],[85.6896,25.1486],[85.6927,25.1594],[85.6966,25.1645],[85.7015,25.1652],[85.7039,25.1673],[85.7021,25.1713],[85.6963,25.1709],[85.6957,25.1793],[85.6967,25.1919],[85.7019,25.1914],[85.7053,25.1901],[85.7166,25.1898],[85.7205,25.189],[85.721,25.195],[85.7236,25.1988],[85.7285,25.1975],[85.7297,25.2008],[85.7287,25.2057],[85.7247,25.2096],[85.7247,25.219],[85.7204,25.2237],[85.7002,25.2326],[85.6997,25.2438],[85.7011,25.255],[85.7002,25.2661],[85.7021,25.2697],[85.7167,25.2724],[85.7244,25.2761],[85.7292,25.2775],[85.7345,25.2764],[85.7368,25.2733],[85.737,25.2639],[85.7458,25.262],[85.7594,25.2614],[85.762,25.2652],[85.7716,25.2634],[85.771,25.2447],[85.7772,25.2444],[85.7816,25.245],[85.792,25.251],[85.7929,25.2481],[85.7873,25.2345],[85.7867,25.2263],[85.7873,25.2176],[85.7939,25.2185],[85.7963,25.2198],[85.7966,25.2235],[85.8003,25.2295],[85.804,25.2292],[85.8129,25.2258],[85.8176,25.2256],[85.8198,25.2195],[85.824,25.2176],[85.8292,25.218],[85.8341,25.2224],[85.8355,25.2303],[85.8392,25.2324],[85.8423,25.2391],[85.8543,25.242],[85.8605,25.2417],[85.8667,25.2424],[85.87,25.2395],[85.8741,25.2386],[85.8756,25.2325],[85.8851,25.2294],[85.8926,25.2289],[85.9065,25.2318],[85.9102,25.234],[85.9187,25.2395]]]},"properties":{"district_name":"Sheikhpura","raw_district_name":"Sheikhpura","state_code":"BR","state_name":"Bihar","census_code":228,"data_source":"DataMeet India Maps (Census 2011 Boundaries)"}},{"type":"Feature","geometry":{"type":"Polygon","coordinates":[[[85.2671,26.3992],[85.2652,26.3999],[85.2592,26.3983],[85.2555,26.4012],[85.2537,26.4039],[85.2532,26.4083],[85.2613,26.4116],[85.2616,26.4107],[85.2624,26.413],[85.2574,26.4169],[85.254,26.4155],[85.2465,26.41],[85.2459,26.414],[85.2478,26.4181],[85.2459,26.4211],[85.2418,26.4205],[85.2397,26.4226],[85.2354,26.4228],[85.2334,26.4155],[85.2308,26.4165],[85.2282,26.4207],[85.2271,26.4252],[85.225,26.4242],[85.2108,26.4267],[85.2113,26.4336],[85.2198,26.433],[85.2174,26.4388],[85.2093,26.4463],[85.2091,26.4473],[85.2162,26.4478],[85.2164,26.4513],[85.2135,26.4541],[85.2041,26.4586],[85.2015,26.4675],[85.1933,26.4691],[85.1925,26.4728],[85.1887,26.4746],[85.1897,26.4777],[85.1835,26.484],[85.1815,26.4884],[85.1844,26.4934],[85.1831,26.4946],[85.1835,26.4972],[85.1864,26.4984],[85.204,26.4988],[85.2182,26.5011],[85.22,26.503],[85.225,26.5036],[85.2269,26.5092],[85.2236,26.5137],[85.2219,26.5196],[85.2269,26.5223],[85.225,26.5315],[85.2232,26.5315],[85.2203,26.5371],[85.2226,26.5432],[85.2233,26.548],[85.2248,26.5498],[85.2318,26.5501],[85.2344,26.5496],[85.2363,26.5507],[85.2349,26.5556],[85.2374,26.5593],[85.2406,26.56],[85.2409,26.5616],[85.2369,26.5656],[85.2349,26.5688],[85.2428,26.5713],[85.2464,26.5697],[85.2496,26.5718],[85.2503,26.5761],[85.2607,26.584],[85.2638,26.5898],[85.2651,26.6003],[85.2643,26.609],[85.2652,26.6096],[85.2688,26.6089],[85.274,26.6153],[85.272,26.6166],[85.2743,26.6214],[85.276,26.6285],[85.2784,26.6282],[85.2778,26.631],[85.2708,26.6355],[85.2688,26.6377],[85.2689,26.6377],[85.2793,26.6382],[85.2963,26.6437],[85.311,26.6458],[85.3162,26.6459],[85.3217,26.646],[85.3308,26.6446],[85.3358,26.6439],[85.3426,26.6406],[85.3478,26.6345],[85.3493,26.6318],[85.3524,26.6205],[85.3594,26.5953],[85.3598,26.5685],[85.3612,26.561],[85.3641,26.5589],[85.3696,26.5574],[85.3752,26.5569],[85.3763,26.5542],[85.3743,26.5503],[85.3676,26.5398],[85.3666,26.5368],[85.3669,26.5338],[85.368,26.5324],[85.3734,26.5283],[85.3832,26.5236],[85.3864,26.5207],[85.3882,26.5163],[85.3881,26.5083],[85.3849,26.4994],[85.3831,26.4911],[85.3803,26.4889],[85.3772,26.4879],[85.367,26.4872],[85.3607,26.488],[85.3502,26.489],[85.3457,26.4886],[85.3405,26.4861],[85.3234,26.4742],[85.3154,26.4688],[85.298,26.4592],[85.2829,26.4494],[85.2806,26.447],[85.2823,26.4431],[85.2868,26.4398],[85.289,26.4353],[85.2851,26.431],[85.2812,26.4241],[85.2784,26.4154],[85.2671,26.3992],[85.2671,26.3992]]]},"properties":{"district_name":"Sheohar","raw_district_name":"Sheohar","state_code":"BR","state_name":"Bihar","census_code":205,"data_source":"DataMeet India Maps (Census 2011 Boundaries)"}},{"type":"Feature","geometry":{"type":"Polygon","coordinates":[[[85.8189,26.603],[85.8221,26.5962],[85.8145,26.5917],[85.8183,26.5858],[85.8154,26.5773],[85.8129,26.5733],[85.8098,26.5712],[85.8104,26.5699],[85.8125,26.5686],[85.8114,26.5634],[85.8081,26.5559],[85.8119,26.552],[85.8195,26.5508],[85.8277,26.5424],[85.8275,26.537],[85.8239,26.5313],[85.8201,26.5278],[85.8192,26.5258],[85.8124,26.5224],[85.811,26.5183],[85.8079,26.5157],[85.8111,26.5138],[85.8113,26.5116],[85.8048,26.5113],[85.8025,26.506],[85.8003,26.5043],[85.8001,26.5015],[85.7991,26.4996],[85.7966,26.4979],[85.7888,26.4982],[85.7893,26.503],[85.7916,26.5058],[85.7925,26.509],[85.7924,26.5181],[85.7861,26.5171],[85.7834,26.519],[85.78,26.5192],[85.7737,26.514],[85.7706,26.5125],[85.7706,26.5104],[85.7729,26.5091],[85.7729,26.5077],[85.7696,26.5047],[85.766,26.4988],[85.7606,26.4978],[85.7619,26.4904],[85.7716,26.4898],[85.7743,26.4871],[85.7753,26.485],[85.775,26.4836],[85.7722,26.4835],[85.7728,26.4805],[85.7766,26.4798],[85.7786,26.4784],[85.7843,26.478],[85.7869,26.4801],[85.7896,26.4791],[85.7911,26.4822],[85.7894,26.4845],[85.7942,26.4845],[85.7965,26.483],[85.803,26.4821],[85.805,26.4828],[85.809,26.4804],[85.808,26.4789],[85.8088,26.4778],[85.8119,26.4766],[85.814,26.4769],[85.8146,26.4706],[85.8069,26.4692],[85.8055,26.4613],[85.8027,26.4615],[85.7972,26.4592],[85.7959,26.456],[85.7787,26.464],[85.777,26.4619],[85.7662,26.4713],[85.762,26.4731],[85.7573,26.4736],[85.7547,26.4732],[85.7527,26.4709],[85.7528,26.4687],[85.7549,26.4635],[85.7566,26.4545],[85.7629,26.4505],[85.7698,26.4486],[85.7737,26.4463],[85.7742,26.4449],[85.7708,26.4412],[85.7684,26.4406],[85.7682,26.44],[85.7696,26.439],[85.7689,26.4356],[85.7667,26.4348],[85.7585,26.4356],[85.7534,26.4345],[85.7453,26.4344],[85.7382,26.4364],[85.7252,26.4478],[85.7179,26.4455],[85.7148,26.448],[85.7102,26.446],[85.7079,26.4416],[85.7091,26.4388],[85.7114,26.4366],[85.7119,26.4335],[85.7093,26.4304],[85.707,26.423],[85.6983,26.4164],[85.6912,26.4148],[85.6902,26.4137],[85.6902,26.4084],[85.6887,26.403],[85.6971,26.3918],[85.6923,26.377],[85.6932,26.376],[85.6962,26.3756],[85.7008,26.3764],[85.7037,26.3711],[85.7044,26.3679],[85.7073,26.3644],[85.7117,26.3618],[85.7147,26.3621],[85.7182,26.3613],[85.7175,26.3591],[85.7159,26.3575],[85.7064,26.357],[85.7039,26.3543],[85.7018,26.3533],[85.6899,26.3543],[85.6759,26.3573],[85.674,26.3558],[85.6731,26.3538],[85.6742,26.352],[85.6779,26.3509],[85.6851,26.3503],[85.686,26.3476],[85.6961,26.3446],[85.7016,26.3398],[85.7019,26.3464],[85.6996,26.3507],[85.7008,26.3517],[85.7073,26.3527],[85.716,26.3515],[85.7245,26.3493],[85.7316,26.3437],[85.732,26.3418],[85.7304,26.3392],[85.7293,26.3276],[85.7341,26.3242],[85.7317,26.3171],[85.7253,26.3165],[85.7293,26.3119],[85.7246,26.3083],[85.7226,26.3137],[85.7123,26.314],[85.7112,26.3102],[85.7047,26.3066],[85.7024,26.3083],[85.698,26.3066],[85.6969,26.3108],[85.6919,26.3185],[85.6833,26.3211],[85.6786,26.321],[85.6724,26.3149],[85.6644,26.3183],[85.6612,26.3175],[85.6581,26.3205],[85.6537,26.3193],[85.6496,26.3225],[85.6424,26.3186],[85.6407,26.3196],[85.6323,26.3176],[85.6299,26.3198],[85.6351,26.3271],[85.6356,26.331],[85.6346,26.3327],[85.6274,26.3365],[85.6198,26.3344],[85.6166,26.3348],[85.6153,26.3338],[85.6128,26.3347],[85.6122,26.3364],[85.6132,26.3416],[85.616,26.3392],[85.617,26.3419],[85.6171,26.3462],[85.6139,26.3499],[85.6055,26.3523],[85.6023,26.3513],[85.5984,26.3549],[85.5926,26.3553],[85.5884,26.3601],[85.5818,26.3641],[85.5751,26.3643],[85.5752,26.3661],[85.5796,26.3725],[85.5849,26.384],[85.5805,26.3936],[85.5708,26.3893],[85.5666,26.3858],[85.5624,26.3851],[85.5597,26.3856],[85.5558,26.3802],[85.5525,26.3726],[85.5484,26.3696],[85.5387,26.3723],[85.5352,26.3712],[85.5322,26.3745],[85.5327,26.3787],[85.5258,26.376],[85.5223,26.3757],[85.5098,26.3815],[85.507,26.381],[85.5052,26.3775],[85.5028,26.3761],[85.5031,26.3712],[85.5022,26.3635],[85.4991,26.3618],[85.4976,26.3629],[85.495,26.356],[85.4929,26.3537],[85.4904,26.353],[85.4864,26.3547],[85.4852,26.3503],[85.484,26.3487],[85.4821,26.3486],[85.4809,26.3364],[85.4777,26.3363],[85.4762,26.3342],[85.4708,26.3342],[85.4691,26.3328],[85.4728,26.328],[85.469,26.3267],[85.4671,26.3211],[85.4633,26.3188],[85.4652,26.3152],[85.4657,26.3112],[85.4626,26.3014],[85.4588,26.3002],[85.4563,26.2926],[85.4537,26.2908],[85.45,26.2907],[85.4403,26.2705],[85.4383,26.273],[85.4425,26.2829],[85.4399,26.2828],[85.4329,26.2764],[85.4235,26.2725],[85.423,26.2732],[85.4278,26.2787],[85.4275,26.2814],[85.4295,26.292],[85.4237,26.2874],[85.4224,26.2841],[85.4123,26.2707],[85.4103,26.276],[85.41,26.2796],[85.4077,26.2821],[85.4076,26.2853],[85.4055,26.2894],[85.4079,26.2899],[85.4109,26.2891],[85.4132,26.2899],[85.4101,26.2922],[85.4064,26.2928],[85.4026,26.2912],[85.3981,26.2804],[85.3959,26.2794],[85.3936,26.2823],[85.3931,26.2874],[85.3943,26.291],[85.3973,26.2941],[85.4051,26.2965],[85.402,26.2995],[85.4009,26.3018],[85.4017,26.3045],[85.4035,26.3052],[85.4092,26.3025],[85.4157,26.3021],[85.4173,26.3049],[85.41,26.3187],[85.4028,26.3184],[85.3994,26.3109],[85.3929,26.3222],[85.3878,26.325],[85.384,26.323],[85.3912,26.3204],[85.3925,26.3138],[85.3953,26.3085],[85.3932,26.3079],[85.3895,26.3082],[85.3838,26.3098],[85.3804,26.3121],[85.3773,26.3159],[85.3766,26.3207],[85.3777,26.3252],[85.3773,26.3295],[85.3724,26.342],[85.3624,26.347],[85.357,26.3447],[85.3526,26.3445],[85.3547,26.3377],[85.3509,26.3388],[85.3467,26.3443],[85.3424,26.3446],[85.3423,26.3418],[85.3379,26.3439],[85.3365,26.34],[85.337,26.3328],[85.3387,26.3292],[85.3363,26.3274],[85.3319,26.331],[85.3292,26.3345],[85.3285,26.3387],[85.3301,26.3452],[85.3289,26.3498],[85.3184,26.3466],[85.3101,26.3493],[85.3059,26.3481],[85.2999,26.3439],[85.2916,26.3538],[85.2896,26.3534],[85.2881,26.3491],[85.2845,26.3462],[85.2827,26.346],[85.2831,26.3493],[85.2842,26.3544],[85.288,26.357],[85.2979,26.3571],[85.2956,26.3611],[85.2833,26.3636],[85.2812,26.366],[85.2836,26.3689],[85.295,26.3708],[85.2923,26.3763],[85.2928,26.3784],[85.2893,26.3803],[85.2875,26.3879],[85.2859,26.3887],[85.2881,26.3953],[85.2831,26.3958],[85.2781,26.3915],[85.2784,26.3873],[85.267,26.3935],[85.2671,26.3992],[85.2671,26.3992],[85.2671,26.3992],[85.2784,26.4154],[85.2812,26.4241],[85.2851,26.431],[85.289,26.4353],[85.2868,26.4398],[85.2823,26.4431],[85.2806,26.447],[85.2829,26.4494],[85.298,26.4592],[85.3154,26.4688],[85.3234,26.4742],[85.3405,26.4861],[85.3457,26.4886],[85.3502,26.489],[85.3607,26.488],[85.367,26.4872],[85.3772,26.4879],[85.3803,26.4889],[85.3831,26.4911],[85.3849,26.4994],[85.3881,26.5083],[85.3882,26.5163],[85.3864,26.5207],[85.3832,26.5236],[85.3734,26.5283],[85.368,26.5324],[85.3669,26.5338],[85.3666,26.5368],[85.3676,26.5398],[85.3743,26.5503],[85.3763,26.5542],[85.3752,26.5569],[85.3696,26.5574],[85.3641,26.5589],[85.3612,26.561],[85.3598,26.5685],[85.3594,26.5953],[85.3524,26.6205],[85.3493,26.6318],[85.3478,26.6345],[85.3426,26.6406],[85.3358,26.6439],[85.3308,26.6446],[85.3217,26.646],[85.3162,26.6459],[85.311,26.6458],[85.2963,26.6437],[85.2793,26.6382],[85.2689,26.6377],[85.2688,26.6377],[85.2688,26.6377],[85.2693,26.6418],[85.2699,26.6473],[85.2688,26.6496],[85.2692,26.654],[85.262,26.6582],[85.2599,26.6646],[85.256,26.665],[85.2537,26.6678],[85.2483,26.6578],[85.2396,26.6672],[85.2414,26.6737],[85.2418,26.6782],[85.2547,26.6864],[85.2578,26.6928],[85.2612,26.6896],[85.263,26.6942],[85.2595,26.7121],[85.259,26.719],[85.2608,26.7308],[85.2546,26.7339],[85.2604,26.747],[85.2574,26.7548],[85.2576,26.7562],[85.2584,26.7557],[85.2607,26.7556],[85.2645,26.7546],[85.2695,26.7541],[85.2753,26.7534],[85.2804,26.7531],[85.2856,26.7529],[85.2907,26.7524],[85.2957,26.7517],[85.3017,26.7522],[85.3078,26.7522],[85.314,26.7502],[85.3176,26.7488],[85.3223,26.7477],[85.3249,26.7464],[85.3276,26.7448],[85.3341,26.743],[85.3368,26.7414],[85.3418,26.7448],[85.3453,26.7481],[85.3498,26.7524],[85.354,26.757],[85.3589,26.7614],[85.3618,26.7631],[85.3649,26.7631],[85.3722,26.7578],[85.3772,26.7606],[85.3812,26.7641],[85.3845,26.7714],[85.388,26.7746],[85.3898,26.7747],[85.3948,26.7751],[85.3994,26.7772],[85.4039,26.7807],[85.4052,26.7837],[85.4082,26.7893],[85.4094,26.7909],[85.4144,26.7909],[85.4191,26.7899],[85.4221,26.7882],[85.4256,26.7862],[85.4326,26.787],[85.4343,26.7892],[85.4376,26.7892],[85.4442,26.7856],[85.4512,26.7823],[85.4547,26.781],[85.4568,26.7815],[85.4587,26.7821],[85.4612,26.7845],[85.4633,26.7862],[85.4673,26.7871],[85.4706,26.788],[85.4753,26.7893],[85.477,26.7903],[85.4792,26.793],[85.4793,26.7976],[85.4802,26.8023],[85.4855,26.7996],[85.4892,26.7981],[85.493,26.7967],[85.4964,26.7968],[85.4971,26.8009],[85.4983,26.8041],[85.4982,26.8084],[85.501,26.8127],[85.5075,26.8154],[85.5114,26.8151],[85.5173,26.8152],[85.5226,26.8129],[85.545,26.8374],[85.555,26.8339],[85.5572,26.8372],[85.559,26.8428],[85.5634,26.8421],[85.5673,26.8408],[85.5693,26.8467],[85.5713,26.8531],[85.5763,26.8596],[85.5849,26.8581],[85.5881,26.8541],[85.5883,26.8483],[85.5952,26.8503],[85.6031,26.8536],[85.6094,26.857],[85.6127,26.8609],[85.6173,26.8665],[85.6244,26.8739],[85.6372,26.8723],[85.64,26.8651],[85.6421,26.858],[85.6432,26.8531],[85.6438,26.8532],[85.6552,26.8499],[85.6622,26.8479],[85.6665,26.8464],[85.6781,26.8447],[85.683,26.842],[85.6947,26.8367],[85.706,26.8312],[85.7135,26.8261],[85.7218,26.8198],[85.7264,26.8167],[85.729,26.8099],[85.7274,26.8068],[85.7312,26.8013],[85.736,26.7949],[85.7363,26.7892],[85.7359,26.7775],[85.7345,26.7706],[85.7339,26.765],[85.7316,26.7591],[85.73,26.7534],[85.7299,26.7484],[85.7319,26.7446],[85.7354,26.7384],[85.7337,26.7353],[85.7337,26.7338],[85.7323,26.7319],[85.7302,26.7292],[85.7297,26.7269],[85.7272,26.7241],[85.7271,26.7209],[85.7284,26.7179],[85.7282,26.7153],[85.7261,26.7117],[85.725,26.7096],[85.7271,26.7069],[85.7271,26.7051],[85.725,26.7003],[85.725,26.6968],[85.7241,26.6926],[85.7242,26.6907],[85.7242,26.6871],[85.7256,26.6844],[85.7241,26.681],[85.7268,26.6766],[85.7284,26.6693],[85.7322,26.6678],[85.736,26.6646],[85.7363,26.6576],[85.7373,26.6504],[85.7423,26.6449],[85.7495,26.6408],[85.7587,26.6378],[85.7622,26.636],[85.7661,26.6331],[85.7689,26.6317],[85.778,26.6297],[85.7914,26.6269],[85.8022,26.6252],[85.8047,26.6209],[85.8063,26.6183],[85.8071,26.6163],[85.8075,26.6149],[85.8071,26.6142],[85.8064,26.6134],[85.8085,26.6113],[85.8105,26.6095],[85.8128,26.6071],[85.8158,26.605],[85.8182,26.6032],[85.8189,26.603]]]},"properties":{"district_name":"Sitamarhi","raw_district_name":"Sitamarhi","state_code":"BR","state_name":"Bihar","census_code":206,"data_source":"DataMeet India Maps (Census 2011 Boundaries)"}},{"type":"Feature","geometry":{"type":"Polygon","coordinates":[[[84.7634,26.2109],[84.7687,26.2025],[84.7788,26.1982],[84.778,26.1903],[84.7827,26.1823],[84.7809,26.1762],[84.7719,26.1745],[84.764,26.1683],[84.762,26.1478],[84.7591,26.1412],[84.7337,26.1314],[84.7332,26.1241],[84.7193,26.1206],[84.7128,26.0923],[84.7127,26.087],[84.708,26.0825],[84.6831,26.08],[84.6745,26.076],[84.6664,26.0748],[84.6454,26.0761],[84.635,26.0777],[84.6264,26.0824],[84.6245,26.0898],[84.6208,26.0925],[84.6143,26.0882],[84.616,26.0831],[84.6155,26.0728],[84.6135,26.064],[84.6095,26.0679],[84.6023,26.0719],[84.5957,26.0719],[84.5947,26.0638],[84.5902,26.0555],[84.5907,26.0507],[84.5848,26.0437],[84.577,26.042],[84.5729,26.0332],[84.552,26.0307],[84.5226,26.0362],[84.5104,26.0281],[84.5038,26.0273],[84.4957,26.034],[84.4727,26.0275],[84.455,26.0295],[84.4473,26.031],[84.4423,26.0342],[84.4336,26.0287],[84.4287,26.0315],[84.4162,26.0324],[84.4136,26.0223],[84.4111,26.0193],[84.411,26.0132],[84.4292,26.0128],[84.4299,26.0009],[84.4312,25.9948],[84.4553,25.9928],[84.4552,25.9867],[84.4524,25.9794],[84.4456,25.9787],[84.4405,25.9607],[84.4495,25.9524],[84.4598,25.9541],[84.462,25.9519],[84.4623,25.9482],[84.4584,25.9354],[84.463,25.9355],[84.4625,25.9221],[84.4632,25.9203],[84.4679,25.918],[84.4592,25.8884],[84.4522,25.8879],[84.4397,25.8908],[84.4362,25.8894],[84.4318,25.8906],[84.4327,25.8965],[84.43,25.9004],[84.4261,25.9096],[84.4178,25.9225],[84.4168,25.9295],[84.3949,25.9363],[84.3736,25.9486],[84.36,25.9574],[84.3574,25.958],[84.3523,25.9568],[84.3224,25.946],[84.3179,25.9449],[84.3117,25.9444],[84.3049,25.945],[84.3002,25.9463],[84.2923,25.9536],[84.284,25.9593],[84.2732,25.9652],[84.2633,25.9691],[84.2532,25.9748],[84.2491,25.9807],[84.2439,25.9839],[84.2321,25.9891],[84.2228,25.9941],[84.2105,25.9985],[84.2034,25.9892],[84.201,25.9874],[84.1851,25.9956],[84.1811,25.9967],[84.1789,25.9895],[84.1749,25.9894],[84.1747,26.0006],[84.176,26.0233],[84.1678,26.0301],[84.1454,26.0448],[84.1367,26.0533],[84.1248,26.0727],[84.116,26.0795],[84.0998,26.0943],[84.09,26.0975],[84.0781,26.0968],[84.0579,26.0974],[84.0571,26.1015],[84.054,26.104],[84.0511,26.1093],[84.0525,26.1148],[84.0507,26.1182],[84.0541,26.1181],[84.0513,26.1292],[84.0425,26.1351],[84.027,26.1428],[84.0325,26.1518],[84.0362,26.1507],[84.0373,26.1573],[84.0367,26.1606],[84.0318,26.163],[84.0286,26.1617],[84.0227,26.1646],[84.0119,26.1758],[84.013,26.1783],[84.011,26.1877],[84.0179,26.1971],[84.024,26.195],[84.0294,26.1952],[84.0325,26.1985],[84.0322,26.2021],[84.0284,26.2036],[84.028,26.2069],[84.0298,26.2118],[84.0332,26.2173],[84.0294,26.2212],[84.0257,26.2192],[84.0184,26.2215],[84.0172,26.2229],[84.0145,26.2316],[84.0199,26.2334],[84.0194,26.2363],[84.0205,26.2382],[84.0231,26.2381],[84.0273,26.2363],[84.0295,26.2392],[84.033,26.2372],[84.0403,26.2366],[84.0401,26.2332],[84.0426,26.2297],[84.0557,26.2278],[84.0584,26.2232],[84.0662,26.2228],[84.0673,26.2243],[84.0825,26.2225],[84.0826,26.2186],[84.0883,26.2188],[84.0891,26.222],[84.0908,26.2247],[84.0885,26.2295],[84.0963,26.2342],[84.1003,26.2316],[84.1012,26.2378],[84.1093,26.2369],[84.1103,26.2407],[84.1194,26.2395],[84.1216,26.2473],[84.1189,26.2507],[84.1213,26.2542],[84.1219,26.2595],[84.1327,26.2565],[84.1349,26.2591],[84.1503,26.2554],[84.1543,26.2593],[84.1624,26.2429],[84.1662,26.2418],[84.1683,26.2436],[84.1646,26.2502],[84.1641,26.2554],[84.1663,26.2586],[84.1726,26.259],[84.1765,26.2617],[84.1803,26.2654],[84.1799,26.2681],[84.1771,26.2713],[84.1786,26.2749],[84.1799,26.2843],[84.1777,26.2905],[84.1805,26.3013],[84.1884,26.3094],[84.1907,26.3147],[84.1858,26.3201],[84.1762,26.3357],[84.1763,26.3578],[84.1786,26.3601],[84.1804,26.3716],[84.1894,26.3683],[84.1957,26.3621],[84.2019,26.3608],[84.2001,26.3564],[84.2157,26.3525],[84.2113,26.3474],[84.2142,26.3387],[84.2179,26.3337],[84.2289,26.3304],[84.235,26.3248],[84.2438,26.3233],[84.2449,26.3156],[84.2506,26.3132],[84.2649,26.3124],[84.2794,26.306],[84.2899,26.3165],[84.2959,26.3149],[84.3073,26.3176],[84.3134,26.3215],[84.3228,26.3297],[84.3415,26.3194],[84.3404,26.3107],[84.3435,26.3049],[84.3483,26.3014],[84.3572,26.2982],[84.3661,26.2994],[84.3648,26.3054],[84.3653,26.3287],[84.3705,26.3368],[84.3693,26.3429],[84.3698,26.354],[84.3645,26.363],[84.3655,26.3677],[84.3829,26.3701],[84.3883,26.3724],[84.4063,26.3666],[84.4153,26.3697],[84.421,26.369],[84.4363,26.3741],[84.4585,26.3691],[84.4603,26.3647],[84.4613,26.3554],[84.4563,26.3499],[84.4705,26.345],[84.477,26.3415],[84.481,26.344],[84.4847,26.3365],[84.4876,26.3347],[84.4998,26.3323],[84.5069,26.3345],[84.5131,26.3307],[84.52,26.3348],[84.523,26.3388],[84.5315,26.3372],[84.5528,26.3222],[84.5512,26.3168],[84.5426,26.3111],[84.5387,26.3057],[84.5566,26.2974],[84.5591,26.3129],[84.5702,26.3144],[84.5727,26.3214],[84.5912,26.3232],[84.5926,26.317],[84.598,26.3126],[84.6096,26.3109],[84.6144,26.3035],[84.6235,26.3024],[84.6458,26.3045],[84.6567,26.3038],[84.6534,26.2776],[84.6579,26.2727],[84.6751,26.2718],[84.6762,26.2677],[84.6848,26.2665],[84.6875,26.2622],[84.6847,26.2563],[84.6868,26.2389],[84.6936,26.2365],[84.7076,26.2398],[84.7169,26.2404],[84.7217,26.2334],[84.73,26.2321],[84.7346,26.2287],[84.7453,26.2268],[84.7569,26.2303],[84.7552,26.2125],[84.7634,26.2109]]]},"properties":{"district_name":"Siwan","raw_district_name":"Siwan","state_code":"BR","state_name":"Bihar","census_code":218,"data_source":"DataMeet India Maps (Census 2011 Boundaries)"}},{"type":"Feature","geometry":{"type":"Polygon","coordinates":[[[87.0931,26.0552],[87.0899,26.055],[87.0784,26.0575],[87.0695,26.0574],[87.0649,26.0564],[87.0614,26.0573],[87.0554,26.0631],[87.0526,26.0647],[87.049,26.0654],[87.0464,26.0644],[87.0425,26.0613],[87.0401,26.0609],[87.0301,26.0715],[87.0245,26.0754],[87.0188,26.0776],[87.0151,26.0778],[87.0125,26.077],[87.0083,26.073],[87.0026,26.0703],[86.9972,26.0664],[86.9859,26.0683],[86.9774,26.0715],[86.9353,26.0868],[86.9237,26.0857],[86.9126,26.0878],[86.8849,26.0907],[86.8726,26.0929],[86.8623,26.0934],[86.8509,26.0973],[86.8385,26.0996],[86.8353,26.1022],[86.8333,26.1063],[86.8307,26.109],[86.8273,26.1109],[86.8159,26.1118],[86.8111,26.11],[86.8059,26.1065],[86.7992,26.106],[86.7943,26.1032],[86.7825,26.0938],[86.7711,26.0938],[86.7693,26.0989],[86.7608,26.1021],[86.7616,26.1065],[86.7471,26.1135],[86.7396,26.12],[86.7328,26.1192],[86.7254,26.1059],[86.7218,26.0966],[86.7185,26.0945],[86.715,26.0899],[86.7055,26.0738],[86.6967,26.0679],[86.6931,26.0625],[86.6905,26.0527],[86.6926,26.0481],[86.6896,26.0449],[86.6879,26.0414],[86.6893,26.0353],[86.6802,26.0331],[86.6797,26.0259],[86.6723,26.0251],[86.6686,26.0225],[86.6602,26.0222],[86.6485,26.0253],[86.642,26.0254],[86.635,26.0285],[86.6269,26.0297],[86.6247,26.03],[86.6189,26.0294],[86.6143,26.0276],[86.6098,26.0241],[86.6034,26.0219],[86.5766,26.029],[86.5677,26.0301],[86.5627,26.0323],[86.5523,26.0349],[86.5485,26.0332],[86.5449,26.0287],[86.5415,26.0175],[86.5282,26.0132],[86.524,26.0052],[86.5167,25.9984],[86.5137,26.0015],[86.5103,26.003],[86.5092,26.0101],[86.5071,26.0131],[86.497,26.0195],[86.4901,26.0271],[86.4889,26.0345],[86.4915,26.0377],[86.5016,26.0448],[86.5053,26.0506],[86.5077,26.0569],[86.5057,26.0643],[86.4964,26.0629],[86.4922,26.06],[86.4888,26.0547],[86.486,26.0485],[86.4782,26.0547],[86.4627,26.0587],[86.4602,26.0628],[86.4597,26.074],[86.4576,26.0774],[86.454,26.0784],[86.4506,26.0772],[86.4452,26.0735],[86.4375,26.078],[86.4307,26.0731],[86.4289,26.0754],[86.4289,26.0754],[86.4289,26.0755],[86.4271,26.0772],[86.4321,26.0803],[86.4338,26.0829],[86.4349,26.0863],[86.435,26.0909],[86.4374,26.0938],[86.438,26.0982],[86.4409,26.1026],[86.4465,26.1038],[86.4495,26.1118],[86.4538,26.1128],[86.4575,26.1151],[86.4584,26.1202],[86.4614,26.1256],[86.4665,26.1282],[86.4726,26.1296],[86.4855,26.1311],[86.4925,26.1282],[86.5057,26.1251],[86.5147,26.1321],[86.5167,26.1363],[86.5218,26.1396],[86.5244,26.146],[86.5284,26.1504],[86.5286,26.1542],[86.5274,26.1576],[86.5246,26.1604],[86.5147,26.1642],[86.5073,26.1662],[86.5061,26.1706],[86.5042,26.1716],[86.5017,26.1703],[86.4984,26.1627],[86.492,26.162],[86.4838,26.1592],[86.4787,26.1546],[86.4681,26.1531],[86.4632,26.1552],[86.4632,26.158],[86.4565,26.162],[86.4544,26.1654],[86.4514,26.1751],[86.4481,26.1766],[86.4458,26.175],[86.4452,26.1694],[86.4408,26.1636],[86.4329,26.1623],[86.4294,26.1627],[86.4295,26.1652],[86.4315,26.1693],[86.4292,26.1706],[86.4267,26.1704],[86.4252,26.1691],[86.4246,26.1671],[86.4253,26.1644],[86.4248,26.1635],[86.4243,26.1628],[86.4132,26.1656],[86.4136,26.1728],[86.4079,26.1746],[86.399,26.1759],[86.3992,26.1841],[86.4009,26.1863],[86.4054,26.1898],[86.4039,26.1984],[86.3973,26.2053],[86.3986,26.2092],[86.4022,26.2098],[86.4033,26.2043],[86.4061,26.2021],[86.4226,26.1995],[86.4261,26.2013],[86.4339,26.2098],[86.4321,26.2136],[86.4316,26.2167],[86.4341,26.2235],[86.4376,26.2285],[86.4421,26.2263],[86.4452,26.2185],[86.4494,26.2172],[86.455,26.2166],[86.4617,26.2168],[86.4687,26.2186],[86.4714,26.2221],[86.4855,26.2207],[86.492,26.2219],[86.4931,26.2257],[86.4969,26.2272],[86.5049,26.2245],[86.5085,26.2253],[86.5107,26.2287],[86.5129,26.2374],[86.5117,26.2479],[86.5093,26.2538],[86.5112,26.2587],[86.5103,26.2607],[86.4964,26.2611],[86.4962,26.2687],[86.4978,26.2742],[86.5014,26.2817],[86.5117,26.2817],[86.5141,26.2836],[86.5197,26.2991],[86.5254,26.3066],[86.5345,26.3092],[86.549,26.3098],[86.5527,26.3135],[86.558,26.3242],[86.5694,26.3263],[86.5727,26.3344],[86.5794,26.3375],[86.5879,26.3374],[86.5888,26.3445],[86.5947,26.3448],[86.6012,26.3439],[86.6039,26.3412],[86.606,26.3413],[86.6075,26.3407],[86.6178,26.3365],[86.6219,26.338],[86.6221,26.3424],[86.6254,26.35],[86.6291,26.3536],[86.6302,26.3586],[86.6369,26.3635],[86.6454,26.3658],[86.6465,26.3694],[86.6516,26.3704],[86.6588,26.3673],[86.6657,26.3672],[86.6659,26.3704],[86.6689,26.3722],[86.673,26.3717],[86.6765,26.3735],[86.6887,26.3725],[86.6918,26.3712],[86.6942,26.3727],[86.6922,26.3786],[86.6932,26.3805],[86.698,26.3811],[86.6942,26.3843],[86.6938,26.3861],[86.6949,26.3915],[86.7019,26.3955],[86.7017,26.4023],[86.7033,26.4065],[86.7076,26.4118],[86.7117,26.4268],[86.7249,26.4312],[86.7298,26.4257],[86.7351,26.4244],[86.7414,26.4277],[86.7471,26.4324],[86.7511,26.4387],[86.7553,26.4467],[86.763,26.4464],[86.7661,26.4545],[86.7728,26.4583],[86.7783,26.4563],[86.7857,26.4524],[86.7903,26.4504],[86.7952,26.4481],[86.8023,26.4465],[86.8086,26.4443],[86.818,26.4417],[86.8233,26.4404],[86.8305,26.4397],[86.8368,26.4397],[86.8429,26.4399],[86.8488,26.4453],[86.8553,26.4483],[86.8608,26.4528],[86.8661,26.4554],[86.8729,26.4555],[86.8822,26.4582],[86.8873,26.4605],[86.8968,26.4616],[86.8961,26.4694],[86.8947,26.4747],[86.8927,26.481],[86.8964,26.4867],[86.906,26.4877],[86.9319,26.4885],[86.9315,26.4975],[86.9323,26.5036],[86.9331,26.5118],[86.9405,26.516],[86.9468,26.5173],[86.957,26.5199],[86.9637,26.522],[86.9778,26.5194],[86.9866,26.528],[86.9997,26.5273],[87.016,26.5337],[87.0274,26.5489],[87.0378,26.5613],[87.0398,26.5609],[87.0427,26.5587],[87.044,26.5544],[87.0566,26.5536],[87.0598,26.5482],[87.0612,26.543],[87.0614,26.538],[87.0552,26.536],[87.0532,26.5319],[87.0529,26.5269],[87.0533,26.5246],[87.0561,26.5211],[87.0561,26.5117],[87.0474,26.5086],[87.0461,26.5037],[87.0477,26.4977],[87.051,26.4942],[87.0553,26.4915],[87.0583,26.4886],[87.0586,26.4856],[87.0511,26.4843],[87.0507,26.4826],[87.0509,26.4824],[87.0525,26.481],[87.0506,26.479],[87.0548,26.4746],[87.0568,26.4674],[87.0602,26.4654],[87.0643,26.4646],[87.0671,26.4614],[87.0669,26.4585],[87.0611,26.4562],[87.0635,26.4531],[87.064,26.4481],[87.0667,26.4453],[87.0685,26.4397],[87.0586,26.44],[87.0563,26.432],[87.0591,26.4288],[87.0651,26.4279],[87.0677,26.4252],[87.0678,26.4196],[87.0701,26.4136],[87.0739,26.4106],[87.0758,26.4072],[87.0726,26.403],[87.0678,26.4013],[87.0648,26.402],[87.064,26.4031],[87.0611,26.407],[87.0602,26.4095],[87.0563,26.4105],[87.057,26.4065],[87.0575,26.4033],[87.0594,26.3976],[87.0633,26.3958],[87.073,26.3844],[87.0753,26.3766],[87.0725,26.3732],[87.073,26.3688],[87.0658,26.3667],[87.062,26.3642],[87.0627,26.3596],[87.0667,26.3584],[87.0664,26.3545],[87.0693,26.3465],[87.0699,26.3381],[87.0673,26.3343],[87.0639,26.3369],[87.059,26.3374],[87.0551,26.3373],[87.0514,26.3351],[87.0462,26.3358],[87.0468,26.3311],[87.0455,26.3237],[87.0435,26.3219],[87.0389,26.3197],[87.0455,26.313],[87.0468,26.3052],[87.0482,26.3015],[87.0564,26.2983],[87.0691,26.2959],[87.0698,26.2937],[87.0662,26.2918],[87.0662,26.2867],[87.0651,26.2793],[87.0614,26.2715],[87.0641,26.2663],[87.0636,26.261],[87.0646,26.2524],[87.0666,26.2456],[87.0694,26.2438],[87.0706,26.24],[87.0741,26.2388],[87.0779,26.2353],[87.08,26.2317],[87.0751,26.2257],[87.0766,26.2223],[87.081,26.2209],[87.0858,26.2175],[87.0881,26.2144],[87.0923,26.2106],[87.0935,26.2083],[87.0934,26.2078],[87.093,26.2066],[87.0952,26.2031],[87.0884,26.1994],[87.0874,26.1965],[87.0879,26.1933],[87.084,26.1911],[87.0823,26.1886],[87.0839,26.1874],[87.0877,26.1875],[87.0961,26.1894],[87.1058,26.1888],[87.1101,26.1894],[87.112,26.185],[87.1112,26.1796],[87.1067,26.1717],[87.1013,26.1651],[87.0979,26.1626],[87.0987,26.1596],[87.1026,26.1555],[87.1022,26.1438],[87.1,26.139],[87.0966,26.1359],[87.0827,26.1354],[87.0813,26.1307],[87.0843,26.1245],[87.0838,26.1216],[87.0747,26.1194],[87.0702,26.1157],[87.0648,26.1145],[87.0603,26.109],[87.0657,26.1037],[87.0824,26.0984],[87.0934,26.0959],[87.1016,26.0948],[87.1111,26.0965],[87.1116,26.0893],[87.1097,26.0829],[87.1066,26.0793],[87.0964,26.074],[87.089,26.0718],[87.0856,26.0676],[87.09,26.0627],[87.0931,26.0606],[87.0931,26.0552]]]},"properties":{"district_name":"Supaul","raw_district_name":"Supaul","state_code":"BR","state_name":"Bihar","census_code":208,"data_source":"DataMeet India Maps (Census 2011 Boundaries)"}},{"type":"Feature","geometry":{"type":"Polygon","coordinates":[[[85.6335,25.9226],[85.6384,25.9145],[85.6368,25.9085],[85.6277,25.9042],[85.6258,25.8995],[85.6275,25.8957],[85.6273,25.8933],[85.6233,25.892],[85.6264,25.889],[85.6265,25.8857],[85.6237,25.8841],[85.6215,25.8754],[85.6155,25.8743],[85.6113,25.8718],[85.6087,25.8658],[85.6117,25.8568],[85.6091,25.8532],[85.6093,25.8487],[85.6054,25.8459],[85.6021,25.8423],[85.6033,25.8409],[85.6075,25.8414],[85.6151,25.8348],[85.615,25.8328],[85.609,25.8296],[85.6087,25.8267],[85.6181,25.8198],[85.614,25.8158],[85.6095,25.8079],[85.6081,25.8023],[85.6056,25.7971],[85.6077,25.7926],[85.6115,25.7903],[85.607,25.785],[85.6102,25.7842],[85.6128,25.7721],[85.6173,25.7704],[85.6206,25.7719],[85.6217,25.7692],[85.628,25.7718],[85.6296,25.7693],[85.6274,25.7625],[85.6245,25.7611],[85.6258,25.7585],[85.6237,25.7566],[85.6204,25.7565],[85.6205,25.7542],[85.6235,25.7524],[85.6121,25.7284],[85.6133,25.7263],[85.6152,25.7255],[85.6124,25.7069],[85.6081,25.7051],[85.6012,25.7048],[85.6002,25.6992],[85.5858,25.6966],[85.5843,25.6876],[85.5792,25.6848],[85.5783,25.6831],[85.5722,25.6838],[85.5726,25.6799],[85.5628,25.6564],[85.5601,25.6547],[85.5608,25.6521],[85.5581,25.65],[85.5585,25.6411],[85.558,25.638],[85.554,25.6313],[85.5533,25.6207],[85.5513,25.6176],[85.54,25.6177],[85.5345,25.6016],[85.5341,25.5849],[85.5386,25.5838],[85.541,25.5747],[85.5529,25.5729],[85.554,25.571],[85.551,25.5697],[85.5473,25.5622],[85.5547,25.5613],[85.5568,25.5587],[85.5586,25.5408],[85.5534,25.5376],[85.5518,25.5334],[85.5445,25.5496],[85.5383,25.5505],[85.5331,25.5438],[85.5329,25.5334],[85.5378,25.5089],[85.5388,25.5055],[85.5332,25.5061],[85.5271,25.5058],[85.5208,25.5023],[85.5163,25.5037],[85.5123,25.4996],[85.5108,25.4943],[85.5061,25.4847],[85.5024,25.4853],[85.5,25.4883],[85.4966,25.4945],[85.4788,25.4963],[85.4753,25.498],[85.4692,25.499],[85.4662,25.5008],[85.4596,25.5017],[85.4377,25.5148],[85.4302,25.4965],[85.4209,25.5005],[85.4074,25.5047],[85.4001,25.5067],[85.3936,25.5058],[85.3821,25.5064],[85.3502,25.5101],[85.3434,25.5119],[85.3284,25.5119],[85.3192,25.5131],[85.3115,25.5155],[85.3069,25.5193],[85.3026,25.5245],[85.2762,25.5666],[85.2632,25.5807],[85.2516,25.5961],[85.2443,25.6013],[85.2332,25.6074],[85.2203,25.6136],[85.195,25.624],[85.2011,25.6314],[85.2023,25.6368],[85.1979,25.6489],[85.1983,25.6547],[85.1975,25.6638],[85.2003,25.675],[85.1934,25.7011],[85.1923,25.711],[85.19,25.7215],[85.1787,25.7403],[85.176,25.7534],[85.1792,25.7596],[85.1775,25.7695],[85.1815,25.7814],[85.182,25.7874],[85.1767,25.7977],[85.1758,25.8047],[85.1712,25.815],[85.1672,25.8328],[85.1642,25.8356],[85.1578,25.8338],[85.1506,25.8424],[85.1253,25.8531],[85.1194,25.8603],[85.1183,25.874],[85.1184,25.8859],[85.1163,25.8914],[85.0956,25.916],[85.0831,25.9247],[85.0781,25.9372],[85.0751,25.9494],[85.0757,25.959],[85.0745,25.9652],[85.0696,25.9715],[85.075,25.9741],[85.0796,25.9685],[85.0837,25.9717],[85.0871,25.9763],[85.0924,25.9753],[85.0959,25.9727],[85.0983,25.9722],[85.099,25.9735],[85.098,25.9775],[85.1032,25.9766],[85.1085,25.977],[85.1105,25.981],[85.1074,25.9862],[85.1079,25.9915],[85.1148,25.9926],[85.1286,25.9874],[85.1345,25.9886],[85.1427,25.9881],[85.1491,25.9856],[85.1504,25.9916],[85.1493,25.9998],[85.1487,26.006],[85.1573,26.0064],[85.1573,26.0084],[85.1596,26.0073],[85.1596,26.009],[85.165,26.0089],[85.1704,26.0105],[85.1828,26.0094],[85.1882,26.0028],[85.1929,26.0018],[85.1995,26.0053],[85.206,26.0055],[85.2086,26.0046],[85.2108,26.0019],[85.2145,26.0023],[85.2159,26.0018],[85.2262,26.0026],[85.2284,26.0043],[85.2337,26.0023],[85.2357,26.0061],[85.2351,26.0125],[85.2352,26.0142],[85.237,26.0151],[85.2446,26.0135],[85.249,26.0115],[85.2549,26.0125],[85.2703,26.0132],[85.2748,26.0089],[85.2779,26.0093],[85.2782,26.0077],[85.284,26.0005],[85.2916,25.9936],[85.2991,25.9885],[85.2933,25.9778],[85.2927,25.9692],[85.289,25.9633],[85.2906,25.9573],[85.2878,25.9517],[85.2852,25.9503],[85.2859,25.9471],[85.2934,25.9417],[85.301,25.9437],[85.3109,25.9409],[85.3159,25.9412],[85.3211,25.9454],[85.3337,25.9484],[85.3391,25.9469],[85.3541,25.9376],[85.3643,25.938],[85.3643,25.9323],[85.3688,25.9316],[85.3699,25.9292],[85.3866,25.9273],[85.392,25.9331],[85.4001,25.933],[85.4062,25.9382],[85.4069,25.9418],[85.4102,25.9435],[85.412,25.9408],[85.4247,25.9392],[85.4301,25.9342],[85.4314,25.9301],[85.4355,25.9292],[85.4352,25.9269],[85.4413,25.9224],[85.4461,25.9228],[85.452,25.9211],[85.4563,25.9227],[85.4623,25.9221],[85.4653,25.9254],[85.464,25.9315],[85.4716,25.9281],[85.4848,25.9214],[85.4905,25.917],[85.4937,25.9055],[85.5015,25.9048],[85.5066,25.9019],[85.5111,25.9011],[85.5141,25.905],[85.5254,25.9158],[85.5356,25.919],[85.5399,25.9081],[85.5542,25.9046],[85.5582,25.9058],[85.5612,25.9177],[85.5628,25.921],[85.5674,25.9208],[85.572,25.9189],[85.5735,25.9189],[85.5742,25.9202],[85.5771,25.9211],[85.5786,25.9173],[85.5856,25.9168],[85.588,25.9181],[85.5923,25.918],[85.5952,25.9223],[85.5992,25.9237],[85.606,25.9238],[85.6089,25.9249],[85.619,25.9216],[85.6211,25.9192],[85.6335,25.9226]],[[85.3366,25.5141],[85.338,25.5172],[85.3378,25.5221],[85.3346,25.5245],[85.318,25.53],[85.3154,25.5258],[85.3146,25.5227],[85.3168,25.5193],[85.3258,25.5154],[85.3308,25.5142],[85.3366,25.5141]]]},"properties":{"district_name":"Vaishali","raw_district_name":"Vaishali","state_code":"BR","state_name":"Bihar","census_code":220,"data_source":"DataMeet India Maps (Census 2011 Boundaries)"}},{"type":"Feature","geometry":{"type":"Polygon","coordinates":[[[84.8795,25.0801],[84.879,25.0797],[84.878,25.079],[84.877,25.0778],[84.8757,25.0752],[84.8755,25.0707],[84.8751,25.0693],[84.8747,25.0646],[84.8747,25.0633],[84.8746,25.0632],[84.8711,25.0614],[84.8676,25.0599],[84.8645,25.0597],[84.8563,25.0612],[84.8485,25.0614],[84.8382,25.0583],[84.8351,25.0583],[84.8342,25.0606],[84.8326,25.063],[84.8315,25.0643],[84.8207,25.0698],[84.8152,25.0714],[84.8099,25.0701],[84.805,25.0679],[84.8001,25.063],[84.7979,25.0617],[84.7964,25.0619],[84.7933,25.065],[84.7882,25.0659],[84.7833,25.0648],[84.7789,25.0612],[84.7778,25.0583],[84.776,25.0508],[84.7723,25.0504],[84.7721,25.0495],[84.7721,25.0471],[84.7707,25.046],[84.7688,25.0466],[84.7677,25.0484],[84.7646,25.0519],[84.761,25.0537],[84.7557,25.0544],[84.752,25.0537],[84.7478,25.0533],[84.7442,25.0528],[84.7388,25.0546],[84.7392,25.0571],[84.7392,25.0571],[84.7406,25.0673],[84.7395,25.0713],[84.7326,25.0733],[84.7329,25.0771],[84.7281,25.0772],[84.7264,25.0798],[84.723,25.0814],[84.7196,25.0795],[84.7151,25.082],[84.7147,25.0868],[84.7034,25.0921],[84.699,25.096],[84.6934,25.0976],[84.6864,25.1033],[84.6795,25.0963],[84.6684,25.1022],[84.6572,25.1058],[84.6514,25.0997],[84.6447,25.0952],[84.6416,25.089],[84.6321,25.0827],[84.6301,25.0856],[84.631,25.0928],[84.6289,25.1046],[84.6235,25.1064],[84.6162,25.1039],[84.6178,25.0956],[84.6078,25.0967],[84.6071,25.0912],[84.6044,25.0884],[84.605,25.0796],[84.5948,25.0775],[84.593,25.0734],[84.587,25.0751],[84.5883,25.0839],[84.5956,25.0845],[84.5987,25.1038],[84.597,25.1044],[84.5951,25.1024],[84.5834,25.1038],[84.5751,25.1079],[84.5746,25.1166],[84.5702,25.1188],[84.5686,25.1162],[84.5605,25.1168],[84.5583,25.1137],[84.5542,25.1133],[84.5449,25.1061],[84.5266,25.1078],[84.5133,25.1078],[84.5112,25.1058],[84.5066,25.1041],[84.496,25.0977],[84.4813,25.0962],[84.478,25.0904],[84.4707,25.0957],[84.4673,25.0994],[84.4635,25.1019],[84.4655,25.1071],[84.4757,25.1152],[84.4609,25.1227],[84.4481,25.1285],[84.4505,25.1339],[84.4558,25.1412],[84.4607,25.1536],[84.4644,25.159],[84.4657,25.1613],[84.4829,25.1801],[84.4918,25.1877],[84.5119,25.1991],[84.5212,25.2052],[84.5315,25.2092],[84.5563,25.2116],[84.5639,25.2133],[84.5734,25.2177],[84.5993,25.2251],[84.6051,25.2285],[84.6277,25.2352],[84.6418,25.2456],[84.6535,25.2578],[84.6588,25.2712],[84.6654,25.284],[84.676,25.2991],[84.6887,25.3083],[84.7051,25.3154],[84.7112,25.2995],[84.7171,25.2961],[84.7235,25.2948],[84.7249,25.2932],[84.7247,25.2885],[84.7234,25.2846],[84.7175,25.284],[84.7137,25.2826],[84.7088,25.2831],[84.7068,25.281],[84.7052,25.2723],[84.6953,25.2701],[84.6898,25.271],[84.6872,25.2655],[84.6863,25.2602],[84.6903,25.2557],[84.6948,25.2541],[84.7005,25.2541],[84.7017,25.2559],[84.701,25.2581],[84.7128,25.2607],[84.716,25.2608],[84.7211,25.26],[84.7215,25.257],[84.7355,25.252],[84.7362,25.2628],[84.7427,25.2678],[84.7521,25.2627],[84.7577,25.2615],[84.762,25.2615],[84.7649,25.258],[84.771,25.2561],[84.7747,25.256],[84.7806,25.2575],[84.7857,25.2555],[84.7882,25.253],[84.7889,25.2479],[84.7884,25.2426],[84.7862,25.2369],[84.7753,25.2359],[84.7725,25.2315],[84.7696,25.2296],[84.7616,25.2302],[84.7555,25.237],[84.7494,25.2355],[84.748,25.2295],[84.743,25.2256],[84.7363,25.2217],[84.7318,25.2221],[84.7205,25.214],[84.726,25.2124],[84.7248,25.2041],[84.7291,25.2016],[84.733,25.2014],[84.7379,25.2072],[84.7423,25.2089],[84.7455,25.2088],[84.7469,25.2122],[84.7518,25.2132],[84.7536,25.2179],[84.7661,25.2185],[84.7693,25.2205],[84.7736,25.222],[84.7838,25.2211],[84.7929,25.2213],[84.8017,25.2186],[84.8032,25.2165],[84.81,25.2151],[84.8117,25.2187],[84.8204,25.2227],[84.8272,25.2282],[84.8348,25.2278],[84.8374,25.2336],[84.8465,25.2323],[84.8468,25.2294],[84.8568,25.2279],[84.8594,25.2229],[84.8617,25.2218],[84.8645,25.2161],[84.8654,25.2161],[84.8653,25.215],[84.865,25.2117],[84.8639,25.2077],[84.8624,25.2058],[84.8619,25.205],[84.8613,25.2029],[84.8595,25.2002],[84.8571,25.1986],[84.8568,25.1977],[84.8578,25.1973],[84.8583,25.1951],[84.8586,25.1914],[84.8593,25.1844],[84.8603,25.1833],[84.8632,25.1808],[84.8642,25.1784],[84.8633,25.1762],[84.863,25.1738],[84.8633,25.1716],[84.864,25.1687],[84.863,25.1641],[84.8635,25.1615],[84.8636,25.1575],[84.8644,25.1531],[84.8637,25.1503],[84.864,25.1478],[84.8653,25.1459],[84.8659,25.1449],[84.8669,25.1433],[84.868,25.1418],[84.8713,25.1391],[84.8716,25.1367],[84.8723,25.1341],[84.8727,25.1328],[84.8724,25.1306],[84.8732,25.1295],[84.8742,25.1291],[84.8757,25.1281],[84.8763,25.1267],[84.8781,25.1259],[84.8802,25.1229],[84.8797,25.1207],[84.8778,25.1174],[84.8768,25.1133],[84.8752,25.1089],[84.8729,25.1016],[84.8729,25.0998],[84.8731,25.0969],[84.8739,25.0956],[84.8757,25.095],[84.8761,25.0949],[84.8771,25.0942],[84.877,25.092],[84.8783,25.0896],[84.8797,25.0884],[84.8806,25.0876],[84.8795,25.0801]]]},"properties":{"district_name":"Arwal","raw_district_name":"Arwal","state_code":"BR","state_name":"Bihar","census_code":240,"data_source":"DataMeet India Maps (Census 2011 Boundaries)"}},{"type":"Feature","geometry":{"type":"Polygon","coordinates":[[[85.0057,25.3206],[85.0124,25.3196],[85.015,25.3176],[85.0139,25.3068],[85.0164,25.3049],[85.0162,25.2941],[85.0195,25.2926],[85.0267,25.292],[85.0312,25.2855],[85.0268,25.2737],[85.0207,25.2728],[85.0253,25.2667],[85.0287,25.2666],[85.0334,25.2712],[85.0411,25.2717],[85.0425,25.2726],[85.044,25.2775],[85.0482,25.2786],[85.0508,25.2809],[85.0539,25.2815],[85.0577,25.2838],[85.0608,25.2844],[85.0659,25.2837],[85.07,25.2893],[85.0785,25.2829],[85.0836,25.2813],[85.0852,25.279],[85.0848,25.2762],[85.0862,25.2748],[85.0925,25.2834],[85.0967,25.283],[85.0964,25.288],[85.1023,25.2885],[85.1137,25.2794],[85.113,25.2754],[85.1135,25.2726],[85.1168,25.2726],[85.1192,25.2736],[85.1219,25.2725],[85.1269,25.2762],[85.1275,25.2789],[85.1258,25.2808],[85.1199,25.2842],[85.1183,25.2926],[85.1194,25.2964],[85.1248,25.2967],[85.1297,25.3013],[85.1328,25.3086],[85.1323,25.3159],[85.137,25.3161],[85.1511,25.3135],[85.1595,25.311],[85.1681,25.3052],[85.1711,25.3059],[85.1727,25.3077],[85.1749,25.3085],[85.1814,25.3089],[85.1856,25.3036],[85.1883,25.2985],[85.1889,25.294],[85.1877,25.2914],[85.1829,25.286],[85.1775,25.2774],[85.1774,25.272],[85.183,25.2696],[85.1935,25.2687],[85.1968,25.2645],[85.2023,25.2641],[85.2067,25.265],[85.2118,25.2648],[85.2196,25.2622],[85.218,25.2565],[85.2144,25.2554],[85.1985,25.2578],[85.1962,25.2561],[85.1948,25.2531],[85.1902,25.2492],[85.1769,25.2473],[85.1738,25.2458],[85.172,25.238],[85.1657,25.236],[85.1664,25.2295],[85.1779,25.2255],[85.1818,25.2231],[85.1825,25.2187],[85.1814,25.2116],[85.1803,25.2099],[85.1761,25.2086],[85.1739,25.2061],[85.173,25.1974],[85.1721,25.1957],[85.1668,25.1961],[85.1653,25.1944],[85.1665,25.1901],[85.1713,25.1807],[85.1687,25.1698],[85.169,25.1652],[85.1703,25.1652],[85.1728,25.1666],[85.1778,25.1716],[85.1818,25.1707],[85.1809,25.1638],[85.1882,25.1614],[85.1907,25.1598],[85.1938,25.1508],[85.1936,25.1472],[85.1879,25.1475],[85.1846,25.1469],[85.1791,25.1453],[85.1758,25.1427],[85.1739,25.137],[85.1734,25.129],[85.1732,25.1249],[85.1747,25.1192],[85.1707,25.1117],[85.1686,25.102],[85.175,25.1012],[85.1854,25.102],[85.1896,25.1052],[85.1938,25.1055],[85.1983,25.1073],[85.202,25.101],[85.2059,25.1011],[85.2093,25.0995],[85.2052,25.0948],[85.2038,25.0915],[85.2114,25.0778],[85.2163,25.0735],[85.2167,25.0638],[85.2153,25.0603],[85.2119,25.0589],[85.2092,25.0554],[85.2048,25.0532],[85.2048,25.0532],[85.2048,25.0532],[85.2044,25.0533],[85.2026,25.0513],[85.2024,25.0513],[85.1953,25.0504],[85.192,25.0508],[85.1852,25.0502],[85.179,25.0504],[85.177,25.0546],[85.1756,25.0599],[85.1803,25.0621],[85.1843,25.0645],[85.1854,25.0676],[85.1856,25.0696],[85.1849,25.0718],[85.1834,25.0721],[85.179,25.0709],[85.1779,25.0709],[85.1759,25.0709],[85.1719,25.0685],[85.1648,25.0672],[85.1584,25.0676],[85.1549,25.0676],[85.1533,25.0667],[85.1542,25.065],[85.1547,25.0614],[85.1547,25.0537],[85.1538,25.0522],[85.1516,25.0517],[85.1485,25.053],[85.1398,25.0548],[85.1397,25.055],[85.1387,25.055],[85.135,25.055],[85.1328,25.055],[85.1306,25.0544],[85.1264,25.0508],[85.1228,25.044],[85.1217,25.034],[85.12,25.0298],[85.114,25.0208],[85.1109,25.0168],[85.1087,25.0144],[85.1034,25.0097],[85.0992,25.0035],[85.0978,24.9993],[85.0979,24.9989],[85.0968,24.9987],[85.0955,24.9986],[85.0952,24.9989],[85.0912,24.9903],[85.0833,24.9903],[85.0797,24.9929],[85.0813,24.9958],[85.0804,24.9976],[85.0788,24.9985],[85.0771,24.9982],[85.0749,24.9958],[85.0731,24.9958],[85.0698,25.0026],[85.0672,25.0029],[85.0639,25.004],[85.0607,25.0022],[85.057,25.0004],[85.0521,25.0013],[85.0499,25.0015],[85.0475,25.0035],[85.0459,25.0075],[85.045,25.0168],[85.0443,25.0329],[85.0446,25.0336],[85.0426,25.0338],[85.0406,25.0336],[85.0298,25.032],[85.028,25.0301],[85.0276,25.0276],[85.0256,25.0263],[85.024,25.0245],[85.0238,25.0217],[85.0236,25.0218],[85.024,25.0188],[85.0234,25.0177],[85.0187,25.0168],[85.0174,25.0186],[85.0164,25.0208],[85.0157,25.0207],[85.0152,25.021],[85.0026,25.0208],[84.9968,25.0225],[84.992,25.0243],[84.9915,25.0236],[84.9918,25.0223],[84.9935,25.021],[84.9952,25.0182],[84.9955,25.0177],[84.9955,25.0152],[84.9949,25.0139],[84.9942,25.0082],[84.9903,25.008],[84.9904,25.0079],[84.9853,25.0069],[84.9842,25.0015],[84.9827,25.0011],[84.9776,25.0022],[84.9775,25.0025],[84.9653,25.0043],[84.9631,24.9995],[84.9632,24.9993],[84.9619,24.9985],[84.9599,24.9965],[84.9588,24.9947],[84.9584,24.9918],[84.9587,24.9913],[84.9586,24.9885],[84.9582,24.987],[84.9573,24.9863],[84.9508,24.9865],[84.9504,24.9863],[84.9503,24.9862],[84.9478,24.9874],[84.9456,24.9874],[84.9392,24.9867],[84.9378,24.9876],[84.9376,24.9896],[84.9374,24.9912],[84.9357,24.9909],[84.9357,24.9909],[84.9343,24.9912],[84.9321,24.9916],[84.9312,24.9931],[84.9312,24.9947],[84.9316,24.9965],[84.9336,24.9985],[84.9349,24.9995],[84.9348,24.9995],[84.9299,25.004],[84.9291,25.0045],[84.9286,25.0144],[84.9217,25.0157],[84.9219,25.0172],[84.923,25.021],[84.923,25.0228],[84.9202,25.0241],[84.9157,25.0241],[84.9098,25.023],[84.9093,25.0252],[84.9093,25.0287],[84.9109,25.0358],[84.9184,25.0365],[84.9224,25.0378],[84.9232,25.0389],[84.9272,25.0484],[84.927,25.0533],[84.9257,25.0572],[84.9219,25.059],[84.9175,25.0588],[84.9122,25.0581],[84.9103,25.0588],[84.9102,25.061],[84.9101,25.0632],[84.9095,25.0641],[84.9084,25.0646],[84.9068,25.0648],[84.9045,25.0648],[84.901,25.0645],[84.8987,25.0638],[84.8932,25.061],[84.8931,25.061],[84.8899,25.0599],[84.8859,25.0608],[84.8826,25.0621],[84.8769,25.0641],[84.8762,25.0639],[84.8747,25.0633],[84.8747,25.0646],[84.8751,25.0693],[84.8755,25.0707],[84.8757,25.0752],[84.877,25.0778],[84.878,25.079],[84.879,25.0797],[84.8795,25.0801],[84.8806,25.0876],[84.8797,25.0884],[84.8783,25.0896],[84.877,25.092],[84.8771,25.0942],[84.8761,25.0949],[84.8757,25.095],[84.8739,25.0956],[84.8731,25.0969],[84.8729,25.0998],[84.8729,25.1016],[84.8752,25.1089],[84.8768,25.1133],[84.8778,25.1174],[84.8797,25.1207],[84.8802,25.1229],[84.8781,25.1259],[84.8763,25.1267],[84.8757,25.1281],[84.8742,25.1291],[84.8732,25.1295],[84.8724,25.1306],[84.8727,25.1328],[84.8723,25.1341],[84.8716,25.1367],[84.8713,25.1391],[84.868,25.1418],[84.8669,25.1433],[84.8659,25.1449],[84.8653,25.1459],[84.864,25.1478],[84.8637,25.1503],[84.8644,25.1531],[84.8636,25.1575],[84.8635,25.1615],[84.863,25.1641],[84.864,25.1687],[84.8633,25.1716],[84.863,25.1738],[84.8633,25.1762],[84.8642,25.1784],[84.8632,25.1808],[84.8603,25.1833],[84.8593,25.1844],[84.8586,25.1914],[84.8583,25.1951],[84.8578,25.1973],[84.8568,25.1977],[84.8571,25.1986],[84.8595,25.2002],[84.8613,25.2029],[84.8619,25.205],[84.8624,25.2058],[84.8639,25.2077],[84.865,25.2117],[84.8653,25.215],[84.8654,25.2161],[84.8673,25.2161],[84.8688,25.2232],[84.8685,25.2307],[84.8693,25.2334],[84.8768,25.2437],[84.8745,25.2478],[84.8761,25.2509],[84.8818,25.2511],[84.8897,25.2545],[84.8929,25.2611],[84.8902,25.2651],[84.8888,25.2695],[84.8931,25.2766],[84.8973,25.2816],[84.9034,25.2838],[84.9065,25.2895],[84.9182,25.2904],[84.9221,25.292],[84.925,25.2922],[84.9285,25.2888],[84.9279,25.2854],[84.9229,25.2771],[84.927,25.271],[84.9313,25.2683],[84.9331,25.2682],[84.9374,25.268],[84.9376,25.2723],[84.9421,25.2732],[84.9389,25.2781],[84.944,25.286],[84.9484,25.289],[84.9569,25.2873],[84.9629,25.2871],[84.9656,25.2888],[84.9705,25.2957],[84.9792,25.2909],[84.9807,25.3019],[84.9807,25.3071],[84.9864,25.309],[84.9937,25.3206],[84.9974,25.3201],[85.0057,25.3206]]]},"properties":{"district_name":"Jehanabad","raw_district_name":"Jehanabad","state_code":"BR","state_name":"Bihar","census_code":239,"data_source":"DataMeet India Maps (Census 2011 Boundaries)"}}]}