{"type":"FeatureCollection","properties":{"state_code":"CT","state_name":"Chhattisgarh","data_source":"DataMeet India Maps"},"features":[{"type":"Feature","geometry":{"type":"Polygon","coordinates":[[[81.356,19.3251],[81.356,19.3252],[81.3587,19.3299],[81.3656,19.3314],[81.3768,19.3282],[81.3863,19.3355],[81.3971,19.333],[81.3975,19.3391],[81.39,19.3614],[81.3818,19.3607],[81.377,19.3624],[81.3647,19.3716],[81.3666,19.3771],[81.3761,19.3911],[81.374,19.4071],[81.3769,19.413],[81.39,19.412],[81.3905,19.4087],[81.3856,19.3911],[81.3876,19.3855],[81.3986,19.3741],[81.4001,19.3694],[81.4091,19.3635],[81.4203,19.3647],[81.4317,19.3745],[81.4354,19.376],[81.4689,19.3752],[81.4699,19.3899],[81.4693,19.4031],[81.4664,19.4133],[81.4647,19.4257],[81.4664,19.4424],[81.4743,19.4711],[81.446,19.474],[81.4324,19.4753],[81.4254,19.4822],[81.4217,19.4925],[81.4267,19.4994],[81.4473,19.514],[81.4496,19.5236],[81.44,19.5292],[81.4398,19.5406],[81.4455,19.5546],[81.4598,19.5691],[81.4569,19.5803],[81.4586,19.5871],[81.4618,19.5943],[81.4606,19.5981],[81.4595,19.6081],[81.4622,19.62],[81.4608,19.6236],[81.4557,19.626],[81.4536,19.6308],[81.4543,19.6374],[81.4738,19.6429],[81.4865,19.6443],[81.4976,19.6485],[81.507,19.652],[81.5159,19.6613],[81.4982,19.6593],[81.4828,19.6608],[81.4762,19.6646],[81.4718,19.6684],[81.4471,19.6772],[81.4452,19.6826],[81.4484,19.7017],[81.4368,19.7092],[81.4283,19.7179],[81.424,19.7197],[81.4115,19.7227],[81.3787,19.7251],[81.3721,19.733],[81.3707,19.7416],[81.3738,19.7459],[81.3809,19.752],[81.3773,19.7684],[81.3724,19.7767],[81.3759,19.7812],[81.3711,19.7928],[81.3723,19.8026],[81.3944,19.8326],[81.3936,19.8328],[81.3921,19.8343],[81.3759,19.8506],[81.3798,19.8563],[81.3856,19.8603],[81.3952,19.8634],[81.4026,19.8686],[81.4035,19.8757],[81.4009,19.883],[81.3928,19.8904],[81.3859,19.894],[81.382,19.8961],[81.3782,19.9025],[81.3711,19.9083],[81.3632,19.9122],[81.3575,19.912],[81.3494,19.9098],[81.3469,19.9262],[81.3404,19.9313],[81.3306,19.9352],[81.3285,19.9404],[81.33,19.9586],[81.3275,19.9665],[81.3045,19.9753],[81.3024,19.9794],[81.3011,19.9851],[81.3013,19.9893],[81.3018,20.0005],[81.3002,20.0048],[81.2961,20.0108],[81.2933,20.0167],[81.3003,20.0178],[81.3087,20.0175],[81.3143,20.0231],[81.3287,20.0292],[81.3404,20.0356],[81.349,20.0335],[81.3576,20.0326],[81.3602,20.0448],[81.3684,20.0436],[81.3895,20.0459],[81.3928,20.0594],[81.3988,20.0684],[81.4032,20.0721],[81.4061,20.0776],[81.4058,20.0826],[81.4032,20.0923],[81.4024,20.099],[81.4038,20.1053],[81.4019,20.1137],[81.408,20.1244],[81.4109,20.1295],[81.4122,20.1341],[81.4151,20.1378],[81.4198,20.1471],[81.4213,20.1552],[81.4375,20.1491],[81.4482,20.1456],[81.453,20.145],[81.4584,20.1474],[81.4628,20.1521],[81.4683,20.155],[81.4762,20.1579],[81.4828,20.1593],[81.4942,20.1618],[81.5067,20.1632],[81.5135,20.1639],[81.5257,20.1681],[81.5323,20.1731],[81.5446,20.1792],[81.5552,20.1878],[81.5587,20.1896],[81.5712,20.192],[81.5854,20.1946],[81.5893,20.1936],[81.6046,20.1731],[81.6127,20.1672],[81.617,20.1584],[81.6218,20.1561],[81.6452,20.142],[81.6608,20.1363],[81.6651,20.1339],[81.6798,20.1293],[81.6883,20.1299],[81.7063,20.1347],[81.7151,20.1371],[81.725,20.1387],[81.7284,20.1423],[81.7327,20.1559],[81.7419,20.1578],[81.7543,20.1628],[81.7581,20.1624],[81.7711,20.1567],[81.7782,20.1559],[81.7963,20.1577],[81.8068,20.1601],[81.8144,20.1644],[81.8169,20.1691],[81.8169,20.1691],[81.8228,20.1698],[81.8272,20.169],[81.834,20.1669],[81.8462,20.1647],[81.848,20.1634],[81.8479,20.1453],[81.8506,20.1196],[81.8504,20.1108],[81.8532,20.105],[81.8723,20.0879],[81.8748,20.0834],[81.8748,20.077],[81.8758,20.0739],[81.8741,20.0577],[81.8753,20.055],[81.8813,20.0503],[81.8741,20.0402],[81.873,20.038],[81.8721,20.0328],[81.8677,20.0275],[81.8652,20.0132],[81.863,20.0077],[81.8596,20.0013],[81.8592,20.0002],[81.8579,19.9868],[81.8545,19.9746],[81.8478,19.9594],[81.8449,19.9543],[81.8465,19.9497],[81.8541,19.9457],[81.8564,19.9429],[81.8532,19.9273],[81.8534,19.9192],[81.8572,19.9124],[81.866,19.9039],[81.8768,19.8972],[81.9056,19.883],[81.9321,19.8732],[81.947,19.8694],[81.968,19.8593],[81.965,19.8406],[81.9691,19.829],[81.9778,19.8174],[81.9878,19.8005],[81.9951,19.7965],[82,19.7991],[82.0069,19.803],[82.0107,19.8032],[82.0158,19.8013],[82.0318,19.7977],[82.0367,19.7969],[82.0426,19.7974],[82.0487,19.797],[82.0521,19.794],[82.0559,19.7932],[82.0598,19.7961],[82.0675,19.7879],[82.0666,19.7799],[82.0631,19.7659],[82.0648,19.7583],[82.0542,19.7479],[82.0517,19.7426],[82.0519,19.734],[82.0502,19.728],[82.0514,19.7188],[82.0493,19.7132],[82.0452,19.7088],[82.0461,19.6977],[82.0545,19.6744],[82.0554,19.6677],[82.0537,19.6586],[82.056,19.6544],[82.0541,19.6491],[82.055,19.6434],[82.0585,19.6367],[82.0591,19.6295],[82.0562,19.6209],[82.0524,19.6159],[82.0528,19.6068],[82.045,19.6031],[82.0417,19.5958],[82.0426,19.5884],[82.0455,19.5824],[82.0499,19.5761],[82.0519,19.57],[82.0504,19.5632],[82.0481,19.5574],[82.0507,19.5497],[82.0539,19.5439],[82.0503,19.5368],[82.0488,19.531],[82.0402,19.5266],[82.0379,19.5195],[82.0301,19.5071],[82.0675,19.509],[82.0749,19.5163],[82.0786,19.5212],[82.096,19.5158],[82.0998,19.5152],[82.0988,19.4995],[82.1068,19.495],[82.1096,19.4791],[82.1076,19.4715],[82.1047,19.4665],[82.1149,19.4581],[82.1146,19.4486],[82.1271,19.4295],[82.1419,19.4304],[82.1685,19.4351],[82.175,19.4355],[82.1782,19.4351],[82.187,19.4248],[82.1908,19.4233],[82.1913,19.4181],[82.1856,19.4112],[82.1818,19.3827],[82.1742,19.3717],[82.1586,19.376],[82.1524,19.3758],[82.149,19.3715],[82.1486,19.3676],[82.1501,19.3608],[82.1502,19.3539],[82.1574,19.3501],[82.1651,19.3486],[82.171,19.3436],[82.1768,19.343],[82.181,19.3399],[82.1853,19.3382],[82.1881,19.338],[82.191,19.3255],[82.1815,19.3221],[82.1779,19.3083],[82.1779,19.3016],[82.1764,19.2965],[82.1662,19.2874],[82.1627,19.2807],[82.1596,19.2714],[82.1589,19.2643],[82.1598,19.2449],[82.1595,19.2296],[82.1616,19.2218],[82.169,19.2144],[82.1691,19.2144],[82.1636,19.2026],[82.1659,19.1992],[82.1727,19.1934],[82.1813,19.1904],[82.1773,19.1828],[82.1825,19.1797],[82.1831,19.1757],[82.179,19.1744],[82.1809,19.1709],[82.1861,19.1676],[82.1867,19.165],[82.1848,19.1611],[82.1826,19.1589],[82.1794,19.16],[82.1755,19.163],[82.172,19.1608],[82.1729,19.1566],[82.1803,19.1538],[82.1827,19.1514],[82.1799,19.1487],[82.1778,19.1498],[82.1738,19.1493],[82.1726,19.1456],[82.1761,19.14],[82.1745,19.1383],[82.1691,19.1359],[82.1677,19.1327],[82.1727,19.1209],[82.1777,19.1191],[82.1842,19.1313],[82.199,19.1225],[82.2077,19.1237],[82.2094,19.122],[82.2048,19.1074],[82.2074,19.1061],[82.2065,19.1005],[82.2078,19.0985],[82.2185,19.0986],[82.22,19.0969],[82.2192,19.0921],[82.2165,19.0848],[82.2048,19.0742],[82.202,19.0666],[82.2304,19.0276],[82.233,19.0211],[82.2346,19.0005],[82.2476,18.9171],[82.2423,18.912],[82.2393,18.9119],[82.2357,18.9134],[82.2329,18.9159],[82.2218,18.9188],[82.2068,18.9122],[82.1934,18.9036],[82.1852,18.9035],[82.1808,18.9019],[82.1788,18.8982],[82.1785,18.8842],[82.1712,18.8786],[82.1662,18.8761],[82.1709,18.8722],[82.1693,18.8644],[82.1661,18.8587],[82.1705,18.8518],[82.1698,18.8446],[82.173,18.837],[82.1664,18.8182],[82.1667,18.816],[82.1699,18.8118],[82.1691,18.8104],[82.1642,18.8067],[82.1624,18.8031],[82.167,18.8019],[82.1692,18.7978],[82.1673,18.7949],[82.1598,18.7906],[82.1581,18.7855],[82.1536,18.7801],[82.1471,18.7764],[82.1388,18.7769],[82.1363,18.7712],[82.1372,18.7645],[82.122,18.7675],[82.1138,18.7653],[82.0994,18.763],[82.0928,18.7652],[82.0895,18.7627],[82.0949,18.7537],[82.093,18.7395],[82.0929,18.7393],[82.0886,18.7296],[82.0867,18.719],[82.0821,18.72],[82.0755,18.724],[82.0694,18.7248],[82.0672,18.7246],[82.0661,18.7194],[82.0599,18.7187],[82.0575,18.7244],[82.0476,18.7239],[82.0418,18.7256],[82.0237,18.7203],[82.0181,18.7174],[82.0059,18.7072],[82,18.7045],[81.9842,18.7019],[81.9758,18.6974],[81.972,18.6946],[81.9691,18.6927],[81.9649,18.6983],[81.9597,18.7064],[81.9555,18.7095],[81.9516,18.7118],[81.9478,18.7136],[81.9462,18.7169],[81.9456,18.722],[81.9435,18.73],[81.955,18.7498],[81.9583,18.7581],[81.9516,18.7642],[81.943,18.7682],[81.9289,18.7709],[81.9192,18.7698],[81.9141,18.7612],[81.9089,18.7583],[81.893,18.7548],[81.884,18.7546],[81.8734,18.7613],[81.8699,18.7586],[81.871,18.7543],[81.8671,18.7458],[81.8564,18.7384],[81.8489,18.737],[81.8329,18.7395],[81.8218,18.7429],[81.8188,18.743],[81.8069,18.7362],[81.8029,18.7372],[81.8022,18.743],[81.7956,18.7485],[81.7839,18.7536],[81.7734,18.7564],[81.7766,18.7629],[81.7766,18.7677],[81.7751,18.7709],[81.7665,18.7694],[81.7633,18.7721],[81.7646,18.7771],[81.7681,18.7811],[81.7673,18.7853],[81.7614,18.7949],[81.7565,18.8112],[81.7369,18.8191],[81.7322,18.8214],[81.7272,18.8242],[81.712,18.836],[81.705,18.8221],[81.6831,18.8217],[81.6787,18.8191],[81.6716,18.807],[81.6621,18.7982],[81.6499,18.8026],[81.6382,18.8105],[81.6361,18.8183],[81.6333,18.8209],[81.6288,18.8214],[81.6198,18.8193],[81.6132,18.8243],[81.6122,18.8282],[81.6196,18.8337],[81.6203,18.8371],[81.6196,18.8397],[81.6111,18.8435],[81.6052,18.8514],[81.5978,18.8469],[81.5843,18.8435],[81.5803,18.849],[81.5781,18.8541],[81.5746,18.8655],[81.5713,18.8677],[81.5666,18.8665],[81.5634,18.8739],[81.5557,18.8746],[81.5559,18.8792],[81.5516,18.8807],[81.5488,18.8873],[81.5489,18.8948],[81.5552,18.9111],[81.5374,18.9171],[81.5285,18.922],[81.521,18.9152],[81.5144,18.9104],[81.5133,18.9157],[81.5098,18.9229],[81.5098,18.9273],[81.5023,18.9325],[81.5002,18.9334],[81.4789,18.9424],[81.4672,18.9443],[81.4675,18.9497],[81.4695,18.9565],[81.4751,18.9621],[81.4836,18.967],[81.4833,18.9703],[81.4787,18.9779],[81.4722,18.9853],[81.469,19.0007],[81.4705,19.0044],[81.4792,19.007],[81.4788,19.0118],[81.4846,19.0103],[81.4977,19.0115],[81.5042,19.0118],[81.51,19.0105],[81.5145,19.0107],[81.5233,19.0159],[81.5227,19.0198],[81.5233,19.0298],[81.5297,19.038],[81.5036,19.0445],[81.4995,19.0497],[81.4981,19.0549],[81.5036,19.0626],[81.5142,19.0654],[81.5136,19.0681],[81.5056,19.0711],[81.4933,19.0841],[81.4924,19.0891],[81.4939,19.0985],[81.4932,19.1039],[81.4868,19.1138],[81.4817,19.1192],[81.4847,19.1218],[81.4952,19.1235],[81.4949,19.1362],[81.498,19.1388],[81.4976,19.1429],[81.4947,19.1467],[81.4928,19.151],[81.4965,19.1605],[81.4958,19.1677],[81.4987,19.178],[81.4997,19.1838],[81.5022,19.1993],[81.5017,19.204],[81.4977,19.2057],[81.488,19.2085],[81.4823,19.2114],[81.4734,19.2128],[81.465,19.209],[81.455,19.1966],[81.4534,19.1918],[81.4502,19.1894],[81.4442,19.1882],[81.4434,19.188],[81.437,19.1891],[81.4215,19.1943],[81.4128,19.1948],[81.4068,19.192],[81.4018,19.1929],[81.4,19.201],[81.3914,19.2085],[81.3831,19.2112],[81.3756,19.2151],[81.3654,19.2205],[81.3538,19.2254],[81.3538,19.2362],[81.3547,19.2442],[81.357,19.2463],[81.3634,19.2488],[81.366,19.2528],[81.3656,19.2563],[81.3594,19.2628],[81.3593,19.2729],[81.3567,19.2795],[81.3565,19.2854],[81.3588,19.2929],[81.3763,19.3031],[81.3736,19.3131],[81.3736,19.3131],[81.3663,19.3154],[81.3629,19.3178],[81.3577,19.3234],[81.356,19.3251]]]},"properties":{"district_name":"Bastar","raw_district_name":"Bastar","state_code":"CT","state_name":"Chhattisgarh","census_code":414,"data_source":"DataMeet India Maps (Census 2011 Boundaries)"}},{"type":"Feature","geometry":{"type":"Polygon","coordinates":[[[80.6174,19.311],[80.625,19.3087],[80.6328,19.3107],[80.6426,19.3167],[80.6652,19.3282],[80.6717,19.3305],[80.6792,19.3304],[80.6865,19.3281],[80.6915,19.324],[80.6926,19.3166],[80.6891,19.2998],[80.6909,19.2909],[80.696,19.2875],[80.7011,19.2864],[80.7078,19.2863],[80.7165,19.2874],[80.7257,19.2896],[80.738,19.2881],[80.7441,19.291],[80.7508,19.2901],[80.7566,19.2908],[80.7624,19.2993],[80.7671,19.3038],[80.7736,19.3122],[80.7855,19.3226],[80.7899,19.3258],[80.7953,19.3282],[80.8068,19.3293],[80.8102,19.3364],[80.8137,19.339],[80.8202,19.3422],[80.8239,19.3466],[80.8338,19.3521],[80.8364,19.348],[80.8437,19.3361],[80.8477,19.3407],[80.8522,19.3416],[80.8602,19.3401],[80.8765,19.3368],[80.8888,19.3371],[80.8923,19.3364],[80.8929,19.3326],[80.8957,19.3316],[80.8972,19.3282],[80.8967,19.324],[80.8982,19.3207],[80.9043,19.3181],[80.9082,19.3174],[80.9137,19.3198],[80.9181,19.3163],[80.9224,19.3192],[80.9279,19.3212],[80.9371,19.3189],[80.9547,19.3169],[80.96,19.3141],[80.9642,19.3097],[80.967,19.3047],[80.9665,19.2981],[80.9648,19.2926],[80.9631,19.2799],[80.9752,19.2513],[80.9744,19.2398],[80.97,19.2303],[80.9699,19.2252],[80.9896,19.2283],[80.9896,19.2283],[80.9935,19.2274],[80.9958,19.2313],[81.0001,19.2319],[81.014,19.2301],[81.0299,19.2321],[81.0364,19.2275],[81.0416,19.2284],[81.0486,19.2339],[81.0533,19.232],[81.0555,19.2266],[81.0608,19.2266],[81.0646,19.2277],[81.0662,19.2281],[81.0739,19.232],[81.0746,19.2362],[81.0724,19.2475],[81.0707,19.2692],[81.073,19.2721],[81.0783,19.2737],[81.0857,19.2707],[81.0923,19.2763],[81.1112,19.2738],[81.1192,19.2634],[81.1282,19.2569],[81.1282,19.2568],[81.131,19.2514],[81.1316,19.2473],[81.1197,19.2423],[81.1137,19.2354],[81.1243,19.2315],[81.1282,19.2275],[81.1282,19.2127],[81.1348,19.2037],[81.1438,19.189],[81.1461,19.1827],[81.1541,19.1825],[81.1636,19.1805],[81.1757,19.1843],[81.1966,19.1888],[81.2061,19.1885],[81.2123,19.1713],[81.2076,19.164],[81.2057,19.1563],[81.2067,19.1513],[81.212,19.1404],[81.2093,19.1267],[81.2109,19.1099],[81.2103,19.0937],[81.2116,19.0858],[81.2204,19.0596],[81.2259,19.0509],[81.2103,19.0269],[81.2092,19.0223],[81.2135,19.0178],[81.2248,19.0192],[81.2257,19.0154],[81.2151,19.0089],[81.2119,19.0058],[81.2096,19.0006],[81.205,18.9965],[81.2037,18.9927],[81.2122,18.9825],[81.2181,18.9807],[81.2245,18.972],[81.2282,18.9689],[81.2338,18.9672],[81.2255,18.9588],[81.219,18.9472],[81.1946,18.9456],[81.1836,18.9403],[81.1812,18.9361],[81.1812,18.9318],[81.173,18.9283],[81.1709,18.9237],[81.1725,18.9187],[81.1772,18.9165],[81.1829,18.9188],[81.1872,18.9176],[81.1917,18.9151],[81.1959,18.9189],[81.2008,18.9193],[81.2079,18.9181],[81.2147,18.921],[81.2227,18.9218],[81.224,18.9086],[81.2171,18.9025],[81.2151,18.8969],[81.2145,18.8691],[81.2125,18.8616],[81.2056,18.8507],[81.2058,18.8415],[81.2046,18.8342],[81.1996,18.8275],[81.189,18.8156],[81.1913,18.7966],[81.1954,18.7901],[81.2,18.7485],[81.1994,18.7443],[81.1962,18.7374],[81.1921,18.7364],[81.1798,18.7111],[81.163,18.6908],[81.1625,18.684],[81.1636,18.6661],[81.179,18.6513],[81.1704,18.636],[81.1668,18.6338],[81.1631,18.6332],[81.1641,18.6171],[81.1617,18.6132],[81.1628,18.6086],[81.1531,18.6],[81.1516,18.597],[81.1522,18.5819],[81.1511,18.5661],[81.1631,18.5822],[81.1712,18.5901],[81.1821,18.5934],[81.191,18.595],[81.1985,18.5926],[81.1995,18.5795],[81.196,18.5594],[81.1966,18.55],[81.1944,18.5452],[81.1828,18.5398],[81.1677,18.5493],[81.1711,18.5414],[81.1604,18.5329],[81.1544,18.5305],[81.1283,18.5378],[81.105,18.543],[81.0826,18.546],[81.0741,18.5456],[81.066,18.5421],[81.0497,18.5326],[81.0355,18.5326],[81.0313,18.5299],[81.0285,18.5241],[81.029,18.517],[81.0297,18.5094],[81.031,18.5045],[81.031,18.4985],[81.0237,18.4927],[80.9995,18.4734],[80.9899,18.4578],[80.9866,18.4511],[80.9794,18.4364],[80.9739,18.4327],[80.971,18.4286],[80.9672,18.4265],[80.9648,18.4239],[80.9628,18.4155],[80.9606,18.4135],[80.9586,18.4071],[80.9561,18.4044],[80.9467,18.4005],[80.9445,18.4011],[80.9421,18.4034],[80.9394,18.402],[80.9374,18.3952],[80.934,18.3919],[80.9305,18.3916],[80.9278,18.3904],[80.9205,18.3823],[80.9164,18.3756],[80.925,18.3768],[80.9334,18.3711],[80.937,18.3627],[80.9417,18.3607],[80.9465,18.3613],[80.9591,18.3664],[80.9638,18.3658],[80.9713,18.3568],[80.9755,18.3544],[80.9839,18.3477],[80.9895,18.3466],[80.9965,18.3466],[80.9996,18.3443],[81.0067,18.3435],[81.0132,18.3391],[81.0186,18.3369],[81.0249,18.3366],[81.0292,18.3373],[81.0341,18.3402],[81.038,18.3413],[81.042,18.3401],[81.0454,18.3323],[81.0496,18.328],[81.051,18.3202],[81.0586,18.3132],[81.0586,18.3044],[81.0653,18.2968],[81.0629,18.2922],[81.0586,18.291],[81.052,18.2644],[81.0431,18.2622],[81.0393,18.2601],[81.0503,18.2504],[81.058,18.2504],[81.0654,18.2405],[81.0661,18.2344],[81.0731,18.2311],[81.0798,18.2231],[81.085,18.2256],[81.0901,18.2174],[81.0932,18.2068],[81.0969,18.1987],[81.0934,18.1979],[81.0865,18.1994],[81.0836,18.1993],[81.0754,18.1881],[81.0684,18.1813],[81.0608,18.1701],[81.0432,18.1648],[81.0352,18.1571],[81.0323,18.1555],[81.0163,18.1605],[81.0119,18.1592],[81.0082,18.1617],[81.0089,18.1661],[80.9996,18.1675],[80.9819,18.1647],[80.9818,18.1737],[80.9818,18.1746],[80.9737,18.1748],[80.9623,18.1734],[80.958,18.1706],[80.9523,18.1635],[80.9448,18.1612],[80.9439,18.1589],[80.9401,18.1558],[80.9201,18.1449],[80.9088,18.1411],[80.901,18.1408],[80.8892,18.1389],[80.8701,18.139],[80.8697,18.1428],[80.8664,18.1454],[80.8638,18.1492],[80.8633,18.1531],[80.8638,18.158],[80.8597,18.1746],[80.8607,18.1847],[80.8603,18.1897],[80.857,18.1994],[80.8562,18.2039],[80.8572,18.2064],[80.8645,18.2046],[80.8693,18.2049],[80.8737,18.2072],[80.8753,18.2094],[80.8755,18.2135],[80.8698,18.2278],[80.8671,18.2321],[80.8476,18.2342],[80.8422,18.2394],[80.8376,18.2402],[80.8322,18.2397],[80.8269,18.2371],[80.8252,18.2313],[80.8263,18.2251],[80.8257,18.2189],[80.8268,18.1982],[80.8259,18.1933],[80.8187,18.1894],[80.8189,18.1847],[80.8059,18.1725],[80.7949,18.1703],[80.7704,18.1691],[80.753,18.1709],[80.7425,18.1778],[80.7405,18.2002],[80.7402,18.2115],[80.7412,18.2248],[80.7648,18.2355],[80.7773,18.2424],[80.7922,18.2493],[80.7952,18.2526],[80.7962,18.2558],[80.7961,18.2601],[80.7928,18.2641],[80.7896,18.2656],[80.7854,18.2657],[80.7813,18.2709],[80.7743,18.2842],[80.7711,18.2876],[80.7674,18.2885],[80.7649,18.2906],[80.7608,18.2972],[80.7592,18.3033],[80.7525,18.308],[80.7532,18.3109],[80.7523,18.3227],[80.7508,18.328],[80.7426,18.3445],[80.7342,18.356],[80.7306,18.367],[80.7306,18.367],[80.7309,18.3736],[80.7321,18.3777],[80.7306,18.3815],[80.7265,18.3849],[80.7241,18.3886],[80.7235,18.393],[80.7318,18.4009],[80.7349,18.4056],[80.7366,18.4094],[80.7344,18.4146],[80.7303,18.4159],[80.7261,18.4154],[80.7208,18.4113],[80.6988,18.4249],[80.7004,18.4344],[80.703,18.4401],[80.7067,18.4416],[80.7027,18.4463],[80.6997,18.446],[80.6909,18.4501],[80.6902,18.4555],[80.6883,18.459],[80.6819,18.4618],[80.6809,18.4638],[80.6776,18.4667],[80.6739,18.4681],[80.6701,18.4712],[80.6585,18.4777],[80.656,18.4845],[80.6445,18.4993],[80.6423,18.504],[80.6412,18.5085],[80.6441,18.5126],[80.6427,18.5206],[80.6404,18.5242],[80.6347,18.5235],[80.629,18.5284],[80.6215,18.5313],[80.6185,18.5388],[80.6117,18.546],[80.6086,18.5503],[80.6032,18.5543],[80.5891,18.5626],[80.5756,18.5666],[80.5696,18.5747],[80.5654,18.5779],[80.548,18.588],[80.5396,18.5911],[80.5369,18.5949],[80.5361,18.5987],[80.5294,18.6058],[80.5256,18.6084],[80.5228,18.6123],[80.5214,18.6181],[80.5182,18.6206],[80.5057,18.6226],[80.4959,18.6316],[80.491,18.633],[80.4876,18.6326],[80.4797,18.6286],[80.4753,18.6277],[80.4705,18.6276],[80.4577,18.6312],[80.425,18.6156],[80.4235,18.6136],[80.4096,18.612],[80.4007,18.6078],[80.3969,18.6041],[80.389,18.5984],[80.378,18.6079],[80.3744,18.6095],[80.37,18.6085],[80.3672,18.607],[80.3649,18.6031],[80.3634,18.5985],[80.3603,18.5957],[80.356,18.5933],[80.3493,18.5912],[80.3462,18.593],[80.3441,18.5953],[80.3389,18.6014],[80.3267,18.6264],[80.3224,18.641],[80.3152,18.6569],[80.3068,18.6838],[80.3037,18.6902],[80.2962,18.6995],[80.2852,18.7155],[80.2782,18.718],[80.2748,18.7224],[80.2648,18.7357],[80.2621,18.7406],[80.2547,18.748],[80.2481,18.7531],[80.2468,18.7566],[80.2478,18.761],[80.2494,18.7641],[80.2563,18.7696],[80.2618,18.7703],[80.2687,18.7693],[80.2727,18.7675],[80.2791,18.7666],[80.2838,18.7692],[80.2868,18.7722],[80.2975,18.7906],[80.3015,18.795],[80.3067,18.7979],[80.3261,18.8004],[80.342,18.8105],[80.3536,18.8155],[80.3551,18.8203],[80.3558,18.8283],[80.3529,18.8383],[80.3469,18.8527],[80.343,18.8604],[80.3329,18.8742],[80.3289,18.8791],[80.3207,18.8854],[80.3158,18.8904],[80.3053,18.9047],[80.2986,18.9118],[80.2777,18.929],[80.2748,18.9329],[80.2724,18.9386],[80.2713,18.9446],[80.2725,18.9511],[80.2747,18.9566],[80.2762,18.9682],[80.2745,18.9847],[80.2749,18.9913],[80.2795,19.0014],[80.2953,19.0179],[80.3006,19.0256],[80.3025,19.0327],[80.2977,19.0439],[80.296,19.0502],[80.2989,19.0537],[80.3094,19.0595],[80.323,19.0685],[80.3272,19.0733],[80.3293,19.0788],[80.3297,19.0861],[80.3271,19.0921],[80.3313,19.0988],[80.3387,19.105],[80.3368,19.1113],[80.3295,19.1241],[80.328,19.1283],[80.332,19.1453],[80.3427,19.1514],[80.3468,19.1568],[80.3477,19.1627],[80.3527,19.1667],[80.3695,19.1731],[80.3801,19.1789],[80.3883,19.1845],[80.3938,19.1928],[80.3933,19.1994],[80.3871,19.2125],[80.3842,19.2211],[80.3863,19.2363],[80.3905,19.2429],[80.3956,19.247],[80.404,19.2499],[80.4154,19.2514],[80.4264,19.254],[80.4353,19.2581],[80.4442,19.2648],[80.4526,19.2736],[80.464,19.3029],[80.4693,19.3118],[80.4725,19.3196],[80.4777,19.3326],[80.4828,19.3387],[80.4883,19.3415],[80.5076,19.345],[80.5144,19.3473],[80.521,19.3519],[80.5262,19.3577],[80.5299,19.3634],[80.5333,19.3709],[80.5387,19.378],[80.5666,19.4012],[80.575,19.4046],[80.5801,19.4021],[80.5912,19.3809],[80.592,19.3774],[80.5895,19.3721],[80.5928,19.3568],[80.5959,19.3482],[80.5999,19.339],[80.603,19.3351],[80.6058,19.3285],[80.6074,19.3219],[80.6112,19.3156],[80.6174,19.311]]]},"properties":{"district_name":"Bijapur","raw_district_name":"Bijapur","state_code":"CT","state_name":"Chhattisgarh","census_code":417,"data_source":"DataMeet India Maps (Census 2011 Boundaries)"}},{"type":"Feature","geometry":{"type":"Polygon","coordinates":[[[82.0794,23.113],[82.083,23.1115],[82.0867,23.1115],[82.0934,23.1087],[82.1092,23.1079],[82.117,23.1049],[82.1234,23.1032],[82.1314,23.094],[82.1421,23.084],[82.1498,23.0742],[82.1551,23.0671],[82.1602,23.0562],[82.1613,23.0524],[82.1631,23.05],[82.1704,23.0452],[82.174,23.0449],[82.178,23.0404],[82.1864,23.0152],[82.1848,23],[82.179,22.9895],[82.1802,22.9754],[82.1797,22.9705],[82.1815,22.9679],[82.195,22.9577],[82.2025,22.9498],[82.2126,22.9448],[82.2155,22.9426],[82.2231,22.9406],[82.2241,22.9405],[82.224,22.9401],[82.2229,22.9363],[82.2185,22.9254],[82.2145,22.9176],[82.2095,22.9101],[82.2006,22.9008],[82.1937,22.8942],[82.1888,22.8881],[82.1784,22.8782],[82.1722,22.872],[82.169,22.8681],[82.1621,22.8551],[82.1594,22.8499],[82.1493,22.8422],[82.1493,22.8402],[82.1544,22.8396],[82.1579,22.8379],[82.158,22.8297],[82.1566,22.8191],[82.1586,22.8152],[82.1612,22.8134],[82.1621,22.8106],[82.1613,22.8046],[82.1619,22.7926],[82.1605,22.7842],[82.1568,22.7622],[82.1565,22.7608],[82.1556,22.7513],[82.1524,22.7441],[82.1543,22.7391],[82.1635,22.732],[82.1666,22.7278],[82.1666,22.7234],[82.1686,22.7147],[82.1686,22.7139],[82.1682,22.7092],[82.1696,22.6991],[82.1708,22.6958],[82.1757,22.6934],[82.1761,22.6875],[82.1752,22.6771],[82.1764,22.6675],[82.1782,22.6653],[82.1832,22.6668],[82.1896,22.6698],[82.1924,22.6698],[82.1962,22.6688],[82.2027,22.6657],[82.2041,22.6637],[82.2044,22.6618],[82.2067,22.6596],[82.2134,22.6607],[82.2215,22.6607],[82.2439,22.6557],[82.2422,22.6516],[82.2418,22.6461],[82.2401,22.6415],[82.2397,22.6367],[82.2394,22.6319],[82.2402,22.6233],[82.242,22.619],[82.2397,22.6054],[82.2355,22.5923],[82.2322,22.5918],[82.2147,22.5954],[82.2094,22.5953],[82.2058,22.5911],[82.2026,22.5825],[82.2001,22.5794],[82.1986,22.5778],[82.1917,22.571],[82.1858,22.5652],[82.1783,22.5564],[82.1724,22.5531],[82.1715,22.5522],[82.1647,22.5452],[82.1566,22.5419],[82.162,22.5373],[82.1668,22.5301],[82.1625,22.5126],[82.161,22.5003],[82.1584,22.4975],[82.1515,22.4929],[82.1473,22.486],[82.1459,22.4804],[82.1457,22.4792],[82.1438,22.4631],[82.1439,22.4571],[82.1461,22.4515],[82.1527,22.4473],[82.163,22.4454],[82.168,22.4431],[82.1709,22.4396],[82.1715,22.4376],[82.1733,22.4304],[82.1776,22.421],[82.1812,22.4165],[82.1837,22.4149],[82.1841,22.4118],[82.1829,22.4071],[82.1711,22.3998],[82.1698,22.3978],[82.1688,22.3871],[82.1681,22.3847],[82.166,22.3842],[82.1513,22.3836],[82.1564,22.3747],[82.1553,22.3494],[82.1531,22.3432],[82.1507,22.3395],[82.1464,22.3353],[82.1404,22.3309],[82.1433,22.3298],[82.1647,22.3285],[82.1698,22.3237],[82.1751,22.3231],[82.1813,22.3257],[82.1847,22.3233],[82.186,22.3201],[82.188,22.3183],[82.1935,22.318],[82.1936,22.3182],[82.1937,22.318],[82.1979,22.3169],[82.2022,22.313],[82.2061,22.3139],[82.2085,22.3157],[82.2101,22.3185],[82.2155,22.3283],[82.2176,22.3373],[82.2204,22.3374],[82.226,22.3319],[82.2286,22.3305],[82.2333,22.3295],[82.2363,22.3306],[82.2409,22.3336],[82.2431,22.3337],[82.2469,22.3338],[82.2563,22.3339],[82.2596,22.3347],[82.2623,22.3352],[82.2682,22.3346],[82.2719,22.3311],[82.2736,22.3265],[82.2738,22.3214],[82.2721,22.3128],[82.2666,22.305],[82.2648,22.3012],[82.2646,22.2981],[82.2643,22.2934],[82.2723,22.2943],[82.2863,22.2872],[82.2934,22.2857],[82.2968,22.2857],[82.3006,22.2885],[82.3038,22.2932],[82.3038,22.2932],[82.3083,22.2957],[82.3165,22.309],[82.3173,22.31],[82.3221,22.3163],[82.325,22.3202],[82.3288,22.3227],[82.3336,22.3233],[82.3416,22.3225],[82.3468,22.3229],[82.3522,22.3252],[82.3562,22.3244],[82.3731,22.3151],[82.378,22.3082],[82.3799,22.3014],[82.4001,22.3038],[82.4035,22.3025],[82.4078,22.2988],[82.415,22.2862],[82.4202,22.2825],[82.4148,22.2775],[82.4041,22.2695],[82.3973,22.2622],[82.4019,22.2588],[82.4083,22.2562],[82.4109,22.256],[82.4252,22.2473],[82.4311,22.2409],[82.4357,22.232],[82.4399,22.2255],[82.4512,22.2226],[82.4604,22.2164],[82.4629,22.2138],[82.4623,22.2133],[82.46,22.1992],[82.4604,22.1957],[82.463,22.1941],[82.4644,22.1932],[82.4706,22.1909],[82.4752,22.1877],[82.467,22.1807],[82.4562,22.1761],[82.4556,22.1759],[82.4488,22.173],[82.4449,22.1699],[82.4382,22.1614],[82.4313,22.1499],[82.4282,22.1424],[82.4277,22.1376],[82.419,22.1372],[82.4059,22.1339],[82.4024,22.1311],[82.3974,22.1286],[82.3886,22.1307],[82.3843,22.1333],[82.3788,22.1351],[82.3735,22.1358],[82.3635,22.1351],[82.3598,22.1338],[82.3571,22.1296],[82.353,22.1278],[82.3499,22.1247],[82.344,22.1137],[82.3368,22.1027],[82.3398,22.0967],[82.3406,22.0896],[82.3393,22.0852],[82.3392,22.0817],[82.3403,22.0771],[82.3373,22.0619],[82.333,22.0464],[82.3345,22.0384],[82.3342,22.0292],[82.3358,22.015],[82.3353,22.011],[82.3332,22.0078],[82.3305,22.0056],[82.3256,22.0035],[82.3252,22.0008],[82.3272,21.9948],[82.3257,21.9851],[82.3281,21.9796],[82.3288,21.9753],[82.3275,21.9683],[82.3328,21.9608],[82.3262,21.9494],[82.3194,21.9411],[82.3137,21.9323],[82.311,21.9238],[82.3127,21.9127],[82.3092,21.9063],[82.3089,21.904],[82.3127,21.9035],[82.3187,21.9014],[82.3141,21.8944],[82.3177,21.8879],[82.3181,21.8873],[82.3182,21.886],[82.3185,21.8801],[82.3231,21.8748],[82.3253,21.8722],[82.3259,21.8716],[82.3287,21.8684],[82.3362,21.8623],[82.3453,21.8594],[82.3554,21.8519],[82.3578,21.8434],[82.3604,21.8387],[82.364,21.8249],[82.3644,21.8236],[82.3646,21.8227],[82.3653,21.821],[82.3667,21.8179],[82.3669,21.8176],[82.3703,21.8101],[82.3724,21.8021],[82.3744,21.7891],[82.3816,21.7736],[82.382,21.7675],[82.3832,21.7638],[82.3835,21.7631],[82.3848,21.759],[82.3871,21.7578],[82.3888,21.7588],[82.3955,21.7625],[82.4016,21.7587],[82.4146,21.7585],[82.4209,21.7527],[82.4249,21.7456],[82.4323,21.7421],[82.4409,21.7393],[82.4396,21.7376],[82.4341,21.7305],[82.4269,21.7249],[82.4117,21.7162],[82.4019,21.7126],[82.3906,21.711],[82.3607,21.712],[82.3448,21.7133],[82.3324,21.7124],[82.3162,21.7183],[82.3056,21.7255],[82.3002,21.7348],[82.2975,21.7455],[82.2911,21.7508],[82.2178,21.7566],[82.2063,21.7606],[82.2014,21.7631],[82.193,21.7732],[82.1876,21.7896],[82.1859,21.8083],[82.1875,21.8146],[82.1895,21.836],[82.1889,21.8385],[82.185,21.843],[82.1632,21.8461],[82.1539,21.8436],[82.1312,21.8344],[82.1257,21.8335],[82.1209,21.8369],[82.1075,21.8495],[82.102,21.8563],[82.0956,21.8587],[82.089,21.8599],[82.0756,21.8681],[82.0681,21.8704],[82.0531,21.8813],[82.044,21.8836],[82.0384,21.8837],[82.0346,21.8793],[82.0284,21.8621],[82.0238,21.8588],[82.0113,21.8545],[82.0047,21.8538],[82,21.8541],[81.9783,21.8533],[81.9714,21.8519],[81.9579,21.8459],[81.9553,21.8421],[81.9534,21.8371],[81.9539,21.832],[81.9526,21.8266],[81.9507,21.8227],[81.9438,21.8154],[81.9427,21.8151],[81.9306,21.8292],[81.9266,21.8322],[81.9211,21.8348],[81.909,21.838],[81.9037,21.8404],[81.9004,21.8438],[81.8988,21.8501],[81.9008,21.8601],[81.9008,21.8654],[81.8985,21.8744],[81.9019,21.8821],[81.902,21.8866],[81.896,21.8911],[81.8909,21.8918],[81.8865,21.8905],[81.8823,21.8853],[81.8776,21.882],[81.8732,21.8824],[81.8702,21.8844],[81.8671,21.8924],[81.8644,21.8962],[81.8581,21.8958],[81.8522,21.8942],[81.8485,21.8915],[81.8481,21.8886],[81.8493,21.8826],[81.848,21.8805],[81.8437,21.8785],[81.8312,21.8791],[81.8274,21.88],[81.8226,21.8825],[81.8211,21.8863],[81.828,21.905],[81.8291,21.9099],[81.8281,21.9162],[81.8249,21.9189],[81.8166,21.9222],[81.8071,21.9275],[81.8046,21.9311],[81.807,21.9419],[81.8065,21.9448],[81.8011,21.947],[81.7928,21.9461],[81.79,21.9496],[81.7859,21.9515],[81.7805,21.9514],[81.7768,21.9486],[81.7717,21.9464],[81.7687,21.9469],[81.76,21.952],[81.7553,21.9508],[81.7466,21.9459],[81.7348,21.9433],[81.7301,21.9432],[81.7244,21.9485],[81.7222,21.9497],[81.7142,21.9528],[81.7091,21.9532],[81.7094,21.9571],[81.6976,21.9612],[81.6841,21.959],[81.6757,21.96],[81.6684,21.962],[81.6646,21.9661],[81.6634,21.9737],[81.6646,21.9826],[81.6611,21.9863],[81.6525,21.9899],[81.6351,21.9878],[81.6317,21.9832],[81.6284,21.9835],[81.6251,21.9849],[81.6212,21.9883],[81.6199,21.9915],[81.6186,22.0012],[81.6123,22.0114],[81.6092,22.0157],[81.6052,22.0191],[81.5972,22.0192],[81.5905,22.0204],[81.5849,22.0244],[81.5807,22.0243],[81.577,22.0188],[81.5822,22.0166],[81.5892,22.0158],[81.5919,22.0119],[81.59,22.0014],[81.5928,21.9977],[81.5934,21.9918],[81.5913,21.9884],[81.5853,21.9846],[81.5815,21.9844],[81.5797,21.9873],[81.5761,21.9886],[81.5751,21.9898],[81.5758,21.993],[81.5747,21.9959],[81.5683,21.995],[81.5628,21.9953],[81.5609,21.9968],[81.5602,22.0011],[81.553,22.0065],[81.5419,22.0081],[81.5332,22.0062],[81.5267,22.0039],[81.5262,22.0012],[81.5192,21.9916],[81.5114,22.0012],[81.5063,22.0076],[81.5042,22.0132],[81.5089,22.0165],[81.511,22.0233],[81.5104,22.0306],[81.5009,22.0295],[81.5038,22.0487],[81.5056,22.0543],[81.5138,22.0551],[81.5162,22.065],[81.5243,22.0827],[81.5217,22.0871],[81.5179,22.0903],[81.5146,22.1049],[81.5111,22.1115],[81.5112,22.1215],[81.5112,22.128],[81.5125,22.1355],[81.5152,22.1395],[81.5232,22.1433],[81.5239,22.1506],[81.5281,22.1564],[81.5265,22.1633],[81.528,22.175],[81.5318,22.182],[81.5403,22.1937],[81.5367,22.2027],[81.5399,22.2078],[81.5365,22.212],[81.5349,22.2171],[81.5403,22.2239],[81.5405,22.2303],[81.544,22.2355],[81.5523,22.2399],[81.5526,22.2505],[81.5536,22.2563],[81.5529,22.2663],[81.5512,22.27],[81.542,22.275],[81.5331,22.2764],[81.5366,22.2899],[81.5303,22.3014],[81.5298,22.3072],[81.5265,22.308],[81.5273,22.3105],[81.5224,22.3138],[81.5268,22.3161],[81.5389,22.32],[81.5465,22.3238],[81.5519,22.3333],[81.5572,22.3392],[81.5639,22.3444],[81.5632,22.3472],[81.548,22.3489],[81.5378,22.3584],[81.5272,22.3721],[81.5229,22.3786],[81.5212,22.3859],[81.5172,22.3937],[81.5129,22.3944],[81.5083,22.3988],[81.4923,22.4107],[81.4889,22.4183],[81.4924,22.4252],[81.497,22.4292],[81.4979,22.4381],[81.4975,22.444],[81.4863,22.4588],[81.4839,22.4694],[81.4845,22.4796],[81.4891,22.4874],[81.4871,22.493],[81.4871,22.493],[81.493,22.503],[81.4974,22.5081],[81.499,22.517],[81.5005,22.5193],[81.5102,22.5265],[81.5139,22.5215],[81.5193,22.5232],[81.522,22.5284],[81.522,22.5337],[81.5227,22.5364],[81.5264,22.5397],[81.5353,22.5395],[81.5433,22.5329],[81.5495,22.5296],[81.5545,22.531],[81.5642,22.5319],[81.5701,22.5339],[81.5646,22.5373],[81.5647,22.5466],[81.5704,22.5507],[81.5771,22.5498],[81.5905,22.5443],[81.5953,22.5438],[81.6,22.5374],[81.6071,22.5355],[81.6163,22.5362],[81.6231,22.5388],[81.6292,22.5436],[81.6287,22.5475],[81.6267,22.553],[81.6267,22.5583],[81.6309,22.564],[81.6398,22.5617],[81.6453,22.5619],[81.653,22.5656],[81.656,22.5687],[81.6568,22.5758],[81.6518,22.5831],[81.6475,22.5863],[81.649,22.5918],[81.6487,22.6072],[81.6509,22.6141],[81.6558,22.6197],[81.6622,22.6213],[81.6639,22.6317],[81.6705,22.6324],[81.6859,22.6486],[81.6958,22.6463],[81.7062,22.6456],[81.7144,22.6493],[81.7215,22.6553],[81.7254,22.6634],[81.727,22.6697],[81.7303,22.6759],[81.7375,22.673],[81.7443,22.6688],[81.7467,22.6611],[81.7479,22.6478],[81.7563,22.6458],[81.7701,22.6633],[81.7724,22.6688],[81.7734,22.6758],[81.7703,22.6851],[81.7633,22.6973],[81.7557,22.7192],[81.754,22.7261],[81.7565,22.7328],[81.7699,22.7349],[81.7702,22.7411],[81.7714,22.7464],[81.7855,22.7577],[81.7917,22.7662],[81.7887,22.7743],[81.7818,22.7852],[81.7833,22.7997],[81.7804,22.8087],[81.769,22.8288],[81.7683,22.8338],[81.7723,22.8402],[81.7767,22.8506],[81.7775,22.8599],[81.7768,22.873],[81.7933,22.8765],[81.8033,22.8797],[81.8281,22.8823],[81.8339,22.8817],[81.8388,22.8825],[81.843,22.886],[81.8638,22.8904],[81.8685,22.8935],[81.8694,22.9041],[81.8674,22.9145],[81.8779,22.9113],[81.882,22.9128],[81.8877,22.9193],[81.894,22.9246],[81.9023,22.9276],[81.9089,22.9325],[81.9131,22.9399],[81.9213,22.9477],[81.9309,22.9507],[81.9354,22.9537],[81.9407,22.9543],[81.9477,22.9566],[81.95,22.964],[81.9499,22.9747],[81.9487,22.9844],[81.9459,22.9911],[81.946,23.0002],[81.9445,23.0027],[81.9447,23.0089],[81.9398,23.0168],[81.9343,23.0218],[81.9345,23.0254],[81.9334,23.0279],[81.9269,23.036],[81.9259,23.0403],[81.9289,23.0468],[81.9314,23.0576],[81.9336,23.0615],[81.9425,23.0662],[81.9454,23.0689],[81.945,23.0759],[81.9456,23.0771],[81.9601,23.0758],[81.9688,23.0795],[81.9725,23.0797],[81.9768,23.0787],[81.9796,23.0808],[81.9824,23.0811],[81.9874,23.0849],[81.9897,23.0856],[81.9929,23.0855],[81.998,23.084],[82,23.0842],[82.0043,23.0797],[82.0097,23.0778],[82.0177,23.08],[82.0203,23.0787],[82.0236,23.0787],[82.0316,23.0795],[82.0357,23.0811],[82.047,23.0909],[82.0532,23.0985],[82.0552,23.1027],[82.0689,23.1153],[82.0746,23.1162],[82.0766,23.1143],[82.0794,23.113]]]},"properties":{"district_name":"Bilaspur","raw_district_name":"Bilaspur","state_code":"CT","state_name":"Chhattisgarh","census_code":406,"data_source":"DataMeet India Maps (Census 2011 Boundaries)"}},{"type":"Feature","geometry":{"type":"Polygon","coordinates":[[[81.3559,19.3252],[81.3577,19.3234],[81.3629,19.3178],[81.3663,19.3154],[81.3736,19.3131],[81.3736,19.3131],[81.3763,19.3031],[81.3588,19.2929],[81.3565,19.2854],[81.3567,19.2795],[81.3593,19.2729],[81.3594,19.2628],[81.3656,19.2563],[81.366,19.2528],[81.3634,19.2488],[81.357,19.2463],[81.3547,19.2442],[81.3538,19.2362],[81.3538,19.2254],[81.3654,19.2205],[81.3756,19.2151],[81.3831,19.2112],[81.3914,19.2085],[81.4,19.201],[81.4018,19.1929],[81.4068,19.192],[81.4128,19.1948],[81.4215,19.1943],[81.437,19.1891],[81.4434,19.188],[81.4442,19.1882],[81.4502,19.1894],[81.4534,19.1918],[81.455,19.1966],[81.465,19.209],[81.4734,19.2128],[81.4823,19.2114],[81.488,19.2085],[81.4977,19.2057],[81.5017,19.204],[81.5022,19.1993],[81.4997,19.1838],[81.4987,19.178],[81.4958,19.1677],[81.4965,19.1605],[81.4928,19.151],[81.4947,19.1467],[81.4976,19.1429],[81.498,19.1388],[81.4949,19.1362],[81.4952,19.1235],[81.4847,19.1218],[81.4817,19.1192],[81.4868,19.1138],[81.4932,19.1039],[81.4939,19.0985],[81.4924,19.0891],[81.4933,19.0841],[81.5056,19.0711],[81.5136,19.0681],[81.5142,19.0654],[81.5036,19.0626],[81.4981,19.0549],[81.4995,19.0497],[81.5036,19.0445],[81.5297,19.038],[81.5233,19.0298],[81.5227,19.0198],[81.5233,19.0159],[81.5145,19.0107],[81.51,19.0105],[81.5042,19.0118],[81.4977,19.0115],[81.4846,19.0103],[81.4788,19.0118],[81.4792,19.007],[81.4705,19.0044],[81.469,19.0007],[81.4722,18.9853],[81.4787,18.9779],[81.4833,18.9703],[81.4836,18.967],[81.4751,18.9621],[81.4695,18.9565],[81.4675,18.9497],[81.4672,18.9443],[81.4789,18.9424],[81.5002,18.9334],[81.5023,18.9325],[81.5098,18.9273],[81.5098,18.9229],[81.5133,18.9157],[81.5144,18.9104],[81.521,18.9152],[81.5285,18.922],[81.5374,18.9171],[81.5552,18.9111],[81.5489,18.8948],[81.5488,18.8873],[81.5516,18.8807],[81.5559,18.8792],[81.5557,18.8746],[81.5634,18.8739],[81.5666,18.8665],[81.5713,18.8677],[81.5746,18.8655],[81.5781,18.8541],[81.5803,18.849],[81.5843,18.8435],[81.5978,18.8469],[81.6052,18.8514],[81.6111,18.8435],[81.6196,18.8397],[81.6203,18.8371],[81.6196,18.8337],[81.6122,18.8282],[81.6132,18.8243],[81.6198,18.8193],[81.6288,18.8214],[81.6333,18.8209],[81.6361,18.8183],[81.6382,18.8105],[81.6499,18.8026],[81.6621,18.7982],[81.6716,18.807],[81.6787,18.8191],[81.6831,18.8217],[81.705,18.8221],[81.712,18.836],[81.7272,18.8242],[81.7322,18.8214],[81.7369,18.8191],[81.7565,18.8112],[81.7614,18.7949],[81.7673,18.7853],[81.7681,18.7811],[81.7646,18.7771],[81.7633,18.7721],[81.7665,18.7694],[81.7751,18.7709],[81.7766,18.7677],[81.7766,18.7629],[81.7734,18.7564],[81.7839,18.7536],[81.7956,18.7485],[81.8022,18.743],[81.8029,18.7372],[81.8069,18.7362],[81.8188,18.743],[81.8218,18.7429],[81.8329,18.7395],[81.8489,18.737],[81.8564,18.7384],[81.8671,18.7458],[81.871,18.7543],[81.8699,18.7586],[81.8734,18.7613],[81.884,18.7546],[81.893,18.7548],[81.9089,18.7583],[81.9141,18.7612],[81.9192,18.7698],[81.9289,18.7709],[81.943,18.7682],[81.9516,18.7642],[81.9583,18.7581],[81.955,18.7498],[81.9435,18.73],[81.9456,18.722],[81.9462,18.7169],[81.9478,18.7136],[81.9516,18.7118],[81.9555,18.7095],[81.9597,18.7064],[81.9649,18.6983],[81.9691,18.6927],[81.9653,18.6902],[81.9632,18.687],[81.9688,18.6745],[81.9598,18.6678],[81.9555,18.6625],[81.954,18.6532],[81.9542,18.6473],[81.9565,18.6397],[81.9556,18.6357],[81.9437,18.6397],[81.9237,18.6426],[81.9173,18.6478],[81.913,18.6532],[81.903,18.6587],[81.9013,18.6606],[81.8935,18.6571],[81.8981,18.6502],[81.8964,18.6442],[81.8954,18.6312],[81.8965,18.6278],[81.9081,18.6264],[81.9212,18.6198],[81.9344,18.6101],[81.9379,18.6033],[81.9467,18.5987],[81.957,18.5965],[81.9627,18.5937],[81.954,18.5819],[81.9518,18.5731],[81.9551,18.5661],[81.9517,18.5624],[81.9444,18.5647],[81.938,18.565],[81.9284,18.5643],[81.9246,18.566],[81.9168,18.5712],[81.909,18.5641],[81.9079,18.556],[81.9058,18.5497],[81.9061,18.5447],[81.9085,18.5395],[81.905,18.5354],[81.8908,18.5362],[81.8869,18.5333],[81.8836,18.5284],[81.879,18.5246],[81.8712,18.5242],[81.8661,18.52],[81.8612,18.5143],[81.8572,18.5076],[81.8578,18.4961],[81.8525,18.4886],[81.8371,18.476],[81.8058,18.4468],[81.7756,18.4218],[81.7703,18.4184],[81.7686,18.4069],[81.7638,18.3933],[81.755,18.3626],[81.7532,18.3525],[81.7454,18.3514],[81.7258,18.3503],[81.7075,18.3507],[81.689,18.3481],[81.6664,18.3463],[81.6611,18.3437],[81.6574,18.338],[81.6607,18.3319],[81.6687,18.3229],[81.6669,18.3182],[81.655,18.3186],[81.6404,18.3151],[81.6359,18.3119],[81.6297,18.3108],[81.6241,18.3079],[81.6144,18.3065],[81.6051,18.3091],[81.6017,18.3083],[81.5988,18.3004],[81.5945,18.2992],[81.5823,18.2882],[81.5759,18.2803],[81.5564,18.2692],[81.5477,18.2691],[81.5362,18.2661],[81.532,18.2557],[81.5341,18.2436],[81.5312,18.2344],[81.5195,18.2091],[81.5171,18.1996],[81.5131,18.1909],[81.5136,18.1849],[81.5172,18.1812],[81.5232,18.1793],[81.5309,18.1645],[81.5301,18.1555],[81.5241,18.1472],[81.5202,18.1365],[81.5191,18.1112],[81.517,18.0997],[81.5052,18.08],[81.5036,18.076],[81.5031,18.0654],[81.4899,18.0573],[81.4823,18.0359],[81.4859,18.0274],[81.4874,18.0111],[81.4861,18.001],[81.4829,17.9962],[81.4815,17.9908],[81.4851,17.9814],[81.4858,17.9775],[81.4849,17.9751],[81.4817,17.9728],[81.4754,17.9624],[81.4633,17.9541],[81.4537,17.9337],[81.4529,17.9297],[81.4544,17.9247],[81.4547,17.9179],[81.4566,17.9147],[81.4568,17.9106],[81.4522,17.9008],[81.4512,17.8928],[81.4488,17.8868],[81.4458,17.8836],[81.443,17.8825],[81.4387,17.8823],[81.4316,17.885],[81.4202,17.893],[81.4122,17.8962],[81.4075,17.896],[81.4043,17.8951],[81.4023,17.8927],[81.399,17.8819],[81.398,17.8697],[81.3984,17.867],[81.4066,17.8544],[81.4059,17.8513],[81.4018,17.8435],[81.393,17.8335],[81.3915,17.8282],[81.3916,17.8218],[81.3935,17.8143],[81.3926,17.8112],[81.383,17.813],[81.3761,17.8158],[81.366,17.8181],[81.353,17.8192],[81.3439,17.8189],[81.3345,17.82],[81.3236,17.8199],[81.3066,17.8174],[81.2718,17.818],[81.2625,17.8196],[81.2364,17.8337],[81.2288,17.8368],[81.2219,17.8404],[81.2004,17.8544],[81.1922,17.8566],[81.1848,17.8564],[81.168,17.8599],[81.1297,17.8356],[81.1174,17.8304],[81.1061,17.8244],[81.0975,17.8181],[81.0955,17.8106],[81.088,17.8022],[81.082,17.7936],[81.0742,17.7915],[81.0644,17.7901],[81.0536,17.7912],[81.046,17.7935],[81.0408,17.7969],[81.0209,17.8238],[81.0127,17.8454],[81.0102,17.8718],[81.0026,17.9212],[81.0002,17.9263],[80.9929,17.9298],[80.9916,17.9418],[80.9888,17.9467],[80.9881,17.9526],[80.9863,17.9565],[80.9821,17.9836],[80.9808,17.9999],[80.9797,18.0041],[80.9781,18.0098],[80.9766,18.0185],[80.9744,18.0253],[80.9721,18.0311],[80.9708,18.0378],[80.9705,18.0382],[80.9742,18.0501],[80.9717,18.0564],[80.9606,18.0785],[80.9521,18.0876],[80.9541,18.0908],[80.9565,18.0978],[80.958,18.1048],[80.9579,18.1102],[80.9557,18.1233],[80.9575,18.1297],[80.9757,18.1445],[80.9807,18.15],[80.9829,18.1584],[80.9819,18.1647],[80.9819,18.1647],[80.9996,18.1675],[81.0089,18.1661],[81.0082,18.1617],[81.0119,18.1592],[81.0163,18.1605],[81.0323,18.1555],[81.0352,18.1571],[81.0432,18.1648],[81.0608,18.1701],[81.0684,18.1813],[81.0754,18.1881],[81.0836,18.1993],[81.0865,18.1994],[81.0934,18.1979],[81.0969,18.1987],[81.0932,18.2068],[81.0901,18.2174],[81.085,18.2256],[81.0798,18.2231],[81.0731,18.2311],[81.0661,18.2344],[81.0654,18.2405],[81.058,18.2504],[81.0503,18.2504],[81.0393,18.2601],[81.0431,18.2622],[81.052,18.2644],[81.0586,18.291],[81.0629,18.2922],[81.0653,18.2968],[81.0586,18.3044],[81.0586,18.3132],[81.051,18.3202],[81.0496,18.328],[81.0454,18.3323],[81.042,18.3401],[81.038,18.3413],[81.0341,18.3402],[81.0292,18.3373],[81.0249,18.3366],[81.0186,18.3369],[81.0132,18.3391],[81.0067,18.3435],[80.9996,18.3443],[80.9965,18.3466],[80.9895,18.3466],[80.9839,18.3477],[80.9755,18.3544],[80.9713,18.3568],[80.9638,18.3658],[80.9591,18.3664],[80.9465,18.3613],[80.9417,18.3607],[80.937,18.3627],[80.9334,18.3711],[80.925,18.3768],[80.9164,18.3756],[80.9205,18.3823],[80.9278,18.3904],[80.9305,18.3916],[80.934,18.3919],[80.9374,18.3952],[80.9394,18.402],[80.9421,18.4034],[80.9445,18.4011],[80.9467,18.4005],[80.9561,18.4044],[80.9586,18.4071],[80.9606,18.4135],[80.9628,18.4155],[80.9648,18.4239],[80.9672,18.4265],[80.971,18.4286],[80.9739,18.4327],[80.9794,18.4364],[80.9866,18.4511],[80.9899,18.4578],[80.9995,18.4734],[81.0237,18.4927],[81.031,18.4985],[81.031,18.5045],[81.0297,18.5094],[81.029,18.517],[81.0285,18.5241],[81.0313,18.5299],[81.0355,18.5326],[81.0497,18.5326],[81.066,18.5421],[81.0741,18.5456],[81.0826,18.546],[81.105,18.543],[81.1283,18.5378],[81.1544,18.5305],[81.1604,18.5329],[81.1711,18.5414],[81.1677,18.5493],[81.1828,18.5398],[81.1944,18.5452],[81.1966,18.55],[81.196,18.5594],[81.1995,18.5795],[81.1985,18.5926],[81.191,18.595],[81.1821,18.5934],[81.1712,18.5901],[81.1631,18.5822],[81.1511,18.5661],[81.1522,18.5819],[81.1516,18.597],[81.1531,18.6],[81.1628,18.6086],[81.1617,18.6132],[81.1641,18.6171],[81.1631,18.6332],[81.1668,18.6338],[81.1704,18.636],[81.179,18.6513],[81.1636,18.6661],[81.1625,18.684],[81.163,18.6908],[81.1798,18.7111],[81.1921,18.7364],[81.1962,18.7374],[81.1994,18.7443],[81.2,18.7485],[81.1954,18.7901],[81.1913,18.7966],[81.189,18.8156],[81.1996,18.8275],[81.2046,18.8342],[81.2058,18.8415],[81.2056,18.8507],[81.2125,18.8616],[81.2145,18.8691],[81.2151,18.8969],[81.2171,18.9025],[81.224,18.9086],[81.2227,18.9218],[81.2147,18.921],[81.2079,18.9181],[81.2008,18.9193],[81.1959,18.9189],[81.1917,18.9151],[81.1872,18.9176],[81.1829,18.9188],[81.1772,18.9165],[81.1725,18.9187],[81.1709,18.9237],[81.173,18.9283],[81.1812,18.9318],[81.1812,18.9361],[81.1836,18.9403],[81.1946,18.9456],[81.219,18.9472],[81.2255,18.9588],[81.2338,18.9672],[81.2282,18.9689],[81.2245,18.972],[81.2181,18.9807],[81.2122,18.9825],[81.2037,18.9927],[81.205,18.9965],[81.2096,19.0006],[81.2119,19.0058],[81.2151,19.0089],[81.2257,19.0154],[81.2248,19.0192],[81.2135,19.0178],[81.2092,19.0223],[81.2103,19.0269],[81.2259,19.0509],[81.2204,19.0596],[81.2116,19.0858],[81.2103,19.0937],[81.2109,19.1099],[81.2093,19.1267],[81.212,19.1404],[81.2067,19.1513],[81.2057,19.1563],[81.2076,19.164],[81.2123,19.1713],[81.2061,19.1885],[81.1966,19.1888],[81.1757,19.1843],[81.1636,19.1805],[81.1541,19.1825],[81.1461,19.1827],[81.1438,19.189],[81.1348,19.2037],[81.1282,19.2127],[81.1282,19.2275],[81.1243,19.2315],[81.1137,19.2354],[81.1197,19.2423],[81.1316,19.2473],[81.131,19.2514],[81.1282,19.2568],[81.1282,19.2569],[81.1283,19.2569],[81.1369,19.2553],[81.1416,19.2554],[81.1452,19.2594],[81.144,19.2668],[81.1414,19.2758],[81.1419,19.2892],[81.1429,19.2969],[81.1558,19.2969],[81.1581,19.2958],[81.16,19.2928],[81.1611,19.2844],[81.1608,19.2787],[81.1704,19.2697],[81.1753,19.2711],[81.1929,19.2774],[81.1959,19.2867],[81.199,19.2888],[81.2046,19.2893],[81.2224,19.2882],[81.2298,19.3036],[81.2311,19.3196],[81.2381,19.3235],[81.2428,19.3226],[81.2477,19.3231],[81.2545,19.3261],[81.2592,19.3246],[81.2727,19.326],[81.2796,19.3322],[81.2882,19.3364],[81.3048,19.3363],[81.3192,19.3327],[81.3369,19.3268],[81.3429,19.3197],[81.3559,19.3252]]]},"properties":{"district_name":"Dakshin Bastar Dantewada","raw_district_name":"Dakshin Bastar Dantewada","state_code":"CT","state_name":"Chhattisgarh","census_code":416,"data_source":"DataMeet India Maps (Census 2011 Boundaries)"}},{"type":"Feature","geometry":{"type":"MultiPolygon","coordinates":[[[[81.6565,21.0007],[81.6597,20.9985],[81.6622,20.999],[81.6717,20.9988],[81.6754,20.9994],[81.6821,20.998],[81.6871,20.9981],[81.6895,21.001],[81.6928,21.0038],[81.6963,21.0029],[81.6993,21.0039],[81.7039,21.0119],[81.7085,21.0162],[81.7112,21.0171],[81.7143,21.0165],[81.7189,21.0099],[81.7203,21.009],[81.7234,21.0091],[81.7357,21.0126],[81.7397,21.0128],[81.7518,21.0102],[81.7565,21.0064],[81.7604,21.0004],[81.7613,20.9973],[81.7654,20.9917],[81.7664,20.9848],[81.7701,20.9828],[81.7757,20.9811],[81.7839,20.9703],[81.8172,20.9518],[81.8166,20.9493],[81.8182,20.9458],[81.8251,20.9475],[81.838,20.9398],[81.8424,20.9392],[81.8497,20.94],[81.8562,20.9425],[81.8606,20.9466],[81.8647,20.9575],[81.8665,20.9589],[81.878,20.9624],[81.8784,20.9422],[81.8784,20.9322],[81.8783,20.9296],[81.8804,20.9158],[81.8855,20.9082],[81.8898,20.9053],[81.8942,20.9006],[81.8954,20.8919],[81.8931,20.885],[81.892,20.8778],[81.8922,20.8713],[81.9038,20.8494],[81.9051,20.8421],[81.9078,20.8332],[81.9133,20.8268],[81.924,20.8188],[81.9265,20.8138],[81.9261,20.8097],[81.9247,20.8068],[81.9111,20.7905],[81.9131,20.7846],[81.9171,20.7817],[81.926,20.7704],[81.9268,20.7663],[81.9262,20.7569],[81.9271,20.7486],[81.9289,20.746],[81.9351,20.7403],[81.9378,20.7384],[81.9412,20.7371],[81.9726,20.7297],[81.9806,20.7262],[81.9831,20.7236],[81.984,20.7225],[81.9855,20.7185],[81.9837,20.7045],[81.9847,20.7016],[81.9948,20.6905],[81.9999,20.6863],[82.0023,20.6831],[82.013,20.6751],[82.0148,20.6725],[82.0144,20.6696],[82.0092,20.6634],[82.0041,20.6495],[82.0008,20.6457],[81.9975,20.6396],[81.9963,20.6347],[81.997,20.6275],[81.998,20.6256],[82.0005,20.6251],[82.003,20.6164],[82.0072,20.6068],[82.0121,20.5911],[82.0181,20.5771],[82.0188,20.5573],[82.0206,20.5458],[82.0215,20.5289],[82.0231,20.526],[82.033,20.5213],[82.037,20.5176],[82.0379,20.5118],[82.0405,20.5094],[82.0415,20.505],[82.0427,20.5033],[82.0494,20.5019],[82.0503,20.4973],[82.0495,20.4933],[82.0498,20.4899],[82.0514,20.4875],[82.0517,20.4839],[82.0566,20.4779],[82.0565,20.4727],[82.0542,20.4633],[82.0557,20.4587],[82.0607,20.4492],[82.0638,20.447],[82.0639,20.4399],[82.065,20.4363],[82.0726,20.4327],[82.0755,20.4291],[82.0755,20.4211],[82.0779,20.4175],[82.0831,20.4125],[82.0837,20.3969],[82.0806,20.3912],[82.0803,20.3873],[82.0815,20.3842],[82.0848,20.3812],[82.085,20.3772],[82.0803,20.3671],[82.0815,20.3612],[82.0885,20.3457],[82.0864,20.3379],[82.0865,20.335],[82.0842,20.3296],[82.0855,20.3278],[82.0906,20.3248],[82.096,20.3196],[82.1016,20.3072],[82.1083,20.2893],[82.1154,20.2872],[82.1331,20.2878],[82.1426,20.2865],[82.1515,20.2813],[82.1571,20.2677],[82.166,20.2591],[82.1747,20.2591],[82.1739,20.2547],[82.1709,20.2487],[82.1685,20.2454],[82.1625,20.2368],[82.1645,20.2328],[82.1628,20.2283],[82.1602,20.2281],[82.1581,20.2269],[82.1552,20.2225],[82.1501,20.2209],[82.1481,20.219],[82.1355,20.1863],[82.1342,20.1799],[82.1354,20.1709],[82.1334,20.1556],[82.1361,20.1468],[82.1294,20.1418],[82.125,20.1398],[82.1241,20.1384],[82.1213,20.1383],[82.1209,20.1354],[82.1183,20.1358],[82.1143,20.1329],[82.1127,20.1279],[82.1122,20.1215],[82.1109,20.1157],[82.1087,20.1108],[82.1028,20.1042],[82.0941,20.1018],[82.0789,20.1024],[82.0732,20.1032],[82.0666,20.1058],[82.0625,20.105],[82.0426,20.0959],[82.0353,20.0982],[82.0312,20.0773],[82.0286,20.0715],[82.0265,20.067],[82.024,20.0637],[82.0235,20.0612],[82.0241,20.0545],[82.0175,20.0491],[82.0175,20.0491],[82.0144,20.0516],[82.0086,20.0535],[82.0031,20.0518],[82.0003,20.0521],[81.9941,20.0563],[81.9908,20.0613],[81.986,20.0734],[81.9811,20.0798],[81.9702,20.0897],[81.9623,20.0956],[81.9517,20.1057],[81.9489,20.1063],[81.9445,20.1052],[81.9415,20.1034],[81.9332,20.0942],[81.9294,20.091],[81.923,20.0779],[81.9178,20.0712],[81.909,20.0632],[81.9017,20.0524],[81.897,20.0474],[81.8926,20.0459],[81.8884,20.0465],[81.8838,20.0485],[81.8813,20.0503],[81.8753,20.055],[81.8741,20.0577],[81.8758,20.0739],[81.8748,20.077],[81.8748,20.0834],[81.8723,20.0879],[81.8532,20.105],[81.8504,20.1108],[81.8506,20.1196],[81.8479,20.1453],[81.848,20.1634],[81.8462,20.1647],[81.834,20.1669],[81.8272,20.169],[81.8228,20.1698],[81.8169,20.1691],[81.8169,20.1691],[81.8143,20.1779],[81.8134,20.1841],[81.8149,20.1898],[81.8056,20.2111],[81.8022,20.2134],[81.7884,20.2105],[81.7851,20.2258],[81.7823,20.2278],[81.779,20.2289],[81.7776,20.2326],[81.7822,20.2443],[81.7846,20.247],[81.7896,20.2608],[81.8004,20.2571],[81.803,20.2573],[81.8034,20.2583],[81.8021,20.2629],[81.7953,20.2774],[81.7934,20.284],[81.7908,20.2892],[81.7794,20.28],[81.774,20.2802],[81.7697,20.2817],[81.7655,20.2846],[81.7634,20.2881],[81.7629,20.2922],[81.7631,20.2987],[81.7652,20.3075],[81.7681,20.3104],[81.7776,20.3113],[81.7799,20.3196],[81.784,20.3208],[81.794,20.3213],[81.7964,20.322],[81.7979,20.3257],[81.7976,20.3294],[81.7872,20.3453],[81.7851,20.356],[81.7821,20.3564],[81.7733,20.3533],[81.7697,20.3535],[81.7661,20.3561],[81.7653,20.3596],[81.7673,20.3671],[81.7681,20.375],[81.7716,20.3832],[81.7696,20.3872],[81.7599,20.392],[81.755,20.3964],[81.7458,20.4089],[81.7393,20.4205],[81.737,20.4278],[81.7365,20.4386],[81.7395,20.4538],[81.743,20.4651],[81.7417,20.4681],[81.7365,20.4709],[81.7354,20.4749],[81.7372,20.4822],[81.7316,20.4827],[81.7037,20.4818],[81.6956,20.4823],[81.6866,20.4854],[81.6758,20.4901],[81.6715,20.493],[81.6601,20.4978],[81.6505,20.4956],[81.6447,20.496],[81.6445,20.5015],[81.6428,20.5046],[81.64,20.5071],[81.626,20.5122],[81.621,20.5149],[81.6179,20.515],[81.6128,20.5135],[81.6087,20.5144],[81.6043,20.5169],[81.5864,20.5183],[81.5755,20.5183],[81.5699,20.5175],[81.562,20.5144],[81.5582,20.5139],[81.5548,20.5147],[81.5455,20.5145],[81.5429,20.51],[81.5423,20.5066],[81.5403,20.5022],[81.5369,20.4983],[81.5328,20.4957],[81.5229,20.4929],[81.5176,20.4943],[81.5139,20.4965],[81.5112,20.4997],[81.5079,20.5057],[81.5038,20.517],[81.5024,20.5189],[81.4995,20.5196],[81.4938,20.517],[81.4889,20.5137],[81.4591,20.5147],[81.4421,20.5187],[81.431,20.5164],[81.4253,20.5185],[81.4172,20.5254],[81.4146,20.5254],[81.4131,20.5273],[81.412,20.5522],[81.4207,20.5513],[81.4248,20.552],[81.4299,20.5603],[81.4336,20.5632],[81.4379,20.5653],[81.4562,20.567],[81.4554,20.574],[81.4466,20.5896],[81.4505,20.5897],[81.4548,20.5878],[81.4661,20.5855],[81.4681,20.586],[81.4716,20.5892],[81.4743,20.5894],[81.4763,20.5891],[81.4885,20.5835],[81.4913,20.5832],[81.4959,20.5864],[81.5088,20.5878],[81.5176,20.59],[81.514,20.5954],[81.5119,20.5921],[81.4988,20.5938],[81.4956,20.5955],[81.4942,20.5924],[81.4778,20.5933],[81.4758,20.5949],[81.4764,20.5979],[81.4776,20.5995],[81.4904,20.6026],[81.4932,20.6019],[81.4961,20.6025],[81.5144,20.6128],[81.5162,20.6237],[81.5138,20.6232],[81.51,20.6193],[81.5032,20.6161],[81.5006,20.611],[81.4963,20.6145],[81.4934,20.6197],[81.4929,20.6233],[81.4935,20.6258],[81.4948,20.6277],[81.4976,20.6291],[81.502,20.6369],[81.5026,20.6458],[81.501,20.648],[81.4962,20.6515],[81.4966,20.6585],[81.4996,20.6615],[81.511,20.6643],[81.5136,20.6658],[81.5157,20.6736],[81.5156,20.6791],[81.5139,20.6896],[81.5175,20.7031],[81.5175,20.7122],[81.5055,20.7166],[81.4994,20.7144],[81.4976,20.7129],[81.4936,20.7135],[81.4918,20.7153],[81.4908,20.7179],[81.4852,20.724],[81.4839,20.7264],[81.4857,20.7342],[81.4901,20.7452],[81.489,20.747],[81.4894,20.7588],[81.4841,20.765],[81.4832,20.773],[81.484,20.7754],[81.4862,20.7775],[81.4967,20.7827],[81.4985,20.789],[81.5039,20.7921],[81.508,20.7973],[81.5141,20.7985],[81.5155,20.7997],[81.5185,20.8107],[81.5181,20.8153],[81.5203,20.8191],[81.5204,20.8247],[81.5191,20.8289],[81.5155,20.8297],[81.5072,20.8291],[81.5029,20.8295],[81.4971,20.8338],[81.4979,20.8389],[81.5014,20.8442],[81.4998,20.8471],[81.4913,20.8516],[81.4854,20.8511],[81.4801,20.8554],[81.4778,20.8583],[81.4755,20.864],[81.4761,20.8707],[81.4864,20.8712],[81.4963,20.8835],[81.5,20.892],[81.5039,20.8945],[81.5209,20.8946],[81.5268,20.8998],[81.5313,20.9099],[81.5338,20.9178],[81.5414,20.9272],[81.547,20.9304],[81.5623,20.9323],[81.5689,20.9339],[81.5753,20.9368],[81.5875,20.9391],[81.5916,20.9418],[81.5968,20.9512],[81.6073,20.9565],[81.6108,20.9593],[81.6136,20.9622],[81.6161,20.9668],[81.6156,20.9721],[81.6134,20.9755],[81.6138,20.9801],[81.6204,20.9853],[81.6242,20.9894],[81.6237,20.9954],[81.6204,21.0007],[81.6185,21.006],[81.6154,21.0124],[81.6092,21.019],[81.613,21.0244],[81.6147,21.0236],[81.6223,21.0201],[81.6256,21.0168],[81.632,21.0137],[81.6338,21.0114],[81.6359,21.01],[81.6474,21.0091],[81.6534,21.0041],[81.6565,21.0007]]],[[[81.4503,20.5926],[81.4462,20.5923],[81.4457,20.5948],[81.4477,20.605],[81.4512,20.6134],[81.4584,20.6227],[81.4626,20.6255],[81.4644,20.6189],[81.4639,20.6144],[81.4613,20.6103],[81.4528,20.6048],[81.4511,20.5991],[81.4502,20.5947],[81.4503,20.5926]]]]},"properties":{"district_name":"Dhamtari","raw_district_name":"Dhamtari","state_code":"CT","state_name":"Chhattisgarh","census_code":412,"data_source":"DataMeet India Maps (Census 2011 Boundaries)"}},{"type":"Feature","geometry":{"type":"Polygon","coordinates":[[[81.9427,21.8151],[81.9135,21.7927],[81.9045,21.7825],[81.9009,21.7795],[81.8929,21.7749],[81.8848,21.772],[81.8796,21.7707],[81.8768,21.7699],[81.8629,21.7675],[81.8548,21.7598],[81.8491,21.7578],[81.8321,21.7609],[81.8207,21.7604],[81.8137,21.7642],[81.8075,21.7705],[81.802,21.7704],[81.7973,21.7693],[81.7872,21.7651],[81.7819,21.7662],[81.7762,21.769],[81.7731,21.7689],[81.7673,21.7637],[81.7619,21.7567],[81.7485,21.7492],[81.7451,21.7498],[81.7416,21.7521],[81.74,21.7571],[81.7395,21.7613],[81.7368,21.7656],[81.7328,21.7655],[81.7226,21.7623],[81.7192,21.7621],[81.7115,21.7637],[81.7084,21.7633],[81.7022,21.7594],[81.7,21.7548],[81.6995,21.7503],[81.7093,21.7375],[81.7156,21.731],[81.7197,21.7186],[81.7243,21.7133],[81.7256,21.7106],[81.723,21.6972],[81.7235,21.6943],[81.7189,21.6893],[81.7103,21.6828],[81.7062,21.6811],[81.6946,21.6795],[81.6846,21.676],[81.6785,21.6715],[81.6761,21.6643],[81.6742,21.6619],[81.67,21.6617],[81.6654,21.6625],[81.6623,21.6606],[81.6604,21.6557],[81.6614,21.6505],[81.664,21.646],[81.6689,21.6418],[81.6793,21.6363],[81.6898,21.6287],[81.6969,21.6213],[81.6994,21.6173],[81.7002,21.6109],[81.6985,21.6034],[81.6969,21.6007],[81.694,21.5957],[81.6862,21.5843],[81.6836,21.5757],[81.6793,21.572],[81.6715,21.5685],[81.6689,21.5654],[81.6703,21.5527],[81.67,21.5483],[81.6689,21.5457],[81.6524,21.5472],[81.6455,21.5456],[81.6444,21.5418],[81.6462,21.5268],[81.6457,21.5198],[81.6349,21.5115],[81.632,21.5063],[81.631,21.4848],[81.6321,21.4749],[81.6263,21.4684],[81.6254,21.4647],[81.6272,21.4546],[81.6333,21.4464],[81.6336,21.4425],[81.6312,21.435],[81.6332,21.4262],[81.6323,21.4163],[81.634,21.4126],[81.6391,21.4072],[81.6395,21.4042],[81.6295,21.3903],[81.6268,21.3877],[81.6165,21.3874],[81.6113,21.3837],[81.6112,21.3805],[81.6134,21.3735],[81.612,21.3674],[81.6097,21.3647],[81.6067,21.3634],[81.5962,21.3602],[81.5947,21.3573],[81.5966,21.3474],[81.5934,21.3431],[81.5857,21.3359],[81.5799,21.3344],[81.5741,21.3353],[81.5685,21.3377],[81.565,21.3375],[81.5579,21.3365],[81.5547,21.3351],[81.5533,21.333],[81.551,21.3101],[81.549,21.3071],[81.546,21.3053],[81.537,21.3045],[81.5348,21.3024],[81.5357,21.2979],[81.5445,21.2795],[81.5453,21.2758],[81.5458,21.2731],[81.5433,21.2585],[81.5443,21.2501],[81.5454,21.2472],[81.5466,21.2445],[81.5489,21.2423],[81.5516,21.2413],[81.5634,21.2419],[81.5671,21.2404],[81.5707,21.2357],[81.5738,21.2282],[81.5782,21.2222],[81.5875,21.2187],[81.594,21.2126],[81.6031,21.2062],[81.6073,21.1994],[81.6115,21.1862],[81.6154,21.1801],[81.619,21.1717],[81.6248,21.1619],[81.61,21.1612],[81.6067,21.1596],[81.6067,21.1494],[81.5969,21.1428],[81.5923,21.1359],[81.5879,21.1316],[81.5842,21.124],[81.5833,21.108],[81.5822,21.106],[81.5815,21.1002],[81.5783,21.0947],[81.5806,21.0864],[81.5799,21.0762],[81.5809,21.0739],[81.5839,21.072],[81.591,21.0693],[81.5946,21.068],[81.6034,21.0669],[81.6071,21.0657],[81.6097,21.0614],[81.6091,21.0571],[81.6047,21.0543],[81.5988,21.0517],[81.5887,21.0505],[81.5879,21.0462],[81.5895,21.0442],[81.6012,21.0403],[81.6043,21.0374],[81.609,21.0304],[81.6139,21.0258],[81.613,21.0244],[81.6092,21.019],[81.6154,21.0124],[81.6185,21.006],[81.6204,21.0007],[81.6237,20.9954],[81.6242,20.9894],[81.6204,20.9853],[81.6138,20.9801],[81.6134,20.9755],[81.6156,20.9721],[81.6161,20.9668],[81.6136,20.9622],[81.6108,20.9593],[81.6073,20.9565],[81.5968,20.9512],[81.5916,20.9418],[81.5875,20.9391],[81.5753,20.9368],[81.5689,20.9339],[81.5623,20.9323],[81.547,20.9304],[81.5414,20.9272],[81.5338,20.9178],[81.5313,20.9099],[81.5268,20.8998],[81.5209,20.8946],[81.5039,20.8945],[81.5,20.892],[81.4963,20.8835],[81.4864,20.8712],[81.4761,20.8707],[81.4755,20.864],[81.4778,20.8583],[81.4801,20.8554],[81.4854,20.8511],[81.4913,20.8516],[81.4998,20.8471],[81.5014,20.8442],[81.4979,20.8389],[81.4971,20.8338],[81.5029,20.8295],[81.5072,20.8291],[81.5155,20.8297],[81.5191,20.8289],[81.5204,20.8247],[81.5203,20.8191],[81.5181,20.8153],[81.5185,20.8107],[81.5155,20.7997],[81.5141,20.7985],[81.508,20.7973],[81.5039,20.7921],[81.4985,20.789],[81.4967,20.7827],[81.4862,20.7775],[81.484,20.7754],[81.4832,20.773],[81.4841,20.765],[81.4894,20.7588],[81.489,20.747],[81.4901,20.7452],[81.4857,20.7342],[81.4839,20.7264],[81.4852,20.724],[81.4908,20.7179],[81.4918,20.7153],[81.4936,20.7135],[81.4976,20.7129],[81.4994,20.7144],[81.5055,20.7166],[81.5175,20.7122],[81.5175,20.7031],[81.5139,20.6896],[81.5156,20.6791],[81.5157,20.6736],[81.5136,20.6658],[81.511,20.6643],[81.4996,20.6615],[81.4966,20.6585],[81.4962,20.6515],[81.501,20.648],[81.5026,20.6458],[81.502,20.6369],[81.4976,20.6291],[81.4948,20.6277],[81.4935,20.6258],[81.4929,20.6233],[81.4934,20.6197],[81.4963,20.6145],[81.5006,20.611],[81.5032,20.6161],[81.51,20.6193],[81.5138,20.6232],[81.5162,20.6237],[81.5144,20.6128],[81.4961,20.6025],[81.4932,20.6019],[81.4904,20.6026],[81.4776,20.5995],[81.4764,20.5979],[81.4758,20.5949],[81.4778,20.5933],[81.4942,20.5924],[81.4956,20.5955],[81.4988,20.5938],[81.5119,20.5921],[81.514,20.5954],[81.5176,20.59],[81.5088,20.5878],[81.4959,20.5864],[81.4913,20.5832],[81.4885,20.5835],[81.4763,20.5891],[81.4743,20.5894],[81.4716,20.5892],[81.4681,20.586],[81.4661,20.5855],[81.4548,20.5878],[81.4505,20.5897],[81.4466,20.5896],[81.4554,20.574],[81.4562,20.567],[81.4379,20.5653],[81.4336,20.5632],[81.4299,20.5603],[81.4248,20.552],[81.4207,20.5513],[81.412,20.5522],[81.4086,20.5518],[81.4044,20.5501],[81.3997,20.546],[81.3889,20.5342],[81.3849,20.5322],[81.3805,20.5325],[81.3644,20.537],[81.3583,20.545],[81.3535,20.5496],[81.3437,20.5507],[81.3404,20.5501],[81.3305,20.5557],[81.3215,20.5549],[81.316,20.5505],[81.3123,20.5441],[81.3094,20.5382],[81.3076,20.529],[81.2982,20.5184],[81.2921,20.5132],[81.2722,20.5077],[81.2587,20.5002],[81.2566,20.4979],[81.2594,20.4962],[81.2617,20.4935],[81.2659,20.4803],[81.2647,20.4729],[81.2631,20.4692],[81.2534,20.4547],[81.2574,20.448],[81.2545,20.4437],[81.2484,20.4397],[81.2388,20.4411],[81.2381,20.4336],[81.2364,20.4287],[81.2312,20.4297],[81.229,20.4286],[81.2292,20.4241],[81.2275,20.42],[81.2254,20.4177],[81.2229,20.4169],[81.2054,20.4135],[81.1958,20.4108],[81.1886,20.4097],[81.177,20.4041],[81.173,20.3997],[81.1709,20.3958],[81.1628,20.3885],[81.1594,20.3842],[81.1576,20.3806],[81.1535,20.3777],[81.146,20.3801],[81.1299,20.3914],[81.1074,20.4015],[81.0842,20.4156],[81.0768,20.4192],[81.0728,20.42],[81.0604,20.42],[81.0504,20.4211],[81.0429,20.4237],[81.0386,20.4266],[81.0359,20.4296],[81.0311,20.4381],[81.0246,20.4468],[81.0163,20.4526],[81.0088,20.4555],[81.0005,20.4587],[80.9964,20.4571],[80.9945,20.4539],[80.9905,20.4528],[80.9869,20.4516],[80.9841,20.4514],[80.9818,20.4501],[80.9807,20.4481],[80.9808,20.4456],[80.979,20.4434],[80.9748,20.4417],[80.9682,20.4375],[80.9592,20.4352],[80.9552,20.4363],[80.9501,20.439],[80.946,20.4407],[80.949,20.4493],[80.948,20.4553],[80.9461,20.4613],[80.9561,20.4661],[80.9651,20.4673],[80.9721,20.4721],[80.9721,20.4781],[80.9712,20.4865],[80.9682,20.4961],[80.9603,20.4985],[80.9523,20.501],[80.9443,20.5082],[80.9484,20.5214],[80.9544,20.5286],[80.9525,20.5394],[80.9535,20.5466],[80.9605,20.5526],[80.9676,20.5561],[80.9785,20.5561],[80.9856,20.5669],[80.9936,20.5765],[80.9927,20.5933],[80.9888,20.6101],[80.9848,20.6101],[80.9769,20.615],[80.9689,20.6186],[80.9619,20.6174],[80.9599,20.621],[80.955,20.6258],[80.947,20.6294],[80.938,20.6319],[80.9401,20.6439],[80.9451,20.6571],[80.9446,20.663],[80.9444,20.6653],[80.9429,20.6672],[80.9357,20.6669],[80.9298,20.664],[80.9205,20.6506],[80.9171,20.6486],[80.9139,20.6501],[80.9091,20.6653],[80.902,20.665],[80.8958,20.6624],[80.8919,20.6571],[80.8871,20.6552],[80.8823,20.6572],[80.874,20.6655],[80.8713,20.6665],[80.8635,20.6656],[80.8593,20.6685],[80.856,20.6718],[80.855,20.6743],[80.8613,20.6887],[80.8287,20.6854],[80.8222,20.6867],[80.8167,20.6905],[80.8139,20.6956],[80.8133,20.702],[80.8122,20.706],[80.8082,20.7104],[80.8099,20.7126],[80.8056,20.7166],[80.8055,20.7202],[80.8095,20.7254],[80.8097,20.7309],[80.815,20.7354],[80.816,20.7395],[80.8204,20.746],[80.8217,20.7499],[80.8203,20.7583],[80.8221,20.7619],[80.8263,20.7641],[80.845,20.7709],[80.8586,20.779],[80.8703,20.7873],[80.8737,20.7964],[80.8838,20.8039],[80.8909,20.7997],[80.8986,20.8073],[80.9004,20.8072],[80.9025,20.8031],[80.9074,20.8008],[80.9079,20.7941],[80.9013,20.7927],[80.9019,20.7878],[80.9059,20.7858],[80.9077,20.7823],[80.9079,20.7813],[80.9104,20.7808],[80.9111,20.7841],[80.9214,20.7825],[80.9244,20.7814],[80.9286,20.777],[80.932,20.7768],[80.9332,20.7806],[80.9375,20.7806],[80.9416,20.7977],[80.9443,20.8043],[80.9483,20.8079],[80.9524,20.8133],[80.9608,20.8171],[80.9622,20.8195],[80.9611,20.8213],[80.9584,20.8201],[80.9567,20.8222],[80.9573,20.8244],[80.96,20.8251],[80.9668,20.8211],[80.9713,20.814],[80.974,20.8117],[80.9768,20.8112],[80.9799,20.813],[80.9817,20.8182],[80.9785,20.8257],[80.9759,20.829],[80.9715,20.8263],[80.9683,20.8291],[80.9652,20.8374],[80.9631,20.8388],[80.9593,20.8387],[80.955,20.8408],[80.9524,20.8442],[80.9583,20.8565],[80.9657,20.8588],[80.9698,20.8579],[80.9811,20.8636],[80.9858,20.8677],[80.9917,20.8762],[80.9925,20.8785],[80.9953,20.8801],[80.9955,20.8859],[80.9913,20.8887],[80.9849,20.8907],[80.9821,20.8983],[80.9718,20.9013],[80.9656,20.9129],[80.9665,20.9181],[80.972,20.9235],[80.9645,20.9285],[80.9637,20.9506],[80.9611,20.9518],[80.9568,20.9499],[80.9451,20.9466],[80.9434,20.9501],[80.9455,20.953],[80.9493,20.9635],[80.9496,20.9676],[80.9493,20.971],[80.9419,20.9782],[80.9451,20.9806],[80.9529,20.9841],[80.9558,20.9827],[80.9577,20.9865],[80.9582,20.9902],[80.9514,21.0002],[80.9508,21.0018],[80.9535,21.003],[80.955,21.0034],[80.957,21.0038],[80.9611,21.0044],[80.9648,21.0047],[80.9685,21.0043],[80.9722,21.0036],[80.9724,21.0051],[80.9726,21.0067],[80.9761,21.0073],[80.9783,21.0073],[80.9799,21.007],[80.982,21.0065],[80.9843,21.006],[80.9872,21.0061],[80.9899,21.0049],[80.9924,21.0031],[80.9933,21.0029],[80.9951,21.0024],[80.9974,21.0016],[81,21],[81.0115,20.9983],[81.0172,20.9978],[81.0229,20.9938],[81.0263,20.9929],[81.0375,20.9953],[81.0533,20.9934],[81.0708,20.9927],[81.076,20.9942],[81.0821,20.9975],[81.0936,20.9959],[81.0951,20.9974],[81.0968,20.9988],[81.0992,21.0004],[81.1033,21.0031],[81.1077,21.0027],[81.1131,21.0048],[81.1161,21.0051],[81.12,21.0073],[81.1238,21.0126],[81.1297,21.0164],[81.1337,21.0215],[81.1356,21.0259],[81.1354,21.0304],[81.1323,21.0331],[81.1325,21.035],[81.1374,21.0409],[81.1385,21.0489],[81.1458,21.0558],[81.1467,21.0582],[81.1428,21.0668],[81.1426,21.0708],[81.1463,21.0768],[81.1508,21.0788],[81.1547,21.0796],[81.1543,21.088],[81.1551,21.0937],[81.1609,21.1013],[81.1686,21.1047],[81.1767,21.1036],[81.185,21.0999],[81.1895,21.0966],[81.1946,21.0967],[81.1978,21.0989],[81.2039,21.101],[81.2064,21.1027],[81.2072,21.1054],[81.2067,21.1088],[81.2046,21.1124],[81.1987,21.1132],[81.1987,21.1169],[81.1975,21.1206],[81.198,21.1243],[81.202,21.1253],[81.2046,21.1251],[81.2075,21.1263],[81.2093,21.1279],[81.2102,21.1433],[81.2166,21.158],[81.2173,21.1686],[81.2162,21.1715],[81.2105,21.1742],[81.2082,21.1763],[81.2087,21.186],[81.2071,21.1899],[81.1979,21.1988],[81.1976,21.2027],[81.1998,21.2139],[81.1993,21.2196],[81.1966,21.2215],[81.179,21.2173],[81.1703,21.2175],[81.1661,21.2165],[81.1615,21.2166],[81.1573,21.2153],[81.1554,21.2117],[81.1524,21.2106],[81.1516,21.2133],[81.1529,21.2221],[81.1549,21.2254],[81.1585,21.2286],[81.1623,21.2305],[81.1637,21.2368],[81.1612,21.2386],[81.1526,21.2401],[81.1521,21.2414],[81.1525,21.2447],[81.1648,21.2553],[81.1658,21.2576],[81.1653,21.2763],[81.1639,21.2814],[81.1636,21.2875],[81.1658,21.2921],[81.1684,21.2944],[81.1759,21.2968],[81.1781,21.3092],[81.18,21.3151],[81.1823,21.3177],[81.1876,21.3195],[81.1893,21.3319],[81.1976,21.3319],[81.1988,21.3345],[81.1917,21.3423],[81.1899,21.3464],[81.1887,21.3575],[81.192,21.3603],[81.1936,21.3661],[81.1949,21.3816],[81.1943,21.3857],[81.1929,21.3906],[81.1908,21.3927],[81.1835,21.3953],[81.1806,21.3981],[81.1867,21.4],[81.1875,21.403],[81.1866,21.4053],[81.18,21.4108],[81.178,21.4149],[81.1745,21.4277],[81.1732,21.4374],[81.1793,21.444],[81.1805,21.4485],[81.181,21.4531],[81.1794,21.4632],[81.1826,21.4805],[81.1804,21.4818],[81.168,21.482],[81.1638,21.4829],[81.1613,21.4853],[81.1597,21.4946],[81.1585,21.4969],[81.1606,21.5007],[81.1771,21.4957],[81.1847,21.4948],[81.1887,21.4955],[81.1921,21.5073],[81.1959,21.5143],[81.1915,21.5179],[81.1848,21.5212],[81.1681,21.5251],[81.1638,21.5269],[81.1593,21.5337],[81.1568,21.5445],[81.1489,21.5483],[81.1424,21.5463],[81.1408,21.5502],[81.141,21.554],[81.1422,21.557],[81.1548,21.58],[81.1604,21.5853],[81.1687,21.5902],[81.1775,21.597],[81.1794,21.6032],[81.1805,21.6131],[81.1788,21.6221],[81.1861,21.628],[81.19,21.6288],[81.1925,21.6304],[81.1915,21.6334],[81.1825,21.64],[81.1805,21.6432],[81.1828,21.6595],[81.1817,21.6668],[81.1781,21.6708],[81.1772,21.6769],[81.1755,21.6803],[81.1773,21.6814],[81.1771,21.6866],[81.1751,21.6961],[81.1764,21.7032],[81.1764,21.7032],[81.1832,21.702],[81.189,21.7081],[81.1925,21.7074],[81.1943,21.7053],[81.1972,21.705],[81.2054,21.7092],[81.2085,21.71],[81.2161,21.7045],[81.22,21.7044],[81.2248,21.7056],[81.2323,21.7101],[81.2368,21.7187],[81.2292,21.7219],[81.2261,21.7241],[81.2249,21.7313],[81.2268,21.741],[81.2252,21.7511],[81.2263,21.7538],[81.245,21.7496],[81.2497,21.7472],[81.2533,21.7472],[81.2606,21.7489],[81.263,21.7501],[81.2679,21.7553],[81.2715,21.7556],[81.2756,21.7585],[81.2838,21.7617],[81.2884,21.762],[81.2975,21.7679],[81.3008,21.7671],[81.3026,21.765],[81.308,21.763],[81.3146,21.7584],[81.3235,21.761],[81.3295,21.7638],[81.3383,21.765],[81.3426,21.7676],[81.3443,21.77],[81.3446,21.7719],[81.3384,21.7734],[81.337,21.7756],[81.3365,21.7812],[81.3343,21.7835],[81.3301,21.7859],[81.3294,21.7916],[81.3297,21.7976],[81.3316,21.8078],[81.3316,21.8114],[81.3257,21.8183],[81.3244,21.8216],[81.3258,21.8261],[81.329,21.8287],[81.3376,21.8386],[81.34,21.8398],[81.3449,21.8399],[81.3559,21.8358],[81.363,21.8342],[81.3669,21.8347],[81.3771,21.8394],[81.3802,21.8388],[81.387,21.8329],[81.3956,21.8309],[81.4004,21.8309],[81.4042,21.8343],[81.4015,21.8417],[81.4014,21.8503],[81.3999,21.8534],[81.3948,21.8581],[81.396,21.8675],[81.3937,21.8761],[81.3941,21.8808],[81.4071,21.8896],[81.41,21.8928],[81.412,21.898],[81.4122,21.9008],[81.4158,21.9122],[81.4187,21.9171],[81.4215,21.9158],[81.4231,21.9072],[81.4245,21.9048],[81.4268,21.9031],[81.4314,21.9012],[81.4351,21.9025],[81.4386,21.9021],[81.4453,21.8997],[81.4496,21.9009],[81.4436,21.9064],[81.4435,21.9094],[81.447,21.9113],[81.452,21.9125],[81.459,21.9161],[81.4594,21.9376],[81.4602,21.9419],[81.4687,21.9526],[81.4772,21.9595],[81.4723,21.9696],[81.4729,21.9749],[81.4808,21.9851],[81.4833,21.9896],[81.4833,21.9932],[81.4806,22.0013],[81.4779,22.007],[81.4714,22.0156],[81.4854,22.0186],[81.5042,22.0132],[81.5063,22.0076],[81.5114,22.0012],[81.5192,21.9916],[81.5262,22.0012],[81.5267,22.0039],[81.5332,22.0062],[81.5419,22.0081],[81.553,22.0065],[81.5602,22.0011],[81.5609,21.9968],[81.5628,21.9953],[81.5683,21.995],[81.5747,21.9959],[81.5758,21.993],[81.5751,21.9898],[81.5761,21.9886],[81.5797,21.9873],[81.5815,21.9844],[81.5853,21.9846],[81.5913,21.9884],[81.5934,21.9918],[81.5928,21.9977],[81.59,22.0014],[81.5919,22.0119],[81.5892,22.0158],[81.5822,22.0166],[81.577,22.0188],[81.5807,22.0243],[81.5849,22.0244],[81.5905,22.0204],[81.5972,22.0192],[81.6052,22.0191],[81.6092,22.0157],[81.6123,22.0114],[81.6186,22.0012],[81.6199,21.9915],[81.6212,21.9883],[81.6251,21.9849],[81.6284,21.9835],[81.6317,21.9832],[81.6351,21.9878],[81.6525,21.9899],[81.6611,21.9863],[81.6646,21.9826],[81.6634,21.9737],[81.6646,21.9661],[81.6684,21.962],[81.6757,21.96],[81.6841,21.959],[81.6976,21.9612],[81.7094,21.9571],[81.7091,21.9532],[81.7142,21.9528],[81.7222,21.9497],[81.7244,21.9485],[81.7301,21.9432],[81.7348,21.9433],[81.7466,21.9459],[81.7553,21.9508],[81.76,21.952],[81.7687,21.9469],[81.7717,21.9464],[81.7768,21.9486],[81.7805,21.9514],[81.7859,21.9515],[81.79,21.9496],[81.7928,21.9461],[81.8011,21.947],[81.8065,21.9448],[81.807,21.9419],[81.8046,21.9311],[81.8071,21.9275],[81.8166,21.9222],[81.8249,21.9189],[81.8281,21.9162],[81.8291,21.9099],[81.828,21.905],[81.8211,21.8863],[81.8226,21.8825],[81.8274,21.88],[81.8312,21.8791],[81.8437,21.8785],[81.848,21.8805],[81.8493,21.8826],[81.8481,21.8886],[81.8485,21.8915],[81.8522,21.8942],[81.8581,21.8958],[81.8644,21.8962],[81.8671,21.8924],[81.8702,21.8844],[81.8732,21.8824],[81.8776,21.882],[81.8823,21.8853],[81.8865,21.8905],[81.8909,21.8918],[81.896,21.8911],[81.902,21.8866],[81.9019,21.8821],[81.8985,21.8744],[81.9008,21.8654],[81.9008,21.8601],[81.8988,21.8501],[81.9004,21.8438],[81.9037,21.8404],[81.909,21.838],[81.9211,21.8348],[81.9266,21.8322],[81.9306,21.8292],[81.9427,21.8151]],[[81.4503,20.5926],[81.4502,20.5947],[81.4511,20.5991],[81.4528,20.6048],[81.4613,20.6103],[81.4639,20.6144],[81.4644,20.6189],[81.4626,20.6255],[81.4584,20.6227],[81.4512,20.6134],[81.4477,20.605],[81.4457,20.5948],[81.4462,20.5923],[81.4503,20.5926]]]},"properties":{"district_name":"Durg","raw_district_name":"Durg","state_code":"CT","state_name":"Chhattisgarh","census_code":409,"data_source":"DataMeet India Maps (Census 2011 Boundaries)"}},{"type":"Feature","geometry":{"type":"Polygon","coordinates":[[[82.5298,22.2399],[82.5354,22.2299],[82.5354,22.2299],[82.5369,22.226],[82.5387,22.2163],[82.5388,22.2114],[82.5421,22.2083],[82.5455,22.2078],[82.5492,22.2084],[82.5546,22.2109],[82.564,22.2179],[82.5697,22.2189],[82.5786,22.2223],[82.5808,22.2254],[82.5866,22.2354],[82.5906,22.2427],[82.5921,22.2485],[82.5916,22.2532],[82.5941,22.2587],[82.598,22.259],[82.6028,22.2576],[82.6147,22.2565],[82.625,22.2527],[82.6265,22.2501],[82.6384,22.2436],[82.6419,22.2411],[82.6443,22.2378],[82.6448,22.2256],[82.6466,22.2242],[82.6449,22.2151],[82.6454,22.2118],[82.649,22.2035],[82.6537,22.1976],[82.6568,22.1937],[82.6601,22.1884],[82.6592,22.1828],[82.6559,22.1734],[82.652,22.1621],[82.6468,22.1521],[82.645,22.1488],[82.6395,22.1353],[82.6363,22.1345],[82.6365,22.1237],[82.6411,22.1153],[82.6474,22.1064],[82.6494,22.1013],[82.6494,22.0992],[82.658,22.0949],[82.6647,22.0915],[82.6695,22.0871],[82.6731,22.0812],[82.6757,22.0803],[82.6785,22.0805],[82.6862,22.0893],[82.6915,22.0904],[82.6999,22.0882],[82.703,22.0853],[82.7039,22.0829],[82.7049,22.0799],[82.7057,22.0754],[82.7075,22.0654],[82.7126,22.0498],[82.715,22.0466],[82.7205,22.0418],[82.7274,22.0386],[82.7324,22.0374],[82.7373,22.0376],[82.7405,22.0388],[82.7422,22.0435],[82.7424,22.0472],[82.7378,22.0554],[82.7357,22.0729],[82.732,22.0797],[82.7307,22.0863],[82.7375,22.0874],[82.7419,22.0912],[82.7435,22.0971],[82.7474,22.0942],[82.7544,22.0965],[82.7577,22.0999],[82.7558,22.1035],[82.7559,22.1095],[82.762,22.1192],[82.7726,22.1243],[82.7691,22.1217],[82.7793,22.1261],[82.7962,22.1306],[82.8006,22.1329],[82.7969,22.1393],[82.7975,22.1421],[82.8041,22.1428],[82.8101,22.1453],[82.8147,22.1478],[82.8173,22.1497],[82.8233,22.1557],[82.8441,22.1557],[82.8469,22.1557],[82.8502,22.1564],[82.8525,22.1576],[82.854,22.1602],[82.8549,22.1641],[82.8591,22.1691],[82.8648,22.1708],[82.8716,22.1715],[82.8799,22.1689],[82.8922,22.1626],[82.8978,22.1505],[82.9021,22.1413],[82.9048,22.1384],[82.9067,22.137],[82.9132,22.1329],[82.9209,22.1295],[82.9285,22.123],[82.9361,22.1209],[82.9409,22.122],[82.9409,22.122],[82.9445,22.1189],[82.9593,22.1089],[82.9684,22.0988],[82.9749,22.0942],[82.9879,22.0874],[82.9997,22.0832],[83.0044,22.0791],[83.015,22.0738],[83.0151,22.0701],[83.0134,22.0644],[83.0141,22.0591],[83.0157,22.055],[83.0203,22.0535],[83.0303,22.0584],[83.0332,22.0545],[83.0185,22.0371],[83.0093,22.0305],[83.008,22.0281],[83.0119,22.0254],[83.0182,22.0229],[83.0192,22.0218],[83.0216,22.0159],[83.0219,22.0116],[83.0244,22.0078],[83.0283,22.0065],[83.0413,22.0054],[83.0502,22.0034],[83.0222,21.9996],[83.0216,21.9943],[83.0208,21.9936],[83.0175,21.9933],[83.0156,21.9892],[83.0134,21.9865],[83.0085,21.9859],[83.0042,21.9866],[83.0032,21.9803],[83.0025,21.9781],[83.0022,21.9713],[83.0032,21.971],[83.0043,21.9695],[83.0053,21.9655],[83.0079,21.9635],[83.0225,21.9672],[83.0257,21.9664],[83.0318,21.9632],[83.0378,21.9632],[83.0467,21.9649],[83.0509,21.9645],[83.0616,21.9664],[83.0632,21.9691],[83.0634,21.972],[83.0654,21.973],[83.0772,21.9732],[83.0936,21.9726],[83.098,21.9643],[83.1038,21.9545],[83.1089,21.948],[83.1095,21.9447],[83.1113,21.9409],[83.1171,21.9314],[83.1225,21.9276],[83.1292,21.9263],[83.1305,21.9284],[83.1317,21.9285],[83.1352,21.9259],[83.1398,21.926],[83.1404,21.9211],[83.1421,21.9185],[83.1496,21.9139],[83.1519,21.9115],[83.1533,21.9121],[83.1552,21.9145],[83.162,21.9159],[83.1627,21.917],[83.166,21.9161],[83.1724,21.9164],[83.1737,21.9161],[83.1748,21.9146],[83.1772,21.9161],[83.1797,21.9161],[83.1837,21.9224],[83.1898,21.921],[83.1921,21.9221],[83.1999,21.9179],[83.2021,21.9175],[83.2047,21.9115],[83.2107,21.9076],[83.2093,21.9061],[83.2178,21.9028],[83.2178,21.8998],[83.2167,21.8981],[83.2172,21.896],[83.2193,21.8944],[83.218,21.8935],[83.2173,21.8895],[83.2194,21.8832],[83.2121,21.8797],[83.2088,21.879],[83.2072,21.8704],[83.2074,21.8661],[83.2061,21.8646],[83.2034,21.8629],[83.1917,21.8594],[83.1867,21.857],[83.1839,21.8507],[83.1841,21.8452],[83.1862,21.8436],[83.1892,21.8429],[83.2091,21.8407],[83.2193,21.8367],[83.2246,21.8333],[83.2235,21.8311],[83.2207,21.8287],[83.214,21.8254],[83.2103,21.817],[83.2102,21.8118],[83.2134,21.8066],[83.2232,21.7989],[83.2259,21.793],[83.2289,21.7916],[83.2401,21.7899],[83.2409,21.7834],[83.2409,21.7748],[83.2438,21.7665],[83.2507,21.7511],[83.2534,21.7492],[83.2616,21.7484],[83.2698,21.7352],[83.2701,21.7329],[83.2689,21.731],[83.2619,21.7283],[83.2609,21.7263],[83.2615,21.7245],[83.2627,21.7231],[83.2651,21.7227],[83.2667,21.7214],[83.2675,21.7162],[83.27,21.7123],[83.2779,21.7076],[83.283,21.7053],[83.3008,21.7028],[83.3053,21.7034],[83.3127,21.7013],[83.3132,21.6994],[83.3153,21.697],[83.3185,21.6949],[83.3208,21.6905],[83.3196,21.6806],[83.3138,21.6783],[83.3059,21.679],[83.2997,21.6805],[83.2806,21.6861],[83.2691,21.69],[83.2544,21.6961],[83.2374,21.7011],[83.2316,21.7014],[83.1862,21.7124],[83.1695,21.7154],[83.1482,21.716],[83.1224,21.7193],[83.117,21.7191],[83.1051,21.7153],[83.0956,21.7139],[83.0891,21.7139],[83.0756,21.7176],[83.0651,21.7216],[83.0411,21.734],[83.028,21.7373],[83.0193,21.7368],[83.0097,21.7349],[83.0042,21.7333],[82.9999,21.7311],[82.9885,21.725],[82.9728,21.7204],[82.9513,21.7218],[82.9408,21.7196],[82.9207,21.7063],[82.9066,21.698],[82.8904,21.6918],[82.8785,21.689],[82.8666,21.6886],[82.8556,21.6927],[82.8349,21.702],[82.8115,21.7142],[82.7954,21.7227],[82.7859,21.7223],[82.7743,21.7191],[82.7461,21.7193],[82.7373,21.721],[82.7261,21.7246],[82.7149,21.7264],[82.7038,21.727],[82.6919,21.7241],[82.6835,21.7196],[82.6712,21.7115],[82.6652,21.7092],[82.6579,21.7103],[82.6429,21.7229],[82.6354,21.7276],[82.6292,21.7294],[82.6187,21.7257],[82.6103,21.7176],[82.6001,21.7128],[82.59,21.7149],[82.5734,21.722],[82.5515,21.7361],[82.5416,21.7375],[82.5272,21.7346],[82.512,21.7331],[82.5006,21.7298],[82.4907,21.7258],[82.4813,21.7262],[82.472,21.7298],[82.4645,21.7338],[82.4542,21.7411],[82.4455,21.743],[82.4409,21.7393],[82.4323,21.7421],[82.4249,21.7456],[82.4209,21.7527],[82.4146,21.7585],[82.4016,21.7587],[82.3955,21.7625],[82.3888,21.7588],[82.3871,21.7578],[82.3848,21.759],[82.3835,21.7631],[82.382,21.7675],[82.3816,21.7736],[82.3744,21.7891],[82.3724,21.8021],[82.3703,21.8101],[82.3667,21.8179],[82.3653,21.821],[82.3646,21.8227],[82.3644,21.8236],[82.3604,21.8387],[82.3578,21.8434],[82.3554,21.8519],[82.3453,21.8594],[82.3362,21.8623],[82.3287,21.8684],[82.3253,21.8722],[82.3231,21.8748],[82.3185,21.8801],[82.3182,21.886],[82.3181,21.8873],[82.3177,21.8879],[82.3141,21.8944],[82.3187,21.9014],[82.3127,21.9035],[82.3089,21.904],[82.3092,21.9063],[82.3127,21.9127],[82.311,21.9238],[82.3137,21.9323],[82.3194,21.9411],[82.3262,21.9494],[82.3328,21.9608],[82.3275,21.9683],[82.3288,21.9753],[82.3281,21.9796],[82.3257,21.9851],[82.3272,21.9948],[82.3252,22.0008],[82.3256,22.0035],[82.3305,22.0056],[82.3332,22.0078],[82.3353,22.011],[82.3358,22.015],[82.3342,22.0292],[82.3345,22.0384],[82.333,22.0464],[82.3373,22.0619],[82.3403,22.0771],[82.3392,22.0817],[82.3393,22.0852],[82.3406,22.0896],[82.3398,22.0967],[82.3368,22.1027],[82.344,22.1137],[82.3499,22.1247],[82.353,22.1278],[82.3571,22.1296],[82.3598,22.1338],[82.3635,22.1351],[82.3735,22.1358],[82.3788,22.1351],[82.3843,22.1333],[82.3886,22.1307],[82.3974,22.1286],[82.4024,22.1311],[82.4059,22.1339],[82.419,22.1372],[82.4277,22.1376],[82.4282,22.1424],[82.4313,22.1499],[82.4382,22.1614],[82.4449,22.1699],[82.4488,22.173],[82.4556,22.1759],[82.467,22.1807],[82.4752,22.1877],[82.4706,22.1909],[82.4644,22.1932],[82.463,22.1941],[82.4604,22.1957],[82.46,22.1992],[82.4623,22.2133],[82.4629,22.2138],[82.4629,22.2137],[82.4674,22.2168],[82.4719,22.2211],[82.4776,22.2238],[82.484,22.2336],[82.4889,22.2385],[82.4927,22.2411],[82.4941,22.2441],[82.4967,22.2467],[82.5055,22.2488],[82.5097,22.2508],[82.5137,22.2502],[82.5205,22.2524],[82.5238,22.25],[82.5255,22.2454],[82.5286,22.242],[82.5297,22.24],[82.5298,22.2399]]]},"properties":{"district_name":"Janjgir-champa","raw_district_name":"Janjgir-champa","state_code":"CT","state_name":"Chhattisgarh","census_code":405,"data_source":"DataMeet India Maps (Census 2011 Boundaries)"}},{"type":"Feature","geometry":{"type":"Polygon","coordinates":[[[84.041,23.1689],[84.0383,23.1622],[84.0362,23.1549],[84.0374,23.1504],[84.0405,23.1438],[84.0408,23.1395],[84.0431,23.136],[84.0471,23.1332],[84.0524,23.1316],[84.06,23.1256],[84.0627,23.1218],[84.0661,23.1137],[84.0686,23.1111],[84.0738,23.1083],[84.0836,23.111],[84.095,23.1107],[84.1045,23.106],[84.112,23.1004],[84.1174,23.0933],[84.1195,23.0884],[84.1233,23.0874],[84.1336,23.0864],[84.1365,23.0828],[84.138,23.0787],[84.1388,23.0687],[84.1379,23.0646],[84.133,23.0582],[84.1319,23.0548],[84.1304,23.0463],[84.1308,23.0379],[84.1317,23.0321],[84.1337,23.0273],[84.1388,23.0196],[84.1444,23.0076],[84.1454,22.9999],[84.1513,22.9896],[84.1522,22.984],[84.1506,22.9765],[84.1551,22.9653],[84.1616,22.9658],[84.1749,22.9724],[84.1784,22.9785],[84.1776,22.9866],[84.1757,22.9964],[84.1802,23.0002],[84.181,23.0017],[84.1797,23.0086],[84.1824,23.0133],[84.1837,23.0219],[84.1861,23.0239],[84.197,23.0251],[84.2053,23.0204],[84.207,23.0165],[84.2038,23.0055],[84.2081,23.0002],[84.219,22.9878],[84.2219,22.9789],[84.2241,22.9779],[84.2338,22.9815],[84.2444,22.9819],[84.2485,22.9744],[84.2579,22.9729],[84.2616,22.9752],[84.2691,22.9815],[84.2749,22.9894],[84.2784,22.9904],[84.2781,22.9857],[84.2759,22.9805],[84.2789,22.9725],[84.2856,22.9628],[84.2963,22.9632],[84.3137,22.9691],[84.3215,22.9738],[84.3252,22.9781],[84.3321,22.9809],[84.3388,22.9807],[84.3506,22.9753],[84.3552,22.9774],[84.3684,22.9761],[84.3775,22.9767],[84.3803,22.9737],[84.3833,22.9679],[84.3847,22.9633],[84.3847,22.9536],[84.3862,22.9505],[84.3889,22.9474],[84.3934,22.944],[84.396,22.9404],[84.3966,22.9254],[84.3932,22.9185],[84.3831,22.9109],[84.3778,22.9033],[84.3797,22.9001],[84.3836,22.8994],[84.3852,22.8949],[84.3851,22.8896],[84.3828,22.8831],[84.3838,22.8776],[84.3829,22.8754],[84.3784,22.8739],[84.3769,22.8707],[84.3768,22.8663],[84.3649,22.8624],[84.3548,22.8649],[84.3491,22.8609],[84.3453,22.8608],[84.3419,22.862],[84.3364,22.8613],[84.3273,22.8512],[84.3253,22.8455],[84.3255,22.8369],[84.3273,22.8378],[84.3246,22.819],[84.3195,22.8122],[84.3186,22.8051],[84.3169,22.8008],[84.3104,22.8003],[84.3088,22.7969],[84.3032,22.7954],[84.2973,22.789],[84.2941,22.7785],[84.2946,22.7728],[84.2946,22.7727],[84.2922,22.7652],[84.2884,22.762],[84.2857,22.7632],[84.281,22.7674],[84.267,22.7668],[84.2612,22.7648],[84.2607,22.7626],[84.2586,22.7599],[84.2486,22.7502],[84.2367,22.742],[84.2323,22.737],[84.2317,22.7292],[84.2346,22.725],[84.2364,22.7071],[84.2346,22.6999],[84.2392,22.6905],[84.2347,22.6789],[84.2276,22.6708],[84.2217,22.6665],[84.2166,22.6649],[84.2141,22.667],[84.2086,22.6671],[84.204,22.6657],[84.1986,22.6622],[84.1873,22.6518],[84.1718,22.6473],[84.1644,22.6429],[84.1569,22.6364],[84.1391,22.6377],[84.1223,22.6372],[84.1142,22.6386],[84.1046,22.6349],[84.101,22.6345],[84.0874,22.6384],[84.0663,22.6093],[84.0599,22.6045],[84.0552,22.5961],[84.0489,22.5941],[84.0406,22.5932],[84.0284,22.5891],[84.027,22.5847],[84.0248,22.5808],[84.0181,22.5769],[84.0121,22.5715],[84.011,22.5639],[84.0112,22.5568],[84.0092,22.5486],[84.0064,22.5415],[84.0086,22.536],[84.0119,22.5321],[84.0122,22.5267],[84.0095,22.5229],[84.0013,22.5308],[84,22.5294],[83.9929,22.5275],[83.9871,22.524],[83.9836,22.5204],[83.9815,22.516],[83.9809,22.5111],[83.9831,22.5042],[83.9877,22.5007],[83.9975,22.4964],[84,22.496],[84.0041,22.4928],[84.02,22.4873],[84.0225,22.4845],[84.0287,22.4742],[84.0308,22.4728],[84.0417,22.472],[84.0457,22.471],[84.0486,22.4662],[84.0465,22.4509],[84.0484,22.4401],[84.047,22.4351],[84.0397,22.4282],[84.031,22.4244],[84.033,22.4213],[84.0292,22.4123],[84.0257,22.409],[84.0214,22.4063],[84.0195,22.4011],[84.017,22.3983],[84.016,22.3936],[84.0087,22.3826],[84.0087,22.3781],[84.0112,22.3699],[84.0082,22.3719],[84.0044,22.3708],[84,22.3715],[83.9924,22.3686],[83.9852,22.3673],[83.974,22.3601],[83.9636,22.3633],[83.9593,22.3634],[83.9503,22.3607],[83.9366,22.3585],[83.9311,22.3597],[83.9263,22.362],[83.9226,22.3618],[83.9124,22.3548],[83.904,22.3419],[83.879,22.3411],[83.8742,22.3432],[83.8712,22.3458],[83.8681,22.3459],[83.8604,22.341],[83.8546,22.333],[83.8501,22.3285],[83.8365,22.3261],[83.8323,22.3218],[83.8296,22.3178],[83.8277,22.3124],[83.8272,22.3073],[83.8279,22.2982],[83.8265,22.2947],[83.8231,22.2934],[83.8119,22.2921],[83.8051,22.2922],[83.8047,22.2918],[83.8047,22.2922],[83.8051,22.2961],[83.8008,22.3],[83.799,22.3029],[83.7975,22.3065],[83.797,22.3112],[83.7892,22.3118],[83.7855,22.3133],[83.7812,22.3192],[83.7743,22.3202],[83.7716,22.3214],[83.768,22.3245],[83.7648,22.3352],[83.7621,22.3388],[83.7573,22.343],[83.7548,22.3526],[83.747,22.3603],[83.7411,22.3784],[83.7229,22.3826],[83.7174,22.383],[83.7112,22.3817],[83.7028,22.3779],[83.6941,22.3781],[83.6839,22.3823],[83.6773,22.3827],[83.6581,22.3908],[83.6509,22.3949],[83.6453,22.4097],[83.642,22.4157],[83.6394,22.4187],[83.6325,22.4232],[83.6261,22.4251],[83.6218,22.433],[83.6177,22.4384],[83.6104,22.443],[83.6075,22.4444],[83.5995,22.448],[83.5936,22.4507],[83.5891,22.4534],[83.5854,22.4555],[83.5795,22.4624],[83.5775,22.4718],[83.5789,22.4768],[83.5842,22.487],[83.5887,22.4955],[83.5905,22.5023],[83.5928,22.5114],[83.5941,22.5196],[83.5954,22.5282],[83.5958,22.5306],[83.5962,22.5328],[83.5957,22.5353],[83.5897,22.5406],[83.5818,22.5439],[83.575,22.5442],[83.5614,22.5346],[83.5525,22.5237],[83.5459,22.5181],[83.5437,22.5163],[83.5275,22.5141],[83.5227,22.5135],[83.5206,22.5131],[83.5148,22.5118],[83.5067,22.5079],[83.5026,22.5027],[83.4996,22.4967],[83.4967,22.4929],[83.4941,22.4933],[83.4887,22.4963],[83.4833,22.5014],[83.4704,22.5063],[83.4645,22.5116],[83.4598,22.5149],[83.4543,22.5215],[83.4516,22.5238],[83.4494,22.5236],[83.4455,22.5268],[83.4433,22.5332],[83.4356,22.5405],[83.4224,22.548],[83.4067,22.5537],[83.4032,22.557],[83.4024,22.5613],[83.411,22.5698],[83.4125,22.5757],[83.414,22.5815],[83.4134,22.603],[83.4104,22.6109],[83.4088,22.6123],[83.4057,22.615],[83.4042,22.6157],[83.4071,22.6213],[83.41,22.6239],[83.4128,22.6256],[83.4161,22.6264],[83.4199,22.6281],[83.4215,22.6295],[83.4233,22.6309],[83.4248,22.6327],[83.4263,22.6345],[83.4276,22.6372],[83.4285,22.6406],[83.4316,22.6476],[83.4348,22.6514],[83.4381,22.6552],[83.4409,22.6582],[83.4416,22.661],[83.4405,22.6658],[83.4392,22.6681],[83.4382,22.6708],[83.4377,22.672],[83.4392,22.6746],[83.4404,22.6747],[83.4469,22.6753],[83.4646,22.6712],[83.4816,22.6691],[83.5074,22.6592],[83.5083,22.6607],[83.5095,22.6626],[83.5109,22.6715],[83.5131,22.6754],[83.5144,22.6756],[83.5241,22.6771],[83.5302,22.6787],[83.5353,22.681],[83.547,22.6881],[83.5472,22.6883],[83.5558,22.697],[83.5573,22.6979],[83.5608,22.6998],[83.5645,22.6974],[83.5648,22.6949],[83.5682,22.6916],[83.5751,22.6924],[83.5845,22.6855],[83.6039,22.6758],[83.6331,22.6658],[83.6461,22.6587],[83.6517,22.655],[83.6546,22.6515],[83.6578,22.6465],[83.663,22.6338],[83.668,22.629],[83.6743,22.6261],[83.675,22.6278],[83.6752,22.6283],[83.6827,22.6352],[83.6861,22.6401],[83.6884,22.6472],[83.6908,22.6634],[83.6896,22.6713],[83.6866,22.6785],[83.6837,22.6818],[83.6388,22.7027],[83.6339,22.7074],[83.6329,22.714],[83.6344,22.7289],[83.6376,22.7325],[83.6388,22.733],[83.6471,22.7361],[83.6528,22.7392],[83.6527,22.7394],[83.6499,22.7474],[83.6518,22.7483],[83.6544,22.7495],[83.6548,22.75],[83.6563,22.7517],[83.6569,22.7572],[83.6549,22.7589],[83.6525,22.764],[83.6599,22.7784],[83.6555,22.7852],[83.6521,22.8042],[83.6524,22.8078],[83.6485,22.8226],[83.6462,22.8242],[83.636,22.8253],[83.6312,22.8273],[83.6286,22.8301],[83.6248,22.8384],[83.6198,22.8425],[83.6036,22.8491],[83.6006,22.8509],[83.5961,22.8566],[83.5998,22.8654],[83.5962,22.8669],[83.5862,22.8683],[83.5795,22.8728],[83.5729,22.889],[83.5626,22.8952],[83.5536,22.9047],[83.5391,22.9163],[83.5281,22.9311],[83.5148,22.9429],[83.5118,22.948],[83.5097,22.956],[83.51,22.9636],[83.5129,22.9777],[83.5158,22.9839],[83.5218,22.9895],[83.523,22.9901],[83.5256,22.9913],[83.5261,22.9919],[83.533,22.9994],[83.5332,23.0009],[83.537,23.0071],[83.5402,23.0098],[83.5464,23.0191],[83.5512,23.0303],[83.5459,23.0408],[83.5327,23.0527],[83.5258,23.0576],[83.5078,23.0591],[83.503,23.0635],[83.5022,23.0673],[83.5035,23.0715],[83.5108,23.0809],[83.511,23.0885],[83.5182,23.0933],[83.5238,23.0982],[83.5325,23.1078],[83.5373,23.1176],[83.5423,23.1216],[83.543,23.1219],[83.553,23.1257],[83.5538,23.1265],[83.5605,23.1329],[83.5618,23.1434],[83.5546,23.1664],[83.5552,23.1739],[83.5569,23.1738],[83.568,23.1732],[83.5685,23.1745],[83.5725,23.1829],[83.5772,23.1889],[83.5779,23.1887],[83.5944,23.1851],[83.604,23.1811],[83.6049,23.1827],[83.6178,23.2068],[83.6216,23.213],[83.6261,23.2166],[83.6264,23.2165],[83.6344,23.2156],[83.6444,23.2181],[83.6589,23.2247],[83.6715,23.2265],[83.6777,23.2243],[83.6876,23.2229],[83.7005,23.2185],[83.7027,23.2084],[83.7077,23.2037],[83.7183,23.2049],[83.7228,23.2073],[83.7228,23.2075],[83.7222,23.2149],[83.7257,23.2238],[83.7275,23.2249],[83.7352,23.2297],[83.7422,23.2325],[83.7503,23.2376],[83.7607,23.2321],[83.7706,23.2246],[83.7773,23.2212],[83.7827,23.2225],[83.783,23.2233],[83.7912,23.2453],[83.7923,23.2446],[83.8007,23.2395],[83.8318,23.2334],[83.839,23.2278],[83.845,23.2245],[83.8539,23.222],[83.8728,23.208],[83.882,23.203],[83.8868,23.1935],[83.8954,23.1827],[83.9085,23.1818],[83.9159,23.1746],[83.9204,23.1712],[83.9295,23.1664],[83.9278,23.1561],[83.9314,23.1474],[83.941,23.147],[83.9421,23.1482],[83.9462,23.1527],[83.9477,23.161],[83.9489,23.163],[83.9503,23.1634],[83.96,23.166],[83.9707,23.165],[83.9693,23.1664],[83.9661,23.1697],[83.9656,23.1738],[83.97,23.1806],[83.9712,23.1808],[83.9821,23.1827],[83.991,23.1832],[83.9998,23.1817],[84.0007,23.1817],[84.0143,23.1862],[84.0208,23.1876],[84.0267,23.1823],[84.0288,23.178],[84.0355,23.1739],[84.041,23.1689]]]},"properties":{"district_name":"Jashpur","raw_district_name":"Jashpur","state_code":"CT","state_name":"Chhattisgarh","census_code":402,"data_source":"DataMeet India Maps (Census 2011 Boundaries)"}},{"type":"Feature","geometry":{"type":"Polygon","coordinates":[[[81.412,20.5522],[81.4131,20.5273],[81.4146,20.5254],[81.4172,20.5254],[81.4253,20.5185],[81.431,20.5164],[81.4421,20.5187],[81.4591,20.5147],[81.4889,20.5137],[81.4938,20.517],[81.4995,20.5196],[81.5024,20.5189],[81.5038,20.517],[81.5079,20.5057],[81.5112,20.4997],[81.5139,20.4965],[81.5176,20.4943],[81.5229,20.4929],[81.5328,20.4957],[81.5369,20.4983],[81.5403,20.5022],[81.5423,20.5066],[81.5429,20.51],[81.5455,20.5145],[81.5548,20.5147],[81.5582,20.5139],[81.562,20.5144],[81.5699,20.5175],[81.5755,20.5183],[81.5864,20.5183],[81.6043,20.5169],[81.6087,20.5144],[81.6128,20.5135],[81.6179,20.515],[81.621,20.5149],[81.626,20.5122],[81.64,20.5071],[81.6428,20.5046],[81.6445,20.5015],[81.6447,20.496],[81.6505,20.4956],[81.6601,20.4978],[81.6715,20.493],[81.6758,20.4901],[81.6866,20.4854],[81.6956,20.4823],[81.7037,20.4818],[81.7316,20.4827],[81.7372,20.4822],[81.7354,20.4749],[81.7365,20.4709],[81.7417,20.4681],[81.743,20.4651],[81.7395,20.4538],[81.7365,20.4386],[81.737,20.4278],[81.7393,20.4205],[81.7458,20.4089],[81.755,20.3964],[81.7599,20.392],[81.7696,20.3872],[81.7716,20.3832],[81.7681,20.375],[81.7673,20.3671],[81.7653,20.3596],[81.7661,20.3561],[81.7697,20.3535],[81.7733,20.3533],[81.7821,20.3564],[81.7851,20.356],[81.7872,20.3453],[81.7976,20.3294],[81.7979,20.3257],[81.7964,20.322],[81.794,20.3213],[81.784,20.3208],[81.7799,20.3196],[81.7776,20.3113],[81.7681,20.3104],[81.7652,20.3075],[81.7631,20.2987],[81.7629,20.2922],[81.7634,20.2881],[81.7655,20.2846],[81.7697,20.2817],[81.774,20.2802],[81.7794,20.28],[81.7908,20.2892],[81.7934,20.284],[81.7953,20.2774],[81.8021,20.2629],[81.8034,20.2583],[81.803,20.2573],[81.8004,20.2571],[81.7896,20.2608],[81.7846,20.247],[81.7822,20.2443],[81.7776,20.2326],[81.779,20.2289],[81.7823,20.2278],[81.7851,20.2258],[81.7884,20.2105],[81.8022,20.2134],[81.8056,20.2111],[81.8149,20.1898],[81.8134,20.1841],[81.8143,20.1779],[81.8169,20.1691],[81.8169,20.1691],[81.8169,20.1691],[81.8144,20.1644],[81.8068,20.1601],[81.7963,20.1577],[81.7782,20.1559],[81.7711,20.1567],[81.7581,20.1624],[81.7543,20.1628],[81.7419,20.1578],[81.7327,20.1559],[81.7284,20.1423],[81.725,20.1387],[81.7151,20.1371],[81.7063,20.1347],[81.6883,20.1299],[81.6798,20.1293],[81.6651,20.1339],[81.6608,20.1363],[81.6452,20.142],[81.6218,20.1561],[81.617,20.1584],[81.6127,20.1672],[81.6046,20.1731],[81.5893,20.1936],[81.5854,20.1946],[81.5712,20.192],[81.5587,20.1896],[81.5552,20.1878],[81.5446,20.1792],[81.5323,20.1731],[81.5257,20.1681],[81.5135,20.1639],[81.5067,20.1632],[81.4942,20.1618],[81.4828,20.1593],[81.4762,20.1579],[81.4683,20.155],[81.4628,20.1521],[81.4584,20.1474],[81.453,20.145],[81.4482,20.1456],[81.4375,20.1491],[81.4213,20.1552],[81.4198,20.1471],[81.4151,20.1378],[81.4122,20.1341],[81.4109,20.1295],[81.408,20.1244],[81.4019,20.1137],[81.4038,20.1053],[81.4024,20.099],[81.4032,20.0923],[81.4058,20.0826],[81.4061,20.0776],[81.4032,20.0721],[81.3988,20.0684],[81.3928,20.0594],[81.3895,20.0459],[81.3684,20.0436],[81.3602,20.0448],[81.3576,20.0326],[81.349,20.0335],[81.3404,20.0356],[81.3287,20.0292],[81.3143,20.0231],[81.3087,20.0175],[81.3003,20.0178],[81.2933,20.0167],[81.2961,20.0108],[81.3002,20.0048],[81.3018,20.0005],[81.3013,19.9893],[81.3011,19.9851],[81.3024,19.9794],[81.3045,19.9753],[81.3275,19.9665],[81.33,19.9586],[81.3285,19.9404],[81.3306,19.9352],[81.3404,19.9313],[81.3469,19.9262],[81.3494,19.9098],[81.3575,19.912],[81.3632,19.9122],[81.3711,19.9083],[81.3782,19.9025],[81.382,19.8961],[81.3859,19.894],[81.3928,19.8904],[81.4009,19.883],[81.4035,19.8757],[81.4026,19.8686],[81.3952,19.8634],[81.3856,19.8603],[81.3798,19.8563],[81.3759,19.8506],[81.3921,19.8343],[81.3936,19.8327],[81.3937,19.8326],[81.3936,19.8326],[81.356,19.8324],[81.3459,19.8317],[81.3382,19.827],[81.3339,19.8201],[81.3167,19.8022],[81.3017,19.7982],[81.2802,19.8017],[81.2657,19.805],[81.2442,19.8053],[81.2279,19.7976],[81.2133,19.7855],[81.2006,19.7792],[81.1922,19.7793],[81.1845,19.7884],[81.1846,19.7971],[81.1787,19.8024],[81.1661,19.8026],[81.1522,19.7953],[81.1377,19.7853],[81.1339,19.7683],[81.1396,19.7538],[81.1501,19.7324],[81.1548,19.716],[81.1458,19.6968],[81.1403,19.6904],[81.1192,19.6864],[81.1123,19.6863],[81.1009,19.689],[81.0941,19.6902],[81.0858,19.6911],[81.0791,19.6954],[81.0671,19.7058],[81.0588,19.7186],[81.0555,19.7268],[81.0515,19.7366],[81.0478,19.7459],[81.0431,19.7549],[81.0384,19.7641],[81.0341,19.77],[81.0277,19.7789],[81.0236,19.7846],[81.0165,19.7925],[81.0076,19.8022],[81.0007,19.8178],[80.9985,19.8332],[81.0005,19.8439],[81.0025,19.8467],[81.0055,19.8507],[81.0072,19.8543],[81.0071,19.8557],[81.0071,19.8622],[81.0076,19.8701],[81.0085,19.8787],[81.0096,19.8882],[81.0106,19.8939],[81.0115,19.8994],[81.0127,19.9028],[81.0142,19.9067],[81.0152,19.9077],[81.0181,19.9106],[81.0222,19.9141],[81.0267,19.9171],[81.0325,19.9196],[81.0402,19.9227],[81.049,19.9249],[81.0545,19.9262],[81.0572,19.9273],[81.0614,19.9294],[81.0642,19.9314],[81.0645,19.9349],[81.0616,19.9393],[81.0588,19.9417],[81.0553,19.9445],[81.0513,19.9482],[81.0488,19.951],[81.0468,19.9539],[81.044,19.9589],[81.0421,19.9622],[81.0391,19.9671],[81.0372,19.9718],[81.0402,19.9839],[81.0434,19.9951],[81.0461,20.0032],[81.0479,20.0079],[81.0499,20.0116],[81.0527,20.0159],[81.0561,20.0197],[81.0599,20.0242],[81.0636,20.0292],[81.0667,20.034],[81.0685,20.0372],[81.0706,20.0408],[81.0712,20.0437],[81.072,20.0479],[81.0711,20.0518],[81.069,20.0582],[81.0654,20.0654],[81.0594,20.0735],[81.0571,20.0752],[81.0535,20.0779],[81.0522,20.0794],[81.0499,20.0821],[81.0464,20.0852],[81.0433,20.0857],[81.0397,20.0867],[81.0369,20.0878],[81.0324,20.0892],[81.0269,20.0923],[81.0205,20.0937],[81.0139,20.0942],[81.0078,20.0946],[81.003,20.0946],[80.9959,20.0943],[80.9889,20.0912],[80.9759,20.0767],[80.9615,20.0737],[80.9488,20.0715],[80.9426,20.0659],[80.9341,20.0529],[80.9241,20.0427],[80.9121,20.0366],[80.9055,20.0333],[80.8981,20.0275],[80.8912,20.0112],[80.8896,20.0002],[80.8921,19.9991],[80.8954,19.9997],[80.8995,19.9947],[80.8963,19.9858],[80.8935,19.9813],[80.8909,19.9782],[80.8898,19.9749],[80.8896,19.9706],[80.891,19.9651],[80.8928,19.961],[80.8955,19.9575],[80.8982,19.9551],[80.903,19.9528],[80.9078,19.9516],[80.9138,19.9516],[80.9229,19.9521],[80.9376,19.9524],[80.9392,19.9485],[80.9345,19.9409],[80.9304,19.9341],[80.9245,19.9259],[80.9186,19.9259],[80.9077,19.9278],[80.9016,19.9288],[80.8898,19.9308],[80.8841,19.9328],[80.8779,19.9349],[80.8751,19.9362],[80.8682,19.9404],[80.8633,19.9416],[80.8534,19.9487],[80.8534,19.9405],[80.8543,19.9357],[80.8534,19.931],[80.8345,19.9048],[80.8216,19.9001],[80.8127,19.899],[80.8048,19.8931],[80.7973,19.8823],[80.777,19.8718],[80.7602,19.8671],[80.7582,19.8646],[80.7572,19.8647],[80.7562,19.8623],[80.7527,19.8594],[80.7461,19.854],[80.7398,19.8489],[80.7389,19.8459],[80.7365,19.8441],[80.7338,19.842],[80.7315,19.84],[80.7294,19.8374],[80.7278,19.8335],[80.7265,19.8276],[80.7259,19.8206],[80.7251,19.8135],[80.7232,19.8107],[80.7189,19.8065],[80.7112,19.8026],[80.7116,19.7995],[80.7224,19.7959],[80.7261,19.7971],[80.7305,19.7991],[80.7323,19.8005],[80.7323,19.8053],[80.7352,19.8136],[80.7501,19.8183],[80.759,19.8267],[80.7699,19.8337],[80.7789,19.8373],[80.7898,19.836],[80.7927,19.8337],[80.8022,19.8339],[80.8081,19.8302],[80.8162,19.8289],[80.8202,19.8241],[80.8222,19.8193],[80.8222,19.8145],[80.8172,19.812],[80.8119,19.8103],[80.8027,19.8074],[80.7955,19.8051],[80.7906,19.8003],[80.7916,19.798],[80.7915,19.7955],[80.7856,19.7848],[80.7817,19.786],[80.7786,19.7896],[80.7747,19.7968],[80.7758,19.8039],[80.7668,19.804],[80.7604,19.8021],[80.7567,19.8001],[80.754,19.7981],[80.7501,19.7973],[80.7461,19.7966],[80.7421,19.7958],[80.7283,19.7887],[80.7184,19.7792],[80.7154,19.7744],[80.7145,19.7706],[80.7114,19.7579],[80.7118,19.7471],[80.7123,19.7364],[80.7138,19.7306],[80.717,19.7232],[80.7198,19.7165],[80.7211,19.7118],[80.723,19.7054],[80.7256,19.6979],[80.7227,19.699],[80.7193,19.6997],[80.7149,19.7004],[80.709,19.7002],[80.7035,19.6992],[80.6957,19.6971],[80.6883,19.6957],[80.6805,19.6941],[80.6728,19.6914],[80.6726,19.6913],[80.6717,19.694],[80.673,19.6955],[80.6685,19.7008],[80.6528,19.7097],[80.6475,19.7157],[80.6407,19.7217],[80.6273,19.7269],[80.6203,19.7321],[80.5975,19.7376],[80.5892,19.7412],[80.5858,19.747],[80.5776,19.7578],[80.5748,19.7597],[80.5573,19.7676],[80.5468,19.7776],[80.546,19.7837],[80.5495,19.7972],[80.549,19.8061],[80.5513,19.8141],[80.5495,19.8222],[80.5424,19.821],[80.5249,19.8317],[80.5146,19.8328],[80.5054,19.8323],[80.4977,19.8282],[80.483,19.8308],[80.4762,19.8275],[80.4666,19.8142],[80.4699,19.8086],[80.4818,19.8063],[80.4842,19.8041],[80.4873,19.7983],[80.4891,19.7924],[80.4896,19.7836],[80.4851,19.7753],[80.4738,19.7878],[80.4688,19.7911],[80.4595,19.7958],[80.4566,19.7955],[80.4497,19.7934],[80.4428,19.7947],[80.436,19.7979],[80.4247,19.7999],[80.4071,19.7964],[80.4017,19.7974],[80.4054,19.806],[80.4045,19.819],[80.412,19.8182],[80.4243,19.8119],[80.4316,19.8108],[80.4387,19.8131],[80.454,19.8231],[80.4621,19.8266],[80.4673,19.8308],[80.4706,19.8386],[80.4756,19.8403],[80.478,19.8455],[80.482,19.8598],[80.4946,19.8679],[80.5045,19.8715],[80.5039,19.88],[80.4987,19.8933],[80.4968,19.8964],[80.4896,19.9016],[80.4759,19.9061],[80.4682,19.9061],[80.4598,19.9027],[80.4514,19.8962],[80.4428,19.8982],[80.438,19.9011],[80.4217,19.9055],[80.4146,19.9085],[80.4096,19.9122],[80.4127,19.928],[80.4132,19.9351],[80.4163,19.9379],[80.4275,19.9388],[80.4321,19.9399],[80.438,19.9435],[80.4455,19.9497],[80.4507,19.9553],[80.4599,19.9478],[80.4715,19.9489],[80.4757,19.9429],[80.4768,19.9363],[80.4799,19.9339],[80.4875,19.9305],[80.5087,19.9274],[80.5158,19.9286],[80.5274,19.9336],[80.533,19.9438],[80.5333,19.9513],[80.5409,19.9557],[80.5394,19.9697],[80.5418,19.9736],[80.5448,19.9762],[80.5512,19.9842],[80.5526,19.9898],[80.5505,19.9977],[80.547,20.0003],[80.5428,20.0025],[80.5396,20.0065],[80.5424,20.0138],[80.5486,20.0398],[80.5481,20.0507],[80.5522,20.0621],[80.5532,20.0682],[80.5488,20.0792],[80.542,20.0879],[80.5422,20.0946],[80.5482,20.1074],[80.5473,20.1123],[80.5602,20.1213],[80.5659,20.1341],[80.5718,20.1586],[80.5708,20.1673],[80.5712,20.1714],[80.5679,20.1798],[80.5698,20.1862],[80.5765,20.1842],[80.5806,20.1809],[80.5851,20.1752],[80.6103,20.1849],[80.6136,20.1821],[80.6199,20.1865],[80.6247,20.1874],[80.6279,20.1896],[80.6308,20.1938],[80.6359,20.1955],[80.6442,20.2025],[80.6471,20.2098],[80.6472,20.2143],[80.6481,20.2177],[80.6527,20.22],[80.6571,20.2245],[80.6633,20.2234],[80.6675,20.2218],[80.6716,20.2163],[80.6776,20.211],[80.6822,20.2011],[80.6911,20.191],[80.7093,20.1895],[80.715,20.1878],[80.7205,20.1921],[80.7245,20.1979],[80.7291,20.2024],[80.7304,20.2062],[80.7309,20.2123],[80.7371,20.2232],[80.7386,20.2345],[80.7387,20.2393],[80.7369,20.2442],[80.7322,20.2526],[80.7311,20.257],[80.7301,20.262],[80.7305,20.2669],[80.7381,20.2691],[80.7486,20.2733],[80.7503,20.2841],[80.753,20.2882],[80.7562,20.2903],[80.7639,20.2869],[80.768,20.2899],[80.7735,20.2914],[80.7784,20.2914],[80.7832,20.2886],[80.7839,20.2834],[80.7884,20.2812],[80.7954,20.2822],[80.8048,20.289],[80.8142,20.2946],[80.8182,20.2951],[80.8226,20.2969],[80.8285,20.3032],[80.8315,20.3085],[80.8324,20.3132],[80.833,20.3186],[80.8319,20.3241],[80.8273,20.3268],[80.8263,20.331],[80.827,20.3394],[80.8233,20.344],[80.8129,20.3534],[80.8151,20.3557],[80.8182,20.3577],[80.8223,20.3574],[80.8245,20.3566],[80.835,20.349],[80.8403,20.3468],[80.8453,20.3467],[80.8495,20.3497],[80.8517,20.3537],[80.856,20.3649],[80.8561,20.3692],[80.8572,20.372],[80.8603,20.3756],[80.8627,20.3882],[80.8664,20.3851],[80.8709,20.3845],[80.8764,20.3852],[80.8865,20.3852],[80.8929,20.3924],[80.8961,20.3975],[80.9029,20.3995],[80.9053,20.4018],[80.9108,20.4096],[80.9174,20.4172],[80.9243,20.4278],[80.9308,20.4341],[80.9377,20.4386],[80.942,20.44],[80.946,20.4407],[80.9501,20.439],[80.9552,20.4363],[80.9592,20.4352],[80.9682,20.4375],[80.9748,20.4417],[80.979,20.4434],[80.9808,20.4456],[80.9807,20.4481],[80.9818,20.4501],[80.9841,20.4514],[80.9869,20.4516],[80.9905,20.4528],[80.9945,20.4539],[80.9964,20.4571],[81.0005,20.4587],[81.0088,20.4555],[81.0163,20.4526],[81.0246,20.4468],[81.0311,20.4381],[81.0359,20.4296],[81.0386,20.4266],[81.0429,20.4237],[81.0504,20.4211],[81.0604,20.42],[81.0728,20.42],[81.0768,20.4192],[81.0842,20.4156],[81.1074,20.4015],[81.1299,20.3914],[81.146,20.3801],[81.1535,20.3777],[81.1576,20.3806],[81.1594,20.3842],[81.1628,20.3885],[81.1709,20.3958],[81.173,20.3997],[81.177,20.4041],[81.1886,20.4097],[81.1958,20.4108],[81.2054,20.4135],[81.2229,20.4169],[81.2254,20.4177],[81.2275,20.42],[81.2292,20.4241],[81.229,20.4286],[81.2312,20.4297],[81.2364,20.4287],[81.2381,20.4336],[81.2388,20.4411],[81.2484,20.4397],[81.2545,20.4437],[81.2574,20.448],[81.2534,20.4547],[81.2631,20.4692],[81.2647,20.4729],[81.2659,20.4803],[81.2617,20.4935],[81.2594,20.4962],[81.2566,20.4979],[81.2587,20.5002],[81.2722,20.5077],[81.2921,20.5132],[81.2982,20.5184],[81.3076,20.529],[81.3094,20.5382],[81.3123,20.5441],[81.316,20.5505],[81.3215,20.5549],[81.3305,20.5557],[81.3404,20.5501],[81.3437,20.5507],[81.3535,20.5496],[81.3583,20.545],[81.3644,20.537],[81.3805,20.5325],[81.3849,20.5322],[81.3889,20.5342],[81.3997,20.546],[81.4044,20.5501],[81.4086,20.5518],[81.412,20.5522]]]},"properties":{"district_name":"Uttar Bastar Kanker","raw_district_name":"Uttar Bastar Kanker","state_code":"CT","state_name":"Chhattisgarh","census_code":413,"data_source":"DataMeet India Maps (Census 2011 Boundaries)"}},{"type":"Feature","geometry":{"type":"Polygon","coordinates":[[[82.2646,22.2981],[82.2648,22.3012],[82.2666,22.305],[82.2721,22.3128],[82.2738,22.3214],[82.2736,22.3265],[82.2719,22.3311],[82.2682,22.3346],[82.2623,22.3352],[82.2596,22.3347],[82.2563,22.3339],[82.2469,22.3338],[82.2431,22.3337],[82.2409,22.3336],[82.2363,22.3306],[82.2333,22.3295],[82.2286,22.3305],[82.226,22.3319],[82.2204,22.3374],[82.2176,22.3373],[82.2155,22.3283],[82.2101,22.3185],[82.2085,22.3157],[82.2061,22.3139],[82.2022,22.313],[82.1979,22.3169],[82.1937,22.318],[82.1936,22.3182],[82.1935,22.318],[82.188,22.3183],[82.186,22.3201],[82.1847,22.3233],[82.1813,22.3257],[82.1751,22.3231],[82.1698,22.3237],[82.1647,22.3285],[82.1433,22.3298],[82.1404,22.3309],[82.1464,22.3353],[82.1507,22.3395],[82.1531,22.3432],[82.1553,22.3494],[82.1564,22.3747],[82.1513,22.3836],[82.166,22.3842],[82.1681,22.3847],[82.1688,22.3871],[82.1698,22.3978],[82.1711,22.3998],[82.1829,22.4071],[82.1841,22.4118],[82.1837,22.4149],[82.1812,22.4165],[82.1776,22.421],[82.1733,22.4304],[82.1715,22.4376],[82.1709,22.4396],[82.168,22.4431],[82.163,22.4454],[82.1527,22.4473],[82.1461,22.4515],[82.1439,22.4571],[82.1438,22.4631],[82.1457,22.4792],[82.1459,22.4804],[82.1473,22.486],[82.1515,22.4929],[82.1584,22.4975],[82.161,22.5003],[82.1625,22.5126],[82.1668,22.5301],[82.162,22.5373],[82.1566,22.5419],[82.1647,22.5452],[82.1715,22.5522],[82.1724,22.5531],[82.1783,22.5564],[82.1858,22.5652],[82.1917,22.571],[82.1986,22.5778],[82.2001,22.5794],[82.2026,22.5825],[82.2058,22.5911],[82.2094,22.5953],[82.2147,22.5954],[82.2322,22.5918],[82.2355,22.5923],[82.2397,22.6054],[82.242,22.619],[82.2402,22.6233],[82.2394,22.6319],[82.2397,22.6367],[82.2401,22.6415],[82.2418,22.6461],[82.2422,22.6516],[82.2439,22.6557],[82.2215,22.6607],[82.2134,22.6607],[82.2067,22.6596],[82.2044,22.6618],[82.2041,22.6637],[82.2027,22.6657],[82.1962,22.6688],[82.1924,22.6698],[82.1896,22.6698],[82.1832,22.6668],[82.1782,22.6653],[82.1764,22.6675],[82.1752,22.6771],[82.1761,22.6875],[82.1757,22.6934],[82.1708,22.6958],[82.1696,22.6991],[82.1682,22.7092],[82.1686,22.7139],[82.1686,22.7147],[82.1666,22.7234],[82.1666,22.7278],[82.1635,22.732],[82.1543,22.7391],[82.1524,22.7441],[82.1556,22.7513],[82.1565,22.7608],[82.1568,22.7622],[82.1605,22.7842],[82.1619,22.7926],[82.1613,22.8046],[82.1621,22.8106],[82.1612,22.8134],[82.1586,22.8152],[82.1566,22.8191],[82.158,22.8297],[82.1579,22.8379],[82.1544,22.8396],[82.1493,22.8402],[82.1493,22.8422],[82.1594,22.8499],[82.1621,22.8551],[82.169,22.8681],[82.1722,22.872],[82.1784,22.8782],[82.1888,22.8881],[82.1937,22.8942],[82.2006,22.9008],[82.2095,22.9101],[82.2145,22.9176],[82.2185,22.9254],[82.2229,22.9363],[82.224,22.9401],[82.2241,22.9405],[82.2423,22.9374],[82.2603,22.9383],[82.2671,22.9415],[82.2782,22.9508],[82.2952,22.9602],[82.301,22.9621],[82.322,22.9669],[82.3314,22.9668],[82.335,22.9705],[82.3393,22.9789],[82.3443,22.984],[82.3503,22.9887],[82.3666,22.9954],[82.3724,22.9969],[82.3904,22.9972],[82.3964,22.9963],[82.4077,22.9922],[82.4114,22.9897],[82.4142,22.9854],[82.4152,22.9776],[82.4204,22.9738],[82.4259,22.9723],[82.437,22.971],[82.4457,22.9674],[82.4507,22.9665],[82.459,22.9662],[82.4689,22.9677],[82.4725,22.9676],[82.4849,22.9648],[82.4935,22.9682],[82.5061,22.9673],[82.5138,22.9674],[82.5421,22.9744],[82.5548,22.9746],[82.5672,22.9725],[82.573,22.9698],[82.5759,22.9651],[82.5675,22.961],[82.5659,22.9595],[82.5643,22.957],[82.5643,22.9555],[82.574,22.9481],[82.5755,22.9444],[82.5755,22.9426],[82.5754,22.9398],[82.5781,22.9365],[82.5766,22.9275],[82.5769,22.9209],[82.5761,22.9167],[82.577,22.9136],[82.5794,22.911],[82.5829,22.9089],[82.5891,22.9083],[82.5949,22.9043],[82.5967,22.8979],[82.5948,22.895],[82.5943,22.8942],[82.5918,22.8935],[82.5872,22.8935],[82.5835,22.8945],[82.5818,22.8943],[82.5801,22.8941],[82.5796,22.8893],[82.5803,22.8852],[82.5793,22.8816],[82.5713,22.8661],[82.5704,22.8653],[82.5691,22.8642],[82.5617,22.863],[82.5615,22.8629],[82.5596,22.8616],[82.5582,22.8544],[82.5589,22.8479],[82.5604,22.8441],[82.5733,22.8308],[82.5782,22.8288],[82.589,22.8309],[82.6067,22.8293],[82.6185,22.8234],[82.6295,22.8192],[82.6356,22.8178],[82.6457,22.8111],[82.6508,22.8096],[82.6583,22.8093],[82.6648,22.8109],[82.6756,22.8166],[82.6769,22.8176],[82.6967,22.8314],[82.6969,22.8314],[82.7066,22.8329],[82.7156,22.832],[82.7231,22.8299],[82.7248,22.8288],[82.7479,22.8046],[82.7543,22.8011],[82.7607,22.7963],[82.7619,22.7924],[82.7691,22.7886],[82.7704,22.786],[82.7699,22.7816],[82.7713,22.778],[82.7779,22.7696],[82.797,22.7581],[82.8037,22.7554],[82.8096,22.7539],[82.8213,22.7474],[82.8348,22.7433],[82.8494,22.744],[82.8625,22.7469],[82.8683,22.7471],[82.8752,22.7429],[82.8864,22.7331],[82.9016,22.7169],[82.9073,22.7125],[82.92,22.7049],[82.9262,22.6994],[82.934,22.6907],[82.9371,22.6846],[82.9462,22.6743],[82.972,22.6615],[82.9763,22.6606],[82.982,22.6607],[82.9917,22.6625],[82.9955,22.6605],[83,22.6543],[83.0025,22.6533],[83.0076,22.65],[83.011,22.6464],[83.014,22.6404],[83.0189,22.6398],[83.0425,22.6537],[83.0431,22.6542],[83.0531,22.662],[83.0546,22.6629],[83.0604,22.6665],[83.0703,22.6698],[83.0914,22.6745],[83.1144,22.6769],[83.1174,22.6751],[83.121,22.6698],[83.1245,22.6602],[83.1245,22.6514],[83.1205,22.6459],[83.1061,22.6392],[83.1015,22.6352],[83.0992,22.6323],[83.0977,22.6232],[83.1007,22.606],[83.0997,22.5945],[83.0966,22.5856],[83.0942,22.5757],[83.098,22.5657],[83.1027,22.5566],[83.1088,22.5382],[83.1073,22.5281],[83.1088,22.5196],[83.1089,22.5111],[83.1022,22.5024],[83.0974,22.4984],[83.0941,22.4944],[83.092,22.4891],[83.089,22.4737],[83.0906,22.4666],[83.0946,22.4626],[83.0975,22.4582],[83.0929,22.4482],[83.0931,22.4418],[83.0956,22.4306],[83.0983,22.4267],[83.1007,22.4265],[83.1047,22.428],[83.114,22.4235],[83.1161,22.4202],[83.1117,22.4169],[83.1103,22.3968],[83.1112,22.3929],[83.1112,22.3881],[83.1097,22.3851],[83.1059,22.384],[83.1041,22.3824],[83.1045,22.3782],[83.1063,22.3737],[83.1097,22.3698],[83.1109,22.3647],[83.1066,22.359],[83.0898,22.3474],[83.0853,22.3401],[83.0836,22.3346],[83.0849,22.3179],[83.0828,22.3138],[83.0767,22.3079],[83.0716,22.305],[83.0644,22.2942],[83.0586,22.2892],[83.0552,22.284],[83.054,22.2793],[83.0543,22.2746],[83.0593,22.2684],[83.0617,22.262],[83.0584,22.2581],[83.0493,22.255],[83.0378,22.2493],[83.036,22.2451],[83.0385,22.2392],[83.0483,22.2327],[83.0508,22.2275],[83.053,22.2179],[83.0542,22.2047],[83.053,22.1989],[83.0426,22.1909],[83.0383,22.1839],[83.0338,22.1737],[83.0305,22.169],[83.0254,22.1684],[83.0151,22.1694],[83.0044,22.1656],[82.999,22.1652],[82.9943,22.1638],[82.9865,22.166],[82.981,22.1661],[82.9753,22.165],[82.9689,22.1624],[82.9633,22.1522],[82.9631,22.1471],[82.9619,22.1441],[82.9524,22.1459],[82.9468,22.1455],[82.9445,22.1409],[82.9414,22.131],[82.9398,22.1286],[82.9409,22.1221],[82.9409,22.122],[82.9409,22.122],[82.9361,22.1209],[82.9285,22.123],[82.9209,22.1295],[82.9132,22.1329],[82.9067,22.137],[82.9048,22.1384],[82.9021,22.1413],[82.8978,22.1505],[82.8922,22.1626],[82.8799,22.1689],[82.8716,22.1715],[82.8648,22.1708],[82.8591,22.1691],[82.8549,22.1641],[82.854,22.1602],[82.8525,22.1576],[82.8502,22.1564],[82.8469,22.1557],[82.8441,22.1557],[82.8233,22.1557],[82.8173,22.1497],[82.8147,22.1478],[82.8101,22.1453],[82.8041,22.1428],[82.7975,22.1421],[82.7969,22.1393],[82.8006,22.1329],[82.7962,22.1306],[82.7793,22.1261],[82.7691,22.1217],[82.7726,22.1243],[82.762,22.1192],[82.7559,22.1095],[82.7558,22.1035],[82.7577,22.0999],[82.7544,22.0965],[82.7474,22.0942],[82.7435,22.0971],[82.7419,22.0912],[82.7375,22.0874],[82.7307,22.0863],[82.732,22.0797],[82.7357,22.0729],[82.7378,22.0554],[82.7424,22.0472],[82.7422,22.0435],[82.7405,22.0388],[82.7373,22.0376],[82.7324,22.0374],[82.7274,22.0386],[82.7205,22.0418],[82.715,22.0466],[82.7126,22.0498],[82.7075,22.0654],[82.7057,22.0754],[82.7049,22.0799],[82.7039,22.0829],[82.703,22.0853],[82.6999,22.0882],[82.6915,22.0904],[82.6862,22.0893],[82.6785,22.0805],[82.6757,22.0803],[82.6731,22.0812],[82.6695,22.0871],[82.6647,22.0915],[82.658,22.0949],[82.6494,22.0992],[82.6494,22.1013],[82.6474,22.1064],[82.6411,22.1153],[82.6365,22.1237],[82.6363,22.1345],[82.6395,22.1353],[82.645,22.1488],[82.6468,22.1521],[82.652,22.1621],[82.6559,22.1734],[82.6592,22.1828],[82.6601,22.1884],[82.6568,22.1937],[82.6537,22.1976],[82.649,22.2035],[82.6454,22.2118],[82.6449,22.2151],[82.6466,22.2242],[82.6448,22.2256],[82.6443,22.2378],[82.6419,22.2411],[82.6384,22.2436],[82.6265,22.2501],[82.625,22.2527],[82.6147,22.2565],[82.6028,22.2576],[82.598,22.259],[82.5941,22.2587],[82.5916,22.2532],[82.5921,22.2485],[82.5906,22.2427],[82.5866,22.2354],[82.5808,22.2254],[82.5786,22.2223],[82.5697,22.2189],[82.564,22.2179],[82.5546,22.2109],[82.5492,22.2084],[82.5455,22.2078],[82.5421,22.2083],[82.5388,22.2114],[82.5387,22.2163],[82.5369,22.226],[82.5354,22.2299],[82.5354,22.2299],[82.5298,22.2399],[82.5286,22.242],[82.5255,22.2454],[82.5238,22.25],[82.5205,22.2524],[82.5137,22.2502],[82.5097,22.2508],[82.5055,22.2488],[82.4967,22.2467],[82.4941,22.2441],[82.4927,22.2411],[82.4889,22.2385],[82.484,22.2336],[82.4776,22.2238],[82.4719,22.2211],[82.4674,22.2168],[82.4629,22.2137],[82.4604,22.2164],[82.4512,22.2226],[82.4399,22.2255],[82.4357,22.232],[82.4311,22.2409],[82.4252,22.2473],[82.4109,22.256],[82.4083,22.2562],[82.4019,22.2588],[82.3973,22.2622],[82.4041,22.2695],[82.4148,22.2775],[82.4202,22.2825],[82.415,22.2862],[82.4078,22.2988],[82.4035,22.3025],[82.4001,22.3038],[82.3799,22.3014],[82.378,22.3082],[82.3731,22.3151],[82.3562,22.3244],[82.3522,22.3252],[82.3468,22.3229],[82.3416,22.3225],[82.3336,22.3233],[82.3288,22.3227],[82.325,22.3202],[82.3221,22.3163],[82.3173,22.31],[82.3165,22.309],[82.3083,22.2957],[82.3038,22.2932],[82.3038,22.2932],[82.3006,22.2885],[82.2968,22.2857],[82.2934,22.2857],[82.2863,22.2872],[82.2723,22.2943],[82.2643,22.2934],[82.2646,22.2981]],[[83.0065,22.2563],[82.9997,22.2503],[82.9981,22.2486],[82.9931,22.2482],[82.9865,22.2403],[82.987,22.2363],[82.9894,22.2344],[82.9982,22.2351],[83.007,22.2335],[83.0187,22.2341],[83.0208,22.2348],[83.0223,22.2369],[83.0216,22.2394],[83.0162,22.2475],[83.0115,22.2531],[83.0065,22.2563]]]},"properties":{"district_name":"Korba","raw_district_name":"Korba","state_code":"CT","state_name":"Chhattisgarh","census_code":404,"data_source":"DataMeet India Maps (Census 2011 Boundaries)"}},{"type":"Feature","geometry":{"type":"Polygon","coordinates":[[[81.6872,23.9057],[81.6901,23.8878],[81.6947,23.883],[81.7051,23.884],[81.7074,23.8796],[81.7062,23.8761],[81.7107,23.8709],[81.71,23.8671],[81.7104,23.8615],[81.7203,23.8611],[81.7227,23.86],[81.7286,23.8589],[81.7307,23.8571],[81.7316,23.855],[81.7316,23.8488],[81.7291,23.8472],[81.7261,23.8415],[81.7268,23.8386],[81.7346,23.8391],[81.7382,23.8375],[81.7422,23.8343],[81.7529,23.8291],[81.7804,23.8124],[81.7904,23.8101],[81.7952,23.8102],[81.8011,23.8126],[81.8083,23.8118],[81.8134,23.8087],[81.8195,23.8077],[81.8251,23.8095],[81.8319,23.8147],[81.8364,23.8153],[81.8394,23.8196],[81.8607,23.8226],[81.8654,23.827],[81.8698,23.8331],[81.8862,23.8362],[81.8931,23.84],[81.9018,23.8423],[81.9058,23.8466],[81.9085,23.8495],[81.912,23.8568],[81.9176,23.8624],[81.9225,23.8701],[81.9242,23.8713],[81.9394,23.8662],[81.9407,23.865],[81.94,23.8609],[81.9417,23.8602],[81.9446,23.8603],[81.9463,23.8593],[81.9478,23.8561],[81.9526,23.8552],[81.9585,23.8512],[81.9701,23.8554],[81.9793,23.8567],[81.9917,23.8603],[81.9999,23.861],[82.0085,23.8615],[82.0134,23.8572],[82.0153,23.8533],[82.0194,23.8506],[82.0362,23.8461],[82.0403,23.8435],[82.0429,23.841],[82.0421,23.8371],[82.0388,23.8303],[82.0399,23.8277],[82.0483,23.8248],[82.0501,23.8234],[82.0531,23.819],[82.071,23.8176],[82.0798,23.8182],[82.0858,23.8155],[82.0968,23.8164],[82.1079,23.8186],[82.1145,23.817],[82.1165,23.8172],[82.1252,23.8216],[82.1335,23.8182],[82.1418,23.8167],[82.1523,23.8178],[82.1635,23.8205],[82.1702,23.8185],[82.173,23.8193],[82.176,23.8212],[82.1775,23.8232],[82.1802,23.8364],[82.1813,23.8376],[82.1865,23.8406],[82.1971,23.8422],[82.2033,23.8489],[82.2116,23.8515],[82.2118,23.8511],[82.2146,23.8426],[82.2144,23.8396],[82.2121,23.8357],[82.2087,23.8331],[82.207,23.8305],[82.2091,23.8269],[82.2193,23.8225],[82.2238,23.8195],[82.2288,23.8087],[82.2339,23.8055],[82.2367,23.8053],[82.2393,23.8064],[82.2563,23.8184],[82.263,23.8205],[82.2725,23.8174],[82.279,23.8173],[82.2854,23.8158],[82.2916,23.8116],[82.3028,23.8072],[82.3053,23.8068],[82.3121,23.8085],[82.3149,23.8098],[82.3189,23.8099],[82.3228,23.809],[82.3287,23.8074],[82.336,23.8024],[82.339,23.8041],[82.3463,23.8047],[82.3507,23.8026],[82.3548,23.8024],[82.3643,23.807],[82.3761,23.8098],[82.3876,23.8058],[82.3917,23.8036],[82.396,23.8001],[82.4011,23.8012],[82.4107,23.8016],[82.431,23.8049],[82.4442,23.8035],[82.448,23.8045],[82.4535,23.8097],[82.4568,23.8104],[82.4678,23.8102],[82.4712,23.8097],[82.4776,23.8065],[82.4904,23.7964],[82.4915,23.7894],[82.4928,23.7872],[82.4995,23.7846],[82.4994,23.7846],[82.5001,23.7723],[82.4989,23.7641],[82.5039,23.7611],[82.5176,23.7564],[82.5219,23.7569],[82.525,23.7582],[82.5324,23.7594],[82.5383,23.7594],[82.5426,23.7581],[82.5494,23.7532],[82.5519,23.7451],[82.5522,23.7399],[82.5543,23.7371],[82.5654,23.7318],[82.5677,23.7282],[82.5691,23.7228],[82.5706,23.7207],[82.5755,23.7187],[82.5793,23.7154],[82.5827,23.7092],[82.5844,23.7062],[82.5888,23.7017],[82.5937,23.6947],[82.598,23.686],[82.6005,23.6788],[82.6035,23.6663],[82.6014,23.6588],[82.5976,23.6532],[82.5935,23.6444],[82.5933,23.6441],[82.5847,23.6395],[82.5831,23.6387],[82.5774,23.6296],[82.5753,23.6208],[82.5752,23.6176],[82.5787,23.6123],[82.5781,23.5913],[82.5787,23.5844],[82.5803,23.5737],[82.5846,23.557],[82.5847,23.554],[82.5817,23.542],[82.5957,23.5272],[82.5993,23.526],[82.6089,23.5188],[82.6129,23.5135],[82.6281,23.51],[82.6358,23.5024],[82.6419,23.4982],[82.6471,23.4883],[82.6517,23.4732],[82.6541,23.4613],[82.6566,23.4142],[82.6507,23.3981],[82.6504,23.3906],[82.6507,23.3878],[82.6528,23.3843],[82.6649,23.3808],[82.6753,23.3718],[82.681,23.3698],[82.6949,23.3682],[82.7099,23.3632],[82.7138,23.3602],[82.7203,23.3602],[82.7282,23.3637],[82.7334,23.3629],[82.7451,23.358],[82.7482,23.355],[82.7499,23.35],[82.7512,23.346],[82.7568,23.3379],[82.7583,23.329],[82.7597,23.3078],[82.7589,23.3005],[82.7589,23.2956],[82.7589,23.2913],[82.7572,23.2631],[82.7577,23.2552],[82.751,23.2492],[82.7427,23.2415],[82.738,23.2381],[82.737,23.2373],[82.7269,23.2317],[82.7185,23.2283],[82.7132,23.2272],[82.6922,23.2279],[82.6911,23.2279],[82.6872,23.2211],[82.6824,23.2166],[82.6812,23.2154],[82.6808,23.215],[82.6734,23.2107],[82.6719,23.2099],[82.6699,23.2077],[82.6676,23.2046],[82.6651,23.1993],[82.6631,23.1932],[82.6614,23.1853],[82.6606,23.182],[82.6578,23.1772],[82.6548,23.171],[82.6539,23.1645],[82.6495,23.1576],[82.646,23.1491],[82.6441,23.1453],[82.6409,23.1426],[82.6396,23.1414],[82.6328,23.141],[82.6198,23.1419],[82.6089,23.1421],[82.6075,23.1422],[82.6067,23.1397],[82.6002,23.135],[82.5987,23.1338],[82.5893,23.1316],[82.5856,23.13],[82.5845,23.1296],[82.5811,23.1261],[82.5814,23.1205],[82.5837,23.1147],[82.5892,23.1004],[82.5895,23.0959],[82.5887,23.0908],[82.5862,23.0854],[82.5858,23.0844],[82.5756,23.0826],[82.575,23.0825],[82.5727,23.0804],[82.5726,23.0776],[82.5717,23.0731],[82.5716,23.0696],[82.5738,23.0638],[82.5765,23.0607],[82.5805,23.0529],[82.5798,23.0457],[82.5798,23.0426],[82.5805,23.0395],[82.5819,23.037],[82.5882,23.0323],[82.5891,23.0293],[82.5921,23.0239],[82.5955,23.0199],[82.5981,23.0173],[82.6042,23.013],[82.6091,23.0082],[82.6101,23.0047],[82.61,23.0031],[82.6076,23.0002],[82.6056,22.9995],[82.5993,22.9982],[82.5941,22.9965],[82.5877,22.9931],[82.5874,22.9927],[82.5859,22.9919],[82.5807,22.9862],[82.5788,22.9806],[82.5788,22.9744],[82.5794,22.9683],[82.581,22.9614],[82.5832,22.9571],[82.5864,22.9523],[82.5884,22.9483],[82.5867,22.9445],[82.5864,22.9439],[82.5815,22.9421],[82.5773,22.9424],[82.5765,22.9424],[82.5755,22.9426],[82.5755,22.9444],[82.574,22.9481],[82.5643,22.9555],[82.5643,22.957],[82.5659,22.9595],[82.5675,22.961],[82.5759,22.9651],[82.573,22.9698],[82.5672,22.9725],[82.5548,22.9746],[82.5421,22.9744],[82.5138,22.9674],[82.5061,22.9673],[82.4935,22.9682],[82.4849,22.9648],[82.4725,22.9676],[82.4689,22.9677],[82.459,22.9662],[82.4507,22.9665],[82.4457,22.9674],[82.437,22.971],[82.4259,22.9723],[82.4204,22.9738],[82.4152,22.9776],[82.4142,22.9854],[82.4114,22.9897],[82.4077,22.9922],[82.3964,22.9963],[82.3904,22.9972],[82.3724,22.9969],[82.3666,22.9954],[82.3503,22.9887],[82.3443,22.984],[82.3393,22.9789],[82.335,22.9705],[82.3314,22.9668],[82.322,22.9669],[82.301,22.9621],[82.2952,22.9602],[82.2782,22.9508],[82.2671,22.9415],[82.2603,22.9383],[82.2423,22.9374],[82.2241,22.9405],[82.2231,22.9406],[82.2155,22.9426],[82.2126,22.9448],[82.2025,22.9498],[82.195,22.9577],[82.1815,22.9679],[82.1797,22.9705],[82.1802,22.9754],[82.179,22.9895],[82.1848,23],[82.1864,23.0152],[82.178,23.0404],[82.174,23.0449],[82.1704,23.0452],[82.1631,23.05],[82.1613,23.0524],[82.1602,23.0562],[82.1551,23.0671],[82.1498,23.0742],[82.1421,23.084],[82.1314,23.094],[82.1234,23.1032],[82.1269,23.1069],[82.1357,23.1116],[82.1367,23.1135],[82.1371,23.1245],[82.1385,23.1284],[82.1403,23.131],[82.1586,23.1412],[82.1616,23.1506],[82.1613,23.1574],[82.1589,23.1599],[82.1525,23.1625],[82.1476,23.1631],[82.1448,23.1643],[82.1454,23.1677],[82.1492,23.1741],[82.1485,23.1779],[82.145,23.1796],[82.1445,23.1822],[82.1452,23.1875],[82.1477,23.1897],[82.1481,23.1974],[82.1542,23.2088],[82.1539,23.2132],[82.1505,23.2217],[82.15,23.227],[82.1545,23.2312],[82.1613,23.2452],[82.1671,23.2484],[82.1674,23.2522],[82.1741,23.2607],[82.1757,23.2667],[82.1774,23.2694],[82.1816,23.2718],[82.1918,23.2745],[82.1939,23.2769],[82.197,23.2839],[82.1945,23.2895],[82.1945,23.2942],[82.1964,23.2976],[82.1975,23.3027],[82.1964,23.308],[82.1976,23.3108],[82.1951,23.3214],[82.1934,23.3246],[82.1919,23.3261],[82.1866,23.3263],[82.1676,23.3314],[82.1656,23.3325],[82.1631,23.3347],[82.1612,23.3416],[82.1589,23.3447],[82.1528,23.3484],[82.1504,23.3535],[82.1454,23.3609],[82.1401,23.3613],[82.1366,23.3601],[82.126,23.3536],[82.122,23.3531],[82.1185,23.3549],[82.1155,23.3576],[82.1121,23.3623],[82.113,23.3683],[82.1127,23.3819],[82.1117,23.3859],[82.1084,23.3898],[82.1064,23.3937],[82.1061,23.3967],[82.1025,23.3976],[82.0927,23.3923],[82.0912,23.3958],[82.0875,23.3962],[82.0769,23.394],[82.0707,23.3915],[82.0644,23.3925],[82.0615,23.3895],[82.0603,23.3841],[82.0568,23.3777],[82.0533,23.3769],[82.0446,23.3786],[82.0404,23.3844],[82.037,23.3865],[82.0332,23.3849],[82.0308,23.3827],[82.028,23.3833],[82.0221,23.3869],[82.0212,23.3892],[82.0219,23.3925],[82.0248,23.3953],[82.0275,23.3999],[82.0251,23.4045],[82.0249,23.407],[82.0308,23.4091],[82.026,23.42],[82.0236,23.4224],[82.0174,23.4195],[82.0071,23.4117],[82.003,23.4145],[81.9995,23.4182],[81.995,23.4184],[81.9865,23.4104],[81.9837,23.412],[81.9835,23.4145],[81.9812,23.4165],[81.9792,23.4186],[81.9781,23.4227],[81.981,23.4252],[81.9827,23.4307],[81.9791,23.4405],[81.9795,23.444],[81.979,23.4463],[81.9758,23.4492],[81.9742,23.4526],[81.9688,23.4586],[81.9644,23.4622],[81.9601,23.464],[81.9579,23.4649],[81.9552,23.4704],[81.9546,23.4743],[81.9566,23.4955],[81.9523,23.4989],[81.9421,23.5043],[81.9359,23.512],[81.9353,23.5163],[81.924,23.5308],[81.9214,23.5324],[81.917,23.5337],[81.9115,23.5338],[81.9076,23.5328],[81.9039,23.5306],[81.8921,23.5212],[81.887,23.5171],[81.8773,23.5132],[81.8699,23.5125],[81.8627,23.5151],[81.8584,23.5151],[81.8417,23.5108],[81.8348,23.5099],[81.8242,23.5135],[81.8202,23.5162],[81.8177,23.5212],[81.8178,23.5249],[81.8191,23.5293],[81.8187,23.5325],[81.8122,23.5444],[81.8089,23.5463],[81.8052,23.5474],[81.7706,23.5493],[81.764,23.551],[81.7612,23.5571],[81.7582,23.5616],[81.7556,23.5639],[81.7483,23.5661],[81.7436,23.5659],[81.7368,23.5636],[81.7336,23.5609],[81.7311,23.5573],[81.7268,23.5545],[81.7244,23.5468],[81.7207,23.5412],[81.718,23.5397],[81.714,23.5321],[81.7007,23.5218],[81.695,23.5229],[81.6895,23.5257],[81.6748,23.5304],[81.6696,23.5309],[81.6621,23.53],[81.6607,23.5262],[81.6616,23.5184],[81.6612,23.5124],[81.6552,23.5009],[81.6516,23.4986],[81.6448,23.4978],[81.6428,23.4968],[81.6387,23.4902],[81.6358,23.4889],[81.6318,23.4895],[81.6248,23.4933],[81.622,23.4962],[81.6146,23.5053],[81.6128,23.5093],[81.6139,23.5191],[81.613,23.5232],[81.6142,23.5434],[81.6133,23.5489],[81.6098,23.5521],[81.5945,23.5529],[81.5915,23.5523],[81.5847,23.5532],[81.5831,23.5571],[81.582,23.565],[81.578,23.5781],[81.5773,23.587],[81.5784,23.5892],[81.5827,23.5903],[81.5879,23.5951],[81.6024,23.5938],[81.6075,23.5952],[81.6103,23.5984],[81.6087,23.6122],[81.612,23.6197],[81.6141,23.6228],[81.6171,23.6313],[81.6209,23.6592],[81.6261,23.6596],[81.6426,23.6573],[81.6508,23.6586],[81.654,23.6615],[81.6556,23.6663],[81.6571,23.6817],[81.6809,23.6917],[81.6923,23.7119],[81.695,23.7196],[81.6946,23.7209],[81.69,23.7239],[81.6852,23.7328],[81.6798,23.7382],[81.681,23.7416],[81.686,23.7471],[81.6818,23.7522],[81.677,23.7555],[81.6695,23.7581],[81.6612,23.7624],[81.6518,23.7662],[81.6473,23.7693],[81.6458,23.7729],[81.6461,23.776],[81.6512,23.79],[81.6513,23.797],[81.6502,23.8027],[81.6437,23.8144],[81.6383,23.8289],[81.6358,23.8324],[81.6334,23.8339],[81.6279,23.8349],[81.6171,23.8338],[81.615,23.8343],[81.6136,23.8362],[81.6127,23.8394],[81.6123,23.8419],[81.6062,23.8517],[81.6051,23.8555],[81.6051,23.8599],[81.6061,23.8622],[81.6139,23.862],[81.6192,23.865],[81.6226,23.8708],[81.6165,23.8762],[81.6079,23.8814],[81.6053,23.8842],[81.6046,23.887],[81.6111,23.8904],[81.6133,23.8938],[81.6153,23.9012],[81.6183,23.9049],[81.6222,23.9062],[81.6323,23.9049],[81.637,23.9056],[81.645,23.9116],[81.6492,23.9131],[81.6559,23.9141],[81.6594,23.9158],[81.6652,23.9226],[81.6694,23.9236],[81.6727,23.9201],[81.6755,23.9137],[81.6851,23.9083],[81.6872,23.9057]]]},"properties":{"district_name":"Koriya","raw_district_name":"Koriya","state_code":"CT","state_name":"Chhattisgarh","census_code":400,"data_source":"DataMeet India Maps (Census 2011 Boundaries)"}},{"type":"Feature","geometry":{"type":"Polygon","coordinates":[[[82.9346,21.4945],[82.9346,21.4944],[82.9397,21.4931],[82.9478,21.4935],[82.9576,21.4913],[82.9622,21.485],[82.968,21.4709],[82.9767,21.4755],[82.9813,21.4737],[82.9894,21.4661],[82.9943,21.4643],[83,21.4576],[83.0058,21.4587],[83.0102,21.4625],[83.0135,21.467],[83.0158,21.4678],[83.0171,21.4696],[83.0163,21.4737],[83.0191,21.4866],[83.0228,21.4871],[83.0273,21.4861],[83.0415,21.4804],[83.0484,21.4795],[83.0498,21.478],[83.0529,21.4726],[83.0549,21.4652],[83.0555,21.4555],[83.0552,21.4526],[83.0527,21.4476],[83.0529,21.445],[83.0542,21.4414],[83.0607,21.4348],[83.0657,21.4326],[83.0891,21.4305],[83.099,21.4261],[83.1052,21.4257],[83.111,21.4269],[83.1235,21.4208],[83.1273,21.4183],[83.1276,21.4164],[83.1258,21.4147],[83.1175,21.413],[83.1175,21.41],[83.1183,21.4075],[83.1225,21.4004],[83.1274,21.3991],[83.1323,21.3987],[83.1335,21.3974],[83.1358,21.3922],[83.1336,21.3793],[83.1371,21.3751],[83.1443,21.3688],[83.1471,21.3645],[83.1485,21.3635],[83.1541,21.366],[83.1566,21.3715],[83.1603,21.3757],[83.1732,21.385],[83.1793,21.3923],[83.1836,21.3996],[83.1913,21.3955],[83.1939,21.3927],[83.1944,21.3877],[83.1927,21.3824],[83.193,21.3811],[83.1966,21.383],[83.1989,21.3853],[83.2059,21.397],[83.2113,21.3965],[83.2192,21.3937],[83.2228,21.3905],[83.2248,21.3877],[83.2257,21.3817],[83.2288,21.3803],[83.2392,21.3797],[83.2461,21.381],[83.248,21.3825],[83.2729,21.3769],[83.2772,21.3783],[83.2767,21.3705],[83.278,21.3625],[83.2733,21.3487],[83.2678,21.3405],[83.2622,21.3352],[83.263,21.3326],[83.2681,21.3301],[83.2614,21.3229],[83.2613,21.3157],[83.266,21.3055],[83.2799,21.2995],[83.282,21.294],[83.2818,21.2891],[83.2785,21.2839],[83.2749,21.272],[83.27,21.276],[83.2645,21.2789],[83.2556,21.2807],[83.2497,21.2798],[83.2391,21.2687],[83.2321,21.2704],[83.2256,21.2635],[83.2214,21.2543],[83.2219,21.2438],[83.2263,21.2272],[83.2225,21.2271],[83.2216,21.224],[83.2226,21.219],[83.2148,21.2049],[83.2185,21.1947],[83.2173,21.1916],[83.2125,21.1875],[83.2093,21.1809],[83.2068,21.1776],[83.2073,21.1724],[83.2066,21.1655],[83.201,21.1612],[83.2,21.143],[83.1974,21.1391],[83.1902,21.1356],[83.1839,21.1343],[83.1771,21.1351],[83.1686,21.135],[83.1607,21.1293],[83.156,21.1234],[83.145,21.1134],[83.1413,21.1088],[83.1271,21.1046],[83.1156,21.1112],[83.1025,21.1079],[83.0994,21.1095],[83.096,21.111],[83.0889,21.1102],[83.0787,21.1116],[83.0716,21.1146],[83.067,21.1194],[83.0587,21.1206],[83.0541,21.1237],[83.0479,21.1224],[83.0437,21.1247],[83.04,21.1278],[83.0364,21.1295],[83.0368,21.1347],[83.0259,21.1416],[83.0232,21.1431],[83.0178,21.1488],[83.015,21.1499],[83.0128,21.1492],[83.0064,21.1515],[83.0003,21.1576],[82.9907,21.1516],[82.9872,21.1608],[82.9789,21.1596],[82.9724,21.1591],[82.9709,21.165],[82.9669,21.1771],[82.9634,21.1788],[82.9563,21.1731],[82.9496,21.1663],[82.9447,21.1644],[82.9353,21.1643],[82.9292,21.1615],[82.9217,21.1639],[82.9153,21.1635],[82.9096,21.1662],[82.9024,21.1631],[82.8947,21.157],[82.8866,21.1523],[82.8802,21.1543],[82.8761,21.163],[82.871,21.1586],[82.8668,21.1605],[82.8613,21.1602],[82.8541,21.1614],[82.8544,21.1659],[82.8473,21.1665],[82.8198,21.1617],[82.8142,21.1598],[82.8111,21.1562],[82.8029,21.1538],[82.7991,21.1483],[82.7962,21.1424],[82.7894,21.1442],[82.7648,21.1617],[82.7596,21.1628],[82.7427,21.161],[82.7346,21.1623],[82.7285,21.162],[82.7188,21.1588],[82.7129,21.158],[82.7079,21.1563],[82.7014,21.1558],[82.6993,21.1599],[82.6919,21.1611],[82.6694,21.1538],[82.6532,21.1547],[82.6433,21.1524],[82.6401,21.1457],[82.6414,21.1394],[82.6457,21.1346],[82.652,21.1319],[82.6551,21.128],[82.6527,21.1237],[82.6469,21.1201],[82.6445,21.1147],[82.6457,21.1095],[82.6524,21.105],[82.6503,21.1009],[82.6427,21.0951],[82.6392,21.0901],[82.6332,21.0799],[82.6293,21.0783],[82.6226,21.0783],[82.6167,21.0743],[82.6165,21.067],[82.6274,21.0476],[82.6297,21.0397],[82.616,21.0214],[82.6151,21.0154],[82.6118,21.0091],[82.6025,21.0003],[82.5894,20.99],[82.5855,20.9822],[82.5739,20.9702],[82.5603,20.9448],[82.5531,20.9382],[82.5432,20.9328],[82.5336,20.931],[82.5266,20.928],[82.5208,20.9205],[82.5105,20.9172],[82.501,20.9126],[82.493,20.9068],[82.4905,20.9029],[82.492,20.8829],[82.4919,20.8762],[82.4887,20.8648],[82.4893,20.8587],[82.485,20.8501],[82.4756,20.846],[82.4708,20.843],[82.4672,20.839],[82.4697,20.8337],[82.4699,20.8309],[82.4664,20.8272],[82.4609,20.8246],[82.4558,20.8256],[82.4521,20.8274],[82.4485,20.8271],[82.4468,20.8305],[82.4439,20.8329],[82.4303,20.8293],[82.4229,20.8298],[82.4209,20.8329],[82.413,20.8405],[82.4148,20.8468],[82.4147,20.8513],[82.4097,20.8565],[82.4099,20.8612],[82.4088,20.8657],[82.3902,20.8732],[82.384,20.8701],[82.3754,20.8673],[82.3664,20.8697],[82.3633,20.8731],[82.3636,20.8795],[82.3666,20.8859],[82.354,20.887],[82.3493,20.8732],[82.3493,20.8733],[82.3471,20.8802],[82.3412,20.883],[82.3347,20.8833],[82.3245,20.8836],[82.3209,20.8861],[82.3178,20.8889],[82.3153,20.8931],[82.311,20.8975],[82.3068,20.9028],[82.3023,20.9065],[82.2938,20.9104],[82.2886,20.9129],[82.2856,20.9162],[82.2851,20.919],[82.2853,20.9221],[82.286,20.9313],[82.2856,20.933],[82.2844,20.9353],[82.271,20.9385],[82.248,20.942],[82.2435,20.9453],[82.2275,20.9501],[82.2239,20.949],[82.2264,20.9416],[82.2259,20.9371],[82.2247,20.935],[82.2188,20.9351],[82.2102,20.9386],[82.1994,20.9408],[82.1922,20.9475],[82.1912,20.9498],[82.1871,20.965],[82.1813,20.9659],[82.1759,20.9711],[82.1738,20.9851],[82.1717,20.992],[82.1676,21.0005],[82.1668,21.0036],[82.164,21.0134],[82.1614,21.016],[82.161,21.0177],[82.1548,21.0169],[82.1478,21.0178],[82.1353,21.0188],[82.1286,21.0207],[82.1232,21.0236],[82.1134,21.0253],[82.1033,21.0278],[82.0968,21.0326],[82.0927,21.0368],[82.0903,21.0386],[82.0853,21.0414],[82.0812,21.0443],[82.0757,21.0488],[82.0077,21.0866],[81.9957,21.1067],[81.9966,21.1219],[81.9985,21.1319],[82.0007,21.1368],[82.0025,21.1419],[82.0073,21.1452],[82.0109,21.1508],[82.016,21.1611],[82.0193,21.1726],[82.0207,21.1833],[82.0208,21.1885],[82.0197,21.2192],[82.0238,21.2272],[82.0276,21.2325],[82.031,21.2357],[82.0543,21.2577],[82.0684,21.271],[82.0765,21.276],[82.0834,21.2786],[82.0962,21.2835],[82.1079,21.288],[82.1186,21.2909],[82.122,21.2927],[82.1281,21.2959],[82.1352,21.3008],[82.1416,21.3064],[82.147,21.3129],[82.1544,21.3219],[82.1617,21.3254],[82.1662,21.3276],[82.17,21.3348],[82.1721,21.3376],[82.1803,21.3485],[82.1815,21.3577],[82.1892,21.3661],[82.1918,21.3711],[82.1942,21.3777],[82.1915,21.377],[82.1978,21.381],[82.2053,21.3835],[82.2165,21.4013],[82.2235,21.4099],[82.2291,21.4158],[82.2356,21.4256],[82.2416,21.4331],[82.2507,21.434],[82.2535,21.4325],[82.25,21.4256],[82.2525,21.4173],[82.2588,21.4142],[82.2639,21.4118],[82.267,21.4082],[82.2709,21.4057],[82.2736,21.4035],[82.2769,21.4005],[82.2789,21.393],[82.2788,21.3896],[82.2786,21.3838],[82.2696,21.3845],[82.2621,21.3825],[82.2559,21.3755],[82.2511,21.3683],[82.2468,21.3645],[82.2572,21.3527],[82.2577,21.3458],[82.2573,21.3405],[82.2602,21.3261],[82.2543,21.3208],[82.2494,21.3177],[82.2464,21.3146],[82.2461,21.3128],[82.2538,21.3102],[82.2575,21.3095],[82.2608,21.3089],[82.2638,21.3056],[82.2675,21.2992],[82.2794,21.2969],[82.2793,21.2868],[82.2787,21.2819],[82.2815,21.2724],[82.2905,21.2698],[82.3007,21.2677],[82.3014,21.2788],[82.3155,21.2794],[82.3184,21.2898],[82.3257,21.2909],[82.3316,21.2883],[82.3355,21.283],[82.3386,21.2812],[82.3472,21.2825],[82.3538,21.2817],[82.3541,21.2762],[82.3497,21.2725],[82.348,21.2668],[82.3521,21.2645],[82.356,21.2659],[82.3604,21.266],[82.3667,21.2743],[82.375,21.2735],[82.3805,21.2688],[82.3867,21.2616],[82.3944,21.2654],[82.395,21.2772],[82.3976,21.2885],[82.4012,21.2935],[82.417,21.3041],[82.4263,21.3076],[82.4339,21.3071],[82.4422,21.3054],[82.4479,21.3018],[82.449,21.2971],[82.4416,21.2893],[82.4418,21.2819],[82.4459,21.2801],[82.4509,21.2755],[82.4574,21.2762],[82.4597,21.2891],[82.4614,21.2939],[82.469,21.2942],[82.4729,21.2933],[82.479,21.2948],[82.4669,21.3079],[82.4655,21.3229],[82.4728,21.3213],[82.4758,21.3252],[82.4866,21.3174],[82.4956,21.3143],[82.4977,21.3141],[82.5055,21.3133],[82.5142,21.315],[82.5211,21.3176],[82.5312,21.3266],[82.533,21.3281],[82.5366,21.3255],[82.5418,21.3223],[82.5499,21.3199],[82.5536,21.3191],[82.5595,21.3193],[82.5666,21.3209],[82.5689,21.322],[82.5764,21.3258],[82.582,21.3293],[82.5868,21.333],[82.5928,21.3349],[82.5947,21.3351],[82.6016,21.3353],[82.6064,21.3358],[82.6107,21.3369],[82.6148,21.3386],[82.6345,21.3405],[82.643,21.3438],[82.6491,21.3478],[82.6505,21.3456],[82.663,21.3349],[82.6793,21.3286],[82.6893,21.3298],[82.6992,21.3299],[82.7027,21.345],[82.7025,21.3632],[82.7044,21.372],[82.7005,21.3844],[82.6995,21.3934],[82.7023,21.403],[82.7022,21.4077],[82.6999,21.437],[82.6985,21.4497],[82.6901,21.4812],[82.733,21.4898],[82.7518,21.5036],[82.763,21.5143],[82.7724,21.5195],[82.7855,21.5088],[82.7918,21.5065],[82.7962,21.5071],[82.8066,21.5066],[82.8209,21.5026],[82.8282,21.5014],[82.8284,21.5069],[82.8232,21.5198],[82.8224,21.5262],[82.8244,21.5285],[82.8313,21.5263],[82.8358,21.5309],[82.8378,21.5362],[82.843,21.539],[82.8523,21.5399],[82.8627,21.5464],[82.8686,21.5482],[82.8759,21.5504],[82.8807,21.5481],[82.8843,21.5445],[82.8884,21.5403],[82.8971,21.5292],[82.8981,21.5244],[82.9024,21.5201],[82.9043,21.5159],[82.9094,21.5043],[82.9132,21.4974],[82.9159,21.4927],[82.9201,21.4879],[82.9282,21.4903],[82.9315,21.4925],[82.9346,21.4944],[82.9346,21.4945]]]},"properties":{"district_name":"Mahasamund","raw_district_name":"Mahasamund","state_code":"CT","state_name":"Chhattisgarh","census_code":411,"data_source":"DataMeet India Maps (Census 2011 Boundaries)"}},{"type":"Feature","geometry":{"type":"Polygon","coordinates":[[[81.0461,20.0032],[81.0434,19.9951],[81.0402,19.9839],[81.0372,19.9718],[81.0391,19.9671],[81.0421,19.9622],[81.044,19.9589],[81.0468,19.9539],[81.0488,19.951],[81.0513,19.9482],[81.0553,19.9445],[81.0588,19.9417],[81.0616,19.9393],[81.0645,19.9349],[81.0642,19.9314],[81.0614,19.9294],[81.0572,19.9273],[81.0545,19.9262],[81.049,19.9249],[81.0402,19.9227],[81.0325,19.9196],[81.0267,19.9171],[81.0222,19.9141],[81.0181,19.9106],[81.0152,19.9077],[81.0142,19.9067],[81.0127,19.9028],[81.0115,19.8994],[81.0106,19.8939],[81.0096,19.8882],[81.0085,19.8787],[81.0076,19.8701],[81.0071,19.8622],[81.0071,19.8557],[81.0072,19.8543],[81.0055,19.8507],[81.0025,19.8467],[81.0005,19.8439],[80.9985,19.8332],[81.0007,19.8178],[81.0076,19.8022],[81.0165,19.7925],[81.0236,19.7846],[81.0277,19.7789],[81.0341,19.77],[81.0384,19.7641],[81.0431,19.7549],[81.0478,19.7459],[81.0515,19.7366],[81.0555,19.7268],[81.0588,19.7186],[81.0671,19.7058],[81.0791,19.6954],[81.0858,19.6911],[81.0941,19.6902],[81.0992,19.6893],[81.1009,19.689],[81.1123,19.6863],[81.1192,19.6864],[81.1403,19.6904],[81.1458,19.6968],[81.1548,19.716],[81.1501,19.7324],[81.1396,19.7538],[81.1339,19.7683],[81.1377,19.7853],[81.1522,19.7953],[81.1661,19.8026],[81.1787,19.8024],[81.1846,19.7971],[81.1845,19.7884],[81.1922,19.7793],[81.2006,19.7792],[81.2133,19.7855],[81.2279,19.7976],[81.2442,19.8053],[81.2657,19.805],[81.2802,19.8017],[81.3017,19.7982],[81.3167,19.8022],[81.3339,19.8201],[81.3382,19.827],[81.3459,19.8317],[81.356,19.8324],[81.3936,19.8326],[81.3937,19.8326],[81.3936,19.8327],[81.3936,19.8328],[81.3944,19.8326],[81.3723,19.8026],[81.3711,19.7928],[81.3759,19.7812],[81.3724,19.7767],[81.3773,19.7684],[81.3809,19.752],[81.3738,19.7459],[81.3707,19.7416],[81.3721,19.733],[81.3787,19.7251],[81.4115,19.7227],[81.424,19.7197],[81.4283,19.7179],[81.4368,19.7092],[81.4484,19.7017],[81.4452,19.6826],[81.4471,19.6772],[81.4718,19.6684],[81.4762,19.6646],[81.4828,19.6608],[81.4982,19.6593],[81.5159,19.6613],[81.507,19.652],[81.4976,19.6485],[81.4865,19.6443],[81.4738,19.6429],[81.4543,19.6374],[81.4536,19.6308],[81.4557,19.626],[81.4608,19.6236],[81.4622,19.62],[81.4595,19.6081],[81.4606,19.5981],[81.4618,19.5943],[81.4586,19.5871],[81.4569,19.5803],[81.4598,19.5691],[81.4455,19.5546],[81.4398,19.5406],[81.44,19.5292],[81.4496,19.5236],[81.4473,19.514],[81.4267,19.4994],[81.4217,19.4925],[81.4254,19.4822],[81.4324,19.4753],[81.446,19.474],[81.4743,19.4711],[81.4664,19.4424],[81.4647,19.4257],[81.4664,19.4133],[81.4693,19.4031],[81.4699,19.3899],[81.4689,19.3752],[81.4354,19.376],[81.4317,19.3745],[81.4203,19.3647],[81.4091,19.3635],[81.4001,19.3694],[81.3986,19.3741],[81.3876,19.3855],[81.3856,19.3911],[81.3905,19.4087],[81.39,19.412],[81.3769,19.413],[81.374,19.4071],[81.3761,19.3911],[81.3666,19.3771],[81.3647,19.3716],[81.377,19.3624],[81.3818,19.3607],[81.39,19.3614],[81.3975,19.3391],[81.3971,19.333],[81.3863,19.3355],[81.3768,19.3282],[81.3656,19.3314],[81.3587,19.3299],[81.356,19.3252],[81.356,19.3251],[81.3559,19.3252],[81.3429,19.3197],[81.3369,19.3268],[81.3192,19.3327],[81.3048,19.3363],[81.2882,19.3364],[81.2796,19.3322],[81.2727,19.326],[81.2592,19.3246],[81.2545,19.3261],[81.2477,19.3231],[81.2428,19.3226],[81.2381,19.3235],[81.2311,19.3196],[81.2298,19.3036],[81.2224,19.2882],[81.2046,19.2893],[81.199,19.2888],[81.1959,19.2867],[81.1929,19.2774],[81.1753,19.2711],[81.1704,19.2697],[81.1608,19.2787],[81.1611,19.2844],[81.16,19.2928],[81.1581,19.2958],[81.1558,19.2969],[81.1429,19.2969],[81.1419,19.2892],[81.1414,19.2758],[81.144,19.2668],[81.1452,19.2594],[81.1416,19.2554],[81.1369,19.2553],[81.1283,19.2569],[81.1192,19.2634],[81.1112,19.2738],[81.0923,19.2763],[81.0857,19.2707],[81.0783,19.2737],[81.073,19.2721],[81.0707,19.2692],[81.0724,19.2475],[81.0746,19.2362],[81.0739,19.232],[81.0662,19.2281],[81.0646,19.2277],[81.0608,19.2266],[81.0555,19.2266],[81.0533,19.232],[81.0486,19.2339],[81.0416,19.2284],[81.0364,19.2275],[81.0299,19.2321],[81.0299,19.2321],[81.014,19.2301],[81.0001,19.2319],[80.9958,19.2313],[80.9935,19.2274],[80.9896,19.2283],[80.9699,19.2252],[80.97,19.2303],[80.9744,19.2398],[80.9752,19.2513],[80.9631,19.2799],[80.9648,19.2926],[80.9665,19.2981],[80.967,19.3047],[80.9642,19.3097],[80.96,19.3141],[80.9547,19.3169],[80.9371,19.3189],[80.9279,19.3212],[80.9224,19.3192],[80.9181,19.3163],[80.9137,19.3198],[80.9082,19.3174],[80.9043,19.3181],[80.8982,19.3207],[80.8967,19.324],[80.8972,19.3282],[80.8957,19.3316],[80.8929,19.3326],[80.8923,19.3364],[80.8888,19.3371],[80.8765,19.3368],[80.8602,19.3401],[80.8522,19.3416],[80.8477,19.3407],[80.8437,19.3361],[80.8364,19.348],[80.8338,19.3521],[80.8338,19.3521],[80.8465,19.3592],[80.8524,19.365],[80.8502,19.3702],[80.8424,19.3747],[80.8306,19.3788],[80.8234,19.3831],[80.8201,19.3867],[80.8159,19.401],[80.8053,19.4156],[80.8028,19.4227],[80.7998,19.4266],[80.7953,19.4306],[80.8017,19.4327],[80.8154,19.4355],[80.8326,19.443],[80.8424,19.4463],[80.8649,19.4465],[80.8749,19.4474],[80.8834,19.4519],[80.893,19.4605],[80.8995,19.4696],[80.8996,19.4855],[80.8988,19.4948],[80.8971,19.5032],[80.8929,19.5131],[80.8864,19.5229],[80.881,19.5262],[80.8707,19.5258],[80.8596,19.528],[80.8527,19.533],[80.8482,19.5373],[80.8447,19.5444],[80.8434,19.5527],[80.8409,19.5597],[80.8349,19.5664],[80.8269,19.5691],[80.8165,19.5682],[80.7925,19.5641],[80.7737,19.5719],[80.7723,19.5779],[80.7716,19.5884],[80.7652,19.5938],[80.7282,19.6119],[80.715,19.6139],[80.7039,19.6143],[80.6903,19.6141],[80.6692,19.6122],[80.664,19.6157],[80.6631,19.6204],[80.6633,19.6285],[80.6694,19.6659],[80.6726,19.6763],[80.6732,19.6896],[80.6726,19.6913],[80.6728,19.6914],[80.6805,19.6941],[80.6883,19.6957],[80.6957,19.6971],[80.7035,19.6992],[80.709,19.7002],[80.7149,19.7004],[80.7193,19.6997],[80.7227,19.699],[80.7256,19.6979],[80.723,19.7054],[80.7211,19.7118],[80.7198,19.7165],[80.717,19.7232],[80.7138,19.7306],[80.7123,19.7364],[80.7118,19.7471],[80.7114,19.7579],[80.7145,19.7706],[80.7154,19.7744],[80.7184,19.7792],[80.7283,19.7887],[80.7421,19.7958],[80.7461,19.7966],[80.7501,19.7973],[80.754,19.7981],[80.7567,19.8001],[80.7604,19.8021],[80.7668,19.804],[80.7758,19.8039],[80.7747,19.7968],[80.7786,19.7896],[80.7817,19.786],[80.7856,19.7848],[80.7915,19.7955],[80.7916,19.798],[80.7906,19.8003],[80.7955,19.8051],[80.8027,19.8074],[80.8119,19.8103],[80.8172,19.812],[80.8222,19.8145],[80.8222,19.8193],[80.8202,19.8241],[80.8162,19.8289],[80.8081,19.8302],[80.8022,19.8339],[80.7927,19.8337],[80.7898,19.836],[80.7789,19.8373],[80.7699,19.8337],[80.759,19.8267],[80.7501,19.8183],[80.7352,19.8136],[80.7323,19.8053],[80.7323,19.8005],[80.7305,19.7991],[80.7261,19.7971],[80.7224,19.7959],[80.7116,19.7995],[80.7112,19.8026],[80.7189,19.8065],[80.7232,19.8107],[80.7251,19.8135],[80.7259,19.8206],[80.7265,19.8276],[80.7278,19.8335],[80.7294,19.8374],[80.7315,19.84],[80.7338,19.842],[80.7365,19.8441],[80.7389,19.8459],[80.7398,19.8489],[80.7461,19.854],[80.7527,19.8594],[80.7562,19.8623],[80.7572,19.8647],[80.7582,19.8646],[80.7602,19.8671],[80.777,19.8718],[80.7973,19.8823],[80.8048,19.8931],[80.8127,19.899],[80.8216,19.9001],[80.8345,19.9048],[80.8534,19.931],[80.8543,19.9357],[80.8534,19.9405],[80.8534,19.9487],[80.8633,19.9416],[80.8682,19.9404],[80.8751,19.9362],[80.8779,19.9349],[80.8841,19.9328],[80.8898,19.9308],[80.9016,19.9288],[80.9077,19.9278],[80.9186,19.9259],[80.9245,19.9259],[80.9304,19.9341],[80.9345,19.9409],[80.9392,19.9485],[80.9376,19.9524],[80.9229,19.9521],[80.9138,19.9516],[80.9078,19.9516],[80.903,19.9528],[80.8982,19.9551],[80.8955,19.9575],[80.8928,19.961],[80.891,19.9651],[80.8896,19.9706],[80.8898,19.9749],[80.8909,19.9782],[80.8935,19.9813],[80.8963,19.9858],[80.8995,19.9947],[80.8954,19.9997],[80.8921,19.9991],[80.8896,20.0002],[80.8912,20.0112],[80.8981,20.0275],[80.9055,20.0333],[80.9121,20.0366],[80.9241,20.0427],[80.9341,20.0529],[80.9426,20.0659],[80.9488,20.0715],[80.9615,20.0737],[80.9759,20.0767],[80.9889,20.0912],[80.9959,20.0943],[81.003,20.0946],[81.0078,20.0946],[81.0139,20.0942],[81.0205,20.0937],[81.0269,20.0923],[81.0324,20.0892],[81.0369,20.0878],[81.0397,20.0867],[81.0433,20.0857],[81.0464,20.0852],[81.0499,20.0821],[81.0522,20.0794],[81.0535,20.0779],[81.0571,20.0752],[81.0594,20.0735],[81.0654,20.0654],[81.069,20.0582],[81.0711,20.0518],[81.072,20.0479],[81.0712,20.0437],[81.0706,20.0408],[81.0685,20.0372],[81.0667,20.034],[81.0636,20.0292],[81.0599,20.0242],[81.0561,20.0197],[81.0527,20.0159],[81.0499,20.0116],[81.0479,20.0079],[81.0461,20.0032]]]},"properties":{"district_name":"Narayanpur","raw_district_name":"Narayanpur","state_code":"CT","state_name":"Chhattisgarh","census_code":415,"data_source":"DataMeet India Maps (Census 2011 Boundaries)"}},{"type":"Feature","geometry":{"type":"MultiPolygon","coordinates":[[[[83.2253,22.7855],[83.2284,22.7849],[83.2372,22.7857],[83.2381,22.7779],[83.2394,22.7753],[83.2403,22.7749],[83.2451,22.7758],[83.2477,22.7752],[83.2496,22.7707],[83.2537,22.7692],[83.2633,22.77],[83.2904,22.7668],[83.3189,22.7604],[83.3203,22.7617],[83.3229,22.7643],[83.3239,22.7647],[83.3285,22.7665],[83.333,22.7631],[83.3375,22.7574],[83.3423,22.7534],[83.3459,22.7482],[83.3497,22.7384],[83.3525,22.7332],[83.3602,22.7313],[83.3666,22.7323],[83.368,22.7334],[83.3779,22.7412],[83.3784,22.7413],[83.385,22.743],[83.3913,22.7412],[83.398,22.7367],[83.4012,22.7313],[83.402,22.7258],[83.3976,22.7105],[83.3941,22.6943],[83.3935,22.6936],[83.3929,22.6929],[83.3908,22.6921],[83.3865,22.6945],[83.3836,22.6944],[83.3816,22.6944],[83.3832,22.6822],[83.3852,22.6764],[83.3868,22.6666],[83.3871,22.6604],[83.388,22.6578],[83.3921,22.6548],[83.406,22.6483],[83.409,22.6451],[83.4115,22.6396],[83.4142,22.6401],[83.4161,22.6411],[83.4162,22.6414],[83.4172,22.6436],[83.4173,22.6471],[83.4153,22.651],[83.4148,22.6554],[83.4171,22.6595],[83.4184,22.6598],[83.4297,22.662],[83.4313,22.6631],[83.4334,22.6645],[83.4377,22.672],[83.4382,22.6708],[83.4392,22.6681],[83.4405,22.6658],[83.4416,22.661],[83.4409,22.6582],[83.4381,22.6552],[83.4348,22.6514],[83.4316,22.6476],[83.4285,22.6406],[83.4276,22.6372],[83.4263,22.6345],[83.4248,22.6327],[83.4233,22.6309],[83.4215,22.6295],[83.4199,22.6281],[83.4161,22.6264],[83.4128,22.6256],[83.41,22.6239],[83.4071,22.6213],[83.4042,22.6157],[83.4057,22.615],[83.4088,22.6123],[83.4104,22.6109],[83.4134,22.603],[83.414,22.5815],[83.4125,22.5757],[83.411,22.5698],[83.4024,22.5613],[83.4032,22.557],[83.4067,22.5537],[83.4224,22.548],[83.4356,22.5405],[83.4433,22.5332],[83.4455,22.5268],[83.4494,22.5236],[83.4516,22.5238],[83.4543,22.5215],[83.4598,22.5149],[83.4645,22.5116],[83.4704,22.5063],[83.4833,22.5014],[83.4887,22.4963],[83.4941,22.4933],[83.4967,22.4929],[83.4996,22.4967],[83.5026,22.5027],[83.5067,22.5079],[83.5148,22.5118],[83.5206,22.5131],[83.5227,22.5135],[83.5275,22.5141],[83.5437,22.5163],[83.5459,22.5181],[83.5525,22.5237],[83.5614,22.5346],[83.575,22.5442],[83.5818,22.5439],[83.5897,22.5406],[83.5957,22.5353],[83.5962,22.5328],[83.5958,22.5306],[83.5954,22.5282],[83.5941,22.5196],[83.5928,22.5114],[83.5905,22.5023],[83.5887,22.4955],[83.5842,22.487],[83.5789,22.4768],[83.5775,22.4718],[83.5795,22.4624],[83.5854,22.4555],[83.5891,22.4534],[83.5936,22.4507],[83.5995,22.448],[83.6075,22.4444],[83.6104,22.443],[83.6177,22.4384],[83.6218,22.433],[83.6261,22.4251],[83.6325,22.4232],[83.6394,22.4187],[83.642,22.4157],[83.6453,22.4097],[83.6509,22.3949],[83.6581,22.3908],[83.6773,22.3827],[83.6839,22.3823],[83.6941,22.3781],[83.7028,22.3779],[83.7112,22.3817],[83.7174,22.383],[83.7229,22.3826],[83.7411,22.3784],[83.747,22.3603],[83.7548,22.3526],[83.7573,22.343],[83.7621,22.3388],[83.7648,22.3352],[83.768,22.3245],[83.7716,22.3214],[83.7743,22.3202],[83.7812,22.3192],[83.7855,22.3133],[83.7892,22.3118],[83.797,22.3112],[83.7975,22.3065],[83.799,22.3029],[83.8008,22.3],[83.8051,22.2961],[83.8047,22.2922],[83.8047,22.2918],[83.8046,22.2917],[83.8007,22.2899],[83.7979,22.2868],[83.7957,22.2824],[83.7856,22.2767],[83.7818,22.2696],[83.7784,22.2596],[83.7729,22.2582],[83.7689,22.2564],[83.7639,22.2526],[83.7599,22.2451],[83.7527,22.2434],[83.7261,22.2455],[83.7075,22.2481],[83.7001,22.2477],[83.6862,22.2428],[83.6799,22.2396],[83.6717,22.2341],[83.6645,22.227],[83.6617,22.2261],[83.6529,22.2268],[83.6334,22.208],[83.6264,22.1985],[83.619,22.1794],[83.6131,22.1599],[83.6095,22.1541],[83.5997,22.1422],[83.5744,22.116],[83.5729,22.1151],[83.5663,22.1061],[83.5644,22.1023],[83.5661,22.0978],[83.572,22.0963],[83.5808,22.0911],[83.5902,22.0828],[83.5963,22.0787],[83.6074,22.0679],[83.5977,22.0617],[83.5931,22.058],[83.5906,22.0573],[83.5728,22.0592],[83.5581,22.058],[83.5501,22.0617],[83.5455,22.0577],[83.5413,22.0458],[83.5396,22.0364],[83.5398,22.031],[83.5411,22.0247],[83.546,22.0168],[83.5557,22.0091],[83.5539,22.0058],[83.5521,22.0018],[83.5538,22.0007],[83.5505,21.9968],[83.548,21.9957],[83.5472,21.9878],[83.5426,21.9821],[83.5416,21.9787],[83.5423,21.966],[83.5566,21.9529],[83.5649,21.9465],[83.5611,21.9388],[83.5605,21.9347],[83.5949,21.9287],[83.6076,21.9135],[83.6064,21.9086],[83.5998,21.9034],[83.5904,21.9012],[83.5886,21.9001],[83.5903,21.8967],[83.5904,21.8936],[83.587,21.8919],[83.5838,21.8888],[83.5852,21.8825],[83.5804,21.879],[83.5786,21.8746],[83.5912,21.8555],[83.593,21.8504],[83.5916,21.8463],[83.5866,21.8399],[83.582,21.8353],[83.5806,21.8324],[83.5717,21.8331],[83.5646,21.8371],[83.5557,21.8379],[83.5481,21.8374],[83.5384,21.8346],[83.5348,21.8257],[83.5435,21.8211],[83.5419,21.8096],[83.5458,21.8034],[83.5429,21.8017],[83.5437,21.7967],[83.5293,21.7969],[83.5213,21.8005],[83.5133,21.8031],[83.5049,21.8089],[83.4981,21.8172],[83.4985,21.8114],[83.4926,21.8059],[83.4912,21.7971],[83.4815,21.7889],[83.4743,21.7855],[83.4831,21.7765],[83.485,21.7674],[83.4862,21.7615],[83.4826,21.7562],[83.481,21.7524],[83.4845,21.7487],[83.4913,21.7444],[83.487,21.737],[83.4852,21.7308],[83.4741,21.7134],[83.4688,21.7091],[83.4648,21.7025],[83.4635,21.6972],[83.4569,21.6938],[83.448,21.6962],[83.439,21.6968],[83.4351,21.6952],[83.432,21.6919],[83.4283,21.6894],[83.4269,21.6779],[83.4358,21.6718],[83.4425,21.666],[83.4479,21.6581],[83.4734,21.6471],[83.4819,21.6442],[83.4902,21.6426],[83.4902,21.6426],[83.4905,21.6402],[83.4936,21.6362],[83.4917,21.6286],[83.4837,21.6303],[83.477,21.6298],[83.4701,21.6085],[83.4599,21.6082],[83.46,21.6103],[83.4559,21.6112],[83.4572,21.6164],[83.4571,21.62],[83.4485,21.6211],[83.4486,21.628],[83.4476,21.6297],[83.4485,21.6354],[83.4547,21.6475],[83.4484,21.6522],[83.4337,21.6465],[83.4312,21.6414],[83.4207,21.6392],[83.4158,21.6371],[83.4124,21.6347],[83.409,21.6297],[83.4024,21.6271],[83.397,21.6235],[83.394,21.6183],[83.3879,21.6157],[83.3844,21.6076],[83.3754,21.6],[83.3695,21.5755],[83.3705,21.5708],[83.3741,21.5623],[83.3741,21.556],[83.373,21.5527],[83.3614,21.5384],[83.3561,21.519],[83.3531,21.5113],[83.3449,21.5057],[83.3431,21.5027],[83.3418,21.4986],[83.3428,21.495],[83.3493,21.4885],[83.3492,21.4773],[83.3505,21.468],[83.3545,21.4583],[83.3575,21.4472],[83.3681,21.4454],[83.373,21.4431],[83.3773,21.4393],[83.3786,21.4316],[83.3811,21.4255],[83.3886,21.4129],[83.3968,21.405],[83.401,21.4028],[83.4003,21.3866],[83.4037,21.3756],[83.4035,21.3726],[83.4004,21.3686],[83.4013,21.3645],[83.409,21.3617],[83.4116,21.3585],[83.4098,21.3518],[83.4011,21.3455],[83.3952,21.3424],[83.3838,21.3467],[83.382,21.3434],[83.3418,21.3591],[83.3265,21.3615],[83.3168,21.3679],[83.3089,21.3711],[83.2945,21.3747],[83.2886,21.3784],[83.2834,21.3792],[83.2772,21.3783],[83.2729,21.3769],[83.248,21.3825],[83.2461,21.381],[83.2392,21.3797],[83.2288,21.3803],[83.2257,21.3817],[83.2248,21.3877],[83.2228,21.3905],[83.2192,21.3937],[83.2113,21.3965],[83.2059,21.397],[83.1989,21.3853],[83.1966,21.383],[83.193,21.3811],[83.1927,21.3824],[83.1944,21.3877],[83.1939,21.3927],[83.1913,21.3955],[83.1836,21.3996],[83.1793,21.3923],[83.1732,21.385],[83.1603,21.3757],[83.1566,21.3715],[83.1541,21.366],[83.1485,21.3635],[83.1471,21.3645],[83.1443,21.3688],[83.1371,21.3751],[83.1336,21.3793],[83.1358,21.3922],[83.1335,21.3974],[83.1323,21.3987],[83.1274,21.3991],[83.1225,21.4004],[83.1183,21.4075],[83.1175,21.41],[83.1175,21.413],[83.1258,21.4147],[83.1276,21.4164],[83.1273,21.4183],[83.1235,21.4208],[83.111,21.4269],[83.1052,21.4257],[83.099,21.4261],[83.0891,21.4305],[83.0657,21.4326],[83.0607,21.4348],[83.0542,21.4414],[83.0529,21.445],[83.0527,21.4476],[83.0552,21.4526],[83.0555,21.4555],[83.0549,21.4652],[83.0529,21.4726],[83.0498,21.478],[83.0484,21.4795],[83.0415,21.4804],[83.0273,21.4861],[83.0228,21.4871],[83.0191,21.4866],[83.0163,21.4737],[83.0171,21.4696],[83.0158,21.4678],[83.0135,21.467],[83.0102,21.4625],[83.0058,21.4587],[83,21.4576],[82.9943,21.4643],[82.9894,21.4661],[82.9813,21.4737],[82.9767,21.4755],[82.968,21.4709],[82.9622,21.485],[82.9576,21.4913],[82.9478,21.4935],[82.9397,21.4931],[82.9346,21.4944],[82.9346,21.4945],[82.9326,21.5013],[82.9327,21.509],[82.9291,21.5301],[82.929,21.5349],[82.9266,21.5429],[82.927,21.5513],[82.9305,21.557],[82.9403,21.5635],[82.9441,21.5683],[82.9455,21.5783],[82.965,21.6058],[82.9684,21.6122],[82.9734,21.6167],[82.9738,21.6222],[82.9754,21.6272],[82.9838,21.6358],[82.9845,21.6418],[82.982,21.6515],[82.9813,21.6571],[82.979,21.6614],[82.9779,21.6679],[82.9689,21.6865],[82.9542,21.6864],[82.9515,21.7009],[82.9503,21.7115],[82.9513,21.7218],[82.9728,21.7204],[82.9885,21.725],[82.9999,21.7311],[83.0042,21.7333],[83.0097,21.7349],[83.0193,21.7368],[83.028,21.7373],[83.0411,21.734],[83.0651,21.7216],[83.0756,21.7176],[83.0891,21.7139],[83.0956,21.7139],[83.1051,21.7153],[83.117,21.7191],[83.1224,21.7193],[83.1482,21.716],[83.1695,21.7154],[83.1862,21.7124],[83.2316,21.7014],[83.2374,21.7011],[83.2544,21.6961],[83.2691,21.69],[83.2806,21.6861],[83.2997,21.6805],[83.3059,21.679],[83.3138,21.6783],[83.3196,21.6806],[83.3208,21.6905],[83.3185,21.6949],[83.3153,21.697],[83.3132,21.6994],[83.3127,21.7013],[83.3053,21.7034],[83.3008,21.7028],[83.283,21.7053],[83.2779,21.7076],[83.27,21.7123],[83.2675,21.7162],[83.2667,21.7214],[83.2651,21.7227],[83.2627,21.7231],[83.2615,21.7245],[83.2609,21.7263],[83.2619,21.7283],[83.2689,21.731],[83.2701,21.7329],[83.2698,21.7352],[83.2616,21.7484],[83.2534,21.7492],[83.2507,21.7511],[83.2438,21.7665],[83.2409,21.7748],[83.2409,21.7834],[83.2401,21.7899],[83.2289,21.7916],[83.2259,21.793],[83.2232,21.7989],[83.2134,21.8066],[83.2102,21.8118],[83.2103,21.817],[83.214,21.8254],[83.2207,21.8287],[83.2235,21.8311],[83.2246,21.8333],[83.2193,21.8367],[83.2091,21.8407],[83.1892,21.8429],[83.1862,21.8436],[83.1841,21.8452],[83.1839,21.8507],[83.1867,21.857],[83.1917,21.8594],[83.2034,21.8629],[83.2061,21.8646],[83.2074,21.8661],[83.2072,21.8704],[83.2088,21.879],[83.2121,21.8797],[83.2194,21.8832],[83.2173,21.8895],[83.218,21.8935],[83.2193,21.8944],[83.2172,21.896],[83.2167,21.8981],[83.2178,21.8998],[83.2178,21.9028],[83.2093,21.9061],[83.2107,21.9076],[83.2047,21.9115],[83.2021,21.9175],[83.1999,21.9179],[83.1921,21.9221],[83.1898,21.921],[83.1837,21.9224],[83.1797,21.9161],[83.1772,21.9161],[83.1748,21.9146],[83.1737,21.9161],[83.1724,21.9164],[83.166,21.9161],[83.1627,21.917],[83.162,21.9159],[83.1552,21.9145],[83.1533,21.9121],[83.1519,21.9115],[83.1496,21.9139],[83.1421,21.9185],[83.1404,21.9211],[83.1398,21.926],[83.1352,21.9259],[83.1317,21.9285],[83.1305,21.9284],[83.1292,21.9263],[83.1225,21.9276],[83.1171,21.9314],[83.1113,21.9409],[83.1095,21.9447],[83.1089,21.948],[83.1038,21.9545],[83.098,21.9643],[83.0936,21.9726],[83.0772,21.9732],[83.0654,21.973],[83.0634,21.972],[83.0632,21.9691],[83.0616,21.9664],[83.0509,21.9645],[83.0467,21.9649],[83.0378,21.9632],[83.0318,21.9632],[83.0257,21.9664],[83.0225,21.9672],[83.0079,21.9635],[83.0053,21.9655],[83.0043,21.9695],[83.0032,21.971],[83.0022,21.9713],[83.0025,21.9781],[83.0032,21.9803],[83.0042,21.9866],[83.0085,21.9859],[83.0134,21.9865],[83.0156,21.9892],[83.0175,21.9933],[83.0208,21.9936],[83.0216,21.9943],[83.0222,21.9996],[83.0502,22.0034],[83.0413,22.0054],[83.0283,22.0065],[83.0244,22.0078],[83.0219,22.0116],[83.0216,22.0159],[83.0192,22.0218],[83.0182,22.0229],[83.0119,22.0254],[83.008,22.0281],[83.0093,22.0305],[83.0185,22.0371],[83.0332,22.0545],[83.0303,22.0584],[83.0203,22.0535],[83.0157,22.055],[83.0141,22.0591],[83.0134,22.0644],[83.0151,22.0701],[83.015,22.0738],[83.0044,22.0791],[82.9997,22.0832],[82.9879,22.0874],[82.9749,22.0942],[82.9684,22.0988],[82.9593,22.1089],[82.9445,22.1189],[82.9409,22.122],[82.9409,22.1221],[82.9398,22.1286],[82.9414,22.131],[82.9445,22.1409],[82.9468,22.1455],[82.9524,22.1459],[82.9619,22.1441],[82.9631,22.1471],[82.9633,22.1522],[82.9689,22.1624],[82.9753,22.165],[82.981,22.1661],[82.9865,22.166],[82.9943,22.1638],[82.999,22.1652],[83.0044,22.1656],[83.0151,22.1694],[83.0254,22.1684],[83.0305,22.169],[83.0338,22.1737],[83.0383,22.1839],[83.0426,22.1909],[83.053,22.1989],[83.0542,22.2047],[83.053,22.2179],[83.0508,22.2275],[83.0483,22.2327],[83.0385,22.2392],[83.036,22.2451],[83.0378,22.2493],[83.0493,22.255],[83.0584,22.2581],[83.0617,22.262],[83.0593,22.2684],[83.0543,22.2746],[83.054,22.2793],[83.0552,22.284],[83.0586,22.2892],[83.0644,22.2942],[83.0716,22.305],[83.0767,22.3079],[83.0828,22.3138],[83.0849,22.3179],[83.0836,22.3346],[83.0853,22.3401],[83.0898,22.3474],[83.1066,22.359],[83.1109,22.3647],[83.1097,22.3698],[83.1063,22.3737],[83.1045,22.3782],[83.1041,22.3824],[83.1059,22.384],[83.1097,22.3851],[83.1112,22.3881],[83.1112,22.3929],[83.1103,22.3968],[83.1117,22.4169],[83.1161,22.4202],[83.114,22.4235],[83.1047,22.428],[83.1007,22.4265],[83.0983,22.4267],[83.0956,22.4306],[83.0931,22.4418],[83.0929,22.4482],[83.0975,22.4582],[83.0946,22.4626],[83.0906,22.4666],[83.089,22.4737],[83.092,22.4891],[83.0941,22.4944],[83.0974,22.4984],[83.1022,22.5024],[83.1089,22.5111],[83.1088,22.5196],[83.1073,22.5281],[83.1088,22.5382],[83.1027,22.5566],[83.098,22.5657],[83.0942,22.5757],[83.0966,22.5856],[83.0997,22.5945],[83.1007,22.606],[83.0977,22.6232],[83.0992,22.6323],[83.1015,22.6352],[83.1061,22.6392],[83.1205,22.6459],[83.1245,22.6514],[83.1245,22.6602],[83.121,22.6698],[83.1174,22.6751],[83.1144,22.6769],[83.114,22.6778],[83.1122,22.682],[83.1121,22.6852],[83.1146,22.6884],[83.1244,22.6975],[83.1259,22.7027],[83.1247,22.7076],[83.1212,22.7149],[83.1202,22.723],[83.122,22.7274],[83.1238,22.7285],[83.1258,22.7298],[83.1379,22.7347],[83.1455,22.7363],[83.1501,22.7365],[83.1548,22.7383],[83.1554,22.739],[83.158,22.7421],[83.1599,22.7466],[83.1606,22.7579],[83.1625,22.7681],[83.1655,22.7725],[83.1672,22.7735],[83.1795,22.7807],[83.191,22.7861],[83.1944,22.7867],[83.1963,22.7831],[83.2009,22.7827],[83.2177,22.7901],[83.2223,22.7907],[83.2231,22.7869],[83.2253,22.7855]]],[[[83.0208,22.2348],[83.0187,22.2341],[83.007,22.2335],[82.9982,22.2351],[82.9894,22.2344],[82.987,22.2363],[82.9865,22.2403],[82.9931,22.2482],[82.9981,22.2486],[82.9997,22.2503],[83.0065,22.2563],[83.0115,22.2531],[83.0162,22.2475],[83.0216,22.2394],[83.0223,22.2369],[83.0208,22.2348]]]]},"properties":{"district_name":"Raigarh","raw_district_name":"Raigarh","state_code":"CT","state_name":"Chhattisgarh","census_code":403,"data_source":"DataMeet India Maps (Census 2011 Boundaries)"}},{"type":"Feature","geometry":{"type":"Polygon","coordinates":[[[82.4396,21.7376],[82.4409,21.7393],[82.4455,21.743],[82.4542,21.7411],[82.4645,21.7338],[82.472,21.7298],[82.4813,21.7262],[82.4907,21.7258],[82.5006,21.7298],[82.512,21.7331],[82.5272,21.7346],[82.5416,21.7375],[82.5515,21.7361],[82.5734,21.722],[82.59,21.7149],[82.6001,21.7128],[82.6103,21.7176],[82.6187,21.7257],[82.6292,21.7294],[82.6354,21.7276],[82.6429,21.7229],[82.6579,21.7103],[82.6652,21.7092],[82.6712,21.7115],[82.6835,21.7196],[82.6919,21.7241],[82.7038,21.727],[82.7149,21.7264],[82.7261,21.7246],[82.7373,21.721],[82.7461,21.7193],[82.7743,21.7191],[82.7859,21.7223],[82.7954,21.7227],[82.8115,21.7142],[82.8349,21.702],[82.8556,21.6927],[82.8666,21.6886],[82.8785,21.689],[82.8904,21.6918],[82.9066,21.698],[82.9207,21.7063],[82.9408,21.7196],[82.9513,21.7218],[82.9503,21.7115],[82.9515,21.7009],[82.9542,21.6864],[82.9689,21.6865],[82.9779,21.6679],[82.979,21.6614],[82.9813,21.6571],[82.982,21.6515],[82.9845,21.6418],[82.9838,21.6358],[82.9754,21.6272],[82.9738,21.6222],[82.9734,21.6167],[82.9684,21.6122],[82.965,21.6058],[82.9455,21.5783],[82.9441,21.5683],[82.9403,21.5635],[82.9305,21.557],[82.927,21.5513],[82.9266,21.5429],[82.929,21.5349],[82.9291,21.5301],[82.9327,21.509],[82.9326,21.5013],[82.9346,21.4945],[82.9346,21.4944],[82.9315,21.4925],[82.9282,21.4903],[82.9201,21.4879],[82.9159,21.4927],[82.9132,21.4974],[82.9094,21.5043],[82.9043,21.5159],[82.9024,21.5201],[82.8981,21.5244],[82.8971,21.5292],[82.8884,21.5403],[82.8843,21.5445],[82.8807,21.5481],[82.8759,21.5504],[82.8686,21.5482],[82.8627,21.5464],[82.8523,21.5399],[82.843,21.539],[82.8378,21.5362],[82.8358,21.5309],[82.8313,21.5263],[82.8244,21.5285],[82.8224,21.5262],[82.8232,21.5198],[82.8284,21.5069],[82.8282,21.5014],[82.8209,21.5026],[82.8066,21.5066],[82.7962,21.5071],[82.7918,21.5065],[82.7855,21.5088],[82.7724,21.5195],[82.763,21.5143],[82.7518,21.5036],[82.733,21.4898],[82.6901,21.4812],[82.6985,21.4497],[82.6999,21.437],[82.7022,21.4077],[82.7023,21.403],[82.6995,21.3934],[82.7005,21.3844],[82.7044,21.372],[82.7025,21.3632],[82.7027,21.345],[82.6992,21.3299],[82.6893,21.3298],[82.6793,21.3286],[82.663,21.3349],[82.6505,21.3456],[82.6491,21.3478],[82.643,21.3438],[82.6345,21.3405],[82.6148,21.3386],[82.6107,21.3369],[82.6064,21.3358],[82.6016,21.3353],[82.5947,21.3351],[82.5928,21.3349],[82.5868,21.333],[82.582,21.3293],[82.5764,21.3258],[82.5689,21.322],[82.5666,21.3209],[82.5595,21.3193],[82.5536,21.3191],[82.5499,21.3199],[82.5418,21.3223],[82.5366,21.3255],[82.533,21.3281],[82.5312,21.3266],[82.5211,21.3176],[82.5142,21.315],[82.5055,21.3133],[82.4977,21.3141],[82.4956,21.3143],[82.4866,21.3174],[82.4758,21.3252],[82.4728,21.3213],[82.4655,21.3229],[82.4669,21.3079],[82.479,21.2948],[82.4729,21.2933],[82.469,21.2942],[82.4614,21.2939],[82.4597,21.2891],[82.4574,21.2762],[82.4509,21.2755],[82.4459,21.2801],[82.4418,21.2819],[82.4416,21.2893],[82.449,21.2971],[82.4479,21.3018],[82.4422,21.3054],[82.4339,21.3071],[82.4263,21.3076],[82.417,21.3041],[82.4012,21.2935],[82.3976,21.2885],[82.395,21.2772],[82.3944,21.2654],[82.3867,21.2616],[82.3805,21.2688],[82.375,21.2735],[82.3667,21.2743],[82.3604,21.266],[82.356,21.2659],[82.3521,21.2645],[82.348,21.2668],[82.3497,21.2725],[82.3541,21.2762],[82.3538,21.2817],[82.3472,21.2825],[82.3386,21.2812],[82.3355,21.283],[82.3316,21.2883],[82.3257,21.2909],[82.3184,21.2898],[82.3155,21.2794],[82.3014,21.2788],[82.3007,21.2677],[82.2905,21.2698],[82.2815,21.2724],[82.2787,21.2819],[82.2793,21.2868],[82.2794,21.2969],[82.2675,21.2992],[82.2638,21.3056],[82.2608,21.3089],[82.2575,21.3095],[82.2538,21.3102],[82.2461,21.3128],[82.2464,21.3146],[82.2494,21.3177],[82.2543,21.3208],[82.2602,21.3261],[82.2573,21.3405],[82.2577,21.3458],[82.2572,21.3527],[82.2468,21.3645],[82.2511,21.3683],[82.2559,21.3755],[82.2621,21.3825],[82.2696,21.3845],[82.2786,21.3838],[82.2788,21.3896],[82.2789,21.393],[82.2769,21.4005],[82.2736,21.4035],[82.2709,21.4057],[82.267,21.4082],[82.2639,21.4118],[82.2588,21.4142],[82.2525,21.4173],[82.25,21.4256],[82.2535,21.4325],[82.2507,21.434],[82.2416,21.4331],[82.2356,21.4256],[82.2291,21.4158],[82.2235,21.4099],[82.2165,21.4013],[82.2053,21.3835],[82.1978,21.381],[82.1915,21.377],[82.1942,21.3777],[82.1918,21.3711],[82.1892,21.3661],[82.1815,21.3577],[82.1803,21.3485],[82.1721,21.3376],[82.17,21.3348],[82.1662,21.3276],[82.1617,21.3254],[82.1544,21.3219],[82.147,21.3129],[82.1416,21.3064],[82.1352,21.3008],[82.1281,21.2959],[82.122,21.2927],[82.1186,21.2909],[82.1079,21.288],[82.0962,21.2835],[82.0834,21.2786],[82.0765,21.276],[82.0684,21.271],[82.0543,21.2577],[82.031,21.2357],[82.0276,21.2325],[82.0238,21.2272],[82.0197,21.2192],[82.0208,21.1885],[82.0207,21.1833],[82.0193,21.1726],[82.016,21.1611],[82.0109,21.1508],[82.0073,21.1452],[82.0025,21.1419],[82.0007,21.1368],[81.9985,21.1319],[81.9966,21.1219],[81.9957,21.1067],[82.0077,21.0866],[82.0757,21.0488],[82.0812,21.0443],[82.0853,21.0414],[82.0903,21.0386],[82.0927,21.0368],[82.0968,21.0326],[82.1033,21.0278],[82.1134,21.0253],[82.1232,21.0236],[82.1286,21.0207],[82.1353,21.0188],[82.1478,21.0178],[82.1548,21.0169],[82.161,21.0177],[82.1614,21.016],[82.164,21.0134],[82.1668,21.0036],[82.1676,21.0005],[82.1717,20.992],[82.1738,20.9851],[82.1759,20.9711],[82.1813,20.9659],[82.1871,20.965],[82.1912,20.9498],[82.1922,20.9475],[82.1994,20.9408],[82.2102,20.9386],[82.2188,20.9351],[82.2247,20.935],[82.2259,20.9371],[82.2264,20.9416],[82.2239,20.949],[82.2275,20.9501],[82.2435,20.9453],[82.248,20.942],[82.271,20.9385],[82.2844,20.9353],[82.2856,20.933],[82.286,20.9313],[82.2853,20.9221],[82.2851,20.919],[82.2856,20.9162],[82.2886,20.9129],[82.2938,20.9104],[82.3023,20.9065],[82.3068,20.9028],[82.311,20.8975],[82.3153,20.8931],[82.3178,20.8889],[82.3209,20.8861],[82.3245,20.8836],[82.3347,20.8833],[82.3412,20.883],[82.3471,20.8802],[82.3493,20.8733],[82.3493,20.8732],[82.3486,20.8712],[82.3443,20.8525],[82.3414,20.8438],[82.343,20.8311],[82.3405,20.8229],[82.3431,20.8007],[82.3462,20.7935],[82.3443,20.7826],[82.3425,20.7619],[82.3478,20.7501],[82.3533,20.7322],[82.3468,20.7292],[82.3544,20.7177],[82.3517,20.713],[82.3507,20.7023],[82.353,20.6984],[82.3587,20.6816],[82.3617,20.6786],[82.3681,20.6754],[82.3726,20.6673],[82.3732,20.6647],[82.3697,20.6541],[82.3712,20.6432],[82.375,20.6332],[82.3757,20.6277],[82.3738,20.6239],[82.3656,20.6188],[82.3641,20.615],[82.3653,20.6129],[82.3633,20.6071],[82.3554,20.6053],[82.3529,20.6016],[82.3461,20.598],[82.3458,20.5945],[82.3451,20.5886],[82.35,20.5789],[82.3481,20.5734],[82.3446,20.5689],[82.3398,20.566],[82.3353,20.5657],[82.3349,20.5616],[82.3338,20.5603],[82.3319,20.5604],[82.3315,20.5576],[82.3352,20.553],[82.3435,20.547],[82.3497,20.5414],[82.3562,20.5267],[82.366,20.5201],[82.3774,20.5178],[82.3879,20.5137],[82.3888,20.5116],[82.3887,20.5057],[82.3912,20.4866],[82.3936,20.4794],[82.3926,20.4744],[82.3971,20.4693],[82.3975,20.4633],[82.3956,20.4565],[82.4048,20.4559],[82.4139,20.4701],[82.4175,20.4772],[82.4236,20.4701],[82.4268,20.4613],[82.4268,20.4496],[82.4252,20.4423],[82.4331,20.4404],[82.4352,20.4361],[82.4366,20.4298],[82.4304,20.4224],[82.4318,20.4142],[82.4252,20.4097],[82.4174,20.4068],[82.4202,20.3923],[82.4181,20.3866],[82.4179,20.3813],[82.4106,20.3694],[82.41,20.3655],[82.4054,20.36],[82.4054,20.3509],[82.4019,20.3443],[82.4013,20.3397],[82.4063,20.3358],[82.4078,20.3335],[82.408,20.3289],[82.4147,20.3263],[82.4238,20.3212],[82.4299,20.3139],[82.4315,20.3008],[82.4359,20.2942],[82.4367,20.2873],[82.4356,20.2829],[82.4283,20.2769],[82.4198,20.2742],[82.4126,20.2678],[82.4129,20.2602],[82.4216,20.2459],[82.4159,20.246],[82.4118,20.244],[82.4148,20.232],[82.4157,20.225],[82.4203,20.2219],[82.4212,20.2177],[82.4206,20.2124],[82.4211,20.2067],[82.4152,20.1986],[82.4133,20.1835],[82.398,20.1718],[82.3908,20.165],[82.3947,20.1534],[82.3865,20.1491],[82.3898,20.1427],[82.3941,20.1379],[82.3953,20.1315],[82.3983,20.1236],[82.4002,20.1128],[82.4022,20.0938],[82.4002,20.078],[82.3979,20.0689],[82.3984,20.0643],[82.4033,20.0537],[82.4138,20.051],[82.4247,20.0501],[82.4324,20.0483],[82.4395,20.0437],[82.449,20.0401],[82.4591,20.0401],[82.4659,20.0387],[82.4717,20.0364],[82.4783,20.0368],[82.4835,20.0349],[82.4892,20.0294],[82.4976,20.0234],[82.5097,20.0184],[82.5318,20.0154],[82.5396,20.0172],[82.5512,20.0171],[82.5835,20.004],[82.5863,20.0006],[82.59,19.995],[82.606,19.9907],[82.622,19.992],[82.6263,19.9966],[82.6285,20.0006],[82.6312,20.0027],[82.6393,20.0051],[82.6438,20.0034],[82.6495,20.003],[82.6581,20.0045],[82.6886,20.0006],[82.694,19.9998],[82.6999,19.9976],[82.7048,19.9978],[82.7056,19.9979],[82.7082,19.998],[82.7151,19.9954],[82.7185,19.9884],[82.717,19.9519],[82.7192,19.9497],[82.7182,19.9447],[82.7141,19.9388],[82.7139,19.9321],[82.7119,19.9236],[82.7135,19.9165],[82.708,19.9119],[82.7091,19.9061],[82.7081,19.8986],[82.7103,19.8912],[82.714,19.8839],[82.717,19.8755],[82.7251,19.8762],[82.7215,19.8675],[82.7186,19.854],[82.7123,19.85],[82.7135,19.8435],[82.7103,19.8365],[82.7061,19.8323],[82.6982,19.8312],[82.691,19.8292],[82.6768,19.8306],[82.6677,19.8292],[82.6617,19.831],[82.6534,19.8308],[82.6494,19.8191],[82.6439,19.8134],[82.6366,19.8092],[82.635,19.8016],[82.6306,19.7948],[82.6265,19.7916],[82.6158,19.7906],[82.6109,19.789],[82.6067,19.7867],[82.6059,19.7806],[82.6028,19.7785],[82.5927,19.7765],[82.589,19.7781],[82.5861,19.7813],[82.5856,19.785],[82.5869,19.7901],[82.5855,19.7932],[82.5854,19.7977],[82.5869,19.8026],[82.5792,19.8074],[82.5807,19.8109],[82.5795,19.813],[82.5815,19.829],[82.5789,19.8277],[82.5794,19.8331],[82.5818,19.8373],[82.5866,19.8419],[82.5911,19.8436],[82.5891,19.8458],[82.5934,19.8517],[82.5974,19.8535],[82.5991,19.8577],[82.605,19.8658],[82.6011,19.8698],[82.5984,19.8715],[82.5852,19.8687],[82.5744,19.877],[82.5625,19.8747],[82.5585,19.8798],[82.5548,19.8785],[82.5519,19.8742],[82.544,19.8821],[82.5375,19.8873],[82.5307,19.878],[82.5256,19.8815],[82.52,19.8893],[82.5099,19.8876],[82.5061,19.8903],[82.5052,19.9002],[82.5019,19.9025],[82.4945,19.9016],[82.4833,19.9056],[82.4757,19.9045],[82.4732,19.9017],[82.466,19.8997],[82.45,19.908],[82.4471,19.9079],[82.4399,19.9045],[82.4326,19.9026],[82.4285,19.9034],[82.4215,19.9015],[82.4181,19.8984],[82.408,19.8938],[82.4046,19.8896],[82.3964,19.8868],[82.3938,19.8819],[82.3856,19.8737],[82.3849,19.868],[82.3757,19.8595],[82.3661,19.8619],[82.3637,19.8602],[82.365,19.8545],[82.3639,19.8517],[82.3471,19.835],[82.3344,19.8434],[82.3328,19.8455],[82.329,19.8569],[82.3256,19.8641],[82.3059,19.8884],[82.3029,19.9038],[82.2909,19.9229],[82.2771,19.95],[82.2762,19.9627],[82.2693,19.9763],[82.2662,19.9764],[82.2603,19.9812],[82.2409,20.0005],[82.2382,20.0027],[82.232,20.0005],[82.227,19.9981],[82.2219,19.9979],[82.2182,19.9954],[82.2119,19.985],[82.2014,19.9859],[82.1918,19.9857],[82.1861,19.9827],[82.1834,19.9901],[82.1736,20.0004],[82.1734,20.0027],[82.1632,20.0068],[82.1559,20.0075],[82.1393,20.0172],[82.136,20.0171],[82.129,20.0143],[82.1237,20.0149],[82.1131,20.0222],[82.1103,20.0253],[82.1053,20.0278],[82.1028,20.0312],[82.1007,20.0371],[82.097,20.0389],[82.0906,20.0371],[82.0839,20.0484],[82.0774,20.0524],[82.0655,20.0542],[82.0565,20.0396],[82.0463,20.0332],[82.0386,20.0272],[82.0391,20.021],[82.0383,20.0194],[82.032,20.0144],[82.0223,20.0238],[82.0231,20.0311],[82.022,20.0346],[82.0219,20.0407],[82.0203,20.0453],[82.0175,20.0491],[82.0241,20.0545],[82.0235,20.0612],[82.024,20.0637],[82.0265,20.067],[82.0286,20.0715],[82.0312,20.0773],[82.0353,20.0982],[82.0426,20.0959],[82.0625,20.105],[82.0666,20.1058],[82.0732,20.1032],[82.0789,20.1024],[82.0941,20.1018],[82.1028,20.1042],[82.1087,20.1108],[82.1109,20.1157],[82.1122,20.1215],[82.1127,20.1279],[82.1143,20.1329],[82.1183,20.1358],[82.1209,20.1354],[82.1213,20.1383],[82.1241,20.1384],[82.125,20.1398],[82.1294,20.1418],[82.1361,20.1468],[82.1334,20.1556],[82.1354,20.1709],[82.1342,20.1799],[82.1355,20.1863],[82.1481,20.219],[82.1501,20.2209],[82.1552,20.2225],[82.1581,20.2269],[82.1602,20.2281],[82.1628,20.2283],[82.1645,20.2328],[82.1625,20.2368],[82.1685,20.2454],[82.1709,20.2487],[82.1739,20.2547],[82.1747,20.2591],[82.166,20.2591],[82.1571,20.2677],[82.1515,20.2813],[82.1426,20.2865],[82.1331,20.2878],[82.1154,20.2872],[82.1083,20.2893],[82.1016,20.3072],[82.096,20.3196],[82.0906,20.3248],[82.0855,20.3278],[82.0842,20.3296],[82.0865,20.335],[82.0864,20.3379],[82.0885,20.3457],[82.0815,20.3612],[82.0803,20.3671],[82.085,20.3772],[82.0848,20.3812],[82.0815,20.3842],[82.0803,20.3873],[82.0806,20.3912],[82.0837,20.3969],[82.0831,20.4125],[82.0779,20.4175],[82.0755,20.4211],[82.0755,20.4291],[82.0726,20.4327],[82.065,20.4363],[82.0639,20.4399],[82.0638,20.447],[82.0607,20.4492],[82.0557,20.4587],[82.0542,20.4633],[82.0565,20.4727],[82.0566,20.4779],[82.0517,20.4839],[82.0514,20.4875],[82.0498,20.4899],[82.0495,20.4933],[82.0503,20.4973],[82.0494,20.5019],[82.0427,20.5033],[82.0415,20.505],[82.0405,20.5094],[82.0379,20.5118],[82.037,20.5176],[82.033,20.5213],[82.0231,20.526],[82.0215,20.5289],[82.0206,20.5458],[82.0188,20.5573],[82.0181,20.5771],[82.0121,20.5911],[82.0072,20.6068],[82.003,20.6164],[82.0005,20.6251],[81.998,20.6256],[81.997,20.6275],[81.9963,20.6347],[81.9975,20.6396],[82.0008,20.6457],[82.0041,20.6495],[82.0092,20.6634],[82.0144,20.6696],[82.0148,20.6725],[82.013,20.6751],[82.0023,20.6831],[81.9999,20.6863],[81.9948,20.6905],[81.9847,20.7016],[81.9837,20.7045],[81.9855,20.7185],[81.984,20.7225],[81.9831,20.7236],[81.9806,20.7262],[81.9726,20.7297],[81.9412,20.7371],[81.9378,20.7384],[81.9351,20.7403],[81.9289,20.746],[81.9271,20.7486],[81.9262,20.7569],[81.9268,20.7663],[81.926,20.7704],[81.9171,20.7817],[81.9131,20.7846],[81.9111,20.7905],[81.9247,20.8068],[81.9261,20.8097],[81.9265,20.8138],[81.924,20.8188],[81.9133,20.8268],[81.9078,20.8332],[81.9051,20.8421],[81.9038,20.8494],[81.8922,20.8713],[81.892,20.8778],[81.8931,20.885],[81.8954,20.8919],[81.8942,20.9006],[81.8898,20.9053],[81.8855,20.9082],[81.8804,20.9158],[81.8783,20.9296],[81.8784,20.9322],[81.8784,20.9422],[81.878,20.9624],[81.8665,20.9589],[81.8647,20.9575],[81.8606,20.9466],[81.8562,20.9425],[81.8497,20.94],[81.8424,20.9392],[81.838,20.9398],[81.8251,20.9475],[81.8182,20.9458],[81.8166,20.9493],[81.8172,20.9518],[81.7839,20.9703],[81.7757,20.9811],[81.7701,20.9828],[81.7664,20.9848],[81.7654,20.9917],[81.7613,20.9973],[81.7604,21.0004],[81.7565,21.0064],[81.7518,21.0102],[81.7397,21.0128],[81.7357,21.0126],[81.7234,21.0091],[81.7203,21.009],[81.7189,21.0099],[81.7143,21.0165],[81.7112,21.0171],[81.7085,21.0162],[81.7039,21.0119],[81.6993,21.0039],[81.6963,21.0029],[81.6928,21.0038],[81.6895,21.001],[81.6871,20.9981],[81.6821,20.998],[81.6754,20.9994],[81.6717,20.9988],[81.6622,20.999],[81.6597,20.9985],[81.6565,21.0007],[81.6534,21.0041],[81.6474,21.0091],[81.6359,21.01],[81.6338,21.0114],[81.632,21.0137],[81.6256,21.0168],[81.6223,21.0201],[81.6147,21.0236],[81.613,21.0244],[81.6139,21.0258],[81.609,21.0304],[81.6043,21.0374],[81.6012,21.0403],[81.5895,21.0442],[81.5879,21.0462],[81.5887,21.0505],[81.5988,21.0517],[81.6047,21.0543],[81.6091,21.0571],[81.6097,21.0614],[81.6071,21.0657],[81.6034,21.0669],[81.5946,21.068],[81.591,21.0693],[81.5839,21.072],[81.5809,21.0739],[81.5799,21.0762],[81.5806,21.0864],[81.5783,21.0947],[81.5815,21.1002],[81.5822,21.106],[81.5833,21.108],[81.5842,21.124],[81.5879,21.1316],[81.5923,21.1359],[81.5969,21.1428],[81.6067,21.1494],[81.6067,21.1596],[81.61,21.1612],[81.6248,21.1619],[81.619,21.1717],[81.6154,21.1801],[81.6115,21.1862],[81.6073,21.1994],[81.6031,21.2062],[81.594,21.2126],[81.5875,21.2187],[81.5782,21.2222],[81.5738,21.2282],[81.5707,21.2357],[81.5671,21.2404],[81.5634,21.2419],[81.5516,21.2413],[81.5489,21.2423],[81.5466,21.2445],[81.5454,21.2472],[81.5443,21.2501],[81.5433,21.2585],[81.5458,21.2731],[81.5453,21.2758],[81.5445,21.2795],[81.5357,21.2979],[81.5348,21.3024],[81.537,21.3045],[81.546,21.3053],[81.549,21.3071],[81.551,21.3101],[81.5533,21.333],[81.5547,21.3351],[81.5579,21.3365],[81.565,21.3375],[81.5685,21.3377],[81.5741,21.3353],[81.5799,21.3344],[81.5857,21.3359],[81.5934,21.3431],[81.5966,21.3474],[81.5947,21.3573],[81.5962,21.3602],[81.6067,21.3634],[81.6097,21.3647],[81.612,21.3674],[81.6134,21.3735],[81.6112,21.3805],[81.6113,21.3837],[81.6165,21.3874],[81.6268,21.3877],[81.6295,21.3903],[81.6395,21.4042],[81.6391,21.4072],[81.634,21.4126],[81.6323,21.4163],[81.6332,21.4262],[81.6312,21.435],[81.6336,21.4425],[81.6333,21.4464],[81.6272,21.4546],[81.6254,21.4647],[81.6263,21.4684],[81.6321,21.4749],[81.631,21.4848],[81.632,21.5063],[81.6349,21.5115],[81.6457,21.5198],[81.6462,21.5268],[81.6444,21.5418],[81.6455,21.5456],[81.6524,21.5472],[81.6689,21.5457],[81.67,21.5483],[81.6703,21.5527],[81.6689,21.5654],[81.6715,21.5685],[81.6793,21.572],[81.6836,21.5757],[81.6862,21.5843],[81.694,21.5957],[81.6969,21.6007],[81.6985,21.6034],[81.7002,21.6109],[81.6994,21.6173],[81.6969,21.6213],[81.6898,21.6287],[81.6793,21.6363],[81.6689,21.6418],[81.664,21.646],[81.6614,21.6505],[81.6604,21.6557],[81.6623,21.6606],[81.6654,21.6625],[81.67,21.6617],[81.6742,21.6619],[81.6761,21.6643],[81.6785,21.6715],[81.6846,21.676],[81.6946,21.6795],[81.7062,21.6811],[81.7103,21.6828],[81.7189,21.6893],[81.7235,21.6943],[81.723,21.6972],[81.7256,21.7106],[81.7243,21.7133],[81.7197,21.7186],[81.7156,21.731],[81.7093,21.7375],[81.6995,21.7503],[81.7,21.7548],[81.7022,21.7594],[81.7084,21.7633],[81.7115,21.7637],[81.7192,21.7621],[81.7226,21.7623],[81.7328,21.7655],[81.7368,21.7656],[81.7395,21.7613],[81.74,21.7571],[81.7416,21.7521],[81.7451,21.7498],[81.7485,21.7492],[81.7619,21.7567],[81.7673,21.7637],[81.7731,21.7689],[81.7762,21.769],[81.7819,21.7662],[81.7872,21.7651],[81.7973,21.7693],[81.802,21.7704],[81.8075,21.7705],[81.8137,21.7642],[81.8207,21.7604],[81.8321,21.7609],[81.8491,21.7578],[81.8548,21.7598],[81.8629,21.7675],[81.8768,21.7699],[81.8796,21.7707],[81.8848,21.772],[81.8929,21.7749],[81.9009,21.7795],[81.9045,21.7825],[81.9135,21.7927],[81.9427,21.8151],[81.9438,21.8154],[81.9507,21.8227],[81.9526,21.8266],[81.9539,21.832],[81.9534,21.8371],[81.9553,21.8421],[81.9579,21.8459],[81.9714,21.8519],[81.9783,21.8533],[82,21.8541],[82.0047,21.8538],[82.0113,21.8545],[82.0238,21.8588],[82.0284,21.8621],[82.0346,21.8793],[82.0384,21.8837],[82.044,21.8836],[82.0531,21.8813],[82.0681,21.8704],[82.0756,21.8681],[82.089,21.8599],[82.0956,21.8587],[82.102,21.8563],[82.1075,21.8495],[82.1209,21.8369],[82.1257,21.8335],[82.1312,21.8344],[82.1539,21.8436],[82.1632,21.8461],[82.185,21.843],[82.1889,21.8385],[82.1895,21.836],[82.1875,21.8146],[82.1859,21.8083],[82.1876,21.7896],[82.193,21.7732],[82.2014,21.7631],[82.2063,21.7606],[82.2178,21.7566],[82.2911,21.7508],[82.2975,21.7455],[82.3002,21.7348],[82.3056,21.7255],[82.3162,21.7183],[82.3324,21.7124],[82.3448,21.7133],[82.3607,21.712],[82.3906,21.711],[82.4019,21.7126],[82.4117,21.7162],[82.4269,21.7249],[82.4341,21.7305],[82.4396,21.7376]]]},"properties":{"district_name":"Raipur","raw_district_name":"Raipur","state_code":"CT","state_name":"Chhattisgarh","census_code":410,"data_source":"DataMeet India Maps (Census 2011 Boundaries)"}},{"type":"Feature","geometry":{"type":"Polygon","coordinates":[[[81.1764,21.7032],[81.1764,21.7032],[81.1751,21.6961],[81.1771,21.6866],[81.1773,21.6814],[81.1755,21.6803],[81.1772,21.6769],[81.1781,21.6708],[81.1817,21.6668],[81.1828,21.6595],[81.1805,21.6432],[81.1825,21.64],[81.1915,21.6334],[81.1925,21.6304],[81.19,21.6288],[81.1861,21.628],[81.1788,21.6221],[81.1805,21.6131],[81.1794,21.6032],[81.1775,21.597],[81.1687,21.5902],[81.1604,21.5853],[81.1548,21.58],[81.1422,21.557],[81.141,21.554],[81.1408,21.5502],[81.1424,21.5463],[81.1489,21.5483],[81.1568,21.5445],[81.1593,21.5337],[81.1638,21.5269],[81.1681,21.5251],[81.1848,21.5212],[81.1915,21.5179],[81.1959,21.5143],[81.1921,21.5073],[81.1887,21.4955],[81.1847,21.4948],[81.1771,21.4957],[81.1606,21.5007],[81.1585,21.4969],[81.1597,21.4946],[81.1613,21.4853],[81.1638,21.4829],[81.168,21.482],[81.1804,21.4818],[81.1826,21.4805],[81.1794,21.4632],[81.181,21.4531],[81.1805,21.4485],[81.1793,21.444],[81.1732,21.4374],[81.1745,21.4277],[81.178,21.4149],[81.18,21.4108],[81.1866,21.4053],[81.1875,21.403],[81.1867,21.4],[81.1806,21.3981],[81.1835,21.3953],[81.1908,21.3927],[81.1929,21.3906],[81.1943,21.3857],[81.1949,21.3816],[81.1936,21.3661],[81.192,21.3603],[81.1887,21.3575],[81.1899,21.3464],[81.1917,21.3423],[81.1988,21.3345],[81.1976,21.3319],[81.1893,21.3319],[81.1876,21.3195],[81.1823,21.3177],[81.18,21.3151],[81.1781,21.3092],[81.1759,21.2968],[81.1684,21.2944],[81.1658,21.2921],[81.1636,21.2875],[81.1639,21.2814],[81.1653,21.2763],[81.1658,21.2576],[81.1648,21.2553],[81.1525,21.2447],[81.1521,21.2414],[81.1526,21.2401],[81.1612,21.2386],[81.1637,21.2368],[81.1623,21.2305],[81.1585,21.2286],[81.1549,21.2254],[81.1529,21.2221],[81.1516,21.2133],[81.1524,21.2106],[81.1554,21.2117],[81.1573,21.2153],[81.1615,21.2166],[81.1661,21.2165],[81.1703,21.2175],[81.179,21.2173],[81.1966,21.2215],[81.1993,21.2196],[81.1998,21.2139],[81.1976,21.2027],[81.1979,21.1988],[81.2071,21.1899],[81.2087,21.186],[81.2082,21.1763],[81.2105,21.1742],[81.2162,21.1715],[81.2173,21.1686],[81.2166,21.158],[81.2102,21.1433],[81.2093,21.1279],[81.2075,21.1263],[81.2046,21.1251],[81.202,21.1253],[81.198,21.1243],[81.1975,21.1206],[81.1987,21.1169],[81.1987,21.1132],[81.2046,21.1124],[81.2067,21.1088],[81.2072,21.1054],[81.2064,21.1027],[81.2039,21.101],[81.1978,21.0989],[81.1946,21.0967],[81.1895,21.0966],[81.185,21.0999],[81.1767,21.1036],[81.1686,21.1047],[81.1609,21.1013],[81.1551,21.0937],[81.1543,21.088],[81.1547,21.0796],[81.1508,21.0788],[81.1463,21.0768],[81.1426,21.0708],[81.1428,21.0668],[81.1467,21.0582],[81.1458,21.0558],[81.1385,21.0489],[81.1374,21.0409],[81.1325,21.035],[81.1323,21.0331],[81.1354,21.0304],[81.1356,21.0259],[81.1337,21.0215],[81.1297,21.0164],[81.1238,21.0126],[81.12,21.0073],[81.1161,21.0051],[81.1131,21.0048],[81.1077,21.0027],[81.1033,21.0031],[81.0992,21.0004],[81.0968,20.9988],[81.0951,20.9974],[81.0936,20.9959],[81.0821,20.9975],[81.076,20.9942],[81.0708,20.9927],[81.0533,20.9934],[81.0375,20.9953],[81.0263,20.9929],[81.0229,20.9938],[81.0172,20.9978],[81.0115,20.9983],[81,21],[80.9974,21.0016],[80.9951,21.0024],[80.9933,21.0029],[80.9924,21.0031],[80.9899,21.0049],[80.9872,21.0061],[80.9843,21.006],[80.982,21.0065],[80.9799,21.007],[80.9783,21.0073],[80.9761,21.0073],[80.9726,21.0067],[80.9724,21.0051],[80.9722,21.0036],[80.9685,21.0043],[80.9648,21.0047],[80.9611,21.0044],[80.957,21.0038],[80.955,21.0034],[80.9535,21.003],[80.9508,21.0018],[80.9514,21.0002],[80.9582,20.9902],[80.9577,20.9865],[80.9558,20.9827],[80.9529,20.9841],[80.9451,20.9806],[80.9419,20.9782],[80.9493,20.971],[80.9496,20.9676],[80.9493,20.9635],[80.9455,20.953],[80.9434,20.9501],[80.9451,20.9466],[80.9568,20.9499],[80.9611,20.9518],[80.9637,20.9506],[80.9645,20.9285],[80.972,20.9235],[80.9665,20.9181],[80.9656,20.9129],[80.9718,20.9013],[80.9821,20.8983],[80.9849,20.8907],[80.9913,20.8887],[80.9955,20.8859],[80.9953,20.8801],[80.9925,20.8785],[80.9917,20.8762],[80.9858,20.8677],[80.9811,20.8636],[80.9698,20.8579],[80.9657,20.8588],[80.9583,20.8565],[80.9524,20.8442],[80.955,20.8408],[80.9593,20.8387],[80.9631,20.8388],[80.9652,20.8374],[80.9683,20.8291],[80.9715,20.8263],[80.9759,20.829],[80.9785,20.8257],[80.9817,20.8182],[80.9799,20.813],[80.9768,20.8112],[80.974,20.8117],[80.9713,20.814],[80.9668,20.8211],[80.96,20.8251],[80.9573,20.8244],[80.9567,20.8222],[80.9584,20.8201],[80.9611,20.8213],[80.9622,20.8195],[80.9608,20.8171],[80.9524,20.8133],[80.9483,20.8079],[80.9443,20.8043],[80.9416,20.7977],[80.9375,20.7806],[80.9332,20.7806],[80.932,20.7768],[80.9286,20.777],[80.9244,20.7814],[80.9214,20.7825],[80.9111,20.7841],[80.9104,20.7808],[80.9079,20.7813],[80.9077,20.7823],[80.9059,20.7858],[80.9019,20.7878],[80.9013,20.7927],[80.9079,20.7941],[80.9074,20.8008],[80.9025,20.8031],[80.9004,20.8072],[80.8986,20.8073],[80.8909,20.7997],[80.8838,20.8039],[80.8737,20.7964],[80.8703,20.7873],[80.8586,20.779],[80.845,20.7709],[80.8263,20.7641],[80.8221,20.7619],[80.8203,20.7583],[80.8217,20.7499],[80.8204,20.746],[80.816,20.7395],[80.815,20.7354],[80.8097,20.7309],[80.8095,20.7254],[80.8055,20.7202],[80.8056,20.7166],[80.8099,20.7126],[80.8082,20.7104],[80.8122,20.706],[80.8133,20.702],[80.8139,20.6956],[80.8167,20.6905],[80.8222,20.6867],[80.8287,20.6854],[80.8613,20.6887],[80.855,20.6743],[80.856,20.6718],[80.8593,20.6685],[80.8635,20.6656],[80.8713,20.6665],[80.874,20.6655],[80.8823,20.6572],[80.8871,20.6552],[80.8919,20.6571],[80.8958,20.6624],[80.902,20.665],[80.9091,20.6653],[80.9139,20.6501],[80.9171,20.6486],[80.9205,20.6506],[80.9298,20.664],[80.9357,20.6669],[80.9429,20.6672],[80.9444,20.6653],[80.9446,20.663],[80.9451,20.6571],[80.9401,20.6439],[80.938,20.6319],[80.947,20.6294],[80.955,20.6258],[80.9599,20.621],[80.9619,20.6174],[80.9689,20.6186],[80.9769,20.615],[80.9848,20.6101],[80.9888,20.6101],[80.9927,20.5933],[80.9936,20.5765],[80.9856,20.5669],[80.9785,20.5561],[80.9676,20.5561],[80.9605,20.5526],[80.9535,20.5466],[80.9525,20.5394],[80.9544,20.5286],[80.9484,20.5214],[80.9443,20.5082],[80.9523,20.501],[80.9603,20.4985],[80.9682,20.4961],[80.9712,20.4865],[80.9721,20.4781],[80.9721,20.4721],[80.9651,20.4673],[80.9561,20.4661],[80.9461,20.4613],[80.948,20.4553],[80.949,20.4493],[80.946,20.4407],[80.942,20.44],[80.9377,20.4386],[80.9308,20.4341],[80.9243,20.4278],[80.9174,20.4172],[80.9108,20.4096],[80.9053,20.4018],[80.9029,20.3995],[80.8961,20.3975],[80.8929,20.3924],[80.8865,20.3852],[80.8764,20.3852],[80.8709,20.3845],[80.8664,20.3851],[80.8627,20.3882],[80.8603,20.3756],[80.8572,20.372],[80.8561,20.3692],[80.856,20.3649],[80.8517,20.3537],[80.8495,20.3497],[80.8453,20.3467],[80.8403,20.3468],[80.835,20.349],[80.8245,20.3566],[80.8223,20.3574],[80.8182,20.3577],[80.8151,20.3557],[80.8129,20.3534],[80.8233,20.344],[80.827,20.3394],[80.8263,20.331],[80.8273,20.3268],[80.8319,20.3241],[80.833,20.3186],[80.8324,20.3132],[80.8315,20.3085],[80.8285,20.3032],[80.8226,20.2969],[80.8182,20.2951],[80.8142,20.2946],[80.8048,20.289],[80.7954,20.2822],[80.7884,20.2812],[80.7839,20.2834],[80.7832,20.2886],[80.7784,20.2914],[80.7735,20.2914],[80.768,20.2899],[80.7639,20.2869],[80.7562,20.2903],[80.753,20.2882],[80.7503,20.2841],[80.7486,20.2733],[80.7381,20.2691],[80.7305,20.2669],[80.7301,20.262],[80.7311,20.257],[80.7322,20.2526],[80.7369,20.2442],[80.7387,20.2393],[80.7386,20.2345],[80.7371,20.2232],[80.7309,20.2123],[80.7304,20.2062],[80.7291,20.2024],[80.7245,20.1979],[80.7205,20.1921],[80.715,20.1878],[80.7093,20.1895],[80.6911,20.191],[80.6822,20.2011],[80.6776,20.211],[80.6716,20.2163],[80.6675,20.2218],[80.6633,20.2234],[80.6571,20.2245],[80.6527,20.22],[80.6481,20.2177],[80.6472,20.2143],[80.6471,20.2098],[80.6442,20.2025],[80.6359,20.1955],[80.6308,20.1938],[80.6279,20.1896],[80.6247,20.1874],[80.6199,20.1865],[80.6136,20.1821],[80.6103,20.1849],[80.5851,20.1752],[80.5806,20.1809],[80.5765,20.1842],[80.5698,20.1862],[80.5679,20.1798],[80.5712,20.1714],[80.5708,20.1673],[80.5718,20.1586],[80.5659,20.1341],[80.5602,20.1213],[80.5473,20.1123],[80.5427,20.1163],[80.5358,20.1199],[80.5337,20.1238],[80.5305,20.1269],[80.5251,20.1292],[80.5175,20.1293],[80.5105,20.1312],[80.505,20.1413],[80.4981,20.1438],[80.4899,20.1402],[80.4842,20.1409],[80.4737,20.145],[80.4656,20.1468],[80.4583,20.1471],[80.4548,20.1438],[80.4511,20.1326],[80.4465,20.1314],[80.4389,20.1336],[80.4339,20.1325],[80.4084,20.1417],[80.4007,20.1462],[80.3945,20.1538],[80.3914,20.1607],[80.3929,20.165],[80.3973,20.1684],[80.3988,20.1729],[80.3997,20.1796],[80.4015,20.1837],[80.4051,20.1856],[80.4109,20.1866],[80.4203,20.1897],[80.4209,20.1924],[80.4189,20.2044],[80.4167,20.2074],[80.4049,20.2149],[80.3949,20.2327],[80.3898,20.2438],[80.3931,20.2467],[80.4106,20.2498],[80.4159,20.2512],[80.4221,20.2543],[80.4265,20.2536],[80.4298,20.2547],[80.4442,20.2606],[80.4553,20.266],[80.4634,20.271],[80.4723,20.2737],[80.4828,20.2758],[80.5014,20.2769],[80.5178,20.2717],[80.5336,20.2869],[80.5428,20.2968],[80.5463,20.3025],[80.549,20.309],[80.5585,20.3136],[80.5912,20.3214],[80.6124,20.3224],[80.6137,20.3275],[80.6237,20.3279],[80.6248,20.3358],[80.6237,20.3397],[80.6177,20.3474],[80.6185,20.3515],[80.613,20.3585],[80.6132,20.3629],[80.6121,20.3682],[80.6079,20.3713],[80.6077,20.3747],[80.6092,20.3785],[80.6054,20.3827],[80.5971,20.3864],[80.5944,20.3899],[80.5929,20.3941],[80.593,20.3976],[80.5935,20.4027],[80.5967,20.4148],[80.5987,20.417],[80.6014,20.4227],[80.6068,20.4289],[80.6104,20.4352],[80.6084,20.4393],[80.6041,20.444],[80.6016,20.4484],[80.6086,20.4592],[80.6103,20.4644],[80.6119,20.4831],[80.6131,20.489],[80.6142,20.5058],[80.6138,20.5144],[80.6155,20.5181],[80.617,20.5338],[80.6197,20.5391],[80.6204,20.5434],[80.6172,20.5469],[80.6187,20.5528],[80.6169,20.5581],[80.6191,20.5614],[80.624,20.564],[80.6266,20.5691],[80.6212,20.5787],[80.6244,20.5828],[80.6215,20.587],[80.6198,20.5923],[80.6264,20.5996],[80.6293,20.6056],[80.6246,20.6079],[80.6159,20.6077],[80.6095,20.6091],[80.5994,20.6148],[80.5926,20.6158],[80.5856,20.6158],[80.5742,20.6141],[80.5659,20.6116],[80.5583,20.6007],[80.5367,20.5917],[80.5264,20.5863],[80.5188,20.5867],[80.507,20.5885],[80.504,20.5974],[80.4998,20.6057],[80.491,20.6135],[80.4884,20.6186],[80.4878,20.6251],[80.4884,20.6313],[80.4917,20.6367],[80.4965,20.6414],[80.5089,20.6507],[80.5145,20.6561],[80.5258,20.6633],[80.5324,20.6647],[80.5443,20.6655],[80.5543,20.6728],[80.5596,20.6746],[80.5737,20.6745],[80.5797,20.6758],[80.5852,20.6803],[80.587,20.6852],[80.5862,20.6915],[80.5846,20.6956],[80.5818,20.6999],[80.5708,20.7087],[80.5671,20.7132],[80.5628,20.724],[80.5614,20.7486],[80.5589,20.7549],[80.555,20.7605],[80.5524,20.7668],[80.5523,20.7836],[80.5502,20.7931],[80.5526,20.8027],[80.5558,20.8097],[80.5576,20.8168],[80.5628,20.821],[80.5617,20.8307],[80.5572,20.8469],[80.5575,20.8611],[80.5558,20.8693],[80.5566,20.8901],[80.553,20.9042],[80.5459,20.9222],[80.545,20.9272],[80.5487,20.935],[80.5421,20.9324],[80.5333,20.9332],[80.5175,20.9299],[80.5075,20.93],[80.4981,20.9289],[80.4896,20.9295],[80.4807,20.9284],[80.4721,20.9283],[80.4659,20.9292],[80.4623,20.9331],[80.4634,20.9383],[80.4556,20.9463],[80.4551,20.952],[80.4505,20.962],[80.4475,20.9664],[80.4457,20.9725],[80.4449,20.993],[80.4401,21.0006],[80.4363,21.0035],[80.4334,21.0059],[80.4315,21.0082],[80.4305,21.0105],[80.4343,21.0133],[80.4356,21.0144],[80.4369,21.0172],[80.4392,21.018],[80.4413,21.0201],[80.4427,21.0229],[80.4435,21.0259],[80.4454,21.028],[80.4476,21.0289],[80.45,21.03],[80.452,21.0318],[80.4533,21.0345],[80.4541,21.0375],[80.4543,21.0405],[80.4541,21.0416],[80.4539,21.0452],[80.4547,21.0477],[80.4553,21.0504],[80.455,21.0528],[80.4544,21.0553],[80.454,21.0575],[80.4529,21.0608],[80.4515,21.0624],[80.4508,21.064],[80.4497,21.0667],[80.4494,21.0678],[80.4477,21.0712],[80.4494,21.0732],[80.4495,21.075],[80.4493,21.0782],[80.4488,21.0814],[80.4477,21.084],[80.4468,21.0861],[80.4449,21.0896],[80.4432,21.0935],[80.4423,21.0959],[80.4401,21.0979],[80.441,21.0988],[80.442,21.0998],[80.4428,21.1018],[80.4435,21.1034],[80.4444,21.1053],[80.4455,21.1077],[80.4458,21.1099],[80.4463,21.1125],[80.449,21.1126],[80.4505,21.1124],[80.4523,21.112],[80.4537,21.1118],[80.456,21.1127],[80.4561,21.1156],[80.4559,21.116],[80.455,21.117],[80.453,21.1189],[80.4506,21.12],[80.4471,21.121],[80.4454,21.1221],[80.4475,21.1262],[80.4492,21.1289],[80.4508,21.1313],[80.4528,21.1365],[80.4537,21.1389],[80.455,21.1422],[80.456,21.1451],[80.4569,21.1476],[80.4584,21.1503],[80.4596,21.155],[80.4607,21.1593],[80.4608,21.1624],[80.461,21.1661],[80.462,21.1697],[80.4641,21.1735],[80.4684,21.1735],[80.471,21.1727],[80.4746,21.1722],[80.4801,21.172],[80.4817,21.1721],[80.4839,21.1737],[80.4862,21.1756],[80.4886,21.1772],[80.4928,21.1779],[80.4963,21.1782],[80.4991,21.1806],[80.5023,21.1839],[80.5047,21.1847],[80.5067,21.1847],[80.5094,21.184],[80.5113,21.1837],[80.5144,21.1831],[80.5161,21.1842],[80.5171,21.1872],[80.5176,21.1896],[80.5184,21.1918],[80.52,21.1943],[80.5216,21.1967],[80.5231,21.199],[80.525,21.2018],[80.5276,21.2042],[80.5318,21.2033],[80.5347,21.2027],[80.5373,21.2015],[80.5392,21.2009],[80.5418,21.2003],[80.5457,21.2],[80.5487,21.1999],[80.5504,21.2007],[80.5534,21.2014],[80.5561,21.2017],[80.5575,21.2019],[80.5605,21.2032],[80.5646,21.2046],[80.5681,21.2065],[80.5709,21.2087],[80.573,21.211],[80.5735,21.2115],[80.5753,21.2146],[80.5787,21.2175],[80.5817,21.219],[80.585,21.2206],[80.5884,21.2225],[80.5913,21.2238],[80.5962,21.2254],[80.5992,21.2256],[80.6031,21.2252],[80.6058,21.2258],[80.6079,21.2269],[80.6103,21.2281],[80.6119,21.2295],[80.613,21.2307],[80.6145,21.232],[80.6156,21.2325],[80.6174,21.234],[80.6186,21.2353],[80.6203,21.2375],[80.6226,21.2407],[80.627,21.2431],[80.6315,21.245],[80.6345,21.2464],[80.6391,21.248],[80.6422,21.2509],[80.6442,21.2534],[80.6456,21.2555],[80.6464,21.2582],[80.648,21.2621],[80.6488,21.2651],[80.6495,21.2698],[80.6503,21.273],[80.6518,21.2767],[80.6536,21.2788],[80.6555,21.2809],[80.6577,21.2823],[80.659,21.2839],[80.6606,21.2867],[80.6617,21.2902],[80.665,21.2901],[80.6678,21.2905],[80.6702,21.2916],[80.6722,21.293],[80.6752,21.2947],[80.6778,21.2966],[80.6798,21.299],[80.68,21.3019],[80.6793,21.3066],[80.6807,21.3097],[80.6796,21.3119],[80.6779,21.3129],[80.675,21.3145],[80.6739,21.3168],[80.6734,21.32],[80.6725,21.3228],[80.6705,21.3255],[80.6693,21.3268],[80.6668,21.3284],[80.6648,21.33],[80.6634,21.3314],[80.6668,21.335],[80.6682,21.3361],[80.6698,21.3379],[80.6718,21.3415],[80.6733,21.3449],[80.6754,21.3492],[80.6769,21.3548],[80.6784,21.3592],[80.6821,21.3641],[80.6852,21.3668],[80.6879,21.3698],[80.6911,21.3732],[80.6927,21.3774],[80.6947,21.3807],[80.6964,21.3848],[80.6985,21.3887],[80.7002,21.3943],[80.7003,21.3987],[80.6998,21.402],[80.702,21.4063],[80.704,21.4091],[80.7051,21.4117],[80.7062,21.4147],[80.7055,21.4197],[80.7046,21.4231],[80.7044,21.4277],[80.7059,21.4303],[80.7085,21.4319],[80.7111,21.4342],[80.7151,21.4367],[80.719,21.4399],[80.7217,21.4428],[80.7249,21.4459],[80.7281,21.4499],[80.7308,21.4537],[80.7332,21.4584],[80.7346,21.4638],[80.736,21.4687],[80.7372,21.4725],[80.7359,21.4751],[80.7352,21.4774],[80.7342,21.4812],[80.7328,21.4848],[80.7312,21.4884],[80.7293,21.4912],[80.7289,21.4961],[80.7307,21.4991],[80.7316,21.5027],[80.7312,21.5064],[80.7312,21.5097],[80.7313,21.5123],[80.7314,21.5166],[80.7317,21.5187],[80.7328,21.5226],[80.7339,21.5258],[80.7353,21.5285],[80.7368,21.5318],[80.7377,21.5358],[80.7376,21.5391],[80.7367,21.5404],[80.735,21.5422],[80.7328,21.5446],[80.731,21.5471],[80.7278,21.551],[80.7263,21.5524],[80.7218,21.5549],[80.7205,21.556],[80.7207,21.559],[80.7221,21.5619],[80.723,21.5634],[80.7242,21.5653],[80.7261,21.5685],[80.7265,21.5718],[80.7258,21.5739],[80.7252,21.5751],[80.7238,21.5777],[80.7229,21.5798],[80.7206,21.5816],[80.7194,21.5825],[80.7186,21.5835],[80.7165,21.5851],[80.7162,21.587],[80.7161,21.5901],[80.716,21.5927],[80.7161,21.5947],[80.7163,21.5984],[80.7159,21.601],[80.7163,21.6042],[80.7178,21.6065],[80.7204,21.6077],[80.7231,21.6098],[80.7247,21.6127],[80.7268,21.6149],[80.7286,21.6175],[80.7283,21.6207],[80.7294,21.623],[80.7291,21.6252],[80.7281,21.6281],[80.7279,21.6307],[80.7272,21.6344],[80.7266,21.636],[80.7265,21.6368],[80.7274,21.6409],[80.726,21.6439],[80.7238,21.6445],[80.7216,21.6452],[80.7193,21.6463],[80.7181,21.6493],[80.7174,21.6526],[80.7174,21.6539],[80.7167,21.6563],[80.716,21.6583],[80.7153,21.6612],[80.7148,21.6621],[80.7144,21.6643],[80.7164,21.6659],[80.717,21.6679],[80.7157,21.6695],[80.7143,21.6717],[80.7162,21.6738],[80.7178,21.6742],[80.7188,21.675],[80.7198,21.676],[80.721,21.6774],[80.722,21.6788],[80.7232,21.681],[80.7247,21.6832],[80.7257,21.685],[80.7272,21.6879],[80.7291,21.6907],[80.7307,21.6937],[80.7319,21.6979],[80.732,21.6984],[80.7322,21.7011],[80.7318,21.7045],[80.7308,21.706],[80.7289,21.7074],[80.7266,21.7099],[80.7255,21.712],[80.7268,21.7137],[80.7296,21.7146],[80.7301,21.7157],[80.7304,21.7176],[80.7308,21.7198],[80.7314,21.7226],[80.7326,21.7259],[80.7327,21.7296],[80.7333,21.7311],[80.7358,21.7352],[80.7379,21.7393],[80.7418,21.7477],[80.7439,21.7507],[80.7454,21.7536],[80.747,21.7566],[80.7499,21.758],[80.752,21.7583],[80.7566,21.7578],[80.7616,21.7571],[80.7657,21.7572],[80.7691,21.758],[80.7734,21.7552],[80.7768,21.7521],[80.7808,21.7499],[80.7838,21.7444],[80.784,21.741],[80.7897,21.7397],[80.7954,21.7414],[80.7996,21.7433],[80.8028,21.7444],[80.806,21.7455],[80.8106,21.7462],[80.8151,21.7466],[80.8182,21.7476],[80.8186,21.751],[80.8173,21.7555],[80.8174,21.7586],[80.8176,21.7612],[80.8185,21.7641],[80.8205,21.7676],[80.8214,21.7684],[80.8238,21.7743],[80.8252,21.7761],[80.8262,21.7783],[80.8274,21.7824],[80.8278,21.7849],[80.8281,21.7871],[80.8309,21.791],[80.8325,21.7946],[80.835,21.7969],[80.8369,21.8008],[80.8387,21.8049],[80.8387,21.8087],[80.8388,21.8106],[80.8394,21.8139],[80.84,21.817],[80.8408,21.8203],[80.8426,21.8246],[80.8436,21.8273],[80.8447,21.8299],[80.8447,21.8299],[80.8515,21.8294],[80.8582,21.8285],[80.8657,21.8256],[80.8775,21.823],[80.8996,21.8208],[80.9116,21.8203],[80.9208,21.8217],[80.927,21.8236],[80.9305,21.8164],[80.9309,21.8143],[80.9311,21.8128],[80.9315,21.8117],[80.9319,21.8105],[80.9332,21.8087],[80.9352,21.8075],[80.9383,21.8064],[80.9427,21.8042],[80.9441,21.8005],[80.9443,21.7982],[80.9479,21.7919],[80.9491,21.7906],[80.9523,21.7843],[80.9527,21.7833],[80.9534,21.7806],[80.9535,21.7774],[80.9538,21.7742],[80.9529,21.7672],[80.9536,21.7649],[80.9566,21.7636],[80.9626,21.7613],[80.9699,21.758],[80.971,21.7553],[80.975,21.7472],[80.9755,21.7455],[80.977,21.7422],[80.9795,21.7393],[80.983,21.737],[80.9903,21.7312],[80.9937,21.7284],[80.9958,21.7265],[80.9966,21.7256],[80.9983,21.7253],[81.0002,21.7252],[81.0087,21.7305],[81.0144,21.734],[81.0229,21.7388],[81.0263,21.7397],[81.0373,21.7387],[81.0444,21.737],[81.0449,21.7351],[81.0434,21.7272],[81.0443,21.7264],[81.0572,21.7238],[81.0618,21.7243],[81.0682,21.7281],[81.0728,21.7295],[81.0835,21.731],[81.0921,21.7312],[81.1018,21.7313],[81.1051,21.7304],[81.1084,21.7283],[81.1202,21.7145],[81.1275,21.7079],[81.1305,21.7066],[81.1309,21.7121],[81.1323,21.7143],[81.1338,21.7152],[81.1534,21.7109],[81.1607,21.7141],[81.1656,21.7103],[81.1743,21.706],[81.1764,21.7032],[81.1764,21.7032]]]},"properties":{"district_name":"Rajnandgaon","raw_district_name":"Rajnandgaon","state_code":"CT","state_name":"Chhattisgarh","census_code":408,"data_source":"DataMeet India Maps (Census 2011 Boundaries)"}},{"type":"Feature","geometry":{"type":"Polygon","coordinates":[[[83.3313,24.1005],[83.3353,24.0989],[83.3535,24.0963],[83.365,24.1009],[83.3697,24.1012],[83.391,24.0991],[83.4001,24.0942],[83.4084,24.0811],[83.4108,24.0801],[83.4166,24.0798],[83.4224,24.0805],[83.4291,24.0831],[83.4331,24.0831],[83.4363,24.0791],[83.4378,24.0733],[83.4383,24.0684],[83.4369,24.0614],[83.439,24.0573],[83.4409,24.054],[83.4553,24.0419],[83.4607,24.0408],[83.4658,24.0413],[83.4761,24.0401],[83.4866,24.038],[83.5089,24.0301],[83.5144,24.0277],[83.5173,24.0248],[83.5225,24.0152],[83.5242,24.0101],[83.5152,24.0009],[83.5142,23.9908],[83.5154,23.979],[83.5201,23.9665],[83.5302,23.9517],[83.5413,23.9413],[83.5465,23.9331],[83.5449,23.9142],[83.5504,23.8979],[83.5569,23.8925],[83.5681,23.8923],[83.5777,23.89],[83.5837,23.8841],[83.5808,23.8772],[83.5806,23.8768],[83.5713,23.8727],[83.5671,23.8703],[83.5652,23.8692],[83.5688,23.8627],[83.5793,23.8628],[83.5887,23.8616],[83.598,23.8562],[83.6081,23.8532],[83.619,23.8531],[83.6375,23.8471],[83.6454,23.8468],[83.6571,23.8479],[83.6638,23.8434],[83.6651,23.8368],[83.6628,23.8318],[83.6658,23.8276],[83.674,23.8258],[83.6797,23.8199],[83.6852,23.8225],[83.6864,23.8234],[83.6895,23.8256],[83.6897,23.8256],[83.696,23.8238],[83.7029,23.8205],[83.7061,23.8163],[83.7031,23.8075],[83.7074,23.8015],[83.7152,23.7949],[83.7183,23.7895],[83.72,23.7808],[83.7198,23.7723],[83.7346,23.7599],[83.7369,23.7547],[83.7375,23.7437],[83.7368,23.7318],[83.7399,23.724],[83.7422,23.7136],[83.7396,23.7047],[83.7317,23.6968],[83.7302,23.6945],[83.73,23.6942],[83.7243,23.6912],[83.7225,23.6903],[83.7222,23.6826],[83.7288,23.6738],[83.7363,23.6675],[83.7515,23.6593],[83.7584,23.6535],[83.7594,23.6494],[83.7595,23.6491],[83.7538,23.6466],[83.752,23.6458],[83.7504,23.6406],[83.7552,23.6268],[83.7723,23.6217],[83.7731,23.6177],[83.7752,23.6093],[83.7823,23.5997],[83.7935,23.5984],[83.8051,23.5904],[83.8078,23.5834],[83.8137,23.5826],[83.8146,23.5839],[83.8183,23.5891],[83.8191,23.5888],[83.8286,23.5851],[83.845,23.5817],[83.8535,23.5812],[83.867,23.5787],[83.8903,23.5731],[83.8974,23.5763],[83.9058,23.5715],[83.9126,23.5699],[83.922,23.5691],[83.9298,23.5654],[83.9426,23.5634],[83.9423,23.565],[83.9369,23.594],[83.9389,23.6117],[83.9452,23.6228],[83.9465,23.623],[83.9559,23.6247],[83.97,23.6265],[83.9828,23.6312],[84,23.6334],[84.0082,23.633],[84.0143,23.6327],[84.015,23.6291],[84.015,23.6289],[84.0126,23.6276],[84.0109,23.6267],[84.0091,23.6233],[84.0092,23.6208],[84.0199,23.6059],[84.0276,23.6006],[84.0296,23.5978],[84.0292,23.5927],[84.0314,23.5883],[84.0302,23.575],[84.0324,23.5663],[84.0286,23.5504],[84.03,23.5447],[84.0227,23.5262],[84.02,23.5213],[84.0195,23.5087],[84.016,23.5001],[84.0136,23.4977],[84.0129,23.497],[84.006,23.4943],[84.0045,23.4937],[84,23.4857],[83.9962,23.4823],[83.9919,23.4762],[83.9865,23.4614],[83.9864,23.4612],[83.9786,23.457],[83.9768,23.456],[83.977,23.4483],[83.985,23.4321],[83.9867,23.4273],[83.9854,23.4216],[83.9853,23.4148],[83.9834,23.4082],[83.975,23.3937],[83.9731,23.3819],[83.9741,23.3749],[83.9775,23.3701],[83.9821,23.3655],[83.9903,23.3603],[84,23.3566],[84.0137,23.3536],[84.0144,23.355],[84.0187,23.3641],[84.0244,23.3723],[84.028,23.3762],[84.0289,23.3765],[84.0337,23.3777],[84.0452,23.3769],[84.0506,23.3748],[84.054,23.3723],[84.0544,23.372],[84.0527,23.3713],[84.0507,23.3705],[84.0517,23.3679],[84.0546,23.3644],[84.0558,23.355],[84.0572,23.3527],[84.0677,23.344],[84.0752,23.3349],[84.0774,23.3308],[84.0671,23.3091],[84.0666,23.3052],[84.071,23.2931],[84.0702,23.2905],[84.0672,23.2872],[84.0662,23.2832],[84.0663,23.275],[84.0584,23.2475],[84.0576,23.2419],[84.0612,23.2352],[84.0594,23.2222],[84.0595,23.2174],[84.0608,23.2142],[84.0652,23.209],[84.0655,23.2046],[84.0633,23.1974],[84.058,23.1906],[84.0511,23.1856],[84.0465,23.1796],[84.042,23.1708],[84.041,23.1689],[84.0355,23.1739],[84.0288,23.178],[84.0267,23.1823],[84.0208,23.1876],[84.0143,23.1862],[84.0007,23.1817],[83.9998,23.1817],[83.991,23.1832],[83.9821,23.1827],[83.9712,23.1808],[83.97,23.1806],[83.9656,23.1738],[83.9661,23.1697],[83.9693,23.1664],[83.9707,23.165],[83.96,23.166],[83.9503,23.1634],[83.9489,23.163],[83.9477,23.161],[83.9462,23.1527],[83.9421,23.1482],[83.941,23.147],[83.9314,23.1474],[83.9278,23.1561],[83.9295,23.1664],[83.9204,23.1712],[83.9159,23.1746],[83.9085,23.1818],[83.8954,23.1827],[83.8868,23.1935],[83.882,23.203],[83.8728,23.208],[83.8539,23.222],[83.845,23.2245],[83.839,23.2278],[83.8318,23.2334],[83.8007,23.2395],[83.7923,23.2446],[83.7912,23.2453],[83.783,23.2233],[83.7827,23.2225],[83.7773,23.2212],[83.7706,23.2246],[83.7607,23.2321],[83.7503,23.2376],[83.7422,23.2325],[83.7352,23.2297],[83.7275,23.2249],[83.7257,23.2238],[83.7222,23.2149],[83.7228,23.2075],[83.7228,23.2073],[83.7183,23.2049],[83.7077,23.2037],[83.7027,23.2084],[83.7005,23.2185],[83.6876,23.2229],[83.6777,23.2243],[83.6715,23.2265],[83.6589,23.2247],[83.6444,23.2181],[83.6344,23.2156],[83.6264,23.2165],[83.6261,23.2166],[83.6216,23.213],[83.6178,23.2068],[83.6049,23.1827],[83.604,23.1811],[83.5944,23.1851],[83.5779,23.1887],[83.5772,23.1889],[83.5725,23.1829],[83.5685,23.1745],[83.568,23.1732],[83.5569,23.1738],[83.5552,23.1739],[83.5546,23.1664],[83.5618,23.1434],[83.5605,23.1329],[83.5538,23.1265],[83.553,23.1257],[83.543,23.1219],[83.5423,23.1216],[83.5373,23.1176],[83.5325,23.1078],[83.5238,23.0982],[83.5182,23.0933],[83.511,23.0885],[83.5108,23.0809],[83.5035,23.0715],[83.5022,23.0673],[83.503,23.0635],[83.5078,23.0591],[83.5258,23.0576],[83.5327,23.0527],[83.5459,23.0408],[83.5512,23.0303],[83.5464,23.0191],[83.5402,23.0098],[83.537,23.0071],[83.5332,23.0009],[83.533,22.9994],[83.5261,22.9919],[83.5256,22.9913],[83.523,22.9901],[83.5218,22.9895],[83.5158,22.9839],[83.5129,22.9777],[83.51,22.9636],[83.5097,22.956],[83.5118,22.948],[83.5148,22.9429],[83.5281,22.9311],[83.5391,22.9163],[83.5536,22.9047],[83.5626,22.8952],[83.5729,22.889],[83.5795,22.8728],[83.5862,22.8683],[83.5962,22.8669],[83.5998,22.8654],[83.5961,22.8566],[83.6006,22.8509],[83.6036,22.8491],[83.6198,22.8425],[83.6248,22.8384],[83.6286,22.8301],[83.6312,22.8273],[83.636,22.8253],[83.6462,22.8242],[83.6485,22.8226],[83.6524,22.8078],[83.6521,22.8042],[83.6555,22.7852],[83.6599,22.7784],[83.6525,22.764],[83.6549,22.7589],[83.6569,22.7572],[83.6563,22.7517],[83.6548,22.75],[83.6544,22.7495],[83.6518,22.7483],[83.6499,22.7474],[83.6527,22.7394],[83.6528,22.7392],[83.6471,22.7361],[83.6388,22.733],[83.6376,22.7325],[83.6344,22.7289],[83.6329,22.714],[83.6339,22.7074],[83.6388,22.7027],[83.6837,22.6818],[83.6866,22.6785],[83.6896,22.6713],[83.6908,22.6634],[83.6884,22.6472],[83.6861,22.6401],[83.6827,22.6352],[83.6752,22.6283],[83.675,22.6278],[83.6743,22.6261],[83.668,22.629],[83.663,22.6338],[83.6578,22.6465],[83.6546,22.6515],[83.6517,22.655],[83.6461,22.6587],[83.6331,22.6658],[83.6039,22.6758],[83.5845,22.6855],[83.5751,22.6924],[83.5682,22.6916],[83.5648,22.6949],[83.5645,22.6974],[83.5608,22.6998],[83.5573,22.6979],[83.5558,22.697],[83.5472,22.6883],[83.547,22.6881],[83.5353,22.681],[83.5302,22.6787],[83.5241,22.6771],[83.5144,22.6756],[83.5131,22.6754],[83.5109,22.6715],[83.5095,22.6626],[83.5083,22.6607],[83.5074,22.6592],[83.4816,22.6691],[83.4646,22.6712],[83.4469,22.6753],[83.4404,22.6747],[83.4392,22.6746],[83.4377,22.672],[83.4334,22.6645],[83.4313,22.6631],[83.4297,22.662],[83.4184,22.6598],[83.4171,22.6595],[83.4148,22.6554],[83.4153,22.651],[83.4173,22.6471],[83.4172,22.6436],[83.4162,22.6414],[83.4161,22.6411],[83.4142,22.6401],[83.4115,22.6396],[83.409,22.6451],[83.406,22.6483],[83.3921,22.6548],[83.388,22.6578],[83.3871,22.6604],[83.3868,22.6666],[83.3852,22.6764],[83.3832,22.6822],[83.3816,22.6944],[83.3836,22.6944],[83.3865,22.6945],[83.3908,22.6921],[83.3929,22.6929],[83.3935,22.6936],[83.3941,22.6943],[83.3976,22.7105],[83.402,22.7258],[83.4012,22.7313],[83.398,22.7367],[83.3913,22.7412],[83.385,22.743],[83.3784,22.7413],[83.3779,22.7412],[83.368,22.7334],[83.3666,22.7323],[83.3602,22.7313],[83.3525,22.7332],[83.3497,22.7384],[83.3459,22.7482],[83.3423,22.7534],[83.3375,22.7574],[83.333,22.7631],[83.3285,22.7665],[83.3239,22.7647],[83.3229,22.7643],[83.3203,22.7617],[83.3189,22.7604],[83.2904,22.7668],[83.2633,22.77],[83.2537,22.7692],[83.2496,22.7707],[83.2477,22.7752],[83.2451,22.7758],[83.2403,22.7749],[83.2394,22.7753],[83.2381,22.7779],[83.2372,22.7857],[83.2284,22.7849],[83.2253,22.7855],[83.2231,22.7869],[83.2223,22.7907],[83.2177,22.7901],[83.2009,22.7827],[83.1963,22.7831],[83.1944,22.7867],[83.191,22.7861],[83.1795,22.7807],[83.1672,22.7735],[83.1655,22.7725],[83.1625,22.7681],[83.1606,22.7579],[83.1599,22.7466],[83.158,22.7421],[83.1554,22.739],[83.1548,22.7383],[83.1501,22.7365],[83.1455,22.7363],[83.1379,22.7347],[83.1258,22.7298],[83.1238,22.7285],[83.122,22.7274],[83.1202,22.723],[83.1212,22.7149],[83.1247,22.7076],[83.1259,22.7027],[83.1244,22.6975],[83.1146,22.6884],[83.1121,22.6852],[83.1122,22.682],[83.114,22.6778],[83.1144,22.6769],[83.0914,22.6745],[83.0703,22.6698],[83.0604,22.6665],[83.0546,22.6629],[83.0531,22.662],[83.0431,22.6542],[83.0425,22.6537],[83.0189,22.6398],[83.014,22.6404],[83.011,22.6464],[83.0076,22.65],[83.0025,22.6533],[83,22.6543],[82.9955,22.6605],[82.9917,22.6625],[82.982,22.6607],[82.9763,22.6606],[82.972,22.6615],[82.9462,22.6743],[82.9371,22.6846],[82.934,22.6907],[82.9262,22.6994],[82.92,22.7049],[82.9073,22.7125],[82.9016,22.7169],[82.8864,22.7331],[82.8752,22.7429],[82.8683,22.7471],[82.8625,22.7469],[82.8494,22.744],[82.8348,22.7433],[82.8213,22.7474],[82.8096,22.7539],[82.8037,22.7554],[82.797,22.7581],[82.7779,22.7696],[82.7713,22.778],[82.7699,22.7816],[82.7704,22.786],[82.7691,22.7886],[82.7619,22.7924],[82.7607,22.7963],[82.7543,22.8011],[82.7479,22.8046],[82.7248,22.8288],[82.7231,22.8299],[82.7156,22.832],[82.7066,22.8329],[82.6969,22.8314],[82.6967,22.8314],[82.6769,22.8176],[82.6756,22.8166],[82.6648,22.8109],[82.6583,22.8093],[82.6508,22.8096],[82.6457,22.8111],[82.6356,22.8178],[82.6295,22.8192],[82.6185,22.8234],[82.6067,22.8293],[82.589,22.8309],[82.5782,22.8288],[82.5733,22.8308],[82.5604,22.8441],[82.5589,22.8479],[82.5582,22.8544],[82.5596,22.8616],[82.5615,22.8629],[82.5617,22.863],[82.5691,22.8642],[82.5704,22.8653],[82.5713,22.8661],[82.5793,22.8816],[82.5803,22.8852],[82.5796,22.8893],[82.5801,22.8941],[82.5818,22.8943],[82.5835,22.8945],[82.5872,22.8935],[82.5918,22.8935],[82.5943,22.8942],[82.5948,22.895],[82.5967,22.8979],[82.5949,22.9043],[82.5891,22.9083],[82.5829,22.9089],[82.5794,22.911],[82.577,22.9136],[82.5761,22.9167],[82.5769,22.9209],[82.5766,22.9275],[82.5781,22.9365],[82.5754,22.9398],[82.5755,22.9426],[82.5765,22.9424],[82.5773,22.9424],[82.5815,22.9421],[82.5864,22.9439],[82.5867,22.9445],[82.5884,22.9483],[82.5864,22.9523],[82.5832,22.9571],[82.581,22.9614],[82.5794,22.9683],[82.5788,22.9744],[82.5788,22.9806],[82.5807,22.9862],[82.5859,22.9919],[82.5874,22.9927],[82.5877,22.9931],[82.5941,22.9965],[82.5993,22.9982],[82.6056,22.9995],[82.6076,23.0002],[82.61,23.0031],[82.6101,23.0047],[82.6091,23.0082],[82.6042,23.013],[82.5981,23.0173],[82.5955,23.0199],[82.5921,23.0239],[82.5891,23.0293],[82.5882,23.0323],[82.5819,23.037],[82.5805,23.0395],[82.5798,23.0426],[82.5798,23.0457],[82.5805,23.0529],[82.5765,23.0607],[82.5738,23.0638],[82.5716,23.0696],[82.5717,23.0731],[82.5726,23.0776],[82.5727,23.0804],[82.575,23.0825],[82.5756,23.0826],[82.5858,23.0844],[82.5862,23.0854],[82.5887,23.0908],[82.5895,23.0959],[82.5892,23.1004],[82.5837,23.1147],[82.5814,23.1205],[82.5811,23.1261],[82.5845,23.1296],[82.5856,23.13],[82.5893,23.1316],[82.5987,23.1338],[82.6002,23.135],[82.6067,23.1397],[82.6075,23.1422],[82.6089,23.1421],[82.6198,23.1419],[82.6328,23.141],[82.6396,23.1414],[82.6409,23.1426],[82.6441,23.1453],[82.646,23.1491],[82.6495,23.1576],[82.6539,23.1645],[82.6548,23.171],[82.6578,23.1772],[82.6606,23.182],[82.6614,23.1853],[82.6631,23.1932],[82.6651,23.1993],[82.6676,23.2046],[82.6699,23.2077],[82.6719,23.2099],[82.6734,23.2107],[82.6808,23.215],[82.6812,23.2154],[82.6824,23.2166],[82.6872,23.2211],[82.6911,23.2279],[82.6922,23.2279],[82.7132,23.2272],[82.7185,23.2283],[82.7269,23.2317],[82.737,23.2373],[82.738,23.2381],[82.7427,23.2415],[82.751,23.2492],[82.7577,23.2552],[82.7572,23.2631],[82.7589,23.2913],[82.7589,23.2956],[82.7589,23.3005],[82.7597,23.3078],[82.7583,23.329],[82.7568,23.3379],[82.7512,23.346],[82.7499,23.35],[82.7482,23.355],[82.7451,23.358],[82.7334,23.3629],[82.7282,23.3637],[82.7203,23.3602],[82.7138,23.3602],[82.7099,23.3632],[82.6949,23.3682],[82.681,23.3698],[82.6753,23.3718],[82.6649,23.3808],[82.6528,23.3843],[82.6507,23.3878],[82.6504,23.3906],[82.6507,23.3981],[82.6566,23.4142],[82.6541,23.4613],[82.6517,23.4732],[82.6471,23.4883],[82.6419,23.4982],[82.6358,23.5024],[82.6281,23.51],[82.6129,23.5135],[82.6089,23.5188],[82.5993,23.526],[82.5957,23.5272],[82.5817,23.542],[82.5847,23.554],[82.5846,23.557],[82.5803,23.5737],[82.5787,23.5844],[82.5781,23.5913],[82.5787,23.6123],[82.5752,23.6176],[82.5753,23.6208],[82.5774,23.6296],[82.5831,23.6387],[82.5847,23.6395],[82.5933,23.6441],[82.5935,23.6444],[82.5976,23.6532],[82.6014,23.6588],[82.6035,23.6663],[82.6005,23.6788],[82.598,23.686],[82.5937,23.6947],[82.5888,23.7017],[82.5844,23.7062],[82.5827,23.7092],[82.5793,23.7154],[82.5755,23.7187],[82.5706,23.7207],[82.5691,23.7228],[82.5677,23.7282],[82.5654,23.7318],[82.5543,23.7371],[82.5522,23.7399],[82.5519,23.7451],[82.5494,23.7532],[82.5426,23.7581],[82.5383,23.7594],[82.5324,23.7594],[82.525,23.7582],[82.5219,23.7569],[82.5176,23.7564],[82.5039,23.7611],[82.4989,23.7641],[82.5001,23.7723],[82.4994,23.7846],[82.4995,23.7846],[82.4995,23.7846],[82.5013,23.7843],[82.5044,23.7839],[82.5144,23.7844],[82.5239,23.7831],[82.5365,23.7902],[82.5435,23.791],[82.548,23.7901],[82.5497,23.7913],[82.5522,23.7931],[82.5525,23.7972],[82.5517,23.8017],[82.5486,23.809],[82.5475,23.8107],[82.5446,23.8114],[82.5417,23.8137],[82.5397,23.8187],[82.5368,23.8205],[82.5351,23.8229],[82.5375,23.8233],[82.5414,23.8238],[82.5465,23.823],[82.5481,23.8242],[82.5498,23.8256],[82.5502,23.8256],[82.556,23.8258],[82.5689,23.8217],[82.5741,23.8236],[82.5862,23.8214],[82.5937,23.8218],[82.5974,23.8237],[82.5981,23.8243],[82.6083,23.8328],[82.6091,23.8332],[82.6136,23.8351],[82.6373,23.8379],[82.6379,23.839],[82.639,23.8406],[82.639,23.8452],[82.6408,23.8459],[82.6426,23.8466],[82.6438,23.8476],[82.6455,23.8488],[82.6484,23.8569],[82.6501,23.8579],[82.6513,23.8585],[82.6532,23.8567],[82.6597,23.8554],[82.6611,23.8567],[82.6611,23.8567],[82.6627,23.8616],[82.6657,23.8645],[82.6679,23.8693],[82.6673,23.8735],[82.665,23.877],[82.6539,23.8876],[82.6551,23.8939],[82.6625,23.9051],[82.6643,23.9067],[82.665,23.907],[82.6668,23.9075],[82.6707,23.9075],[82.6759,23.9065],[82.6775,23.9077],[82.6787,23.9086],[82.679,23.9086],[82.6849,23.9087],[82.6896,23.9112],[82.6901,23.9116],[82.6951,23.9166],[82.6968,23.9184],[82.6976,23.9193],[82.6987,23.9197],[82.7097,23.9238],[82.7144,23.9235],[82.7259,23.9204],[82.7511,23.9196],[82.7559,23.9212],[82.7562,23.9219],[82.7578,23.9255],[82.758,23.929],[82.7615,23.9348],[82.7627,23.935],[82.7826,23.9375],[82.7841,23.9386],[82.798,23.9495],[82.7999,23.9546],[82.8046,23.9603],[82.8059,23.9609],[82.8064,23.9611],[82.814,23.9618],[82.8155,23.962],[82.8205,23.9627],[82.8285,23.9639],[82.834,23.9599],[82.8491,23.9491],[82.8566,23.9458],[82.8629,23.9378],[82.8707,23.9246],[82.8734,23.9217],[82.883,23.9155],[82.8889,23.9093],[82.8981,23.9036],[82.9138,23.897],[82.9252,23.8945],[82.9302,23.8918],[82.9329,23.8898],[82.9383,23.8811],[82.9408,23.8785],[82.9465,23.875],[82.9572,23.8722],[82.9613,23.8719],[82.9917,23.8787],[83,23.8777],[83.0282,23.8819],[83.0332,23.8808],[83.0441,23.8823],[83.0511,23.8786],[83.0687,23.8745],[83.0943,23.8774],[83.1351,23.8893],[83.1365,23.8903],[83.1369,23.8905],[83.1421,23.8938],[83.1429,23.8978],[83.1465,23.9037],[83.1529,23.9092],[83.1535,23.9093],[83.1633,23.9106],[83.1648,23.9117],[83.1655,23.9123],[83.166,23.9125],[83.172,23.9144],[83.1733,23.9154],[83.1756,23.9172],[83.1759,23.9172],[83.1803,23.917],[83.1853,23.9188],[83.1908,23.9188],[83.1973,23.9204],[83.1978,23.9213],[83.2008,23.9262],[83.199,23.9319],[83.2095,23.9398],[83.2109,23.9468],[83.2136,23.9531],[83.2189,23.9596],[83.2183,23.9647],[83.2161,23.9721],[83.2183,23.9765],[83.2233,23.98],[83.2225,23.9855],[83.2237,23.9886],[83.2254,23.9893],[83.2302,23.9913],[83.231,23.992],[83.2336,23.9947],[83.2345,23.9955],[83.2354,23.9958],[83.2412,23.9976],[83.2423,23.9985],[83.2446,24.0006],[83.2431,24.0064],[83.2447,24.0092],[83.2495,24.013],[83.25,24.0131],[83.2547,24.0144],[83.2608,24.0114],[83.2667,24.0109],[83.2701,24.0129],[83.2703,24.0131],[83.2719,24.0141],[83.2753,24.0176],[83.2782,24.0195],[83.2815,24.0204],[83.2826,24.0214],[83.2834,24.0216],[83.2856,24.0237],[83.286,24.0277],[83.2895,24.0352],[83.2864,24.0461],[83.2871,24.0504],[83.2899,24.0555],[83.2937,24.065],[83.2986,24.0733],[83.302,24.0776],[83.3206,24.0931],[83.323,24.0978],[83.3231,24.1018],[83.3241,24.106],[83.3267,24.1056],[83.3313,24.1005]]]},"properties":{"district_name":"Surguja","raw_district_name":"Surguja","state_code":"CT","state_name":"Chhattisgarh","census_code":401,"data_source":"DataMeet India Maps (Census 2011 Boundaries)"}},{"type":"Feature","geometry":{"type":"Polygon","coordinates":[[[81.3552,22.5136],[81.363,22.5128],[81.369,22.515],[81.3738,22.5139],[81.3805,22.5103],[81.386,22.5049],[81.3869,22.4975],[81.3864,22.493],[81.3879,22.485],[81.3921,22.4775],[81.3903,22.4623],[81.3934,22.4508],[81.3961,22.4445],[81.4038,22.441],[81.4214,22.4482],[81.4262,22.4539],[81.4279,22.4591],[81.4251,22.4648],[81.4249,22.4733],[81.4317,22.4789],[81.439,22.4802],[81.4408,22.4774],[81.4432,22.4692],[81.4497,22.4659],[81.4553,22.4671],[81.4576,22.4723],[81.4506,22.4712],[81.4512,22.4784],[81.4464,22.4792],[81.4481,22.4843],[81.4515,22.4867],[81.4464,22.4907],[81.4453,22.4936],[81.4535,22.4955],[81.4606,22.4907],[81.4679,22.494],[81.4772,22.4937],[81.4837,22.4919],[81.4871,22.493],[81.4891,22.4874],[81.4845,22.4796],[81.4839,22.4694],[81.4863,22.4588],[81.4975,22.444],[81.4979,22.4381],[81.497,22.4292],[81.4924,22.4252],[81.4889,22.4183],[81.4923,22.4107],[81.5083,22.3988],[81.5129,22.3944],[81.5172,22.3937],[81.5212,22.3859],[81.5229,22.3786],[81.5272,22.3721],[81.5378,22.3584],[81.548,22.3489],[81.5632,22.3472],[81.5639,22.3444],[81.5572,22.3392],[81.5519,22.3333],[81.5465,22.3238],[81.5389,22.32],[81.5268,22.3161],[81.5224,22.3138],[81.5273,22.3105],[81.5265,22.308],[81.5298,22.3072],[81.5303,22.3014],[81.5366,22.2899],[81.5331,22.2764],[81.542,22.275],[81.5512,22.27],[81.5529,22.2663],[81.5536,22.2563],[81.5526,22.2505],[81.5523,22.2399],[81.544,22.2355],[81.5405,22.2303],[81.5403,22.2239],[81.5349,22.2171],[81.5365,22.212],[81.5399,22.2078],[81.5367,22.2027],[81.5403,22.1937],[81.5318,22.182],[81.528,22.175],[81.5265,22.1633],[81.5281,22.1564],[81.5239,22.1506],[81.5232,22.1433],[81.5152,22.1395],[81.5125,22.1355],[81.5112,22.128],[81.5112,22.1215],[81.5111,22.1115],[81.5146,22.1049],[81.5179,22.0903],[81.5217,22.0871],[81.5243,22.0827],[81.5162,22.065],[81.5138,22.0551],[81.5056,22.0543],[81.5038,22.0487],[81.5009,22.0295],[81.5104,22.0306],[81.511,22.0233],[81.5089,22.0165],[81.5042,22.0132],[81.4854,22.0186],[81.4714,22.0156],[81.4779,22.007],[81.4806,22.0013],[81.4833,21.9932],[81.4833,21.9896],[81.4808,21.9851],[81.4729,21.9749],[81.4723,21.9696],[81.4772,21.9595],[81.4687,21.9526],[81.4602,21.9419],[81.4594,21.9376],[81.459,21.9161],[81.452,21.9125],[81.447,21.9113],[81.4435,21.9094],[81.4436,21.9064],[81.4496,21.9009],[81.4453,21.8997],[81.4386,21.9021],[81.4351,21.9025],[81.4314,21.9012],[81.4268,21.9031],[81.4245,21.9048],[81.4231,21.9072],[81.4215,21.9158],[81.4187,21.9171],[81.4158,21.9122],[81.4122,21.9008],[81.412,21.898],[81.41,21.8928],[81.4071,21.8896],[81.3941,21.8808],[81.3937,21.8761],[81.396,21.8675],[81.3948,21.8581],[81.3999,21.8534],[81.4014,21.8503],[81.4015,21.8417],[81.4042,21.8343],[81.4004,21.8309],[81.3956,21.8309],[81.387,21.8329],[81.3802,21.8388],[81.3771,21.8394],[81.3669,21.8347],[81.363,21.8342],[81.3559,21.8358],[81.3449,21.8399],[81.34,21.8398],[81.3376,21.8386],[81.329,21.8287],[81.3258,21.8261],[81.3244,21.8216],[81.3257,21.8183],[81.3316,21.8114],[81.3316,21.8078],[81.3297,21.7976],[81.3294,21.7916],[81.3301,21.7859],[81.3343,21.7835],[81.3365,21.7812],[81.337,21.7756],[81.3384,21.7734],[81.3446,21.7719],[81.3443,21.77],[81.3426,21.7676],[81.3383,21.765],[81.3295,21.7638],[81.3235,21.761],[81.3146,21.7584],[81.308,21.763],[81.3026,21.765],[81.3008,21.7671],[81.2975,21.7679],[81.2884,21.762],[81.2838,21.7617],[81.2756,21.7585],[81.2715,21.7556],[81.2679,21.7553],[81.263,21.7501],[81.2606,21.7489],[81.2533,21.7472],[81.2497,21.7472],[81.245,21.7496],[81.2263,21.7538],[81.2252,21.7511],[81.2268,21.741],[81.2249,21.7313],[81.2261,21.7241],[81.2292,21.7219],[81.2368,21.7187],[81.2323,21.7101],[81.2248,21.7056],[81.22,21.7044],[81.2161,21.7045],[81.2085,21.71],[81.2054,21.7092],[81.1972,21.705],[81.1943,21.7053],[81.1925,21.7074],[81.189,21.7081],[81.1832,21.702],[81.1764,21.7032],[81.1764,21.7032],[81.1743,21.706],[81.1656,21.7103],[81.1607,21.7141],[81.1534,21.7109],[81.1338,21.7152],[81.1323,21.7143],[81.1309,21.7121],[81.1305,21.7066],[81.1275,21.7079],[81.1202,21.7145],[81.1084,21.7283],[81.1051,21.7304],[81.1018,21.7313],[81.0921,21.7312],[81.0835,21.731],[81.0728,21.7295],[81.0682,21.7281],[81.0618,21.7243],[81.0572,21.7238],[81.0443,21.7264],[81.0434,21.7272],[81.0449,21.7351],[81.0444,21.737],[81.0373,21.7387],[81.0263,21.7397],[81.0229,21.7388],[81.0144,21.734],[81.0087,21.7305],[81.0002,21.7252],[80.9983,21.7253],[80.9966,21.7256],[80.9958,21.7265],[80.9937,21.7284],[80.9903,21.7312],[80.983,21.737],[80.9795,21.7393],[80.977,21.7422],[80.9755,21.7455],[80.975,21.7472],[80.971,21.7553],[80.9699,21.758],[80.9626,21.7613],[80.9566,21.7636],[80.9536,21.7649],[80.9529,21.7672],[80.9538,21.7742],[80.9535,21.7774],[80.9534,21.7806],[80.9527,21.7833],[80.9523,21.7843],[80.9491,21.7906],[80.9479,21.7919],[80.9443,21.7982],[80.9441,21.8005],[80.9427,21.8042],[80.9383,21.8064],[80.9352,21.8075],[80.9332,21.8087],[80.9319,21.8105],[80.9315,21.8117],[80.9311,21.8128],[80.9309,21.8143],[80.9305,21.8164],[80.927,21.8236],[80.9208,21.8217],[80.9116,21.8203],[80.8996,21.8208],[80.8775,21.823],[80.8657,21.8256],[80.8582,21.8285],[80.8515,21.8294],[80.8447,21.8299],[80.8441,21.8318],[80.8429,21.8322],[80.8407,21.8348],[80.8398,21.8375],[80.8393,21.8402],[80.8387,21.8462],[80.8399,21.8491],[80.8413,21.8507],[80.8447,21.8518],[80.8474,21.8528],[80.8482,21.8565],[80.8469,21.8588],[80.844,21.8625],[80.8437,21.867],[80.8446,21.8688],[80.8467,21.8716],[80.8466,21.8754],[80.8436,21.8785],[80.8411,21.8825],[80.8384,21.8842],[80.8371,21.8847],[80.8324,21.8866],[80.8311,21.8893],[80.8312,21.891],[80.8316,21.8947],[80.8308,21.8978],[80.8324,21.9038],[80.8315,21.9084],[80.8332,21.9119],[80.834,21.9135],[80.8371,21.9183],[80.8384,21.92],[80.8395,21.9217],[80.8415,21.9259],[80.8429,21.9278],[80.8435,21.9317],[80.8436,21.9355],[80.8426,21.9369],[80.842,21.9408],[80.8404,21.9465],[80.8388,21.9473],[80.8377,21.9471],[80.836,21.9469],[80.8333,21.947],[80.8304,21.9472],[80.8292,21.9482],[80.8281,21.9504],[80.828,21.9513],[80.8266,21.9534],[80.8254,21.9566],[80.8272,21.958],[80.8287,21.958],[80.8315,21.9567],[80.8359,21.9573],[80.8388,21.9578],[80.8428,21.9575],[80.8464,21.9576],[80.8504,21.9583],[80.8528,21.9608],[80.8537,21.9635],[80.8544,21.9668],[80.8555,21.9699],[80.8574,21.9727],[80.8587,21.975],[80.8595,21.9783],[80.8601,21.9811],[80.8602,21.9833],[80.8616,21.9871],[80.8625,21.9886],[80.8634,21.9917],[80.8642,21.9931],[80.8654,21.9953],[80.8663,21.9976],[80.8663,22],[80.8756,22.011],[80.8765,22.0163],[80.876,22.0334],[80.8772,22.0384],[80.8844,22.0505],[80.8837,22.0566],[80.886,22.0604],[80.892,22.0605],[80.8955,22.0622],[80.8983,22.0657],[80.9018,22.0763],[80.9052,22.101],[80.9131,22.1141],[80.9179,22.1189],[80.9242,22.1206],[80.9319,22.1204],[80.946,22.1187],[80.9526,22.1172],[80.9576,22.1127],[80.9646,22.0969],[80.9726,22.0818],[80.9728,22.079],[80.9691,22.0618],[80.9705,22.0582],[80.9789,22.0541],[80.9807,22.0516],[80.9859,22.0482],[80.9897,22.0488],[80.9948,22.0484],[80.9952,22.0521],[80.9968,22.0564],[80.9982,22.0579],[80.9999,22.0575],[81.0063,22.0614],[81.0114,22.0699],[81.0045,22.0807],[81.007,22.0895],[81.011,22.0943],[81.0108,22.0967],[81.0071,22.1006],[80.9999,22.105],[80.9973,22.1089],[80.9943,22.1104],[80.9873,22.1126],[80.9838,22.1126],[80.9814,22.1111],[80.9793,22.1117],[80.9779,22.1144],[80.9788,22.1212],[80.9805,22.1234],[80.9938,22.1306],[80.9999,22.1313],[81.0123,22.1325],[81.0229,22.1325],[81.0245,22.1401],[81.0247,22.1536],[81.0262,22.165],[81.0243,22.1708],[81.0204,22.1772],[81.0188,22.1837],[81.0226,22.1881],[81.0286,22.1867],[81.0322,22.1885],[81.0319,22.1928],[81.0329,22.1974],[81.0306,22.2025],[81.0263,22.2075],[81.0229,22.2138],[81.0228,22.2199],[81.0266,22.2288],[81.0434,22.2374],[81.0476,22.2402],[81.056,22.2438],[81.0616,22.2435],[81.0699,22.2465],[81.0764,22.2459],[81.0797,22.2414],[81.0918,22.2464],[81.0989,22.2675],[81.104,22.2771],[81.121,22.294],[81.1222,22.3029],[81.1219,22.3122],[81.1176,22.3211],[81.1164,22.3292],[81.1192,22.3342],[81.1228,22.3437],[81.1177,22.3526],[81.114,22.3617],[81.1081,22.3827],[81.1098,22.3908],[81.1118,22.4103],[81.1106,22.4215],[81.1121,22.4322],[81.1172,22.4405],[81.1299,22.447],[81.1412,22.4514],[81.1553,22.4553],[81.165,22.4739],[81.1713,22.4813],[81.1779,22.4874],[81.1873,22.4896],[81.1941,22.4886],[81.1998,22.4819],[81.2005,22.4732],[81.2022,22.4672],[81.2014,22.4616],[81.2093,22.4563],[81.217,22.4533],[81.2256,22.4512],[81.2308,22.4511],[81.2403,22.4547],[81.2476,22.4587],[81.2627,22.472],[81.2634,22.4876],[81.2677,22.4931],[81.274,22.4936],[81.2787,22.4954],[81.2827,22.4989],[81.2874,22.4983],[81.2989,22.4888],[81.305,22.4861],[81.3112,22.4813],[81.3231,22.4893],[81.3214,22.4992],[81.3221,22.5154],[81.3266,22.5191],[81.3302,22.5238],[81.3391,22.5219],[81.3552,22.5136]]]},"properties":{"district_name":"Kabeerdham","raw_district_name":"Kabeerdham","state_code":"CT","state_name":"Chhattisgarh","census_code":407,"data_source":"DataMeet India Maps (Census 2011 Boundaries)"}}]}