{"type":"FeatureCollection","properties":{"state_code":"HP","state_name":"Himachal Pradesh","data_source":"DataMeet India Maps"},"features":[{"type":"Feature","geometry":{"type":"Polygon","coordinates":[[[76.7298,31.5854],[76.7313,31.5822],[76.7311,31.5729],[76.7284,31.5638],[76.7349,31.5627],[76.7292,31.5556],[76.7303,31.5466],[76.7362,31.5398],[76.7347,31.5329],[76.7397,31.525],[76.7368,31.5221],[76.7328,31.5199],[76.7409,31.5179],[76.7472,31.5188],[76.7632,31.5192],[76.7671,31.5201],[76.7725,31.5161],[76.7852,31.5029],[76.7863,31.5017],[76.7892,31.4946],[76.7859,31.4841],[76.7922,31.4793],[76.798,31.4762],[76.7986,31.4646],[76.8025,31.4567],[76.8033,31.4514],[76.7986,31.4517],[76.7972,31.4456],[76.8037,31.4403],[76.8058,31.4329],[76.803,31.4268],[76.8041,31.4226],[76.812,31.4237],[76.8165,31.4203],[76.8243,31.4183],[76.828,31.4206],[76.834,31.4216],[76.8459,31.416],[76.8592,31.4129],[76.8699,31.4131],[76.8806,31.4118],[76.8829,31.4012],[76.8835,31.3883],[76.8767,31.3853],[76.8693,31.3846],[76.8652,31.3811],[76.8708,31.3746],[76.8757,31.3672],[76.8739,31.3607],[76.8758,31.3544],[76.8761,31.3538],[76.8759,31.3497],[76.8774,31.346],[76.8819,31.3403],[76.8761,31.3313],[76.8802,31.3274],[76.895,31.3192],[76.9042,31.3161],[76.913,31.3164],[76.9194,31.3137],[76.9231,31.3034],[76.928,31.3022],[76.9207,31.2894],[76.9163,31.2841],[76.9103,31.2811],[76.9047,31.2802],[76.8987,31.2781],[76.8962,31.2737],[76.8993,31.2681],[76.8966,31.2648],[76.8899,31.2661],[76.8823,31.2628],[76.8764,31.2621],[76.8719,31.2569],[76.867,31.2463],[76.8704,31.2462],[76.8744,31.2353],[76.8835,31.2239],[76.8739,31.2185],[76.8607,31.2188],[76.8498,31.2238],[76.8447,31.2297],[76.8378,31.232],[76.8313,31.2262],[76.8266,31.226],[76.8258,31.2255],[76.8185,31.2284],[76.8133,31.2282],[76.8079,31.2304],[76.799,31.2263],[76.7791,31.2205],[76.7749,31.2271],[76.768,31.2282],[76.7577,31.2286],[76.7491,31.2332],[76.7453,31.2365],[76.7381,31.2395],[76.7326,31.2402],[76.7287,31.2343],[76.7228,31.2303],[76.7132,31.2262],[76.7057,31.224],[76.6999,31.2211],[76.6941,31.217],[76.6719,31.2152],[76.6643,31.2122],[76.6494,31.2098],[76.6481,31.2122],[76.6385,31.2179],[76.64,31.2239],[76.6303,31.2263],[76.6007,31.213],[76.5946,31.2133],[76.5933,31.2174],[76.5899,31.2227],[76.5965,31.2279],[76.5987,31.2366],[76.6067,31.2431],[76.6156,31.2478],[76.5846,31.2771],[76.5663,31.2619],[76.5599,31.2529],[76.5489,31.2524],[76.5467,31.2635],[76.5488,31.2694],[76.5512,31.281],[76.5453,31.2806],[76.5419,31.267],[76.5321,31.2594],[76.5283,31.2616],[76.5306,31.2745],[76.5283,31.2802],[76.5249,31.2797],[76.5174,31.275],[76.5122,31.2704],[76.5026,31.2705],[76.4972,31.2814],[76.4937,31.2862],[76.4897,31.2894],[76.4891,31.2962],[76.4865,31.3039],[76.4808,31.3074],[76.4761,31.304],[76.465,31.2934],[76.4598,31.2869],[76.4451,31.2801],[76.4425,31.2864],[76.4498,31.2919],[76.4596,31.2976],[76.4623,31.3032],[76.4515,31.3147],[76.4421,31.3224],[76.4323,31.3346],[76.4269,31.345],[76.4229,31.3511],[76.4134,31.3628],[76.4052,31.376],[76.3934,31.3886],[76.4045,31.3947],[76.3958,31.408],[76.3966,31.413],[76.3958,31.4218],[76.3988,31.427],[76.4173,31.4126],[76.435,31.4115],[76.4416,31.4148],[76.449,31.4166],[76.4597,31.4223],[76.4669,31.4242],[76.47,31.4244],[76.4719,31.4244],[76.4737,31.4307],[76.4737,31.4402],[76.4792,31.4419],[76.4781,31.4448],[76.4713,31.4441],[76.4645,31.4464],[76.4664,31.4488],[76.4705,31.4587],[76.4588,31.4731],[76.4528,31.4832],[76.459,31.486],[76.4641,31.4841],[76.4676,31.4806],[76.4843,31.4708],[76.492,31.4694],[76.4999,31.4691],[76.5131,31.4603],[76.5177,31.4679],[76.5258,31.4609],[76.5329,31.4613],[76.5347,31.4545],[76.554,31.4418],[76.557,31.4388],[76.5605,31.4293],[76.5723,31.4318],[76.5897,31.4221],[76.5933,31.4257],[76.602,31.4222],[76.6083,31.4211],[76.6142,31.4187],[76.6179,31.4235],[76.6162,31.4313],[76.6253,31.4388],[76.6272,31.4452],[76.6102,31.4698],[76.608,31.4906],[76.6193,31.5148],[76.6194,31.5205],[76.6207,31.5279],[76.6169,31.5327],[76.6166,31.5396],[76.6143,31.547],[76.6194,31.5573],[76.6168,31.5657],[76.6221,31.5735],[76.6228,31.5736],[76.6326,31.5756],[76.6447,31.5873],[76.6553,31.5842],[76.6668,31.5829],[76.6732,31.5855],[76.6812,31.5871],[76.6851,31.5932],[76.7054,31.599],[76.729,31.5872],[76.7298,31.5854]]]},"properties":{"district_name":"Bilaspur","raw_district_name":"Bilaspur","state_code":"HP","state_name":"Himachal Pradesh","census_code":30,"data_source":"DataMeet India Maps (Census 2011 Boundaries)"}},{"type":"Feature","geometry":{"type":"Polygon","coordinates":[[[76.5737,33.2063],[76.5808,33.2057],[76.5855,33.2065],[76.5946,33.2052],[76.5997,33.2063],[76.604,33.2037],[76.604,33.2037],[76.604,33.2037],[76.6025,33.199],[76.6018,33.1925],[76.6058,33.1894],[76.6104,33.19],[76.6151,33.1874],[76.6167,33.1833],[76.6167,33.1833],[76.6163,33.1759],[76.6174,33.1731],[76.6304,33.1653],[76.6448,33.1618],[76.6585,33.164],[76.6689,33.1711],[76.6773,33.1704],[76.6873,33.1726],[76.7031,33.1732],[76.7115,33.1768],[76.7146,33.1807],[76.7263,33.1805],[76.7321,33.1766],[76.7478,33.1786],[76.7478,33.1786],[76.7467,33.1587],[76.7444,33.1546],[76.7483,33.1488],[76.7489,33.1401],[76.7477,33.1305],[76.7457,33.1257],[76.7408,33.1209],[76.7411,33.115],[76.7379,33.1066],[76.7358,33.097],[76.7373,33.0898],[76.7359,33.0831],[76.7375,33.0754],[76.7438,33.0641],[76.7459,33.0535],[76.7556,33.0446],[76.7542,33.0388],[76.7576,33.037],[76.7568,33.0257],[76.7626,33.0183],[76.7689,33.0179],[76.7757,33.0148],[76.7732,33.0099],[76.7747,33.0024],[76.7736,33.0006],[76.7745,32.994],[76.7803,32.9927],[76.7857,32.9903],[76.7872,32.9884],[76.7801,32.9841],[76.7767,32.9807],[76.7801,32.968],[76.7798,32.9612],[76.7856,32.9616],[76.7913,32.9608],[76.7773,32.9456],[76.7737,32.9377],[76.7682,32.9364],[76.7655,32.9338],[76.7633,32.9297],[76.7447,32.926],[76.7192,32.9228],[76.718,32.9136],[76.7175,32.8903],[76.702,32.8814],[76.6978,32.8782],[76.6965,32.8711],[76.6904,32.8643],[76.685,32.8541],[76.6788,32.8518],[76.6709,32.8458],[76.6641,32.8463],[76.6568,32.8488],[76.6476,32.844],[76.6401,32.8418],[76.6301,32.8434],[76.6229,32.8483],[76.6179,32.8532],[76.6124,32.8542],[76.6038,32.8487],[76.5913,32.8381],[76.5757,32.8284],[76.5626,32.8241],[76.5543,32.8173],[76.5469,32.8129],[76.5365,32.8116],[76.5273,32.8068],[76.5133,32.8032],[76.4734,32.8053],[76.4701,32.8125],[76.4711,32.8209],[76.4648,32.8257],[76.457,32.8463],[76.4556,32.8521],[76.4439,32.8538],[76.4334,32.8511],[76.4182,32.8454],[76.4104,32.8415],[76.405,32.8366],[76.3989,32.8288],[76.3932,32.8232],[76.3829,32.8216],[76.3772,32.8198],[76.3752,32.81],[76.3755,32.7969],[76.3853,32.7924],[76.387,32.7844],[76.3849,32.7747],[76.4036,32.7377],[76.4036,32.7276],[76.4179,32.7195],[76.4255,32.7124],[76.4293,32.7062],[76.4309,32.6989],[76.429,32.6916],[76.4264,32.6882],[76.4305,32.683],[76.4358,32.6782],[76.4395,32.676],[76.446,32.6744],[76.4427,32.6596],[76.4517,32.655],[76.4642,32.6527],[76.4921,32.6621],[76.504,32.665],[76.5167,32.6669],[76.5221,32.6659],[76.5303,32.6578],[76.5386,32.6558],[76.5501,32.6582],[76.5757,32.6495],[76.5936,32.6425],[76.5967,32.6308],[76.6036,32.6257],[76.6033,32.6174],[76.6045,32.6104],[76.6089,32.6062],[76.616,32.6046],[76.6315,32.603],[76.6289,32.5982],[76.6248,32.5862],[76.6253,32.5785],[76.6299,32.5742],[76.639,32.576],[76.6495,32.5804],[76.6689,32.5723],[76.6803,32.57],[76.6895,32.5705],[76.7055,32.5733],[76.71,32.5695],[76.7091,32.5614],[76.7066,32.5543],[76.7008,32.5464],[76.7072,32.5435],[76.7149,32.5382],[76.7248,32.5521],[76.7316,32.5551],[76.7397,32.5607],[76.7466,32.5582],[76.7537,32.5577],[76.7578,32.5584],[76.7677,32.5473],[76.7724,32.5509],[76.7815,32.5525],[76.7923,32.5441],[76.7955,32.5371],[76.802,32.5342],[76.809,32.5337],[76.8149,32.535],[76.8217,32.5377],[76.828,32.5385],[76.8302,32.5309],[76.8392,32.5264],[76.8487,32.529],[76.8568,32.5322],[76.8659,32.5334],[76.8734,32.5315],[76.8717,32.5272],[76.8742,32.5217],[76.8832,32.5199],[76.8797,32.5171],[76.8759,32.5098],[76.8702,32.5042],[76.8652,32.4962],[76.863,32.4895],[76.8572,32.483],[76.8538,32.4763],[76.8558,32.4696],[76.8591,32.4645],[76.8653,32.4611],[76.8574,32.4561],[76.8475,32.4478],[76.8356,32.4413],[76.8242,32.4371],[76.814,32.4276],[76.8113,32.4186],[76.803,32.4122],[76.7869,32.4063],[76.7848,32.39],[76.7857,32.382],[76.7879,32.3746],[76.7829,32.3692],[76.7782,32.3621],[76.7732,32.3595],[76.7591,32.3601],[76.7541,32.3583],[76.7573,32.3518],[76.7632,32.3453],[76.7729,32.3392],[76.777,32.3328],[76.779,32.3268],[76.7857,32.3166],[76.7805,32.3126],[76.7721,32.3085],[76.7751,32.3006],[76.7762,32.2911],[76.7707,32.2817],[76.7797,32.268],[76.7758,32.2615],[76.7699,32.254],[76.7711,32.2503],[76.7782,32.2486],[76.7715,32.2425],[76.7732,32.2272],[76.7713,32.2212],[76.7664,32.214],[76.7608,32.2071],[76.7547,32.2034],[76.7397,32.1887],[76.7371,32.1877],[76.7283,32.1912],[76.721,32.1956],[76.7137,32.1985],[76.7093,32.1987],[76.6984,32.1968],[76.6932,32.19],[76.6878,32.1857],[76.6825,32.1797],[76.6734,32.179],[76.6659,32.1803],[76.6594,32.1832],[76.625,32.1925],[76.6136,32.1991],[76.6078,32.2069],[76.5996,32.2148],[76.5901,32.2211],[76.5724,32.2257],[76.5645,32.2252],[76.5566,32.229],[76.5485,32.2285],[76.526,32.2333],[76.5245,32.2377],[76.5135,32.2329],[76.5044,32.2333],[76.4945,32.2433],[76.489,32.2457],[76.4821,32.2519],[76.4765,32.248],[76.4701,32.2478],[76.4638,32.2487],[76.4584,32.2551],[76.4496,32.262],[76.4405,32.2657],[76.4329,32.2631],[76.4245,32.2645],[76.4197,32.2799],[76.4071,32.2828],[76.3791,32.2972],[76.3733,32.3024],[76.3639,32.3173],[76.3558,32.3266],[76.3483,32.3258],[76.3386,32.3262],[76.3308,32.3325],[76.3254,32.3358],[76.317,32.3373],[76.3092,32.3402],[76.3019,32.3377],[76.2949,32.3401],[76.2874,32.3566],[76.2863,32.3635],[76.284,32.3679],[76.2755,32.3743],[76.2734,32.3754],[76.2666,32.3737],[76.2618,32.3797],[76.2595,32.393],[76.2547,32.3943],[76.2427,32.3935],[76.2232,32.3955],[76.2202,32.3938],[76.217,32.3875],[76.2114,32.3789],[76.2058,32.374],[76.1988,32.3691],[76.1901,32.365],[76.1773,32.357],[76.1665,32.3538],[76.1697,32.351],[76.1706,32.3457],[76.1735,32.3403],[76.1728,32.3375],[76.1696,32.3326],[76.1683,32.3265],[76.1657,32.3227],[76.1604,32.3179],[76.1626,32.3129],[76.1628,32.2982],[76.167,32.2888],[76.168,32.2837],[76.1733,32.2802],[76.1815,32.2768],[76.1866,32.2727],[76.1871,32.2666],[76.1848,32.2562],[76.1805,32.2454],[76.1842,32.2324],[76.1817,32.2274],[76.1769,32.2249],[76.1733,32.2248],[76.1728,32.2306],[76.1686,32.237],[76.1595,32.2305],[76.1507,32.2272],[76.1437,32.2254],[76.1322,32.2285],[76.1261,32.2284],[76.1226,32.2284],[76.1251,32.2351],[76.1236,32.2419],[76.1241,32.2514],[76.1198,32.2568],[76.1102,32.2586],[76.0996,32.2636],[76.0938,32.2685],[76.0866,32.2711],[76.0784,32.2712],[76.0722,32.269],[76.0474,32.2644],[76.0415,32.269],[76.0311,32.2705],[76.0266,32.2787],[76.017,32.2908],[76.0168,32.2989],[76.0198,32.3034],[76.0211,32.3121],[76.0236,32.3183],[76.0236,32.3208],[76.0157,32.3181],[76.0181,32.3246],[76.022,32.3307],[76.0198,32.3379],[76.0052,32.3541],[76,32.3637],[75.9914,32.3756],[75.9793,32.3851],[75.9746,32.3909],[75.9675,32.3919],[75.9592,32.3902],[75.9474,32.3922],[75.9377,32.3955],[75.9349,32.4006],[75.9269,32.4087],[75.9312,32.4098],[75.9417,32.4113],[75.948,32.4163],[75.9505,32.4243],[75.9473,32.4303],[75.9403,32.4385],[75.9314,32.4483],[75.9113,32.4615],[75.903,32.4717],[75.8847,32.4884],[75.8712,32.4993],[75.8669,32.5077],[75.8674,32.5211],[75.8724,32.5375],[75.8864,32.5586],[75.8915,32.5707],[75.8886,32.576],[75.9024,32.5918],[75.9208,32.6151],[75.924,32.619],[75.9399,32.6435],[75.9417,32.6541],[75.9417,32.6541],[75.9404,32.6581],[75.9311,32.6658],[75.9217,32.6722],[75.9152,32.6806],[75.9152,32.6806],[75.9142,32.6853],[75.9129,32.691],[75.9129,32.691],[75.9154,32.7002],[75.9212,32.7093],[75.9263,32.7209],[75.9305,32.742],[75.9305,32.742],[75.929,32.7571],[75.929,32.7571],[75.9166,32.7699],[75.9166,32.7699],[75.9022,32.7956],[75.9022,32.7956],[75.8959,32.8054],[75.8904,32.8139],[75.8718,32.8264],[75.854,32.8371],[75.8441,32.8407],[75.8376,32.8431],[75.8324,32.8474],[75.8249,32.8536],[75.8249,32.8537],[75.8247,32.8538],[75.8221,32.8565],[75.8113,32.8706],[75.8113,32.8706],[75.8065,32.8819],[75.8061,32.8836],[75.8058,32.8851],[75.8041,32.8938],[75.8065,32.8945],[75.8105,32.8978],[75.8167,32.9044],[75.8185,32.9108],[75.816,32.9174],[75.815,32.9199],[75.8201,32.9241],[75.8247,32.9303],[75.8382,32.934],[75.8507,32.9351],[75.8669,32.9316],[75.8839,32.9306],[75.8977,32.9251],[75.9169,32.916],[75.9304,32.9065],[75.94,32.8983],[75.9506,32.8845],[75.9563,32.8844],[75.9625,32.8853],[76,32.9005],[76.0042,32.9007],[76.0144,32.9095],[76.0215,32.9141],[76.0304,32.916],[76.0341,32.9177],[76.0381,32.9245],[76.0406,32.9317],[76.045,32.9375],[76.0596,32.9403],[76.0674,32.9443],[76.0714,32.951],[76.0829,32.958],[76.087,32.9622],[76.0954,32.9661],[76.0992,32.9688],[76.1027,32.975],[76.1083,32.9928],[76.1117,33.0004],[76.1112,33.0028],[76.1111,33.0033],[76.1108,33.0049],[76.1244,33.0079],[76.1331,33.0086],[76.1376,33.0104],[76.1454,33.0101],[76.1611,33.0164],[76.1694,33.0229],[76.2055,33.0275],[76.2334,33.0284],[76.2467,33.0301],[76.247,33.0306],[76.2546,33.0324],[76.2726,33.0521],[76.2849,33.0859],[76.2887,33.0962],[76.2933,33.0979],[76.2943,33.1005],[76.2924,33.1038],[76.2924,33.1038],[76.3055,33.113],[76.3094,33.12],[76.3244,33.127],[76.3331,33.13],[76.3532,33.1461],[76.3697,33.1546],[76.3734,33.1544],[76.3765,33.1573],[76.3784,33.1625],[76.3838,33.1678],[76.3912,33.1732],[76.3975,33.1762],[76.4022,33.1826],[76.4094,33.1864],[76.4183,33.1863],[76.4254,33.1881],[76.4395,33.1815],[76.4475,33.1825],[76.4595,33.1801],[76.4679,33.1826],[76.4733,33.183],[76.4839,33.1795],[76.4868,33.1795],[76.5065,33.1897],[76.5137,33.1956],[76.5166,33.1963],[76.5235,33.1953],[76.538,33.2],[76.552,33.1989],[76.5598,33.2063],[76.5653,33.209],[76.5737,33.2063]]]},"properties":{"district_name":"Chamba","raw_district_name":"Chamba","state_code":"HP","state_name":"Himachal Pradesh","census_code":23,"data_source":"DataMeet India Maps (Census 2011 Boundaries)"}},{"type":"Feature","geometry":{"type":"Polygon","coordinates":[[[76.6407,31.8747],[76.6364,31.8687],[76.634,31.8512],[76.6282,31.8427],[76.6276,31.8349],[76.6287,31.8252],[76.6275,31.8163],[76.6212,31.7901],[76.6254,31.7756],[76.6295,31.7687],[76.6367,31.7498],[76.648,31.7424],[76.6502,31.742],[76.6576,31.7399],[76.6665,31.7388],[76.6739,31.7321],[76.6722,31.7218],[76.676,31.7148],[76.6886,31.7088],[76.6869,31.7014],[76.692,31.6975],[76.6917,31.6936],[76.6937,31.6822],[76.7181,31.672],[76.7277,31.6649],[76.7239,31.6575],[76.7156,31.6307],[76.7162,31.6211],[76.7239,31.6069],[76.7288,31.593],[76.7298,31.5854],[76.729,31.5872],[76.7054,31.599],[76.6851,31.5932],[76.6812,31.5871],[76.6732,31.5855],[76.6668,31.5829],[76.6553,31.5842],[76.6447,31.5873],[76.6326,31.5756],[76.6228,31.5736],[76.6221,31.5735],[76.6168,31.5657],[76.6194,31.5573],[76.6143,31.547],[76.6166,31.5396],[76.6169,31.5327],[76.6207,31.5279],[76.6194,31.5205],[76.6193,31.5148],[76.608,31.4906],[76.6102,31.4698],[76.6272,31.4452],[76.6253,31.4388],[76.6162,31.4313],[76.6179,31.4235],[76.6142,31.4187],[76.6083,31.4211],[76.602,31.4222],[76.5933,31.4257],[76.5897,31.4221],[76.5723,31.4318],[76.5605,31.4293],[76.557,31.4388],[76.554,31.4418],[76.5347,31.4545],[76.5329,31.4613],[76.5258,31.4609],[76.5177,31.4679],[76.5131,31.4603],[76.4999,31.4691],[76.492,31.4694],[76.4843,31.4708],[76.4676,31.4806],[76.4641,31.4841],[76.459,31.486],[76.4452,31.5034],[76.4392,31.514],[76.4357,31.5222],[76.4378,31.5248],[76.4369,31.5274],[76.4394,31.5368],[76.4357,31.5406],[76.4326,31.5456],[76.4081,31.5903],[76.4001,31.6105],[76.3956,31.6137],[76.3938,31.615],[76.3944,31.6201],[76.3779,31.6345],[76.3677,31.6406],[76.3571,31.6522],[76.3523,31.6645],[76.3445,31.6754],[76.3357,31.6828],[76.328,31.695],[76.3196,31.7126],[76.3149,31.7186],[76.3139,31.7217],[76.3173,31.7259],[76.3196,31.7313],[76.3161,31.7338],[76.3159,31.7399],[76.3126,31.7425],[76.3105,31.7483],[76.3115,31.7561],[76.308,31.7578],[76.3101,31.764],[76.3128,31.7686],[76.3028,31.7762],[76.3011,31.7826],[76.3013,31.7879],[76.3046,31.7875],[76.3068,31.7822],[76.3087,31.7801],[76.3144,31.7781],[76.3213,31.7789],[76.3382,31.7846],[76.3526,31.7934],[76.3566,31.7913],[76.3627,31.7861],[76.3676,31.7814],[76.3701,31.7776],[76.3823,31.7809],[76.3934,31.7928],[76.3992,31.7976],[76.4081,31.7913],[76.4127,31.7847],[76.4145,31.796],[76.4304,31.7946],[76.4366,31.7969],[76.4403,31.8101],[76.4463,31.8102],[76.4449,31.8029],[76.4507,31.8031],[76.4615,31.8053],[76.4554,31.814],[76.4592,31.8182],[76.4651,31.8157],[76.4687,31.8104],[76.4741,31.8108],[76.4752,31.8163],[76.4678,31.827],[76.4703,31.8292],[76.4734,31.8306],[76.4793,31.8316],[76.4996,31.8394],[76.5199,31.844],[76.5207,31.8507],[76.5165,31.857],[76.5169,31.8583],[76.5233,31.8642],[76.5375,31.8714],[76.5524,31.8821],[76.5684,31.8898],[76.5921,31.8962],[76.606,31.894],[76.6407,31.8747]]]},"properties":{"district_name":"Hamirpur","raw_district_name":"Hamirpur","state_code":"HP","state_name":"Himachal Pradesh","census_code":28,"data_source":"DataMeet India Maps (Census 2011 Boundaries)"}},{"type":"Feature","geometry":{"type":"Polygon","coordinates":[[[77.0747,32.397],[77.0761,32.394],[77.0726,32.3902],[77.0692,32.3834],[77.0551,32.3704],[77.0524,32.3665],[77.0462,32.3482],[77.0409,32.3399],[77.044,32.3335],[77.0451,32.3279],[77.045,32.3228],[77.042,32.3182],[77.0319,32.3103],[77.0307,32.3067],[77.0343,32.2937],[77.0367,32.2903],[77.0365,32.2848],[77.0315,32.276],[77.0302,32.2719],[77.0301,32.2613],[77.0325,32.257],[77.0329,32.2529],[77.0317,32.2474],[77.0343,32.2429],[77.0434,32.236],[77.0524,32.226],[77.0467,32.2163],[77.0386,32.2071],[77.0211,32.2061],[77.0165,32.2012],[77.0055,32.2],[77.0023,32.1966],[76.995,32.1869],[76.9995,32.1823],[76.995,32.175],[76.9913,32.1639],[76.987,32.1543],[76.9846,32.1316],[76.9868,32.1168],[76.9887,32.1109],[76.9462,32.1124],[76.9448,32.1049],[76.9424,32.099],[76.9387,32.0929],[76.9428,32.0859],[76.9422,32.0794],[76.9439,32.0666],[76.9394,32.0628],[76.9298,32.0594],[76.9221,32.0586],[76.9148,32.0605],[76.9029,32.0597],[76.8873,32.0576],[76.8683,32.0511],[76.8589,32.0502],[76.8518,32.0477],[76.8483,32.0442],[76.8424,32.0411],[76.8392,32.0435],[76.8261,32.0487],[76.8149,32.0583],[76.8037,32.0659],[76.8011,32.0736],[76.7925,32.0746],[76.7871,32.0734],[76.7826,32.0668],[76.7769,32.0689],[76.7702,32.0652],[76.7613,32.0536],[76.744,32.0376],[76.7381,32.0301],[76.7307,32.0292],[76.7299,32.0324],[76.7236,32.0325],[76.7141,32.0351],[76.7064,32.0394],[76.706,32.045],[76.7029,32.0489],[76.6885,32.0518],[76.6797,32.0481],[76.6763,32.0453],[76.6753,32.0412],[76.6628,32.0307],[76.6647,32.0121],[76.6692,32.0008],[76.6804,31.9871],[76.6845,31.977],[76.6867,31.967],[76.6844,31.9615],[76.6896,31.955],[76.6902,31.9479],[76.6912,31.9438],[76.6941,31.9326],[76.6888,31.9305],[76.6871,31.9262],[76.6873,31.9217],[76.683,31.9108],[76.6779,31.9079],[76.6776,31.9047],[76.679,31.8982],[76.6752,31.8945],[76.6754,31.8878],[76.6754,31.8859],[76.6775,31.8793],[76.6782,31.8734],[76.6688,31.8732],[76.6596,31.8708],[76.6494,31.8721],[76.6407,31.8747],[76.606,31.894],[76.5921,31.8962],[76.5684,31.8898],[76.5524,31.8821],[76.5375,31.8714],[76.5233,31.8642],[76.5169,31.8583],[76.5165,31.857],[76.5207,31.8507],[76.5199,31.844],[76.4996,31.8394],[76.4793,31.8316],[76.4734,31.8306],[76.4703,31.8292],[76.4678,31.827],[76.4752,31.8163],[76.4741,31.8108],[76.4687,31.8104],[76.4651,31.8157],[76.4592,31.8182],[76.4554,31.814],[76.4615,31.8053],[76.4507,31.8031],[76.4449,31.8029],[76.4463,31.8102],[76.4403,31.8101],[76.4366,31.7969],[76.4304,31.7946],[76.4145,31.796],[76.4127,31.7847],[76.4081,31.7913],[76.3992,31.7976],[76.3934,31.7928],[76.3823,31.7809],[76.3701,31.7776],[76.3676,31.7814],[76.3627,31.7861],[76.3566,31.7913],[76.3526,31.7934],[76.3382,31.7846],[76.3213,31.7789],[76.3144,31.7781],[76.3087,31.7801],[76.3068,31.7822],[76.3046,31.7875],[76.3013,31.7879],[76.3011,31.7826],[76.3028,31.7762],[76.3128,31.7686],[76.3101,31.764],[76.308,31.7578],[76.3115,31.7561],[76.3105,31.7483],[76.3126,31.7425],[76.3159,31.7399],[76.3161,31.7338],[76.3196,31.7313],[76.3173,31.7259],[76.3139,31.7217],[76.3125,31.7201],[76.2947,31.6912],[76.2896,31.6866],[76.2845,31.6908],[76.2792,31.6986],[76.2712,31.7057],[76.2569,31.7146],[76.2513,31.7182],[76.2488,31.7223],[76.2239,31.7427],[76.21,31.7633],[76.2093,31.7684],[76.2038,31.7729],[76.1947,31.7722],[76.1896,31.7681],[76.1827,31.77],[76.1846,31.7766],[76.1803,31.784],[76.1718,31.7886],[76.1661,31.7936],[76.16,31.7962],[76.1319,31.8002],[76.1149,31.8055],[76.1019,31.8191],[76.0904,31.8236],[76.0856,31.8305],[76.085,31.8313],[76.0827,31.8444],[76.0728,31.8391],[76.0544,31.8545],[76.0475,31.8616],[76.0381,31.8639],[76.0086,31.8631],[76.0019,31.8553],[76,31.851],[75.9897,31.8496],[75.9793,31.8492],[75.9701,31.8533],[75.959,31.8562],[75.9531,31.8666],[75.9462,31.8826],[75.9409,31.8886],[75.9275,31.9154],[75.9176,31.9268],[75.9108,31.9392],[75.9094,31.9487],[75.8926,31.961],[75.8846,31.965],[75.8834,31.9659],[75.8811,31.9678],[75.8717,31.9685],[75.8662,31.9716],[75.8565,31.9727],[75.8513,31.9807],[75.8289,31.9825],[75.8205,31.9842],[75.81,31.9878],[75.7992,31.9935],[75.7892,32],[75.7813,32.0069],[75.7764,32.0132],[75.7687,32.0192],[75.7633,32.0265],[75.755,32.0338],[75.7529,32.0352],[75.7489,32.0367],[75.7381,32.0356],[75.7254,32.0354],[75.7153,32.043],[75.7072,32.0589],[75.7048,32.061],[75.688,32.0665],[75.6643,32.0768],[75.655,32.0764],[75.6402,32.0723],[75.6245,32.0691],[75.6134,32.0657],[75.5936,32.0814],[75.6255,32.0993],[75.6462,32.1192],[75.6629,32.1373],[75.6706,32.1457],[75.6769,32.1644],[75.6713,32.1763],[75.6647,32.1794],[75.6353,32.185],[75.6346,32.1897],[75.6335,32.1969],[75.6353,32.2201],[75.637,32.2299],[75.6378,32.2346],[75.6493,32.2446],[75.6562,32.2472],[75.6677,32.2553],[75.6702,32.2557],[75.6912,32.2638],[75.7002,32.2648],[75.7202,32.267],[75.7518,32.2734],[75.7673,32.2838],[75.7701,32.2857],[75.7773,32.2958],[75.7788,32.3018],[75.7987,32.3219],[75.801,32.3234],[75.8093,32.332],[75.8148,32.337],[75.8295,32.3502],[75.8345,32.3547],[75.8531,32.3726],[75.8596,32.3789],[75.882,32.3941],[75.8877,32.398],[75.9269,32.4087],[75.9349,32.4006],[75.9377,32.3955],[75.9474,32.3922],[75.9592,32.3902],[75.9675,32.3919],[75.9746,32.3909],[75.9793,32.3851],[75.9914,32.3756],[76,32.3637],[76.0052,32.3541],[76.0198,32.3379],[76.022,32.3307],[76.0181,32.3246],[76.0157,32.3181],[76.0236,32.3208],[76.0236,32.3183],[76.0211,32.3121],[76.0198,32.3034],[76.0168,32.2989],[76.017,32.2908],[76.0266,32.2787],[76.0311,32.2705],[76.0415,32.269],[76.0474,32.2644],[76.0722,32.269],[76.0784,32.2712],[76.0866,32.2711],[76.0938,32.2685],[76.0996,32.2636],[76.1102,32.2586],[76.1198,32.2568],[76.1241,32.2514],[76.1236,32.2419],[76.1251,32.2351],[76.1226,32.2284],[76.1261,32.2284],[76.1322,32.2285],[76.1437,32.2254],[76.1507,32.2272],[76.1595,32.2305],[76.1686,32.237],[76.1728,32.2306],[76.1733,32.2248],[76.1769,32.2249],[76.1817,32.2274],[76.1842,32.2324],[76.1805,32.2454],[76.1848,32.2562],[76.1871,32.2666],[76.1866,32.2727],[76.1815,32.2768],[76.1733,32.2802],[76.168,32.2837],[76.167,32.2888],[76.1628,32.2982],[76.1626,32.3129],[76.1604,32.3179],[76.1657,32.3227],[76.1683,32.3265],[76.1696,32.3326],[76.1728,32.3375],[76.1735,32.3403],[76.1706,32.3457],[76.1697,32.351],[76.1665,32.3538],[76.1773,32.357],[76.1901,32.365],[76.1988,32.3691],[76.2058,32.374],[76.2114,32.3789],[76.217,32.3875],[76.2202,32.3938],[76.2232,32.3955],[76.2427,32.3935],[76.2547,32.3943],[76.2595,32.393],[76.2618,32.3797],[76.2666,32.3737],[76.2734,32.3754],[76.2755,32.3743],[76.284,32.3679],[76.2863,32.3635],[76.2874,32.3566],[76.2949,32.3401],[76.3019,32.3377],[76.3092,32.3402],[76.317,32.3373],[76.3254,32.3358],[76.3308,32.3325],[76.3386,32.3262],[76.3483,32.3258],[76.3558,32.3266],[76.3639,32.3173],[76.3733,32.3024],[76.3791,32.2972],[76.4071,32.2828],[76.4197,32.2799],[76.4245,32.2645],[76.4329,32.2631],[76.4405,32.2657],[76.4496,32.262],[76.4584,32.2551],[76.4638,32.2487],[76.4701,32.2478],[76.4765,32.248],[76.4821,32.2519],[76.489,32.2457],[76.4945,32.2433],[76.5044,32.2333],[76.5135,32.2329],[76.5245,32.2377],[76.526,32.2333],[76.5485,32.2285],[76.5566,32.229],[76.5645,32.2252],[76.5724,32.2257],[76.5901,32.2211],[76.5996,32.2148],[76.6078,32.2069],[76.6136,32.1991],[76.625,32.1925],[76.6594,32.1832],[76.6659,32.1803],[76.6734,32.179],[76.6825,32.1797],[76.6878,32.1857],[76.6932,32.19],[76.6984,32.1968],[76.7093,32.1987],[76.7137,32.1985],[76.721,32.1956],[76.7283,32.1912],[76.7371,32.1877],[76.7397,32.1887],[76.7547,32.2034],[76.7608,32.2071],[76.7664,32.214],[76.7713,32.2212],[76.7732,32.2272],[76.7715,32.2425],[76.7782,32.2486],[76.7711,32.2503],[76.7699,32.254],[76.7758,32.2615],[76.7797,32.268],[76.7707,32.2817],[76.7762,32.2911],[76.7751,32.3006],[76.7721,32.3085],[76.7805,32.3126],[76.7857,32.3166],[76.779,32.3268],[76.777,32.3328],[76.7729,32.3392],[76.7632,32.3453],[76.7573,32.3518],[76.7541,32.3583],[76.7591,32.3601],[76.7732,32.3595],[76.7782,32.3621],[76.7829,32.3692],[76.7879,32.3746],[76.7857,32.382],[76.7848,32.39],[76.7869,32.4063],[76.803,32.4122],[76.8113,32.4186],[76.814,32.4276],[76.8242,32.4371],[76.8356,32.4413],[76.8475,32.4478],[76.8574,32.4561],[76.8653,32.4611],[76.8822,32.4671],[76.8937,32.4694],[76.9013,32.4702],[76.9088,32.4672],[76.9079,32.4602],[76.9,32.4535],[76.8955,32.4469],[76.8915,32.4388],[76.9004,32.4422],[76.9096,32.4417],[76.9178,32.4357],[76.9176,32.4286],[76.9121,32.4199],[76.9191,32.4167],[76.926,32.4156],[76.9366,32.4194],[76.9431,32.4231],[76.9486,32.4252],[76.9537,32.4247],[76.9517,32.4096],[76.9526,32.4032],[76.962,32.4033],[76.971,32.4061],[76.9814,32.405],[76.991,32.4116],[76.9957,32.4103],[77.0029,32.4116],[77.0142,32.4161],[77.0324,32.4201],[77.0466,32.4241],[77.0588,32.4292],[77.0651,32.4251],[77.0675,32.4222],[77.069,32.417],[77.0785,32.4173],[77.0805,32.4125],[77.0808,32.4091],[77.0787,32.4005],[77.0747,32.397]]]},"properties":{"district_name":"Kangra","raw_district_name":"Kangra","state_code":"HP","state_name":"Himachal Pradesh","census_code":24,"data_source":"DataMeet India Maps (Census 2011 Boundaries)"}},{"type":"Feature","geometry":{"type":"Polygon","coordinates":[[[78.6679,32.089],[78.6692,32.0839],[78.6735,32.0795],[78.6742,32.077],[78.6748,32.0766],[78.6766,32.0751],[78.6766,32.0747],[78.6776,32.0739],[78.6912,32.0649],[78.6976,32.0595],[78.6981,32.0591],[78.6988,32.0579],[78.6993,32.0565],[78.7016,32.0542],[78.7029,32.0533],[78.7044,32.049],[78.7049,32.0488],[78.7056,32.0482],[78.7062,32.0466],[78.7069,32.0414],[78.7102,32.0388],[78.7107,32.0383],[78.7107,32.0374],[78.7122,32.0369],[78.7127,32.0355],[78.7137,32.0348],[78.7142,32.0344],[78.722,32.0293],[78.7222,32.0287],[78.7287,32.0249],[78.7336,32.0208],[78.7339,32.0202],[78.7393,32.016],[78.7396,32.0153],[78.7422,32.0131],[78.7427,32.0118],[78.7436,32.0088],[78.7444,32.0085],[78.7457,32.0076],[78.7459,32.0067],[78.7464,32.0064],[78.7469,32.0051],[78.7469,32.0044],[78.7479,32.0039],[78.7481,32.0032],[78.7538,31.9996],[78.7562,32],[78.7673,31.9992],[78.7698,31.9986],[78.7773,31.9968],[78.7851,31.9954],[78.7867,31.9949],[78.7878,31.9953],[78.7877,31.992],[78.7873,31.9905],[78.7871,31.99],[78.7859,31.9869],[78.7777,31.9593],[78.7741,31.9502],[78.7692,31.9351],[78.7668,31.9301],[78.762,31.9205],[78.7568,31.9155],[78.7561,31.9153],[78.754,31.9129],[78.7525,31.9115],[78.7517,31.9113],[78.7514,31.9106],[78.7511,31.9102],[78.7493,31.9085],[78.7489,31.9051],[78.7478,31.9044],[78.7467,31.9036],[78.746,31.9021],[78.7458,31.9012],[78.7476,31.8998],[78.7479,31.8984],[78.7481,31.8936],[78.7449,31.8855],[78.7441,31.8849],[78.7437,31.8841],[78.7412,31.8805],[78.7408,31.8794],[78.7406,31.8787],[78.7402,31.877],[78.7405,31.8706],[78.7398,31.8424],[78.7383,31.8334],[78.7382,31.8327],[78.7369,31.8307],[78.7361,31.8303],[78.7347,31.8297],[78.7202,31.8222],[78.7184,31.8212],[78.7178,31.8212],[78.7177,31.8207],[78.7173,31.8199],[78.7168,31.8199],[78.711,31.8126],[78.7093,31.8097],[78.7087,31.808],[78.7071,31.8021],[78.7076,31.7887],[78.7095,31.7819],[78.7101,31.7813],[78.7106,31.7791],[78.7125,31.7742],[78.7171,31.7699],[78.7181,31.769],[78.7196,31.7658],[78.7318,31.7623],[78.7381,31.7604],[78.7409,31.7592],[78.7403,31.7554],[78.7331,31.7491],[78.7314,31.7457],[78.7304,31.7446],[78.728,31.7402],[78.7275,31.7366],[78.7281,31.7364],[78.7286,31.7361],[78.7288,31.7343],[78.7295,31.7338],[78.7303,31.7334],[78.7305,31.732],[78.7346,31.7298],[78.7363,31.7273],[78.7368,31.7273],[78.7376,31.7257],[78.7418,31.7131],[78.7447,31.6977],[78.7481,31.693],[78.7494,31.6913],[78.7505,31.6873],[78.7513,31.6868],[78.7514,31.6862],[78.7522,31.6857],[78.7561,31.6833],[78.7636,31.6804],[78.7645,31.6804],[78.766,31.68],[78.7697,31.6803],[78.7707,31.6801],[78.7809,31.6814],[78.7875,31.6831],[78.7893,31.6837],[78.7958,31.6851],[78.7963,31.6828],[78.7969,31.6679],[78.8003,31.6565],[78.8021,31.6551],[78.8026,31.6537],[78.8028,31.6528],[78.8036,31.6523],[78.8053,31.65],[78.8084,31.6474],[78.8091,31.6464],[78.8107,31.6455],[78.8106,31.6451],[78.8114,31.6444],[78.825,31.6351],[78.8327,31.6317],[78.8359,31.629],[78.8401,31.6256],[78.8409,31.6245],[78.8429,31.6232],[78.8433,31.6225],[78.8437,31.6218],[78.8436,31.6209],[78.8443,31.6203],[78.8467,31.6156],[78.8472,31.6151],[78.8471,31.6104],[78.8436,31.6024],[78.8405,31.598],[78.8398,31.5976],[78.8388,31.5958],[78.8349,31.5927],[78.8339,31.5914],[78.831,31.5888],[78.8299,31.5884],[78.8289,31.5873],[78.8282,31.586],[78.8269,31.5842],[78.8262,31.5836],[78.8254,31.5833],[78.8251,31.5826],[78.8211,31.5784],[78.8132,31.5713],[78.8073,31.5688],[78.8007,31.5665],[78.784,31.5609],[78.784,31.5602],[78.7796,31.5573],[78.7771,31.5527],[78.7735,31.5487],[78.7659,31.544],[78.7624,31.5429],[78.7459,31.5394],[78.7371,31.5361],[78.735,31.5319],[78.733,31.5256],[78.7322,31.5251],[78.7314,31.5249],[78.7311,31.5242],[78.7245,31.5191],[78.7225,31.5163],[78.7224,31.5135],[78.7238,31.5101],[78.7309,31.5029],[78.7318,31.499],[78.7318,31.4823],[78.7323,31.48],[78.7349,31.4792],[78.7395,31.4811],[78.7599,31.4854],[78.7625,31.4856],[78.7639,31.486],[78.7647,31.4857],[78.7672,31.4841],[78.7703,31.4758],[78.7762,31.4716],[78.7769,31.4709],[78.7769,31.47],[78.7813,31.4675],[78.7818,31.4672],[78.7821,31.4665],[78.7839,31.466],[78.7872,31.4642],[78.7888,31.4626],[78.7899,31.4613],[78.7948,31.4581],[78.7959,31.457],[78.8082,31.4504],[78.8112,31.4478],[78.8126,31.4441],[78.813,31.4396],[78.8117,31.4347],[78.8113,31.4257],[78.8081,31.4129],[78.8054,31.4105],[78.7992,31.408],[78.7974,31.4069],[78.7973,31.406],[78.7967,31.4056],[78.7921,31.4017],[78.7916,31.3974],[78.792,31.3963],[78.7934,31.3965],[78.7976,31.3954],[78.8101,31.3916],[78.8173,31.3888],[78.8236,31.3873],[78.8269,31.3858],[78.8323,31.3834],[78.8366,31.3792],[78.8366,31.3783],[78.8423,31.3761],[78.8428,31.3763],[78.8457,31.3705],[78.8498,31.3675],[78.8503,31.3661],[78.8503,31.3655],[78.8513,31.3644],[78.8531,31.3594],[78.8536,31.3592],[78.8558,31.3494],[78.8557,31.3456],[78.8533,31.34],[78.8472,31.3339],[78.8442,31.3274],[78.8445,31.3252],[78.8489,31.3241],[78.8505,31.3242],[78.8534,31.3237],[78.8542,31.3233],[78.8556,31.3226],[78.861,31.3191],[78.8639,31.3173],[78.8648,31.3159],[78.8661,31.3149],[78.8661,31.314],[78.8671,31.3133],[78.8676,31.3129],[78.8689,31.3119],[78.8688,31.311],[78.8694,31.311],[78.8737,31.3079],[78.8763,31.3032],[78.8768,31.3032],[78.8769,31.3026],[78.8797,31.3002],[78.8801,31.2992],[78.8801,31.2986],[78.8829,31.2963],[78.8855,31.2863],[78.886,31.286],[78.8864,31.2844],[78.887,31.2842],[78.8937,31.2678],[78.8943,31.2675],[78.895,31.2656],[78.9004,31.2617],[78.9008,31.2613],[78.905,31.2601],[78.9223,31.2541],[78.9212,31.245],[78.9253,31.2287],[78.931,31.22],[78.935,31.2179],[78.9505,31.2172],[78.9504,31.214],[78.9486,31.2094],[78.9512,31.2005],[78.957,31.1956],[78.9602,31.1917],[78.9615,31.1884],[78.9681,31.1846],[78.9762,31.1812],[78.9815,31.1808],[78.9837,31.1783],[78.9872,31.1772],[78.9899,31.1729],[78.9927,31.1649],[78.9929,31.1496],[78.991,31.1455],[78.9933,31.1404],[79,31.1357],[79.0023,31.1354],[79.0044,31.1321],[79.006,31.1256],[79.0119,31.1123],[79.0119,31.1109],[79.0118,31.1101],[79.006,31.1118],[79,31.1112],[78.9808,31.1101],[78.971,31.1056],[78.9676,31.1032],[78.9573,31.0998],[78.9527,31.1001],[78.9477,31.1017],[78.9356,31.1023],[78.9278,31.1109],[78.9229,31.1111],[78.9189,31.1102],[78.9157,31.1068],[78.9145,31.1024],[78.9119,31.1004],[78.9059,31.1008],[78.8993,31.099],[78.8951,31.0986],[78.8865,31.1021],[78.8774,31.1072],[78.8671,31.121],[78.8595,31.1229],[78.8529,31.1255],[78.8441,31.1312],[78.8399,31.1384],[78.8339,31.142],[78.831,31.1488],[78.8254,31.1587],[78.8269,31.1643],[78.8157,31.1731],[78.8128,31.1774],[78.8133,31.1838],[78.8164,31.1888],[78.8184,31.1941],[78.8154,31.1973],[78.8103,31.1999],[78.8041,31.1993],[78.7861,31.1922],[78.7798,31.1908],[78.7728,31.1896],[78.7646,31.1892],[78.7356,31.1919],[78.7282,31.1916],[78.7227,31.1899],[78.7159,31.1913],[78.7107,31.1912],[78.6913,31.1981],[78.6809,31.1974],[78.675,31.1982],[78.6658,31.1928],[78.6628,31.1896],[78.6607,31.1975],[78.6532,31.2033],[78.6512,31.2145],[78.6496,31.2169],[78.6435,31.2169],[78.6323,31.2202],[78.6285,31.2224],[78.6253,31.226],[78.6158,31.2308],[78.6106,31.2314],[78.5991,31.2293],[78.5946,31.23],[78.5818,31.2287],[78.5771,31.2246],[78.5715,31.2224],[78.5654,31.2135],[78.5522,31.2017],[78.5292,31.1989],[78.5017,31.1992],[78.4921,31.2001],[78.4852,31.1988],[78.4823,31.2069],[78.4817,31.216],[78.4723,31.2229],[78.4593,31.2393],[78.4468,31.2447],[78.4422,31.2511],[78.4346,31.255],[78.4295,31.246],[78.4202,31.2438],[78.4127,31.2429],[78.4065,31.2481],[78.4082,31.2574],[78.4013,31.2648],[78.3984,31.2695],[78.3965,31.2766],[78.3886,31.2744],[78.3844,31.2831],[78.3785,31.2853],[78.3715,31.286],[78.3626,31.2853],[78.3513,31.2827],[78.3418,31.2834],[78.3321,31.2803],[78.3215,31.2814],[78.3135,31.2834],[78.3067,31.2859],[78.2954,31.2927],[78.2956,31.2991],[78.298,31.3041],[78.2977,31.3094],[78.3018,31.3151],[78.2919,31.3238],[78.2748,31.3246],[78.26,31.3278],[78.2557,31.3303],[78.2532,31.3341],[78.2496,31.3367],[78.2475,31.3408],[78.2446,31.3421],[78.241,31.3409],[78.2353,31.3345],[78.2287,31.3316],[78.2256,31.3283],[78.22,31.3258],[78.2147,31.3256],[78.209,31.3289],[78.2029,31.3294],[78.186,31.3369],[78.1801,31.3365],[78.1715,31.3443],[78.1642,31.3446],[78.1597,31.3496],[78.1533,31.3599],[78.166,31.3782],[78.1633,31.3838],[78.1596,31.3874],[78.1534,31.3907],[78.1467,31.3876],[78.1407,31.3944],[78.1355,31.3965],[78.1295,31.4034],[78.1264,31.4058],[78.1168,31.4089],[78.1104,31.4095],[78.1047,31.4158],[78.1036,31.4198],[78.0941,31.4207],[78.0888,31.4222],[78.0861,31.4213],[78.0795,31.4172],[78.0738,31.4175],[78.0693,31.4156],[78.0546,31.4187],[78.0478,31.4148],[78.0329,31.4045],[78.0289,31.4021],[78.0244,31.4008],[78.0143,31.4034],[78.0087,31.4024],[78,31.4027],[77.9955,31.4047],[77.9768,31.4016],[77.9637,31.4025],[77.9607,31.4142],[77.9489,31.4221],[77.9444,31.4234],[77.9326,31.4224],[77.9281,31.4244],[77.922,31.4316],[77.9166,31.4328],[77.9123,31.4359],[77.9089,31.4404],[77.9027,31.443],[77.8982,31.4567],[77.8951,31.4605],[77.8886,31.4657],[77.8801,31.4708],[77.8833,31.4806],[77.8826,31.4869],[77.8796,31.4915],[77.8715,31.4977],[77.8695,31.504],[77.8634,31.5075],[77.8594,31.5114],[77.856,31.5059],[77.8514,31.5085],[77.8409,31.507],[77.8408,31.5132],[77.8442,31.5209],[77.8452,31.5274],[77.8434,31.5373],[77.8406,31.5457],[77.8366,31.5539],[77.8354,31.5628],[77.8392,31.5796],[77.8354,31.5857],[77.8205,31.605],[77.8143,31.611],[77.8156,31.617],[77.8237,31.6324],[77.8249,31.6381],[77.8203,31.6432],[77.8159,31.6576],[77.8122,31.6632],[77.8041,31.6694],[77.7947,31.6738],[77.7933,31.6789],[77.7896,31.6871],[77.7835,31.6949],[77.7719,31.7037],[77.7635,31.7044],[77.7553,31.7079],[77.7508,31.7139],[77.7519,31.7169],[77.7562,31.7198],[77.7559,31.7268],[77.7528,31.7436],[77.7526,31.7515],[77.7616,31.7552],[77.763,31.7621],[77.7682,31.7577],[77.7796,31.7521],[77.789,31.752],[77.799,31.759],[77.8108,31.7607],[77.8286,31.7605],[77.8491,31.7548],[77.8538,31.759],[77.8568,31.7682],[77.8582,31.7747],[77.8553,31.7812],[77.8668,31.7833],[77.8718,31.7802],[77.8763,31.7732],[77.8845,31.7698],[77.8977,31.7593],[77.8992,31.753],[77.906,31.7515],[77.9145,31.7529],[77.9212,31.7481],[77.9306,31.7469],[77.9367,31.7487],[77.936,31.7562],[77.9422,31.7584],[77.9456,31.7783],[77.9455,31.7848],[77.9542,31.7846],[77.9596,31.7819],[77.9654,31.7801],[77.9734,31.7796],[77.9775,31.7776],[77.9824,31.7796],[77.992,31.7764],[78,31.7754],[78.0043,31.775],[78.01,31.7755],[78.014,31.7706],[78.0202,31.7662],[78.0261,31.7603],[78.0333,31.761],[78.0468,31.7728],[78.0524,31.7761],[78.0549,31.7804],[78.0582,31.7835],[78.0763,31.7839],[78.0835,31.7875],[78.084,31.7907],[78.0828,31.794],[78.0857,31.8009],[78.0862,31.8093],[78.0909,31.8149],[78.0954,31.823],[78.0927,31.8299],[78.0968,31.833],[78.0958,31.8378],[78.0854,31.8451],[78.0883,31.8506],[78.0941,31.8532],[78.09,31.8584],[78.0957,31.8593],[78.1058,31.8586],[78.1123,31.8611],[78.124,31.8675],[78.1324,31.8676],[78.1381,31.8668],[78.1489,31.8678],[78.1529,31.8638],[78.1616,31.8622],[78.1731,31.8629],[78.1767,31.8663],[78.1892,31.8722],[78.188,31.8778],[78.1833,31.8878],[78.1861,31.8941],[78.1839,31.8983],[78.1868,31.9039],[78.1867,31.9074],[78.1845,31.9158],[78.1922,31.9191],[78.1954,31.9225],[78.1964,31.928],[78.2025,31.9329],[78.2128,31.9349],[78.2211,31.9332],[78.2586,31.9346],[78.2728,31.9362],[78.2865,31.931],[78.3028,31.927],[78.3046,31.935],[78.3119,31.9382],[78.3398,31.9361],[78.3434,31.9342],[78.348,31.9394],[78.3544,31.9408],[78.3621,31.9477],[78.3714,31.9604],[78.3897,31.9563],[78.4019,31.955],[78.4086,31.951],[78.4219,31.9379],[78.4283,31.9389],[78.4336,31.9364],[78.4413,31.9385],[78.4477,31.9374],[78.453,31.938],[78.457,31.9396],[78.4584,31.9422],[78.4544,31.95],[78.4589,31.9543],[78.4605,31.9592],[78.4497,31.9676],[78.4441,31.9705],[78.4362,31.9727],[78.4333,31.9794],[78.4201,31.9896],[78.4207,31.9961],[78.4222,32.0009],[78.427,32.0059],[78.4264,32.0165],[78.4303,32.0257],[78.4351,32.0342],[78.438,32.0435],[78.4411,32.0472],[78.4442,32.0528],[78.4492,32.0551],[78.4555,32.0549],[78.4609,32.0531],[78.4704,32.0485],[78.4755,32.0478],[78.4822,32.0483],[78.4826,32.0442],[78.4838,32.0421],[78.4865,32.0433],[78.4903,32.0469],[78.5052,32.05],[78.5156,32.0534],[78.5244,32.0583],[78.5426,32.0635],[78.5476,32.0621],[78.5601,32.0606],[78.5687,32.0616],[78.5879,32.0605],[78.5974,32.0582],[78.6013,32.0524],[78.6056,32.0525],[78.6169,32.0597],[78.6256,32.0639],[78.6351,32.0645],[78.6442,32.066],[78.6534,32.0697],[78.6596,32.0738],[78.6624,32.0804],[78.6628,32.0859],[78.6652,32.0893],[78.6679,32.089]]]},"properties":{"district_name":"Kinnaur","raw_district_name":"Kinnaur","state_code":"HP","state_name":"Himachal Pradesh","census_code":34,"data_source":"DataMeet India Maps (Census 2011 Boundaries)"}},{"type":"Feature","geometry":{"type":"Polygon","coordinates":[[[77.8668,31.7833],[77.8553,31.7812],[77.8582,31.7747],[77.8568,31.7682],[77.8538,31.759],[77.8491,31.7548],[77.8286,31.7605],[77.8108,31.7607],[77.799,31.759],[77.789,31.752],[77.7796,31.7521],[77.7682,31.7577],[77.763,31.7621],[77.7616,31.7552],[77.7526,31.7515],[77.7528,31.7436],[77.7559,31.7268],[77.7562,31.7198],[77.7519,31.7169],[77.7508,31.7139],[77.7428,31.7149],[77.7348,31.7146],[77.7156,31.7042],[77.7092,31.7028],[77.6947,31.7042],[77.6859,31.7035],[77.6797,31.6991],[77.67,31.6834],[77.6619,31.6795],[77.6593,31.6705],[77.6525,31.6652],[77.6488,31.6605],[77.6479,31.6577],[77.6492,31.6529],[77.6521,31.6512],[77.6634,31.6347],[77.6596,31.6313],[77.6535,31.6293],[77.6514,31.6248],[77.6486,31.613],[77.6483,31.6057],[77.6491,31.5988],[77.6526,31.5923],[77.6561,31.5783],[77.6645,31.5722],[77.674,31.5612],[77.6799,31.5597],[77.6843,31.5497],[77.6913,31.5448],[77.6993,31.5419],[77.7045,31.5298],[77.7012,31.5187],[77.7033,31.5091],[77.709,31.5024],[77.7066,31.4968],[77.7014,31.4955],[77.6887,31.4865],[77.6815,31.4778],[77.6765,31.4693],[77.671,31.4628],[77.6628,31.4596],[77.6544,31.4586],[77.6408,31.4544],[77.6322,31.4502],[77.6282,31.446],[77.6251,31.439],[77.6231,31.4235],[77.6262,31.4138],[77.634,31.3974],[77.63,31.391],[77.6197,31.3885],[77.6104,31.3936],[77.6005,31.3959],[77.5914,31.3955],[77.5714,31.3864],[77.5632,31.3886],[77.5542,31.3865],[77.5478,31.382],[77.5395,31.3689],[77.5316,31.3534],[77.5257,31.3512],[77.5183,31.3512],[77.5076,31.3552],[77.4985,31.3561],[77.4789,31.3528],[77.4761,31.3501],[77.4543,31.3476],[77.447,31.343],[77.4364,31.3442],[77.4299,31.3415],[77.4243,31.3467],[77.4188,31.3462],[77.4064,31.3568],[77.402,31.3621],[77.3968,31.3592],[77.392,31.3597],[77.3867,31.3613],[77.3908,31.3713],[77.3892,31.3764],[77.3909,31.3834],[77.3878,31.3863],[77.3888,31.3892],[77.3829,31.3939],[77.3842,31.3987],[77.3833,31.4017],[77.3855,31.4066],[77.3842,31.4118],[77.3808,31.4179],[77.3763,31.4212],[77.3706,31.4237],[77.3635,31.4287],[77.3581,31.4328],[77.3442,31.4458],[77.3372,31.4491],[77.3314,31.4579],[77.3263,31.4707],[77.3236,31.4826],[77.322,31.4976],[77.3179,31.5072],[77.3167,31.5244],[77.3198,31.5297],[77.3138,31.5379],[77.3063,31.5464],[77.3019,31.5575],[77.3046,31.5654],[77.3058,31.5797],[77.3017,31.5927],[77.3045,31.5988],[77.3071,31.6108],[77.3061,31.6217],[77.2988,31.6533],[77.3058,31.6618],[77.2846,31.6904],[77.2738,31.7012],[77.2583,31.7102],[77.2465,31.7128],[77.2386,31.7191],[77.2278,31.7225],[77.2265,31.7237],[77.2253,31.7248],[77.2175,31.721],[77.213,31.7311],[77.2129,31.7414],[77.2112,31.7493],[77.211,31.7553],[77.2079,31.7649],[77.2058,31.7692],[77.1982,31.7791],[77.1989,31.785],[77.1948,31.7911],[77.1967,31.7974],[77.1889,31.8082],[77.1906,31.8147],[77.1876,31.8215],[77.1761,31.8262],[77.179,31.8319],[77.1804,31.8416],[77.1729,31.8402],[77.1674,31.8383],[77.1212,31.8378],[77.1051,31.8385],[77.0955,31.8368],[77.0831,31.8296],[77.0787,31.8331],[77.0697,31.8357],[77.0595,31.8349],[77.0596,31.8387],[77.0577,31.8441],[77.0613,31.8561],[77.0569,31.8578],[77.055,31.8622],[77.0305,31.8934],[77.0276,31.9003],[77.0269,31.911],[77.0244,31.9205],[77.0176,31.9297],[77.0037,31.9457],[77,31.954],[76.9901,31.9651],[76.9786,31.9835],[76.9812,31.9921],[76.982,32],[76.9815,32.0114],[76.9772,32.0237],[76.9641,32.028],[76.959,32.0332],[76.944,32.0447],[76.9427,32.0574],[76.9394,32.0628],[76.9439,32.0666],[76.9422,32.0794],[76.9428,32.0859],[76.9387,32.0929],[76.9424,32.099],[76.9448,32.1049],[76.9462,32.1124],[76.9887,32.1109],[76.9868,32.1168],[76.9846,32.1316],[76.987,32.1543],[76.9913,32.1639],[76.995,32.175],[76.9995,32.1823],[76.995,32.1869],[77.0023,32.1966],[77.0055,32.2],[77.0165,32.2012],[77.0211,32.2061],[77.0386,32.2071],[77.0467,32.2163],[77.0524,32.226],[77.0434,32.236],[77.0343,32.2429],[77.0317,32.2474],[77.0329,32.2529],[77.0325,32.257],[77.0301,32.2613],[77.0302,32.2719],[77.0315,32.276],[77.0365,32.2848],[77.0367,32.2903],[77.0343,32.2937],[77.0307,32.3067],[77.0319,32.3103],[77.042,32.3182],[77.045,32.3228],[77.0451,32.3279],[77.044,32.3335],[77.0409,32.3399],[77.0462,32.3482],[77.0524,32.3665],[77.0551,32.3704],[77.0692,32.3834],[77.0726,32.3902],[77.0761,32.394],[77.0747,32.397],[77.0949,32.3982],[77.1098,32.3993],[77.1159,32.4029],[77.1347,32.4086],[77.1508,32.416],[77.1571,32.4141],[77.1807,32.4044],[77.1963,32.4014],[77.2005,32.3926],[77.2038,32.3894],[77.217,32.3828],[77.2292,32.3744],[77.237,32.377],[77.2417,32.3776],[77.2462,32.3764],[77.2557,32.3708],[77.2642,32.3634],[77.2769,32.3584],[77.2819,32.3512],[77.2836,32.3445],[77.287,32.3444],[77.298,32.3359],[77.3083,32.3361],[77.3116,32.3309],[77.3224,32.3254],[77.3264,32.3216],[77.3304,32.3146],[77.3293,32.3101],[77.3309,32.3072],[77.336,32.3085],[77.3424,32.2907],[77.3457,32.2879],[77.3476,32.284],[77.3469,32.2789],[77.3473,32.273],[77.3506,32.2672],[77.3486,32.2627],[77.3494,32.2583],[77.345,32.2539],[77.3469,32.2498],[77.3574,32.2326],[77.3701,32.2227],[77.3749,32.2222],[77.3841,32.2171],[77.3892,32.2161],[77.3955,32.2187],[77.4171,32.2052],[77.4199,32.1967],[77.4228,32.1945],[77.4285,32.194],[77.4343,32.1951],[77.4455,32.1945],[77.4579,32.1965],[77.4631,32.1989],[77.465,32.2027],[77.4643,32.2069],[77.4648,32.2118],[77.4673,32.2212],[77.4688,32.2247],[77.4739,32.2281],[77.4807,32.2258],[77.4889,32.2254],[77.5003,32.2212],[77.504,32.2154],[77.5097,32.2102],[77.5126,32.2064],[77.5145,32.2019],[77.525,32.1999],[77.5322,32.2001],[77.5348,32.2058],[77.5332,32.2136],[77.5405,32.2181],[77.5455,32.2228],[77.5643,32.2092],[77.5647,32.2013],[77.5665,32.1961],[77.5731,32.1887],[77.5816,32.1868],[77.5853,32.1826],[77.5863,32.1796],[77.594,32.1779],[77.6033,32.1704],[77.6133,32.164],[77.6189,32.1618],[77.6271,32.1621],[77.6331,32.1544],[77.6394,32.154],[77.6521,32.1478],[77.6534,32.1445],[77.6592,32.1405],[77.6596,32.1355],[77.6625,32.1287],[77.6685,32.1258],[77.6705,32.1207],[77.6738,32.1196],[77.6765,32.1178],[77.6834,32.1088],[77.688,32.1057],[77.7014,32.1051],[77.7131,32.0972],[77.7206,32.0942],[77.7347,32.0922],[77.7447,32.0916],[77.746,32.0776],[77.7478,32.0747],[77.7547,32.0709],[77.7581,32.0607],[77.7633,32.0561],[77.766,32.052],[77.7657,32.0469],[77.7641,32.0408],[77.7676,32.0372],[77.7746,32.0337],[77.7789,32.0337],[77.7917,32.0183],[77.7909,32.0164],[77.7758,32.0075],[77.7854,32.0006],[77.7917,31.992],[77.8011,31.9858],[77.8016,31.9814],[77.7949,31.9749],[77.7869,31.9713],[77.7821,31.9668],[77.7831,31.9606],[77.7749,31.9522],[77.7697,31.9432],[77.7734,31.9347],[77.7811,31.9258],[77.7839,31.9152],[77.7929,31.9056],[77.8068,31.8957],[77.8185,31.8938],[77.8311,31.8953],[77.8482,31.8891],[77.8594,31.884],[77.869,31.8827],[77.8643,31.8785],[77.8501,31.8708],[77.8409,31.8554],[77.8392,31.8487],[77.8444,31.8369],[77.8497,31.8295],[77.8475,31.8249],[77.8471,31.8179],[77.8483,31.8057],[77.8551,31.7965],[77.8637,31.7903],[77.8668,31.7833]]]},"properties":{"district_name":"Kullu","raw_district_name":"Kullu","state_code":"HP","state_name":"Himachal Pradesh","census_code":26,"data_source":"DataMeet India Maps (Census 2011 Boundaries)"}},{"type":"Feature","geometry":{"type":"Polygon","coordinates":[[[76.7963,33.2549],[76.8035,33.2528],[76.815,33.2403],[76.8208,33.2358],[76.8244,33.2353],[76.8272,33.2434],[76.832,33.2465],[76.8354,33.2476],[76.84,33.2475],[76.8464,33.2455],[76.8468,33.243],[76.8469,33.2416],[76.8413,33.2365],[76.8359,33.2302],[76.8311,33.2218],[76.8291,33.2145],[76.8291,33.2145],[76.8291,33.2145],[76.8352,33.2113],[76.8366,33.2046],[76.8213,33.1929],[76.8213,33.1929],[76.8217,33.1917],[76.8245,33.1838],[76.8231,33.1813],[76.8183,33.1768],[76.816,33.1723],[76.816,33.1723],[76.8172,33.1685],[76.8172,33.1685],[76.8172,33.1685],[76.8199,33.165],[76.8193,33.1605],[76.8193,33.1605],[76.8193,33.1605],[76.8213,33.1547],[76.8274,33.1475],[76.8329,33.1451],[76.8351,33.1409],[76.8408,33.1402],[76.8471,33.1366],[76.8459,33.1306],[76.8459,33.1306],[76.8552,33.1253],[76.8519,33.1194],[76.8519,33.1194],[76.8519,33.1194],[76.857,33.1142],[76.8623,33.1112],[76.8704,33.1104],[76.8783,33.1152],[76.8866,33.1191],[76.8951,33.113],[76.8951,33.113],[76.8953,33.106],[76.8953,33.106],[76.8953,33.106],[76.9026,33.0962],[76.9121,33.0939],[76.9128,33.0902],[76.9087,33.0833],[76.9085,33.0795],[76.9085,33.0795],[76.9085,33.0795],[76.9142,33.0745],[76.9143,33.0734],[76.9147,33.0697],[76.9147,33.0697],[76.9179,33.0628],[76.9179,33.0628],[76.928,33.0489],[76.931,33.0429],[76.9323,33.0375],[76.9323,33.0375],[76.9323,33.0375],[76.9352,33.0323],[76.9352,33.0323],[76.9419,33.0276],[76.9504,33.027],[76.966,33.017],[76.9745,33.0153],[76.9798,33.0125],[76.9799,33.0123],[76.9814,33.0086],[76.9842,33.0057],[76.9985,32.9999],[77.0046,32.9944],[77.0091,32.9913],[77.0117,32.9907],[77.0161,32.988],[77.0289,32.9917],[77.0376,32.9902],[77.0421,32.9954],[77.053,32.9981],[77.0701,32.9893],[77.0762,32.9844],[77.0836,32.9839],[77.0894,32.9745],[77.0926,32.9716],[77.1019,32.972],[77.1148,32.9759],[77.1209,32.9855],[77.1301,32.9824],[77.1378,32.981],[77.1452,32.9821],[77.1541,32.9787],[77.1536,32.9727],[77.152,32.9677],[77.152,32.9677],[77.1533,32.9629],[77.153,32.9591],[77.153,32.9591],[77.1541,32.956],[77.1638,32.9546],[77.1638,32.9409],[77.1638,32.9409],[77.1664,32.9395],[77.1662,32.9361],[77.1646,32.9325],[77.1646,32.9325],[77.1646,32.9325],[77.1669,32.9239],[77.1684,32.9183],[77.1638,32.9121],[77.1638,32.9121],[77.1638,32.9121],[77.1751,32.9113],[77.1781,32.9142],[77.1792,32.9192],[77.1814,32.9232],[77.1842,32.9262],[77.1915,32.9292],[77.1994,32.9135],[77.2066,32.9081],[77.2222,32.9044],[77.2356,32.8953],[77.2383,32.8949],[77.2459,32.8935],[77.2469,32.8848],[77.2451,32.8819],[77.2417,32.8807],[77.2417,32.8807],[77.2424,32.878],[77.2454,32.8749],[77.2539,32.8702],[77.2556,32.8669],[77.256,32.8651],[77.2564,32.8631],[77.2564,32.8631],[77.2652,32.8628],[77.2759,32.8743],[77.2877,32.8643],[77.2919,32.8576],[77.2988,32.8535],[77.3063,32.8505],[77.3155,32.8518],[77.3227,32.8519],[77.3301,32.8441],[77.3284,32.8355],[77.3284,32.8355],[77.3284,32.8355],[77.3341,32.8275],[77.3382,32.8259],[77.3386,32.8238],[77.3392,32.8202],[77.3392,32.8202],[77.3392,32.8202],[77.3454,32.8176],[77.3535,32.8166],[77.358,32.8183],[77.3659,32.8189],[77.374,32.823],[77.3771,32.8359],[77.3795,32.8403],[77.3803,32.8443],[77.3803,32.8443],[77.3774,32.8494],[77.3763,32.8542],[77.3773,32.8573],[77.3807,32.8613],[77.3889,32.8652],[77.3971,32.8786],[77.4052,32.8833],[77.4132,32.8851],[77.415,32.8847],[77.4169,32.8817],[77.4208,32.8792],[77.4278,32.8759],[77.4355,32.8769],[77.4434,32.8814],[77.4489,32.8735],[77.4495,32.8704],[77.4499,32.8681],[77.4539,32.8636],[77.466,32.8593],[77.4729,32.8594],[77.4909,32.8764],[77.5023,32.8842],[77.5121,32.8791],[77.524,32.8807],[77.5291,32.883],[77.5374,32.885],[77.5448,32.8899],[77.5531,32.8999],[77.5626,32.9093],[77.5673,32.911],[77.5717,32.9107],[77.5875,32.9192],[77.5976,32.9293],[77.5989,32.9321],[77.5995,32.9368],[77.6019,32.9414],[77.6043,32.9375],[77.6114,32.9391],[77.6241,32.94],[77.6287,32.9399],[77.6309,32.939],[77.6352,32.9416],[77.6413,32.9421],[77.6565,32.9537],[77.6614,32.9554],[77.6679,32.9558],[77.6713,32.9569],[77.6744,32.9635],[77.678,32.9665],[77.6811,32.9735],[77.6833,32.9836],[77.6889,32.9838],[77.6961,32.9783],[77.6976,32.9753],[77.7089,32.9769],[77.7131,32.9753],[77.7148,32.9708],[77.7179,32.9665],[77.7217,32.9636],[77.7264,32.9648],[77.7306,32.9693],[77.7412,32.9618],[77.7454,32.955],[77.7545,32.9453],[77.7628,32.9433],[77.7652,32.9396],[77.7655,32.938],[77.7657,32.9368],[77.7776,32.9248],[77.7776,32.9248],[77.796,32.9131],[77.7997,32.9074],[77.8081,32.9027],[77.8105,32.8954],[77.8049,32.889],[77.7907,32.8882],[77.7839,32.8776],[77.7793,32.8621],[77.7793,32.8621],[77.7793,32.8621],[77.7856,32.8557],[77.7937,32.852],[77.7988,32.8514],[77.8056,32.847],[77.8098,32.8465],[77.8169,32.8431],[77.8261,32.8332],[77.8322,32.8334],[77.8367,32.8357],[77.843,32.8371],[77.8493,32.8322],[77.8655,32.8256],[77.8704,32.8223],[77.8728,32.8183],[77.8791,32.8133],[77.8817,32.8086],[77.8824,32.8036],[77.8824,32.8036],[77.8868,32.7975],[77.8848,32.7874],[77.8848,32.7874],[77.89,32.7833],[77.8941,32.7771],[77.8987,32.7725],[77.9053,32.7723],[77.9087,32.7716],[77.9173,32.7724],[77.9213,32.7699],[77.9267,32.7691],[77.9301,32.7642],[77.9329,32.7631],[77.9347,32.7597],[77.9354,32.7555],[77.9357,32.7539],[77.9349,32.7489],[77.9321,32.7415],[77.9321,32.7415],[77.932,32.7388],[77.9295,32.7335],[77.9295,32.7335],[77.9295,32.7335],[77.9333,32.7307],[77.9362,32.7278],[77.9297,32.7227],[77.9271,32.7184],[77.9261,32.7134],[77.9239,32.7093],[77.9239,32.7093],[77.9233,32.7005],[77.92,32.6954],[77.9209,32.69],[77.9209,32.69],[77.9209,32.69],[77.9286,32.6851],[77.9378,32.6764],[77.9438,32.6637],[77.9447,32.6595],[77.9447,32.6595],[77.9499,32.6531],[77.9565,32.6449],[77.964,32.6396],[77.9702,32.6372],[77.9726,32.6316],[77.9718,32.6228],[77.9718,32.6228],[77.977,32.6175],[77.9771,32.6173],[77.9797,32.6106],[77.9853,32.6047],[77.9924,32.5931],[77.9942,32.5887],[78,32.5832],[78.0045,32.5849],[78.0349,32.5837],[78.0449,32.5853],[78.0533,32.5886],[78.0591,32.5959],[78.0591,32.5959],[78.059,32.602],[78.059,32.602],[78.059,32.602],[78.0543,32.6076],[78.052,32.6124],[78.05,32.6251],[78.05,32.6251],[78.0503,32.6305],[78.0515,32.6324],[78.0617,32.6255],[78.0766,32.6213],[78.0829,32.621],[78.085,32.6223],[78.0906,32.6411],[78.0966,32.6495],[78.1062,32.6565],[78.111,32.6589],[78.1169,32.6567],[78.1246,32.6464],[78.1338,32.6391],[78.1391,32.639],[78.1443,32.6458],[78.1483,32.6567],[78.1537,32.667],[78.1622,32.6733],[78.1703,32.6757],[78.1762,32.6758],[78.1882,32.6739],[78.1972,32.6671],[78.2017,32.6605],[78.2127,32.664],[78.2194,32.6618],[78.2307,32.6658],[78.2427,32.6722],[78.251,32.6803],[78.2544,32.6913],[78.2769,32.6995],[78.2906,32.6995],[78.3027,32.7034],[78.3136,32.7094],[78.3165,32.7164],[78.3165,32.7164],[78.316,32.7214],[78.316,32.7214],[78.3126,32.7282],[78.3056,32.7345],[78.3319,32.7456],[78.3627,32.7601],[78.3823,32.7596],[78.3894,32.7584],[78.3908,32.7567],[78.3887,32.7424],[78.3887,32.7424],[78.3888,32.7412],[78.3892,32.7303],[78.3892,32.7303],[78.3897,32.7286],[78.3929,32.7192],[78.3958,32.7159],[78.3855,32.6961],[78.3815,32.682],[78.3815,32.682],[78.381,32.6685],[78.3887,32.6346],[78.3887,32.6346],[78.3937,32.626],[78.4066,32.6197],[78.4066,32.6197],[78.3948,32.6113],[78.3583,32.5895],[78.3494,32.5813],[78.3356,32.5766],[78.32,32.5751],[78.3142,32.574],[78.3167,32.5257],[78.3125,32.5188],[78.296,32.5043],[78.296,32.5043],[78.296,32.5043],[78.3237,32.4741],[78.3278,32.4722],[78.3739,32.509],[78.3942,32.5224],[78.4,32.526],[78.4,32.526],[78.4119,32.5248],[78.4155,32.5234],[78.4166,32.5227],[78.4178,32.52],[78.4189,32.5145],[78.4228,32.5114],[78.4228,32.5105],[78.4265,32.509],[78.4267,32.5083],[78.4325,32.5073],[78.4432,32.5083],[78.4492,32.5065],[78.4531,32.504],[78.4539,32.5033],[78.4559,32.5016],[78.4575,32.4995],[78.4582,32.4968],[78.4611,32.4956],[78.4626,32.4942],[78.4652,32.4887],[78.4662,32.4864],[78.4662,32.4855],[78.4659,32.4834],[78.4655,32.4826],[78.4633,32.4783],[78.4591,32.4739],[78.4548,32.4673],[78.4532,32.4623],[78.4529,32.4588],[78.4541,32.4556],[78.4546,32.4553],[78.4545,32.4542],[78.4556,32.4533],[78.4556,32.4526],[78.4589,32.4509],[78.4606,32.4505],[78.4634,32.4497],[78.4722,32.4467],[78.4794,32.4442],[78.4836,32.4413],[78.4843,32.4393],[78.4851,32.439],[78.4856,32.439],[78.4856,32.4385],[78.4861,32.4383],[78.4883,32.4335],[78.4888,32.4333],[78.4893,32.433],[78.4904,32.4291],[78.491,32.4287],[78.4923,32.4273],[78.4925,32.4264],[78.4941,32.4252],[78.494,32.4236],[78.4953,32.4229],[78.4955,32.422],[78.5011,32.4211],[78.5047,32.4214],[78.52,32.4223],[78.5289,32.4198],[78.5319,32.4181],[78.5362,32.4146],[78.5346,32.4092],[78.5341,32.4086],[78.5224,32.399],[78.5212,32.3979],[78.5195,32.3966],[78.5191,32.3962],[78.515,32.3913],[78.5132,32.3869],[78.5113,32.3734],[78.509,32.3694],[78.5023,32.3638],[78.5013,32.3629],[78.5002,32.362],[78.4852,32.3541],[78.4819,32.3492],[78.4813,32.3483],[78.4801,32.3456],[78.4785,32.339],[78.4779,32.3333],[78.4784,32.3331],[78.4818,32.3167],[78.4825,32.3083],[78.4841,32.2879],[78.4833,32.28],[78.4814,32.2738],[78.4798,32.2721],[78.4762,32.2667],[78.4755,32.2651],[78.4736,32.2638],[78.471,32.2601],[78.47,32.2596],[78.4679,32.2579],[78.4676,32.2574],[78.4654,32.2542],[78.4642,32.2531],[78.4625,32.2517],[78.4621,32.2513],[78.4587,32.2478],[78.4579,32.2476],[78.4565,32.2443],[78.4562,32.2424],[78.4638,32.2418],[78.4649,32.2417],[78.4761,32.2414],[78.4772,32.2411],[78.4812,32.2419],[78.4999,32.2391],[78.5186,32.2417],[78.5229,32.2438],[78.531,32.2454],[78.5373,32.2461],[78.5378,32.2461],[78.5408,32.2464],[78.5528,32.2457],[78.5565,32.2459],[78.5601,32.2446],[78.5793,32.2332],[78.591,32.2272],[78.61,32.2145],[78.6105,32.2136],[78.6114,32.213],[78.6121,32.2125],[78.6122,32.2116],[78.6122,32.2073],[78.6081,32.1998],[78.6075,32.1935],[78.6083,32.1932],[78.6112,32.1843],[78.6107,32.1782],[78.6092,32.1758],[78.6065,32.1698],[78.6057,32.1673],[78.6023,32.1647],[78.6011,32.1643],[78.595,32.1613],[78.5948,32.1609],[78.5942,32.1609],[78.5915,32.1574],[78.5912,32.1544],[78.5916,32.1535],[78.5927,32.1535],[78.5931,32.1523],[78.5966,32.1503],[78.6052,32.1431],[78.6057,32.1418],[78.6065,32.1413],[78.6069,32.1381],[78.6081,32.1369],[78.6094,32.1358],[78.6111,32.1314],[78.6114,32.1276],[78.6132,32.1192],[78.614,32.1187],[78.6142,32.1178],[78.6161,32.1167],[78.6163,32.1161],[78.6231,32.1132],[78.627,32.1135],[78.6328,32.1115],[78.6333,32.1117],[78.634,32.112],[78.6455,32.1107],[78.6565,32.1078],[78.6647,32.1028],[78.6653,32.1021],[78.6659,32.101],[78.6665,32.0944],[78.6679,32.089],[78.6652,32.0893],[78.6628,32.0859],[78.6624,32.0804],[78.6596,32.0738],[78.6534,32.0697],[78.6442,32.066],[78.6351,32.0645],[78.6256,32.0639],[78.6169,32.0597],[78.6056,32.0525],[78.6013,32.0524],[78.5974,32.0582],[78.5879,32.0605],[78.5687,32.0616],[78.5601,32.0606],[78.5476,32.0621],[78.5426,32.0635],[78.5244,32.0583],[78.5156,32.0534],[78.5052,32.05],[78.4903,32.0469],[78.4865,32.0433],[78.4838,32.0421],[78.4826,32.0442],[78.4822,32.0483],[78.4755,32.0478],[78.4704,32.0485],[78.4609,32.0531],[78.4555,32.0549],[78.4492,32.0551],[78.4442,32.0528],[78.4411,32.0472],[78.438,32.0435],[78.4351,32.0342],[78.4303,32.0257],[78.4264,32.0165],[78.427,32.0059],[78.4222,32.0009],[78.4207,31.9961],[78.4201,31.9896],[78.4333,31.9794],[78.4362,31.9727],[78.4441,31.9705],[78.4497,31.9676],[78.4605,31.9592],[78.4589,31.9543],[78.4544,31.95],[78.4584,31.9422],[78.457,31.9396],[78.453,31.938],[78.4477,31.9374],[78.4413,31.9385],[78.4336,31.9364],[78.4283,31.9389],[78.4219,31.9379],[78.4086,31.951],[78.4019,31.955],[78.3897,31.9563],[78.3714,31.9604],[78.3621,31.9477],[78.3544,31.9408],[78.348,31.9394],[78.3434,31.9342],[78.3398,31.9361],[78.3119,31.9382],[78.3046,31.935],[78.3028,31.927],[78.2865,31.931],[78.2728,31.9362],[78.2586,31.9346],[78.2211,31.9332],[78.2128,31.9349],[78.2025,31.9329],[78.1964,31.928],[78.1954,31.9225],[78.1922,31.9191],[78.1845,31.9158],[78.1867,31.9074],[78.1868,31.9039],[78.1839,31.8983],[78.1861,31.8941],[78.1833,31.8878],[78.188,31.8778],[78.1892,31.8722],[78.1767,31.8663],[78.1731,31.8629],[78.1616,31.8622],[78.1529,31.8638],[78.1489,31.8678],[78.1381,31.8668],[78.1324,31.8676],[78.124,31.8675],[78.1123,31.8611],[78.1058,31.8586],[78.0957,31.8593],[78.09,31.8584],[78.0941,31.8532],[78.0883,31.8506],[78.0854,31.8451],[78.0958,31.8378],[78.0968,31.833],[78.0927,31.8299],[78.0954,31.823],[78.0909,31.8149],[78.0862,31.8093],[78.0857,31.8009],[78.0828,31.794],[78.084,31.7907],[78.0835,31.7875],[78.0763,31.7839],[78.0582,31.7835],[78.0549,31.7804],[78.0524,31.7761],[78.0468,31.7728],[78.0333,31.761],[78.0261,31.7603],[78.0202,31.7662],[78.014,31.7706],[78.01,31.7755],[78.0043,31.775],[78,31.7754],[77.992,31.7764],[77.9824,31.7796],[77.9775,31.7776],[77.9734,31.7796],[77.9654,31.7801],[77.9596,31.7819],[77.9542,31.7846],[77.9455,31.7848],[77.9456,31.7783],[77.9422,31.7584],[77.936,31.7562],[77.9367,31.7487],[77.9306,31.7469],[77.9212,31.7481],[77.9145,31.7529],[77.906,31.7515],[77.8992,31.753],[77.8977,31.7593],[77.8845,31.7698],[77.8763,31.7732],[77.8718,31.7802],[77.8668,31.7833],[77.8637,31.7903],[77.8551,31.7965],[77.8483,31.8057],[77.8471,31.8179],[77.8475,31.8249],[77.8497,31.8295],[77.8444,31.8369],[77.8392,31.8487],[77.8409,31.8554],[77.8501,31.8708],[77.8643,31.8785],[77.869,31.8827],[77.8594,31.884],[77.8482,31.8891],[77.8311,31.8953],[77.8185,31.8938],[77.8068,31.8957],[77.7929,31.9056],[77.7839,31.9152],[77.7811,31.9258],[77.7734,31.9347],[77.7697,31.9432],[77.7749,31.9522],[77.7831,31.9606],[77.7821,31.9668],[77.7869,31.9713],[77.7949,31.9749],[77.8016,31.9814],[77.8011,31.9858],[77.7917,31.992],[77.7854,32.0006],[77.7758,32.0075],[77.7909,32.0164],[77.7917,32.0183],[77.7789,32.0337],[77.7746,32.0337],[77.7676,32.0372],[77.7641,32.0408],[77.7657,32.0469],[77.766,32.052],[77.7633,32.0561],[77.7581,32.0607],[77.7547,32.0709],[77.7478,32.0747],[77.746,32.0776],[77.7447,32.0916],[77.7347,32.0922],[77.7206,32.0942],[77.7131,32.0972],[77.7014,32.1051],[77.688,32.1057],[77.6834,32.1088],[77.6765,32.1178],[77.6738,32.1196],[77.6705,32.1207],[77.6685,32.1258],[77.6625,32.1287],[77.6596,32.1355],[77.6592,32.1405],[77.6534,32.1445],[77.6521,32.1478],[77.6394,32.154],[77.6331,32.1544],[77.6271,32.1621],[77.6189,32.1618],[77.6133,32.164],[77.6033,32.1704],[77.594,32.1779],[77.5863,32.1796],[77.5853,32.1826],[77.5816,32.1868],[77.5731,32.1887],[77.5665,32.1961],[77.5647,32.2013],[77.5643,32.2092],[77.5455,32.2228],[77.5405,32.2181],[77.5332,32.2136],[77.5348,32.2058],[77.5322,32.2001],[77.525,32.1999],[77.5145,32.2019],[77.5126,32.2064],[77.5097,32.2102],[77.504,32.2154],[77.5003,32.2212],[77.4889,32.2254],[77.4807,32.2258],[77.4739,32.2281],[77.4688,32.2247],[77.4673,32.2212],[77.4648,32.2118],[77.4643,32.2069],[77.465,32.2027],[77.4631,32.1989],[77.4579,32.1965],[77.4455,32.1945],[77.4343,32.1951],[77.4285,32.194],[77.4228,32.1945],[77.4199,32.1967],[77.4171,32.2052],[77.3955,32.2187],[77.3892,32.2161],[77.3841,32.2171],[77.3749,32.2222],[77.3701,32.2227],[77.3574,32.2326],[77.3469,32.2498],[77.345,32.2539],[77.3494,32.2583],[77.3486,32.2627],[77.3506,32.2672],[77.3473,32.273],[77.3469,32.2789],[77.3476,32.284],[77.3457,32.2879],[77.3424,32.2907],[77.336,32.3085],[77.3309,32.3072],[77.3293,32.3101],[77.3304,32.3146],[77.3264,32.3216],[77.3224,32.3254],[77.3116,32.3309],[77.3083,32.3361],[77.298,32.3359],[77.287,32.3444],[77.2836,32.3445],[77.2819,32.3512],[77.2769,32.3584],[77.2642,32.3634],[77.2557,32.3708],[77.2462,32.3764],[77.2417,32.3776],[77.237,32.377],[77.2292,32.3744],[77.217,32.3828],[77.2038,32.3894],[77.2005,32.3926],[77.1963,32.4014],[77.1807,32.4044],[77.1571,32.4141],[77.1508,32.416],[77.1347,32.4086],[77.1159,32.4029],[77.1098,32.3993],[77.0949,32.3982],[77.0747,32.397],[77.0787,32.4005],[77.0808,32.4091],[77.0805,32.4125],[77.0785,32.4173],[77.069,32.417],[77.0675,32.4222],[77.0651,32.4251],[77.0588,32.4292],[77.0466,32.4241],[77.0324,32.4201],[77.0142,32.4161],[77.0029,32.4116],[76.9957,32.4103],[76.991,32.4116],[76.9814,32.405],[76.971,32.4061],[76.962,32.4033],[76.9526,32.4032],[76.9517,32.4096],[76.9537,32.4247],[76.9486,32.4252],[76.9431,32.4231],[76.9366,32.4194],[76.926,32.4156],[76.9191,32.4167],[76.9121,32.4199],[76.9176,32.4286],[76.9178,32.4357],[76.9096,32.4417],[76.9004,32.4422],[76.8915,32.4388],[76.8955,32.4469],[76.9,32.4535],[76.9079,32.4602],[76.9088,32.4672],[76.9013,32.4702],[76.8937,32.4694],[76.8822,32.4671],[76.8653,32.4611],[76.8591,32.4645],[76.8558,32.4696],[76.8538,32.4763],[76.8572,32.483],[76.863,32.4895],[76.8652,32.4962],[76.8702,32.5042],[76.8759,32.5098],[76.8797,32.5171],[76.8832,32.5199],[76.8742,32.5217],[76.8717,32.5272],[76.8734,32.5315],[76.8659,32.5334],[76.8568,32.5322],[76.8487,32.529],[76.8392,32.5264],[76.8302,32.5309],[76.828,32.5385],[76.8217,32.5377],[76.8149,32.535],[76.809,32.5337],[76.802,32.5342],[76.7955,32.5371],[76.7923,32.5441],[76.7815,32.5525],[76.7724,32.5509],[76.7677,32.5473],[76.7578,32.5584],[76.7537,32.5577],[76.7466,32.5582],[76.7397,32.5607],[76.7316,32.5551],[76.7248,32.5521],[76.7149,32.5382],[76.7072,32.5435],[76.7008,32.5464],[76.7066,32.5543],[76.7091,32.5614],[76.71,32.5695],[76.7055,32.5733],[76.6895,32.5705],[76.6803,32.57],[76.6689,32.5723],[76.6495,32.5804],[76.639,32.576],[76.6299,32.5742],[76.6253,32.5785],[76.6248,32.5862],[76.6289,32.5982],[76.6315,32.603],[76.616,32.6046],[76.6089,32.6062],[76.6045,32.6104],[76.6033,32.6174],[76.6036,32.6257],[76.5967,32.6308],[76.5936,32.6425],[76.5757,32.6495],[76.5501,32.6582],[76.5386,32.6558],[76.5303,32.6578],[76.5221,32.6659],[76.5167,32.6669],[76.504,32.665],[76.4921,32.6621],[76.4642,32.6527],[76.4517,32.655],[76.4427,32.6596],[76.446,32.6744],[76.4395,32.676],[76.4358,32.6782],[76.4305,32.683],[76.4264,32.6882],[76.429,32.6916],[76.4309,32.6989],[76.4293,32.7062],[76.4255,32.7124],[76.4179,32.7195],[76.4036,32.7276],[76.4036,32.7377],[76.3849,32.7747],[76.387,32.7844],[76.3853,32.7924],[76.3755,32.7969],[76.3752,32.81],[76.3772,32.8198],[76.3829,32.8216],[76.3932,32.8232],[76.3989,32.8288],[76.405,32.8366],[76.4104,32.8415],[76.4182,32.8454],[76.4334,32.8511],[76.4439,32.8538],[76.4556,32.8521],[76.457,32.8463],[76.4648,32.8257],[76.4711,32.8209],[76.4701,32.8125],[76.4734,32.8053],[76.5133,32.8032],[76.5273,32.8068],[76.5365,32.8116],[76.5469,32.8129],[76.5543,32.8173],[76.5626,32.8241],[76.5757,32.8284],[76.5913,32.8381],[76.6038,32.8487],[76.6124,32.8542],[76.6179,32.8532],[76.6229,32.8483],[76.6301,32.8434],[76.6401,32.8418],[76.6476,32.844],[76.6568,32.8488],[76.6641,32.8463],[76.6709,32.8458],[76.6788,32.8518],[76.685,32.8541],[76.6904,32.8643],[76.6965,32.8711],[76.6978,32.8782],[76.702,32.8814],[76.7175,32.8903],[76.718,32.9136],[76.7192,32.9228],[76.7447,32.926],[76.7633,32.9297],[76.7655,32.9338],[76.7682,32.9364],[76.7737,32.9377],[76.7773,32.9456],[76.7913,32.9608],[76.7856,32.9616],[76.7798,32.9612],[76.7801,32.968],[76.7767,32.9807],[76.7801,32.9841],[76.7872,32.9884],[76.7857,32.9903],[76.7803,32.9927],[76.7745,32.994],[76.7736,33.0006],[76.7747,33.0024],[76.7732,33.0099],[76.7757,33.0148],[76.7689,33.0179],[76.7626,33.0183],[76.7568,33.0257],[76.7576,33.037],[76.7542,33.0388],[76.7556,33.0446],[76.7459,33.0535],[76.7438,33.0641],[76.7375,33.0754],[76.7359,33.0831],[76.7373,33.0898],[76.7358,33.097],[76.7379,33.1066],[76.7411,33.115],[76.7408,33.1209],[76.7457,33.1257],[76.7477,33.1305],[76.7489,33.1401],[76.7483,33.1488],[76.7444,33.1546],[76.7467,33.1587],[76.7478,33.1786],[76.7478,33.1786],[76.7485,33.1844],[76.7523,33.1923],[76.7601,33.1966],[76.7635,33.2035],[76.7685,33.2093],[76.774,33.219],[76.7779,33.2238],[76.7804,33.2387],[76.7756,33.2423],[76.7732,33.2466],[76.7732,33.2466],[76.7734,33.2487],[76.7734,33.2487],[76.7749,33.2498],[76.778,33.2522],[76.7816,33.2535],[76.796,33.2549],[76.796,33.2549],[76.7963,33.2549]]]},"properties":{"district_name":"Lahul & Spiti","raw_district_name":"Lahul & Spiti","state_code":"HP","state_name":"Himachal Pradesh","census_code":25,"data_source":"DataMeet India Maps (Census 2011 Boundaries)"}},{"type":"Feature","geometry":{"type":"Polygon","coordinates":[[[76.9394,32.0628],[76.9427,32.0574],[76.944,32.0447],[76.959,32.0332],[76.9641,32.028],[76.9772,32.0237],[76.9815,32.0114],[76.982,32],[76.9812,31.9921],[76.9786,31.9835],[76.9901,31.9651],[77,31.954],[77.0037,31.9457],[77.0176,31.9297],[77.0244,31.9205],[77.0269,31.911],[77.0276,31.9003],[77.0305,31.8934],[77.055,31.8622],[77.0569,31.8578],[77.0613,31.8561],[77.0577,31.8441],[77.0596,31.8387],[77.0595,31.8349],[77.0697,31.8357],[77.0787,31.8331],[77.0831,31.8296],[77.0955,31.8368],[77.1051,31.8385],[77.1212,31.8378],[77.1674,31.8383],[77.1729,31.8402],[77.1804,31.8416],[77.179,31.8319],[77.1761,31.8262],[77.1876,31.8215],[77.1906,31.8147],[77.1889,31.8082],[77.1967,31.7974],[77.1948,31.7911],[77.1989,31.785],[77.1982,31.7791],[77.2058,31.7692],[77.2079,31.7649],[77.211,31.7553],[77.2112,31.7493],[77.2129,31.7414],[77.213,31.7311],[77.2175,31.721],[77.2253,31.7248],[77.2265,31.7237],[77.2278,31.7225],[77.2386,31.7191],[77.2465,31.7128],[77.2583,31.7102],[77.2738,31.7012],[77.2846,31.6904],[77.3058,31.6618],[77.2988,31.6533],[77.3061,31.6217],[77.3071,31.6108],[77.3045,31.5988],[77.3017,31.5927],[77.3058,31.5797],[77.3046,31.5654],[77.3019,31.5575],[77.3063,31.5464],[77.3138,31.5379],[77.3198,31.5297],[77.3167,31.5244],[77.3179,31.5072],[77.322,31.4976],[77.3236,31.4826],[77.3263,31.4707],[77.3314,31.4579],[77.3372,31.4491],[77.3442,31.4458],[77.3581,31.4328],[77.3635,31.4287],[77.3706,31.4237],[77.3763,31.4212],[77.3808,31.4179],[77.3842,31.4118],[77.3855,31.4066],[77.3833,31.4017],[77.3842,31.3987],[77.3829,31.3939],[77.3888,31.3892],[77.3878,31.3863],[77.3909,31.3834],[77.3892,31.3764],[77.3908,31.3713],[77.3867,31.3613],[77.3854,31.3583],[77.3786,31.359],[77.3719,31.3588],[77.3642,31.3564],[77.3579,31.3519],[77.3529,31.3456],[77.3413,31.3226],[77.3389,31.3053],[77.3367,31.2982],[77.3312,31.2939],[77.3248,31.293],[77.318,31.2834],[77.3135,31.2812],[77.3056,31.2713],[77.302,31.2697],[77.2898,31.2677],[77.2827,31.2658],[77.2781,31.2679],[77.2758,31.2735],[77.2706,31.2756],[77.267,31.2704],[77.2551,31.2628],[77.2519,31.2576],[77.2484,31.2542],[77.2462,31.2563],[77.2403,31.2587],[77.2261,31.261],[77.2196,31.26],[77.2112,31.2494],[77.2046,31.2446],[77.1966,31.2443],[77.1943,31.2507],[77.1902,31.2552],[77.1791,31.2444],[77.167,31.234],[77.1618,31.2308],[77.1549,31.2304],[77.147,31.2315],[77.1393,31.2284],[77.1326,31.2287],[77.1272,31.2313],[77.1249,31.2354],[77.1262,31.2407],[77.125,31.2446],[77.1217,31.247],[77.1114,31.2444],[77.1059,31.2476],[77.0953,31.2445],[77.0834,31.2479],[77.0739,31.2565],[77.0634,31.262],[77.0608,31.2638],[77.0403,31.2713],[77.0319,31.2752],[77.0177,31.2886],[77.0031,31.2978],[77.0001,31.2997],[76.9784,31.3109],[76.9679,31.3227],[76.9558,31.33],[76.9435,31.3344],[76.9457,31.3395],[76.9427,31.348],[76.9327,31.358],[76.9209,31.367],[76.9092,31.3629],[76.9018,31.3643],[76.8916,31.362],[76.8851,31.3584],[76.8758,31.3544],[76.8739,31.3607],[76.8757,31.3672],[76.8708,31.3746],[76.8652,31.3811],[76.8693,31.3846],[76.8767,31.3853],[76.8835,31.3883],[76.8829,31.4012],[76.8806,31.4118],[76.8699,31.4131],[76.8592,31.4129],[76.8459,31.416],[76.834,31.4216],[76.828,31.4206],[76.8243,31.4183],[76.8165,31.4203],[76.812,31.4237],[76.8041,31.4226],[76.803,31.4268],[76.8058,31.4329],[76.8037,31.4403],[76.7972,31.4456],[76.7986,31.4517],[76.8033,31.4514],[76.8025,31.4567],[76.7986,31.4646],[76.798,31.4762],[76.7922,31.4793],[76.7859,31.4841],[76.7892,31.4946],[76.7863,31.5017],[76.7852,31.5029],[76.7725,31.5161],[76.7671,31.5201],[76.7632,31.5192],[76.7472,31.5188],[76.7409,31.5179],[76.7328,31.5199],[76.7368,31.5221],[76.7397,31.525],[76.7347,31.5329],[76.7362,31.5398],[76.7303,31.5466],[76.7292,31.5556],[76.7349,31.5627],[76.7284,31.5638],[76.7311,31.5729],[76.7313,31.5822],[76.7298,31.5854],[76.7288,31.593],[76.7239,31.6069],[76.7162,31.6211],[76.7156,31.6307],[76.7239,31.6575],[76.7277,31.6649],[76.7181,31.672],[76.6937,31.6822],[76.6917,31.6936],[76.692,31.6975],[76.6869,31.7014],[76.6886,31.7088],[76.676,31.7148],[76.6722,31.7218],[76.6739,31.7321],[76.6665,31.7388],[76.6576,31.7399],[76.6502,31.742],[76.648,31.7424],[76.6367,31.7498],[76.6295,31.7687],[76.6254,31.7756],[76.6212,31.7901],[76.6275,31.8163],[76.6287,31.8252],[76.6276,31.8349],[76.6282,31.8427],[76.634,31.8512],[76.6364,31.8687],[76.6407,31.8747],[76.6494,31.8721],[76.6596,31.8708],[76.6688,31.8732],[76.6782,31.8734],[76.6775,31.8793],[76.6754,31.8859],[76.6754,31.8878],[76.6752,31.8945],[76.679,31.8982],[76.6776,31.9047],[76.6779,31.9079],[76.683,31.9108],[76.6873,31.9217],[76.6871,31.9262],[76.6888,31.9305],[76.6941,31.9326],[76.6912,31.9438],[76.6902,31.9479],[76.6896,31.955],[76.6844,31.9615],[76.6867,31.967],[76.6845,31.977],[76.6804,31.9871],[76.6692,32.0008],[76.6647,32.0121],[76.6628,32.0307],[76.6753,32.0412],[76.6763,32.0453],[76.6797,32.0481],[76.6885,32.0518],[76.7029,32.0489],[76.706,32.045],[76.7064,32.0394],[76.7141,32.0351],[76.7236,32.0325],[76.7299,32.0324],[76.7307,32.0292],[76.7381,32.0301],[76.744,32.0376],[76.7613,32.0536],[76.7702,32.0652],[76.7769,32.0689],[76.7826,32.0668],[76.7871,32.0734],[76.7925,32.0746],[76.8011,32.0736],[76.8037,32.0659],[76.8149,32.0583],[76.8261,32.0487],[76.8392,32.0435],[76.8424,32.0411],[76.8483,32.0442],[76.8518,32.0477],[76.8589,32.0502],[76.8683,32.0511],[76.8873,32.0576],[76.9029,32.0597],[76.9148,32.0605],[76.9221,32.0586],[76.9298,32.0594],[76.9394,32.0628]]]},"properties":{"district_name":"Mandi","raw_district_name":"Mandi","state_code":"HP","state_name":"Himachal Pradesh","census_code":27,"data_source":"DataMeet India Maps (Census 2011 Boundaries)"}},{"type":"Feature","geometry":{"type":"Polygon","coordinates":[[[77.7719,31.7037],[77.7835,31.6949],[77.7896,31.6871],[77.7933,31.6789],[77.7947,31.6738],[77.8041,31.6694],[77.8122,31.6632],[77.8159,31.6576],[77.8203,31.6432],[77.8249,31.6381],[77.8237,31.6324],[77.8156,31.617],[77.8143,31.611],[77.8205,31.605],[77.8354,31.5857],[77.8392,31.5796],[77.8354,31.5628],[77.8366,31.5539],[77.8406,31.5457],[77.8434,31.5373],[77.8452,31.5274],[77.8442,31.5209],[77.8408,31.5132],[77.8409,31.507],[77.8514,31.5085],[77.856,31.5059],[77.8594,31.5114],[77.8634,31.5075],[77.8695,31.504],[77.8715,31.4977],[77.8796,31.4915],[77.8826,31.4869],[77.8833,31.4806],[77.8801,31.4708],[77.8886,31.4657],[77.8951,31.4605],[77.8982,31.4567],[77.9027,31.443],[77.9089,31.4404],[77.9123,31.4359],[77.9166,31.4328],[77.922,31.4316],[77.9281,31.4244],[77.9326,31.4224],[77.9444,31.4234],[77.9489,31.4221],[77.9607,31.4142],[77.9637,31.4025],[77.9768,31.4016],[77.9955,31.4047],[78,31.4027],[78.0087,31.4024],[78.0143,31.4034],[78.0244,31.4008],[78.0289,31.4021],[78.0329,31.4045],[78.0478,31.4148],[78.0546,31.4187],[78.0693,31.4156],[78.0738,31.4175],[78.0795,31.4172],[78.0861,31.4213],[78.0888,31.4222],[78.0941,31.4207],[78.1036,31.4198],[78.1047,31.4158],[78.1104,31.4095],[78.1168,31.4089],[78.1264,31.4058],[78.1295,31.4034],[78.1355,31.3965],[78.1407,31.3944],[78.1467,31.3876],[78.1534,31.3907],[78.1596,31.3874],[78.1633,31.3838],[78.166,31.3782],[78.1533,31.3599],[78.1597,31.3496],[78.1642,31.3446],[78.1715,31.3443],[78.1801,31.3365],[78.186,31.3369],[78.2029,31.3294],[78.209,31.3289],[78.2147,31.3256],[78.22,31.3258],[78.2256,31.3283],[78.2287,31.3316],[78.2353,31.3345],[78.241,31.3409],[78.2446,31.3421],[78.2475,31.3408],[78.2496,31.3367],[78.2532,31.3341],[78.2557,31.3303],[78.26,31.3278],[78.2748,31.3246],[78.2919,31.3238],[78.3018,31.3151],[78.2977,31.3094],[78.298,31.3041],[78.2956,31.2991],[78.2954,31.2927],[78.3067,31.2859],[78.3135,31.2834],[78.312,31.2797],[78.3106,31.2681],[78.3085,31.2612],[78.3036,31.2594],[78.2933,31.2619],[78.2841,31.2666],[78.2732,31.2556],[78.27,31.2518],[78.2683,31.2481],[78.2648,31.2458],[78.2633,31.2419],[78.2577,31.2386],[78.2525,31.2392],[78.2527,31.235],[78.2476,31.2302],[78.2335,31.2339],[78.2271,31.2338],[78.2218,31.2324],[78.219,31.2293],[78.2152,31.2209],[78.2078,31.2181],[78.2025,31.2174],[78.1999,31.2186],[78.1914,31.2253],[78.1864,31.2271],[78.1808,31.2263],[78.1754,31.2272],[78.1704,31.2255],[78.1628,31.2268],[78.1608,31.2221],[78.1586,31.2193],[78.1521,31.2177],[78.1498,31.2114],[78.1341,31.2093],[78.1287,31.2015],[78.1247,31.2009],[78.1218,31.1978],[78.1157,31.1951],[78.1072,31.1881],[78.1026,31.1861],[78.0949,31.186],[78.0903,31.1882],[78.074,31.1877],[78.0687,31.1882],[78.0545,31.1828],[78.0536,31.1825],[78.0447,31.1806],[78.0417,31.1755],[78.031,31.1668],[78.0301,31.1615],[78.0313,31.1538],[78.029,31.1502],[78.0225,31.1524],[78.0073,31.1624],[78,31.1633],[77.9937,31.1618],[77.9841,31.1605],[77.9695,31.1741],[77.9608,31.1715],[77.956,31.1665],[77.9539,31.1627],[77.9491,31.1627],[77.9294,31.152],[77.9241,31.1509],[77.9169,31.1542],[77.9075,31.1527],[77.9022,31.1501],[77.9044,31.1444],[77.9004,31.1385],[77.8951,31.1328],[77.8937,31.127],[77.8933,31.12],[77.8874,31.1186],[77.8725,31.1116],[77.8661,31.1064],[77.8647,31.0996],[77.8649,31.0906],[77.8574,31.0767],[77.852,31.0729],[77.8455,31.0724],[77.8392,31.0698],[77.834,31.0603],[77.8292,31.0563],[77.8239,31.0551],[77.8241,31.0568],[77.8214,31.0577],[77.8151,31.0575],[77.8194,31.0542],[77.8195,31.0495],[77.8251,31.039],[77.8295,31.0293],[77.8332,31.0277],[77.836,31.0253],[77.8355,31.0164],[77.8332,31.0111],[77.8371,31.0071],[77.8397,31.0035],[77.8391,31.0005],[77.8244,31.0006],[77.8246,30.9975],[77.828,30.9943],[77.8252,30.9907],[77.8219,30.9892],[77.8205,30.9834],[77.8208,30.9804],[77.8205,30.9788],[77.8195,30.977],[77.8175,30.975],[77.813,30.9714],[77.8116,30.9683],[77.8107,30.9651],[77.8117,30.9631],[77.8159,30.9589],[77.8189,30.9563],[77.8275,30.9578],[77.8307,30.9573],[77.8332,30.9554],[77.8336,30.9521],[77.8314,30.9489],[77.8269,30.9481],[77.8218,30.949],[77.8165,30.9504],[77.8109,30.9537],[77.8019,30.961],[77.7927,30.9677],[77.7852,30.971],[77.7782,30.9723],[77.7682,30.9722],[77.7562,30.963],[77.7506,30.959],[77.7488,30.955],[77.7475,30.9449],[77.7491,30.9394],[77.7509,30.935],[77.7534,30.932],[77.7578,30.9306],[77.7607,30.9293],[77.7615,30.924],[77.7598,30.9176],[77.7664,30.9163],[77.7724,30.9157],[77.7774,30.9155],[77.7814,30.9158],[77.7858,30.9195],[77.7887,30.9206],[77.7961,30.9215],[77.803,30.9216],[77.8052,30.9214],[77.8076,30.9213],[77.8098,30.9191],[77.8092,30.9157],[77.8116,30.912],[77.815,30.908],[77.8131,30.9041],[77.8088,30.8988],[77.805,30.896],[77.8006,30.8913],[77.7996,30.8886],[77.7986,30.8837],[77.7983,30.8774],[77.7977,30.8739],[77.7976,30.8673],[77.8012,30.8634],[77.803,30.8602],[77.8035,30.8538],[77.7926,30.8553],[77.7877,30.8563],[77.7831,30.8582],[77.7793,30.8605],[77.7769,30.8634],[77.7759,30.8704],[77.7744,30.8731],[77.7723,30.8758],[77.7686,30.8777],[77.7651,30.878],[77.7619,30.8776],[77.7586,30.8765],[77.7559,30.8736],[77.755,30.8696],[77.7551,30.8652],[77.7558,30.8595],[77.7536,30.8555],[77.7498,30.8523],[77.7474,30.8495],[77.7455,30.8461],[77.7474,30.8428],[77.7549,30.8354],[77.7581,30.8315],[77.7584,30.8251],[77.7544,30.8229],[77.7514,30.8216],[77.748,30.8193],[77.7449,30.8147],[77.7405,30.8097],[77.738,30.8063],[77.7334,30.8036],[77.732,30.8004],[77.731,30.7948],[77.7293,30.7895],[77.7226,30.7798],[77.7184,30.7743],[77.7123,30.7687],[77.7065,30.7667],[77.7022,30.7639],[77.6961,30.7681],[77.6907,30.7729],[77.6873,30.7776],[77.6858,30.7823],[77.6854,30.7867],[77.6814,30.7898],[77.6752,30.7914],[77.671,30.7956],[77.6682,30.7992],[77.6646,30.8014],[77.66,30.7991],[77.6591,30.8024],[77.6578,30.806],[77.6548,30.8037],[77.6493,30.8047],[77.6368,30.8072],[77.629,30.8072],[77.6243,30.8081],[77.6222,30.8044],[77.6217,30.8021],[77.6215,30.7985],[77.6205,30.7943],[77.617,30.7907],[77.612,30.7889],[77.6022,30.7812],[77.5946,30.7782],[77.5872,30.7763],[77.579,30.7761],[77.571,30.7756],[77.5626,30.7764],[77.5539,30.7764],[77.548,30.7748],[77.5449,30.7738],[77.5439,30.7764],[77.5479,30.7813],[77.5497,30.7842],[77.5529,30.7929],[77.5526,30.7964],[77.5486,30.7975],[77.543,30.798],[77.5384,30.7979],[77.5329,30.7975],[77.5296,30.7958],[77.5279,30.7926],[77.5243,30.7829],[77.5147,30.788],[77.5088,30.7891],[77.5013,30.7927],[77.493,30.7941],[77.4962,30.7998],[77.4936,30.8039],[77.4936,30.8103],[77.4928,30.8139],[77.4906,30.8164],[77.4896,30.8254],[77.4904,30.8357],[77.493,30.8409],[77.4874,30.8448],[77.4854,30.8495],[77.4774,30.8649],[77.4704,30.8636],[77.4652,30.8645],[77.4612,30.866],[77.4518,30.8626],[77.4429,30.8698],[77.4321,30.8722],[77.436,30.8788],[77.4372,30.8875],[77.435,30.894],[77.431,30.8982],[77.4275,30.9012],[77.4262,30.9081],[77.4248,30.9135],[77.4213,30.9163],[77.4182,30.9207],[77.4123,30.9249],[77.4113,30.9264],[77.4297,30.9337],[77.4357,30.9376],[77.4425,30.945],[77.4421,30.9499],[77.442,30.9561],[77.4426,30.9628],[77.4426,30.9675],[77.4408,30.9759],[77.4324,30.9852],[77.4271,30.9878],[77.4229,30.9909],[77.4217,30.9931],[77.4178,30.9954],[77.4164,30.9987],[77.4098,31.0002],[77.4091,31.0009],[77.4042,31.0047],[77.3942,31.0121],[77.3738,31.0223],[77.3731,31.017],[77.3633,31.0098],[77.3375,31.0009],[77.334,30.9956],[77.3307,30.9889],[77.328,30.9866],[77.3254,30.9839],[77.324,30.9798],[77.321,30.9759],[77.317,30.9757],[77.313,30.9717],[77.3085,30.9691],[77.3017,30.9681],[77.3004,30.9641],[77.3006,30.9567],[77.2951,30.9515],[77.2873,30.9514],[77.2808,30.949],[77.2744,30.9445],[77.2656,30.9407],[77.2627,30.9371],[77.2609,30.9284],[77.2546,30.922],[77.2462,30.9188],[77.2451,30.9252],[77.2433,30.9301],[77.2407,30.9347],[77.2405,30.9397],[77.2473,30.9425],[77.252,30.9477],[77.2465,30.9523],[77.241,30.9557],[77.2347,30.9603],[77.2196,30.9662],[77.2124,30.9662],[77.2067,30.9669],[77.2027,30.9698],[77.2023,30.9744],[77.2052,30.9771],[77.2078,30.982],[77.2095,30.9868],[77.2086,30.9911],[77.2039,30.9955],[77.1987,30.9994],[77.1973,31.0006],[77.1864,31.0091],[77.1808,31.0094],[77.1794,31.0082],[77.1774,31.0076],[77.1712,31.0048],[77.1489,31.0085],[77.1448,31.0209],[77.1299,31.0293],[77.1205,31.0321],[77.1136,31.0306],[77.106,31.0314],[77.0932,31.0378],[77.0871,31.043],[77.0807,31.0458],[77.0735,31.0472],[77.0677,31.0506],[77.0711,31.0548],[77.0806,31.0566],[77.0819,31.0621],[77.0867,31.0658],[77.0798,31.0795],[77.0783,31.0851],[77.0735,31.0872],[77.0704,31.0855],[77.0647,31.0883],[77.0585,31.0901],[77.0517,31.0853],[77.0463,31.0801],[77.0433,31.0725],[77.0392,31.0683],[77.0348,31.0798],[77.0279,31.0817],[77.026,31.0873],[77.0268,31.0918],[77.0366,31.0952],[77.0414,31.0995],[77.05,31.1004],[77.056,31.1039],[77.052,31.1105],[77.0467,31.1161],[77.0397,31.1147],[77.0307,31.1147],[77.0281,31.1103],[77.026,31.1093],[77.0173,31.1091],[77.0001,31.1054],[76.9928,31.1117],[76.9927,31.1145],[76.9926,31.1165],[76.996,31.1173],[77.0001,31.1149],[77.0058,31.1145],[77.0092,31.1159],[77.0112,31.1185],[77.0108,31.1308],[77.0125,31.1371],[77.0305,31.1524],[77.0339,31.1589],[77.0259,31.1687],[77.0127,31.1749],[77.0057,31.1811],[77.0041,31.1879],[77.0035,31.1952],[77.0052,31.2031],[77.0101,31.2098],[77.02,31.2185],[77.0139,31.2265],[77.0128,31.234],[77.0048,31.2371],[77.0118,31.2628],[77.0151,31.2716],[77.0139,31.2788],[77.0031,31.2978],[77.0177,31.2886],[77.0319,31.2752],[77.0403,31.2713],[77.0608,31.2638],[77.0634,31.262],[77.0739,31.2565],[77.0834,31.2479],[77.0953,31.2445],[77.1059,31.2476],[77.1114,31.2444],[77.1217,31.247],[77.125,31.2446],[77.1262,31.2407],[77.1249,31.2354],[77.1272,31.2313],[77.1326,31.2287],[77.1393,31.2284],[77.147,31.2315],[77.1549,31.2304],[77.1618,31.2308],[77.167,31.234],[77.1791,31.2444],[77.1902,31.2552],[77.1943,31.2507],[77.1966,31.2443],[77.2046,31.2446],[77.2112,31.2494],[77.2196,31.26],[77.2261,31.261],[77.2403,31.2587],[77.2462,31.2563],[77.2484,31.2542],[77.2519,31.2576],[77.2551,31.2628],[77.267,31.2704],[77.2706,31.2756],[77.2758,31.2735],[77.2781,31.2679],[77.2827,31.2658],[77.2898,31.2677],[77.302,31.2697],[77.3056,31.2713],[77.3135,31.2812],[77.318,31.2834],[77.3248,31.293],[77.3312,31.2939],[77.3367,31.2982],[77.3389,31.3053],[77.3413,31.3226],[77.3529,31.3456],[77.3579,31.3519],[77.3642,31.3564],[77.3719,31.3588],[77.3786,31.359],[77.3854,31.3583],[77.3867,31.3613],[77.392,31.3597],[77.3968,31.3592],[77.402,31.3621],[77.4064,31.3568],[77.4188,31.3462],[77.4243,31.3467],[77.4299,31.3415],[77.4364,31.3442],[77.447,31.343],[77.4543,31.3476],[77.4761,31.3501],[77.4789,31.3528],[77.4985,31.3561],[77.5076,31.3552],[77.5183,31.3512],[77.5257,31.3512],[77.5316,31.3534],[77.5395,31.3689],[77.5478,31.382],[77.5542,31.3865],[77.5632,31.3886],[77.5714,31.3864],[77.5914,31.3955],[77.6005,31.3959],[77.6104,31.3936],[77.6197,31.3885],[77.63,31.391],[77.634,31.3974],[77.6262,31.4138],[77.6231,31.4235],[77.6251,31.439],[77.6282,31.446],[77.6322,31.4502],[77.6408,31.4544],[77.6544,31.4586],[77.6628,31.4596],[77.671,31.4628],[77.6765,31.4693],[77.6815,31.4778],[77.6887,31.4865],[77.7014,31.4955],[77.7066,31.4968],[77.709,31.5024],[77.7033,31.5091],[77.7012,31.5187],[77.7045,31.5298],[77.6993,31.5419],[77.6913,31.5448],[77.6843,31.5497],[77.6799,31.5597],[77.674,31.5612],[77.6645,31.5722],[77.6561,31.5783],[77.6526,31.5923],[77.6491,31.5988],[77.6483,31.6057],[77.6486,31.613],[77.6514,31.6248],[77.6535,31.6293],[77.6596,31.6313],[77.6634,31.6347],[77.6521,31.6512],[77.6492,31.6529],[77.6479,31.6577],[77.6488,31.6605],[77.6525,31.6652],[77.6593,31.6705],[77.6619,31.6795],[77.67,31.6834],[77.6797,31.6991],[77.6859,31.7035],[77.6947,31.7042],[77.7092,31.7028],[77.7156,31.7042],[77.7348,31.7146],[77.7428,31.7149],[77.7508,31.7139],[77.7553,31.7079],[77.7635,31.7044],[77.7719,31.7037]]]},"properties":{"district_name":"Shimla","raw_district_name":"Shimla","state_code":"HP","state_name":"Himachal Pradesh","census_code":33,"data_source":"DataMeet India Maps (Census 2011 Boundaries)"}},{"type":"Feature","geometry":{"type":"Polygon","coordinates":[[[77.7022,30.7639],[77.7053,30.7555],[77.7068,30.7531],[77.7056,30.7503],[77.7042,30.7466],[77.7054,30.7435],[77.7078,30.7414],[77.7115,30.7402],[77.7146,30.7402],[77.7182,30.7409],[77.7211,30.7408],[77.7231,30.7394],[77.7255,30.7373],[77.7267,30.7347],[77.7292,30.7335],[77.7315,30.7341],[77.7342,30.7335],[77.7355,30.7316],[77.7363,30.7286],[77.736,30.7258],[77.739,30.7226],[77.7445,30.7197],[77.7461,30.7159],[77.7481,30.7119],[77.7511,30.7087],[77.7549,30.7058],[77.7542,30.7023],[77.7507,30.7002],[77.7495,30.6968],[77.7474,30.6926],[77.7472,30.6887],[77.7472,30.681],[77.7503,30.678],[77.7565,30.6757],[77.7616,30.6733],[77.7679,30.6712],[77.7725,30.6675],[77.7767,30.6636],[77.7796,30.6604],[77.7832,30.6593],[77.7859,30.6605],[77.788,30.6608],[77.7908,30.6607],[77.7928,30.6589],[77.7886,30.6536],[77.784,30.6503],[77.782,30.6466],[77.7859,30.6401],[77.7887,30.6362],[77.7891,30.6326],[77.786,30.6275],[77.7849,30.6236],[77.7901,30.6212],[77.7933,30.6178],[77.7957,30.6144],[77.7923,30.613],[77.7859,30.6129],[77.7807,30.6133],[77.775,30.6146],[77.7703,30.6154],[77.7693,30.6113],[77.7709,30.5999],[77.768,30.5958],[77.7633,30.5965],[77.7561,30.6023],[77.7519,30.6032],[77.7484,30.6033],[77.7457,30.6022],[77.7452,30.5999],[77.7449,30.5966],[77.7431,30.5935],[77.7455,30.5913],[77.7522,30.588],[77.7572,30.5849],[77.7598,30.5795],[77.7631,30.575],[77.7654,30.5697],[77.7671,30.5653],[77.7708,30.5606],[77.7754,30.5581],[77.7801,30.5586],[77.7845,30.5575],[77.7881,30.554],[77.7918,30.5524],[77.7999,30.5564],[77.8041,30.5553],[77.8087,30.5562],[77.8118,30.5592],[77.8168,30.5588],[77.8194,30.5558],[77.8204,30.5493],[77.8204,30.5444],[77.8235,30.539],[77.8257,30.533],[77.8242,30.5282],[77.8185,30.5198],[77.8176,30.5154],[77.8155,30.5104],[77.814,30.5082],[77.8127,30.5064],[77.8074,30.5036],[77.8017,30.5011],[77.7811,30.4994],[77.7769,30.4953],[77.7685,30.4934],[77.7609,30.4891],[77.75,30.4823],[77.7427,30.4774],[77.7348,30.4728],[77.7246,30.4723],[77.718,30.4684],[77.7125,30.4638],[77.7034,30.458],[77.6955,30.4527],[77.6924,30.4468],[77.6749,30.4438],[77.6665,30.4446],[77.6599,30.4475],[77.6535,30.4474],[77.6511,30.4446],[77.6489,30.4394],[77.6466,30.4349],[77.6438,30.4312],[77.63,30.4313],[77.6252,30.4335],[77.617,30.4325],[77.6036,30.4289],[77.5943,30.4254],[77.5878,30.4217],[77.5811,30.4168],[77.576,30.4122],[77.5754,30.4052],[77.5762,30.3996],[77.581,30.3939],[77.5861,30.3882],[77.5893,30.385],[77.588,30.3796],[77.5785,30.38],[77.571,30.3855],[77.5656,30.3885],[77.556,30.3924],[77.5519,30.3971],[77.5488,30.4042],[77.5424,30.4087],[77.5389,30.4123],[77.5312,30.4261],[77.5275,30.4346],[77.523,30.444],[77.5185,30.4436],[77.5143,30.4389],[77.5061,30.4283],[77.5043,30.4202],[77.5045,30.4126],[77.5,30.4078],[77.4957,30.4104],[77.4906,30.4086],[77.4811,30.407],[77.4741,30.4006],[77.4662,30.4],[77.4561,30.3998],[77.448,30.3989],[77.4435,30.4027],[77.4295,30.4036],[77.429,30.4081],[77.434,30.4121],[77.4388,30.4153],[77.4528,30.4196],[77.4552,30.4251],[77.4665,30.4356],[77.4675,30.4413],[77.4699,30.4468],[77.4695,30.4534],[77.4637,30.4605],[77.4589,30.4609],[77.4487,30.4463],[77.4393,30.4364],[77.4304,30.4291],[77.4207,30.4232],[77.4137,30.414],[77.4085,30.4162],[77.4099,30.4258],[77.4072,30.4296],[77.395,30.4346],[77.3935,30.4415],[77.3893,30.4416],[77.3827,30.4412],[77.3699,30.4374],[77.3666,30.4439],[77.3628,30.4526],[77.3592,30.4573],[77.3525,30.459],[77.3458,30.4596],[77.3393,30.4586],[77.3355,30.4575],[77.3298,30.453],[77.3238,30.449],[77.3232,30.4492],[77.3138,30.452],[77.3068,30.4545],[77.2955,30.4573],[77.2876,30.4595],[77.2766,30.4621],[77.275,30.4665],[77.2739,30.4716],[77.2697,30.4769],[77.2649,30.4799],[77.255,30.4808],[77.2465,30.483],[77.2398,30.4841],[77.2319,30.4815],[77.225,30.4774],[77.2156,30.4759],[77.2121,30.4801],[77.2134,30.4846],[77.2127,30.4947],[77.2128,30.5021],[77.209,30.5073],[77.2039,30.5149],[77.1985,30.5214],[77.1877,30.5261],[77.1826,30.5285],[77.1768,30.5297],[77.1652,30.5325],[77.1587,30.5334],[77.1507,30.5342],[77.1442,30.5371],[77.1355,30.5439],[77.1296,30.5531],[77.1268,30.5581],[77.1246,30.563],[77.126,30.5639],[77.1283,30.5655],[77.1337,30.5669],[77.1369,30.5684],[77.137,30.5684],[77.139,30.5694],[77.1459,30.5741],[77.153,30.5789],[77.1601,30.5846],[77.1644,30.5885],[77.1673,30.592],[77.1707,30.5952],[77.1719,30.5988],[77.1717,30.6031],[77.1719,30.6095],[77.1732,30.6272],[77.1757,30.6343],[77.1737,30.6381],[77.1695,30.6436],[77.166,30.6499],[77.166,30.6545],[77.1685,30.6638],[77.1672,30.6727],[77.1641,30.6769],[77.1636,30.6803],[77.1669,30.6844],[77.1651,30.6862],[77.1608,30.6892],[77.1538,30.6933],[77.1472,30.6979],[77.1385,30.7029],[77.1356,30.7079],[77.1309,30.7137],[77.123,30.7185],[77.1166,30.7163],[77.1133,30.7181],[77.1136,30.7222],[77.1158,30.7266],[77.114,30.7282],[77.1096,30.7304],[77.1045,30.732],[77.0997,30.7358],[77.0903,30.7406],[77.0831,30.7428],[77.0751,30.742],[77.0684,30.7426],[77.0605,30.7446],[77.0514,30.749],[77.0471,30.7513],[77.0437,30.7477],[77.0438,30.7422],[77.0417,30.7393],[77.0374,30.7375],[77.0314,30.7364],[77.0265,30.7381],[77.0228,30.7416],[77.0198,30.7454],[77.0181,30.7484],[77.0206,30.7486],[77.024,30.7475],[77.0287,30.7478],[77.0301,30.7508],[77.0303,30.7552],[77.0317,30.7589],[77.0344,30.7614],[77.0434,30.7659],[77.0502,30.7715],[77.0699,30.782],[77.0757,30.7855],[77.0813,30.7903],[77.0844,30.7949],[77.0837,30.8029],[77.0858,30.8092],[77.0881,30.8147],[77.0885,30.8203],[77.0886,30.8246],[77.0882,30.8286],[77.093,30.8304],[77.0978,30.8325],[77.1019,30.833],[77.1049,30.8345],[77.107,30.8367],[77.1086,30.8401],[77.1153,30.8444],[77.1192,30.8535],[77.1255,30.8542],[77.1311,30.8541],[77.1351,30.8556],[77.1411,30.8548],[77.1448,30.8537],[77.1482,30.8532],[77.1509,30.8571],[77.1555,30.8566],[77.1571,30.8526],[77.1628,30.8484],[77.1664,30.8449],[77.1713,30.8447],[77.1772,30.846],[77.1803,30.8495],[77.1792,30.8555],[77.18,30.8621],[77.1844,30.8622],[77.1904,30.8626],[77.1953,30.8651],[77.198,30.8682],[77.2022,30.8709],[77.2146,30.8763],[77.2061,30.8886],[77.2148,30.8962],[77.2151,30.9021],[77.2175,30.9038],[77.2214,30.9022],[77.2246,30.9002],[77.2278,30.9],[77.2316,30.901],[77.2347,30.9023],[77.2362,30.9062],[77.2404,30.9138],[77.2462,30.9188],[77.2546,30.922],[77.2609,30.9284],[77.2627,30.9371],[77.2656,30.9407],[77.2744,30.9445],[77.2808,30.949],[77.2873,30.9514],[77.2951,30.9515],[77.3006,30.9567],[77.3004,30.9641],[77.3017,30.9681],[77.3085,30.9691],[77.313,30.9717],[77.317,30.9757],[77.321,30.9759],[77.324,30.9798],[77.3254,30.9839],[77.328,30.9866],[77.3307,30.9889],[77.334,30.9956],[77.3375,31.0009],[77.3633,31.0098],[77.3731,31.017],[77.3738,31.0223],[77.3942,31.0121],[77.4042,31.0047],[77.4091,31.0009],[77.4098,31.0002],[77.4164,30.9987],[77.4178,30.9954],[77.4217,30.9931],[77.4229,30.9909],[77.4271,30.9878],[77.4324,30.9852],[77.4408,30.9759],[77.4426,30.9675],[77.4426,30.9628],[77.442,30.9561],[77.4421,30.9499],[77.4425,30.945],[77.4357,30.9376],[77.4297,30.9337],[77.4113,30.9264],[77.4123,30.9249],[77.4182,30.9207],[77.4213,30.9163],[77.4248,30.9135],[77.4262,30.9081],[77.4275,30.9012],[77.431,30.8982],[77.435,30.894],[77.4372,30.8875],[77.436,30.8788],[77.4321,30.8722],[77.4429,30.8698],[77.4518,30.8626],[77.4612,30.866],[77.4652,30.8645],[77.4704,30.8636],[77.4774,30.8649],[77.4854,30.8495],[77.4874,30.8448],[77.493,30.8409],[77.4904,30.8357],[77.4896,30.8254],[77.4906,30.8164],[77.4928,30.8139],[77.4936,30.8103],[77.4936,30.8039],[77.4962,30.7998],[77.493,30.7941],[77.5013,30.7927],[77.5088,30.7891],[77.5147,30.788],[77.5243,30.7829],[77.5279,30.7926],[77.5296,30.7958],[77.5329,30.7975],[77.5384,30.7979],[77.543,30.798],[77.5486,30.7975],[77.5526,30.7964],[77.5529,30.7929],[77.5497,30.7842],[77.5479,30.7813],[77.5439,30.7764],[77.5449,30.7738],[77.548,30.7748],[77.5539,30.7764],[77.5626,30.7764],[77.571,30.7756],[77.579,30.7761],[77.5872,30.7763],[77.5946,30.7782],[77.6022,30.7812],[77.612,30.7889],[77.617,30.7907],[77.6205,30.7943],[77.6215,30.7985],[77.6217,30.8021],[77.6222,30.8044],[77.6243,30.8081],[77.629,30.8072],[77.6368,30.8072],[77.6493,30.8047],[77.6548,30.8037],[77.6578,30.806],[77.6591,30.8024],[77.66,30.7991],[77.6646,30.8014],[77.6682,30.7992],[77.671,30.7956],[77.6752,30.7914],[77.6814,30.7898],[77.6854,30.7867],[77.6858,30.7823],[77.6873,30.7776],[77.6907,30.7729],[77.6961,30.7681],[77.7022,30.7639]]]},"properties":{"district_name":"Sirmaur","raw_district_name":"Sirmaur","state_code":"HP","state_name":"Himachal Pradesh","census_code":32,"data_source":"DataMeet India Maps (Census 2011 Boundaries)"}},{"type":"Feature","geometry":{"type":"Polygon","coordinates":[[[77.0031,31.2978],[77.0139,31.2788],[77.0151,31.2716],[77.0118,31.2628],[77.0048,31.2371],[77.0128,31.234],[77.0139,31.2265],[77.02,31.2185],[77.0101,31.2098],[77.0052,31.2031],[77.0035,31.1952],[77.0041,31.1879],[77.0057,31.1811],[77.0127,31.1749],[77.0259,31.1687],[77.0339,31.1589],[77.0305,31.1524],[77.0125,31.1371],[77.0108,31.1308],[77.0112,31.1185],[77.0092,31.1159],[77.0058,31.1145],[77.0001,31.1149],[76.996,31.1173],[76.9926,31.1165],[76.9927,31.1145],[76.9928,31.1117],[77.0001,31.1054],[77.0173,31.1091],[77.026,31.1093],[77.0281,31.1103],[77.0307,31.1147],[77.0397,31.1147],[77.0467,31.1161],[77.052,31.1105],[77.056,31.1039],[77.05,31.1004],[77.0414,31.0995],[77.0366,31.0952],[77.0268,31.0918],[77.026,31.0873],[77.0279,31.0817],[77.0348,31.0798],[77.0392,31.0683],[77.0433,31.0725],[77.0463,31.0801],[77.0517,31.0853],[77.0585,31.0901],[77.0647,31.0883],[77.0704,31.0855],[77.0735,31.0872],[77.0783,31.0851],[77.0798,31.0795],[77.0867,31.0658],[77.0819,31.0621],[77.0806,31.0566],[77.0711,31.0548],[77.0677,31.0506],[77.0735,31.0472],[77.0807,31.0458],[77.0871,31.043],[77.0932,31.0378],[77.106,31.0314],[77.1136,31.0306],[77.1205,31.0321],[77.1299,31.0293],[77.1448,31.0209],[77.1489,31.0085],[77.1712,31.0048],[77.1774,31.0076],[77.1794,31.0082],[77.1808,31.0094],[77.1864,31.0091],[77.1973,31.0006],[77.1987,30.9994],[77.2039,30.9955],[77.2086,30.9911],[77.2095,30.9868],[77.2078,30.982],[77.2052,30.9771],[77.2023,30.9744],[77.2027,30.9698],[77.2067,30.9669],[77.2124,30.9662],[77.2196,30.9662],[77.2347,30.9603],[77.241,30.9557],[77.2465,30.9523],[77.252,30.9477],[77.2473,30.9425],[77.2405,30.9397],[77.2407,30.9347],[77.2433,30.9301],[77.2451,30.9252],[77.2462,30.9188],[77.2404,30.9138],[77.2362,30.9062],[77.2347,30.9023],[77.2316,30.901],[77.2278,30.9],[77.2246,30.9002],[77.2214,30.9022],[77.2175,30.9038],[77.2151,30.9021],[77.2148,30.8962],[77.2061,30.8886],[77.2146,30.8763],[77.2022,30.8709],[77.198,30.8682],[77.1953,30.8651],[77.1904,30.8626],[77.1844,30.8622],[77.18,30.8621],[77.1792,30.8555],[77.1803,30.8495],[77.1772,30.846],[77.1713,30.8447],[77.1664,30.8449],[77.1628,30.8484],[77.1571,30.8526],[77.1555,30.8566],[77.1509,30.8571],[77.1482,30.8532],[77.1448,30.8537],[77.1411,30.8548],[77.1351,30.8556],[77.1311,30.8541],[77.1255,30.8542],[77.1192,30.8535],[77.1153,30.8444],[77.1086,30.8401],[77.107,30.8367],[77.1049,30.8345],[77.1019,30.833],[77.0978,30.8325],[77.093,30.8304],[77.0882,30.8286],[77.0886,30.8246],[77.0885,30.8203],[77.0881,30.8147],[77.0858,30.8092],[77.0837,30.8029],[77.0844,30.7949],[77.0813,30.7903],[77.0757,30.7855],[77.0699,30.782],[77.0502,30.7715],[77.0434,30.7659],[77.0344,30.7614],[77.0317,30.7589],[77.0303,30.7552],[77.0301,30.7508],[77.0287,30.7478],[77.024,30.7475],[77.0206,30.7486],[77.0181,30.7484],[77.0181,30.7533],[77.0192,30.7577],[77.0179,30.7623],[77.0158,30.7639],[77.0122,30.7651],[77.0087,30.767],[77.0046,30.7694],[77.002,30.773],[77.0044,30.7766],[77.0083,30.781],[77.0135,30.785],[77.0132,30.79],[77.0138,30.7936],[77.0132,30.8009],[77.012,30.8057],[77.0115,30.8103],[77.0093,30.8127],[77.0062,30.8143],[77.0019,30.811],[77,30.8093],[76.9983,30.8065],[76.9961,30.8003],[76.9925,30.7948],[76.9821,30.804],[76.9753,30.805],[76.9672,30.8073],[76.9611,30.8192],[76.9563,30.8253],[76.9472,30.8281],[76.941,30.8335],[76.9413,30.8443],[76.9401,30.8506],[76.9294,30.8655],[76.9206,30.8872],[76.9157,30.8934],[76.9001,30.8845],[76.8921,30.8822],[76.8832,30.8744],[76.8753,30.8698],[76.8659,30.8669],[76.8507,30.8751],[76.8362,30.8844],[76.8293,30.8923],[76.8233,30.9031],[76.8279,30.9177],[76.827,30.9236],[76.8238,30.9267],[76.8123,30.921],[76.7834,30.9028],[76.7674,30.9142],[76.7676,30.9194],[76.7622,30.9202],[76.7622,30.9256],[76.7574,30.9255],[76.7519,30.9265],[76.7396,30.9358],[76.739,30.939],[76.7388,30.9406],[76.7377,30.947],[76.7262,30.9599],[76.7186,30.9598],[76.7119,30.9654],[76.7097,30.9683],[76.7078,30.969],[76.6818,30.9664],[76.6762,30.9677],[76.6666,30.9784],[76.6469,30.9873],[76.6395,30.9891],[76.6345,30.9949],[76.626,30.9987],[76.6236,31.0009],[76.6272,31.0187],[76.6188,31.0302],[76.6152,31.0403],[76.6126,31.0503],[76.6232,31.0574],[76.6186,31.0751],[76.6215,31.0802],[76.6256,31.0931],[76.6395,31.107],[76.6375,31.1148],[76.6294,31.1184],[76.6211,31.1164],[76.6112,31.123],[76.6031,31.1245],[76.6078,31.1333],[76.6126,31.148],[76.6085,31.1482],[76.6039,31.1541],[76.6053,31.1572],[76.6033,31.1616],[76.6063,31.1691],[76.6043,31.1797],[76.6122,31.1833],[76.6146,31.1879],[76.6197,31.194],[76.6262,31.1995],[76.6327,31.2008],[76.6341,31.2035],[76.6494,31.2098],[76.6643,31.2122],[76.6719,31.2152],[76.6941,31.217],[76.6999,31.2211],[76.7057,31.224],[76.7132,31.2262],[76.7228,31.2303],[76.7287,31.2343],[76.7326,31.2402],[76.7381,31.2395],[76.7453,31.2365],[76.7491,31.2332],[76.7577,31.2286],[76.768,31.2282],[76.7749,31.2271],[76.7791,31.2205],[76.799,31.2263],[76.8079,31.2304],[76.8133,31.2282],[76.8185,31.2284],[76.8258,31.2255],[76.8266,31.226],[76.8313,31.2262],[76.8378,31.232],[76.8447,31.2297],[76.8498,31.2238],[76.8607,31.2188],[76.8739,31.2185],[76.8835,31.2239],[76.8744,31.2353],[76.8704,31.2462],[76.867,31.2463],[76.8719,31.2569],[76.8764,31.2621],[76.8823,31.2628],[76.8899,31.2661],[76.8966,31.2648],[76.8993,31.2681],[76.8962,31.2737],[76.8987,31.2781],[76.9047,31.2802],[76.9103,31.2811],[76.9163,31.2841],[76.9207,31.2894],[76.928,31.3022],[76.9231,31.3034],[76.9194,31.3137],[76.913,31.3164],[76.9042,31.3161],[76.895,31.3192],[76.8802,31.3274],[76.8761,31.3313],[76.8819,31.3403],[76.8774,31.346],[76.8759,31.3497],[76.8761,31.3538],[76.8758,31.3544],[76.8851,31.3584],[76.8916,31.362],[76.9018,31.3643],[76.9092,31.3629],[76.9209,31.367],[76.9327,31.358],[76.9427,31.348],[76.9457,31.3395],[76.9435,31.3344],[76.9558,31.33],[76.9679,31.3227],[76.9784,31.3109],[77.0001,31.2997],[77.0031,31.2978]]]},"properties":{"district_name":"Solan","raw_district_name":"Solan","state_code":"HP","state_name":"Himachal Pradesh","census_code":31,"data_source":"DataMeet India Maps (Census 2011 Boundaries)"}},{"type":"Feature","geometry":{"type":"Polygon","coordinates":[[[76.3139,31.7217],[76.3149,31.7186],[76.3196,31.7126],[76.328,31.695],[76.3357,31.6828],[76.3445,31.6754],[76.3523,31.6645],[76.3571,31.6522],[76.3677,31.6406],[76.3779,31.6345],[76.3944,31.6201],[76.3938,31.615],[76.3956,31.6137],[76.4001,31.6105],[76.4081,31.5903],[76.4326,31.5456],[76.4357,31.5406],[76.4394,31.5368],[76.4369,31.5274],[76.4378,31.5248],[76.4357,31.5222],[76.4392,31.514],[76.4452,31.5034],[76.459,31.486],[76.4528,31.4832],[76.4588,31.4731],[76.4705,31.4587],[76.4664,31.4488],[76.4645,31.4464],[76.4713,31.4441],[76.4781,31.4448],[76.4792,31.4419],[76.4737,31.4402],[76.4737,31.4307],[76.4719,31.4244],[76.47,31.4244],[76.4669,31.4242],[76.4597,31.4223],[76.449,31.4166],[76.4416,31.4148],[76.435,31.4115],[76.4173,31.4126],[76.3988,31.427],[76.3958,31.4218],[76.3966,31.413],[76.3958,31.408],[76.3872,31.4111],[76.3895,31.4196],[76.3834,31.4256],[76.3774,31.4388],[76.371,31.4271],[76.3733,31.4131],[76.3673,31.4099],[76.361,31.4032],[76.3487,31.4012],[76.3436,31.3986],[76.33,31.3999],[76.3329,31.3857],[76.3323,31.3786],[76.3437,31.377],[76.3441,31.3652],[76.3453,31.3565],[76.3507,31.3504],[76.3441,31.3427],[76.3385,31.3446],[76.3318,31.3497],[76.3298,31.345],[76.3139,31.3413],[76.31,31.3397],[76.3162,31.3238],[76.31,31.3167],[76.3043,31.3131],[76.2983,31.311],[76.2913,31.3074],[76.2823,31.3041],[76.2751,31.3033],[76.2695,31.3125],[76.258,31.3112],[76.2371,31.3106],[76.2288,31.3052],[76.2202,31.3028],[76.1995,31.3023],[76.1867,31.3044],[76.1823,31.3118],[76.18,31.3239],[76.1802,31.3392],[76.172,31.3447],[76.1616,31.3459],[76.1535,31.3509],[76.1489,31.3595],[76.148,31.3805],[76.1526,31.3847],[76.1611,31.3897],[76.167,31.395],[76.1708,31.4023],[76.1675,31.4118],[76.1611,31.4167],[76.1612,31.4234],[76.1575,31.4301],[76.1491,31.4354],[76.1423,31.4416],[76.1367,31.4516],[76.1354,31.4589],[76.1296,31.4634],[76.1288,31.4715],[76.1221,31.4802],[76.1223,31.4931],[76.1183,31.5003],[76.1087,31.5122],[76.1048,31.517],[76.1032,31.5257],[76.0982,31.5352],[76.091,31.5441],[76.0858,31.5523],[76.0803,31.5586],[76.0791,31.5599],[76.0658,31.58],[76.0574,31.5902],[76.057,31.5941],[76.0583,31.6012],[76.0543,31.6067],[76.051,31.605],[76.0457,31.6077],[76.0375,31.6137],[76.0319,31.6199],[76.0171,31.6449],[76.0206,31.6498],[76.0183,31.6553],[76.0191,31.6614],[76.0117,31.6673],[76.0118,31.6744],[76.0091,31.68],[76.0066,31.6829],[76.0054,31.6842],[76.0051,31.6832],[76,31.6838],[75.9902,31.6938],[75.9918,31.7035],[75.9871,31.7136],[75.9838,31.7182],[75.9805,31.732],[75.9755,31.7353],[75.972,31.739],[75.9743,31.7428],[75.974,31.7481],[75.9664,31.7616],[75.9596,31.7799],[75.951,31.783],[75.9504,31.7884],[75.9476,31.7958],[75.9418,31.8038],[75.9364,31.8159],[75.9414,31.8151],[75.944,31.8139],[75.9479,31.8137],[75.9507,31.8169],[75.9634,31.8218],[75.9676,31.8226],[75.975,31.8171],[75.9816,31.8135],[75.9861,31.8132],[75.9856,31.8178],[75.9823,31.8221],[75.9704,31.831],[75.9683,31.8386],[75.9644,31.8468],[75.959,31.8562],[75.9701,31.8533],[75.9793,31.8492],[75.9897,31.8496],[76,31.851],[76.0019,31.8553],[76.0086,31.8631],[76.0381,31.8639],[76.0475,31.8616],[76.0544,31.8545],[76.0728,31.8391],[76.0827,31.8444],[76.085,31.8313],[76.0856,31.8305],[76.0904,31.8236],[76.1019,31.8191],[76.1149,31.8055],[76.1319,31.8002],[76.16,31.7962],[76.1661,31.7936],[76.1718,31.7886],[76.1803,31.784],[76.1846,31.7766],[76.1827,31.77],[76.1896,31.7681],[76.1947,31.7722],[76.2038,31.7729],[76.2093,31.7684],[76.21,31.7633],[76.2239,31.7427],[76.2488,31.7223],[76.2513,31.7182],[76.2569,31.7146],[76.2712,31.7057],[76.2792,31.6986],[76.2845,31.6908],[76.2896,31.6866],[76.2947,31.6912],[76.3125,31.7201],[76.3139,31.7217]]]},"properties":{"district_name":"Una","raw_district_name":"Una","state_code":"HP","state_name":"Himachal Pradesh","census_code":29,"data_source":"DataMeet India Maps (Census 2011 Boundaries)"}}]}