{"type":"FeatureCollection","properties":{"state_code":"HR","state_name":"Haryana","data_source":"DataMeet India Maps"},"features":[{"type":"Feature","geometry":{"type":"MultiPolygon","coordinates":[[[[77.0929,30.5558],[77.0976,30.5506],[77.1094,30.5532],[77.1139,30.5569],[77.1248,30.5635],[77.1252,30.5633],[77.1246,30.563],[77.1268,30.5581],[77.1296,30.5531],[77.1355,30.5439],[77.1442,30.5371],[77.1507,30.5342],[77.1587,30.5334],[77.1652,30.5325],[77.1768,30.5297],[77.1826,30.5285],[77.1877,30.5261],[77.1985,30.5214],[77.2039,30.5149],[77.209,30.5073],[77.2128,30.5021],[77.2127,30.496],[77.2095,30.4953],[77.2023,30.4937],[77.1964,30.4902],[77.189,30.4793],[77.1863,30.4747],[77.1816,30.4694],[77.1758,30.4607],[77.1744,30.454],[77.1721,30.4491],[77.1698,30.4418],[77.1715,30.4377],[77.1725,30.4325],[77.1729,30.429],[77.1731,30.4228],[77.1691,30.4199],[77.1656,30.4178],[77.1657,30.4146],[77.1669,30.4143],[77.1754,30.411],[77.1791,30.4062],[77.1796,30.4003],[77.1728,30.3825],[77.1693,30.3779],[77.1694,30.3741],[77.1695,30.3706],[77.1696,30.3657],[77.1689,30.3623],[77.1629,30.3618],[77.1553,30.361],[77.1533,30.3589],[77.1534,30.355],[77.1571,30.3534],[77.1602,30.3559],[77.1634,30.3545],[77.1655,30.3514],[77.1675,30.3532],[77.1691,30.3543],[77.1715,30.3543],[77.1751,30.3506],[77.1733,30.3439],[77.1803,30.3375],[77.1832,30.333],[77.1885,30.3289],[77.1886,30.3287],[77.1882,30.3287],[77.1832,30.3235],[77.1865,30.3174],[77.1898,30.3128],[77.1846,30.3061],[77.1785,30.3047],[77.1709,30.3051],[77.1701,30.2972],[77.1624,30.2931],[77.1555,30.2879],[77.1476,30.285],[77.1404,30.2812],[77.1358,30.269],[77.1392,30.2621],[77.1365,30.2539],[77.1333,30.2493],[77.1367,30.2428],[77.1416,30.2407],[77.1469,30.2431],[77.1489,30.2435],[77.1516,30.244],[77.1554,30.2439],[77.1597,30.2424],[77.165,30.2356],[77.1643,30.228],[77.1601,30.2214],[77.157,30.2183],[77.1469,30.2136],[77.1417,30.2229],[77.1384,30.2259],[77.1294,30.2297],[77.1266,30.2296],[77.1158,30.2289],[77.1123,30.2254],[77.1046,30.2247],[77.0937,30.2233],[77.093,30.2202],[77.0924,30.2175],[77.085,30.2153],[77.0775,30.2109],[77.074,30.2038],[77.0753,30.1973],[77.0813,30.194],[77.0886,30.1915],[77.0939,30.1903],[77.1005,30.1873],[77.1085,30.1821],[77.1112,30.1756],[77.1112,30.1756],[77.1111,30.1756],[77.1045,30.1672],[77.1014,30.1627],[77.0989,30.1582],[77.0976,30.154],[77.0944,30.1537],[77.0908,30.1585],[77.0879,30.1616],[77.0829,30.1637],[77.0782,30.166],[77.0742,30.1656],[77.0713,30.1624],[77.0742,30.1575],[77.075,30.1505],[77.0687,30.1411],[77.0696,30.1336],[77.0679,30.1271],[77.0651,30.1224],[77.0576,30.1225],[77.0516,30.1248],[77.0465,30.1277],[77.0416,30.131],[77.0368,30.137],[77.0318,30.1425],[77.0264,30.1475],[77.02,30.1517],[77.0099,30.1577],[77.0046,30.1616],[77.0009,30.1637],[77,30.1645],[76.9817,30.1671],[76.9776,30.1624],[76.9682,30.1602],[76.9666,30.1563],[76.9614,30.1539],[76.9558,30.1567],[76.9496,30.1601],[76.9438,30.1666],[76.9433,30.1766],[76.9459,30.1799],[76.9569,30.1835],[76.9602,30.1917],[76.9373,30.1971],[76.9259,30.1991],[76.9173,30.1992],[76.908,30.1945],[76.9027,30.1886],[76.8961,30.1925],[76.892,30.1969],[76.8852,30.202],[76.8874,30.2097],[76.8834,30.2142],[76.8775,30.2171],[76.8639,30.2278],[76.8624,30.233],[76.8657,30.2438],[76.862,30.246],[76.8543,30.248],[76.8317,30.2488],[76.8236,30.2419],[76.822,30.2366],[76.8218,30.2269],[76.8134,30.2158],[76.8076,30.212],[76.7963,30.2094],[76.7857,30.208],[76.7807,30.203],[76.7745,30.1982],[76.7685,30.197],[76.7612,30.1928],[76.7495,30.1944],[76.7315,30.1917],[76.7008,30.1884],[76.6859,30.1846],[76.677,30.169],[76.6641,30.1615],[76.6579,30.1545],[76.6463,30.1485],[76.6397,30.1511],[76.6348,30.1663],[76.6514,30.1812],[76.6538,30.1852],[76.6541,30.1896],[76.6493,30.1929],[76.6511,30.2019],[76.645,30.206],[76.6289,30.2071],[76.6215,30.2088],[76.6164,30.2112],[76.6184,30.216],[76.624,30.2216],[76.6242,30.227],[76.6215,30.2309],[76.6116,30.2364],[76.6081,30.24],[76.6025,30.2502],[76.5962,30.2526],[76.5881,30.2519],[76.5812,30.2474],[76.5598,30.2306],[76.5565,30.227],[76.5446,30.2233],[76.545,30.2282],[76.5543,30.2325],[76.5581,30.2397],[76.5591,30.2456],[76.558,30.2548],[76.5598,30.261],[76.5701,30.2604],[76.5932,30.266],[76.6167,30.2683],[76.6221,30.2667],[76.6266,30.2713],[76.632,30.2839],[76.6351,30.2874],[76.6386,30.28],[76.6636,30.2954],[76.6748,30.2956],[76.6854,30.3088],[76.6833,30.3152],[76.687,30.322],[76.6919,30.3174],[76.7009,30.322],[76.7101,30.3208],[76.7127,30.3258],[76.7172,30.3277],[76.7234,30.3258],[76.7276,30.3289],[76.7276,30.3359],[76.7364,30.3403],[76.7415,30.3444],[76.7471,30.3499],[76.751,30.3556],[76.7475,30.3609],[76.7429,30.3634],[76.7239,30.3611],[76.7214,30.3642],[76.7306,30.3731],[76.7282,30.3763],[76.7174,30.3768],[76.7142,30.3809],[76.7127,30.3896],[76.7254,30.3943],[76.7391,30.401],[76.7378,30.4164],[76.7505,30.4209],[76.7615,30.4226],[76.767,30.4288],[76.7699,30.4338],[76.7705,30.4349],[76.776,30.4357],[76.7794,30.432],[76.777,30.421],[76.7834,30.4143],[76.7933,30.411],[76.8099,30.411],[76.8211,30.4078],[76.8358,30.4185],[76.8406,30.4262],[76.8452,30.4298],[76.8524,30.4166],[76.86,30.4108],[76.8774,30.4046],[76.8802,30.3973],[76.8789,30.3907],[76.8871,30.3871],[76.8929,30.382],[76.8931,30.3788],[76.8883,30.3653],[76.889,30.3591],[76.8928,30.3555],[76.8998,30.3542],[76.9049,30.3555],[76.9104,30.3584],[76.9161,30.3633],[76.9297,30.3785],[76.9335,30.3805],[76.94,30.3844],[76.943,30.3883],[76.9441,30.3928],[76.9418,30.3957],[76.9385,30.3974],[76.9322,30.3988],[76.922,30.399],[76.9179,30.4005],[76.9166,30.4025],[76.9166,30.4057],[76.918,30.409],[76.9164,30.414],[76.9165,30.4207],[76.9144,30.4241],[76.9027,30.4325],[76.9016,30.4369],[76.9035,30.4469],[76.908,30.4514],[76.9108,30.4636],[76.9095,30.4712],[76.9027,30.4752],[76.9018,30.4805],[76.9067,30.4855],[76.914,30.4847],[76.9207,30.4866],[76.9252,30.4895],[76.9288,30.4953],[76.9302,30.4998],[76.9357,30.4971],[76.9395,30.4913],[76.9403,30.4858],[76.941,30.4821],[76.9416,30.4803],[76.946,30.475],[76.9546,30.4731],[76.9637,30.4756],[76.9679,30.4784],[76.9737,30.4822],[76.9781,30.4878],[76.9835,30.4927],[76.9871,30.4959],[76.9908,30.505],[76.9929,30.5085],[76.9952,30.5109],[76.9986,30.5125],[77.0028,30.5126],[77.0074,30.5153],[77.0085,30.517],[77.0155,30.5205],[77.0273,30.5239],[77.0325,30.5256],[77.0367,30.5259],[77.0422,30.5287],[77.0446,30.5314],[77.0453,30.5367],[77.0458,30.542],[77.0464,30.5452],[77.0488,30.5471],[77.0527,30.5479],[77.0593,30.552],[77.0624,30.5536],[77.0656,30.5603],[77.0658,30.5643],[77.0675,30.5688],[77.0699,30.5707],[77.0701,30.5755],[77.0796,30.5743],[77.0818,30.572],[77.0845,30.5712],[77.0883,30.5681],[77.0897,30.5602],[77.0929,30.5558]]],[[[76.613,30.0761],[76.6107,30.0756],[76.6083,30.0754],[76.6059,30.0755],[76.6036,30.0757],[76.6014,30.0752],[76.5995,30.0741],[76.5977,30.0727],[76.5959,30.0714],[76.5938,30.0706],[76.591,30.0705],[76.5886,30.0711],[76.5882,30.0721],[76.5897,30.0737],[76.5917,30.0755],[76.5929,30.0772],[76.5938,30.0791],[76.5938,30.0812],[76.5927,30.0828],[76.5907,30.0838],[76.5885,30.0847],[76.5867,30.0859],[76.5849,30.0872],[76.5831,30.0885],[76.5814,30.0899],[76.5796,30.0911],[76.5776,30.0922],[76.5755,30.0931],[76.5733,30.0936],[76.5711,30.094],[76.5668,30.0948],[76.5922,30.1149],[76.6012,30.1194],[76.6076,30.1249],[76.6195,30.1368],[76.6273,30.1417],[76.6353,30.1453],[76.6351,30.1406],[76.6414,30.1307],[76.6407,30.1261],[76.6372,30.117],[76.6367,30.1128],[76.6386,30.1099],[76.6395,30.1064],[76.6386,30.1016],[76.6371,30.0978],[76.6314,30.0913],[76.6296,30.09],[76.6278,30.0887],[76.626,30.0874],[76.6243,30.0861],[76.6225,30.0848],[76.6209,30.0834],[76.6193,30.0818],[76.6179,30.0802],[76.6164,30.0787],[76.6148,30.0773],[76.613,30.0761]]]]},"properties":{"district_name":"Ambala","raw_district_name":"Ambala","state_code":"HR","state_name":"Haryana","census_code":70,"data_source":"DataMeet India Maps (Census 2011 Boundaries)"}},{"type":"Feature","geometry":{"type":"Polygon","coordinates":[[[76.0441,29.0502],[76.0564,29.0235],[76.0664,29.0283],[76.0791,29.0343],[76.0853,29.0348],[76.0889,29.0351],[76.1002,29.0323],[76.1247,29.026],[76.1307,29.0178],[76.1615,29.0064],[76.167,29.0064],[76.1554,29.0294],[76.1547,29.0409],[76.1558,29.0519],[76.1558,29.052],[76.1644,29.0532],[76.1672,29.0535],[76.1713,29.0517],[76.1726,29.0512],[76.1867,29.045],[76.1888,29.029],[76.1851,29.012],[76.1928,28.9953],[76.2042,28.9887],[76.2199,28.9809],[76.2126,28.965],[76.2116,28.963],[76.2134,28.9584],[76.2155,28.9532],[76.2298,28.9372],[76.2328,28.9053],[76.2371,28.9013],[76.2565,28.9013],[76.2767,28.8995],[76.2863,28.8958],[76.2904,28.8752],[76.2918,28.8759],[76.3002,28.9046],[76.3287,28.8943],[76.3586,28.8731],[76.3599,28.8657],[76.3518,28.8545],[76.3458,28.846],[76.343,28.8358],[76.3369,28.8265],[76.3319,28.8208],[76.3322,28.8088],[76.3326,28.8055],[76.3501,28.7975],[76.3875,28.7731],[76.3908,28.7709],[76.4058,28.7515],[76.4008,28.7332],[76.3937,28.729],[76.3877,28.723],[76.3868,28.7187],[76.3805,28.7091],[76.3808,28.7036],[76.384,28.6994],[76.398,28.6878],[76.398,28.6878],[76.3983,28.6875],[76.4059,28.6812],[76.4059,28.6812],[76.407,28.6822],[76.4072,28.6821],[76.4074,28.6804],[76.4091,28.6662],[76.41,28.6591],[76.4183,28.658],[76.4524,28.6539],[76.4527,28.6534],[76.4558,28.6479],[76.4549,28.6429],[76.4531,28.6324],[76.452,28.6264],[76.4537,28.6201],[76.4623,28.6092],[76.4663,28.6042],[76.4647,28.5994],[76.455,28.5942],[76.4475,28.5931],[76.4377,28.5927],[76.4262,28.5459],[76.4105,28.5474],[76.4092,28.5535],[76.4078,28.5597],[76.4012,28.5886],[76.3924,28.592],[76.3757,28.5985],[76.3752,28.5986],[76.3603,28.6033],[76.3575,28.6041],[76.35,28.6029],[76.3437,28.602],[76.3435,28.5823],[76.3434,28.5733],[76.3433,28.5713],[76.343,28.5482],[76.3369,28.5358],[76.3368,28.5275],[76.3353,28.5183],[76.3303,28.5014],[76.3268,28.4951],[76.3227,28.4936],[76.3207,28.4938],[76.3196,28.4942],[76.3179,28.4968],[76.3133,28.499],[76.3051,28.499],[76.299,28.499],[76.2931,28.4979],[76.2903,28.4949],[76.2878,28.4899],[76.2874,28.4898],[76.2844,28.4827],[76.2844,28.4803],[76.2853,28.4783],[76.2877,28.4751],[76.2894,28.4731],[76.2935,28.4703],[76.2938,28.4679],[76.2924,28.4651],[76.292,28.4601],[76.2916,28.4542],[76.2916,28.449],[76.2916,28.4485],[76.2774,28.4481],[76.2751,28.4481],[76.2738,28.446],[76.2711,28.4414],[76.2685,28.4381],[76.2592,28.4362],[76.2553,28.4373],[76.25,28.4394],[76.2474,28.4429],[76.2453,28.4552],[76.2432,28.4607],[76.2311,28.4675],[76.2204,28.4672],[76.2163,28.4598],[76.2144,28.4533],[76.2141,28.4534],[76.2103,28.444],[76.2014,28.444],[76.2012,28.4418],[76.1965,28.4416],[76.1965,28.4416],[76.1956,28.4418],[76.1871,28.4435],[76.1855,28.4438],[76.1818,28.4419],[76.173,28.4374],[76.172,28.4413],[76.1635,28.4515],[76.1637,28.4625],[76.1551,28.4625],[76.1454,28.4491],[76.1273,28.4489],[76.1171,28.4508],[76.1132,28.4447],[76.108,28.4289],[76.0981,28.4254],[76.0926,28.414],[76.0863,28.4087],[76.0788,28.3943],[76.0677,28.3966],[76.0564,28.396],[76.028,28.3901],[76.0215,28.3946],[76.0235,28.4037],[76.0142,28.4121],[76.0167,28.4322],[75.9999,28.4401],[75.9724,28.4383],[75.9061,28.4295],[75.902,28.427],[75.9,28.4174],[75.9015,28.4071],[75.9042,28.3995],[75.8976,28.3896],[75.8975,28.3896],[75.8919,28.3879],[75.8915,28.3826],[75.8805,28.3868],[75.8495,28.3933],[75.8434,28.3937],[75.8365,28.4051],[75.8264,28.4019],[75.825,28.4075],[75.8109,28.4103],[75.8023,28.4059],[75.7958,28.4005],[75.7908,28.4033],[75.7786,28.4037],[75.7737,28.4169],[75.7851,28.4266],[75.7934,28.4353],[75.7935,28.4468],[75.7866,28.4537],[75.7555,28.4655],[75.7433,28.4688],[75.7449,28.4834],[75.7323,28.4875],[75.709,28.4916],[75.6984,28.4954],[75.6794,28.5132],[75.6723,28.5172],[75.6738,28.5296],[75.6717,28.5324],[75.6619,28.5369],[75.6518,28.5393],[75.645,28.5439],[75.6374,28.5424],[75.6336,28.5549],[75.6274,28.5851],[75.6284,28.5956],[75.6265,28.5986],[75.6177,28.6023],[75.5933,28.6029],[75.5854,28.6132],[75.5641,28.6111],[75.5574,28.6397],[75.548,28.6454],[75.5491,28.6519],[75.5463,28.6579],[75.5482,28.6726],[75.5451,28.6788],[75.5439,28.685],[75.54,28.7139],[75.5395,28.7295],[75.5346,28.7396],[75.5375,28.7469],[75.5305,28.7528],[75.5247,28.7689],[75.5136,28.7795],[75.5071,28.7844],[75.5125,28.7935],[75.5118,28.806],[75.5174,28.812],[75.522,28.8333],[75.5192,28.8401],[75.5114,28.8427],[75.5078,28.8471],[75.5064,28.8529],[75.4967,28.8564],[75.4972,28.8951],[75.4934,28.8985],[75.4759,28.9231],[75.4777,28.9348],[75.5064,28.9383],[75.5124,28.9486],[75.5118,28.9583],[75.5178,28.9625],[75.5255,28.9722],[75.5249,28.979],[75.5308,28.9774],[75.5498,28.9745],[75.5614,28.9727],[75.5819,28.9776],[75.5934,28.9804],[75.6074,28.9811],[75.6243,28.9772],[75.6253,28.977],[75.6267,28.9751],[75.6377,28.9637],[75.635,28.9559],[75.6487,28.9387],[75.6542,28.94],[75.6804,28.9129],[75.7057,28.9057],[75.7482,28.9056],[75.7626,28.8994],[75.7684,28.9009],[75.7753,28.913],[75.7768,28.919],[75.7865,28.9248],[75.7965,28.927],[75.8159,28.9162],[75.8318,28.913],[75.8518,28.9275],[75.8566,28.9531],[75.8583,28.9619],[75.871,28.9653],[75.8834,28.976],[75.8841,28.9805],[75.8841,28.9805],[75.8931,28.9769],[75.8947,28.985],[75.8972,28.9981],[75.9036,29.0145],[75.9043,29.0163],[75.9047,29.0173],[75.9096,29.0197],[75.9228,29.026],[75.9354,29.0184],[75.9395,29.0159],[75.9592,29.0042],[75.9686,28.9975],[75.9748,28.9932],[75.9758,28.9958],[75.9794,29.005],[75.9729,29.0206],[75.9639,29.0313],[75.9635,29.0403],[75.9699,29.0512],[75.9752,29.0603],[75.9869,29.0777],[75.9979,29.0697],[75.9991,29.0691],[76.0013,29.068],[76.0189,29.0595],[76.0189,29.0595],[76.0212,29.0589],[76.0385,29.0543],[76.0441,29.0502]]]},"properties":{"district_name":"Bhiwani","raw_district_name":"Bhiwani","state_code":"HR","state_name":"Haryana","census_code":81,"data_source":"DataMeet India Maps (Census 2011 Boundaries)"}},{"type":"Feature","geometry":{"type":"Polygon","coordinates":[[[77.3477,28.5035],[77.3531,28.4981],[77.3704,28.4923],[77.3739,28.4874],[77.374,28.4801],[77.3793,28.4751],[77.3831,28.4725],[77.3859,28.4706],[77.3981,28.4673],[77.4078,28.4656],[77.4099,28.4611],[77.4047,28.4572],[77.4077,28.4531],[77.4182,28.45],[77.428,28.4502],[77.4281,28.4502],[77.4357,28.449],[77.4382,28.4385],[77.4459,28.426],[77.4539,28.4234],[77.4614,28.4193],[77.466,28.4154],[77.4786,28.4119],[77.4844,28.4079],[77.4837,28.3982],[77.4767,28.3941],[77.4794,28.3887],[77.4957,28.3741],[77.5019,28.3639],[77.504,28.3526],[77.495,28.3446],[77.4762,28.3356],[77.4735,28.3324],[77.4757,28.3283],[77.4833,28.3222],[77.4916,28.318],[77.5055,28.3014],[77.5039,28.2946],[77.5045,28.287],[77.5024,28.275],[77.4978,28.2735],[77.4819,28.2756],[77.4745,28.2718],[77.4769,28.2641],[77.4967,28.2561],[77.5117,28.2522],[77.5203,28.2492],[77.5213,28.2489],[77.5219,28.2487],[77.5347,28.2478],[77.5485,28.2487],[77.5509,28.2421],[77.5453,28.2348],[77.5252,28.2241],[77.5267,28.2157],[77.5312,28.2117],[77.5329,28.2015],[77.5287,28.1961],[77.5224,28.196],[77.5202,28.2007],[77.5072,28.2074],[77.4987,28.2063],[77.5002,28.1874],[77.5017,28.1794],[77.5111,28.1815],[77.5152,28.1898],[77.5304,28.1861],[77.5398,28.1873],[77.5476,28.1852],[77.552,28.176],[77.5413,28.1646],[77.5212,28.1592],[77.5195,28.1674],[77.5154,28.1713],[77.4852,28.1759],[77.4779,28.1717],[77.4611,28.1584],[77.456,28.1613],[77.4565,28.1648],[77.4512,28.1703],[77.4412,28.1631],[77.4275,28.1644],[77.4132,28.1692],[77.4105,28.1641],[77.4012,28.1715],[77.4028,28.1751],[77.3917,28.192],[77.3956,28.1976],[77.4046,28.1982],[77.4137,28.2014],[77.4136,28.2059],[77.4083,28.2114],[77.4009,28.2118],[77.3786,28.222],[77.3619,28.2056],[77.3469,28.2119],[77.3228,28.2246],[77.3243,28.2327],[77.3215,28.2346],[77.3164,28.2315],[77.3074,28.2268],[77.3022,28.2313],[77.2924,28.2392],[77.2786,28.244],[77.2746,28.2479],[77.2756,28.2535],[77.2805,28.2596],[77.2798,28.2671],[77.2741,28.2691],[77.2661,28.2709],[77.2604,28.2703],[77.2593,28.2678],[77.2595,28.2597],[77.2584,28.2577],[77.2533,28.2596],[77.2392,28.2687],[77.2395,28.2688],[77.2403,28.2701],[77.2417,28.2726],[77.2412,28.276],[77.2396,28.2787],[77.2334,28.2826],[77.2291,28.2873],[77.2253,28.2897],[77.2165,28.2905],[77.2092,28.2937],[77.2049,28.2939],[77.1994,28.292],[77.1929,28.2915],[77.1898,28.2951],[77.1849,28.2988],[77.1782,28.3013],[77.1717,28.3054],[77.1645,28.3085],[77.1541,28.3166],[77.1513,28.3219],[77.1501,28.3341],[77.1504,28.3408],[77.1517,28.3473],[77.1523,28.3641],[77.1498,28.3782],[77.1504,28.3833],[77.152,28.3864],[77.1659,28.3948],[77.1754,28.4031],[77.1891,28.407],[77.2049,28.4071],[77.2156,28.408],[77.225,28.4103],[77.2324,28.4135],[77.2503,28.4234],[77.2529,28.4282],[77.254,28.4362],[77.253,28.442],[77.2496,28.4482],[77.2429,28.454],[77.2362,28.4548],[77.2355,28.4586],[77.2374,28.4643],[77.2422,28.4704],[77.2465,28.4742],[77.2524,28.4792],[77.2638,28.4801],[77.2699,28.483],[77.281,28.4916],[77.2879,28.4927],[77.2956,28.4908],[77.3061,28.4857],[77.3108,28.4846],[77.3167,28.4852],[77.3247,28.4891],[77.3316,28.4939],[77.3366,28.498],[77.3389,28.5028],[77.3444,28.5056],[77.3477,28.5035]]]},"properties":{"district_name":"Faridabad","raw_district_name":"Faridabad","state_code":"HR","state_name":"Haryana","census_code":88,"data_source":"DataMeet India Maps (Census 2011 Boundaries)"}},{"type":"Feature","geometry":{"type":"Polygon","coordinates":[[[75.9494,29.7301],[75.9483,29.7182],[75.9447,29.7074],[75.9412,29.7013],[75.9401,29.6993],[75.9389,29.6973],[75.9373,29.6903],[75.9377,29.6837],[75.9445,29.6772],[75.9488,29.6709],[75.9515,29.6669],[75.9489,29.6615],[75.9467,29.6569],[75.9451,29.6471],[75.9486,29.6363],[75.9552,29.6218],[75.9551,29.6188],[75.9542,29.6107],[75.9507,29.6055],[75.95,29.5966],[75.9571,29.5933],[75.9617,29.5843],[75.9607,29.5781],[75.9604,29.5776],[75.9589,29.5743],[75.9592,29.5719],[75.9599,29.5655],[75.9558,29.5673],[75.9458,29.5717],[75.9336,29.5799],[75.9124,29.5525],[75.903,29.5555],[75.8948,29.5543],[75.8936,29.5415],[75.8932,29.5365],[75.8717,29.5397],[75.8698,29.5462],[75.8685,29.5505],[75.8642,29.5577],[75.8563,29.5514],[75.8551,29.5444],[75.8531,29.5332],[75.8474,29.5241],[75.8388,29.516],[75.8293,29.5122],[75.8149,29.5207],[75.7995,29.5232],[75.7838,29.5175],[75.783,29.5245],[75.7573,29.4983],[75.754,29.4827],[75.7274,29.481],[75.7221,29.4752],[75.7319,29.4498],[75.7164,29.4418],[75.714,29.4306],[75.7074,29.4331],[75.7039,29.4259],[75.6889,29.4266],[75.6744,29.4257],[75.6508,29.4228],[75.6328,29.4198],[75.6274,29.41],[75.6166,29.4028],[75.6176,29.3742],[75.6015,29.369],[75.5986,29.342],[75.5923,29.3358],[75.5832,29.3439],[75.5808,29.3642],[75.561,29.3572],[75.5604,29.3647],[75.5455,29.3602],[75.5315,29.3622],[75.5103,29.4023],[75.4821,29.3903],[75.4814,29.4049],[75.456,29.4006],[75.4509,29.4085],[75.4372,29.4092],[75.4169,29.4134],[75.423,29.3838],[75.3866,29.3783],[75.3813,29.3556],[75.3956,29.3446],[75.3988,29.3369],[75.4042,29.3312],[75.3971,29.327],[75.3978,29.3196],[75.3885,29.317],[75.3681,29.3113],[75.348,29.3056],[75.3428,29.308],[75.3192,29.3071],[75.3053,29.3204],[75.2841,29.3041],[75.2771,29.3002],[75.264,29.2929],[75.2723,29.2839],[75.2817,29.2746],[75.2862,29.2712],[75.2859,29.2709],[75.2809,29.2518],[75.2586,29.2539],[75.2444,29.2494],[75.2397,29.2527],[75.2358,29.2576],[75.2329,29.2662],[75.2396,29.2919],[75.2386,29.3007],[75.2352,29.3086],[75.2267,29.3243],[75.2315,29.3314],[75.2408,29.3358],[75.2504,29.3354],[75.2616,29.34],[75.2664,29.3458],[75.2668,29.3531],[75.2643,29.3573],[75.2581,29.3644],[75.2499,29.3703],[75.2415,29.3782],[75.231,29.3809],[75.2219,29.3841],[75.2216,29.3915],[75.2239,29.3982],[75.2339,29.414],[75.2421,29.4192],[75.2538,29.4205],[75.2648,29.423],[75.2775,29.423],[75.2895,29.4277],[75.3009,29.4414],[75.285,29.4628],[75.2814,29.4709],[75.2809,29.4797],[75.2847,29.4868],[75.2862,29.4951],[75.2747,29.5082],[75.2775,29.5144],[75.2856,29.5187],[75.2996,29.5203],[75.296,29.5363],[75.3016,29.541],[75.3021,29.5477],[75.3004,29.5594],[75.3059,29.5657],[75.3129,29.5767],[75.3147,29.5812],[75.3143,29.5861],[75.3119,29.5896],[75.3035,29.5953],[75.2902,29.6009],[75.2904,29.6078],[75.2977,29.6174],[75.311,29.6247],[75.3175,29.6302],[75.3217,29.6464],[75.3262,29.6585],[75.3277,29.6683],[75.3326,29.67],[75.3402,29.6699],[75.3515,29.6597],[75.3568,29.6565],[75.3585,29.6566],[75.3605,29.6569],[75.3594,29.6632],[75.3561,29.669],[75.3439,29.6857],[75.3454,29.6915],[75.3513,29.6929],[75.3628,29.7021],[75.3687,29.7034],[75.3721,29.7105],[75.3802,29.7106],[75.3889,29.7089],[75.3938,29.7179],[75.3924,29.7246],[75.3939,29.7316],[75.4011,29.7362],[75.407,29.7462],[75.4075,29.7586],[75.4203,29.7729],[75.4301,29.7719],[75.4375,29.7755],[75.445,29.7778],[75.4541,29.7837],[75.4535,29.7917],[75.4458,29.7964],[75.4547,29.8054],[75.5088,29.7752],[75.5167,29.7714],[75.5221,29.7574],[75.5344,29.7646],[75.5406,29.77],[75.5546,29.7691],[75.5668,29.7631],[75.5735,29.7415],[75.5792,29.7399],[75.6032,29.7463],[75.6109,29.7446],[75.6237,29.7436],[75.6331,29.7508],[75.634,29.7641],[75.6359,29.7704],[75.6514,29.7682],[75.6602,29.7717],[75.6669,29.7732],[75.6767,29.7698],[75.6888,29.7541],[75.6979,29.7488],[75.708,29.7522],[75.7166,29.8057],[75.7205,29.8093],[75.7367,29.8085],[75.7434,29.8083],[75.7591,29.8091],[75.7713,29.8156],[75.7741,29.8189],[75.7824,29.8223],[75.7939,29.8122],[75.8068,29.804],[75.8307,29.8122],[75.8398,29.8092],[75.84,29.7975],[75.8441,29.7875],[75.852,29.7777],[75.8543,29.7728],[75.8653,29.7664],[75.8745,29.7491],[75.8827,29.7469],[75.89,29.7438],[75.9014,29.7499],[75.908,29.7522],[75.9138,29.743],[75.9247,29.7354],[75.9339,29.7316],[75.9447,29.7292],[75.9494,29.7301]]]},"properties":{"district_name":"Fatehabad","raw_district_name":"Fatehabad","state_code":"HR","state_name":"Haryana","census_code":78,"data_source":"DataMeet India Maps (Census 2011 Boundaries)"}},{"type":"Feature","geometry":{"type":"Polygon","coordinates":[[[76.6666,28.3781],[76.6741,28.38],[76.6823,28.3771],[76.6971,28.3702],[76.6986,28.3674],[76.6984,28.3655],[76.6979,28.3624],[76.6976,28.3609],[76.7082,28.3598],[76.7132,28.3596],[76.7197,28.3587],[76.7258,28.3599],[76.7304,28.3639],[76.734,28.3699],[76.7353,28.3769],[76.7343,28.3824],[76.7297,28.388],[76.7231,28.3938],[76.7142,28.3972],[76.711,28.3998],[76.7088,28.4031],[76.7081,28.4082],[76.7102,28.4187],[76.7137,28.4296],[76.7162,28.4343],[76.7184,28.438],[76.7129,28.4475],[76.7136,28.454],[76.7136,28.456],[76.7104,28.4584],[76.7108,28.466],[76.7077,28.4808],[76.7095,28.4911],[76.7211,28.489],[76.7314,28.4827],[76.7392,28.4699],[76.7443,28.465],[76.7523,28.4629],[76.7606,28.4629],[76.7635,28.4653],[76.7686,28.4735],[76.7722,28.4754],[76.7766,28.4748],[76.7786,28.4729],[76.7892,28.4673],[76.7949,28.4671],[76.8133,28.476],[76.823,28.5006],[76.8255,28.5029],[76.8293,28.5034],[76.8641,28.4995],[76.8805,28.4991],[76.8889,28.5039],[76.8963,28.5061],[76.9033,28.511],[76.907,28.5126],[76.918,28.5097],[76.9322,28.5141],[76.9428,28.5108],[76.9542,28.5084],[76.9781,28.5224],[76.9862,28.5186],[76.9999,28.5145],[77.0152,28.5092],[77.0206,28.5128],[77.0211,28.5189],[77.0147,28.5235],[77.0079,28.5269],[77.0056,28.5317],[77.0099,28.5368],[77.0158,28.5375],[77.0253,28.5281],[77.0293,28.528],[77.0428,28.5231],[77.0513,28.5137],[77.0584,28.51],[77.0666,28.5086],[77.0772,28.5153],[77.0822,28.515],[77.0957,28.5055],[77.1,28.5001],[77.1132,28.4921],[77.1174,28.4885],[77.1151,28.4828],[77.113,28.4778],[77.1112,28.4711],[77.1124,28.4651],[77.1157,28.4605],[77.1184,28.452],[77.1222,28.4449],[77.1279,28.4371],[77.1337,28.4339],[77.141,28.4333],[77.1521,28.4303],[77.1615,28.4229],[77.164,28.4159],[77.1754,28.4031],[77.1659,28.3948],[77.152,28.3864],[77.1504,28.3833],[77.1498,28.3782],[77.1523,28.3641],[77.1517,28.3473],[77.1504,28.3408],[77.1501,28.3341],[77.1513,28.3219],[77.1541,28.3166],[77.1645,28.3085],[77.1717,28.3054],[77.1782,28.3013],[77.1849,28.2988],[77.1898,28.2951],[77.1929,28.2915],[77.1994,28.292],[77.2049,28.2939],[77.2092,28.2937],[77.2165,28.2905],[77.2253,28.2897],[77.2291,28.2873],[77.2334,28.2826],[77.2396,28.2787],[77.2412,28.276],[77.2417,28.2726],[77.2403,28.2701],[77.2395,28.2688],[77.2392,28.2687],[77.2282,28.264],[77.2288,28.2637],[77.2144,28.2601],[77.2114,28.2552],[77.2104,28.2504],[77.2058,28.2481],[77.1994,28.2448],[77.1967,28.2395],[77.198,28.2302],[77.2003,28.2258],[77.1973,28.2218],[77.1847,28.2148],[77.1804,28.2111],[77.178,28.2042],[77.1787,28.1995],[77.155,28.2112],[77.1489,28.2119],[77.1444,28.2183],[77.1348,28.2213],[77.1245,28.2176],[77.1128,28.2155],[77.1101,28.2193],[77.1053,28.22],[77.1013,28.2233],[77.0962,28.2198],[77.09,28.2239],[77.0799,28.228],[77.0769,28.2233],[77.0703,28.212],[77.0536,28.2202],[77.0564,28.2268],[77.055,28.2325],[77.0565,28.2414],[77.0356,28.2433],[77.0269,28.2451],[77.0194,28.2495],[77.0189,28.2688],[77.0147,28.2814],[77.0144,28.2937],[77.0137,28.3053],[77.0041,28.3262],[76.9945,28.3276],[76.9875,28.3259],[76.9848,28.3324],[76.9778,28.3342],[76.9701,28.3291],[76.9636,28.327],[76.9567,28.323],[76.953,28.316],[76.9425,28.3189],[76.9307,28.3206],[76.9186,28.3004],[76.9073,28.3005],[76.9035,28.2954],[76.9182,28.2788],[76.9145,28.2703],[76.9014,28.2577],[76.8949,28.2568],[76.8879,28.2586],[76.8754,28.2687],[76.8651,28.2466],[76.8554,28.2352],[76.8549,28.2346],[76.8359,28.2419],[76.832,28.2442],[76.8042,28.2479],[76.8049,28.2487],[76.798,28.2459],[76.7909,28.2373],[76.786,28.2292],[76.7829,28.2258],[76.7789,28.2268],[76.7722,28.2346],[76.7702,28.2408],[76.7568,28.2479],[76.7385,28.2532],[76.7327,28.2557],[76.7222,28.2624],[76.7111,28.2622],[76.7024,28.2604],[76.6946,28.2624],[76.6872,28.2615],[76.6821,28.2628],[76.6771,28.2746],[76.6854,28.3029],[76.6863,28.315],[76.6763,28.3169],[76.6616,28.3177],[76.6574,28.3204],[76.6579,28.3246],[76.6619,28.333],[76.6619,28.3418],[76.6634,28.3495],[76.6603,28.3591],[76.6651,28.3715],[76.6666,28.3781]]]},"properties":{"district_name":"Gurgaon","raw_district_name":"Gurgaon","state_code":"HR","state_name":"Haryana","census_code":86,"data_source":"DataMeet India Maps (Census 2011 Boundaries)"}},{"type":"Feature","geometry":{"type":"Polygon","coordinates":[[[75.9599,29.5655],[75.9624,29.5516],[75.9599,29.5434],[75.9485,29.5261],[75.9431,29.522],[75.9375,29.5156],[75.9356,29.5091],[75.9361,29.5034],[75.9408,29.4984],[75.9633,29.4936],[75.9819,29.4864],[75.9905,29.4843],[75.9967,29.4824],[76,29.48],[76.0013,29.4794],[76.0018,29.479],[76.0023,29.4786],[76.0028,29.4781],[76.0032,29.4775],[76.0034,29.4769],[76.0036,29.4763],[76.0037,29.4757],[76.0037,29.4751],[76.0037,29.4744],[76.0014,29.4713],[75.9962,29.4685],[75.9937,29.4606],[75.9931,29.4587],[75.9935,29.4521],[76,29.4474],[76.0158,29.4416],[76.0266,29.4295],[76.0266,29.4228],[76.0347,29.4158],[76.0465,29.4237],[76.0546,29.4308],[76.0691,29.433],[76.0791,29.4346],[76.0816,29.4317],[76.0869,29.426],[76.0885,29.4135],[76.0921,29.4054],[76.094,29.4012],[76.1106,29.4001],[76.1232,29.395],[76.1322,29.3887],[76.1381,29.3902],[76.1382,29.3902],[76.1418,29.3931],[76.1609,29.4084],[76.1612,29.4086],[76.179,29.406],[76.1811,29.4054],[76.1815,29.4053],[76.1825,29.405],[76.1981,29.4003],[76.1994,29.3998],[76.2307,29.3875],[76.2413,29.379],[76.2506,29.3697],[76.2524,29.3615],[76.2474,29.3534],[76.2368,29.3538],[76.2224,29.3582],[76.2086,29.3553],[76.2073,29.355],[76.1924,29.3454],[76.1902,29.3439],[76.1897,29.3437],[76.1886,29.3421],[76.1835,29.3351],[76.1886,29.3317],[76.2072,29.3207],[76.2072,29.3207],[76.2072,29.3144],[76.2014,29.3043],[76.1945,29.2936],[76.1883,29.284],[76.1887,29.277],[76.2008,29.2683],[76.2078,29.2632],[76.2141,29.2478],[76.2163,29.2425],[76.2274,29.23],[76.2276,29.2293],[76.2306,29.2203],[76.2346,29.2084],[76.2423,29.203],[76.2575,29.1983],[76.2771,29.1952],[76.2845,29.1945],[76.2913,29.1881],[76.2953,29.1796],[76.2968,29.1584],[76.2976,29.1509],[76.2993,29.135],[76.3041,29.1226],[76.3057,29.1185],[76.314,29.1076],[76.3112,29.1028],[76.3027,29.0922],[76.3015,29.0868],[76.2919,29.0784],[76.2906,29.0741],[76.2872,29.0697],[76.2825,29.0691],[76.2806,29.0688],[76.2737,29.0614],[76.2539,29.0572],[76.241,29.054],[76.2346,29.0524],[76.2389,29.0134],[76.2398,28.9968],[76.2199,28.9809],[76.2042,28.9887],[76.1928,28.9953],[76.1851,29.012],[76.1888,29.029],[76.1867,29.045],[76.1726,29.0512],[76.1713,29.0517],[76.1672,29.0535],[76.1644,29.0532],[76.1558,29.052],[76.1558,29.0519],[76.1547,29.0409],[76.1554,29.0294],[76.167,29.0064],[76.1615,29.0064],[76.1307,29.0178],[76.1247,29.026],[76.1002,29.0323],[76.0889,29.0351],[76.0853,29.0348],[76.0791,29.0343],[76.0664,29.0283],[76.0564,29.0235],[76.0441,29.0502],[76.0385,29.0543],[76.0212,29.0589],[76.0189,29.0595],[76.0189,29.0595],[76.0013,29.068],[75.9991,29.0691],[75.9979,29.0697],[75.9869,29.0777],[75.9752,29.0603],[75.9699,29.0512],[75.9635,29.0403],[75.9639,29.0313],[75.9729,29.0206],[75.9794,29.005],[75.9758,28.9958],[75.9748,28.9932],[75.9686,28.9975],[75.9592,29.0042],[75.9395,29.0159],[75.9354,29.0184],[75.9228,29.026],[75.9096,29.0197],[75.9047,29.0173],[75.9043,29.0163],[75.9036,29.0145],[75.8972,28.9981],[75.8947,28.985],[75.8931,28.9769],[75.8841,28.9805],[75.8841,28.9805],[75.8834,28.976],[75.871,28.9653],[75.8583,28.9619],[75.8566,28.9531],[75.8518,28.9275],[75.8318,28.913],[75.8159,28.9162],[75.7965,28.927],[75.7865,28.9248],[75.7768,28.919],[75.7753,28.913],[75.7684,28.9009],[75.7626,28.8994],[75.7482,28.9056],[75.7057,28.9057],[75.6804,28.9129],[75.6542,28.94],[75.6487,28.9387],[75.635,28.9559],[75.6377,28.9637],[75.6267,28.9751],[75.6253,28.977],[75.6243,28.9772],[75.6074,28.9811],[75.5934,28.9804],[75.5819,28.9776],[75.5614,28.9727],[75.5498,28.9745],[75.5308,28.9774],[75.5249,28.979],[75.5242,28.9879],[75.5201,29.0001],[75.5201,29.001],[75.5201,29.0077],[75.5141,29.012],[75.4926,29.0157],[75.4824,29.0171],[75.4676,29.0171],[75.4437,29.0135],[75.4416,29.019],[75.4495,29.0385],[75.4465,29.0475],[75.4388,29.0532],[75.4393,29.0617],[75.3992,29.0653],[75.3896,29.0674],[75.3912,29.0807],[75.3904,29.0868],[75.3922,29.0925],[75.3903,29.0997],[75.3898,29.1078],[75.4004,29.1164],[75.4053,29.1255],[75.3942,29.1313],[75.3829,29.1342],[75.3702,29.1398],[75.3767,29.1476],[75.3781,29.1671],[75.3876,29.1687],[75.3977,29.1678],[75.4036,29.1714],[75.4098,29.186],[75.4091,29.1986],[75.4057,29.2106],[75.4016,29.2152],[75.3954,29.2184],[75.3966,29.2262],[75.4029,29.2314],[75.4087,29.2374],[75.409,29.244],[75.408,29.2522],[75.405,29.2591],[75.3973,29.2616],[75.3889,29.2612],[75.3818,29.2573],[75.3672,29.2519],[75.3594,29.2446],[75.3564,29.2274],[75.3545,29.2234],[75.3438,29.2261],[75.3241,29.2333],[75.3324,29.2491],[75.3346,29.2756],[75.3335,29.2875],[75.3286,29.2908],[75.3179,29.2863],[75.309,29.2794],[75.2989,29.2751],[75.2886,29.2742],[75.2862,29.2712],[75.2817,29.2746],[75.2723,29.2839],[75.264,29.2929],[75.2771,29.3002],[75.2841,29.3041],[75.3053,29.3204],[75.3192,29.3071],[75.3428,29.308],[75.348,29.3056],[75.3681,29.3113],[75.3885,29.317],[75.3978,29.3196],[75.3971,29.327],[75.4042,29.3312],[75.3988,29.3369],[75.3956,29.3446],[75.3813,29.3556],[75.3866,29.3783],[75.423,29.3838],[75.4169,29.4134],[75.4372,29.4092],[75.4509,29.4085],[75.456,29.4006],[75.4814,29.4049],[75.4821,29.3903],[75.5103,29.4023],[75.5315,29.3622],[75.5455,29.3602],[75.5604,29.3647],[75.561,29.3572],[75.5808,29.3642],[75.5832,29.3439],[75.5923,29.3358],[75.5986,29.342],[75.6015,29.369],[75.6176,29.3742],[75.6166,29.4028],[75.6274,29.41],[75.6328,29.4198],[75.6508,29.4228],[75.6744,29.4257],[75.6889,29.4266],[75.7039,29.4259],[75.7074,29.4331],[75.714,29.4306],[75.7164,29.4418],[75.7319,29.4498],[75.7221,29.4752],[75.7274,29.481],[75.754,29.4827],[75.7573,29.4983],[75.783,29.5245],[75.7838,29.5175],[75.7995,29.5232],[75.8149,29.5207],[75.8293,29.5122],[75.8388,29.516],[75.8474,29.5241],[75.8531,29.5332],[75.8551,29.5444],[75.8563,29.5514],[75.8642,29.5577],[75.8685,29.5505],[75.8698,29.5462],[75.8717,29.5397],[75.8932,29.5365],[75.8936,29.5415],[75.8948,29.5543],[75.903,29.5555],[75.9124,29.5525],[75.9336,29.5799],[75.9458,29.5717],[75.9599,29.5655]]]},"properties":{"district_name":"Hisar","raw_district_name":"Hisar","state_code":"HR","state_name":"Haryana","census_code":80,"data_source":"DataMeet India Maps (Census 2011 Boundaries)"}},{"type":"Feature","geometry":{"type":"Polygon","coordinates":[[[76.9189,28.8226],[76.9244,28.8214],[76.9338,28.8243],[76.9441,28.8212],[76.9524,28.8156],[76.9474,28.804],[76.9475,28.7984],[76.9531,28.79],[76.9523,28.7826],[76.954,28.7734],[76.9566,28.7689],[76.9482,28.7545],[76.9574,28.746],[76.9603,28.7415],[76.9592,28.7364],[76.9606,28.7313],[76.9512,28.7119],[76.9609,28.7046],[76.9645,28.7002],[76.9641,28.6954],[76.9637,28.6948],[76.9599,28.689],[76.9582,28.6828],[76.9558,28.6783],[76.9571,28.672],[76.9524,28.67],[76.9521,28.6699],[76.9396,28.6693],[76.9329,28.6641],[76.9273,28.6521],[76.928,28.6481],[76.9437,28.6325],[76.9357,28.6241],[76.9334,28.6235],[76.9201,28.6327],[76.9138,28.6328],[76.907,28.6277],[76.9034,28.6276],[76.8877,28.6325],[76.8706,28.5974],[76.8644,28.5872],[76.8599,28.585],[76.8446,28.5863],[76.8425,28.5774],[76.8472,28.5519],[76.8663,28.5427],[76.8688,28.5368],[76.8859,28.5233],[76.889,28.5189],[76.8833,28.5093],[76.8889,28.5039],[76.8805,28.4991],[76.8641,28.4995],[76.8293,28.5034],[76.8255,28.5029],[76.823,28.5006],[76.8133,28.476],[76.7949,28.4671],[76.7892,28.4673],[76.7786,28.4729],[76.7766,28.4748],[76.7722,28.4754],[76.7686,28.4735],[76.7635,28.4653],[76.7606,28.4629],[76.7523,28.4629],[76.7443,28.465],[76.7392,28.4699],[76.7314,28.4827],[76.7211,28.489],[76.7095,28.4911],[76.7077,28.4808],[76.7108,28.466],[76.7104,28.4584],[76.7136,28.456],[76.7136,28.454],[76.7129,28.4475],[76.7184,28.438],[76.7162,28.4343],[76.7137,28.4296],[76.7102,28.4187],[76.7081,28.4082],[76.7088,28.4031],[76.711,28.3998],[76.7142,28.3972],[76.7231,28.3938],[76.7297,28.388],[76.7343,28.3824],[76.7353,28.3769],[76.734,28.3699],[76.7304,28.3639],[76.7258,28.3599],[76.7197,28.3587],[76.7132,28.3596],[76.7082,28.3598],[76.6976,28.3609],[76.6979,28.3624],[76.6984,28.3655],[76.6986,28.3674],[76.6971,28.3702],[76.6823,28.3771],[76.6741,28.38],[76.6666,28.3781],[76.6672,28.3808],[76.6645,28.3892],[76.6596,28.3958],[76.6519,28.4011],[76.6456,28.4096],[76.6379,28.4184],[76.63,28.4242],[76.6218,28.4281],[76.6151,28.4289],[76.614,28.4271],[76.6095,28.4201],[76.6045,28.4039],[76.5968,28.4024],[76.5933,28.4023],[76.5899,28.4022],[76.5775,28.4014],[76.5706,28.3988],[76.5674,28.392],[76.5627,28.3864],[76.5593,28.3845],[76.5523,28.3874],[76.5521,28.3941],[76.5464,28.3989],[76.5388,28.3993],[76.5251,28.3978],[76.5187,28.4031],[76.5184,28.4123],[76.519,28.4166],[76.5153,28.4263],[76.4971,28.4332],[76.4874,28.4348],[76.4833,28.4341],[76.469,28.4265],[76.4496,28.4273],[76.4439,28.4327],[76.4423,28.4399],[76.4421,28.4461],[76.4351,28.449],[76.4383,28.4594],[76.432,28.4617],[76.423,28.4615],[76.4106,28.46],[76.4091,28.4661],[76.4056,28.4672],[76.3987,28.4671],[76.3931,28.4682],[76.3849,28.4649],[76.385,28.4607],[76.3886,28.4565],[76.3935,28.4547],[76.3936,28.4511],[76.3972,28.4469],[76.3994,28.4433],[76.3926,28.4376],[76.3823,28.4343],[76.3756,28.4281],[76.3652,28.4315],[76.3589,28.4313],[76.3498,28.436],[76.3483,28.4403],[76.3489,28.4433],[76.3481,28.4464],[76.3459,28.453],[76.3464,28.4598],[76.3428,28.464],[76.34,28.4627],[76.3395,28.4578],[76.3389,28.4541],[76.3348,28.4534],[76.3328,28.4503],[76.333,28.4442],[76.3338,28.4412],[76.3346,28.4375],[76.3346,28.4351],[76.3313,28.4319],[76.3251,28.4312],[76.3188,28.4329],[76.318,28.4383],[76.3151,28.4401],[76.3117,28.4394],[76.309,28.4357],[76.3049,28.435],[76.3002,28.4318],[76.2997,28.4251],[76.2907,28.4253],[76.2908,28.4348],[76.2909,28.4353],[76.2908,28.4354],[76.2918,28.4407],[76.2916,28.449],[76.2916,28.4542],[76.292,28.4601],[76.2924,28.4651],[76.2938,28.4679],[76.2935,28.4703],[76.2894,28.4731],[76.2877,28.4751],[76.2853,28.4783],[76.2844,28.4803],[76.2844,28.4827],[76.2874,28.4898],[76.2878,28.4899],[76.2903,28.4949],[76.2931,28.4979],[76.299,28.499],[76.3051,28.499],[76.3133,28.499],[76.3179,28.4968],[76.3196,28.4942],[76.3207,28.4938],[76.3227,28.4936],[76.3268,28.4951],[76.3303,28.5014],[76.3353,28.5183],[76.3368,28.5275],[76.3369,28.5358],[76.343,28.5482],[76.3433,28.5713],[76.3434,28.5733],[76.3435,28.5823],[76.3437,28.602],[76.35,28.6029],[76.3575,28.6041],[76.3603,28.6033],[76.3752,28.5986],[76.3757,28.5985],[76.3924,28.592],[76.4012,28.5886],[76.4078,28.5597],[76.4092,28.5535],[76.4105,28.5474],[76.4262,28.5459],[76.4377,28.5927],[76.4475,28.5931],[76.455,28.5942],[76.4647,28.5994],[76.4663,28.6042],[76.4623,28.6092],[76.4537,28.6201],[76.452,28.6264],[76.4531,28.6324],[76.4549,28.6429],[76.4558,28.6479],[76.4527,28.6534],[76.4524,28.6539],[76.4183,28.658],[76.41,28.6591],[76.4091,28.6662],[76.4072,28.6821],[76.407,28.6822],[76.4178,28.6914],[76.4205,28.707],[76.4185,28.7224],[76.4296,28.7254],[76.4531,28.7372],[76.4706,28.739],[76.5009,28.7382],[76.5264,28.7388],[76.5357,28.7474],[76.5486,28.7435],[76.5759,28.7356],[76.5901,28.7416],[76.596,28.7571],[76.5971,28.7754],[76.6014,28.783],[76.6133,28.7886],[76.6295,28.7871],[76.6367,28.7932],[76.6452,28.8023],[76.6478,28.8065],[76.6354,28.8175],[76.6339,28.8251],[76.6417,28.8342],[76.647,28.8373],[76.6518,28.8338],[76.6623,28.8168],[76.6719,28.8123],[76.6722,28.7999],[76.6751,28.7928],[76.6901,28.786],[76.7116,28.7859],[76.7108,28.7669],[76.7291,28.7596],[76.7419,28.7586],[76.7538,28.7678],[76.7653,28.7656],[76.7695,28.7592],[76.767,28.7503],[76.7786,28.7428],[76.7854,28.7429],[76.7965,28.755],[76.8035,28.7676],[76.8226,28.7846],[76.8129,28.795],[76.7945,28.8047],[76.799,28.8155],[76.8217,28.8219],[76.8272,28.8166],[76.8307,28.809],[76.8456,28.8081],[76.8641,28.818],[76.8667,28.8239],[76.8779,28.833],[76.8866,28.835],[76.9029,28.8621],[76.9088,28.8602],[76.9107,28.8572],[76.9116,28.847],[76.9137,28.8403],[76.9172,28.8339],[76.9189,28.8226]]]},"properties":{"district_name":"Jhajjar","raw_district_name":"Jhajjar","state_code":"HR","state_name":"Haryana","census_code":83,"data_source":"DataMeet India Maps (Census 2011 Boundaries)"}},{"type":"Feature","geometry":{"type":"MultiPolygon","coordinates":[[[[76.4482,30.1332],[76.4529,30.1321],[76.4583,30.1333],[76.4581,30.1251],[76.4563,30.1191],[76.4585,30.1074],[76.4609,30.1009],[76.4639,30.0968],[76.4665,30.0964],[76.461,30.091],[76.4554,30.0892],[76.454,30.0834],[76.4494,30.0742],[76.4432,30.0633],[76.4377,30.0569],[76.4316,30.0539],[76.4281,30.0512],[76.4255,30.0479],[76.4242,30.0441],[76.4246,30.0422],[76.4275,30.0365],[76.4324,30.0296],[76.4381,30.0232],[76.442,30.021],[76.4484,30.0234],[76.451,30.0271],[76.4525,30.0279],[76.4566,30.0259],[76.461,30.0243],[76.4655,30.0235],[76.4701,30.0245],[76.4748,30.0227],[76.4744,30.0193],[76.4713,30.0141],[76.4637,30.0034],[76.4624,30.001],[76.4658,29.9804],[76.4578,29.9689],[76.4594,29.9645],[76.4665,29.9674],[76.4733,29.9664],[76.4784,29.9596],[76.4826,29.9557],[76.4812,29.9468],[76.4789,29.9329],[76.4739,29.9175],[76.4705,29.9119],[76.4787,29.9079],[76.4858,29.9065],[76.4952,29.9063],[76.5063,29.9033],[76.5113,29.9013],[76.5222,29.8969],[76.5309,29.8845],[76.5371,29.8757],[76.5429,29.8696],[76.5543,29.8577],[76.5618,29.8608],[76.5623,29.8677],[76.5965,29.877],[76.6002,29.8915],[76.599,29.897],[76.5932,29.9051],[76.5927,29.9123],[76.6103,29.9149],[76.6177,29.9187],[76.618,29.9277],[76.6247,29.9396],[76.6344,29.9366],[76.6474,29.945],[76.6513,29.9532],[76.6582,29.9567],[76.6674,29.9566],[76.6745,29.9432],[76.6819,29.9479],[76.683,29.9414],[76.682,29.9347],[76.6825,29.9329],[76.6845,29.9262],[76.6856,29.9244],[76.6905,29.9167],[76.6984,29.9299],[76.7093,29.9235],[76.714,29.9218],[76.7205,29.9246],[76.7321,29.9281],[76.7556,29.9249],[76.753,29.9184],[76.7505,29.9078],[76.7469,29.9025],[76.7406,29.8958],[76.7337,29.8912],[76.7297,29.8842],[76.7249,29.8821],[76.7187,29.8818],[76.7131,29.8829],[76.7099,29.8851],[76.7003,29.8953],[76.6942,29.8927],[76.6917,29.8843],[76.69,29.8743],[76.6869,29.867],[76.6771,29.864],[76.6769,29.8608],[76.6811,29.8587],[76.6866,29.8574],[76.6916,29.8518],[76.6907,29.8363],[76.6887,29.8316],[76.6891,29.8257],[76.7063,29.8219],[76.7132,29.8191],[76.7162,29.8125],[76.7027,29.7971],[76.7003,29.7889],[76.6994,29.7794],[76.6889,29.7685],[76.6871,29.7628],[76.6876,29.758],[76.697,29.7475],[76.6947,29.7404],[76.6971,29.7291],[76.6966,29.7204],[76.6901,29.7033],[76.6928,29.6981],[76.7113,29.6914],[76.7124,29.6879],[76.7125,29.6824],[76.7061,29.6744],[76.7007,29.6699],[76.6961,29.6723],[76.6915,29.6766],[76.6871,29.6829],[76.6835,29.6838],[76.6792,29.6709],[76.6732,29.6684],[76.6601,29.671],[76.6522,29.6697],[76.6476,29.6644],[76.6457,29.6566],[76.6387,29.6516],[76.6222,29.6445],[76.6142,29.636],[76.6028,29.6283],[76.5963,29.6277],[76.5884,29.6297],[76.5771,29.6278],[76.5656,29.6292],[76.5487,29.6216],[76.5458,29.6182],[76.5413,29.615],[76.5342,29.6137],[76.5323,29.61],[76.5476,29.5901],[76.5494,29.5848],[76.5482,29.581],[76.5447,29.5777],[76.5392,29.5762],[76.532,29.5705],[76.5246,29.5511],[76.5264,29.5435],[76.5246,29.5399],[76.5093,29.538],[76.5068,29.5321],[76.5009,29.5266],[76.4937,29.516],[76.4916,29.5146],[76.4799,29.5185],[76.4803,29.5223],[76.4845,29.5287],[76.4876,29.536],[76.4841,29.5418],[76.4755,29.5395],[76.4694,29.5339],[76.4636,29.5333],[76.4602,29.5333],[76.4515,29.5364],[76.4489,29.5419],[76.4435,29.5443],[76.4315,29.5432],[76.4234,29.5388],[76.4187,29.5361],[76.4042,29.5354],[76.3912,29.5351],[76.3766,29.5394],[76.3721,29.544],[76.3717,29.5579],[76.3724,29.5684],[76.3704,29.5758],[76.3669,29.5774],[76.3613,29.5778],[76.3449,29.5811],[76.3453,29.5816],[76.3358,29.581],[76.3288,29.5801],[76.3076,29.5783],[76.3,29.5726],[76.2995,29.5616],[76.292,29.5512],[76.2851,29.5462],[76.2732,29.5473],[76.2674,29.5581],[76.2664,29.5657],[76.2552,29.573],[76.2449,29.5761],[76.2431,29.583],[76.2421,29.5912],[76.2416,29.6056],[76.2374,29.6151],[76.2279,29.6183],[76.2091,29.6179],[76.2012,29.619],[76.1994,29.6265],[76.1983,29.6361],[76.2002,29.6499],[76.197,29.6526],[76.1929,29.658],[76.1951,29.6628],[76.1949,29.669],[76.1892,29.675],[76.1836,29.6783],[76.1771,29.6864],[76.1761,29.6939],[76.1798,29.7009],[76.1812,29.7061],[76.1786,29.7124],[76.1818,29.724],[76.1889,29.7305],[76.2005,29.7423],[76.2062,29.753],[76.2047,29.7634],[76.2043,29.7761],[76.2091,29.7762],[76.2124,29.7888],[76.2182,29.7963],[76.2215,29.8038],[76.2212,29.8143],[76.2197,29.8247],[76.2192,29.8396],[76.2208,29.839],[76.2223,29.8395],[76.2208,29.8465],[76.2229,29.8494],[76.227,29.851],[76.2341,29.8519],[76.2397,29.8508],[76.2431,29.8526],[76.2464,29.8561],[76.2492,29.8617],[76.2533,29.8653],[76.2499,29.8722],[76.2437,29.8776],[76.2365,29.8814],[76.2282,29.8802],[76.2194,29.8828],[76.2086,29.8804],[76.1959,29.8849],[76.1939,29.8903],[76.1949,29.9121],[76.1933,29.9196],[76.1828,29.9196],[76.1775,29.9251],[76.1809,29.933],[76.1902,29.9427],[76.1961,29.9427],[76.2022,29.9409],[76.2152,29.9405],[76.2164,29.9439],[76.2148,29.9485],[76.2061,29.9621],[76.2104,29.9696],[76.2089,29.9762],[76.2085,29.9815],[76.2072,29.9869],[76.2045,29.993],[76.2008,30.0006],[76.2011,30.0028],[76.2013,30.0048],[76.2014,30.0069],[76.2016,30.0089],[76.202,30.0109],[76.2024,30.0129],[76.203,30.0147],[76.2049,30.0158],[76.2073,30.0165],[76.2095,30.017],[76.2118,30.0173],[76.2141,30.0176],[76.2164,30.0181],[76.2187,30.0185],[76.2209,30.0192],[76.2229,30.0201],[76.225,30.0217],[76.2269,30.0236],[76.2276,30.0251],[76.2266,30.0261],[76.2248,30.0268],[76.2225,30.0274],[76.2199,30.0279],[76.2173,30.0285],[76.2149,30.0292],[76.2126,30.0301],[76.2104,30.0313],[76.2094,30.0327],[76.2099,30.0344],[76.2111,30.0362],[76.2126,30.0381],[76.214,30.0398],[76.2155,30.0413],[76.2172,30.0427],[76.2187,30.0442],[76.2202,30.0458],[76.2214,30.0475],[76.2226,30.0493],[76.2237,30.051],[76.2248,30.0528],[76.226,30.0545],[76.2272,30.0562],[76.2284,30.058],[76.2296,30.0597],[76.2307,30.0615],[76.2319,30.0632],[76.2331,30.0649],[76.2343,30.0666],[76.2355,30.0684],[76.2367,30.0701],[76.2379,30.0718],[76.2391,30.0736],[76.2403,30.0753],[76.2415,30.077],[76.2428,30.0787],[76.2441,30.0804],[76.2454,30.082],[76.2468,30.0836],[76.2482,30.0853],[76.2497,30.0869],[76.2512,30.0885],[76.2528,30.09],[76.2545,30.0913],[76.2562,30.0926],[76.2584,30.0928],[76.2609,30.0924],[76.2626,30.0935],[76.264,30.0951],[76.2652,30.0969],[76.2662,30.0988],[76.2667,30.101],[76.2654,30.1024],[76.2634,30.1031],[76.2611,30.1036],[76.2588,30.104],[76.2564,30.1044],[76.254,30.1046],[76.2517,30.1047],[76.2494,30.1047],[76.247,30.1046],[76.2447,30.1047],[76.2425,30.105],[76.2403,30.1058],[76.2383,30.1069],[76.2365,30.1081],[76.2348,30.1095],[76.2329,30.1106],[76.2308,30.1116],[76.2288,30.1126],[76.2268,30.1137],[76.2251,30.1149],[76.2236,30.1165],[76.2223,30.1181],[76.2209,30.1198],[76.2196,30.1214],[76.2181,30.123],[76.2164,30.1244],[76.2143,30.1252],[76.2121,30.1258],[76.21,30.1268],[76.208,30.1278],[76.206,30.1289],[76.2042,30.13],[76.2023,30.1315],[76.2013,30.1332],[76.2022,30.1352],[76.204,30.137],[76.2058,30.1373],[76.2076,30.1365],[76.2095,30.1352],[76.2114,30.1337],[76.2133,30.1323],[76.2153,30.1312],[76.2175,30.1303],[76.2196,30.1297],[76.2218,30.1301],[76.2236,30.1316],[76.2243,30.1333],[76.2232,30.135],[76.2217,30.1366],[76.2202,30.1382],[76.2191,30.14],[76.2188,30.142],[76.218,30.1439],[76.2168,30.1458],[76.2155,30.1476],[76.2143,30.1493],[76.2136,30.1511],[76.2141,30.1532],[76.2156,30.1554],[76.2173,30.1559],[76.2189,30.155],[76.2206,30.1539],[76.2223,30.1526],[76.224,30.1511],[76.2257,30.1495],[76.2274,30.1479],[76.229,30.1463],[76.2307,30.1447],[76.2323,30.1432],[76.2337,30.1416],[76.2351,30.1399],[76.2364,30.1383],[76.238,30.1368],[76.2397,30.1355],[76.2417,30.1344],[76.2436,30.1333],[76.2455,30.132],[76.2471,30.1306],[76.2485,30.129],[76.2499,30.1274],[76.2527,30.1251],[76.2547,30.1239],[76.2563,30.1183],[76.2628,30.1154],[76.2772,30.1141],[76.2837,30.1107],[76.2916,30.11],[76.2981,30.1132],[76.3048,30.115],[76.3245,30.1049],[76.3346,30.1045],[76.3401,30.1058],[76.3497,30.1122],[76.3607,30.124],[76.3601,30.128],[76.3475,30.1356],[76.3405,30.1411],[76.3377,30.1456],[76.3549,30.1498],[76.3602,30.1468],[76.37,30.1296],[76.3755,30.1238],[76.3865,30.12],[76.3962,30.1201],[76.4018,30.1238],[76.4003,30.1302],[76.4002,30.1346],[76.3964,30.1421],[76.398,30.1445],[76.4044,30.1465],[76.4114,30.1514],[76.4135,30.154],[76.4005,30.1704],[76.3949,30.1753],[76.3929,30.1795],[76.3987,30.1833],[76.4029,30.1885],[76.4108,30.1953],[76.4222,30.1986],[76.432,30.1941],[76.4405,30.176],[76.4409,30.1692],[76.4383,30.1638],[76.4343,30.1598],[76.4341,30.1549],[76.4368,30.1508],[76.4379,30.1438],[76.4432,30.1369],[76.4482,30.1332]]],[[[75.9558,29.5673],[75.9599,29.5655],[75.9458,29.5717],[75.9558,29.5673]]]]},"properties":{"district_name":"Kaithal","raw_district_name":"Kaithal","state_code":"HR","state_name":"Haryana","census_code":73,"data_source":"DataMeet India Maps (Census 2011 Boundaries)"}},{"type":"Feature","geometry":{"type":"Polygon","coordinates":[[[77.1336,29.9656],[77.1361,29.9629],[77.1408,29.9633],[77.1467,29.9671],[77.153,29.9696],[77.1568,29.9694],[77.1614,29.9659],[77.1645,29.9657],[77.1674,29.9683],[77.1765,29.9628],[77.1826,29.9551],[77.1882,29.9518],[77.185,29.9443],[77.1927,29.9365],[77.2,29.9339],[77.2232,29.9359],[77.2147,29.9263],[77.2077,29.9224],[77.2012,29.9172],[77.1989,29.9127],[77.198,29.9082],[77.1922,29.9014],[77.1916,29.8974],[77.1969,29.89],[77.197,29.8855],[77.1943,29.8767],[77.1944,29.8684],[77.192,29.8643],[77.1901,29.8573],[77.1795,29.8415],[77.179,29.8389],[77.1809,29.8247],[77.1771,29.8196],[77.1675,29.8119],[77.1658,29.8089],[77.1639,29.8028],[77.1636,29.7986],[77.1658,29.7928],[77.1642,29.7884],[77.154,29.7827],[77.1492,29.7773],[77.1438,29.7741],[77.1353,29.773],[77.1301,29.7707],[77.1288,29.7661],[77.1306,29.7594],[77.1296,29.7556],[77.1259,29.7494],[77.1247,29.7437],[77.1269,29.7401],[77.1343,29.738],[77.1343,29.7312],[77.1519,29.7124],[77.155,29.7011],[77.1543,29.6967],[77.1515,29.6953],[77.1438,29.6946],[77.1372,29.692],[77.1327,29.6867],[77.1308,29.681],[77.1316,29.6754],[77.1427,29.6614],[77.1429,29.6581],[77.141,29.6537],[77.1334,29.6486],[77.1212,29.6423],[77.1194,29.6351],[77.1164,29.6307],[77.1126,29.6282],[77.1131,29.62],[77.112,29.6174],[77.106,29.6129],[77.1054,29.6081],[77.1037,29.6038],[77.0971,29.5959],[77.0983,29.5916],[77.1013,29.5855],[77.1052,29.5823],[77.1134,29.5721],[77.1182,29.5614],[77.1211,29.548],[77.1158,29.544],[77.1067,29.5427],[77.1008,29.5397],[77.0976,29.5346],[77.0962,29.5286],[77.0978,29.5233],[77.1089,29.5071],[77.1147,29.5046],[77.1258,29.4982],[77.1312,29.4923],[77.1346,29.4811],[77.1317,29.4751],[77.1267,29.4704],[77.1253,29.4653],[77.1255,29.4569],[77.1291,29.4515],[77.1346,29.4483],[77.1208,29.4438],[77.0957,29.442],[77.0766,29.4407],[77.0634,29.4442],[77.0449,29.4498],[77.0295,29.4472],[77.0157,29.4469],[77.0005,29.4512],[76.9928,29.4578],[76.9791,29.4671],[76.9635,29.4581],[76.9548,29.4585],[76.9479,29.4648],[76.9329,29.4703],[76.9369,29.4762],[76.928,29.4782],[76.9176,29.4808],[76.9108,29.4741],[76.9025,29.468],[76.8946,29.4795],[76.8895,29.4851],[76.8843,29.4878],[76.8687,29.4904],[76.8594,29.4866],[76.8594,29.4866],[76.8565,29.4781],[76.837,29.4691],[76.8267,29.4709],[76.8229,29.4729],[76.8061,29.4819],[76.8061,29.4819],[76.8061,29.4819],[76.7975,29.478],[76.7927,29.4691],[76.7842,29.4675],[76.7711,29.4717],[76.7556,29.4664],[76.756,29.4676],[76.7493,29.4741],[76.7401,29.48],[76.7321,29.4829],[76.7233,29.4834],[76.7159,29.4819],[76.7073,29.4776],[76.7002,29.4769],[76.6926,29.4782],[76.6656,29.4892],[76.6612,29.4922],[76.6592,29.4928],[76.6581,29.493],[76.6573,29.492],[76.6422,29.4727],[76.6357,29.4728],[76.629,29.4729],[76.6242,29.4752],[76.6191,29.4762],[76.6125,29.4745],[76.6081,29.4734],[76.6025,29.4737],[76.5942,29.4698],[76.5854,29.4687],[76.5809,29.4674],[76.5769,29.4642],[76.5725,29.4629],[76.5674,29.4631],[76.5568,29.4586],[76.5523,29.4578],[76.5457,29.4501],[76.5365,29.4404],[76.5294,29.4342],[76.526,29.4288],[76.5179,29.4184],[76.5152,29.4114],[76.5124,29.4085],[76.5059,29.4058],[76.4998,29.4069],[76.4976,29.4075],[76.4921,29.4084],[76.4863,29.4089],[76.4842,29.4066],[76.4803,29.403],[76.4709,29.3995],[76.4541,29.4042],[76.4539,29.4087],[76.4541,29.4208],[76.466,29.4255],[76.4686,29.4344],[76.4748,29.4447],[76.4776,29.4648],[76.4817,29.4719],[76.4852,29.4825],[76.5017,29.481],[76.5092,29.4852],[76.5082,29.4935],[76.5015,29.4967],[76.4953,29.5083],[76.4928,29.5147],[76.5009,29.5266],[76.5068,29.5321],[76.5093,29.538],[76.5246,29.5399],[76.5264,29.5435],[76.5246,29.5511],[76.532,29.5705],[76.5392,29.5762],[76.5447,29.5777],[76.5482,29.581],[76.5494,29.5848],[76.5476,29.5901],[76.5323,29.61],[76.5342,29.6137],[76.5413,29.615],[76.5458,29.6182],[76.5487,29.6216],[76.5656,29.6292],[76.5771,29.6278],[76.5884,29.6297],[76.5963,29.6277],[76.6028,29.6283],[76.6142,29.636],[76.6222,29.6445],[76.6387,29.6516],[76.6457,29.6566],[76.6476,29.6644],[76.6522,29.6697],[76.6601,29.671],[76.6732,29.6684],[76.6792,29.6709],[76.6835,29.6838],[76.6871,29.6829],[76.6915,29.6766],[76.6961,29.6723],[76.7007,29.6699],[76.7061,29.6744],[76.7125,29.6824],[76.7124,29.6879],[76.7113,29.6914],[76.6928,29.6981],[76.6901,29.7033],[76.6966,29.7204],[76.6971,29.7291],[76.6947,29.7404],[76.697,29.7475],[76.6876,29.758],[76.6871,29.7628],[76.6889,29.7685],[76.6994,29.7794],[76.7003,29.7889],[76.7027,29.7971],[76.7162,29.8125],[76.7132,29.8191],[76.7063,29.8219],[76.6891,29.8257],[76.6887,29.8316],[76.6907,29.8363],[76.6916,29.8518],[76.6866,29.8574],[76.6811,29.8587],[76.6769,29.8608],[76.6771,29.864],[76.6869,29.867],[76.69,29.8743],[76.6917,29.8843],[76.6942,29.8927],[76.7003,29.8953],[76.7099,29.8851],[76.7131,29.8829],[76.7187,29.8818],[76.7249,29.8821],[76.7297,29.8842],[76.7337,29.8912],[76.7406,29.8958],[76.7469,29.9025],[76.7505,29.9078],[76.753,29.9184],[76.7556,29.9249],[76.7556,29.925],[76.7629,29.9341],[76.7838,29.9385],[76.7894,29.943],[76.7948,29.9447],[76.8022,29.9402],[76.8065,29.934],[76.8119,29.9301],[76.8199,29.9336],[76.8269,29.9298],[76.8287,29.9164],[76.8306,29.911],[76.8384,29.9099],[76.8381,29.9177],[76.8389,29.925],[76.8507,29.9299],[76.8594,29.9322],[76.8642,29.9317],[76.8664,29.9269],[76.8779,29.9245],[76.8868,29.9242],[76.8993,29.9204],[76.9099,29.9248],[76.9419,29.922],[76.9455,29.9225],[76.9532,29.932],[76.9663,29.9436],[76.9744,29.9492],[76.976,29.957],[76.9812,29.9642],[77,29.9652],[77.0022,29.9646],[77.0014,29.9508],[77.0036,29.9498],[77.0076,29.9518],[77.0141,29.9476],[77.0229,29.9449],[77.034,29.9517],[77.0365,29.9522],[77.0533,29.9455],[77.0589,29.9441],[77.0623,29.9474],[77.0661,29.9483],[77.0751,29.9466],[77.0944,29.9493],[77.1071,29.9623],[77.1163,29.9777],[77.114,29.9885],[77.1149,29.9908],[77.1312,29.9826],[77.1363,29.9791],[77.1336,29.9656]]]},"properties":{"district_name":"Karnal","raw_district_name":"Karnal","state_code":"HR","state_name":"Haryana","census_code":74,"data_source":"DataMeet India Maps (Census 2011 Boundaries)"}},{"type":"Feature","geometry":{"type":"Polygon","coordinates":[[[77.0923,30.1006],[77.0918,30.1001],[77.0897,30.0991],[77.0877,30.0967],[77.0867,30.0956],[77.0862,30.094],[77.0862,30.092],[77.0863,30.0898],[77.0858,30.0882],[77.0835,30.0853],[77.083,30.0841],[77.0834,30.0835],[77.0832,30.0823],[77.0822,30.0806],[77.0817,30.0789],[77.0785,30.0771],[77.0766,30.0764],[77.0771,30.072],[77.0848,30.062],[77.0909,30.0582],[77.0921,30.054],[77.093,30.0504],[77.0934,30.0485],[77.0964,30.0466],[77.1032,30.0457],[77.1115,30.0445],[77.113,30.0433],[77.1143,30.0374],[77.114,30.0358],[77.1099,30.0344],[77.1076,30.0337],[77.1065,30.0317],[77.1063,30.0272],[77.1061,30.0196],[77.1088,30.0154],[77.1111,30.0139],[77.1208,30.014],[77.1242,30.0128],[77.1244,30.0046],[77.1172,29.9937],[77.1173,29.9905],[77.1178,29.9894],[77.1149,29.9908],[77.114,29.9885],[77.1163,29.9777],[77.1071,29.9623],[77.0944,29.9493],[77.0751,29.9466],[77.0661,29.9483],[77.0623,29.9474],[77.0589,29.9441],[77.0533,29.9455],[77.0365,29.9522],[77.034,29.9517],[77.0229,29.9449],[77.0141,29.9476],[77.0076,29.9518],[77.0036,29.9498],[77.0014,29.9508],[77.0022,29.9646],[77,29.9652],[76.9812,29.9642],[76.976,29.957],[76.9744,29.9492],[76.9663,29.9436],[76.9532,29.932],[76.9455,29.9225],[76.9419,29.922],[76.9099,29.9248],[76.8993,29.9204],[76.8868,29.9242],[76.8779,29.9245],[76.8664,29.9269],[76.8642,29.9317],[76.8594,29.9322],[76.8507,29.9299],[76.8389,29.925],[76.8381,29.9177],[76.8384,29.9099],[76.8306,29.911],[76.8287,29.9164],[76.8269,29.9298],[76.8199,29.9336],[76.8119,29.9301],[76.8065,29.934],[76.8022,29.9402],[76.7948,29.9447],[76.7894,29.943],[76.7838,29.9385],[76.7629,29.9341],[76.7556,29.925],[76.7556,29.9249],[76.7321,29.9281],[76.7205,29.9246],[76.714,29.9218],[76.7093,29.9235],[76.6984,29.9299],[76.6905,29.9167],[76.6856,29.9244],[76.6845,29.9262],[76.6825,29.9329],[76.682,29.9347],[76.683,29.9414],[76.6819,29.9479],[76.6745,29.9432],[76.6674,29.9566],[76.6582,29.9567],[76.6513,29.9532],[76.6474,29.945],[76.6344,29.9366],[76.6247,29.9396],[76.618,29.9277],[76.6177,29.9187],[76.6103,29.9149],[76.5927,29.9123],[76.5932,29.9051],[76.599,29.897],[76.6002,29.8915],[76.5965,29.877],[76.5623,29.8677],[76.5618,29.8608],[76.5543,29.8577],[76.5429,29.8696],[76.5371,29.8757],[76.5309,29.8845],[76.5222,29.8969],[76.5113,29.9013],[76.5063,29.9033],[76.4952,29.9063],[76.4858,29.9065],[76.4787,29.9079],[76.4705,29.9119],[76.4739,29.9175],[76.4789,29.9329],[76.4812,29.9468],[76.4826,29.9557],[76.4784,29.9596],[76.4733,29.9664],[76.4665,29.9674],[76.4594,29.9645],[76.4578,29.9689],[76.4658,29.9804],[76.4624,30.001],[76.4637,30.0034],[76.4713,30.0141],[76.4744,30.0193],[76.4748,30.0227],[76.4701,30.0245],[76.4655,30.0235],[76.461,30.0243],[76.4566,30.0259],[76.4525,30.0279],[76.451,30.0271],[76.4484,30.0234],[76.442,30.021],[76.4381,30.0232],[76.4324,30.0296],[76.4275,30.0365],[76.4246,30.0422],[76.4242,30.0441],[76.4255,30.0479],[76.4281,30.0512],[76.4316,30.0539],[76.4377,30.0569],[76.4432,30.0633],[76.4494,30.0742],[76.454,30.0834],[76.4554,30.0892],[76.461,30.091],[76.4665,30.0964],[76.4734,30.0951],[76.4953,30.0957],[76.5026,30.0932],[76.507,30.0885],[76.5068,30.0831],[76.509,30.0776],[76.5129,30.0727],[76.5208,30.0756],[76.5374,30.0769],[76.5455,30.0788],[76.5668,30.0948],[76.5711,30.094],[76.5733,30.0936],[76.5755,30.0931],[76.5776,30.0922],[76.5796,30.0911],[76.5814,30.0899],[76.5831,30.0885],[76.5849,30.0872],[76.5867,30.0859],[76.5885,30.0847],[76.5907,30.0838],[76.5927,30.0828],[76.5938,30.0812],[76.5938,30.0791],[76.5929,30.0772],[76.5917,30.0755],[76.5897,30.0737],[76.5882,30.0721],[76.5886,30.0711],[76.591,30.0705],[76.5938,30.0706],[76.5959,30.0714],[76.5977,30.0727],[76.5995,30.0741],[76.6014,30.0752],[76.6036,30.0757],[76.6059,30.0755],[76.6083,30.0754],[76.6107,30.0756],[76.613,30.0761],[76.6148,30.0773],[76.6164,30.0787],[76.6179,30.0802],[76.6193,30.0818],[76.6209,30.0834],[76.6225,30.0848],[76.6243,30.0861],[76.626,30.0874],[76.6278,30.0887],[76.6296,30.09],[76.6314,30.0913],[76.6371,30.0978],[76.6386,30.1016],[76.6395,30.1064],[76.6386,30.1099],[76.6367,30.1128],[76.6372,30.117],[76.6407,30.1261],[76.6414,30.1307],[76.6351,30.1406],[76.6353,30.1453],[76.6397,30.1511],[76.6463,30.1485],[76.6579,30.1545],[76.6641,30.1615],[76.677,30.169],[76.6859,30.1846],[76.7008,30.1884],[76.7315,30.1917],[76.7495,30.1944],[76.7612,30.1928],[76.7685,30.197],[76.7745,30.1982],[76.7807,30.203],[76.7857,30.208],[76.7963,30.2094],[76.8076,30.212],[76.8134,30.2158],[76.8218,30.2269],[76.822,30.2366],[76.8236,30.2419],[76.8317,30.2488],[76.8543,30.248],[76.862,30.246],[76.8657,30.2438],[76.8624,30.233],[76.8639,30.2278],[76.8775,30.2171],[76.8834,30.2142],[76.8874,30.2097],[76.8852,30.202],[76.892,30.1969],[76.8961,30.1925],[76.9027,30.1886],[76.908,30.1945],[76.9173,30.1992],[76.9259,30.1991],[76.9373,30.1971],[76.9602,30.1917],[76.9569,30.1835],[76.9459,30.1799],[76.9433,30.1766],[76.9438,30.1666],[76.9496,30.1601],[76.9558,30.1567],[76.9614,30.1539],[76.9666,30.1563],[76.9682,30.1602],[76.9776,30.1624],[76.9817,30.1671],[77,30.1645],[77.0009,30.1637],[77.0046,30.1616],[77.0099,30.1577],[77.02,30.1517],[77.0264,30.1475],[77.0318,30.1425],[77.0368,30.137],[77.0416,30.131],[77.0465,30.1277],[77.0516,30.1248],[77.0576,30.1225],[77.0651,30.1224],[77.0652,30.1226],[77.0806,30.1125],[77.0879,30.1045],[77.0923,30.1006]]]},"properties":{"district_name":"Kurukshetra","raw_district_name":"Kurukshetra","state_code":"HR","state_name":"Haryana","census_code":72,"data_source":"DataMeet India Maps (Census 2011 Boundaries)"}},{"type":"Feature","geometry":{"type":"Polygon","coordinates":[[[76.2453,28.4552],[76.2474,28.4429],[76.25,28.4394],[76.2553,28.4373],[76.2592,28.4362],[76.2685,28.4381],[76.2711,28.4414],[76.2738,28.446],[76.2751,28.4481],[76.2774,28.4481],[76.2916,28.4485],[76.2918,28.4407],[76.2908,28.4354],[76.2909,28.4353],[76.2908,28.4348],[76.2906,28.4234],[76.2887,28.4171],[76.2843,28.4085],[76.2846,28.406],[76.287,28.4036],[76.3026,28.4022],[76.2995,28.3907],[76.3005,28.3827],[76.3064,28.3768],[76.3245,28.3734],[76.3283,28.372],[76.3308,28.3646],[76.3481,28.3644],[76.3596,28.3461],[76.3596,28.3461],[76.3596,28.3461],[76.3665,28.3412],[76.371,28.3252],[76.3633,28.3221],[76.361,28.3137],[76.3532,28.3102],[76.35,28.3036],[76.3529,28.2966],[76.3537,28.2923],[76.3558,28.2812],[76.3464,28.2704],[76.3518,28.2645],[76.3536,28.259],[76.3521,28.253],[76.3515,28.2483],[76.3517,28.2455],[76.3519,28.2418],[76.3503,28.236],[76.3473,28.226],[76.3453,28.2233],[76.3319,28.2239],[76.3254,28.2089],[76.3197,28.2052],[76.3169,28.205],[76.3106,28.2047],[76.31,28.2023],[76.3079,28.1982],[76.3119,28.1911],[76.3158,28.1876],[76.3161,28.1858],[76.3166,28.1826],[76.3163,28.1788],[76.3134,28.1792],[76.3065,28.1782],[76.2973,28.178],[76.2875,28.1741],[76.2852,28.1681],[76.2866,28.1639],[76.3014,28.1606],[76.3069,28.1579],[76.3069,28.1548],[76.3035,28.1524],[76.3043,28.15],[76.31,28.1463],[76.3166,28.1462],[76.3195,28.15],[76.3257,28.1484],[76.3312,28.1445],[76.3394,28.1343],[76.346,28.1301],[76.3516,28.1281],[76.3578,28.1274],[76.364,28.1237],[76.3519,28.1085],[76.3479,28.105],[76.3403,28.102],[76.3225,28.1074],[76.3164,28.1066],[76.3096,28.1015],[76.3057,28.0964],[76.3155,28.0918],[76.3218,28.09],[76.3289,28.0896],[76.3332,28.0874],[76.3371,28.083],[76.3396,28.0769],[76.3405,28.0721],[76.3457,28.0683],[76.3527,28.0691],[76.3588,28.071],[76.3629,28.0695],[76.3616,28.0608],[76.3542,28.041],[76.3495,28.0313],[76.345,28.0249],[76.3382,28.0201],[76.3319,28.0191],[76.3248,28.0163],[76.3053,28.0213],[76.2983,28.0252],[76.2963,28.0374],[76.2983,28.0444],[76.2903,28.0543],[76.28,28.0617],[76.2731,28.0641],[76.2593,28.0663],[76.2518,28.0643],[76.2416,28.0518],[76.2341,28.0506],[76.2165,28.051],[76.2118,28.0549],[76.2081,28.0562],[76.201,28.0552],[76.1855,28.0547],[76.1836,28.0497],[76.185,28.0444],[76.1913,28.0385],[76.2015,28.0306],[76.2063,28.0304],[76.2123,28.0377],[76.2217,28.0356],[76.2219,28.0271],[76.2116,28.0258],[76.2085,28.0211],[76.204,28.0171],[76.1988,28.0168],[76.192,28.019],[76.1876,28.0187],[76.1823,28.0174],[76.1774,28.0123],[76.1667,28],[76.1629,27.9944],[76.1619,27.988],[76.1705,27.9838],[76.1689,27.9755],[76.175,27.9746],[76.1822,27.9706],[76.1875,27.9683],[76.1861,27.9629],[76.1843,27.9565],[76.1849,27.9505],[76.1843,27.9437],[76.1827,27.9367],[76.1783,27.9287],[76.1756,27.9238],[76.174,27.9164],[76.1743,27.9105],[76.1776,27.9052],[76.183,27.9025],[76.1905,27.9005],[76.1988,27.8981],[76.2065,27.8944],[76.208,27.8877],[76.2076,27.8835],[76.2023,27.8793],[76.1982,27.877],[76.1968,27.8718],[76.1992,27.8648],[76.2009,27.8593],[76.2068,27.855],[76.2129,27.8509],[76.2138,27.8433],[76.2185,27.8402],[76.2311,27.8363],[76.2216,27.8279],[76.2155,27.8238],[76.2083,27.8243],[76.2019,27.8266],[76.1982,27.8221],[76.194,27.8144],[76.1882,27.8078],[76.1806,27.8028],[76.175,27.8045],[76.1706,27.8102],[76.1609,27.8167],[76.1504,27.8233],[76.1355,27.8286],[76.1359,27.8333],[76.1362,27.8424],[76.1299,27.8499],[76.1203,27.854],[76.1111,27.8579],[76.1035,27.8603],[76.0958,27.8639],[76.0934,27.8607],[76.0925,27.8519],[76.0878,27.8466],[76.0677,27.8527],[76.0624,27.8474],[76.0573,27.8434],[76.0513,27.8444],[76.046,27.8481],[76.0415,27.8497],[76.0372,27.8494],[76.0284,27.8531],[76.0169,27.8582],[76.0129,27.853],[76.0042,27.8558],[76.0021,27.8565],[75.9919,27.8585],[75.983,27.8603],[75.9706,27.8604],[75.9718,27.8672],[75.9811,27.8731],[75.9804,27.881],[75.9828,27.8887],[75.9749,27.895],[75.9851,27.9049],[75.9752,27.911],[75.9635,27.9152],[75.9494,27.9148],[75.9364,27.9125],[75.9364,27.9222],[75.9312,27.9288],[75.9362,27.9375],[75.9462,27.9468],[75.9494,27.942],[75.9523,27.9358],[75.9616,27.9351],[75.9708,27.9326],[75.9809,27.9537],[75.9761,27.958],[75.9816,27.9656],[75.9896,27.974],[75.9942,27.9768],[75.9947,27.9803],[75.9899,27.9826],[75.9809,27.9796],[75.9734,27.9822],[75.9632,27.9843],[75.9631,27.9899],[75.9642,27.9967],[75.9683,27.9978],[75.9723,27.9983],[75.9747,27.9979],[75.9801,27.997],[75.9877,27.9971],[75.9969,28],[75.9984,28.0058],[75.9937,28.0104],[75.987,28.0111],[75.9805,28.0138],[75.9787,28.0194],[75.9778,28.0266],[75.9822,28.0326],[75.9884,28.0344],[75.9989,28.0356],[76.018,28.0323],[76.0188,28.0427],[76.0179,28.0456],[76.0133,28.0502],[76.0246,28.0517],[76.0302,28.0579],[76.0411,28.0643],[76.0436,28.0696],[76.0422,28.0756],[76.0392,28.0795],[76.0236,28.0845],[76.0228,28.0767],[76.0204,28.072],[76.0099,28.0564],[76.0055,28.0531],[75.999,28.0521],[75.9924,28.0464],[75.9853,28.0479],[75.9825,28.0527],[75.9955,28.0663],[75.99,28.0759],[75.985,28.0799],[75.9669,28.0798],[75.944,28.0893],[75.9504,28.1014],[75.9553,28.1054],[75.9655,28.1113],[75.9756,28.1151],[75.9851,28.1229],[75.9991,28.1239],[76.0023,28.1268],[76.0038,28.131],[76.0027,28.1463],[76.0078,28.1521],[76.0141,28.1522],[76.0193,28.1534],[76.0243,28.1567],[76.0359,28.1684],[76.0689,28.1656],[76.0745,28.1634],[76.0736,28.1513],[76.0718,28.1455],[76.0732,28.1401],[76.083,28.1375],[76.0913,28.1378],[76.0961,28.1391],[76.1,28.142],[76.1011,28.1472],[76.1011,28.1508],[76.0886,28.1637],[76.083,28.168],[76.0798,28.1748],[76.0775,28.1899],[76.0738,28.1946],[76.0649,28.1969],[76.0533,28.1986],[76.052,28.2011],[76.058,28.2055],[76.0605,28.2101],[76.0613,28.2199],[76.0446,28.2228],[76.034,28.2316],[76.0194,28.2375],[76.0156,28.2489],[76.0269,28.2763],[76.027,28.2767],[76.0166,28.2821],[76.0067,28.2872],[75.9995,28.2909],[75.9967,28.2914],[75.9949,28.2917],[75.9948,28.2917],[75.9947,28.2918],[75.9876,28.3021],[75.983,28.3116],[75.9763,28.3195],[75.9759,28.3199],[75.9697,28.3172],[75.963,28.3144],[75.963,28.3144],[75.963,28.3152],[75.9628,28.3245],[75.9597,28.3293],[75.9629,28.3306],[75.9649,28.3314],[75.9646,28.3342],[75.9462,28.3385],[75.9357,28.341],[75.9366,28.3504],[75.9367,28.3519],[75.9367,28.3519],[75.9366,28.3521],[75.9333,28.3606],[75.9307,28.3648],[75.9306,28.3648],[75.913,28.372],[75.9056,28.3759],[75.9055,28.376],[75.9052,28.3859],[75.9051,28.386],[75.8976,28.3896],[75.8976,28.3896],[75.9042,28.3995],[75.9015,28.4071],[75.9,28.4174],[75.902,28.427],[75.9061,28.4295],[75.9724,28.4383],[75.9999,28.4401],[76.0167,28.4322],[76.0142,28.4121],[76.0235,28.4037],[76.0215,28.3946],[76.028,28.3901],[76.0564,28.396],[76.0677,28.3966],[76.0788,28.3943],[76.0863,28.4087],[76.0926,28.414],[76.0981,28.4254],[76.108,28.4289],[76.1132,28.4447],[76.1171,28.4508],[76.1273,28.4489],[76.1454,28.4491],[76.1551,28.4625],[76.1637,28.4625],[76.1635,28.4515],[76.172,28.4413],[76.173,28.4374],[76.1818,28.4419],[76.1855,28.4438],[76.1871,28.4435],[76.1893,28.443],[76.1956,28.4418],[76.1962,28.4416],[76.1963,28.4416],[76.1965,28.4416],[76.1965,28.4416],[76.2012,28.4418],[76.2014,28.444],[76.2103,28.444],[76.2141,28.4534],[76.2144,28.4533],[76.2163,28.4598],[76.2204,28.4672],[76.2311,28.4675],[76.2432,28.4607],[76.2453,28.4552]]]},"properties":{"district_name":"Mahendragarh","raw_district_name":"Mahendragarh","state_code":"HR","state_name":"Haryana","census_code":84,"data_source":"DataMeet India Maps (Census 2011 Boundaries)"}},{"type":"Feature","geometry":{"type":"Polygon","coordinates":[[[77.1931,28.1805],[77.1831,28.18],[77.1746,28.1824],[77.1657,28.1831],[77.1634,28.1808],[77.1629,28.1744],[77.1648,28.1693],[77.1625,28.1621],[77.1493,28.1558],[77.1465,28.1471],[77.1433,28.1415],[77.1329,28.1309],[77.134,28.1252],[77.145,28.1218],[77.1461,28.1143],[77.1428,28.1097],[77.1382,28.1059],[77.1404,28.0979],[77.1323,28.0833],[77.1316,28.0725],[77.1207,28.0668],[77.1157,28.0685],[77.1005,28.064],[77.1052,28.0563],[77.1118,28.0533],[77.1153,28.0462],[77.1124,28.038],[77.1119,28.0328],[77.1128,28.0269],[77.1091,28.0225],[77.104,28.0199],[77.1041,28.0183],[77.1079,28.0157],[77.1104,28.0119],[77.1086,28.0084],[77.1023,28.0053],[77.084,27.9998],[77.0782,27.9935],[77.0745,27.9862],[77.0887,27.9794],[77.1021,27.9706],[77.1052,27.9678],[77.1106,27.9663],[77.1208,27.9608],[77.1333,27.9606],[77.1379,27.9632],[77.1465,27.9633],[77.1484,27.9563],[77.1505,27.9535],[77.1524,27.9516],[77.1586,27.9483],[77.1614,27.9429],[77.1664,27.941],[77.1737,27.9419],[77.1766,27.9395],[77.1774,27.9375],[77.1824,27.9347],[77.1849,27.9371],[77.1862,27.9414],[77.1883,27.9431],[77.1947,27.9406],[77.1983,27.9361],[77.2057,27.9299],[77.2101,27.9246],[77.2169,27.9189],[77.2223,27.9125],[77.2335,27.8946],[77.2374,27.891],[77.2484,27.8858],[77.2586,27.8772],[77.2632,27.8759],[77.2731,27.8715],[77.2837,27.8696],[77.2877,27.8716],[77.297,27.8909],[77.297,27.8909],[77.3072,27.8877],[77.3219,27.875],[77.3244,27.8702],[77.3245,27.8568],[77.3309,27.8511],[77.3382,27.8464],[77.333,27.8353],[77.3363,27.8321],[77.331,27.8291],[77.3261,27.8276],[77.3218,27.8245],[77.3152,27.8264],[77.3137,27.8256],[77.308,27.8258],[77.2978,27.8236],[77.2995,27.8141],[77.2986,27.8123],[77.2923,27.8104],[77.2882,27.8064],[77.2859,27.8012],[77.2846,27.801],[77.2763,27.8064],[77.2713,27.8106],[77.2669,27.8037],[77.2658,27.7997],[77.2616,27.7921],[77.2567,27.7882],[77.2497,27.7848],[77.2433,27.7803],[77.2405,27.7803],[77.236,27.7831],[77.2375,27.7876],[77.2356,27.7906],[77.2309,27.7921],[77.2256,27.79],[77.2155,27.7955],[77.2145,27.8],[77.2109,27.807],[77.2055,27.8139],[77.2026,27.8164],[77.1962,27.8095],[77.1954,27.805],[77.1977,27.7929],[77.1843,27.7817],[77.1774,27.7794],[77.1727,27.7814],[77.1709,27.7851],[77.1753,27.7904],[77.178,27.7951],[77.1869,27.797],[77.1892,27.7989],[77.1894,27.8031],[77.1846,27.8089],[77.1811,27.8108],[77.1698,27.8077],[77.1654,27.8081],[77.1608,27.8103],[77.1594,27.8101],[77.1584,27.8069],[77.1623,27.7969],[77.162,27.7924],[77.1601,27.7863],[77.156,27.7812],[77.1501,27.7807],[77.144,27.7785],[77.1352,27.771],[77.1339,27.7715],[77.1333,27.7794],[77.1308,27.7828],[77.1286,27.784],[77.1261,27.7847],[77.1234,27.7844],[77.1161,27.7812],[77.1113,27.7797],[77.1098,27.78],[77.1023,27.7842],[77.0889,27.795],[77.0853,27.796],[77.0829,27.7989],[77.0811,27.8041],[77.0771,27.8061],[77.0739,27.8072],[77.0649,27.806],[77.0605,27.8097],[77.0555,27.8127],[77.0538,27.8116],[77.0469,27.8146],[77.0437,27.8113],[77.044,27.8087],[77.0432,27.8071],[77.039,27.806],[77.0326,27.7928],[77.0316,27.7818],[77.0283,27.7749],[77.0292,27.7727],[77.0313,27.7725],[77.0327,27.7716],[77.0353,27.7725],[77.037,27.7749],[77.048,27.7695],[77.0555,27.7626],[77.0587,27.7556],[77.0628,27.7565],[77.0646,27.759],[77.0704,27.7603],[77.0759,27.7583],[77.0793,27.7534],[77.0798,27.7465],[77.0811,27.7437],[77.087,27.7374],[77.088,27.7347],[77.0878,27.733],[77.0865,27.7319],[77.0797,27.7303],[77.0743,27.727],[77.068,27.7259],[77.0617,27.7224],[77.0592,27.7227],[77.0528,27.7268],[77.0513,27.7305],[77.0488,27.7329],[77.0479,27.7362],[77.045,27.7392],[77.0405,27.743],[77.0375,27.744],[77.0334,27.7417],[77.0253,27.7424],[77.0199,27.7411],[77.0135,27.7337],[77.0119,27.7332],[77.0095,27.7331],[77.0029,27.7367],[77.002,27.7363],[76.9998,27.731],[76.9976,27.7284],[76.9959,27.7239],[76.9912,27.7131],[76.9875,27.7008],[76.9845,27.6875],[76.9815,27.675],[76.9806,27.6675],[76.9787,27.6601],[76.9788,27.6518],[76.9686,27.6571],[76.9599,27.6609],[76.9531,27.6652],[76.9468,27.6683],[76.9425,27.6697],[76.9386,27.6664],[76.9351,27.6601],[76.9321,27.6554],[76.9273,27.6561],[76.9221,27.6543],[76.9178,27.6515],[76.9136,27.6506],[76.9109,27.6532],[76.9088,27.6581],[76.9084,27.6627],[76.9054,27.6671],[76.9015,27.6716],[76.8999,27.6746],[76.9023,27.678],[76.905,27.6806],[76.903,27.6844],[76.8969,27.6875],[76.8914,27.6902],[76.8892,27.6941],[76.8911,27.6981],[76.8963,27.6964],[76.9018,27.6929],[76.9086,27.6893],[76.9143,27.6905],[76.9187,27.6913],[76.9229,27.6955],[76.9206,27.7008],[76.9167,27.7068],[76.9111,27.7111],[76.9037,27.7132],[76.8969,27.7142],[76.8917,27.7191],[76.8924,27.7256],[76.8962,27.7319],[76.899,27.7367],[76.8998,27.7559],[76.9007,27.7667],[76.9021,27.774],[76.904,27.7808],[76.9071,27.7858],[76.9124,27.7896],[76.9113,27.796],[76.9151,27.8023],[76.9137,27.8073],[76.9089,27.8158],[76.9096,27.8201],[76.9123,27.8274],[76.9164,27.8306],[76.9235,27.8293],[76.9305,27.8265],[76.9352,27.8289],[76.9367,27.8387],[76.9385,27.8499],[76.9369,27.8618],[76.9334,27.8715],[76.9347,27.883],[76.9347,27.8891],[76.9468,27.8907],[76.9454,27.9022],[76.9475,27.9137],[76.9386,27.916],[76.93,27.9157],[76.9278,27.9196],[76.9278,27.9355],[76.9282,27.9475],[76.9315,27.9605],[76.9337,27.973],[76.9311,27.9805],[76.9274,27.9923],[76.9304,28.0004],[76.9354,28.0072],[76.9396,28.0252],[76.9407,28.0367],[76.9425,28.0428],[76.9469,28.0543],[76.9514,28.0615],[76.9555,28.066],[76.957,28.0734],[76.96,28.0908],[76.9645,28.1064],[76.9648,28.1184],[76.9708,28.1387],[76.9656,28.1407],[76.9508,28.1434],[76.9496,28.1456],[76.9506,28.1499],[76.9468,28.1501],[76.9366,28.1536],[76.9301,28.157],[76.9211,28.1666],[76.9082,28.1741],[76.8991,28.1826],[76.8931,28.1864],[76.8929,28.1895],[76.8948,28.1915],[76.9089,28.1995],[76.9057,28.2024],[76.8957,28.2053],[76.8883,28.2052],[76.8752,28.2063],[76.8749,28.2128],[76.8727,28.2194],[76.8668,28.218],[76.8634,28.22],[76.8556,28.2343],[76.8549,28.2346],[76.8554,28.2352],[76.8651,28.2466],[76.8754,28.2687],[76.8879,28.2586],[76.8949,28.2568],[76.9014,28.2577],[76.9145,28.2703],[76.9182,28.2788],[76.9035,28.2954],[76.9073,28.3005],[76.9186,28.3004],[76.9307,28.3206],[76.9425,28.3189],[76.953,28.316],[76.9567,28.323],[76.9636,28.327],[76.9701,28.3291],[76.9778,28.3342],[76.9848,28.3324],[76.9875,28.3259],[76.9945,28.3276],[77.0041,28.3262],[77.0137,28.3053],[77.0144,28.2937],[77.0147,28.2814],[77.0189,28.2688],[77.0194,28.2495],[77.0269,28.2451],[77.0356,28.2433],[77.0565,28.2414],[77.055,28.2325],[77.0564,28.2268],[77.0536,28.2202],[77.0703,28.212],[77.0769,28.2233],[77.0799,28.228],[77.09,28.2239],[77.0962,28.2198],[77.1013,28.2233],[77.1053,28.22],[77.1101,28.2193],[77.1128,28.2155],[77.1245,28.2176],[77.1348,28.2213],[77.1444,28.2183],[77.1489,28.2119],[77.155,28.2112],[77.1787,28.1995],[77.1868,28.1991],[77.193,28.1971],[77.197,28.1935],[77.1931,28.1805],[77.1931,28.1805]]]},"properties":{"district_name":"Mewat","raw_district_name":"Mewat","state_code":"HR","state_name":"Haryana","census_code":87,"data_source":"DataMeet India Maps (Census 2011 Boundaries)"}},{"type":"Feature","geometry":{"type":"Polygon","coordinates":[[[77.2805,28.2596],[77.2756,28.2535],[77.2746,28.2479],[77.2786,28.244],[77.2924,28.2392],[77.3022,28.2313],[77.3074,28.2268],[77.3164,28.2315],[77.3215,28.2346],[77.3243,28.2327],[77.3228,28.2246],[77.3469,28.2119],[77.3619,28.2056],[77.3786,28.222],[77.4009,28.2118],[77.4083,28.2114],[77.4136,28.2059],[77.4137,28.2014],[77.4046,28.1982],[77.3956,28.1976],[77.3917,28.192],[77.4028,28.1751],[77.4012,28.1715],[77.4105,28.1641],[77.4132,28.1692],[77.4275,28.1644],[77.4412,28.1631],[77.4512,28.1703],[77.4565,28.1648],[77.456,28.1613],[77.4611,28.1584],[77.4779,28.1717],[77.4852,28.1759],[77.5154,28.1713],[77.5195,28.1674],[77.5212,28.1592],[77.5211,28.1592],[77.5084,28.1573],[77.5059,28.1542],[77.5048,28.1401],[77.4994,28.1387],[77.4967,28.1358],[77.4974,28.1331],[77.508,28.13],[77.5091,28.1217],[77.5089,28.1169],[77.5008,28.107],[77.5027,28.1025],[77.5032,28.0966],[77.5017,28.0923],[77.4996,28.0896],[77.4955,28.0917],[77.4922,28.1022],[77.4877,28.1023],[77.4842,28.0986],[77.4825,28.0981],[77.4783,28.0803],[77.4794,28.0781],[77.4811,28.0731],[77.4862,28.0676],[77.4923,28.055],[77.4922,28.052],[77.487,28.0434],[77.4885,28.0385],[77.4991,28.0336],[77.5045,28.0286],[77.5068,28.025],[77.5111,28.0217],[77.5158,28.0167],[77.5187,28.012],[77.5212,28.0046],[77.5294,28.0008],[77.5445,27.9876],[77.5415,27.9831],[77.536,27.9783],[77.5227,27.9717],[77.5189,27.9676],[77.5199,27.9625],[77.5243,27.9598],[77.5383,27.9605],[77.5452,27.9598],[77.5466,27.9521],[77.5454,27.9436],[77.5406,27.9361],[77.5284,27.9262],[77.523,27.9306],[77.5204,27.9317],[77.5151,27.9304],[77.507,27.9257],[77.5046,27.9251],[77.5015,27.9261],[77.4998,27.9283],[77.4972,27.9358],[77.494,27.9382],[77.4869,27.9345],[77.4779,27.9272],[77.4776,27.9262],[77.4798,27.9222],[77.48,27.9149],[77.4816,27.9135],[77.4838,27.9064],[77.4816,27.8955],[77.4789,27.889],[77.4676,27.8796],[77.4549,27.8727],[77.4513,27.8728],[77.4394,27.8832],[77.4313,27.8888],[77.4233,27.8909],[77.4214,27.8905],[77.4201,27.8894],[77.4162,27.8835],[77.4132,27.881],[77.4106,27.8763],[77.4136,27.8702],[77.4142,27.8661],[77.4153,27.864],[77.4227,27.857],[77.4235,27.855],[77.4214,27.8534],[77.4128,27.8526],[77.4018,27.8533],[77.3911,27.8575],[77.3829,27.8581],[77.379,27.8575],[77.3738,27.855],[77.3616,27.8508],[77.353,27.8534],[77.3483,27.854],[77.3416,27.8493],[77.3402,27.8471],[77.3382,27.8464],[77.3309,27.8511],[77.3245,27.8568],[77.3244,27.8702],[77.3219,27.875],[77.3072,27.8877],[77.297,27.8909],[77.297,27.8909],[77.2877,27.8716],[77.2837,27.8696],[77.2731,27.8715],[77.2632,27.8759],[77.2586,27.8772],[77.2484,27.8858],[77.2374,27.891],[77.2335,27.8946],[77.2223,27.9125],[77.2169,27.9189],[77.2101,27.9246],[77.2057,27.9299],[77.1983,27.9361],[77.1947,27.9406],[77.1883,27.9431],[77.1862,27.9414],[77.1849,27.9371],[77.1824,27.9347],[77.1774,27.9375],[77.1766,27.9395],[77.1737,27.9419],[77.1664,27.941],[77.1614,27.9429],[77.1586,27.9483],[77.1524,27.9516],[77.1505,27.9535],[77.1484,27.9563],[77.1465,27.9633],[77.1379,27.9632],[77.1333,27.9606],[77.1208,27.9608],[77.1106,27.9663],[77.1052,27.9678],[77.1021,27.9706],[77.0887,27.9794],[77.0745,27.9862],[77.0782,27.9935],[77.084,27.9998],[77.1023,28.0053],[77.1086,28.0084],[77.1104,28.0119],[77.1079,28.0157],[77.1041,28.0183],[77.104,28.0199],[77.1091,28.0225],[77.1128,28.0269],[77.1119,28.0328],[77.1124,28.038],[77.1153,28.0462],[77.1118,28.0533],[77.1052,28.0563],[77.1005,28.064],[77.1157,28.0685],[77.1207,28.0668],[77.1316,28.0725],[77.1323,28.0833],[77.1404,28.0979],[77.1382,28.1059],[77.1428,28.1097],[77.1461,28.1143],[77.145,28.1218],[77.134,28.1252],[77.1329,28.1309],[77.1433,28.1415],[77.1465,28.1471],[77.1493,28.1558],[77.1625,28.1621],[77.1648,28.1693],[77.1629,28.1744],[77.1634,28.1808],[77.1657,28.1831],[77.1746,28.1824],[77.1831,28.18],[77.1931,28.1805],[77.1931,28.1805],[77.197,28.1935],[77.193,28.1971],[77.1868,28.1991],[77.1787,28.1995],[77.178,28.2042],[77.1804,28.2111],[77.1847,28.2148],[77.1973,28.2218],[77.2003,28.2258],[77.198,28.2302],[77.1967,28.2395],[77.1994,28.2448],[77.2058,28.2481],[77.2104,28.2504],[77.2114,28.2552],[77.2144,28.2601],[77.2288,28.2637],[77.2282,28.264],[77.2392,28.2687],[77.2533,28.2596],[77.2584,28.2577],[77.2595,28.2597],[77.2593,28.2678],[77.2604,28.2703],[77.2661,28.2709],[77.2741,28.2691],[77.2798,28.2671],[77.2805,28.2596]]]},"properties":{"district_name":"Palwal","raw_district_name":"Palwal","state_code":"HR","state_name":"Haryana","census_code":89,"data_source":"DataMeet India Maps (Census 2011 Boundaries)"}},{"type":"Feature","geometry":{"type":"Polygon","coordinates":[[[76.8507,30.8751],[76.8659,30.8669],[76.8753,30.8698],[76.8832,30.8744],[76.8921,30.8822],[76.9001,30.8845],[76.9157,30.8934],[76.9206,30.8872],[76.9294,30.8655],[76.9401,30.8506],[76.9413,30.8443],[76.941,30.8335],[76.9472,30.8281],[76.9563,30.8253],[76.9611,30.8192],[76.9672,30.8073],[76.9753,30.805],[76.9821,30.804],[76.9925,30.7948],[76.9961,30.8003],[76.9983,30.8065],[77,30.8093],[77.0019,30.811],[77.0062,30.8143],[77.0093,30.8127],[77.0115,30.8103],[77.012,30.8057],[77.0132,30.8009],[77.0138,30.7936],[77.0132,30.79],[77.0135,30.785],[77.0083,30.781],[77.0044,30.7766],[77.002,30.773],[77.0046,30.7694],[77.0087,30.767],[77.0122,30.7651],[77.0158,30.7639],[77.0179,30.7623],[77.0192,30.7577],[77.0181,30.7533],[77.0181,30.7484],[77.0198,30.7454],[77.0228,30.7416],[77.0265,30.7381],[77.0314,30.7364],[77.0374,30.7375],[77.0417,30.7393],[77.0438,30.7422],[77.0437,30.7477],[77.0471,30.7513],[77.0514,30.749],[77.0605,30.7446],[77.0684,30.7426],[77.0751,30.742],[77.0831,30.7428],[77.0903,30.7406],[77.0997,30.7358],[77.1045,30.732],[77.1096,30.7304],[77.114,30.7282],[77.1158,30.7266],[77.1136,30.7222],[77.1133,30.7181],[77.1166,30.7163],[77.123,30.7185],[77.1309,30.7137],[77.1356,30.7079],[77.1385,30.7029],[77.1472,30.6979],[77.1538,30.6933],[77.1608,30.6892],[77.1651,30.6862],[77.1669,30.6844],[77.1636,30.6803],[77.1641,30.6769],[77.1672,30.6727],[77.1685,30.6638],[77.166,30.6545],[77.166,30.6499],[77.1695,30.6436],[77.1737,30.6381],[77.1757,30.6343],[77.1732,30.6272],[77.1719,30.6095],[77.1717,30.6031],[77.1719,30.5988],[77.1707,30.5952],[77.1673,30.592],[77.1644,30.5885],[77.1601,30.5846],[77.153,30.5789],[77.1459,30.5741],[77.139,30.5694],[77.137,30.5684],[77.1369,30.5684],[77.1337,30.5669],[77.1283,30.5655],[77.126,30.5639],[77.1252,30.5633],[77.1248,30.5635],[77.1139,30.5569],[77.1094,30.5532],[77.0976,30.5506],[77.0929,30.5558],[77.0897,30.5602],[77.0883,30.5681],[77.0845,30.5712],[77.0818,30.572],[77.0796,30.5743],[77.0701,30.5755],[77.0699,30.5707],[77.0675,30.5688],[77.0658,30.5643],[77.0656,30.5603],[77.0624,30.5536],[77.0593,30.552],[77.0527,30.5479],[77.0488,30.5471],[77.0464,30.5452],[77.0458,30.542],[77.0453,30.5367],[77.0446,30.5314],[77.0422,30.5287],[77.0367,30.5259],[77.0325,30.5256],[77.0273,30.5239],[77.0155,30.5205],[77.0085,30.517],[77.0074,30.5153],[77.0028,30.5126],[76.9986,30.5125],[76.9952,30.5109],[76.9929,30.5085],[76.9908,30.505],[76.9871,30.4959],[76.9835,30.4927],[76.9781,30.4878],[76.9737,30.4822],[76.9679,30.4784],[76.9637,30.4756],[76.9546,30.4731],[76.946,30.475],[76.9416,30.4803],[76.941,30.4821],[76.9403,30.4858],[76.9395,30.4913],[76.9357,30.4971],[76.9302,30.4998],[76.9312,30.5031],[76.9332,30.5139],[76.933,30.5205],[76.933,30.5206],[76.9272,30.5224],[76.9202,30.5258],[76.9111,30.5306],[76.9007,30.5341],[76.898,30.5363],[76.9051,30.5403],[76.9152,30.547],[76.9189,30.5543],[76.9168,30.5576],[76.9119,30.5599],[76.9119,30.5626],[76.9169,30.5711],[76.9175,30.5765],[76.9116,30.5844],[76.9203,30.5873],[76.9265,30.5956],[76.9237,30.6018],[76.9146,30.6044],[76.9127,30.616],[76.9076,30.6193],[76.8967,30.6231],[76.8937,30.6291],[76.8902,30.633],[76.8858,30.636],[76.8811,30.6377],[76.8751,30.6363],[76.8717,30.6366],[76.8721,30.6476],[76.875,30.6558],[76.8763,30.6676],[76.8754,30.6753],[76.8686,30.6693],[76.863,30.6609],[76.853,30.6528],[76.8479,30.6519],[76.8481,30.6602],[76.8432,30.661],[76.8401,30.6594],[76.8372,30.6561],[76.8319,30.6567],[76.8315,30.6691],[76.833,30.6819],[76.8308,30.6867],[76.8343,30.6929],[76.8415,30.7021],[76.8495,30.7104],[76.8476,30.7205],[76.838,30.727],[76.836,30.7362],[76.8415,30.76],[76.8441,30.7641],[76.8602,30.7887],[76.8547,30.7953],[76.8469,30.8008],[76.8467,30.8121],[76.8455,30.8216],[76.8412,30.8288],[76.8324,30.8333],[76.82,30.8365],[76.8146,30.8388],[76.7984,30.8576],[76.7868,30.8675],[76.7825,30.8729],[76.776,30.8898],[76.7834,30.9028],[76.8123,30.921],[76.8238,30.9267],[76.827,30.9236],[76.8279,30.9177],[76.8233,30.9031],[76.8293,30.8923],[76.8362,30.8844],[76.8507,30.8751]]]},"properties":{"district_name":"Panchkula","raw_district_name":"Panchkula","state_code":"HR","state_name":"Haryana","census_code":69,"data_source":"DataMeet India Maps (Census 2011 Boundaries)"}},{"type":"Feature","geometry":{"type":"Polygon","coordinates":[[[76.8061,29.4819],[76.8229,29.4729],[76.8267,29.4709],[76.837,29.4691],[76.8565,29.4781],[76.8594,29.4866],[76.8594,29.4866],[76.8687,29.4904],[76.8843,29.4878],[76.8895,29.4851],[76.8946,29.4795],[76.9025,29.468],[76.9108,29.4741],[76.9176,29.4808],[76.928,29.4782],[76.9369,29.4762],[76.9329,29.4703],[76.9479,29.4648],[76.9548,29.4585],[76.9635,29.4581],[76.9791,29.4671],[76.9928,29.4578],[77.0005,29.4512],[77.0157,29.4469],[77.0295,29.4472],[77.0449,29.4498],[77.0634,29.4442],[77.0766,29.4407],[77.0957,29.442],[77.1208,29.4438],[77.1346,29.4483],[77.1354,29.4479],[77.1432,29.4455],[77.149,29.4416],[77.1506,29.4371],[77.1497,29.4318],[77.147,29.4272],[77.136,29.4171],[77.137,29.4056],[77.1402,29.3974],[77.1446,29.3934],[77.1512,29.3897],[77.1571,29.3874],[77.1579,29.3847],[77.1498,29.3788],[77.1422,29.3756],[77.1316,29.3737],[77.128,29.3716],[77.1278,29.3675],[77.1299,29.3569],[77.1286,29.3521],[77.1311,29.3447],[77.1348,29.3399],[77.1386,29.3393],[77.1575,29.34],[77.1629,29.3342],[77.165,29.3304],[77.1611,29.3266],[77.1621,29.3204],[77.1646,29.3172],[77.1652,29.3118],[77.1533,29.2964],[77.1554,29.2911],[77.1486,29.2824],[77.1404,29.2677],[77.1459,29.2614],[77.1534,29.2465],[77.1549,29.2382],[77.1537,29.2327],[77.1381,29.223],[77.1361,29.2197],[77.1386,29.2133],[77.1435,29.208],[77.147,29.2023],[77.149,29.1959],[77.1508,29.1769],[77.1432,29.1667],[77.1141,29.1703],[77.1028,29.1635],[77.0994,29.1653],[77.0927,29.1748],[77.0839,29.1818],[77.0686,29.1771],[77.0616,29.1768],[77.049,29.1878],[77.0399,29.1842],[77.0294,29.1829],[77.0201,29.1884],[77.0119,29.1915],[77.0106,29.1952],[77.0139,29.2169],[77.0092,29.2201],[77.0008,29.2189],[76.9967,29.2175],[76.9821,29.2163],[76.9746,29.2168],[76.9659,29.2193],[76.9575,29.2137],[76.9507,29.2101],[76.9386,29.2094],[76.9296,29.215],[76.9159,29.2192],[76.9045,29.2167],[76.8938,29.2102],[76.8882,29.1975],[76.884,29.1928],[76.8781,29.1944],[76.8673,29.2022],[76.8674,29.2041],[76.8392,29.206],[76.8275,29.2089],[76.8011,29.2265],[76.7966,29.2417],[76.7936,29.2612],[76.7911,29.27],[76.7857,29.2737],[76.7767,29.2774],[76.7661,29.2774],[76.7573,29.2734],[76.7423,29.2608],[76.7112,29.251],[76.7009,29.2629],[76.682,29.2703],[76.6809,29.2772],[76.6636,29.2804],[76.6527,29.2877],[76.6476,29.29],[76.6422,29.2948],[76.6398,29.3112],[76.6353,29.3165],[76.6423,29.3322],[76.6468,29.3382],[76.6484,29.3457],[76.6474,29.3566],[76.6476,29.3634],[76.65,29.3688],[76.6567,29.3719],[76.6678,29.3734],[76.672,29.3775],[76.6814,29.3778],[76.6909,29.3801],[76.6957,29.3851],[76.7093,29.3834],[76.7198,29.3887],[76.7278,29.3895],[76.7336,29.3926],[76.7343,29.3984],[76.7366,29.4069],[76.7338,29.4154],[76.7361,29.4234],[76.7433,29.4329],[76.7485,29.4431],[76.7503,29.452],[76.7556,29.4664],[76.7711,29.4717],[76.7842,29.4675],[76.7927,29.4691],[76.7975,29.478],[76.8061,29.4819],[76.8061,29.4819],[76.8061,29.4819]]]},"properties":{"district_name":"Panipat","raw_district_name":"Panipat","state_code":"HR","state_name":"Haryana","census_code":75,"data_source":"DataMeet India Maps (Census 2011 Boundaries)"}},{"type":"Feature","geometry":{"type":"Polygon","coordinates":[[[76.3931,28.4682],[76.3987,28.4671],[76.4056,28.4672],[76.4091,28.4661],[76.4106,28.46],[76.423,28.4615],[76.432,28.4617],[76.4383,28.4594],[76.4351,28.449],[76.4421,28.4461],[76.4423,28.4399],[76.4439,28.4327],[76.4496,28.4273],[76.469,28.4265],[76.4833,28.4341],[76.4874,28.4348],[76.4971,28.4332],[76.5153,28.4263],[76.519,28.4166],[76.5184,28.4123],[76.5187,28.4031],[76.5251,28.3978],[76.5388,28.3993],[76.5464,28.3989],[76.5521,28.3941],[76.5523,28.3874],[76.5593,28.3845],[76.5627,28.3864],[76.5674,28.392],[76.5706,28.3988],[76.5775,28.4014],[76.5899,28.4022],[76.5933,28.4023],[76.5968,28.4024],[76.6045,28.4039],[76.6095,28.4201],[76.614,28.4271],[76.6151,28.4289],[76.6218,28.4281],[76.63,28.4242],[76.6379,28.4184],[76.6456,28.4096],[76.6519,28.4011],[76.6596,28.3958],[76.6645,28.3892],[76.6672,28.3808],[76.6651,28.3715],[76.6603,28.3591],[76.6634,28.3495],[76.6619,28.3418],[76.6619,28.333],[76.6579,28.3246],[76.6574,28.3204],[76.6616,28.3177],[76.6763,28.3169],[76.6863,28.315],[76.6854,28.3029],[76.6771,28.2746],[76.6821,28.2628],[76.6872,28.2615],[76.6946,28.2624],[76.7024,28.2604],[76.7111,28.2622],[76.7222,28.2624],[76.7327,28.2557],[76.7385,28.2532],[76.7568,28.2479],[76.7702,28.2408],[76.7722,28.2346],[76.7789,28.2268],[76.7829,28.2258],[76.786,28.2292],[76.7909,28.2373],[76.798,28.2459],[76.8049,28.2487],[76.8042,28.2479],[76.832,28.2442],[76.8359,28.2419],[76.8549,28.2346],[76.8556,28.2343],[76.8634,28.22],[76.8596,28.2215],[76.8425,28.2197],[76.8363,28.2123],[76.8329,28.2095],[76.828,28.2095],[76.8222,28.2112],[76.8148,28.2107],[76.8104,28.2065],[76.8115,28.1995],[76.8146,28.1952],[76.8116,28.1909],[76.8069,28.1892],[76.8028,28.1944],[76.7992,28.1886],[76.8012,28.1778],[76.8012,28.1705],[76.8051,28.1653],[76.8004,28.1521],[76.792,28.1505],[76.7818,28.1463],[76.771,28.1449],[76.7639,28.1415],[76.7479,28.1239],[76.7418,28.1235],[76.7404,28.1233],[76.7288,28.1264],[76.7187,28.1273],[76.7178,28.1263],[76.7142,28.1226],[76.7075,28.1106],[76.699,28.1097],[76.6982,28.1084],[76.6944,28.1018],[76.6909,28.0927],[76.6866,28.0927],[76.6726,28.0928],[76.6667,28.094],[76.6599,28.0917],[76.6565,28.0872],[76.6556,28.0801],[76.6567,28.074],[76.6565,28.0626],[76.6575,28.0567],[76.6602,28.0504],[76.6596,28.0394],[76.662,28.0349],[76.6682,28.0286],[76.67,28.0242],[76.671,28.0179],[76.6686,28.014],[76.6631,28.0105],[76.6552,28.0076],[76.6454,28.0056],[76.6338,28.0054],[76.6245,28.0063],[76.6124,28.0058],[76.6074,28.0048],[76.6037,28.0011],[76.6002,27.9987],[76.5923,27.9953],[76.5857,27.9899],[76.5822,27.984],[76.5759,27.9786],[76.5682,27.9768],[76.5618,27.97],[76.555,27.9664],[76.5465,27.9656],[76.5419,27.9688],[76.5394,27.9744],[76.5403,27.9808],[76.5439,27.9881],[76.5448,27.9998],[76.5469,28.0004],[76.5462,28.0026],[76.5471,28.0071],[76.547,28.0117],[76.544,28.0208],[76.547,28.0342],[76.5397,28.0382],[76.5343,28.0405],[76.527,28.034],[76.5198,28.0304],[76.5137,28.0301],[76.5079,28.0315],[76.5069,28.0353],[76.5045,28.0387],[76.5006,28.0422],[76.4915,28.0414],[76.4841,28.0392],[76.4701,28.0397],[76.4641,28.0416],[76.4621,28.0448],[76.4624,28.0502],[76.4664,28.0571],[76.4797,28.0562],[76.4923,28.0534],[76.498,28.0543],[76.503,28.0562],[76.5061,28.0598],[76.5038,28.0627],[76.4944,28.0702],[76.4784,28.0815],[76.4721,28.0792],[76.4673,28.0801],[76.4619,28.0829],[76.457,28.0883],[76.4597,28.0928],[76.4624,28.101],[76.4654,28.1055],[76.4694,28.107],[76.4747,28.1081],[76.4811,28.1078],[76.4858,28.1011],[76.4973,28.0999],[76.5063,28.1017],[76.5058,28.1111],[76.5066,28.1177],[76.4954,28.1179],[76.4943,28.1232],[76.4983,28.1288],[76.4937,28.13],[76.4919,28.13],[76.4858,28.1298],[76.4817,28.1309],[76.4785,28.1337],[76.4809,28.1447],[76.4796,28.1499],[76.4738,28.1508],[76.4697,28.1475],[76.4646,28.1466],[76.4457,28.1473],[76.4399,28.1428],[76.4358,28.1411],[76.4208,28.1427],[76.4055,28.143],[76.4015,28.1363],[76.397,28.1348],[76.3925,28.1351],[76.3852,28.1333],[76.3683,28.1386],[76.3659,28.1431],[76.3644,28.1551],[76.3617,28.1615],[76.3511,28.1692],[76.3444,28.1726],[76.3344,28.1727],[76.3172,28.1787],[76.3163,28.1788],[76.3166,28.1826],[76.3161,28.1858],[76.3158,28.1876],[76.3119,28.1911],[76.3079,28.1982],[76.31,28.2023],[76.3106,28.2047],[76.3169,28.205],[76.3197,28.2052],[76.3254,28.2089],[76.3319,28.2239],[76.3453,28.2233],[76.3473,28.226],[76.3503,28.236],[76.3519,28.2418],[76.3517,28.2455],[76.3515,28.2483],[76.3521,28.253],[76.3536,28.259],[76.3518,28.2645],[76.3464,28.2704],[76.3558,28.2812],[76.3537,28.2923],[76.3529,28.2966],[76.35,28.3036],[76.3532,28.3102],[76.361,28.3137],[76.3633,28.3221],[76.371,28.3252],[76.3665,28.3412],[76.3596,28.3461],[76.3596,28.3461],[76.3596,28.3461],[76.3481,28.3644],[76.3308,28.3646],[76.3283,28.372],[76.3245,28.3734],[76.3064,28.3768],[76.3005,28.3827],[76.2995,28.3907],[76.3026,28.4022],[76.287,28.4036],[76.2846,28.406],[76.2843,28.4085],[76.2887,28.4171],[76.2906,28.4234],[76.2907,28.4253],[76.2997,28.4251],[76.3002,28.4318],[76.3049,28.435],[76.309,28.4357],[76.3117,28.4394],[76.3151,28.4401],[76.318,28.4383],[76.3188,28.4329],[76.3251,28.4312],[76.3313,28.4319],[76.3346,28.4351],[76.3346,28.4375],[76.3338,28.4412],[76.333,28.4442],[76.3328,28.4503],[76.3348,28.4534],[76.3389,28.4541],[76.3395,28.4578],[76.34,28.4627],[76.3428,28.464],[76.3464,28.4598],[76.3459,28.453],[76.3481,28.4464],[76.3489,28.4433],[76.3483,28.4403],[76.3498,28.436],[76.3589,28.4313],[76.3652,28.4315],[76.3756,28.4281],[76.3823,28.4343],[76.3926,28.4376],[76.3994,28.4433],[76.3972,28.4469],[76.3936,28.4511],[76.3935,28.4547],[76.3886,28.4565],[76.385,28.4607],[76.3849,28.4649],[76.3931,28.4682]]]},"properties":{"district_name":"Rewari","raw_district_name":"Rewari","state_code":"HR","state_name":"Haryana","census_code":85,"data_source":"DataMeet India Maps (Census 2011 Boundaries)"}},{"type":"Feature","geometry":{"type":"Polygon","coordinates":[[[76.5543,29.0855],[76.5669,29.0667],[76.5719,29.0632],[76.59,29.0644],[76.6118,29.0604],[76.6331,29.0604],[76.6391,29.0586],[76.6393,29.0559],[76.6509,29.0591],[76.6569,29.063],[76.6664,29.0655],[76.6787,29.0627],[76.693,29.0515],[76.7009,29.0463],[76.7063,29.0403],[76.7224,29.0276],[76.7287,29.0193],[76.7325,29.0094],[76.7326,29.0025],[76.7329,28.9918],[76.7315,28.9787],[76.7297,28.9678],[76.7437,28.9599],[76.7577,28.9636],[76.7664,28.9581],[76.7774,28.9458],[76.7788,28.9445],[76.7756,28.9409],[76.7837,28.9273],[76.7912,28.9257],[76.8129,28.9283],[76.8188,28.9283],[76.8275,28.9207],[76.8256,28.9136],[76.8272,28.9035],[76.8195,28.8909],[76.8202,28.8853],[76.8122,28.8646],[76.8193,28.8591],[76.8458,28.8611],[76.8589,28.8611],[76.8643,28.8619],[76.8682,28.8663],[76.8799,28.8694],[76.8919,28.868],[76.9029,28.8621],[76.8866,28.835],[76.8779,28.833],[76.8667,28.8239],[76.8641,28.818],[76.8456,28.8081],[76.8307,28.809],[76.8272,28.8166],[76.8217,28.8219],[76.799,28.8155],[76.7945,28.8047],[76.8129,28.795],[76.8226,28.7846],[76.8035,28.7676],[76.7965,28.755],[76.7854,28.7429],[76.7786,28.7428],[76.767,28.7503],[76.7695,28.7592],[76.7653,28.7656],[76.7538,28.7678],[76.7419,28.7586],[76.7291,28.7596],[76.7108,28.7669],[76.7116,28.7859],[76.6901,28.786],[76.6751,28.7928],[76.6722,28.7999],[76.6719,28.8123],[76.6623,28.8168],[76.6518,28.8338],[76.647,28.8373],[76.6417,28.8342],[76.6339,28.8251],[76.6354,28.8175],[76.6478,28.8065],[76.6452,28.8023],[76.6367,28.7932],[76.6295,28.7871],[76.6133,28.7886],[76.6014,28.783],[76.5971,28.7754],[76.596,28.7571],[76.5901,28.7416],[76.5759,28.7356],[76.5486,28.7435],[76.5357,28.7474],[76.5264,28.7388],[76.5009,28.7382],[76.4706,28.739],[76.4531,28.7372],[76.4296,28.7254],[76.4185,28.7224],[76.4205,28.707],[76.4178,28.6914],[76.407,28.6822],[76.4059,28.6812],[76.3983,28.6875],[76.398,28.6878],[76.398,28.6878],[76.384,28.6994],[76.3808,28.7036],[76.3805,28.7091],[76.3868,28.7187],[76.3877,28.723],[76.3937,28.729],[76.4008,28.7332],[76.4058,28.7515],[76.3908,28.7709],[76.3875,28.7731],[76.3501,28.7975],[76.3326,28.8055],[76.3322,28.8088],[76.3319,28.8208],[76.3369,28.8265],[76.343,28.8358],[76.3458,28.846],[76.3518,28.8545],[76.3599,28.8657],[76.3586,28.8731],[76.3287,28.8943],[76.3002,28.9046],[76.2918,28.8759],[76.2904,28.8752],[76.2863,28.8958],[76.2767,28.8995],[76.2565,28.9013],[76.2371,28.9013],[76.2328,28.9053],[76.2298,28.9372],[76.2155,28.9532],[76.2134,28.9584],[76.2116,28.963],[76.2126,28.965],[76.2199,28.9809],[76.2398,28.9968],[76.2389,29.0134],[76.2346,29.0524],[76.241,29.054],[76.2539,29.0572],[76.2737,29.0614],[76.2806,29.0688],[76.2825,29.0691],[76.2872,29.0697],[76.2906,29.0741],[76.2919,29.0784],[76.3015,29.0868],[76.3323,29.0875],[76.3409,29.0859],[76.3514,29.0867],[76.381,29.0731],[76.3907,29.0744],[76.3963,29.078],[76.4048,29.0809],[76.4121,29.0792],[76.4242,29.0716],[76.4307,29.0653],[76.4401,29.0611],[76.4465,29.0599],[76.4555,29.0624],[76.4612,29.0665],[76.4726,29.0834],[76.4791,29.0963],[76.4873,29.0913],[76.4987,29.0829],[76.5055,29.0808],[76.5124,29.0805],[76.52,29.0851],[76.5268,29.0923],[76.5401,29.1043],[76.546,29.0988],[76.5506,29.0924],[76.5543,29.0855]]]},"properties":{"district_name":"Rohtak","raw_district_name":"Rohtak","state_code":"HR","state_name":"Haryana","census_code":82,"data_source":"DataMeet India Maps (Census 2011 Boundaries)"}},{"type":"Feature","geometry":{"type":"Polygon","coordinates":[[[75.1887,29.835],[75.1925,29.8368],[75.1988,29.8326],[75.2111,29.828],[75.2127,29.8194],[75.2079,29.8114],[75.2066,29.8031],[75.2081,29.7942],[75.2155,29.788],[75.2225,29.7845],[75.2263,29.7778],[75.2268,29.7694],[75.2334,29.7614],[75.2374,29.754],[75.2411,29.75],[75.2314,29.731],[75.2266,29.7279],[75.2207,29.7288],[75.2162,29.7332],[75.2081,29.7287],[75.2037,29.7231],[75.1972,29.7099],[75.1983,29.7017],[75.2024,29.6974],[75.2076,29.6944],[75.2052,29.6857],[75.1988,29.6787],[75.1897,29.6762],[75.1852,29.676],[75.1777,29.6712],[75.1688,29.6673],[75.1677,29.6607],[75.1726,29.656],[75.1784,29.6522],[75.1831,29.6474],[75.1822,29.6365],[75.1831,29.628],[75.1945,29.6204],[75.2092,29.6205],[75.231,29.6043],[75.233,29.5967],[75.2291,29.5903],[75.2209,29.5802],[75.2276,29.5762],[75.2315,29.568],[75.2379,29.5563],[75.234,29.5478],[75.2332,29.5439],[75.2478,29.5493],[75.2643,29.5518],[75.2772,29.5569],[75.2848,29.5588],[75.3004,29.5594],[75.3021,29.5477],[75.3016,29.541],[75.296,29.5363],[75.2996,29.5203],[75.2856,29.5187],[75.2775,29.5144],[75.2747,29.5082],[75.2862,29.4951],[75.2847,29.4868],[75.2809,29.4797],[75.2814,29.4709],[75.285,29.4628],[75.3009,29.4414],[75.2895,29.4277],[75.2775,29.423],[75.2648,29.423],[75.2538,29.4205],[75.2421,29.4192],[75.2339,29.414],[75.2239,29.3982],[75.2216,29.3915],[75.2219,29.3841],[75.231,29.3809],[75.2415,29.3782],[75.2499,29.3703],[75.2581,29.3644],[75.2643,29.3573],[75.2668,29.3531],[75.2664,29.3458],[75.2616,29.34],[75.2504,29.3354],[75.2408,29.3358],[75.2315,29.3314],[75.2267,29.3243],[75.2352,29.3086],[75.2386,29.3007],[75.2396,29.2919],[75.2329,29.2662],[75.2358,29.2576],[75.2397,29.2527],[75.2444,29.2494],[75.2326,29.2324],[75.221,29.232],[75.2044,29.2418],[75.1976,29.2562],[75.1891,29.2662],[75.1731,29.262],[75.1699,29.2514],[75.1565,29.2435],[75.1337,29.2427],[75.1227,29.2406],[75.1171,29.2245],[75.1015,29.2268],[75.087,29.2302],[75.0716,29.2367],[75.0743,29.2444],[75.0696,29.2511],[75.0599,29.2616],[75.0596,29.2667],[75.0595,29.2703],[75.0489,29.285],[75.0328,29.2894],[75.0148,29.2818],[74.9999,29.2697],[74.9918,29.2763],[74.9858,29.2791],[74.9769,29.2805],[74.9688,29.2782],[74.962,29.28],[74.9564,29.2862],[74.9515,29.2933],[74.949,29.3029],[74.9548,29.3091],[74.9595,29.3166],[74.9599,29.3242],[74.9551,29.3309],[74.9449,29.3361],[74.9362,29.3628],[74.931,29.3642],[74.9192,29.3694],[74.9081,29.3765],[74.9043,29.3824],[74.8975,29.385],[74.8796,29.3834],[74.8755,29.3868],[74.8729,29.3947],[74.8662,29.3977],[74.8585,29.4012],[74.8501,29.4025],[74.8441,29.3999],[74.8185,29.3969],[74.8077,29.3831],[74.7946,29.369],[74.7847,29.3586],[74.7654,29.3545],[74.7405,29.3524],[74.7313,29.3595],[74.7257,29.365],[74.72,29.3676],[74.6974,29.3639],[74.6848,29.3669],[74.6672,29.3687],[74.6589,29.3712],[74.6524,29.3532],[74.6528,29.3341],[74.6504,29.33],[74.6146,29.3264],[74.6043,29.3272],[74.6086,29.3532],[74.6053,29.3611],[74.5992,29.3696],[74.5884,29.3777],[74.5815,29.3854],[74.5778,29.3963],[74.5787,29.4052],[74.5731,29.4098],[74.5665,29.4177],[74.5609,29.4214],[74.5498,29.4222],[74.54,29.4241],[74.5383,29.4341],[74.5378,29.4487],[74.5395,29.4567],[74.5434,29.4642],[74.5516,29.4657],[74.5591,29.4636],[74.5682,29.4634],[74.5805,29.4613],[74.5877,29.4576],[74.5892,29.4625],[74.5943,29.468],[74.6004,29.4789],[74.5992,29.4851],[74.6015,29.4911],[74.6097,29.5026],[74.6134,29.5095],[74.6206,29.519],[74.6234,29.5261],[74.6204,29.5305],[74.6085,29.5359],[74.6001,29.5425],[74.5908,29.5468],[74.5807,29.5547],[74.5755,29.5626],[74.5796,29.5677],[74.5793,29.5851],[74.5838,29.6136],[74.5861,29.62],[74.5845,29.6265],[74.5904,29.6297],[74.5952,29.6344],[74.5912,29.6433],[74.5877,29.654],[74.5944,29.6742],[74.6001,29.6819],[74.6031,29.6906],[74.6022,29.6999],[74.6083,29.7054],[74.6097,29.7123],[74.6128,29.7206],[74.611,29.7399],[74.6154,29.7459],[74.6148,29.7521],[74.6069,29.7572],[74.602,29.766],[74.5961,29.7678],[74.5876,29.7663],[74.5808,29.7526],[74.5734,29.7539],[74.5587,29.7542],[74.5471,29.7533],[74.5412,29.7488],[74.5351,29.7408],[74.5208,29.7401],[74.5061,29.7413],[74.4924,29.7436],[74.4812,29.7436],[74.4784,29.7578],[74.4746,29.7872],[74.4799,29.8016],[74.49,29.8148],[74.5011,29.8261],[74.5153,29.8321],[74.542,29.8388],[74.557,29.8564],[74.5631,29.8651],[74.5614,29.873],[74.5548,29.8802],[74.5531,29.8882],[74.5433,29.9022],[74.5351,29.9021],[74.5205,29.9039],[74.5146,29.9074],[74.5224,29.9297],[74.5287,29.943],[74.5343,29.9512],[74.5399,29.9446],[74.5587,29.9327],[74.5617,29.9288],[74.5715,29.9288],[74.5826,29.9254],[74.5906,29.9178],[74.5955,29.9142],[74.6317,29.9071],[74.6361,29.9053],[74.6424,29.905],[74.6494,29.9033],[74.6567,29.904],[74.6486,29.9138],[74.6496,29.9218],[74.6587,29.9302],[74.6755,29.941],[74.6908,29.9484],[74.6931,29.9603],[74.7007,29.9685],[74.7054,29.9708],[74.7073,29.9704],[74.7161,29.9681],[74.7339,29.961],[74.7472,29.9682],[74.7607,29.9703],[74.7687,29.9727],[74.7774,29.9718],[74.786,29.9735],[74.7943,29.9795],[74.8045,29.9886],[74.8113,29.9916],[74.8191,29.9895],[74.8268,29.9835],[74.8298,29.9784],[74.8315,29.972],[74.8391,29.9684],[74.8467,29.9631],[74.8597,29.958],[74.8695,29.96],[74.8757,29.9577],[74.8821,29.958],[74.8875,29.9614],[74.8916,29.9672],[74.8955,29.9611],[74.8999,29.9578],[74.9045,29.9517],[74.9032,29.946],[74.8997,29.9438],[74.8953,29.9379],[74.9045,29.9382],[74.9259,29.9479],[74.9342,29.9402],[74.9387,29.9278],[74.942,29.9214],[74.9457,29.9141],[74.9532,29.9012],[74.9679,29.8963],[74.98,29.8885],[74.9795,29.8792],[74.9999,29.8549],[75.0041,29.8617],[75.0157,29.866],[75.0242,29.8631],[75.0336,29.8713],[75.0476,29.8802],[75.0619,29.8732],[75.0705,29.8745],[75.0756,29.8774],[75.0802,29.8917],[75.0879,29.9106],[75.095,29.9135],[75.1,29.91],[75.105,29.9034],[75.1129,29.8953],[75.1133,29.875],[75.1144,29.8714],[75.1107,29.8661],[75.0948,29.8569],[75.0911,29.8524],[75.0913,29.8476],[75.0958,29.8431],[75.1091,29.8396],[75.1142,29.8362],[75.1172,29.8247],[75.1034,29.8175],[75.0991,29.8111],[75.1002,29.8049],[75.1056,29.8025],[75.1123,29.8007],[75.135,29.8038],[75.1415,29.783],[75.1455,29.7785],[75.1517,29.7751],[75.1641,29.7791],[75.1692,29.7823],[75.1649,29.7872],[75.1596,29.7897],[75.159,29.7942],[75.1614,29.7999],[75.1655,29.8179],[75.1701,29.8217],[75.1771,29.823],[75.1853,29.8276],[75.1862,29.8331],[75.1887,29.835]]]},"properties":{"district_name":"Sirsa","raw_district_name":"Sirsa","state_code":"HR","state_name":"Haryana","census_code":79,"data_source":"DataMeet India Maps (Census 2011 Boundaries)"}},{"type":"Feature","geometry":{"type":"Polygon","coordinates":[[[76.7297,28.9678],[76.7315,28.9787],[76.7329,28.9918],[76.7326,29.0025],[76.7325,29.0094],[76.7287,29.0193],[76.7224,29.0276],[76.7063,29.0403],[76.7009,29.0463],[76.693,29.0515],[76.6787,29.0627],[76.6664,29.0655],[76.6569,29.063],[76.6509,29.0591],[76.6393,29.0559],[76.6391,29.0586],[76.6331,29.0604],[76.6118,29.0604],[76.59,29.0644],[76.5719,29.0632],[76.5669,29.0667],[76.5543,29.0855],[76.5506,29.0924],[76.546,29.0988],[76.5401,29.1043],[76.5268,29.0923],[76.52,29.0851],[76.5124,29.0805],[76.5055,29.0808],[76.4987,29.0829],[76.4873,29.0913],[76.4791,29.0963],[76.4806,29.1059],[76.4801,29.114],[76.4857,29.1298],[76.4873,29.1378],[76.4903,29.1439],[76.5035,29.157],[76.5107,29.1617],[76.5143,29.1652],[76.5109,29.1724],[76.5021,29.1819],[76.4928,29.2084],[76.4929,29.2181],[76.482,29.2297],[76.4759,29.2379],[76.4772,29.2426],[76.482,29.2462],[76.4871,29.2411],[76.4978,29.2385],[76.5042,29.2353],[76.5271,29.231],[76.5281,29.2233],[76.5335,29.2163],[76.541,29.2103],[76.5516,29.2098],[76.5608,29.214],[76.5649,29.2227],[76.5665,29.2303],[76.5624,29.241],[76.5604,29.2503],[76.5564,29.2611],[76.5585,29.2738],[76.5617,29.283],[76.5745,29.2858],[76.5997,29.2859],[76.6055,29.2898],[76.6115,29.2901],[76.6197,29.2872],[76.6345,29.2776],[76.6452,29.2764],[76.6521,29.2713],[76.6611,29.2674],[76.6743,29.2674],[76.682,29.2703],[76.7009,29.2629],[76.7112,29.251],[76.7423,29.2608],[76.7573,29.2734],[76.7661,29.2774],[76.7767,29.2774],[76.7857,29.2737],[76.7911,29.27],[76.7936,29.2612],[76.7966,29.2417],[76.8011,29.2265],[76.8275,29.2089],[76.8392,29.206],[76.8674,29.2041],[76.8673,29.2022],[76.8781,29.1944],[76.884,29.1928],[76.8882,29.1975],[76.8938,29.2102],[76.9045,29.2167],[76.9159,29.2192],[76.9296,29.215],[76.9386,29.2094],[76.9507,29.2101],[76.9575,29.2137],[76.9659,29.2193],[76.9746,29.2168],[76.9821,29.2163],[76.9967,29.2175],[77.0008,29.2189],[77.0092,29.2201],[77.0139,29.2169],[77.0106,29.1952],[77.0119,29.1915],[77.0201,29.1884],[77.0294,29.1829],[77.0399,29.1842],[77.049,29.1878],[77.0616,29.1768],[77.0686,29.1771],[77.0839,29.1818],[77.0927,29.1748],[77.0994,29.1653],[77.1028,29.1635],[77.1141,29.1703],[77.1432,29.1667],[77.1381,29.1578],[77.1374,29.1489],[77.1493,29.1296],[77.1469,29.1227],[77.1351,29.1083],[77.1327,29.1006],[77.1351,29.0963],[77.1424,29.0895],[77.1523,29.0816],[77.1599,29.0781],[77.1678,29.0723],[77.173,29.0602],[77.1723,29.0472],[77.1732,29.0434],[77.1871,29.0312],[77.2022,29.016],[77.2144,29.0115],[77.2217,29.0061],[77.2246,29.0014],[77.2248,29.0007],[77.2185,28.9858],[77.2143,28.977],[77.2015,28.9564],[77.2006,28.9504],[77.2013,28.9416],[77.2149,28.9347],[77.2158,28.9312],[77.2072,28.9156],[77.2125,28.9103],[77.2265,28.9061],[77.2319,28.9028],[77.2316,28.8988],[77.2273,28.895],[77.2157,28.8893],[77.2095,28.8874],[77.1921,28.8845],[77.1884,28.8803],[77.1887,28.8747],[77.1935,28.8665],[77.1972,28.8615],[77.194,28.857],[77.1749,28.8554],[77.1699,28.8521],[77.1609,28.8432],[77.1526,28.8372],[77.1495,28.8364],[77.1441,28.8394],[77.1459,28.8474],[77.1454,28.8532],[77.1388,28.8601],[77.12,28.8609],[77.1174,28.8632],[77.1097,28.8672],[77.0936,28.8694],[77.0861,28.8793],[77.0804,28.8748],[77.0759,28.8678],[77.06,28.868],[77.0479,28.8476],[77.0417,28.8316],[77.0348,28.8311],[77.029,28.8319],[77.0168,28.8301],[76.9999,28.834],[76.9936,28.834],[76.9897,28.8316],[76.9838,28.8207],[76.9807,28.82],[76.9709,28.8266],[76.9681,28.8252],[76.9658,28.8149],[76.9583,28.8126],[76.9524,28.8156],[76.9441,28.8212],[76.9338,28.8243],[76.9244,28.8214],[76.9189,28.8226],[76.9172,28.8339],[76.9137,28.8403],[76.9116,28.847],[76.9107,28.8572],[76.9088,28.8602],[76.9029,28.8621],[76.8919,28.868],[76.8799,28.8694],[76.8682,28.8663],[76.8643,28.8619],[76.8589,28.8611],[76.8458,28.8611],[76.8193,28.8591],[76.8122,28.8646],[76.8202,28.8853],[76.8195,28.8909],[76.8272,28.9035],[76.8256,28.9136],[76.8275,28.9207],[76.8188,28.9283],[76.8129,28.9283],[76.7912,28.9257],[76.7837,28.9273],[76.7756,28.9409],[76.7788,28.9445],[76.7774,28.9458],[76.7664,28.9581],[76.7577,28.9636],[76.7437,28.9599],[76.7297,28.9678]]]},"properties":{"district_name":"Sonipat","raw_district_name":"Sonipat","state_code":"HR","state_name":"Haryana","census_code":76,"data_source":"DataMeet India Maps (Census 2011 Boundaries)"}},{"type":"Feature","geometry":{"type":"Polygon","coordinates":[[[77.2121,30.4801],[77.2156,30.4759],[77.225,30.4774],[77.2319,30.4815],[77.2398,30.4841],[77.2465,30.483],[77.255,30.4808],[77.2649,30.4799],[77.2697,30.4769],[77.2739,30.4716],[77.275,30.4665],[77.2766,30.4621],[77.2876,30.4595],[77.2955,30.4573],[77.3068,30.4545],[77.3138,30.452],[77.3232,30.4492],[77.3238,30.449],[77.3298,30.453],[77.3355,30.4575],[77.3393,30.4586],[77.3458,30.4596],[77.3525,30.459],[77.3592,30.4573],[77.3628,30.4526],[77.3666,30.4439],[77.3699,30.4374],[77.3827,30.4412],[77.3893,30.4416],[77.3935,30.4415],[77.395,30.4346],[77.4072,30.4296],[77.4099,30.4258],[77.4085,30.4162],[77.4137,30.414],[77.4207,30.4232],[77.4304,30.4291],[77.4393,30.4364],[77.4487,30.4463],[77.4589,30.4609],[77.4637,30.4605],[77.4695,30.4534],[77.4699,30.4468],[77.4675,30.4413],[77.4665,30.4356],[77.4552,30.4251],[77.4528,30.4196],[77.4388,30.4153],[77.434,30.4121],[77.429,30.4081],[77.4295,30.4036],[77.4435,30.4027],[77.448,30.3989],[77.4561,30.3998],[77.4662,30.4],[77.4741,30.4006],[77.4811,30.407],[77.4906,30.4086],[77.4957,30.4104],[77.5,30.4078],[77.5045,30.4126],[77.5043,30.4202],[77.5061,30.4283],[77.5143,30.4389],[77.5185,30.4436],[77.523,30.444],[77.5275,30.4346],[77.5312,30.4261],[77.5389,30.4123],[77.5424,30.4087],[77.5488,30.4042],[77.5519,30.3971],[77.556,30.3924],[77.5656,30.3885],[77.571,30.3855],[77.5785,30.38],[77.588,30.3796],[77.5976,30.3765],[77.6033,30.3723],[77.6051,30.3659],[77.5959,30.3535],[77.5877,30.342],[77.5829,30.3322],[77.5831,30.3266],[77.588,30.3211],[77.5869,30.314],[77.5833,30.3063],[77.5765,30.3012],[77.5687,30.2976],[77.5583,30.2892],[77.5534,30.286],[77.5451,30.2819],[77.5397,30.2774],[77.5376,30.2731],[77.5354,30.2613],[77.5327,30.2552],[77.5183,30.2373],[77.5088,30.2287],[77.5065,30.2225],[77.5013,30.2138],[77.4967,30.2051],[77.4927,30.1972],[77.4895,30.1901],[77.486,30.1837],[77.4729,30.1789],[77.4687,30.176],[77.4642,30.1687],[77.4595,30.1637],[77.453,30.1643],[77.4478,30.165],[77.4433,30.1615],[77.4362,30.1636],[77.4279,30.1518],[77.424,30.1448],[77.4234,30.141],[77.4275,30.1386],[77.4304,30.1363],[77.4281,30.1286],[77.4252,30.1228],[77.4212,30.1183],[77.4158,30.1161],[77.4105,30.1138],[77.4132,30.1083],[77.4186,30.1064],[77.4226,30.1062],[77.4267,30.1062],[77.427,30.1022],[77.4211,30.0976],[77.4093,30.0908],[77.405,30.0895],[77.3928,30.0881],[77.3859,30.0881],[77.381,30.0867],[77.3694,30.0793],[77.3609,30.0718],[77.3496,30.0634],[77.3441,30.0596],[77.3372,30.0569],[77.3253,30.0557],[77.3153,30.0557],[77.31,30.0555],[77.3042,30.0536],[77.2985,30.0526],[77.2928,30.0477],[77.2886,30.0456],[77.2827,30.0435],[77.2822,30.0394],[77.2841,30.0351],[77.2854,30.0292],[77.282,30.0226],[77.2799,30.0173],[77.2777,30.0132],[77.2766,30.0082],[77.2742,30.0025],[77.2738,30.0008],[77.2754,29.9973],[77.2674,29.9911],[77.267,29.9883],[77.2627,29.9836],[77.2477,29.9763],[77.2453,29.9688],[77.2441,29.9615],[77.2417,29.9571],[77.2371,29.9537],[77.2359,29.9499],[77.2232,29.9359],[77.2,29.9339],[77.1927,29.9365],[77.185,29.9443],[77.1882,29.9518],[77.1826,29.9551],[77.1765,29.9628],[77.1674,29.9683],[77.1645,29.9657],[77.1614,29.9659],[77.1568,29.9694],[77.153,29.9696],[77.1467,29.9671],[77.1408,29.9633],[77.1361,29.9629],[77.1336,29.9656],[77.1363,29.9791],[77.1312,29.9826],[77.1178,29.9894],[77.1173,29.9905],[77.1172,29.9937],[77.1244,30.0046],[77.1242,30.0128],[77.1208,30.014],[77.1111,30.0139],[77.1088,30.0154],[77.1061,30.0196],[77.1063,30.0272],[77.1065,30.0317],[77.1076,30.0337],[77.1099,30.0344],[77.114,30.0358],[77.1143,30.0374],[77.113,30.0433],[77.1115,30.0445],[77.1032,30.0457],[77.0964,30.0466],[77.0934,30.0485],[77.093,30.0504],[77.0921,30.054],[77.0909,30.0582],[77.0848,30.062],[77.0771,30.072],[77.0766,30.0764],[77.0785,30.0771],[77.0817,30.0789],[77.0822,30.0806],[77.0832,30.0823],[77.0834,30.0835],[77.083,30.0841],[77.0835,30.0853],[77.0858,30.0882],[77.0863,30.0898],[77.0862,30.092],[77.0862,30.094],[77.0867,30.0956],[77.0877,30.0967],[77.0897,30.0991],[77.0918,30.1001],[77.0923,30.1006],[77.0879,30.1045],[77.0806,30.1125],[77.0652,30.1226],[77.0679,30.1271],[77.0696,30.1336],[77.0687,30.1411],[77.075,30.1505],[77.0742,30.1575],[77.0713,30.1624],[77.0742,30.1656],[77.0782,30.166],[77.0829,30.1637],[77.0879,30.1616],[77.0908,30.1585],[77.0944,30.1537],[77.0976,30.154],[77.0989,30.1582],[77.1014,30.1627],[77.1045,30.1672],[77.1111,30.1756],[77.1112,30.1756],[77.1112,30.1756],[77.1085,30.1821],[77.1005,30.1873],[77.0939,30.1903],[77.0886,30.1915],[77.0813,30.194],[77.0753,30.1973],[77.074,30.2038],[77.0775,30.2109],[77.085,30.2153],[77.0924,30.2175],[77.093,30.2202],[77.0937,30.2233],[77.1046,30.2247],[77.1123,30.2254],[77.1158,30.2289],[77.1266,30.2296],[77.1294,30.2297],[77.1384,30.2259],[77.1417,30.2229],[77.1469,30.2136],[77.157,30.2183],[77.1601,30.2214],[77.1643,30.228],[77.165,30.2356],[77.1597,30.2424],[77.1554,30.2439],[77.1516,30.244],[77.1489,30.2435],[77.1469,30.2431],[77.1416,30.2407],[77.1367,30.2428],[77.1333,30.2493],[77.1365,30.2539],[77.1392,30.2621],[77.1358,30.269],[77.1404,30.2812],[77.1476,30.285],[77.1555,30.2879],[77.1624,30.2931],[77.1701,30.2972],[77.1709,30.3051],[77.1785,30.3047],[77.1846,30.3061],[77.1898,30.3128],[77.1865,30.3174],[77.1832,30.3235],[77.1882,30.3287],[77.1886,30.3287],[77.1885,30.3289],[77.1832,30.333],[77.1803,30.3375],[77.1733,30.3439],[77.1751,30.3506],[77.1715,30.3543],[77.1691,30.3543],[77.1675,30.3532],[77.1655,30.3514],[77.1634,30.3545],[77.1602,30.3559],[77.1571,30.3534],[77.1534,30.355],[77.1533,30.3589],[77.1553,30.361],[77.1629,30.3618],[77.1689,30.3623],[77.1696,30.3657],[77.1695,30.3706],[77.1694,30.3741],[77.1693,30.3779],[77.1728,30.3825],[77.1796,30.4003],[77.1791,30.4062],[77.1754,30.411],[77.1669,30.4143],[77.1657,30.4146],[77.1656,30.4178],[77.1691,30.4199],[77.1731,30.4228],[77.1729,30.429],[77.1725,30.4325],[77.1715,30.4377],[77.1698,30.4418],[77.1721,30.4491],[77.1744,30.454],[77.1758,30.4607],[77.1816,30.4694],[77.1863,30.4747],[77.189,30.4793],[77.1964,30.4902],[77.2023,30.4937],[77.2095,30.4953],[77.2127,30.496],[77.2127,30.4947],[77.2134,30.4846],[77.2121,30.4801]]]},"properties":{"district_name":"Yamunanagar","raw_district_name":"Yamunanagar","state_code":"HR","state_name":"Haryana","census_code":71,"data_source":"DataMeet India Maps (Census 2011 Boundaries)"}},{"type":"Feature","geometry":{"type":"Polygon","coordinates":[[[76.6125,29.4745],[76.6191,29.4762],[76.6242,29.4752],[76.629,29.4729],[76.6357,29.4728],[76.6422,29.4727],[76.6573,29.492],[76.6581,29.493],[76.6592,29.4928],[76.6595,29.4927],[76.6612,29.4922],[76.6656,29.4892],[76.6926,29.4782],[76.7002,29.4769],[76.7073,29.4776],[76.7159,29.4819],[76.7233,29.4834],[76.7321,29.4829],[76.7401,29.48],[76.7493,29.4741],[76.756,29.4676],[76.7556,29.4664],[76.7503,29.452],[76.7485,29.4431],[76.7433,29.4329],[76.7361,29.4234],[76.7338,29.4154],[76.7366,29.4069],[76.7343,29.3984],[76.7336,29.3926],[76.7278,29.3895],[76.7198,29.3887],[76.7093,29.3834],[76.6957,29.3851],[76.6909,29.3801],[76.6814,29.3778],[76.672,29.3775],[76.6678,29.3734],[76.6567,29.3719],[76.65,29.3688],[76.6476,29.3634],[76.6474,29.3566],[76.6484,29.3457],[76.6468,29.3382],[76.6423,29.3322],[76.6353,29.3165],[76.6398,29.3112],[76.6422,29.2948],[76.6476,29.29],[76.6527,29.2877],[76.6636,29.2804],[76.6809,29.2772],[76.682,29.2703],[76.6743,29.2674],[76.6611,29.2674],[76.6521,29.2713],[76.6452,29.2764],[76.6345,29.2776],[76.6197,29.2872],[76.6115,29.2901],[76.6055,29.2898],[76.5997,29.2859],[76.5745,29.2858],[76.5617,29.283],[76.5585,29.2738],[76.5564,29.2611],[76.5604,29.2503],[76.5624,29.241],[76.5665,29.2303],[76.5649,29.2227],[76.5608,29.214],[76.5516,29.2098],[76.541,29.2103],[76.5335,29.2163],[76.5281,29.2233],[76.5271,29.231],[76.5042,29.2353],[76.4978,29.2385],[76.4871,29.2411],[76.482,29.2462],[76.4772,29.2426],[76.4759,29.2379],[76.482,29.2297],[76.4929,29.2181],[76.4928,29.2084],[76.5021,29.1819],[76.5109,29.1724],[76.5143,29.1652],[76.5107,29.1617],[76.5035,29.157],[76.4903,29.1439],[76.4873,29.1378],[76.4857,29.1298],[76.4801,29.114],[76.4806,29.1059],[76.4791,29.0963],[76.4726,29.0834],[76.4612,29.0665],[76.4555,29.0624],[76.4465,29.0599],[76.4401,29.0611],[76.4307,29.0653],[76.4242,29.0716],[76.4121,29.0792],[76.4048,29.0809],[76.3963,29.078],[76.3907,29.0744],[76.381,29.0731],[76.3514,29.0867],[76.3409,29.0859],[76.3323,29.0875],[76.3015,29.0868],[76.3027,29.0922],[76.3112,29.1028],[76.314,29.1076],[76.3057,29.1185],[76.3041,29.1226],[76.2993,29.135],[76.2976,29.1509],[76.2968,29.1584],[76.2953,29.1796],[76.2913,29.1881],[76.2845,29.1945],[76.2771,29.1952],[76.2575,29.1983],[76.2423,29.203],[76.2346,29.2084],[76.2306,29.2203],[76.2276,29.2293],[76.2274,29.23],[76.2163,29.2425],[76.2141,29.2478],[76.2078,29.2632],[76.2008,29.2683],[76.1887,29.277],[76.1883,29.284],[76.1945,29.2936],[76.2014,29.3043],[76.2072,29.3144],[76.2072,29.3207],[76.2072,29.3207],[76.1886,29.3317],[76.1835,29.3351],[76.1886,29.3421],[76.1897,29.3437],[76.1902,29.3439],[76.1924,29.3454],[76.2073,29.355],[76.2086,29.3553],[76.2224,29.3582],[76.2368,29.3538],[76.2474,29.3534],[76.2524,29.3615],[76.2506,29.3697],[76.2413,29.379],[76.2307,29.3875],[76.1994,29.3998],[76.1981,29.4003],[76.1825,29.405],[76.1815,29.4053],[76.1811,29.4054],[76.179,29.406],[76.1612,29.4086],[76.1609,29.4084],[76.1418,29.3931],[76.1382,29.3902],[76.1381,29.3902],[76.1322,29.3887],[76.1232,29.395],[76.1106,29.4001],[76.094,29.4012],[76.0921,29.4054],[76.0885,29.4135],[76.0869,29.426],[76.0816,29.4317],[76.0791,29.4346],[76.0691,29.433],[76.0546,29.4308],[76.0465,29.4237],[76.0347,29.4158],[76.0266,29.4228],[76.0266,29.4295],[76.0158,29.4416],[76,29.4474],[75.9935,29.4521],[75.9931,29.4587],[75.9937,29.4606],[75.9962,29.4685],[76.0014,29.4713],[76.0037,29.4744],[76.0037,29.4751],[76.0037,29.4757],[76.0036,29.4763],[76.0034,29.4769],[76.0032,29.4775],[76.0028,29.4781],[76.0023,29.4786],[76.0018,29.479],[76.0013,29.4794],[76,29.48],[75.9967,29.4824],[75.9905,29.4843],[75.9819,29.4864],[75.9633,29.4936],[75.9408,29.4984],[75.9361,29.5034],[75.9356,29.5091],[75.9375,29.5156],[75.9431,29.522],[75.9485,29.5261],[75.9599,29.5434],[75.9624,29.5516],[75.9599,29.5655],[75.9592,29.5719],[75.9589,29.5743],[75.9604,29.5776],[75.9607,29.5781],[75.9617,29.5843],[75.9571,29.5933],[75.95,29.5966],[75.9507,29.6055],[75.9542,29.6107],[75.9551,29.6188],[75.9552,29.6218],[75.9486,29.6363],[75.9451,29.6471],[75.9467,29.6569],[75.9489,29.6615],[75.9515,29.6669],[75.9488,29.6709],[75.9445,29.6772],[75.9377,29.6837],[75.9373,29.6903],[75.9389,29.6973],[75.9401,29.6993],[75.9412,29.7013],[75.9447,29.7074],[75.9483,29.7182],[75.9494,29.7301],[75.9531,29.7309],[75.9608,29.7305],[75.9682,29.7287],[75.9756,29.728],[75.9833,29.7289],[75.9908,29.7327],[76.0001,29.7389],[76.0146,29.7475],[76.0221,29.7493],[76.0284,29.7526],[76.0351,29.7521],[76.0425,29.7474],[76.0465,29.7432],[76.0523,29.7452],[76.0693,29.7696],[76.0741,29.7739],[76.0808,29.7725],[76.0853,29.7777],[76.0864,29.7844],[76.0865,29.7935],[76.0886,29.8022],[76.097,29.8064],[76.1016,29.8073],[76.1054,29.808],[76.1142,29.8048],[76.1213,29.7997],[76.1274,29.7928],[76.1324,29.7959],[76.1382,29.8018],[76.1431,29.8084],[76.1503,29.8131],[76.1642,29.8126],[76.1777,29.8147],[76.1969,29.8276],[76.2005,29.8368],[76.2053,29.8413],[76.2134,29.8416],[76.2192,29.8396],[76.2197,29.8247],[76.2212,29.8143],[76.2215,29.8038],[76.2182,29.7963],[76.2124,29.7888],[76.2091,29.7762],[76.2043,29.7761],[76.2047,29.7634],[76.2062,29.753],[76.2005,29.7423],[76.1889,29.7305],[76.1818,29.724],[76.1786,29.7124],[76.1812,29.7061],[76.1798,29.7009],[76.1761,29.6939],[76.1771,29.6864],[76.1836,29.6783],[76.1892,29.675],[76.1949,29.669],[76.1951,29.6628],[76.1929,29.658],[76.197,29.6526],[76.2002,29.6499],[76.1983,29.6361],[76.1994,29.6265],[76.2012,29.619],[76.2091,29.6179],[76.2279,29.6183],[76.2374,29.6151],[76.2416,29.6056],[76.2421,29.5912],[76.2431,29.583],[76.2449,29.5761],[76.2552,29.573],[76.2664,29.5657],[76.2674,29.5581],[76.2732,29.5473],[76.2851,29.5462],[76.292,29.5512],[76.2995,29.5616],[76.3,29.5726],[76.3076,29.5783],[76.3288,29.5801],[76.3358,29.581],[76.3453,29.5816],[76.3449,29.5811],[76.3613,29.5778],[76.3669,29.5774],[76.3704,29.5758],[76.3724,29.5684],[76.3717,29.5579],[76.3721,29.544],[76.3766,29.5394],[76.3912,29.5351],[76.4042,29.5354],[76.4187,29.5361],[76.4234,29.5388],[76.4315,29.5432],[76.4435,29.5443],[76.4489,29.5419],[76.4515,29.5364],[76.4602,29.5333],[76.4636,29.5333],[76.4694,29.5339],[76.4755,29.5395],[76.4841,29.5418],[76.4876,29.536],[76.4845,29.5287],[76.4803,29.5223],[76.4799,29.5185],[76.4916,29.5146],[76.4937,29.516],[76.4928,29.5147],[76.4953,29.5083],[76.5015,29.4967],[76.5082,29.4935],[76.5092,29.4852],[76.5017,29.481],[76.4852,29.4825],[76.4817,29.4719],[76.4776,29.4648],[76.4748,29.4447],[76.4686,29.4344],[76.466,29.4255],[76.4541,29.4208],[76.4539,29.4087],[76.4541,29.4042],[76.4709,29.3995],[76.4803,29.403],[76.4842,29.4066],[76.4863,29.4089],[76.4921,29.4084],[76.4976,29.4075],[76.4998,29.4069],[76.5059,29.4058],[76.5124,29.4085],[76.5152,29.4114],[76.5179,29.4184],[76.526,29.4288],[76.5294,29.4342],[76.5365,29.4404],[76.5457,29.4501],[76.5523,29.4578],[76.5568,29.4586],[76.5674,29.4631],[76.5725,29.4629],[76.5769,29.4642],[76.5809,29.4674],[76.5854,29.4687],[76.5942,29.4698],[76.6025,29.4737],[76.6081,29.4734],[76.6125,29.4745]]]},"properties":{"district_name":"Jind","raw_district_name":"Jind","state_code":"HR","state_name":"Haryana","census_code":77,"data_source":"DataMeet India Maps (Census 2011 Boundaries)"}}]}