{"type":"FeatureCollection","properties":{"state_code":"JH","state_name":"Jharkhand","data_source":"DataMeet India Maps"},"features":[{"type":"Feature","geometry":{"type":"Polygon","coordinates":[[[85.9197,23.9558],[85.9198,23.9542],[85.9255,23.9513],[85.9287,23.9479],[85.9309,23.9426],[85.9314,23.9353],[85.9301,23.9285],[85.9312,23.926],[85.9347,23.9265],[85.9409,23.9295],[85.9429,23.9305],[85.9453,23.9327],[85.9471,23.9327],[85.9503,23.9297],[85.9521,23.9252],[85.9525,23.919],[85.9529,23.9111],[85.9539,23.9073],[85.9573,23.9005],[85.96,23.8988],[85.9686,23.8978],[85.9775,23.8983],[85.9835,23.9001],[85.9883,23.902],[85.9987,23.9064],[86.0015,23.9079],[86.006,23.9097],[86.0099,23.9111],[86.018,23.9113],[86.0221,23.9093],[86.0252,23.9055],[86.0267,23.9018],[86.0287,23.8999],[86.0321,23.8987],[86.0359,23.8991],[86.0432,23.9018],[86.0514,23.9036],[86.0567,23.9019],[86.0625,23.8983],[86.0713,23.8954],[86.0948,23.8892],[86.1124,23.8907],[86.1133,23.8926],[86.1191,23.894],[86.1147,23.8887],[86.1157,23.8863],[86.1181,23.8857],[86.1226,23.8875],[86.1221,23.8838],[86.1195,23.8805],[86.1201,23.8779],[86.1225,23.8752],[86.1209,23.8688],[86.1224,23.8667],[86.1279,23.8664],[86.1314,23.8621],[86.135,23.8627],[86.1407,23.8606],[86.1416,23.8577],[86.1395,23.8541],[86.1402,23.8518],[86.1437,23.8476],[86.1421,23.8447],[86.1388,23.843],[86.1383,23.8412],[86.1433,23.8343],[86.145,23.8305],[86.147,23.8288],[86.1525,23.8306],[86.1589,23.8285],[86.1632,23.8293],[86.1655,23.8133],[86.1622,23.8023],[86.1641,23.7938],[86.1657,23.7894],[86.169,23.7859],[86.1751,23.7836],[86.1745,23.7777],[86.1758,23.7751],[86.1792,23.7725],[86.1838,23.7707],[86.1863,23.7681],[86.1841,23.7632],[86.189,23.7598],[86.1907,23.7477],[86.1878,23.7429],[86.1884,23.7341],[86.1831,23.7317],[86.1805,23.7276],[86.1719,23.7281],[86.1719,23.728],[86.18,23.7223],[86.1877,23.7191],[86.198,23.7158],[86.2046,23.7123],[86.2087,23.7109],[86.2139,23.7089],[86.2245,23.7075],[86.2336,23.7069],[86.2439,23.7069],[86.2588,23.7079],[86.2629,23.7059],[86.2757,23.707],[86.2995,23.7039],[86.3081,23.7037],[86.3129,23.7042],[86.3568,23.7017],[86.3718,23.702],[86.3772,23.6909],[86.3798,23.6843],[86.3828,23.6798],[86.3868,23.6754],[86.3915,23.6716],[86.3974,23.6679],[86.4035,23.6653],[86.41,23.6642],[86.4163,23.6621],[86.4226,23.6587],[86.4267,23.6403],[86.4341,23.6308],[86.4409,23.6237],[86.4447,23.6217],[86.4454,23.6186],[86.4454,23.611],[86.4404,23.6104],[86.4363,23.613],[86.4331,23.6123],[86.4305,23.6068],[86.424,23.6053],[86.4194,23.6033],[86.4162,23.6],[86.412,23.5899],[86.406,23.5914],[86.3953,23.5907],[86.3928,23.5873],[86.3868,23.5863],[86.388,23.5809],[86.3876,23.5775],[86.3887,23.574],[86.384,23.5708],[86.3807,23.5705],[86.3789,23.5633],[86.3737,23.5612],[86.3706,23.559],[86.3701,23.5533],[86.3674,23.5516],[86.3663,23.5481],[86.3638,23.545],[86.3663,23.5405],[86.3646,23.5356],[86.3655,23.5327],[86.3697,23.5301],[86.3708,23.5275],[86.3734,23.5246],[86.3728,23.5209],[86.3709,23.5175],[86.3627,23.5149],[86.3629,23.5123],[86.3595,23.4985],[86.3644,23.4916],[86.3679,23.4939],[86.3764,23.4923],[86.3779,23.4881],[86.3778,23.4847],[86.3763,23.4837],[86.3743,23.486],[86.3702,23.4842],[86.3613,23.4836],[86.3548,23.4746],[86.358,23.4703],[86.3577,23.4657],[86.3529,23.4633],[86.3437,23.4632],[86.3441,23.4591],[86.3462,23.4545],[86.3372,23.4493],[86.3351,23.4503],[86.3345,23.4571],[86.332,23.4597],[86.3271,23.4566],[86.321,23.4548],[86.3179,23.4507],[86.3123,23.4503],[86.306,23.4458],[86.3062,23.4427],[86.3116,23.4383],[86.3158,23.4397],[86.3181,23.4394],[86.3187,23.4335],[86.3201,23.4304],[86.3192,23.4282],[86.3058,23.4222],[86.2955,23.425],[86.2882,23.4296],[86.287,23.4375],[86.2865,23.4417],[86.2843,23.4432],[86.2793,23.441],[86.2731,23.4421],[86.2722,23.44],[86.2696,23.4387],[86.2637,23.4403],[86.2583,23.4396],[86.2559,23.4377],[86.2525,23.4362],[86.2538,23.4329],[86.2589,23.427],[86.2567,23.4243],[86.2523,23.4213],[86.2491,23.4217],[86.2458,23.4247],[86.245,23.4278],[86.2454,23.4338],[86.237,23.4316],[86.2306,23.4378],[86.2309,23.4449],[86.2333,23.4517],[86.2411,23.458],[86.2446,23.4717],[86.2382,23.4728],[86.2312,23.4719],[86.2291,23.4668],[86.23,23.4593],[86.2269,23.458],[86.2156,23.4613],[86.2092,23.4607],[86.2055,23.4661],[86.2013,23.4655],[86.1977,23.4664],[86.1927,23.4704],[86.187,23.4689],[86.1847,23.4697],[86.1851,23.4771],[86.1783,23.4805],[86.1739,23.4781],[86.1589,23.479],[86.1515,23.4751],[86.1487,23.4793],[86.1493,23.4832],[86.1518,23.4881],[86.1512,23.496],[86.1611,23.5062],[86.1593,23.5117],[86.1605,23.5211],[86.1489,23.5293],[86.1503,23.5371],[86.1557,23.5431],[86.1587,23.5501],[86.1593,23.5535],[86.1545,23.5574],[86.1523,23.5605],[86.1544,23.5658],[86.1542,23.5673],[86.1508,23.5696],[86.1446,23.5719],[86.1421,23.5711],[86.1378,23.5681],[86.1327,23.5686],[86.1255,23.5758],[86.1163,23.5726],[86.1109,23.5738],[86.1076,23.5757],[86.1044,23.5728],[86.0996,23.5718],[86.094,23.5695],[86.0887,23.5704],[86.0788,23.57],[86.0775,23.5803],[86.0714,23.5825],[86.0574,23.5807],[86.053,23.5857],[86.0435,23.5853],[86.0414,23.5769],[86.0362,23.5766],[86.0312,23.5741],[86.0237,23.5654],[86.0171,23.563],[86.0169,23.5535],[86.0272,23.5473],[86.0247,23.5443],[86.0311,23.5336],[86.0331,23.5261],[86.0376,23.5228],[86.0388,23.5199],[86.0388,23.5067],[86.0547,23.5045],[86.0569,23.5035],[86.0576,23.5009],[86.0533,23.4956],[86.0474,23.4922],[86.0418,23.4922],[86.0352,23.4891],[86.0317,23.49],[86.0264,23.4898],[86.0215,23.4871],[86.0163,23.4851],[86.0117,23.4846],[86.0075,23.4807],[86.0008,23.4774],[85.9965,23.4783],[85.9818,23.4726],[85.9739,23.4673],[85.9633,23.4638],[85.959,23.4615],[85.9559,23.4574],[85.95,23.4565],[85.9441,23.4571],[85.9237,23.4642],[85.9189,23.4692],[85.9125,23.4736],[85.8974,23.4778],[85.8838,23.4777],[85.8892,23.4827],[85.8893,23.4847],[85.8853,23.4861],[85.8867,23.4884],[85.8858,23.4897],[85.8838,23.4902],[85.883,23.4921],[85.8784,23.4944],[85.8775,23.497],[85.8701,23.4985],[85.8698,23.5004],[85.8677,23.503],[85.8637,23.5042],[85.8609,23.5042],[85.8564,23.5015],[85.8531,23.5002],[85.8487,23.5],[85.8424,23.501],[85.8394,23.5035],[85.8387,23.5067],[85.8395,23.5106],[85.8428,23.5178],[85.8417,23.521],[85.8353,23.5244],[85.8311,23.5249],[85.8236,23.5353],[85.8268,23.5388],[85.8383,23.5422],[85.8404,23.5491],[85.8428,23.5495],[85.8411,23.5537],[85.8351,23.5617],[85.8265,23.561],[85.8234,23.563],[85.8194,23.5622],[85.8155,23.5627],[85.8109,23.5801],[85.81,23.5895],[85.8068,23.5935],[85.8042,23.5996],[85.8007,23.6016],[85.7984,23.6072],[85.7976,23.6077],[85.7932,23.6055],[85.7944,23.6131],[85.7895,23.6149],[85.7935,23.6215],[85.7857,23.6265],[85.7844,23.6309],[85.7821,23.6332],[85.7749,23.6353],[85.7719,23.6399],[85.7739,23.6567],[85.7735,23.6602],[85.7713,23.6661],[85.7681,23.6711],[85.7643,23.6734],[85.7611,23.6729],[85.7585,23.667],[85.756,23.6555],[85.752,23.6476],[85.7411,23.6401],[85.7367,23.6392],[85.732,23.6398],[85.7284,23.6375],[85.7238,23.6263],[85.7192,23.6199],[85.7144,23.6177],[85.7116,23.6182],[85.7052,23.6233],[85.7028,23.6285],[85.7001,23.6294],[85.6925,23.6254],[85.6877,23.6291],[85.6841,23.6315],[85.6804,23.6302],[85.6793,23.6268],[85.6801,23.6234],[85.679,23.6206],[85.6742,23.6198],[85.6712,23.6173],[85.6719,23.615],[85.6698,23.6132],[85.6663,23.6137],[85.6648,23.611],[85.6662,23.6079],[85.6662,23.6051],[85.6639,23.6008],[85.6553,23.5908],[85.6486,23.5924],[85.6455,23.5946],[85.638,23.5977],[85.6344,23.6],[85.6322,23.6044],[85.6267,23.6115],[85.623,23.6142],[85.6195,23.6155],[85.6161,23.6157],[85.6151,23.6222],[85.6166,23.6576],[85.6159,23.667],[85.6185,23.6699],[85.6184,23.6744],[85.6108,23.6837],[85.6106,23.6864],[85.6182,23.6929],[85.6203,23.6958],[85.6218,23.7057],[85.6221,23.7157],[85.6209,23.7269],[85.6166,23.7316],[85.6167,23.7493],[85.6301,23.7539],[85.6328,23.7571],[85.6342,23.7603],[85.6382,23.7638],[85.6422,23.7685],[85.6497,23.7731],[85.651,23.781],[85.6507,23.7905],[85.655,23.7964],[85.6536,23.8049],[85.6512,23.8061],[85.6464,23.805],[85.6413,23.805],[85.6374,23.7894],[85.6348,23.7866],[85.6268,23.7831],[85.6217,23.7792],[85.6179,23.7787],[85.6128,23.7803],[85.6103,23.7878],[85.6085,23.7893],[85.6051,23.7904],[85.6037,23.7939],[85.6004,23.7958],[85.5974,23.7999],[85.5949,23.8082],[85.5991,23.8146],[85.5983,23.818],[85.5927,23.8284],[85.5923,23.8316],[85.5833,23.8351],[85.5861,23.8409],[85.5895,23.8446],[85.5937,23.8467],[85.615,23.854],[85.6173,23.8557],[85.6186,23.8615],[85.6152,23.8695],[85.6129,23.8731],[85.6129,23.8784],[85.6151,23.8872],[85.6228,23.8942],[85.6345,23.9021],[85.6396,23.9051],[85.6494,23.9088],[85.6519,23.9127],[85.659,23.916],[85.6618,23.9182],[85.6603,23.9201],[85.6571,23.922],[85.6569,23.9264],[85.6498,23.9296],[85.6472,23.9321],[85.6472,23.9331],[85.6469,23.9362],[85.6496,23.9404],[85.6614,23.9395],[85.6668,23.9408],[85.6718,23.9431],[85.6746,23.9514],[85.6725,23.9548],[85.6687,23.9578],[85.6693,23.9586],[85.6765,23.9595],[85.6777,23.9662],[85.6793,23.9686],[85.6818,23.9659],[85.6849,23.9654],[85.6916,23.9666],[85.6995,23.9629],[85.7016,23.9609],[85.7005,23.957],[85.6953,23.9577],[85.692,23.9559],[85.6877,23.9491],[85.6885,23.944],[85.7045,23.9215],[85.7122,23.9157],[85.7179,23.9164],[85.7194,23.9116],[85.7199,23.9056],[85.7235,23.904],[85.725,23.9079],[85.7253,23.9118],[85.7277,23.9154],[85.7343,23.9221],[85.7443,23.9266],[85.7425,23.9301],[85.7442,23.933],[85.7474,23.9339],[85.7498,23.9304],[85.7531,23.9286],[85.7677,23.9266],[85.7699,23.9237],[85.7677,23.9103],[85.7724,23.905],[85.7792,23.9005],[85.7866,23.9004],[85.7868,23.8969],[85.7888,23.8863],[85.7922,23.8835],[85.8021,23.8814],[85.8038,23.8792],[85.8009,23.8739],[85.8018,23.8706],[85.8043,23.8686],[85.8059,23.866],[85.8052,23.8636],[85.8064,23.8612],[85.8095,23.8595],[85.8078,23.8567],[85.8077,23.8463],[85.8158,23.8416],[85.8178,23.8388],[85.8167,23.8337],[85.8308,23.8319],[85.834,23.8321],[85.8385,23.8296],[85.8437,23.8369],[85.8478,23.8403],[85.8641,23.8504],[85.8667,23.8541],[85.867,23.8575],[85.8685,23.8612],[85.8682,23.8658],[85.8704,23.8688],[85.872,23.8727],[85.8746,23.8772],[85.8811,23.8856],[85.8841,23.8917],[85.8885,23.896],[85.8906,23.9013],[85.8904,23.9066],[85.8913,23.9115],[85.8864,23.9138],[85.8856,23.9171],[85.886,23.9206],[85.8883,23.9264],[85.8886,23.9308],[85.8874,23.9356],[85.8855,23.9382],[85.8845,23.9415],[85.8877,23.9495],[85.8902,23.9532],[85.8936,23.9545],[85.8976,23.9525],[85.9007,23.9537],[85.9035,23.9528],[85.9076,23.9487],[85.9144,23.9454],[85.9137,23.9535],[85.9152,23.9553],[85.9197,23.9558]]]},"properties":{"district_name":"Bokaro","raw_district_name":"Bokaro","state_code":"JH","state_name":"Jharkhand","census_code":355,"data_source":"DataMeet India Maps (Census 2011 Boundaries)"}},{"type":"Feature","geometry":{"type":"MultiPolygon","coordinates":[[[[84.8027,24.5293],[84.809,24.521],[84.8268,24.5247],[84.84,24.5114],[84.8353,24.4859],[84.8345,24.47],[84.8408,24.4695],[84.8401,24.4611],[84.8379,24.4592],[84.8417,24.4525],[84.8493,24.4554],[84.8548,24.4659],[84.8646,24.4607],[84.8643,24.4575],[84.8671,24.4566],[84.8702,24.4576],[84.8747,24.4669],[84.88,24.4658],[84.8835,24.4628],[84.8875,24.4628],[84.8853,24.4438],[84.8873,24.432],[84.8852,24.4227],[84.8896,24.4171],[84.8992,24.3986],[84.9054,24.3939],[84.9077,24.3822],[84.9017,24.3751],[84.9052,24.3722],[84.9105,24.3724],[84.9202,24.3758],[84.9326,24.3782],[84.9422,24.3766],[84.9551,24.3719],[84.9758,24.3761],[84.9976,24.4123],[85.0179,24.4162],[85.0218,24.4192],[85.0279,24.4221],[85.0393,24.4255],[85.0429,24.4232],[85.0467,24.4243],[85.0494,24.4184],[85.0605,24.4153],[85.0646,24.4166],[85.0676,24.4248],[85.0718,24.4307],[85.0762,24.4358],[85.0833,24.44],[85.0828,24.4219],[85.0809,24.4132],[85.0817,24.4086],[85.0802,24.4067],[85.0775,24.4054],[85.0764,24.4014],[85.0781,24.3999],[85.0726,24.387],[85.0878,24.381],[85.0878,24.381],[85.0839,24.3714],[85.0846,24.3656],[85.0863,24.36],[85.0946,24.3515],[85.0988,24.3457],[85.1028,24.3362],[85.1059,24.3387],[85.1096,24.3403],[85.1187,24.3402],[85.1279,24.3388],[85.1322,24.3365],[85.1395,24.3412],[85.1402,24.3532],[85.1378,24.361],[85.1402,24.3622],[85.146,24.3621],[85.1536,24.3613],[85.1609,24.3561],[85.1644,24.3556],[85.1674,24.3463],[85.1719,24.3446],[85.1832,24.3443],[85.1864,24.3422],[85.1871,24.3389],[85.1889,24.3373],[85.1936,24.3363],[85.1962,24.3334],[85.2007,24.334],[85.2075,24.3444],[85.2129,24.3465],[85.2233,24.3482],[85.2286,24.349],[85.2322,24.3513],[85.2368,24.3505],[85.242,24.3508],[85.2483,24.3498],[85.2579,24.348],[85.2626,24.347],[85.2673,24.345],[85.2719,24.3449],[85.283,24.3426],[85.289,24.343],[85.2938,24.3461],[85.2987,24.3461],[85.305,24.3418],[85.3147,24.3379],[85.33,24.3276],[85.335,24.3268],[85.3428,24.3223],[85.352,24.3212],[85.3506,24.3178],[85.343,24.3128],[85.3391,24.3107],[85.3356,24.3125],[85.3359,24.3157],[85.3331,24.3186],[85.3252,24.3195],[85.3227,24.3158],[85.3236,24.3117],[85.3261,24.3092],[85.3262,24.3036],[85.3199,24.3015],[85.3206,24.2868],[85.3196,24.2828],[85.3196,24.2828],[85.3192,24.2815],[85.319,24.2785],[85.319,24.2785],[85.319,24.2785],[85.3186,24.2741],[85.3172,24.2732],[85.3156,24.2722],[85.3144,24.2687],[85.3156,24.2668],[85.3164,24.2656],[85.3142,24.2602],[85.3133,24.2578],[85.3077,24.2513],[85.3017,24.248],[85.3,24.2444],[85.3023,24.2351],[85.2968,24.2314],[85.3007,24.2277],[85.3018,24.2267],[85.303,24.2196],[85.3026,24.2118],[85.3,24.2103],[85.2931,24.2108],[85.2905,24.2103],[85.2905,24.2103],[85.2889,24.2101],[85.2853,24.2171],[85.2692,24.2256],[85.2596,24.2259],[85.2499,24.225],[85.2394,24.2318],[85.2353,24.2327],[85.2268,24.2317],[85.2227,24.2321],[85.2124,24.2304],[85.2026,24.2359],[85.1972,24.2375],[85.1884,24.2374],[85.1805,24.2384],[85.1702,24.2372],[85.1667,24.2377],[85.1602,24.2407],[85.1518,24.2295],[85.1478,24.2258],[85.1467,24.2215],[85.1446,24.2185],[85.1455,24.2153],[85.1401,24.2101],[85.1412,24.2054],[85.1465,24.1987],[85.1482,24.1916],[85.1465,24.1861],[85.1462,24.1799],[85.1427,24.1687],[85.1479,24.1694],[85.1512,24.1681],[85.1591,24.1492],[85.1676,24.1399],[85.1716,24.1344],[85.17,24.1318],[85.1671,24.1308],[85.1651,24.1283],[85.1685,24.1278],[85.17,24.1253],[85.1677,24.123],[85.1716,24.1216],[85.1707,24.1148],[85.1718,24.1107],[85.1746,24.109],[85.1829,24.1073],[85.1902,24.1042],[85.1956,24.1],[85.202,24.0963],[85.2041,24.0941],[85.2132,24.0902],[85.2203,24.0892],[85.2271,24.087],[85.2409,24.0776],[85.2445,24.073],[85.2467,24.0651],[85.2443,24.0531],[85.2452,24.0464],[85.2508,24.0305],[85.251,24.0274],[85.2488,24.0259],[85.2376,24.0227],[85.2292,24.0207],[85.2249,24.0083],[85.224,24.0007],[85.2151,23.9953],[85.2133,23.9861],[85.2104,23.9819],[85.2057,23.9779],[85.2027,23.9728],[85.2024,23.9677],[85.2032,23.9616],[85.1993,23.9594],[85.1959,23.9542],[85.1878,23.9494],[85.1834,23.9504],[85.1799,23.9518],[85.1718,23.9552],[85.152,23.9565],[85.1462,23.9547],[85.14,23.9591],[85.1359,23.9636],[85.1371,23.9677],[85.1328,23.9721],[85.1241,23.9767],[85.1191,23.9778],[85.1168,23.9755],[85.1074,23.9802],[85.105,23.9787],[85.0962,23.9792],[85.0903,23.9738],[85.0833,23.963],[85.0728,23.9652],[85.0785,23.9757],[85.0782,23.9822],[85.0743,23.9873],[85.0607,23.9877],[85.0569,23.9886],[85.0462,23.9883],[85.0443,23.9875],[85.0374,23.9867],[85.0351,23.9846],[85.0324,23.9776],[85.0337,23.9737],[85.0336,23.9678],[85.041,23.9675],[85.0464,23.9648],[85.0531,23.9636],[85.0553,23.9623],[85.0552,23.9578],[85.0486,23.9536],[85.0438,23.9493],[85.0394,23.9439],[85.044,23.9343],[85.0411,23.9323],[85.0398,23.9294],[85.0417,23.9259],[85.046,23.9241],[85.0445,23.9184],[85.026,23.9187],[85.0181,23.9028],[85.0224,23.8963],[85.0221,23.8907],[85.0232,23.8866],[85.0345,23.8805],[85.0308,23.8731],[85.032,23.8715],[85.0285,23.8674],[85.0295,23.8622],[85.0368,23.8555],[85.0462,23.8494],[85.0486,23.8469],[85.0524,23.8449],[85.0578,23.8384],[85.059,23.8346],[85.0577,23.8301],[85.0519,23.8303],[85.0469,23.8313],[85.0461,23.8258],[85.047,23.8177],[85.0441,23.8156],[85.0457,23.8104],[85.0455,23.8071],[85.0451,23.8001],[85.0473,23.7967],[85.0487,23.7919],[85.0493,23.7861],[85.0483,23.7818],[85.0456,23.777],[85.0476,23.7707],[85.0473,23.7657],[85.0487,23.756],[85.0486,23.7489],[85.0524,23.7452],[85.0614,23.739],[85.0635,23.7334],[85.0602,23.7316],[85.0548,23.7357],[85.0515,23.7365],[85.0475,23.7358],[85.0458,23.7334],[85.0459,23.7314],[85.05,23.7309],[85.0506,23.7262],[85.0547,23.7247],[85.0548,23.7186],[85.0538,23.7135],[85.0538,23.7135],[85.0538,23.7135],[85.0497,23.7113],[85.0486,23.7078],[85.0466,23.7058],[85.0414,23.7033],[85.0412,23.6995],[85.0385,23.693],[85.0361,23.6896],[85.0326,23.6891],[85.0177,23.687],[85.0155,23.6913],[85.0117,23.6929],[85.0114,23.6868],[85.0072,23.6783],[84.9975,23.6812],[84.9923,23.6894],[84.9896,23.7],[84.9877,23.7035],[84.9786,23.706],[84.976,23.7078],[84.9725,23.7147],[84.9686,23.715],[84.9639,23.7138],[84.961,23.712],[84.9614,23.7214],[84.9411,23.7271],[84.9385,23.729],[84.9357,23.7371],[84.9286,23.7511],[84.9272,23.7633],[84.9278,23.7679],[84.9212,23.7704],[84.9099,23.7717],[84.903,23.7751],[84.9041,23.7836],[84.907,23.7884],[84.9062,23.7912],[84.9075,23.7967],[84.909,23.7996],[84.912,23.8018],[84.9176,23.8043],[84.9396,23.8021],[84.9449,23.8026],[84.9463,23.8188],[84.9445,23.8243],[84.9477,23.8289],[84.9483,23.8351],[84.9477,23.8424],[84.9432,23.8527],[84.9328,23.856],[84.9294,23.8584],[84.9307,23.8616],[84.9342,23.8665],[84.9397,23.8699],[84.9461,23.8719],[84.9496,23.8743],[84.9496,23.8814],[84.9483,23.8819],[84.9458,23.8914],[84.9401,23.9057],[84.9349,23.9104],[84.9268,23.9118],[84.9266,23.9155],[84.9291,23.9201],[84.9303,23.9271],[84.9333,23.9307],[84.9352,23.9348],[84.9333,23.9398],[84.9251,23.9477],[84.9231,23.9506],[84.9063,23.9501],[84.8997,23.9481],[84.8943,23.9444],[84.8893,23.9428],[84.8878,23.9479],[84.8842,23.952],[84.879,23.9537],[84.8714,23.9537],[84.864,23.9554],[84.8525,23.9632],[84.846,23.965],[84.8303,23.9574],[84.8251,23.9711],[84.8255,23.9833],[84.8153,23.9795],[84.8099,23.9754],[84.8054,23.9698],[84.7996,23.9711],[84.7927,23.9687],[84.7848,23.9697],[84.7798,23.9695],[84.7743,23.9667],[84.7719,23.9659],[84.7592,23.967],[84.7599,23.9687],[84.7621,23.9694],[84.766,23.9752],[84.768,23.9756],[84.7688,23.9767],[84.7683,23.9779],[84.7666,23.9783],[84.7638,23.9778],[84.76,23.986],[84.7623,23.9908],[84.7701,24.0086],[84.7688,24.0122],[84.7632,24.0163],[84.7586,24.0269],[84.752,24.0321],[84.7514,24.034],[84.7543,24.0413],[84.753,24.0425],[84.7467,24.0396],[84.743,24.0481],[84.7393,24.0467],[84.7341,24.043],[84.7296,24.041],[84.7205,24.0444],[84.7097,24.0392],[84.7094,24.0322],[84.7117,24.0269],[84.7012,24.0227],[84.6936,24.0241],[84.6888,24.0235],[84.685,24.0199],[84.682,24.0135],[84.678,24.0099],[84.6756,24.0045],[84.6707,24.0017],[84.6658,24.0011],[84.6616,24.0048],[84.655,24.0069],[84.6468,24.0052],[84.6411,23.9976],[84.6375,23.9908],[84.6318,23.9814],[84.6293,23.9802],[84.6252,23.9824],[84.6226,23.9834],[84.6191,23.9836],[84.6157,23.9826],[84.6074,23.9893],[84.6064,23.9896],[84.5987,23.983],[84.593,23.9866],[84.5905,23.9871],[84.5856,23.9862],[84.5855,23.9862],[84.5762,23.9852],[84.573,23.9838],[84.5706,23.9848],[84.5662,23.9907],[84.559,24.0026],[84.554,24.0162],[84.5567,24.0268],[84.5645,24.0329],[84.5614,24.037],[84.5542,24.0435],[84.5535,24.0496],[84.5641,24.0521],[84.567,24.0556],[84.5748,24.0704],[84.5633,24.0777],[84.5538,24.1033],[84.5649,24.116],[84.5724,24.118],[84.5802,24.1415],[84.5521,24.1531],[84.5498,24.1605],[84.5451,24.1681],[84.5385,24.1707],[84.5351,24.1775],[84.5319,24.1808],[84.5284,24.1913],[84.5374,24.199],[84.5365,24.203],[84.5289,24.2069],[84.5211,24.1996],[84.5111,24.2007],[84.5015,24.1995],[84.4886,24.2013],[84.4767,24.2069],[84.4765,24.2071],[84.4733,24.2102],[84.4743,24.2194],[84.4735,24.2288],[84.4692,24.2315],[84.4485,24.239],[84.4448,24.2436],[84.4564,24.261],[84.4576,24.2676],[84.4671,24.2652],[84.4717,24.2678],[84.4729,24.2658],[84.4703,24.2625],[84.4661,24.2592],[84.4839,24.2625],[84.4887,24.2642],[84.4884,24.2697],[84.4855,24.2761],[84.5009,24.2869],[84.5043,24.2926],[84.5097,24.2944],[84.5086,24.2987],[84.5119,24.3058],[84.5106,24.3153],[84.5181,24.317],[84.5216,24.3235],[84.5248,24.3335],[84.5329,24.3393],[84.5268,24.3457],[84.5262,24.353],[84.5341,24.3609],[84.5354,24.3647],[84.5315,24.3686],[84.5289,24.3761],[84.5491,24.3765],[84.5533,24.3735],[84.5634,24.3796],[84.5732,24.3838],[84.5717,24.3897],[84.5665,24.3969],[84.5686,24.4017],[84.5728,24.4073],[84.5799,24.4122],[84.5875,24.4102],[84.5892,24.4013],[84.5973,24.4042],[84.6016,24.4039],[84.6084,24.4008],[84.6199,24.4011],[84.6226,24.4037],[84.6267,24.4019],[84.6303,24.4038],[84.6362,24.4],[84.6504,24.3985],[84.6656,24.3936],[84.6675,24.3959],[84.6703,24.4105],[84.6752,24.4128],[84.6758,24.4261],[84.6732,24.4283],[84.6736,24.431],[84.6814,24.441],[84.6863,24.4562],[84.6915,24.459],[84.7015,24.4616],[84.7139,24.4722],[84.7203,24.4685],[84.7249,24.4687],[84.7323,24.4728],[84.7474,24.4881],[84.7494,24.4963],[84.7704,24.5016],[84.7873,24.5047],[84.791,24.5176],[84.7971,24.5214],[84.8027,24.5293]],[[84.5009,24.2651],[84.5035,24.2631],[84.5072,24.2632],[84.51,24.2655],[84.511,24.2685],[84.509,24.2727],[84.5073,24.2773],[84.5049,24.2819],[84.5012,24.2835],[84.499,24.2829],[84.4973,24.2795],[84.4967,24.2769],[84.4989,24.2689],[84.5009,24.2651]]],[[[84.4941,24.3173],[84.49,24.3148],[84.4879,24.3122],[84.4865,24.3091],[84.486,24.3028],[84.4827,24.3024],[84.4758,24.3051],[84.4725,24.3082],[84.4694,24.3174],[84.4765,24.3182],[84.4822,24.3172],[84.4851,24.3159],[84.4887,24.3182],[84.4987,24.3297],[84.5048,24.3341],[84.5082,24.3324],[84.509,24.3277],[84.5064,24.3239],[84.5032,24.3211],[84.4941,24.3173]]]]},"properties":{"district_name":"Chatra","raw_district_name":"Chatra","state_code":"JH","state_name":"Jharkhand","census_code":347,"data_source":"DataMeet India Maps (Census 2011 Boundaries)"}},{"type":"Feature","geometry":{"type":"Polygon","coordinates":[[[86.9171,24.5397],[86.9132,24.5327],[86.9131,24.5267],[86.912,24.5217],[86.9139,24.5126],[86.9146,24.5058],[86.9138,24.5001],[86.9134,24.4948],[86.9117,24.4896],[86.9091,24.4855],[86.9067,24.4823],[86.9034,24.4754],[86.8994,24.467],[86.8936,24.4594],[86.8898,24.4546],[86.887,24.4471],[86.8857,24.4401],[86.8851,24.4335],[86.8854,24.428],[86.8936,24.4318],[86.8979,24.4259],[86.8935,24.4241],[86.8977,24.4199],[86.9006,24.4141],[86.904,24.4113],[86.9099,24.4122],[86.9143,24.409],[86.9209,24.413],[86.9242,24.4192],[86.9324,24.4174],[86.9361,24.4213],[86.9418,24.4195],[86.9393,24.4084],[86.9365,24.4014],[86.932,24.396],[86.9252,24.3932],[86.9247,24.3881],[86.9256,24.3832],[86.9321,24.379],[86.9299,24.3732],[86.9372,24.3595],[86.9534,24.3588],[86.9636,24.3549],[86.9645,24.3484],[86.9648,24.3416],[86.9628,24.3331],[86.9624,24.3261],[86.9622,24.3214],[86.9624,24.3172],[86.9684,24.3118],[86.9795,24.3106],[86.988,24.3065],[86.9968,24.3119],[86.9985,24.3122],[86.9999,24.3117],[87.0254,24.3259],[87.0328,24.3174],[87.0362,24.3103],[87.0354,24.3037],[87.0345,24.2978],[87.0347,24.2906],[87.0344,24.2809],[87.0371,24.2719],[87.0405,24.2661],[87.0449,24.2622],[87.0514,24.2596],[87.0586,24.2574],[87.0655,24.2552],[87.0712,24.253],[87.07,24.2478],[87.0671,24.2453],[87.0637,24.2424],[87.0599,24.2389],[87.058,24.2334],[87.0566,24.2282],[87.0535,24.225],[87.0501,24.2196],[87.0529,24.2144],[87.0526,24.2124],[87.0528,24.2091],[87.0553,24.2044],[87.0505,24.1997],[87.0466,24.1953],[87.0429,24.199],[87.0375,24.2022],[87.0336,24.202],[87.0277,24.2035],[87.0255,24.2058],[87.0216,24.2095],[87.0181,24.2087],[87.003,24.2145],[86.9944,24.2175],[86.9883,24.2185],[86.9795,24.22],[86.9744,24.2172],[86.9727,24.2133],[86.9748,24.208],[86.978,24.2016],[86.9765,24.1924],[86.9775,24.1864],[86.9637,24.1838],[86.9585,24.1783],[86.953,24.1695],[86.9499,24.1686],[86.9416,24.1706],[86.9392,24.1641],[86.9379,24.1599],[86.936,24.1514],[86.9341,24.1438],[86.9345,24.1387],[86.9444,24.1372],[86.9543,24.1321],[86.9624,24.1289],[86.9625,24.1222],[86.964,24.1154],[86.9679,24.114],[86.974,24.1114],[86.9795,24.1094],[86.9795,24.1094],[86.9726,24.0997],[86.9757,24.0887],[86.9766,24.0803],[86.973,24.0741],[86.9731,24.0626],[86.9638,24.0614],[86.9564,24.0558],[86.9594,24.05],[86.9516,24.0454],[86.9435,24.0446],[86.9307,24.0479],[86.9185,24.0539],[86.9131,24.0597],[86.918,24.0647],[86.9126,24.0668],[86.9017,24.0648],[86.8917,24.0707],[86.882,24.0748],[86.8789,24.0728],[86.8778,24.0691],[86.8735,24.0668],[86.8677,24.0685],[86.8621,24.0658],[86.8469,24.062],[86.8437,24.0563],[86.8333,24.0565],[86.8228,24.0777],[86.8136,24.0781],[86.8105,24.0803],[86.8098,24.0881],[86.8084,24.0891],[86.8042,24.0842],[86.798,24.0884],[86.7939,24.084],[86.7881,24.0828],[86.7882,24.0718],[86.7827,24.07],[86.7747,24.0725],[86.768,24.0715],[86.7655,24.0778],[86.7592,24.0824],[86.756,24.0859],[86.762,24.0914],[86.7571,24.0981],[86.7521,24.0984],[86.7439,24.0995],[86.7303,24.104],[86.7184,24.1078],[86.7126,24.1108],[86.7056,24.1103],[86.7008,24.1113],[86.6954,24.1168],[86.6926,24.1221],[86.6933,24.1335],[86.6954,24.1424],[86.6986,24.1438],[86.7045,24.1445],[86.7102,24.1473],[86.7088,24.1556],[86.7067,24.162],[86.7022,24.1643],[86.6999,24.166],[86.6949,24.169],[86.6905,24.1663],[86.689,24.1619],[86.6862,24.1562],[86.6853,24.1518],[86.685,24.1464],[86.6825,24.1432],[86.6802,24.139],[86.6771,24.1359],[86.6742,24.1345],[86.6685,24.1345],[86.6648,24.1338],[86.6576,24.1336],[86.6521,24.1344],[86.6459,24.1361],[86.6351,24.1375],[86.6255,24.1377],[86.6224,24.1389],[86.6188,24.1409],[86.6133,24.1428],[86.6098,24.142],[86.6054,24.1419],[86.5998,24.1433],[86.5955,24.1439],[86.5922,24.1434],[86.5889,24.1405],[86.5842,24.1412],[86.5808,24.1422],[86.5768,24.1423],[86.5757,24.1402],[86.5659,24.1477],[86.5548,24.1541],[86.5489,24.1509],[86.5433,24.1522],[86.5319,24.1548],[86.5279,24.1563],[86.5254,24.1532],[86.5206,24.1494],[86.5154,24.1477],[86.5091,24.1477],[86.5042,24.1494],[86.4983,24.1506],[86.4893,24.1521],[86.4961,24.163],[86.5004,24.1748],[86.5054,24.1832],[86.506,24.1916],[86.5046,24.1985],[86.5082,24.2024],[86.5121,24.2064],[86.5132,24.2157],[86.5178,24.2229],[86.5135,24.2294],[86.5123,24.2341],[86.517,24.2381],[86.5155,24.243],[86.5131,24.2485],[86.5136,24.2587],[86.5128,24.2639],[86.5107,24.2695],[86.5096,24.2751],[86.5069,24.2822],[86.5016,24.2832],[86.4956,24.2842],[86.4908,24.2864],[86.4886,24.2893],[86.487,24.2961],[86.4818,24.2976],[86.4789,24.3016],[86.4784,24.3064],[86.4769,24.3104],[86.4743,24.3134],[86.475,24.3206],[86.4754,24.3279],[86.4724,24.33],[86.4695,24.3315],[86.4637,24.3329],[86.4627,24.3374],[86.4653,24.3409],[86.4672,24.3434],[86.4696,24.3471],[86.4702,24.3512],[86.4695,24.3526],[86.4636,24.3541],[86.4598,24.3558],[86.4588,24.36],[86.4598,24.3648],[86.4588,24.3683],[86.4584,24.3696],[86.4612,24.375],[86.468,24.3777],[86.4719,24.386],[86.4733,24.3961],[86.4699,24.4087],[86.4719,24.4147],[86.4699,24.4194],[86.472,24.4228],[86.4796,24.4237],[86.4883,24.4259],[86.4948,24.426],[86.4944,24.4348],[86.4981,24.4402],[86.4972,24.4479],[86.4973,24.455],[86.4907,24.4597],[86.496,24.4685],[86.495,24.4752],[86.497,24.4796],[86.4965,24.4853],[86.5015,24.4862],[86.5043,24.4882],[86.5038,24.4988],[86.512,24.5186],[86.5298,24.5366],[86.5367,24.5338],[86.5424,24.5373],[86.5468,24.5375],[86.5529,24.5359],[86.5576,24.5443],[86.5641,24.5493],[86.5609,24.5601],[86.5645,24.5601],[86.5679,24.5639],[86.5743,24.5636],[86.5845,24.5687],[86.5894,24.5736],[86.5901,24.5861],[86.596,24.5935],[86.6011,24.5979],[86.6062,24.6003],[86.6091,24.6059],[86.6155,24.6082],[86.6159,24.6033],[86.6156,24.6027],[86.6141,24.6001],[86.6131,24.5952],[86.6251,24.5955],[86.6245,24.5853],[86.6333,24.5805],[86.6404,24.5775],[86.6474,24.577],[86.6519,24.5681],[86.6621,24.5641],[86.6745,24.5615],[86.6838,24.567],[86.6876,24.5659],[86.6928,24.5713],[86.7015,24.5698],[86.716,24.5744],[86.7247,24.5791],[86.7377,24.5767],[86.7412,24.5817],[86.7456,24.5874],[86.7517,24.5904],[86.7507,24.6037],[86.757,24.6188],[86.7601,24.6156],[86.7752,24.6173],[86.7816,24.6164],[86.7813,24.6204],[86.7832,24.6206],[86.7869,24.6157],[86.7902,24.6112],[86.7925,24.6055],[86.7929,24.6003],[86.8004,24.5977],[86.8004,24.6016],[86.7986,24.6061],[86.7964,24.6093],[86.7934,24.6118],[86.7919,24.614],[86.7917,24.6181],[86.7979,24.6162],[86.8004,24.613],[86.8027,24.6094],[86.8036,24.6066],[86.8041,24.6043],[86.8047,24.602],[86.8062,24.5995],[86.8078,24.5983],[86.8118,24.5954],[86.8105,24.5915],[86.8109,24.5863],[86.8123,24.582],[86.8137,24.5778],[86.8093,24.5753],[86.8072,24.5729],[86.8064,24.5696],[86.8062,24.5669],[86.8063,24.5655],[86.811,24.565],[86.8147,24.5647],[86.8196,24.5691],[86.8243,24.5703],[86.8275,24.5692],[86.8316,24.5669],[86.8375,24.569],[86.8431,24.5692],[86.8446,24.5637],[86.8447,24.5596],[86.8448,24.555],[86.8531,24.5539],[86.8606,24.5514],[86.8634,24.5576],[86.8676,24.5612],[86.8755,24.5623],[86.8792,24.5659],[86.8824,24.5683],[86.8851,24.564],[86.8899,24.5613],[86.8901,24.5554],[86.8927,24.555],[86.8991,24.5558],[86.9044,24.5507],[86.9071,24.5455],[86.9118,24.542],[86.9171,24.5397]]]},"properties":{"district_name":"Deoghar","raw_district_name":"Deoghar","state_code":"JH","state_name":"Jharkhand","census_code":350,"data_source":"DataMeet India Maps (Census 2011 Boundaries)"}},{"type":"Feature","geometry":{"type":"Polygon","coordinates":[[[86.4709,24.018],[86.474,24.0153],[86.4775,24.0132],[86.4804,24.0112],[86.4829,24.0103],[86.486,24.0106],[86.4883,24.0114],[86.4913,24.0129],[86.4929,24.0137],[86.495,24.0142],[86.4968,24.0139],[86.4984,24.0129],[86.5004,24.0115],[86.502,24.0098],[86.5045,24.0071],[86.5174,24.0005],[86.5245,23.9991],[86.5422,24.0056],[86.5739,24.0016],[86.5798,23.9991],[86.5869,23.9902],[86.5968,23.9805],[86.6002,23.9747],[86.6423,23.9518],[86.6474,23.9459],[86.6582,23.94],[86.6724,23.9366],[86.69,23.9255],[86.7068,23.923],[86.7127,23.917],[86.7195,23.9071],[86.7221,23.8921],[86.7248,23.8841],[86.7311,23.8764],[86.734,23.8745],[86.7434,23.8812],[86.7488,23.8838],[86.7658,23.8785],[86.7696,23.8761],[86.7733,23.8725],[86.7775,23.8664],[86.7827,23.8628],[86.7867,23.858],[86.7985,23.8331],[86.7978,23.829],[86.8031,23.8258],[86.8066,23.8151],[86.8033,23.7995],[86.814,23.7901],[86.8223,23.778],[86.8253,23.7629],[86.8249,23.7541],[86.8216,23.7467],[86.8172,23.7467],[86.8136,23.7457],[86.8101,23.7417],[86.8039,23.7183],[86.799,23.7079],[86.7965,23.7004],[86.7986,23.697],[86.8012,23.6954],[86.7976,23.6893],[86.7783,23.6838],[86.7641,23.6804],[86.7437,23.6796],[86.7415,23.681],[86.7421,23.6907],[86.7373,23.6957],[86.7166,23.6991],[86.6995,23.6964],[86.689,23.6917],[86.6744,23.688],[86.6545,23.6848],[86.639,23.6777],[86.6301,23.6747],[86.6215,23.6736],[86.5973,23.6731],[86.5937,23.671],[86.5942,23.6674],[86.5963,23.6642],[86.5888,23.6608],[86.571,23.6482],[86.5577,23.642],[86.5432,23.6365],[86.5344,23.6309],[86.5294,23.6303],[86.5176,23.631],[86.5075,23.6335],[86.4871,23.637],[86.4774,23.6332],[86.4722,23.6315],[86.4507,23.6334],[86.4457,23.6315],[86.4443,23.6297],[86.4437,23.6261],[86.4447,23.6217],[86.4409,23.6237],[86.4341,23.6308],[86.4267,23.6403],[86.4226,23.6587],[86.4163,23.6621],[86.41,23.6642],[86.4035,23.6653],[86.3974,23.6679],[86.3915,23.6716],[86.3868,23.6754],[86.3828,23.6798],[86.3798,23.6843],[86.3772,23.6909],[86.3718,23.702],[86.3568,23.7017],[86.3129,23.7042],[86.3081,23.7037],[86.2995,23.7039],[86.2757,23.707],[86.2629,23.7059],[86.2588,23.7079],[86.2439,23.7069],[86.2336,23.7069],[86.2245,23.7075],[86.2139,23.7089],[86.2087,23.7109],[86.2046,23.7123],[86.198,23.7158],[86.1877,23.7191],[86.18,23.7223],[86.1719,23.728],[86.1719,23.7281],[86.1805,23.7276],[86.1831,23.7317],[86.1884,23.7341],[86.1878,23.7429],[86.1907,23.7477],[86.189,23.7598],[86.1841,23.7632],[86.1863,23.7681],[86.1838,23.7707],[86.1792,23.7725],[86.1758,23.7751],[86.1745,23.7777],[86.1751,23.7836],[86.169,23.7859],[86.1657,23.7894],[86.1641,23.7938],[86.1622,23.8023],[86.1655,23.8133],[86.1632,23.8293],[86.1589,23.8285],[86.1525,23.8306],[86.147,23.8288],[86.145,23.8305],[86.1433,23.8343],[86.1383,23.8412],[86.1388,23.843],[86.1421,23.8447],[86.1437,23.8476],[86.1402,23.8518],[86.1395,23.8541],[86.1416,23.8577],[86.1407,23.8606],[86.135,23.8627],[86.1314,23.8621],[86.1279,23.8664],[86.1224,23.8667],[86.1209,23.8688],[86.1225,23.8752],[86.1201,23.8779],[86.1195,23.8805],[86.1221,23.8838],[86.1226,23.8875],[86.1181,23.8857],[86.1157,23.8863],[86.1147,23.8887],[86.1191,23.894],[86.1204,23.8955],[86.1238,23.8973],[86.1272,23.9024],[86.1285,23.9104],[86.1315,23.9126],[86.1298,23.9189],[86.1343,23.9312],[86.1372,23.9365],[86.1519,23.9349],[86.1606,23.9377],[86.1651,23.938],[86.1727,23.9427],[86.1807,23.945],[86.1862,23.9451],[86.1979,23.9484],[86.2051,23.9478],[86.2128,23.9449],[86.2224,23.9462],[86.2414,23.9433],[86.2455,23.9421],[86.259,23.9313],[86.2628,23.93],[86.269,23.9297],[86.2745,23.9322],[86.2798,23.9331],[86.2927,23.9142],[86.2901,23.9459],[86.3009,23.9668],[86.3029,23.9743],[86.3051,23.9778],[86.3032,23.984],[86.3052,23.9904],[86.3154,23.9977],[86.3232,24.0065],[86.3263,24.0109],[86.3282,24.0133],[86.3321,24.0164],[86.336,24.0179],[86.3405,24.0187],[86.3425,24.0211],[86.3428,24.0236],[86.3423,24.0267],[86.3376,24.0277],[86.3329,24.0284],[86.3295,24.0298],[86.3266,24.0326],[86.3235,24.0341],[86.3216,24.0357],[86.3225,24.0375],[86.3304,24.0405],[86.3352,24.0416],[86.3365,24.0427],[86.3359,24.0469],[86.3383,24.0498],[86.3367,24.0523],[86.3439,24.0545],[86.3493,24.0555],[86.3541,24.0538],[86.3606,24.0513],[86.3687,24.0507],[86.3731,24.0535],[86.3775,24.0586],[86.3822,24.0596],[86.3873,24.059],[86.3906,24.0546],[86.3933,24.0479],[86.3988,24.0405],[86.4062,24.0379],[86.4147,24.0349],[86.4239,24.03],[86.4279,24.0294],[86.4345,24.0306],[86.4409,24.0315],[86.4461,24.0303],[86.4511,24.0275],[86.4575,24.0223],[86.464,24.0194],[86.4709,24.018]]]},"properties":{"district_name":"Dhanbad","raw_district_name":"Dhanbad","state_code":"JH","state_name":"Jharkhand","census_code":354,"data_source":"DataMeet India Maps (Census 2011 Boundaries)"}},{"type":"Feature","geometry":{"type":"Polygon","coordinates":[[[87.4056,24.506],[87.4176,24.5064],[87.4194,24.5078],[87.4228,24.5113],[87.4261,24.514],[87.4293,24.5144],[87.4321,24.514],[87.434,24.5154],[87.437,24.5171],[87.4407,24.5171],[87.4458,24.5165],[87.4482,24.5169],[87.4508,24.5199],[87.4532,24.5213],[87.4577,24.52],[87.4603,24.5197],[87.4655,24.522],[87.4714,24.5226],[87.4779,24.5242],[87.481,24.5275],[87.4845,24.5284],[87.4922,24.5279],[87.5003,24.5252],[87.5056,24.522],[87.5124,24.5174],[87.5203,24.5139],[87.5286,24.5127],[87.5336,24.5092],[87.5373,24.5071],[87.5392,24.5077],[87.5431,24.5129],[87.5476,24.5177],[87.5572,24.5202],[87.5648,24.5208],[87.5685,24.5156],[87.5709,24.5095],[87.5742,24.5052],[87.5709,24.5003],[87.5696,24.4932],[87.5688,24.487],[87.5671,24.4773],[87.57,24.4695],[87.5693,24.4553],[87.5695,24.4341],[87.57,24.4179],[87.5724,24.3961],[87.5736,24.3799],[87.5776,24.3665],[87.5818,24.351],[87.5844,24.3398],[87.5876,24.3299],[87.5892,24.3245],[87.588,24.3151],[87.5869,24.3049],[87.5864,24.2914],[87.5861,24.2808],[87.586,24.27],[87.5844,24.2584],[87.5887,24.2574],[87.596,24.2581],[87.6042,24.2561],[87.6095,24.256],[87.6177,24.2583],[87.6252,24.258],[87.6353,24.2566],[87.6468,24.2513],[87.6451,24.2475],[87.6408,24.244],[87.6416,24.2397],[87.6446,24.2362],[87.6481,24.2316],[87.6482,24.2261],[87.6466,24.2211],[87.6435,24.2177],[87.6428,24.2131],[87.6502,24.2095],[87.6578,24.2077],[87.6641,24.2089],[87.6712,24.2076],[87.676,24.2073],[87.6788,24.202],[87.6796,24.1968],[87.6833,24.1927],[87.6885,24.1906],[87.6939,24.1867],[87.6976,24.1877],[87.699,24.1835],[87.6988,24.18],[87.7017,24.1769],[87.7014,24.1729],[87.7014,24.1688],[87.6982,24.1659],[87.6986,24.1608],[87.6975,24.1561],[87.6946,24.1514],[87.6894,24.1508],[87.6851,24.1496],[87.6785,24.1529],[87.6728,24.153],[87.6686,24.1559],[87.662,24.1575],[87.6556,24.1561],[87.6508,24.1554],[87.6457,24.1565],[87.6414,24.159],[87.6367,24.1619],[87.6326,24.1647],[87.6267,24.1654],[87.6211,24.1662],[87.6155,24.1664],[87.6092,24.1656],[87.6047,24.1621],[87.6006,24.1614],[87.5954,24.1617],[87.5892,24.163],[87.5848,24.1631],[87.5818,24.1604],[87.5745,24.1572],[87.5765,24.156],[87.5816,24.1543],[87.586,24.152],[87.5911,24.1491],[87.5951,24.1457],[87.599,24.1431],[87.603,24.1395],[87.6063,24.1368],[87.6099,24.1337],[87.6126,24.1305],[87.6098,24.1282],[87.6055,24.127],[87.6004,24.1265],[87.5977,24.1258],[87.5868,24.125],[87.5846,24.1211],[87.5847,24.1166],[87.5829,24.112],[87.5799,24.1106],[87.5772,24.1113],[87.5743,24.1084],[87.5746,24.1026],[87.5757,24.0971],[87.5794,24.0918],[87.5815,24.0888],[87.5812,24.0869],[87.5782,24.0879],[87.5753,24.0893],[87.5718,24.0881],[87.5685,24.0861],[87.5648,24.0845],[87.5613,24.084],[87.5577,24.0862],[87.5533,24.0871],[87.5493,24.0882],[87.5443,24.0894],[87.5396,24.093],[87.5361,24.0965],[87.5358,24.1008],[87.535,24.104],[87.532,24.1054],[87.5292,24.1053],[87.5264,24.1058],[87.525,24.1075],[87.524,24.1103],[87.522,24.1126],[87.5188,24.1124],[87.5156,24.112],[87.5123,24.1129],[87.5081,24.1144],[87.5047,24.1162],[87.5017,24.1174],[87.4987,24.1168],[87.4982,24.1135],[87.499,24.1098],[87.5005,24.1071],[87.5017,24.1043],[87.5021,24.1009],[87.501,24.0988],[87.4988,24.0989],[87.4979,24.0971],[87.4986,24.0947],[87.4948,24.0917],[87.4941,24.0898],[87.4951,24.0871],[87.4984,24.0862],[87.5031,24.086],[87.5073,24.0849],[87.5109,24.0837],[87.5105,24.0811],[87.5087,24.0793],[87.5077,24.0769],[87.5064,24.075],[87.5049,24.0742],[87.502,24.0753],[87.4983,24.0764],[87.4948,24.0749],[87.494,24.0713],[87.4959,24.0682],[87.4976,24.0664],[87.4993,24.0643],[87.4984,24.0609],[87.497,24.0572],[87.4963,24.0537],[87.5005,24.0517],[87.5065,24.0492],[87.5094,24.0479],[87.5129,24.0473],[87.5135,24.0442],[87.5156,24.0415],[87.5141,24.0364],[87.5118,24.0337],[87.509,24.0318],[87.507,24.0299],[87.5064,24.0278],[87.5064,24.024],[87.5016,24.0249],[87.4998,24.0261],[87.4963,24.0251],[87.4936,24.021],[87.4915,24.0177],[87.4878,24.0154],[87.4842,24.0158],[87.4813,24.0147],[87.4786,24.0132],[87.4765,24.0126],[87.4743,24.0133],[87.4724,24.0139],[87.4691,24.0143],[87.4672,24.0148],[87.4644,24.0147],[87.462,24.0158],[87.46,24.0167],[87.4574,24.0168],[87.4537,24.018],[87.4514,24.016],[87.4483,24.0155],[87.4439,24.0142],[87.4416,24.0127],[87.439,24.01],[87.4398,24.0086],[87.4419,24.0095],[87.4436,24.0108],[87.446,24.0112],[87.4494,24.0108],[87.4519,24.0101],[87.4512,24.0087],[87.45,24.0075],[87.4476,24.007],[87.4465,24.005],[87.4484,24.0027],[87.4519,24.0024],[87.4553,24.0017],[87.4558,24.001],[87.46,23.9986],[87.4634,23.9952],[87.4649,23.9866],[87.4631,23.9832],[87.4587,23.9851],[87.4541,23.986],[87.4506,23.9832],[87.4442,23.9799],[87.4417,23.9809],[87.4391,23.9834],[87.4344,23.9836],[87.4327,23.9857],[87.4325,23.9897],[87.4315,23.9921],[87.4273,23.9925],[87.4237,23.9911],[87.4197,23.9926],[87.4055,23.9956],[87.3994,23.9982],[87.399,24.001],[87.3949,24.0037],[87.3875,24.0044],[87.3821,24.0049],[87.3792,24.0083],[87.37,24.0085],[87.3656,24.009],[87.3618,24.0109],[87.36,24.0073],[87.3586,24.004],[87.3562,24.0009],[87.3554,23.9987],[87.3533,23.9975],[87.3425,23.9967],[87.3331,23.9977],[87.3292,23.9988],[87.3251,24.0009],[87.3231,24.0032],[87.3206,24.0061],[87.321,24.0088],[87.3235,24.0086],[87.3258,24.011],[87.3275,24.0148],[87.3294,24.0192],[87.3327,24.0183],[87.3376,24.0192],[87.3384,24.0239],[87.3407,24.0255],[87.3376,24.0327],[87.3315,24.0318],[87.3252,24.0331],[87.319,24.0341],[87.314,24.0336],[87.3089,24.031],[87.3018,24.0318],[87.2948,24.032],[87.2915,24.0288],[87.2879,24.0286],[87.2844,24.031],[87.2796,24.0335],[87.2745,24.0347],[87.2692,24.0363],[87.2631,24.0371],[87.2588,24.039],[87.2543,24.0418],[87.2489,24.0438],[87.2433,24.0429],[87.2401,24.039],[87.2388,24.0343],[87.238,24.0263],[87.238,24.0262],[87.2309,24.0251],[87.2221,24.0251],[87.2159,24.0273],[87.2079,24.0284],[87.1988,24.0273],[87.1926,24.0285],[87.1828,24.0302],[87.1772,24.0312],[87.1704,24.0321],[87.1653,24.0345],[87.1647,24.0349],[87.1542,24.0422],[87.1474,24.0439],[87.1415,24.043],[87.1365,24.0454],[87.1301,24.0501],[87.1248,24.0559],[87.12,24.0607],[87.1167,24.0657],[87.1143,24.0711],[87.113,24.0772],[87.109,24.0825],[87.1072,24.0875],[87.1062,24.0919],[87.1051,24.095],[87.1013,24.0966],[87.0994,24.0993],[87.1012,24.1025],[87.1015,24.1059],[87.099,24.1071],[87.0948,24.1058],[87.0921,24.1044],[87.0888,24.1051],[87.0856,24.1059],[87.0825,24.1058],[87.0743,24.1108],[87.0735,24.1113],[87.0686,24.1141],[87.0628,24.1182],[87.0607,24.1216],[87.0605,24.1219],[87.0586,24.1262],[87.057,24.128],[87.0522,24.1333],[87.0491,24.1351],[87.0463,24.1367],[87.046,24.1368],[87.0448,24.1374],[87.0403,24.1394],[87.0358,24.1411],[87.0299,24.1433],[87.0288,24.1438],[87.027,24.145],[87.0236,24.1486],[87.0221,24.1484],[87.024,24.1451],[87.0258,24.1419],[87.0267,24.1377],[87.0249,24.133],[87.0216,24.1287],[87.0003,24.127],[86.9974,24.1263],[86.9969,24.1267],[86.9905,24.1278],[86.9852,24.1285],[86.982,24.1254],[86.9805,24.1193],[86.9811,24.1141],[86.9796,24.1094],[86.9795,24.1094],[86.9795,24.1094],[86.974,24.1114],[86.9679,24.114],[86.964,24.1154],[86.9625,24.1222],[86.9624,24.1289],[86.9543,24.1321],[86.9444,24.1372],[86.9345,24.1387],[86.9341,24.1438],[86.936,24.1514],[86.9379,24.1599],[86.9392,24.1641],[86.9416,24.1706],[86.9499,24.1686],[86.953,24.1695],[86.9585,24.1783],[86.9637,24.1838],[86.9775,24.1864],[86.9765,24.1924],[86.978,24.2016],[86.9748,24.208],[86.9727,24.2133],[86.9744,24.2172],[86.9795,24.22],[86.9883,24.2185],[86.9944,24.2175],[87.003,24.2145],[87.0181,24.2087],[87.0216,24.2095],[87.0255,24.2058],[87.0277,24.2035],[87.0336,24.202],[87.0375,24.2022],[87.0429,24.199],[87.0466,24.1953],[87.0505,24.1997],[87.0553,24.2044],[87.0528,24.2091],[87.0526,24.2124],[87.0529,24.2144],[87.0501,24.2196],[87.0535,24.225],[87.0566,24.2282],[87.058,24.2334],[87.0599,24.2389],[87.0637,24.2424],[87.0671,24.2453],[87.07,24.2478],[87.0712,24.253],[87.0655,24.2552],[87.0586,24.2574],[87.0514,24.2596],[87.0449,24.2622],[87.0405,24.2661],[87.0371,24.2719],[87.0344,24.2809],[87.0347,24.2906],[87.0345,24.2978],[87.0354,24.3037],[87.0362,24.3103],[87.0328,24.3174],[87.0254,24.3259],[86.9999,24.3117],[86.9985,24.3122],[86.9968,24.3119],[86.988,24.3065],[86.9795,24.3106],[86.9684,24.3118],[86.9624,24.3172],[86.9622,24.3214],[86.9624,24.3261],[86.9628,24.3331],[86.9648,24.3416],[86.9645,24.3484],[86.9636,24.3549],[86.9534,24.3588],[86.9372,24.3595],[86.9299,24.3732],[86.9321,24.379],[86.9256,24.3832],[86.9247,24.3881],[86.9252,24.3932],[86.932,24.396],[86.9365,24.4014],[86.9393,24.4084],[86.9418,24.4195],[86.9361,24.4213],[86.9324,24.4174],[86.9242,24.4192],[86.9209,24.413],[86.9143,24.409],[86.9099,24.4122],[86.904,24.4113],[86.9006,24.4141],[86.8977,24.4199],[86.8935,24.4241],[86.8979,24.4259],[86.8936,24.4318],[86.8854,24.428],[86.8851,24.4335],[86.8857,24.4401],[86.887,24.4471],[86.8898,24.4546],[86.8936,24.4594],[86.8994,24.467],[86.9034,24.4754],[86.9067,24.4823],[86.9091,24.4855],[86.9117,24.4896],[86.9134,24.4948],[86.9138,24.5001],[86.9146,24.5058],[86.9139,24.5126],[86.912,24.5217],[86.9131,24.5267],[86.9132,24.5327],[86.9171,24.5397],[86.9131,24.5444],[86.9122,24.5502],[86.9124,24.5563],[86.9124,24.5608],[86.9123,24.5643],[86.9072,24.5677],[86.9092,24.5725],[86.9066,24.5771],[86.9039,24.5815],[86.904,24.5875],[86.9072,24.5925],[86.9106,24.5961],[86.9149,24.5979],[86.916,24.6021],[86.9238,24.6117],[86.9249,24.6144],[86.9249,24.6203],[86.9298,24.6252],[86.9352,24.6273],[86.9401,24.6274],[86.942,24.6313],[86.9394,24.6366],[86.9361,24.6437],[86.9448,24.644],[86.9546,24.6437],[86.9535,24.6368],[86.9507,24.6321],[86.9514,24.6275],[86.9594,24.6286],[86.9644,24.6303],[86.9715,24.6328],[86.9771,24.6312],[86.986,24.6256],[86.9914,24.6226],[86.9941,24.6211],[86.996,24.621],[86.996,24.6216],[86.9985,24.6201],[87.0161,24.6072],[87.0188,24.61],[87.0215,24.6143],[87.0226,24.6187],[87.0273,24.6206],[87.0302,24.6221],[87.0322,24.621],[87.0324,24.617],[87.0323,24.6122],[87.0334,24.6103],[87.036,24.6105],[87.0384,24.6109],[87.0408,24.6111],[87.0418,24.6127],[87.0426,24.6142],[87.0446,24.6135],[87.0467,24.612],[87.0489,24.6099],[87.0505,24.6064],[87.0563,24.6077],[87.0542,24.6111],[87.0526,24.6152],[87.0526,24.6183],[87.0518,24.6211],[87.0503,24.625],[87.0557,24.6268],[87.0579,24.6338],[87.0609,24.6393],[87.0652,24.6424],[87.071,24.6421],[87.0776,24.6393],[87.0822,24.6369],[87.0882,24.6372],[87.0924,24.6378],[87.0982,24.6348],[87.1027,24.6322],[87.1087,24.6302],[87.1124,24.6293],[87.1195,24.629],[87.1236,24.6281],[87.128,24.6281],[87.132,24.6285],[87.1362,24.6263],[87.1403,24.6225],[87.1457,24.619],[87.151,24.6162],[87.1561,24.6139],[87.1612,24.6135],[87.166,24.6146],[87.1718,24.6149],[87.1756,24.6116],[87.1791,24.6078],[87.1824,24.6061],[87.1882,24.607],[87.1919,24.6046],[87.1965,24.601],[87.2015,24.5965],[87.2069,24.5937],[87.2098,24.5931],[87.2123,24.5916],[87.2149,24.5889],[87.2194,24.5877],[87.2234,24.5901],[87.2258,24.5923],[87.2324,24.5903],[87.2372,24.5889],[87.2439,24.5874],[87.2491,24.5857],[87.254,24.5881],[87.2593,24.5897],[87.2651,24.5911],[87.2704,24.5943],[87.2743,24.5993],[87.2777,24.6023],[87.2811,24.603],[87.2846,24.6016],[87.2878,24.5999],[87.2915,24.5976],[87.2976,24.5957],[87.3029,24.5972],[87.3097,24.5959],[87.3143,24.5966],[87.3157,24.5923],[87.3167,24.5891],[87.3207,24.5859],[87.3253,24.5829],[87.3284,24.5811],[87.3311,24.5792],[87.3326,24.5774],[87.3328,24.5746],[87.3325,24.5701],[87.3338,24.5668],[87.3367,24.564],[87.3406,24.5609],[87.3429,24.5611],[87.3462,24.5573],[87.3492,24.5519],[87.3528,24.5469],[87.3568,24.5439],[87.3597,24.5404],[87.3635,24.5355],[87.3681,24.5281],[87.3724,24.5228],[87.3754,24.5183],[87.3778,24.5133],[87.3781,24.5079],[87.3811,24.5042],[87.3882,24.5024],[87.3948,24.5019],[87.4002,24.5015],[87.4048,24.5016],[87.4056,24.506]]]},"properties":{"district_name":"Dumka","raw_district_name":"Dumka","state_code":"JH","state_name":"Jharkhand","census_code":362,"data_source":"DataMeet India Maps (Census 2011 Boundaries)"}},{"type":"Feature","geometry":{"type":"Polygon","coordinates":[[[83.875,24.5284],[83.8721,24.5255],[83.8551,24.493],[83.854,24.467],[83.8554,24.4464],[83.858,24.4318],[83.8556,24.4077],[83.8535,24.4025],[83.8452,24.3941],[83.836,24.3889],[83.8245,24.3812],[83.8211,24.3782],[83.8167,24.3699],[83.8133,24.3622],[83.8138,24.353],[83.8156,24.3493],[83.818,24.3461],[83.8295,24.3309],[83.8328,24.322],[83.832,24.3175],[83.8284,24.311],[83.8227,24.3055],[83.8192,24.3021],[83.818,24.2994],[83.8185,24.2913],[83.8359,24.2742],[83.846,24.2597],[83.853,24.2518],[83.8617,24.2397],[83.8731,24.2238],[83.876,24.2183],[83.8804,24.2098],[83.884,24.206],[83.887,24.2029],[83.8897,24.2],[83.8996,24.1935],[83.9027,24.1912],[83.905,24.1896],[83.9106,24.1852],[83.9177,24.1786],[83.9254,24.1713],[83.9306,24.1677],[83.9327,24.1666],[83.943,24.1613],[83.9507,24.159],[83.9585,24.1554],[83.97,24.1518],[83.9722,24.1438],[83.9754,24.1419],[83.9782,24.1351],[83.9778,24.1304],[83.9772,24.124],[83.9789,24.1213],[83.9821,24.1184],[83.9893,24.112],[83.991,24.1089],[83.9906,24.1059],[83.9892,24.1036],[83.9847,24.1022],[83.9796,24.1031],[83.9794,24.1028],[83.9788,24.1033],[83.9722,24.1045],[83.9612,24.1114],[83.9554,24.0982],[83.9521,24.0939],[83.9492,24.0938],[83.9453,24.0982],[83.9424,24.1002],[83.9389,24.1002],[83.9299,24.0938],[83.92,24.0888],[83.9196,24.091],[83.917,24.0929],[83.9112,24.093],[83.9078,24.0898],[83.8949,24.0881],[83.8913,24.0835],[83.8864,24.0793],[83.8802,24.0773],[83.8725,24.0719],[83.867,24.0698],[83.8663,24.0581],[83.8624,24.042],[83.8605,24.0395],[83.8465,24.0323],[83.8413,24.0212],[83.8395,24.0157],[83.8302,24.0048],[83.8272,24.0016],[83.8274,23.9988],[83.8289,23.9961],[83.8316,23.9929],[83.837,23.9904],[83.8396,23.989],[83.8401,23.9877],[83.8389,23.9859],[83.8376,23.9841],[83.8367,23.9804],[83.8359,23.9754],[83.835,23.9706],[83.8346,23.9656],[83.8322,23.9635],[83.8297,23.9623],[83.8251,23.9624],[83.8218,23.9617],[83.8186,23.9607],[83.8187,23.9568],[83.8204,23.9542],[83.8224,23.9545],[83.826,23.9538],[83.8282,23.9521],[83.8303,23.9498],[83.8319,23.9485],[83.8335,23.9481],[83.8352,23.9493],[83.8366,23.9495],[83.84,23.95],[83.842,23.9507],[83.8453,23.9515],[83.8507,23.9517],[83.8586,23.9528],[83.8657,23.953],[83.8663,23.9536],[83.8664,23.9554],[83.8664,23.9641],[83.8649,23.968],[83.8656,23.971],[83.8673,23.9739],[83.8688,23.9765],[83.8686,23.9781],[83.8683,23.9807],[83.8704,23.9833],[83.8739,23.9843],[83.8777,23.9846],[83.8863,23.9832],[83.8899,23.9813],[83.893,23.9784],[83.8948,23.9765],[83.8959,23.9734],[83.8954,23.9706],[83.8955,23.9674],[83.8961,23.9667],[83.8979,23.9646],[83.8998,23.9633],[83.9024,23.9612],[83.9047,23.9591],[83.9058,23.9555],[83.9058,23.9529],[83.9061,23.9509],[83.907,23.9485],[83.9102,23.9467],[83.9149,23.9429],[83.9165,23.9412],[83.9158,23.9379],[83.9149,23.9357],[83.9175,23.9336],[83.9193,23.933],[83.9205,23.9331],[83.9227,23.9349],[83.9237,23.9336],[83.9254,23.9302],[83.9257,23.9276],[83.9251,23.9254],[83.9256,23.9236],[83.9268,23.9224],[83.93,23.922],[83.9326,23.9221],[83.9367,23.9223],[83.9388,23.9217],[83.9398,23.9195],[83.9387,23.9169],[83.9382,23.9134],[83.9383,23.9106],[83.9382,23.9068],[83.9373,23.9023],[83.936,23.9003],[83.9347,23.8985],[83.9344,23.8956],[83.9343,23.8906],[83.9339,23.8854],[83.9331,23.8793],[83.9329,23.8699],[83.9329,23.8647],[83.9339,23.8627],[83.9357,23.8605],[83.9394,23.8602],[83.9442,23.8601],[83.9486,23.8592],[83.9514,23.8574],[83.956,23.8549],[83.9633,23.8478],[83.9652,23.8451],[83.968,23.8417],[83.971,23.8396],[83.9738,23.8387],[83.977,23.8364],[83.98,23.8347],[83.9848,23.8307],[83.9856,23.829],[83.9892,23.8266],[83.9916,23.8247],[83.9954,23.8212],[83.9977,23.8194],[83.9992,23.817],[84.0002,23.8142],[83.9996,23.8104],[83.9993,23.8068],[83.9991,23.7998],[83.9999,23.797],[84.0019,23.7944],[84.0044,23.7938],[84.0062,23.7945],[84.0088,23.7946],[84.0124,23.7946],[84.0144,23.7952],[84.0185,23.7956],[84.0172,23.7926],[84.0173,23.7889],[84.0236,23.7796],[84.0233,23.7761],[84.016,23.7676],[84.008,23.7584],[84.0067,23.7424],[84,23.7417],[83.9938,23.7381],[83.9872,23.7316],[83.9849,23.7239],[83.9899,23.7175],[83.9939,23.7091],[84.0059,23.7075],[84.01,23.7057],[84.0179,23.6993],[84.0265,23.6944],[84.0316,23.6943],[84.0393,23.6958],[84.0469,23.6931],[84.0512,23.6932],[84.0581,23.6977],[84.0666,23.6941],[84.0696,23.692],[84.0677,23.6901],[84.0602,23.6869],[84.0622,23.6834],[84.0607,23.6777],[84.0594,23.673],[84.0547,23.6639],[84.0525,23.6595],[84.0481,23.6569],[84.0379,23.6527],[84.0318,23.6476],[84.0205,23.6374],[84.0143,23.6327],[84.0082,23.633],[84,23.6334],[83.9828,23.6312],[83.97,23.6265],[83.9559,23.6247],[83.9523,23.624],[83.9465,23.623],[83.9452,23.6228],[83.9389,23.6117],[83.9369,23.594],[83.9423,23.565],[83.9426,23.5634],[83.9298,23.5654],[83.922,23.5691],[83.9126,23.5699],[83.9058,23.5715],[83.8974,23.5763],[83.8903,23.5731],[83.867,23.5787],[83.8535,23.5812],[83.845,23.5817],[83.8286,23.5851],[83.8191,23.5888],[83.8183,23.5891],[83.8146,23.5839],[83.8137,23.5826],[83.8078,23.5834],[83.8051,23.5904],[83.7935,23.5984],[83.7823,23.5997],[83.7752,23.6093],[83.7731,23.6177],[83.7723,23.6217],[83.7552,23.6268],[83.7504,23.6406],[83.752,23.6458],[83.7538,23.6466],[83.7595,23.6491],[83.7594,23.6494],[83.7584,23.6535],[83.7515,23.6593],[83.7363,23.6675],[83.7288,23.6738],[83.7222,23.6826],[83.7225,23.6903],[83.7243,23.6912],[83.73,23.6942],[83.7302,23.6945],[83.7317,23.6968],[83.7396,23.7047],[83.7422,23.7136],[83.7399,23.724],[83.7368,23.7318],[83.7375,23.7437],[83.7369,23.7547],[83.7346,23.7599],[83.7198,23.7723],[83.72,23.7808],[83.7183,23.7895],[83.7152,23.7949],[83.7074,23.8015],[83.7031,23.8075],[83.7061,23.8163],[83.7029,23.8205],[83.696,23.8238],[83.6897,23.8256],[83.6895,23.8256],[83.6864,23.8234],[83.6852,23.8225],[83.6797,23.8199],[83.674,23.8258],[83.6658,23.8276],[83.6628,23.8318],[83.6651,23.8368],[83.6638,23.8434],[83.6571,23.8479],[83.6454,23.8468],[83.6375,23.8471],[83.619,23.8531],[83.6081,23.8532],[83.598,23.8562],[83.5887,23.8616],[83.5793,23.8628],[83.5688,23.8627],[83.5652,23.8692],[83.5671,23.8703],[83.5713,23.8727],[83.5806,23.8768],[83.5808,23.8772],[83.5837,23.8841],[83.5777,23.89],[83.5681,23.8923],[83.5569,23.8925],[83.5504,23.8979],[83.5449,23.9142],[83.5465,23.9331],[83.5413,23.9413],[83.5302,23.9517],[83.5201,23.9665],[83.5154,23.979],[83.5142,23.9908],[83.5152,24.0009],[83.5242,24.0101],[83.5225,24.0152],[83.5173,24.0248],[83.5144,24.0277],[83.5089,24.0301],[83.4866,24.038],[83.4761,24.0401],[83.4658,24.0413],[83.4607,24.0408],[83.4553,24.0419],[83.4409,24.054],[83.439,24.0573],[83.4369,24.0614],[83.4383,24.0684],[83.4378,24.0733],[83.4363,24.0791],[83.4331,24.0831],[83.4291,24.0831],[83.4224,24.0805],[83.4166,24.0798],[83.4108,24.0801],[83.4084,24.0811],[83.4001,24.0942],[83.391,24.0991],[83.3697,24.1012],[83.365,24.1009],[83.3535,24.0963],[83.3353,24.0989],[83.3313,24.1005],[83.3332,24.1017],[83.3468,24.1096],[83.3505,24.1134],[83.3513,24.118],[83.3567,24.1256],[83.3577,24.1363],[83.3602,24.1395],[83.3638,24.1469],[83.3651,24.156],[83.3733,24.1711],[83.3771,24.1797],[83.3783,24.1859],[83.3861,24.1999],[83.386,24.2044],[83.384,24.2092],[83.3838,24.213],[83.3862,24.216],[83.3871,24.2193],[83.3847,24.23],[83.3851,24.2347],[83.3886,24.2391],[83.3989,24.2437],[83.4012,24.2462],[83.4012,24.2517],[83.4097,24.2651],[83.4107,24.2752],[83.4083,24.2843],[83.404,24.2924],[83.3983,24.2955],[83.3944,24.2966],[83.3896,24.2989],[83.3884,24.2995],[83.3881,24.3038],[83.3834,24.3124],[83.3837,24.3135],[83.3864,24.3145],[83.3931,24.3193],[83.3992,24.3257],[83.4111,24.3364],[83.4147,24.338],[83.419,24.3385],[83.4313,24.3377],[83.4344,24.3389],[83.4379,24.3439],[83.4421,24.3465],[83.4489,24.3599],[83.4535,24.3622],[83.4592,24.3637],[83.4593,24.366],[83.4555,24.3674],[83.451,24.3718],[83.4506,24.3766],[83.4476,24.3791],[83.4478,24.3859],[83.4467,24.3879],[83.4426,24.3896],[83.4408,24.393],[83.4383,24.3949],[83.4377,24.4027],[83.4341,24.405],[83.4244,24.4084],[83.4198,24.4091],[83.408,24.4076],[83.4068,24.411],[83.4085,24.436],[83.4003,24.4353],[83.3977,24.4364],[83.3893,24.4545],[83.3921,24.4602],[83.395,24.4634],[83.3961,24.4669],[83.396,24.4721],[83.4005,24.4791],[83.4014,24.4836],[83.4015,24.4877],[83.3995,24.4916],[83.4,24.4959],[83.4009,24.5],[83.4034,24.5025],[83.4079,24.5048],[83.4343,24.5116],[83.4435,24.5124],[83.461,24.5159],[83.4698,24.5167],[83.4893,24.5227],[83.4946,24.5232],[83.5061,24.5259],[83.5174,24.5264],[83.5317,24.5248],[83.5429,24.5244],[83.5503,24.525],[83.5551,24.5229],[83.5791,24.5159],[83.6003,24.5138],[83.608,24.5122],[83.6527,24.5151],[83.6704,24.5147],[83.6786,24.5138],[83.6903,24.5146],[83.7035,24.5096],[83.7102,24.5064],[83.7245,24.504],[83.7386,24.5078],[83.7565,24.5096],[83.7833,24.5202],[83.7895,24.5226],[83.7958,24.5262],[83.8023,24.5285],[83.8068,24.5289],[83.8168,24.528],[83.824,24.5303],[83.8352,24.5322],[83.8493,24.5336],[83.8559,24.5354],[83.8655,24.5367],[83.8661,24.5364],[83.8758,24.532],[83.875,24.5284]]]},"properties":{"district_name":"Garhwa","raw_district_name":"Garhwa","state_code":"JH","state_name":"Jharkhand","census_code":346,"data_source":"DataMeet India Maps (Census 2011 Boundaries)"}},{"type":"Feature","geometry":{"type":"Polygon","coordinates":[[[86.4584,24.3696],[86.4588,24.3683],[86.4598,24.3648],[86.4588,24.36],[86.4598,24.3558],[86.4636,24.3541],[86.4695,24.3526],[86.4702,24.3512],[86.4696,24.3471],[86.4672,24.3434],[86.4653,24.3409],[86.4627,24.3374],[86.4637,24.3329],[86.4695,24.3315],[86.4724,24.33],[86.4754,24.3279],[86.475,24.3206],[86.4743,24.3134],[86.4769,24.3104],[86.4784,24.3064],[86.4789,24.3016],[86.4818,24.2976],[86.487,24.2961],[86.4886,24.2893],[86.4908,24.2864],[86.4956,24.2842],[86.5016,24.2832],[86.5069,24.2822],[86.5096,24.2751],[86.5107,24.2695],[86.5128,24.2639],[86.5136,24.2587],[86.5131,24.2485],[86.5155,24.243],[86.517,24.2381],[86.5123,24.2341],[86.5135,24.2294],[86.5178,24.2229],[86.5132,24.2157],[86.5121,24.2064],[86.5082,24.2024],[86.5046,24.1985],[86.506,24.1916],[86.5054,24.1832],[86.5004,24.1748],[86.4961,24.163],[86.4893,24.1521],[86.4983,24.1506],[86.5042,24.1494],[86.5091,24.1477],[86.5154,24.1477],[86.5206,24.1494],[86.5254,24.1532],[86.5279,24.1563],[86.5319,24.1548],[86.5433,24.1522],[86.5489,24.1509],[86.5548,24.1541],[86.5659,24.1477],[86.5757,24.1402],[86.5705,24.1395],[86.5679,24.1351],[86.5675,24.127],[86.5642,24.1235],[86.561,24.1116],[86.5582,24.1023],[86.5556,24.0993],[86.5518,24.0964],[86.548,24.0853],[86.5473,24.077],[86.5439,24.0725],[86.5386,24.0688],[86.5354,24.063],[86.5329,24.0566],[86.5212,24.0533],[86.5159,24.0517],[86.507,24.0498],[86.4992,24.0445],[86.4933,24.0455],[86.4893,24.0442],[86.4838,24.0441],[86.4803,24.0344],[86.4809,24.026],[86.4868,24.0294],[86.4868,24.0235],[86.4816,24.0221],[86.4747,24.0202],[86.4709,24.018],[86.464,24.0194],[86.4575,24.0223],[86.4511,24.0275],[86.4461,24.0303],[86.4409,24.0315],[86.4345,24.0306],[86.4279,24.0294],[86.4239,24.03],[86.4147,24.0349],[86.4062,24.0379],[86.3988,24.0405],[86.3933,24.0479],[86.3906,24.0546],[86.3873,24.059],[86.3822,24.0596],[86.3775,24.0586],[86.3731,24.0535],[86.3687,24.0507],[86.3606,24.0513],[86.3541,24.0538],[86.3493,24.0555],[86.3439,24.0545],[86.3367,24.0523],[86.3383,24.0498],[86.3359,24.0469],[86.3365,24.0427],[86.3352,24.0416],[86.3304,24.0405],[86.3225,24.0375],[86.3216,24.0357],[86.3235,24.0341],[86.3266,24.0326],[86.3295,24.0298],[86.3329,24.0284],[86.3376,24.0277],[86.3423,24.0267],[86.3428,24.0236],[86.3425,24.0211],[86.3405,24.0187],[86.336,24.0179],[86.3321,24.0164],[86.3282,24.0133],[86.3263,24.0109],[86.3232,24.0065],[86.3154,23.9977],[86.3052,23.9904],[86.3032,23.984],[86.3051,23.9778],[86.3029,23.9743],[86.3009,23.9668],[86.2901,23.9459],[86.2927,23.9142],[86.2798,23.9331],[86.2745,23.9322],[86.269,23.9297],[86.2628,23.93],[86.259,23.9313],[86.2455,23.9421],[86.2414,23.9433],[86.2224,23.9462],[86.2128,23.9449],[86.2051,23.9478],[86.1979,23.9484],[86.1862,23.9451],[86.1807,23.945],[86.1727,23.9427],[86.1651,23.938],[86.1606,23.9377],[86.1519,23.9349],[86.1372,23.9365],[86.1343,23.9312],[86.1298,23.9189],[86.1315,23.9126],[86.1285,23.9104],[86.1272,23.9024],[86.1238,23.8973],[86.1204,23.8955],[86.1191,23.894],[86.1133,23.8926],[86.1124,23.8907],[86.0948,23.8892],[86.0713,23.8954],[86.0625,23.8983],[86.0567,23.9019],[86.0514,23.9036],[86.0432,23.9018],[86.0359,23.8991],[86.0321,23.8987],[86.0287,23.8999],[86.0267,23.9018],[86.0252,23.9055],[86.0221,23.9093],[86.018,23.9113],[86.0099,23.9111],[86.006,23.9097],[86.0015,23.9079],[85.9987,23.9064],[85.9883,23.902],[85.9835,23.9001],[85.9775,23.8983],[85.9686,23.8978],[85.96,23.8988],[85.9573,23.9005],[85.9539,23.9073],[85.9529,23.9111],[85.9525,23.919],[85.9521,23.9252],[85.9503,23.9297],[85.9471,23.9327],[85.9453,23.9327],[85.9429,23.9305],[85.9409,23.9295],[85.9347,23.9265],[85.9312,23.926],[85.9301,23.9285],[85.9314,23.9353],[85.9309,23.9426],[85.9287,23.9479],[85.9255,23.9513],[85.9198,23.9542],[85.9197,23.9558],[85.9234,23.9562],[85.9296,23.9554],[85.9338,23.9626],[85.9344,23.9694],[85.927,23.9784],[85.9221,23.9777],[85.9206,23.981],[85.9159,23.9815],[85.9138,23.9847],[85.9063,23.9876],[85.9022,23.988],[85.8985,23.9916],[85.8965,24.0034],[85.8955,24.0122],[85.8915,24.0169],[85.8872,24.0193],[85.8835,24.0203],[85.8844,24.0259],[85.8918,24.0317],[85.8917,24.034],[85.8814,24.0344],[85.8792,24.0384],[85.8769,24.0378],[85.8743,24.0384],[85.8729,24.0423],[85.8735,24.046],[85.8705,24.05],[85.8684,24.0491],[85.8659,24.0507],[85.8679,24.054],[85.8657,24.0562],[85.8609,24.0535],[85.8574,24.0532],[85.8505,24.0561],[85.8502,24.0589],[85.8466,24.0608],[85.8449,24.0627],[85.8479,24.0667],[85.8454,24.0686],[85.8407,24.0657],[85.8389,24.0658],[85.835,24.0676],[85.8343,24.0709],[85.8308,24.0738],[85.8249,24.077],[85.8204,24.0783],[85.8181,24.0773],[85.8099,24.0702],[85.8057,24.0701],[85.7978,24.0719],[85.7954,24.0736],[85.7996,24.0824],[85.7926,24.0843],[85.78,24.0894],[85.7678,24.096],[85.7729,24.1064],[85.7656,24.1086],[85.7614,24.1049],[85.7571,24.1032],[85.7477,24.1054],[85.7407,24.1052],[85.7359,24.1024],[85.7331,24.0998],[85.7304,24.1001],[85.7304,24.1001],[85.7267,24.103],[85.718,24.1032],[85.7151,24.1048],[85.7079,24.1051],[85.7099,24.1146],[85.7096,24.1193],[85.7124,24.1239],[85.7078,24.1301],[85.7016,24.1353],[85.6885,24.1452],[85.6786,24.1491],[85.6698,24.1561],[85.6732,24.1613],[85.6747,24.1674],[85.6753,24.1735],[85.6787,24.1829],[85.712,24.1931],[85.7255,24.1959],[85.7302,24.1982],[85.7318,24.2026],[85.7317,24.2062],[85.7388,24.2061],[85.7426,24.2076],[85.7485,24.2079],[85.7575,24.2107],[85.7646,24.2171],[85.7724,24.2139],[85.7831,24.2166],[85.793,24.221],[85.7981,24.2302],[85.8007,24.2321],[85.807,24.2265],[85.8111,24.224],[85.8177,24.2176],[85.8195,24.2198],[85.8278,24.2236],[85.8354,24.2229],[85.8441,24.2239],[85.8462,24.223],[85.85,24.2188],[85.8535,24.2174],[85.8569,24.2193],[85.8526,24.2243],[85.8532,24.2298],[85.8553,24.2353],[85.8555,24.2417],[85.8504,24.2548],[85.8488,24.2576],[85.8448,24.2588],[85.8393,24.2586],[85.8346,24.2596],[85.8332,24.2639],[85.851,24.2774],[85.8567,24.2831],[85.8575,24.2871],[85.8602,24.2922],[85.8699,24.2948],[85.8698,24.3],[85.8714,24.3051],[85.8684,24.3124],[85.869,24.3174],[85.8667,24.3187],[85.8663,24.3214],[85.8678,24.325],[85.8679,24.3299],[85.8662,24.3349],[85.8635,24.3343],[85.8598,24.3353],[85.8549,24.3349],[85.8513,24.3355],[85.8502,24.3408],[85.8446,24.3473],[85.8447,24.3527],[85.8473,24.3575],[85.8483,24.3613],[85.8524,24.3678],[85.8502,24.3729],[85.8512,24.3777],[85.8477,24.3813],[85.8507,24.3912],[85.85,24.3951],[85.8522,24.401],[85.8493,24.4072],[85.849,24.411],[85.8529,24.4201],[85.8412,24.4279],[85.8377,24.4295],[85.8362,24.4317],[85.8317,24.4465],[85.832,24.4498],[85.839,24.4555],[85.8435,24.4597],[85.8486,24.4631],[85.8509,24.4668],[85.8534,24.4688],[85.8627,24.4898],[85.8667,24.5031],[85.864,24.513],[85.8679,24.5269],[85.8665,24.5298],[85.8535,24.5396],[85.8402,24.5474],[85.8361,24.549],[85.8257,24.5505],[85.8171,24.5506],[85.8122,24.5514],[85.8099,24.5526],[85.8082,24.5576],[85.8047,24.5587],[85.8068,24.5647],[85.8057,24.5691],[85.8068,24.5762],[85.8019,24.5802],[85.7945,24.592],[85.7945,24.5988],[85.7967,24.6037],[85.8014,24.6088],[85.8036,24.6127],[85.79,24.6076],[85.7863,24.6087],[85.7771,24.6131],[85.7714,24.6138],[85.7676,24.6163],[85.7647,24.626],[85.7664,24.6294],[85.7751,24.639],[85.78,24.6473],[85.7852,24.6517],[85.7862,24.6592],[85.7902,24.6653],[85.7955,24.6699],[85.8011,24.6732],[85.8099,24.6739],[85.828,24.6675],[85.8341,24.6697],[85.841,24.6705],[85.8421,24.6727],[85.8373,24.6799],[85.8371,24.6848],[85.8339,24.6857],[85.8329,24.693],[85.8299,24.6983],[85.8289,24.7063],[85.8271,24.7115],[85.821,24.716],[85.8199,24.7224],[85.8224,24.7298],[85.8302,24.7351],[85.8388,24.7374],[85.8477,24.7388],[85.8549,24.7382],[85.8579,24.7425],[85.8626,24.7417],[85.8654,24.7385],[85.8769,24.74],[85.8848,24.7385],[85.8935,24.7358],[85.8951,24.7388],[85.8951,24.7415],[85.8898,24.7482],[85.8908,24.754],[85.8975,24.7546],[85.9005,24.754],[85.9019,24.7553],[85.9016,24.7564],[85.9114,24.7616],[85.9173,24.754],[85.9278,24.7449],[85.9345,24.7408],[85.9495,24.7348],[85.9571,24.7325],[85.9674,24.7321],[85.9729,24.7326],[85.9769,24.7339],[85.9795,24.7366],[85.9827,24.7463],[85.984,24.748],[86.0068,24.7517],[86.0129,24.766],[86.0163,24.7683],[86.0208,24.7693],[86.0264,24.7681],[86.0295,24.7697],[86.0345,24.7706],[86.0386,24.7731],[86.0412,24.7765],[86.0457,24.777],[86.0498,24.7777],[86.0546,24.7786],[86.0573,24.7799],[86.0594,24.7735],[86.0596,24.7681],[86.0597,24.7621],[86.0566,24.7562],[86.0521,24.7523],[86.0483,24.7483],[86.0427,24.7477],[86.0436,24.7442],[86.0458,24.7417],[86.0494,24.7443],[86.0618,24.7467],[86.0671,24.7481],[86.0699,24.7521],[86.0933,24.7467],[86.1122,24.7364],[86.116,24.7327],[86.1176,24.7245],[86.1226,24.7193],[86.1253,24.7121],[86.1311,24.7056],[86.1357,24.6905],[86.1386,24.6809],[86.1402,24.676],[86.1366,24.672],[86.1326,24.6713],[86.1351,24.6665],[86.1329,24.6547],[86.1298,24.6485],[86.1249,24.6424],[86.1285,24.6306],[86.1286,24.6245],[86.1298,24.6203],[86.1322,24.6124],[86.1373,24.6095],[86.1399,24.6041],[86.1512,24.6036],[86.1588,24.6003],[86.1635,24.5898],[86.1722,24.5843],[86.2015,24.5858],[86.2222,24.5918],[86.2231,24.6034],[86.2239,24.6124],[86.2368,24.6029],[86.2452,24.5974],[86.2494,24.5928],[86.255,24.5858],[86.264,24.5838],[86.268,24.5776],[86.2706,24.5765],[86.2727,24.5826],[86.2762,24.5785],[86.2799,24.5763],[86.2833,24.5749],[86.2826,24.5798],[86.2802,24.5834],[86.2869,24.5849],[86.2948,24.585],[86.2991,24.5868],[86.3081,24.5838],[86.3165,24.5823],[86.3187,24.5866],[86.3293,24.5848],[86.3291,24.5813],[86.325,24.5796],[86.3258,24.5752],[86.3174,24.5689],[86.3145,24.5664],[86.3162,24.5638],[86.3105,24.559],[86.3162,24.5481],[86.3146,24.5416],[86.3078,24.5327],[86.3097,24.5285],[86.3139,24.5271],[86.3169,24.5146],[86.3188,24.5093],[86.3161,24.5071],[86.3099,24.4991],[86.308,24.4943],[86.3046,24.4898],[86.3041,24.4833],[86.3003,24.4772],[86.2919,24.4776],[86.2882,24.4713],[86.2855,24.4628],[86.3073,24.4576],[86.3052,24.4551],[86.3059,24.4498],[86.3101,24.4457],[86.3219,24.4448],[86.3258,24.441],[86.339,24.4411],[86.3541,24.4414],[86.357,24.4446],[86.3598,24.4429],[86.369,24.4277],[86.3742,24.4251],[86.3796,24.4168],[86.3875,24.4133],[86.4049,24.4012],[86.4073,24.3972],[86.4218,24.3802],[86.4314,24.3791],[86.4369,24.3771],[86.4403,24.3778],[86.4525,24.3694],[86.4584,24.3696]]]},"properties":{"district_name":"Giridih","raw_district_name":"Giridih","state_code":"JH","state_name":"Jharkhand","census_code":349,"data_source":"DataMeet India Maps (Census 2011 Boundaries)"}},{"type":"Feature","geometry":{"type":"Polygon","coordinates":[[[87.4781,25.1952],[87.4834,25.175],[87.4949,25.1529],[87.5003,25.1372],[87.4764,25.1061],[87.4798,25.1008],[87.4867,25.0985],[87.4924,25.094],[87.4952,25.0856],[87.4988,25.0827],[87.5027,25.0753],[87.5121,25.0657],[87.5198,25.0619],[87.523,25.0578],[87.5192,25.0574],[87.5145,25.0545],[87.51,25.0548],[87.5096,25.0559],[87.5068,25.0521],[87.511,25.0402],[87.5057,25.0275],[87.4981,25.0188],[87.4921,25.0156],[87.4889,25.0151],[87.4827,25.0117],[87.475,25.0009],[87.4687,24.9938],[87.467,24.9899],[87.4688,24.9871],[87.473,24.9852],[87.4772,24.9825],[87.4781,24.9779],[87.4779,24.9723],[87.4775,24.9676],[87.4751,24.968],[87.4736,24.9615],[87.472,24.9542],[87.4659,24.9528],[87.4664,24.9474],[87.4625,24.9428],[87.4624,24.9374],[87.4591,24.9329],[87.4593,24.9281],[87.4592,24.9233],[87.46,24.9169],[87.4647,24.9176],[87.4699,24.9168],[87.4693,24.9116],[87.4688,24.9073],[87.4671,24.9028],[87.4641,24.8986],[87.4604,24.8962],[87.4549,24.894],[87.4566,24.8885],[87.4596,24.8844],[87.4643,24.8802],[87.4681,24.8766],[87.4679,24.8729],[87.4593,24.8706],[87.46,24.8615],[87.4655,24.8626],[87.4698,24.8581],[87.4748,24.8603],[87.4783,24.8604],[87.4794,24.8578],[87.4749,24.8567],[87.4727,24.8544],[87.4771,24.8547],[87.4764,24.85],[87.4797,24.8469],[87.4795,24.8444],[87.4784,24.8373],[87.4796,24.8314],[87.4835,24.8273],[87.4843,24.823],[87.4869,24.8179],[87.4915,24.8144],[87.495,24.8096],[87.4985,24.8049],[87.5044,24.8013],[87.512,24.798],[87.511,24.7974],[87.5015,24.7912],[87.4973,24.7887],[87.4996,24.7861],[87.4963,24.7839],[87.493,24.7844],[87.4898,24.7856],[87.4874,24.7878],[87.4857,24.7883],[87.4835,24.7882],[87.4808,24.788],[87.476,24.7889],[87.4702,24.7901],[87.4653,24.7929],[87.4618,24.7926],[87.4595,24.7878],[87.4566,24.7811],[87.4531,24.7762],[87.4486,24.771],[87.4432,24.7655],[87.4387,24.7613],[87.4374,24.7564],[87.4379,24.7527],[87.4407,24.7511],[87.4446,24.7508],[87.4486,24.7458],[87.4538,24.7395],[87.4571,24.7355],[87.4598,24.7324],[87.4573,24.7284],[87.4572,24.7255],[87.4629,24.7243],[87.4644,24.7203],[87.4652,24.7152],[87.4651,24.7102],[87.4658,24.7057],[87.4695,24.6994],[87.4712,24.6932],[87.4728,24.686],[87.4695,24.6802],[87.4718,24.6729],[87.4728,24.6672],[87.4737,24.6586],[87.4723,24.6514],[87.4698,24.6475],[87.4663,24.643],[87.4609,24.6379],[87.4551,24.6343],[87.4513,24.6298],[87.4492,24.6257],[87.4495,24.6209],[87.4503,24.618],[87.4532,24.6161],[87.4617,24.6163],[87.4638,24.6104],[87.4662,24.602],[87.4575,24.5959],[87.4575,24.591],[87.4578,24.5856],[87.4617,24.5828],[87.4658,24.5809],[87.4695,24.5781],[87.469,24.5745],[87.4661,24.5697],[87.4625,24.5681],[87.4586,24.5669],[87.4529,24.5641],[87.4471,24.5635],[87.4409,24.5654],[87.4389,24.5596],[87.4345,24.5591],[87.4282,24.5576],[87.424,24.5557],[87.4224,24.5527],[87.4206,24.5488],[87.4172,24.5458],[87.412,24.5464],[87.4097,24.5443],[87.4089,24.5404],[87.4085,24.5369],[87.4064,24.5367],[87.4054,24.5405],[87.403,24.5437],[87.3999,24.5464],[87.3954,24.547],[87.392,24.5454],[87.3927,24.5418],[87.3923,24.535],[87.3906,24.5286],[87.3898,24.5235],[87.3906,24.5186],[87.394,24.5141],[87.3978,24.5108],[87.4056,24.506],[87.4048,24.5016],[87.4002,24.5015],[87.3948,24.5019],[87.3882,24.5024],[87.3811,24.5042],[87.3781,24.5079],[87.3778,24.5133],[87.3754,24.5183],[87.3724,24.5228],[87.3681,24.5281],[87.3635,24.5355],[87.3597,24.5404],[87.3568,24.5439],[87.3528,24.5469],[87.3492,24.5519],[87.3462,24.5573],[87.3429,24.5611],[87.3406,24.5609],[87.3367,24.564],[87.3338,24.5668],[87.3325,24.5701],[87.3328,24.5746],[87.3326,24.5774],[87.3311,24.5792],[87.3284,24.5811],[87.3253,24.5829],[87.3207,24.5859],[87.3167,24.5891],[87.3157,24.5923],[87.3143,24.5966],[87.3097,24.5959],[87.3029,24.5972],[87.2976,24.5957],[87.2915,24.5976],[87.2878,24.5999],[87.2846,24.6016],[87.2811,24.603],[87.2777,24.6023],[87.2743,24.5993],[87.2704,24.5943],[87.2651,24.5911],[87.2593,24.5897],[87.254,24.5881],[87.2491,24.5857],[87.2439,24.5874],[87.2372,24.5889],[87.2324,24.5903],[87.2258,24.5923],[87.2234,24.5901],[87.2194,24.5877],[87.2149,24.5889],[87.2123,24.5916],[87.2098,24.5931],[87.2069,24.5937],[87.2015,24.5965],[87.1965,24.601],[87.1919,24.6046],[87.1882,24.607],[87.1824,24.6061],[87.1791,24.6078],[87.1756,24.6116],[87.1718,24.6149],[87.166,24.6146],[87.1612,24.6135],[87.1561,24.6139],[87.151,24.6162],[87.1457,24.619],[87.1403,24.6225],[87.1362,24.6263],[87.132,24.6285],[87.128,24.6281],[87.1236,24.6281],[87.1195,24.629],[87.1124,24.6293],[87.1087,24.6302],[87.1027,24.6322],[87.0982,24.6348],[87.0924,24.6378],[87.0882,24.6372],[87.0822,24.6369],[87.0776,24.6393],[87.071,24.6421],[87.0652,24.6424],[87.0609,24.6393],[87.0579,24.6338],[87.0557,24.6268],[87.0503,24.625],[87.0517,24.6318],[87.0547,24.6379],[87.0563,24.6444],[87.0569,24.6502],[87.0583,24.6564],[87.0607,24.6616],[87.0612,24.666],[87.0606,24.6715],[87.0648,24.6732],[87.0661,24.6781],[87.0672,24.6824],[87.0697,24.6859],[87.0729,24.6894],[87.0752,24.6921],[87.0765,24.6954],[87.0768,24.6997],[87.0773,24.704],[87.0771,24.7082],[87.0785,24.7118],[87.0796,24.7134],[87.0825,24.7155],[87.0836,24.7197],[87.0862,24.7228],[87.0878,24.7254],[87.0883,24.7279],[87.0873,24.7301],[87.0871,24.7335],[87.0872,24.7368],[87.0863,24.7378],[87.0844,24.737],[87.083,24.7365],[87.0815,24.7373],[87.0817,24.739],[87.0823,24.7408],[87.0799,24.7414],[87.0795,24.7439],[87.0805,24.7456],[87.0824,24.7463],[87.0857,24.7474],[87.0875,24.7492],[87.0871,24.7516],[87.0869,24.7525],[87.089,24.7545],[87.091,24.7566],[87.0922,24.7591],[87.0908,24.7623],[87.0893,24.7653],[87.0885,24.7688],[87.0885,24.7738],[87.0888,24.78],[87.0916,24.7833],[87.094,24.786],[87.0972,24.7889],[87.0988,24.7931],[87.1016,24.7984],[87.1026,24.8023],[87.1025,24.8048],[87.0999,24.8052],[87.0967,24.8035],[87.0948,24.8049],[87.0923,24.8067],[87.0894,24.8074],[87.0873,24.8081],[87.0868,24.8103],[87.0833,24.8091],[87.0831,24.8126],[87.0836,24.815],[87.0833,24.8189],[87.0845,24.823],[87.0863,24.8251],[87.0902,24.824],[87.0937,24.8238],[87.0972,24.8243],[87.1009,24.827],[87.1035,24.8306],[87.1057,24.8355],[87.1084,24.84],[87.1106,24.8452],[87.112,24.8481],[87.1155,24.8515],[87.1205,24.8563],[87.1251,24.8547],[87.1293,24.8537],[87.1333,24.8552],[87.1358,24.8582],[87.1387,24.8603],[87.1448,24.86],[87.1505,24.86],[87.1569,24.8592],[87.1576,24.8638],[87.1533,24.8631],[87.1539,24.8686],[87.1556,24.8731],[87.1605,24.8772],[87.1625,24.8814],[87.1641,24.8863],[87.1642,24.8903],[87.1629,24.8968],[87.1603,24.9008],[87.1562,24.9039],[87.1547,24.9058],[87.1537,24.9089],[87.1525,24.9135],[87.1536,24.9185],[87.1557,24.9219],[87.1587,24.9246],[87.1606,24.9272],[87.1613,24.9324],[87.1581,24.9372],[87.1546,24.9428],[87.1548,24.95],[87.1568,24.9564],[87.1586,24.9636],[87.158,24.9692],[87.1581,24.9751],[87.159,24.9838],[87.1597,24.9916],[87.1525,25.0005],[87.152,25.0042],[87.1505,25.007],[87.1499,25.0114],[87.1503,25.0186],[87.1528,25.0249],[87.1551,25.0268],[87.1584,25.0271],[87.1644,25.0316],[87.1711,25.0434],[87.1711,25.0464],[87.1743,25.0493],[87.1746,25.0495],[87.1793,25.057],[87.1799,25.0586],[87.1827,25.0646],[87.1904,25.0676],[87.1938,25.0676],[87.2036,25.0742],[87.2059,25.08],[87.2144,25.0839],[87.2168,25.0858],[87.2174,25.0901],[87.2217,25.0907],[87.224,25.0891],[87.2332,25.0881],[87.2399,25.0864],[87.2459,25.1],[87.2471,25.1013],[87.2514,25.0996],[87.2553,25.1059],[87.2566,25.1064],[87.2648,25.1052],[87.2691,25.1014],[87.2705,25.0983],[87.2763,25.0942],[87.2809,25.0927],[87.2916,25.0915],[87.2971,25.0898],[87.3014,25.1003],[87.2988,25.1052],[87.3009,25.1125],[87.3009,25.1144],[87.2993,25.1149],[87.304,25.1352],[87.3059,25.1351],[87.3095,25.1387],[87.3084,25.1411],[87.3095,25.1437],[87.3078,25.1444],[87.3083,25.1458],[87.314,25.1508],[87.3157,25.1541],[87.3165,25.1608],[87.3204,25.1633],[87.3211,25.1655],[87.3204,25.1679],[87.3191,25.1698],[87.3167,25.1703],[87.3221,25.1868],[87.3232,25.1892],[87.3218,25.1935],[87.322,25.1974],[87.3244,25.2017],[87.3296,25.2235],[87.3366,25.2227],[87.3365,25.2175],[87.3538,25.2136],[87.3611,25.2139],[87.3641,25.2117],[87.3745,25.2074],[87.3759,25.2055],[87.38,25.219],[87.3832,25.2231],[87.3893,25.2239],[87.3925,25.2262],[87.3978,25.228],[87.4026,25.2262],[87.4082,25.2219],[87.4137,25.2195],[87.4155,25.2156],[87.4226,25.2154],[87.4611,25.198],[87.4638,25.1983],[87.4679,25.1957],[87.4728,25.1962],[87.4736,25.1937],[87.4781,25.1952]]]},"properties":{"district_name":"Godda","raw_district_name":"Godda","state_code":"JH","state_name":"Jharkhand","census_code":351,"data_source":"DataMeet India Maps (Census 2011 Boundaries)"}},{"type":"Feature","geometry":{"type":"Polygon","coordinates":[[[84.399,23.6042],[84.4074,23.6],[84.4423,23.5887],[84.4459,23.5935],[84.4497,23.5932],[84.4514,23.595],[84.4532,23.5956],[84.454,23.5931],[84.452,23.585],[84.4632,23.5824],[84.4684,23.5791],[84.471,23.576],[84.4704,23.5698],[84.4626,23.539],[84.4621,23.5341],[84.4627,23.5302],[84.4696,23.5209],[84.4708,23.5144],[84.4696,23.505],[84.47,23.4982],[84.4754,23.4876],[84.4748,23.4852],[84.4689,23.478],[84.4641,23.4678],[84.4613,23.4648],[84.4574,23.4628],[84.4524,23.4584],[84.4481,23.4559],[84.4423,23.4445],[84.428,23.4323],[84.4252,23.4295],[84.424,23.4264],[84.434,23.4144],[84.4438,23.405],[84.447,23.4033],[84.4519,23.4029],[84.4635,23.4079],[84.4755,23.4035],[84.481,23.3949],[84.4773,23.3921],[84.4734,23.3872],[84.4737,23.3744],[84.4728,23.37],[84.4752,23.365],[84.4795,23.3601],[84.4865,23.3562],[84.4928,23.3539],[84.5,23.3524],[84.5014,23.3551],[84.5013,23.3673],[84.5025,23.3718],[84.5052,23.3757],[84.5133,23.384],[84.5199,23.3818],[84.5216,23.3783],[84.5206,23.3698],[84.5262,23.3658],[84.5385,23.3485],[84.5452,23.3455],[84.5529,23.3465],[84.5574,23.348],[84.5621,23.3482],[84.5668,23.3465],[84.5731,23.3421],[84.5786,23.3322],[84.5898,23.322],[84.5964,23.3196],[84.6081,23.3168],[84.6153,23.3214],[84.6187,23.3193],[84.6227,23.3145],[84.6288,23.309],[84.6359,23.3073],[84.6449,23.3082],[84.6511,23.312],[84.6593,23.3094],[84.6643,23.3156],[84.6712,23.3163],[84.6748,23.3201],[84.6782,23.3199],[84.6814,23.3173],[84.6852,23.3173],[84.6882,23.313],[84.6926,23.3097],[84.6984,23.3096],[84.7057,23.3106],[84.7114,23.3119],[84.7163,23.3207],[84.7359,23.3317],[84.7458,23.3313],[84.7504,23.324],[84.7541,23.3215],[84.7714,23.3195],[84.7805,23.3197],[84.7873,23.3212],[84.7883,23.3172],[84.7922,23.3146],[84.7928,23.3122],[84.7886,23.2965],[84.7868,23.2832],[84.7875,23.2813],[84.7891,23.28],[84.7922,23.2799],[84.8046,23.2813],[84.8129,23.2835],[84.8143,23.2858],[84.8162,23.293],[84.8176,23.2943],[84.8207,23.2953],[84.8278,23.2955],[84.8386,23.2974],[84.8425,23.301],[84.845,23.3049],[84.8459,23.3106],[84.8485,23.3137],[84.8519,23.3159],[84.8644,23.3161],[84.8693,23.3143],[84.8747,23.311],[84.8842,23.3161],[84.891,23.3171],[84.898,23.3201],[84.9052,23.3245],[84.9109,23.3268],[84.9167,23.3206],[84.9204,23.3201],[84.9264,23.3109],[84.9259,23.3089],[84.923,23.3061],[84.912,23.2972],[84.9023,23.2853],[84.9001,23.2779],[84.899,23.2665],[84.8995,23.261],[84.9017,23.2598],[84.9095,23.258],[84.9152,23.2548],[84.9156,23.2524],[84.9125,23.2502],[84.9138,23.2438],[84.9235,23.2393],[84.9316,23.2371],[84.9399,23.2317],[84.945,23.2309],[84.9511,23.2282],[84.9519,23.225],[84.9512,23.2195],[84.9456,23.2099],[84.9396,23.2087],[84.9365,23.2027],[84.9198,23.1956],[84.9161,23.1957],[84.914,23.1948],[84.9148,23.1918],[84.9176,23.19],[84.9256,23.1873],[84.9246,23.1771],[84.9208,23.1685],[84.9068,23.1717],[84.8998,23.1725],[84.8946,23.1692],[84.8924,23.1628],[84.8907,23.1498],[84.8862,23.14],[84.8875,23.1336],[84.8908,23.1298],[84.8896,23.12],[84.8904,23.1174],[84.8984,23.111],[84.8997,23.1091],[84.8948,23.0988],[84.8901,23.0997],[84.8712,23.0978],[84.8693,23.0939],[84.8702,23.0894],[84.8735,23.0843],[84.8765,23.0768],[84.8773,23.0677],[84.8806,23.0649],[84.8972,23.0595],[84.9041,23.0552],[84.9048,23.048],[84.9118,23.0425],[84.9142,23.0349],[84.9177,23.0286],[84.9209,23.0267],[84.9255,23.0278],[84.9297,23.0273],[84.9321,23.0291],[84.9315,23.034],[84.9334,23.0345],[84.9355,23.0329],[84.9383,23.0293],[84.9436,23.0247],[84.9441,23.0229],[84.9391,23.0155],[84.9408,23.0124],[84.9426,23.0115],[84.9455,23.01],[84.9461,23.0065],[84.9467,22.9995],[84.9427,22.9948],[84.943,22.9838],[84.9445,22.9737],[84.9469,22.9649],[84.9523,22.9627],[84.9642,22.9659],[84.9729,22.967],[84.9853,22.9642],[84.9913,22.9609],[84.9961,22.9543],[85.0014,22.9503],[85.0054,22.9449],[85.01,22.9468],[85.0149,22.9473],[85.0156,22.9432],[85.0132,22.9332],[85.0152,22.9306],[85.0164,22.9276],[85.0155,22.9232],[85.0115,22.9131],[85.0096,22.9116],[85.0093,22.9181],[85.0013,22.9231],[84.9959,22.9244],[84.9906,22.9219],[84.9872,22.9158],[84.982,22.8972],[84.9888,22.8968],[84.9911,22.8957],[84.9908,22.887],[84.9879,22.869],[84.9927,22.8575],[85.0012,22.8412],[85.0027,22.8394],[85.0023,22.8318],[85.0054,22.8282],[85.0082,22.8165],[85.0083,22.8098],[85.0074,22.8035],[85.0037,22.8021],[85.0011,22.8023],[84.985,22.7994],[84.979,22.7851],[84.979,22.7851],[84.9687,22.7822],[84.9637,22.7786],[84.9577,22.7749],[84.952,22.7754],[84.9469,22.7779],[84.9332,22.7905],[84.9284,22.788],[84.9231,22.7817],[84.9199,22.7676],[84.913,22.7606],[84.9056,22.7595],[84.9017,22.757],[84.9011,22.7523],[84.8978,22.7486],[84.8911,22.7444],[84.8837,22.7418],[84.8776,22.7448],[84.8747,22.7526],[84.8695,22.7552],[84.8636,22.7572],[84.8606,22.7635],[84.8539,22.767],[84.8474,22.7694],[84.844,22.7665],[84.8432,22.7598],[84.8444,22.7518],[84.8506,22.7415],[84.858,22.7316],[84.858,22.7231],[84.8557,22.7197],[84.85,22.7211],[84.8401,22.7271],[84.8351,22.7315],[84.8342,22.736],[84.831,22.7416],[84.8243,22.7468],[84.8196,22.7454],[84.8159,22.7395],[84.8173,22.7311],[84.8206,22.7196],[84.8202,22.7132],[84.8148,22.7087],[84.8057,22.711],[84.8003,22.7113],[84.7971,22.7171],[84.7932,22.7176],[84.7892,22.7216],[84.7893,22.73],[84.793,22.746],[84.7948,22.7539],[84.7942,22.7712],[84.7894,22.7708],[84.7873,22.7677],[84.7854,22.7583],[84.7783,22.7626],[84.7768,22.7808],[84.7818,22.7906],[84.7721,22.7898],[84.7654,22.7901],[84.7576,22.7924],[84.7519,22.7947],[84.738,22.8005],[84.7325,22.8012],[84.7287,22.7972],[84.7255,22.7905],[84.719,22.7866],[84.7192,22.7822],[84.7229,22.7827],[84.7228,22.7796],[84.7271,22.7741],[84.729,22.7729],[84.7254,22.7645],[84.711,22.7657],[84.703,22.7625],[84.7001,22.7576],[84.6992,22.7517],[84.6997,22.748],[84.6963,22.7418],[84.6792,22.7359],[84.6706,22.7377],[84.6692,22.734],[84.6655,22.7285],[84.6597,22.7279],[84.6539,22.7323],[84.6508,22.7388],[84.6464,22.7326],[84.6373,22.7301],[84.6225,22.7311],[84.6072,22.7298],[84.605,22.7254],[84.6059,22.7221],[84.5934,22.7122],[84.5873,22.7134],[84.5831,22.7181],[84.5801,22.7215],[84.574,22.7257],[84.5698,22.7272],[84.5595,22.7287],[84.5622,22.7321],[84.5641,22.7388],[84.5686,22.744],[84.5626,22.7464],[84.5539,22.758],[84.5483,22.7626],[84.5437,22.7625],[84.5407,22.7607],[84.5398,22.7497],[84.5379,22.7448],[84.5314,22.7426],[84.5308,22.7389],[84.526,22.742],[84.5213,22.7478],[84.5171,22.755],[84.5213,22.7598],[84.5274,22.7606],[84.5333,22.7652],[84.5386,22.7651],[84.5498,22.7665],[84.5541,22.7701],[84.5575,22.7776],[84.5559,22.7873],[84.5507,22.7914],[84.5327,22.7911],[84.5279,22.7948],[84.5035,22.7955],[84.5051,22.8214],[84.4755,22.8326],[84.4654,22.8335],[84.4575,22.8353],[84.4519,22.8338],[84.4512,22.8313],[84.4514,22.8125],[84.4458,22.808],[84.4406,22.8068],[84.4296,22.8095],[84.4344,22.7993],[84.434,22.792],[84.4219,22.7787],[84.4184,22.765],[84.4162,22.7628],[84.4123,22.7633],[84.4067,22.7683],[84.4025,22.7736],[84.3954,22.7731],[84.3909,22.7721],[84.3926,22.767],[84.3898,22.7641],[84.3815,22.7619],[84.3769,22.7578],[84.374,22.7531],[84.3687,22.7543],[84.3629,22.7567],[84.3532,22.7607],[84.3509,22.7591],[84.3554,22.7501],[84.3511,22.7461],[84.34,22.7461],[84.3339,22.7549],[84.3275,22.7623],[84.3228,22.7639],[84.3216,22.7641],[84.3159,22.7647],[84.2947,22.7727],[84.2946,22.7728],[84.2941,22.7785],[84.2973,22.789],[84.3032,22.7954],[84.3088,22.7969],[84.3104,22.8003],[84.3169,22.8008],[84.3186,22.8051],[84.3195,22.8122],[84.3246,22.819],[84.3273,22.8378],[84.3255,22.8369],[84.3253,22.8455],[84.3273,22.8512],[84.3364,22.8613],[84.3419,22.862],[84.3453,22.8608],[84.3491,22.8609],[84.3548,22.8649],[84.3649,22.8624],[84.3768,22.8663],[84.3769,22.8707],[84.3784,22.8739],[84.3829,22.8754],[84.3838,22.8776],[84.3828,22.8831],[84.3851,22.8896],[84.3852,22.8949],[84.3836,22.8994],[84.3797,22.9001],[84.3778,22.9033],[84.3831,22.9109],[84.3932,22.9185],[84.3966,22.9254],[84.396,22.9404],[84.3934,22.944],[84.3889,22.9474],[84.3862,22.9505],[84.3847,22.9536],[84.3847,22.9633],[84.3833,22.9679],[84.3803,22.9737],[84.3775,22.9767],[84.3684,22.9761],[84.3552,22.9774],[84.3506,22.9753],[84.3388,22.9807],[84.3321,22.9809],[84.3252,22.9781],[84.3215,22.9738],[84.3137,22.9691],[84.2963,22.9632],[84.2856,22.9628],[84.2789,22.9725],[84.2759,22.9805],[84.2781,22.9857],[84.2784,22.9904],[84.2749,22.9894],[84.2691,22.9815],[84.2616,22.9752],[84.2579,22.9729],[84.2485,22.9744],[84.2444,22.9819],[84.2338,22.9815],[84.2241,22.9779],[84.2219,22.9789],[84.219,22.9878],[84.2081,23.0002],[84.2038,23.0055],[84.207,23.0165],[84.2053,23.0204],[84.197,23.0251],[84.1861,23.0239],[84.1837,23.0219],[84.1824,23.0133],[84.1797,23.0086],[84.181,23.0017],[84.1802,23.0002],[84.1757,22.9964],[84.1776,22.9866],[84.1784,22.9785],[84.1749,22.9724],[84.1616,22.9658],[84.1551,22.9653],[84.1506,22.9765],[84.1522,22.984],[84.1513,22.9896],[84.1454,22.9999],[84.1444,23.0076],[84.1388,23.0196],[84.1337,23.0273],[84.1317,23.0321],[84.1308,23.0379],[84.1304,23.0463],[84.1319,23.0548],[84.133,23.0582],[84.1379,23.0646],[84.1388,23.0687],[84.138,23.0787],[84.1365,23.0828],[84.1336,23.0864],[84.1233,23.0874],[84.1195,23.0884],[84.1174,23.0933],[84.112,23.1004],[84.1045,23.106],[84.095,23.1107],[84.0836,23.111],[84.0738,23.1083],[84.0686,23.1111],[84.0661,23.1137],[84.0627,23.1218],[84.06,23.1256],[84.0524,23.1316],[84.0471,23.1332],[84.0431,23.136],[84.0408,23.1395],[84.0405,23.1438],[84.0374,23.1504],[84.0362,23.1549],[84.0383,23.1622],[84.041,23.1689],[84.042,23.1708],[84.0465,23.1796],[84.0511,23.1856],[84.058,23.1906],[84.0633,23.1974],[84.0655,23.2046],[84.0652,23.209],[84.0608,23.2142],[84.0595,23.2174],[84.0594,23.2222],[84.0612,23.2352],[84.0576,23.2419],[84.0584,23.2475],[84.0663,23.275],[84.0662,23.2832],[84.0672,23.2872],[84.0702,23.2905],[84.071,23.2931],[84.0666,23.3052],[84.0671,23.3091],[84.0774,23.3308],[84.0787,23.3307],[84.0976,23.3291],[84.1021,23.337],[84.1094,23.3402],[84.1159,23.342],[84.1174,23.3441],[84.119,23.3502],[84.1287,23.3446],[84.1328,23.3449],[84.1373,23.3397],[84.1414,23.3377],[84.1672,23.3305],[84.1943,23.3244],[84.1967,23.3251],[84.2019,23.3357],[84.2062,23.3372],[84.2272,23.3402],[84.2302,23.3427],[84.2438,23.3485],[84.2465,23.3532],[84.2522,23.3691],[84.2606,23.3782],[84.2596,23.3836],[84.2535,23.4017],[84.2527,23.4073],[84.2534,23.4117],[84.2556,23.4156],[84.2563,23.4217],[84.2545,23.4278],[84.2491,23.4398],[84.2497,23.4454],[84.252,23.4513],[84.26,23.4576],[84.2697,23.4618],[84.2775,23.4667],[84.2777,23.4699],[84.285,23.4762],[84.289,23.4906],[84.2907,23.4929],[84.2932,23.4923],[84.3053,23.4839],[84.3173,23.483],[84.3171,23.4911],[84.3177,23.4923],[84.3269,23.4944],[84.3276,23.4994],[84.3268,23.5105],[84.3253,23.5173],[84.3286,23.528],[84.3268,23.5377],[84.3265,23.5508],[84.3255,23.5571],[84.3199,23.5741],[84.3192,23.5786],[84.3351,23.5827],[84.341,23.5852],[84.3442,23.5883],[84.3412,23.5993],[84.3454,23.6005],[84.3513,23.6048],[84.3565,23.6067],[84.3593,23.6087],[84.3763,23.605],[84.382,23.6076],[84.3934,23.6033],[84.399,23.6042]]]},"properties":{"district_name":"Gumla","raw_district_name":"Gumla","state_code":"JH","state_name":"Jharkhand","census_code":366,"data_source":"DataMeet India Maps (Census 2011 Boundaries)"}},{"type":"Feature","geometry":{"type":"Polygon","coordinates":[[[85.4309,24.3561],[85.4322,24.3525],[85.4314,24.3479],[85.4316,24.3414],[85.4413,24.3412],[85.4491,24.343],[85.4567,24.3409],[85.4606,24.3327],[85.4649,24.3328],[85.4673,24.3353],[85.4694,24.3387],[85.4724,24.3398],[85.478,24.3384],[85.4893,24.3338],[85.4966,24.3326],[85.5011,24.3319],[85.5121,24.3244],[85.5181,24.3315],[85.5208,24.3369],[85.5239,24.3405],[85.529,24.3399],[85.5344,24.3383],[85.5371,24.3392],[85.5421,24.3502],[85.544,24.3533],[85.5464,24.355],[85.5494,24.354],[85.5594,24.3479],[85.5652,24.3463],[85.5687,24.3481],[85.5696,24.3503],[85.57,24.3569],[85.5726,24.3583],[85.5764,24.3575],[85.582,24.344],[85.5856,24.3407],[85.5896,24.3392],[85.5942,24.3406],[85.5993,24.3447],[85.6031,24.3458],[85.6066,24.3448],[85.6098,24.3369],[85.6126,24.3337],[85.6239,24.3312],[85.6305,24.3313],[85.6372,24.3373],[85.639,24.3344],[85.6366,24.327],[85.6372,24.3227],[85.6312,24.315],[85.6281,24.3],[85.6255,24.2988],[85.6216,24.299],[85.6169,24.3013],[85.6134,24.3007],[85.6107,24.2981],[85.6118,24.2926],[85.6043,24.2816],[85.5959,24.2631],[85.5858,24.2644],[85.5726,24.26],[85.5686,24.2552],[85.5666,24.2489],[85.5651,24.2387],[85.5611,24.2403],[85.5593,24.2382],[85.5496,24.2416],[85.5438,24.2332],[85.5377,24.233],[85.535,24.2316],[85.5265,24.2328],[85.5262,24.2284],[85.5191,24.21],[85.5281,24.2034],[85.526,24.199],[85.523,24.1968],[85.5163,24.1954],[85.5065,24.1978],[85.5038,24.1956],[85.5,24.1846],[85.496,24.1762],[85.4997,24.1723],[85.5051,24.1687],[85.5115,24.1673],[85.5219,24.1674],[85.5366,24.1652],[85.5433,24.1655],[85.5512,24.1637],[85.5571,24.1599],[85.5605,24.1561],[85.5611,24.1508],[85.5686,24.1461],[85.5735,24.1403],[85.5753,24.136],[85.5763,24.1293],[85.5816,24.1289],[85.5972,24.1325],[85.6045,24.1323],[85.6163,24.1295],[85.6203,24.1285],[85.6271,24.1282],[85.6359,24.1339],[85.6423,24.1301],[85.6454,24.1267],[85.653,24.1231],[85.6578,24.1175],[85.662,24.1097],[85.6804,24.0964],[85.6849,24.0959],[85.6889,24.0979],[85.6968,24.0971],[85.701,24.0986],[85.7079,24.1051],[85.7079,24.1051],[85.7151,24.1048],[85.718,24.1032],[85.7267,24.103],[85.7304,24.1001],[85.7304,24.1001],[85.7331,24.0998],[85.7359,24.1024],[85.7407,24.1052],[85.7477,24.1054],[85.7571,24.1032],[85.7614,24.1049],[85.7656,24.1086],[85.7729,24.1064],[85.7678,24.096],[85.78,24.0894],[85.7926,24.0843],[85.7996,24.0824],[85.7954,24.0736],[85.7978,24.0719],[85.8057,24.0701],[85.8099,24.0702],[85.8181,24.0773],[85.8204,24.0783],[85.8249,24.077],[85.8308,24.0738],[85.8343,24.0709],[85.835,24.0676],[85.8389,24.0658],[85.8407,24.0657],[85.8454,24.0686],[85.8479,24.0667],[85.8449,24.0627],[85.8466,24.0608],[85.8502,24.0589],[85.8505,24.0561],[85.8574,24.0532],[85.8609,24.0535],[85.8657,24.0562],[85.8679,24.054],[85.8659,24.0507],[85.8684,24.0491],[85.8705,24.05],[85.8735,24.046],[85.8729,24.0423],[85.8743,24.0384],[85.8769,24.0378],[85.8792,24.0384],[85.8814,24.0344],[85.8917,24.034],[85.8918,24.0317],[85.8844,24.0259],[85.8835,24.0203],[85.8872,24.0193],[85.8915,24.0169],[85.8955,24.0122],[85.8965,24.0034],[85.8985,23.9916],[85.9022,23.988],[85.9063,23.9876],[85.9138,23.9847],[85.9159,23.9815],[85.9206,23.981],[85.9221,23.9777],[85.927,23.9784],[85.9344,23.9694],[85.9338,23.9626],[85.9296,23.9554],[85.9234,23.9562],[85.9197,23.9558],[85.9152,23.9553],[85.9137,23.9535],[85.9144,23.9454],[85.9076,23.9487],[85.9035,23.9528],[85.9007,23.9537],[85.8976,23.9525],[85.8936,23.9545],[85.8902,23.9532],[85.8877,23.9495],[85.8845,23.9415],[85.8855,23.9382],[85.8874,23.9356],[85.8886,23.9308],[85.8883,23.9264],[85.886,23.9206],[85.8856,23.9171],[85.8864,23.9138],[85.8913,23.9115],[85.8904,23.9066],[85.8906,23.9013],[85.8885,23.896],[85.8841,23.8917],[85.8811,23.8856],[85.8746,23.8772],[85.872,23.8727],[85.8704,23.8688],[85.8682,23.8658],[85.8685,23.8612],[85.867,23.8575],[85.8667,23.8541],[85.8641,23.8504],[85.8478,23.8403],[85.8437,23.8369],[85.8385,23.8296],[85.834,23.8321],[85.8308,23.8319],[85.8167,23.8337],[85.8178,23.8388],[85.8158,23.8416],[85.8077,23.8463],[85.8078,23.8567],[85.8095,23.8595],[85.8064,23.8612],[85.8052,23.8636],[85.8059,23.866],[85.8043,23.8686],[85.8018,23.8706],[85.8009,23.8739],[85.8038,23.8792],[85.8021,23.8814],[85.7922,23.8835],[85.7888,23.8863],[85.7868,23.8969],[85.7866,23.9004],[85.7792,23.9005],[85.7724,23.905],[85.7677,23.9103],[85.7699,23.9237],[85.7677,23.9266],[85.7531,23.9286],[85.7498,23.9304],[85.7474,23.9339],[85.7442,23.933],[85.7425,23.9301],[85.7443,23.9266],[85.7343,23.9221],[85.7277,23.9154],[85.7253,23.9118],[85.725,23.9079],[85.7235,23.904],[85.7199,23.9056],[85.7194,23.9116],[85.7179,23.9164],[85.7122,23.9157],[85.7045,23.9215],[85.6885,23.944],[85.6877,23.9491],[85.692,23.9559],[85.6953,23.9577],[85.7005,23.957],[85.7016,23.9609],[85.6995,23.9629],[85.6916,23.9666],[85.6849,23.9654],[85.6818,23.9659],[85.6793,23.9686],[85.6777,23.9662],[85.6765,23.9595],[85.6693,23.9586],[85.6687,23.9578],[85.6725,23.9548],[85.6746,23.9514],[85.6718,23.9431],[85.6668,23.9408],[85.6614,23.9395],[85.6496,23.9404],[85.6469,23.9362],[85.6472,23.9331],[85.6372,23.938],[85.6089,23.9255],[85.579,23.9116],[85.5501,23.8856],[85.526,23.8565],[85.5085,23.8286],[85.4927,23.8022],[85.4623,23.789],[85.4549,23.7857],[85.4569,23.7837],[85.4579,23.7824],[85.4615,23.7803],[85.4633,23.779],[85.4659,23.7771],[85.4686,23.7752],[85.4707,23.7728],[85.4708,23.7707],[85.472,23.7685],[85.4758,23.7653],[85.4782,23.7624],[85.4789,23.7581],[85.4785,23.7555],[85.4772,23.7531],[85.4758,23.7513],[85.473,23.7472],[85.4673,23.7394],[85.4644,23.7358],[85.4619,23.7331],[85.4594,23.7316],[85.4587,23.7296],[85.4585,23.7281],[85.4561,23.7274],[85.4551,23.7272],[85.4542,23.7265],[85.4539,23.7244],[85.4534,23.7235],[85.4517,23.7231],[85.45,23.7212],[85.4496,23.7185],[85.4507,23.6972],[85.4494,23.6887],[85.4494,23.6887],[85.4493,23.6877],[85.4353,23.6825],[85.4086,23.6742],[85.3976,23.6803],[85.3877,23.683],[85.379,23.6856],[85.3691,23.6883],[85.3519,23.6958],[85.3395,23.7008],[85.3232,23.6991],[85.3054,23.6928],[85.2926,23.6886],[85.2677,23.6918],[85.2516,23.697],[85.2265,23.6989],[85.2265,23.6989],[85.2252,23.7003],[85.2184,23.7007],[85.199,23.7079],[85.1888,23.7098],[85.181,23.692],[85.1745,23.6848],[85.1731,23.6787],[85.1656,23.6664],[85.158,23.6744],[85.1542,23.672],[85.1292,23.6678],[85.1248,23.6661],[85.1207,23.6664],[85.1075,23.664],[85.0998,23.6676],[85.0849,23.6696],[85.0778,23.6689],[85.0793,23.6729],[85.0723,23.6788],[85.0651,23.6833],[85.0594,23.6887],[85.0583,23.6925],[85.0615,23.6975],[85.0672,23.697],[85.0715,23.6992],[85.0701,23.7039],[85.0705,23.7078],[85.0684,23.7115],[85.0582,23.7093],[85.0578,23.7092],[85.0555,23.7102],[85.0538,23.7135],[85.0538,23.7135],[85.0548,23.7186],[85.0547,23.7247],[85.0506,23.7262],[85.05,23.7309],[85.0459,23.7314],[85.0458,23.7334],[85.0475,23.7358],[85.0515,23.7365],[85.0548,23.7357],[85.0602,23.7316],[85.0635,23.7334],[85.0614,23.739],[85.0524,23.7452],[85.0486,23.7489],[85.0487,23.756],[85.0473,23.7657],[85.0476,23.7707],[85.0456,23.777],[85.0483,23.7818],[85.0493,23.7861],[85.0487,23.7919],[85.0473,23.7967],[85.0451,23.8001],[85.0455,23.8071],[85.0457,23.8104],[85.0441,23.8156],[85.047,23.8177],[85.0461,23.8258],[85.0469,23.8313],[85.0519,23.8303],[85.0577,23.8301],[85.059,23.8346],[85.0578,23.8384],[85.0524,23.8449],[85.0486,23.8469],[85.0462,23.8494],[85.0368,23.8555],[85.0295,23.8622],[85.0285,23.8674],[85.032,23.8715],[85.0308,23.8731],[85.0345,23.8805],[85.0232,23.8866],[85.0221,23.8907],[85.0224,23.8963],[85.0181,23.9028],[85.026,23.9187],[85.0445,23.9184],[85.046,23.9241],[85.0417,23.9259],[85.0398,23.9294],[85.0411,23.9323],[85.044,23.9343],[85.0394,23.9439],[85.0438,23.9493],[85.0486,23.9536],[85.0552,23.9578],[85.0553,23.9623],[85.0531,23.9636],[85.0464,23.9648],[85.041,23.9675],[85.0336,23.9678],[85.0337,23.9737],[85.0324,23.9776],[85.0351,23.9846],[85.0374,23.9867],[85.0443,23.9875],[85.0462,23.9883],[85.0569,23.9886],[85.0607,23.9877],[85.0743,23.9873],[85.0782,23.9822],[85.0785,23.9757],[85.0728,23.9652],[85.0833,23.963],[85.0903,23.9738],[85.0962,23.9792],[85.105,23.9787],[85.1074,23.9802],[85.1168,23.9755],[85.1191,23.9778],[85.1241,23.9767],[85.1328,23.9721],[85.1371,23.9677],[85.1359,23.9636],[85.14,23.9591],[85.1462,23.9547],[85.152,23.9565],[85.1718,23.9552],[85.1799,23.9518],[85.1834,23.9504],[85.1878,23.9494],[85.1959,23.9542],[85.1993,23.9594],[85.2032,23.9616],[85.2024,23.9677],[85.2027,23.9728],[85.2057,23.9779],[85.2104,23.9819],[85.2133,23.9861],[85.2151,23.9953],[85.224,24.0007],[85.2249,24.0083],[85.2292,24.0207],[85.2376,24.0227],[85.2488,24.0259],[85.251,24.0274],[85.2508,24.0305],[85.2452,24.0464],[85.2443,24.0531],[85.2467,24.0651],[85.2445,24.073],[85.2409,24.0776],[85.2271,24.087],[85.2203,24.0892],[85.2132,24.0902],[85.2041,24.0941],[85.202,24.0963],[85.1956,24.1],[85.1902,24.1042],[85.1829,24.1073],[85.1746,24.109],[85.1718,24.1107],[85.1707,24.1148],[85.1716,24.1216],[85.1677,24.123],[85.17,24.1253],[85.1685,24.1278],[85.1651,24.1283],[85.1671,24.1308],[85.17,24.1318],[85.1716,24.1344],[85.1676,24.1399],[85.1591,24.1492],[85.1512,24.1681],[85.1479,24.1694],[85.1427,24.1687],[85.1462,24.1799],[85.1465,24.1861],[85.1482,24.1916],[85.1465,24.1987],[85.1412,24.2054],[85.1401,24.2101],[85.1455,24.2153],[85.1446,24.2185],[85.1467,24.2215],[85.1478,24.2258],[85.1518,24.2295],[85.1602,24.2407],[85.1667,24.2377],[85.1702,24.2372],[85.1805,24.2384],[85.1884,24.2374],[85.1972,24.2375],[85.2026,24.2359],[85.2124,24.2304],[85.2227,24.2321],[85.2268,24.2317],[85.2353,24.2327],[85.2394,24.2318],[85.2499,24.225],[85.2596,24.2259],[85.2692,24.2256],[85.2853,24.2171],[85.2889,24.2101],[85.2905,24.2103],[85.2931,24.2108],[85.3,24.2103],[85.3026,24.2118],[85.303,24.2196],[85.3018,24.2267],[85.3007,24.2277],[85.2968,24.2314],[85.3023,24.2351],[85.3,24.2444],[85.3017,24.248],[85.3077,24.2513],[85.3133,24.2578],[85.3142,24.2602],[85.3164,24.2656],[85.3156,24.2668],[85.3144,24.2687],[85.3156,24.2722],[85.3172,24.2732],[85.3186,24.2741],[85.319,24.2785],[85.319,24.2785],[85.319,24.2785],[85.3192,24.2815],[85.3196,24.2828],[85.3196,24.2828],[85.3206,24.2868],[85.3199,24.3015],[85.3262,24.3036],[85.3261,24.3092],[85.3236,24.3117],[85.3227,24.3158],[85.3252,24.3195],[85.3331,24.3186],[85.3359,24.3157],[85.3356,24.3125],[85.3391,24.3107],[85.343,24.3128],[85.3531,24.3021],[85.3578,24.3046],[85.3606,24.3083],[85.3684,24.3129],[85.3738,24.315],[85.3758,24.3257],[85.3819,24.3315],[85.3817,24.3393],[85.3821,24.3431],[85.3836,24.3467],[85.3864,24.3492],[85.3944,24.3507],[85.4068,24.355],[85.4114,24.3546],[85.4157,24.3559],[85.4183,24.3585],[85.4221,24.3648],[85.4276,24.3601],[85.4309,24.3561]]]},"properties":{"district_name":"Hazaribagh","raw_district_name":"Hazaribagh","state_code":"JH","state_name":"Jharkhand","census_code":360,"data_source":"DataMeet India Maps (Census 2011 Boundaries)"}},{"type":"Feature","geometry":{"type":"Polygon","coordinates":[[[86.9795,24.1094],[86.9796,24.1094],[86.9811,24.1141],[86.9805,24.1193],[86.982,24.1254],[86.9852,24.1285],[86.9905,24.1278],[86.9969,24.1267],[86.9974,24.1263],[87.0003,24.127],[87.0216,24.1287],[87.0249,24.133],[87.0267,24.1377],[87.0258,24.1419],[87.024,24.1451],[87.0221,24.1484],[87.0236,24.1486],[87.027,24.145],[87.0288,24.1438],[87.0299,24.1433],[87.0358,24.1411],[87.0403,24.1394],[87.0448,24.1374],[87.046,24.1368],[87.0463,24.1367],[87.0491,24.1351],[87.0522,24.1333],[87.057,24.128],[87.0586,24.1262],[87.0605,24.1219],[87.0607,24.1216],[87.0628,24.1182],[87.0686,24.1141],[87.0735,24.1113],[87.0743,24.1108],[87.0825,24.1058],[87.0856,24.1059],[87.0888,24.1051],[87.0921,24.1044],[87.0948,24.1058],[87.099,24.1071],[87.1015,24.1059],[87.1012,24.1025],[87.0994,24.0993],[87.1013,24.0966],[87.1051,24.095],[87.1062,24.0919],[87.1072,24.0875],[87.109,24.0825],[87.113,24.0772],[87.1143,24.0711],[87.1167,24.0657],[87.12,24.0607],[87.1248,24.0559],[87.1301,24.0501],[87.1365,24.0454],[87.1415,24.043],[87.1474,24.0439],[87.1542,24.0422],[87.1647,24.0349],[87.1653,24.0345],[87.1704,24.0321],[87.1772,24.0312],[87.1828,24.0302],[87.1926,24.0285],[87.1988,24.0273],[87.2079,24.0284],[87.2159,24.0273],[87.2221,24.0251],[87.2309,24.0251],[87.238,24.0262],[87.2407,24.0192],[87.2445,24.0165],[87.2457,24.0123],[87.2459,24.0074],[87.2489,24.0027],[87.2507,24.0002],[87.2511,23.9997],[87.2514,23.9993],[87.2522,23.9987],[87.2526,23.9985],[87.253,23.9982],[87.2535,23.998],[87.2539,23.9978],[87.2544,23.9977],[87.2549,23.9976],[87.2554,23.9975],[87.2559,23.9974],[87.2564,23.9974],[87.2569,23.9974],[87.2574,23.9975],[87.2579,23.9976],[87.2584,23.9977],[87.2589,23.9979],[87.2594,23.9981],[87.2598,23.9983],[87.2602,23.9986],[87.2606,23.9989],[87.2609,23.9992],[87.2612,23.9996],[87.2615,24],[87.2617,24.0008],[87.2625,24.0015],[87.2661,24.0046],[87.268,24.0008],[87.2673,23.9968],[87.2722,23.9895],[87.2733,23.9863],[87.2713,23.9835],[87.266,23.9798],[87.2648,23.9716],[87.2668,23.9679],[87.2698,23.9652],[87.2745,23.9671],[87.2833,23.9593],[87.2919,23.9592],[87.2971,23.9574],[87.2957,23.9492],[87.2971,23.9405],[87.2903,23.9357],[87.293,23.9277],[87.2929,23.922],[87.2997,23.9004],[87.2959,23.9005],[87.2978,23.892],[87.2907,23.8854],[87.2865,23.886],[87.2835,23.8838],[87.2756,23.8748],[87.2701,23.8767],[87.267,23.88],[87.2693,23.8818],[87.2661,23.894],[87.2615,23.9],[87.2651,23.9039],[87.2644,23.906],[87.2619,23.9094],[87.2577,23.9119],[87.2535,23.9088],[87.2496,23.9022],[87.2513,23.8968],[87.2483,23.8867],[87.2505,23.8824],[87.2497,23.8799],[87.2501,23.8702],[87.2543,23.8677],[87.2513,23.8584],[87.2527,23.8532],[87.2567,23.8495],[87.2579,23.8447],[87.2604,23.8412],[87.2509,23.83],[87.2479,23.8281],[87.244,23.8267],[87.239,23.8272],[87.2343,23.8249],[87.225,23.8291],[87.2238,23.8327],[87.2276,23.8367],[87.2293,23.8446],[87.2332,23.8448],[87.2369,23.8464],[87.2404,23.8501],[87.2415,23.8549],[87.2331,23.8572],[87.2277,23.8595],[87.222,23.8528],[87.2181,23.8521],[87.2126,23.8549],[87.2083,23.848],[87.2047,23.8494],[87.1996,23.844],[87.1969,23.8423],[87.1938,23.8427],[87.194,23.8482],[87.2007,23.8527],[87.2009,23.8561],[87.1926,23.859],[87.1895,23.8548],[87.1859,23.8534],[87.1819,23.8543],[87.1782,23.8581],[87.1744,23.8596],[87.172,23.8623],[87.162,23.8667],[87.1582,23.8674],[87.1528,23.8645],[87.1461,23.8669],[87.1439,23.8692],[87.1411,23.87],[87.1363,23.8688],[87.1332,23.8643],[87.135,23.86],[87.1347,23.8567],[87.1356,23.8527],[87.143,23.8477],[87.1511,23.8385],[87.1593,23.8276],[87.1644,23.8302],[87.1675,23.8295],[87.1717,23.8215],[87.1612,23.8056],[87.1589,23.8004],[87.154,23.7963],[87.1488,23.7983],[87.1445,23.802],[87.1389,23.7983],[87.1295,23.7969],[87.1183,23.7987],[87.1156,23.801],[87.12,23.802],[87.1216,23.8039],[87.1214,23.8067],[87.1179,23.8074],[87.113,23.8038],[87.1112,23.8014],[87.101,23.8114],[87.0966,23.8115],[87.0937,23.8097],[87.0898,23.8071],[87.082,23.811],[87.0781,23.8142],[87.0696,23.8154],[87.0623,23.8181],[87.0398,23.8387],[87.0278,23.8423],[87.0189,23.8488],[87.0075,23.8543],[87,23.8553],[86.9856,23.8582],[86.9773,23.8646],[86.9724,23.8671],[86.9685,23.8666],[86.965,23.8641],[86.9632,23.8609],[86.9612,23.8514],[86.9567,23.8477],[86.9487,23.8447],[86.9419,23.8467],[86.9336,23.8518],[86.9309,23.8556],[86.9297,23.8676],[86.9124,23.8813],[86.9092,23.8807],[86.9006,23.8817],[86.8969,23.8781],[86.8902,23.8751],[86.8856,23.8683],[86.8808,23.8641],[86.8809,23.8592],[86.8878,23.8584],[86.8857,23.844],[86.8903,23.8362],[86.8903,23.8323],[86.8924,23.8291],[86.8932,23.824],[86.8899,23.821],[86.8878,23.8163],[86.8825,23.8153],[86.8825,23.8231],[86.8788,23.829],[86.8786,23.8363],[86.8768,23.846],[86.8664,23.844],[86.8626,23.8413],[86.86,23.8343],[86.85,23.8236],[86.8406,23.8211],[86.8315,23.815],[86.8263,23.8131],[86.8194,23.814],[86.8149,23.8159],[86.8126,23.8199],[86.8135,23.8263],[86.812,23.8299],[86.8093,23.8325],[86.8058,23.8344],[86.803,23.8336],[86.7985,23.8331],[86.7867,23.858],[86.7827,23.8628],[86.7775,23.8664],[86.7733,23.8725],[86.7696,23.8761],[86.7658,23.8785],[86.7488,23.8838],[86.7434,23.8812],[86.734,23.8745],[86.7311,23.8764],[86.7248,23.8841],[86.7221,23.8921],[86.7195,23.9071],[86.7127,23.917],[86.7068,23.923],[86.69,23.9255],[86.6724,23.9366],[86.6582,23.94],[86.6474,23.9459],[86.6423,23.9518],[86.6002,23.9747],[86.5968,23.9805],[86.5869,23.9902],[86.5798,23.9991],[86.5739,24.0016],[86.5422,24.0056],[86.5245,23.9991],[86.5174,24.0005],[86.5045,24.0071],[86.502,24.0098],[86.5004,24.0115],[86.4984,24.0129],[86.4968,24.0139],[86.495,24.0142],[86.4929,24.0137],[86.4913,24.0129],[86.4883,24.0114],[86.486,24.0106],[86.4829,24.0103],[86.4804,24.0112],[86.4775,24.0132],[86.474,24.0153],[86.4709,24.018],[86.4747,24.0202],[86.4816,24.0221],[86.4868,24.0235],[86.4868,24.0294],[86.4809,24.026],[86.4803,24.0344],[86.4838,24.0441],[86.4893,24.0442],[86.4933,24.0455],[86.4992,24.0445],[86.507,24.0498],[86.5159,24.0517],[86.5212,24.0533],[86.5329,24.0566],[86.5354,24.063],[86.5386,24.0688],[86.5439,24.0725],[86.5473,24.077],[86.548,24.0853],[86.5518,24.0964],[86.5556,24.0993],[86.5582,24.1023],[86.561,24.1116],[86.5642,24.1235],[86.5675,24.127],[86.5679,24.1351],[86.5705,24.1395],[86.5757,24.1402],[86.5768,24.1423],[86.5808,24.1422],[86.5842,24.1412],[86.5889,24.1405],[86.5922,24.1434],[86.5955,24.1439],[86.5998,24.1433],[86.6054,24.1419],[86.6098,24.142],[86.6133,24.1428],[86.6188,24.1409],[86.6224,24.1389],[86.6255,24.1377],[86.6351,24.1375],[86.6459,24.1361],[86.6521,24.1344],[86.6576,24.1336],[86.6648,24.1338],[86.6685,24.1345],[86.6742,24.1345],[86.6771,24.1359],[86.6802,24.139],[86.6825,24.1432],[86.685,24.1464],[86.6853,24.1518],[86.6862,24.1562],[86.689,24.1619],[86.6905,24.1663],[86.6949,24.169],[86.6999,24.166],[86.7022,24.1643],[86.7067,24.162],[86.7088,24.1556],[86.7102,24.1473],[86.7045,24.1445],[86.6986,24.1438],[86.6954,24.1424],[86.6933,24.1335],[86.6926,24.1221],[86.6954,24.1168],[86.7008,24.1113],[86.7056,24.1103],[86.7126,24.1108],[86.7184,24.1078],[86.7303,24.104],[86.7439,24.0995],[86.7521,24.0984],[86.7571,24.0981],[86.762,24.0914],[86.756,24.0859],[86.7592,24.0824],[86.7655,24.0778],[86.768,24.0715],[86.7747,24.0725],[86.7827,24.07],[86.7882,24.0718],[86.7881,24.0828],[86.7939,24.084],[86.798,24.0884],[86.8042,24.0842],[86.8084,24.0891],[86.8098,24.0881],[86.8105,24.0803],[86.8136,24.0781],[86.8228,24.0777],[86.8333,24.0565],[86.8437,24.0563],[86.8469,24.062],[86.8621,24.0658],[86.8677,24.0685],[86.8735,24.0668],[86.8778,24.0691],[86.8789,24.0728],[86.882,24.0748],[86.8917,24.0707],[86.9017,24.0648],[86.9126,24.0668],[86.918,24.0647],[86.9131,24.0597],[86.9185,24.0539],[86.9307,24.0479],[86.9435,24.0446],[86.9516,24.0454],[86.9594,24.05],[86.9564,24.0558],[86.9638,24.0614],[86.9731,24.0626],[86.973,24.0741],[86.9766,24.0803],[86.9757,24.0887],[86.9726,24.0997],[86.9795,24.1094]]]},"properties":{"district_name":"Jamtara","raw_district_name":"Jamtara","state_code":"JH","state_name":"Jharkhand","census_code":363,"data_source":"DataMeet India Maps (Census 2011 Boundaries)"}},{"type":"Feature","geometry":{"type":"Polygon","coordinates":[[[85.6139,22.9333],[85.6071,22.9357],[85.5933,22.9219],[85.5834,22.9099],[85.581,22.9057],[85.5822,22.8997],[85.5835,22.8982],[85.5911,22.8986],[85.6036,22.8954],[85.6004,22.8916],[85.5915,22.8854],[85.5881,22.8808],[85.5804,22.866],[85.562,22.8613],[85.5606,22.8657],[85.5609,22.8742],[85.56,22.8806],[85.5489,22.8745],[85.5438,22.8698],[85.5414,22.866],[85.5341,22.8685],[85.5343,22.8657],[85.5306,22.8637],[85.5325,22.8533],[85.5284,22.8447],[85.5233,22.8433],[85.5214,22.8364],[85.5209,22.8304],[85.5149,22.8289],[85.5169,22.8203],[85.5169,22.8086],[85.5168,22.8086],[85.5126,22.8074],[85.5047,22.8005],[85.5004,22.8001],[85.4918,22.8032],[85.4826,22.8046],[85.4712,22.7998],[85.4641,22.8002],[85.458,22.8017],[85.4541,22.8055],[85.453,22.8098],[85.4492,22.8182],[85.4477,22.8192],[85.4437,22.8196],[85.4406,22.8216],[85.4383,22.8291],[85.4356,22.8328],[85.4324,22.8353],[85.4206,22.8316],[85.4181,22.8358],[85.4143,22.8367],[85.4081,22.8439],[85.4009,22.8442],[85.3903,22.8414],[85.3883,22.8462],[85.3919,22.8547],[85.3895,22.8632],[85.3858,22.8651],[85.3742,22.8617],[85.3731,22.8621],[85.358,22.8714],[85.3567,22.8785],[85.3526,22.8801],[85.3438,22.8795],[85.3425,22.885],[85.3338,22.8822],[85.3214,22.8807],[85.3183,22.8825],[85.3149,22.8824],[85.3128,22.8843],[85.31,22.8828],[85.3086,22.8771],[85.3057,22.8743],[85.299,22.8751],[85.2911,22.873],[85.2896,22.8703],[85.2878,22.8721],[85.2863,22.869],[85.2829,22.8703],[85.2817,22.8694],[85.2778,22.8641],[85.2762,22.8605],[85.2738,22.862],[85.2688,22.8597],[85.2688,22.8562],[85.2669,22.8545],[85.2677,22.8497],[85.2661,22.8458],[85.2621,22.8447],[85.259,22.8465],[85.256,22.8439],[85.2496,22.8346],[85.2443,22.8344],[85.2348,22.8371],[85.2286,22.8377],[85.223,22.8339],[85.216,22.8241],[85.2063,22.8186],[85.2006,22.8144],[85.1979,22.8177],[85.196,22.8124],[85.1912,22.812],[85.19,22.8143],[85.1942,22.8204],[85.1944,22.8238],[85.1918,22.8253],[85.183,22.8249],[85.1786,22.8295],[85.1737,22.8331],[85.1687,22.8346],[85.1622,22.8323],[85.1586,22.8291],[85.1565,22.8238],[85.1602,22.8217],[85.1487,22.8062],[85.1408,22.7778],[85.1408,22.7649],[85.1395,22.7588],[85.1404,22.7516],[85.1472,22.7449],[85.146,22.7415],[85.1428,22.738],[85.1326,22.7374],[85.1297,22.7359],[85.1298,22.7309],[85.1314,22.7275],[85.1301,22.722],[85.1323,22.7201],[85.132,22.7166],[85.1274,22.7132],[85.123,22.7086],[85.1219,22.7019],[85.1225,22.6942],[85.1241,22.6878],[85.1202,22.6839],[85.1196,22.6734],[85.1172,22.6677],[85.1159,22.6578],[85.0969,22.6504],[85.0965,22.6446],[85.0938,22.6396],[85.092,22.6326],[85.0885,22.6273],[85.0839,22.6258],[85.0806,22.6204],[85.0773,22.6167],[85.0775,22.6141],[85.0878,22.6082],[85.0907,22.6053],[85.0972,22.5957],[85.0948,22.5864],[85.0921,22.5814],[85.0922,22.5745],[85.0895,22.572],[85.0802,22.5706],[85.077,22.5733],[85.0745,22.5776],[85.0721,22.5847],[85.0722,22.5971],[85.073,22.6016],[85.0698,22.6048],[85.0579,22.6081],[85.0564,22.6107],[85.0576,22.6204],[85.0525,22.634],[85.0569,22.6507],[85.0618,22.6633],[85.0576,22.668],[85.0511,22.6706],[85.0455,22.6745],[85.0436,22.6804],[85.0501,22.6961],[85.0536,22.7083],[85.0556,22.718],[85.0588,22.728],[85.059,22.7348],[85.0546,22.7407],[85.0523,22.7464],[85.0483,22.7523],[85.0317,22.7537],[85.0254,22.7578],[85.0221,22.7645],[85.0153,22.7664],[85.0108,22.7701],[85.0078,22.7827],[85.0059,22.7844],[85.0011,22.7837],[84.9915,22.785],[84.979,22.7851],[84.979,22.7851],[84.985,22.7994],[85.0011,22.8023],[85.0037,22.8021],[85.0074,22.8035],[85.0083,22.8098],[85.0082,22.8165],[85.0054,22.8282],[85.0023,22.8318],[85.0027,22.8394],[85.0012,22.8412],[84.9927,22.8575],[84.9879,22.869],[84.9908,22.887],[84.9911,22.8957],[84.9888,22.8968],[84.982,22.8972],[84.9872,22.9158],[84.9906,22.9219],[84.9959,22.9244],[85.0013,22.9231],[85.0093,22.9181],[85.0096,22.9116],[85.0115,22.9131],[85.0155,22.9232],[85.0164,22.9276],[85.0152,22.9306],[85.0132,22.9332],[85.0156,22.9432],[85.0149,22.9473],[85.01,22.9468],[85.0054,22.9449],[85.0014,22.9503],[84.9961,22.9543],[84.9913,22.9609],[84.9853,22.9642],[84.9729,22.967],[84.9642,22.9659],[84.9523,22.9627],[84.9469,22.9649],[84.9445,22.9737],[84.943,22.9838],[84.9427,22.9948],[84.9467,22.9995],[84.9461,23.0065],[84.9455,23.01],[84.9426,23.0115],[84.9677,23.0151],[84.9842,23.0313],[84.9966,23.0602],[84.9971,23.0727],[85.0114,23.0911],[85.0274,23.0968],[85.0368,23.1049],[85.0423,23.1299],[85.0477,23.1527],[85.0481,23.1632],[85.0541,23.2007],[85.0911,23.2204],[85.1364,23.2189],[85.1639,23.2284],[85.1895,23.2443],[85.2167,23.2454],[85.2364,23.2259],[85.2791,23.2182],[85.2801,23.2186],[85.2868,23.2075],[85.2998,23.1981],[85.3149,23.1842],[85.3239,23.1824],[85.3332,23.1865],[85.3362,23.1939],[85.3372,23.2038],[85.3447,23.2045],[85.3493,23.1984],[85.3523,23.1928],[85.3618,23.187],[85.374,23.1841],[85.3829,23.1902],[85.3889,23.1925],[85.3947,23.1913],[85.4084,23.1839],[85.4135,23.1777],[85.4478,23.174],[85.4629,23.1769],[85.467,23.1843],[85.4677,23.1996],[85.472,23.2134],[85.4786,23.2171],[85.4911,23.2192],[85.4974,23.2289],[85.5002,23.2437],[85.5091,23.251],[85.5275,23.2512],[85.5535,23.2775],[85.585,23.2722],[85.5774,23.2515],[85.5576,23.2145],[85.5417,23.1586],[85.5517,23.1289],[85.5964,23.1147],[85.6027,23.104],[85.5898,23.0668],[85.5802,23.0525],[85.5942,23.0101],[85.6156,22.982],[85.6194,22.9651],[85.6139,22.9333]]]},"properties":{"district_name":"Khunti","raw_district_name":"Khunti","state_code":"JH","state_name":"Jharkhand","census_code":365,"data_source":"DataMeet India Maps (Census 2011 Boundaries)"}},{"type":"Feature","geometry":{"type":"Polygon","coordinates":[[[85.7079,24.1051],[85.7079,24.1051],[85.701,24.0986],[85.6968,24.0971],[85.6889,24.0979],[85.6849,24.0959],[85.6804,24.0964],[85.662,24.1097],[85.6578,24.1175],[85.653,24.1231],[85.6454,24.1267],[85.6423,24.1301],[85.6359,24.1339],[85.6271,24.1282],[85.6203,24.1285],[85.6163,24.1295],[85.6045,24.1323],[85.5972,24.1325],[85.5816,24.1289],[85.5763,24.1293],[85.5753,24.136],[85.5735,24.1403],[85.5686,24.1461],[85.5611,24.1508],[85.5605,24.1561],[85.5571,24.1599],[85.5512,24.1637],[85.5433,24.1655],[85.5366,24.1652],[85.5219,24.1674],[85.5115,24.1673],[85.5051,24.1687],[85.4997,24.1723],[85.496,24.1762],[85.5,24.1846],[85.5038,24.1956],[85.5065,24.1978],[85.5163,24.1954],[85.523,24.1968],[85.526,24.199],[85.5281,24.2034],[85.5191,24.21],[85.5262,24.2284],[85.5265,24.2328],[85.535,24.2316],[85.5377,24.233],[85.5438,24.2332],[85.5496,24.2416],[85.5593,24.2382],[85.5611,24.2403],[85.5651,24.2387],[85.5666,24.2489],[85.5686,24.2552],[85.5726,24.26],[85.5858,24.2644],[85.5959,24.2631],[85.6043,24.2816],[85.6118,24.2926],[85.6107,24.2981],[85.6134,24.3007],[85.6169,24.3013],[85.6216,24.299],[85.6255,24.2988],[85.6281,24.3],[85.6312,24.315],[85.6372,24.3227],[85.6366,24.327],[85.639,24.3344],[85.6372,24.3373],[85.6305,24.3313],[85.6239,24.3312],[85.6126,24.3337],[85.6098,24.3369],[85.6066,24.3448],[85.6031,24.3458],[85.5993,24.3447],[85.5942,24.3406],[85.5896,24.3392],[85.5856,24.3407],[85.582,24.344],[85.5764,24.3575],[85.5726,24.3583],[85.57,24.3569],[85.5696,24.3503],[85.5687,24.3481],[85.5652,24.3463],[85.5594,24.3479],[85.5494,24.354],[85.5464,24.355],[85.544,24.3533],[85.5421,24.3502],[85.5371,24.3392],[85.5344,24.3383],[85.529,24.3399],[85.5239,24.3405],[85.5208,24.3369],[85.5181,24.3315],[85.5121,24.3244],[85.5011,24.3319],[85.4966,24.3326],[85.4893,24.3338],[85.478,24.3384],[85.4724,24.3398],[85.4694,24.3387],[85.4673,24.3353],[85.4649,24.3328],[85.4606,24.3327],[85.4567,24.3409],[85.4491,24.343],[85.4413,24.3412],[85.4316,24.3414],[85.4314,24.3479],[85.4322,24.3525],[85.4309,24.3561],[85.4276,24.3601],[85.4221,24.3648],[85.4183,24.3585],[85.4157,24.3559],[85.4114,24.3546],[85.4068,24.355],[85.3944,24.3507],[85.3864,24.3492],[85.3836,24.3467],[85.3821,24.3431],[85.3817,24.3393],[85.3819,24.3315],[85.3758,24.3257],[85.3738,24.315],[85.3684,24.3129],[85.3606,24.3083],[85.3578,24.3046],[85.3531,24.3021],[85.343,24.3128],[85.3506,24.3178],[85.352,24.3212],[85.3428,24.3223],[85.335,24.3268],[85.33,24.3276],[85.3147,24.3379],[85.305,24.3418],[85.2987,24.3461],[85.2938,24.3461],[85.289,24.343],[85.283,24.3426],[85.2719,24.3449],[85.2673,24.345],[85.2626,24.347],[85.2579,24.348],[85.2483,24.3498],[85.242,24.3508],[85.2368,24.3505],[85.2322,24.3513],[85.2286,24.349],[85.2233,24.3482],[85.2129,24.3465],[85.2075,24.3444],[85.2007,24.334],[85.1962,24.3334],[85.1936,24.3363],[85.1889,24.3373],[85.1871,24.3389],[85.1864,24.3422],[85.1832,24.3443],[85.1719,24.3446],[85.1674,24.3463],[85.1644,24.3556],[85.1609,24.3561],[85.1536,24.3613],[85.146,24.3621],[85.1402,24.3622],[85.1378,24.361],[85.1402,24.3532],[85.1395,24.3412],[85.1322,24.3365],[85.1279,24.3388],[85.1187,24.3402],[85.1096,24.3403],[85.1059,24.3387],[85.1028,24.3362],[85.0988,24.3457],[85.0946,24.3515],[85.0863,24.36],[85.0846,24.3656],[85.0839,24.3714],[85.0878,24.381],[85.0966,24.3794],[85.0996,24.3817],[85.1031,24.391],[85.1058,24.3941],[85.1165,24.399],[85.1222,24.4092],[85.1261,24.4093],[85.1278,24.4086],[85.134,24.4117],[85.1551,24.4184],[85.1624,24.4182],[85.165,24.4244],[85.1715,24.4279],[85.1765,24.4297],[85.1759,24.432],[85.1734,24.4337],[85.172,24.436],[85.1708,24.4416],[85.1685,24.4435],[85.1659,24.4514],[85.1597,24.4539],[85.157,24.456],[85.1564,24.4594],[85.1578,24.463],[85.16,24.4643],[85.1704,24.4674],[85.1746,24.4675],[85.177,24.4663],[85.1834,24.4682],[85.1897,24.4688],[85.1976,24.4688],[85.2064,24.4676],[85.2104,24.4731],[85.2229,24.4727],[85.231,24.4714],[85.2356,24.4796],[85.2424,24.48],[85.2465,24.489],[85.2536,24.4955],[85.2615,24.4981],[85.2767,24.4986],[85.289,24.4974],[85.2881,24.5],[85.2895,24.504],[85.289,24.5094],[85.2869,24.5141],[85.2864,24.5193],[85.2896,24.5269],[85.2951,24.5286],[85.3044,24.5288],[85.3196,24.5268],[85.3256,24.5248],[85.3296,24.5258],[85.3386,24.5264],[85.345,24.5282],[85.3529,24.5282],[85.3682,24.5299],[85.3773,24.5298],[85.3898,24.5328],[85.3904,24.5354],[85.3956,24.5373],[85.4022,24.5415],[85.4101,24.5452],[85.4136,24.5459],[85.4181,24.5453],[85.4345,24.5376],[85.4403,24.5363],[85.4493,24.5397],[85.4536,24.5402],[85.4636,24.5395],[85.4791,24.5481],[85.4879,24.5484],[85.4935,24.551],[85.4964,24.5494],[85.5014,24.5509],[85.5045,24.5488],[85.5045,24.5472],[85.5069,24.5442],[85.5095,24.5432],[85.5102,24.536],[85.5094,24.5317],[85.5113,24.53],[85.5218,24.5282],[85.5253,24.5249],[85.5411,24.5325],[85.5434,24.5363],[85.5473,24.5506],[85.5468,24.5564],[85.5452,24.5617],[85.5434,24.5641],[85.5438,24.5655],[85.546,24.5662],[85.5508,24.5648],[85.5593,24.5597],[85.5616,24.5564],[85.5632,24.5571],[85.5635,24.561],[85.5714,24.5622],[85.5752,24.5655],[85.5727,24.572],[85.5741,24.5785],[85.5692,24.5813],[85.5683,24.584],[85.5698,24.5916],[85.5722,24.5969],[85.5768,24.6005],[85.5835,24.6033],[85.5889,24.6004],[85.5981,24.5973],[85.6052,24.5979],[85.6148,24.5911],[85.6155,24.5853],[85.6224,24.5833],[85.6289,24.5842],[85.6397,24.5809],[85.6512,24.5786],[85.6716,24.5823],[85.6772,24.5884],[85.6801,24.5933],[85.6804,24.596],[85.6793,24.5985],[85.6775,24.5998],[85.679,24.6197],[85.6759,24.6308],[85.6726,24.6366],[85.6712,24.6413],[85.6706,24.6448],[85.6681,24.6469],[85.6676,24.6509],[85.6707,24.6612],[85.6703,24.665],[85.6677,24.6678],[85.6667,24.6706],[85.6669,24.675],[85.6574,24.6795],[85.6552,24.6821],[85.6565,24.6873],[85.6866,24.694],[85.694,24.7011],[85.7036,24.7137],[85.7033,24.7175],[85.7057,24.7213],[85.7104,24.7256],[85.7117,24.7289],[85.7123,24.7403],[85.7151,24.7479],[85.7125,24.7518],[85.7105,24.7576],[85.7104,24.7637],[85.7117,24.769],[85.7162,24.7758],[85.7168,24.7811],[85.7193,24.7835],[85.728,24.7871],[85.73,24.7991],[85.7353,24.8008],[85.7368,24.8086],[85.7395,24.8166],[85.742,24.8215],[85.7437,24.8228],[85.7543,24.8201],[85.7652,24.8152],[85.7677,24.8152],[85.7724,24.8127],[85.7758,24.809],[85.7756,24.8042],[85.7764,24.803],[85.7842,24.7991],[85.7862,24.8007],[85.7927,24.7989],[85.8176,24.7947],[85.8195,24.7996],[85.825,24.8072],[85.8295,24.8091],[85.8341,24.8098],[85.8489,24.8083],[85.8607,24.8079],[85.8709,24.8057],[85.8847,24.8005],[85.8966,24.7919],[85.8941,24.7858],[85.9085,24.7701],[85.9114,24.7616],[85.9016,24.7564],[85.9019,24.7553],[85.9005,24.754],[85.8975,24.7546],[85.8908,24.754],[85.8898,24.7482],[85.8951,24.7415],[85.8951,24.7388],[85.8935,24.7358],[85.8848,24.7385],[85.8769,24.74],[85.8654,24.7385],[85.8626,24.7417],[85.8579,24.7425],[85.8549,24.7382],[85.8477,24.7388],[85.8388,24.7374],[85.8302,24.7351],[85.8224,24.7298],[85.8199,24.7224],[85.821,24.716],[85.8271,24.7115],[85.8289,24.7063],[85.8299,24.6983],[85.8329,24.693],[85.8339,24.6857],[85.8371,24.6848],[85.8373,24.6799],[85.8421,24.6727],[85.841,24.6705],[85.8341,24.6697],[85.828,24.6675],[85.8099,24.6739],[85.8011,24.6732],[85.7955,24.6699],[85.7902,24.6653],[85.7862,24.6592],[85.7852,24.6517],[85.78,24.6473],[85.7751,24.639],[85.7664,24.6294],[85.7647,24.626],[85.7676,24.6163],[85.7714,24.6138],[85.7771,24.6131],[85.7863,24.6087],[85.79,24.6076],[85.8036,24.6127],[85.8014,24.6088],[85.7967,24.6037],[85.7945,24.5988],[85.7945,24.592],[85.8019,24.5802],[85.8068,24.5762],[85.8057,24.5691],[85.8068,24.5647],[85.8047,24.5587],[85.8082,24.5576],[85.8099,24.5526],[85.8122,24.5514],[85.8171,24.5506],[85.8257,24.5505],[85.8361,24.549],[85.8402,24.5474],[85.8535,24.5396],[85.8665,24.5298],[85.8679,24.5269],[85.864,24.513],[85.8667,24.5031],[85.8627,24.4898],[85.8534,24.4688],[85.8509,24.4668],[85.8486,24.4631],[85.8435,24.4597],[85.839,24.4555],[85.832,24.4498],[85.8317,24.4465],[85.8362,24.4317],[85.8377,24.4295],[85.8412,24.4279],[85.8529,24.4201],[85.849,24.411],[85.8493,24.4072],[85.8522,24.401],[85.85,24.3951],[85.8507,24.3912],[85.8477,24.3813],[85.8512,24.3777],[85.8502,24.3729],[85.8524,24.3678],[85.8483,24.3613],[85.8473,24.3575],[85.8447,24.3527],[85.8446,24.3473],[85.8502,24.3408],[85.8513,24.3355],[85.8549,24.3349],[85.8598,24.3353],[85.8635,24.3343],[85.8662,24.3349],[85.8679,24.3299],[85.8678,24.325],[85.8663,24.3214],[85.8667,24.3187],[85.869,24.3174],[85.8684,24.3124],[85.8714,24.3051],[85.8698,24.3],[85.8699,24.2948],[85.8602,24.2922],[85.8575,24.2871],[85.8567,24.2831],[85.851,24.2774],[85.8332,24.2639],[85.8346,24.2596],[85.8393,24.2586],[85.8448,24.2588],[85.8488,24.2576],[85.8504,24.2548],[85.8555,24.2417],[85.8553,24.2353],[85.8532,24.2298],[85.8526,24.2243],[85.8569,24.2193],[85.8535,24.2174],[85.85,24.2188],[85.8462,24.223],[85.8441,24.2239],[85.8354,24.2229],[85.8278,24.2236],[85.8195,24.2198],[85.8177,24.2176],[85.8111,24.224],[85.807,24.2265],[85.8007,24.2321],[85.7981,24.2302],[85.793,24.221],[85.7831,24.2166],[85.7724,24.2139],[85.7646,24.2171],[85.7575,24.2107],[85.7485,24.2079],[85.7426,24.2076],[85.7388,24.2061],[85.7317,24.2062],[85.7318,24.2026],[85.7302,24.1982],[85.7255,24.1959],[85.712,24.1931],[85.6787,24.1829],[85.6753,24.1735],[85.6747,24.1674],[85.6732,24.1613],[85.6698,24.1561],[85.6786,24.1491],[85.6885,24.1452],[85.7016,24.1353],[85.7078,24.1301],[85.7124,24.1239],[85.7096,24.1193],[85.7099,24.1146],[85.7079,24.1051],[85.7079,24.1051]]]},"properties":{"district_name":"Kodarma","raw_district_name":"Kodarma","state_code":"JH","state_name":"Jharkhand","census_code":348,"data_source":"DataMeet India Maps (Census 2011 Boundaries)"}},{"type":"Feature","geometry":{"type":"Polygon","coordinates":[[[84.0185,23.7956],[84.0255,23.7989],[84.029,23.7972],[84.0333,23.7919],[84.0387,23.7942],[84.0409,23.8046],[84.0542,23.8136],[84.0513,23.8207],[84.0508,23.8297],[84.0595,23.8375],[84.0633,23.8498],[84.0701,23.8574],[84.0882,23.8614],[84.0944,23.8669],[84.0972,23.8739],[84.1148,23.8941],[84.1235,23.8975],[84.1379,23.9005],[84.1455,23.9187],[84.14,23.9427],[84.1642,23.9358],[84.1787,23.934],[84.1948,23.9261],[84.2,23.9158],[84.2129,23.916],[84.2149,23.9133],[84.2148,23.906],[84.2232,23.9059],[84.2247,23.9116],[84.2313,23.9124],[84.2425,23.9243],[84.2465,23.9262],[84.2534,23.9249],[84.2522,23.9159],[84.2447,23.9041],[84.2424,23.8989],[84.2438,23.8854],[84.2528,23.8939],[84.2531,23.8977],[84.2708,23.9021],[84.2851,23.9033],[84.2935,23.9155],[84.3059,23.9116],[84.3151,23.9063],[84.3278,23.9085],[84.3341,23.9103],[84.3319,23.9199],[84.3351,23.9223],[84.3402,23.9397],[84.3415,23.948],[84.3441,23.9512],[84.3606,23.9421],[84.4013,23.9334],[84.4177,23.9473],[84.4386,23.9482],[84.4473,23.9608],[84.4515,23.9614],[84.4553,23.9595],[84.4594,23.9534],[84.4687,23.9546],[84.4689,23.9487],[84.4708,23.9447],[84.478,23.9377],[84.4791,23.9316],[84.4779,23.9269],[84.4711,23.9261],[84.4697,23.9172],[84.4718,23.9141],[84.481,23.9081],[84.4845,23.8944],[84.489,23.8952],[84.4966,23.8996],[84.496,23.8935],[84.5087,23.8988],[84.5175,23.899],[84.5251,23.9006],[84.5255,23.9045],[84.524,23.9085],[84.5196,23.914],[84.519,23.9208],[84.5301,23.9278],[84.5484,23.9287],[84.5647,23.9275],[84.5722,23.9365],[84.5693,23.9437],[84.569,23.9487],[84.5709,23.957],[84.5835,23.9675],[84.5865,23.9711],[84.5883,23.979],[84.5856,23.9862],[84.5856,23.9862],[84.5905,23.9871],[84.593,23.9866],[84.5987,23.983],[84.6064,23.9896],[84.6074,23.9893],[84.6157,23.9826],[84.6191,23.9836],[84.6226,23.9834],[84.6252,23.9824],[84.6293,23.9802],[84.6318,23.9814],[84.6375,23.9908],[84.6411,23.9976],[84.6468,24.0052],[84.655,24.0069],[84.6616,24.0048],[84.6658,24.0011],[84.6707,24.0017],[84.6756,24.0045],[84.678,24.0099],[84.682,24.0135],[84.685,24.0199],[84.6888,24.0235],[84.6936,24.0241],[84.7012,24.0227],[84.7117,24.0269],[84.7094,24.0322],[84.7097,24.0392],[84.7205,24.0444],[84.7296,24.041],[84.7341,24.043],[84.7393,24.0467],[84.743,24.0481],[84.7467,24.0396],[84.753,24.0425],[84.7543,24.0413],[84.7514,24.034],[84.752,24.0321],[84.7586,24.0269],[84.7632,24.0163],[84.7688,24.0122],[84.7701,24.0086],[84.7623,23.9908],[84.76,23.986],[84.7638,23.9778],[84.7666,23.9783],[84.7683,23.9779],[84.7688,23.9767],[84.768,23.9756],[84.766,23.9752],[84.7621,23.9694],[84.7599,23.9687],[84.7592,23.967],[84.7719,23.9659],[84.7743,23.9667],[84.7798,23.9695],[84.7848,23.9697],[84.7927,23.9687],[84.7996,23.9711],[84.8054,23.9698],[84.8099,23.9754],[84.8153,23.9795],[84.8255,23.9833],[84.8251,23.9711],[84.8303,23.9574],[84.846,23.965],[84.8525,23.9632],[84.864,23.9554],[84.8714,23.9537],[84.879,23.9537],[84.8842,23.952],[84.8878,23.9479],[84.8893,23.9428],[84.8943,23.9444],[84.8997,23.9481],[84.9063,23.9501],[84.9231,23.9506],[84.9251,23.9477],[84.9333,23.9398],[84.9352,23.9348],[84.9333,23.9307],[84.9303,23.9271],[84.9291,23.9201],[84.9266,23.9155],[84.9268,23.9118],[84.9349,23.9104],[84.9401,23.9057],[84.9458,23.8914],[84.9483,23.8819],[84.9496,23.8814],[84.9496,23.8743],[84.9461,23.8719],[84.9397,23.8699],[84.9342,23.8665],[84.9307,23.8616],[84.9294,23.8584],[84.9328,23.856],[84.9432,23.8527],[84.9477,23.8424],[84.9483,23.8351],[84.9477,23.8289],[84.9445,23.8243],[84.9463,23.8188],[84.9449,23.8026],[84.9396,23.8021],[84.9176,23.8043],[84.912,23.8018],[84.909,23.7996],[84.9075,23.7967],[84.9062,23.7912],[84.907,23.7884],[84.9041,23.7836],[84.903,23.7751],[84.9099,23.7717],[84.9212,23.7704],[84.9278,23.7679],[84.9272,23.7633],[84.9286,23.7511],[84.9357,23.7371],[84.9385,23.729],[84.9411,23.7271],[84.9614,23.7214],[84.961,23.712],[84.9639,23.7138],[84.9656,23.7067],[84.9646,23.7015],[84.9621,23.6956],[84.9568,23.6972],[84.9493,23.7014],[84.9442,23.6973],[84.942,23.6939],[84.935,23.6908],[84.934,23.6873],[84.9356,23.6814],[84.9267,23.6746],[84.923,23.6693],[84.9226,23.6669],[84.9243,23.664],[84.9193,23.6526],[84.92,23.6489],[84.9224,23.6463],[84.9421,23.6362],[84.9427,23.6324],[84.9424,23.6202],[84.9455,23.6077],[84.944,23.6005],[84.9345,23.5769],[84.9331,23.5718],[84.9339,23.5664],[84.9361,23.5627],[84.9347,23.5501],[84.9241,23.5528],[84.9206,23.5458],[84.9163,23.5428],[84.9117,23.543],[84.91,23.5458],[84.9095,23.5507],[84.9102,23.5658],[84.9087,23.5724],[84.9084,23.5786],[84.9059,23.5814],[84.902,23.5783],[84.8965,23.5587],[84.893,23.5576],[84.8863,23.5575],[84.8767,23.5576],[84.8729,23.5445],[84.8689,23.5436],[84.8664,23.5407],[84.8604,23.5417],[84.8569,23.5355],[84.8538,23.5331],[84.8219,23.5438],[84.8209,23.5477],[84.8226,23.5649],[84.8207,23.5684],[84.8175,23.5687],[84.8075,23.5626],[84.803,23.5624],[84.8002,23.5657],[84.8011,23.5765],[84.7979,23.5773],[84.795,23.5751],[84.7943,23.5708],[84.7937,23.5645],[84.7948,23.5604],[84.7933,23.5548],[84.7928,23.545],[84.7903,23.5445],[84.7851,23.5455],[84.7828,23.549],[84.7813,23.5541],[84.7848,23.5657],[84.7851,23.5714],[84.7763,23.5729],[84.7738,23.5745],[84.7729,23.5801],[84.7676,23.5827],[84.766,23.5851],[84.7662,23.5934],[84.7631,23.6005],[84.7583,23.6049],[84.7528,23.6069],[84.7476,23.6079],[84.7451,23.6099],[84.7439,23.6267],[84.7422,23.6311],[84.7394,23.6322],[84.7383,23.6357],[84.7356,23.6383],[84.7315,23.6397],[84.7279,23.6384],[84.7266,23.6347],[84.7262,23.6241],[84.7244,23.621],[84.7204,23.6178],[84.7152,23.6165],[84.7019,23.6111],[84.695,23.6095],[84.6891,23.6061],[84.6841,23.6043],[84.6808,23.6041],[84.6792,23.6172],[84.6746,23.6213],[84.664,23.6258],[84.6624,23.6293],[84.6611,23.6412],[84.6592,23.6477],[84.655,23.6545],[84.6486,23.6606],[84.6442,23.6661],[84.6412,23.6674],[84.6377,23.6647],[84.6239,23.6613],[84.6201,23.6613],[84.616,23.6587],[84.6132,23.6582],[84.6099,23.6595],[84.6016,23.6679],[84.5904,23.6653],[84.5912,23.6545],[84.587,23.6412],[84.5844,23.6195],[84.5834,23.6168],[84.5791,23.6155],[84.5657,23.6144],[84.5539,23.6285],[84.553,23.6312],[84.5551,23.6374],[84.555,23.6423],[84.5477,23.6508],[84.5385,23.668],[84.5362,23.6694],[84.5303,23.6677],[84.5275,23.6682],[84.5092,23.6758],[84.5053,23.6761],[84.4966,23.6734],[84.4905,23.6634],[84.4814,23.6633],[84.4757,23.6616],[84.4701,23.6571],[84.4625,23.6471],[84.4607,23.6416],[84.461,23.6359],[84.4632,23.6311],[84.4633,23.6277],[84.4574,23.6281],[84.4523,23.632],[84.446,23.6356],[84.4421,23.6368],[84.4388,23.6337],[84.435,23.6321],[84.4206,23.6335],[84.4154,23.6363],[84.4122,23.64],[84.3959,23.6377],[84.3956,23.6333],[84.3975,23.6221],[84.3972,23.6149],[84.4004,23.6092],[84.399,23.6042],[84.3934,23.6033],[84.382,23.6076],[84.3763,23.605],[84.3593,23.6087],[84.3565,23.6067],[84.3513,23.6048],[84.3454,23.6005],[84.3412,23.5993],[84.3442,23.5883],[84.341,23.5852],[84.3351,23.5827],[84.3192,23.5786],[84.3199,23.5741],[84.3255,23.5571],[84.3265,23.5508],[84.3268,23.5377],[84.3286,23.528],[84.3253,23.5173],[84.3268,23.5105],[84.3276,23.4994],[84.3269,23.4944],[84.3177,23.4923],[84.3171,23.4911],[84.3173,23.483],[84.3053,23.4839],[84.2932,23.4923],[84.2907,23.4929],[84.289,23.4906],[84.285,23.4762],[84.2777,23.4699],[84.2775,23.4667],[84.2697,23.4618],[84.26,23.4576],[84.252,23.4513],[84.2497,23.4454],[84.2491,23.4398],[84.2545,23.4278],[84.2563,23.4217],[84.2556,23.4156],[84.2534,23.4117],[84.2527,23.4073],[84.2535,23.4017],[84.2596,23.3836],[84.2606,23.3782],[84.2522,23.3691],[84.2465,23.3532],[84.2438,23.3485],[84.2302,23.3427],[84.2272,23.3402],[84.2062,23.3372],[84.2019,23.3357],[84.1967,23.3251],[84.1943,23.3244],[84.1672,23.3305],[84.1414,23.3377],[84.1373,23.3397],[84.1328,23.3449],[84.1287,23.3446],[84.119,23.3502],[84.1174,23.3441],[84.1159,23.342],[84.1094,23.3402],[84.1021,23.337],[84.0976,23.3291],[84.0787,23.3307],[84.0774,23.3308],[84.0752,23.3349],[84.0677,23.344],[84.0572,23.3527],[84.0558,23.355],[84.0546,23.3644],[84.0517,23.3679],[84.0507,23.3705],[84.0527,23.3713],[84.0544,23.372],[84.054,23.3723],[84.0506,23.3748],[84.0452,23.3769],[84.0337,23.3777],[84.0289,23.3765],[84.028,23.3762],[84.0244,23.3723],[84.0187,23.3641],[84.0144,23.355],[84.0137,23.3536],[84,23.3566],[83.9903,23.3603],[83.9821,23.3655],[83.9775,23.3701],[83.9741,23.3749],[83.9731,23.3819],[83.975,23.3937],[83.9834,23.4082],[83.9853,23.4148],[83.9854,23.4216],[83.9867,23.4273],[83.985,23.4321],[83.977,23.4483],[83.9768,23.456],[83.9786,23.457],[83.9864,23.4612],[83.9865,23.4614],[83.9919,23.4762],[83.9962,23.4823],[84,23.4857],[84.0045,23.4937],[84.006,23.4943],[84.0129,23.497],[84.0136,23.4977],[84.016,23.5001],[84.0195,23.5087],[84.02,23.5213],[84.0227,23.5262],[84.03,23.5447],[84.0286,23.5504],[84.0324,23.5663],[84.0302,23.575],[84.0314,23.5883],[84.0292,23.5927],[84.0296,23.5978],[84.0276,23.6006],[84.0199,23.6059],[84.0092,23.6208],[84.0091,23.6233],[84.0109,23.6267],[84.0126,23.6276],[84.015,23.6289],[84.015,23.6291],[84.0143,23.6327],[84.0143,23.6327],[84.0205,23.6374],[84.0318,23.6476],[84.0379,23.6527],[84.0481,23.6569],[84.0525,23.6595],[84.0547,23.6639],[84.0594,23.673],[84.0607,23.6777],[84.0622,23.6834],[84.0602,23.6869],[84.0677,23.6901],[84.0696,23.692],[84.0666,23.6941],[84.0581,23.6977],[84.0512,23.6932],[84.0469,23.6931],[84.0393,23.6958],[84.0316,23.6943],[84.0265,23.6944],[84.0179,23.6993],[84.01,23.7057],[84.0059,23.7075],[83.9939,23.7091],[83.9899,23.7175],[83.9849,23.7239],[83.9872,23.7316],[83.9938,23.7381],[84,23.7417],[84.0067,23.7424],[84.008,23.7584],[84.016,23.7676],[84.0233,23.7761],[84.0236,23.7796],[84.0173,23.7889],[84.0172,23.7926],[84.0185,23.7956]]]},"properties":{"district_name":"Latehar","raw_district_name":"Latehar","state_code":"JH","state_name":"Jharkhand","census_code":359,"data_source":"DataMeet India Maps (Census 2011 Boundaries)"}},{"type":"Feature","geometry":{"type":"Polygon","coordinates":[[[84.8863,23.5575],[84.8856,23.5518],[84.8895,23.5498],[84.8944,23.5431],[84.9082,23.5403],[84.9105,23.538],[84.9162,23.5264],[84.9264,23.5253],[84.9388,23.5187],[84.9399,23.5095],[84.9441,23.5042],[84.9453,23.5005],[84.942,23.4898],[84.9358,23.4819],[84.9324,23.4751],[84.9301,23.4726],[84.9266,23.4714],[84.9221,23.4612],[84.9107,23.4516],[84.9055,23.4429],[84.9002,23.436],[84.8968,23.4296],[84.8962,23.4258],[84.8972,23.4232],[84.8974,23.418],[84.8988,23.4155],[84.8953,23.4106],[84.8907,23.407],[84.8866,23.4054],[84.8863,23.4021],[84.8898,23.3967],[84.8948,23.3861],[84.8844,23.3756],[84.8856,23.3725],[84.8878,23.3704],[84.8916,23.3698],[84.9045,23.3643],[84.9051,23.3538],[84.9072,23.3429],[84.898,23.3201],[84.891,23.3171],[84.8842,23.3161],[84.8747,23.311],[84.8693,23.3143],[84.8644,23.3161],[84.8519,23.3159],[84.8485,23.3137],[84.8459,23.3106],[84.845,23.3049],[84.8425,23.301],[84.8386,23.2974],[84.8278,23.2955],[84.8207,23.2953],[84.8176,23.2943],[84.8162,23.293],[84.8143,23.2858],[84.8129,23.2835],[84.8046,23.2813],[84.7922,23.2799],[84.7891,23.28],[84.7875,23.2813],[84.7868,23.2832],[84.7886,23.2965],[84.7928,23.3122],[84.7922,23.3146],[84.7883,23.3172],[84.7873,23.3212],[84.7805,23.3197],[84.7714,23.3195],[84.7541,23.3215],[84.7504,23.324],[84.7458,23.3313],[84.7359,23.3317],[84.7163,23.3207],[84.7114,23.3119],[84.7057,23.3106],[84.6984,23.3096],[84.6926,23.3097],[84.6882,23.313],[84.6852,23.3173],[84.6814,23.3173],[84.6782,23.3199],[84.6748,23.3201],[84.6712,23.3163],[84.6643,23.3156],[84.6593,23.3094],[84.6511,23.312],[84.6449,23.3082],[84.6359,23.3073],[84.6288,23.309],[84.6227,23.3145],[84.6187,23.3193],[84.6153,23.3214],[84.6081,23.3168],[84.5964,23.3196],[84.5898,23.322],[84.5786,23.3322],[84.5731,23.3421],[84.5668,23.3465],[84.5621,23.3482],[84.5574,23.348],[84.5529,23.3465],[84.5452,23.3455],[84.5385,23.3485],[84.5262,23.3658],[84.5206,23.3698],[84.5216,23.3783],[84.5199,23.3818],[84.5133,23.384],[84.5052,23.3757],[84.5025,23.3718],[84.5013,23.3673],[84.5014,23.3551],[84.5,23.3524],[84.4928,23.3539],[84.4865,23.3562],[84.4795,23.3601],[84.4752,23.365],[84.4728,23.37],[84.4737,23.3744],[84.4734,23.3872],[84.4773,23.3921],[84.481,23.3949],[84.4755,23.4035],[84.4635,23.4079],[84.4519,23.4029],[84.447,23.4033],[84.4438,23.405],[84.434,23.4144],[84.424,23.4264],[84.4252,23.4295],[84.428,23.4323],[84.4423,23.4445],[84.4481,23.4559],[84.4524,23.4584],[84.4574,23.4628],[84.4613,23.4648],[84.4641,23.4678],[84.4689,23.478],[84.4748,23.4852],[84.4754,23.4876],[84.47,23.4982],[84.4696,23.505],[84.4708,23.5144],[84.4696,23.5209],[84.4627,23.5302],[84.4621,23.5341],[84.4626,23.539],[84.4704,23.5698],[84.471,23.576],[84.4684,23.5791],[84.4632,23.5824],[84.452,23.585],[84.454,23.5931],[84.4532,23.5956],[84.4514,23.595],[84.4497,23.5932],[84.4459,23.5935],[84.4423,23.5887],[84.4074,23.6],[84.399,23.6042],[84.4004,23.6092],[84.3972,23.6149],[84.3975,23.6221],[84.3956,23.6333],[84.3959,23.6377],[84.4122,23.64],[84.4154,23.6363],[84.4206,23.6335],[84.435,23.6321],[84.4388,23.6337],[84.4421,23.6368],[84.446,23.6356],[84.4523,23.632],[84.4574,23.6281],[84.4633,23.6277],[84.4632,23.6311],[84.461,23.6359],[84.4607,23.6416],[84.4625,23.6471],[84.4701,23.6571],[84.4757,23.6616],[84.4814,23.6633],[84.4905,23.6634],[84.4966,23.6734],[84.5053,23.6761],[84.5092,23.6758],[84.5275,23.6682],[84.5303,23.6677],[84.5362,23.6694],[84.5385,23.668],[84.5477,23.6508],[84.555,23.6423],[84.5551,23.6374],[84.553,23.6312],[84.5539,23.6285],[84.5657,23.6144],[84.5791,23.6155],[84.5834,23.6168],[84.5844,23.6195],[84.587,23.6412],[84.5912,23.6545],[84.5904,23.6653],[84.6016,23.6679],[84.6099,23.6595],[84.6132,23.6582],[84.616,23.6587],[84.6201,23.6613],[84.6239,23.6613],[84.6377,23.6647],[84.6412,23.6674],[84.6442,23.6661],[84.6486,23.6606],[84.655,23.6545],[84.6592,23.6477],[84.6611,23.6412],[84.6624,23.6293],[84.664,23.6258],[84.6746,23.6213],[84.6792,23.6172],[84.6808,23.6041],[84.6841,23.6043],[84.6891,23.6061],[84.695,23.6095],[84.7019,23.6111],[84.7152,23.6165],[84.7204,23.6178],[84.7244,23.621],[84.7262,23.6241],[84.7266,23.6347],[84.7279,23.6384],[84.7315,23.6397],[84.7356,23.6383],[84.7383,23.6357],[84.7394,23.6322],[84.7422,23.6311],[84.7439,23.6267],[84.7451,23.6099],[84.7476,23.6079],[84.7528,23.6069],[84.7583,23.6049],[84.7631,23.6005],[84.7662,23.5934],[84.766,23.5851],[84.7676,23.5827],[84.7729,23.5801],[84.7738,23.5745],[84.7763,23.5729],[84.7851,23.5714],[84.7848,23.5657],[84.7813,23.5541],[84.7828,23.549],[84.7851,23.5455],[84.7903,23.5445],[84.7928,23.545],[84.7933,23.5548],[84.7948,23.5604],[84.7937,23.5645],[84.7943,23.5708],[84.795,23.5751],[84.7979,23.5773],[84.8011,23.5765],[84.8002,23.5657],[84.803,23.5624],[84.8075,23.5626],[84.8175,23.5687],[84.8207,23.5684],[84.8226,23.5649],[84.8209,23.5477],[84.8219,23.5438],[84.8538,23.5331],[84.8569,23.5355],[84.8604,23.5417],[84.8664,23.5407],[84.8689,23.5436],[84.8729,23.5445],[84.8767,23.5576],[84.8863,23.5575]]]},"properties":{"district_name":"Lohardaga","raw_district_name":"Lohardaga","state_code":"JH","state_name":"Jharkhand","census_code":356,"data_source":"DataMeet India Maps (Census 2011 Boundaries)"}},{"type":"Feature","geometry":{"type":"Polygon","coordinates":[[[87.8374,24.7466],[87.845,24.7392],[87.8576,24.736],[87.8662,24.7323],[87.8726,24.7304],[87.8761,24.7311],[87.8801,24.7361],[87.883,24.7401],[87.8876,24.7373],[87.8894,24.7345],[87.8906,24.7303],[87.8924,24.7265],[87.896,24.7236],[87.9008,24.7241],[87.906,24.7226],[87.9073,24.7195],[87.9085,24.7156],[87.9083,24.7129],[87.9081,24.711],[87.9061,24.7115],[87.904,24.7109],[87.9027,24.7075],[87.9013,24.7035],[87.9042,24.7007],[87.9029,24.696],[87.9017,24.6917],[87.8979,24.6868],[87.8946,24.6829],[87.8914,24.6792],[87.8918,24.6752],[87.8955,24.6714],[87.9002,24.6696],[87.905,24.6704],[87.9083,24.668],[87.9116,24.6654],[87.9167,24.6634],[87.9185,24.6596],[87.9152,24.656],[87.914,24.6524],[87.9129,24.6479],[87.9131,24.6432],[87.9128,24.6379],[87.9114,24.6338],[87.9094,24.6316],[87.9071,24.6306],[87.9051,24.6305],[87.902,24.6315],[87.8974,24.6332],[87.894,24.6325],[87.8919,24.6306],[87.8897,24.6278],[87.8923,24.6256],[87.8969,24.6248],[87.9005,24.6256],[87.904,24.6269],[87.9074,24.627],[87.9069,24.6237],[87.9065,24.6212],[87.9072,24.6176],[87.9067,24.6137],[87.9045,24.6125],[87.9014,24.613],[87.8989,24.6141],[87.8963,24.6133],[87.8934,24.6125],[87.8906,24.6129],[87.8873,24.6147],[87.8842,24.6159],[87.8821,24.6174],[87.88,24.6167],[87.8786,24.6146],[87.8779,24.6118],[87.8786,24.6104],[87.8804,24.611],[87.8811,24.61],[87.8831,24.6106],[87.8863,24.6081],[87.8912,24.6063],[87.8931,24.6065],[87.8938,24.6093],[87.8986,24.6095],[87.9038,24.6092],[87.908,24.6092],[87.9132,24.6093],[87.9128,24.6055],[87.9127,24.6006],[87.9142,24.5975],[87.915,24.595],[87.9138,24.5923],[87.9119,24.5885],[87.9105,24.585],[87.9083,24.5836],[87.9045,24.5847],[87.9025,24.5836],[87.9012,24.5818],[87.8966,24.5808],[87.8953,24.5759],[87.895,24.5731],[87.8924,24.5639],[87.8858,24.5641],[87.8817,24.5623],[87.8737,24.5625],[87.8709,24.562],[87.8695,24.5599],[87.869,24.5578],[87.8656,24.5565],[87.8614,24.5558],[87.8589,24.5572],[87.8556,24.559],[87.8543,24.5581],[87.855,24.5549],[87.8533,24.5522],[87.8501,24.554],[87.8462,24.5556],[87.8399,24.5575],[87.8321,24.5593],[87.8296,24.5607],[87.829,24.5645],[87.8284,24.5677],[87.8253,24.5696],[87.822,24.5712],[87.8193,24.5738],[87.8168,24.5756],[87.8141,24.5774],[87.8102,24.5787],[87.8074,24.5792],[87.8041,24.579],[87.8002,24.5808],[87.7959,24.5822],[87.7905,24.5835],[87.7848,24.5832],[87.7746,24.5829],[87.7731,24.5772],[87.7728,24.5727],[87.7783,24.573],[87.7829,24.5725],[87.7909,24.5697],[87.7967,24.5669],[87.8013,24.5635],[87.8045,24.5601],[87.8077,24.5555],[87.81,24.5504],[87.8115,24.5464],[87.8109,24.5436],[87.8087,24.5413],[87.805,24.5424],[87.8026,24.5399],[87.8031,24.5366],[87.8023,24.5312],[87.8027,24.5258],[87.8041,24.5221],[87.8063,24.5189],[87.8063,24.5158],[87.8048,24.5129],[87.8036,24.5106],[87.8036,24.5082],[87.8051,24.5055],[87.8033,24.5037],[87.7991,24.5016],[87.7977,24.4985],[87.7989,24.4955],[87.8002,24.4923],[87.8036,24.4931],[87.8061,24.4961],[87.8081,24.4999],[87.8085,24.5029],[87.8088,24.506],[87.809,24.5085],[87.8104,24.5109],[87.8118,24.5118],[87.8127,24.5106],[87.8124,24.5074],[87.8134,24.5058],[87.8153,24.5033],[87.8169,24.5002],[87.8162,24.4977],[87.8151,24.4958],[87.8153,24.4933],[87.8174,24.4928],[87.8206,24.4941],[87.8238,24.4933],[87.8253,24.4947],[87.8248,24.4971],[87.827,24.4977],[87.828,24.4956],[87.8275,24.4936],[87.8265,24.4913],[87.8261,24.4897],[87.8253,24.4871],[87.8219,24.4873],[87.8181,24.4864],[87.8154,24.4816],[87.8142,24.4778],[87.8165,24.4761],[87.8188,24.474],[87.8199,24.4713],[87.8229,24.4697],[87.8217,24.4667],[87.8228,24.4636],[87.8224,24.4603],[87.8212,24.4566],[87.8203,24.4549],[87.82,24.4526],[87.8163,24.4532],[87.8119,24.4539],[87.8076,24.4514],[87.806,24.4487],[87.8048,24.4467],[87.8049,24.445],[87.802,24.4432],[87.801,24.4407],[87.798,24.4411],[87.7961,24.4391],[87.7949,24.436],[87.7932,24.4334],[87.7954,24.4307],[87.7973,24.4282],[87.7973,24.4251],[87.7951,24.423],[87.7913,24.4199],[87.7898,24.4159],[87.793,24.4129],[87.798,24.412],[87.8037,24.4125],[87.8064,24.4147],[87.8103,24.4195],[87.8114,24.416],[87.8135,24.4135],[87.814,24.4106],[87.815,24.4079],[87.8125,24.4057],[87.8093,24.4049],[87.8065,24.4033],[87.8032,24.4011],[87.7998,24.4014],[87.7976,24.3978],[87.7977,24.3944],[87.7997,24.3935],[87.8024,24.3936],[87.8031,24.3921],[87.8026,24.3874],[87.8025,24.3835],[87.7988,24.3821],[87.795,24.3784],[87.7927,24.373],[87.79,24.369],[87.7874,24.3616],[87.7842,24.3584],[87.7816,24.3548],[87.7776,24.3508],[87.7744,24.3468],[87.7729,24.3419],[87.7695,24.34],[87.7662,24.3347],[87.7656,24.3296],[87.7692,24.3266],[87.7695,24.3242],[87.7675,24.3221],[87.7651,24.3209],[87.7645,24.3183],[87.7654,24.3145],[87.7635,24.3093],[87.7613,24.305],[87.7571,24.3061],[87.7532,24.3029],[87.7508,24.3012],[87.7482,24.2991],[87.7455,24.2942],[87.7412,24.2934],[87.7414,24.2904],[87.7381,24.2893],[87.7352,24.2891],[87.7322,24.2877],[87.729,24.2889],[87.7248,24.2895],[87.7208,24.2915],[87.7154,24.2935],[87.7151,24.288],[87.7145,24.2844],[87.7134,24.2818],[87.7112,24.2796],[87.7096,24.276],[87.7105,24.2732],[87.711,24.2693],[87.7096,24.2652],[87.7077,24.2614],[87.7024,24.2612],[87.6981,24.2589],[87.6937,24.2571],[87.69,24.2543],[87.6881,24.25],[87.6864,24.2479],[87.683,24.2479],[87.6789,24.2482],[87.6757,24.2458],[87.6738,24.2442],[87.6705,24.245],[87.667,24.2464],[87.6654,24.2435],[87.6641,24.2399],[87.6621,24.2369],[87.6594,24.2381],[87.657,24.2416],[87.6549,24.2451],[87.6544,24.2481],[87.6522,24.25],[87.6468,24.2513],[87.6353,24.2566],[87.6252,24.258],[87.6177,24.2583],[87.6095,24.256],[87.6042,24.2561],[87.596,24.2581],[87.5887,24.2574],[87.5844,24.2584],[87.586,24.27],[87.5861,24.2808],[87.5864,24.2914],[87.5869,24.3049],[87.588,24.3151],[87.5892,24.3245],[87.5876,24.3299],[87.5844,24.3398],[87.5818,24.351],[87.5776,24.3665],[87.5736,24.3799],[87.5724,24.3961],[87.57,24.4179],[87.5695,24.4341],[87.5693,24.4553],[87.57,24.4695],[87.5671,24.4773],[87.5688,24.487],[87.5696,24.4932],[87.5709,24.5003],[87.5742,24.5052],[87.5709,24.5095],[87.5685,24.5156],[87.5648,24.5208],[87.5572,24.5202],[87.5476,24.5177],[87.5431,24.5129],[87.5392,24.5077],[87.5373,24.5071],[87.5336,24.5092],[87.5286,24.5127],[87.5203,24.5139],[87.5124,24.5174],[87.5056,24.522],[87.5003,24.5252],[87.4922,24.5279],[87.4845,24.5284],[87.481,24.5275],[87.4779,24.5242],[87.4714,24.5226],[87.4655,24.522],[87.4603,24.5197],[87.4577,24.52],[87.4532,24.5213],[87.4508,24.5199],[87.4482,24.5169],[87.4458,24.5165],[87.4407,24.5171],[87.437,24.5171],[87.434,24.5154],[87.4321,24.514],[87.4293,24.5144],[87.4261,24.514],[87.4228,24.5113],[87.4194,24.5078],[87.4176,24.5064],[87.4056,24.506],[87.3978,24.5108],[87.394,24.5141],[87.3906,24.5186],[87.3898,24.5235],[87.3906,24.5286],[87.3923,24.535],[87.3927,24.5418],[87.392,24.5454],[87.3954,24.547],[87.3999,24.5464],[87.403,24.5437],[87.4054,24.5405],[87.4064,24.5367],[87.4085,24.5369],[87.4089,24.5404],[87.4097,24.5443],[87.412,24.5464],[87.4172,24.5458],[87.4206,24.5488],[87.4224,24.5527],[87.424,24.5557],[87.4282,24.5576],[87.4345,24.5591],[87.4389,24.5596],[87.4409,24.5654],[87.4471,24.5635],[87.4529,24.5641],[87.4586,24.5669],[87.4625,24.5681],[87.4661,24.5697],[87.469,24.5745],[87.4695,24.5781],[87.4658,24.5809],[87.4617,24.5828],[87.4578,24.5856],[87.4575,24.591],[87.4575,24.5959],[87.4662,24.602],[87.4638,24.6104],[87.4617,24.6163],[87.4532,24.6161],[87.4503,24.618],[87.4495,24.6209],[87.4492,24.6257],[87.4513,24.6298],[87.4551,24.6343],[87.4609,24.6379],[87.4663,24.643],[87.4698,24.6475],[87.4723,24.6514],[87.4737,24.6586],[87.4728,24.6672],[87.4718,24.6729],[87.4695,24.6802],[87.4728,24.686],[87.4712,24.6932],[87.4695,24.6994],[87.4658,24.7057],[87.4651,24.7102],[87.4652,24.7152],[87.4644,24.7203],[87.4629,24.7243],[87.4572,24.7255],[87.4573,24.7284],[87.4598,24.7324],[87.4571,24.7355],[87.4538,24.7395],[87.4486,24.7458],[87.4446,24.7508],[87.4407,24.7511],[87.4379,24.7527],[87.4374,24.7564],[87.4387,24.7613],[87.4432,24.7655],[87.4486,24.771],[87.4531,24.7762],[87.4566,24.7811],[87.4595,24.7878],[87.4618,24.7926],[87.4653,24.7929],[87.4702,24.7901],[87.476,24.7889],[87.4808,24.788],[87.4835,24.7882],[87.4857,24.7883],[87.4874,24.7878],[87.4898,24.7856],[87.493,24.7844],[87.4963,24.7839],[87.4996,24.7861],[87.4973,24.7887],[87.5015,24.7912],[87.511,24.7974],[87.512,24.7972],[87.5139,24.7966],[87.5254,24.7995],[87.5363,24.8039],[87.5407,24.8098],[87.5424,24.8269],[87.5463,24.8271],[87.5662,24.8139],[87.5697,24.8123],[87.5745,24.8105],[87.5901,24.8076],[87.6027,24.8068],[87.6094,24.8056],[87.6139,24.8036],[87.6154,24.7998],[87.6148,24.7961],[87.6117,24.7931],[87.6065,24.7944],[87.5988,24.7978],[87.5944,24.7991],[87.5904,24.7992],[87.5922,24.7921],[87.5952,24.7869],[87.5999,24.7833],[87.6088,24.7787],[87.6248,24.7734],[87.642,24.767],[87.6579,24.761],[87.6707,24.7555],[87.6885,24.7432],[87.6925,24.7409],[87.7032,24.7361],[87.7116,24.7344],[87.7156,24.7353],[87.72,24.7398],[87.7213,24.7443],[87.7224,24.7639],[87.7257,24.7713],[87.731,24.774],[87.7354,24.7747],[87.7441,24.7706],[87.7519,24.7564],[87.7575,24.7516],[87.7623,24.7495],[87.7675,24.7483],[87.7742,24.7495],[87.7784,24.7516],[87.7823,24.7514],[87.7845,24.7475],[87.7857,24.7321],[87.7871,24.726],[87.7879,24.7228],[87.7911,24.7188],[87.797,24.7178],[87.7994,24.718],[87.8082,24.7217],[87.8194,24.7287],[87.8242,24.7338],[87.8359,24.7452],[87.8374,24.7466]]]},"properties":{"district_name":"Pakur","raw_district_name":"Pakur","state_code":"JH","state_name":"Jharkhand","census_code":353,"data_source":"DataMeet India Maps (Census 2011 Boundaries)"}},{"type":"Feature","geometry":{"type":"Polygon","coordinates":[[[84.0234,24.6267],[84.0274,24.626],[84.0319,24.6282],[84.0346,24.6269],[84.0368,24.6218],[84.0398,24.6207],[84.041,24.6181],[84.046,24.6186],[84.0545,24.6115],[84.0526,24.6061],[84.0556,24.6057],[84.0609,24.5939],[84.0592,24.5907],[84.0607,24.5872],[84.0658,24.5876],[84.0691,24.5886],[84.0704,24.5829],[84.0675,24.5762],[84.073,24.5743],[84.0755,24.5703],[84.0802,24.5688],[84.0824,24.564],[84.0814,24.5568],[84.085,24.5517],[84.0861,24.5443],[84.092,24.538],[84.0964,24.5354],[84.0974,24.5332],[84.0943,24.5139],[84.0968,24.5035],[84.1046,24.4951],[84.1086,24.4873],[84.1174,24.4808],[84.1302,24.4861],[84.1326,24.4977],[84.1367,24.5001],[84.1442,24.5019],[84.1476,24.5042],[84.1447,24.5175],[84.144,24.5287],[84.1537,24.5396],[84.1572,24.5396],[84.1683,24.5376],[84.1721,24.5331],[84.1634,24.5237],[84.1635,24.5189],[84.1613,24.517],[84.1688,24.512],[84.179,24.5092],[84.1869,24.5098],[84.1899,24.515],[84.1899,24.5177],[84.1941,24.5219],[84.19,24.523],[84.1805,24.5413],[84.1806,24.5465],[84.1892,24.5464],[84.1946,24.5487],[84.196,24.5547],[84.2076,24.5564],[84.2082,24.5488],[84.2139,24.5447],[84.2166,24.5365],[84.2251,24.5346],[84.2283,24.5497],[84.2427,24.5526],[84.2419,24.543],[84.2487,24.5426],[84.2559,24.5382],[84.2576,24.5352],[84.2562,24.531],[84.2648,24.5302],[84.2661,24.5371],[84.2704,24.5365],[84.2724,24.54],[84.2771,24.5408],[84.2762,24.5463],[84.2859,24.5469],[84.2877,24.5513],[84.2795,24.5534],[84.2769,24.5637],[84.2876,24.5628],[84.3006,24.5654],[84.3051,24.5626],[84.3096,24.5467],[84.3171,24.539],[84.3195,24.5332],[84.3204,24.5263],[84.3267,24.5218],[84.3293,24.5127],[84.3339,24.5022],[84.3332,24.4962],[84.3293,24.4893],[84.3158,24.4864],[84.3018,24.4803],[84.2928,24.4654],[84.2978,24.4576],[84.3008,24.4504],[84.3226,24.4471],[84.3379,24.4308],[84.3382,24.428],[84.335,24.4273],[84.3269,24.4289],[84.3226,24.4231],[84.3258,24.4198],[84.3324,24.4233],[84.3353,24.4218],[84.3353,24.4162],[84.3334,24.4106],[84.3392,24.4043],[84.3455,24.4009],[84.3434,24.3955],[84.3545,24.3917],[84.3628,24.3906],[84.3689,24.3863],[84.3748,24.3867],[84.3813,24.3907],[84.3897,24.3894],[84.3925,24.379],[84.3995,24.3755],[84.4052,24.3771],[84.4073,24.3744],[84.4024,24.3675],[84.43,24.3589],[84.4256,24.3421],[84.4249,24.3312],[84.4524,24.334],[84.4541,24.3395],[84.462,24.3385],[84.4694,24.3174],[84.4725,24.3082],[84.4758,24.3051],[84.4827,24.3024],[84.486,24.3028],[84.4945,24.3047],[84.4961,24.3021],[84.4949,24.2987],[84.4916,24.2968],[84.5009,24.2869],[84.4855,24.2761],[84.4884,24.2697],[84.4887,24.2642],[84.4839,24.2625],[84.4661,24.2592],[84.4703,24.2625],[84.4729,24.2658],[84.4717,24.2678],[84.4671,24.2652],[84.4576,24.2676],[84.4564,24.261],[84.4448,24.2436],[84.4485,24.239],[84.4692,24.2315],[84.4735,24.2288],[84.4743,24.2194],[84.4733,24.2102],[84.4765,24.2071],[84.4767,24.2069],[84.4886,24.2013],[84.5015,24.1995],[84.5111,24.2007],[84.5211,24.1996],[84.5289,24.2069],[84.5365,24.203],[84.5374,24.199],[84.5284,24.1913],[84.5319,24.1808],[84.5351,24.1775],[84.5385,24.1707],[84.5451,24.1681],[84.5498,24.1605],[84.5521,24.1531],[84.5802,24.1415],[84.5724,24.118],[84.5649,24.116],[84.5538,24.1033],[84.5633,24.0777],[84.5748,24.0704],[84.567,24.0556],[84.5641,24.0521],[84.5535,24.0496],[84.5542,24.0435],[84.5614,24.037],[84.5645,24.0329],[84.5567,24.0268],[84.554,24.0162],[84.559,24.0026],[84.5662,23.9907],[84.5706,23.9848],[84.573,23.9838],[84.5762,23.9852],[84.5855,23.9862],[84.5856,23.9862],[84.5883,23.979],[84.5865,23.9711],[84.5835,23.9675],[84.5709,23.957],[84.569,23.9487],[84.5693,23.9437],[84.5722,23.9365],[84.5647,23.9275],[84.5484,23.9287],[84.5301,23.9278],[84.519,23.9208],[84.5196,23.914],[84.524,23.9085],[84.5255,23.9045],[84.5251,23.9006],[84.5175,23.899],[84.5087,23.8988],[84.496,23.8935],[84.4966,23.8996],[84.489,23.8952],[84.4845,23.8944],[84.481,23.9081],[84.4718,23.9141],[84.4697,23.9172],[84.4711,23.9261],[84.4779,23.9269],[84.4791,23.9316],[84.478,23.9377],[84.4708,23.9447],[84.4689,23.9487],[84.4687,23.9546],[84.4594,23.9534],[84.4553,23.9595],[84.4515,23.9614],[84.4473,23.9608],[84.4386,23.9482],[84.4177,23.9473],[84.4013,23.9334],[84.3606,23.9421],[84.3441,23.9512],[84.3415,23.948],[84.3402,23.9397],[84.3351,23.9223],[84.3319,23.9199],[84.3341,23.9103],[84.3278,23.9085],[84.3151,23.9063],[84.3059,23.9116],[84.2935,23.9155],[84.2851,23.9033],[84.2708,23.9021],[84.2531,23.8977],[84.2528,23.8939],[84.2438,23.8854],[84.2424,23.8989],[84.2447,23.9041],[84.2522,23.9159],[84.2534,23.9249],[84.2465,23.9262],[84.2425,23.9243],[84.2313,23.9124],[84.2247,23.9116],[84.2232,23.9059],[84.2148,23.906],[84.2149,23.9133],[84.2129,23.916],[84.2,23.9158],[84.1948,23.9261],[84.1787,23.934],[84.1642,23.9358],[84.14,23.9427],[84.1455,23.9187],[84.1379,23.9005],[84.1235,23.8975],[84.1148,23.8941],[84.0972,23.8739],[84.0944,23.8669],[84.0882,23.8614],[84.0701,23.8574],[84.0633,23.8498],[84.0595,23.8375],[84.0508,23.8297],[84.0513,23.8207],[84.0542,23.8136],[84.0409,23.8046],[84.0387,23.7942],[84.0333,23.7919],[84.029,23.7972],[84.0255,23.7989],[84.0185,23.7956],[84.0144,23.7952],[84.0124,23.7946],[84.0088,23.7946],[84.0062,23.7945],[84.0044,23.7938],[84.0019,23.7944],[83.9999,23.797],[83.9991,23.7998],[83.9993,23.8068],[83.9996,23.8104],[84.0002,23.8142],[83.9992,23.817],[83.9977,23.8194],[83.9954,23.8212],[83.9916,23.8247],[83.9892,23.8266],[83.9856,23.829],[83.9848,23.8307],[83.98,23.8347],[83.977,23.8364],[83.9738,23.8387],[83.971,23.8396],[83.968,23.8417],[83.9652,23.8451],[83.9633,23.8478],[83.956,23.8549],[83.9514,23.8574],[83.9486,23.8592],[83.9442,23.8601],[83.9394,23.8602],[83.9357,23.8605],[83.9339,23.8627],[83.9329,23.8647],[83.9329,23.8699],[83.9331,23.8793],[83.9339,23.8854],[83.9343,23.8906],[83.9344,23.8956],[83.9347,23.8985],[83.936,23.9003],[83.9373,23.9023],[83.9382,23.9068],[83.9383,23.9106],[83.9382,23.9134],[83.9387,23.9169],[83.9398,23.9195],[83.9388,23.9217],[83.9367,23.9223],[83.9326,23.9221],[83.93,23.922],[83.9268,23.9224],[83.9256,23.9236],[83.9251,23.9254],[83.9257,23.9276],[83.9254,23.9302],[83.9237,23.9336],[83.9227,23.9349],[83.9205,23.9331],[83.9193,23.933],[83.9175,23.9336],[83.9149,23.9357],[83.9158,23.9379],[83.9165,23.9412],[83.9149,23.9429],[83.9102,23.9467],[83.907,23.9485],[83.9061,23.9509],[83.9058,23.9529],[83.9058,23.9555],[83.9047,23.9591],[83.9024,23.9612],[83.8998,23.9633],[83.8979,23.9646],[83.8961,23.9667],[83.8955,23.9674],[83.8954,23.9706],[83.8959,23.9734],[83.8948,23.9765],[83.893,23.9784],[83.8899,23.9813],[83.8863,23.9832],[83.8777,23.9846],[83.8739,23.9843],[83.8704,23.9833],[83.8683,23.9807],[83.8686,23.9781],[83.8688,23.9765],[83.8673,23.9739],[83.8656,23.971],[83.8649,23.968],[83.8664,23.9641],[83.8664,23.9554],[83.8663,23.9536],[83.8657,23.953],[83.8586,23.9528],[83.8507,23.9517],[83.8453,23.9515],[83.842,23.9507],[83.84,23.95],[83.8366,23.9495],[83.8352,23.9493],[83.8335,23.9481],[83.8319,23.9485],[83.8303,23.9498],[83.8282,23.9521],[83.826,23.9538],[83.8224,23.9545],[83.8204,23.9542],[83.8187,23.9568],[83.8186,23.9607],[83.8218,23.9617],[83.8251,23.9624],[83.8297,23.9623],[83.8322,23.9635],[83.8346,23.9656],[83.835,23.9706],[83.8359,23.9754],[83.8367,23.9804],[83.8376,23.9841],[83.8389,23.9859],[83.8401,23.9877],[83.8396,23.989],[83.837,23.9904],[83.8316,23.9929],[83.8289,23.9961],[83.8274,23.9988],[83.8272,24.0016],[83.8302,24.0048],[83.8395,24.0157],[83.8413,24.0212],[83.8465,24.0323],[83.8605,24.0395],[83.8624,24.042],[83.8663,24.0581],[83.867,24.0698],[83.8725,24.0719],[83.8802,24.0773],[83.8864,24.0793],[83.8913,24.0835],[83.8949,24.0881],[83.9078,24.0898],[83.9112,24.093],[83.917,24.0929],[83.9196,24.091],[83.92,24.0888],[83.9299,24.0938],[83.9389,24.1002],[83.9424,24.1002],[83.9453,24.0982],[83.9492,24.0938],[83.9521,24.0939],[83.9554,24.0982],[83.9612,24.1114],[83.9722,24.1045],[83.9788,24.1033],[83.9794,24.1028],[83.9796,24.1031],[83.9847,24.1022],[83.9892,24.1036],[83.9906,24.1059],[83.991,24.1089],[83.9893,24.112],[83.9821,24.1184],[83.9789,24.1213],[83.9772,24.124],[83.9778,24.1304],[83.9782,24.1351],[83.9754,24.1419],[83.9722,24.1438],[83.97,24.1518],[83.9585,24.1554],[83.9507,24.159],[83.943,24.1613],[83.9327,24.1666],[83.9306,24.1677],[83.9254,24.1713],[83.9177,24.1786],[83.9106,24.1852],[83.905,24.1896],[83.8996,24.1935],[83.8897,24.2],[83.887,24.2029],[83.884,24.206],[83.8804,24.2098],[83.876,24.2183],[83.8731,24.2238],[83.8617,24.2397],[83.853,24.2518],[83.846,24.2597],[83.8359,24.2742],[83.8185,24.2913],[83.818,24.2994],[83.8192,24.3021],[83.8227,24.3055],[83.8284,24.311],[83.832,24.3175],[83.8328,24.322],[83.8295,24.3309],[83.818,24.3461],[83.8156,24.3493],[83.8138,24.353],[83.8133,24.3622],[83.8167,24.3699],[83.8211,24.3782],[83.8245,24.3812],[83.836,24.3889],[83.8452,24.3941],[83.8535,24.4025],[83.8556,24.4077],[83.858,24.4318],[83.8554,24.4464],[83.854,24.467],[83.8551,24.493],[83.8721,24.5255],[83.875,24.5284],[83.8758,24.532],[83.8758,24.532],[83.8866,24.5356],[83.9105,24.5416],[83.9257,24.5449],[83.9318,24.5454],[83.9362,24.5471],[83.9408,24.5509],[83.9443,24.5551],[83.9559,24.5656],[83.9653,24.5755],[83.9727,24.5868],[83.9801,24.5958],[83.987,24.6142],[84,24.6371],[84.0098,24.6345],[84.0223,24.6308],[84.0234,24.6267]]]},"properties":{"district_name":"Palamu","raw_district_name":"Palamu","state_code":"JH","state_name":"Jharkhand","census_code":358,"data_source":"DataMeet India Maps (Census 2011 Boundaries)"}},{"type":"Feature","geometry":{"type":"Polygon","coordinates":[[[85.5168,22.8086],[85.5168,22.8085],[85.5308,22.808],[85.5373,22.807],[85.5413,22.8201],[85.5507,22.823],[85.5589,22.821],[85.5642,22.8255],[85.5689,22.8319],[85.5759,22.8312],[85.5869,22.8288],[85.5956,22.8271],[85.6095,22.8252],[85.6147,22.8329],[85.6202,22.8435],[85.6219,22.8476],[85.629,22.8481],[85.6351,22.8477],[85.6382,22.8475],[85.6448,22.8499],[85.6488,22.8494],[85.6507,22.8444],[85.6538,22.8416],[85.6582,22.8411],[85.6609,22.8383],[85.663,22.8333],[85.6659,22.83],[85.6714,22.8284],[85.6758,22.8259],[85.6773,22.8251],[85.6828,22.8176],[85.6942,22.8175],[85.702,22.8074],[85.6993,22.8018],[85.6969,22.7881],[85.6995,22.7739],[85.7016,22.7685],[85.7053,22.7621],[85.7111,22.7579],[85.7187,22.7556],[85.7163,22.7453],[85.7113,22.7424],[85.704,22.7427],[85.6967,22.7452],[85.6928,22.7452],[85.6874,22.7404],[85.6835,22.729],[85.6852,22.7252],[85.6923,22.7168],[85.6928,22.7162],[85.6976,22.7123],[85.7004,22.7071],[85.7012,22.701],[85.7043,22.6957],[85.7119,22.6926],[85.7173,22.6916],[85.7206,22.6872],[85.7269,22.6853],[85.7311,22.6867],[85.7343,22.6905],[85.7372,22.6902],[85.744,22.6929],[85.7475,22.6987],[85.7521,22.7008],[85.7579,22.7002],[85.7655,22.7005],[85.7755,22.6987],[85.7776,22.7089],[85.789,22.7065],[85.7965,22.7098],[85.7959,22.7134],[85.7925,22.7131],[85.7938,22.7165],[85.797,22.7171],[85.8072,22.7128],[85.8135,22.7139],[85.8179,22.7156],[85.8214,22.7186],[85.8251,22.7203],[85.8283,22.7194],[85.8346,22.7123],[85.8392,22.7091],[85.8447,22.7091],[85.8508,22.7216],[85.8536,22.7233],[85.8587,22.7194],[85.8625,22.7159],[85.8656,22.7112],[85.8655,22.7065],[85.8628,22.7025],[85.86,22.7001],[85.8614,22.6979],[85.8657,22.6952],[85.8679,22.6917],[85.8685,22.6871],[85.868,22.6804],[85.8633,22.6666],[85.863,22.6619],[85.8675,22.6537],[85.8682,22.6476],[85.8709,22.6418],[85.8749,22.6384],[85.8761,22.6349],[85.8731,22.6319],[85.8726,22.6313],[85.8677,22.6213],[85.8712,22.6174],[85.8769,22.6166],[85.8837,22.6188],[85.8872,22.6147],[85.8886,22.6135],[85.8935,22.6099],[85.9001,22.607],[85.9057,22.6066],[85.9103,22.6034],[85.9024,22.5898],[85.9026,22.585],[85.9006,22.5802],[85.8965,22.5781],[85.8913,22.5774],[85.8905,22.5773],[85.8768,22.5701],[85.8742,22.5657],[85.8752,22.5621],[85.8785,22.5585],[85.8839,22.5561],[85.8897,22.5575],[85.8947,22.5554],[85.9038,22.5486],[85.9074,22.5441],[85.8992,22.5265],[85.9101,22.5199],[85.9118,22.5125],[85.9227,22.506],[85.9273,22.5003],[85.9278,22.4997],[85.9362,22.4958],[85.9504,22.4903],[85.9531,22.4893],[85.9666,22.482],[85.9666,22.482],[85.9639,22.4795],[85.9652,22.4738],[85.9641,22.4693],[85.9593,22.4594],[85.9672,22.4561],[85.9689,22.4485],[85.9728,22.4446],[85.9879,22.4324],[85.9987,22.4256],[86.0026,22.4251],[86.0058,22.4261],[86.0086,22.4285],[86.0118,22.4288],[86.0145,22.4278],[86.0155,22.4251],[86.0154,22.4224],[86.0178,22.4182],[86.0194,22.4074],[86.018,22.4025],[86.0205,22.4006],[86.0215,22.3969],[86.0238,22.3968],[86.0248,22.3942],[86.0233,22.3897],[86.0263,22.3877],[86.0273,22.3853],[86.0254,22.3817],[86.027,22.3786],[86.0246,22.3783],[86.0242,22.3751],[86.0217,22.3765],[86.021,22.3696],[86.0226,22.3658],[86.0119,22.3523],[85.9986,22.3418],[86.0016,22.3367],[86.0042,22.3347],[86.0105,22.3393],[86.0197,22.3381],[86.0262,22.333],[86.0249,22.3308],[86.019,22.3276],[86.0117,22.3196],[86.0142,22.3169],[86.0142,22.3136],[86.0169,22.3142],[86.0171,22.313],[86.0235,22.3082],[86.0261,22.3092],[86.0304,22.3078],[86.0339,22.3114],[86.038,22.3089],[86.0398,22.3116],[86.045,22.3123],[86.048,22.3119],[86.049,22.3099],[86.0457,22.3072],[86.036,22.3067],[86.0351,22.3044],[86.033,22.3032],[86.0291,22.3013],[86.0255,22.3015],[86.0218,22.3002],[86.0142,22.2964],[86.006,22.2881],[86.008,22.2852],[86.0065,22.283],[86.0033,22.279],[85.9988,22.277],[85.9909,22.2709],[85.9912,22.2612],[85.9876,22.2558],[85.9755,22.2471],[85.9771,22.2421],[85.9835,22.2393],[85.9909,22.2276],[85.9986,22.2193],[86.0231,22.2026],[86.0313,22.1931],[86.0324,22.1891],[86.0205,22.1765],[86.0183,22.1717],[86.0188,22.1675],[86.0171,22.1616],[86.0096,22.155],[86.005,22.1488],[86.0054,22.1463],[86.0048,22.141],[86.0004,22.1357],[86.0008,22.1275],[86.0018,22.1246],[86.0083,22.117],[86.0062,22.1129],[85.9983,22.1042],[85.9949,22.0974],[85.9847,22.0874],[85.983,22.0841],[85.9831,22.0808],[85.981,22.0758],[85.9769,22.0708],[85.9731,22.0638],[85.969,22.0585],[85.9637,22.0466],[85.9593,22.0402],[85.9573,22.0357],[85.9505,22.0274],[85.9483,22.0232],[85.9443,22.0207],[85.9388,22.0215],[85.9345,22.0235],[85.9306,22.0214],[85.9291,22.0182],[85.9253,22.0139],[85.918,22.0089],[85.9188,22.0008],[85.915,21.9943],[85.913,21.9855],[85.9154,21.9817],[85.915,21.9797],[85.9102,21.9768],[85.9118,21.9723],[85.9112,21.9708],[85.9086,21.9708],[85.8999,21.9824],[85.8969,21.9827],[85.8919,21.9796],[85.8875,21.979],[85.8771,21.9789],[85.8528,21.9812],[85.8462,21.9806],[85.8344,21.9771],[85.8281,21.9742],[85.8242,21.9741],[85.8214,21.9754],[85.8219,21.9794],[85.8212,21.9842],[85.8185,21.9851],[85.811,21.9843],[85.8068,21.9858],[85.7901,21.9827],[85.7881,21.9835],[85.7864,21.9851],[85.7773,21.9878],[85.7666,21.9938],[85.7664,22.001],[85.762,22.0124],[85.7646,22.0188],[85.7677,22.022],[85.778,22.0287],[85.7815,22.0323],[85.7848,22.0403],[85.7792,22.0473],[85.7771,22.0511],[85.7762,22.0552],[85.791,22.0758],[85.7938,22.0811],[85.8026,22.0784],[85.8086,22.0757],[85.8202,22.074],[85.8366,22.0809],[85.8339,22.0866],[85.8308,22.0911],[85.8248,22.0936],[85.8213,22.0967],[85.8146,22.0958],[85.8211,22.1029],[85.8206,22.106],[85.8079,22.1147],[85.803,22.1102],[85.7999,22.1093],[85.7968,22.1043],[85.7901,22.1029],[85.7849,22.0973],[85.7793,22.0941],[85.7709,22.0921],[85.7637,22.0889],[85.7581,22.0832],[85.7563,22.0783],[85.752,22.0738],[85.7397,22.0684],[85.7283,22.0621],[85.7235,22.0617],[85.7187,22.0603],[85.7137,22.0602],[85.7106,22.0582],[85.7019,22.0608],[85.6938,22.06],[85.6875,22.0527],[85.6779,22.0554],[85.6783,22.0636],[85.6736,22.0649],[85.6707,22.0705],[85.6635,22.0781],[85.6613,22.0817],[85.6563,22.0852],[85.654,22.0906],[85.6506,22.0941],[85.646,22.0941],[85.6424,22.0896],[85.6372,22.0854],[85.6322,22.0835],[85.6256,22.0817],[85.6171,22.0806],[85.6146,22.0828],[85.6133,22.0856],[85.6096,22.0831],[85.6078,22.0802],[85.6027,22.0786],[85.5971,22.0783],[85.5928,22.0806],[85.5883,22.0848],[85.5772,22.0899],[85.5723,22.0908],[85.5663,22.0887],[85.5604,22.0946],[85.5547,22.0923],[85.5456,22.0904],[85.5434,22.0941],[85.5421,22.0982],[85.5396,22.1006],[85.5348,22.1025],[85.5303,22.1068],[85.5209,22.1119],[85.5118,22.1152],[85.4919,22.1202],[85.4855,22.1255],[85.4778,22.1278],[85.4713,22.1349],[85.4631,22.1394],[85.4419,22.1478],[85.424,22.157],[85.4165,22.1597],[85.4085,22.1601],[85.4006,22.1622],[85.3965,22.1587],[85.3916,22.1559],[85.3855,22.1553],[85.3784,22.156],[85.3756,22.1588],[85.3694,22.1581],[85.3686,22.1536],[85.3691,22.1502],[85.3643,22.1415],[85.3649,22.1364],[85.3679,22.1284],[85.3676,22.1251],[85.3643,22.1232],[85.3598,22.1242],[85.3516,22.1306],[85.3447,22.1283],[85.3292,22.1286],[85.3216,22.1194],[85.3159,22.117],[85.3063,22.1107],[85.2937,22.0968],[85.2872,22.0913],[85.2804,22.0837],[85.2762,22.0726],[85.2717,22.0639],[85.2663,22.0565],[85.2624,22.0461],[85.2528,22.0291],[85.2473,22.0162],[85.2372,22.004],[85.2284,22.0072],[85.2246,22.0104],[85.2212,22.0144],[85.2201,22.02],[85.2202,22.0309],[85.2209,22.0409],[85.217,22.0468],[85.1986,22.0548],[85.1933,22.0564],[85.1898,22.0586],[85.1854,22.0684],[85.1831,22.0703],[85.1788,22.0718],[85.1759,22.0697],[85.1707,22.0688],[85.1761,22.0567],[85.1771,22.0518],[85.1735,22.0523],[85.1701,22.0566],[85.1653,22.0655],[85.1641,22.0706],[85.1619,22.074],[85.1552,22.0762],[85.1472,22.0771],[85.1414,22.0747],[85.1318,22.0727],[85.1252,22.07],[85.1197,22.0746],[85.1166,22.0794],[85.1153,22.0836],[85.1108,22.0863],[85.1061,22.0881],[85.1054,22.0996],[85.1018,22.1029],[85.0905,22.1039],[85.0826,22.1064],[85.0759,22.1106],[85.0503,22.1141],[85.0416,22.1116],[85.0376,22.1059],[85.0335,22.1046],[85.0264,22.1068],[85.0205,22.0972],[85.0155,22.0941],[85.0136,22.0866],[85.0088,22.0834],[85,22.0807],[84.9939,22.0802],[84.9875,22.0859],[84.9863,22.0881],[84.987,22.0947],[84.9899,22.0949],[84.9923,22.096],[85.0001,22.1014],[85.0259,22.1118],[85.0302,22.1154],[85.0307,22.1214],[85.0338,22.126],[85.0376,22.1407],[85.0367,22.1458],[85.0326,22.1518],[85.0318,22.1574],[85.0345,22.1607],[85.0397,22.1642],[85.0479,22.174],[85.0542,22.1777],[85.056,22.1826],[85.0534,22.1891],[85.0652,22.2092],[85.069,22.2194],[85.0759,22.2339],[85.0745,22.2467],[85.0785,22.249],[85.0807,22.2542],[85.0763,22.2635],[85.0759,22.2708],[85.0769,22.2754],[85.0888,22.2809],[85.105,22.2911],[85.1117,22.2943],[85.1148,22.2927],[85.1209,22.2937],[85.1212,22.3036],[85.1186,22.3082],[85.1204,22.3174],[85.1141,22.3184],[85.1076,22.3175],[85.1015,22.3155],[85.0944,22.3172],[85.0923,22.3201],[85.0969,22.328],[85.0994,22.3442],[85.0886,22.3444],[85.0863,22.3475],[85.0805,22.3517],[85.0819,22.3588],[85.0815,22.364],[85.0843,22.3722],[85.0895,22.3815],[85.0871,22.3985],[85.0836,22.406],[85.0837,22.4113],[85.081,22.4164],[85.0745,22.421],[85.0701,22.4262],[85.0694,22.439],[85.0646,22.4426],[85.0635,22.4476],[85.0669,22.4524],[85.0775,22.4588],[85.0774,22.4641],[85.0801,22.4696],[85.0797,22.4757],[85.0689,22.4813],[85.0736,22.4863],[85.0761,22.4916],[85.0775,22.5008],[85.0802,22.5081],[85.0812,22.5174],[85.0786,22.5247],[85.0713,22.5316],[85.067,22.5379],[85.0691,22.5418],[85.0726,22.5454],[85.0731,22.5489],[85.0701,22.5603],[85.072,22.5646],[85.0761,22.5667],[85.0802,22.5706],[85.0895,22.572],[85.0922,22.5745],[85.0921,22.5814],[85.0948,22.5864],[85.0972,22.5957],[85.0907,22.6053],[85.0878,22.6082],[85.0775,22.6141],[85.0773,22.6167],[85.0806,22.6204],[85.0839,22.6258],[85.0885,22.6273],[85.092,22.6326],[85.0938,22.6396],[85.0965,22.6446],[85.0969,22.6504],[85.1159,22.6578],[85.1172,22.6677],[85.1196,22.6734],[85.1202,22.6839],[85.1241,22.6878],[85.1225,22.6942],[85.1219,22.7019],[85.123,22.7086],[85.1274,22.7132],[85.132,22.7166],[85.1323,22.7201],[85.1301,22.722],[85.1314,22.7275],[85.1298,22.7309],[85.1297,22.7359],[85.1326,22.7374],[85.1428,22.738],[85.146,22.7415],[85.1472,22.7449],[85.1404,22.7516],[85.1395,22.7588],[85.1408,22.7649],[85.1408,22.7778],[85.1487,22.8062],[85.1602,22.8217],[85.1565,22.8238],[85.1586,22.8291],[85.1622,22.8323],[85.1687,22.8346],[85.1737,22.8331],[85.1786,22.8295],[85.183,22.8249],[85.1918,22.8253],[85.1944,22.8238],[85.1942,22.8204],[85.19,22.8143],[85.1912,22.812],[85.196,22.8124],[85.1979,22.8177],[85.2006,22.8144],[85.2063,22.8186],[85.216,22.8241],[85.223,22.8339],[85.2286,22.8377],[85.2348,22.8371],[85.2443,22.8344],[85.2496,22.8346],[85.256,22.8439],[85.259,22.8465],[85.2621,22.8447],[85.2661,22.8458],[85.2677,22.8497],[85.2669,22.8545],[85.2688,22.8562],[85.2688,22.8597],[85.2738,22.862],[85.2762,22.8605],[85.2778,22.8641],[85.2817,22.8694],[85.2829,22.8703],[85.2863,22.869],[85.2878,22.8721],[85.2896,22.8703],[85.2911,22.873],[85.299,22.8751],[85.3057,22.8743],[85.3086,22.8771],[85.31,22.8828],[85.3128,22.8843],[85.3149,22.8824],[85.3183,22.8825],[85.3214,22.8807],[85.3338,22.8822],[85.3425,22.885],[85.3438,22.8795],[85.3526,22.8801],[85.3567,22.8785],[85.358,22.8714],[85.3731,22.8621],[85.3742,22.8617],[85.3858,22.8651],[85.3895,22.8632],[85.3919,22.8547],[85.3883,22.8462],[85.3903,22.8414],[85.4009,22.8442],[85.4081,22.8439],[85.4143,22.8367],[85.4181,22.8358],[85.4206,22.8316],[85.4324,22.8353],[85.4356,22.8328],[85.4383,22.8291],[85.4406,22.8216],[85.4437,22.8196],[85.4477,22.8192],[85.4492,22.8182],[85.453,22.8098],[85.4541,22.8055],[85.458,22.8017],[85.4641,22.8002],[85.4712,22.7998],[85.4826,22.8046],[85.4918,22.8032],[85.5004,22.8001],[85.5047,22.8005],[85.5126,22.8074],[85.5168,22.8086]]]},"properties":{"district_name":"Pashchimi Singhbhum","raw_district_name":"Pashchimi Singhbhum","state_code":"JH","state_name":"Jharkhand","census_code":368,"data_source":"DataMeet India Maps (Census 2011 Boundaries)"}},{"type":"Feature","geometry":{"type":"Polygon","coordinates":[[[86.5605,22.7111],[86.5794,22.6979],[86.5861,22.6923],[86.5966,22.6919],[86.602,22.6887],[86.6082,22.6831],[86.6155,22.6807],[86.6232,22.6767],[86.6277,22.6696],[86.6357,22.6658],[86.642,22.6585],[86.6408,22.6506],[86.642,22.6342],[86.6404,22.6261],[86.6377,22.6134],[86.6393,22.6074],[86.6396,22.6007],[86.6442,22.5972],[86.6535,22.595],[86.6563,22.5877],[86.6546,22.5855],[86.6569,22.5793],[86.6625,22.5762],[86.6666,22.5779],[86.678,22.5759],[86.6791,22.577],[86.6886,22.5802],[86.7112,22.5838],[86.7329,22.5781],[86.7611,22.5778],[86.7651,22.5759],[86.7686,22.5681],[86.7726,22.5644],[86.7721,22.5596],[86.7686,22.5561],[86.7697,22.5542],[86.7764,22.5519],[86.7765,22.5494],[86.7814,22.5506],[86.783,22.549],[86.7892,22.5478],[86.7913,22.541],[86.7879,22.5393],[86.7904,22.536],[86.7903,22.5329],[86.7879,22.528],[86.7948,22.524],[86.7965,22.5203],[86.7969,22.517],[86.7944,22.5133],[86.7947,22.5112],[86.8037,22.5024],[86.7961,22.4973],[86.798,22.4942],[86.8021,22.4924],[86.8031,22.4906],[86.8031,22.4876],[86.8007,22.4833],[86.7943,22.4782],[86.7906,22.4803],[86.7876,22.481],[86.7808,22.481],[86.7746,22.4796],[86.7658,22.4826],[86.7585,22.4838],[86.7534,22.4823],[86.7505,22.4793],[86.7503,22.4742],[86.7541,22.464],[86.7566,22.4544],[86.7626,22.4501],[86.7622,22.4462],[86.7631,22.4394],[86.7674,22.429],[86.769,22.4266],[86.7744,22.4253],[86.7838,22.4252],[86.7941,22.422],[86.8103,22.4202],[86.8234,22.4161],[86.8359,22.4101],[86.8438,22.4051],[86.8489,22.3999],[86.8499,22.3961],[86.8486,22.3914],[86.8455,22.3881],[86.8433,22.3824],[86.846,22.3729],[86.8414,22.3647],[86.834,22.3454],[86.8351,22.3423],[86.8336,22.3334],[86.8342,22.3285],[86.8419,22.3207],[86.8457,22.3177],[86.8522,22.3171],[86.8679,22.3078],[86.8731,22.3085],[86.8762,22.3066],[86.8776,22.3027],[86.8858,22.3004],[86.8901,22.3007],[86.8912,22.2981],[86.8918,22.2907],[86.8934,22.2854],[86.8935,22.2797],[86.8929,22.2736],[86.8906,22.2729],[86.8905,22.2674],[86.8916,22.263],[86.8906,22.2561],[86.8781,22.2585],[86.874,22.2587],[86.8696,22.2575],[86.8633,22.2584],[86.8592,22.2608],[86.8557,22.2645],[86.8551,22.2633],[86.8463,22.2611],[86.8411,22.2648],[86.8387,22.2636],[86.8334,22.2632],[86.8278,22.2653],[86.8254,22.2646],[86.8241,22.2576],[86.8214,22.2533],[86.8188,22.262],[86.8176,22.2633],[86.8169,22.2679],[86.8163,22.2635],[86.8142,22.2578],[86.815,22.2536],[86.814,22.2505],[86.8125,22.2498],[86.8116,22.2478],[86.809,22.248],[86.8075,22.2458],[86.8046,22.245],[86.8019,22.2471],[86.8015,22.2491],[86.8035,22.2495],[86.8014,22.2539],[86.8057,22.2659],[86.7953,22.2668],[86.7957,22.2572],[86.7982,22.248],[86.7979,22.2428],[86.8026,22.238],[86.8046,22.2392],[86.8064,22.2427],[86.8149,22.242],[86.8142,22.2371],[86.8051,22.2177],[86.7964,22.2216],[86.791,22.2181],[86.7886,22.2157],[86.7841,22.2156],[86.7811,22.2178],[86.784,22.2258],[86.7875,22.2294],[86.7962,22.2244],[86.7972,22.2279],[86.7919,22.2334],[86.785,22.2358],[86.7809,22.2356],[86.7778,22.2344],[86.7771,22.2317],[86.7796,22.2274],[86.7803,22.2187],[86.7749,22.2186],[86.7721,22.2154],[86.7602,22.212],[86.7529,22.212],[86.7461,22.2149],[86.7388,22.2153],[86.7305,22.2176],[86.7279,22.2193],[86.7261,22.2209],[86.7166,22.2218],[86.6969,22.2214],[86.6873,22.2235],[86.6792,22.229],[86.6751,22.2341],[86.675,22.2408],[86.6703,22.2426],[86.6678,22.2415],[86.6655,22.2382],[86.6563,22.2372],[86.6534,22.2397],[86.6525,22.2537],[86.6535,22.2572],[86.6511,22.2612],[86.6507,22.2653],[86.6475,22.2658],[86.6465,22.2681],[86.6428,22.267],[86.6425,22.2701],[86.6398,22.2731],[86.6354,22.273],[86.6323,22.2708],[86.6213,22.2799],[86.6137,22.2827],[86.6079,22.2823],[86.6037,22.2783],[86.5962,22.2788],[86.5952,22.286],[86.5909,22.2905],[86.5908,22.2948],[86.5874,22.2949],[86.5865,22.2988],[86.5837,22.3017],[86.5805,22.3002],[86.5796,22.2978],[86.5759,22.2968],[86.573,22.3009],[86.5665,22.3009],[86.5573,22.2992],[86.551,22.3028],[86.5452,22.3076],[86.5377,22.3021],[86.5298,22.3067],[86.5285,22.3117],[86.5261,22.3153],[86.5304,22.3162],[86.529,22.3224],[86.5249,22.3244],[86.5133,22.3278],[86.5066,22.3353],[86.5053,22.3447],[86.4891,22.3482],[86.4871,22.3458],[86.4839,22.3383],[86.4799,22.338],[86.4738,22.3361],[86.4724,22.3327],[86.4693,22.3308],[86.4656,22.3302],[86.4636,22.3259],[86.4549,22.3269],[86.4472,22.3291],[86.4438,22.3272],[86.4442,22.3203],[86.4456,22.3152],[86.4447,22.3096],[86.4387,22.3054],[86.4298,22.3101],[86.4301,22.313],[86.4271,22.3177],[86.4168,22.3194],[86.4067,22.3232],[86.396,22.329],[86.381,22.3409],[86.3685,22.3434],[86.3582,22.3491],[86.3581,22.3553],[86.3528,22.3627],[86.3448,22.3697],[86.3308,22.3768],[86.3253,22.384],[86.3232,22.3942],[86.3153,22.4009],[86.3078,22.4088],[86.3062,22.4189],[86.2984,22.4237],[86.2935,22.4289],[86.2853,22.4491],[86.2769,22.4464],[86.2707,22.4431],[86.2651,22.4448],[86.2481,22.4481],[86.2341,22.4531],[86.2266,22.4541],[86.226,22.4526],[86.2171,22.4632],[86.2225,22.4675],[86.2238,22.4717],[86.2232,22.4717],[86.2221,22.4685],[86.2147,22.4663],[86.208,22.4738],[86.2023,22.4712],[86.1794,22.4799],[86.1717,22.4802],[86.1612,22.4825],[86.1508,22.4786],[86.1519,22.4826],[86.1256,22.489],[86.1176,22.4863],[86.113,22.4883],[86.1071,22.4936],[86.1038,22.499],[86.0992,22.5116],[86.0973,22.5125],[86.0841,22.5337],[86.0749,22.5464],[86.0676,22.5518],[86.0727,22.5632],[86.0751,22.5655],[86.0781,22.5683],[86.1026,22.5839],[86.1061,22.5883],[86.1085,22.5914],[86.1147,22.597],[86.1195,22.6058],[86.1387,22.6181],[86.1452,22.6248],[86.1498,22.6314],[86.1571,22.6367],[86.1578,22.6505],[86.1602,22.6537],[86.1694,22.6705],[86.1647,22.6767],[86.1642,22.6989],[86.1628,22.7173],[86.1661,22.725],[86.1652,22.7337],[86.1617,22.7356],[86.1608,22.7462],[86.1594,22.7483],[86.1619,22.756],[86.1662,22.7615],[86.1715,22.7634],[86.1742,22.7848],[86.1739,22.7884],[86.1737,22.7906],[86.1727,22.7937],[86.1696,22.7937],[86.1662,22.7948],[86.1623,22.7996],[86.1596,22.8013],[86.1488,22.7975],[86.1473,22.7994],[86.1459,22.8057],[86.1488,22.8138],[86.1581,22.8206],[86.1591,22.8235],[86.1591,22.8343],[86.1614,22.8379],[86.1759,22.8332],[86.1823,22.8249],[86.1859,22.8227],[86.1967,22.8184],[86.1966,22.8279],[86.2012,22.8373],[86.1999,22.8403],[86.2007,22.8474],[86.2003,22.8618],[86.2029,22.867],[86.2088,22.8717],[86.2117,22.8731],[86.2179,22.886],[86.2199,22.8903],[86.2136,22.8922],[86.2107,22.8924],[86.2004,22.8989],[86.1971,22.8972],[86.1939,22.8989],[86.1921,22.9038],[86.1928,22.9093],[86.1903,22.9225],[86.192,22.9264],[86.1945,22.9296],[86.1918,22.9343],[86.1938,22.9454],[86.1887,22.9476],[86.1976,22.969],[86.2059,22.9697],[86.2176,22.9682],[86.2209,22.9728],[86.2276,22.9736],[86.2323,22.9721],[86.2383,22.9727],[86.2417,22.9752],[86.2451,22.9808],[86.2462,22.9882],[86.2425,22.9914],[86.2402,22.996],[86.2402,22.9961],[86.2402,22.9961],[86.2444,22.9976],[86.2508,22.9982],[86.2566,22.9977],[86.267,22.9983],[86.2695,23.0007],[86.269,23.0021],[86.2707,23.0031],[86.2754,23.0071],[86.2792,23.0092],[86.2812,23.0113],[86.2851,23.0134],[86.2904,23.0136],[86.2977,23.0128],[86.2976,23.0118],[86.2997,23.0108],[86.3005,23.0118],[86.3021,23.0129],[86.3032,23.016],[86.3039,23.016],[86.306,23.015],[86.3064,23.0131],[86.3061,23.011],[86.3059,23.009],[86.3078,23.0061],[86.3116,23.0052],[86.3156,23.0034],[86.3156,23.0009],[86.3178,22.9979],[86.321,22.9983],[86.3315,22.9952],[86.3378,22.9916],[86.3404,22.9921],[86.347,22.996],[86.3521,22.9958],[86.3561,22.9919],[86.3572,22.9977],[86.3656,22.9994],[86.3689,22.9955],[86.3751,22.9971],[86.386,22.9935],[86.3866,22.9872],[86.3892,22.9829],[86.3929,22.9795],[86.3986,22.977],[86.4025,22.9806],[86.4059,22.9859],[86.4161,22.9898],[86.4219,22.9976],[86.4373,22.9931],[86.4461,22.9929],[86.4472,22.9901],[86.4508,22.9879],[86.4533,22.9899],[86.4566,22.9904],[86.4686,22.988],[86.4717,22.9914],[86.4805,22.9885],[86.4849,22.9917],[86.5029,22.9927],[86.5028,22.986],[86.5095,22.9808],[86.5131,22.9756],[86.5054,22.9714],[86.5177,22.9691],[86.5242,22.971],[86.5282,22.975],[86.5262,22.9757],[86.5396,22.9842],[86.5457,22.9901],[86.5475,22.9772],[86.5432,22.9687],[86.544,22.9647],[86.5379,22.9651],[86.5321,22.9637],[86.533,22.9608],[86.5289,22.9516],[86.5238,22.9472],[86.5182,22.9491],[86.5131,22.9482],[86.5042,22.9506],[86.5021,22.9504],[86.5032,22.948],[86.5013,22.9442],[86.4995,22.9444],[86.498,22.9471],[86.4949,22.9469],[86.4923,22.9384],[86.49,22.9372],[86.4893,22.9411],[86.4842,22.9435],[86.479,22.9469],[86.4799,22.9517],[86.4759,22.9523],[86.4756,22.9495],[86.4676,22.9471],[86.4635,22.9417],[86.4637,22.9358],[86.4566,22.9333],[86.4426,22.9302],[86.4384,22.9263],[86.4367,22.923],[86.438,22.9187],[86.454,22.9048],[86.4679,22.9019],[86.4685,22.8996],[86.4565,22.8859],[86.4525,22.8864],[86.4548,22.88],[86.4522,22.8724],[86.4532,22.8647],[86.4524,22.8618],[86.4383,22.8635],[86.4368,22.8494],[86.4387,22.8436],[86.4385,22.8383],[86.4394,22.8316],[86.4271,22.8119],[86.4235,22.7929],[86.4181,22.7895],[86.4217,22.7796],[86.4275,22.7773],[86.4344,22.7715],[86.4453,22.7658],[86.4494,22.7617],[86.4595,22.7628],[86.4715,22.7496],[86.4721,22.7434],[86.4755,22.7406],[86.4844,22.7256],[86.4871,22.7279],[86.4932,22.7265],[86.4954,22.723],[86.502,22.7187],[86.5058,22.7143],[86.512,22.7048],[86.515,22.7055],[86.5135,22.7114],[86.5154,22.7193],[86.5219,22.718],[86.5256,22.7211],[86.5391,22.7198],[86.5446,22.7239],[86.5517,22.7185],[86.5549,22.7141],[86.5605,22.7111]]]},"properties":{"district_name":"Purbi Singhbhum","raw_district_name":"Purbi Singhbhum","state_code":"JH","state_name":"Jharkhand","census_code":357,"data_source":"DataMeet India Maps (Census 2011 Boundaries)"}},{"type":"Feature","geometry":{"type":"Polygon","coordinates":[[[85.6128,23.7803],[85.6179,23.7787],[85.6217,23.7792],[85.6268,23.7831],[85.6348,23.7866],[85.6374,23.7894],[85.6413,23.805],[85.6464,23.805],[85.6512,23.8061],[85.6536,23.8049],[85.655,23.7964],[85.6507,23.7905],[85.651,23.781],[85.6497,23.7731],[85.6422,23.7685],[85.6382,23.7638],[85.6342,23.7603],[85.6328,23.7571],[85.6301,23.7539],[85.6167,23.7493],[85.6166,23.7316],[85.6209,23.7269],[85.6221,23.7157],[85.6218,23.7057],[85.6203,23.6958],[85.6182,23.6929],[85.6106,23.6864],[85.6108,23.6837],[85.6184,23.6744],[85.6185,23.6699],[85.6159,23.667],[85.6166,23.6576],[85.6151,23.6222],[85.6161,23.6157],[85.6195,23.6155],[85.623,23.6142],[85.6267,23.6115],[85.6322,23.6044],[85.6344,23.6],[85.638,23.5977],[85.6455,23.5946],[85.6486,23.5924],[85.6553,23.5908],[85.6639,23.6008],[85.6662,23.6051],[85.6662,23.6079],[85.6648,23.611],[85.6663,23.6137],[85.6698,23.6132],[85.6719,23.615],[85.6712,23.6173],[85.6742,23.6198],[85.679,23.6206],[85.6801,23.6234],[85.6793,23.6268],[85.6804,23.6302],[85.6841,23.6315],[85.6877,23.6291],[85.6925,23.6254],[85.7001,23.6294],[85.7028,23.6285],[85.7052,23.6233],[85.7116,23.6182],[85.7144,23.6177],[85.7192,23.6199],[85.7238,23.6263],[85.7284,23.6375],[85.732,23.6398],[85.7367,23.6392],[85.7411,23.6401],[85.752,23.6476],[85.756,23.6555],[85.7585,23.667],[85.7611,23.6729],[85.7643,23.6734],[85.7681,23.6711],[85.7713,23.6661],[85.7735,23.6602],[85.7739,23.6567],[85.7719,23.6399],[85.7749,23.6353],[85.7821,23.6332],[85.7844,23.6309],[85.7857,23.6265],[85.7935,23.6215],[85.7895,23.6149],[85.7944,23.6131],[85.7932,23.6055],[85.7976,23.6077],[85.7984,23.6072],[85.8007,23.6016],[85.8042,23.5996],[85.8068,23.5935],[85.81,23.5895],[85.8109,23.5801],[85.8155,23.5627],[85.8194,23.5622],[85.8234,23.563],[85.8265,23.561],[85.8351,23.5617],[85.8411,23.5537],[85.8428,23.5495],[85.8404,23.5491],[85.8383,23.5422],[85.8268,23.5388],[85.8236,23.5353],[85.8311,23.5249],[85.8353,23.5244],[85.8417,23.521],[85.8428,23.5178],[85.8395,23.5106],[85.8387,23.5067],[85.8394,23.5035],[85.8424,23.501],[85.8487,23.5],[85.8531,23.5002],[85.8564,23.5015],[85.8609,23.5042],[85.8637,23.5042],[85.8677,23.503],[85.8698,23.5004],[85.8701,23.4985],[85.8775,23.497],[85.8784,23.4944],[85.883,23.4921],[85.8838,23.4902],[85.8858,23.4897],[85.8867,23.4884],[85.8853,23.4861],[85.8893,23.4847],[85.8892,23.4827],[85.8838,23.4777],[85.8803,23.4781],[85.8763,23.4767],[85.8722,23.4721],[85.8697,23.4614],[85.8682,23.4569],[85.8657,23.4528],[85.8659,23.4435],[85.8671,23.4301],[85.8598,23.4237],[85.8566,23.4244],[85.8518,23.428],[85.8495,23.4268],[85.8503,23.4224],[85.8461,23.4207],[85.8429,23.428],[85.8396,23.432],[85.8299,23.4383],[85.8306,23.4462],[85.8271,23.4502],[85.8229,23.4524],[85.8167,23.4538],[85.8054,23.4537],[85.8027,23.4493],[85.7986,23.4494],[85.7951,23.4546],[85.7914,23.4539],[85.7824,23.4548],[85.779,23.4584],[85.7738,23.4588],[85.7714,23.458],[85.7587,23.46],[85.7497,23.4578],[85.7471,23.4531],[85.7416,23.4498],[85.7368,23.4482],[85.7337,23.4495],[85.7314,23.453],[85.7251,23.4471],[85.7223,23.4419],[85.719,23.4411],[85.7147,23.4417],[85.7112,23.4438],[85.7071,23.445],[85.6852,23.4482],[85.6751,23.4509],[85.6733,23.4568],[85.6629,23.4613],[85.6594,23.4646],[85.6446,23.465],[85.6386,23.4663],[85.6325,23.4687],[85.6278,23.4723],[85.6136,23.4784],[85.6075,23.4818],[85.6066,23.4892],[85.5981,23.492],[85.5932,23.4951],[85.589,23.5031],[85.5784,23.5092],[85.5709,23.5148],[85.5513,23.538],[85.5466,23.5397],[85.5403,23.5393],[85.5356,23.5376],[85.5328,23.5322],[85.5304,23.5327],[85.5247,23.5366],[85.5204,23.5428],[85.5288,23.561],[85.5278,23.5652],[85.5253,23.5697],[85.5248,23.5751],[85.5225,23.577],[85.5174,23.5763],[85.5135,23.5722],[85.5056,23.5701],[85.5064,23.5672],[85.5116,23.5622],[85.5151,23.5543],[85.5159,23.5446],[85.5108,23.5413],[85.5023,23.5443],[85.4942,23.5435],[85.488,23.5486],[85.4837,23.554],[85.4882,23.5597],[85.4884,23.5629],[85.4727,23.5714],[85.4705,23.5682],[85.4723,23.5649],[85.4716,23.5575],[85.4636,23.5546],[85.4526,23.5494],[85.4462,23.5493],[85.4283,23.5542],[85.42,23.5595],[85.4141,23.561],[85.4104,23.5563],[85.4049,23.5553],[85.3997,23.5558],[85.3946,23.5576],[85.3914,23.5617],[85.388,23.5582],[85.3858,23.5501],[85.3698,23.5589],[85.3659,23.5619],[85.3499,23.5615],[85.34,23.5586],[85.3362,23.5596],[85.326,23.5678],[85.3209,23.5698],[85.3108,23.5725],[85.2978,23.5737],[85.2813,23.5789],[85.2731,23.5804],[85.2683,23.5802],[85.2668,23.5812],[85.2661,23.5842],[85.264,23.5871],[85.2443,23.5962],[85.2449,23.6028],[85.2431,23.6061],[85.2406,23.6111],[85.2365,23.6163],[85.2364,23.6196],[85.2325,23.6189],[85.2143,23.6194],[85.2091,23.622],[85.2043,23.6333],[85.2042,23.6391],[85.2055,23.6434],[85.2117,23.6508],[85.2139,23.6553],[85.2221,23.655],[85.221,23.6585],[85.2231,23.6604],[85.2216,23.666],[85.225,23.6751],[85.2282,23.6758],[85.2376,23.6828],[85.238,23.6857],[85.2362,23.6867],[85.2301,23.6845],[85.226,23.6857],[85.2233,23.6899],[85.2265,23.6989],[85.2516,23.697],[85.2677,23.6918],[85.2926,23.6886],[85.3054,23.6928],[85.3232,23.6991],[85.3395,23.7008],[85.3519,23.6958],[85.3691,23.6883],[85.379,23.6856],[85.3877,23.683],[85.3976,23.6803],[85.4086,23.6742],[85.4353,23.6825],[85.4493,23.6877],[85.4494,23.6887],[85.4494,23.6887],[85.4507,23.6972],[85.4496,23.7185],[85.45,23.7212],[85.4517,23.7231],[85.4534,23.7235],[85.4539,23.7244],[85.4542,23.7265],[85.4551,23.7272],[85.4561,23.7274],[85.4585,23.7281],[85.4587,23.7296],[85.4594,23.7316],[85.4619,23.7331],[85.4644,23.7358],[85.4673,23.7394],[85.473,23.7472],[85.4758,23.7513],[85.4772,23.7531],[85.4785,23.7555],[85.4789,23.7581],[85.4782,23.7624],[85.4758,23.7653],[85.472,23.7685],[85.4708,23.7707],[85.4707,23.7728],[85.4686,23.7752],[85.4659,23.7771],[85.4633,23.779],[85.4615,23.7803],[85.4579,23.7824],[85.4569,23.7837],[85.4549,23.7857],[85.4927,23.8022],[85.5085,23.8286],[85.526,23.8565],[85.5501,23.8856],[85.579,23.9116],[85.6089,23.9255],[85.6372,23.938],[85.6472,23.9331],[85.6472,23.9321],[85.6498,23.9296],[85.6569,23.9264],[85.6571,23.922],[85.6603,23.9201],[85.6618,23.9182],[85.659,23.916],[85.6519,23.9127],[85.6494,23.9088],[85.6396,23.9051],[85.6345,23.9021],[85.6228,23.8942],[85.6151,23.8872],[85.6129,23.8784],[85.6129,23.8731],[85.6152,23.8695],[85.6186,23.8615],[85.6173,23.8557],[85.615,23.854],[85.5937,23.8467],[85.5895,23.8446],[85.5861,23.8409],[85.5833,23.8351],[85.5923,23.8316],[85.5927,23.8284],[85.5983,23.818],[85.5991,23.8146],[85.5949,23.8082],[85.5974,23.7999],[85.6004,23.7958],[85.6037,23.7939],[85.6051,23.7904],[85.6085,23.7893],[85.6103,23.7878],[85.6128,23.7803]]]},"properties":{"district_name":"Ramgarh","raw_district_name":"Ramgarh","state_code":"JH","state_name":"Jharkhand","census_code":361,"data_source":"DataMeet India Maps (Census 2011 Boundaries)"}},{"type":"Feature","geometry":{"type":"Polygon","coordinates":[[[85.226,23.6857],[85.2301,23.6845],[85.2362,23.6867],[85.238,23.6857],[85.2376,23.6828],[85.2282,23.6758],[85.225,23.6751],[85.2216,23.666],[85.2231,23.6604],[85.221,23.6585],[85.2221,23.655],[85.2139,23.6553],[85.2117,23.6508],[85.2055,23.6434],[85.2042,23.6391],[85.2043,23.6333],[85.2091,23.622],[85.2143,23.6194],[85.2325,23.6189],[85.2364,23.6196],[85.2365,23.6163],[85.2406,23.6111],[85.2431,23.6061],[85.2449,23.6028],[85.2443,23.5962],[85.264,23.5871],[85.2661,23.5842],[85.2668,23.5812],[85.2683,23.5802],[85.2731,23.5804],[85.2813,23.5789],[85.2978,23.5737],[85.3108,23.5725],[85.3209,23.5698],[85.326,23.5678],[85.3362,23.5596],[85.34,23.5586],[85.3499,23.5615],[85.3659,23.5619],[85.3698,23.5589],[85.3858,23.5501],[85.388,23.5582],[85.3914,23.5617],[85.3946,23.5576],[85.3997,23.5558],[85.4049,23.5553],[85.4104,23.5563],[85.4141,23.561],[85.42,23.5595],[85.4283,23.5542],[85.4462,23.5493],[85.4526,23.5494],[85.4636,23.5546],[85.4716,23.5575],[85.4723,23.5649],[85.4705,23.5682],[85.4727,23.5714],[85.4884,23.5629],[85.4882,23.5597],[85.4837,23.554],[85.488,23.5486],[85.4942,23.5435],[85.5023,23.5443],[85.5108,23.5413],[85.5159,23.5446],[85.5151,23.5543],[85.5116,23.5622],[85.5064,23.5672],[85.5056,23.5701],[85.5135,23.5722],[85.5174,23.5763],[85.5225,23.577],[85.5248,23.5751],[85.5253,23.5697],[85.5278,23.5652],[85.5288,23.561],[85.5204,23.5428],[85.5247,23.5366],[85.5304,23.5327],[85.5328,23.5322],[85.5356,23.5376],[85.5403,23.5393],[85.5466,23.5397],[85.5513,23.538],[85.5709,23.5148],[85.5784,23.5092],[85.589,23.5031],[85.5932,23.4951],[85.5981,23.492],[85.6066,23.4892],[85.6075,23.4818],[85.6136,23.4784],[85.6278,23.4723],[85.6325,23.4687],[85.6386,23.4663],[85.6446,23.465],[85.6594,23.4646],[85.6629,23.4613],[85.6733,23.4568],[85.6751,23.4509],[85.6852,23.4482],[85.7071,23.445],[85.7112,23.4438],[85.7147,23.4417],[85.719,23.4411],[85.7223,23.4419],[85.7251,23.4471],[85.7314,23.453],[85.7337,23.4495],[85.7368,23.4482],[85.7416,23.4498],[85.7471,23.4531],[85.7497,23.4578],[85.7587,23.46],[85.7714,23.458],[85.7738,23.4588],[85.779,23.4584],[85.7824,23.4548],[85.7914,23.4539],[85.7951,23.4546],[85.7986,23.4494],[85.8027,23.4493],[85.8054,23.4537],[85.8167,23.4538],[85.8229,23.4524],[85.8271,23.4502],[85.8306,23.4462],[85.8299,23.4383],[85.8396,23.432],[85.8429,23.428],[85.8461,23.4207],[85.8503,23.4224],[85.8495,23.4268],[85.8518,23.428],[85.8566,23.4244],[85.8598,23.4237],[85.8671,23.4301],[85.869,23.4119],[85.8784,23.4105],[85.8804,23.4125],[85.8846,23.41],[85.8879,23.4057],[85.8845,23.4041],[85.8835,23.4024],[85.8909,23.3893],[85.8883,23.3857],[85.8886,23.3831],[85.8967,23.383],[85.9005,23.3817],[85.902,23.379],[85.9018,23.3726],[85.8995,23.3715],[85.8914,23.3758],[85.8812,23.3703],[85.8724,23.3668],[85.8728,23.3635],[85.8792,23.3589],[85.8789,23.3573],[85.877,23.3545],[85.8777,23.3322],[85.8815,23.3308],[85.8836,23.3283],[85.8841,23.3258],[85.8814,23.3228],[85.8744,23.3179],[85.8669,23.317],[85.8676,23.3054],[85.864,23.3032],[85.8586,23.2966],[85.8506,23.2917],[85.8479,23.2864],[85.8453,23.2842],[85.8398,23.2828],[85.8325,23.2652],[85.8368,23.2454],[85.838,23.22],[85.8368,23.2162],[85.8368,23.2128],[85.8389,23.2084],[85.8398,23.2041],[85.8377,23.1973],[85.8385,23.1949],[85.8411,23.1943],[85.85,23.1964],[85.858,23.1948],[85.8636,23.1966],[85.8659,23.1946],[85.8833,23.1752],[85.8839,23.1733],[85.8827,23.1636],[85.8834,23.161],[85.8925,23.1557],[85.8952,23.1541],[85.8884,23.1548],[85.8875,23.1521],[85.8841,23.1497],[85.8808,23.15],[85.8762,23.1478],[85.8728,23.1452],[85.8713,23.1413],[85.8725,23.1341],[85.8725,23.1286],[85.8704,23.1259],[85.8667,23.1264],[85.8599,23.1298],[85.8528,23.1195],[85.848,23.1184],[85.844,23.1151],[85.842,23.1101],[85.8419,23.1064],[85.8399,23.1041],[85.8365,23.1021],[85.8356,23.0983],[85.8303,23.0919],[85.8262,23.0911],[85.8226,23.0858],[85.8146,23.068],[85.8098,23.0676],[85.8049,23.0662],[85.8014,23.0634],[85.7991,23.0591],[85.8003,23.0555],[85.8078,23.0531],[85.8117,23.0431],[85.8142,23.0338],[85.8187,23.0256],[85.8209,23.0116],[85.8238,23.0059],[85.8243,23.0027],[85.8237,23.0019],[85.827,22.9963],[85.8335,22.991],[85.8426,22.9875],[85.8483,22.9867],[85.8484,22.9793],[85.8516,22.9617],[85.8517,22.9481],[85.8536,22.9445],[85.864,22.9461],[85.8649,22.9426],[85.8689,22.939],[85.8699,22.9347],[85.8748,22.9324],[85.8759,22.9299],[85.8729,22.9268],[85.8695,22.9178],[85.8707,22.9155],[85.8699,22.9122],[85.8602,22.9045],[85.8575,22.9004],[85.8601,22.8964],[85.8634,22.8872],[85.859,22.884],[85.8513,22.8845],[85.8396,22.8897],[85.8369,22.8924],[85.835,22.8967],[85.8369,22.9021],[85.8368,22.9048],[85.8288,22.904],[85.8233,22.905],[85.8184,22.907],[85.8114,22.9072],[85.8018,22.9102],[85.7893,22.9195],[85.7823,22.9221],[85.7748,22.9218],[85.7693,22.9259],[85.767,22.9301],[85.763,22.9333],[85.752,22.9325],[85.7475,22.9361],[85.7414,22.9394],[85.7312,22.942],[85.7207,22.9422],[85.7045,22.9439],[85.6973,22.9407],[85.6927,22.9367],[85.6828,22.9347],[85.674,22.935],[85.6579,22.9378],[85.6532,22.937],[85.6555,22.9272],[85.6519,22.9214],[85.6468,22.9196],[85.634,22.919],[85.622,22.9163],[85.6191,22.9177],[85.6152,22.923],[85.6169,22.9289],[85.6163,22.9325],[85.6139,22.9333],[85.6194,22.9651],[85.6156,22.982],[85.5942,23.0101],[85.5802,23.0525],[85.5898,23.0668],[85.6027,23.104],[85.5964,23.1147],[85.5517,23.1289],[85.5417,23.1586],[85.5576,23.2145],[85.5774,23.2515],[85.585,23.2722],[85.5535,23.2775],[85.5275,23.2512],[85.5091,23.251],[85.5002,23.2437],[85.4974,23.2289],[85.4911,23.2192],[85.4786,23.2171],[85.472,23.2134],[85.4677,23.1996],[85.467,23.1843],[85.4629,23.1769],[85.4478,23.174],[85.4135,23.1777],[85.4084,23.1839],[85.3947,23.1913],[85.3889,23.1925],[85.3829,23.1902],[85.374,23.1841],[85.3618,23.187],[85.3523,23.1928],[85.3493,23.1984],[85.3447,23.2045],[85.3372,23.2038],[85.3362,23.1939],[85.3332,23.1865],[85.3239,23.1824],[85.3149,23.1842],[85.2998,23.1981],[85.2868,23.2075],[85.2801,23.2186],[85.2791,23.2182],[85.2364,23.2259],[85.2167,23.2454],[85.1895,23.2443],[85.1639,23.2284],[85.1364,23.2189],[85.0911,23.2204],[85.0541,23.2007],[85.0481,23.1632],[85.0477,23.1527],[85.0423,23.1299],[85.0368,23.1049],[85.0274,23.0968],[85.0114,23.0911],[84.9971,23.0727],[84.9966,23.0602],[84.9842,23.0313],[84.9677,23.0151],[84.9426,23.0115],[84.9408,23.0124],[84.9391,23.0155],[84.9441,23.0229],[84.9436,23.0247],[84.9383,23.0293],[84.9355,23.0329],[84.9334,23.0345],[84.9315,23.034],[84.9321,23.0291],[84.9297,23.0273],[84.9255,23.0278],[84.9209,23.0267],[84.9177,23.0286],[84.9142,23.0349],[84.9118,23.0425],[84.9048,23.048],[84.9041,23.0552],[84.8972,23.0595],[84.8806,23.0649],[84.8773,23.0677],[84.8765,23.0768],[84.8735,23.0843],[84.8702,23.0894],[84.8693,23.0939],[84.8712,23.0978],[84.8901,23.0997],[84.8948,23.0988],[84.8997,23.1091],[84.8984,23.111],[84.8904,23.1174],[84.8896,23.12],[84.8908,23.1298],[84.8875,23.1336],[84.8862,23.14],[84.8907,23.1498],[84.8924,23.1628],[84.8946,23.1692],[84.8998,23.1725],[84.9068,23.1717],[84.9208,23.1685],[84.9246,23.1771],[84.9256,23.1873],[84.9176,23.19],[84.9148,23.1918],[84.914,23.1948],[84.9161,23.1957],[84.9198,23.1956],[84.9365,23.2027],[84.9396,23.2087],[84.9456,23.2099],[84.9512,23.2195],[84.9519,23.225],[84.9511,23.2282],[84.945,23.2309],[84.9399,23.2317],[84.9316,23.2371],[84.9235,23.2393],[84.9138,23.2438],[84.9125,23.2502],[84.9156,23.2524],[84.9152,23.2548],[84.9095,23.258],[84.9017,23.2598],[84.8995,23.261],[84.899,23.2665],[84.9001,23.2779],[84.9023,23.2853],[84.912,23.2972],[84.923,23.3061],[84.9259,23.3089],[84.9264,23.3109],[84.9204,23.3201],[84.9167,23.3206],[84.9109,23.3268],[84.9052,23.3245],[84.898,23.3201],[84.9072,23.3429],[84.9051,23.3538],[84.9045,23.3643],[84.8916,23.3698],[84.8878,23.3704],[84.8856,23.3725],[84.8844,23.3756],[84.8948,23.3861],[84.8898,23.3967],[84.8863,23.4021],[84.8866,23.4054],[84.8907,23.407],[84.8953,23.4106],[84.8988,23.4155],[84.8974,23.418],[84.8972,23.4232],[84.8962,23.4258],[84.8968,23.4296],[84.9002,23.436],[84.9055,23.4429],[84.9107,23.4516],[84.9221,23.4612],[84.9266,23.4714],[84.9301,23.4726],[84.9324,23.4751],[84.9358,23.4819],[84.942,23.4898],[84.9453,23.5005],[84.9441,23.5042],[84.9399,23.5095],[84.9388,23.5187],[84.9264,23.5253],[84.9162,23.5264],[84.9105,23.538],[84.9082,23.5403],[84.8944,23.5431],[84.8895,23.5498],[84.8856,23.5518],[84.8863,23.5575],[84.893,23.5576],[84.8965,23.5587],[84.902,23.5783],[84.9059,23.5814],[84.9084,23.5786],[84.9087,23.5724],[84.9102,23.5658],[84.9095,23.5507],[84.91,23.5458],[84.9117,23.543],[84.9163,23.5428],[84.9206,23.5458],[84.9241,23.5528],[84.9347,23.5501],[84.9361,23.5627],[84.9339,23.5664],[84.9331,23.5718],[84.9345,23.5769],[84.944,23.6005],[84.9455,23.6077],[84.9424,23.6202],[84.9427,23.6324],[84.9421,23.6362],[84.9224,23.6463],[84.92,23.6489],[84.9193,23.6526],[84.9243,23.664],[84.9226,23.6669],[84.923,23.6693],[84.9267,23.6746],[84.9356,23.6814],[84.934,23.6873],[84.935,23.6908],[84.942,23.6939],[84.9442,23.6973],[84.9493,23.7014],[84.9568,23.6972],[84.9621,23.6956],[84.9646,23.7015],[84.9656,23.7067],[84.9639,23.7138],[84.9686,23.715],[84.9725,23.7147],[84.976,23.7078],[84.9786,23.706],[84.9877,23.7035],[84.9896,23.7],[84.9923,23.6894],[84.9975,23.6812],[85.0072,23.6783],[85.0114,23.6868],[85.0117,23.6929],[85.0155,23.6913],[85.0177,23.687],[85.0361,23.6896],[85.0385,23.693],[85.0412,23.6995],[85.0414,23.7033],[85.0466,23.7058],[85.0486,23.7078],[85.0497,23.7113],[85.0538,23.7135],[85.0555,23.7102],[85.0578,23.7092],[85.0582,23.7093],[85.0684,23.7115],[85.0705,23.7078],[85.0701,23.7039],[85.0715,23.6992],[85.0672,23.697],[85.0615,23.6975],[85.0583,23.6925],[85.0594,23.6887],[85.0651,23.6833],[85.0723,23.6788],[85.0793,23.6729],[85.0778,23.6689],[85.0849,23.6696],[85.0998,23.6676],[85.1075,23.664],[85.1207,23.6664],[85.1248,23.6661],[85.1292,23.6678],[85.1542,23.672],[85.158,23.6744],[85.1656,23.6664],[85.1731,23.6787],[85.1745,23.6848],[85.181,23.692],[85.1888,23.7098],[85.199,23.7079],[85.2184,23.7007],[85.2252,23.7003],[85.2265,23.6989],[85.2233,23.6899],[85.226,23.6857]]]},"properties":{"district_name":"Ranchi","raw_district_name":"Ranchi","state_code":"JH","state_name":"Jharkhand","census_code":364,"data_source":"DataMeet India Maps (Census 2011 Boundaries)"}},{"type":"Feature","geometry":{"type":"Polygon","coordinates":[[[87.7136,25.2569],[87.7268,25.254],[87.7366,25.2537],[87.7685,25.2498],[87.7748,25.2472],[87.789,25.2467],[87.7894,25.2436],[87.7909,25.241],[87.7911,25.2369],[87.7932,25.2292],[87.7933,25.2211],[87.7909,25.2097],[87.7903,25.2002],[87.7861,25.1859],[87.7846,25.1775],[87.7784,25.1602],[87.7767,25.1529],[87.7768,25.1394],[87.7749,25.1277],[87.7754,25.1154],[87.7783,25.0998],[87.7821,25.092],[87.7854,25.088],[87.7984,25.0764],[87.8054,25.0719],[87.8257,25.0622],[87.8404,25.0577],[87.8481,25.0529],[87.8605,25.047],[87.8698,25.0406],[87.8824,25.0288],[87.8866,25.0223],[87.8862,25.0213],[87.8983,25.0097],[87.9078,25.0002],[87.9088,24.9992],[87.9119,24.9866],[87.9189,24.9797],[87.9239,24.9737],[87.9298,24.968],[87.9357,24.9626],[87.9444,24.9566],[87.9515,24.9497],[87.9555,24.9462],[87.9616,24.9422],[87.967,24.9368],[87.9718,24.9304],[87.9752,24.9244],[87.9757,24.9169],[87.9765,24.9109],[87.9775,24.9042],[87.9786,24.8974],[87.9774,24.8923],[87.9746,24.886],[87.9717,24.8822],[87.9665,24.8799],[87.9576,24.8778],[87.9499,24.8736],[87.9417,24.8705],[87.934,24.8668],[87.9268,24.8612],[87.9165,24.8568],[87.9023,24.8553],[87.8943,24.8539],[87.8966,24.8491],[87.8999,24.8487],[87.903,24.8437],[87.9025,24.8427],[87.901,24.8405],[87.9002,24.8348],[87.8992,24.8301],[87.9012,24.8285],[87.9037,24.8255],[87.9014,24.8235],[87.896,24.8238],[87.8918,24.8206],[87.887,24.8213],[87.88,24.8237],[87.8745,24.8243],[87.8729,24.8239],[87.8716,24.8217],[87.8734,24.8191],[87.8756,24.8162],[87.8774,24.8128],[87.878,24.8085],[87.8781,24.8062],[87.8811,24.8041],[87.8829,24.802],[87.8828,24.799],[87.8819,24.7947],[87.88,24.7908],[87.8782,24.7907],[87.8776,24.7929],[87.8753,24.7918],[87.8734,24.7881],[87.8718,24.7834],[87.8701,24.7795],[87.8717,24.7771],[87.8706,24.7753],[87.8652,24.773],[87.8637,24.7688],[87.8598,24.7653],[87.8555,24.7623],[87.852,24.762],[87.8477,24.7638],[87.8441,24.7663],[87.8405,24.7642],[87.839,24.7668],[87.839,24.7707],[87.8393,24.7756],[87.8422,24.7783],[87.8443,24.7811],[87.8437,24.7857],[87.8428,24.7888],[87.839,24.7888],[87.8353,24.7839],[87.8337,24.7777],[87.8331,24.7729],[87.8309,24.7703],[87.8274,24.7677],[87.8233,24.767],[87.8213,24.7606],[87.8192,24.7543],[87.8214,24.753],[87.8258,24.7531],[87.8306,24.7532],[87.8374,24.7466],[87.8359,24.7452],[87.8242,24.7338],[87.8194,24.7287],[87.8082,24.7217],[87.7994,24.718],[87.797,24.7178],[87.7911,24.7188],[87.7879,24.7228],[87.7871,24.726],[87.7857,24.7321],[87.7845,24.7475],[87.7823,24.7514],[87.7784,24.7516],[87.7742,24.7495],[87.7675,24.7483],[87.7623,24.7495],[87.7575,24.7516],[87.7519,24.7564],[87.7441,24.7706],[87.7354,24.7747],[87.731,24.774],[87.7257,24.7713],[87.7224,24.7639],[87.7213,24.7443],[87.72,24.7398],[87.7156,24.7353],[87.7116,24.7344],[87.7032,24.7361],[87.6925,24.7409],[87.6885,24.7432],[87.6707,24.7555],[87.6579,24.761],[87.642,24.767],[87.6248,24.7734],[87.6088,24.7787],[87.5999,24.7833],[87.5952,24.7869],[87.5922,24.7921],[87.5904,24.7992],[87.5944,24.7991],[87.5988,24.7978],[87.6065,24.7944],[87.6117,24.7931],[87.6148,24.7961],[87.6154,24.7998],[87.6139,24.8036],[87.6094,24.8056],[87.6027,24.8068],[87.5901,24.8076],[87.5745,24.8105],[87.5697,24.8123],[87.5662,24.8139],[87.5463,24.8271],[87.5424,24.8269],[87.5407,24.8098],[87.5363,24.8039],[87.5254,24.7995],[87.5139,24.7966],[87.512,24.7972],[87.511,24.7974],[87.512,24.798],[87.5044,24.8013],[87.4985,24.8049],[87.495,24.8096],[87.4915,24.8144],[87.4869,24.8179],[87.4843,24.823],[87.4835,24.8273],[87.4796,24.8314],[87.4784,24.8373],[87.4795,24.8444],[87.4797,24.8469],[87.4764,24.85],[87.4771,24.8547],[87.4727,24.8544],[87.4749,24.8567],[87.4794,24.8578],[87.4783,24.8604],[87.4748,24.8603],[87.4698,24.8581],[87.4655,24.8626],[87.46,24.8615],[87.4593,24.8706],[87.4679,24.8729],[87.4681,24.8766],[87.4643,24.8802],[87.4596,24.8844],[87.4566,24.8885],[87.4549,24.894],[87.4604,24.8962],[87.4641,24.8986],[87.4671,24.9028],[87.4688,24.9073],[87.4693,24.9116],[87.4699,24.9168],[87.4647,24.9176],[87.46,24.9169],[87.4592,24.9233],[87.4593,24.9281],[87.4591,24.9329],[87.4624,24.9374],[87.4625,24.9428],[87.4664,24.9474],[87.4659,24.9528],[87.472,24.9542],[87.4736,24.9615],[87.4751,24.968],[87.4775,24.9676],[87.4779,24.9723],[87.4781,24.9779],[87.4772,24.9825],[87.473,24.9852],[87.4688,24.9871],[87.467,24.9899],[87.4687,24.9938],[87.475,25.0009],[87.4827,25.0117],[87.4889,25.0151],[87.4921,25.0156],[87.4981,25.0188],[87.5057,25.0275],[87.511,25.0402],[87.5068,25.0521],[87.5096,25.0559],[87.51,25.0548],[87.5145,25.0545],[87.5192,25.0574],[87.523,25.0578],[87.5198,25.0619],[87.5121,25.0657],[87.5027,25.0753],[87.4988,25.0827],[87.4952,25.0856],[87.4924,25.094],[87.4867,25.0985],[87.4798,25.1008],[87.4764,25.1061],[87.5003,25.1372],[87.4949,25.1529],[87.4834,25.175],[87.4781,25.1952],[87.4778,25.2229],[87.479,25.2319],[87.4786,25.2414],[87.4936,25.2625],[87.5008,25.2602],[87.5017,25.263],[87.5016,25.2658],[87.4979,25.2719],[87.5005,25.2759],[87.4936,25.2781],[87.4875,25.2956],[87.4924,25.2965],[87.4961,25.3056],[87.5049,25.2927],[87.5189,25.2926],[87.5315,25.2814],[87.5354,25.2801],[87.5416,25.2806],[87.5457,25.2821],[87.5445,25.2967],[87.5471,25.3047],[87.5501,25.3233],[87.5528,25.3241],[87.5534,25.3314],[87.5731,25.3343],[87.5774,25.3409],[87.5855,25.3444],[87.5849,25.3472],[87.586,25.3488],[87.5936,25.341],[87.5864,25.3328],[87.5871,25.3285],[87.5952,25.3242],[87.5952,25.3223],[87.6058,25.3151],[87.6128,25.3118],[87.6195,25.316],[87.6286,25.3113],[87.6321,25.3162],[87.6319,25.3191],[87.6377,25.3123],[87.6399,25.3128],[87.6577,25.3077],[87.6647,25.3102],[87.69,25.3106],[87.6899,25.3085],[87.6867,25.3082],[87.6865,25.3048],[87.6941,25.3053],[87.6993,25.3035],[87.6972,25.2991],[87.7006,25.2959],[87.6961,25.2917],[87.6949,25.2854],[87.6971,25.2819],[87.7022,25.2794],[87.7068,25.2783],[87.7117,25.2751],[87.7138,25.2719],[87.7127,25.2603],[87.7136,25.2569]]]},"properties":{"district_name":"Sahibganj","raw_district_name":"Sahibganj","state_code":"JH","state_name":"Jharkhand","census_code":352,"data_source":"DataMeet India Maps (Census 2011 Boundaries)"}},{"type":"Feature","geometry":{"type":"Polygon","coordinates":[[[85.8952,23.1541],[85.9064,23.1504],[85.9128,23.1444],[85.9176,23.1359],[85.921,23.1319],[85.9238,23.1335],[85.9256,23.1293],[85.9275,23.1283],[85.928,23.1318],[85.9318,23.133],[85.9423,23.132],[85.9498,23.1318],[85.9527,23.1333],[85.9539,23.1363],[85.9576,23.1405],[85.9623,23.1418],[85.9653,23.1421],[85.9765,23.1424],[85.9879,23.1483],[85.996,23.1487],[86.0015,23.1468],[86.0085,23.1486],[86.0121,23.1473],[86.0157,23.1474],[86.0198,23.144],[86.0239,23.1429],[86.0307,23.1456],[86.0343,23.1481],[86.0382,23.1475],[86.0429,23.146],[86.0479,23.1384],[86.0543,23.1316],[86.0549,23.1273],[86.0525,23.1231],[86.0502,23.1143],[86.0539,23.1111],[86.0652,23.108],[86.0759,23.1039],[86.0868,23.1068],[86.0891,23.1034],[86.0895,23.1011],[86.0977,23.0933],[86.103,23.0942],[86.1106,23.0914],[86.1123,23.0928],[86.12,23.0945],[86.1216,23.0961],[86.1332,23.0916],[86.1345,23.0883],[86.1424,23.0856],[86.1439,23.083],[86.1395,23.0724],[86.1404,23.0655],[86.144,23.0619],[86.1519,23.0583],[86.1542,23.0553],[86.1558,23.0435],[86.1595,23.0398],[86.166,23.0417],[86.1681,23.0364],[86.1725,23.0296],[86.1783,23.0257],[86.1814,23.0156],[86.1841,23.0144],[86.187,23.0156],[86.2066,23.0178],[86.2101,23.0159],[86.206,23.0124],[86.2096,23.0006],[86.2122,22.9968],[86.2182,22.9945],[86.2227,22.9943],[86.2328,22.9956],[86.2367,22.9948],[86.2402,22.9961],[86.2402,22.996],[86.2425,22.9914],[86.2462,22.9882],[86.2451,22.9808],[86.2417,22.9752],[86.2383,22.9727],[86.2323,22.9721],[86.2276,22.9736],[86.2209,22.9728],[86.2176,22.9682],[86.2059,22.9697],[86.1976,22.969],[86.1887,22.9476],[86.1938,22.9454],[86.1918,22.9343],[86.1945,22.9296],[86.192,22.9264],[86.1903,22.9225],[86.1928,22.9093],[86.1921,22.9038],[86.1939,22.8989],[86.1971,22.8972],[86.2004,22.8989],[86.2107,22.8924],[86.2136,22.8922],[86.2199,22.8903],[86.2179,22.886],[86.2117,22.8731],[86.2088,22.8717],[86.2029,22.867],[86.2003,22.8618],[86.2007,22.8474],[86.1999,22.8403],[86.2012,22.8373],[86.1966,22.8279],[86.1967,22.8184],[86.1859,22.8227],[86.1823,22.8249],[86.1759,22.8332],[86.1614,22.8379],[86.1591,22.8343],[86.1591,22.8235],[86.1581,22.8206],[86.1488,22.8138],[86.1459,22.8057],[86.1473,22.7994],[86.1488,22.7975],[86.1596,22.8013],[86.1623,22.7996],[86.1662,22.7948],[86.1696,22.7937],[86.1727,22.7937],[86.1737,22.7906],[86.1739,22.7884],[86.1742,22.7848],[86.1715,22.7634],[86.1662,22.7615],[86.1619,22.756],[86.1594,22.7483],[86.1608,22.7462],[86.1617,22.7356],[86.1652,22.7337],[86.1661,22.725],[86.1628,22.7173],[86.1642,22.6989],[86.1647,22.6767],[86.1694,22.6705],[86.1602,22.6537],[86.1578,22.6505],[86.1571,22.6367],[86.1498,22.6314],[86.1452,22.6248],[86.1387,22.6181],[86.1195,22.6058],[86.1147,22.597],[86.1085,22.5914],[86.1061,22.5883],[86.1026,22.5839],[86.0781,22.5683],[86.0751,22.5655],[86.0727,22.5632],[86.0676,22.5518],[86.0676,22.5518],[86.0639,22.5567],[86.0591,22.5579],[86.0524,22.5612],[86.0443,22.5669],[86.0241,22.5469],[86.034,22.5376],[86.0278,22.5239],[86.0212,22.5278],[86.0145,22.5219],[86.0076,22.5182],[86.0057,22.5183],[86.0017,22.5123],[85.9988,22.5122],[85.9899,22.5139],[85.9865,22.5131],[85.9751,22.5031],[85.9722,22.4972],[85.9714,22.4935],[85.9728,22.4894],[85.9726,22.4855],[85.9666,22.482],[85.9666,22.482],[85.9666,22.482],[85.9531,22.4893],[85.9504,22.4903],[85.9362,22.4958],[85.9278,22.4997],[85.9273,22.5003],[85.9227,22.506],[85.9118,22.5125],[85.9101,22.5199],[85.8992,22.5265],[85.9074,22.5441],[85.9038,22.5486],[85.8947,22.5554],[85.8897,22.5575],[85.8839,22.5561],[85.8785,22.5585],[85.8752,22.5621],[85.8742,22.5657],[85.8768,22.5701],[85.8905,22.5773],[85.8913,22.5774],[85.8965,22.5781],[85.9006,22.5802],[85.9026,22.585],[85.9024,22.5898],[85.9103,22.6034],[85.9057,22.6066],[85.9001,22.607],[85.8935,22.6099],[85.8886,22.6135],[85.8872,22.6147],[85.8837,22.6188],[85.8769,22.6166],[85.8712,22.6174],[85.8677,22.6213],[85.8726,22.6313],[85.8731,22.6319],[85.8761,22.6349],[85.8749,22.6384],[85.8709,22.6418],[85.8682,22.6476],[85.8675,22.6537],[85.863,22.6619],[85.8633,22.6666],[85.868,22.6804],[85.8685,22.6871],[85.8679,22.6917],[85.8657,22.6952],[85.8614,22.6979],[85.86,22.7001],[85.8628,22.7025],[85.8655,22.7065],[85.8656,22.7112],[85.8625,22.7159],[85.8587,22.7194],[85.8536,22.7233],[85.8508,22.7216],[85.8447,22.7091],[85.8392,22.7091],[85.8346,22.7123],[85.8283,22.7194],[85.8251,22.7203],[85.8214,22.7186],[85.8179,22.7156],[85.8135,22.7139],[85.8072,22.7128],[85.797,22.7171],[85.7938,22.7165],[85.7925,22.7131],[85.7959,22.7134],[85.7965,22.7098],[85.789,22.7065],[85.7776,22.7089],[85.7755,22.6987],[85.7655,22.7005],[85.7579,22.7002],[85.7521,22.7008],[85.7475,22.6987],[85.744,22.6929],[85.7372,22.6902],[85.7343,22.6905],[85.7311,22.6867],[85.7269,22.6853],[85.7206,22.6872],[85.7173,22.6916],[85.7119,22.6926],[85.7043,22.6957],[85.7012,22.701],[85.7004,22.7071],[85.6976,22.7123],[85.6928,22.7162],[85.6923,22.7168],[85.6852,22.7252],[85.6835,22.729],[85.6874,22.7404],[85.6928,22.7452],[85.6967,22.7452],[85.704,22.7427],[85.7113,22.7424],[85.7163,22.7453],[85.7187,22.7556],[85.7111,22.7579],[85.7053,22.7621],[85.7016,22.7685],[85.6995,22.7739],[85.6969,22.7881],[85.6993,22.8018],[85.702,22.8074],[85.6942,22.8175],[85.6828,22.8176],[85.6773,22.8251],[85.6758,22.8259],[85.6714,22.8284],[85.6659,22.83],[85.663,22.8333],[85.6609,22.8383],[85.6582,22.8411],[85.6538,22.8416],[85.6507,22.8444],[85.6488,22.8494],[85.6448,22.8499],[85.6382,22.8475],[85.6351,22.8477],[85.629,22.8481],[85.6219,22.8476],[85.6202,22.8435],[85.6147,22.8329],[85.6095,22.8252],[85.5956,22.8271],[85.5869,22.8288],[85.5759,22.8312],[85.5689,22.8319],[85.5642,22.8255],[85.5589,22.821],[85.5507,22.823],[85.5413,22.8201],[85.5373,22.807],[85.5308,22.808],[85.5168,22.8085],[85.5168,22.8086],[85.5169,22.8086],[85.5169,22.8203],[85.5149,22.8289],[85.5209,22.8304],[85.5214,22.8364],[85.5233,22.8433],[85.5284,22.8447],[85.5325,22.8533],[85.5306,22.8637],[85.5343,22.8657],[85.5341,22.8685],[85.5414,22.866],[85.5438,22.8698],[85.5489,22.8745],[85.56,22.8806],[85.5609,22.8742],[85.5606,22.8657],[85.562,22.8613],[85.5804,22.866],[85.5881,22.8808],[85.5915,22.8854],[85.6004,22.8916],[85.6036,22.8954],[85.5911,22.8986],[85.5835,22.8982],[85.5822,22.8997],[85.581,22.9057],[85.5834,22.9099],[85.5933,22.9219],[85.6071,22.9357],[85.6139,22.9333],[85.6163,22.9325],[85.6169,22.9289],[85.6152,22.923],[85.6191,22.9177],[85.622,22.9163],[85.634,22.919],[85.6468,22.9196],[85.6519,22.9214],[85.6555,22.9272],[85.6532,22.937],[85.6579,22.9378],[85.674,22.935],[85.6828,22.9347],[85.6927,22.9367],[85.6973,22.9407],[85.7045,22.9439],[85.7207,22.9422],[85.7312,22.942],[85.7414,22.9394],[85.7475,22.9361],[85.752,22.9325],[85.763,22.9333],[85.767,22.9301],[85.7693,22.9259],[85.7748,22.9218],[85.7823,22.9221],[85.7893,22.9195],[85.8018,22.9102],[85.8114,22.9072],[85.8184,22.907],[85.8233,22.905],[85.8288,22.904],[85.8368,22.9048],[85.8369,22.9021],[85.835,22.8967],[85.8369,22.8924],[85.8396,22.8897],[85.8513,22.8845],[85.859,22.884],[85.8634,22.8872],[85.8601,22.8964],[85.8575,22.9004],[85.8602,22.9045],[85.8699,22.9122],[85.8707,22.9155],[85.8695,22.9178],[85.8729,22.9268],[85.8759,22.9299],[85.8748,22.9324],[85.8699,22.9347],[85.8689,22.939],[85.8649,22.9426],[85.864,22.9461],[85.8536,22.9445],[85.8517,22.9481],[85.8516,22.9617],[85.8484,22.9793],[85.8483,22.9867],[85.8426,22.9875],[85.8335,22.991],[85.827,22.9963],[85.8237,23.0019],[85.8243,23.0027],[85.8238,23.0059],[85.8209,23.0116],[85.8187,23.0256],[85.8142,23.0338],[85.8117,23.0431],[85.8078,23.0531],[85.8003,23.0555],[85.7991,23.0591],[85.8014,23.0634],[85.8049,23.0662],[85.8098,23.0676],[85.8146,23.068],[85.8226,23.0858],[85.8262,23.0911],[85.8303,23.0919],[85.8356,23.0983],[85.8365,23.1021],[85.8399,23.1041],[85.8419,23.1064],[85.842,23.1101],[85.844,23.1151],[85.848,23.1184],[85.8528,23.1195],[85.8599,23.1298],[85.8667,23.1264],[85.8704,23.1259],[85.8725,23.1286],[85.8725,23.1341],[85.8713,23.1413],[85.8728,23.1452],[85.8762,23.1478],[85.8808,23.15],[85.8841,23.1497],[85.8875,23.1521],[85.8884,23.1548],[85.8952,23.1541]]]},"properties":{"district_name":"Saraikela-kharsawan","raw_district_name":"Saraikela-kharsawan","state_code":"JH","state_name":"Jharkhand","census_code":369,"data_source":"DataMeet India Maps (Census 2011 Boundaries)"}},{"type":"Feature","geometry":{"type":"Polygon","coordinates":[[[84.979,22.7851],[84.9915,22.785],[85.0011,22.7837],[85.0059,22.7844],[85.0078,22.7827],[85.0108,22.7701],[85.0153,22.7664],[85.0221,22.7645],[85.0254,22.7578],[85.0317,22.7537],[85.0483,22.7523],[85.0523,22.7464],[85.0546,22.7407],[85.059,22.7348],[85.0588,22.728],[85.0556,22.718],[85.0536,22.7083],[85.0501,22.6961],[85.0436,22.6804],[85.0455,22.6745],[85.0511,22.6706],[85.0576,22.668],[85.0618,22.6633],[85.0569,22.6507],[85.0525,22.634],[85.0576,22.6204],[85.0564,22.6107],[85.0579,22.6081],[85.0698,22.6048],[85.073,22.6016],[85.0722,22.5971],[85.0721,22.5847],[85.0745,22.5776],[85.077,22.5733],[85.0802,22.5706],[85.0761,22.5667],[85.072,22.5646],[85.0701,22.5603],[85.0731,22.5489],[85.0726,22.5454],[85.0691,22.5418],[85.067,22.5379],[85.0713,22.5316],[85.0786,22.5247],[85.0812,22.5174],[85.0802,22.5081],[85.0775,22.5008],[85.0761,22.4916],[85.0736,22.4863],[85.0689,22.4813],[85.0579,22.4823],[85.0532,22.4802],[85.0487,22.4798],[85.0438,22.4779],[85.0419,22.4801],[85.0398,22.4798],[85.038,22.4726],[85.0346,22.4711],[85.0281,22.47],[85.007,22.4612],[85.0006,22.4611],[84.9843,22.4538],[84.9668,22.4466],[84.9638,22.4447],[84.9611,22.4418],[84.959,22.4423],[84.9599,22.4484],[84.959,22.4556],[84.9538,22.4539],[84.9473,22.4503],[84.9379,22.4425],[84.9319,22.4394],[84.9239,22.4372],[84.9247,22.4314],[84.9264,22.4288],[84.9229,22.4262],[84.9143,22.4225],[84.9003,22.4209],[84.8868,22.4204],[84.8886,22.4291],[84.8881,22.4323],[84.886,22.435],[84.8844,22.4453],[84.8831,22.446],[84.8818,22.444],[84.8778,22.441],[84.8703,22.4373],[84.8619,22.4348],[84.8544,22.4372],[84.848,22.4376],[84.846,22.4368],[84.8423,22.4303],[84.8391,22.4292],[84.8382,22.4327],[84.835,22.4319],[84.8193,22.4344],[84.8171,22.438],[84.8171,22.444],[84.8144,22.4496],[84.8079,22.4464],[84.7979,22.4456],[84.7847,22.4463],[84.7593,22.4447],[84.7505,22.4175],[84.7328,22.4194],[84.718,22.4166],[84.6982,22.4152],[84.6882,22.4176],[84.6795,22.4176],[84.676,22.419],[84.6683,22.4166],[84.6388,22.4313],[84.6322,22.4302],[84.6204,22.4302],[84.602,22.4276],[84.6007,22.4314],[84.5958,22.428],[84.5789,22.4256],[84.55,22.4198],[84.5474,22.4232],[84.5334,22.4226],[84.5278,22.4175],[84.5126,22.4188],[84.5086,22.4179],[84.4881,22.4083],[84.4835,22.4085],[84.4813,22.4043],[84.4827,22.3961],[84.4825,22.3928],[84.487,22.3898],[84.4844,22.3863],[84.4796,22.3853],[84.4624,22.3778],[84.4547,22.3817],[84.4489,22.3756],[84.4337,22.3672],[84.434,22.3646],[84.4383,22.3626],[84.4326,22.3546],[84.4329,22.3514],[84.4259,22.3534],[84.4013,22.3464],[84.3947,22.349],[84.3844,22.3485],[84.3788,22.3516],[84.3742,22.3521],[84.3685,22.3511],[84.3659,22.3476],[84.3601,22.3477],[84.3518,22.3466],[84.3452,22.3447],[84.3408,22.3455],[84.3308,22.3415],[84.3256,22.343],[84.3215,22.3415],[84.2961,22.3398],[84.2919,22.3446],[84.2801,22.3476],[84.2731,22.3503],[84.2678,22.3562],[84.2583,22.3728],[84.2534,22.3761],[84.2473,22.3769],[84.233,22.3765],[84.201,22.3742],[84.1904,22.386],[84.1821,22.3913],[84.1594,22.4032],[84.1493,22.4177],[84.1428,22.4229],[84.1401,22.4475],[84.1422,22.4513],[84.1445,22.4594],[84.1444,22.4693],[84.1419,22.4731],[84.1377,22.4722],[84.1361,22.4757],[84.1326,22.4758],[84.1248,22.4736],[84.1131,22.476],[84.1091,22.4795],[84.1105,22.4815],[84.1099,22.4834],[84.1069,22.4825],[84.0947,22.4871],[84.0862,22.491],[84.0786,22.4963],[84.0741,22.5002],[84.076,22.5016],[84.0737,22.5043],[84.0675,22.5071],[84.0646,22.5122],[84.0576,22.5144],[84.0401,22.5141],[84.0317,22.5182],[84.0262,22.5231],[84.0226,22.5237],[84.0167,22.5223],[84.0095,22.5229],[84.0122,22.5267],[84.0119,22.5321],[84.0086,22.536],[84.0064,22.5415],[84.0092,22.5486],[84.0112,22.5568],[84.011,22.5639],[84.0121,22.5715],[84.0181,22.5769],[84.0248,22.5808],[84.027,22.5847],[84.0284,22.5891],[84.0406,22.5932],[84.0489,22.5941],[84.0552,22.5961],[84.0599,22.6045],[84.0663,22.6093],[84.0874,22.6384],[84.101,22.6345],[84.1046,22.6349],[84.1142,22.6386],[84.1223,22.6372],[84.1391,22.6377],[84.1569,22.6364],[84.1644,22.6429],[84.1718,22.6473],[84.1873,22.6518],[84.1986,22.6622],[84.204,22.6657],[84.2086,22.6671],[84.2141,22.667],[84.2166,22.6649],[84.2217,22.6665],[84.2276,22.6708],[84.2347,22.6789],[84.2392,22.6905],[84.2346,22.6999],[84.2364,22.7071],[84.2346,22.725],[84.2317,22.7292],[84.2323,22.737],[84.2367,22.742],[84.2486,22.7502],[84.2586,22.7599],[84.2607,22.7626],[84.2612,22.7648],[84.267,22.7668],[84.281,22.7674],[84.2857,22.7632],[84.2884,22.762],[84.2922,22.7652],[84.2946,22.7727],[84.2946,22.7728],[84.2947,22.7727],[84.3159,22.7647],[84.3216,22.7641],[84.3228,22.7639],[84.3275,22.7623],[84.3339,22.7549],[84.34,22.7461],[84.3511,22.7461],[84.3554,22.7501],[84.3509,22.7591],[84.3532,22.7607],[84.3629,22.7567],[84.3687,22.7543],[84.374,22.7531],[84.3769,22.7578],[84.3815,22.7619],[84.3898,22.7641],[84.3926,22.767],[84.3909,22.7721],[84.3954,22.7731],[84.4025,22.7736],[84.4067,22.7683],[84.4123,22.7633],[84.4162,22.7628],[84.4184,22.765],[84.4219,22.7787],[84.434,22.792],[84.4344,22.7993],[84.4296,22.8095],[84.4406,22.8068],[84.4458,22.808],[84.4514,22.8125],[84.4512,22.8313],[84.4519,22.8338],[84.4575,22.8353],[84.4654,22.8335],[84.4755,22.8326],[84.5051,22.8214],[84.5035,22.7955],[84.5279,22.7948],[84.5327,22.7911],[84.5507,22.7914],[84.5559,22.7873],[84.5575,22.7776],[84.5541,22.7701],[84.5498,22.7665],[84.5386,22.7651],[84.5333,22.7652],[84.5274,22.7606],[84.5213,22.7598],[84.5171,22.755],[84.5213,22.7478],[84.526,22.742],[84.5308,22.7389],[84.5314,22.7426],[84.5379,22.7448],[84.5398,22.7497],[84.5407,22.7607],[84.5437,22.7625],[84.5483,22.7626],[84.5539,22.758],[84.5626,22.7464],[84.5686,22.744],[84.5641,22.7388],[84.5622,22.7321],[84.5595,22.7287],[84.5698,22.7272],[84.574,22.7257],[84.5801,22.7215],[84.5831,22.7181],[84.5873,22.7134],[84.5934,22.7122],[84.6059,22.7221],[84.605,22.7254],[84.6072,22.7298],[84.6225,22.7311],[84.6373,22.7301],[84.6464,22.7326],[84.6508,22.7388],[84.6539,22.7323],[84.6597,22.7279],[84.6655,22.7285],[84.6692,22.734],[84.6706,22.7377],[84.6792,22.7359],[84.6963,22.7418],[84.6997,22.748],[84.6992,22.7517],[84.7001,22.7576],[84.703,22.7625],[84.711,22.7657],[84.7254,22.7645],[84.729,22.7729],[84.7271,22.7741],[84.7228,22.7796],[84.7229,22.7827],[84.7192,22.7822],[84.719,22.7866],[84.7255,22.7905],[84.7287,22.7972],[84.7325,22.8012],[84.738,22.8005],[84.7519,22.7947],[84.7576,22.7924],[84.7654,22.7901],[84.7721,22.7898],[84.7818,22.7906],[84.7768,22.7808],[84.7783,22.7626],[84.7854,22.7583],[84.7873,22.7677],[84.7894,22.7708],[84.7942,22.7712],[84.7948,22.7539],[84.793,22.746],[84.7893,22.73],[84.7892,22.7216],[84.7932,22.7176],[84.7971,22.7171],[84.8003,22.7113],[84.8057,22.711],[84.8148,22.7087],[84.8202,22.7132],[84.8206,22.7196],[84.8173,22.7311],[84.8159,22.7395],[84.8196,22.7454],[84.8243,22.7468],[84.831,22.7416],[84.8342,22.736],[84.8351,22.7315],[84.8401,22.7271],[84.85,22.7211],[84.8557,22.7197],[84.858,22.7231],[84.858,22.7316],[84.8506,22.7415],[84.8444,22.7518],[84.8432,22.7598],[84.844,22.7665],[84.8474,22.7694],[84.8539,22.767],[84.8606,22.7635],[84.8636,22.7572],[84.8695,22.7552],[84.8747,22.7526],[84.8776,22.7448],[84.8837,22.7418],[84.8911,22.7444],[84.8978,22.7486],[84.9011,22.7523],[84.9017,22.757],[84.9056,22.7595],[84.913,22.7606],[84.9199,22.7676],[84.9231,22.7817],[84.9284,22.788],[84.9332,22.7905],[84.9469,22.7779],[84.952,22.7754],[84.9577,22.7749],[84.9637,22.7786],[84.9687,22.7822],[84.979,22.7851]]]},"properties":{"district_name":"Simdega","raw_district_name":"Simdega","state_code":"JH","state_name":"Jharkhand","census_code":367,"data_source":"DataMeet India Maps (Census 2011 Boundaries)"}}]}