{"type":"FeatureCollection","properties":{"state_code":"JK","state_name":"Jammu and Kashmir","data_source":"DataMeet India Maps"},"features":[{"type":"Feature","geometry":{"type":"Polygon","coordinates":[[[75.631,34.2227],[75.6374,34.2211],[75.6516,34.2246],[75.67,34.2282],[75.6863,34.2317],[75.7088,34.2284],[75.7074,34.2158],[75.7069,34.2114],[75.6824,34.2113],[75.6702,34.2044],[75.6663,34.1908],[75.6644,34.1756],[75.6441,34.1635],[75.6299,34.1499],[75.6118,34.1328],[75.6079,34.1141],[75.6081,34.0938],[75.6125,34.065],[75.6107,34.0429],[75.5946,34.0275],[75.5702,34.0239],[75.554,34.0103],[75.5338,33.9948],[75.5057,33.9658],[75.4878,33.9317],[75.4718,33.9045],[75.4741,33.8824],[75.4766,33.8468],[75.481,33.8164],[75.4915,33.7944],[75.5019,33.7724],[75.5124,33.7386],[75.5229,33.715],[75.5354,33.6811],[75.5458,33.6592],[75.5481,33.6338],[75.5586,33.5999],[75.567,33.5763],[75.5754,33.5458],[75.5737,33.5187],[75.5598,33.4965],[75.5439,33.4744],[75.534,33.4471],[75.5181,33.4284],[75.5062,33.4062],[75.4999,33.399],[75.4883,33.3857],[75.4724,33.3635],[75.4563,33.3515],[75.426,33.3547],[75.4171,33.3583],[75.4057,33.363],[75.3874,33.3713],[75.3711,33.3796],[75.3487,33.3929],[75.3303,33.4114],[75.3119,33.4231],[75.2914,33.4432],[75.2627,33.4701],[75.238,33.4953],[75.2256,33.5121],[75.205,33.5339],[75.1928,33.5602],[75.1925,33.5609],[75.1781,33.5709],[75.1527,33.5786],[75.1609,33.6229],[75.0919,33.6373],[75.0832,33.6507],[75.0875,33.6644],[75.1308,33.7202],[75.055,33.8271],[75.0708,33.8288],[75.077,33.8386],[75.1167,33.8642],[75.1913,33.9168],[75.1872,33.9766],[75.1943,34.0027],[75.1889,34.0443],[75.1766,34.0542],[75.1663,34.0643],[75.16,34.0744],[75.1496,34.0844],[75.1489,34.0842],[75.1576,34.0947],[75.1696,34.1135],[75.1712,34.1372],[75.1629,34.149],[75.1626,34.1677],[75.1725,34.1864],[75.1825,34.195],[75.1937,34.1901],[75.2092,34.1834],[75.242,34.1736],[75.2564,34.1704],[75.2684,34.184],[75.2803,34.2062],[75.2924,34.2165],[75.3086,34.2251],[75.323,34.2202],[75.3333,34.2118],[75.3395,34.2051],[75.3498,34.1984],[75.3642,34.1935],[75.3868,34.1852],[75.4031,34.1836],[75.4195,34.1804],[75.4379,34.1772],[75.4563,34.1688],[75.4848,34.1793],[75.5092,34.1846],[75.5356,34.1932],[75.5539,34.2002],[75.5722,34.2054],[75.5946,34.2107],[75.6191,34.2159],[75.631,34.2227]]]},"properties":{"district_name":"Anantnag","raw_district_name":"Anantnag","state_code":"JK","state_name":"Jammu and Kashmir","census_code":14,"data_source":"DataMeet India Maps (Census 2011 Boundaries)"}},{"type":"Feature","geometry":{"type":"Polygon","coordinates":[[[74.8232,34.049],[74.8283,34.0465],[74.8508,34.0468],[74.8771,34.0522],[74.8915,34.049],[74.8936,34.0471],[74.9122,34.0307],[74.9206,34.0172],[74.927,34.0003],[74.9294,33.9817],[74.9294,33.9789],[74.9299,33.9529],[74.9204,33.9171],[74.9026,33.8949],[74.8846,33.8743],[74.8586,33.8536],[74.8447,33.8364],[74.8247,33.8226],[74.8046,33.8087],[74.7803,33.804],[74.7763,33.8032],[74.7481,33.7944],[74.7219,33.7804],[74.6958,33.7698],[74.6636,33.7575],[74.6395,33.7435],[74.6073,33.7312],[74.5833,33.7138],[74.5634,33.6982],[74.5554,33.6922],[74.5475,33.6861],[74.5315,33.6723],[74.5196,33.6636],[74.5144,33.6628],[74.5011,33.6735],[74.4885,33.6919],[74.482,33.7071],[74.4756,33.7222],[74.4651,33.7373],[74.4526,33.7507],[74.436,33.7623],[74.4196,33.7688],[74.4132,33.7839],[74.4024,33.8058],[74.3938,33.826],[74.3994,33.8464],[74.4134,33.8569],[74.4393,33.8777],[74.4611,33.9018],[74.4827,33.931],[74.4923,33.9566],[74.5162,33.9773],[74.5363,33.9912],[74.5584,34.0017],[74.5907,34.0158],[74.635,34.0352],[74.6816,34.0494],[74.71,34.0567],[74.7425,34.0605],[74.7669,34.0643],[74.7872,34.0679],[74.8119,34.0547],[74.8232,34.049]]]},"properties":{"district_name":"Badgam","raw_district_name":"Badgam","state_code":"JK","state_name":"Jammu and Kashmir","census_code":2,"data_source":"DataMeet India Maps (Census 2011 Boundaries)"}},{"type":"Feature","geometry":{"type":"Polygon","coordinates":[[[75.3924,34.5434],[75.3985,34.5312],[75.3947,34.5125],[75.3928,34.4956],[75.3954,34.4583],[75.3999,34.4227],[75.4063,34.4058],[75.4272,34.3721],[75.4336,34.3501],[75.4091,34.3499],[75.3886,34.3531],[75.3702,34.3546],[75.3582,34.352],[75.3354,34.3577],[75.2985,34.3624],[75.2698,34.3672],[75.2474,34.3636],[75.2188,34.3599],[75.2005,34.3546],[75.1779,34.3561],[75.1513,34.3608],[75.1266,34.369],[75.1039,34.379],[75.0854,34.3872],[75.0606,34.4022],[75.0439,34.4223],[75.0231,34.4391],[74.9963,34.4523],[74.9532,34.4551],[74.9351,34.438],[74.9191,34.4174],[74.9093,34.3969],[74.8935,34.3696],[74.8775,34.3507],[74.8388,34.34],[74.8,34.3378],[74.7673,34.3373],[74.7529,34.3395],[74.7468,34.3404],[74.7221,34.3468],[74.7139,34.3467],[74.7043,34.3546],[74.6836,34.3564],[74.6485,34.3517],[74.6256,34.3363],[74.5956,34.3158],[74.5768,34.309],[74.5444,34.3092],[74.5306,34.3198],[74.5151,34.3999],[74.4579,34.3627],[74.4263,34.3445],[74.4088,34.3415],[74.3716,34.3476],[74.3656,34.3544],[74.3702,34.3564],[74.3781,34.3667],[74.3819,34.3787],[74.3877,34.3906],[74.3932,34.4162],[74.405,34.435],[74.4169,34.4505],[74.4434,34.4561],[74.4596,34.4614],[74.4779,34.4668],[74.4921,34.4738],[74.5043,34.4791],[74.5081,34.4894],[74.5099,34.5013],[74.5177,34.5166],[74.5216,34.5269],[74.5376,34.5407],[74.5497,34.5494],[74.5534,34.5681],[74.551,34.5816],[74.5468,34.5883],[74.5403,34.6018],[74.5359,34.6153],[74.5335,34.6288],[74.531,34.6458],[74.539,34.6578],[74.5488,34.6766],[74.5669,34.6921],[74.5788,34.711],[74.5785,34.7228],[74.5842,34.745],[74.5879,34.7603],[74.5835,34.7721],[74.575,34.7872],[74.5684,34.8041],[74.5721,34.8211],[74.5819,34.845],[74.5999,34.8639],[74.6035,34.8691],[74.6819,34.7702],[74.7883,34.6885],[74.9353,34.5856],[74.9878,34.5286],[75.0252,34.5102],[75.0835,34.5],[75.1384,34.4991],[75.2207,34.5037],[75.3046,34.515],[75.3924,34.5434]]]},"properties":{"district_name":"Bandipore","raw_district_name":"Bandipore","state_code":"JK","state_name":"Jammu and Kashmir","census_code":9,"data_source":"DataMeet India Maps (Census 2011 Boundaries)"}},{"type":"Feature","geometry":{"type":"Polygon","coordinates":[[[74.7139,34.3467],[74.6894,34.3463],[74.6775,34.3309],[74.6657,34.3087],[74.6746,34.2766],[74.6873,34.2547],[74.6962,34.2226],[74.6987,34.2006],[74.7013,34.1735],[74.7202,34.1484],[74.743,34.1335],[74.7678,34.1185],[74.7906,34.1002],[74.8135,34.0768],[74.8241,34.0532],[74.8232,34.049],[74.8119,34.0547],[74.7872,34.0679],[74.7669,34.0643],[74.7425,34.0605],[74.71,34.0567],[74.6816,34.0494],[74.635,34.0352],[74.5907,34.0158],[74.5584,34.0017],[74.5363,33.9912],[74.5162,33.9773],[74.4923,33.9566],[74.4827,33.931],[74.4611,33.9018],[74.4393,33.8777],[74.4134,33.8569],[74.4028,33.8736],[74.3881,33.892],[74.3672,33.912],[74.3445,33.9269],[74.3277,33.9452],[74.3201,33.9556],[74.3275,33.9537],[74.3311,33.9724],[74.3263,33.9995],[74.3217,34.0214],[74.3152,34.0349],[74.3067,34.05],[74.2981,34.0651],[74.2938,34.0752],[74.2913,34.0921],[74.293,34.1057],[74.3008,34.1194],[74.3127,34.1315],[74.3286,34.1454],[74.3325,34.1539],[74.3321,34.1692],[74.3275,34.1895],[74.3149,34.2028],[74.2942,34.2126],[74.2696,34.2189],[74.251,34.2271],[74.2305,34.2301],[74.2162,34.2298],[74.1915,34.2344],[74.1751,34.2375],[74.1401,34.2487],[74.1278,34.2502],[74.1072,34.2548],[74.0866,34.2612],[74.062,34.2641],[74.0394,34.2704],[74.0206,34.2836],[74.02,34.2853],[74.0246,34.2854],[74.0469,34.2909],[74.0733,34.2966],[74.0976,34.3038],[74.1201,34.306],[74.1384,34.3097],[74.1505,34.3134],[74.179,34.319],[74.2033,34.3262],[74.2318,34.3302],[74.246,34.3338],[74.2685,34.3342],[74.2889,34.3363],[74.3153,34.3419],[74.3377,34.3457],[74.3581,34.3511],[74.3656,34.3544],[74.3716,34.3476],[74.4088,34.3415],[74.4263,34.3445],[74.4579,34.3627],[74.5151,34.3999],[74.5306,34.3198],[74.5444,34.3092],[74.5768,34.309],[74.5956,34.3158],[74.6256,34.3363],[74.6485,34.3517],[74.6836,34.3564],[74.7043,34.3546],[74.7139,34.3467]]]},"properties":{"district_name":"Baramula","raw_district_name":"Baramula","state_code":"JK","state_name":"Jammu and Kashmir","census_code":8,"data_source":"DataMeet India Maps (Census 2011 Boundaries)"}},{"type":"Feature","geometry":{"type":"Polygon","coordinates":[[[74.7146,37.0721],[74.7185,37.0628],[74.7186,37.061],[74.719,37.0547],[74.7181,37.0536],[74.7187,37.0523],[74.7185,37.0496],[74.7198,37.0446],[74.722,37.0386],[74.7282,37.026],[74.7302,37.024],[74.7345,37.0207],[74.7365,37.0194],[74.737,37.0194],[74.7376,37.0194],[74.7399,37.0163],[74.745,37.0146],[74.7458,37.0146],[74.7466,37.0137],[74.7489,37.0122],[74.75,37.0117],[74.7525,37.0115],[74.7575,37.0132],[74.7586,37.0148],[74.7592,37.0148],[74.7597,37.0155],[74.7634,37.0251],[74.7645,37.0251],[74.7661,37.0269],[74.7672,37.0274],[74.7708,37.0288],[74.7738,37.0289],[74.7789,37.0298],[74.7836,37.0298],[74.7844,37.0294],[74.7858,37.0294],[74.7864,37.029],[74.7913,37.0281],[74.7919,37.0279],[74.7932,37.0277],[74.7985,37.0251],[74.7993,37.0247],[74.7999,37.024],[74.8047,37.0236],[74.8055,37.0232],[74.8166,37.0231],[74.8189,37.0227],[74.82,37.0232],[74.822,37.0232],[74.8283,37.0248],[74.8339,37.0249],[74.8353,37.0238],[74.8392,37.0223],[74.8401,37.0223],[74.8421,37.0169],[74.842,37.0152],[74.8417,37.0098],[74.8419,37.0058],[74.8414,36.9995],[74.8427,36.9962],[74.846,36.9899],[74.8481,36.9879],[74.8489,36.9877],[74.856,36.9798],[74.8566,36.9798],[74.8603,36.9767],[74.8619,36.9765],[74.8674,36.9672],[74.8691,36.9649],[74.8723,36.9621],[74.8726,36.9614],[74.8734,36.9612],[74.8745,36.9608],[74.8751,36.9597],[74.8754,36.9588],[74.8762,36.9586],[74.8794,36.9541],[74.8799,36.9541],[74.881,36.9525],[74.8817,36.9523],[74.882,36.9512],[74.8827,36.9511],[74.8844,36.9491],[74.885,36.9482],[74.8854,36.9477],[74.8871,36.9462],[74.8879,36.9459],[74.8926,36.937],[74.8968,36.9329],[74.8985,36.9305],[74.9004,36.9276],[74.9025,36.9248],[74.9049,36.9207],[74.9089,36.9169],[74.9109,36.9124],[74.9137,36.9118],[74.914,36.9102],[74.9141,36.9091],[74.9149,36.9084],[74.9168,36.9082],[74.9222,36.9061],[74.9247,36.9063],[74.9252,36.907],[74.9274,36.9089],[74.928,36.9089],[74.9315,36.9214],[74.9326,36.9255],[74.9392,36.9327],[74.9405,36.9334],[74.9413,36.9347],[74.9433,36.9352],[74.9471,36.9382],[74.9574,36.9422],[74.9576,36.9428],[74.9582,36.9428],[74.9611,36.9457],[74.9663,36.9476],[74.9674,36.9485],[74.9692,36.9489],[74.9722,36.9512],[74.9771,36.9528],[74.9789,36.954],[74.9801,36.9548],[74.9819,36.9563],[74.9832,36.9567],[74.9846,36.9572],[74.9881,36.9604],[74.9912,36.9628],[74.995,36.9642],[74.9978,36.9647],[75.0087,36.9644],[75.012,36.966],[75.0128,36.966],[75.0147,36.9678],[75.0187,36.9764],[75.021,36.9764],[75.0235,36.9757],[75.0263,36.9738],[75.0308,36.9736],[75.0365,36.9712],[75.0386,36.9708],[75.0395,36.9708],[75.0397,36.9703],[75.0406,36.9703],[75.0425,36.9695],[75.0428,36.9688],[75.0437,36.9677],[75.045,36.9672],[75.0479,36.9651],[75.0485,36.9651],[75.049,36.9644],[75.055,36.9632],[75.0564,36.9623],[75.058,36.962],[75.0583,36.9616],[75.0591,36.9609],[75.0631,36.9599],[75.0637,36.9592],[75.0673,36.9575],[75.0682,36.9573],[75.0696,36.956],[75.0703,36.9558],[75.0722,36.9544],[75.0741,36.9517],[75.0786,36.9482],[75.08,36.9477],[75.0806,36.9478],[75.0853,36.9437],[75.0871,36.9429],[75.096,36.9428],[75.0968,36.9433],[75.1004,36.9439],[75.1006,36.9444],[75.1056,36.9467],[75.1151,36.9488],[75.1183,36.9506],[75.1198,36.9509],[75.12,36.9513],[75.1211,36.9522],[75.125,36.9534],[75.1272,36.9552],[75.1279,36.9555],[75.1318,36.9565],[75.1358,36.9574],[75.1396,36.9605],[75.144,36.9623],[75.1465,36.9646],[75.1476,36.9648],[75.1511,36.9671],[75.1638,36.9789],[75.1649,36.9789],[75.1668,36.9809],[75.1676,36.9812],[75.1734,36.9861],[75.1755,36.9897],[75.1809,37.0005],[75.1874,37.0079],[75.1877,37.0086],[75.1884,37.0088],[75.1934,37.0142],[75.194,37.0143],[75.1982,37.0177],[75.199,37.0179],[75.2023,37.0211],[75.203,37.0228],[75.208,37.0353],[75.209,37.0368],[75.2149,37.0384],[75.2159,37.0389],[75.2176,37.0389],[75.2217,37.0374],[75.2257,37.0374],[75.2273,37.0384],[75.2278,37.0388],[75.2301,37.0393],[75.2389,37.0426],[75.2391,37.043],[75.2409,37.0434],[75.2414,37.0443],[75.2436,37.0452],[75.245,37.0455],[75.2489,37.0468],[75.2491,37.0473],[75.2508,37.0478],[75.2516,37.0484],[75.2519,37.0489],[75.2568,37.0499],[75.2586,37.0508],[75.265,37.0519],[75.2714,37.0493],[75.2717,37.0488],[75.2741,37.0484],[75.2759,37.0481],[75.2764,37.0476],[75.2792,37.0469],[75.2823,37.0474],[75.2845,37.0488],[75.2859,37.0488],[75.2883,37.0493],[75.2889,37.0498],[75.2937,37.0511],[75.2945,37.0515],[75.3023,37.0516],[75.3059,37.0528],[75.3076,37.0528],[75.3084,37.0533],[75.3112,37.0533],[75.3121,37.0534],[75.3155,37.0539],[75.3329,37.0553],[75.334,37.0548],[75.3379,37.0544],[75.3391,37.0538],[75.3396,37.0533],[75.3427,37.0529],[75.3438,37.0525],[75.3449,37.0514],[75.3459,37.0438],[75.3453,37.0406],[75.3439,37.0326],[75.344,37.0242],[75.3441,37.0196],[75.3456,37.0111],[75.3452,37.0031],[75.3455,37.0006],[75.3467,36.9947],[75.3476,36.9927],[75.3475,36.9915],[75.348,36.9899],[75.352,36.981],[75.3547,36.9778],[75.3555,36.9771],[75.3574,36.9752],[75.3585,36.9753],[75.3596,36.9737],[75.3628,36.9708],[75.3639,36.9708],[75.367,36.9673],[75.3684,36.9657],[75.3743,36.9613],[75.3754,36.9611],[75.3763,36.9605],[75.378,36.9605],[75.3788,36.96],[75.3847,36.9596],[75.3866,36.9594],[75.3899,36.9614],[75.3905,36.9614],[75.3919,36.9628],[75.3943,36.9651],[75.3949,36.9651],[75.396,36.9662],[75.4001,36.9678],[75.4012,36.968],[75.4135,36.9675],[75.4163,36.9664],[75.4175,36.9654],[75.4183,36.9652],[75.4201,36.9631],[75.4209,36.9629],[75.4231,36.9607],[75.4259,36.9558],[75.4262,36.9544],[75.4279,36.952],[75.4282,36.9506],[75.4272,36.9466],[75.4265,36.9399],[75.4268,36.939],[75.4256,36.9363],[75.4224,36.9316],[75.4197,36.9291],[75.4186,36.9284],[75.418,36.9279],[75.4164,36.9266],[75.4135,36.9231],[75.4116,36.9216],[75.4088,36.9167],[75.4091,36.9156],[75.4117,36.9128],[75.4136,36.9095],[75.4151,36.9033],[75.4142,36.8919],[75.4159,36.8881],[75.417,36.8872],[75.4223,36.8866],[75.4243,36.8873],[75.4303,36.8912],[75.4378,36.8915],[75.4395,36.891],[75.4435,36.8872],[75.444,36.8872],[75.4481,36.8804],[75.4492,36.8772],[75.4511,36.8707],[75.452,36.8678],[75.4525,36.8665],[75.4529,36.863],[75.453,36.8614],[75.4534,36.8594],[75.4526,36.8549],[75.4567,36.8457],[75.46,36.8306],[75.4629,36.8252],[75.4699,36.8176],[75.4742,36.8108],[75.479,36.8068],[75.4833,36.8056],[75.4836,36.8052],[75.4882,36.8042],[75.4902,36.8024],[75.4918,36.802],[75.4924,36.8015],[75.4971,36.8002],[75.4974,36.7998],[75.4988,36.7989],[75.5005,36.7989],[75.5008,36.7985],[75.5011,36.798],[75.5033,36.7974],[75.5036,36.7969],[75.505,36.7963],[75.5075,36.7954],[75.5087,36.7945],[75.5129,36.7932],[75.5131,36.7927],[75.514,36.7921],[75.5159,36.7921],[75.5162,36.7917],[75.5226,36.7893],[75.5248,36.7888],[75.5279,36.7875],[75.5293,36.7875],[75.5324,36.787],[75.5336,36.7863],[75.5369,36.7858],[75.5422,36.7838],[75.5436,36.7838],[75.5447,36.7838],[75.5486,36.7819],[75.5553,36.7806],[75.5578,36.7804],[75.5586,36.7797],[75.5665,36.7764],[75.5709,36.776],[75.5725,36.7749],[75.5732,36.7745],[75.5788,36.7729],[75.5799,36.7721],[75.581,36.7712],[75.5863,36.7697],[75.5933,36.7655],[75.5975,36.765],[75.5989,36.7644],[75.5992,36.764],[75.6003,36.7637],[75.6034,36.764],[75.6095,36.7638],[75.6148,36.7618],[75.6165,36.7616],[75.6202,36.7574],[75.6236,36.7503],[75.625,36.7485],[75.6292,36.7447],[75.63,36.7444],[75.632,36.742],[75.6388,36.7356],[75.6393,36.7339],[75.6409,36.7318],[75.6417,36.7298],[75.6453,36.7265],[75.6464,36.7257],[75.6473,36.7255],[75.6515,36.7223],[75.6521,36.7223],[75.6605,36.7125],[75.6639,36.7098],[75.6665,36.7062],[75.6752,36.696],[75.6905,36.6718],[75.6946,36.6667],[75.7019,36.6573],[75.708,36.6478],[75.7122,36.6423],[75.7142,36.6385],[75.7197,36.631],[75.7296,36.6134],[75.7334,36.6071],[75.7383,36.6014],[75.7424,36.5971],[75.7438,36.5955],[75.7483,36.5884],[75.754,36.584],[75.7545,36.584],[75.7607,36.5793],[75.764,36.5782],[75.7694,36.5733],[75.7713,36.5727],[75.7763,36.57],[75.7763,36.5696],[75.778,36.5692],[75.7787,36.5686],[75.7819,36.5676],[75.783,36.5663],[75.788,36.5643],[75.7939,36.5599],[75.7957,36.5595],[75.796,36.559],[75.7971,36.559],[75.802,36.5575],[75.8023,36.557],[75.8034,36.5568],[75.8062,36.5543],[75.8096,36.553],[75.8104,36.553],[75.8115,36.5524],[75.8146,36.5517],[75.8156,36.5516],[75.8161,36.5511],[75.8188,36.5508],[75.8243,36.5486],[75.8272,36.5484],[75.8335,36.5469],[75.8396,36.5467],[75.8491,36.5443],[75.8494,36.5439],[75.8527,36.542],[75.8566,36.5404],[75.8588,36.5387],[75.8598,36.5377],[75.8603,36.5372],[75.8633,36.5363],[75.8659,36.5341],[75.867,36.5341],[75.8778,36.5257],[75.8792,36.5253],[75.8823,36.5233],[75.8834,36.523],[75.8854,36.5215],[75.8868,36.521],[75.8893,36.5191],[75.8907,36.518],[75.8957,36.5164],[75.9016,36.5124],[75.9052,36.5118],[75.9066,36.5107],[75.9069,36.5102],[75.9083,36.5098],[75.9089,36.5091],[75.9136,36.5076],[75.9139,36.5071],[75.915,36.5062],[75.9178,36.5056],[75.9181,36.5051],[75.9192,36.5049],[75.9234,36.5024],[75.9317,36.501],[75.9325,36.5003],[75.9407,36.4977],[75.9448,36.497],[75.9517,36.4941],[75.952,36.4937],[75.9556,36.4933],[75.9559,36.4928],[75.9565,36.4924],[75.9573,36.4924],[75.959,36.4922],[75.9596,36.4917],[75.9604,36.4917],[75.9648,36.49],[75.9717,36.4899],[75.9728,36.4894],[75.9739,36.4894],[75.9768,36.4893],[75.9786,36.4886],[75.9802,36.4884],[75.9829,36.4872],[75.9843,36.4872],[75.9896,36.4865],[75.9909,36.4858],[75.9926,36.4858],[75.9937,36.4854],[75.994,36.485],[75.997,36.4843],[75.9982,36.4846],[75.999,36.4855],[75.9993,36.4859],[76.002,36.4866],[76.0212,36.4862],[76.0234,36.4858],[76.0259,36.486],[76.0306,36.4845],[76.04,36.4834],[76.0426,36.4819],[76.0482,36.4809],[76.0531,36.4802],[76.0537,36.4804],[76.0542,36.48],[76.0542,36.4795],[76.0561,36.4791],[76.0606,36.4791],[76.0645,36.4778],[76.0692,36.4775],[76.0726,36.4758],[76.0728,36.4753],[76.0773,36.4743],[76.0779,36.4736],[76.0809,36.4716],[76.084,36.4696],[76.0846,36.4696],[76.0887,36.4656],[76.0899,36.4656],[76.0935,36.4624],[76.0953,36.4616],[76.0972,36.4596],[76.1003,36.4572],[76.1069,36.451],[76.1103,36.4485],[76.1137,36.4456],[76.1192,36.4424],[76.122,36.4402],[76.1251,36.4375],[76.1304,36.4315],[76.135,36.4266],[76.1381,36.4236],[76.1437,36.4179],[76.1478,36.4133],[76.1509,36.41],[76.1546,36.4056],[76.1595,36.4019],[76.1673,36.3947],[76.1731,36.3903],[76.1778,36.3881],[76.1805,36.3874],[76.1836,36.3876],[76.1867,36.3881],[76.1919,36.3884],[76.1946,36.3887],[76.1986,36.3874],[76.2023,36.385],[76.2074,36.3815],[76.2102,36.3783],[76.2121,36.3768],[76.2132,36.3763],[76.2149,36.3757],[76.2171,36.3737],[76.2194,36.3703],[76.2202,36.3701],[76.2208,36.3696],[76.2249,36.3662],[76.2255,36.3662],[76.2283,36.3631],[76.2291,36.3629],[76.2308,36.3611],[76.2317,36.3605],[76.2342,36.3596],[76.2358,36.3579],[76.2386,36.3556],[76.2409,36.3549],[76.2414,36.3543],[76.2437,36.3527],[76.247,36.3518],[76.2472,36.3514],[76.2484,36.3505],[76.2511,36.3507],[76.2525,36.3491],[76.2548,36.3478],[76.2689,36.3472],[76.2801,36.3484],[76.2845,36.3483],[76.2878,36.3489],[76.2921,36.3491],[76.293,36.3497],[76.2954,36.3502],[76.2974,36.3505],[76.2996,36.3518],[76.3018,36.3523],[76.3026,36.3523],[76.3037,36.3532],[76.3112,36.3563],[76.3152,36.3576],[76.3241,36.3618],[76.3282,36.3625],[76.3408,36.3625],[76.3438,36.3628],[76.3524,36.3599],[76.3608,36.3534],[76.3655,36.3514],[76.3691,36.3476],[76.3747,36.3456],[76.3749,36.345],[76.376,36.3447],[76.3782,36.3419],[76.38,36.3396],[76.3826,36.3375],[76.3834,36.3373],[76.3859,36.3348],[76.3867,36.3346],[76.3888,36.3322],[76.3894,36.3317],[76.3931,36.3286],[76.3973,36.3264],[76.4012,36.3215],[76.4023,36.3215],[76.4042,36.3195],[76.4058,36.3191],[76.4081,36.3182],[76.4115,36.3159],[76.4123,36.315],[76.4131,36.315],[76.4142,36.3144],[76.4203,36.3133],[76.4209,36.3128],[76.4217,36.3128],[76.4251,36.311],[76.4253,36.3106],[76.4281,36.3102],[76.4284,36.3097],[76.4303,36.3084],[76.432,36.3082],[76.4341,36.3017],[76.4366,36.2884],[76.4402,36.283],[76.4455,36.2781],[76.4495,36.2716],[76.45,36.2694],[76.4484,36.2663],[76.4478,36.2663],[76.4464,36.2647],[76.4456,36.2645],[76.4451,36.2638],[76.4431,36.2631],[76.4423,36.2631],[76.4415,36.2624],[76.4385,36.2595],[76.4382,36.2588],[76.4376,36.2588],[76.4368,36.2577],[76.4357,36.2577],[76.4324,36.2521],[76.4332,36.2512],[76.4371,36.2489],[76.4383,36.2489],[76.4391,36.249],[76.441,36.248],[76.4441,36.2472],[76.4449,36.2465],[76.4458,36.2465],[76.4496,36.2449],[76.4513,36.244],[76.4541,36.2418],[76.456,36.2414],[76.456,36.2405],[76.4571,36.2405],[76.458,36.2391],[76.4647,36.2327],[76.4739,36.2211],[76.4749,36.2194],[76.4792,36.2139],[76.4817,36.2114],[76.4885,36.2106],[76.4891,36.2102],[76.4897,36.2101],[76.4933,36.2099],[76.4983,36.2085],[76.4986,36.2081],[76.5047,36.2072],[76.5058,36.2068],[76.5066,36.2059],[76.5092,36.2042],[76.5103,36.2035],[76.5112,36.2033],[76.5118,36.2026],[76.5127,36.2023],[76.5133,36.2023],[76.5152,36.2003],[76.5188,36.199],[76.5191,36.1985],[76.5211,36.1985],[76.5259,36.1977],[76.5279,36.1971],[76.5356,36.196],[76.5361,36.1956],[76.5368,36.1954],[76.538,36.1954],[76.5407,36.1939],[76.5421,36.1937],[76.5424,36.1932],[76.5449,36.1928],[76.5493,36.1887],[76.5499,36.1887],[76.5504,36.1878],[76.5526,36.1859],[76.5538,36.1854],[76.5561,36.181],[76.5582,36.1769],[76.563,36.1731],[76.581,36.1682],[76.587,36.168],[76.5879,36.1675],[76.5951,36.1662],[76.5956,36.1657],[76.6012,36.1655],[76.6026,36.166],[76.6039,36.1678],[76.6089,36.1696],[76.61,36.1705],[76.615,36.1732],[76.6161,36.1734],[76.6171,36.1745],[76.6191,36.1761],[76.6202,36.1764],[76.6204,36.1768],[76.6218,36.177],[76.6227,36.1771],[76.6254,36.1791],[76.6307,36.1806],[76.6321,36.1815],[76.6331,36.1817],[76.6336,36.1825],[76.6364,36.1845],[76.6373,36.1849],[76.6423,36.1847],[76.6444,36.184],[76.6481,36.1746],[76.6648,36.1581],[76.6676,36.1563],[76.668,36.1559],[76.6815,36.1455],[76.6848,36.1442],[76.686,36.1432],[76.6888,36.1409],[76.6917,36.1386],[76.6934,36.1383],[76.6962,36.1359],[76.6973,36.1359],[76.6976,36.1352],[76.6981,36.1352],[76.7006,36.133],[76.7011,36.1323],[76.702,36.1301],[76.7037,36.1289],[76.7064,36.1251],[76.7071,36.1226],[76.7071,36.1148],[76.7068,36.1139],[76.7087,36.1074],[76.7129,36.0993],[76.7132,36.0975],[76.7129,36.0969],[76.7169,36.0872],[76.7196,36.0832],[76.7213,36.0823],[76.7216,36.0816],[76.7224,36.081],[76.7241,36.0807],[76.726,36.0785],[76.7295,36.0777],[76.7307,36.077],[76.7321,36.077],[76.7387,36.0745],[76.7396,36.0745],[76.7451,36.0702],[76.751,36.068],[76.7542,36.0672],[76.7583,36.0654],[76.7592,36.0651],[76.7603,36.0651],[76.767,36.0624],[76.772,36.0603],[76.7745,36.0588],[76.775,36.0584],[76.7797,36.0566],[76.7805,36.0557],[76.7819,36.0546],[76.7825,36.0546],[76.7842,36.0541],[76.7847,36.0534],[76.7855,36.0526],[76.7886,36.0521],[76.79,36.0514],[76.7977,36.0496],[76.8007,36.049],[76.8019,36.0479],[76.8024,36.0461],[76.8012,36.0446],[76.8009,36.0439],[76.8005,36.0434],[76.7991,36.0418],[76.7988,36.0384],[76.8011,36.0328],[76.8086,36.0205],[76.8078,36.0187],[76.8061,36.0171],[76.805,36.0169],[76.7832,36.0157],[76.7785,36.0138],[76.7777,36.0138],[76.777,36.0131],[76.7733,36.0117],[76.7727,36.011],[76.7703,36.0094],[76.7697,36.0094],[76.7691,36.0088],[76.7682,36.008],[76.7656,36.0047],[76.7543,35.9901],[76.7535,35.9885],[76.753,35.9865],[76.7546,35.9833],[76.7543,35.9827],[76.742,35.971],[76.7412,35.9708],[76.7357,35.9671],[76.734,35.9665],[76.7302,35.9629],[76.7291,35.9629],[76.7283,35.962],[76.7236,35.9559],[76.7228,35.9534],[76.7269,35.9487],[76.7294,35.9467],[76.7305,35.9467],[76.7339,35.9433],[76.735,35.9429],[76.7405,35.9348],[76.741,35.9344],[76.7418,35.9342],[76.7467,35.9291],[76.7527,35.9211],[76.756,35.9184],[76.7577,35.9182],[76.7657,35.9097],[76.7717,35.9044],[76.7734,35.9031],[76.779,35.8987],[76.7857,35.8899],[76.7901,35.8761],[76.7913,35.8702],[76.7941,35.8628],[76.7988,35.8558],[76.8016,35.8536],[76.8027,35.8536],[76.8038,35.8504],[76.8043,35.85],[76.806,35.8495],[76.8068,35.8495],[76.8076,35.8477],[76.8118,35.8448],[76.8134,35.8444],[76.8151,35.8439],[76.8154,35.8435],[76.816,35.8433],[76.8171,35.8424],[76.8203,35.8414],[76.8232,35.84],[76.8246,35.8397],[76.8251,35.8392],[76.8267,35.8381],[76.8295,35.837],[76.8308,35.8368],[76.8314,35.8363],[76.8367,35.8354],[76.838,35.8347],[76.8386,35.8343],[76.843,35.8341],[76.8441,35.834],[76.8452,35.8335],[76.8535,35.8328],[76.854,35.8323],[76.8579,35.8312],[76.8621,35.828],[76.8637,35.8269],[76.8648,35.8269],[76.8654,35.8265],[76.8697,35.8222],[76.8759,35.8153],[76.8764,35.8149],[76.8772,35.8142],[76.8847,35.8074],[76.8855,35.8071],[76.8913,35.8027],[76.893,35.8011],[76.8949,35.7997],[76.9005,35.7975],[76.9028,35.7956],[76.9037,35.7953],[76.9096,35.7914],[76.9179,35.7898],[76.9191,35.7892],[76.9289,35.7874],[76.9313,35.7861],[76.9352,35.7841],[76.9432,35.7837],[76.957,35.7838],[76.9589,35.7841],[76.962,35.7832],[76.9677,35.7832],[76.9721,35.782],[76.9735,35.7814],[76.9777,35.7814],[76.9835,35.7793],[76.9892,35.7789],[76.9956,35.7766],[77.001,35.7763],[77.0017,35.7762],[77.0036,35.7755],[77.0044,35.7751],[77.0207,35.7746],[77.0248,35.776],[77.0333,35.7764],[77.0339,35.7767],[77.035,35.7771],[77.0383,35.7782],[77.0394,35.7782],[77.0399,35.7787],[77.0427,35.7787],[77.0438,35.7793],[77.0441,35.7798],[77.0471,35.78],[77.0488,35.7809],[77.049,35.7814],[77.0512,35.7818],[77.0526,35.782],[77.0534,35.7827],[77.0545,35.7836],[77.058,35.7842],[77.0587,35.7843],[77.0609,35.7852],[77.0621,35.7863],[77.0638,35.7878],[77.0647,35.7881],[77.0658,35.7883],[77.0672,35.7901],[77.0677,35.7901],[77.0689,35.7904],[77.0691,35.7911],[77.0702,35.7922],[77.0741,35.7933],[77.0754,35.7945],[77.0762,35.7947],[77.0788,35.7969],[77.0799,35.7971],[77.0801,35.7976],[77.0815,35.7978],[77.0858,35.7971],[77.0934,35.796],[77.1,35.796],[77.1058,35.7987],[77.1133,35.7985],[77.1139,35.798],[77.1157,35.7978],[77.1168,35.7969],[77.1182,35.7966],[77.1195,35.7964],[77.1226,35.7868],[77.127,35.7827],[77.1281,35.7823],[77.1361,35.7818],[77.1364,35.7814],[77.1416,35.7715],[77.1435,35.7697],[77.1458,35.7685],[77.1506,35.7674],[77.1538,35.7663],[77.1554,35.7663],[77.1584,35.7681],[77.1604,35.7681],[77.1642,35.7667],[77.1653,35.7643],[77.165,35.7636],[77.1656,35.7602],[77.1659,35.7586],[77.1632,35.7444],[77.1631,35.7405],[77.1673,35.7346],[77.1692,35.7335],[77.1753,35.7317],[77.1802,35.731],[77.186,35.7314],[77.1882,35.7328],[77.1937,35.733],[77.1987,35.7306],[77.2028,35.7276],[77.2072,35.7265],[77.2105,35.7265],[77.2114,35.7267],[77.2131,35.7276],[77.2171,35.7287],[77.221,35.7282],[77.2221,35.7271],[77.2246,35.715],[77.226,35.7134],[77.2282,35.7125],[77.2392,35.7127],[77.2557,35.71],[77.2587,35.71],[77.2656,35.7095],[77.2664,35.7091],[77.2678,35.7091],[77.2709,35.71],[77.2722,35.7113],[77.2742,35.7178],[77.2761,35.7194],[77.2775,35.7204],[77.2802,35.7183],[77.2827,35.7163],[77.2855,35.7111],[77.2865,35.7106],[77.2904,35.7095],[77.2926,35.7093],[77.2932,35.7088],[77.2987,35.7081],[77.3028,35.7049],[77.3072,35.7021],[77.3097,35.7014],[77.3108,35.7],[77.3141,35.6991],[77.3152,35.6991],[77.3166,35.7],[77.3215,35.7072],[77.325,35.7166],[77.3268,35.7187],[77.3276,35.7191],[77.3383,35.7195],[77.3508,35.7182],[77.3557,35.7182],[77.3584,35.7177],[77.3692,35.7044],[77.3703,35.699],[77.3697,35.6968],[77.3708,35.6952],[77.3749,35.6941],[77.3763,35.6934],[77.3802,35.6938],[77.3821,35.6936],[77.3832,35.6931],[77.3838,35.692],[77.3854,35.6904],[77.3865,35.6898],[77.3881,35.6857],[77.3922,35.6803],[77.3933,35.6789],[77.3969,35.6697],[77.4016,35.6625],[77.4033,35.6614],[77.4041,35.6612],[77.4133,35.6618],[77.4221,35.6616],[77.4231,35.6609],[77.4259,35.6598],[77.4264,35.6598],[77.4269,35.6593],[77.4293,35.6568],[77.4297,35.6564],[77.4302,35.6548],[77.431,35.6546],[77.4366,35.6458],[77.4379,35.6411],[77.4373,35.6391],[77.436,35.6373],[77.4338,35.6323],[77.4335,35.6303],[77.4368,35.6222],[77.4363,35.6204],[77.4349,35.619],[77.4316,35.6179],[77.4282,35.6134],[77.4277,35.6128],[77.4271,35.6105],[77.4285,35.6092],[77.4319,35.6073],[77.4373,35.6033],[77.439,35.6022],[77.4439,35.601],[77.445,35.6006],[77.4453,35.6001],[77.4464,35.5999],[77.4467,35.5995],[77.4478,35.5985],[77.4537,35.5958],[77.455,35.5948],[77.456,35.5945],[77.4569,35.5936],[77.4645,35.5801],[77.4656,35.5733],[77.4643,35.5696],[77.4634,35.568],[77.4607,35.5632],[77.4598,35.5558],[77.4612,35.5497],[77.4609,35.5481],[77.4606,35.5477],[77.462,35.5461],[77.4628,35.5459],[77.4634,35.5452],[77.4659,35.5443],[77.4667,35.5443],[77.4678,35.5432],[77.4689,35.542],[77.4712,35.5416],[77.475,35.54],[77.4784,35.5389],[77.4786,35.5384],[77.4798,35.5382],[77.48,35.5377],[77.4826,35.5366],[77.4837,35.5364],[77.4861,35.5337],[77.4866,35.532],[77.486,35.5306],[77.4837,35.5278],[77.4823,35.5274],[77.4812,35.5272],[77.4807,35.5265],[77.4785,35.5249],[77.4754,35.5238],[77.4749,35.5234],[77.4746,35.5229],[77.4724,35.5211],[77.4693,35.5216],[77.4677,35.522],[77.4636,35.5241],[77.4619,35.5252],[77.4518,35.5266],[77.4466,35.525],[77.4457,35.5243],[77.4413,35.519],[77.4402,35.5181],[77.4353,35.5174],[77.4323,35.5183],[77.4312,35.5187],[77.4306,35.5192],[77.4287,35.5217],[77.4276,35.5217],[77.4254,35.5239],[77.424,35.5242],[77.4207,35.5255],[77.4194,35.5264],[77.4166,35.5271],[77.4133,35.5267],[77.4128,35.5271],[77.4089,35.5282],[77.4067,35.5298],[77.4059,35.5309],[77.4026,35.5346],[77.401,35.5369],[77.3975,35.5405],[77.397,35.5416],[77.3961,35.5418],[77.3958,35.5426],[77.3951,35.5428],[77.3919,35.5458],[77.3855,35.5485],[77.3847,35.5485],[77.3839,35.5492],[77.3814,35.5492],[77.3806,35.5497],[77.3784,35.5503],[77.3673,35.5503],[77.3595,35.5497],[77.3487,35.5477],[77.3454,35.5468],[77.3427,35.5448],[77.3379,35.5434],[77.3375,35.5429],[77.3319,35.5412],[77.3267,35.5376],[77.3246,35.5372],[77.3222,35.5368],[77.3204,35.534],[77.3208,35.5326],[77.3257,35.5292],[77.327,35.5279],[77.3281,35.5279],[77.329,35.5271],[77.3298,35.526],[77.3307,35.5256],[77.3322,35.5246],[77.3408,35.5139],[77.3425,35.5122],[77.3433,35.5107],[77.3437,35.5101],[77.3459,35.5],[77.347,35.4972],[77.3487,35.4937],[77.3514,35.4926],[77.3544,35.4928],[77.3577,35.495],[77.3591,35.4955],[77.361,35.4953],[77.3663,35.4937],[77.3671,35.4932],[77.3737,35.4813],[77.3745,35.4806],[77.3756,35.4806],[77.3778,35.4784],[77.3789,35.4781],[77.3792,35.4777],[77.3819,35.4765],[77.3844,35.4763],[77.3943,35.474],[77.4064,35.4745],[77.411,35.4731],[77.4138,35.4731],[77.4152,35.4727],[77.4171,35.4708],[77.4182,35.4706],[77.4184,35.4702],[77.4217,35.469],[77.4231,35.4687],[77.4245,35.4677],[77.4259,35.4672],[77.4294,35.465],[77.4303,35.4641],[77.4372,35.4622],[77.4391,35.4617],[77.4396,35.4615],[77.4448,35.4613],[77.4506,35.4629],[77.4512,35.4636],[77.4517,35.4639],[77.452,35.4643],[77.454,35.465],[77.4549,35.4659],[77.4575,35.4672],[77.4586,35.4674],[77.4602,35.4692],[77.4635,35.4703],[77.4643,35.4712],[77.4649,35.4719],[77.4698,35.4732],[77.4737,35.4752],[77.4773,35.4764],[77.4809,35.4779],[77.4782,35.4725],[77.4699,35.4568],[77.4648,35.4466],[77.4649,35.4465],[77.4646,35.4466],[77.451,35.4204],[77.3372,35.2226],[77.2793,35.1451],[77.2494,35.135],[77.1598,35.1477],[77.1075,35.1499],[77.065,35.1398],[77.0425,35.1031],[77.0448,35.0744],[77.0647,35.0641],[77.0945,35.0435],[77.1092,34.9985],[77.109,34.9616],[77.0938,34.9145],[77.0688,34.8798],[77.0414,34.8676],[76.9643,34.8494],[76.8474,34.8333],[76.6958,34.8294],[76.5393,34.8254],[76.3751,34.8331],[76.3651,34.8413],[76.3425,34.8583],[76.3075,34.8616],[76.2767,34.8497],[76.2521,34.831],[76.2377,34.8072],[76.2193,34.7885],[76.1947,34.7664],[76.1599,34.7426],[76.1353,34.7273],[76.121,34.7086],[76.0985,34.6966],[76.078,34.683],[76.0473,34.6744],[75.9898,34.6725],[75.9509,34.6655],[75.9119,34.6586],[75.8853,34.65],[75.8504,34.6481],[75.8156,34.6428],[75.7788,34.6307],[75.7399,34.6203],[75.7051,34.6116],[75.658,34.6028],[75.6171,34.5924],[75.568,34.5801],[75.5251,34.573],[75.4903,34.5642],[75.4372,34.5519],[75.3924,34.5434],[75.3046,34.515],[75.2207,34.5037],[75.1384,34.4991],[75.0835,34.5],[75.0252,34.5102],[74.9878,34.5286],[74.9353,34.5856],[74.7883,34.6885],[74.6819,34.7702],[74.6035,34.8691],[74.5916,34.8689],[74.5752,34.8652],[74.5589,34.8582],[74.5345,34.8476],[74.5162,34.8388],[74.4938,34.8266],[74.4673,34.8177],[74.4409,34.8037],[74.4085,34.7862],[74.3863,34.7705],[74.3682,34.7549],[74.3666,34.7346],[74.359,34.7124],[74.3409,34.6968],[74.3206,34.6897],[74.3002,34.6825],[74.2779,34.6719],[74.2639,34.6581],[74.252,34.6443],[74.2236,34.6302],[74.2034,34.6197],[74.175,34.6089],[74.1402,34.6049],[74.1014,34.599],[74.0526,34.5862],[74.014,34.5735],[73.9775,34.5609],[73.9533,34.5468],[73.9352,34.5346],[73.9193,34.5173],[73.9097,34.4984],[73.9082,34.4797],[73.9089,34.4577],[73.9157,34.4358],[73.9307,34.4141],[73.9456,34.3974],[73.9522,34.3806],[73.9611,34.3587],[73.9699,34.3385],[73.9849,34.3134],[73.9937,34.2949],[74.0083,34.2851],[74.02,34.2853],[74.0206,34.2836],[74.0394,34.2704],[74.062,34.2641],[74.0866,34.2612],[74.1072,34.2548],[74.1278,34.2502],[74.1401,34.2487],[74.1751,34.2375],[74.1915,34.2344],[74.2162,34.2298],[74.2305,34.2301],[74.251,34.2271],[74.2696,34.2189],[74.2942,34.2126],[74.3149,34.2028],[74.3275,34.1895],[74.3321,34.1692],[74.3325,34.1539],[74.3286,34.1454],[74.3127,34.1315],[74.3008,34.1194],[74.293,34.1057],[74.2913,34.0921],[74.2938,34.0752],[74.2981,34.0651],[74.3067,34.05],[74.3152,34.0349],[74.3217,34.0214],[74.3263,33.9995],[74.3311,33.9724],[74.3275,33.9537],[74.3201,33.9556],[74.3029,33.96],[74.2801,33.9766],[74.2655,33.9882],[74.2429,33.9979],[74.2142,34.0042],[74.1897,34.0071],[74.1631,34.01],[74.1624,34.01],[74.1632,33.9735],[74.157,33.9439],[74.1489,33.9283],[74.1154,33.9109],[74.0401,33.8803],[73.9698,33.8525],[73.9448,33.8367],[73.9139,33.7869],[73.8845,33.7428],[73.8768,33.7075],[73.8815,33.6498],[73.9027,33.6008],[73.9207,33.5617],[73.9263,33.5642],[73.9383,33.5695],[73.9728,33.5669],[73.9833,33.5552],[73.9898,33.5418],[74.0042,33.5336],[74.0223,33.5374],[74.0403,33.5445],[74.0585,33.5483],[74.0749,33.5401],[74.0815,33.5216],[74.08,33.5029],[74.0786,33.4809],[74.0771,33.4622],[74.0738,33.4367],[74.0783,33.4232],[74.0869,33.4047],[74.1015,33.388],[74.116,33.3765],[74.1288,33.3754],[74.1284,33.3665],[74.1391,33.3464],[74.1537,33.328],[74.1585,33.3027],[74.1632,33.2773],[74.1679,33.2537],[74.1686,33.2282],[74.1733,33.2046],[74.184,33.1828],[74.1944,33.1711],[74.2172,33.1461],[74.2416,33.1381],[74.2781,33.132],[74.3106,33.1224],[74.337,33.1144],[74.3553,33.108],[74.3717,33.0964],[74.3842,33.0813],[74.4005,33.0715],[74.4188,33.0667],[74.445,33.0637],[74.475,33.071],[74.491,33.0764],[74.5113,33.0717],[74.5337,33.0619],[74.5417,33.0632],[74.5479,33.057],[74.5663,33.0437],[74.5786,33.0338],[74.5911,33.0153],[74.5954,33.0035],[74.5913,32.9962],[74.5896,32.9932],[74.5654,32.9929],[74.5416,32.9806],[74.5119,32.9615],[74.4941,32.9459],[74.4965,32.929],[74.5049,32.9139],[74.5153,32.9022],[74.5216,32.8887],[74.5139,32.8733],[74.5023,32.8545],[74.4888,32.8322],[74.4791,32.8185],[74.4695,32.7997],[74.4632,32.7942],[74.4631,32.794],[74.4605,32.7918],[74.456,32.7878],[74.4513,32.7836],[74.4512,32.7836],[74.4497,32.7832],[74.4487,32.7827],[74.4457,32.7811],[74.4452,32.7804],[74.4436,32.7799],[74.4399,32.7798],[74.4337,32.7796],[74.4302,32.7799],[74.4288,32.7808],[74.4269,32.781],[74.4259,32.781],[74.4237,32.7826],[74.4213,32.7832],[74.4159,32.784],[74.4132,32.7837],[74.4102,32.7833],[74.4094,32.7835],[74.4065,32.7827],[74.4054,32.7818],[74.4031,32.78],[74.3973,32.7664],[74.391,32.7679],[74.388,32.7686],[74.3872,32.7684],[74.3867,32.7681],[74.3862,32.7649],[74.3869,32.7604],[74.3856,32.7588],[74.385,32.7583],[74.3837,32.7579],[74.3708,32.759],[74.3651,32.7607],[74.364,32.7614],[74.3624,32.7614],[74.3603,32.7616],[74.3557,32.7632],[74.3546,32.7633],[74.3524,32.7653],[74.3502,32.7662],[74.3491,32.7664],[74.3447,32.77],[74.3398,32.774],[74.3317,32.7761],[74.3306,32.7765],[74.3302,32.777],[74.3285,32.7783],[74.3276,32.7788],[74.3254,32.781],[74.3223,32.7884],[74.3192,32.792],[74.3165,32.7922],[74.316,32.7917],[74.312,32.7915],[74.3092,32.7925],[74.3079,32.7953],[74.3077,32.7996],[74.3069,32.8011],[74.306,32.8027],[74.3055,32.8034],[74.3022,32.8047],[74.3019,32.8065],[74.3016,32.8085],[74.3049,32.8154],[74.3031,32.8215],[74.3018,32.8233],[74.3007,32.8235],[74.3002,32.8233],[74.2993,32.8237],[74.2999,32.8244],[74.2953,32.8253],[74.295,32.8257],[74.2936,32.8266],[74.2888,32.8276],[74.2844,32.8296],[74.2841,32.8301],[74.2761,32.8297],[74.2755,32.8301],[74.2747,32.8306],[74.2731,32.8303],[74.2645,32.8302],[74.2642,32.8306],[74.2632,32.8308],[74.2563,32.8364],[74.2552,32.838],[74.2443,32.8424],[74.2378,32.8427],[74.2362,32.8433],[74.2357,32.8438],[74.2329,32.8439],[74.226,32.8434],[74.2244,32.8441],[74.222,32.8445],[74.2174,32.8453],[74.2163,32.8462],[74.2147,32.8501],[74.2143,32.8511],[74.214,32.854],[74.2142,32.8554],[74.2141,32.8561],[74.213,32.8586],[74.2095,32.8592],[74.2065,32.8617],[74.205,32.8659],[74.2047,32.867],[74.2025,32.8707],[74.2017,32.8707],[74.2011,32.8711],[74.1914,32.8716],[74.1903,32.8723],[74.1873,32.8732],[74.1813,32.8798],[74.181,32.8805],[74.1803,32.8807],[74.18,32.8815],[74.1793,32.8817],[74.1782,32.883],[74.1741,32.8839],[74.1722,32.8847],[74.1637,32.8843],[74.1594,32.8861],[74.1591,32.8865],[74.1566,32.8872],[74.1558,32.8881],[74.1541,32.8892],[74.1523,32.8896],[74.1436,32.8899],[74.1417,32.8912],[74.1328,32.8931],[74.1312,32.8935],[74.1309,32.894],[74.1287,32.8951],[74.1227,32.8959],[74.1222,32.8963],[74.1134,32.8955],[74.1123,32.8957],[74.1101,32.8964],[74.1087,32.8977],[74.1068,32.8981],[74.1054,32.8984],[74.1036,32.8992],[74.0984,32.9018],[74.0962,32.902],[74.0941,32.9022],[74.0938,32.9027],[74.0935,32.9031],[74.086,32.9048],[74.0854,32.9052],[74.0818,32.906],[74.07,32.9063],[74.0684,32.9079],[74.0668,32.9079],[74.0611,32.9093],[74.06,32.9093],[74.0554,32.9117],[74.0528,32.916],[74.0526,32.9246],[74.0531,32.9264],[74.0523,32.9307],[74.0486,32.9324],[74.0431,32.9322],[74.0414,32.9321],[74.0406,32.9315],[74.0395,32.9308],[74.0334,32.9295],[74.0275,32.9296],[74.0253,32.9298],[74.0175,32.9301],[74.0143,32.9298],[74.005,32.932],[74.0041,32.9324],[74.0018,32.9323],[73.9971,32.9334],[73.9926,32.9335],[73.9883,32.9357],[73.988,32.9364],[73.9877,32.9371],[73.9882,32.9393],[73.99,32.9425],[73.9924,32.9433],[73.995,32.9463],[73.9963,32.9481],[73.9979,32.9519],[73.9978,32.954],[73.9983,32.9549],[73.9988,32.9549],[73.999,32.9554],[73.9987,32.957],[73.9973,32.9602],[73.9967,32.9606],[73.9948,32.9613],[73.9932,32.9619],[73.9929,32.9623],[73.988,32.9632],[73.9837,32.9639],[73.9829,32.964],[73.9807,32.9651],[73.9794,32.966],[73.9723,32.9675],[73.9685,32.9692],[73.9657,32.9721],[73.9629,32.977],[73.9613,32.9838],[73.9608,32.9854],[73.96,32.9863],[73.9583,32.987],[73.9416,32.9884],[73.9372,32.9869],[73.9357,32.9868],[73.9336,32.9853],[73.9291,32.985],[73.9255,32.9861],[73.9159,32.9939],[73.9121,32.995],[73.9075,32.9965],[73.9069,32.9966],[73.9047,32.9989],[73.8968,33.0019],[73.8965,33.0024],[73.8928,33.0028],[73.8853,33.0025],[73.882,33.0027],[73.8783,33.0022],[73.8756,33.0022],[73.8734,33.0026],[73.8688,33.0023],[73.866,33.0027],[73.8638,33.0019],[73.862,33.0031],[73.8612,33.0039],[73.8599,33.0035],[73.8524,33.0051],[73.8458,33.0059],[73.8428,33.0075],[73.8415,33.0077],[73.8313,33.0073],[73.8296,33.0074],[73.824,33.0057],[73.8227,33.0057],[73.8222,33.0048],[73.8217,33.0039],[73.821,33.0011],[73.8194,33.0009],[73.8183,33.0004],[73.8163,32.9932],[73.8157,32.9867],[73.816,32.9854],[73.8158,32.984],[73.8138,32.9792],[73.8122,32.978],[73.8112,32.9767],[73.8083,32.9725],[73.8065,32.9713],[73.8,32.9705],[73.7995,32.9701],[73.7978,32.9696],[73.7972,32.9689],[73.7967,32.9689],[73.7939,32.967],[73.7937,32.9666],[73.7924,32.9656],[73.7916,32.9654],[73.7881,32.9653],[73.7865,32.9657],[73.7818,32.97],[73.7801,32.9727],[73.7797,32.9747],[73.7817,32.9797],[73.7874,32.9871],[73.7891,32.9908],[73.7897,32.9927],[73.7902,32.9935],[73.7899,32.9946],[73.7887,32.9985],[73.7879,32.9997],[73.7823,33.0065],[73.7817,33.007],[73.7809,33.0078],[73.7798,33.0081],[73.7773,33.0092],[73.7769,33.0096],[73.7732,33.0131],[73.7724,33.0134],[73.7713,33.0138],[73.7622,33.0222],[73.7614,33.0225],[73.7576,33.0269],[73.756,33.0287],[73.7552,33.0289],[73.7547,33.0296],[73.7525,33.0304],[73.7514,33.0311],[73.7487,33.0329],[73.7434,33.0394],[73.7403,33.0436],[73.7396,33.0461],[73.7405,33.0554],[73.7399,33.0565],[73.7386,33.0631],[73.738,33.0642],[73.7353,33.0667],[73.7309,33.0679],[73.7293,33.0681],[73.7282,33.0688],[73.7252,33.0696],[73.7246,33.0703],[73.7244,33.0708],[73.7214,33.0714],[73.7203,33.0725],[73.72,33.0732],[73.717,33.074],[73.7162,33.0749],[73.7148,33.076],[73.714,33.076],[73.7099,33.0775],[73.7088,33.0784],[73.708,33.0784],[73.7027,33.0824],[73.6987,33.0836],[73.6981,33.0843],[73.6978,33.0848],[73.6962,33.0852],[73.6926,33.0869],[73.6916,33.0873],[73.6886,33.0884],[73.6872,33.0886],[73.6828,33.0889],[73.6818,33.0887],[73.6804,33.0891],[73.675,33.0892],[73.6718,33.0892],[73.671,33.0887],[73.6703,33.0883],[73.6651,33.088],[73.6641,33.0873],[73.6582,33.0853],[73.6526,33.0852],[73.6494,33.0863],[73.6436,33.0884],[73.6367,33.0877],[73.6353,33.087],[73.6334,33.0869],[73.6328,33.0864],[73.6318,33.0866],[73.629,33.089],[73.6279,33.0899],[73.6254,33.1001],[73.6256,33.1119],[73.6294,33.1229],[73.6304,33.1275],[73.6305,33.1281],[73.6302,33.1299],[73.6288,33.1324],[73.6282,33.1324],[73.6277,33.1324],[73.6252,33.1346],[73.6261,33.14],[73.6282,33.1424],[73.6363,33.1418],[73.6376,33.1423],[73.6392,33.1439],[73.6394,33.1445],[73.6455,33.1586],[73.6464,33.162],[73.647,33.1626],[73.648,33.1637],[73.6536,33.1651],[73.6564,33.1693],[73.6558,33.1729],[73.6559,33.1781],[73.6592,33.1847],[73.6565,33.1947],[73.6582,33.2051],[73.6577,33.2081],[73.6571,33.2092],[73.6532,33.2134],[73.6492,33.214],[73.6453,33.2171],[73.6418,33.2264],[73.6409,33.2268],[73.6375,33.2265],[73.6364,33.226],[73.6352,33.2225],[73.6343,33.2166],[73.6314,33.2139],[73.6287,33.2157],[73.6262,33.2207],[73.6254,33.2231],[73.6273,33.2315],[73.6263,33.2349],[73.6261,33.2356],[73.6253,33.2369],[73.624,33.2372],[73.6226,33.2376],[73.6213,33.2385],[73.6151,33.2433],[73.6108,33.2498],[73.6095,33.2497],[73.6082,33.2497],[73.6073,33.2502],[73.6056,33.2517],[73.6053,33.2608],[73.6048,33.2623],[73.6041,33.2634],[73.6031,33.2648],[73.6008,33.2682],[73.5991,33.272],[73.5984,33.2786],[73.598,33.2827],[73.5992,33.2858],[73.6006,33.2891],[73.6026,33.2918],[73.6036,33.2933],[73.6041,33.2953],[73.6033,33.297],[73.5996,33.2991],[73.5942,33.3034],[73.5919,33.3042],[73.5898,33.3053],[73.5889,33.3076],[73.5883,33.31],[73.5874,33.3131],[73.5878,33.3175],[73.5872,33.3203],[73.5861,33.3229],[73.5855,33.3244],[73.5834,33.3246],[73.5821,33.3265],[73.583,33.3294],[73.5859,33.3299],[73.5879,33.3306],[73.5905,33.3324],[73.5914,33.3346],[73.5908,33.3369],[73.59,33.3387],[73.5881,33.3404],[73.5868,33.341],[73.5842,33.3405],[73.5801,33.3389],[73.5779,33.3363],[73.5763,33.3347],[73.5751,33.3342],[73.574,33.3346],[73.5729,33.3361],[73.5713,33.3374],[73.5695,33.3404],[73.5658,33.3425],[73.5656,33.3458],[73.5674,33.3519],[73.5692,33.3544],[73.5703,33.3548],[73.5714,33.3562],[73.5707,33.3583],[73.5688,33.3607],[73.5671,33.3607],[73.5655,33.3606],[73.5622,33.3626],[73.5585,33.3684],[73.5589,33.3737],[73.5605,33.3789],[73.5631,33.3853],[73.5628,33.3869],[73.5635,33.3914],[73.5641,33.3929],[73.5649,33.3943],[73.5663,33.3967],[73.5675,33.3983],[73.5689,33.3992],[73.5705,33.3994],[73.5721,33.4002],[73.5735,33.4014],[73.5738,33.4028],[73.5733,33.405],[73.5731,33.4068],[73.574,33.4083],[73.5755,33.4088],[73.5767,33.4097],[73.5785,33.4112],[73.58,33.4124],[73.5823,33.4147],[73.5834,33.4167],[73.5844,33.4188],[73.5858,33.4207],[73.5874,33.4217],[73.5895,33.4215],[73.5914,33.4222],[73.5916,33.4238],[73.5911,33.4256],[73.5908,33.4263],[73.5883,33.4266],[73.5863,33.4267],[73.5844,33.4268],[73.5833,33.428],[73.5827,33.4294],[73.5833,33.4317],[73.5843,33.4335],[73.5859,33.4343],[73.5877,33.4349],[73.5883,33.4358],[73.5876,33.4374],[73.5872,33.4394],[73.5871,33.4414],[73.5879,33.4435],[73.5897,33.4442],[73.5946,33.4444],[73.598,33.4445],[73.5997,33.4457],[73.6017,33.4466],[73.6045,33.4474],[73.607,33.4487],[73.6089,33.4506],[73.61,33.4509],[73.6108,33.4509],[73.611,33.4514],[73.6118,33.4523],[73.6181,33.452],[73.6183,33.4524],[73.6209,33.4544],[73.6222,33.4549],[73.6228,33.4554],[73.6249,33.4576],[73.6251,33.4585],[73.6253,33.4601],[73.6244,33.4657],[73.6224,33.4681],[73.6202,33.4683],[73.6189,33.4683],[73.6178,33.4687],[73.615,33.4721],[73.6143,33.4786],[73.6131,33.4802],[73.6101,33.4804],[73.6083,33.4783],[73.6073,33.4769],[73.606,33.4764],[73.6029,33.4768],[73.6016,33.4784],[73.6007,33.4858],[73.6005,33.4877],[73.5985,33.489],[73.5974,33.4892],[73.596,33.491],[73.596,33.4926],[73.5977,33.4974],[73.5966,33.5005],[73.597,33.5035],[73.5976,33.5049],[73.6002,33.505],[73.6023,33.5041],[73.604,33.5027],[73.6095,33.5009],[73.6093,33.505],[73.6056,33.5145],[73.6065,33.5188],[73.6073,33.52],[73.6095,33.52],[73.614,33.5208],[73.6151,33.5213],[73.6153,33.5218],[73.6164,33.522],[73.6172,33.5227],[73.6183,33.5239],[73.6201,33.5246],[73.6238,33.5285],[73.6251,33.5292],[73.6321,33.5293],[73.6329,33.5301],[73.6331,33.5335],[73.631,33.5379],[73.6259,33.5403],[73.625,33.5403],[73.6247,33.5407],[73.6245,33.5412],[73.6225,33.5416],[73.6215,33.5416],[73.619,33.544],[73.6187,33.5449],[73.6184,33.546],[73.6187,33.5524],[73.6216,33.5699],[73.6217,33.5706],[73.621,33.5742],[73.6196,33.5776],[73.6176,33.5796],[73.6165,33.58],[73.6154,33.5805],[73.6137,33.5829],[73.6135,33.5835],[73.6131,33.5842],[73.6115,33.5847],[73.6104,33.5849],[73.6079,33.5873],[73.6068,33.5875],[73.605,33.5883],[73.6009,33.5933],[73.6054,33.6049],[73.6049,33.6056],[73.6038,33.6076],[73.6016,33.608],[73.5962,33.6048],[73.5903,33.6044],[73.5895,33.6046],[73.5878,33.6055],[73.5829,33.6119],[73.5795,33.6148],[73.5783,33.6162],[73.5772,33.6164],[73.5734,33.6183],[73.5712,33.6183],[73.5699,33.6174],[73.5672,33.6166],[73.5645,33.6168],[73.5636,33.6174],[73.5614,33.6215],[73.5629,33.626],[73.5672,33.635],[73.5682,33.6366],[73.5691,33.6411],[73.5684,33.6484],[73.5619,33.6643],[73.5627,33.6738],[73.5632,33.6759],[73.5652,33.6791],[73.5658,33.6791],[73.5708,33.6822],[73.5746,33.6871],[73.5771,33.6889],[73.5832,33.6922],[73.5911,33.6989],[73.5919,33.7],[73.5976,33.7162],[73.5982,33.7231],[73.5975,33.7283],[73.594,33.7368],[73.5928,33.7483],[73.5931,33.749],[73.5913,33.7542],[73.5879,33.7584],[73.5795,33.7603],[73.5786,33.7612],[73.5772,33.7625],[73.5763,33.7628],[73.5748,33.7634],[73.5734,33.7644],[73.5712,33.7662],[73.5706,33.7662],[73.5664,33.769],[73.5648,33.7708],[73.5605,33.7769],[73.5584,33.7836],[73.5592,33.7919],[73.5613,33.8022],[73.5677,33.8237],[73.5705,33.8278],[73.5707,33.8284],[73.5709,33.83],[73.5705,33.8327],[73.5713,33.8363],[73.5724,33.8383],[73.5728,33.8397],[73.5725,33.8411],[73.5729,33.8458],[73.5741,33.8483],[73.5746,33.8492],[73.575,33.8498],[73.5788,33.8515],[73.5802,33.8576],[73.5825,33.8622],[73.5835,33.8622],[73.5857,33.8646],[73.5856,33.8694],[73.5861,33.8775],[73.5899,33.8843],[73.5862,33.8994],[73.579,33.9108],[73.5747,33.9123],[73.5699,33.9164],[73.5687,33.9171],[73.5665,33.9187],[73.5663,33.9194],[73.5654,33.9196],[73.5608,33.9231],[73.5577,33.9242],[73.5496,33.9315],[73.5436,33.9432],[73.537,33.9521],[73.5357,33.9563],[73.5282,33.9741],[73.5278,33.9759],[73.5221,33.9855],[73.5165,34.0005],[73.5149,34.0066],[73.5151,34.0133],[73.5157,34.0179],[73.515,34.0234],[73.5143,34.0265],[73.5096,34.0364],[73.5083,34.042],[73.5091,34.0515],[73.5083,34.0603],[73.5063,34.0643],[73.5065,34.0653],[73.5059,34.0691],[73.5056,34.0709],[73.504,34.0761],[73.5,34.0797],[73.4987,34.0807],[73.4981,34.0818],[73.4975,34.0844],[73.4971,34.0873],[73.4973,34.0882],[73.4964,34.0929],[73.4967,34.0992],[73.4987,34.1076],[73.4956,34.1162],[73.4928,34.1204],[73.4934,34.1253],[73.4953,34.134],[73.4941,34.1397],[73.4935,34.1408],[73.4921,34.1414],[73.4913,34.1416],[73.489,34.1448],[73.492,34.1558],[73.4922,34.1566],[73.4913,34.1661],[73.4888,34.1762],[73.489,34.1791],[73.4885,34.1861],[73.4882,34.1884],[73.4893,34.1934],[73.489,34.1952],[73.4892,34.2054],[73.4925,34.2138],[73.4931,34.2202],[73.4925,34.2229],[73.4895,34.2266],[73.4879,34.2272],[73.4872,34.2275],[73.4866,34.2281],[73.485,34.2288],[73.4844,34.229],[73.4779,34.2348],[73.4746,34.2455],[73.47,34.2518],[73.4704,34.2626],[73.4704,34.2645],[73.4768,34.2766],[73.4785,34.2807],[73.4793,34.2834],[73.4788,34.2886],[73.4786,34.2906],[73.4759,34.2953],[73.4748,34.296],[73.4727,34.2968],[73.471,34.2968],[73.4678,34.296],[73.4662,34.2937],[73.4641,34.2883],[73.4617,34.2821],[73.4581,34.2804],[73.4538,34.2783],[73.4539,34.2813],[73.4544,34.2881],[73.4547,34.2894],[73.4539,34.2963],[73.4536,34.2973],[73.4533,34.298],[73.4499,34.305],[73.4495,34.3056],[73.4481,34.3072],[73.447,34.3071],[73.4445,34.3093],[73.4428,34.3181],[73.4392,34.3275],[73.4381,34.3296],[73.437,34.3297],[73.4359,34.3299],[73.4339,34.332],[73.4331,34.3322],[73.4323,34.3324],[73.4242,34.3397],[73.4235,34.3414],[73.4237,34.3437],[73.4263,34.3494],[73.426,34.3501],[73.4262,34.3514],[73.4251,34.3535],[73.4231,34.3536],[73.4229,34.3532],[73.4186,34.3522],[73.4136,34.3546],[73.4084,34.3547],[73.405,34.3573],[73.4015,34.3584],[73.4003,34.3595],[73.3983,34.3662],[73.3973,34.3694],[73.3908,34.3747],[73.3913,34.3772],[73.3919,34.3781],[73.3939,34.381],[73.3944,34.3815],[73.3963,34.3822],[73.4004,34.3828],[73.4036,34.3847],[73.4047,34.3847],[73.4058,34.3847],[73.4087,34.3861],[73.4093,34.3868],[73.4107,34.3909],[73.4118,34.4],[73.4202,34.4178],[73.4204,34.4209],[73.4227,34.4316],[73.4246,34.4377],[73.4254,34.4423],[73.4237,34.4528],[73.4234,34.4599],[73.4225,34.4635],[73.4222,34.4707],[73.4253,34.4771],[73.4261,34.4773],[73.4267,34.4773],[73.4272,34.478],[73.4344,34.4911],[73.4375,34.5045],[73.4365,34.5084],[73.4354,34.5116],[73.4305,34.519],[73.4299,34.5214],[73.4308,34.526],[73.4349,34.5324],[73.4361,34.5324],[73.4413,34.5384],[73.4429,34.5653],[73.4478,34.5742],[73.4494,34.5745],[73.451,34.5764],[73.4546,34.5774],[73.4561,34.5778],[73.4566,34.5783],[73.4605,34.5784],[73.4628,34.5777],[73.4693,34.574],[73.4758,34.5742],[73.4779,34.5748],[73.4832,34.5754],[73.487,34.5769],[73.488,34.5776],[73.4911,34.5781],[73.4926,34.579],[73.4972,34.5805],[73.5007,34.5806],[73.5016,34.5799],[73.5038,34.5793],[73.5093,34.5767],[73.5099,34.576],[73.5107,34.576],[73.511,34.5756],[73.5175,34.575],[73.5184,34.5746],[73.523,34.5747],[73.5268,34.5759],[73.5282,34.5759],[73.5287,34.5764],[73.5292,34.5769],[73.5341,34.5772],[73.5347,34.5777],[73.5355,34.5777],[73.5376,34.5807],[73.5395,34.5811],[73.5399,34.5814],[73.5413,34.5818],[73.5447,34.5858],[73.5453,34.5858],[73.5469,34.5876],[73.5474,34.5881],[73.548,34.5881],[73.5535,34.5932],[73.5574,34.5934],[73.5585,34.5928],[73.5596,34.5922],[73.5631,34.5918],[73.5634,34.5913],[73.5684,34.5896],[73.571,34.5894],[73.578,34.5887],[73.5793,34.5883],[73.5802,34.5878],[73.5864,34.588],[73.5883,34.5882],[73.5929,34.5899],[73.5976,34.59],[73.5989,34.5896],[73.6025,34.5892],[73.608,34.5866],[73.6159,34.5868],[73.6184,34.5861],[73.6189,34.5859],[73.6207,34.5835],[73.6286,34.5746],[73.6308,34.5728],[73.6319,34.5728],[73.6382,34.5671],[73.6395,34.5662],[73.6404,34.5661],[73.6441,34.5663],[73.649,34.5675],[73.6509,34.5683],[73.6577,34.5781],[73.6609,34.589],[73.6602,34.5933],[73.6575,34.5991],[73.6587,34.6066],[73.6592,34.6082],[73.6602,34.6104],[73.6648,34.6154],[73.674,34.6252],[73.6816,34.6347],[73.6883,34.6421],[73.6889,34.6421],[73.6903,34.6436],[73.6946,34.6502],[73.6953,34.6513],[73.6962,34.6541],[73.6942,34.6576],[73.6903,34.659],[73.6887,34.6591],[73.6881,34.6595],[73.6832,34.6601],[73.6824,34.6606],[73.6766,34.6629],[73.6757,34.6636],[73.6716,34.6642],[73.6669,34.6661],[73.6644,34.669],[73.6635,34.671],[73.6638,34.6718],[73.6675,34.6847],[73.6703,34.6897],[73.6757,34.69],[73.6781,34.6919],[73.6813,34.6956],[73.6831,34.6995],[73.6863,34.7096],[73.688,34.7125],[73.6916,34.7167],[73.6933,34.7174],[73.694,34.7176],[73.6945,34.7183],[73.7016,34.7205],[73.7066,34.7254],[73.707,34.726],[73.7078,34.7283],[73.709,34.7295],[73.7118,34.7358],[73.712,34.737],[73.7156,34.7423],[73.7204,34.7513],[73.7234,34.758],[73.7265,34.7626],[73.7314,34.7715],[73.732,34.7715],[73.7336,34.7726],[73.7379,34.7739],[73.7426,34.7791],[73.7433,34.7794],[73.7454,34.7816],[73.7501,34.7872],[73.7542,34.789],[73.7574,34.7905],[73.762,34.7908],[73.7647,34.7924],[73.7652,34.7931],[73.7692,34.7943],[73.7703,34.7952],[73.7738,34.7969],[73.7774,34.7969],[73.7832,34.7946],[73.7851,34.7944],[73.7859,34.7939],[73.7927,34.7945],[73.7957,34.7955],[73.7995,34.7976],[73.8022,34.7977],[73.8042,34.7972],[73.8099,34.796],[73.811,34.7953],[73.8211,34.796],[73.8228,34.7967],[73.823,34.7971],[73.8233,34.7976],[73.8249,34.7981],[73.8265,34.7986],[73.8305,34.8025],[73.8324,34.8034],[73.8335,34.8037],[73.8438,34.8158],[73.8497,34.8177],[73.8517,34.8176],[73.8541,34.8173],[73.8544,34.8169],[73.8558,34.8165],[73.8564,34.8156],[73.8583,34.8138],[73.8589,34.8138],[73.8597,34.8136],[73.8603,34.813],[73.8617,34.8121],[73.8674,34.8115],[73.873,34.8163],[73.8733,34.817],[73.8754,34.8184],[73.8806,34.8187],[73.8836,34.8179],[73.8847,34.8172],[73.8877,34.8173],[73.8913,34.8183],[73.8918,34.8189],[73.8929,34.8201],[73.8958,34.8206],[73.8974,34.8218],[73.9012,34.8218],[73.9024,34.8216],[73.9088,34.8163],[73.9132,34.8148],[73.9135,34.8144],[73.9182,34.8145],[73.9227,34.8166],[73.9233,34.8173],[73.9243,34.8175],[73.9278,34.8207],[73.9296,34.8253],[73.9357,34.8335],[73.9389,34.8349],[73.9495,34.8351],[73.955,34.8354],[73.9566,34.8361],[73.9614,34.8408],[73.9625,34.841],[73.9633,34.841],[73.9644,34.8417],[73.9662,34.8447],[73.9726,34.8632],[73.9728,34.8637],[73.9744,34.8653],[73.9766,34.8658],[73.9841,34.866],[73.9856,34.8658],[73.991,34.8675],[73.9943,34.8671],[73.9994,34.8687],[73.9997,34.8694],[74.0002,34.8694],[74.0029,34.8715],[74.0105,34.873],[74.0134,34.8742],[74.017,34.8758],[74.0184,34.8761],[74.0241,34.8759],[74.0258,34.8755],[74.0296,34.877],[74.0304,34.8776],[74.0321,34.8833],[74.0387,34.8929],[74.0395,34.8929],[74.0401,34.8929],[74.0422,34.8945],[74.0419,34.8963],[74.0381,34.9033],[74.0397,34.915],[74.0439,34.9219],[74.0453,34.9219],[74.0485,34.9239],[74.0518,34.924],[74.0553,34.9252],[74.059,34.9289],[74.0647,34.9296],[74.0658,34.9301],[74.0706,34.9347],[74.0725,34.9366],[74.074,34.94],[74.0743,34.9411],[74.0728,34.9463],[74.0676,34.9545],[74.0643,34.9649],[74.0636,34.9693],[74.0638,34.9711],[74.0643,34.9744],[74.0665,34.9831],[74.0655,34.9888],[74.065,34.9895],[74.0634,34.9894],[74.0603,34.9916],[74.0605,34.9936],[74.0611,34.9941],[74.0624,34.9958],[74.0648,34.998],[74.0653,34.9987],[74.0705,34.999],[74.0716,34.9985],[74.0743,34.9986],[74.0768,34.9989],[74.0776,34.9993],[74.0816,35.0042],[74.0909,35.0062],[74.0922,35.0075],[74.0943,35.01],[74.0948,35.0109],[74.1032,35.0147],[74.104,35.0147],[74.1056,35.0165],[74.1082,35.0195],[74.1084,35.0222],[74.1081,35.0229],[74.1064,35.0246],[74.1037,35.0255],[74.0977,35.0342],[74.093,35.0357],[74.0927,35.0361],[74.0914,35.0365],[74.0911,35.037],[74.09,35.0372],[74.0894,35.0379],[74.0852,35.0401],[74.08,35.0407],[74.0792,35.0413],[74.0775,35.0419],[74.0764,35.0422],[74.0758,35.0428],[74.0736,35.0444],[74.0725,35.0446],[74.0711,35.045],[74.0664,35.0485],[74.0677,35.0504],[74.0723,35.0584],[74.0726,35.0597],[74.0742,35.0631],[74.0779,35.0668],[74.0793,35.0681],[74.0841,35.0791],[74.09,35.0877],[74.0921,35.0906],[74.0925,35.0952],[74.0933,35.0965],[74.0944,35.0968],[74.0952,35.0975],[74.1017,35.0996],[74.1035,35.1001],[74.1115,35.1018],[74.1117,35.1023],[74.1128,35.1027],[74.1145,35.1037],[74.1158,35.1047],[74.1189,35.105],[74.1227,35.1051],[74.127,35.1052],[74.13,35.1056],[74.1322,35.1066],[74.1344,35.108],[74.1347,35.1099],[74.1342,35.1126],[74.1319,35.1155],[74.129,35.1183],[74.1263,35.1207],[74.1228,35.1224],[74.1188,35.1238],[74.1168,35.1248],[74.1149,35.1263],[74.1131,35.1278],[74.1117,35.1293],[74.1107,35.1302],[74.1098,35.1322],[74.1108,35.1363],[74.1131,35.1403],[74.1142,35.1411],[74.1153,35.1433],[74.1169,35.1464],[74.117,35.1489],[74.1161,35.1504],[74.1142,35.1519],[74.1116,35.1523],[74.11,35.1522],[74.1083,35.1512],[74.1069,35.1497],[74.1053,35.1482],[74.104,35.1472],[74.102,35.1458],[74.0957,35.146],[74.0946,35.1471],[74.0932,35.1482],[74.0924,35.1484],[74.091,35.1498],[74.0907,35.1505],[74.0902,35.1505],[74.0883,35.1518],[74.0876,35.1524],[74.0804,35.1547],[74.0738,35.1544],[74.0706,35.1536],[74.0703,35.1532],[74.069,35.1523],[74.0682,35.1523],[74.0673,35.1522],[74.0671,35.1518],[74.0643,35.1506],[74.0632,35.1506],[74.0627,35.1501],[74.0553,35.1498],[74.051,35.1477],[74.0472,35.1474],[74.045,35.1464],[74.0391,35.1475],[74.0374,35.1483],[74.0362,35.149],[74.0325,35.15],[74.0323,35.1505],[74.032,35.1509],[74.0312,35.1512],[74.0219,35.1584],[74.0208,35.1598],[74.0197,35.1604],[74.0152,35.1626],[74.0136,35.1634],[74.0127,35.1634],[74.0091,35.1661],[74.0057,35.1705],[74.0046,35.1749],[74.0048,35.1762],[74.0032,35.1811],[73.9998,35.1844],[73.9921,35.1847],[73.9883,35.1828],[73.9823,35.1823],[73.9807,35.1818],[73.9788,35.1797],[73.9777,35.1793],[73.9706,35.1778],[73.9698,35.1769],[73.9688,35.1757],[73.9655,35.1748],[73.965,35.1743],[73.9636,35.174],[73.96,35.1742],[73.9592,35.1744],[73.9558,35.1773],[73.9501,35.1864],[73.9448,35.1917],[73.939,35.1968],[73.9332,35.2028],[73.9324,35.2029],[73.9306,35.2046],[73.9262,35.2063],[73.9256,35.2069],[73.9193,35.2111],[73.9173,35.2122],[73.9112,35.2126],[73.9104,35.2123],[73.9079,35.2131],[73.9008,35.2126],[73.8964,35.2134],[73.8882,35.2132],[73.8814,35.2104],[73.8706,35.2109],[73.8671,35.2106],[73.8652,35.2108],[73.8593,35.2143],[73.8585,35.2154],[73.8579,35.2156],[73.8539,35.2207],[73.8474,35.2287],[73.8474,35.2292],[73.8468,35.2296],[73.8424,35.2304],[73.8406,35.2316],[73.8316,35.2352],[73.8308,35.2352],[73.8296,35.236],[73.8288,35.236],[73.828,35.236],[73.8271,35.2367],[73.8249,35.2377],[73.8227,35.2379],[73.8196,35.2397],[73.8155,35.2403],[73.8152,35.2407],[73.8149,35.2412],[73.8119,35.242],[73.8116,35.2425],[73.7983,35.2451],[73.7969,35.2451],[73.7964,35.2455],[73.7891,35.2452],[73.7883,35.2451],[73.7874,35.2447],[73.7775,35.2439],[73.777,35.2427],[73.7765,35.242],[73.7729,35.2411],[73.762,35.2314],[73.7614,35.2314],[73.7604,35.2302],[73.7588,35.2295],[73.7582,35.2295],[73.7569,35.2283],[73.7561,35.2274],[73.7528,35.2263],[73.7523,35.2256],[73.7515,35.2249],[73.7477,35.2239],[73.7447,35.2218],[73.7409,35.2218],[73.7379,35.2215],[73.7369,35.2208],[73.7355,35.2194],[73.7325,35.2184],[73.732,35.2178],[73.7317,35.2173],[73.73,35.2173],[73.7292,35.2181],[73.7275,35.2188],[73.7265,35.219],[73.7239,35.2216],[73.7225,35.2221],[73.722,35.222],[73.7211,35.2232],[73.7205,35.224],[73.7164,35.226],[73.7152,35.2284],[73.7158,35.2339],[73.7183,35.2414],[73.7193,35.2526],[73.7219,35.2599],[73.7221,35.2619],[73.7226,35.2626],[73.7271,35.2783],[73.7264,35.2814],[73.7253,35.2832],[73.7203,35.2886],[73.7185,35.2902],[73.717,35.2925],[73.7108,35.3054],[73.7094,35.3084],[73.7074,35.3123],[73.6999,35.3232],[73.6996,35.3267],[73.7004,35.3362],[73.7,35.3543],[73.7004,35.3584],[73.7007,35.3591],[73.7096,35.3826],[73.7116,35.3872],[73.7141,35.3911],[73.7158,35.3931],[73.7193,35.3977],[73.7198,35.3978],[73.7249,35.4041],[73.7253,35.4059],[73.7281,35.4113],[73.7348,35.4223],[73.7357,35.4238],[73.7389,35.4279],[73.7397,35.4282],[73.7414,35.4303],[73.7424,35.4303],[73.7451,35.4333],[73.7457,35.4333],[73.747,35.434],[73.7547,35.442],[73.7561,35.4423],[73.7569,35.4423],[73.7572,35.4428],[73.7585,35.443],[73.7588,35.4435],[73.7618,35.4449],[73.7627,35.4449],[73.7632,35.4456],[73.7647,35.4459],[73.7691,35.4482],[73.773,35.4485],[73.7737,35.4492],[73.7746,35.4492],[73.7833,35.4532],[73.7849,35.4532],[73.7852,35.4537],[73.7854,35.4541],[73.7914,35.4565],[73.7951,35.4602],[73.7956,35.462],[73.7946,35.4698],[73.7913,35.477],[73.7914,35.4777],[73.7916,35.4785],[73.7909,35.4821],[73.7911,35.483],[73.7873,35.4984],[73.7871,35.4992],[73.7873,35.5003],[73.7865,35.5079],[73.7877,35.5156],[73.786,35.5243],[73.7849,35.5257],[73.781,35.5265],[73.7783,35.5265],[73.7761,35.5262],[73.7736,35.5275],[73.7719,35.5275],[73.7708,35.5279],[73.7636,35.5282],[73.7611,35.5295],[73.76,35.5296],[73.7589,35.5297],[73.7556,35.5303],[73.7539,35.5312],[73.7528,35.5318],[73.7503,35.5322],[73.7487,35.5324],[73.7481,35.5329],[73.7462,35.5337],[73.7417,35.5341],[73.7415,35.5345],[73.7359,35.5367],[73.7351,35.5366],[73.7311,35.5406],[73.7304,35.5456],[73.7277,35.5498],[73.7261,35.5516],[73.7208,35.5535],[73.7137,35.5527],[73.7085,35.5508],[73.6978,35.5496],[73.6769,35.5507],[73.6727,35.5512],[73.6702,35.5525],[73.6694,35.5525],[73.6691,35.5529],[73.6688,35.5534],[73.663,35.5553],[73.6615,35.5568],[73.6563,35.5583],[73.6526,35.5618],[73.6512,35.5623],[73.6484,35.5647],[73.6478,35.5647],[73.6436,35.5675],[73.6433,35.5682],[73.6427,35.5691],[73.6416,35.5693],[73.6405,35.5695],[73.6399,35.5701],[73.6394,35.5708],[73.6385,35.571],[73.6355,35.5718],[73.6297,35.5713],[73.6289,35.5719],[73.628,35.5719],[73.6248,35.571],[73.6248,35.5705],[73.6195,35.565],[73.6189,35.565],[73.6165,35.5638],[73.6156,35.5631],[73.6135,35.5629],[73.6121,35.5628],[73.6115,35.5624],[73.6088,35.5614],[73.6077,35.5614],[73.6066,35.5609],[73.5954,35.5598],[73.5931,35.5591],[73.5876,35.5583],[73.581,35.5566],[73.5791,35.5566],[73.5711,35.5548],[73.5648,35.5548],[73.5579,35.5557],[73.5533,35.5589],[73.5502,35.563],[73.5496,35.5629],[73.5491,35.5634],[73.5457,35.5658],[73.5427,35.5664],[73.5413,35.5675],[73.5401,35.5684],[73.5351,35.5698],[73.5344,35.5704],[73.5321,35.5711],[73.5243,35.571],[73.5238,35.5705],[73.5224,35.5703],[73.518,35.5676],[73.5175,35.5669],[73.5154,35.566],[73.5067,35.5654],[73.5022,35.5665],[73.498,35.5697],[73.4952,35.5706],[73.4942,35.5715],[73.4921,35.5735],[73.4912,35.5735],[73.4893,35.5741],[73.4856,35.5767],[73.4818,35.5773],[73.4775,35.5768],[73.4762,35.5763],[73.4692,35.5752],[73.4684,35.5748],[73.4632,35.5735],[73.4624,35.5731],[73.4572,35.5726],[73.4544,35.5719],[73.4486,35.5713],[73.4392,35.5712],[73.425,35.5698],[73.422,35.5697],[73.4158,35.5674],[73.4147,35.5673],[73.412,35.5657],[73.4109,35.5641],[73.4098,35.5643],[73.4068,35.564],[73.4049,35.5647],[73.4029,35.5662],[73.3903,35.582],[73.3875,35.5854],[73.3846,35.588],[73.3791,35.5941],[73.3788,35.5949],[73.3783,35.5949],[73.3697,35.6042],[73.3691,35.6042],[73.3686,35.6042],[73.368,35.6048],[73.3674,35.6055],[73.3602,35.6067],[73.3561,35.6084],[73.3492,35.6091],[73.3433,35.611],[73.3353,35.6113],[73.3329,35.6114],[73.3293,35.6123],[73.3278,35.613],[73.3253,35.6131],[73.3189,35.6146],[73.3173,35.6155],[73.314,35.6156],[73.3117,35.6169],[73.3101,35.6171],[73.3059,35.6181],[73.3042,35.619],[73.3031,35.6196],[73.3023,35.6196],[73.3,35.62],[73.2989,35.6209],[73.2981,35.6209],[73.2919,35.6239],[73.287,35.6247],[73.2864,35.6251],[73.2853,35.6258],[73.2828,35.6259],[73.2811,35.627],[73.2805,35.6277],[73.2772,35.6278],[73.2738,35.6296],[73.2727,35.6298],[73.2631,35.6368],[73.2594,35.6409],[73.256,35.6422],[73.2546,35.6436],[73.2507,35.6468],[73.249,35.6477],[73.2484,35.6481],[73.2451,35.6501],[73.2443,35.651],[73.2431,35.6514],[73.2429,35.652],[73.2419,35.6523],[73.2411,35.6534],[73.2311,35.6615],[73.2306,35.6619],[73.2291,35.6637],[73.2232,35.6693],[73.2223,35.6701],[73.2204,35.6707],[73.2155,35.6751],[73.2136,35.6759],[73.2125,35.6759],[73.208,35.6769],[73.2073,35.6771],[73.2055,35.6782],[73.2034,35.6788],[73.2028,35.6795],[73.2006,35.6804],[73.1968,35.6825],[73.1962,35.683],[73.1959,35.6834],[73.1878,35.6864],[73.1864,35.6872],[73.179,35.6938],[73.174,35.6962],[73.1718,35.697],[73.171,35.6976],[73.1652,35.7021],[73.1633,35.7025],[73.1585,35.7066],[73.1559,35.7084],[73.1542,35.7095],[73.1523,35.7101],[73.1503,35.7107],[73.1447,35.7151],[73.1435,35.7155],[73.1393,35.7186],[73.1379,35.719],[73.1363,35.7192],[73.135,35.7234],[73.1352,35.7243],[73.1344,35.7254],[73.1338,35.7261],[73.134,35.7351],[73.1328,35.7385],[73.1343,35.7478],[73.1372,35.7678],[73.1362,35.7754],[73.1365,35.7759],[73.1356,35.7794],[73.135,35.7855],[73.1355,35.7873],[73.1357,35.7938],[73.138,35.8011],[73.1448,35.8109],[73.1457,35.8193],[73.1466,35.8294],[73.1481,35.8332],[73.1492,35.8332],[73.153,35.8368],[73.1539,35.837],[73.1544,35.8377],[73.1542,35.8417],[73.153,35.8426],[73.1514,35.8428],[73.1463,35.844],[73.1436,35.8453],[73.1401,35.8466],[73.1382,35.8478],[73.1338,35.8493],[73.1306,35.8519],[73.1292,35.8523],[73.1277,35.853],[73.1262,35.8544],[73.1232,35.8569],[73.1227,35.8574],[73.1221,35.8574],[73.1196,35.8587],[73.1084,35.8687],[73.1004,35.8782],[73.0926,35.8812],[73.0909,35.8827],[73.0892,35.8834],[73.0856,35.8833],[73.0848,35.8839],[73.0823,35.885],[73.0814,35.885],[73.0803,35.8849],[73.0792,35.8863],[73.0778,35.8862],[73.0759,35.8853],[73.0741,35.8831],[73.0728,35.8827],[73.068,35.8746],[73.0672,35.8743],[73.0666,35.8743],[73.0661,35.8737],[73.0656,35.8728],[73.0642,35.8721],[73.0637,35.8716],[73.0635,35.8709],[73.0624,35.8698],[73.0601,35.8676],[73.056,35.8637],[73.0554,35.8637],[73.0549,35.863],[73.0527,35.8621],[73.0525,35.8616],[73.0498,35.8604],[73.0487,35.8602],[73.0484,35.8597],[73.0481,35.8593],[73.0389,35.8555],[73.0381,35.8548],[73.0287,35.8541],[73.0265,35.8545],[73.0255,35.8546],[73.0246,35.8544],[73.0172,35.855],[73.0166,35.8554],[73.0141,35.8553],[73.0102,35.8573],[73.0093,35.8581],[73.0068,35.8588],[73.0059,35.8599],[73.0059,35.8608],[73.0047,35.8637],[73.0011,35.8634],[72.9997,35.8635],[72.9983,35.8633],[72.9975,35.863],[72.997,35.8626],[72.9956,35.8628],[72.9945,35.8618],[72.9879,35.8612],[72.9882,35.8608],[72.9877,35.8603],[72.9872,35.8596],[72.9863,35.8603],[72.9853,35.8594],[72.9815,35.8579],[72.9812,35.8575],[72.9749,35.8562],[72.9722,35.8539],[72.9657,35.8515],[72.9641,35.8512],[72.9632,35.8505],[72.9624,35.8505],[72.9605,35.8494],[72.9603,35.8489],[72.9589,35.8486],[72.9578,35.8477],[72.9512,35.8471],[72.9504,35.8473],[72.9466,35.8459],[72.9391,35.8461],[72.9294,35.8455],[72.9279,35.846],[72.9259,35.8461],[72.9206,35.8472],[72.9195,35.8472],[72.9162,35.8476],[72.9157,35.848],[72.914,35.8478],[72.9129,35.848],[72.9101,35.8488],[72.9092,35.8499],[72.9081,35.8501],[72.9055,35.8528],[72.9047,35.8536],[72.9044,35.8541],[72.904,35.8552],[72.9049,35.8648],[72.9027,35.8788],[72.9025,35.8797],[72.9016,35.8817],[72.9,35.8819],[72.898,35.8823],[72.8975,35.8827],[72.8961,35.8827],[72.8902,35.881],[72.889,35.8807],[72.8851,35.8802],[72.8746,35.8794],[72.8702,35.8789],[72.8694,35.8784],[72.8684,35.8779],[72.8576,35.8777],[72.8515,35.8785],[72.8476,35.8801],[72.8465,35.8801],[72.8457,35.8801],[72.8451,35.8808],[72.8429,35.8823],[72.8418,35.8823],[72.8392,35.8831],[72.8389,35.8835],[72.835,35.8866],[72.8316,35.8874],[72.8302,35.8874],[72.8292,35.8856],[72.8286,35.8797],[72.8253,35.8748],[72.8247,35.8748],[72.8244,35.8744],[72.8228,35.873],[72.8155,35.8701],[72.8141,35.8701],[72.8124,35.8701],[72.8116,35.8696],[72.8094,35.8689],[72.8034,35.8687],[72.799,35.8675],[72.7983,35.8655],[72.798,35.8648],[72.7993,35.8614],[72.7981,35.8558],[72.7957,35.8533],[72.7946,35.853],[72.7944,35.8525],[72.7922,35.8516],[72.7837,35.8498],[72.781,35.8473],[72.7805,35.8473],[72.7799,35.8472],[72.7773,35.844],[72.7765,35.844],[72.7759,35.8435],[72.7754,35.8438],[72.7715,35.8437],[72.771,35.8441],[72.7704,35.8445],[72.7668,35.8451],[72.7662,35.8458],[72.7653,35.8464],[72.7631,35.8484],[72.7625,35.8484],[72.7616,35.8492],[72.7602,35.8497],[72.7585,35.8503],[72.7554,35.8532],[72.7543,35.8531],[72.7498,35.8564],[72.7459,35.8569],[72.7425,35.8587],[72.7375,35.8588],[72.7329,35.8573],[72.7302,35.857],[72.7288,35.8561],[72.7234,35.8539],[72.719,35.8501],[72.7155,35.8471],[72.715,35.8467],[72.7133,35.8459],[72.711,35.8448],[72.7076,35.8414],[72.7071,35.8414],[72.706,35.8404],[72.7036,35.8381],[72.7024,35.8374],[72.7008,35.8365],[72.6966,35.8351],[72.6958,35.8341],[72.6947,35.8332],[72.6911,35.8329],[72.6892,35.8335],[72.6878,35.8339],[72.6867,35.8339],[72.6861,35.8346],[72.6858,35.835],[72.6833,35.8356],[72.6778,35.8407],[72.674,35.8419],[72.6712,35.8442],[72.6695,35.8448],[72.6663,35.8464],[72.6657,35.8471],[72.6632,35.8475],[72.6604,35.8492],[72.6523,35.8586],[72.6456,35.8663],[72.6396,35.8671],[72.6385,35.8664],[72.6379,35.8659],[72.6341,35.8656],[72.6312,35.8676],[72.6304,35.8684],[72.629,35.8689],[72.6287,35.8693],[72.6268,35.8695],[72.62,35.8713],[72.6033,35.8704],[72.6016,35.8711],[72.5988,35.8734],[72.5982,35.8733],[72.595,35.8756],[72.5933,35.8774],[72.5929,35.8779],[72.5909,35.8809],[72.5867,35.8854],[72.5795,35.8946],[72.5701,35.9058],[72.5695,35.9073],[72.5689,35.9075],[72.562,35.9087],[72.5617,35.9091],[72.5537,35.909],[72.5523,35.9098],[72.5505,35.9125],[72.5491,35.9129],[72.5441,35.913],[72.5435,35.9134],[72.5424,35.914],[72.5413,35.914],[72.5383,35.9146],[72.5377,35.915],[72.5337,35.9174],[72.5331,35.9201],[72.5312,35.9245],[72.53,35.9265],[72.5305,35.9279],[72.5306,35.9322],[72.53,35.9335],[72.5295,35.9409],[72.5311,35.9529],[72.5317,35.9538],[72.5335,35.9563],[72.5341,35.9563],[72.5386,35.9605],[72.5456,35.9608],[72.5478,35.9625],[72.5484,35.9625],[72.5489,35.9635],[72.5486,35.9652],[72.5493,35.9693],[72.5546,35.9795],[72.5553,35.9829],[72.5536,35.9901],[72.5559,35.9962],[72.5561,35.9967],[72.5591,35.9968],[72.5608,35.9961],[72.5611,35.9957],[72.5634,35.9946],[72.5667,35.9945],[72.5678,35.9945],[72.5686,35.9954],[72.5691,35.9959],[72.5732,35.9964],[72.5737,35.9968],[72.5753,36.0001],[72.5779,36.004],[72.5785,36.004],[72.5822,36.0081],[72.5822,36.0101],[72.5814,36.0128],[72.5836,36.0197],[72.5841,36.0199],[72.585,36.0208],[72.5877,36.0217],[72.5879,36.0222],[72.5887,36.0222],[72.5898,36.0232],[72.5904,36.0238],[72.5939,36.0248],[72.5958,36.0264],[72.596,36.0273],[72.5947,36.0348],[72.5949,36.0352],[72.5933,36.0405],[72.5898,36.0468],[72.5883,36.0476],[72.5862,36.0504],[72.5851,36.0509],[72.5801,36.0517],[72.5793,36.0514],[72.5781,36.0525],[72.5756,36.0531],[72.5748,36.0531],[72.5742,36.0524],[72.5719,36.0525],[72.5681,36.0554],[72.5653,36.0558],[72.5599,36.0555],[72.5575,36.0558],[72.5565,36.0555],[72.5537,36.0557],[72.55,36.0567],[72.5471,36.0596],[72.5451,36.0636],[72.5436,36.0653],[72.5381,36.0656],[72.5349,36.068],[72.5317,36.0724],[72.5311,36.0747],[72.5315,36.0769],[72.5354,36.0889],[72.5341,36.094],[72.5344,36.0956],[72.5338,36.1033],[72.534,36.1054],[72.5344,36.108],[72.5361,36.1132],[72.5366,36.1145],[72.5448,36.1226],[72.5468,36.1267],[72.5481,36.1308],[72.5525,36.1367],[72.5572,36.1373],[72.5596,36.1401],[72.561,36.1403],[72.5618,36.1403],[72.5631,36.1415],[72.5642,36.1424],[72.5647,36.1424],[72.5655,36.1429],[72.5661,36.1429],[72.5717,36.1476],[72.5738,36.151],[72.5711,36.1552],[72.57,36.1556],[72.5682,36.1585],[72.5659,36.1651],[72.5641,36.1698],[72.5627,36.1722],[72.5622,36.1727],[72.5587,36.1757],[72.5561,36.1766],[72.5553,36.1765],[72.5539,36.1774],[72.5515,36.1812],[72.5535,36.1853],[72.558,36.1917],[72.5603,36.1966],[72.5608,36.1987],[72.5588,36.2054],[72.5605,36.2124],[72.5636,36.2165],[72.5718,36.2185],[72.5775,36.2229],[72.578,36.2229],[72.5854,36.2305],[72.5862,36.2339],[72.5872,36.2415],[72.5869,36.242],[72.5885,36.2512],[72.5952,36.2622],[72.5971,36.2642],[72.6015,36.266],[72.6038,36.2674],[72.6049,36.2675],[72.6112,36.2704],[72.6121,36.2705],[72.6132,36.2705],[72.6134,36.271],[72.6148,36.2717],[72.6175,36.2718],[72.6191,36.2727],[72.6194,36.2731],[72.6202,36.2731],[72.6243,36.2744],[72.6268,36.2754],[72.6348,36.2767],[72.6367,36.2765],[72.6398,36.2755],[72.6415,36.274],[72.6427,36.2736],[72.6451,36.272],[72.647,36.2709],[72.657,36.268],[72.6582,36.2671],[72.6616,36.2652],[72.6629,36.2648],[72.6635,36.2642],[72.6644,36.264],[72.67,36.264],[72.6706,36.2642],[72.6726,36.2644],[72.6743,36.2637],[72.6799,36.2637],[72.6813,36.2628],[72.6819,36.2628],[72.6852,36.2553],[72.686,36.2551],[72.6886,36.2529],[72.6892,36.2518],[72.6906,36.2512],[72.6909,36.2505],[72.6918,36.2498],[72.694,36.2501],[72.6958,36.2531],[72.6961,36.2542],[72.6953,36.2593],[72.6941,36.2618],[72.6932,36.2628],[72.6895,36.2668],[72.6886,36.2686],[72.6891,36.2705],[72.6924,36.2757],[72.693,36.2757],[72.6935,36.2764],[72.6948,36.2766],[72.6979,36.2774],[72.6982,36.2778],[72.7016,36.279],[72.7029,36.28],[72.7132,36.2811],[72.7141,36.2816],[72.7149,36.282],[72.7177,36.2817],[72.7198,36.2824],[72.7201,36.2829],[72.7228,36.284],[72.7236,36.2841],[72.7303,36.2903],[72.7311,36.2905],[72.7356,36.2962],[72.7367,36.2963],[72.7407,36.2995],[72.7462,36.3012],[72.7505,36.3051],[72.7516,36.3052],[72.7532,36.3062],[72.7606,36.3083],[72.7678,36.309],[72.7786,36.3099],[72.783,36.3151],[72.7832,36.3159],[72.784,36.3161],[72.7871,36.3191],[72.7879,36.3191],[72.7909,36.3205],[72.792,36.3212],[72.7989,36.3296],[72.7991,36.3304],[72.801,36.331],[72.8019,36.331],[72.8067,36.333],[72.807,36.3335],[72.8084,36.3337],[72.8086,36.3342],[72.8091,36.3349],[72.8127,36.3361],[72.8148,36.3381],[72.8157,36.3384],[72.8226,36.3536],[72.8297,36.3611],[72.8335,36.3633],[72.8346,36.3635],[72.837,36.3661],[72.84,36.3668],[72.8403,36.3672],[72.8405,36.3677],[72.8452,36.3698],[72.846,36.3698],[72.8465,36.3705],[72.8482,36.3706],[72.8498,36.3717],[72.8509,36.3727],[72.8523,36.3729],[72.8653,36.373],[72.8664,36.3735],[72.8674,36.3748],[72.87,36.3792],[72.8706,36.3792],[72.8749,36.3826],[72.8765,36.3829],[72.8789,36.3852],[72.8814,36.386],[72.8827,36.3873],[72.8833,36.3873],[72.8868,36.391],[72.8901,36.3978],[72.8867,36.4123],[72.8867,36.4148],[72.8902,36.4247],[72.8889,36.4288],[72.888,36.4299],[72.8841,36.4311],[72.8801,36.4341],[72.8775,36.4381],[72.8777,36.4399],[72.8795,36.4433],[72.882,36.4432],[72.8825,36.4439],[72.8839,36.4439],[72.888,36.4453],[72.8891,36.446],[72.8924,36.4461],[72.8929,36.4468],[72.8937,36.4477],[72.9001,36.4485],[72.9025,36.4495],[72.9066,36.4525],[72.9112,36.4542],[72.9115,36.4546],[72.9137,36.4556],[72.9186,36.4607],[72.9194,36.4608],[72.9198,36.4611],[72.9212,36.4625],[72.9223,36.463],[72.9287,36.4624],[72.9321,36.4587],[72.9327,36.4585],[72.939,36.458],[72.9435,36.4585],[72.9456,36.4595],[72.9489,36.4625],[72.9519,36.4634],[72.9522,36.4639],[72.9533,36.4648],[72.9543,36.4648],[72.956,36.4651],[72.959,36.4672],[72.9628,36.4675],[72.9665,36.4649],[72.9693,36.4643],[72.9765,36.4649],[72.9774,36.4645],[72.9827,36.4637],[72.983,36.4633],[72.9847,36.4626],[72.9863,36.4622],[72.9887,36.458],[72.9912,36.4583],[72.9921,36.4581],[72.9939,36.4602],[72.9979,36.4675],[73.0012,36.4713],[73.0033,36.4745],[73.0039,36.4761],[73.0029,36.4792],[73.0018,36.4796],[72.9924,36.4789],[72.9909,36.4794],[72.9904,36.4805],[72.9911,36.4836],[72.991,36.4842],[72.9907,36.4859],[72.9906,36.4897],[72.9923,36.4962],[72.9925,36.4969],[72.9935,36.4994],[72.9941,36.4994],[72.9994,36.5074],[72.9987,36.5098],[72.9955,36.5133],[72.996,36.5149],[72.9987,36.5152],[72.9996,36.5148],[73.0018,36.5146],[73.0073,36.5161],[73.013,36.5191],[73.0141,36.5203],[73.0152,36.5205],[73.0195,36.5231],[73.0207,36.5233],[73.022,36.5249],[73.026,36.5264],[73.028,36.5267],[73.0285,36.5272],[73.0338,36.5285],[73.0367,36.5304],[73.0401,36.5309],[73.0449,36.534],[73.0507,36.5345],[73.0516,36.535],[73.0518,36.5355],[73.0546,36.5358],[73.0557,36.5365],[73.0562,36.5371],[73.057,36.5369],[73.0582,36.5367],[73.0615,36.5377],[73.0626,36.5391],[73.067,36.5443],[73.0702,36.555],[73.0739,36.5615],[73.0745,36.562],[73.0794,36.5641],[73.0802,36.5648],[73.0846,36.5658],[73.0882,36.5689],[73.0889,36.5701],[73.0906,36.5716],[73.0915,36.5736],[73.0916,36.5746],[73.0913,36.5751],[73.0914,36.5828],[73.0929,36.5866],[73.0958,36.5908],[73.101,36.5971],[73.1105,36.6074],[73.1105,36.6078],[73.1111,36.6079],[73.1125,36.6101],[73.1121,36.6113],[73.1091,36.6156],[73.0985,36.6244],[73.0977,36.6246],[73.092,36.6348],[73.0922,36.6359],[73.0909,36.643],[73.0924,36.6512],[73.0941,36.6601],[73.0938,36.6606],[73.0944,36.6671],[73.0917,36.6724],[73.088,36.6768],[73.0876,36.6775],[73.085,36.6823],[73.0845,36.6888],[73.0845,36.6906],[73.0844,36.6924],[73.0845,36.6946],[73.0847,36.697],[73.0852,36.6991],[73.0854,36.6997],[73.0867,36.6994],[73.0879,36.6986],[73.0895,36.6979],[73.0915,36.6971],[73.0927,36.6961],[73.0946,36.693],[73.0961,36.6914],[73.0971,36.6905],[73.1028,36.6877],[73.1053,36.687],[73.1122,36.6875],[73.1148,36.6877],[73.117,36.6875],[73.1204,36.6867],[73.1212,36.6863],[73.1265,36.6866],[73.1311,36.6883],[73.1317,36.689],[73.1325,36.6892],[73.1339,36.6904],[73.1363,36.6935],[73.1385,36.6948],[73.1399,36.6963],[73.1409,36.6965],[73.1455,36.7],[73.1496,36.701],[73.1535,36.7035],[73.1586,36.7046],[73.1633,36.7067],[73.1721,36.7082],[73.1754,36.7092],[73.1757,36.7097],[73.1771,36.7106],[73.1811,36.712],[73.1817,36.7127],[73.1817,36.7132],[73.1828,36.7134],[73.1852,36.7146],[73.1858,36.715],[73.1875,36.7211],[73.1894,36.7218],[73.1939,36.7208],[73.1959,36.7189],[73.1996,36.7176],[73.2016,36.7156],[73.2021,36.7156],[73.2027,36.7156],[73.2068,36.7112],[73.209,36.7035],[73.2099,36.7019],[73.2107,36.7013],[73.2118,36.7013],[73.2144,36.7004],[73.215,36.7],[73.2258,36.6994],[73.2344,36.6995],[73.2426,36.7024],[73.2484,36.703],[73.2498,36.7044],[73.2527,36.7089],[73.2532,36.7091],[73.2555,36.7089],[73.2679,36.7094],[73.2702,36.7086],[73.2762,36.7085],[73.2773,36.7081],[73.278,36.7081],[73.2941,36.7089],[73.2975,36.7086],[73.3011,36.7084],[73.3033,36.7071],[73.3078,36.7065],[73.3147,36.7064],[73.318,36.7074],[73.3188,36.7085],[73.3199,36.709],[73.3209,36.7106],[73.3234,36.7129],[73.3243,36.7133],[73.3303,36.7155],[73.3414,36.716],[73.3495,36.7145],[73.3551,36.7148],[73.3608,36.7155],[73.3652,36.7198],[73.3668,36.7239],[73.3691,36.7326],[73.3699,36.7338],[73.3705,36.7338],[73.3713,36.7343],[73.3721,36.7349],[73.3782,36.7355],[73.3829,36.7338],[73.384,36.7338],[73.3859,36.7328],[73.3897,36.7315],[73.3995,36.732],[73.4,36.7317],[73.4058,36.7332],[73.4064,36.7337],[73.4146,36.7347],[73.4152,36.7352],[73.416,36.7352],[73.4219,36.7382],[73.4231,36.7382],[73.4253,36.739],[73.4292,36.7402],[73.4297,36.7409],[73.43,36.7413],[73.4306,36.7413],[73.432,36.7416],[73.4363,36.7446],[73.4416,36.7451],[73.4438,36.7445],[73.4452,36.7432],[73.4504,36.7368],[73.4527,36.736],[73.4532,36.736],[73.4552,36.7347],[73.4555,36.7342],[73.4614,36.733],[73.4622,36.7323],[73.4634,36.7317],[73.4723,36.731],[73.4767,36.7326],[73.4775,36.7327],[73.4778,36.7331],[73.4792,36.734],[73.4825,36.7339],[73.4865,36.7299],[73.4945,36.728],[73.4958,36.7266],[73.4995,36.723],[73.5038,36.7213],[73.504,36.7209],[73.5049,36.72],[73.5055,36.72],[73.5066,36.7191],[73.5089,36.7169],[73.5115,36.7154],[73.5154,36.7155],[73.5192,36.7181],[73.5206,36.7184],[73.5218,36.7196],[73.5241,36.7206],[73.5282,36.7209],[73.5299,36.7207],[73.5311,36.7199],[73.5322,36.719],[73.538,36.7119],[73.5417,36.7102],[73.542,36.7098],[73.5439,36.7094],[73.5481,36.7097],[73.5514,36.7106],[73.553,36.7113],[73.5535,36.712],[73.5541,36.7127],[73.5549,36.7127],[73.556,36.7129],[73.5604,36.7162],[73.5648,36.716],[73.5694,36.7132],[73.5707,36.7132],[73.5718,36.7128],[73.5791,36.713],[73.5825,36.7144],[73.5827,36.7149],[73.584,36.7151],[73.5856,36.7169],[73.5862,36.7169],[73.5881,36.7181],[73.5911,36.7199],[73.5919,36.7202],[73.6002,36.7203],[73.6028,36.7188],[73.6033,36.7188],[73.6056,36.7157],[73.6059,36.7148],[73.6063,36.7139],[73.6066,36.7111],[73.6054,36.7051],[73.6052,36.7043],[73.6062,36.7012],[73.6059,36.7007],[73.6075,36.6985],[73.6096,36.6968],[73.6105,36.6966],[73.6113,36.6957],[73.613,36.695],[73.6141,36.6951],[73.6175,36.6942],[73.6186,36.6936],[73.6256,36.694],[73.629,36.6911],[73.6332,36.6901],[73.6387,36.6902],[73.641,36.6907],[73.6456,36.6921],[73.6467,36.6921],[73.6478,36.6926],[73.6516,36.696],[73.6549,36.6961],[73.6578,36.6944],[73.6628,36.6931],[73.6631,36.6927],[73.6637,36.692],[73.673,36.6918],[73.674,36.6918],[73.6773,36.6912],[73.6781,36.6907],[73.6787,36.6903],[73.6824,36.6897],[73.684,36.6897],[73.6881,36.6866],[73.6908,36.6856],[73.7006,36.6849],[73.7069,36.6876],[73.7074,36.6883],[73.7088,36.6889],[73.7104,36.6906],[73.7143,36.6977],[73.7148,36.6986],[73.7156,36.6988],[73.7163,36.7004],[73.7186,36.7038],[73.7201,36.7054],[73.7208,36.7056],[73.7243,36.7091],[73.7242,36.7095],[73.7251,36.71],[73.7345,36.7106],[73.7387,36.7098],[73.7484,36.71],[73.749,36.7098],[73.7504,36.7084],[73.7535,36.7078],[73.7557,36.7079],[73.7694,36.7039],[73.7765,36.7034],[73.7776,36.703],[73.7784,36.7025],[73.7831,36.7024],[73.7908,36.7045],[73.8,36.7127],[73.8006,36.7127],[73.8014,36.7132],[73.8019,36.7132],[73.8049,36.7155],[73.8091,36.7167],[73.8152,36.7168],[73.8216,36.7145],[73.8269,36.7139],[73.8285,36.713],[73.8297,36.7122],[73.8326,36.7115],[73.8337,36.7107],[73.8348,36.7098],[73.8387,36.7092],[73.8401,36.7086],[73.8469,36.7073],[73.8477,36.7067],[73.848,36.7062],[73.8494,36.706],[73.8508,36.7058],[73.8522,36.7045],[73.8531,36.7045],[73.8542,36.7045],[73.8567,36.7026],[73.8578,36.7026],[73.859,36.7019],[73.8645,36.7008],[73.8657,36.7005],[73.8663,36.7001],[73.8841,36.6993],[73.8946,36.7017],[73.8951,36.7022],[73.8962,36.7022],[73.8965,36.7026],[73.8976,36.7029],[73.9008,36.7067],[73.9016,36.707],[73.9005,36.7106],[73.8972,36.7163],[73.8987,36.721],[73.8998,36.7224],[73.9003,36.7224],[73.9017,36.7229],[73.9052,36.7256],[73.9055,36.7263],[73.9053,36.7306],[73.906,36.7307],[73.9065,36.7315],[73.9062,36.7319],[73.9053,36.7332],[73.9053,36.7344],[73.9053,36.736],[73.9022,36.7444],[73.9001,36.7497],[73.8951,36.7542],[73.8875,36.7625],[73.8866,36.7642],[73.8861,36.7647],[73.8852,36.7649],[73.8777,36.7713],[73.8763,36.7737],[73.8722,36.7794],[73.8698,36.7822],[73.8691,36.7824],[73.8682,36.7837],[73.8636,36.7882],[73.8622,36.7887],[73.8548,36.7896],[73.8485,36.7897],[73.8424,36.7879],[73.8396,36.7881],[73.8339,36.7879],[73.8294,36.7893],[73.8287,36.7899],[73.8209,36.7928],[73.8151,36.7984],[73.8145,36.7994],[73.812,36.8036],[73.8122,36.8043],[73.8096,36.8122],[73.8094,36.8128],[73.808,36.8145],[73.8074,36.8145],[73.8066,36.8149],[73.8063,36.8154],[73.8029,36.8162],[73.7982,36.8162],[73.7963,36.8154],[73.7958,36.815],[73.7944,36.8147],[73.7863,36.8141],[73.7782,36.8153],[73.7779,36.8158],[73.7715,36.8181],[73.7669,36.8223],[73.7655,36.8229],[73.764,36.8242],[73.7635,36.8251],[73.7551,36.8265],[73.7522,36.8283],[73.7442,36.8334],[73.7412,36.8343],[73.7404,36.8339],[73.7323,36.833],[73.7309,36.8328],[73.7265,36.8327],[73.7259,36.8336],[73.7245,36.834],[73.7239,36.8344],[73.7233,36.836],[73.7242,36.8403],[73.7242,36.8434],[73.7239,36.8441],[73.7231,36.8441],[73.7213,36.8465],[73.7219,36.8476],[73.7202,36.8534],[73.7204,36.8542],[73.7191,36.8572],[73.7185,36.8579],[73.7177,36.8581],[73.7171,36.858],[73.7168,36.8587],[73.7162,36.8587],[73.7148,36.8605],[73.7123,36.8609],[73.7114,36.8609],[73.7108,36.8613],[73.7096,36.8641],[73.7074,36.866],[73.7057,36.8675],[73.7057,36.8679],[73.7028,36.8701],[73.7016,36.8707],[73.7002,36.8712],[73.6983,36.8723],[73.6978,36.8723],[73.6963,36.8735],[73.6943,36.8737],[73.6909,36.8772],[73.6895,36.8776],[73.6878,36.8783],[73.6814,36.8856],[73.6826,36.8895],[73.6853,36.8959],[73.6846,36.8988],[73.6849,36.9006],[73.6857,36.9038],[73.6863,36.9058],[73.6903,36.9121],[73.6936,36.9136],[73.7008,36.9142],[73.7065,36.9137],[73.7112,36.9128],[73.712,36.9121],[73.716,36.9106],[73.7176,36.9104],[73.7182,36.9098],[73.7185,36.9091],[73.7202,36.9087],[73.7211,36.9087],[73.7242,36.9061],[73.7273,36.9055],[73.7278,36.9048],[73.7287,36.9039],[73.7324,36.9035],[73.7374,36.9016],[73.7423,36.8979],[73.744,36.8971],[73.7448,36.8971],[73.7454,36.8964],[73.749,36.8967],[73.7495,36.8974],[73.7509,36.8979],[73.7517,36.8988],[73.7525,36.8988],[73.7558,36.9013],[73.7569,36.9024],[73.758,36.9027],[73.7585,36.9036],[73.7596,36.9041],[73.7616,36.9039],[73.7626,36.9046],[73.7677,36.9047],[73.7682,36.9042],[73.7687,36.9039],[73.7707,36.9038],[73.7761,36.9006],[73.7842,36.9003],[73.7903,36.8946],[73.7933,36.8937],[73.7986,36.8936],[73.8,36.8943],[73.8028,36.8955],[73.8038,36.8955],[73.8041,36.8959],[73.8097,36.8965],[73.8111,36.8961],[73.8128,36.8943],[73.8134,36.8936],[73.8147,36.8883],[73.8181,36.8857],[73.83,36.8852],[73.8312,36.8859],[73.8358,36.8869],[73.8372,36.8878],[73.8385,36.8896],[73.8382,36.8925],[73.8387,36.8937],[73.8422,36.8984],[73.8491,36.8999],[73.8518,36.9],[73.8524,36.8995],[73.8558,36.8991],[73.8572,36.8991],[73.858,36.8985],[73.8634,36.8973],[73.8648,36.8973],[73.869,36.8958],[73.8788,36.8944],[73.8791,36.894],[73.8802,36.8933],[73.881,36.8933],[73.8813,36.8929],[73.8827,36.8926],[73.8847,36.892],[73.8889,36.8885],[73.8906,36.8874],[73.8926,36.8866],[73.8932,36.8866],[73.8993,36.8804],[73.903,36.876],[73.9108,36.8724],[73.912,36.8724],[73.9131,36.8717],[73.9134,36.8713],[73.9162,36.8713],[73.917,36.8716],[73.9184,36.872],[73.923,36.8777],[73.9238,36.878],[73.929,36.8781],[73.931,36.8767],[73.9322,36.8765],[73.9344,36.8748],[73.9378,36.8739],[73.939,36.8724],[73.9431,36.8684],[73.9437,36.8679],[73.9478,36.8649],[73.9506,36.8627],[73.9515,36.862],[73.952,36.862],[73.9531,36.8606],[73.9578,36.8569],[73.9621,36.851],[73.9627,36.8509],[73.9632,36.8509],[73.9648,36.8486],[73.9673,36.8443],[73.9714,36.8401],[73.9719,36.8401],[73.9762,36.8368],[73.9769,36.8365],[73.9784,36.836],[73.9805,36.8352],[73.9833,36.8329],[73.9846,36.8325],[73.9852,36.8323],[73.9872,36.8316],[73.9875,36.831],[73.9889,36.8296],[73.992,36.8286],[73.9943,36.8266],[73.9951,36.8266],[73.9962,36.8264],[73.9999,36.8242],[74.0046,36.8248],[74.006,36.8252],[74.011,36.8271],[74.0115,36.8276],[74.0207,36.8277],[74.0218,36.8271],[74.0252,36.8263],[74.026,36.8263],[74.0266,36.8256],[74.0269,36.8252],[74.0297,36.8244],[74.0317,36.8228],[74.032,36.8221],[74.0336,36.8215],[74.0348,36.8213],[74.0368,36.8193],[74.0379,36.8191],[74.0399,36.8184],[74.0416,36.8156],[74.0422,36.8151],[74.0522,36.8066],[74.0558,36.8064],[74.0572,36.8069],[74.058,36.8078],[74.0591,36.8087],[74.0607,36.809],[74.0623,36.8103],[74.0656,36.8134],[74.0663,36.8138],[74.0702,36.8178],[74.0815,36.8286],[74.0821,36.829],[74.0836,36.8308],[74.0844,36.8311],[74.0877,36.8342],[74.088,36.8349],[74.0888,36.8352],[74.0891,36.8358],[74.0902,36.8361],[74.0904,36.8365],[74.0927,36.8386],[74.0944,36.8386],[74.1008,36.8381],[74.1022,36.8376],[74.1094,36.8371],[74.1143,36.8357],[74.1146,36.8353],[74.116,36.8351],[74.1187,36.8341],[74.1197,36.8332],[74.121,36.8323],[74.1282,36.8327],[74.1304,36.8336],[74.1307,36.8341],[74.1343,36.8348],[74.1354,36.8359],[74.1365,36.8362],[74.1371,36.8368],[74.1392,36.8382],[74.1397,36.8383],[74.1427,36.8401],[74.1464,36.8471],[74.147,36.8471],[74.1478,36.8482],[74.1477,36.8518],[74.1498,36.86],[74.1496,36.8621],[74.1504,36.8637],[74.1518,36.8719],[74.1544,36.8822],[74.1556,36.8858],[74.1568,36.8887],[74.1585,36.8925],[74.1626,36.8979],[74.1632,36.8979],[74.1642,36.8984],[74.1655,36.9004],[74.1669,36.9009],[74.1683,36.9014],[74.1686,36.9018],[74.1691,36.9025],[74.1699,36.9026],[74.1735,36.9039],[74.1791,36.904],[74.1805,36.904],[74.1838,36.9036],[74.1855,36.9034],[74.1875,36.9024],[74.1935,36.9023],[74.1947,36.9019],[74.1959,36.9018],[74.1976,36.9012],[74.2044,36.9009],[74.2051,36.9009],[74.2067,36.9002],[74.2121,36.8994],[74.2129,36.899],[74.2178,36.8989],[74.2193,36.8986],[74.2216,36.8978],[74.2222,36.8971],[74.2238,36.8972],[74.2255,36.8972],[74.2277,36.896],[74.2301,36.8952],[74.2332,36.8943],[74.2348,36.8928],[74.2384,36.8918],[74.2387,36.8911],[74.2415,36.8889],[74.2432,36.8885],[74.2441,36.8876],[74.2455,36.8874],[74.2469,36.8874],[74.248,36.8866],[74.2511,36.8862],[74.2519,36.8862],[74.2525,36.8866],[74.2553,36.8862],[74.2558,36.8867],[74.2614,36.8866],[74.2641,36.8882],[74.2714,36.8952],[74.2723,36.8959],[74.2732,36.8965],[74.2745,36.8968],[74.278,36.8998],[74.2819,36.9012],[74.2835,36.903],[74.2893,36.9049],[74.2895,36.9054],[74.2907,36.9062],[74.2939,36.9075],[74.2974,36.909],[74.2978,36.9095],[74.2982,36.91],[74.3047,36.9123],[74.3052,36.9132],[74.3116,36.9155],[74.3129,36.9158],[74.3157,36.9181],[74.3184,36.919],[74.3211,36.9217],[74.3227,36.9224],[74.3239,36.9227],[74.325,36.9236],[74.3271,36.9261],[74.3285,36.9263],[74.3326,36.9293],[74.3343,36.9304],[74.3402,36.9364],[74.3413,36.9364],[74.3463,36.9405],[74.348,36.9417],[74.3488,36.9419],[74.3496,36.9428],[74.3506,36.9432],[74.3586,36.9505],[74.3594,36.9508],[74.36,36.9512],[74.3653,36.9568],[74.3667,36.9572],[74.3676,36.958],[74.3683,36.9589],[74.3755,36.9615],[74.3771,36.9633],[74.378,36.9633],[74.3782,36.9638],[74.3887,36.968],[74.3912,36.968],[74.392,36.9685],[74.3928,36.9689],[74.4065,36.9696],[74.4109,36.971],[74.412,36.971],[74.4156,36.973],[74.4162,36.9731],[74.4186,36.9751],[74.4192,36.9751],[74.427,36.9824],[74.4273,36.9831],[74.4272,36.9869],[74.4281,36.9871],[74.4294,36.9898],[74.4299,36.99],[74.4357,36.991],[74.4439,36.9911],[74.4472,36.9912],[74.4496,36.9921],[74.4512,36.9919],[74.4585,36.9919],[74.4688,36.9924],[74.4736,36.9916],[74.4775,36.9921],[74.4918,36.9894],[74.4946,36.9892],[74.4951,36.9888],[74.501,36.9886],[74.5098,36.9886],[74.5205,36.9891],[74.5227,36.9887],[74.5227,36.9881],[74.5249,36.9883],[74.5322,36.9868],[74.5337,36.9861],[74.5417,36.9779],[74.543,36.9765],[74.5453,36.9712],[74.5454,36.9691],[74.5463,36.9662],[74.5487,36.9626],[74.5522,36.9572],[74.5528,36.9557],[74.553,36.9552],[74.5545,36.9536],[74.555,36.9536],[74.5565,36.9527],[74.5576,36.9516],[74.5601,36.9506],[74.5754,36.95],[74.5766,36.9496],[74.5779,36.949],[74.5787,36.9486],[74.5787,36.9496],[74.5792,36.963],[74.5807,36.97],[74.5831,36.9775],[74.5828,36.978],[74.5828,36.9784],[74.5827,36.986],[74.5846,36.9963],[74.5851,37.0001],[74.5863,37.008],[74.5866,37.0118],[74.5894,37.0286],[74.5888,37.0321],[74.5845,37.037],[74.5814,37.0379],[74.5805,37.0387],[74.5816,37.0421],[74.5818,37.0434],[74.5865,37.0453],[74.5913,37.0454],[74.5918,37.0458],[74.5929,37.0458],[74.596,37.047],[74.5963,37.0475],[74.5979,37.0484],[74.6032,37.0491],[74.6065,37.0505],[74.6118,37.0509],[74.6126,37.0514],[74.6135,37.0515],[74.6196,37.0518],[74.6343,37.0549],[74.6393,37.0554],[74.6417,37.0561],[74.6498,37.0567],[74.6593,37.0577],[74.667,37.0612],[74.6713,37.0648],[74.6716,37.0659],[74.6727,37.066],[74.6785,37.0705],[74.6799,37.071],[74.6851,37.0748],[74.6882,37.0756],[74.6898,37.0766],[74.6939,37.0778],[74.6959,37.0781],[74.6996,37.0783],[74.7087,37.0776],[74.7129,37.0743],[74.7146,37.0721]]]},"properties":{"district_name":"Data Not Available","raw_district_name":"Data Not Available","state_code":"JK","state_name":"Jammu and Kashmir","census_code":99,"data_source":"DataMeet India Maps (Census 2011 Boundaries)"}},{"type":"Feature","geometry":{"type":"Polygon","coordinates":[[[75.5424,33.3607],[75.5579,33.3379],[75.589,33.2896],[75.6327,33.2484],[75.6288,33.2224],[75.645,33.2228],[75.7249,33.2153],[75.7434,33.1967],[75.7815,33.1772],[75.8245,33.1523],[75.8127,33.1206],[75.7952,33.0642],[75.8262,33.0581],[75.8421,33.0695],[75.8565,33.0725],[75.9006,33.0654],[75.943,33.0569],[75.9754,33.0577],[75.9961,33.0705],[76.0113,33.0995],[76.0455,33.0976],[76.0639,33.0789],[76.0893,33.0481],[76.1034,33.0129],[76.1111,33.0033],[76.1112,33.0028],[76.1117,33.0004],[76.1083,32.9928],[76.1027,32.975],[76.0992,32.9688],[76.0954,32.9661],[76.087,32.9622],[76.0829,32.958],[76.0714,32.951],[76.0674,32.9443],[76.0596,32.9403],[76.045,32.9375],[76.0406,32.9317],[76.0381,32.9245],[76.0341,32.9177],[76.0304,32.916],[76.0215,32.9141],[76.0144,32.9095],[76.0042,32.9007],[76,32.9005],[75.9625,32.8853],[75.9563,32.8844],[75.9506,32.8845],[75.94,32.8983],[75.9304,32.9065],[75.9169,32.916],[75.8977,32.9251],[75.8839,32.9306],[75.8669,32.9316],[75.8507,32.9351],[75.8382,32.934],[75.8247,32.9303],[75.8201,32.9241],[75.815,32.9199],[75.816,32.9174],[75.8185,32.9108],[75.8167,32.9044],[75.8105,32.8978],[75.8065,32.8945],[75.8041,32.8938],[75.8058,32.8851],[75.8061,32.8836],[75.8065,32.8819],[75.8113,32.8706],[75.8113,32.8706],[75.8221,32.8565],[75.8247,32.8538],[75.8245,32.8538],[75.8245,32.8538],[75.7957,32.8613],[75.7918,32.8623],[75.7828,32.8631],[75.7516,32.8655],[75.7273,32.8908],[75.7131,32.8991],[75.6888,32.9159],[75.6665,32.9344],[75.6443,32.9444],[75.6221,32.9545],[75.5878,32.9661],[75.5535,32.9743],[75.5233,32.9808],[75.497,32.9891],[75.4728,32.999],[75.4544,33.0192],[75.4422,33.031],[75.4199,33.0443],[75.3956,33.0526],[75.3835,33.0576],[75.3712,33.0676],[75.3489,33.081],[75.3166,33.0874],[75.2915,33.0969],[75.3021,33.1057],[75.2918,33.1204],[75.2915,33.1286],[75.2994,33.1343],[75.3106,33.1387],[75.2967,33.1615],[75.296,33.1779],[75.3006,33.1848],[75.3134,33.1907],[75.3213,33.1963],[75.3334,33.2185],[75.3153,33.2658],[75.3189,33.2973],[75.3315,33.3072],[75.3344,33.3155],[75.3618,33.3217],[75.4171,33.3583],[75.426,33.3547],[75.4563,33.3515],[75.4724,33.3635],[75.4883,33.3857],[75.4999,33.399],[75.502,33.3978],[75.5287,33.3781],[75.5424,33.3607]]]},"properties":{"district_name":"Doda","raw_district_name":"Doda","state_code":"JK","state_name":"Jammu and Kashmir","census_code":16,"data_source":"DataMeet India Maps (Census 2011 Boundaries)"}},{"type":"Feature","geometry":{"type":"Polygon","coordinates":[[[75.1937,34.1901],[75.188,34.1958],[75.1545,34.2152],[75.0248,34.2605],[74.914,34.2844],[74.8425,34.3067],[74.7576,34.3354],[74.7529,34.3395],[74.7673,34.3373],[74.8,34.3378],[74.8388,34.34],[74.8775,34.3507],[74.8935,34.3696],[74.9093,34.3969],[74.9191,34.4174],[74.9351,34.438],[74.9532,34.4551],[74.9963,34.4523],[75.0231,34.4391],[75.0439,34.4223],[75.0606,34.4022],[75.0854,34.3872],[75.1039,34.379],[75.1266,34.369],[75.1513,34.3608],[75.1779,34.3561],[75.2005,34.3546],[75.2188,34.3599],[75.2474,34.3636],[75.2698,34.3672],[75.2985,34.3624],[75.3354,34.3577],[75.3582,34.352],[75.3682,34.3495],[75.4073,34.3329],[75.4525,34.3096],[75.4916,34.2878],[75.5287,34.2661],[75.5676,34.2528],[75.5963,34.2429],[75.625,34.2346],[75.6312,34.2228],[75.631,34.2227],[75.6191,34.2159],[75.5946,34.2107],[75.5722,34.2054],[75.5539,34.2002],[75.5356,34.1932],[75.5092,34.1846],[75.4848,34.1793],[75.4563,34.1688],[75.4379,34.1772],[75.4195,34.1804],[75.4031,34.1836],[75.3868,34.1852],[75.3642,34.1935],[75.3498,34.1984],[75.3395,34.2051],[75.3333,34.2118],[75.323,34.2202],[75.3086,34.2251],[75.2924,34.2165],[75.2803,34.2062],[75.2684,34.184],[75.2564,34.1704],[75.242,34.1736],[75.2092,34.1834],[75.1937,34.1901]]]},"properties":{"district_name":"Ganderbal","raw_district_name":"Ganderbal","state_code":"JK","state_name":"Jammu and Kashmir","census_code":11,"data_source":"DataMeet India Maps (Census 2011 Boundaries)"}},{"type":"Feature","geometry":{"type":"Polygon","coordinates":[[[74.9467,32.8771],[74.9518,32.8781],[74.9679,32.8783],[74.9723,32.858],[74.9764,32.8513],[74.9966,32.8465],[75.0085,32.8551],[75.0343,32.8741],[75.0502,32.8844],[75.0746,32.8678],[75.0869,32.8527],[75.1012,32.8359],[75.1135,32.8225],[75.1257,32.8141],[75.1358,32.8075],[75.148,32.7991],[75.1584,32.7755],[75.1609,32.77],[75.1324,32.7465],[75.1128,32.736],[75.0947,32.7339],[75.0849,32.7275],[75.0696,32.7247],[75.056,32.7243],[75.0505,32.7234],[75.0459,32.704],[75.0312,32.6859],[75.0108,32.6722],[74.9911,32.6647],[74.9758,32.6619],[74.969,32.6301],[74.9579,32.6129],[74.9468,32.5956],[74.9239,32.5772],[74.8994,32.5557],[74.8666,32.5155],[74.8448,32.494],[74.8323,32.4898],[74.8301,32.486],[74.8294,32.486],[74.8287,32.486],[74.8268,32.4864],[74.8249,32.4884],[74.8238,32.4889],[74.8174,32.4888],[74.8169,32.4886],[74.8161,32.4883],[74.8146,32.4836],[74.8136,32.4785],[74.8123,32.4767],[74.811,32.4764],[74.8101,32.4764],[74.8073,32.4746],[74.8046,32.4748],[74.8024,32.4759],[74.801,32.4759],[74.7995,32.4747],[74.7956,32.4694],[74.7937,32.4689],[74.7897,32.4696],[74.7883,32.47],[74.7843,32.4697],[74.7838,32.4702],[74.78,32.4706],[74.7789,32.4712],[74.7781,32.4712],[74.7749,32.4724],[74.7738,32.4731],[74.7684,32.4747],[74.7638,32.4747],[74.759,32.4744],[74.7585,32.4739],[74.7561,32.4727],[74.7547,32.4727],[74.7529,32.4711],[74.7519,32.4697],[74.7492,32.4697],[74.7443,32.4705],[74.7438,32.471],[74.74,32.4721],[74.7395,32.4727],[74.7392,32.4732],[74.7384,32.4732],[74.7363,32.4738],[74.7352,32.4743],[74.7288,32.4742],[74.7282,32.4737],[74.7269,32.4735],[74.7266,32.473],[74.7253,32.4719],[74.7237,32.4711],[74.7216,32.4711],[74.7205,32.4711],[74.716,32.4706],[74.7119,32.4721],[74.7106,32.4732],[74.7087,32.4816],[74.7079,32.4832],[74.7074,32.4839],[74.7063,32.4839],[74.7057,32.4845],[74.7044,32.4854],[74.699,32.4858],[74.6956,32.4833],[74.6921,32.4818],[74.6908,32.4816],[74.6903,32.4811],[74.6865,32.4813],[74.6857,32.482],[74.6852,32.482],[74.6822,32.4847],[74.681,32.4865],[74.6828,32.4951],[74.6796,32.5037],[74.6796,32.5066],[74.6811,32.5111],[74.6813,32.5117],[74.6826,32.5131],[74.6831,32.5131],[74.6837,32.5131],[74.6876,32.5175],[74.6892,32.5209],[74.6885,32.525],[74.6882,32.5257],[74.6858,32.5261],[74.6842,32.5263],[74.6836,32.527],[74.6831,32.5276],[74.6777,32.5287],[74.6753,32.53],[74.6737,32.5305],[74.6718,32.5322],[74.6701,32.5327],[74.6685,32.5331],[74.6674,32.5345],[74.6631,32.536],[74.6618,32.5378],[74.6603,32.5413],[74.6647,32.5468],[74.6655,32.5479],[74.6692,32.549],[74.6703,32.5502],[74.6705,32.5527],[74.6682,32.5595],[74.6668,32.5606],[74.6617,32.5604],[74.6599,32.5598],[74.6582,32.5588],[74.6572,32.5574],[74.6561,32.558],[74.6538,32.5581],[74.6535,32.5586],[74.6521,32.5593],[74.6496,32.5666],[74.6481,32.5713],[74.6473,32.578],[74.6474,32.5796],[74.6507,32.587],[74.6495,32.591],[74.649,32.5919],[74.6479,32.5924],[74.6444,32.5923],[74.6409,32.5936],[74.6398,32.5943],[74.6384,32.5954],[74.6348,32.6026],[74.6359,32.6081],[74.636,32.6088],[74.637,32.6106],[74.6423,32.6101],[74.6461,32.6101],[74.647,32.6103],[74.6493,32.6128],[74.651,32.6267],[74.6511,32.6276],[74.6522,32.6297],[74.6532,32.6302],[74.6548,32.6302],[74.6559,32.6298],[74.6594,32.6294],[74.6637,32.6303],[74.6659,32.635],[74.667,32.6363],[74.6692,32.6398],[74.6699,32.6406],[74.6699,32.6411],[74.6739,32.6428],[74.6781,32.6439],[74.6784,32.6444],[74.6832,32.6449],[74.6911,32.6518],[74.6927,32.6548],[74.6899,32.6598],[74.6872,32.6604],[74.6864,32.6604],[74.6836,32.6621],[74.6793,32.6676],[74.679,32.668],[74.6766,32.6687],[74.6671,32.6695],[74.665,32.6705],[74.6641,32.6717],[74.6638,32.6724],[74.663,32.6726],[74.6622,32.6728],[74.6566,32.6843],[74.6504,32.6983],[74.6514,32.7018],[74.6532,32.705],[74.6555,32.7111],[74.6557,32.7129],[74.6586,32.7177],[74.6588,32.7189],[74.6584,32.722],[74.6579,32.7234],[74.6581,32.7241],[74.6589,32.7268],[74.6593,32.7278],[74.6636,32.7377],[74.6647,32.7391],[74.6654,32.7408],[74.6678,32.7431],[74.6706,32.7463],[74.671,32.7474],[74.674,32.7611],[74.6796,32.7735],[74.6821,32.7819],[74.6858,32.7889],[74.6901,32.7961],[74.693,32.7993],[74.6935,32.7993],[74.6954,32.8012],[74.6961,32.8025],[74.7,32.8105],[74.703,32.8213],[74.7037,32.829],[74.7028,32.8328],[74.7014,32.8351],[74.689,32.8331],[74.6885,32.8326],[74.6869,32.8317],[74.6861,32.8317],[74.6854,32.8312],[74.6797,32.8302],[74.6792,32.8298],[74.6767,32.8293],[74.6759,32.8284],[74.6746,32.8277],[74.6735,32.8274],[74.6712,32.8255],[74.6703,32.825],[74.6692,32.8247],[74.6686,32.824],[74.6643,32.8216],[74.6619,32.8218],[74.6608,32.8225],[74.6569,32.8272],[74.6532,32.8274],[74.6524,32.8271],[74.6516,32.8264],[74.6513,32.8259],[74.65,32.8255],[74.6489,32.8253],[74.6382,32.814],[74.6371,32.8137],[74.636,32.8135],[74.635,32.8121],[74.6332,32.8075],[74.6324,32.8016],[74.6328,32.7998],[74.6359,32.7955],[74.6411,32.7913],[74.6477,32.7888],[74.6496,32.7874],[74.6503,32.7874],[74.6533,32.7835],[74.6539,32.7813],[74.6534,32.7794],[74.6526,32.7787],[74.65,32.7769],[74.6459,32.7768],[74.6416,32.7781],[74.6363,32.7781],[74.6341,32.7773],[74.6315,32.7743],[74.6302,32.7721],[74.6293,32.7659],[74.6325,32.7582],[74.6339,32.756],[74.6353,32.7508],[74.6339,32.7496],[74.6326,32.7483],[74.6321,32.7473],[74.6311,32.7469],[74.6276,32.7473],[74.6254,32.7493],[74.6243,32.7495],[74.6218,32.751],[74.6213,32.751],[74.6202,32.7522],[74.6196,32.7521],[74.6166,32.7553],[74.6139,32.7555],[74.6131,32.7555],[74.6126,32.755],[74.611,32.7547],[74.606,32.7513],[74.6027,32.7513],[74.6006,32.7514],[74.5982,32.7521],[74.5976,32.7525],[74.5949,32.7525],[74.5941,32.7522],[74.5928,32.7499],[74.5889,32.7465],[74.5878,32.746],[74.5816,32.7468],[74.5796,32.745],[74.5756,32.745],[74.5718,32.7465],[74.5711,32.7503],[74.5708,32.7521],[74.5688,32.7544],[74.5683,32.7543],[74.5675,32.7552],[74.5629,32.757],[74.557,32.7571],[74.5551,32.7566],[74.5542,32.756],[74.5487,32.7493],[74.5464,32.7472],[74.5439,32.7433],[74.5409,32.7433],[74.5401,32.7433],[74.5374,32.7446],[74.535,32.7445],[74.5347,32.7441],[74.5336,32.7436],[74.5326,32.7434],[74.5313,32.7417],[74.5308,32.7417],[74.5297,32.7406],[74.5267,32.7404],[74.5186,32.7436],[74.5146,32.7435],[74.5138,32.7433],[74.513,32.7424],[74.5128,32.7417],[74.5094,32.7387],[74.5073,32.7439],[74.5088,32.7482],[74.508,32.7509],[74.5024,32.759],[74.5013,32.7599],[74.5013,32.7604],[74.4964,32.7621],[74.4944,32.762],[74.4868,32.7615],[74.483,32.7622],[74.4739,32.7706],[74.4724,32.7723],[74.4701,32.7726],[74.465,32.7728],[74.4629,32.7725],[74.461,32.7732],[74.459,32.7754],[74.4585,32.7768],[74.4589,32.7792],[74.4587,32.7801],[74.4575,32.7828],[74.4567,32.7835],[74.4545,32.7844],[74.4512,32.7836],[74.4513,32.7836],[74.456,32.7878],[74.4605,32.7918],[74.4631,32.794],[74.4632,32.7942],[74.4695,32.7997],[74.4791,32.8185],[74.4888,32.8322],[74.5023,32.8545],[74.5139,32.8733],[74.5216,32.8887],[74.5153,32.9022],[74.5049,32.9139],[74.4965,32.929],[74.4941,32.9459],[74.5119,32.9615],[74.5416,32.9806],[74.5654,32.9929],[74.5896,32.9932],[74.5913,32.9962],[74.6119,32.9851],[74.6283,32.9718],[74.6466,32.9636],[74.6688,32.9572],[74.6927,32.9711],[74.7024,32.9882],[74.714,33.007],[74.7298,33.0242],[74.7517,33.033],[74.782,33.0318],[74.8085,33.0118],[74.825,32.9917],[74.8393,32.98],[74.8457,32.9632],[74.8339,32.9477],[74.8202,32.9323],[74.8124,32.9186],[74.8169,32.8966],[74.8353,32.8799],[74.8554,32.8768],[74.8857,32.8705],[74.9038,32.869],[74.9238,32.871],[74.9338,32.8745],[74.9467,32.8771]]]},"properties":{"district_name":"Jammu","raw_district_name":"Jammu","state_code":"JK","state_name":"Jammu and Kashmir","census_code":21,"data_source":"DataMeet India Maps (Census 2011 Boundaries)"}},{"type":"Feature","geometry":{"type":"Polygon","coordinates":[[[76.6604,34.3801],[76.6746,34.3241],[76.6806,34.2885],[76.6949,34.2648],[76.7112,34.2461],[76.6948,34.2224],[76.6723,34.1885],[76.6579,34.158],[76.6477,34.1309],[76.6333,34.0936],[76.6292,34.058],[76.6353,34.0207],[76.6535,33.9901],[76.684,33.9562],[76.7124,33.9222],[76.7571,33.8916],[76.7976,33.8678],[76.8382,33.8541],[76.8687,33.8438],[76.9174,33.8233],[76.9518,33.7978],[76.978,33.7756],[77.0084,33.767],[77.0936,33.7582],[77.1261,33.7597],[77.1546,33.7612],[77.1992,33.7525],[77.2235,33.7456],[77.2497,33.7285],[77.2719,33.7131],[77.2879,33.6858],[77.3058,33.6535],[77.3279,33.6279],[77.3542,33.6243],[77.3946,33.6173],[77.4331,33.6119],[77.4615,33.6133],[77.4898,33.6097],[77.518,33.5976],[77.53,33.5806],[77.5276,33.5518],[77.5252,33.5246],[77.4985,33.4876],[77.4636,33.4489],[77.4391,33.4287],[77.4147,33.4136],[77.3903,33.4003],[77.3638,33.3818],[77.3454,33.3616],[77.3412,33.3447],[77.337,33.321],[77.3346,33.2854],[77.3444,33.2565],[77.3441,33.2277],[77.3358,33.2057],[77.3195,33.1871],[77.2951,33.1636],[77.2665,33.1264],[77.2621,33.0858],[77.2618,33.0519],[77.2716,33.0213],[77.2673,32.9874],[77.2629,32.9485],[77.2587,32.9248],[77.2533,32.917],[77.253,32.9166],[77.2527,32.9161],[77.2527,32.9161],[77.2426,32.9014],[77.2383,32.8949],[77.2356,32.8953],[77.2222,32.9044],[77.2066,32.9081],[77.1994,32.9135],[77.1915,32.9292],[77.1842,32.9262],[77.1814,32.9232],[77.1792,32.9192],[77.1781,32.9142],[77.1751,32.9113],[77.1638,32.9121],[77.1638,32.9121],[77.1638,32.9121],[77.1684,32.9183],[77.1669,32.9239],[77.1646,32.9325],[77.1646,32.9325],[77.1646,32.9325],[77.1662,32.9361],[77.1664,32.9395],[77.1638,32.9409],[77.1638,32.9409],[77.1638,32.9546],[77.1541,32.956],[77.153,32.9591],[77.153,32.9591],[77.1533,32.9629],[77.152,32.9677],[77.152,32.9677],[77.1536,32.9727],[77.1541,32.9787],[77.1452,32.9821],[77.1378,32.981],[77.1301,32.9824],[77.1209,32.9855],[77.1148,32.9759],[77.1019,32.972],[77.0926,32.9716],[77.0894,32.9745],[77.0836,32.9839],[77.0762,32.9844],[77.0701,32.9893],[77.053,32.9981],[77.0421,32.9954],[77.0376,32.9902],[77.0289,32.9917],[77.0161,32.988],[77.0117,32.9907],[77.0091,32.9913],[77.0046,32.9944],[76.9985,32.9999],[76.9842,33.0057],[76.9814,33.0086],[76.9799,33.0123],[76.9798,33.0125],[76.9745,33.0153],[76.966,33.017],[76.9504,33.027],[76.9419,33.0276],[76.9352,33.0323],[76.9352,33.0323],[76.9323,33.0375],[76.9323,33.0375],[76.9323,33.0375],[76.931,33.0429],[76.928,33.0489],[76.9179,33.0628],[76.9179,33.0628],[76.9147,33.0697],[76.9147,33.0697],[76.9143,33.0734],[76.9142,33.0745],[76.9085,33.0795],[76.9085,33.0795],[76.9085,33.0795],[76.9087,33.0833],[76.9128,33.0902],[76.9121,33.0939],[76.9026,33.0962],[76.8953,33.106],[76.8953,33.106],[76.8953,33.106],[76.8951,33.113],[76.8951,33.113],[76.8866,33.1191],[76.8783,33.1152],[76.8704,33.1104],[76.8623,33.1112],[76.857,33.1142],[76.8519,33.1194],[76.8519,33.1194],[76.8519,33.1194],[76.8552,33.1253],[76.8459,33.1306],[76.8459,33.1306],[76.8471,33.1366],[76.8408,33.1402],[76.8351,33.1409],[76.8329,33.1451],[76.8274,33.1475],[76.8213,33.1547],[76.8193,33.1605],[76.8193,33.1605],[76.8193,33.1605],[76.8199,33.165],[76.8172,33.1685],[76.8172,33.1685],[76.8172,33.1685],[76.816,33.1723],[76.816,33.1723],[76.8183,33.1768],[76.8231,33.1813],[76.8245,33.1838],[76.8217,33.1917],[76.8213,33.1929],[76.8213,33.1929],[76.8366,33.2046],[76.8352,33.2113],[76.8291,33.2145],[76.8291,33.2145],[76.8291,33.2145],[76.8311,33.2218],[76.8359,33.2302],[76.8413,33.2365],[76.8469,33.2416],[76.8468,33.243],[76.8464,33.2455],[76.84,33.2475],[76.8354,33.2476],[76.832,33.2465],[76.8272,33.2434],[76.8244,33.2353],[76.8208,33.2358],[76.815,33.2403],[76.8035,33.2528],[76.7963,33.2549],[76.796,33.2549],[76.796,33.2549],[76.796,33.2549],[76.7955,33.2591],[76.7936,33.2647],[76.7916,33.2707],[76.7916,33.2708],[76.7916,33.2708],[76.7911,33.2723],[76.7875,33.2828],[76.7755,33.3049],[76.7533,33.3219],[76.7331,33.3253],[76.717,33.3305],[76.6867,33.339],[76.6746,33.3492],[76.6767,33.3661],[76.6807,33.3865],[76.6727,33.4136],[76.6666,33.4136],[76.6647,33.4289],[76.6384,33.4459],[76.6162,33.4628],[76.598,33.4764],[76.5879,33.4951],[76.5818,33.5154],[76.5677,33.5273],[76.5414,33.5443],[76.5191,33.5612],[76.4847,33.585],[76.4705,33.6087],[76.4461,33.6307],[76.4258,33.6494],[76.3974,33.668],[76.367,33.6731],[76.3427,33.6629],[76.3224,33.6476],[76.3124,33.6221],[76.28,33.6085],[76.2496,33.6085],[76.2373,33.6305],[76.2332,33.6508],[76.2209,33.6949],[76.2187,33.7423],[76.2105,33.7864],[76.19,33.8203],[76.1615,33.8456],[76.1309,33.8744],[76.1105,33.8946],[76.09,33.9234],[76.0817,33.9539],[76.0571,33.986],[76.0428,33.9961],[76.0163,34.0011],[76.0021,33.996],[75.9736,33.9925],[75.9431,33.9872],[75.9247,34.0007],[75.9001,34.0226],[75.8754,34.053],[75.8631,34.0699],[75.8406,34.0834],[75.8324,34.0867],[75.8099,34.0917],[75.7935,34.1035],[75.7791,34.1237],[75.7687,34.1406],[75.7562,34.1677],[75.7417,34.1981],[75.7074,34.2158],[75.7088,34.2284],[75.6863,34.2317],[75.67,34.2282],[75.6516,34.2246],[75.6374,34.2211],[75.631,34.2227],[75.6312,34.2228],[75.625,34.2346],[75.5963,34.2429],[75.5676,34.2528],[75.5287,34.2661],[75.4916,34.2878],[75.4525,34.3096],[75.4073,34.3329],[75.3682,34.3495],[75.3582,34.352],[75.3702,34.3546],[75.3886,34.3531],[75.4091,34.3499],[75.4336,34.3501],[75.4272,34.3721],[75.4063,34.4058],[75.3999,34.4227],[75.3954,34.4583],[75.3928,34.4956],[75.3947,34.5125],[75.3985,34.5312],[75.3924,34.5434],[75.4372,34.5519],[75.4903,34.5642],[75.5251,34.573],[75.568,34.5801],[75.6171,34.5924],[75.658,34.6028],[75.7051,34.6116],[75.7399,34.6203],[75.7788,34.6307],[75.8156,34.6428],[75.8504,34.6481],[75.8853,34.65],[75.9119,34.6586],[75.9509,34.6655],[75.9898,34.6725],[76.0473,34.6744],[76.078,34.683],[76.0985,34.6966],[76.121,34.7086],[76.1353,34.7273],[76.1599,34.7426],[76.1947,34.7664],[76.2193,34.7885],[76.2377,34.8072],[76.2521,34.831],[76.2767,34.8497],[76.3075,34.8616],[76.3425,34.8583],[76.3651,34.8413],[76.3751,34.8331],[76.3857,34.8244],[76.4125,34.8007],[76.4248,34.777],[76.4372,34.7634],[76.4557,34.7329],[76.466,34.7041],[76.4824,34.682],[76.5111,34.6719],[76.5358,34.66],[76.5686,34.643],[76.587,34.6261],[76.5993,34.6074],[76.6095,34.5803],[76.6156,34.5311],[76.6319,34.4785],[76.6503,34.4259],[76.6604,34.3801]]]},"properties":{"district_name":"Kargil","raw_district_name":"Kargil","state_code":"JK","state_name":"Jammu and Kashmir","census_code":4,"data_source":"DataMeet India Maps (Census 2011 Boundaries)"}},{"type":"Feature","geometry":{"type":"Polygon","coordinates":[[[75.929,32.7571],[75.9305,32.742],[75.9305,32.742],[75.9263,32.7209],[75.9212,32.7093],[75.9154,32.7002],[75.9129,32.691],[75.9129,32.691],[75.9142,32.6853],[75.9152,32.6806],[75.9152,32.6806],[75.9217,32.6722],[75.9311,32.6658],[75.9404,32.6581],[75.9417,32.6541],[75.9417,32.6541],[75.9399,32.6435],[75.924,32.619],[75.9208,32.6151],[75.9024,32.5918],[75.8886,32.576],[75.8879,32.5751],[75.8726,32.5583],[75.8538,32.5375],[75.8465,32.5244],[75.8449,32.5198],[75.841,32.5091],[75.8395,32.5075],[75.8316,32.4991],[75.8202,32.4869],[75.806,32.4787],[75.7947,32.4749],[75.7883,32.475],[75.7688,32.4752],[75.7617,32.4763],[75.7609,32.4742],[75.7595,32.4691],[75.7511,32.4546],[75.7454,32.445],[75.7409,32.4383],[75.7355,32.4303],[75.731,32.4238],[75.7272,32.4181],[75.7139,32.4095],[75.7006,32.4006],[75.6783,32.3935],[75.6636,32.3889],[75.6525,32.3874],[75.6082,32.3819],[75.5825,32.372],[75.5728,32.3672],[75.5606,32.3611],[75.5446,32.3491],[75.5396,32.3403],[75.5311,32.2982],[75.5208,32.2815],[75.5197,32.2797],[75.5165,32.2763],[75.5142,32.2755],[75.5099,32.2771],[75.5053,32.2882],[75.5053,32.2882],[75.5074,32.3031],[75.5064,32.307],[75.5058,32.3092],[75.5055,32.3105],[75.5,32.3106],[75.4952,32.3106],[75.4867,32.315],[75.483,32.3179],[75.483,32.3179],[75.4889,32.3396],[75.4889,32.3396],[75.4876,32.3404],[75.482,32.3392],[75.4717,32.3339],[75.4671,32.3322],[75.4639,32.3317],[75.4479,32.3271],[75.4463,32.3269],[75.4302,32.3247],[75.4127,32.3268],[75.4012,32.3282],[75.3938,32.3294],[75.3887,32.3311],[75.3744,32.3355],[75.3605,32.3398],[75.3592,32.3409],[75.347,32.3454],[75.3405,32.3436],[75.3396,32.3424],[75.3396,32.3424],[75.3247,32.3413],[75.318,32.3345],[75.3159,32.3345],[75.3121,32.3355],[75.3119,32.336],[75.3094,32.3378],[75.3084,32.3375],[75.3054,32.3378],[75.3046,32.3382],[75.3041,32.3391],[75.3032,32.3436],[75.3005,32.3461],[75.2988,32.3472],[75.2972,32.3477],[75.2924,32.349],[75.2901,32.3508],[75.2891,32.3517],[75.2896,32.3543],[75.2917,32.3592],[75.2903,32.3633],[75.287,32.3662],[75.2854,32.3669],[75.2773,32.367],[75.2766,32.3665],[75.2747,32.3672],[75.2731,32.3672],[75.2652,32.3638],[75.2605,32.3639],[75.2589,32.3648],[75.2581,32.3664],[75.2564,32.3714],[75.2572,32.3727],[75.2583,32.3732],[75.2571,32.3766],[75.2571,32.3777],[75.2573,32.3816],[75.2566,32.3833],[75.255,32.385],[75.2529,32.3853],[75.249,32.3847],[75.2487,32.3842],[75.2474,32.3837],[75.2439,32.3805],[75.2428,32.3803],[75.2397,32.3798],[75.2389,32.3802],[75.2388,32.3807],[75.2378,32.3814],[75.2353,32.3832],[75.2342,32.3836],[75.2323,32.3865],[75.2307,32.3872],[75.2264,32.3872],[75.2262,32.3867],[75.2237,32.3869],[75.2229,32.3878],[75.2204,32.3928],[75.2183,32.3941],[75.2166,32.3952],[75.2132,32.3954],[75.2116,32.3943],[75.2102,32.3934],[75.2073,32.3929],[75.2065,32.3915],[75.2065,32.391],[75.2055,32.3906],[75.2005,32.3911],[75.1996,32.3912],[75.1993,32.3916],[75.1988,32.3916],[75.1971,32.393],[75.1966,32.393],[75.1925,32.3972],[75.1919,32.3986],[75.1929,32.4029],[75.194,32.4043],[75.1953,32.4043],[75.1956,32.4048],[75.1991,32.4057],[75.2014,32.408],[75.2014,32.4095],[75.2105,32.4146],[75.2219,32.4324],[75.2237,32.4478],[75.2374,32.4698],[75.2474,32.4916],[75.248,32.506],[75.2474,32.5203],[75.2457,32.5326],[75.246,32.5408],[75.2462,32.5408],[75.2801,32.5446],[75.3099,32.5618],[75.3356,32.5824],[75.3474,32.5978],[75.3712,32.6167],[75.373,32.6303],[75.3718,32.6304],[75.375,32.632],[75.3988,32.6559],[75.4206,32.668],[75.4547,32.6717],[75.4705,32.6888],[75.4762,32.716],[75.4879,32.7398],[75.516,32.7434],[75.5441,32.7419],[75.5902,32.7389],[75.6182,32.7459],[75.6543,32.7546],[75.6702,32.77],[75.682,32.7955],[75.6979,32.8109],[75.7259,32.8229],[75.7539,32.8316],[75.7799,32.8419],[75.7971,32.8447],[75.802,32.8455],[75.807,32.8473],[75.8082,32.8478],[75.8245,32.8538],[75.8245,32.8538],[75.8247,32.8538],[75.8249,32.8537],[75.8249,32.8536],[75.8324,32.8474],[75.8376,32.8431],[75.8441,32.8407],[75.854,32.8371],[75.8718,32.8264],[75.8904,32.8139],[75.8959,32.8054],[75.9022,32.7956],[75.9022,32.7956],[75.9166,32.7699],[75.9166,32.7699],[75.929,32.7571],[75.929,32.7571]]]},"properties":{"district_name":"Kathua","raw_district_name":"Kathua","state_code":"JK","state_name":"Jammu and Kashmir","census_code":7,"data_source":"DataMeet India Maps (Census 2011 Boundaries)"}},{"type":"Feature","geometry":{"type":"Polygon","coordinates":[[[75.7074,34.2158],[75.7417,34.1981],[75.7562,34.1677],[75.7687,34.1406],[75.7791,34.1237],[75.7935,34.1035],[75.8099,34.0917],[75.8324,34.0867],[75.8406,34.0834],[75.8631,34.0699],[75.8754,34.053],[75.9001,34.0226],[75.9247,34.0007],[75.9431,33.9872],[75.9736,33.9925],[76.0021,33.996],[76.0163,34.0011],[76.0428,33.9961],[76.0571,33.986],[76.0817,33.9539],[76.09,33.9234],[76.1105,33.8946],[76.1309,33.8744],[76.1615,33.8456],[76.19,33.8203],[76.2105,33.7864],[76.2187,33.7423],[76.2209,33.6949],[76.2332,33.6508],[76.2373,33.6305],[76.2496,33.6085],[76.28,33.6085],[76.3124,33.6221],[76.3224,33.6476],[76.3427,33.6629],[76.367,33.6731],[76.3974,33.668],[76.4258,33.6494],[76.4461,33.6307],[76.4705,33.6087],[76.4847,33.585],[76.5191,33.5612],[76.5414,33.5443],[76.5677,33.5273],[76.5818,33.5154],[76.5879,33.4951],[76.598,33.4764],[76.6162,33.4628],[76.6384,33.4459],[76.6647,33.4289],[76.6666,33.4136],[76.6727,33.4136],[76.6807,33.3865],[76.6767,33.3661],[76.6746,33.3492],[76.6867,33.339],[76.717,33.3305],[76.7331,33.3253],[76.7533,33.3219],[76.7755,33.3049],[76.7875,33.2828],[76.7911,33.2723],[76.7916,33.2708],[76.7916,33.2708],[76.7916,33.2707],[76.7936,33.2647],[76.7955,33.2591],[76.796,33.2549],[76.796,33.2549],[76.7816,33.2535],[76.778,33.2522],[76.7749,33.2498],[76.7734,33.2487],[76.7734,33.2487],[76.7732,33.2466],[76.7732,33.2466],[76.7756,33.2423],[76.7804,33.2387],[76.7779,33.2238],[76.774,33.219],[76.7685,33.2093],[76.7635,33.2035],[76.7601,33.1966],[76.7523,33.1923],[76.7485,33.1844],[76.7478,33.1786],[76.7321,33.1766],[76.7263,33.1805],[76.7146,33.1807],[76.7115,33.1768],[76.7031,33.1732],[76.6873,33.1726],[76.6773,33.1704],[76.6689,33.1711],[76.6585,33.164],[76.6448,33.1618],[76.6304,33.1653],[76.6174,33.1731],[76.6163,33.1759],[76.6167,33.1833],[76.6167,33.1833],[76.6151,33.1874],[76.6104,33.19],[76.6058,33.1894],[76.6018,33.1925],[76.6025,33.199],[76.604,33.2037],[76.604,33.2037],[76.604,33.2037],[76.5997,33.2063],[76.5946,33.2052],[76.5855,33.2065],[76.5808,33.2057],[76.5737,33.2063],[76.5653,33.209],[76.5598,33.2063],[76.552,33.1989],[76.538,33.2],[76.5235,33.1953],[76.5166,33.1963],[76.5137,33.1956],[76.5065,33.1897],[76.4868,33.1795],[76.4839,33.1795],[76.4733,33.183],[76.4679,33.1826],[76.4595,33.1801],[76.4475,33.1825],[76.4395,33.1815],[76.4254,33.1881],[76.4183,33.1863],[76.4094,33.1864],[76.4022,33.1826],[76.3975,33.1762],[76.3912,33.1732],[76.3838,33.1678],[76.3784,33.1625],[76.3765,33.1573],[76.3734,33.1544],[76.3697,33.1546],[76.3532,33.1461],[76.3331,33.13],[76.3244,33.127],[76.3094,33.12],[76.3055,33.113],[76.2924,33.1038],[76.2924,33.1038],[76.2943,33.1005],[76.2933,33.0979],[76.2887,33.0962],[76.2849,33.0859],[76.2726,33.0521],[76.2546,33.0324],[76.247,33.0306],[76.2467,33.0301],[76.2334,33.0284],[76.2055,33.0275],[76.1694,33.0229],[76.1611,33.0164],[76.1454,33.0101],[76.1376,33.0104],[76.1331,33.0086],[76.1244,33.0079],[76.1108,33.0049],[76.1111,33.0033],[76.1034,33.0129],[76.0893,33.0481],[76.0639,33.0789],[76.0455,33.0976],[76.0113,33.0995],[75.9961,33.0705],[75.9754,33.0577],[75.943,33.0569],[75.9006,33.0654],[75.8565,33.0725],[75.8421,33.0695],[75.8262,33.0581],[75.7952,33.0642],[75.8127,33.1206],[75.8245,33.1523],[75.7815,33.1772],[75.7434,33.1967],[75.7249,33.2153],[75.645,33.2228],[75.6288,33.2224],[75.6327,33.2484],[75.589,33.2896],[75.5579,33.3379],[75.5424,33.3607],[75.5287,33.3781],[75.502,33.3978],[75.4999,33.399],[75.5062,33.4062],[75.5181,33.4284],[75.534,33.4471],[75.5439,33.4744],[75.5598,33.4965],[75.5737,33.5187],[75.5754,33.5458],[75.567,33.5763],[75.5586,33.5999],[75.5481,33.6338],[75.5458,33.6592],[75.5354,33.6811],[75.5229,33.715],[75.5124,33.7386],[75.5019,33.7724],[75.4915,33.7944],[75.481,33.8164],[75.4766,33.8468],[75.4741,33.8824],[75.4718,33.9045],[75.4878,33.9317],[75.5057,33.9658],[75.5338,33.9948],[75.554,34.0103],[75.5702,34.0239],[75.5946,34.0275],[75.6107,34.0429],[75.6125,34.065],[75.6081,34.0938],[75.6079,34.1141],[75.6118,34.1328],[75.6299,34.1499],[75.6441,34.1635],[75.6644,34.1756],[75.6663,34.1908],[75.6702,34.2044],[75.6824,34.2113],[75.7069,34.2114],[75.7074,34.2158]]]},"properties":{"district_name":"Kishtwar","raw_district_name":"Kishtwar","state_code":"JK","state_name":"Jammu and Kashmir","census_code":18,"data_source":"DataMeet India Maps (Census 2011 Boundaries)"}},{"type":"Feature","geometry":{"type":"Polygon","coordinates":[[[75.1527,33.5786],[75.1456,33.5807],[75.1334,33.5789],[75.1236,33.5618],[75.1198,33.5431],[75.1263,33.5195],[75.1328,33.4958],[75.1231,33.4703],[75.101,33.4581],[75.0728,33.4527],[75.0403,33.4574],[75.018,33.4639],[75.0098,33.4612],[74.9977,33.4671],[74.9714,33.465],[74.9451,33.4647],[74.9208,33.4661],[74.9026,33.4641],[74.8845,33.4622],[74.8562,33.4584],[74.84,33.4582],[74.8237,33.4631],[74.8013,33.4712],[74.793,33.4847],[74.7742,33.5115],[74.7537,33.5248],[74.7314,33.5262],[74.7072,33.5207],[74.7016,33.5003],[74.6897,33.4865],[74.6555,33.4775],[74.6192,33.4702],[74.6054,33.4564],[74.6012,33.4525],[74.5972,33.4614],[74.5768,33.4695],[74.5564,33.476],[74.5545,33.4769],[74.5582,33.4845],[74.5393,33.513],[74.5306,33.54],[74.5239,33.567],[74.5235,33.5823],[74.5269,33.6095],[74.5245,33.6247],[74.5201,33.6433],[74.5176,33.6602],[74.5144,33.6628],[74.5196,33.6636],[74.5315,33.6723],[74.5475,33.6861],[74.5554,33.6922],[74.5779,33.6832],[74.6045,33.6735],[74.631,33.6688],[74.6473,33.6673],[74.6696,33.666],[74.7,33.6665],[74.7202,33.6701],[74.7384,33.6738],[74.7488,33.6754],[74.7571,33.6701],[74.7671,33.6414],[74.7786,33.6254],[74.8526,33.624],[74.8632,33.6425],[74.8631,33.6425],[74.8727,33.6583],[74.8817,33.6733],[74.9313,33.6939],[74.9747,33.7088],[74.9942,33.7121],[75.0264,33.7608],[75.0171,33.7877],[75.0217,33.7926],[75.0546,33.827],[75.055,33.8271],[75.1308,33.7202],[75.0875,33.6644],[75.0832,33.6507],[75.0919,33.6373],[75.1609,33.6229],[75.1527,33.5786]]]},"properties":{"district_name":"Kulgam","raw_district_name":"Kulgam","state_code":"JK","state_name":"Jammu and Kashmir","census_code":15,"data_source":"DataMeet India Maps (Census 2011 Boundaries)"}},{"type":"Feature","geometry":{"type":"Polygon","coordinates":[[[74.6035,34.8691],[74.5999,34.8639],[74.5819,34.845],[74.5721,34.8211],[74.5684,34.8041],[74.575,34.7872],[74.5835,34.7721],[74.5879,34.7603],[74.5842,34.745],[74.5785,34.7228],[74.5788,34.711],[74.5669,34.6921],[74.5488,34.6766],[74.539,34.6578],[74.531,34.6458],[74.5335,34.6288],[74.5359,34.6153],[74.5403,34.6018],[74.5468,34.5883],[74.551,34.5816],[74.5534,34.5681],[74.5497,34.5494],[74.5376,34.5407],[74.5216,34.5269],[74.5177,34.5166],[74.5099,34.5013],[74.5081,34.4894],[74.5043,34.4791],[74.4921,34.4738],[74.4779,34.4668],[74.4596,34.4614],[74.4434,34.4561],[74.4169,34.4505],[74.405,34.435],[74.3932,34.4162],[74.3877,34.3906],[74.3819,34.3787],[74.3781,34.3667],[74.3702,34.3564],[74.3656,34.3544],[74.3581,34.3511],[74.3377,34.3457],[74.3153,34.3419],[74.2889,34.3363],[74.2685,34.3342],[74.246,34.3338],[74.2318,34.3302],[74.2033,34.3262],[74.179,34.319],[74.1505,34.3134],[74.1384,34.3097],[74.1201,34.306],[74.0976,34.3038],[74.0733,34.2966],[74.0469,34.2909],[74.0246,34.2854],[74.02,34.2853],[74.0083,34.2851],[73.9937,34.2949],[73.9849,34.3134],[73.9699,34.3385],[73.9611,34.3587],[73.9522,34.3806],[73.9456,34.3974],[73.9307,34.4141],[73.9157,34.4358],[73.9089,34.4577],[73.9082,34.4797],[73.9097,34.4984],[73.9193,34.5173],[73.9352,34.5346],[73.9533,34.5468],[73.9775,34.5609],[74.014,34.5735],[74.0526,34.5862],[74.1014,34.599],[74.1402,34.6049],[74.175,34.6089],[74.2034,34.6197],[74.2236,34.6302],[74.252,34.6443],[74.2639,34.6581],[74.2779,34.6719],[74.3002,34.6825],[74.3206,34.6897],[74.3409,34.6968],[74.359,34.7124],[74.3666,34.7346],[74.3682,34.7549],[74.3863,34.7705],[74.4085,34.7862],[74.4409,34.8037],[74.4673,34.8177],[74.4938,34.8266],[74.5162,34.8388],[74.5345,34.8476],[74.5589,34.8582],[74.5752,34.8652],[74.5916,34.8689],[74.6035,34.8691]]]},"properties":{"district_name":"Kupwara","raw_district_name":"Kupwara","state_code":"JK","state_name":"Jammu and Kashmir","census_code":1,"data_source":"DataMeet India Maps (Census 2011 Boundaries)"}},{"type":"Feature","geometry":{"type":"Polygon","coordinates":[[[79.3847,35.9943],[79.3868,35.9905],[79.3885,35.9778],[79.3917,35.9711],[79.3918,35.9704],[79.3915,35.9697],[79.3921,35.9662],[79.3925,35.9549],[79.3967,35.9427],[79.3996,35.9341],[79.4031,35.9188],[79.4061,35.9134],[79.4091,35.9103],[79.4129,35.9047],[79.4169,35.9004],[79.4177,35.8997],[79.4188,35.8997],[79.4221,35.8965],[79.4256,35.8951],[79.4272,35.895],[79.4302,35.895],[79.4363,35.8943],[79.4375,35.8938],[79.4413,35.8936],[79.4421,35.8931],[79.4446,35.893],[79.4493,35.8914],[79.4538,35.8912],[79.4566,35.8906],[79.4702,35.8898],[79.473,35.89],[79.4744,35.8895],[79.4835,35.8884],[79.4862,35.8878],[79.4952,35.8876],[79.4966,35.8872],[79.4978,35.8867],[79.5032,35.8866],[79.5041,35.8862],[79.5049,35.8857],[79.5079,35.8857],[79.5087,35.8852],[79.5126,35.8845],[79.5166,35.884],[79.5172,35.8835],[79.5184,35.8835],[79.5216,35.8812],[79.5255,35.8798],[79.5288,35.8772],[79.5293,35.8772],[79.5306,35.8763],[79.5309,35.8759],[79.5347,35.8745],[79.5353,35.8738],[79.5358,35.8731],[79.5405,35.8713],[79.5419,35.87],[79.5456,35.8683],[79.547,35.8671],[79.553,35.8646],[79.5549,35.8641],[79.5555,35.8636],[79.5569,35.8634],[79.5571,35.863],[79.5599,35.8618],[79.5607,35.8618],[79.5616,35.8612],[79.5645,35.8606],[79.5706,35.8594],[79.5711,35.8589],[79.573,35.8589],[79.5763,35.8575],[79.5849,35.8569],[79.5865,35.8562],[79.5901,35.8553],[79.5972,35.8525],[79.6051,35.851],[79.6057,35.8505],[79.6079,35.8503],[79.615,35.8479],[79.6197,35.8476],[79.6233,35.8457],[79.6291,35.8443],[79.6323,35.8437],[79.6342,35.8428],[79.6353,35.8422],[79.6394,35.8413],[79.6405,35.8413],[79.6433,35.8401],[79.6443,35.8394],[79.6507,35.8391],[79.6553,35.8367],[79.6572,35.8367],[79.6578,35.8363],[79.6655,35.8353],[79.6699,35.8331],[79.6764,35.8317],[79.6773,35.831],[79.6789,35.8299],[79.6835,35.8287],[79.6868,35.8269],[79.6962,35.8249],[79.7029,35.8214],[79.712,35.8195],[79.7153,35.8174],[79.7164,35.8172],[79.7185,35.8113],[79.7198,35.8108],[79.7215,35.8108],[79.7228,35.8079],[79.725,35.806],[79.7269,35.8053],[79.7275,35.8052],[79.7354,35.8034],[79.7375,35.802],[79.7452,35.8008],[79.746,35.8003],[79.7541,35.8002],[79.7584,35.7992],[79.7615,35.7995],[79.7634,35.7996],[79.7645,35.7993],[79.7766,35.798],[79.786,35.7983],[79.7879,35.7978],[79.794,35.7973],[79.7964,35.7972],[79.803,35.7951],[79.8154,35.7938],[79.8263,35.7905],[79.8316,35.79],[79.8376,35.7894],[79.8412,35.788],[79.8472,35.7875],[79.856,35.7853],[79.864,35.7847],[79.8689,35.7828],[79.8711,35.783],[79.8756,35.785],[79.8761,35.7854],[79.8767,35.7854],[79.8826,35.7905],[79.8884,35.7966],[79.8903,35.7977],[79.8995,35.8071],[79.9052,35.813],[79.9061,35.8132],[79.9102,35.8172],[79.9113,35.8172],[79.9138,35.8194],[79.9149,35.8196],[79.9155,35.8196],[79.9186,35.8223],[79.924,35.8242],[79.9245,35.8249],[79.926,35.8252],[79.9297,35.827],[79.93,35.8274],[79.9355,35.8291],[79.9364,35.8298],[79.9367,35.8303],[79.9394,35.8307],[79.9397,35.8311],[79.9411,35.8313],[79.9422,35.8324],[79.9468,35.8339],[79.949,35.8343],[79.9495,35.8348],[79.9503,35.8354],[79.9531,35.8361],[79.9537,35.8367],[79.9539,35.8372],[79.9553,35.8374],[79.9559,35.8378],[79.9603,35.8389],[79.9722,35.8407],[79.9863,35.8402],[79.9868,35.8404],[79.9885,35.8404],[79.9992,35.8378],[80.0027,35.8343],[80.0032,35.8343],[80.0087,35.8315],[80.0101,35.8313],[80.0135,35.8272],[80.0141,35.8272],[80.0176,35.824],[80.0276,35.8125],[80.0322,35.8063],[80.0325,35.8059],[80.0337,35.8048],[80.0382,35.7998],[80.0395,35.7962],[80.044,35.7866],[80.0451,35.7853],[80.0476,35.7778],[80.0484,35.7753],[80.0497,35.7726],[80.0513,35.7686],[80.0528,35.7654],[80.0575,35.7529],[80.0582,35.7499],[80.0623,35.7454],[80.065,35.7444],[80.0661,35.7435],[80.0664,35.7431],[80.0691,35.7412],[80.0704,35.7408],[80.0736,35.7371],[80.0747,35.7366],[80.0753,35.7359],[80.0758,35.7359],[80.0761,35.7353],[80.0785,35.7336],[80.0799,35.7332],[80.0818,35.7307],[80.0823,35.7306],[80.0839,35.7293],[80.0842,35.7286],[80.0853,35.7281],[80.0858,35.7277],[80.0882,35.7252],[80.0885,35.7247],[80.0898,35.7222],[80.0923,35.7123],[80.0965,35.7027],[80.1,35.6977],[80.1026,35.691],[80.1033,35.6871],[80.1056,35.683],[80.1062,35.683],[80.1081,35.6809],[80.1111,35.68],[80.1119,35.6791],[80.1124,35.6784],[80.1136,35.6781],[80.1146,35.6777],[80.1154,35.677],[80.1196,35.6764],[80.1206,35.6762],[80.1244,35.6741],[80.1329,35.6726],[80.1332,35.6722],[80.1398,35.6705],[80.1408,35.6698],[80.1419,35.6691],[80.1463,35.6685],[80.1474,35.6677],[80.1524,35.6671],[80.1526,35.6667],[80.1553,35.6655],[80.1597,35.6649],[80.1603,35.6645],[80.1682,35.6625],[80.1699,35.6625],[80.1745,35.6604],[80.1833,35.6589],[80.1862,35.6573],[80.1879,35.6572],[80.1895,35.6572],[80.1912,35.6567],[80.193,35.6559],[80.1939,35.6551],[80.1968,35.6544],[80.1979,35.6544],[80.1984,35.654],[80.2021,35.6531],[80.2083,35.6499],[80.2155,35.6489],[80.2165,35.6482],[80.2176,35.6475],[80.224,35.6465],[80.2253,35.6458],[80.2264,35.6451],[80.2308,35.6443],[80.234,35.6422],[80.2373,35.6419],[80.241,35.6403],[80.2413,35.6399],[80.2427,35.6396],[80.2436,35.6387],[80.2471,35.6364],[80.2476,35.6357],[80.2509,35.6345],[80.2525,35.6331],[80.2531,35.6324],[80.2596,35.6301],[80.2604,35.6294],[80.2626,35.6288],[80.2639,35.628],[80.2672,35.627],[80.2713,35.6242],[80.2718,35.6235],[80.2743,35.6228],[80.2753,35.6217],[80.2759,35.6217],[80.2822,35.6149],[80.283,35.6147],[80.2855,35.6113],[80.2863,35.6106],[80.2896,35.6083],[80.2909,35.6074],[80.2915,35.6074],[80.2947,35.6024],[80.2953,35.6006],[80.2978,35.5943],[80.2984,35.5925],[80.3006,35.5881],[80.3021,35.5811],[80.306,35.5727],[80.3056,35.5711],[80.3068,35.5626],[80.3113,35.5542],[80.3125,35.5494],[80.3122,35.549],[80.316,35.5296],[80.3168,35.5261],[80.3176,35.523],[80.3201,35.5047],[80.3215,35.4985],[80.3271,35.4769],[80.3282,35.475],[80.3286,35.4726],[80.328,35.4697],[80.3263,35.4668],[80.3235,35.4653],[80.3213,35.4651],[80.3202,35.4642],[80.3194,35.4642],[80.318,35.4635],[80.31,35.4633],[80.3094,35.4628],[80.3058,35.4622],[80.305,35.462],[80.3047,35.4616],[80.3033,35.4618],[80.3014,35.4625],[80.3003,35.4617],[80.2997,35.4612],[80.2976,35.4608],[80.2961,35.4593],[80.2956,35.4589],[80.2911,35.4543],[80.2896,35.4528],[80.2811,35.4409],[80.2808,35.4395],[80.2813,35.4279],[80.2824,35.418],[80.2832,35.4145],[80.2839,35.4095],[80.284,35.396],[80.2835,35.3879],[80.2815,35.382],[80.275,35.3633],[80.2709,35.3442],[80.2665,35.3344],[80.2563,35.3177],[80.2545,35.3143],[80.2528,35.3107],[80.2481,35.3012],[80.2413,35.2905],[80.2397,35.2876],[80.2357,35.2766],[80.2317,35.26],[80.2298,35.2517],[80.2301,35.2497],[80.2289,35.2373],[80.2287,35.2281],[80.226,35.2211],[80.226,35.22],[80.2224,35.2141],[80.2207,35.2119],[80.2149,35.2038],[80.1946,35.1825],[80.191,35.1773],[80.1835,35.1667],[80.1784,35.1479],[80.1789,35.1461],[80.1785,35.1391],[80.1779,35.1369],[80.1799,35.1244],[80.1796,35.124],[80.1802,35.1176],[80.1838,35.091],[80.1859,35.0632],[80.1854,35.0576],[80.1839,35.0405],[80.1812,35.0297],[80.1776,35.0185],[80.1766,35.011],[80.1763,35.0086],[80.1748,35.0023],[80.1709,34.9889],[80.17,34.9874],[80.1672,34.9826],[80.1603,34.971],[80.151,34.9478],[80.1498,34.9456],[80.148,34.9424],[80.1415,34.9303],[80.1366,34.9191],[80.1301,34.9089],[80.1237,34.8934],[80.1228,34.8923],[80.1203,34.8892],[80.1194,34.8892],[80.1106,34.8729],[80.1068,34.868],[80.1061,34.8676],[80.1052,34.8669],[80.0939,34.8568],[80.0932,34.8566],[80.0901,34.8539],[80.0885,34.8537],[80.084,34.8488],[80.0735,34.8291],[80.0731,34.8284],[80.0719,34.821],[80.0697,34.8091],[80.069,34.8051],[80.068,34.7962],[80.067,34.7906],[80.0676,34.7848],[80.0682,34.7783],[80.0689,34.776],[80.0707,34.7601],[80.0704,34.7594],[80.0701,34.7586],[80.0714,34.7543],[80.0728,34.7461],[80.0727,34.7374],[80.0723,34.7356],[80.0726,34.7331],[80.0712,34.7233],[80.0708,34.7211],[80.0711,34.7197],[80.0702,34.7181],[80.069,34.7148],[80.0657,34.7121],[80.0635,34.7117],[80.0626,34.7111],[80.0619,34.7111],[80.0594,34.7105],[80.0591,34.71],[80.058,34.7091],[80.0514,34.7065],[80.0506,34.7065],[80.0475,34.7057],[80.0459,34.7055],[80.0445,34.7044],[80.0393,34.704],[80.0379,34.7034],[80.0365,34.7027],[80.0323,34.702],[80.0312,34.7015],[80.0264,34.7009],[80.0242,34.6999],[80.0228,34.6993],[80.0195,34.6989],[80.0181,34.699],[80.0159,34.6982],[80.0134,34.6979],[80.012,34.6972],[80.0056,34.6958],[79.9981,34.6946],[79.9964,34.6938],[79.9948,34.6931],[79.9916,34.6928],[79.991,34.6923],[79.9869,34.6921],[79.9858,34.6916],[79.9797,34.6904],[79.9787,34.6904],[79.9745,34.6887],[79.9652,34.6875],[79.9608,34.6855],[79.9537,34.6841],[79.95,34.6821],[79.9462,34.6819],[79.9454,34.6815],[79.9446,34.6811],[79.9364,34.6816],[79.9348,34.6823],[79.9331,34.6824],[79.9321,34.6828],[79.9324,34.6835],[79.931,34.6853],[79.9308,34.686],[79.9278,34.6872],[79.9175,34.6885],[79.9153,34.6897],[79.9036,34.6903],[79.9003,34.6913],[79.8779,34.6914],[79.8607,34.6888],[79.8604,34.6883],[79.8574,34.6875],[79.8562,34.6868],[79.8518,34.6833],[79.8513,34.6829],[79.8499,34.6826],[79.8437,34.676],[79.8429,34.6753],[79.8407,34.6735],[79.8387,34.672],[79.8341,34.67],[79.8335,34.6691],[79.8321,34.668],[79.8315,34.6676],[79.8248,34.6611],[79.8223,34.6564],[79.8217,34.6542],[79.8204,34.647],[79.8165,34.6434],[79.8121,34.6424],[79.8043,34.643],[79.8031,34.6425],[79.7957,34.6379],[79.794,34.6377],[79.7884,34.6342],[79.7877,34.6337],[79.7858,34.6331],[79.784,34.6324],[79.7805,34.6307],[79.778,34.6287],[79.7759,34.6276],[79.7738,34.6256],[79.772,34.6225],[79.7726,34.6205],[79.7747,34.6181],[79.7771,34.6169],[79.7788,34.6152],[79.7794,34.6126],[79.7804,34.6108],[79.7811,34.6103],[79.7828,34.6076],[79.7844,34.606],[79.7873,34.6006],[79.7925,34.5926],[79.793,34.5896],[79.7924,34.589],[79.7883,34.5872],[79.782,34.586],[79.7815,34.5856],[79.7777,34.5851],[79.7774,34.5847],[79.7757,34.584],[79.771,34.5821],[79.764,34.5738],[79.759,34.566],[79.758,34.5604],[79.7585,34.5547],[79.7595,34.5533],[79.7619,34.552],[79.7669,34.5517],[79.7696,34.5525],[79.775,34.552],[79.7763,34.5509],[79.7768,34.5498],[79.7825,34.5444],[79.7833,34.5439],[79.7852,34.5435],[79.7855,34.543],[79.7871,34.5421],[79.7882,34.5421],[79.7901,34.5418],[79.7925,34.5388],[79.7935,34.5384],[79.799,34.5376],[79.8027,34.5359],[79.8036,34.5359],[79.8041,34.5352],[79.8057,34.5343],[79.8092,34.5322],[79.8103,34.5313],[79.8146,34.5219],[79.8152,34.5202],[79.8152,34.5162],[79.815,34.5084],[79.8129,34.5038],[79.8145,34.5001],[79.8124,34.4969],[79.806,34.4966],[79.8044,34.4959],[79.8036,34.4947],[79.8033,34.4942],[79.8026,34.4941],[79.8006,34.4906],[79.7992,34.4884],[79.7973,34.4866],[79.7963,34.4864],[79.7954,34.4864],[79.7943,34.4855],[79.794,34.4851],[79.7918,34.4842],[79.7902,34.484],[79.7899,34.4836],[79.7886,34.4836],[79.7827,34.4821],[79.7811,34.4817],[79.7799,34.4815],[79.7688,34.4805],[79.7675,34.4801],[79.7592,34.4804],[79.7554,34.4809],[79.7435,34.4813],[79.7389,34.4809],[79.7337,34.4788],[79.7334,34.4783],[79.7249,34.4787],[79.723,34.4786],[79.7168,34.4786],[79.707,34.4796],[79.6982,34.4784],[79.6972,34.4785],[79.6958,34.4778],[79.6939,34.4785],[79.6931,34.479],[79.6846,34.4787],[79.6817,34.4797],[79.6805,34.4807],[79.6783,34.4817],[79.673,34.4836],[79.6689,34.4836],[79.6684,34.4832],[79.6665,34.4827],[79.6653,34.4819],[79.6645,34.4819],[79.6631,34.4797],[79.662,34.4797],[79.6609,34.4801],[79.6604,34.4813],[79.6591,34.4818],[79.6548,34.485],[79.6524,34.4884],[79.6513,34.4886],[79.6475,34.4887],[79.6437,34.4901],[79.6292,34.4897],[79.6241,34.4909],[79.6208,34.4907],[79.6089,34.492],[79.6071,34.4927],[79.6029,34.4944],[79.5973,34.5003],[79.5962,34.5008],[79.5933,34.5008],[79.591,34.4997],[79.5891,34.4982],[79.588,34.4975],[79.5871,34.4969],[79.585,34.4945],[79.5839,34.4934],[79.5831,34.4932],[79.5828,34.4925],[79.5802,34.4899],[79.575,34.4887],[79.5739,34.488],[79.5728,34.4873],[79.572,34.4873],[79.5709,34.4867],[79.5675,34.4858],[79.5659,34.4856],[79.5653,34.4851],[79.5646,34.4849],[79.5631,34.4847],[79.5625,34.4843],[79.5619,34.4841],[79.5563,34.4825],[79.5541,34.4819],[79.5525,34.4818],[79.5457,34.4798],[79.5435,34.479],[79.5374,34.4781],[79.5339,34.478],[79.5284,34.4765],[79.517,34.476],[79.5131,34.4749],[79.5085,34.4743],[79.5077,34.4723],[79.5095,34.4679],[79.5204,34.4558],[79.5255,34.4489],[79.5273,34.4455],[79.5281,34.437],[79.5283,34.4281],[79.5269,34.4216],[79.5271,34.4202],[79.5281,34.418],[79.5308,34.4157],[79.5316,34.4157],[79.5319,34.4152],[79.5346,34.4145],[79.5385,34.4116],[79.5394,34.411],[79.5419,34.4101],[79.5435,34.4098],[79.5506,34.4102],[79.5596,34.4112],[79.5612,34.41],[79.5619,34.4053],[79.5607,34.3994],[79.5549,34.3916],[79.554,34.388],[79.5605,34.3714],[79.562,34.3645],[79.5622,34.3635],[79.5624,34.3582],[79.5613,34.3429],[79.5598,34.335],[79.5598,34.334],[79.5596,34.3324],[79.5628,34.3243],[79.5703,34.317],[79.5757,34.3038],[79.5901,34.2862],[79.5906,34.2859],[79.5919,34.2828],[79.5922,34.2817],[79.5909,34.2777],[79.59,34.2732],[79.5903,34.2728],[79.588,34.2638],[79.5872,34.258],[79.5874,34.2564],[79.5857,34.2444],[79.5842,34.2384],[79.5792,34.2292],[79.5724,34.2229],[79.5716,34.2227],[79.5692,34.2205],[79.567,34.2198],[79.5648,34.2178],[79.5626,34.2174],[79.5618,34.2174],[79.5607,34.2168],[79.5596,34.2161],[79.552,34.2156],[79.5501,34.2151],[79.549,34.2145],[79.5464,34.2086],[79.5445,34.2073],[79.5437,34.2073],[79.5434,34.2069],[79.5401,34.2055],[79.5371,34.2058],[79.5358,34.2067],[79.5342,34.2077],[79.5312,34.2097],[79.5301,34.21],[79.529,34.2102],[79.5288,34.2107],[79.5282,34.2114],[79.5261,34.2118],[79.5256,34.2123],[79.5196,34.2129],[79.5182,34.2122],[79.5141,34.2111],[79.5122,34.2109],[79.5119,34.2105],[79.5111,34.2105],[79.5072,34.2058],[79.4948,34.18],[79.4918,34.1667],[79.4921,34.1658],[79.4911,34.162],[79.4897,34.1572],[79.49,34.1565],[79.489,34.1511],[79.4893,34.1488],[79.494,34.1411],[79.4947,34.1359],[79.4933,34.1338],[79.4873,34.1263],[79.4777,34.1167],[79.4726,34.1115],[79.4681,34.1075],[79.4674,34.1074],[79.4669,34.1074],[79.4661,34.1063],[79.4612,34.102],[79.4599,34.1016],[79.4568,34.0998],[79.4503,34.0969],[79.4462,34.0965],[79.4418,34.0946],[79.4342,34.0933],[79.4326,34.0927],[79.4304,34.0909],[79.4297,34.09],[79.4292,34.09],[79.4248,34.0826],[79.4203,34.0781],[79.4196,34.0761],[79.4164,34.0675],[79.4144,34.0632],[79.4142,34.0558],[79.4145,34.0549],[79.4153,34.0538],[79.4179,34.0524],[79.4203,34.048],[79.4214,34.0478],[79.4225,34.0476],[79.4246,34.0457],[79.43,34.0434],[79.4321,34.0397],[79.435,34.037],[79.4364,34.0347],[79.4379,34.0286],[79.4376,34.0279],[79.4337,34.023],[79.4271,34.0181],[79.4266,34.0174],[79.4259,34.0174],[79.4205,34.0146],[79.4197,34.0144],[79.4143,34.0149],[79.4121,34.0156],[79.407,34.0202],[79.4057,34.0222],[79.4058,34.0233],[79.4044,34.0238],[79.4039,34.0245],[79.4006,34.0257],[79.3999,34.0266],[79.3988,34.0271],[79.393,34.0281],[79.3917,34.0292],[79.3823,34.0311],[79.3809,34.0319],[79.3757,34.0334],[79.3725,34.0337],[79.3666,34.0349],[79.3654,34.0351],[79.3563,34.0365],[79.3555,34.0369],[79.3531,34.037],[79.3449,34.0378],[79.3417,34.0385],[79.3329,34.0397],[79.3251,34.0402],[79.3241,34.0403],[79.3211,34.041],[79.306,34.043],[79.297,34.0432],[79.2945,34.0427],[79.2845,34.0399],[79.2744,34.0394],[79.2722,34.0401],[79.269,34.0433],[79.2688,34.044],[79.2645,34.0459],[79.2642,34.0463],[79.2637,34.047],[79.2628,34.047],[79.2626,34.0475],[79.2602,34.0484],[79.2583,34.0487],[79.2535,34.0498],[79.253,34.0503],[79.2511,34.0503],[79.2477,34.0513],[79.2379,34.0512],[79.2369,34.0517],[79.2312,34.0526],[79.2198,34.0528],[79.2138,34.0522],[79.211,34.0512],[79.2103,34.0509],[79.207,34.0504],[79.2007,34.0509],[79.1989,34.0515],[79.1981,34.0512],[79.1937,34.0547],[79.1887,34.0618],[79.1879,34.062],[79.1832,34.0663],[79.1799,34.0702],[79.1788,34.0721],[79.1772,34.0726],[79.1712,34.0729],[79.1682,34.0718],[79.1671,34.0681],[79.1649,34.0666],[79.1611,34.0664],[79.1535,34.0683],[79.1516,34.0681],[79.1496,34.0652],[79.1491,34.0632],[79.1473,34.0461],[79.1472,34.0453],[79.146,34.0431],[79.1438,34.0352],[79.1388,34.0301],[79.1358,34.0272],[79.1352,34.0268],[79.1344,34.0266],[79.1325,34.0249],[79.1314,34.0247],[79.1311,34.0243],[79.1224,34.0228],[79.1218,34.0223],[79.1202,34.0217],[79.1167,34.0215],[79.1126,34.0197],[79.1024,34.0198],[79.1002,34.0203],[79.0955,34.0204],[79.0893,34.0218],[79.0841,34.0219],[79.0828,34.0224],[79.0825,34.0228],[79.0784,34.0242],[79.0771,34.0242],[79.0717,34.0254],[79.0657,34.0282],[79.062,34.0287],[79.0592,34.0303],[79.0573,34.0309],[79.0565,34.0309],[79.0563,34.0314],[79.0549,34.0315],[79.0544,34.0322],[79.0541,34.0327],[79.0514,34.0338],[79.0468,34.0348],[79.0444,34.0357],[79.0425,34.0382],[79.0409,34.0387],[79.0401,34.0387],[79.0375,34.0412],[79.0361,34.0417],[79.0347,34.0422],[79.0337,34.044],[79.0318,34.0447],[79.0302,34.0452],[79.028,34.0484],[79.0259,34.0491],[79.0251,34.0491],[79.0235,34.05],[79.0224,34.0509],[79.0148,34.0503],[79.0085,34.0472],[79.0049,34.0468],[79.0035,34.0462],[78.9998,34.0446],[78.999,34.0446],[78.9982,34.0439],[78.9967,34.0436],[78.9932,34.042],[78.9921,34.042],[78.9872,34.0409],[78.9869,34.0405],[78.9861,34.0405],[78.9859,34.04],[78.9809,34.038],[78.9796,34.0369],[78.9784,34.036],[78.9747,34.0356],[78.9733,34.0354],[78.9701,34.0344],[78.9687,34.0337],[78.9678,34.0334],[78.9654,34.033],[78.9643,34.033],[78.9632,34.0323],[78.9618,34.0321],[78.9591,34.0308],[78.9588,34.0303],[78.9575,34.0304],[78.9539,34.0295],[78.9528,34.0289],[78.952,34.0289],[78.949,34.0269],[78.9433,34.0249],[78.9422,34.0249],[78.9416,34.0242],[78.9406,34.024],[78.9378,34.0205],[78.9325,34.0121],[78.9272,33.9991],[78.9234,33.9937],[78.9197,33.9892],[78.9114,33.9813],[78.9109,33.9809],[78.909,33.9802],[78.9082,33.9803],[78.9063,33.9776],[78.9057,33.9762],[78.9051,33.9719],[78.9067,33.9689],[78.908,33.9671],[78.9112,33.9641],[78.9118,33.9641],[78.912,33.9635],[78.9139,33.9625],[78.9144,33.9616],[78.9179,33.9602],[78.9188,33.9593],[78.9193,33.9588],[78.9198,33.9588],[78.9212,33.9573],[78.9227,33.9538],[78.9343,33.9335],[78.937,33.9272],[78.9402,33.9247],[78.9457,33.9239],[78.9483,33.9207],[78.9494,33.9166],[78.9488,33.9157],[78.9477,33.9153],[78.9469,33.9151],[78.9438,33.9086],[78.9497,33.9033],[78.9527,33.9024],[78.9545,33.8989],[78.9553,33.8935],[78.9535,33.8892],[78.9617,33.871],[78.9678,33.8596],[78.9728,33.8521],[78.9734,33.8519],[78.974,33.8513],[78.9752,33.8498],[78.9795,33.8425],[78.9802,33.8405],[78.995,33.8147],[79.0008,33.8033],[79.0046,33.7985],[79.0065,33.7976],[79.0078,33.7976],[79.0083,33.798],[79.0157,33.7984],[79.0173,33.7991],[79.0192,33.7988],[79.0197,33.7968],[79.0194,33.7961],[79.0131,33.7882],[79.0125,33.7869],[79.0135,33.7835],[79.0168,33.7787],[79.0202,33.7757],[79.0213,33.7753],[79.0245,33.7752],[79.0286,33.7772],[79.0309,33.782],[79.032,33.7835],[79.0341,33.7837],[79.0349,33.783],[79.036,33.7828],[79.0366,33.7819],[79.0379,33.7766],[79.039,33.7738],[79.0408,33.7707],[79.0432,33.7674],[79.0449,33.7664],[79.0473,33.7661],[79.0496,33.7667],[79.0508,33.7676],[79.0519,33.7699],[79.053,33.7752],[79.0538,33.7784],[79.0554,33.7798],[79.0572,33.7809],[79.0589,33.7812],[79.0603,33.7803],[79.0612,33.7785],[79.0615,33.7764],[79.0611,33.7717],[79.0613,33.7698],[79.0623,33.7681],[79.0654,33.7655],[79.0676,33.7633],[79.0686,33.7607],[79.069,33.7578],[79.0685,33.7564],[79.0665,33.7552],[79.0643,33.7547],[79.0621,33.7544],[79.0612,33.7537],[79.0597,33.7527],[79.0565,33.7524],[79.0524,33.7521],[79.0502,33.7517],[79.0477,33.7509],[79.0448,33.7505],[79.043,33.7497],[79.0423,33.7482],[79.0414,33.7468],[79.0417,33.7449],[79.0425,33.7428],[79.0433,33.7404],[79.0431,33.7385],[79.0419,33.7368],[79.0391,33.7351],[79.0363,33.7333],[79.0339,33.7317],[79.0328,33.7313],[79.0262,33.7227],[79.0231,33.7161],[79.0205,33.7057],[79.0242,33.698],[79.029,33.6918],[79.0381,33.6844],[79.0416,33.6833],[79.0424,33.6826],[79.044,33.6816],[79.0445,33.6812],[79.0454,33.6812],[79.054,33.6781],[79.0609,33.6778],[79.0648,33.6776],[79.0718,33.6791],[79.0762,33.6829],[79.0806,33.6844],[79.0808,33.6849],[79.0814,33.6853],[79.0835,33.6866],[79.084,33.6872],[79.0863,33.6884],[79.0896,33.6884],[79.0898,33.6879],[79.0912,33.687],[79.0921,33.6795],[79.0916,33.6759],[79.0905,33.6585],[79.0905,33.6571],[79.0915,33.6528],[79.0964,33.6378],[79.1053,33.6225],[79.1071,33.6169],[79.1068,33.6164],[79.1071,33.6148],[79.1066,33.6141],[79.1055,33.6137],[79.0995,33.6137],[79.0983,33.6142],[79.0933,33.6165],[79.0925,33.6165],[79.0917,33.6172],[79.0877,33.6175],[79.0839,33.6194],[79.0742,33.6215],[79.0724,33.6231],[79.0694,33.6238],[79.0675,33.6259],[79.0654,33.6268],[79.0601,33.6271],[79.0478,33.6277],[79.0448,33.6275],[79.0429,33.6264],[79.041,33.626],[79.0351,33.6265],[79.0302,33.6261],[79.0296,33.6257],[79.0277,33.6255],[79.0245,33.6242],[79.0234,33.6235],[79.0201,33.6235],[79.0193,33.6229],[79.019,33.6224],[79.0141,33.6211],[79.0139,33.6206],[79.0103,33.619],[79.0057,33.6169],[78.9997,33.6122],[78.997,33.6115],[78.9899,33.6112],[78.9845,33.6121],[78.984,33.6126],[78.9829,33.6126],[78.9797,33.6138],[78.9783,33.6145],[78.9772,33.6145],[78.9719,33.6159],[78.9713,33.6164],[78.9607,33.6182],[78.9538,33.6202],[78.9498,33.6207],[78.949,33.6214],[78.9466,33.6228],[78.9458,33.6228],[78.9414,33.6244],[78.936,33.6277],[78.9326,33.6288],[78.928,33.6314],[78.9242,33.6319],[78.9224,33.6332],[78.9192,33.6336],[78.9167,33.6323],[78.9145,33.6279],[78.9153,33.6262],[78.9171,33.6224],[78.9171,33.6163],[78.916,33.6025],[78.9172,33.5966],[78.9176,33.5943],[78.9178,33.5936],[78.9182,33.5871],[78.917,33.5805],[78.9173,33.5796],[78.9165,33.5796],[78.9153,33.576],[78.9152,33.5743],[78.9158,33.5726],[78.9178,33.5713],[78.921,33.5698],[78.9215,33.5687],[78.9249,33.565],[78.9269,33.561],[78.9272,33.5603],[78.927,33.5598],[78.9278,33.5598],[78.9288,33.557],[78.9314,33.5494],[78.9406,33.5266],[78.9416,33.5213],[78.9428,33.5093],[78.9416,33.5005],[78.9418,33.4996],[78.9398,33.4943],[78.9393,33.4934],[78.9382,33.491],[78.9371,33.4906],[78.936,33.489],[78.9325,33.4781],[78.9315,33.4739],[78.9308,33.4655],[78.9322,33.4484],[78.9329,33.4443],[78.9328,33.4398],[78.9333,33.4328],[78.9369,33.4211],[78.94,33.413],[78.9403,33.4123],[78.9422,33.4107],[78.9435,33.41],[78.95,33.4084],[78.9515,33.4036],[78.9517,33.3909],[78.9537,33.3811],[78.9548,33.3802],[78.9561,33.38],[78.9591,33.3783],[78.9601,33.3776],[78.9663,33.3764],[78.9687,33.3755],[78.9697,33.3741],[78.9719,33.3687],[78.9723,33.365],[78.9724,33.3643],[78.9721,33.363],[78.9726,33.3605],[78.9739,33.3589],[78.9744,33.3589],[78.9803,33.3559],[78.9831,33.3461],[78.9859,33.34],[78.9892,33.3335],[78.99,33.3329],[78.9924,33.3317],[78.9934,33.3308],[78.9964,33.3305],[78.997,33.331],[79.0005,33.3316],[79.0011,33.3319],[79.007,33.3322],[79.0124,33.3346],[79.0135,33.3346],[79.0159,33.3348],[79.0165,33.3355],[79.0178,33.3355],[79.0211,33.3329],[79.0223,33.3323],[79.024,33.3318],[79.0258,33.3293],[79.0309,33.3274],[79.0323,33.3264],[79.0354,33.3241],[79.0368,33.3239],[79.0376,33.3239],[79.0419,33.3209],[79.0429,33.3207],[79.0435,33.32],[79.0451,33.3195],[79.0464,33.3193],[79.0466,33.3188],[79.048,33.3186],[79.054,33.316],[79.0619,33.3098],[79.0673,33.3079],[79.07,33.307],[79.0711,33.3063],[79.0727,33.3063],[79.0735,33.3058],[79.0746,33.3052],[79.0765,33.3042],[79.0775,33.3039],[79.0783,33.3039],[79.0786,33.3035],[79.0788,33.303],[79.0866,33.3],[79.0892,33.2977],[79.0914,33.2972],[79.0963,33.2953],[79.0973,33.2946],[79.1027,33.2941],[79.1108,33.2919],[79.1129,33.2917],[79.1189,33.2921],[79.1237,33.2909],[79.125,33.2902],[79.1269,33.2899],[79.1342,33.2901],[79.1402,33.292],[79.1442,33.2927],[79.1484,33.2926],[79.1502,33.2926],[79.1583,33.2917],[79.1639,33.2902],[79.1663,33.2901],[79.1672,33.2906],[79.169,33.291],[79.1706,33.291],[79.1769,33.2945],[79.1863,33.2939],[79.1898,33.2926],[79.1941,33.2923],[79.2038,33.2922],[79.2086,33.2924],[79.2135,33.2935],[79.2167,33.2937],[79.2224,33.295],[79.2309,33.2963],[79.2347,33.2979],[79.2384,33.2974],[79.2406,33.2978],[79.2503,33.2958],[79.2556,33.2933],[79.2559,33.2928],[79.2615,33.2914],[79.2645,33.2893],[79.2674,33.2888],[79.2753,33.2853],[79.2779,33.2842],[79.2794,33.2839],[79.297,33.2807],[79.3066,33.277],[79.3101,33.2746],[79.3133,33.2744],[79.3149,33.2737],[79.3157,33.2732],[79.3276,33.2726],[79.3298,33.2735],[79.333,33.2734],[79.3379,33.2752],[79.339,33.2752],[79.3403,33.2751],[79.3414,33.2758],[79.3444,33.2771],[79.3498,33.2784],[79.3517,33.2788],[79.3575,33.2812],[79.3584,33.2816],[79.3606,33.2818],[79.3658,33.2827],[79.3701,33.2827],[79.3758,33.2817],[79.3795,33.2798],[79.3817,33.2793],[79.3827,33.2793],[79.389,33.2776],[79.3898,33.2772],[79.3909,33.2772],[79.3974,33.275],[79.4063,33.2727],[79.4112,33.2724],[79.4137,33.2715],[79.4176,33.2702],[79.4233,33.2695],[79.4265,33.268],[79.4303,33.268],[79.4346,33.2666],[79.4356,33.2665],[79.4475,33.2648],[79.4493,33.2639],[79.4534,33.2604],[79.4541,33.2588],[79.4549,33.2585],[79.4556,33.2554],[79.4561,33.2504],[79.4532,33.2425],[79.4535,33.2405],[79.4524,33.2308],[79.4512,33.2253],[79.4506,33.2173],[79.4467,33.2058],[79.4394,33.1918],[79.4383,33.1898],[79.4351,33.1846],[79.4341,33.1832],[79.4306,33.1779],[79.4307,33.1772],[79.4305,33.1767],[79.4296,33.1765],[79.4275,33.1725],[79.4186,33.16],[79.4116,33.1514],[79.4054,33.144],[79.3994,33.1335],[79.3934,33.1244],[79.389,33.1142],[79.3879,33.1113],[79.3876,33.1106],[79.3814,33.0978],[79.3774,33.0847],[79.3771,33.0825],[79.3773,33.0819],[79.3781,33.0791],[79.3818,33.0749],[79.3818,33.0742],[79.3835,33.0712],[79.3852,33.0696],[79.3855,33.0691],[79.3855,33.0684],[79.392,33.0573],[79.3935,33.0541],[79.3948,33.0461],[79.3955,33.0439],[79.3954,33.043],[79.3938,33.0362],[79.3904,33.0333],[79.388,33.032],[79.3831,33.0284],[79.3823,33.0277],[79.3802,33.0275],[79.3745,33.0249],[79.3731,33.0249],[79.3676,33.0234],[79.3655,33.0226],[79.3628,33.0219],[79.3543,33.0211],[79.3504,33.0202],[79.3467,33.0198],[79.3461,33.0194],[79.345,33.0185],[79.341,33.0185],[79.3407,33.0181],[79.3377,33.017],[79.3356,33.0163],[79.3347,33.0154],[79.3323,33.0139],[79.332,33.0121],[79.3333,33.0105],[79.3392,33.0077],[79.3408,33.0065],[79.3448,33.0055],[79.3469,33.0055],[79.3477,33.005],[79.3504,33.005],[79.3509,33.0045],[79.352,33.0036],[79.3552,33.0029],[79.3563,33.0013],[79.3574,33.0008],[79.3576,32.9999],[79.3597,32.9965],[79.3608,32.9953],[79.3633,32.9934],[79.365,32.993],[79.3664,32.9921],[79.3672,32.992],[79.3674,32.9916],[79.3682,32.9909],[79.3725,32.9904],[79.3733,32.9897],[79.3778,32.9895],[79.3796,32.9895],[79.3802,32.989],[79.3808,32.989],[79.3814,32.9889],[79.3841,32.9891],[79.3858,32.9823],[79.3855,32.9807],[79.3835,32.9723],[79.3842,32.9696],[79.3856,32.968],[79.3907,32.9674],[79.3969,32.9693],[79.4023,32.9702],[79.4093,32.9701],[79.4141,32.9676],[79.4154,32.9675],[79.4154,32.9671],[79.4194,32.9629],[79.4207,32.9622],[79.4223,32.9615],[79.4223,32.9611],[79.4236,32.9588],[79.4241,32.9588],[79.4256,32.957],[79.4262,32.9558],[79.4284,32.9544],[79.4291,32.9542],[79.4331,32.95],[79.4342,32.9487],[79.4379,32.9455],[79.4391,32.9445],[79.4397,32.9445],[79.445,32.9385],[79.459,32.9258],[79.4625,32.9219],[79.464,32.9201],[79.4695,32.9123],[79.4711,32.909],[79.4815,32.891],[79.4841,32.888],[79.4852,32.8871],[79.4889,32.8813],[79.4925,32.8774],[79.4963,32.8762],[79.4981,32.8746],[79.5007,32.8722],[79.5015,32.872],[79.5017,32.8713],[79.5062,32.8672],[79.5079,32.8649],[79.5088,32.8636],[79.5161,32.8557],[79.5308,32.8358],[79.5421,32.8222],[79.5467,32.813],[79.5527,32.8046],[79.5551,32.8029],[79.5641,32.7939],[79.568,32.7868],[79.5733,32.7824],[79.5743,32.7822],[79.5778,32.7826],[79.5784,32.7826],[79.5816,32.7816],[79.5823,32.7811],[79.5847,32.7761],[79.5863,32.7752],[79.5863,32.7747],[79.5871,32.7745],[79.5873,32.774],[79.5903,32.7738],[79.5915,32.7746],[79.5925,32.7755],[79.5962,32.7769],[79.5971,32.7768],[79.5981,32.7775],[79.6019,32.7774],[79.6032,32.777],[79.6139,32.765],[79.6146,32.7643],[79.6197,32.7533],[79.6199,32.7526],[79.6213,32.7504],[79.6223,32.7472],[79.6228,32.746],[79.6244,32.7448],[79.6262,32.743],[79.6272,32.7393],[79.6269,32.7375],[79.6175,32.7243],[79.6134,32.7211],[79.6009,32.7077],[79.5972,32.7028],[79.5935,32.6983],[79.5849,32.6867],[79.5784,32.6787],[79.5773,32.6782],[79.576,32.6765],[79.5742,32.6754],[79.5671,32.6733],[79.5668,32.6728],[79.5651,32.6706],[79.559,32.6622],[79.5475,32.6483],[79.5392,32.6376],[79.5157,32.6081],[79.5024,32.5964],[79.5016,32.5961],[79.5,32.5945],[79.4983,32.5938],[79.4978,32.5938],[79.494,32.5903],[79.4934,32.5903],[79.4906,32.5886],[79.4899,32.5878],[79.4843,32.5858],[79.4832,32.5849],[79.4812,32.5843],[79.4741,32.578],[79.4718,32.5772],[79.471,32.5766],[79.4698,32.5763],[79.4672,32.5715],[79.4668,32.5696],[79.4658,32.5627],[79.4617,32.553],[79.4558,32.5424],[79.4481,32.5325],[79.4465,32.5316],[79.4398,32.5294],[79.429,32.5285],[79.425,32.5276],[79.4242,32.5272],[79.4132,32.5278],[79.4068,32.5297],[79.4007,32.5343],[79.3994,32.5371],[79.3963,32.5562],[79.3974,32.5621],[79.3954,32.5706],[79.3945,32.5723],[79.3891,32.5739],[79.3885,32.5741],[79.388,32.5745],[79.3859,32.5748],[79.3848,32.5755],[79.3795,32.5764],[79.3768,32.5787],[79.376,32.5788],[79.3744,32.5792],[79.3742,32.5797],[79.3723,32.5809],[79.3691,32.5814],[79.3678,32.5821],[79.3667,32.5828],[79.36,32.5836],[79.3496,32.588],[79.348,32.5882],[79.3437,32.5896],[79.3434,32.5901],[79.3423,32.5901],[79.3409,32.5909],[79.3403,32.5918],[79.3395,32.592],[79.3339,32.5919],[79.3334,32.5926],[79.3302,32.5935],[79.3229,32.5934],[79.3207,32.5927],[79.3205,32.5923],[79.318,32.5902],[79.3162,32.5864],[79.3111,32.5718],[79.3088,32.5688],[79.3078,32.5688],[79.3047,32.5625],[79.2951,32.5501],[79.284,32.5403],[79.2818,32.5385],[79.2807,32.5385],[79.2772,32.534],[79.2761,32.5338],[79.2736,32.5324],[79.2677,32.5314],[79.265,32.5314],[79.2613,32.5328],[79.2581,32.5329],[79.257,32.5336],[79.256,32.5343],[79.2509,32.5341],[79.2462,32.5253],[79.2434,32.5167],[79.2439,32.516],[79.2428,32.5145],[79.2416,32.5099],[79.2411,32.5092],[79.2378,32.5059],[79.2335,32.5043],[79.2332,32.5039],[79.2322,32.503],[79.2301,32.5024],[79.2294,32.5018],[79.2288,32.5015],[79.228,32.5015],[79.2266,32.5006],[79.2232,32.4992],[79.2222,32.499],[79.2219,32.4986],[79.2208,32.4984],[79.2197,32.497],[79.2176,32.4961],[79.2165,32.4959],[79.2132,32.4931],[79.2118,32.4918],[79.207,32.4899],[79.2021,32.4861],[79.1959,32.4837],[79.1951,32.483],[79.183,32.4811],[79.1479,32.4811],[79.1418,32.4786],[79.1403,32.4784],[79.1398,32.4777],[79.1391,32.4774],[79.1374,32.4769],[79.1355,32.4747],[79.132,32.4709],[79.1313,32.4661],[79.1342,32.4588],[79.1365,32.4559],[79.1371,32.4558],[79.1376,32.4549],[79.1405,32.4535],[79.1413,32.4526],[79.1466,32.4429],[79.1473,32.437],[79.1469,32.4352],[79.1453,32.4314],[79.1442,32.4238],[79.1443,32.4227],[79.1432,32.4205],[79.1422,32.4194],[79.1416,32.4194],[79.1386,32.4176],[79.1349,32.4172],[79.1343,32.4167],[79.1338,32.4163],[79.1328,32.416],[79.1284,32.4143],[79.1257,32.4136],[79.1232,32.4096],[79.1215,32.4001],[79.121,32.3994],[79.1212,32.3987],[79.1209,32.3939],[79.1202,32.3922],[79.1189,32.3889],[79.1151,32.3842],[79.1135,32.3833],[79.1089,32.3829],[79.1084,32.3838],[79.1082,32.3843],[79.1068,32.3843],[79.1057,32.3843],[79.1052,32.3848],[79.1031,32.3855],[79.1024,32.3856],[79.0986,32.3858],[79.0976,32.3862],[79.0913,32.3865],[79.0894,32.3873],[79.0887,32.3877],[79.0796,32.3883],[79.0785,32.3888],[79.0745,32.3893],[79.074,32.3897],[79.071,32.3907],[79.0606,32.3906],[79.0544,32.3891],[79.0517,32.3891],[79.049,32.388],[79.0442,32.3878],[79.0402,32.3865],[79.0337,32.3859],[79.0335,32.3855],[79.0283,32.3832],[79.0281,32.3828],[79.0235,32.381],[79.0224,32.3801],[79.0221,32.3797],[79.0213,32.3797],[79.0146,32.3773],[79.0086,32.3705],[78.9938,32.3452],[78.9892,32.3398],[78.9854,32.338],[78.9819,32.3378],[78.9811,32.3385],[78.9801,32.339],[78.979,32.3392],[78.9774,32.342],[78.9706,32.3516],[78.9678,32.3589],[78.9617,32.3661],[78.9601,32.367],[78.9526,32.3668],[78.95,32.3673],[78.9479,32.3691],[78.9468,32.3693],[78.9444,32.3719],[78.9442,32.3726],[78.9407,32.3738],[78.9404,32.3742],[78.9402,32.3747],[78.9393,32.3747],[78.9391,32.3752],[78.9377,32.3754],[78.9327,32.3779],[78.9298,32.3793],[78.921,32.383],[78.9197,32.3841],[78.9154,32.3866],[78.9152,32.3871],[78.9133,32.3877],[78.9119,32.3882],[78.9117,32.3887],[78.9115,32.3891],[78.9081,32.3902],[78.9079,32.3906],[78.9053,32.3917],[78.9048,32.3924],[78.9035,32.3929],[78.8983,32.3976],[78.8978,32.3976],[78.8946,32.4008],[78.8926,32.4021],[78.8881,32.406],[78.8873,32.4062],[78.8753,32.4172],[78.8724,32.4206],[78.8701,32.4241],[78.8652,32.4303],[78.8626,32.4372],[78.8589,32.4406],[78.853,32.4409],[78.8514,32.4405],[78.8503,32.4401],[78.8468,32.4401],[78.8463,32.4397],[78.842,32.4385],[78.8412,32.4379],[78.8398,32.437],[78.8344,32.4361],[78.8326,32.4364],[78.8272,32.4387],[78.8231,32.449],[78.8203,32.4624],[78.8169,32.4681],[78.8164,32.4691],[78.8139,32.4728],[78.8095,32.4773],[78.8071,32.4817],[78.8051,32.4903],[78.8051,32.4915],[78.8038,32.4931],[78.8009,32.498],[78.7986,32.502],[78.7978,32.504],[78.7932,32.5193],[78.7915,32.5294],[78.7908,32.532],[78.7904,32.5332],[78.7891,32.5359],[78.782,32.5467],[78.7768,32.5584],[78.7755,32.5688],[78.7764,32.5731],[78.7814,32.5782],[78.7833,32.58],[78.7838,32.5805],[78.7851,32.581],[78.7862,32.5817],[78.787,32.5826],[78.7875,32.5826],[78.7897,32.5834],[78.7908,32.5855],[78.7916,32.5857],[78.7943,32.5891],[78.7971,32.5984],[78.7957,32.61],[78.7959,32.6104],[78.7954,32.6125],[78.7925,32.6184],[78.7888,32.6223],[78.7864,32.623],[78.7846,32.6251],[78.784,32.6251],[78.783,32.6253],[78.78,32.6279],[78.7792,32.6281],[78.774,32.6352],[78.7727,32.6411],[78.771,32.6435],[78.7656,32.6494],[78.7632,32.6535],[78.7627,32.6551],[78.7637,32.6583],[78.7652,32.6628],[78.7659,32.6732],[78.7691,32.6864],[78.7697,32.6902],[78.7698,32.6921],[78.7694,32.6961],[78.7691,32.6971],[78.7675,32.6975],[78.7627,32.6978],[78.7613,32.6974],[78.7537,32.689],[78.7496,32.6816],[78.7423,32.6737],[78.7339,32.6672],[78.7279,32.6647],[78.7274,32.6641],[78.7263,32.6639],[78.7239,32.6621],[78.7236,32.6616],[78.7231,32.6612],[78.7147,32.6583],[78.7067,32.6569],[78.7061,32.6568],[78.7037,32.6566],[78.6908,32.6569],[78.6892,32.6574],[78.6804,32.6584],[78.6727,32.6578],[78.6719,32.6573],[78.6697,32.6572],[78.6687,32.6565],[78.6677,32.6565],[78.6664,32.6556],[78.6629,32.654],[78.6623,32.654],[78.6621,32.6536],[78.6554,32.6427],[78.6515,32.6365],[78.6499,32.6343],[78.6479,32.6315],[78.6415,32.616],[78.6406,32.6128],[78.639,32.6097],[78.6338,32.6036],[78.6332,32.6036],[78.6322,32.6025],[78.6312,32.6023],[78.6285,32.6012],[78.6279,32.6005],[78.6238,32.5983],[78.6225,32.5981],[78.6212,32.5972],[78.6209,32.5967],[78.6201,32.5967],[78.619,32.5961],[78.6161,32.5961],[78.6142,32.5975],[78.6086,32.6062],[78.606,32.6073],[78.6019,32.609],[78.6001,32.6088],[78.5998,32.6092],[78.5951,32.6104],[78.5937,32.6115],[78.5929,32.6124],[78.5921,32.6127],[78.59,32.6145],[78.5889,32.6152],[78.5881,32.6159],[78.5812,32.6165],[78.578,32.6174],[78.5734,32.6176],[78.5726,32.6172],[78.5713,32.6172],[78.5659,32.6152],[78.5589,32.6141],[78.5548,32.6116],[78.5538,32.6117],[78.5521,32.6112],[78.5467,32.6103],[78.5417,32.6102],[78.5357,32.6086],[78.5347,32.6078],[78.5339,32.6068],[78.532,32.6064],[78.532,32.6059],[78.5301,32.6043],[78.5294,32.6041],[78.5291,32.6034],[78.519,32.5931],[78.5149,32.5895],[78.5133,32.5891],[78.5125,32.5889],[78.512,32.5882],[78.5098,32.5866],[78.5082,32.5862],[78.5063,32.5851],[78.5017,32.5835],[78.5006,32.5826],[78.4996,32.5817],[78.496,32.5809],[78.488,32.5806],[78.4864,32.5809],[78.4832,32.5825],[78.48,32.5829],[78.4792,32.5834],[78.4725,32.5835],[78.4598,32.58],[78.4572,32.578],[78.4561,32.578],[78.4536,32.5755],[78.4493,32.5739],[78.4477,32.5726],[78.4469,32.5717],[78.4464,32.5717],[78.4439,32.5699],[78.4366,32.5616],[78.4314,32.5509],[78.4306,32.5489],[78.4305,32.5482],[78.4292,32.5405],[78.4299,32.5336],[78.4294,32.5332],[78.4286,32.5332],[78.428,32.5328],[78.428,32.5318],[78.4272,32.5313],[78.4251,32.5311],[78.4165,32.5294],[78.4055,32.5288],[78.4,32.526],[78.4,32.526],[78.3942,32.5224],[78.3739,32.509],[78.3278,32.4722],[78.3237,32.4741],[78.296,32.5043],[78.296,32.5043],[78.296,32.5043],[78.3125,32.5188],[78.3167,32.5257],[78.3142,32.574],[78.32,32.5751],[78.3356,32.5766],[78.3494,32.5813],[78.3583,32.5895],[78.3948,32.6113],[78.4066,32.6197],[78.4066,32.6197],[78.3937,32.626],[78.3887,32.6346],[78.3887,32.6346],[78.381,32.6685],[78.3815,32.682],[78.3815,32.682],[78.3855,32.6961],[78.3958,32.7159],[78.3929,32.7192],[78.3897,32.7286],[78.3892,32.7303],[78.3892,32.7303],[78.3888,32.7412],[78.3887,32.7424],[78.3887,32.7424],[78.3908,32.7567],[78.3894,32.7584],[78.3823,32.7596],[78.3627,32.7601],[78.3319,32.7456],[78.3056,32.7345],[78.3126,32.7282],[78.316,32.7214],[78.316,32.7214],[78.3165,32.7164],[78.3165,32.7164],[78.3136,32.7094],[78.3027,32.7034],[78.2906,32.6995],[78.2769,32.6995],[78.2544,32.6913],[78.251,32.6803],[78.2427,32.6722],[78.2307,32.6658],[78.2194,32.6618],[78.2127,32.664],[78.2017,32.6605],[78.1972,32.6671],[78.1882,32.6739],[78.1762,32.6758],[78.1703,32.6757],[78.1622,32.6733],[78.1537,32.667],[78.1483,32.6567],[78.1443,32.6458],[78.1391,32.639],[78.1338,32.6391],[78.1246,32.6464],[78.1169,32.6567],[78.111,32.6589],[78.1062,32.6565],[78.0966,32.6495],[78.0906,32.6411],[78.085,32.6223],[78.0829,32.621],[78.0766,32.6213],[78.0617,32.6255],[78.0515,32.6324],[78.0503,32.6305],[78.05,32.6251],[78.05,32.6251],[78.052,32.6124],[78.0543,32.6076],[78.059,32.602],[78.059,32.602],[78.059,32.602],[78.0591,32.5959],[78.0591,32.5959],[78.0533,32.5886],[78.0449,32.5853],[78.0349,32.5837],[78.0045,32.5849],[78,32.5832],[77.9942,32.5887],[77.9924,32.5931],[77.9853,32.6047],[77.9797,32.6106],[77.9771,32.6173],[77.977,32.6175],[77.9718,32.6228],[77.9718,32.6228],[77.9726,32.6316],[77.9702,32.6372],[77.964,32.6396],[77.9565,32.6449],[77.9499,32.6531],[77.9447,32.6595],[77.9447,32.6595],[77.9438,32.6637],[77.9378,32.6764],[77.9286,32.6851],[77.9209,32.69],[77.9209,32.69],[77.9209,32.69],[77.92,32.6954],[77.9233,32.7005],[77.9239,32.7093],[77.9239,32.7093],[77.9261,32.7134],[77.9271,32.7184],[77.9297,32.7227],[77.9362,32.7278],[77.9333,32.7307],[77.9295,32.7335],[77.9295,32.7335],[77.9295,32.7335],[77.932,32.7388],[77.9321,32.7415],[77.9321,32.7415],[77.9349,32.7489],[77.9357,32.7539],[77.9354,32.7555],[77.9347,32.7597],[77.9329,32.7631],[77.9301,32.7642],[77.9267,32.7691],[77.9213,32.7699],[77.9173,32.7724],[77.9087,32.7716],[77.9053,32.7723],[77.8987,32.7725],[77.8941,32.7771],[77.89,32.7833],[77.8848,32.7874],[77.8848,32.7874],[77.8868,32.7975],[77.8824,32.8036],[77.8824,32.8036],[77.8817,32.8086],[77.8791,32.8133],[77.8728,32.8183],[77.8704,32.8223],[77.8655,32.8256],[77.8493,32.8322],[77.843,32.8371],[77.8367,32.8357],[77.8322,32.8334],[77.8261,32.8332],[77.8169,32.8431],[77.8098,32.8465],[77.8056,32.847],[77.7988,32.8514],[77.7937,32.852],[77.7856,32.8557],[77.7793,32.8621],[77.7793,32.8621],[77.7793,32.8621],[77.7839,32.8776],[77.7907,32.8882],[77.8049,32.889],[77.8105,32.8954],[77.8081,32.9027],[77.7997,32.9074],[77.796,32.9131],[77.7776,32.9248],[77.7776,32.9248],[77.7657,32.9368],[77.7655,32.938],[77.7652,32.9396],[77.7628,32.9433],[77.7545,32.9453],[77.7454,32.955],[77.7412,32.9618],[77.7306,32.9693],[77.7264,32.9648],[77.7217,32.9636],[77.7179,32.9665],[77.7148,32.9708],[77.7131,32.9753],[77.7089,32.9769],[77.6976,32.9753],[77.6961,32.9783],[77.6889,32.9838],[77.6833,32.9836],[77.6811,32.9735],[77.678,32.9665],[77.6744,32.9635],[77.6713,32.9569],[77.6679,32.9558],[77.6614,32.9554],[77.6565,32.9537],[77.6413,32.9421],[77.6352,32.9416],[77.6309,32.939],[77.6287,32.9399],[77.6241,32.94],[77.6114,32.9391],[77.6043,32.9375],[77.6019,32.9414],[77.5995,32.9368],[77.5989,32.9321],[77.5976,32.9293],[77.5875,32.9192],[77.5717,32.9107],[77.5673,32.911],[77.5626,32.9093],[77.5531,32.8999],[77.5448,32.8899],[77.5374,32.885],[77.5291,32.883],[77.524,32.8807],[77.5121,32.8791],[77.5023,32.8842],[77.4909,32.8764],[77.4729,32.8594],[77.466,32.8593],[77.4539,32.8636],[77.4499,32.8681],[77.4495,32.8704],[77.4489,32.8735],[77.4434,32.8814],[77.4355,32.8769],[77.4278,32.8759],[77.4208,32.8792],[77.4169,32.8817],[77.415,32.8847],[77.4132,32.8851],[77.4052,32.8833],[77.3971,32.8786],[77.3889,32.8652],[77.3807,32.8613],[77.3773,32.8573],[77.3763,32.8542],[77.3774,32.8494],[77.3803,32.8443],[77.3803,32.8443],[77.3795,32.8403],[77.3771,32.8359],[77.374,32.823],[77.3659,32.8189],[77.358,32.8183],[77.3535,32.8166],[77.3454,32.8176],[77.3392,32.8202],[77.3392,32.8202],[77.3392,32.8202],[77.3386,32.8238],[77.3382,32.8259],[77.3341,32.8275],[77.3284,32.8355],[77.3284,32.8355],[77.3284,32.8355],[77.3301,32.8441],[77.3227,32.8519],[77.3155,32.8518],[77.3063,32.8505],[77.2988,32.8535],[77.2919,32.8576],[77.2877,32.8643],[77.2759,32.8743],[77.2652,32.8628],[77.2564,32.8631],[77.2564,32.8631],[77.256,32.8651],[77.2556,32.8669],[77.2539,32.8702],[77.2454,32.8749],[77.2424,32.878],[77.2417,32.8807],[77.2417,32.8807],[77.2451,32.8819],[77.2469,32.8848],[77.2459,32.8935],[77.2383,32.8949],[77.2426,32.9014],[77.2527,32.9161],[77.2527,32.9161],[77.253,32.9166],[77.2533,32.917],[77.2587,32.9248],[77.2629,32.9485],[77.2673,32.9874],[77.2716,33.0213],[77.2618,33.0519],[77.2621,33.0858],[77.2665,33.1264],[77.2951,33.1636],[77.3195,33.1871],[77.3358,33.2057],[77.3441,33.2277],[77.3444,33.2565],[77.3346,33.2854],[77.337,33.321],[77.3412,33.3447],[77.3454,33.3616],[77.3638,33.3818],[77.3903,33.4003],[77.4147,33.4136],[77.4391,33.4287],[77.4636,33.4489],[77.4985,33.4876],[77.5252,33.5246],[77.5276,33.5518],[77.53,33.5806],[77.518,33.5976],[77.4898,33.6097],[77.4615,33.6133],[77.4331,33.6119],[77.3946,33.6173],[77.3542,33.6243],[77.3279,33.6279],[77.3058,33.6535],[77.2879,33.6858],[77.2719,33.7131],[77.2497,33.7285],[77.2235,33.7456],[77.1992,33.7525],[77.1546,33.7612],[77.1261,33.7597],[77.0936,33.7582],[77.0084,33.767],[76.978,33.7756],[76.9518,33.7978],[76.9174,33.8233],[76.8687,33.8438],[76.8382,33.8541],[76.7976,33.8678],[76.7571,33.8916],[76.7124,33.9222],[76.684,33.9562],[76.6535,33.9901],[76.6353,34.0207],[76.6292,34.058],[76.6333,34.0936],[76.6477,34.1309],[76.6579,34.158],[76.6723,34.1885],[76.6948,34.2224],[76.7112,34.2461],[76.6949,34.2648],[76.6806,34.2885],[76.6746,34.3241],[76.6604,34.3801],[76.6503,34.4259],[76.6319,34.4785],[76.6156,34.5311],[76.6095,34.5803],[76.5993,34.6074],[76.587,34.6261],[76.5686,34.643],[76.5358,34.66],[76.5111,34.6719],[76.4824,34.682],[76.466,34.7041],[76.4557,34.7329],[76.4372,34.7634],[76.4248,34.777],[76.4125,34.8007],[76.3857,34.8244],[76.3751,34.8331],[76.5393,34.8254],[76.6958,34.8294],[76.8474,34.8333],[76.9643,34.8494],[77.0414,34.8676],[77.0688,34.8798],[77.0938,34.9145],[77.109,34.9616],[77.1092,34.9985],[77.0945,35.0435],[77.0647,35.0641],[77.0448,35.0744],[77.0425,35.1031],[77.065,35.1398],[77.1075,35.1499],[77.1598,35.1477],[77.2494,35.135],[77.2793,35.1451],[77.3372,35.2226],[77.451,35.4204],[77.4646,35.4466],[77.4649,35.4465],[77.4648,35.4466],[77.4699,35.4568],[77.4782,35.4725],[77.4809,35.4779],[77.4869,35.4806],[77.4877,35.4806],[77.4886,35.4806],[77.4924,35.4828],[77.4985,35.4839],[77.5001,35.485],[77.5017,35.4853],[77.5028,35.4853],[77.5034,35.4857],[77.5078,35.4871],[77.5089,35.487],[77.5115,35.4881],[77.5125,35.4886],[77.5169,35.4886],[77.5207,35.4877],[77.5251,35.4861],[77.5257,35.4854],[77.5262,35.4847],[77.5292,35.4843],[77.5295,35.4838],[77.5303,35.4832],[77.5345,35.4822],[77.54,35.4813],[77.5504,35.482],[77.5542,35.4833],[77.5556,35.4836],[77.5553,35.4845],[77.5556,35.4849],[77.5562,35.4844],[77.5606,35.4862],[77.5688,35.4851],[77.5721,35.4835],[77.5727,35.4835],[77.5729,35.4828],[77.5743,35.481],[77.5751,35.4808],[77.5771,35.4793],[77.5776,35.4788],[77.582,35.4751],[77.5844,35.4751],[77.5858,35.4758],[77.5913,35.4764],[77.5938,35.4764],[77.5952,35.4758],[77.5976,35.4751],[77.6032,35.4746],[77.6037,35.4739],[77.6048,35.473],[77.6056,35.473],[77.6141,35.4696],[77.6177,35.4698],[77.6221,35.4716],[77.624,35.4721],[77.6254,35.4736],[77.6268,35.4741],[77.6279,35.4743],[77.6318,35.4773],[77.6334,35.4783],[77.6345,35.4785],[77.6356,35.4797],[77.6381,35.4813],[77.6389,35.4819],[77.6428,35.4882],[77.645,35.4891],[77.6461,35.4891],[77.6469,35.4884],[77.6493,35.488],[77.6507,35.4873],[77.6537,35.483],[77.6582,35.4789],[77.659,35.4787],[77.6647,35.4735],[77.6658,35.4726],[77.6702,35.471],[77.6724,35.4706],[77.6787,35.4705],[77.6801,35.471],[77.684,35.4768],[77.6861,35.4775],[77.6867,35.4777],[77.6952,35.4777],[77.696,35.4772],[77.6971,35.4774],[77.702,35.4767],[77.7036,35.4769],[77.709,35.4765],[77.7153,35.4753],[77.723,35.4755],[77.7255,35.4771],[77.7265,35.4849],[77.7261,35.4886],[77.725,35.4911],[77.7228,35.4989],[77.7227,35.5012],[77.7239,35.5111],[77.7245,35.5151],[77.7271,35.5215],[77.7273,35.5221],[77.7289,35.5239],[77.7336,35.5245],[77.7374,35.5232],[77.7407,35.5187],[77.7448,35.516],[77.7454,35.5159],[77.7454,35.5153],[77.7487,35.511],[77.7583,35.5022],[77.7591,35.502],[77.7611,35.5003],[77.7615,35.4999],[77.7654,35.4976],[77.7665,35.4976],[77.7728,35.4954],[77.7784,35.4946],[77.7838,35.4946],[77.7857,35.4948],[77.7871,35.4953],[77.7874,35.4957],[77.7882,35.4957],[77.7917,35.4973],[77.792,35.4978],[77.7934,35.4982],[77.7951,35.4993],[77.7979,35.5013],[77.8023,35.5058],[77.8033,35.5058],[77.8083,35.5112],[77.8122,35.5125],[77.8122,35.513],[77.816,35.5134],[77.8166,35.5129],[77.8185,35.5129],[77.819,35.5127],[77.8193,35.5118],[77.8204,35.5111],[77.824,35.5107],[77.8257,35.5104],[77.8276,35.5095],[77.8281,35.5088],[77.8314,35.5068],[77.8333,35.5056],[77.8391,35.5009],[77.8399,35.5],[77.8429,35.4991],[77.8473,35.4955],[77.8497,35.4948],[77.8547,35.4927],[77.8559,35.4909],[77.8612,35.4839],[77.8621,35.483],[77.8631,35.483],[77.8634,35.4823],[77.8645,35.4812],[77.8673,35.4805],[77.8675,35.4801],[77.8689,35.4801],[77.8692,35.4805],[77.87,35.4812],[77.8725,35.4821],[77.8733,35.4821],[77.8755,35.4843],[77.8799,35.4859],[77.8819,35.4858],[77.8857,35.4854],[77.8871,35.485],[77.8884,35.4829],[77.8886,35.4824],[77.8898,35.4777],[77.891,35.476],[77.8944,35.4732],[77.8955,35.473],[77.8964,35.4723],[77.8981,35.4714],[77.8979,35.4702],[77.8979,35.4696],[77.9013,35.4681],[77.9045,35.4682],[77.906,35.4693],[77.9111,35.4783],[77.9129,35.4814],[77.9134,35.4821],[77.914,35.483],[77.9154,35.4848],[77.919,35.4897],[77.9193,35.4922],[77.9207,35.4942],[77.922,35.4945],[77.9223,35.494],[77.9253,35.4935],[77.9256,35.4931],[77.9259,35.4926],[77.9299,35.4914],[77.9305,35.4908],[77.9327,35.4894],[77.9374,35.4847],[77.9393,35.4827],[77.9402,35.4818],[77.941,35.4816],[77.9428,35.4799],[77.9459,35.4788],[77.9475,35.4783],[77.953,35.473],[77.9543,35.4713],[77.9563,35.4695],[77.962,35.467],[77.9634,35.4654],[77.9644,35.4654],[77.9694,35.4611],[77.9707,35.4591],[77.9719,35.4582],[77.9754,35.4572],[77.9765,35.4572],[77.9771,35.4568],[77.979,35.4559],[77.9825,35.4559],[77.9861,35.4597],[77.9859,35.4615],[77.9843,35.4646],[77.981,35.4683],[77.9799,35.4685],[77.9767,35.4701],[77.9758,35.4708],[77.9725,35.4732],[77.97,35.4742],[77.9692,35.4742],[77.9686,35.4746],[77.9689,35.4751],[77.9678,35.4771],[77.9675,35.4778],[77.9659,35.4782],[77.9651,35.4791],[77.964,35.4845],[77.9638,35.4879],[77.9646,35.4915],[77.9655,35.4933],[77.9649,35.496],[77.9635,35.4971],[77.9622,35.4976],[77.96,35.5005],[77.9577,35.5013],[77.9574,35.5017],[77.9534,35.503],[77.9515,35.5044],[77.9512,35.5049],[77.9494,35.5056],[77.9449,35.506],[77.9438,35.5065],[77.9412,35.5089],[77.9388,35.5102],[77.9372,35.5106],[77.937,35.5112],[77.9352,35.5118],[77.9337,35.5124],[77.9312,35.5158],[77.931,35.5173],[77.9325,35.5217],[77.9376,35.5322],[77.9414,35.5367],[77.9419,35.5372],[77.9427,35.5374],[77.9496,35.545],[77.9584,35.5557],[77.9612,35.5597],[77.9622,35.5618],[77.964,35.5661],[77.9657,35.57],[77.9666,35.5711],[77.9668,35.5716],[77.9673,35.575],[77.966,35.5876],[77.9652,35.5894],[77.9617,35.5944],[77.9586,35.5984],[77.9575,35.5984],[77.9559,35.6007],[77.9543,35.6013],[77.9525,35.607],[77.9557,35.6066],[77.9651,35.6039],[77.9694,35.6001],[77.9705,35.6001],[77.9771,35.5943],[77.9783,35.5934],[77.9792,35.5924],[77.9809,35.5889],[77.9828,35.5868],[77.9836,35.5866],[77.9852,35.5843],[77.9864,35.5839],[77.9875,35.5839],[77.9885,35.5825],[77.991,35.5818],[77.9949,35.582],[77.9971,35.5825],[78.0037,35.5831],[78.0091,35.5844],[78.0243,35.5879],[78.042,35.5874],[78.0441,35.5858],[78.0452,35.5856],[78.0463,35.5853],[78.0487,35.5824],[78.0495,35.5822],[78.0545,35.5773],[78.0649,35.5655],[78.0668,35.5639],[78.0679,35.5629],[78.0728,35.5555],[78.0777,35.5492],[78.0813,35.5489],[78.0824,35.5494],[78.084,35.5507],[78.0882,35.5558],[78.0893,35.5563],[78.0929,35.5562],[78.0975,35.5544],[78.0997,35.5522],[78.1011,35.5515],[78.1077,35.5521],[78.111,35.5519],[78.1118,35.5512],[78.1135,35.5505],[78.1151,35.5501],[78.1181,35.5476],[78.1238,35.5433],[78.1252,35.5417],[78.1302,35.5394],[78.131,35.5394],[78.1321,35.5387],[78.1373,35.5389],[78.1387,35.5398],[78.1395,35.5405],[78.1428,35.5413],[78.1442,35.5424],[78.1473,35.5496],[78.1489,35.5503],[78.1539,35.5507],[78.155,35.5505],[78.1567,35.552],[78.1565,35.553],[78.1557,35.5593],[78.1539,35.565],[78.1516,35.5712],[78.1516,35.5782],[78.1553,35.5874],[78.1592,35.5936],[78.1665,35.6132],[78.1655,35.6194],[78.1651,35.6201],[78.1647,35.621],[78.1616,35.6265],[78.1622,35.6294],[78.163,35.6307],[78.1639,35.6312],[78.165,35.6312],[78.1655,35.6307],[78.1682,35.6302],[78.1713,35.6271],[78.1726,35.6262],[78.1737,35.6262],[78.1759,35.6239],[78.177,35.6232],[78.1792,35.6223],[78.1828,35.6225],[78.1853,35.6234],[78.1861,35.624],[78.1909,35.6366],[78.1976,35.6465],[78.1985,35.6486],[78.1998,35.6536],[78.1992,35.6572],[78.1977,35.6663],[78.198,35.6672],[78.1997,35.6692],[78.2008,35.6692],[78.2031,35.669],[78.2069,35.6669],[78.2098,35.6637],[78.2109,35.6632],[78.2144,35.6603],[78.2177,35.6591],[78.219,35.658],[78.2207,35.6571],[78.2224,35.6562],[78.2246,35.6546],[78.229,35.6534],[78.2298,35.6525],[78.2303,35.6519],[78.2312,35.6519],[78.232,35.6519],[78.2323,35.6514],[78.2361,35.6498],[78.2364,35.6493],[78.2408,35.648],[78.2421,35.648],[78.2493,35.6465],[78.2498,35.6461],[78.2515,35.6452],[78.2551,35.6456],[78.2565,35.6488],[78.2565,35.6513],[78.2571,35.6546],[78.2593,35.6584],[78.26,35.6592],[78.2613,35.6596],[78.2635,35.6615],[78.2676,35.6633],[78.269,35.6635],[78.2706,35.6651],[78.2721,35.6689],[78.2691,35.6763],[78.2683,35.6781],[78.2714,35.6882],[78.2705,35.6929],[78.269,35.6972],[78.271,35.7031],[78.2706,35.7053],[78.2686,35.708],[78.2675,35.711],[78.2692,35.7175],[78.2733,35.722],[78.2742,35.7221],[78.2767,35.7234],[78.2811,35.7246],[78.2833,35.7254],[78.2894,35.7257],[78.2929,35.7245],[78.2935,35.7236],[78.2943,35.7236],[78.2962,35.7227],[78.3033,35.7213],[78.3177,35.7212],[78.3185,35.7207],[78.3196,35.7202],[78.3389,35.7206],[78.3414,35.7226],[78.343,35.7228],[78.345,35.723],[78.3461,35.7239],[78.3502,35.7241],[78.3574,35.7272],[78.3596,35.7274],[78.3604,35.7278],[78.3609,35.7276],[78.3615,35.728],[78.3673,35.7291],[78.3687,35.73],[78.369,35.7305],[78.3712,35.7313],[78.3718,35.7315],[78.3786,35.7326],[78.3789,35.7331],[78.3811,35.7342],[78.3847,35.7353],[78.3861,35.7355],[78.3867,35.7362],[78.388,35.7366],[78.3905,35.7384],[78.3928,35.7424],[78.3961,35.7449],[78.3975,35.7462],[78.3998,35.7563],[78.4045,35.7612],[78.4056,35.7614],[78.4067,35.7616],[78.4126,35.7659],[78.4163,35.7793],[78.418,35.782],[78.4191,35.7822],[78.4204,35.7822],[78.421,35.7826],[78.421,35.7835],[78.4232,35.7853],[78.4249,35.7854],[78.4273,35.785],[78.4359,35.7844],[78.4378,35.7832],[78.4422,35.7822],[78.4433,35.7813],[78.4436,35.7809],[78.4452,35.7807],[78.4461,35.7807],[78.4477,35.7797],[78.448,35.7793],[78.4529,35.7784],[78.4562,35.777],[78.4565,35.7765],[78.4568,35.7761],[78.4581,35.7759],[78.4583,35.7755],[78.46,35.7755],[78.4636,35.7747],[78.4647,35.7742],[78.4725,35.7738],[78.4775,35.7739],[78.4814,35.7734],[78.4885,35.7735],[78.5063,35.7725],[78.5091,35.7727],[78.5129,35.7709],[78.5137,35.7707],[78.5176,35.7662],[78.5213,35.7638],[78.5247,35.7666],[78.5353,35.7754],[78.5433,35.7792],[78.5436,35.7798],[78.5439,35.7805],[78.5512,35.7835],[78.5527,35.7844],[78.5544,35.7861],[78.5553,35.7869],[78.5567,35.7884],[78.5589,35.7907],[78.5603,35.7921],[78.5605,35.7925],[78.5622,35.7927],[78.5669,35.7911],[78.5696,35.7888],[78.5734,35.789],[78.5749,35.7897],[78.5777,35.7928],[78.5779,35.7937],[78.5782,35.7959],[78.578,35.7968],[78.5786,35.8026],[78.5791,35.8052],[78.5791,35.8058],[78.5806,35.8081],[78.5888,35.8107],[78.59,35.8114],[78.6065,35.8132],[78.607,35.8136],[78.6077,35.8137],[78.6109,35.8139],[78.6195,35.8171],[78.6207,35.8185],[78.6242,35.8213],[78.6258,35.8219],[78.6282,35.824],[78.6309,35.8247],[78.6346,35.828],[78.6353,35.8291],[78.6415,35.8374],[78.6422,35.8376],[78.6449,35.8403],[78.6477,35.8423],[78.6582,35.854],[78.6589,35.8541],[78.66,35.8552],[78.665,35.8574],[78.6705,35.8579],[78.6713,35.858],[78.6732,35.8587],[78.6738,35.8591],[78.681,35.8591],[78.6862,35.8568],[78.6914,35.8563],[78.6923,35.8567],[78.699,35.8581],[78.7033,35.8595],[78.7036,35.86],[78.7072,35.8613],[78.7077,35.8619],[78.7103,35.8637],[78.7108,35.8637],[78.7114,35.8644],[78.7136,35.8648],[78.7144,35.8657],[78.7147,35.8661],[78.7155,35.8661],[78.7166,35.8664],[78.7189,35.8683],[78.7227,35.8688],[78.7233,35.8685],[78.7304,35.8687],[78.7315,35.8682],[78.7412,35.8679],[78.744,35.8683],[78.7486,35.867],[78.7511,35.8669],[78.7536,35.8677],[78.7569,35.8689],[78.7597,35.8689],[78.7663,35.8692],[78.7688,35.8697],[78.7745,35.8682],[78.7751,35.8676],[78.7762,35.8673],[78.7767,35.8667],[78.7792,35.8648],[78.7803,35.8644],[78.7817,35.8639],[78.7833,35.8623],[78.7844,35.8614],[78.7863,35.8605],[78.7902,35.8593],[78.7924,35.859],[78.7947,35.8587],[78.7995,35.8579],[78.8001,35.8574],[78.8023,35.857],[78.8034,35.8563],[78.8042,35.8563],[78.8045,35.8558],[78.8107,35.8554],[78.8238,35.8558],[78.8279,35.8572],[78.8337,35.8571],[78.8409,35.859],[78.8508,35.8598],[78.8591,35.862],[78.8633,35.8622],[78.8705,35.8653],[78.8738,35.8663],[78.8802,35.8669],[78.8815,35.8671],[78.8838,35.8683],[78.891,35.8691],[78.8946,35.8706],[78.8957,35.8706],[78.8976,35.8708],[78.8979,35.8712],[78.899,35.8712],[78.9137,35.8756],[78.9184,35.8757],[78.9186,35.8762],[78.9217,35.8771],[78.9283,35.8776],[78.9305,35.8776],[78.9313,35.8781],[78.9399,35.8796],[78.9419,35.8811],[78.9438,35.8815],[78.9452,35.8818],[78.9458,35.8824],[78.9463,35.8831],[78.9471,35.8831],[78.9488,35.8835],[78.953,35.8875],[78.9541,35.888],[78.9566,35.8901],[78.9583,35.8917],[78.9605,35.8926],[78.9638,35.8925],[78.9655,35.8919],[78.966,35.8912],[78.9679,35.8898],[78.969,35.8898],[78.9704,35.8889],[78.9737,35.8842],[78.9737,35.8831],[78.9755,35.8801],[78.9774,35.8785],[78.9782,35.8782],[78.9788,35.8775],[78.9801,35.8771],[78.9807,35.8771],[78.9852,35.8731],[78.9857,35.8731],[78.9864,35.873],[78.9899,35.8688],[78.9901,35.8675],[78.9913,35.8671],[78.9916,35.8666],[78.9935,35.865],[78.9949,35.8641],[78.9967,35.8623],[78.9973,35.8623],[78.9981,35.8621],[79.0036,35.8575],[79.0038,35.8568],[79.0046,35.8568],[79.0052,35.8568],[79.0085,35.854],[79.0105,35.8536],[79.011,35.8532],[79.0121,35.8525],[79.0162,35.8515],[79.0175,35.8504],[79.0216,35.8487],[79.0271,35.8478],[79.028,35.8473],[79.0412,35.8474],[79.0538,35.8461],[79.0638,35.8465],[79.0734,35.8447],[79.0806,35.844],[79.0817,35.8442],[79.085,35.8432],[79.0918,35.8412],[79.0992,35.8404],[79.1034,35.8397],[79.1042,35.8395],[79.1045,35.839],[79.105,35.8386],[79.1155,35.8376],[79.1177,35.8366],[79.1309,35.836],[79.1325,35.8362],[79.1395,35.8386],[79.1428,35.8406],[79.1452,35.8419],[79.1504,35.8463],[79.1509,35.8463],[79.1519,35.8472],[79.1525,35.8472],[79.1542,35.8488],[79.1557,35.8501],[79.157,35.8503],[79.1694,35.8618],[79.1705,35.8618],[79.1718,35.8629],[79.1732,35.8645],[79.174,35.8648],[79.1754,35.8661],[79.1789,35.8691],[79.1794,35.87],[79.1803,35.8702],[79.184,35.876],[79.1856,35.8772],[79.1929,35.8856],[79.194,35.8869],[79.1978,35.8986],[79.1966,35.9024],[79.1947,35.9091],[79.1928,35.9108],[79.1884,35.9266],[79.1881,35.9274],[79.1879,35.9308],[79.1891,35.9428],[79.1896,35.9454],[79.1898,35.9472],[79.1944,35.9554],[79.1983,35.9608],[79.198,35.9615],[79.2026,35.9666],[79.2084,35.9721],[79.2127,35.9763],[79.213,35.9769],[79.2136,35.9769],[79.2146,35.9779],[79.2155,35.9788],[79.2166,35.979],[79.219,35.9801],[79.2205,35.9816],[79.2216,35.9821],[79.2224,35.982],[79.2241,35.9822],[79.2246,35.9827],[79.2255,35.9827],[79.2301,35.9845],[79.2329,35.985],[79.2335,35.9855],[79.2374,35.9859],[79.2379,35.9857],[79.2418,35.9868],[79.2902,35.9897],[79.3001,35.9895],[79.3448,35.9886],[79.3543,35.99],[79.3622,35.9901],[79.3634,35.9908],[79.3664,35.9923],[79.3678,35.9925],[79.3686,35.9932],[79.3742,35.9942],[79.3756,35.9942],[79.3781,35.9953],[79.3803,35.9953],[79.3847,35.9943]]]},"properties":{"district_name":"Leh (ladakh)","raw_district_name":"Leh (ladakh)","state_code":"JK","state_name":"Jammu and Kashmir","census_code":3,"data_source":"DataMeet India Maps (Census 2011 Boundaries)"}},{"type":"Feature","geometry":{"type":"Polygon","coordinates":[[[75.055,33.8271],[75.0546,33.827],[75.0217,33.7926],[74.9775,33.8343],[74.8847,33.8301],[74.8442,33.7839],[74.8005,33.7771],[74.7803,33.804],[74.8046,33.8087],[74.8247,33.8226],[74.8447,33.8364],[74.8586,33.8536],[74.8846,33.8743],[74.9026,33.8949],[74.9204,33.9171],[74.9299,33.9529],[74.9294,33.9789],[74.9942,34.0173],[75.0227,34.0399],[75.0462,34.0637],[75.1041,34.0776],[75.1131,34.0772],[75.1253,34.0774],[75.1489,34.0842],[75.1496,34.0844],[75.16,34.0744],[75.1663,34.0643],[75.1766,34.0542],[75.1889,34.0443],[75.1943,34.0027],[75.1872,33.9766],[75.1913,33.9168],[75.1167,33.8642],[75.077,33.8386],[75.0708,33.8288],[75.055,33.8271]]]},"properties":{"district_name":"Pulwama","raw_district_name":"Pulwama","state_code":"JK","state_name":"Jammu and Kashmir","census_code":12,"data_source":"DataMeet India Maps (Census 2011 Boundaries)"}},{"type":"Feature","geometry":{"type":"Polygon","coordinates":[[[74.3201,33.9556],[74.3277,33.9452],[74.3445,33.9269],[74.3672,33.912],[74.3881,33.892],[74.4028,33.8736],[74.4134,33.8569],[74.3994,33.8464],[74.3938,33.826],[74.4024,33.8058],[74.4132,33.7839],[74.4196,33.7688],[74.436,33.7623],[74.4526,33.7507],[74.4651,33.7373],[74.4756,33.7222],[74.482,33.7071],[74.4885,33.6919],[74.5011,33.6735],[74.5144,33.6628],[74.5176,33.6602],[74.5201,33.6433],[74.5245,33.6247],[74.5269,33.6095],[74.5235,33.5823],[74.5239,33.567],[74.5306,33.54],[74.5393,33.513],[74.5582,33.4845],[74.5545,33.4769],[74.5524,33.4725],[74.5362,33.4723],[74.516,33.4736],[74.5016,33.4802],[74.4873,33.4867],[74.4749,33.4967],[74.4667,33.4999],[74.4462,33.5115],[74.4359,33.5214],[74.4254,33.5348],[74.4088,33.5515],[74.3861,33.5664],[74.3698,33.5712],[74.3434,33.5724],[74.3273,33.5687],[74.2993,33.5563],[74.2872,33.5527],[74.2732,33.5457],[74.2554,33.5301],[74.2438,33.5095],[74.2241,33.4905],[74.2102,33.4783],[74.2008,33.4544],[74.1769,33.4387],[74.1673,33.4216],[74.1536,33.4043],[74.1459,33.3906],[74.1322,33.3751],[74.1288,33.3754],[74.116,33.3765],[74.1015,33.388],[74.0869,33.4047],[74.0783,33.4232],[74.0738,33.4367],[74.0771,33.4622],[74.0786,33.4809],[74.08,33.5029],[74.0815,33.5216],[74.0749,33.5401],[74.0585,33.5483],[74.0403,33.5445],[74.0223,33.5374],[74.0042,33.5336],[73.9898,33.5418],[73.9833,33.5552],[73.9728,33.5669],[73.9383,33.5695],[73.9263,33.5642],[73.9207,33.5617],[73.9027,33.6008],[73.8815,33.6498],[73.8768,33.7075],[73.8845,33.7428],[73.9139,33.7869],[73.9448,33.8367],[73.9698,33.8525],[74.0401,33.8803],[74.1154,33.9109],[74.1489,33.9283],[74.157,33.9439],[74.1632,33.9735],[74.1624,34.01],[74.1631,34.01],[74.1897,34.0071],[74.2142,34.0042],[74.2429,33.9979],[74.2655,33.9882],[74.2801,33.9766],[74.3029,33.96],[74.3201,33.9556]]]},"properties":{"district_name":"Punch","raw_district_name":"Punch","state_code":"JK","state_name":"Jammu and Kashmir","census_code":5,"data_source":"DataMeet India Maps (Census 2011 Boundaries)"}},{"type":"Feature","geometry":{"type":"Polygon","coordinates":[[[74.5545,33.4769],[74.5564,33.476],[74.5768,33.4695],[74.5972,33.4614],[74.6012,33.4525],[74.6057,33.4429],[74.6121,33.4294],[74.6244,33.4194],[74.6409,33.4044],[74.6473,33.3892],[74.6497,33.374],[74.6459,33.3621],[74.6463,33.3434],[74.647,33.3129],[74.6474,33.2943],[74.6558,33.2775],[74.6603,33.2589],[74.6647,33.2403],[74.659,33.2266],[74.6451,33.2162],[74.6107,33.2208],[74.5884,33.2238],[74.556,33.2284],[74.5278,33.2279],[74.5181,33.2108],[74.5165,33.1921],[74.5289,33.1788],[74.5493,33.1706],[74.5677,33.1608],[74.5879,33.156],[74.6123,33.1496],[74.6327,33.138],[74.637,33.1246],[74.6254,33.1023],[74.6015,33.0901],[74.5816,33.0779],[74.5678,33.0675],[74.5417,33.0632],[74.5337,33.0619],[74.5113,33.0717],[74.491,33.0764],[74.475,33.071],[74.445,33.0637],[74.4188,33.0667],[74.4005,33.0715],[74.3842,33.0813],[74.3717,33.0964],[74.3553,33.108],[74.337,33.1144],[74.3106,33.1224],[74.2781,33.132],[74.2416,33.1381],[74.2172,33.1461],[74.1944,33.1711],[74.184,33.1828],[74.1733,33.2046],[74.1686,33.2282],[74.1679,33.2537],[74.1632,33.2773],[74.1585,33.3027],[74.1537,33.328],[74.1391,33.3464],[74.1284,33.3665],[74.1288,33.3754],[74.1322,33.3751],[74.1459,33.3906],[74.1536,33.4043],[74.1673,33.4216],[74.1769,33.4387],[74.2008,33.4544],[74.2102,33.4783],[74.2241,33.4905],[74.2438,33.5095],[74.2554,33.5301],[74.2732,33.5457],[74.2872,33.5527],[74.2993,33.5563],[74.3273,33.5687],[74.3434,33.5724],[74.3698,33.5712],[74.3861,33.5664],[74.4088,33.5515],[74.4254,33.5348],[74.4359,33.5214],[74.4462,33.5115],[74.4667,33.4999],[74.4749,33.4967],[74.4873,33.4867],[74.5016,33.4802],[74.516,33.4736],[74.5362,33.4723],[74.5524,33.4725],[74.5545,33.4769]]]},"properties":{"district_name":"Rajouri","raw_district_name":"Rajouri","state_code":"JK","state_name":"Jammu and Kashmir","census_code":6,"data_source":"DataMeet India Maps (Census 2011 Boundaries)"}},{"type":"Feature","geometry":{"type":"Polygon","coordinates":[[[75.1527,33.5786],[75.1781,33.5709],[75.1925,33.5609],[75.1928,33.5602],[75.205,33.5339],[75.2256,33.5121],[75.238,33.4953],[75.2627,33.4701],[75.2914,33.4432],[75.3119,33.4231],[75.3303,33.4114],[75.3487,33.3929],[75.3711,33.3796],[75.3874,33.3713],[75.4057,33.363],[75.4171,33.3583],[75.3618,33.3217],[75.3344,33.3155],[75.3315,33.3072],[75.3189,33.2973],[75.3153,33.2658],[75.3334,33.2185],[75.3213,33.1963],[75.3134,33.1907],[75.3006,33.1848],[75.296,33.1779],[75.2967,33.1615],[75.3106,33.1387],[75.2994,33.1343],[75.2915,33.1286],[75.2918,33.1204],[75.3021,33.1057],[75.2915,33.0969],[75.2639,33.1073],[75.2396,33.1189],[75.2152,33.1305],[75.1889,33.137],[75.1647,33.1401],[75.1404,33.1449],[75.1182,33.1514],[75.0878,33.1613],[75.0764,33.1643],[75.0695,33.1661],[75.0492,33.1794],[75.0287,33.1978],[75.0182,33.2214],[75.0178,33.2418],[75.0194,33.2639],[75.0292,33.2809],[75.0287,33.3097],[75.0322,33.3437],[75.0359,33.3641],[75.0376,33.3811],[75.0372,33.4065],[75.0307,33.4285],[75.0181,33.4571],[75.0098,33.4612],[75.018,33.4639],[75.0403,33.4574],[75.0728,33.4527],[75.101,33.4581],[75.1231,33.4703],[75.1328,33.4958],[75.1263,33.5195],[75.1198,33.5431],[75.1236,33.5618],[75.1334,33.5789],[75.1456,33.5807],[75.1527,33.5786]]]},"properties":{"district_name":"Ramban","raw_district_name":"Ramban","state_code":"JK","state_name":"Jammu and Kashmir","census_code":17,"data_source":"DataMeet India Maps (Census 2011 Boundaries)"}},{"type":"Feature","geometry":{"type":"Polygon","coordinates":[[[75.0764,33.1643],[75.0629,33.1516],[75.0355,33.1365],[75.0217,33.1187],[75.0167,33.0919],[75.0287,33.0666],[75.0443,33.0435],[75.049,33.0191],[75.0448,33.0015],[75.0223,32.9875],[75.0021,32.9767],[74.9786,32.9575],[74.9621,32.9448],[74.9543,32.9281],[74.9507,32.9003],[74.9467,32.8771],[74.9338,32.8745],[74.9238,32.871],[74.9038,32.869],[74.8857,32.8705],[74.8554,32.8768],[74.8353,32.8799],[74.8169,32.8966],[74.8124,32.9186],[74.8202,32.9323],[74.8339,32.9477],[74.8457,32.9632],[74.8393,32.98],[74.825,32.9917],[74.8085,33.0118],[74.782,33.0318],[74.7517,33.033],[74.7298,33.0242],[74.714,33.007],[74.7024,32.9882],[74.6927,32.9711],[74.6688,32.9572],[74.6466,32.9636],[74.6283,32.9718],[74.6119,32.9851],[74.5913,32.9962],[74.5954,33.0035],[74.5911,33.0153],[74.5786,33.0338],[74.5663,33.0437],[74.5479,33.057],[74.5417,33.0632],[74.5678,33.0675],[74.5816,33.0779],[74.6015,33.0901],[74.6254,33.1023],[74.637,33.1246],[74.6327,33.138],[74.6123,33.1496],[74.5879,33.156],[74.5677,33.1608],[74.5493,33.1706],[74.5289,33.1788],[74.5165,33.1921],[74.5181,33.2108],[74.5278,33.2279],[74.556,33.2284],[74.5884,33.2238],[74.6107,33.2208],[74.6451,33.2162],[74.659,33.2266],[74.6647,33.2403],[74.6603,33.2589],[74.6558,33.2775],[74.6474,33.2943],[74.647,33.3129],[74.6463,33.3434],[74.6459,33.3621],[74.6497,33.374],[74.6473,33.3892],[74.6409,33.4044],[74.6244,33.4194],[74.6121,33.4294],[74.6057,33.4429],[74.6012,33.4525],[74.6054,33.4564],[74.6192,33.4702],[74.6555,33.4775],[74.6897,33.4865],[74.7016,33.5003],[74.7072,33.5207],[74.7314,33.5262],[74.7537,33.5248],[74.7742,33.5115],[74.793,33.4847],[74.8013,33.4712],[74.8237,33.4631],[74.84,33.4582],[74.8562,33.4584],[74.8845,33.4622],[74.9026,33.4641],[74.9208,33.4661],[74.9451,33.4647],[74.9714,33.465],[74.9977,33.4671],[75.0098,33.4612],[75.0181,33.4571],[75.0307,33.4285],[75.0372,33.4065],[75.0376,33.3811],[75.0359,33.3641],[75.0322,33.3437],[75.0287,33.3097],[75.0292,33.2809],[75.0194,33.2639],[75.0178,33.2418],[75.0182,33.2214],[75.0287,33.1978],[75.0492,33.1794],[75.0695,33.1661],[75.0764,33.1643]]]},"properties":{"district_name":"Reasi","raw_district_name":"Reasi","state_code":"JK","state_name":"Jammu and Kashmir","census_code":20,"data_source":"DataMeet India Maps (Census 2011 Boundaries)"}},{"type":"Feature","geometry":{"type":"Polygon","coordinates":[[[75.248,32.506],[75.2474,32.4916],[75.2374,32.4698],[75.2237,32.4478],[75.2219,32.4324],[75.2105,32.4146],[75.2014,32.4095],[75.2014,32.411],[75.1995,32.4144],[75.1992,32.4153],[75.1951,32.4164],[75.1897,32.4199],[75.1817,32.4201],[75.1742,32.4179],[75.1696,32.4184],[75.1686,32.419],[75.1672,32.419],[75.1649,32.4167],[75.1646,32.416],[75.1627,32.4146],[75.1619,32.4146],[75.1574,32.4128],[75.1523,32.4132],[75.1515,32.4129],[75.1473,32.4111],[75.1468,32.4104],[75.1465,32.4099],[75.1457,32.4099],[75.1439,32.4094],[75.1403,32.4058],[75.1388,32.4041],[75.1378,32.4037],[75.1362,32.4032],[75.1324,32.4027],[75.131,32.4059],[75.1305,32.4061],[75.1287,32.4165],[75.1292,32.4209],[75.1345,32.4216],[75.1355,32.4229],[75.137,32.425],[75.1305,32.4286],[75.1285,32.4297],[75.1271,32.4308],[75.1266,32.4308],[75.1233,32.4353],[75.1216,32.4396],[75.122,32.445],[75.122,32.4456],[75.1212,32.4483],[75.1195,32.4514],[75.1184,32.4521],[75.1152,32.4531],[75.113,32.4539],[75.1122,32.4552],[75.1116,32.4566],[75.1119,32.457],[75.111,32.4602],[75.1105,32.4627],[75.1101,32.4639],[75.1098,32.4693],[75.11,32.4702],[75.1081,32.4732],[75.106,32.474],[75.103,32.4737],[75.1019,32.4735],[75.0957,32.4666],[75.0951,32.4666],[75.0909,32.4646],[75.0898,32.4643],[75.0874,32.4649],[75.0868,32.4656],[75.0865,32.466],[75.0855,32.4663],[75.0841,32.4667],[75.08,32.4701],[75.0787,32.4712],[75.0765,32.4721],[75.0754,32.4725],[75.0752,32.473],[75.0736,32.4736],[75.0689,32.4748],[75.0647,32.4758],[75.0577,32.4753],[75.0548,32.4759],[75.054,32.4763],[75.0534,32.4775],[75.0487,32.4824],[75.0418,32.4842],[75.0399,32.4855],[75.0392,32.4856],[75.036,32.4887],[75.0355,32.4898],[75.0333,32.4927],[75.0311,32.4929],[75.0306,32.4929],[75.0284,32.4917],[75.0279,32.4908],[75.0274,32.4908],[75.0219,32.4844],[75.0208,32.4824],[75.0198,32.4799],[75.0181,32.4743],[75.0179,32.471],[75.018,32.4675],[75.0182,32.467],[75.0177,32.4657],[75.0117,32.4583],[75.0064,32.4542],[75.0046,32.4523],[75.0038,32.4521],[74.9987,32.4504],[74.9982,32.4498],[74.9966,32.4486],[74.9926,32.4483],[74.9918,32.4479],[74.9915,32.4474],[74.9835,32.4473],[74.9787,32.4472],[74.9755,32.4486],[74.9709,32.4487],[74.9698,32.4492],[74.9685,32.4496],[74.9626,32.4495],[74.961,32.4491],[74.9602,32.4486],[74.9597,32.4472],[74.9555,32.4421],[74.9542,32.4408],[74.9504,32.4405],[74.9466,32.4434],[74.943,32.4525],[74.9361,32.4626],[74.9347,32.463],[74.9296,32.4632],[74.9238,32.4602],[74.9182,32.4597],[74.9169,32.459],[74.9155,32.4592],[74.9144,32.4601],[74.9111,32.4655],[74.9098,32.4659],[74.9068,32.4659],[74.9063,32.4656],[74.9042,32.4618],[74.9029,32.4608],[74.8956,32.4614],[74.8929,32.463],[74.8919,32.4636],[74.8913,32.4636],[74.8905,32.4641],[74.8872,32.4677],[74.8856,32.4688],[74.8824,32.4694],[74.8783,32.4721],[74.8772,32.4737],[74.8779,32.4762],[74.879,32.4796],[74.8789,32.4812],[74.8765,32.4825],[74.8705,32.4806],[74.8639,32.4812],[74.8598,32.4841],[74.856,32.4841],[74.8542,32.4836],[74.8508,32.482],[74.8493,32.482],[74.8473,32.4819],[74.8394,32.4857],[74.8375,32.4861],[74.8301,32.486],[74.8323,32.4898],[74.8448,32.494],[74.8666,32.5155],[74.8994,32.5557],[74.9239,32.5772],[74.9468,32.5956],[74.9579,32.6129],[74.969,32.6301],[74.9758,32.6619],[74.9911,32.6647],[75.0108,32.6722],[75.0312,32.6859],[75.0459,32.704],[75.0505,32.7234],[75.056,32.7243],[75.0696,32.7247],[75.0849,32.7275],[75.0947,32.7339],[75.1128,32.736],[75.1324,32.7465],[75.1609,32.77],[75.1646,32.762],[75.1769,32.7486],[75.1872,32.7301],[75.1995,32.7116],[75.2199,32.6914],[75.2361,32.678],[75.2503,32.6663],[75.2726,32.653],[75.2927,32.643],[75.3028,32.6397],[75.3289,32.6332],[75.343,32.6334],[75.359,32.6318],[75.3718,32.6304],[75.373,32.6303],[75.3712,32.6167],[75.3474,32.5978],[75.3356,32.5824],[75.3099,32.5618],[75.2801,32.5446],[75.2462,32.5408],[75.246,32.5408],[75.2457,32.5326],[75.2474,32.5203],[75.248,32.506]]]},"properties":{"district_name":"Samba","raw_district_name":"Samba","state_code":"JK","state_name":"Jammu and Kashmir","census_code":22,"data_source":"DataMeet India Maps (Census 2011 Boundaries)"}},{"type":"Feature","geometry":{"type":"Polygon","coordinates":[[[75.0217,33.7926],[75.0171,33.7877],[75.0264,33.7608],[74.9942,33.7121],[74.9747,33.7088],[74.9313,33.6939],[74.8817,33.6733],[74.8727,33.6583],[74.8631,33.6425],[74.8632,33.6425],[74.8526,33.624],[74.7786,33.6254],[74.7671,33.6414],[74.7571,33.6701],[74.7488,33.6754],[74.7384,33.6738],[74.7202,33.6701],[74.7,33.6665],[74.6696,33.666],[74.6473,33.6673],[74.631,33.6688],[74.6045,33.6735],[74.5779,33.6832],[74.5554,33.6922],[74.5634,33.6982],[74.5833,33.7138],[74.6073,33.7312],[74.6395,33.7435],[74.6636,33.7575],[74.6958,33.7698],[74.7219,33.7804],[74.7481,33.7944],[74.7763,33.8032],[74.7803,33.804],[74.8005,33.7771],[74.8442,33.7839],[74.8847,33.8301],[74.9775,33.8343],[75.0217,33.7926]]]},"properties":{"district_name":"Shupiyan","raw_district_name":"Shupiyan","state_code":"JK","state_name":"Jammu and Kashmir","census_code":13,"data_source":"DataMeet India Maps (Census 2011 Boundaries)"}},{"type":"Feature","geometry":{"type":"Polygon","coordinates":[[[74.7139,34.3467],[74.7221,34.3468],[74.7468,34.3404],[74.7529,34.3395],[74.7576,34.3354],[74.8425,34.3067],[74.914,34.2844],[75.0248,34.2605],[75.1545,34.2152],[75.188,34.1958],[75.1937,34.1901],[75.1825,34.195],[75.1725,34.1864],[75.1626,34.1677],[75.1629,34.149],[75.1712,34.1372],[75.1696,34.1135],[75.1576,34.0947],[75.1489,34.0842],[75.1253,34.0774],[75.1131,34.0772],[75.1041,34.0776],[75.0462,34.0637],[75.0227,34.0399],[74.9942,34.0173],[74.9294,33.9789],[74.9294,33.9817],[74.927,34.0003],[74.9206,34.0172],[74.9122,34.0307],[74.8936,34.0471],[74.8915,34.049],[74.8771,34.0522],[74.8508,34.0468],[74.8283,34.0465],[74.8232,34.049],[74.8241,34.0532],[74.8135,34.0768],[74.7906,34.1002],[74.7678,34.1185],[74.743,34.1335],[74.7202,34.1484],[74.7013,34.1735],[74.6987,34.2006],[74.6962,34.2226],[74.6873,34.2547],[74.6746,34.2766],[74.6657,34.3087],[74.6775,34.3309],[74.6894,34.3463],[74.7139,34.3467]]]},"properties":{"district_name":"Srinagar","raw_district_name":"Srinagar","state_code":"JK","state_name":"Jammu and Kashmir","census_code":10,"data_source":"DataMeet India Maps (Census 2011 Boundaries)"}},{"type":"Feature","geometry":{"type":"Polygon","coordinates":[[[75.2915,33.0969],[75.3166,33.0874],[75.3489,33.081],[75.3712,33.0676],[75.3835,33.0576],[75.3956,33.0526],[75.4199,33.0443],[75.4422,33.031],[75.4544,33.0192],[75.4728,32.999],[75.497,32.9891],[75.5233,32.9808],[75.5535,32.9743],[75.5878,32.9661],[75.6221,32.9545],[75.6443,32.9444],[75.6665,32.9344],[75.6888,32.9159],[75.7131,32.8991],[75.7273,32.8908],[75.7516,32.8655],[75.7828,32.8631],[75.7918,32.8623],[75.7957,32.8613],[75.8245,32.8538],[75.8082,32.8478],[75.807,32.8473],[75.802,32.8455],[75.7971,32.8447],[75.7799,32.8419],[75.7539,32.8316],[75.7259,32.8229],[75.6979,32.8109],[75.682,32.7955],[75.6702,32.77],[75.6543,32.7546],[75.6182,32.7459],[75.5902,32.7389],[75.5441,32.7419],[75.516,32.7434],[75.4879,32.7398],[75.4762,32.716],[75.4705,32.6888],[75.4547,32.6717],[75.4206,32.668],[75.3988,32.6559],[75.375,32.632],[75.3718,32.6304],[75.359,32.6318],[75.343,32.6334],[75.3289,32.6332],[75.3028,32.6397],[75.2927,32.643],[75.2726,32.653],[75.2503,32.6663],[75.2361,32.678],[75.2199,32.6914],[75.1995,32.7116],[75.1872,32.7301],[75.1769,32.7486],[75.1646,32.762],[75.1609,32.77],[75.1584,32.7755],[75.148,32.7991],[75.1358,32.8075],[75.1257,32.8141],[75.1135,32.8225],[75.1012,32.8359],[75.0869,32.8527],[75.0746,32.8678],[75.0502,32.8844],[75.0343,32.8741],[75.0085,32.8551],[74.9966,32.8465],[74.9764,32.8513],[74.9723,32.858],[74.9679,32.8783],[74.9518,32.8781],[74.9467,32.8771],[74.9507,32.9003],[74.9543,32.9281],[74.9621,32.9448],[74.9786,32.9575],[75.0021,32.9767],[75.0223,32.9875],[75.0448,33.0015],[75.049,33.0191],[75.0443,33.0435],[75.0287,33.0666],[75.0167,33.0919],[75.0217,33.1187],[75.0355,33.1365],[75.0629,33.1516],[75.0764,33.1643],[75.0878,33.1613],[75.1182,33.1514],[75.1404,33.1449],[75.1647,33.1401],[75.1889,33.137],[75.2152,33.1305],[75.2396,33.1189],[75.2639,33.1073],[75.2915,33.0969]]]},"properties":{"district_name":"Udhampur","raw_district_name":"Udhampur","state_code":"JK","state_name":"Jammu and Kashmir","census_code":19,"data_source":"DataMeet India Maps (Census 2011 Boundaries)"}}]}