{"type":"FeatureCollection","properties":{"state_code":"KL","state_name":"Kerala","data_source":"DataMeet India Maps"},"features":[{"type":"Feature","geometry":{"type":"Polygon","coordinates":[[[76.3733,9.8356],[76.3795,9.8289],[76.3818,9.8155],[76.3684,9.8],[76.3662,9.7916],[76.3722,9.7761],[76.3743,9.7677],[76.3777,9.7615],[76.3818,9.7499],[76.3825,9.7421],[76.3819,9.7262],[76.3804,9.7173],[76.3778,9.7081],[76.3773,9.6952],[76.3903,9.6892],[76.4033,9.6843],[76.3977,9.6658],[76.3971,9.6599],[76.398,9.6458],[76.3994,9.6306],[76.398,9.6181],[76.3969,9.5938],[76.3957,9.5869],[76.3946,9.5631],[76.3938,9.5557],[76.3917,9.5458],[76.4046,9.5517],[76.4054,9.5575],[76.4108,9.5609],[76.4149,9.5599],[76.4152,9.5581],[76.4156,9.5559],[76.4208,9.5553],[76.4275,9.5475],[76.4399,9.5521],[76.4659,9.5587],[76.4651,9.5505],[76.466,9.5404],[76.4793,9.5341],[76.4803,9.5261],[76.4799,9.5106],[76.4816,9.5057],[76.4929,9.5051],[76.499,9.5022],[76.5057,9.5019],[76.5078,9.4987],[76.5081,9.495],[76.5069,9.4865],[76.5071,9.4776],[76.5052,9.4743],[76.506,9.4681],[76.5045,9.4639],[76.5017,9.4605],[76.4991,9.4557],[76.4967,9.4396],[76.5061,9.4362],[76.5115,9.433],[76.5063,9.4257],[76.5085,9.4244],[76.509,9.4214],[76.5107,9.4174],[76.5084,9.4146],[76.5099,9.4019],[76.5157,9.4001],[76.5136,9.3973],[76.5124,9.3934],[76.513,9.3894],[76.5148,9.3866],[76.5124,9.3812],[76.5124,9.3762],[76.5095,9.3757],[76.5114,9.3706],[76.5176,9.3665],[76.5237,9.3651],[76.5234,9.3625],[76.5143,9.3622],[76.5125,9.3526],[76.4957,9.3467],[76.4898,9.3465],[76.478,9.3335],[76.4764,9.3284],[76.4802,9.3256],[76.4889,9.3258],[76.4962,9.3227],[76.5015,9.3207],[76.507,9.3205],[76.5161,9.3238],[76.5309,9.3232],[76.5345,9.3217],[76.537,9.3187],[76.55,9.3214],[76.5547,9.3235],[76.5549,9.3344],[76.5586,9.3369],[76.56,9.3419],[76.5539,9.3432],[76.5514,9.3467],[76.5561,9.3489],[76.5593,9.3462],[76.564,9.3495],[76.573,9.3533],[76.5782,9.3501],[76.5809,9.3473],[76.5868,9.3486],[76.5968,9.3491],[76.6014,9.3475],[76.6052,9.3447],[76.6246,9.3398],[76.6288,9.3397],[76.6322,9.342],[76.642,9.342],[76.6433,9.3397],[76.6423,9.3353],[76.645,9.3306],[76.645,9.3306],[76.6389,9.3256],[76.6476,9.3123],[76.6527,9.3075],[76.655,9.3042],[76.6549,9.2947],[76.6557,9.2882],[76.6596,9.2856],[76.6642,9.2861],[76.6684,9.2847],[76.672,9.2872],[76.6762,9.2883],[76.681,9.2936],[76.6854,9.2892],[76.6869,9.2896],[76.6876,9.2937],[76.6939,9.2942],[76.6941,9.2862],[76.693,9.282],[76.6828,9.2792],[76.6781,9.2686],[76.6643,9.2669],[76.6569,9.2576],[76.6543,9.2512],[76.6591,9.2393],[76.6545,9.2343],[76.6518,9.2329],[76.6481,9.2325],[76.641,9.2299],[76.6441,9.2176],[76.6413,9.2143],[76.644,9.2143],[76.6445,9.2112],[76.6425,9.2085],[76.6448,9.2017],[76.6474,9.2011],[76.647,9.2068],[76.6501,9.2071],[76.6543,9.1997],[76.6684,9.1978],[76.6777,9.1838],[76.6843,9.1768],[76.6864,9.1727],[76.6848,9.169],[76.6797,9.1706],[76.6761,9.1702],[76.6744,9.1675],[76.6733,9.1634],[76.6745,9.1549],[76.6733,9.1513],[76.6675,9.1491],[76.6561,9.1489],[76.6427,9.148],[76.6399,9.1452],[76.6346,9.1351],[76.6237,9.1338],[76.6202,9.132],[76.6185,9.129],[76.6142,9.127],[76.6032,9.1281],[76.5972,9.1284],[76.5908,9.1277],[76.59,9.1199],[76.5864,9.1176],[76.5852,9.1135],[76.5767,9.115],[76.5697,9.1081],[76.5651,9.1081],[76.5584,9.1067],[76.5512,9.1097],[76.5472,9.1228],[76.5434,9.1266],[76.5432,9.1356],[76.5367,9.1344],[76.5146,9.1358],[76.5118,9.1323],[76.5085,9.1312],[76.5071,9.1274],[76.5084,9.124],[76.5085,9.1209],[76.5029,9.123],[76.4985,9.1229],[76.49,9.1213],[76.4857,9.1214],[76.4849,9.1214],[76.4829,9.1203],[76.4812,9.1194],[76.4796,9.1163],[76.4918,9.0876],[76.4866,9.0846],[76.4865,9.085],[76.4851,9.087],[76.4842,9.0899],[76.4834,9.091],[76.4829,9.0913],[76.4829,9.0924],[76.4825,9.0926],[76.4819,9.0958],[76.4789,9.098],[76.479,9.0984],[76.4782,9.099],[76.4758,9.1035],[76.474,9.1051],[76.4721,9.1099],[76.4692,9.1132],[76.4688,9.115],[76.4671,9.1174],[76.4659,9.1189],[76.4653,9.1194],[76.4642,9.1247],[76.4628,9.1291],[76.4581,9.1429],[76.4528,9.1521],[76.4498,9.1584],[76.4478,9.1607],[76.4474,9.1617],[76.4411,9.177],[76.4378,9.185],[76.4368,9.1861],[76.4359,9.187],[76.4343,9.1916],[76.4339,9.1919],[76.4303,9.2015],[76.4291,9.2061],[76.4282,9.207],[76.4273,9.2079],[76.4261,9.2123],[76.4256,9.2125],[76.4251,9.2127],[76.4247,9.2143],[76.423,9.2177],[76.4222,9.2189],[76.4211,9.2206],[76.4159,9.2334],[76.4147,9.2348],[76.4135,9.2378],[76.4108,9.2444],[76.401,9.2732],[76.4006,9.2735],[76.3962,9.284],[76.394,9.2863],[76.3938,9.2909],[76.3934,9.2911],[76.3918,9.2955],[76.3912,9.2958],[76.3906,9.2976],[76.3875,9.3055],[76.3837,9.3154],[76.3828,9.3163],[76.3808,9.3189],[76.3804,9.3205],[76.3795,9.3212],[76.3791,9.3214],[76.3761,9.3285],[76.3732,9.332],[76.3729,9.3336],[76.3724,9.3338],[76.3724,9.3345],[76.3718,9.3366],[76.3709,9.337],[76.3682,9.3434],[76.3673,9.3443],[76.3651,9.3497],[76.3633,9.3513],[76.3614,9.3573],[76.361,9.3575],[76.3605,9.3577],[76.3585,9.3625],[76.3574,9.3655],[76.3569,9.3657],[76.3557,9.3685],[76.3501,9.3838],[76.3497,9.3841],[76.3492,9.3843],[76.3429,9.4027],[76.3424,9.4044],[76.3418,9.4061],[76.3373,9.4223],[76.3367,9.4248],[76.3369,9.4259],[76.3363,9.4275],[76.3362,9.4307],[76.336,9.4315],[76.3348,9.4374],[76.3327,9.4457],[76.3321,9.4462],[76.3296,9.4551],[76.329,9.4585],[76.3274,9.4671],[76.327,9.4688],[76.3262,9.4732],[76.3202,9.4973],[76.3199,9.4984],[76.3189,9.5039],[76.3162,9.526],[76.3147,9.5393],[76.3122,9.5515],[76.309,9.564],[76.3085,9.5703],[76.3079,9.5728],[76.3075,9.574],[76.3072,9.5749],[76.3063,9.5898],[76.306,9.5935],[76.3058,9.5967],[76.2975,9.6257],[76.293,9.6538],[76.29,9.6724],[76.2864,9.7175],[76.2858,9.725],[76.2855,9.7392],[76.2852,9.7449],[76.2846,9.7482],[76.2848,9.7527],[76.2812,9.7812],[76.2802,9.7885],[76.2838,9.7895],[76.2851,9.7925],[76.2847,9.7956],[76.2829,9.7984],[76.2834,9.8033],[76.2912,9.8084],[76.2889,9.8131],[76.2881,9.8169],[76.2849,9.8175],[76.2831,9.8197],[76.2818,9.8275],[76.285,9.8377],[76.2869,9.8485],[76.2908,9.8496],[76.2956,9.8497],[76.2983,9.8525],[76.2945,9.8736],[76.2933,9.8883],[76.2968,9.8902],[76.2984,9.8901],[76.3024,9.8899],[76.3085,9.884],[76.3335,9.8764],[76.3408,9.8775],[76.3523,9.8814],[76.3551,9.8817],[76.3622,9.8729],[76.3702,9.8588],[76.3711,9.8558],[76.3702,9.8506],[76.3706,9.8411],[76.3733,9.8356]]]},"properties":{"district_name":"Alappuzha","raw_district_name":"Alappuzha","state_code":"KL","state_name":"Kerala","census_code":598,"data_source":"DataMeet India Maps (Census 2011 Boundaries)"}},{"type":"Feature","geometry":{"type":"Polygon","coordinates":[[[76.6892,10.2672],[76.6872,10.2617],[76.6832,10.2568],[76.6806,10.2517],[76.6812,10.2403],[76.679,10.2282],[76.6758,10.2174],[76.6738,10.2139],[76.6611,10.1987],[76.6583,10.1958],[76.6522,10.1914],[76.6442,10.1662],[76.6434,10.1615],[76.6491,10.1558],[76.6583,10.1408],[76.6616,10.1394],[76.666,10.1418],[76.6694,10.1422],[76.6733,10.1413],[76.6765,10.1391],[76.6898,10.1258],[76.6993,10.1177],[76.7081,10.1121],[76.7159,10.1059],[76.7273,10.0945],[76.7428,10.0857],[76.7502,10.0759],[76.7542,10.0726],[76.7705,10.062],[76.7794,10.0616],[76.7828,10.0602],[76.7885,10.052],[76.7874,10.0476],[76.7946,10.0418],[76.7993,10.0399],[76.8051,10.0393],[76.8117,10.0352],[76.8173,10.0337],[76.8287,10.0257],[76.8405,10.0239],[76.8356,10.0189],[76.8333,10.0151],[76.8304,10.0138],[76.8168,10.0193],[76.8052,10.0271],[76.7942,10.0311],[76.7925,10.0328],[76.7845,10.0351],[76.7768,10.0262],[76.7666,10.0115],[76.7722,10.0002],[76.7716,9.9905],[76.7658,9.9892],[76.7654,9.9857],[76.7661,9.982],[76.7487,9.99],[76.7447,9.9893],[76.7324,9.9852],[76.7269,9.9814],[76.7187,9.9875],[76.7169,9.9853],[76.7108,9.9873],[76.7173,9.9685],[76.7185,9.9582],[76.717,9.9552],[76.7103,9.9511],[76.7111,9.948],[76.7051,9.9363],[76.6991,9.9286],[76.6957,9.93],[76.6911,9.9253],[76.6911,9.9221],[76.7007,9.9153],[76.7002,9.912],[76.6989,9.9099],[76.6953,9.9074],[76.6926,9.9077],[76.6858,9.9124],[76.6822,9.9187],[76.68,9.9193],[76.6727,9.9193],[76.6677,9.9167],[76.6638,9.9166],[76.6594,9.9187],[76.6547,9.9179],[76.6503,9.9199],[76.6429,9.9173],[76.6384,9.918],[76.6355,9.9158],[76.6333,9.9133],[76.6319,9.9093],[76.6327,9.9027],[76.6315,9.8986],[76.6326,9.8951],[76.6335,9.8851],[76.639,9.8785],[76.639,9.8748],[76.6373,9.871],[76.6346,9.8685],[76.6342,9.86],[76.6331,9.8557],[76.631,9.8567],[76.6245,9.8576],[76.6133,9.8489],[76.615,9.8461],[76.6187,9.8423],[76.6141,9.8399],[76.611,9.8419],[76.6098,9.8395],[76.6046,9.8441],[76.5999,9.8446],[76.5964,9.8458],[76.5871,9.8413],[76.5835,9.8415],[76.5835,9.8372],[76.5824,9.8322],[76.5838,9.8268],[76.5819,9.8228],[76.5767,9.8195],[76.5712,9.8227],[76.5679,9.8226],[76.5611,9.8155],[76.5615,9.812],[76.5591,9.803],[76.5531,9.8007],[76.5488,9.7998],[76.5469,9.8049],[76.5446,9.8059],[76.5448,9.8125],[76.5431,9.8132],[76.5415,9.8221],[76.5394,9.8235],[76.5344,9.8243],[76.5236,9.824],[76.515,9.8498],[76.5103,9.8512],[76.5,9.8514],[76.4881,9.8467],[76.4828,9.8478],[76.4759,9.8441],[76.4624,9.8481],[76.4551,9.8407],[76.4506,9.8374],[76.4458,9.8318],[76.4328,9.8253],[76.4236,9.8228],[76.4181,9.8222],[76.4141,9.8233],[76.4064,9.828],[76.3963,9.8284],[76.3873,9.8428],[76.3806,9.8399],[76.3774,9.8385],[76.3733,9.8356],[76.3706,9.8411],[76.3702,9.8506],[76.3711,9.8558],[76.3702,9.8588],[76.3622,9.8729],[76.3551,9.8817],[76.3523,9.8814],[76.3408,9.8775],[76.3335,9.8764],[76.3085,9.884],[76.3024,9.8899],[76.2984,9.8901],[76.2968,9.8902],[76.2933,9.8883],[76.2945,9.8736],[76.2983,9.8525],[76.2956,9.8497],[76.2908,9.8496],[76.2869,9.8485],[76.285,9.8377],[76.2818,9.8275],[76.2831,9.8197],[76.2849,9.8175],[76.2881,9.8169],[76.2889,9.8131],[76.2912,9.8084],[76.2834,9.8033],[76.2829,9.7984],[76.2847,9.7956],[76.2851,9.7925],[76.2838,9.7895],[76.2802,9.7885],[76.2779,9.8072],[76.2717,9.8366],[76.2701,9.8451],[76.2636,9.8811],[76.2627,9.8859],[76.2585,9.9022],[76.2568,9.9076],[76.2563,9.909],[76.255,9.9124],[76.2545,9.9126],[76.251,9.9224],[76.2505,9.9226],[76.2489,9.9263],[76.2489,9.927],[76.2485,9.9272],[76.2483,9.9284],[76.2478,9.9286],[76.2474,9.9288],[76.2422,9.9464],[76.2412,9.9539],[76.242,9.9641],[76.243,9.9685],[76.2433,9.9693],[76.2322,9.9858],[76.2307,9.9871],[76.2299,9.9894],[76.2278,9.9928],[76.2256,9.9952],[76.2234,9.9972],[76.2218,10],[76.2214,10.0016],[76.2209,10.0018],[76.2205,10.0021],[76.2184,10.0112],[76.215,10.0224],[76.2134,10.0263],[76.2129,10.0265],[76.2123,10.027],[76.2108,10.0304],[76.2106,10.0313],[76.2101,10.0316],[76.2094,10.0321],[76.2067,10.0386],[76.2024,10.049],[76.1982,10.0654],[76.1973,10.0664],[76.1956,10.0745],[76.1944,10.0827],[76.1932,10.0875],[76.192,10.093],[76.1903,10.0994],[76.1904,10.1008],[76.1847,10.1177],[76.1827,10.1301],[76.1824,10.1313],[76.1813,10.1341],[76.1795,10.1432],[76.1758,10.1544],[76.1753,10.155],[76.175,10.1559],[76.1745,10.1562],[76.1733,10.1597],[76.1727,10.1601],[76.1722,10.1604],[76.1714,10.1634],[76.1705,10.1643],[76.1698,10.1648],[76.1689,10.1688],[76.1683,10.175],[76.1685,10.1757],[76.1701,10.1793],[76.1689,10.1839],[76.1787,10.1885],[76.1811,10.1896],[76.1917,10.1917],[76.1926,10.1918],[76.2135,10.1943],[76.2129,10.196],[76.2127,10.1967],[76.2144,10.201],[76.2168,10.2014],[76.2193,10.2034],[76.2216,10.2066],[76.2284,10.2035],[76.2367,10.2023],[76.2408,10.2038],[76.2499,10.1997],[76.2535,10.2009],[76.2614,10.1999],[76.2648,10.1984],[76.2643,10.196],[76.2616,10.1948],[76.2633,10.1883],[76.2693,10.1873],[76.2754,10.1791],[76.2765,10.174],[76.2918,10.1772],[76.2979,10.1776],[76.3032,10.1834],[76.3067,10.1846],[76.3147,10.1805],[76.3134,10.1869],[76.3134,10.1943],[76.3118,10.2018],[76.3133,10.2053],[76.3305,10.2084],[76.3353,10.2115],[76.3376,10.2148],[76.3395,10.2265],[76.341,10.2303],[76.344,10.2325],[76.3726,10.2398],[76.3755,10.2416],[76.379,10.2452],[76.3793,10.2514],[76.381,10.2539],[76.3866,10.2536],[76.3909,10.2557],[76.3903,10.2603],[76.3916,10.263],[76.3971,10.2667],[76.4001,10.2727],[76.4028,10.2763],[76.4054,10.2775],[76.413,10.2786],[76.4138,10.2825],[76.4134,10.2873],[76.4169,10.2881],[76.4169,10.2915],[76.416,10.2947],[76.4176,10.2956],[76.4322,10.2902],[76.4364,10.2923],[76.4412,10.2931],[76.4506,10.296],[76.4618,10.2962],[76.4742,10.2917],[76.4948,10.2917],[76.4973,10.2893],[76.5004,10.2876],[76.5042,10.2867],[76.5182,10.2864],[76.5266,10.2854],[76.5416,10.2882],[76.5465,10.2868],[76.5534,10.2828],[76.557,10.2824],[76.5635,10.2843],[76.5733,10.2832],[76.5675,10.2932],[76.5706,10.2965],[76.5792,10.3018],[76.5859,10.2986],[76.5907,10.2984],[76.5916,10.2923],[76.5931,10.2902],[76.5961,10.2874],[76.6043,10.2819],[76.6187,10.2797],[76.6228,10.2747],[76.6259,10.2738],[76.6332,10.2738],[76.6394,10.2746],[76.6438,10.2764],[76.6466,10.2811],[76.6587,10.2806],[76.6638,10.2787],[76.6701,10.2718],[76.6824,10.2698],[76.6892,10.2672]]]},"properties":{"district_name":"Ernakulam","raw_district_name":"Ernakulam","state_code":"KL","state_name":"Kerala","census_code":595,"data_source":"DataMeet India Maps (Census 2011 Boundaries)"}},{"type":"Feature","geometry":{"type":"Polygon","coordinates":[[[77.289,10.2297],[77.2946,10.2164],[77.2932,10.2132],[77.2904,10.2128],[77.288,10.2106],[77.2872,10.2069],[77.2839,10.2059],[77.2855,10.2032],[77.2836,10.1963],[77.2786,10.1889],[77.2734,10.1645],[77.2739,10.1504],[77.2717,10.145],[77.2719,10.1413],[77.2745,10.1398],[77.2753,10.1378],[77.2741,10.1282],[77.2693,10.1254],[77.2676,10.1205],[77.2604,10.1214],[77.2542,10.1232],[77.2491,10.1257],[77.2448,10.1292],[77.2394,10.1275],[77.2355,10.1244],[77.233,10.1203],[77.2296,10.1183],[77.2266,10.1178],[77.2202,10.115],[77.2175,10.1126],[77.2121,10.1154],[77.2088,10.1152],[77.2023,10.1046],[77.202,10.1014],[77.2041,10.0999],[77.204,10.0955],[77.205,10.0901],[77.2095,10.0825],[77.2134,10.0796],[77.2187,10.0775],[77.2273,10.0675],[77.2325,10.0659],[77.2351,10.0596],[77.2389,10.0546],[77.2451,10.0486],[77.2516,10.0443],[77.2569,10.0352],[77.2601,10.0327],[77.2627,10.0293],[77.2635,10.0249],[77.259,10.0168],[77.2553,10.012],[77.2555,10.0092],[77.2623,10.0039],[77.2624,10.0002],[77.2625,10.0002],[77.2598,9.9953],[77.2614,9.9906],[77.2654,9.9905],[77.2635,9.9865],[77.2645,9.9819],[77.2743,9.9753],[77.2762,9.9728],[77.2738,9.9625],[77.2701,9.9593],[77.2647,9.9516],[77.255,9.9521],[77.2514,9.9504],[77.2507,9.9524],[77.2495,9.9519],[77.2492,9.9472],[77.2367,9.9318],[77.2357,9.9267],[77.2317,9.9147],[77.2192,9.9033],[77.2214,9.8867],[77.2176,9.8837],[77.2163,9.8787],[77.214,9.8749],[77.2241,9.8627],[77.2282,9.861],[77.2332,9.8625],[77.2386,9.858],[77.2387,9.852],[77.2288,9.8475],[77.2283,9.8419],[77.23,9.8398],[77.2239,9.8235],[77.2274,9.8219],[77.234,9.8222],[77.2345,9.8178],[77.2422,9.8153],[77.248,9.8063],[77.2472,9.8034],[77.2491,9.7975],[77.2418,9.7957],[77.2377,9.7907],[77.2249,9.7889],[77.2258,9.7753],[77.2338,9.769],[77.2276,9.7643],[77.2266,9.7542],[77.2213,9.7464],[77.2235,9.7306],[77.2151,9.7262],[77.2052,9.7244],[77.2055,9.715],[77.2043,9.7064],[77.207,9.695],[77.2012,9.687],[77.2001,9.6803],[77.1975,9.6776],[77.1949,9.6692],[77.1879,9.665],[77.1884,9.6607],[77.1842,9.6604],[77.181,9.657],[77.1813,9.6467],[77.176,9.639],[77.176,9.6361],[77.1777,9.6286],[77.17,9.6227],[77.1703,9.6171],[77.1673,9.6148],[77.1709,9.6102],[77.1828,9.6094],[77.1901,9.606],[77.1947,9.6103],[77.1995,9.6113],[77.2015,9.6148],[77.2115,9.613],[77.2122,9.6046],[77.2164,9.6013],[77.221,9.6012],[77.2242,9.5977],[77.2248,9.5933],[77.2303,9.5877],[77.2385,9.5817],[77.2456,9.5849],[77.2547,9.5823],[77.2578,9.5805],[77.2606,9.5776],[77.2625,9.5776],[77.2664,9.5744],[77.2708,9.574],[77.2737,9.5772],[77.277,9.5757],[77.2912,9.5856],[77.2908,9.59],[77.2954,9.5891],[77.3024,9.5964],[77.3202,9.6022],[77.3249,9.598],[77.3297,9.5993],[77.3308,9.5978],[77.3267,9.5937],[77.328,9.5873],[77.3257,9.5851],[77.3267,9.5795],[77.337,9.5765],[77.3408,9.5724],[77.3445,9.5824],[77.3569,9.6043],[77.3671,9.5986],[77.3674,9.5973],[77.3653,9.5958],[77.3623,9.5971],[77.3608,9.5969],[77.3592,9.5941],[77.357,9.5869],[77.3613,9.5765],[77.3598,9.5731],[77.3566,9.5733],[77.352,9.566],[77.3535,9.5641],[77.3542,9.5595],[77.3561,9.5583],[77.3627,9.5578],[77.365,9.5554],[77.3667,9.5495],[77.3668,9.5355],[77.3709,9.5332],[77.3773,9.5254],[77.3826,9.5241],[77.3871,9.518],[77.4031,9.5261],[77.4028,9.5161],[77.4065,9.514],[77.4113,9.5137],[77.4127,9.5059],[77.4043,9.5003],[77.4019,9.4955],[77.4004,9.4884],[77.4005,9.4791],[77.4033,9.4767],[77.3987,9.4705],[77.3939,9.4679],[77.3951,9.46],[77.3888,9.4545],[77.3842,9.4532],[77.3801,9.4525],[77.3767,9.4529],[77.373,9.4571],[77.3681,9.4589],[77.3619,9.4545],[77.3594,9.4496],[77.3507,9.4402],[77.3511,9.4331],[77.3483,9.4305],[77.3466,9.4243],[77.3406,9.4173],[77.3382,9.4148],[77.3379,9.4109],[77.344,9.4032],[77.3442,9.3989],[77.3414,9.3927],[77.3427,9.3896],[77.3424,9.3878],[77.3364,9.3852],[77.3361,9.3723],[77.3397,9.3677],[77.3366,9.3639],[77.3373,9.3602],[77.3263,9.3437],[77.328,9.337],[77.3237,9.3367],[77.3168,9.334],[77.3072,9.3367],[77.3035,9.3359],[77.3008,9.3365],[77.3018,9.3302],[77.2989,9.3286],[77.302,9.3246],[77.3035,9.319],[77.3034,9.3171],[77.3009,9.314],[77.3002,9.3099],[77.2944,9.3042],[77.2901,9.3031],[77.2868,9.3007],[77.2835,9.2998],[77.2838,9.2906],[77.2909,9.2721],[77.2844,9.2713],[77.2752,9.2751],[77.273,9.2772],[77.2685,9.2792],[77.262,9.28],[77.258,9.2855],[77.2475,9.2887],[77.2463,9.2819],[77.242,9.2849],[77.2398,9.2824],[77.2376,9.2923],[77.2305,9.297],[77.2275,9.2959],[77.2269,9.3136],[77.2372,9.3255],[77.2365,9.3285],[77.2336,9.3313],[77.2377,9.3354],[77.2402,9.3394],[77.2394,9.3442],[77.2369,9.349],[77.2391,9.3541],[77.2431,9.3584],[77.2441,9.3693],[77.2479,9.3758],[77.2497,9.3811],[77.2484,9.3851],[77.2302,9.4106],[77.2326,9.416],[77.2309,9.4195],[77.2265,9.4183],[77.2258,9.4219],[77.2232,9.4245],[77.2246,9.4327],[77.2147,9.4384],[77.212,9.4427],[77.2095,9.4411],[77.2077,9.4414],[77.2103,9.4459],[77.2053,9.4509],[77.2021,9.4492],[77.1979,9.4506],[77.1927,9.4492],[77.1899,9.4501],[77.1882,9.4549],[77.1854,9.4539],[77.1828,9.4572],[77.185,9.4609],[77.1854,9.4631],[77.1834,9.4641],[77.1816,9.4704],[77.1746,9.4659],[77.1695,9.4607],[77.1697,9.4651],[77.1682,9.4642],[77.1672,9.4696],[77.1613,9.4688],[77.1558,9.4691],[77.1436,9.4605],[77.1417,9.47],[77.1423,9.476],[77.1443,9.4807],[77.1441,9.4857],[77.142,9.4893],[77.1317,9.4917],[77.124,9.4807],[77.1205,9.4779],[77.112,9.4786],[77.1046,9.4783],[77.0931,9.4653],[77.0881,9.4611],[77.0836,9.4591],[77.0803,9.4584],[77.0738,9.4549],[77.0702,9.4545],[77.0634,9.4589],[77.0592,9.4596],[77.0548,9.4598],[77.0509,9.4563],[77.0487,9.451],[77.0575,9.4332],[77.0638,9.4249],[77.068,9.4164],[77.0647,9.4157],[77.0545,9.4171],[77.0438,9.4132],[77.0374,9.4123],[77.0354,9.4102],[77.0325,9.41],[77.0301,9.4073],[77.0262,9.4078],[77.0222,9.4066],[77.0143,9.4088],[77.0147,9.4197],[77.0057,9.4187],[77.0001,9.423],[76.9929,9.4223],[76.9783,9.4247],[76.9637,9.4293],[76.9405,9.4297],[76.9438,9.4315],[76.9458,9.4342],[76.9401,9.4402],[76.9421,9.4448],[76.9496,9.446],[76.9561,9.4528],[76.9613,9.4598],[76.9668,9.4625],[76.9849,9.4668],[76.987,9.4731],[76.9869,9.4771],[76.9842,9.481],[76.9856,9.4848],[76.9762,9.5003],[76.9674,9.5063],[76.9606,9.5002],[76.9557,9.4904],[76.9486,9.4908],[76.9401,9.4992],[76.9375,9.5039],[76.9329,9.5025],[76.9258,9.5074],[76.9069,9.5234],[76.9032,9.5358],[76.8901,9.5368],[76.888,9.5583],[76.8887,9.5674],[76.8862,9.5748],[76.885,9.5782],[76.8871,9.5808],[76.8956,9.5846],[76.8939,9.5921],[76.894,9.6007],[76.8914,9.6073],[76.8917,9.6128],[76.8898,9.6168],[76.8909,9.6188],[76.8949,9.6198],[76.8959,9.6213],[76.8948,9.6257],[76.8969,9.6287],[76.9004,9.632],[76.9055,9.6328],[76.914,9.6251],[76.9325,9.6143],[76.9372,9.6197],[76.9247,9.634],[76.9227,9.638],[76.9226,9.643],[76.9241,9.6451],[76.9295,9.6482],[76.9296,9.6508],[76.9203,9.6595],[76.9139,9.6691],[76.9059,9.6751],[76.9048,9.6839],[76.8959,9.7043],[76.8925,9.7102],[76.8881,9.7166],[76.8764,9.7216],[76.8704,9.726],[76.8662,9.7314],[76.8609,9.7286],[76.8548,9.7336],[76.8362,9.7579],[76.8301,9.7624],[76.8296,9.7668],[76.8142,9.7834],[76.8046,9.7909],[76.7836,9.8046],[76.7772,9.8074],[76.7689,9.8087],[76.7636,9.8121],[76.7577,9.8146],[76.7552,9.813],[76.7469,9.8036],[76.7426,9.8042],[76.7356,9.8078],[76.7316,9.8111],[76.7269,9.8117],[76.7218,9.814],[76.7093,9.8227],[76.7044,9.8237],[76.701,9.8258],[76.6989,9.8318],[76.6951,9.8332],[76.6883,9.8335],[76.686,9.835],[76.6837,9.8385],[76.6781,9.8384],[76.6759,9.8416],[76.6727,9.8434],[76.6693,9.8427],[76.6662,9.8401],[76.6635,9.8389],[76.6495,9.8416],[76.6356,9.8463],[76.631,9.8494],[76.6317,9.853],[76.6331,9.8557],[76.6342,9.86],[76.6346,9.8685],[76.6373,9.871],[76.639,9.8748],[76.639,9.8785],[76.6335,9.8851],[76.6326,9.8951],[76.6315,9.8986],[76.6327,9.9027],[76.6319,9.9093],[76.6333,9.9133],[76.6355,9.9158],[76.6384,9.918],[76.6429,9.9173],[76.6503,9.9199],[76.6547,9.9179],[76.6594,9.9187],[76.6638,9.9166],[76.6677,9.9167],[76.6727,9.9193],[76.68,9.9193],[76.6822,9.9187],[76.6858,9.9124],[76.6926,9.9077],[76.6953,9.9074],[76.6989,9.9099],[76.7002,9.912],[76.7007,9.9153],[76.6911,9.9221],[76.6911,9.9253],[76.6957,9.93],[76.6991,9.9286],[76.7051,9.9363],[76.7111,9.948],[76.7103,9.9511],[76.717,9.9552],[76.7185,9.9582],[76.7173,9.9685],[76.7108,9.9873],[76.7169,9.9853],[76.7187,9.9875],[76.7269,9.9814],[76.7324,9.9852],[76.7447,9.9893],[76.7487,9.99],[76.7661,9.982],[76.7654,9.9857],[76.7658,9.9892],[76.7716,9.9905],[76.7722,10.0002],[76.7666,10.0115],[76.7768,10.0262],[76.7845,10.0351],[76.7925,10.0328],[76.7942,10.0311],[76.8052,10.0271],[76.8168,10.0193],[76.8304,10.0138],[76.8333,10.0151],[76.8356,10.0189],[76.8405,10.0239],[76.8287,10.0257],[76.8173,10.0337],[76.8117,10.0352],[76.8051,10.0393],[76.7993,10.0399],[76.7946,10.0418],[76.7874,10.0476],[76.7885,10.052],[76.7828,10.0602],[76.7794,10.0616],[76.7705,10.062],[76.7542,10.0726],[76.7502,10.0759],[76.7428,10.0857],[76.7273,10.0945],[76.7159,10.1059],[76.7081,10.1121],[76.6993,10.1177],[76.6898,10.1258],[76.6765,10.1391],[76.6733,10.1413],[76.6694,10.1422],[76.666,10.1418],[76.6616,10.1394],[76.6583,10.1408],[76.6491,10.1558],[76.6434,10.1615],[76.6442,10.1662],[76.6522,10.1914],[76.6583,10.1958],[76.6611,10.1987],[76.6738,10.2139],[76.6758,10.2174],[76.679,10.2282],[76.6812,10.2403],[76.6806,10.2517],[76.6832,10.2568],[76.6872,10.2617],[76.6892,10.2672],[76.6994,10.2655],[76.7059,10.2678],[76.709,10.2699],[76.7303,10.272],[76.7378,10.2744],[76.7451,10.2751],[76.7503,10.278],[76.7539,10.2747],[76.7615,10.2697],[76.7663,10.2706],[76.7712,10.2704],[76.7765,10.2719],[76.777,10.2773],[76.7828,10.2771],[76.7908,10.2779],[76.7956,10.2802],[76.7976,10.2774],[76.8003,10.2775],[76.8066,10.2856],[76.8131,10.2851],[76.8203,10.2834],[76.8291,10.2798],[76.831,10.2766],[76.8338,10.2765],[76.8367,10.278],[76.8396,10.2841],[76.8413,10.2843],[76.8458,10.2802],[76.8478,10.2811],[76.8665,10.2727],[76.8675,10.2701],[76.8698,10.2698],[76.8718,10.2723],[76.8794,10.2689],[76.8806,10.2669],[76.8806,10.2633],[76.8829,10.2629],[76.8869,10.2608],[76.8896,10.2573],[76.8959,10.2587],[76.8992,10.2535],[76.9047,10.2513],[76.9064,10.2457],[76.9052,10.2409],[76.9116,10.2408],[76.9142,10.2361],[76.9184,10.233],[76.9223,10.2315],[76.9333,10.2337],[76.938,10.2381],[76.9408,10.2379],[76.9523,10.2295],[76.959,10.2311],[76.9654,10.2281],[76.9719,10.2271],[76.9749,10.2242],[76.9805,10.221],[76.984,10.2171],[76.9878,10.2224],[76.9947,10.2284],[77.0005,10.2284],[77.0047,10.2315],[77.0069,10.2362],[77.009,10.2378],[77.0127,10.2383],[77.0199,10.2449],[77.0285,10.2461],[77.0293,10.2495],[77.0319,10.2504],[77.0436,10.2515],[77.0519,10.2567],[77.0558,10.2706],[77.0471,10.2807],[77.0594,10.2829],[77.0666,10.2885],[77.0644,10.2915],[77.0651,10.2941],[77.0741,10.2951],[77.0809,10.2989],[77.0868,10.3045],[77.095,10.3083],[77.0952,10.3084],[77.1013,10.3105],[77.1056,10.313],[77.1141,10.3132],[77.1217,10.3159],[77.1277,10.3193],[77.1327,10.3243],[77.1401,10.3291],[77.1475,10.3325],[77.1617,10.3429],[77.1764,10.3552],[77.1823,10.3549],[77.1866,10.3529],[77.1949,10.3521],[77.2025,10.3551],[77.2063,10.3524],[77.213,10.3509],[77.2281,10.3504],[77.2358,10.3493],[77.2362,10.3376],[77.232,10.3311],[77.2282,10.3148],[77.231,10.307],[77.2347,10.3051],[77.2458,10.2863],[77.2605,10.2667],[77.2645,10.2629],[77.2615,10.2607],[77.2593,10.2577],[77.2588,10.2543],[77.2598,10.2413],[77.2596,10.2353],[77.2606,10.2297],[77.2632,10.2312],[77.2653,10.2335],[77.2682,10.2324],[77.2696,10.2347],[77.2728,10.233],[77.2803,10.2342],[77.2841,10.2335],[77.289,10.2297]]]},"properties":{"district_name":"Idukki","raw_district_name":"Idukki","state_code":"KL","state_name":"Kerala","census_code":596,"data_source":"DataMeet India Maps (Census 2011 Boundaries)"}},{"type":"Feature","geometry":{"type":"Polygon","coordinates":[[[75.47,12.3005],[75.4856,12.2913],[75.4896,12.2866],[75.4954,12.272],[75.4969,12.2703],[75.505,12.2692],[75.5069,12.2683],[75.5069,12.2649],[75.5141,12.2585],[75.5144,12.2556],[75.5161,12.2545],[75.5197,12.2489],[75.5224,12.2411],[75.523,12.2384],[75.5216,12.2358],[75.5265,12.2341],[75.528,12.2303],[75.5285,12.2248],[75.5412,12.2163],[75.5413,12.212],[75.5401,12.2088],[75.5362,12.2043],[75.537,12.2013],[75.5412,12.2006],[75.5437,12.1976],[75.5471,12.1972],[75.5521,12.1937],[75.5545,12.1897],[75.5558,12.1814],[75.5586,12.1816],[75.563,12.174],[75.5673,12.1721],[75.5738,12.1708],[75.5804,12.1561],[75.5862,12.1558],[75.5907,12.1536],[75.595,12.1484],[75.5968,12.1483],[75.5983,12.1507],[75.6012,12.1519],[75.6057,12.1521],[75.6118,12.154],[75.615,12.1512],[75.6208,12.1543],[75.6306,12.1505],[75.6331,12.147],[75.6389,12.1478],[75.6406,12.1458],[75.6414,12.1392],[75.6445,12.1386],[75.6463,12.1362],[75.6477,12.1325],[75.6482,12.1292],[75.6468,12.1254],[75.6513,12.1202],[75.652,12.111],[75.6555,12.1094],[75.6567,12.1068],[75.6622,12.0998],[75.6664,12.0967],[75.6716,12.0955],[75.6768,12.0962],[75.6824,12.0986],[75.6857,12.1021],[75.6883,12.1078],[75.6961,12.1081],[75.7057,12.1059],[75.7045,12.0936],[75.7048,12.0891],[75.7107,12.0884],[75.7214,12.084],[75.7218,12.083],[75.7184,12.0748],[75.7189,12.0709],[75.7213,12.0677],[75.7324,12.0697],[75.7387,12.0733],[75.7433,12.0778],[75.7473,12.0774],[75.752,12.0791],[75.7563,12.083],[75.7626,12.0828],[75.7674,12.0842],[75.7723,12.0832],[75.7883,12.0821],[75.7941,12.0803],[75.7999,12.0799],[75.8043,12.0769],[75.8063,12.0737],[75.8008,12.0552],[75.7979,12.0532],[75.8025,12.0474],[75.8033,12.0454],[75.8028,12.0384],[75.8047,12.036],[75.815,12.0298],[75.8168,12.0277],[75.8167,12.0219],[75.8283,12.0151],[75.8315,12.0116],[75.8324,12.0086],[75.8286,12.0004],[75.8284,12.0004],[75.8293,11.9901],[75.8319,11.9838],[75.8355,11.9804],[75.8446,11.9786],[75.8494,11.9761],[75.8516,11.9705],[75.8561,11.9629],[75.871,11.9515],[75.8819,11.9466],[75.8885,11.9448],[75.8949,11.9441],[75.8997,11.9425],[75.9091,11.9407],[75.9208,11.94],[75.925,11.9416],[75.9306,11.9388],[75.9254,11.9266],[75.9249,11.9207],[75.9345,11.9096],[75.9366,11.9015],[75.9371,11.8937],[75.9357,11.8877],[75.9292,11.8795],[75.9135,11.8728],[75.9189,11.8678],[75.9306,11.8606],[75.928,11.8516],[75.9286,11.8431],[75.9269,11.8398],[75.9246,11.8395],[75.9235,11.843],[75.9211,11.845],[75.9177,11.8433],[75.914,11.8438],[75.9012,11.8408],[75.896,11.8423],[75.892,11.8418],[75.8876,11.8441],[75.8839,11.843],[75.8807,11.8435],[75.8757,11.8466],[75.8676,11.8456],[75.8639,11.8486],[75.86,11.847],[75.8563,11.8469],[75.8504,11.8489],[75.8476,11.8509],[75.8449,11.8541],[75.8416,11.8542],[75.834,11.8496],[75.8297,11.8495],[75.8246,11.8505],[75.817,11.855],[75.8076,11.8545],[75.8047,11.8508],[75.8033,11.8476],[75.8004,11.8458],[75.7923,11.8455],[75.7908,11.8407],[75.7899,11.8354],[75.7926,11.8316],[75.7968,11.8285],[75.7982,11.8235],[75.7982,11.8187],[75.7968,11.8143],[75.7925,11.8117],[75.7878,11.8109],[75.7828,11.8079],[75.78,11.8044],[75.7772,11.7977],[75.7726,11.801],[75.7666,11.8023],[75.7536,11.8033],[75.7498,11.8011],[75.7505,11.7952],[75.7541,11.7919],[75.7559,11.7874],[75.7551,11.7845],[75.7491,11.7839],[75.7403,11.7862],[75.7383,11.7809],[75.7333,11.7796],[75.7285,11.7828],[75.7272,11.7864],[75.7245,11.7898],[75.717,11.7948],[75.7118,11.7959],[75.7069,11.7957],[75.7029,11.7978],[75.6978,11.7985],[75.6945,11.7976],[75.6916,11.7954],[75.686,11.7763],[75.6829,11.7739],[75.6739,11.7694],[75.6712,11.7671],[75.6683,11.7584],[75.6584,11.7541],[75.6359,11.7355],[75.6282,11.7362],[75.6248,11.7291],[75.6103,11.7173],[75.6066,11.7158],[75.6025,11.717],[75.5993,11.7146],[75.5965,11.7143],[75.5925,11.715],[75.5913,11.7136],[75.5939,11.7106],[75.5949,11.7078],[75.5941,11.7043],[75.5951,11.7007],[75.6036,11.6963],[75.6051,11.6947],[75.6033,11.6876],[75.5986,11.6863],[75.5929,11.6876],[75.589,11.6875],[75.5863,11.6857],[75.5816,11.6791],[75.5778,11.6762],[75.5739,11.6747],[75.5707,11.6741],[75.5683,11.6778],[75.5642,11.6799],[75.5631,11.6829],[75.5643,11.6868],[75.5626,11.6916],[75.5562,11.7014],[75.553,11.7024],[75.5442,11.7035],[75.5442,11.7035],[75.5423,11.7071],[75.5402,11.7093],[75.5367,11.7097],[75.5291,11.7053],[75.5277,11.7066],[75.5275,11.7073],[75.5209,11.7131],[75.5209,11.7141],[75.5176,11.7175],[75.5174,11.7184],[75.5167,11.7194],[75.5167,11.7198],[75.5158,11.7205],[75.5143,11.7224],[75.5138,11.7233],[75.5134,11.7246],[75.5121,11.7272],[75.5112,11.7283],[75.5084,11.7309],[75.4962,11.7405],[75.4822,11.751],[75.4813,11.7517],[75.4803,11.7538],[75.4803,11.7549],[75.4807,11.7554],[75.4805,11.7579],[75.478,11.7602],[75.4768,11.7639],[75.4764,11.7642],[75.4749,11.7669],[75.4744,11.7673],[75.4737,11.7685],[75.4725,11.7687],[75.4695,11.7677],[75.4679,11.7664],[75.4676,11.7657],[75.4646,11.7646],[75.4637,11.7644],[75.4609,11.7655],[75.4581,11.7659],[75.4592,11.7677],[75.4606,11.77],[75.4613,11.7706],[75.4615,11.7731],[75.4615,11.7733],[75.4614,11.7742],[75.4597,11.7765],[75.4585,11.7781],[75.4579,11.7795],[75.4574,11.7802],[75.4552,11.7821],[75.4545,11.7834],[75.4539,11.7847],[75.4471,11.79],[75.4462,11.7914],[75.4417,11.7949],[75.4393,11.7967],[75.4387,11.7976],[75.4386,11.7981],[75.4283,11.807],[75.4261,11.8113],[75.4225,11.8148],[75.4203,11.8196],[75.4194,11.8203],[75.4176,11.8227],[75.4168,11.8256],[75.4154,11.827],[75.4148,11.8275],[75.4143,11.8286],[75.4135,11.8304],[75.4117,11.8319],[75.411,11.8332],[75.4105,11.834],[75.4102,11.8346],[75.4083,11.8362],[75.4003,11.8416],[75.3999,11.8428],[75.3991,11.8434],[75.3986,11.8437],[75.3968,11.8456],[75.3964,11.8467],[75.3939,11.8488],[75.394,11.8493],[75.391,11.8518],[75.3889,11.8569],[75.388,11.8578],[75.3844,11.8602],[75.3823,11.86],[75.3772,11.8596],[75.3734,11.8581],[75.3726,11.8575],[75.3709,11.8541],[75.3686,11.8524],[75.3685,11.8519],[75.3659,11.8512],[75.363,11.8511],[75.3603,11.8524],[75.3578,11.8545],[75.3578,11.8552],[75.3564,11.8579],[75.3562,11.8663],[75.3547,11.8677],[75.3533,11.8691],[75.3531,11.8696],[75.3518,11.8723],[75.3493,11.8744],[75.3494,11.8753],[75.3435,11.8807],[75.3433,11.8814],[75.3406,11.8843],[75.3397,11.885],[75.3397,11.8859],[75.3366,11.8892],[75.3366,11.8901],[75.3317,11.8943],[75.3223,11.8977],[75.3212,11.8988],[75.3208,11.8991],[75.3208,11.9022],[75.3199,11.9044],[75.3206,11.9059],[75.323,11.9072],[75.3239,11.9083],[75.3237,11.9089],[75.3216,11.9104],[75.3187,11.9188],[75.3152,11.9228],[75.313,11.9278],[75.3119,11.929],[75.311,11.9297],[75.3108,11.9338],[75.3105,11.9347],[75.3097,11.9376],[75.3092,11.9379],[75.3089,11.9392],[75.3089,11.9404],[75.3094,11.9413],[75.3105,11.9419],[75.3143,11.9429],[75.3214,11.9412],[75.3228,11.9407],[75.3298,11.9364],[75.3334,11.9341],[75.3359,11.932],[75.3361,11.9306],[75.3397,11.9282],[75.3411,11.9274],[75.3424,11.9267],[75.3463,11.9256],[75.3481,11.9261],[75.3497,11.9271],[75.3506,11.9296],[75.3499,11.9333],[75.3415,11.9413],[75.3378,11.9446],[75.3378,11.9451],[75.3331,11.9486],[75.3301,11.9498],[75.3238,11.9527],[75.3233,11.9531],[75.322,11.9561],[75.3216,11.9563],[75.3211,11.9566],[75.3206,11.9584],[75.3197,11.9648],[75.3192,11.9694],[75.3186,11.9733],[75.3146,11.9766],[75.3115,11.9747],[75.3112,11.9725],[75.3115,11.9696],[75.3101,11.9673],[75.3067,11.9688],[75.3039,11.971],[75.3022,11.9743],[75.3005,11.9782],[75.2988,11.9821],[75.296,11.986],[75.2931,11.9892],[75.2909,11.9909],[75.2883,11.9896],[75.2881,11.9852],[75.289,11.9797],[75.2899,11.9771],[75.2904,11.9768],[75.2908,11.9766],[75.291,11.9754],[75.2915,11.9752],[75.2917,11.9743],[75.2927,11.9718],[75.2937,11.9713],[75.2962,11.9653],[75.2961,11.965],[75.2982,11.9622],[75.2997,11.9589],[75.3012,11.9556],[75.3015,11.9527],[75.2994,11.9521],[75.2961,11.9525],[75.2922,11.9552],[75.2882,11.9584],[75.2843,11.9628],[75.2822,11.9657],[75.2809,11.967],[75.2793,11.9694],[75.2787,11.9701],[75.2787,11.9706],[75.2758,11.9731],[75.2758,11.974],[75.274,11.9759],[75.2721,11.9814],[75.2714,11.9818],[75.2714,11.9823],[75.2678,11.9866],[75.2673,11.9873],[75.2652,11.9931],[75.2585,12.0007],[75.2568,12.0039],[75.2563,12.0053],[75.2546,12.0073],[75.2541,12.0076],[75.2541,12.008],[75.2537,12.0083],[75.2535,12.0092],[75.2528,12.0101],[75.2521,12.0106],[75.2515,12.0133],[75.2508,12.0138],[75.2493,12.0161],[75.2434,12.021],[75.2361,12.0234],[75.2334,12.023],[75.2303,12.0225],[75.2303,12.022],[75.2288,12.0208],[75.2266,12.0191],[75.2228,12.0132],[75.2225,12.0127],[75.2203,12.0111],[75.2201,12.0107],[75.2122,12.0067],[75.212,12.0061],[75.2089,12.0026],[75.2075,12.0017],[75.205,12.0033],[75.2043,12.0034],[75.2039,12.0041],[75.2038,12.0059],[75.2019,12.0177],[75.1992,12.0253],[75.1988,12.0256],[75.1985,12.0271],[75.1967,12.0289],[75.1927,12.0394],[75.1922,12.0397],[75.1865,12.0528],[75.1861,12.053],[75.1848,12.0557],[75.183,12.0608],[75.1779,12.0756],[75.1772,12.0797],[75.1747,12.0834],[75.1715,12.0931],[75.1777,12.0996],[75.1806,12.1017],[75.1844,12.1004],[75.1865,12.0984],[75.1921,12.1002],[75.1921,12.1094],[75.1902,12.1172],[75.1926,12.1204],[75.1886,12.1299],[75.1889,12.1328],[75.1912,12.1393],[75.1951,12.1435],[75.1915,12.1487],[75.19,12.1628],[75.187,12.1727],[75.1846,12.1759],[75.1804,12.1792],[75.1762,12.1851],[75.1737,12.1914],[75.1771,12.1928],[75.1809,12.1921],[75.1905,12.1928],[75.1965,12.1946],[75.2003,12.1942],[75.2022,12.1925],[75.2058,12.1938],[75.2117,12.1998],[75.218,12.2043],[75.2249,12.2105],[75.2287,12.2178],[75.2312,12.2196],[75.2336,12.2205],[75.2371,12.2189],[75.2431,12.2178],[75.2474,12.2178],[75.2564,12.2197],[75.2627,12.2251],[75.2727,12.2271],[75.278,12.2291],[75.2802,12.2318],[75.2836,12.2342],[75.2877,12.234],[75.2911,12.2348],[75.2935,12.2366],[75.2942,12.2421],[75.2903,12.2546],[75.2902,12.258],[75.2921,12.2608],[75.2965,12.265],[75.3013,12.2682],[75.3078,12.2706],[75.3139,12.2707],[75.3216,12.2725],[75.3262,12.2717],[75.3301,12.2693],[75.3366,12.2669],[75.3419,12.2689],[75.3487,12.2678],[75.3651,12.2766],[75.3686,12.2815],[75.372,12.283],[75.3811,12.2834],[75.3875,12.2874],[75.3887,12.2946],[75.3921,12.2954],[75.3939,12.2943],[75.3934,12.2881],[75.3996,12.2918],[75.4142,12.2924],[75.4166,12.2913],[75.4217,12.2914],[75.4262,12.2921],[75.43,12.2957],[75.4333,12.297],[75.4387,12.2969],[75.4441,12.2951],[75.4611,12.2936],[75.47,12.3005]],[[75.5397,11.7351],[75.538,11.7334],[75.5322,11.734],[75.5301,11.7318],[75.5301,11.7318],[75.5303,11.7291],[75.5289,11.727],[75.5289,11.727],[75.5278,11.7221],[75.5278,11.7221],[75.5283,11.7202],[75.5313,11.7185],[75.5331,11.7175],[75.5355,11.7175],[75.5406,11.7141],[75.5406,11.7141],[75.5443,11.7156],[75.5466,11.7159],[75.5491,11.7152],[75.5491,11.7152],[75.5535,11.7181],[75.5539,11.718],[75.5553,11.7175],[75.5575,11.7182],[75.5593,11.7211],[75.5593,11.7211],[75.5588,11.7251],[75.5552,11.7292],[75.545,11.734],[75.5464,11.7392],[75.5465,11.7414],[75.5456,11.7434],[75.5464,11.7512],[75.5464,11.7512],[75.5455,11.7543],[75.5458,11.7561],[75.5461,11.7577],[75.5449,11.7585],[75.5436,11.7593],[75.5436,11.7593],[75.5357,11.7583],[75.5357,11.7583],[75.5356,11.7582],[75.5334,11.7557],[75.5334,11.7557],[75.5331,11.7527],[75.5331,11.7527],[75.534,11.7513],[75.5368,11.7474],[75.5396,11.746],[75.5406,11.7438],[75.5405,11.7371],[75.5397,11.7351]]]},"properties":{"district_name":"Kannur","raw_district_name":"Kannur","state_code":"KL","state_name":"Kerala","census_code":589,"data_source":"DataMeet India Maps (Census 2011 Boundaries)"}},{"type":"Feature","geometry":{"type":"Polygon","coordinates":[[[75.4167,12.5017],[75.4224,12.4846],[75.4228,12.4765],[75.4266,12.4712],[75.4248,12.465],[75.419,12.4639],[75.4169,12.4591],[75.4113,12.4548],[75.4057,12.4525],[75.3941,12.45],[75.3879,12.4556],[75.3686,12.4566],[75.3679,12.454],[75.3715,12.4505],[75.3726,12.4339],[75.3677,12.412],[75.3718,12.4067],[75.3743,12.4007],[75.3783,12.3974],[75.3808,12.3916],[75.3834,12.3897],[75.388,12.3905],[75.393,12.3884],[75.3966,12.3848],[75.3994,12.3802],[75.4035,12.3807],[75.4057,12.3775],[75.4138,12.3796],[75.4213,12.3745],[75.4238,12.3717],[75.4239,12.3669],[75.4218,12.3576],[75.4202,12.3534],[75.4167,12.3489],[75.4125,12.3463],[75.4136,12.3428],[75.4168,12.3388],[75.4188,12.3265],[75.4224,12.3245],[75.4225,12.3195],[75.4256,12.3132],[75.4325,12.3073],[75.433,12.3046],[75.4242,12.296],[75.4217,12.2914],[75.4166,12.2913],[75.4142,12.2924],[75.3996,12.2918],[75.3934,12.2881],[75.3939,12.2943],[75.3921,12.2954],[75.3887,12.2946],[75.3875,12.2874],[75.3811,12.2834],[75.372,12.283],[75.3686,12.2815],[75.3651,12.2766],[75.3487,12.2678],[75.3419,12.2689],[75.3366,12.2669],[75.3301,12.2693],[75.3262,12.2717],[75.3216,12.2725],[75.3139,12.2707],[75.3078,12.2706],[75.3013,12.2682],[75.2965,12.265],[75.2921,12.2608],[75.2902,12.258],[75.2903,12.2546],[75.2942,12.2421],[75.2935,12.2366],[75.2911,12.2348],[75.2877,12.234],[75.2836,12.2342],[75.2802,12.2318],[75.278,12.2291],[75.2727,12.2271],[75.2627,12.2251],[75.2564,12.2197],[75.2474,12.2178],[75.2431,12.2178],[75.2371,12.2189],[75.2336,12.2205],[75.2312,12.2196],[75.2287,12.2178],[75.2249,12.2105],[75.218,12.2043],[75.2117,12.1998],[75.2058,12.1938],[75.2022,12.1925],[75.2003,12.1942],[75.1965,12.1946],[75.1905,12.1928],[75.1809,12.1921],[75.1771,12.1928],[75.1737,12.1914],[75.1762,12.1851],[75.1804,12.1792],[75.1846,12.1759],[75.187,12.1727],[75.19,12.1628],[75.1915,12.1487],[75.1951,12.1435],[75.1912,12.1393],[75.1889,12.1328],[75.1886,12.1299],[75.1926,12.1204],[75.1902,12.1172],[75.1921,12.1094],[75.1921,12.1002],[75.1865,12.0984],[75.1844,12.1004],[75.1806,12.1017],[75.1777,12.0996],[75.1715,12.0931],[75.1747,12.0834],[75.1772,12.0797],[75.1779,12.0756],[75.183,12.0608],[75.1787,12.0727],[75.1783,12.0737],[75.1741,12.0833],[75.1725,12.0866],[75.1719,12.0872],[75.1692,12.0942],[75.1684,12.0952],[75.168,12.0964],[75.1662,12.0987],[75.1654,12.0994],[75.1632,12.1057],[75.1624,12.1068],[75.1614,12.1104],[75.1609,12.1106],[75.1604,12.1129],[75.1599,12.1131],[75.1595,12.1134],[75.1569,12.1213],[75.156,12.1257],[75.1556,12.1259],[75.1551,12.1278],[75.1547,12.128],[75.1491,12.1409],[75.147,12.1445],[75.1461,12.1478],[75.1453,12.1496],[75.1433,12.1547],[75.1431,12.1556],[75.1425,12.1562],[75.1356,12.1753],[75.1331,12.1813],[75.1318,12.1824],[75.13,12.187],[75.1295,12.1873],[75.1219,12.2082],[75.1215,12.2085],[75.118,12.2167],[75.1166,12.2205],[75.1151,12.2245],[75.114,12.2268],[75.1121,12.2322],[75.111,12.2354],[75.1105,12.2357],[75.1096,12.2366],[75.1085,12.2396],[75.1081,12.2398],[75.1061,12.2446],[75.1062,12.2453],[75.1055,12.2458],[75.105,12.246],[75.1025,12.2563],[75.0996,12.2636],[75.0991,12.2638],[75.099,12.2649],[75.0939,12.28],[75.0904,12.2889],[75.09,12.2892],[75.0893,12.2896],[75.0893,12.2903],[75.0888,12.2906],[75.0873,12.2951],[75.0869,12.2954],[75.0862,12.297],[75.0853,12.2995],[75.0849,12.2998],[75.0808,12.31],[75.0801,12.3104],[75.0788,12.3121],[75.0766,12.3183],[75.0749,12.3209],[75.072,12.3279],[75.0698,12.3302],[75.0686,12.3336],[75.068,12.3342],[75.0676,12.3358],[75.0661,12.3391],[75.0654,12.3396],[75.065,12.3398],[75.062,12.348],[75.0615,12.3483],[75.061,12.3485],[75.0609,12.3496],[75.0603,12.3502],[75.0573,12.3578],[75.0554,12.3609],[75.0548,12.3615],[75.0495,12.3748],[75.0486,12.3757],[75.0481,12.3759],[75.0463,12.3805],[75.046,12.3821],[75.0455,12.3824],[75.0454,12.3842],[75.0442,12.3851],[75.0431,12.3863],[75.0411,12.3904],[75.0357,12.3948],[75.0348,12.3966],[75.0346,12.3976],[75.0303,12.4015],[75.0297,12.4029],[75.0293,12.404],[75.027,12.4061],[75.0266,12.4073],[75.0266,12.4077],[75.0257,12.4084],[75.0239,12.4105],[75.0235,12.4113],[75.0213,12.4164],[75.0201,12.4174],[75.0175,12.4206],[75.0169,12.4216],[75.0155,12.4247],[75.0146,12.4254],[75.0139,12.4259],[75.0128,12.4289],[75.0121,12.4293],[75.0095,12.4337],[75.0069,12.4387],[75.0062,12.4415],[75.0053,12.4424],[75.0049,12.4426],[75.0038,12.446],[75.0027,12.4472],[75.002,12.4477],[74.9986,12.4584],[74.9957,12.4621],[74.9951,12.4645],[74.9944,12.4676],[74.9945,12.4719],[74.9959,12.4741],[74.9958,12.477],[74.9949,12.48],[74.9925,12.4861],[74.9905,12.4918],[74.9877,12.4931],[74.9864,12.4903],[74.9852,12.4868],[74.9835,12.4853],[74.9809,12.488],[74.9798,12.4903],[74.9797,12.493],[74.9789,12.4951],[74.9724,12.5134],[74.9691,12.5212],[74.9685,12.5219],[74.968,12.5233],[74.9671,12.5242],[74.9665,12.5248],[74.9649,12.5305],[74.9644,12.5308],[74.9639,12.531],[74.9635,12.5323],[74.9618,12.5358],[74.961,12.5367],[74.9602,12.5391],[74.9597,12.5397],[74.9498,12.5682],[74.9488,12.5705],[74.9467,12.5728],[74.9455,12.5767],[74.945,12.5769],[74.9445,12.5772],[74.9431,12.582],[74.941,12.587],[74.9404,12.5874],[74.9393,12.5911],[74.9362,12.6],[74.9351,12.6014],[74.9327,12.6062],[74.9325,12.6073],[74.932,12.6076],[74.9289,12.6178],[74.9285,12.6181],[74.928,12.6183],[74.9255,12.6243],[74.925,12.6245],[74.9248,12.6257],[74.9243,12.6259],[74.9233,12.6289],[74.9201,12.6357],[74.9173,12.646],[74.9168,12.6462],[74.9165,12.6479],[74.9161,12.6481],[74.9158,12.6492],[74.9154,12.6494],[74.9149,12.6496],[74.9145,12.6506],[74.9129,12.6547],[74.9117,12.6579],[74.9112,12.6582],[74.9093,12.6636],[74.9088,12.6638],[74.9084,12.664],[74.9071,12.6677],[74.9066,12.6679],[74.9016,12.6811],[74.9012,12.6813],[74.9001,12.6844],[74.8996,12.6846],[74.8964,12.6939],[74.896,12.6942],[74.8938,12.6999],[74.8933,12.7001],[74.8929,12.7004],[74.89,12.7066],[74.8849,12.7118],[74.8786,12.729],[74.8699,12.745],[74.8641,12.7554],[74.863,12.7583],[74.8751,12.7594],[74.8769,12.7565],[74.8772,12.7544],[74.8791,12.7534],[74.8849,12.7529],[74.888,12.7565],[74.891,12.7587],[74.8938,12.7603],[74.8971,12.7596],[74.9007,12.7637],[74.9044,12.7641],[74.9074,12.7668],[74.9084,12.7672],[74.9288,12.7755],[74.9368,12.7764],[74.9538,12.7835],[74.9598,12.7833],[74.963,12.7791],[74.965,12.779],[74.9669,12.7811],[74.9683,12.7805],[74.9686,12.7772],[74.9703,12.7768],[74.9816,12.7795],[74.987,12.7822],[74.9923,12.7879],[74.9885,12.7935],[74.9891,12.7951],[74.992,12.7947],[74.9958,12.7923],[75.0001,12.7878],[75.0037,12.7899],[75.0051,12.7898],[75.0039,12.7778],[75.005,12.7736],[75.0076,12.7694],[75.0085,12.7647],[75.0069,12.7614],[75.0041,12.7583],[75.0001,12.7558],[74.9951,12.7491],[74.9916,12.7425],[74.9896,12.7416],[74.9858,12.7428],[74.9842,12.7402],[74.9845,12.7342],[74.9867,12.7331],[74.9882,12.7362],[74.9899,12.7354],[74.9929,12.7374],[75.0001,12.7317],[75.0121,12.7272],[75.0108,12.7236],[75.003,12.718],[75.0039,12.716],[75.007,12.7135],[75.0143,12.7121],[75.019,12.7191],[75.023,12.72],[75.0257,12.7187],[75.0314,12.7213],[75.0382,12.723],[75.0432,12.7199],[75.0463,12.7207],[75.0498,12.7191],[75.053,12.7142],[75.0559,12.7078],[75.0523,12.7025],[75.057,12.6911],[75.0547,12.688],[75.0523,12.6914],[75.0487,12.6927],[75.0448,12.6918],[75.0433,12.6749],[75.0449,12.6677],[75.048,12.6645],[75.0555,12.6645],[75.0585,12.663],[75.0611,12.6659],[75.0663,12.6624],[75.0706,12.6624],[75.0755,12.6699],[75.0797,12.671],[75.0834,12.6708],[75.0852,12.6749],[75.0871,12.6753],[75.0878,12.6804],[75.0853,12.6941],[75.0827,12.6977],[75.0864,12.7022],[75.092,12.6991],[75.0996,12.6978],[75.1048,12.696],[75.1091,12.6894],[75.1131,12.6804],[75.1213,12.6781],[75.1275,12.6778],[75.1325,12.6753],[75.1373,12.6757],[75.1398,12.6773],[75.1451,12.6774],[75.1513,12.6809],[75.1514,12.6734],[75.1564,12.6706],[75.1619,12.6702],[75.162,12.6686],[75.1558,12.6582],[75.1524,12.6539],[75.152,12.648],[75.151,12.6464],[75.1419,12.6423],[75.1436,12.6378],[75.1484,12.6332],[75.1557,12.6241],[75.16,12.6216],[75.1636,12.6222],[75.1709,12.6211],[75.1784,12.6268],[75.1835,12.632],[75.1908,12.6316],[75.1953,12.63],[75.2024,12.6297],[75.2038,12.6277],[75.2004,12.6177],[75.1997,12.6108],[75.2035,12.6073],[75.2084,12.6046],[75.2106,12.6019],[75.2101,12.5962],[75.2086,12.5931],[75.2056,12.5913],[75.2045,12.5852],[75.2086,12.5876],[75.2119,12.5886],[75.2152,12.578],[75.2181,12.5757],[75.2241,12.5673],[75.2325,12.5655],[75.2375,12.5665],[75.2394,12.5688],[75.2399,12.5772],[75.2413,12.5787],[75.2508,12.5796],[75.2515,12.5839],[75.2575,12.5904],[75.2601,12.5957],[75.2635,12.5977],[75.2691,12.6104],[75.2717,12.6137],[75.2781,12.6164],[75.2824,12.6128],[75.2903,12.6093],[75.2926,12.6014],[75.2954,12.6003],[75.2998,12.6032],[75.303,12.6038],[75.3071,12.5997],[75.3098,12.5926],[75.3201,12.5899],[75.3295,12.59],[75.3301,12.5819],[75.3279,12.5792],[75.321,12.5785],[75.3178,12.5734],[75.3113,12.5764],[75.3047,12.5783],[75.2965,12.5797],[75.2929,12.5796],[75.2882,12.5697],[75.2849,12.5689],[75.2783,12.5688],[75.274,12.5636],[75.2723,12.5583],[75.2739,12.5446],[75.2811,12.5281],[75.2827,12.5229],[75.2874,12.5246],[75.2933,12.5255],[75.2977,12.5244],[75.3017,12.5217],[75.3063,12.5221],[75.306,12.5023],[75.3066,12.5015],[75.309,12.5022],[75.3118,12.5006],[75.3159,12.4968],[75.3224,12.4961],[75.3298,12.4966],[75.3367,12.4951],[75.3374,12.4899],[75.3408,12.4878],[75.3412,12.4845],[75.3402,12.4782],[75.3424,12.4695],[75.3386,12.4626],[75.3428,12.4609],[75.3576,12.4629],[75.3614,12.4649],[75.3647,12.4698],[75.3741,12.4737],[75.375,12.4821],[75.3725,12.4859],[75.372,12.4884],[75.3742,12.4904],[75.3792,12.4913],[75.3815,12.4928],[75.3831,12.4964],[75.3851,12.4976],[75.3886,12.4968],[75.394,12.4975],[75.397,12.5025],[75.3994,12.5027],[75.4031,12.4955],[75.4064,12.4945],[75.4111,12.4991],[75.4167,12.5017]]]},"properties":{"district_name":"Kasaragod","raw_district_name":"Kasaragod","state_code":"KL","state_name":"Kerala","census_code":588,"data_source":"DataMeet India Maps (Census 2011 Boundaries)"}},{"type":"Feature","geometry":{"type":"Polygon","coordinates":[[[77.2086,9.0705],[77.2058,9.0651],[77.2015,9.0592],[77.2,9.0556],[77.1973,9.0533],[77.1992,9.0451],[77.1873,9.0424],[77.1845,9.047],[77.1708,9.045],[77.1653,9.0414],[77.1624,9.0357],[77.164,9.03],[77.1577,9.0238],[77.1536,9.0215],[77.1493,9.0202],[77.1504,9.0166],[77.1522,9.0139],[77.1514,9.0084],[77.1544,9.0066],[77.1604,9.0063],[77.1611,9.0002],[77.1612,9.0002],[77.1641,8.9954],[77.1757,8.9866],[77.1806,8.9708],[77.1921,8.9653],[77.1927,8.9593],[77.1976,8.9555],[77.1987,8.9504],[77.1971,8.946],[77.1991,8.941],[77.1994,8.9373],[77.1967,8.9294],[77.1981,8.9269],[77.198,8.9242],[77.2023,8.9186],[77.2072,8.921],[77.2043,8.9241],[77.2073,8.928],[77.2114,8.9304],[77.2157,8.9278],[77.2223,8.9259],[77.225,8.9224],[77.2197,8.9152],[77.2239,8.9017],[77.2293,8.9016],[77.2324,8.9007],[77.2392,8.8967],[77.2417,8.8937],[77.2409,8.8864],[77.2449,8.8804],[77.2499,8.8776],[77.2577,8.8766],[77.2594,8.8734],[77.2609,8.8679],[77.2611,8.8637],[77.2583,8.86],[77.2636,8.8537],[77.2639,8.8517],[77.2608,8.8498],[77.265,8.8405],[77.2542,8.8262],[77.25,8.822],[77.2489,8.8201],[77.2496,8.8156],[77.2454,8.8091],[77.242,8.8068],[77.2354,8.8055],[77.2334,8.7951],[77.2327,8.7842],[77.2277,8.7821],[77.2233,8.7788],[77.2164,8.7779],[77.2174,8.774],[77.2203,8.7693],[77.2159,8.7661],[77.2095,8.7668],[77.201,8.7695],[77.1885,8.7749],[77.181,8.7794],[77.1748,8.7847],[77.1639,8.7902],[77.1594,8.7941],[77.1546,8.7956],[77.1497,8.8012],[77.1437,8.8043],[77.1353,8.8068],[77.1283,8.8122],[77.1234,8.8178],[77.111,8.8242],[77.1079,8.8288],[77.0988,8.83],[77.0822,8.837],[77.0527,8.8443],[77.0448,8.8444],[77.0345,8.8411],[77.0305,8.8332],[77.027,8.8292],[77.0244,8.8152],[77.0171,8.813],[77.0134,8.8083],[77.016,8.7977],[77.0195,8.7885],[77.0296,8.7738],[77.0214,8.7716],[77.0064,8.7702],[76.9999,8.7775],[76.9961,8.7813],[76.9878,8.7846],[76.9812,8.7852],[76.9778,8.7829],[76.9754,8.7781],[76.9741,8.7725],[76.97,8.7711],[76.9599,8.7697],[76.9524,8.7706],[76.9487,8.7691],[76.9426,8.7644],[76.935,8.7605],[76.9319,8.765],[76.9158,8.7782],[76.9227,8.7841],[76.92,8.7913],[76.916,8.7943],[76.9131,8.7991],[76.9023,8.8102],[76.8921,8.8103],[76.8891,8.8081],[76.8869,8.8048],[76.8833,8.8059],[76.8799,8.8086],[76.8702,8.8111],[76.861,8.8165],[76.8589,8.8156],[76.855,8.8171],[76.8523,8.8215],[76.8516,8.8246],[76.8485,8.8268],[76.8481,8.8345],[76.8434,8.8384],[76.8346,8.8428],[76.8319,8.8434],[76.8277,8.8426],[76.8231,8.8536],[76.8171,8.8572],[76.8127,8.8538],[76.8079,8.8543],[76.8056,8.8499],[76.8015,8.8506],[76.7983,8.8541],[76.7871,8.8561],[76.785,8.8595],[76.7799,8.8589],[76.7815,8.852],[76.7788,8.8466],[76.7784,8.8428],[76.7813,8.8412],[76.7946,8.8264],[76.7924,8.8204],[76.7889,8.8208],[76.7856,8.8189],[76.7856,8.8171],[76.7904,8.8164],[76.7935,8.812],[76.7926,8.808],[76.7738,8.8077],[76.7725,8.8064],[76.7723,8.8035],[76.7707,8.803],[76.773,8.8004],[76.7686,8.797],[76.7614,8.798],[76.7603,8.7942],[76.7483,8.7942],[76.7434,8.7948],[76.7285,8.7991],[76.7255,8.8009],[76.7225,8.8008],[76.714,8.7942],[76.7109,8.7932],[76.7098,8.7903],[76.7073,8.7888],[76.7056,8.7912],[76.7041,8.792],[76.7028,8.7901],[76.6991,8.7896],[76.6941,8.7903],[76.6938,8.7843],[76.6927,8.7822],[76.6904,8.7774],[76.6903,8.7772],[76.6865,8.777],[76.6834,8.7753],[76.682,8.7774],[76.6813,8.7797],[76.6798,8.7841],[76.6795,8.7879],[76.6778,8.7879],[76.6764,8.7812],[76.6723,8.7807],[76.6718,8.7904],[76.6699,8.7923],[76.666,8.794],[76.6634,8.7959],[76.6618,8.7978],[76.6604,8.7988],[76.6577,8.8009],[76.6555,8.8026],[76.6536,8.806],[76.653,8.8071],[76.652,8.8075],[76.6518,8.8085],[76.6505,8.8101],[76.6474,8.8143],[76.6464,8.8163],[76.6455,8.8181],[76.6427,8.8211],[76.6371,8.8275],[76.6322,8.833],[76.6322,8.8335],[76.63,8.8358],[76.6292,8.8365],[76.6292,8.837],[76.6285,8.8374],[76.6283,8.8383],[76.6266,8.8406],[76.6266,8.8411],[76.6254,8.8421],[76.6248,8.8425],[76.6235,8.8453],[76.6228,8.8457],[76.6228,8.8462],[76.6206,8.8485],[76.6199,8.8492],[76.6195,8.8501],[76.6173,8.8522],[76.6155,8.8539],[76.6147,8.8559],[76.6109,8.8595],[76.6109,8.8599],[76.6071,8.8634],[76.607,8.864],[76.6042,8.8664],[76.604,8.867],[76.6032,8.8678],[76.5954,8.8745],[76.5917,8.8771],[76.5856,8.8804],[76.5839,8.8811],[76.5827,8.8816],[76.58,8.8835],[76.5787,8.8844],[76.5754,8.8843],[76.57,8.8812],[76.5694,8.8808],[76.5688,8.8811],[76.5669,8.8821],[76.5667,8.8826],[76.5648,8.8839],[76.5547,8.8899],[76.5538,8.8905],[76.5532,8.8926],[76.5525,8.8931],[76.5503,8.8968],[76.55,8.8979],[76.5495,8.8981],[76.5474,8.9061],[76.5458,8.92],[76.5427,8.9294],[76.5423,8.9307],[76.5405,8.9347],[76.5401,8.9349],[76.5396,8.9363],[76.5392,8.9365],[76.5387,8.9368],[76.536,8.9441],[76.5353,8.9507],[76.5315,8.9626],[76.5296,8.9748],[76.5275,8.9826],[76.5244,8.9931],[76.5236,8.9959],[76.5147,9.0176],[76.5145,9.019],[76.512,9.0256],[76.5106,9.0311],[76.5074,9.0407],[76.5032,9.0506],[76.5018,9.0526],[76.4999,9.0575],[76.4993,9.0581],[76.4957,9.0667],[76.4952,9.0671],[76.4943,9.0696],[76.4928,9.0717],[76.4926,9.0724],[76.4922,9.0738],[76.4907,9.0772],[76.4898,9.0781],[76.4889,9.0791],[76.4871,9.0829],[76.4866,9.0846],[76.4918,9.0876],[76.4796,9.1163],[76.4812,9.1194],[76.4829,9.1203],[76.4849,9.1214],[76.4857,9.1214],[76.49,9.1213],[76.4985,9.1229],[76.5029,9.123],[76.5085,9.1209],[76.5084,9.124],[76.5071,9.1274],[76.5085,9.1312],[76.5118,9.1323],[76.5146,9.1358],[76.5367,9.1344],[76.5432,9.1356],[76.5434,9.1266],[76.5472,9.1228],[76.5512,9.1097],[76.5584,9.1067],[76.5651,9.1081],[76.5697,9.1081],[76.5767,9.115],[76.5852,9.1135],[76.5864,9.1176],[76.59,9.1199],[76.5908,9.1277],[76.5972,9.1284],[76.6032,9.1281],[76.6142,9.127],[76.6185,9.129],[76.6202,9.132],[76.6237,9.1338],[76.6346,9.1351],[76.6399,9.1452],[76.6427,9.148],[76.6561,9.1489],[76.6567,9.1345],[76.6561,9.1219],[76.6515,9.1193],[76.6495,9.1168],[76.6541,9.111],[76.6564,9.1067],[76.6571,9.1025],[76.6569,9.0967],[76.6603,9.0934],[76.6737,9.0923],[76.6973,9.0867],[76.7118,9.0849],[76.7173,9.0842],[76.7252,9.0816],[76.7297,9.0841],[76.7361,9.0813],[76.7387,9.086],[76.7412,9.0861],[76.7445,9.0826],[76.7488,9.0827],[76.7518,9.0863],[76.7557,9.0888],[76.7581,9.0871],[76.7592,9.073],[76.7712,9.0747],[76.7712,9.085],[76.7687,9.0892],[76.7674,9.0943],[76.7674,9.0974],[76.7849,9.1133],[76.8072,9.1095],[76.8137,9.1072],[76.8161,9.105],[76.8177,9.1006],[76.8239,9.0953],[76.8292,9.0932],[76.8329,9.0943],[76.8374,9.0936],[76.8493,9.0983],[76.8511,9.1031],[76.851,9.1123],[76.8557,9.1184],[76.8605,9.1168],[76.8621,9.1183],[76.8635,9.1246],[76.8679,9.1229],[76.8757,9.1302],[76.8904,9.1241],[76.8974,9.1302],[76.8997,9.1264],[76.9027,9.1164],[76.9043,9.1158],[76.9053,9.1231],[76.9144,9.124],[76.9224,9.1227],[76.937,9.1174],[76.9456,9.1162],[76.9489,9.1165],[76.9538,9.1189],[76.966,9.1273],[76.9501,9.1323],[76.9421,9.1376],[76.9357,9.1374],[76.9293,9.1389],[76.9265,9.1561],[76.9286,9.1614],[76.9287,9.1657],[76.9307,9.1715],[76.9379,9.1695],[76.9484,9.1612],[76.9736,9.1465],[76.9838,9.1415],[76.9941,9.1373],[77.0002,9.1321],[77.0103,9.1389],[77.019,9.1306],[77.0232,9.129],[77.0263,9.1268],[77.0334,9.1276],[77.0365,9.1245],[77.0401,9.1241],[77.0434,9.1224],[77.0497,9.1257],[77.0549,9.1266],[77.0559,9.1249],[77.0561,9.1219],[77.0578,9.1197],[77.0618,9.1174],[77.0663,9.1164],[77.0681,9.1151],[77.0687,9.1124],[77.0718,9.1112],[77.0805,9.1103],[77.0826,9.1082],[77.0891,9.106],[77.0927,9.1042],[77.0962,9.1013],[77.1076,9.0958],[77.1121,9.0954],[77.1226,9.0929],[77.1351,9.0877],[77.1374,9.0862],[77.1398,9.0865],[77.147,9.0838],[77.1526,9.0833],[77.1545,9.0848],[77.1573,9.0847],[77.1558,9.0796],[77.167,9.0758],[77.1753,9.0761],[77.1794,9.0776],[77.1841,9.0749],[77.188,9.0748],[77.1926,9.0767],[77.2032,9.0718],[77.2059,9.0691],[77.2086,9.0705]]]},"properties":{"district_name":"Kollam","raw_district_name":"Kollam","state_code":"KL","state_name":"Kerala","census_code":600,"data_source":"DataMeet India Maps (Census 2011 Boundaries)"}},{"type":"Feature","geometry":{"type":"Polygon","coordinates":[[[76.6331,9.8557],[76.6317,9.853],[76.631,9.8494],[76.6356,9.8463],[76.6495,9.8416],[76.6635,9.8389],[76.6662,9.8401],[76.6693,9.8427],[76.6727,9.8434],[76.6759,9.8416],[76.6781,9.8384],[76.6837,9.8385],[76.686,9.835],[76.6883,9.8335],[76.6951,9.8332],[76.6989,9.8318],[76.701,9.8258],[76.7044,9.8237],[76.7093,9.8227],[76.7218,9.814],[76.7269,9.8117],[76.7316,9.8111],[76.7356,9.8078],[76.7426,9.8042],[76.7469,9.8036],[76.7552,9.813],[76.7577,9.8146],[76.7636,9.8121],[76.7689,9.8087],[76.7772,9.8074],[76.7836,9.8046],[76.8046,9.7909],[76.8142,9.7834],[76.8296,9.7668],[76.8301,9.7624],[76.8362,9.7579],[76.8548,9.7336],[76.8609,9.7286],[76.8662,9.7314],[76.8704,9.726],[76.8764,9.7216],[76.8881,9.7166],[76.8925,9.7102],[76.8959,9.7043],[76.9048,9.6839],[76.9059,9.6751],[76.9139,9.6691],[76.9203,9.6595],[76.9296,9.6508],[76.9295,9.6482],[76.9241,9.6451],[76.9226,9.643],[76.9227,9.638],[76.9247,9.634],[76.9372,9.6197],[76.9325,9.6143],[76.914,9.6251],[76.9055,9.6328],[76.9004,9.632],[76.8969,9.6287],[76.8948,9.6257],[76.8959,9.6213],[76.8949,9.6198],[76.8909,9.6188],[76.8898,9.6168],[76.8917,9.6128],[76.8914,9.6073],[76.894,9.6007],[76.8939,9.5921],[76.8956,9.5846],[76.8871,9.5808],[76.885,9.5782],[76.8862,9.5748],[76.8887,9.5674],[76.888,9.5583],[76.8901,9.5368],[76.9032,9.5358],[76.9069,9.5234],[76.9258,9.5074],[76.9329,9.5025],[76.9375,9.5039],[76.9401,9.4992],[76.9486,9.4908],[76.9557,9.4904],[76.9606,9.5002],[76.9674,9.5063],[76.9762,9.5003],[76.9856,9.4848],[76.9842,9.481],[76.9869,9.4771],[76.987,9.4731],[76.9849,9.4668],[76.9668,9.4625],[76.9613,9.4598],[76.9561,9.4528],[76.9496,9.446],[76.9421,9.4448],[76.9401,9.4402],[76.9458,9.4342],[76.9438,9.4315],[76.9405,9.4297],[76.9396,9.4217],[76.9367,9.4221],[76.9329,9.4194],[76.9275,9.4176],[76.9249,9.4179],[76.924,9.421],[76.9242,9.4237],[76.9228,9.426],[76.9111,9.4274],[76.8981,9.4356],[76.8914,9.4412],[76.8856,9.4444],[76.8793,9.4457],[76.8738,9.446],[76.8653,9.4502],[76.8553,9.4569],[76.853,9.4503],[76.8506,9.4467],[76.8457,9.4468],[76.8393,9.4492],[76.8352,9.4499],[76.8306,9.4498],[76.8285,9.4467],[76.8253,9.4456],[76.8213,9.4517],[76.8165,9.4544],[76.8135,9.4534],[76.8023,9.4537],[76.8006,9.4505],[76.7977,9.4523],[76.7944,9.4514],[76.7949,9.4478],[76.7936,9.4445],[76.7935,9.4445],[76.7862,9.4464],[76.7832,9.4458],[76.7739,9.442],[76.7707,9.4397],[76.7643,9.439],[76.7619,9.4422],[76.7596,9.4504],[76.7575,9.4523],[76.7526,9.4517],[76.751,9.4534],[76.7538,9.4613],[76.7516,9.4644],[76.7505,9.4686],[76.7477,9.4733],[76.7442,9.4723],[76.7346,9.4726],[76.7316,9.4694],[76.7323,9.4648],[76.7291,9.4628],[76.7192,9.459],[76.7148,9.4545],[76.7092,9.4541],[76.7072,9.4558],[76.7047,9.4612],[76.7017,9.4635],[76.701,9.4687],[76.7013,9.473],[76.7001,9.4756],[76.6937,9.4769],[76.6865,9.4772],[76.6796,9.4814],[76.6729,9.4795],[76.6629,9.4807],[76.6541,9.4802],[76.6414,9.4756],[76.6407,9.4695],[76.6386,9.4652],[76.6364,9.463],[76.632,9.4694],[76.6294,9.4697],[76.6274,9.4669],[76.6261,9.4622],[76.6274,9.4594],[76.6151,9.4598],[76.6105,9.4582],[76.6102,9.4532],[76.6092,9.4527],[76.6052,9.4573],[76.603,9.4566],[76.6032,9.4485],[76.6001,9.4484],[76.5917,9.4437],[76.5913,9.4405],[76.5935,9.4364],[76.5933,9.4321],[76.5918,9.4267],[76.5961,9.4201],[76.5968,9.4171],[76.594,9.4149],[76.5913,9.4173],[76.582,9.4211],[76.5781,9.4203],[76.5728,9.4159],[76.5656,9.4114],[76.5608,9.4104],[76.5572,9.411],[76.5561,9.4159],[76.5536,9.4199],[76.5488,9.4214],[76.5447,9.4207],[76.5406,9.4147],[76.5365,9.4137],[76.5343,9.416],[76.5311,9.4139],[76.5305,9.4115],[76.5276,9.4118],[76.5255,9.4081],[76.5241,9.4072],[76.5158,9.4075],[76.5157,9.4001],[76.5099,9.4019],[76.5084,9.4146],[76.5107,9.4174],[76.509,9.4214],[76.5085,9.4244],[76.5063,9.4257],[76.5115,9.433],[76.5061,9.4362],[76.4967,9.4396],[76.4991,9.4557],[76.5017,9.4605],[76.5045,9.4639],[76.506,9.4681],[76.5052,9.4743],[76.5071,9.4776],[76.5069,9.4865],[76.5081,9.495],[76.5078,9.4987],[76.5057,9.5019],[76.499,9.5022],[76.4929,9.5051],[76.4816,9.5057],[76.4799,9.5106],[76.4803,9.5261],[76.4793,9.5341],[76.466,9.5404],[76.4651,9.5505],[76.4659,9.5587],[76.4399,9.5521],[76.4275,9.5475],[76.4208,9.5553],[76.4156,9.5559],[76.4152,9.5581],[76.4149,9.5599],[76.4108,9.5609],[76.4054,9.5575],[76.4046,9.5517],[76.3917,9.5458],[76.3938,9.5557],[76.3946,9.5631],[76.3957,9.5869],[76.3969,9.5938],[76.398,9.6181],[76.3994,9.6306],[76.398,9.6458],[76.3971,9.6599],[76.3977,9.6658],[76.4033,9.6843],[76.3903,9.6892],[76.3773,9.6952],[76.3778,9.7081],[76.3804,9.7173],[76.3819,9.7262],[76.3825,9.7421],[76.3818,9.7499],[76.3777,9.7615],[76.3743,9.7677],[76.3722,9.7761],[76.3662,9.7916],[76.3684,9.8],[76.3818,9.8155],[76.3795,9.8289],[76.3733,9.8356],[76.3774,9.8385],[76.3806,9.8399],[76.3873,9.8428],[76.3963,9.8284],[76.4064,9.828],[76.4141,9.8233],[76.4181,9.8222],[76.4236,9.8228],[76.4328,9.8253],[76.4458,9.8318],[76.4506,9.8374],[76.4551,9.8407],[76.4624,9.8481],[76.4759,9.8441],[76.4828,9.8478],[76.4881,9.8467],[76.5,9.8514],[76.5103,9.8512],[76.515,9.8498],[76.5236,9.824],[76.5344,9.8243],[76.5394,9.8235],[76.5415,9.8221],[76.5431,9.8132],[76.5448,9.8125],[76.5446,9.8059],[76.5469,9.8049],[76.5488,9.7998],[76.5531,9.8007],[76.5591,9.803],[76.5615,9.812],[76.5611,9.8155],[76.5679,9.8226],[76.5712,9.8227],[76.5767,9.8195],[76.5819,9.8228],[76.5838,9.8268],[76.5824,9.8322],[76.5835,9.8372],[76.5835,9.8415],[76.5871,9.8413],[76.5964,9.8458],[76.5999,9.8446],[76.6046,9.8441],[76.6098,9.8395],[76.611,9.8419],[76.6141,9.8399],[76.6187,9.8423],[76.615,9.8461],[76.6133,9.8489],[76.6245,9.8576],[76.631,9.8567],[76.6331,9.8557]]]},"properties":{"district_name":"Kottayam","raw_district_name":"Kottayam","state_code":"KL","state_name":"Kerala","census_code":597,"data_source":"DataMeet India Maps (Census 2011 Boundaries)"}},{"type":"Feature","geometry":{"type":"Polygon","coordinates":[[[75.537,11.6927],[75.5409,11.6961],[75.543,11.6986],[75.5436,11.7012],[75.5442,11.7035],[75.553,11.7024],[75.5562,11.7014],[75.5626,11.6916],[75.5643,11.6868],[75.5631,11.6829],[75.5642,11.6799],[75.5683,11.6778],[75.5707,11.6741],[75.5739,11.6747],[75.5778,11.6762],[75.5816,11.6791],[75.5863,11.6857],[75.589,11.6875],[75.5929,11.6876],[75.5986,11.6863],[75.6033,11.6876],[75.6051,11.6947],[75.6036,11.6963],[75.5951,11.7007],[75.5941,11.7043],[75.5949,11.7078],[75.5939,11.7106],[75.5913,11.7136],[75.5925,11.715],[75.5965,11.7143],[75.5993,11.7146],[75.6025,11.717],[75.6066,11.7158],[75.6103,11.7173],[75.6248,11.7291],[75.6282,11.7362],[75.6359,11.7355],[75.6584,11.7541],[75.6683,11.7584],[75.6712,11.7671],[75.6739,11.7694],[75.6829,11.7739],[75.686,11.7763],[75.6916,11.7954],[75.6945,11.7976],[75.6978,11.7985],[75.7029,11.7978],[75.7069,11.7957],[75.7118,11.7959],[75.717,11.7948],[75.7245,11.7898],[75.7272,11.7864],[75.7285,11.7828],[75.7333,11.7796],[75.7383,11.7809],[75.7403,11.7862],[75.7491,11.7839],[75.7551,11.7845],[75.7559,11.7874],[75.7541,11.7919],[75.7505,11.7952],[75.7498,11.8011],[75.7536,11.8033],[75.7666,11.8023],[75.7726,11.801],[75.7772,11.7977],[75.7885,11.7928],[75.7926,11.789],[75.794,11.7801],[75.7902,11.774],[75.7892,11.7649],[75.7857,11.7615],[75.7854,11.7589],[75.7887,11.7555],[75.7988,11.7478],[75.7956,11.7422],[75.8028,11.7424],[75.8082,11.7406],[75.8182,11.7348],[75.821,11.7322],[75.8248,11.7242],[75.8302,11.7229],[75.836,11.7172],[75.8446,11.7122],[75.8457,11.7085],[75.8456,11.7051],[75.8498,11.7026],[75.8508,11.6994],[75.8587,11.7009],[75.8699,11.6995],[75.8767,11.7007],[75.879,11.6983],[75.886,11.6974],[75.8964,11.6986],[75.904,11.696],[75.9067,11.693],[75.9162,11.6879],[75.9147,11.6857],[75.9091,11.6826],[75.9063,11.6795],[75.9021,11.6768],[75.9041,11.6661],[75.9039,11.6594],[75.9022,11.6472],[75.9002,11.6427],[75.9001,11.6296],[75.8983,11.6259],[75.8978,11.6193],[75.9049,11.614],[75.906,11.6052],[75.9081,11.6026],[75.9177,11.596],[75.9268,11.5903],[75.9381,11.5879],[75.9406,11.5854],[75.9463,11.5822],[75.9517,11.5814],[75.9573,11.5794],[75.9577,11.5717],[75.9591,11.5663],[75.9586,11.5611],[75.9683,11.5505],[75.9707,11.5484],[75.9747,11.5463],[75.9801,11.5407],[75.9871,11.5367],[75.9906,11.5329],[75.9999,11.5264],[76.0082,11.5217],[76.0173,11.5146],[76.0237,11.5127],[76.0337,11.5082],[76.0419,11.5012],[76.0449,11.5042],[76.0484,11.505],[76.0533,11.5026],[76.0584,11.5087],[76.0635,11.5076],[76.0749,11.52],[76.0775,11.5201],[76.0904,11.5054],[76.0914,11.4978],[76.0952,11.4929],[76.0904,11.4884],[76.0954,11.4817],[76.1049,11.48],[76.1127,11.4746],[76.1213,11.4716],[76.129,11.4638],[76.1348,11.4555],[76.1426,11.4492],[76.1401,11.4437],[76.1414,11.4369],[76.1447,11.4267],[76.1416,11.419],[76.133,11.425],[76.1183,11.4068],[76.1118,11.4094],[76.1061,11.4084],[76.1069,11.4011],[76.1015,11.3959],[76.1001,11.3839],[76.1014,11.3698],[76.096,11.3606],[76.0938,11.3526],[76.0987,11.3403],[76.1125,11.3335],[76.1162,11.3371],[76.118,11.336],[76.1175,11.331],[76.1193,11.3273],[76.1193,11.323],[76.116,11.3174],[76.1082,11.3137],[76.0906,11.3099],[76.0716,11.294],[76.0724,11.2846],[76.0631,11.2802],[76.0578,11.2734],[76.0511,11.2683],[76.0456,11.2654],[76.0373,11.267],[76.0274,11.2663],[76.021,11.2678],[76.0172,11.2694],[76.0081,11.2596],[76.0036,11.2582],[75.9999,11.256],[75.994,11.2521],[75.9888,11.2556],[75.9852,11.2594],[75.9752,11.2666],[75.9681,11.2617],[75.9624,11.2538],[75.9587,11.2508],[75.9531,11.2488],[75.9367,11.2483],[75.9308,11.247],[75.9186,11.2375],[75.9145,11.2366],[75.9025,11.2435],[75.9008,11.2407],[75.8988,11.2324],[75.8969,11.2303],[75.8928,11.2287],[75.8876,11.2283],[75.8818,11.2253],[75.8775,11.2198],[75.8714,11.2081],[75.8632,11.2032],[75.8605,11.1939],[75.8655,11.1899],[75.8782,11.1845],[75.884,11.1864],[75.8895,11.1856],[75.8916,11.1837],[75.8901,11.1796],[75.8852,11.1723],[75.8747,11.1685],[75.8703,11.1692],[75.8667,11.1676],[75.865,11.1641],[75.8566,11.1563],[75.8553,11.1528],[75.8564,11.1491],[75.86,11.1426],[75.8603,11.1396],[75.8594,11.1345],[75.856,11.1378],[75.8493,11.1414],[75.8456,11.1397],[75.8423,11.1365],[75.8349,11.1315],[75.829,11.1243],[75.8288,11.1244],[75.8279,11.1256],[75.8269,11.1278],[75.8255,11.1305],[75.825,11.1318],[75.8223,11.1343],[75.8219,11.1373],[75.8178,11.1397],[75.8157,11.1443],[75.813,11.1471],[75.8102,11.1542],[75.8102,11.1582],[75.8119,11.1595],[75.8202,11.1593],[75.8238,11.1591],[75.8252,11.1612],[75.8231,11.168],[75.8182,11.172],[75.8148,11.1721],[75.8124,11.1702],[75.8115,11.1691],[75.8103,11.1677],[75.8092,11.1667],[75.8069,11.167],[75.8031,11.1691],[75.8024,11.1711],[75.801,11.1721],[75.7987,11.1787],[75.7978,11.1792],[75.7926,11.1963],[75.7922,11.1965],[75.7844,11.2178],[75.7831,11.2222],[75.7745,11.2504],[75.774,11.2518],[75.7735,11.2521],[75.7722,11.2548],[75.7674,11.2701],[75.7669,11.2704],[75.7657,11.274],[75.7618,11.2829],[75.7613,11.2832],[75.7597,11.2879],[75.7578,11.2943],[75.7563,11.298],[75.7559,11.2983],[75.7554,11.2987],[75.7547,11.3012],[75.754,11.3019],[75.7531,11.3042],[75.7524,11.3047],[75.7492,11.3132],[75.7486,11.3159],[75.7484,11.3168],[75.7436,11.3208],[75.7432,11.3222],[75.7406,11.3267],[75.7395,11.3279],[75.7402,11.3526],[75.7402,11.3528],[75.7396,11.3571],[75.7382,11.3583],[75.7324,11.3637],[75.7318,11.3651],[75.7316,11.366],[75.7307,11.3664],[75.7293,11.3676],[75.7291,11.3683],[75.7286,11.3683],[75.7274,11.3722],[75.7269,11.3726],[75.7254,11.3745],[75.7248,11.3758],[75.7208,11.3835],[75.719,11.3849],[75.7161,11.3909],[75.7148,11.3924],[75.7124,11.3966],[75.712,11.3968],[75.7111,11.4],[75.71,11.4009],[75.7096,11.4014],[75.7091,11.4019],[75.7083,11.4044],[75.7078,11.4046],[75.7055,11.4097],[75.7046,11.4122],[75.7042,11.4125],[75.7034,11.4143],[75.7008,11.4219],[75.7002,11.4225],[75.7002,11.423],[75.7001,11.4234],[75.6992,11.4241],[75.6985,11.4243],[75.6985,11.4253],[75.696,11.4281],[75.6956,11.4292],[75.6943,11.4303],[75.6943,11.4312],[75.6908,11.4345],[75.6899,11.4368],[75.6892,11.4373],[75.6886,11.4387],[75.6767,11.4503],[75.669,11.4549],[75.6645,11.4571],[75.6619,11.4584],[75.6538,11.4617],[75.6461,11.4633],[75.641,11.4625],[75.6382,11.4606],[75.637,11.4604],[75.6332,11.4621],[75.6316,11.4632],[75.6316,11.4637],[75.6314,11.4646],[75.6303,11.4653],[75.6285,11.4694],[75.6277,11.4701],[75.6249,11.473],[75.6242,11.4736],[75.6237,11.4741],[75.6214,11.4764],[75.6207,11.4773],[75.6203,11.4792],[75.6198,11.4797],[75.6161,11.4935],[75.6114,11.5063],[75.6101,11.5134],[75.6095,11.5154],[75.609,11.5156],[75.6057,11.5273],[75.6043,11.5326],[75.6007,11.5417],[75.6002,11.5421],[75.5987,11.5439],[75.5978,11.5449],[75.5976,11.5457],[75.5967,11.5468],[75.5944,11.5527],[75.594,11.5536],[75.5935,11.5539],[75.5934,11.556],[75.5937,11.5573],[75.5906,11.5613],[75.588,11.5692],[75.5857,11.5735],[75.5829,11.5832],[75.5811,11.5902],[75.5785,11.598],[75.5737,11.6126],[75.5721,11.6165],[75.5716,11.6167],[75.5712,11.617],[75.5688,11.623],[75.5587,11.6504],[75.5579,11.6515],[75.5575,11.6525],[75.557,11.6527],[75.5521,11.6645],[75.547,11.676],[75.5462,11.677],[75.5455,11.6774],[75.5442,11.6806],[75.5418,11.6848],[75.54,11.688],[75.5393,11.6884],[75.5389,11.6898],[75.537,11.6927]]]},"properties":{"district_name":"Kozhikode","raw_district_name":"Kozhikode","state_code":"KL","state_name":"Kerala","census_code":591,"data_source":"DataMeet India Maps (Census 2011 Boundaries)"}},{"type":"Feature","geometry":{"type":"Polygon","coordinates":[[[76.447,11.2017],[76.4411,11.203],[76.4353,11.2008],[76.4214,11.2052],[76.4113,11.2053],[76.4118,11.1972],[76.4067,11.183],[76.4125,11.1764],[76.4164,11.1704],[76.4126,11.1532],[76.4177,11.1407],[76.414,11.1326],[76.4121,11.1192],[76.4131,11.1144],[76.4054,11.1142],[76.3992,11.1107],[76.3961,11.1087],[76.392,11.102],[76.3822,11.0996],[76.3773,11.0966],[76.3691,11.0978],[76.3635,11.0971],[76.3592,11.0945],[76.3522,11.0926],[76.3473,11.0879],[76.3351,11.0718],[76.3351,11.0655],[76.3369,11.0614],[76.3339,11.0574],[76.3347,11.0546],[76.3297,11.0506],[76.3244,11.0483],[76.3139,11.0513],[76.3101,11.0468],[76.2972,11.0491],[76.2961,11.0432],[76.287,11.0368],[76.2882,11.0303],[76.2866,11.0239],[76.2895,11.0205],[76.2944,11.0231],[76.2964,11.0233],[76.2975,11.0252],[76.3098,11.0261],[76.319,11.0247],[76.3305,11.0217],[76.3294,11.0164],[76.3271,11.0111],[76.3268,11.0052],[76.3343,11.0004],[76.3367,10.9982],[76.3449,10.9982],[76.3708,10.9961],[76.3714,10.9931],[76.3689,10.9855],[76.3635,10.9748],[76.3589,10.9757],[76.3504,10.9756],[76.3466,10.9771],[76.3385,10.977],[76.3352,10.9808],[76.3334,10.9807],[76.3301,10.9783],[76.3279,10.9675],[76.3285,10.9628],[76.3272,10.958],[76.3235,10.9542],[76.3235,10.9345],[76.3262,10.929],[76.3323,10.9228],[76.3339,10.9181],[76.3331,10.9055],[76.3256,10.9056],[76.3224,10.9067],[76.3209,10.9116],[76.317,10.9123],[76.306,10.9123],[76.2987,10.9186],[76.2932,10.9164],[76.2894,10.9137],[76.2841,10.9144],[76.2806,10.9157],[76.2741,10.915],[76.2709,10.9164],[76.2658,10.9136],[76.2628,10.905],[76.2519,10.8865],[76.2434,10.8867],[76.2329,10.8855],[76.229,10.8909],[76.228,10.8955],[76.2209,10.9027],[76.2193,10.907],[76.2193,10.9118],[76.2152,10.9131],[76.2118,10.9111],[76.2081,10.905],[76.2062,10.8974],[76.1996,10.8966],[76.189,10.8981],[76.1867,10.9026],[76.1871,10.9074],[76.1832,10.9099],[76.1752,10.9056],[76.1731,10.9076],[76.1712,10.9136],[76.1681,10.9136],[76.1635,10.9133],[76.1593,10.9092],[76.1592,10.9031],[76.1583,10.8985],[76.1504,10.8893],[76.1465,10.8882],[76.1407,10.891],[76.1365,10.8945],[76.1328,10.8961],[76.1296,10.8953],[76.1285,10.888],[76.1311,10.8825],[76.1313,10.8783],[76.1278,10.8776],[76.119,10.88],[76.1164,10.8783],[76.1156,10.8738],[76.1158,10.8694],[76.1134,10.8657],[76.111,10.8651],[76.1055,10.8685],[76.1023,10.8637],[76.1026,10.8582],[76.104,10.8516],[76.1029,10.8459],[76.0993,10.8411],[76.0941,10.8386],[76.0682,10.8367],[76.0553,10.8422],[76.0519,10.8445],[76.0455,10.8457],[76.0414,10.8434],[76.0359,10.8334],[76.0335,10.8252],[76.0292,10.8247],[76.0271,10.8214],[76.0315,10.8161],[76.0367,10.8128],[76.0353,10.8066],[76.0484,10.8029],[76.0472,10.8009],[76.05,10.797],[76.0491,10.7938],[76.0444,10.7945],[76.0434,10.793],[76.0402,10.7617],[76.0422,10.7608],[76.0408,10.7531],[76.0464,10.7533],[76.0467,10.7477],[76.0485,10.7427],[76.0539,10.7433],[76.0596,10.7421],[76.064,10.7447],[76.0676,10.7395],[76.0681,10.7352],[76.0709,10.731],[76.0701,10.7272],[76.0684,10.7252],[76.0687,10.7218],[76.0633,10.7201],[76.0607,10.7164],[76.0556,10.7128],[76.0533,10.7036],[76.0509,10.7025],[76.0496,10.7044],[76.0468,10.7024],[76.0418,10.7029],[76.0396,10.7046],[76.0347,10.6982],[76.0247,10.6957],[76.0182,10.6929],[76.0104,10.6868],[76.0047,10.6886],[76.0037,10.6912],[76,10.6932],[75.9958,10.6933],[75.9951,10.6958],[75.9935,10.694],[75.9841,10.6929],[75.9834,10.6858],[75.9807,10.6865],[75.9803,10.6917],[75.9739,10.6917],[75.9725,10.6938],[75.9697,10.6931],[75.9672,10.6907],[75.9629,10.6892],[75.9611,10.6865],[75.9548,10.6862],[75.9545,10.6863],[75.9522,10.6935],[75.9517,10.6937],[75.9484,10.7052],[75.948,10.7062],[75.9471,10.7066],[75.9395,10.7222],[75.9352,10.729],[75.9317,10.7447],[75.9285,10.7552],[75.9247,10.7653],[75.9191,10.7706],[75.9156,10.775],[75.915,10.7787],[75.9134,10.7842],[75.9089,10.7925],[75.9042,10.7965],[75.9017,10.8025],[75.9013,10.8098],[75.8975,10.828],[75.896,10.8386],[75.8954,10.843],[75.8925,10.8587],[75.8895,10.8762],[75.8863,10.89],[75.881,10.9122],[75.8802,10.9169],[75.8776,10.9299],[75.871,10.9564],[75.8702,10.9602],[75.8678,10.973],[75.8668,10.9843],[75.867,10.9932],[75.8604,11.0151],[75.8582,11.026],[75.8572,11.03],[75.8558,11.0369],[75.8556,11.0376],[75.8527,11.0484],[75.8521,11.0536],[75.8462,11.0735],[75.8402,11.0901],[75.8377,11.0984],[75.8372,11.0986],[75.8338,11.113],[75.8293,11.1242],[75.829,11.1243],[75.8349,11.1315],[75.8423,11.1365],[75.8456,11.1397],[75.8493,11.1414],[75.856,11.1378],[75.8594,11.1345],[75.8603,11.1396],[75.86,11.1426],[75.8564,11.1491],[75.8553,11.1528],[75.8566,11.1563],[75.865,11.1641],[75.8667,11.1676],[75.8703,11.1692],[75.8747,11.1685],[75.8852,11.1723],[75.8901,11.1796],[75.8916,11.1837],[75.8895,11.1856],[75.884,11.1864],[75.8782,11.1845],[75.8655,11.1899],[75.8605,11.1939],[75.8632,11.2032],[75.8714,11.2081],[75.8775,11.2198],[75.8818,11.2253],[75.8876,11.2283],[75.8928,11.2287],[75.8969,11.2303],[75.8988,11.2324],[75.9008,11.2407],[75.9025,11.2435],[75.9145,11.2366],[75.9186,11.2375],[75.9308,11.247],[75.9367,11.2483],[75.9531,11.2488],[75.9587,11.2508],[75.9624,11.2538],[75.9681,11.2617],[75.9752,11.2666],[75.9852,11.2594],[75.9888,11.2556],[75.994,11.2521],[75.9999,11.256],[76.0036,11.2582],[76.0081,11.2596],[76.0172,11.2694],[76.021,11.2678],[76.0274,11.2663],[76.0373,11.267],[76.0456,11.2654],[76.0511,11.2683],[76.0578,11.2734],[76.0631,11.2802],[76.0724,11.2846],[76.0716,11.294],[76.0906,11.3099],[76.1082,11.3137],[76.116,11.3174],[76.1193,11.323],[76.1193,11.3273],[76.1175,11.331],[76.118,11.336],[76.1162,11.3371],[76.1125,11.3335],[76.0987,11.3403],[76.0938,11.3526],[76.096,11.3606],[76.1014,11.3698],[76.1001,11.3839],[76.1015,11.3959],[76.1069,11.4011],[76.1061,11.4084],[76.1118,11.4094],[76.1183,11.4068],[76.133,11.425],[76.1416,11.419],[76.1447,11.4267],[76.1414,11.4369],[76.1401,11.4437],[76.1426,11.4492],[76.1653,11.4587],[76.1692,11.4654],[76.1757,11.4671],[76.1843,11.4711],[76.1864,11.4762],[76.1828,11.4821],[76.19,11.4953],[76.2019,11.5065],[76.2236,11.5122],[76.2277,11.519],[76.2325,11.5246],[76.2407,11.5254],[76.2491,11.5115],[76.2504,11.5054],[76.2523,11.501],[76.2485,11.4819],[76.2477,11.4663],[76.2549,11.4709],[76.2656,11.4799],[76.2738,11.4754],[76.2858,11.4813],[76.2936,11.4754],[76.2955,11.4728],[76.2919,11.4692],[76.2969,11.4631],[76.3058,11.4657],[76.3138,11.4602],[76.3289,11.4516],[76.3417,11.4656],[76.3471,11.4611],[76.3612,11.4578],[76.3696,11.4549],[76.3788,11.4479],[76.3989,11.435],[76.4187,11.4406],[76.4184,11.4323],[76.4166,11.4219],[76.4268,11.4123],[76.4479,11.3978],[76.457,11.3886],[76.4816,11.3825],[76.5189,11.3684],[76.5183,11.361],[76.5156,11.3549],[76.5184,11.3539],[76.5253,11.3563],[76.5388,11.355],[76.5472,11.3589],[76.5498,11.3344],[76.5488,11.3283],[76.5443,11.3237],[76.5395,11.317],[76.5376,11.3108],[76.5395,11.3031],[76.5493,11.2997],[76.5432,11.2953],[76.531,11.2885],[76.525,11.2798],[76.5222,11.272],[76.5226,11.2693],[76.4972,11.2592],[76.4553,11.2376],[76.4518,11.2073],[76.447,11.2017]]]},"properties":{"district_name":"Malappuram","raw_district_name":"Malappuram","state_code":"KL","state_name":"Kerala","census_code":592,"data_source":"DataMeet India Maps (Census 2011 Boundaries)"}},{"type":"Feature","geometry":{"type":"Polygon","coordinates":[[[76.8392,10.3383],[76.8352,10.3367],[76.8316,10.3367],[76.8268,10.3401],[76.8186,10.348],[76.8093,10.3451],[76.8078,10.3404],[76.8059,10.3381],[76.7925,10.3366],[76.7877,10.3371],[76.7827,10.3404],[76.7777,10.3413],[76.7765,10.3369],[76.7726,10.3347],[76.7678,10.3351],[76.7631,10.3369],[76.7552,10.3364],[76.7532,10.3389],[76.755,10.3429],[76.7542,10.3469],[76.7604,10.3485],[76.763,10.3508],[76.7667,10.3583],[76.767,10.3614],[76.766,10.3626],[76.7621,10.3613],[76.7576,10.3614],[76.7475,10.3663],[76.7422,10.3668],[76.7274,10.3723],[76.721,10.3736],[76.7141,10.3733],[76.7079,10.3711],[76.7068,10.3667],[76.7049,10.3638],[76.6977,10.3624],[76.6895,10.3623],[76.6867,10.3631],[76.6849,10.3675],[76.6742,10.3709],[76.6625,10.3837],[76.6595,10.3851],[76.6591,10.3808],[76.6571,10.3771],[76.6462,10.3819],[76.6432,10.3802],[76.6373,10.3789],[76.6334,10.3752],[76.6307,10.3758],[76.631,10.3807],[76.6291,10.3811],[76.6258,10.3792],[76.6218,10.3814],[76.6184,10.3877],[76.608,10.4004],[76.6066,10.406],[76.6012,10.4193],[76.5977,10.4222],[76.5932,10.4296],[76.5864,10.4354],[76.58,10.4366],[76.5705,10.4364],[76.5659,10.4354],[76.5609,10.4318],[76.5589,10.4337],[76.5582,10.4434],[76.555,10.445],[76.5392,10.4479],[76.5361,10.4505],[76.5291,10.4632],[76.525,10.4664],[76.5145,10.4713],[76.5088,10.4726],[76.5051,10.4751],[76.4927,10.4791],[76.4871,10.4844],[76.4804,10.4843],[76.4772,10.4868],[76.4722,10.4942],[76.4688,10.4962],[76.4694,10.5014],[76.4637,10.506],[76.4616,10.5097],[76.4547,10.5182],[76.452,10.5206],[76.446,10.5212],[76.4428,10.5259],[76.435,10.532],[76.4344,10.5374],[76.4405,10.5542],[76.4356,10.5546],[76.4331,10.5557],[76.433,10.5608],[76.4294,10.5632],[76.428,10.5711],[76.4245,10.5717],[76.4232,10.576],[76.4188,10.5756],[76.4164,10.5762],[76.4124,10.5725],[76.4116,10.5782],[76.4055,10.5876],[76.4041,10.594],[76.4057,10.5985],[76.411,10.5956],[76.4159,10.5953],[76.4174,10.599],[76.4155,10.6018],[76.4168,10.6038],[76.4224,10.6048],[76.4258,10.6072],[76.4302,10.6152],[76.4277,10.6197],[76.4272,10.6257],[76.4221,10.626],[76.42,10.6282],[76.4258,10.6427],[76.4256,10.6471],[76.4303,10.6502],[76.4375,10.6504],[76.438,10.6548],[76.4415,10.6579],[76.4432,10.6631],[76.4527,10.6592],[76.4538,10.6678],[76.4525,10.6769],[76.4455,10.6925],[76.4448,10.6964],[76.451,10.7],[76.4552,10.6986],[76.4595,10.6984],[76.4632,10.7046],[76.4673,10.7195],[76.4696,10.7229],[76.4778,10.7278],[76.48,10.7323],[76.4767,10.7373],[76.4712,10.7397],[76.4704,10.7418],[76.4752,10.7477],[76.4709,10.7514],[76.4623,10.7516],[76.4507,10.7491],[76.4406,10.7481],[76.4298,10.7486],[76.4198,10.7476],[76.4102,10.7476],[76.4033,10.7454],[76.3961,10.7476],[76.393,10.7516],[76.3888,10.7606],[76.3881,10.7641],[76.386,10.7669],[76.3835,10.7685],[76.3791,10.7682],[76.3652,10.7635],[76.3614,10.7582],[76.3589,10.7465],[76.3566,10.744],[76.3517,10.7446],[76.34,10.748],[76.336,10.7475],[76.3255,10.7445],[76.3187,10.7459],[76.2977,10.7548],[76.2882,10.7569],[76.2804,10.7544],[76.2682,10.7546],[76.2615,10.7507],[76.252,10.7471],[76.2472,10.7487],[76.2453,10.7517],[76.2453,10.7679],[76.2424,10.7724],[76.2328,10.7728],[76.2293,10.7766],[76.2237,10.781],[76.2208,10.7817],[76.2177,10.7797],[76.2128,10.7781],[76.2088,10.7786],[76.2004,10.7821],[76.1956,10.7823],[76.192,10.7834],[76.1898,10.7809],[76.2041,10.7679],[76.2031,10.7533],[76.1963,10.7519],[76.191,10.7478],[76.1896,10.7421],[76.1875,10.7381],[76.1811,10.7332],[76.1801,10.7273],[76.1716,10.7181],[76.1707,10.7121],[76.1661,10.7083],[76.1634,10.7045],[76.1592,10.7076],[76.1566,10.7144],[76.1547,10.7151],[76.1531,10.7108],[76.1451,10.7167],[76.1382,10.7164],[76.1321,10.72],[76.1283,10.7124],[76.1252,10.7097],[76.1187,10.7124],[76.1096,10.7199],[76.1044,10.7224],[76.0988,10.7241],[76.0804,10.7252],[76.0701,10.7272],[76.0709,10.731],[76.0681,10.7352],[76.0676,10.7395],[76.064,10.7447],[76.0596,10.7421],[76.0539,10.7433],[76.0485,10.7427],[76.0467,10.7477],[76.0464,10.7533],[76.0408,10.7531],[76.0422,10.7608],[76.0402,10.7617],[76.0434,10.793],[76.0444,10.7945],[76.0491,10.7938],[76.05,10.797],[76.0472,10.8009],[76.0484,10.8029],[76.0353,10.8066],[76.0367,10.8128],[76.0315,10.8161],[76.0271,10.8214],[76.0292,10.8247],[76.0335,10.8252],[76.0359,10.8334],[76.0414,10.8434],[76.0455,10.8457],[76.0519,10.8445],[76.0553,10.8422],[76.0682,10.8367],[76.0941,10.8386],[76.0993,10.8411],[76.1029,10.8459],[76.104,10.8516],[76.1026,10.8582],[76.1023,10.8637],[76.1055,10.8685],[76.111,10.8651],[76.1134,10.8657],[76.1158,10.8694],[76.1156,10.8738],[76.1164,10.8783],[76.119,10.88],[76.1278,10.8776],[76.1313,10.8783],[76.1311,10.8825],[76.1285,10.888],[76.1296,10.8953],[76.1328,10.8961],[76.1365,10.8945],[76.1407,10.891],[76.1465,10.8882],[76.1504,10.8893],[76.1583,10.8985],[76.1592,10.9031],[76.1593,10.9092],[76.1635,10.9133],[76.1681,10.9136],[76.1712,10.9136],[76.1731,10.9076],[76.1752,10.9056],[76.1832,10.9099],[76.1871,10.9074],[76.1867,10.9026],[76.189,10.8981],[76.1996,10.8966],[76.2062,10.8974],[76.2081,10.905],[76.2118,10.9111],[76.2152,10.9131],[76.2193,10.9118],[76.2193,10.907],[76.2209,10.9027],[76.228,10.8955],[76.229,10.8909],[76.2329,10.8855],[76.2434,10.8867],[76.2519,10.8865],[76.2628,10.905],[76.2658,10.9136],[76.2709,10.9164],[76.2741,10.915],[76.2806,10.9157],[76.2841,10.9144],[76.2894,10.9137],[76.2932,10.9164],[76.2987,10.9186],[76.306,10.9123],[76.317,10.9123],[76.3209,10.9116],[76.3224,10.9067],[76.3256,10.9056],[76.3331,10.9055],[76.3339,10.9181],[76.3323,10.9228],[76.3262,10.929],[76.3235,10.9345],[76.3235,10.9542],[76.3272,10.958],[76.3285,10.9628],[76.3279,10.9675],[76.3301,10.9783],[76.3334,10.9807],[76.3352,10.9808],[76.3385,10.977],[76.3466,10.9771],[76.3504,10.9756],[76.3589,10.9757],[76.3635,10.9748],[76.3689,10.9855],[76.3714,10.9931],[76.3708,10.9961],[76.3449,10.9982],[76.3367,10.9982],[76.3343,11.0004],[76.3268,11.0052],[76.3271,11.0111],[76.3294,11.0164],[76.3305,11.0217],[76.319,11.0247],[76.3098,11.0261],[76.2975,11.0252],[76.2964,11.0233],[76.2944,11.0231],[76.2895,11.0205],[76.2866,11.0239],[76.2882,11.0303],[76.287,11.0368],[76.2961,11.0432],[76.2972,11.0491],[76.3101,11.0468],[76.3139,11.0513],[76.3244,11.0483],[76.3297,11.0506],[76.3347,11.0546],[76.3339,11.0574],[76.3369,11.0614],[76.3351,11.0655],[76.3351,11.0718],[76.3473,11.0879],[76.3522,11.0926],[76.3592,11.0945],[76.3635,11.0971],[76.3691,11.0978],[76.3773,11.0966],[76.3822,11.0996],[76.392,11.102],[76.3961,11.1087],[76.3992,11.1107],[76.4054,11.1142],[76.4131,11.1144],[76.4121,11.1192],[76.414,11.1326],[76.4177,11.1407],[76.4126,11.1532],[76.4164,11.1704],[76.4125,11.1764],[76.4067,11.183],[76.4118,11.1972],[76.4113,11.2053],[76.4214,11.2052],[76.4353,11.2008],[76.4411,11.203],[76.447,11.2017],[76.4493,11.1984],[76.4526,11.1981],[76.4618,11.1874],[76.4679,11.1913],[76.4756,11.1933],[76.4749,11.206],[76.4839,11.2085],[76.4968,11.21],[76.5115,11.2102],[76.5152,11.2093],[76.5195,11.2026],[76.5305,11.1976],[76.5455,11.1967],[76.5574,11.2005],[76.5873,11.2043],[76.6029,11.205],[76.6116,11.203],[76.6327,11.1932],[76.6393,11.1984],[76.6514,11.2041],[76.6631,11.2119],[76.678,11.2183],[76.6879,11.2265],[76.6876,11.2305],[76.6891,11.2347],[76.7068,11.239],[76.7203,11.226],[76.7305,11.2194],[76.7326,11.2159],[76.7355,11.2167],[76.7365,11.2142],[76.7279,11.2061],[76.7279,11.2002],[76.7312,11.1923],[76.7237,11.1858],[76.7164,11.1874],[76.7113,11.1823],[76.7067,11.1796],[76.7034,11.1744],[76.699,11.1728],[76.696,11.1654],[76.7012,11.1522],[76.7051,11.1479],[76.7067,11.1404],[76.7102,11.1392],[76.7137,11.1397],[76.7156,11.1439],[76.7127,11.1464],[76.713,11.1495],[76.7199,11.148],[76.7228,11.1406],[76.7255,11.1362],[76.7324,11.1303],[76.7395,11.1332],[76.7451,11.1329],[76.7489,11.1291],[76.7491,11.1227],[76.7508,11.1177],[76.7496,11.1114],[76.7452,11.1069],[76.7444,11.1012],[76.7489,11.0918],[76.753,11.0938],[76.756,11.0918],[76.7566,11.0867],[76.7584,11.083],[76.7568,11.0787],[76.7448,11.0717],[76.7448,11.0661],[76.7464,11.0623],[76.7475,11.0553],[76.7506,11.0535],[76.7569,11.0548],[76.7615,11.0546],[76.7652,11.0471],[76.7728,11.0422],[76.7777,11.0401],[76.786,11.0422],[76.8005,11.0576],[76.804,11.055],[76.803,11.0503],[76.7974,11.0402],[76.7924,11.0369],[76.7675,11.0325],[76.7545,11.0337],[76.7428,11.0368],[76.7224,11.0402],[76.7168,11.0391],[76.7091,11.0304],[76.7007,11.0252],[76.6901,11.0071],[76.6911,11.0004],[76.689,10.9938],[76.6881,10.9874],[76.6708,10.9681],[76.6697,10.9582],[76.6653,10.9499],[76.6676,10.9463],[76.6659,10.9419],[76.6577,10.9366],[76.6595,10.9318],[76.6632,10.9276],[76.6853,10.9141],[76.6951,10.9102],[76.7036,10.91],[76.711,10.9086],[76.7221,10.9034],[76.7291,10.8976],[76.7335,10.8955],[76.7386,10.8946],[76.7415,10.8919],[76.7434,10.8888],[76.7502,10.8923],[76.7547,10.8928],[76.7599,10.8927],[76.7728,10.8877],[76.7775,10.8897],[76.7839,10.8896],[76.7886,10.8869],[76.7922,10.8819],[76.7962,10.8794],[76.8019,10.8789],[76.8286,10.8698],[76.832,10.867],[76.8357,10.8585],[76.8388,10.8552],[76.8453,10.8508],[76.8499,10.8457],[76.8539,10.84],[76.8564,10.8346],[76.8547,10.8306],[76.8484,10.8236],[76.8517,10.8158],[76.8639,10.8166],[76.8714,10.8079],[76.8934,10.8093],[76.8998,10.8081],[76.903,10.8004],[76.9091,10.779],[76.9083,10.7743],[76.9054,10.7688],[76.9059,10.7636],[76.9047,10.7586],[76.9019,10.7557],[76.8992,10.7512],[76.8984,10.745],[76.892,10.7344],[76.8909,10.7284],[76.8929,10.7211],[76.8954,10.7156],[76.8927,10.7143],[76.8867,10.7149],[76.8768,10.7011],[76.8732,10.6944],[76.8736,10.6887],[76.8715,10.6853],[76.8672,10.6834],[76.8667,10.6805],[76.875,10.6751],[76.8794,10.6744],[76.8819,10.6723],[76.8821,10.669],[76.8812,10.6645],[76.8839,10.6617],[76.8864,10.6474],[76.8845,10.6376],[76.8713,10.6334],[76.8642,10.6321],[76.8565,10.6344],[76.85,10.6348],[76.843,10.634],[76.8385,10.6352],[76.8341,10.6355],[76.8263,10.6341],[76.8166,10.6344],[76.8173,10.6289],[76.8149,10.6221],[76.8166,10.6172],[76.8201,10.6153],[76.8213,10.6123],[76.8203,10.6025],[76.8271,10.5964],[76.8363,10.5976],[76.8401,10.5964],[76.8415,10.5931],[76.8411,10.5845],[76.8378,10.5756],[76.8373,10.5696],[76.8409,10.5651],[76.8421,10.5611],[76.8376,10.551],[76.8364,10.5457],[76.8439,10.5373],[76.8434,10.5327],[76.8372,10.5111],[76.8323,10.4987],[76.833,10.4883],[76.8295,10.4465],[76.8195,10.423],[76.8241,10.4194],[76.8272,10.4098],[76.8337,10.4115],[76.8349,10.407],[76.8349,10.4021],[76.8279,10.3946],[76.8328,10.3899],[76.8369,10.3833],[76.843,10.3802],[76.8505,10.3708],[76.8517,10.3678],[76.8486,10.3611],[76.8482,10.3545],[76.84,10.3457],[76.8381,10.3423],[76.8392,10.3383]]]},"properties":{"district_name":"Palakkad","raw_district_name":"Palakkad","state_code":"KL","state_name":"Kerala","census_code":593,"data_source":"DataMeet India Maps (Census 2011 Boundaries)"}},{"type":"Feature","geometry":{"type":"Polygon","coordinates":[[[77.2844,9.2713],[77.2846,9.2668],[77.2827,9.2642],[77.2825,9.2526],[77.2793,9.2498],[77.2805,9.2407],[77.2763,9.2333],[77.2782,9.2258],[77.2837,9.2177],[77.2751,9.2089],[77.2702,9.2022],[77.2672,9.1991],[77.264,9.1981],[77.2566,9.1987],[77.2565,9.1953],[77.2535,9.188],[77.2602,9.1849],[77.2653,9.1846],[77.2693,9.1738],[77.2666,9.1648],[77.2688,9.1518],[77.2631,9.148],[77.2624,9.1443],[77.2547,9.1387],[77.2496,9.1266],[77.2472,9.1235],[77.2428,9.1228],[77.2341,9.1168],[77.2288,9.115],[77.2264,9.1062],[77.2219,9.1044],[77.2193,9.1],[77.2129,9.097],[77.2068,9.0838],[77.2077,9.0786],[77.21,9.0736],[77.2086,9.0705],[77.2059,9.0691],[77.2032,9.0718],[77.1926,9.0767],[77.188,9.0748],[77.1841,9.0749],[77.1794,9.0776],[77.1753,9.0761],[77.167,9.0758],[77.1558,9.0796],[77.1573,9.0847],[77.1545,9.0848],[77.1526,9.0833],[77.147,9.0838],[77.1398,9.0865],[77.1374,9.0862],[77.1351,9.0877],[77.1226,9.0929],[77.1121,9.0954],[77.1076,9.0958],[77.0962,9.1013],[77.0927,9.1042],[77.0891,9.106],[77.0826,9.1082],[77.0805,9.1103],[77.0718,9.1112],[77.0687,9.1124],[77.0681,9.1151],[77.0663,9.1164],[77.0618,9.1174],[77.0578,9.1197],[77.0561,9.1219],[77.0559,9.1249],[77.0549,9.1266],[77.0497,9.1257],[77.0434,9.1224],[77.0401,9.1241],[77.0365,9.1245],[77.0334,9.1276],[77.0263,9.1268],[77.0232,9.129],[77.019,9.1306],[77.0103,9.1389],[77.0002,9.1321],[76.9941,9.1373],[76.9838,9.1415],[76.9736,9.1465],[76.9484,9.1612],[76.9379,9.1695],[76.9307,9.1715],[76.9287,9.1657],[76.9286,9.1614],[76.9265,9.1561],[76.9293,9.1389],[76.9357,9.1374],[76.9421,9.1376],[76.9501,9.1323],[76.966,9.1273],[76.9538,9.1189],[76.9489,9.1165],[76.9456,9.1162],[76.937,9.1174],[76.9224,9.1227],[76.9144,9.124],[76.9053,9.1231],[76.9043,9.1158],[76.9027,9.1164],[76.8997,9.1264],[76.8974,9.1302],[76.8904,9.1241],[76.8757,9.1302],[76.8679,9.1229],[76.8635,9.1246],[76.8621,9.1183],[76.8605,9.1168],[76.8557,9.1184],[76.851,9.1123],[76.8511,9.1031],[76.8493,9.0983],[76.8374,9.0936],[76.8329,9.0943],[76.8292,9.0932],[76.8239,9.0953],[76.8177,9.1006],[76.8161,9.105],[76.8137,9.1072],[76.8072,9.1095],[76.7849,9.1133],[76.7674,9.0974],[76.7674,9.0943],[76.7687,9.0892],[76.7712,9.085],[76.7712,9.0747],[76.7592,9.073],[76.7581,9.0871],[76.7557,9.0888],[76.7518,9.0863],[76.7488,9.0827],[76.7445,9.0826],[76.7412,9.0861],[76.7387,9.086],[76.7361,9.0813],[76.7297,9.0841],[76.7252,9.0816],[76.7173,9.0842],[76.7118,9.0849],[76.6973,9.0867],[76.6737,9.0923],[76.6603,9.0934],[76.6569,9.0967],[76.6571,9.1025],[76.6564,9.1067],[76.6541,9.111],[76.6495,9.1168],[76.6515,9.1193],[76.6561,9.1219],[76.6567,9.1345],[76.6561,9.1489],[76.6675,9.1491],[76.6733,9.1513],[76.6745,9.1549],[76.6733,9.1634],[76.6744,9.1675],[76.6761,9.1702],[76.6797,9.1706],[76.6848,9.169],[76.6864,9.1727],[76.6843,9.1768],[76.6777,9.1838],[76.6684,9.1978],[76.6543,9.1997],[76.6501,9.2071],[76.647,9.2068],[76.6474,9.2011],[76.6448,9.2017],[76.6425,9.2085],[76.6445,9.2112],[76.644,9.2143],[76.6413,9.2143],[76.6441,9.2176],[76.641,9.2299],[76.6481,9.2325],[76.6518,9.2329],[76.6545,9.2343],[76.6591,9.2393],[76.6543,9.2512],[76.6569,9.2576],[76.6643,9.2669],[76.6781,9.2686],[76.6828,9.2792],[76.693,9.282],[76.6941,9.2862],[76.6939,9.2942],[76.6876,9.2937],[76.6869,9.2896],[76.6854,9.2892],[76.681,9.2936],[76.6762,9.2883],[76.672,9.2872],[76.6684,9.2847],[76.6642,9.2861],[76.6596,9.2856],[76.6557,9.2882],[76.6549,9.2947],[76.655,9.3042],[76.6527,9.3075],[76.6476,9.3123],[76.6389,9.3256],[76.645,9.3306],[76.645,9.3306],[76.6423,9.3353],[76.6433,9.3397],[76.642,9.342],[76.6322,9.342],[76.6288,9.3397],[76.6246,9.3398],[76.6052,9.3447],[76.6014,9.3475],[76.5968,9.3491],[76.5868,9.3486],[76.5809,9.3473],[76.5782,9.3501],[76.573,9.3533],[76.564,9.3495],[76.5593,9.3462],[76.5561,9.3489],[76.5514,9.3467],[76.5539,9.3432],[76.56,9.3419],[76.5586,9.3369],[76.5549,9.3344],[76.5547,9.3235],[76.55,9.3214],[76.537,9.3187],[76.5345,9.3217],[76.5309,9.3232],[76.5161,9.3238],[76.507,9.3205],[76.5015,9.3207],[76.4962,9.3227],[76.4889,9.3258],[76.4802,9.3256],[76.4764,9.3284],[76.478,9.3335],[76.4898,9.3465],[76.4957,9.3467],[76.5125,9.3526],[76.5143,9.3622],[76.5234,9.3625],[76.5237,9.3651],[76.5176,9.3665],[76.5114,9.3706],[76.5095,9.3757],[76.5124,9.3762],[76.5124,9.3812],[76.5148,9.3866],[76.513,9.3894],[76.5124,9.3934],[76.5136,9.3973],[76.5157,9.4001],[76.5158,9.4075],[76.5241,9.4072],[76.5255,9.4081],[76.5276,9.4118],[76.5305,9.4115],[76.5311,9.4139],[76.5343,9.416],[76.5365,9.4137],[76.5406,9.4147],[76.5447,9.4207],[76.5488,9.4214],[76.5536,9.4199],[76.5561,9.4159],[76.5572,9.411],[76.5608,9.4104],[76.5656,9.4114],[76.5728,9.4159],[76.5781,9.4203],[76.582,9.4211],[76.5913,9.4173],[76.594,9.4149],[76.5968,9.4171],[76.5961,9.4201],[76.5918,9.4267],[76.5933,9.4321],[76.5935,9.4364],[76.5913,9.4405],[76.5917,9.4437],[76.6001,9.4484],[76.6032,9.4485],[76.603,9.4566],[76.6052,9.4573],[76.6092,9.4527],[76.6102,9.4532],[76.6105,9.4582],[76.6151,9.4598],[76.6274,9.4594],[76.6261,9.4622],[76.6274,9.4669],[76.6294,9.4697],[76.632,9.4694],[76.6364,9.463],[76.6386,9.4652],[76.6407,9.4695],[76.6414,9.4756],[76.6541,9.4802],[76.6629,9.4807],[76.6729,9.4795],[76.6796,9.4814],[76.6865,9.4772],[76.6937,9.4769],[76.7001,9.4756],[76.7013,9.473],[76.701,9.4687],[76.7017,9.4635],[76.7047,9.4612],[76.7072,9.4558],[76.7092,9.4541],[76.7148,9.4545],[76.7192,9.459],[76.7291,9.4628],[76.7323,9.4648],[76.7316,9.4694],[76.7346,9.4726],[76.7442,9.4723],[76.7477,9.4733],[76.7505,9.4686],[76.7516,9.4644],[76.7538,9.4613],[76.751,9.4534],[76.7526,9.4517],[76.7575,9.4523],[76.7596,9.4504],[76.7619,9.4422],[76.7643,9.439],[76.7707,9.4397],[76.7739,9.442],[76.7832,9.4458],[76.7862,9.4464],[76.7935,9.4445],[76.7936,9.4445],[76.7949,9.4478],[76.7944,9.4514],[76.7977,9.4523],[76.8006,9.4505],[76.8023,9.4537],[76.8135,9.4534],[76.8165,9.4544],[76.8213,9.4517],[76.8253,9.4456],[76.8285,9.4467],[76.8306,9.4498],[76.8352,9.4499],[76.8393,9.4492],[76.8457,9.4468],[76.8506,9.4467],[76.853,9.4503],[76.8553,9.4569],[76.8653,9.4502],[76.8738,9.446],[76.8793,9.4457],[76.8856,9.4444],[76.8914,9.4412],[76.8981,9.4356],[76.9111,9.4274],[76.9228,9.426],[76.9242,9.4237],[76.924,9.421],[76.9249,9.4179],[76.9275,9.4176],[76.9329,9.4194],[76.9367,9.4221],[76.9396,9.4217],[76.9405,9.4297],[76.9637,9.4293],[76.9783,9.4247],[76.9929,9.4223],[77.0001,9.423],[77.0057,9.4187],[77.0147,9.4197],[77.0143,9.4088],[77.0222,9.4066],[77.0262,9.4078],[77.0301,9.4073],[77.0325,9.41],[77.0354,9.4102],[77.0374,9.4123],[77.0438,9.4132],[77.0545,9.4171],[77.0647,9.4157],[77.068,9.4164],[77.0638,9.4249],[77.0575,9.4332],[77.0487,9.451],[77.0509,9.4563],[77.0548,9.4598],[77.0592,9.4596],[77.0634,9.4589],[77.0702,9.4545],[77.0738,9.4549],[77.0803,9.4584],[77.0836,9.4591],[77.0881,9.4611],[77.0931,9.4653],[77.1046,9.4783],[77.112,9.4786],[77.1205,9.4779],[77.124,9.4807],[77.1317,9.4917],[77.142,9.4893],[77.1441,9.4857],[77.1443,9.4807],[77.1423,9.476],[77.1417,9.47],[77.1436,9.4605],[77.1558,9.4691],[77.1613,9.4688],[77.1672,9.4696],[77.1682,9.4642],[77.1697,9.4651],[77.1695,9.4607],[77.1746,9.4659],[77.1816,9.4704],[77.1834,9.4641],[77.1854,9.4631],[77.185,9.4609],[77.1828,9.4572],[77.1854,9.4539],[77.1882,9.4549],[77.1899,9.4501],[77.1927,9.4492],[77.1979,9.4506],[77.2021,9.4492],[77.2053,9.4509],[77.2103,9.4459],[77.2077,9.4414],[77.2095,9.4411],[77.212,9.4427],[77.2147,9.4384],[77.2246,9.4327],[77.2232,9.4245],[77.2258,9.4219],[77.2265,9.4183],[77.2309,9.4195],[77.2326,9.416],[77.2302,9.4106],[77.2484,9.3851],[77.2497,9.3811],[77.2479,9.3758],[77.2441,9.3693],[77.2431,9.3584],[77.2391,9.3541],[77.2369,9.349],[77.2394,9.3442],[77.2402,9.3394],[77.2377,9.3354],[77.2336,9.3313],[77.2365,9.3285],[77.2372,9.3255],[77.2269,9.3136],[77.2275,9.2959],[77.2305,9.297],[77.2376,9.2923],[77.2398,9.2824],[77.242,9.2849],[77.2463,9.2819],[77.2475,9.2887],[77.258,9.2855],[77.262,9.28],[77.2685,9.2792],[77.273,9.2772],[77.2752,9.2751],[77.2844,9.2713]]]},"properties":{"district_name":"Pathanamthitta","raw_district_name":"Pathanamthitta","state_code":"KL","state_name":"Kerala","census_code":599,"data_source":"DataMeet India Maps (Census 2011 Boundaries)"}},{"type":"Feature","geometry":{"type":"Polygon","coordinates":[[[77.201,8.7695],[77.1988,8.7659],[77.2015,8.7617],[77.2017,8.7565],[77.1991,8.7491],[77.1946,8.7433],[77.189,8.7417],[77.1808,8.7434],[77.1752,8.749],[77.1733,8.7458],[77.1754,8.7394],[77.181,8.7291],[77.1798,8.7234],[77.1852,8.7159],[77.1905,8.7115],[77.1975,8.7079],[77.2012,8.6983],[77.206,8.6921],[77.208,8.6857],[77.2088,8.6795],[77.2054,8.6706],[77.2087,8.6632],[77.2136,8.657],[77.2169,8.6494],[77.2237,8.6436],[77.2267,8.6395],[77.2309,8.6371],[77.2373,8.6267],[77.2469,8.6212],[77.2465,8.6114],[77.2471,8.6061],[77.2508,8.6005],[77.2563,8.5968],[77.2616,8.5889],[77.2704,8.5794],[77.2786,8.5574],[77.284,8.551],[77.2841,8.5458],[77.2771,8.5365],[77.2715,8.5254],[77.2666,8.5097],[77.2603,8.5064],[77.2514,8.5042],[77.2466,8.4988],[77.2415,8.4965],[77.2362,8.5044],[77.2253,8.5126],[77.2175,8.5121],[77.2109,8.5075],[77.2053,8.5015],[77.2098,8.4963],[77.2136,8.4775],[77.2178,8.4684],[77.2242,8.4636],[77.2281,8.4588],[77.2293,8.4512],[77.2286,8.4458],[77.2179,8.4449],[77.2077,8.4428],[77.2017,8.4355],[77.1995,8.4266],[77.1989,8.4171],[77.1913,8.4097],[77.1862,8.4034],[77.1836,8.3958],[77.1728,8.3853],[77.1685,8.3833],[77.1649,8.3896],[77.1598,8.3907],[77.1539,8.3864],[77.1549,8.3804],[77.1603,8.3769],[77.1624,8.3701],[77.1546,8.3596],[77.155,8.3535],[77.1607,8.357],[77.1667,8.3624],[77.1713,8.3626],[77.1738,8.3593],[77.1761,8.3531],[77.1702,8.3433],[77.1704,8.3388],[77.1725,8.3335],[77.179,8.3252],[77.179,8.3204],[77.1742,8.3215],[77.1714,8.3273],[77.1691,8.3298],[77.164,8.3281],[77.1563,8.3279],[77.1499,8.332],[77.1412,8.3307],[77.1308,8.3242],[77.128,8.3206],[77.1201,8.3193],[77.1239,8.3093],[77.1175,8.3092],[77.1157,8.3057],[77.1086,8.305],[77.1038,8.2997],[77.1001,8.2914],[77.0939,8.2941],[77.0889,8.2978],[77.0855,8.3011],[77.0839,8.3025],[77.0834,8.303],[77.0829,8.3035],[77.0822,8.3037],[77.0823,8.3042],[77.0791,8.3068],[77.078,8.3077],[77.075,8.3099],[77.0703,8.3134],[77.0701,8.3141],[77.0563,8.3245],[77.0522,8.3287],[77.0513,8.3299],[77.0491,8.3319],[77.0483,8.3326],[77.0442,8.3358],[77.044,8.3364],[77.0404,8.3396],[77.026,8.3518],[77.026,8.3523],[77.0231,8.3551],[77.02,8.357],[77.0191,8.3568],[77.0173,8.3565],[77.0162,8.357],[77.0157,8.3568],[77.0125,8.3572],[77.0116,8.3575],[77.0098,8.3582],[77.0065,8.3604],[77.0028,8.3699],[77.0023,8.3703],[77.0019,8.3708],[77.0015,8.3726],[76.9995,8.3776],[76.9984,8.3785],[76.995,8.3781],[76.9904,8.3754],[76.9878,8.3766],[76.9876,8.3771],[76.9828,8.3803],[76.9817,8.3824],[76.9803,8.3845],[76.9751,8.3896],[76.9746,8.3901],[76.974,8.3905],[76.9738,8.3917],[76.9733,8.3921],[76.9728,8.3944],[76.9725,8.4025],[76.9725,8.4033],[76.9717,8.411],[76.971,8.4128],[76.9622,8.4222],[76.9622,8.4231],[76.9613,8.4236],[76.9613,8.424],[76.954,8.4312],[76.954,8.4317],[76.9536,8.4321],[76.9432,8.442],[76.9428,8.4424],[76.9412,8.4439],[76.9401,8.4441],[76.9396,8.4451],[76.9396,8.4455],[76.9382,8.4468],[76.9372,8.4478],[76.9368,8.4485],[76.9342,8.452],[76.9342,8.4525],[76.9311,8.4555],[76.9309,8.4562],[76.9309,8.4566],[76.9254,8.4621],[76.9252,8.4628],[76.9248,8.4632],[76.9223,8.4653],[76.9221,8.466],[76.9217,8.4664],[76.9203,8.4676],[76.9204,8.4685],[76.9127,8.4766],[76.9125,8.4772],[76.9107,8.479],[76.9107,8.4794],[76.9107,8.4799],[76.9026,8.4881],[76.9026,8.4886],[76.8995,8.4915],[76.8986,8.4927],[76.8977,8.4943],[76.892,8.5004],[76.8909,8.5036],[76.8865,8.5079],[76.8858,8.5081],[76.8858,8.5086],[76.8854,8.5089],[76.8845,8.5096],[76.8835,8.5124],[76.8794,8.5165],[76.878,8.5191],[76.878,8.5198],[76.8736,8.5239],[76.8734,8.5245],[76.8718,8.5259],[76.8712,8.5268],[76.871,8.5277],[76.8703,8.5286],[76.8694,8.5293],[76.8695,8.5298],[76.8673,8.5333],[76.8673,8.5337],[76.8628,8.5383],[76.8622,8.5395],[76.8605,8.5423],[76.86,8.5425],[76.8598,8.5442],[76.8585,8.5456],[76.8568,8.5485],[76.8562,8.5499],[76.8559,8.5508],[76.8487,8.5587],[76.8478,8.5599],[76.8476,8.5613],[76.8465,8.5622],[76.8461,8.5626],[76.8399,8.5692],[76.8386,8.5719],[76.8362,8.5745],[76.8314,8.5801],[76.8296,8.5824],[76.8285,8.5849],[76.8237,8.5896],[76.8233,8.5907],[76.8226,8.5921],[76.8218,8.5927],[76.8202,8.5942],[76.8202,8.5947],[76.8178,8.5977],[76.8152,8.6014],[76.815,8.6023],[76.8121,8.6051],[76.8115,8.6072],[76.8086,8.6097],[76.8084,8.6106],[76.8078,8.612],[76.806,8.6134],[76.8054,8.6157],[76.8038,8.6171],[76.8029,8.6187],[76.802,8.6197],[76.7981,8.6239],[76.7981,8.6243],[76.797,8.6255],[76.7964,8.627],[76.7953,8.6291],[76.7949,8.6295],[76.7908,8.6327],[76.79,8.634],[76.7849,8.6394],[76.7849,8.6399],[76.7788,8.6458],[76.7761,8.6483],[76.7761,8.6487],[76.7761,8.6492],[76.7736,8.6509],[76.7737,8.6513],[76.773,8.6516],[76.7721,8.6534],[76.7714,8.6536],[76.771,8.6541],[76.7701,8.6548],[76.7691,8.6569],[76.7662,8.6606],[76.7662,8.661],[76.7634,8.6642],[76.7635,8.6646],[76.7608,8.6676],[76.7604,8.6687],[76.7565,8.6729],[76.7555,8.6754],[76.7524,8.6784],[76.7524,8.6789],[76.7511,8.6801],[76.7494,8.6837],[76.7443,8.6897],[76.7428,8.6921],[76.7428,8.6925],[76.7423,8.6925],[76.7419,8.693],[76.7419,8.6935],[76.7377,8.6973],[76.7375,8.698],[76.7355,8.6998],[76.7355,8.7002],[76.734,8.7023],[76.7331,8.7035],[76.7331,8.7039],[76.7298,8.7072],[76.7298,8.7076],[76.7298,8.7081],[76.7256,8.7121],[76.7239,8.7153],[76.7195,8.7199],[76.7193,8.7211],[76.7182,8.7234],[76.7145,8.7277],[76.7136,8.7296],[76.7135,8.7308],[76.709,8.7348],[76.709,8.7352],[76.7084,8.7357],[76.7077,8.7375],[76.7078,8.7382],[76.7035,8.7422],[76.7031,8.7433],[76.7031,8.7438],[76.7004,8.7466],[76.6997,8.7468],[76.6992,8.7478],[76.6956,8.7515],[76.6937,8.7556],[76.6899,8.7591],[76.6884,8.7623],[76.6866,8.7638],[76.6827,8.7681],[76.6822,8.7693],[76.6823,8.7713],[76.6808,8.7723],[76.6799,8.7732],[76.6796,8.7748],[76.6723,8.7807],[76.6764,8.7812],[76.6778,8.7879],[76.6795,8.7879],[76.6798,8.7841],[76.6813,8.7797],[76.682,8.7774],[76.6834,8.7753],[76.6865,8.777],[76.6903,8.7772],[76.6904,8.7774],[76.6927,8.7822],[76.6938,8.7843],[76.6941,8.7903],[76.6991,8.7896],[76.7028,8.7901],[76.7041,8.792],[76.7056,8.7912],[76.7073,8.7888],[76.7098,8.7903],[76.7109,8.7932],[76.714,8.7942],[76.7225,8.8008],[76.7255,8.8009],[76.7285,8.7991],[76.7434,8.7948],[76.7483,8.7942],[76.7603,8.7942],[76.7614,8.798],[76.7686,8.797],[76.773,8.8004],[76.7707,8.803],[76.7723,8.8035],[76.7725,8.8064],[76.7738,8.8077],[76.7926,8.808],[76.7935,8.812],[76.7904,8.8164],[76.7856,8.8171],[76.7856,8.8189],[76.7889,8.8208],[76.7924,8.8204],[76.7946,8.8264],[76.7813,8.8412],[76.7784,8.8428],[76.7788,8.8466],[76.7815,8.852],[76.7799,8.8589],[76.785,8.8595],[76.7871,8.8561],[76.7983,8.8541],[76.8015,8.8506],[76.8056,8.8499],[76.8079,8.8543],[76.8127,8.8538],[76.8171,8.8572],[76.8231,8.8536],[76.8277,8.8426],[76.8319,8.8434],[76.8346,8.8428],[76.8434,8.8384],[76.8481,8.8345],[76.8485,8.8268],[76.8516,8.8246],[76.8523,8.8215],[76.855,8.8171],[76.8589,8.8156],[76.861,8.8165],[76.8702,8.8111],[76.8799,8.8086],[76.8833,8.8059],[76.8869,8.8048],[76.8891,8.8081],[76.8921,8.8103],[76.9023,8.8102],[76.9131,8.7991],[76.916,8.7943],[76.92,8.7913],[76.9227,8.7841],[76.9158,8.7782],[76.9319,8.765],[76.935,8.7605],[76.9426,8.7644],[76.9487,8.7691],[76.9524,8.7706],[76.9599,8.7697],[76.97,8.7711],[76.9741,8.7725],[76.9754,8.7781],[76.9778,8.7829],[76.9812,8.7852],[76.9878,8.7846],[76.9961,8.7813],[76.9999,8.7775],[77.0064,8.7702],[77.0214,8.7716],[77.0296,8.7738],[77.0195,8.7885],[77.016,8.7977],[77.0134,8.8083],[77.0171,8.813],[77.0244,8.8152],[77.027,8.8292],[77.0305,8.8332],[77.0345,8.8411],[77.0448,8.8444],[77.0527,8.8443],[77.0822,8.837],[77.0988,8.83],[77.1079,8.8288],[77.111,8.8242],[77.1234,8.8178],[77.1283,8.8122],[77.1353,8.8068],[77.1437,8.8043],[77.1497,8.8012],[77.1546,8.7956],[77.1594,8.7941],[77.1639,8.7902],[77.1748,8.7847],[77.181,8.7794],[77.1885,8.7749],[77.201,8.7695]]]},"properties":{"district_name":"Thiruvananthapuram","raw_district_name":"Thiruvananthapuram","state_code":"KL","state_name":"Kerala","census_code":601,"data_source":"DataMeet India Maps (Census 2011 Boundaries)"}},{"type":"Feature","geometry":{"type":"Polygon","coordinates":[[[76.8392,10.3383],[76.8383,10.3281],[76.8367,10.3204],[76.8321,10.3107],[76.8322,10.3033],[76.8374,10.3019],[76.8425,10.2992],[76.8445,10.2919],[76.8478,10.2898],[76.8512,10.2857],[76.8525,10.2856],[76.8525,10.2895],[76.8532,10.2917],[76.8634,10.291],[76.8705,10.2974],[76.8732,10.2989],[76.8769,10.2982],[76.8747,10.2907],[76.8743,10.2778],[76.875,10.2752],[76.8836,10.2723],[76.8898,10.2645],[76.8974,10.2633],[76.9047,10.2513],[76.8992,10.2535],[76.8959,10.2587],[76.8896,10.2573],[76.8869,10.2608],[76.8829,10.2629],[76.8806,10.2633],[76.8806,10.2669],[76.8794,10.2689],[76.8718,10.2723],[76.8698,10.2698],[76.8675,10.2701],[76.8665,10.2727],[76.8478,10.2811],[76.8458,10.2802],[76.8413,10.2843],[76.8396,10.2841],[76.8367,10.278],[76.8338,10.2765],[76.831,10.2766],[76.8291,10.2798],[76.8203,10.2834],[76.8131,10.2851],[76.8066,10.2856],[76.8003,10.2775],[76.7976,10.2774],[76.7956,10.2802],[76.7908,10.2779],[76.7828,10.2771],[76.777,10.2773],[76.7765,10.2719],[76.7712,10.2704],[76.7663,10.2706],[76.7615,10.2697],[76.7539,10.2747],[76.7503,10.278],[76.7451,10.2751],[76.7378,10.2744],[76.7303,10.272],[76.709,10.2699],[76.7059,10.2678],[76.6994,10.2655],[76.6892,10.2672],[76.6824,10.2698],[76.6701,10.2718],[76.6638,10.2787],[76.6587,10.2806],[76.6466,10.2811],[76.6438,10.2764],[76.6394,10.2746],[76.6332,10.2738],[76.6259,10.2738],[76.6228,10.2747],[76.6187,10.2797],[76.6043,10.2819],[76.5961,10.2874],[76.5931,10.2902],[76.5916,10.2923],[76.5907,10.2984],[76.5859,10.2986],[76.5792,10.3018],[76.5706,10.2965],[76.5675,10.2932],[76.5733,10.2832],[76.5635,10.2843],[76.557,10.2824],[76.5534,10.2828],[76.5465,10.2868],[76.5416,10.2882],[76.5266,10.2854],[76.5182,10.2864],[76.5042,10.2867],[76.5004,10.2876],[76.4973,10.2893],[76.4948,10.2917],[76.4742,10.2917],[76.4618,10.2962],[76.4506,10.296],[76.4412,10.2931],[76.4364,10.2923],[76.4322,10.2902],[76.4176,10.2956],[76.416,10.2947],[76.4169,10.2915],[76.4169,10.2881],[76.4134,10.2873],[76.4138,10.2825],[76.413,10.2786],[76.4054,10.2775],[76.4028,10.2763],[76.4001,10.2727],[76.3971,10.2667],[76.3916,10.263],[76.3903,10.2603],[76.3909,10.2557],[76.3866,10.2536],[76.381,10.2539],[76.3793,10.2514],[76.379,10.2452],[76.3755,10.2416],[76.3726,10.2398],[76.344,10.2325],[76.341,10.2303],[76.3395,10.2265],[76.3376,10.2148],[76.3353,10.2115],[76.3305,10.2084],[76.3133,10.2053],[76.3118,10.2018],[76.3134,10.1943],[76.3134,10.1869],[76.3147,10.1805],[76.3067,10.1846],[76.3032,10.1834],[76.2979,10.1776],[76.2918,10.1772],[76.2765,10.174],[76.2754,10.1791],[76.2693,10.1873],[76.2633,10.1883],[76.2616,10.1948],[76.2643,10.196],[76.2648,10.1984],[76.2614,10.1999],[76.2535,10.2009],[76.2499,10.1997],[76.2408,10.2038],[76.2367,10.2023],[76.2284,10.2035],[76.2216,10.2066],[76.2193,10.2034],[76.2168,10.2014],[76.2144,10.201],[76.2127,10.1967],[76.2129,10.196],[76.2135,10.1943],[76.1926,10.1918],[76.1917,10.1917],[76.1811,10.1896],[76.1787,10.1885],[76.1689,10.1839],[76.1669,10.1893],[76.1622,10.1911],[76.1617,10.1922],[76.1606,10.1931],[76.1572,10.1959],[76.1559,10.1989],[76.155,10.1994],[76.1474,10.2188],[76.1469,10.2191],[76.1464,10.2193],[76.1424,10.2291],[76.1418,10.2297],[76.1415,10.2303],[76.1405,10.2324],[76.1399,10.2329],[76.139,10.2385],[76.1391,10.2404],[76.14,10.2424],[76.1409,10.25],[76.14,10.2559],[76.1395,10.2578],[76.1343,10.263],[76.134,10.2638],[76.1337,10.2641],[76.1326,10.2687],[76.1317,10.2707],[76.1315,10.2716],[76.1294,10.2841],[76.1289,10.2852],[76.1281,10.2862],[76.127,10.2917],[76.1208,10.3151],[76.1102,10.3431],[76.1101,10.3434],[76.1068,10.3543],[76.1048,10.3643],[76.1044,10.3655],[76.1026,10.3711],[76.0988,10.3824],[76.0982,10.384],[76.0949,10.3922],[76.0944,10.3924],[76.0938,10.3938],[76.0933,10.3941],[76.0916,10.3982],[76.0912,10.3984],[76.0907,10.3987],[76.0904,10.4002],[76.0899,10.4005],[76.0866,10.4085],[76.0862,10.4088],[76.0832,10.4163],[76.0828,10.4166],[76.0819,10.4191],[76.0815,10.4193],[76.0811,10.4207],[76.0806,10.4209],[76.0801,10.4211],[76.0755,10.4333],[76.0745,10.4344],[76.0736,10.4353],[76.073,10.4372],[76.0716,10.4412],[76.0667,10.4553],[76.0661,10.456],[76.0638,10.4624],[76.0632,10.463],[76.063,10.4635],[76.0624,10.4651],[76.0604,10.4668],[76.0576,10.4718],[76.0545,10.4747],[76.0517,10.4776],[76.0495,10.4805],[76.0481,10.4828],[76.0469,10.4848],[76.0462,10.4856],[76.0455,10.4871],[76.0442,10.4912],[76.043,10.4944],[76.0433,10.4961],[76.0451,10.4954],[76.0466,10.4935],[76.0491,10.49],[76.051,10.4862],[76.0535,10.4824],[76.0552,10.4807],[76.0585,10.4796],[76.0591,10.4811],[76.0584,10.4831],[76.0574,10.4863],[76.056,10.4893],[76.0555,10.4906],[76.0536,10.4928],[76.0533,10.4932],[76.0523,10.4948],[76.0521,10.4957],[76.0499,10.499],[76.0492,10.4995],[76.0481,10.5022],[76.0477,10.5024],[76.0475,10.5034],[76.0466,10.5041],[76.0463,10.5047],[76.0446,10.507],[76.0443,10.5094],[76.0438,10.5105],[76.043,10.5114],[76.0403,10.5188],[76.0402,10.5219],[76.0416,10.5248],[76.0543,10.527],[76.055,10.5267],[76.0576,10.5232],[76.0586,10.522],[76.0643,10.5148],[76.0687,10.5095],[76.0679,10.5128],[76.0649,10.5197],[76.0627,10.5253],[76.0616,10.5272],[76.0621,10.5288],[76.0649,10.5289],[76.0655,10.529],[76.0663,10.5291],[76.067,10.5298],[76.0668,10.5323],[76.0664,10.5325],[76.0657,10.5344],[76.0657,10.5353],[76.0622,10.5381],[76.0574,10.5396],[76.0556,10.5392],[76.054,10.5403],[76.0531,10.541],[76.0528,10.5418],[76.0514,10.5459],[76.0487,10.5491],[76.0482,10.5509],[76.0471,10.5566],[76.0472,10.558],[76.0485,10.5589],[76.0498,10.5599],[76.0499,10.5606],[76.0498,10.5615],[76.0482,10.5659],[76.0477,10.5672],[76.0466,10.5675],[76.0438,10.5669],[76.0432,10.5667],[76.0414,10.5656],[76.0395,10.5625],[76.0379,10.5614],[76.0376,10.5578],[76.0379,10.5569],[76.0384,10.5565],[76.0396,10.5526],[76.0405,10.552],[76.0418,10.5484],[76.0424,10.5478],[76.0431,10.5459],[76.0448,10.5424],[76.0453,10.5421],[76.0459,10.5406],[76.0482,10.5362],[76.0483,10.533],[76.0476,10.5324],[76.0384,10.5301],[76.036,10.529],[76.0355,10.5285],[76.0351,10.5268],[76.0352,10.5237],[76.0351,10.5225],[76.035,10.5214],[76.0349,10.5191],[76.0388,10.5068],[76.0386,10.5054],[76.0372,10.5043],[76.034,10.506],[76.0329,10.5067],[76.0315,10.5106],[76.028,10.5229],[76.0256,10.5316],[76.0224,10.5399],[76.0216,10.5411],[76.0177,10.5514],[76.0106,10.572],[76.0094,10.5741],[76.0085,10.5749],[76.0055,10.5827],[76.0051,10.5829],[76.0046,10.5831],[76.0031,10.5875],[76.0007,10.5898],[75.9965,10.5991],[75.9959,10.5997],[75.9957,10.6006],[75.9946,10.602],[75.9935,10.6029],[75.9929,10.6045],[75.9911,10.6075],[75.9907,10.6077],[75.9819,10.6294],[75.9813,10.63],[75.9799,10.6343],[75.9794,10.6346],[75.9783,10.6377],[75.9764,10.6426],[75.976,10.6428],[75.9688,10.66],[75.9679,10.6627],[75.9675,10.663],[75.9654,10.6685],[75.9649,10.6687],[75.9644,10.6689],[75.9608,10.6776],[75.9597,10.6786],[75.9595,10.6795],[75.9568,10.6825],[75.9559,10.6832],[75.9549,10.6861],[75.9548,10.6862],[75.9611,10.6865],[75.9629,10.6892],[75.9672,10.6907],[75.9697,10.6931],[75.9725,10.6938],[75.9739,10.6917],[75.9803,10.6917],[75.9807,10.6865],[75.9834,10.6858],[75.9841,10.6929],[75.9935,10.694],[75.9951,10.6958],[75.9958,10.6933],[76,10.6932],[76.0037,10.6912],[76.0047,10.6886],[76.0104,10.6868],[76.0182,10.6929],[76.0247,10.6957],[76.0347,10.6982],[76.0396,10.7046],[76.0418,10.7029],[76.0468,10.7024],[76.0496,10.7044],[76.0509,10.7025],[76.0533,10.7036],[76.0556,10.7128],[76.0607,10.7164],[76.0633,10.7201],[76.0687,10.7218],[76.0684,10.7252],[76.0701,10.7272],[76.0804,10.7252],[76.0988,10.7241],[76.1044,10.7224],[76.1096,10.7199],[76.1187,10.7124],[76.1252,10.7097],[76.1283,10.7124],[76.1321,10.72],[76.1382,10.7164],[76.1451,10.7167],[76.1531,10.7108],[76.1547,10.7151],[76.1566,10.7144],[76.1592,10.7076],[76.1634,10.7045],[76.1661,10.7083],[76.1707,10.7121],[76.1716,10.7181],[76.1801,10.7273],[76.1811,10.7332],[76.1875,10.7381],[76.1896,10.7421],[76.191,10.7478],[76.1963,10.7519],[76.2031,10.7533],[76.2041,10.7679],[76.1898,10.7809],[76.192,10.7834],[76.1956,10.7823],[76.2004,10.7821],[76.2088,10.7786],[76.2128,10.7781],[76.2177,10.7797],[76.2208,10.7817],[76.2237,10.781],[76.2293,10.7766],[76.2328,10.7728],[76.2424,10.7724],[76.2453,10.7679],[76.2453,10.7517],[76.2472,10.7487],[76.252,10.7471],[76.2615,10.7507],[76.2682,10.7546],[76.2804,10.7544],[76.2882,10.7569],[76.2977,10.7548],[76.3187,10.7459],[76.3255,10.7445],[76.336,10.7475],[76.34,10.748],[76.3517,10.7446],[76.3566,10.744],[76.3589,10.7465],[76.3614,10.7582],[76.3652,10.7635],[76.3791,10.7682],[76.3835,10.7685],[76.386,10.7669],[76.3881,10.7641],[76.3888,10.7606],[76.393,10.7516],[76.3961,10.7476],[76.4033,10.7454],[76.4102,10.7476],[76.4198,10.7476],[76.4298,10.7486],[76.4406,10.7481],[76.4507,10.7491],[76.4623,10.7516],[76.4709,10.7514],[76.4752,10.7477],[76.4704,10.7418],[76.4712,10.7397],[76.4767,10.7373],[76.48,10.7323],[76.4778,10.7278],[76.4696,10.7229],[76.4673,10.7195],[76.4632,10.7046],[76.4595,10.6984],[76.4552,10.6986],[76.451,10.7],[76.4448,10.6964],[76.4455,10.6925],[76.4525,10.6769],[76.4538,10.6678],[76.4527,10.6592],[76.4432,10.6631],[76.4415,10.6579],[76.438,10.6548],[76.4375,10.6504],[76.4303,10.6502],[76.4256,10.6471],[76.4258,10.6427],[76.42,10.6282],[76.4221,10.626],[76.4272,10.6257],[76.4277,10.6197],[76.4302,10.6152],[76.4258,10.6072],[76.4224,10.6048],[76.4168,10.6038],[76.4155,10.6018],[76.4174,10.599],[76.4159,10.5953],[76.411,10.5956],[76.4057,10.5985],[76.4041,10.594],[76.4055,10.5876],[76.4116,10.5782],[76.4124,10.5725],[76.4164,10.5762],[76.4188,10.5756],[76.4232,10.576],[76.4245,10.5717],[76.428,10.5711],[76.4294,10.5632],[76.433,10.5608],[76.4331,10.5557],[76.4356,10.5546],[76.4405,10.5542],[76.4344,10.5374],[76.435,10.532],[76.4428,10.5259],[76.446,10.5212],[76.452,10.5206],[76.4547,10.5182],[76.4616,10.5097],[76.4637,10.506],[76.4694,10.5014],[76.4688,10.4962],[76.4722,10.4942],[76.4772,10.4868],[76.4804,10.4843],[76.4871,10.4844],[76.4927,10.4791],[76.5051,10.4751],[76.5088,10.4726],[76.5145,10.4713],[76.525,10.4664],[76.5291,10.4632],[76.5361,10.4505],[76.5392,10.4479],[76.555,10.445],[76.5582,10.4434],[76.5589,10.4337],[76.5609,10.4318],[76.5659,10.4354],[76.5705,10.4364],[76.58,10.4366],[76.5864,10.4354],[76.5932,10.4296],[76.5977,10.4222],[76.6012,10.4193],[76.6066,10.406],[76.608,10.4004],[76.6184,10.3877],[76.6218,10.3814],[76.6258,10.3792],[76.6291,10.3811],[76.631,10.3807],[76.6307,10.3758],[76.6334,10.3752],[76.6373,10.3789],[76.6432,10.3802],[76.6462,10.3819],[76.6571,10.3771],[76.6591,10.3808],[76.6595,10.3851],[76.6625,10.3837],[76.6742,10.3709],[76.6849,10.3675],[76.6867,10.3631],[76.6895,10.3623],[76.6977,10.3624],[76.7049,10.3638],[76.7068,10.3667],[76.7079,10.3711],[76.7141,10.3733],[76.721,10.3736],[76.7274,10.3723],[76.7422,10.3668],[76.7475,10.3663],[76.7576,10.3614],[76.7621,10.3613],[76.766,10.3626],[76.767,10.3614],[76.7667,10.3583],[76.763,10.3508],[76.7604,10.3485],[76.7542,10.3469],[76.755,10.3429],[76.7532,10.3389],[76.7552,10.3364],[76.7631,10.3369],[76.7678,10.3351],[76.7726,10.3347],[76.7765,10.3369],[76.7777,10.3413],[76.7827,10.3404],[76.7877,10.3371],[76.7925,10.3366],[76.8059,10.3381],[76.8078,10.3404],[76.8093,10.3451],[76.8186,10.348],[76.8268,10.3401],[76.8316,10.3367],[76.8352,10.3367],[76.8392,10.3383]]]},"properties":{"district_name":"Thrissur","raw_district_name":"Thrissur","state_code":"KL","state_name":"Kerala","census_code":594,"data_source":"DataMeet India Maps (Census 2011 Boundaries)"}},{"type":"Feature","geometry":{"type":"Polygon","coordinates":[[[76.4153,11.7603],[76.4185,11.7534],[76.4143,11.7476],[76.4133,11.7403],[76.4197,11.7413],[76.425,11.7329],[76.4267,11.7285],[76.4267,11.7241],[76.4257,11.7206],[76.4188,11.7169],[76.4164,11.7111],[76.414,11.7106],[76.4108,11.7137],[76.4041,11.708],[76.4107,11.7064],[76.41,11.6901],[76.4152,11.6765],[76.4181,11.6716],[76.4255,11.6704],[76.4314,11.6663],[76.4356,11.6545],[76.4378,11.6521],[76.4426,11.6486],[76.4436,11.6447],[76.4422,11.6406],[76.4387,11.6367],[76.4339,11.6361],[76.4328,11.6303],[76.4293,11.6321],[76.4041,11.6323],[76.3879,11.6294],[76.3846,11.6217],[76.3847,11.6116],[76.3789,11.6076],[76.3786,11.6004],[76.3732,11.5986],[76.3579,11.5896],[76.3481,11.5874],[76.3433,11.5852],[76.3412,11.5875],[76.3411,11.592],[76.3363,11.5954],[76.3188,11.5843],[76.3169,11.5764],[76.3128,11.5772],[76.3055,11.5711],[76.3014,11.5718],[76.3008,11.5785],[76.2982,11.5873],[76.2934,11.5897],[76.2855,11.5903],[76.2835,11.5967],[76.2784,11.5996],[76.2742,11.596],[76.2671,11.5936],[76.2331,11.5711],[76.2343,11.5663],[76.2419,11.5531],[76.2458,11.54],[76.25,11.5355],[76.2505,11.5309],[76.2471,11.5276],[76.2407,11.5254],[76.2325,11.5246],[76.2277,11.519],[76.2236,11.5122],[76.2019,11.5065],[76.19,11.4953],[76.1828,11.4821],[76.1864,11.4762],[76.1843,11.4711],[76.1757,11.4671],[76.1692,11.4654],[76.1653,11.4587],[76.1426,11.4492],[76.1348,11.4555],[76.129,11.4638],[76.1213,11.4716],[76.1127,11.4746],[76.1049,11.48],[76.0954,11.4817],[76.0904,11.4884],[76.0952,11.4929],[76.0914,11.4978],[76.0904,11.5054],[76.0775,11.5201],[76.0749,11.52],[76.0635,11.5076],[76.0584,11.5087],[76.0533,11.5026],[76.0484,11.505],[76.0449,11.5042],[76.0419,11.5012],[76.0337,11.5082],[76.0237,11.5127],[76.0173,11.5146],[76.0082,11.5217],[75.9999,11.5264],[75.9906,11.5329],[75.9871,11.5367],[75.9801,11.5407],[75.9747,11.5463],[75.9707,11.5484],[75.9683,11.5505],[75.9586,11.5611],[75.9591,11.5663],[75.9577,11.5717],[75.9573,11.5794],[75.9517,11.5814],[75.9463,11.5822],[75.9406,11.5854],[75.9381,11.5879],[75.9268,11.5903],[75.9177,11.596],[75.9081,11.6026],[75.906,11.6052],[75.9049,11.614],[75.8978,11.6193],[75.8983,11.6259],[75.9001,11.6296],[75.9002,11.6427],[75.9022,11.6472],[75.9039,11.6594],[75.9041,11.6661],[75.9021,11.6768],[75.9063,11.6795],[75.9091,11.6826],[75.9147,11.6857],[75.9162,11.6879],[75.9067,11.693],[75.904,11.696],[75.8964,11.6986],[75.886,11.6974],[75.879,11.6983],[75.8767,11.7007],[75.8699,11.6995],[75.8587,11.7009],[75.8508,11.6994],[75.8498,11.7026],[75.8456,11.7051],[75.8457,11.7085],[75.8446,11.7122],[75.836,11.7172],[75.8302,11.7229],[75.8248,11.7242],[75.821,11.7322],[75.8182,11.7348],[75.8082,11.7406],[75.8028,11.7424],[75.7956,11.7422],[75.7988,11.7478],[75.7887,11.7555],[75.7854,11.7589],[75.7857,11.7615],[75.7892,11.7649],[75.7902,11.774],[75.794,11.7801],[75.7926,11.789],[75.7885,11.7928],[75.7772,11.7977],[75.78,11.8044],[75.7828,11.8079],[75.7878,11.8109],[75.7925,11.8117],[75.7968,11.8143],[75.7982,11.8187],[75.7982,11.8235],[75.7968,11.8285],[75.7926,11.8316],[75.7899,11.8354],[75.7908,11.8407],[75.7923,11.8455],[75.8004,11.8458],[75.8033,11.8476],[75.8047,11.8508],[75.8076,11.8545],[75.817,11.855],[75.8246,11.8505],[75.8297,11.8495],[75.834,11.8496],[75.8416,11.8542],[75.8449,11.8541],[75.8476,11.8509],[75.8504,11.8489],[75.8563,11.8469],[75.86,11.847],[75.8639,11.8486],[75.8676,11.8456],[75.8757,11.8466],[75.8807,11.8435],[75.8839,11.843],[75.8876,11.8441],[75.892,11.8418],[75.896,11.8423],[75.9012,11.8408],[75.914,11.8438],[75.9177,11.8433],[75.9211,11.845],[75.9235,11.843],[75.9246,11.8395],[75.9269,11.8398],[75.9286,11.8431],[75.928,11.8516],[75.9306,11.8606],[75.9189,11.8678],[75.9135,11.8728],[75.9292,11.8795],[75.9357,11.8877],[75.9371,11.8937],[75.9366,11.9015],[75.9345,11.9096],[75.9249,11.9207],[75.9254,11.9266],[75.9306,11.9388],[75.9366,11.9371],[75.9426,11.9388],[75.9539,11.9399],[75.9604,11.9375],[75.9644,11.9347],[75.9735,11.933],[75.9782,11.9336],[75.9819,11.931],[75.9855,11.9307],[75.989,11.9315],[76.0002,11.9294],[76.0039,11.9297],[76.0097,11.9381],[76.0197,11.9394],[76.0242,11.9412],[76.0288,11.9408],[76.0354,11.9389],[76.0444,11.9452],[76.0478,11.9495],[76.0536,11.9507],[76.0727,11.9645],[76.0788,11.9675],[76.087,11.9669],[76.0973,11.9679],[76.114,11.9769],[76.1148,11.9344],[76.1137,11.8827],[76.115,11.8769],[76.1156,11.8649],[76.1144,11.8575],[76.1229,11.8494],[76.1268,11.8506],[76.132,11.8511],[76.1454,11.8635],[76.1559,11.8674],[76.1691,11.8665],[76.1802,11.8689],[76.1906,11.8702],[76.2027,11.862],[76.2076,11.8606],[76.2101,11.8556],[76.2118,11.8452],[76.2139,11.8383],[76.2123,11.8261],[76.2188,11.8208],[76.2211,11.8108],[76.2254,11.8066],[76.239,11.8031],[76.2513,11.8019],[76.2601,11.8064],[76.2725,11.8071],[76.2791,11.8102],[76.2821,11.8074],[76.2908,11.7916],[76.3019,11.7848],[76.3072,11.7829],[76.3103,11.7763],[76.3178,11.7506],[76.3249,11.7472],[76.3317,11.7455],[76.3424,11.7374],[76.3484,11.7379],[76.3537,11.7373],[76.3586,11.7413],[76.3635,11.7468],[76.3799,11.7431],[76.3914,11.7519],[76.3983,11.7498],[76.4121,11.7568],[76.4153,11.7603],[76.4153,11.7603]]]},"properties":{"district_name":"Wayanad","raw_district_name":"Wayanad","state_code":"KL","state_name":"Kerala","census_code":590,"data_source":"DataMeet India Maps (Census 2011 Boundaries)"}}]}