{"type":"FeatureCollection","properties":{"state_code":"PB","state_name":"Punjab","data_source":"DataMeet India Maps"},"features":[{"type":"Feature","geometry":{"type":"Polygon","coordinates":[[[74.8936,32.0533],[74.9116,32.0508],[74.9123,32.051],[74.9129,32.0506],[74.9208,32.0452],[74.924,32.0414],[74.9302,32.027],[74.9314,32.0198],[74.9346,32.0178],[74.9364,32.0153],[74.9366,32.0132],[74.9331,32.0123],[74.9316,32.0098],[74.9377,32.0085],[74.9354,32.0049],[74.9323,32.0056],[74.9279,32.0002],[74.9181,31.9861],[74.9153,31.9773],[74.925,31.9736],[74.9301,31.9675],[74.9379,31.9635],[74.9496,31.9651],[74.9481,31.9717],[74.9614,31.9734],[74.9742,31.9768],[74.9726,31.9683],[74.9733,31.9617],[74.9584,31.9548],[74.939,31.9478],[74.9407,31.9432],[74.9332,31.9421],[74.9294,31.9408],[74.9213,31.9442],[74.91,31.94],[74.9016,31.9339],[74.8954,31.9359],[74.8886,31.9329],[74.9053,31.9048],[74.9062,31.8972],[74.9113,31.8953],[74.9197,31.8945],[74.9178,31.8823],[74.9269,31.8778],[74.938,31.8695],[74.9421,31.873],[74.9465,31.8719],[74.9451,31.8657],[74.9453,31.8612],[74.9536,31.8592],[74.9637,31.8547],[74.9674,31.8462],[74.9672,31.8414],[74.9688,31.8343],[74.9835,31.8338],[74.9939,31.828],[74.9985,31.8269],[75.009,31.8247],[75.0125,31.8177],[75.0258,31.8232],[75.027,31.8176],[75.0256,31.8139],[75.0302,31.8105],[75.0345,31.8109],[75.0389,31.8042],[75.0457,31.8029],[75.0556,31.808],[75.0768,31.8061],[75.0807,31.8008],[75.0833,31.795],[75.0869,31.7909],[75.0944,31.7902],[75.103,31.7834],[75.113,31.78],[75.1143,31.7743],[75.1103,31.7686],[75.1062,31.7663],[75.1002,31.7673],[75.0985,31.7605],[75.1057,31.7558],[75.1112,31.7543],[75.1175,31.7504],[75.1199,31.7578],[75.1265,31.7534],[75.1339,31.753],[75.1375,31.7542],[75.1414,31.7574],[75.1449,31.7582],[75.1464,31.7542],[75.1514,31.7486],[75.1647,31.7455],[75.1692,31.7477],[75.1758,31.748],[75.181,31.7405],[75.186,31.7423],[75.1907,31.7412],[75.1889,31.7359],[75.1931,31.7347],[75.2029,31.7278],[75.203,31.7221],[75.1988,31.7182],[75.1935,31.7172],[75.1938,31.7123],[75.203,31.7076],[75.2126,31.7054],[75.2171,31.7009],[75.2141,31.6954],[75.2246,31.6927],[75.2268,31.6855],[75.2361,31.6865],[75.2407,31.6831],[75.2425,31.6898],[75.2483,31.6874],[75.2515,31.6931],[75.2602,31.6944],[75.2654,31.6935],[75.2745,31.6952],[75.2821,31.6991],[75.2854,31.6977],[75.2864,31.695],[75.2845,31.6815],[75.2878,31.677],[75.2915,31.6813],[75.2986,31.6796],[75.3003,31.6759],[75.3084,31.6765],[75.3126,31.6686],[75.309,31.6616],[75.3037,31.6591],[75.3009,31.6518],[75.3093,31.6485],[75.3216,31.641],[75.3284,31.6352],[75.3338,31.6397],[75.3378,31.6408],[75.3433,31.6364],[75.3479,31.6348],[75.3507,31.6313],[75.3618,31.6263],[75.3703,31.6236],[75.3749,31.6238],[75.3781,31.6188],[75.3852,31.614],[75.3912,31.6063],[75.3934,31.602],[75.4049,31.5944],[75.401,31.5888],[75.3987,31.5819],[75.3947,31.5813],[75.3885,31.5822],[75.3808,31.5813],[75.3757,31.5797],[75.3451,31.5567],[75.3418,31.5573],[75.3361,31.5519],[75.3191,31.5394],[75.3203,31.5348],[75.3186,31.5324],[75.3195,31.5289],[75.2984,31.5031],[75.2857,31.4831],[75.2839,31.4825],[75.2838,31.4825],[75.2797,31.4831],[75.2797,31.4831],[75.272,31.489],[75.2637,31.4942],[75.2581,31.4947],[75.2559,31.498],[75.2519,31.5019],[75.2358,31.4929],[75.2295,31.491],[75.2107,31.4967],[75.2083,31.4983],[75.2057,31.5034],[75.1991,31.4998],[75.1864,31.5058],[75.1844,31.5098],[75.1879,31.51],[75.1923,31.5194],[75.1875,31.5222],[75.1814,31.5287],[75.1698,31.5237],[75.1695,31.5193],[75.163,31.5118],[75.1534,31.5071],[75.1464,31.5059],[75.1393,31.5061],[75.1348,31.5051],[75.1301,31.5],[75.1238,31.495],[75.1134,31.5108],[75.1078,31.5222],[75.0852,31.519],[75.0749,31.5256],[75.0763,31.5317],[75.0701,31.5315],[75.0651,31.5383],[75.057,31.543],[75.048,31.5436],[75.043,31.5415],[75.0405,31.5345],[75.0356,31.5301],[75.0334,31.5262],[75.0272,31.5249],[75.0271,31.5266],[75.0232,31.5273],[75.0215,31.5263],[75.0223,31.5241],[75.0179,31.5222],[75.0137,31.5261],[75.0082,31.5262],[75.0063,31.5232],[75.0071,31.5191],[74.9985,31.5186],[74.9956,31.5145],[74.9973,31.511],[74.9918,31.5086],[74.9877,31.5117],[74.9881,31.5163],[74.9875,31.5203],[74.9902,31.5233],[74.9862,31.5253],[74.9879,31.528],[74.981,31.5292],[74.9786,31.5229],[74.9783,31.5151],[74.9639,31.5165],[74.9617,31.5118],[74.9603,31.5056],[74.952,31.4982],[74.9499,31.5033],[74.9425,31.5069],[74.9401,31.5138],[74.9413,31.5222],[74.9301,31.5266],[74.9206,31.5285],[74.9129,31.5272],[74.9041,31.5245],[74.898,31.5288],[74.8978,31.5365],[74.9014,31.5413],[74.8959,31.547],[74.8957,31.5537],[74.8881,31.5523],[74.8814,31.5455],[74.8796,31.5381],[74.8742,31.5378],[74.8677,31.5403],[74.864,31.5344],[74.8443,31.5302],[74.8428,31.5344],[74.8368,31.5369],[74.8323,31.54],[74.8249,31.5361],[74.8223,31.541],[74.8161,31.5495],[74.817,31.5586],[74.8059,31.5576],[74.7992,31.5647],[74.7989,31.5701],[74.7928,31.5704],[74.7843,31.5624],[74.7775,31.5644],[74.7732,31.5583],[74.7645,31.5615],[74.7546,31.5641],[74.7491,31.5596],[74.739,31.565],[74.739,31.5651],[74.7354,31.5649],[74.7316,31.5636],[74.7266,31.5604],[74.7208,31.5555],[74.7148,31.5469],[74.7141,31.5419],[74.7118,31.5369],[74.7085,31.5339],[74.7043,31.5331],[74.6995,31.5319],[74.6974,31.5298],[74.6908,31.5255],[74.6872,31.5241],[74.6785,31.5246],[74.675,31.525],[74.6722,31.5268],[74.6703,31.5289],[74.6697,31.5301],[74.6665,31.5321],[74.662,31.5344],[74.6573,31.5343],[74.6515,31.5337],[74.6483,31.5302],[74.6447,31.5251],[74.6404,31.5197],[74.6355,31.5158],[74.6307,31.5131],[74.6277,31.5108],[74.6237,31.5066],[74.6161,31.5019],[74.6132,31.498],[74.6131,31.4979],[74.6103,31.4994],[74.61,31.5001],[74.608,31.5016],[74.606,31.5013],[74.6031,31.4998],[74.6012,31.5],[74.5991,31.5002],[74.5954,31.4998],[74.5925,31.497],[74.588,31.498],[74.5791,31.5023],[74.5787,31.5031],[74.5788,31.5043],[74.5806,31.5046],[74.5815,31.5047],[74.5846,31.5067],[74.5854,31.5072],[74.5863,31.5106],[74.5862,31.5113],[74.5854,31.5117],[74.5843,31.5129],[74.5843,31.5174],[74.5859,31.521],[74.5876,31.5221],[74.5878,31.5226],[74.5923,31.5252],[74.5954,31.5262],[74.6012,31.5266],[74.6064,31.5269],[74.612,31.5289],[74.6141,31.531],[74.6157,31.5346],[74.6168,31.5355],[74.6173,31.5373],[74.6178,31.5416],[74.6187,31.5431],[74.6188,31.5463],[74.6188,31.547],[74.6181,31.5477],[74.6176,31.5479],[74.6177,31.5488],[74.6179,31.5517],[74.62,31.5554],[74.6203,31.5581],[74.6171,31.5596],[74.6133,31.5612],[74.6132,31.5643],[74.6188,31.565],[74.6205,31.5666],[74.619,31.5705],[74.616,31.5713],[74.6123,31.5709],[74.6061,31.5741],[74.6011,31.5763],[74.5972,31.5772],[74.5935,31.5791],[74.5911,31.5851],[74.5897,31.5863],[74.5879,31.587],[74.585,31.5879],[74.5848,31.5886],[74.5832,31.589],[74.5827,31.5897],[74.58,31.5982],[74.5808,31.6041],[74.5802,31.6044],[74.5797,31.605],[74.5776,31.6066],[74.5634,31.6089],[74.5578,31.6116],[74.5568,31.6129],[74.5541,31.6183],[74.5538,31.6208],[74.5539,31.6301],[74.5535,31.631],[74.5515,31.6326],[74.5488,31.6355],[74.5486,31.6376],[74.5479,31.6431],[74.5479,31.6431],[74.5479,31.6434],[74.5472,31.6455],[74.5425,31.6479],[74.5421,31.6488],[74.5424,31.657],[74.5416,31.6595],[74.5411,31.6597],[74.5411,31.6604],[74.5406,31.6606],[74.5342,31.6651],[74.5336,31.6665],[74.5332,31.6707],[74.5362,31.6744],[74.5368,31.6759],[74.5367,31.6796],[74.5361,31.6809],[74.5331,31.6827],[74.533,31.6834],[74.5322,31.6839],[74.5322,31.6845],[74.531,31.6865],[74.5292,31.688],[74.5282,31.689],[74.5269,31.6897],[74.521,31.6911],[74.5173,31.6931],[74.517,31.6944],[74.5144,31.6963],[74.5088,31.6981],[74.5072,31.6992],[74.5057,31.7044],[74.5028,31.7066],[74.5028,31.7075],[74.497,31.7123],[74.4943,31.7145],[74.4898,31.717],[74.4883,31.7181],[74.486,31.7224],[74.489,31.7236],[74.4927,31.7267],[74.5007,31.7293],[74.5013,31.7295],[74.5029,31.7304],[74.5035,31.731],[74.5054,31.739],[74.5067,31.7416],[74.5086,31.7425],[74.5119,31.743],[74.518,31.741],[74.5188,31.7413],[74.5204,31.742],[74.5216,31.7425],[74.5249,31.7444],[74.5423,31.7516],[74.5499,31.753],[74.5554,31.7526],[74.5588,31.7523],[74.5644,31.7544],[74.5652,31.755],[74.5656,31.7562],[74.5655,31.7593],[74.5628,31.7611],[74.5609,31.7652],[74.5583,31.7672],[74.5575,31.7783],[74.5578,31.7797],[74.5606,31.7862],[74.568,31.7921],[74.5684,31.7934],[74.5683,31.7964],[74.567,31.7973],[74.563,31.7984],[74.5629,31.8002],[74.563,31.8009],[74.5712,31.8097],[74.5738,31.8172],[74.5732,31.8206],[74.5698,31.8235],[74.5694,31.8244],[74.5693,31.8296],[74.5699,31.8307],[74.5783,31.8343],[74.5862,31.8436],[74.5941,31.8454],[74.5943,31.8467],[74.5948,31.8471],[74.596,31.8569],[74.597,31.8587],[74.5992,31.8607],[74.6097,31.8667],[74.61,31.8694],[74.6096,31.8791],[74.6101,31.8811],[74.6118,31.8854],[74.6128,31.887],[74.614,31.8879],[74.6162,31.8884],[74.6176,31.8872],[74.6181,31.8859],[74.6255,31.8831],[74.629,31.8827],[74.6363,31.8832],[74.6403,31.8847],[74.6435,31.8872],[74.6447,31.8888],[74.6475,31.8915],[74.6493,31.8963],[74.6517,31.8985],[74.6527,31.8987],[74.658,31.8987],[74.6609,31.8976],[74.6622,31.8981],[74.6646,31.8999],[74.6654,31.9026],[74.6651,31.9064],[74.6654,31.911],[74.6658,31.9116],[74.6702,31.9132],[74.6728,31.9152],[74.6737,31.92],[74.6757,31.9204],[74.6805,31.9186],[74.6818,31.9184],[74.6831,31.9186],[74.684,31.9197],[74.6844,31.9204],[74.6879,31.9227],[74.69,31.9234],[74.6986,31.9248],[74.7011,31.9246],[74.7035,31.9243],[74.7069,31.9227],[74.7082,31.9218],[74.709,31.9204],[74.7099,31.9191],[74.7109,31.9186],[74.7149,31.9179],[74.7231,31.9211],[74.7236,31.9215],[74.7232,31.9265],[74.7208,31.9293],[74.7202,31.9306],[74.7202,31.934],[74.7215,31.9371],[74.7226,31.938],[74.7268,31.9394],[74.7312,31.9399],[74.7339,31.9396],[74.7352,31.9396],[74.7389,31.9445],[74.7433,31.9423],[74.7478,31.9383],[74.7536,31.9401],[74.7597,31.9432],[74.7598,31.9472],[74.7592,31.9508],[74.7599,31.9534],[74.7617,31.9539],[74.7641,31.9517],[74.7657,31.9491],[74.7691,31.9486],[74.7735,31.9477],[74.7769,31.9498],[74.7786,31.9512],[74.7792,31.9517],[74.78,31.9522],[74.7826,31.9533],[74.7977,31.957],[74.8023,31.9587],[74.8077,31.9608],[74.8154,31.9632],[74.8168,31.9621],[74.817,31.959],[74.8203,31.9569],[74.8208,31.9554],[74.8232,31.9566],[74.8244,31.9576],[74.8262,31.9636],[74.8292,31.9732],[74.834,31.9779],[74.834,31.9795],[74.8342,31.9858],[74.8319,31.9953],[74.8325,31.9989],[74.8332,31.9994],[74.8343,31.9994],[74.8346,32.0016],[74.8356,32.0023],[74.8419,32.0066],[74.8526,32.0084],[74.8583,32.0097],[74.8592,32.0102],[74.8599,32.0106],[74.8603,32.0122],[74.8597,32.0147],[74.8549,32.0188],[74.8544,32.0197],[74.8545,32.0217],[74.8666,32.0233],[74.8692,32.0246],[74.8707,32.0273],[74.8737,32.028],[74.8748,32.0275],[74.8753,32.0273],[74.8758,32.0262],[74.8785,32.0251],[74.8793,32.0253],[74.8818,32.0325],[74.8819,32.0348],[74.8816,32.0359],[74.879,32.0384],[74.8764,32.0447],[74.8763,32.0461],[74.8765,32.0465],[74.883,32.0492],[74.8867,32.0519],[74.8936,32.0533]]]},"properties":{"district_name":"Amritsar","raw_district_name":"Amritsar","state_code":"PB","state_name":"Punjab","census_code":49,"data_source":"DataMeet India Maps (Census 2011 Boundaries)"}},{"type":"Feature","geometry":{"type":"Polygon","coordinates":[[[75.6558,30.6353],[75.6623,30.6308],[75.666,30.6269],[75.6678,30.6226],[75.6651,30.6132],[75.6744,30.6115],[75.6808,30.6149],[75.6855,30.6085],[75.6837,30.6029],[75.681,30.5993],[75.6835,30.5909],[75.6798,30.5823],[75.6722,30.5683],[75.6649,30.5638],[75.6632,30.56],[75.6675,30.5547],[75.6666,30.5506],[75.6605,30.548],[75.6568,30.5437],[75.6583,30.5341],[75.6691,30.5285],[75.6691,30.5247],[75.6736,30.5196],[75.6818,30.5195],[75.6841,30.5153],[75.6826,30.5107],[75.6732,30.4998],[75.6633,30.4955],[75.6594,30.4788],[75.661,30.4758],[75.6793,30.4726],[75.6754,30.4683],[75.6756,30.4613],[75.6746,30.4577],[75.6699,30.4505],[75.667,30.4479],[75.6559,30.4446],[75.6507,30.4401],[75.654,30.4351],[75.6608,30.4271],[75.6679,30.4265],[75.6704,30.4218],[75.6687,30.4116],[75.671,30.4075],[75.6715,30.4048],[75.6678,30.4041],[75.6639,30.405],[75.6632,30.3993],[75.6643,30.3957],[75.6701,30.3954],[75.6732,30.3961],[75.6753,30.3928],[75.6729,30.3903],[75.6666,30.3859],[75.669,30.3821],[75.6682,30.3778],[75.6794,30.3729],[75.6798,30.3683],[75.6784,30.3568],[75.6826,30.3534],[75.6869,30.3513],[75.6832,30.3451],[75.6785,30.3422],[75.6698,30.3332],[75.6635,30.3327],[75.6601,30.3361],[75.6536,30.332],[75.6541,30.3272],[75.6567,30.32],[75.6586,30.3115],[75.6633,30.3013],[75.6687,30.2942],[75.674,30.2897],[75.6823,30.2862],[75.6878,30.285],[75.6956,30.285],[75.7049,30.285],[75.7154,30.285],[75.7205,30.284],[75.7264,30.2789],[75.7259,30.2735],[75.7234,30.27],[75.725,30.2664],[75.7166,30.2563],[75.7088,30.2544],[75.7009,30.2484],[75.6951,30.2378],[75.6957,30.2316],[75.6923,30.2299],[75.6827,30.2373],[75.6473,30.2381],[75.644,30.2329],[75.63,30.2271],[75.6192,30.2202],[75.612,30.2172],[75.5959,30.2211],[75.5848,30.2284],[75.5828,30.2245],[75.5873,30.2169],[75.5872,30.2152],[75.5846,30.2148],[75.5815,30.2113],[75.5767,30.2081],[75.5736,30.2073],[75.5663,30.2031],[75.5605,30.1986],[75.5594,30.1944],[75.5618,30.1872],[75.5593,30.179],[75.5684,30.1631],[75.5765,30.1516],[75.5788,30.1435],[75.5662,30.148],[75.5619,30.146],[75.5573,30.1427],[75.5532,30.1381],[75.5501,30.1375],[75.5467,30.139],[75.5386,30.1483],[75.5348,30.1462],[75.5323,30.1423],[75.5277,30.1398],[75.5117,30.1436],[75.5076,30.1455],[75.5005,30.15],[75.4952,30.157],[75.493,30.1603],[75.4908,30.1696],[75.482,30.1822],[75.4782,30.1866],[75.4643,30.1964],[75.4481,30.1939],[75.4276,30.1867],[75.4177,30.188],[75.4093,30.1934],[75.4026,30.196],[75.3958,30.2009],[75.3974,30.2047],[75.3954,30.2087],[75.3904,30.21],[75.3746,30.1985],[75.3722,30.1986],[75.3723,30.2005],[75.3703,30.2045],[75.3658,30.2024],[75.3625,30.204],[75.3623,30.2072],[75.364,30.2093],[75.3714,30.2107],[75.373,30.2129],[75.3726,30.216],[75.3778,30.2251],[75.3783,30.2347],[75.3757,30.2374],[75.3722,30.2375],[75.3664,30.2404],[75.3653,30.2432],[75.3667,30.2459],[75.3691,30.247],[75.3706,30.247],[75.3707,30.2514],[75.3696,30.2528],[75.3689,30.2591],[75.3721,30.2608],[75.3736,30.2625],[75.3737,30.2639],[75.3643,30.2689],[75.3633,30.2721],[75.3649,30.2786],[75.3644,30.2835],[75.3576,30.2873],[75.3555,30.2873],[75.3501,30.2842],[75.3446,30.2894],[75.3488,30.2944],[75.3476,30.3031],[75.3467,30.3038],[75.3314,30.3066],[75.3276,30.3058],[75.3229,30.3028],[75.3214,30.304],[75.322,30.3089],[75.3244,30.3137],[75.3225,30.3222],[75.3201,30.3283],[75.3208,30.3315],[75.3219,30.3328],[75.3318,30.3346],[75.3412,30.3326],[75.3439,30.3336],[75.3462,30.337],[75.3469,30.3409],[75.3448,30.3434],[75.3379,30.3444],[75.336,30.3455],[75.3275,30.3473],[75.325,30.3498],[75.3337,30.3701],[75.3358,30.3778],[75.3321,30.3781],[75.3284,30.38],[75.3232,30.3765],[75.3096,30.3789],[75.3082,30.3844],[75.308,30.3895],[75.3029,30.402],[75.3057,30.4116],[75.3013,30.4237],[75.2942,30.4284],[75.2869,30.4365],[75.2803,30.4399],[75.2734,30.4374],[75.2673,30.4364],[75.266,30.4443],[75.2697,30.4463],[75.2698,30.4483],[75.2584,30.4605],[75.2577,30.465],[75.2617,30.4708],[75.2671,30.4767],[75.2739,30.4824],[75.2814,30.4927],[75.2823,30.4985],[75.2928,30.5097],[75.2942,30.5096],[75.2942,30.5112],[75.295,30.5164],[75.3057,30.5257],[75.3104,30.5277],[75.3147,30.5346],[75.3209,30.5355],[75.3287,30.5353],[75.3317,30.5311],[75.3342,30.5233],[75.3397,30.5163],[75.3487,30.5149],[75.3517,30.5155],[75.3642,30.5145],[75.3791,30.5203],[75.3919,30.527],[75.4005,30.5292],[75.4048,30.5317],[75.4152,30.541],[75.4186,30.5451],[75.4214,30.5509],[75.42,30.5545],[75.4153,30.5565],[75.41,30.5601],[75.4101,30.5636],[75.4076,30.5687],[75.408,30.5824],[75.4193,30.5848],[75.4245,30.5846],[75.4276,30.5835],[75.4309,30.5848],[75.4313,30.589],[75.4387,30.5915],[75.4415,30.594],[75.4435,30.5929],[75.4476,30.5925],[75.4501,30.5946],[75.4528,30.5987],[75.4559,30.6009],[75.4621,30.5992],[75.4639,30.6006],[75.4652,30.6039],[75.4677,30.6053],[75.47,30.6035],[75.4787,30.6024],[75.4869,30.5997],[75.4953,30.5982],[75.5017,30.6008],[75.5113,30.5982],[75.5182,30.5985],[75.5203,30.6066],[75.5287,30.6124],[75.5316,30.6111],[75.5336,30.6061],[75.5346,30.6001],[75.54,30.5939],[75.547,30.5957],[75.554,30.6029],[75.5584,30.6127],[75.5564,30.619],[75.5512,30.6174],[75.5456,30.6167],[75.5457,30.6223],[75.5478,30.6289],[75.5509,30.6333],[75.5576,30.6332],[75.5605,30.6315],[75.5693,30.6288],[75.5728,30.6254],[75.5781,30.6224],[75.585,30.6244],[75.5953,30.6163],[75.6012,30.6174],[75.609,30.6211],[75.6132,30.622],[75.6196,30.6208],[75.6212,30.6198],[75.6264,30.6137],[75.6329,30.6162],[75.635,30.6201],[75.6412,30.6228],[75.6431,30.6249],[75.6441,30.6286],[75.6439,30.6311],[75.6453,30.6332],[75.6469,30.6343],[75.6551,30.6345],[75.6558,30.6353]]]},"properties":{"district_name":"Barnala","raw_district_name":"Barnala","state_code":"PB","state_name":"Punjab","census_code":54,"data_source":"DataMeet India Maps (Census 2011 Boundaries)"}},{"type":"Feature","geometry":{"type":"Polygon","coordinates":[[[75.2928,30.5097],[75.2823,30.4985],[75.2814,30.4927],[75.2739,30.4824],[75.2671,30.4767],[75.2617,30.4708],[75.2577,30.465],[75.2584,30.4605],[75.2698,30.4483],[75.2697,30.4463],[75.266,30.4443],[75.2673,30.4364],[75.2734,30.4374],[75.2803,30.4399],[75.2869,30.4365],[75.2942,30.4284],[75.3013,30.4237],[75.3057,30.4116],[75.3029,30.402],[75.308,30.3895],[75.3082,30.3844],[75.3096,30.3789],[75.3232,30.3765],[75.3284,30.38],[75.3321,30.3781],[75.3358,30.3778],[75.3337,30.3701],[75.325,30.3498],[75.3275,30.3473],[75.336,30.3455],[75.3379,30.3444],[75.3448,30.3434],[75.3469,30.3409],[75.3462,30.337],[75.3439,30.3336],[75.3412,30.3326],[75.3318,30.3346],[75.3219,30.3328],[75.3208,30.3315],[75.3201,30.3283],[75.3225,30.3222],[75.3244,30.3137],[75.322,30.3089],[75.3214,30.304],[75.3229,30.3028],[75.3276,30.3058],[75.3314,30.3066],[75.3467,30.3038],[75.3476,30.3031],[75.3488,30.2944],[75.3446,30.2894],[75.3501,30.2842],[75.3555,30.2873],[75.3576,30.2873],[75.3644,30.2835],[75.3649,30.2786],[75.3633,30.2721],[75.3643,30.2689],[75.3737,30.2639],[75.3736,30.2625],[75.3721,30.2608],[75.3689,30.2591],[75.3696,30.2528],[75.3707,30.2514],[75.3706,30.247],[75.3691,30.247],[75.3667,30.2459],[75.3653,30.2432],[75.3664,30.2404],[75.3722,30.2375],[75.3757,30.2374],[75.3783,30.2347],[75.3778,30.2251],[75.3726,30.216],[75.373,30.2129],[75.3714,30.2107],[75.364,30.2093],[75.3623,30.2072],[75.3625,30.204],[75.3658,30.2024],[75.3703,30.2045],[75.3723,30.2005],[75.3643,30.1902],[75.3597,30.1872],[75.3591,30.1837],[75.3616,30.1799],[75.3652,30.1768],[75.3665,30.1734],[75.3608,30.1675],[75.3509,30.1604],[75.3486,30.1567],[75.3495,30.1431],[75.3575,30.1405],[75.3459,30.1297],[75.3438,30.1309],[75.3388,30.1289],[75.3347,30.1239],[75.3291,30.1211],[75.326,30.1219],[75.3169,30.1127],[75.3122,30.1117],[75.3038,30.1083],[75.3014,30.1082],[75.2981,30.1128],[75.2929,30.1139],[75.2934,30.1149],[75.2861,30.1104],[75.2822,30.1069],[75.2765,30.1068],[75.271,30.1093],[75.2643,30.1061],[75.2608,30.0989],[75.2619,30.0842],[75.2633,30.0786],[75.2615,30.0591],[75.2626,30.056],[75.2651,30.0546],[75.2682,30.0544],[75.2721,30.059],[75.276,30.0601],[75.278,30.0576],[75.276,30.0513],[75.2726,30.049],[75.2597,30.0439],[75.2544,30.0401],[75.2539,30.0361],[75.2584,30.0279],[75.2607,30.0164],[75.2642,30.0148],[75.2749,30.0149],[75.2803,30.014],[75.2844,30.0146],[75.2877,30.0167],[75.2904,30.0223],[75.2948,30.0187],[75.3029,30.0214],[75.3032,30.0144],[75.2986,30.0133],[75.2939,30.0098],[75.2916,30.007],[75.2793,30.0002],[75.2767,29.9894],[75.2813,29.9822],[75.2806,29.9771],[75.2744,29.97],[75.2607,29.9748],[75.2534,29.9799],[75.2512,29.9786],[75.2481,29.9691],[75.2346,29.9568],[75.2219,29.966],[75.2125,29.9634],[75.2094,29.9688],[75.2055,29.9703],[75.2051,29.976],[75.1974,29.9763],[75.1947,29.973],[75.1919,29.9774],[75.1841,29.9684],[75.181,29.9485],[75.1825,29.946],[75.1779,29.9424],[75.1792,29.9367],[75.1695,29.9242],[75.1811,29.9105],[75.185,29.8833],[75.1995,29.8871],[75.213,29.8789],[75.2158,29.8635],[75.2157,29.8573],[75.1953,29.8506],[75.187,29.8454],[75.1866,29.8416],[75.1887,29.835],[75.1862,29.8331],[75.1853,29.8276],[75.1771,29.823],[75.1701,29.8217],[75.1655,29.8179],[75.1614,29.7999],[75.159,29.7942],[75.1596,29.7897],[75.1649,29.7872],[75.1692,29.7823],[75.1641,29.7791],[75.1517,29.7751],[75.1455,29.7785],[75.1415,29.783],[75.135,29.8038],[75.1123,29.8007],[75.1056,29.8025],[75.1002,29.8049],[75.0991,29.8111],[75.1034,29.8175],[75.1172,29.8247],[75.1142,29.8362],[75.1091,29.8396],[75.0958,29.8431],[75.0913,29.8476],[75.0911,29.8524],[75.0948,29.8569],[75.1107,29.8661],[75.1144,29.8714],[75.1133,29.875],[75.1129,29.8953],[75.105,29.9034],[75.1,29.91],[75.095,29.9135],[75.0879,29.9106],[75.0802,29.8917],[75.0756,29.8774],[75.0705,29.8745],[75.0619,29.8732],[75.0476,29.8802],[75.0336,29.8713],[75.0242,29.8631],[75.0157,29.866],[75.0041,29.8617],[74.9999,29.8549],[74.9795,29.8792],[74.98,29.8885],[74.9679,29.8963],[74.9532,29.9012],[74.9457,29.9141],[74.942,29.9214],[74.9387,29.9278],[74.9342,29.9402],[74.9259,29.9479],[74.9045,29.9382],[74.8953,29.9379],[74.8997,29.9438],[74.9032,29.946],[74.9045,29.9517],[74.8999,29.9578],[74.8955,29.9611],[74.8916,29.9672],[74.8875,29.9614],[74.8821,29.958],[74.8757,29.9577],[74.8695,29.96],[74.8597,29.958],[74.8467,29.9631],[74.8391,29.9684],[74.8315,29.972],[74.8298,29.9784],[74.8268,29.9835],[74.8191,29.9895],[74.8113,29.9916],[74.8045,29.9886],[74.7943,29.9795],[74.786,29.9735],[74.7774,29.9718],[74.7687,29.9727],[74.7607,29.9703],[74.7472,29.9682],[74.7339,29.961],[74.7161,29.9681],[74.7073,29.9704],[74.7093,29.9755],[74.706,29.9821],[74.7045,29.9873],[74.709,29.9924],[74.7127,30.0014],[74.7135,30.0027],[74.7172,30.0143],[74.7098,30.0215],[74.7067,30.0256],[74.6962,30.0333],[74.6982,30.0376],[74.6943,30.0451],[74.7054,30.0651],[74.7002,30.0684],[74.692,30.0721],[74.684,30.0724],[74.6763,30.0878],[74.6835,30.1019],[74.6849,30.1072],[74.6837,30.1114],[74.6789,30.1113],[74.6755,30.1087],[74.6713,30.1071],[74.6574,30.109],[74.6498,30.1113],[74.6462,30.1136],[74.632,30.1273],[74.6322,30.1297],[74.637,30.1382],[74.6409,30.141],[74.6421,30.1478],[74.6493,30.1564],[74.6583,30.1633],[74.6693,30.1649],[74.673,30.1639],[74.6749,30.1659],[74.688,30.1662],[74.6932,30.1599],[74.7,30.1592],[74.7049,30.1603],[74.7199,30.1672],[74.7261,30.1709],[74.734,30.1781],[74.7369,30.1808],[74.738,30.1848],[74.7374,30.1886],[74.7304,30.1966],[74.7253,30.1971],[74.7205,30.1961],[74.7148,30.1968],[74.7184,30.2178],[74.7219,30.2212],[74.7214,30.2261],[74.7271,30.2299],[74.7268,30.2312],[74.7235,30.2338],[74.7218,30.2384],[74.7208,30.2519],[74.7229,30.2578],[74.7332,30.2685],[74.7376,30.2747],[74.7373,30.2775],[74.738,30.2792],[74.7457,30.2792],[74.7483,30.2811],[74.7522,30.2858],[74.7442,30.2924],[74.7408,30.2971],[74.7346,30.3034],[74.7287,30.3046],[74.7257,30.3079],[74.7425,30.3161],[74.7467,30.3211],[74.7615,30.3194],[74.7704,30.3233],[74.7852,30.3352],[74.7841,30.336],[74.7803,30.3359],[74.7488,30.3431],[74.7341,30.3479],[74.7241,30.3497],[74.7158,30.3522],[74.709,30.3537],[74.7022,30.3538],[74.7022,30.3557],[74.712,30.3575],[74.7161,30.3596],[74.724,30.3653],[74.7397,30.3567],[74.7547,30.3511],[74.7632,30.3465],[74.7807,30.3389],[74.7827,30.3395],[74.7864,30.3392],[74.8077,30.3695],[74.817,30.387],[74.8222,30.3931],[74.8223,30.3931],[74.8306,30.3894],[74.8381,30.3873],[74.8477,30.3818],[74.8543,30.3767],[74.8747,30.3895],[74.8942,30.3818],[74.9116,30.3762],[74.9187,30.3725],[74.9175,30.3695],[74.9231,30.3665],[74.9321,30.3682],[74.9456,30.3842],[74.9508,30.3817],[74.9573,30.3845],[74.9639,30.3857],[74.9671,30.3903],[74.973,30.3952],[74.976,30.3929],[74.984,30.3903],[74.9878,30.3925],[74.9952,30.3927],[74.9998,30.3884],[75.0029,30.3874],[75.0192,30.3812],[75.0264,30.3794],[75.0297,30.3805],[75.0423,30.3773],[75.0467,30.379],[75.0561,30.3884],[75.0539,30.3909],[75.0522,30.3979],[75.0537,30.4051],[75.0527,30.4088],[75.0495,30.4129],[75.0419,30.4187],[75.0241,30.4262],[75.0274,30.4319],[75.0279,30.4361],[75.0208,30.4391],[75.0222,30.4447],[75.0283,30.448],[75.0332,30.4568],[75.0396,30.4589],[75.0485,30.4542],[75.0547,30.4528],[75.0531,30.4586],[75.0492,30.4594],[75.0441,30.4645],[75.0461,30.4727],[75.0322,30.472],[75.0258,30.4836],[75.0083,30.4881],[75.0081,30.4882],[75.0206,30.4901],[75.0304,30.4974],[75.0353,30.5039],[75.0427,30.5021],[75.0453,30.4991],[75.0539,30.4991],[75.0609,30.5025],[75.0713,30.513],[75.0799,30.5244],[75.0846,30.5284],[75.0935,30.5262],[75.1095,30.5202],[75.1212,30.5222],[75.1299,30.5224],[75.1319,30.5311],[75.1289,30.5393],[75.1214,30.5527],[75.123,30.5619],[75.1402,30.5789],[75.1458,30.5808],[75.1496,30.581],[75.1628,30.577],[75.1682,30.5717],[75.1746,30.5626],[75.1788,30.5538],[75.1825,30.5374],[75.1824,30.5177],[75.184,30.5087],[75.1873,30.5064],[75.193,30.5074],[75.1969,30.5104],[75.205,30.5066],[75.21,30.5155],[75.2217,30.5085],[75.2342,30.5106],[75.2463,30.5147],[75.2509,30.5149],[75.2585,30.5175],[75.2605,30.5204],[75.2669,30.5191],[75.2702,30.5153],[75.2823,30.5075],[75.2856,30.5074],[75.2928,30.5097]]]},"properties":{"district_name":"Bathinda","raw_district_name":"Bathinda","state_code":"PB","state_name":"Punjab","census_code":46,"data_source":"DataMeet India Maps (Census 2011 Boundaries)"}},{"type":"Feature","geometry":{"type":"Polygon","coordinates":[[[74.9112,30.7358],[74.9112,30.7358],[74.9131,30.7249],[74.9063,30.7066],[74.9059,30.7017],[74.9094,30.696],[74.915,30.68],[74.9176,30.68],[74.9227,30.686],[74.9239,30.683],[74.9239,30.6773],[74.9384,30.6753],[74.9444,30.6759],[74.9487,30.6754],[74.9516,30.6738],[74.9554,30.6743],[74.9578,30.6569],[74.9566,30.6523],[74.9514,30.6435],[74.954,30.6343],[74.9515,30.6244],[74.9492,30.6189],[74.949,30.6173],[74.9486,30.6107],[74.9486,30.6045],[74.9493,30.6016],[74.9495,30.6007],[74.9526,30.5957],[74.9546,30.5937],[74.9554,30.5929],[74.954,30.5896],[74.941,30.5885],[74.9358,30.588],[74.9165,30.5849],[74.9117,30.5803],[74.9053,30.5644],[74.9035,30.5492],[74.9129,30.5459],[74.915,30.545],[74.9272,30.5393],[74.9326,30.5448],[74.9274,30.5485],[74.9306,30.554],[74.9458,30.5698],[74.9576,30.5606],[74.9612,30.5614],[74.9638,30.5592],[74.9642,30.5543],[74.9793,30.5427],[74.9918,30.5432],[74.9941,30.5383],[74.9971,30.5341],[74.9918,30.5248],[74.991,30.519],[74.9928,30.5136],[74.9917,30.4968],[74.9943,30.4921],[74.9998,30.488],[75.0081,30.4881],[75.0083,30.4881],[75.0258,30.4836],[75.0322,30.472],[75.0461,30.4727],[75.0441,30.4645],[75.0492,30.4594],[75.0531,30.4586],[75.0547,30.4528],[75.0485,30.4542],[75.0396,30.4589],[75.0332,30.4568],[75.0283,30.448],[75.0222,30.4447],[75.0208,30.4391],[75.0279,30.4361],[75.0274,30.4319],[75.0241,30.4262],[75.0419,30.4187],[75.0495,30.4129],[75.0527,30.4088],[75.0537,30.4051],[75.0522,30.3979],[75.0539,30.3909],[75.0561,30.3884],[75.0467,30.379],[75.0423,30.3773],[75.0297,30.3805],[75.0264,30.3794],[75.0192,30.3812],[75.0029,30.3874],[74.9998,30.3884],[74.9952,30.3927],[74.9878,30.3925],[74.984,30.3903],[74.976,30.3929],[74.973,30.3952],[74.9671,30.3903],[74.9639,30.3857],[74.9573,30.3845],[74.9508,30.3817],[74.9456,30.3842],[74.9321,30.3682],[74.9231,30.3665],[74.9175,30.3695],[74.9187,30.3725],[74.9116,30.3762],[74.8942,30.3818],[74.8747,30.3895],[74.8543,30.3767],[74.8477,30.3818],[74.8381,30.3873],[74.8306,30.3894],[74.8223,30.3931],[74.8223,30.3931],[74.816,30.3964],[74.8115,30.4006],[74.8086,30.3984],[74.8008,30.3995],[74.7958,30.399],[74.7879,30.3967],[74.773,30.3967],[74.7577,30.3915],[74.7534,30.3938],[74.755,30.3985],[74.7547,30.4036],[74.758,30.4191],[74.7576,30.4235],[74.7533,30.4271],[74.7556,30.4332],[74.7364,30.4466],[74.7326,30.4531],[74.7323,30.4595],[74.7341,30.4642],[74.7428,30.4735],[74.7482,30.4738],[74.7583,30.4799],[74.763,30.4854],[74.762,30.4911],[74.7595,30.4963],[74.7506,30.4904],[74.7476,30.4931],[74.737,30.4931],[74.7279,30.5003],[74.724,30.5027],[74.7203,30.5036],[74.7194,30.5091],[74.7073,30.515],[74.699,30.5166],[74.6902,30.5194],[74.6876,30.521],[74.6865,30.5252],[74.6873,30.5289],[74.6957,30.5341],[74.7006,30.5387],[74.7043,30.5438],[74.7075,30.5459],[74.7104,30.5576],[74.7047,30.5598],[74.7008,30.5633],[74.6957,30.5654],[74.6902,30.5666],[74.6851,30.5691],[74.6798,30.5733],[74.6683,30.5786],[74.6661,30.5831],[74.659,30.5906],[74.6525,30.5919],[74.6473,30.5938],[74.6347,30.6067],[74.6353,30.6125],[74.628,30.6139],[74.6257,30.6187],[74.6243,30.6233],[74.6206,30.6353],[74.6189,30.6376],[74.6129,30.6367],[74.6093,30.6411],[74.6047,30.6436],[74.6002,30.6449],[74.5991,30.6468],[74.5977,30.648],[74.5905,30.6541],[74.5834,30.6562],[74.5776,30.6587],[74.5609,30.6632],[74.5504,30.6648],[74.5461,30.6636],[74.5387,30.6639],[74.5327,30.6654],[74.521,30.6653],[74.5044,30.6675],[74.5021,30.6674],[74.5026,30.6678],[74.4966,30.6701],[74.4828,30.6735],[74.4784,30.6802],[74.4773,30.6881],[74.4743,30.6976],[74.4736,30.7137],[74.47,30.743],[74.4751,30.7494],[74.5069,30.7619],[74.5167,30.7648],[74.5245,30.7686],[74.5247,30.7707],[74.5322,30.7802],[74.5456,30.7885],[74.565,30.7956],[74.5689,30.7988],[74.5784,30.8032],[74.5893,30.8036],[74.5961,30.8045],[74.5986,30.8055],[74.6125,30.824],[74.619,30.8257],[74.6252,30.831],[74.6467,30.8148],[74.6531,30.8174],[74.6571,30.8269],[74.6597,30.8293],[74.6649,30.8296],[74.6833,30.8216],[74.6864,30.8258],[74.693,30.8264],[74.6989,30.823],[74.7084,30.824],[74.7127,30.8226],[74.719,30.8218],[74.7286,30.8183],[74.7404,30.8211],[74.7455,30.8198],[74.7499,30.8168],[74.7556,30.8108],[74.7664,30.811],[74.7715,30.8121],[74.7714,30.8088],[74.7743,30.8096],[74.7786,30.8065],[74.7815,30.8027],[74.7845,30.7919],[74.7987,30.7882],[74.807,30.7853],[74.8095,30.772],[74.8126,30.7677],[74.8172,30.765],[74.8228,30.7635],[74.8274,30.7666],[74.8316,30.7678],[74.8354,30.7676],[74.8396,30.7657],[74.8416,30.7621],[74.848,30.7548],[74.8567,30.7507],[74.8563,30.7469],[74.8574,30.7443],[74.8604,30.7423],[74.875,30.7444],[74.8805,30.7443],[74.8841,30.7412],[74.888,30.7391],[74.8974,30.7384],[74.9018,30.7389],[74.9112,30.7358],[74.9112,30.7358]]]},"properties":{"district_name":"Faridkot","raw_district_name":"Faridkot","state_code":"PB","state_name":"Punjab","census_code":45,"data_source":"DataMeet India Maps (Census 2011 Boundaries)"}},{"type":"Feature","geometry":{"type":"Polygon","coordinates":[[[76.3248,30.4394],[76.3257,30.4437],[76.3286,30.4436],[76.3306,30.447],[76.3342,30.4463],[76.339,30.4506],[76.3392,30.4551],[76.3353,30.4555],[76.3353,30.4614],[76.3288,30.4667],[76.3287,30.4697],[76.3358,30.4789],[76.3195,30.4811],[76.3358,30.4983],[76.3347,30.5025],[76.3281,30.5203],[76.3227,30.5284],[76.3249,30.5361],[76.3227,30.5432],[76.3134,30.5465],[76.3123,30.555],[76.3059,30.5573],[76.3009,30.5564],[76.2985,30.5581],[76.2972,30.5688],[76.2929,30.5742],[76.2845,30.5712],[76.2782,30.5601],[76.2797,30.5549],[76.2751,30.554],[76.2731,30.5618],[76.2685,30.5636],[76.2523,30.5586],[76.2445,30.5585],[76.2387,30.5587],[76.2324,30.5603],[76.2242,30.5583],[76.2202,30.5539],[76.2178,30.5507],[76.2108,30.548],[76.2041,30.5493],[76.1943,30.5469],[76.1898,30.5443],[76.1818,30.5466],[76.1743,30.5486],[76.171,30.5471],[76.1678,30.5434],[76.1552,30.537],[76.1504,30.5322],[76.1463,30.5296],[76.1343,30.5311],[76.1297,30.531],[76.1186,30.5268],[76.1023,30.52],[76.0829,30.5206],[76.0878,30.5272],[76.0893,30.5307],[76.0853,30.5352],[76.0847,30.5378],[76.0769,30.5448],[76.077,30.5467],[76.0807,30.5521],[76.0805,30.5564],[76.0836,30.5618],[76.0888,30.5671],[76.0919,30.5667],[76.0958,30.5618],[76.101,30.56],[76.1072,30.5622],[76.1076,30.5752],[76.1113,30.577],[76.113,30.579],[76.1115,30.5845],[76.1131,30.5896],[76.12,30.5927],[76.1239,30.5964],[76.1199,30.5996],[76.1221,30.6037],[76.115,30.6135],[76.126,30.6218],[76.1253,30.6246],[76.1296,30.63],[76.1361,30.6329],[76.1513,30.6379],[76.152,30.6394],[76.1525,30.653],[76.1536,30.654],[76.1619,30.6567],[76.1673,30.6601],[76.1711,30.6653],[76.1717,30.6692],[76.1712,30.6741],[76.1739,30.6779],[76.1794,30.6793],[76.1823,30.6772],[76.1818,30.6709],[76.1855,30.6663],[76.1981,30.6741],[76.2012,30.6738],[76.2083,30.6745],[76.2143,30.6764],[76.2165,30.6777],[76.2193,30.6842],[76.2256,30.6886],[76.2346,30.6888],[76.2358,30.6879],[76.2374,30.6837],[76.2413,30.6802],[76.2474,30.6789],[76.2546,30.6798],[76.2593,30.6765],[76.2655,30.6747],[76.2727,30.6752],[76.2782,30.6776],[76.2818,30.6808],[76.2985,30.6793],[76.2993,30.6789],[76.3008,30.6781],[76.3013,30.6779],[76.3029,30.6771],[76.3024,30.6745],[76.3063,30.6671],[76.3064,30.6671],[76.3175,30.6624],[76.3239,30.6626],[76.3239,30.6626],[76.3239,30.6626],[76.33,30.6663],[76.3369,30.6744],[76.3405,30.6758],[76.3448,30.6794],[76.3456,30.6848],[76.3493,30.6924],[76.35,30.6932],[76.3485,30.7019],[76.3502,30.7054],[76.3472,30.7114],[76.3444,30.7137],[76.3401,30.7143],[76.3335,30.7135],[76.3308,30.7122],[76.3271,30.7086],[76.3183,30.7208],[76.3134,30.7255],[76.3018,30.7194],[76.2972,30.7152],[76.2911,30.713],[76.2823,30.7203],[76.2748,30.7281],[76.2712,30.7327],[76.2694,30.7366],[76.2648,30.7652],[76.2523,30.7996],[76.2622,30.8214],[76.2546,30.8362],[76.2824,30.8745],[76.2838,30.8751],[76.285,30.8764],[76.2913,30.8751],[76.2959,30.874],[76.2982,30.872],[76.3043,30.8709],[76.3066,30.8724],[76.3112,30.8725],[76.3127,30.8711],[76.3156,30.8688],[76.3229,30.8645],[76.3282,30.86],[76.3371,30.8587],[76.3334,30.8566],[76.3306,30.8515],[76.3285,30.8495],[76.3351,30.844],[76.336,30.8421],[76.335,30.8402],[76.3353,30.839],[76.343,30.8371],[76.3469,30.8336],[76.3484,30.8301],[76.3563,30.8303],[76.3662,30.8301],[76.3721,30.8266],[76.3799,30.8335],[76.39,30.8319],[76.3923,30.8307],[76.3924,30.8202],[76.3906,30.8123],[76.3926,30.8085],[76.3951,30.8077],[76.4085,30.8081],[76.4201,30.798],[76.4158,30.7907],[76.4169,30.7795],[76.4094,30.7731],[76.4082,30.7711],[76.4103,30.7585],[76.4103,30.7585],[76.4135,30.7575],[76.4192,30.7607],[76.4218,30.7606],[76.4302,30.7579],[76.4427,30.7603],[76.446,30.7595],[76.46,30.7523],[76.4614,30.7523],[76.4634,30.7543],[76.4648,30.7537],[76.471,30.7457],[76.483,30.7503],[76.4913,30.7463],[76.495,30.7457],[76.5076,30.7495],[76.5269,30.7608],[76.5271,30.7609],[76.5334,30.7651],[76.5405,30.7582],[76.5446,30.7472],[76.5439,30.7442],[76.5382,30.7393],[76.5376,30.7376],[76.5433,30.7313],[76.5446,30.7275],[76.5399,30.7236],[76.535,30.7228],[76.5311,30.7231],[76.5308,30.72],[76.5271,30.7171],[76.5155,30.7117],[76.5172,30.7068],[76.5235,30.7088],[76.5427,30.709],[76.5468,30.7104],[76.5501,30.7082],[76.5545,30.7021],[76.5534,30.6964],[76.5546,30.6913],[76.5616,30.6904],[76.5642,30.6883],[76.5699,30.6789],[76.5709,30.6741],[76.5683,30.6724],[76.562,30.6713],[76.5573,30.6645],[76.5529,30.6612],[76.5517,30.6586],[76.5478,30.6541],[76.534,30.6479],[76.5305,30.6453],[76.5283,30.6395],[76.5293,30.637],[76.5309,30.6352],[76.5343,30.6402],[76.5367,30.6406],[76.5441,30.635],[76.5567,30.628],[76.5591,30.6292],[76.5585,30.6324],[76.5558,30.6382],[76.5556,30.6408],[76.562,30.6444],[76.5713,30.6435],[76.5802,30.6472],[76.585,30.6414],[76.5925,30.6346],[76.5869,30.6323],[76.5893,30.6174],[76.5941,30.6122],[76.5923,30.6042],[76.5883,30.6035],[76.5802,30.6063],[76.571,30.6114],[76.5686,30.6114],[76.5694,30.6087],[76.5597,30.6053],[76.5574,30.5972],[76.5611,30.5937],[76.569,30.5887],[76.5767,30.5837],[76.5813,30.5796],[76.5827,30.5755],[76.5816,30.5711],[76.5794,30.5719],[76.5785,30.5687],[76.5757,30.5669],[76.5703,30.5634],[76.5692,30.5658],[76.5664,30.5674],[76.5604,30.5659],[76.55,30.5604],[76.5469,30.5606],[76.5406,30.5571],[76.5362,30.5584],[76.5327,30.5577],[76.5315,30.5613],[76.5275,30.5612],[76.5181,30.5641],[76.5126,30.5676],[76.5101,30.5651],[76.5062,30.5657],[76.5044,30.5632],[76.5011,30.5612],[76.5021,30.5575],[76.5055,30.5535],[76.5027,30.5522],[76.5002,30.5476],[76.5,30.5422],[76.4999,30.5362],[76.502,30.5336],[76.5025,30.5299],[76.4941,30.5193],[76.4922,30.5145],[76.4961,30.5067],[76.4923,30.5007],[76.489,30.4992],[76.4968,30.4942],[76.4974,30.4899],[76.4957,30.4844],[76.501,30.4791],[76.5038,30.4734],[76.5016,30.4704],[76.4995,30.4651],[76.4966,30.4599],[76.4988,30.4573],[76.4962,30.4544],[76.4954,30.4501],[76.4917,30.449],[76.4924,30.446],[76.4896,30.4413],[76.483,30.4362],[76.4789,30.4306],[76.468,30.437],[76.4621,30.434],[76.4526,30.4437],[76.447,30.4483],[76.436,30.4418],[76.4225,30.4438],[76.419,30.4397],[76.4154,30.4415],[76.4135,30.4398],[76.411,30.4416],[76.4086,30.4391],[76.4098,30.4351],[76.4156,30.4293],[76.416,30.4242],[76.4098,30.4238],[76.4048,30.4235],[76.3982,30.4213],[76.3867,30.4111],[76.384,30.4224],[76.3808,30.4266],[76.3723,30.4326],[76.3689,30.4327],[76.3585,30.4373],[76.3566,30.4369],[76.3523,30.4334],[76.343,30.4284],[76.3396,30.431],[76.3381,30.4365],[76.3349,30.4355],[76.3248,30.4394]]]},"properties":{"district_name":"Fatehgarh Sahib","raw_district_name":"Fatehgarh Sahib","state_code":"PB","state_name":"Punjab","census_code":40,"data_source":"DataMeet India Maps (Census 2011 Boundaries)"}},{"type":"Feature","geometry":{"type":"Polygon","coordinates":[[[75.0498,31.153],[75.0535,31.1523],[75.0591,31.1528],[75.0673,31.1466],[75.0741,31.1444],[75.0743,31.134],[75.073,31.1273],[75.0752,31.1241],[75.0797,31.1232],[75.0835,31.1246],[75.0997,31.1183],[75.108,31.1165],[75.1049,31.1049],[75.1026,31.1012],[75.1066,31.1015],[75.108,31.0948],[75.1132,31.0921],[75.1139,31.0923],[75.1123,31.0877],[75.1036,31.0735],[75.09,31.0631],[75.0884,31.046],[75.0839,31.0429],[75.0753,31.0546],[75.0625,31.0552],[75.0608,31.0402],[75.0518,31.0319],[75.0411,31.0386],[75.0307,31.0363],[75.0256,31.0191],[75.0399,31.0105],[75.055,31.01],[75.0626,30.9952],[75.0594,30.9601],[75.0459,30.9477],[75.0256,30.9351],[75.0004,30.9273],[74.9925,30.92],[74.986,30.9098],[74.9725,30.8984],[74.9561,30.8911],[74.9552,30.8913],[74.9549,30.8906],[74.9539,30.8883],[74.9521,30.8843],[74.9453,30.877],[74.9461,30.8676],[74.9479,30.8611],[74.9508,30.8553],[74.9477,30.8464],[74.946,30.8357],[74.9496,30.8294],[74.9475,30.8235],[74.9404,30.8161],[74.9299,30.8026],[74.9285,30.7921],[74.9301,30.7876],[74.9262,30.7831],[74.9237,30.7842],[74.9172,30.779],[74.9166,30.7733],[74.9126,30.7715],[74.9146,30.7667],[74.9113,30.761],[74.9098,30.7557],[74.9118,30.7518],[74.9156,30.7472],[74.9128,30.7469],[74.9142,30.7431],[74.9135,30.7398],[74.9112,30.7358],[74.9112,30.7358],[74.9018,30.7389],[74.8974,30.7384],[74.888,30.7391],[74.8841,30.7412],[74.8805,30.7443],[74.875,30.7444],[74.8604,30.7423],[74.8574,30.7443],[74.8563,30.7469],[74.8567,30.7507],[74.848,30.7548],[74.8416,30.7621],[74.8396,30.7657],[74.8354,30.7676],[74.8316,30.7678],[74.8274,30.7666],[74.8228,30.7635],[74.8172,30.765],[74.8126,30.7677],[74.8095,30.772],[74.807,30.7853],[74.7987,30.7882],[74.7845,30.7919],[74.7815,30.8027],[74.7786,30.8065],[74.7743,30.8096],[74.7714,30.8088],[74.7715,30.8121],[74.7664,30.811],[74.7556,30.8108],[74.7499,30.8168],[74.7455,30.8198],[74.7404,30.8211],[74.7286,30.8183],[74.719,30.8218],[74.7127,30.8226],[74.7084,30.824],[74.6989,30.823],[74.693,30.8264],[74.6864,30.8258],[74.6833,30.8216],[74.6649,30.8296],[74.6597,30.8293],[74.6571,30.8269],[74.6531,30.8174],[74.6467,30.8148],[74.6252,30.831],[74.619,30.8257],[74.6125,30.824],[74.5986,30.8055],[74.5961,30.8045],[74.5893,30.8036],[74.5784,30.8032],[74.5689,30.7988],[74.565,30.7956],[74.5456,30.7885],[74.5322,30.7802],[74.5247,30.7707],[74.5245,30.7686],[74.5167,30.7648],[74.5069,30.7619],[74.4751,30.7494],[74.47,30.743],[74.4736,30.7137],[74.4743,30.6976],[74.4773,30.6881],[74.4784,30.6802],[74.4828,30.6735],[74.4966,30.6701],[74.5026,30.6678],[74.5021,30.6674],[74.4996,30.6656],[74.494,30.6652],[74.4885,30.6659],[74.4794,30.6582],[74.4787,30.6533],[74.4808,30.6469],[74.4901,30.6415],[74.4929,30.6387],[74.4864,30.6361],[74.4708,30.6318],[74.4634,30.6272],[74.461,30.6238],[74.4616,30.6148],[74.4604,30.609],[74.4586,30.605],[74.453,30.5988],[74.4495,30.5963],[74.4434,30.594],[74.4433,30.5715],[74.4358,30.57],[74.4287,30.5492],[74.4199,30.5527],[74.4129,30.5605],[74.4037,30.5571],[74.4019,30.5402],[74.4007,30.5363],[74.4002,30.5305],[74.3989,30.5275],[74.3887,30.5274],[74.3799,30.5208],[74.3736,30.5145],[74.376,30.5079],[74.381,30.4983],[74.3758,30.4836],[74.3653,30.4807],[74.3593,30.4804],[74.3545,30.4809],[74.3468,30.483],[74.3482,30.4749],[74.3462,30.4655],[74.3371,30.4511],[74.3287,30.4461],[74.3211,30.4449],[74.3165,30.4455],[74.3093,30.445],[74.3019,30.4419],[74.2845,30.432],[74.2795,30.4298],[74.2755,30.4301],[74.2699,30.4275],[74.2559,30.4254],[74.2518,30.4237],[74.2621,30.42],[74.2757,30.4197],[74.2849,30.4169],[74.2912,30.4133],[74.3103,30.4095],[74.3444,30.4045],[74.3543,30.4021],[74.3576,30.3977],[74.3584,30.3907],[74.3549,30.3809],[74.3373,30.3844],[74.3169,30.3875],[74.3118,30.3771],[74.3089,30.3687],[74.3119,30.3579],[74.319,30.3543],[74.3216,30.3446],[74.3215,30.3288],[74.3175,30.3219],[74.3116,30.316],[74.3043,30.3057],[74.3056,30.3],[74.3026,30.2897],[74.3008,30.2791],[74.2984,30.275],[74.299,30.2695],[74.2984,30.2634],[74.2829,30.273],[74.2774,30.2664],[74.2762,30.266],[74.2687,30.2584],[74.2616,30.2463],[74.287,30.2314],[74.2941,30.2332],[74.3036,30.238],[74.3158,30.2413],[74.3251,30.242],[74.357,30.2396],[74.3515,30.2123],[74.3453,30.1967],[74.3472,30.1898],[74.3461,30.183],[74.3368,30.1615],[74.3466,30.1561],[74.3557,30.1533],[74.3744,30.1506],[74.3756,30.1437],[74.3774,30.1385],[74.3811,30.1325],[74.3819,30.1278],[74.396,30.1154],[74.4008,30.1129],[74.4024,30.1088],[74.4055,30.1043],[74.4151,30.0953],[74.4096,30.0933],[74.406,30.0975],[74.395,30.1055],[74.3839,30.1101],[74.3774,30.1089],[74.3734,30.1075],[74.3729,30.1018],[74.3713,30.0958],[74.3689,30.0918],[74.367,30.085],[74.389,30.073],[74.3882,30.0675],[74.3887,30.0622],[74.3916,30.057],[74.4029,30.0433],[74.4106,30.0373],[74.4084,30.0264],[74.4174,30.0233],[74.4267,30.0231],[74.4503,30.0273],[74.4549,30.0214],[74.4565,30.015],[74.4591,30.0097],[74.4645,30.0029],[74.4555,30.0009],[74.4265,29.9971],[74.4516,29.9469],[74.4377,29.9494],[74.4134,29.9473],[74.382,29.95],[74.3654,29.9504],[74.3517,29.9519],[74.331,29.9541],[74.2994,29.9565],[74.2885,29.9553],[74.2697,29.956],[74.2613,29.9556],[74.2501,29.9566],[74.2332,29.9601],[74.2221,29.9608],[74.1953,29.9609],[74.1638,29.9639],[74.0926,29.9682],[74.0784,29.9697],[74.0119,29.9711],[74.0052,29.9719],[74.0001,29.9723],[73.9856,29.9702],[73.966,29.9707],[73.942,29.972],[73.9002,29.9714],[73.8985,29.979],[73.8975,29.9831],[73.8921,29.9927],[73.8902,29.9977],[73.891,30.0126],[73.8946,30.0188],[73.9018,30.0399],[73.904,30.0483],[73.9076,30.0551],[73.9178,30.0615],[73.9275,30.0695],[73.9408,30.0852],[73.9523,30.1004],[73.9535,30.1056],[73.9594,30.1111],[73.9674,30.1209],[73.9761,30.1225],[73.9734,30.1257],[73.9719,30.1288],[73.9706,30.1356],[73.9703,30.1446],[73.9729,30.1732],[73.976,30.1784],[73.9777,30.1857],[73.9759,30.1964],[73.9742,30.2259],[73.9736,30.2322],[73.9735,30.2327],[73.9708,30.2427],[73.9696,30.2566],[73.9688,30.2571],[73.9676,30.2632],[73.9655,30.2645],[73.9642,30.2677],[73.9618,30.2695],[73.9613,30.2715],[73.9604,30.2721],[73.9592,30.2729],[73.9584,30.2753],[73.9577,30.2758],[73.9571,30.2762],[73.9542,30.2834],[73.9537,30.2836],[73.9531,30.2865],[73.952,30.2878],[73.951,30.2884],[73.951,30.2891],[73.9502,30.2895],[73.9468,30.2979],[73.9461,30.2985],[73.9441,30.3046],[73.9429,30.3054],[73.9419,30.3069],[73.9412,30.3082],[73.9367,30.311],[73.9364,30.3116],[73.9359,30.3118],[73.9352,30.3123],[73.9339,30.3157],[73.9329,30.3166],[73.9323,30.3168],[73.93,30.3217],[73.9294,30.322],[73.9289,30.3222],[73.9281,30.3249],[73.926,30.3267],[73.9257,30.3289],[73.9242,30.3299],[73.924,30.3303],[73.9229,30.3325],[73.9221,30.333],[73.921,30.3337],[73.9184,30.3384],[73.9173,30.3388],[73.9163,30.3393],[73.9163,30.34],[73.9155,30.3415],[73.9147,30.342],[73.9144,30.3427],[73.9131,30.3431],[73.9108,30.3447],[73.9096,30.3467],[73.9094,30.3476],[73.9086,30.348],[73.9076,30.3487],[73.9071,30.3508],[73.8955,30.3562],[73.8905,30.359],[73.8903,30.3596],[73.8886,30.3608],[73.8854,30.3626],[73.8854,30.3654],[73.8864,30.3654],[73.8939,30.371],[73.9085,30.3783],[73.9134,30.3817],[73.9178,30.3854],[73.9188,30.3863],[73.9212,30.3901],[73.9223,30.3927],[73.9235,30.3938],[73.9247,30.3947],[73.9246,30.3952],[73.9252,30.3952],[73.9288,30.3981],[73.939,30.4022],[73.9394,30.4026],[73.9412,30.4043],[73.9428,30.4064],[73.9485,30.4115],[73.9537,30.4154],[73.9649,30.4217],[73.9675,30.4242],[73.9721,30.4335],[73.9727,30.4407],[73.9715,30.4423],[73.9704,30.4428],[73.9689,30.443],[73.9588,30.4403],[73.9428,30.4378],[73.9409,30.4377],[73.9385,30.4376],[73.9353,30.4377],[73.9306,30.439],[73.9309,30.4415],[73.9373,30.4451],[73.9379,30.4458],[73.9393,30.4485],[73.9395,30.4497],[73.9399,30.456],[73.9396,30.4578],[73.9394,30.4583],[73.9388,30.46],[73.938,30.4605],[73.9375,30.4607],[73.9348,30.4675],[73.9353,30.4729],[73.9355,30.4835],[73.935,30.4853],[73.9352,30.4894],[73.9366,30.4905],[73.9409,30.4917],[73.9425,30.491],[73.9428,30.4896],[73.943,30.4883],[73.9477,30.4861],[73.9491,30.4843],[73.9505,30.4811],[73.9512,30.4801],[73.9497,30.4684],[73.95,30.4619],[73.9573,30.4597],[73.9594,30.4594],[73.9661,30.462],[73.9674,30.4631],[73.9677,30.4679],[73.9704,30.4726],[73.9713,30.4753],[73.9712,30.4759],[73.9703,30.4837],[73.9697,30.4839],[73.9696,30.4846],[73.9701,30.4869],[73.9707,30.4878],[73.9712,30.4887],[73.9756,30.4932],[73.9765,30.4942],[73.9776,30.4954],[73.9849,30.5014],[73.9887,30.5104],[73.9914,30.5123],[73.9944,30.5138],[73.9987,30.5142],[74.0035,30.5145],[74.0096,30.5131],[74.0097,30.5126],[74.0159,30.5116],[74.0204,30.5133],[74.0158,30.5172],[74.0148,30.5183],[74.0126,30.52],[74.0116,30.5207],[74.0109,30.5223],[74.0105,30.5268],[74.0118,30.5306],[74.0127,30.532],[74.016,30.5327],[74.0218,30.5319],[74.0285,30.5313],[74.0298,30.5316],[74.0305,30.5318],[74.0339,30.5309],[74.0355,30.5312],[74.041,30.5339],[74.0433,30.5363],[74.0459,30.54],[74.049,30.5409],[74.05,30.5407],[74.0508,30.54],[74.0519,30.5344],[74.0561,30.5224],[74.0606,30.5213],[74.0616,30.5216],[74.0637,30.522],[74.0676,30.5207],[74.0684,30.5211],[74.0746,30.5245],[74.0775,30.5266],[74.078,30.5271],[74.0817,30.5306],[74.0837,30.5332],[74.084,30.5341],[74.0881,30.5375],[74.0915,30.5422],[74.0926,30.5465],[74.0929,30.5504],[74.0927,30.5519],[74.0922,30.5524],[74.0912,30.5529],[74.0826,30.5508],[74.0786,30.5523],[74.0782,30.5551],[74.0783,30.5564],[74.0798,30.5575],[74.0813,30.5587],[74.0818,30.5591],[74.0864,30.5626],[74.0946,30.5677],[74.0956,30.5689],[74.1005,30.5732],[74.1009,30.5735],[74.1017,30.5743],[74.1032,30.5768],[74.1036,30.5814],[74.1038,30.5829],[74.1027,30.5899],[74.1026,30.5996],[74.1051,30.6062],[74.105,30.6073],[74.1049,30.6078],[74.1008,30.61],[74.1006,30.6118],[74.1016,30.6143],[74.1064,30.6166],[74.109,30.617],[74.1098,30.6164],[74.1101,30.615],[74.1112,30.613],[74.1117,30.6128],[74.1127,30.6114],[74.1127,30.6108],[74.1153,30.6089],[74.1153,30.6081],[74.1195,30.6072],[74.1201,30.6074],[74.1211,30.6085],[74.1223,30.6183],[74.1275,30.6248],[74.1276,30.6258],[74.1281,30.6258],[74.129,30.6336],[74.1316,30.6339],[74.1324,30.6339],[74.1343,30.6305],[74.1405,30.6294],[74.1431,30.6307],[74.1509,30.6326],[74.1523,30.6335],[74.1543,30.6366],[74.1608,30.6414],[74.1673,30.6455],[74.1688,30.6471],[74.1688,30.648],[74.1757,30.6507],[74.177,30.6516],[74.1803,30.6555],[74.1827,30.66],[74.1862,30.6636],[74.1876,30.6643],[74.1927,30.6651],[74.1939,30.6655],[74.1949,30.6664],[74.198,30.6682],[74.1993,30.6686],[74.2096,30.682],[74.2107,30.6843],[74.2135,30.6863],[74.2206,30.6924],[74.2215,30.6956],[74.2232,30.706],[74.2268,30.7094],[74.2304,30.7196],[74.2321,30.7225],[74.233,30.7232],[74.2351,30.7236],[74.2359,30.7236],[74.2408,30.7225],[74.245,30.7255],[74.2486,30.7262],[74.2536,30.7251],[74.2581,30.7241],[74.2607,30.7248],[74.2625,30.7244],[74.2654,30.7251],[74.2677,30.7264],[74.2734,30.7326],[74.281,30.7336],[74.2826,30.7334],[74.287,30.7353],[74.2877,30.7366],[74.2878,30.7405],[74.2866,30.7414],[74.286,30.7416],[74.2838,30.7436],[74.2836,30.745],[74.2776,30.7481],[74.277,30.7557],[74.276,30.7583],[74.2736,30.7604],[74.2725,30.761],[74.2718,30.7626],[74.2657,30.766],[74.2655,30.7676],[74.2647,30.768],[74.2639,30.7684],[74.2636,30.7721],[74.2641,30.7732],[74.2672,30.7757],[74.2717,30.7771],[74.2733,30.7768],[74.2743,30.7764],[74.2746,30.7757],[74.2767,30.7744],[74.278,30.7739],[74.2832,30.773],[74.2902,30.7773],[74.2952,30.7782],[74.2967,30.7781],[74.3023,30.7796],[74.3075,30.7828],[74.3085,30.7839],[74.3103,30.7871],[74.3102,30.79],[74.3093,30.7911],[74.3088,30.7914],[74.308,30.7936],[74.3074,30.7941],[74.3018,30.7954],[74.298,30.797],[74.2972,30.7979],[74.2969,30.8008],[74.3035,30.8035],[74.3045,30.8044],[74.3058,30.8114],[74.3066,30.8128],[74.3096,30.8155],[74.3136,30.8176],[74.3189,30.8223],[74.3197,30.825],[74.3218,30.8359],[74.3229,30.8418],[74.3254,30.8449],[74.3275,30.8488],[74.3313,30.8508],[74.3318,30.851],[74.3347,30.8515],[74.3407,30.8499],[74.3425,30.8502],[74.3426,30.8514],[74.3426,30.852],[74.3427,30.8536],[74.3438,30.8542],[74.3488,30.8553],[74.3523,30.8552],[74.354,30.8556],[74.3574,30.8554],[74.3574,30.8547],[74.3579,30.8545],[74.3587,30.854],[74.3587,30.8502],[74.3619,30.8493],[74.3627,30.8491],[74.3658,30.85],[74.3682,30.8518],[74.3685,30.8536],[74.3713,30.8604],[74.3727,30.8611],[74.3762,30.8617],[74.3773,30.8613],[74.3781,30.8615],[74.3809,30.8613],[74.382,30.8611],[74.3841,30.8622],[74.3846,30.8627],[74.3858,30.8654],[74.3855,30.8661],[74.3843,30.8665],[74.381,30.8683],[74.3803,30.8685],[74.373,30.8701],[74.3717,30.8708],[74.372,30.8721],[74.3715,30.8735],[74.3678,30.8747],[74.3642,30.8788],[74.3664,30.8801],[74.3686,30.8821],[74.3699,30.8845],[74.3701,30.8868],[74.3723,30.8949],[74.3735,30.8959],[74.3797,30.8968],[74.3832,30.8972],[74.3902,30.8997],[74.3938,30.9018],[74.3953,30.9036],[74.3957,30.9045],[74.3969,30.9049],[74.408,30.9124],[74.4097,30.9127],[74.4112,30.9129],[74.4192,30.9129],[74.4255,30.9115],[74.426,30.9118],[74.4268,30.9122],[74.4287,30.914],[74.4289,30.9156],[74.4281,30.9183],[74.4242,30.9215],[74.4134,30.9265],[74.4179,30.9268],[74.4218,30.9271],[74.4278,30.9262],[74.4289,30.9271],[74.4278,30.9316],[74.4246,30.9337],[74.4209,30.9357],[74.4211,30.9368],[74.4244,30.94],[74.4251,30.9429],[74.4278,30.9445],[74.4396,30.9475],[74.4411,30.9482],[74.4457,30.9524],[74.4479,30.9538],[74.4495,30.954],[74.4548,30.954],[74.4605,30.9529],[74.4615,30.9538],[74.4615,30.9561],[74.4609,30.9575],[74.4609,30.9588],[74.4626,30.9595],[74.4665,30.959],[74.467,30.9593],[74.4688,30.9602],[74.4692,30.9608],[74.4694,30.962],[74.4659,30.9651],[74.4597,30.9697],[74.4631,30.9701],[74.4675,30.9721],[74.4798,30.9758],[74.489,30.9767],[74.4926,30.9771],[74.4984,30.9751],[74.4993,30.9734],[74.4999,30.9732],[74.4999,30.9725],[74.5005,30.971],[74.501,30.9708],[74.5018,30.9703],[74.5022,30.969],[74.5067,30.9664],[74.5087,30.9684],[74.5115,30.9699],[74.5162,30.9787],[74.5207,30.9809],[74.5214,30.9812],[74.5261,30.9857],[74.5345,30.9898],[74.5445,30.9914],[74.5484,30.993],[74.55,30.9943],[74.5504,30.9982],[74.5498,30.9984],[74.5489,31.0011],[74.548,31.0017],[74.5469,31.003],[74.5455,31.0059],[74.5437,31.0101],[74.5437,31.0135],[74.5476,31.0176],[74.5499,31.0325],[74.5525,31.0357],[74.558,31.0395],[74.5617,31.044],[74.5648,31.0461],[74.5652,31.0474],[74.5649,31.0531],[74.5656,31.0542],[74.5712,31.0552],[74.5831,31.0583],[74.5881,31.0587],[74.5918,31.0583],[74.5965,31.0553],[74.5997,31.0436],[74.606,31.0413],[74.6146,31.0454],[74.6174,31.046],[74.6264,31.0468],[74.6345,31.0477],[74.6456,31.0535],[74.6545,31.0538],[74.6581,31.0535],[74.661,31.0538],[74.6681,31.0551],[74.6787,31.0594],[74.6843,31.0621],[74.6859,31.0641],[74.6903,31.0673],[74.6953,31.0727],[74.6972,31.077],[74.6971,31.0805],[74.6963,31.0819],[74.6964,31.0869],[74.6985,31.0901],[74.7032,31.0926],[74.7066,31.096],[74.7066,31.0987],[74.7029,31.1045],[74.7028,31.115],[74.7059,31.1146],[74.7107,31.1095],[74.7126,31.1047],[74.7272,31.1037],[74.7444,31.1042],[74.7459,31.1094],[74.7449,31.1158],[74.7513,31.1121],[74.7597,31.1118],[74.7625,31.1189],[74.7647,31.1288],[74.7909,31.1308],[74.7921,31.1257],[74.8024,31.1142],[74.8075,31.1186],[74.8102,31.1229],[74.8104,31.1339],[74.819,31.1357],[74.8324,31.1334],[74.8503,31.1342],[74.8611,31.1393],[74.8834,31.1516],[74.8969,31.1607],[74.9075,31.1562],[74.9147,31.1559],[74.9214,31.1612],[74.9332,31.1559],[74.9492,31.1499],[74.9843,31.1359],[74.9985,31.1243],[75.0008,31.126],[75.0053,31.1213],[75.0083,31.1198],[75.0119,31.1225],[75.0146,31.1282],[75.014,31.1343],[75.0075,31.1448],[75.0084,31.1458],[75.0157,31.146],[75.0168,31.1498],[75.0231,31.148],[75.0243,31.1565],[75.0359,31.1571],[75.0368,31.1595],[75.0391,31.1618],[75.0446,31.1612],[75.0506,31.1593],[75.0511,31.1574],[75.0498,31.153]]]},"properties":{"district_name":"Firozpur","raw_district_name":"Firozpur","state_code":"PB","state_name":"Punjab","census_code":43,"data_source":"DataMeet India Maps (Census 2011 Boundaries)"}},{"type":"Feature","geometry":{"type":"Polygon","coordinates":[[[75.8847,32.4884],[75.903,32.4717],[75.9113,32.4615],[75.9314,32.4483],[75.9403,32.4385],[75.9473,32.4303],[75.9505,32.4243],[75.948,32.4163],[75.9417,32.4113],[75.9312,32.4098],[75.9269,32.4087],[75.8877,32.398],[75.882,32.3941],[75.8596,32.3789],[75.8531,32.3726],[75.8345,32.3547],[75.8295,32.3502],[75.8148,32.337],[75.8093,32.332],[75.801,32.3234],[75.7987,32.3219],[75.7788,32.3018],[75.7773,32.2958],[75.7701,32.2857],[75.7673,32.2838],[75.7518,32.2734],[75.7202,32.267],[75.7002,32.2648],[75.6912,32.2638],[75.6702,32.2557],[75.6677,32.2553],[75.6562,32.2472],[75.6493,32.2446],[75.6378,32.2346],[75.637,32.2299],[75.6353,32.2201],[75.6335,32.1969],[75.6346,32.1897],[75.6353,32.185],[75.6647,32.1794],[75.6713,32.1763],[75.6769,32.1644],[75.6706,32.1457],[75.6629,32.1373],[75.6462,32.1192],[75.6255,32.0993],[75.5936,32.0814],[75.5877,32.0786],[75.5776,32.0737],[75.5714,32.0599],[75.5686,32.0504],[75.5619,32.0361],[75.5583,32.0337],[75.5481,32.0335],[75.5396,32.0349],[75.5361,32.0317],[75.5393,32.0226],[75.5436,32.0219],[75.5465,32.017],[75.5473,32.0124],[75.5506,32.0073],[75.5573,32.0051],[75.5592,32.0005],[75.5582,31.9961],[75.5475,31.9847],[75.5419,31.9825],[75.5431,31.9783],[75.5396,31.969],[75.5356,31.9651],[75.533,31.9564],[75.5329,31.9503],[75.5305,31.9436],[75.5358,31.9429],[75.5384,31.9402],[75.538,31.9287],[75.5403,31.9265],[75.5524,31.9203],[75.5548,31.9003],[75.5528,31.8928],[75.5536,31.8863],[75.5573,31.8842],[75.5604,31.881],[75.5651,31.8735],[75.5707,31.8633],[75.5728,31.8555],[75.5708,31.8507],[75.5647,31.8417],[75.5647,31.8382],[75.5658,31.835],[75.5653,31.8286],[75.567,31.8258],[75.5708,31.8239],[75.569,31.8077],[75.5663,31.8029],[75.5658,31.7994],[75.5704,31.7955],[75.5735,31.7891],[75.5749,31.7854],[75.5735,31.7809],[75.5736,31.7784],[75.5689,31.7756],[75.5494,31.775],[75.5381,31.7724],[75.5398,31.7599],[75.5389,31.7524],[75.5397,31.7473],[75.5367,31.7374],[75.5331,31.735],[75.5265,31.7289],[75.5189,31.7209],[75.5168,31.7165],[75.5068,31.7078],[75.4976,31.7016],[75.4963,31.7],[75.4933,31.6902],[75.492,31.68],[75.4832,31.675],[75.4811,31.6726],[75.4848,31.671],[75.4817,31.6655],[75.4762,31.659],[75.4749,31.6515],[75.4757,31.6514],[75.4704,31.6461],[75.468,31.6346],[75.4335,31.6274],[75.4298,31.6299],[75.4255,31.6271],[75.4213,31.6231],[75.4184,31.6174],[75.4196,31.6122],[75.4164,31.6123],[75.4154,31.6055],[75.4135,31.5994],[75.4082,31.5958],[75.4049,31.5944],[75.3934,31.602],[75.3912,31.6063],[75.3852,31.614],[75.3781,31.6188],[75.3749,31.6238],[75.3703,31.6236],[75.3618,31.6263],[75.3507,31.6313],[75.3479,31.6348],[75.3433,31.6364],[75.3378,31.6408],[75.3338,31.6397],[75.3284,31.6352],[75.3216,31.641],[75.3093,31.6485],[75.3009,31.6518],[75.3037,31.6591],[75.309,31.6616],[75.3126,31.6686],[75.3084,31.6765],[75.3003,31.6759],[75.2986,31.6796],[75.2915,31.6813],[75.2878,31.677],[75.2845,31.6815],[75.2864,31.695],[75.2854,31.6977],[75.2821,31.6991],[75.2745,31.6952],[75.2654,31.6935],[75.2602,31.6944],[75.2515,31.6931],[75.2483,31.6874],[75.2425,31.6898],[75.2407,31.6831],[75.2361,31.6865],[75.2268,31.6855],[75.2246,31.6927],[75.2141,31.6954],[75.2171,31.7009],[75.2126,31.7054],[75.203,31.7076],[75.1938,31.7123],[75.1935,31.7172],[75.1988,31.7182],[75.203,31.7221],[75.2029,31.7278],[75.1931,31.7347],[75.1889,31.7359],[75.1907,31.7412],[75.186,31.7423],[75.181,31.7405],[75.1758,31.748],[75.1692,31.7477],[75.1647,31.7455],[75.1514,31.7486],[75.1464,31.7542],[75.1449,31.7582],[75.1414,31.7574],[75.1375,31.7542],[75.1339,31.753],[75.1265,31.7534],[75.1199,31.7578],[75.1175,31.7504],[75.1112,31.7543],[75.1057,31.7558],[75.0985,31.7605],[75.1002,31.7673],[75.1062,31.7663],[75.1103,31.7686],[75.1143,31.7743],[75.113,31.78],[75.103,31.7834],[75.0944,31.7902],[75.0869,31.7909],[75.0833,31.795],[75.0807,31.8008],[75.0768,31.8061],[75.0556,31.808],[75.0457,31.8029],[75.0389,31.8042],[75.0345,31.8109],[75.0302,31.8105],[75.0256,31.8139],[75.027,31.8176],[75.0258,31.8232],[75.0125,31.8177],[75.009,31.8247],[74.9985,31.8269],[74.9939,31.828],[74.9835,31.8338],[74.9688,31.8343],[74.9672,31.8414],[74.9674,31.8462],[74.9637,31.8547],[74.9536,31.8592],[74.9453,31.8612],[74.9451,31.8657],[74.9465,31.8719],[74.9421,31.873],[74.938,31.8695],[74.9269,31.8778],[74.9178,31.8823],[74.9197,31.8945],[74.9113,31.8953],[74.9062,31.8972],[74.9053,31.9048],[74.8886,31.9329],[74.8954,31.9359],[74.9016,31.9339],[74.91,31.94],[74.9213,31.9442],[74.9294,31.9408],[74.9332,31.9421],[74.9407,31.9432],[74.939,31.9478],[74.9584,31.9548],[74.9733,31.9617],[74.9726,31.9683],[74.9742,31.9768],[74.9614,31.9734],[74.9481,31.9717],[74.9496,31.9651],[74.9379,31.9635],[74.9301,31.9675],[74.925,31.9736],[74.9153,31.9773],[74.9181,31.9861],[74.9279,32.0002],[74.9323,32.0056],[74.9354,32.0049],[74.9377,32.0085],[74.9316,32.0098],[74.9331,32.0123],[74.9366,32.0132],[74.9364,32.0153],[74.9346,32.0178],[74.9314,32.0198],[74.9302,32.027],[74.924,32.0414],[74.9208,32.0452],[74.9129,32.0506],[74.9123,32.051],[74.9132,32.0512],[74.914,32.0516],[74.9175,32.0584],[74.9185,32.0591],[74.9196,32.0617],[74.9212,32.0638],[74.9277,32.0662],[74.9286,32.0665],[74.9403,32.0669],[74.9535,32.0631],[74.9624,32.0583],[74.9657,32.0569],[74.9761,32.0539],[74.9786,32.0532],[74.9805,32.0522],[74.981,32.0485],[74.9805,32.0482],[74.9784,32.0461],[74.978,32.0452],[74.9781,32.0443],[74.9826,32.0432],[74.9847,32.0429],[74.9851,32.0433],[74.9866,32.0433],[74.9877,32.0431],[75.0003,32.0442],[75.0033,32.0444],[75.0044,32.0442],[75.0051,32.044],[75.0067,32.0444],[75.0075,32.0439],[75.0075,32.0426],[75.0081,32.0422],[75.0094,32.0383],[75.011,32.0374],[75.0125,32.0368],[75.0134,32.035],[75.0162,32.0379],[75.0171,32.0389],[75.0189,32.0419],[75.0217,32.0439],[75.0237,32.0454],[75.0245,32.0464],[75.0367,32.05],[75.0385,32.0502],[75.0392,32.0485],[75.0396,32.0445],[75.043,32.0434],[75.0443,32.0439],[75.0498,32.049],[75.0513,32.0499],[75.0542,32.051],[75.0618,32.0526],[75.0651,32.0557],[75.0723,32.0632],[75.074,32.0616],[75.0762,32.0618],[75.077,32.0614],[75.078,32.0602],[75.0825,32.0589],[75.0833,32.0593],[75.0871,32.0605],[75.0889,32.0607],[75.0897,32.0614],[75.0919,32.0621],[75.0932,32.0625],[75.0937,32.0629],[75.1003,32.0638],[75.1007,32.0629],[75.1045,32.0608],[75.1066,32.0603],[75.1088,32.0617],[75.1093,32.0622],[75.1099,32.0674],[75.112,32.0712],[75.1132,32.0721],[75.1226,32.0757],[75.1239,32.0768],[75.125,32.0775],[75.1281,32.082],[75.1308,32.0836],[75.1324,32.0839],[75.1346,32.084],[75.1378,32.0828],[75.1444,32.0815],[75.146,32.0821],[75.1528,32.0837],[75.1564,32.0841],[75.159,32.0837],[75.1665,32.0812],[75.1673,32.0798],[75.168,32.0796],[75.1687,32.0767],[75.1694,32.0762],[75.1716,32.073],[75.1721,32.0728],[75.1729,32.0692],[75.1774,32.0685],[75.179,32.0687],[75.1813,32.0709],[75.1827,32.0721],[75.1862,32.0797],[75.1894,32.082],[75.1955,32.0828],[75.1961,32.0826],[75.1982,32.0833],[75.199,32.0837],[75.1997,32.0844],[75.2001,32.0878],[75.1998,32.0959],[75.2023,32.1],[75.2038,32.1009],[75.2062,32.1013],[75.2078,32.1009],[75.2083,32.1013],[75.2079,32.1153],[75.208,32.116],[75.21,32.1173],[75.2137,32.118],[75.2193,32.1167],[75.22,32.116],[75.2237,32.1037],[75.2245,32.1033],[75.2264,32.1026],[75.2286,32.1033],[75.2274,32.1019],[75.2311,32.103],[75.2336,32.1016],[75.2347,32.0935],[75.2397,32.0909],[75.2473,32.0966],[75.2483,32.0989],[75.2501,32.0998],[75.2524,32.1012],[75.2537,32.1018],[75.2587,32.1025],[75.2614,32.102],[75.2625,32.1027],[75.2655,32.1002],[75.2665,32.1076],[75.2679,32.1083],[75.2747,32.1143],[75.2765,32.1159],[75.2768,32.1164],[75.2829,32.1195],[75.2832,32.1238],[75.2843,32.1254],[75.2872,32.1279],[75.2875,32.1319],[75.2851,32.1337],[75.2843,32.1337],[75.2814,32.136],[75.2814,32.1396],[75.283,32.1428],[75.2853,32.1444],[75.2901,32.1488],[75.2911,32.1493],[75.2914,32.15],[75.2945,32.1513],[75.3017,32.1522],[75.3025,32.1526],[75.3033,32.1533],[75.3056,32.1614],[75.3087,32.168],[75.3097,32.1698],[75.3153,32.1742],[75.3185,32.1747],[75.3193,32.1744],[75.3206,32.1742],[75.3217,32.1747],[75.3223,32.1796],[75.3219,32.181],[75.3213,32.1812],[75.3205,32.1832],[75.32,32.1916],[75.3191,32.1923],[75.3172,32.1919],[75.3161,32.1916],[75.3137,32.1923],[75.3139,32.1959],[75.316,32.1993],[75.3169,32.2],[75.3277,32.2141],[75.3292,32.2155],[75.3299,32.2162],[75.3313,32.2176],[75.3327,32.2187],[75.3382,32.2194],[75.345,32.2193],[75.3484,32.2196],[75.3551,32.2181],[75.3583,32.219],[75.3594,32.2188],[75.3612,32.2185],[75.3647,32.2201],[75.3676,32.2232],[75.373,32.2263],[75.3743,32.2275],[75.3755,32.2322],[75.3763,32.2327],[75.3778,32.2342],[75.3782,32.2351],[75.3787,32.2387],[75.3786,32.2397],[75.3776,32.2403],[75.3768,32.2408],[75.3755,32.2446],[75.3744,32.2453],[75.3734,32.2463],[75.372,32.2494],[75.3721,32.2523],[75.3737,32.2591],[75.3746,32.26],[75.3782,32.2623],[75.3801,32.2629],[75.3811,32.2645],[75.3813,32.2655],[75.3821,32.2693],[75.3793,32.2723],[75.3762,32.2749],[75.3762,32.2754],[75.3714,32.279],[75.3672,32.2786],[75.3576,32.2759],[75.3558,32.2762],[75.3491,32.278],[75.3521,32.2868],[75.3511,32.2877],[75.3421,32.2916],[75.3322,32.2937],[75.328,32.296],[75.3274,32.2973],[75.3272,32.3001],[75.328,32.3016],[75.3318,32.3048],[75.3346,32.3108],[75.3353,32.3116],[75.339,32.3147],[75.3394,32.3158],[75.3405,32.318],[75.3414,32.3187],[75.3415,32.3201],[75.3412,32.3208],[75.3377,32.3233],[75.3375,32.3242],[75.3373,32.3248],[75.3363,32.3253],[75.3348,32.3264],[75.3338,32.3278],[75.3328,32.3282],[75.3396,32.3424],[75.3396,32.3424],[75.3405,32.3436],[75.347,32.3454],[75.3592,32.3409],[75.3605,32.3398],[75.3744,32.3355],[75.3887,32.3311],[75.3938,32.3294],[75.4012,32.3282],[75.4127,32.3268],[75.4302,32.3247],[75.4463,32.3269],[75.4479,32.3271],[75.4639,32.3317],[75.4671,32.3322],[75.4717,32.3339],[75.482,32.3392],[75.4876,32.3404],[75.4889,32.3396],[75.4889,32.3396],[75.483,32.3179],[75.483,32.3179],[75.4867,32.315],[75.4952,32.3106],[75.5,32.3106],[75.5055,32.3105],[75.5058,32.3092],[75.5064,32.307],[75.5074,32.3031],[75.5053,32.2882],[75.5053,32.2882],[75.5099,32.2771],[75.5142,32.2755],[75.5165,32.2763],[75.5197,32.2797],[75.5208,32.2815],[75.5311,32.2982],[75.5396,32.3403],[75.5446,32.3491],[75.5606,32.3611],[75.5728,32.3672],[75.5825,32.372],[75.6082,32.3819],[75.6525,32.3874],[75.6636,32.3889],[75.6783,32.3935],[75.7006,32.4006],[75.7139,32.4095],[75.7272,32.4181],[75.731,32.4238],[75.7355,32.4303],[75.7409,32.4383],[75.7454,32.445],[75.7511,32.4546],[75.7595,32.4691],[75.7609,32.4742],[75.7617,32.4763],[75.7688,32.4752],[75.7883,32.475],[75.7947,32.4749],[75.806,32.4787],[75.8202,32.4869],[75.8316,32.4991],[75.8395,32.5075],[75.841,32.5091],[75.8449,32.5198],[75.8465,32.5244],[75.8538,32.5375],[75.8726,32.5583],[75.8879,32.5751],[75.8886,32.576],[75.8915,32.5707],[75.8864,32.5586],[75.8724,32.5375],[75.8674,32.5211],[75.8669,32.5077],[75.8712,32.4993],[75.8847,32.4884]]]},"properties":{"district_name":"Gurdaspur","raw_district_name":"Gurdaspur","state_code":"PB","state_name":"Punjab","census_code":35,"data_source":"DataMeet India Maps (Census 2011 Boundaries)"}},{"type":"Feature","geometry":{"type":"Polygon","coordinates":[[[75.959,31.8562],[75.9644,31.8468],[75.9683,31.8386],[75.9704,31.831],[75.9823,31.8221],[75.9856,31.8178],[75.9861,31.8132],[75.9816,31.8135],[75.975,31.8171],[75.9676,31.8226],[75.9634,31.8218],[75.9507,31.8169],[75.9479,31.8137],[75.944,31.8139],[75.9414,31.8151],[75.9364,31.8159],[75.9418,31.8038],[75.9476,31.7958],[75.9504,31.7884],[75.951,31.783],[75.9596,31.7799],[75.9664,31.7616],[75.974,31.7481],[75.9743,31.7428],[75.972,31.739],[75.9755,31.7353],[75.9805,31.732],[75.9838,31.7182],[75.9871,31.7136],[75.9918,31.7035],[75.9902,31.6938],[76,31.6838],[76.0051,31.6832],[76.0054,31.6842],[76.0066,31.6829],[76.0091,31.68],[76.0118,31.6744],[76.0117,31.6673],[76.0191,31.6614],[76.0183,31.6553],[76.0206,31.6498],[76.0171,31.6449],[76.0319,31.6199],[76.0375,31.6137],[76.0457,31.6077],[76.051,31.605],[76.0543,31.6067],[76.0583,31.6012],[76.057,31.5941],[76.0574,31.5902],[76.0658,31.58],[76.0791,31.5599],[76.0803,31.5586],[76.0858,31.5523],[76.091,31.5441],[76.0982,31.5352],[76.1032,31.5257],[76.1048,31.517],[76.1087,31.5122],[76.1183,31.5003],[76.1223,31.4931],[76.1221,31.4802],[76.1288,31.4715],[76.1296,31.4634],[76.1354,31.4589],[76.1367,31.4516],[76.1423,31.4416],[76.1491,31.4354],[76.1575,31.4301],[76.1612,31.4234],[76.1611,31.4167],[76.1675,31.4118],[76.1708,31.4023],[76.167,31.395],[76.1611,31.3897],[76.1526,31.3847],[76.148,31.3805],[76.1489,31.3595],[76.1535,31.3509],[76.1616,31.3459],[76.172,31.3447],[76.1802,31.3392],[76.18,31.3239],[76.1823,31.3118],[76.1867,31.3044],[76.1995,31.3023],[76.2202,31.3028],[76.2288,31.3052],[76.2371,31.3106],[76.258,31.3112],[76.2695,31.3125],[76.2751,31.3033],[76.2823,31.3041],[76.2913,31.3074],[76.2919,31.2998],[76.2944,31.2956],[76.2991,31.2928],[76.3084,31.2928],[76.3099,31.2894],[76.3108,31.2787],[76.3131,31.275],[76.3189,31.2705],[76.3269,31.267],[76.332,31.2633],[76.337,31.2513],[76.3403,31.2472],[76.3517,31.2383],[76.3473,31.2324],[76.3391,31.2302],[76.3355,31.2267],[76.3387,31.2258],[76.3357,31.2254],[76.3314,31.225],[76.3087,31.212],[76.3013,31.2165],[76.2919,31.2221],[76.2832,31.2335],[76.2741,31.2387],[76.2569,31.2386],[76.2468,31.2455],[76.2388,31.2383],[76.2278,31.2133],[76.2231,31.2017],[76.2108,31.1951],[76.1976,31.1879],[76.1978,31.1843],[76.2078,31.1658],[76.1999,31.1549],[76.2075,31.1466],[76.2086,31.1412],[76.2068,31.1378],[76.1932,31.1303],[76.1948,31.1331],[76.1868,31.1337],[76.1826,31.1355],[76.1731,31.1357],[76.1702,31.1406],[76.1576,31.1443],[76.1582,31.1508],[76.1555,31.154],[76.1488,31.154],[76.1418,31.1486],[76.1389,31.1518],[76.1334,31.1678],[76.1258,31.1671],[76.1199,31.1678],[76.1121,31.1725],[76.1079,31.1763],[76.1031,31.1783],[76.0995,31.1841],[76.0952,31.1965],[76.0886,31.1992],[76.0914,31.2065],[76.0908,31.214],[76.0896,31.2178],[76.0893,31.2246],[76.0826,31.226],[76.0776,31.2289],[76.0657,31.2255],[76.0667,31.2184],[76.0616,31.2163],[76.0535,31.2167],[76.0498,31.2145],[76.0463,31.2176],[76.0507,31.223],[76.0538,31.2246],[76.0534,31.2274],[76.0481,31.2323],[76.031,31.2409],[76.0285,31.2465],[76.0289,31.2538],[76.0257,31.259],[76.0212,31.2567],[76.0097,31.2444],[76.0038,31.2445],[76,31.2481],[75.9941,31.2558],[75.9951,31.2598],[75.9721,31.2539],[75.969,31.2573],[75.9625,31.2557],[75.9541,31.256],[75.955,31.2594],[75.954,31.2641],[75.9491,31.2659],[75.9449,31.2731],[75.9388,31.2739],[75.9344,31.2716],[75.9312,31.269],[75.9275,31.2715],[75.9254,31.2753],[75.92,31.2785],[75.913,31.2781],[75.9014,31.281],[75.892,31.2758],[75.8885,31.2765],[75.8872,31.2843],[75.8851,31.2868],[75.8848,31.2913],[75.8801,31.2921],[75.8776,31.2864],[75.8669,31.2825],[75.8657,31.2901],[75.86,31.2903],[75.8559,31.2922],[75.8542,31.2957],[75.8566,31.2996],[75.8632,31.3056],[75.8683,31.3124],[75.8669,31.3186],[75.8768,31.3281],[75.8779,31.3267],[75.8773,31.324],[75.879,31.3221],[75.8809,31.3221],[75.8825,31.3286],[75.8852,31.3313],[75.8861,31.3352],[75.8891,31.3369],[75.8941,31.3378],[75.9062,31.3376],[75.9083,31.3458],[75.9042,31.3446],[75.8965,31.3403],[75.8914,31.3415],[75.8895,31.3474],[75.8786,31.3561],[75.875,31.3548],[75.871,31.3553],[75.8583,31.3513],[75.8571,31.3541],[75.8553,31.3649],[75.8517,31.369],[75.8459,31.3725],[75.8386,31.3717],[75.8325,31.372],[75.8334,31.3664],[75.8313,31.3615],[75.8232,31.3591],[75.817,31.3615],[75.8116,31.3707],[75.8076,31.3703],[75.8044,31.3741],[75.8005,31.3741],[75.7945,31.3707],[75.7884,31.37],[75.7848,31.3761],[75.7833,31.3818],[75.784,31.3838],[75.8055,31.3923],[75.8105,31.4014],[75.8203,31.4043],[75.823,31.4057],[75.8224,31.4091],[75.8189,31.4135],[75.8158,31.4223],[75.8206,31.4254],[75.8189,31.4287],[75.8109,31.4353],[75.8063,31.4406],[75.8035,31.4471],[75.8014,31.4549],[75.7983,31.4555],[75.7946,31.4501],[75.7901,31.4502],[75.782,31.4676],[75.7787,31.4729],[75.7733,31.474],[75.7704,31.4738],[75.7676,31.4778],[75.762,31.4772],[75.7601,31.476],[75.7522,31.4855],[75.7492,31.4853],[75.7426,31.4929],[75.7406,31.4934],[75.7364,31.4976],[75.739,31.5039],[75.7354,31.5072],[75.7339,31.513],[75.7306,31.5178],[75.7274,31.517],[75.7258,31.5198],[75.7219,31.5203],[75.7174,31.5221],[75.7161,31.5254],[75.7119,31.5306],[75.7045,31.5287],[75.7006,31.5389],[75.7052,31.5415],[75.7062,31.5468],[75.7051,31.5509],[75.703,31.5557],[75.6942,31.5557],[75.6943,31.5595],[75.6885,31.5704],[75.6842,31.5733],[75.6816,31.5796],[75.6842,31.582],[75.6829,31.5851],[75.6821,31.5924],[75.6758,31.594],[75.6701,31.5974],[75.6728,31.6028],[75.671,31.6075],[75.6673,31.6074],[75.6618,31.6057],[75.6508,31.6063],[75.6478,31.6095],[75.646,31.6145],[75.6441,31.616],[75.6409,31.617],[75.6388,31.6164],[75.6405,31.6118],[75.637,31.6124],[75.6339,31.6142],[75.629,31.6082],[75.6236,31.6047],[75.6182,31.6055],[75.6094,31.6109],[75.6035,31.6125],[75.5992,31.6113],[75.595,31.6048],[75.5763,31.6095],[75.5748,31.6175],[75.5728,31.6169],[75.5715,31.6104],[75.5687,31.6113],[75.5684,31.6163],[75.5702,31.6206],[75.57,31.6278],[75.573,31.6363],[75.5707,31.6382],[75.5633,31.64],[75.5567,31.6406],[75.5563,31.638],[75.5516,31.6347],[75.5482,31.6367],[75.5484,31.6408],[75.5452,31.6487],[75.5419,31.651],[75.5331,31.6499],[75.5316,31.6472],[75.532,31.6434],[75.5309,31.6395],[75.5322,31.6364],[75.5308,31.6355],[75.5256,31.6347],[75.5261,31.6369],[75.5249,31.6393],[75.5225,31.6415],[75.5149,31.6413],[75.5112,31.6438],[75.5022,31.6432],[75.4983,31.6421],[75.4884,31.6487],[75.4833,31.6511],[75.4757,31.6514],[75.4749,31.6515],[75.4762,31.659],[75.4817,31.6655],[75.4848,31.671],[75.4811,31.6726],[75.4832,31.675],[75.492,31.68],[75.4933,31.6902],[75.4963,31.7],[75.4976,31.7016],[75.5068,31.7078],[75.5168,31.7165],[75.5189,31.7209],[75.5265,31.7289],[75.5331,31.735],[75.5367,31.7374],[75.5397,31.7473],[75.5389,31.7524],[75.5398,31.7599],[75.5381,31.7724],[75.5494,31.775],[75.5689,31.7756],[75.5736,31.7784],[75.5735,31.7809],[75.5749,31.7854],[75.5735,31.7891],[75.5704,31.7955],[75.5658,31.7994],[75.5663,31.8029],[75.569,31.8077],[75.5708,31.8239],[75.567,31.8258],[75.5653,31.8286],[75.5658,31.835],[75.5647,31.8382],[75.5647,31.8417],[75.5708,31.8507],[75.5728,31.8555],[75.5707,31.8633],[75.5651,31.8735],[75.5604,31.881],[75.5573,31.8842],[75.5536,31.8863],[75.5528,31.8928],[75.5548,31.9003],[75.5524,31.9203],[75.5403,31.9265],[75.538,31.9287],[75.5384,31.9402],[75.5358,31.9429],[75.5305,31.9436],[75.5329,31.9503],[75.533,31.9564],[75.5356,31.9651],[75.5396,31.969],[75.5431,31.9783],[75.5419,31.9825],[75.5475,31.9847],[75.5582,31.9961],[75.5592,32.0005],[75.5573,32.0051],[75.5506,32.0073],[75.5473,32.0124],[75.5465,32.017],[75.5436,32.0219],[75.5393,32.0226],[75.5361,32.0317],[75.5396,32.0349],[75.5481,32.0335],[75.5583,32.0337],[75.5619,32.0361],[75.5686,32.0504],[75.5714,32.0599],[75.5776,32.0737],[75.5877,32.0786],[75.5936,32.0814],[75.6134,32.0657],[75.6245,32.0691],[75.6402,32.0723],[75.655,32.0764],[75.6643,32.0768],[75.688,32.0665],[75.7048,32.061],[75.7072,32.0589],[75.7153,32.043],[75.7254,32.0354],[75.7381,32.0356],[75.7489,32.0367],[75.7529,32.0352],[75.755,32.0338],[75.7633,32.0265],[75.7687,32.0192],[75.7764,32.0132],[75.7813,32.0069],[75.7892,32],[75.7992,31.9935],[75.81,31.9878],[75.8205,31.9842],[75.8289,31.9825],[75.8513,31.9807],[75.8565,31.9727],[75.8662,31.9716],[75.8717,31.9685],[75.8811,31.9678],[75.8834,31.9659],[75.8846,31.965],[75.8926,31.961],[75.9094,31.9487],[75.9108,31.9392],[75.9176,31.9268],[75.9275,31.9154],[75.9409,31.8886],[75.9462,31.8826],[75.9531,31.8666],[75.959,31.8562]]]},"properties":{"district_name":"Hoshiarpur","raw_district_name":"Hoshiarpur","state_code":"PB","state_name":"Punjab","census_code":38,"data_source":"DataMeet India Maps (Census 2011 Boundaries)"}},{"type":"Feature","geometry":{"type":"Polygon","coordinates":[[[75.7884,31.37],[75.7877,31.3632],[75.7745,31.3547],[75.769,31.3549],[75.7658,31.3524],[75.7629,31.3468],[75.7631,31.3416],[75.7605,31.3379],[75.7595,31.3304],[75.7563,31.3286],[75.7487,31.3297],[75.7453,31.3274],[75.7395,31.3255],[75.7387,31.3296],[75.7366,31.333],[75.7331,31.3366],[75.7316,31.3405],[75.7287,31.3438],[75.7232,31.3467],[75.7167,31.3472],[75.712,31.349],[75.7008,31.3474],[75.7046,31.3436],[75.7118,31.3338],[75.7182,31.3283],[75.723,31.3225],[75.7202,31.316],[75.7158,31.317],[75.6863,31.3194],[75.6838,31.3127],[75.6861,31.3072],[75.6912,31.3027],[75.697,31.2994],[75.7027,31.2886],[75.6998,31.2883],[75.6977,31.2858],[75.6934,31.2871],[75.6847,31.2921],[75.6788,31.2943],[75.6791,31.2905],[75.6755,31.2877],[75.676,31.2852],[75.674,31.2712],[75.6806,31.2662],[75.6775,31.2586],[75.6794,31.2544],[75.674,31.2522],[75.6732,31.2505],[75.6789,31.2456],[75.6726,31.2459],[75.6714,31.2406],[75.6721,31.2383],[75.6756,31.2339],[75.6835,31.2323],[75.6929,31.2372],[75.6968,31.2463],[75.6998,31.2473],[75.7056,31.2403],[75.7124,31.2226],[75.7097,31.2159],[75.7053,31.2164],[75.7006,31.2127],[75.6922,31.2122],[75.6902,31.2016],[75.6874,31.1971],[75.6976,31.1885],[75.6977,31.1827],[75.6966,31.1764],[75.7021,31.1723],[75.7029,31.1688],[75.7068,31.1663],[75.7218,31.1646],[75.7265,31.1668],[75.7381,31.1633],[75.7441,31.1641],[75.7543,31.1625],[75.7613,31.1639],[75.7655,31.1613],[75.7716,31.1609],[75.779,31.1656],[75.7783,31.1773],[75.7765,31.183],[75.7774,31.1893],[75.7806,31.1959],[75.7879,31.1986],[75.7879,31.1986],[75.7879,31.1986],[75.8074,31.1928],[75.8116,31.1892],[75.8277,31.1853],[75.8419,31.1846],[75.853,31.1817],[75.8533,31.1756],[75.867,31.1691],[75.8709,31.1646],[75.8822,31.1656],[75.8757,31.1622],[75.8842,31.1516],[75.8934,31.1561],[75.8987,31.1474],[75.9001,31.1401],[75.9005,31.1321],[75.9123,31.1103],[75.9123,31.0979],[75.9277,31.0936],[75.9303,31.0781],[75.9312,31.068],[75.9425,31.0537],[75.9482,31.0323],[75.9536,31.0119],[75.9421,31.0081],[75.9338,31.0106],[75.9174,31.0192],[75.909,31.0186],[75.9006,31.0158],[75.8981,31.0122],[75.8985,31.0069],[75.8959,31.0058],[75.8931,31.008],[75.8869,31.0074],[75.8834,31.0095],[75.8712,31.0105],[75.8674,31.0068],[75.8596,31.0059],[75.8458,31.0104],[75.8275,31.0044],[75.8257,31.0007],[75.8066,30.9946],[75.7992,30.994],[75.7926,30.995],[75.7854,30.9973],[75.782,31.0008],[75.7787,31.0029],[75.7771,31.0045],[75.7711,31.0039],[75.7713,31.0104],[75.7619,31.0107],[75.7599,31.015],[75.738,31.0113],[75.736,31.0058],[75.7307,31.0043],[75.7183,31.0051],[75.7186,31.0009],[75.7071,30.999],[75.7023,30.995],[75.7,30.9951],[75.6913,30.9934],[75.6807,30.9903],[75.6741,30.9857],[75.6634,30.9845],[75.6581,30.9827],[75.653,30.9822],[75.6439,30.9813],[75.6322,30.9763],[75.6144,30.9739],[75.6108,30.971],[75.6026,30.9689],[75.5962,30.9692],[75.5913,30.9722],[75.5839,30.9713],[75.5813,30.9738],[75.5745,30.9778],[75.5637,30.9785],[75.5623,30.9762],[75.5492,30.9749],[75.5391,30.9728],[75.5187,30.9722],[75.5103,30.974],[75.4944,30.9706],[75.4753,30.9769],[75.4651,30.9791],[75.4529,30.98],[75.4414,30.9823],[75.4282,30.9815],[75.4212,30.9866],[75.4097,30.9795],[75.3908,30.9858],[75.3718,30.9888],[75.3554,30.9889],[75.3069,31.0007],[75.3061,31.0036],[75.3092,31.0153],[75.3046,31.0161],[75.2973,31.0146],[75.2944,31.0239],[75.2951,31.0341],[75.283,31.0422],[75.2775,31.039],[75.2728,31.0393],[75.2692,31.0435],[75.2574,31.0453],[75.2494,31.0452],[75.249,31.0433],[75.2411,31.0461],[75.2391,31.0488],[75.2383,31.0539],[75.2362,31.0572],[75.2326,31.0582],[75.2295,31.0657],[75.217,31.0646],[75.2156,31.0675],[75.2133,31.0669],[75.2112,31.0688],[75.202,31.0714],[75.1988,31.0715],[75.1984,31.0756],[75.1946,31.0793],[75.1891,31.0783],[75.1841,31.0783],[75.1801,31.0806],[75.1748,31.0791],[75.1732,31.0817],[75.1776,31.0818],[75.1785,31.0845],[75.1717,31.0872],[75.1709,31.0937],[75.1674,31.094],[75.1646,31.089],[75.154,31.082],[75.1486,31.0878],[75.1424,31.0893],[75.136,31.089],[75.1324,31.0919],[75.1327,31.097],[75.1249,31.0964],[75.1171,31.0927],[75.1132,31.0921],[75.108,31.0948],[75.1066,31.1015],[75.1026,31.1012],[75.1049,31.1049],[75.108,31.1165],[75.0997,31.1183],[75.0835,31.1246],[75.0797,31.1232],[75.0752,31.1241],[75.073,31.1273],[75.0743,31.134],[75.0741,31.1444],[75.0812,31.1527],[75.0854,31.1512],[75.0887,31.1514],[75.0915,31.1502],[75.1049,31.1508],[75.1147,31.1573],[75.1199,31.1573],[75.1248,31.167],[75.1304,31.1693],[75.144,31.1684],[75.1469,31.1656],[75.1583,31.1669],[75.1663,31.1651],[75.1778,31.1647],[75.188,31.167],[75.1886,31.1724],[75.1912,31.1769],[75.1953,31.182],[75.2034,31.1852],[75.2127,31.1855],[75.2203,31.1801],[75.2258,31.1743],[75.229,31.168],[75.2293,31.1554],[75.2333,31.153],[75.2405,31.1527],[75.2542,31.1536],[75.2644,31.1496],[75.2702,31.1484],[75.2724,31.1498],[75.2756,31.1555],[75.2763,31.1598],[75.2728,31.1612],[75.2725,31.165],[75.2754,31.1687],[75.2726,31.1735],[75.2727,31.1787],[75.2767,31.1874],[75.2866,31.185],[75.2912,31.1872],[75.2942,31.1935],[75.2993,31.194],[75.3026,31.2067],[75.3065,31.2066],[75.3087,31.2083],[75.3193,31.2075],[75.3237,31.2092],[75.3252,31.2125],[75.3289,31.2165],[75.3357,31.2173],[75.3389,31.2215],[75.34,31.2253],[75.3427,31.2262],[75.3425,31.2282],[75.3464,31.2324],[75.3664,31.2262],[75.3665,31.2299],[75.3645,31.2325],[75.3635,31.2365],[75.3684,31.2399],[75.3728,31.2383],[75.3737,31.2346],[75.3838,31.2336],[75.3851,31.2385],[75.3922,31.2459],[75.3993,31.2464],[75.4051,31.2479],[75.4084,31.2463],[75.414,31.2467],[75.4183,31.2488],[75.4233,31.2491],[75.4251,31.246],[75.4215,31.242],[75.4227,31.2379],[75.4256,31.2355],[75.4253,31.2312],[75.4261,31.2289],[75.4348,31.23],[75.4353,31.2341],[75.438,31.2392],[75.4421,31.2427],[75.4468,31.2428],[75.4537,31.2384],[75.4551,31.2364],[75.4622,31.2381],[75.4913,31.2712],[75.4729,31.2788],[75.4556,31.285],[75.4602,31.2977],[75.4606,31.3028],[75.4509,31.3151],[75.4705,31.3216],[75.4896,31.3231],[75.4935,31.328],[75.4997,31.3457],[75.5027,31.3676],[75.5006,31.3703],[75.4919,31.3656],[75.4824,31.3662],[75.476,31.3743],[75.5107,31.3775],[75.5141,31.3902],[75.4913,31.4019],[75.4881,31.3918],[75.4758,31.3873],[75.4522,31.3887],[75.4469,31.3968],[75.4562,31.4092],[75.4415,31.4178],[75.4436,31.4294],[75.4526,31.4379],[75.4607,31.4348],[75.4633,31.4372],[75.4549,31.4514],[75.4671,31.4496],[75.4733,31.4504],[75.4707,31.4561],[75.4532,31.4807],[75.4458,31.4912],[75.4466,31.5012],[75.4613,31.5048],[75.4816,31.5024],[75.4825,31.5001],[75.4863,31.4965],[75.4965,31.4959],[75.5028,31.4844],[75.5203,31.4732],[75.527,31.4796],[75.5175,31.4891],[75.5262,31.4941],[75.523,31.5055],[75.5239,31.5166],[75.522,31.5313],[75.5365,31.5315],[75.5402,31.5268],[75.5498,31.5307],[75.5501,31.5351],[75.5418,31.5468],[75.535,31.5517],[75.5385,31.556],[75.5468,31.5566],[75.5577,31.5526],[75.5615,31.5479],[75.5689,31.5508],[75.5825,31.5533],[75.5807,31.5568],[75.5826,31.5678],[75.5861,31.5721],[75.6,31.5668],[75.6023,31.57],[75.6039,31.5766],[75.605,31.5765],[75.5975,31.5859],[75.5992,31.5937],[75.595,31.6048],[75.5992,31.6113],[75.6035,31.6125],[75.6094,31.6109],[75.6182,31.6055],[75.6236,31.6047],[75.629,31.6082],[75.6339,31.6142],[75.637,31.6124],[75.6405,31.6118],[75.6388,31.6164],[75.6409,31.617],[75.6441,31.616],[75.646,31.6145],[75.6478,31.6095],[75.6508,31.6063],[75.6618,31.6057],[75.6673,31.6074],[75.671,31.6075],[75.6728,31.6028],[75.6701,31.5974],[75.6758,31.594],[75.6821,31.5924],[75.6829,31.5851],[75.6842,31.582],[75.6816,31.5796],[75.6842,31.5733],[75.6885,31.5704],[75.6943,31.5595],[75.6942,31.5557],[75.703,31.5557],[75.7051,31.5509],[75.7062,31.5468],[75.7052,31.5415],[75.7006,31.5389],[75.7045,31.5287],[75.7119,31.5306],[75.7161,31.5254],[75.7174,31.5221],[75.7219,31.5203],[75.7258,31.5198],[75.7274,31.517],[75.7306,31.5178],[75.7339,31.513],[75.7354,31.5072],[75.739,31.5039],[75.7364,31.4976],[75.7406,31.4934],[75.7426,31.4929],[75.7492,31.4853],[75.7522,31.4855],[75.7601,31.476],[75.762,31.4772],[75.7676,31.4778],[75.7704,31.4738],[75.7733,31.474],[75.7787,31.4729],[75.782,31.4676],[75.7901,31.4502],[75.7946,31.4501],[75.7983,31.4555],[75.8014,31.4549],[75.8035,31.4471],[75.8063,31.4406],[75.8109,31.4353],[75.8189,31.4287],[75.8206,31.4254],[75.8158,31.4223],[75.8189,31.4135],[75.8224,31.4091],[75.823,31.4057],[75.8203,31.4043],[75.8105,31.4014],[75.8055,31.3923],[75.784,31.3838],[75.7833,31.3818],[75.7848,31.3761],[75.7884,31.37]]]},"properties":{"district_name":"Jalandhar","raw_district_name":"Jalandhar","state_code":"PB","state_name":"Punjab","census_code":37,"data_source":"DataMeet India Maps (Census 2011 Boundaries)"}},{"type":"Feature","geometry":{"type":"MultiPolygon","coordinates":[[[[75.4884,31.6487],[75.4983,31.6421],[75.5022,31.6432],[75.5112,31.6438],[75.5149,31.6413],[75.5225,31.6415],[75.5249,31.6393],[75.5261,31.6369],[75.5256,31.6347],[75.5308,31.6355],[75.5322,31.6364],[75.5309,31.6395],[75.532,31.6434],[75.5316,31.6472],[75.5331,31.6499],[75.5419,31.651],[75.5452,31.6487],[75.5484,31.6408],[75.5482,31.6367],[75.5516,31.6347],[75.5563,31.638],[75.5567,31.6406],[75.5633,31.64],[75.5707,31.6382],[75.573,31.6363],[75.57,31.6278],[75.5702,31.6206],[75.5684,31.6163],[75.5687,31.6113],[75.5715,31.6104],[75.5728,31.6169],[75.5748,31.6175],[75.5763,31.6095],[75.595,31.6048],[75.5992,31.5937],[75.5975,31.5859],[75.605,31.5765],[75.6039,31.5766],[75.6023,31.57],[75.6,31.5668],[75.5861,31.5721],[75.5826,31.5678],[75.5807,31.5568],[75.5825,31.5533],[75.5689,31.5508],[75.5615,31.5479],[75.5577,31.5526],[75.5468,31.5566],[75.5385,31.556],[75.535,31.5517],[75.5418,31.5468],[75.5501,31.5351],[75.5498,31.5307],[75.5402,31.5268],[75.5365,31.5315],[75.522,31.5313],[75.5239,31.5166],[75.523,31.5055],[75.5262,31.4941],[75.5175,31.4891],[75.527,31.4796],[75.5203,31.4732],[75.5028,31.4844],[75.4965,31.4959],[75.4863,31.4965],[75.4825,31.5001],[75.4816,31.5024],[75.4613,31.5048],[75.4466,31.5012],[75.4458,31.4912],[75.4532,31.4807],[75.4707,31.4561],[75.4733,31.4504],[75.4671,31.4496],[75.4549,31.4514],[75.4633,31.4372],[75.4607,31.4348],[75.4526,31.4379],[75.4436,31.4294],[75.4415,31.4178],[75.4562,31.4092],[75.4469,31.3968],[75.4522,31.3887],[75.4758,31.3873],[75.4881,31.3918],[75.4913,31.4019],[75.5141,31.3902],[75.5107,31.3775],[75.476,31.3743],[75.4824,31.3662],[75.4919,31.3656],[75.5006,31.3703],[75.5027,31.3676],[75.4997,31.3457],[75.4935,31.328],[75.4896,31.3231],[75.4705,31.3216],[75.4509,31.3151],[75.4606,31.3028],[75.4602,31.2977],[75.4556,31.285],[75.4729,31.2788],[75.4913,31.2712],[75.4622,31.2381],[75.4551,31.2364],[75.4537,31.2384],[75.4468,31.2428],[75.4421,31.2427],[75.438,31.2392],[75.4353,31.2341],[75.4348,31.23],[75.4261,31.2289],[75.4253,31.2312],[75.4256,31.2355],[75.4227,31.2379],[75.4215,31.242],[75.4251,31.246],[75.4233,31.2491],[75.4183,31.2488],[75.414,31.2467],[75.4084,31.2463],[75.4051,31.2479],[75.3993,31.2464],[75.3922,31.2459],[75.3851,31.2385],[75.3838,31.2336],[75.3737,31.2346],[75.3728,31.2383],[75.3684,31.2399],[75.3635,31.2365],[75.3645,31.2325],[75.3665,31.2299],[75.3664,31.2262],[75.3464,31.2324],[75.3425,31.2282],[75.3427,31.2262],[75.34,31.2253],[75.3389,31.2215],[75.3357,31.2173],[75.3289,31.2165],[75.3252,31.2125],[75.3237,31.2092],[75.3193,31.2075],[75.3087,31.2083],[75.3065,31.2066],[75.3026,31.2067],[75.2993,31.194],[75.2942,31.1935],[75.2912,31.1872],[75.2866,31.185],[75.2767,31.1874],[75.2727,31.1787],[75.2726,31.1735],[75.2754,31.1687],[75.2725,31.165],[75.2728,31.1612],[75.2763,31.1598],[75.2756,31.1555],[75.2724,31.1498],[75.2702,31.1484],[75.2644,31.1496],[75.2542,31.1536],[75.2405,31.1527],[75.2333,31.153],[75.2293,31.1554],[75.229,31.168],[75.2258,31.1743],[75.2203,31.1801],[75.2127,31.1855],[75.2034,31.1852],[75.1953,31.182],[75.1912,31.1769],[75.1886,31.1724],[75.188,31.167],[75.1778,31.1647],[75.1663,31.1651],[75.1583,31.1669],[75.1469,31.1656],[75.144,31.1684],[75.1304,31.1693],[75.1248,31.167],[75.1199,31.1573],[75.1147,31.1573],[75.1049,31.1508],[75.0915,31.1502],[75.0887,31.1514],[75.0854,31.1512],[75.0812,31.1527],[75.0741,31.1444],[75.0673,31.1466],[75.0591,31.1528],[75.0535,31.1523],[75.0498,31.153],[75.0511,31.1574],[75.0506,31.1593],[75.0446,31.1612],[75.0391,31.1618],[75.0368,31.1595],[75.0359,31.1571],[75.0243,31.1565],[75.0231,31.148],[75.0168,31.1498],[75.0157,31.146],[75.0084,31.1458],[75.0075,31.1448],[75.014,31.1343],[75.0146,31.1282],[75.0119,31.1225],[75.0083,31.1198],[75.0053,31.1213],[75.0008,31.126],[74.9985,31.1243],[74.9843,31.1359],[74.9492,31.1499],[74.97,31.154],[74.9891,31.1591],[74.9968,31.1663],[74.9985,31.1711],[75.007,31.173],[75.0123,31.1729],[75.0222,31.1801],[75.0353,31.1877],[75.0508,31.1919],[75.0541,31.1976],[75.0523,31.1994],[75.0526,31.2023],[75.0569,31.2076],[75.0617,31.211],[75.0633,31.217],[75.0631,31.2247],[75.0584,31.2246],[75.0703,31.2382],[75.0814,31.248],[75.0816,31.2557],[75.0809,31.261],[75.0838,31.2664],[75.082,31.2675],[75.0842,31.2724],[75.0897,31.2748],[75.0979,31.2761],[75.1039,31.2782],[75.0938,31.2837],[75.0994,31.2946],[75.1108,31.3101],[75.1081,31.3163],[75.1157,31.3187],[75.1204,31.3194],[75.1337,31.3111],[75.1463,31.322],[75.1442,31.3311],[75.1461,31.3342],[75.1671,31.3561],[75.1727,31.3632],[75.1637,31.3609],[75.1604,31.3638],[75.1636,31.3816],[75.1662,31.3814],[75.1705,31.3785],[75.1836,31.3963],[75.1818,31.3988],[75.1818,31.4007],[75.1841,31.4033],[75.1897,31.4077],[75.1928,31.4053],[75.1949,31.4083],[75.1925,31.4118],[75.189,31.4142],[75.1876,31.4179],[75.1921,31.4319],[75.1952,31.4356],[75.2033,31.4382],[75.2107,31.4379],[75.2166,31.4232],[75.2274,31.424],[75.2306,31.4428],[75.2374,31.4605],[75.2427,31.457],[75.2464,31.456],[75.2503,31.4629],[75.2625,31.4762],[75.2725,31.482],[75.2797,31.4831],[75.2838,31.4825],[75.2839,31.4825],[75.2857,31.4831],[75.2984,31.5031],[75.3195,31.5289],[75.3186,31.5324],[75.3203,31.5348],[75.3191,31.5394],[75.3361,31.5519],[75.3418,31.5573],[75.3451,31.5567],[75.3757,31.5797],[75.3808,31.5813],[75.3885,31.5822],[75.3947,31.5813],[75.3987,31.5819],[75.401,31.5888],[75.4049,31.5944],[75.4082,31.5958],[75.4135,31.5994],[75.4154,31.6055],[75.4164,31.6123],[75.4196,31.6122],[75.4184,31.6174],[75.4213,31.6231],[75.4255,31.6271],[75.4298,31.6299],[75.4335,31.6274],[75.468,31.6346],[75.4704,31.6461],[75.4757,31.6514],[75.4833,31.6511],[75.4884,31.6487]]],[[[75.8044,31.3741],[75.8076,31.3703],[75.8116,31.3707],[75.817,31.3615],[75.8232,31.3591],[75.8313,31.3615],[75.8334,31.3664],[75.8325,31.372],[75.8386,31.3717],[75.8459,31.3725],[75.8517,31.369],[75.8553,31.3649],[75.8571,31.3541],[75.8583,31.3513],[75.871,31.3553],[75.875,31.3548],[75.8786,31.3561],[75.8895,31.3474],[75.8914,31.3415],[75.8965,31.3403],[75.9042,31.3446],[75.9083,31.3458],[75.9062,31.3376],[75.8941,31.3378],[75.8891,31.3369],[75.8861,31.3352],[75.8852,31.3313],[75.8825,31.3286],[75.8809,31.3221],[75.879,31.3221],[75.8773,31.324],[75.8779,31.3267],[75.8768,31.3281],[75.8669,31.3186],[75.8683,31.3124],[75.8632,31.3056],[75.8566,31.2996],[75.8542,31.2957],[75.8559,31.2922],[75.86,31.2903],[75.8657,31.2901],[75.8669,31.2825],[75.8776,31.2864],[75.8801,31.2921],[75.8848,31.2913],[75.8851,31.2868],[75.8872,31.2843],[75.8885,31.2765],[75.892,31.2758],[75.8966,31.2698],[75.8981,31.2664],[75.9075,31.2657],[75.9108,31.2625],[75.9057,31.2579],[75.9021,31.2559],[75.8917,31.2552],[75.8885,31.2498],[75.8825,31.2479],[75.8754,31.2437],[75.8701,31.2455],[75.8716,31.2499],[75.8713,31.2593],[75.8752,31.2615],[75.8758,31.2674],[75.8719,31.2738],[75.867,31.2762],[75.8618,31.2765],[75.8556,31.2794],[75.8541,31.2833],[75.8421,31.2837],[75.84,31.2771],[75.8461,31.2629],[75.8518,31.2594],[75.8527,31.253],[75.8554,31.248],[75.8584,31.2451],[75.8577,31.235],[75.8541,31.2335],[75.8505,31.2349],[75.8441,31.2317],[75.8291,31.2275],[75.8238,31.2228],[75.8121,31.2221],[75.805,31.2192],[75.7974,31.2145],[75.7945,31.2103],[75.785,31.2046],[75.7879,31.1986],[75.7879,31.1986],[75.7806,31.1959],[75.7774,31.1893],[75.7765,31.183],[75.7783,31.1773],[75.779,31.1656],[75.7716,31.1609],[75.7655,31.1613],[75.7613,31.1639],[75.7543,31.1625],[75.7441,31.1641],[75.7381,31.1633],[75.7265,31.1668],[75.7218,31.1646],[75.7068,31.1663],[75.7029,31.1688],[75.7021,31.1723],[75.6966,31.1764],[75.6977,31.1827],[75.6976,31.1885],[75.6874,31.1971],[75.6902,31.2016],[75.6922,31.2122],[75.7006,31.2127],[75.7053,31.2164],[75.7097,31.2159],[75.7124,31.2226],[75.7056,31.2403],[75.6998,31.2473],[75.6968,31.2463],[75.6929,31.2372],[75.6835,31.2323],[75.6756,31.2339],[75.6721,31.2383],[75.6714,31.2406],[75.6726,31.2459],[75.6789,31.2456],[75.6732,31.2505],[75.674,31.2522],[75.6794,31.2544],[75.6775,31.2586],[75.6806,31.2662],[75.674,31.2712],[75.676,31.2852],[75.6755,31.2877],[75.6791,31.2905],[75.6788,31.2943],[75.6847,31.2921],[75.6934,31.2871],[75.6977,31.2858],[75.6998,31.2883],[75.7027,31.2886],[75.697,31.2994],[75.6912,31.3027],[75.6861,31.3072],[75.6838,31.3127],[75.6863,31.3194],[75.7158,31.317],[75.7202,31.316],[75.723,31.3225],[75.7182,31.3283],[75.7118,31.3338],[75.7046,31.3436],[75.7008,31.3474],[75.712,31.349],[75.7167,31.3472],[75.7232,31.3467],[75.7287,31.3438],[75.7316,31.3405],[75.7331,31.3366],[75.7366,31.333],[75.7387,31.3296],[75.7395,31.3255],[75.7453,31.3274],[75.7487,31.3297],[75.7563,31.3286],[75.7595,31.3304],[75.7605,31.3379],[75.7631,31.3416],[75.7629,31.3468],[75.7658,31.3524],[75.769,31.3549],[75.7745,31.3547],[75.7877,31.3632],[75.7884,31.37],[75.7945,31.3707],[75.8005,31.3741],[75.8044,31.3741]]]]},"properties":{"district_name":"Kapurthala","raw_district_name":"Kapurthala","state_code":"PB","state_name":"Punjab","census_code":36,"data_source":"DataMeet India Maps (Census 2011 Boundaries)"}},{"type":"Feature","geometry":{"type":"Polygon","coordinates":[[[75.9338,31.0106],[75.9421,31.0081],[75.9536,31.0119],[75.9572,31.0191],[75.9584,31.0188],[75.9701,31.0156],[75.9827,31.0114],[75.9915,31.0102],[75.9928,31.0047],[75.9908,31.0002],[75.9952,30.9949],[76,30.989],[76.0072,30.9958],[76.0157,30.9948],[76.0376,30.9961],[76.048,30.9957],[76.0563,30.9973],[76.0771,30.9954],[76.087,30.9936],[76.0955,30.9907],[76.0991,30.988],[76.1027,30.9871],[76.1141,30.9877],[76.1348,30.9864],[76.1411,30.9873],[76.1498,30.9907],[76.1658,30.9932],[76.1756,30.9968],[76.1803,30.9937],[76.1855,30.9927],[76.1875,30.9964],[76.1838,31.0006],[76.1934,31.0026],[76.2072,31.006],[76.2136,31.0065],[76.2181,31.0007],[76.2183,30.9989],[76.2308,30.998],[76.2417,30.9982],[76.2505,30.9945],[76.2536,30.9949],[76.2574,30.9918],[76.2668,30.984],[76.2718,30.9799],[76.2718,30.9798],[76.2719,30.9798],[76.2897,30.9799],[76.2901,30.9799],[76.2901,30.9799],[76.2923,30.9871],[76.2924,30.9872],[76.2924,30.9873],[76.3084,30.9916],[76.3127,30.9868],[76.316,30.9831],[76.3168,30.9726],[76.3169,30.9718],[76.3164,30.9713],[76.317,30.9712],[76.3178,30.9603],[76.3185,30.9513],[76.3228,30.9399],[76.3243,30.9308],[76.3219,30.9282],[76.3159,30.9252],[76.3171,30.9198],[76.3207,30.9152],[76.321,30.9035],[76.3215,30.8782],[76.3281,30.879],[76.3277,30.8858],[76.333,30.8969],[76.3364,30.8988],[76.3393,30.9068],[76.3488,30.9123],[76.3608,30.9082],[76.3652,30.9049],[76.3694,30.8992],[76.3728,30.89],[76.3749,30.878],[76.3743,30.8753],[76.3701,30.8724],[76.3593,30.8691],[76.3573,30.8662],[76.3497,30.8645],[76.344,30.8595],[76.3371,30.8587],[76.3282,30.86],[76.3229,30.8645],[76.3156,30.8688],[76.3127,30.8711],[76.3112,30.8725],[76.3066,30.8724],[76.3043,30.8709],[76.2982,30.872],[76.2959,30.874],[76.2913,30.8751],[76.285,30.8764],[76.2838,30.8751],[76.2824,30.8745],[76.2546,30.8362],[76.2622,30.8214],[76.2523,30.7996],[76.2648,30.7652],[76.2694,30.7366],[76.2712,30.7327],[76.2748,30.7281],[76.2823,30.7203],[76.2911,30.713],[76.2972,30.7152],[76.3018,30.7194],[76.3134,30.7255],[76.3183,30.7208],[76.3271,30.7086],[76.3308,30.7122],[76.3335,30.7135],[76.3401,30.7143],[76.3444,30.7137],[76.3472,30.7114],[76.3502,30.7054],[76.3485,30.7019],[76.35,30.6932],[76.3493,30.6924],[76.3456,30.6848],[76.3448,30.6794],[76.3405,30.6758],[76.3369,30.6744],[76.33,30.6663],[76.3239,30.6626],[76.3239,30.6626],[76.3239,30.6626],[76.3175,30.6624],[76.3064,30.6671],[76.3063,30.6671],[76.3024,30.6745],[76.3029,30.6771],[76.3013,30.6779],[76.3008,30.6781],[76.2993,30.6789],[76.2985,30.6793],[76.2818,30.6808],[76.2782,30.6776],[76.2727,30.6752],[76.2655,30.6747],[76.2593,30.6765],[76.2546,30.6798],[76.2474,30.6789],[76.2413,30.6802],[76.2374,30.6837],[76.2358,30.6879],[76.2346,30.6888],[76.2256,30.6886],[76.2193,30.6842],[76.2165,30.6777],[76.2143,30.6764],[76.2083,30.6745],[76.2012,30.6738],[76.1981,30.6741],[76.1855,30.6663],[76.1818,30.6709],[76.1823,30.6772],[76.1794,30.6793],[76.1739,30.6779],[76.1712,30.6741],[76.1717,30.6692],[76.1711,30.6653],[76.1673,30.6601],[76.1619,30.6567],[76.1536,30.654],[76.1525,30.653],[76.152,30.6394],[76.1513,30.6379],[76.1361,30.6329],[76.1296,30.63],[76.1253,30.6246],[76.126,30.6218],[76.115,30.6135],[76.1221,30.6037],[76.1199,30.5996],[76.1239,30.5964],[76.12,30.5927],[76.1131,30.5896],[76.1115,30.5845],[76.113,30.579],[76.1113,30.577],[76.1076,30.5752],[76.1072,30.5622],[76.101,30.56],[76.0958,30.5618],[76.0919,30.5667],[76.0888,30.5671],[76.0836,30.5618],[76.0767,30.5642],[76.0715,30.5638],[76.0688,30.5659],[76.0659,30.5696],[76.0679,30.5799],[76.0651,30.5821],[76.0625,30.5801],[76.0592,30.579],[76.0457,30.5864],[76.0378,30.5872],[76.0355,30.5892],[76.0323,30.5997],[76.0329,30.6042],[76.0321,30.6075],[76.0303,30.6091],[76.0302,30.6134],[76.028,30.6149],[76.0109,30.6123],[76.0071,30.6109],[76.0036,30.6022],[76,30.6005],[75.9921,30.598],[75.9873,30.5981],[75.9837,30.5969],[75.975,30.5918],[75.9627,30.5876],[75.9604,30.5852],[75.9575,30.5761],[75.9506,30.5719],[75.9425,30.5694],[75.9377,30.569],[75.9287,30.5759],[75.927,30.5863],[75.9235,30.5886],[75.9252,30.5914],[75.9309,30.5957],[75.9258,30.6055],[75.9187,30.6091],[75.912,30.6086],[75.9055,30.6044],[75.8958,30.6056],[75.8903,30.6101],[75.8902,30.6203],[75.8807,30.6253],[75.8759,30.63],[75.8764,30.6382],[75.8966,30.6464],[75.8976,30.654],[75.8949,30.66],[75.8863,30.6638],[75.8842,30.6679],[75.8841,30.6717],[75.8808,30.675],[75.8724,30.6765],[75.8593,30.6702],[75.8536,30.6706],[75.843,30.6863],[75.8362,30.6878],[75.8344,30.6853],[75.8257,30.6789],[75.8232,30.6694],[75.8175,30.6643],[75.8076,30.6648],[75.7978,30.6626],[75.7913,30.6597],[75.7857,30.6593],[75.7871,30.6641],[75.7848,30.6713],[75.7777,30.6721],[75.7703,30.6722],[75.7657,30.6656],[75.7657,30.6561],[75.7757,30.6577],[75.7792,30.6462],[75.7812,30.6431],[75.8002,30.6314],[75.7969,30.629],[75.7895,30.6232],[75.786,30.6236],[75.7815,30.6292],[75.7661,30.6349],[75.7628,30.6378],[75.7602,30.6346],[75.7521,30.6306],[75.7404,30.6288],[75.7385,30.6267],[75.734,30.618],[75.7313,30.6158],[75.7274,30.6181],[75.7231,30.6256],[75.7224,30.6267],[75.7109,30.6405],[75.7029,30.6371],[75.6963,30.6369],[75.6947,30.638],[75.6898,30.6461],[75.6875,30.65],[75.6703,30.6499],[75.6558,30.6353],[75.6551,30.6345],[75.6469,30.6343],[75.6453,30.6332],[75.6439,30.6311],[75.6441,30.6286],[75.6431,30.6249],[75.6412,30.6228],[75.635,30.6201],[75.6329,30.6162],[75.6264,30.6137],[75.6212,30.6198],[75.6196,30.6208],[75.6132,30.622],[75.609,30.6211],[75.6012,30.6174],[75.5953,30.6163],[75.585,30.6244],[75.5781,30.6224],[75.5728,30.6254],[75.5693,30.6288],[75.5605,30.6315],[75.5576,30.6332],[75.5509,30.6333],[75.5478,30.6289],[75.5457,30.6223],[75.5456,30.6167],[75.5512,30.6174],[75.5564,30.619],[75.5584,30.6127],[75.554,30.6029],[75.547,30.5957],[75.54,30.5939],[75.5346,30.6001],[75.5336,30.6061],[75.5316,30.6111],[75.5287,30.6124],[75.5203,30.6066],[75.5182,30.5985],[75.5113,30.5982],[75.5017,30.6008],[75.4953,30.5982],[75.4869,30.5997],[75.4787,30.6024],[75.47,30.6035],[75.4677,30.6053],[75.4652,30.6039],[75.4639,30.6006],[75.4621,30.5992],[75.4559,30.6009],[75.4528,30.5987],[75.4501,30.5946],[75.4476,30.5925],[75.4435,30.5929],[75.4415,30.594],[75.4387,30.5915],[75.4313,30.589],[75.4309,30.5848],[75.4276,30.5835],[75.4245,30.5846],[75.4193,30.5848],[75.408,30.5824],[75.3994,30.591],[75.401,30.5989],[75.4045,30.6063],[75.4044,30.6128],[75.4016,30.6168],[75.3964,30.6212],[75.395,30.6262],[75.3813,30.6224],[75.3779,30.6228],[75.3773,30.6268],[75.3792,30.6347],[75.3735,30.6489],[75.3795,30.6573],[75.3815,30.6636],[75.3797,30.6749],[75.3772,30.678],[75.3726,30.6819],[75.3713,30.6889],[75.3731,30.6974],[75.3711,30.7059],[75.3726,30.7091],[75.3807,30.709],[75.3833,30.7102],[75.3856,30.7131],[75.3866,30.7159],[75.3872,30.7219],[75.3823,30.7231],[75.3772,30.7303],[75.377,30.735],[75.3806,30.7384],[75.3779,30.7483],[75.3811,30.7525],[75.3839,30.7596],[75.384,30.7688],[75.3887,30.7758],[75.3923,30.7832],[75.3932,30.7922],[75.3971,30.8039],[75.3967,30.8089],[75.3925,30.8114],[75.3861,30.8137],[75.3778,30.8208],[75.3714,30.8396],[75.3726,30.8467],[75.3745,30.8508],[75.374,30.8566],[75.3863,30.8607],[75.3884,30.8633],[75.3983,30.8709],[75.4004,30.8795],[75.4026,30.8841],[75.407,30.8889],[75.4072,30.8939],[75.4004,30.8982],[75.3946,30.9083],[75.3934,30.9091],[75.3781,30.9119],[75.3816,30.9208],[75.3814,30.9253],[75.3797,30.9294],[75.3759,30.9296],[75.374,30.9277],[75.3712,30.9291],[75.3702,30.9399],[75.3658,30.9407],[75.3652,30.9527],[75.3626,30.9569],[75.3633,30.9612],[75.3667,30.9673],[75.3658,30.9732],[75.3554,30.9889],[75.3718,30.9888],[75.3908,30.9858],[75.4097,30.9795],[75.4212,30.9866],[75.4282,30.9815],[75.4414,30.9823],[75.4529,30.98],[75.4651,30.9791],[75.4753,30.9769],[75.4944,30.9706],[75.5103,30.974],[75.5187,30.9722],[75.5391,30.9728],[75.5492,30.9749],[75.5623,30.9762],[75.5637,30.9785],[75.5745,30.9778],[75.5813,30.9738],[75.5839,30.9713],[75.5913,30.9722],[75.5962,30.9692],[75.6026,30.9689],[75.6108,30.971],[75.6144,30.9739],[75.6322,30.9763],[75.6439,30.9813],[75.653,30.9822],[75.6581,30.9827],[75.6634,30.9845],[75.6741,30.9857],[75.6807,30.9903],[75.6913,30.9934],[75.7,30.9951],[75.7023,30.995],[75.7071,30.999],[75.7186,31.0009],[75.7183,31.0051],[75.7307,31.0043],[75.736,31.0058],[75.738,31.0113],[75.7599,31.015],[75.7619,31.0107],[75.7713,31.0104],[75.7711,31.0039],[75.7771,31.0045],[75.7787,31.0029],[75.782,31.0008],[75.7854,30.9973],[75.7926,30.995],[75.7992,30.994],[75.8066,30.9946],[75.8257,31.0007],[75.8275,31.0044],[75.8458,31.0104],[75.8596,31.0059],[75.8674,31.0068],[75.8712,31.0105],[75.8834,31.0095],[75.8869,31.0074],[75.8931,31.008],[75.8959,31.0058],[75.8985,31.0069],[75.8981,31.0122],[75.9006,31.0158],[75.909,31.0186],[75.9174,31.0192],[75.9338,31.0106]]]},"properties":{"district_name":"Ludhiana","raw_district_name":"Ludhiana","state_code":"PB","state_name":"Punjab","census_code":41,"data_source":"DataMeet India Maps (Census 2011 Boundaries)"}},{"type":"Feature","geometry":{"type":"Polygon","coordinates":[[[75.6202,30.1411],[75.624,30.1428],[75.6266,30.1424],[75.6298,30.1378],[75.6276,30.132],[75.6386,30.116],[75.6457,30.1116],[75.6513,30.1122],[75.6536,30.1141],[75.6565,30.1105],[75.6521,30.1046],[75.6453,30.1026],[75.6364,30.0911],[75.6313,30.0892],[75.6292,30.081],[75.6394,30.0738],[75.6375,30.0707],[75.6379,30.0674],[75.6417,30.0665],[75.6427,30.0651],[75.6414,30.0511],[75.6395,30.0483],[75.6395,30.0453],[75.6427,30.0422],[75.6444,30.0392],[75.6426,30.0343],[75.6423,30.0303],[75.6472,30.0256],[75.6511,30.0234],[75.6533,30.025],[75.6541,30.0288],[75.6563,30.0326],[75.6588,30.0349],[75.6612,30.0359],[75.6694,30.0348],[75.6719,30.0352],[75.6739,30.0379],[75.6776,30.0396],[75.6824,30.0387],[75.6821,30.0363],[75.679,30.032],[75.6788,30.0302],[75.6835,30.0246],[75.6853,30.0237],[75.6901,30.0233],[75.6904,30.0176],[75.6919,30.0142],[75.6915,30.0075],[75.6896,30.0078],[75.6865,30.0065],[75.6835,30.0005],[75.6801,29.9956],[75.6777,29.9988],[75.6672,29.9908],[75.6557,29.9848],[75.653,29.9822],[75.6592,29.9769],[75.654,29.9657],[75.6466,29.952],[75.6409,29.9351],[75.6503,29.9376],[75.6551,29.9288],[75.659,29.931],[75.6674,29.9268],[75.6688,29.9246],[75.669,29.9199],[75.6714,29.9171],[75.6709,29.9127],[75.6735,29.9087],[75.6879,29.9101],[75.7049,29.9182],[75.7076,29.9262],[75.7088,29.9337],[75.7191,29.9312],[75.7328,29.9331],[75.7378,29.9249],[75.7469,29.9181],[75.7572,29.9136],[75.7666,29.9183],[75.7661,29.9078],[75.7707,29.897],[75.7601,29.8919],[75.7617,29.8826],[75.765,29.8733],[75.7577,29.8605],[75.7743,29.8545],[75.7766,29.8523],[75.7713,29.847],[75.7736,29.8413],[75.7747,29.8346],[75.7674,29.8285],[75.7562,29.8266],[75.7511,29.8247],[75.7459,29.8196],[75.7367,29.8085],[75.7205,29.8093],[75.7166,29.8057],[75.708,29.7522],[75.6979,29.7488],[75.6888,29.7541],[75.6767,29.7698],[75.6669,29.7732],[75.6602,29.7717],[75.6514,29.7682],[75.6359,29.7704],[75.634,29.7641],[75.6331,29.7508],[75.6237,29.7436],[75.6109,29.7446],[75.6032,29.7463],[75.5792,29.7399],[75.5735,29.7415],[75.5668,29.7631],[75.5546,29.7691],[75.5406,29.77],[75.5344,29.7646],[75.5221,29.7574],[75.5167,29.7714],[75.5088,29.7752],[75.4547,29.8054],[75.4458,29.7964],[75.4535,29.7917],[75.4541,29.7837],[75.445,29.7778],[75.4375,29.7755],[75.4301,29.7719],[75.4203,29.7729],[75.4075,29.7586],[75.407,29.7462],[75.4011,29.7362],[75.3939,29.7316],[75.3924,29.7246],[75.3938,29.7179],[75.3889,29.7089],[75.3802,29.7106],[75.3721,29.7105],[75.3687,29.7034],[75.3628,29.7021],[75.3513,29.6929],[75.3454,29.6915],[75.3439,29.6857],[75.3561,29.669],[75.3594,29.6632],[75.3605,29.6569],[75.3585,29.6566],[75.3568,29.6565],[75.3515,29.6597],[75.3402,29.6699],[75.3326,29.67],[75.3277,29.6683],[75.3262,29.6585],[75.3217,29.6464],[75.3175,29.6302],[75.311,29.6247],[75.2977,29.6174],[75.2904,29.6078],[75.2902,29.6009],[75.3035,29.5953],[75.3119,29.5896],[75.3143,29.5861],[75.3147,29.5812],[75.3129,29.5767],[75.3059,29.5657],[75.3004,29.5594],[75.2848,29.5588],[75.2772,29.5569],[75.2643,29.5518],[75.2478,29.5493],[75.2332,29.5439],[75.234,29.5478],[75.2379,29.5563],[75.2315,29.568],[75.2276,29.5762],[75.2209,29.5802],[75.2291,29.5903],[75.233,29.5967],[75.231,29.6043],[75.2092,29.6205],[75.1945,29.6204],[75.1831,29.628],[75.1822,29.6365],[75.1831,29.6474],[75.1784,29.6522],[75.1726,29.656],[75.1677,29.6607],[75.1688,29.6673],[75.1777,29.6712],[75.1852,29.676],[75.1897,29.6762],[75.1988,29.6787],[75.2052,29.6857],[75.2076,29.6944],[75.2024,29.6974],[75.1983,29.7017],[75.1972,29.7099],[75.2037,29.7231],[75.2081,29.7287],[75.2162,29.7332],[75.2207,29.7288],[75.2266,29.7279],[75.2314,29.731],[75.2411,29.75],[75.2374,29.754],[75.2334,29.7614],[75.2268,29.7694],[75.2263,29.7778],[75.2225,29.7845],[75.2155,29.788],[75.2081,29.7942],[75.2066,29.8031],[75.2079,29.8114],[75.2127,29.8194],[75.2111,29.828],[75.1988,29.8326],[75.1925,29.8368],[75.1887,29.835],[75.1866,29.8416],[75.187,29.8454],[75.1953,29.8506],[75.2157,29.8573],[75.2158,29.8635],[75.213,29.8789],[75.1995,29.8871],[75.185,29.8833],[75.1811,29.9105],[75.1695,29.9242],[75.1792,29.9367],[75.1779,29.9424],[75.1825,29.946],[75.181,29.9485],[75.1841,29.9684],[75.1919,29.9774],[75.1947,29.973],[75.1974,29.9763],[75.2051,29.976],[75.2055,29.9703],[75.2094,29.9688],[75.2125,29.9634],[75.2219,29.966],[75.2346,29.9568],[75.2481,29.9691],[75.2512,29.9786],[75.2534,29.9799],[75.2607,29.9748],[75.2744,29.97],[75.2806,29.9771],[75.2813,29.9822],[75.2767,29.9894],[75.2793,30.0002],[75.2916,30.007],[75.2939,30.0098],[75.2986,30.0133],[75.3032,30.0144],[75.3029,30.0214],[75.2948,30.0187],[75.2904,30.0223],[75.2877,30.0167],[75.2844,30.0146],[75.2803,30.014],[75.2749,30.0149],[75.2642,30.0148],[75.2607,30.0164],[75.2584,30.0279],[75.2539,30.0361],[75.2544,30.0401],[75.2597,30.0439],[75.2726,30.049],[75.276,30.0513],[75.278,30.0576],[75.276,30.0601],[75.2721,30.059],[75.2682,30.0544],[75.2651,30.0546],[75.2626,30.056],[75.2615,30.0591],[75.2633,30.0786],[75.2619,30.0842],[75.2608,30.0989],[75.2643,30.1061],[75.271,30.1093],[75.2765,30.1068],[75.2822,30.1069],[75.2861,30.1104],[75.2934,30.1149],[75.2929,30.1139],[75.2981,30.1128],[75.3014,30.1082],[75.3038,30.1083],[75.3122,30.1117],[75.3169,30.1127],[75.326,30.1219],[75.3291,30.1211],[75.3347,30.1239],[75.3388,30.1289],[75.3438,30.1309],[75.3459,30.1297],[75.3575,30.1405],[75.3495,30.1431],[75.3486,30.1567],[75.3509,30.1604],[75.3608,30.1675],[75.3665,30.1734],[75.3652,30.1768],[75.3616,30.1799],[75.3591,30.1837],[75.3597,30.1872],[75.3643,30.1902],[75.3723,30.2005],[75.3722,30.1986],[75.3746,30.1985],[75.3904,30.21],[75.3954,30.2087],[75.3974,30.2047],[75.3958,30.2009],[75.4026,30.196],[75.4093,30.1934],[75.4177,30.188],[75.4276,30.1867],[75.4481,30.1939],[75.4643,30.1964],[75.4782,30.1866],[75.482,30.1822],[75.4908,30.1696],[75.493,30.1603],[75.4952,30.157],[75.5005,30.15],[75.5076,30.1455],[75.5117,30.1436],[75.5277,30.1398],[75.5323,30.1423],[75.5348,30.1462],[75.5386,30.1483],[75.5467,30.139],[75.5501,30.1375],[75.5532,30.1381],[75.5573,30.1427],[75.5619,30.146],[75.5662,30.148],[75.579,30.1434],[75.5795,30.1417],[75.5944,30.1381],[75.6005,30.1382],[75.6059,30.1346],[75.6202,30.1411]]]},"properties":{"district_name":"Mansa","raw_district_name":"Mansa","state_code":"PB","state_name":"Punjab","census_code":47,"data_source":"DataMeet India Maps (Census 2011 Boundaries)"}},{"type":"Feature","geometry":{"type":"Polygon","coordinates":[[[75.1324,31.0919],[75.136,31.089],[75.1424,31.0893],[75.1486,31.0878],[75.154,31.082],[75.1646,31.089],[75.1674,31.094],[75.1709,31.0937],[75.1717,31.0872],[75.1785,31.0845],[75.1776,31.0818],[75.1732,31.0817],[75.1748,31.0791],[75.1801,31.0806],[75.1841,31.0783],[75.1891,31.0783],[75.1946,31.0793],[75.1984,31.0756],[75.1988,31.0715],[75.202,31.0714],[75.2112,31.0688],[75.2133,31.0669],[75.2156,31.0675],[75.217,31.0646],[75.2295,31.0657],[75.2326,31.0582],[75.2362,31.0572],[75.2383,31.0539],[75.2391,31.0488],[75.2411,31.0461],[75.249,31.0433],[75.2494,31.0452],[75.2574,31.0453],[75.2692,31.0435],[75.2728,31.0393],[75.2775,31.039],[75.283,31.0422],[75.2951,31.0341],[75.2944,31.0239],[75.2973,31.0146],[75.3046,31.0161],[75.3092,31.0153],[75.3061,31.0036],[75.3069,31.0007],[75.3554,30.9889],[75.3658,30.9732],[75.3667,30.9673],[75.3633,30.9612],[75.3626,30.9569],[75.3652,30.9527],[75.3658,30.9407],[75.3702,30.9399],[75.3712,30.9291],[75.374,30.9277],[75.3759,30.9296],[75.3797,30.9294],[75.3814,30.9253],[75.3816,30.9208],[75.3781,30.9119],[75.3934,30.9091],[75.3946,30.9083],[75.4004,30.8982],[75.4072,30.8939],[75.407,30.8889],[75.4026,30.8841],[75.4004,30.8795],[75.3983,30.8709],[75.3884,30.8633],[75.3863,30.8607],[75.374,30.8566],[75.3745,30.8508],[75.3726,30.8467],[75.3714,30.8396],[75.3778,30.8208],[75.3861,30.8137],[75.3925,30.8114],[75.3967,30.8089],[75.3971,30.8039],[75.3932,30.7922],[75.3923,30.7832],[75.3887,30.7758],[75.384,30.7688],[75.3839,30.7596],[75.3811,30.7525],[75.3779,30.7483],[75.3806,30.7384],[75.377,30.735],[75.3772,30.7303],[75.3823,30.7231],[75.3872,30.7219],[75.3866,30.7159],[75.3856,30.7131],[75.3833,30.7102],[75.3807,30.709],[75.3726,30.7091],[75.3711,30.7059],[75.3731,30.6974],[75.3713,30.6889],[75.3726,30.6819],[75.3772,30.678],[75.3797,30.6749],[75.3815,30.6636],[75.3795,30.6573],[75.3735,30.6489],[75.3792,30.6347],[75.3773,30.6268],[75.3779,30.6228],[75.3813,30.6224],[75.395,30.6262],[75.3964,30.6212],[75.4016,30.6168],[75.4044,30.6128],[75.4045,30.6063],[75.401,30.5989],[75.3994,30.591],[75.408,30.5824],[75.4076,30.5687],[75.4101,30.5636],[75.41,30.5601],[75.4153,30.5565],[75.42,30.5545],[75.4214,30.5509],[75.4186,30.5451],[75.4152,30.541],[75.4048,30.5317],[75.4005,30.5292],[75.3919,30.527],[75.3791,30.5203],[75.3642,30.5145],[75.3517,30.5155],[75.3487,30.5149],[75.3397,30.5163],[75.3342,30.5233],[75.3317,30.5311],[75.3287,30.5353],[75.3209,30.5355],[75.3147,30.5346],[75.3104,30.5277],[75.3057,30.5257],[75.295,30.5164],[75.2942,30.5112],[75.2942,30.5096],[75.2928,30.5097],[75.2856,30.5074],[75.2823,30.5075],[75.2702,30.5153],[75.2669,30.5191],[75.2605,30.5204],[75.2585,30.5175],[75.2509,30.5149],[75.2463,30.5147],[75.2342,30.5106],[75.2217,30.5085],[75.21,30.5155],[75.205,30.5066],[75.1969,30.5104],[75.193,30.5074],[75.1873,30.5064],[75.184,30.5087],[75.1824,30.5177],[75.1825,30.5374],[75.1788,30.5538],[75.1746,30.5626],[75.1682,30.5717],[75.1628,30.577],[75.1496,30.581],[75.1458,30.5808],[75.1402,30.5789],[75.123,30.5619],[75.1214,30.5527],[75.1289,30.5393],[75.1319,30.5311],[75.1299,30.5224],[75.1212,30.5222],[75.1095,30.5202],[75.0935,30.5262],[75.0846,30.5284],[75.0799,30.5244],[75.0713,30.513],[75.0609,30.5025],[75.0539,30.4991],[75.0453,30.4991],[75.0427,30.5021],[75.0353,30.5039],[75.0304,30.4974],[75.0206,30.4901],[75.0081,30.4882],[75.0083,30.4881],[75.0081,30.4881],[74.9998,30.488],[74.9943,30.4921],[74.9917,30.4968],[74.9928,30.5136],[74.991,30.519],[74.9918,30.5248],[74.9971,30.5341],[74.9941,30.5383],[74.9918,30.5432],[74.9793,30.5427],[74.9642,30.5543],[74.9638,30.5592],[74.9612,30.5614],[74.9576,30.5606],[74.9458,30.5698],[74.9306,30.554],[74.9274,30.5485],[74.9326,30.5448],[74.9272,30.5393],[74.915,30.545],[74.9129,30.5459],[74.9035,30.5492],[74.9053,30.5644],[74.9117,30.5803],[74.9165,30.5849],[74.9358,30.588],[74.941,30.5885],[74.954,30.5896],[74.9554,30.5929],[74.9546,30.5937],[74.9526,30.5957],[74.9495,30.6007],[74.9493,30.6016],[74.9486,30.6045],[74.9486,30.6107],[74.949,30.6173],[74.9492,30.6189],[74.9515,30.6244],[74.954,30.6343],[74.9514,30.6435],[74.9566,30.6523],[74.9578,30.6569],[74.9554,30.6743],[74.9516,30.6738],[74.9487,30.6754],[74.9444,30.6759],[74.9384,30.6753],[74.9239,30.6773],[74.9239,30.683],[74.9227,30.686],[74.9176,30.68],[74.915,30.68],[74.9094,30.696],[74.9059,30.7017],[74.9063,30.7066],[74.9131,30.7249],[74.9112,30.7358],[74.9112,30.7358],[74.9135,30.7398],[74.9142,30.7431],[74.9128,30.7469],[74.9156,30.7472],[74.9118,30.7518],[74.9098,30.7557],[74.9113,30.761],[74.9146,30.7667],[74.9126,30.7715],[74.9166,30.7733],[74.9172,30.779],[74.9237,30.7842],[74.9262,30.7831],[74.9301,30.7876],[74.9285,30.7921],[74.9299,30.8026],[74.9404,30.8161],[74.9475,30.8235],[74.9496,30.8294],[74.946,30.8357],[74.9477,30.8464],[74.9508,30.8553],[74.9479,30.8611],[74.9461,30.8676],[74.9453,30.877],[74.9521,30.8843],[74.9552,30.8913],[74.9561,30.8911],[74.9725,30.8984],[74.986,30.9098],[74.9925,30.92],[75.0004,30.9273],[75.0256,30.9351],[75.0459,30.9477],[75.0594,30.9601],[75.0626,30.9952],[75.055,31.01],[75.0399,31.0105],[75.0256,31.0191],[75.0307,31.0363],[75.0411,31.0386],[75.0518,31.0319],[75.0608,31.0402],[75.0625,31.0552],[75.0753,31.0546],[75.0839,31.0429],[75.0884,31.046],[75.09,31.0631],[75.1036,31.0735],[75.1123,31.0877],[75.1139,31.0923],[75.1171,31.0927],[75.1249,31.0964],[75.1327,31.097],[75.1324,31.0919]]]},"properties":{"district_name":"Moga","raw_district_name":"Moga","state_code":"PB","state_name":"Punjab","census_code":42,"data_source":"DataMeet India Maps (Census 2011 Boundaries)"}},{"type":"Feature","geometry":{"type":"Polygon","coordinates":[[[74.8223,30.3931],[74.8222,30.3931],[74.817,30.387],[74.8077,30.3695],[74.7864,30.3392],[74.7827,30.3395],[74.7807,30.3389],[74.7632,30.3465],[74.7547,30.3511],[74.7397,30.3567],[74.724,30.3653],[74.7161,30.3596],[74.712,30.3575],[74.7022,30.3557],[74.7022,30.3538],[74.709,30.3537],[74.7158,30.3522],[74.7241,30.3497],[74.7341,30.3479],[74.7488,30.3431],[74.7803,30.3359],[74.7841,30.336],[74.7852,30.3352],[74.7704,30.3233],[74.7615,30.3194],[74.7467,30.3211],[74.7425,30.3161],[74.7257,30.3079],[74.7287,30.3046],[74.7346,30.3034],[74.7408,30.2971],[74.7442,30.2924],[74.7522,30.2858],[74.7483,30.2811],[74.7457,30.2792],[74.738,30.2792],[74.7373,30.2775],[74.7376,30.2747],[74.7332,30.2685],[74.7229,30.2578],[74.7208,30.2519],[74.7218,30.2384],[74.7235,30.2338],[74.7268,30.2312],[74.7271,30.2299],[74.7214,30.2261],[74.7219,30.2212],[74.7184,30.2178],[74.7148,30.1968],[74.7205,30.1961],[74.7253,30.1971],[74.7304,30.1966],[74.7374,30.1886],[74.738,30.1848],[74.7369,30.1808],[74.734,30.1781],[74.7261,30.1709],[74.7199,30.1672],[74.7049,30.1603],[74.7,30.1592],[74.6932,30.1599],[74.688,30.1662],[74.6749,30.1659],[74.673,30.1639],[74.6693,30.1649],[74.6583,30.1633],[74.6493,30.1564],[74.6421,30.1478],[74.6409,30.141],[74.637,30.1382],[74.6322,30.1297],[74.632,30.1273],[74.6462,30.1136],[74.6498,30.1113],[74.6574,30.109],[74.6713,30.1071],[74.6755,30.1087],[74.6789,30.1113],[74.6837,30.1114],[74.6849,30.1072],[74.6835,30.1019],[74.6763,30.0878],[74.684,30.0724],[74.692,30.0721],[74.7002,30.0684],[74.7054,30.0651],[74.6943,30.0451],[74.6982,30.0376],[74.6962,30.0333],[74.7067,30.0256],[74.7098,30.0215],[74.7172,30.0143],[74.7135,30.0027],[74.7127,30.0014],[74.709,29.9924],[74.7045,29.9873],[74.706,29.9821],[74.7093,29.9755],[74.7073,29.9704],[74.7054,29.9708],[74.7007,29.9685],[74.6931,29.9603],[74.6908,29.9484],[74.6755,29.941],[74.6587,29.9302],[74.6496,29.9218],[74.6486,29.9138],[74.6567,29.904],[74.6494,29.9033],[74.6424,29.905],[74.6361,29.9053],[74.6317,29.9071],[74.5955,29.9142],[74.5906,29.9178],[74.5826,29.9254],[74.5715,29.9288],[74.5617,29.9288],[74.5587,29.9327],[74.5399,29.9446],[74.5343,29.9512],[74.5287,29.943],[74.4762,29.9445],[74.4536,29.9465],[74.4516,29.9469],[74.4265,29.9971],[74.4555,30.0009],[74.4645,30.0029],[74.4591,30.0097],[74.4565,30.015],[74.4549,30.0214],[74.4503,30.0273],[74.4267,30.0231],[74.4174,30.0233],[74.4084,30.0264],[74.4106,30.0373],[74.4029,30.0433],[74.3916,30.057],[74.3887,30.0622],[74.3882,30.0675],[74.389,30.073],[74.367,30.085],[74.3689,30.0918],[74.3713,30.0958],[74.3729,30.1018],[74.3734,30.1075],[74.3774,30.1089],[74.3839,30.1101],[74.395,30.1055],[74.406,30.0975],[74.4096,30.0933],[74.4151,30.0953],[74.4055,30.1043],[74.4024,30.1088],[74.4008,30.1129],[74.396,30.1154],[74.3819,30.1278],[74.3811,30.1325],[74.3774,30.1385],[74.3756,30.1437],[74.3744,30.1506],[74.3557,30.1533],[74.3466,30.1561],[74.3368,30.1615],[74.3461,30.183],[74.3472,30.1898],[74.3453,30.1967],[74.3515,30.2123],[74.357,30.2396],[74.3251,30.242],[74.3158,30.2413],[74.3036,30.238],[74.2941,30.2332],[74.287,30.2314],[74.2616,30.2463],[74.2687,30.2584],[74.2762,30.266],[74.2774,30.2664],[74.2829,30.273],[74.2984,30.2634],[74.299,30.2695],[74.2984,30.275],[74.3008,30.2791],[74.3026,30.2897],[74.3056,30.3],[74.3043,30.3057],[74.3116,30.316],[74.3175,30.3219],[74.3215,30.3288],[74.3216,30.3446],[74.319,30.3543],[74.3119,30.3579],[74.3089,30.3687],[74.3118,30.3771],[74.3169,30.3875],[74.3373,30.3844],[74.3549,30.3809],[74.3584,30.3907],[74.3576,30.3977],[74.3543,30.4021],[74.3444,30.4045],[74.3103,30.4095],[74.2912,30.4133],[74.2849,30.4169],[74.2757,30.4197],[74.2621,30.42],[74.2518,30.4237],[74.2559,30.4254],[74.2699,30.4275],[74.2755,30.4301],[74.2795,30.4298],[74.2845,30.432],[74.3019,30.4419],[74.3093,30.445],[74.3165,30.4455],[74.3211,30.4449],[74.3287,30.4461],[74.3371,30.4511],[74.3462,30.4655],[74.3482,30.4749],[74.3468,30.483],[74.3545,30.4809],[74.3593,30.4804],[74.3653,30.4807],[74.3758,30.4836],[74.381,30.4983],[74.376,30.5079],[74.3736,30.5145],[74.3799,30.5208],[74.3887,30.5274],[74.3989,30.5275],[74.4002,30.5305],[74.4007,30.5363],[74.4019,30.5402],[74.4037,30.5571],[74.4129,30.5605],[74.4199,30.5527],[74.4287,30.5492],[74.4358,30.57],[74.4433,30.5715],[74.4434,30.594],[74.4495,30.5963],[74.453,30.5988],[74.4586,30.605],[74.4604,30.609],[74.4616,30.6148],[74.461,30.6238],[74.4634,30.6272],[74.4708,30.6318],[74.4864,30.6361],[74.4929,30.6387],[74.4901,30.6415],[74.4808,30.6469],[74.4787,30.6533],[74.4794,30.6582],[74.4885,30.6659],[74.494,30.6652],[74.4996,30.6656],[74.5021,30.6674],[74.5044,30.6675],[74.521,30.6653],[74.5327,30.6654],[74.5387,30.6639],[74.5461,30.6636],[74.5504,30.6648],[74.5609,30.6632],[74.5776,30.6587],[74.5834,30.6562],[74.5905,30.6541],[74.5977,30.648],[74.5991,30.6468],[74.6002,30.6449],[74.6047,30.6436],[74.6093,30.6411],[74.6129,30.6367],[74.6189,30.6376],[74.6206,30.6353],[74.6243,30.6233],[74.6257,30.6187],[74.628,30.6139],[74.6353,30.6125],[74.6347,30.6067],[74.6473,30.5938],[74.6525,30.5919],[74.659,30.5906],[74.6661,30.5831],[74.6683,30.5786],[74.6798,30.5733],[74.6851,30.5691],[74.6902,30.5666],[74.6957,30.5654],[74.7008,30.5633],[74.7047,30.5598],[74.7104,30.5576],[74.7075,30.5459],[74.7043,30.5438],[74.7006,30.5387],[74.6957,30.5341],[74.6873,30.5289],[74.6865,30.5252],[74.6876,30.521],[74.6902,30.5194],[74.699,30.5166],[74.7073,30.515],[74.7194,30.5091],[74.7203,30.5036],[74.724,30.5027],[74.7279,30.5003],[74.737,30.4931],[74.7476,30.4931],[74.7506,30.4904],[74.7595,30.4963],[74.762,30.4911],[74.763,30.4854],[74.7583,30.4799],[74.7482,30.4738],[74.7428,30.4735],[74.7341,30.4642],[74.7323,30.4595],[74.7326,30.4531],[74.7364,30.4466],[74.7556,30.4332],[74.7533,30.4271],[74.7576,30.4235],[74.758,30.4191],[74.7547,30.4036],[74.755,30.3985],[74.7534,30.3938],[74.7577,30.3915],[74.773,30.3967],[74.7879,30.3967],[74.7958,30.399],[74.8008,30.3995],[74.8086,30.3984],[74.8115,30.4006],[74.816,30.3964],[74.8223,30.3931],[74.8223,30.3931]]]},"properties":{"district_name":"Muktsar","raw_district_name":"Muktsar","state_code":"PB","state_name":"Punjab","census_code":44,"data_source":"DataMeet India Maps (Census 2011 Boundaries)"}},{"type":"Feature","geometry":{"type":"MultiPolygon","coordinates":[[[[76.6404,30.664],[76.6392,30.6616],[76.6393,30.6573],[76.6297,30.646],[76.6262,30.6444],[76.6264,30.6429],[76.6286,30.6408],[76.6308,30.6366],[76.6291,30.6287],[76.6297,30.6261],[76.6319,30.6243],[76.6334,30.6203],[76.636,30.6206],[76.6367,30.6222],[76.6399,30.6253],[76.6449,30.6271],[76.6505,30.6259],[76.6541,30.6212],[76.6586,30.6117],[76.6604,30.6109],[76.6628,30.6115],[76.6644,30.611],[76.6641,30.5997],[76.6678,30.5943],[76.6676,30.5925],[76.6627,30.5869],[76.6632,30.5831],[76.6679,30.5836],[76.6881,30.593],[76.6886,30.5895],[76.6847,30.5815],[76.6843,30.5776],[76.686,30.5746],[76.6919,30.5691],[76.6985,30.5698],[76.7011,30.5726],[76.7042,30.5734],[76.7058,30.5757],[76.7056,30.5782],[76.7034,30.5841],[76.7035,30.5868],[76.7117,30.5862],[76.7151,30.5867],[76.7164,30.5886],[76.7184,30.5889],[76.7212,30.5856],[76.7214,30.5818],[76.7214,30.5805],[76.7215,30.5803],[76.7228,30.5621],[76.7343,30.5433],[76.7456,30.5316],[76.7903,30.5063],[76.8049,30.4779],[76.7919,30.4491],[76.7702,30.4367],[76.7699,30.4338],[76.767,30.4288],[76.7615,30.4226],[76.7505,30.4209],[76.7378,30.4164],[76.7391,30.401],[76.7254,30.3943],[76.7127,30.3896],[76.7142,30.3809],[76.7174,30.3768],[76.7282,30.3763],[76.7306,30.3731],[76.7214,30.3642],[76.7239,30.3611],[76.7429,30.3634],[76.7475,30.3609],[76.751,30.3556],[76.7471,30.3499],[76.7415,30.3444],[76.7364,30.3403],[76.7276,30.3359],[76.7276,30.3289],[76.7234,30.3258],[76.7172,30.3277],[76.7127,30.3258],[76.7101,30.3208],[76.7009,30.322],[76.6919,30.3174],[76.687,30.322],[76.6833,30.3152],[76.6854,30.3088],[76.6748,30.2956],[76.6636,30.2954],[76.6386,30.28],[76.6351,30.2874],[76.632,30.2839],[76.6266,30.2713],[76.6221,30.2667],[76.6167,30.2683],[76.5932,30.266],[76.5701,30.2604],[76.5598,30.261],[76.558,30.2548],[76.5591,30.2456],[76.5581,30.2397],[76.5543,30.2325],[76.545,30.2282],[76.5446,30.2233],[76.5565,30.227],[76.5598,30.2306],[76.5812,30.2474],[76.5881,30.2519],[76.5962,30.2526],[76.6025,30.2502],[76.6081,30.24],[76.6116,30.2364],[76.6215,30.2309],[76.6242,30.227],[76.624,30.2216],[76.6184,30.216],[76.6164,30.2112],[76.6215,30.2088],[76.6289,30.2071],[76.645,30.206],[76.6511,30.2019],[76.6493,30.1929],[76.6541,30.1896],[76.6538,30.1852],[76.6514,30.1812],[76.6348,30.1663],[76.6397,30.1511],[76.6353,30.1453],[76.6273,30.1417],[76.6195,30.1368],[76.6076,30.1249],[76.6012,30.1194],[76.5922,30.1149],[76.5668,30.0948],[76.5455,30.0788],[76.5374,30.0769],[76.5208,30.0756],[76.5129,30.0727],[76.509,30.0776],[76.5068,30.0831],[76.507,30.0885],[76.5026,30.0932],[76.4953,30.0957],[76.4734,30.0951],[76.4665,30.0964],[76.4639,30.0968],[76.4609,30.1009],[76.4585,30.1074],[76.4563,30.1191],[76.4581,30.1251],[76.4583,30.1333],[76.4529,30.1321],[76.4482,30.1332],[76.4432,30.1369],[76.4379,30.1438],[76.4368,30.1508],[76.4341,30.1549],[76.4343,30.1598],[76.4383,30.1638],[76.4409,30.1692],[76.4405,30.176],[76.432,30.1941],[76.4222,30.1986],[76.4108,30.1953],[76.4029,30.1885],[76.3987,30.1833],[76.3929,30.1795],[76.3949,30.1753],[76.4005,30.1704],[76.4135,30.154],[76.4114,30.1514],[76.4044,30.1465],[76.398,30.1445],[76.3964,30.1421],[76.4002,30.1346],[76.4003,30.1302],[76.4018,30.1238],[76.3962,30.1201],[76.3865,30.12],[76.3755,30.1238],[76.37,30.1296],[76.3602,30.1468],[76.3549,30.1498],[76.3377,30.1456],[76.3405,30.1411],[76.3475,30.1356],[76.3601,30.128],[76.3607,30.124],[76.3497,30.1122],[76.3401,30.1058],[76.3346,30.1045],[76.3245,30.1049],[76.3048,30.115],[76.2981,30.1132],[76.2916,30.11],[76.2837,30.1107],[76.2772,30.1141],[76.2628,30.1154],[76.2563,30.1183],[76.2547,30.1239],[76.2527,30.1251],[76.2499,30.1274],[76.2485,30.129],[76.2471,30.1306],[76.2455,30.132],[76.2436,30.1333],[76.2417,30.1344],[76.2397,30.1355],[76.238,30.1368],[76.2364,30.1383],[76.2351,30.1399],[76.2337,30.1416],[76.2323,30.1432],[76.2307,30.1447],[76.229,30.1463],[76.2274,30.1479],[76.2257,30.1495],[76.224,30.1511],[76.2223,30.1526],[76.2206,30.1539],[76.2189,30.155],[76.2173,30.1559],[76.2156,30.1554],[76.2141,30.1532],[76.2136,30.1511],[76.2143,30.1493],[76.2155,30.1476],[76.2168,30.1458],[76.218,30.1439],[76.2188,30.142],[76.2191,30.14],[76.2202,30.1382],[76.2217,30.1366],[76.2232,30.135],[76.2243,30.1333],[76.2236,30.1316],[76.2218,30.1301],[76.2196,30.1297],[76.2175,30.1303],[76.2153,30.1312],[76.2133,30.1323],[76.2114,30.1337],[76.2095,30.1352],[76.2076,30.1365],[76.2058,30.1373],[76.204,30.137],[76.2022,30.1352],[76.2013,30.1332],[76.2023,30.1315],[76.2042,30.13],[76.206,30.1289],[76.208,30.1278],[76.21,30.1268],[76.2121,30.1258],[76.2143,30.1252],[76.2164,30.1244],[76.2181,30.123],[76.2196,30.1214],[76.2209,30.1198],[76.2223,30.1181],[76.2236,30.1165],[76.2251,30.1149],[76.2268,30.1137],[76.2288,30.1126],[76.2308,30.1116],[76.2329,30.1106],[76.2348,30.1095],[76.2365,30.1081],[76.2383,30.1069],[76.2403,30.1058],[76.2425,30.105],[76.2447,30.1047],[76.247,30.1046],[76.2494,30.1047],[76.2517,30.1047],[76.254,30.1046],[76.2564,30.1044],[76.2588,30.104],[76.2611,30.1036],[76.2634,30.1031],[76.2654,30.1024],[76.2667,30.101],[76.2662,30.0988],[76.2652,30.0969],[76.264,30.0951],[76.2626,30.0935],[76.2609,30.0924],[76.2584,30.0928],[76.2562,30.0926],[76.2545,30.0913],[76.2528,30.09],[76.2512,30.0885],[76.2497,30.0869],[76.2482,30.0853],[76.2468,30.0836],[76.2454,30.082],[76.2441,30.0804],[76.2428,30.0787],[76.2415,30.077],[76.2403,30.0753],[76.2391,30.0736],[76.2379,30.0718],[76.2367,30.0701],[76.2355,30.0684],[76.2343,30.0666],[76.2331,30.0649],[76.2319,30.0632],[76.2307,30.0615],[76.2296,30.0597],[76.2284,30.058],[76.2272,30.0562],[76.226,30.0545],[76.2248,30.0528],[76.2237,30.051],[76.2226,30.0493],[76.2214,30.0475],[76.2202,30.0458],[76.2187,30.0442],[76.2172,30.0427],[76.2155,30.0413],[76.214,30.0398],[76.2126,30.0381],[76.2111,30.0362],[76.2099,30.0344],[76.2094,30.0327],[76.2104,30.0313],[76.2126,30.0301],[76.2149,30.0292],[76.2173,30.0285],[76.2199,30.0279],[76.2225,30.0274],[76.2248,30.0268],[76.2266,30.0261],[76.2276,30.0251],[76.2269,30.0236],[76.225,30.0217],[76.2229,30.0201],[76.2209,30.0192],[76.2187,30.0185],[76.2164,30.0181],[76.2141,30.0176],[76.2118,30.0173],[76.2095,30.017],[76.2073,30.0165],[76.2049,30.0158],[76.203,30.0147],[76.2024,30.0129],[76.202,30.0109],[76.2016,30.0089],[76.2014,30.0069],[76.2013,30.0048],[76.2011,30.0028],[76.2008,30.0006],[76.2045,29.993],[76.2072,29.9869],[76.2085,29.9815],[76.2089,29.9762],[76.2104,29.9696],[76.2061,29.9621],[76.2148,29.9485],[76.2164,29.9439],[76.2152,29.9405],[76.2022,29.9409],[76.1961,29.9427],[76.1902,29.9427],[76.1809,29.933],[76.1775,29.9251],[76.1828,29.9196],[76.1933,29.9196],[76.1949,29.9121],[76.1939,29.8903],[76.1959,29.8849],[76.2086,29.8804],[76.2194,29.8828],[76.2282,29.8802],[76.2365,29.8814],[76.2437,29.8776],[76.2499,29.8722],[76.2533,29.8653],[76.2492,29.8617],[76.2464,29.8561],[76.2431,29.8526],[76.2397,29.8508],[76.2341,29.8519],[76.227,29.851],[76.2229,29.8494],[76.2208,29.8465],[76.2223,29.8395],[76.2208,29.839],[76.2134,29.8416],[76.2053,29.8413],[76.2005,29.8368],[76.1969,29.8276],[76.1777,29.8147],[76.1642,29.8126],[76.1503,29.8131],[76.1431,29.8084],[76.1382,29.8018],[76.1324,29.7959],[76.1274,29.7928],[76.1213,29.7997],[76.1142,29.8048],[76.1054,29.808],[76.1016,29.8073],[76.103,29.811],[76.1071,29.8144],[76.1103,29.8183],[76.113,29.824],[76.1185,29.83],[76.1223,29.8359],[76.124,29.8406],[76.1239,29.8455],[76.1258,29.8502],[76.1259,29.8543],[76.123,29.8564],[76.1186,29.857],[76.1141,29.8554],[76.1106,29.8512],[76.1056,29.8472],[76.1009,29.8459],[76.09,29.8457],[76.0796,29.8412],[76.068,29.8427],[76.0594,29.855],[76.0587,29.8589],[76.0602,29.8684],[76.0568,29.8698],[76.0543,29.8688],[76.0506,29.8741],[76.0467,29.8728],[76.0436,29.8739],[76.0411,29.876],[76.0274,29.8678],[76.0245,29.871],[76.0233,29.8743],[76.0218,29.8802],[76.0218,29.8881],[76.0197,29.891],[76.0001,29.8971],[75.9962,29.8969],[75.9827,29.9069],[75.9858,29.9133],[75.9879,29.921],[75.9855,29.9349],[75.9913,29.9475],[76.0001,29.9472],[76.0073,29.9452],[76.0161,29.9441],[76.025,29.9513],[76.029,29.957],[76.0315,29.9645],[76.0291,29.9711],[76.0228,29.9752],[76.0218,29.9811],[76.0106,29.9952],[76.0089,30],[76.0083,30.0006],[76.0078,30.001],[76.0073,30.0014],[76.0068,30.0018],[76.0063,30.0022],[76.0058,30.0026],[76.0054,30.0031],[76.0051,30.0037],[76.0053,30.0043],[76.0058,30.0047],[76.0064,30.0051],[76.007,30.0055],[76.0077,30.0058],[76.0083,30.006],[76.009,30.0063],[76.0097,30.0065],[76.0103,30.0067],[76.011,30.007],[76.0117,30.0072],[76.0124,30.0075],[76.013,30.0078],[76.0136,30.0081],[76.0142,30.0084],[76.0148,30.0088],[76.0154,30.0092],[76.016,30.0096],[76.0165,30.01],[76.017,30.0104],[76.0175,30.0109],[76.0179,30.0114],[76.0182,30.012],[76.0181,30.0126],[76.0179,30.0132],[76.0177,30.0138],[76.0173,30.0144],[76.0169,30.0149],[76.0165,30.0154],[76.0162,30.0159],[76.0156,30.0163],[76.0149,30.0166],[76.0142,30.0168],[76.0136,30.0171],[76.013,30.0174],[76.0125,30.0178],[76.0124,30.0184],[76.0127,30.019],[76.0131,30.0195],[76.0136,30.02],[76.0141,30.0205],[76.0145,30.021],[76.0142,30.0215],[76.0137,30.0219],[76.0141,30.0225],[76.0145,30.0229],[76.015,30.0234],[76.0155,30.0238],[76.0161,30.0242],[76.0168,30.0245],[76.0175,30.0246],[76.0182,30.0244],[76.0189,30.0242],[76.0195,30.0239],[76.0202,30.0237],[76.0209,30.0235],[76.0216,30.0234],[76.0223,30.0235],[76.023,30.0237],[76.0237,30.0239],[76.0243,30.0243],[76.0248,30.0247],[76.0254,30.0251],[76.0259,30.0255],[76.0264,30.026],[76.0269,30.0264],[76.0275,30.0268],[76.028,30.0273],[76.0285,30.0277],[76.029,30.0281],[76.0295,30.0286],[76.03,30.029],[76.0305,30.0295],[76.031,30.03],[76.0315,30.0304],[76.032,30.0309],[76.0325,30.0313],[76.0329,30.0318],[76.0334,30.0323],[76.0339,30.0328],[76.0344,30.0332],[76.0348,30.0337],[76.0353,30.0342],[76.0357,30.0347],[76.0362,30.0352],[76.0366,30.0357],[76.037,30.0362],[76.0374,30.0367],[76.0377,30.0373],[76.038,30.0379],[76.0382,30.0385],[76.0381,30.0391],[76.0378,30.0397],[76.0374,30.0402],[76.0369,30.0407],[76.0364,30.0411],[76.0358,30.0415],[76.0353,30.0419],[76.0348,30.0424],[76.0343,30.0428],[76.0339,30.0434],[76.0336,30.0439],[76.0336,30.0446],[76.0338,30.0452],[76.0341,30.0457],[76.0346,30.0462],[76.0352,30.0466],[76.0358,30.0468],[76.0365,30.047],[76.0372,30.0472],[76.0379,30.0474],[76.0386,30.0476],[76.0392,30.0479],[76.0397,30.0484],[76.0398,30.049],[76.0395,30.0496],[76.0392,30.0502],[76.0395,30.0508],[76.0398,30.0514],[76.0401,30.052],[76.0404,30.0525],[76.0408,30.0531],[76.0411,30.0536],[76.0415,30.0541],[76.042,30.0546],[76.0425,30.0551],[76.0431,30.0555],[76.0437,30.0557],[76.0444,30.0559],[76.0451,30.056],[76.0459,30.056],[76.0466,30.0561],[76.0473,30.056],[76.048,30.056],[76.0488,30.056],[76.0495,30.056],[76.0502,30.056],[76.0509,30.0561],[76.0516,30.0563],[76.0521,30.0568],[76.0523,30.0574],[76.0524,30.058],[76.0519,30.0584],[76.0512,30.0587],[76.0505,30.0588],[76.0498,30.059],[76.0491,30.0591],[76.0484,30.0594],[76.0478,30.0598],[76.0473,30.0602],[76.0469,30.0607],[76.0467,30.0613],[76.047,30.0619],[76.0475,30.0624],[76.0479,30.0628],[76.0485,30.0633],[76.049,30.0637],[76.0496,30.0641],[76.0501,30.0645],[76.0507,30.0649],[76.0513,30.0653],[76.0518,30.0657],[76.0524,30.0661],[76.053,30.0665],[76.0535,30.0669],[76.054,30.0673],[76.0545,30.0678],[76.055,30.0682],[76.0555,30.0688],[76.0558,30.0693],[76.0559,30.0699],[76.056,30.0706],[76.0561,30.0712],[76.0562,30.0718],[76.0564,30.0724],[76.0567,30.073],[76.0571,30.0735],[76.0577,30.0739],[76.0584,30.0741],[76.0591,30.0743],[76.0598,30.0743],[76.0605,30.0742],[76.0612,30.074],[76.0618,30.0737],[76.0625,30.0735],[76.0632,30.0732],[76.0638,30.0729],[76.0644,30.0726],[76.065,30.0722],[76.0656,30.0718],[76.0661,30.0713],[76.0666,30.0709],[76.0669,30.0703],[76.0672,30.0697],[76.0673,30.0691],[76.0674,30.0685],[76.0673,30.0678],[76.0673,30.0672],[76.0672,30.0666],[76.0671,30.066],[76.067,30.0653],[76.067,30.0647],[76.0669,30.0641],[76.0672,30.0635],[76.0677,30.0631],[76.0684,30.0629],[76.069,30.0633],[76.0695,30.0637],[76.07,30.0642],[76.0705,30.0647],[76.071,30.0651],[76.0714,30.0656],[76.0719,30.0661],[76.0725,30.0665],[76.0731,30.0668],[76.0738,30.067],[76.0745,30.0671],[76.0752,30.067],[76.0759,30.0668],[76.0766,30.0666],[76.0773,30.0664],[76.078,30.0662],[76.0787,30.066],[76.0794,30.0658],[76.08,30.0655],[76.0807,30.0652],[76.0813,30.0649],[76.082,30.0646],[76.0826,30.0644],[76.0833,30.0641],[76.084,30.064],[76.0847,30.064],[76.0854,30.0641],[76.0862,30.0642],[76.0869,30.0643],[76.0876,30.0643],[76.0883,30.0641],[76.089,30.0639],[76.0897,30.0637],[76.0904,30.0635],[76.0908,30.0638],[76.0905,30.0644],[76.0902,30.065],[76.0899,30.0656],[76.0896,30.0661],[76.0892,30.0667],[76.0889,30.0672],[76.0885,30.0678],[76.0881,30.0683],[76.0878,30.0689],[76.0874,30.0694],[76.0871,30.07],[76.0867,30.0705],[76.0864,30.0711],[76.0862,30.0717],[76.086,30.0723],[76.0858,30.0729],[76.0858,30.0735],[76.0863,30.074],[76.0869,30.0744],[76.0876,30.0746],[76.0882,30.0749],[76.0889,30.0751],[76.0895,30.0754],[76.0901,30.0758],[76.0906,30.0763],[76.0911,30.0767],[76.0915,30.0772],[76.092,30.0777],[76.0924,30.0783],[76.0928,30.0788],[76.0932,30.0793],[76.0935,30.0799],[76.0938,30.0805],[76.0941,30.0811],[76.0943,30.0817],[76.0945,30.0823],[76.0947,30.0829],[76.0948,30.0835],[76.095,30.0841],[76.0951,30.0847],[76.0951,30.0854],[76.0951,30.086],[76.0951,30.0866],[76.0951,30.0873],[76.0951,30.0879],[76.0951,30.0885],[76.0951,30.0892],[76.095,30.0898],[76.0953,30.0904],[76.0957,30.0909],[76.0961,30.0914],[76.0965,30.0919],[76.0969,30.0925],[76.0973,30.093],[76.0977,30.0935],[76.0981,30.0941],[76.0985,30.0946],[76.0989,30.0951],[76.0993,30.0956],[76.0997,30.0962],[76.1001,30.0967],[76.1005,30.0972],[76.1009,30.0978],[76.1013,30.0983],[76.1016,30.0989],[76.102,30.0994],[76.1023,30.1],[76.1026,30.1005],[76.1029,30.1011],[76.1032,30.1017],[76.1035,30.1023],[76.1037,30.1029],[76.1038,30.1035],[76.104,30.1041],[76.1041,30.1048],[76.1042,30.1054],[76.1043,30.106],[76.1044,30.1066],[76.1046,30.1072],[76.1047,30.1079],[76.1049,30.1085],[76.1051,30.1091],[76.1055,30.1096],[76.1059,30.1101],[76.1064,30.1106],[76.1069,30.1111],[76.1073,30.1116],[76.1075,30.1122],[76.1074,30.1129],[76.1072,30.1134],[76.1068,30.114],[76.1063,30.1145],[76.1058,30.1149],[76.1054,30.1154],[76.1049,30.1159],[76.1044,30.1163],[76.1039,30.1168],[76.1034,30.1173],[76.1029,30.1177],[76.1024,30.1182],[76.1019,30.1186],[76.1013,30.1191],[76.1008,30.1195],[76.1003,30.1199],[76.0997,30.1203],[76.0992,30.1207],[76.0986,30.1211],[76.098,30.1215],[76.0974,30.1218],[76.0967,30.122],[76.096,30.122],[76.0953,30.1219],[76.0945,30.1218],[76.0939,30.1216],[76.0932,30.1213],[76.0925,30.1211],[76.0918,30.1209],[76.0912,30.1206],[76.0905,30.1204],[76.0898,30.1201],[76.0892,30.1199],[76.0885,30.1196],[76.0878,30.1193],[76.0872,30.1191],[76.0865,30.1188],[76.0859,30.1185],[76.0852,30.1183],[76.0845,30.118],[76.0839,30.1178],[76.0832,30.1176],[76.0825,30.1173],[76.0818,30.1171],[76.0811,30.1169],[76.0804,30.1169],[76.0793,30.1172],[76.0798,30.1176],[76.0803,30.1181],[76.0809,30.1185],[76.0814,30.119],[76.0819,30.1194],[76.0824,30.1198],[76.083,30.1203],[76.0835,30.1207],[76.0839,30.1212],[76.0844,30.1217],[76.0848,30.1223],[76.0851,30.1228],[76.0852,30.1235],[76.0851,30.1241],[76.0849,30.1247],[76.0847,30.1253],[76.0842,30.1258],[76.0835,30.126],[76.0828,30.126],[76.082,30.1259],[76.0813,30.1259],[76.0806,30.1257],[76.0799,30.1256],[76.0792,30.1254],[76.0785,30.1253],[76.0778,30.1252],[76.0771,30.125],[76.0763,30.1249],[76.0756,30.1249],[76.0749,30.1248],[76.0742,30.1249],[76.0735,30.1251],[76.0729,30.1254],[76.0723,30.1258],[76.0719,30.1264],[76.0718,30.127],[76.0719,30.1276],[76.072,30.1282],[76.0723,30.1288],[76.0725,30.1294],[76.0728,30.13],[76.0731,30.1306],[76.0735,30.1311],[76.0738,30.1317],[76.0742,30.1322],[76.0747,30.1327],[76.0752,30.1331],[76.0758,30.1335],[76.0765,30.1336],[76.0773,30.1337],[76.078,30.1337],[76.0787,30.1337],[76.0794,30.1337],[76.0801,30.1339],[76.0806,30.1344],[76.0807,30.135],[76.0807,30.1356],[76.0807,30.1363],[76.0806,30.1369],[76.0804,30.1375],[76.0801,30.1381],[76.0797,30.1386],[76.0792,30.1391],[76.0786,30.1394],[76.0779,30.1396],[76.0772,30.1398],[76.0765,30.1399],[76.0758,30.14],[76.075,30.14],[76.0743,30.1401],[76.0736,30.1402],[76.0729,30.1403],[76.0722,30.1405],[76.0715,30.1407],[76.0709,30.1411],[76.0703,30.1415],[76.0698,30.1419],[76.0693,30.1424],[76.0689,30.1429],[76.0684,30.1433],[76.0678,30.1438],[76.0672,30.1441],[76.0666,30.1443],[76.0658,30.1442],[76.0651,30.144],[76.0645,30.1438],[76.0638,30.1434],[76.0632,30.1432],[76.0625,30.1429],[76.0616,30.1458],[76.0629,30.1486],[76.0698,30.1478],[76.0715,30.1498],[76.0722,30.1511],[76.0728,30.152],[76.0726,30.1542],[76.0678,30.1564],[76.0563,30.1682],[76.0564,30.1754],[76.0556,30.1783],[76.0504,30.1885],[76.0538,30.1906],[76.055,30.1931],[76.0617,30.1981],[76.0637,30.2027],[76.0664,30.2054],[76.0635,30.213],[76.0693,30.2205],[76.0725,30.2215],[76.0771,30.2291],[76.0799,30.2306],[76.0815,30.2297],[76.0835,30.2254],[76.0878,30.2274],[76.0961,30.2268],[76.1005,30.2256],[76.1156,30.2301],[76.1164,30.2387],[76.12,30.2383],[76.1256,30.2436],[76.1285,30.2426],[76.1312,30.2429],[76.1369,30.247],[76.1393,30.2416],[76.1407,30.2409],[76.1421,30.2431],[76.1465,30.2459],[76.1457,30.2489],[76.1481,30.2507],[76.1553,30.2541],[76.1661,30.2512],[76.1682,30.2454],[76.1673,30.2399],[76.173,30.2456],[76.1749,30.251],[76.1784,30.2531],[76.1801,30.2557],[76.1776,30.2638],[76.1829,30.2734],[76.186,30.2748],[76.1889,30.2743],[76.1898,30.2729],[76.1979,30.2747],[76.2021,30.2797],[76.2034,30.2841],[76.2024,30.2865],[76.1995,30.2901],[76.1979,30.2947],[76.1881,30.2973],[76.183,30.3059],[76.1802,30.3063],[76.1743,30.3048],[76.1672,30.3015],[76.1664,30.3032],[76.1661,30.3091],[76.1665,30.3106],[76.1697,30.3136],[76.17,30.3153],[76.1672,30.3191],[76.1638,30.3165],[76.1604,30.3159],[76.1565,30.3138],[76.1513,30.3175],[76.1481,30.3183],[76.1455,30.3168],[76.1433,30.314],[76.1371,30.3128],[76.1302,30.3126],[76.1166,30.318],[76.1092,30.3183],[76.0999,30.3166],[76.0915,30.3129],[76.0874,30.309],[76.0826,30.3099],[76.0776,30.3129],[76.0668,30.3163],[76.0619,30.3203],[76.0576,30.3285],[76.0484,30.3368],[76.0428,30.3347],[76.0327,30.3367],[76.0281,30.3326],[76.0235,30.3318],[76.0205,30.3281],[76.0157,30.3304],[76.013,30.3302],[76.0096,30.3312],[76.0077,30.3355],[76,30.3356],[75.9904,30.3378],[75.9907,30.3432],[75.985,30.3608],[75.9885,30.3628],[75.9927,30.3706],[76,30.3657],[76.0054,30.3641],[76.0089,30.3641],[76.0101,30.3657],[76.0083,30.3683],[76.0094,30.3716],[76.015,30.3782],[76.0154,30.3819],[76.0232,30.3789],[76.0247,30.3851],[76.0247,30.3894],[76.0307,30.3931],[76.0358,30.4001],[76.0315,30.4078],[76.0397,30.4113],[76.0437,30.4117],[76.0454,30.4131],[76.0458,30.4166],[76.0478,30.4187],[76.0511,30.4196],[76.053,30.4211],[76.0528,30.4238],[76.0487,30.4337],[76.0529,30.4357],[76.061,30.4414],[76.0671,30.4488],[76.0691,30.4502],[76.075,30.4469],[76.0788,30.4477],[76.0819,30.4492],[76.0896,30.4557],[76.0808,30.4588],[76.0799,30.4609],[76.0804,30.4717],[76.0782,30.4735],[76.0647,30.4787],[76.0632,30.4824],[76.0633,30.488],[76.0656,30.4929],[76.0782,30.4996],[76.0798,30.5019],[76.0794,30.5034],[76.0783,30.5068],[76.0807,30.5119],[76.0829,30.5206],[76.1023,30.52],[76.1186,30.5268],[76.1297,30.531],[76.1343,30.5311],[76.1463,30.5296],[76.1504,30.5322],[76.1552,30.537],[76.1678,30.5434],[76.171,30.5471],[76.1743,30.5486],[76.1818,30.5466],[76.1898,30.5443],[76.1943,30.5469],[76.2041,30.5493],[76.2108,30.548],[76.2178,30.5507],[76.2202,30.5539],[76.2242,30.5583],[76.2324,30.5603],[76.2387,30.5587],[76.2445,30.5585],[76.2523,30.5586],[76.2685,30.5636],[76.2731,30.5618],[76.2751,30.554],[76.2797,30.5549],[76.2782,30.5601],[76.2845,30.5712],[76.2929,30.5742],[76.2972,30.5688],[76.2985,30.5581],[76.3009,30.5564],[76.3059,30.5573],[76.3123,30.555],[76.3134,30.5465],[76.3227,30.5432],[76.3249,30.5361],[76.3227,30.5284],[76.3281,30.5203],[76.3347,30.5025],[76.3358,30.4983],[76.3195,30.4811],[76.3358,30.4789],[76.3287,30.4697],[76.3288,30.4667],[76.3353,30.4614],[76.3353,30.4555],[76.3392,30.4551],[76.339,30.4506],[76.3342,30.4463],[76.3306,30.447],[76.3286,30.4436],[76.3257,30.4437],[76.3248,30.4394],[76.3349,30.4355],[76.3381,30.4365],[76.3396,30.431],[76.343,30.4284],[76.3523,30.4334],[76.3566,30.4369],[76.3585,30.4373],[76.3689,30.4327],[76.3723,30.4326],[76.3808,30.4266],[76.384,30.4224],[76.3867,30.4111],[76.3982,30.4213],[76.4048,30.4235],[76.4098,30.4238],[76.416,30.4242],[76.4156,30.4293],[76.4098,30.4351],[76.4086,30.4391],[76.411,30.4416],[76.4135,30.4398],[76.4154,30.4415],[76.419,30.4397],[76.4225,30.4438],[76.436,30.4418],[76.447,30.4483],[76.4526,30.4437],[76.4621,30.434],[76.468,30.437],[76.4789,30.4306],[76.483,30.4362],[76.4896,30.4413],[76.4924,30.446],[76.4917,30.449],[76.4954,30.4501],[76.4962,30.4544],[76.4988,30.4573],[76.4966,30.4599],[76.4995,30.4651],[76.5016,30.4704],[76.5038,30.4734],[76.501,30.4791],[76.4957,30.4844],[76.4974,30.4899],[76.4968,30.4942],[76.489,30.4992],[76.4923,30.5007],[76.4961,30.5067],[76.4922,30.5145],[76.4941,30.5193],[76.5025,30.5299],[76.502,30.5336],[76.4999,30.5362],[76.5,30.5422],[76.5002,30.5476],[76.5027,30.5522],[76.5055,30.5535],[76.5021,30.5575],[76.5011,30.5612],[76.5044,30.5632],[76.5062,30.5657],[76.5101,30.5651],[76.5126,30.5676],[76.5181,30.5641],[76.5275,30.5612],[76.5315,30.5613],[76.5327,30.5577],[76.5362,30.5584],[76.5406,30.5571],[76.5469,30.5606],[76.55,30.5604],[76.5604,30.5659],[76.5664,30.5674],[76.5692,30.5658],[76.5703,30.5634],[76.5757,30.5669],[76.5785,30.5687],[76.5794,30.5719],[76.5816,30.5711],[76.5827,30.5755],[76.5813,30.5796],[76.5767,30.5837],[76.569,30.5887],[76.5611,30.5937],[76.5574,30.5972],[76.5597,30.6053],[76.5694,30.6087],[76.5686,30.6114],[76.571,30.6114],[76.5802,30.6063],[76.5883,30.6035],[76.5923,30.6042],[76.5941,30.6122],[76.5893,30.6174],[76.5869,30.6323],[76.5925,30.6346],[76.585,30.6414],[76.5802,30.6472],[76.5806,30.6474],[76.5874,30.6514],[76.5879,30.6529],[76.5834,30.6568],[76.5785,30.6594],[76.5771,30.6616],[76.5775,30.6639],[76.5792,30.6655],[76.5873,30.6659],[76.5927,30.6622],[76.595,30.6614],[76.5999,30.6634],[76.6023,30.6657],[76.6066,30.6659],[76.6127,30.6696],[76.6158,30.6699],[76.6314,30.6775],[76.6348,30.6778],[76.6367,30.675],[76.6397,30.6673],[76.6404,30.664]]],[[[75.9688,29.9148],[75.9721,29.914],[75.9739,29.9125],[75.9735,29.9087],[75.9795,29.9061],[75.9772,29.9037],[75.9743,29.8958],[75.9692,29.8925],[75.9637,29.8936],[75.9605,29.8912],[75.9512,29.8945],[75.9397,29.9015],[75.9349,29.9025],[75.9332,29.9077],[75.9314,29.9099],[75.932,29.9123],[75.937,29.9177],[75.9444,29.9202],[75.952,29.9207],[75.9581,29.9173],[75.9609,29.9149],[75.9657,29.9145],[75.9628,29.9187],[75.9667,29.9236],[75.9682,29.9266],[75.9667,29.93],[75.97,29.931],[75.9717,29.9296],[75.9708,29.9203],[75.9687,29.9169],[75.9688,29.9148]]]]},"properties":{"district_name":"Patiala","raw_district_name":"Patiala","state_code":"PB","state_name":"Punjab","census_code":48,"data_source":"DataMeet India Maps (Census 2011 Boundaries)"}},{"type":"Feature","geometry":{"type":"Polygon","coordinates":[[[76.4103,30.7585],[76.4103,30.7585],[76.4082,30.7711],[76.4094,30.7731],[76.4169,30.7795],[76.4158,30.7907],[76.4201,30.798],[76.4085,30.8081],[76.3951,30.8077],[76.3926,30.8085],[76.3906,30.8123],[76.3924,30.8202],[76.3923,30.8307],[76.39,30.8319],[76.3799,30.8335],[76.3721,30.8266],[76.3662,30.8301],[76.3563,30.8303],[76.3484,30.8301],[76.3469,30.8336],[76.343,30.8371],[76.3353,30.839],[76.335,30.8402],[76.336,30.8421],[76.3351,30.844],[76.3285,30.8495],[76.3306,30.8515],[76.3334,30.8566],[76.3371,30.8587],[76.344,30.8595],[76.3497,30.8645],[76.3573,30.8662],[76.3593,30.8691],[76.3701,30.8724],[76.3743,30.8753],[76.3749,30.878],[76.3728,30.89],[76.3694,30.8992],[76.3652,30.9049],[76.3608,30.9082],[76.3488,30.9123],[76.3393,30.9068],[76.3364,30.8988],[76.333,30.8969],[76.3277,30.8858],[76.3281,30.879],[76.3215,30.8782],[76.321,30.9035],[76.3207,30.9152],[76.3171,30.9198],[76.3159,30.9252],[76.3219,30.9282],[76.3243,30.9308],[76.3228,30.9399],[76.3185,30.9513],[76.3178,30.9603],[76.317,30.9712],[76.3164,30.9713],[76.3169,30.9718],[76.3168,30.9726],[76.316,30.9831],[76.3127,30.9868],[76.3084,30.9916],[76.3164,30.9958],[76.3165,30.9958],[76.3171,30.9957],[76.3273,30.9932],[76.3274,30.9927],[76.3286,30.98],[76.3286,30.98],[76.3452,30.978],[76.3452,30.978],[76.3624,30.9706],[76.3683,30.9725],[76.3684,30.9725],[76.3856,30.9763],[76.4057,30.9755],[76.4057,30.9755],[76.4154,30.974],[76.4154,30.974],[76.4154,30.974],[76.4488,30.9725],[76.4748,30.9786],[76.4748,30.9786],[76.4922,30.9769],[76.5016,30.9783],[76.5119,30.9798],[76.5138,30.9816],[76.5143,30.982],[76.5143,30.982],[76.52,30.9951],[76.52,30.9951],[76.52,30.9951],[76.5025,31.008],[76.4905,31.0168],[76.4903,31.017],[76.4902,31.0172],[76.4665,31.0399],[76.4662,31.0401],[76.4632,31.0482],[76.4546,31.0564],[76.4545,31.0565],[76.4414,31.0739],[76.4365,31.0804],[76.4289,31.0972],[76.4289,31.0972],[76.4289,31.0974],[76.4295,31.1151],[76.4295,31.1152],[76.4267,31.1245],[76.4015,31.1389],[76.4013,31.139],[76.3875,31.1488],[76.3874,31.1489],[76.376,31.1725],[76.3758,31.1729],[76.366,31.1896],[76.3659,31.1898],[76.3571,31.2057],[76.3422,31.2158],[76.3421,31.2161],[76.3393,31.224],[76.3394,31.224],[76.3387,31.2258],[76.3355,31.2267],[76.3391,31.2302],[76.3473,31.2324],[76.3517,31.2383],[76.3403,31.2472],[76.337,31.2513],[76.332,31.2633],[76.3269,31.267],[76.3189,31.2705],[76.3131,31.275],[76.3108,31.2787],[76.3099,31.2894],[76.3084,31.2928],[76.2991,31.2928],[76.2944,31.2956],[76.2919,31.2998],[76.2913,31.3074],[76.2983,31.311],[76.3043,31.3131],[76.31,31.3167],[76.3162,31.3238],[76.31,31.3397],[76.3139,31.3413],[76.3298,31.345],[76.3318,31.3497],[76.3385,31.3446],[76.3441,31.3427],[76.3507,31.3504],[76.3453,31.3565],[76.3441,31.3652],[76.3437,31.377],[76.3323,31.3786],[76.3329,31.3857],[76.33,31.3999],[76.3436,31.3986],[76.3487,31.4012],[76.361,31.4032],[76.3673,31.4099],[76.3733,31.4131],[76.371,31.4271],[76.3774,31.4388],[76.3834,31.4256],[76.3895,31.4196],[76.3872,31.4111],[76.3958,31.408],[76.4045,31.3947],[76.3934,31.3886],[76.4052,31.376],[76.4134,31.3628],[76.4229,31.3511],[76.4269,31.345],[76.4323,31.3346],[76.4421,31.3224],[76.4515,31.3147],[76.4623,31.3032],[76.4596,31.2976],[76.4498,31.2919],[76.4425,31.2864],[76.4451,31.2801],[76.4598,31.2869],[76.465,31.2934],[76.4761,31.304],[76.4808,31.3074],[76.4865,31.3039],[76.4891,31.2962],[76.4897,31.2894],[76.4937,31.2862],[76.4972,31.2814],[76.5026,31.2705],[76.5122,31.2704],[76.5174,31.275],[76.5249,31.2797],[76.5283,31.2802],[76.5306,31.2745],[76.5283,31.2616],[76.5321,31.2594],[76.5419,31.267],[76.5453,31.2806],[76.5512,31.281],[76.5488,31.2694],[76.5467,31.2635],[76.5489,31.2524],[76.5599,31.2529],[76.5663,31.2619],[76.5846,31.2771],[76.6156,31.2478],[76.6067,31.2431],[76.5987,31.2366],[76.5965,31.2279],[76.5899,31.2227],[76.5933,31.2174],[76.5946,31.2133],[76.6007,31.213],[76.6303,31.2263],[76.64,31.2239],[76.6385,31.2179],[76.6481,31.2122],[76.6494,31.2098],[76.6341,31.2035],[76.6327,31.2008],[76.6262,31.1995],[76.6197,31.194],[76.6146,31.1879],[76.6122,31.1833],[76.6043,31.1797],[76.6063,31.1691],[76.6033,31.1616],[76.6053,31.1572],[76.6039,31.1541],[76.6085,31.1482],[76.6126,31.148],[76.6078,31.1333],[76.6031,31.1245],[76.6112,31.123],[76.6211,31.1164],[76.6294,31.1184],[76.6375,31.1148],[76.6395,31.107],[76.6256,31.0931],[76.6215,31.0802],[76.6186,31.0751],[76.6232,31.0574],[76.6126,31.0503],[76.6152,31.0403],[76.6188,31.0302],[76.6272,31.0187],[76.6236,31.0009],[76.626,30.9987],[76.6345,30.9949],[76.6395,30.9891],[76.6469,30.9873],[76.6666,30.9784],[76.6762,30.9677],[76.6818,30.9664],[76.7078,30.969],[76.7097,30.9683],[76.7119,30.9654],[76.7186,30.9598],[76.7262,30.9599],[76.7377,30.947],[76.7388,30.9406],[76.739,30.939],[76.739,30.939],[76.7313,30.9348],[76.7312,30.9348],[76.7312,30.9347],[76.7283,30.9337],[76.7145,30.9287],[76.7033,30.9309],[76.6991,30.9307],[76.6933,30.9264],[76.693,30.9261],[76.6906,30.9236],[76.6856,30.9185],[76.6841,30.9158],[76.6797,30.9143],[76.6757,30.9143],[76.6677,30.9143],[76.6485,30.9087],[76.6484,30.9086],[76.6483,30.9086],[76.6471,30.9082],[76.6424,30.9043],[76.629,30.8986],[76.6166,30.8916],[76.609,30.8888],[76.6076,30.8855],[76.6083,30.8814],[76.6016,30.8787],[76.6017,30.8769],[76.5971,30.8762],[76.5965,30.8684],[76.5941,30.867],[76.5892,30.8644],[76.5857,30.8675],[76.5856,30.8676],[76.5813,30.8688],[76.5688,30.8688],[76.5678,30.8684],[76.5676,30.8683],[76.5598,30.8653],[76.5582,30.8625],[76.555,30.8527],[76.5514,30.8508],[76.537,30.8504],[76.5369,30.8504],[76.5369,30.8504],[76.5343,30.8503],[76.5337,30.8474],[76.5341,30.8452],[76.5343,30.8446],[76.5354,30.8392],[76.5354,30.8392],[76.5352,30.8368],[76.5375,30.8369],[76.5388,30.8369],[76.5437,30.8311],[76.5458,30.8278],[76.5459,30.8276],[76.5504,30.8202],[76.5473,30.819],[76.5489,30.8101],[76.5561,30.8063],[76.5579,30.8063],[76.5584,30.8063],[76.5594,30.8064],[76.5615,30.8003],[76.5614,30.8002],[76.559,30.798],[76.5583,30.7965],[76.5583,30.7964],[76.5577,30.7951],[76.5597,30.787],[76.5582,30.7843],[76.555,30.7815],[76.5515,30.7801],[76.5461,30.7814],[76.5432,30.7803],[76.5363,30.7737],[76.5334,30.7651],[76.5334,30.7651],[76.5271,30.7609],[76.5269,30.7608],[76.5076,30.7495],[76.495,30.7457],[76.4913,30.7463],[76.483,30.7503],[76.471,30.7457],[76.4648,30.7537],[76.4634,30.7543],[76.4614,30.7523],[76.46,30.7523],[76.446,30.7595],[76.4427,30.7603],[76.4302,30.7579],[76.4218,30.7606],[76.4192,30.7607],[76.4135,30.7575],[76.4103,30.7585]]]},"properties":{"district_name":"Rupnagar","raw_district_name":"Rupnagar","state_code":"PB","state_name":"Punjab","census_code":51,"data_source":"DataMeet India Maps (Census 2011 Boundaries)"}},{"type":"Feature","geometry":{"type":"Polygon","coordinates":[[[76.7396,30.9358],[76.7519,30.9265],[76.7574,30.9255],[76.7622,30.9256],[76.7622,30.9202],[76.7676,30.9194],[76.7674,30.9142],[76.7834,30.9028],[76.776,30.8898],[76.7825,30.8729],[76.7868,30.8675],[76.7984,30.8576],[76.8146,30.8388],[76.82,30.8365],[76.8324,30.8333],[76.8412,30.8288],[76.8455,30.8216],[76.8467,30.8121],[76.8469,30.8008],[76.8547,30.7953],[76.8602,30.7887],[76.8441,30.7641],[76.8415,30.76],[76.8253,30.7628],[76.8147,30.759],[76.8064,30.7627],[76.8046,30.7657],[76.8167,30.7738],[76.8172,30.7752],[76.8155,30.778],[76.8111,30.7815],[76.8094,30.782],[76.802,30.7772],[76.7942,30.7701],[76.7888,30.7723],[76.7826,30.7732],[76.786,30.7793],[76.7896,30.7803],[76.7906,30.7817],[76.7867,30.7842],[76.7809,30.7914],[76.7727,30.7953],[76.7642,30.7931],[76.759,30.7909],[76.7563,30.7878],[76.7533,30.7874],[76.7515,30.7861],[76.7525,30.7824],[76.7484,30.7793],[76.7438,30.7773],[76.7445,30.7733],[76.7425,30.7726],[76.736,30.767],[76.7315,30.7654],[76.7211,30.7664],[76.7038,30.7564],[76.7061,30.7537],[76.7065,30.749],[76.7038,30.743],[76.7058,30.741],[76.7086,30.7404],[76.7144,30.7416],[76.7231,30.7318],[76.7243,30.7286],[76.7293,30.7249],[76.7311,30.7169],[76.7307,30.7137],[76.7285,30.7112],[76.7283,30.7096],[76.7347,30.7083],[76.7386,30.7062],[76.74,30.7038],[76.7392,30.7012],[76.7377,30.7],[76.7394,30.6922],[76.7406,30.6919],[76.7436,30.6937],[76.746,30.6934],[76.7516,30.6854],[76.7581,30.6867],[76.7838,30.6741],[76.8024,30.6667],[76.8075,30.6655],[76.816,30.6716],[76.8191,30.6764],[76.8236,30.6811],[76.833,30.6819],[76.8315,30.6691],[76.8319,30.6567],[76.8372,30.6561],[76.8401,30.6594],[76.8432,30.661],[76.8481,30.6602],[76.8479,30.6519],[76.853,30.6528],[76.863,30.6609],[76.8686,30.6693],[76.8754,30.6753],[76.8763,30.6676],[76.875,30.6558],[76.8721,30.6476],[76.8717,30.6366],[76.8751,30.6363],[76.8811,30.6377],[76.8858,30.636],[76.8902,30.633],[76.8937,30.6291],[76.8967,30.6231],[76.9076,30.6193],[76.9127,30.616],[76.9146,30.6044],[76.9237,30.6018],[76.9265,30.5956],[76.9203,30.5873],[76.9116,30.5844],[76.9175,30.5765],[76.9169,30.5711],[76.9119,30.5626],[76.9119,30.5599],[76.9168,30.5576],[76.9189,30.5543],[76.9152,30.547],[76.9051,30.5403],[76.898,30.5363],[76.9007,30.5341],[76.9111,30.5306],[76.9202,30.5258],[76.9272,30.5224],[76.933,30.5206],[76.933,30.5205],[76.9332,30.5139],[76.9312,30.5031],[76.9288,30.4953],[76.9252,30.4895],[76.9207,30.4866],[76.914,30.4847],[76.9067,30.4855],[76.9018,30.4805],[76.9027,30.4752],[76.9095,30.4712],[76.9108,30.4636],[76.908,30.4514],[76.9035,30.4469],[76.9016,30.4369],[76.9027,30.4325],[76.9144,30.4241],[76.9165,30.4207],[76.9164,30.414],[76.918,30.409],[76.9166,30.4057],[76.9166,30.4025],[76.9179,30.4005],[76.922,30.399],[76.9322,30.3988],[76.9385,30.3974],[76.9418,30.3957],[76.9441,30.3928],[76.943,30.3883],[76.94,30.3844],[76.9335,30.3805],[76.9297,30.3785],[76.9161,30.3633],[76.9104,30.3584],[76.9049,30.3555],[76.8998,30.3542],[76.8928,30.3555],[76.889,30.3591],[76.8883,30.3653],[76.8931,30.3788],[76.8929,30.382],[76.8871,30.3871],[76.8789,30.3907],[76.8802,30.3973],[76.8774,30.4046],[76.86,30.4108],[76.8524,30.4166],[76.8452,30.4298],[76.8406,30.4262],[76.8358,30.4185],[76.8211,30.4078],[76.8099,30.411],[76.7933,30.411],[76.7834,30.4143],[76.777,30.421],[76.7794,30.432],[76.776,30.4357],[76.7705,30.4349],[76.7699,30.4338],[76.7702,30.4367],[76.7919,30.4491],[76.8049,30.4779],[76.7903,30.5063],[76.7456,30.5316],[76.7343,30.5433],[76.7228,30.5621],[76.7215,30.5803],[76.7214,30.5805],[76.7214,30.5818],[76.7212,30.5856],[76.7184,30.5889],[76.7164,30.5886],[76.7151,30.5867],[76.7117,30.5862],[76.7035,30.5868],[76.7034,30.5841],[76.7056,30.5782],[76.7058,30.5757],[76.7042,30.5734],[76.7011,30.5726],[76.6985,30.5698],[76.6919,30.5691],[76.686,30.5746],[76.6843,30.5776],[76.6847,30.5815],[76.6886,30.5895],[76.6881,30.593],[76.6679,30.5836],[76.6632,30.5831],[76.6627,30.5869],[76.6676,30.5925],[76.6678,30.5943],[76.6641,30.5997],[76.6644,30.611],[76.6628,30.6115],[76.6604,30.6109],[76.6586,30.6117],[76.6541,30.6212],[76.6505,30.6259],[76.6449,30.6271],[76.6399,30.6253],[76.6367,30.6222],[76.636,30.6206],[76.6334,30.6203],[76.6319,30.6243],[76.6297,30.6261],[76.6291,30.6287],[76.6308,30.6366],[76.6286,30.6408],[76.6264,30.6429],[76.6262,30.6444],[76.6297,30.646],[76.6393,30.6573],[76.6392,30.6616],[76.6404,30.664],[76.6397,30.6673],[76.6367,30.675],[76.6348,30.6778],[76.6314,30.6775],[76.6158,30.6699],[76.6127,30.6696],[76.6066,30.6659],[76.6023,30.6657],[76.5999,30.6634],[76.595,30.6614],[76.5927,30.6622],[76.5873,30.6659],[76.5792,30.6655],[76.5775,30.6639],[76.5771,30.6616],[76.5785,30.6594],[76.5834,30.6568],[76.5879,30.6529],[76.5874,30.6514],[76.5806,30.6474],[76.5802,30.6472],[76.5713,30.6435],[76.562,30.6444],[76.5556,30.6408],[76.5558,30.6382],[76.5585,30.6324],[76.5591,30.6292],[76.5567,30.628],[76.5441,30.635],[76.5367,30.6406],[76.5343,30.6402],[76.5309,30.6352],[76.5293,30.637],[76.5283,30.6395],[76.5305,30.6453],[76.534,30.6479],[76.5478,30.6541],[76.5517,30.6586],[76.5529,30.6612],[76.5573,30.6645],[76.562,30.6713],[76.5683,30.6724],[76.5709,30.6741],[76.5699,30.6789],[76.5642,30.6883],[76.5616,30.6904],[76.5546,30.6913],[76.5534,30.6964],[76.5545,30.7021],[76.5501,30.7082],[76.5468,30.7104],[76.5427,30.709],[76.5235,30.7088],[76.5172,30.7068],[76.5155,30.7117],[76.5271,30.7171],[76.5308,30.72],[76.5311,30.7231],[76.535,30.7228],[76.5399,30.7236],[76.5446,30.7275],[76.5433,30.7313],[76.5376,30.7376],[76.5382,30.7393],[76.5439,30.7442],[76.5446,30.7472],[76.5405,30.7582],[76.5334,30.7651],[76.5363,30.7737],[76.5432,30.7803],[76.5461,30.7814],[76.5515,30.7801],[76.555,30.7815],[76.5582,30.7843],[76.5597,30.787],[76.5577,30.7951],[76.5583,30.7964],[76.5583,30.7965],[76.559,30.798],[76.5614,30.8002],[76.5615,30.8003],[76.5594,30.8064],[76.5584,30.8063],[76.5579,30.8063],[76.5561,30.8063],[76.5489,30.8101],[76.5473,30.819],[76.5504,30.8202],[76.5459,30.8276],[76.5458,30.8278],[76.5437,30.8311],[76.5388,30.8369],[76.5375,30.8369],[76.5352,30.8368],[76.5354,30.8392],[76.5354,30.8392],[76.5343,30.8446],[76.5341,30.8452],[76.5337,30.8474],[76.5343,30.8503],[76.5369,30.8504],[76.5369,30.8504],[76.537,30.8504],[76.5514,30.8508],[76.555,30.8527],[76.5582,30.8625],[76.5598,30.8653],[76.5678,30.8684],[76.5688,30.8688],[76.5813,30.8688],[76.5856,30.8676],[76.5857,30.8675],[76.5892,30.8644],[76.5941,30.867],[76.5965,30.8684],[76.5971,30.8762],[76.6017,30.8769],[76.6016,30.8787],[76.6083,30.8814],[76.6076,30.8855],[76.609,30.8888],[76.6166,30.8916],[76.629,30.8986],[76.6424,30.9043],[76.6471,30.9082],[76.6483,30.9086],[76.6484,30.9086],[76.6485,30.9087],[76.6677,30.9143],[76.6757,30.9143],[76.6797,30.9143],[76.6841,30.9158],[76.6856,30.9185],[76.693,30.9261],[76.6933,30.9264],[76.6991,30.9307],[76.7033,30.9309],[76.7145,30.9287],[76.7283,30.9337],[76.7312,30.9347],[76.7312,30.9348],[76.7313,30.9348],[76.739,30.939],[76.7396,30.9358]]]},"properties":{"district_name":"Sahibzada Ajit Singh Nagar","raw_district_name":"Sahibzada Ajit Singh Nagar","state_code":"PB","state_name":"Punjab","census_code":52,"data_source":"DataMeet India Maps (Census 2011 Boundaries)"}},{"type":"Feature","geometry":{"type":"Polygon","coordinates":[[[75.8536,30.6706],[75.8593,30.6702],[75.8724,30.6765],[75.8808,30.675],[75.8841,30.6717],[75.8842,30.6679],[75.8863,30.6638],[75.8949,30.66],[75.8976,30.654],[75.8966,30.6464],[75.8764,30.6382],[75.8759,30.63],[75.8807,30.6253],[75.8902,30.6203],[75.8903,30.6101],[75.8958,30.6056],[75.9055,30.6044],[75.912,30.6086],[75.9187,30.6091],[75.9258,30.6055],[75.9309,30.5957],[75.9252,30.5914],[75.9235,30.5886],[75.927,30.5863],[75.9287,30.5759],[75.9377,30.569],[75.9425,30.5694],[75.9506,30.5719],[75.9575,30.5761],[75.9604,30.5852],[75.9627,30.5876],[75.975,30.5918],[75.9837,30.5969],[75.9873,30.5981],[75.9921,30.598],[76,30.6005],[76.0036,30.6022],[76.0071,30.6109],[76.0109,30.6123],[76.028,30.6149],[76.0302,30.6134],[76.0303,30.6091],[76.0321,30.6075],[76.0329,30.6042],[76.0323,30.5997],[76.0355,30.5892],[76.0378,30.5872],[76.0457,30.5864],[76.0592,30.579],[76.0625,30.5801],[76.0651,30.5821],[76.0679,30.5799],[76.0659,30.5696],[76.0688,30.5659],[76.0715,30.5638],[76.0767,30.5642],[76.0836,30.5618],[76.0805,30.5564],[76.0807,30.5521],[76.077,30.5467],[76.0769,30.5448],[76.0847,30.5378],[76.0853,30.5352],[76.0893,30.5307],[76.0878,30.5272],[76.0829,30.5206],[76.0807,30.5119],[76.0783,30.5068],[76.0794,30.5034],[76.0798,30.5019],[76.0782,30.4996],[76.0656,30.4929],[76.0633,30.488],[76.0632,30.4824],[76.0647,30.4787],[76.0782,30.4735],[76.0804,30.4717],[76.0799,30.4609],[76.0808,30.4588],[76.0896,30.4557],[76.0819,30.4492],[76.0788,30.4477],[76.075,30.4469],[76.0691,30.4502],[76.0671,30.4488],[76.061,30.4414],[76.0529,30.4357],[76.0487,30.4337],[76.0528,30.4238],[76.053,30.4211],[76.0511,30.4196],[76.0478,30.4187],[76.0458,30.4166],[76.0454,30.4131],[76.0437,30.4117],[76.0397,30.4113],[76.0315,30.4078],[76.0358,30.4001],[76.0307,30.3931],[76.0247,30.3894],[76.0247,30.3851],[76.0232,30.3789],[76.0154,30.3819],[76.015,30.3782],[76.0094,30.3716],[76.0083,30.3683],[76.0101,30.3657],[76.0089,30.3641],[76.0054,30.3641],[76,30.3657],[75.9927,30.3706],[75.9885,30.3628],[75.985,30.3608],[75.9907,30.3432],[75.9904,30.3378],[76,30.3356],[76.0077,30.3355],[76.0096,30.3312],[76.013,30.3302],[76.0157,30.3304],[76.0205,30.3281],[76.0235,30.3318],[76.0281,30.3326],[76.0327,30.3367],[76.0428,30.3347],[76.0484,30.3368],[76.0576,30.3285],[76.0619,30.3203],[76.0668,30.3163],[76.0776,30.3129],[76.0826,30.3099],[76.0874,30.309],[76.0915,30.3129],[76.0999,30.3166],[76.1092,30.3183],[76.1166,30.318],[76.1302,30.3126],[76.1371,30.3128],[76.1433,30.314],[76.1455,30.3168],[76.1481,30.3183],[76.1513,30.3175],[76.1565,30.3138],[76.1604,30.3159],[76.1638,30.3165],[76.1672,30.3191],[76.17,30.3153],[76.1697,30.3136],[76.1665,30.3106],[76.1661,30.3091],[76.1664,30.3032],[76.1672,30.3015],[76.1743,30.3048],[76.1802,30.3063],[76.183,30.3059],[76.1881,30.2973],[76.1979,30.2947],[76.1995,30.2901],[76.2024,30.2865],[76.2034,30.2841],[76.2021,30.2797],[76.1979,30.2747],[76.1898,30.2729],[76.1889,30.2743],[76.186,30.2748],[76.1829,30.2734],[76.1776,30.2638],[76.1801,30.2557],[76.1784,30.2531],[76.1749,30.251],[76.173,30.2456],[76.1673,30.2399],[76.1682,30.2454],[76.1661,30.2512],[76.1553,30.2541],[76.1481,30.2507],[76.1457,30.2489],[76.1465,30.2459],[76.1421,30.2431],[76.1407,30.2409],[76.1393,30.2416],[76.1369,30.247],[76.1312,30.2429],[76.1285,30.2426],[76.1256,30.2436],[76.12,30.2383],[76.1164,30.2387],[76.1156,30.2301],[76.1005,30.2256],[76.0961,30.2268],[76.0878,30.2274],[76.0835,30.2254],[76.0815,30.2297],[76.0799,30.2306],[76.0771,30.2291],[76.0725,30.2215],[76.0693,30.2205],[76.0635,30.213],[76.0664,30.2054],[76.0637,30.2027],[76.0617,30.1981],[76.055,30.1931],[76.0538,30.1906],[76.0504,30.1885],[76.0556,30.1783],[76.0564,30.1754],[76.0563,30.1682],[76.0678,30.1564],[76.0726,30.1542],[76.0728,30.152],[76.0722,30.1511],[76.0715,30.1498],[76.0698,30.1478],[76.0629,30.1486],[76.0616,30.1458],[76.0625,30.1429],[76.0632,30.1432],[76.0638,30.1434],[76.0645,30.1438],[76.0651,30.144],[76.0658,30.1442],[76.0666,30.1443],[76.0672,30.1441],[76.0678,30.1438],[76.0684,30.1433],[76.0689,30.1429],[76.0693,30.1424],[76.0698,30.1419],[76.0703,30.1415],[76.0709,30.1411],[76.0715,30.1407],[76.0722,30.1405],[76.0729,30.1403],[76.0736,30.1402],[76.0743,30.1401],[76.075,30.14],[76.0758,30.14],[76.0765,30.1399],[76.0772,30.1398],[76.0779,30.1396],[76.0786,30.1394],[76.0792,30.1391],[76.0797,30.1386],[76.0801,30.1381],[76.0804,30.1375],[76.0806,30.1369],[76.0807,30.1363],[76.0807,30.1356],[76.0807,30.135],[76.0806,30.1344],[76.0801,30.1339],[76.0794,30.1337],[76.0787,30.1337],[76.078,30.1337],[76.0773,30.1337],[76.0765,30.1336],[76.0758,30.1335],[76.0752,30.1331],[76.0747,30.1327],[76.0742,30.1322],[76.0738,30.1317],[76.0735,30.1311],[76.0731,30.1306],[76.0728,30.13],[76.0725,30.1294],[76.0723,30.1288],[76.072,30.1282],[76.0719,30.1276],[76.0718,30.127],[76.0719,30.1264],[76.0723,30.1258],[76.0729,30.1254],[76.0735,30.1251],[76.0742,30.1249],[76.0749,30.1248],[76.0756,30.1249],[76.0763,30.1249],[76.0771,30.125],[76.0778,30.1252],[76.0785,30.1253],[76.0792,30.1254],[76.0799,30.1256],[76.0806,30.1257],[76.0813,30.1259],[76.082,30.1259],[76.0828,30.126],[76.0835,30.126],[76.0842,30.1258],[76.0847,30.1253],[76.0849,30.1247],[76.0851,30.1241],[76.0852,30.1235],[76.0851,30.1228],[76.0848,30.1223],[76.0844,30.1217],[76.0839,30.1212],[76.0835,30.1207],[76.083,30.1203],[76.0824,30.1198],[76.0819,30.1194],[76.0814,30.119],[76.0809,30.1185],[76.0803,30.1181],[76.0798,30.1176],[76.0793,30.1172],[76.0804,30.1169],[76.0811,30.1169],[76.0818,30.1171],[76.0825,30.1173],[76.0832,30.1176],[76.0839,30.1178],[76.0845,30.118],[76.0852,30.1183],[76.0859,30.1185],[76.0865,30.1188],[76.0872,30.1191],[76.0878,30.1193],[76.0885,30.1196],[76.0892,30.1199],[76.0898,30.1201],[76.0905,30.1204],[76.0912,30.1206],[76.0918,30.1209],[76.0925,30.1211],[76.0932,30.1213],[76.0939,30.1216],[76.0945,30.1218],[76.0953,30.1219],[76.096,30.122],[76.0967,30.122],[76.0974,30.1218],[76.098,30.1215],[76.0986,30.1211],[76.0992,30.1207],[76.0997,30.1203],[76.1003,30.1199],[76.1008,30.1195],[76.1013,30.1191],[76.1019,30.1186],[76.1024,30.1182],[76.1029,30.1177],[76.1034,30.1173],[76.1039,30.1168],[76.1044,30.1163],[76.1049,30.1159],[76.1054,30.1154],[76.1058,30.1149],[76.1063,30.1145],[76.1068,30.114],[76.1072,30.1134],[76.1074,30.1129],[76.1075,30.1122],[76.1073,30.1116],[76.1069,30.1111],[76.1064,30.1106],[76.1059,30.1101],[76.1055,30.1096],[76.1051,30.1091],[76.1049,30.1085],[76.1047,30.1079],[76.1046,30.1072],[76.1044,30.1066],[76.1043,30.106],[76.1042,30.1054],[76.1041,30.1048],[76.104,30.1041],[76.1038,30.1035],[76.1037,30.1029],[76.1035,30.1023],[76.1032,30.1017],[76.1029,30.1011],[76.1026,30.1005],[76.1023,30.1],[76.102,30.0994],[76.1016,30.0989],[76.1013,30.0983],[76.1009,30.0978],[76.1005,30.0972],[76.1001,30.0967],[76.0997,30.0962],[76.0993,30.0956],[76.0989,30.0951],[76.0985,30.0946],[76.0981,30.0941],[76.0977,30.0935],[76.0973,30.093],[76.0969,30.0925],[76.0965,30.0919],[76.0961,30.0914],[76.0957,30.0909],[76.0953,30.0904],[76.095,30.0898],[76.0951,30.0892],[76.0951,30.0885],[76.0951,30.0879],[76.0951,30.0873],[76.0951,30.0866],[76.0951,30.086],[76.0951,30.0854],[76.0951,30.0847],[76.095,30.0841],[76.0948,30.0835],[76.0947,30.0829],[76.0945,30.0823],[76.0943,30.0817],[76.0941,30.0811],[76.0938,30.0805],[76.0935,30.0799],[76.0932,30.0793],[76.0928,30.0788],[76.0924,30.0783],[76.092,30.0777],[76.0915,30.0772],[76.0911,30.0767],[76.0906,30.0763],[76.0901,30.0758],[76.0895,30.0754],[76.0889,30.0751],[76.0882,30.0749],[76.0876,30.0746],[76.0869,30.0744],[76.0863,30.074],[76.0858,30.0735],[76.0858,30.0729],[76.086,30.0723],[76.0862,30.0717],[76.0864,30.0711],[76.0867,30.0705],[76.0871,30.07],[76.0874,30.0694],[76.0878,30.0689],[76.0881,30.0683],[76.0885,30.0678],[76.0889,30.0672],[76.0892,30.0667],[76.0896,30.0661],[76.0899,30.0656],[76.0902,30.065],[76.0905,30.0644],[76.0908,30.0638],[76.0904,30.0635],[76.0897,30.0637],[76.089,30.0639],[76.0883,30.0641],[76.0876,30.0643],[76.0869,30.0643],[76.0862,30.0642],[76.0854,30.0641],[76.0847,30.064],[76.084,30.064],[76.0833,30.0641],[76.0826,30.0644],[76.082,30.0646],[76.0813,30.0649],[76.0807,30.0652],[76.08,30.0655],[76.0794,30.0658],[76.0787,30.066],[76.078,30.0662],[76.0773,30.0664],[76.0766,30.0666],[76.0759,30.0668],[76.0752,30.067],[76.0745,30.0671],[76.0738,30.067],[76.0731,30.0668],[76.0725,30.0665],[76.0719,30.0661],[76.0714,30.0656],[76.071,30.0651],[76.0705,30.0647],[76.07,30.0642],[76.0695,30.0637],[76.069,30.0633],[76.0684,30.0629],[76.0677,30.0631],[76.0672,30.0635],[76.0669,30.0641],[76.067,30.0647],[76.067,30.0653],[76.0671,30.066],[76.0672,30.0666],[76.0673,30.0672],[76.0673,30.0678],[76.0674,30.0685],[76.0673,30.0691],[76.0672,30.0697],[76.0669,30.0703],[76.0666,30.0709],[76.0661,30.0713],[76.0656,30.0718],[76.065,30.0722],[76.0644,30.0726],[76.0638,30.0729],[76.0632,30.0732],[76.0625,30.0735],[76.0618,30.0737],[76.0612,30.074],[76.0605,30.0742],[76.0598,30.0743],[76.0591,30.0743],[76.0584,30.0741],[76.0577,30.0739],[76.0571,30.0735],[76.0567,30.073],[76.0564,30.0724],[76.0562,30.0718],[76.0561,30.0712],[76.056,30.0706],[76.0559,30.0699],[76.0558,30.0693],[76.0555,30.0688],[76.055,30.0682],[76.0545,30.0678],[76.054,30.0673],[76.0535,30.0669],[76.053,30.0665],[76.0524,30.0661],[76.0518,30.0657],[76.0513,30.0653],[76.0507,30.0649],[76.0501,30.0645],[76.0496,30.0641],[76.049,30.0637],[76.0485,30.0633],[76.0479,30.0628],[76.0475,30.0624],[76.047,30.0619],[76.0467,30.0613],[76.0469,30.0607],[76.0473,30.0602],[76.0478,30.0598],[76.0484,30.0594],[76.0491,30.0591],[76.0498,30.059],[76.0505,30.0588],[76.0512,30.0587],[76.0519,30.0584],[76.0524,30.058],[76.0523,30.0574],[76.0521,30.0568],[76.0516,30.0563],[76.0509,30.0561],[76.0502,30.056],[76.0495,30.056],[76.0488,30.056],[76.048,30.056],[76.0473,30.056],[76.0466,30.0561],[76.0459,30.056],[76.0451,30.056],[76.0444,30.0559],[76.0437,30.0557],[76.0431,30.0555],[76.0425,30.0551],[76.042,30.0546],[76.0415,30.0541],[76.0411,30.0536],[76.0408,30.0531],[76.0404,30.0525],[76.0401,30.052],[76.0398,30.0514],[76.0395,30.0508],[76.0392,30.0502],[76.0395,30.0496],[76.0398,30.049],[76.0397,30.0484],[76.0392,30.0479],[76.0386,30.0476],[76.0379,30.0474],[76.0372,30.0472],[76.0365,30.047],[76.0358,30.0468],[76.0352,30.0466],[76.0346,30.0462],[76.0341,30.0457],[76.0338,30.0452],[76.0336,30.0446],[76.0336,30.0439],[76.0339,30.0434],[76.0343,30.0428],[76.0348,30.0424],[76.0353,30.0419],[76.0358,30.0415],[76.0364,30.0411],[76.0369,30.0407],[76.0374,30.0402],[76.0378,30.0397],[76.0381,30.0391],[76.0382,30.0385],[76.038,30.0379],[76.0377,30.0373],[76.0374,30.0367],[76.037,30.0362],[76.0366,30.0357],[76.0362,30.0352],[76.0357,30.0347],[76.0353,30.0342],[76.0348,30.0337],[76.0344,30.0332],[76.0339,30.0328],[76.0334,30.0323],[76.0329,30.0318],[76.0325,30.0313],[76.032,30.0309],[76.0315,30.0304],[76.031,30.03],[76.0305,30.0295],[76.03,30.029],[76.0295,30.0286],[76.029,30.0281],[76.0285,30.0277],[76.028,30.0273],[76.0275,30.0268],[76.0269,30.0264],[76.0264,30.026],[76.0259,30.0255],[76.0254,30.0251],[76.0248,30.0247],[76.0243,30.0243],[76.0237,30.0239],[76.023,30.0237],[76.0223,30.0235],[76.0216,30.0234],[76.0209,30.0235],[76.0202,30.0237],[76.0195,30.0239],[76.0189,30.0242],[76.0182,30.0244],[76.0175,30.0246],[76.0168,30.0245],[76.0161,30.0242],[76.0155,30.0238],[76.015,30.0234],[76.0145,30.0229],[76.0141,30.0225],[76.0137,30.0219],[76.0142,30.0215],[76.0145,30.021],[76.0141,30.0205],[76.0136,30.02],[76.0131,30.0195],[76.0127,30.019],[76.0124,30.0184],[76.0125,30.0178],[76.013,30.0174],[76.0136,30.0171],[76.0142,30.0168],[76.0149,30.0166],[76.0156,30.0163],[76.0162,30.0159],[76.0165,30.0154],[76.0169,30.0149],[76.0173,30.0144],[76.0177,30.0138],[76.0179,30.0132],[76.0181,30.0126],[76.0182,30.012],[76.0179,30.0114],[76.0175,30.0109],[76.017,30.0104],[76.0165,30.01],[76.016,30.0096],[76.0154,30.0092],[76.0148,30.0088],[76.0142,30.0084],[76.0136,30.0081],[76.013,30.0078],[76.0124,30.0075],[76.0117,30.0072],[76.011,30.007],[76.0103,30.0067],[76.0097,30.0065],[76.009,30.0063],[76.0083,30.006],[76.0077,30.0058],[76.007,30.0055],[76.0064,30.0051],[76.0058,30.0047],[76.0053,30.0043],[76.0051,30.0037],[76.0054,30.0031],[76.0058,30.0026],[76.0063,30.0022],[76.0068,30.0018],[76.0073,30.0014],[76.0078,30.001],[76.0083,30.0006],[76.0089,30],[76.0106,29.9952],[76.0218,29.9811],[76.0228,29.9752],[76.0291,29.9711],[76.0315,29.9645],[76.029,29.957],[76.025,29.9513],[76.0161,29.9441],[76.0073,29.9452],[76.0001,29.9472],[75.9913,29.9475],[75.9855,29.9349],[75.9879,29.921],[75.9858,29.9133],[75.9827,29.9069],[75.9962,29.8969],[76.0001,29.8971],[76.0197,29.891],[76.0218,29.8881],[76.0218,29.8802],[76.0233,29.8743],[76.0245,29.871],[76.0274,29.8678],[76.0411,29.876],[76.0436,29.8739],[76.0467,29.8728],[76.0506,29.8741],[76.0543,29.8688],[76.0568,29.8698],[76.0602,29.8684],[76.0587,29.8589],[76.0594,29.855],[76.068,29.8427],[76.0796,29.8412],[76.09,29.8457],[76.1009,29.8459],[76.1056,29.8472],[76.1106,29.8512],[76.1141,29.8554],[76.1186,29.857],[76.123,29.8564],[76.1259,29.8543],[76.1258,29.8502],[76.1239,29.8455],[76.124,29.8406],[76.1223,29.8359],[76.1185,29.83],[76.113,29.824],[76.1103,29.8183],[76.1071,29.8144],[76.103,29.811],[76.1016,29.8073],[76.097,29.8064],[76.0886,29.8022],[76.0865,29.7935],[76.0864,29.7844],[76.0853,29.7777],[76.0808,29.7725],[76.0741,29.7739],[76.0693,29.7696],[76.0523,29.7452],[76.0465,29.7432],[76.0425,29.7474],[76.0351,29.7521],[76.0284,29.7526],[76.0221,29.7493],[76.0146,29.7475],[76.0001,29.7389],[75.9908,29.7327],[75.9833,29.7289],[75.9756,29.728],[75.9682,29.7287],[75.9608,29.7305],[75.9531,29.7309],[75.9494,29.7301],[75.9447,29.7292],[75.9339,29.7316],[75.9247,29.7354],[75.9138,29.743],[75.908,29.7522],[75.9014,29.7499],[75.89,29.7438],[75.8827,29.7469],[75.8745,29.7491],[75.8653,29.7664],[75.8543,29.7728],[75.852,29.7777],[75.8441,29.7875],[75.84,29.7975],[75.8398,29.8092],[75.8307,29.8122],[75.8068,29.804],[75.7939,29.8122],[75.7824,29.8223],[75.7741,29.8189],[75.7713,29.8156],[75.7591,29.8091],[75.7434,29.8083],[75.7367,29.8085],[75.7459,29.8196],[75.7511,29.8247],[75.7562,29.8266],[75.7674,29.8285],[75.7747,29.8346],[75.7736,29.8413],[75.7713,29.847],[75.7766,29.8523],[75.7743,29.8545],[75.7577,29.8605],[75.765,29.8733],[75.7617,29.8826],[75.7601,29.8919],[75.7707,29.897],[75.7661,29.9078],[75.7666,29.9183],[75.7572,29.9136],[75.7469,29.9181],[75.7378,29.9249],[75.7328,29.9331],[75.7191,29.9312],[75.7088,29.9337],[75.7076,29.9262],[75.7049,29.9182],[75.6879,29.9101],[75.6735,29.9087],[75.6709,29.9127],[75.6714,29.9171],[75.669,29.9199],[75.6688,29.9246],[75.6674,29.9268],[75.659,29.931],[75.6551,29.9288],[75.6503,29.9376],[75.6409,29.9351],[75.6466,29.952],[75.654,29.9657],[75.6592,29.9769],[75.653,29.9822],[75.6557,29.9848],[75.6672,29.9908],[75.6777,29.9988],[75.6801,29.9956],[75.6835,30.0005],[75.6865,30.0065],[75.6896,30.0078],[75.6915,30.0075],[75.6919,30.0142],[75.6904,30.0176],[75.6901,30.0233],[75.6853,30.0237],[75.6835,30.0246],[75.6788,30.0302],[75.679,30.032],[75.6821,30.0363],[75.6824,30.0387],[75.6776,30.0396],[75.6739,30.0379],[75.6719,30.0352],[75.6694,30.0348],[75.6612,30.0359],[75.6588,30.0349],[75.6563,30.0326],[75.6541,30.0288],[75.6533,30.025],[75.6511,30.0234],[75.6472,30.0256],[75.6423,30.0303],[75.6426,30.0343],[75.6444,30.0392],[75.6427,30.0422],[75.6395,30.0453],[75.6395,30.0483],[75.6414,30.0511],[75.6427,30.0651],[75.6417,30.0665],[75.6379,30.0674],[75.6375,30.0707],[75.6394,30.0738],[75.6292,30.081],[75.6313,30.0892],[75.6364,30.0911],[75.6453,30.1026],[75.6521,30.1046],[75.6565,30.1105],[75.6536,30.1141],[75.6513,30.1122],[75.6457,30.1116],[75.6386,30.116],[75.6276,30.132],[75.6298,30.1378],[75.6266,30.1424],[75.624,30.1428],[75.6202,30.1411],[75.6059,30.1346],[75.6005,30.1382],[75.5944,30.1381],[75.5795,30.1417],[75.579,30.1434],[75.5788,30.1435],[75.5765,30.1516],[75.5684,30.1631],[75.5593,30.179],[75.5618,30.1872],[75.5594,30.1944],[75.5605,30.1986],[75.5663,30.2031],[75.5736,30.2073],[75.5767,30.2081],[75.5815,30.2113],[75.5846,30.2148],[75.5872,30.2152],[75.5873,30.2169],[75.5828,30.2245],[75.5848,30.2284],[75.5959,30.2211],[75.612,30.2172],[75.6192,30.2202],[75.63,30.2271],[75.644,30.2329],[75.6473,30.2381],[75.6827,30.2373],[75.6923,30.2299],[75.6957,30.2316],[75.6951,30.2378],[75.7009,30.2484],[75.7088,30.2544],[75.7166,30.2563],[75.725,30.2664],[75.7234,30.27],[75.7259,30.2735],[75.7264,30.2789],[75.7205,30.284],[75.7154,30.285],[75.7049,30.285],[75.6956,30.285],[75.6878,30.285],[75.6823,30.2862],[75.674,30.2897],[75.6687,30.2942],[75.6633,30.3013],[75.6586,30.3115],[75.6567,30.32],[75.6541,30.3272],[75.6536,30.332],[75.6601,30.3361],[75.6635,30.3327],[75.6698,30.3332],[75.6785,30.3422],[75.6832,30.3451],[75.6869,30.3513],[75.6826,30.3534],[75.6784,30.3568],[75.6798,30.3683],[75.6794,30.3729],[75.6682,30.3778],[75.669,30.3821],[75.6666,30.3859],[75.6729,30.3903],[75.6753,30.3928],[75.6732,30.3961],[75.6701,30.3954],[75.6643,30.3957],[75.6632,30.3993],[75.6639,30.405],[75.6678,30.4041],[75.6715,30.4048],[75.671,30.4075],[75.6687,30.4116],[75.6704,30.4218],[75.6679,30.4265],[75.6608,30.4271],[75.654,30.4351],[75.6507,30.4401],[75.6559,30.4446],[75.667,30.4479],[75.6699,30.4505],[75.6746,30.4577],[75.6756,30.4613],[75.6754,30.4683],[75.6793,30.4726],[75.661,30.4758],[75.6594,30.4788],[75.6633,30.4955],[75.6732,30.4998],[75.6826,30.5107],[75.6841,30.5153],[75.6818,30.5195],[75.6736,30.5196],[75.6691,30.5247],[75.6691,30.5285],[75.6583,30.5341],[75.6568,30.5437],[75.6605,30.548],[75.6666,30.5506],[75.6675,30.5547],[75.6632,30.56],[75.6649,30.5638],[75.6722,30.5683],[75.6798,30.5823],[75.6835,30.5909],[75.681,30.5993],[75.6837,30.6029],[75.6855,30.6085],[75.6808,30.6149],[75.6744,30.6115],[75.6651,30.6132],[75.6678,30.6226],[75.666,30.6269],[75.6623,30.6308],[75.6558,30.6353],[75.6558,30.6353],[75.6703,30.6499],[75.6875,30.65],[75.6898,30.6461],[75.6947,30.638],[75.6963,30.6369],[75.7029,30.6371],[75.7109,30.6405],[75.7224,30.6267],[75.7231,30.6256],[75.7274,30.6181],[75.7313,30.6158],[75.734,30.618],[75.7385,30.6267],[75.7404,30.6288],[75.7521,30.6306],[75.7602,30.6346],[75.7628,30.6378],[75.7661,30.6349],[75.7815,30.6292],[75.786,30.6236],[75.7895,30.6232],[75.7969,30.629],[75.8002,30.6314],[75.7812,30.6431],[75.7792,30.6462],[75.7757,30.6577],[75.7657,30.6561],[75.7657,30.6656],[75.7703,30.6722],[75.7777,30.6721],[75.7848,30.6713],[75.7871,30.6641],[75.7857,30.6593],[75.7913,30.6597],[75.7978,30.6626],[75.8076,30.6648],[75.8175,30.6643],[75.8232,30.6694],[75.8257,30.6789],[75.8344,30.6853],[75.8362,30.6878],[75.843,30.6863],[75.8536,30.6706]],[[75.9667,29.9236],[75.9628,29.9187],[75.9657,29.9145],[75.9609,29.9149],[75.9581,29.9173],[75.952,29.9207],[75.9444,29.9202],[75.937,29.9177],[75.932,29.9123],[75.9314,29.9099],[75.9332,29.9077],[75.9349,29.9025],[75.9397,29.9015],[75.9512,29.8945],[75.9605,29.8912],[75.9637,29.8936],[75.9692,29.8925],[75.9743,29.8958],[75.9772,29.9037],[75.9795,29.9061],[75.9735,29.9087],[75.9739,29.9125],[75.9721,29.914],[75.9688,29.9148],[75.9687,29.9169],[75.9708,29.9203],[75.9717,29.9296],[75.97,29.931],[75.9667,29.93],[75.9682,29.9266],[75.9667,29.9236]]]},"properties":{"district_name":"Sangrur","raw_district_name":"Sangrur","state_code":"PB","state_name":"Punjab","census_code":53,"data_source":"DataMeet India Maps (Census 2011 Boundaries)"}},{"type":"Feature","geometry":{"type":"Polygon","coordinates":[[[75.892,31.2758],[75.9014,31.281],[75.913,31.2781],[75.92,31.2785],[75.9254,31.2753],[75.9275,31.2715],[75.9312,31.269],[75.9344,31.2716],[75.9388,31.2739],[75.9449,31.2731],[75.9491,31.2659],[75.954,31.2641],[75.955,31.2594],[75.9541,31.256],[75.9625,31.2557],[75.969,31.2573],[75.9721,31.2539],[75.9951,31.2598],[75.9941,31.2558],[76,31.2481],[76.0038,31.2445],[76.0097,31.2444],[76.0212,31.2567],[76.0257,31.259],[76.0289,31.2538],[76.0285,31.2465],[76.031,31.2409],[76.0481,31.2323],[76.0534,31.2274],[76.0538,31.2246],[76.0507,31.223],[76.0463,31.2176],[76.0498,31.2145],[76.0535,31.2167],[76.0616,31.2163],[76.0667,31.2184],[76.0657,31.2255],[76.0776,31.2289],[76.0826,31.226],[76.0893,31.2246],[76.0896,31.2178],[76.0908,31.214],[76.0914,31.2065],[76.0886,31.1992],[76.0952,31.1965],[76.0995,31.1841],[76.1031,31.1783],[76.1079,31.1763],[76.1121,31.1725],[76.1199,31.1678],[76.1258,31.1671],[76.1334,31.1678],[76.1389,31.1518],[76.1418,31.1486],[76.1488,31.154],[76.1555,31.154],[76.1582,31.1508],[76.1576,31.1443],[76.1702,31.1406],[76.1731,31.1357],[76.1826,31.1355],[76.1868,31.1337],[76.1948,31.1331],[76.1932,31.1303],[76.2068,31.1378],[76.2086,31.1412],[76.2075,31.1466],[76.1999,31.1549],[76.2078,31.1658],[76.1978,31.1843],[76.1976,31.1879],[76.2108,31.1951],[76.2231,31.2017],[76.2278,31.2133],[76.2388,31.2383],[76.2468,31.2455],[76.2569,31.2386],[76.2741,31.2387],[76.2832,31.2335],[76.2919,31.2221],[76.3013,31.2165],[76.3087,31.212],[76.3314,31.225],[76.3357,31.2254],[76.3387,31.2258],[76.3394,31.224],[76.3393,31.224],[76.3421,31.2161],[76.3422,31.2158],[76.3571,31.2057],[76.3659,31.1898],[76.366,31.1896],[76.3758,31.1729],[76.376,31.1725],[76.3874,31.1489],[76.3875,31.1488],[76.4013,31.139],[76.4015,31.1389],[76.4267,31.1245],[76.4295,31.1152],[76.4295,31.1151],[76.4289,31.0974],[76.4289,31.0972],[76.4289,31.0972],[76.4365,31.0804],[76.4414,31.0739],[76.4545,31.0565],[76.4546,31.0564],[76.4632,31.0482],[76.4662,31.0401],[76.4665,31.0399],[76.4902,31.0172],[76.4903,31.017],[76.4905,31.0168],[76.5025,31.008],[76.52,30.9951],[76.52,30.9951],[76.52,30.9951],[76.5143,30.982],[76.5143,30.982],[76.5138,30.9816],[76.5119,30.9798],[76.5016,30.9783],[76.4922,30.9769],[76.4748,30.9786],[76.4748,30.9786],[76.4488,30.9725],[76.4154,30.974],[76.4154,30.974],[76.4154,30.974],[76.4057,30.9755],[76.4057,30.9755],[76.3856,30.9763],[76.3684,30.9725],[76.3683,30.9725],[76.3624,30.9706],[76.3452,30.978],[76.3452,30.978],[76.3286,30.98],[76.3286,30.98],[76.3274,30.9927],[76.3273,30.9932],[76.3171,30.9957],[76.3165,30.9958],[76.3164,30.9958],[76.3084,30.9916],[76.2924,30.9873],[76.2924,30.9872],[76.2923,30.9871],[76.2901,30.9799],[76.2901,30.9799],[76.2897,30.9799],[76.2719,30.9798],[76.2718,30.9798],[76.2718,30.9799],[76.2668,30.984],[76.2574,30.9918],[76.2536,30.9949],[76.2505,30.9945],[76.2417,30.9982],[76.2308,30.998],[76.2183,30.9989],[76.2181,31.0007],[76.2136,31.0065],[76.2072,31.006],[76.1934,31.0026],[76.1838,31.0006],[76.1875,30.9964],[76.1855,30.9927],[76.1803,30.9937],[76.1756,30.9968],[76.1658,30.9932],[76.1498,30.9907],[76.1411,30.9873],[76.1348,30.9864],[76.1141,30.9877],[76.1027,30.9871],[76.0991,30.988],[76.0955,30.9907],[76.087,30.9936],[76.0771,30.9954],[76.0563,30.9973],[76.048,30.9957],[76.0376,30.9961],[76.0157,30.9948],[76.0072,30.9958],[76,30.989],[75.9952,30.9949],[75.9908,31.0002],[75.9928,31.0047],[75.9915,31.0102],[75.9827,31.0114],[75.9701,31.0156],[75.9584,31.0188],[75.9572,31.0191],[75.9536,31.0119],[75.9482,31.0323],[75.9425,31.0537],[75.9312,31.068],[75.9303,31.0781],[75.9277,31.0936],[75.9123,31.0979],[75.9123,31.1103],[75.9005,31.1321],[75.9001,31.1401],[75.8987,31.1474],[75.8934,31.1561],[75.8842,31.1516],[75.8757,31.1622],[75.8822,31.1656],[75.8709,31.1646],[75.867,31.1691],[75.8533,31.1756],[75.853,31.1817],[75.8419,31.1846],[75.8277,31.1853],[75.8116,31.1892],[75.8074,31.1928],[75.7879,31.1986],[75.7879,31.1986],[75.785,31.2046],[75.7945,31.2103],[75.7974,31.2145],[75.805,31.2192],[75.8121,31.2221],[75.8238,31.2228],[75.8291,31.2275],[75.8441,31.2317],[75.8505,31.2349],[75.8541,31.2335],[75.8577,31.235],[75.8584,31.2451],[75.8554,31.248],[75.8527,31.253],[75.8518,31.2594],[75.8461,31.2629],[75.84,31.2771],[75.8421,31.2837],[75.8541,31.2833],[75.8556,31.2794],[75.8618,31.2765],[75.867,31.2762],[75.8719,31.2738],[75.8758,31.2674],[75.8752,31.2615],[75.8713,31.2593],[75.8716,31.2499],[75.8701,31.2455],[75.8754,31.2437],[75.8825,31.2479],[75.8885,31.2498],[75.8917,31.2552],[75.9021,31.2559],[75.9057,31.2579],[75.9108,31.2625],[75.9075,31.2657],[75.8981,31.2664],[75.8966,31.2698],[75.892,31.2758]]]},"properties":{"district_name":"Shahid Bhagat Singh Nagar","raw_district_name":"Shahid Bhagat Singh Nagar","state_code":"PB","state_name":"Punjab","census_code":39,"data_source":"DataMeet India Maps (Census 2011 Boundaries)"}},{"type":"Feature","geometry":{"type":"Polygon","coordinates":[[[74.6131,31.4979],[74.6132,31.498],[74.6161,31.5019],[74.6237,31.5066],[74.6277,31.5108],[74.6307,31.5131],[74.6355,31.5158],[74.6404,31.5197],[74.6447,31.5251],[74.6483,31.5302],[74.6515,31.5337],[74.6573,31.5343],[74.662,31.5344],[74.6665,31.5321],[74.6697,31.5301],[74.6703,31.5289],[74.6722,31.5268],[74.675,31.525],[74.6785,31.5246],[74.6872,31.5241],[74.6908,31.5255],[74.6974,31.5298],[74.6995,31.5319],[74.7043,31.5331],[74.7085,31.5339],[74.7118,31.5369],[74.7141,31.5419],[74.7148,31.5469],[74.7208,31.5555],[74.7266,31.5604],[74.7316,31.5636],[74.7354,31.5649],[74.739,31.5651],[74.739,31.565],[74.7491,31.5596],[74.7546,31.5641],[74.7645,31.5615],[74.7732,31.5583],[74.7775,31.5644],[74.7843,31.5624],[74.7928,31.5704],[74.7989,31.5701],[74.7992,31.5647],[74.8059,31.5576],[74.817,31.5586],[74.8161,31.5495],[74.8223,31.541],[74.8249,31.5361],[74.8323,31.54],[74.8368,31.5369],[74.8428,31.5344],[74.8443,31.5302],[74.864,31.5344],[74.8677,31.5403],[74.8742,31.5378],[74.8796,31.5381],[74.8814,31.5455],[74.8881,31.5523],[74.8957,31.5537],[74.8959,31.547],[74.9014,31.5413],[74.8978,31.5365],[74.898,31.5288],[74.9041,31.5245],[74.9129,31.5272],[74.9206,31.5285],[74.9301,31.5266],[74.9413,31.5222],[74.9401,31.5138],[74.9425,31.5069],[74.9499,31.5033],[74.952,31.4982],[74.9603,31.5056],[74.9617,31.5118],[74.9639,31.5165],[74.9783,31.5151],[74.9786,31.5229],[74.981,31.5292],[74.9879,31.528],[74.9862,31.5253],[74.9902,31.5233],[74.9875,31.5203],[74.9881,31.5163],[74.9877,31.5117],[74.9918,31.5086],[74.9973,31.511],[74.9956,31.5145],[74.9985,31.5186],[75.0071,31.5191],[75.0063,31.5232],[75.0082,31.5262],[75.0137,31.5261],[75.0179,31.5222],[75.0223,31.5241],[75.0215,31.5263],[75.0232,31.5273],[75.0271,31.5266],[75.0272,31.5249],[75.0334,31.5262],[75.0356,31.5301],[75.0405,31.5345],[75.043,31.5415],[75.048,31.5436],[75.057,31.543],[75.0651,31.5383],[75.0701,31.5315],[75.0763,31.5317],[75.0749,31.5256],[75.0852,31.519],[75.1078,31.5222],[75.1134,31.5108],[75.1238,31.495],[75.1301,31.5],[75.1348,31.5051],[75.1393,31.5061],[75.1464,31.5059],[75.1534,31.5071],[75.163,31.5118],[75.1695,31.5193],[75.1698,31.5237],[75.1814,31.5287],[75.1875,31.5222],[75.1923,31.5194],[75.1879,31.51],[75.1844,31.5098],[75.1864,31.5058],[75.1991,31.4998],[75.2057,31.5034],[75.2083,31.4983],[75.2107,31.4967],[75.2295,31.491],[75.2358,31.4929],[75.2519,31.5019],[75.2559,31.498],[75.2581,31.4947],[75.2637,31.4942],[75.272,31.489],[75.2797,31.4831],[75.2725,31.482],[75.2625,31.4762],[75.2503,31.4629],[75.2464,31.456],[75.2427,31.457],[75.2374,31.4605],[75.2306,31.4428],[75.2274,31.424],[75.2166,31.4232],[75.2107,31.4379],[75.2033,31.4382],[75.1952,31.4356],[75.1921,31.4319],[75.1921,31.4319],[75.1876,31.4179],[75.189,31.4142],[75.1925,31.4118],[75.1949,31.4083],[75.1928,31.4053],[75.1897,31.4077],[75.1841,31.4033],[75.1818,31.4007],[75.1818,31.3988],[75.1836,31.3963],[75.1705,31.3785],[75.1662,31.3814],[75.1636,31.3816],[75.1604,31.3638],[75.1637,31.3609],[75.1727,31.3632],[75.1671,31.3561],[75.1461,31.3342],[75.1442,31.3311],[75.1463,31.322],[75.1337,31.3111],[75.1204,31.3194],[75.1157,31.3187],[75.1081,31.3163],[75.1108,31.3101],[75.0994,31.2946],[75.0938,31.2837],[75.1039,31.2782],[75.0979,31.2761],[75.0897,31.2748],[75.0842,31.2724],[75.082,31.2675],[75.0838,31.2664],[75.0809,31.261],[75.0816,31.2557],[75.0814,31.248],[75.0703,31.2382],[75.0584,31.2246],[75.0631,31.2247],[75.0633,31.217],[75.0617,31.211],[75.0569,31.2076],[75.0526,31.2023],[75.0523,31.1994],[75.0541,31.1976],[75.0508,31.1919],[75.0353,31.1877],[75.0222,31.1801],[75.0123,31.1729],[75.007,31.173],[74.9985,31.1711],[74.9968,31.1663],[74.9891,31.1591],[74.97,31.154],[74.9492,31.1499],[74.9332,31.1559],[74.9214,31.1612],[74.9147,31.1559],[74.9075,31.1562],[74.8969,31.1607],[74.8834,31.1516],[74.8611,31.1393],[74.8503,31.1342],[74.8324,31.1334],[74.819,31.1357],[74.8104,31.1339],[74.8102,31.1229],[74.8075,31.1186],[74.8024,31.1142],[74.7921,31.1257],[74.7909,31.1308],[74.7647,31.1288],[74.7625,31.1189],[74.7597,31.1118],[74.7513,31.1121],[74.7449,31.1158],[74.7459,31.1094],[74.7444,31.1042],[74.7272,31.1037],[74.7126,31.1047],[74.7107,31.1095],[74.7059,31.1146],[74.7028,31.115],[74.7028,31.1156],[74.7028,31.1161],[74.7021,31.1177],[74.6985,31.1199],[74.6943,31.1208],[74.6928,31.1261],[74.6914,31.1296],[74.6903,31.1301],[74.6896,31.1303],[74.6896,31.1312],[74.6888,31.1317],[74.6812,31.131],[74.6759,31.1274],[74.6712,31.1281],[74.6696,31.1333],[74.6686,31.1342],[74.6649,31.1358],[74.6633,31.1355],[74.662,31.1344],[74.652,31.1308],[74.65,31.1292],[74.6479,31.1249],[74.6434,31.122],[74.6371,31.1233],[74.6369,31.1281],[74.6382,31.1331],[74.6385,31.1364],[74.6384,31.1371],[74.6374,31.138],[74.6363,31.1376],[74.6353,31.1373],[74.6347,31.1376],[74.6337,31.1378],[74.6269,31.1368],[74.6263,31.1365],[74.6231,31.1346],[74.6224,31.1342],[74.62,31.1335],[74.6187,31.1338],[74.6135,31.1362],[74.6072,31.1358],[74.6045,31.1342],[74.604,31.1328],[74.6039,31.1292],[74.6043,31.1281],[74.6054,31.1276],[74.6064,31.1274],[74.608,31.1256],[74.6088,31.1252],[74.6094,31.1233],[74.6101,31.1162],[74.6114,31.113],[74.6125,31.1123],[74.6127,31.1096],[74.6122,31.1042],[74.6103,31.1006],[74.6085,31.0983],[74.6086,31.0917],[74.6049,31.0882],[74.6035,31.0899],[74.6015,31.0904],[74.6011,31.0914],[74.6009,31.0922],[74.6001,31.094],[74.5975,31.096],[74.5948,31.0956],[74.5937,31.0937],[74.5933,31.0926],[74.5902,31.091],[74.5881,31.0908],[74.5868,31.091],[74.585,31.0903],[74.5835,31.0895],[74.5826,31.0892],[74.5779,31.0852],[74.5697,31.0879],[74.5653,31.0871],[74.564,31.0865],[74.5593,31.0883],[74.559,31.0892],[74.5584,31.0895],[74.5579,31.0994],[74.5573,31.1001],[74.556,31.1044],[74.5555,31.1062],[74.5559,31.1119],[74.5564,31.1133],[74.5566,31.1166],[74.5566,31.1179],[74.5559,31.1213],[74.5555,31.1227],[74.5547,31.1231],[74.5545,31.1238],[74.5484,31.126],[74.5465,31.1256],[74.5422,31.1241],[74.5404,31.1229],[74.5386,31.1234],[74.5373,31.1263],[74.5368,31.1265],[74.5363,31.1282],[74.5358,31.1284],[74.5353,31.1306],[74.5297,31.1331],[74.5279,31.1333],[74.5183,31.1369],[74.5175,31.1376],[74.5167,31.1396],[74.5177,31.1506],[74.5176,31.1518],[74.517,31.152],[74.5161,31.1596],[74.516,31.1661],[74.5168,31.1685],[74.5159,31.1721],[74.5154,31.1723],[74.5135,31.1811],[74.5135,31.1822],[74.5134,31.1827],[74.5145,31.1854],[74.5146,31.1861],[74.5166,31.1868],[74.5197,31.1864],[74.521,31.1868],[74.5217,31.1882],[74.5217,31.1897],[74.52,31.194],[74.5205,31.1986],[74.5231,31.2017],[74.5241,31.2041],[74.5268,31.2105],[74.5261,31.2187],[74.5253,31.2195],[74.5231,31.2241],[74.5236,31.2325],[74.5261,31.2379],[74.5319,31.2428],[74.5345,31.2487],[74.5344,31.2499],[74.5335,31.2526],[74.533,31.2528],[74.533,31.2535],[74.5311,31.2548],[74.53,31.2579],[74.5282,31.2645],[74.5277,31.2648],[74.5269,31.2675],[74.524,31.2693],[74.5235,31.2736],[74.5252,31.2767],[74.5287,31.2788],[74.5293,31.2792],[74.5308,31.2851],[74.5316,31.2867],[74.5371,31.2959],[74.5429,31.3],[74.5443,31.3037],[74.5446,31.3043],[74.5444,31.3063],[74.5426,31.3075],[74.5423,31.3086],[74.5324,31.3105],[74.5305,31.3113],[74.5299,31.3127],[74.5304,31.3163],[74.5322,31.3165],[74.5366,31.3181],[74.541,31.3217],[74.5411,31.3228],[74.5402,31.328],[74.5414,31.3319],[74.5423,31.3323],[74.5504,31.3335],[74.5528,31.335],[74.5525,31.3389],[74.5483,31.3427],[74.5481,31.3469],[74.5509,31.3509],[74.5533,31.3565],[74.5535,31.3669],[74.5575,31.3687],[74.5641,31.3696],[74.5651,31.3709],[74.5685,31.3735],[74.571,31.3743],[74.572,31.3742],[74.5761,31.3748],[74.5781,31.3761],[74.5783,31.3767],[74.5827,31.3791],[74.588,31.3838],[74.5894,31.387],[74.5898,31.3879],[74.5898,31.3983],[74.5903,31.3997],[74.592,31.4024],[74.5923,31.4029],[74.5929,31.4044],[74.5941,31.4066],[74.5953,31.4092],[74.5962,31.4094],[74.5975,31.4105],[74.5973,31.4119],[74.5967,31.4121],[74.5967,31.4141],[74.5975,31.4159],[74.5986,31.4163],[74.6026,31.4177],[74.6029,31.4186],[74.6029,31.4209],[74.6022,31.4216],[74.6025,31.4227],[74.6045,31.423],[74.609,31.4229],[74.6095,31.4227],[74.6129,31.4247],[74.6176,31.4254],[74.6226,31.4239],[74.6239,31.4236],[74.625,31.4241],[74.6266,31.4279],[74.6296,31.4289],[74.6313,31.43],[74.6354,31.4254],[74.6364,31.4243],[74.6371,31.4238],[74.6376,31.4223],[74.6381,31.4217],[74.6384,31.4211],[74.6387,31.4202],[74.6403,31.4198],[74.6408,31.4184],[74.6477,31.4158],[74.652,31.4173],[74.6505,31.4187],[74.6505,31.4211],[74.65,31.4214],[74.6495,31.4216],[74.6495,31.4238],[74.6495,31.4245],[74.6504,31.4254],[74.6546,31.4266],[74.655,31.4268],[74.6563,31.4279],[74.6565,31.4299],[74.6558,31.4308],[74.6532,31.4324],[74.6529,31.4344],[74.6492,31.4374],[74.6479,31.4399],[74.6429,31.4435],[74.6421,31.4458],[74.6426,31.448],[74.6537,31.4571],[74.655,31.4611],[74.655,31.4627],[74.6531,31.4656],[74.6452,31.4708],[74.6449,31.4724],[74.6436,31.4735],[74.6413,31.4748],[74.6336,31.4792],[74.6338,31.4799],[74.6332,31.4801],[74.6336,31.4812],[74.6367,31.4836],[74.6394,31.4879],[74.635,31.4883],[74.627,31.4871],[74.626,31.4874],[74.622,31.4885],[74.6173,31.4909],[74.6157,31.4961],[74.6147,31.4971],[74.6131,31.4979]]]},"properties":{"district_name":"Tarn Taran","raw_district_name":"Tarn Taran","state_code":"PB","state_name":"Punjab","census_code":50,"data_source":"DataMeet India Maps (Census 2011 Boundaries)"}}]}