{"type":"FeatureCollection","properties":{"state_code":"RJ","state_name":"Rajasthan","data_source":"DataMeet India Maps"},"features":[{"type":"Feature","geometry":{"type":"MultiPolygon","coordinates":[[[[74.8925,26.977],[74.9047,26.9752],[74.9062,26.9754],[74.9114,26.9759],[74.9101,26.9675],[74.9203,26.9628],[74.9466,26.9619],[74.9549,26.9628],[74.9576,26.9582],[74.961,26.9603],[74.9644,26.9581],[74.9638,26.954],[74.9662,26.9481],[74.9662,26.9451],[74.9705,26.9472],[74.9796,26.9439],[74.9835,26.9412],[74.9771,26.91],[74.9744,26.8927],[74.9768,26.8903],[74.9707,26.8836],[74.9675,26.8767],[74.9647,26.8726],[74.9571,26.8676],[74.9557,26.8572],[74.9578,26.8487],[74.9565,26.8468],[74.946,26.8453],[74.9378,26.8418],[74.9167,26.8369],[74.9227,26.827],[74.9269,26.81],[74.9278,26.7904],[74.9345,26.7931],[74.9364,26.7785],[74.9418,26.7798],[74.9398,26.7632],[74.9407,26.7497],[74.9426,26.7455],[74.9469,26.7434],[74.9605,26.7534],[74.9728,26.7588],[74.9819,26.7619],[75,26.7514],[75.0009,26.751],[75.0015,26.7508],[75.002,26.7507],[75.0026,26.7505],[75.0031,26.7503],[75.0036,26.7501],[75.0041,26.7499],[75.0046,26.7496],[75.0051,26.7493],[75.0055,26.749],[75.0059,26.7487],[75.0063,26.7483],[75.0067,26.7479],[75.007,26.7475],[75.0073,26.747],[75.0076,26.7466],[75.0079,26.7461],[75.0081,26.7456],[75.0083,26.7451],[75.0085,26.7445],[75.0086,26.744],[75.0087,26.7434],[75.0088,26.7429],[75.0088,26.7423],[75.0088,26.7418],[75.0088,26.7412],[75.0087,26.7406],[75.0087,26.7401],[75.0085,26.7395],[75.0084,26.739],[75.0082,26.7384],[75.008,26.7379],[75.0078,26.7373],[75.0075,26.7368],[75.0072,26.7363],[75.0069,26.7358],[75.0065,26.7353],[75.0061,26.7348],[75.0057,26.7343],[75.0053,26.7339],[75.0049,26.7334],[75.0044,26.733],[75.0039,26.7326],[75.0034,26.7322],[75.0029,26.7318],[75.0023,26.7314],[75.0018,26.7311],[75.0012,26.7309],[75.0006,26.7307],[75,26.7306],[74.9674,26.7324],[74.9455,26.7323],[74.9444,26.721],[74.9647,26.7221],[74.9678,26.7101],[74.9636,26.7057],[74.9639,26.6929],[74.9655,26.6834],[74.9715,26.6774],[74.9743,26.6729],[75,26.6864],[75.0134,26.687],[75.0128,26.6839],[75.0208,26.6727],[75.0214,26.6652],[75.026,26.6626],[75.0313,26.6599],[75.0343,26.6639],[75.0423,26.6614],[75.0418,26.6575],[75.0518,26.6533],[75.0608,26.6547],[75.0677,26.6505],[75.0702,26.6326],[75.0656,26.6285],[75.0647,26.6215],[75.0682,26.6122],[75.0818,26.6098],[75.0824,26.5959],[75.0802,26.5898],[75.0809,26.5865],[75.0719,26.5822],[75.0677,26.5733],[75.066,26.5652],[75.0622,26.5558],[75.0713,26.544],[75.0773,26.543],[75.0818,26.5485],[75.098,26.555],[75.1043,26.5559],[75.1148,26.5518],[75.1236,26.5468],[75.1239,26.5402],[75.1223,26.5333],[75.1159,26.5235],[75.1408,26.5039],[75.1529,26.5001],[75.1528,26.4902],[75.1519,26.4857],[75.147,26.4798],[75.1451,26.4738],[75.1488,26.4691],[75.152,26.4675],[75.1566,26.467],[75.1597,26.4684],[75.1589,26.472],[75.1621,26.4719],[75.1627,26.4585],[75.17,26.462],[75.1768,26.4441],[75.1715,26.4385],[75.1725,26.4315],[75.1688,26.428],[75.1699,26.4257],[75.1643,26.4205],[75.1686,26.4185],[75.1667,26.4146],[75.1541,26.411],[75.1369,26.4093],[75.1329,26.4038],[75.1297,26.3968],[75.1332,26.3815],[75.1362,26.3779],[75.1418,26.3748],[75.1445,26.3742],[75.1444,26.3657],[75.1392,26.3624],[75.1348,26.3608],[75.1297,26.356],[75.1261,26.3547],[75.1256,26.3494],[75.1286,26.3405],[75.1313,26.3239],[75.1366,26.3215],[75.1384,26.3177],[75.1369,26.3058],[75.134,26.2977],[75.1313,26.2923],[75.1259,26.2919],[75.119,26.29],[75.1161,26.2877],[75.1134,26.2849],[75.1163,26.28],[75.1154,26.2753],[75.1202,26.2709],[75.1198,26.2651],[75.1174,26.2519],[75.1246,26.2518],[75.1331,26.2493],[75.1434,26.244],[75.1433,26.2364],[75.145,26.2292],[75.1447,26.2248],[75.1525,26.2246],[75.153,26.2209],[75.1558,26.2183],[75.1576,26.207],[75.1607,26.2005],[75.1592,26.1917],[75.1588,26.1891],[75.1586,26.1826],[75.17,26.1719],[75.1818,26.1717],[75.1851,26.17],[75.1881,26.1634],[75.1884,26.1524],[75.1874,26.1341],[75.1853,26.1268],[75.1858,26.1172],[75.1882,26.1098],[75.2025,26.1068],[75.2206,26.107],[75.2262,26.092],[75.232,26.0904],[75.2406,26.0896],[75.2442,26.0864],[75.246,26.0782],[75.2464,26.0787],[75.2539,26.086],[75.2652,26.0999],[75.264,26.1043],[75.2712,26.1143],[75.2738,26.1289],[75.2772,26.1354],[75.2826,26.1388],[75.2889,26.1392],[75.2952,26.1447],[75.307,26.1468],[75.3214,26.1414],[75.34,26.1306],[75.3313,26.1106],[75.3318,26.1044],[75.33,26.1035],[75.3289,26.1005],[75.3237,26.0975],[75.3143,26.09],[75.3084,26.0805],[75.307,26.0695],[75.3087,26.0624],[75.3147,26.0623],[75.3179,26.0581],[75.3259,26.0547],[75.3281,26.0561],[75.3331,26.0508],[75.3376,26.0481],[75.3451,26.0395],[75.3467,26.0352],[75.3472,26.0302],[75.3468,26.0244],[75.3554,26.0192],[75.3549,26.0143],[75.3527,26.0107],[75.351,26.0097],[75.3513,26.0069],[75.3486,26.0017],[75.3425,26.0032],[75.3352,26.0019],[75.3279,25.9985],[75.3219,25.9809],[75.3182,25.9734],[75.3185,25.965],[75.3181,25.9607],[75.3173,25.9541],[75.3105,25.9505],[75.3071,25.9414],[75.2954,25.9401],[75.2799,25.9439],[75.2687,25.9423],[75.2514,25.9373],[75.2506,25.9241],[75.2463,25.9092],[75.2491,25.8958],[75.2574,25.8858],[75.2662,25.8802],[75.2666,25.8741],[75.2636,25.8529],[75.2689,25.8532],[75.2769,25.8546],[75.2867,25.855],[75.2979,25.8513],[75.3113,25.8535],[75.3156,25.8486],[75.3269,25.8376],[75.3475,25.8317],[75.3549,25.8298],[75.3436,25.8181],[75.3399,25.8108],[75.3383,25.795],[75.3352,25.7826],[75.3191,25.7638],[75.3179,25.7623],[75.3139,25.7543],[75.3023,25.7409],[75.2859,25.7265],[75.2761,25.7148],[75.2784,25.7035],[75.2763,25.697],[75.265,25.7008],[75.2611,25.6977],[75.2575,25.6896],[75.2547,25.6808],[75.2397,25.6789],[75.2161,25.6873],[75.2031,25.6957],[75.1932,25.7043],[75.1837,25.7062],[75.1724,25.7126],[75.1607,25.7195],[75.1489,25.7197],[75.1428,25.7083],[75.1376,25.7006],[75.1313,25.7021],[75.1204,25.7039],[75.1164,25.7021],[75.1089,25.6934],[75.1046,25.6953],[75.0993,25.6974],[75.0867,25.6995],[75.0882,25.7043],[75.0878,25.7113],[75.092,25.7184],[75.0855,25.7222],[75.0724,25.7328],[75.0694,25.7448],[75.0714,25.7499],[75.0683,25.7553],[75.0677,25.7574],[75.0719,25.7619],[75.0801,25.7694],[75.0747,25.7763],[75.0662,25.7754],[75.0539,25.7758],[75.0452,25.78],[75.0379,25.7827],[75.03,25.7862],[75.0244,25.7926],[75.0182,25.8001],[75.0102,25.8073],[75.0135,25.8108],[75.022,25.8163],[75.0306,25.8231],[75.0315,25.8277],[75.0377,25.8286],[75.0377,25.8311],[75.0387,25.8353],[75.0391,25.8368],[75.0402,25.8419],[75.0342,25.8455],[75.0265,25.8474],[75.018,25.855],[75.0167,25.856],[75.0003,25.8455],[74.9974,25.8397],[74.9892,25.846],[74.9889,25.8522],[74.9859,25.8541],[74.9866,25.8604],[74.9453,25.8618],[74.9416,25.8652],[74.9357,25.8735],[74.9202,25.8778],[74.9046,25.8808],[74.8905,25.8702],[74.8837,25.8722],[74.8737,25.8738],[74.8588,25.876],[74.8515,25.876],[74.8424,25.8742],[74.8255,25.8723],[74.8167,25.8685],[74.8019,25.8703],[74.7897,25.8741],[74.7841,25.8775],[74.7709,25.8823],[74.7673,25.8896],[74.7585,25.8939],[74.7578,25.8949],[74.7461,25.9025],[74.7389,25.9064],[74.7339,25.908],[74.7242,25.9166],[74.7135,25.9189],[74.705,25.9193],[74.7004,25.9171],[74.6958,25.9167],[74.6898,25.9176],[74.68,25.9178],[74.6547,25.9145],[74.634,25.909],[74.6184,25.9037],[74.6133,25.9037],[74.6115,25.9127],[74.5928,25.9154],[74.591,25.9079],[74.5875,25.908],[74.58,25.9113],[74.5718,25.9135],[74.5591,25.9137],[74.5544,25.9026],[74.5598,25.9],[74.5656,25.896],[74.5679,25.8899],[74.572,25.8862],[74.5667,25.8754],[74.5624,25.8784],[74.5565,25.8789],[74.5457,25.8763],[74.5372,25.8721],[74.5319,25.8655],[74.5282,25.8651],[74.524,25.8669],[74.5298,25.8805],[74.5314,25.8866],[74.531,25.8932],[74.5294,25.896],[74.5294,25.9014],[74.5256,25.9016],[74.5239,25.9042],[74.5225,25.9102],[74.5196,25.9122],[74.5003,25.9173],[74.4895,25.9234],[74.4847,25.9281],[74.4766,25.9251],[74.4598,25.9307],[74.4533,25.932],[74.4442,25.928],[74.4354,25.9243],[74.4249,25.9287],[74.4222,25.9308],[74.4217,25.9337],[74.4178,25.9369],[74.4128,25.9369],[74.4065,25.9455],[74.4016,25.9508],[74.3889,25.9623],[74.388,25.9631],[74.387,25.9762],[74.391,25.9815],[74.3915,25.986],[74.3885,25.9925],[74.3906,26.0008],[74.3908,26.0054],[74.3878,26.0082],[74.3822,26.0116],[74.3773,26.01],[74.3678,26.0152],[74.3621,26.0169],[74.358,26.0161],[74.3505,26.0218],[74.3459,26.0226],[74.3434,26.0163],[74.3394,26.0174],[74.3347,26.0157],[74.3288,26.0123],[74.3228,26.0115],[74.3203,26.0091],[74.3202,26.0058],[74.3217,26.0007],[74.297,25.9835],[74.2964,25.9818],[74.2926,25.9811],[74.2894,25.9722],[74.2927,25.9713],[74.2872,25.9668],[74.2836,25.9658],[74.2818,25.9621],[74.2857,25.9601],[74.2897,25.9379],[74.2891,25.9244],[74.298,25.9271],[74.2971,25.9126],[74.2934,25.909],[74.2894,25.9088],[74.285,25.9128],[74.2867,25.9196],[74.2826,25.9263],[74.2806,25.9335],[74.2805,25.939],[74.2756,25.9397],[74.2726,25.9477],[74.2688,25.9507],[74.266,25.9458],[74.2683,25.942],[74.2642,25.9336],[74.257,25.9356],[74.2463,25.9338],[74.2404,25.9347],[74.2323,25.9345],[74.2308,25.9277],[74.2346,25.9154],[74.236,25.9072],[74.2422,25.9097],[74.2458,25.8946],[74.2578,25.8816],[74.2676,25.8714],[74.266,25.8713],[74.2583,25.8675],[74.2548,25.8694],[74.2452,25.881],[74.2281,25.893],[74.2223,25.898],[74.2122,25.8858],[74.2064,25.8703],[74.2027,25.8718],[74.1987,25.8628],[74.1968,25.8537],[74.1836,25.8483],[74.1735,25.8442],[74.1677,25.8472],[74.1517,25.8557],[74.1419,25.8547],[74.1269,25.8617],[74.1175,25.8636],[74.117,25.8661],[74.1138,25.8708],[74.1146,25.8797],[74.1233,25.8833],[74.1303,25.8833],[74.138,25.889],[74.1424,25.9034],[74.1577,25.9172],[74.1603,25.9287],[74.153,25.9358],[74.1445,25.9408],[74.1527,25.9518],[74.1554,25.9576],[74.1453,25.956],[74.1389,25.9568],[74.1306,25.9551],[74.1256,25.9606],[74.1314,25.9633],[74.159,25.9959],[74.1656,26.0004],[74.1732,26.0103],[74.1697,26.0143],[74.1565,26.0224],[74.1542,26.0285],[74.1533,26.0382],[74.1532,26.0459],[74.1562,26.0487],[74.1603,26.0494],[74.1615,26.0628],[74.1625,26.0663],[74.1701,26.0666],[74.174,26.0637],[74.1757,26.0537],[74.1763,26.041],[74.1782,26.0351],[74.1829,26.0292],[74.1896,26.0325],[74.196,26.037],[74.2063,26.0478],[74.221,26.0416],[74.2311,26.0542],[74.2427,26.05],[74.2467,26.0534],[74.2432,26.0575],[74.2395,26.0603],[74.2371,26.0648],[74.2401,26.071],[74.245,26.0782],[74.2518,26.0858],[74.256,26.0883],[74.2584,26.0908],[74.258,26.0976],[74.2682,26.1018],[74.2714,26.102],[74.2823,26.1127],[74.2876,26.1207],[74.2927,26.1235],[74.2975,26.1228],[74.3043,26.1355],[74.2997,26.1351],[74.294,26.1388],[74.2897,26.1442],[74.2869,26.1506],[74.2756,26.155],[74.2726,26.1682],[74.2732,26.1738],[74.2851,26.1704],[74.2885,26.1685],[74.3026,26.1849],[74.3062,26.186],[74.3162,26.181],[74.3201,26.1816],[74.3247,26.1886],[74.3361,26.1921],[74.3422,26.1963],[74.3475,26.1933],[74.3524,26.1929],[74.3579,26.1894],[74.3633,26.1912],[74.3693,26.1901],[74.3748,26.2022],[74.3767,26.2063],[74.3761,26.2208],[74.3731,26.2263],[74.3696,26.2292],[74.3691,26.2329],[74.3702,26.2388],[74.3739,26.2476],[74.3804,26.2541],[74.3902,26.2614],[74.4019,26.2669],[74.4001,26.2692],[74.3934,26.2737],[74.3897,26.2791],[74.3646,26.2915],[74.3495,26.2818],[74.3449,26.2742],[74.3396,26.2719],[74.3185,26.2551],[74.3109,26.2517],[74.3045,26.2519],[74.2969,26.2545],[74.2841,26.2552],[74.2727,26.2607],[74.2715,26.2675],[74.2666,26.2751],[74.2622,26.2754],[74.2585,26.2789],[74.2562,26.2829],[74.2535,26.2862],[74.2764,26.3121],[74.304,26.3289],[74.3055,26.3314],[74.3061,26.3344],[74.304,26.3739],[74.3047,26.3825],[74.2975,26.3895],[74.2935,26.3946],[74.2888,26.4166],[74.2884,26.4328],[74.289,26.4432],[74.2908,26.449],[74.303,26.4535],[74.3165,26.4575],[74.318,26.4516],[74.3249,26.4433],[74.3308,26.4423],[74.3371,26.4427],[74.3422,26.4455],[74.3453,26.4497],[74.3531,26.4558],[74.3526,26.4684],[74.3647,26.4738],[74.3715,26.4785],[74.3754,26.4888],[74.382,26.4893],[74.391,26.4881],[74.395,26.4845],[74.3993,26.4845],[74.4053,26.4884],[74.429,26.486],[74.4314,26.4882],[74.431,26.4921],[74.4333,26.4948],[74.4378,26.4997],[74.4432,26.5023],[74.4498,26.4992],[74.456,26.4939],[74.4609,26.488],[74.4651,26.4868],[74.4729,26.4905],[74.4812,26.4974],[74.4963,26.5139],[74.5074,26.5248],[74.5248,26.5456],[74.5382,26.5595],[74.541,26.5623],[74.5648,26.5913],[74.576,26.61],[74.5933,26.6291],[74.5989,26.6184],[74.6064,26.6089],[74.6178,26.5999],[74.6016,26.582],[74.6131,26.5732],[74.6187,26.5658],[74.637,26.5784],[74.6455,26.5904],[74.6552,26.5858],[74.6676,26.5966],[74.6739,26.594],[74.6793,26.6036],[74.6826,26.6162],[74.6937,26.6387],[74.7057,26.6549],[74.7145,26.6627],[74.7219,26.6756],[74.722,26.697],[74.7232,26.7007],[74.7236,26.7019],[74.7129,26.7054],[74.6873,26.7065],[74.686,26.7095],[74.6654,26.7113],[74.6848,26.7338],[74.6871,26.7377],[74.6847,26.7422],[74.6978,26.7711],[74.7035,26.7726],[74.712,26.7766],[74.7158,26.7721],[74.745,26.7698],[74.7494,26.7705],[74.7537,26.7815],[74.7591,26.7891],[74.7652,26.7923],[74.775,26.7927],[74.779,26.7902],[74.7811,26.7986],[74.7774,26.8191],[74.7731,26.8224],[74.7741,26.8487],[74.8048,26.8526],[74.8158,26.8684],[74.8254,26.8907],[74.8312,26.8995],[74.8273,26.9212],[74.8444,26.9612],[74.8521,26.975],[74.8777,26.9752],[74.8925,26.977]]],[[[74.0089,25.8634],[74.0454,25.8319],[74.0541,25.8271],[74.0563,25.8289],[74.0632,25.8179],[74.0643,25.8106],[74.0698,25.8043],[74.0789,25.7979],[74.0895,25.7925],[74.0927,25.7869],[74.0956,25.7838],[74.0958,25.7806],[74.0921,25.7741],[74.094,25.7711],[74.0933,25.7671],[74.0852,25.7655],[74.0693,25.7596],[74.0566,25.7559],[74.0491,25.7513],[74.0416,25.7454],[74.0277,25.7467],[74.0169,25.7466],[74.0105,25.7408],[73.9993,25.7263],[73.9868,25.719],[73.9803,25.7163],[73.9779,25.7139],[73.9878,25.7082],[73.9926,25.7099],[73.9992,25.7077],[74.0081,25.7059],[74.0128,25.7037],[74.0119,25.6982],[74.0083,25.6944],[73.9993,25.69],[73.9854,25.6786],[73.9884,25.672],[73.9875,25.6688],[73.9815,25.6683],[73.9568,25.654],[73.949,25.6506],[73.9442,25.6593],[73.9417,25.6668],[73.9385,25.6706],[73.9323,25.673],[73.9311,25.6777],[73.9264,25.6805],[73.9062,25.6852],[73.9135,25.6977],[73.9114,25.7078],[73.9101,25.7313],[73.9066,25.7404],[73.9124,25.7497],[73.914,25.7521],[73.9217,25.7604],[73.9322,25.7697],[73.9308,25.7816],[73.9243,25.7938],[73.9426,25.8038],[73.945,25.8109],[73.9431,25.8202],[73.9437,25.831],[73.951,25.8408],[73.959,25.8391],[73.971,25.8342],[73.9761,25.8489],[73.9847,25.856],[73.9927,25.8616],[73.9967,25.8621],[73.9992,25.8625],[74.0058,25.8647],[74.0089,25.8634]]]]},"properties":{"district_name":"Ajmer","raw_district_name":"Ajmer","state_code":"RJ","state_name":"Rajasthan","census_code":119,"data_source":"DataMeet India Maps (Census 2011 Boundaries)"}},{"type":"Feature","geometry":{"type":"MultiPolygon","coordinates":[[[[76.8634,28.22],[76.8668,28.218],[76.8727,28.2194],[76.8749,28.2128],[76.8752,28.2063],[76.8883,28.2052],[76.8957,28.2053],[76.9057,28.2024],[76.9089,28.1995],[76.8948,28.1915],[76.8929,28.1895],[76.8931,28.1864],[76.8991,28.1826],[76.9082,28.1741],[76.9211,28.1666],[76.9301,28.157],[76.9366,28.1536],[76.9468,28.1501],[76.9506,28.1499],[76.9496,28.1456],[76.9508,28.1434],[76.9656,28.1407],[76.9708,28.1387],[76.9648,28.1184],[76.9645,28.1064],[76.96,28.0908],[76.957,28.0734],[76.9555,28.066],[76.9514,28.0615],[76.9469,28.0543],[76.9425,28.0428],[76.9407,28.0367],[76.9396,28.0252],[76.9354,28.0072],[76.9304,28.0004],[76.9274,27.9923],[76.9311,27.9805],[76.9337,27.973],[76.9315,27.9605],[76.9282,27.9475],[76.9278,27.9355],[76.9278,27.9196],[76.93,27.9157],[76.9386,27.916],[76.9475,27.9137],[76.9454,27.9022],[76.9468,27.8907],[76.9347,27.8891],[76.9347,27.883],[76.9334,27.8715],[76.9369,27.8618],[76.9385,27.8499],[76.9367,27.8387],[76.9352,27.8289],[76.9305,27.8265],[76.9235,27.8293],[76.9164,27.8306],[76.9123,27.8274],[76.9096,27.8201],[76.9089,27.8158],[76.9137,27.8073],[76.9151,27.8023],[76.9113,27.796],[76.9124,27.7896],[76.9071,27.7858],[76.904,27.7808],[76.9021,27.774],[76.9007,27.7667],[76.8998,27.7559],[76.899,27.7367],[76.8962,27.7319],[76.8924,27.7256],[76.8917,27.7191],[76.8969,27.7142],[76.9037,27.7132],[76.9111,27.7111],[76.9167,27.7068],[76.9206,27.7008],[76.9229,27.6955],[76.9187,27.6913],[76.9143,27.6905],[76.9086,27.6893],[76.9018,27.6929],[76.8963,27.6964],[76.8911,27.6981],[76.8892,27.6941],[76.8914,27.6902],[76.8969,27.6875],[76.903,27.6844],[76.905,27.6806],[76.9023,27.678],[76.8999,27.6746],[76.9015,27.6716],[76.9054,27.6671],[76.9084,27.6627],[76.9088,27.6581],[76.9109,27.6532],[76.9136,27.6506],[76.9178,27.6515],[76.9221,27.6543],[76.9273,27.6561],[76.9321,27.6554],[76.9351,27.6601],[76.9386,27.6664],[76.9425,27.6697],[76.9468,27.6683],[76.9531,27.6652],[76.9599,27.6609],[76.9686,27.6571],[76.9788,27.6518],[76.9775,27.6401],[76.9847,27.6351],[76.9848,27.6255],[76.9854,27.6183],[76.9837,27.6138],[76.9735,27.6128],[76.9618,27.6134],[76.9491,27.6141],[76.9364,27.6124],[76.9371,27.6046],[76.9361,27.5978],[76.9396,27.5911],[76.9442,27.5846],[76.9454,27.5798],[76.9408,27.5705],[76.9473,27.5683],[76.9514,27.5733],[76.959,27.5705],[76.9601,27.5674],[76.9614,27.5645],[76.9616,27.5606],[76.9597,27.5554],[76.9557,27.5547],[76.9519,27.5561],[76.9481,27.5548],[76.9508,27.5507],[76.9556,27.5472],[76.9582,27.5426],[76.9617,27.5373],[76.965,27.5379],[76.9668,27.5441],[76.9732,27.5474],[76.9771,27.5458],[76.9835,27.5411],[76.9869,27.5354],[76.9932,27.5329],[76.9982,27.5318],[76.9998,27.5311],[77.0023,27.531],[77.0078,27.5336],[77.0178,27.5349],[77.0229,27.538],[77.019,27.5423],[77.0094,27.5448],[77.0022,27.5523],[77.0012,27.5605],[77.0019,27.5656],[77.0057,27.5661],[77.01,27.5636],[77.0165,27.5616],[77.0216,27.557],[77.0288,27.5541],[77.0356,27.5529],[77.04,27.5562],[77.0487,27.5549],[77.05,27.5499],[77.0487,27.5483],[77.0416,27.5477],[77.0358,27.5483],[77.0348,27.5473],[77.0369,27.5444],[77.0425,27.5412],[77.0482,27.5404],[77.0543,27.5404],[77.0574,27.5422],[77.0589,27.542],[77.0658,27.5363],[77.0662,27.5352],[77.0672,27.5321],[77.064,27.5282],[77.0555,27.5246],[77.0455,27.5227],[77.0434,27.5216],[77.0369,27.5174],[77.0336,27.5083],[77.0253,27.5098],[77.0209,27.5082],[77.0203,27.5026],[77.0214,27.5],[77.0248,27.4986],[77.026,27.4963],[77.0361,27.4915],[77.0469,27.4795],[77.0553,27.4754],[77.0561,27.4711],[77.0549,27.4655],[77.0528,27.4623],[77.057,27.458],[77.0588,27.4526],[77.0575,27.4503],[77.0616,27.4458],[77.0606,27.4417],[77.0571,27.4407],[77.0527,27.4364],[77.0486,27.4338],[77.0413,27.4385],[77.039,27.4414],[77.0422,27.4456],[77.0457,27.4473],[77.0505,27.452],[77.0501,27.4538],[77.0478,27.4563],[77.0417,27.4603],[77.0358,27.4627],[77.0333,27.4571],[77.0286,27.4501],[77.0266,27.4488],[77.0059,27.4485],[77.002,27.4513],[76.9998,27.4509],[76.9984,27.4517],[76.9905,27.4546],[76.9854,27.4571],[76.9809,27.4584],[76.9801,27.4611],[76.9775,27.462],[76.9738,27.4593],[76.9671,27.4646],[76.9678,27.4664],[76.9702,27.47],[76.9716,27.4731],[76.9687,27.4754],[76.9661,27.4773],[76.9556,27.4795],[76.9484,27.4805],[76.9429,27.4828],[76.9409,27.486],[76.9412,27.4893],[76.9405,27.4938],[76.9385,27.4971],[76.9373,27.5013],[76.9332,27.5038],[76.93,27.5082],[76.9245,27.5116],[76.9196,27.5136],[76.9128,27.5146],[76.9074,27.5168],[76.9077,27.5193],[76.9103,27.5225],[76.9118,27.5227],[76.9152,27.5223],[76.9186,27.5216],[76.9229,27.521],[76.9275,27.5211],[76.9285,27.5239],[76.9269,27.5251],[76.926,27.5277],[76.9276,27.5295],[76.927,27.5312],[76.9237,27.531],[76.92,27.5295],[76.9137,27.528],[76.9097,27.528],[76.9062,27.5286],[76.903,27.5306],[76.8998,27.5325],[76.8973,27.5291],[76.8958,27.5247],[76.8946,27.5202],[76.8899,27.521],[76.8812,27.509],[76.8857,27.5017],[76.8943,27.4977],[76.8977,27.4905],[76.9011,27.4917],[76.9032,27.4898],[76.9065,27.4943],[76.909,27.494],[76.9119,27.4955],[76.9142,27.4968],[76.9183,27.4935],[76.9222,27.491],[76.9247,27.4904],[76.924,27.4872],[76.9232,27.4834],[76.9219,27.4805],[76.9174,27.4788],[76.9148,27.4779],[76.9122,27.4733],[76.9098,27.4688],[76.9087,27.4649],[76.9085,27.4627],[76.9074,27.4603],[76.9048,27.4597],[76.9032,27.4594],[76.9015,27.4573],[76.9009,27.4552],[76.9034,27.4549],[76.9061,27.4549],[76.9087,27.4538],[76.9121,27.4541],[76.9125,27.4573],[76.9148,27.459],[76.919,27.4593],[76.923,27.4588],[76.9255,27.4561],[76.9257,27.4539],[76.9308,27.4513],[76.9372,27.448],[76.9405,27.4454],[76.9443,27.4415],[76.948,27.4373],[76.9508,27.4341],[76.9568,27.4309],[76.96,27.4275],[76.9613,27.4237],[76.9616,27.4196],[76.9633,27.4183],[76.9668,27.4199],[76.9718,27.4227],[76.9756,27.4219],[76.9773,27.4192],[76.9801,27.4192],[76.9816,27.4207],[76.983,27.4249],[76.9855,27.4275],[76.9889,27.4279],[76.9936,27.4267],[76.9971,27.4235],[76.9998,27.4216],[77.0048,27.4191],[77.0074,27.4154],[77.0079,27.4141],[77.0065,27.4107],[77.0062,27.4054],[77.0098,27.3996],[77.0101,27.3933],[77.0137,27.3906],[77.0175,27.3895],[77.0231,27.3904],[77.0242,27.3944],[77.0293,27.3986],[77.0316,27.3982],[77.033,27.397],[77.0285,27.3883],[77.0293,27.3858],[77.0457,27.377],[77.0484,27.3781],[77.0507,27.3801],[77.0566,27.3769],[77.0635,27.377],[77.0667,27.3796],[77.0682,27.3831],[77.0725,27.389],[77.0766,27.3888],[77.084,27.3828],[77.091,27.3758],[77.0991,27.372],[77.1037,27.3663],[77.1056,27.3628],[77.1122,27.357],[77.1361,27.3477],[77.1408,27.3463],[77.1456,27.3466],[77.1573,27.3457],[77.165,27.3463],[77.1767,27.3492],[77.1765,27.3508],[77.179,27.3515],[77.1859,27.3523],[77.1946,27.3549],[77.2017,27.3512],[77.2066,27.3524],[77.2081,27.3519],[77.2095,27.3488],[77.2097,27.3446],[77.2087,27.343],[77.2088,27.3358],[77.2037,27.3284],[77.2027,27.3257],[77.196,27.3221],[77.1832,27.319],[77.179,27.3198],[77.1756,27.3194],[77.1688,27.315],[77.1638,27.3132],[77.1498,27.3134],[77.1472,27.3113],[77.1428,27.2977],[77.1362,27.2889],[77.1305,27.2769],[77.1235,27.2522],[77.1158,27.2502],[77.11,27.2448],[77.1012,27.2417],[77.0947,27.2456],[77.093,27.2477],[77.0871,27.2383],[77.0846,27.236],[77.0772,27.2315],[77.0708,27.2319],[77.0659,27.2308],[77.0642,27.2312],[77.0588,27.235],[77.0546,27.2341],[77.0531,27.233],[77.0471,27.2243],[77.0462,27.2169],[77.0578,27.2102],[77.067,27.2088],[77.0754,27.2023],[77.0829,27.1992],[77.0872,27.1943],[77.0884,27.1925],[77.0874,27.1877],[77.0833,27.1817],[77.0855,27.1769],[77.0934,27.1739],[77.0965,27.1715],[77.097,27.1676],[77.0973,27.1656],[77.0975,27.1637],[77.0917,27.1601],[77.0745,27.1629],[77.0718,27.1624],[77.0597,27.1522],[77.0546,27.1566],[77.0437,27.1571],[77.0384,27.158],[77.0304,27.1552],[77.0294,27.1574],[77.0279,27.1584],[77.0263,27.1664],[77.0038,27.1563],[77.0027,27.1565],[76.9967,27.1615],[76.9879,27.1702],[76.9805,27.176],[76.9738,27.1796],[76.9713,27.1791],[76.9704,27.1767],[76.9691,27.1733],[76.9686,27.1692],[76.9659,27.1654],[76.9635,27.1612],[76.9623,27.1573],[76.9643,27.1514],[76.9649,27.1461],[76.9552,27.1467],[76.9494,27.1468],[76.9481,27.1406],[76.9414,27.1414],[76.937,27.1388],[76.9329,27.1393],[76.9272,27.1406],[76.9225,27.1437],[76.9216,27.1464],[76.9228,27.1509],[76.9172,27.1537],[76.9111,27.1571],[76.9057,27.1596],[76.901,27.1628],[76.8993,27.1672],[76.8986,27.1721],[76.9,27.1761],[76.9043,27.1766],[76.9082,27.1766],[76.9132,27.1779],[76.9143,27.1819],[76.9112,27.184],[76.9091,27.1867],[76.9089,27.1918],[76.9097,27.1964],[76.909,27.2022],[76.9096,27.2069],[76.9083,27.2113],[76.9047,27.2149],[76.9034,27.2178],[76.9048,27.2204],[76.9025,27.2232],[76.9047,27.2256],[76.9066,27.2301],[76.8982,27.233],[76.8938,27.2262],[76.89,27.2248],[76.8843,27.2263],[76.8778,27.2297],[76.8722,27.2312],[76.868,27.2252],[76.8644,27.2183],[76.8592,27.208],[76.8544,27.2107],[76.8511,27.2124],[76.8486,27.2096],[76.8463,27.2078],[76.8436,27.2071],[76.8427,27.2044],[76.8465,27.2014],[76.845,27.1959],[76.8496,27.1934],[76.8535,27.1892],[76.8521,27.1832],[76.8515,27.1772],[76.8508,27.1725],[76.8484,27.1678],[76.8451,27.1646],[76.8406,27.1628],[76.8355,27.1628],[76.8312,27.1631],[76.8311,27.1599],[76.8327,27.1557],[76.8338,27.1513],[76.8338,27.1464],[76.8323,27.1427],[76.827,27.1342],[76.8281,27.1319],[76.8305,27.1276],[76.8329,27.1221],[76.8342,27.1186],[76.839,27.1195],[76.8419,27.1189],[76.8431,27.1169],[76.8419,27.114],[76.8416,27.1084],[76.8418,27.1012],[76.8408,27.0934],[76.8396,27.0872],[76.8358,27.0765],[76.8248,27.0772],[76.8187,27.0799],[76.8183,27.0869],[76.8164,27.0916],[76.8126,27.0958],[76.8092,27.1011],[76.8077,27.105],[76.8111,27.1126],[76.8136,27.1186],[76.8163,27.123],[76.8138,27.1255],[76.8075,27.1267],[76.8035,27.1294],[76.8014,27.1334],[76.8001,27.1362],[76.7972,27.1367],[76.7948,27.131],[76.7916,27.124],[76.7912,27.1188],[76.7909,27.1148],[76.7875,27.1127],[76.7834,27.1134],[76.7774,27.1136],[76.7727,27.1118],[76.7654,27.1103],[76.7618,27.1076],[76.7547,27.108],[76.7465,27.1094],[76.74,27.1115],[76.7357,27.1095],[76.7302,27.1089],[76.7211,27.1103],[76.7129,27.1133],[76.7084,27.1156],[76.701,27.1161],[76.6948,27.1155],[76.689,27.1146],[76.6837,27.1133],[76.6785,27.1115],[76.6764,27.1064],[76.6748,27.1029],[76.6744,27.0992],[76.6729,27.0949],[76.6705,27.0938],[76.6672,27.0961],[76.6643,27.0969],[76.6607,27.0976],[76.6542,27.0964],[76.6493,27.0954],[76.6437,27.0948],[76.6405,27.0968],[76.6377,27.0987],[76.6371,27.1007],[76.6378,27.1039],[76.6382,27.1062],[76.6369,27.1073],[76.6348,27.1092],[76.6317,27.1106],[76.6337,27.1162],[76.6352,27.1198],[76.6355,27.122],[76.6352,27.1241],[76.6332,27.1255],[76.6294,27.1259],[76.627,27.1266],[76.6263,27.1287],[76.6281,27.1354],[76.6301,27.1403],[76.6335,27.1443],[76.6361,27.1479],[76.6405,27.1514],[76.6447,27.1566],[76.648,27.1596],[76.6537,27.1661],[76.6456,27.1673],[76.6405,27.1687],[76.6334,27.1717],[76.6296,27.174],[76.6251,27.1757],[76.6213,27.1772],[76.6169,27.1772],[76.6113,27.1775],[76.6056,27.1777],[76.6,27.1779],[76.5951,27.1781],[76.5907,27.1776],[76.5865,27.1762],[76.5838,27.1769],[76.5795,27.1775],[76.576,27.1772],[76.5757,27.1713],[76.5707,27.1711],[76.5672,27.1725],[76.5625,27.1749],[76.5604,27.1696],[76.5592,27.1648],[76.5578,27.1599],[76.5554,27.1554],[76.5529,27.1527],[76.5535,27.1498],[76.5582,27.1468],[76.5598,27.1448],[76.5613,27.1428],[76.5598,27.1397],[76.5588,27.138],[76.5568,27.1365],[76.557,27.1338],[76.5577,27.1315],[76.5562,27.1282],[76.5536,27.129],[76.5501,27.1317],[76.5448,27.1307],[76.5383,27.1297],[76.5332,27.1281],[76.5308,27.1258],[76.5268,27.1211],[76.523,27.1182],[76.5177,27.1185],[76.5099,27.118],[76.5054,27.1172],[76.499,27.1158],[76.4943,27.1136],[76.4912,27.111],[76.487,27.1069],[76.4851,27.0996],[76.4802,27.0986],[76.479,27.0912],[76.4736,27.0886],[76.4733,27.0846],[76.4736,27.08],[76.4729,27.079],[76.4644,27.0779],[76.4566,27.0813],[76.4484,27.0859],[76.4437,27.0915],[76.4408,27.0999],[76.4377,27.1098],[76.4365,27.1175],[76.4354,27.1256],[76.435,27.1293],[76.4331,27.1331],[76.4275,27.1326],[76.4208,27.1306],[76.4093,27.126],[76.407,27.1089],[76.4053,27.0966],[76.4027,27.0899],[76.4008,27.0853],[76.4003,27.081],[76.3936,27.0835],[76.3899,27.0794],[76.3841,27.0772],[76.3788,27.0707],[76.3716,27.066],[76.3681,27.0614],[76.3643,27.0561],[76.3602,27.0568],[76.3551,27.0597],[76.3504,27.0613],[76.3423,27.0618],[76.3399,27.0596],[76.3383,27.056],[76.335,27.0573],[76.3319,27.0598],[76.3289,27.0617],[76.3217,27.063],[76.3124,27.064],[76.3036,27.065],[76.2933,27.0637],[76.2878,27.0724],[76.2883,27.0785],[76.2884,27.0849],[76.2884,27.0871],[76.2884,27.0926],[76.2891,27.1023],[76.291,27.1112],[76.2922,27.1193],[76.2931,27.1293],[76.2922,27.1377],[76.2919,27.1459],[76.2904,27.1537],[76.2867,27.1601],[76.2845,27.1664],[76.2824,27.1744],[76.2809,27.1798],[76.2775,27.1834],[76.2732,27.1843],[76.2691,27.1838],[76.263,27.1804],[76.258,27.1765],[76.2549,27.1713],[76.2514,27.1627],[76.2483,27.1565],[76.2447,27.1506],[76.2399,27.1476],[76.2322,27.1443],[76.2249,27.1411],[76.2213,27.1376],[76.2179,27.1318],[76.213,27.1253],[76.2077,27.1207],[76.2034,27.1189],[76.1945,27.1213],[76.1875,27.1282],[76.1848,27.1321],[76.1869,27.1377],[76.1902,27.1436],[76.1904,27.1522],[76.1899,27.1612],[76.1882,27.1706],[76.1869,27.1768],[76.1851,27.1846],[76.1797,27.184],[76.1757,27.1833],[76.1696,27.183],[76.1627,27.1833],[76.1588,27.1846],[76.1574,27.1882],[76.1579,27.1932],[76.1596,27.1995],[76.1633,27.2026],[76.1642,27.2084],[76.1631,27.2155],[76.1611,27.219],[76.1579,27.2219],[76.1528,27.2224],[76.149,27.221],[76.1467,27.216],[76.1444,27.2109],[76.1419,27.2052],[76.139,27.2003],[76.1349,27.1981],[76.1313,27.1967],[76.1282,27.1966],[76.1292,27.2001],[76.1311,27.2042],[76.1329,27.208],[76.1359,27.2123],[76.138,27.2189],[76.1416,27.2256],[76.1395,27.2269],[76.1295,27.2301],[76.1255,27.2332],[76.1247,27.2381],[76.1258,27.2446],[76.1274,27.2512],[76.1306,27.2544],[76.1356,27.2583],[76.1401,27.2622],[76.1416,27.2677],[76.1427,27.2739],[76.1437,27.2786],[76.1468,27.2808],[76.1521,27.2828],[76.1542,27.2867],[76.1544,27.2942],[76.1557,27.2999],[76.1575,27.3046],[76.1598,27.3133],[76.1655,27.3121],[76.1726,27.3117],[76.1764,27.3125],[76.1779,27.317],[76.1799,27.3239],[76.1816,27.3297],[76.1844,27.3361],[76.1882,27.3397],[76.1929,27.3469],[76.1979,27.3546],[76.2022,27.3599],[76.2054,27.3645],[76.2038,27.3686],[76.2003,27.3707],[76.2011,27.3756],[76.2063,27.3777],[76.2096,27.3793],[76.2122,27.383],[76.2162,27.3891],[76.2192,27.3934],[76.2243,27.3984],[76.23,27.4008],[76.2333,27.4124],[76.234,27.4176],[76.2325,27.4273],[76.2305,27.4337],[76.2286,27.4378],[76.2305,27.4428],[76.2306,27.4508],[76.2285,27.4531],[76.2253,27.454],[76.2224,27.4557],[76.2243,27.4581],[76.2275,27.4582],[76.2311,27.4594],[76.2347,27.463],[76.2362,27.4697],[76.2406,27.4733],[76.2445,27.4806],[76.2471,27.4884],[76.2482,27.497],[76.2478,27.5033],[76.2435,27.51],[76.2396,27.5141],[76.2395,27.519],[76.2403,27.5252],[76.2327,27.5312],[76.227,27.533],[76.2205,27.5351],[76.2161,27.5369],[76.2159,27.5453],[76.2173,27.5528],[76.2166,27.5599],[76.2156,27.5669],[76.214,27.5747],[76.212,27.5822],[76.2101,27.5896],[76.2089,27.598],[76.2082,27.6022],[76.2034,27.6067],[76.2016,27.6148],[76.2026,27.622],[76.2051,27.6235],[76.2105,27.6234],[76.2129,27.6247],[76.214,27.6276],[76.2192,27.6284],[76.227,27.6266],[76.2347,27.625],[76.2417,27.6246],[76.2468,27.6267],[76.2499,27.6302],[76.2524,27.636],[76.2517,27.6416],[76.2526,27.6484],[76.2544,27.6538],[76.2538,27.6594],[76.2509,27.6629],[76.2476,27.6648],[76.2439,27.6659],[76.2417,27.6697],[76.2444,27.6716],[76.2473,27.671],[76.2521,27.6706],[76.2571,27.6709],[76.2575,27.6758],[76.253,27.6782],[76.249,27.6798],[76.2469,27.6824],[76.2479,27.686],[76.2508,27.6877],[76.2543,27.6887],[76.258,27.69],[76.259,27.6942],[76.2597,27.7],[76.2579,27.707],[76.2559,27.7127],[76.2555,27.718],[76.2556,27.723],[76.2553,27.7283],[76.2524,27.7341],[76.2497,27.7392],[76.2468,27.7439],[76.246,27.7499],[76.2457,27.7556],[76.2462,27.7613],[76.2498,27.7637],[76.2562,27.7653],[76.2609,27.7661],[76.2661,27.7718],[76.268,27.7759],[76.2704,27.7806],[76.2739,27.7845],[76.276,27.7884],[76.2752,27.7941],[76.2748,27.7974],[76.2759,27.802],[76.2776,27.8027],[76.2905,27.8003],[76.2869,27.8067],[76.2808,27.8111],[76.272,27.8179],[76.265,27.8218],[76.2633,27.8261],[76.2662,27.8298],[76.2679,27.8348],[76.2636,27.8395],[76.2573,27.8451],[76.2495,27.8493],[76.2441,27.8502],[76.238,27.844],[76.2311,27.8363],[76.2185,27.8402],[76.2138,27.8433],[76.2129,27.8509],[76.2068,27.855],[76.2009,27.8593],[76.1992,27.8648],[76.1968,27.8718],[76.1982,27.877],[76.2023,27.8793],[76.2076,27.8835],[76.208,27.8877],[76.2065,27.8944],[76.1988,27.8981],[76.1905,27.9005],[76.183,27.9025],[76.1776,27.9052],[76.1743,27.9105],[76.174,27.9164],[76.1756,27.9238],[76.1783,27.9287],[76.1827,27.9367],[76.1843,27.9437],[76.1849,27.9505],[76.1843,27.9565],[76.1861,27.9629],[76.1875,27.9683],[76.1822,27.9706],[76.175,27.9746],[76.1689,27.9755],[76.1705,27.9838],[76.1619,27.988],[76.1629,27.9944],[76.1667,28],[76.1774,28.0123],[76.1823,28.0174],[76.1876,28.0187],[76.192,28.019],[76.1988,28.0168],[76.204,28.0171],[76.2085,28.0211],[76.2116,28.0258],[76.2219,28.0271],[76.2217,28.0356],[76.2123,28.0377],[76.2063,28.0304],[76.2015,28.0306],[76.1913,28.0385],[76.185,28.0444],[76.1836,28.0497],[76.1855,28.0547],[76.201,28.0552],[76.2081,28.0562],[76.2118,28.0549],[76.2165,28.051],[76.2341,28.0506],[76.2416,28.0518],[76.2518,28.0643],[76.2593,28.0663],[76.2731,28.0641],[76.28,28.0617],[76.2903,28.0543],[76.2983,28.0444],[76.2963,28.0374],[76.2983,28.0252],[76.3053,28.0213],[76.3248,28.0163],[76.3319,28.0191],[76.3382,28.0201],[76.345,28.0249],[76.3495,28.0313],[76.3542,28.041],[76.3616,28.0608],[76.3629,28.0695],[76.3588,28.071],[76.3527,28.0691],[76.3457,28.0683],[76.3405,28.0721],[76.3396,28.0769],[76.3371,28.083],[76.3332,28.0874],[76.3289,28.0896],[76.3218,28.09],[76.3155,28.0918],[76.3057,28.0964],[76.3096,28.1015],[76.3164,28.1066],[76.3225,28.1074],[76.3403,28.102],[76.3479,28.105],[76.3519,28.1085],[76.364,28.1237],[76.3578,28.1274],[76.3516,28.1281],[76.346,28.1301],[76.3394,28.1343],[76.3312,28.1445],[76.3257,28.1484],[76.3195,28.15],[76.3166,28.1462],[76.31,28.1463],[76.3043,28.15],[76.3035,28.1524],[76.3069,28.1548],[76.3069,28.1579],[76.3014,28.1606],[76.2866,28.1639],[76.2852,28.1681],[76.2875,28.1741],[76.2973,28.178],[76.3065,28.1782],[76.3134,28.1792],[76.3163,28.1788],[76.3172,28.1787],[76.3344,28.1727],[76.3444,28.1726],[76.3511,28.1692],[76.3617,28.1615],[76.3644,28.1551],[76.3659,28.1431],[76.3683,28.1386],[76.3852,28.1333],[76.3925,28.1351],[76.397,28.1348],[76.4015,28.1363],[76.4055,28.143],[76.4208,28.1427],[76.4358,28.1411],[76.4399,28.1428],[76.4457,28.1473],[76.4646,28.1466],[76.4697,28.1475],[76.4738,28.1508],[76.4796,28.1499],[76.4809,28.1447],[76.4785,28.1337],[76.4817,28.1309],[76.4858,28.1298],[76.4919,28.13],[76.4937,28.13],[76.4983,28.1288],[76.4943,28.1232],[76.4954,28.1179],[76.5066,28.1177],[76.5058,28.1111],[76.5063,28.1017],[76.4973,28.0999],[76.4858,28.1011],[76.4811,28.1078],[76.4747,28.1081],[76.4694,28.107],[76.4654,28.1055],[76.4624,28.101],[76.4597,28.0928],[76.457,28.0883],[76.4619,28.0829],[76.4673,28.0801],[76.4721,28.0792],[76.4784,28.0815],[76.4944,28.0702],[76.5038,28.0627],[76.5061,28.0598],[76.503,28.0562],[76.498,28.0543],[76.4923,28.0534],[76.4797,28.0562],[76.4664,28.0571],[76.4624,28.0502],[76.4621,28.0448],[76.4641,28.0416],[76.4701,28.0397],[76.4841,28.0392],[76.4915,28.0414],[76.5006,28.0422],[76.5045,28.0387],[76.5069,28.0353],[76.5079,28.0315],[76.5137,28.0301],[76.5198,28.0304],[76.527,28.034],[76.5343,28.0405],[76.5397,28.0382],[76.547,28.0342],[76.544,28.0208],[76.547,28.0117],[76.5471,28.0071],[76.5462,28.0026],[76.5469,28.0004],[76.5448,27.9998],[76.5439,27.9881],[76.5403,27.9808],[76.5394,27.9744],[76.5419,27.9688],[76.5465,27.9656],[76.555,27.9664],[76.5618,27.97],[76.5682,27.9768],[76.5759,27.9786],[76.5822,27.984],[76.5857,27.9899],[76.5923,27.9953],[76.6002,27.9987],[76.6037,28.0011],[76.6074,28.0048],[76.6124,28.0058],[76.6245,28.0063],[76.6338,28.0054],[76.6454,28.0056],[76.6552,28.0076],[76.6631,28.0105],[76.6686,28.014],[76.671,28.0179],[76.67,28.0242],[76.6682,28.0286],[76.662,28.0349],[76.6596,28.0394],[76.6602,28.0504],[76.6575,28.0567],[76.6565,28.0626],[76.6567,28.074],[76.6556,28.0801],[76.6565,28.0872],[76.6599,28.0917],[76.6667,28.094],[76.6726,28.0928],[76.6866,28.0927],[76.6909,28.0927],[76.6944,28.1018],[76.6982,28.1084],[76.699,28.1097],[76.7075,28.1106],[76.7142,28.1226],[76.7178,28.1263],[76.7187,28.1273],[76.7288,28.1264],[76.7404,28.1233],[76.7418,28.1235],[76.7479,28.1239],[76.7639,28.1415],[76.771,28.1449],[76.7818,28.1463],[76.792,28.1505],[76.8004,28.1521],[76.8051,28.1653],[76.8012,28.1705],[76.8012,28.1778],[76.7992,28.1886],[76.8028,28.1944],[76.8069,28.1892],[76.8116,28.1909],[76.8146,28.1952],[76.8115,28.1995],[76.8104,28.2065],[76.8148,28.2107],[76.8222,28.2112],[76.828,28.2095],[76.8329,28.2095],[76.8363,28.2123],[76.8425,28.2197],[76.8596,28.2215],[76.8634,28.22]]],[[[76.8788,27.1468],[76.8833,27.1451],[76.8874,27.1439],[76.8916,27.1429],[76.8936,27.1415],[76.8941,27.1397],[76.892,27.1378],[76.89,27.1366],[76.8875,27.1366],[76.8852,27.1359],[76.883,27.1343],[76.8808,27.1323],[76.8777,27.1313],[76.8756,27.1334],[76.8743,27.1363],[76.8724,27.1389],[76.87,27.1421],[76.8676,27.1449],[76.8654,27.1463],[76.863,27.146],[76.8601,27.1436],[76.8576,27.1413],[76.8543,27.1386],[76.8504,27.1373],[76.8474,27.1378],[76.8448,27.1394],[76.8452,27.1425],[76.8482,27.1457],[76.8507,27.1484],[76.8534,27.1515],[76.8579,27.1537],[76.8629,27.1552],[76.8668,27.1541],[76.8708,27.1523],[76.8752,27.1492],[76.8788,27.1468]]]]},"properties":{"district_name":"Alwar","raw_district_name":"Alwar","state_code":"RJ","state_name":"Rajasthan","census_code":104,"data_source":"DataMeet India Maps (Census 2011 Boundaries)"}},{"type":"Feature","geometry":{"type":"Polygon","coordinates":[[[74.4905,23.9093],[74.4933,23.9016],[74.4979,23.8948],[74.5204,23.8869],[74.5262,23.8827],[74.5276,23.8738],[74.5288,23.8714],[74.5272,23.8651],[74.5252,23.8588],[74.5166,23.8491],[74.5134,23.8443],[74.5142,23.8397],[74.5184,23.8331],[74.5282,23.8277],[74.5423,23.8282],[74.5515,23.8259],[74.5585,23.8194],[74.5605,23.8117],[74.5553,23.8027],[74.555,23.7949],[74.5576,23.7882],[74.5584,23.7815],[74.5558,23.7757],[74.5537,23.772],[74.5546,23.7637],[74.5532,23.7579],[74.5546,23.7517],[74.5554,23.7466],[74.5567,23.7425],[74.5551,23.7382],[74.5513,23.735],[74.5423,23.7347],[74.5333,23.7349],[74.5282,23.7342],[74.5256,23.7299],[74.5269,23.7263],[74.5314,23.713],[74.5314,23.6979],[74.5316,23.6948],[74.5304,23.6818],[74.5323,23.6777],[74.5325,23.673],[74.529,23.662],[74.5211,23.6497],[74.5191,23.6419],[74.5205,23.6372],[74.5285,23.6339],[74.5409,23.6343],[74.5433,23.6318],[74.5457,23.6282],[74.5487,23.6226],[74.5513,23.6198],[74.5512,23.6192],[74.552,23.6192],[74.5626,23.6254],[74.5688,23.6289],[74.5748,23.6291],[74.5862,23.6267],[74.5923,23.6276],[74.5987,23.6304],[74.6017,23.6342],[74.6093,23.6364],[74.6121,23.6388],[74.6194,23.6448],[74.6286,23.6469],[74.6359,23.6433],[74.643,23.6405],[74.6471,23.6418],[74.6508,23.6461],[74.6534,23.6512],[74.6548,23.6547],[74.6568,23.6581],[74.6587,23.6614],[74.6615,23.6644],[74.6648,23.6667],[74.6678,23.6671],[74.6723,23.6656],[74.6966,23.6517],[74.6979,23.6446],[74.7042,23.6328],[74.7126,23.624],[74.7216,23.6147],[74.7276,23.612],[74.7353,23.6144],[74.7477,23.6128],[74.7551,23.608],[74.7611,23.6028],[74.7729,23.5887],[74.7731,23.5833],[74.7685,23.5757],[74.7667,23.5693],[74.7689,23.5622],[74.7745,23.5504],[74.7734,23.5404],[74.77,23.5329],[74.7632,23.5219],[74.7563,23.5193],[74.7416,23.5166],[74.737,23.504],[74.7328,23.4977],[74.725,23.4956],[74.7179,23.5008],[74.71,23.5028],[74.6997,23.5009],[74.6865,23.493],[74.6868,23.4894],[74.6827,23.4838],[74.6799,23.4823],[74.6735,23.4829],[74.6683,23.4811],[74.663,23.4706],[74.6579,23.4641],[74.6536,23.4617],[74.6512,23.4607],[74.6353,23.4614],[74.6258,23.4593],[74.6122,23.4587],[74.6121,23.455],[74.6119,23.4489],[74.5972,23.4271],[74.5902,23.4225],[74.5784,23.4198],[74.5727,23.4199],[74.5718,23.4166],[74.571,23.3807],[74.5693,23.3752],[74.5638,23.3726],[74.5588,23.3619],[74.5543,23.3604],[74.5444,23.3612],[74.5422,23.3564],[74.5412,23.3361],[74.5369,23.3314],[74.5187,23.3292],[74.5167,23.3262],[74.5177,23.3194],[74.5192,23.3191],[74.5288,23.3216],[74.5321,23.3205],[74.5329,23.3178],[74.5326,23.3114],[74.5341,23.307],[74.5391,23.3026],[74.5424,23.2975],[74.547,23.2842],[74.5519,23.28],[74.5567,23.2828],[74.5606,23.2895],[74.5658,23.2959],[74.5704,23.2983],[74.5758,23.2948],[74.5853,23.2819],[74.5912,23.281],[74.5976,23.281],[74.6053,23.2827],[74.6139,23.282],[74.6209,23.2787],[74.6252,23.2734],[74.6282,23.2632],[74.6307,23.2608],[74.6449,23.2571],[74.6509,23.2582],[74.6652,23.2684],[74.6718,23.2722],[74.6792,23.2726],[74.6999,23.2694],[74.7004,23.264],[74.7021,23.2589],[74.7091,23.2554],[74.7137,23.2502],[74.7174,23.2433],[74.721,23.2398],[74.712,23.2336],[74.7026,23.2304],[74.6943,23.2259],[74.6937,23.2204],[74.6983,23.2177],[74.7013,23.217],[74.7116,23.2186],[74.7177,23.2167],[74.7231,23.2174],[74.7318,23.221],[74.7388,23.2259],[74.7394,23.2263],[74.7398,23.2266],[74.7447,23.23],[74.7497,23.2276],[74.7449,23.2126],[74.7445,23.2094],[74.7336,23.2037],[74.7199,23.1943],[74.7143,23.192],[74.6862,23.194],[74.6678,23.1988],[74.6639,23.1956],[74.6584,23.1852],[74.6533,23.1794],[74.6405,23.17],[74.6242,23.1603],[74.6163,23.1493],[74.6126,23.1458],[74.6065,23.1422],[74.5956,23.1394],[74.587,23.1389],[74.5784,23.1374],[74.5719,23.1347],[74.5643,23.1327],[74.5439,23.1296],[74.5457,23.116],[74.5447,23.1103],[74.5408,23.1044],[74.5336,23.099],[74.5214,23.0964],[74.5117,23.0934],[74.5104,23.0864],[74.4894,23.0859],[74.4652,23.0829],[74.4562,23.0847],[74.4433,23.0905],[74.4372,23.0957],[74.4311,23.1033],[74.424,23.1037],[74.4167,23.1061],[74.4119,23.1086],[74.4047,23.1094],[74.389,23.1097],[74.3854,23.1081],[74.3647,23.0932],[74.3588,23.088],[74.3572,23.0782],[74.3527,23.0735],[74.3455,23.0685],[74.3369,23.0647],[74.3203,23.0605],[74.3158,23.065],[74.3131,23.0699],[74.3077,23.0773],[74.3014,23.0817],[74.2843,23.0895],[74.28,23.0928],[74.2783,23.0988],[74.2795,23.1042],[74.2857,23.1165],[74.2824,23.1224],[74.277,23.1278],[74.2752,23.1318],[74.2741,23.1376],[74.2694,23.1538],[74.2646,23.1638],[74.2594,23.1694],[74.2545,23.1725],[74.2499,23.174],[74.2473,23.1763],[74.2435,23.1861],[74.2345,23.1806],[74.2268,23.1819],[74.205,23.1899],[74.2016,23.187],[74.1975,23.1816],[74.1915,23.1765],[74.1869,23.1698],[74.1865,23.1558],[74.1839,23.1504],[74.1803,23.1502],[74.1622,23.1544],[74.1579,23.1535],[74.1524,23.1557],[74.1457,23.17],[74.1429,23.1732],[74.1334,23.1757],[74.1277,23.1756],[74.1242,23.1768],[74.1216,23.186],[74.1217,23.1884],[74.1197,23.1896],[74.1207,23.1997],[74.1219,23.2046],[74.1311,23.2132],[74.1323,23.218],[74.1367,23.2248],[74.1359,23.2289],[74.1361,23.2343],[74.1338,23.2428],[74.1334,23.2627],[74.1311,23.2674],[74.1272,23.2707],[74.1158,23.2734],[74.1111,23.2754],[74.1083,23.2837],[74.1038,23.2921],[74.0989,23.2938],[74.087,23.296],[74.0737,23.2962],[74.0458,23.2931],[74.0416,23.2942],[74.0468,23.3052],[74.0448,23.309],[74.0385,23.3051],[74.0347,23.3038],[74.033,23.3107],[74.0272,23.318],[74.0298,23.3305],[74.0207,23.331],[74.0009,23.3343],[73.9878,23.3358],[73.984,23.3394],[73.9815,23.3476],[73.9805,23.358],[73.9759,23.366],[73.968,23.3753],[73.9595,23.3796],[73.9637,23.3862],[73.9751,23.3943],[73.9784,23.3987],[73.98,23.4068],[73.9826,23.4111],[73.9945,23.4184],[74.001,23.4212],[74.0125,23.4411],[74.0135,23.45],[74.0116,23.4663],[74.016,23.4782],[74.0291,23.523],[74.0302,23.5342],[74.0323,23.5442],[74.0389,23.5515],[74.0492,23.5564],[74.0593,23.5637],[74.0628,23.5697],[74.0655,23.5787],[74.0677,23.5908],[74.0711,23.5989],[74.0784,23.6033],[74.0899,23.6037],[74.1069,23.6026],[74.114,23.6045],[74.1184,23.6097],[74.1276,23.6337],[74.1299,23.6463],[74.1285,23.6648],[74.1293,23.6762],[74.1321,23.6808],[74.1359,23.6918],[74.1345,23.6972],[74.1295,23.7039],[74.1214,23.7114],[74.1227,23.7237],[74.1329,23.7386],[74.1384,23.7654],[74.1428,23.7749],[74.1477,23.7812],[74.1544,23.7867],[74.1644,23.7904],[74.1715,23.7927],[74.1887,23.7963],[74.1973,23.7992],[74.2153,23.8086],[74.2387,23.8145],[74.2598,23.8261],[74.2793,23.8355],[74.2895,23.8419],[74.2966,23.8494],[74.3077,23.8542],[74.3176,23.8569],[74.3271,23.864],[74.3336,23.8717],[74.3452,23.8795],[74.3543,23.8842],[74.36,23.8983],[74.3768,23.9002],[74.3813,23.9028],[74.3841,23.9058],[74.3903,23.9038],[74.4002,23.9019],[74.4074,23.9036],[74.4132,23.907],[74.42,23.9078],[74.4254,23.9065],[74.434,23.9061],[74.4396,23.9089],[74.451,23.9198],[74.4608,23.9229],[74.4714,23.9244],[74.4798,23.9241],[74.4851,23.9199],[74.4905,23.9093]]]},"properties":{"district_name":"Banswara","raw_district_name":"Banswara","state_code":"RJ","state_name":"Rajasthan","census_code":125,"data_source":"DataMeet India Maps (Census 2011 Boundaries)"}},{"type":"Feature","geometry":{"type":"Polygon","coordinates":[[[76.7196,25.3375],[76.7219,25.334],[76.7282,25.3271],[76.7388,25.3216],[76.7609,25.3137],[76.7752,25.3073],[76.7779,25.311],[76.8004,25.3169],[76.8269,25.3221],[76.8387,25.3219],[76.8482,25.3256],[76.859,25.3247],[76.8722,25.3202],[76.8868,25.3179],[76.8985,25.3174],[76.9099,25.3129],[76.9206,25.304],[76.9283,25.2964],[76.9345,25.2923],[76.9379,25.2825],[76.934,25.2742],[76.9392,25.2709],[76.9471,25.2704],[76.9537,25.2715],[76.958,25.2736],[76.9606,25.2796],[76.962,25.2864],[76.9641,25.2922],[76.9981,25.2968],[77.0088,25.2968],[77.0155,25.2965],[77.023,25.2965],[77.0296,25.2961],[77.0396,25.3068],[77.0435,25.3143],[77.0448,25.32],[77.0503,25.3174],[77.0536,25.3161],[77.0585,25.3156],[77.0637,25.3169],[77.069,25.3191],[77.0734,25.3246],[77.077,25.3308],[77.081,25.3346],[77.0886,25.3347],[77.0982,25.3322],[77.1073,25.3301],[77.1137,25.3302],[77.1214,25.33],[77.127,25.3262],[77.1345,25.3204],[77.1419,25.3191],[77.1546,25.3103],[77.1592,25.3082],[77.1672,25.3086],[77.1734,25.3104],[77.179,25.3101],[77.1877,25.3082],[77.1962,25.3066],[77.203,25.3059],[77.2108,25.3063],[77.206,25.3137],[77.2043,25.3196],[77.2038,25.3254],[77.2109,25.328],[77.2164,25.3286],[77.2189,25.3267],[77.2151,25.3236],[77.2161,25.3194],[77.2207,25.3194],[77.2237,25.3262],[77.2231,25.3322],[77.2227,25.3441],[77.2269,25.356],[77.226,25.3683],[77.2314,25.3741],[77.2404,25.3799],[77.25,25.3845],[77.2554,25.3898],[77.2658,25.3943],[77.2788,25.4069],[77.2889,25.4184],[77.3015,25.4265],[77.3112,25.4313],[77.3228,25.4277],[77.3352,25.4234],[77.343,25.4196],[77.3497,25.4173],[77.3603,25.4189],[77.3673,25.4078],[77.3636,25.4041],[77.3599,25.3985],[77.3557,25.3932],[77.352,25.3873],[77.3502,25.3828],[77.3506,25.3782],[77.3507,25.3747],[77.3543,25.3704],[77.3576,25.3672],[77.3597,25.3644],[77.3619,25.3628],[77.361,25.3592],[77.3498,25.3322],[77.3423,25.3205],[77.3552,25.319],[77.359,25.3272],[77.3696,25.3279],[77.3717,25.3234],[77.3748,25.3195],[77.3777,25.3151],[77.3795,25.3104],[77.3805,25.3054],[77.3807,25.3007],[77.3796,25.2951],[77.3792,25.2943],[77.3784,25.2892],[77.3753,25.2834],[77.3725,25.2803],[77.3689,25.2787],[77.3658,25.2751],[77.3555,25.2667],[77.3625,25.2607],[77.3661,25.2558],[77.3678,25.2508],[77.3685,25.245],[77.3763,25.2459],[77.3814,25.2439],[77.3858,25.2403],[77.3975,25.2261],[77.4066,25.2226],[77.4122,25.2212],[77.4153,25.2074],[77.4171,25.2015],[77.4195,25.1945],[77.4238,25.188],[77.4205,25.1844],[77.4135,25.185],[77.4088,25.1815],[77.3965,25.1831],[77.3971,25.1746],[77.397,25.1696],[77.3954,25.1633],[77.3949,25.1549],[77.395,25.146],[77.3931,25.1331],[77.3926,25.1279],[77.3943,25.1222],[77.3996,25.1183],[77.4038,25.1114],[77.4042,25.1082],[77.4013,25.107],[77.3989,25.1102],[77.398,25.1124],[77.3924,25.1169],[77.3808,25.1118],[77.374,25.1091],[77.3742,25.1035],[77.3664,25.0993],[77.3628,25.0965],[77.3543,25.0928],[77.338,25.0916],[77.3336,25.0884],[77.326,25.0857],[77.3195,25.0826],[77.3154,25.0814],[77.3126,25.0807],[77.3084,25.0789],[77.3015,25.0821],[77.2969,25.0891],[77.29,25.0992],[77.2811,25.1071],[77.2678,25.1142],[77.2472,25.1077],[77.2263,25.1052],[77.2113,25.1074],[77.2028,25.1117],[77.1942,25.1068],[77.1885,25.1068],[77.175,25.1087],[77.1682,25.1047],[77.17,25.0936],[77.1631,25.0833],[77.1458,25.0859],[77.1455,25.0912],[77.1336,25.0841],[77.1198,25.0641],[77.1078,25.0643],[77.0957,25.0614],[77.0895,25.0577],[77.0825,25.0531],[77.0732,25.0548],[77.0666,25.0565],[77.0602,25.0583],[77.0495,25.0608],[77.0445,25.0632],[77.0345,25.067],[77.0299,25.0669],[77.0256,25.0665],[77.0228,25.0672],[77.0175,25.07],[77.0111,25.0736],[77.0054,25.0748],[76.9989,25.075],[76.9888,25.0726],[76.9798,25.0658],[76.9769,25.0619],[76.9764,25.0557],[76.9737,25.051],[76.9664,25.0491],[76.9586,25.0436],[76.9349,25.0367],[76.9227,25.0351],[76.9148,25.0308],[76.906,25.0292],[76.887,25.0292],[76.8832,25.021],[76.8817,25.0151],[76.8817,25.0112],[76.8794,25.0083],[76.8742,25.0063],[76.8655,25.0055],[76.8592,25.0055],[76.8644,25.0021],[76.8729,24.9965],[76.8745,24.9871],[76.8713,24.967],[76.8721,24.9606],[76.8764,24.9565],[76.8782,24.9527],[76.8769,24.9498],[76.8846,24.9409],[76.8981,24.9306],[76.8973,24.9243],[76.895,24.9182],[76.8961,24.9149],[76.9123,24.9184],[76.9257,24.912],[76.9284,24.9094],[76.9295,24.9055],[76.9252,24.9001],[76.9206,24.8964],[76.9175,24.8924],[76.917,24.8883],[76.9187,24.8831],[76.9224,24.88],[76.9266,24.8789],[76.9388,24.8795],[76.9406,24.8739],[76.9467,24.8699],[76.9516,24.8694],[76.9538,24.8681],[76.9515,24.8635],[76.9491,24.8607],[76.948,24.8553],[76.9313,24.845],[76.9199,24.8439],[76.9163,24.8428],[76.9132,24.8403],[76.8998,24.8347],[76.8828,24.8348],[76.8681,24.8369],[76.856,24.8355],[76.8469,24.8353],[76.8422,24.8363],[76.8363,24.8355],[76.8318,24.8336],[76.8277,24.8301],[76.8214,24.8277],[76.8158,24.8235],[76.8069,24.8218],[76.8053,24.8198],[76.8062,24.8151],[76.8087,24.8119],[76.8133,24.8102],[76.8203,24.7989],[76.8304,24.7886],[76.8405,24.7803],[76.8514,24.7653],[76.8516,24.7603],[76.8496,24.7474],[76.8519,24.7457],[76.8655,24.744],[76.8728,24.7449],[76.8913,24.7494],[76.9016,24.7459],[76.903,24.743],[76.9079,24.7413],[76.9141,24.7421],[76.9264,24.7441],[76.9505,24.7593],[76.9565,24.7607],[76.9611,24.7596],[76.9681,24.7548],[76.9686,24.7457],[76.9701,24.7393],[76.9733,24.7313],[76.9767,24.7269],[76.9871,24.7201],[76.9969,24.7126],[77.009,24.7089],[77.0189,24.7107],[77.0241,24.7102],[77.0275,24.709],[77.0315,24.7062],[77.0383,24.6982],[77.0393,24.6937],[77.0397,24.6838],[77.0418,24.678],[77.0537,24.6566],[77.0589,24.6494],[77.0643,24.6377],[77.0651,24.633],[77.0659,24.6199],[77.0659,24.6058],[77.0651,24.6014],[77.0631,24.5965],[77.0632,24.5901],[77.0683,24.5806],[77.0694,24.5652],[77.069,24.5594],[77.0662,24.5501],[77.0581,24.5395],[77.0566,24.5366],[77.0556,24.5325],[77.055,24.5219],[77.0437,24.522],[77.0366,24.5241],[77.0346,24.5224],[77.0337,24.5191],[77.0313,24.5168],[77.0294,24.5124],[77.0287,24.4967],[77.0253,24.4933],[77.0205,24.4903],[77.0169,24.4897],[77.0133,24.4903],[77.0106,24.4893],[77.0093,24.4873],[77.0095,24.4848],[77.0115,24.4829],[77.0071,24.4789],[77.0061,24.4733],[77.0027,24.4709],[76.9971,24.4688],[76.9842,24.47],[76.9821,24.4674],[76.9795,24.4603],[76.9698,24.4562],[76.9646,24.4556],[76.9573,24.4593],[76.9455,24.4627],[76.9415,24.4678],[76.9353,24.4721],[76.9273,24.476],[76.9191,24.483],[76.9197,24.5068],[76.9218,24.5123],[76.9234,24.5198],[76.9233,24.5253],[76.9229,24.531],[76.9202,24.5357],[76.9174,24.5389],[76.9069,24.5429],[76.9043,24.5432],[76.9022,24.5391],[76.8973,24.5351],[76.898,24.5308],[76.8934,24.5221],[76.884,24.5207],[76.8801,24.5216],[76.8773,24.5274],[76.8792,24.5358],[76.8786,24.5384],[76.8764,24.5413],[76.8706,24.5447],[76.8572,24.5464],[76.8504,24.5464],[76.8426,24.5438],[76.8355,24.5386],[76.8311,24.5342],[76.8234,24.532],[76.8189,24.5298],[76.8185,24.5277],[76.8188,24.525],[76.8235,24.52],[76.8324,24.5058],[76.8389,24.4937],[76.8397,24.4898],[76.8467,24.4891],[76.8496,24.4863],[76.8511,24.483],[76.8506,24.4709],[76.8549,24.4694],[76.8557,24.4645],[76.8533,24.4598],[76.8528,24.4542],[76.8502,24.4487],[76.8429,24.4496],[76.8422,24.446],[76.8455,24.4382],[76.8403,24.4358],[76.835,24.4356],[76.8267,24.4367],[76.8172,24.4362],[76.8113,24.4326],[76.8005,24.4328],[76.7888,24.4353],[76.7771,24.4396],[76.7726,24.4436],[76.7698,24.4503],[76.7639,24.4519],[76.7569,24.4484],[76.744,24.4344],[76.7397,24.4273],[76.7337,24.4216],[76.7286,24.4206],[76.7246,24.414],[76.7208,24.4126],[76.7187,24.4132],[76.7161,24.4124],[76.7147,24.4089],[76.7113,24.4048],[76.7082,24.4058],[76.7056,24.408],[76.6971,24.4224],[76.6852,24.4343],[76.6756,24.439],[76.6715,24.4369],[76.6578,24.4229],[76.6446,24.4163],[76.6359,24.4141],[76.6282,24.4169],[76.6193,24.4218],[76.6129,24.4267],[76.6048,24.4363],[76.6026,24.4466],[76.5954,24.4574],[76.5896,24.461],[76.5802,24.4643],[76.58,24.4848],[76.5786,24.4922],[76.5656,24.4962],[76.5503,24.4998],[76.541,24.5062],[76.5384,24.5112],[76.537,24.514],[76.5396,24.5509],[76.5382,24.5686],[76.5314,24.5761],[76.5229,24.5822],[76.5216,24.5899],[76.5261,24.6309],[76.5288,24.6411],[76.5299,24.6519],[76.5313,24.6624],[76.5038,24.6524],[76.4945,24.6519],[76.4926,24.6531],[76.4893,24.658],[76.4861,24.6608],[76.4812,24.6622],[76.479,24.6643],[76.4768,24.6693],[76.4732,24.6865],[76.4667,24.7011],[76.4654,24.7066],[76.462,24.7145],[76.4611,24.7218],[76.4557,24.7363],[76.4513,24.7448],[76.4451,24.7639],[76.4431,24.783],[76.4622,24.7957],[76.4904,24.8219],[76.4966,24.8253],[76.5028,24.824],[76.5074,24.8221],[76.5298,24.8107],[76.5426,24.8057],[76.5569,24.804],[76.5651,24.8074],[76.5701,24.8118],[76.5732,24.8168],[76.5741,24.8224],[76.5724,24.834],[76.5755,24.8582],[76.5578,24.872],[76.5497,24.8774],[76.5359,24.8846],[76.521,24.8963],[76.5124,24.9014],[76.5005,24.9102],[76.4866,24.9203],[76.4735,24.9259],[76.4712,24.9179],[76.4674,24.91],[76.4639,24.9068],[76.4617,24.9081],[76.4565,24.9147],[76.4521,24.9225],[76.4489,24.9389],[76.4461,24.9531],[76.4408,24.9619],[76.4311,24.9712],[76.4215,24.9771],[76.4094,24.9809],[76.3983,24.9835],[76.3891,24.983],[76.3776,24.9802],[76.3684,24.9859],[76.3623,24.9886],[76.3518,24.9888],[76.3447,24.9865],[76.3403,24.9836],[76.3361,24.9742],[76.3288,24.9631],[76.3242,24.9588],[76.3182,24.9577],[76.3143,24.9598],[76.3047,24.971],[76.3001,24.9789],[76.2897,25.0006],[76.2836,25.0056],[76.2706,25.0205],[76.2646,25.0242],[76.2572,25.031],[76.2476,25.0408],[76.221,25.0742],[76.218,25.0842],[76.2198,25.0917],[76.2202,25.0951],[76.2257,25.1104],[76.2271,25.1234],[76.2325,25.1519],[76.2348,25.1603],[76.2407,25.1643],[76.2426,25.1744],[76.2465,25.1833],[76.251,25.1853],[76.2547,25.1888],[76.2534,25.209],[76.2503,25.2226],[76.2514,25.23],[76.2539,25.2377],[76.2573,25.2406],[76.2644,25.2435],[76.2739,25.2455],[76.28,25.2451],[76.2881,25.2465],[76.2939,25.2518],[76.2987,25.2609],[76.3051,25.2822],[76.3096,25.2946],[76.3129,25.3112],[76.3138,25.3263],[76.3148,25.3307],[76.3231,25.3478],[76.3312,25.3744],[76.3306,25.3788],[76.3436,25.3763],[76.351,25.3769],[76.3611,25.3838],[76.3713,25.3885],[76.3782,25.3843],[76.3856,25.3795],[76.3903,25.3801],[76.3966,25.3859],[76.4023,25.3865],[76.4072,25.3876],[76.4122,25.3861],[76.4239,25.3797],[76.4299,25.3785],[76.435,25.3802],[76.441,25.3793],[76.4461,25.3816],[76.4445,25.3911],[76.4462,25.3955],[76.4493,25.3993],[76.455,25.4014],[76.4668,25.4024],[76.4779,25.4056],[76.4839,25.4055],[76.4917,25.4069],[76.4961,25.4107],[76.4991,25.4151],[76.5019,25.421],[76.509,25.4227],[76.5174,25.4221],[76.5203,25.4149],[76.5266,25.4122],[76.5317,25.4151],[76.5394,25.4168],[76.5441,25.4129],[76.5616,25.4139],[76.5699,25.4109],[76.5766,25.4055],[76.5832,25.4018],[76.5824,25.4181],[76.5792,25.4318],[76.588,25.4308],[76.5939,25.4266],[76.604,25.4004],[76.6075,25.3841],[76.6145,25.3834],[76.6198,25.3792],[76.6241,25.3739],[76.6305,25.3702],[76.6413,25.3754],[76.6486,25.3715],[76.6625,25.3565],[76.6698,25.3526],[76.6778,25.3451],[76.6861,25.3406],[76.7083,25.3427],[76.7196,25.3375]]]},"properties":{"district_name":"Baran","raw_district_name":"Baran","state_code":"RJ","state_name":"Rajasthan","census_code":128,"data_source":"DataMeet India Maps (Census 2011 Boundaries)"}},{"type":"Feature","geometry":{"type":"Polygon","coordinates":[[[72.0727,26.3494],[72.0851,26.3363],[72.0917,26.3259],[72.0976,26.319],[72.1052,26.3152],[72.114,26.3213],[72.1187,26.3182],[72.1214,26.3154],[72.1328,26.323],[72.1408,26.3263],[72.1365,26.319],[72.1364,26.3159],[72.1449,26.3143],[72.1531,26.3082],[72.1578,26.3004],[72.1635,26.2928],[72.1653,26.2868],[72.1595,26.281],[72.1919,26.2639],[72.2012,26.2566],[72.2082,26.2467],[72.2121,26.2383],[72.2172,26.2315],[72.2328,26.222],[72.255,26.2104],[72.2685,26.1978],[72.2799,26.2115],[72.29,26.2145],[72.3084,26.2167],[72.3229,26.2282],[72.3404,26.2444],[72.3743,26.2254],[72.4094,26.239],[72.4253,26.2629],[72.4201,26.2788],[72.427,26.2864],[72.4376,26.291],[72.4669,26.301],[72.484,26.2986],[72.4916,26.2993],[72.492,26.2946],[72.4948,26.2898],[72.4994,26.2891],[72.5021,26.2899],[72.5031,26.2843],[72.5074,26.2786],[72.5247,26.2881],[72.5294,26.2807],[72.5318,26.2739],[72.5358,26.2731],[72.5402,26.2708],[72.5457,26.2721],[72.5519,26.2644],[72.56,26.2668],[72.5734,26.2669],[72.5901,26.2748],[72.5961,26.2799],[72.6125,26.2595],[72.6336,26.2282],[72.6398,26.2298],[72.6516,26.2176],[72.6598,26.2077],[72.6772,26.1983],[72.6844,26.1924],[72.6882,26.1862],[72.6813,26.1734],[72.6822,26.1643],[72.6846,26.1505],[72.6874,26.1457],[72.6895,26.1321],[72.697,26.1271],[72.6981,26.1214],[72.6971,26.1152],[72.694,26.1099],[72.6942,26.1059],[72.685,26.0899],[72.6787,26.0718],[72.6827,26.0689],[72.6864,26.0686],[72.6881,26.0639],[72.6845,26.0555],[72.6854,26.05],[72.6934,26.0397],[72.694,26.0365],[72.6845,26.0295],[72.6737,26.0252],[72.6497,26.0184],[72.645,26.013],[72.6357,26.0117],[72.626,26.0074],[72.6177,26.0066],[72.6101,26.0008],[72.6193,25.9893],[72.6202,25.983],[72.6187,25.978],[72.6256,25.9693],[72.6317,25.9642],[72.6265,25.9574],[72.6439,25.955],[72.6594,25.9549],[72.6799,25.9401],[72.6875,25.9423],[72.6895,25.9389],[72.6892,25.934],[72.6916,25.9297],[72.7007,25.9337],[72.7192,25.9192],[72.7247,25.9212],[72.7315,25.9126],[72.732,25.912],[72.7356,25.9089],[72.7391,25.9034],[72.7469,25.8979],[72.7533,25.8921],[72.7512,25.8817],[72.7706,25.8831],[72.7769,25.8817],[72.8061,25.8529],[72.816,25.8554],[72.8208,25.86],[72.8297,25.8607],[72.8339,25.8625],[72.8343,25.863],[72.8486,25.8418],[72.8441,25.8346],[72.8438,25.8235],[72.8423,25.8202],[72.8346,25.816],[72.8275,25.8168],[72.8108,25.8219],[72.8089,25.8295],[72.8033,25.8318],[72.7986,25.8294],[72.799,25.8258],[72.7949,25.8151],[72.7875,25.8127],[72.7833,25.8125],[72.7792,25.8083],[72.7777,25.8015],[72.7566,25.8088],[72.7523,25.7927],[72.7473,25.7828],[72.7269,25.7751],[72.7256,25.7692],[72.7228,25.7623],[72.7242,25.7555],[72.7485,25.7456],[72.7552,25.7414],[72.7561,25.7364],[72.7611,25.7311],[72.7599,25.7249],[72.7491,25.7222],[72.7408,25.7095],[72.7217,25.6893],[72.7164,25.6908],[72.7021,25.6762],[72.6911,25.675],[72.6864,25.6698],[72.6922,25.664],[72.6995,25.6512],[72.7002,25.6434],[72.7062,25.644],[72.7116,25.64],[72.72,25.6206],[72.7204,25.609],[72.7001,25.6006],[72.6763,25.6119],[72.6612,25.6068],[72.6558,25.6066],[72.6507,25.6085],[72.6302,25.6101],[72.626,25.6064],[72.6223,25.6011],[72.6141,25.6028],[72.6096,25.606],[72.6009,25.6074],[72.5936,25.6054],[72.5859,25.602],[72.5756,25.5912],[72.572,25.5835],[72.5649,25.5763],[72.5547,25.5678],[72.5488,25.5609],[72.5488,25.5504],[72.5534,25.5431],[72.559,25.5365],[72.5619,25.5313],[72.5593,25.5303],[72.5509,25.527],[72.5351,25.5176],[72.5216,25.5051],[72.5116,25.506],[72.5021,25.4948],[72.5064,25.4905],[72.4987,25.489],[72.489,25.484],[72.4848,25.4794],[72.4807,25.4718],[72.472,25.4645],[72.463,25.4544],[72.4565,25.458],[72.4431,25.45],[72.4114,25.4361],[72.4059,25.4428],[72.3782,25.4415],[72.3799,25.4454],[72.3733,25.4456],[72.3661,25.4477],[72.3596,25.4532],[72.3562,25.4536],[72.3522,25.4434],[72.3425,25.4463],[72.3367,25.4415],[72.3327,25.4337],[72.3315,25.423],[72.3321,25.4033],[72.3293,25.3956],[72.3169,25.3873],[72.3064,25.3862],[72.2981,25.3883],[72.2932,25.3915],[72.2872,25.4002],[72.2803,25.4024],[72.2706,25.4112],[72.2653,25.4093],[72.259,25.4091],[72.2522,25.4157],[72.2502,25.4161],[72.2447,25.4158],[72.237,25.4104],[72.2314,25.4094],[72.223,25.4055],[72.2163,25.406],[72.1965,25.4199],[72.1791,25.428],[72.1689,25.4287],[72.1604,25.4342],[72.1429,25.4349],[72.1162,25.4269],[72.1075,25.422],[72.1041,25.4244],[72.0959,25.4456],[72.0882,25.4543],[72.0896,25.4602],[72.0889,25.4653],[72.0789,25.4725],[72.0674,25.4758],[72.0568,25.4817],[72.0458,25.4796],[72.0334,25.4761],[72.0245,25.4637],[72.0048,25.4468],[72.0003,25.4452],[71.9882,25.4312],[71.9612,25.4007],[71.932,25.364],[71.9226,25.3552],[71.92,25.3499],[71.9207,25.3449],[71.9238,25.34],[71.9298,25.3334],[71.9343,25.3305],[71.9388,25.3294],[71.95,25.3213],[71.9401,25.3042],[71.9375,25.2968],[71.9363,25.2894],[71.9346,25.2843],[71.9279,25.2814],[71.9169,25.2788],[71.9086,25.2752],[71.9023,25.272],[71.8887,25.262],[71.8898,25.2584],[71.8918,25.2562],[71.9017,25.25],[71.899,25.2444],[71.8962,25.2408],[71.888,25.2343],[71.8808,25.2249],[71.8532,25.2119],[71.8495,25.2071],[71.8405,25.1651],[71.8411,25.1587],[71.8379,25.1537],[71.8379,25.1483],[71.831,25.1388],[71.8274,25.1292],[71.8248,25.1268],[71.8139,25.1246],[71.8086,25.1223],[71.8036,25.1162],[71.8037,25.1086],[71.8067,25.1026],[71.7989,25.0937],[71.7926,25.0843],[71.8026,25.0767],[71.8034,25.0736],[71.8022,25.0701],[71.8018,25.0648],[71.7997,25.0587],[71.7947,25.0532],[71.7894,25.0586],[71.7845,25.067],[71.7714,25.0685],[71.7674,25.0741],[71.764,25.0751],[71.7576,25.0746],[71.7368,25.0692],[71.7351,25.0662],[71.7337,25.06],[71.7264,25.0479],[71.7257,25.0408],[71.7271,25.0319],[71.725,25.0273],[71.7207,25.0236],[71.7127,25.0231],[71.7059,25.0132],[71.6966,25.003],[71.696,25.0012],[71.6895,24.9925],[71.6825,24.9858],[71.6795,24.9872],[71.6678,25.0012],[71.6583,25.0135],[71.6493,25.0217],[71.6378,25.0289],[71.6337,25.0327],[71.6284,25.0344],[71.6132,25.033],[71.5973,25.0295],[71.5886,25.0262],[71.5843,25.0229],[71.5675,25.0013],[71.5609,24.9901],[71.5563,24.9846],[71.549,24.9802],[71.5379,24.9783],[71.5302,24.9738],[71.5269,24.9816],[71.5272,25.0014],[71.5243,25.0042],[71.5166,25.0075],[71.5081,25.0086],[71.5038,25.0086],[71.4938,25.0065],[71.4908,25.0046],[71.4903,25.0014],[71.4896,24.9959],[71.4879,24.9909],[71.4837,24.9904],[71.4822,24.993],[71.4744,24.9988],[71.4702,24.9983],[71.4547,24.9887],[71.446,24.9869],[71.4424,24.9844],[71.4389,24.9802],[71.4292,24.979],[71.4263,24.9748],[71.4235,24.9744],[71.4163,24.9749],[71.4131,24.9737],[71.4072,24.9677],[71.3886,24.9784],[71.3866,24.9736],[71.3866,24.9695],[71.3809,24.9644],[71.3635,24.9514],[71.348,24.9426],[71.346,24.9496],[71.3422,24.9448],[71.3409,24.9342],[71.3423,24.9292],[71.3473,24.9185],[71.3461,24.9141],[71.332,24.8974],[71.3283,24.8997],[71.3238,24.9043],[71.3214,24.9023],[71.3159,24.9059],[71.311,24.8998],[71.3063,24.8908],[71.3136,24.8828],[71.3289,24.8681],[71.3298,24.8637],[71.3303,24.8507],[71.3254,24.8438],[71.3179,24.8396],[71.3045,24.8218],[71.2904,24.8303],[71.2871,24.8271],[71.2878,24.8172],[71.2775,24.8151],[71.2732,24.8132],[71.2679,24.8097],[71.2584,24.8014],[71.2544,24.7955],[71.2435,24.8051],[71.2434,24.8021],[71.2467,24.7947],[71.2562,24.7645],[71.2629,24.7483],[71.2616,24.7449],[71.2473,24.7309],[71.242,24.7239],[71.2344,24.716],[71.2095,24.699],[71.1902,24.6568],[71.188,24.6485],[71.1625,24.6545],[71.1375,24.6638],[71.11,24.6745],[71.104,24.6795],[71.0978,24.6866],[71.0911,24.6893],[71.0772,24.7038],[71.0635,24.7181],[71.0534,24.7451],[71.053,24.7459],[71.0516,24.7483],[71.0445,24.7617],[71.041,24.7668],[71.0261,24.8051],[71.0144,24.8275],[71.0032,24.8423],[71.0019,24.8449],[71.0004,24.8481],[70.9948,24.8593],[70.9804,24.879],[70.9761,24.8837],[70.9695,24.8963],[70.9527,24.9149],[70.9471,24.9211],[70.9363,24.9413],[70.9235,24.9803],[70.9165,25.0016],[70.9057,25.0485],[70.9047,25.0525],[70.9031,25.0649],[70.8965,25.1021],[70.8913,25.1268],[70.8855,25.1512],[70.8758,25.1607],[70.866,25.1704],[70.852,25.183],[70.8472,25.1895],[70.8454,25.1911],[70.8005,25.2313],[70.7873,25.2474],[70.7868,25.2479],[70.7847,25.2497],[70.7576,25.2727],[70.7502,25.2828],[70.7447,25.3041],[70.7355,25.3288],[70.7235,25.3427],[70.7144,25.3532],[70.6971,25.3682],[70.6931,25.3722],[70.6782,25.3865],[70.6699,25.3936],[70.6679,25.3953],[70.6669,25.3953],[70.6653,25.3976],[70.6649,25.4032],[70.6675,25.4093],[70.6702,25.42],[70.671,25.4248],[70.6709,25.4557],[70.6744,25.4818],[70.6765,25.4978],[70.6768,25.5117],[70.6775,25.519],[70.6771,25.5195],[70.6795,25.5257],[70.6793,25.5265],[70.6771,25.5275],[70.6678,25.5322],[70.6681,25.5394],[70.6682,25.5409],[70.6674,25.5415],[70.6685,25.5417],[70.6685,25.5436],[70.669,25.5971],[70.6691,25.5989],[70.6712,25.6225],[70.6717,25.6282],[70.6728,25.6549],[70.6731,25.6606],[70.6731,25.6692],[70.6682,25.6888],[70.6649,25.6945],[70.658,25.7058],[70.6528,25.7097],[70.6512,25.7104],[70.6474,25.7124],[70.6409,25.7146],[70.6389,25.7152],[70.6359,25.7153],[70.6345,25.7146],[70.6304,25.7155],[70.6228,25.7155],[70.6089,25.7154],[70.5936,25.7121],[70.5664,25.6996],[70.5575,25.6954],[70.5286,25.6861],[70.5278,25.6859],[70.5243,25.6853],[70.4817,25.6853],[70.4617,25.6838],[70.4511,25.683],[70.4165,25.6792],[70.3999,25.676],[70.3907,25.6736],[70.3855,25.6739],[70.3833,25.6744],[70.3662,25.6783],[70.3567,25.6816],[70.2761,25.7093],[70.2704,25.7116],[70.2667,25.7138],[70.2631,25.7191],[70.2516,25.7528],[70.2354,25.7769],[70.235,25.7773],[70.2334,25.779],[70.2147,25.7986],[70.1941,25.8161],[70.1688,25.8305],[70.1562,25.8553],[70.1524,25.86],[70.1456,25.8699],[70.1433,25.8743],[70.1419,25.8759],[70.141,25.8774],[70.1338,25.8849],[70.1244,25.9017],[70.1145,25.9151],[70.0993,25.9355],[70.0972,25.9476],[70.0918,25.9931],[70.0908,26.0087],[70.09,26.0201],[70.0858,26.0616],[70.0864,26.0879],[70.0929,26.098],[70.0951,26.1006],[70.0966,26.1023],[70.1059,26.1141],[70.1076,26.1162],[70.1083,26.1171],[70.1095,26.1191],[70.11,26.12],[70.1182,26.1287],[70.1257,26.1402],[70.1353,26.1525],[70.1361,26.1533],[70.1442,26.1566],[70.1576,26.1573],[70.1784,26.1562],[70.192,26.1531],[70.2001,26.1501],[70.2056,26.147],[70.2136,26.1407],[70.2176,26.135],[70.2243,26.1228],[70.2306,26.1297],[70.2439,26.1504],[70.2481,26.1554],[70.2541,26.1612],[70.2653,26.1655],[70.2719,26.1665],[70.2725,26.1621],[70.2746,26.1592],[70.2783,26.1565],[70.2834,26.1567],[70.2916,26.1588],[70.2946,26.157],[70.2992,26.1516],[70.304,26.1497],[70.3128,26.1502],[70.3305,26.1539],[70.3382,26.1523],[70.348,26.1458],[70.3521,26.1444],[70.3602,26.1456],[70.3666,26.1482],[70.371,26.1531],[70.3869,26.176],[70.3923,26.18],[70.4013,26.1918],[70.4103,26.2005],[70.4151,26.1988],[70.425,26.1979],[70.4279,26.1969],[70.4271,26.1895],[70.4335,26.19],[70.4312,26.1812],[70.432,26.1779],[70.4388,26.1813],[70.4564,26.1819],[70.4643,26.1816],[70.4689,26.1797],[70.482,26.1793],[70.4885,26.1774],[70.4949,26.1766],[70.5025,26.1767],[70.5242,26.182],[70.5384,26.1893],[70.5519,26.198],[70.559,26.2008],[70.5668,26.2026],[70.5826,26.204],[70.5988,26.2039],[70.6288,26.1999],[70.6407,26.2001],[70.6484,26.1986],[70.6544,26.1987],[70.6609,26.2],[70.6665,26.2032],[70.6825,26.2133],[70.6871,26.2137],[70.6986,26.2118],[70.7162,26.2122],[70.7186,26.2071],[70.7193,26.1986],[70.7179,26.1927],[70.7144,26.186],[70.7117,26.1785],[70.7106,26.1723],[70.7133,26.1678],[70.7165,26.1654],[70.7247,26.1614],[70.7318,26.1562],[70.7387,26.148],[70.7427,26.1446],[70.7517,26.1493],[70.7648,26.1463],[70.8003,26.141],[70.8221,26.1393],[70.8322,26.1378],[70.8567,26.1326],[70.8662,26.132],[70.8771,26.1282],[70.8894,26.1151],[70.8969,26.109],[70.9134,26.09],[70.9152,26.0887],[70.9216,26.0799],[70.9216,26.0756],[70.9391,26.0607],[70.9432,26.0564],[70.9449,26.0526],[70.9436,26.044],[70.9437,26.0347],[70.9457,26.0308],[70.9488,26.0305],[70.9576,26.0218],[70.9611,26.022],[70.9648,26.026],[70.9678,26.0313],[70.9696,26.0376],[70.9694,26.0429],[70.9678,26.0497],[70.9442,26.0793],[70.9429,26.0823],[70.9472,26.0818],[70.9528,26.0835],[70.9581,26.0893],[70.9618,26.0962],[70.9636,26.0982],[70.988,26.1093],[71,26.1153],[71.0193,26.1189],[71.0254,26.1153],[71.0276,26.1186],[71.038,26.1278],[71.0513,26.1424],[71.0441,26.1547],[71.0407,26.1661],[71.0399,26.1708],[71.0412,26.1752],[71.0396,26.1778],[71.0358,26.1815],[71.0322,26.1792],[71.0293,26.1855],[71.0263,26.1893],[71.0125,26.2023],[71.0118,26.2086],[71.0135,26.2172],[71.01,26.2246],[71,26.2257],[70.9937,26.2215],[70.9899,26.2238],[70.9874,26.2218],[70.9783,26.2212],[70.9761,26.223],[70.9723,26.2236],[70.963,26.2221],[70.95,26.2229],[70.9432,26.2246],[70.9407,26.2286],[70.9469,26.236],[70.949,26.2376],[70.9507,26.2433],[70.9539,26.2491],[70.9662,26.2526],[70.9896,26.262],[70.9975,26.2661],[70.9976,26.2684],[71,26.2721],[71.0047,26.2768],[71.02,26.2835],[71.0279,26.2847],[71.0477,26.2844],[71.058,26.2878],[71.0635,26.2904],[71.0696,26.2961],[71.0714,26.3023],[71.0616,26.315],[71.0773,26.3252],[71.0803,26.3246],[71.089,26.318],[71.1123,26.3128],[71.1187,26.3103],[71.1256,26.3057],[71.1276,26.3058],[71.1309,26.3118],[71.1346,26.3068],[71.1389,26.3088],[71.1421,26.3121],[71.1605,26.3383],[71.1746,26.3614],[71.1838,26.38],[71.19,26.3889],[71.1897,26.3935],[71.1858,26.3983],[71.1839,26.4037],[71.1853,26.4097],[71.1888,26.4142],[71.1999,26.4219],[71.2059,26.4324],[71.2113,26.4343],[71.2143,26.4365],[71.215,26.4411],[71.2216,26.4465],[71.2463,26.4577],[71.2558,26.4611],[71.2757,26.4628],[71.2795,26.4639],[71.2839,26.4663],[71.2887,26.4666],[71.293,26.465],[71.2969,26.4617],[71.2996,26.4568],[71.3058,26.4521],[71.3071,26.4479],[71.3081,26.4391],[71.3109,26.4361],[71.322,26.4287],[71.3252,26.4255],[71.3272,26.4197],[71.3318,26.4242],[71.337,26.4331],[71.3477,26.4408],[71.3703,26.4531],[71.3792,26.4606],[71.3859,26.4648],[71.4054,26.473],[71.4169,26.4865],[71.4336,26.4976],[71.436,26.4965],[71.44,26.4973],[71.4476,26.5139],[71.4515,26.5121],[71.4644,26.4979],[71.4723,26.4715],[71.4905,26.4569],[71.5032,26.4646],[71.5096,26.4697],[71.5129,26.4745],[71.5196,26.4883],[71.5302,26.4883],[71.5381,26.4893],[71.547,26.4923],[71.5562,26.4968],[71.5711,26.5058],[71.5777,26.5081],[71.5908,26.5019],[71.6033,26.4901],[71.607,26.4841],[71.6106,26.4885],[71.6142,26.4823],[71.6224,26.4574],[71.6261,26.4424],[71.6263,26.4349],[71.6275,26.4333],[71.633,26.4315],[71.6346,26.429],[71.6284,26.42],[71.6306,26.4115],[71.6384,26.4042],[71.6474,26.403],[71.6757,26.3848],[71.6808,26.3842],[71.6846,26.3817],[71.6876,26.3866],[71.6975,26.3894],[71.7056,26.3905],[71.7161,26.3847],[71.7375,26.3756],[71.7533,26.3612],[71.7554,26.3576],[71.7572,26.3474],[71.7878,26.346],[71.7941,26.3429],[71.8028,26.3346],[71.8113,26.3323],[71.8142,26.3349],[71.8169,26.341],[71.8188,26.3521],[71.822,26.3606],[71.8257,26.3656],[71.8332,26.371],[71.8424,26.3738],[71.8618,26.361],[71.8803,26.346],[71.8846,26.3408],[71.8891,26.319],[71.8938,26.3079],[71.8922,26.3053],[71.8948,26.3002],[71.9018,26.2989],[71.9087,26.2997],[71.9171,26.2978],[71.9195,26.2979],[71.933,26.3058],[71.9388,26.3114],[71.9461,26.3164],[71.9502,26.3154],[71.9546,26.3166],[71.9581,26.3184],[71.9605,26.3228],[71.9718,26.319],[71.9774,26.3202],[71.9833,26.3224],[72,26.336],[72.0244,26.3464],[72.0399,26.3498],[72.0593,26.3528],[72.0673,26.3492],[72.0727,26.3494]]]},"properties":{"district_name":"Barmer","raw_district_name":"Barmer","state_code":"RJ","state_name":"Rajasthan","census_code":115,"data_source":"DataMeet India Maps (Census 2011 Boundaries)"}},{"type":"Feature","geometry":{"type":"Polygon","coordinates":[[[77.2846,27.801],[77.2882,27.7972],[77.2995,27.7961],[77.3042,27.7943],[77.3068,27.7923],[77.3099,27.7881],[77.313,27.7824],[77.3125,27.7704],[77.3103,27.7661],[77.3103,27.7634],[77.3118,27.759],[77.3116,27.7556],[77.3105,27.7545],[77.3101,27.7509],[77.3141,27.7436],[77.3148,27.7391],[77.3184,27.7372],[77.3209,27.7346],[77.3211,27.7331],[77.3194,27.7313],[77.3051,27.7242],[77.3063,27.7131],[77.3111,27.7076],[77.3172,27.7083],[77.326,27.7056],[77.3291,27.7071],[77.3332,27.7076],[77.3393,27.7055],[77.3427,27.7023],[77.3432,27.6939],[77.3453,27.6906],[77.3455,27.6798],[77.3437,27.6758],[77.3462,27.6702],[77.3459,27.6641],[77.348,27.6568],[77.3514,27.6516],[77.351,27.6474],[77.341,27.6322],[77.3218,27.6117],[77.3198,27.6061],[77.3344,27.5913],[77.3367,27.5904],[77.3438,27.5959],[77.3587,27.5878],[77.357,27.5845],[77.3521,27.5799],[77.347,27.571],[77.3416,27.5704],[77.3396,27.5678],[77.3389,27.5655],[77.3398,27.563],[77.3392,27.5581],[77.3421,27.549],[77.347,27.544],[77.3487,27.5411],[77.344,27.5361],[77.341,27.5329],[77.3436,27.5244],[77.3488,27.5192],[77.3607,27.5144],[77.3667,27.5138],[77.3697,27.5129],[77.3847,27.513],[77.3909,27.5109],[77.3918,27.5058],[77.3981,27.4998],[77.4005,27.4964],[77.4001,27.4879],[77.4008,27.4804],[77.4021,27.4763],[77.4049,27.4722],[77.4159,27.4707],[77.4199,27.467],[77.4239,27.4605],[77.4339,27.4591],[77.4381,27.4564],[77.4373,27.4498],[77.4358,27.4453],[77.4314,27.4438],[77.4292,27.4416],[77.4267,27.4365],[77.4255,27.4326],[77.4236,27.4197],[77.4335,27.4132],[77.4352,27.411],[77.4384,27.3994],[77.438,27.3987],[77.4403,27.3935],[77.4442,27.3911],[77.4517,27.3877],[77.47,27.3819],[77.475,27.3786],[77.4843,27.382],[77.4954,27.3799],[77.5057,27.3757],[77.5106,27.3717],[77.5123,27.3684],[77.5165,27.3671],[77.5178,27.3621],[77.5304,27.3519],[77.5392,27.3471],[77.5475,27.3474],[77.5488,27.3419],[77.5512,27.3367],[77.5702,27.3297],[77.5752,27.3279],[77.5762,27.3275],[77.5812,27.3244],[77.583,27.321],[77.5889,27.3227],[77.5908,27.3259],[77.5951,27.3295],[77.6014,27.3322],[77.6133,27.3322],[77.616,27.3364],[77.6189,27.3387],[77.6226,27.3377],[77.6248,27.3326],[77.6241,27.3288],[77.624,27.3197],[77.6219,27.309],[77.6173,27.3062],[77.6118,27.3042],[77.6085,27.299],[77.6055,27.299],[77.6002,27.297],[77.6001,27.2948],[77.6068,27.2906],[77.6115,27.2892],[77.6175,27.2822],[77.6178,27.2759],[77.6226,27.2734],[77.6197,27.2686],[77.615,27.267],[77.6174,27.2594],[77.6212,27.2546],[77.6317,27.2581],[77.6342,27.2566],[77.638,27.2497],[77.6427,27.2479],[77.6473,27.2414],[77.6475,27.2414],[77.6464,27.2368],[77.6468,27.2349],[77.6526,27.2331],[77.6516,27.2261],[77.6478,27.2175],[77.6479,27.2115],[77.6504,27.209],[77.6561,27.2088],[77.6634,27.206],[77.665,27.2073],[77.6756,27.2014],[77.6814,27.1946],[77.6804,27.1893],[77.6737,27.1804],[77.6696,27.177],[77.6629,27.1698],[77.6516,27.1687],[77.6442,27.1644],[77.6391,27.1645],[77.6366,27.1674],[77.6337,27.1686],[77.6308,27.1693],[77.6231,27.1691],[77.6134,27.1628],[77.6123,27.1586],[77.6142,27.1532],[77.6148,27.1484],[77.6063,27.1423],[77.6019,27.1422],[77.6003,27.1391],[77.6006,27.1344],[77.6041,27.1315],[77.6028,27.128],[77.6055,27.1233],[77.6039,27.1204],[77.599,27.1174],[77.5941,27.1185],[77.5916,27.115],[77.5828,27.1164],[77.5643,27.1101],[77.5539,27.1094],[77.5526,27.1099],[77.5476,27.1056],[77.5402,27.104],[77.5375,27.0985],[77.5289,27.1001],[77.5219,27.1024],[77.5163,27.0972],[77.5104,27.0935],[77.5071,27.0902],[77.5065,27.0895],[77.5075,27.0883],[77.5191,27.0882],[77.5228,27.0862],[77.5219,27.0857],[77.5255,27.0838],[77.5263,27.0824],[77.5258,27.0741],[77.5227,27.0684],[77.5224,27.0647],[77.5294,27.0615],[77.5346,27.0608],[77.5372,27.0614],[77.5417,27.0641],[77.5495,27.0717],[77.5544,27.075],[77.5623,27.0715],[77.5714,27.0729],[77.5738,27.0723],[77.5765,27.0668],[77.5738,27.0633],[77.575,27.0606],[77.5749,27.0546],[77.5733,27.0483],[77.5692,27.0459],[77.567,27.0431],[77.5655,27.0312],[77.5687,27.03],[77.5763,27.0336],[77.5832,27.0359],[77.592,27.0336],[77.5968,27.0314],[77.5987,27.0259],[77.6024,27.0255],[77.6069,27.0231],[77.6115,27.0234],[77.6237,27.0217],[77.6276,27.0192],[77.6301,27.0162],[77.6323,27.0112],[77.6355,27.0098],[77.639,27.0177],[77.6424,27.0213],[77.6515,27.0215],[77.6601,27.0169],[77.6651,27.017],[77.668,27.0193],[77.6714,27.0246],[77.6789,27.0432],[77.6815,27.0458],[77.6864,27.0448],[77.6925,27.0392],[77.693,27.0341],[77.6902,27.0272],[77.7019,27.0138],[77.7038,27.0103],[77.7048,27.0012],[77.7071,27],[77.7117,26.9946],[77.7167,26.9954],[77.7221,26.9922],[77.7258,26.9943],[77.7305,26.9946],[77.7315,26.9982],[77.7292,27],[77.7284,27.0083],[77.7303,27.0204],[77.7347,27.0258],[77.7437,27.028],[77.7466,27.0269],[77.7476,27.0218],[77.7491,27.0198],[77.7521,27.018],[77.7613,27.0179],[77.7632,27.017],[77.7559,27.0119],[77.7535,27.0076],[77.7544,27.0051],[77.7536,27.0029],[77.7507,27.0006],[77.7506,27],[77.7543,26.9972],[77.7559,26.9927],[77.7515,26.9919],[77.7478,26.9922],[77.7472,26.9853],[77.7445,26.9825],[77.7314,26.9825],[77.7227,26.9859],[77.718,26.982],[77.7094,26.9786],[77.7,26.9733],[77.6783,26.9714],[77.6767,26.9635],[77.6734,26.9612],[77.6677,26.9624],[77.6647,26.9684],[77.6607,26.9692],[77.657,26.9681],[77.6503,26.9616],[77.6128,26.9403],[77.6061,26.9346],[77.6017,26.932],[77.5997,26.9383],[77.5954,26.9389],[77.5927,26.9366],[77.5877,26.9252],[77.5653,26.9204],[77.5532,26.9164],[77.5264,26.9098],[77.5037,26.9001],[77.4903,26.8981],[77.4816,26.8941],[77.4726,26.887],[77.4629,26.8839],[77.4633,26.8748],[77.4619,26.8711],[77.4583,26.8694],[77.4496,26.872],[77.4442,26.8623],[77.4395,26.8603],[77.4342,26.8614],[77.4302,26.8614],[77.4312,26.852],[77.4339,26.8474],[77.4292,26.8432],[77.4252,26.8372],[77.4305,26.8312],[77.4335,26.8301],[77.4349,26.8261],[77.4419,26.8198],[77.4469,26.8135],[77.4459,26.8033],[77.4395,26.7867],[77.4362,26.7802],[77.4349,26.7705],[77.4362,26.7645],[77.4419,26.7668],[77.4466,26.7702],[77.4529,26.7719],[77.4586,26.7751],[77.4636,26.7748],[77.4719,26.7639],[77.4693,26.7602],[77.4649,26.7565],[77.4559,26.7411],[77.4476,26.7377],[77.4365,26.728],[77.4245,26.7215],[77.4142,26.7175],[77.3918,26.7112],[77.3841,26.7069],[77.3704,26.7072],[77.349,26.7115],[77.3494,26.7266],[77.351,26.7383],[77.3494,26.744],[77.3497,26.7488],[77.3523,26.7548],[77.3467,26.7576],[77.3393,26.7645],[77.3416,26.7665],[77.3443,26.7673],[77.35,26.7773],[77.355,26.783],[77.351,26.7856],[77.3583,26.795],[77.3557,26.8001],[77.3516,26.8044],[77.349,26.8015],[77.3456,26.8004],[77.3423,26.8012],[77.3396,26.8058],[77.3359,26.8052],[77.3373,26.8001],[77.3349,26.7981],[77.3316,26.8007],[77.3182,26.7941],[77.3162,26.787],[77.3009,26.7807],[77.2942,26.7795],[77.2734,26.806],[77.2671,26.8131],[77.2591,26.8185],[77.2287,26.794],[77.2183,26.7877],[77.2053,26.7811],[77.1994,26.7908],[77.1994,26.7943],[77.201,26.798],[77.2104,26.8097],[77.1907,26.8188],[77.1734,26.8223],[77.1721,26.8283],[77.1688,26.8312],[77.1638,26.8292],[77.1585,26.8224],[77.1558,26.827],[77.1356,26.8388],[77.1326,26.8483],[77.1239,26.8527],[77.1131,26.8642],[77.1088,26.8704],[77.1054,26.8737],[77.1024,26.8709],[77.0998,26.8616],[77.0781,26.8592],[77.0749,26.8675],[77.0678,26.8761],[77.0665,26.8822],[77.0634,26.8886],[77.0634,26.895],[77.0651,26.9017],[77.0631,26.9045],[77.0624,26.9087],[77.0597,26.9127],[77.0553,26.9113],[77.0496,26.9121],[77.047,26.9089],[77.0443,26.9078],[77.0413,26.9129],[77.0369,26.9169],[77.0271,26.922],[77.0176,26.9284],[77.0165,26.9318],[77.023,26.9365],[77.0275,26.9423],[77.0257,26.945],[77.0226,26.9473],[77.0214,26.9512],[77.0205,26.9634],[77.0181,26.9718],[77.0152,26.9774],[77.0109,26.9784],[77.0076,26.9772],[77.0069,26.9819],[77.0082,27.0004],[77.0064,27.0024],[77.0001,27.0065],[76.9959,27.0094],[76.9919,27.0168],[76.9878,27.0198],[76.9862,27.0236],[76.9898,27.0266],[76.9943,27.0279],[77.0001,27.0204],[77.0035,27.0193],[77.004,27.0174],[77.0068,27.0176],[77.01,27.0198],[77.011,27.0215],[77.0096,27.0239],[77.0096,27.0274],[77.0009,27.0409],[77.0005,27.0418],[77.0008,27.0453],[76.9987,27.0489],[76.9933,27.0527],[76.9877,27.0567],[76.9837,27.0595],[76.979,27.0633],[76.976,27.0684],[76.9748,27.0745],[76.9804,27.0776],[76.9842,27.0778],[76.9885,27.0805],[76.9925,27.0846],[76.9905,27.0883],[76.9872,27.094],[76.9838,27.0992],[76.9855,27.1032],[76.9896,27.1043],[76.9933,27.1046],[76.9957,27.1071],[76.9927,27.1111],[76.989,27.1144],[76.9846,27.1167],[76.9793,27.1197],[76.9748,27.1238],[76.971,27.1252],[76.966,27.1255],[76.9635,27.1273],[76.9638,27.1298],[76.9653,27.1333],[76.9649,27.1377],[76.9634,27.1414],[76.9649,27.1461],[76.9643,27.1514],[76.9623,27.1573],[76.9635,27.1612],[76.9659,27.1654],[76.9686,27.1692],[76.9691,27.1733],[76.9704,27.1767],[76.9713,27.1791],[76.9738,27.1796],[76.9805,27.176],[76.9879,27.1702],[76.9967,27.1615],[77.0027,27.1565],[77.0038,27.1563],[77.0263,27.1664],[77.0279,27.1584],[77.0294,27.1574],[77.0304,27.1552],[77.0384,27.158],[77.0437,27.1571],[77.0546,27.1566],[77.0597,27.1522],[77.0718,27.1624],[77.0745,27.1629],[77.0917,27.1601],[77.0975,27.1637],[77.0973,27.1656],[77.097,27.1676],[77.0965,27.1715],[77.0934,27.1739],[77.0855,27.1769],[77.0833,27.1817],[77.0874,27.1877],[77.0884,27.1925],[77.0872,27.1943],[77.0829,27.1992],[77.0754,27.2023],[77.067,27.2088],[77.0578,27.2102],[77.0462,27.2169],[77.0471,27.2243],[77.0531,27.233],[77.0546,27.2341],[77.0588,27.235],[77.0642,27.2312],[77.0659,27.2308],[77.0708,27.2319],[77.0772,27.2315],[77.0846,27.236],[77.0871,27.2383],[77.093,27.2477],[77.0947,27.2456],[77.1012,27.2417],[77.11,27.2448],[77.1158,27.2502],[77.1235,27.2522],[77.1305,27.2769],[77.1362,27.2889],[77.1428,27.2977],[77.1472,27.3113],[77.1498,27.3134],[77.1638,27.3132],[77.1688,27.315],[77.1756,27.3194],[77.179,27.3198],[77.1832,27.319],[77.196,27.3221],[77.2027,27.3257],[77.2037,27.3284],[77.2088,27.3358],[77.2087,27.343],[77.2097,27.3446],[77.2095,27.3488],[77.2081,27.3519],[77.2066,27.3524],[77.2017,27.3512],[77.1946,27.3549],[77.1859,27.3523],[77.179,27.3515],[77.1765,27.3508],[77.1767,27.3492],[77.165,27.3463],[77.1573,27.3457],[77.1456,27.3466],[77.1408,27.3463],[77.1361,27.3477],[77.1122,27.357],[77.1056,27.3628],[77.1037,27.3663],[77.0991,27.372],[77.091,27.3758],[77.084,27.3828],[77.0766,27.3888],[77.0725,27.389],[77.0682,27.3831],[77.0667,27.3796],[77.0635,27.377],[77.0566,27.3769],[77.0507,27.3801],[77.0484,27.3781],[77.0457,27.377],[77.0293,27.3858],[77.0285,27.3883],[77.033,27.397],[77.0316,27.3982],[77.0293,27.3986],[77.0242,27.3944],[77.0231,27.3904],[77.0175,27.3895],[77.0137,27.3906],[77.0101,27.3933],[77.0098,27.3996],[77.0062,27.4054],[77.0065,27.4107],[77.0079,27.4141],[77.0074,27.4154],[77.0048,27.4191],[76.9998,27.4216],[76.9971,27.4235],[76.9936,27.4267],[76.9889,27.4279],[76.9855,27.4275],[76.983,27.4249],[76.9816,27.4207],[76.9801,27.4192],[76.9773,27.4192],[76.9756,27.4219],[76.9718,27.4227],[76.9668,27.4199],[76.9633,27.4183],[76.9616,27.4196],[76.9613,27.4237],[76.96,27.4275],[76.9568,27.4309],[76.9508,27.4341],[76.948,27.4373],[76.9443,27.4415],[76.9405,27.4454],[76.9372,27.448],[76.9308,27.4513],[76.9257,27.4539],[76.9255,27.4561],[76.923,27.4588],[76.919,27.4593],[76.9148,27.459],[76.9125,27.4573],[76.9121,27.4541],[76.9087,27.4538],[76.9061,27.4549],[76.9034,27.4549],[76.9009,27.4552],[76.9015,27.4573],[76.9032,27.4594],[76.9048,27.4597],[76.9074,27.4603],[76.9085,27.4627],[76.9087,27.4649],[76.9098,27.4688],[76.9122,27.4733],[76.9148,27.4779],[76.9174,27.4788],[76.9219,27.4805],[76.9232,27.4834],[76.924,27.4872],[76.9247,27.4904],[76.9222,27.491],[76.9183,27.4935],[76.9142,27.4968],[76.9119,27.4955],[76.909,27.494],[76.9065,27.4943],[76.9032,27.4898],[76.9011,27.4917],[76.8977,27.4905],[76.8943,27.4977],[76.8857,27.5017],[76.8812,27.509],[76.8899,27.521],[76.8946,27.5202],[76.8958,27.5247],[76.8973,27.5291],[76.8998,27.5325],[76.903,27.5306],[76.9062,27.5286],[76.9097,27.528],[76.9137,27.528],[76.92,27.5295],[76.9237,27.531],[76.927,27.5312],[76.9276,27.5295],[76.926,27.5277],[76.9269,27.5251],[76.9285,27.5239],[76.9275,27.5211],[76.9229,27.521],[76.9186,27.5216],[76.9152,27.5223],[76.9118,27.5227],[76.9103,27.5225],[76.9077,27.5193],[76.9074,27.5168],[76.9128,27.5146],[76.9196,27.5136],[76.9245,27.5116],[76.93,27.5082],[76.9332,27.5038],[76.9373,27.5013],[76.9385,27.4971],[76.9405,27.4938],[76.9412,27.4893],[76.9409,27.486],[76.9429,27.4828],[76.9484,27.4805],[76.9556,27.4795],[76.9661,27.4773],[76.9687,27.4754],[76.9716,27.4731],[76.9702,27.47],[76.9678,27.4664],[76.9671,27.4646],[76.9738,27.4593],[76.9775,27.462],[76.9801,27.4611],[76.9809,27.4584],[76.9854,27.4571],[76.9905,27.4546],[76.9984,27.4517],[76.9998,27.4509],[77.002,27.4513],[77.0059,27.4485],[77.0266,27.4488],[77.0286,27.4501],[77.0333,27.4571],[77.0358,27.4627],[77.0417,27.4603],[77.0478,27.4563],[77.0501,27.4538],[77.0505,27.452],[77.0457,27.4473],[77.0422,27.4456],[77.039,27.4414],[77.0413,27.4385],[77.0486,27.4338],[77.0527,27.4364],[77.0571,27.4407],[77.0606,27.4417],[77.0616,27.4458],[77.0575,27.4503],[77.0588,27.4526],[77.057,27.458],[77.0528,27.4623],[77.0549,27.4655],[77.0561,27.4711],[77.0553,27.4754],[77.0469,27.4795],[77.0361,27.4915],[77.026,27.4963],[77.0248,27.4986],[77.0214,27.5],[77.0203,27.5026],[77.0209,27.5082],[77.0253,27.5098],[77.0336,27.5083],[77.0369,27.5174],[77.0434,27.5216],[77.0455,27.5227],[77.0555,27.5246],[77.064,27.5282],[77.0672,27.5321],[77.0662,27.5352],[77.0658,27.5363],[77.0589,27.542],[77.0574,27.5422],[77.0543,27.5404],[77.0482,27.5404],[77.0425,27.5412],[77.0369,27.5444],[77.0348,27.5473],[77.0358,27.5483],[77.0416,27.5477],[77.0487,27.5483],[77.05,27.5499],[77.0487,27.5549],[77.04,27.5562],[77.0356,27.5529],[77.0288,27.5541],[77.0216,27.557],[77.0165,27.5616],[77.01,27.5636],[77.0057,27.5661],[77.0019,27.5656],[77.0012,27.5605],[77.0022,27.5523],[77.0094,27.5448],[77.019,27.5423],[77.0229,27.538],[77.0178,27.5349],[77.0078,27.5336],[77.0023,27.531],[76.9998,27.5311],[76.9982,27.5318],[76.9932,27.5329],[76.9869,27.5354],[76.9835,27.5411],[76.9771,27.5458],[76.9732,27.5474],[76.9668,27.5441],[76.965,27.5379],[76.9617,27.5373],[76.9582,27.5426],[76.9556,27.5472],[76.9508,27.5507],[76.9481,27.5548],[76.9519,27.5561],[76.9557,27.5547],[76.9597,27.5554],[76.9616,27.5606],[76.9614,27.5645],[76.9601,27.5674],[76.959,27.5705],[76.9514,27.5733],[76.9473,27.5683],[76.9408,27.5705],[76.9454,27.5798],[76.9442,27.5846],[76.9396,27.5911],[76.9361,27.5978],[76.9371,27.6046],[76.9364,27.6124],[76.9491,27.6141],[76.9618,27.6134],[76.9735,27.6128],[76.9837,27.6138],[76.9854,27.6183],[76.9848,27.6255],[76.9847,27.6351],[76.9775,27.6401],[76.9788,27.6518],[76.9787,27.6601],[76.9806,27.6675],[76.9815,27.675],[76.9845,27.6875],[76.9875,27.7008],[76.9912,27.7131],[76.9959,27.7239],[76.9976,27.7284],[76.9998,27.731],[77.002,27.7363],[77.0029,27.7367],[77.0095,27.7331],[77.0119,27.7332],[77.0135,27.7337],[77.0199,27.7411],[77.0253,27.7424],[77.0334,27.7417],[77.0375,27.744],[77.0405,27.743],[77.045,27.7392],[77.0479,27.7362],[77.0488,27.7329],[77.0513,27.7305],[77.0528,27.7268],[77.0592,27.7227],[77.0617,27.7224],[77.068,27.7259],[77.0743,27.727],[77.0797,27.7303],[77.0865,27.7319],[77.0878,27.733],[77.088,27.7347],[77.087,27.7374],[77.0811,27.7437],[77.0798,27.7465],[77.0793,27.7534],[77.0759,27.7583],[77.0704,27.7603],[77.0646,27.759],[77.0628,27.7565],[77.0587,27.7556],[77.0555,27.7626],[77.048,27.7695],[77.037,27.7749],[77.0353,27.7725],[77.0327,27.7716],[77.0313,27.7725],[77.0292,27.7727],[77.0283,27.7749],[77.0316,27.7818],[77.0326,27.7928],[77.039,27.806],[77.0432,27.8071],[77.044,27.8087],[77.0437,27.8113],[77.0469,27.8146],[77.0538,27.8116],[77.0555,27.8127],[77.0605,27.8097],[77.0649,27.806],[77.0739,27.8072],[77.0771,27.8061],[77.0811,27.8041],[77.0829,27.7989],[77.0853,27.796],[77.0889,27.795],[77.1023,27.7842],[77.1098,27.78],[77.1113,27.7797],[77.1161,27.7812],[77.1234,27.7844],[77.1261,27.7847],[77.1286,27.784],[77.1308,27.7828],[77.1333,27.7794],[77.1339,27.7715],[77.1352,27.771],[77.144,27.7785],[77.1501,27.7807],[77.156,27.7812],[77.1601,27.7863],[77.162,27.7924],[77.1623,27.7969],[77.1584,27.8069],[77.1594,27.8101],[77.1608,27.8103],[77.1654,27.8081],[77.1698,27.8077],[77.1811,27.8108],[77.1846,27.8089],[77.1894,27.8031],[77.1892,27.7989],[77.1869,27.797],[77.178,27.7951],[77.1753,27.7904],[77.1709,27.7851],[77.1727,27.7814],[77.1774,27.7794],[77.1843,27.7817],[77.1977,27.7929],[77.1954,27.805],[77.1962,27.8095],[77.2026,27.8164],[77.2055,27.8139],[77.2109,27.807],[77.2145,27.8],[77.2155,27.7955],[77.2256,27.79],[77.2309,27.7921],[77.2356,27.7906],[77.2375,27.7876],[77.236,27.7831],[77.2405,27.7803],[77.2433,27.7803],[77.2497,27.7848],[77.2567,27.7882],[77.2616,27.7921],[77.2658,27.7997],[77.2669,27.8037],[77.2713,27.8106],[77.2763,27.8064],[77.2846,27.801]]]},"properties":{"district_name":"Bharatpur","raw_district_name":"Bharatpur","state_code":"RJ","state_name":"Rajasthan","census_code":105,"data_source":"DataMeet India Maps (Census 2011 Boundaries)"}},{"type":"Feature","geometry":{"type":"Polygon","coordinates":[[[75.3191,25.7638],[75.3648,25.7577],[75.391,25.759],[75.395,25.7689],[75.4035,25.7744],[75.4124,25.7666],[75.422,25.7612],[75.4261,25.748],[75.4338,25.7412],[75.437,25.7455],[75.4452,25.7406],[75.4523,25.7311],[75.4589,25.7242],[75.4644,25.7184],[75.4571,25.7095],[75.4235,25.686],[75.4269,25.6743],[75.437,25.6533],[75.4364,25.6423],[75.4342,25.6307],[75.4352,25.6209],[75.4149,25.593],[75.4075,25.5837],[75.4009,25.5769],[75.3914,25.5721],[75.3868,25.572],[75.3872,25.5618],[75.3837,25.553],[75.3749,25.545],[75.3605,25.5343],[75.3656,25.5204],[75.3691,25.5101],[75.3736,25.5023],[75.366,25.496],[75.3674,25.4877],[75.3636,25.4795],[75.3628,25.4766],[75.3544,25.4692],[75.3454,25.4616],[75.3311,25.4552],[75.3258,25.4425],[75.3218,25.4365],[75.3154,25.4303],[75.3075,25.4196],[75.2931,25.4311],[75.2891,25.4327],[75.2733,25.4254],[75.2648,25.4178],[75.2656,25.4031],[75.2714,25.3961],[75.2782,25.3969],[75.2882,25.4005],[75.2868,25.3929],[75.2963,25.3857],[75.3028,25.3793],[75.3064,25.377],[75.3076,25.3762],[75.3169,25.37],[75.3207,25.3634],[75.3272,25.3599],[75.3304,25.3516],[75.3357,25.3431],[75.3408,25.3315],[75.3446,25.3228],[75.359,25.3188],[75.3706,25.3163],[75.3788,25.3083],[75.4022,25.2929],[75.4027,25.2926],[75.418,25.2826],[75.4226,25.2844],[75.433,25.2785],[75.4405,25.2753],[75.4485,25.2612],[75.4493,25.2527],[75.4503,25.2482],[75.4565,25.2421],[75.456,25.2348],[75.4512,25.2286],[75.4546,25.2194],[75.4567,25.205],[75.4567,25.1934],[75.4569,25.1906],[75.4534,25.186],[75.4546,25.1783],[75.4534,25.1699],[75.4492,25.1635],[75.4528,25.1556],[75.4504,25.1478],[75.4466,25.1404],[75.4382,25.135],[75.4296,25.1305],[75.4212,25.1289],[75.4178,25.12],[75.4143,25.1118],[75.4083,25.1041],[75.4138,25.101],[75.42,25.0962],[75.4254,25.0858],[75.4369,25.0781],[75.4416,25.0736],[75.4425,25.0632],[75.4498,25.0625],[75.448,25.0518],[75.4555,25.0497],[75.456,25.0375],[75.4528,25.0257],[75.4396,25.0237],[75.4256,25.0237],[75.4165,25.0221],[75.4108,25.0233],[75.3973,25.0246],[75.3933,25.0196],[75.3844,25.0181],[75.3779,25.0172],[75.3613,25.0144],[75.3531,25.021],[75.354,25.0213],[75.3561,25.0249],[75.3525,25.0295],[75.3567,25.0335],[75.3521,25.0379],[75.3481,25.039],[75.3386,25.0411],[75.3251,25.0405],[75.3129,25.0423],[75.3026,25.0403],[75.2949,25.0391],[75.2806,25.041],[75.2683,25.0394],[75.2579,25.0363],[75.2469,25.0362],[75.2398,25.0382],[75.2293,25.0348],[75.2205,25.0378],[75.2077,25.0387],[75.2058,25.0352],[75.2028,25.0308],[75.1973,25.0339],[75.1966,25.034],[75.1986,25.0394],[75.1974,25.0475],[75.1934,25.054],[75.1968,25.0596],[75.2037,25.0688],[75.2008,25.0746],[75.2044,25.0835],[75.205,25.0894],[75.1961,25.0914],[75.1846,25.0975],[75.1693,25.0993],[75.159,25.1034],[75.1496,25.1051],[75.1356,25.1046],[75.1286,25.1071],[75.1293,25.1118],[75.135,25.1184],[75.1254,25.1226],[75.1172,25.1241],[75.1006,25.1213],[75.0848,25.1239],[75.0806,25.1232],[75.0717,25.1165],[75.0599,25.1176],[75.0438,25.1224],[75.0349,25.1262],[75.0327,25.1321],[75.035,25.1367],[75.0324,25.1365],[75.0241,25.1361],[75.0199,25.1282],[75.0123,25.129],[75.0092,25.1271],[75.0081,25.1191],[74.9997,25.1138],[74.9915,25.1132],[74.9742,25.1048],[74.9677,25.1093],[74.9652,25.1193],[74.9625,25.1387],[74.9575,25.1418],[74.9496,25.1431],[74.9433,25.1426],[74.9431,25.148],[74.9403,25.1503],[74.9385,25.1517],[74.9346,25.1388],[74.9292,25.1269],[74.9265,25.1303],[74.9237,25.1398],[74.9198,25.143],[74.9164,25.1457],[74.9071,25.1421],[74.8912,25.1423],[74.893,25.1454],[74.8991,25.1513],[74.9033,25.1583],[74.9057,25.1705],[74.9083,25.1782],[74.9034,25.1819],[74.8891,25.1848],[74.8762,25.1808],[74.8687,25.1775],[74.8577,25.1661],[74.8477,25.153],[74.8366,25.146],[74.8285,25.1498],[74.8159,25.1492],[74.8037,25.1508],[74.7954,25.1539],[74.7971,25.1654],[74.7853,25.1752],[74.7876,25.1817],[74.7841,25.1981],[74.7768,25.2061],[74.7621,25.2103],[74.7548,25.2146],[74.7504,25.2172],[74.7477,25.2114],[74.7481,25.1945],[74.7495,25.1871],[74.7473,25.182],[74.7422,25.1771],[74.7338,25.1769],[74.7276,25.1699],[74.7183,25.1711],[74.7219,25.1825],[74.7279,25.1843],[74.7221,25.2061],[74.7139,25.2053],[74.7037,25.1992],[74.6949,25.1803],[74.6902,25.1775],[74.686,25.1811],[74.6811,25.1767],[74.664,25.1811],[74.6585,25.1826],[74.6531,25.1772],[74.6444,25.1668],[74.6331,25.1608],[74.6134,25.1429],[74.6094,25.1452],[74.5913,25.1493],[74.5801,25.1486],[74.577,25.1484],[74.5706,25.1449],[74.5646,25.1334],[74.558,25.1352],[74.536,25.1437],[74.5352,25.144],[74.5344,25.1463],[74.5376,25.1488],[74.5497,25.1546],[74.5493,25.1578],[74.5452,25.1635],[74.5447,25.1685],[74.5499,25.168],[74.5536,25.1766],[74.5361,25.1818],[74.5144,25.1815],[74.5116,25.187],[74.5098,25.1949],[74.5121,25.203],[74.4968,25.2065],[74.4792,25.1863],[74.4588,25.1672],[74.4558,25.1687],[74.4491,25.1686],[74.4478,25.1775],[74.4444,25.177],[74.4357,25.1778],[74.4322,25.1814],[74.4266,25.1898],[74.415,25.2025],[74.4058,25.1865],[74.3957,25.1878],[74.402,25.1998],[74.3977,25.2048],[74.3928,25.2006],[74.3888,25.1953],[74.3733,25.1963],[74.3742,25.1944],[74.374,25.1936],[74.3759,25.19],[74.3814,25.1859],[74.3859,25.1839],[74.3876,25.1815],[74.3876,25.1715],[74.3798,25.154],[74.3711,25.1587],[74.3638,25.1585],[74.3543,25.15],[74.3486,25.1392],[74.3458,25.1223],[74.3382,25.1222],[74.3269,25.1257],[74.3205,25.1199],[74.3118,25.114],[74.2965,25.0979],[74.284,25.1026],[74.2812,25.0909],[74.2783,25.0861],[74.2777,25.0783],[74.2729,25.0669],[74.265,25.0696],[74.2595,25.0651],[74.2521,25.0693],[74.2431,25.0692],[74.2336,25.0691],[74.2242,25.0645],[74.2194,25.0574],[74.2216,25.0494],[74.2166,25.0483],[74.2102,25.0518],[74.2,25.0557],[74.1945,25.0534],[74.1888,25.0601],[74.1893,25.0675],[74.188,25.0801],[74.1881,25.0881],[74.1847,25.0884],[74.1828,25.0885],[74.1839,25.0903],[74.1866,25.0945],[74.1907,25.0969],[74.1901,25.1004],[74.1839,25.1011],[74.1816,25.1127],[74.1648,25.1274],[74.1555,25.1213],[74.1484,25.1309],[74.1433,25.1287],[74.1342,25.1306],[74.1307,25.134],[74.12,25.1382],[74.1123,25.1384],[74.1097,25.1338],[74.0942,25.1414],[74.0965,25.1497],[74.0889,25.1506],[74.0799,25.149],[74.064,25.1399],[74.0587,25.1465],[74.057,25.1469],[74.0565,25.1476],[74.0621,25.1518],[74.0655,25.1571],[74.0754,25.1789],[74.0825,25.1766],[74.092,25.1842],[74.098,25.1829],[74.1018,25.185],[74.103,25.1906],[74.1034,25.1985],[74.105,25.2047],[74.1149,25.2221],[74.123,25.2418],[74.1239,25.2422],[74.1134,25.2482],[74.1073,25.242],[74.0985,25.2353],[74.0889,25.2381],[74.0773,25.2429],[74.0689,25.2449],[74.0581,25.2435],[74.0501,25.2363],[74.0462,25.2366],[74.047,25.2438],[74.0459,25.2485],[74.0428,25.2533],[74.0407,25.26],[74.0366,25.2641],[74.0315,25.264],[74.0269,25.2721],[74.0277,25.2832],[74.0338,25.2895],[74.0363,25.2975],[74.0332,25.3023],[74.0268,25.3049],[74.0242,25.3086],[74.0189,25.3105],[74.0228,25.3159],[74.0255,25.3143],[74.0292,25.3151],[74.0368,25.3122],[74.0406,25.3081],[74.043,25.3019],[74.0455,25.3027],[74.0532,25.302],[74.0532,25.302],[74.0549,25.3018],[74.0566,25.3018],[74.0664,25.302],[74.0765,25.301],[74.083,25.3098],[74.084,25.3167],[74.0826,25.3192],[74.0755,25.3249],[74.0714,25.3225],[74.0655,25.3214],[74.0637,25.3222],[74.0635,25.3222],[74.0593,25.3232],[74.0523,25.3238],[74.0488,25.325],[74.0452,25.3284],[74.0341,25.3314],[74.0297,25.3386],[74.0264,25.3422],[74.0238,25.3515],[74.0255,25.3627],[74.0241,25.3683],[74.0188,25.3732],[74.013,25.3749],[74.0125,25.3817],[74.0135,25.3874],[74.0179,25.3904],[74.0228,25.3918],[74.0277,25.3869],[74.0321,25.385],[74.0354,25.3897],[74.0418,25.3962],[74.0494,25.3937],[74.0532,25.3971],[74.0552,25.4034],[74.0622,25.401],[74.0676,25.4053],[74.0726,25.4023],[74.076,25.4077],[74.0768,25.412],[74.0706,25.413],[74.0597,25.4166],[74.058,25.4204],[74.0618,25.426],[74.0662,25.4297],[74.0585,25.4394],[74.0552,25.4371],[74.0511,25.4382],[74.0438,25.4379],[74.036,25.4361],[74.0276,25.4329],[74.0222,25.4325],[74.0162,25.435],[74.0161,25.4379],[74.0224,25.4496],[74.0233,25.453],[74.027,25.453],[74.0312,25.4555],[74.0288,25.4588],[74.0294,25.4639],[74.0376,25.4618],[74.0413,25.4589],[74.05,25.4592],[74.0528,25.4634],[74.0486,25.4667],[74.0444,25.4685],[74.0391,25.4697],[74.0345,25.4735],[74.0364,25.4799],[74.0371,25.4875],[74.04,25.4941],[74.0448,25.4989],[74.0542,25.4946],[74.0597,25.4934],[74.0647,25.4891],[74.077,25.494],[74.091,25.4902],[74.093,25.494],[74.0861,25.4972],[74.0854,25.5011],[74.0899,25.5047],[74.0944,25.5044],[74.0984,25.5074],[74.1028,25.5139],[74.0984,25.515],[74.0907,25.5214],[74.0858,25.5233],[74.0795,25.5323],[74.077,25.538],[74.0832,25.5512],[74.0843,25.5569],[74.0684,25.5627],[74.0643,25.5604],[74.0582,25.565],[74.0567,25.5694],[74.06,25.5767],[74.0665,25.5801],[74.084,25.583],[74.0908,25.5939],[74.1006,25.5908],[74.1051,25.5917],[74.1107,25.6035],[74.1132,25.6031],[74.1195,25.6058],[74.1166,25.6104],[74.1158,25.6144],[74.1161,25.6183],[74.1146,25.6233],[74.1152,25.6292],[74.1173,25.6362],[74.1236,25.6428],[74.1268,25.648],[74.1201,25.6547],[74.1071,25.6576],[74.0999,25.6647],[74.094,25.6733],[74.0782,25.677],[74.0765,25.6774],[74.0827,25.6907],[74.0838,25.6976],[74.0871,25.7041],[74.0983,25.716],[74.1043,25.7193],[74.1085,25.7214],[74.113,25.7192],[74.1294,25.724],[74.1394,25.7257],[74.1517,25.7315],[74.1546,25.7328],[74.1614,25.7297],[74.1712,25.7322],[74.172,25.733],[74.1793,25.7372],[74.1959,25.7393],[74.1953,25.7457],[74.1912,25.7586],[74.1882,25.7624],[74.1906,25.7661],[74.1948,25.7668],[74.202,25.7694],[74.2069,25.7741],[74.205,25.7824],[74.2014,25.7885],[74.199,25.7987],[74.2097,25.8023],[74.2156,25.8058],[74.1998,25.8148],[74.1932,25.8206],[74.1792,25.8146],[74.1702,25.8138],[74.1749,25.8274],[74.1817,25.8324],[74.1829,25.838],[74.1836,25.8483],[74.1968,25.8537],[74.198,25.8542],[74.2055,25.8533],[74.2161,25.8493],[74.2247,25.8435],[74.2342,25.8485],[74.244,25.8575],[74.2575,25.8671],[74.2583,25.8675],[74.266,25.8713],[74.2676,25.8714],[74.2724,25.8718],[74.2837,25.8806],[74.2896,25.8866],[74.303,25.8934],[74.3071,25.8932],[74.3145,25.8863],[74.3335,25.8964],[74.3413,25.8994],[74.3455,25.9026],[74.3462,25.9092],[74.3452,25.917],[74.3386,25.9159],[74.3317,25.9235],[74.3281,25.9299],[74.329,25.9354],[74.3348,25.9403],[74.3453,25.9403],[74.3507,25.9472],[74.3568,25.9503],[74.372,25.9516],[74.3815,25.9564],[74.3889,25.9623],[74.4016,25.9508],[74.4065,25.9455],[74.4128,25.9369],[74.4178,25.9369],[74.4217,25.9337],[74.4222,25.9308],[74.4249,25.9287],[74.4354,25.9243],[74.4442,25.928],[74.4533,25.932],[74.4598,25.9307],[74.4766,25.9251],[74.4847,25.9281],[74.4895,25.9234],[74.5003,25.9173],[74.5196,25.9122],[74.5225,25.9102],[74.5239,25.9042],[74.5256,25.9016],[74.5294,25.9014],[74.5294,25.896],[74.531,25.8932],[74.5314,25.8866],[74.5298,25.8805],[74.524,25.8669],[74.5282,25.8651],[74.5319,25.8655],[74.5372,25.8721],[74.5457,25.8763],[74.5565,25.8789],[74.5624,25.8784],[74.5667,25.8754],[74.572,25.8862],[74.5679,25.8899],[74.5656,25.896],[74.5598,25.9],[74.5544,25.9026],[74.5591,25.9137],[74.5718,25.9135],[74.58,25.9113],[74.5875,25.908],[74.591,25.9079],[74.5928,25.9154],[74.6115,25.9127],[74.6133,25.9037],[74.6184,25.9037],[74.634,25.909],[74.6547,25.9145],[74.68,25.9178],[74.6898,25.9176],[74.6958,25.9167],[74.7004,25.9171],[74.705,25.9193],[74.7135,25.9189],[74.7242,25.9166],[74.7339,25.908],[74.7389,25.9064],[74.7461,25.9025],[74.7578,25.8949],[74.7585,25.8939],[74.7673,25.8896],[74.7709,25.8823],[74.7841,25.8775],[74.7897,25.8741],[74.8019,25.8703],[74.8167,25.8685],[74.8255,25.8723],[74.8424,25.8742],[74.8515,25.876],[74.8588,25.876],[74.8737,25.8738],[74.8837,25.8722],[74.8905,25.8702],[74.9046,25.8808],[74.9202,25.8778],[74.9357,25.8735],[74.9416,25.8652],[74.9453,25.8618],[74.9866,25.8604],[74.9859,25.8541],[74.9889,25.8522],[74.9892,25.846],[74.9974,25.8397],[75.0003,25.8455],[75.0167,25.856],[75.018,25.855],[75.0265,25.8474],[75.0342,25.8455],[75.0402,25.8419],[75.0391,25.8368],[75.0387,25.8353],[75.0377,25.8311],[75.0377,25.8286],[75.0315,25.8277],[75.0306,25.8231],[75.022,25.8163],[75.0135,25.8108],[75.0102,25.8073],[75.0182,25.8001],[75.0244,25.7926],[75.03,25.7862],[75.0379,25.7827],[75.0452,25.78],[75.0539,25.7758],[75.0662,25.7754],[75.0747,25.7763],[75.0801,25.7694],[75.0719,25.7619],[75.0677,25.7574],[75.0683,25.7553],[75.0714,25.7499],[75.0694,25.7448],[75.0724,25.7328],[75.0855,25.7222],[75.092,25.7184],[75.0878,25.7113],[75.0882,25.7043],[75.0867,25.6995],[75.0993,25.6974],[75.1046,25.6953],[75.1089,25.6934],[75.1164,25.7021],[75.1204,25.7039],[75.1313,25.7021],[75.1376,25.7006],[75.1428,25.7083],[75.1489,25.7197],[75.1607,25.7195],[75.1724,25.7126],[75.1837,25.7062],[75.1932,25.7043],[75.2031,25.6957],[75.2161,25.6873],[75.2397,25.6789],[75.2547,25.6808],[75.2575,25.6896],[75.2611,25.6977],[75.265,25.7008],[75.2763,25.697],[75.2784,25.7035],[75.2761,25.7148],[75.2859,25.7265],[75.3023,25.7409],[75.3139,25.7543],[75.3179,25.7623],[75.3191,25.7638]],[[74.1864,25.5686],[74.1831,25.5723],[74.1823,25.5759],[74.1831,25.58],[74.1818,25.5837],[74.1763,25.5852],[74.1682,25.5867],[74.1656,25.5831],[74.1684,25.5723],[74.1716,25.567],[74.1808,25.566],[74.1864,25.5686]],[[74.146,25.6688],[74.1555,25.6707],[74.1582,25.6752],[74.1572,25.68],[74.1508,25.6825],[74.1381,25.6802],[74.1311,25.6755],[74.1315,25.6689],[74.138,25.6682],[74.146,25.6688]]]},"properties":{"district_name":"Bhilwara","raw_district_name":"Bhilwara","state_code":"RJ","state_name":"Rajasthan","census_code":122,"data_source":"DataMeet India Maps (Census 2011 Boundaries)"}},{"type":"Feature","geometry":{"type":"Polygon","coordinates":[[[73.7849,29.0411],[73.7864,29.0398],[73.7931,29.0416],[73.7999,29.0409],[73.8016,29.0348],[73.8028,29.0229],[73.7977,29.0187],[73.7985,29.0071],[73.8036,29.0028],[73.8046,29.0016],[73.8101,28.9923],[73.8193,28.991],[73.8244,28.9868],[73.8271,28.9826],[73.829,28.9723],[73.8308,28.9669],[73.8423,28.9695],[73.8524,28.9518],[73.8457,28.9461],[73.8468,28.938],[73.8625,28.9379],[73.8704,28.9425],[73.877,28.9409],[73.9102,28.9568],[73.9111,28.9611],[73.9424,28.9692],[73.957,28.9719],[73.9689,28.9763],[73.9677,28.9644],[73.9628,28.9562],[73.9629,28.95],[73.9595,28.9459],[73.9605,28.9403],[73.9639,28.9345],[73.9649,28.9277],[73.9703,28.9125],[73.9751,28.9037],[74,28.916],[74.0034,28.9177],[74.0082,28.9205],[74.0133,28.9249],[74.0155,28.9287],[74.0263,28.9333],[74.0241,28.9466],[74.0205,28.9602],[74.0232,28.9644],[74.0216,28.9752],[74.0223,28.9865],[74.03,29.0002],[74.0284,29.0035],[74.029,29.0072],[74.0291,29.0073],[74.0347,29.011],[74.04,29.0126],[74.0425,29.0123],[74.0411,29.0043],[74.041,29.0003],[74.042,28.9987],[74.0471,28.9994],[74.0515,28.9978],[74.062,28.9838],[74.0674,28.9733],[74.0712,28.9693],[74.0729,28.964],[74.0666,28.9435],[74.0669,28.9382],[74.0694,28.9364],[74.0739,28.9368],[74.0797,28.9326],[74.0858,28.9325],[74.1121,28.9402],[74.1139,28.9375],[74.1106,28.9243],[74.1148,28.9112],[74.1131,28.905],[74.1129,28.8994],[74.1173,28.8972],[74.1216,28.8965],[74.1258,28.8865],[74.1291,28.8812],[74.1302,28.8753],[74.1245,28.8621],[74.1226,28.8512],[74.1203,28.8471],[74.1233,28.8421],[74.1261,28.839],[74.1137,28.8331],[74.1036,28.8346],[74.0931,28.8255],[74.0792,28.8075],[74.0757,28.8055],[74.0745,28.8039],[74.068,28.7918],[74.0654,28.7886],[74.0612,28.7854],[74.0583,28.7811],[74.0593,28.7774],[74.0641,28.7775],[74.0802,28.7851],[74.0877,28.7873],[74.0921,28.7858],[74.0966,28.783],[74.1042,28.7876],[74.1185,28.7937],[74.1271,28.7953],[74.1359,28.7956],[74.1427,28.7884],[74.1471,28.7856],[74.1561,28.7833],[74.1596,28.7815],[74.1609,28.7772],[74.1596,28.7742],[74.1594,28.7688],[74.1608,28.7657],[74.1625,28.764],[74.159,28.7618],[74.1465,28.7566],[74.141,28.7508],[74.1383,28.7448],[74.1379,28.7413],[74.1414,28.7378],[74.169,28.7375],[74.1759,28.7341],[74.183,28.7256],[74.1856,28.7241],[74.1896,28.7252],[74.1926,28.7203],[74.194,28.716],[74.1944,28.7115],[74.1759,28.7075],[74.162,28.7017],[74.1406,28.6951],[74.1324,28.6903],[74.1101,28.6838],[74.0997,28.6795],[74.0822,28.6692],[74.0825,28.6636],[74.0844,28.6566],[74.0828,28.6503],[74.0898,28.6406],[74.092,28.6254],[74.0937,28.6194],[74.1078,28.5975],[74.1085,28.5952],[74.1084,28.5892],[74.106,28.5838],[74.1005,28.576],[74.0873,28.5621],[74.0755,28.5428],[74.0606,28.5291],[74.059,28.5238],[74.0599,28.5178],[74.0651,28.5055],[74.0662,28.4975],[74.0616,28.4756],[74.063,28.4588],[74.0603,28.4517],[74.0602,28.4455],[74.064,28.4387],[74.0713,28.4291],[74.0788,28.4253],[74.0744,28.4197],[74.0676,28.4159],[74.0608,28.4148],[74.0537,28.415],[74.0471,28.4137],[74.0426,28.4104],[74.0375,28.4058],[74.0315,28.3988],[74.0301,28.3932],[74.0296,28.3847],[74.0298,28.3762],[74.0343,28.3709],[74.0378,28.3684],[74.0374,28.3617],[74.0395,28.3559],[74.0432,28.3498],[74.0464,28.3456],[74.0544,28.3411],[74.0612,28.3361],[74.0649,28.3345],[74.0677,28.3347],[74.068,28.3334],[74.0707,28.3342],[74.0743,28.336],[74.0752,28.3356],[74.0791,28.3365],[74.0813,28.3363],[74.0867,28.3373],[74.094,28.3401],[74.0998,28.3439],[74.1011,28.3444],[74.1024,28.3448],[74.1048,28.3451],[74.1077,28.3447],[74.1116,28.3459],[74.1122,28.3457],[74.113,28.3458],[74.1152,28.3453],[74.116,28.3448],[74.1167,28.3447],[74.1191,28.3449],[74.1209,28.3448],[74.1228,28.3451],[74.1238,28.3453],[74.1279,28.3454],[74.1301,28.3455],[74.1317,28.3456],[74.1343,28.3452],[74.135,28.3446],[74.1364,28.3435],[74.1368,28.3435],[74.138,28.3435],[74.1387,28.3436],[74.1409,28.3433],[74.141,28.3432],[74.1433,28.3435],[74.1438,28.3415],[74.1446,28.3399],[74.1487,28.3379],[74.1504,28.3345],[74.1519,28.3306],[74.1528,28.3285],[74.1531,28.3258],[74.1524,28.3243],[74.1522,28.3238],[74.1519,28.3226],[74.152,28.3197],[74.1524,28.3198],[74.1553,28.3204],[74.1563,28.3206],[74.1591,28.3211],[74.1613,28.3215],[74.1616,28.3215],[74.164,28.3219],[74.1663,28.3227],[74.1674,28.3232],[74.1715,28.3239],[74.1726,28.3238],[74.1733,28.3238],[74.1741,28.3239],[74.1749,28.3241],[74.1765,28.3244],[74.1785,28.3249],[74.1805,28.3255],[74.183,28.326],[74.1841,28.3262],[74.1853,28.3264],[74.1868,28.327],[74.1908,28.3276],[74.198,28.3255],[74.1986,28.3228],[74.1987,28.3222],[74.2007,28.3174],[74.2021,28.3153],[74.2038,28.3128],[74.2047,28.3116],[74.2055,28.3106],[74.206,28.3097],[74.2065,28.3083],[74.2067,28.3075],[74.2069,28.302],[74.2069,28.3019],[74.2046,28.2989],[74.2041,28.2983],[74.2035,28.2975],[74.2032,28.297],[74.2026,28.2965],[74.2014,28.2958],[74.1995,28.2941],[74.2002,28.2865],[74.1997,28.2866],[74.1984,28.2864],[74.2009,28.2842],[74.2011,28.2828],[74.2014,28.2813],[74.2016,28.2806],[74.2024,28.2802],[74.2035,28.2802],[74.2101,28.2803],[74.2128,28.2774],[74.2139,28.2771],[74.2144,28.2759],[74.2167,28.2719],[74.2191,28.2707],[74.2201,28.2699],[74.2203,28.2697],[74.2207,28.2691],[74.2207,28.2665],[74.2241,28.2658],[74.2256,28.2645],[74.2264,28.2633],[74.2274,28.2615],[74.2285,28.2592],[74.2291,28.2578],[74.2303,28.2579],[74.231,28.258],[74.2339,28.2566],[74.2349,28.2529],[74.2347,28.2521],[74.2347,28.2514],[74.2355,28.2505],[74.2358,28.2504],[74.2374,28.2503],[74.2416,28.2494],[74.2435,28.2482],[74.2438,28.2481],[74.2442,28.2482],[74.2488,28.2474],[74.2496,28.247],[74.25,28.2469],[74.2515,28.2479],[74.2553,28.2505],[74.2563,28.2508],[74.2578,28.2513],[74.2588,28.2519],[74.2613,28.2517],[74.2619,28.2516],[74.2655,28.2525],[74.2663,28.2527],[74.2669,28.2529],[74.2685,28.2533],[74.2694,28.2535],[74.2703,28.2539],[74.2732,28.255],[74.2741,28.2556],[74.275,28.2562],[74.2762,28.257],[74.2774,28.2581],[74.2776,28.2583],[74.2808,28.2588],[74.2821,28.2587],[74.2853,28.2576],[74.2871,28.2568],[74.2881,28.2563],[74.2897,28.2555],[74.2927,28.2555],[74.2937,28.2552],[74.2989,28.2544],[74.3023,28.2543],[74.303,28.2543],[74.3036,28.2543],[74.305,28.2541],[74.3097,28.2534],[74.3119,28.2531],[74.3188,28.2536],[74.3217,28.2543],[74.3223,28.2545],[74.323,28.2547],[74.324,28.2548],[74.3244,28.2547],[74.3249,28.2546],[74.3263,28.2525],[74.3272,28.2513],[74.3294,28.2471],[74.3302,28.246],[74.3303,28.2458],[74.3358,28.242],[74.3365,28.2407],[74.3375,28.2397],[74.3392,28.238],[74.3408,28.2365],[74.3423,28.236],[74.3429,28.2346],[74.3435,28.2333],[74.3449,28.2311],[74.3456,28.2306],[74.3466,28.2297],[74.3477,28.2289],[74.3492,28.2278],[74.3498,28.2266],[74.3502,28.2245],[74.3504,28.2233],[74.351,28.2215],[74.3513,28.2204],[74.3518,28.2184],[74.3519,28.218],[74.3523,28.2168],[74.3529,28.2162],[74.3536,28.2162],[74.359,28.2095],[74.359,28.2089],[74.3591,28.2069],[74.3572,28.2022],[74.3562,28.201],[74.3559,28.2005],[74.3554,28.2001],[74.3548,28.1981],[74.3552,28.1973],[74.3554,28.1956],[74.3557,28.1944],[74.3558,28.1936],[74.3558,28.1927],[74.3554,28.192],[74.3545,28.1913],[74.3537,28.1906],[74.3529,28.1894],[74.3528,28.1893],[74.3526,28.189],[74.3497,28.1824],[74.35,28.1815],[74.3502,28.1807],[74.3503,28.1799],[74.3503,28.1786],[74.3507,28.1765],[74.3506,28.1768],[74.3508,28.1761],[74.3506,28.1754],[74.35,28.1752],[74.3484,28.1738],[74.3482,28.1735],[74.3469,28.1733],[74.3453,28.173],[74.3441,28.1702],[74.3441,28.1698],[74.3425,28.1688],[74.3422,28.1685],[74.3412,28.1665],[74.3406,28.1667],[74.3407,28.1638],[74.3385,28.1629],[74.3364,28.1622],[74.3346,28.1615],[74.3333,28.1608],[74.3274,28.1584],[74.3264,28.1579],[74.319,28.1547],[74.3165,28.1537],[74.3146,28.153],[74.3139,28.1527],[74.3127,28.1522],[74.3118,28.1519],[74.3115,28.1518],[74.306,28.1491],[74.3048,28.1485],[74.3027,28.1475],[74.3017,28.1471],[74.3004,28.1465],[74.2988,28.1458],[74.2983,28.1455],[74.2982,28.1455],[74.2979,28.145],[74.2979,28.1444],[74.2953,28.1346],[74.295,28.1342],[74.295,28.1334],[74.2952,28.1326],[74.2959,28.1299],[74.2964,28.1288],[74.2966,28.1284],[74.2973,28.1258],[74.2977,28.1248],[74.2968,28.1175],[74.2935,28.1144],[74.2927,28.1138],[74.2916,28.113],[74.2911,28.112],[74.2912,28.1116],[74.2908,28.1089],[74.2909,28.1084],[74.2903,28.1037],[74.2901,28.1033],[74.2883,28.1011],[74.2872,28.1004],[74.2867,28.0999],[74.2865,28.0992],[74.2835,28.0946],[74.2821,28.094],[74.282,28.094],[74.2809,28.0932],[74.28,28.0926],[74.2793,28.0918],[74.2794,28.0914],[74.2807,28.0886],[74.2808,28.0877],[74.2812,28.087],[74.282,28.0863],[74.2837,28.0844],[74.2847,28.0835],[74.2855,28.0826],[74.2857,28.0824],[74.2868,28.0818],[74.2881,28.0799],[74.2897,28.0774],[74.2901,28.076],[74.2903,28.0745],[74.2905,28.0737],[74.2908,28.0722],[74.291,28.0716],[74.2909,28.0712],[74.2921,28.0671],[74.2923,28.0669],[74.2937,28.0656],[74.2943,28.065],[74.2945,28.0645],[74.2946,28.0628],[74.2944,28.0616],[74.2946,28.0604],[74.2947,28.0601],[74.295,28.0577],[74.2953,28.0568],[74.2955,28.0563],[74.2957,28.0559],[74.2967,28.0534],[74.2967,28.0532],[74.2971,28.0525],[74.2975,28.0519],[74.2935,28.0451],[74.2915,28.0449],[74.2904,28.0448],[74.2903,28.0421],[74.2896,28.0415],[74.2885,28.0396],[74.2874,28.0376],[74.2867,28.0368],[74.2859,28.0348],[74.285,28.0331],[74.2848,28.0328],[74.2799,28.0268],[74.2781,28.0257],[74.2772,28.0253],[74.2758,28.0246],[74.2739,28.0231],[74.2735,28.0227],[74.2732,28.0224],[74.2721,28.0219],[74.2696,28.0203],[74.2688,28.0197],[74.2681,28.0192],[74.2653,28.0168],[74.2651,28.0167],[74.2647,28.0166],[74.2628,28.0161],[74.2623,28.016],[74.261,28.0158],[74.2607,28.0158],[74.2593,28.0157],[74.256,28.0134],[74.2549,28.0117],[74.2548,28.0114],[74.2533,28.0099],[74.2527,28.0093],[74.2518,28.0088],[74.2496,28.0053],[74.2488,28.0048],[74.2481,28.0043],[74.245,28.0019],[74.2421,27.9992],[74.2414,27.9961],[74.2415,27.9936],[74.2426,27.9917],[74.2427,27.9912],[74.2428,27.9899],[74.2433,27.9881],[74.2435,27.9871],[74.2424,27.9824],[74.2424,27.982],[74.2426,27.9813],[74.243,27.9801],[74.2433,27.9791],[74.2435,27.9786],[74.2449,27.9761],[74.2452,27.9754],[74.2427,27.9682],[74.2406,27.9672],[74.2392,27.9666],[74.2381,27.9662],[74.2369,27.9657],[74.2354,27.9631],[74.237,27.9613],[74.2391,27.9583],[74.2396,27.9564],[74.2397,27.9562],[74.2399,27.9556],[74.2403,27.9553],[74.2409,27.9553],[74.2458,27.95],[74.2458,27.9497],[74.2467,27.9469],[74.2484,27.9462],[74.2503,27.9458],[74.2505,27.9455],[74.2515,27.9443],[74.2511,27.9443],[74.2498,27.944],[74.248,27.9368],[74.248,27.9368],[74.2487,27.9354],[74.2494,27.9346],[74.2501,27.9345],[74.2521,27.9314],[74.2519,27.931],[74.2516,27.9304],[74.2511,27.9299],[74.2506,27.9294],[74.2496,27.9272],[74.2474,27.9253],[74.2455,27.9234],[74.2445,27.9224],[74.2434,27.9205],[74.2422,27.9192],[74.241,27.9174],[74.2406,27.9168],[74.2405,27.9166],[74.239,27.9134],[74.2389,27.913],[74.2387,27.9126],[74.2381,27.9115],[74.2365,27.9083],[74.2365,27.908],[74.2365,27.9055],[74.2364,27.9052],[74.2347,27.9054],[74.2299,27.9036],[74.2253,27.8991],[74.224,27.8943],[74.2242,27.8936],[74.2243,27.8929],[74.2248,27.8914],[74.2248,27.8908],[74.2245,27.8906],[74.2239,27.8903],[74.2225,27.8859],[74.2225,27.8856],[74.2225,27.885],[74.222,27.8846],[74.2208,27.8818],[74.2208,27.8788],[74.2216,27.877],[74.2215,27.8767],[74.2209,27.8749],[74.2221,27.8731],[74.2228,27.8722],[74.2232,27.8716],[74.2248,27.87],[74.2258,27.867],[74.2258,27.8661],[74.2261,27.8657],[74.2277,27.8625],[74.2278,27.8613],[74.2285,27.857],[74.2288,27.8554],[74.2289,27.8546],[74.2295,27.8524],[74.2296,27.8497],[74.2295,27.849],[74.2295,27.8479],[74.2297,27.8473],[74.2299,27.8446],[74.2299,27.8443],[74.23,27.8441],[74.2317,27.8409],[74.2318,27.8404],[74.2311,27.8338],[74.2309,27.8335],[74.2309,27.8332],[74.2309,27.8329],[74.231,27.8321],[74.2311,27.8314],[74.2301,27.8286],[74.2299,27.8283],[74.2298,27.8278],[74.2298,27.8272],[74.2303,27.8253],[74.2287,27.8222],[74.2288,27.8206],[74.2285,27.82],[74.2282,27.8199],[74.2278,27.8175],[74.2276,27.8169],[74.225,27.8161],[74.2246,27.8161],[74.2209,27.8131],[74.2209,27.8127],[74.2208,27.8125],[74.22,27.8127],[74.2163,27.8133],[74.2102,27.8105],[74.2098,27.8098],[74.2077,27.8095],[74.2062,27.8093],[74.206,27.8095],[74.2039,27.8102],[74.2001,27.8092],[74.1983,27.8084],[74.1969,27.8078],[74.1951,27.8073],[74.1947,27.8072],[74.1926,27.8047],[74.1924,27.8047],[74.1917,27.8042],[74.1886,27.8027],[74.188,27.8025],[74.1869,27.8022],[74.1863,27.8019],[74.1861,27.8016],[74.1799,27.7967],[74.1779,27.7963],[74.1773,27.7961],[74.1731,27.7947],[74.1726,27.7947],[74.1717,27.7946],[74.1698,27.7945],[74.1678,27.7948],[74.1658,27.7953],[74.165,27.7956],[74.1647,27.7956],[74.1641,27.7956],[74.1624,27.7956],[74.1613,27.7957],[74.1573,27.7966],[74.1566,27.7996],[74.1541,27.7989],[74.1537,27.7989],[74.153,27.7991],[74.15,27.8002],[74.1479,27.8008],[74.1476,27.8007],[74.1474,27.8008],[74.1471,27.801],[74.1465,27.8013],[74.146,27.8012],[74.1451,27.8011],[74.1444,27.8012],[74.1428,27.8014],[74.1423,27.8015],[74.1417,27.8013],[74.1405,27.8008],[74.14,27.8005],[74.1397,27.8003],[74.1382,27.7995],[74.138,27.7994],[74.1337,27.7976],[74.1333,27.7977],[74.1328,27.7975],[74.1318,27.7971],[74.13,27.7965],[74.1289,27.7964],[74.1251,27.7964],[74.1238,27.7964],[74.122,27.7969],[74.1207,27.7975],[74.1203,27.7973],[74.12,27.7963],[74.1191,27.7956],[74.117,27.7948],[74.117,27.7946],[74.1154,27.7928],[74.1147,27.7925],[74.1144,27.7924],[74.1124,27.791],[74.1117,27.7906],[74.1111,27.7893],[74.1107,27.7882],[74.1102,27.788],[74.1082,27.7873],[74.1075,27.7866],[74.107,27.7863],[74.104,27.7845],[74.1022,27.7841],[74.0999,27.7826],[74.0994,27.7825],[74.0986,27.7819],[74.0976,27.7808],[74.0969,27.7799],[74.0962,27.7784],[74.0951,27.7764],[74.0924,27.7741],[74.0914,27.7737],[74.0905,27.7734],[74.0883,27.7727],[74.0883,27.7724],[74.0876,27.7713],[74.0879,27.7683],[74.0855,27.7639],[74.0849,27.763],[74.0845,27.7622],[74.0827,27.7591],[74.0809,27.756],[74.0789,27.753],[74.0775,27.75],[74.0765,27.7486],[74.0761,27.7479],[74.0744,27.7452],[74.0739,27.7444],[74.0734,27.7438],[74.0717,27.7428],[74.0682,27.7409],[74.0675,27.7403],[74.0674,27.7401],[74.0674,27.7375],[74.0674,27.7341],[74.0645,27.7296],[74.061,27.7282],[74.0606,27.728],[74.0566,27.7266],[74.0536,27.7251],[74.0516,27.7241],[74.0485,27.7225],[74.0478,27.7222],[74.0393,27.7231],[74.0391,27.7235],[74.0389,27.7239],[74.0376,27.7265],[74.0375,27.7273],[74.0351,27.7299],[74.0333,27.7295],[74.0326,27.7292],[74.0316,27.7287],[74.0295,27.7275],[74.0275,27.7255],[74.0251,27.724],[74.0203,27.7214],[74.0199,27.7217],[74.0198,27.7218],[74.0181,27.7228],[74.0174,27.7232],[74.0125,27.7262],[74.0061,27.7297],[74.005,27.7304],[74.0002,27.7332],[73.9982,27.7339],[74.0019,27.7367],[74.0028,27.7377],[74.0055,27.7403],[74.0062,27.7413],[74.0078,27.7437],[74.0118,27.7472],[74.0146,27.75],[74.0151,27.7507],[74.0156,27.7512],[74.0174,27.7537],[74.0175,27.754],[74.0184,27.7551],[74.0188,27.7555],[74.0199,27.7568],[74.0209,27.7578],[74.0231,27.7606],[74.0242,27.7621],[74.0288,27.7679],[74.0286,27.7683],[74.0285,27.7685],[74.0304,27.7706],[74.0299,27.771],[74.0283,27.7723],[74.0271,27.774],[74.0264,27.7745],[74.0249,27.7759],[74.0247,27.7761],[74.0233,27.7768],[74.0222,27.7775],[74.02,27.7795],[74.0188,27.7801],[74.0168,27.7818],[74.0166,27.7819],[74.0156,27.7826],[74.0036,27.7889],[74.0028,27.7898],[74.0014,27.7928],[74.0012,27.7932],[74,27.7955],[73.9995,27.7964],[73.9988,27.7977],[73.9987,27.7983],[73.9975,27.8011],[73.9969,27.8021],[73.9959,27.8044],[73.9909,27.8066],[73.9906,27.8066],[73.9898,27.8066],[73.9883,27.8062],[73.9875,27.8055],[73.9844,27.8036],[73.9833,27.803],[73.9821,27.8025],[73.9818,27.8023],[73.9804,27.8021],[73.979,27.8019],[73.9785,27.8019],[73.9771,27.8019],[73.9768,27.8019],[73.9759,27.802],[73.9746,27.8024],[73.9735,27.8025],[73.9727,27.8024],[73.9719,27.8024],[73.9712,27.8023],[73.97,27.8022],[73.9688,27.802],[73.967,27.8021],[73.9642,27.8023],[73.9633,27.8022],[73.9627,27.8021],[73.9621,27.802],[73.9594,27.8011],[73.9588,27.8001],[73.9582,27.7989],[73.9572,27.7983],[73.9566,27.7978],[73.9558,27.796],[73.9544,27.7947],[73.9532,27.7939],[73.9504,27.7928],[73.9482,27.7917],[73.9479,27.7915],[73.9469,27.791],[73.9458,27.7905],[73.9457,27.7905],[73.9441,27.7899],[73.9427,27.7896],[73.941,27.789],[73.9384,27.7872],[73.9376,27.7867],[73.9362,27.7863],[73.936,27.7863],[73.9329,27.7848],[73.932,27.7844],[73.9298,27.784],[73.9272,27.7833],[73.9266,27.783],[73.9244,27.7824],[73.9242,27.7823],[73.924,27.7823],[73.9237,27.7823],[73.9233,27.7824],[73.9226,27.7828],[73.9201,27.7838],[73.9175,27.7835],[73.9167,27.7833],[73.9163,27.7835],[73.9155,27.7842],[73.9131,27.7857],[73.9116,27.786],[73.911,27.7861],[73.9103,27.7864],[73.9087,27.7875],[73.9024,27.7895],[73.9,27.7892],[73.8981,27.7887],[73.8969,27.7886],[73.8938,27.7879],[73.8928,27.7871],[73.8925,27.7871],[73.8922,27.7873],[73.8848,27.7886],[73.8838,27.7878],[73.8831,27.7876],[73.8815,27.7871],[73.8799,27.786],[73.8765,27.7827],[73.8747,27.782],[73.8734,27.7815],[73.8717,27.7809],[73.8702,27.7801],[73.8693,27.7796],[73.8687,27.7785],[73.8689,27.7776],[73.8693,27.7768],[73.8697,27.7756],[73.8687,27.7755],[73.8686,27.7733],[73.8685,27.7715],[73.8686,27.7701],[73.8676,27.766],[73.8679,27.7593],[73.8688,27.7572],[73.8686,27.7563],[73.8691,27.7554],[73.8691,27.7539],[73.8693,27.753],[73.8701,27.7515],[73.8695,27.7497],[73.8693,27.748],[73.8694,27.7449],[73.868,27.7437],[73.8682,27.7425],[73.8681,27.7409],[73.8675,27.7403],[73.8649,27.7384],[73.8657,27.7356],[73.8648,27.7338],[73.8651,27.7327],[73.8658,27.7314],[73.8668,27.7304],[73.8668,27.7295],[73.867,27.7285],[73.868,27.7278],[73.8689,27.7276],[73.8695,27.7268],[73.8701,27.7255],[73.8704,27.7245],[73.8698,27.7229],[73.8697,27.7213],[73.8705,27.7195],[73.8713,27.7185],[73.8726,27.7175],[73.8754,27.716],[73.8755,27.7149],[73.8748,27.7137],[73.8748,27.7127],[73.8757,27.7121],[73.8766,27.7107],[73.8773,27.7089],[73.8777,27.7071],[73.8776,27.7061],[73.8778,27.7053],[73.8782,27.7038],[73.8778,27.7028],[73.8778,27.7003],[73.8781,27.6987],[73.8779,27.6976],[73.8775,27.6964],[73.8771,27.6951],[73.8768,27.6942],[73.8748,27.6923],[73.8729,27.6921],[73.871,27.6909],[73.8707,27.6907],[73.8695,27.6899],[73.8682,27.6885],[73.8672,27.687],[73.8672,27.685],[73.8677,27.6831],[73.8686,27.6811],[73.8693,27.6791],[73.87,27.6769],[73.8703,27.6753],[73.8712,27.6735],[73.8722,27.6714],[73.8726,27.6687],[73.8728,27.666],[73.8716,27.663],[73.8703,27.663],[73.8675,27.6625],[73.8665,27.6622],[73.8646,27.6617],[73.8626,27.6614],[73.8612,27.6609],[73.8595,27.6605],[73.8589,27.6596],[73.8601,27.6581],[73.8617,27.6552],[73.8641,27.6524],[73.8657,27.6506],[73.8684,27.649],[73.8695,27.6496],[73.8703,27.6491],[73.8719,27.6476],[73.873,27.6474],[73.874,27.6475],[73.875,27.646],[73.8756,27.6447],[73.8759,27.6434],[73.8765,27.6425],[73.8768,27.6383],[73.8775,27.6377],[73.8781,27.6365],[73.8789,27.6347],[73.8795,27.6325],[73.8807,27.6303],[73.8807,27.6277],[73.8827,27.625],[73.8835,27.6239],[73.8858,27.6218],[73.8862,27.6165],[73.8864,27.6156],[73.8872,27.6151],[73.8875,27.614],[73.8875,27.6132],[73.888,27.6111],[73.8887,27.6078],[73.89,27.6069],[73.8915,27.606],[73.8929,27.6055],[73.8938,27.6054],[73.8949,27.6044],[73.8955,27.6034],[73.8963,27.6023],[73.8888,27.598],[73.8869,27.5966],[73.8848,27.595],[73.8819,27.5923],[73.8815,27.5914],[73.8807,27.5903],[73.8791,27.5886],[73.8794,27.587],[73.8788,27.5857],[73.8781,27.584],[73.8778,27.5818],[73.8759,27.58],[73.8779,27.577],[73.879,27.5752],[73.8802,27.5725],[73.8812,27.5699],[73.8809,27.5681],[73.8813,27.5662],[73.8818,27.5649],[73.8826,27.5638],[73.8834,27.5629],[73.8843,27.5617],[73.8852,27.5602],[73.8854,27.559],[73.8854,27.5547],[73.8853,27.5523],[73.8848,27.5514],[73.8843,27.5497],[73.8842,27.5487],[73.8838,27.5477],[73.8831,27.5467],[73.8812,27.5455],[73.8795,27.5446],[73.8762,27.5429],[73.8782,27.5394],[73.8749,27.538],[73.8729,27.5379],[73.8709,27.5377],[73.8687,27.5368],[73.8687,27.5368],[73.8593,27.5334],[73.8524,27.5284],[73.8455,27.5218],[73.8435,27.5181],[73.8418,27.5152],[73.8369,27.51],[73.8295,27.5044],[73.8212,27.5002],[73.8116,27.4972],[73.8035,27.498],[73.8008,27.4977],[73.7964,27.4977],[73.7902,27.5014],[73.7878,27.5051],[73.7836,27.511],[73.7834,27.5116],[73.7833,27.5116],[73.7831,27.5113],[73.7797,27.5149],[73.776,27.5233],[73.772,27.5275],[73.7686,27.5287],[73.7659,27.5306],[73.7617,27.5334],[73.7573,27.5343],[73.7541,27.5343],[73.7539,27.5347],[73.7514,27.5341],[73.748,27.5316],[73.746,27.5289],[73.7435,27.5272],[73.7379,27.5245],[73.7288,27.5201],[73.7261,27.5216],[73.7236,27.5203],[73.7141,27.5189],[73.7045,27.5186],[73.704,27.5221],[73.7024,27.5273],[73.702,27.5273],[73.7005,27.5299],[73.6988,27.5309],[73.6969,27.5334],[73.6937,27.538],[73.6895,27.5429],[73.6843,27.5493],[73.6814,27.5523],[73.6774,27.5523],[73.6735,27.5542],[73.6693,27.5592],[73.6664,27.5626],[73.6637,27.5648],[73.6571,27.5641],[73.6555,27.562],[73.6554,27.5621],[73.6534,27.561],[73.648,27.5564],[73.6331,27.5433],[73.6235,27.54],[73.6202,27.5415],[73.617,27.538],[73.6176,27.5356],[73.6276,27.5151],[73.6253,27.5127],[73.6196,27.5087],[73.6135,27.5011],[73.613,27.4958],[73.6134,27.4908],[73.6121,27.4893],[73.6051,27.4873],[73.5986,27.4851],[73.5933,27.4816],[73.5914,27.4851],[73.5865,27.4823],[73.585,27.4842],[73.5796,27.481],[73.5763,27.4849],[73.5763,27.485],[73.576,27.4848],[73.5723,27.4874],[73.5668,27.4862],[73.5635,27.4922],[73.5596,27.4929],[73.5534,27.4928],[73.5491,27.4954],[73.5443,27.4957],[73.5397,27.4941],[73.5298,27.485],[73.5257,27.4783],[73.5219,27.4658],[73.5225,27.4626],[73.5193,27.4576],[73.5213,27.4536],[73.5188,27.451],[73.5229,27.4447],[73.5146,27.4399],[73.5062,27.4338],[73.5074,27.42],[73.5053,27.4092],[73.5054,27.3953],[73.5086,27.3868],[73.5104,27.3863],[73.5167,27.3879],[73.522,27.382],[73.5262,27.3751],[73.5071,27.3654],[73.4946,27.3604],[73.4952,27.3486],[73.4995,27.3398],[73.5042,27.3333],[73.4806,27.3225],[73.4598,27.3149],[73.4577,27.3165],[73.4503,27.3138],[73.45,27.3096],[73.4148,27.2866],[73.4057,27.2778],[73.4034,27.2744],[73.3972,27.2719],[73.3943,27.2716],[73.3941,27.2745],[73.3899,27.2719],[73.3853,27.2691],[73.3752,27.2605],[73.3697,27.2539],[73.3649,27.2466],[73.3631,27.2416],[73.3604,27.2379],[73.3586,27.2252],[73.3595,27.2209],[73.3667,27.2175],[73.3731,27.2135],[73.3739,27.2107],[73.3675,27.2051],[73.3695,27.2018],[73.365,27.199],[73.3621,27.1958],[73.3611,27.1964],[73.3579,27.1906],[73.3534,27.1865],[73.3504,27.1867],[73.3488,27.1904],[73.3511,27.1969],[73.3459,27.1966],[73.343,27.1984],[73.3392,27.1963],[73.3361,27.1994],[73.3331,27.1992],[73.3321,27.2046],[73.3222,27.2207],[73.3132,27.231],[73.3054,27.235],[73.2939,27.248],[73.2841,27.2551],[73.2826,27.2586],[73.2852,27.2648],[73.2835,27.268],[73.2791,27.2741],[73.2732,27.279],[73.2637,27.2848],[73.2636,27.2891],[73.2653,27.2934],[73.2629,27.2963],[73.2637,27.2986],[73.2679,27.3037],[73.2639,27.314],[73.2583,27.3133],[73.2569,27.315],[73.2527,27.3144],[73.2497,27.3258],[73.2424,27.326],[73.2241,27.3135],[73.2198,27.3086],[73.2135,27.3044],[73.2118,27.2977],[73.2101,27.2947],[73.2083,27.2778],[73.197,27.2772],[73.1896,27.2806],[73.1774,27.2901],[73.1729,27.2922],[73.1679,27.2945],[73.1631,27.2948],[73.1517,27.3207],[73.1485,27.3403],[73.1475,27.3486],[73.1498,27.351],[73.1465,27.3541],[73.1479,27.3555],[73.1501,27.3611],[73.1463,27.3624],[73.1471,27.3694],[73.1427,27.374],[73.143,27.3757],[73.1451,27.3787],[73.1453,27.3901],[73.1435,27.3916],[73.1406,27.3923],[73.1383,27.3939],[73.1328,27.4016],[73.1206,27.4081],[73.1159,27.4093],[73.1112,27.4079],[73.1008,27.4095],[73.0954,27.407],[73.0821,27.4071],[73.0726,27.4087],[73.06,27.4093],[73.0425,27.4104],[73.0127,27.4006],[73.0067,27.3968],[72.9962,27.3902],[72.9876,27.3838],[72.9836,27.3844],[72.982,27.3877],[72.9795,27.3902],[72.9717,27.3881],[72.9708,27.3902],[72.9706,27.394],[72.9628,27.397],[72.9597,27.4022],[72.9484,27.4044],[72.9473,27.4084],[72.9498,27.4149],[72.9481,27.4328],[72.9459,27.4419],[72.9396,27.4476],[72.9224,27.4335],[72.9021,27.4152],[72.8969,27.4216],[72.8957,27.4266],[72.8959,27.4398],[72.8949,27.4507],[72.8894,27.4485],[72.8835,27.4474],[72.8763,27.4441],[72.8678,27.4424],[72.8676,27.4454],[72.8598,27.4432],[72.8582,27.4449],[72.8641,27.4496],[72.8739,27.4638],[72.8818,27.4695],[72.8826,27.4769],[72.8651,27.4771],[72.8308,27.4661],[72.8287,27.472],[72.8247,27.4776],[72.8222,27.4878],[72.8257,27.4919],[72.8254,27.4992],[72.8264,27.5097],[72.8196,27.5163],[72.8255,27.5215],[72.8323,27.52],[72.8377,27.5213],[72.8476,27.5337],[72.8503,27.5551],[72.8453,27.5703],[72.8355,27.5797],[72.8341,27.5835],[72.83,27.5827],[72.8308,27.5794],[72.8131,27.5723],[72.7892,27.5661],[72.7883,27.5686],[72.7737,27.5632],[72.7737,27.5573],[72.778,27.5528],[72.7794,27.5449],[72.7784,27.5355],[72.774,27.5331],[72.7662,27.5229],[72.728,27.5536],[72.7278,27.5645],[72.7222,27.5759],[72.7176,27.5882],[72.7134,27.5847],[72.7079,27.5936],[72.696,27.6044],[72.6759,27.575],[72.6735,27.5526],[72.6713,27.5426],[72.6606,27.5323],[72.6555,27.5416],[72.6485,27.5508],[72.6437,27.5602],[72.6243,27.5711],[72.616,27.5835],[72.6193,27.5902],[72.6039,27.6066],[72.5965,27.6009],[72.5938,27.6023],[72.5903,27.6091],[72.5735,27.6056],[72.5696,27.6064],[72.5602,27.6185],[72.5503,27.6146],[72.5414,27.61],[72.5142,27.5898],[72.5096,27.5885],[72.5016,27.5836],[72.4999,27.5875],[72.4981,27.5857],[72.4832,27.5868],[72.4769,27.5854],[72.4686,27.5906],[72.4631,27.5868],[72.4554,27.5872],[72.4494,27.5858],[72.4419,27.569],[72.4375,27.5616],[72.4207,27.5543],[72.4075,27.5429],[72.4044,27.5482],[72.4002,27.5494],[72.3839,27.5429],[72.3768,27.5329],[72.3678,27.5277],[72.3611,27.4899],[72.3589,27.4888],[72.3539,27.4932],[72.3435,27.5048],[72.3369,27.5099],[72.331,27.5126],[72.3268,27.5137],[72.3219,27.5096],[72.3008,27.4978],[72.299,27.4913],[72.2958,27.489],[72.2935,27.4832],[72.2875,27.4751],[72.2785,27.4656],[72.2663,27.4574],[72.2609,27.4577],[72.2552,27.461],[72.2486,27.4681],[72.2489,27.477],[72.2538,27.4869],[72.2499,27.491],[72.2495,27.4973],[72.2518,27.5073],[72.2796,27.5127],[72.2841,27.5152],[72.2893,27.5223],[72.2874,27.5245],[72.2921,27.5264],[72.2961,27.5429],[72.2841,27.5487],[72.2632,27.5577],[72.2746,27.5632],[72.2822,27.5678],[72.3035,27.5996],[72.3061,27.6054],[72.3231,27.634],[72.3261,27.6469],[72.3294,27.6558],[72.3413,27.6823],[72.3431,27.6918],[72.3396,27.693],[72.3357,27.6923],[72.3298,27.6929],[72.3159,27.6992],[72.2999,27.7076],[72.2765,27.6983],[72.2599,27.6832],[72.2517,27.6729],[72.2265,27.6571],[72.2204,27.6744],[72.1928,27.6934],[72.1805,27.6994],[72.1476,27.7111],[72.1173,27.7104],[72.1089,27.7051],[72.0975,27.7152],[72.0951,27.7218],[72.1014,27.7324],[72.0937,27.7361],[72.101,27.742],[72.1049,27.7492],[72.1181,27.7484],[72.1318,27.7578],[72.1556,27.7797],[72.1546,27.811],[72.1433,27.8443],[72.1502,27.8516],[72.1549,27.8598],[72.1456,27.8727],[72.1232,27.8862],[72.0992,27.8974],[72.0914,27.9028],[72.0863,27.9101],[72.086,27.9168],[72.0782,27.9238],[72.0558,27.9348],[72.0377,27.9471],[72.0323,27.9493],[72.0051,27.9461],[72.0003,27.9457],[71.9934,27.9431],[71.9809,27.9272],[71.9721,27.926],[71.9667,27.924],[71.9626,27.9209],[71.9559,27.9134],[71.9521,27.9119],[71.947,27.9131],[71.9312,27.92],[71.9243,27.9215],[71.9213,27.9247],[71.9116,27.9447],[71.9082,27.9497],[71.9013,27.9564],[71.8976,27.9626],[71.8987,27.9632],[71.9029,27.9748],[71.905,27.9892],[71.9069,28.0032],[71.9101,28.0197],[71.9134,28.032],[71.914,28.0405],[71.9147,28.0441],[71.9139,28.0539],[71.9192,28.071],[71.9218,28.0814],[71.9237,28.0972],[71.927,28.1113],[71.9297,28.1205],[71.9323,28.1278],[71.935,28.1327],[71.9445,28.1456],[71.9554,28.1585],[71.968,28.171],[71.9768,28.184],[71.9991,28.2141],[72.0213,28.2323],[72.0276,28.2367],[72.0466,28.249],[72.0686,28.2663],[72.0933,28.2839],[72.095,28.2849],[72.0962,28.2857],[72.1006,28.2882],[72.1111,28.2952],[72.1287,28.3088],[72.1649,28.3488],[72.1663,28.3508],[72.1671,28.3522],[72.1693,28.3546],[72.191,28.3742],[72.1968,28.3826],[72.1974,28.3833],[72.1992,28.3849],[72.2052,28.3904],[72.2065,28.3935],[72.21,28.4021],[72.2133,28.4146],[72.2204,28.4343],[72.2295,28.4622],[72.2318,28.4702],[72.2331,28.4745],[72.2356,28.4822],[72.2361,28.4839],[72.2436,28.5003],[72.2441,28.5013],[72.2454,28.5076],[72.2568,28.5411],[72.2579,28.5434],[72.2588,28.5457],[72.2639,28.5555],[72.2702,28.5799],[72.2725,28.5846],[72.2815,28.6093],[72.2871,28.6248],[72.2907,28.6363],[72.2902,28.6381],[72.2938,28.655],[72.2989,28.6662],[72.3007,28.668],[72.3021,28.6734],[72.3086,28.68],[72.3116,28.6863],[72.3248,28.6988],[72.3483,28.721],[72.3504,28.7254],[72.3699,28.7468],[72.3825,28.7606],[72.3889,28.7688],[72.407,28.7827],[72.4138,28.7856],[72.4352,28.7933],[72.4509,28.7978],[72.4636,28.8039],[72.4725,28.8071],[72.4893,28.815],[72.5083,28.8248],[72.5244,28.833],[72.5562,28.8525],[72.5927,28.8703],[72.5949,28.8716],[72.5963,28.8723],[72.6485,28.9032],[72.6535,28.8965],[72.657,28.8913],[72.6624,28.8844],[72.6669,28.8779],[72.6719,28.8697],[72.6734,28.8637],[72.677,28.8601],[72.6821,28.8558],[72.6871,28.8518],[72.6925,28.848],[72.6964,28.8431],[72.7008,28.8385],[72.7048,28.834],[72.7091,28.8283],[72.7142,28.8213],[72.7191,28.814],[72.7222,28.8099],[72.7278,28.8061],[72.7352,28.8023],[72.7394,28.7965],[72.7426,28.7895],[72.7468,28.7827],[72.7499,28.7853],[72.7539,28.7901],[72.7585,28.7952],[72.7653,28.7998],[72.7681,28.7986],[72.7721,28.7961],[72.7761,28.793],[72.7826,28.7885],[72.7918,28.7813],[72.7997,28.7783],[72.813,28.7778],[72.8252,28.7763],[72.8384,28.77],[72.8471,28.7665],[72.8595,28.7617],[72.8678,28.7578],[72.8787,28.7528],[72.8852,28.7498],[72.8904,28.7479],[72.8973,28.7453],[72.9059,28.7405],[72.9125,28.7363],[72.9162,28.734],[72.9244,28.7309],[72.9344,28.7286],[72.9427,28.7315],[72.9499,28.737],[72.9576,28.7398],[72.9636,28.7381],[72.9706,28.7335],[72.9741,28.7308],[72.9802,28.7268],[72.9842,28.7245],[72.9889,28.7213],[72.9962,28.7173],[73.0003,28.7153],[73.0035,28.7148],[73.0111,28.7138],[73.0218,28.729],[73.0275,28.7354],[73.0355,28.743],[73.0454,28.7485],[73.0639,28.7538],[73.0868,28.7626],[73.1016,28.7651],[73.1079,28.7652],[73.1163,28.7669],[73.1298,28.7737],[73.1388,28.7792],[73.15,28.784],[73.1557,28.7891],[73.1599,28.7947],[73.1571,28.8],[73.1568,28.8069],[73.1623,28.814],[73.1593,28.8178],[73.1686,28.8269],[73.1735,28.8275],[73.1767,28.8296],[73.1989,28.8468],[73.2053,28.8534],[73.2144,28.8524],[73.2222,28.8497],[73.2259,28.8527],[73.2125,28.864],[73.1974,28.8842],[73.1982,28.8872],[73.2192,28.9195],[73.2278,28.9297],[73.2485,28.9357],[73.2579,28.9423],[73.2724,28.9375],[73.2803,28.9404],[73.2793,28.9479],[73.2796,28.9537],[73.2852,28.9678],[73.2899,28.9715],[73.2996,28.9694],[73.3076,28.9708],[73.3124,28.9763],[73.3199,28.9892],[73.3311,28.9966],[73.337,29.0008],[73.3418,29.0041],[73.3454,29.0059],[73.3638,29.0055],[73.3877,29.0102],[73.4043,29.0059],[73.4148,29.0033],[73.4187,29.0011],[73.4233,28.9952],[73.4272,28.9919],[73.43,28.9908],[73.435,28.9906],[73.4404,28.9912],[73.4546,28.9929],[73.4679,29.0012],[73.4813,29.0089],[73.4867,29.012],[73.4918,29.0116],[73.508,29.006],[73.5129,29.0013],[73.5208,28.9946],[73.5379,28.9995],[73.5427,29.0014],[73.5569,29.0089],[73.5626,29.0014],[73.5663,28.9969],[73.5686,28.9962],[73.5704,28.9967],[73.5751,29.0014],[73.5808,29.0062],[73.5979,29.0214],[73.6031,29.0278],[73.624,29.0374],[73.6291,29.0377],[73.6342,29.0297],[73.6387,29.0301],[73.6452,29.0271],[73.6563,29.0185],[73.662,29.0202],[73.6658,29.0183],[73.6838,29.0214],[73.6847,29.0276],[73.6898,29.0357],[73.702,29.037],[73.7006,29.0324],[73.7018,29.0271],[73.7086,29.027],[73.7135,29.0243],[73.7218,29.0259],[73.7308,29.0264],[73.7327,29.023],[73.7368,29.0202],[73.7424,29.0076],[73.748,29.0124],[73.7519,29.0181],[73.7534,29.0274],[73.7585,29.0309],[73.7724,29.0517],[73.7844,29.0505],[73.7849,29.0411]]]},"properties":{"district_name":"Bikaner","raw_district_name":"Bikaner","state_code":"RJ","state_name":"Rajasthan","census_code":101,"data_source":"DataMeet India Maps (Census 2011 Boundaries)"}},{"type":"Feature","geometry":{"type":"Polygon","coordinates":[[[76.1572,25.7617],[76.1501,25.7547],[76.146,25.7452],[76.1517,25.7434],[76.1537,25.7407],[76.1579,25.728],[76.1663,25.7247],[76.176,25.7195],[76.1807,25.7162],[76.1827,25.7106],[76.191,25.7055],[76.2038,25.7001],[76.2155,25.6961],[76.2407,25.6912],[76.2473,25.6796],[76.2526,25.6742],[76.261,25.6691],[76.2755,25.6764],[76.2878,25.6902],[76.2925,25.6919],[76.2973,25.6963],[76.3026,25.6939],[76.3009,25.688],[76.3012,25.6821],[76.3067,25.6666],[76.3111,25.6624],[76.3227,25.6552],[76.3254,25.6502],[76.324,25.6425],[76.3189,25.6375],[76.3145,25.6349],[76.301,25.632],[76.2986,25.6261],[76.2972,25.6205],[76.2981,25.6149],[76.2957,25.6045],[76.299,25.5998],[76.3013,25.5932],[76.2978,25.5808],[76.2933,25.5749],[76.2903,25.569],[76.2927,25.5447],[76.2868,25.53],[76.2748,25.5109],[76.2673,25.5051],[76.2589,25.5046],[76.2499,25.5055],[76.2421,25.5038],[76.232,25.4995],[76.2158,25.4863],[76.209,25.4843],[76.2044,25.4876],[76.2004,25.4932],[76.195,25.4974],[76.1897,25.4966],[76.1849,25.4925],[76.1835,25.4786],[76.1836,25.4635],[76.1812,25.4558],[76.1785,25.4505],[76.1753,25.4384],[76.1679,25.4364],[76.1639,25.4332],[76.1659,25.4284],[76.1658,25.4228],[76.1614,25.416],[76.1563,25.4116],[76.1459,25.4091],[76.1381,25.4059],[76.1377,25.3991],[76.1421,25.3958],[76.1531,25.3921],[76.1541,25.3859],[76.152,25.3803],[76.1466,25.3756],[76.1402,25.3736],[76.1381,25.3701],[76.1435,25.3668],[76.1502,25.365],[76.1572,25.3602],[76.1602,25.3545],[76.1591,25.3474],[76.156,25.341],[76.1523,25.3357],[76.1462,25.3375],[76.1362,25.3444],[76.1309,25.3439],[76.113,25.3286],[76.1086,25.3302],[76.0973,25.3415],[76.0906,25.3463],[76.0819,25.3487],[76.0742,25.3494],[76.0698,25.3453],[76.0701,25.3388],[76.069,25.3337],[76.065,25.3284],[76.0491,25.3198],[76.0388,25.3231],[76.031,25.3192],[76.0249,25.3144],[76.0219,25.3073],[76.0245,25.2983],[76.0334,25.2842],[76.0334,25.277],[76.0286,25.2703],[76.0212,25.2631],[76.0034,25.2529],[76.0005,25.2501],[75.9937,25.2413],[75.9818,25.2308],[75.9811,25.24],[75.9651,25.2589],[75.9495,25.2755],[75.9308,25.2648],[75.922,25.2606],[75.9131,25.2549],[75.9048,25.2416],[75.9024,25.2343],[75.8856,25.236],[75.884,25.2335],[75.8794,25.225],[75.8695,25.2316],[75.8598,25.2299],[75.8298,25.2266],[75.8199,25.234],[75.8368,25.24],[75.834,25.2446],[75.8283,25.2483],[75.8145,25.2475],[75.8011,25.2553],[75.7939,25.2579],[75.7939,25.249],[75.7906,25.2359],[75.7949,25.2242],[75.7889,25.2112],[75.7783,25.1966],[75.7652,25.1841],[75.7475,25.1711],[75.7362,25.1656],[75.7393,25.158],[75.7462,25.1478],[75.7502,25.1407],[75.7383,25.1314],[75.727,25.1237],[75.7271,25.1189],[75.7305,25.1142],[75.7369,25.1115],[75.7489,25.11],[75.7581,25.1113],[75.7617,25.1066],[75.7599,25.1003],[75.7528,25.0935],[75.7476,25.0858],[75.7431,25.0721],[75.7279,25.0589],[75.7158,25.0499],[75.7062,25.0423],[75.6961,25.0302],[75.6869,25.0281],[75.6704,25.0224],[75.6617,25.0129],[75.6389,25.0023],[75.6365,24.9995],[75.6283,24.997],[75.6241,24.9962],[75.6223,24.9972],[75.625,25.0026],[75.615,25.0079],[75.6143,25.0172],[75.6011,25.0209],[75.5891,25.0233],[75.5763,25.0229],[75.5691,25.0195],[75.5577,25.0186],[75.5394,25.0192],[75.5289,25.0196],[75.5129,25.0208],[75.5013,25.0236],[75.4948,25.0201],[75.4902,25.0208],[75.4854,25.0229],[75.4778,25.0244],[75.4704,25.024],[75.456,25.0217],[75.4522,25.0233],[75.4528,25.0257],[75.456,25.0375],[75.4555,25.0497],[75.448,25.0518],[75.4498,25.0625],[75.4425,25.0632],[75.4416,25.0736],[75.4369,25.0781],[75.4254,25.0858],[75.42,25.0962],[75.4138,25.101],[75.4083,25.1041],[75.4143,25.1118],[75.4178,25.12],[75.4212,25.1289],[75.4296,25.1305],[75.4382,25.135],[75.4466,25.1404],[75.4504,25.1478],[75.4528,25.1556],[75.4492,25.1635],[75.4534,25.1699],[75.4546,25.1783],[75.4534,25.186],[75.4569,25.1906],[75.4567,25.1934],[75.4567,25.205],[75.4546,25.2194],[75.4512,25.2286],[75.456,25.2348],[75.4565,25.2421],[75.4503,25.2482],[75.4493,25.2527],[75.4485,25.2612],[75.4405,25.2753],[75.433,25.2785],[75.4226,25.2844],[75.418,25.2826],[75.4027,25.2926],[75.4022,25.2929],[75.3788,25.3083],[75.3706,25.3163],[75.359,25.3188],[75.3446,25.3228],[75.3408,25.3315],[75.3357,25.3431],[75.3304,25.3516],[75.3272,25.3599],[75.3207,25.3634],[75.3169,25.37],[75.3076,25.3762],[75.3064,25.377],[75.3028,25.3793],[75.2963,25.3857],[75.2868,25.3929],[75.2882,25.4005],[75.2782,25.3969],[75.2714,25.3961],[75.2656,25.4031],[75.2648,25.4178],[75.2733,25.4254],[75.2891,25.4327],[75.2931,25.4311],[75.3075,25.4196],[75.3154,25.4303],[75.3218,25.4365],[75.3258,25.4425],[75.3311,25.4552],[75.3454,25.4616],[75.3544,25.4692],[75.3628,25.4766],[75.3636,25.4795],[75.3674,25.4877],[75.366,25.496],[75.3736,25.5023],[75.3691,25.5101],[75.3656,25.5204],[75.3605,25.5343],[75.3749,25.545],[75.3837,25.553],[75.3872,25.5618],[75.3868,25.572],[75.3914,25.5721],[75.4009,25.5769],[75.4075,25.5837],[75.4149,25.593],[75.4352,25.6209],[75.4342,25.6307],[75.4364,25.6423],[75.437,25.6533],[75.4269,25.6743],[75.4235,25.686],[75.4571,25.7095],[75.4644,25.7184],[75.4742,25.7271],[75.4773,25.7347],[75.4893,25.7312],[75.5024,25.7341],[75.5114,25.7365],[75.5146,25.745],[75.5228,25.7472],[75.5259,25.7368],[75.5286,25.7313],[75.5281,25.7238],[75.5333,25.7143],[75.5455,25.7041],[75.555,25.698],[75.564,25.6967],[75.5731,25.7024],[75.5813,25.7093],[75.5883,25.7112],[75.5968,25.7108],[75.5913,25.7022],[75.5931,25.6934],[75.5957,25.6849],[75.6063,25.6827],[75.6225,25.677],[75.6284,25.6823],[75.6326,25.6903],[75.635,25.6955],[75.6352,25.7001],[75.6307,25.7007],[75.6317,25.7088],[75.6402,25.7139],[75.6546,25.7298],[75.6567,25.7373],[75.6615,25.7427],[75.6811,25.7545],[75.6949,25.7603],[75.7013,25.751],[75.7107,25.756],[75.7113,25.7563],[75.7177,25.7583],[75.729,25.7574],[75.7386,25.7522],[75.7472,25.7507],[75.7615,25.7563],[75.763,25.7702],[75.7626,25.7808],[75.7564,25.7844],[75.7612,25.7938],[75.765,25.7964],[75.7694,25.7977],[75.7691,25.806],[75.7692,25.8138],[75.7714,25.8199],[75.7733,25.8225],[75.7953,25.82],[75.8007,25.818],[75.8021,25.8222],[75.8084,25.8162],[75.8139,25.8061],[75.8137,25.7978],[75.8223,25.7968],[75.838,25.8038],[75.8387,25.8137],[75.8353,25.8232],[75.8345,25.8345],[75.841,25.8394],[75.8419,25.8471],[75.8486,25.8504],[75.8646,25.8513],[75.8743,25.8516],[75.8754,25.8601],[75.878,25.8645],[75.894,25.8688],[75.8971,25.8569],[75.9048,25.8523],[75.9094,25.8462],[75.918,25.8441],[75.9149,25.8347],[75.9088,25.8333],[75.9059,25.823],[75.9055,25.8145],[75.9176,25.8153],[75.9299,25.815],[75.9473,25.8161],[75.9591,25.8358],[75.9561,25.8448],[75.9546,25.8575],[75.9573,25.8646],[75.9684,25.8652],[75.9784,25.8635],[75.9812,25.8615],[75.9823,25.8581],[75.9874,25.8651],[76.0043,25.8768],[76.0128,25.8818],[76.0158,25.8816],[76.0211,25.8684],[76.0281,25.8649],[76.0358,25.8627],[76.0422,25.8625],[76.0493,25.8639],[76.0567,25.8611],[76.0607,25.8622],[76.0614,25.8596],[76.0582,25.8492],[76.0602,25.8394],[76.0595,25.8341],[76.0557,25.8258],[76.0543,25.8199],[76.0549,25.8158],[76.0569,25.8113],[76.0606,25.8083],[76.0673,25.8065],[76.0818,25.8073],[76.0875,25.8087],[76.1024,25.8101],[76.1117,25.8044],[76.1134,25.8005],[76.113,25.7914],[76.1146,25.7875],[76.121,25.7845],[76.1405,25.7841],[76.1506,25.7804],[76.1542,25.776],[76.1559,25.7709],[76.1572,25.7617]]]},"properties":{"district_name":"Bundi","raw_district_name":"Bundi","state_code":"RJ","state_name":"Rajasthan","census_code":121,"data_source":"DataMeet India Maps (Census 2011 Boundaries)"}},{"type":"Feature","geometry":{"type":"MultiPolygon","coordinates":[[[[74.7876,25.1817],[74.7853,25.1752],[74.7971,25.1654],[74.7954,25.1539],[74.8037,25.1508],[74.8159,25.1492],[74.8285,25.1498],[74.8366,25.146],[74.8477,25.153],[74.8577,25.1661],[74.8687,25.1775],[74.8762,25.1808],[74.8891,25.1848],[74.9034,25.1819],[74.9083,25.1782],[74.9057,25.1705],[74.9033,25.1583],[74.8991,25.1513],[74.893,25.1454],[74.8912,25.1423],[74.9071,25.1421],[74.9164,25.1457],[74.9198,25.143],[74.9237,25.1398],[74.9265,25.1303],[74.9292,25.1269],[74.9346,25.1388],[74.9385,25.1517],[74.9403,25.1503],[74.9431,25.148],[74.9433,25.1426],[74.9496,25.1431],[74.9575,25.1418],[74.9625,25.1387],[74.9652,25.1193],[74.9677,25.1093],[74.9742,25.1048],[74.9915,25.1132],[74.9997,25.1138],[75.0081,25.1191],[75.0092,25.1271],[75.0123,25.129],[75.0199,25.1282],[75.0241,25.1361],[75.0324,25.1365],[75.035,25.1367],[75.0327,25.1321],[75.0349,25.1262],[75.0438,25.1224],[75.0599,25.1176],[75.0717,25.1165],[75.0806,25.1232],[75.0848,25.1239],[75.1006,25.1213],[75.1172,25.1241],[75.1254,25.1226],[75.135,25.1184],[75.1293,25.1118],[75.1286,25.1071],[75.1356,25.1046],[75.1496,25.1051],[75.159,25.1034],[75.1693,25.0993],[75.1846,25.0975],[75.1961,25.0914],[75.205,25.0894],[75.2044,25.0835],[75.2008,25.0746],[75.2037,25.0688],[75.1968,25.0596],[75.1934,25.054],[75.1974,25.0475],[75.1986,25.0394],[75.1966,25.034],[75.1875,25.0389],[75.1843,25.0439],[75.176,25.0502],[75.1691,25.0406],[75.1613,25.0419],[75.1584,25.0318],[75.1568,25.0253],[75.1613,25.0205],[75.1674,25.0187],[75.1707,25.0096],[75.1689,25.0025],[75.1665,24.9881],[75.1629,24.984],[75.1542,24.9851],[75.1431,24.9804],[75.1458,24.9783],[75.1489,24.976],[75.1355,24.9717],[75.1355,24.9717],[75.1218,24.9722],[75.121,24.9712],[75.1173,24.9576],[75.1176,24.9501],[75.1197,24.9428],[75.1213,24.9146],[75.1168,24.9083],[75.1196,24.9016],[75.1213,24.8923],[75.1207,24.8855],[75.1168,24.8836],[75.0919,24.8762],[75.0901,24.8776],[75.0888,24.88],[75.0884,24.8831],[75.0834,24.8856],[75.0753,24.8838],[75.0679,24.8749],[75.0649,24.874],[75.061,24.8778],[75.058,24.8785],[75.058,24.8774],[75.0605,24.8742],[75.0615,24.8713],[75.0588,24.8676],[75.0528,24.8614],[75.045,24.8558],[75.0357,24.8551],[75.0314,24.8571],[75.0211,24.8635],[75.0167,24.8668],[75.0142,24.8707],[75.0142,24.8707],[74.9993,24.8732],[74.9926,24.8716],[74.9891,24.8726],[74.9857,24.8742],[74.9857,24.8742],[74.9789,24.8741],[74.9733,24.872],[74.965,24.8707],[74.9578,24.8716],[74.9463,24.8746],[74.9519,24.8866],[74.9517,24.8896],[74.9502,24.8915],[74.9477,24.8906],[74.9412,24.8901],[74.9369,24.8919],[74.9322,24.8907],[74.931,24.8846],[74.9251,24.8888],[74.921,24.8915],[74.914,24.8958],[74.9083,24.9039],[74.9125,24.92],[74.9144,24.9251],[74.9058,24.9268],[74.9041,24.9314],[74.902,24.9365],[74.8914,24.9382],[74.8861,24.9465],[74.8806,24.9455],[74.8787,24.9361],[74.8686,24.9337],[74.8671,24.94],[74.8653,24.9443],[74.865,24.954],[74.8635,24.9626],[74.8546,24.9715],[74.8478,24.9711],[74.8341,24.9642],[74.832,24.9587],[74.8325,24.9541],[74.8276,24.949],[74.8263,24.9427],[74.8255,24.9369],[74.8249,24.9253],[74.8254,24.9116],[74.8284,24.8959],[74.8364,24.8938],[74.8407,24.8897],[74.8414,24.8773],[74.8436,24.8718],[74.8469,24.8689],[74.8542,24.8571],[74.8572,24.85],[74.8572,24.85],[74.8573,24.8439],[74.8587,24.8398],[74.8603,24.8258],[74.8587,24.8146],[74.8542,24.8123],[74.8472,24.8116],[74.8387,24.8053],[74.8419,24.8002],[74.8501,24.7895],[74.8526,24.7895],[74.8591,24.7914],[74.8607,24.7963],[74.8598,24.8098],[74.8715,24.8088],[74.8793,24.8099],[74.8818,24.8047],[74.8859,24.7992],[74.8932,24.7958],[74.8987,24.7959],[74.9064,24.7942],[74.9113,24.7849],[74.9182,24.7839],[74.9234,24.7851],[74.9307,24.7922],[74.9399,24.7915],[74.9473,24.7884],[74.9568,24.7891],[74.963,24.7878],[74.9718,24.7875],[74.9915,24.7904],[74.9998,24.7943],[75.0086,24.7927],[75.0144,24.7904],[75.0178,24.7825],[75.0194,24.7773],[75.0215,24.771],[75.0229,24.7694],[75.0229,24.7694],[75.0228,24.7669],[75.0228,24.7637],[75.0217,24.7494],[74.9985,24.7508],[74.9948,24.7494],[74.9934,24.7404],[74.9921,24.7304],[74.9935,24.7249],[74.9966,24.7128],[74.998,24.7126],[75.0008,24.7104],[75.0017,24.7072],[75.0012,24.7051],[74.9979,24.7035],[74.995,24.7024],[74.9918,24.703],[74.9654,24.6971],[74.9634,24.6975],[74.9661,24.6912],[74.9611,24.6854],[74.9612,24.6834],[74.9623,24.6828],[74.9631,24.6804],[74.9632,24.6762],[74.9624,24.6756],[74.9605,24.6766],[74.9596,24.6778],[74.9585,24.6794],[74.9532,24.6731],[74.9539,24.6705],[74.9532,24.667],[74.9442,24.6656],[74.943,24.6635],[74.945,24.659],[74.944,24.6571],[74.9403,24.6584],[74.9396,24.6579],[74.9383,24.6569],[74.9359,24.6585],[74.9306,24.6559],[74.921,24.6551],[74.9159,24.6561],[74.9141,24.6571],[74.9107,24.6572],[74.9096,24.6583],[74.9067,24.6571],[74.9035,24.6531],[74.8981,24.6623],[74.8946,24.6606],[74.8946,24.6577],[74.8956,24.6549],[74.8939,24.6521],[74.889,24.6545],[74.8812,24.6648],[74.8787,24.6625],[74.8761,24.6643],[74.8745,24.6663],[74.8737,24.6727],[74.8708,24.6756],[74.868,24.6873],[74.8663,24.6888],[74.8635,24.6891],[74.8609,24.6907],[74.8596,24.699],[74.8574,24.702],[74.855,24.7009],[74.8557,24.6985],[74.8563,24.696],[74.8553,24.6935],[74.8529,24.6934],[74.8509,24.6954],[74.8507,24.7031],[74.8499,24.7055],[74.8499,24.7055],[74.8359,24.7288],[74.8303,24.7427],[74.8196,24.7622],[74.816,24.7783],[74.8109,24.7932],[74.8064,24.7929],[74.8004,24.7925],[74.7995,24.7874],[74.8022,24.7835],[74.8029,24.7634],[74.8042,24.7517],[74.8008,24.7486],[74.7935,24.747],[74.787,24.7438],[74.781,24.7396],[74.7823,24.7377],[74.7848,24.7272],[74.7893,24.7249],[74.7906,24.7235],[74.7885,24.7188],[74.7841,24.7151],[74.7853,24.7095],[74.7848,24.7064],[74.7818,24.702],[74.7805,24.6976],[74.7782,24.6936],[74.7787,24.6901],[74.7761,24.6846],[74.7769,24.683],[74.7866,24.6768],[74.7903,24.6758],[74.7928,24.6785],[74.7932,24.6812],[74.7932,24.6812],[74.8106,24.6834],[74.8143,24.683],[74.8187,24.6768],[74.8187,24.6733],[74.818,24.6685],[74.8157,24.6666],[74.8123,24.6685],[74.8096,24.6668],[74.8058,24.6564],[74.8032,24.6538],[74.8002,24.6534],[74.7958,24.6516],[74.7939,24.6484],[74.7943,24.6463],[74.7922,24.6423],[74.7843,24.6337],[74.7856,24.6262],[74.7886,24.6177],[74.7882,24.6145],[74.7913,24.6143],[74.7909,24.6076],[74.7871,24.607],[74.7825,24.6041],[74.778,24.6023],[74.7714,24.6028],[74.7609,24.5983],[74.7566,24.5976],[74.7486,24.5937],[74.7473,24.5899],[74.751,24.5856],[74.7522,24.583],[74.7544,24.5753],[74.7561,24.5679],[74.7561,24.5679],[74.7576,24.5606],[74.757,24.5568],[74.7581,24.5538],[74.7574,24.5516],[74.753,24.5493],[74.7491,24.5487],[74.7482,24.5446],[74.7502,24.5395],[74.7483,24.5332],[74.7291,24.5318],[74.724,24.5281],[74.7162,24.5198],[74.7124,24.5079],[74.7134,24.5062],[74.7136,24.5061],[74.707,24.5011],[74.7021,24.4984],[74.6914,24.4921],[74.6809,24.4891],[74.6734,24.4876],[74.6623,24.4885],[74.6567,24.4909],[74.6515,24.4917],[74.6485,24.4902],[74.6449,24.4881],[74.6391,24.489],[74.6345,24.489],[74.6332,24.4863],[74.6198,24.4791],[74.6162,24.4764],[74.611,24.4749],[74.6074,24.4782],[74.6067,24.4821],[74.6044,24.4851],[74.5998,24.4886],[74.591,24.4931],[74.5845,24.4934],[74.5769,24.4907],[74.5688,24.4829],[74.5639,24.4772],[74.5538,24.4762],[74.5427,24.4786],[74.5463,24.4675],[74.5447,24.4624],[74.5447,24.4559],[74.5464,24.4406],[74.5471,24.4331],[74.5468,24.4266],[74.5455,24.4182],[74.5429,24.4113],[74.5364,24.4017],[74.5279,24.3963],[74.5182,24.39],[74.5133,24.3852],[74.5058,24.3783],[74.5035,24.3726],[74.5035,24.3666],[74.5068,24.3603],[74.5101,24.3579],[74.5141,24.3508],[74.5151,24.3457],[74.5151,24.3415],[74.5125,24.3349],[74.5119,24.3283],[74.5125,24.3253],[74.5158,24.3217],[74.5207,24.3152],[74.5207,24.3083],[74.5191,24.3053],[74.5182,24.3014],[74.5152,24.2984],[74.513,24.2954],[74.5123,24.2927],[74.5117,24.29],[74.5117,24.2843],[74.5106,24.2792],[74.5065,24.2808],[74.5014,24.2814],[74.4999,24.2801],[74.4948,24.2706],[74.4859,24.2638],[74.4823,24.261],[74.4779,24.2529],[74.4764,24.2441],[74.4764,24.2394],[74.4691,24.2373],[74.4682,24.2218],[74.4167,24.2449],[74.4153,24.2776],[74.4147,24.2921],[74.3868,24.3109],[74.3838,24.313],[74.3738,24.3197],[74.3531,24.3372],[74.3525,24.3517],[74.3592,24.3652],[74.3635,24.374],[74.3649,24.3958],[74.3658,24.4104],[74.3449,24.4351],[74.3429,24.4368],[74.3325,24.4456],[74.3282,24.4504],[74.3248,24.4632],[74.3314,24.4679],[74.3342,24.47],[74.3384,24.4731],[74.3387,24.4805],[74.3388,24.4851],[74.3338,24.4935],[74.3286,24.4929],[74.3226,24.4922],[74.3107,24.4855],[74.308,24.484],[74.2987,24.4819],[74.2871,24.4979],[74.2848,24.5011],[74.2799,24.5044],[74.2687,24.5039],[74.2607,24.4942],[74.2662,24.4756],[74.2665,24.4749],[74.2684,24.4697],[74.2598,24.4687],[74.2563,24.4683],[74.2495,24.4732],[74.2434,24.4636],[74.2408,24.4542],[74.2393,24.4489],[74.2337,24.4486],[74.2261,24.4509],[74.21,24.4555],[74.2088,24.4614],[74.2169,24.4754],[74.2228,24.4856],[74.2488,24.5306],[74.2596,24.5278],[74.2687,24.5254],[74.2743,24.5256],[74.2794,24.5369],[74.2792,24.5413],[74.2786,24.5549],[74.2787,24.5566],[74.2791,24.5652],[74.2741,24.5703],[74.2663,24.5784],[74.243,24.5981],[74.2336,24.6076],[74.2332,24.608],[74.2235,24.6161],[74.225,24.6235],[74.2328,24.6262],[74.242,24.6261],[74.2478,24.6275],[74.2519,24.6266],[74.2586,24.6303],[74.2529,24.6383],[74.2513,24.6428],[74.2511,24.6443],[74.2506,24.6472],[74.2507,24.6532],[74.2357,24.6604],[74.2326,24.659],[74.2311,24.6584],[74.2252,24.6522],[74.2218,24.6473],[74.2205,24.638],[74.2231,24.6282],[74.2222,24.6277],[74.2191,24.6294],[74.2092,24.6291],[74.2064,24.6297],[74.2042,24.6427],[74.2057,24.6463],[74.2062,24.6476],[74.2086,24.6483],[74.2116,24.6551],[74.2156,24.6566],[74.2157,24.6574],[74.2102,24.6561],[74.2079,24.658],[74.2046,24.6696],[74.1926,24.6739],[74.1903,24.6728],[74.1881,24.6688],[74.1839,24.6672],[74.1832,24.6702],[74.1805,24.6744],[74.1743,24.6771],[74.1716,24.6782],[74.1603,24.6766],[74.1566,24.6764],[74.1566,24.6798],[74.156,24.6828],[74.1552,24.6866],[74.1568,24.6888],[74.1595,24.6915],[74.165,24.6944],[74.1704,24.6953],[74.174,24.6985],[74.1756,24.7016],[74.1761,24.7048],[74.1732,24.7101],[74.1727,24.716],[74.1601,24.725],[74.1572,24.728],[74.1512,24.7313],[74.1481,24.7295],[74.1403,24.7272],[74.1367,24.7296],[74.135,24.7323],[74.1311,24.7353],[74.1305,24.7335],[74.1285,24.7326],[74.1249,24.7368],[74.1189,24.7394],[74.1159,24.7466],[74.116,24.7523],[74.1189,24.7604],[74.1144,24.7624],[74.1103,24.7671],[74.1082,24.7732],[74.1066,24.7811],[74.1098,24.7884],[74.1151,24.7941],[74.111,24.8037],[74.1105,24.8116],[74.1186,24.823],[74.1249,24.8367],[74.1275,24.8406],[74.1304,24.843],[74.1314,24.8459],[74.1295,24.8521],[74.1215,24.8518],[74.1146,24.8535],[74.1068,24.8619],[74.111,24.8652],[74.1166,24.8645],[74.1242,24.8647],[74.1303,24.8625],[74.1373,24.8621],[74.137,24.8682],[74.1379,24.872],[74.1389,24.8762],[74.1468,24.8862],[74.1519,24.8889],[74.1589,24.9004],[74.1626,24.9016],[74.1637,24.9019],[74.1634,24.9071],[74.1633,24.9089],[74.1646,24.9161],[74.1724,24.918],[74.1771,24.9209],[74.1881,24.9298],[74.1886,24.9331],[74.1892,24.9372],[74.1892,24.9451],[74.1923,24.9462],[74.1955,24.9474],[74.2008,24.9523],[74.2038,24.9603],[74.2043,24.9695],[74.2028,24.9739],[74.1998,24.9786],[74.2025,24.9853],[74.2028,24.9861],[74.2095,24.9849],[74.2144,24.988],[74.2204,24.9904],[74.2249,24.9895],[74.2271,24.9941],[74.2276,24.9951],[74.2424,24.9962],[74.2501,24.9947],[74.2568,24.9916],[74.258,24.9903],[74.2626,24.9855],[74.2713,24.9841],[74.27,24.9887],[74.271,24.9916],[74.2757,24.9945],[74.2798,24.9946],[74.2812,24.9932],[74.284,24.9944],[74.2873,24.9975],[74.2909,24.9954],[74.2934,24.9984],[74.2945,24.9988],[74.2973,24.9975],[74.2999,24.9946],[74.3031,24.9926],[74.3072,24.9951],[74.3067,24.9963],[74.3076,25.001],[74.3109,25.0048],[74.3169,25.0119],[74.314,25.0154],[74.3195,25.0254],[74.3222,25.0261],[74.3198,25.032],[74.3166,25.0341],[74.314,25.038],[74.3109,25.0379],[74.3059,25.0376],[74.2962,25.0382],[74.2986,25.0435],[74.2777,25.0598],[74.2739,25.0628],[74.2657,25.0615],[74.2595,25.0651],[74.265,25.0696],[74.2729,25.0669],[74.2777,25.0783],[74.2783,25.0861],[74.2812,25.0909],[74.284,25.1026],[74.2965,25.0979],[74.3118,25.114],[74.3205,25.1199],[74.3269,25.1257],[74.3382,25.1222],[74.3458,25.1223],[74.3486,25.1392],[74.3543,25.15],[74.3638,25.1585],[74.3711,25.1587],[74.3798,25.154],[74.3876,25.1715],[74.3876,25.1815],[74.3859,25.1839],[74.3814,25.1859],[74.3759,25.19],[74.374,25.1936],[74.3742,25.1944],[74.3733,25.1963],[74.3888,25.1953],[74.3928,25.2006],[74.3977,25.2048],[74.402,25.1998],[74.3957,25.1878],[74.4058,25.1865],[74.415,25.2025],[74.4266,25.1898],[74.4322,25.1814],[74.4357,25.1778],[74.4444,25.177],[74.4478,25.1775],[74.4491,25.1686],[74.4558,25.1687],[74.4588,25.1672],[74.4792,25.1863],[74.4968,25.2065],[74.5121,25.203],[74.5098,25.1949],[74.5116,25.187],[74.5144,25.1815],[74.5361,25.1818],[74.5536,25.1766],[74.5499,25.168],[74.5447,25.1685],[74.5452,25.1635],[74.5493,25.1578],[74.5497,25.1546],[74.5376,25.1488],[74.5344,25.1463],[74.5352,25.144],[74.536,25.1437],[74.558,25.1352],[74.5646,25.1334],[74.5706,25.1449],[74.577,25.1484],[74.5801,25.1486],[74.5913,25.1493],[74.6094,25.1452],[74.6134,25.1429],[74.6331,25.1608],[74.6444,25.1668],[74.6531,25.1772],[74.6585,25.1826],[74.664,25.1811],[74.6811,25.1767],[74.686,25.1811],[74.6902,25.1775],[74.6949,25.1803],[74.7037,25.1992],[74.7139,25.2053],[74.7221,25.2061],[74.7279,25.1843],[74.7219,25.1825],[74.7183,25.1711],[74.7276,25.1699],[74.7338,25.1769],[74.7422,25.1771],[74.7473,25.182],[74.7495,25.1871],[74.7481,25.1945],[74.7477,25.2114],[74.7504,25.2172],[74.7548,25.2146],[74.7621,25.2103],[74.7768,25.2061],[74.7841,25.1981],[74.7876,25.1817]]],[[[75.4108,25.0233],[75.4165,25.0221],[75.4256,25.0237],[75.4396,25.0237],[75.4528,25.0257],[75.4522,25.0233],[75.456,25.0217],[75.4704,25.024],[75.4778,25.0244],[75.4854,25.0229],[75.4902,25.0208],[75.4948,25.0201],[75.5013,25.0236],[75.5129,25.0208],[75.5289,25.0196],[75.5394,25.0192],[75.5577,25.0186],[75.5691,25.0195],[75.5763,25.0229],[75.5891,25.0233],[75.6011,25.0209],[75.6143,25.0172],[75.615,25.0079],[75.625,25.0026],[75.6223,24.9972],[75.6241,24.9962],[75.6236,24.9926],[75.626,24.9908],[75.6417,24.9839],[75.656,24.9746],[75.6569,24.9619],[75.66,24.9545],[75.6665,24.9448],[75.6863,24.9275],[75.6931,24.9253],[75.6979,24.9212],[75.7014,24.9168],[75.7109,24.9125],[75.7165,24.9081],[75.7286,24.902],[75.7463,24.8894],[75.7611,24.8763],[75.767,24.8734],[75.7874,24.868],[75.8218,24.8669],[75.8192,24.8457],[75.8144,24.8232],[75.8105,24.8188],[75.8082,24.814],[75.8065,24.8062],[75.8053,24.793],[75.8034,24.7848],[75.8004,24.7786],[75.7891,24.7614],[75.7836,24.759],[75.7755,24.7579],[75.7625,24.7607],[75.7446,24.7562],[75.7336,24.7514],[75.7258,24.746],[75.7145,24.7413],[75.6827,24.7238],[75.6618,24.6977],[75.6366,24.6871],[75.6158,24.6844],[75.6119,24.686],[75.6051,24.6973],[75.5844,24.7187],[75.5715,24.7159],[75.5546,24.7098],[75.551,24.7116],[75.551,24.7116],[75.5436,24.7128],[75.5375,24.7161],[75.5299,24.714],[75.5082,24.7055],[75.4858,24.6937],[75.4541,24.6894],[75.4397,24.6917],[75.4219,24.6961],[75.3986,24.7008],[75.3802,24.7026],[75.366,24.7058],[75.3529,24.7133],[75.3063,24.717],[75.2878,24.7222],[75.2692,24.729],[75.2639,24.7294],[75.2514,24.7255],[75.2443,24.7268],[75.2303,24.7315],[75.2259,24.7318],[75.2232,24.7298],[75.2212,24.7194],[75.2187,24.7188],[75.2037,24.7425],[75.2,24.7533],[75.1974,24.7564],[75.1886,24.7567],[75.1874,24.7594],[75.1873,24.7644],[75.1895,24.7665],[75.1913,24.771],[75.1941,24.7851],[75.1972,24.7861],[75.2046,24.7852],[75.2055,24.7888],[75.2046,24.7927],[75.2055,24.7981],[75.2083,24.8063],[75.2193,24.8168],[75.2244,24.8153],[75.2386,24.8166],[75.2433,24.8158],[75.2487,24.8182],[75.2515,24.8227],[75.2536,24.8285],[75.2539,24.8335],[75.2517,24.8371],[75.2482,24.8405],[75.2431,24.8432],[75.2358,24.843],[75.2297,24.8441],[75.2275,24.8474],[75.228,24.8512],[75.2237,24.8545],[75.2205,24.8558],[75.2124,24.8678],[75.2087,24.8755],[75.2033,24.8806],[75.2049,24.8845],[75.2081,24.888],[75.2102,24.8941],[75.2095,24.901],[75.2102,24.9064],[75.2147,24.9064],[75.2213,24.9028],[75.2234,24.8991],[75.2217,24.8885],[75.2255,24.8864],[75.2327,24.8907],[75.2382,24.8956],[75.2433,24.8989],[75.2465,24.8983],[75.2498,24.8962],[75.252,24.892],[75.2501,24.8772],[75.2387,24.8672],[75.2294,24.8555],[75.2315,24.8538],[75.2361,24.8546],[75.2437,24.8573],[75.2497,24.8558],[75.2544,24.8558],[75.2619,24.8538],[75.2733,24.8527],[75.281,24.8498],[75.2859,24.8463],[75.2925,24.8372],[75.2963,24.8267],[75.2998,24.8226],[75.3005,24.8162],[75.3026,24.8115],[75.3078,24.8096],[75.3151,24.8098],[75.322,24.814],[75.3258,24.8202],[75.3324,24.828],[75.3396,24.8299],[75.3463,24.829],[75.3573,24.8336],[75.3662,24.8387],[75.402,24.8511],[75.4129,24.8574],[75.4195,24.8601],[75.4197,24.8648],[75.423,24.8735],[75.423,24.8778],[75.4267,24.8889],[75.4166,24.8892],[75.4099,24.8881],[75.4011,24.8845],[75.3743,24.8742],[75.3523,24.8812],[75.3376,24.8829],[75.3282,24.8832],[75.3235,24.8789],[75.3199,24.8714],[75.3135,24.8657],[75.3012,24.8665],[75.2963,24.8676],[75.2902,24.876],[75.2814,24.8808],[75.2748,24.8832],[75.2672,24.8845],[75.2636,24.886],[75.2618,24.8961],[75.2629,24.9016],[75.2664,24.9036],[75.2692,24.9105],[75.2739,24.9142],[75.2763,24.9133],[75.277,24.9106],[75.2801,24.9094],[75.2809,24.9138],[75.2846,24.9188],[75.287,24.9191],[75.2901,24.9168],[75.2941,24.9172],[75.2953,24.9194],[75.2934,24.9212],[75.2901,24.9225],[75.2871,24.9334],[75.278,24.9365],[75.2795,24.9442],[75.2739,24.9457],[75.2722,24.9526],[75.2685,24.9582],[75.2707,24.9618],[75.2737,24.9645],[75.2782,24.973],[75.2876,24.9729],[75.2878,24.9604],[75.2904,24.9589],[75.29,24.9559],[75.2921,24.9524],[75.2927,24.9483],[75.2966,24.945],[75.3024,24.9431],[75.3049,24.9394],[75.3058,24.9364],[75.3045,24.9311],[75.3054,24.9269],[75.3084,24.9252],[75.3106,24.9225],[75.3144,24.9073],[75.3143,24.8962],[75.3161,24.8967],[75.3198,24.9035],[75.3277,24.9343],[75.3311,24.9419],[75.3366,24.9468],[75.3398,24.9593],[75.3378,24.9609],[75.3361,24.9637],[75.3336,24.9723],[75.3287,24.9724],[75.3255,24.9785],[75.3244,24.9858],[75.3244,24.9923],[75.3255,24.9971],[75.3213,25.0027],[75.3249,25.0096],[75.3319,25.0138],[75.3455,25.0185],[75.3531,25.021],[75.3613,25.0144],[75.3779,25.0172],[75.3844,25.0181],[75.3933,25.0196],[75.3973,25.0246],[75.4108,25.0233]]]]},"properties":{"district_name":"Chittaurgarh","raw_district_name":"Chittaurgarh","state_code":"RJ","state_name":"Rajasthan","census_code":126,"data_source":"DataMeet India Maps (Census 2011 Boundaries)"}},{"type":"Feature","geometry":{"type":"Polygon","coordinates":[[[75.4506,28.9756],[75.4515,28.975],[75.4531,28.9754],[75.4575,28.9717],[75.4537,28.9682],[75.4505,28.9624],[75.4693,28.9442],[75.4724,28.9345],[75.4777,28.9348],[75.4759,28.9231],[75.4934,28.8985],[75.4972,28.8951],[75.4967,28.8564],[75.5064,28.8529],[75.5078,28.8471],[75.5114,28.8427],[75.5192,28.8401],[75.522,28.8333],[75.5174,28.812],[75.5118,28.806],[75.5125,28.7935],[75.5071,28.7844],[75.5136,28.7795],[75.5247,28.7689],[75.5305,28.7528],[75.5375,28.7469],[75.5346,28.7396],[75.5395,28.7295],[75.54,28.7139],[75.5439,28.685],[75.5451,28.6788],[75.5482,28.6726],[75.5463,28.6579],[75.5491,28.6519],[75.548,28.6454],[75.5574,28.6397],[75.5641,28.6111],[75.5854,28.6132],[75.5933,28.6029],[75.6177,28.6023],[75.6265,28.5986],[75.6284,28.5956],[75.6274,28.5851],[75.6336,28.5549],[75.6374,28.5424],[75.645,28.5439],[75.6518,28.5393],[75.6619,28.5369],[75.6717,28.5324],[75.6738,28.5296],[75.6723,28.5172],[75.6712,28.5128],[75.6682,28.5088],[75.6646,28.5076],[75.6539,28.5069],[75.6492,28.5059],[75.6416,28.5062],[75.6392,28.5096],[75.616,28.5055],[75.614,28.5022],[75.6132,28.498],[75.6132,28.4826],[75.6059,28.4563],[75.6036,28.4508],[75.6048,28.446],[75.6009,28.4451],[75.595,28.4457],[75.5906,28.4441],[75.5908,28.4396],[75.5924,28.4342],[75.5951,28.4326],[75.5974,28.4291],[75.6058,28.4245],[75.61,28.4195],[75.6137,28.4127],[75.6153,28.4062],[75.6018,28.405],[75.5971,28.4071],[75.5886,28.4079],[75.5737,28.4082],[75.5717,28.4071],[75.57,28.3984],[75.5718,28.3778],[75.5645,28.3776],[75.5602,28.3784],[75.5453,28.3754],[75.5448,28.3795],[75.5428,28.3814],[75.5356,28.3806],[75.5319,28.3783],[75.5308,28.373],[75.5244,28.3717],[75.5188,28.3696],[75.5158,28.365],[75.5153,28.3603],[75.5107,28.344],[75.5087,28.34],[75.5018,28.3369],[75.4985,28.3377],[75.4941,28.34],[75.4865,28.3409],[75.4782,28.341],[75.462,28.3381],[75.457,28.3418],[75.454,28.3456],[75.4483,28.3632],[75.438,28.3644],[75.4185,28.3608],[75.4195,28.3415],[75.4143,28.3393],[75.4069,28.3369],[75.3885,28.3381],[75.3831,28.3379],[75.3743,28.3435],[75.3728,28.3453],[75.3694,28.3466],[75.3653,28.3472],[75.3636,28.3493],[75.3597,28.3513],[75.3582,28.3542],[75.3553,28.3542],[75.3531,28.3553],[75.3468,28.3621],[75.3416,28.3654],[75.3367,28.3657],[75.3351,28.3669],[75.3313,28.3771],[75.3313,28.3914],[75.3304,28.3957],[75.326,28.3972],[75.3223,28.4026],[75.3176,28.4054],[75.3158,28.4104],[75.3034,28.4196],[75.3039,28.4235],[75.302,28.4256],[75.2986,28.4268],[75.2923,28.4256],[75.2795,28.4496],[75.2695,28.4493],[75.2651,28.4504],[75.2606,28.4529],[75.2539,28.4597],[75.2495,28.4591],[75.2415,28.4555],[75.2347,28.4554],[75.2356,28.4469],[75.2354,28.4355],[75.2312,28.4322],[75.2238,28.4283],[75.2201,28.4204],[75.2199,28.4154],[75.2213,28.4076],[75.2238,28.4042],[75.2299,28.3995],[75.2261,28.3951],[75.2185,28.3904],[75.2003,28.3842],[75.1925,28.3804],[75.1842,28.3842],[75.1795,28.384],[75.1691,28.3789],[75.1672,28.3791],[75.1639,28.397],[75.1609,28.406],[75.1584,28.4076],[75.1523,28.4078],[75.1442,28.407],[75.1364,28.4046],[75.1315,28.4016],[75.1297,28.3977],[75.1296,28.3941],[75.1386,28.3873],[75.1453,28.3839],[75.1516,28.3794],[75.1504,28.3764],[75.1519,28.3708],[75.1582,28.3566],[75.1634,28.3486],[75.1648,28.3447],[75.1646,28.338],[75.1595,28.3358],[75.1536,28.3322],[75.1519,28.3303],[75.1532,28.3238],[75.157,28.3121],[75.1493,28.3071],[75.1461,28.304],[75.1486,28.2967],[75.1489,28.2916],[75.1416,28.2886],[75.1326,28.2872],[75.1248,28.2848],[75.109,28.2724],[75.1049,28.2683],[75.101,28.266],[75.0907,28.2643],[75.084,28.2623],[75.0777,28.2642],[75.0724,28.2623],[75.0635,28.2578],[75.0502,28.2531],[75.0498,28.2489],[75.0453,28.2446],[75.0444,28.2398],[75.0481,28.234],[75.0478,28.2306],[75.0494,28.226],[75.046,28.223],[75.0421,28.2216],[75.039,28.2167],[75.0307,28.2128],[75.0314,28.2087],[75.0278,28.2056],[75.0275,28.2009],[75.0296,28.1982],[75.0244,28.1968],[75.0147,28.1925],[75.0123,28.1949],[75.0094,28.1964],[75.0077,28.2006],[75,28.201],[74.9925,28.1987],[74.9659,28.1947],[74.9481,28.1873],[74.9444,28.1884],[74.9389,28.1946],[74.9342,28.1956],[74.9214,28.1958],[74.9178,28.1969],[74.912,28.1958],[74.9043,28.1932],[74.8983,28.1931],[74.8926,28.1919],[74.8874,28.1876],[74.8859,28.1834],[74.8838,28.1712],[74.8813,28.1682],[74.8681,28.1451],[74.861,28.1404],[74.859,28.1404],[74.857,28.1413],[74.8579,28.1386],[74.8566,28.1336],[74.8381,28.1227],[74.8299,28.1147],[74.823,28.1128],[74.8165,28.1128],[74.811,28.1138],[74.8067,28.116],[74.8025,28.117],[74.7982,28.1166],[74.7939,28.113],[74.7895,28.1048],[74.787,28.0848],[74.788,28.0778],[74.7922,28.0736],[74.7961,28.0722],[74.8058,28.0638],[74.8083,28.0583],[74.8034,28.0408],[74.8034,28.0308],[74.7964,28.028],[74.7944,28.023],[74.7927,28.0061],[74.7856,28.0005],[74.7723,27.9927],[74.7665,27.9894],[74.7613,27.9877],[74.7644,27.9815],[74.7685,27.9767],[74.7812,27.9556],[74.8016,27.9443],[74.8115,27.94],[74.8211,27.938],[74.8243,27.9286],[74.8309,27.9196],[74.8291,27.9105],[74.8213,27.9072],[74.8009,27.8963],[74.7932,27.8962],[74.7841,27.899],[74.765,27.8953],[74.7511,27.8902],[74.7383,27.8891],[74.7349,27.8818],[74.7371,27.8779],[74.7434,27.8756],[74.7367,27.8706],[74.7312,27.8685],[74.7295,27.8671],[74.7296,27.8624],[74.7352,27.858],[74.7407,27.8552],[74.7504,27.8576],[74.7672,27.8541],[74.7685,27.8464],[74.78,27.832],[74.7968,27.8369],[74.8087,27.818],[74.8106,27.815],[74.8173,27.7997],[74.7967,27.7915],[74.7996,27.7849],[74.7876,27.7821],[74.7875,27.7779],[74.7756,27.7711],[74.7683,27.7686],[74.7611,27.765],[74.7539,27.7671],[74.7413,27.7644],[74.7308,27.7419],[74.7281,27.7338],[74.7276,27.7273],[74.7286,27.7228],[74.7273,27.7176],[74.7369,27.7199],[74.7438,27.7193],[74.7525,27.7168],[74.7489,27.6979],[74.7487,27.6894],[74.7447,27.6852],[74.7402,27.6827],[74.737,27.6791],[74.731,27.676],[74.7134,27.6763],[74.6982,27.6743],[74.6907,27.6726],[74.681,27.6672],[74.6801,27.6667],[74.6739,27.6649],[74.6673,27.6605],[74.6527,27.6535],[74.6376,27.6512],[74.6283,27.6482],[74.6134,27.6614],[74.6124,27.6672],[74.6068,27.6763],[74.6079,27.6792],[74.6121,27.6835],[74.6196,27.6864],[74.6255,27.6922],[74.6265,27.6978],[74.6198,27.6984],[74.6147,27.7012],[74.6109,27.7059],[74.6064,27.705],[74.5847,27.6893],[74.573,27.6767],[74.5595,27.6664],[74.5484,27.6619],[74.5388,27.6635],[74.5363,27.6671],[74.5256,27.6746],[74.5022,27.665],[74.4956,27.6656],[74.494,27.6771],[74.4916,27.6849],[74.4872,27.6848],[74.4788,27.6827],[74.4714,27.6822],[74.4642,27.6789],[74.4603,27.6835],[74.4566,27.6851],[74.4557,27.6896],[74.4508,27.6912],[74.4462,27.6903],[74.4421,27.6916],[74.4325,27.6887],[74.4195,27.6881],[74.4097,27.6863],[74.4062,27.6924],[74.4016,27.6979],[74.3981,27.6961],[74.389,27.6898],[74.379,27.6868],[74.3719,27.6825],[74.3438,27.6794],[74.3412,27.6734],[74.3345,27.6729],[74.3335,27.658],[74.3259,27.6558],[74.3199,27.6516],[74.3091,27.6482],[74.3132,27.6342],[74.297,27.6309],[74.2886,27.6282],[74.282,27.6236],[74.2785,27.6191],[74.2759,27.6103],[74.2657,27.6068],[74.2573,27.6023],[74.2582,27.5919],[74.2583,27.5708],[74.2575,27.5631],[74.2486,27.5582],[74.2489,27.5515],[74.2436,27.5439],[74.2407,27.538],[74.2387,27.5264],[74.2187,27.512],[74.206,27.5061],[74.1964,27.4955],[74.1935,27.4875],[74.193,27.4806],[74.197,27.4774],[74.2065,27.4753],[74.2076,27.4702],[74.2108,27.4688],[74.2122,27.4685],[74.2066,27.4628],[74.2031,27.4547],[74.2036,27.4317],[74.2047,27.4238],[74.2019,27.423],[74.1911,27.4242],[74.1815,27.4228],[74.1749,27.4188],[74.1648,27.4148],[74.1597,27.412],[74.1541,27.4106],[74.1502,27.4164],[74.1432,27.4225],[74.1414,27.4283],[74.1446,27.429],[74.15,27.4331],[74.1498,27.4408],[74.1401,27.4543],[74.1373,27.4606],[74.1332,27.4621],[74.12,27.4624],[74.1172,27.4664],[74.1151,27.4715],[74.1123,27.4739],[74.1071,27.4763],[74.0821,27.479],[74.0821,27.4824],[74.0766,27.4922],[74.0718,27.4953],[74.0674,27.4967],[74.0672,27.5059],[74.0604,27.5104],[74.0552,27.5161],[74.0527,27.5205],[74.041,27.5258],[74.036,27.529],[74.0302,27.5349],[74.0107,27.5216],[74.0095,27.5183],[74.0114,27.5136],[74.0068,27.5127],[74,27.5133],[73.9959,27.5102],[73.994,27.5077],[73.991,27.5086],[73.9877,27.5122],[73.9796,27.5077],[73.9737,27.5059],[73.9596,27.5074],[73.9553,27.5087],[73.9508,27.5128],[73.9414,27.5104],[73.9356,27.5073],[73.9296,27.506],[73.9156,27.5006],[73.9021,27.4963],[73.8919,27.5016],[73.8917,27.5025],[73.8917,27.5048],[73.8917,27.5063],[73.8898,27.5112],[73.8888,27.5145],[73.8881,27.5156],[73.8875,27.5167],[73.8869,27.5174],[73.8866,27.5181],[73.8838,27.525],[73.8815,27.5305],[73.8798,27.5362],[73.8792,27.5381],[73.8782,27.5394],[73.8762,27.5429],[73.8795,27.5446],[73.8812,27.5455],[73.8831,27.5467],[73.8838,27.5477],[73.8842,27.5487],[73.8843,27.5497],[73.8848,27.5514],[73.8853,27.5523],[73.8854,27.5547],[73.8854,27.559],[73.8852,27.5602],[73.8843,27.5617],[73.8834,27.5629],[73.8826,27.5638],[73.8818,27.5649],[73.8813,27.5662],[73.8809,27.5681],[73.8812,27.5699],[73.8802,27.5725],[73.879,27.5752],[73.8779,27.577],[73.8759,27.58],[73.8778,27.5818],[73.8781,27.584],[73.8788,27.5857],[73.8794,27.587],[73.8791,27.5886],[73.8807,27.5903],[73.8815,27.5914],[73.8819,27.5923],[73.8848,27.595],[73.8869,27.5966],[73.8888,27.598],[73.8963,27.6023],[73.8955,27.6034],[73.8949,27.6044],[73.8938,27.6054],[73.8929,27.6055],[73.8915,27.606],[73.89,27.6069],[73.8887,27.6078],[73.888,27.6111],[73.8875,27.6132],[73.8875,27.614],[73.8872,27.6151],[73.8864,27.6156],[73.8862,27.6165],[73.8858,27.6218],[73.8835,27.6239],[73.8827,27.625],[73.8807,27.6277],[73.8807,27.6303],[73.8795,27.6325],[73.8789,27.6347],[73.8781,27.6365],[73.8775,27.6377],[73.8768,27.6383],[73.8765,27.6425],[73.8759,27.6434],[73.8756,27.6447],[73.875,27.646],[73.874,27.6475],[73.873,27.6474],[73.8719,27.6476],[73.8703,27.6491],[73.8695,27.6496],[73.8684,27.649],[73.8657,27.6506],[73.8641,27.6524],[73.8617,27.6552],[73.8601,27.6581],[73.8589,27.6596],[73.8595,27.6605],[73.8612,27.6609],[73.8626,27.6614],[73.8646,27.6617],[73.8665,27.6622],[73.8675,27.6625],[73.8703,27.663],[73.8716,27.663],[73.8728,27.666],[73.8726,27.6687],[73.8722,27.6714],[73.8712,27.6735],[73.8703,27.6753],[73.87,27.6769],[73.8693,27.6791],[73.8686,27.6811],[73.8677,27.6831],[73.8672,27.685],[73.8672,27.687],[73.8682,27.6885],[73.8695,27.6899],[73.8707,27.6907],[73.871,27.6909],[73.8729,27.6921],[73.8748,27.6923],[73.8768,27.6942],[73.8771,27.6951],[73.8775,27.6964],[73.8779,27.6976],[73.8781,27.6987],[73.8778,27.7003],[73.8778,27.7028],[73.8782,27.7038],[73.8778,27.7053],[73.8776,27.7061],[73.8777,27.7071],[73.8773,27.7089],[73.8766,27.7107],[73.8757,27.7121],[73.8748,27.7127],[73.8748,27.7137],[73.8755,27.7149],[73.8754,27.716],[73.8726,27.7175],[73.8713,27.7185],[73.8705,27.7195],[73.8697,27.7213],[73.8698,27.7229],[73.8704,27.7245],[73.8701,27.7255],[73.8695,27.7268],[73.8689,27.7276],[73.868,27.7278],[73.867,27.7285],[73.8668,27.7295],[73.8668,27.7304],[73.8658,27.7314],[73.8651,27.7327],[73.8648,27.7338],[73.8657,27.7356],[73.8649,27.7384],[73.8675,27.7403],[73.8681,27.7409],[73.8682,27.7425],[73.868,27.7437],[73.8694,27.7449],[73.8693,27.748],[73.8695,27.7497],[73.8701,27.7515],[73.8693,27.753],[73.8691,27.7539],[73.8691,27.7554],[73.8686,27.7563],[73.8688,27.7572],[73.8679,27.7593],[73.8676,27.766],[73.8686,27.7701],[73.8685,27.7715],[73.8686,27.7733],[73.8687,27.7755],[73.8697,27.7756],[73.8693,27.7768],[73.8689,27.7776],[73.8687,27.7785],[73.8693,27.7796],[73.8702,27.7801],[73.8717,27.7809],[73.8734,27.7815],[73.8747,27.782],[73.8765,27.7827],[73.8799,27.786],[73.8815,27.7871],[73.8831,27.7876],[73.8838,27.7878],[73.8848,27.7886],[73.8922,27.7873],[73.8925,27.7871],[73.8928,27.7871],[73.8938,27.7879],[73.8969,27.7886],[73.8981,27.7887],[73.9,27.7892],[73.9024,27.7895],[73.9087,27.7875],[73.9103,27.7864],[73.911,27.7861],[73.9116,27.786],[73.9131,27.7857],[73.9155,27.7842],[73.9163,27.7835],[73.9167,27.7833],[73.9175,27.7835],[73.9201,27.7838],[73.9226,27.7828],[73.9233,27.7824],[73.9237,27.7823],[73.924,27.7823],[73.9242,27.7823],[73.9244,27.7824],[73.9266,27.783],[73.9272,27.7833],[73.9298,27.784],[73.932,27.7844],[73.9329,27.7848],[73.936,27.7863],[73.9362,27.7863],[73.9376,27.7867],[73.9384,27.7872],[73.941,27.789],[73.9427,27.7896],[73.9441,27.7899],[73.9457,27.7905],[73.9458,27.7905],[73.9469,27.791],[73.9479,27.7915],[73.9482,27.7917],[73.9504,27.7928],[73.9532,27.7939],[73.9544,27.7947],[73.9558,27.796],[73.9566,27.7978],[73.9572,27.7983],[73.9582,27.7989],[73.9588,27.8001],[73.9594,27.8011],[73.9621,27.802],[73.9627,27.8021],[73.9633,27.8022],[73.9642,27.8023],[73.967,27.8021],[73.9688,27.802],[73.97,27.8022],[73.9712,27.8023],[73.9719,27.8024],[73.9727,27.8024],[73.9735,27.8025],[73.9746,27.8024],[73.9759,27.802],[73.9768,27.8019],[73.9771,27.8019],[73.9785,27.8019],[73.979,27.8019],[73.9804,27.8021],[73.9818,27.8023],[73.9821,27.8025],[73.9833,27.803],[73.9844,27.8036],[73.9875,27.8055],[73.9883,27.8062],[73.9898,27.8066],[73.9906,27.8066],[73.9909,27.8066],[73.9959,27.8044],[73.9969,27.8021],[73.9975,27.8011],[73.9987,27.7983],[73.9988,27.7977],[73.9995,27.7964],[74,27.7955],[74.0012,27.7932],[74.0014,27.7928],[74.0028,27.7898],[74.0036,27.7889],[74.0156,27.7826],[74.0166,27.7819],[74.0168,27.7818],[74.0188,27.7801],[74.02,27.7795],[74.0222,27.7775],[74.0233,27.7768],[74.0247,27.7761],[74.0249,27.7759],[74.0264,27.7745],[74.0271,27.774],[74.0283,27.7723],[74.0299,27.771],[74.0304,27.7706],[74.0285,27.7685],[74.0286,27.7683],[74.0288,27.7679],[74.0242,27.7621],[74.0231,27.7606],[74.0209,27.7578],[74.0199,27.7568],[74.0188,27.7555],[74.0184,27.7551],[74.0175,27.754],[74.0174,27.7537],[74.0156,27.7512],[74.0151,27.7507],[74.0146,27.75],[74.0118,27.7472],[74.0078,27.7437],[74.0062,27.7413],[74.0055,27.7403],[74.0028,27.7377],[74.0019,27.7367],[73.9982,27.7339],[74.0002,27.7332],[74.005,27.7304],[74.0061,27.7297],[74.0125,27.7262],[74.0174,27.7232],[74.0181,27.7228],[74.0198,27.7218],[74.0199,27.7217],[74.0203,27.7214],[74.0251,27.724],[74.0275,27.7255],[74.0295,27.7275],[74.0316,27.7287],[74.0326,27.7292],[74.0333,27.7295],[74.0351,27.7299],[74.0375,27.7273],[74.0376,27.7265],[74.0389,27.7239],[74.0391,27.7235],[74.0393,27.7231],[74.0478,27.7222],[74.0485,27.7225],[74.0516,27.7241],[74.0536,27.7251],[74.0566,27.7266],[74.0606,27.728],[74.061,27.7282],[74.0645,27.7296],[74.0674,27.7341],[74.0674,27.7375],[74.0674,27.7401],[74.0675,27.7403],[74.0682,27.7409],[74.0717,27.7428],[74.0734,27.7438],[74.0739,27.7444],[74.0744,27.7452],[74.0761,27.7479],[74.0765,27.7486],[74.0775,27.75],[74.0789,27.753],[74.0809,27.756],[74.0827,27.7591],[74.0845,27.7622],[74.0849,27.763],[74.0855,27.7639],[74.0879,27.7683],[74.0876,27.7713],[74.0883,27.7724],[74.0883,27.7727],[74.0905,27.7734],[74.0914,27.7737],[74.0924,27.7741],[74.0951,27.7764],[74.0962,27.7784],[74.0969,27.7799],[74.0976,27.7808],[74.0986,27.7819],[74.0994,27.7825],[74.0999,27.7826],[74.1022,27.7841],[74.104,27.7845],[74.107,27.7863],[74.1075,27.7866],[74.1082,27.7873],[74.1102,27.788],[74.1107,27.7882],[74.1111,27.7893],[74.1117,27.7906],[74.1124,27.791],[74.1144,27.7924],[74.1147,27.7925],[74.1154,27.7928],[74.117,27.7946],[74.117,27.7948],[74.1191,27.7956],[74.12,27.7963],[74.1203,27.7973],[74.1207,27.7975],[74.122,27.7969],[74.1238,27.7964],[74.1251,27.7964],[74.1289,27.7964],[74.13,27.7965],[74.1318,27.7971],[74.1328,27.7975],[74.1333,27.7977],[74.1337,27.7976],[74.138,27.7994],[74.1382,27.7995],[74.1397,27.8003],[74.14,27.8005],[74.1405,27.8008],[74.1417,27.8013],[74.1423,27.8015],[74.1428,27.8014],[74.1444,27.8012],[74.1451,27.8011],[74.146,27.8012],[74.1465,27.8013],[74.1471,27.801],[74.1474,27.8008],[74.1476,27.8007],[74.1479,27.8008],[74.15,27.8002],[74.153,27.7991],[74.1537,27.7989],[74.1541,27.7989],[74.1566,27.7996],[74.1573,27.7966],[74.1613,27.7957],[74.1624,27.7956],[74.1641,27.7956],[74.1647,27.7956],[74.165,27.7956],[74.1658,27.7953],[74.1678,27.7948],[74.1698,27.7945],[74.1717,27.7946],[74.1726,27.7947],[74.1731,27.7947],[74.1773,27.7961],[74.1779,27.7963],[74.1799,27.7967],[74.1861,27.8016],[74.1863,27.8019],[74.1869,27.8022],[74.188,27.8025],[74.1886,27.8027],[74.1917,27.8042],[74.1924,27.8047],[74.1926,27.8047],[74.1947,27.8072],[74.1951,27.8073],[74.1969,27.8078],[74.1983,27.8084],[74.2001,27.8092],[74.2039,27.8102],[74.206,27.8095],[74.2062,27.8093],[74.2077,27.8095],[74.2098,27.8098],[74.2102,27.8105],[74.2163,27.8133],[74.22,27.8127],[74.2208,27.8125],[74.2209,27.8127],[74.2209,27.8131],[74.2246,27.8161],[74.225,27.8161],[74.2276,27.8169],[74.2278,27.8175],[74.2282,27.8199],[74.2285,27.82],[74.2288,27.8206],[74.2287,27.8222],[74.2303,27.8253],[74.2298,27.8272],[74.2298,27.8278],[74.2299,27.8283],[74.2301,27.8286],[74.2311,27.8314],[74.231,27.8321],[74.2309,27.8329],[74.2309,27.8332],[74.2309,27.8335],[74.2311,27.8338],[74.2318,27.8404],[74.2317,27.8409],[74.23,27.8441],[74.2299,27.8443],[74.2299,27.8446],[74.2297,27.8473],[74.2295,27.8479],[74.2295,27.849],[74.2296,27.8497],[74.2295,27.8524],[74.2289,27.8546],[74.2288,27.8554],[74.2285,27.857],[74.2278,27.8613],[74.2277,27.8625],[74.2261,27.8657],[74.2258,27.8661],[74.2258,27.867],[74.2248,27.87],[74.2232,27.8716],[74.2228,27.8722],[74.2221,27.8731],[74.2209,27.8749],[74.2215,27.8767],[74.2216,27.877],[74.2208,27.8788],[74.2208,27.8818],[74.222,27.8846],[74.2225,27.885],[74.2225,27.8856],[74.2225,27.8859],[74.2239,27.8903],[74.2245,27.8906],[74.2248,27.8908],[74.2248,27.8914],[74.2243,27.8929],[74.2242,27.8936],[74.224,27.8943],[74.2253,27.8991],[74.2299,27.9036],[74.2347,27.9054],[74.2364,27.9052],[74.2365,27.9055],[74.2365,27.908],[74.2365,27.9083],[74.2381,27.9115],[74.2387,27.9126],[74.2389,27.913],[74.239,27.9134],[74.2405,27.9166],[74.2406,27.9168],[74.241,27.9174],[74.2422,27.9192],[74.2434,27.9205],[74.2445,27.9224],[74.2455,27.9234],[74.2474,27.9253],[74.2496,27.9272],[74.2506,27.9294],[74.2511,27.9299],[74.2516,27.9304],[74.2519,27.931],[74.2521,27.9314],[74.2501,27.9345],[74.2494,27.9346],[74.2487,27.9354],[74.248,27.9368],[74.248,27.9368],[74.2498,27.944],[74.2511,27.9443],[74.2515,27.9443],[74.2505,27.9455],[74.2503,27.9458],[74.2484,27.9462],[74.2467,27.9469],[74.2458,27.9497],[74.2458,27.95],[74.2409,27.9553],[74.2403,27.9553],[74.2399,27.9556],[74.2397,27.9562],[74.2396,27.9564],[74.2391,27.9583],[74.237,27.9613],[74.2354,27.9631],[74.2369,27.9657],[74.2381,27.9662],[74.2392,27.9666],[74.2406,27.9672],[74.2427,27.9682],[74.2452,27.9754],[74.2449,27.9761],[74.2435,27.9786],[74.2433,27.9791],[74.243,27.9801],[74.2426,27.9813],[74.2424,27.982],[74.2424,27.9824],[74.2435,27.9871],[74.2433,27.9881],[74.2428,27.9899],[74.2427,27.9912],[74.2426,27.9917],[74.2415,27.9936],[74.2414,27.9961],[74.2421,27.9992],[74.245,28.0019],[74.2481,28.0043],[74.2488,28.0048],[74.2496,28.0053],[74.2518,28.0088],[74.2527,28.0093],[74.2533,28.0099],[74.2548,28.0114],[74.2549,28.0117],[74.256,28.0134],[74.2593,28.0157],[74.2607,28.0158],[74.261,28.0158],[74.2623,28.016],[74.2628,28.0161],[74.2647,28.0166],[74.2651,28.0167],[74.2653,28.0168],[74.2681,28.0192],[74.2688,28.0197],[74.2696,28.0203],[74.2721,28.0219],[74.2732,28.0224],[74.2735,28.0227],[74.2739,28.0231],[74.2758,28.0246],[74.2772,28.0253],[74.2781,28.0257],[74.2799,28.0268],[74.2848,28.0328],[74.285,28.0331],[74.2859,28.0348],[74.2867,28.0368],[74.2874,28.0376],[74.2885,28.0396],[74.2896,28.0415],[74.2903,28.0421],[74.2904,28.0448],[74.2915,28.0449],[74.2935,28.0451],[74.2975,28.0519],[74.2971,28.0525],[74.2967,28.0532],[74.2967,28.0534],[74.2957,28.0559],[74.2955,28.0563],[74.2953,28.0568],[74.295,28.0577],[74.2947,28.0601],[74.2946,28.0604],[74.2944,28.0616],[74.2946,28.0628],[74.2945,28.0645],[74.2943,28.065],[74.2937,28.0656],[74.2923,28.0669],[74.2921,28.0671],[74.2909,28.0712],[74.291,28.0716],[74.2908,28.0722],[74.2905,28.0737],[74.2903,28.0745],[74.2901,28.076],[74.2897,28.0774],[74.2881,28.0799],[74.2868,28.0818],[74.2857,28.0824],[74.2855,28.0826],[74.2847,28.0835],[74.2837,28.0844],[74.282,28.0863],[74.2812,28.087],[74.2808,28.0877],[74.2807,28.0886],[74.2794,28.0914],[74.2793,28.0918],[74.28,28.0926],[74.2809,28.0932],[74.282,28.094],[74.2821,28.094],[74.2835,28.0946],[74.2865,28.0992],[74.2867,28.0999],[74.2872,28.1004],[74.2883,28.1011],[74.2901,28.1033],[74.2903,28.1037],[74.2909,28.1084],[74.2908,28.1089],[74.2912,28.1116],[74.2911,28.112],[74.2916,28.113],[74.2927,28.1138],[74.2935,28.1144],[74.2968,28.1175],[74.2977,28.1248],[74.2973,28.1258],[74.2966,28.1284],[74.2964,28.1288],[74.2959,28.1299],[74.2952,28.1326],[74.295,28.1334],[74.295,28.1342],[74.2953,28.1346],[74.2979,28.1444],[74.2979,28.145],[74.2982,28.1455],[74.2983,28.1455],[74.2988,28.1458],[74.3004,28.1465],[74.3017,28.1471],[74.3027,28.1475],[74.3048,28.1485],[74.306,28.1491],[74.3115,28.1518],[74.3118,28.1519],[74.3127,28.1522],[74.3139,28.1527],[74.3146,28.153],[74.3165,28.1537],[74.319,28.1547],[74.3264,28.1579],[74.3274,28.1584],[74.3333,28.1608],[74.3346,28.1615],[74.3364,28.1622],[74.3385,28.1629],[74.3407,28.1638],[74.3406,28.1667],[74.3412,28.1665],[74.3422,28.1685],[74.3425,28.1688],[74.3441,28.1698],[74.3441,28.1702],[74.3453,28.173],[74.3469,28.1733],[74.3482,28.1735],[74.3484,28.1738],[74.35,28.1752],[74.3506,28.1754],[74.3508,28.1761],[74.3506,28.1768],[74.3507,28.1765],[74.3503,28.1786],[74.3503,28.1799],[74.3502,28.1807],[74.35,28.1815],[74.3497,28.1824],[74.3526,28.189],[74.3528,28.1893],[74.3529,28.1894],[74.3537,28.1906],[74.3545,28.1913],[74.3554,28.192],[74.3558,28.1927],[74.3558,28.1936],[74.3557,28.1944],[74.3554,28.1956],[74.3552,28.1973],[74.3548,28.1981],[74.3554,28.2001],[74.3559,28.2005],[74.3562,28.201],[74.3572,28.2022],[74.3591,28.2069],[74.359,28.2089],[74.359,28.2095],[74.3536,28.2162],[74.3529,28.2162],[74.3523,28.2168],[74.3519,28.218],[74.3518,28.2184],[74.3513,28.2204],[74.351,28.2215],[74.3504,28.2233],[74.3502,28.2245],[74.3498,28.2266],[74.3492,28.2278],[74.3477,28.2289],[74.3466,28.2297],[74.3456,28.2306],[74.3449,28.2311],[74.3435,28.2333],[74.3429,28.2346],[74.3423,28.236],[74.3408,28.2365],[74.3392,28.238],[74.3375,28.2397],[74.3365,28.2407],[74.3358,28.242],[74.3303,28.2458],[74.3302,28.246],[74.3294,28.2471],[74.3272,28.2513],[74.3263,28.2525],[74.3249,28.2546],[74.3244,28.2547],[74.324,28.2548],[74.323,28.2547],[74.3223,28.2545],[74.3217,28.2543],[74.3188,28.2536],[74.3119,28.2531],[74.3097,28.2534],[74.305,28.2541],[74.3036,28.2543],[74.303,28.2543],[74.3023,28.2543],[74.2989,28.2544],[74.2937,28.2552],[74.2927,28.2555],[74.2897,28.2555],[74.2881,28.2563],[74.2871,28.2568],[74.2853,28.2576],[74.2821,28.2587],[74.2808,28.2588],[74.2776,28.2583],[74.2774,28.2581],[74.2762,28.257],[74.275,28.2562],[74.2741,28.2556],[74.2732,28.255],[74.2703,28.2539],[74.2694,28.2535],[74.2685,28.2533],[74.2669,28.2529],[74.2663,28.2527],[74.2655,28.2525],[74.2619,28.2516],[74.2613,28.2517],[74.2588,28.2519],[74.2578,28.2513],[74.2563,28.2508],[74.2553,28.2505],[74.2515,28.2479],[74.25,28.2469],[74.2496,28.247],[74.2488,28.2474],[74.2442,28.2482],[74.2438,28.2481],[74.2435,28.2482],[74.2416,28.2494],[74.2374,28.2503],[74.2358,28.2504],[74.2355,28.2505],[74.2347,28.2514],[74.2347,28.2521],[74.2349,28.2529],[74.2339,28.2566],[74.231,28.258],[74.2303,28.2579],[74.2291,28.2578],[74.2285,28.2592],[74.2274,28.2615],[74.2264,28.2633],[74.2256,28.2645],[74.2241,28.2658],[74.2207,28.2665],[74.2207,28.2691],[74.2203,28.2697],[74.2201,28.2699],[74.2191,28.2707],[74.2167,28.2719],[74.2144,28.2759],[74.2139,28.2771],[74.2128,28.2774],[74.2101,28.2803],[74.2035,28.2802],[74.2024,28.2802],[74.2016,28.2806],[74.2014,28.2813],[74.2011,28.2828],[74.2009,28.2842],[74.1984,28.2864],[74.1997,28.2866],[74.2002,28.2865],[74.1995,28.2941],[74.2014,28.2958],[74.2026,28.2965],[74.2032,28.297],[74.2035,28.2975],[74.2041,28.2983],[74.2046,28.2989],[74.2069,28.3019],[74.2069,28.302],[74.2067,28.3075],[74.2065,28.3083],[74.206,28.3097],[74.2055,28.3106],[74.2047,28.3116],[74.2038,28.3128],[74.2021,28.3153],[74.2007,28.3174],[74.1987,28.3222],[74.1986,28.3228],[74.198,28.3255],[74.1908,28.3276],[74.1868,28.327],[74.1853,28.3264],[74.1841,28.3262],[74.183,28.326],[74.1805,28.3255],[74.1785,28.3249],[74.1765,28.3244],[74.1749,28.3241],[74.1741,28.3239],[74.1733,28.3238],[74.1726,28.3238],[74.1715,28.3239],[74.1674,28.3232],[74.1663,28.3227],[74.164,28.3219],[74.1616,28.3215],[74.1613,28.3215],[74.1591,28.3211],[74.1563,28.3206],[74.1553,28.3204],[74.1524,28.3198],[74.152,28.3197],[74.1519,28.3226],[74.1522,28.3238],[74.1524,28.3243],[74.1531,28.3258],[74.1528,28.3285],[74.1519,28.3306],[74.1504,28.3345],[74.1487,28.3379],[74.1446,28.3399],[74.1438,28.3415],[74.1433,28.3435],[74.141,28.3432],[74.1409,28.3433],[74.1387,28.3436],[74.138,28.3435],[74.1368,28.3435],[74.1364,28.3435],[74.135,28.3446],[74.1343,28.3452],[74.1317,28.3456],[74.1301,28.3455],[74.1279,28.3454],[74.1238,28.3453],[74.1228,28.3451],[74.1209,28.3448],[74.1191,28.3449],[74.1167,28.3447],[74.116,28.3448],[74.1152,28.3453],[74.113,28.3458],[74.1122,28.3457],[74.1116,28.3459],[74.1077,28.3447],[74.1048,28.3451],[74.1024,28.3448],[74.1011,28.3444],[74.0998,28.3439],[74.094,28.3401],[74.0867,28.3373],[74.0813,28.3363],[74.0791,28.3365],[74.0752,28.3356],[74.0743,28.336],[74.0707,28.3342],[74.068,28.3334],[74.0677,28.3347],[74.0649,28.3345],[74.0612,28.3361],[74.0544,28.3411],[74.0464,28.3456],[74.0432,28.3498],[74.0395,28.3559],[74.0374,28.3617],[74.0378,28.3684],[74.0343,28.3709],[74.0298,28.3762],[74.0296,28.3847],[74.0301,28.3932],[74.0315,28.3988],[74.0375,28.4058],[74.0426,28.4104],[74.0471,28.4137],[74.0537,28.415],[74.0608,28.4148],[74.0676,28.4159],[74.0744,28.4197],[74.0788,28.4253],[74.0713,28.4291],[74.064,28.4387],[74.0602,28.4455],[74.0603,28.4517],[74.063,28.4588],[74.0616,28.4756],[74.0662,28.4975],[74.0651,28.5055],[74.0599,28.5178],[74.059,28.5238],[74.0606,28.5291],[74.0755,28.5428],[74.0873,28.5621],[74.1005,28.576],[74.106,28.5838],[74.1084,28.5892],[74.1085,28.5952],[74.1078,28.5975],[74.0937,28.6194],[74.092,28.6254],[74.0898,28.6406],[74.0828,28.6503],[74.0844,28.6566],[74.0825,28.6636],[74.0822,28.6692],[74.0997,28.6795],[74.1101,28.6838],[74.1324,28.6903],[74.1406,28.6951],[74.162,28.7017],[74.1759,28.7075],[74.1944,28.7115],[74.194,28.716],[74.1926,28.7203],[74.1896,28.7252],[74.1856,28.7241],[74.183,28.7256],[74.1759,28.7341],[74.169,28.7375],[74.1414,28.7378],[74.1379,28.7413],[74.1383,28.7448],[74.141,28.7508],[74.1465,28.7566],[74.159,28.7618],[74.1625,28.764],[74.1608,28.7657],[74.1594,28.7688],[74.1596,28.7742],[74.1609,28.7772],[74.1664,28.7793],[74.1693,28.7827],[74.1713,28.7937],[74.1889,28.8065],[74.1956,28.8089],[74.2135,28.8095],[74.222,28.8119],[74.2395,28.8101],[74.2484,28.8063],[74.2566,28.801],[74.2657,28.7974],[74.278,28.8003],[74.291,28.8092],[74.3026,28.8192],[74.3238,28.8336],[74.337,28.8397],[74.3448,28.8421],[74.3538,28.8479],[74.3812,28.8748],[74.411,28.8838],[74.4159,28.886],[74.4195,28.885],[74.4223,28.8786],[74.4331,28.8494],[74.4375,28.8414],[74.439,28.8318],[74.4451,28.8295],[74.4561,28.8284],[74.4592,28.8271],[74.4655,28.822],[74.4704,28.8201],[74.4778,28.8194],[74.49,28.8202],[74.5247,28.8274],[74.5321,28.8265],[74.537,28.8247],[74.5436,28.8206],[74.558,28.8246],[74.5788,28.8289],[74.5848,28.8279],[74.593,28.8207],[74.5959,28.8161],[74.6015,28.813],[74.6185,28.813],[74.6334,28.8146],[74.6375,28.8368],[74.6459,28.8383],[74.6733,28.8387],[74.6945,28.8379],[74.7057,28.8441],[74.7417,28.8549],[74.7487,28.8543],[74.7545,28.8477],[74.7571,28.8285],[74.7638,28.8256],[74.7708,28.8245],[74.7779,28.8258],[74.7919,28.8301],[74.8017,28.8341],[74.8018,28.8438],[74.8007,28.8536],[74.7922,28.8618],[74.7883,28.8669],[74.776,28.8738],[74.7711,28.8784],[74.7687,28.8878],[74.77,28.8939],[74.7727,28.8988],[74.7829,28.9136],[74.7917,28.9213],[74.8031,28.9283],[74.8114,28.9323],[74.8199,28.9347],[74.8383,28.9351],[74.8456,28.9369],[74.8623,28.9449],[74.8763,28.9434],[74.882,28.9435],[74.8875,28.9414],[74.8961,28.9412],[74.9023,28.9401],[74.9006,28.9387],[74.8993,28.9354],[74.9133,28.9173],[74.9168,28.9105],[74.9176,28.9029],[74.9194,28.8978],[74.9275,28.8947],[74.9364,28.8939],[74.9429,28.8995],[74.9477,28.9057],[74.9605,28.9092],[74.9989,28.9153],[75.0014,28.9162],[75.0037,28.9195],[75.0049,28.924],[75.0047,28.9283],[75.0167,28.9313],[75.0189,28.9334],[75.0374,28.9371],[75.04,28.9362],[75.0419,28.9285],[75.0399,28.9239],[75.043,28.9162],[75.0429,28.9022],[75.046,28.8934],[75.0379,28.8876],[75.0304,28.8784],[75.0287,28.8741],[75.0281,28.8687],[75.029,28.864],[75.0278,28.8503],[75.0376,28.848],[75.043,28.848],[75.0511,28.8532],[75.0568,28.8555],[75.0716,28.8603],[75.0834,28.8621],[75.0911,28.8656],[75.0958,28.8697],[75.1014,28.8727],[75.1207,28.8743],[75.1373,28.8731],[75.1437,28.8734],[75.1481,28.8723],[75.1538,28.8657],[75.1568,28.8637],[75.1566,28.8597],[75.1596,28.8553],[75.1662,28.853],[75.17,28.8445],[75.1731,28.8452],[75.1796,28.8548],[75.1846,28.8597],[75.1882,28.8619],[75.1907,28.8668],[75.195,28.8693],[75.1988,28.8685],[75.1989,28.8636],[75.2024,28.8608],[75.2198,28.8574],[75.2217,28.8597],[75.2218,28.8653],[75.2312,28.8667],[75.2445,28.8806],[75.2485,28.8838],[75.2504,28.8889],[75.2494,28.8952],[75.246,28.8994],[75.2438,28.9049],[75.2428,28.9103],[75.2419,28.9276],[75.2474,28.9316],[75.2566,28.935],[75.2544,28.9315],[75.2544,28.9286],[75.2585,28.9295],[75.2593,28.9272],[75.2643,28.927],[75.2705,28.9286],[75.2756,28.9318],[75.279,28.9305],[75.2801,28.9262],[75.2815,28.9248],[75.2872,28.9245],[75.291,28.9234],[75.2917,28.9179],[75.2949,28.9178],[75.2971,28.924],[75.2977,28.9291],[75.2995,28.9312],[75.3016,28.9438],[75.3032,28.9478],[75.3128,28.9541],[75.3107,28.9581],[75.3053,28.9619],[75.3035,28.9658],[75.2965,28.9643],[75.2949,28.9703],[75.2959,28.9786],[75.2973,28.9832],[75.2992,28.9855],[75.306,28.9839],[75.3204,28.9856],[75.3304,28.9825],[75.3386,28.9785],[75.3523,28.9699],[75.3564,28.9686],[75.3589,28.9644],[75.3599,28.9534],[75.3589,28.9468],[75.3543,28.944],[75.3389,28.9382],[75.3358,28.9322],[75.3342,28.9267],[75.3337,28.9166],[75.3381,28.9162],[75.3436,28.9179],[75.3448,28.9127],[75.3513,28.9125],[75.3574,28.9105],[75.3688,28.9134],[75.3731,28.9142],[75.3752,28.9167],[75.3756,28.9197],[75.3792,28.9243],[75.3794,28.9374],[75.3998,28.9423],[75.4016,28.9602],[75.4039,28.967],[75.4091,28.9734],[75.4163,28.9794],[75.4207,28.9848],[75.4236,28.9986],[75.4288,28.9984],[75.4289,28.9963],[75.4334,28.9946],[75.4425,28.9927],[75.4461,28.9897],[75.4488,28.9887],[75.4487,28.9859],[75.4515,28.9832],[75.4518,28.9801],[75.4506,28.9756]]]},"properties":{"district_name":"Churu","raw_district_name":"Churu","state_code":"RJ","state_name":"Rajasthan","census_code":102,"data_source":"DataMeet India Maps (Census 2011 Boundaries)"}},{"type":"Feature","geometry":{"type":"Polygon","coordinates":[[[78.2182,26.8303],[78.2111,26.8265],[78.2004,26.824],[78.1879,26.8252],[78.1816,26.8268],[78.1759,26.8261],[78.1719,26.824],[78.1693,26.8212],[78.1717,26.8141],[78.1877,26.7954],[78.1887,26.7912],[78.188,26.7878],[78.1844,26.7857],[78.1681,26.7853],[78.1541,26.7859],[78.1487,26.7878],[78.1396,26.7934],[78.1273,26.7968],[78.1212,26.7968],[78.1138,26.795],[78.1081,26.7912],[78.1036,26.7836],[78.1027,26.7776],[78.1039,26.766],[78.1053,26.7636],[78.1087,26.7606],[78.1192,26.7564],[78.123,26.753],[78.1243,26.7488],[78.1199,26.7439],[78.1042,26.738],[78.0973,26.7323],[78.0949,26.726],[78.0946,26.7187],[78.0971,26.695],[78.0962,26.6809],[78.0938,26.6773],[78.0867,26.6746],[78.0835,26.6724],[78.0775,26.6728],[78.0732,26.6739],[78.069,26.6761],[78.0643,26.6802],[78.0572,26.684],[78.0512,26.6853],[78.0396,26.6856],[78.0272,26.6919],[78.0199,26.6944],[78.0002,26.6969],[77.9966,26.6943],[77.9837,26.6776],[77.9768,26.6709],[77.9685,26.6658],[77.9615,26.6637],[77.9558,26.6593],[77.9478,26.657],[77.9318,26.6593],[77.9115,26.6605],[77.9025,26.6565],[77.8988,26.6488],[77.898,26.6348],[77.8966,26.6271],[77.8872,26.6146],[77.8782,26.6129],[77.8593,26.6103],[77.8502,26.6095],[77.8419,26.6061],[77.8332,26.5996],[77.8282,26.5942],[77.8262,26.5882],[77.8321,26.5788],[77.8324,26.5671],[77.8254,26.5545],[77.8207,26.5491],[77.812,26.5457],[77.8053,26.5446],[77.7907,26.5469],[77.7747,26.5478],[77.7657,26.545],[77.7576,26.541],[77.752,26.5396],[77.747,26.5371],[77.7383,26.5242],[77.7346,26.5097],[77.7285,26.5029],[77.7215,26.4986],[77.7025,26.4952],[77.6935,26.497],[77.6855,26.4998],[77.6785,26.5041],[77.6752,26.5027],[77.6622,26.4916],[77.6538,26.4882],[77.6468,26.4836],[77.6342,26.4774],[77.6275,26.4714],[77.6241,26.4663],[77.6228,26.4609],[77.6161,26.4538],[77.6065,26.4486],[77.5865,26.4455],[77.5765,26.4375],[77.5665,26.4353],[77.5588,26.435],[77.5545,26.4307],[77.5498,26.4239],[77.5445,26.4179],[77.5371,26.4125],[77.5301,26.4094],[77.5131,26.4074],[77.5012,26.408],[77.4822,26.4091],[77.4662,26.4057],[77.4412,26.4037],[77.4349,26.4014],[77.4325,26.3966],[77.4335,26.39],[77.4409,26.382],[77.4469,26.3732],[77.4465,26.3675],[77.4439,26.3626],[77.4395,26.3595],[77.4226,26.3626],[77.4149,26.3635],[77.4089,26.3632],[77.4016,26.3612],[77.3929,26.3569],[77.3899,26.3569],[77.3859,26.3583],[77.3733,26.366],[77.3729,26.3752],[77.3693,26.3794],[77.3629,26.3783],[77.3596,26.3809],[77.3573,26.3877],[77.3563,26.3965],[77.3483,26.3942],[77.3433,26.3948],[77.3393,26.3962],[77.3429,26.4022],[77.3479,26.4142],[77.3463,26.4196],[77.3436,26.4224],[77.3309,26.4259],[77.3303,26.429],[77.3309,26.4316],[77.3253,26.4341],[77.3203,26.4344],[77.3163,26.4378],[77.3109,26.4395],[77.3009,26.4372],[77.298,26.4338],[77.2953,26.435],[77.2943,26.4372],[77.292,26.4378],[77.2893,26.4364],[77.287,26.4372],[77.283,26.4361],[77.2753,26.4304],[77.271,26.4315],[77.267,26.4306],[77.2626,26.4286],[77.259,26.4304],[77.2556,26.4343],[77.2533,26.4386],[77.2506,26.4486],[77.2529,26.4568],[77.2506,26.4594],[77.2476,26.4597],[77.2493,26.4625],[77.2503,26.4665],[77.2496,26.4694],[77.2469,26.4708],[77.2459,26.4734],[77.2396,26.4697],[77.2409,26.4831],[77.2372,26.4939],[77.2389,26.4993],[77.2322,26.5175],[77.2295,26.5227],[77.2272,26.5309],[77.2332,26.5326],[77.2431,26.5449],[77.2431,26.5492],[77.2485,26.5486],[77.2525,26.5501],[77.2558,26.5523],[77.2575,26.5552],[77.2678,26.5504],[77.2771,26.5549],[77.2811,26.5558],[77.2905,26.5538],[77.2921,26.5555],[77.2911,26.5606],[77.3081,26.5755],[77.3281,26.5843],[77.3401,26.5861],[77.3435,26.5878],[77.3465,26.5912],[77.3528,26.5906],[77.3581,26.5938],[77.3628,26.6003],[77.3671,26.6043],[77.3708,26.6112],[77.3738,26.6117],[77.3758,26.6157],[77.3775,26.6163],[77.3875,26.6129],[77.3905,26.6166],[77.3938,26.6266],[77.3932,26.6311],[77.3878,26.6334],[77.3708,26.6348],[77.3658,26.6374],[77.3615,26.6362],[77.3594,26.6325],[77.3565,26.63],[77.3541,26.6334],[77.3534,26.6365],[77.3511,26.6385],[77.3474,26.6402],[77.3471,26.6436],[77.3491,26.6456],[77.3504,26.6493],[77.3504,26.6533],[77.3541,26.655],[77.3688,26.6533],[77.3718,26.6551],[77.3711,26.661],[77.3624,26.6721],[77.3584,26.679],[77.3527,26.6855],[77.3494,26.691],[77.3474,26.6972],[77.349,26.7115],[77.3704,26.7072],[77.3841,26.7069],[77.3918,26.7112],[77.4142,26.7175],[77.4245,26.7215],[77.4365,26.728],[77.4476,26.7377],[77.4559,26.7411],[77.488,26.7483],[77.494,26.7554],[77.501,26.7614],[77.5043,26.7685],[77.497,26.7716],[77.492,26.7768],[77.4887,26.7822],[77.49,26.7885],[77.4943,26.7956],[77.497,26.803],[77.5047,26.8323],[77.5057,26.8423],[77.5097,26.8409],[77.5144,26.8417],[77.5214,26.8395],[77.5231,26.8358],[77.5201,26.8326],[77.5198,26.8224],[77.5221,26.8189],[77.5284,26.8164],[77.5361,26.8189],[77.5435,26.8198],[77.5552,26.8161],[77.5642,26.8163],[77.5726,26.8189],[77.5766,26.8218],[77.5799,26.8263],[77.5853,26.8274],[77.596,26.8277],[77.604,26.836],[77.608,26.8368],[77.6087,26.8286],[77.6123,26.8271],[77.6164,26.8288],[77.6197,26.834],[77.6211,26.8388],[77.6241,26.8428],[77.6328,26.8411],[77.6652,26.8507],[77.6726,26.8541],[77.6749,26.8567],[77.6796,26.8684],[77.6826,26.8689],[77.6863,26.8726],[77.6903,26.8735],[77.6943,26.8726],[77.6973,26.8678],[77.7017,26.8672],[77.7044,26.8709],[77.7057,26.8743],[77.7134,26.8746],[77.7238,26.8756],[77.7279,26.881],[77.7286,26.8873],[77.7279,26.891],[77.7259,26.8939],[77.7189,26.8973],[77.7269,26.9107],[77.732,26.9172],[77.737,26.9201],[77.7487,26.9212],[77.7524,26.9175],[77.7568,26.9212],[77.7615,26.932],[77.7732,26.9323],[77.7816,26.9305],[77.7813,26.9268],[77.7896,26.922],[77.797,26.9165],[77.804,26.9177],[77.8074,26.9225],[77.8134,26.9228],[77.8168,26.9199],[77.8228,26.917],[77.8295,26.9204],[77.8345,26.9153],[77.8445,26.9138],[77.8492,26.9107],[77.8576,26.9067],[77.8796,26.8997],[77.885,26.8934],[77.8903,26.8903],[77.893,26.8866],[77.8983,26.8837],[77.9043,26.884],[77.909,26.8894],[77.911,26.8954],[77.9091,26.9059],[77.9068,26.9096],[77.9051,26.9142],[77.9082,26.9188],[77.9148,26.9182],[77.9175,26.915],[77.9165,26.9111],[77.9178,26.9085],[77.9301,26.9088],[77.9371,26.9071],[77.9404,26.9042],[77.943,26.8994],[77.9459,26.8963],[77.9502,26.894],[77.9712,26.9068],[77.974,26.9052],[77.9731,26.9015],[77.975,26.8972],[77.9789,26.8939],[77.9834,26.8917],[77.9885,26.8919],[77.9933,26.8956],[78.0002,26.9051],[78.0067,26.9041],[78.015,26.9049],[78.0224,26.9026],[78.0246,26.8992],[78.0274,26.8916],[78.03,26.889],[78.0303,26.8844],[78.0258,26.8762],[78.0284,26.8738],[78.0362,26.8703],[78.0356,26.8677],[78.0246,26.858],[78.0259,26.8559],[78.0303,26.8551],[78.0355,26.8564],[78.0394,26.8597],[78.0437,26.8688],[78.0458,26.8712],[78.0479,26.8716],[78.0542,26.8691],[78.0561,26.869],[78.056,26.8719],[78.0531,26.8763],[78.0526,26.8787],[78.0535,26.8971],[78.0506,26.9096],[78.057,26.908],[78.0608,26.9091],[78.0655,26.9075],[78.0689,26.9101],[78.0713,26.909],[78.0762,26.9045],[78.0811,26.9017],[78.0952,26.8962],[78.0978,26.8971],[78.0983,26.8999],[78.0966,26.9041],[78.0994,26.9058],[78.1018,26.9043],[78.107,26.8982],[78.1098,26.8992],[78.1111,26.9041],[78.1075,26.9148],[78.105,26.9172],[78.1037,26.9232],[78.107,26.9248],[78.1105,26.925],[78.1147,26.9242],[78.1211,26.9217],[78.1227,26.9248],[78.1237,26.9324],[78.1215,26.9361],[78.1179,26.9391],[78.1164,26.9425],[78.1165,26.9442],[78.1198,26.9474],[78.1233,26.949],[78.1355,26.9497],[78.1425,26.9512],[78.1479,26.9513],[78.1545,26.9472],[78.1611,26.9463],[78.1716,26.9469],[78.1822,26.9429],[78.199,26.9409],[78.2097,26.9345],[78.2137,26.9331],[78.2168,26.9339],[78.2207,26.9438],[78.2244,26.9481],[78.229,26.9418],[78.2319,26.9392],[78.2358,26.9377],[78.2379,26.9355],[78.2391,26.9309],[78.2412,26.9279],[78.2488,26.9278],[78.2558,26.9249],[78.2607,26.9291],[78.2668,26.9282],[78.2697,26.9259],[78.2703,26.9243],[78.2708,26.9177],[78.268,26.9104],[78.2628,26.9039],[78.2612,26.8988],[78.2566,26.8948],[78.241,26.8896],[78.2383,26.8881],[78.235,26.8768],[78.2133,26.8716],[78.209,26.8728],[78.202,26.8837],[78.1995,26.8828],[78.1986,26.8776],[78.2053,26.8663],[78.2091,26.8566],[78.2129,26.8497],[78.2159,26.8465],[78.2223,26.8427],[78.22,26.8326],[78.2182,26.8303]]]},"properties":{"district_name":"Dhaulpur","raw_district_name":"Dhaulpur","state_code":"RJ","state_name":"Rajasthan","census_code":106,"data_source":"DataMeet India Maps (Census 2011 Boundaries)"}},{"type":"Feature","geometry":{"type":"Polygon","coordinates":[[[74.2732,23.9485],[74.2727,23.9513],[74.2783,23.9564],[74.2815,23.9577],[74.2968,23.9553],[74.2999,23.9561],[74.3024,23.9604],[74.3069,23.9561],[74.3094,23.9513],[74.3144,23.945],[74.3262,23.9363],[74.3347,23.9381],[74.3604,23.935],[74.3669,23.9335],[74.373,23.9234],[74.3831,23.9091],[74.3841,23.9058],[74.3813,23.9028],[74.3768,23.9002],[74.36,23.8983],[74.3543,23.8842],[74.3452,23.8795],[74.3336,23.8717],[74.3271,23.864],[74.3176,23.8569],[74.3077,23.8542],[74.2966,23.8494],[74.2895,23.8419],[74.2793,23.8355],[74.2598,23.8261],[74.2387,23.8145],[74.2153,23.8086],[74.1973,23.7992],[74.1887,23.7963],[74.1715,23.7927],[74.1644,23.7904],[74.1544,23.7867],[74.1477,23.7812],[74.1428,23.7749],[74.1384,23.7654],[74.1329,23.7386],[74.1227,23.7237],[74.1214,23.7114],[74.1295,23.7039],[74.1345,23.6972],[74.1359,23.6918],[74.1321,23.6808],[74.1293,23.6762],[74.1285,23.6648],[74.1299,23.6463],[74.1276,23.6337],[74.1184,23.6097],[74.114,23.6045],[74.1069,23.6026],[74.0899,23.6037],[74.0784,23.6033],[74.0711,23.5989],[74.0677,23.5908],[74.0655,23.5787],[74.0628,23.5697],[74.0593,23.5637],[74.0492,23.5564],[74.0389,23.5515],[74.0323,23.5442],[74.0302,23.5342],[74.0291,23.523],[74.016,23.4782],[74.0116,23.4663],[74.0135,23.45],[74.0125,23.4411],[74.001,23.4212],[73.9945,23.4184],[73.9826,23.4111],[73.98,23.4068],[73.9784,23.3987],[73.9751,23.3943],[73.9637,23.3862],[73.9595,23.3796],[73.9539,23.3758],[73.9442,23.3717],[73.9406,23.3646],[73.9407,23.3518],[73.9395,23.3442],[73.9358,23.3397],[73.9247,23.3361],[73.9108,23.3343],[73.898,23.3342],[73.891,23.3354],[73.8917,23.3509],[73.8879,23.3569],[73.8762,23.3664],[73.8738,23.3767],[73.8635,23.3941],[73.8542,23.4031],[73.8332,23.4291],[73.8335,23.4385],[73.8289,23.4451],[73.8236,23.4452],[73.7908,23.434],[73.7796,23.4331],[73.7744,23.4408],[73.7705,23.4443],[73.7676,23.4511],[73.7613,23.4571],[73.7572,23.4553],[73.7531,23.4481],[73.7478,23.441],[73.7304,23.4234],[73.7252,23.4168],[73.7236,23.4135],[73.7225,23.4112],[73.7167,23.4134],[73.7136,23.4174],[73.7099,23.4323],[73.706,23.4431],[73.7006,23.4544],[73.6903,23.4575],[73.6782,23.4557],[73.665,23.4506],[73.657,23.4459],[73.6494,23.4392],[73.6343,23.449],[73.6289,23.4511],[73.6369,23.4717],[73.6401,23.4955],[73.6412,23.4974],[73.6489,23.4996],[73.6547,23.5028],[73.6548,23.5128],[73.6537,23.5148],[73.6485,23.5201],[73.6333,23.5298],[73.6335,23.5467],[73.6346,23.5612],[73.6393,23.5683],[73.6462,23.574],[73.6476,23.5795],[73.6452,23.5894],[73.6445,23.5973],[73.6465,23.6064],[73.6572,23.6215],[73.6469,23.6256],[73.6387,23.63],[73.6294,23.6372],[73.6154,23.6501],[73.605,23.6531],[73.5736,23.6542],[73.5671,23.6523],[73.5492,23.6302],[73.5376,23.6215],[73.5284,23.6124],[73.5228,23.6095],[73.5096,23.6157],[73.5063,23.6196],[73.5018,23.6278],[73.4972,23.6328],[73.4974,23.6344],[73.5046,23.6383],[73.5077,23.644],[73.4966,23.6497],[73.5033,23.6567],[73.5039,23.6615],[73.5071,23.6723],[73.5074,23.679],[73.5066,23.6959],[73.5047,23.7023],[73.4981,23.7056],[73.4818,23.704],[73.4754,23.7079],[73.4728,23.72],[73.469,23.7248],[73.4589,23.7333],[73.451,23.7387],[73.4474,23.7479],[73.4469,23.7516],[73.4283,23.7611],[73.4237,23.7655],[73.4166,23.7784],[73.4096,23.7802],[73.4047,23.7827],[73.396,23.7831],[73.3899,23.7776],[73.3858,23.7684],[73.3718,23.7658],[73.3673,23.7771],[73.3636,23.7828],[73.3586,23.7866],[73.357,23.7908],[73.3588,23.7969],[73.3664,23.8136],[73.37,23.8146],[73.3763,23.8126],[73.3796,23.8077],[73.3831,23.811],[73.3857,23.8115],[73.3927,23.8101],[73.3985,23.8075],[73.4037,23.806],[73.4085,23.8073],[73.412,23.8098],[73.4144,23.8144],[73.4159,23.8237],[73.4262,23.83],[73.4318,23.837],[73.439,23.8365],[73.4577,23.8394],[73.4645,23.843],[73.4695,23.8471],[73.4713,23.8625],[73.4738,23.8689],[73.4823,23.8719],[73.4854,23.8796],[73.4979,23.903],[73.5114,23.9237],[73.5179,23.9308],[73.5345,23.9334],[73.5483,23.9365],[73.5549,23.9448],[73.5707,23.9599],[73.5753,23.9616],[73.5794,23.9602],[73.5855,23.9621],[73.5893,23.9649],[73.5924,23.9654],[73.6135,23.9625],[73.615,23.9592],[73.6458,23.9461],[73.6538,23.9446],[73.6544,23.9475],[73.6638,23.9494],[73.6673,23.9483],[73.6708,23.939],[73.6771,23.9445],[73.6922,23.9542],[73.6968,23.9582],[73.7038,23.955],[73.7215,23.9494],[73.7329,23.9437],[73.7385,23.9433],[73.7529,23.9481],[73.7574,23.9453],[73.7658,23.9401],[73.7725,23.9378],[73.7768,23.9388],[73.7825,23.946],[73.783,23.9467],[73.7854,23.9471],[73.8033,23.9456],[73.8063,23.9444],[73.8071,23.9382],[73.8088,23.9357],[73.8168,23.938],[73.8224,23.9384],[73.8321,23.9339],[73.8418,23.9334],[73.8511,23.9346],[73.8577,23.9361],[73.861,23.9415],[73.8661,23.9531],[73.8701,23.957],[73.8837,23.9664],[73.9096,23.9812],[73.9179,23.9831],[73.9367,23.9772],[73.9471,23.9754],[73.9639,23.9784],[73.9704,23.9787],[73.9761,23.9775],[73.9827,23.9744],[73.9854,23.9723],[74.0017,23.9683],[74.0163,23.972],[74.0176,23.9739],[74.02,23.9751],[74.0225,23.9755],[74.0253,23.9743],[74.0283,23.9745],[74.0394,23.979],[74.0491,23.9806],[74.0578,23.9789],[74.0712,23.9706],[74.0806,23.9682],[74.0851,23.9694],[74.09,23.9718],[74.0961,23.9766],[74.1009,23.9859],[74.1057,23.9902],[74.1144,23.9909],[74.1225,23.9899],[74.1274,23.9907],[74.1299,23.9935],[74.1306,23.9994],[74.1333,24.0174],[74.1444,24.0193],[74.1519,24.0149],[74.1548,24.0133],[74.1603,24.0133],[74.16,23.9994],[74.1683,23.9823],[74.1702,23.9764],[74.175,23.9695],[74.182,23.9651],[74.1958,23.9621],[74.1989,23.9609],[74.2033,23.9575],[74.2054,23.9546],[74.2121,23.9415],[74.2169,23.9314],[74.2222,23.917],[74.2268,23.9093],[74.2327,23.91],[74.2366,23.9122],[74.2509,23.9259],[74.2587,23.9298],[74.2751,23.9355],[74.2732,23.9485]]]},"properties":{"district_name":"Dungarpur","raw_district_name":"Dungarpur","state_code":"RJ","state_name":"Rajasthan","census_code":124,"data_source":"DataMeet India Maps (Census 2011 Boundaries)"}},{"type":"Feature","geometry":{"type":"Polygon","coordinates":[[[73.8985,29.979],[73.9002,29.9714],[73.942,29.972],[73.966,29.9707],[73.9856,29.9702],[74.0001,29.9723],[74.0052,29.9719],[74.0119,29.9711],[74.0784,29.9697],[74.0926,29.9682],[74.1638,29.9639],[74.1953,29.9609],[74.2221,29.9608],[74.2332,29.9601],[74.2501,29.9566],[74.2613,29.9556],[74.2697,29.956],[74.2885,29.9553],[74.2909,29.9556],[74.2994,29.9565],[74.3006,29.9564],[74.3006,29.9561],[74.3018,29.953],[74.3025,29.9504],[74.3032,29.9488],[74.3036,29.9474],[74.3042,29.9462],[74.3048,29.9454],[74.3051,29.9446],[74.3056,29.9436],[74.3058,29.943],[74.3058,29.9423],[74.3052,29.9419],[74.3047,29.9419],[74.304,29.9419],[74.3029,29.942],[74.3014,29.9425],[74.3005,29.9428],[74.3,29.943],[74.2994,29.943],[74.2989,29.943],[74.2975,29.9429],[74.2958,29.9427],[74.2938,29.9421],[74.2919,29.9414],[74.2916,29.9413],[74.2915,29.9413],[74.2908,29.9411],[74.2904,29.9411],[74.2903,29.941],[74.2898,29.9409],[74.2893,29.9408],[74.2888,29.9407],[74.2883,29.9406],[74.2878,29.9405],[74.2873,29.9403],[74.2871,29.9403],[74.2868,29.9402],[74.2863,29.94],[74.2858,29.9398],[74.2853,29.9397],[74.2849,29.9395],[74.2843,29.9394],[74.2839,29.9393],[74.2838,29.9393],[74.2833,29.9391],[74.2829,29.939],[74.2824,29.9387],[74.282,29.9384],[74.2816,29.9382],[74.2812,29.9379],[74.2808,29.9376],[74.2808,29.9376],[74.2804,29.9373],[74.28,29.9369],[74.2796,29.9366],[74.2792,29.9363],[74.2789,29.936],[74.2787,29.9358],[74.2785,29.9356],[74.2784,29.9354],[74.2782,29.9353],[74.2779,29.9349],[74.2776,29.9346],[74.2776,29.9345],[74.2773,29.9342],[74.2771,29.9339],[74.277,29.9338],[74.2767,29.9334],[74.2765,29.9331],[74.2764,29.933],[74.2762,29.9326],[74.2759,29.9322],[74.2756,29.9318],[74.2753,29.9314],[74.2751,29.9311],[74.2748,29.9307],[74.2737,29.9291],[74.2734,29.9288],[74.2731,29.9284],[74.2727,29.928],[74.2726,29.9279],[74.2722,29.9273],[74.2721,29.9273],[74.2718,29.9269],[74.2716,29.9267],[74.2715,29.9265],[74.2712,29.9262],[74.2709,29.9258],[74.2707,29.9253],[74.2705,29.9249],[74.2703,29.9245],[74.2701,29.9241],[74.27,29.9239],[74.2699,29.9237],[74.2697,29.9232],[74.2695,29.9228],[74.2693,29.9224],[74.2691,29.9221],[74.269,29.922],[74.2688,29.9216],[74.2686,29.9212],[74.2684,29.9208],[74.2681,29.9203],[74.2679,29.9199],[74.2677,29.9195],[74.2674,29.9191],[74.2672,29.9187],[74.2669,29.9183],[74.2667,29.9179],[74.2664,29.9175],[74.2661,29.9171],[74.2659,29.9167],[74.2658,29.9166],[74.2656,29.9163],[74.2654,29.916],[74.2654,29.9159],[74.2651,29.9155],[74.2649,29.9151],[74.2646,29.9147],[74.2645,29.9143],[74.2644,29.9141],[74.2643,29.9139],[74.2641,29.9134],[74.264,29.913],[74.2638,29.9125],[74.2637,29.9121],[74.2636,29.9117],[74.2634,29.9113],[74.2634,29.9112],[74.2634,29.911],[74.2633,29.9108],[74.2632,29.9103],[74.2631,29.91],[74.2629,29.9094],[74.2628,29.909],[74.2627,29.9085],[74.2627,29.9081],[74.2626,29.9076],[74.2626,29.9072],[74.2626,29.9067],[74.2627,29.9063],[74.2627,29.9058],[74.2627,29.9054],[74.2627,29.9049],[74.2628,29.9044],[74.2628,29.904],[74.2629,29.9035],[74.2629,29.9031],[74.263,29.9026],[74.263,29.9023],[74.2631,29.9017],[74.2631,29.9014],[74.2631,29.901],[74.2632,29.9008],[74.2632,29.9003],[74.2633,29.8999],[74.2634,29.8995],[74.2634,29.8994],[74.2635,29.899],[74.2636,29.8985],[74.2637,29.8981],[74.2638,29.8976],[74.2639,29.8974],[74.2639,29.8972],[74.2641,29.8968],[74.2642,29.8963],[74.2643,29.8959],[74.2645,29.8954],[74.2646,29.895],[74.2647,29.8946],[74.2647,29.8945],[74.2648,29.8941],[74.2649,29.8936],[74.265,29.8934],[74.265,29.8932],[74.2651,29.8929],[74.2651,29.8927],[74.2652,29.8923],[74.2652,29.8918],[74.2652,29.8917],[74.2653,29.8915],[74.2653,29.8914],[74.2653,29.8909],[74.2654,29.8905],[74.2654,29.89],[74.2654,29.89],[74.2655,29.8896],[74.2657,29.8891],[74.266,29.8887],[74.2664,29.8884],[74.2668,29.8881],[74.2672,29.8879],[74.2676,29.8877],[74.2677,29.8877],[74.2682,29.8875],[74.2686,29.8874],[74.2687,29.8874],[74.2692,29.8872],[74.2697,29.8871],[74.2702,29.8869],[74.2704,29.8869],[74.2707,29.8868],[74.2712,29.8867],[74.2717,29.8866],[74.2722,29.8865],[74.2727,29.8866],[74.273,29.8865],[74.2733,29.8865],[74.2735,29.8866],[74.2738,29.8866],[74.2743,29.8867],[74.2745,29.8867],[74.2748,29.8867],[74.2753,29.8868],[74.2759,29.8869],[74.2764,29.887],[74.2769,29.8871],[74.277,29.8871],[74.2774,29.8872],[74.2779,29.8873],[74.2784,29.8874],[74.279,29.8875],[74.2795,29.8875],[74.2798,29.8875],[74.28,29.8875],[74.2805,29.8875],[74.2811,29.8875],[74.2816,29.8875],[74.2821,29.8873],[74.2823,29.8871],[74.2825,29.887],[74.2829,29.8867],[74.2835,29.886],[74.2836,29.8858],[74.2837,29.8855],[74.2839,29.8851],[74.2841,29.8847],[74.2842,29.8842],[74.2843,29.8838],[74.2843,29.8835],[74.2844,29.8833],[74.2845,29.8829],[74.2846,29.8824],[74.2846,29.882],[74.2847,29.8815],[74.2847,29.8811],[74.2847,29.8811],[74.2847,29.8806],[74.2848,29.8801],[74.2847,29.8797],[74.2847,29.8797],[74.2847,29.8792],[74.2846,29.8788],[74.2846,29.8783],[74.2846,29.8779],[74.2846,29.8774],[74.2846,29.8769],[74.2846,29.8765],[74.2846,29.876],[74.2847,29.8756],[74.2847,29.871],[74.2846,29.8706],[74.2846,29.8696],[74.2846,29.8687],[74.2845,29.8683],[74.2845,29.8674],[74.2845,29.8669],[74.2845,29.8664],[74.2845,29.866],[74.2845,29.8657],[74.2845,29.8655],[74.2845,29.8651],[74.2845,29.8646],[74.2845,29.8643],[74.2845,29.8642],[74.2845,29.8637],[74.2846,29.8632],[74.2846,29.8629],[74.2846,29.8628],[74.2847,29.8623],[74.2847,29.8619],[74.2847,29.8614],[74.2847,29.861],[74.2847,29.8605],[74.2847,29.86],[74.2847,29.8596],[74.2847,29.8591],[74.2847,29.8588],[74.2847,29.8587],[74.2846,29.8578],[74.2845,29.8569],[74.2844,29.8564],[74.2843,29.8559],[74.2842,29.8555],[74.2841,29.855],[74.284,29.8546],[74.2838,29.8542],[74.2836,29.8538],[74.2833,29.8534],[74.283,29.853],[74.2826,29.8527],[74.2823,29.8524],[74.2819,29.852],[74.2815,29.8517],[74.2811,29.8514],[74.2805,29.8509],[74.2804,29.8508],[74.28,29.8505],[74.2795,29.8502],[74.2791,29.85],[74.2786,29.8498],[74.2781,29.8496],[74.2778,29.8495],[74.2776,29.8494],[74.2771,29.8493],[74.2766,29.8492],[74.2761,29.8491],[74.2756,29.8491],[74.2745,29.8492],[74.2739,29.8492],[74.2736,29.8493],[74.273,29.8494],[74.2719,29.8495],[74.2709,29.8497],[74.2697,29.8499],[74.2692,29.85],[74.2677,29.8503],[74.2671,29.8504],[74.2661,29.8506],[74.2656,29.8507],[74.2651,29.8508],[74.2646,29.8509],[74.2641,29.851],[74.263,29.8511],[74.2623,29.8512],[74.261,29.8513],[74.2604,29.8514],[74.2594,29.8514],[74.2589,29.8515],[74.2586,29.8515],[74.2577,29.8516],[74.2573,29.8516],[74.2568,29.8517],[74.2562,29.8517],[74.2557,29.8518],[74.2547,29.8519],[74.2542,29.8519],[74.2537,29.852],[74.2526,29.8522],[74.2516,29.8523],[74.25,29.8525],[74.2495,29.8525],[74.249,29.8526],[74.2479,29.8527],[74.2474,29.8527],[74.2469,29.8527],[74.2464,29.8527],[74.2453,29.8527],[74.2443,29.8525],[74.2432,29.8524],[74.2422,29.8522],[74.2417,29.8521],[74.241,29.852],[74.2401,29.8519],[74.2396,29.8519],[74.2391,29.8519],[74.2391,29.8519],[74.2386,29.8519],[74.238,29.852],[74.2375,29.852],[74.237,29.852],[74.2359,29.8521],[74.2349,29.8521],[74.2344,29.8522],[74.2332,29.8522],[74.2323,29.8522],[74.2318,29.8522],[74.2307,29.8522],[74.2303,29.8521],[74.23,29.8521],[74.2297,29.8521],[74.2291,29.8521],[74.2286,29.852],[74.2281,29.852],[74.2276,29.852],[74.227,29.8519],[74.2267,29.8519],[74.226,29.8518],[74.2258,29.8518],[74.2255,29.8518],[74.225,29.8518],[74.225,29.8518],[74.2244,29.8518],[74.2239,29.8518],[74.2235,29.8518],[74.2229,29.8518],[74.2223,29.8518],[74.2218,29.8518],[74.2213,29.8519],[74.2211,29.8519],[74.2208,29.8519],[74.2202,29.8519],[74.2197,29.8518],[74.2192,29.8517],[74.2187,29.8517],[74.2182,29.8516],[74.2176,29.8515],[74.2171,29.8514],[74.2159,29.8512],[74.2156,29.8511],[74.2151,29.851],[74.2146,29.8509],[74.2141,29.8507],[74.2136,29.8506],[74.2131,29.8504],[74.2126,29.8503],[74.2121,29.8502],[74.2118,29.8502],[74.2116,29.8502],[74.2111,29.85],[74.2107,29.8499],[74.2106,29.8499],[74.2101,29.8498],[74.2095,29.8497],[74.209,29.8495],[74.2086,29.8493],[74.2081,29.8491],[74.2077,29.8488],[74.2073,29.8486],[74.2068,29.8483],[74.2052,29.8468],[74.205,29.8462],[74.2049,29.8458],[74.2048,29.8453],[74.2047,29.8444],[74.2048,29.844],[74.2049,29.8435],[74.205,29.8431],[74.2052,29.8426],[74.2053,29.8422],[74.2055,29.8418],[74.2057,29.8413],[74.2059,29.8409],[74.206,29.8405],[74.2062,29.8401],[74.2064,29.8397],[74.2064,29.8396],[74.2066,29.8392],[74.2068,29.8388],[74.207,29.8384],[74.2072,29.8379],[74.2076,29.8371],[74.2078,29.8366],[74.2079,29.8362],[74.2081,29.8358],[74.2083,29.8354],[74.2084,29.8349],[74.2086,29.8345],[74.2087,29.834],[74.2088,29.8338],[74.2089,29.8336],[74.209,29.8332],[74.2091,29.8327],[74.2093,29.8323],[74.2094,29.8318],[74.2095,29.8314],[74.2096,29.8309],[74.2097,29.8305],[74.2099,29.83],[74.2102,29.8293],[74.2104,29.8287],[74.2105,29.8283],[74.2106,29.8279],[74.2107,29.8274],[74.2109,29.827],[74.211,29.8265],[74.2112,29.8261],[74.2113,29.8257],[74.2115,29.8252],[74.2116,29.8248],[74.2119,29.8234],[74.212,29.823],[74.212,29.8225],[74.2123,29.8207],[74.2124,29.8203],[74.2125,29.8198],[74.2127,29.8189],[74.2124,29.818],[74.2122,29.8176],[74.212,29.8174],[74.2119,29.8173],[74.2119,29.8172],[74.2116,29.8168],[74.2112,29.8164],[74.211,29.8161],[74.2106,29.8157],[74.2103,29.8154],[74.2099,29.8151],[74.2094,29.8149],[74.2085,29.8144],[74.2081,29.8142],[74.2076,29.814],[74.2071,29.8138],[74.2066,29.8136],[74.2063,29.8135],[74.2062,29.8134],[74.2057,29.8132],[74.2052,29.813],[74.2047,29.8128],[74.2043,29.8126],[74.2038,29.8124],[74.2033,29.8122],[74.2028,29.812],[74.2024,29.8118],[74.2019,29.8117],[74.2014,29.8115],[74.2009,29.8113],[74.2005,29.8111],[74.2,29.8109],[74.199,29.8105],[74.1986,29.8103],[74.1978,29.8097],[74.1974,29.8095],[74.1931,29.8076],[74.1927,29.8074],[74.1922,29.8072],[74.1914,29.8068],[74.1909,29.8066],[74.1903,29.8063],[74.1899,29.8061],[74.1896,29.806],[74.1892,29.8058],[74.1885,29.8055],[74.1875,29.8053],[74.1869,29.8052],[74.1864,29.8051],[74.1859,29.805],[74.1849,29.8048],[74.1844,29.8046],[74.1839,29.8044],[74.1834,29.8043],[74.1825,29.804],[74.1824,29.804],[74.1819,29.8039],[74.1814,29.8038],[74.1809,29.8037],[74.1807,29.8036],[74.1803,29.8033],[74.1795,29.803],[74.1786,29.8027],[74.178,29.8026],[74.1775,29.8024],[74.1771,29.8023],[74.1757,29.8019],[74.1755,29.8019],[74.1746,29.8015],[74.1742,29.8012],[74.1739,29.8008],[74.1735,29.8005],[74.1732,29.8001],[74.1729,29.7997],[74.1726,29.7994],[74.1723,29.799],[74.1719,29.7981],[74.1718,29.7977],[74.1717,29.7972],[74.1715,29.7968],[74.1714,29.7964],[74.1711,29.7956],[74.1699,29.7929],[74.1679,29.7898],[74.1677,29.7895],[74.1675,29.7891],[74.1667,29.7879],[74.1666,29.7877],[74.1656,29.7856],[74.1645,29.7814],[74.1644,29.7808],[74.1639,29.7771],[74.1679,29.7721],[74.169,29.7705],[74.1692,29.7703],[74.165,29.7677],[74.165,29.7677],[74.1617,29.7653],[74.1597,29.7638],[74.159,29.7634],[74.159,29.7633],[74.1554,29.7602],[74.1543,29.7577],[74.1532,29.7555],[74.152,29.7467],[74.152,29.7405],[74.1516,29.7375],[74.1498,29.7364],[74.1498,29.736],[74.1494,29.7344],[74.1503,29.7317],[74.1485,29.7297],[74.1471,29.7289],[74.1427,29.7266],[74.1383,29.7246],[74.1336,29.7225],[74.1336,29.7298],[74.1337,29.7373],[74.1353,29.7406],[74.1364,29.741],[74.1364,29.7456],[74.1341,29.7484],[74.1327,29.7474],[74.1295,29.747],[74.1287,29.747],[74.1235,29.7458],[74.1201,29.7451],[74.1186,29.7447],[74.1126,29.7412],[74.1086,29.7392],[74.1077,29.7388],[74.1063,29.7386],[74.1039,29.7384],[74.1021,29.7386],[74.0997,29.7388],[74.097,29.7415],[74.0951,29.7461],[74.0928,29.7512],[74.0925,29.7516],[74.0892,29.7555],[74.0868,29.7562],[74.0843,29.7552],[74.0839,29.7521],[74.0837,29.7452],[74.0835,29.741],[74.0821,29.7323],[74.0816,29.7294],[74.0815,29.7293],[74.0814,29.7285],[74.0802,29.7172],[74.08,29.7113],[74.0802,29.708],[74.0803,29.7074],[74.0803,29.7051],[74.0794,29.7048],[74.0789,29.7047],[74.0763,29.7035],[74.0754,29.7023],[74.0725,29.7025],[74.0725,29.7025],[74.07,29.7038],[74.0688,29.7054],[74.0688,29.7068],[74.069,29.7095],[74.0688,29.7098],[74.0673,29.7098],[74.065,29.7097],[74.0638,29.712],[74.0636,29.7122],[74.0592,29.7122],[74.0565,29.7123],[74.0512,29.7122],[74.0508,29.7083],[74.0508,29.7079],[74.0502,29.7077],[74.0497,29.7076],[74.0488,29.7076],[74.0482,29.7079],[74.0482,29.7122],[74.0482,29.7161],[74.0475,29.7161],[74.0462,29.7161],[74.0459,29.7162],[74.0452,29.7164],[74.0394,29.718],[74.0381,29.7188],[74.0347,29.72],[74.0318,29.7203],[74.0314,29.7213],[74.03,29.7248],[74.0282,29.7265],[74.025,29.7265],[74.0247,29.7266],[74.0231,29.7236],[74.0199,29.7236],[74.0196,29.7236],[74.0196,29.7228],[74.0187,29.719],[74.0119,29.719],[74.0066,29.7189],[74.0049,29.7181],[73.9996,29.7161],[73.9974,29.7142],[73.9952,29.711],[73.9943,29.71],[73.9921,29.7075],[73.9903,29.7036],[73.9901,29.7011],[73.9899,29.6989],[73.9899,29.6964],[73.9915,29.6954],[73.9935,29.6958],[73.9948,29.6974],[73.9966,29.7013],[74.0002,29.7009],[74.0051,29.7002],[74.0078,29.7],[74.0108,29.6998],[74.0132,29.6979],[74.0146,29.6952],[74.0141,29.6926],[74.0124,29.6913],[74.0094,29.6909],[74.0092,29.6908],[74.0086,29.6902],[74.0083,29.6899],[74.0084,29.6873],[74.0093,29.6846],[74.0112,29.6784],[73.9979,29.6701],[73.9937,29.6676],[73.9936,29.6675],[73.9908,29.6659],[73.9854,29.6634],[73.9851,29.6634],[73.9799,29.6624],[73.9784,29.6624],[73.9743,29.6623],[73.9728,29.6625],[73.9692,29.663],[73.968,29.664],[73.9676,29.6644],[73.9657,29.666],[73.9633,29.6705],[73.9634,29.6731],[73.9622,29.6722],[73.9567,29.6684],[73.9545,29.6671],[73.9533,29.6665],[73.9505,29.6649],[73.9478,29.6642],[73.9411,29.6624],[73.935,29.66],[73.927,29.6523],[73.9252,29.6485],[73.9243,29.6465],[73.924,29.6444],[73.9236,29.642],[73.9255,29.6373],[73.9256,29.6371],[73.9253,29.6328],[73.9215,29.6295],[73.9167,29.6264],[73.9093,29.6238],[73.9043,29.623],[73.8913,29.6209],[73.8869,29.6202],[73.8821,29.6194],[73.8748,29.6183],[73.8716,29.6178],[73.8695,29.6175],[73.8685,29.6172],[73.8679,29.6171],[73.8668,29.6168],[73.8588,29.615],[73.8571,29.6146],[73.8563,29.6144],[73.8443,29.6103],[73.842,29.6095],[73.8418,29.6094],[73.8354,29.6068],[73.8317,29.6053],[73.8285,29.6047],[73.8189,29.6028],[73.8182,29.6027],[73.8168,29.6024],[73.8095,29.6021],[73.8073,29.602],[73.8071,29.6019],[73.8045,29.6012],[73.8035,29.6009],[73.8034,29.6009],[73.8023,29.5987],[73.8023,29.5947],[73.8024,29.594],[73.803,29.5906],[73.803,29.59],[73.8032,29.5892],[73.8036,29.5865],[73.8035,29.5822],[73.8033,29.5761],[73.8027,29.5733],[73.8027,29.5732],[73.8026,29.5726],[73.8011,29.5658],[73.7996,29.5609],[73.8097,29.5632],[73.8096,29.5609],[73.8096,29.5607],[73.8096,29.5605],[73.8116,29.5603],[73.8121,29.5601],[73.8122,29.5599],[73.8123,29.559],[73.8124,29.557],[73.8122,29.5548],[73.8121,29.5541],[73.8121,29.554],[73.8118,29.5536],[73.8112,29.5535],[73.8105,29.5535],[73.8098,29.5531],[73.8099,29.5492],[73.8096,29.5453],[73.8093,29.5414],[73.8085,29.54],[73.8051,29.54],[73.8055,29.5395],[73.806,29.5392],[73.8066,29.539],[73.8073,29.5388],[73.8075,29.5387],[73.8079,29.5385],[73.8084,29.5381],[73.8086,29.5379],[73.8088,29.5377],[73.8092,29.5372],[73.8096,29.5367],[73.8099,29.5363],[73.8099,29.5362],[73.8103,29.5357],[73.8106,29.5352],[73.8109,29.5347],[73.8112,29.5342],[73.8116,29.5338],[73.8116,29.5337],[73.8119,29.5332],[73.8122,29.5327],[73.8125,29.5322],[73.8128,29.5317],[73.813,29.5315],[73.8131,29.5312],[73.8134,29.5309],[73.8134,29.5307],[73.8145,29.5288],[73.8223,29.5319],[73.8278,29.5363],[73.8328,29.5402],[73.8378,29.5443],[73.8402,29.5452],[73.8422,29.5459],[73.8429,29.5461],[73.8461,29.5473],[73.8532,29.5539],[73.8537,29.5544],[73.8555,29.5567],[73.8558,29.5571],[73.8559,29.5574],[73.8576,29.5574],[73.86,29.5529],[73.8603,29.5519],[73.8641,29.541],[73.8655,29.5388],[73.8673,29.5361],[73.8685,29.5337],[73.8687,29.5333],[73.8687,29.5319],[73.8688,29.5306],[73.8688,29.5281],[73.8684,29.5274],[73.8671,29.5251],[73.8667,29.525],[73.8584,29.5217],[73.858,29.5216],[73.8524,29.5185],[73.8552,29.5152],[73.8553,29.5151],[73.8576,29.5126],[73.861,29.5091],[73.8656,29.5082],[73.8724,29.5103],[73.8786,29.5123],[73.8807,29.5131],[73.8837,29.5143],[73.8851,29.5143],[73.886,29.5143],[73.8877,29.5133],[73.8878,29.5109],[73.8877,29.5107],[73.8873,29.5093],[73.8853,29.5024],[73.8853,29.5024],[73.8854,29.5008],[73.8857,29.4954],[73.887,29.4935],[73.8883,29.4917],[73.8891,29.4905],[73.8955,29.4819],[73.8967,29.4793],[73.8969,29.4789],[73.8996,29.4731],[73.8997,29.4728],[73.8999,29.4724],[73.9018,29.4682],[73.9028,29.466],[73.9064,29.4622],[73.9086,29.4598],[73.9101,29.4577],[73.9117,29.4554],[73.9118,29.4553],[73.9144,29.4517],[73.9162,29.4476],[73.9179,29.444],[73.9185,29.4419],[73.9187,29.4414],[73.9188,29.4412],[73.9202,29.4368],[73.9202,29.4362],[73.9202,29.4342],[73.9192,29.432],[73.9189,29.4317],[73.9171,29.4303],[73.9152,29.4288],[73.9094,29.4269],[73.907,29.4261],[73.9063,29.4259],[73.906,29.4258],[73.8988,29.4235],[73.8976,29.4231],[73.8962,29.4226],[73.8901,29.4209],[73.89,29.4209],[73.8898,29.4208],[73.8836,29.4191],[73.8802,29.4181],[73.8736,29.4162],[73.8683,29.4147],[73.8674,29.4145],[73.8625,29.4131],[73.8619,29.4129],[73.8596,29.4119],[73.8586,29.4103],[73.8581,29.4096],[73.8579,29.4094],[73.8571,29.4075],[73.8568,29.4069],[73.8557,29.4049],[73.8532,29.4037],[73.8518,29.403],[73.8495,29.4019],[73.8466,29.3998],[73.8433,29.3968],[73.8413,29.3923],[73.8415,29.3908],[73.8417,29.3883],[73.8418,29.3881],[73.8434,29.3849],[73.8472,29.3814],[73.8517,29.3775],[73.8519,29.3771],[73.8526,29.3758],[73.8529,29.3744],[73.8535,29.3679],[73.8542,29.3629],[73.8559,29.36],[73.8579,29.3567],[73.8612,29.3513],[73.8613,29.3511],[73.8621,29.3497],[73.8623,29.3495],[73.8677,29.3471],[73.8688,29.3471],[73.8719,29.3471],[73.8754,29.3471],[73.8839,29.3502],[73.8918,29.3533],[73.8919,29.3533],[73.8957,29.356],[73.8998,29.359],[73.9003,29.3593],[73.901,29.36],[73.9028,29.3616],[73.9034,29.3621],[73.9087,29.3668],[73.9088,29.3669],[73.9113,29.3685],[73.9166,29.3719],[73.9176,29.3727],[73.9237,29.3778],[73.9245,29.3784],[73.9265,29.3805],[73.9279,29.3819],[73.929,29.3844],[73.9316,29.3863],[73.9318,29.3863],[73.9332,29.3864],[73.9354,29.3843],[73.9358,29.384],[73.9361,29.38],[73.9363,29.3768],[73.9365,29.3745],[73.9371,29.3733],[73.9388,29.3701],[73.944,29.3666],[73.9548,29.3627],[73.9597,29.3603],[73.9598,29.36],[73.9628,29.3546],[73.968,29.3504],[73.9735,29.3485],[73.9758,29.3477],[73.9771,29.3472],[73.9823,29.3445],[73.984,29.3436],[73.9868,29.3421],[73.988,29.3386],[73.988,29.3375],[73.9876,29.3294],[73.9876,29.3289],[73.9875,29.3286],[73.9882,29.3239],[73.9905,29.3204],[73.9956,29.318],[73.996,29.3177],[73.996,29.3176],[73.9971,29.3167],[73.9985,29.3155],[73.9996,29.3145],[74.0034,29.3101],[74.011,29.3092],[74.0146,29.3082],[74.0162,29.3077],[74.0173,29.3071],[74.0179,29.2993],[74.0186,29.2923],[74.0187,29.2905],[74.0188,29.2893],[74.0193,29.2879],[74.0198,29.2872],[74.0206,29.2862],[74.0215,29.2853],[74.0239,29.2831],[74.0242,29.2829],[74.0247,29.2826],[74.0254,29.2824],[74.0257,29.2824],[74.0264,29.2823],[74.0278,29.2826],[74.0288,29.2832],[74.0292,29.2834],[74.03,29.284],[74.0306,29.2846],[74.0327,29.2866],[74.0345,29.2876],[74.0377,29.2876],[74.0417,29.2877],[74.0427,29.2876],[74.0433,29.2876],[74.0454,29.2876],[74.047,29.2867],[74.0481,29.2852],[74.0498,29.2831],[74.0513,29.2812],[74.0533,29.2786],[74.0566,29.2756],[74.062,29.2755],[74.062,29.2747],[74.0622,29.2731],[74.0629,29.272],[74.0634,29.2716],[74.0641,29.2713],[74.0643,29.2712],[74.0653,29.2707],[74.0663,29.2702],[74.0685,29.269],[74.0708,29.2674],[74.0723,29.2664],[74.0724,29.2663],[74.073,29.2659],[74.0764,29.2643],[74.0801,29.2627],[74.0809,29.2623],[74.0825,29.2615],[74.0843,29.2607],[74.0864,29.2597],[74.0876,29.2593],[74.0883,29.2592],[74.0903,29.2589],[74.0919,29.2585],[74.0925,29.2584],[74.094,29.258],[74.0949,29.2578],[74.0959,29.2579],[74.0962,29.2582],[74.0966,29.2586],[74.097,29.2593],[74.0978,29.261],[74.0991,29.2634],[74.1,29.2653],[74.1049,29.2758],[74.1051,29.2764],[74.1056,29.2777],[74.106,29.2788],[74.1061,29.279],[74.1066,29.28],[74.1068,29.2804],[74.1074,29.2818],[74.1091,29.2816],[74.114,29.2764],[74.1163,29.2753],[74.1184,29.2744],[74.1197,29.2737],[74.1367,29.2716],[74.1411,29.271],[74.1459,29.2704],[74.1467,29.2704],[74.1534,29.27],[74.1678,29.2691],[74.1697,29.2693],[74.1718,29.2699],[74.1747,29.2708],[74.1765,29.2713],[74.1774,29.2716],[74.1834,29.2744],[74.1859,29.2756],[74.1906,29.2783],[74.194,29.2801],[74.1956,29.2802],[74.1961,29.2802],[74.1997,29.2823],[74.2006,29.2823],[74.2007,29.2824],[74.2011,29.2824],[74.2012,29.2826],[74.2024,29.2848],[74.2039,29.2848],[74.2041,29.2849],[74.2042,29.2861],[74.2043,29.2889],[74.2091,29.2889],[74.2091,29.2892],[74.2092,29.29],[74.2107,29.2911],[74.2127,29.2911],[74.2137,29.293],[74.2144,29.2923],[74.2175,29.2893],[74.2193,29.2856],[74.2242,29.2803],[74.229,29.2774],[74.2312,29.2759],[74.2384,29.2714],[74.2382,29.2684],[74.238,29.2662],[74.2379,29.2643],[74.2378,29.264],[74.2378,29.2612],[74.2378,29.2597],[74.2372,29.2565],[74.237,29.2558],[74.2368,29.2552],[74.2365,29.2543],[74.2364,29.2539],[74.2361,29.2533],[74.2359,29.2527],[74.2356,29.252],[74.2355,29.2517],[74.235,29.2503],[74.2349,29.2502],[74.2344,29.2491],[74.2343,29.2489],[74.2338,29.2476],[74.2335,29.247],[74.2332,29.2464],[74.2329,29.2458],[74.2325,29.2452],[74.2323,29.2448],[74.2321,29.2446],[74.2317,29.2441],[74.2313,29.2435],[74.2311,29.2431],[74.2309,29.2429],[74.2305,29.2424],[74.2301,29.2418],[74.2301,29.2418],[74.2296,29.2413],[74.2287,29.2402],[74.2282,29.2397],[74.2279,29.2394],[74.2277,29.2392],[74.2255,29.2373],[74.2249,29.2369],[74.2243,29.2366],[74.224,29.2365],[74.2236,29.2363],[74.2217,29.2355],[74.22,29.235],[74.2188,29.2348],[74.2178,29.2346],[74.2169,29.2346],[74.2165,29.2345],[74.2163,29.2345],[74.2155,29.2344],[74.2145,29.2331],[74.214,29.2319],[74.2138,29.2309],[74.2136,29.2303],[74.2132,29.2281],[74.2132,29.2278],[74.2131,29.2257],[74.2133,29.2242],[74.214,29.2228],[74.2141,29.2186],[74.2122,29.2179],[74.2117,29.2176],[74.2111,29.217],[74.2109,29.2163],[74.2107,29.2125],[74.2107,29.2124],[74.2106,29.2112],[74.21,29.2099],[74.2092,29.2097],[74.2089,29.2073],[74.2099,29.205],[74.2097,29.2048],[74.2097,29.2043],[74.2088,29.2018],[74.2086,29.2017],[74.2079,29.2013],[74.2078,29.201],[74.2088,29.1972],[74.2079,29.1944],[74.2077,29.1939],[74.2077,29.1935],[74.2078,29.1928],[74.2078,29.1924],[74.2074,29.1908],[74.2056,29.1896],[74.2055,29.1896],[74.2048,29.1895],[74.2043,29.1891],[74.204,29.189],[74.203,29.1885],[74.2006,29.1884],[74.1999,29.1882],[74.1998,29.1867],[74.1991,29.1854],[74.1999,29.1828],[74.2001,29.1823],[74.2005,29.1811],[74.202,29.179],[74.2023,29.1785],[74.2031,29.1769],[74.2034,29.1758],[74.2036,29.1752],[74.2052,29.1739],[74.2038,29.1735],[74.2064,29.1705],[74.2062,29.1691],[74.206,29.1676],[74.2059,29.1672],[74.2054,29.1658],[74.2044,29.1644],[74.2041,29.1641],[74.2039,29.1639],[74.2042,29.1602],[74.2043,29.1577],[74.2044,29.1563],[74.2032,29.1533],[74.2029,29.1532],[74.2028,29.1531],[74.2027,29.1525],[74.2029,29.1498],[74.2017,29.1496],[74.2009,29.1495],[74.1987,29.1492],[74.1958,29.1485],[74.1951,29.1484],[74.1914,29.1481],[74.1911,29.1478],[74.191,29.1474],[74.1908,29.1474],[74.1901,29.1474],[74.1887,29.1475],[74.1872,29.1469],[74.187,29.1469],[74.1867,29.1468],[74.1862,29.1468],[74.1861,29.1468],[74.1848,29.1469],[74.1841,29.1469],[74.1831,29.1467],[74.1816,29.1464],[74.1806,29.1462],[74.1798,29.1462],[74.1776,29.1454],[74.1722,29.1423],[74.1707,29.1415],[74.1674,29.1392],[74.1653,29.1346],[74.1648,29.1332],[74.1638,29.1307],[74.1633,29.13],[74.1621,29.1286],[74.161,29.1268],[74.1607,29.1256],[74.1602,29.1228],[74.1602,29.1219],[74.1604,29.1205],[74.161,29.1189],[74.1614,29.1177],[74.1623,29.115],[74.1625,29.1144],[74.1626,29.114],[74.1628,29.1132],[74.1633,29.1115],[74.163,29.1112],[74.1629,29.1111],[74.1624,29.1107],[74.1619,29.1103],[74.1605,29.1093],[74.1593,29.1073],[74.1591,29.1071],[74.1587,29.1069],[74.158,29.1068],[74.1563,29.1061],[74.1559,29.1056],[74.1555,29.1049],[74.1553,29.1046],[74.1541,29.1041],[74.1535,29.1035],[74.1532,29.1024],[74.1528,29.1016],[74.1519,29.0997],[74.1518,29.0996],[74.1512,29.0987],[74.1492,29.0957],[74.1483,29.0945],[74.1479,29.0939],[74.1451,29.0901],[74.1449,29.0895],[74.1447,29.0888],[74.1444,29.0884],[74.1437,29.0879],[74.1432,29.0875],[74.1415,29.0864],[74.139,29.0839],[74.1385,29.0837],[74.1382,29.0835],[74.1354,29.0829],[74.1357,29.0801],[74.1362,29.0772],[74.1362,29.0761],[74.1361,29.0756],[74.137,29.0748],[74.138,29.074],[74.1374,29.0723],[74.1367,29.0695],[74.1365,29.0689],[74.136,29.0685],[74.1349,29.0678],[74.1341,29.0668],[74.134,29.0667],[74.1321,29.0651],[74.1312,29.0646],[74.1304,29.0643],[74.1296,29.0642],[74.129,29.0642],[74.1285,29.0645],[74.1281,29.0646],[74.1273,29.0649],[74.1257,29.0652],[74.1252,29.0653],[74.1244,29.0655],[74.1236,29.0656],[74.1226,29.0656],[74.1223,29.0656],[74.1215,29.0655],[74.1207,29.0652],[74.1199,29.0647],[74.1191,29.0645],[74.1182,29.0645],[74.1176,29.0649],[74.1162,29.0653],[74.1155,29.0654],[74.1148,29.0653],[74.1125,29.0633],[74.112,29.0629],[74.1115,29.0625],[74.1112,29.0623],[74.1109,29.0622],[74.1108,29.0619],[74.1108,29.0613],[74.1113,29.06],[74.1102,29.0564],[74.109,29.0556],[74.1087,29.0554],[74.1075,29.0545],[74.1064,29.054],[74.1061,29.0539],[74.1055,29.0534],[74.105,29.0525],[74.105,29.0524],[74.1042,29.0514],[74.1042,29.0511],[74.1041,29.0506],[74.1036,29.0492],[74.1032,29.049],[74.1024,29.0486],[74.1017,29.0476],[74.1017,29.0469],[74.1018,29.0462],[74.1019,29.0454],[74.1018,29.0448],[74.1013,29.0443],[74.1004,29.0439],[74.1003,29.0439],[74.0995,29.0437],[74.0986,29.0436],[74.098,29.0436],[74.097,29.0437],[74.096,29.0436],[74.0956,29.0435],[74.0955,29.0434],[74.095,29.0431],[74.0946,29.0426],[74.0942,29.0419],[74.094,29.0406],[74.0935,29.0391],[74.0922,29.0371],[74.0901,29.0355],[74.0888,29.0345],[74.0878,29.0339],[74.0871,29.0337],[74.0864,29.0335],[74.0856,29.0335],[74.085,29.0333],[74.0843,29.0322],[74.0842,29.0321],[74.0839,29.0311],[74.0837,29.0302],[74.0835,29.0298],[74.0832,29.0293],[74.0829,29.0291],[74.0821,29.0289],[74.082,29.0289],[74.0815,29.0289],[74.0813,29.0288],[74.0795,29.0284],[74.0786,29.0276],[74.0758,29.0257],[74.0745,29.025],[74.0739,29.0247],[74.0733,29.0242],[74.0722,29.0234],[74.0714,29.0228],[74.0709,29.0227],[74.0697,29.0226],[74.0692,29.0225],[74.0671,29.0221],[74.0667,29.022],[74.0646,29.0213],[74.0636,29.0206],[74.0628,29.0197],[74.062,29.019],[74.0613,29.019],[74.0599,29.0187],[74.0595,29.0185],[74.0593,29.0184],[74.0578,29.0171],[74.0563,29.0163],[74.0554,29.0159],[74.0541,29.0153],[74.0527,29.0149],[74.0519,29.0146],[74.0502,29.0139],[74.0476,29.0127],[74.044,29.0112],[74.0421,29.0098],[74.042,29.0097],[74.0425,29.0123],[74.04,29.0126],[74.0347,29.011],[74.0291,29.0073],[74.029,29.0072],[74.0284,29.0035],[74.03,29.0002],[74.0223,28.9865],[74.0216,28.9752],[74.0232,28.9644],[74.0205,28.9602],[74.0241,28.9466],[74.0263,28.9333],[74.0155,28.9287],[74.0133,28.9249],[74.0082,28.9205],[74.0034,28.9177],[74,28.916],[73.9751,28.9037],[73.9703,28.9125],[73.9649,28.9277],[73.9639,28.9345],[73.9605,28.9403],[73.9595,28.9459],[73.9629,28.95],[73.9628,28.9562],[73.9677,28.9644],[73.9689,28.9763],[73.957,28.9719],[73.9424,28.9692],[73.9111,28.9611],[73.9102,28.9568],[73.877,28.9409],[73.8704,28.9425],[73.8625,28.9379],[73.8468,28.938],[73.8457,28.9461],[73.8524,28.9518],[73.8423,28.9695],[73.8308,28.9669],[73.829,28.9723],[73.8271,28.9826],[73.8244,28.9868],[73.8193,28.991],[73.8101,28.9923],[73.8046,29.0016],[73.8036,29.0028],[73.7985,29.0071],[73.7977,29.0187],[73.8028,29.0229],[73.8016,29.0348],[73.7999,29.0409],[73.7931,29.0416],[73.7864,29.0398],[73.7849,29.0411],[73.7844,29.0505],[73.7724,29.0517],[73.7585,29.0309],[73.7534,29.0274],[73.7519,29.0181],[73.748,29.0124],[73.7424,29.0076],[73.7368,29.0202],[73.7327,29.023],[73.7308,29.0264],[73.7218,29.0259],[73.7135,29.0243],[73.7086,29.027],[73.7018,29.0271],[73.7006,29.0324],[73.702,29.037],[73.6898,29.0357],[73.6847,29.0276],[73.6838,29.0214],[73.6658,29.0183],[73.662,29.0202],[73.6563,29.0185],[73.6452,29.0271],[73.6387,29.0301],[73.6342,29.0297],[73.6291,29.0377],[73.624,29.0374],[73.6031,29.0278],[73.5979,29.0214],[73.5808,29.0062],[73.5751,29.0014],[73.5704,28.9967],[73.5686,28.9962],[73.5663,28.9969],[73.5626,29.0014],[73.5569,29.0089],[73.5427,29.0014],[73.5379,28.9995],[73.5208,28.9946],[73.5129,29.0013],[73.508,29.006],[73.4918,29.0116],[73.4867,29.012],[73.4813,29.0089],[73.4679,29.0012],[73.4546,28.9929],[73.4404,28.9912],[73.435,28.9906],[73.43,28.9908],[73.4272,28.9919],[73.4233,28.9952],[73.4187,29.0011],[73.4148,29.0033],[73.4043,29.0059],[73.3877,29.0102],[73.3638,29.0055],[73.3454,29.0059],[73.3418,29.0041],[73.337,29.0008],[73.3311,28.9966],[73.3199,28.9892],[73.3124,28.9763],[73.3076,28.9708],[73.2996,28.9694],[73.2899,28.9715],[73.2852,28.9678],[73.2796,28.9537],[73.2793,28.9479],[73.2803,28.9404],[73.2724,28.9375],[73.2579,28.9423],[73.2485,28.9357],[73.2278,28.9297],[73.2192,28.9195],[73.1982,28.8872],[73.1974,28.8842],[73.2125,28.864],[73.2259,28.8527],[73.2222,28.8497],[73.2144,28.8524],[73.2053,28.8534],[73.1989,28.8468],[73.1767,28.8296],[73.1735,28.8275],[73.1686,28.8269],[73.1593,28.8178],[73.1623,28.814],[73.1568,28.8069],[73.1571,28.8],[73.1599,28.7947],[73.1557,28.7891],[73.15,28.784],[73.1388,28.7792],[73.1298,28.7737],[73.1163,28.7669],[73.1079,28.7652],[73.1016,28.7651],[73.0868,28.7626],[73.0639,28.7538],[73.0454,28.7485],[73.0355,28.743],[73.0275,28.7354],[73.0218,28.729],[73.0111,28.7138],[73.0035,28.7148],[73.0003,28.7153],[72.9962,28.7173],[72.9889,28.7213],[72.9842,28.7245],[72.9802,28.7268],[72.9741,28.7308],[72.9706,28.7335],[72.9636,28.7381],[72.9576,28.7398],[72.9499,28.737],[72.9427,28.7315],[72.9344,28.7286],[72.9244,28.7309],[72.9162,28.734],[72.9125,28.7363],[72.9059,28.7405],[72.8973,28.7453],[72.8904,28.7479],[72.8852,28.7498],[72.8787,28.7528],[72.8678,28.7578],[72.8595,28.7617],[72.8471,28.7665],[72.8384,28.77],[72.8252,28.7763],[72.813,28.7778],[72.7997,28.7783],[72.7918,28.7813],[72.7826,28.7885],[72.7761,28.793],[72.7721,28.7961],[72.7681,28.7986],[72.7653,28.7998],[72.7585,28.7952],[72.7539,28.7901],[72.7499,28.7853],[72.7468,28.7827],[72.7426,28.7895],[72.7394,28.7965],[72.7352,28.8023],[72.7278,28.8061],[72.7222,28.8099],[72.7191,28.814],[72.7142,28.8213],[72.7091,28.8283],[72.7048,28.834],[72.7008,28.8385],[72.6964,28.8431],[72.6925,28.848],[72.6871,28.8518],[72.6821,28.8558],[72.677,28.8601],[72.6734,28.8637],[72.6719,28.8697],[72.6669,28.8779],[72.6624,28.8844],[72.657,28.8913],[72.6535,28.8965],[72.6485,28.9032],[72.6556,28.9074],[72.6634,28.9109],[72.6716,28.9159],[72.6734,28.9168],[72.6768,28.9178],[72.6795,28.9203],[72.7164,28.9389],[72.7466,28.9521],[72.7911,28.969],[72.795,28.9705],[72.8495,28.9912],[72.8509,28.9918],[72.8514,28.992],[72.8543,28.9934],[72.8675,28.9997],[72.8933,29.0071],[72.9046,29.0127],[72.9184,29.0177],[72.9338,29.0232],[72.9412,29.0262],[72.9451,29.0284],[72.9464,29.0295],[72.9474,29.0304],[72.9495,29.0331],[72.9594,29.0564],[72.9639,29.0643],[72.9664,29.0713],[72.9816,29.1024],[72.9847,29.1102],[72.9893,29.1171],[72.991,29.1195],[72.9916,29.1208],[72.9939,29.1308],[72.9988,29.1427],[73.0218,29.1674],[73.0265,29.1713],[73.0303,29.1771],[73.0417,29.1911],[73.0463,29.1946],[73.0614,29.2102],[73.0626,29.2115],[73.0848,29.2364],[73.0858,29.2378],[73.0957,29.2521],[73.0987,29.2567],[73.1049,29.2687],[73.108,29.2755],[73.116,29.2857],[73.1164,29.2876],[73.1187,29.2923],[73.1205,29.2951],[73.1212,29.2956],[73.1218,29.2965],[73.1218,29.2976],[73.1437,29.3322],[73.1462,29.3383],[73.1536,29.3528],[73.1577,29.3601],[73.1641,29.3707],[73.1758,29.3889],[73.1767,29.3904],[73.1779,29.3923],[73.1982,29.4314],[73.2094,29.4447],[73.2287,29.4822],[73.2303,29.4831],[73.2309,29.4848],[73.2346,29.4894],[73.2353,29.4911],[73.2396,29.4958],[73.2453,29.5089],[73.2502,29.5153],[73.2548,29.5236],[73.2694,29.544],[73.2707,29.5459],[73.2787,29.5597],[73.2823,29.5694],[73.2914,29.6004],[73.2935,29.6074],[73.3052,29.6363],[73.3197,29.689],[73.3203,29.6904],[73.3225,29.6942],[73.3229,29.6957],[73.3238,29.6972],[73.3251,29.7017],[73.3333,29.7305],[73.3345,29.7338],[73.3355,29.735],[73.3415,29.7525],[73.3436,29.7604],[73.3482,29.7716],[73.3537,29.7948],[73.3576,29.8079],[73.3624,29.8204],[73.3668,29.8389],[73.374,29.8556],[73.3797,29.8768],[73.3937,29.9288],[73.3997,29.9407],[73.4076,29.9462],[73.4303,29.9558],[73.4334,29.9569],[73.4507,29.9634],[73.4837,29.977],[73.5091,29.9841],[73.5151,29.9868],[73.5273,29.9922],[73.5485,29.9978],[73.5705,30.008],[73.5883,30.014],[73.6083,30.0208],[73.62,30.0246],[73.6623,30.0333],[73.6808,30.039],[73.6874,30.041],[73.7181,30.0491],[73.763,30.0584],[73.7963,30.0681],[73.8032,30.0714],[73.8096,30.0781],[73.8155,30.0842],[73.847,30.1104],[73.8577,30.1177],[73.8636,30.1219],[73.8819,30.1339],[73.8929,30.1404],[73.9049,30.1509],[73.9133,30.1565],[73.933,30.1694],[73.9675,30.1872],[73.9759,30.1964],[73.9777,30.1857],[73.976,30.1784],[73.9729,30.1732],[73.9703,30.1446],[73.9706,30.1356],[73.9719,30.1288],[73.9734,30.1257],[73.9761,30.1225],[73.9674,30.1209],[73.9594,30.1111],[73.9535,30.1056],[73.9523,30.1004],[73.9408,30.0852],[73.9275,30.0695],[73.9178,30.0615],[73.9076,30.0551],[73.904,30.0483],[73.9018,30.0399],[73.8946,30.0188],[73.891,30.0126],[73.8902,29.9977],[73.8921,29.9927],[73.8975,29.9831],[73.8985,29.979]]]},"properties":{"district_name":"Ganganagar","raw_district_name":"Ganganagar","state_code":"RJ","state_name":"Rajasthan","census_code":99,"data_source":"DataMeet India Maps (Census 2011 Boundaries)"}},{"type":"Feature","geometry":{"type":"Polygon","coordinates":[[[74.042,29.0097],[74.0421,29.0098],[74.044,29.0112],[74.0476,29.0127],[74.0502,29.0139],[74.0519,29.0146],[74.0527,29.0149],[74.0541,29.0153],[74.0554,29.0159],[74.0563,29.0163],[74.0578,29.0171],[74.0593,29.0184],[74.0595,29.0185],[74.0599,29.0187],[74.0613,29.019],[74.062,29.019],[74.0628,29.0197],[74.0636,29.0206],[74.0646,29.0213],[74.0667,29.022],[74.0671,29.0221],[74.0692,29.0225],[74.0697,29.0226],[74.0709,29.0227],[74.0714,29.0228],[74.0722,29.0234],[74.0733,29.0242],[74.0739,29.0247],[74.0745,29.025],[74.0758,29.0257],[74.0786,29.0276],[74.0795,29.0284],[74.0813,29.0288],[74.0815,29.0289],[74.082,29.0289],[74.0821,29.0289],[74.0829,29.0291],[74.0832,29.0293],[74.0835,29.0298],[74.0837,29.0302],[74.0839,29.0311],[74.0842,29.0321],[74.0843,29.0322],[74.085,29.0333],[74.0856,29.0335],[74.0864,29.0335],[74.0871,29.0337],[74.0878,29.0339],[74.0888,29.0345],[74.0901,29.0355],[74.0922,29.0371],[74.0935,29.0391],[74.094,29.0406],[74.0942,29.0419],[74.0946,29.0426],[74.095,29.0431],[74.0955,29.0434],[74.0956,29.0435],[74.096,29.0436],[74.097,29.0437],[74.098,29.0436],[74.0986,29.0436],[74.0995,29.0437],[74.1003,29.0439],[74.1004,29.0439],[74.1013,29.0443],[74.1018,29.0448],[74.1019,29.0454],[74.1018,29.0462],[74.1017,29.0469],[74.1017,29.0476],[74.1024,29.0486],[74.1032,29.049],[74.1036,29.0492],[74.1041,29.0506],[74.1042,29.0511],[74.1042,29.0514],[74.105,29.0524],[74.105,29.0525],[74.1055,29.0534],[74.1061,29.0539],[74.1064,29.054],[74.1075,29.0545],[74.1087,29.0554],[74.109,29.0556],[74.1102,29.0564],[74.1113,29.06],[74.1108,29.0613],[74.1108,29.0619],[74.1109,29.0622],[74.1112,29.0623],[74.1115,29.0625],[74.112,29.0629],[74.1125,29.0633],[74.1148,29.0653],[74.1155,29.0654],[74.1162,29.0653],[74.1176,29.0649],[74.1182,29.0645],[74.1191,29.0645],[74.1199,29.0647],[74.1207,29.0652],[74.1215,29.0655],[74.1223,29.0656],[74.1226,29.0656],[74.1236,29.0656],[74.1244,29.0655],[74.1252,29.0653],[74.1257,29.0652],[74.1273,29.0649],[74.1281,29.0646],[74.1285,29.0645],[74.129,29.0642],[74.1296,29.0642],[74.1304,29.0643],[74.1312,29.0646],[74.1321,29.0651],[74.134,29.0667],[74.1341,29.0668],[74.1349,29.0678],[74.136,29.0685],[74.1365,29.0689],[74.1367,29.0695],[74.1374,29.0723],[74.138,29.074],[74.137,29.0748],[74.1361,29.0756],[74.1362,29.0761],[74.1362,29.0772],[74.1357,29.0801],[74.1354,29.0829],[74.1382,29.0835],[74.1385,29.0837],[74.139,29.0839],[74.1415,29.0864],[74.1432,29.0875],[74.1437,29.0879],[74.1444,29.0884],[74.1447,29.0888],[74.1449,29.0895],[74.1451,29.0901],[74.1479,29.0939],[74.1483,29.0945],[74.1492,29.0957],[74.1512,29.0987],[74.1518,29.0996],[74.1519,29.0997],[74.1528,29.1016],[74.1532,29.1024],[74.1535,29.1035],[74.1541,29.1041],[74.1553,29.1046],[74.1555,29.1049],[74.1559,29.1056],[74.1563,29.1061],[74.158,29.1068],[74.1587,29.1069],[74.1591,29.1071],[74.1593,29.1073],[74.1605,29.1093],[74.1619,29.1103],[74.1624,29.1107],[74.1629,29.1111],[74.163,29.1112],[74.1633,29.1115],[74.1628,29.1132],[74.1626,29.114],[74.1625,29.1144],[74.1623,29.115],[74.1614,29.1177],[74.161,29.1189],[74.1604,29.1205],[74.1602,29.1219],[74.1602,29.1228],[74.1607,29.1256],[74.161,29.1268],[74.1621,29.1286],[74.1633,29.13],[74.1638,29.1307],[74.1648,29.1332],[74.1653,29.1346],[74.1674,29.1392],[74.1707,29.1415],[74.1722,29.1423],[74.1776,29.1454],[74.1798,29.1462],[74.1806,29.1462],[74.1816,29.1464],[74.1831,29.1467],[74.1841,29.1469],[74.1848,29.1469],[74.1861,29.1468],[74.1862,29.1468],[74.1867,29.1468],[74.187,29.1469],[74.1872,29.1469],[74.1887,29.1475],[74.1901,29.1474],[74.1908,29.1474],[74.191,29.1474],[74.1911,29.1478],[74.1914,29.1481],[74.1951,29.1484],[74.1958,29.1485],[74.1987,29.1492],[74.2009,29.1495],[74.2017,29.1496],[74.2029,29.1498],[74.2027,29.1525],[74.2028,29.1531],[74.2029,29.1532],[74.2032,29.1533],[74.2044,29.1563],[74.2043,29.1577],[74.2042,29.1602],[74.2039,29.1639],[74.2041,29.1641],[74.2044,29.1644],[74.2054,29.1658],[74.2059,29.1672],[74.206,29.1676],[74.2062,29.1691],[74.2064,29.1705],[74.2038,29.1735],[74.2052,29.1739],[74.2036,29.1752],[74.2034,29.1758],[74.2031,29.1769],[74.2023,29.1785],[74.202,29.179],[74.2005,29.1811],[74.2001,29.1823],[74.1999,29.1828],[74.1991,29.1854],[74.1998,29.1867],[74.1999,29.1882],[74.2006,29.1884],[74.203,29.1885],[74.204,29.189],[74.2043,29.1891],[74.2048,29.1895],[74.2055,29.1896],[74.2056,29.1896],[74.2074,29.1908],[74.2078,29.1924],[74.2078,29.1928],[74.2077,29.1935],[74.2077,29.1939],[74.2079,29.1944],[74.2088,29.1972],[74.2078,29.201],[74.2079,29.2013],[74.2086,29.2017],[74.2088,29.2018],[74.2097,29.2043],[74.2097,29.2048],[74.2099,29.205],[74.2089,29.2073],[74.2092,29.2097],[74.21,29.2099],[74.2106,29.2112],[74.2107,29.2124],[74.2107,29.2125],[74.2109,29.2163],[74.2111,29.217],[74.2117,29.2176],[74.2122,29.2179],[74.2141,29.2186],[74.214,29.2228],[74.2133,29.2242],[74.2131,29.2257],[74.2132,29.2278],[74.2132,29.2281],[74.2136,29.2303],[74.2138,29.2309],[74.214,29.2319],[74.2145,29.2331],[74.2155,29.2344],[74.2163,29.2345],[74.2165,29.2345],[74.2169,29.2346],[74.2178,29.2346],[74.2188,29.2348],[74.22,29.235],[74.2217,29.2355],[74.2236,29.2363],[74.224,29.2365],[74.2243,29.2366],[74.2249,29.2369],[74.2255,29.2373],[74.2277,29.2392],[74.2279,29.2394],[74.2282,29.2397],[74.2287,29.2402],[74.2296,29.2413],[74.2301,29.2418],[74.2301,29.2418],[74.2305,29.2424],[74.2309,29.2429],[74.2311,29.2431],[74.2313,29.2435],[74.2317,29.2441],[74.2321,29.2446],[74.2323,29.2448],[74.2325,29.2452],[74.2329,29.2458],[74.2332,29.2464],[74.2335,29.247],[74.2338,29.2476],[74.2343,29.2489],[74.2344,29.2491],[74.2349,29.2502],[74.235,29.2503],[74.2355,29.2517],[74.2356,29.252],[74.2359,29.2527],[74.2361,29.2533],[74.2364,29.2539],[74.2365,29.2543],[74.2368,29.2552],[74.237,29.2558],[74.2372,29.2565],[74.2378,29.2597],[74.2378,29.2612],[74.2378,29.264],[74.2379,29.2643],[74.238,29.2662],[74.2382,29.2684],[74.2384,29.2714],[74.2312,29.2759],[74.229,29.2774],[74.2242,29.2803],[74.2193,29.2856],[74.2175,29.2893],[74.2144,29.2923],[74.2137,29.293],[74.2127,29.2911],[74.2107,29.2911],[74.2092,29.29],[74.2091,29.2892],[74.2091,29.2889],[74.2043,29.2889],[74.2042,29.2861],[74.2041,29.2849],[74.2039,29.2848],[74.2024,29.2848],[74.2012,29.2826],[74.2011,29.2824],[74.2007,29.2824],[74.2006,29.2823],[74.1997,29.2823],[74.1961,29.2802],[74.1956,29.2802],[74.194,29.2801],[74.1906,29.2783],[74.1859,29.2756],[74.1834,29.2744],[74.1774,29.2716],[74.1765,29.2713],[74.1747,29.2708],[74.1718,29.2699],[74.1697,29.2693],[74.1678,29.2691],[74.1534,29.27],[74.1467,29.2704],[74.1459,29.2704],[74.1411,29.271],[74.1367,29.2716],[74.1197,29.2737],[74.1184,29.2744],[74.1163,29.2753],[74.114,29.2764],[74.1091,29.2816],[74.1074,29.2818],[74.1068,29.2804],[74.1066,29.28],[74.1061,29.279],[74.106,29.2788],[74.1056,29.2777],[74.1051,29.2764],[74.1049,29.2758],[74.1,29.2653],[74.0991,29.2634],[74.0978,29.261],[74.097,29.2593],[74.0966,29.2586],[74.0962,29.2582],[74.0959,29.2579],[74.0949,29.2578],[74.094,29.258],[74.0925,29.2584],[74.0919,29.2585],[74.0903,29.2589],[74.0883,29.2592],[74.0876,29.2593],[74.0864,29.2597],[74.0843,29.2607],[74.0825,29.2615],[74.0809,29.2623],[74.0801,29.2627],[74.0764,29.2643],[74.073,29.2659],[74.0724,29.2663],[74.0723,29.2664],[74.0708,29.2674],[74.0685,29.269],[74.0663,29.2702],[74.0653,29.2707],[74.0643,29.2712],[74.0641,29.2713],[74.0634,29.2716],[74.0629,29.272],[74.0622,29.2731],[74.062,29.2747],[74.062,29.2755],[74.0566,29.2756],[74.0533,29.2786],[74.0513,29.2812],[74.0498,29.2831],[74.0481,29.2852],[74.047,29.2867],[74.0454,29.2876],[74.0433,29.2876],[74.0427,29.2876],[74.0417,29.2877],[74.0377,29.2876],[74.0345,29.2876],[74.0327,29.2866],[74.0306,29.2846],[74.03,29.284],[74.0292,29.2834],[74.0288,29.2832],[74.0278,29.2826],[74.0264,29.2823],[74.0257,29.2824],[74.0254,29.2824],[74.0247,29.2826],[74.0242,29.2829],[74.0239,29.2831],[74.0215,29.2853],[74.0206,29.2862],[74.0198,29.2872],[74.0193,29.2879],[74.0188,29.2893],[74.0187,29.2905],[74.0186,29.2923],[74.0179,29.2993],[74.0173,29.3071],[74.0162,29.3077],[74.0146,29.3082],[74.011,29.3092],[74.0034,29.3101],[73.9996,29.3145],[73.9985,29.3155],[73.9971,29.3167],[73.996,29.3176],[73.996,29.3177],[73.9956,29.318],[73.9905,29.3204],[73.9882,29.3239],[73.9875,29.3286],[73.9876,29.3289],[73.9876,29.3294],[73.988,29.3375],[73.988,29.3386],[73.9868,29.3421],[73.984,29.3436],[73.9823,29.3445],[73.9771,29.3472],[73.9758,29.3477],[73.9735,29.3485],[73.968,29.3504],[73.9628,29.3546],[73.9598,29.36],[73.9597,29.3603],[73.9548,29.3627],[73.944,29.3666],[73.9388,29.3701],[73.9371,29.3733],[73.9365,29.3745],[73.9363,29.3768],[73.9361,29.38],[73.9358,29.384],[73.9354,29.3843],[73.9332,29.3864],[73.9318,29.3863],[73.9316,29.3863],[73.929,29.3844],[73.9279,29.3819],[73.9265,29.3805],[73.9245,29.3784],[73.9237,29.3778],[73.9176,29.3727],[73.9166,29.3719],[73.9113,29.3685],[73.9088,29.3669],[73.9087,29.3668],[73.9034,29.3621],[73.9028,29.3616],[73.901,29.36],[73.9003,29.3593],[73.8998,29.359],[73.8957,29.356],[73.8919,29.3533],[73.8918,29.3533],[73.8839,29.3502],[73.8754,29.3471],[73.8719,29.3471],[73.8688,29.3471],[73.8677,29.3471],[73.8623,29.3495],[73.8621,29.3497],[73.8613,29.3511],[73.8612,29.3513],[73.8579,29.3567],[73.8559,29.36],[73.8542,29.3629],[73.8535,29.3679],[73.8529,29.3744],[73.8526,29.3758],[73.8519,29.3771],[73.8517,29.3775],[73.8472,29.3814],[73.8434,29.3849],[73.8418,29.3881],[73.8417,29.3883],[73.8415,29.3908],[73.8413,29.3923],[73.8433,29.3968],[73.8466,29.3998],[73.8495,29.4019],[73.8518,29.403],[73.8532,29.4037],[73.8557,29.4049],[73.8568,29.4069],[73.8571,29.4075],[73.8579,29.4094],[73.8581,29.4096],[73.8586,29.4103],[73.8596,29.4119],[73.8619,29.4129],[73.8625,29.4131],[73.8674,29.4145],[73.8683,29.4147],[73.8736,29.4162],[73.8802,29.4181],[73.8836,29.4191],[73.8898,29.4208],[73.89,29.4209],[73.8901,29.4209],[73.8962,29.4226],[73.8976,29.4231],[73.8988,29.4235],[73.906,29.4258],[73.9063,29.4259],[73.907,29.4261],[73.9094,29.4269],[73.9152,29.4288],[73.9171,29.4303],[73.9189,29.4317],[73.9192,29.432],[73.9202,29.4342],[73.9202,29.4362],[73.9202,29.4368],[73.9188,29.4412],[73.9187,29.4414],[73.9185,29.4419],[73.9179,29.444],[73.9162,29.4476],[73.9144,29.4517],[73.9118,29.4553],[73.9117,29.4554],[73.9101,29.4577],[73.9086,29.4598],[73.9064,29.4622],[73.9028,29.466],[73.9018,29.4682],[73.8999,29.4724],[73.8997,29.4728],[73.8996,29.4731],[73.8969,29.4789],[73.8967,29.4793],[73.8955,29.4819],[73.8891,29.4905],[73.8883,29.4917],[73.887,29.4935],[73.8857,29.4954],[73.8854,29.5008],[73.8853,29.5024],[73.8853,29.5024],[73.8873,29.5093],[73.8877,29.5107],[73.8878,29.5109],[73.8877,29.5133],[73.886,29.5143],[73.8851,29.5143],[73.8837,29.5143],[73.8807,29.5131],[73.8786,29.5123],[73.8724,29.5103],[73.8656,29.5082],[73.861,29.5091],[73.8576,29.5126],[73.8553,29.5151],[73.8552,29.5152],[73.8524,29.5185],[73.858,29.5216],[73.8584,29.5217],[73.8667,29.525],[73.8671,29.5251],[73.8684,29.5274],[73.8688,29.5281],[73.8688,29.5306],[73.8687,29.5319],[73.8687,29.5333],[73.8685,29.5337],[73.8673,29.5361],[73.8655,29.5388],[73.8641,29.541],[73.8603,29.5519],[73.86,29.5529],[73.8576,29.5574],[73.8559,29.5574],[73.8558,29.5571],[73.8555,29.5567],[73.8537,29.5544],[73.8532,29.5539],[73.8461,29.5473],[73.8429,29.5461],[73.8422,29.5459],[73.8402,29.5452],[73.8378,29.5443],[73.8328,29.5402],[73.8278,29.5363],[73.8223,29.5319],[73.8145,29.5288],[73.8134,29.5307],[73.8134,29.5309],[73.8131,29.5312],[73.813,29.5315],[73.8128,29.5317],[73.8125,29.5322],[73.8122,29.5327],[73.8119,29.5332],[73.8116,29.5337],[73.8116,29.5338],[73.8112,29.5342],[73.8109,29.5347],[73.8106,29.5352],[73.8103,29.5357],[73.8099,29.5362],[73.8099,29.5363],[73.8096,29.5367],[73.8092,29.5372],[73.8088,29.5377],[73.8086,29.5379],[73.8084,29.5381],[73.8079,29.5385],[73.8075,29.5387],[73.8073,29.5388],[73.8066,29.539],[73.806,29.5392],[73.8055,29.5395],[73.8051,29.54],[73.8085,29.54],[73.8093,29.5414],[73.8096,29.5453],[73.8099,29.5492],[73.8098,29.5531],[73.8105,29.5535],[73.8112,29.5535],[73.8118,29.5536],[73.8121,29.554],[73.8121,29.5541],[73.8122,29.5548],[73.8124,29.557],[73.8123,29.559],[73.8122,29.5599],[73.8121,29.5601],[73.8116,29.5603],[73.8096,29.5605],[73.8096,29.5607],[73.8096,29.5609],[73.8097,29.5632],[73.7996,29.5609],[73.8011,29.5658],[73.8026,29.5726],[73.8027,29.5732],[73.8027,29.5733],[73.8033,29.5761],[73.8035,29.5822],[73.8036,29.5865],[73.8032,29.5892],[73.803,29.59],[73.803,29.5906],[73.8024,29.594],[73.8023,29.5947],[73.8023,29.5987],[73.8034,29.6009],[73.8035,29.6009],[73.8045,29.6012],[73.8071,29.6019],[73.8073,29.602],[73.8095,29.6021],[73.8168,29.6024],[73.8182,29.6027],[73.8189,29.6028],[73.8285,29.6047],[73.8317,29.6053],[73.8354,29.6068],[73.8418,29.6094],[73.842,29.6095],[73.8443,29.6103],[73.8563,29.6144],[73.8571,29.6146],[73.8588,29.615],[73.8668,29.6168],[73.8679,29.6171],[73.8685,29.6172],[73.8695,29.6175],[73.8716,29.6178],[73.8748,29.6183],[73.8821,29.6194],[73.8869,29.6202],[73.8913,29.6209],[73.9043,29.623],[73.9093,29.6238],[73.9167,29.6264],[73.9215,29.6295],[73.9253,29.6328],[73.9256,29.6371],[73.9255,29.6373],[73.9236,29.642],[73.924,29.6444],[73.9243,29.6465],[73.9252,29.6485],[73.927,29.6523],[73.935,29.66],[73.9411,29.6624],[73.9478,29.6642],[73.9505,29.6649],[73.9533,29.6665],[73.9545,29.6671],[73.9567,29.6684],[73.9622,29.6722],[73.9634,29.6731],[73.9633,29.6705],[73.9657,29.666],[73.9676,29.6644],[73.968,29.664],[73.9692,29.663],[73.9728,29.6625],[73.9743,29.6623],[73.9784,29.6624],[73.9799,29.6624],[73.9851,29.6634],[73.9854,29.6634],[73.9908,29.6659],[73.9936,29.6675],[73.9937,29.6676],[73.9979,29.6701],[74.0112,29.6784],[74.0093,29.6846],[74.0084,29.6873],[74.0083,29.6899],[74.0086,29.6902],[74.0092,29.6908],[74.0094,29.6909],[74.0124,29.6913],[74.0141,29.6926],[74.0146,29.6952],[74.0132,29.6979],[74.0108,29.6998],[74.0078,29.7],[74.0051,29.7002],[74.0002,29.7009],[73.9966,29.7013],[73.9948,29.6974],[73.9935,29.6958],[73.9915,29.6954],[73.9899,29.6964],[73.9899,29.6989],[73.9901,29.7011],[73.9903,29.7036],[73.9921,29.7075],[73.9943,29.71],[73.9952,29.711],[73.9974,29.7142],[73.9996,29.7161],[74.0049,29.7181],[74.0066,29.7189],[74.0119,29.719],[74.0187,29.719],[74.0196,29.7228],[74.0196,29.7236],[74.0199,29.7236],[74.0231,29.7236],[74.0247,29.7266],[74.025,29.7265],[74.0282,29.7265],[74.03,29.7248],[74.0314,29.7213],[74.0318,29.7203],[74.0347,29.72],[74.0381,29.7188],[74.0394,29.718],[74.0452,29.7164],[74.0459,29.7162],[74.0462,29.7161],[74.0475,29.7161],[74.0482,29.7161],[74.0482,29.7122],[74.0482,29.7079],[74.0488,29.7076],[74.0497,29.7076],[74.0502,29.7077],[74.0508,29.7079],[74.0508,29.7083],[74.0512,29.7122],[74.0565,29.7123],[74.0592,29.7122],[74.0636,29.7122],[74.0638,29.712],[74.065,29.7097],[74.0673,29.7098],[74.0688,29.7098],[74.069,29.7095],[74.0688,29.7068],[74.0688,29.7054],[74.07,29.7038],[74.0725,29.7025],[74.0725,29.7025],[74.0754,29.7023],[74.0763,29.7035],[74.0789,29.7047],[74.0794,29.7048],[74.0803,29.7051],[74.0803,29.7074],[74.0802,29.708],[74.08,29.7113],[74.0802,29.7172],[74.0814,29.7285],[74.0815,29.7293],[74.0816,29.7294],[74.0821,29.7323],[74.0835,29.741],[74.0837,29.7452],[74.0839,29.7521],[74.0843,29.7552],[74.0868,29.7562],[74.0892,29.7555],[74.0925,29.7516],[74.0928,29.7512],[74.0951,29.7461],[74.097,29.7415],[74.0997,29.7388],[74.1021,29.7386],[74.1039,29.7384],[74.1063,29.7386],[74.1077,29.7388],[74.1086,29.7392],[74.1126,29.7412],[74.1186,29.7447],[74.1201,29.7451],[74.1235,29.7458],[74.1287,29.747],[74.1295,29.747],[74.1327,29.7474],[74.1341,29.7484],[74.1364,29.7456],[74.1364,29.741],[74.1353,29.7406],[74.1337,29.7373],[74.1336,29.7298],[74.1336,29.7225],[74.1383,29.7246],[74.1427,29.7266],[74.1471,29.7289],[74.1485,29.7297],[74.1503,29.7317],[74.1494,29.7344],[74.1498,29.736],[74.1498,29.7364],[74.1516,29.7375],[74.152,29.7405],[74.152,29.7467],[74.1532,29.7555],[74.1543,29.7577],[74.1554,29.7602],[74.159,29.7633],[74.159,29.7634],[74.1597,29.7638],[74.1617,29.7653],[74.165,29.7677],[74.165,29.7677],[74.1692,29.7703],[74.169,29.7705],[74.1679,29.7721],[74.1639,29.7771],[74.1644,29.7808],[74.1645,29.7814],[74.1656,29.7856],[74.1666,29.7877],[74.1667,29.7879],[74.1675,29.7891],[74.1677,29.7895],[74.1679,29.7898],[74.1699,29.7929],[74.1711,29.7956],[74.1714,29.7964],[74.1715,29.7968],[74.1717,29.7972],[74.1718,29.7977],[74.1719,29.7981],[74.1723,29.799],[74.1726,29.7994],[74.1729,29.7997],[74.1732,29.8001],[74.1735,29.8005],[74.1739,29.8008],[74.1742,29.8012],[74.1746,29.8015],[74.1755,29.8019],[74.1757,29.8019],[74.1771,29.8023],[74.1775,29.8024],[74.178,29.8026],[74.1786,29.8027],[74.1795,29.803],[74.1803,29.8033],[74.1807,29.8036],[74.1809,29.8037],[74.1814,29.8038],[74.1819,29.8039],[74.1824,29.804],[74.1825,29.804],[74.1834,29.8043],[74.1839,29.8044],[74.1844,29.8046],[74.1849,29.8048],[74.1859,29.805],[74.1864,29.8051],[74.1869,29.8052],[74.1875,29.8053],[74.1885,29.8055],[74.1892,29.8058],[74.1896,29.806],[74.1899,29.8061],[74.1903,29.8063],[74.1909,29.8066],[74.1914,29.8068],[74.1922,29.8072],[74.1927,29.8074],[74.1931,29.8076],[74.1974,29.8095],[74.1978,29.8097],[74.1986,29.8103],[74.199,29.8105],[74.2,29.8109],[74.2005,29.8111],[74.2009,29.8113],[74.2014,29.8115],[74.2019,29.8117],[74.2024,29.8118],[74.2028,29.812],[74.2033,29.8122],[74.2038,29.8124],[74.2043,29.8126],[74.2047,29.8128],[74.2052,29.813],[74.2057,29.8132],[74.2062,29.8134],[74.2063,29.8135],[74.2066,29.8136],[74.2071,29.8138],[74.2076,29.814],[74.2081,29.8142],[74.2085,29.8144],[74.2094,29.8149],[74.2099,29.8151],[74.2103,29.8154],[74.2106,29.8157],[74.211,29.8161],[74.2112,29.8164],[74.2116,29.8168],[74.2119,29.8172],[74.2119,29.8173],[74.212,29.8174],[74.2122,29.8176],[74.2124,29.818],[74.2127,29.8189],[74.2125,29.8198],[74.2124,29.8203],[74.2123,29.8207],[74.212,29.8225],[74.212,29.823],[74.2119,29.8234],[74.2116,29.8248],[74.2115,29.8252],[74.2113,29.8257],[74.2112,29.8261],[74.211,29.8265],[74.2109,29.827],[74.2107,29.8274],[74.2106,29.8279],[74.2105,29.8283],[74.2104,29.8287],[74.2102,29.8293],[74.2099,29.83],[74.2097,29.8305],[74.2096,29.8309],[74.2095,29.8314],[74.2094,29.8318],[74.2093,29.8323],[74.2091,29.8327],[74.209,29.8332],[74.2089,29.8336],[74.2088,29.8338],[74.2087,29.834],[74.2086,29.8345],[74.2084,29.8349],[74.2083,29.8354],[74.2081,29.8358],[74.2079,29.8362],[74.2078,29.8366],[74.2076,29.8371],[74.2072,29.8379],[74.207,29.8384],[74.2068,29.8388],[74.2066,29.8392],[74.2064,29.8396],[74.2064,29.8397],[74.2062,29.8401],[74.206,29.8405],[74.2059,29.8409],[74.2057,29.8413],[74.2055,29.8418],[74.2053,29.8422],[74.2052,29.8426],[74.205,29.8431],[74.2049,29.8435],[74.2048,29.844],[74.2047,29.8444],[74.2048,29.8453],[74.2049,29.8458],[74.205,29.8462],[74.2052,29.8468],[74.2068,29.8483],[74.2073,29.8486],[74.2077,29.8488],[74.2081,29.8491],[74.2086,29.8493],[74.209,29.8495],[74.2095,29.8497],[74.2101,29.8498],[74.2106,29.8499],[74.2107,29.8499],[74.2111,29.85],[74.2116,29.8502],[74.2118,29.8502],[74.2121,29.8502],[74.2126,29.8503],[74.2131,29.8504],[74.2136,29.8506],[74.2141,29.8507],[74.2146,29.8509],[74.2151,29.851],[74.2156,29.8511],[74.2159,29.8512],[74.2171,29.8514],[74.2176,29.8515],[74.2182,29.8516],[74.2187,29.8517],[74.2192,29.8517],[74.2197,29.8518],[74.2202,29.8519],[74.2208,29.8519],[74.2211,29.8519],[74.2213,29.8519],[74.2218,29.8518],[74.2223,29.8518],[74.2229,29.8518],[74.2235,29.8518],[74.2239,29.8518],[74.2244,29.8518],[74.225,29.8518],[74.225,29.8518],[74.2255,29.8518],[74.2258,29.8518],[74.226,29.8518],[74.2267,29.8519],[74.227,29.8519],[74.2276,29.852],[74.2281,29.852],[74.2286,29.852],[74.2291,29.8521],[74.2297,29.8521],[74.23,29.8521],[74.2303,29.8521],[74.2307,29.8522],[74.2318,29.8522],[74.2323,29.8522],[74.2332,29.8522],[74.2344,29.8522],[74.2349,29.8521],[74.2359,29.8521],[74.237,29.852],[74.2375,29.852],[74.238,29.852],[74.2386,29.8519],[74.2391,29.8519],[74.2391,29.8519],[74.2396,29.8519],[74.2401,29.8519],[74.241,29.852],[74.2417,29.8521],[74.2422,29.8522],[74.2432,29.8524],[74.2443,29.8525],[74.2453,29.8527],[74.2464,29.8527],[74.2469,29.8527],[74.2474,29.8527],[74.2479,29.8527],[74.249,29.8526],[74.2495,29.8525],[74.25,29.8525],[74.2516,29.8523],[74.2526,29.8522],[74.2537,29.852],[74.2542,29.8519],[74.2547,29.8519],[74.2557,29.8518],[74.2562,29.8517],[74.2568,29.8517],[74.2573,29.8516],[74.2577,29.8516],[74.2586,29.8515],[74.2589,29.8515],[74.2594,29.8514],[74.2604,29.8514],[74.261,29.8513],[74.2623,29.8512],[74.263,29.8511],[74.2641,29.851],[74.2646,29.8509],[74.2651,29.8508],[74.2656,29.8507],[74.2661,29.8506],[74.2671,29.8504],[74.2677,29.8503],[74.2692,29.85],[74.2697,29.8499],[74.2709,29.8497],[74.2719,29.8495],[74.273,29.8494],[74.2736,29.8493],[74.2739,29.8492],[74.2745,29.8492],[74.2756,29.8491],[74.2761,29.8491],[74.2766,29.8492],[74.2771,29.8493],[74.2776,29.8494],[74.2778,29.8495],[74.2781,29.8496],[74.2786,29.8498],[74.2791,29.85],[74.2795,29.8502],[74.28,29.8505],[74.2804,29.8508],[74.2805,29.8509],[74.2811,29.8514],[74.2815,29.8517],[74.2819,29.852],[74.2823,29.8524],[74.2826,29.8527],[74.283,29.853],[74.2833,29.8534],[74.2836,29.8538],[74.2838,29.8542],[74.284,29.8546],[74.2841,29.855],[74.2842,29.8555],[74.2843,29.8559],[74.2844,29.8564],[74.2845,29.8569],[74.2846,29.8578],[74.2847,29.8587],[74.2847,29.8588],[74.2847,29.8591],[74.2847,29.8596],[74.2847,29.86],[74.2847,29.8605],[74.2847,29.861],[74.2847,29.8614],[74.2847,29.8619],[74.2847,29.8623],[74.2846,29.8628],[74.2846,29.8629],[74.2846,29.8632],[74.2845,29.8637],[74.2845,29.8642],[74.2845,29.8643],[74.2845,29.8646],[74.2845,29.8651],[74.2845,29.8655],[74.2845,29.8657],[74.2845,29.866],[74.2845,29.8664],[74.2845,29.8669],[74.2845,29.8674],[74.2845,29.8683],[74.2846,29.8687],[74.2846,29.8696],[74.2846,29.8706],[74.2847,29.871],[74.2847,29.8756],[74.2846,29.876],[74.2846,29.8765],[74.2846,29.8769],[74.2846,29.8774],[74.2846,29.8779],[74.2846,29.8783],[74.2846,29.8788],[74.2847,29.8792],[74.2847,29.8797],[74.2847,29.8797],[74.2848,29.8801],[74.2847,29.8806],[74.2847,29.8811],[74.2847,29.8811],[74.2847,29.8815],[74.2846,29.882],[74.2846,29.8824],[74.2845,29.8829],[74.2844,29.8833],[74.2843,29.8835],[74.2843,29.8838],[74.2842,29.8842],[74.2841,29.8847],[74.2839,29.8851],[74.2837,29.8855],[74.2836,29.8858],[74.2835,29.886],[74.2829,29.8867],[74.2825,29.887],[74.2823,29.8871],[74.2821,29.8873],[74.2816,29.8875],[74.2811,29.8875],[74.2805,29.8875],[74.28,29.8875],[74.2798,29.8875],[74.2795,29.8875],[74.279,29.8875],[74.2784,29.8874],[74.2779,29.8873],[74.2774,29.8872],[74.277,29.8871],[74.2769,29.8871],[74.2764,29.887],[74.2759,29.8869],[74.2753,29.8868],[74.2748,29.8867],[74.2745,29.8867],[74.2743,29.8867],[74.2738,29.8866],[74.2735,29.8866],[74.2733,29.8865],[74.273,29.8865],[74.2727,29.8866],[74.2722,29.8865],[74.2717,29.8866],[74.2712,29.8867],[74.2707,29.8868],[74.2704,29.8869],[74.2702,29.8869],[74.2697,29.8871],[74.2692,29.8872],[74.2687,29.8874],[74.2686,29.8874],[74.2682,29.8875],[74.2677,29.8877],[74.2676,29.8877],[74.2672,29.8879],[74.2668,29.8881],[74.2664,29.8884],[74.266,29.8887],[74.2657,29.8891],[74.2655,29.8896],[74.2654,29.89],[74.2654,29.89],[74.2654,29.8905],[74.2653,29.8909],[74.2653,29.8914],[74.2653,29.8915],[74.2652,29.8917],[74.2652,29.8918],[74.2652,29.8923],[74.2651,29.8927],[74.2651,29.8929],[74.265,29.8932],[74.265,29.8934],[74.2649,29.8936],[74.2648,29.8941],[74.2647,29.8945],[74.2647,29.8946],[74.2646,29.895],[74.2645,29.8954],[74.2643,29.8959],[74.2642,29.8963],[74.2641,29.8968],[74.2639,29.8972],[74.2639,29.8974],[74.2638,29.8976],[74.2637,29.8981],[74.2636,29.8985],[74.2635,29.899],[74.2634,29.8994],[74.2634,29.8995],[74.2633,29.8999],[74.2632,29.9003],[74.2632,29.9008],[74.2631,29.901],[74.2631,29.9014],[74.2631,29.9017],[74.263,29.9023],[74.263,29.9026],[74.2629,29.9031],[74.2629,29.9035],[74.2628,29.904],[74.2628,29.9044],[74.2627,29.9049],[74.2627,29.9054],[74.2627,29.9058],[74.2627,29.9063],[74.2626,29.9067],[74.2626,29.9072],[74.2626,29.9076],[74.2627,29.9081],[74.2627,29.9085],[74.2628,29.909],[74.2629,29.9094],[74.2631,29.91],[74.2632,29.9103],[74.2633,29.9108],[74.2634,29.911],[74.2634,29.9112],[74.2634,29.9113],[74.2636,29.9117],[74.2637,29.9121],[74.2638,29.9125],[74.264,29.913],[74.2641,29.9134],[74.2643,29.9139],[74.2644,29.9141],[74.2645,29.9143],[74.2646,29.9147],[74.2649,29.9151],[74.2651,29.9155],[74.2654,29.9159],[74.2654,29.916],[74.2656,29.9163],[74.2658,29.9166],[74.2659,29.9167],[74.2661,29.9171],[74.2664,29.9175],[74.2667,29.9179],[74.2669,29.9183],[74.2672,29.9187],[74.2674,29.9191],[74.2677,29.9195],[74.2679,29.9199],[74.2681,29.9203],[74.2684,29.9208],[74.2686,29.9212],[74.2688,29.9216],[74.269,29.922],[74.2691,29.9221],[74.2693,29.9224],[74.2695,29.9228],[74.2697,29.9232],[74.2699,29.9237],[74.27,29.9239],[74.2701,29.9241],[74.2703,29.9245],[74.2705,29.9249],[74.2707,29.9253],[74.2709,29.9258],[74.2712,29.9262],[74.2715,29.9265],[74.2716,29.9267],[74.2718,29.9269],[74.2721,29.9273],[74.2722,29.9273],[74.2726,29.9279],[74.2727,29.928],[74.2731,29.9284],[74.2734,29.9288],[74.2737,29.9291],[74.2748,29.9307],[74.2751,29.9311],[74.2753,29.9314],[74.2756,29.9318],[74.2759,29.9322],[74.2762,29.9326],[74.2764,29.933],[74.2765,29.9331],[74.2767,29.9334],[74.277,29.9338],[74.2771,29.9339],[74.2773,29.9342],[74.2776,29.9345],[74.2776,29.9346],[74.2779,29.9349],[74.2782,29.9353],[74.2784,29.9354],[74.2785,29.9356],[74.2787,29.9358],[74.2789,29.936],[74.2792,29.9363],[74.2796,29.9366],[74.28,29.9369],[74.2804,29.9373],[74.2808,29.9376],[74.2808,29.9376],[74.2812,29.9379],[74.2816,29.9382],[74.282,29.9384],[74.2824,29.9387],[74.2829,29.939],[74.2833,29.9391],[74.2838,29.9393],[74.2839,29.9393],[74.2843,29.9394],[74.2849,29.9395],[74.2853,29.9397],[74.2858,29.9398],[74.2863,29.94],[74.2868,29.9402],[74.2871,29.9403],[74.2873,29.9403],[74.2878,29.9405],[74.2883,29.9406],[74.2888,29.9407],[74.2893,29.9408],[74.2898,29.9409],[74.2903,29.941],[74.2904,29.9411],[74.2908,29.9411],[74.2915,29.9413],[74.2916,29.9413],[74.2919,29.9414],[74.2938,29.9421],[74.2958,29.9427],[74.2975,29.9429],[74.2989,29.943],[74.2994,29.943],[74.3,29.943],[74.3005,29.9428],[74.3014,29.9425],[74.3029,29.942],[74.304,29.9419],[74.3047,29.9419],[74.3052,29.9419],[74.3058,29.9423],[74.3058,29.943],[74.3056,29.9436],[74.3051,29.9446],[74.3048,29.9454],[74.3042,29.9462],[74.3036,29.9474],[74.3032,29.9488],[74.3025,29.9504],[74.3018,29.953],[74.3006,29.9561],[74.3006,29.9564],[74.331,29.9541],[74.3517,29.9519],[74.3654,29.9504],[74.382,29.95],[74.4134,29.9473],[74.4377,29.9494],[74.4516,29.9469],[74.4536,29.9465],[74.4762,29.9445],[74.5287,29.943],[74.5224,29.9297],[74.5146,29.9074],[74.5205,29.9039],[74.5351,29.9021],[74.5433,29.9022],[74.5531,29.8882],[74.5548,29.8802],[74.5614,29.873],[74.5631,29.8651],[74.557,29.8564],[74.542,29.8388],[74.5153,29.8321],[74.5011,29.8261],[74.49,29.8148],[74.4799,29.8016],[74.4746,29.7872],[74.4784,29.7578],[74.4812,29.7436],[74.4924,29.7436],[74.5061,29.7413],[74.5208,29.7401],[74.5351,29.7408],[74.5412,29.7488],[74.5471,29.7533],[74.5587,29.7542],[74.5734,29.7539],[74.5808,29.7526],[74.5876,29.7663],[74.5961,29.7678],[74.602,29.766],[74.6069,29.7572],[74.6148,29.7521],[74.6154,29.7459],[74.611,29.7399],[74.6128,29.7206],[74.6097,29.7123],[74.6083,29.7054],[74.6022,29.6999],[74.6031,29.6906],[74.6001,29.6819],[74.5944,29.6742],[74.5877,29.654],[74.5912,29.6433],[74.5952,29.6344],[74.5904,29.6297],[74.5845,29.6265],[74.5861,29.62],[74.5838,29.6136],[74.5793,29.5851],[74.5796,29.5677],[74.5755,29.5626],[74.5807,29.5547],[74.5908,29.5468],[74.6001,29.5425],[74.6085,29.5359],[74.6204,29.5305],[74.6234,29.5261],[74.6206,29.519],[74.6134,29.5095],[74.6097,29.5026],[74.6015,29.4911],[74.5992,29.4851],[74.6004,29.4789],[74.5943,29.468],[74.5892,29.4625],[74.5877,29.4576],[74.5805,29.4613],[74.5682,29.4634],[74.5591,29.4636],[74.5516,29.4657],[74.5434,29.4642],[74.5395,29.4567],[74.5378,29.4487],[74.5383,29.4341],[74.54,29.4241],[74.5498,29.4222],[74.5609,29.4214],[74.5665,29.4177],[74.5731,29.4098],[74.5787,29.4052],[74.5778,29.3963],[74.5815,29.3854],[74.5884,29.3777],[74.5992,29.3696],[74.6053,29.3611],[74.6086,29.3532],[74.6043,29.3272],[74.6146,29.3264],[74.6504,29.33],[74.6528,29.3341],[74.6524,29.3532],[74.6589,29.3712],[74.6672,29.3687],[74.6848,29.3669],[74.6974,29.3639],[74.72,29.3676],[74.7257,29.365],[74.7313,29.3595],[74.7405,29.3524],[74.7654,29.3545],[74.7847,29.3586],[74.7946,29.369],[74.8077,29.3831],[74.8185,29.3969],[74.8441,29.3999],[74.8501,29.4025],[74.8585,29.4012],[74.8662,29.3977],[74.8729,29.3947],[74.8755,29.3868],[74.8796,29.3834],[74.8975,29.385],[74.9043,29.3824],[74.9081,29.3765],[74.9192,29.3694],[74.931,29.3642],[74.9362,29.3628],[74.9449,29.3361],[74.9551,29.3309],[74.9599,29.3242],[74.9595,29.3166],[74.9548,29.3091],[74.949,29.3029],[74.9515,29.2933],[74.9564,29.2862],[74.962,29.28],[74.9688,29.2782],[74.9769,29.2805],[74.9858,29.2791],[74.9918,29.2763],[74.9999,29.2697],[75.0148,29.2818],[75.0328,29.2894],[75.0489,29.285],[75.0595,29.2703],[75.0596,29.2667],[75.0599,29.2616],[75.0696,29.2511],[75.0743,29.2444],[75.0716,29.2367],[75.087,29.2302],[75.1015,29.2268],[75.1171,29.2245],[75.1227,29.2406],[75.1337,29.2427],[75.1565,29.2435],[75.1699,29.2514],[75.1731,29.262],[75.1891,29.2662],[75.1976,29.2562],[75.2044,29.2418],[75.221,29.232],[75.2326,29.2324],[75.2444,29.2494],[75.2586,29.2539],[75.2809,29.2518],[75.2859,29.2709],[75.2862,29.2712],[75.2886,29.2742],[75.2989,29.2751],[75.309,29.2794],[75.3179,29.2863],[75.3286,29.2908],[75.3335,29.2875],[75.3346,29.2756],[75.3324,29.2491],[75.3241,29.2333],[75.3438,29.2261],[75.3545,29.2234],[75.3564,29.2274],[75.3594,29.2446],[75.3672,29.2519],[75.3818,29.2573],[75.3889,29.2612],[75.3973,29.2616],[75.405,29.2591],[75.408,29.2522],[75.409,29.244],[75.4087,29.2374],[75.4029,29.2314],[75.3966,29.2262],[75.3954,29.2184],[75.4016,29.2152],[75.4057,29.2106],[75.4091,29.1986],[75.4098,29.186],[75.4036,29.1714],[75.3977,29.1678],[75.3876,29.1687],[75.3781,29.1671],[75.3767,29.1476],[75.3702,29.1398],[75.3829,29.1342],[75.3942,29.1313],[75.4053,29.1255],[75.4004,29.1164],[75.3898,29.1078],[75.3903,29.0997],[75.3922,29.0925],[75.3904,29.0868],[75.3912,29.0807],[75.3896,29.0674],[75.3992,29.0653],[75.4393,29.0617],[75.4388,29.0532],[75.4465,29.0475],[75.4495,29.0385],[75.4416,29.019],[75.4437,29.0135],[75.4676,29.0171],[75.4824,29.0171],[75.4926,29.0157],[75.5141,29.012],[75.5201,29.0077],[75.5201,29.001],[75.5201,29.0001],[75.5242,28.9879],[75.5249,28.979],[75.5255,28.9722],[75.5178,28.9625],[75.5118,28.9583],[75.5124,28.9486],[75.5064,28.9383],[75.4777,28.9348],[75.4724,28.9345],[75.4693,28.9442],[75.4505,28.9624],[75.4537,28.9682],[75.4575,28.9717],[75.4531,28.9754],[75.4515,28.975],[75.4506,28.9756],[75.4518,28.9801],[75.4515,28.9832],[75.4487,28.9859],[75.4488,28.9887],[75.4461,28.9897],[75.4425,28.9927],[75.4334,28.9946],[75.4289,28.9963],[75.4288,28.9984],[75.4236,28.9986],[75.4207,28.9848],[75.4163,28.9794],[75.4091,28.9734],[75.4039,28.967],[75.4016,28.9602],[75.3998,28.9423],[75.3794,28.9374],[75.3792,28.9243],[75.3756,28.9197],[75.3752,28.9167],[75.3731,28.9142],[75.3688,28.9134],[75.3574,28.9105],[75.3513,28.9125],[75.3448,28.9127],[75.3436,28.9179],[75.3381,28.9162],[75.3337,28.9166],[75.3342,28.9267],[75.3358,28.9322],[75.3389,28.9382],[75.3543,28.944],[75.3589,28.9468],[75.3599,28.9534],[75.3589,28.9644],[75.3564,28.9686],[75.3523,28.9699],[75.3386,28.9785],[75.3304,28.9825],[75.3204,28.9856],[75.306,28.9839],[75.2992,28.9855],[75.2973,28.9832],[75.2959,28.9786],[75.2949,28.9703],[75.2965,28.9643],[75.3035,28.9658],[75.3053,28.9619],[75.3107,28.9581],[75.3128,28.9541],[75.3032,28.9478],[75.3016,28.9438],[75.2995,28.9312],[75.2977,28.9291],[75.2971,28.924],[75.2949,28.9178],[75.2917,28.9179],[75.291,28.9234],[75.2872,28.9245],[75.2815,28.9248],[75.2801,28.9262],[75.279,28.9305],[75.2756,28.9318],[75.2705,28.9286],[75.2643,28.927],[75.2593,28.9272],[75.2585,28.9295],[75.2544,28.9286],[75.2544,28.9315],[75.2566,28.935],[75.2474,28.9316],[75.2419,28.9276],[75.2428,28.9103],[75.2438,28.9049],[75.246,28.8994],[75.2494,28.8952],[75.2504,28.8889],[75.2485,28.8838],[75.2445,28.8806],[75.2312,28.8667],[75.2218,28.8653],[75.2217,28.8597],[75.2198,28.8574],[75.2024,28.8608],[75.1989,28.8636],[75.1988,28.8685],[75.195,28.8693],[75.1907,28.8668],[75.1882,28.8619],[75.1846,28.8597],[75.1796,28.8548],[75.1731,28.8452],[75.17,28.8445],[75.1662,28.853],[75.1596,28.8553],[75.1566,28.8597],[75.1568,28.8637],[75.1538,28.8657],[75.1481,28.8723],[75.1437,28.8734],[75.1373,28.8731],[75.1207,28.8743],[75.1014,28.8727],[75.0958,28.8697],[75.0911,28.8656],[75.0834,28.8621],[75.0716,28.8603],[75.0568,28.8555],[75.0511,28.8532],[75.043,28.848],[75.0376,28.848],[75.0278,28.8503],[75.029,28.864],[75.0281,28.8687],[75.0287,28.8741],[75.0304,28.8784],[75.0379,28.8876],[75.046,28.8934],[75.0429,28.9022],[75.043,28.9162],[75.0399,28.9239],[75.0419,28.9285],[75.04,28.9362],[75.0374,28.9371],[75.0189,28.9334],[75.0167,28.9313],[75.0047,28.9283],[75.0049,28.924],[75.0037,28.9195],[75.0014,28.9162],[74.9989,28.9153],[74.9605,28.9092],[74.9477,28.9057],[74.9429,28.8995],[74.9364,28.8939],[74.9275,28.8947],[74.9194,28.8978],[74.9176,28.9029],[74.9168,28.9105],[74.9133,28.9173],[74.8993,28.9354],[74.9006,28.9387],[74.9023,28.9401],[74.8961,28.9412],[74.8875,28.9414],[74.882,28.9435],[74.8763,28.9434],[74.8623,28.9449],[74.8456,28.9369],[74.8383,28.9351],[74.8199,28.9347],[74.8114,28.9323],[74.8031,28.9283],[74.7917,28.9213],[74.7829,28.9136],[74.7727,28.8988],[74.77,28.8939],[74.7687,28.8878],[74.7711,28.8784],[74.776,28.8738],[74.7883,28.8669],[74.7922,28.8618],[74.8007,28.8536],[74.8018,28.8438],[74.8017,28.8341],[74.7919,28.8301],[74.7779,28.8258],[74.7708,28.8245],[74.7638,28.8256],[74.7571,28.8285],[74.7545,28.8477],[74.7487,28.8543],[74.7417,28.8549],[74.7057,28.8441],[74.6945,28.8379],[74.6733,28.8387],[74.6459,28.8383],[74.6375,28.8368],[74.6334,28.8146],[74.6185,28.813],[74.6015,28.813],[74.5959,28.8161],[74.593,28.8207],[74.5848,28.8279],[74.5788,28.8289],[74.558,28.8246],[74.5436,28.8206],[74.537,28.8247],[74.5321,28.8265],[74.5247,28.8274],[74.49,28.8202],[74.4778,28.8194],[74.4704,28.8201],[74.4655,28.822],[74.4592,28.8271],[74.4561,28.8284],[74.4451,28.8295],[74.439,28.8318],[74.4375,28.8414],[74.4331,28.8494],[74.4223,28.8786],[74.4195,28.885],[74.4159,28.886],[74.411,28.8838],[74.3812,28.8748],[74.3538,28.8479],[74.3448,28.8421],[74.337,28.8397],[74.3238,28.8336],[74.3026,28.8192],[74.291,28.8092],[74.278,28.8003],[74.2657,28.7974],[74.2566,28.801],[74.2484,28.8063],[74.2395,28.8101],[74.222,28.8119],[74.2135,28.8095],[74.1956,28.8089],[74.1889,28.8065],[74.1713,28.7937],[74.1693,28.7827],[74.1664,28.7793],[74.1609,28.7772],[74.1596,28.7815],[74.1561,28.7833],[74.1471,28.7856],[74.1427,28.7884],[74.1359,28.7956],[74.1271,28.7953],[74.1185,28.7937],[74.1042,28.7876],[74.0966,28.783],[74.0921,28.7858],[74.0877,28.7873],[74.0802,28.7851],[74.0641,28.7775],[74.0593,28.7774],[74.0583,28.7811],[74.0612,28.7854],[74.0654,28.7886],[74.068,28.7918],[74.0745,28.8039],[74.0757,28.8055],[74.0792,28.8075],[74.0931,28.8255],[74.1036,28.8346],[74.1137,28.8331],[74.1261,28.839],[74.1233,28.8421],[74.1203,28.8471],[74.1226,28.8512],[74.1245,28.8621],[74.1302,28.8753],[74.1291,28.8812],[74.1258,28.8865],[74.1216,28.8965],[74.1173,28.8972],[74.1129,28.8994],[74.1131,28.905],[74.1148,28.9112],[74.1106,28.9243],[74.1139,28.9375],[74.1121,28.9402],[74.0858,28.9325],[74.0797,28.9326],[74.0739,28.9368],[74.0694,28.9364],[74.0669,28.9382],[74.0666,28.9435],[74.0729,28.964],[74.0712,28.9693],[74.0674,28.9733],[74.062,28.9838],[74.0515,28.9978],[74.0471,28.9994],[74.042,28.9987],[74.041,29.0003],[74.0411,29.0043],[74.042,29.0097]]]},"properties":{"district_name":"Hanumangarh","raw_district_name":"Hanumangarh","state_code":"RJ","state_name":"Rajasthan","census_code":100,"data_source":"DataMeet India Maps (Census 2011 Boundaries)"}},{"type":"Feature","geometry":{"type":"Polygon","coordinates":[[[76.2311,27.8363],[76.238,27.844],[76.2441,27.8502],[76.2495,27.8493],[76.2573,27.8451],[76.2636,27.8395],[76.2679,27.8348],[76.2662,27.8298],[76.2633,27.8261],[76.265,27.8218],[76.272,27.8179],[76.2808,27.8111],[76.2869,27.8067],[76.2905,27.8003],[76.2776,27.8027],[76.2759,27.802],[76.2748,27.7974],[76.2752,27.7941],[76.276,27.7884],[76.2739,27.7845],[76.2704,27.7806],[76.268,27.7759],[76.2661,27.7718],[76.2609,27.7661],[76.2562,27.7653],[76.2498,27.7637],[76.2462,27.7613],[76.2457,27.7556],[76.246,27.7499],[76.2468,27.7439],[76.2497,27.7392],[76.2524,27.7341],[76.2553,27.7283],[76.2556,27.723],[76.2555,27.718],[76.2559,27.7127],[76.2579,27.707],[76.2597,27.7],[76.259,27.6942],[76.258,27.69],[76.2543,27.6887],[76.2508,27.6877],[76.2479,27.686],[76.2469,27.6824],[76.249,27.6798],[76.253,27.6782],[76.2575,27.6758],[76.2571,27.6709],[76.2521,27.6706],[76.2473,27.671],[76.2444,27.6716],[76.2417,27.6697],[76.2439,27.6659],[76.2476,27.6648],[76.2509,27.6629],[76.2538,27.6594],[76.2544,27.6538],[76.2526,27.6484],[76.2517,27.6416],[76.2524,27.636],[76.2499,27.6302],[76.2468,27.6267],[76.2417,27.6246],[76.2347,27.625],[76.227,27.6266],[76.2192,27.6284],[76.214,27.6276],[76.2129,27.6247],[76.2105,27.6234],[76.2051,27.6235],[76.2026,27.622],[76.2016,27.6148],[76.2034,27.6067],[76.2082,27.6022],[76.2089,27.598],[76.2101,27.5896],[76.212,27.5822],[76.214,27.5747],[76.2156,27.5669],[76.2166,27.5599],[76.2173,27.5528],[76.2159,27.5453],[76.2161,27.5369],[76.2205,27.5351],[76.227,27.533],[76.2327,27.5312],[76.2403,27.5252],[76.2395,27.519],[76.2396,27.5141],[76.2435,27.51],[76.2478,27.5033],[76.2482,27.497],[76.2471,27.4884],[76.2445,27.4806],[76.2406,27.4733],[76.2362,27.4697],[76.2347,27.463],[76.2311,27.4594],[76.2275,27.4582],[76.2243,27.4581],[76.2224,27.4557],[76.2253,27.454],[76.2285,27.4531],[76.2306,27.4508],[76.2305,27.4428],[76.2286,27.4378],[76.2305,27.4337],[76.2325,27.4273],[76.234,27.4176],[76.2333,27.4124],[76.23,27.4008],[76.2243,27.3984],[76.2192,27.3934],[76.2162,27.3891],[76.2122,27.383],[76.2096,27.3793],[76.2063,27.3777],[76.2011,27.3756],[76.2003,27.3707],[76.2038,27.3686],[76.2054,27.3645],[76.2022,27.3599],[76.1979,27.3546],[76.1929,27.3469],[76.1882,27.3397],[76.1844,27.3361],[76.1816,27.3297],[76.1799,27.3239],[76.1779,27.317],[76.1764,27.3125],[76.1726,27.3117],[76.1655,27.3121],[76.1598,27.3133],[76.1575,27.3046],[76.1557,27.2999],[76.1544,27.2942],[76.1542,27.2867],[76.1521,27.2828],[76.1468,27.2808],[76.1437,27.2786],[76.1427,27.2739],[76.1416,27.2677],[76.1401,27.2622],[76.1356,27.2583],[76.1306,27.2544],[76.1274,27.2512],[76.1258,27.2446],[76.1247,27.2381],[76.1255,27.2332],[76.1295,27.2301],[76.1395,27.2269],[76.1416,27.2256],[76.138,27.2189],[76.1359,27.2123],[76.1329,27.208],[76.1311,27.2042],[76.1292,27.2001],[76.1282,27.1966],[76.1313,27.1967],[76.1349,27.1981],[76.139,27.2003],[76.1419,27.2052],[76.1444,27.2109],[76.1467,27.216],[76.149,27.221],[76.1528,27.2224],[76.1579,27.2219],[76.1611,27.219],[76.1631,27.2155],[76.1642,27.2084],[76.1633,27.2026],[76.1596,27.1995],[76.1579,27.1932],[76.1574,27.1882],[76.1588,27.1846],[76.1627,27.1833],[76.1696,27.183],[76.1757,27.1833],[76.1797,27.184],[76.1851,27.1846],[76.1869,27.1768],[76.1882,27.1706],[76.1899,27.1612],[76.1904,27.1522],[76.1902,27.1436],[76.1869,27.1377],[76.1848,27.1321],[76.1875,27.1282],[76.1945,27.1213],[76.2034,27.1189],[76.2077,27.1207],[76.213,27.1253],[76.2179,27.1318],[76.2213,27.1376],[76.2249,27.1411],[76.2322,27.1443],[76.2399,27.1476],[76.2447,27.1506],[76.2483,27.1565],[76.2514,27.1627],[76.2549,27.1713],[76.258,27.1765],[76.263,27.1804],[76.2691,27.1838],[76.2732,27.1843],[76.2775,27.1834],[76.2809,27.1798],[76.2824,27.1744],[76.2845,27.1664],[76.2867,27.1601],[76.2904,27.1537],[76.2919,27.1459],[76.2922,27.1377],[76.2931,27.1293],[76.2922,27.1193],[76.291,27.1112],[76.2891,27.1023],[76.2884,27.0926],[76.2884,27.0871],[76.2824,27.0814],[76.2722,27.038],[76.2548,27.0087],[76.2512,26.9901],[76.2514,26.9577],[76.2414,26.9441],[76.233,26.9285],[76.2335,26.9097],[76.2493,26.898],[76.254,26.8878],[76.2505,26.8666],[76.2493,26.8422],[76.2386,26.8316],[76.2234,26.8235],[76.2174,26.8204],[76.2081,26.8133],[76.1923,26.8007],[76.1814,26.7784],[76.1737,26.7549],[76.1756,26.7317],[76.1753,26.7137],[76.1715,26.6941],[76.1707,26.6785],[76.1736,26.6643],[76.183,26.6504],[76.1835,26.636],[76.1736,26.6195],[76.1625,26.5891],[76.1534,26.5674],[76.1542,26.5572],[76.1547,26.5502],[76.1585,26.5385],[76.1612,26.5162],[76.1606,26.5147],[76.1559,26.52],[76.1514,26.5254],[76.147,26.5283],[76.1428,26.5289],[76.1376,26.5283],[76.1327,26.5281],[76.1285,26.5287],[76.1243,26.5318],[76.1205,26.5341],[76.1163,26.5353],[76.113,26.5353],[76.1094,26.5333],[76.1054,26.53],[76.1027,26.5263],[76.0988,26.5235],[76.0942,26.524],[76.0889,26.524],[76.0846,26.5232],[76.0819,26.5215],[76.0795,26.5189],[76.0756,26.5131],[76.0741,26.5091],[76.0724,26.5074],[76.0676,26.5081],[76.0613,26.5088],[76.056,26.5091],[76.0513,26.5105],[76.0465,26.5108],[76.0431,26.5106],[76.0402,26.5121],[76.0382,26.5149],[76.0351,26.5168],[76.033,26.5157],[76.0309,26.5122],[76.0297,26.5091],[76.0269,26.5064],[76.0226,26.5045],[76.019,26.5042],[76.0162,26.5034],[76.0143,26.5009],[76.0115,26.4954],[76.0088,26.4919],[76.0052,26.4926],[75.9999,26.4937],[75.9908,26.4971],[75.9866,26.5018],[75.986,26.4971],[75.9742,26.5022],[75.9691,26.4947],[75.9631,26.483],[75.9534,26.4893],[75.937,26.4936],[75.9342,26.5052],[75.9134,26.5104],[75.9036,26.5092],[75.8884,26.5122],[75.8848,26.5192],[75.8555,26.5184],[75.8475,26.515],[75.8432,26.5122],[75.836,26.5104],[75.8262,26.5158],[75.8171,26.518],[75.8103,26.5243],[75.8034,26.5266],[75.8,26.5306],[75.8068,26.54],[75.8036,26.5469],[75.7984,26.5498],[75.7967,26.5493],[75.7898,26.5462],[75.7816,26.5439],[75.7741,26.5433],[75.7728,26.5356],[75.774,26.5323],[75.7782,26.5304],[75.7842,26.5257],[75.769,26.5177],[75.7622,26.5173],[75.761,26.5121],[75.7672,26.4988],[75.7719,26.4919],[75.7734,26.4848],[75.7706,26.4802],[75.7728,26.4723],[75.7709,26.4669],[75.7694,26.4664],[75.7678,26.4657],[75.7632,26.4665],[75.7581,26.4691],[75.7493,26.4688],[75.7483,26.4527],[75.7443,26.4469],[75.7386,26.4492],[75.7342,26.4593],[75.7297,26.4654],[75.7124,26.4448],[75.6979,26.4457],[75.6985,26.4505],[75.6896,26.4514],[75.6834,26.4536],[75.6841,26.4589],[75.6771,26.4603],[75.6647,26.4608],[75.6551,26.466],[75.6528,26.4637],[75.6544,26.459],[75.6545,26.4535],[75.6497,26.4451],[75.6435,26.4424],[75.6249,26.4413],[75.6173,26.4394],[75.611,26.4416],[75.6,26.443],[75.596,26.4447],[75.5893,26.4475],[75.5836,26.4459],[75.574,26.4461],[75.5749,26.4551],[75.5766,26.4613],[75.576,26.4729],[75.5676,26.4789],[75.5594,26.481],[75.5529,26.4862],[75.5496,26.4849],[75.5487,26.4786],[75.5333,26.4696],[75.5272,26.4631],[75.5213,26.4647],[75.5156,26.468],[75.5085,26.4733],[75.5061,26.479],[75.5029,26.481],[75.4979,26.48],[75.4863,26.4808],[75.4634,26.4912],[75.4527,26.4931],[75.4485,26.4876],[75.4437,26.4838],[75.4371,26.4814],[75.4236,26.4836],[75.4168,26.4888],[75.4106,26.4953],[75.4101,26.4913],[75.4131,26.4809],[75.3949,26.4827],[75.3903,26.4819],[75.3869,26.4842],[75.3823,26.49],[75.3725,26.4861],[75.3577,26.4956],[75.3522,26.5015],[75.3493,26.509],[75.3476,26.5174],[75.3443,26.5192],[75.3374,26.5214],[75.3394,26.5245],[75.341,26.5291],[75.3401,26.5353],[75.336,26.549],[75.334,26.5526],[75.331,26.5581],[75.3263,26.5585],[75.3209,26.5606],[75.3136,26.5605],[75.2959,26.5586],[75.2921,26.5616],[75.2868,26.5639],[75.2817,26.5587],[75.2734,26.5526],[75.2688,26.5478],[75.2554,26.5415],[75.2546,26.5301],[75.2519,26.529],[75.2437,26.5285],[75.2397,26.5263],[75.2372,26.5211],[75.2332,26.5218],[75.23,26.526],[75.2245,26.5187],[75.2179,26.517],[75.2127,26.5171],[75.2056,26.5156],[75.1998,26.5056],[75.1963,26.5013],[75.1997,26.4878],[75.2008,26.4803],[75.1952,26.483],[75.1899,26.4888],[75.1876,26.484],[75.1779,26.4744],[75.1742,26.4689],[75.1734,26.4626],[75.17,26.462],[75.1627,26.4585],[75.1621,26.4719],[75.1589,26.472],[75.1597,26.4684],[75.1566,26.467],[75.152,26.4675],[75.1488,26.4691],[75.1451,26.4738],[75.147,26.4798],[75.1519,26.4857],[75.1528,26.4902],[75.1529,26.5001],[75.1408,26.5039],[75.1159,26.5235],[75.1223,26.5333],[75.1239,26.5402],[75.1236,26.5468],[75.1148,26.5518],[75.1043,26.5559],[75.098,26.555],[75.0818,26.5485],[75.0773,26.543],[75.0713,26.544],[75.0622,26.5558],[75.066,26.5652],[75.0677,26.5733],[75.0719,26.5822],[75.0809,26.5865],[75.0802,26.5898],[75.0824,26.5959],[75.0818,26.6098],[75.0682,26.6122],[75.0647,26.6215],[75.0656,26.6285],[75.0702,26.6326],[75.0677,26.6505],[75.0608,26.6547],[75.0518,26.6533],[75.0418,26.6575],[75.0423,26.6614],[75.0343,26.6639],[75.0313,26.6599],[75.026,26.6626],[75.0214,26.6652],[75.0208,26.6727],[75.0128,26.6839],[75.0134,26.687],[75,26.6864],[74.9743,26.6729],[74.9715,26.6774],[74.9655,26.6834],[74.9639,26.6929],[74.9636,26.7057],[74.9678,26.7101],[74.9647,26.7221],[74.9444,26.721],[74.9455,26.7323],[74.9674,26.7324],[75,26.7306],[75.0006,26.7307],[75.0012,26.7309],[75.0018,26.7311],[75.0023,26.7314],[75.0029,26.7318],[75.0034,26.7322],[75.0039,26.7326],[75.0044,26.733],[75.0049,26.7334],[75.0053,26.7339],[75.0057,26.7343],[75.0061,26.7348],[75.0065,26.7353],[75.0069,26.7358],[75.0072,26.7363],[75.0075,26.7368],[75.0078,26.7373],[75.008,26.7379],[75.0082,26.7384],[75.0084,26.739],[75.0085,26.7395],[75.0087,26.7401],[75.0087,26.7406],[75.0088,26.7412],[75.0088,26.7418],[75.0088,26.7423],[75.0088,26.7429],[75.0087,26.7434],[75.0086,26.744],[75.0085,26.7445],[75.0083,26.7451],[75.0081,26.7456],[75.0079,26.7461],[75.0076,26.7466],[75.0073,26.747],[75.007,26.7475],[75.0067,26.7479],[75.0063,26.7483],[75.0059,26.7487],[75.0055,26.749],[75.0051,26.7493],[75.0046,26.7496],[75.0041,26.7499],[75.0036,26.7501],[75.0031,26.7503],[75.0026,26.7505],[75.002,26.7507],[75.0015,26.7508],[75.0009,26.751],[75,26.7514],[74.9819,26.7619],[74.9728,26.7588],[74.9605,26.7534],[74.9469,26.7434],[74.9426,26.7455],[74.9407,26.7497],[74.9398,26.7632],[74.9418,26.7798],[74.9364,26.7785],[74.9345,26.7931],[74.9278,26.7904],[74.9269,26.81],[74.9227,26.827],[74.9167,26.8369],[74.9378,26.8418],[74.946,26.8453],[74.9565,26.8468],[74.9578,26.8487],[74.9557,26.8572],[74.9571,26.8676],[74.9647,26.8726],[74.9675,26.8767],[74.9707,26.8836],[74.9768,26.8903],[74.9775,26.8896],[74.9929,26.8883],[74.9939,26.8906],[74.9983,26.89],[75,26.8932],[75.0144,26.8949],[75.0151,26.9135],[75.0132,26.9362],[75.0136,26.9452],[75.0417,26.9408],[75.103,26.9363],[75.1205,26.9317],[75.1432,26.9309],[75.1656,26.9328],[75.1648,26.9492],[75.1658,26.9616],[75.1598,26.9698],[75.1778,26.9711],[75.1898,26.9734],[75.204,26.9736],[75.2015,26.9951],[75.2029,27.0022],[75.2044,27.007],[75.2078,27.0097],[75.2135,27.009],[75.2175,27.0116],[75.2223,27.0137],[75.2244,27.0162],[75.2355,27.0174],[75.2431,27.0164],[75.2486,27.0249],[75.2534,27.0297],[75.2593,27.0341],[75.2574,27.0391],[75.246,27.041],[75.2414,27.0504],[75.235,27.0516],[75.2297,27.055],[75.2231,27.0553],[75.2231,27.0725],[75.2211,27.0828],[75.2362,27.0851],[75.2505,27.0884],[75.2658,27.0896],[75.2773,27.0903],[75.2905,27.0913],[75.3106,27.0895],[75.3241,27.0908],[75.3317,27.0919],[75.3353,27.0946],[75.3377,27.0946],[75.3401,27.0935],[75.3449,27.0898],[75.3508,27.0859],[75.3586,27.0866],[75.3684,27.0876],[75.3686,27.0949],[75.369,27.1008],[75.3681,27.1068],[75.3664,27.1101],[75.3633,27.1116],[75.3599,27.1101],[75.3547,27.1092],[75.3496,27.109],[75.3479,27.1122],[75.3475,27.1171],[75.341,27.1177],[75.3411,27.1206],[75.3415,27.1288],[75.3443,27.1353],[75.3445,27.1396],[75.3414,27.1399],[75.3373,27.1371],[75.3332,27.1386],[75.333,27.1429],[75.3303,27.1475],[75.326,27.146],[75.3184,27.1468],[75.3162,27.1591],[75.3156,27.1692],[75.3162,27.1811],[75.3172,27.1938],[75.3208,27.2023],[75.3225,27.2082],[75.3272,27.2088],[75.3288,27.2139],[75.3402,27.2134],[75.3471,27.2125],[75.3509,27.2159],[75.3542,27.22],[75.358,27.2254],[75.3617,27.2271],[75.3695,27.2282],[75.3758,27.2279],[75.3878,27.2288],[75.3919,27.2304],[75.3914,27.239],[75.3895,27.2539],[75.3906,27.267],[75.3931,27.2749],[75.3951,27.2825],[75.3886,27.2824],[75.3811,27.2837],[75.3807,27.2897],[75.391,27.2894],[75.3992,27.2903],[75.4089,27.292],[75.4185,27.2901],[75.4298,27.2876],[75.4325,27.2942],[75.4322,27.301],[75.4397,27.2991],[75.4532,27.2972],[75.4573,27.2889],[75.4669,27.2885],[75.4767,27.2892],[75.4786,27.2946],[75.4861,27.295],[75.4873,27.2993],[75.4914,27.3037],[75.5071,27.3145],[75.5092,27.3295],[75.5221,27.335],[75.5309,27.3439],[75.5728,27.3418],[75.5765,27.3367],[75.5773,27.3278],[75.5732,27.3116],[75.5783,27.3097],[75.5799,27.3063],[75.5903,27.3076],[75.5918,27.3091],[75.596,27.3082],[75.5992,27.3085],[75.6032,27.3109],[75.6139,27.3147],[75.6204,27.3243],[75.6286,27.3404],[75.6491,27.3376],[75.6603,27.338],[75.6653,27.3445],[75.667,27.3529],[75.6654,27.3658],[75.679,27.3709],[75.6923,27.372],[75.7063,27.3715],[75.725,27.3692],[75.7224,27.3756],[75.7209,27.3828],[75.7227,27.3844],[75.7304,27.3864],[75.7339,27.3958],[75.7397,27.4042],[75.7552,27.4029],[75.7691,27.4031],[75.7742,27.4023],[75.7767,27.3959],[75.7778,27.3846],[75.7871,27.3833],[75.794,27.3808],[75.8005,27.3879],[75.8054,27.3973],[75.8112,27.405],[75.8162,27.3981],[75.8305,27.3896],[75.838,27.3963],[75.8459,27.4005],[75.8556,27.398],[75.8596,27.3917],[75.8666,27.3881],[75.8779,27.3892],[75.8784,27.3897],[75.8837,27.3985],[75.879,27.4074],[75.8707,27.4165],[75.8716,27.4236],[75.885,27.447],[75.8955,27.4566],[75.9066,27.4551],[75.9197,27.455],[75.92,27.459],[75.9245,27.4613],[75.9269,27.4648],[75.9365,27.4633],[75.9399,27.4683],[75.9449,27.4719],[75.9518,27.4698],[75.9543,27.4761],[75.9608,27.4762],[75.9655,27.472],[75.9694,27.4774],[75.9751,27.4774],[75.9793,27.4755],[75.9856,27.4779],[75.9813,27.4855],[75.9857,27.4907],[75.9785,27.5013],[75.9695,27.5031],[75.9392,27.4969],[75.9381,27.4964],[75.9389,27.5024],[75.9435,27.5172],[75.9491,27.5301],[75.9521,27.5468],[75.9511,27.5553],[75.9529,27.5649],[75.9431,27.5681],[75.9462,27.5753],[75.9524,27.5839],[75.96,27.5918],[75.9671,27.5943],[75.9648,27.6004],[75.96,27.5989],[75.9572,27.5958],[75.9526,27.5979],[75.9483,27.5917],[75.942,27.5928],[75.9466,27.6021],[75.946,27.6117],[75.9421,27.6217],[75.9499,27.624],[75.9594,27.6224],[75.9644,27.6243],[75.9598,27.6307],[75.9563,27.6383],[75.9586,27.6421],[75.9695,27.6442],[75.9795,27.6556],[75.9913,27.7032],[76.0009,27.7148],[76.0026,27.7158],[76.0141,27.722],[76.0283,27.7268],[76.0348,27.7315],[76.0359,27.7405],[76.0418,27.7515],[76.0568,27.772],[76.067,27.7709],[76.0709,27.7747],[76.073,27.7833],[76.0761,27.7916],[76.0811,27.8019],[76.0896,27.8069],[76.0933,27.8128],[76.0968,27.8232],[76.0975,27.8303],[76.0937,27.8358],[76.0895,27.841],[76.0878,27.8466],[76.0925,27.8519],[76.0934,27.8607],[76.0958,27.8639],[76.1035,27.8603],[76.1111,27.8579],[76.1203,27.854],[76.1299,27.8499],[76.1362,27.8424],[76.1359,27.8333],[76.1355,27.8286],[76.1504,27.8233],[76.1609,27.8167],[76.1706,27.8102],[76.175,27.8045],[76.1806,27.8028],[76.1882,27.8078],[76.194,27.8144],[76.1982,27.8221],[76.2019,27.8266],[76.2083,27.8243],[76.2155,27.8238],[76.2216,27.8279],[76.2311,27.8363]]]},"properties":{"district_name":"Jaipur","raw_district_name":"Jaipur","state_code":"RJ","state_name":"Rajasthan","census_code":110,"data_source":"DataMeet India Maps (Census 2011 Boundaries)"}},{"type":"Feature","geometry":{"type":"Polygon","coordinates":[[[71.8976,27.9626],[71.9013,27.9564],[71.9082,27.9497],[71.9116,27.9447],[71.9213,27.9247],[71.9243,27.9215],[71.9312,27.92],[71.947,27.9131],[71.9521,27.9119],[71.9559,27.9134],[71.9626,27.9209],[71.9667,27.924],[71.9721,27.926],[71.9809,27.9272],[71.9934,27.9431],[72.0003,27.9457],[72.0051,27.9461],[72.0323,27.9493],[72.0377,27.9471],[72.0558,27.9348],[72.0782,27.9238],[72.086,27.9168],[72.0863,27.9101],[72.0914,27.9028],[72.0992,27.8974],[72.1232,27.8862],[72.1456,27.8727],[72.1549,27.8598],[72.1502,27.8516],[72.1433,27.8443],[72.1546,27.811],[72.1556,27.7797],[72.1318,27.7578],[72.1181,27.7484],[72.1049,27.7492],[72.101,27.742],[72.0937,27.7361],[72.1014,27.7324],[72.0951,27.7218],[72.0975,27.7152],[72.1089,27.7051],[72.1173,27.7104],[72.1476,27.7111],[72.1805,27.6994],[72.1928,27.6934],[72.2204,27.6744],[72.2265,27.6571],[72.2517,27.6729],[72.2599,27.6832],[72.2765,27.6983],[72.2999,27.7076],[72.3159,27.6992],[72.3298,27.6929],[72.3357,27.6923],[72.3396,27.693],[72.3431,27.6918],[72.3413,27.6823],[72.3294,27.6558],[72.3261,27.6469],[72.3231,27.634],[72.3061,27.6054],[72.3035,27.5996],[72.2822,27.5678],[72.2746,27.5632],[72.2632,27.5577],[72.2841,27.5487],[72.2719,27.546],[72.2515,27.5333],[72.2476,27.5156],[72.2455,27.4976],[72.249,27.4872],[72.2336,27.4887],[72.2234,27.4916],[72.211,27.4891],[72.208,27.4797],[72.2034,27.4794],[72.2029,27.4752],[72.1755,27.4618],[72.1577,27.4758],[72.1586,27.4789],[72.1568,27.4921],[72.1597,27.4939],[72.1565,27.4993],[72.1529,27.4976],[72.1457,27.5149],[72.143,27.5156],[72.1376,27.522],[72.1412,27.5245],[72.1454,27.5324],[72.1385,27.5396],[72.1256,27.5464],[72.1151,27.5471],[72.1123,27.549],[72.1064,27.5564],[72.1057,27.5601],[72.1137,27.5682],[72.1186,27.5718],[72.1242,27.5715],[72.129,27.576],[72.1291,27.5804],[72.1226,27.5839],[72.1173,27.5811],[72.1155,27.5822],[72.118,27.5879],[72.1118,27.5908],[72.1036,27.5914],[72.0952,27.5903],[72.0857,27.5927],[72.0499,27.6145],[72.0094,27.577],[72.0003,27.5692],[71.983,27.5586],[71.9665,27.5497],[71.9597,27.5502],[71.95,27.5529],[71.937,27.5579],[71.9308,27.5591],[71.9154,27.5435],[71.9069,27.5333],[71.9056,27.5294],[71.9028,27.5032],[71.8977,27.4949],[71.8974,27.4926],[71.9006,27.479],[71.8995,27.4738],[71.8823,27.4845],[71.8762,27.4839],[71.8692,27.4817],[71.8523,27.4787],[71.8459,27.4793],[71.8382,27.4785],[71.8245,27.4604],[71.8221,27.4531],[71.8174,27.4482],[71.8145,27.4417],[71.8152,27.4311],[71.8255,27.4099],[71.8274,27.4],[71.8252,27.3774],[71.8201,27.3522],[71.8199,27.3443],[71.8258,27.3328],[71.8289,27.329],[71.8295,27.3206],[71.8272,27.3179],[71.8192,27.3186],[71.8063,27.3033],[71.8067,27.3003],[71.8049,27.2967],[71.7986,27.2908],[71.7935,27.288],[71.7911,27.2815],[71.7916,27.2736],[71.7887,27.2558],[71.7905,27.2453],[71.7977,27.251],[71.8203,27.2538],[71.8288,27.2486],[71.8451,27.2363],[71.8568,27.2309],[71.8667,27.228],[71.8843,27.2202],[71.8947,27.2168],[71.9046,27.2152],[71.9076,27.2156],[71.9107,27.218],[71.9156,27.2112],[71.9162,27.1831],[71.9188,27.1778],[71.927,27.174],[71.9343,27.1756],[71.9451,27.1812],[71.9554,27.1824],[71.9595,27.1722],[71.9588,27.1619],[71.9571,27.1547],[71.9642,27.1426],[71.9677,27.1395],[71.9747,27.1387],[71.9846,27.1361],[72,27.1297],[72.0715,27.1174],[72.0768,27.1166],[72.0874,27.1048],[72.0836,27.0951],[72.0788,27.0769],[72.0661,27.061],[72.0609,27.0585],[72.0626,27.0576],[72.0648,27.0576],[72.0595,27.0501],[72.0779,27.0455],[72.0803,27.044],[72.0776,27.0403],[72.0721,27.0365],[72.0658,27.0349],[72.056,27.0357],[72.0482,27.0313],[72.0519,27.0286],[72.0523,27.0264],[72.0442,27.0209],[72.0421,27.0112],[72.0441,27.0001],[72.0428,26.9974],[72.0499,26.9687],[72.0399,26.9358],[72.0591,26.9246],[72.0649,26.9194],[72.0754,26.9134],[72.1036,26.8869],[72.0993,26.8804],[72.1005,26.8716],[72.1025,26.8668],[72.1019,26.8617],[72.0876,26.8492],[72.0889,26.8441],[72.0992,26.8301],[72.0888,26.8137],[72.084,26.8088],[72.0831,26.8078],[72.0611,26.8035],[72.0542,26.8031],[72.0454,26.7891],[72.0608,26.7862],[72.0591,26.7688],[72.0622,26.7601],[72.0872,26.7302],[72.0832,26.7247],[72.0891,26.7193],[72.0774,26.7171],[72.077,26.7129],[72.0688,26.7187],[72.0551,26.706],[72.0557,26.7006],[72.0457,26.6873],[72.0424,26.6876],[72.0397,26.6753],[72.0493,26.6679],[72.0662,26.6461],[72.0617,26.6382],[72.086,26.6234],[72.0985,26.6004],[72.0763,26.5664],[72.0734,26.5568],[72.0641,26.5513],[72.0454,26.5261],[72.0389,26.5208],[72.0412,26.5163],[72.0271,26.4987],[72.0559,26.4765],[72.0585,26.4691],[72.0784,26.4512],[72.082,26.443],[72.0785,26.4167],[72.0756,26.4098],[72.0732,26.4008],[72.0729,26.3778],[72.0752,26.362],[72.0754,26.3543],[72.0727,26.3494],[72.0673,26.3492],[72.0593,26.3528],[72.0399,26.3498],[72.0244,26.3464],[72,26.336],[71.9833,26.3224],[71.9774,26.3202],[71.9718,26.319],[71.9605,26.3228],[71.9581,26.3184],[71.9546,26.3166],[71.9502,26.3154],[71.9461,26.3164],[71.9388,26.3114],[71.933,26.3058],[71.9195,26.2979],[71.9171,26.2978],[71.9087,26.2997],[71.9018,26.2989],[71.8948,26.3002],[71.8922,26.3053],[71.8938,26.3079],[71.8891,26.319],[71.8846,26.3408],[71.8803,26.346],[71.8618,26.361],[71.8424,26.3738],[71.8332,26.371],[71.8257,26.3656],[71.822,26.3606],[71.8188,26.3521],[71.8169,26.341],[71.8142,26.3349],[71.8113,26.3323],[71.8028,26.3346],[71.7941,26.3429],[71.7878,26.346],[71.7572,26.3474],[71.7554,26.3576],[71.7533,26.3612],[71.7375,26.3756],[71.7161,26.3847],[71.7056,26.3905],[71.6975,26.3894],[71.6876,26.3866],[71.6846,26.3817],[71.6808,26.3842],[71.6757,26.3848],[71.6474,26.403],[71.6384,26.4042],[71.6306,26.4115],[71.6284,26.42],[71.6346,26.429],[71.633,26.4315],[71.6275,26.4333],[71.6263,26.4349],[71.6261,26.4424],[71.6224,26.4574],[71.6142,26.4823],[71.6106,26.4885],[71.607,26.4841],[71.6033,26.4901],[71.5908,26.5019],[71.5777,26.5081],[71.5711,26.5058],[71.5562,26.4968],[71.547,26.4923],[71.5381,26.4893],[71.5302,26.4883],[71.5196,26.4883],[71.5129,26.4745],[71.5096,26.4697],[71.5032,26.4646],[71.4905,26.4569],[71.4723,26.4715],[71.4644,26.4979],[71.4515,26.5121],[71.4476,26.5139],[71.44,26.4973],[71.436,26.4965],[71.4336,26.4976],[71.4169,26.4865],[71.4054,26.473],[71.3859,26.4648],[71.3792,26.4606],[71.3703,26.4531],[71.3477,26.4408],[71.337,26.4331],[71.3318,26.4242],[71.3272,26.4197],[71.3252,26.4255],[71.322,26.4287],[71.3109,26.4361],[71.3081,26.4391],[71.3071,26.4479],[71.3058,26.4521],[71.2996,26.4568],[71.2969,26.4617],[71.293,26.465],[71.2887,26.4666],[71.2839,26.4663],[71.2795,26.4639],[71.2757,26.4628],[71.2558,26.4611],[71.2463,26.4577],[71.2216,26.4465],[71.215,26.4411],[71.2143,26.4365],[71.2113,26.4343],[71.2059,26.4324],[71.1999,26.4219],[71.1888,26.4142],[71.1853,26.4097],[71.1839,26.4037],[71.1858,26.3983],[71.1897,26.3935],[71.19,26.3889],[71.1838,26.38],[71.1746,26.3614],[71.1605,26.3383],[71.1421,26.3121],[71.1389,26.3088],[71.1346,26.3068],[71.1309,26.3118],[71.1276,26.3058],[71.1256,26.3057],[71.1187,26.3103],[71.1123,26.3128],[71.089,26.318],[71.0803,26.3246],[71.0773,26.3252],[71.0616,26.315],[71.0714,26.3023],[71.0696,26.2961],[71.0635,26.2904],[71.058,26.2878],[71.0477,26.2844],[71.0279,26.2847],[71.02,26.2835],[71.0047,26.2768],[71,26.2721],[70.9976,26.2684],[70.9975,26.2661],[70.9896,26.262],[70.9662,26.2526],[70.9539,26.2491],[70.9507,26.2433],[70.949,26.2376],[70.9469,26.236],[70.9407,26.2286],[70.9432,26.2246],[70.95,26.2229],[70.963,26.2221],[70.9723,26.2236],[70.9761,26.223],[70.9783,26.2212],[70.9874,26.2218],[70.9899,26.2238],[70.9937,26.2215],[71,26.2257],[71.01,26.2246],[71.0135,26.2172],[71.0118,26.2086],[71.0125,26.2023],[71.0263,26.1893],[71.0293,26.1855],[71.0322,26.1792],[71.0358,26.1815],[71.0396,26.1778],[71.0412,26.1752],[71.0399,26.1708],[71.0407,26.1661],[71.0441,26.1547],[71.0513,26.1424],[71.038,26.1278],[71.0276,26.1186],[71.0254,26.1153],[71.0193,26.1189],[71,26.1153],[70.988,26.1093],[70.9636,26.0982],[70.9618,26.0962],[70.9581,26.0893],[70.9528,26.0835],[70.9472,26.0818],[70.9429,26.0823],[70.9442,26.0793],[70.9678,26.0497],[70.9694,26.0429],[70.9696,26.0376],[70.9678,26.0313],[70.9648,26.026],[70.9611,26.022],[70.9576,26.0218],[70.9488,26.0305],[70.9457,26.0308],[70.9437,26.0347],[70.9436,26.044],[70.9449,26.0526],[70.9432,26.0564],[70.9391,26.0607],[70.9216,26.0756],[70.9216,26.0799],[70.9152,26.0887],[70.9134,26.09],[70.8969,26.109],[70.8894,26.1151],[70.8771,26.1282],[70.8662,26.132],[70.8567,26.1326],[70.8322,26.1378],[70.8221,26.1393],[70.8003,26.141],[70.7648,26.1463],[70.7517,26.1493],[70.7427,26.1446],[70.7387,26.148],[70.7318,26.1562],[70.7247,26.1614],[70.7165,26.1654],[70.7133,26.1678],[70.7106,26.1723],[70.7117,26.1785],[70.7144,26.186],[70.7179,26.1927],[70.7193,26.1986],[70.7186,26.2071],[70.7162,26.2122],[70.6986,26.2118],[70.6871,26.2137],[70.6825,26.2133],[70.6665,26.2032],[70.6609,26.2],[70.6544,26.1987],[70.6484,26.1986],[70.6407,26.2001],[70.6288,26.1999],[70.5988,26.2039],[70.5826,26.204],[70.5668,26.2026],[70.559,26.2008],[70.5519,26.198],[70.5384,26.1893],[70.5242,26.182],[70.5025,26.1767],[70.4949,26.1766],[70.4885,26.1774],[70.482,26.1793],[70.4689,26.1797],[70.4643,26.1816],[70.4564,26.1819],[70.4388,26.1813],[70.432,26.1779],[70.4312,26.1812],[70.4335,26.19],[70.4271,26.1895],[70.4279,26.1969],[70.425,26.1979],[70.4151,26.1988],[70.4103,26.2005],[70.4013,26.1918],[70.3923,26.18],[70.3869,26.176],[70.371,26.1531],[70.3666,26.1482],[70.3602,26.1456],[70.3521,26.1444],[70.348,26.1458],[70.3382,26.1523],[70.3305,26.1539],[70.3128,26.1502],[70.304,26.1497],[70.2992,26.1516],[70.2946,26.157],[70.2916,26.1588],[70.2834,26.1567],[70.2783,26.1565],[70.2746,26.1592],[70.2725,26.1621],[70.2719,26.1665],[70.2653,26.1655],[70.2541,26.1612],[70.2481,26.1554],[70.2439,26.1504],[70.2306,26.1297],[70.2243,26.1228],[70.2176,26.135],[70.2136,26.1407],[70.2056,26.147],[70.2001,26.1501],[70.192,26.1531],[70.1784,26.1562],[70.1576,26.1573],[70.1442,26.1566],[70.1361,26.1533],[70.137,26.1545],[70.1475,26.1704],[70.1629,26.2063],[70.1644,26.2098],[70.1649,26.2109],[70.1664,26.2143],[70.1721,26.2311],[70.174,26.242],[70.1742,26.2567],[70.172,26.2639],[70.1688,26.2771],[70.1683,26.2823],[70.1658,26.2872],[70.1657,26.294],[70.1657,26.3009],[70.1745,26.33],[70.1763,26.339],[70.1809,26.3548],[70.1835,26.3614],[70.1842,26.3754],[70.1832,26.386],[70.1818,26.3923],[70.1779,26.4241],[70.1777,26.4259],[70.1785,26.4404],[70.1825,26.4776],[70.1833,26.4843],[70.1821,26.4962],[70.1788,26.5061],[70.1764,26.5381],[70.1733,26.5511],[70.164,26.5604],[70.1542,26.5668],[70.153,26.5675],[70.1526,26.5677],[70.1391,26.573],[70.1247,26.5829],[70.1189,26.5868],[70.1179,26.5884],[70.1117,26.5901],[70.107,26.5927],[70.0986,26.595],[70.0643,26.6002],[70.0499,26.601],[70.0485,26.601],[70.0418,26.599],[70.0185,26.5948],[70.0031,26.5921],[69.974,26.5879],[69.913,26.5828],[69.8949,26.5813],[69.8843,26.5812],[69.8829,26.5811],[69.8794,26.5806],[69.8748,26.5823],[69.8593,26.5859],[69.8511,26.587],[69.8479,26.5874],[69.8386,26.5886],[69.8044,26.5976],[69.8008,26.599],[69.7991,26.6001],[69.7761,26.614],[69.7658,26.6225],[69.737,26.6463],[69.7367,26.6472],[69.7224,26.6546],[69.7109,26.662],[69.6988,26.6659],[69.6776,26.6745],[69.6703,26.6768],[69.6384,26.6923],[69.6341,26.6934],[69.6036,26.7049],[69.5975,26.7076],[69.5915,26.7105],[69.5708,26.7204],[69.553,26.7281],[69.5378,26.7336],[69.5147,26.742],[69.5138,26.7431],[69.5109,26.7458],[69.5069,26.7508],[69.5056,26.753],[69.5005,26.7678],[69.4901,26.7897],[69.4864,26.7994],[69.4844,26.808],[69.4858,26.8186],[69.4878,26.8315],[69.4989,26.872],[69.5015,26.8945],[69.5086,26.9538],[69.5102,26.9702],[69.5142,27.0096],[69.5152,27.0139],[69.5154,27.0144],[69.5283,27.0427],[69.5385,27.065],[69.5515,27.1027],[69.5518,27.1033],[69.553,27.1055],[69.563,27.1232],[69.5671,27.134],[69.578,27.157],[69.5785,27.1579],[69.5841,27.1733],[69.5897,27.1829],[69.6031,27.1951],[69.6081,27.1973],[69.6105,27.1981],[69.6111,27.1983],[69.6197,27.2059],[69.6358,27.2186],[69.6425,27.2232],[69.6538,27.2334],[69.6719,27.2542],[69.6813,27.2626],[69.6853,27.2659],[69.7051,27.2852],[69.7135,27.2915],[69.7639,27.3247],[69.7867,27.3466],[69.7904,27.3502],[69.7923,27.3515],[69.8105,27.3626],[69.8349,27.3823],[69.8531,27.3939],[69.8717,27.4092],[69.8897,27.4299],[69.8972,27.4384],[69.9132,27.4604],[69.9221,27.4769],[69.925,27.4809],[69.9262,27.4842],[69.9408,27.5025],[69.9594,27.5183],[69.9648,27.5229],[69.9778,27.5323],[69.9851,27.537],[69.9933,27.5418],[69.9995,27.5451],[70.0246,27.5613],[70.0323,27.5718],[70.0346,27.5756],[70.0356,27.5776],[70.0397,27.586],[70.0499,27.6129],[70.056,27.6237],[70.0577,27.6293],[70.058,27.6307],[70.0594,27.6348],[70.0605,27.6369],[70.0751,27.6642],[70.0821,27.6845],[70.0884,27.6973],[70.0955,27.7144],[70.0962,27.716],[70.0995,27.7256],[70.1012,27.7325],[70.11,27.7499],[70.1132,27.7565],[70.1186,27.7717],[70.1214,27.781],[70.1347,27.807],[70.1462,27.819],[70.1542,27.8273],[70.1973,27.8665],[70.1985,27.8679],[70.2,27.8693],[70.2053,27.8766],[70.2249,27.8984],[70.2369,27.9065],[70.2415,27.9082],[70.2502,27.9136],[70.2533,27.9163],[70.2731,27.925],[70.2936,27.9366],[70.3036,27.944],[70.3103,27.9489],[70.349,27.9892],[70.3554,27.9959],[70.3708,28.0093],[70.3709,28.01],[70.3718,28.0108],[70.3743,28.012],[70.3925,28.0129],[70.4105,28.0161],[70.4424,28.0216],[70.475,28.0324],[70.4762,28.0328],[70.4967,28.0366],[70.5365,28.0321],[70.5399,28.0313],[70.5475,28.0294],[70.5633,28.0225],[70.5693,28.0192],[70.5925,28.0096],[70.5938,28.0081],[70.5941,28.006],[70.5967,28.0027],[70.5972,28.0023],[70.5972,28.0007],[70.5993,28.0007],[70.6016,27.9987],[70.6027,27.9949],[70.6037,27.9939],[70.6147,27.9841],[70.6192,27.9771],[70.6429,27.9567],[70.6684,27.9349],[70.672,27.9293],[70.677,27.9239],[70.681,27.891],[70.6804,27.8728],[70.6803,27.8704],[70.6838,27.8421],[70.6874,27.8282],[70.6995,27.811],[70.709,27.7998],[70.7146,27.7909],[70.7165,27.7888],[70.7177,27.7876],[70.7214,27.7826],[70.7376,27.7515],[70.739,27.7494],[70.7405,27.7488],[70.7419,27.7469],[70.7446,27.7431],[70.7464,27.7435],[70.7624,27.7289],[70.7627,27.728],[70.7655,27.7262],[70.7679,27.7249],[70.787,27.7203],[70.7996,27.7184],[70.8172,27.7144],[70.8397,27.7134],[70.8563,27.7122],[70.8679,27.7106],[70.8697,27.7101],[70.8825,27.7082],[70.8964,27.71],[70.9053,27.7104],[70.9485,27.7284],[70.9503,27.7291],[70.9602,27.7322],[70.9683,27.736],[70.9831,27.7436],[71.0329,27.7665],[71.0549,27.773],[71.0695,27.7774],[71.0861,27.7858],[71.1392,27.8071],[71.1731,27.8206],[71.1832,27.823],[71.2081,27.8329],[71.2297,27.8372],[71.2423,27.8413],[71.2548,27.8454],[71.2726,27.8502],[71.3256,27.8598],[71.3417,27.8627],[71.381,27.8697],[71.4098,27.8735],[71.4127,27.8729],[71.4188,27.8716],[71.448,27.8736],[71.4999,27.8729],[71.5239,27.8725],[71.5311,27.8725],[71.5494,27.8733],[71.587,27.8772],[71.6049,27.875],[71.6213,27.8752],[71.645,27.8754],[71.6589,27.8756],[71.6645,27.8793],[71.6816,27.8838],[71.6987,27.8891],[71.7207,27.898],[71.7443,27.907],[71.7605,27.9136],[71.7665,27.9162],[71.8274,27.9365],[71.8597,27.9473],[71.8944,27.9609],[71.8976,27.9626]]]},"properties":{"district_name":"Jaisalmer","raw_district_name":"Jaisalmer","state_code":"RJ","state_name":"Rajasthan","census_code":114,"data_source":"DataMeet India Maps (Census 2011 Boundaries)"}},{"type":"Feature","geometry":{"type":"Polygon","coordinates":[[[72.7777,25.8015],[72.7995,25.7924],[72.8054,25.7817],[72.8119,25.7736],[72.821,25.7705],[72.8474,25.7549],[72.8678,25.7519],[72.8709,25.7503],[72.8689,25.7393],[72.8739,25.7363],[72.8756,25.739],[72.8889,25.7346],[72.8924,25.7186],[72.8977,25.7106],[72.8899,25.7062],[72.8876,25.6994],[72.8893,25.6949],[72.8964,25.6888],[72.9078,25.6865],[72.916,25.6826],[72.9336,25.6851],[72.9215,25.6669],[72.9283,25.6544],[72.9359,25.6473],[72.9418,25.6465],[72.935,25.6388],[72.9438,25.6346],[72.9582,25.6308],[72.9637,25.625],[72.9757,25.6239],[72.983,25.6036],[72.9884,25.6068],[73.0007,25.5982],[73.0277,25.5841],[73.0343,25.5819],[73.0383,25.5778],[73.0497,25.5619],[73.0563,25.5603],[73.0579,25.5554],[73.0564,25.5483],[73.0581,25.542],[73.0592,25.5263],[73.0576,25.5163],[73.0582,25.5079],[73.0618,25.5045],[73.0636,25.4988],[73.0734,25.4935],[73.0878,25.4915],[73.0968,25.4681],[73.08,25.4603],[73.0711,25.4521],[73.0582,25.4465],[73.0652,25.4429],[73.0695,25.4378],[73.0613,25.4242],[73.0596,25.4156],[73.0539,25.4086],[73.0497,25.4005],[73.0414,25.3912],[73.0314,25.3823],[73.0226,25.3768],[73.0192,25.3774],[73.0088,25.3811],[73.0009,25.3814],[72.9931,25.3767],[72.9929,25.3728],[72.995,25.3694],[73.001,25.3706],[73.0049,25.3699],[73.007,25.3685],[73.0094,25.361],[73.0085,25.3562],[73.0065,25.3532],[73.001,25.3507],[72.9942,25.3474],[72.9866,25.3592],[72.9724,25.3715],[72.9562,25.3728],[72.9475,25.3643],[72.9364,25.3603],[72.9387,25.3569],[72.9552,25.3452],[72.9697,25.3372],[72.9761,25.3317],[72.981,25.322],[72.9847,25.308],[72.9908,25.2974],[72.9957,25.2924],[72.9978,25.2888],[72.9989,25.2813],[72.9983,25.2718],[72.9933,25.2575],[72.9787,25.2475],[72.9689,25.2444],[72.9637,25.245],[72.9527,25.2439],[72.9471,25.2444],[72.9401,25.2437],[72.9238,25.2421],[72.9182,25.2546],[72.9142,25.2548],[72.9099,25.2505],[72.906,25.2497],[72.9008,25.2536],[72.8989,25.2521],[72.8964,25.2481],[72.8912,25.2463],[72.886,25.2474],[72.8744,25.2515],[72.8649,25.258],[72.8578,25.2682],[72.8533,25.2734],[72.847,25.2722],[72.836,25.2813],[72.8275,25.2871],[72.8186,25.2768],[72.8154,25.2658],[72.8109,25.2549],[72.8038,25.2559],[72.7948,25.239],[72.7892,25.2313],[72.7822,25.2262],[72.7791,25.216],[72.7786,25.2048],[72.7789,25.1978],[72.7814,25.192],[72.776,25.1863],[72.7664,25.1803],[72.7589,25.1698],[72.7509,25.1639],[72.7463,25.1565],[72.7455,25.149],[72.7415,25.136],[72.738,25.1278],[72.7163,25.1113],[72.709,25.1071],[72.7049,25.0868],[72.7053,25.0823],[72.7036,25.0796],[72.6932,25.0773],[72.688,25.055],[72.6885,25.0479],[72.6874,25.0465],[72.6835,25.0487],[72.6752,25.0483],[72.6639,25.0452],[72.6617,25.041],[72.6582,25.0407],[72.6558,25.034],[72.6562,25.0305],[72.6552,25.0279],[72.6515,25.0269],[72.649,25.0232],[72.6476,25.0188],[72.6485,25.0167],[72.6427,25.016],[72.6389,25.0149],[72.6338,25.0007],[72.6058,24.9679],[72.5927,24.9561],[72.5811,24.9413],[72.5776,24.9388],[72.5701,24.9348],[72.5591,24.9321],[72.5477,24.9305],[72.5405,24.9313],[72.5305,24.9301],[72.5234,24.9347],[72.5206,24.9349],[72.506,24.9229],[72.5042,24.9201],[72.5044,24.9101],[72.4987,24.9058],[72.5017,24.9005],[72.5052,24.887],[72.5052,24.8807],[72.5015,24.8761],[72.4918,24.8724],[72.4851,24.8724],[72.4839,24.8701],[72.4885,24.8571],[72.4937,24.8498],[72.4953,24.8391],[72.4987,24.8274],[72.5002,24.8182],[72.4922,24.807],[72.4974,24.7659],[72.4979,24.7649],[72.4959,24.7591],[72.4912,24.7553],[72.4817,24.7503],[72.4744,24.7479],[72.4683,24.748],[72.4589,24.7546],[72.4535,24.7545],[72.4417,24.7518],[72.4139,24.7537],[72.4104,24.7563],[72.4008,24.7744],[72.3849,24.7633],[72.3785,24.7627],[72.3729,24.7612],[72.3658,24.7511],[72.3599,24.7457],[72.3594,24.7453],[72.3264,24.7015],[72.3233,24.6945],[72.3198,24.6826],[72.3131,24.6718],[72.311,24.6626],[72.3105,24.6556],[72.3117,24.649],[72.318,24.6433],[72.3227,24.6406],[72.329,24.6354],[72.3326,24.6296],[72.3347,24.6248],[72.3255,24.6137],[72.3182,24.6108],[72.3095,24.6108],[72.3037,24.6139],[72.3006,24.6169],[72.2941,24.6181],[72.2999,24.6323],[72.2996,24.6341],[72.2962,24.6365],[72.2931,24.6432],[72.2861,24.6482],[72.2813,24.6484],[72.2757,24.6454],[72.2711,24.6376],[72.2685,24.6294],[72.2685,24.6241],[72.2549,24.6228],[72.2485,24.6234],[72.2432,24.6228],[72.2363,24.6254],[72.2278,24.6329],[72.2242,24.635],[72.2105,24.6224],[72.2051,24.6212],[72.2024,24.6194],[72.2047,24.6147],[72.2011,24.6143],[72.1955,24.6184],[72.1799,24.6117],[72.1696,24.615],[72.1594,24.6168],[72.1556,24.6181],[72.155,24.6218],[72.1475,24.6335],[72.1447,24.6365],[72.1399,24.6373],[72.1287,24.6362],[72.1192,24.6341],[72.1149,24.6344],[72.1104,24.6358],[72.0957,24.6458],[72.0847,24.6512],[72.0787,24.6553],[72.0793,24.6613],[72.0762,24.671],[72.0862,24.6773],[72.0792,24.6996],[72.0735,24.7029],[72.0463,24.7085],[72.0346,24.6982],[72.0254,24.6946],[72.0009,24.6888],[71.9947,24.6858],[71.9877,24.6804],[71.9834,24.6699],[71.9869,24.6596],[71.9868,24.656],[71.9843,24.6542],[71.9763,24.6537],[71.9726,24.6498],[71.9608,24.6409],[71.9556,24.6414],[71.9442,24.6355],[71.9408,24.6306],[71.9375,24.6298],[71.9328,24.6306],[71.9278,24.6299],[71.9213,24.6369],[71.9121,24.6493],[71.9105,24.654],[71.9147,24.6553],[71.9174,24.6575],[71.9193,24.6618],[71.9193,24.6651],[71.9134,24.6704],[71.9054,24.6727],[71.8974,24.6722],[71.887,24.6689],[71.8842,24.6733],[71.8745,24.6789],[71.8697,24.6784],[71.8643,24.6755],[71.8581,24.6662],[71.8559,24.658],[71.8557,24.6527],[71.8609,24.6333],[71.8617,24.6267],[71.8577,24.6228],[71.854,24.6173],[71.8514,24.6074],[71.8485,24.6093],[71.8396,24.6181],[71.8316,24.6197],[71.8143,24.62],[71.8084,24.6217],[71.8046,24.6252],[71.8044,24.6293],[71.8055,24.6359],[71.8103,24.6493],[71.8081,24.6581],[71.8059,24.6643],[71.8021,24.6694],[71.7976,24.6725],[71.7919,24.674],[71.7839,24.6736],[71.7774,24.6724],[71.7511,24.6639],[71.7385,24.6579],[71.7301,24.6571],[71.709,24.6581],[71.6785,24.6437],[71.6622,24.6404],[71.654,24.6372],[71.6427,24.6439],[71.6436,24.6471],[71.6408,24.6504],[71.6373,24.6565],[71.633,24.6601],[71.6265,24.6621],[71.6231,24.6666],[71.6195,24.666],[71.6157,24.6683],[71.6132,24.671],[71.6107,24.6724],[71.609,24.6748],[71.6024,24.6726],[71.5972,24.6697],[71.5901,24.668],[71.5847,24.6698],[71.5819,24.6743],[71.5754,24.6807],[71.5694,24.6816],[71.5607,24.6778],[71.5436,24.6749],[71.5358,24.6779],[71.5291,24.6833],[71.5194,24.6816],[71.5148,24.6797],[71.513,24.6799],[71.5082,24.6808],[71.4955,24.6783],[71.4803,24.6784],[71.4661,24.6678],[71.4587,24.6654],[71.4507,24.6659],[71.4433,24.6635],[71.4371,24.6586],[71.4241,24.6509],[71.4207,24.6473],[71.414,24.6428],[71.4046,24.6401],[71.3986,24.6395],[71.3944,24.6363],[71.3912,24.6318],[71.386,24.6318],[71.3813,24.6331],[71.3798,24.6288],[71.3745,24.6265],[71.3722,24.6263],[71.3666,24.6279],[71.3641,24.6307],[71.3591,24.6322],[71.3585,24.6368],[71.3534,24.6466],[71.3482,24.659],[71.3425,24.6582],[71.3342,24.6533],[71.3178,24.648],[71.3129,24.6454],[71.3091,24.641],[71.3013,24.6262],[71.2987,24.625],[71.2889,24.6128],[71.2783,24.6179],[71.252,24.6258],[71.244,24.629],[71.2326,24.632],[71.2289,24.6339],[71.1982,24.6451],[71.188,24.6485],[71.1902,24.6568],[71.2095,24.699],[71.2344,24.716],[71.242,24.7239],[71.2473,24.7309],[71.2616,24.7449],[71.2629,24.7483],[71.2562,24.7645],[71.2467,24.7947],[71.2434,24.8021],[71.2435,24.8051],[71.2544,24.7955],[71.2584,24.8014],[71.2679,24.8097],[71.2732,24.8132],[71.2775,24.8151],[71.2878,24.8172],[71.2871,24.8271],[71.2904,24.8303],[71.3045,24.8218],[71.3179,24.8396],[71.3254,24.8438],[71.3303,24.8507],[71.3298,24.8637],[71.3289,24.8681],[71.3136,24.8828],[71.3063,24.8908],[71.311,24.8998],[71.3159,24.9059],[71.3214,24.9023],[71.3238,24.9043],[71.3283,24.8997],[71.332,24.8974],[71.3461,24.9141],[71.3473,24.9185],[71.3423,24.9292],[71.3409,24.9342],[71.3422,24.9448],[71.346,24.9496],[71.348,24.9426],[71.3635,24.9514],[71.3809,24.9644],[71.3866,24.9695],[71.3866,24.9736],[71.3886,24.9784],[71.4072,24.9677],[71.4131,24.9737],[71.4163,24.9749],[71.4235,24.9744],[71.4263,24.9748],[71.4292,24.979],[71.4389,24.9802],[71.4424,24.9844],[71.446,24.9869],[71.4547,24.9887],[71.4702,24.9983],[71.4744,24.9988],[71.4822,24.993],[71.4837,24.9904],[71.4879,24.9909],[71.4896,24.9959],[71.4903,25.0014],[71.4908,25.0046],[71.4938,25.0065],[71.5038,25.0086],[71.5081,25.0086],[71.5166,25.0075],[71.5243,25.0042],[71.5272,25.0014],[71.5269,24.9816],[71.5302,24.9738],[71.5379,24.9783],[71.549,24.9802],[71.5563,24.9846],[71.5609,24.9901],[71.5675,25.0013],[71.5843,25.0229],[71.5886,25.0262],[71.5973,25.0295],[71.6132,25.033],[71.6284,25.0344],[71.6337,25.0327],[71.6378,25.0289],[71.6493,25.0217],[71.6583,25.0135],[71.6678,25.0012],[71.6795,24.9872],[71.6825,24.9858],[71.6895,24.9925],[71.696,25.0012],[71.6966,25.003],[71.7059,25.0132],[71.7127,25.0231],[71.7207,25.0236],[71.725,25.0273],[71.7271,25.0319],[71.7257,25.0408],[71.7264,25.0479],[71.7337,25.06],[71.7351,25.0662],[71.7368,25.0692],[71.7576,25.0746],[71.764,25.0751],[71.7674,25.0741],[71.7714,25.0685],[71.7845,25.067],[71.7894,25.0586],[71.7947,25.0532],[71.7997,25.0587],[71.8018,25.0648],[71.8022,25.0701],[71.8034,25.0736],[71.8026,25.0767],[71.7926,25.0843],[71.7989,25.0937],[71.8067,25.1026],[71.8037,25.1086],[71.8036,25.1162],[71.8086,25.1223],[71.8139,25.1246],[71.8248,25.1268],[71.8274,25.1292],[71.831,25.1388],[71.8379,25.1483],[71.8379,25.1537],[71.8411,25.1587],[71.8405,25.1651],[71.8495,25.2071],[71.8532,25.2119],[71.8808,25.2249],[71.888,25.2343],[71.8962,25.2408],[71.899,25.2444],[71.9017,25.25],[71.8918,25.2562],[71.8898,25.2584],[71.8887,25.262],[71.9023,25.272],[71.9086,25.2752],[71.9169,25.2788],[71.9279,25.2814],[71.9346,25.2843],[71.9363,25.2894],[71.9375,25.2968],[71.9401,25.3042],[71.95,25.3213],[71.9388,25.3294],[71.9343,25.3305],[71.9298,25.3334],[71.9238,25.34],[71.9207,25.3449],[71.92,25.3499],[71.9226,25.3552],[71.932,25.364],[71.9612,25.4007],[71.9882,25.4312],[72.0003,25.4452],[72.0048,25.4468],[72.0245,25.4637],[72.0334,25.4761],[72.0458,25.4796],[72.0568,25.4817],[72.0674,25.4758],[72.0789,25.4725],[72.0889,25.4653],[72.0896,25.4602],[72.0882,25.4543],[72.0959,25.4456],[72.1041,25.4244],[72.1075,25.422],[72.1162,25.4269],[72.1429,25.4349],[72.1604,25.4342],[72.1689,25.4287],[72.1791,25.428],[72.1965,25.4199],[72.2163,25.406],[72.223,25.4055],[72.2314,25.4094],[72.237,25.4104],[72.2447,25.4158],[72.2502,25.4161],[72.2522,25.4157],[72.259,25.4091],[72.2653,25.4093],[72.2706,25.4112],[72.2803,25.4024],[72.2872,25.4002],[72.2932,25.3915],[72.2981,25.3883],[72.3064,25.3862],[72.3169,25.3873],[72.3293,25.3956],[72.3321,25.4033],[72.3315,25.423],[72.3327,25.4337],[72.3367,25.4415],[72.3425,25.4463],[72.3522,25.4434],[72.3562,25.4536],[72.3596,25.4532],[72.3661,25.4477],[72.3733,25.4456],[72.3799,25.4454],[72.3782,25.4415],[72.4059,25.4428],[72.4114,25.4361],[72.4431,25.45],[72.4565,25.458],[72.463,25.4544],[72.472,25.4645],[72.4807,25.4718],[72.4848,25.4794],[72.489,25.484],[72.4987,25.489],[72.5064,25.4905],[72.5021,25.4948],[72.5116,25.506],[72.5216,25.5051],[72.5351,25.5176],[72.5509,25.527],[72.5593,25.5303],[72.5619,25.5313],[72.559,25.5365],[72.5534,25.5431],[72.5488,25.5504],[72.5488,25.5609],[72.5547,25.5678],[72.5649,25.5763],[72.572,25.5835],[72.5756,25.5912],[72.5859,25.602],[72.5936,25.6054],[72.6009,25.6074],[72.6096,25.606],[72.6141,25.6028],[72.6223,25.6011],[72.626,25.6064],[72.6302,25.6101],[72.6507,25.6085],[72.6558,25.6066],[72.6612,25.6068],[72.6763,25.6119],[72.7001,25.6006],[72.7204,25.609],[72.72,25.6206],[72.7116,25.64],[72.7062,25.644],[72.7002,25.6434],[72.6995,25.6512],[72.6922,25.664],[72.6864,25.6698],[72.6911,25.675],[72.7021,25.6762],[72.7164,25.6908],[72.7217,25.6893],[72.7408,25.7095],[72.7491,25.7222],[72.7599,25.7249],[72.7611,25.7311],[72.7561,25.7364],[72.7552,25.7414],[72.7485,25.7456],[72.7242,25.7555],[72.7228,25.7623],[72.7256,25.7692],[72.7269,25.7751],[72.7473,25.7828],[72.7523,25.7927],[72.7566,25.8088],[72.7777,25.8015]]]},"properties":{"district_name":"Jalor","raw_district_name":"Jalor","state_code":"RJ","state_name":"Rajasthan","census_code":116,"data_source":"DataMeet India Maps (Census 2011 Boundaries)"}},{"type":"Feature","geometry":{"type":"Polygon","coordinates":[[[76.3654,24.8711],[76.3674,24.8679],[76.3719,24.8645],[76.3766,24.8632],[76.3793,24.8616],[76.3847,24.8512],[76.3932,24.846],[76.3964,24.8409],[76.3999,24.838],[76.404,24.8387],[76.4071,24.8421],[76.4123,24.8444],[76.4186,24.8432],[76.4288,24.8326],[76.4331,24.8316],[76.4366,24.8307],[76.4403,24.8313],[76.4447,24.8306],[76.4453,24.8161],[76.4438,24.7967],[76.4432,24.7848],[76.4431,24.783],[76.4451,24.7639],[76.4513,24.7448],[76.4557,24.7363],[76.4611,24.7218],[76.462,24.7145],[76.4654,24.7066],[76.4667,24.7011],[76.4732,24.6865],[76.4768,24.6693],[76.479,24.6643],[76.4812,24.6622],[76.4861,24.6608],[76.4893,24.658],[76.4926,24.6531],[76.4945,24.6519],[76.5038,24.6524],[76.5313,24.6624],[76.5299,24.6519],[76.5288,24.6411],[76.5261,24.6309],[76.5216,24.5899],[76.5229,24.5822],[76.5314,24.5761],[76.5382,24.5686],[76.5396,24.5509],[76.537,24.514],[76.5384,24.5112],[76.541,24.5062],[76.5503,24.4998],[76.5656,24.4962],[76.5786,24.4922],[76.58,24.4848],[76.5802,24.4643],[76.5896,24.461],[76.5954,24.4574],[76.6026,24.4466],[76.6048,24.4363],[76.6129,24.4267],[76.6193,24.4218],[76.6282,24.4169],[76.6359,24.4141],[76.6446,24.4163],[76.6578,24.4229],[76.6715,24.4369],[76.6756,24.439],[76.6852,24.4343],[76.6971,24.4224],[76.7056,24.408],[76.7082,24.4058],[76.7113,24.4048],[76.7147,24.4089],[76.7161,24.4124],[76.7187,24.4132],[76.7208,24.4126],[76.7246,24.414],[76.7286,24.4206],[76.7337,24.4216],[76.7397,24.4273],[76.744,24.4344],[76.7569,24.4484],[76.7639,24.4519],[76.7698,24.4503],[76.7726,24.4436],[76.7771,24.4396],[76.7888,24.4353],[76.8005,24.4328],[76.8113,24.4326],[76.8172,24.4362],[76.8267,24.4367],[76.835,24.4356],[76.8403,24.4358],[76.8455,24.4382],[76.8549,24.4328],[76.8554,24.4308],[76.8536,24.4207],[76.8503,24.4148],[76.8465,24.4136],[76.842,24.4135],[76.8401,24.412],[76.8467,24.404],[76.8526,24.3917],[76.8544,24.3844],[76.8522,24.3743],[76.8565,24.3703],[76.8559,24.3657],[76.8533,24.3637],[76.8431,24.3602],[76.8412,24.3562],[76.8424,24.3504],[76.8431,24.3381],[76.8444,24.3342],[76.8491,24.3235],[76.863,24.3078],[76.864,24.3008],[76.8668,24.2943],[76.868,24.2893],[76.8678,24.2853],[76.8712,24.2764],[76.8741,24.2721],[76.8784,24.2666],[76.9015,24.2426],[76.9081,24.2372],[76.9154,24.2331],[76.9207,24.2275],[76.9228,24.2219],[76.9235,24.2162],[76.9268,24.2123],[76.9324,24.2091],[76.9359,24.2051],[76.941,24.2053],[76.9468,24.2039],[76.9487,24.2018],[76.949,24.1988],[76.9481,24.1944],[76.9373,24.1824],[76.9314,24.1822],[76.9203,24.1843],[76.919,24.1789],[76.9153,24.1725],[76.9099,24.1488],[76.904,24.1267],[76.8903,24.1273],[76.8816,24.1305],[76.8806,24.134],[76.8774,24.1354],[76.8703,24.1344],[76.86,24.1345],[76.8501,24.1317],[76.8463,24.1279],[76.8395,24.1269],[76.8317,24.1212],[76.8258,24.1223],[76.8186,24.1221],[76.805,24.116],[76.8011,24.1174],[76.7949,24.1214],[76.7796,24.1487],[76.777,24.1544],[76.7728,24.1603],[76.7665,24.1598],[76.7634,24.1615],[76.7612,24.1653],[76.7589,24.1677],[76.7533,24.1681],[76.7398,24.1674],[76.7332,24.1662],[76.7307,24.1607],[76.7245,24.1573],[76.7185,24.1598],[76.7163,24.1622],[76.705,24.1671],[76.699,24.1716],[76.6932,24.1793],[76.6882,24.1843],[76.678,24.189],[76.6806,24.2061],[76.6887,24.2204],[76.6916,24.228],[76.6991,24.2376],[76.7026,24.2407],[76.7064,24.2444],[76.7053,24.2499],[76.7036,24.2534],[76.7005,24.2568],[76.6987,24.2634],[76.6972,24.2696],[76.6988,24.2779],[76.6969,24.2806],[76.6887,24.2783],[76.6826,24.2662],[76.6747,24.2666],[76.6722,24.2629],[76.6621,24.2634],[76.6511,24.268],[76.6463,24.2657],[76.646,24.2618],[76.6439,24.2579],[76.6386,24.2596],[76.6339,24.2603],[76.6271,24.2602],[76.6201,24.2584],[76.6177,24.2378],[76.6142,24.2371],[76.6042,24.2406],[76.597,24.2465],[76.5917,24.2452],[76.5912,24.2417],[76.6004,24.2309],[76.6011,24.2255],[76.5963,24.2195],[76.5895,24.2152],[76.5751,24.2091],[76.5709,24.2025],[76.5694,24.1964],[76.5706,24.1928],[76.5734,24.1919],[76.5806,24.1869],[76.5833,24.1763],[76.5763,24.1729],[76.5699,24.1721],[76.5661,24.1681],[76.5583,24.1639],[76.5495,24.1637],[76.5434,24.1624],[76.5393,24.1599],[76.535,24.1591],[76.5267,24.1589],[76.5209,24.1623],[76.5168,24.1685],[76.514,24.1747],[76.5119,24.1959],[76.5089,24.2011],[76.5053,24.2047],[76.5004,24.2077],[76.4879,24.2107],[76.4829,24.2132],[76.4781,24.2243],[76.4734,24.2271],[76.4669,24.2246],[76.4645,24.2211],[76.4621,24.2165],[76.4567,24.2125],[76.4509,24.2134],[76.4453,24.2176],[76.4395,24.2207],[76.4329,24.2227],[76.427,24.2226],[76.4215,24.22],[76.4251,24.2164],[76.4259,24.2099],[76.4221,24.204],[76.4178,24.2031],[76.4152,24.2052],[76.4035,24.2185],[76.3946,24.2213],[76.3768,24.2334],[76.3685,24.237],[76.3645,24.2402],[76.3616,24.2418],[76.3563,24.2446],[76.3475,24.2476],[76.3383,24.2497],[76.3302,24.2493],[76.3211,24.2468],[76.3134,24.2421],[76.3061,24.2401],[76.2971,24.2364],[76.2929,24.2328],[76.292,24.2213],[76.2903,24.214],[76.2859,24.2115],[76.2796,24.2123],[76.2685,24.2173],[76.2549,24.2206],[76.2508,24.2237],[76.2436,24.2219],[76.2392,24.2196],[76.2264,24.219],[76.2213,24.2132],[76.2186,24.2126],[76.2136,24.2186],[76.2093,24.2285],[76.2086,24.2376],[76.2067,24.2464],[76.2075,24.2648],[76.2053,24.2725],[76.1978,24.2806],[76.1987,24.2859],[76.2022,24.2931],[76.2081,24.3015],[76.2094,24.3067],[76.2057,24.3089],[76.1971,24.3166],[76.1932,24.3257],[76.1886,24.3273],[76.1842,24.3206],[76.1752,24.3113],[76.1744,24.3061],[76.1757,24.303],[76.1731,24.2992],[76.1723,24.2919],[76.1658,24.2891],[76.1525,24.288],[76.1497,24.2861],[76.146,24.2811],[76.1452,24.2769],[76.1485,24.2616],[76.1513,24.2598],[76.1528,24.2568],[76.1574,24.2396],[76.1553,24.2313],[76.15,24.2236],[76.1447,24.2196],[76.1345,24.2083],[76.1262,24.2012],[76.1242,24.1922],[76.1237,24.1794],[76.1228,24.176],[76.1235,24.1741],[76.1283,24.174],[76.1318,24.1707],[76.1337,24.1649],[76.1333,24.1495],[76.1346,24.1398],[76.1373,24.1352],[76.1397,24.1272],[76.1335,24.1188],[76.132,24.1148],[76.1328,24.108],[76.1341,24.1025],[76.1375,24.0956],[76.1375,24.0912],[76.1261,24.0882],[76.1152,24.0924],[76.1113,24.093],[76.1079,24.0918],[76.1017,24.0851],[76.0935,24.0816],[76.0872,24.0781],[76.0829,24.0799],[76.0664,24.0738],[76.0601,24.0738],[76.0496,24.0716],[76.046,24.0699],[76.0426,24.0628],[76.0356,24.0602],[76.0293,24.0464],[76.0205,24.0405],[76.0114,24.0363],[76.0046,24.0312],[76.0028,24.0315],[75.997,24.0279],[75.9925,24.026],[75.9822,24.027],[75.982,24.0281],[75.9758,24.0274],[75.9626,24.0214],[75.9615,24.006],[75.9633,24.0003],[75.9626,23.9935],[75.9637,23.9909],[75.9659,23.9877],[75.9791,23.978],[75.9806,23.9761],[75.9826,23.9704],[75.9826,23.9648],[75.9836,23.9584],[75.9822,23.9482],[75.9833,23.939],[75.9783,23.935],[75.9781,23.929],[75.9764,23.9276],[75.9688,23.9259],[75.9505,23.9183],[75.9488,23.9168],[75.9466,23.9123],[75.9403,23.9083],[75.934,23.898],[75.9292,23.898],[75.9234,23.9002],[75.9076,23.8921],[75.9034,23.8911],[75.8987,23.8888],[75.8961,23.8892],[75.8909,23.8878],[75.8885,23.8847],[75.8807,23.8807],[75.8744,23.8843],[75.8692,23.8901],[75.8656,23.8915],[75.8627,23.8917],[75.8587,23.8901],[75.8555,23.8903],[75.8434,23.8846],[75.8418,23.8787],[75.839,23.8775],[75.8324,23.8809],[75.8198,23.8755],[75.8159,23.8704],[75.8046,23.8673],[75.7961,23.8705],[75.7929,23.8683],[75.787,23.8615],[75.787,23.856],[75.7857,23.8539],[75.7818,23.8509],[75.7789,23.8501],[75.7715,23.8506],[75.7635,23.8531],[75.7618,23.8582],[75.761,23.8775],[75.759,23.8804],[75.7516,23.8862],[75.7419,23.8904],[75.7383,23.8903],[75.736,23.8957],[75.7331,23.8977],[75.73,23.8983],[75.7246,23.8968],[75.7173,23.8977],[75.7148,23.8962],[75.7124,23.8966],[75.7088,23.8991],[75.7041,23.9003],[75.7026,23.8975],[75.7027,23.8911],[75.7004,23.8874],[75.6995,23.8839],[75.6999,23.8733],[75.7031,23.8712],[75.7053,23.8717],[75.7065,23.871],[75.7083,23.8644],[75.7193,23.861],[75.7293,23.8607],[75.7309,23.8544],[75.7299,23.8513],[75.7281,23.8496],[75.7257,23.8442],[75.7224,23.843],[75.7196,23.8432],[75.7174,23.8418],[75.7197,23.8363],[75.7205,23.8286],[75.7239,23.8231],[75.7225,23.8199],[75.7185,23.8184],[75.7176,23.8173],[75.7195,23.8153],[75.7174,23.8133],[75.7149,23.8127],[75.7105,23.8143],[75.7043,23.8134],[75.6919,23.8159],[75.689,23.8155],[75.6886,23.8139],[75.6899,23.8103],[75.6957,23.8008],[75.6961,23.7938],[75.7003,23.7881],[75.6999,23.7843],[75.6983,23.7815],[75.6917,23.7723],[75.689,23.7696],[75.6867,23.7629],[75.6861,23.7569],[75.6806,23.7658],[75.6776,23.7784],[75.676,23.7807],[75.6728,23.7831],[75.669,23.7845],[75.6642,23.7844],[75.6606,23.7852],[75.6584,23.7881],[75.6534,23.7982],[75.6509,23.7956],[75.6452,23.7981],[75.6426,23.7986],[75.6386,23.7986],[75.6274,23.7966],[75.6255,23.7968],[75.6181,23.8023],[75.6136,23.8029],[75.6095,23.8018],[75.6075,23.8],[75.5931,23.7987],[75.5839,23.7967],[75.5844,23.8001],[75.5863,23.8051],[75.5859,23.8103],[75.5847,23.8115],[75.5742,23.8132],[75.5674,23.812],[75.5639,23.8133],[75.5599,23.8165],[75.5575,23.8223],[75.558,23.8279],[75.5615,23.8332],[75.5629,23.8333],[75.5707,23.831],[75.5737,23.8312],[75.5763,23.8343],[75.5776,23.8378],[75.5778,23.8396],[75.5745,23.8428],[75.5686,23.8439],[75.5668,23.8462],[75.5639,23.8545],[75.5621,23.8563],[75.5586,23.8591],[75.5539,23.8615],[75.5393,23.8731],[75.5301,23.8766],[75.5181,23.8851],[75.5087,23.887],[75.5055,23.8883],[75.5013,23.8933],[75.5009,23.8969],[75.4888,23.9072],[75.4782,23.9111],[75.4622,23.9137],[75.4578,23.9171],[75.4572,23.9218],[75.4577,23.9285],[75.4585,23.9346],[75.4619,23.944],[75.463,23.9498],[75.4637,23.9645],[75.4661,23.9771],[75.4686,23.9809],[75.472,23.9835],[75.482,23.9887],[75.4874,23.9947],[75.4906,23.9966],[75.4932,24.0009],[75.5159,24.045],[75.5335,24.0278],[75.5442,24.0218],[75.5542,24.019],[75.5627,24.0198],[75.5686,24.019],[75.5734,24.0137],[75.5704,24.0009],[75.57,23.9974],[75.5709,23.9956],[75.5754,23.9948],[75.5776,23.9969],[75.5794,23.9959],[75.582,23.9906],[75.5855,23.9882],[75.5886,23.9919],[75.5917,23.9926],[75.5943,23.9911],[75.5991,23.9949],[75.6058,23.9925],[75.6085,23.9925],[75.6134,23.995],[75.6264,23.995],[75.6323,23.9959],[75.6329,23.9965],[75.6365,23.996],[75.6402,23.999],[75.641,24.0008],[75.6432,24.0146],[75.6477,24.0137],[75.65,24.0169],[75.6495,24.0194],[75.6549,24.0238],[75.6612,24.0277],[75.6711,24.0297],[75.6745,24.0271],[75.6789,24.0163],[75.6841,24.0131],[75.6877,24.0141],[75.6862,24.0008],[75.6872,23.9985],[75.6854,23.9944],[75.6859,23.9893],[75.6882,23.9867],[75.6925,23.9857],[75.6949,23.9854],[75.698,23.9866],[75.6983,23.9837],[75.6973,23.9821],[75.6997,23.9683],[75.7003,23.9663],[75.7022,23.9652],[75.7157,23.9683],[75.7252,23.9693],[75.727,23.9707],[75.7284,23.9749],[75.7297,23.9757],[75.735,23.9751],[75.7374,23.9767],[75.7382,23.9785],[75.7379,23.9809],[75.7401,23.9843],[75.7393,23.9902],[75.7398,23.9915],[75.7495,23.9896],[75.7515,23.9912],[75.7573,23.991],[75.764,23.9941],[75.7663,23.9986],[75.766,24.0007],[75.7661,24.0014],[75.7621,24.0046],[75.7629,24.009],[75.7652,24.0101],[75.7698,24.0078],[75.7733,24.0083],[75.7758,24.0152],[75.7799,24.0236],[75.7823,24.0324],[75.7798,24.0532],[75.7817,24.0582],[75.7911,24.0594],[75.8094,24.0637],[75.8155,24.0677],[75.8229,24.0667],[75.8317,24.068],[75.836,24.0715],[75.8336,24.0732],[75.8328,24.0776],[75.8349,24.0918],[75.8381,24.1],[75.8381,24.1074],[75.8329,24.104],[75.8144,24.0989],[75.8106,24.1094],[75.8046,24.1144],[75.7918,24.1059],[75.787,24.1144],[75.7853,24.1187],[75.7812,24.1207],[75.7809,24.1307],[75.7785,24.135],[75.7753,24.1355],[75.7673,24.1327],[75.7643,24.1371],[75.7616,24.1364],[75.7456,24.1357],[75.7528,24.1577],[75.7555,24.1604],[75.7605,24.1706],[75.7611,24.1757],[75.7659,24.1858],[75.7708,24.1894],[75.7719,24.1938],[75.7701,24.2036],[75.7758,24.2169],[75.7811,24.2204],[75.7942,24.2193],[75.7977,24.2229],[75.8018,24.2252],[75.8077,24.2257],[75.8101,24.2367],[75.813,24.238],[75.8166,24.2356],[75.819,24.2379],[75.8237,24.237],[75.8287,24.2386],[75.8293,24.2424],[75.8249,24.2433],[75.8204,24.2459],[75.8151,24.2529],[75.8149,24.2566],[75.8209,24.2642],[75.8142,24.2664],[75.8153,24.2731],[75.8138,24.2807],[75.8193,24.2867],[75.8134,24.294],[75.8154,24.2967],[75.8136,24.2994],[75.8054,24.3083],[75.7998,24.3103],[75.7924,24.3071],[75.7834,24.3046],[75.7732,24.3048],[75.7674,24.3067],[75.7586,24.3232],[75.7403,24.344],[75.7429,24.3458],[75.7442,24.349],[75.7441,24.3571],[75.7411,24.3573],[75.7407,24.3622],[75.742,24.3849],[75.741,24.3913],[75.7377,24.3904],[75.7321,24.3855],[75.7293,24.4013],[75.7307,24.4035],[75.7322,24.3996],[75.7382,24.3994],[75.7457,24.401],[75.7474,24.4031],[75.7577,24.4053],[75.7583,24.417],[75.7589,24.4236],[75.7512,24.4244],[75.7549,24.4275],[75.7707,24.4363],[75.7782,24.4442],[75.7787,24.4498],[75.7838,24.4499],[75.7861,24.4478],[75.7883,24.451],[75.7887,24.4544],[75.7867,24.4607],[75.7893,24.4678],[75.7937,24.4711],[75.7982,24.469],[75.8076,24.4687],[75.8177,24.461],[75.8191,24.4544],[75.8168,24.444],[75.8122,24.4372],[75.8151,24.4327],[75.8267,24.4267],[75.8316,24.4184],[75.8499,24.4149],[75.8639,24.4192],[75.8779,24.4262],[75.8892,24.4328],[75.9014,24.4375],[75.9061,24.442],[75.9061,24.4498],[75.9118,24.452],[75.9122,24.4595],[75.9101,24.4654],[75.9109,24.474],[75.9152,24.4814],[75.9147,24.4883],[75.9096,24.4939],[75.9083,24.5012],[75.8939,24.5054],[75.8954,24.5174],[75.8998,24.5181],[75.905,24.5179],[75.9057,24.5156],[75.9122,24.5107],[75.9249,24.5231],[75.9279,24.5292],[75.9279,24.5341],[75.9234,24.5396],[75.9267,24.5453],[75.9263,24.5504],[75.9385,24.5503],[75.942,24.5495],[75.9433,24.5478],[75.9477,24.5455],[75.9515,24.5444],[75.9533,24.5428],[75.9549,24.5437],[75.9571,24.5484],[75.9597,24.549],[75.9612,24.5519],[75.9618,24.5609],[75.9644,24.5622],[75.9665,24.5624],[75.9749,24.5613],[75.9893,24.562],[75.9938,24.5593],[76.0023,24.564],[76.0083,24.5614],[76.0137,24.5616],[76.0164,24.562],[76.0192,24.5624],[76.0209,24.5642],[76.0257,24.5612],[76.0286,24.56],[76.032,24.559],[76.0345,24.5591],[76.0364,24.5604],[76.0413,24.5686],[76.0469,24.5696],[76.0493,24.572],[76.0514,24.5761],[76.0543,24.5779],[76.0566,24.5758],[76.0624,24.5725],[76.0658,24.5709],[76.0739,24.5727],[76.0783,24.5743],[76.0817,24.5766],[76.0815,24.582],[76.0799,24.5882],[76.0746,24.5963],[76.0677,24.6136],[76.065,24.6232],[76.064,24.6323],[76.0645,24.639],[76.0666,24.6434],[76.0676,24.6491],[76.0665,24.6624],[76.0671,24.6679],[76.0707,24.6742],[76.0687,24.6755],[76.0805,24.6829],[76.0855,24.6852],[76.1035,24.696],[76.1071,24.6967],[76.1146,24.6931],[76.1523,24.6544],[76.1886,24.6239],[76.1931,24.6232],[76.1949,24.6259],[76.1946,24.6303],[76.1928,24.6335],[76.189,24.6365],[76.1854,24.642],[76.1855,24.6442],[76.1842,24.6444],[76.1826,24.6499],[76.1841,24.6563],[76.1831,24.6643],[76.2008,24.683],[76.2019,24.6878],[76.1984,24.7029],[76.1972,24.7124],[76.2004,24.7428],[76.2031,24.7505],[76.2044,24.7596],[76.2144,24.7722],[76.2193,24.7772],[76.2234,24.7851],[76.2263,24.7959],[76.2272,24.808],[76.2274,24.832],[76.2409,24.8321],[76.2476,24.8298],[76.2534,24.8304],[76.2561,24.8357],[76.2562,24.8414],[76.2579,24.8468],[76.2647,24.845],[76.2702,24.845],[76.273,24.8436],[76.2697,24.8325],[76.2702,24.8254],[76.2657,24.8159],[76.266,24.8137],[76.2747,24.8071],[76.2842,24.8079],[76.2905,24.8113],[76.293,24.8173],[76.2918,24.832],[76.2907,24.8368],[76.3039,24.837],[76.3059,24.8395],[76.3062,24.8426],[76.3111,24.8416],[76.3137,24.84],[76.321,24.8495],[76.3268,24.8503],[76.3314,24.8523],[76.3347,24.8572],[76.3351,24.8641],[76.3373,24.8671],[76.3408,24.8693],[76.3472,24.8686],[76.3524,24.8693],[76.3577,24.8721],[76.3654,24.8711]]]},"properties":{"district_name":"Jhalawar","raw_district_name":"Jhalawar","state_code":"RJ","state_name":"Rajasthan","census_code":129,"data_source":"DataMeet India Maps (Census 2011 Boundaries)"}},{"type":"Feature","geometry":{"type":"Polygon","coordinates":[[[76.0166,28.2821],[76.027,28.2767],[76.0156,28.2489],[76.0194,28.2375],[76.034,28.2316],[76.0446,28.2228],[76.0613,28.2199],[76.0605,28.2101],[76.058,28.2055],[76.052,28.2011],[76.0533,28.1986],[76.0649,28.1969],[76.0738,28.1946],[76.0775,28.1899],[76.0798,28.1748],[76.083,28.168],[76.0886,28.1637],[76.1011,28.1508],[76.1011,28.1472],[76.1,28.142],[76.0961,28.1391],[76.0913,28.1378],[76.083,28.1375],[76.0732,28.1401],[76.0718,28.1455],[76.0736,28.1513],[76.0745,28.1634],[76.0689,28.1656],[76.0359,28.1684],[76.0243,28.1567],[76.0193,28.1534],[76.0141,28.1522],[76.0078,28.1521],[76.0027,28.1463],[76.0038,28.131],[76.0023,28.1268],[75.9991,28.1239],[75.9851,28.1229],[75.9756,28.1151],[75.9655,28.1113],[75.9553,28.1054],[75.9504,28.1014],[75.944,28.0893],[75.9669,28.0798],[75.985,28.0799],[75.99,28.0759],[75.9955,28.0663],[75.9825,28.0527],[75.9853,28.0479],[75.9924,28.0464],[75.999,28.0521],[76.0055,28.0531],[76.0099,28.0564],[76.0204,28.072],[76.0228,28.0767],[76.0236,28.0845],[76.0392,28.0795],[76.0422,28.0756],[76.0436,28.0696],[76.0411,28.0643],[76.0302,28.0579],[76.0246,28.0517],[76.0133,28.0502],[76.0179,28.0456],[76.0188,28.0427],[76.018,28.0323],[75.9989,28.0356],[75.9884,28.0344],[75.9822,28.0326],[75.9778,28.0266],[75.9787,28.0194],[75.9805,28.0138],[75.987,28.0111],[75.9937,28.0104],[75.9984,28.0058],[75.9969,28],[75.9877,27.9971],[75.9801,27.997],[75.9747,27.9979],[75.9723,27.9983],[75.9683,27.9978],[75.9642,27.9967],[75.9631,27.9899],[75.9632,27.9843],[75.9734,27.9822],[75.9809,27.9796],[75.9899,27.9826],[75.9947,27.9803],[75.9942,27.9768],[75.9896,27.974],[75.9816,27.9656],[75.9761,27.958],[75.9809,27.9537],[75.9708,27.9326],[75.9616,27.9351],[75.9523,27.9358],[75.9494,27.942],[75.9462,27.9468],[75.9362,27.9375],[75.9312,27.9288],[75.921,27.923],[75.9148,27.9184],[75.908,27.9152],[75.9057,27.9099],[75.8976,27.9149],[75.8653,27.8888],[75.8475,27.8781],[75.8279,27.8694],[75.8179,27.8615],[75.8048,27.8581],[75.795,27.8468],[75.7699,27.8334],[75.7546,27.8134],[75.7405,27.8007],[75.7299,27.7826],[75.7254,27.7725],[75.7116,27.756],[75.7119,27.7516],[75.7176,27.748],[75.7192,27.7447],[75.7154,27.7399],[75.7127,27.7346],[75.7114,27.727],[75.7069,27.7215],[75.7071,27.7152],[75.7009,27.7135],[75.6965,27.7075],[75.6952,27.6999],[75.6958,27.6912],[75.6941,27.6832],[75.689,27.6735],[75.6772,27.6733],[75.6696,27.6742],[75.6679,27.6761],[75.6664,27.6778],[75.6613,27.6864],[75.6583,27.6953],[75.6622,27.7028],[75.6652,27.7132],[75.649,27.7173],[75.6372,27.7162],[75.6198,27.7028],[75.6097,27.7049],[75.6001,27.7084],[75.5899,27.7087],[75.5904,27.7049],[75.5892,27.7001],[75.5768,27.7051],[75.5685,27.6983],[75.5636,27.7028],[75.5567,27.7072],[75.5485,27.7052],[75.5365,27.7091],[75.5345,27.703],[75.529,27.7023],[75.5244,27.6979],[75.5221,27.6936],[75.5152,27.6922],[75.5095,27.6924],[75.4987,27.6868],[75.4823,27.6842],[75.4755,27.6913],[75.4707,27.6837],[75.4669,27.6718],[75.4617,27.6629],[75.4523,27.6542],[75.4411,27.6554],[75.4342,27.6438],[75.418,27.644],[75.4088,27.649],[75.4078,27.6563],[75.3937,27.658],[75.3877,27.6484],[75.3776,27.6431],[75.3769,27.6513],[75.3766,27.661],[75.3757,27.6753],[75.3784,27.6778],[75.3802,27.681],[75.3744,27.6822],[75.3722,27.6858],[75.3675,27.6914],[75.3597,27.6928],[75.3499,27.7002],[75.3279,27.6954],[75.3254,27.7037],[75.3226,27.707],[75.3073,27.7098],[75.2893,27.716],[75.2786,27.7404],[75.2645,27.7641],[75.2799,27.7667],[75.2898,27.7703],[75.2915,27.775],[75.2923,27.7968],[75.2899,27.8019],[75.2904,27.8123],[75.2875,27.8161],[75.2753,27.8187],[75.2629,27.8182],[75.2507,27.8145],[75.2419,27.8104],[75.2407,27.824],[75.2413,27.8287],[75.2435,27.8325],[75.2441,27.8425],[75.2378,27.8561],[75.2301,27.8777],[75.2199,27.8793],[75.212,27.881],[75.2046,27.889],[75.2087,27.8922],[75.2055,27.8999],[75.2026,27.9099],[75.1953,27.9105],[75.1953,27.9196],[75.1967,27.9362],[75.1957,27.9568],[75.1983,27.9588],[75.1973,27.9637],[75.1816,27.9572],[75.1751,27.9576],[75.1645,27.971],[75.1586,27.9862],[75.1626,27.9899],[75.1611,27.9994],[75.1569,28.0078],[75.1485,28.0257],[75.1363,28.0237],[75.1299,28.0252],[75.126,28.0344],[75.1214,28.0388],[75.1186,28.0458],[75.1111,28.0497],[75.1027,28.0643],[75.1022,28.07],[75.1039,28.0754],[75.1074,28.0802],[75.1112,28.0839],[75.1177,28.0858],[75.1174,28.0921],[75.1127,28.112],[75.1287,28.12],[75.1303,28.1227],[75.1307,28.1271],[75.1304,28.1311],[75.1287,28.1348],[75.1239,28.1365],[75.1207,28.1401],[75.1141,28.1438],[75.1112,28.1461],[75.1109,28.1487],[75.1039,28.1505],[75.1019,28.1528],[75.0983,28.1544],[75.0946,28.1548],[75.0896,28.1594],[75.0728,28.1583],[75.0621,28.1592],[75.0555,28.1561],[75.0551,28.1624],[75.0561,28.167],[75.0631,28.1724],[75.0802,28.1806],[75.0857,28.1866],[75.0811,28.1905],[75.0744,28.1921],[75.0646,28.1925],[75.0433,28.1912],[75.0395,28.1923],[75.0381,28.1943],[75.0316,28.1956],[75.0296,28.1982],[75.0275,28.2009],[75.0278,28.2056],[75.0314,28.2087],[75.0307,28.2128],[75.039,28.2167],[75.0421,28.2216],[75.046,28.223],[75.0494,28.226],[75.0478,28.2306],[75.0481,28.234],[75.0444,28.2398],[75.0453,28.2446],[75.0498,28.2489],[75.0502,28.2531],[75.0635,28.2578],[75.0724,28.2623],[75.0777,28.2642],[75.084,28.2623],[75.0907,28.2643],[75.101,28.266],[75.1049,28.2683],[75.109,28.2724],[75.1248,28.2848],[75.1326,28.2872],[75.1416,28.2886],[75.1489,28.2916],[75.1486,28.2967],[75.1461,28.304],[75.1493,28.3071],[75.157,28.3121],[75.1532,28.3238],[75.1519,28.3303],[75.1536,28.3322],[75.1595,28.3358],[75.1646,28.338],[75.1648,28.3447],[75.1634,28.3486],[75.1582,28.3566],[75.1519,28.3708],[75.1504,28.3764],[75.1516,28.3794],[75.1453,28.3839],[75.1386,28.3873],[75.1296,28.3941],[75.1297,28.3977],[75.1315,28.4016],[75.1364,28.4046],[75.1442,28.407],[75.1523,28.4078],[75.1584,28.4076],[75.1609,28.406],[75.1639,28.397],[75.1672,28.3791],[75.1691,28.3789],[75.1795,28.384],[75.1842,28.3842],[75.1925,28.3804],[75.2003,28.3842],[75.2185,28.3904],[75.2261,28.3951],[75.2299,28.3995],[75.2238,28.4042],[75.2213,28.4076],[75.2199,28.4154],[75.2201,28.4204],[75.2238,28.4283],[75.2312,28.4322],[75.2354,28.4355],[75.2356,28.4469],[75.2347,28.4554],[75.2415,28.4555],[75.2495,28.4591],[75.2539,28.4597],[75.2606,28.4529],[75.2651,28.4504],[75.2695,28.4493],[75.2795,28.4496],[75.2923,28.4256],[75.2986,28.4268],[75.302,28.4256],[75.3039,28.4235],[75.3034,28.4196],[75.3158,28.4104],[75.3176,28.4054],[75.3223,28.4026],[75.326,28.3972],[75.3304,28.3957],[75.3313,28.3914],[75.3313,28.3771],[75.3351,28.3669],[75.3367,28.3657],[75.3416,28.3654],[75.3468,28.3621],[75.3531,28.3553],[75.3553,28.3542],[75.3582,28.3542],[75.3597,28.3513],[75.3636,28.3493],[75.3653,28.3472],[75.3694,28.3466],[75.3728,28.3453],[75.3743,28.3435],[75.3831,28.3379],[75.3885,28.3381],[75.4069,28.3369],[75.4143,28.3393],[75.4195,28.3415],[75.4185,28.3608],[75.438,28.3644],[75.4483,28.3632],[75.454,28.3456],[75.457,28.3418],[75.462,28.3381],[75.4782,28.341],[75.4865,28.3409],[75.4941,28.34],[75.4985,28.3377],[75.5018,28.3369],[75.5087,28.34],[75.5107,28.344],[75.5153,28.3603],[75.5158,28.365],[75.5188,28.3696],[75.5244,28.3717],[75.5308,28.373],[75.5319,28.3783],[75.5356,28.3806],[75.5428,28.3814],[75.5448,28.3795],[75.5453,28.3754],[75.5602,28.3784],[75.5645,28.3776],[75.5718,28.3778],[75.57,28.3984],[75.5717,28.4071],[75.5737,28.4082],[75.5886,28.4079],[75.5971,28.4071],[75.6018,28.405],[75.6153,28.4062],[75.6137,28.4127],[75.61,28.4195],[75.6058,28.4245],[75.5974,28.4291],[75.5951,28.4326],[75.5924,28.4342],[75.5908,28.4396],[75.5906,28.4441],[75.595,28.4457],[75.6009,28.4451],[75.6048,28.446],[75.6036,28.4508],[75.6059,28.4563],[75.6132,28.4826],[75.6132,28.498],[75.614,28.5022],[75.616,28.5055],[75.6392,28.5096],[75.6416,28.5062],[75.6492,28.5059],[75.6539,28.5069],[75.6646,28.5076],[75.6682,28.5088],[75.6712,28.5128],[75.6723,28.5172],[75.6794,28.5132],[75.6984,28.4954],[75.709,28.4916],[75.7323,28.4875],[75.7449,28.4834],[75.7433,28.4688],[75.7555,28.4655],[75.7866,28.4537],[75.7935,28.4468],[75.7934,28.4353],[75.7851,28.4266],[75.7737,28.4169],[75.7786,28.4037],[75.7908,28.4033],[75.7958,28.4005],[75.8023,28.4059],[75.8109,28.4103],[75.825,28.4075],[75.8264,28.4019],[75.8365,28.4051],[75.8434,28.3937],[75.8495,28.3933],[75.8805,28.3868],[75.8915,28.3826],[75.8919,28.3879],[75.8975,28.3896],[75.8976,28.3896],[75.9051,28.386],[75.9052,28.3859],[75.9055,28.376],[75.9056,28.3759],[75.913,28.372],[75.9306,28.3648],[75.9307,28.3648],[75.9333,28.3606],[75.9366,28.3521],[75.9367,28.3519],[75.9367,28.3519],[75.9366,28.3504],[75.9357,28.341],[75.9462,28.3385],[75.9646,28.3342],[75.9649,28.3314],[75.9629,28.3306],[75.9597,28.3293],[75.9628,28.3245],[75.963,28.3152],[75.963,28.3144],[75.963,28.3144],[75.9697,28.3172],[75.9759,28.3199],[75.9763,28.3195],[75.983,28.3116],[75.9876,28.3021],[75.9947,28.2918],[75.9948,28.2917],[75.9949,28.2917],[75.9967,28.2914],[75.9995,28.2909],[76.0067,28.2872],[76.0166,28.2821]]]},"properties":{"district_name":"Jhunjhunun","raw_district_name":"Jhunjhunun","state_code":"RJ","state_name":"Rajasthan","census_code":103,"data_source":"DataMeet India Maps (Census 2011 Boundaries)"}},{"type":"Feature","geometry":{"type":"Polygon","coordinates":[[[72.2841,27.5487],[72.2961,27.5429],[72.2921,27.5264],[72.2874,27.5245],[72.2893,27.5223],[72.2841,27.5152],[72.2796,27.5127],[72.2518,27.5073],[72.2495,27.4973],[72.2499,27.491],[72.2538,27.4869],[72.2489,27.477],[72.2486,27.4681],[72.2552,27.461],[72.2609,27.4577],[72.2663,27.4574],[72.2785,27.4656],[72.2875,27.4751],[72.2935,27.4832],[72.2958,27.489],[72.299,27.4913],[72.3008,27.4978],[72.3219,27.5096],[72.3268,27.5137],[72.331,27.5126],[72.3369,27.5099],[72.3435,27.5048],[72.3539,27.4932],[72.3589,27.4888],[72.3611,27.4899],[72.3678,27.5277],[72.3768,27.5329],[72.3839,27.5429],[72.4002,27.5494],[72.4044,27.5482],[72.4075,27.5429],[72.4207,27.5543],[72.4375,27.5616],[72.4419,27.569],[72.4494,27.5858],[72.4554,27.5872],[72.4631,27.5868],[72.4686,27.5906],[72.4769,27.5854],[72.4832,27.5868],[72.4981,27.5857],[72.4999,27.5875],[72.5016,27.5836],[72.5096,27.5885],[72.5142,27.5898],[72.5414,27.61],[72.5503,27.6146],[72.5602,27.6185],[72.5696,27.6064],[72.5735,27.6056],[72.5903,27.6091],[72.5938,27.6023],[72.5965,27.6009],[72.6039,27.6066],[72.6193,27.5902],[72.616,27.5835],[72.6243,27.5711],[72.6437,27.5602],[72.6485,27.5508],[72.6555,27.5416],[72.6606,27.5323],[72.6713,27.5426],[72.6735,27.5526],[72.6759,27.575],[72.696,27.6044],[72.7079,27.5936],[72.7134,27.5847],[72.7176,27.5882],[72.7222,27.5759],[72.7278,27.5645],[72.728,27.5536],[72.7662,27.5229],[72.774,27.5331],[72.7784,27.5355],[72.7794,27.5449],[72.778,27.5528],[72.7737,27.5573],[72.7737,27.5632],[72.7883,27.5686],[72.7892,27.5661],[72.8131,27.5723],[72.8308,27.5794],[72.83,27.5827],[72.8341,27.5835],[72.8355,27.5797],[72.8453,27.5703],[72.8503,27.5551],[72.8476,27.5337],[72.8377,27.5213],[72.8323,27.52],[72.8255,27.5215],[72.8196,27.5163],[72.8264,27.5097],[72.8254,27.4992],[72.8257,27.4919],[72.8222,27.4878],[72.8247,27.4776],[72.8287,27.472],[72.8308,27.4661],[72.8651,27.4771],[72.8826,27.4769],[72.8818,27.4695],[72.8739,27.4638],[72.8641,27.4496],[72.8582,27.4449],[72.8598,27.4432],[72.8676,27.4454],[72.8678,27.4424],[72.8763,27.4441],[72.8835,27.4474],[72.8894,27.4485],[72.8949,27.4507],[72.8959,27.4398],[72.8957,27.4266],[72.8969,27.4216],[72.9021,27.4152],[72.9224,27.4335],[72.9396,27.4476],[72.9459,27.4419],[72.9481,27.4328],[72.9498,27.4149],[72.9473,27.4084],[72.9484,27.4044],[72.9597,27.4022],[72.9628,27.397],[72.9706,27.394],[72.9708,27.3902],[72.9717,27.3881],[72.9795,27.3902],[72.982,27.3877],[72.9836,27.3844],[72.9876,27.3838],[72.9962,27.3902],[73.0067,27.3968],[73.0127,27.4006],[73.0425,27.4104],[73.06,27.4093],[73.0726,27.4087],[73.0821,27.4071],[73.0954,27.407],[73.1008,27.4095],[73.1112,27.4079],[73.1159,27.4093],[73.1206,27.4081],[73.1328,27.4016],[73.1383,27.3939],[73.1406,27.3923],[73.1435,27.3916],[73.1453,27.3901],[73.1451,27.3787],[73.143,27.3757],[73.1427,27.374],[73.1471,27.3694],[73.1463,27.3624],[73.1501,27.3611],[73.1479,27.3555],[73.1465,27.3541],[73.1498,27.351],[73.1475,27.3486],[73.1485,27.3403],[73.1517,27.3207],[73.1631,27.2948],[73.1607,27.2811],[73.1589,27.2752],[73.1587,27.2712],[73.1599,27.2698],[73.1559,27.2665],[73.1559,27.2618],[73.1526,27.2584],[73.1538,27.2518],[73.132,27.2352],[73.1445,27.2233],[73.1469,27.2203],[73.1482,27.215],[73.1513,27.2118],[73.1529,27.2018],[73.1563,27.199],[73.1584,27.1916],[73.1581,27.1881],[73.1599,27.1844],[73.1635,27.1667],[73.1658,27.1614],[73.1648,27.1567],[73.167,27.1445],[73.1646,27.1362],[73.156,27.1251],[73.1529,27.1229],[73.152,27.1208],[73.1567,27.1105],[73.1632,27.1079],[73.1664,27.1052],[73.1765,27.0929],[73.1787,27.0877],[73.1801,27.0802],[73.1871,27.0661],[73.1854,27.0641],[73.1919,27.0564],[73.1863,27.0501],[73.1717,27.0381],[73.1578,27.0249],[73.1571,27.0228],[73.1577,27.0175],[73.1571,27.0152],[73.1549,27.0124],[73.1548,27.0092],[73.1568,27.0025],[73.1558,26.9972],[73.1526,26.9924],[73.1418,26.9864],[73.1282,26.9804],[73.1147,26.9657],[73.114,26.9536],[73.1167,26.9469],[73.1181,26.9421],[73.1228,26.944],[73.1362,26.9375],[73.1521,26.9305],[73.1553,26.9289],[73.1551,26.9266],[73.1576,26.9259],[73.1616,26.9264],[73.1669,26.9284],[73.1688,26.9317],[73.1719,26.9332],[73.1743,26.9319],[73.1773,26.9294],[73.1785,26.9269],[73.1785,26.9234],[73.1793,26.9196],[73.1794,26.9177],[73.18,26.9147],[73.1806,26.9053],[73.183,26.9016],[73.1848,26.897],[73.1875,26.8889],[73.1895,26.8845],[73.191,26.882],[73.1993,26.8817],[73.2032,26.8822],[73.2069,26.8808],[73.21,26.8792],[73.2087,26.8766],[73.2076,26.8742],[73.2106,26.8701],[73.2131,26.8685],[73.2204,26.8686],[73.2297,26.866],[73.2371,26.8679],[73.2382,26.8676],[73.2426,26.8634],[73.2506,26.8632],[73.2578,26.8646],[73.2616,26.8642],[73.2671,26.8625],[73.2748,26.8623],[73.2854,26.864],[73.2896,26.8677],[73.2908,26.8711],[73.2926,26.8737],[73.2998,26.8738],[73.3001,26.8704],[73.3013,26.8688],[73.3072,26.8661],[73.3097,26.8649],[73.3115,26.8636],[73.3184,26.8627],[73.3229,26.86],[73.3254,26.8581],[73.3271,26.8566],[73.3324,26.856],[73.3408,26.8572],[73.3437,26.8609],[73.3501,26.8667],[73.3517,26.8682],[73.3555,26.8696],[73.3631,26.8692],[73.371,26.8698],[73.3727,26.87],[73.3756,26.8678],[73.3798,26.8663],[73.3864,26.8689],[73.3919,26.8747],[73.3953,26.8768],[73.3993,26.8795],[73.4021,26.8832],[73.4117,26.8841],[73.4168,26.8851],[73.4236,26.8859],[73.4263,26.8872],[73.4324,26.8864],[73.4369,26.8867],[73.4381,26.8863],[73.4414,26.8817],[73.4435,26.8781],[73.4451,26.8751],[73.4514,26.8761],[73.4528,26.8769],[73.454,26.8772],[73.455,26.8784],[73.4581,26.8729],[73.4636,26.8754],[73.4679,26.8784],[73.4705,26.88],[73.4712,26.8777],[73.4765,26.8813],[73.4861,26.8855],[73.4917,26.8869],[73.4985,26.8869],[73.5032,26.8851],[73.5045,26.8844],[73.5057,26.8833],[73.5089,26.8826],[73.5123,26.8808],[73.5209,26.8707],[73.5269,26.8633],[73.5303,26.8585],[73.5341,26.8587],[73.5385,26.8592],[73.5444,26.86],[73.5567,26.8606],[73.562,26.8618],[73.572,26.8622],[73.5754,26.8646],[73.5777,26.8628],[73.5805,26.8604],[73.5876,26.8633],[73.5898,26.8613],[73.5923,26.8579],[73.5936,26.8556],[73.5965,26.8532],[73.5996,26.8506],[73.6061,26.8437],[73.6087,26.844],[73.6123,26.8405],[73.6187,26.8433],[73.6215,26.8453],[73.6265,26.8442],[73.631,26.8393],[73.6309,26.8357],[73.6325,26.8241],[73.6322,26.8195],[73.6329,26.8144],[73.6322,26.8085],[73.6322,26.8068],[73.6431,26.8058],[73.655,26.8078],[73.657,26.8049],[73.6586,26.8009],[73.6606,26.7964],[73.6604,26.7923],[73.6624,26.7835],[73.6624,26.7796],[73.6669,26.7742],[73.6703,26.7641],[73.6736,26.7612],[73.6754,26.7572],[73.6773,26.7558],[73.6718,26.7517],[73.6689,26.7461],[73.6678,26.7444],[73.6595,26.7293],[73.6577,26.7259],[73.656,26.7209],[73.6524,26.7177],[73.6498,26.71],[73.6508,26.7006],[73.6594,26.6879],[73.6726,26.6782],[73.6688,26.667],[73.6605,26.6605],[73.6586,26.6561],[73.6595,26.648],[73.677,26.6463],[73.6786,26.6453],[73.6818,26.6378],[73.6805,26.6341],[73.6852,26.6323],[73.6926,26.6227],[73.6846,26.6183],[73.6918,26.6153],[73.6928,26.6085],[73.6968,26.6073],[73.7,26.6042],[73.7013,26.6026],[73.6976,26.599],[73.6982,26.5968],[73.6941,26.5886],[73.7004,26.5816],[73.701,26.5774],[73.703,26.576],[73.7208,26.552],[73.7214,26.5498],[73.7217,26.5487],[73.7214,26.539],[73.7283,26.5381],[73.7354,26.5388],[73.7495,26.5401],[73.7551,26.5407],[73.7586,26.5399],[73.7604,26.5352],[73.7664,26.5364],[73.7703,26.538],[73.7723,26.534],[73.7703,26.5319],[73.7688,26.5299],[73.7761,26.5249],[73.7795,26.5222],[73.7821,26.5171],[73.7915,26.5081],[73.7939,26.5044],[73.8069,26.5038],[73.8152,26.5004],[73.8173,26.4942],[73.8232,26.4889],[73.8275,26.4868],[73.8289,26.4865],[73.832,26.4827],[73.8371,26.4804],[73.8368,26.477],[73.8405,26.4722],[73.8465,26.4713],[73.8507,26.472],[73.8499,26.4674],[73.8542,26.4673],[73.8566,26.4672],[73.8571,26.4654],[73.8578,26.4608],[73.8571,26.457],[73.8587,26.4509],[73.8595,26.4456],[73.8612,26.4422],[73.8637,26.439],[73.8667,26.4363],[73.8711,26.4324],[73.8731,26.4305],[73.8694,26.4224],[73.8663,26.4198],[73.8654,26.4171],[73.8631,26.4151],[73.8591,26.4129],[73.8554,26.412],[73.8519,26.4107],[73.849,26.4093],[73.846,26.4073],[73.8455,26.4042],[73.8454,26.3991],[73.8439,26.3946],[73.8429,26.3884],[73.8423,26.3845],[73.8449,26.3826],[73.8487,26.3822],[73.8518,26.3817],[73.8548,26.3805],[73.8554,26.3794],[73.8532,26.3767],[73.8518,26.376],[73.8447,26.3738],[73.8359,26.372],[73.828,26.3689],[73.8215,26.3636],[73.8172,26.3576],[73.8141,26.3495],[73.8131,26.3431],[73.8128,26.3388],[73.8133,26.3344],[73.8127,26.3289],[73.8119,26.3242],[73.8128,26.3208],[73.8123,26.3168],[73.8112,26.3155],[73.8099,26.315],[73.8068,26.3154],[73.804,26.3172],[73.8013,26.3188],[73.7978,26.3203],[73.7948,26.3213],[73.7908,26.3193],[73.7918,26.3169],[73.7945,26.3147],[73.7982,26.3131],[73.8019,26.3116],[73.805,26.3108],[73.8062,26.3089],[73.8048,26.3065],[73.8039,26.3055],[73.8063,26.299],[73.8108,26.2982],[73.8132,26.2947],[73.8134,26.2914],[73.8136,26.287],[73.8117,26.2826],[73.8093,26.2746],[73.8098,26.2689],[73.8073,26.2638],[73.7995,26.2577],[73.795,26.2527],[73.7918,26.247],[73.791,26.2406],[73.7901,26.2361],[73.7918,26.2322],[73.7943,26.2277],[73.7974,26.2223],[73.8016,26.2156],[73.8034,26.2119],[73.8046,26.2068],[73.8031,26.2037],[73.8002,26.2006],[73.7977,26.1944],[73.7961,26.1881],[73.7942,26.1802],[73.7918,26.1737],[73.7902,26.1701],[73.7879,26.1673],[73.786,26.1636],[73.7857,26.1575],[73.7878,26.1523],[73.7938,26.1484],[73.7964,26.1455],[73.8025,26.1383],[73.8065,26.1324],[73.8103,26.1265],[73.8129,26.1182],[73.8132,26.1124],[73.8076,26.1031],[73.8058,26.0998],[73.8036,26.0973],[73.8017,26.0971],[73.8001,26.0976],[73.7981,26.0981],[73.795,26.0988],[73.7924,26.0987],[73.7809,26.0984],[73.7722,26.0977],[73.7651,26.0978],[73.7643,26.0958],[73.764,26.093],[73.7594,26.0927],[73.7552,26.0938],[73.7546,26.0953],[73.7542,26.1001],[73.7516,26.1022],[73.7495,26.1028],[73.7475,26.1078],[73.7466,26.1116],[73.7411,26.1135],[73.7341,26.1133],[73.7239,26.1086],[73.7193,26.1028],[73.7141,26.0954],[73.7095,26.0871],[73.7061,26.0812],[73.7024,26.0765],[73.6989,26.0688],[73.6957,26.0636],[73.6905,26.062],[73.6859,26.0624],[73.6808,26.065],[73.6751,26.0679],[73.6646,26.0705],[73.6591,26.073],[73.656,26.0765],[73.6551,26.0783],[73.6533,26.0782],[73.6501,26.0781],[73.6497,26.0836],[73.6502,26.0869],[73.6492,26.0922],[73.6502,26.0964],[73.6512,26.1002],[73.6507,26.1064],[73.653,26.1159],[73.6531,26.1262],[73.6482,26.1315],[73.6421,26.136],[73.6336,26.1411],[73.6287,26.147],[73.6253,26.1449],[73.6191,26.1402],[73.6139,26.1358],[73.6103,26.1332],[73.6057,26.1297],[73.6042,26.1292],[73.5985,26.13],[73.5971,26.1287],[73.5869,26.1258],[73.5845,26.1276],[73.5787,26.1315],[73.5752,26.1318],[73.5774,26.1232],[73.5795,26.1199],[73.5767,26.1156],[73.5723,26.1132],[73.5614,26.1085],[73.5579,26.1098],[73.5551,26.1112],[73.5471,26.1089],[73.5382,26.107],[73.5353,26.105],[73.5261,26.1054],[73.5226,26.1029],[73.5238,26.099],[73.5263,26.0946],[73.5293,26.0849],[73.5316,26.0771],[73.5312,26.0734],[73.5298,26.0678],[73.5294,26.0636],[73.5253,26.0646],[73.5187,26.0673],[73.513,26.0686],[73.5105,26.0694],[73.508,26.0746],[73.5055,26.0792],[73.5018,26.083],[73.4999,26.0874],[73.4918,26.0827],[73.4872,26.0831],[73.4842,26.0833],[73.4772,26.0851],[73.4703,26.0855],[73.4664,26.0853],[73.4635,26.0894],[73.4595,26.0966],[73.4556,26.1047],[73.4485,26.1119],[73.4398,26.1218],[73.4365,26.1279],[73.4306,26.1298],[73.4251,26.1297],[73.4187,26.1283],[73.4136,26.1253],[73.4094,26.1258],[73.4064,26.1299],[73.4062,26.1389],[73.4055,26.1477],[73.4035,26.1549],[73.4031,26.1622],[73.3978,26.1627],[73.3938,26.163],[73.3928,26.1613],[73.3895,26.1573],[73.3871,26.1549],[73.3815,26.1555],[73.3768,26.1563],[73.3748,26.1518],[73.3731,26.1472],[73.3731,26.142],[73.3718,26.1349],[73.3683,26.1349],[73.3654,26.1355],[73.3559,26.1292],[73.3512,26.1257],[73.3437,26.1189],[73.3409,26.1172],[73.3417,26.1099],[73.3453,26.0993],[73.3494,26.0918],[73.3517,26.0857],[73.3554,26.0828],[73.3604,26.0832],[73.3633,26.0806],[73.3617,26.0771],[73.3589,26.0752],[73.3588,26.0711],[73.3595,26.0664],[73.3601,26.0627],[73.3577,26.0611],[73.3532,26.0612],[73.3502,26.0636],[73.3451,26.0615],[73.3419,26.0589],[73.3388,26.0579],[73.3328,26.0569],[73.3298,26.0548],[73.3288,26.0512],[73.3277,26.0466],[73.3274,26.0424],[73.3236,26.0404],[73.3186,26.0391],[73.3163,26.0341],[73.3188,26.0282],[73.32,26.0226],[73.3211,26.0195],[73.3224,26.0179],[73.3234,26.0162],[73.3247,26.0148],[73.3213,26.0051],[73.3199,26.0075],[73.3196,26.0095],[73.3183,26.0113],[73.3171,26.0126],[73.3166,26.0129],[73.315,26.0134],[73.3102,26.0146],[73.3072,26.0182],[73.3076,26.0218],[73.3075,26.0259],[73.3056,26.0277],[73.2984,26.0321],[73.2945,26.0346],[73.2896,26.0361],[73.284,26.0383],[73.2788,26.0412],[73.2751,26.0432],[73.272,26.0474],[73.2734,26.0493],[73.2746,26.052],[73.2697,26.0562],[73.2618,26.0574],[73.2601,26.0562],[73.2564,26.0537],[73.2547,26.0557],[73.2524,26.0595],[73.2504,26.0646],[73.2531,26.066],[73.2559,26.0669],[73.2587,26.0679],[73.2598,26.069],[73.259,26.0702],[73.2565,26.0713],[73.2504,26.0746],[73.2467,26.0784],[73.2446,26.0821],[73.2411,26.0849],[73.2366,26.0836],[73.233,26.0824],[73.2324,26.0799],[73.2314,26.078],[73.2288,26.076],[73.2258,26.0739],[73.2234,26.0748],[73.2188,26.0774],[73.2131,26.0764],[73.2074,26.0767],[73.2033,26.0787],[73.2008,26.0813],[73.1967,26.0853],[73.1926,26.0858],[73.193,26.0804],[73.1945,26.0757],[73.1924,26.0683],[73.1876,26.0635],[73.1867,26.0616],[73.1824,26.0572],[73.1785,26.0549],[73.1779,26.0543],[73.18,26.0507],[73.182,26.0456],[73.1841,26.0396],[73.1857,26.0358],[73.1866,26.033],[73.1828,26.033],[73.1773,26.0333],[73.1676,26.0331],[73.1652,26.0333],[73.1593,26.0351],[73.1554,26.0368],[73.1475,26.042],[73.139,26.0444],[73.1316,26.0431],[73.1266,26.0389],[73.1181,26.0309],[73.1069,26.0269],[73.0996,26.0251],[73.0911,26.0213],[73.0786,26.0177],[73.0695,26.0171],[73.0641,26.0141],[73.0588,26.0122],[73.0533,26.0139],[73.0496,26.0136],[73.0499,26.0104],[73.0509,26.0063],[73.052,26.0044],[73.0534,26.0002],[73.054,25.9777],[73.05,25.9677],[73.0318,25.9518],[73.0251,25.9538],[73.0179,25.9529],[73.0003,25.9532],[72.9966,25.9462],[72.9924,25.9411],[72.9745,25.9351],[72.9737,25.9267],[72.9718,25.9201],[72.9616,25.9054],[72.9581,25.9017],[72.9334,25.9024],[72.9202,25.8955],[72.9121,25.8934],[72.8851,25.893],[72.8685,25.8901],[72.8659,25.8919],[72.8662,25.8999],[72.8552,25.8985],[72.8529,25.8911],[72.842,25.8907],[72.84,25.8709],[72.8343,25.863],[72.8339,25.8625],[72.8297,25.8607],[72.8208,25.86],[72.816,25.8554],[72.8061,25.8529],[72.7769,25.8817],[72.7706,25.8831],[72.7512,25.8817],[72.7533,25.8921],[72.7469,25.8979],[72.7391,25.9034],[72.7356,25.9089],[72.732,25.912],[72.7315,25.9126],[72.7247,25.9212],[72.7192,25.9192],[72.7007,25.9337],[72.6916,25.9297],[72.6892,25.934],[72.6895,25.9389],[72.6875,25.9423],[72.6799,25.9401],[72.6594,25.9549],[72.6439,25.955],[72.6265,25.9574],[72.6317,25.9642],[72.6256,25.9693],[72.6187,25.978],[72.6202,25.983],[72.6193,25.9893],[72.6101,26.0008],[72.6177,26.0066],[72.626,26.0074],[72.6357,26.0117],[72.645,26.013],[72.6497,26.0184],[72.6737,26.0252],[72.6845,26.0295],[72.694,26.0365],[72.6934,26.0397],[72.6854,26.05],[72.6845,26.0555],[72.6881,26.0639],[72.6864,26.0686],[72.6827,26.0689],[72.6787,26.0718],[72.685,26.0899],[72.6942,26.1059],[72.694,26.1099],[72.6971,26.1152],[72.6981,26.1214],[72.697,26.1271],[72.6895,26.1321],[72.6874,26.1457],[72.6846,26.1505],[72.6822,26.1643],[72.6813,26.1734],[72.6882,26.1862],[72.6844,26.1924],[72.6772,26.1983],[72.6598,26.2077],[72.6516,26.2176],[72.6398,26.2298],[72.6336,26.2282],[72.6125,26.2595],[72.5961,26.2799],[72.5901,26.2748],[72.5734,26.2669],[72.56,26.2668],[72.5519,26.2644],[72.5457,26.2721],[72.5402,26.2708],[72.5358,26.2731],[72.5318,26.2739],[72.5294,26.2807],[72.5247,26.2881],[72.5074,26.2786],[72.5031,26.2843],[72.5021,26.2899],[72.4994,26.2891],[72.4948,26.2898],[72.492,26.2946],[72.4916,26.2993],[72.484,26.2986],[72.4669,26.301],[72.4376,26.291],[72.427,26.2864],[72.4201,26.2788],[72.4253,26.2629],[72.4094,26.239],[72.3743,26.2254],[72.3404,26.2444],[72.3229,26.2282],[72.3084,26.2167],[72.29,26.2145],[72.2799,26.2115],[72.2685,26.1978],[72.255,26.2104],[72.2328,26.222],[72.2172,26.2315],[72.2121,26.2383],[72.2082,26.2467],[72.2012,26.2566],[72.1919,26.2639],[72.1595,26.281],[72.1653,26.2868],[72.1635,26.2928],[72.1578,26.3004],[72.1531,26.3082],[72.1449,26.3143],[72.1364,26.3159],[72.1365,26.319],[72.1408,26.3263],[72.1328,26.323],[72.1214,26.3154],[72.1187,26.3182],[72.114,26.3213],[72.1052,26.3152],[72.0976,26.319],[72.0917,26.3259],[72.0851,26.3363],[72.0727,26.3494],[72.0754,26.3543],[72.0752,26.362],[72.0729,26.3778],[72.0732,26.4008],[72.0756,26.4098],[72.0785,26.4167],[72.082,26.443],[72.0784,26.4512],[72.0585,26.4691],[72.0559,26.4765],[72.0271,26.4987],[72.0412,26.5163],[72.0389,26.5208],[72.0454,26.5261],[72.0641,26.5513],[72.0734,26.5568],[72.0763,26.5664],[72.0985,26.6004],[72.086,26.6234],[72.0617,26.6382],[72.0662,26.6461],[72.0493,26.6679],[72.0397,26.6753],[72.0424,26.6876],[72.0457,26.6873],[72.0557,26.7006],[72.0551,26.706],[72.0688,26.7187],[72.077,26.7129],[72.0774,26.7171],[72.0891,26.7193],[72.0832,26.7247],[72.0872,26.7302],[72.0622,26.7601],[72.0591,26.7688],[72.0608,26.7862],[72.0454,26.7891],[72.0542,26.8031],[72.0611,26.8035],[72.0831,26.8078],[72.084,26.8088],[72.0888,26.8137],[72.0992,26.8301],[72.0889,26.8441],[72.0876,26.8492],[72.1019,26.8617],[72.1025,26.8668],[72.1005,26.8716],[72.0993,26.8804],[72.1036,26.8869],[72.0754,26.9134],[72.0649,26.9194],[72.0591,26.9246],[72.0399,26.9358],[72.0499,26.9687],[72.0428,26.9974],[72.0441,27.0001],[72.0421,27.0112],[72.0442,27.0209],[72.0523,27.0264],[72.0519,27.0286],[72.0482,27.0313],[72.056,27.0357],[72.0658,27.0349],[72.0721,27.0365],[72.0776,27.0403],[72.0803,27.044],[72.0779,27.0455],[72.0595,27.0501],[72.0648,27.0576],[72.0626,27.0576],[72.0609,27.0585],[72.0661,27.061],[72.0788,27.0769],[72.0836,27.0951],[72.0874,27.1048],[72.0768,27.1166],[72.0715,27.1174],[72,27.1297],[71.9846,27.1361],[71.9747,27.1387],[71.9677,27.1395],[71.9642,27.1426],[71.9571,27.1547],[71.9588,27.1619],[71.9595,27.1722],[71.9554,27.1824],[71.9451,27.1812],[71.9343,27.1756],[71.927,27.174],[71.9188,27.1778],[71.9162,27.1831],[71.9156,27.2112],[71.9107,27.218],[71.9076,27.2156],[71.9046,27.2152],[71.8947,27.2168],[71.8843,27.2202],[71.8667,27.228],[71.8568,27.2309],[71.8451,27.2363],[71.8288,27.2486],[71.8203,27.2538],[71.7977,27.251],[71.7905,27.2453],[71.7887,27.2558],[71.7916,27.2736],[71.7911,27.2815],[71.7935,27.288],[71.7986,27.2908],[71.8049,27.2967],[71.8067,27.3003],[71.8063,27.3033],[71.8192,27.3186],[71.8272,27.3179],[71.8295,27.3206],[71.8289,27.329],[71.8258,27.3328],[71.8199,27.3443],[71.8201,27.3522],[71.8252,27.3774],[71.8274,27.4],[71.8255,27.4099],[71.8152,27.4311],[71.8145,27.4417],[71.8174,27.4482],[71.8221,27.4531],[71.8245,27.4604],[71.8382,27.4785],[71.8459,27.4793],[71.8523,27.4787],[71.8692,27.4817],[71.8762,27.4839],[71.8823,27.4845],[71.8995,27.4738],[71.9006,27.479],[71.8974,27.4926],[71.8977,27.4949],[71.9028,27.5032],[71.9056,27.5294],[71.9069,27.5333],[71.9154,27.5435],[71.9308,27.5591],[71.937,27.5579],[71.95,27.5529],[71.9597,27.5502],[71.9665,27.5497],[71.983,27.5586],[72.0003,27.5692],[72.0094,27.577],[72.0499,27.6145],[72.0857,27.5927],[72.0952,27.5903],[72.1036,27.5914],[72.1118,27.5908],[72.118,27.5879],[72.1155,27.5822],[72.1173,27.5811],[72.1226,27.5839],[72.1291,27.5804],[72.129,27.576],[72.1242,27.5715],[72.1186,27.5718],[72.1137,27.5682],[72.1057,27.5601],[72.1064,27.5564],[72.1123,27.549],[72.1151,27.5471],[72.1256,27.5464],[72.1385,27.5396],[72.1454,27.5324],[72.1412,27.5245],[72.1376,27.522],[72.143,27.5156],[72.1457,27.5149],[72.1529,27.4976],[72.1565,27.4993],[72.1597,27.4939],[72.1568,27.4921],[72.1586,27.4789],[72.1577,27.4758],[72.1755,27.4618],[72.2029,27.4752],[72.2034,27.4794],[72.208,27.4797],[72.211,27.4891],[72.2234,27.4916],[72.2336,27.4887],[72.249,27.4872],[72.2455,27.4976],[72.2476,27.5156],[72.2515,27.5333],[72.2719,27.546],[72.2841,27.5487]]]},"properties":{"district_name":"Jodhpur","raw_district_name":"Jodhpur","state_code":"RJ","state_name":"Rajasthan","census_code":113,"data_source":"DataMeet India Maps (Census 2011 Boundaries)"}},{"type":"Feature","geometry":{"type":"Polygon","coordinates":[[[76.2317,25.8044],[76.2351,25.8032],[76.2391,25.804],[76.2425,25.8022],[76.2501,25.7942],[76.2559,25.7941],[76.2609,25.7962],[76.2636,25.7976],[76.2701,25.8056],[76.2758,25.8061],[76.2869,25.8007],[76.2892,25.7965],[76.2915,25.7876],[76.2938,25.7843],[76.2972,25.784],[76.2999,25.7858],[76.3026,25.7899],[76.3061,25.7987],[76.3155,25.8028],[76.322,25.809],[76.3282,25.7932],[76.3305,25.7831],[76.3348,25.7736],[76.3404,25.7671],[76.345,25.7587],[76.352,25.7515],[76.359,25.742],[76.3644,25.7384],[76.3687,25.7404],[76.3816,25.7492],[76.3907,25.7509],[76.3992,25.7535],[76.4083,25.7596],[76.4128,25.7646],[76.4192,25.7666],[76.4397,25.7679],[76.4458,25.7693],[76.4533,25.7743],[76.4587,25.7802],[76.4659,25.786],[76.471,25.7919],[76.4758,25.7992],[76.4826,25.8051],[76.4874,25.8104],[76.4898,25.816],[76.4882,25.8208],[76.4839,25.8267],[76.4823,25.8324],[76.4867,25.8385],[76.4921,25.8412],[76.4999,25.8429],[76.507,25.8425],[76.518,25.8379],[76.5275,25.8378],[76.5406,25.8401],[76.5507,25.8376],[76.5722,25.8347],[76.5549,25.8201],[76.547,25.8125],[76.5408,25.8042],[76.5347,25.793],[76.528,25.7694],[76.5275,25.7614],[76.5357,25.7388],[76.5359,25.729],[76.5318,25.7261],[76.516,25.7251],[76.5082,25.7237],[76.4876,25.7132],[76.4831,25.7011],[76.4829,25.6902],[76.4869,25.6845],[76.4942,25.6785],[76.513,25.6712],[76.516,25.6679],[76.5046,25.6435],[76.5059,25.6384],[76.5105,25.6333],[76.5159,25.6333],[76.5199,25.6288],[76.5209,25.6021],[76.5149,25.5823],[76.5148,25.5749],[76.5174,25.5669],[76.5214,25.5607],[76.5253,25.552],[76.5272,25.5455],[76.5275,25.5366],[76.5253,25.5251],[76.5276,25.5194],[76.5336,25.5128],[76.5396,25.5086],[76.5429,25.5053],[76.5452,25.5009],[76.5471,25.4926],[76.5517,25.4848],[76.5557,25.4794],[76.5613,25.4749],[76.5646,25.4684],[76.5656,25.445],[76.5685,25.4391],[76.5692,25.4375],[76.5792,25.4318],[76.5824,25.4181],[76.5832,25.4018],[76.5766,25.4055],[76.5699,25.4109],[76.5616,25.4139],[76.5441,25.4129],[76.5394,25.4168],[76.5317,25.4151],[76.5266,25.4122],[76.5203,25.4149],[76.5174,25.4221],[76.509,25.4227],[76.5019,25.421],[76.4991,25.4151],[76.4961,25.4107],[76.4917,25.4069],[76.4839,25.4055],[76.4779,25.4056],[76.4668,25.4024],[76.455,25.4014],[76.4493,25.3993],[76.4462,25.3955],[76.4445,25.3911],[76.4461,25.3816],[76.441,25.3793],[76.435,25.3802],[76.4299,25.3785],[76.4239,25.3797],[76.4122,25.3861],[76.4072,25.3876],[76.4023,25.3865],[76.3966,25.3859],[76.3903,25.3801],[76.3856,25.3795],[76.3782,25.3843],[76.3713,25.3885],[76.3611,25.3838],[76.351,25.3769],[76.3436,25.3763],[76.3306,25.3788],[76.3312,25.3744],[76.3231,25.3478],[76.3148,25.3307],[76.3138,25.3263],[76.3129,25.3112],[76.3096,25.2946],[76.3051,25.2822],[76.2987,25.2609],[76.2939,25.2518],[76.2881,25.2465],[76.28,25.2451],[76.2739,25.2455],[76.2644,25.2435],[76.2573,25.2406],[76.2539,25.2377],[76.2514,25.23],[76.2503,25.2226],[76.2534,25.209],[76.2547,25.1888],[76.251,25.1853],[76.2465,25.1833],[76.2426,25.1744],[76.2407,25.1643],[76.2348,25.1603],[76.2325,25.1519],[76.2271,25.1234],[76.2257,25.1104],[76.2202,25.0951],[76.2198,25.0917],[76.218,25.0842],[76.221,25.0742],[76.2476,25.0408],[76.2572,25.031],[76.2646,25.0242],[76.2706,25.0205],[76.2836,25.0056],[76.2897,25.0006],[76.3001,24.9789],[76.3047,24.971],[76.3143,24.9598],[76.3182,24.9577],[76.3242,24.9588],[76.3288,24.9631],[76.3361,24.9742],[76.3403,24.9836],[76.3447,24.9865],[76.3518,24.9888],[76.3623,24.9886],[76.3684,24.9859],[76.3776,24.9802],[76.3891,24.983],[76.3983,24.9835],[76.4094,24.9809],[76.4215,24.9771],[76.4311,24.9712],[76.4408,24.9619],[76.4461,24.9531],[76.4489,24.9389],[76.4521,24.9225],[76.4565,24.9147],[76.4617,24.9081],[76.4639,24.9068],[76.4674,24.91],[76.4712,24.9179],[76.4735,24.9259],[76.4866,24.9203],[76.5005,24.9102],[76.5124,24.9014],[76.521,24.8963],[76.5359,24.8846],[76.5497,24.8774],[76.5578,24.872],[76.5755,24.8582],[76.5724,24.834],[76.5741,24.8224],[76.5732,24.8168],[76.5701,24.8118],[76.5651,24.8074],[76.5569,24.804],[76.5426,24.8057],[76.5298,24.8107],[76.5074,24.8221],[76.5028,24.824],[76.4966,24.8253],[76.4904,24.8219],[76.4622,24.7957],[76.4431,24.783],[76.4432,24.7848],[76.4438,24.7967],[76.4453,24.8161],[76.4447,24.8306],[76.4403,24.8313],[76.4366,24.8307],[76.4331,24.8316],[76.4288,24.8326],[76.4186,24.8432],[76.4123,24.8444],[76.4071,24.8421],[76.404,24.8387],[76.3999,24.838],[76.3964,24.8409],[76.3932,24.846],[76.3847,24.8512],[76.3793,24.8616],[76.3766,24.8632],[76.3719,24.8645],[76.3674,24.8679],[76.3654,24.8711],[76.3577,24.8721],[76.3524,24.8693],[76.3472,24.8686],[76.3408,24.8693],[76.3373,24.8671],[76.3351,24.8641],[76.3347,24.8572],[76.3314,24.8523],[76.3268,24.8503],[76.321,24.8495],[76.3137,24.84],[76.3111,24.8416],[76.3062,24.8426],[76.3059,24.8395],[76.3039,24.837],[76.2907,24.8368],[76.2918,24.832],[76.293,24.8173],[76.2905,24.8113],[76.2842,24.8079],[76.2747,24.8071],[76.266,24.8137],[76.2657,24.8159],[76.2702,24.8254],[76.2697,24.8325],[76.273,24.8436],[76.2702,24.845],[76.2647,24.845],[76.2579,24.8468],[76.2562,24.8414],[76.2561,24.8357],[76.2534,24.8304],[76.2476,24.8298],[76.2409,24.8321],[76.2274,24.832],[76.2272,24.808],[76.2263,24.7959],[76.2234,24.7851],[76.2193,24.7772],[76.2144,24.7722],[76.2044,24.7596],[76.2031,24.7505],[76.2004,24.7428],[76.1972,24.7124],[76.1984,24.7029],[76.2019,24.6878],[76.2008,24.683],[76.1831,24.6643],[76.1841,24.6563],[76.1826,24.6499],[76.1842,24.6444],[76.1855,24.6442],[76.1854,24.642],[76.189,24.6365],[76.1928,24.6335],[76.1946,24.6303],[76.1949,24.6259],[76.1931,24.6232],[76.1886,24.6239],[76.1523,24.6544],[76.1146,24.6931],[76.1071,24.6967],[76.1035,24.696],[76.0855,24.6852],[76.0805,24.6829],[76.0687,24.6755],[76.0707,24.6742],[76.0671,24.6679],[76.0665,24.6624],[76.0676,24.6491],[76.0666,24.6434],[76.0645,24.639],[76.064,24.6323],[76.065,24.6232],[76.0677,24.6136],[76.0746,24.5963],[76.0799,24.5882],[76.0815,24.582],[76.0817,24.5766],[76.0783,24.5743],[76.0739,24.5727],[76.0658,24.5709],[76.0624,24.5725],[76.0566,24.5758],[76.0543,24.5779],[76.0514,24.5761],[76.0493,24.572],[76.0469,24.5696],[76.0413,24.5686],[76.0364,24.5604],[76.0345,24.5591],[76.032,24.559],[76.0286,24.56],[76.0257,24.5612],[76.0209,24.5642],[76.0192,24.5624],[76.0164,24.562],[76.0137,24.5616],[76.0083,24.5614],[76.0023,24.564],[75.9938,24.5593],[75.9893,24.562],[75.9749,24.5613],[75.9665,24.5624],[75.9644,24.5622],[75.9618,24.5609],[75.9612,24.5519],[75.9597,24.549],[75.9571,24.5484],[75.9549,24.5437],[75.9533,24.5428],[75.9515,24.5444],[75.9477,24.5455],[75.9433,24.5478],[75.942,24.5495],[75.9385,24.5503],[75.9263,24.5504],[75.9267,24.5453],[75.9234,24.5396],[75.9196,24.5425],[75.9099,24.5463],[75.9095,24.548],[75.9086,24.5564],[75.9107,24.5612],[75.9125,24.5603],[75.9161,24.5611],[75.9188,24.5632],[75.9203,24.5673],[75.918,24.5704],[75.914,24.5729],[75.9058,24.5726],[75.9006,24.5763],[75.8966,24.5775],[75.8872,24.5776],[75.8787,24.5866],[75.8796,24.5955],[75.877,24.6029],[75.8685,24.6032],[75.8663,24.6087],[75.8554,24.6102],[75.851,24.607],[75.8479,24.6062],[75.8451,24.5961],[75.8412,24.5916],[75.8382,24.5934],[75.842,24.6046],[75.831,24.6092],[75.8332,24.6158],[75.8371,24.6196],[75.841,24.6195],[75.8457,24.622],[75.8491,24.6272],[75.847,24.6306],[75.8468,24.6351],[75.8517,24.6489],[75.8516,24.6604],[75.8468,24.6652],[75.84,24.6658],[75.8311,24.6641],[75.83,24.6673],[75.8344,24.6756],[75.8366,24.6818],[75.845,24.7133],[75.8417,24.7257],[75.8308,24.7322],[75.8084,24.7521],[75.7891,24.7614],[75.8004,24.7786],[75.8034,24.7848],[75.8053,24.793],[75.8065,24.8062],[75.8082,24.814],[75.8105,24.8188],[75.8144,24.8232],[75.8192,24.8457],[75.8218,24.8669],[75.7874,24.868],[75.767,24.8734],[75.7611,24.8763],[75.7463,24.8894],[75.7286,24.902],[75.7165,24.9081],[75.7109,24.9125],[75.7014,24.9168],[75.6979,24.9212],[75.6931,24.9253],[75.6863,24.9275],[75.6665,24.9448],[75.66,24.9545],[75.6569,24.9619],[75.656,24.9746],[75.6417,24.9839],[75.626,24.9908],[75.6236,24.9926],[75.6241,24.9962],[75.6283,24.997],[75.6365,24.9995],[75.6389,25.0023],[75.6617,25.0129],[75.6704,25.0224],[75.6869,25.0281],[75.6961,25.0302],[75.7062,25.0423],[75.7158,25.0499],[75.7279,25.0589],[75.7431,25.0721],[75.7476,25.0858],[75.7528,25.0935],[75.7599,25.1003],[75.7617,25.1066],[75.7581,25.1113],[75.7489,25.11],[75.7369,25.1115],[75.7305,25.1142],[75.7271,25.1189],[75.727,25.1237],[75.7383,25.1314],[75.7502,25.1407],[75.7462,25.1478],[75.7393,25.158],[75.7362,25.1656],[75.7475,25.1711],[75.7652,25.1841],[75.7783,25.1966],[75.7889,25.2112],[75.7949,25.2242],[75.7906,25.2359],[75.7939,25.249],[75.7939,25.2579],[75.8011,25.2553],[75.8145,25.2475],[75.8283,25.2483],[75.834,25.2446],[75.8368,25.24],[75.8199,25.234],[75.8298,25.2266],[75.8598,25.2299],[75.8695,25.2316],[75.8794,25.225],[75.884,25.2335],[75.8856,25.236],[75.9024,25.2343],[75.9048,25.2416],[75.9131,25.2549],[75.922,25.2606],[75.9308,25.2648],[75.9495,25.2755],[75.9651,25.2589],[75.9811,25.24],[75.9818,25.2308],[75.9937,25.2413],[76.0005,25.2501],[76.0034,25.2529],[76.0212,25.2631],[76.0286,25.2703],[76.0334,25.277],[76.0334,25.2842],[76.0245,25.2983],[76.0219,25.3073],[76.0249,25.3144],[76.031,25.3192],[76.0388,25.3231],[76.0491,25.3198],[76.065,25.3284],[76.069,25.3337],[76.0701,25.3388],[76.0698,25.3453],[76.0742,25.3494],[76.0819,25.3487],[76.0906,25.3463],[76.0973,25.3415],[76.1086,25.3302],[76.113,25.3286],[76.1309,25.3439],[76.1362,25.3444],[76.1462,25.3375],[76.1523,25.3357],[76.156,25.341],[76.1591,25.3474],[76.1602,25.3545],[76.1572,25.3602],[76.1502,25.365],[76.1435,25.3668],[76.1381,25.3701],[76.1402,25.3736],[76.1466,25.3756],[76.152,25.3803],[76.1541,25.3859],[76.1531,25.3921],[76.1421,25.3958],[76.1377,25.3991],[76.1381,25.4059],[76.1459,25.4091],[76.1563,25.4116],[76.1614,25.416],[76.1658,25.4228],[76.1659,25.4284],[76.1639,25.4332],[76.1679,25.4364],[76.1753,25.4384],[76.1785,25.4505],[76.1812,25.4558],[76.1836,25.4635],[76.1835,25.4786],[76.1849,25.4925],[76.1897,25.4966],[76.195,25.4974],[76.2004,25.4932],[76.2044,25.4876],[76.209,25.4843],[76.2158,25.4863],[76.232,25.4995],[76.2421,25.5038],[76.2499,25.5055],[76.2589,25.5046],[76.2673,25.5051],[76.2748,25.5109],[76.2868,25.53],[76.2927,25.5447],[76.2903,25.569],[76.2933,25.5749],[76.2978,25.5808],[76.3013,25.5932],[76.299,25.5998],[76.2957,25.6045],[76.2981,25.6149],[76.2972,25.6205],[76.2986,25.6261],[76.301,25.632],[76.3145,25.6349],[76.3189,25.6375],[76.324,25.6425],[76.3254,25.6502],[76.3227,25.6552],[76.3111,25.6624],[76.3067,25.6666],[76.3012,25.6821],[76.3009,25.688],[76.3026,25.6939],[76.2973,25.6963],[76.2925,25.6919],[76.2878,25.6902],[76.2755,25.6764],[76.261,25.6691],[76.2526,25.6742],[76.2473,25.6796],[76.2407,25.6912],[76.2155,25.6961],[76.2038,25.7001],[76.191,25.7055],[76.1827,25.7106],[76.1807,25.7162],[76.176,25.7195],[76.1663,25.7247],[76.1579,25.728],[76.1537,25.7407],[76.1517,25.7434],[76.146,25.7452],[76.1501,25.7547],[76.1572,25.7617],[76.1656,25.7593],[76.1673,25.7608],[76.1677,25.7655],[76.1664,25.7753],[76.1727,25.7933],[76.1741,25.8001],[76.1715,25.8129],[76.1793,25.8143],[76.1843,25.8163],[76.1891,25.8195],[76.1932,25.8251],[76.1984,25.8378],[76.2007,25.842],[76.2075,25.8407],[76.2142,25.8383],[76.2202,25.8326],[76.2245,25.8246],[76.2284,25.8089],[76.2317,25.8044]]]},"properties":{"district_name":"Kota","raw_district_name":"Kota","state_code":"RJ","state_name":"Rajasthan","census_code":127,"data_source":"DataMeet India Maps (Census 2011 Boundaries)"}},{"type":"Feature","geometry":{"type":"Polygon","coordinates":[[[74.6124,27.6672],[74.6134,27.6614],[74.6283,27.6482],[74.6376,27.6512],[74.6527,27.6535],[74.6673,27.6605],[74.6739,27.6649],[74.6801,27.6667],[74.681,27.6672],[74.6861,27.6559],[74.6906,27.6533],[74.7013,27.6517],[74.7073,27.6461],[74.7105,27.639],[74.7097,27.6328],[74.7106,27.6284],[74.703,27.6247],[74.7005,27.617],[74.7017,27.6081],[74.7059,27.5926],[74.7135,27.5997],[74.7209,27.6042],[74.7279,27.6074],[74.7302,27.6026],[74.7357,27.5987],[74.7369,27.5903],[74.741,27.5851],[74.7556,27.5906],[74.7611,27.5805],[74.7585,27.5768],[74.7614,27.571],[74.7616,27.5676],[74.7437,27.5541],[74.7164,27.5375],[74.7184,27.5302],[74.7229,27.5266],[74.7202,27.5216],[74.7227,27.5146],[74.7211,27.508],[74.7231,27.5012],[74.7267,27.4979],[74.7304,27.4927],[74.7514,27.501],[74.7511,27.4946],[74.7549,27.4911],[74.755,27.4859],[74.7635,27.4897],[74.7697,27.4914],[74.771,27.4918],[74.7768,27.4887],[74.7827,27.4884],[74.7876,27.4856],[74.7946,27.4855],[74.7987,27.4822],[74.8025,27.4704],[74.7987,27.4635],[74.7983,27.4568],[74.8006,27.4518],[74.8032,27.4498],[74.8457,27.4527],[74.8572,27.4503],[74.8604,27.4444],[74.8633,27.4348],[74.8646,27.4276],[74.8732,27.4119],[74.8516,27.3913],[74.8463,27.3824],[74.845,27.3787],[74.8538,27.3753],[74.8605,27.3718],[74.8692,27.3706],[74.8738,27.372],[74.878,27.3554],[74.879,27.3449],[74.8734,27.3387],[74.8668,27.3347],[74.8696,27.3276],[74.8772,27.319],[74.8793,27.3106],[74.886,27.3093],[74.8921,27.3104],[74.8975,27.3125],[74.8991,27.3192],[74.8979,27.3268],[74.8985,27.3298],[74.9194,27.3353],[74.9297,27.336],[74.9394,27.3357],[74.9461,27.3413],[74.9469,27.3463],[74.9602,27.3479],[75,27.3487],[75.0095,27.3468],[75.0187,27.3505],[75.0285,27.3519],[75.0379,27.3569],[75.0476,27.3682],[75.0449,27.3723],[75.0471,27.3773],[75.0575,27.3814],[75.0737,27.3853],[75.0844,27.3849],[75.0945,27.3831],[75.1045,27.3825],[75.1182,27.3765],[75.1179,27.3653],[75.1165,27.3578],[75.1187,27.3553],[75.1152,27.3507],[75.116,27.3444],[75.1069,27.3428],[75.1084,27.3383],[75.1164,27.3379],[75.1259,27.3389],[75.1281,27.3352],[75.1372,27.3246],[75.1533,27.323],[75.1679,27.3163],[75.1661,27.3045],[75.1605,27.2924],[75.1596,27.2809],[75.1497,27.2813],[75.1373,27.2838],[75.1296,27.2743],[75.1183,27.2629],[75.1081,27.2511],[75.0897,27.2438],[75.0821,27.2364],[75.0778,27.2282],[75.0719,27.2193],[75.0806,27.2198],[75.0957,27.2191],[75.1094,27.2198],[75.1253,27.211],[75.1203,27.206],[75.1221,27.2031],[75.1238,27.1958],[75.1214,27.188],[75.1182,27.1839],[75.1208,27.1813],[75.1262,27.1783],[75.1288,27.1734],[75.1345,27.1694],[75.1465,27.1676],[75.1551,27.1671],[75.1577,27.1638],[75.1614,27.1634],[75.1643,27.1599],[75.1727,27.1608],[75.1792,27.1605],[75.1803,27.1544],[75.1718,27.1483],[75.1722,27.1436],[75.1785,27.1409],[75.1967,27.1405],[75.1982,27.1331],[75.2011,27.1285],[75.2062,27.1294],[75.2089,27.1333],[75.2255,27.1351],[75.2354,27.1339],[75.2357,27.1264],[75.2383,27.1255],[75.2502,27.1288],[75.2536,27.132],[75.2729,27.1333],[75.2756,27.1287],[75.2823,27.1231],[75.3011,27.1291],[75.3002,27.1345],[75.3001,27.1435],[75.3063,27.1447],[75.3162,27.1591],[75.3184,27.1468],[75.326,27.146],[75.3303,27.1475],[75.333,27.1429],[75.3332,27.1386],[75.3373,27.1371],[75.3414,27.1399],[75.3445,27.1396],[75.3443,27.1353],[75.3415,27.1288],[75.3411,27.1206],[75.341,27.1177],[75.3475,27.1171],[75.3479,27.1122],[75.3496,27.109],[75.3547,27.1092],[75.3599,27.1101],[75.3633,27.1116],[75.3664,27.1101],[75.3681,27.1068],[75.369,27.1008],[75.3686,27.0949],[75.3684,27.0876],[75.3586,27.0866],[75.3508,27.0859],[75.3449,27.0898],[75.3401,27.0935],[75.3377,27.0946],[75.3353,27.0946],[75.3317,27.0919],[75.3241,27.0908],[75.3106,27.0895],[75.2905,27.0913],[75.2773,27.0903],[75.2658,27.0896],[75.2505,27.0884],[75.2362,27.0851],[75.2211,27.0828],[75.2231,27.0725],[75.2231,27.0553],[75.2297,27.055],[75.235,27.0516],[75.2414,27.0504],[75.246,27.041],[75.2574,27.0391],[75.2593,27.0341],[75.2534,27.0297],[75.2486,27.0249],[75.2431,27.0164],[75.2355,27.0174],[75.2244,27.0162],[75.2223,27.0137],[75.2175,27.0116],[75.2135,27.009],[75.2078,27.0097],[75.2044,27.007],[75.2029,27.0022],[75.2015,26.9951],[75.204,26.9736],[75.1898,26.9734],[75.1778,26.9711],[75.1598,26.9698],[75.1658,26.9616],[75.1648,26.9492],[75.1656,26.9328],[75.1432,26.9309],[75.1205,26.9317],[75.103,26.9363],[75.0417,26.9408],[75.0136,26.9452],[75.0132,26.9362],[75.0151,26.9135],[75.0144,26.8949],[75,26.8932],[74.9983,26.89],[74.9939,26.8906],[74.9929,26.8883],[74.9775,26.8896],[74.9768,26.8903],[74.9744,26.8927],[74.9771,26.91],[74.9835,26.9412],[74.9796,26.9439],[74.9705,26.9472],[74.9662,26.9451],[74.9662,26.9481],[74.9638,26.954],[74.9644,26.9581],[74.961,26.9603],[74.9576,26.9582],[74.9549,26.9628],[74.9466,26.9619],[74.9203,26.9628],[74.9101,26.9675],[74.9114,26.9759],[74.9062,26.9754],[74.9047,26.9752],[74.8925,26.977],[74.8777,26.9752],[74.8521,26.975],[74.8444,26.9612],[74.8273,26.9212],[74.8312,26.8995],[74.8254,26.8907],[74.8158,26.8684],[74.8048,26.8526],[74.7741,26.8487],[74.7731,26.8224],[74.7774,26.8191],[74.7811,26.7986],[74.779,26.7902],[74.775,26.7927],[74.7652,26.7923],[74.7591,26.7891],[74.7537,26.7815],[74.7494,26.7705],[74.745,26.7698],[74.7158,26.7721],[74.712,26.7766],[74.7035,26.7726],[74.6978,26.7711],[74.6847,26.7422],[74.6871,26.7377],[74.6848,26.7338],[74.6654,26.7113],[74.686,26.7095],[74.6873,26.7065],[74.7129,26.7054],[74.7236,26.7019],[74.7232,26.7007],[74.722,26.697],[74.7219,26.6756],[74.7145,26.6627],[74.7057,26.6549],[74.6937,26.6387],[74.6826,26.6162],[74.6793,26.6036],[74.6739,26.594],[74.6676,26.5966],[74.6552,26.5858],[74.6455,26.5904],[74.637,26.5784],[74.6187,26.5658],[74.6131,26.5732],[74.6016,26.582],[74.6178,26.5999],[74.6064,26.6089],[74.5989,26.6184],[74.5933,26.6291],[74.576,26.61],[74.5648,26.5913],[74.541,26.5623],[74.5382,26.5595],[74.5248,26.5456],[74.5074,26.5248],[74.4963,26.5139],[74.4812,26.4974],[74.4729,26.4905],[74.4651,26.4868],[74.4609,26.488],[74.456,26.4939],[74.4498,26.4992],[74.4432,26.5023],[74.4378,26.4997],[74.4333,26.4948],[74.431,26.4921],[74.4314,26.4882],[74.429,26.486],[74.4053,26.4884],[74.3993,26.4845],[74.395,26.4845],[74.391,26.4881],[74.382,26.4893],[74.3754,26.4888],[74.3715,26.4785],[74.3647,26.4738],[74.3526,26.4684],[74.3531,26.4558],[74.3453,26.4497],[74.3422,26.4455],[74.3371,26.4427],[74.3308,26.4423],[74.3249,26.4433],[74.318,26.4516],[74.3165,26.4575],[74.303,26.4535],[74.2908,26.449],[74.2787,26.4565],[74.2663,26.4535],[74.2631,26.4545],[74.2569,26.4545],[74.2526,26.4574],[74.248,26.4565],[74.2437,26.4575],[74.2382,26.4613],[74.2283,26.4528],[74.2251,26.4522],[74.2253,26.4493],[74.216,26.4428],[74.2146,26.4442],[74.2034,26.4395],[74.197,26.4377],[74.1911,26.4371],[74.192,26.4255],[74.1809,26.4221],[74.1747,26.4212],[74.1734,26.4162],[74.1722,26.4146],[74.1593,26.4113],[74.1572,26.4248],[74.1482,26.4263],[74.1471,26.4294],[74.14,26.4318],[74.1379,26.4363],[74.1332,26.4364],[74.1315,26.4437],[74.128,26.4455],[74.1234,26.4562],[74.1162,26.455],[74.1089,26.4485],[74.0995,26.4464],[74.1011,26.4386],[74.1016,26.4292],[74.1041,26.4167],[74.0967,26.4156],[74.0856,26.4157],[74.0856,26.4187],[74.077,26.419],[74.076,26.4208],[74.0698,26.4229],[74.0518,26.4187],[74.0469,26.4163],[74.0437,26.4129],[74.0412,26.4089],[74.0351,26.4106],[74.0297,26.4141],[74.029,26.4229],[74.0244,26.4241],[74.0167,26.4212],[74,26.4205],[73.997,26.4214],[73.9949,26.4224],[73.9909,26.4214],[73.9878,26.4213],[73.9826,26.4239],[73.9804,26.4276],[73.9771,26.4274],[73.9748,26.4292],[73.9723,26.4313],[73.9711,26.4288],[73.9687,26.4239],[73.9665,26.4219],[73.9581,26.4193],[73.953,26.4196],[73.9473,26.4215],[73.9389,26.4221],[73.9288,26.4231],[73.9221,26.4236],[73.916,26.426],[73.9124,26.4282],[73.907,26.4268],[73.8974,26.4236],[73.887,26.4252],[73.8808,26.4265],[73.8731,26.4305],[73.8711,26.4324],[73.8667,26.4363],[73.8637,26.439],[73.8612,26.4422],[73.8595,26.4456],[73.8587,26.4509],[73.8571,26.457],[73.8578,26.4608],[73.8571,26.4654],[73.8566,26.4672],[73.8542,26.4673],[73.8499,26.4674],[73.8507,26.472],[73.8465,26.4713],[73.8405,26.4722],[73.8368,26.477],[73.8371,26.4804],[73.832,26.4827],[73.8289,26.4865],[73.8275,26.4868],[73.8232,26.4889],[73.8173,26.4942],[73.8152,26.5004],[73.8069,26.5038],[73.7939,26.5044],[73.7915,26.5081],[73.7821,26.5171],[73.7795,26.5222],[73.7761,26.5249],[73.7688,26.5299],[73.7703,26.5319],[73.7723,26.534],[73.7703,26.538],[73.7664,26.5364],[73.7604,26.5352],[73.7586,26.5399],[73.7551,26.5407],[73.7495,26.5401],[73.7354,26.5388],[73.7283,26.5381],[73.7214,26.539],[73.7217,26.5487],[73.7214,26.5498],[73.7208,26.552],[73.703,26.576],[73.701,26.5774],[73.7004,26.5816],[73.6941,26.5886],[73.6982,26.5968],[73.6976,26.599],[73.7013,26.6026],[73.7,26.6042],[73.6968,26.6073],[73.6928,26.6085],[73.6918,26.6153],[73.6846,26.6183],[73.6926,26.6227],[73.6852,26.6323],[73.6805,26.6341],[73.6818,26.6378],[73.6786,26.6453],[73.677,26.6463],[73.6595,26.648],[73.6586,26.6561],[73.6605,26.6605],[73.6688,26.667],[73.6726,26.6782],[73.6594,26.6879],[73.6508,26.7006],[73.6498,26.71],[73.6524,26.7177],[73.656,26.7209],[73.6577,26.7259],[73.6595,26.7293],[73.6678,26.7444],[73.6689,26.7461],[73.6718,26.7517],[73.6773,26.7558],[73.6754,26.7572],[73.6736,26.7612],[73.6703,26.7641],[73.6669,26.7742],[73.6624,26.7796],[73.6624,26.7835],[73.6604,26.7923],[73.6606,26.7964],[73.6586,26.8009],[73.657,26.8049],[73.655,26.8078],[73.6431,26.8058],[73.6322,26.8068],[73.6322,26.8085],[73.6329,26.8144],[73.6322,26.8195],[73.6325,26.8241],[73.6309,26.8357],[73.631,26.8393],[73.6265,26.8442],[73.6215,26.8453],[73.6187,26.8433],[73.6123,26.8405],[73.6087,26.844],[73.6061,26.8437],[73.5996,26.8506],[73.5965,26.8532],[73.5936,26.8556],[73.5923,26.8579],[73.5898,26.8613],[73.5876,26.8633],[73.5805,26.8604],[73.5777,26.8628],[73.5754,26.8646],[73.572,26.8622],[73.562,26.8618],[73.5567,26.8606],[73.5444,26.86],[73.5385,26.8592],[73.5341,26.8587],[73.5303,26.8585],[73.5269,26.8633],[73.5209,26.8707],[73.5123,26.8808],[73.5089,26.8826],[73.5057,26.8833],[73.5045,26.8844],[73.5032,26.8851],[73.4985,26.8869],[73.4917,26.8869],[73.4861,26.8855],[73.4765,26.8813],[73.4712,26.8777],[73.4705,26.88],[73.4679,26.8784],[73.4636,26.8754],[73.4581,26.8729],[73.455,26.8784],[73.454,26.8772],[73.4528,26.8769],[73.4514,26.8761],[73.4451,26.8751],[73.4435,26.8781],[73.4414,26.8817],[73.4381,26.8863],[73.4369,26.8867],[73.4324,26.8864],[73.4263,26.8872],[73.4236,26.8859],[73.4168,26.8851],[73.4117,26.8841],[73.4021,26.8832],[73.3993,26.8795],[73.3953,26.8768],[73.3919,26.8747],[73.3864,26.8689],[73.3798,26.8663],[73.3756,26.8678],[73.3727,26.87],[73.371,26.8698],[73.3631,26.8692],[73.3555,26.8696],[73.3517,26.8682],[73.3501,26.8667],[73.3437,26.8609],[73.3408,26.8572],[73.3324,26.856],[73.3271,26.8566],[73.3254,26.8581],[73.3229,26.86],[73.3184,26.8627],[73.3115,26.8636],[73.3097,26.8649],[73.3072,26.8661],[73.3013,26.8688],[73.3001,26.8704],[73.2998,26.8738],[73.2926,26.8737],[73.2908,26.8711],[73.2896,26.8677],[73.2854,26.864],[73.2748,26.8623],[73.2671,26.8625],[73.2616,26.8642],[73.2578,26.8646],[73.2506,26.8632],[73.2426,26.8634],[73.2382,26.8676],[73.2371,26.8679],[73.2297,26.866],[73.2204,26.8686],[73.2131,26.8685],[73.2106,26.8701],[73.2076,26.8742],[73.2087,26.8766],[73.21,26.8792],[73.2069,26.8808],[73.2032,26.8822],[73.1993,26.8817],[73.191,26.882],[73.1895,26.8845],[73.1875,26.8889],[73.1848,26.897],[73.183,26.9016],[73.1806,26.9053],[73.18,26.9147],[73.1794,26.9177],[73.1793,26.9196],[73.1785,26.9234],[73.1785,26.9269],[73.1773,26.9294],[73.1743,26.9319],[73.1719,26.9332],[73.1688,26.9317],[73.1669,26.9284],[73.1616,26.9264],[73.1576,26.9259],[73.1551,26.9266],[73.1553,26.9289],[73.1521,26.9305],[73.1362,26.9375],[73.1228,26.944],[73.1181,26.9421],[73.1167,26.9469],[73.114,26.9536],[73.1147,26.9657],[73.1282,26.9804],[73.1418,26.9864],[73.1526,26.9924],[73.1558,26.9972],[73.1568,27.0025],[73.1548,27.0092],[73.1549,27.0124],[73.1571,27.0152],[73.1577,27.0175],[73.1571,27.0228],[73.1578,27.0249],[73.1717,27.0381],[73.1863,27.0501],[73.1919,27.0564],[73.1854,27.0641],[73.1871,27.0661],[73.1801,27.0802],[73.1787,27.0877],[73.1765,27.0929],[73.1664,27.1052],[73.1632,27.1079],[73.1567,27.1105],[73.152,27.1208],[73.1529,27.1229],[73.156,27.1251],[73.1646,27.1362],[73.167,27.1445],[73.1648,27.1567],[73.1658,27.1614],[73.1635,27.1667],[73.1599,27.1844],[73.1581,27.1881],[73.1584,27.1916],[73.1563,27.199],[73.1529,27.2018],[73.1513,27.2118],[73.1482,27.215],[73.1469,27.2203],[73.1445,27.2233],[73.132,27.2352],[73.1538,27.2518],[73.1526,27.2584],[73.1559,27.2618],[73.1559,27.2665],[73.1599,27.2698],[73.1587,27.2712],[73.1589,27.2752],[73.1607,27.2811],[73.1631,27.2948],[73.1679,27.2945],[73.1729,27.2922],[73.1774,27.2901],[73.1896,27.2806],[73.197,27.2772],[73.2083,27.2778],[73.2101,27.2947],[73.2118,27.2977],[73.2135,27.3044],[73.2198,27.3086],[73.2241,27.3135],[73.2424,27.326],[73.2497,27.3258],[73.2527,27.3144],[73.2569,27.315],[73.2583,27.3133],[73.2639,27.314],[73.2679,27.3037],[73.2637,27.2986],[73.2629,27.2963],[73.2653,27.2934],[73.2636,27.2891],[73.2637,27.2848],[73.2732,27.279],[73.2791,27.2741],[73.2835,27.268],[73.2852,27.2648],[73.2826,27.2586],[73.2841,27.2551],[73.2939,27.248],[73.3054,27.235],[73.3132,27.231],[73.3222,27.2207],[73.3321,27.2046],[73.3331,27.1992],[73.3361,27.1994],[73.3392,27.1963],[73.343,27.1984],[73.3459,27.1966],[73.3511,27.1969],[73.3488,27.1904],[73.3504,27.1867],[73.3534,27.1865],[73.3579,27.1906],[73.3611,27.1964],[73.3621,27.1958],[73.365,27.199],[73.3695,27.2018],[73.3675,27.2051],[73.3739,27.2107],[73.3731,27.2135],[73.3667,27.2175],[73.3595,27.2209],[73.3586,27.2252],[73.3604,27.2379],[73.3631,27.2416],[73.3649,27.2466],[73.3697,27.2539],[73.3752,27.2605],[73.3853,27.2691],[73.3899,27.2719],[73.3941,27.2745],[73.3943,27.2716],[73.3972,27.2719],[73.4034,27.2744],[73.4057,27.2778],[73.4148,27.2866],[73.45,27.3096],[73.4503,27.3138],[73.4577,27.3165],[73.4598,27.3149],[73.4806,27.3225],[73.5042,27.3333],[73.4995,27.3398],[73.4952,27.3486],[73.4946,27.3604],[73.5071,27.3654],[73.5262,27.3751],[73.522,27.382],[73.5167,27.3879],[73.5104,27.3863],[73.5086,27.3868],[73.5054,27.3953],[73.5053,27.4092],[73.5074,27.42],[73.5062,27.4338],[73.5146,27.4399],[73.5229,27.4447],[73.5188,27.451],[73.5213,27.4536],[73.5193,27.4576],[73.5225,27.4626],[73.5219,27.4658],[73.5257,27.4783],[73.5298,27.485],[73.5397,27.4941],[73.5443,27.4957],[73.5491,27.4954],[73.5534,27.4928],[73.5596,27.4929],[73.5635,27.4922],[73.5668,27.4862],[73.5723,27.4874],[73.576,27.4848],[73.5763,27.485],[73.5763,27.4849],[73.5796,27.481],[73.585,27.4842],[73.5865,27.4823],[73.5914,27.4851],[73.5933,27.4816],[73.5986,27.4851],[73.6051,27.4873],[73.6121,27.4893],[73.6134,27.4908],[73.613,27.4958],[73.6135,27.5011],[73.6196,27.5087],[73.6253,27.5127],[73.6276,27.5151],[73.6176,27.5356],[73.617,27.538],[73.6202,27.5415],[73.6235,27.54],[73.6331,27.5433],[73.648,27.5564],[73.6534,27.561],[73.6554,27.5621],[73.6555,27.562],[73.6571,27.5641],[73.6637,27.5648],[73.6664,27.5626],[73.6693,27.5592],[73.6735,27.5542],[73.6774,27.5523],[73.6814,27.5523],[73.6843,27.5493],[73.6895,27.5429],[73.6937,27.538],[73.6969,27.5334],[73.6988,27.5309],[73.7005,27.5299],[73.702,27.5273],[73.7024,27.5273],[73.704,27.5221],[73.7045,27.5186],[73.7141,27.5189],[73.7236,27.5203],[73.7261,27.5216],[73.7288,27.5201],[73.7379,27.5245],[73.7435,27.5272],[73.746,27.5289],[73.748,27.5316],[73.7514,27.5341],[73.7539,27.5347],[73.7541,27.5343],[73.7573,27.5343],[73.7617,27.5334],[73.7659,27.5306],[73.7686,27.5287],[73.772,27.5275],[73.776,27.5233],[73.7797,27.5149],[73.7831,27.5113],[73.7833,27.5116],[73.7834,27.5116],[73.7836,27.511],[73.7878,27.5051],[73.7902,27.5014],[73.7964,27.4977],[73.8008,27.4977],[73.8035,27.498],[73.8116,27.4972],[73.8212,27.5002],[73.8295,27.5044],[73.8369,27.51],[73.8418,27.5152],[73.8435,27.5181],[73.8455,27.5218],[73.8524,27.5284],[73.8593,27.5334],[73.8687,27.5368],[73.8687,27.5368],[73.8709,27.5377],[73.8729,27.5379],[73.8749,27.538],[73.8782,27.5394],[73.8792,27.5381],[73.8798,27.5362],[73.8815,27.5305],[73.8838,27.525],[73.8866,27.5181],[73.8869,27.5174],[73.8875,27.5167],[73.8881,27.5156],[73.8888,27.5145],[73.8898,27.5112],[73.8917,27.5063],[73.8917,27.5048],[73.8917,27.5025],[73.8919,27.5016],[73.9021,27.4963],[73.9156,27.5006],[73.9296,27.506],[73.9356,27.5073],[73.9414,27.5104],[73.9508,27.5128],[73.9553,27.5087],[73.9596,27.5074],[73.9737,27.5059],[73.9796,27.5077],[73.9877,27.5122],[73.991,27.5086],[73.994,27.5077],[73.9959,27.5102],[74,27.5133],[74.0068,27.5127],[74.0114,27.5136],[74.0095,27.5183],[74.0107,27.5216],[74.0302,27.5349],[74.036,27.529],[74.041,27.5258],[74.0527,27.5205],[74.0552,27.5161],[74.0604,27.5104],[74.0672,27.5059],[74.0674,27.4967],[74.0718,27.4953],[74.0766,27.4922],[74.0821,27.4824],[74.0821,27.479],[74.1071,27.4763],[74.1123,27.4739],[74.1151,27.4715],[74.1172,27.4664],[74.12,27.4624],[74.1332,27.4621],[74.1373,27.4606],[74.1401,27.4543],[74.1498,27.4408],[74.15,27.4331],[74.1446,27.429],[74.1414,27.4283],[74.1432,27.4225],[74.1502,27.4164],[74.1541,27.4106],[74.1597,27.412],[74.1648,27.4148],[74.1749,27.4188],[74.1815,27.4228],[74.1911,27.4242],[74.2019,27.423],[74.2047,27.4238],[74.2036,27.4317],[74.2031,27.4547],[74.2066,27.4628],[74.2122,27.4685],[74.2108,27.4688],[74.2076,27.4702],[74.2065,27.4753],[74.197,27.4774],[74.193,27.4806],[74.1935,27.4875],[74.1964,27.4955],[74.206,27.5061],[74.2187,27.512],[74.2387,27.5264],[74.2407,27.538],[74.2436,27.5439],[74.2489,27.5515],[74.2486,27.5582],[74.2575,27.5631],[74.2583,27.5708],[74.2582,27.5919],[74.2573,27.6023],[74.2657,27.6068],[74.2759,27.6103],[74.2785,27.6191],[74.282,27.6236],[74.2886,27.6282],[74.297,27.6309],[74.3132,27.6342],[74.3091,27.6482],[74.3199,27.6516],[74.3259,27.6558],[74.3335,27.658],[74.3345,27.6729],[74.3412,27.6734],[74.3438,27.6794],[74.3719,27.6825],[74.379,27.6868],[74.389,27.6898],[74.3981,27.6961],[74.4016,27.6979],[74.4062,27.6924],[74.4097,27.6863],[74.4195,27.6881],[74.4325,27.6887],[74.4421,27.6916],[74.4462,27.6903],[74.4508,27.6912],[74.4557,27.6896],[74.4566,27.6851],[74.4603,27.6835],[74.4642,27.6789],[74.4714,27.6822],[74.4788,27.6827],[74.4872,27.6848],[74.4916,27.6849],[74.494,27.6771],[74.4956,27.6656],[74.5022,27.665],[74.5256,27.6746],[74.5363,27.6671],[74.5388,27.6635],[74.5484,27.6619],[74.5595,27.6664],[74.573,27.6767],[74.5847,27.6893],[74.6064,27.705],[74.6109,27.7059],[74.6147,27.7012],[74.6198,27.6984],[74.6265,27.6978],[74.6255,27.6922],[74.6196,27.6864],[74.6121,27.6835],[74.6079,27.6792],[74.6068,27.6763],[74.6124,27.6672]]]},"properties":{"district_name":"Nagaur","raw_district_name":"Nagaur","state_code":"RJ","state_name":"Rajasthan","census_code":112,"data_source":"DataMeet India Maps (Census 2011 Boundaries)"}},{"type":"Feature","geometry":{"type":"Polygon","coordinates":[[[74.2908,26.449],[74.289,26.4432],[74.2884,26.4328],[74.2888,26.4166],[74.2935,26.3946],[74.2975,26.3895],[74.3047,26.3825],[74.304,26.3739],[74.3061,26.3344],[74.3055,26.3314],[74.304,26.3289],[74.2764,26.3121],[74.2535,26.2862],[74.2562,26.2829],[74.2585,26.2789],[74.2622,26.2754],[74.2666,26.2751],[74.2715,26.2675],[74.2727,26.2607],[74.2841,26.2552],[74.2969,26.2545],[74.3045,26.2519],[74.3109,26.2517],[74.3185,26.2551],[74.3396,26.2719],[74.3449,26.2742],[74.3495,26.2818],[74.3646,26.2915],[74.3897,26.2791],[74.3934,26.2737],[74.4001,26.2692],[74.4019,26.2669],[74.3902,26.2614],[74.3804,26.2541],[74.3739,26.2476],[74.3702,26.2388],[74.3691,26.2329],[74.3696,26.2292],[74.3731,26.2263],[74.3761,26.2208],[74.3767,26.2063],[74.3748,26.2022],[74.3693,26.1901],[74.3633,26.1912],[74.3579,26.1894],[74.3524,26.1929],[74.3475,26.1933],[74.3422,26.1963],[74.3361,26.1921],[74.3247,26.1886],[74.3201,26.1816],[74.3162,26.181],[74.3062,26.186],[74.3026,26.1849],[74.2885,26.1685],[74.2851,26.1704],[74.2732,26.1738],[74.2726,26.1682],[74.2756,26.155],[74.2869,26.1506],[74.2897,26.1442],[74.294,26.1388],[74.2997,26.1351],[74.3043,26.1355],[74.2975,26.1228],[74.2927,26.1235],[74.2876,26.1207],[74.2823,26.1127],[74.2714,26.102],[74.2682,26.1018],[74.258,26.0976],[74.2584,26.0908],[74.256,26.0883],[74.2518,26.0858],[74.245,26.0782],[74.2401,26.071],[74.2371,26.0648],[74.2395,26.0603],[74.2432,26.0575],[74.2467,26.0534],[74.2427,26.05],[74.2311,26.0542],[74.221,26.0416],[74.2063,26.0478],[74.196,26.037],[74.1896,26.0325],[74.1829,26.0292],[74.1782,26.0351],[74.1763,26.041],[74.1757,26.0537],[74.174,26.0637],[74.1701,26.0666],[74.1625,26.0663],[74.1615,26.0628],[74.1603,26.0494],[74.1562,26.0487],[74.1532,26.0459],[74.1533,26.0382],[74.1542,26.0285],[74.1565,26.0224],[74.1697,26.0143],[74.1732,26.0103],[74.1656,26.0004],[74.159,25.9959],[74.1314,25.9633],[74.1256,25.9606],[74.1306,25.9551],[74.1389,25.9568],[74.1453,25.956],[74.1554,25.9576],[74.1527,25.9518],[74.1445,25.9408],[74.153,25.9358],[74.1603,25.9287],[74.1577,25.9172],[74.1424,25.9034],[74.138,25.889],[74.1303,25.8833],[74.1233,25.8833],[74.1146,25.8797],[74.1138,25.8708],[74.117,25.8661],[74.1076,25.8525],[74.099,25.8468],[74.0941,25.8491],[74.0909,25.8512],[74.0796,25.8468],[74.0602,25.8323],[74.0563,25.8289],[74.0541,25.8271],[74.0454,25.8319],[74.0089,25.8634],[74.0058,25.8647],[73.9992,25.8625],[73.9967,25.8621],[73.9927,25.8616],[73.9847,25.856],[73.9761,25.8489],[73.971,25.8342],[73.959,25.8391],[73.951,25.8408],[73.9437,25.831],[73.9431,25.8202],[73.945,25.8109],[73.9426,25.8038],[73.9243,25.7938],[73.9308,25.7816],[73.9322,25.7697],[73.9217,25.7604],[73.914,25.7521],[73.9124,25.7497],[73.9066,25.7404],[73.9101,25.7313],[73.9114,25.7078],[73.9135,25.6977],[73.9062,25.6852],[73.9057,25.6843],[73.9022,25.6745],[73.896,25.6715],[73.8934,25.6683],[73.8872,25.6674],[73.8791,25.6638],[73.8703,25.6567],[73.8647,25.6509],[73.8637,25.6372],[73.8591,25.6262],[73.8519,25.6155],[73.8493,25.6112],[73.8309,25.5867],[73.8291,25.5826],[73.8332,25.5755],[73.8288,25.5637],[73.8166,25.5423],[73.8094,25.5214],[73.8073,25.5111],[73.7896,25.4896],[73.7793,25.4823],[73.7745,25.4724],[73.7693,25.4573],[73.7606,25.4455],[73.7557,25.4408],[73.7526,25.4304],[73.7517,25.4184],[73.7488,25.4041],[73.7419,25.3935],[73.7336,25.3821],[73.7232,25.3796],[73.7084,25.3818],[73.7052,25.3724],[73.6984,25.3597],[73.6769,25.3513],[73.6691,25.346],[73.6594,25.3306],[73.6489,25.3257],[73.6499,25.3116],[73.6427,25.3159],[73.6237,25.3027],[73.6121,25.2863],[73.615,25.2803],[73.6155,25.2749],[73.6184,25.2704],[73.6223,25.2579],[73.6175,25.2541],[73.6118,25.2529],[73.606,25.2244],[73.6033,25.2218],[73.603,25.2097],[73.6014,25.2034],[73.5978,25.202],[73.5948,25.2034],[73.595,25.1975],[73.5951,25.1952],[73.5939,25.1928],[73.5885,25.19],[73.58,25.188],[73.5728,25.1847],[73.5668,25.1694],[73.5576,25.1665],[73.5524,25.1633],[73.5491,25.1557],[73.5421,25.155],[73.5204,25.1418],[73.5022,25.1275],[73.5003,25.126],[73.5034,25.1187],[73.5036,25.118],[73.5033,25.1178],[73.4995,25.1148],[73.4966,25.118],[73.4928,25.117],[73.4918,25.1079],[73.4839,25.1042],[73.4838,25.1042],[73.4762,25.1041],[73.4704,25.0994],[73.4619,25.0894],[73.4527,25.0904],[73.4235,25.0899],[73.416,25.0882],[73.41,25.085],[73.4083,25.0806],[73.408,25.0797],[73.4038,25.078],[73.3971,25.0742],[73.3966,25.0696],[73.3964,25.0694],[73.3918,25.0664],[73.3887,25.0604],[73.3874,25.0532],[73.3835,25.0493],[73.3846,25.0448],[73.377,25.0405],[73.3775,25.038],[73.3741,25.0357],[73.3735,25.0325],[73.3714,25.029],[73.366,25.029],[73.3583,25.0278],[73.3539,25.0238],[73.3539,25.0162],[73.3507,25.0102],[73.3445,25.0102],[73.3425,25.0003],[73.3424,24.9996],[73.3437,24.9951],[73.3439,24.9895],[73.3407,24.9849],[73.3296,24.9771],[73.3295,24.9749],[73.3327,24.9707],[73.3331,24.9675],[73.3367,24.9667],[73.3419,24.9625],[73.3461,24.9605],[73.3417,24.9551],[73.3418,24.9528],[73.3433,24.9512],[73.3385,24.9404],[73.3352,24.9375],[73.3318,24.9288],[73.3301,24.9122],[73.3277,24.9086],[73.3192,24.9089],[73.3157,24.9073],[73.3113,24.9013],[73.3063,24.8972],[73.308,24.8901],[73.3073,24.8884],[73.2905,24.875],[73.2883,24.8744],[73.2868,24.8747],[73.2849,24.8766],[73.2829,24.8816],[73.277,24.8784],[73.2732,24.8789],[73.2714,24.8773],[73.2713,24.8714],[73.2699,24.8665],[73.2698,24.8625],[73.2671,24.8579],[73.246,24.8362],[73.2393,24.8302],[73.2372,24.8233],[73.2382,24.8162],[73.2381,24.8056],[73.2354,24.7976],[73.2324,24.7948],[73.231,24.7935],[73.2248,24.7922],[73.2183,24.7923],[73.2007,24.7871],[73.1815,24.7763],[73.1731,24.773],[73.1641,24.7683],[73.1581,24.7625],[73.1525,24.759],[73.149,24.7578],[73.1448,24.7577],[73.1438,24.7571],[73.1484,24.7644],[73.1581,24.7712],[73.1628,24.7812],[73.1636,24.7932],[73.1627,24.8087],[73.1604,24.8181],[73.1451,24.8364],[73.143,24.843],[73.1247,24.8451],[73.1178,24.8391],[73.1092,24.8433],[73.1019,24.8451],[73.0958,24.858],[73.0847,24.8565],[73.0712,24.8574],[73.0557,24.875],[73.0449,24.886],[73.0282,24.8877],[73.0208,24.8964],[73.0119,24.9157],[73.008,24.9216],[73,24.9271],[73.002,24.9285],[73.0069,24.9306],[73.012,24.9411],[73.0204,24.9487],[73.0316,24.9634],[73.0312,24.9656],[73.0325,24.9722],[73.0381,24.9874],[73.0457,24.9994],[73.0461,25.0004],[73.0478,25.0046],[73.0539,25.0095],[73.0776,25.0236],[73.1079,25.0369],[73.1156,25.0444],[73.1313,25.0645],[73.1349,25.0756],[73.1341,25.0911],[73.138,25.0967],[73.1403,25.1014],[73.1363,25.1029],[73.1321,25.1089],[73.1186,25.1077],[73.1128,25.1119],[73.1087,25.119],[73.1013,25.1209],[73.0954,25.1255],[73.0896,25.1342],[73.0825,25.1372],[73.0567,25.1592],[73.0449,25.1622],[73.0428,25.1543],[73.0411,25.1408],[73.0461,25.1308],[73.0468,25.1208],[73.0498,25.1042],[73.0238,25.0894],[73.0188,25.0934],[73.0012,25.1011],[72.9974,25.1066],[72.9968,25.1128],[72.9976,25.1292],[72.9992,25.1368],[72.9988,25.1439],[72.9942,25.1482],[72.9899,25.15],[72.9847,25.1476],[72.9822,25.1392],[72.9766,25.138],[72.9702,25.1425],[72.9552,25.142],[72.9529,25.1436],[72.9517,25.1531],[72.9475,25.1654],[72.9503,25.1703],[72.9485,25.178],[72.945,25.1846],[72.946,25.188],[72.957,25.1817],[72.9593,25.184],[72.957,25.1945],[72.9638,25.1947],[72.973,25.1929],[72.9759,25.195],[72.974,25.1977],[72.973,25.2027],[72.976,25.2098],[72.977,25.217],[72.9756,25.2234],[72.9714,25.2275],[72.9675,25.2263],[72.9663,25.2215],[72.9526,25.2182],[72.9452,25.2179],[72.9419,25.2219],[72.9387,25.2301],[72.9401,25.2437],[72.9471,25.2444],[72.9527,25.2439],[72.9637,25.245],[72.9689,25.2444],[72.9787,25.2475],[72.9933,25.2575],[72.9983,25.2718],[72.9989,25.2813],[72.9978,25.2888],[72.9957,25.2924],[72.9908,25.2974],[72.9847,25.308],[72.981,25.322],[72.9761,25.3317],[72.9697,25.3372],[72.9552,25.3452],[72.9387,25.3569],[72.9364,25.3603],[72.9475,25.3643],[72.9562,25.3728],[72.9724,25.3715],[72.9866,25.3592],[72.9942,25.3474],[73.001,25.3507],[73.0065,25.3532],[73.0085,25.3562],[73.0094,25.361],[73.007,25.3685],[73.0049,25.3699],[73.001,25.3706],[72.995,25.3694],[72.9929,25.3728],[72.9931,25.3767],[73.0009,25.3814],[73.0088,25.3811],[73.0192,25.3774],[73.0226,25.3768],[73.0314,25.3823],[73.0414,25.3912],[73.0497,25.4005],[73.0539,25.4086],[73.0596,25.4156],[73.0613,25.4242],[73.0695,25.4378],[73.0652,25.4429],[73.0582,25.4465],[73.0711,25.4521],[73.08,25.4603],[73.0968,25.4681],[73.0878,25.4915],[73.0734,25.4935],[73.0636,25.4988],[73.0618,25.5045],[73.0582,25.5079],[73.0576,25.5163],[73.0592,25.5263],[73.0581,25.542],[73.0564,25.5483],[73.0579,25.5554],[73.0563,25.5603],[73.0497,25.5619],[73.0383,25.5778],[73.0343,25.5819],[73.0277,25.5841],[73.0007,25.5982],[72.9884,25.6068],[72.983,25.6036],[72.9757,25.6239],[72.9637,25.625],[72.9582,25.6308],[72.9438,25.6346],[72.935,25.6388],[72.9418,25.6465],[72.9359,25.6473],[72.9283,25.6544],[72.9215,25.6669],[72.9336,25.6851],[72.916,25.6826],[72.9078,25.6865],[72.8964,25.6888],[72.8893,25.6949],[72.8876,25.6994],[72.8899,25.7062],[72.8977,25.7106],[72.8924,25.7186],[72.8889,25.7346],[72.8756,25.739],[72.8739,25.7363],[72.8689,25.7393],[72.8709,25.7503],[72.8678,25.7519],[72.8474,25.7549],[72.821,25.7705],[72.8119,25.7736],[72.8054,25.7817],[72.7995,25.7924],[72.7777,25.8015],[72.7792,25.8083],[72.7833,25.8125],[72.7875,25.8127],[72.7949,25.8151],[72.799,25.8258],[72.7986,25.8294],[72.8033,25.8318],[72.8089,25.8295],[72.8108,25.8219],[72.8275,25.8168],[72.8346,25.816],[72.8423,25.8202],[72.8438,25.8235],[72.8441,25.8346],[72.8486,25.8418],[72.8343,25.863],[72.84,25.8709],[72.842,25.8907],[72.8529,25.8911],[72.8552,25.8985],[72.8662,25.8999],[72.8659,25.8919],[72.8685,25.8901],[72.8851,25.893],[72.9121,25.8934],[72.9202,25.8955],[72.9334,25.9024],[72.9581,25.9017],[72.9616,25.9054],[72.9718,25.9201],[72.9737,25.9267],[72.9745,25.9351],[72.9924,25.9411],[72.9966,25.9462],[73.0003,25.9532],[73.0179,25.9529],[73.0251,25.9538],[73.0318,25.9518],[73.05,25.9677],[73.054,25.9777],[73.0534,26.0002],[73.052,26.0044],[73.0509,26.0063],[73.0499,26.0104],[73.0496,26.0136],[73.0533,26.0139],[73.0588,26.0122],[73.0641,26.0141],[73.0695,26.0171],[73.0786,26.0177],[73.0911,26.0213],[73.0996,26.0251],[73.1069,26.0269],[73.1181,26.0309],[73.1266,26.0389],[73.1316,26.0431],[73.139,26.0444],[73.1475,26.042],[73.1554,26.0368],[73.1593,26.0351],[73.1652,26.0333],[73.1676,26.0331],[73.1773,26.0333],[73.1828,26.033],[73.1866,26.033],[73.1857,26.0358],[73.1841,26.0396],[73.182,26.0456],[73.18,26.0507],[73.1779,26.0543],[73.1785,26.0549],[73.1824,26.0572],[73.1867,26.0616],[73.1876,26.0635],[73.1924,26.0683],[73.1945,26.0757],[73.193,26.0804],[73.1926,26.0858],[73.1967,26.0853],[73.2008,26.0813],[73.2033,26.0787],[73.2074,26.0767],[73.2131,26.0764],[73.2188,26.0774],[73.2234,26.0748],[73.2258,26.0739],[73.2288,26.076],[73.2314,26.078],[73.2324,26.0799],[73.233,26.0824],[73.2366,26.0836],[73.2411,26.0849],[73.2446,26.0821],[73.2467,26.0784],[73.2504,26.0746],[73.2565,26.0713],[73.259,26.0702],[73.2598,26.069],[73.2587,26.0679],[73.2559,26.0669],[73.2531,26.066],[73.2504,26.0646],[73.2524,26.0595],[73.2547,26.0557],[73.2564,26.0537],[73.2601,26.0562],[73.2618,26.0574],[73.2697,26.0562],[73.2746,26.052],[73.2734,26.0493],[73.272,26.0474],[73.2751,26.0432],[73.2788,26.0412],[73.284,26.0383],[73.2896,26.0361],[73.2945,26.0346],[73.2984,26.0321],[73.3056,26.0277],[73.3075,26.0259],[73.3076,26.0218],[73.3072,26.0182],[73.3102,26.0146],[73.315,26.0134],[73.3166,26.0129],[73.3171,26.0126],[73.3183,26.0113],[73.3196,26.0095],[73.3199,26.0075],[73.3213,26.0051],[73.3247,26.0148],[73.3234,26.0162],[73.3224,26.0179],[73.3211,26.0195],[73.32,26.0226],[73.3188,26.0282],[73.3163,26.0341],[73.3186,26.0391],[73.3236,26.0404],[73.3274,26.0424],[73.3277,26.0466],[73.3288,26.0512],[73.3298,26.0548],[73.3328,26.0569],[73.3388,26.0579],[73.3419,26.0589],[73.3451,26.0615],[73.3502,26.0636],[73.3532,26.0612],[73.3577,26.0611],[73.3601,26.0627],[73.3595,26.0664],[73.3588,26.0711],[73.3589,26.0752],[73.3617,26.0771],[73.3633,26.0806],[73.3604,26.0832],[73.3554,26.0828],[73.3517,26.0857],[73.3494,26.0918],[73.3453,26.0993],[73.3417,26.1099],[73.3409,26.1172],[73.3437,26.1189],[73.3512,26.1257],[73.3559,26.1292],[73.3654,26.1355],[73.3683,26.1349],[73.3718,26.1349],[73.3731,26.142],[73.3731,26.1472],[73.3748,26.1518],[73.3768,26.1563],[73.3815,26.1555],[73.3871,26.1549],[73.3895,26.1573],[73.3928,26.1613],[73.3938,26.163],[73.3978,26.1627],[73.4031,26.1622],[73.4035,26.1549],[73.4055,26.1477],[73.4062,26.1389],[73.4064,26.1299],[73.4094,26.1258],[73.4136,26.1253],[73.4187,26.1283],[73.4251,26.1297],[73.4306,26.1298],[73.4365,26.1279],[73.4398,26.1218],[73.4485,26.1119],[73.4556,26.1047],[73.4595,26.0966],[73.4635,26.0894],[73.4664,26.0853],[73.4703,26.0855],[73.4772,26.0851],[73.4842,26.0833],[73.4872,26.0831],[73.4918,26.0827],[73.4999,26.0874],[73.5018,26.083],[73.5055,26.0792],[73.508,26.0746],[73.5105,26.0694],[73.513,26.0686],[73.5187,26.0673],[73.5253,26.0646],[73.5294,26.0636],[73.5298,26.0678],[73.5312,26.0734],[73.5316,26.0771],[73.5293,26.0849],[73.5263,26.0946],[73.5238,26.099],[73.5226,26.1029],[73.5261,26.1054],[73.5353,26.105],[73.5382,26.107],[73.5471,26.1089],[73.5551,26.1112],[73.5579,26.1098],[73.5614,26.1085],[73.5723,26.1132],[73.5767,26.1156],[73.5795,26.1199],[73.5774,26.1232],[73.5752,26.1318],[73.5787,26.1315],[73.5845,26.1276],[73.5869,26.1258],[73.5971,26.1287],[73.5985,26.13],[73.6042,26.1292],[73.6057,26.1297],[73.6103,26.1332],[73.6139,26.1358],[73.6191,26.1402],[73.6253,26.1449],[73.6287,26.147],[73.6336,26.1411],[73.6421,26.136],[73.6482,26.1315],[73.6531,26.1262],[73.653,26.1159],[73.6507,26.1064],[73.6512,26.1002],[73.6502,26.0964],[73.6492,26.0922],[73.6502,26.0869],[73.6497,26.0836],[73.6501,26.0781],[73.6533,26.0782],[73.6551,26.0783],[73.656,26.0765],[73.6591,26.073],[73.6646,26.0705],[73.6751,26.0679],[73.6808,26.065],[73.6859,26.0624],[73.6905,26.062],[73.6957,26.0636],[73.6989,26.0688],[73.7024,26.0765],[73.7061,26.0812],[73.7095,26.0871],[73.7141,26.0954],[73.7193,26.1028],[73.7239,26.1086],[73.7341,26.1133],[73.7411,26.1135],[73.7466,26.1116],[73.7475,26.1078],[73.7495,26.1028],[73.7516,26.1022],[73.7542,26.1001],[73.7546,26.0953],[73.7552,26.0938],[73.7594,26.0927],[73.764,26.093],[73.7643,26.0958],[73.7651,26.0978],[73.7722,26.0977],[73.7809,26.0984],[73.7924,26.0987],[73.795,26.0988],[73.7981,26.0981],[73.8001,26.0976],[73.8017,26.0971],[73.8036,26.0973],[73.8058,26.0998],[73.8076,26.1031],[73.8132,26.1124],[73.8129,26.1182],[73.8103,26.1265],[73.8065,26.1324],[73.8025,26.1383],[73.7964,26.1455],[73.7938,26.1484],[73.7878,26.1523],[73.7857,26.1575],[73.786,26.1636],[73.7879,26.1673],[73.7902,26.1701],[73.7918,26.1737],[73.7942,26.1802],[73.7961,26.1881],[73.7977,26.1944],[73.8002,26.2006],[73.8031,26.2037],[73.8046,26.2068],[73.8034,26.2119],[73.8016,26.2156],[73.7974,26.2223],[73.7943,26.2277],[73.7918,26.2322],[73.7901,26.2361],[73.791,26.2406],[73.7918,26.247],[73.795,26.2527],[73.7995,26.2577],[73.8073,26.2638],[73.8098,26.2689],[73.8093,26.2746],[73.8117,26.2826],[73.8136,26.287],[73.8134,26.2914],[73.8132,26.2947],[73.8108,26.2982],[73.8063,26.299],[73.8039,26.3055],[73.8048,26.3065],[73.8062,26.3089],[73.805,26.3108],[73.8019,26.3116],[73.7982,26.3131],[73.7945,26.3147],[73.7918,26.3169],[73.7908,26.3193],[73.7948,26.3213],[73.7978,26.3203],[73.8013,26.3188],[73.804,26.3172],[73.8068,26.3154],[73.8099,26.315],[73.8112,26.3155],[73.8123,26.3168],[73.8128,26.3208],[73.8119,26.3242],[73.8127,26.3289],[73.8133,26.3344],[73.8128,26.3388],[73.8131,26.3431],[73.8141,26.3495],[73.8172,26.3576],[73.8215,26.3636],[73.828,26.3689],[73.8359,26.372],[73.8447,26.3738],[73.8518,26.376],[73.8532,26.3767],[73.8554,26.3794],[73.8548,26.3805],[73.8518,26.3817],[73.8487,26.3822],[73.8449,26.3826],[73.8423,26.3845],[73.8429,26.3884],[73.8439,26.3946],[73.8454,26.3991],[73.8455,26.4042],[73.846,26.4073],[73.849,26.4093],[73.8519,26.4107],[73.8554,26.412],[73.8591,26.4129],[73.8631,26.4151],[73.8654,26.4171],[73.8663,26.4198],[73.8694,26.4224],[73.8731,26.4305],[73.8808,26.4265],[73.887,26.4252],[73.8974,26.4236],[73.907,26.4268],[73.9124,26.4282],[73.916,26.426],[73.9221,26.4236],[73.9288,26.4231],[73.9389,26.4221],[73.9473,26.4215],[73.953,26.4196],[73.9581,26.4193],[73.9665,26.4219],[73.9687,26.4239],[73.9711,26.4288],[73.9723,26.4313],[73.9748,26.4292],[73.9771,26.4274],[73.9804,26.4276],[73.9826,26.4239],[73.9878,26.4213],[73.9909,26.4214],[73.9949,26.4224],[73.997,26.4214],[74,26.4205],[74.0167,26.4212],[74.0244,26.4241],[74.029,26.4229],[74.0297,26.4141],[74.0351,26.4106],[74.0412,26.4089],[74.0437,26.4129],[74.0469,26.4163],[74.0518,26.4187],[74.0698,26.4229],[74.076,26.4208],[74.077,26.419],[74.0856,26.4187],[74.0856,26.4157],[74.0967,26.4156],[74.1041,26.4167],[74.1016,26.4292],[74.1011,26.4386],[74.0995,26.4464],[74.1089,26.4485],[74.1162,26.455],[74.1234,26.4562],[74.128,26.4455],[74.1315,26.4437],[74.1332,26.4364],[74.1379,26.4363],[74.14,26.4318],[74.1471,26.4294],[74.1482,26.4263],[74.1572,26.4248],[74.1593,26.4113],[74.1722,26.4146],[74.1734,26.4162],[74.1747,26.4212],[74.1809,26.4221],[74.192,26.4255],[74.1911,26.4371],[74.197,26.4377],[74.2034,26.4395],[74.2146,26.4442],[74.216,26.4428],[74.2253,26.4493],[74.2251,26.4522],[74.2283,26.4528],[74.2382,26.4613],[74.2437,26.4575],[74.248,26.4565],[74.2526,26.4574],[74.2569,26.4545],[74.2631,26.4545],[74.2663,26.4535],[74.2787,26.4565],[74.2908,26.449]]]},"properties":{"district_name":"Pali","raw_district_name":"Pali","state_code":"RJ","state_name":"Rajasthan","census_code":118,"data_source":"DataMeet India Maps (Census 2011 Boundaries)"}},{"type":"Feature","geometry":{"type":"Polygon","coordinates":[[[74.7734,23.5404],[74.7745,23.5504],[74.7689,23.5622],[74.7667,23.5693],[74.7685,23.5757],[74.7731,23.5833],[74.7729,23.5887],[74.7611,23.6028],[74.7551,23.608],[74.7477,23.6128],[74.7353,23.6144],[74.7276,23.612],[74.7216,23.6147],[74.7126,23.624],[74.7042,23.6328],[74.6979,23.6446],[74.6966,23.6517],[74.6723,23.6656],[74.6678,23.6671],[74.6648,23.6667],[74.6615,23.6644],[74.6587,23.6614],[74.6568,23.6581],[74.6548,23.6547],[74.6534,23.6512],[74.6508,23.6461],[74.6471,23.6418],[74.643,23.6405],[74.6359,23.6433],[74.6286,23.6469],[74.6194,23.6448],[74.6121,23.6388],[74.6093,23.6364],[74.6017,23.6342],[74.5987,23.6304],[74.5923,23.6276],[74.5862,23.6267],[74.5748,23.6291],[74.5688,23.6289],[74.5626,23.6254],[74.552,23.6192],[74.5512,23.6192],[74.5513,23.6198],[74.5487,23.6226],[74.5457,23.6282],[74.5433,23.6318],[74.5409,23.6343],[74.5285,23.6339],[74.5205,23.6372],[74.5191,23.6419],[74.5211,23.6497],[74.529,23.662],[74.5325,23.673],[74.5323,23.6777],[74.5304,23.6818],[74.5316,23.6948],[74.5314,23.6979],[74.5314,23.713],[74.5269,23.7263],[74.5256,23.7299],[74.5282,23.7342],[74.5333,23.7349],[74.5423,23.7347],[74.5513,23.735],[74.5551,23.7382],[74.5567,23.7425],[74.5554,23.7466],[74.5546,23.7517],[74.5532,23.7579],[74.5546,23.7637],[74.5537,23.772],[74.5558,23.7757],[74.5584,23.7815],[74.5576,23.7882],[74.555,23.7949],[74.5553,23.8027],[74.5605,23.8117],[74.5585,23.8194],[74.5515,23.8259],[74.5423,23.8282],[74.5282,23.8277],[74.5184,23.8331],[74.5142,23.8397],[74.5134,23.8443],[74.5166,23.8491],[74.5252,23.8588],[74.5272,23.8651],[74.5288,23.8714],[74.5276,23.8738],[74.5262,23.8827],[74.5204,23.8869],[74.4979,23.8948],[74.4933,23.9016],[74.4905,23.9093],[74.4851,23.9199],[74.4798,23.9241],[74.4714,23.9244],[74.4608,23.9229],[74.451,23.9198],[74.4396,23.9089],[74.434,23.9061],[74.4254,23.9065],[74.42,23.9078],[74.4132,23.907],[74.4074,23.9036],[74.4002,23.9019],[74.3903,23.9038],[74.3841,23.9058],[74.3831,23.9091],[74.373,23.9234],[74.3669,23.9335],[74.3604,23.935],[74.3347,23.9381],[74.3262,23.9363],[74.3248,23.9374],[74.3257,23.9461],[74.3354,23.9653],[74.3382,23.9759],[74.337,23.9839],[74.3249,23.994],[74.3324,23.9979],[74.3362,24.0018],[74.3371,24.0083],[74.3378,24.0092],[74.3273,24.0137],[74.3055,24.0327],[74.2972,24.0367],[74.2963,24.043],[74.2976,24.0494],[74.2993,24.0642],[74.3014,24.067],[74.3044,24.071],[74.3075,24.071],[74.3127,24.0674],[74.3163,24.0527],[74.3219,24.0479],[74.328,24.048],[74.3345,24.0584],[74.3392,24.0636],[74.3462,24.0688],[74.3461,24.072],[74.344,24.0756],[74.3426,24.0811],[74.3439,24.0839],[74.3478,24.0852],[74.3599,24.0916],[74.363,24.0916],[74.3652,24.088],[74.3652,24.0844],[74.3695,24.084],[74.3756,24.0797],[74.3796,24.0709],[74.379,24.0669],[74.3796,24.0669],[74.3874,24.0733],[74.39,24.0738],[74.3961,24.0738],[74.3983,24.071],[74.4039,24.0674],[74.4096,24.0667],[74.4183,24.0667],[74.4222,24.0675],[74.4235,24.0723],[74.4243,24.0747],[74.4282,24.0775],[74.4352,24.0819],[74.4378,24.0843],[74.4371,24.085],[74.4352,24.0945],[74.4381,24.0962],[74.4333,24.1109],[74.4323,24.1148],[74.4323,24.1157],[74.4276,24.1183],[74.4233,24.1187],[74.4214,24.1273],[74.4183,24.1302],[74.413,24.1369],[74.4075,24.1369],[74.4036,24.1408],[74.4005,24.1456],[74.3944,24.1472],[74.3901,24.1492],[74.3853,24.1527],[74.3801,24.1563],[74.3739,24.1619],[74.3643,24.173],[74.3591,24.1805],[74.3599,24.1929],[74.3698,24.2093],[74.3771,24.2209],[74.3836,24.2353],[74.3853,24.2512],[74.387,24.258],[74.3922,24.2632],[74.3939,24.2684],[74.3938,24.28],[74.3912,24.2848],[74.3929,24.2892],[74.3964,24.2932],[74.3977,24.296],[74.3979,24.3035],[74.4147,24.2921],[74.4153,24.2776],[74.4167,24.2449],[74.4388,24.235],[74.4682,24.2218],[74.4691,24.2373],[74.4764,24.2394],[74.4764,24.2441],[74.4779,24.2529],[74.4823,24.261],[74.4859,24.2638],[74.4948,24.2706],[74.4999,24.2801],[74.5014,24.2814],[74.5065,24.2808],[74.5106,24.2792],[74.5117,24.2843],[74.5117,24.29],[74.5123,24.2927],[74.513,24.2954],[74.5152,24.2984],[74.5182,24.3014],[74.5191,24.3053],[74.5207,24.3083],[74.5207,24.3152],[74.5158,24.3217],[74.5125,24.3253],[74.5119,24.3283],[74.5125,24.3349],[74.5151,24.3415],[74.5151,24.3457],[74.5141,24.3508],[74.5101,24.3579],[74.5068,24.3603],[74.5035,24.3666],[74.5035,24.3726],[74.5058,24.3783],[74.5133,24.3852],[74.5182,24.39],[74.5279,24.3963],[74.5364,24.4017],[74.5429,24.4113],[74.5455,24.4182],[74.5468,24.4266],[74.5471,24.4331],[74.5464,24.4406],[74.5447,24.4559],[74.5447,24.4624],[74.5463,24.4675],[74.5427,24.4786],[74.5538,24.4762],[74.5639,24.4772],[74.5688,24.4829],[74.5769,24.4907],[74.5845,24.4934],[74.591,24.4931],[74.5998,24.4886],[74.6044,24.4851],[74.6067,24.4821],[74.6074,24.4782],[74.611,24.4749],[74.6162,24.4764],[74.6198,24.4791],[74.6332,24.4863],[74.6345,24.489],[74.6391,24.489],[74.6449,24.4881],[74.6485,24.4902],[74.6515,24.4917],[74.6567,24.4909],[74.6623,24.4885],[74.6734,24.4876],[74.6809,24.4891],[74.6914,24.4921],[74.7021,24.4984],[74.707,24.5011],[74.7136,24.5061],[74.716,24.5052],[74.7242,24.5074],[74.7277,24.5077],[74.7313,24.507],[74.7356,24.5006],[74.7512,24.489],[74.7578,24.4858],[74.7614,24.4855],[74.7668,24.4876],[74.7739,24.482],[74.7796,24.4803],[74.7821,24.4818],[74.7855,24.4868],[74.7925,24.4902],[74.7966,24.4901],[74.8023,24.489],[74.8087,24.4899],[74.8115,24.4889],[74.8152,24.4891],[74.8175,24.488],[74.8231,24.4847],[74.8231,24.4847],[74.8249,24.4804],[74.8254,24.4761],[74.8208,24.4698],[74.8189,24.4588],[74.8344,24.4573],[74.8372,24.4622],[74.8415,24.4641],[74.8452,24.4627],[74.8501,24.4635],[74.8514,24.4657],[74.8548,24.467],[74.8589,24.4642],[74.8577,24.4601],[74.8589,24.4524],[74.8582,24.4483],[74.8546,24.4463],[74.8484,24.4404],[74.8465,24.4376],[74.8358,24.4264],[74.8276,24.4205],[74.8278,24.4137],[74.8278,24.4137],[74.827,24.4076],[74.8258,24.4052],[74.8153,24.4076],[74.8129,24.406],[74.8059,24.3924],[74.8028,24.3842],[74.7988,24.3811],[74.7936,24.3731],[74.7888,24.3687],[74.7874,24.3686],[74.785,24.3643],[74.7821,24.3553],[74.7832,24.3516],[74.7866,24.3457],[74.7867,24.3408],[74.7842,24.333],[74.7835,24.3164],[74.784,24.3169],[74.7852,24.3181],[74.784,24.3137],[74.7674,24.3014],[74.7577,24.2932],[74.7533,24.2864],[74.753,24.2796],[74.755,24.276],[74.7637,24.2718],[74.7667,24.2704],[74.7728,24.2689],[74.78,24.2696],[74.7906,24.2688],[74.7906,24.2688],[74.8155,24.2739],[74.82,24.2732],[74.8262,24.2702],[74.8331,24.2685],[74.8393,24.2681],[74.8443,24.267],[74.8538,24.2668],[74.857,24.2691],[74.8602,24.2699],[74.8624,24.2704],[74.863,24.2706],[74.8645,24.2708],[74.8645,24.2708],[74.8702,24.2776],[74.8759,24.2749],[74.8858,24.2656],[74.8896,24.2637],[74.8948,24.2585],[74.8975,24.246],[74.9046,24.2427],[74.9051,24.2425],[74.906,24.2421],[74.9078,24.2376],[74.9064,24.2305],[74.9032,24.2278],[74.8987,24.2259],[74.8902,24.2237],[74.8872,24.2218],[74.8806,24.2133],[74.8815,24.2103],[74.8977,24.1839],[74.8981,24.1792],[74.8999,24.1753],[74.9008,24.1711],[74.9008,24.1711],[74.9206,24.1597],[74.9219,24.1571],[74.928,24.154],[74.924,24.1461],[74.9251,24.142],[74.9371,24.1358],[74.9394,24.1247],[74.9366,24.1206],[74.9396,24.1179],[74.9553,24.1088],[74.96,24.1069],[74.9613,24.1023],[74.9612,24.0909],[74.9623,24.0864],[74.9656,24.0795],[74.972,24.0746],[74.9767,24.0728],[74.9799,24.0688],[74.9816,24.0378],[74.9908,24.0302],[74.9934,24.0265],[74.9928,24.02],[74.9882,24.0111],[74.9802,24.0067],[74.9726,24.0004],[74.9732,23.9878],[74.969,23.9765],[74.9637,23.9705],[74.9417,23.9574],[74.9378,23.9529],[74.9317,23.9437],[74.9313,23.9418],[74.93,23.9378],[74.9245,23.9355],[74.9215,23.9326],[74.9238,23.9261],[74.9235,23.9218],[74.9176,23.9144],[74.9147,23.9093],[74.9139,23.9002],[74.9106,23.8854],[74.9073,23.8736],[74.9057,23.8708],[74.9052,23.865],[74.9069,23.8533],[74.9103,23.849],[74.9132,23.8468],[74.9158,23.8426],[74.9133,23.8335],[74.9119,23.8095],[74.9103,23.7977],[74.915,23.7961],[74.9276,23.7952],[74.9299,23.7911],[74.9378,23.7736],[74.9395,23.7676],[74.9399,23.7627],[74.9318,23.755],[74.9319,23.7533],[74.938,23.7398],[74.9405,23.7318],[74.9319,23.7252],[74.9241,23.7161],[74.9228,23.7108],[74.9229,23.6935],[74.9173,23.6891],[74.9103,23.6849],[74.9074,23.6798],[74.9097,23.6739],[74.924,23.6654],[74.9282,23.6501],[74.9304,23.6452],[74.9388,23.6401],[74.9402,23.6339],[74.9395,23.6273],[74.9277,23.6213],[74.9217,23.6193],[74.9093,23.6211],[74.9058,23.6199],[74.8977,23.6092],[74.8857,23.6034],[74.8846,23.6003],[74.879,23.593],[74.877,23.5914],[74.8742,23.5871],[74.8746,23.5806],[74.8722,23.5752],[74.8689,23.5718],[74.8613,23.5694],[74.8585,23.5665],[74.851,23.5544],[74.8449,23.5512],[74.8371,23.5503],[74.8295,23.5466],[74.8186,23.5379],[74.8152,23.5367],[74.8117,23.5355],[74.8023,23.5311],[74.7981,23.5375],[74.7957,23.5434],[74.7915,23.5458],[74.7844,23.5451],[74.7734,23.5404]]]},"properties":{"district_name":"Pratapgarh","raw_district_name":"Pratapgarh","state_code":"RJ","state_name":"Rajasthan","census_code":131,"data_source":"DataMeet India Maps (Census 2011 Boundaries)"}},{"type":"Feature","geometry":{"type":"MultiPolygon","coordinates":[[[[74.1269,25.8617],[74.1419,25.8547],[74.1517,25.8557],[74.1677,25.8472],[74.1735,25.8442],[74.1836,25.8483],[74.1829,25.838],[74.1817,25.8324],[74.1749,25.8274],[74.1702,25.8138],[74.1792,25.8146],[74.1932,25.8206],[74.1998,25.8148],[74.2156,25.8058],[74.2097,25.8023],[74.199,25.7987],[74.2014,25.7885],[74.205,25.7824],[74.2069,25.7741],[74.202,25.7694],[74.1948,25.7668],[74.1906,25.7661],[74.1882,25.7624],[74.1912,25.7586],[74.1953,25.7457],[74.1959,25.7393],[74.1793,25.7372],[74.172,25.733],[74.1712,25.7322],[74.1614,25.7297],[74.1546,25.7328],[74.1517,25.7315],[74.1394,25.7257],[74.1294,25.724],[74.113,25.7192],[74.1085,25.7214],[74.1043,25.7193],[74.0983,25.716],[74.0871,25.7041],[74.0838,25.6976],[74.0827,25.6907],[74.0765,25.6774],[74.0782,25.677],[74.094,25.6733],[74.0999,25.6647],[74.1071,25.6576],[74.1201,25.6547],[74.1268,25.648],[74.1236,25.6428],[74.1173,25.6362],[74.1152,25.6292],[74.1146,25.6233],[74.1161,25.6183],[74.1158,25.6144],[74.1166,25.6104],[74.1195,25.6058],[74.1132,25.6031],[74.1107,25.6035],[74.1051,25.5917],[74.1006,25.5908],[74.0908,25.5939],[74.084,25.583],[74.0665,25.5801],[74.06,25.5767],[74.0567,25.5694],[74.0582,25.565],[74.0643,25.5604],[74.0684,25.5627],[74.0843,25.5569],[74.0832,25.5512],[74.077,25.538],[74.0795,25.5323],[74.0858,25.5233],[74.0907,25.5214],[74.0984,25.515],[74.1028,25.5139],[74.0984,25.5074],[74.0944,25.5044],[74.0899,25.5047],[74.0854,25.5011],[74.0861,25.4972],[74.093,25.494],[74.091,25.4902],[74.077,25.494],[74.0647,25.4891],[74.0597,25.4934],[74.0542,25.4946],[74.0448,25.4989],[74.04,25.4941],[74.0371,25.4875],[74.0364,25.4799],[74.0345,25.4735],[74.0391,25.4697],[74.0444,25.4685],[74.0486,25.4667],[74.0528,25.4634],[74.05,25.4592],[74.0413,25.4589],[74.0376,25.4618],[74.0294,25.4639],[74.0288,25.4588],[74.0312,25.4555],[74.027,25.453],[74.0233,25.453],[74.0224,25.4496],[74.0161,25.4379],[74.0162,25.435],[74.0222,25.4325],[74.0276,25.4329],[74.036,25.4361],[74.0438,25.4379],[74.0511,25.4382],[74.0552,25.4371],[74.0585,25.4394],[74.0662,25.4297],[74.0618,25.426],[74.058,25.4204],[74.0597,25.4166],[74.0706,25.413],[74.0768,25.412],[74.076,25.4077],[74.0726,25.4023],[74.0676,25.4053],[74.0622,25.401],[74.0552,25.4034],[74.0532,25.3971],[74.0494,25.3937],[74.0418,25.3962],[74.0354,25.3897],[74.0321,25.385],[74.0277,25.3869],[74.0228,25.3918],[74.0179,25.3904],[74.0135,25.3874],[74.0125,25.3817],[74.013,25.3749],[74.0188,25.3732],[74.0241,25.3683],[74.0255,25.3627],[74.0238,25.3515],[74.0264,25.3422],[74.0297,25.3386],[74.0341,25.3314],[74.0452,25.3284],[74.0488,25.325],[74.0523,25.3238],[74.0593,25.3232],[74.0635,25.3222],[74.0637,25.3222],[74.0655,25.3214],[74.0714,25.3225],[74.0755,25.3249],[74.0826,25.3192],[74.084,25.3167],[74.083,25.3098],[74.0765,25.301],[74.0664,25.302],[74.0566,25.3018],[74.0549,25.3018],[74.0532,25.302],[74.0532,25.302],[74.0455,25.3027],[74.043,25.3019],[74.0406,25.3081],[74.0368,25.3122],[74.0292,25.3151],[74.0255,25.3143],[74.0228,25.3159],[74.0189,25.3105],[74.0242,25.3086],[74.0268,25.3049],[74.0332,25.3023],[74.0363,25.2975],[74.0338,25.2895],[74.0277,25.2832],[74.0269,25.2721],[74.0315,25.264],[74.0366,25.2641],[74.0407,25.26],[74.0428,25.2533],[74.0459,25.2485],[74.047,25.2438],[74.0462,25.2366],[74.0501,25.2363],[74.0581,25.2435],[74.0689,25.2449],[74.0773,25.2429],[74.0889,25.2381],[74.0985,25.2353],[74.1073,25.242],[74.1134,25.2482],[74.1239,25.2422],[74.123,25.2418],[74.1149,25.2221],[74.105,25.2047],[74.1034,25.1985],[74.103,25.1906],[74.1018,25.185],[74.098,25.1829],[74.092,25.1842],[74.0825,25.1766],[74.0754,25.1789],[74.0655,25.1571],[74.0621,25.1518],[74.0565,25.1476],[74.057,25.1469],[74.0587,25.1465],[74.064,25.1399],[74.0799,25.149],[74.0889,25.1506],[74.0965,25.1497],[74.0942,25.1414],[74.1097,25.1338],[74.1123,25.1384],[74.12,25.1382],[74.1307,25.134],[74.1342,25.1306],[74.1433,25.1287],[74.1484,25.1309],[74.1555,25.1213],[74.1648,25.1274],[74.1816,25.1127],[74.1839,25.1011],[74.1901,25.1004],[74.1907,25.0969],[74.1866,25.0945],[74.1839,25.0903],[74.1828,25.0885],[74.1847,25.0884],[74.1881,25.0881],[74.188,25.0801],[74.1893,25.0675],[74.1888,25.0601],[74.1945,25.0534],[74.2,25.0557],[74.2102,25.0518],[74.2166,25.0483],[74.2216,25.0494],[74.2194,25.0574],[74.2242,25.0645],[74.2336,25.0691],[74.2431,25.0692],[74.2521,25.0693],[74.2595,25.0651],[74.2657,25.0615],[74.2739,25.0628],[74.2777,25.0598],[74.2986,25.0435],[74.2962,25.0382],[74.3059,25.0376],[74.3109,25.0379],[74.314,25.038],[74.3166,25.0341],[74.3198,25.032],[74.3222,25.0261],[74.3195,25.0254],[74.314,25.0154],[74.3169,25.0119],[74.3109,25.0048],[74.3076,25.001],[74.3067,24.9963],[74.3072,24.9951],[74.3031,24.9926],[74.2999,24.9946],[74.2973,24.9975],[74.2945,24.9988],[74.2934,24.9984],[74.2909,24.9954],[74.2873,24.9975],[74.284,24.9944],[74.2812,24.9932],[74.2798,24.9946],[74.2757,24.9945],[74.271,24.9916],[74.27,24.9887],[74.2713,24.9841],[74.2626,24.9855],[74.258,24.9903],[74.2568,24.9916],[74.2501,24.9947],[74.2424,24.9962],[74.2276,24.9951],[74.2271,24.9941],[74.2249,24.9895],[74.2204,24.9904],[74.2144,24.988],[74.2095,24.9849],[74.2028,24.9861],[74.2025,24.9853],[74.1998,24.9786],[74.2028,24.9739],[74.2043,24.9695],[74.2038,24.9603],[74.2008,24.9523],[74.1955,24.9474],[74.1923,24.9462],[74.1892,24.9451],[74.1892,24.9372],[74.1886,24.9331],[74.1881,24.9298],[74.1771,24.9209],[74.1724,24.918],[74.1646,24.9161],[74.1633,24.9089],[74.1634,24.9071],[74.1637,24.9019],[74.1626,24.9016],[74.1589,24.9004],[74.1519,24.8889],[74.1468,24.8862],[74.1389,24.8762],[74.1379,24.872],[74.137,24.8682],[74.1373,24.8621],[74.1303,24.8625],[74.1242,24.8647],[74.1166,24.8645],[74.111,24.8652],[74.1068,24.8619],[74.1146,24.8535],[74.1215,24.8518],[74.1135,24.8493],[74.0911,24.8434],[74.0782,24.8409],[74.0455,24.8328],[74.03,24.8426],[74.0281,24.8474],[74.0183,24.8718],[74.0018,24.8922],[73.9916,24.8845],[73.9852,24.8797],[73.9808,24.8755],[73.9582,24.854],[73.947,24.8681],[73.9423,24.8725],[73.931,24.8815],[73.9047,24.8795],[73.896,24.8788],[73.8688,24.8832],[73.8553,24.8867],[73.8532,24.8769],[73.8438,24.8563],[73.8087,24.7802],[73.7961,24.7448],[73.7835,24.7351],[73.7564,24.7386],[73.7401,24.7552],[73.7253,24.7703],[73.7028,24.789],[73.6912,24.7898],[73.6388,24.7791],[73.6116,24.7746],[73.601,24.7835],[73.595,24.7913],[73.595,24.8011],[73.589,24.8184],[73.5794,24.8465],[73.5695,24.8799],[73.5645,24.911],[73.5615,24.934],[73.5349,24.9549],[73.5069,24.9756],[73.5127,25.0066],[73.5232,25.0314],[73.5203,25.0403],[73.5115,25.0428],[73.5008,25.0535],[73.5007,25.0758],[73.5006,25.093],[73.5006,25.0987],[73.5033,25.1178],[73.5036,25.118],[73.5034,25.1187],[73.5003,25.126],[73.5022,25.1275],[73.5204,25.1418],[73.5421,25.155],[73.5491,25.1557],[73.5524,25.1633],[73.5576,25.1665],[73.5668,25.1694],[73.5728,25.1847],[73.58,25.188],[73.5885,25.19],[73.5939,25.1928],[73.5951,25.1952],[73.595,25.1975],[73.5948,25.2034],[73.5978,25.202],[73.6014,25.2034],[73.603,25.2097],[73.6033,25.2218],[73.606,25.2244],[73.6118,25.2529],[73.6175,25.2541],[73.6223,25.2579],[73.6184,25.2704],[73.6155,25.2749],[73.615,25.2803],[73.6121,25.2863],[73.6237,25.3027],[73.6427,25.3159],[73.6499,25.3116],[73.6489,25.3257],[73.6594,25.3306],[73.6691,25.346],[73.6769,25.3513],[73.6984,25.3597],[73.7052,25.3724],[73.7084,25.3818],[73.7232,25.3796],[73.7336,25.3821],[73.7419,25.3935],[73.7488,25.4041],[73.7517,25.4184],[73.7526,25.4304],[73.7557,25.4408],[73.7606,25.4455],[73.7693,25.4573],[73.7745,25.4724],[73.7793,25.4823],[73.7896,25.4896],[73.8073,25.5111],[73.8094,25.5214],[73.8166,25.5423],[73.8288,25.5637],[73.8332,25.5755],[73.8291,25.5826],[73.8309,25.5867],[73.8493,25.6112],[73.8519,25.6155],[73.8591,25.6262],[73.8637,25.6372],[73.8647,25.6509],[73.8703,25.6567],[73.8791,25.6638],[73.8872,25.6674],[73.8934,25.6683],[73.896,25.6715],[73.9022,25.6745],[73.9057,25.6843],[73.9062,25.6852],[73.9264,25.6805],[73.9311,25.6777],[73.9323,25.673],[73.9385,25.6706],[73.9417,25.6668],[73.9442,25.6593],[73.949,25.6506],[73.9568,25.654],[73.9815,25.6683],[73.9875,25.6688],[73.9884,25.672],[73.9854,25.6786],[73.9993,25.69],[74.0083,25.6944],[74.0119,25.6982],[74.0128,25.7037],[74.0081,25.7059],[73.9992,25.7077],[73.9926,25.7099],[73.9878,25.7082],[73.9779,25.7139],[73.9803,25.7163],[73.9868,25.719],[73.9993,25.7263],[74.0105,25.7408],[74.0169,25.7466],[74.0277,25.7467],[74.0416,25.7454],[74.0491,25.7513],[74.0566,25.7559],[74.0693,25.7596],[74.0852,25.7655],[74.0933,25.7671],[74.094,25.7711],[74.0921,25.7741],[74.0958,25.7806],[74.0956,25.7838],[74.0927,25.7869],[74.0895,25.7925],[74.0789,25.7979],[74.0698,25.8043],[74.0643,25.8106],[74.0632,25.8179],[74.0563,25.8289],[74.0602,25.8323],[74.0796,25.8468],[74.0909,25.8512],[74.0941,25.8491],[74.099,25.8468],[74.1076,25.8525],[74.117,25.8661],[74.1175,25.8636],[74.1269,25.8617]]],[[[74.3505,26.0218],[74.358,26.0161],[74.3621,26.0169],[74.3678,26.0152],[74.3773,26.01],[74.3822,26.0116],[74.3878,26.0082],[74.3908,26.0054],[74.3906,26.0008],[74.3885,25.9925],[74.3915,25.986],[74.391,25.9815],[74.387,25.9762],[74.388,25.9631],[74.3889,25.9623],[74.3815,25.9564],[74.372,25.9516],[74.3568,25.9503],[74.3507,25.9472],[74.3453,25.9403],[74.3348,25.9403],[74.329,25.9354],[74.3281,25.9299],[74.3317,25.9235],[74.3386,25.9159],[74.3452,25.917],[74.3462,25.9092],[74.3455,25.9026],[74.3413,25.8994],[74.3335,25.8964],[74.3145,25.8863],[74.3071,25.8932],[74.303,25.8934],[74.2896,25.8866],[74.2837,25.8806],[74.2724,25.8718],[74.2676,25.8714],[74.2578,25.8816],[74.2458,25.8946],[74.2422,25.9097],[74.236,25.9072],[74.2346,25.9154],[74.2308,25.9277],[74.2323,25.9345],[74.2404,25.9347],[74.2463,25.9338],[74.257,25.9356],[74.2642,25.9336],[74.2683,25.942],[74.266,25.9458],[74.2688,25.9507],[74.2726,25.9477],[74.2756,25.9397],[74.2805,25.939],[74.2806,25.9335],[74.2826,25.9263],[74.2867,25.9196],[74.285,25.9128],[74.2894,25.9088],[74.2934,25.909],[74.2971,25.9126],[74.298,25.9271],[74.2891,25.9244],[74.2897,25.9379],[74.2857,25.9601],[74.2818,25.9621],[74.2836,25.9658],[74.2872,25.9668],[74.2927,25.9713],[74.2894,25.9722],[74.2926,25.9811],[74.2964,25.9818],[74.297,25.9835],[74.3217,26.0007],[74.3202,26.0058],[74.3203,26.0091],[74.3228,26.0115],[74.3288,26.0123],[74.3347,26.0157],[74.3394,26.0174],[74.3434,26.0163],[74.3459,26.0226],[74.3505,26.0218]]],[[[74.2452,25.881],[74.2548,25.8694],[74.2583,25.8675],[74.2575,25.8671],[74.244,25.8575],[74.2342,25.8485],[74.2247,25.8435],[74.2161,25.8493],[74.2055,25.8533],[74.198,25.8542],[74.1968,25.8537],[74.1987,25.8628],[74.2027,25.8718],[74.2064,25.8703],[74.2122,25.8858],[74.2223,25.898],[74.2281,25.893],[74.2452,25.881]]],[[[74.146,25.6688],[74.138,25.6682],[74.1315,25.6689],[74.1311,25.6755],[74.1381,25.6802],[74.1508,25.6825],[74.1572,25.68],[74.1582,25.6752],[74.1555,25.6707],[74.146,25.6688]]],[[[74.1864,25.5686],[74.1808,25.566],[74.1716,25.567],[74.1684,25.5723],[74.1656,25.5831],[74.1682,25.5867],[74.1763,25.5852],[74.1818,25.5837],[74.1831,25.58],[74.1823,25.5759],[74.1831,25.5723],[74.1864,25.5686]]]]},"properties":{"district_name":"Rajsamand","raw_district_name":"Rajsamand","state_code":"RJ","state_name":"Rajasthan","census_code":123,"data_source":"DataMeet India Maps (Census 2011 Boundaries)"}},{"type":"Feature","geometry":{"type":"Polygon","coordinates":[[[75.0296,28.1982],[75.0316,28.1956],[75.0381,28.1943],[75.0395,28.1923],[75.0433,28.1912],[75.0646,28.1925],[75.0744,28.1921],[75.0811,28.1905],[75.0857,28.1866],[75.0802,28.1806],[75.0631,28.1724],[75.0561,28.167],[75.0551,28.1624],[75.0555,28.1561],[75.0621,28.1592],[75.0728,28.1583],[75.0896,28.1594],[75.0946,28.1548],[75.0983,28.1544],[75.1019,28.1528],[75.1039,28.1505],[75.1109,28.1487],[75.1112,28.1461],[75.1141,28.1438],[75.1207,28.1401],[75.1239,28.1365],[75.1287,28.1348],[75.1304,28.1311],[75.1307,28.1271],[75.1303,28.1227],[75.1287,28.12],[75.1127,28.112],[75.1174,28.0921],[75.1177,28.0858],[75.1112,28.0839],[75.1074,28.0802],[75.1039,28.0754],[75.1022,28.07],[75.1027,28.0643],[75.1111,28.0497],[75.1186,28.0458],[75.1214,28.0388],[75.126,28.0344],[75.1299,28.0252],[75.1363,28.0237],[75.1485,28.0257],[75.1569,28.0078],[75.1611,27.9994],[75.1626,27.9899],[75.1586,27.9862],[75.1645,27.971],[75.1751,27.9576],[75.1816,27.9572],[75.1973,27.9637],[75.1983,27.9588],[75.1957,27.9568],[75.1967,27.9362],[75.1953,27.9196],[75.1953,27.9105],[75.2026,27.9099],[75.2055,27.8999],[75.2087,27.8922],[75.2046,27.889],[75.212,27.881],[75.2199,27.8793],[75.2301,27.8777],[75.2378,27.8561],[75.2441,27.8425],[75.2435,27.8325],[75.2413,27.8287],[75.2407,27.824],[75.2419,27.8104],[75.2507,27.8145],[75.2629,27.8182],[75.2753,27.8187],[75.2875,27.8161],[75.2904,27.8123],[75.2899,27.8019],[75.2923,27.7968],[75.2915,27.775],[75.2898,27.7703],[75.2799,27.7667],[75.2645,27.7641],[75.2786,27.7404],[75.2893,27.716],[75.3073,27.7098],[75.3226,27.707],[75.3254,27.7037],[75.3279,27.6954],[75.3499,27.7002],[75.3597,27.6928],[75.3675,27.6914],[75.3722,27.6858],[75.3744,27.6822],[75.3802,27.681],[75.3784,27.6778],[75.3757,27.6753],[75.3766,27.661],[75.3769,27.6513],[75.3776,27.6431],[75.3877,27.6484],[75.3937,27.658],[75.4078,27.6563],[75.4088,27.649],[75.418,27.644],[75.4342,27.6438],[75.4411,27.6554],[75.4523,27.6542],[75.4617,27.6629],[75.4669,27.6718],[75.4707,27.6837],[75.4755,27.6913],[75.4823,27.6842],[75.4987,27.6868],[75.5095,27.6924],[75.5152,27.6922],[75.5221,27.6936],[75.5244,27.6979],[75.529,27.7023],[75.5345,27.703],[75.5365,27.7091],[75.5485,27.7052],[75.5567,27.7072],[75.5636,27.7028],[75.5685,27.6983],[75.5768,27.7051],[75.5892,27.7001],[75.5904,27.7049],[75.5899,27.7087],[75.6001,27.7084],[75.6097,27.7049],[75.6198,27.7028],[75.6372,27.7162],[75.649,27.7173],[75.6652,27.7132],[75.6622,27.7028],[75.6583,27.6953],[75.6613,27.6864],[75.6664,27.6778],[75.6679,27.6761],[75.6696,27.6742],[75.6772,27.6733],[75.689,27.6735],[75.6941,27.6832],[75.6958,27.6912],[75.6952,27.6999],[75.6965,27.7075],[75.7009,27.7135],[75.7071,27.7152],[75.7069,27.7215],[75.7114,27.727],[75.7127,27.7346],[75.7154,27.7399],[75.7192,27.7447],[75.7176,27.748],[75.7119,27.7516],[75.7116,27.756],[75.7254,27.7725],[75.7299,27.7826],[75.7405,27.8007],[75.7546,27.8134],[75.7699,27.8334],[75.795,27.8468],[75.8048,27.8581],[75.8179,27.8615],[75.8279,27.8694],[75.8475,27.8781],[75.8653,27.8888],[75.8976,27.9149],[75.9057,27.9099],[75.908,27.9152],[75.9148,27.9184],[75.921,27.923],[75.9312,27.9288],[75.9364,27.9222],[75.9364,27.9125],[75.9494,27.9148],[75.9635,27.9152],[75.9752,27.911],[75.9851,27.9049],[75.9749,27.895],[75.9828,27.8887],[75.9804,27.881],[75.9811,27.8731],[75.9718,27.8672],[75.9706,27.8604],[75.983,27.8603],[75.9919,27.8585],[76.0021,27.8565],[76.0042,27.8558],[76.0129,27.853],[76.0169,27.8582],[76.0284,27.8531],[76.0372,27.8494],[76.0415,27.8497],[76.046,27.8481],[76.0513,27.8444],[76.0573,27.8434],[76.0624,27.8474],[76.0677,27.8527],[76.0878,27.8466],[76.0895,27.841],[76.0937,27.8358],[76.0975,27.8303],[76.0968,27.8232],[76.0933,27.8128],[76.0896,27.8069],[76.0811,27.8019],[76.0761,27.7916],[76.073,27.7833],[76.0709,27.7747],[76.067,27.7709],[76.0568,27.772],[76.0418,27.7515],[76.0359,27.7405],[76.0348,27.7315],[76.0283,27.7268],[76.0141,27.722],[76.0026,27.7158],[76.0009,27.7148],[75.9913,27.7032],[75.9795,27.6556],[75.9695,27.6442],[75.9586,27.6421],[75.9563,27.6383],[75.9598,27.6307],[75.9644,27.6243],[75.9594,27.6224],[75.9499,27.624],[75.9421,27.6217],[75.946,27.6117],[75.9466,27.6021],[75.942,27.5928],[75.9483,27.5917],[75.9526,27.5979],[75.9572,27.5958],[75.96,27.5989],[75.9648,27.6004],[75.9671,27.5943],[75.96,27.5918],[75.9524,27.5839],[75.9462,27.5753],[75.9431,27.5681],[75.9529,27.5649],[75.9511,27.5553],[75.9521,27.5468],[75.9491,27.5301],[75.9435,27.5172],[75.9389,27.5024],[75.9381,27.4964],[75.9392,27.4969],[75.9695,27.5031],[75.9785,27.5013],[75.9857,27.4907],[75.9813,27.4855],[75.9856,27.4779],[75.9793,27.4755],[75.9751,27.4774],[75.9694,27.4774],[75.9655,27.472],[75.9608,27.4762],[75.9543,27.4761],[75.9518,27.4698],[75.9449,27.4719],[75.9399,27.4683],[75.9365,27.4633],[75.9269,27.4648],[75.9245,27.4613],[75.92,27.459],[75.9197,27.455],[75.9066,27.4551],[75.8955,27.4566],[75.885,27.447],[75.8716,27.4236],[75.8707,27.4165],[75.879,27.4074],[75.8837,27.3985],[75.8784,27.3897],[75.8779,27.3892],[75.8666,27.3881],[75.8596,27.3917],[75.8556,27.398],[75.8459,27.4005],[75.838,27.3963],[75.8305,27.3896],[75.8162,27.3981],[75.8112,27.405],[75.8054,27.3973],[75.8005,27.3879],[75.794,27.3808],[75.7871,27.3833],[75.7778,27.3846],[75.7767,27.3959],[75.7742,27.4023],[75.7691,27.4031],[75.7552,27.4029],[75.7397,27.4042],[75.7339,27.3958],[75.7304,27.3864],[75.7227,27.3844],[75.7209,27.3828],[75.7224,27.3756],[75.725,27.3692],[75.7063,27.3715],[75.6923,27.372],[75.679,27.3709],[75.6654,27.3658],[75.667,27.3529],[75.6653,27.3445],[75.6603,27.338],[75.6491,27.3376],[75.6286,27.3404],[75.6204,27.3243],[75.6139,27.3147],[75.6032,27.3109],[75.5992,27.3085],[75.596,27.3082],[75.5918,27.3091],[75.5903,27.3076],[75.5799,27.3063],[75.5783,27.3097],[75.5732,27.3116],[75.5773,27.3278],[75.5765,27.3367],[75.5728,27.3418],[75.5309,27.3439],[75.5221,27.335],[75.5092,27.3295],[75.5071,27.3145],[75.4914,27.3037],[75.4873,27.2993],[75.4861,27.295],[75.4786,27.2946],[75.4767,27.2892],[75.4669,27.2885],[75.4573,27.2889],[75.4532,27.2972],[75.4397,27.2991],[75.4322,27.301],[75.4325,27.2942],[75.4298,27.2876],[75.4185,27.2901],[75.4089,27.292],[75.3992,27.2903],[75.391,27.2894],[75.3807,27.2897],[75.3811,27.2837],[75.3886,27.2824],[75.3951,27.2825],[75.3931,27.2749],[75.3906,27.267],[75.3895,27.2539],[75.3914,27.239],[75.3919,27.2304],[75.3878,27.2288],[75.3758,27.2279],[75.3695,27.2282],[75.3617,27.2271],[75.358,27.2254],[75.3542,27.22],[75.3509,27.2159],[75.3471,27.2125],[75.3402,27.2134],[75.3288,27.2139],[75.3272,27.2088],[75.3225,27.2082],[75.3208,27.2023],[75.3172,27.1938],[75.3162,27.1811],[75.3156,27.1692],[75.3162,27.1591],[75.3063,27.1447],[75.3001,27.1435],[75.3002,27.1345],[75.3011,27.1291],[75.2823,27.1231],[75.2756,27.1287],[75.2729,27.1333],[75.2536,27.132],[75.2502,27.1288],[75.2383,27.1255],[75.2357,27.1264],[75.2354,27.1339],[75.2255,27.1351],[75.2089,27.1333],[75.2062,27.1294],[75.2011,27.1285],[75.1982,27.1331],[75.1967,27.1405],[75.1785,27.1409],[75.1722,27.1436],[75.1718,27.1483],[75.1803,27.1544],[75.1792,27.1605],[75.1727,27.1608],[75.1643,27.1599],[75.1614,27.1634],[75.1577,27.1638],[75.1551,27.1671],[75.1465,27.1676],[75.1345,27.1694],[75.1288,27.1734],[75.1262,27.1783],[75.1208,27.1813],[75.1182,27.1839],[75.1214,27.188],[75.1238,27.1958],[75.1221,27.2031],[75.1203,27.206],[75.1253,27.211],[75.1094,27.2198],[75.0957,27.2191],[75.0806,27.2198],[75.0719,27.2193],[75.0778,27.2282],[75.0821,27.2364],[75.0897,27.2438],[75.1081,27.2511],[75.1183,27.2629],[75.1296,27.2743],[75.1373,27.2838],[75.1497,27.2813],[75.1596,27.2809],[75.1605,27.2924],[75.1661,27.3045],[75.1679,27.3163],[75.1533,27.323],[75.1372,27.3246],[75.1281,27.3352],[75.1259,27.3389],[75.1164,27.3379],[75.1084,27.3383],[75.1069,27.3428],[75.116,27.3444],[75.1152,27.3507],[75.1187,27.3553],[75.1165,27.3578],[75.1179,27.3653],[75.1182,27.3765],[75.1045,27.3825],[75.0945,27.3831],[75.0844,27.3849],[75.0737,27.3853],[75.0575,27.3814],[75.0471,27.3773],[75.0449,27.3723],[75.0476,27.3682],[75.0379,27.3569],[75.0285,27.3519],[75.0187,27.3505],[75.0095,27.3468],[75,27.3487],[74.9602,27.3479],[74.9469,27.3463],[74.9461,27.3413],[74.9394,27.3357],[74.9297,27.336],[74.9194,27.3353],[74.8985,27.3298],[74.8979,27.3268],[74.8991,27.3192],[74.8975,27.3125],[74.8921,27.3104],[74.886,27.3093],[74.8793,27.3106],[74.8772,27.319],[74.8696,27.3276],[74.8668,27.3347],[74.8734,27.3387],[74.879,27.3449],[74.878,27.3554],[74.8738,27.372],[74.8692,27.3706],[74.8605,27.3718],[74.8538,27.3753],[74.845,27.3787],[74.8463,27.3824],[74.8516,27.3913],[74.8732,27.4119],[74.8646,27.4276],[74.8633,27.4348],[74.8604,27.4444],[74.8572,27.4503],[74.8457,27.4527],[74.8032,27.4498],[74.8006,27.4518],[74.7983,27.4568],[74.7987,27.4635],[74.8025,27.4704],[74.7987,27.4822],[74.7946,27.4855],[74.7876,27.4856],[74.7827,27.4884],[74.7768,27.4887],[74.771,27.4918],[74.7697,27.4914],[74.7635,27.4897],[74.755,27.4859],[74.7549,27.4911],[74.7511,27.4946],[74.7514,27.501],[74.7304,27.4927],[74.7267,27.4979],[74.7231,27.5012],[74.7211,27.508],[74.7227,27.5146],[74.7202,27.5216],[74.7229,27.5266],[74.7184,27.5302],[74.7164,27.5375],[74.7437,27.5541],[74.7616,27.5676],[74.7614,27.571],[74.7585,27.5768],[74.7611,27.5805],[74.7556,27.5906],[74.741,27.5851],[74.7369,27.5903],[74.7357,27.5987],[74.7302,27.6026],[74.7279,27.6074],[74.7209,27.6042],[74.7135,27.5997],[74.7059,27.5926],[74.7017,27.6081],[74.7005,27.617],[74.703,27.6247],[74.7106,27.6284],[74.7097,27.6328],[74.7105,27.639],[74.7073,27.6461],[74.7013,27.6517],[74.6906,27.6533],[74.6861,27.6559],[74.681,27.6672],[74.6907,27.6726],[74.6982,27.6743],[74.7134,27.6763],[74.731,27.676],[74.737,27.6791],[74.7402,27.6827],[74.7447,27.6852],[74.7487,27.6894],[74.7489,27.6979],[74.7525,27.7168],[74.7438,27.7193],[74.7369,27.7199],[74.7273,27.7176],[74.7286,27.7228],[74.7276,27.7273],[74.7281,27.7338],[74.7308,27.7419],[74.7413,27.7644],[74.7539,27.7671],[74.7611,27.765],[74.7683,27.7686],[74.7756,27.7711],[74.7875,27.7779],[74.7876,27.7821],[74.7996,27.7849],[74.7967,27.7915],[74.8173,27.7997],[74.8106,27.815],[74.8087,27.818],[74.7968,27.8369],[74.78,27.832],[74.7685,27.8464],[74.7672,27.8541],[74.7504,27.8576],[74.7407,27.8552],[74.7352,27.858],[74.7296,27.8624],[74.7295,27.8671],[74.7312,27.8685],[74.7367,27.8706],[74.7434,27.8756],[74.7371,27.8779],[74.7349,27.8818],[74.7383,27.8891],[74.7511,27.8902],[74.765,27.8953],[74.7841,27.899],[74.7932,27.8962],[74.8009,27.8963],[74.8213,27.9072],[74.8291,27.9105],[74.8309,27.9196],[74.8243,27.9286],[74.8211,27.938],[74.8115,27.94],[74.8016,27.9443],[74.7812,27.9556],[74.7685,27.9767],[74.7644,27.9815],[74.7613,27.9877],[74.7665,27.9894],[74.7723,27.9927],[74.7856,28.0005],[74.7927,28.0061],[74.7944,28.023],[74.7964,28.028],[74.8034,28.0308],[74.8034,28.0408],[74.8083,28.0583],[74.8058,28.0638],[74.7961,28.0722],[74.7922,28.0736],[74.788,28.0778],[74.787,28.0848],[74.7895,28.1048],[74.7939,28.113],[74.7982,28.1166],[74.8025,28.117],[74.8067,28.116],[74.811,28.1138],[74.8165,28.1128],[74.823,28.1128],[74.8299,28.1147],[74.8381,28.1227],[74.8566,28.1336],[74.8579,28.1386],[74.857,28.1413],[74.859,28.1404],[74.861,28.1404],[74.8681,28.1451],[74.8813,28.1682],[74.8838,28.1712],[74.8859,28.1834],[74.8874,28.1876],[74.8926,28.1919],[74.8983,28.1931],[74.9043,28.1932],[74.912,28.1958],[74.9178,28.1969],[74.9214,28.1958],[74.9342,28.1956],[74.9389,28.1946],[74.9444,28.1884],[74.9481,28.1873],[74.9659,28.1947],[74.9925,28.1987],[75,28.201],[75.0077,28.2006],[75.0094,28.1964],[75.0123,28.1949],[75.0147,28.1925],[75.0244,28.1968],[75.0296,28.1982]]]},"properties":{"district_name":"Sikar","raw_district_name":"Sikar","state_code":"RJ","state_name":"Rajasthan","census_code":111,"data_source":"DataMeet India Maps (Census 2011 Boundaries)"}},{"type":"Feature","geometry":{"type":"MultiPolygon","coordinates":[[[[72.836,25.2813],[72.847,25.2722],[72.8533,25.2734],[72.8578,25.2682],[72.8649,25.258],[72.8744,25.2515],[72.886,25.2474],[72.8912,25.2463],[72.8964,25.2481],[72.8989,25.2521],[72.9008,25.2536],[72.906,25.2497],[72.9099,25.2505],[72.9142,25.2548],[72.9182,25.2546],[72.9238,25.2421],[72.9401,25.2437],[72.9387,25.2301],[72.9419,25.2219],[72.9452,25.2179],[72.9526,25.2182],[72.9663,25.2215],[72.9675,25.2263],[72.9714,25.2275],[72.9756,25.2234],[72.977,25.217],[72.976,25.2098],[72.973,25.2027],[72.974,25.1977],[72.9759,25.195],[72.973,25.1929],[72.9638,25.1947],[72.957,25.1945],[72.9593,25.184],[72.957,25.1817],[72.946,25.188],[72.945,25.1846],[72.9485,25.178],[72.9503,25.1703],[72.9475,25.1654],[72.9517,25.1531],[72.9529,25.1436],[72.9552,25.142],[72.9702,25.1425],[72.9766,25.138],[72.9822,25.1392],[72.9847,25.1476],[72.9899,25.15],[72.9942,25.1482],[72.9988,25.1439],[72.9992,25.1368],[72.9976,25.1292],[72.9968,25.1128],[72.9974,25.1066],[73.0012,25.1011],[73.0188,25.0934],[73.0238,25.0894],[73.0498,25.1042],[73.0468,25.1208],[73.0461,25.1308],[73.0411,25.1408],[73.0428,25.1543],[73.0449,25.1622],[73.0567,25.1592],[73.0825,25.1372],[73.0896,25.1342],[73.0954,25.1255],[73.1013,25.1209],[73.1087,25.119],[73.1128,25.1119],[73.1186,25.1077],[73.1321,25.1089],[73.1363,25.1029],[73.1403,25.1014],[73.138,25.0967],[73.1341,25.0911],[73.1349,25.0756],[73.1313,25.0645],[73.1156,25.0444],[73.1079,25.0369],[73.0776,25.0236],[73.0539,25.0095],[73.0478,25.0046],[73.0461,25.0004],[73.0457,24.9994],[73.0381,24.9874],[73.0325,24.9722],[73.0312,24.9656],[73.0316,24.9634],[73.0204,24.9487],[73.012,24.9411],[73.0069,24.9306],[73.002,24.9285],[73,24.9271],[73.008,24.9216],[73.0119,24.9157],[73.0208,24.8964],[73.0282,24.8877],[73.0449,24.886],[73.0557,24.875],[73.0712,24.8574],[73.0847,24.8565],[73.0958,24.858],[73.1019,24.8451],[73.1092,24.8433],[73.1178,24.8391],[73.1247,24.8451],[73.143,24.843],[73.1451,24.8364],[73.1604,24.8181],[73.1627,24.8087],[73.1636,24.7932],[73.1628,24.7812],[73.1581,24.7712],[73.1484,24.7644],[73.1438,24.7571],[73.1448,24.7577],[73.1403,24.7526],[73.1404,24.7442],[73.1414,24.738],[73.1403,24.7321],[73.1409,24.7187],[73.138,24.6877],[73.1305,24.6754],[73.1245,24.6725],[73.1164,24.6703],[73.1027,24.6534],[73.1001,24.647],[73.0893,24.639],[73.084,24.6364],[73.0847,24.6224],[73.083,24.6114],[73.0567,24.5706],[73.0445,24.5477],[73.0409,24.5432],[73.0322,24.5366],[73.0268,24.5313],[73.0214,24.5221],[73.0204,24.5191],[73.012,24.508],[73.0137,24.5001],[73.0124,24.4984],[73.0062,24.4941],[73.0058,24.491],[73.0079,24.4869],[73.0091,24.4846],[73.009,24.4824],[73.0029,24.4763],[72.9965,24.4707],[72.9941,24.4681],[72.9852,24.4571],[72.977,24.4511],[72.9793,24.4404],[72.9853,24.4328],[72.9866,24.421],[72.9753,24.4057],[72.9684,24.402],[72.9601,24.3923],[72.9591,24.3839],[72.962,24.3832],[72.9705,24.3835],[72.9772,24.3801],[72.9834,24.3752],[72.9879,24.3683],[72.9873,24.364],[72.9733,24.3589],[72.9612,24.3512],[72.9576,24.3489],[72.9417,24.3394],[72.9294,24.3364],[72.9247,24.3329],[72.9196,24.3265],[72.9167,24.3275],[72.9112,24.333],[72.9057,24.3407],[72.8962,24.3517],[72.8799,24.3612],[72.8637,24.3662],[72.8492,24.3664],[72.8345,24.3652],[72.8247,24.3654],[72.8107,24.3587],[72.7886,24.3607],[72.7681,24.3613],[72.7439,24.3582],[72.7344,24.3595],[72.7277,24.3619],[72.7126,24.3763],[72.7018,24.3921],[72.6886,24.4201],[72.6878,24.4422],[72.6927,24.4534],[72.6925,24.458],[72.6883,24.461],[72.6798,24.46],[72.6696,24.4578],[72.6538,24.4573],[72.6344,24.4624],[72.5991,24.4701],[72.5834,24.4736],[72.5773,24.4786],[72.5692,24.4893],[72.554,24.4958],[72.5467,24.5015],[72.5426,24.5068],[72.5395,24.5081],[72.537,24.5061],[72.5135,24.4742],[72.5086,24.4658],[72.5064,24.4487],[72.4952,24.4516],[72.499,24.4322],[72.5046,24.4196],[72.5023,24.4112],[72.4955,24.4086],[72.4819,24.4067],[72.4591,24.4085],[72.4582,24.4223],[72.4557,24.4282],[72.4521,24.4343],[72.4507,24.4395],[72.4406,24.4497],[72.4311,24.462],[72.4331,24.4805],[72.4401,24.4892],[72.4427,24.4948],[72.4402,24.5011],[72.4371,24.5057],[72.4306,24.5069],[72.4205,24.5099],[72.4156,24.5096],[72.3921,24.5019],[72.3849,24.5005],[72.3807,24.5021],[72.3653,24.5304],[72.3693,24.5316],[72.3697,24.5333],[72.3686,24.5352],[72.3684,24.539],[72.363,24.5382],[72.3599,24.541],[72.356,24.545],[72.3524,24.5542],[72.343,24.5553],[72.3377,24.5567],[72.335,24.5593],[72.3293,24.5605],[72.328,24.5576],[72.3314,24.5459],[72.3267,24.5442],[72.296,24.5424],[72.2893,24.5403],[72.2876,24.5419],[72.2881,24.5468],[72.2861,24.5524],[72.2859,24.5572],[72.2843,24.5602],[72.2793,24.5594],[72.2658,24.5521],[72.2452,24.5822],[72.271,24.6012],[72.2735,24.602],[72.2874,24.599],[72.2947,24.6021],[72.2989,24.5992],[72.3033,24.5928],[72.3084,24.5873],[72.3122,24.5868],[72.3204,24.5887],[72.3367,24.5953],[72.34,24.6012],[72.3436,24.6041],[72.3435,24.6138],[72.3446,24.6164],[72.3476,24.618],[72.3483,24.6199],[72.3425,24.6231],[72.3347,24.6248],[72.3326,24.6296],[72.329,24.6354],[72.3227,24.6406],[72.318,24.6433],[72.3117,24.649],[72.3105,24.6556],[72.311,24.6626],[72.3131,24.6718],[72.3198,24.6826],[72.3233,24.6945],[72.3264,24.7015],[72.3594,24.7453],[72.3599,24.7457],[72.3658,24.7511],[72.3729,24.7612],[72.3785,24.7627],[72.3849,24.7633],[72.4008,24.7744],[72.4104,24.7563],[72.4139,24.7537],[72.4417,24.7518],[72.4535,24.7545],[72.4589,24.7546],[72.4683,24.748],[72.4744,24.7479],[72.4817,24.7503],[72.4912,24.7553],[72.4959,24.7591],[72.4979,24.7649],[72.4974,24.7659],[72.4922,24.807],[72.5002,24.8182],[72.4987,24.8274],[72.4953,24.8391],[72.4937,24.8498],[72.4885,24.8571],[72.4839,24.8701],[72.4851,24.8724],[72.4918,24.8724],[72.5015,24.8761],[72.5052,24.8807],[72.5052,24.887],[72.5017,24.9005],[72.4987,24.9058],[72.5044,24.9101],[72.5042,24.9201],[72.506,24.9229],[72.5206,24.9349],[72.5234,24.9347],[72.5305,24.9301],[72.5405,24.9313],[72.5477,24.9305],[72.5591,24.9321],[72.5701,24.9348],[72.5776,24.9388],[72.5811,24.9413],[72.5927,24.9561],[72.6058,24.9679],[72.6338,25.0007],[72.6389,25.0149],[72.6427,25.016],[72.6485,25.0167],[72.6476,25.0188],[72.649,25.0232],[72.6515,25.0269],[72.6552,25.0279],[72.6562,25.0305],[72.6558,25.034],[72.6582,25.0407],[72.6617,25.041],[72.6639,25.0452],[72.6752,25.0483],[72.6835,25.0487],[72.6874,25.0465],[72.6885,25.0479],[72.688,25.055],[72.6932,25.0773],[72.7036,25.0796],[72.7053,25.0823],[72.7049,25.0868],[72.709,25.1071],[72.7163,25.1113],[72.738,25.1278],[72.7415,25.136],[72.7455,25.149],[72.7463,25.1565],[72.7509,25.1639],[72.7589,25.1698],[72.7664,25.1803],[72.776,25.1863],[72.7814,25.192],[72.7789,25.1978],[72.7786,25.2048],[72.7791,25.216],[72.7822,25.2262],[72.7892,25.2313],[72.7948,25.239],[72.8038,25.2559],[72.8109,25.2549],[72.8154,25.2658],[72.8186,25.2768],[72.8275,25.2871],[72.836,25.2813]]],[[[72.2999,24.6323],[72.2941,24.6181],[72.288,24.6151],[72.2691,24.6242],[72.2685,24.6241],[72.2685,24.6294],[72.2711,24.6376],[72.2757,24.6454],[72.2813,24.6484],[72.2861,24.6482],[72.2931,24.6432],[72.2962,24.6365],[72.2996,24.6341],[72.2999,24.6323]]]]},"properties":{"district_name":"Sirohi","raw_district_name":"Sirohi","state_code":"RJ","state_name":"Rajasthan","census_code":117,"data_source":"DataMeet India Maps (Census 2011 Boundaries)"}},{"type":"Feature","geometry":{"type":"Polygon","coordinates":[[[76.1606,26.5147],[76.1606,26.5146],[76.1624,26.5044],[76.1649,26.5019],[76.173,26.4987],[76.1781,26.4916],[76.1806,26.4856],[76.1716,26.478],[76.1683,26.476],[76.1644,26.4718],[76.1597,26.4676],[76.1558,26.4662],[76.151,26.468],[76.1467,26.4626],[76.143,26.4576],[76.1395,26.4582],[76.1416,26.4508],[76.1448,26.4474],[76.1489,26.4442],[76.1537,26.4422],[76.1582,26.4402],[76.1575,26.4348],[76.1573,26.4277],[76.1553,26.4241],[76.152,26.4213],[76.149,26.4185],[76.1519,26.4162],[76.1531,26.4128],[76.1521,26.4091],[76.1507,26.4049],[76.149,26.3989],[76.1459,26.3919],[76.1435,26.3868],[76.1401,26.3792],[76.1368,26.3744],[76.1344,26.3691],[76.1357,26.3668],[76.1395,26.3642],[76.1437,26.3622],[76.1466,26.3602],[76.1468,26.3573],[76.1458,26.354],[76.1428,26.3495],[76.137,26.3487],[76.1337,26.3473],[76.1307,26.3448],[76.1307,26.3416],[76.1332,26.3394],[76.1331,26.3357],[76.134,26.3328],[76.1369,26.3303],[76.1417,26.3268],[76.1449,26.3237],[76.1442,26.3211],[76.1413,26.3206],[76.1406,26.3186],[76.1421,26.3164],[76.1466,26.314],[76.1479,26.3115],[76.1478,26.3081],[76.1454,26.3024],[76.1444,26.2979],[76.1414,26.2951],[76.1359,26.2935],[76.1319,26.2904],[76.1296,26.2876],[76.126,26.2834],[76.1249,26.2783],[76.12,26.2761],[76.1157,26.2739],[76.1149,26.264],[76.1164,26.2603],[76.1193,26.258],[76.1231,26.2551],[76.1234,26.2511],[76.1191,26.2475],[76.1139,26.247],[76.1093,26.2464],[76.1083,26.2422],[76.1037,26.2391],[76.0942,26.2394],[76.0864,26.2422],[76.0766,26.2434],[76.0676,26.2432],[76.0596,26.2441],[76.0527,26.2478],[76.0466,26.2517],[76.0377,26.2506],[76.03,26.2518],[76.0295,26.243],[76.0301,26.2325],[76.0309,26.2222],[76.0284,26.2208],[76.0224,26.2204],[76.013,26.2192],[76.0035,26.2192],[76,26.2191],[75.9925,26.2201],[75.988,26.2091],[75.9841,26.2105],[75.9816,26.1947],[75.9889,26.195],[76,26.1921],[76.0013,26.1913],[76.0036,26.1872],[76.0057,26.1805],[76.0068,26.1766],[76.0061,26.175],[76.0033,26.1751],[76.0031,26.1722],[76.0049,26.1672],[76.0052,26.1625],[76.0011,26.1593],[76,26.1597],[75.9956,26.1593],[76,26.1414],[75.996,26.1287],[75.9944,26.1156],[76,26.1158],[76.0022,26.1141],[76.0126,26.1106],[76.0221,26.1095],[76.03,26.1101],[76.0389,26.1136],[76.0446,26.116],[76.049,26.1144],[76.0558,26.1154],[76.0617,26.119],[76.0641,26.1239],[76.0652,26.128],[76.0663,26.1333],[76.0687,26.1302],[76.0827,26.1214],[76.0873,26.1172],[76.0924,26.1136],[76.0938,26.1086],[76.0927,26.1048],[76.0945,26.1018],[76.0989,26.0997],[76.0997,26.0953],[76.0976,26.091],[76.0968,26.0861],[76.0928,26.0792],[76.0916,26.0744],[76.0908,26.0693],[76.0916,26.067],[76.0941,26.0633],[76.0936,26.0593],[76.0954,26.0565],[76.1002,26.0564],[76.1064,26.0564],[76.1116,26.0572],[76.1161,26.0563],[76.1156,26.052],[76.1145,26.0481],[76.1139,26.0431],[76.1117,26.0392],[76.108,26.0382],[76.1041,26.0392],[76.1004,26.0396],[76.0982,26.0366],[76.0975,26.0334],[76.0962,26.0314],[76.094,26.0296],[76.089,26.0262],[76.0898,26.022],[76.0891,26.0197],[76.0858,26.0179],[76.0804,26.0156],[76.0764,26.0134],[76.0742,26.0095],[76.072,26.0051],[76.0707,26.003],[76.0698,25.9951],[76.087,25.9889],[76.0922,25.9885],[76.095,25.9946],[76.0993,26.0008],[76.1051,26.0017],[76.1121,25.9998],[76.1185,25.9952],[76.1266,25.9856],[76.1321,25.9775],[76.1383,25.976],[76.1417,25.9736],[76.1427,25.9667],[76.1438,25.9649],[76.1461,25.9661],[76.1564,25.9815],[76.1628,25.9897],[76.1762,25.9879],[76.1824,25.9887],[76.1876,26.0023],[76.1889,26.0058],[76.19,26.0109],[76.1933,26.0134],[76.1958,26.0126],[76.1968,26.0097],[76.1971,26.0086],[76.2072,26.0093],[76.217,26.0075],[76.2271,26.0088],[76.2324,26.0109],[76.2347,26.016],[76.2359,26.0203],[76.2347,26.0237],[76.2357,26.0254],[76.2383,26.0254],[76.241,26.024],[76.2434,26.0222],[76.248,26.0214],[76.2504,26.0194],[76.2511,26.0171],[76.2513,26.0128],[76.2507,26.0096],[76.2501,26.0054],[76.2508,26.0019],[76.2469,25.9871],[76.2473,25.9832],[76.2497,25.9817],[76.2534,25.9829],[76.2556,25.9799],[76.2551,25.9763],[76.2569,25.9665],[76.2526,25.9469],[76.2483,25.9354],[76.253,25.9309],[76.2516,25.9214],[76.2529,25.9164],[76.2495,25.9134],[76.2404,25.9141],[76.23,25.9166],[76.222,25.9158],[76.2189,25.9119],[76.2208,25.8986],[76.223,25.8929],[76.2197,25.8704],[76.2222,25.8621],[76.2272,25.8582],[76.2442,25.8489],[76.2532,25.8388],[76.2678,25.8283],[76.2755,25.8238],[76.2802,25.824],[76.2846,25.8272],[76.2901,25.8352],[76.2938,25.8357],[76.2964,25.8336],[76.2997,25.8244],[76.302,25.8209],[76.3043,25.8217],[76.3104,25.8261],[76.3151,25.827],[76.3202,25.8254],[76.3245,25.8221],[76.3275,25.818],[76.322,25.809],[76.3155,25.8028],[76.3061,25.7987],[76.3026,25.7899],[76.2999,25.7858],[76.2972,25.784],[76.2938,25.7843],[76.2915,25.7876],[76.2892,25.7965],[76.2869,25.8007],[76.2758,25.8061],[76.2701,25.8056],[76.2636,25.7976],[76.2609,25.7962],[76.2559,25.7941],[76.2501,25.7942],[76.2425,25.8022],[76.2391,25.804],[76.2351,25.8032],[76.2317,25.8044],[76.2284,25.8089],[76.2245,25.8246],[76.2202,25.8326],[76.2142,25.8383],[76.2075,25.8407],[76.2007,25.842],[76.1984,25.8378],[76.1932,25.8251],[76.1891,25.8195],[76.1843,25.8163],[76.1793,25.8143],[76.1715,25.8129],[76.1741,25.8001],[76.1727,25.7933],[76.1664,25.7753],[76.1677,25.7655],[76.1673,25.7608],[76.1656,25.7593],[76.1572,25.7617],[76.1559,25.7709],[76.1542,25.776],[76.1506,25.7804],[76.1405,25.7841],[76.121,25.7845],[76.1146,25.7875],[76.113,25.7914],[76.1134,25.8005],[76.1117,25.8044],[76.1024,25.8101],[76.0875,25.8087],[76.0818,25.8073],[76.0673,25.8065],[76.0606,25.8083],[76.0569,25.8113],[76.0549,25.8158],[76.0543,25.8199],[76.0557,25.8258],[76.0595,25.8341],[76.0602,25.8394],[76.0582,25.8492],[76.0614,25.8596],[76.0607,25.8622],[76.0567,25.8611],[76.0493,25.8639],[76.0422,25.8625],[76.0358,25.8627],[76.0281,25.8649],[76.0211,25.8684],[76.0158,25.8816],[76.0128,25.8818],[76.0043,25.8768],[75.9874,25.8651],[75.9823,25.8581],[75.9812,25.8615],[75.9784,25.8635],[75.9684,25.8652],[75.9573,25.8646],[75.9546,25.8575],[75.9561,25.8448],[75.9591,25.8358],[75.9473,25.8161],[75.9299,25.815],[75.9176,25.8153],[75.9055,25.8145],[75.9059,25.823],[75.9088,25.8333],[75.9149,25.8347],[75.918,25.8441],[75.9094,25.8462],[75.9048,25.8523],[75.8971,25.8569],[75.894,25.8688],[75.878,25.8645],[75.8754,25.8601],[75.8743,25.8516],[75.8646,25.8513],[75.8486,25.8504],[75.8419,25.8471],[75.841,25.8394],[75.8345,25.8345],[75.8353,25.8232],[75.8387,25.8137],[75.838,25.8038],[75.8223,25.7968],[75.8137,25.7978],[75.8139,25.8061],[75.8084,25.8162],[75.8021,25.8222],[75.8007,25.818],[75.7953,25.82],[75.7733,25.8225],[75.7714,25.8199],[75.7692,25.8138],[75.7691,25.806],[75.7694,25.7977],[75.765,25.7964],[75.7612,25.7938],[75.7564,25.7844],[75.7626,25.7808],[75.763,25.7702],[75.7615,25.7563],[75.7472,25.7507],[75.7386,25.7522],[75.729,25.7574],[75.7177,25.7583],[75.7113,25.7563],[75.7107,25.756],[75.7013,25.751],[75.6949,25.7603],[75.6811,25.7545],[75.6615,25.7427],[75.6567,25.7373],[75.6546,25.7298],[75.6402,25.7139],[75.6317,25.7088],[75.6307,25.7007],[75.6352,25.7001],[75.635,25.6955],[75.6326,25.6903],[75.6284,25.6823],[75.6225,25.677],[75.6063,25.6827],[75.5957,25.6849],[75.5931,25.6934],[75.5913,25.7022],[75.5968,25.7108],[75.5883,25.7112],[75.5813,25.7093],[75.5731,25.7024],[75.564,25.6967],[75.555,25.698],[75.5455,25.7041],[75.5333,25.7143],[75.5281,25.7238],[75.5286,25.7313],[75.5259,25.7368],[75.5228,25.7472],[75.5146,25.745],[75.5114,25.7365],[75.5024,25.7341],[75.4893,25.7312],[75.4773,25.7347],[75.4742,25.7271],[75.4644,25.7184],[75.4589,25.7242],[75.4523,25.7311],[75.4452,25.7406],[75.437,25.7455],[75.4338,25.7412],[75.4261,25.748],[75.422,25.7612],[75.4124,25.7666],[75.4035,25.7744],[75.395,25.7689],[75.391,25.759],[75.3648,25.7577],[75.3191,25.7638],[75.3352,25.7826],[75.3383,25.795],[75.3399,25.8108],[75.3436,25.8181],[75.3549,25.8298],[75.3475,25.8317],[75.3269,25.8376],[75.3156,25.8486],[75.3113,25.8535],[75.2979,25.8513],[75.2867,25.855],[75.2769,25.8546],[75.2689,25.8532],[75.2636,25.8529],[75.2666,25.8741],[75.2662,25.8802],[75.2574,25.8858],[75.2491,25.8958],[75.2463,25.9092],[75.2506,25.9241],[75.2514,25.9373],[75.2687,25.9423],[75.2799,25.9439],[75.2954,25.9401],[75.3071,25.9414],[75.3105,25.9505],[75.3173,25.9541],[75.3181,25.9607],[75.3185,25.965],[75.3182,25.9734],[75.3219,25.9809],[75.3279,25.9985],[75.3352,26.0019],[75.3425,26.0032],[75.3486,26.0017],[75.3513,26.0069],[75.351,26.0097],[75.3527,26.0107],[75.3549,26.0143],[75.3554,26.0192],[75.3468,26.0244],[75.3472,26.0302],[75.3467,26.0352],[75.3451,26.0395],[75.3376,26.0481],[75.3331,26.0508],[75.3281,26.0561],[75.3259,26.0547],[75.3179,26.0581],[75.3147,26.0623],[75.3087,26.0624],[75.307,26.0695],[75.3084,26.0805],[75.3143,26.09],[75.3237,26.0975],[75.3289,26.1005],[75.33,26.1035],[75.3318,26.1044],[75.3313,26.1106],[75.34,26.1306],[75.3214,26.1414],[75.307,26.1468],[75.2952,26.1447],[75.2889,26.1392],[75.2826,26.1388],[75.2772,26.1354],[75.2738,26.1289],[75.2712,26.1143],[75.264,26.1043],[75.2652,26.0999],[75.2539,26.086],[75.2464,26.0787],[75.246,26.0782],[75.2442,26.0864],[75.2406,26.0896],[75.232,26.0904],[75.2262,26.092],[75.2206,26.107],[75.2025,26.1068],[75.1882,26.1098],[75.1858,26.1172],[75.1853,26.1268],[75.1874,26.1341],[75.1884,26.1524],[75.1881,26.1634],[75.1851,26.17],[75.1818,26.1717],[75.17,26.1719],[75.1586,26.1826],[75.1588,26.1891],[75.1592,26.1917],[75.1607,26.2005],[75.1576,26.207],[75.1558,26.2183],[75.153,26.2209],[75.1525,26.2246],[75.1447,26.2248],[75.145,26.2292],[75.1433,26.2364],[75.1434,26.244],[75.1331,26.2493],[75.1246,26.2518],[75.1174,26.2519],[75.1198,26.2651],[75.1202,26.2709],[75.1154,26.2753],[75.1163,26.28],[75.1134,26.2849],[75.1161,26.2877],[75.119,26.29],[75.1259,26.2919],[75.1313,26.2923],[75.134,26.2977],[75.1369,26.3058],[75.1384,26.3177],[75.1366,26.3215],[75.1313,26.3239],[75.1286,26.3405],[75.1256,26.3494],[75.1261,26.3547],[75.1297,26.356],[75.1348,26.3608],[75.1392,26.3624],[75.1444,26.3657],[75.1445,26.3742],[75.1418,26.3748],[75.1362,26.3779],[75.1332,26.3815],[75.1297,26.3968],[75.1329,26.4038],[75.1369,26.4093],[75.1541,26.411],[75.1667,26.4146],[75.1686,26.4185],[75.1643,26.4205],[75.1699,26.4257],[75.1688,26.428],[75.1725,26.4315],[75.1715,26.4385],[75.1768,26.4441],[75.17,26.462],[75.1734,26.4626],[75.1742,26.4689],[75.1779,26.4744],[75.1876,26.484],[75.1899,26.4888],[75.1952,26.483],[75.2008,26.4803],[75.1997,26.4878],[75.1963,26.5013],[75.1998,26.5056],[75.2056,26.5156],[75.2127,26.5171],[75.2179,26.517],[75.2245,26.5187],[75.23,26.526],[75.2332,26.5218],[75.2372,26.5211],[75.2397,26.5263],[75.2437,26.5285],[75.2519,26.529],[75.2546,26.5301],[75.2554,26.5415],[75.2688,26.5478],[75.2734,26.5526],[75.2817,26.5587],[75.2868,26.5639],[75.2921,26.5616],[75.2959,26.5586],[75.3136,26.5605],[75.3209,26.5606],[75.3263,26.5585],[75.331,26.5581],[75.334,26.5526],[75.336,26.549],[75.3401,26.5353],[75.341,26.5291],[75.3394,26.5245],[75.3374,26.5214],[75.3443,26.5192],[75.3476,26.5174],[75.3493,26.509],[75.3522,26.5015],[75.3577,26.4956],[75.3725,26.4861],[75.3823,26.49],[75.3869,26.4842],[75.3903,26.4819],[75.3949,26.4827],[75.4131,26.4809],[75.4101,26.4913],[75.4106,26.4953],[75.4168,26.4888],[75.4236,26.4836],[75.4371,26.4814],[75.4437,26.4838],[75.4485,26.4876],[75.4527,26.4931],[75.4634,26.4912],[75.4863,26.4808],[75.4979,26.48],[75.5029,26.481],[75.5061,26.479],[75.5085,26.4733],[75.5156,26.468],[75.5213,26.4647],[75.5272,26.4631],[75.5333,26.4696],[75.5487,26.4786],[75.5496,26.4849],[75.5529,26.4862],[75.5594,26.481],[75.5676,26.4789],[75.576,26.4729],[75.5766,26.4613],[75.5749,26.4551],[75.574,26.4461],[75.5836,26.4459],[75.5893,26.4475],[75.596,26.4447],[75.6,26.443],[75.611,26.4416],[75.6173,26.4394],[75.6249,26.4413],[75.6435,26.4424],[75.6497,26.4451],[75.6545,26.4535],[75.6544,26.459],[75.6528,26.4637],[75.6551,26.466],[75.6647,26.4608],[75.6771,26.4603],[75.6841,26.4589],[75.6834,26.4536],[75.6896,26.4514],[75.6985,26.4505],[75.6979,26.4457],[75.7124,26.4448],[75.7297,26.4654],[75.7342,26.4593],[75.7386,26.4492],[75.7443,26.4469],[75.7483,26.4527],[75.7493,26.4688],[75.7581,26.4691],[75.7632,26.4665],[75.7678,26.4657],[75.7694,26.4664],[75.7709,26.4669],[75.7728,26.4723],[75.7706,26.4802],[75.7734,26.4848],[75.7719,26.4919],[75.7672,26.4988],[75.761,26.5121],[75.7622,26.5173],[75.769,26.5177],[75.7842,26.5257],[75.7782,26.5304],[75.774,26.5323],[75.7728,26.5356],[75.7741,26.5433],[75.7816,26.5439],[75.7898,26.5462],[75.7967,26.5493],[75.7984,26.5498],[75.8036,26.5469],[75.8068,26.54],[75.8,26.5306],[75.8034,26.5266],[75.8103,26.5243],[75.8171,26.518],[75.8262,26.5158],[75.836,26.5104],[75.8432,26.5122],[75.8475,26.515],[75.8555,26.5184],[75.8848,26.5192],[75.8884,26.5122],[75.9036,26.5092],[75.9134,26.5104],[75.9342,26.5052],[75.937,26.4936],[75.9534,26.4893],[75.9631,26.483],[75.9691,26.4947],[75.9742,26.5022],[75.986,26.4971],[75.9866,26.5018],[75.9908,26.4971],[75.9999,26.4937],[76.0052,26.4926],[76.0088,26.4919],[76.0115,26.4954],[76.0143,26.5009],[76.0162,26.5034],[76.019,26.5042],[76.0226,26.5045],[76.0269,26.5064],[76.0297,26.5091],[76.0309,26.5122],[76.033,26.5157],[76.0351,26.5168],[76.0382,26.5149],[76.0402,26.5121],[76.0431,26.5106],[76.0465,26.5108],[76.0513,26.5105],[76.056,26.5091],[76.0613,26.5088],[76.0676,26.5081],[76.0724,26.5074],[76.0741,26.5091],[76.0756,26.5131],[76.0795,26.5189],[76.0819,26.5215],[76.0846,26.5232],[76.0889,26.524],[76.0942,26.524],[76.0988,26.5235],[76.1027,26.5263],[76.1054,26.53],[76.1094,26.5333],[76.113,26.5353],[76.1163,26.5353],[76.1205,26.5341],[76.1243,26.5318],[76.1285,26.5287],[76.1327,26.5281],[76.1376,26.5283],[76.1428,26.5289],[76.147,26.5283],[76.1514,26.5254],[76.1559,26.52],[76.1606,26.5147]]]},"properties":{"district_name":"Tonk","raw_district_name":"Tonk","state_code":"RJ","state_name":"Rajasthan","census_code":120,"data_source":"DataMeet India Maps (Census 2011 Boundaries)"}},{"type":"Feature","geometry":{"type":"Polygon","coordinates":[[[74.3979,24.3035],[74.3977,24.296],[74.3964,24.2932],[74.3929,24.2892],[74.3912,24.2848],[74.3938,24.28],[74.3939,24.2684],[74.3922,24.2632],[74.387,24.258],[74.3853,24.2512],[74.3836,24.2353],[74.3771,24.2209],[74.3698,24.2093],[74.3599,24.1929],[74.3591,24.1805],[74.3643,24.173],[74.3739,24.1619],[74.3801,24.1563],[74.3853,24.1527],[74.3901,24.1492],[74.3944,24.1472],[74.4005,24.1456],[74.4036,24.1408],[74.4075,24.1369],[74.413,24.1369],[74.4183,24.1302],[74.4214,24.1273],[74.4233,24.1187],[74.4276,24.1183],[74.4323,24.1157],[74.4323,24.1148],[74.4333,24.1109],[74.4381,24.0962],[74.4352,24.0945],[74.4371,24.085],[74.4378,24.0843],[74.4352,24.0819],[74.4282,24.0775],[74.4243,24.0747],[74.4235,24.0723],[74.4222,24.0675],[74.4183,24.0667],[74.4096,24.0667],[74.4039,24.0674],[74.3983,24.071],[74.3961,24.0738],[74.39,24.0738],[74.3874,24.0733],[74.3796,24.0669],[74.379,24.0669],[74.3796,24.0709],[74.3756,24.0797],[74.3695,24.084],[74.3652,24.0844],[74.3652,24.088],[74.363,24.0916],[74.3599,24.0916],[74.3478,24.0852],[74.3439,24.0839],[74.3426,24.0811],[74.344,24.0756],[74.3461,24.072],[74.3462,24.0688],[74.3392,24.0636],[74.3345,24.0584],[74.328,24.048],[74.3219,24.0479],[74.3163,24.0527],[74.3127,24.0674],[74.3075,24.071],[74.3044,24.071],[74.3014,24.067],[74.2993,24.0642],[74.2976,24.0494],[74.2963,24.043],[74.2972,24.0367],[74.3055,24.0327],[74.3273,24.0137],[74.3378,24.0092],[74.3371,24.0083],[74.3362,24.0018],[74.3324,23.9979],[74.3249,23.994],[74.337,23.9839],[74.3382,23.9759],[74.3354,23.9653],[74.3257,23.9461],[74.3248,23.9374],[74.3144,23.945],[74.3094,23.9513],[74.3069,23.9561],[74.3024,23.9604],[74.2999,23.9561],[74.2968,23.9553],[74.2815,23.9577],[74.2783,23.9564],[74.2727,23.9513],[74.2732,23.9485],[74.2751,23.9355],[74.267,23.9327],[74.2587,23.9298],[74.2509,23.9259],[74.2366,23.9122],[74.2327,23.91],[74.2268,23.9093],[74.2222,23.917],[74.2169,23.9314],[74.2121,23.9415],[74.2054,23.9546],[74.2033,23.9575],[74.1989,23.9609],[74.1958,23.9621],[74.182,23.9651],[74.175,23.9695],[74.1702,23.9764],[74.1683,23.9823],[74.16,23.9994],[74.1603,24.0133],[74.1548,24.0133],[74.1519,24.0149],[74.1444,24.0193],[74.1333,24.0174],[74.1306,23.9994],[74.1299,23.9935],[74.1274,23.9907],[74.1225,23.9899],[74.1144,23.9909],[74.1057,23.9902],[74.1009,23.9859],[74.0961,23.9766],[74.09,23.9718],[74.0851,23.9694],[74.0806,23.9682],[74.0712,23.9706],[74.0578,23.9789],[74.0491,23.9806],[74.0394,23.979],[74.0283,23.9745],[74.0253,23.9743],[74.0225,23.9755],[74.02,23.9751],[74.0176,23.9739],[74.0163,23.972],[74.0017,23.9683],[73.9854,23.9723],[73.9827,23.9744],[73.9761,23.9775],[73.9704,23.9787],[73.9639,23.9784],[73.9471,23.9754],[73.9367,23.9772],[73.9179,23.9831],[73.9096,23.9812],[73.8837,23.9664],[73.8701,23.957],[73.8661,23.9531],[73.861,23.9415],[73.8577,23.9361],[73.8511,23.9346],[73.8418,23.9334],[73.8321,23.9339],[73.8224,23.9384],[73.8168,23.938],[73.8088,23.9357],[73.8071,23.9382],[73.8063,23.9444],[73.8033,23.9456],[73.7854,23.9471],[73.783,23.9467],[73.7825,23.946],[73.7768,23.9388],[73.7725,23.9378],[73.7658,23.9401],[73.7574,23.9453],[73.7529,23.9481],[73.7385,23.9433],[73.7329,23.9437],[73.7215,23.9494],[73.7038,23.955],[73.6968,23.9582],[73.6922,23.9542],[73.6771,23.9445],[73.6708,23.939],[73.6673,23.9483],[73.6638,23.9494],[73.6544,23.9475],[73.6538,23.9446],[73.6458,23.9461],[73.615,23.9592],[73.6135,23.9625],[73.5924,23.9654],[73.5893,23.9649],[73.5855,23.9621],[73.5794,23.9602],[73.5753,23.9616],[73.5707,23.9599],[73.5549,23.9448],[73.5483,23.9365],[73.5345,23.9334],[73.5179,23.9308],[73.5114,23.9237],[73.4979,23.903],[73.4854,23.8796],[73.4823,23.8719],[73.4738,23.8689],[73.4713,23.8625],[73.4695,23.8471],[73.4645,23.843],[73.4577,23.8394],[73.439,23.8365],[73.4318,23.837],[73.4262,23.83],[73.4159,23.8237],[73.4144,23.8144],[73.412,23.8098],[73.4085,23.8073],[73.4037,23.806],[73.3985,23.8075],[73.3927,23.8101],[73.3857,23.8115],[73.3831,23.811],[73.3796,23.8077],[73.3763,23.8126],[73.37,23.8146],[73.3664,23.8136],[73.3687,23.8211],[73.368,23.8313],[73.3656,23.8377],[73.3559,23.8538],[73.3581,23.8611],[73.3622,23.8683],[73.3674,23.875],[73.3731,23.888],[73.3785,23.8942],[73.3827,23.9049],[73.3924,23.9159],[73.3985,23.9173],[73.404,23.9152],[73.4164,23.9225],[73.4198,23.9267],[73.421,23.9301],[73.4167,23.9356],[73.4155,23.9529],[73.4179,23.9738],[73.416,23.9818],[73.4104,23.9875],[73.4015,23.9897],[73.4071,23.9974],[73.4073,24.0017],[73.4057,24.015],[73.4079,24.0243],[73.4079,24.034],[73.4103,24.0502],[73.4007,24.0643],[73.3931,24.0717],[73.3818,24.0788],[73.3763,24.0833],[73.3712,24.0863],[73.3661,24.0872],[73.3661,24.1117],[73.37,24.1273],[73.3573,24.1133],[73.3392,24.1151],[73.3316,24.1144],[73.3283,24.1033],[73.3309,24.0818],[73.3288,24.0729],[73.3229,24.0618],[73.3147,24.0561],[73.3076,24.0539],[73.3031,24.0508],[73.2941,24.0361],[73.2872,24.0268],[73.2789,24.0282],[73.2714,24.0274],[73.26,24.0195],[73.2524,24.0126],[73.2485,24.0106],[73.2418,24.0102],[73.2386,24.0123],[73.2363,24.0178],[73.2311,24.0196],[73.2254,24.0235],[73.2253,24.0276],[73.2192,24.0319],[73.2041,24.039],[73.1966,24.0448],[73.1949,24.051],[73.197,24.0569],[73.2051,24.0662],[73.2097,24.0753],[73.2104,24.0797],[73.2128,24.0848],[73.2164,24.0888],[73.2187,24.093],[73.2199,24.0977],[73.2119,24.1012],[73.2083,24.1037],[73.196,24.1079],[73.1936,24.1103],[73.1899,24.1047],[73.1879,24.1061],[73.1829,24.1073],[73.1677,24.1109],[73.1635,24.1159],[73.1571,24.1197],[73.1514,24.1215],[73.1431,24.1222],[73.1344,24.1278],[73.1193,24.14],[73.11,24.1383],[73.1124,24.1526],[73.1089,24.1575],[73.0983,24.165],[73.0868,24.1751],[73.0785,24.1848],[73.0772,24.1917],[73.0778,24.1965],[73.0831,24.2006],[73.0876,24.2207],[73.0972,24.223],[73.102,24.2259],[73.1055,24.2292],[73.1072,24.2309],[73.1025,24.2321],[73.1022,24.2322],[73.0979,24.2346],[73.0969,24.2375],[73.1018,24.2441],[73.1029,24.2487],[73.1059,24.2538],[73.1121,24.2623],[73.1351,24.2798],[73.1401,24.2992],[73.1412,24.3076],[73.1475,24.3105],[73.1542,24.3075],[73.1696,24.3007],[73.1769,24.3011],[73.1811,24.3087],[73.1828,24.3198],[73.1825,24.3266],[73.1834,24.3346],[73.1894,24.3432],[73.1944,24.3394],[73.1978,24.3337],[73.2075,24.3338],[73.213,24.35],[73.2222,24.356],[73.2281,24.3642],[73.2075,24.375],[73.1972,24.3664],[73.1868,24.3554],[73.1766,24.3503],[73.1663,24.3503],[73.1584,24.3524],[73.1509,24.3561],[73.1417,24.3628],[73.1336,24.3642],[73.1237,24.3686],[73.1149,24.3755],[73.1075,24.3866],[73.1049,24.3873],[73.0945,24.3853],[73.0812,24.3943],[73.0807,24.3975],[73.0849,24.3999],[73.087,24.4086],[73.0893,24.413],[73.093,24.417],[73.1026,24.4201],[73.1047,24.4261],[73.1052,24.4322],[73.103,24.4452],[73.104,24.4516],[73.1036,24.4566],[73.0949,24.4724],[73.0953,24.4913],[73.0908,24.4946],[73.0802,24.4901],[73.0712,24.4826],[73.0664,24.4808],[73.0635,24.4745],[73.0536,24.4725],[73.0496,24.4664],[73.0473,24.4652],[73.0294,24.4637],[73.0234,24.4651],[73.018,24.4651],[73.009,24.4824],[73.0091,24.4846],[73.0079,24.4869],[73.0058,24.491],[73.0062,24.4941],[73.0124,24.4984],[73.0137,24.5001],[73.012,24.508],[73.0204,24.5191],[73.0214,24.5221],[73.0268,24.5313],[73.0322,24.5366],[73.0409,24.5432],[73.0445,24.5477],[73.0567,24.5706],[73.083,24.6114],[73.0847,24.6224],[73.084,24.6364],[73.0893,24.639],[73.1001,24.647],[73.1027,24.6534],[73.1164,24.6703],[73.1245,24.6725],[73.1305,24.6754],[73.138,24.6877],[73.1409,24.7187],[73.1403,24.7321],[73.1414,24.738],[73.1404,24.7442],[73.1403,24.7526],[73.1448,24.7577],[73.149,24.7578],[73.1525,24.759],[73.1581,24.7625],[73.1641,24.7683],[73.1731,24.773],[73.1815,24.7763],[73.2007,24.7871],[73.2183,24.7923],[73.2248,24.7922],[73.231,24.7935],[73.2324,24.7948],[73.2354,24.7976],[73.2381,24.8056],[73.2382,24.8162],[73.2372,24.8233],[73.2393,24.8302],[73.246,24.8362],[73.2671,24.8579],[73.2698,24.8625],[73.2699,24.8665],[73.2713,24.8714],[73.2714,24.8773],[73.2732,24.8789],[73.277,24.8784],[73.2829,24.8816],[73.2849,24.8766],[73.2868,24.8747],[73.2883,24.8744],[73.2905,24.875],[73.3073,24.8884],[73.308,24.8901],[73.3063,24.8972],[73.3113,24.9013],[73.3157,24.9073],[73.3192,24.9089],[73.3277,24.9086],[73.3301,24.9122],[73.3318,24.9288],[73.3352,24.9375],[73.3385,24.9404],[73.3433,24.9512],[73.3418,24.9528],[73.3417,24.9551],[73.3461,24.9605],[73.3419,24.9625],[73.3367,24.9667],[73.3331,24.9675],[73.3327,24.9707],[73.3295,24.9749],[73.3296,24.9771],[73.3407,24.9849],[73.3439,24.9895],[73.3437,24.9951],[73.3424,24.9996],[73.3425,25.0003],[73.3445,25.0102],[73.3507,25.0102],[73.3539,25.0162],[73.3539,25.0238],[73.3583,25.0278],[73.366,25.029],[73.3714,25.029],[73.3735,25.0325],[73.3741,25.0357],[73.3775,25.038],[73.377,25.0405],[73.3846,25.0448],[73.3835,25.0493],[73.3874,25.0532],[73.3887,25.0604],[73.3918,25.0664],[73.3964,25.0694],[73.3966,25.0696],[73.3971,25.0742],[73.4038,25.078],[73.408,25.0797],[73.4083,25.0806],[73.41,25.085],[73.416,25.0882],[73.4235,25.0899],[73.4527,25.0904],[73.4619,25.0894],[73.4704,25.0994],[73.4762,25.1041],[73.4838,25.1042],[73.4839,25.1042],[73.4918,25.1079],[73.4928,25.117],[73.4966,25.118],[73.4995,25.1148],[73.5033,25.1178],[73.5006,25.0987],[73.5006,25.093],[73.5007,25.0758],[73.5008,25.0535],[73.5115,25.0428],[73.5203,25.0403],[73.5232,25.0314],[73.5127,25.0066],[73.5069,24.9756],[73.5349,24.9549],[73.5615,24.934],[73.5645,24.911],[73.5695,24.8799],[73.5794,24.8465],[73.589,24.8184],[73.595,24.8011],[73.595,24.7913],[73.601,24.7835],[73.6116,24.7746],[73.6388,24.7791],[73.6912,24.7898],[73.7028,24.789],[73.7253,24.7703],[73.7401,24.7552],[73.7564,24.7386],[73.7835,24.7351],[73.7961,24.7448],[73.8087,24.7802],[73.8438,24.8563],[73.8532,24.8769],[73.8553,24.8867],[73.8688,24.8832],[73.896,24.8788],[73.9047,24.8795],[73.931,24.8815],[73.9423,24.8725],[73.947,24.8681],[73.9582,24.854],[73.9808,24.8755],[73.9852,24.8797],[73.9916,24.8845],[74.0018,24.8922],[74.0183,24.8718],[74.0281,24.8474],[74.03,24.8426],[74.0455,24.8328],[74.0782,24.8409],[74.0911,24.8434],[74.1135,24.8493],[74.1215,24.8518],[74.1295,24.8521],[74.1314,24.8459],[74.1304,24.843],[74.1275,24.8406],[74.1249,24.8367],[74.1186,24.823],[74.1105,24.8116],[74.111,24.8037],[74.1151,24.7941],[74.1098,24.7884],[74.1066,24.7811],[74.1082,24.7732],[74.1103,24.7671],[74.1144,24.7624],[74.1189,24.7604],[74.116,24.7523],[74.1159,24.7466],[74.1189,24.7394],[74.1249,24.7368],[74.1285,24.7326],[74.1305,24.7335],[74.1311,24.7353],[74.135,24.7323],[74.1367,24.7296],[74.1403,24.7272],[74.1481,24.7295],[74.1512,24.7313],[74.1572,24.728],[74.1601,24.725],[74.1727,24.716],[74.1732,24.7101],[74.1761,24.7048],[74.1756,24.7016],[74.174,24.6985],[74.1704,24.6953],[74.165,24.6944],[74.1595,24.6915],[74.1568,24.6888],[74.1552,24.6866],[74.156,24.6828],[74.1566,24.6798],[74.1566,24.6764],[74.1603,24.6766],[74.1716,24.6782],[74.1743,24.6771],[74.1805,24.6744],[74.1832,24.6702],[74.1839,24.6672],[74.1881,24.6688],[74.1903,24.6728],[74.1926,24.6739],[74.2046,24.6696],[74.2079,24.658],[74.2102,24.6561],[74.2157,24.6574],[74.2156,24.6566],[74.2116,24.6551],[74.2086,24.6483],[74.2062,24.6476],[74.2057,24.6463],[74.2042,24.6427],[74.2064,24.6297],[74.2092,24.6291],[74.2191,24.6294],[74.2222,24.6277],[74.2231,24.6282],[74.2205,24.638],[74.2218,24.6473],[74.2252,24.6522],[74.2311,24.6584],[74.2326,24.659],[74.2357,24.6604],[74.2507,24.6532],[74.2506,24.6472],[74.2511,24.6443],[74.2513,24.6428],[74.2529,24.6383],[74.2586,24.6303],[74.2519,24.6266],[74.2478,24.6275],[74.242,24.6261],[74.2328,24.6262],[74.225,24.6235],[74.2235,24.6161],[74.2332,24.608],[74.2336,24.6076],[74.243,24.5981],[74.2663,24.5784],[74.2741,24.5703],[74.2791,24.5652],[74.2787,24.5566],[74.2786,24.5549],[74.2792,24.5413],[74.2794,24.5369],[74.2743,24.5256],[74.2687,24.5254],[74.2596,24.5278],[74.2488,24.5306],[74.2228,24.4856],[74.2169,24.4754],[74.2088,24.4614],[74.21,24.4555],[74.2261,24.4509],[74.2337,24.4486],[74.2393,24.4489],[74.2408,24.4542],[74.2434,24.4636],[74.2495,24.4732],[74.2563,24.4683],[74.2598,24.4687],[74.2684,24.4697],[74.2665,24.4749],[74.2662,24.4756],[74.2607,24.4942],[74.2687,24.5039],[74.2799,24.5044],[74.2848,24.5011],[74.2871,24.4979],[74.2987,24.4819],[74.308,24.484],[74.3107,24.4855],[74.3226,24.4922],[74.3286,24.4929],[74.3338,24.4935],[74.3388,24.4851],[74.3387,24.4805],[74.3384,24.4731],[74.3342,24.47],[74.3314,24.4679],[74.3248,24.4632],[74.3282,24.4504],[74.3325,24.4456],[74.3429,24.4368],[74.3449,24.4351],[74.3658,24.4104],[74.3649,24.3958],[74.3635,24.374],[74.3592,24.3652],[74.3525,24.3517],[74.3531,24.3372],[74.3738,24.3197],[74.3838,24.313],[74.3868,24.3109],[74.3979,24.3035]]]},"properties":{"district_name":"Udaipur","raw_district_name":"Udaipur","state_code":"RJ","state_name":"Rajasthan","census_code":130,"data_source":"DataMeet India Maps (Census 2011 Boundaries)"}},{"type":"Feature","geometry":{"type":"Polygon","coordinates":[[[76.9047,27.2256],[76.9025,27.2232],[76.9048,27.2204],[76.9034,27.2178],[76.9047,27.2149],[76.9083,27.2113],[76.9096,27.2069],[76.909,27.2022],[76.9097,27.1964],[76.9089,27.1918],[76.9091,27.1867],[76.9112,27.184],[76.9143,27.1819],[76.9132,27.1779],[76.9082,27.1766],[76.9043,27.1766],[76.9,27.1761],[76.8986,27.1721],[76.8993,27.1672],[76.901,27.1628],[76.9057,27.1596],[76.9111,27.1571],[76.9172,27.1537],[76.9228,27.1509],[76.9216,27.1464],[76.9225,27.1437],[76.9272,27.1406],[76.9329,27.1393],[76.937,27.1388],[76.9414,27.1414],[76.9481,27.1406],[76.9494,27.1468],[76.9552,27.1467],[76.9649,27.1461],[76.9634,27.1414],[76.9649,27.1377],[76.9653,27.1333],[76.9638,27.1298],[76.9635,27.1273],[76.966,27.1255],[76.971,27.1252],[76.9748,27.1238],[76.9793,27.1197],[76.9846,27.1167],[76.989,27.1144],[76.9927,27.1111],[76.9957,27.1071],[76.9933,27.1046],[76.9896,27.1043],[76.9855,27.1032],[76.9838,27.0992],[76.9872,27.094],[76.9905,27.0883],[76.9925,27.0846],[76.9885,27.0805],[76.9842,27.0778],[76.9804,27.0776],[76.9748,27.0745],[76.976,27.0684],[76.979,27.0633],[76.9837,27.0595],[76.9877,27.0567],[76.9933,27.0527],[76.9987,27.0489],[77.0008,27.0453],[77.0005,27.0418],[77.0009,27.0409],[77.0096,27.0274],[77.0096,27.0239],[77.011,27.0215],[77.01,27.0198],[77.0068,27.0176],[77.004,27.0174],[77.0035,27.0193],[77.0001,27.0204],[76.9943,27.0279],[76.9898,27.0266],[76.9862,27.0236],[76.9878,27.0198],[76.9919,27.0168],[76.9959,27.0094],[77.0001,27.0065],[77.0064,27.0024],[77.0082,27.0004],[77.0069,26.9819],[77.0076,26.9772],[77.0109,26.9784],[77.0152,26.9774],[77.0181,26.9718],[77.0205,26.9634],[77.0214,26.9512],[77.0226,26.9473],[77.0257,26.945],[77.0275,26.9423],[77.023,26.9365],[77.0165,26.9318],[77.0176,26.9284],[77.0271,26.922],[77.0369,26.9169],[77.0413,26.9129],[77.0443,26.9078],[77.047,26.9089],[77.0496,26.9121],[77.0553,26.9113],[77.0597,26.9127],[77.0624,26.9087],[77.0631,26.9045],[77.0651,26.9017],[77.0634,26.895],[77.0634,26.8886],[77.0665,26.8822],[77.0678,26.8761],[77.0749,26.8675],[77.0781,26.8592],[77.0837,26.8599],[77.0837,26.8597],[77.0819,26.8593],[77.0801,26.8589],[77.0783,26.8585],[77.0782,26.8586],[77.0768,26.859],[77.074,26.8569],[77.0732,26.8568],[77.0722,26.8566],[77.0714,26.8564],[77.0709,26.8564],[77.0694,26.8564],[77.068,26.8564],[77.064,26.8549],[77.0625,26.8544],[77.0623,26.8544],[77.0621,26.8543],[77.0619,26.8543],[77.0594,26.8538],[77.059,26.8538],[77.0577,26.8539],[77.0541,26.8542],[77.0504,26.8556],[77.0469,26.8568],[77.0367,26.8619],[77.0348,26.8629],[77.0276,26.8654],[77.023,26.8668],[77.0198,26.8678],[77.0118,26.8703],[77.0036,26.8711],[77,26.8708],[76.9994,26.8702],[76.9987,26.8694],[76.998,26.8688],[76.9976,26.8684],[76.9966,26.8674],[76.9946,26.866],[76.9932,26.8651],[76.9926,26.8647],[76.9914,26.8638],[76.9904,26.8627],[76.9892,26.8616],[76.988,26.8609],[76.9859,26.8583],[76.9844,26.8588],[76.9828,26.859],[76.9807,26.8595],[76.9793,26.8597],[76.9775,26.8599],[76.9751,26.86],[76.9719,26.86],[76.9694,26.86],[76.968,26.8599],[76.9673,26.8601],[76.9645,26.8609],[76.9626,26.8617],[76.9623,26.8619],[76.9621,26.862],[76.9617,26.8623],[76.9614,26.8625],[76.9604,26.8633],[76.9591,26.864],[76.9585,26.8644],[76.9558,26.8667],[76.9545,26.8675],[76.9547,26.8684],[76.9538,26.8716],[76.9541,26.8731],[76.9546,26.8755],[76.9549,26.8766],[76.9554,26.878],[76.9557,26.8795],[76.9558,26.8799],[76.957,26.8833],[76.9575,26.8912],[76.9587,26.8968],[76.9585,26.8977],[76.9571,26.9009],[76.9567,26.902],[76.9564,26.9027],[76.9555,26.9051],[76.955,26.9062],[76.9549,26.9065],[76.9547,26.9079],[76.9542,26.9111],[76.954,26.9134],[76.9528,26.9163],[76.9525,26.9166],[76.9513,26.9182],[76.9505,26.9192],[76.9499,26.9197],[76.9493,26.9204],[76.9485,26.9214],[76.9454,26.9254],[76.945,26.9262],[76.9446,26.9271],[76.9416,26.9305],[76.9401,26.9319],[76.9395,26.9326],[76.9386,26.9336],[76.9379,26.9343],[76.9375,26.9347],[76.9373,26.935],[76.9369,26.9354],[76.9358,26.9367],[76.9337,26.9381],[76.9332,26.9385],[76.9312,26.9403],[76.931,26.9405],[76.93,26.9411],[76.9295,26.9414],[76.9292,26.9416],[76.9287,26.9422],[76.9285,26.9424],[76.927,26.9441],[76.9262,26.9449],[76.9258,26.9453],[76.9251,26.9463],[76.9246,26.9466],[76.9242,26.9469],[76.9232,26.9474],[76.9214,26.9487],[76.9204,26.9491],[76.9191,26.9497],[76.9186,26.95],[76.9184,26.9506],[76.9181,26.951],[76.9179,26.9513],[76.9177,26.9515],[76.9173,26.9519],[76.917,26.9522],[76.9166,26.9525],[76.9167,26.9532],[76.9167,26.9551],[76.9161,26.9565],[76.9154,26.9579],[76.9151,26.9584],[76.915,26.9585],[76.9144,26.9594],[76.9136,26.9603],[76.9131,26.9608],[76.9128,26.9611],[76.9112,26.9626],[76.9085,26.965],[76.9044,26.9675],[76.9044,26.9675],[76.9033,26.9684],[76.9033,26.9699],[76.9033,26.9708],[76.9025,26.9712],[76.9021,26.9713],[76.902,26.9713],[76.9003,26.9712],[76.9001,26.9712],[76.8984,26.9712],[76.897,26.9714],[76.8964,26.9714],[76.8939,26.972],[76.8913,26.9724],[76.89,26.9726],[76.8897,26.9727],[76.8873,26.9733],[76.8871,26.9733],[76.8848,26.974],[76.8833,26.976],[76.8832,26.9761],[76.8827,26.9781],[76.8828,26.9782],[76.8824,26.9784],[76.8812,26.979],[76.8811,26.9795],[76.8812,26.9808],[76.8809,26.9829],[76.8793,26.9839],[76.8775,26.9847],[76.8766,26.9852],[76.8741,26.9868],[76.8705,26.9888],[76.8687,26.9897],[76.8672,26.9905],[76.8655,26.9917],[76.8628,26.993],[76.8607,26.9937],[76.8584,26.9943],[76.8583,26.9943],[76.8566,26.9945],[76.8549,26.9948],[76.8547,26.9948],[76.8533,26.9945],[76.8531,26.9945],[76.8527,26.9945],[76.852,26.9948],[76.851,26.9947],[76.8504,26.9946],[76.8497,26.9947],[76.8487,26.9947],[76.8481,26.9946],[76.8477,26.9947],[76.846,26.9947],[76.8456,26.9947],[76.8445,26.9951],[76.8434,26.995],[76.8417,26.995],[76.8407,26.9949],[76.8402,26.995],[76.8395,26.995],[76.8392,26.9953],[76.8385,26.9959],[76.8382,26.9962],[76.838,26.9964],[76.8377,26.9966],[76.8369,26.9971],[76.8362,26.9975],[76.8356,26.9977],[76.835,26.9979],[76.8336,26.9982],[76.8324,26.9984],[76.8317,26.9986],[76.8286,26.9992],[76.8279,26.9992],[76.8269,26.9992],[76.8251,26.9991],[76.8245,26.999],[76.8239,26.9989],[76.8232,26.9988],[76.8215,26.9985],[76.8201,26.998],[76.8194,26.9978],[76.8187,26.9976],[76.8174,26.998],[76.8161,26.9985],[76.8158,26.9983],[76.8149,26.9978],[76.8137,26.9972],[76.8121,26.9969],[76.8115,26.9966],[76.8113,26.9966],[76.8101,26.9954],[76.8096,26.995],[76.8078,26.993],[76.8077,26.9929],[76.8069,26.9919],[76.8067,26.9916],[76.8059,26.9904],[76.8053,26.9894],[76.8049,26.9888],[76.8038,26.9879],[76.8035,26.9877],[76.803,26.9872],[76.8033,26.9857],[76.7991,26.9811],[76.7962,26.9744],[76.7979,26.9645],[76.8002,26.955],[76.7984,26.9462],[76.7964,26.9399],[76.7939,26.9322],[76.7878,26.9233],[76.7795,26.914],[76.7731,26.9078],[76.7667,26.9045],[76.7617,26.9005],[76.761,26.8955],[76.7647,26.8906],[76.7671,26.8861],[76.7597,26.8811],[76.7676,26.8772],[76.7583,26.8702],[76.744,26.8615],[76.7266,26.8558],[76.715,26.8502],[76.7024,26.8438],[76.6895,26.836],[76.6752,26.8262],[76.6649,26.8181],[76.6608,26.8108],[76.6532,26.8044],[76.6455,26.7985],[76.6379,26.7963],[76.6342,26.7915],[76.6272,26.7845],[76.6185,26.7764],[76.6102,26.7705],[76.6034,26.7697],[76.5963,26.7729],[76.5911,26.7755],[76.5872,26.7761],[76.5845,26.7732],[76.5782,26.7688],[76.5703,26.7666],[76.5635,26.768],[76.5596,26.7678],[76.5536,26.7656],[76.5481,26.7673],[76.5401,26.7722],[76.5264,26.7624],[76.5155,26.7543],[76.5042,26.7436],[76.4994,26.7349],[76.4944,26.7295],[76.4939,26.7242],[76.4895,26.7163],[76.4785,26.7059],[76.4721,26.6932],[76.4646,26.6816],[76.4693,26.6708],[76.4692,26.6691],[76.4688,26.6635],[76.4625,26.6579],[76.4564,26.6486],[76.4527,26.6398],[76.4467,26.6333],[76.4439,26.628],[76.4405,26.6215],[76.4358,26.6142],[76.4305,26.608],[76.4268,26.6032],[76.4244,26.5967],[76.421,26.5916],[76.4162,26.5818],[76.4138,26.5738],[76.4107,26.5648],[76.4075,26.5555],[76.4068,26.5527],[76.411,26.5515],[76.4133,26.5512],[76.4159,26.5495],[76.4168,26.5472],[76.4167,26.5438],[76.4137,26.5401],[76.4153,26.5384],[76.4192,26.5381],[76.4241,26.5381],[76.4297,26.5389],[76.4343,26.5425],[76.4396,26.547],[76.4446,26.5504],[76.4495,26.5509],[76.4541,26.5506],[76.4586,26.548],[76.4621,26.5437],[76.4623,26.5381],[76.4631,26.5293],[76.4645,26.5225],[76.469,26.5185],[76.4742,26.5148],[76.4796,26.5116],[76.4812,26.507],[76.4817,26.4986],[76.4806,26.4932],[76.4782,26.4884],[76.4742,26.4844],[76.4702,26.4802],[76.4678,26.474],[76.4639,26.474],[76.457,26.4744],[76.4547,26.4721],[76.4513,26.4659],[76.4486,26.4594],[76.4465,26.4538],[76.4454,26.4476],[76.4439,26.4413],[76.4403,26.4402],[76.4371,26.4389],[76.434,26.4332],[76.4284,26.4282],[76.4243,26.4211],[76.4206,26.4169],[76.4154,26.4141],[76.4139,26.4082],[76.4145,26.4011],[76.414,26.394],[76.4109,26.3878],[76.4065,26.3768],[76.3969,26.3856],[76.3937,26.3879],[76.3833,26.3908],[76.3769,26.3937],[76.3704,26.398],[76.364,26.4017],[76.3553,26.4043],[76.3472,26.4075],[76.3424,26.4104],[76.3425,26.4158],[76.3429,26.4217],[76.3437,26.4265],[76.3428,26.4319],[76.3416,26.4367],[76.3394,26.4413],[76.3353,26.4473],[76.3311,26.4512],[76.323,26.4541],[76.3142,26.4539],[76.3067,26.4534],[76.2989,26.4526],[76.293,26.4532],[76.2897,26.4504],[76.2838,26.4465],[76.2773,26.4451],[76.2649,26.4446],[76.2566,26.4401],[76.2505,26.4407],[76.2486,26.4473],[76.249,26.4524],[76.2495,26.458],[76.2463,26.4631],[76.2385,26.4638],[76.2297,26.4624],[76.2239,26.4647],[76.2175,26.4701],[76.2101,26.4753],[76.2026,26.4784],[76.1903,26.4811],[76.1806,26.4856],[76.1781,26.4916],[76.173,26.4987],[76.1649,26.5019],[76.1624,26.5044],[76.1606,26.5146],[76.1606,26.5147],[76.1612,26.5162],[76.1585,26.5385],[76.1547,26.5502],[76.1542,26.5572],[76.1534,26.5674],[76.1625,26.5891],[76.1736,26.6195],[76.1835,26.636],[76.183,26.6504],[76.1736,26.6643],[76.1707,26.6785],[76.1715,26.6941],[76.1753,26.7137],[76.1756,26.7317],[76.1737,26.7549],[76.1814,26.7784],[76.1923,26.8007],[76.2081,26.8133],[76.2174,26.8204],[76.2234,26.8235],[76.2386,26.8316],[76.2493,26.8422],[76.2505,26.8666],[76.254,26.8878],[76.2493,26.898],[76.2335,26.9097],[76.233,26.9285],[76.2414,26.9441],[76.2514,26.9577],[76.2512,26.9901],[76.2548,27.0087],[76.2722,27.038],[76.2824,27.0814],[76.2884,27.0871],[76.2884,27.0849],[76.2883,27.0785],[76.2878,27.0724],[76.2933,27.0637],[76.3036,27.065],[76.3124,27.064],[76.3217,27.063],[76.3289,27.0617],[76.3319,27.0598],[76.335,27.0573],[76.3383,27.056],[76.3399,27.0596],[76.3423,27.0618],[76.3504,27.0613],[76.3551,27.0597],[76.3602,27.0568],[76.3643,27.0561],[76.3681,27.0614],[76.3716,27.066],[76.3788,27.0707],[76.3841,27.0772],[76.3899,27.0794],[76.3936,27.0835],[76.4003,27.081],[76.4008,27.0853],[76.4027,27.0899],[76.4053,27.0966],[76.407,27.1089],[76.4093,27.126],[76.4208,27.1306],[76.4275,27.1326],[76.4331,27.1331],[76.435,27.1293],[76.4354,27.1256],[76.4365,27.1175],[76.4377,27.1098],[76.4408,27.0999],[76.4437,27.0915],[76.4484,27.0859],[76.4566,27.0813],[76.4644,27.0779],[76.4729,27.079],[76.4736,27.08],[76.4733,27.0846],[76.4736,27.0886],[76.479,27.0912],[76.4802,27.0986],[76.4851,27.0996],[76.487,27.1069],[76.4912,27.111],[76.4943,27.1136],[76.499,27.1158],[76.5054,27.1172],[76.5099,27.118],[76.5177,27.1185],[76.523,27.1182],[76.5268,27.1211],[76.5308,27.1258],[76.5332,27.1281],[76.5383,27.1297],[76.5448,27.1307],[76.5501,27.1317],[76.5536,27.129],[76.5562,27.1282],[76.5577,27.1315],[76.557,27.1338],[76.5568,27.1365],[76.5588,27.138],[76.5598,27.1397],[76.5613,27.1428],[76.5598,27.1448],[76.5582,27.1468],[76.5535,27.1498],[76.5529,27.1527],[76.5554,27.1554],[76.5578,27.1599],[76.5592,27.1648],[76.5604,27.1696],[76.5625,27.1749],[76.5672,27.1725],[76.5707,27.1711],[76.5757,27.1713],[76.576,27.1772],[76.5795,27.1775],[76.5838,27.1769],[76.5865,27.1762],[76.5907,27.1776],[76.5951,27.1781],[76.6,27.1779],[76.6056,27.1777],[76.6113,27.1775],[76.6169,27.1772],[76.6213,27.1772],[76.6251,27.1757],[76.6296,27.174],[76.6334,27.1717],[76.6405,27.1687],[76.6456,27.1673],[76.6537,27.1661],[76.648,27.1596],[76.6447,27.1566],[76.6405,27.1514],[76.6361,27.1479],[76.6335,27.1443],[76.6301,27.1403],[76.6281,27.1354],[76.6263,27.1287],[76.627,27.1266],[76.6294,27.1259],[76.6332,27.1255],[76.6352,27.1241],[76.6355,27.122],[76.6352,27.1198],[76.6337,27.1162],[76.6317,27.1106],[76.6348,27.1092],[76.6369,27.1073],[76.6382,27.1062],[76.6378,27.1039],[76.6371,27.1007],[76.6377,27.0987],[76.6405,27.0968],[76.6437,27.0948],[76.6493,27.0954],[76.6542,27.0964],[76.6607,27.0976],[76.6643,27.0969],[76.6672,27.0961],[76.6705,27.0938],[76.6729,27.0949],[76.6744,27.0992],[76.6748,27.1029],[76.6764,27.1064],[76.6785,27.1115],[76.6837,27.1133],[76.689,27.1146],[76.6948,27.1155],[76.701,27.1161],[76.7084,27.1156],[76.7129,27.1133],[76.7211,27.1103],[76.7302,27.1089],[76.7357,27.1095],[76.74,27.1115],[76.7465,27.1094],[76.7547,27.108],[76.7618,27.1076],[76.7654,27.1103],[76.7727,27.1118],[76.7774,27.1136],[76.7834,27.1134],[76.7875,27.1127],[76.7909,27.1148],[76.7912,27.1188],[76.7916,27.124],[76.7948,27.131],[76.7972,27.1367],[76.8001,27.1362],[76.8014,27.1334],[76.8035,27.1294],[76.8075,27.1267],[76.8138,27.1255],[76.8163,27.123],[76.8136,27.1186],[76.8111,27.1126],[76.8077,27.105],[76.8092,27.1011],[76.8126,27.0958],[76.8164,27.0916],[76.8183,27.0869],[76.8187,27.0799],[76.8248,27.0772],[76.8358,27.0765],[76.8396,27.0872],[76.8408,27.0934],[76.8418,27.1012],[76.8416,27.1084],[76.8419,27.114],[76.8431,27.1169],[76.8419,27.1189],[76.839,27.1195],[76.8342,27.1186],[76.8329,27.1221],[76.8305,27.1276],[76.8281,27.1319],[76.827,27.1342],[76.8323,27.1427],[76.8338,27.1464],[76.8338,27.1513],[76.8327,27.1557],[76.8311,27.1599],[76.8312,27.1631],[76.8355,27.1628],[76.8406,27.1628],[76.8451,27.1646],[76.8484,27.1678],[76.8508,27.1725],[76.8515,27.1772],[76.8521,27.1832],[76.8535,27.1892],[76.8496,27.1934],[76.845,27.1959],[76.8465,27.2014],[76.8427,27.2044],[76.8436,27.2071],[76.8463,27.2078],[76.8486,27.2096],[76.8511,27.2124],[76.8544,27.2107],[76.8592,27.208],[76.8644,27.2183],[76.868,27.2252],[76.8722,27.2312],[76.8778,27.2297],[76.8843,27.2263],[76.89,27.2248],[76.8938,27.2262],[76.8982,27.233],[76.9066,27.2301],[76.9047,27.2256]]]},"properties":{"district_name":"Dausa","raw_district_name":"Dausa","state_code":"RJ","state_name":"Rajasthan","census_code":109,"data_source":"DataMeet India Maps (Census 2011 Boundaries)"}},{"type":"Feature","geometry":{"type":"Polygon","coordinates":[[[76.8356,26.9977],[76.8362,26.9975],[76.8369,26.9971],[76.8377,26.9966],[76.838,26.9964],[76.8382,26.9962],[76.8385,26.9959],[76.8392,26.9953],[76.8395,26.995],[76.8402,26.995],[76.8407,26.9949],[76.8417,26.995],[76.8434,26.995],[76.8445,26.9951],[76.8456,26.9947],[76.846,26.9947],[76.8477,26.9947],[76.8481,26.9946],[76.8487,26.9947],[76.8497,26.9947],[76.8504,26.9946],[76.851,26.9947],[76.852,26.9948],[76.8527,26.9945],[76.8531,26.9945],[76.8533,26.9945],[76.8547,26.9948],[76.8549,26.9948],[76.8566,26.9945],[76.8583,26.9943],[76.8584,26.9943],[76.8607,26.9937],[76.8628,26.993],[76.8655,26.9917],[76.8672,26.9905],[76.8687,26.9897],[76.8705,26.9888],[76.8741,26.9868],[76.8766,26.9852],[76.8775,26.9847],[76.8793,26.9839],[76.8809,26.9829],[76.8812,26.9808],[76.8811,26.9795],[76.8812,26.979],[76.8824,26.9784],[76.8828,26.9782],[76.8827,26.9781],[76.8832,26.9761],[76.8833,26.976],[76.8848,26.974],[76.8871,26.9733],[76.8873,26.9733],[76.8897,26.9727],[76.89,26.9726],[76.8913,26.9724],[76.8939,26.972],[76.8964,26.9714],[76.897,26.9714],[76.8984,26.9712],[76.9001,26.9712],[76.9003,26.9712],[76.902,26.9713],[76.9021,26.9713],[76.9025,26.9712],[76.9033,26.9708],[76.9033,26.9699],[76.9033,26.9684],[76.9044,26.9675],[76.9044,26.9675],[76.9085,26.965],[76.9112,26.9626],[76.9128,26.9611],[76.9131,26.9608],[76.9136,26.9603],[76.9144,26.9594],[76.915,26.9585],[76.9151,26.9584],[76.9154,26.9579],[76.9161,26.9565],[76.9167,26.9551],[76.9167,26.9532],[76.9166,26.9525],[76.917,26.9522],[76.9173,26.9519],[76.9177,26.9515],[76.9179,26.9513],[76.9181,26.951],[76.9184,26.9506],[76.9186,26.95],[76.9191,26.9497],[76.9204,26.9491],[76.9214,26.9487],[76.9232,26.9474],[76.9242,26.9469],[76.9246,26.9466],[76.9251,26.9463],[76.9258,26.9453],[76.9262,26.9449],[76.927,26.9441],[76.9285,26.9424],[76.9287,26.9422],[76.9292,26.9416],[76.9295,26.9414],[76.93,26.9411],[76.931,26.9405],[76.9312,26.9403],[76.9332,26.9385],[76.9337,26.9381],[76.9358,26.9367],[76.9369,26.9354],[76.9373,26.935],[76.9375,26.9347],[76.9379,26.9343],[76.9386,26.9336],[76.9395,26.9326],[76.9401,26.9319],[76.9416,26.9305],[76.9446,26.9271],[76.945,26.9262],[76.9454,26.9254],[76.9485,26.9214],[76.9493,26.9204],[76.9499,26.9197],[76.9505,26.9192],[76.9513,26.9182],[76.9525,26.9166],[76.9528,26.9163],[76.954,26.9134],[76.9542,26.9111],[76.9547,26.9079],[76.9549,26.9065],[76.955,26.9062],[76.9555,26.9051],[76.9564,26.9027],[76.9567,26.902],[76.9571,26.9009],[76.9585,26.8977],[76.9587,26.8968],[76.9575,26.8912],[76.957,26.8833],[76.9558,26.8799],[76.9557,26.8795],[76.9554,26.878],[76.9549,26.8766],[76.9546,26.8755],[76.9541,26.8731],[76.9538,26.8716],[76.9547,26.8684],[76.9545,26.8675],[76.9558,26.8667],[76.9585,26.8644],[76.9591,26.864],[76.9604,26.8633],[76.9614,26.8625],[76.9617,26.8623],[76.9621,26.862],[76.9623,26.8619],[76.9626,26.8617],[76.9645,26.8609],[76.9673,26.8601],[76.968,26.8599],[76.9694,26.86],[76.9719,26.86],[76.9751,26.86],[76.9775,26.8599],[76.9793,26.8597],[76.9807,26.8595],[76.9828,26.859],[76.9844,26.8588],[76.9859,26.8583],[76.988,26.8609],[76.9892,26.8616],[76.9904,26.8627],[76.9914,26.8638],[76.9926,26.8647],[76.9932,26.8651],[76.9946,26.866],[76.9966,26.8674],[76.9976,26.8684],[76.998,26.8688],[76.9987,26.8694],[76.9994,26.8702],[77,26.8708],[77.0036,26.8711],[77.0118,26.8703],[77.0198,26.8678],[77.023,26.8668],[77.0276,26.8654],[77.0348,26.8629],[77.0367,26.8619],[77.0469,26.8568],[77.0504,26.8556],[77.0541,26.8542],[77.0577,26.8539],[77.059,26.8538],[77.0594,26.8538],[77.0619,26.8543],[77.0621,26.8543],[77.0623,26.8544],[77.0625,26.8544],[77.064,26.8549],[77.068,26.8564],[77.0694,26.8564],[77.0709,26.8564],[77.0714,26.8564],[77.0722,26.8566],[77.0732,26.8568],[77.074,26.8569],[77.0768,26.859],[77.0782,26.8586],[77.0783,26.8585],[77.0801,26.8589],[77.0819,26.8593],[77.0837,26.8597],[77.0837,26.8599],[77.0998,26.8616],[77.1024,26.8709],[77.1054,26.8737],[77.1088,26.8704],[77.1131,26.8642],[77.1239,26.8527],[77.1326,26.8483],[77.1356,26.8388],[77.1558,26.827],[77.1585,26.8224],[77.1638,26.8292],[77.1688,26.8312],[77.1721,26.8283],[77.1734,26.8223],[77.1907,26.8188],[77.2104,26.8097],[77.201,26.798],[77.1994,26.7943],[77.1994,26.7908],[77.2053,26.7811],[77.2183,26.7877],[77.2287,26.794],[77.2591,26.8185],[77.2671,26.8131],[77.2734,26.806],[77.2942,26.7795],[77.3009,26.7807],[77.3162,26.787],[77.3182,26.7941],[77.3316,26.8007],[77.3349,26.7981],[77.3373,26.8001],[77.3359,26.8052],[77.3396,26.8058],[77.3423,26.8012],[77.3456,26.8004],[77.349,26.8015],[77.3516,26.8044],[77.3557,26.8001],[77.3583,26.795],[77.351,26.7856],[77.355,26.783],[77.35,26.7773],[77.3443,26.7673],[77.3416,26.7665],[77.3393,26.7645],[77.3467,26.7576],[77.3523,26.7548],[77.3497,26.7488],[77.3494,26.744],[77.351,26.7383],[77.3494,26.7266],[77.349,26.7115],[77.3474,26.6972],[77.3494,26.691],[77.3527,26.6855],[77.3584,26.679],[77.3624,26.6721],[77.3711,26.661],[77.3718,26.6551],[77.3688,26.6533],[77.3541,26.655],[77.3504,26.6533],[77.3504,26.6493],[77.3491,26.6456],[77.3471,26.6436],[77.3474,26.6402],[77.3511,26.6385],[77.3534,26.6365],[77.3541,26.6334],[77.3565,26.63],[77.3594,26.6325],[77.3615,26.6362],[77.3658,26.6374],[77.3708,26.6348],[77.3878,26.6334],[77.3932,26.6311],[77.3938,26.6266],[77.3905,26.6166],[77.3875,26.6129],[77.3775,26.6163],[77.3758,26.6157],[77.3738,26.6117],[77.3708,26.6112],[77.3671,26.6043],[77.3628,26.6003],[77.3581,26.5938],[77.3528,26.5906],[77.3465,26.5912],[77.3435,26.5878],[77.3401,26.5861],[77.3281,26.5843],[77.3081,26.5755],[77.2911,26.5606],[77.2921,26.5555],[77.2905,26.5538],[77.2811,26.5558],[77.2771,26.5549],[77.2678,26.5504],[77.2575,26.5552],[77.2558,26.5523],[77.2525,26.5501],[77.2485,26.5486],[77.2431,26.5492],[77.2431,26.5449],[77.2332,26.5326],[77.2272,26.5309],[77.2295,26.5227],[77.2322,26.5175],[77.2389,26.4993],[77.2372,26.4939],[77.2409,26.4831],[77.2396,26.4697],[77.2459,26.4734],[77.2469,26.4708],[77.2496,26.4694],[77.2503,26.4665],[77.2493,26.4625],[77.2476,26.4597],[77.2506,26.4594],[77.2529,26.4568],[77.2506,26.4486],[77.2533,26.4386],[77.2556,26.4343],[77.259,26.4304],[77.2626,26.4286],[77.267,26.4306],[77.271,26.4315],[77.2753,26.4304],[77.283,26.4361],[77.287,26.4372],[77.2893,26.4364],[77.292,26.4378],[77.2943,26.4372],[77.2953,26.435],[77.298,26.4338],[77.3009,26.4372],[77.3109,26.4395],[77.3163,26.4378],[77.3203,26.4344],[77.3253,26.4341],[77.3309,26.4316],[77.3303,26.429],[77.3309,26.4259],[77.3436,26.4224],[77.3463,26.4196],[77.3479,26.4142],[77.3429,26.4022],[77.3393,26.3962],[77.3433,26.3948],[77.3483,26.3942],[77.3563,26.3965],[77.3573,26.3877],[77.3596,26.3809],[77.3629,26.3783],[77.3693,26.3794],[77.3729,26.3752],[77.3733,26.366],[77.3673,26.364],[77.3536,26.3549],[77.3417,26.3518],[77.3363,26.3426],[77.334,26.3418],[77.331,26.3426],[77.325,26.3409],[77.3187,26.3284],[77.3154,26.3161],[77.3151,26.3096],[77.2968,26.2902],[77.2739,26.2707],[77.2582,26.2616],[77.2446,26.2573],[77.2151,26.2388],[77.2098,26.232],[77.2012,26.2306],[77.1912,26.2314],[77.1842,26.2337],[77.1769,26.2391],[77.1716,26.2391],[77.168,26.2369],[77.1647,26.2332],[77.1594,26.2326],[77.1499,26.2329],[77.1362,26.2343],[77.1306,26.2326],[77.1203,26.226],[77.1202,26.226],[77.116,26.2197],[77.1124,26.214],[77.1116,26.2038],[77.1048,26.1969],[77.103,26.1901],[77.0982,26.1855],[77.0911,26.1818],[77.0754,26.1801],[77.0654,26.18],[77.0591,26.1809],[77.0514,26.1796],[77.0412,26.1766],[77.0303,26.1709],[77.0176,26.16],[77.0141,26.1553],[77.0112,26.154],[77.0061,26.1473],[77.0028,26.1424],[77.0008,26.1325],[76.9924,26.1271],[76.9749,26.1188],[76.9598,26.1101],[76.9481,26.1029],[76.945,26.1008],[76.9352,26.0974],[76.9246,26.0974],[76.9125,26.0959],[76.9015,26.0928],[76.894,26.0881],[76.889,26.0812],[76.8884,26.0734],[76.8831,26.0669],[76.8787,26.059],[76.8765,26.0513],[76.87,26.0465],[76.8638,26.0434],[76.8578,26.0383],[76.8518,26.0351],[76.8505,26.0345],[76.8503,26.0348],[76.8496,26.036],[76.8493,26.0367],[76.8491,26.0372],[76.8488,26.0382],[76.8486,26.0392],[76.8489,26.0394],[76.8494,26.0397],[76.8502,26.04],[76.8507,26.0402],[76.8508,26.0403],[76.8514,26.0406],[76.8518,26.0409],[76.8521,26.0412],[76.8522,26.0418],[76.8522,26.0419],[76.8522,26.042],[76.8523,26.0425],[76.8521,26.043],[76.8521,26.0431],[76.8521,26.0432],[76.852,26.0432],[76.852,26.0433],[76.852,26.0434],[76.852,26.0434],[76.8519,26.0436],[76.8519,26.0437],[76.8517,26.044],[76.8516,26.0445],[76.8519,26.0449],[76.8522,26.0453],[76.8522,26.0458],[76.852,26.0463],[76.8514,26.0467],[76.8509,26.047],[76.8506,26.0472],[76.8504,26.0478],[76.8503,26.0483],[76.8501,26.0491],[76.8495,26.05],[76.8489,26.0508],[76.8487,26.051],[76.8481,26.0515],[76.8474,26.0516],[76.8472,26.0515],[76.847,26.0513],[76.8469,26.0512],[76.8465,26.0512],[76.8461,26.0512],[76.8457,26.0515],[76.8455,26.0519],[76.8453,26.0522],[76.8444,26.0528],[76.8441,26.0533],[76.8441,26.0534],[76.844,26.0535],[76.8439,26.0536],[76.8436,26.054],[76.8434,26.0545],[76.8433,26.0545],[76.8433,26.0546],[76.8433,26.0547],[76.8432,26.0548],[76.8432,26.0548],[76.8431,26.0549],[76.8431,26.055],[76.8431,26.055],[76.843,26.0551],[76.843,26.0551],[76.843,26.0552],[76.8427,26.0557],[76.8425,26.056],[76.8425,26.0561],[76.8424,26.0562],[76.8423,26.0563],[76.8423,26.0563],[76.8423,26.0564],[76.8421,26.0567],[76.8419,26.0571],[76.8418,26.0571],[76.8418,26.0572],[76.8417,26.0573],[76.8417,26.0574],[76.8417,26.0574],[76.8416,26.0575],[76.8416,26.0576],[76.8415,26.0577],[76.8415,26.0578],[76.8413,26.0581],[76.841,26.0584],[76.841,26.0585],[76.8409,26.0585],[76.8409,26.0585],[76.8409,26.0586],[76.8408,26.0586],[76.8407,26.0587],[76.8407,26.0588],[76.8407,26.0588],[76.8406,26.0588],[76.8406,26.0589],[76.8406,26.0589],[76.8404,26.0591],[76.8403,26.0592],[76.8402,26.0592],[76.8401,26.0594],[76.84,26.0594],[76.8399,26.0595],[76.8396,26.0597],[76.8393,26.0601],[76.8392,26.0601],[76.8392,26.0602],[76.8391,26.0603],[76.839,26.0603],[76.839,26.0604],[76.839,26.0604],[76.8386,26.0607],[76.8382,26.0612],[76.8378,26.0616],[76.8377,26.0617],[76.8377,26.0617],[76.8376,26.0618],[76.8375,26.0619],[76.8374,26.062],[76.8373,26.0621],[76.8372,26.0622],[76.8372,26.0622],[76.8372,26.0622],[76.8371,26.0623],[76.837,26.0624],[76.837,26.0624],[76.8369,26.0625],[76.8369,26.0625],[76.8369,26.0626],[76.8368,26.0626],[76.8367,26.0627],[76.8367,26.0628],[76.8365,26.063],[76.8364,26.063],[76.8363,26.0631],[76.8363,26.0632],[76.8362,26.0632],[76.8362,26.0632],[76.8362,26.0633],[76.8361,26.0633],[76.8361,26.0634],[76.836,26.0634],[76.8356,26.0639],[76.8349,26.0645],[76.8343,26.0654],[76.8341,26.0656],[76.8336,26.0659],[76.8333,26.0661],[76.833,26.0663],[76.8327,26.0663],[76.8324,26.0664],[76.8318,26.0664],[76.8318,26.0664],[76.8312,26.0664],[76.8308,26.0665],[76.8307,26.067],[76.8307,26.0676],[76.8305,26.0681],[76.8304,26.0682],[76.8304,26.0683],[76.8302,26.0688],[76.83,26.0695],[76.83,26.0697],[76.8299,26.07],[76.8295,26.071],[76.8294,26.0716],[76.829,26.0719],[76.8286,26.072],[76.8281,26.0718],[76.828,26.0717],[76.8279,26.0717],[76.8274,26.0718],[76.8269,26.0718],[76.8263,26.0716],[76.826,26.0714],[76.8258,26.0713],[76.8255,26.0713],[76.8253,26.0713],[76.8247,26.0711],[76.8239,26.0709],[76.8234,26.0706],[76.8228,26.0703],[76.8224,26.0702],[76.8218,26.0697],[76.8211,26.069],[76.8207,26.0687],[76.8191,26.0689],[76.8183,26.069],[76.8171,26.0693],[76.8166,26.0694],[76.8165,26.0694],[76.8164,26.0694],[76.8163,26.0694],[76.8162,26.0694],[76.8162,26.0694],[76.8161,26.0694],[76.816,26.0694],[76.8159,26.0694],[76.8154,26.0695],[76.815,26.0695],[76.8149,26.0694],[76.8149,26.0695],[76.8149,26.0695],[76.8147,26.0696],[76.8141,26.0696],[76.8137,26.0697],[76.8134,26.0697],[76.8131,26.0696],[76.8128,26.0693],[76.8126,26.0691],[76.8125,26.069],[76.812,26.0689],[76.8114,26.0694],[76.8109,26.07],[76.8107,26.0707],[76.8107,26.0712],[76.8098,26.0726],[76.8096,26.0734],[76.8096,26.0738],[76.8096,26.0744],[76.8098,26.0751],[76.81,26.0758],[76.8101,26.0759],[76.8101,26.077],[76.8103,26.0776],[76.8103,26.0785],[76.8087,26.0786],[76.8077,26.0787],[76.8077,26.0788],[76.8077,26.0788],[76.8068,26.079],[76.8065,26.0798],[76.8065,26.0803],[76.8065,26.0809],[76.807,26.0815],[76.8075,26.0821],[76.8075,26.0831],[76.8074,26.0836],[76.8074,26.0837],[76.8074,26.0838],[76.8073,26.0838],[76.8073,26.0839],[76.8073,26.0841],[76.8072,26.0846],[76.807,26.0851],[76.8068,26.0857],[76.8065,26.0862],[76.8064,26.0863],[76.8064,26.0863],[76.8064,26.0864],[76.8063,26.0865],[76.8063,26.0865],[76.8062,26.0866],[76.8062,26.0866],[76.8059,26.0871],[76.8054,26.0878],[76.8046,26.0884],[76.8037,26.089],[76.8033,26.09],[76.8028,26.0905],[76.8027,26.0911],[76.8027,26.0912],[76.8027,26.0913],[76.8027,26.0918],[76.8027,26.0924],[76.8027,26.0926],[76.8027,26.0927],[76.8027,26.0932],[76.8025,26.0939],[76.8024,26.0944],[76.8022,26.0949],[76.8019,26.0954],[76.8017,26.096],[76.8014,26.0965],[76.801,26.0969],[76.801,26.0969],[76.8009,26.097],[76.8008,26.097],[76.8008,26.0971],[76.8004,26.0974],[76.7999,26.0979],[76.7999,26.098],[76.7998,26.098],[76.7997,26.0981],[76.7997,26.0982],[76.7996,26.0982],[76.7996,26.0982],[76.7995,26.0983],[76.7995,26.0983],[76.7994,26.0984],[76.7993,26.0985],[76.7993,26.0985],[76.7993,26.0985],[76.7992,26.0986],[76.7991,26.0987],[76.7991,26.0987],[76.7991,26.0987],[76.799,26.0988],[76.7983,26.0995],[76.7978,26.1],[76.7977,26.1001],[76.7976,26.1002],[76.7975,26.1002],[76.7975,26.1003],[76.7974,26.1004],[76.7973,26.1005],[76.7969,26.1008],[76.7966,26.1011],[76.7966,26.1011],[76.7965,26.1012],[76.7943,26.1031],[76.7942,26.1032],[76.7942,26.1032],[76.7941,26.1032],[76.7941,26.1033],[76.7941,26.1033],[76.794,26.1033],[76.794,26.1034],[76.7939,26.1034],[76.7938,26.1034],[76.7938,26.1035],[76.7937,26.1035],[76.7936,26.1036],[76.7932,26.1039],[76.7928,26.1048],[76.7921,26.1052],[76.7916,26.1052],[76.7915,26.1052],[76.7912,26.1051],[76.7905,26.1049],[76.79,26.1048],[76.79,26.1047],[76.7899,26.1047],[76.7898,26.1047],[76.7896,26.1046],[76.7891,26.1044],[76.7883,26.1044],[76.7874,26.1047],[76.7868,26.1052],[76.7858,26.105],[76.7853,26.1051],[76.7848,26.1051],[76.7846,26.1051],[76.7846,26.1051],[76.7846,26.1051],[76.783,26.1053],[76.782,26.1054],[76.7786,26.1054],[76.7777,26.1058],[76.7771,26.1063],[76.7764,26.1074],[76.7757,26.1078],[76.7754,26.1082],[76.7749,26.1083],[76.7735,26.1083],[76.7722,26.1095],[76.7716,26.1103],[76.7704,26.1117],[76.7698,26.112],[76.7679,26.1148],[76.7673,26.1159],[76.766,26.1175],[76.7653,26.1189],[76.7651,26.1194],[76.7642,26.1202],[76.7641,26.1204],[76.7637,26.1208],[76.7637,26.1209],[76.7638,26.1214],[76.7639,26.1215],[76.7643,26.1218],[76.7643,26.1219],[76.7644,26.1222],[76.7643,26.1227],[76.7639,26.123],[76.7636,26.1232],[76.7633,26.1233],[76.7627,26.1238],[76.7619,26.1247],[76.7615,26.1253],[76.7611,26.1256],[76.7607,26.1267],[76.7602,26.1272],[76.7593,26.1277],[76.7591,26.128],[76.7589,26.1283],[76.7589,26.1285],[76.7587,26.1294],[76.7584,26.1301],[76.7571,26.1316],[76.7559,26.1333],[76.7553,26.1342],[76.7551,26.1345],[76.755,26.1356],[76.7549,26.1357],[76.7546,26.1363],[76.754,26.1371],[76.7535,26.1377],[76.7533,26.1382],[76.7532,26.1387],[76.7522,26.1395],[76.752,26.1397],[76.7516,26.14],[76.751,26.1406],[76.7506,26.1412],[76.7503,26.1416],[76.75,26.1423],[76.7488,26.1434],[76.748,26.1444],[76.7469,26.1457],[76.7459,26.147],[76.7453,26.1482],[76.7449,26.1488],[76.7443,26.1496],[76.7439,26.1502],[76.7431,26.1512],[76.7429,26.1513],[76.7425,26.1515],[76.7416,26.1523],[76.7412,26.1529],[76.7411,26.1535],[76.741,26.1544],[76.7385,26.1553],[76.7379,26.155],[76.7377,26.1548],[76.7372,26.1544],[76.737,26.1538],[76.7367,26.1531],[76.7367,26.1528],[76.7367,26.1527],[76.7363,26.1521],[76.7358,26.1519],[76.735,26.152],[76.7345,26.1524],[76.734,26.1531],[76.7335,26.1535],[76.7329,26.1539],[76.7327,26.1539],[76.7324,26.154],[76.7319,26.1539],[76.7316,26.1539],[76.7313,26.1539],[76.731,26.1539],[76.7301,26.1538],[76.7292,26.1538],[76.7286,26.1539],[76.7278,26.154],[76.7275,26.154],[76.7269,26.1541],[76.7266,26.1542],[76.7262,26.1543],[76.7254,26.1548],[76.7252,26.1555],[76.7253,26.1561],[76.7255,26.1567],[76.726,26.1572],[76.7264,26.1577],[76.7268,26.1582],[76.7271,26.1589],[76.7272,26.1596],[76.7272,26.1607],[76.7269,26.1612],[76.7263,26.1619],[76.7257,26.1622],[76.7253,26.1624],[76.725,26.1625],[76.7244,26.1631],[76.7241,26.1637],[76.7238,26.1642],[76.7233,26.1651],[76.7231,26.1653],[76.7228,26.1657],[76.7225,26.1659],[76.7223,26.1661],[76.7218,26.1665],[76.7217,26.1666],[76.7212,26.1668],[76.7205,26.1673],[76.7201,26.1677],[76.72,26.1678],[76.7197,26.168],[76.7195,26.1684],[76.7188,26.169],[76.7181,26.1694],[76.7175,26.1696],[76.717,26.1697],[76.7168,26.1698],[76.716,26.1699],[76.7155,26.1699],[76.7146,26.1701],[76.7136,26.1702],[76.713,26.1705],[76.7125,26.1711],[76.7124,26.1714],[76.7122,26.172],[76.7121,26.1727],[76.7117,26.1735],[76.7111,26.1741],[76.7108,26.1747],[76.7103,26.1755],[76.7099,26.1759],[76.7097,26.176],[76.709,26.1763],[76.7086,26.1764],[76.7082,26.1764],[76.7075,26.1765],[76.7064,26.1765],[76.7056,26.1764],[76.7043,26.1767],[76.7041,26.1772],[76.7041,26.1777],[76.7042,26.178],[76.7044,26.1792],[76.7041,26.1798],[76.7039,26.18],[76.7037,26.1802],[76.7033,26.1807],[76.7027,26.181],[76.7017,26.181],[76.7012,26.1811],[76.7007,26.1811],[76.7001,26.181],[76.6995,26.181],[76.6992,26.1808],[76.6986,26.1804],[76.698,26.1802],[76.6972,26.1798],[76.6965,26.1796],[76.6952,26.1796],[76.6944,26.1799],[76.6939,26.1802],[76.6932,26.1803],[76.6926,26.1804],[76.6915,26.1804],[76.6907,26.1802],[76.69,26.1796],[76.6889,26.1787],[76.6888,26.1785],[76.6882,26.1781],[76.6876,26.1776],[76.6875,26.1774],[76.6873,26.1768],[76.687,26.1761],[76.6869,26.1757],[76.6868,26.1755],[76.6865,26.1745],[76.6861,26.1738],[76.6858,26.1729],[76.6857,26.1723],[76.6857,26.1721],[76.6855,26.1712],[76.6852,26.1703],[76.6848,26.1699],[76.6845,26.1697],[76.6841,26.1696],[76.6839,26.1696],[76.6832,26.1693],[76.6824,26.169],[76.6822,26.1689],[76.6815,26.1686],[76.681,26.1683],[76.6808,26.1682],[76.6803,26.1678],[76.6799,26.1675],[76.6797,26.1673],[76.6788,26.1666],[76.6782,26.1662],[76.6775,26.1659],[76.6763,26.1657],[76.6755,26.1656],[76.6753,26.1655],[76.6741,26.1655],[76.6735,26.1655],[76.6729,26.1654],[76.6723,26.1655],[76.6715,26.1655],[76.6703,26.1656],[76.6691,26.1659],[76.6686,26.1661],[76.6678,26.1666],[76.6673,26.1671],[76.6667,26.1678],[76.666,26.169],[76.6656,26.1699],[76.6655,26.1701],[76.6654,26.1707],[76.6652,26.1722],[76.6648,26.173],[76.6642,26.1738],[76.6639,26.174],[76.6637,26.1741],[76.6628,26.1742],[76.6623,26.1744],[76.6619,26.1747],[76.6616,26.175],[76.6614,26.1753],[76.661,26.1756],[76.6606,26.1762],[76.6603,26.1769],[76.66,26.1775],[76.66,26.178],[76.6598,26.1786],[76.6592,26.1791],[76.6586,26.1794],[76.6579,26.1801],[76.6579,26.1805],[76.6578,26.181],[76.6576,26.1816],[76.657,26.1824],[76.6567,26.1828],[76.6559,26.1833],[76.6553,26.1834],[76.6544,26.1834],[76.6534,26.1834],[76.6527,26.1835],[76.6518,26.1833],[76.6513,26.1832],[76.6508,26.1832],[76.6498,26.1832],[76.6486,26.1832],[76.6486,26.1832],[76.6478,26.1836],[76.6475,26.1838],[76.6465,26.1838],[76.6452,26.1838],[76.6444,26.1839],[76.6438,26.1839],[76.6424,26.1839],[76.6406,26.1839],[76.6388,26.1841],[76.6375,26.1841],[76.6361,26.1841],[76.6353,26.1841],[76.6343,26.184],[76.634,26.1839],[76.6333,26.1839],[76.6325,26.1839],[76.6313,26.1838],[76.6299,26.1837],[76.6293,26.1838],[76.6289,26.1842],[76.6285,26.1845],[76.6276,26.1854],[76.6259,26.1867],[76.6259,26.1867],[76.6248,26.1876],[76.624,26.1883],[76.6211,26.1906],[76.6166,26.1937],[76.6122,26.1965],[76.6089,26.1988],[76.6067,26.2006],[76.6059,26.2011],[76.6033,26.2027],[76.6021,26.2034],[76.5999,26.2048],[76.5988,26.2056],[76.5946,26.2075],[76.5937,26.2078],[76.5912,26.2088],[76.5907,26.209],[76.5897,26.2094],[76.5878,26.2103],[76.5867,26.2108],[76.5857,26.2112],[76.5851,26.2115],[76.5842,26.2118],[76.5828,26.2127],[76.5823,26.213],[76.5797,26.2142],[76.5791,26.2144],[76.579,26.2152],[76.5796,26.2163],[76.5804,26.217],[76.5807,26.2174],[76.5812,26.2177],[76.5816,26.2182],[76.5822,26.2185],[76.5826,26.2188],[76.5841,26.2197],[76.5847,26.2199],[76.5852,26.2203],[76.5859,26.2207],[76.5872,26.2214],[76.5862,26.2244],[76.5857,26.2248],[76.585,26.2251],[76.5845,26.2253],[76.5827,26.2279],[76.5827,26.2286],[76.5828,26.2294],[76.5845,26.2315],[76.5852,26.2319],[76.5862,26.2325],[76.5869,26.2329],[76.5875,26.2332],[76.589,26.2337],[76.5915,26.2347],[76.5931,26.2355],[76.5941,26.2362],[76.5951,26.2368],[76.5962,26.2374],[76.597,26.2381],[76.5978,26.2387],[76.5983,26.239],[76.5991,26.2396],[76.6005,26.2408],[76.6027,26.2422],[76.6032,26.2426],[76.6038,26.2431],[76.6043,26.2436],[76.6048,26.2443],[76.6051,26.2451],[76.6056,26.246],[76.6056,26.2461],[76.6061,26.2476],[76.6066,26.2487],[76.607,26.2501],[76.6073,26.2521],[76.6084,26.2553],[76.6085,26.2558],[76.6083,26.2574],[76.6066,26.2597],[76.6054,26.2604],[76.6047,26.261],[76.6043,26.2622],[76.6041,26.2637],[76.6039,26.2645],[76.604,26.2681],[76.6049,26.2703],[76.6043,26.2722],[76.5999,26.2733],[76.5966,26.2708],[76.5961,26.2689],[76.5954,26.2665],[76.5931,26.267],[76.593,26.2678],[76.5909,26.2686],[76.59,26.2679],[76.5894,26.268],[76.5892,26.2682],[76.585,26.2691],[76.5846,26.2691],[76.5842,26.2692],[76.5811,26.2699],[76.579,26.2694],[76.5752,26.2679],[76.5738,26.2678],[76.5728,26.2677],[76.5722,26.2677],[76.5717,26.2679],[76.5671,26.267],[76.5659,26.2661],[76.5648,26.2652],[76.5643,26.2651],[76.564,26.2651],[76.5616,26.2649],[76.56,26.2639],[76.5558,26.2623],[76.5551,26.2623],[76.5546,26.2626],[76.5534,26.2641],[76.5529,26.2647],[76.5525,26.2657],[76.5525,26.2666],[76.553,26.2682],[76.5537,26.2698],[76.5554,26.2725],[76.5572,26.2744],[76.5583,26.2778],[76.5585,26.2782],[76.5591,26.2785],[76.56,26.2789],[76.5618,26.2798],[76.5634,26.2806],[76.5646,26.2812],[76.5668,26.2821],[76.5684,26.2822],[76.5691,26.286],[76.569,26.2863],[76.5684,26.2891],[76.5682,26.2896],[76.5681,26.2905],[76.5683,26.2917],[76.5688,26.2923],[76.5705,26.2931],[76.5702,26.299],[76.5685,26.3005],[76.568,26.3013],[76.5673,26.3048],[76.5657,26.3054],[76.5653,26.3055],[76.5651,26.3059],[76.5669,26.3074],[76.5672,26.3084],[76.5666,26.3102],[76.5656,26.3145],[76.5679,26.3183],[76.5698,26.3186],[76.5706,26.3186],[76.5712,26.3185],[76.572,26.3185],[76.573,26.3185],[76.5738,26.3178],[76.5746,26.3173],[76.5761,26.3166],[76.5765,26.3163],[76.5813,26.3143],[76.5847,26.3154],[76.5856,26.3169],[76.5853,26.3187],[76.5853,26.319],[76.5854,26.3202],[76.5852,26.3208],[76.5875,26.3244],[76.5887,26.3267],[76.5897,26.3286],[76.5913,26.3318],[76.5918,26.3328],[76.5934,26.3335],[76.5945,26.3335],[76.5961,26.3333],[76.5984,26.3338],[76.6009,26.3348],[76.6014,26.335],[76.6025,26.3355],[76.6033,26.3356],[76.604,26.3352],[76.6052,26.3344],[76.6059,26.3337],[76.6077,26.332],[76.6087,26.33],[76.6087,26.327],[76.609,26.3262],[76.6099,26.3258],[76.6108,26.3261],[76.612,26.3269],[76.6141,26.3274],[76.6153,26.3272],[76.6165,26.3269],[76.6183,26.326],[76.6208,26.3255],[76.6211,26.3253],[76.6212,26.3251],[76.6218,26.3246],[76.6237,26.3241],[76.6246,26.3239],[76.6253,26.3234],[76.6252,26.3198],[76.6244,26.3166],[76.6244,26.3157],[76.6246,26.3152],[76.6252,26.3149],[76.6254,26.3148],[76.6268,26.3148],[76.6272,26.315],[76.6275,26.3156],[76.6299,26.3171],[76.6309,26.317],[76.6323,26.3178],[76.6321,26.321],[76.6319,26.3221],[76.6314,26.3239],[76.631,26.3247],[76.6309,26.3265],[76.6303,26.3283],[76.6304,26.329],[76.6305,26.3292],[76.6325,26.3324],[76.6348,26.3366],[76.6362,26.3381],[76.6388,26.3409],[76.6454,26.3449],[76.646,26.3454],[76.6484,26.3466],[76.6496,26.3472],[76.6507,26.3476],[76.6524,26.3481],[76.6525,26.3481],[76.6545,26.3484],[76.6552,26.3485],[76.6592,26.3489],[76.6613,26.3498],[76.662,26.3502],[76.665,26.3508],[76.6677,26.3497],[76.6713,26.3487],[76.6721,26.3493],[76.6727,26.3496],[76.675,26.3496],[76.6753,26.3496],[76.6757,26.3497],[76.6769,26.351],[76.6776,26.3522],[76.6795,26.3553],[76.6795,26.3553],[76.6827,26.3594],[76.6827,26.3595],[76.6829,26.3599],[76.6853,26.3632],[76.6858,26.3639],[76.6876,26.3672],[76.688,26.3677],[76.6881,26.369],[76.6878,26.3692],[76.6864,26.3703],[76.6858,26.3715],[76.6856,26.3717],[76.684,26.3743],[76.6828,26.3769],[76.6827,26.3782],[76.6826,26.3782],[76.6821,26.3794],[76.6813,26.3805],[76.6816,26.3863],[76.6839,26.3893],[76.6855,26.3916],[76.6866,26.393],[76.6881,26.3936],[76.6885,26.3936],[76.6898,26.3939],[76.6906,26.3942],[76.6917,26.3946],[76.6934,26.395],[76.6948,26.3957],[76.6964,26.397],[76.6969,26.3975],[76.6975,26.3981],[76.6997,26.3999],[76.7014,26.4013],[76.7041,26.4025],[76.7065,26.4036],[76.7092,26.4048],[76.71,26.4051],[76.7121,26.4077],[76.7126,26.4084],[76.7167,26.4118],[76.7184,26.4127],[76.7201,26.4141],[76.7227,26.4151],[76.7241,26.4153],[76.7254,26.4153],[76.7302,26.4151],[76.7311,26.4154],[76.7314,26.4156],[76.7315,26.4162],[76.733,26.4204],[76.7342,26.422],[76.7381,26.4244],[76.7401,26.4256],[76.7471,26.4276],[76.7482,26.4275],[76.7488,26.4277],[76.75,26.4288],[76.7506,26.4314],[76.7507,26.4319],[76.7511,26.4326],[76.7513,26.433],[76.7523,26.4342],[76.7527,26.4344],[76.7538,26.434],[76.7541,26.4333],[76.7546,26.4328],[76.755,26.4322],[76.7553,26.4314],[76.7557,26.4309],[76.7573,26.4303],[76.7583,26.4304],[76.759,26.4305],[76.7597,26.4308],[76.7607,26.4312],[76.7622,26.4325],[76.7631,26.4331],[76.765,26.4345],[76.7674,26.4362],[76.7686,26.4367],[76.7718,26.4376],[76.7728,26.4379],[76.7741,26.4382],[76.7754,26.4385],[76.7771,26.439],[76.7778,26.4396],[76.7786,26.4405],[76.7787,26.4406],[76.7796,26.4419],[76.7806,26.4443],[76.7807,26.445],[76.7802,26.4461],[76.7801,26.4474],[76.7803,26.4478],[76.7807,26.4483],[76.7822,26.4489],[76.7829,26.4495],[76.7841,26.4501],[76.785,26.451],[76.7848,26.4514],[76.7838,26.4525],[76.7826,26.4537],[76.7819,26.4543],[76.7794,26.4557],[76.7772,26.4569],[76.777,26.457],[76.7757,26.4575],[76.7757,26.4615],[76.7768,26.4626],[76.7773,26.4631],[76.7784,26.4641],[76.7792,26.4651],[76.7799,26.4664],[76.7803,26.4669],[76.7812,26.4681],[76.7826,26.4682],[76.783,26.4683],[76.7839,26.4684],[76.7845,26.4685],[76.7854,26.4686],[76.7867,26.469],[76.7873,26.4697],[76.7887,26.471],[76.7896,26.4717],[76.7904,26.4723],[76.7912,26.4729],[76.7918,26.4732],[76.7925,26.4737],[76.7927,26.4739],[76.7951,26.4757],[76.7962,26.4766],[76.7967,26.477],[76.7975,26.4776],[76.8001,26.4794],[76.8011,26.4806],[76.803,26.4818],[76.8043,26.4823],[76.8048,26.4825],[76.8062,26.483],[76.8098,26.4841],[76.8119,26.4844],[76.8134,26.4848],[76.8149,26.485],[76.8164,26.4848],[76.8171,26.4846],[76.8178,26.4844],[76.8195,26.4838],[76.8215,26.4829],[76.8235,26.482],[76.8248,26.4809],[76.826,26.4801],[76.8275,26.4789],[76.8315,26.4789],[76.832,26.4797],[76.833,26.4807],[76.8333,26.481],[76.8343,26.4816],[76.8349,26.4818],[76.8358,26.4821],[76.8372,26.4826],[76.8379,26.4829],[76.8388,26.4831],[76.8395,26.4837],[76.84,26.4848],[76.8404,26.4855],[76.8419,26.4861],[76.8434,26.4862],[76.8443,26.4866],[76.8451,26.4879],[76.8457,26.4886],[76.8466,26.4902],[76.8481,26.4917],[76.8487,26.4923],[76.8511,26.4934],[76.8521,26.4936],[76.8528,26.4942],[76.8534,26.4952],[76.8541,26.496],[76.8553,26.4974],[76.8568,26.4983],[76.8569,26.4983],[76.858,26.4994],[76.8583,26.5001],[76.8587,26.5008],[76.8596,26.5015],[76.8603,26.5016],[76.861,26.5017],[76.8625,26.5014],[76.8648,26.5014],[76.8655,26.5014],[76.8664,26.5014],[76.8671,26.5017],[76.8673,26.5019],[76.8676,26.5027],[76.8678,26.5037],[76.8683,26.5058],[76.87,26.5081],[76.8708,26.5088],[76.872,26.5091],[76.8726,26.5092],[76.8742,26.5093],[76.8753,26.5097],[76.8758,26.5104],[76.8764,26.5112],[76.8784,26.5132],[76.8798,26.5134],[76.8818,26.5135],[76.8835,26.5138],[76.8841,26.5141],[76.8854,26.5147],[76.8867,26.5155],[76.8875,26.5163],[76.8903,26.5179],[76.8924,26.518],[76.8932,26.518],[76.8936,26.5182],[76.8939,26.5183],[76.8946,26.5187],[76.8951,26.519],[76.8955,26.5192],[76.8958,26.5194],[76.8973,26.5199],[76.8987,26.5201],[76.8992,26.5202],[76.8999,26.5204],[76.9017,26.5206],[76.9019,26.5207],[76.9028,26.5209],[76.9037,26.5211],[76.9049,26.5216],[76.9052,26.5219],[76.9058,26.5224],[76.9064,26.523],[76.9066,26.5241],[76.9065,26.5249],[76.9065,26.5255],[76.9062,26.5263],[76.9062,26.5264],[76.9063,26.5273],[76.9064,26.5277],[76.9067,26.5282],[76.9068,26.5284],[76.9074,26.5294],[76.9076,26.5302],[76.9077,26.5312],[76.9077,26.5316],[76.9077,26.5316],[76.9076,26.5321],[76.9076,26.5325],[76.9076,26.5328],[76.9077,26.5337],[76.9077,26.5337],[76.9078,26.5349],[76.9082,26.536],[76.9084,26.5373],[76.909,26.5389],[76.9091,26.5398],[76.9091,26.5407],[76.9089,26.5413],[76.9087,26.542],[76.9086,26.5426],[76.9086,26.5434],[76.9088,26.5453],[76.909,26.5471],[76.9091,26.5481],[76.9093,26.5495],[76.9094,26.5509],[76.9096,26.5535],[76.9097,26.5539],[76.9101,26.5557],[76.9104,26.5573],[76.9105,26.5574],[76.9107,26.5576],[76.9115,26.5575],[76.9121,26.5573],[76.913,26.5571],[76.9141,26.5574],[76.9143,26.5576],[76.9148,26.5577],[76.915,26.5576],[76.9153,26.5576],[76.9157,26.5574],[76.9169,26.5567],[76.9179,26.556],[76.9199,26.5551],[76.923,26.5535],[76.924,26.553],[76.9252,26.5524],[76.9272,26.5515],[76.9282,26.5508],[76.9286,26.5506],[76.9294,26.5506],[76.9319,26.5502],[76.9347,26.5485],[76.9359,26.5479],[76.9381,26.5472],[76.9426,26.5433],[76.9426,26.5426],[76.9427,26.5423],[76.9429,26.5419],[76.943,26.5419],[76.944,26.5417],[76.9444,26.5416],[76.9449,26.5416],[76.9458,26.5416],[76.9485,26.5413],[76.9493,26.5411],[76.9497,26.5412],[76.9502,26.5413],[76.9507,26.5415],[76.9553,26.5431],[76.9558,26.5431],[76.9563,26.5433],[76.957,26.5435],[76.9588,26.5448],[76.9593,26.5451],[76.9599,26.5456],[76.9602,26.5459],[76.9607,26.5464],[76.9631,26.548],[76.9659,26.5488],[76.9673,26.5493],[76.9682,26.5496],[76.9685,26.5497],[76.9702,26.5502],[76.9712,26.5506],[76.9717,26.5511],[76.972,26.5519],[76.973,26.5544],[76.9734,26.5569],[76.9725,26.5595],[76.9721,26.5597],[76.9719,26.5599],[76.9715,26.5604],[76.9708,26.5616],[76.9704,26.5623],[76.9699,26.5641],[76.9695,26.5653],[76.9694,26.5667],[76.9695,26.5682],[76.9694,26.5693],[76.9674,26.572],[76.9667,26.5721],[76.9659,26.5718],[76.9654,26.5715],[76.9644,26.5708],[76.9632,26.5702],[76.9616,26.5697],[76.9589,26.5692],[76.9564,26.5688],[76.9549,26.5686],[76.9538,26.5688],[76.9533,26.569],[76.9524,26.5695],[76.9517,26.5699],[76.9506,26.5702],[76.9494,26.5705],[76.9467,26.5708],[76.9444,26.5713],[76.9425,26.5718],[76.941,26.5723],[76.9395,26.5726],[76.9382,26.5729],[76.9371,26.5735],[76.9369,26.5742],[76.9368,26.5758],[76.9368,26.5772],[76.9368,26.5772],[76.9368,26.5779],[76.9369,26.579],[76.9373,26.5808],[76.9373,26.5809],[76.9377,26.5822],[76.9383,26.5838],[76.9387,26.5854],[76.9435,26.5881],[76.9454,26.5878],[76.9461,26.5877],[76.948,26.5875],[76.9495,26.5875],[76.9512,26.5876],[76.9525,26.5875],[76.9538,26.5873],[76.9553,26.5874],[76.9561,26.5875],[76.9565,26.5875],[76.9566,26.5877],[76.9589,26.5893],[76.9598,26.5894],[76.9615,26.5896],[76.9632,26.5898],[76.9639,26.59],[76.9646,26.5903],[76.9661,26.5906],[76.9664,26.5907],[76.9671,26.591],[76.9681,26.5917],[76.9692,26.5923],[76.9709,26.5931],[76.9715,26.5933],[76.9736,26.5944],[76.9759,26.5954],[76.9766,26.5956],[76.9777,26.596],[76.9786,26.5967],[76.9791,26.5974],[76.9792,26.5977],[76.9791,26.5985],[76.9813,26.6016],[76.9827,26.6029],[76.9823,26.6039],[76.9812,26.6044],[76.9809,26.6086],[76.9815,26.6098],[76.9815,26.6099],[76.9813,26.6111],[76.981,26.6116],[76.9804,26.6121],[76.9792,26.6128],[76.9779,26.6133],[76.9772,26.6139],[76.9768,26.6157],[76.9738,26.6193],[76.9723,26.6199],[76.9712,26.6207],[76.971,26.6217],[76.9705,26.6233],[76.9704,26.6236],[76.9695,26.6237],[76.9691,26.6237],[76.9671,26.6239],[76.9622,26.6304],[76.9626,26.6321],[76.9627,26.6329],[76.9629,26.6345],[76.9603,26.638],[76.9599,26.6396],[76.9597,26.6404],[76.9578,26.6458],[76.9575,26.6466],[76.955,26.6521],[76.955,26.6534],[76.9547,26.6549],[76.9545,26.6555],[76.9543,26.6564],[76.9534,26.6603],[76.9532,26.6628],[76.9534,26.6648],[76.9535,26.667],[76.9537,26.6686],[76.9526,26.6705],[76.9513,26.6711],[76.9494,26.6712],[76.9482,26.6712],[76.9458,26.671],[76.9399,26.6739],[76.9393,26.6742],[76.9381,26.6751],[76.9366,26.6754],[76.9349,26.6756],[76.9333,26.6755],[76.9259,26.6786],[76.9247,26.6795],[76.9217,26.6803],[76.9198,26.6815],[76.9188,26.6825],[76.9181,26.6826],[76.9172,26.6825],[76.9154,26.682],[76.9133,26.6811],[76.9126,26.6807],[76.9114,26.6802],[76.9084,26.6788],[76.9078,26.6787],[76.9061,26.6785],[76.9052,26.6783],[76.9046,26.6779],[76.9026,26.6769],[76.9005,26.6764],[76.9,26.6764],[76.8971,26.6761],[76.8961,26.6761],[76.8942,26.6755],[76.8937,26.6749],[76.8927,26.672],[76.8893,26.669],[76.8864,26.6695],[76.8862,26.6695],[76.8843,26.6699],[76.8801,26.668],[76.8798,26.6677],[76.879,26.6676],[76.8722,26.6608],[76.8718,26.6598],[76.8708,26.6591],[76.8687,26.6584],[76.8659,26.6572],[76.8641,26.6561],[76.8636,26.6558],[76.8612,26.6544],[76.8604,26.6537],[76.8506,26.6491],[76.8483,26.6495],[76.8447,26.65],[76.844,26.6501],[76.8422,26.6504],[76.8398,26.6505],[76.8364,26.6508],[76.834,26.6515],[76.8333,26.6515],[76.8332,26.651],[76.833,26.6493],[76.8325,26.6462],[76.8317,26.6442],[76.8301,26.642],[76.8288,26.6403],[76.8278,26.6387],[76.8264,26.6359],[76.8223,26.6301],[76.821,26.6285],[76.8209,26.6284],[76.8191,26.6265],[76.8181,26.6254],[76.8176,26.6249],[76.8173,26.6246],[76.8157,26.6229],[76.8142,26.6215],[76.8124,26.6196],[76.8114,26.618],[76.8089,26.6153],[76.8082,26.6143],[76.8072,26.6129],[76.8056,26.6112],[76.8039,26.6094],[76.8022,26.6078],[76.8005,26.6061],[76.7992,26.6049],[76.7975,26.6032],[76.7968,26.6021],[76.7961,26.601],[76.7956,26.5995],[76.7933,26.5973],[76.7929,26.5974],[76.7918,26.5976],[76.7909,26.5978],[76.7899,26.5979],[76.788,26.598],[76.7867,26.5979],[76.7809,26.5938],[76.7809,26.5926],[76.7806,26.5904],[76.7802,26.5887],[76.7801,26.5878],[76.78,26.5869],[76.7804,26.5845],[76.7808,26.5837],[76.7804,26.5824],[76.779,26.5816],[76.7786,26.5812],[76.7775,26.58],[76.7768,26.5791],[76.7762,26.5787],[76.7753,26.578],[76.7737,26.5768],[76.7719,26.5755],[76.7709,26.5748],[76.7689,26.5732],[76.7683,26.5724],[76.7671,26.5714],[76.7664,26.5708],[76.765,26.5696],[76.7645,26.569],[76.7631,26.5678],[76.7627,26.5674],[76.7623,26.5673],[76.7617,26.5676],[76.7594,26.5678],[76.7581,26.5667],[76.7557,26.5668],[76.7543,26.5675],[76.7524,26.5684],[76.75,26.5702],[76.7495,26.5709],[76.7491,26.5716],[76.7482,26.573],[76.747,26.5754],[76.7449,26.5782],[76.741,26.5818],[76.7401,26.5826],[76.7372,26.584],[76.7369,26.5847],[76.7341,26.5879],[76.7278,26.5913],[76.7225,26.5928],[76.7179,26.5927],[76.7159,26.5918],[76.7142,26.5911],[76.7069,26.587],[76.7033,26.5848],[76.7023,26.5842],[76.7007,26.5841],[76.6982,26.5839],[76.6982,26.5839],[76.6937,26.5843],[76.6926,26.5844],[76.6893,26.585],[76.6846,26.5858],[76.6846,26.5858],[76.6828,26.5863],[76.6809,26.5869],[76.6773,26.5879],[76.6688,26.591],[76.6629,26.5939],[76.6619,26.5954],[76.6605,26.5975],[76.6598,26.6022],[76.6599,26.6057],[76.6599,26.6066],[76.6602,26.6109],[76.6594,26.6139],[76.6589,26.6159],[76.6538,26.62],[76.6526,26.6204],[76.6524,26.6205],[76.648,26.6234],[76.6445,26.6277],[76.6425,26.6302],[76.638,26.6383],[76.6371,26.6394],[76.6345,26.6427],[76.6337,26.6438],[76.6321,26.646],[76.627,26.6523],[76.6239,26.6552],[76.6239,26.6552],[76.6231,26.6559],[76.6212,26.6578],[76.6191,26.6598],[76.6189,26.6601],[76.6186,26.6603],[76.6161,26.6627],[76.6142,26.6647],[76.6129,26.6659],[76.6097,26.6692],[76.6068,26.6729],[76.6064,26.6734],[76.603,26.6769],[76.599,26.6781],[76.5978,26.6778],[76.5968,26.6777],[76.5957,26.6775],[76.592,26.6758],[76.5902,26.6747],[76.5895,26.6742],[76.5889,26.6737],[76.5854,26.6707],[76.5846,26.6702],[76.5843,26.67],[76.5833,26.6698],[76.582,26.6698],[76.5804,26.6703],[76.5784,26.6714],[76.5776,26.6718],[76.5754,26.6727],[76.5754,26.6727],[76.5683,26.6761],[76.5682,26.6761],[76.5648,26.6783],[76.5629,26.6795],[76.5629,26.6795],[76.5604,26.681],[76.5577,26.6823],[76.5552,26.6836],[76.5541,26.6844],[76.5475,26.6879],[76.5423,26.6913],[76.5391,26.6935],[76.5135,26.7065],[76.5135,26.7065],[76.4995,26.7145],[76.4985,26.715],[76.491,26.7189],[76.4939,26.7242],[76.4944,26.7295],[76.4994,26.7349],[76.5042,26.7436],[76.5155,26.7543],[76.5264,26.7624],[76.5401,26.7722],[76.5481,26.7673],[76.5536,26.7656],[76.5596,26.7678],[76.5635,26.768],[76.5703,26.7666],[76.5782,26.7688],[76.5845,26.7732],[76.5872,26.7761],[76.5911,26.7755],[76.5963,26.7729],[76.6034,26.7697],[76.6102,26.7705],[76.6185,26.7764],[76.6272,26.7845],[76.6342,26.7915],[76.6379,26.7963],[76.6455,26.7985],[76.6532,26.8044],[76.6608,26.8108],[76.6649,26.8181],[76.6752,26.8262],[76.6895,26.836],[76.7024,26.8438],[76.715,26.8502],[76.7266,26.8558],[76.744,26.8615],[76.7583,26.8702],[76.7676,26.8772],[76.7597,26.8811],[76.7671,26.8861],[76.7647,26.8906],[76.761,26.8955],[76.7617,26.9005],[76.7667,26.9045],[76.7731,26.9078],[76.7795,26.914],[76.7878,26.9233],[76.7939,26.9322],[76.7964,26.9399],[76.7984,26.9462],[76.8002,26.955],[76.7979,26.9645],[76.7962,26.9744],[76.7991,26.9811],[76.8033,26.9857],[76.803,26.9872],[76.8035,26.9877],[76.8038,26.9879],[76.8049,26.9888],[76.8053,26.9894],[76.8059,26.9904],[76.8067,26.9916],[76.8069,26.9919],[76.8077,26.9929],[76.8078,26.993],[76.8096,26.995],[76.8101,26.9954],[76.8113,26.9966],[76.8115,26.9966],[76.8121,26.9969],[76.8137,26.9972],[76.8149,26.9978],[76.8158,26.9983],[76.8161,26.9985],[76.8174,26.998],[76.8187,26.9976],[76.8194,26.9978],[76.8201,26.998],[76.8215,26.9985],[76.8232,26.9988],[76.8239,26.9989],[76.8245,26.999],[76.8251,26.9991],[76.8269,26.9992],[76.8279,26.9992],[76.8286,26.9992],[76.8317,26.9986],[76.8324,26.9984],[76.8336,26.9982],[76.835,26.9979],[76.8356,26.9977]]]},"properties":{"district_name":"Karauli","raw_district_name":"Karauli","state_code":"RJ","state_name":"Rajasthan","census_code":107,"data_source":"DataMeet India Maps (Census 2011 Boundaries)"}},{"type":"Feature","geometry":{"type":"Polygon","coordinates":[[[76.582,26.6698],[76.5833,26.6698],[76.5843,26.67],[76.5846,26.6702],[76.5854,26.6707],[76.5889,26.6737],[76.5895,26.6742],[76.5902,26.6747],[76.592,26.6758],[76.5957,26.6775],[76.5968,26.6777],[76.5978,26.6778],[76.599,26.6781],[76.603,26.6769],[76.6064,26.6734],[76.6068,26.6729],[76.6097,26.6692],[76.6129,26.6659],[76.6142,26.6647],[76.6161,26.6627],[76.6186,26.6603],[76.6189,26.6601],[76.6191,26.6598],[76.6212,26.6578],[76.6231,26.6559],[76.6239,26.6552],[76.6239,26.6552],[76.627,26.6523],[76.6321,26.646],[76.6337,26.6438],[76.6345,26.6427],[76.6371,26.6394],[76.638,26.6383],[76.6425,26.6302],[76.6445,26.6277],[76.648,26.6234],[76.6524,26.6205],[76.6526,26.6204],[76.6538,26.62],[76.6589,26.6159],[76.6594,26.6139],[76.6602,26.6109],[76.6599,26.6066],[76.6599,26.6057],[76.6598,26.6022],[76.6605,26.5975],[76.6619,26.5954],[76.6629,26.5939],[76.6688,26.591],[76.6773,26.5879],[76.6809,26.5869],[76.6828,26.5863],[76.6846,26.5858],[76.6846,26.5858],[76.6893,26.585],[76.6926,26.5844],[76.6937,26.5843],[76.6982,26.5839],[76.6982,26.5839],[76.7007,26.5841],[76.7023,26.5842],[76.7033,26.5848],[76.7069,26.587],[76.7142,26.5911],[76.7159,26.5918],[76.7179,26.5927],[76.7225,26.5928],[76.7278,26.5913],[76.7341,26.5879],[76.7369,26.5847],[76.7372,26.584],[76.7401,26.5826],[76.741,26.5818],[76.7449,26.5782],[76.747,26.5754],[76.7482,26.573],[76.7491,26.5716],[76.7495,26.5709],[76.75,26.5702],[76.7524,26.5684],[76.7543,26.5675],[76.7557,26.5668],[76.7581,26.5667],[76.7594,26.5678],[76.7617,26.5676],[76.7623,26.5673],[76.7627,26.5674],[76.7631,26.5678],[76.7645,26.569],[76.765,26.5696],[76.7664,26.5708],[76.7671,26.5714],[76.7683,26.5724],[76.7689,26.5732],[76.7709,26.5748],[76.7719,26.5755],[76.7737,26.5768],[76.7753,26.578],[76.7762,26.5787],[76.7768,26.5791],[76.7775,26.58],[76.7786,26.5812],[76.779,26.5816],[76.7804,26.5824],[76.7808,26.5837],[76.7804,26.5845],[76.78,26.5869],[76.7801,26.5878],[76.7802,26.5887],[76.7806,26.5904],[76.7809,26.5926],[76.7809,26.5938],[76.7867,26.5979],[76.788,26.598],[76.7899,26.5979],[76.7909,26.5978],[76.7918,26.5976],[76.7929,26.5974],[76.7933,26.5973],[76.7956,26.5995],[76.7961,26.601],[76.7968,26.6021],[76.7975,26.6032],[76.7992,26.6049],[76.8005,26.6061],[76.8022,26.6078],[76.8039,26.6094],[76.8056,26.6112],[76.8072,26.6129],[76.8082,26.6143],[76.8089,26.6153],[76.8114,26.618],[76.8124,26.6196],[76.8142,26.6215],[76.8157,26.6229],[76.8173,26.6246],[76.8176,26.6249],[76.8181,26.6254],[76.8191,26.6265],[76.8209,26.6284],[76.821,26.6285],[76.8223,26.6301],[76.8264,26.6359],[76.8278,26.6387],[76.8288,26.6403],[76.8301,26.642],[76.8317,26.6442],[76.8325,26.6462],[76.833,26.6493],[76.8332,26.651],[76.8333,26.6515],[76.834,26.6515],[76.8364,26.6508],[76.8398,26.6505],[76.8422,26.6504],[76.844,26.6501],[76.8447,26.65],[76.8483,26.6495],[76.8506,26.6491],[76.8604,26.6537],[76.8612,26.6544],[76.8636,26.6558],[76.8641,26.6561],[76.8659,26.6572],[76.8687,26.6584],[76.8708,26.6591],[76.8718,26.6598],[76.8722,26.6608],[76.879,26.6676],[76.8798,26.6677],[76.8801,26.668],[76.8843,26.6699],[76.8862,26.6695],[76.8864,26.6695],[76.8893,26.669],[76.8927,26.672],[76.8937,26.6749],[76.8942,26.6755],[76.8961,26.6761],[76.8971,26.6761],[76.9,26.6764],[76.9005,26.6764],[76.9026,26.6769],[76.9046,26.6779],[76.9052,26.6783],[76.9061,26.6785],[76.9078,26.6787],[76.9084,26.6788],[76.9114,26.6802],[76.9126,26.6807],[76.9133,26.6811],[76.9154,26.682],[76.9172,26.6825],[76.9181,26.6826],[76.9188,26.6825],[76.9198,26.6815],[76.9217,26.6803],[76.9247,26.6795],[76.9259,26.6786],[76.9333,26.6755],[76.9349,26.6756],[76.9366,26.6754],[76.9381,26.6751],[76.9393,26.6742],[76.9399,26.6739],[76.9458,26.671],[76.9482,26.6712],[76.9494,26.6712],[76.9513,26.6711],[76.9526,26.6705],[76.9537,26.6686],[76.9535,26.667],[76.9534,26.6648],[76.9532,26.6628],[76.9534,26.6603],[76.9543,26.6564],[76.9545,26.6555],[76.9547,26.6549],[76.955,26.6534],[76.955,26.6521],[76.9575,26.6466],[76.9578,26.6458],[76.9597,26.6404],[76.9599,26.6396],[76.9603,26.638],[76.9629,26.6345],[76.9627,26.6329],[76.9626,26.6321],[76.9622,26.6304],[76.9671,26.6239],[76.9691,26.6237],[76.9695,26.6237],[76.9704,26.6236],[76.9705,26.6233],[76.971,26.6217],[76.9712,26.6207],[76.9723,26.6199],[76.9738,26.6193],[76.9768,26.6157],[76.9772,26.6139],[76.9779,26.6133],[76.9792,26.6128],[76.9804,26.6121],[76.981,26.6116],[76.9813,26.6111],[76.9815,26.6099],[76.9815,26.6098],[76.9809,26.6086],[76.9812,26.6044],[76.9823,26.6039],[76.9827,26.6029],[76.9813,26.6016],[76.9791,26.5985],[76.9792,26.5977],[76.9791,26.5974],[76.9786,26.5967],[76.9777,26.596],[76.9766,26.5956],[76.9759,26.5954],[76.9736,26.5944],[76.9715,26.5933],[76.9709,26.5931],[76.9692,26.5923],[76.9681,26.5917],[76.9671,26.591],[76.9664,26.5907],[76.9661,26.5906],[76.9646,26.5903],[76.9639,26.59],[76.9632,26.5898],[76.9615,26.5896],[76.9598,26.5894],[76.9589,26.5893],[76.9566,26.5877],[76.9565,26.5875],[76.9561,26.5875],[76.9553,26.5874],[76.9538,26.5873],[76.9525,26.5875],[76.9512,26.5876],[76.9495,26.5875],[76.948,26.5875],[76.9461,26.5877],[76.9454,26.5878],[76.9435,26.5881],[76.9387,26.5854],[76.9383,26.5838],[76.9377,26.5822],[76.9373,26.5809],[76.9373,26.5808],[76.9369,26.579],[76.9368,26.5779],[76.9368,26.5772],[76.9368,26.5772],[76.9368,26.5758],[76.9369,26.5742],[76.9371,26.5735],[76.9382,26.5729],[76.9395,26.5726],[76.941,26.5723],[76.9425,26.5718],[76.9444,26.5713],[76.9467,26.5708],[76.9494,26.5705],[76.9506,26.5702],[76.9517,26.5699],[76.9524,26.5695],[76.9533,26.569],[76.9538,26.5688],[76.9549,26.5686],[76.9564,26.5688],[76.9589,26.5692],[76.9616,26.5697],[76.9632,26.5702],[76.9644,26.5708],[76.9654,26.5715],[76.9659,26.5718],[76.9667,26.5721],[76.9674,26.572],[76.9694,26.5693],[76.9695,26.5682],[76.9694,26.5667],[76.9695,26.5653],[76.9699,26.5641],[76.9704,26.5623],[76.9708,26.5616],[76.9715,26.5604],[76.9719,26.5599],[76.9721,26.5597],[76.9725,26.5595],[76.9734,26.5569],[76.973,26.5544],[76.972,26.5519],[76.9717,26.5511],[76.9712,26.5506],[76.9702,26.5502],[76.9685,26.5497],[76.9682,26.5496],[76.9673,26.5493],[76.9659,26.5488],[76.9631,26.548],[76.9607,26.5464],[76.9602,26.5459],[76.9599,26.5456],[76.9593,26.5451],[76.9588,26.5448],[76.957,26.5435],[76.9563,26.5433],[76.9558,26.5431],[76.9553,26.5431],[76.9507,26.5415],[76.9502,26.5413],[76.9497,26.5412],[76.9493,26.5411],[76.9485,26.5413],[76.9458,26.5416],[76.9449,26.5416],[76.9444,26.5416],[76.944,26.5417],[76.943,26.5419],[76.9429,26.5419],[76.9427,26.5423],[76.9426,26.5426],[76.9426,26.5433],[76.9381,26.5472],[76.9359,26.5479],[76.9347,26.5485],[76.9319,26.5502],[76.9294,26.5506],[76.9286,26.5506],[76.9282,26.5508],[76.9272,26.5515],[76.9252,26.5524],[76.924,26.553],[76.923,26.5535],[76.9199,26.5551],[76.9179,26.556],[76.9169,26.5567],[76.9157,26.5574],[76.9153,26.5576],[76.915,26.5576],[76.9148,26.5577],[76.9143,26.5576],[76.9141,26.5574],[76.913,26.5571],[76.9121,26.5573],[76.9115,26.5575],[76.9107,26.5576],[76.9105,26.5574],[76.9104,26.5573],[76.9101,26.5557],[76.9097,26.5539],[76.9096,26.5535],[76.9094,26.5509],[76.9093,26.5495],[76.9091,26.5481],[76.909,26.5471],[76.9088,26.5453],[76.9086,26.5434],[76.9086,26.5426],[76.9087,26.542],[76.9089,26.5413],[76.9091,26.5407],[76.9091,26.5398],[76.909,26.5389],[76.9084,26.5373],[76.9082,26.536],[76.9078,26.5349],[76.9077,26.5337],[76.9077,26.5337],[76.9076,26.5328],[76.9076,26.5325],[76.9076,26.5321],[76.9077,26.5316],[76.9077,26.5316],[76.9077,26.5312],[76.9076,26.5302],[76.9074,26.5294],[76.9068,26.5284],[76.9067,26.5282],[76.9064,26.5277],[76.9063,26.5273],[76.9062,26.5264],[76.9062,26.5263],[76.9065,26.5255],[76.9065,26.5249],[76.9066,26.5241],[76.9064,26.523],[76.9058,26.5224],[76.9052,26.5219],[76.9049,26.5216],[76.9037,26.5211],[76.9028,26.5209],[76.9019,26.5207],[76.9017,26.5206],[76.8999,26.5204],[76.8992,26.5202],[76.8987,26.5201],[76.8973,26.5199],[76.8958,26.5194],[76.8955,26.5192],[76.8951,26.519],[76.8946,26.5187],[76.8939,26.5183],[76.8936,26.5182],[76.8932,26.518],[76.8924,26.518],[76.8903,26.5179],[76.8875,26.5163],[76.8867,26.5155],[76.8854,26.5147],[76.8841,26.5141],[76.8835,26.5138],[76.8818,26.5135],[76.8798,26.5134],[76.8784,26.5132],[76.8764,26.5112],[76.8758,26.5104],[76.8753,26.5097],[76.8742,26.5093],[76.8726,26.5092],[76.872,26.5091],[76.8708,26.5088],[76.87,26.5081],[76.8683,26.5058],[76.8678,26.5037],[76.8676,26.5027],[76.8673,26.5019],[76.8671,26.5017],[76.8664,26.5014],[76.8655,26.5014],[76.8648,26.5014],[76.8625,26.5014],[76.861,26.5017],[76.8603,26.5016],[76.8596,26.5015],[76.8587,26.5008],[76.8583,26.5001],[76.858,26.4994],[76.8569,26.4983],[76.8568,26.4983],[76.8553,26.4974],[76.8541,26.496],[76.8534,26.4952],[76.8528,26.4942],[76.8521,26.4936],[76.8511,26.4934],[76.8487,26.4923],[76.8481,26.4917],[76.8466,26.4902],[76.8457,26.4886],[76.8451,26.4879],[76.8443,26.4866],[76.8434,26.4862],[76.8419,26.4861],[76.8404,26.4855],[76.84,26.4848],[76.8395,26.4837],[76.8388,26.4831],[76.8379,26.4829],[76.8372,26.4826],[76.8358,26.4821],[76.8349,26.4818],[76.8343,26.4816],[76.8333,26.481],[76.833,26.4807],[76.832,26.4797],[76.8315,26.4789],[76.8275,26.4789],[76.826,26.4801],[76.8248,26.4809],[76.8235,26.482],[76.8215,26.4829],[76.8195,26.4838],[76.8178,26.4844],[76.8171,26.4846],[76.8164,26.4848],[76.8149,26.485],[76.8134,26.4848],[76.8119,26.4844],[76.8098,26.4841],[76.8062,26.483],[76.8048,26.4825],[76.8043,26.4823],[76.803,26.4818],[76.8011,26.4806],[76.8001,26.4794],[76.7975,26.4776],[76.7967,26.477],[76.7962,26.4766],[76.7951,26.4757],[76.7927,26.4739],[76.7925,26.4737],[76.7918,26.4732],[76.7912,26.4729],[76.7904,26.4723],[76.7896,26.4717],[76.7887,26.471],[76.7873,26.4697],[76.7867,26.469],[76.7854,26.4686],[76.7845,26.4685],[76.7839,26.4684],[76.783,26.4683],[76.7826,26.4682],[76.7812,26.4681],[76.7803,26.4669],[76.7799,26.4664],[76.7792,26.4651],[76.7784,26.4641],[76.7773,26.4631],[76.7768,26.4626],[76.7757,26.4615],[76.7757,26.4575],[76.777,26.457],[76.7772,26.4569],[76.7794,26.4557],[76.7819,26.4543],[76.7826,26.4537],[76.7838,26.4525],[76.7848,26.4514],[76.785,26.451],[76.7841,26.4501],[76.7829,26.4495],[76.7822,26.4489],[76.7807,26.4483],[76.7803,26.4478],[76.7801,26.4474],[76.7802,26.4461],[76.7807,26.445],[76.7806,26.4443],[76.7796,26.4419],[76.7787,26.4406],[76.7786,26.4405],[76.7778,26.4396],[76.7771,26.439],[76.7754,26.4385],[76.7741,26.4382],[76.7728,26.4379],[76.7718,26.4376],[76.7686,26.4367],[76.7674,26.4362],[76.765,26.4345],[76.7631,26.4331],[76.7622,26.4325],[76.7607,26.4312],[76.7597,26.4308],[76.759,26.4305],[76.7583,26.4304],[76.7573,26.4303],[76.7557,26.4309],[76.7553,26.4314],[76.755,26.4322],[76.7546,26.4328],[76.7541,26.4333],[76.7538,26.434],[76.7527,26.4344],[76.7523,26.4342],[76.7513,26.433],[76.7511,26.4326],[76.7507,26.4319],[76.7506,26.4314],[76.75,26.4288],[76.7488,26.4277],[76.7482,26.4275],[76.7471,26.4276],[76.7401,26.4256],[76.7381,26.4244],[76.7342,26.422],[76.733,26.4204],[76.7315,26.4162],[76.7314,26.4156],[76.7311,26.4154],[76.7302,26.4151],[76.7254,26.4153],[76.7241,26.4153],[76.7227,26.4151],[76.7201,26.4141],[76.7184,26.4127],[76.7167,26.4118],[76.7126,26.4084],[76.7121,26.4077],[76.71,26.4051],[76.7092,26.4048],[76.7065,26.4036],[76.7041,26.4025],[76.7014,26.4013],[76.6997,26.3999],[76.6975,26.3981],[76.6969,26.3975],[76.6964,26.397],[76.6948,26.3957],[76.6934,26.395],[76.6917,26.3946],[76.6906,26.3942],[76.6898,26.3939],[76.6885,26.3936],[76.6881,26.3936],[76.6866,26.393],[76.6855,26.3916],[76.6839,26.3893],[76.6816,26.3863],[76.6813,26.3805],[76.6821,26.3794],[76.6826,26.3782],[76.6827,26.3782],[76.6828,26.3769],[76.684,26.3743],[76.6856,26.3717],[76.6858,26.3715],[76.6864,26.3703],[76.6878,26.3692],[76.6881,26.369],[76.688,26.3677],[76.6876,26.3672],[76.6858,26.3639],[76.6853,26.3632],[76.6829,26.3599],[76.6827,26.3595],[76.6827,26.3594],[76.6795,26.3553],[76.6795,26.3553],[76.6776,26.3522],[76.6769,26.351],[76.6757,26.3497],[76.6753,26.3496],[76.675,26.3496],[76.6727,26.3496],[76.6721,26.3493],[76.6713,26.3487],[76.6677,26.3497],[76.665,26.3508],[76.662,26.3502],[76.6613,26.3498],[76.6592,26.3489],[76.6552,26.3485],[76.6545,26.3484],[76.6525,26.3481],[76.6524,26.3481],[76.6507,26.3476],[76.6496,26.3472],[76.6484,26.3466],[76.646,26.3454],[76.6454,26.3449],[76.6388,26.3409],[76.6362,26.3381],[76.6348,26.3366],[76.6325,26.3324],[76.6305,26.3292],[76.6304,26.329],[76.6303,26.3283],[76.6309,26.3265],[76.631,26.3247],[76.6314,26.3239],[76.6319,26.3221],[76.6321,26.321],[76.6323,26.3178],[76.6309,26.317],[76.6299,26.3171],[76.6275,26.3156],[76.6272,26.315],[76.6268,26.3148],[76.6254,26.3148],[76.6252,26.3149],[76.6246,26.3152],[76.6244,26.3157],[76.6244,26.3166],[76.6252,26.3198],[76.6253,26.3234],[76.6246,26.3239],[76.6237,26.3241],[76.6218,26.3246],[76.6212,26.3251],[76.6211,26.3253],[76.6208,26.3255],[76.6183,26.326],[76.6165,26.3269],[76.6153,26.3272],[76.6141,26.3274],[76.612,26.3269],[76.6108,26.3261],[76.6099,26.3258],[76.609,26.3262],[76.6087,26.327],[76.6087,26.33],[76.6077,26.332],[76.6059,26.3337],[76.6052,26.3344],[76.604,26.3352],[76.6033,26.3356],[76.6025,26.3355],[76.6014,26.335],[76.6009,26.3348],[76.5984,26.3338],[76.5961,26.3333],[76.5945,26.3335],[76.5934,26.3335],[76.5918,26.3328],[76.5913,26.3318],[76.5897,26.3286],[76.5887,26.3267],[76.5875,26.3244],[76.5852,26.3208],[76.5854,26.3202],[76.5853,26.319],[76.5853,26.3187],[76.5856,26.3169],[76.5847,26.3154],[76.5813,26.3143],[76.5765,26.3163],[76.5761,26.3166],[76.5746,26.3173],[76.5738,26.3178],[76.573,26.3185],[76.572,26.3185],[76.5712,26.3185],[76.5706,26.3186],[76.5698,26.3186],[76.5679,26.3183],[76.5656,26.3145],[76.5666,26.3102],[76.5672,26.3084],[76.5669,26.3074],[76.5651,26.3059],[76.5653,26.3055],[76.5657,26.3054],[76.5673,26.3048],[76.568,26.3013],[76.5685,26.3005],[76.5702,26.299],[76.5705,26.2931],[76.5688,26.2923],[76.5683,26.2917],[76.5681,26.2905],[76.5682,26.2896],[76.5684,26.2891],[76.569,26.2863],[76.5691,26.286],[76.5684,26.2822],[76.5668,26.2821],[76.5646,26.2812],[76.5634,26.2806],[76.5618,26.2798],[76.56,26.2789],[76.5591,26.2785],[76.5585,26.2782],[76.5583,26.2778],[76.5572,26.2744],[76.5554,26.2725],[76.5537,26.2698],[76.553,26.2682],[76.5525,26.2666],[76.5525,26.2657],[76.5529,26.2647],[76.5534,26.2641],[76.5546,26.2626],[76.5551,26.2623],[76.5558,26.2623],[76.56,26.2639],[76.5616,26.2649],[76.564,26.2651],[76.5643,26.2651],[76.5648,26.2652],[76.5659,26.2661],[76.5671,26.267],[76.5717,26.2679],[76.5722,26.2677],[76.5728,26.2677],[76.5738,26.2678],[76.5752,26.2679],[76.579,26.2694],[76.5811,26.2699],[76.5842,26.2692],[76.5846,26.2691],[76.585,26.2691],[76.5892,26.2682],[76.5894,26.268],[76.59,26.2679],[76.5909,26.2686],[76.593,26.2678],[76.5931,26.267],[76.5954,26.2665],[76.5961,26.2689],[76.5966,26.2708],[76.5999,26.2733],[76.6043,26.2722],[76.6049,26.2703],[76.604,26.2681],[76.6039,26.2645],[76.6041,26.2637],[76.6043,26.2622],[76.6047,26.261],[76.6054,26.2604],[76.6066,26.2597],[76.6083,26.2574],[76.6085,26.2558],[76.6084,26.2553],[76.6073,26.2521],[76.607,26.2501],[76.6066,26.2487],[76.6061,26.2476],[76.6056,26.2461],[76.6056,26.246],[76.6051,26.2451],[76.6048,26.2443],[76.6043,26.2436],[76.6038,26.2431],[76.6032,26.2426],[76.6027,26.2422],[76.6005,26.2408],[76.5991,26.2396],[76.5983,26.239],[76.5978,26.2387],[76.597,26.2381],[76.5962,26.2374],[76.5951,26.2368],[76.5941,26.2362],[76.5931,26.2355],[76.5915,26.2347],[76.589,26.2337],[76.5875,26.2332],[76.5869,26.2329],[76.5862,26.2325],[76.5852,26.2319],[76.5845,26.2315],[76.5828,26.2294],[76.5827,26.2286],[76.5827,26.2279],[76.5845,26.2253],[76.585,26.2251],[76.5857,26.2248],[76.5862,26.2244],[76.5872,26.2214],[76.5859,26.2207],[76.5852,26.2203],[76.5847,26.2199],[76.5841,26.2197],[76.5826,26.2188],[76.5822,26.2185],[76.5816,26.2182],[76.5812,26.2177],[76.5807,26.2174],[76.5804,26.217],[76.5796,26.2163],[76.579,26.2152],[76.5791,26.2144],[76.5797,26.2142],[76.5823,26.213],[76.5828,26.2127],[76.5842,26.2118],[76.5851,26.2115],[76.5857,26.2112],[76.5867,26.2108],[76.5878,26.2103],[76.5897,26.2094],[76.5907,26.209],[76.5912,26.2088],[76.5937,26.2078],[76.5946,26.2075],[76.5988,26.2056],[76.5999,26.2048],[76.6021,26.2034],[76.6033,26.2027],[76.6059,26.2011],[76.6067,26.2006],[76.6089,26.1988],[76.6122,26.1965],[76.6166,26.1937],[76.6211,26.1906],[76.624,26.1883],[76.6248,26.1876],[76.6259,26.1867],[76.6259,26.1867],[76.6276,26.1854],[76.6285,26.1845],[76.6289,26.1842],[76.6293,26.1838],[76.6299,26.1837],[76.6313,26.1838],[76.6325,26.1839],[76.6333,26.1839],[76.634,26.1839],[76.6343,26.184],[76.6353,26.1841],[76.6361,26.1841],[76.6375,26.1841],[76.6388,26.1841],[76.6406,26.1839],[76.6424,26.1839],[76.6438,26.1839],[76.6444,26.1839],[76.6452,26.1838],[76.6465,26.1838],[76.6475,26.1838],[76.6478,26.1836],[76.6486,26.1832],[76.6486,26.1832],[76.6498,26.1832],[76.6508,26.1832],[76.6513,26.1832],[76.6518,26.1833],[76.6527,26.1835],[76.6534,26.1834],[76.6544,26.1834],[76.6553,26.1834],[76.6559,26.1833],[76.6567,26.1828],[76.657,26.1824],[76.6576,26.1816],[76.6578,26.181],[76.6579,26.1805],[76.6579,26.1801],[76.6586,26.1794],[76.6592,26.1791],[76.6598,26.1786],[76.66,26.178],[76.66,26.1775],[76.6603,26.1769],[76.6606,26.1762],[76.661,26.1756],[76.6614,26.1753],[76.6616,26.175],[76.6619,26.1747],[76.6623,26.1744],[76.6628,26.1742],[76.6637,26.1741],[76.6639,26.174],[76.6642,26.1738],[76.6648,26.173],[76.6652,26.1722],[76.6654,26.1707],[76.6655,26.1701],[76.6656,26.1699],[76.666,26.169],[76.6667,26.1678],[76.6673,26.1671],[76.6678,26.1666],[76.6686,26.1661],[76.6691,26.1659],[76.6703,26.1656],[76.6715,26.1655],[76.6723,26.1655],[76.6729,26.1654],[76.6735,26.1655],[76.6741,26.1655],[76.6753,26.1655],[76.6755,26.1656],[76.6763,26.1657],[76.6775,26.1659],[76.6782,26.1662],[76.6788,26.1666],[76.6797,26.1673],[76.6799,26.1675],[76.6803,26.1678],[76.6808,26.1682],[76.681,26.1683],[76.6815,26.1686],[76.6822,26.1689],[76.6824,26.169],[76.6832,26.1693],[76.6839,26.1696],[76.6841,26.1696],[76.6845,26.1697],[76.6848,26.1699],[76.6852,26.1703],[76.6855,26.1712],[76.6857,26.1721],[76.6857,26.1723],[76.6858,26.1729],[76.6861,26.1738],[76.6865,26.1745],[76.6868,26.1755],[76.6869,26.1757],[76.687,26.1761],[76.6873,26.1768],[76.6875,26.1774],[76.6876,26.1776],[76.6882,26.1781],[76.6888,26.1785],[76.6889,26.1787],[76.69,26.1796],[76.6907,26.1802],[76.6915,26.1804],[76.6926,26.1804],[76.6932,26.1803],[76.6939,26.1802],[76.6944,26.1799],[76.6952,26.1796],[76.6965,26.1796],[76.6972,26.1798],[76.698,26.1802],[76.6986,26.1804],[76.6992,26.1808],[76.6995,26.181],[76.7001,26.181],[76.7007,26.1811],[76.7012,26.1811],[76.7017,26.181],[76.7027,26.181],[76.7033,26.1807],[76.7037,26.1802],[76.7039,26.18],[76.7041,26.1798],[76.7044,26.1792],[76.7042,26.178],[76.7041,26.1777],[76.7041,26.1772],[76.7043,26.1767],[76.7056,26.1764],[76.7064,26.1765],[76.7075,26.1765],[76.7082,26.1764],[76.7086,26.1764],[76.709,26.1763],[76.7097,26.176],[76.7099,26.1759],[76.7103,26.1755],[76.7108,26.1747],[76.7111,26.1741],[76.7117,26.1735],[76.7121,26.1727],[76.7122,26.172],[76.7124,26.1714],[76.7125,26.1711],[76.713,26.1705],[76.7136,26.1702],[76.7146,26.1701],[76.7155,26.1699],[76.716,26.1699],[76.7168,26.1698],[76.717,26.1697],[76.7175,26.1696],[76.7181,26.1694],[76.7188,26.169],[76.7195,26.1684],[76.7197,26.168],[76.72,26.1678],[76.7201,26.1677],[76.7205,26.1673],[76.7212,26.1668],[76.7217,26.1666],[76.7218,26.1665],[76.7223,26.1661],[76.7225,26.1659],[76.7228,26.1657],[76.7231,26.1653],[76.7233,26.1651],[76.7238,26.1642],[76.7241,26.1637],[76.7244,26.1631],[76.725,26.1625],[76.7253,26.1624],[76.7257,26.1622],[76.7263,26.1619],[76.7269,26.1612],[76.7272,26.1607],[76.7272,26.1596],[76.7271,26.1589],[76.7268,26.1582],[76.7264,26.1577],[76.726,26.1572],[76.7255,26.1567],[76.7253,26.1561],[76.7252,26.1555],[76.7254,26.1548],[76.7262,26.1543],[76.7266,26.1542],[76.7269,26.1541],[76.7275,26.154],[76.7278,26.154],[76.7286,26.1539],[76.7292,26.1538],[76.7301,26.1538],[76.731,26.1539],[76.7313,26.1539],[76.7316,26.1539],[76.7319,26.1539],[76.7324,26.154],[76.7327,26.1539],[76.7329,26.1539],[76.7335,26.1535],[76.734,26.1531],[76.7345,26.1524],[76.735,26.152],[76.7358,26.1519],[76.7363,26.1521],[76.7367,26.1527],[76.7367,26.1528],[76.7367,26.1531],[76.737,26.1538],[76.7372,26.1544],[76.7377,26.1548],[76.7379,26.155],[76.7385,26.1553],[76.741,26.1544],[76.7411,26.1535],[76.7412,26.1529],[76.7416,26.1523],[76.7425,26.1515],[76.7429,26.1513],[76.7431,26.1512],[76.7439,26.1502],[76.7443,26.1496],[76.7449,26.1488],[76.7453,26.1482],[76.7459,26.147],[76.7469,26.1457],[76.748,26.1444],[76.7488,26.1434],[76.75,26.1423],[76.7503,26.1416],[76.7506,26.1412],[76.751,26.1406],[76.7516,26.14],[76.752,26.1397],[76.7522,26.1395],[76.7532,26.1387],[76.7533,26.1382],[76.7535,26.1377],[76.754,26.1371],[76.7546,26.1363],[76.7549,26.1357],[76.755,26.1356],[76.7551,26.1345],[76.7553,26.1342],[76.7559,26.1333],[76.7571,26.1316],[76.7584,26.1301],[76.7587,26.1294],[76.7589,26.1285],[76.7589,26.1283],[76.7591,26.128],[76.7593,26.1277],[76.7602,26.1272],[76.7607,26.1267],[76.7611,26.1256],[76.7615,26.1253],[76.7619,26.1247],[76.7627,26.1238],[76.7633,26.1233],[76.7636,26.1232],[76.7639,26.123],[76.7643,26.1227],[76.7644,26.1222],[76.7643,26.1219],[76.7643,26.1218],[76.7639,26.1215],[76.7638,26.1214],[76.7637,26.1209],[76.7637,26.1208],[76.7641,26.1204],[76.7642,26.1202],[76.7651,26.1194],[76.7653,26.1189],[76.766,26.1175],[76.7673,26.1159],[76.7679,26.1148],[76.7698,26.112],[76.7704,26.1117],[76.7716,26.1103],[76.7722,26.1095],[76.7735,26.1083],[76.7749,26.1083],[76.7754,26.1082],[76.7757,26.1078],[76.7764,26.1074],[76.7771,26.1063],[76.7777,26.1058],[76.7786,26.1054],[76.782,26.1054],[76.783,26.1053],[76.7846,26.1051],[76.7846,26.1051],[76.7846,26.1051],[76.7848,26.1051],[76.7853,26.1051],[76.7858,26.105],[76.7868,26.1052],[76.7874,26.1047],[76.7883,26.1044],[76.7891,26.1044],[76.7896,26.1046],[76.7898,26.1047],[76.7899,26.1047],[76.79,26.1047],[76.79,26.1048],[76.7905,26.1049],[76.7912,26.1051],[76.7915,26.1052],[76.7916,26.1052],[76.7921,26.1052],[76.7928,26.1048],[76.7932,26.1039],[76.7936,26.1036],[76.7937,26.1035],[76.7938,26.1035],[76.7938,26.1034],[76.7939,26.1034],[76.794,26.1034],[76.794,26.1033],[76.7941,26.1033],[76.7941,26.1033],[76.7941,26.1032],[76.7942,26.1032],[76.7942,26.1032],[76.7943,26.1031],[76.7965,26.1012],[76.7966,26.1011],[76.7966,26.1011],[76.7969,26.1008],[76.7973,26.1005],[76.7974,26.1004],[76.7975,26.1003],[76.7975,26.1002],[76.7976,26.1002],[76.7977,26.1001],[76.7978,26.1],[76.7983,26.0995],[76.799,26.0988],[76.7991,26.0987],[76.7991,26.0987],[76.7991,26.0987],[76.7992,26.0986],[76.7993,26.0985],[76.7993,26.0985],[76.7993,26.0985],[76.7994,26.0984],[76.7995,26.0983],[76.7995,26.0983],[76.7996,26.0982],[76.7996,26.0982],[76.7997,26.0982],[76.7997,26.0981],[76.7998,26.098],[76.7999,26.098],[76.7999,26.0979],[76.8004,26.0974],[76.8008,26.0971],[76.8008,26.097],[76.8009,26.097],[76.801,26.0969],[76.801,26.0969],[76.8014,26.0965],[76.8017,26.096],[76.8019,26.0954],[76.8022,26.0949],[76.8024,26.0944],[76.8025,26.0939],[76.8027,26.0932],[76.8027,26.0927],[76.8027,26.0926],[76.8027,26.0924],[76.8027,26.0918],[76.8027,26.0913],[76.8027,26.0912],[76.8027,26.0911],[76.8028,26.0905],[76.8033,26.09],[76.8037,26.089],[76.8046,26.0884],[76.8054,26.0878],[76.8059,26.0871],[76.8062,26.0866],[76.8062,26.0866],[76.8063,26.0865],[76.8063,26.0865],[76.8064,26.0864],[76.8064,26.0863],[76.8064,26.0863],[76.8065,26.0862],[76.8068,26.0857],[76.807,26.0851],[76.8072,26.0846],[76.8073,26.0841],[76.8073,26.0839],[76.8073,26.0838],[76.8074,26.0838],[76.8074,26.0837],[76.8074,26.0836],[76.8075,26.0831],[76.8075,26.0821],[76.807,26.0815],[76.8065,26.0809],[76.8065,26.0803],[76.8065,26.0798],[76.8068,26.079],[76.8077,26.0788],[76.8077,26.0788],[76.8077,26.0787],[76.8087,26.0786],[76.8103,26.0785],[76.8103,26.0776],[76.8101,26.077],[76.8101,26.0759],[76.81,26.0758],[76.81,26.0758],[76.8098,26.0751],[76.8096,26.0744],[76.8096,26.0738],[76.8096,26.0734],[76.8098,26.0726],[76.8107,26.0712],[76.8107,26.0707],[76.8109,26.07],[76.8114,26.0694],[76.812,26.0689],[76.8125,26.069],[76.8126,26.0691],[76.8128,26.0693],[76.8131,26.0696],[76.8134,26.0697],[76.8137,26.0697],[76.8141,26.0696],[76.8147,26.0696],[76.8149,26.0695],[76.8149,26.0694],[76.815,26.0695],[76.8154,26.0695],[76.8159,26.0694],[76.816,26.0694],[76.8161,26.0694],[76.8162,26.0694],[76.8162,26.0694],[76.8163,26.0694],[76.8164,26.0694],[76.8165,26.0694],[76.8166,26.0694],[76.8171,26.0693],[76.8183,26.069],[76.8191,26.0689],[76.8207,26.0687],[76.8211,26.069],[76.8218,26.0697],[76.8224,26.0702],[76.8228,26.0703],[76.8234,26.0706],[76.8239,26.0709],[76.8247,26.0711],[76.8253,26.0713],[76.8255,26.0713],[76.8258,26.0713],[76.826,26.0714],[76.8263,26.0716],[76.8269,26.0718],[76.8274,26.0718],[76.8279,26.0717],[76.828,26.0717],[76.8281,26.0718],[76.8286,26.072],[76.829,26.0719],[76.8294,26.0716],[76.8295,26.071],[76.8299,26.07],[76.83,26.0697],[76.83,26.0695],[76.8302,26.0688],[76.8304,26.0683],[76.8304,26.0682],[76.8305,26.0681],[76.8307,26.0676],[76.8307,26.067],[76.8308,26.0665],[76.8312,26.0664],[76.8318,26.0664],[76.8318,26.0664],[76.8324,26.0664],[76.8327,26.0663],[76.833,26.0663],[76.8333,26.0661],[76.8336,26.0659],[76.8341,26.0656],[76.8343,26.0654],[76.8349,26.0645],[76.8356,26.0639],[76.836,26.0634],[76.8361,26.0634],[76.8361,26.0633],[76.8362,26.0633],[76.8362,26.0632],[76.8362,26.0632],[76.8363,26.0632],[76.8363,26.0631],[76.8364,26.063],[76.8365,26.063],[76.8367,26.0628],[76.8367,26.0627],[76.8368,26.0626],[76.8369,26.0626],[76.8369,26.0625],[76.8369,26.0625],[76.837,26.0624],[76.837,26.0624],[76.8371,26.0623],[76.8372,26.0622],[76.8372,26.0622],[76.8372,26.0622],[76.8373,26.0621],[76.8374,26.062],[76.8375,26.0619],[76.8376,26.0618],[76.8377,26.0617],[76.8377,26.0617],[76.8378,26.0616],[76.8382,26.0612],[76.8386,26.0607],[76.839,26.0604],[76.839,26.0604],[76.839,26.0603],[76.8391,26.0603],[76.8392,26.0602],[76.8392,26.0601],[76.8393,26.0601],[76.8396,26.0597],[76.8399,26.0595],[76.84,26.0594],[76.8401,26.0594],[76.8402,26.0592],[76.8403,26.0592],[76.8404,26.0591],[76.8406,26.0589],[76.8406,26.0589],[76.8406,26.0588],[76.8407,26.0588],[76.8407,26.0588],[76.8407,26.0587],[76.8408,26.0586],[76.8409,26.0586],[76.8409,26.0585],[76.8409,26.0585],[76.841,26.0585],[76.841,26.0584],[76.8413,26.0581],[76.8415,26.0578],[76.8415,26.0577],[76.8416,26.0576],[76.8416,26.0575],[76.8417,26.0574],[76.8417,26.0574],[76.8417,26.0573],[76.8418,26.0572],[76.8418,26.0571],[76.8419,26.0571],[76.8421,26.0567],[76.8423,26.0564],[76.8423,26.0563],[76.8423,26.0563],[76.8424,26.0562],[76.8425,26.0561],[76.8425,26.056],[76.8427,26.0557],[76.843,26.0552],[76.843,26.0551],[76.843,26.0551],[76.8431,26.055],[76.8431,26.055],[76.8431,26.0549],[76.8432,26.0548],[76.8432,26.0548],[76.8433,26.0547],[76.8433,26.0546],[76.8433,26.0545],[76.8434,26.0545],[76.8436,26.054],[76.8439,26.0536],[76.844,26.0535],[76.8441,26.0534],[76.8441,26.0533],[76.8444,26.0528],[76.8453,26.0522],[76.8455,26.0519],[76.8457,26.0515],[76.8461,26.0512],[76.8465,26.0512],[76.8469,26.0512],[76.847,26.0513],[76.8472,26.0515],[76.8474,26.0516],[76.8481,26.0515],[76.8487,26.051],[76.8489,26.0508],[76.8495,26.05],[76.8501,26.0491],[76.8503,26.0483],[76.8504,26.0478],[76.8506,26.0472],[76.8509,26.047],[76.8514,26.0467],[76.852,26.0463],[76.8522,26.0458],[76.8522,26.0453],[76.8519,26.0449],[76.8516,26.0445],[76.8517,26.044],[76.8519,26.0437],[76.8519,26.0436],[76.852,26.0434],[76.852,26.0434],[76.852,26.0433],[76.852,26.0432],[76.8521,26.0432],[76.8521,26.0431],[76.8521,26.043],[76.8523,26.0425],[76.8522,26.042],[76.8522,26.0419],[76.8522,26.0418],[76.8521,26.0412],[76.8518,26.0409],[76.8514,26.0406],[76.8508,26.0403],[76.8507,26.0402],[76.8502,26.04],[76.8494,26.0397],[76.8489,26.0394],[76.8486,26.0392],[76.8488,26.0382],[76.8491,26.0372],[76.8493,26.0367],[76.8496,26.036],[76.8503,26.0348],[76.8505,26.0345],[76.8469,26.0326],[76.8441,26.0312],[76.8364,26.0244],[76.8462,26.0061],[76.843,25.9969],[76.8356,25.9908],[76.8292,25.9876],[76.8258,25.9835],[76.824,25.9791],[76.8248,25.9661],[76.8222,25.962],[76.8122,25.9479],[76.8007,25.9391],[76.7918,25.9353],[76.7826,25.9343],[76.7665,25.9374],[76.7617,25.9366],[76.7594,25.9345],[76.7586,25.9307],[76.7593,25.9271],[76.7626,25.9232],[76.7686,25.9202],[76.7682,25.917],[76.7614,25.9111],[76.7512,25.9041],[76.7391,25.8975],[76.7279,25.8952],[76.7202,25.8959],[76.7112,25.8984],[76.7022,25.902],[76.6898,25.9052],[76.68,25.9068],[76.6622,25.9058],[76.6518,25.9038],[76.647,25.9012],[76.644,25.8965],[76.6412,25.8909],[76.6373,25.8702],[76.6322,25.8658],[76.6221,25.8662],[76.603,25.8715],[76.5983,25.8692],[76.5908,25.8627],[76.5722,25.8347],[76.5507,25.8376],[76.5406,25.8401],[76.5275,25.8378],[76.518,25.8379],[76.507,25.8425],[76.4999,25.8429],[76.4921,25.8412],[76.4867,25.8385],[76.4823,25.8324],[76.4839,25.8267],[76.4882,25.8208],[76.4898,25.816],[76.4874,25.8104],[76.4826,25.8051],[76.4758,25.7992],[76.471,25.7919],[76.4659,25.786],[76.4587,25.7802],[76.4533,25.7743],[76.4458,25.7693],[76.4397,25.7679],[76.4192,25.7666],[76.4128,25.7646],[76.4083,25.7596],[76.3992,25.7535],[76.3907,25.7509],[76.3816,25.7492],[76.3687,25.7404],[76.3644,25.7384],[76.359,25.742],[76.352,25.7515],[76.345,25.7587],[76.3404,25.7671],[76.3348,25.7736],[76.3305,25.7831],[76.3282,25.7932],[76.322,25.809],[76.3275,25.818],[76.3245,25.8221],[76.3202,25.8254],[76.3151,25.827],[76.3104,25.8261],[76.3043,25.8217],[76.302,25.8209],[76.2997,25.8244],[76.2964,25.8336],[76.2938,25.8357],[76.2901,25.8352],[76.2846,25.8272],[76.2802,25.824],[76.2755,25.8238],[76.2678,25.8283],[76.2532,25.8388],[76.2442,25.8489],[76.2272,25.8582],[76.2222,25.8621],[76.2197,25.8704],[76.223,25.8929],[76.2208,25.8986],[76.2189,25.9119],[76.222,25.9158],[76.23,25.9166],[76.2404,25.9141],[76.2495,25.9134],[76.2529,25.9164],[76.2516,25.9214],[76.253,25.9309],[76.2483,25.9354],[76.2526,25.9469],[76.2569,25.9665],[76.2551,25.9763],[76.2556,25.9799],[76.2534,25.9829],[76.2497,25.9817],[76.2473,25.9832],[76.2469,25.9871],[76.2508,26.0019],[76.2501,26.0054],[76.2507,26.0096],[76.2513,26.0128],[76.2511,26.0171],[76.2504,26.0194],[76.248,26.0214],[76.2434,26.0222],[76.241,26.024],[76.2383,26.0254],[76.2357,26.0254],[76.2347,26.0237],[76.2359,26.0203],[76.2347,26.016],[76.2324,26.0109],[76.2271,26.0088],[76.217,26.0075],[76.2072,26.0093],[76.1971,26.0086],[76.1968,26.0097],[76.1958,26.0126],[76.1933,26.0134],[76.19,26.0109],[76.1889,26.0058],[76.1876,26.0023],[76.1824,25.9887],[76.1762,25.9879],[76.1628,25.9897],[76.1564,25.9815],[76.1461,25.9661],[76.1438,25.9649],[76.1427,25.9667],[76.1417,25.9736],[76.1383,25.976],[76.1321,25.9775],[76.1266,25.9856],[76.1185,25.9952],[76.1121,25.9998],[76.1051,26.0017],[76.0993,26.0008],[76.095,25.9946],[76.0922,25.9885],[76.087,25.9889],[76.0698,25.9951],[76.0707,26.003],[76.072,26.0051],[76.0742,26.0095],[76.0764,26.0134],[76.0804,26.0156],[76.0858,26.0179],[76.0891,26.0197],[76.0898,26.022],[76.089,26.0262],[76.094,26.0296],[76.0962,26.0314],[76.0975,26.0334],[76.0982,26.0366],[76.1004,26.0396],[76.1041,26.0392],[76.108,26.0382],[76.1117,26.0392],[76.1139,26.0431],[76.1145,26.0481],[76.1156,26.052],[76.1161,26.0563],[76.1116,26.0572],[76.1064,26.0564],[76.1002,26.0564],[76.0954,26.0565],[76.0936,26.0593],[76.0941,26.0633],[76.0916,26.067],[76.0908,26.0693],[76.0916,26.0744],[76.0928,26.0792],[76.0968,26.0861],[76.0976,26.091],[76.0997,26.0953],[76.0989,26.0997],[76.0945,26.1018],[76.0927,26.1048],[76.0938,26.1086],[76.0924,26.1136],[76.0873,26.1172],[76.0827,26.1214],[76.0687,26.1302],[76.0663,26.1333],[76.0652,26.128],[76.0641,26.1239],[76.0617,26.119],[76.0558,26.1154],[76.049,26.1144],[76.0446,26.116],[76.0389,26.1136],[76.03,26.1101],[76.0221,26.1095],[76.0126,26.1106],[76.0022,26.1141],[76,26.1158],[75.9944,26.1156],[75.996,26.1287],[76,26.1414],[75.9956,26.1593],[76,26.1597],[76.0011,26.1593],[76.0052,26.1625],[76.0049,26.1672],[76.0031,26.1722],[76.0033,26.1751],[76.0061,26.175],[76.0068,26.1766],[76.0057,26.1805],[76.0036,26.1872],[76.0013,26.1913],[76,26.1921],[75.9889,26.195],[75.9816,26.1947],[75.9841,26.2105],[75.988,26.2091],[75.9925,26.2201],[76,26.2191],[76.0035,26.2192],[76.013,26.2192],[76.0224,26.2204],[76.0284,26.2208],[76.0309,26.2222],[76.0301,26.2325],[76.0295,26.243],[76.03,26.2518],[76.0377,26.2506],[76.0466,26.2517],[76.0527,26.2478],[76.0596,26.2441],[76.0676,26.2432],[76.0766,26.2434],[76.0864,26.2422],[76.0942,26.2394],[76.1037,26.2391],[76.1083,26.2422],[76.1093,26.2464],[76.1139,26.247],[76.1191,26.2475],[76.1234,26.2511],[76.1231,26.2551],[76.1193,26.258],[76.1164,26.2603],[76.1149,26.264],[76.1157,26.2739],[76.12,26.2761],[76.1249,26.2783],[76.126,26.2834],[76.1296,26.2876],[76.1319,26.2904],[76.1359,26.2935],[76.1414,26.2951],[76.1444,26.2979],[76.1454,26.3024],[76.1478,26.3081],[76.1479,26.3115],[76.1466,26.314],[76.1421,26.3164],[76.1406,26.3186],[76.1413,26.3206],[76.1442,26.3211],[76.1449,26.3237],[76.1417,26.3268],[76.1369,26.3303],[76.134,26.3328],[76.1331,26.3357],[76.1332,26.3394],[76.1307,26.3416],[76.1307,26.3448],[76.1337,26.3473],[76.137,26.3487],[76.1428,26.3495],[76.1458,26.354],[76.1468,26.3573],[76.1466,26.3602],[76.1437,26.3622],[76.1395,26.3642],[76.1357,26.3668],[76.1344,26.3691],[76.1368,26.3744],[76.1401,26.3792],[76.1435,26.3868],[76.1459,26.3919],[76.149,26.3989],[76.1507,26.4049],[76.1521,26.4091],[76.1531,26.4128],[76.1519,26.4162],[76.149,26.4185],[76.152,26.4213],[76.1553,26.4241],[76.1573,26.4277],[76.1575,26.4348],[76.1582,26.4402],[76.1537,26.4422],[76.1489,26.4442],[76.1448,26.4474],[76.1416,26.4508],[76.1395,26.4582],[76.143,26.4576],[76.1467,26.4626],[76.151,26.468],[76.1558,26.4662],[76.1597,26.4676],[76.1644,26.4718],[76.1683,26.476],[76.1716,26.478],[76.1806,26.4856],[76.1903,26.4811],[76.2026,26.4784],[76.2101,26.4753],[76.2175,26.4701],[76.2239,26.4647],[76.2297,26.4624],[76.2385,26.4638],[76.2463,26.4631],[76.2495,26.458],[76.249,26.4524],[76.2486,26.4473],[76.2505,26.4407],[76.2566,26.4401],[76.2649,26.4446],[76.2773,26.4451],[76.2838,26.4465],[76.2897,26.4504],[76.293,26.4532],[76.2989,26.4526],[76.3067,26.4534],[76.3142,26.4539],[76.323,26.4541],[76.3311,26.4512],[76.3353,26.4473],[76.3394,26.4413],[76.3416,26.4367],[76.3428,26.4319],[76.3437,26.4265],[76.3429,26.4217],[76.3425,26.4158],[76.3424,26.4104],[76.3472,26.4075],[76.3553,26.4043],[76.364,26.4017],[76.3704,26.398],[76.3769,26.3937],[76.3833,26.3908],[76.3937,26.3879],[76.3969,26.3856],[76.4065,26.3768],[76.4109,26.3878],[76.414,26.394],[76.4145,26.4011],[76.4139,26.4082],[76.4154,26.4141],[76.4206,26.4169],[76.4243,26.4211],[76.4284,26.4282],[76.434,26.4332],[76.4371,26.4389],[76.4403,26.4402],[76.4439,26.4413],[76.4454,26.4476],[76.4465,26.4538],[76.4486,26.4594],[76.4513,26.4659],[76.4547,26.4721],[76.457,26.4744],[76.4639,26.474],[76.4678,26.474],[76.4702,26.4802],[76.4742,26.4844],[76.4782,26.4884],[76.4806,26.4932],[76.4817,26.4986],[76.4812,26.507],[76.4796,26.5116],[76.4742,26.5148],[76.469,26.5185],[76.4645,26.5225],[76.4631,26.5293],[76.4623,26.5381],[76.4621,26.5437],[76.4586,26.548],[76.4541,26.5506],[76.4495,26.5509],[76.4446,26.5504],[76.4396,26.547],[76.4343,26.5425],[76.4297,26.5389],[76.4241,26.5381],[76.4192,26.5381],[76.4153,26.5384],[76.4137,26.5401],[76.4167,26.5438],[76.4168,26.5472],[76.4159,26.5495],[76.4133,26.5512],[76.411,26.5515],[76.4068,26.5527],[76.4075,26.5555],[76.4107,26.5648],[76.4138,26.5738],[76.4162,26.5818],[76.421,26.5916],[76.4244,26.5967],[76.4268,26.6032],[76.4305,26.608],[76.4358,26.6142],[76.4405,26.6215],[76.4439,26.628],[76.4467,26.6333],[76.4527,26.6398],[76.4564,26.6486],[76.4625,26.6579],[76.4688,26.6635],[76.4692,26.6691],[76.4693,26.6708],[76.4646,26.6816],[76.4721,26.6932],[76.4785,26.7059],[76.4895,26.7163],[76.491,26.7189],[76.4985,26.715],[76.4995,26.7145],[76.5135,26.7065],[76.5135,26.7065],[76.5391,26.6935],[76.5423,26.6913],[76.5475,26.6879],[76.5541,26.6844],[76.5552,26.6836],[76.5577,26.6823],[76.5604,26.681],[76.5629,26.6795],[76.5629,26.6795],[76.5648,26.6783],[76.5682,26.6761],[76.5683,26.6761],[76.5754,26.6727],[76.5754,26.6727],[76.5776,26.6718],[76.5784,26.6714],[76.5804,26.6703],[76.582,26.6698]]]},"properties":{"district_name":"Sawai Madhopur","raw_district_name":"Sawai Madhopur","state_code":"RJ","state_name":"Rajasthan","census_code":108,"data_source":"DataMeet India Maps (Census 2011 Boundaries)"}}]}