{"type":"FeatureCollection","properties":{"state_code":"TN","state_name":"Tamil Nadu","data_source":"DataMeet India Maps"},"features":[{"type":"Feature","geometry":{"type":"Polygon","coordinates":[[[79.3223,11.4197],[79.3247,11.4175],[79.3349,11.419],[79.339,11.4183],[79.3465,11.4159],[79.3564,11.4193],[79.3592,11.4186],[79.366,11.4189],[79.37,11.4192],[79.3742,11.4161],[79.3754,11.414],[79.3788,11.4109],[79.3783,11.4053],[79.3753,11.405],[79.3756,11.4036],[79.3739,11.403],[79.3742,11.3987],[79.3834,11.3981],[79.3837,11.397],[79.3852,11.3972],[79.3849,11.401],[79.3856,11.4007],[79.3855,11.4023],[79.3839,11.4023],[79.3835,11.4007],[79.3803,11.4006],[79.3801,11.4024],[79.379,11.402],[79.379,11.402],[79.3786,11.4038],[79.3806,11.4044],[79.3821,11.4108],[79.3865,11.4089],[79.3862,11.4074],[79.389,11.4057],[79.3897,11.4035],[79.3945,11.403],[79.3954,11.3992],[79.3922,11.399],[79.3921,11.3917],[79.3904,11.3892],[79.3929,11.3878],[79.3923,11.3787],[79.395,11.3766],[79.392,11.3713],[79.3909,11.367],[79.3945,11.3662],[79.395,11.3547],[79.3988,11.3535],[79.4015,11.351],[79.4057,11.3555],[79.4061,11.3545],[79.4114,11.3674],[79.4139,11.3646],[79.4151,11.3619],[79.4231,11.3609],[79.4263,11.3615],[79.4266,11.3651],[79.4286,11.3619],[79.4296,11.3569],[79.4382,11.3566],[79.4378,11.3485],[79.4337,11.3477],[79.4343,11.3461],[79.4331,11.3451],[79.4324,11.342],[79.4346,11.3414],[79.4348,11.3403],[79.4348,11.3403],[79.4369,11.34],[79.4387,11.3333],[79.4476,11.3321],[79.4484,11.3346],[79.4505,11.334],[79.4509,11.3324],[79.4521,11.3327],[79.4535,11.3311],[79.4548,11.3278],[79.4563,11.3272],[79.4562,11.3252],[79.4573,11.3251],[79.4574,11.3273],[79.4593,11.3253],[79.461,11.3261],[79.4626,11.3205],[79.4651,11.3198],[79.4654,11.3179],[79.4731,11.3171],[79.4766,11.3133],[79.4826,11.3139],[79.4887,11.3156],[79.4975,11.3138],[79.5004,11.3125],[79.5011,11.311],[79.4988,11.3036],[79.4995,11.297],[79.4996,11.293],[79.5017,11.2897],[79.5015,11.2751],[79.503,11.2721],[79.5041,11.2717],[79.5045,11.2572],[79.4978,11.2571],[79.4978,11.2571],[79.4962,11.248],[79.5019,11.2424],[79.5036,11.2388],[79.5072,11.2363],[79.5077,11.232],[79.5139,11.2263],[79.5098,11.2214],[79.5054,11.2032],[79.4825,11.1731],[79.4779,11.1739],[79.474,11.1731],[79.4673,11.1692],[79.4658,11.1633],[79.4629,11.1588],[79.4614,11.1543],[79.4614,11.1543],[79.4596,11.1491],[79.4387,11.1262],[79.4315,11.1171],[79.4261,11.1052],[79.4252,11.1001],[79.4225,11.094],[79.4134,11.0797],[79.4076,11.0731],[79.3948,11.0621],[79.3768,11.0533],[79.3628,11.0488],[79.3574,11.0461],[79.353,11.0424],[79.3442,11.0373],[79.3401,11.0341],[79.3357,11.0284],[79.3224,11.0209],[79.3135,11.0147],[79.3119,11.0169],[79.309,11.0179],[79.3012,11.0142],[79.2973,11.0143],[79.2963,11.014],[79.2947,11.0136],[79.2848,11.0049],[79.284,11.0004],[79.2802,10.9969],[79.275,10.9883],[79.2668,10.9813],[79.2595,10.9753],[79.2485,10.9666],[79.2391,10.9603],[79.2301,10.9503],[79.2217,10.9429],[79.2139,10.9385],[79.2082,10.9374],[79.2051,10.9458],[79.1932,10.9438],[79.1804,10.9379],[79.1692,10.9381],[79.1596,10.9399],[79.1522,10.9401],[79.1455,10.9385],[79.1319,10.931],[79.1233,10.9264],[79.115,10.9233],[79.1078,10.9217],[79.1023,10.9218],[79.0974,10.9227],[79.0903,10.9236],[79.0839,10.923],[79.0792,10.9196],[79.0746,10.9166],[79.0705,10.9114],[79.0674,10.9046],[79.0655,10.8983],[79.0623,10.8935],[79.0571,10.8883],[79.0506,10.8852],[79.0432,10.8839],[79.0352,10.883],[79.0278,10.8842],[79.0211,10.8859],[79.0075,10.8893],[79.0074,10.8894],[79.0072,10.8912],[79.006,10.8968],[79.0051,10.9025],[79.004,10.9095],[78.9999,10.9202],[78.99,10.9263],[78.9865,10.9263],[78.9842,10.9222],[78.981,10.9209],[78.9778,10.9283],[78.9798,10.9334],[78.9772,10.9373],[78.9695,10.945],[78.9662,10.9483],[78.9601,10.9479],[78.9534,10.9486],[78.9502,10.9521],[78.9392,10.9583],[78.939,10.9619],[78.9492,10.9655],[78.9528,10.9694],[78.9591,10.9693],[78.9659,10.9681],[78.9726,10.9655],[78.9779,10.9659],[78.9788,10.9734],[78.986,10.9762],[78.9861,10.9811],[78.9844,10.9902],[78.9869,10.9937],[78.9878,11.0001],[78.9916,10.9963],[78.9946,10.9967],[78.9998,11],[79.0027,11.0016],[79.0095,11.0073],[79.0148,11.0083],[79.0123,11.0155],[79.0121,11.026],[79.0121,11.0302],[79.0119,11.0404],[79.009,11.0427],[79.009,11.0568],[79.0106,11.0597],[79.0165,11.0621],[79.0214,11.0609],[79.0194,11.0649],[79.0275,11.0667],[79.0259,11.0702],[79.0278,11.0749],[79.0331,11.0827],[79.0435,11.0854],[79.0555,11.0856],[79.0697,11.1059],[79.0702,11.1111],[79.0655,11.1294],[79.0619,11.1333],[79.0574,11.1332],[79.0577,11.1371],[79.0595,11.1409],[79.0627,11.1401],[79.0625,11.145],[79.0632,11.1517],[79.0723,11.1532],[79.0752,11.157],[79.0754,11.1652],[79.0718,11.1757],[79.0754,11.1767],[79.0781,11.1785],[79.079,11.182],[79.0785,11.1884],[79.0675,11.1883],[79.0676,11.1925],[79.0679,11.2013],[79.0679,11.2042],[79.0711,11.2061],[79.0793,11.2034],[79.0812,11.2036],[79.0845,11.2035],[79.0914,11.2021],[79.0936,11.1984],[79.0963,11.1984],[79.097,11.2074],[79.0968,11.2106],[79.0967,11.2122],[79.0982,11.217],[79.0995,11.2213],[79.101,11.23],[79.1049,11.2295],[79.1088,11.232],[79.1135,11.2304],[79.1113,11.244],[79.1237,11.2483],[79.1228,11.2573],[79.1255,11.2582],[79.1222,11.2665],[79.1181,11.2677],[79.1176,11.2707],[79.1116,11.2687],[79.111,11.2723],[79.1117,11.2767],[79.1126,11.2824],[79.1159,11.2816],[79.1171,11.2856],[79.1134,11.2862],[79.1151,11.2902],[79.1176,11.2936],[79.1223,11.2924],[79.1262,11.2952],[79.1366,11.295],[79.1424,11.2884],[79.142,11.2927],[79.1447,11.3012],[79.145,11.3094],[79.141,11.3103],[79.1273,11.3103],[79.1312,11.32],[79.132,11.3329],[79.1412,11.3333],[79.15,11.3355],[79.157,11.338],[79.1603,11.3451],[79.1595,11.3507],[79.1523,11.3605],[79.1527,11.3641],[79.1577,11.3649],[79.1633,11.3684],[79.1647,11.3747],[79.1675,11.3762],[79.1699,11.3775],[79.1769,11.3734],[79.1809,11.3738],[79.1884,11.3771],[79.1935,11.3794],[79.1983,11.3802],[79.2032,11.3825],[79.2096,11.3835],[79.2167,11.388],[79.2298,11.3918],[79.234,11.3919],[79.238,11.39],[79.241,11.3813],[79.2406,11.3744],[79.2411,11.3717],[79.2448,11.3696],[79.2509,11.3727],[79.2539,11.3763],[79.2565,11.3851],[79.258,11.3877],[79.2593,11.3884],[79.2613,11.3887],[79.2681,11.386],[79.2755,11.3863],[79.2755,11.3863],[79.2762,11.382],[79.2787,11.3798],[79.2821,11.3808],[79.2827,11.3821],[79.2872,11.3801],[79.2988,11.3808],[79.2957,11.3886],[79.2931,11.3985],[79.2927,11.4052],[79.2948,11.4121],[79.3013,11.4122],[79.3098,11.4157],[79.3143,11.4163],[79.3143,11.4182],[79.3223,11.4197]]]},"properties":{"district_name":"Ariyalur","raw_district_name":"Ariyalur","state_code":"TN","state_name":"Tamil Nadu","census_code":616,"data_source":"DataMeet India Maps (Census 2011 Boundaries)"}},{"type":"Feature","geometry":{"type":"Polygon","coordinates":[[[80.2977,13.1255],[80.298,13.1191],[80.3001,13.1137],[80.3007,13.1108],[80.3007,13.1096],[80.301,13.1017],[80.3033,13.101],[80.3059,13.0988],[80.3057,13.0947],[80.3014,13.0845],[80.2998,13.0831],[80.2985,13.0799],[80.2967,13.078],[80.294,13.074],[80.2927,13.0729],[80.2914,13.0722],[80.2897,13.0669],[80.2887,13.0654],[80.2874,13.0632],[80.2852,13.0555],[80.2829,13.0344],[80.2803,13.0244],[80.2788,13.0125],[80.2757,13.0005],[80.2733,12.995],[80.2733,12.9947],[80.2718,12.9952],[80.2634,12.995],[80.2591,12.9953],[80.255,12.9944],[80.2512,12.993],[80.2472,12.9933],[80.2434,12.9902],[80.2393,12.9893],[80.2309,12.9902],[80.2231,12.9925],[80.2199,12.9925],[80.215,12.9945],[80.2127,12.9962],[80.2109,12.9976],[80.2102,12.9994],[80.2107,13.0003],[80.2119,13.0025],[80.2123,13.0029],[80.2129,13.0066],[80.2007,13.0154],[80.2012,13.0211],[80.2018,13.0214],[80.2026,13.0247],[80.2046,13.0282],[80.2044,13.0282],[80.2066,13.0309],[80.2139,13.0272],[80.2153,13.0318],[80.2148,13.0346],[80.2107,13.0383],[80.211,13.0429],[80.2104,13.0466],[80.2087,13.0505],[80.2093,13.0545],[80.2104,13.0579],[80.2116,13.0642],[80.2116,13.0682],[80.2113,13.0713],[80.2093,13.0727],[80.2076,13.0764],[80.2076,13.0793],[80.2079,13.0813],[80.2096,13.0847],[80.2125,13.0875],[80.2146,13.0969],[80.2146,13.1043],[80.2169,13.1091],[80.2218,13.116],[80.2256,13.1228],[80.2277,13.1265],[80.2417,13.1272],[80.2457,13.1225],[80.2497,13.1216],[80.2547,13.1219],[80.2648,13.1247],[80.2695,13.1264],[80.273,13.1321],[80.2767,13.1396],[80.2806,13.1418],[80.2882,13.1427],[80.3035,13.1413],[80.2996,13.1328],[80.2993,13.1318],[80.2977,13.1255]]]},"properties":{"district_name":"Chennai","raw_district_name":"Chennai","state_code":"TN","state_name":"Tamil Nadu","census_code":603,"data_source":"DataMeet India Maps (Census 2011 Boundaries)"}},{"type":"Feature","geometry":{"type":"Polygon","coordinates":[[[77.1107,11.3899],[77.1102,11.381],[77.1121,11.377],[77.127,11.3771],[77.1302,11.3707],[77.1283,11.3669],[77.1279,11.3635],[77.131,11.3582],[77.1302,11.3546],[77.1329,11.3512],[77.1363,11.3434],[77.1399,11.3352],[77.1445,11.3341],[77.1437,11.3257],[77.144,11.3171],[77.144,11.3029],[77.1399,11.3011],[77.1284,11.3023],[77.1189,11.3017],[77.1159,11.2991],[77.1142,11.2982],[77.1109,11.2958],[77.1109,11.2917],[77.1153,11.2855],[77.1186,11.2813],[77.1248,11.2816],[77.136,11.281],[77.1414,11.2807],[77.1446,11.2798],[77.1464,11.2769],[77.1502,11.2757],[77.1547,11.2766],[77.1603,11.2772],[77.1647,11.2719],[77.1644,11.2692],[77.1588,11.2659],[77.1582,11.26],[77.1615,11.2523],[77.1632,11.2497],[77.1615,11.2473],[77.1582,11.2426],[77.1547,11.2343],[77.1529,11.2313],[77.1464,11.2213],[77.1437,11.2192],[77.142,11.2139],[77.1423,11.2077],[77.1458,11.2003],[77.1511,11.197],[77.1523,11.192],[77.1562,11.1849],[77.1579,11.1825],[77.1573,11.1778],[77.1556,11.1757],[77.1538,11.171],[77.1532,11.1657],[77.1556,11.1624],[77.1627,11.1633],[77.1692,11.1612],[77.1698,11.158],[77.1698,11.1541],[77.1695,11.1438],[77.1739,11.137],[77.1783,11.1361],[77.1798,11.1388],[77.181,11.1447],[77.1822,11.1476],[77.1866,11.1459],[77.1899,11.1423],[77.1919,11.1423],[77.197,11.1408],[77.2032,11.1352],[77.2079,11.1299],[77.2132,11.1246],[77.2191,11.1234],[77.2239,11.1252],[77.2283,11.1299],[77.2327,11.1352],[77.2381,11.1367],[77.2416,11.1332],[77.2425,11.1305],[77.2416,11.1263],[77.2446,11.1237],[77.249,11.1198],[77.2526,11.1163],[77.2573,11.1122],[77.2582,11.108],[77.2564,11.1051],[77.2549,11.1054],[77.2508,11.1065],[77.2463,11.1056],[77.2443,11.1027],[77.2416,11.1015],[77.2339,11.1012],[77.2295,11.0983],[77.2206,11.0938],[77.215,11.0897],[77.2129,11.0876],[77.2041,11.0867],[77.199,11.0855],[77.1934,11.0781],[77.186,11.0743],[77.1792,11.0713],[77.1712,11.0687],[77.163,11.0654],[77.1588,11.0607],[77.1594,11.0548],[77.163,11.0512],[77.1668,11.048],[77.1692,11.0456],[77.1689,11.0438],[77.1689,11.0409],[77.1721,11.0373],[77.1745,11.0359],[77.1745,11.0317],[77.1742,11.0285],[77.1727,11.0267],[77.1706,11.0237],[77.1695,11.0172],[77.1683,11.0095],[77.1659,11.0066],[77.1612,11.0021],[77.1588,10.9983],[77.1564,10.9936],[77.1535,10.9885],[77.1535,10.9853],[77.1556,10.9797],[77.1612,10.977],[77.1641,10.9693],[77.1641,10.9637],[77.1644,10.9593],[77.1671,10.9575],[77.1698,10.9554],[77.1701,10.9507],[77.1692,10.9468],[77.1686,10.9412],[77.1703,10.9344],[77.1721,10.9297],[77.1742,10.9267],[77.1751,10.9235],[77.1786,10.9214],[77.1792,10.9214],[77.1881,10.9214],[77.1908,10.9202],[77.1943,10.9167],[77.1993,10.9131],[77.202,10.9099],[77.202,10.9072],[77.2041,10.9054],[77.2138,10.9054],[77.2245,10.9054],[77.2271,10.9046],[77.2307,10.9028],[77.2345,10.9007],[77.2416,10.8989],[77.2487,10.896],[77.2526,10.8904],[77.2523,10.8812],[77.2523,10.8726],[77.2523,10.8664],[77.254,10.862],[77.2591,10.8584],[77.2647,10.8546],[77.2727,10.851],[77.2801,10.8498],[77.2888,10.8489],[77.2895,10.8369],[77.2911,10.8341],[77.2908,10.8282],[77.2961,10.8236],[77.2959,10.8202],[77.2989,10.8135],[77.2939,10.8105],[77.2892,10.8124],[77.2843,10.8056],[77.2814,10.8047],[77.2774,10.8015],[77.276,10.7918],[77.2802,10.7873],[77.2728,10.7845],[77.2612,10.7801],[77.2548,10.7789],[77.2407,10.7746],[77.234,10.7745],[77.229,10.7758],[77.2244,10.7781],[77.2155,10.7853],[77.2115,10.7864],[77.2088,10.7888],[77.2149,10.8027],[77.2038,10.8008],[77.201,10.8025],[77.1984,10.8003],[77.1952,10.8016],[77.1899,10.8005],[77.1838,10.7968],[77.1767,10.7986],[77.1689,10.7985],[77.1648,10.8],[77.1648,10.7997],[77.1532,10.7897],[77.1497,10.7662],[77.1384,10.7406],[77.1371,10.7055],[77.1438,10.6705],[77.1639,10.6476],[77.1742,10.6302],[77.1648,10.6047],[77.1515,10.583],[77.1219,10.5843],[77.1003,10.5819],[77.0808,10.5698],[77.0793,10.5464],[77.082,10.5153],[77.0649,10.4857],[77.0713,10.4625],[77.0658,10.4429],[77.0545,10.4173],[77.0789,10.3808],[77.0836,10.342],[77.0839,10.3283],[77.0952,10.3084],[77.095,10.3083],[77.0868,10.3045],[77.0809,10.2989],[77.0741,10.2951],[77.0651,10.2941],[77.0644,10.2915],[77.0666,10.2885],[77.0594,10.2829],[77.0471,10.2807],[77.0558,10.2706],[77.0519,10.2567],[77.0436,10.2515],[77.0319,10.2504],[77.0293,10.2495],[77.0285,10.2461],[77.0199,10.2449],[77.0127,10.2383],[77.009,10.2378],[77.0069,10.2362],[77.0047,10.2315],[77.0005,10.2284],[76.9947,10.2284],[76.9878,10.2224],[76.984,10.2171],[76.9805,10.221],[76.9749,10.2242],[76.9719,10.2271],[76.9654,10.2281],[76.959,10.2311],[76.9523,10.2295],[76.9408,10.2379],[76.938,10.2381],[76.9333,10.2337],[76.9223,10.2315],[76.9184,10.233],[76.9142,10.2361],[76.9116,10.2408],[76.9052,10.2409],[76.9064,10.2457],[76.9047,10.2513],[76.8974,10.2633],[76.8898,10.2645],[76.8836,10.2723],[76.875,10.2752],[76.8743,10.2778],[76.8747,10.2907],[76.8769,10.2982],[76.8732,10.2989],[76.8705,10.2974],[76.8634,10.291],[76.8532,10.2917],[76.8525,10.2895],[76.8525,10.2856],[76.8512,10.2857],[76.8478,10.2898],[76.8445,10.2919],[76.8425,10.2992],[76.8374,10.3019],[76.8322,10.3033],[76.8321,10.3107],[76.8367,10.3204],[76.8383,10.3281],[76.8392,10.3383],[76.8381,10.3423],[76.84,10.3457],[76.8482,10.3545],[76.8486,10.3611],[76.8517,10.3678],[76.8505,10.3708],[76.843,10.3802],[76.8369,10.3833],[76.8328,10.3899],[76.8279,10.3946],[76.8349,10.4021],[76.8349,10.407],[76.8337,10.4115],[76.8272,10.4098],[76.8241,10.4194],[76.8195,10.423],[76.8295,10.4465],[76.833,10.4883],[76.8323,10.4987],[76.8372,10.5111],[76.8434,10.5327],[76.8439,10.5373],[76.8364,10.5457],[76.8376,10.551],[76.8421,10.5611],[76.8409,10.5651],[76.8373,10.5696],[76.8378,10.5756],[76.8411,10.5845],[76.8415,10.5931],[76.8401,10.5964],[76.8363,10.5976],[76.8271,10.5964],[76.8203,10.6025],[76.8213,10.6123],[76.8201,10.6153],[76.8166,10.6172],[76.8149,10.6221],[76.8173,10.6289],[76.8166,10.6344],[76.8263,10.6341],[76.8341,10.6355],[76.8385,10.6352],[76.843,10.634],[76.85,10.6348],[76.8565,10.6344],[76.8642,10.6321],[76.8713,10.6334],[76.8845,10.6376],[76.8864,10.6474],[76.8839,10.6617],[76.8812,10.6645],[76.8821,10.669],[76.8819,10.6723],[76.8794,10.6744],[76.875,10.6751],[76.8667,10.6805],[76.8672,10.6834],[76.8715,10.6853],[76.8736,10.6887],[76.8732,10.6944],[76.8768,10.7011],[76.8867,10.7149],[76.8927,10.7143],[76.8954,10.7156],[76.8929,10.7211],[76.8909,10.7284],[76.892,10.7344],[76.8984,10.745],[76.8992,10.7512],[76.9019,10.7557],[76.9047,10.7586],[76.9059,10.7636],[76.9054,10.7688],[76.9083,10.7743],[76.9091,10.779],[76.903,10.8004],[76.8998,10.8081],[76.8934,10.8093],[76.8714,10.8079],[76.8639,10.8166],[76.8517,10.8158],[76.8484,10.8236],[76.8547,10.8306],[76.8564,10.8346],[76.8539,10.84],[76.8499,10.8457],[76.8453,10.8508],[76.8388,10.8552],[76.8357,10.8585],[76.832,10.867],[76.8286,10.8698],[76.8019,10.8789],[76.7962,10.8794],[76.7922,10.8819],[76.7886,10.8869],[76.7839,10.8896],[76.7775,10.8897],[76.7728,10.8877],[76.7599,10.8927],[76.7547,10.8928],[76.7502,10.8923],[76.7434,10.8888],[76.7415,10.8919],[76.7386,10.8946],[76.7335,10.8955],[76.7291,10.8976],[76.7221,10.9034],[76.711,10.9086],[76.7036,10.91],[76.6951,10.9102],[76.6853,10.9141],[76.6632,10.9276],[76.6595,10.9318],[76.6577,10.9366],[76.6659,10.9419],[76.6676,10.9463],[76.6653,10.9499],[76.6697,10.9582],[76.6708,10.9681],[76.6881,10.9874],[76.689,10.9938],[76.6911,11.0004],[76.6901,11.0071],[76.7007,11.0252],[76.7091,11.0304],[76.7168,11.0391],[76.7224,11.0402],[76.7428,11.0368],[76.7545,11.0337],[76.7675,11.0325],[76.7924,11.0369],[76.7974,11.0402],[76.803,11.0503],[76.804,11.055],[76.8005,11.0576],[76.786,11.0422],[76.7777,11.0401],[76.7728,11.0422],[76.7652,11.0471],[76.7615,11.0546],[76.7569,11.0548],[76.7506,11.0535],[76.7475,11.0553],[76.7464,11.0623],[76.7448,11.0661],[76.7448,11.0717],[76.7568,11.0787],[76.7584,11.083],[76.7566,11.0867],[76.756,11.0918],[76.753,11.0938],[76.7489,11.0918],[76.7444,11.1012],[76.7452,11.1069],[76.7496,11.1114],[76.7508,11.1177],[76.7491,11.1227],[76.7489,11.1291],[76.7451,11.1329],[76.7395,11.1332],[76.7324,11.1303],[76.7255,11.1362],[76.7228,11.1406],[76.7199,11.148],[76.713,11.1495],[76.7127,11.1464],[76.7156,11.1439],[76.7137,11.1397],[76.7102,11.1392],[76.7067,11.1404],[76.7051,11.1479],[76.7012,11.1522],[76.696,11.1654],[76.699,11.1728],[76.7034,11.1744],[76.7067,11.1796],[76.7113,11.1823],[76.7164,11.1874],[76.7237,11.1858],[76.7312,11.1923],[76.7279,11.2002],[76.7279,11.2061],[76.7365,11.2142],[76.7355,11.2167],[76.7326,11.2159],[76.7305,11.2194],[76.7203,11.226],[76.7068,11.239],[76.7026,11.241],[76.7015,11.2549],[76.71,11.2619],[76.7131,11.2574],[76.7335,11.2445],[76.7394,11.2447],[76.7419,11.2489],[76.7468,11.2519],[76.7522,11.252],[76.759,11.2577],[76.7686,11.2611],[76.77,11.2707],[76.7694,11.2764],[76.7667,11.2831],[76.7686,11.2856],[76.7733,11.2876],[76.7787,11.2855],[76.785,11.2795],[76.7897,11.2769],[76.793,11.2802],[76.7995,11.2912],[76.81,11.295],[76.8149,11.2931],[76.8177,11.2896],[76.8255,11.2894],[76.8317,11.2904],[76.8432,11.2863],[76.847,11.292],[76.8512,11.2934],[76.8559,11.2918],[76.858,11.2956],[76.8582,11.2998],[76.8613,11.3027],[76.8628,11.3058],[76.862,11.3087],[76.8582,11.3123],[76.8578,11.3156],[76.8605,11.3189],[76.8555,11.329],[76.8516,11.333],[76.8512,11.3384],[76.8539,11.3378],[76.8566,11.339],[76.8568,11.344],[76.8662,11.3459],[76.8674,11.3494],[76.8695,11.3487],[76.8726,11.3521],[76.8761,11.353],[76.8796,11.3566],[76.8875,11.3485],[76.889,11.3514],[76.8898,11.3557],[76.8919,11.3582],[76.8922,11.3646],[76.903,11.3593],[76.9032,11.3492],[76.9087,11.3475],[76.9105,11.3502],[76.9148,11.3495],[76.9178,11.3533],[76.9214,11.353],[76.9221,11.3596],[76.927,11.3568],[76.9343,11.3586],[76.949,11.3602],[76.9525,11.3617],[76.954,11.3666],[76.9495,11.3666],[76.9417,11.3651],[76.938,11.3654],[76.9372,11.3695],[76.9334,11.3706],[76.9339,11.3743],[76.9367,11.3754],[76.9388,11.3736],[76.9443,11.3745],[76.948,11.3714],[76.9514,11.3748],[76.9594,11.3776],[76.9642,11.3827],[76.9741,11.3844],[76.9783,11.38],[76.981,11.3783],[76.9845,11.381],[76.9892,11.3782],[76.995,11.3732],[77.0001,11.3716],[77.0061,11.3684],[77.0157,11.3673],[77.0212,11.3685],[77.0257,11.3711],[77.024,11.3811],[77.0225,11.3852],[77.0257,11.3861],[77.0276,11.3845],[77.0322,11.3831],[77.0354,11.3911],[77.0437,11.3959],[77.0485,11.4005],[77.0541,11.3985],[77.0598,11.4024],[77.0617,11.4003],[77.0641,11.4],[77.0676,11.4013],[77.0694,11.3986],[77.069,11.3815],[77.0762,11.3874],[77.0806,11.3856],[77.0901,11.3918],[77.0882,11.3958],[77.0913,11.3986],[77.0913,11.4017],[77.0985,11.4048],[77.1089,11.4054],[77.1089,11.395],[77.1107,11.3899]]]},"properties":{"district_name":"Coimbatore","raw_district_name":"Coimbatore","state_code":"TN","state_name":"Tamil Nadu","census_code":632,"data_source":"DataMeet India Maps (Census 2011 Boundaries)"}},{"type":"Feature","geometry":{"type":"MultiPolygon","coordinates":[[[[79.6955,11.8849],[79.6955,11.8849],[79.6967,11.887],[79.6971,11.8877],[79.6971,11.8877],[79.6971,11.8877],[79.7056,11.8884],[79.7108,11.8877],[79.7108,11.8877],[79.7108,11.8877],[79.7102,11.8822],[79.7102,11.8822],[79.7099,11.8796],[79.7094,11.8756],[79.7086,11.8682],[79.7086,11.8682],[79.7128,11.8668],[79.719,11.8527],[79.7219,11.8615],[79.7219,11.8615],[79.7332,11.862],[79.7332,11.862],[79.7333,11.8625],[79.7334,11.8628],[79.7334,11.8628],[79.7455,11.8613],[79.743,11.8468],[79.7536,11.8495],[79.7546,11.8643],[79.7586,11.8681],[79.7586,11.8681],[79.7588,11.8742],[79.7588,11.8742],[79.765,11.875],[79.7662,11.8734],[79.7701,11.8723],[79.7701,11.8723],[79.7709,11.865],[79.7709,11.865],[79.7709,11.865],[79.7692,11.8567],[79.7668,11.8562],[79.7668,11.8562],[79.7668,11.8562],[79.7655,11.8505],[79.7655,11.8505],[79.7639,11.8503],[79.7625,11.8472],[79.7625,11.8472],[79.7625,11.8472],[79.7674,11.839],[79.7674,11.839],[79.7734,11.8366],[79.7745,11.8371],[79.7757,11.8376],[79.7734,11.8366],[79.7757,11.8376],[79.7757,11.8376],[79.7788,11.8471],[79.7807,11.8479],[79.7807,11.8479],[79.7807,11.8479],[79.7807,11.8479],[79.7824,11.855],[79.7937,11.8534],[79.797,11.8548],[79.8014,11.853],[79.8014,11.853],[79.8016,11.8527],[79.8032,11.8497],[79.8063,11.8464],[79.8093,11.8448],[79.807,11.8416],[79.807,11.8416],[79.807,11.8416],[79.8081,11.8341],[79.8076,11.8321],[79.8058,11.8313],[79.8031,11.8328],[79.8012,11.8339],[79.7999,11.8366],[79.7995,11.8375],[79.7991,11.8374],[79.7984,11.8371],[79.7984,11.8371],[79.7984,11.8371],[79.798,11.8341],[79.798,11.8341],[79.7961,11.8336],[79.7934,11.8329],[79.7934,11.8329],[79.7934,11.8329],[79.7935,11.8325],[79.7937,11.8319],[79.7959,11.8318],[79.8008,11.83],[79.8019,11.829],[79.797,11.8231],[79.7964,11.8272],[79.7964,11.8272],[79.7964,11.8272],[79.7964,11.8272],[79.7964,11.8272],[79.7957,11.8278],[79.794,11.8262],[79.7927,11.8261],[79.7891,11.8279],[79.7854,11.8311],[79.7823,11.8321],[79.7803,11.8318],[79.7742,11.8256],[79.7742,11.8256],[79.7742,11.8256],[79.7735,11.822],[79.7735,11.822],[79.7714,11.8222],[79.7645,11.8228],[79.7645,11.8312],[79.7645,11.8312],[79.7634,11.8325],[79.7549,11.8375],[79.7387,11.8428],[79.7387,11.8428],[79.7387,11.8428],[79.7388,11.8393],[79.7342,11.8396],[79.7309,11.8381],[79.7302,11.8378],[79.7301,11.8377],[79.7293,11.8367],[79.7293,11.8367],[79.7293,11.8367],[79.7327,11.8333],[79.7316,11.8242],[79.7316,11.8242],[79.7316,11.8242],[79.7329,11.8225],[79.7334,11.8219],[79.733,11.8131],[79.733,11.8131],[79.733,11.8131],[79.733,11.8131],[79.733,11.8131],[79.7338,11.8121],[79.7365,11.8086],[79.7334,11.8082],[79.7286,11.8087],[79.7267,11.8089],[79.7267,11.8089],[79.7267,11.8089],[79.7252,11.8051],[79.7252,11.8051],[79.7252,11.8051],[79.7252,11.8051],[79.7252,11.8051],[79.7258,11.8021],[79.7237,11.8017],[79.7232,11.8016],[79.7232,11.8016],[79.7232,11.8016],[79.7232,11.8016],[79.7235,11.7985],[79.7229,11.7966],[79.7199,11.7962],[79.7184,11.796],[79.7139,11.7938],[79.7139,11.7938],[79.7139,11.7938],[79.7125,11.7893],[79.7125,11.7893],[79.7125,11.7893],[79.7125,11.7893],[79.7209,11.7841],[79.7228,11.7856],[79.7245,11.7826],[79.7286,11.7807],[79.7418,11.7788],[79.7551,11.7742],[79.7551,11.7742],[79.7551,11.7742],[79.7569,11.7778],[79.7569,11.7778],[79.7578,11.7825],[79.7622,11.7895],[79.7634,11.7904],[79.7699,11.7904],[79.7699,11.7904],[79.7707,11.7868],[79.7701,11.7813],[79.7701,11.7813],[79.7701,11.7813],[79.7743,11.7813],[79.7809,11.78],[79.7809,11.78],[79.7811,11.7822],[79.7811,11.7822],[79.7837,11.784],[79.7837,11.784],[79.7837,11.784],[79.784,11.7872],[79.784,11.7872],[79.7951,11.7849],[79.7951,11.7849],[79.7951,11.7849],[79.7951,11.7849],[79.7941,11.7801],[79.7942,11.7737],[79.7931,11.7578],[79.7931,11.7564],[79.7901,11.7471],[79.7864,11.7393],[79.786,11.7389],[79.7848,11.7382],[79.7842,11.7384],[79.7816,11.7382],[79.7808,11.7396],[79.7798,11.7389],[79.7765,11.7411],[79.7703,11.7453],[79.7689,11.7458],[79.767,11.7445],[79.7671,11.7419],[79.7676,11.7411],[79.7685,11.7404],[79.7711,11.7366],[79.7763,11.733],[79.7765,11.7324],[79.7809,11.7302],[79.7827,11.7297],[79.785,11.7304],[79.7856,11.7293],[79.7852,11.7261],[79.7848,11.725],[79.7839,11.7218],[79.7818,11.7152],[79.778,11.7043],[79.7763,11.6992],[79.772,11.6792],[79.7698,11.6737],[79.7675,11.6619],[79.7667,11.656],[79.7649,11.6473],[79.7634,11.637],[79.7615,11.6287],[79.7593,11.6126],[79.759,11.6028],[79.7585,11.5781],[79.7592,11.5658],[79.7593,11.5636],[79.7597,11.5611],[79.7608,11.5566],[79.7632,11.5375],[79.7652,11.5292],[79.7674,11.5229],[79.7704,11.5197],[79.7706,11.5188],[79.7713,11.5184],[79.7732,11.5143],[79.776,11.5121],[79.7767,11.5098],[79.7772,11.5096],[79.7777,11.5094],[79.7789,11.5058],[79.7828,11.4959],[79.7833,11.4957],[79.7844,11.4927],[79.7906,11.476],[79.7929,11.474],[79.7959,11.4677],[79.7974,11.4657],[79.7994,11.4612],[79.8014,11.4583],[79.8022,11.4567],[79.8027,11.4565],[79.8035,11.4545],[79.8041,11.454],[79.8062,11.4483],[79.8076,11.4466],[79.808,11.4464],[79.8104,11.4394],[79.8137,11.423],[79.8142,11.4206],[79.81,11.4096],[79.8075,11.3908],[79.8051,11.3824],[79.8023,11.3785],[79.7967,11.3737],[79.7906,11.3712],[79.7847,11.3724],[79.7785,11.3771],[79.7702,11.3817],[79.7654,11.3802],[79.7617,11.377],[79.7587,11.3719],[79.7611,11.3562],[79.7605,11.3512],[79.7341,11.3494],[79.7289,11.3474],[79.7203,11.342],[79.6977,11.3211],[79.6766,11.3055],[79.6701,11.3045],[79.6633,11.3046],[79.6571,11.3024],[79.6525,11.2997],[79.6463,11.2925],[79.6437,11.2827],[79.646,11.27],[79.6491,11.2607],[79.6497,11.2549],[79.6491,11.2498],[79.6435,11.2466],[79.6381,11.2455],[79.6326,11.2456],[79.6221,11.2545],[79.6186,11.2545],[79.6128,11.2498],[79.6111,11.236],[79.6065,11.2249],[79.599,11.2174],[79.5911,11.2138],[79.5719,11.2083],[79.5549,11.2006],[79.5341,11.1883],[79.533,11.1875],[79.5252,11.182],[79.5252,11.182],[79.5114,11.1766],[79.5015,11.1742],[79.4822,11.1618],[79.4727,11.158],[79.4655,11.1531],[79.4599,11.1493],[79.4614,11.1543],[79.4614,11.1543],[79.4629,11.1588],[79.4658,11.1633],[79.4673,11.1692],[79.474,11.1731],[79.4779,11.1739],[79.4825,11.1731],[79.5054,11.2032],[79.5098,11.2214],[79.5139,11.2263],[79.5077,11.232],[79.5072,11.2363],[79.5036,11.2388],[79.5019,11.2424],[79.4962,11.248],[79.4978,11.2571],[79.5045,11.2572],[79.5041,11.2717],[79.503,11.2721],[79.5015,11.2751],[79.5017,11.2897],[79.4996,11.293],[79.4995,11.297],[79.4988,11.3036],[79.5011,11.311],[79.5004,11.3125],[79.4975,11.3138],[79.4887,11.3156],[79.4826,11.3139],[79.4766,11.3133],[79.4731,11.3171],[79.4654,11.3179],[79.4651,11.3198],[79.4626,11.3205],[79.461,11.3261],[79.4593,11.3253],[79.4574,11.3273],[79.4573,11.3251],[79.4562,11.3252],[79.4563,11.3272],[79.4548,11.3278],[79.4535,11.3311],[79.4521,11.3327],[79.4509,11.3324],[79.4505,11.334],[79.4484,11.3346],[79.4476,11.3321],[79.4387,11.3333],[79.4369,11.34],[79.4348,11.3403],[79.4346,11.3414],[79.4324,11.342],[79.4331,11.3451],[79.4343,11.3461],[79.4337,11.3477],[79.4378,11.3485],[79.4382,11.3566],[79.4296,11.3569],[79.4286,11.3619],[79.4266,11.3651],[79.4263,11.3615],[79.4231,11.3609],[79.4151,11.3619],[79.4139,11.3646],[79.4114,11.3674],[79.4061,11.3545],[79.4057,11.3555],[79.4015,11.351],[79.3988,11.3535],[79.395,11.3547],[79.3945,11.3662],[79.3909,11.367],[79.392,11.3713],[79.395,11.3766],[79.3923,11.3787],[79.3929,11.3878],[79.3904,11.3892],[79.3921,11.3917],[79.3922,11.399],[79.3954,11.3992],[79.3945,11.403],[79.3897,11.4035],[79.389,11.4057],[79.3862,11.4074],[79.3865,11.4089],[79.3821,11.4108],[79.3806,11.4044],[79.3786,11.4038],[79.379,11.402],[79.379,11.402],[79.3801,11.4024],[79.3803,11.4006],[79.3835,11.4007],[79.3839,11.4023],[79.3855,11.4023],[79.3856,11.4007],[79.3849,11.401],[79.3852,11.3972],[79.3837,11.397],[79.3834,11.3981],[79.3742,11.3987],[79.3739,11.403],[79.3756,11.4036],[79.3753,11.405],[79.3783,11.4053],[79.3788,11.4109],[79.3754,11.414],[79.3742,11.4161],[79.37,11.4192],[79.366,11.4189],[79.3592,11.4186],[79.3564,11.4193],[79.3465,11.4159],[79.339,11.4183],[79.3349,11.419],[79.3247,11.4175],[79.3223,11.4197],[79.3143,11.4182],[79.3143,11.4163],[79.3098,11.4157],[79.3013,11.4122],[79.2948,11.4121],[79.2927,11.4052],[79.2931,11.3985],[79.2957,11.3886],[79.2988,11.3808],[79.2872,11.3801],[79.2827,11.3821],[79.2821,11.3808],[79.2787,11.3798],[79.2762,11.382],[79.2755,11.3863],[79.2755,11.3863],[79.2681,11.386],[79.2613,11.3887],[79.2593,11.3884],[79.2593,11.3884],[79.258,11.3877],[79.2565,11.3851],[79.2539,11.3763],[79.2509,11.3727],[79.2448,11.3696],[79.2411,11.3717],[79.2406,11.3744],[79.241,11.3813],[79.238,11.39],[79.234,11.3919],[79.2298,11.3918],[79.2167,11.388],[79.2096,11.3835],[79.2032,11.3825],[79.1983,11.3802],[79.1935,11.3794],[79.1884,11.3771],[79.1809,11.3738],[79.1769,11.3734],[79.1699,11.3775],[79.1687,11.3782],[79.1636,11.3808],[79.1584,11.3811],[79.1497,11.3834],[79.1462,11.3835],[79.1246,11.3965],[79.1081,11.4011],[79.1017,11.4001],[79.0944,11.3975],[79.0817,11.3968],[79.0724,11.4009],[79.0608,11.4023],[79.0557,11.4014],[79.0524,11.4016],[79.0436,11.3985],[79.0385,11.3949],[79.0343,11.3931],[79.0158,11.3963],[79.0107,11.3992],[79,11.4031],[78.9935,11.4043],[78.9837,11.3989],[78.9707,11.402],[78.9651,11.4011],[78.9619,11.4028],[78.9587,11.4056],[78.9584,11.4103],[78.9545,11.4114],[78.9499,11.4145],[78.9471,11.4178],[78.9458,11.4218],[78.9405,11.4297],[78.928,11.4405],[78.9252,11.4488],[78.9202,11.4509],[78.9183,11.4537],[78.9169,11.4581],[78.9103,11.4611],[78.9088,11.4657],[78.9088,11.4704],[78.9056,11.4741],[78.8901,11.4849],[78.8896,11.4888],[78.8835,11.4929],[78.8827,11.4947],[78.88,11.5003],[78.8794,11.501],[78.8758,11.505],[78.8774,11.5048],[78.9051,11.5023],[78.9081,11.5123],[78.913,11.5227],[78.9165,11.5252],[78.9179,11.5291],[78.9148,11.5313],[78.9195,11.5469],[78.9235,11.5646],[78.9303,11.5651],[78.9357,11.5645],[78.9451,11.5698],[78.9496,11.5706],[78.9621,11.5709],[78.9746,11.5742],[78.9749,11.5693],[78.9917,11.571],[78.9941,11.5749],[79,11.5732],[79.007,11.5762],[79.0088,11.5816],[79.0117,11.5817],[79.0151,11.5832],[79.0184,11.5916],[79.0158,11.5966],[79.0144,11.5985],[79.0142,11.6023],[79.0181,11.6044],[79.0245,11.6033],[79.0314,11.6012],[79.0375,11.5985],[79.0444,11.5974],[79.0477,11.5976],[79.05,11.5948],[79.0455,11.5884],[79.0492,11.5863],[79.0551,11.5857],[79.058,11.5882],[79.0589,11.5908],[79.0671,11.5928],[79.0678,11.5959],[79.0751,11.5975],[79.0786,11.5974],[79.0784,11.6068],[79.0746,11.6074],[79.0718,11.6096],[79.0716,11.6173],[79.0716,11.6173],[79.0704,11.6231],[79.0704,11.6294],[79.0806,11.6287],[79.0827,11.6314],[79.0859,11.6327],[79.0869,11.6298],[79.0884,11.6285],[79.097,11.621],[79.1019,11.6132],[79.1042,11.6116],[79.1057,11.6133],[79.1085,11.6141],[79.1147,11.6135],[79.1165,11.6116],[79.1168,11.6061],[79.1205,11.6058],[79.1173,11.5981],[79.1246,11.5992],[79.1274,11.5963],[79.1319,11.5961],[79.1366,11.5906],[79.1406,11.5882],[79.1463,11.5881],[79.149,11.5899],[79.15,11.5923],[79.1542,11.5973],[79.1639,11.5954],[79.1693,11.5925],[79.1805,11.5867],[79.1849,11.5858],[79.1939,11.5948],[79.1941,11.6013],[79.2003,11.6113],[79.2041,11.611],[79.2044,11.6143],[79.2106,11.6183],[79.2125,11.6211],[79.2123,11.6225],[79.2112,11.6276],[79.2113,11.6341],[79.2168,11.6384],[79.2227,11.6385],[79.224,11.6343],[79.2266,11.6313],[79.2314,11.629],[79.2359,11.6274],[79.2394,11.64],[79.2491,11.6465],[79.2499,11.6501],[79.2533,11.6508],[79.2583,11.6496],[79.2634,11.6473],[79.2716,11.642],[79.2716,11.6456],[79.2746,11.6462],[79.2791,11.6455],[79.2861,11.648],[79.2898,11.6478],[79.2938,11.6451],[79.2971,11.6419],[79.2973,11.6343],[79.3108,11.6331],[79.3121,11.6401],[79.3135,11.6428],[79.3172,11.6415],[79.3205,11.6441],[79.3215,11.6475],[79.3293,11.65],[79.3327,11.6587],[79.337,11.6603],[79.3435,11.6596],[79.3459,11.6581],[79.3514,11.6573],[79.3632,11.6598],[79.3613,11.6661],[79.3613,11.6706],[79.3829,11.6787],[79.3946,11.6785],[79.3955,11.675],[79.4203,11.6685],[79.4224,11.6643],[79.4297,11.666],[79.4333,11.6627],[79.4368,11.6647],[79.4397,11.6652],[79.4451,11.664],[79.4436,11.6741],[79.4433,11.6848],[79.442,11.6903],[79.4404,11.6917],[79.4386,11.6933],[79.436,11.698],[79.4355,11.7028],[79.4371,11.7129],[79.4362,11.7211],[79.4292,11.7303],[79.433,11.7328],[79.4374,11.7334],[79.4411,11.733],[79.4464,11.7312],[79.4538,11.7335],[79.4606,11.7385],[79.4634,11.743],[79.4645,11.7483],[79.4637,11.7523],[79.4633,11.7598],[79.4636,11.7631],[79.4661,11.7669],[79.463,11.7684],[79.4547,11.7683],[79.452,11.7666],[79.4513,11.7631],[79.4499,11.7617],[79.4468,11.7615],[79.4412,11.7632],[79.4429,11.767],[79.4349,11.767],[79.4358,11.7737],[79.4315,11.7759],[79.4335,11.7817],[79.4365,11.7812],[79.4385,11.7863],[79.4432,11.8078],[79.4614,11.8076],[79.4644,11.8067],[79.4654,11.7989],[79.4731,11.7979],[79.4745,11.8039],[79.4845,11.807],[79.4841,11.8082],[79.4837,11.8097],[79.4828,11.8129],[79.4814,11.8153],[79.4782,11.821],[79.4823,11.8291],[79.4809,11.8324],[79.4787,11.835],[79.4762,11.8354],[79.47,11.8323],[79.4712,11.8379],[79.4697,11.8427],[79.4719,11.8444],[79.4709,11.8468],[79.4582,11.845],[79.4559,11.8456],[79.4532,11.8475],[79.4528,11.8515],[79.4513,11.8546],[79.454,11.8634],[79.4561,11.8659],[79.4557,11.87],[79.4644,11.8702],[79.4761,11.8686],[79.4923,11.8638],[79.4984,11.8618],[79.5153,11.8553],[79.5219,11.8568],[79.5271,11.8558],[79.5384,11.8511],[79.5433,11.8478],[79.563,11.8401],[79.568,11.8382],[79.5728,11.8377],[79.5811,11.8405],[79.5872,11.8409],[79.593,11.8391],[79.5993,11.8336],[79.6047,11.8292],[79.6083,11.8269],[79.616,11.8242],[79.6192,11.8217],[79.6364,11.7999],[79.6428,11.7977],[79.647,11.7976],[79.6546,11.8017],[79.6617,11.8085],[79.665,11.8097],[79.6687,11.8095],[79.6754,11.8063],[79.6757,11.8015],[79.6905,11.8027],[79.6905,11.8027],[79.6906,11.8075],[79.6883,11.8118],[79.6834,11.8122],[79.6866,11.8207],[79.6906,11.8196],[79.6895,11.828],[79.6858,11.8279],[79.6856,11.8324],[79.7027,11.8312],[79.6988,11.8396],[79.6958,11.8432],[79.6954,11.8594],[79.6918,11.862],[79.69,11.8669],[79.69,11.8799],[79.69,11.8816],[79.6894,11.8825],[79.6882,11.8842],[79.689,11.8842],[79.689,11.8842],[79.6935,11.8839],[79.6948,11.8846],[79.6955,11.8849],[79.6937,11.884],[79.6935,11.8839],[79.6955,11.8849],[79.6955,11.8849]],[[79.6939,11.8211],[79.6933,11.8127],[79.6933,11.8127],[79.704,11.8121],[79.704,11.8121],[79.704,11.8121],[79.7017,11.8202],[79.6939,11.8211]]],[[[79.7711,11.9009],[79.7744,11.9034],[79.7815,11.9018],[79.7839,11.8984],[79.79,11.8954],[79.79,11.8954],[79.7976,11.8975],[79.7978,11.8935],[79.7965,11.8896],[79.7897,11.8758],[79.7875,11.8699],[79.7845,11.862],[79.78,11.8623],[79.7795,11.8624],[79.7784,11.8661],[79.7797,11.8683],[79.7807,11.8732],[79.7803,11.8756],[79.7799,11.8779],[79.7799,11.8779],[79.7797,11.878],[79.7785,11.8782],[79.7771,11.8776],[79.7736,11.8762],[79.7739,11.8826],[79.7718,11.8829],[79.7725,11.8867],[79.7706,11.894],[79.7724,11.899],[79.7711,11.9009]]]]},"properties":{"district_name":"Cuddalore","raw_district_name":"Cuddalore","state_code":"TN","state_name":"Tamil Nadu","census_code":617,"data_source":"DataMeet India Maps (Census 2011 Boundaries)"}},{"type":"Feature","geometry":{"type":"Polygon","coordinates":[[[78.6354,12.1752],[78.6494,12.1615],[78.6494,12.1574],[78.6447,12.149],[78.6397,12.1466],[78.6364,12.1432],[78.6332,12.1293],[78.6356,12.127],[78.6521,12.1278],[78.6547,12.1268],[78.6593,12.1234],[78.6603,12.1201],[78.6666,12.1127],[78.6639,12.1024],[78.6726,12.1032],[78.6859,12.1059],[78.6878,12.1068],[78.6917,12.1132],[78.7021,12.1157],[78.7057,12.1189],[78.7278,12.1274],[78.7406,12.1339],[78.7449,12.1268],[78.7473,12.1253],[78.7421,12.1178],[78.7382,12.1149],[78.7366,12.1128],[78.7379,12.1099],[78.7303,12.0997],[78.7289,12.0965],[78.7294,12.0938],[78.7263,12.0912],[78.7253,12.0824],[78.7226,12.0718],[78.7194,12.0621],[78.7103,12.0428],[78.7069,12.0318],[78.7056,12.0266],[78.7046,12.0163],[78.7018,12.0096],[78.7006,12.0003],[78.7042,11.9956],[78.6985,11.9883],[78.701,11.9835],[78.7043,11.9807],[78.7116,11.9796],[78.7175,11.9798],[78.7114,11.9601],[78.7125,11.9457],[78.707,11.9434],[78.7073,11.9397],[78.7054,11.9338],[78.7124,11.9256],[78.7149,11.9266],[78.7205,11.9208],[78.7245,11.9153],[78.7221,11.9117],[78.7131,11.9028],[78.7086,11.8965],[78.7064,11.8904],[78.7039,11.8896],[78.6956,11.8893],[78.693,11.89],[78.69,11.8934],[78.6883,11.8979],[78.6824,11.8967],[78.6713,11.8907],[78.6657,11.8906],[78.6594,11.8881],[78.656,11.8843],[78.6553,11.8789],[78.6414,11.8818],[78.6364,11.8838],[78.6341,11.8812],[78.6365,11.8746],[78.6356,11.8713],[78.6331,11.8684],[78.6293,11.8671],[78.627,11.8635],[78.6085,11.8457],[78.6026,11.8307],[78.6048,11.8281],[78.5961,11.8186],[78.5883,11.8153],[78.5754,11.8148],[78.5623,11.8072],[78.5425,11.8004],[78.5388,11.8029],[78.5333,11.8046],[78.5284,11.8081],[78.5232,11.8096],[78.5128,11.8067],[78.507,11.8086],[78.5023,11.8081],[78.4966,11.8119],[78.4914,11.8141],[78.4851,11.8144],[78.4772,11.8125],[78.4747,11.8159],[78.4659,11.8206],[78.4607,11.823],[78.4542,11.8239],[78.442,11.8371],[78.4384,11.8446],[78.4343,11.8589],[78.4409,11.8647],[78.4376,11.8681],[78.429,11.8705],[78.4236,11.8741],[78.417,11.8757],[78.4089,11.8724],[78.4061,11.8725],[78.4037,11.8699],[78.402,11.8614],[78.3967,11.8563],[78.389,11.8425],[78.3816,11.8238],[78.3761,11.8163],[78.3555,11.7925],[78.3441,11.7861],[78.3292,11.7719],[78.314,11.7792],[78.3185,11.7843],[78.3303,11.7954],[78.3438,11.8186],[78.3512,11.8336],[78.3491,11.8335],[78.3487,11.837],[78.3529,11.8398],[78.3527,11.8421],[78.3501,11.8423],[78.3493,11.8443],[78.3518,11.8467],[78.3563,11.8597],[78.3615,11.8636],[78.3678,11.8765],[78.3681,11.8811],[78.3664,11.8874],[78.3581,11.8859],[78.3546,11.8885],[78.36,11.898],[78.3604,11.9037],[78.3579,11.9082],[78.354,11.9059],[78.3415,11.8922],[78.3368,11.8956],[78.3334,11.8937],[78.328,11.889],[78.3106,11.8764],[78.3088,11.8776],[78.3116,11.8825],[78.3271,11.8955],[78.3245,11.8991],[78.3258,11.9049],[78.3284,11.9095],[78.3313,11.9128],[78.3301,11.9207],[78.3275,11.925],[78.3236,11.9235],[78.3212,11.9271],[78.3178,11.9255],[78.3139,11.9222],[78.3112,11.9183],[78.3058,11.9176],[78.3005,11.9158],[78.2993,11.9122],[78.2933,11.9086],[78.294,11.9017],[78.2927,11.9004],[78.2899,11.9005],[78.2869,11.8991],[78.2822,11.8948],[78.276,11.8954],[78.2751,11.8939],[78.2725,11.8934],[78.2735,11.8975],[78.2764,11.9033],[78.281,11.9105],[78.2823,11.9144],[78.2824,11.9192],[78.2871,11.919],[78.2908,11.9204],[78.2935,11.9248],[78.2929,11.9271],[78.2869,11.9251],[78.2842,11.9279],[78.2793,11.9277],[78.2689,11.9154],[78.263,11.9098],[78.2625,11.9133],[78.264,11.9177],[78.2682,11.9217],[78.269,11.9243],[78.2727,11.9291],[78.2732,11.9343],[78.2668,11.9354],[78.2563,11.935],[78.253,11.926],[78.2462,11.9213],[78.2391,11.9123],[78.2392,11.9177],[78.2406,11.921],[78.25,11.9317],[78.252,11.9397],[78.2527,11.9467],[78.2509,11.9524],[78.2471,11.9576],[78.2445,11.9646],[78.2353,11.975],[78.2233,11.9718],[78.2002,11.9693],[78.1847,11.9645],[78.1777,11.9661],[78.1734,11.9626],[78.1554,11.9629],[78.1495,11.9617],[78.146,11.9625],[78.1415,11.9612],[78.1367,11.9586],[78.1339,11.9595],[78.1237,11.9522],[78.1199,11.9535],[78.1107,11.9507],[78.1055,11.9499],[78.0991,11.9476],[78.0983,11.9446],[78.0947,11.9446],[78.0825,11.9385],[78.081,11.9351],[78.078,11.9352],[78.0741,11.9332],[78.0707,11.9326],[78.0616,11.9349],[78.0523,11.9337],[78.0497,11.9314],[78.0426,11.9302],[78.0364,11.9278],[78.0287,11.915],[78.0264,11.9138],[78.0202,11.9165],[78.015,11.9166],[78.0116,11.9155],[78.0071,11.9103],[78.0031,11.9112],[77.9999,11.907],[77.9909,11.9026],[77.9738,11.8925],[77.9698,11.8932],[77.9601,11.8977],[77.9428,11.8939],[77.9367,11.8974],[77.9207,11.8981],[77.9054,11.8998],[77.8994,11.9019],[77.893,11.9074],[77.8898,11.9061],[77.8876,11.9061],[77.8851,11.9092],[77.8737,11.9094],[77.8704,11.9122],[77.8665,11.913],[77.8626,11.9114],[77.8607,11.9069],[77.8578,11.9048],[77.8522,11.9036],[77.8468,11.893],[77.8333,11.9006],[77.8095,11.9081],[77.7982,11.9096],[77.7931,11.911],[77.778,11.9121],[77.7624,11.9114],[77.7594,11.9169],[77.7531,11.9223],[77.7504,11.9261],[77.7466,11.9252],[77.7443,11.9269],[77.7397,11.9322],[77.7382,11.9369],[77.716,11.9382],[77.7005,11.9404],[77.6931,11.9393],[77.687,11.9421],[77.6822,11.9458],[77.6759,11.9492],[77.6749,11.9625],[77.6783,11.9684],[77.6884,11.9938],[77.6922,12.0007],[77.6923,12.0007],[77.7006,12.0195],[77.7053,12.0247],[77.7127,12.0367],[77.7184,12.0428],[77.7238,12.0509],[77.7268,12.058],[77.7315,12.0629],[77.7451,12.0698],[77.7573,12.0789],[77.7617,12.0901],[77.7675,12.1016],[77.7694,12.104],[77.774,12.1071],[77.7776,12.1106],[77.7796,12.1152],[77.7782,12.1188],[77.7639,12.1275],[77.7584,12.1319],[77.7553,12.1362],[77.7513,12.1388],[77.7515,12.1521],[77.7512,12.1532],[77.7559,12.1624],[77.7678,12.1656],[77.7829,12.157],[77.7934,12.1542],[77.7961,12.1704],[77.8063,12.1897],[77.8191,12.2281],[77.8441,12.255],[77.8636,12.2567],[77.8649,12.2656],[77.8722,12.2804],[77.8718,12.301],[77.876,12.3216],[77.8879,12.3277],[77.8984,12.3249],[77.9208,12.3267],[77.9402,12.3314],[77.9505,12.3418],[77.9501,12.3668],[77.9633,12.3891],[77.9735,12.4069],[77.9536,12.4375],[77.9399,12.4491],[77.9263,12.4621],[77.9261,12.4724],[77.9124,12.4884],[77.9018,12.4986],[77.9032,12.5045],[77.9196,12.5062],[77.9315,12.5137],[77.945,12.5124],[77.9483,12.4904],[77.9603,12.4906],[77.9707,12.4951],[77.9811,12.5012],[77.9915,12.5057],[78.0081,12.4957],[78.0159,12.4796],[78.0207,12.4561],[78.0446,12.4564],[78.052,12.4639],[78.0701,12.4568],[78.0957,12.4483],[78.1182,12.4427],[78.1305,12.4223],[78.1323,12.3943],[78.1446,12.3709],[78.1627,12.3653],[78.1689,12.3477],[78.1855,12.3317],[78.214,12.3321],[78.2348,12.3397],[78.2424,12.3295],[78.2322,12.3132],[78.2382,12.3059],[78.2548,12.2958],[78.2594,12.2885],[78.2611,12.2724],[78.2762,12.2593],[78.3015,12.267],[78.3345,12.2615],[78.3526,12.2455],[78.3573,12.2309],[78.3619,12.2206],[78.3798,12.2253],[78.3962,12.2269],[78.4023,12.2167],[78.3845,12.2077],[78.3787,12.1929],[78.3862,12.1886],[78.3996,12.1872],[78.4206,12.1875],[78.4415,12.1877],[78.4595,12.1776],[78.4745,12.1734],[78.4688,12.1468],[78.5032,12.1428],[78.5062,12.1487],[78.515,12.1635],[78.5223,12.1724],[78.5446,12.1859],[78.5581,12.186],[78.57,12.1861],[78.5761,12.1788],[78.5807,12.1671],[78.5867,12.1628],[78.5971,12.1702],[78.6105,12.1777],[78.6254,12.1778],[78.6354,12.1752]]]},"properties":{"district_name":"Dharmapuri","raw_district_name":"Dharmapuri","state_code":"TN","state_name":"Tamil Nadu","census_code":630,"data_source":"DataMeet India Maps (Census 2011 Boundaries)"}},{"type":"Feature","geometry":{"type":"Polygon","coordinates":[[[78.1978,10.5469],[78.198,10.5467],[78.1922,10.5413],[78.1825,10.5209],[78.1774,10.513],[78.1718,10.5018],[78.1808,10.5014],[78.1906,10.4964],[78.199,10.4887],[78.203,10.4836],[78.2002,10.4817],[78.2038,10.4784],[78.2079,10.472],[78.217,10.4689],[78.2242,10.4629],[78.2351,10.4683],[78.2505,10.4625],[78.2552,10.4584],[78.2661,10.4571],[78.281,10.4519],[78.2968,10.449],[78.3069,10.4419],[78.3121,10.4401],[78.315,10.4383],[78.3141,10.4304],[78.3092,10.425],[78.3089,10.4133],[78.3066,10.4085],[78.2994,10.404],[78.2937,10.4017],[78.2887,10.4011],[78.2879,10.389],[78.2797,10.3872],[78.2781,10.3809],[78.2804,10.3759],[78.2814,10.3698],[78.2864,10.3679],[78.2914,10.3603],[78.2963,10.3588],[78.305,10.3504],[78.3116,10.3498],[78.318,10.3481],[78.3218,10.3431],[78.3245,10.3381],[78.3297,10.3357],[78.3347,10.3308],[78.3377,10.3257],[78.3366,10.3112],[78.3341,10.2999],[78.3323,10.2947],[78.3356,10.2909],[78.3352,10.2879],[78.3311,10.2868],[78.3283,10.2843],[78.328,10.2776],[78.3292,10.2751],[78.3287,10.2713],[78.3304,10.2684],[78.3301,10.2633],[78.3273,10.2596],[78.3279,10.2545],[78.3312,10.2493],[78.3315,10.2449],[78.3295,10.2412],[78.3274,10.2388],[78.3271,10.2346],[78.329,10.2297],[78.3289,10.2258],[78.3208,10.2135],[78.3158,10.2085],[78.3,10.1958],[78.2787,10.1822],[78.266,10.1751],[78.2617,10.1693],[78.2576,10.1664],[78.256,10.1627],[78.2594,10.1602],[78.277,10.1645],[78.2813,10.1639],[78.2828,10.1592],[78.2841,10.1482],[78.2813,10.1365],[78.2807,10.1303],[78.2729,10.13],[78.2719,10.1265],[78.2737,10.1213],[78.2722,10.1145],[78.2705,10.1091],[78.2663,10.1086],[78.264,10.1053],[78.2616,10.0995],[78.262,10.093],[78.2598,10.0855],[78.2475,10.0844],[78.2403,10.0787],[78.2263,10.0783],[78.216,10.0751],[78.2121,10.0645],[78.2018,10.0697],[78.2041,10.0787],[78.1923,10.0839],[78.1787,10.0922],[78.1703,10.092],[78.1697,10.0946],[78.1705,10.0981],[78.1692,10.1014],[78.1655,10.1026],[78.1627,10.1062],[78.1605,10.1106],[78.1607,10.1143],[78.165,10.1252],[78.1636,10.1402],[78.1583,10.1434],[78.1588,10.1484],[78.1576,10.1547],[78.153,10.1649],[78.1497,10.1745],[78.1462,10.1786],[78.1415,10.1824],[78.1301,10.1866],[78.1252,10.1869],[78.1215,10.1889],[78.1162,10.1852],[78.1075,10.1837],[78.073,10.1827],[78.072,10.1785],[78.0548,10.1792],[78.035,10.178],[78.0305,10.1793],[78.0248,10.1706],[78.02,10.1648],[78.0191,10.1596],[78.0001,10.159],[77.9939,10.1516],[77.9888,10.1425],[77.9789,10.1335],[77.9748,10.1312],[77.9699,10.1316],[77.9669,10.1327],[77.9528,10.1402],[77.9478,10.1334],[77.9507,10.1321],[77.9552,10.1322],[77.9547,10.1285],[77.9509,10.1274],[77.9487,10.1205],[77.9459,10.1171],[77.9427,10.1152],[77.942,10.1095],[77.9371,10.1067],[77.9372,10.0983],[77.9381,10.0953],[77.9448,10.0944],[77.9478,10.0904],[77.94,10.0899],[77.9389,10.0861],[77.9199,10.083],[77.9204,10.0802],[77.9225,10.0769],[77.9203,10.0742],[77.9115,10.0756],[77.9081,10.074],[77.9058,10.069],[77.9014,10.069],[77.8954,10.0717],[77.8921,10.0703],[77.8894,10.067],[77.8854,10.0663],[77.8826,10.0647],[77.8767,10.0591],[77.8717,10.0683],[77.8667,10.0732],[77.8608,10.0749],[77.8547,10.0752],[77.8391,10.0726],[77.8302,10.0705],[77.8235,10.0667],[77.8146,10.0674],[77.8084,10.0664],[77.8025,10.0644],[77.7978,10.0614],[77.7958,10.0581],[77.7924,10.0553],[77.7822,10.0498],[77.7758,10.0513],[77.7642,10.0554],[77.7598,10.0496],[77.7626,10.0463],[77.7599,10.0451],[77.7537,10.0461],[77.7502,10.0441],[77.7422,10.0342],[77.7232,10.0224],[77.7212,10.0179],[77.711,10.0202],[77.711,10.0202],[77.7122,10.0312],[77.7062,10.0344],[77.7067,10.0398],[77.7118,10.0423],[77.7134,10.045],[77.7099,10.0474],[77.7102,10.0562],[77.7089,10.0607],[77.708,10.0696],[77.7084,10.0745],[77.7096,10.0785],[77.7079,10.0812],[77.6994,10.0857],[77.7009,10.0967],[77.7006,10.1027],[77.6952,10.1089],[77.6891,10.1127],[77.675,10.1164],[77.6751,10.1196],[77.667,10.1215],[77.6699,10.1244],[77.6748,10.1258],[77.6732,10.1396],[77.6735,10.1442],[77.6911,10.1445],[77.6923,10.1401],[77.6961,10.1359],[77.701,10.1352],[77.7091,10.1284],[77.7137,10.1276],[77.7168,10.1288],[77.7214,10.133],[77.727,10.1289],[77.7295,10.1314],[77.7256,10.1354],[77.7238,10.1394],[77.7236,10.1486],[77.7247,10.1536],[77.729,10.1555],[77.7282,10.1589],[77.7227,10.161],[77.7222,10.1653],[77.7167,10.1669],[77.7095,10.176],[77.7054,10.1801],[77.7009,10.1901],[77.701,10.1949],[77.7053,10.1971],[77.7029,10.2004],[77.7054,10.2012],[77.7062,10.2039],[77.7095,10.2064],[77.7029,10.2138],[77.7018,10.2081],[77.6975,10.206],[77.698,10.2021],[77.6946,10.1977],[77.6917,10.196],[77.6851,10.2004],[77.6821,10.1977],[77.6794,10.1984],[77.6778,10.1964],[77.6702,10.1957],[77.6676,10.1899],[77.6651,10.1887],[77.6614,10.1898],[77.6586,10.1891],[77.657,10.1904],[77.6564,10.1924],[77.654,10.1945],[77.6516,10.1944],[77.6497,10.1956],[77.6489,10.1979],[77.6455,10.2],[77.6437,10.2042],[77.6403,10.2023],[77.6364,10.2061],[77.631,10.2057],[77.6301,10.2088],[77.6242,10.2103],[77.6228,10.2152],[77.6162,10.2111],[77.6115,10.2118],[77.6094,10.2101],[77.6047,10.2037],[77.5953,10.2031],[77.5944,10.2011],[77.6019,10.1986],[77.5962,10.1922],[77.5928,10.1895],[77.5906,10.1931],[77.5883,10.1931],[77.5876,10.1904],[77.5845,10.1886],[77.5807,10.188],[77.5749,10.1842],[77.5723,10.1803],[77.5685,10.1795],[77.5683,10.1857],[77.5669,10.1888],[77.5681,10.1913],[77.5637,10.1947],[77.5622,10.1968],[77.5577,10.1963],[77.5542,10.1975],[77.5513,10.1995],[77.5502,10.2028],[77.5477,10.203],[77.5459,10.1982],[77.5498,10.1936],[77.5511,10.1894],[77.549,10.1896],[77.5467,10.1913],[77.5443,10.1915],[77.5442,10.1884],[77.5467,10.1856],[77.5469,10.1828],[77.546,10.1803],[77.5422,10.1818],[77.5378,10.1864],[77.5367,10.1787],[77.5236,10.1741],[77.5267,10.1727],[77.5131,10.1595],[77.5051,10.1583],[77.5004,10.1603],[77.4972,10.156],[77.4953,10.1546],[77.4895,10.1456],[77.4863,10.1474],[77.4845,10.151],[77.481,10.15],[77.481,10.147],[77.4743,10.1444],[77.4721,10.1411],[77.4681,10.1431],[77.4664,10.1403],[77.4694,10.1363],[77.4647,10.1275],[77.4528,10.1319],[77.4486,10.1327],[77.4419,10.1309],[77.4371,10.1305],[77.424,10.1354],[77.4174,10.1384],[77.411,10.1427],[77.4092,10.1463],[77.4079,10.154],[77.3945,10.1587],[77.3925,10.1541],[77.387,10.1467],[77.3833,10.1433],[77.3719,10.1364],[77.366,10.1447],[77.3619,10.1469],[77.3526,10.1437],[77.3493,10.1384],[77.3433,10.1322],[77.3347,10.1375],[77.3304,10.1384],[77.3253,10.129],[77.3249,10.1251],[77.314,10.134],[77.3042,10.135],[77.299,10.1323],[77.2904,10.1231],[77.2866,10.1246],[77.2842,10.1238],[77.2835,10.116],[77.2746,10.1169],[77.2676,10.1205],[77.2693,10.1254],[77.2741,10.1282],[77.2753,10.1378],[77.2745,10.1398],[77.2719,10.1413],[77.2717,10.145],[77.2739,10.1504],[77.2734,10.1645],[77.2786,10.1889],[77.2836,10.1963],[77.2855,10.2032],[77.2839,10.2059],[77.2872,10.2069],[77.288,10.2106],[77.2904,10.2128],[77.2932,10.2132],[77.2946,10.2164],[77.289,10.2297],[77.297,10.2509],[77.2987,10.251],[77.3022,10.2472],[77.3037,10.2442],[77.3035,10.2424],[77.3091,10.2439],[77.3256,10.2623],[77.3251,10.2659],[77.3255,10.2719],[77.3346,10.2654],[77.343,10.2606],[77.3446,10.2628],[77.3478,10.2626],[77.3505,10.2758],[77.3483,10.28],[77.3468,10.2894],[77.345,10.2932],[77.3423,10.2933],[77.3416,10.2974],[77.3421,10.2994],[77.3393,10.3033],[77.3294,10.3092],[77.3292,10.314],[77.3262,10.3191],[77.3273,10.3248],[77.334,10.3321],[77.3304,10.3343],[77.3299,10.3403],[77.3346,10.3467],[77.3361,10.3533],[77.315,10.355],[77.3137,10.362],[77.3151,10.3892],[77.3174,10.3974],[77.3171,10.4026],[77.3209,10.4212],[77.3232,10.4266],[77.3209,10.4341],[77.3272,10.4336],[77.3271,10.4358],[77.325,10.4365],[77.3263,10.4389],[77.3245,10.4402],[77.3266,10.4435],[77.3241,10.4457],[77.3247,10.4496],[77.3279,10.4525],[77.3336,10.4552],[77.3407,10.4535],[77.3436,10.4541],[77.3473,10.4484],[77.353,10.4456],[77.3597,10.4459],[77.3755,10.4489],[77.385,10.4493],[77.3837,10.461],[77.3862,10.4624],[77.3847,10.4784],[77.3835,10.4827],[77.3798,10.4869],[77.3804,10.4909],[77.3832,10.4945],[77.39,10.4959],[77.3927,10.4943],[77.3967,10.4991],[77.4007,10.4983],[77.4038,10.5107],[77.4051,10.5221],[77.3881,10.5244],[77.3781,10.5248],[77.3763,10.5294],[77.3718,10.532],[77.3691,10.5359],[77.3678,10.5433],[77.3692,10.5478],[77.3746,10.5524],[77.3786,10.5663],[77.3798,10.5736],[77.3813,10.5775],[77.3843,10.5809],[77.3841,10.5866],[77.385,10.5906],[77.3876,10.5951],[77.391,10.5969],[77.3949,10.5972],[77.3956,10.5997],[77.3943,10.6033],[77.4018,10.6112],[77.4052,10.6135],[77.4099,10.614],[77.4135,10.6163],[77.4175,10.6251],[77.4277,10.6276],[77.4327,10.6313],[77.4407,10.6279],[77.4472,10.6286],[77.4506,10.6353],[77.4552,10.64],[77.4621,10.6419],[77.4694,10.6421],[77.4748,10.6438],[77.4776,10.6481],[77.4817,10.649],[77.4856,10.646],[77.4902,10.6462],[77.5015,10.6421],[77.5034,10.639],[77.5037,10.6331],[77.5102,10.6247],[77.5089,10.6197],[77.5133,10.6168],[77.5154,10.6142],[77.5166,10.6109],[77.5126,10.6119],[77.5081,10.6115],[77.5075,10.6071],[77.5097,10.6054],[77.5225,10.6053],[77.527,10.6078],[77.5329,10.605],[77.5399,10.6068],[77.5437,10.6119],[77.5456,10.6232],[77.5478,10.6266],[77.5485,10.6343],[77.5723,10.6573],[77.5751,10.6648],[77.5793,10.671],[77.5833,10.6752],[77.5802,10.677],[77.5852,10.6822],[77.5893,10.6807],[77.5926,10.6769],[77.5966,10.6747],[77.6124,10.6729],[77.6304,10.6685],[77.64,10.6676],[77.6559,10.6736],[77.6626,10.7019],[77.6624,10.7078],[77.6645,10.7147],[77.6692,10.7164],[77.6709,10.7198],[77.6807,10.7258],[77.6887,10.7295],[77.6895,10.7334],[77.6978,10.7326],[77.7021,10.73],[77.7066,10.718],[77.7086,10.7074],[77.7058,10.7008],[77.706,10.6961],[77.7069,10.6914],[77.7097,10.687],[77.7088,10.6827],[77.7047,10.6763],[77.7017,10.6754],[77.7009,10.6717],[77.7017,10.6671],[77.6993,10.6649],[77.7014,10.6585],[77.707,10.6524],[77.7147,10.6409],[77.7227,10.6411],[77.7188,10.6356],[77.7197,10.6318],[77.7238,10.63],[77.7298,10.6299],[77.7434,10.6371],[77.7464,10.6409],[77.7558,10.6498],[77.7524,10.6635],[77.753,10.6674],[77.7555,10.6702],[77.7583,10.6707],[77.7622,10.6701],[77.7671,10.6756],[77.7679,10.6786],[77.7771,10.6811],[77.7822,10.6836],[77.7891,10.6844],[77.8092,10.679],[77.8167,10.6807],[77.8183,10.6764],[77.817,10.671],[77.8152,10.6496],[77.8137,10.6474],[77.824,10.6403],[77.8268,10.6351],[77.831,10.6315],[77.8413,10.6335],[77.8489,10.6389],[77.8529,10.6367],[77.8732,10.6306],[77.8755,10.6386],[77.8788,10.6441],[77.8848,10.65],[77.892,10.6459],[77.8969,10.6441],[77.9007,10.6489],[77.9092,10.6544],[77.9146,10.6452],[77.9236,10.6461],[77.9296,10.6459],[77.9339,10.6424],[77.9397,10.6403],[77.9491,10.6407],[77.9526,10.6368],[77.9797,10.6378],[77.979,10.6451],[77.9769,10.6512],[77.9734,10.6568],[77.9716,10.6697],[77.9736,10.6725],[77.9825,10.6719],[77.9914,10.6696],[77.9964,10.6709],[78,10.6727],[78.0075,10.6738],[78.0084,10.6808],[78.0102,10.6872],[78.0114,10.701],[78.0109,10.7068],[78.0164,10.7178],[78.0105,10.7206],[78.0132,10.7278],[78,10.7282],[77.9973,10.73],[77.9956,10.7332],[77.9974,10.7413],[77.9883,10.7407],[77.9783,10.742],[77.9518,10.7415],[77.9323,10.7347],[77.9302,10.7391],[77.9315,10.7484],[77.9308,10.7516],[77.9367,10.7592],[77.9396,10.7655],[77.963,10.7601],[77.9739,10.763],[77.9853,10.7595],[77.9897,10.7613],[77.9953,10.7624],[77.9965,10.7682],[77.9999,10.7726],[78.0178,10.7734],[78.0249,10.7718],[78.0259,10.7733],[78.0236,10.7759],[78.0246,10.7778],[78.0289,10.7765],[78.0294,10.7801],[78.034,10.7801],[78.0337,10.7755],[78.042,10.7739],[78.0428,10.7777],[78.0499,10.7764],[78.0491,10.7737],[78.051,10.7731],[78.0522,10.7741],[78.0536,10.7735],[78.053,10.7718],[78.0563,10.7708],[78.0552,10.7658],[78.0578,10.7628],[78.0594,10.763],[78.061,10.7662],[78.0674,10.7663],[78.0701,10.7727],[78.0725,10.775],[78.086,10.7709],[78.0981,10.7646],[78.101,10.778],[78.0974,10.7808],[78.0973,10.7867],[78.1041,10.7993],[78.1064,10.8049],[78.133,10.8026],[78.1422,10.8031],[78.1494,10.8051],[78.1522,10.8202],[78.1542,10.8251],[78.1592,10.8263],[78.1587,10.8312],[78.1691,10.8332],[78.1698,10.8306],[78.1714,10.8323],[78.1726,10.8323],[78.1732,10.834],[78.1768,10.8337],[78.1768,10.8315],[78.1755,10.8297],[78.1784,10.8234],[78.1809,10.8245],[78.182,10.8306],[78.1857,10.8312],[78.1861,10.8293],[78.1852,10.8262],[78.1825,10.8214],[78.1865,10.8193],[78.1731,10.8022],[78.1706,10.7941],[78.1687,10.7765],[78.1605,10.758],[78.1552,10.7439],[78.1535,10.7345],[78.1559,10.7263],[78.155,10.7141],[78.1531,10.7028],[78.1494,10.6913],[78.1475,10.6824],[78.1465,10.671],[78.1475,10.6622],[78.1463,10.6515],[78.1526,10.6491],[78.1645,10.649],[78.161,10.6396],[78.1606,10.6325],[78.166,10.6137],[78.1619,10.6104],[78.145,10.6041],[78.1384,10.5994],[78.1356,10.5913],[78.1352,10.5791],[78.1337,10.5731],[78.1393,10.5694],[78.1415,10.5647],[78.1471,10.5617],[78.1523,10.5648],[78.1633,10.5594],[78.1708,10.5537],[78.1741,10.554],[78.1804,10.5572],[78.1889,10.5562],[78.1978,10.5469]]]},"properties":{"district_name":"Dindigul","raw_district_name":"Dindigul","state_code":"TN","state_name":"Tamil Nadu","census_code":612,"data_source":"DataMeet India Maps (Census 2011 Boundaries)"}},{"type":"Feature","geometry":{"type":"Polygon","coordinates":[[[77.4998,11.1144],[77.4998,11.1213],[77.4984,11.1237],[77.4981,11.1258],[77.4967,11.1279],[77.4935,11.1279],[77.4932,11.1342],[77.4935,11.1384],[77.4935,11.1429],[77.4904,11.1429],[77.489,11.1412],[77.488,11.1384],[77.4793,11.138],[77.4786,11.1398],[77.4786,11.1586],[77.4751,11.1596],[77.473,11.1596],[77.4685,11.1582],[77.4667,11.1575],[77.4664,11.1603],[77.4681,11.1631],[77.4688,11.1697],[77.4688,11.1732],[77.4692,11.1749],[77.4723,11.1774],[77.4723,11.1795],[77.4744,11.1795],[77.48,11.1739],[77.4862,11.1739],[77.4914,11.1777],[77.4914,11.1798],[77.5102,11.1808],[77.5106,11.1976],[77.5089,11.1997],[77.5019,11.1997],[77.5001,11.2028],[77.4998,11.2073],[77.4981,11.2098],[77.4967,11.2118],[77.4949,11.2164],[77.4946,11.2192],[77.4887,11.224],[77.4855,11.2279],[77.4831,11.2324],[77.4779,11.2376],[77.4754,11.2411],[77.4699,11.246],[77.4678,11.2453],[77.4636,11.246],[77.4632,11.2494],[77.4632,11.2533],[77.4632,11.2592],[77.4639,11.2634],[77.466,11.2665],[77.4671,11.2696],[77.4657,11.2721],[77.4636,11.2742],[77.4632,11.2773],[77.4605,11.2804],[77.457,11.2843],[77.4566,11.2902],[77.4577,11.2923],[77.4598,11.2944],[77.4594,11.2975],[77.4584,11.3041],[77.4542,11.3069],[77.4504,11.3083],[77.4486,11.3079],[77.4441,11.3069],[77.4375,11.3069],[77.4357,11.309],[77.4322,11.3114],[77.4263,11.3128],[77.4204,11.3125],[77.4162,11.3076],[77.411,11.3086],[77.41,11.3114],[77.4082,11.3139],[77.4065,11.3142],[77.3995,11.3114],[77.3978,11.3139],[77.3932,11.3173],[77.3901,11.3177],[77.3873,11.3194],[77.3849,11.3215],[77.3832,11.3215],[77.3825,11.3247],[77.3804,11.3281],[77.3776,11.3299],[77.3762,11.3316],[77.3758,11.3375],[77.3751,11.3396],[77.3696,11.34],[77.3654,11.3372],[77.3654,11.3334],[77.365,11.3278],[77.3647,11.3153],[77.3644,11.315],[77.3645,11.3156],[77.3609,11.3159],[77.3573,11.3146],[77.3442,11.3136],[77.3321,11.3142],[77.3336,11.3091],[77.3448,11.2953],[77.3471,11.2865],[77.3411,11.27],[77.3373,11.2671],[77.3317,11.2547],[77.3097,11.262],[77.3033,11.2652],[77.2968,11.2708],[77.3031,11.2718],[77.3108,11.2746],[77.3131,11.2783],[77.3061,11.2816],[77.2899,11.2854],[77.2855,11.2884],[77.2861,11.2957],[77.2877,11.303],[77.2869,11.3084],[77.2845,11.3148],[77.2864,11.3207],[77.2922,11.3279],[77.2851,11.3332],[77.2833,11.3366],[77.2837,11.3397],[77.279,11.3394],[77.2802,11.3328],[77.2791,11.3302],[77.2733,11.3247],[77.2684,11.3219],[77.2682,11.3198],[77.2667,11.3174],[77.2643,11.3168],[77.2639,11.3142],[77.2623,11.3128],[77.2598,11.3143],[77.2528,11.308],[77.2507,11.3135],[77.2527,11.3218],[77.2505,11.3229],[77.2493,11.3254],[77.2479,11.3261],[77.2449,11.3221],[77.2411,11.322],[77.2386,11.3115],[77.2393,11.3065],[77.2414,11.3011],[77.2317,11.2999],[77.217,11.2959],[77.2084,11.2958],[77.2017,11.2969],[77.1999,11.3011],[77.2004,11.3067],[77.2071,11.3045],[77.2183,11.3035],[77.2202,11.3104],[77.2271,11.3129],[77.2315,11.3124],[77.2341,11.3135],[77.2358,11.3175],[77.2366,11.3253],[77.2341,11.3263],[77.2314,11.3327],[77.221,11.3323],[77.2201,11.3369],[77.2273,11.3439],[77.2308,11.3485],[77.2247,11.3499],[77.218,11.349],[77.2071,11.3457],[77.1984,11.341],[77.196,11.3416],[77.1966,11.3369],[77.1958,11.3331],[77.1873,11.3374],[77.1764,11.3387],[77.1743,11.3288],[77.1786,11.329],[77.1801,11.3249],[77.1799,11.3207],[77.1829,11.3196],[77.1806,11.3125],[77.1761,11.3132],[77.1661,11.3134],[77.1597,11.3273],[77.1496,11.3328],[77.1399,11.3352],[77.1363,11.3434],[77.1329,11.3512],[77.1302,11.3546],[77.131,11.3582],[77.1279,11.3635],[77.1283,11.3669],[77.1302,11.3707],[77.127,11.3771],[77.1121,11.377],[77.1102,11.381],[77.1107,11.3899],[77.1089,11.395],[77.1089,11.4054],[77.0985,11.4048],[77.0913,11.4017],[77.0913,11.3986],[77.0882,11.3958],[77.0901,11.3918],[77.0806,11.3856],[77.0762,11.3874],[77.069,11.3815],[77.0694,11.3986],[77.0676,11.4013],[77.0641,11.4],[77.0617,11.4003],[77.0598,11.4024],[77.0541,11.3985],[77.0485,11.4005],[77.0437,11.3959],[77.0354,11.3911],[77.0322,11.3831],[77.0276,11.3845],[77.0257,11.3861],[77.0225,11.3852],[77.024,11.3811],[77.0257,11.3711],[77.0212,11.3685],[77.0157,11.3673],[77.0061,11.3684],[77.0001,11.3716],[76.995,11.3732],[76.9892,11.3782],[76.9845,11.381],[76.981,11.3783],[76.9783,11.38],[76.9741,11.3844],[76.9642,11.3827],[76.9704,11.3891],[76.9713,11.3927],[76.9729,11.3947],[76.9768,11.3924],[76.984,11.4001],[76.9796,11.4031],[76.9789,11.4105],[76.9843,11.4377],[77,11.4314],[77.0075,11.432],[77.0123,11.4333],[77.014,11.4367],[77.0154,11.4457],[77.0142,11.4506],[77,11.4725],[76.9981,11.4733],[76.9938,11.4783],[76.9951,11.4859],[76.9953,11.4958],[76.997,11.5044],[76.9969,11.5087],[77,11.5106],[77.0059,11.5119],[77.011,11.5146],[77.0138,11.5179],[77.016,11.5225],[77.0108,11.5259],[77.0074,11.5436],[77,11.5438],[76.9879,11.552],[76.9849,11.5533],[76.9802,11.5529],[76.9754,11.5561],[76.9734,11.564],[76.968,11.5642],[76.9622,11.5695],[76.9563,11.5699],[76.953,11.5721],[76.948,11.5729],[76.9406,11.5759],[76.9376,11.574],[76.9326,11.5738],[76.9236,11.5763],[76.9212,11.5722],[76.9195,11.565],[76.9179,11.5628],[76.9165,11.5649],[76.9148,11.5713],[76.9126,11.5745],[76.9093,11.576],[76.9025,11.5752],[76.893,11.5705],[76.8898,11.57],[76.8807,11.574],[76.8768,11.5765],[76.8707,11.5764],[76.8661,11.5749],[76.8588,11.5747],[76.852,11.5784],[76.8501,11.5807],[76.8468,11.5824],[76.8533,11.5939],[76.8569,11.5966],[76.8604,11.6098],[76.8554,11.614],[76.8553,11.6195],[76.851,11.6211],[76.8477,11.6237],[76.8474,11.6266],[76.8483,11.6313],[76.8425,11.6332],[76.8391,11.6372],[76.8386,11.6428],[76.8371,11.6463],[76.8378,11.652],[76.8394,11.6569],[76.8417,11.6605],[76.845,11.6639],[76.8477,11.6725],[76.8507,11.6776],[76.8541,11.6852],[76.8555,11.6903],[76.8584,11.6951],[76.8651,11.7022],[76.8629,11.7067],[76.8739,11.7184],[76.885,11.7258],[76.8902,11.7325],[76.8911,11.738],[76.8954,11.7524],[76.8978,11.7584],[76.8987,11.7685],[76.8973,11.7738],[76.9008,11.778],[76.9026,11.7852],[76.909,11.7912],[76.9161,11.7892],[76.9228,11.7883],[76.9361,11.7889],[76.9418,11.7854],[76.9452,11.7848],[76.9498,11.789],[76.9539,11.7894],[76.9597,11.7835],[76.9626,11.7793],[76.9691,11.7733],[76.9728,11.7789],[76.9749,11.7846],[76.9844,11.7991],[76.9829,11.8032],[76.9823,11.8092],[76.9916,11.8076],[76.9999,11.8074],[77.014,11.8112],[77.0185,11.8051],[77.0231,11.8073],[77.0282,11.8055],[77.0324,11.8032],[77.0383,11.7973],[77.0374,11.7949],[77.0414,11.7922],[77.04,11.7865],[77.0321,11.7729],[77.0373,11.7699],[77.051,11.7858],[77.0555,11.7874],[77.0624,11.7875],[77.0664,11.7854],[77.0717,11.7803],[77.0642,11.7732],[77.0599,11.766],[77.0838,11.7379],[77.0816,11.7333],[77.0859,11.7322],[77.1063,11.7315],[77.1138,11.724],[77.1194,11.7212],[77.1184,11.7308],[77.1155,11.74],[77.1133,11.7543],[77.1158,11.759],[77.1161,11.7646],[77.1153,11.7679],[77.1128,11.7715],[77.121,11.7716],[77.1239,11.7702],[77.1298,11.7718],[77.1375,11.7694],[77.1411,11.7708],[77.1447,11.7749],[77.1473,11.7804],[77.1539,11.7798],[77.1655,11.7828],[77.1761,11.7827],[77.1825,11.7843],[77.1886,11.7881],[77.1999,11.7914],[77.2142,11.7931],[77.2267,11.7934],[77.2374,11.7924],[77.2474,11.7968],[77.2516,11.8027],[77.2521,11.8111],[77.2588,11.8095],[77.2827,11.7999],[77.2888,11.7985],[77.2928,11.8016],[77.2953,11.8071],[77.301,11.8029],[77.3168,11.7875],[77.3242,11.7788],[77.3368,11.7678],[77.3564,11.773],[77.3616,11.7775],[77.3659,11.7873],[77.3702,11.7877],[77.373,11.7847],[77.3927,11.7851],[77.4123,11.7731],[77.4174,11.7714],[77.4234,11.7713],[77.4234,11.7652],[77.4244,11.7602],[77.4302,11.7598],[77.4316,11.7694],[77.4348,11.7752],[77.442,11.7808],[77.4412,11.7858],[77.443,11.788],[77.4472,11.7909],[77.4518,11.8004],[77.4534,11.8156],[77.4574,11.8206],[77.4575,11.8254],[77.4625,11.8325],[77.4672,11.8482],[77.4662,11.8518],[77.4618,11.8534],[77.4634,11.8582],[77.4629,11.8623],[77.4647,11.8664],[77.466,11.8763],[77.4641,11.88],[77.4638,11.885],[77.4646,11.891],[77.4636,11.8976],[77.4647,11.8996],[77.4741,11.8964],[77.4782,11.8923],[77.4813,11.8927],[77.4845,11.8869],[77.4878,11.8852],[77.4881,11.8909],[77.4868,11.8987],[77.4881,11.9044],[77.4903,11.9095],[77.493,11.9213],[77.4947,11.9306],[77.4936,11.9378],[77.4951,11.9415],[77.5012,11.9389],[77.5115,11.9364],[77.5218,11.9345],[77.5249,11.9349],[77.5345,11.9307],[77.5422,11.9357],[77.5589,11.94],[77.5843,11.9333],[77.59,11.9376],[77.5968,11.9388],[77.6024,11.9357],[77.607,11.9386],[77.6148,11.9397],[77.6263,11.9436],[77.6414,11.9474],[77.6479,11.9497],[77.6507,11.9523],[77.6546,11.9536],[77.658,11.9482],[77.666,11.9468],[77.6717,11.9476],[77.6759,11.9492],[77.678,11.9428],[77.6816,11.9226],[77.6821,11.91],[77.6805,11.9021],[77.6858,11.8875],[77.686,11.8814],[77.6851,11.8744],[77.663,11.875],[77.6613,11.8658],[77.6609,11.8511],[77.6601,11.8449],[77.6565,11.8381],[77.6548,11.8323],[77.6494,11.8203],[77.6499,11.8141],[77.6534,11.8117],[77.6604,11.8108],[77.6655,11.8122],[77.6689,11.8209],[77.684,11.817],[77.6937,11.8135],[77.7018,11.8094],[77.7105,11.807],[77.7113,11.7959],[77.7226,11.792],[77.7212,11.785],[77.7189,11.7782],[77.7098,11.764],[77.7079,11.7518],[77.7029,11.7453],[77.6995,11.7373],[77.6996,11.729],[77.6983,11.7224],[77.6926,11.7164],[77.6942,11.7024],[77.6918,11.698],[77.6911,11.6911],[77.6992,11.6887],[77.6966,11.6818],[77.691,11.6589],[77.6907,11.6503],[77.6919,11.645],[77.7032,11.6308],[77.7186,11.6387],[77.719,11.6423],[77.7165,11.6476],[77.7232,11.6501],[77.7255,11.6465],[77.7275,11.6472],[77.7301,11.6513],[77.734,11.6529],[77.7444,11.653],[77.7502,11.6585],[77.7601,11.6756],[77.765,11.6862],[77.768,11.6913],[77.7712,11.6945],[77.7742,11.6946],[77.7764,11.6931],[77.7758,11.6883],[77.7724,11.6815],[77.7696,11.6768],[77.7685,11.6692],[77.7654,11.6615],[77.7621,11.6454],[77.7522,11.6317],[77.7477,11.6178],[77.7394,11.6019],[77.7399,11.5871],[77.7472,11.5641],[77.7378,11.5524],[77.7296,11.5405],[77.7265,11.5341],[77.726,11.5284],[77.7307,11.5214],[77.7328,11.516],[77.7336,11.5108],[77.7292,11.504],[77.7136,11.4915],[77.7017,11.4791],[77.7,11.4729],[77.6972,11.4678],[77.6963,11.4584],[77.6962,11.4583],[77.6869,11.441],[77.6845,11.4271],[77.6835,11.4192],[77.6846,11.4137],[77.6939,11.4068],[77.7,11.3987],[77.7046,11.391],[77.713,11.3835],[77.722,11.3722],[77.7395,11.3647],[77.7449,11.3577],[77.7526,11.3504],[77.7561,11.3383],[77.7605,11.3302],[77.7678,11.3238],[77.7768,11.3142],[77.7802,11.3048],[77.7865,11.2953],[77.795,11.2852],[77.8084,11.2647],[77.8131,11.2622],[77.8302,11.2593],[77.8373,11.2587],[77.8423,11.2573],[77.8514,11.2522],[77.8623,11.2444],[77.8668,11.2359],[77.8718,11.2116],[77.8666,11.1998],[77.8637,11.1905],[77.8626,11.1816],[77.8682,11.1707],[77.8837,11.1569],[77.8856,11.1485],[77.8825,11.1258],[77.8827,11.1194],[77.8881,11.0963],[77.8892,11.082],[77.8927,11.0762],[77.9025,11.0714],[77.9199,11.0701],[77.9323,11.0674],[77.9272,11.0596],[77.9204,11.0467],[77.9181,11.0443],[77.909,11.0446],[77.9064,11.0423],[77.8992,11.0307],[77.8892,11.03],[77.878,11.0234],[77.8719,11.0218],[77.8664,11.0214],[77.8596,11.0279],[77.8541,11.0293],[77.8503,11.0323],[77.8488,11.0383],[77.8456,11.0434],[77.8404,11.0415],[77.8353,11.0414],[77.8311,11.0435],[77.8286,11.0476],[77.8281,11.0527],[77.825,11.0603],[77.8181,11.0658],[77.8139,11.0675],[77.8107,11.0676],[77.805,11.0619],[77.799,11.0621],[77.7946,11.0639],[77.7896,11.0642],[77.7824,11.0621],[77.7794,11.0602],[77.7763,11.0543],[77.7784,11.0512],[77.7603,11.064],[77.7324,11.0792],[77.7206,11.077],[77.6926,11.0961],[77.6787,11.0998],[77.6547,11.115],[77.6309,11.1205],[77.6112,11.1162],[77.6033,11.1142],[77.5835,11.1177],[77.5658,11.1096],[77.5184,11.1049],[77.5005,11.1143],[77.4998,11.1144]]]},"properties":{"district_name":"Erode","raw_district_name":"Erode","state_code":"TN","state_name":"Tamil Nadu","census_code":610,"data_source":"DataMeet India Maps (Census 2011 Boundaries)"}},{"type":"Feature","geometry":{"type":"Polygon","coordinates":[[[80.0939,13.1356],[80.1033,13.1331],[80.1129,13.1321],[80.1195,13.1243],[80.1237,13.1157],[80.1266,13.1076],[80.1277,13.1004],[80.1271,13.0947],[80.1229,13.0918],[80.1259,13.078],[80.1257,13.0667],[80.1248,13.0602],[80.1318,13.0579],[80.1306,13.0507],[80.1414,13.0518],[80.1413,13.0484],[80.1485,13.0412],[80.1508,13.0373],[80.1467,13.037],[80.1483,13.0303],[80.1617,13.0309],[80.1628,13.0276],[80.1664,13.0268],[80.1673,13.0309],[80.173,13.0298],[80.1798,13.0277],[80.1845,13.0262],[80.1855,13.0249],[80.1898,13.0253],[80.1898,13.0253],[80.1899,13.0253],[80.2016,13.0286],[80.2044,13.0282],[80.2046,13.0282],[80.2026,13.0247],[80.2018,13.0214],[80.2012,13.0211],[80.2007,13.0154],[80.2129,13.0066],[80.2123,13.0029],[80.2119,13.0025],[80.2107,13.0003],[80.2102,12.9994],[80.2109,12.9976],[80.2127,12.9962],[80.215,12.9945],[80.2199,12.9925],[80.2231,12.9925],[80.2309,12.9902],[80.2393,12.9893],[80.2434,12.9902],[80.2472,12.9933],[80.2512,12.993],[80.255,12.9944],[80.2591,12.9953],[80.2634,12.995],[80.2718,12.9952],[80.2733,12.9947],[80.2707,12.9809],[80.2682,12.9709],[80.2663,12.9636],[80.265,12.9584],[80.2635,12.9486],[80.2602,12.9373],[80.258,12.9198],[80.2555,12.9021],[80.2537,12.8925],[80.2518,12.8775],[80.2511,12.8559],[80.251,12.8528],[80.2507,12.8403],[80.2468,12.8006],[80.2472,12.7933],[80.2497,12.7922],[80.2523,12.7898],[80.2548,12.7826],[80.2551,12.7816],[80.2555,12.7814],[80.2549,12.7732],[80.2539,12.7669],[80.2533,12.7662],[80.253,12.7646],[80.2459,12.7498],[80.2448,12.7461],[80.241,12.7367],[80.2404,12.7352],[80.2365,12.7261],[80.2318,12.7101],[80.2304,12.707],[80.2281,12.6999],[80.2269,12.6978],[80.2265,12.6976],[80.2249,12.6921],[80.2238,12.6878],[80.2223,12.6825],[80.222,12.6815],[80.2219,12.6811],[80.2193,12.6753],[80.2185,12.6721],[80.2161,12.6644],[80.2075,12.6423],[80.2032,12.6272],[80.2009,12.6222],[80.1963,12.6036],[80.1915,12.5909],[80.1906,12.5863],[80.1894,12.581],[80.1875,12.5717],[80.1837,12.5632],[80.1829,12.5583],[80.1821,12.556],[80.18,12.5516],[80.1752,12.5441],[80.1747,12.542],[80.1706,12.5327],[80.1685,12.5306],[80.1638,12.5172],[80.1629,12.5085],[80.1636,12.502],[80.1644,12.4954],[80.1638,12.4782],[80.1633,12.4755],[80.1625,12.4718],[80.1624,12.4707],[80.1595,12.4688],[80.1518,12.4701],[80.1493,12.4696],[80.1505,12.4614],[80.1499,12.4594],[80.1492,12.4589],[80.1455,12.46],[80.1415,12.4594],[80.1404,12.4577],[80.1405,12.4559],[80.1412,12.4552],[80.1416,12.455],[80.1425,12.4542],[80.1435,12.4532],[80.1435,12.4528],[80.1452,12.4518],[80.146,12.4505],[80.1489,12.4482],[80.144,12.4449],[80.1389,12.4474],[80.1378,12.448],[80.1369,12.4483],[80.1342,12.448],[80.1311,12.4471],[80.1328,12.4434],[80.1343,12.4404],[80.1387,12.4366],[80.1391,12.4352],[80.1382,12.4325],[80.1374,12.4313],[80.1313,12.4231],[80.1288,12.4208],[80.1282,12.4197],[80.1262,12.4166],[80.1251,12.4159],[80.1249,12.4155],[80.124,12.414],[80.123,12.4126],[80.1223,12.4114],[80.1144,12.4034],[80.1124,12.4001],[80.1121,12.3997],[80.1081,12.3962],[80.1048,12.391],[80.0962,12.3816],[80.0865,12.3683],[80.0822,12.3641],[80.0802,12.361],[80.0795,12.36],[80.0772,12.3575],[80.0767,12.3575],[80.0763,12.3566],[80.0759,12.3561],[80.0679,12.3487],[80.0675,12.3483],[80.0667,12.3469],[80.0622,12.3412],[80.0607,12.3398],[80.057,12.3343],[80.0561,12.3331],[80.0548,12.3315],[80.0511,12.3254],[80.0498,12.323],[80.0495,12.3225],[80.0456,12.3176],[80.0438,12.3137],[80.0395,12.3089],[80.0381,12.3059],[80.0354,12.3032],[80.0334,12.2993],[80.0295,12.2949],[80.0283,12.2929],[80.025,12.2878],[80.024,12.2869],[80.0237,12.286],[80.0191,12.2821],[80.0188,12.2809],[80.0158,12.277],[80.014,12.2725],[80.0125,12.2705],[80.0102,12.2663],[80.0089,12.2617],[80.0048,12.2559],[79.9997,12.2574],[79.9929,12.2531],[79.9861,12.2456],[79.9786,12.2378],[79.9735,12.2347],[79.9722,12.2368],[79.9604,12.2335],[79.9553,12.2311],[79.9499,12.236],[79.9451,12.2424],[79.9261,12.2465],[79.925,12.2356],[79.9255,12.2299],[79.9162,12.2337],[79.9042,12.2288],[79.9001,12.2293],[79.8869,12.2372],[79.8791,12.2388],[79.8707,12.2443],[79.8654,12.2532],[79.8622,12.2625],[79.8485,12.2748],[79.8427,12.2784],[79.8435,12.2817],[79.8429,12.2891],[79.8358,12.2969],[79.8309,12.3039],[79.8298,12.308],[79.825,12.3105],[79.8118,12.3214],[79.81,12.3265],[79.8034,12.3265],[79.7992,12.3362],[79.7874,12.3373],[79.7833,12.34],[79.7721,12.3325],[79.7608,12.3273],[79.7571,12.3271],[79.7525,12.3244],[79.7379,12.3294],[79.7316,12.3308],[79.7281,12.33],[79.718,12.336],[79.7026,12.3345],[79.7012,12.326],[79.6963,12.3242],[79.6906,12.3236],[79.6853,12.3162],[79.6699,12.3199],[79.66,12.3258],[79.6544,12.3328],[79.6513,12.3341],[79.6506,12.3396],[79.6492,12.343],[79.6448,12.3452],[79.6446,12.3548],[79.6465,12.3594],[79.6524,12.3603],[79.6632,12.3651],[79.6678,12.3712],[79.6611,12.378],[79.6636,12.3826],[79.6879,12.3985],[79.6964,12.3982],[79.6985,12.4085],[79.6928,12.4105],[79.6897,12.4139],[79.6907,12.4176],[79.7056,12.4133],[79.7072,12.4182],[79.7062,12.4264],[79.7045,12.4297],[79.7088,12.4305],[79.7153,12.4275],[79.7173,12.4359],[79.7358,12.4278],[79.7396,12.4332],[79.7404,12.4393],[79.7333,12.4463],[79.7354,12.4503],[79.7386,12.4537],[79.7448,12.4555],[79.75,12.455],[79.7501,12.4619],[79.7471,12.4646],[79.747,12.4828],[79.7423,12.4846],[79.736,12.4895],[79.7341,12.4927],[79.728,12.492],[79.7242,12.4948],[79.7252,12.4984],[79.7277,12.5007],[79.7309,12.4986],[79.7367,12.4972],[79.739,12.4953],[79.74,12.4992],[79.7437,12.502],[79.7523,12.504],[79.7531,12.508],[79.7569,12.5116],[79.7568,12.5181],[79.7519,12.5247],[79.7455,12.5317],[79.7361,12.5395],[79.7173,12.549],[79.7211,12.5587],[79.7215,12.5654],[79.715,12.5676],[79.71,12.5679],[79.7073,12.5711],[79.717,12.577],[79.7184,12.5802],[79.7243,12.578],[79.7283,12.5788],[79.7285,12.5835],[79.7258,12.5876],[79.7064,12.595],[79.7005,12.5935],[79.6977,12.5983],[79.6919,12.6004],[79.6862,12.5972],[79.6813,12.5972],[79.6772,12.5945],[79.6706,12.5922],[79.6642,12.5957],[79.6626,12.5982],[79.6584,12.5992],[79.6541,12.6023],[79.6502,12.6012],[79.6456,12.61],[79.647,12.6194],[79.647,12.625],[79.6443,12.6266],[79.6388,12.6255],[79.6387,12.6282],[79.6337,12.631],[79.6366,12.6445],[79.6406,12.6541],[79.6437,12.657],[79.6485,12.6677],[79.6589,12.6699],[79.6711,12.6667],[79.6843,12.6676],[79.7069,12.6754],[79.7273,12.685],[79.7386,12.6885],[79.7452,12.6936],[79.7467,12.6982],[79.7455,12.701],[79.7373,12.6998],[79.7353,12.7017],[79.7384,12.7051],[79.7396,12.7094],[79.739,12.7158],[79.7348,12.7202],[79.726,12.723],[79.7177,12.7225],[79.7156,12.7267],[79.7207,12.7287],[79.731,12.7299],[79.7418,12.7323],[79.7449,12.7365],[79.7465,12.7428],[79.7423,12.747],[79.7347,12.7513],[79.7288,12.7556],[79.7119,12.758],[79.7107,12.7616],[79.71,12.7694],[79.7113,12.7761],[79.707,12.7797],[79.7026,12.7757],[79.6944,12.7794],[79.6883,12.7844],[79.6786,12.7909],[79.6699,12.7839],[79.6729,12.7774],[79.6594,12.7746],[79.6613,12.7702],[79.6565,12.7638],[79.6531,12.7678],[79.6495,12.7735],[79.6501,12.7824],[79.6394,12.7853],[79.638,12.7876],[79.6414,12.7911],[79.6442,12.7974],[79.6447,12.8074],[79.6399,12.8163],[79.6321,12.82],[79.6226,12.8222],[79.6129,12.8268],[79.5968,12.8298],[79.5881,12.8336],[79.5826,12.8407],[79.5604,12.8496],[79.5604,12.8496],[79.5652,12.8529],[79.5677,12.8564],[79.5673,12.8616],[79.5633,12.869],[79.5597,12.8736],[79.5608,12.8804],[79.5663,12.886],[79.573,12.8994],[79.5833,12.9007],[79.5927,12.903],[79.6031,12.907],[79.613,12.9087],[79.6218,12.9122],[79.6393,12.9222],[79.662,12.9296],[79.6609,12.9482],[79.6803,12.956],[79.6827,12.96],[79.6907,12.9674],[79.7064,12.9751],[79.7264,12.9809],[79.7349,12.985],[79.7426,12.9921],[79.7501,13.0003],[79.7607,13.0104],[79.7701,13.016],[79.7855,13.0221],[79.7866,13.0221],[79.7995,13.0266],[79.8001,13.0201],[79.8023,13.0148],[79.8101,13.0168],[79.8206,13.0002],[79.8203,12.9935],[79.8156,12.9903],[79.8177,12.9868],[79.8233,12.988],[79.8213,12.985],[79.8233,12.9668],[79.825,12.9633],[79.8381,12.9638],[79.8367,12.9589],[79.8471,12.957],[79.8516,12.9549],[79.8537,12.9501],[79.8647,12.9484],[79.8957,12.9464],[79.8996,12.957],[79.9032,12.9606],[79.9098,12.9631],[79.9124,12.9675],[79.9128,12.9729],[79.9169,12.9771],[79.9013,12.9882],[79.8945,12.9905],[79.8976,12.9947],[79.9022,12.9946],[79.9084,13.0001],[79.9129,13.0031],[79.9159,12.9987],[79.9294,12.9907],[79.9385,12.993],[79.9409,12.9947],[79.9436,13.0001],[79.9443,13.0031],[79.9438,13.007],[79.9324,13.012],[79.9244,13.0145],[79.9224,13.0192],[79.9161,13.016],[79.9114,13.0165],[79.9052,13.0149],[79.9038,13.0213],[79.9037,13.0297],[79.8981,13.0345],[79.9041,13.0508],[79.915,13.048],[79.9219,13.0481],[79.9216,13.0373],[79.926,13.0351],[79.9355,13.0336],[79.9463,13.0334],[79.9628,13.0397],[79.9713,13.0382],[79.9727,13.0396],[79.9715,13.0436],[79.9715,13.0474],[79.977,13.053],[79.9894,13.0569],[79.9931,13.0518],[79.983,13.0478],[79.979,13.0399],[79.9791,13.0365],[79.9846,13.0327],[79.9918,13.0314],[79.9946,13.0351],[79.9966,13.0413],[79.9982,13.0519],[79.9944,13.0578],[79.9911,13.0607],[79.9875,13.0631],[79.9803,13.0654],[79.9814,13.0736],[79.9833,13.0817],[79.9875,13.0869],[79.9883,13.0913],[79.9969,13.0965],[80.001,13.0935],[80.0036,13.0969],[80.0021,13.1],[80.005,13.1004],[80.011,13.1038],[80.0135,13.1074],[80.0106,13.1188],[80.0123,13.1209],[80.0172,13.1203],[80.0152,13.1262],[80.0147,13.1315],[80.0306,13.1301],[80.0385,13.131],[80.0439,13.1331],[80.0428,13.1379],[80.0555,13.1378],[80.0603,13.1352],[80.0797,13.1425],[80.0877,13.1406],[80.0939,13.1356]]]},"properties":{"district_name":"Kancheepuram","raw_district_name":"Kancheepuram","state_code":"TN","state_name":"Tamil Nadu","census_code":604,"data_source":"DataMeet India Maps (Census 2011 Boundaries)"}},{"type":"Feature","geometry":{"type":"Polygon","coordinates":[[[77.5911,8.1418],[77.5892,8.1413],[77.5831,8.1373],[77.579,8.1329],[77.5783,8.1322],[77.5716,8.1276],[77.5687,8.1261],[77.5674,8.1258],[77.5669,8.1256],[77.5667,8.125],[77.5631,8.1217],[77.5626,8.1199],[77.5618,8.1187],[77.5617,8.1178],[77.5594,8.1118],[77.5588,8.11],[77.5587,8.1068],[77.5591,8.1034],[77.562,8.0966],[77.5637,8.0952],[77.5654,8.0939],[77.5661,8.092],[77.5658,8.0902],[77.5642,8.0883],[77.5582,8.0821],[77.5556,8.0788],[77.5529,8.0778],[77.5472,8.0782],[77.5375,8.0796],[77.5279,8.0812],[77.5238,8.0813],[77.512,8.0804],[77.508,8.0801],[77.5046,8.08],[77.4992,8.0808],[77.4924,8.083],[77.4805,8.0855],[77.4666,8.088],[77.4548,8.0891],[77.4488,8.0914],[77.4424,8.0938],[77.4216,8.0985],[77.4097,8.1034],[77.4057,8.1042],[77.4039,8.1041],[77.3985,8.1046],[77.3924,8.1065],[77.3901,8.1074],[77.3899,8.108],[77.3892,8.1078],[77.3818,8.1115],[77.3817,8.1122],[77.3795,8.1123],[77.3737,8.1155],[77.3708,8.1178],[77.3659,8.121],[77.3611,8.1233],[77.3586,8.1239],[77.3581,8.1239],[77.3555,8.1241],[77.3528,8.1239],[77.349,8.1244],[77.3481,8.1241],[77.3406,8.1253],[77.338,8.1246],[77.3379,8.1245],[77.3361,8.1234],[77.3286,8.1232],[77.3175,8.1214],[77.3104,8.126],[77.3099,8.1273],[77.3092,8.1282],[77.3086,8.1286],[77.307,8.1343],[77.3063,8.1347],[77.3054,8.1356],[77.3025,8.1423],[77.302,8.1426],[77.3002,8.1457],[77.2999,8.1471],[77.297,8.1498],[77.2901,8.1551],[77.2834,8.1601],[77.2768,8.164],[77.2505,8.1702],[77.2403,8.1779],[77.2385,8.1779],[77.2362,8.184],[77.2357,8.1842],[77.2338,8.1892],[77.2325,8.1907],[77.2322,8.191],[77.2274,8.1953],[77.2232,8.198],[77.2051,8.2066],[77.1992,8.2114],[77.1935,8.2159],[77.1919,8.2167],[77.1871,8.2198],[77.1871,8.2203],[77.1837,8.2229],[77.1836,8.2234],[77.1815,8.2251],[77.1793,8.228],[77.1775,8.23],[77.1745,8.2329],[77.1744,8.2334],[77.1714,8.2358],[77.1705,8.2362],[77.1696,8.2373],[77.1684,8.2407],[77.1642,8.2433],[77.1603,8.2456],[77.1573,8.2468],[77.1524,8.2506],[77.1444,8.2544],[77.1432,8.2552],[77.1284,8.2659],[77.1223,8.2725],[77.1152,8.2787],[77.1141,8.2794],[77.1138,8.28],[77.1109,8.2826],[77.1001,8.2914],[77.1038,8.2997],[77.1086,8.305],[77.1157,8.3057],[77.1175,8.3092],[77.1239,8.3093],[77.1201,8.3193],[77.128,8.3206],[77.1308,8.3242],[77.1412,8.3307],[77.1499,8.332],[77.1563,8.3279],[77.164,8.3281],[77.1691,8.3298],[77.1714,8.3273],[77.1742,8.3215],[77.179,8.3204],[77.179,8.3252],[77.1725,8.3335],[77.1704,8.3388],[77.1702,8.3433],[77.1761,8.3531],[77.1738,8.3593],[77.1713,8.3626],[77.1667,8.3624],[77.1607,8.357],[77.155,8.3535],[77.1546,8.3596],[77.1624,8.3701],[77.1603,8.3769],[77.1549,8.3804],[77.1539,8.3864],[77.1598,8.3907],[77.1649,8.3896],[77.1685,8.3833],[77.1728,8.3853],[77.1836,8.3958],[77.1862,8.4034],[77.1913,8.4097],[77.1989,8.4171],[77.1995,8.4266],[77.2017,8.4355],[77.2077,8.4428],[77.2179,8.4449],[77.2286,8.4458],[77.2293,8.4512],[77.2281,8.4588],[77.2242,8.4636],[77.2178,8.4684],[77.2136,8.4775],[77.2098,8.4963],[77.2053,8.5015],[77.2109,8.5075],[77.2175,8.5121],[77.2253,8.5126],[77.2362,8.5044],[77.2415,8.4965],[77.2466,8.4988],[77.2514,8.5042],[77.2603,8.5064],[77.2666,8.5097],[77.2715,8.5254],[77.2771,8.5365],[77.2841,8.5458],[77.284,8.551],[77.2786,8.5574],[77.2704,8.5794],[77.2874,8.5683],[77.2922,8.5702],[77.3089,8.5621],[77.316,8.5596],[77.3228,8.5585],[77.3352,8.5533],[77.3393,8.5519],[77.3468,8.5464],[77.3536,8.5449],[77.3546,8.5417],[77.3603,8.5402],[77.3632,8.5415],[77.3673,8.5313],[77.3744,8.52],[77.3779,8.518],[77.3808,8.5218],[77.3863,8.5206],[77.3897,8.5225],[77.3955,8.521],[77.4008,8.5204],[77.4062,8.5163],[77.4249,8.5131],[77.4423,8.5037],[77.4476,8.4982],[77.4476,8.4931],[77.449,8.4879],[77.4473,8.4811],[77.4474,8.474],[77.4631,8.4681],[77.4679,8.4671],[77.4652,8.4628],[77.4667,8.4607],[77.4722,8.456],[77.4718,8.4519],[77.468,8.4466],[77.466,8.4395],[77.465,8.4282],[77.4714,8.4155],[77.4747,8.4136],[77.4735,8.4087],[77.4747,8.4003],[77.4783,8.3957],[77.486,8.3923],[77.4928,8.3803],[77.4986,8.3803],[77.5084,8.3861],[77.5165,8.3838],[77.5216,8.384],[77.531,8.3914],[77.5352,8.3908],[77.5395,8.3876],[77.5423,8.3799],[77.5373,8.3737],[77.5364,8.3621],[77.5369,8.3589],[77.5371,8.3536],[77.5407,8.348],[77.5401,8.3429],[77.5426,8.3382],[77.5412,8.3354],[77.5341,8.336],[77.5345,8.327],[77.5363,8.3263],[77.533,8.3226],[77.5324,8.3184],[77.5385,8.3168],[77.5412,8.3148],[77.5472,8.307],[77.5499,8.3012],[77.564,8.2801],[77.558,8.2802],[77.5561,8.2774],[77.5597,8.273],[77.5644,8.2715],[77.5654,8.2685],[77.5629,8.2654],[77.5659,8.2618],[77.5716,8.26],[77.576,8.253],[77.5776,8.2488],[77.5753,8.2468],[77.5736,8.2492],[77.5668,8.2463],[77.5609,8.2455],[77.5512,8.2453],[77.5461,8.2429],[77.5455,8.234],[77.5471,8.2295],[77.5433,8.2258],[77.5429,8.2231],[77.5497,8.2231],[77.5473,8.2192],[77.5454,8.2141],[77.5444,8.2087],[77.5492,8.2081],[77.5489,8.2044],[77.5465,8.201],[77.5518,8.1964],[77.553,8.1929],[77.5443,8.1886],[77.547,8.1832],[77.5392,8.1759],[77.5404,8.1669],[77.5515,8.1583],[77.5622,8.1578],[77.5765,8.1544],[77.5836,8.1553],[77.585,8.152],[77.5899,8.1459],[77.5911,8.1418]]]},"properties":{"district_name":"Kanniyakumari","raw_district_name":"Kanniyakumari","state_code":"TN","state_name":"Tamil Nadu","census_code":629,"data_source":"DataMeet India Maps (Census 2011 Boundaries)"}},{"type":"Feature","geometry":{"type":"Polygon","coordinates":[[[78.1685,11.0109],[78.1685,11.0109],[78.1667,11.0037],[78.1675,11.0003],[78.1742,10.9908],[78.1844,10.9759],[78.1907,10.9688],[78.199,10.959],[78.2056,10.9577],[78.2139,10.9576],[78.2194,10.9576],[78.2281,10.9599],[78.2366,10.9622],[78.246,10.9657],[78.2492,10.966],[78.2612,10.9674],[78.2658,10.967],[78.2798,10.9658],[78.2908,10.9629],[78.299,10.9608],[78.3078,10.9603],[78.3135,10.9614],[78.3196,10.9595],[78.3215,10.9593],[78.3287,10.9585],[78.3405,10.959],[78.3523,10.9616],[78.3612,10.9615],[78.3692,10.9614],[78.3782,10.9626],[78.3823,10.9646],[78.393,10.9612],[78.4021,10.9568],[78.4076,10.9541],[78.415,10.9512],[78.4267,10.9466],[78.4367,10.9374],[78.4424,10.931],[78.4497,10.9263],[78.4549,10.9236],[78.4663,10.9177],[78.4647,10.914],[78.471,10.9111],[78.4775,10.908],[78.476,10.8992],[78.4708,10.8972],[78.4693,10.8852],[78.4783,10.8814],[78.4794,10.8847],[78.4841,10.8857],[78.489,10.8923],[78.4933,10.8922],[78.4946,10.8914],[78.5039,10.8853],[78.5053,10.8849],[78.5149,10.8819],[78.533,10.8769],[78.544,10.8768],[78.5491,10.8756],[78.5584,10.867],[78.5588,10.8625],[78.5658,10.8599],[78.5706,10.8566],[78.5737,10.8525],[78.5773,10.8505],[78.5786,10.8449],[78.5742,10.8434],[78.5712,10.8331],[78.5789,10.8301],[78.5871,10.8292],[78.5816,10.8182],[78.5767,10.8082],[78.5676,10.8087],[78.5602,10.8113],[78.5541,10.8118],[78.5511,10.8057],[78.546,10.7972],[78.5457,10.792],[78.547,10.7901],[78.5509,10.7882],[78.5573,10.7881],[78.5567,10.7812],[78.5619,10.7807],[78.5667,10.7789],[78.5697,10.7753],[78.5668,10.7696],[78.564,10.7668],[78.565,10.7553],[78.5677,10.7543],[78.5675,10.7508],[78.568,10.744],[78.5673,10.7367],[78.5646,10.7316],[78.5598,10.7307],[78.5531,10.7223],[78.5461,10.7214],[78.5418,10.7164],[78.5365,10.7139],[78.5353,10.713],[78.5321,10.7104],[78.5263,10.7083],[78.5182,10.7084],[78.5171,10.6992],[78.5151,10.697],[78.5141,10.6922],[78.496,10.6954],[78.4881,10.6986],[78.4817,10.7002],[78.474,10.7038],[78.4651,10.7012],[78.4631,10.6958],[78.4604,10.6912],[78.4583,10.6891],[78.4473,10.6916],[78.4406,10.6919],[78.4326,10.6923],[78.4321,10.6874],[78.4274,10.6761],[78.425,10.6767],[78.4212,10.6727],[78.4161,10.6725],[78.4097,10.6747],[78.4045,10.6773],[78.4019,10.681],[78.4038,10.6877],[78.4036,10.6896],[78.4033,10.692],[78.3993,10.6965],[78.3918,10.705],[78.3844,10.716],[78.3805,10.7163],[78.3754,10.7194],[78.3777,10.7251],[78.3713,10.7255],[78.366,10.7241],[78.3601,10.7243],[78.3593,10.7213],[78.3466,10.7205],[78.3428,10.7095],[78.3406,10.7059],[78.3355,10.7083],[78.3304,10.709],[78.33,10.7042],[78.3262,10.7044],[78.3244,10.7072],[78.3187,10.7059],[78.3171,10.7018],[78.3113,10.7009],[78.3055,10.7023],[78.3001,10.7019],[78.2942,10.7023],[78.2904,10.7133],[78.2898,10.7171],[78.292,10.7187],[78.2923,10.7239],[78.2926,10.7289],[78.2941,10.7323],[78.2879,10.7345],[78.2855,10.7404],[78.2856,10.7427],[78.2857,10.7448],[78.2829,10.7443],[78.2819,10.7336],[78.2793,10.7067],[78.2762,10.6964],[78.2756,10.6919],[78.2736,10.6785],[78.2715,10.6641],[78.2701,10.6545],[78.2671,10.6408],[78.2656,10.6276],[78.2652,10.6187],[78.2643,10.6147],[78.2592,10.6101],[78.2564,10.6056],[78.2579,10.5999],[78.2608,10.5942],[78.2617,10.5869],[78.2611,10.5804],[78.2583,10.5742],[78.2537,10.5691],[78.246,10.5575],[78.2395,10.5538],[78.223,10.5492],[78.2015,10.547],[78.1978,10.5469],[78.1889,10.5562],[78.1804,10.5572],[78.1741,10.554],[78.1708,10.5537],[78.1633,10.5594],[78.1523,10.5648],[78.1471,10.5617],[78.1415,10.5647],[78.1393,10.5694],[78.1337,10.5731],[78.1352,10.5791],[78.1356,10.5913],[78.1384,10.5994],[78.145,10.6041],[78.1619,10.6104],[78.166,10.6137],[78.1606,10.6325],[78.161,10.6396],[78.1645,10.649],[78.1526,10.6491],[78.1463,10.6515],[78.1475,10.6622],[78.1465,10.671],[78.1475,10.6824],[78.1494,10.6913],[78.1531,10.7028],[78.155,10.7141],[78.1559,10.7263],[78.1535,10.7345],[78.1552,10.7439],[78.1605,10.758],[78.1687,10.7765],[78.1706,10.7941],[78.1731,10.8022],[78.1865,10.8193],[78.1825,10.8214],[78.1852,10.8262],[78.1861,10.8293],[78.1857,10.8312],[78.182,10.8306],[78.1809,10.8245],[78.1784,10.8234],[78.1755,10.8297],[78.1768,10.8315],[78.1768,10.8337],[78.1732,10.834],[78.1726,10.8323],[78.1714,10.8323],[78.1698,10.8306],[78.1691,10.8332],[78.1587,10.8312],[78.1592,10.8263],[78.1542,10.8251],[78.1522,10.8202],[78.1494,10.8051],[78.1422,10.8031],[78.133,10.8026],[78.1064,10.8049],[78.1041,10.7993],[78.0973,10.7867],[78.0974,10.7808],[78.101,10.778],[78.0981,10.7646],[78.086,10.7709],[78.0725,10.775],[78.0701,10.7727],[78.0674,10.7663],[78.061,10.7662],[78.0594,10.763],[78.0578,10.7628],[78.0552,10.7658],[78.0563,10.7708],[78.053,10.7718],[78.0536,10.7735],[78.0522,10.7741],[78.051,10.7731],[78.0491,10.7737],[78.0499,10.7764],[78.0428,10.7777],[78.042,10.7739],[78.0337,10.7755],[78.034,10.7801],[78.0294,10.7801],[78.0289,10.7765],[78.0246,10.7778],[78.0236,10.7759],[78.0259,10.7733],[78.0249,10.7718],[78.0178,10.7734],[77.9999,10.7726],[77.9965,10.7682],[77.9953,10.7624],[77.9897,10.7613],[77.9853,10.7595],[77.9739,10.763],[77.963,10.7601],[77.9396,10.7655],[77.9367,10.7592],[77.9308,10.7516],[77.9315,10.7484],[77.9302,10.7391],[77.9323,10.7347],[77.9518,10.7415],[77.9783,10.742],[77.9883,10.7407],[77.9974,10.7413],[77.9956,10.7332],[77.9973,10.73],[78,10.7282],[78.0132,10.7278],[78.0105,10.7206],[78.0164,10.7178],[78.0109,10.7068],[78.0114,10.701],[78.0102,10.6872],[78.0084,10.6808],[78.0075,10.6738],[78,10.6727],[77.9964,10.6709],[77.9914,10.6696],[77.9825,10.6719],[77.9736,10.6725],[77.9716,10.6697],[77.9734,10.6568],[77.9769,10.6512],[77.979,10.6451],[77.9797,10.6378],[77.9526,10.6368],[77.9491,10.6407],[77.9397,10.6403],[77.9339,10.6424],[77.9296,10.6459],[77.9236,10.6461],[77.9146,10.6452],[77.9092,10.6544],[77.9007,10.6489],[77.8969,10.6441],[77.892,10.6459],[77.8848,10.65],[77.8788,10.6441],[77.8755,10.6386],[77.8732,10.6306],[77.8529,10.6367],[77.8489,10.6389],[77.8413,10.6335],[77.831,10.6315],[77.8268,10.6351],[77.824,10.6403],[77.8137,10.6474],[77.8152,10.6496],[77.817,10.671],[77.8183,10.6764],[77.8167,10.6807],[77.8092,10.679],[77.8083,10.6938],[77.8128,10.7013],[77.8187,10.7059],[77.8228,10.7111],[77.8243,10.7149],[77.8207,10.7316],[77.8243,10.7448],[77.8245,10.7503],[77.8168,10.7552],[77.812,10.7567],[77.8065,10.7558],[77.8017,10.7539],[77.7971,10.7504],[77.794,10.7553],[77.7841,10.7555],[77.7825,10.7575],[77.7803,10.7649],[77.7686,10.7655],[77.7742,10.7848],[77.7763,10.789],[77.7931,10.7886],[77.794,10.793],[77.7993,10.8037],[77.8009,10.8048],[77.8114,10.8031],[77.8108,10.7981],[77.8135,10.795],[77.8169,10.7943],[77.8254,10.7953],[77.827,10.7909],[77.8305,10.7902],[77.8328,10.7886],[77.8335,10.7856],[77.836,10.7844],[77.8479,10.7826],[77.8574,10.7789],[77.8623,10.7741],[77.8686,10.7708],[77.8703,10.7751],[77.884,10.7726],[77.8905,10.7732],[77.8912,10.7818],[77.8906,10.7885],[77.8889,10.7912],[77.8845,10.7877],[77.8804,10.787],[77.8753,10.7875],[77.87,10.7923],[77.8671,10.7976],[77.8689,10.8025],[77.8745,10.8071],[77.8736,10.8218],[77.8687,10.8218],[77.868,10.8277],[77.8692,10.8317],[77.8726,10.8324],[77.8689,10.8393],[77.861,10.8458],[77.8592,10.8469],[77.8566,10.8457],[77.8443,10.8357],[77.839,10.8324],[77.8344,10.8325],[77.8299,10.8345],[77.8258,10.8393],[77.8224,10.8437],[77.8205,10.8498],[77.8165,10.8549],[77.8066,10.8549],[77.8058,10.8585],[77.7983,10.8628],[77.7961,10.8669],[77.7923,10.8773],[77.7896,10.8813],[77.7875,10.8815],[77.7857,10.8778],[77.785,10.8737],[77.7825,10.8697],[77.7793,10.8668],[77.7752,10.8663],[77.7723,10.8705],[77.7719,10.8804],[77.7716,10.8884],[77.7678,10.8934],[77.7633,10.8959],[77.7603,10.8995],[77.7596,10.9065],[77.7607,10.922],[77.7645,10.9296],[77.7683,10.947],[77.7691,10.955],[77.7666,10.9628],[77.7596,10.9624],[77.7527,10.963],[77.7506,10.9691],[77.7498,10.9746],[77.7508,10.9792],[77.7585,10.9773],[77.7614,10.9837],[77.7792,10.9943],[77.781,11.0003],[77.7812,11.0003],[77.7865,11.0137],[77.791,11.0302],[77.7806,11.0375],[77.7795,11.0497],[77.7784,11.0512],[77.7763,11.0543],[77.7794,11.0602],[77.7824,11.0621],[77.7896,11.0642],[77.7946,11.0639],[77.799,11.0621],[77.805,11.0619],[77.8107,11.0676],[77.8139,11.0675],[77.8181,11.0658],[77.825,11.0603],[77.8281,11.0527],[77.8286,11.0476],[77.8311,11.0435],[77.8353,11.0414],[77.8404,11.0415],[77.8456,11.0434],[77.8488,11.0383],[77.8503,11.0323],[77.8541,11.0293],[77.8596,11.0279],[77.8664,11.0214],[77.8719,11.0218],[77.878,11.0234],[77.8892,11.03],[77.8992,11.0307],[77.9064,11.0423],[77.909,11.0446],[77.9181,11.0443],[77.9204,11.0467],[77.9272,11.0596],[77.9323,11.0674],[77.9397,11.0648],[77.9439,11.0642],[77.9507,11.0646],[77.9699,11.076],[77.9773,11.083],[77.9865,11.0896],[78.0001,11.0931],[78.013,11.0933],[78.0273,11.0913],[78.0495,11.0769],[78.0567,11.0741],[78.0644,11.0757],[78.0766,11.077],[78.0897,11.0766],[78.0959,11.0749],[78.1065,11.0688],[78.1117,11.0634],[78.1217,11.055],[78.1294,11.0463],[78.1392,11.0402],[78.1452,11.0377],[78.1492,11.0316],[78.1639,11.0147],[78.1685,11.0109]]]},"properties":{"district_name":"Karur","raw_district_name":"Karur","state_code":"TN","state_name":"Tamil Nadu","census_code":613,"data_source":"DataMeet India Maps (Census 2011 Boundaries)"}},{"type":"Feature","geometry":{"type":"Polygon","coordinates":[[[78.6354,12.1752],[78.6254,12.1778],[78.6105,12.1777],[78.5971,12.1702],[78.5867,12.1628],[78.5807,12.1671],[78.5761,12.1788],[78.57,12.1861],[78.5581,12.186],[78.5446,12.1859],[78.5223,12.1724],[78.515,12.1635],[78.5062,12.1487],[78.5032,12.1428],[78.4688,12.1468],[78.4745,12.1734],[78.4595,12.1776],[78.4415,12.1877],[78.4206,12.1875],[78.3996,12.1872],[78.3862,12.1886],[78.3787,12.1929],[78.3845,12.2077],[78.4023,12.2167],[78.3962,12.2269],[78.3798,12.2253],[78.3619,12.2206],[78.3573,12.2309],[78.3526,12.2455],[78.3345,12.2615],[78.3015,12.267],[78.2762,12.2593],[78.2611,12.2724],[78.2594,12.2885],[78.2548,12.2958],[78.2382,12.3059],[78.2322,12.3132],[78.2424,12.3295],[78.2348,12.3397],[78.214,12.3321],[78.1855,12.3317],[78.1689,12.3477],[78.1627,12.3653],[78.1446,12.3709],[78.1323,12.3943],[78.1305,12.4223],[78.1182,12.4427],[78.0957,12.4483],[78.0701,12.4568],[78.052,12.4639],[78.0446,12.4564],[78.0207,12.4561],[78.0159,12.4796],[78.0081,12.4957],[77.9915,12.5057],[77.9811,12.5012],[77.9707,12.4951],[77.9603,12.4906],[77.9483,12.4904],[77.945,12.5124],[77.9315,12.5137],[77.9196,12.5062],[77.9032,12.5045],[77.9018,12.4986],[77.9124,12.4884],[77.9261,12.4724],[77.9263,12.4621],[77.9399,12.4491],[77.9536,12.4375],[77.9735,12.4069],[77.9633,12.3891],[77.9501,12.3668],[77.9505,12.3418],[77.9402,12.3314],[77.9208,12.3267],[77.8984,12.3249],[77.8879,12.3277],[77.876,12.3216],[77.8718,12.301],[77.8722,12.2804],[77.8649,12.2656],[77.8636,12.2567],[77.8441,12.255],[77.8191,12.2281],[77.8063,12.1897],[77.7961,12.1704],[77.7934,12.1542],[77.7829,12.157],[77.7678,12.1656],[77.7559,12.1624],[77.7512,12.1532],[77.7501,12.1574],[77.7429,12.1641],[77.74,12.1695],[77.7373,12.1768],[77.7304,12.181],[77.7217,12.1828],[77.7121,12.182],[77.6836,12.1908],[77.6789,12.1931],[77.6662,12.1971],[77.6553,12.1979],[77.6437,12.1957],[77.6396,12.1956],[77.6362,12.199],[77.632,12.2009],[77.6264,12.199],[77.6211,12.2008],[77.6147,12.2044],[77.6071,12.2045],[77.6017,12.1997],[77.5947,12.198],[77.58,12.1972],[77.5758,12.1996],[77.5663,12.1962],[77.5571,12.1994],[77.5489,12.2035],[77.5438,12.2029],[77.5414,12.1992],[77.5384,12.199],[77.5348,12.1973],[77.5301,12.1977],[77.5216,12.193],[77.5027,12.1961],[77.4927,12.1991],[77.489,12.2029],[77.4851,12.2047],[77.4794,12.2054],[77.4758,12.2112],[77.4785,12.2191],[77.4825,12.2262],[77.4838,12.2338],[77.4769,12.2429],[77.473,12.2446],[77.4736,12.2529],[77.4768,12.2573],[77.4773,12.262],[77.4803,12.2707],[77.4853,12.2748],[77.4885,12.2785],[77.4943,12.2787],[77.5007,12.282],[77.5033,12.2817],[77.5081,12.2773],[77.5122,12.2752],[77.5285,12.2785],[77.5337,12.29],[77.5498,12.2914],[77.5529,12.2927],[77.5554,12.3017],[77.5663,12.3062],[77.5762,12.3257],[77.5788,12.3332],[77.5855,12.3353],[77.5964,12.3454],[77.6014,12.3583],[77.6105,12.3603],[77.6141,12.3628],[77.6166,12.3693],[77.6178,12.3767],[77.6201,12.3827],[77.6212,12.3947],[77.6235,12.4069],[77.626,12.4139],[77.6303,12.4175],[77.6308,12.4228],[77.6273,12.4277],[77.6271,12.4337],[77.6302,12.4471],[77.6283,12.4522],[77.6318,12.4635],[77.6353,12.4863],[77.6273,12.4945],[77.6208,12.487],[77.6067,12.4736],[77.5853,12.4773],[77.5925,12.4852],[77.6118,12.5006],[77.6147,12.5039],[77.6163,12.5088],[77.6152,12.5123],[77.6051,12.5126],[77.5884,12.5159],[77.5897,12.5204],[77.5875,12.5324],[77.5863,12.5457],[77.5822,12.5493],[77.5798,12.5668],[77.581,12.5724],[77.584,12.5761],[77.5912,12.5931],[77.5918,12.6139],[77.5951,12.6208],[77.6033,12.6254],[77.6076,12.6299],[77.6046,12.636],[77.6052,12.6393],[77.6014,12.6416],[77.599,12.6455],[77.5976,12.6515],[77.5989,12.6571],[77.6,12.6663],[77.6075,12.6678],[77.6191,12.6722],[77.6427,12.679],[77.6485,12.679],[77.6641,12.6831],[77.6801,12.6802],[77.6757,12.6733],[77.6791,12.6709],[77.6772,12.6618],[77.6777,12.6596],[77.6832,12.6594],[77.6883,12.658],[77.6974,12.6609],[77.7054,12.6603],[77.7117,12.6673],[77.7137,12.6828],[77.7241,12.6793],[77.7241,12.6744],[77.7253,12.6721],[77.7284,12.671],[77.7332,12.6723],[77.7414,12.6731],[77.7432,12.681],[77.7409,12.687],[77.7372,12.6919],[77.7435,12.7006],[77.75,12.6976],[77.7571,12.6957],[77.7603,12.6963],[77.766,12.7062],[77.7673,12.7131],[77.7715,12.7168],[77.773,12.7236],[77.7655,12.7247],[77.7616,12.7275],[77.763,12.7342],[77.7683,12.7384],[77.7769,12.7387],[77.7881,12.7428],[77.7929,12.7479],[77.7949,12.7542],[77.7883,12.757],[77.7838,12.7602],[77.7816,12.7639],[77.7816,12.7689],[77.7915,12.7801],[77.793,12.7852],[77.7979,12.7904],[77.8035,12.793],[77.8078,12.792],[77.8094,12.796],[77.8064,12.7987],[77.8013,12.8054],[77.8043,12.8149],[77.8087,12.814],[77.8106,12.8147],[77.8086,12.8209],[77.8109,12.8299],[77.8022,12.8304],[77.7979,12.8327],[77.7934,12.8373],[77.7947,12.8429],[77.7984,12.8444],[77.7993,12.8478],[77.8018,12.8489],[77.8097,12.8469],[77.8148,12.8518],[77.8189,12.8518],[77.8235,12.8531],[77.8269,12.8581],[77.832,12.859],[77.8321,12.8637],[77.8355,12.8681],[77.8409,12.867],[77.8464,12.8668],[77.8496,12.865],[77.854,12.865],[77.8594,12.867],[77.8645,12.8659],[77.8688,12.8668],[77.8722,12.8661],[77.8769,12.8678],[77.888,12.8685],[77.8923,12.8676],[77.8975,12.8761],[77.9043,12.8775],[77.9106,12.8771],[77.9123,12.8826],[77.9194,12.8822],[77.9244,12.8828],[77.9278,12.8877],[77.9344,12.8871],[77.9391,12.8841],[77.9388,12.8807],[77.9285,12.8782],[77.9298,12.8728],[77.9437,12.871],[77.9446,12.8654],[77.9412,12.8655],[77.939,12.8636],[77.9379,12.8598],[77.9286,12.8567],[77.9255,12.8536],[77.925,12.8483],[77.922,12.8417],[77.9194,12.8313],[77.9206,12.829],[77.9284,12.8285],[77.931,12.8256],[77.935,12.8231],[77.9432,12.8223],[77.9501,12.8387],[77.9463,12.8432],[77.9427,12.849],[77.9436,12.8541],[77.9488,12.859],[77.9557,12.8587],[77.9588,12.8575],[77.9571,12.8475],[77.9616,12.8473],[77.9655,12.8481],[77.9682,12.8457],[77.9653,12.8346],[77.9677,12.8309],[77.9816,12.8321],[77.9839,12.8276],[77.9849,12.8239],[77.9917,12.8199],[77.9918,12.8051],[77.9964,12.8048],[78.0001,12.8067],[78.0119,12.805],[78.016,12.8128],[78.0137,12.8154],[78.0037,12.8232],[78.0102,12.8286],[78.0142,12.8275],[78.0175,12.8296],[78.0184,12.8325],[78.0175,12.8377],[78.0194,12.8432],[78.0272,12.8431],[78.0272,12.8479],[78.0247,12.8525],[78.0253,12.8554],[78.03,12.8557],[78.0326,12.8508],[78.0504,12.8478],[78.0524,12.8517],[78.0572,12.852],[78.0611,12.8482],[78.0619,12.8419],[78.0751,12.8398],[78.0769,12.8363],[78.0765,12.8286],[78.0842,12.831],[78.0867,12.8302],[78.0931,12.8188],[78.0971,12.813],[78.1058,12.81],[78.1083,12.8057],[78.1127,12.8032],[78.1201,12.8012],[78.1252,12.7969],[78.1286,12.7897],[78.1314,12.7798],[78.1379,12.78],[78.1473,12.779],[78.1538,12.7765],[78.1585,12.7732],[78.169,12.7701],[78.177,12.7749],[78.1862,12.7732],[78.1896,12.7699],[78.1948,12.7726],[78.2012,12.7711],[78.2099,12.7651],[78.2235,12.7651],[78.2316,12.7626],[78.2303,12.7571],[78.24,12.7303],[78.2383,12.7253],[78.2314,12.7134],[78.2249,12.7124],[78.2209,12.7093],[78.2143,12.7091],[78.2111,12.7063],[78.2071,12.7067],[78.2058,12.7053],[78.2104,12.7],[78.2098,12.6988],[78.2005,12.6936],[78.2009,12.6914],[78.2064,12.69],[78.2112,12.6857],[78.2392,12.684],[78.2378,12.6903],[78.2386,12.6994],[78.2438,12.7039],[78.2502,12.7025],[78.2756,12.702],[78.2784,12.6976],[78.2955,12.6779],[78.2983,12.6684],[78.3002,12.6669],[78.3018,12.6632],[78.3063,12.6645],[78.3201,12.6603],[78.3338,12.6476],[78.3408,12.6488],[78.3503,12.6423],[78.3599,12.6341],[78.3721,12.6256],[78.3799,12.6223],[78.3858,12.6236],[78.3977,12.6244],[78.4092,12.6242],[78.4079,12.6186],[78.4099,12.6109],[78.4098,12.6073],[78.4079,12.6011],[78.4104,12.5984],[78.4108,12.5872],[78.4205,12.5679],[78.4178,12.5493],[78.4173,12.5381],[78.4148,12.5261],[78.4178,12.5242],[78.4158,12.5158],[78.4185,12.5138],[78.4205,12.5109],[78.4171,12.4945],[78.4172,12.486],[78.4241,12.4788],[78.4275,12.4716],[78.4338,12.4616],[78.4462,12.4518],[78.451,12.4495],[78.4489,12.4401],[78.4548,12.429],[78.4507,12.418],[78.4416,12.4066],[78.4408,12.4002],[78.4365,12.3962],[78.4364,12.3931],[78.4398,12.3894],[78.4436,12.3896],[78.4597,12.384],[78.4625,12.3861],[78.4644,12.3899],[78.4667,12.3905],[78.4832,12.3894],[78.4901,12.3866],[78.4929,12.4038],[78.4972,12.4093],[78.5025,12.4066],[78.507,12.399],[78.5123,12.3998],[78.516,12.4044],[78.5202,12.4032],[78.5285,12.3988],[78.5358,12.3968],[78.5404,12.3959],[78.545,12.3965],[78.557,12.3896],[78.5674,12.3868],[78.5702,12.3854],[78.5709,12.3808],[78.5746,12.3732],[78.583,12.3631],[78.5923,12.3569],[78.6132,12.351],[78.6181,12.346],[78.6166,12.3414],[78.6172,12.3373],[78.6122,12.3288],[78.6076,12.3313],[78.6036,12.3276],[78.601,12.3228],[78.5954,12.3217],[78.5939,12.3167],[78.5897,12.312],[78.5919,12.3095],[78.5951,12.3082],[78.6002,12.3134],[78.6052,12.3125],[78.6095,12.3112],[78.6113,12.3077],[78.6123,12.3039],[78.6118,12.2977],[78.6144,12.2952],[78.6147,12.2939],[78.6124,12.2883],[78.6089,12.2828],[78.6046,12.2712],[78.6049,12.2663],[78.607,12.2628],[78.6108,12.2616],[78.6148,12.2627],[78.6199,12.2682],[78.6261,12.2641],[78.6434,12.2819],[78.6447,12.2794],[78.6438,12.2754],[78.6416,12.2708],[78.6408,12.2656],[78.6367,12.2616],[78.6522,12.2578],[78.6522,12.2578],[78.6536,12.2509],[78.654,12.245],[78.6527,12.2387],[78.6632,12.2347],[78.6697,12.2295],[78.6724,12.2238],[78.6726,12.2175],[78.67,12.2085],[78.6591,12.1964],[78.6445,12.2039],[78.642,12.194],[78.6386,12.1872],[78.6346,12.1759],[78.6354,12.1752]]]},"properties":{"district_name":"Krishnagiri","raw_district_name":"Krishnagiri","state_code":"TN","state_name":"Tamil Nadu","census_code":631,"data_source":"DataMeet India Maps (Census 2011 Boundaries)"}},{"type":"Feature","geometry":{"type":"Polygon","coordinates":[[[78.1458,9.7835],[78.142,9.7808],[78.1395,9.7755],[78.1388,9.7688],[78.1402,9.7608],[78.1339,9.7646],[78.1284,9.7627],[78.1277,9.7695],[78.122,9.7754],[78.1095,9.7849],[78.1028,9.783],[78.0997,9.7795],[78.0924,9.7794],[78.0908,9.7765],[78.0962,9.7718],[78.1044,9.7665],[78.1038,9.7613],[78.1019,9.7549],[78.0935,9.7555],[78.0852,9.7589],[78.082,9.7485],[78.0726,9.7523],[78.0634,9.7409],[78.075,9.731],[78.0703,9.724],[78.0745,9.7192],[78.0778,9.7099],[78.081,9.7056],[78.0802,9.6954],[78.0854,9.6923],[78.0862,9.6876],[78.0894,9.6822],[78.089,9.6755],[78.0843,9.6745],[78.0818,9.6713],[78.0839,9.6673],[78.0838,9.6622],[78.0787,9.6598],[78.0663,9.659],[78.061,9.6599],[78.062,9.6705],[78.0411,9.6764],[78.0322,9.659],[78.0263,9.6583],[78.0229,9.6514],[78.0179,9.645],[78.0155,9.6392],[78.0117,9.6391],[78.006,9.6417],[78.0062,9.6487],[78.0034,9.6489],[78,9.6462],[77.9964,9.642],[77.9927,9.6427],[77.9906,9.6404],[77.989,9.6364],[77.9843,9.635],[77.9813,9.6323],[77.9754,9.6303],[77.9672,9.6345],[77.9668,9.6377],[77.9642,9.6386],[77.9643,9.6452],[77.9539,9.6482],[77.9529,9.6463],[77.9504,9.6459],[77.9492,9.6475],[77.9354,9.6483],[77.9317,9.6463],[77.9256,9.6462],[77.9225,9.6373],[77.9137,9.6371],[77.9053,9.6311],[77.903,9.6286],[77.9022,9.6247],[77.8994,9.6256],[77.8946,9.6294],[77.8925,9.6352],[77.8915,9.6418],[77.8688,9.6475],[77.8476,9.6502],[77.8438,9.6355],[77.8336,9.6356],[77.8183,9.6412],[77.8116,9.6405],[77.8071,9.6419],[77.7969,9.6484],[77.7929,9.6386],[77.7911,9.6389],[77.7762,9.6404],[77.7701,9.6506],[77.7663,9.6608],[77.7706,9.6621],[77.7704,9.6649],[77.768,9.6663],[77.7685,9.6727],[77.7663,9.6757],[77.7652,9.6798],[77.7633,9.6806],[77.7629,9.6836],[77.7614,9.6836],[77.7605,9.6818],[77.7348,9.6919],[77.7296,9.6915],[77.7253,9.6932],[77.7111,9.7038],[77.7121,9.696],[77.7088,9.6905],[77.7028,9.6905],[77.7007,9.6926],[77.7017,9.6981],[77.6956,9.6968],[77.6961,9.6923],[77.6857,9.6842],[77.6851,9.6778],[77.6816,9.6769],[77.6791,9.6812],[77.6694,9.6767],[77.6615,9.6813],[77.66,9.6791],[77.6582,9.6788],[77.6569,9.6809],[77.6523,9.6818],[77.6518,9.6839],[77.6535,9.6872],[77.6517,9.6907],[77.6511,9.6943],[77.6498,9.6975],[77.6481,9.6965],[77.6466,9.6972],[77.6476,9.701],[77.6459,9.7008],[77.6442,9.7053],[77.6374,9.702],[77.6333,9.7027],[77.6307,9.7065],[77.6247,9.7015],[77.6232,9.6993],[77.619,9.6985],[77.6171,9.6945],[77.6113,9.6978],[77.6035,9.6914],[77.6032,9.6867],[77.5998,9.6857],[77.5999,9.6841],[77.5937,9.68],[77.5866,9.666],[77.5793,9.6683],[77.5777,9.6644],[77.5757,9.6622],[77.569,9.6603],[77.5637,9.6572],[77.5581,9.6487],[77.5511,9.6446],[77.5447,9.6458],[77.5446,9.6485],[77.5471,9.6534],[77.5474,9.6569],[77.5441,9.6597],[77.5381,9.6575],[77.5361,9.6533],[77.5334,9.6522],[77.5275,9.6479],[77.5266,9.6442],[77.5204,9.6382],[77.5197,9.6336],[77.5209,9.6309],[77.5165,9.6121],[77.5147,9.6103],[77.5115,9.6025],[77.5079,9.602],[77.5056,9.5995],[77.4996,9.5882],[77.5005,9.5827],[77.4989,9.5766],[77.4942,9.5722],[77.4917,9.5712],[77.4876,9.5714],[77.4854,9.5698],[77.485,9.5663],[77.482,9.5631],[77.4784,9.5626],[77.4784,9.5626],[77.4784,9.5626],[77.4756,9.5697],[77.4693,9.5748],[77.4643,9.5788],[77.4696,9.5866],[77.4736,9.5924],[77.4799,9.599],[77.4802,9.5993],[77.4869,9.6063],[77.4877,9.6136],[77.4996,9.6277],[77.5035,9.6323],[77.5059,9.6364],[77.5057,9.639],[77.5036,9.6427],[77.5036,9.6463],[77.5051,9.6494],[77.5115,9.652],[77.5199,9.6588],[77.5211,9.6589],[77.5231,9.659],[77.526,9.6607],[77.5305,9.6698],[77.5368,9.6761],[77.5419,9.6933],[77.5441,9.6923],[77.5461,9.6948],[77.5472,9.6981],[77.546,9.7042],[77.5533,9.7177],[77.5544,9.7214],[77.5622,9.7351],[77.5695,9.7478],[77.5798,9.7558],[77.5837,9.7597],[77.5851,9.7612],[77.5894,9.7656],[77.5958,9.7721],[77.6004,9.7767],[77.6074,9.794],[77.6127,9.7995],[77.6186,9.807],[77.6243,9.8213],[77.6248,9.8225],[77.626,9.8304],[77.6263,9.8326],[77.6279,9.8359],[77.6256,9.8376],[77.6202,9.836],[77.6184,9.8377],[77.6191,9.8474],[77.6194,9.852],[77.6196,9.8554],[77.6226,9.8634],[77.6367,9.8726],[77.6497,9.8907],[77.6495,9.9015],[77.6506,9.9051],[77.6543,9.9091],[77.6554,9.9145],[77.6575,9.9185],[77.6665,9.9151],[77.668,9.9117],[77.6747,9.9225],[77.6755,9.9238],[77.6761,9.9248],[77.6807,9.9344],[77.6749,9.9546],[77.6746,9.9575],[77.6744,9.9595],[77.6757,9.9618],[77.683,9.9689],[77.6932,9.9677],[77.6942,9.9773],[77.696,9.9836],[77.6967,9.9925],[77.6971,10.0003],[77.6991,10.0064],[77.6983,10.0129],[77.7018,10.0131],[77.7026,10.0159],[77.7069,10.0168],[77.711,10.0202],[77.711,10.0202],[77.7212,10.0179],[77.7232,10.0224],[77.7422,10.0342],[77.7502,10.0441],[77.7537,10.0461],[77.7599,10.0451],[77.7626,10.0463],[77.7598,10.0496],[77.7642,10.0554],[77.7758,10.0513],[77.7822,10.0498],[77.7924,10.0553],[77.7958,10.0581],[77.7978,10.0614],[77.8025,10.0644],[77.8084,10.0664],[77.8146,10.0674],[77.8235,10.0667],[77.8302,10.0705],[77.8391,10.0726],[77.8547,10.0752],[77.8608,10.0749],[77.8667,10.0732],[77.8717,10.0683],[77.8767,10.0591],[77.8826,10.0647],[77.8854,10.0663],[77.8894,10.067],[77.8921,10.0703],[77.8954,10.0717],[77.9014,10.069],[77.9058,10.069],[77.9081,10.074],[77.9115,10.0756],[77.9203,10.0742],[77.9225,10.0769],[77.9204,10.0802],[77.9199,10.083],[77.9389,10.0861],[77.94,10.0899],[77.9478,10.0904],[77.9448,10.0944],[77.9381,10.0953],[77.9372,10.0983],[77.9371,10.1067],[77.942,10.1095],[77.9427,10.1152],[77.9459,10.1171],[77.9487,10.1205],[77.9509,10.1274],[77.9547,10.1285],[77.9552,10.1322],[77.9507,10.1321],[77.9478,10.1334],[77.9528,10.1402],[77.9669,10.1327],[77.9699,10.1316],[77.9748,10.1312],[77.9789,10.1335],[77.9888,10.1425],[77.9939,10.1516],[78.0001,10.159],[78.0191,10.1596],[78.02,10.1648],[78.0248,10.1706],[78.0305,10.1793],[78.035,10.178],[78.0548,10.1792],[78.072,10.1785],[78.073,10.1827],[78.1075,10.1837],[78.1162,10.1852],[78.1215,10.1889],[78.1252,10.1869],[78.1301,10.1866],[78.1415,10.1824],[78.1462,10.1786],[78.1497,10.1745],[78.153,10.1649],[78.1576,10.1547],[78.1588,10.1484],[78.1583,10.1434],[78.1636,10.1402],[78.165,10.1252],[78.1607,10.1143],[78.1605,10.1106],[78.1627,10.1062],[78.1655,10.1026],[78.1692,10.1014],[78.1705,10.0981],[78.1697,10.0946],[78.1703,10.092],[78.1787,10.0922],[78.1923,10.0839],[78.2041,10.0787],[78.2018,10.0697],[78.2121,10.0645],[78.216,10.0751],[78.2263,10.0783],[78.2403,10.0787],[78.2475,10.0844],[78.2598,10.0855],[78.262,10.093],[78.2616,10.0995],[78.264,10.1053],[78.2663,10.1086],[78.2705,10.1091],[78.2722,10.1145],[78.2737,10.1213],[78.2719,10.1265],[78.2729,10.13],[78.2807,10.1303],[78.2813,10.1365],[78.2841,10.1482],[78.2828,10.1592],[78.2813,10.1639],[78.277,10.1645],[78.2594,10.1602],[78.256,10.1627],[78.2576,10.1664],[78.2617,10.1693],[78.266,10.1751],[78.2787,10.1822],[78.3,10.1958],[78.3158,10.2085],[78.3208,10.2135],[78.3289,10.2258],[78.329,10.2297],[78.3271,10.2346],[78.3274,10.2388],[78.3295,10.2412],[78.3315,10.2449],[78.3312,10.2493],[78.3279,10.2545],[78.3273,10.2596],[78.3301,10.2633],[78.3304,10.2684],[78.3287,10.2713],[78.3292,10.2751],[78.328,10.2776],[78.3283,10.2843],[78.3311,10.2868],[78.3352,10.2879],[78.3356,10.2909],[78.3323,10.2947],[78.3341,10.2999],[78.3649,10.2929],[78.3684,10.2982],[78.3733,10.2988],[78.3717,10.3075],[78.3806,10.309],[78.3869,10.3023],[78.3899,10.3024],[78.3897,10.2954],[78.3868,10.2928],[78.3869,10.2907],[78.3854,10.2899],[78.3825,10.2926],[78.3811,10.2912],[78.3817,10.2885],[78.3865,10.2844],[78.3855,10.2747],[78.3828,10.2731],[78.3863,10.2716],[78.3864,10.2696],[78.3881,10.2692],[78.3915,10.2715],[78.3967,10.2718],[78.4043,10.2752],[78.4081,10.2711],[78.4148,10.2732],[78.4201,10.2695],[78.4237,10.2683],[78.4235,10.2568],[78.4091,10.2539],[78.405,10.2486],[78.3961,10.2461],[78.395,10.2416],[78.3949,10.2345],[78.3986,10.2255],[78.4028,10.2238],[78.4077,10.2204],[78.4127,10.2125],[78.4118,10.2085],[78.4092,10.2033],[78.4057,10.199],[78.4034,10.1875],[78.3962,10.1777],[78.3968,10.1713],[78.399,10.168],[78.4002,10.1646],[78.4149,10.159],[78.4144,10.156],[78.4097,10.1505],[78.4063,10.1437],[78.4039,10.1369],[78.4105,10.1346],[78.4161,10.1339],[78.4168,10.1308],[78.4189,10.1287],[78.4216,10.1308],[78.4271,10.1306],[78.4268,10.1236],[78.4298,10.1224],[78.4326,10.1258],[78.4334,10.1289],[78.4331,10.1329],[78.4339,10.1344],[78.4401,10.13],[78.443,10.1294],[78.4522,10.1188],[78.4553,10.1191],[78.46,10.1242],[78.4632,10.1232],[78.4657,10.1202],[78.4702,10.1179],[78.4717,10.115],[78.4712,10.1115],[78.4694,10.1076],[78.4664,10.1046],[78.4578,10.1003],[78.4582,10.0955],[78.4598,10.091],[78.458,10.0819],[78.4627,10.0777],[78.4613,10.0696],[78.4555,10.0701],[78.4517,10.0602],[78.4448,10.0588],[78.4391,10.0586],[78.4337,10.0568],[78.4292,10.0521],[78.4296,10.0448],[78.4316,10.0423],[78.4324,10.0366],[78.4405,10.035],[78.4463,10.0328],[78.45,10.0239],[78.4577,10.0166],[78.459,10.0132],[78.4621,10.0105],[78.4591,10.0025],[78.4593,10.0004],[78.4582,9.9914],[78.4511,9.9902],[78.4504,9.987],[78.4554,9.9817],[78.4582,9.9678],[78.4387,9.9623],[78.3944,9.9527],[78.3853,9.9546],[78.3776,9.9626],[78.3741,9.958],[78.3725,9.9501],[78.3737,9.9417],[78.3733,9.9326],[78.363,9.9337],[78.3565,9.9382],[78.353,9.9365],[78.3477,9.9377],[78.3403,9.9353],[78.3351,9.9308],[78.327,9.9277],[78.3195,9.923],[78.3145,9.8992],[78.3168,9.8917],[78.3182,9.8823],[78.3159,9.8795],[78.3157,9.8737],[78.3143,9.8709],[78.3135,9.8651],[78.2994,9.8609],[78.2939,9.8631],[78.2892,9.8692],[78.282,9.8688],[78.2787,9.8704],[78.2756,9.8684],[78.2536,9.8723],[78.265,9.8569],[78.2688,9.8486],[78.2637,9.8464],[78.2599,9.834],[78.2528,9.8348],[78.2465,9.839],[78.2402,9.8461],[78.2477,9.8583],[78.2359,9.8616],[78.2305,9.8641],[78.2265,9.8611],[78.2239,9.8643],[78.2114,9.8719],[78.2039,9.8747],[78.2007,9.8723],[78.1992,9.869],[78.1906,9.8729],[78.1874,9.8701],[78.1842,9.8699],[78.1802,9.8667],[78.1765,9.8711],[78.1726,9.8734],[78.1669,9.875],[78.1613,9.875],[78.1594,9.8717],[78.1555,9.8729],[78.1532,9.869],[78.1525,9.8644],[78.1539,9.8572],[78.1541,9.8504],[78.1403,9.8554],[78.1368,9.8549],[78.1342,9.8531],[78.1324,9.8504],[78.1267,9.8541],[78.1262,9.8511],[78.1277,9.8473],[78.1274,9.8431],[78.1318,9.838],[78.1337,9.8315],[78.1323,9.8128],[78.1396,9.8107],[78.1441,9.8128],[78.155,9.8205],[78.1578,9.8269],[78.1636,9.8267],[78.1693,9.8289],[78.1729,9.8284],[78.1814,9.8217],[78.1843,9.8174],[78.1883,9.8146],[78.1894,9.8115],[78.1932,9.8068],[78.1907,9.7987],[78.1867,9.7935],[78.1841,9.7884],[78.1801,9.7777],[78.1794,9.7731],[78.1769,9.7707],[78.1731,9.7738],[78.1662,9.7722],[78.1633,9.774],[78.1635,9.7808],[78.1707,9.7823],[78.1729,9.789],[78.171,9.7978],[78.1661,9.7996],[78.1616,9.8031],[78.1565,9.8048],[78.1465,9.8065],[78.1434,9.8059],[78.1416,9.801],[78.1418,9.7965],[78.1455,9.7938],[78.1458,9.7835]]]},"properties":{"district_name":"Madurai","raw_district_name":"Madurai","state_code":"TN","state_name":"Tamil Nadu","census_code":623,"data_source":"DataMeet India Maps (Census 2011 Boundaries)"}},{"type":"Feature","geometry":{"type":"Polygon","coordinates":[[[78.4864,11.4031],[78.4864,11.4031],[78.4867,11.3998],[78.4858,11.396],[78.4846,11.3915],[78.4828,11.3883],[78.4807,11.3861],[78.4769,11.3846],[78.4736,11.3837],[78.4706,11.3846],[78.466,11.3768],[78.4606,11.3603],[78.4563,11.3502],[78.4559,11.3469],[78.457,11.3439],[78.4605,11.339],[78.4581,11.3375],[78.4477,11.3421],[78.4477,11.336],[78.4504,11.3321],[78.4495,11.3293],[78.452,11.3276],[78.4562,11.3287],[78.4566,11.3246],[78.462,11.3213],[78.4649,11.3162],[78.4663,11.3108],[78.4647,11.3063],[78.4631,11.3044],[78.4591,11.3044],[78.4561,11.3004],[78.4517,11.2852],[78.4506,11.2773],[78.4459,11.2715],[78.4395,11.2668],[78.439,11.2623],[78.4397,11.2564],[78.4295,11.2378],[78.424,11.2213],[78.4212,11.2191],[78.4211,11.2103],[78.417,11.2088],[78.4153,11.2063],[78.4092,11.1953],[78.4007,11.1931],[78.3946,11.1894],[78.3894,11.1877],[78.3814,11.1867],[78.3862,11.1754],[78.3776,11.1752],[78.3802,11.1596],[78.3823,11.1384],[78.3791,11.1387],[78.3759,11.133],[78.37,11.1354],[78.3645,11.1358],[78.3494,11.135],[78.3467,11.1363],[78.345,11.1313],[78.3467,11.1207],[78.3432,11.1111],[78.3398,11.1067],[78.3358,11.1033],[78.3278,11.0994],[78.326,11.0976],[78.3269,11.0948],[78.3296,11.0927],[78.3368,11.091],[78.3393,11.0898],[78.3396,11.0876],[78.3381,11.0808],[78.3399,11.0783],[78.3466,11.0759],[78.3506,11.0692],[78.3536,11.0661],[78.3626,11.0625],[78.3615,11.0511],[78.3597,11.0454],[78.3505,11.0464],[78.3492,11.0375],[78.3448,11.0245],[78.3306,11.0287],[78.3289,11.0301],[78.327,11.0481],[78.3256,11.0486],[78.324,11.0563],[78.2968,11.0697],[78.2923,11.0745],[78.2839,11.0762],[78.2751,11.0763],[78.269,11.0693],[78.2659,11.0696],[78.2647,11.067],[78.2482,11.0908],[78.2405,11.0923],[78.2297,11.0931],[78.2292,11.0867],[78.2329,11.0807],[78.2365,11.0656],[78.231,11.0607],[78.2291,11.057],[78.2279,11.0522],[78.2219,11.0559],[78.2222,11.0604],[78.2204,11.0635],[78.2144,11.0654],[78.2036,11.0717],[78.1999,11.0655],[78.197,11.064],[78.1957,11.0612],[78.1829,11.0669],[78.1701,11.0533],[78.1658,11.0475],[78.1648,11.0432],[78.1741,11.0421],[78.1843,11.0394],[78.1885,11.0427],[78.1974,11.0435],[78.198,11.0396],[78.1964,11.0361],[78.1968,11.0299],[78.1986,11.0269],[78.1953,11.0212],[78.189,11.0187],[78.1834,11.0177],[78.18,11.0149],[78.1739,11.0118],[78.1685,11.0109],[78.1685,11.0109],[78.1639,11.0147],[78.1492,11.0316],[78.1452,11.0377],[78.1392,11.0402],[78.1294,11.0463],[78.1217,11.055],[78.1117,11.0634],[78.1065,11.0688],[78.0959,11.0749],[78.0897,11.0766],[78.0766,11.077],[78.0644,11.0757],[78.0567,11.0741],[78.0495,11.0769],[78.0273,11.0913],[78.013,11.0933],[78.0001,11.0931],[77.9865,11.0896],[77.9773,11.083],[77.9699,11.076],[77.9507,11.0646],[77.9439,11.0642],[77.9397,11.0648],[77.9323,11.0674],[77.9199,11.0701],[77.9025,11.0714],[77.8927,11.0762],[77.8892,11.082],[77.8881,11.0963],[77.8827,11.1194],[77.8825,11.1258],[77.8856,11.1485],[77.8837,11.1569],[77.8682,11.1707],[77.8626,11.1816],[77.8637,11.1905],[77.8666,11.1998],[77.8718,11.2116],[77.8668,11.2359],[77.8623,11.2444],[77.8514,11.2522],[77.8423,11.2573],[77.8373,11.2587],[77.8302,11.2593],[77.8131,11.2622],[77.8084,11.2647],[77.795,11.2852],[77.7865,11.2953],[77.7802,11.3048],[77.7768,11.3142],[77.7678,11.3238],[77.7605,11.3302],[77.7561,11.3383],[77.7526,11.3504],[77.7449,11.3577],[77.7395,11.3647],[77.722,11.3722],[77.713,11.3835],[77.7046,11.391],[77.7,11.3987],[77.6939,11.4068],[77.6846,11.4137],[77.6835,11.4192],[77.6845,11.4271],[77.6869,11.441],[77.6962,11.4583],[77.6963,11.4584],[77.6976,11.4588],[77.7099,11.4631],[77.7133,11.4587],[77.7088,11.4491],[77.7151,11.447],[77.7179,11.4499],[77.722,11.4521],[77.7292,11.4447],[77.7329,11.442],[77.7392,11.4411],[77.7493,11.4453],[77.7546,11.4465],[77.7593,11.4489],[77.7659,11.4666],[77.7675,11.4757],[77.7697,11.4788],[77.7751,11.4785],[77.782,11.4762],[77.7866,11.4729],[77.7884,11.4679],[77.7955,11.4629],[77.7868,11.4569],[77.7864,11.4531],[77.7869,11.4483],[77.7911,11.4464],[77.7955,11.4453],[77.7986,11.4465],[77.8054,11.4456],[77.8071,11.4519],[77.8068,11.4556],[77.8115,11.4536],[77.8166,11.4526],[77.8163,11.4574],[77.8207,11.4602],[77.8167,11.4633],[77.8207,11.4647],[77.8262,11.4651],[77.8303,11.4645],[77.8348,11.4521],[77.8223,11.4441],[77.8236,11.4399],[77.828,11.4398],[77.8312,11.4374],[77.8372,11.4373],[77.8409,11.4362],[77.8464,11.4334],[77.8482,11.43],[77.8468,11.4198],[77.8483,11.4168],[77.8565,11.4088],[77.8598,11.4115],[77.8623,11.4151],[77.8656,11.417],[77.8659,11.4113],[77.8691,11.4117],[77.8736,11.4086],[77.8782,11.4136],[77.8789,11.4198],[77.8874,11.4209],[77.8912,11.419],[77.8935,11.4148],[77.8973,11.4151],[77.9014,11.4179],[77.9123,11.4302],[77.9131,11.4401],[77.9129,11.4504],[77.9242,11.4501],[77.9267,11.4586],[77.9367,11.4571],[77.9403,11.4573],[77.9437,11.4606],[77.9485,11.4686],[77.9532,11.4686],[77.9638,11.4663],[77.9723,11.4656],[77.9742,11.4717],[77.973,11.4818],[77.9738,11.4905],[77.9773,11.4997],[77.975,11.5155],[77.9768,11.5223],[77.9818,11.5262],[78.0025,11.5204],[78.0073,11.5233],[78.0152,11.526],[78.0185,11.5272],[78.0233,11.5239],[78.0268,11.5265],[78.0338,11.5269],[78.0356,11.5257],[78.0345,11.5226],[78.0388,11.5187],[78.0473,11.515],[78.0455,11.5114],[78.0499,11.5109],[78.0535,11.5118],[78.0581,11.5115],[78.061,11.5126],[78.0563,11.5152],[78.0559,11.5192],[78.0614,11.5177],[78.0644,11.5183],[78.0675,11.5215],[78.0713,11.5277],[78.0738,11.5258],[78.0701,11.5183],[78.0785,11.5209],[78.0781,11.5258],[78.0764,11.533],[78.0771,11.5382],[78.0794,11.5427],[78.0819,11.5459],[78.0838,11.5515],[78.0875,11.5514],[78.087,11.5424],[78.0955,11.5432],[78.1039,11.5527],[78.1093,11.5524],[78.1108,11.5473],[78.1147,11.5438],[78.1167,11.5398],[78.1206,11.5363],[78.1259,11.5383],[78.1286,11.5345],[78.1317,11.5358],[78.133,11.5405],[78.1387,11.54],[78.1471,11.536],[78.1594,11.5352],[78.1602,11.5389],[78.1639,11.5375],[78.165,11.5431],[78.1681,11.5451],[78.1716,11.543],[78.1757,11.5436],[78.1778,11.5473],[78.1854,11.5485],[78.2024,11.5493],[78.2075,11.5607],[78.2168,11.5596],[78.2296,11.5567],[78.2456,11.5516],[78.2502,11.5527],[78.2669,11.5564],[78.2798,11.5617],[78.2663,11.565],[78.2663,11.5688],[78.2696,11.5709],[78.2733,11.5752],[78.2833,11.5775],[78.2961,11.5817],[78.2997,11.5851],[78.3053,11.5852],[78.321,11.5808],[78.3189,11.5715],[78.3102,11.5721],[78.3089,11.5664],[78.3093,11.5612],[78.3236,11.558],[78.3291,11.5552],[78.3242,11.548],[78.3248,11.5432],[78.3236,11.5406],[78.3127,11.5395],[78.3133,11.5366],[78.3273,11.533],[78.3316,11.53],[78.3387,11.5352],[78.3451,11.5355],[78.3466,11.5408],[78.3452,11.5453],[78.3501,11.5457],[78.3486,11.5499],[78.358,11.5563],[78.356,11.5601],[78.3595,11.5626],[78.3638,11.5676],[78.3678,11.5741],[78.3716,11.5745],[78.3735,11.5758],[78.3752,11.5842],[78.3782,11.5829],[78.376,11.5737],[78.3833,11.5727],[78.387,11.5823],[78.3933,11.5827],[78.3952,11.5829],[78.4006,11.5839],[78.4144,11.5857],[78.4181,11.5861],[78.4293,11.589],[78.435,11.5929],[78.4397,11.5936],[78.4522,11.5933],[78.45,11.5614],[78.4546,11.5623],[78.4611,11.5563],[78.4587,11.5485],[78.4541,11.5384],[78.4598,11.536],[78.4687,11.5332],[78.4595,11.5307],[78.4613,11.5265],[78.471,11.5256],[78.4722,11.5154],[78.465,11.4998],[78.4636,11.4939],[78.4598,11.4938],[78.4568,11.4954],[78.4413,11.4934],[78.4364,11.4947],[78.4368,11.4909],[78.4337,11.4849],[78.4381,11.484],[78.4376,11.4807],[78.433,11.4797],[78.433,11.4732],[78.4264,11.469],[78.4278,11.4651],[78.4318,11.464],[78.4336,11.4604],[78.4364,11.4599],[78.4443,11.4496],[78.4471,11.4382],[78.4522,11.4364],[78.4575,11.4364],[78.4568,11.4329],[78.4533,11.4308],[78.4469,11.4209],[78.4488,11.4164],[78.4461,11.4109],[78.4454,11.4067],[78.4465,11.4021],[78.4456,11.3979],[78.437,11.3937],[78.4331,11.391],[78.4302,11.3875],[78.428,11.3836],[78.4338,11.3846],[78.4377,11.3868],[78.4404,11.3908],[78.452,11.3982],[78.4643,11.4021],[78.4683,11.4017],[78.4694,11.405],[78.4734,11.405],[78.4747,11.4018],[78.4784,11.4025],[78.4816,11.4038],[78.4828,11.4087],[78.4865,11.4088],[78.4864,11.4031],[78.4864,11.4031]]]},"properties":{"district_name":"Namakkal","raw_district_name":"Namakkal","state_code":"TN","state_name":"Tamil Nadu","census_code":609,"data_source":"DataMeet India Maps (Census 2011 Boundaries)"}},{"type":"Feature","geometry":{"type":"Polygon","coordinates":[[[78.8449,11.5196],[78.8507,11.5184],[78.8544,11.5194],[78.8589,11.519],[78.8624,11.5175],[78.8677,11.5143],[78.8717,11.5129],[78.8728,11.5075],[78.8758,11.505],[78.8758,11.505],[78.8794,11.501],[78.88,11.5003],[78.8827,11.4947],[78.8835,11.4929],[78.8896,11.4888],[78.8901,11.4849],[78.9056,11.4741],[78.9088,11.4704],[78.9088,11.4657],[78.9103,11.4611],[78.9169,11.4581],[78.9183,11.4537],[78.9202,11.4509],[78.9252,11.4488],[78.928,11.4405],[78.9405,11.4297],[78.9458,11.4218],[78.9471,11.4178],[78.9499,11.4145],[78.9545,11.4114],[78.9584,11.4103],[78.9587,11.4056],[78.9619,11.4028],[78.9651,11.4011],[78.9707,11.402],[78.9837,11.3989],[78.9935,11.4043],[79,11.4031],[79.0107,11.3992],[79.0158,11.3963],[79.0343,11.3931],[79.0385,11.3949],[79.0436,11.3985],[79.0524,11.4016],[79.0557,11.4014],[79.0608,11.4023],[79.0724,11.4009],[79.0817,11.3968],[79.0944,11.3975],[79.1017,11.4001],[79.1081,11.4011],[79.1246,11.3965],[79.1462,11.3835],[79.1497,11.3834],[79.1584,11.3811],[79.1636,11.3808],[79.1687,11.3782],[79.1699,11.3775],[79.1675,11.3762],[79.1647,11.3747],[79.1633,11.3684],[79.1577,11.3649],[79.1527,11.3641],[79.1523,11.3605],[79.1595,11.3507],[79.1603,11.3451],[79.157,11.338],[79.15,11.3355],[79.1412,11.3333],[79.132,11.3329],[79.1312,11.32],[79.1273,11.3103],[79.141,11.3103],[79.145,11.3094],[79.1447,11.3012],[79.142,11.2927],[79.1424,11.2884],[79.1366,11.295],[79.1262,11.2952],[79.1223,11.2924],[79.1176,11.2936],[79.1151,11.2902],[79.1134,11.2862],[79.1171,11.2856],[79.1159,11.2816],[79.1126,11.2824],[79.1117,11.2767],[79.111,11.2723],[79.1116,11.2687],[79.1176,11.2707],[79.1181,11.2677],[79.1222,11.2665],[79.1255,11.2582],[79.1228,11.2573],[79.1237,11.2483],[79.1113,11.244],[79.1135,11.2304],[79.1088,11.232],[79.1049,11.2295],[79.101,11.23],[79.0995,11.2213],[79.0982,11.217],[79.0967,11.2122],[79.0968,11.2106],[79.097,11.2074],[79.0963,11.1984],[79.0936,11.1984],[79.0914,11.2021],[79.0845,11.2035],[79.0812,11.2036],[79.0793,11.2034],[79.0711,11.2061],[79.0679,11.2042],[79.0679,11.2013],[79.0676,11.1925],[79.0675,11.1883],[79.0785,11.1884],[79.079,11.182],[79.0781,11.1785],[79.0754,11.1767],[79.0718,11.1757],[79.0754,11.1652],[79.0752,11.157],[79.0723,11.1532],[79.0632,11.1517],[79.0625,11.145],[79.0627,11.1401],[79.0595,11.1409],[79.0577,11.1371],[79.0574,11.1332],[79.0619,11.1333],[79.0655,11.1294],[79.0702,11.1111],[79.0697,11.1059],[79.0555,11.0856],[79.0435,11.0854],[79.0331,11.0827],[79.0278,11.0749],[79.0259,11.0702],[79.0275,11.0667],[79.0194,11.0649],[79.0214,11.0609],[79.0165,11.0621],[79.0106,11.0597],[79.009,11.0568],[79.0051,11.059],[79.0019,11.0641],[79.0019,11.069],[79.0002,11.0711],[78.997,11.0727],[78.9939,11.073],[78.9915,11.0754],[78.9875,11.0754],[78.9853,11.0864],[78.9751,11.0927],[78.9663,11.0943],[78.9523,11.0943],[78.9505,11.0911],[78.9437,11.0939],[78.9326,11.0946],[78.9271,11.0898],[78.9147,11.0974],[78.9063,11.0965],[78.8903,11.0997],[78.8893,11.1016],[78.8842,11.1009],[78.8835,11.0972],[78.8794,11.0979],[78.8734,11.0928],[78.8764,11.0839],[78.8734,11.083],[78.8725,11.0859],[78.8673,11.0858],[78.8613,11.0898],[78.8568,11.0882],[78.8463,11.0883],[78.8449,11.0841],[78.8407,11.0759],[78.8327,11.0764],[78.8287,11.0779],[78.8249,11.0785],[78.8174,11.0792],[78.8088,11.0797],[78.8101,11.083],[78.807,11.0866],[78.8091,11.0888],[78.8074,11.0923],[78.811,11.1043],[78.8108,11.1118],[78.8017,11.1146],[78.7991,11.1125],[78.7959,11.1144],[78.7915,11.1155],[78.7822,11.1162],[78.7823,11.1135],[78.7786,11.1128],[78.7776,11.1168],[78.7621,11.1216],[78.7578,11.1183],[78.7518,11.1166],[78.7419,11.1082],[78.7373,11.1075],[78.7341,11.0978],[78.7375,11.0946],[78.7389,11.0868],[78.7409,11.083],[78.7453,11.0816],[78.7411,11.0744],[78.7368,11.0732],[78.7203,11.0731],[78.7205,11.0705],[78.7208,11.067],[78.7174,11.0645],[78.7184,11.0519],[78.7124,11.0536],[78.7092,11.0636],[78.7048,11.0663],[78.7013,11.0706],[78.6995,11.0842],[78.6987,11.0903],[78.6951,11.0915],[78.6931,11.1033],[78.6872,11.1132],[78.6869,11.124],[78.6849,11.1274],[78.6802,11.1287],[78.6805,11.135],[78.6799,11.1453],[78.677,11.1463],[78.677,11.1561],[78.6726,11.1639],[78.6631,11.1625],[78.6537,11.1633],[78.6531,11.167],[78.6606,11.1702],[78.6696,11.1815],[78.6737,11.1844],[78.679,11.1927],[78.69,11.1926],[78.6988,11.1899],[78.7014,11.1924],[78.7085,11.2102],[78.7138,11.2118],[78.7092,11.225],[78.705,11.2248],[78.7039,11.2282],[78.7101,11.2334],[78.7128,11.2378],[78.7124,11.2481],[78.7152,11.2517],[78.72,11.2558],[78.7255,11.2579],[78.73,11.2655],[78.7305,11.2701],[78.7404,11.2727],[78.7464,11.2792],[78.7497,11.2807],[78.7514,11.2844],[78.7387,11.2939],[78.7363,11.2975],[78.7385,11.3009],[78.7381,11.3132],[78.7362,11.3181],[78.7328,11.321],[78.7149,11.3211],[78.7092,11.3226],[78.7002,11.322],[78.6911,11.3213],[78.6865,11.3193],[78.6835,11.3227],[78.6776,11.325],[78.6731,11.3228],[78.6658,11.3156],[78.6608,11.3206],[78.6625,11.3282],[78.6543,11.3308],[78.6397,11.3246],[78.6372,11.3276],[78.6365,11.3307],[78.6328,11.3315],[78.6356,11.3342],[78.6456,11.3361],[78.6508,11.3385],[78.6512,11.3423],[78.6572,11.3443],[78.6578,11.35],[78.6598,11.3538],[78.6644,11.3572],[78.6695,11.3586],[78.6744,11.3589],[78.6751,11.3663],[78.6777,11.369],[78.6805,11.3718],[78.6892,11.3761],[78.6883,11.3794],[78.6825,11.378],[78.6786,11.377],[78.6717,11.3752],[78.6699,11.3748],[78.6654,11.372],[78.6654,11.372],[78.66,11.3776],[78.6587,11.3817],[78.6578,11.3947],[78.6558,11.3994],[78.6513,11.4044],[78.6506,11.4116],[78.6517,11.4196],[78.6612,11.4225],[78.6752,11.4249],[78.6881,11.4321],[78.6899,11.4429],[78.6984,11.4491],[78.7001,11.4534],[78.7164,11.4536],[78.7412,11.4473],[78.7433,11.4432],[78.7457,11.441],[78.7521,11.4384],[78.7575,11.4335],[78.7663,11.419],[78.7708,11.4151],[78.7732,11.4119],[78.7729,11.4068],[78.7822,11.3985],[78.7861,11.3897],[78.7899,11.3851],[78.793,11.3863],[78.7987,11.3832],[78.803,11.3996],[78.8071,11.4013],[78.8095,11.4052],[78.8138,11.4087],[78.8123,11.4107],[78.8151,11.4152],[78.8189,11.4192],[78.8223,11.4251],[78.8206,11.428],[78.8163,11.4301],[78.818,11.4368],[78.7987,11.4458],[78.7965,11.4485],[78.7909,11.4517],[78.7936,11.4564],[78.7969,11.4591],[78.7978,11.4736],[78.7998,11.4795],[78.8085,11.4795],[78.8097,11.481],[78.8104,11.4922],[78.8128,11.501],[78.8112,11.5039],[78.8164,11.5074],[78.8294,11.5059],[78.8332,11.5043],[78.8355,11.5052],[78.8377,11.5142],[78.8449,11.5196]]]},"properties":{"district_name":"Perambalur","raw_district_name":"Perambalur","state_code":"TN","state_name":"Tamil Nadu","census_code":615,"data_source":"DataMeet India Maps (Census 2011 Boundaries)"}},{"type":"Feature","geometry":{"type":"MultiPolygon","coordinates":[[[[78.7367,10.6702],[78.7384,10.6651],[78.7419,10.6604],[78.7426,10.653],[78.7447,10.6464],[78.7489,10.6409],[78.757,10.6427],[78.758,10.648],[78.7611,10.6517],[78.7675,10.6526],[78.7729,10.6523],[78.7747,10.6488],[78.7898,10.6467],[78.7937,10.649],[78.797,10.6532],[78.7986,10.6576],[78.8,10.6588],[78.8004,10.6623],[78.7977,10.6634],[78.8012,10.6707],[78.7995,10.6752],[78.8004,10.6786],[78.8047,10.6791],[78.8059,10.6768],[78.8031,10.6754],[78.8037,10.6729],[78.8075,10.6724],[78.8102,10.6712],[78.8121,10.6741],[78.8129,10.6787],[78.8146,10.6826],[78.8174,10.6854],[78.8203,10.6867],[78.8208,10.6932],[78.8295,10.693],[78.8378,10.6911],[78.8475,10.6917],[78.8488,10.6894],[78.8605,10.69],[78.8644,10.6873],[78.8685,10.6869],[78.8729,10.6876],[78.8715,10.6947],[78.8714,10.7059],[78.8832,10.6936],[78.8927,10.6924],[78.8937,10.6868],[78.8973,10.6823],[78.902,10.6789],[78.9057,10.6792],[78.9085,10.6709],[78.9158,10.6701],[78.9182,10.6767],[78.9341,10.6854],[78.9382,10.686],[78.9409,10.684],[78.9421,10.6802],[78.9455,10.676],[78.9468,10.6744],[78.9458,10.6725],[78.9421,10.674],[78.9385,10.6754],[78.9373,10.6712],[78.9434,10.6675],[78.9577,10.6631],[78.9607,10.6585],[78.962,10.6531],[78.9662,10.6527],[78.9709,10.6646],[78.9709,10.6685],[78.9718,10.6706],[78.9691,10.6747],[78.9707,10.6786],[78.9769,10.6787],[78.979,10.6807],[78.9837,10.6827],[78.982,10.6904],[78.9885,10.6991],[78.9892,10.7015],[78.9871,10.709],[78.9877,10.7145],[78.9902,10.7184],[78.9999,10.7224],[79.0056,10.7165],[79.0069,10.7129],[79.012,10.7128],[79.0121,10.7112],[79.008,10.709],[79.005,10.7064],[79.0082,10.7031],[79.0103,10.702],[79.0096,10.6982],[79.0186,10.6981],[79.033,10.6962],[79.0338,10.6935],[79.0242,10.6909],[79.0223,10.6896],[79.0205,10.6905],[79.0201,10.6907],[79.0182,10.6902],[79.0188,10.6881],[79.0158,10.685],[79.0169,10.6806],[79.0198,10.6806],[79.0197,10.6773],[79.018,10.6761],[79.0181,10.6745],[79.042,10.6766],[79.0502,10.6751],[79.0555,10.6731],[79.054,10.6693],[79.0586,10.6695],[79.0638,10.6683],[79.0697,10.6723],[79.0681,10.6617],[79.0658,10.654],[79.0697,10.6543],[79.0676,10.6493],[79.0682,10.6421],[79.0709,10.6362],[79.0777,10.6329],[79.0819,10.632],[79.0823,10.6303],[79.0862,10.6306],[79.0928,10.6285],[79.0947,10.6246],[79.1015,10.6239],[79.1013,10.6218],[79.1023,10.6218],[79.1042,10.6218],[79.1053,10.6141],[79.1202,10.6303],[79.1268,10.6307],[79.1279,10.6333],[79.1381,10.6169],[79.1393,10.6133],[79.1418,10.6136],[79.1425,10.6115],[79.1421,10.6112],[79.1404,10.6098],[79.1427,10.6061],[79.1457,10.6034],[79.1456,10.6012],[79.1398,10.5966],[79.1432,10.5934],[79.1435,10.5859],[79.1549,10.5859],[79.1574,10.587],[79.1645,10.5872],[79.1697,10.5861],[79.169,10.5838],[79.1732,10.5816],[79.1789,10.5859],[79.18,10.5781],[79.1795,10.5708],[79.1833,10.5702],[79.1836,10.5753],[79.1865,10.5756],[79.1884,10.5772],[79.1914,10.5777],[79.1925,10.5686],[79.1891,10.5657],[79.1922,10.5607],[79.1919,10.5583],[79.1913,10.5583],[79.1898,10.5582],[79.19,10.5543],[79.1842,10.5552],[79.1848,10.5476],[79.187,10.5401],[79.1854,10.5368],[79.1816,10.5387],[79.1793,10.5359],[79.1751,10.5331],[79.1706,10.5333],[79.1704,10.5306],[79.1601,10.5313],[79.1561,10.5294],[79.1516,10.5286],[79.1509,10.5232],[79.1536,10.5227],[79.1554,10.5223],[79.1542,10.5208],[79.1524,10.5183],[79.1462,10.5124],[79.1451,10.5135],[79.1425,10.5126],[79.1416,10.5094],[79.1422,10.5039],[79.1404,10.4979],[79.1303,10.4941],[79.1336,10.4876],[79.1397,10.4845],[79.1475,10.4848],[79.1536,10.4742],[79.1574,10.4754],[79.161,10.4717],[79.1629,10.474],[79.1688,10.4759],[79.1707,10.4804],[79.1738,10.4809],[79.1732,10.4786],[79.1727,10.4768],[79.1764,10.4762],[79.1816,10.4742],[79.1796,10.4713],[79.1825,10.4685],[79.1844,10.4704],[79.185,10.4691],[79.186,10.4671],[79.1893,10.4701],[79.1919,10.4675],[79.1942,10.4675],[79.1954,10.4619],[79.1919,10.4608],[79.1921,10.4586],[79.1794,10.459],[79.179,10.4565],[79.1748,10.4578],[79.1744,10.4537],[79.1688,10.4549],[79.1681,10.4522],[79.176,10.4491],[79.1763,10.4461],[79.168,10.4479],[79.1595,10.4461],[79.1577,10.4509],[79.1563,10.452],[79.1577,10.4547],[79.1582,10.4613],[79.153,10.4624],[79.15,10.4586],[79.1532,10.4562],[79.1521,10.4538],[79.1543,10.4501],[79.1551,10.4488],[79.1518,10.4461],[79.1465,10.4485],[79.1409,10.4482],[79.1409,10.4452],[79.1438,10.4434],[79.138,10.4373],[79.1329,10.4348],[79.1305,10.4352],[79.1291,10.4327],[79.1321,10.4259],[79.1369,10.4218],[79.1402,10.4165],[79.1458,10.4115],[79.1505,10.4052],[79.1549,10.3989],[79.1536,10.3943],[79.1481,10.3887],[79.1458,10.3827],[79.1461,10.3783],[79.149,10.3748],[79.1457,10.3712],[79.1484,10.3688],[79.1445,10.366],[79.1451,10.3633],[79.1487,10.3614],[79.1519,10.3556],[79.1484,10.3536],[79.1497,10.3488],[79.1497,10.3427],[79.1442,10.344],[79.1412,10.3404],[79.1423,10.339],[79.1343,10.3337],[79.1311,10.3367],[79.1251,10.3354],[79.1217,10.3333],[79.1224,10.3311],[79.1192,10.3297],[79.1198,10.3242],[79.1233,10.3241],[79.124,10.3259],[79.1244,10.327],[79.1263,10.3269],[79.1281,10.3268],[79.1315,10.3291],[79.1352,10.3241],[79.1312,10.3208],[79.1288,10.3159],[79.1269,10.311],[79.1275,10.3078],[79.1221,10.307],[79.1198,10.3012],[79.1223,10.3005],[79.1212,10.2937],[79.123,10.2927],[79.1217,10.2863],[79.1272,10.283],[79.1274,10.279],[79.1322,10.2727],[79.131,10.2664],[79.1334,10.2644],[79.1301,10.26],[79.1299,10.2546],[79.128,10.2523],[79.1166,10.2514],[79.1172,10.2368],[79.1216,10.2346],[79.1281,10.2338],[79.1325,10.2342],[79.1346,10.2367],[79.1404,10.2375],[79.1457,10.2365],[79.1455,10.2307],[79.1486,10.2296],[79.1443,10.2191],[79.1482,10.2173],[79.1525,10.2205],[79.1566,10.2192],[79.1592,10.2204],[79.165,10.2201],[79.1719,10.2168],[79.1753,10.2197],[79.1815,10.2179],[79.1821,10.2099],[79.186,10.2089],[79.1883,10.2054],[79.1851,10.204],[79.1849,10.1995],[79.1822,10.202],[79.1774,10.2014],[79.1766,10.1973],[79.1747,10.2002],[79.1701,10.2011],[79.1699,10.2044],[79.1639,10.2049],[79.1638,10.2023],[79.1591,10.2016],[79.1564,10.1988],[79.1529,10.1971],[79.1534,10.1871],[79.1571,10.186],[79.1579,10.1833],[79.1596,10.181],[79.1578,10.1752],[79.1598,10.173],[79.1551,10.1705],[79.1524,10.1669],[79.1535,10.1618],[79.1602,10.1586],[79.1647,10.1594],[79.1661,10.1626],[79.1829,10.1608],[79.193,10.1633],[79.197,10.1631],[79.1967,10.162],[79.196,10.16],[79.1999,10.1609],[79.204,10.1601],[79.2043,10.1554],[79.2066,10.1526],[79.2062,10.148],[79.2099,10.1451],[79.2102,10.1434],[79.2061,10.1425],[79.2056,10.1395],[79.2183,10.1388],[79.2289,10.1403],[79.2289,10.1341],[79.2325,10.1297],[79.2332,10.1281],[79.2331,10.1242],[79.2326,10.1224],[79.2318,10.1215],[79.2281,10.1133],[79.2264,10.1039],[79.2263,10.1017],[79.2269,10.0926],[79.2277,10.0917],[79.2285,10.0912],[79.2298,10.0858],[79.2304,10.0852],[79.2327,10.0784],[79.2328,10.0764],[79.2409,10.0736],[79.245,10.0707],[79.2456,10.0634],[79.2461,10.0632],[79.2509,10.0599],[79.2509,10.0594],[79.2516,10.059],[79.2513,10.0574],[79.2513,10.0499],[79.2541,10.0481],[79.2543,10.0474],[79.256,10.0466],[79.2617,10.0446],[79.2624,10.044],[79.2624,10.0417],[79.2639,10.0404],[79.2634,10.0388],[79.2635,10.0358],[79.2506,10.0288],[79.2452,10.0245],[79.2419,10.0219],[79.2331,10.0155],[79.2331,10.0151],[79.2278,10.0105],[79.2261,10.0095],[79.2246,10.0082],[79.2223,10.007],[79.2203,10.0048],[79.2181,10.0026],[79.2177,9.9976],[79.2166,9.9954],[79.2131,9.9914],[79.2081,9.9804],[79.2014,9.9728],[79.1996,9.9689],[79.195,9.9636],[79.1951,9.9613],[79.1943,9.9603],[79.1929,9.9594],[79.1907,9.9587],[79.1862,9.9568],[79.1827,9.955],[79.1721,9.9475],[79.1684,9.9443],[79.167,9.9429],[79.1634,9.9376],[79.1629,9.9376],[79.1625,9.9371],[79.162,9.9366],[79.1616,9.9354],[79.1574,9.9305],[79.155,9.9242],[79.1522,9.9149],[79.151,9.9108],[79.1511,9.909],[79.148,9.9079],[79.1439,9.9037],[79.1255,9.8886],[79.1208,9.8806],[79.12,9.8778],[79.1206,9.8681],[79.1212,9.8663],[79.1225,9.8652],[79.1231,9.8579],[79.1228,9.8563],[79.1205,9.8517],[79.1198,9.8516],[79.1195,9.8509],[79.1188,9.8507],[79.1181,9.8501],[79.1177,9.8492],[79.1141,9.8462],[79.1105,9.8486],[79.1083,9.849],[79.0997,9.8561],[79.095,9.8568],[79.0819,9.8523],[79.0761,9.8528],[79.0729,9.8511],[79.0697,9.8506],[79.0605,9.8582],[79.0498,9.858],[79.0462,9.8599],[79.0425,9.8679],[79.0415,9.8743],[79.0332,9.8882],[79.0287,9.8932],[79.0229,9.9024],[79.0189,9.902],[79.0161,9.9032],[79.0108,9.9085],[79.0079,9.9149],[78.9999,9.9257],[78.9977,9.9342],[78.9948,9.9416],[78.9905,9.9453],[78.9906,9.95],[78.9999,9.9527],[79.0015,9.9538],[79.0024,9.9598],[79.0013,9.9618],[79.001,9.9642],[79.0006,9.9663],[79.0009,9.9733],[79.0016,9.9751],[79.0041,9.9771],[79.0127,9.9779],[79.0146,9.9792],[79.0137,9.9829],[79.01,9.9873],[79.0056,9.9848],[78.9999,9.9872],[78.9955,9.9906],[78.9945,9.9897],[78.9804,9.9899],[78.975,9.9902],[78.9759,9.9967],[78.9729,10.0001],[78.9733,10.0012],[78.965,10.008],[78.9628,10.0062],[78.9555,10.0071],[78.9476,10.0096],[78.9401,10.0133],[78.9301,10.0217],[78.9305,10.0303],[78.9319,10.0359],[78.9295,10.0406],[78.9236,10.0442],[78.9246,10.0478],[78.9294,10.0461],[78.9345,10.0501],[78.9351,10.0527],[78.9379,10.0549],[78.9411,10.0528],[78.9435,10.0549],[78.9445,10.0589],[78.9405,10.0614],[78.9381,10.0651],[78.9381,10.0698],[78.935,10.0716],[78.9446,10.0784],[78.9474,10.0812],[78.9499,10.0885],[78.9556,10.092],[78.9624,10.0946],[78.971,10.0815],[78.9763,10.0815],[78.9782,10.0859],[78.9806,10.0849],[78.9865,10.0883],[78.9811,10.0953],[78.9818,10.0968],[78.9814,10.1001],[78.9766,10.102],[78.9756,10.1114],[78.9722,10.1206],[78.9681,10.1254],[78.9653,10.1204],[78.9566,10.1123],[78.9528,10.1128],[78.9513,10.1108],[78.9498,10.1063],[78.9474,10.106],[78.9456,10.1097],[78.9415,10.1096],[78.9387,10.1108],[78.937,10.116],[78.9284,10.1143],[78.9242,10.1202],[78.9093,10.1292],[78.9103,10.1389],[78.913,10.1442],[78.908,10.1452],[78.9071,10.1518],[78.9013,10.1546],[78.8999,10.1525],[78.9017,10.1507],[78.8997,10.1486],[78.8963,10.1475],[78.8895,10.1486],[78.8836,10.1534],[78.8779,10.1471],[78.8775,10.1429],[78.8741,10.1413],[78.8713,10.1382],[78.8628,10.1321],[78.8606,10.125],[78.8467,10.1249],[78.8473,10.1374],[78.8327,10.1383],[78.8313,10.1508],[78.8288,10.1537],[78.824,10.1561],[78.8205,10.1593],[78.8173,10.1644],[78.817,10.1691],[78.8219,10.1854],[78.8235,10.196],[78.8215,10.2],[78.8107,10.2114],[78.8041,10.2103],[78.7992,10.2081],[78.7961,10.2057],[78.7859,10.2046],[78.7713,10.1978],[78.7677,10.1931],[78.7668,10.188],[78.7668,10.1828],[78.7689,10.1797],[78.7663,10.1746],[78.7688,10.1727],[78.7712,10.1685],[78.7679,10.1642],[78.7579,10.1651],[78.7468,10.163],[78.7406,10.1602],[78.7312,10.1593],[78.7292,10.1608],[78.7284,10.168],[78.7219,10.1702],[78.7151,10.1711],[78.7082,10.1736],[78.6979,10.1578],[78.692,10.1467],[78.6828,10.1465],[78.6748,10.1503],[78.672,10.1542],[78.6702,10.1697],[78.6725,10.1734],[78.6697,10.1765],[78.6653,10.178],[78.6651,10.1793],[78.6661,10.1845],[78.6712,10.1943],[78.6723,10.2046],[78.6657,10.211],[78.6536,10.2207],[78.651,10.2252],[78.651,10.2363],[78.6472,10.2376],[78.6437,10.2404],[78.646,10.2432],[78.6489,10.245],[78.6501,10.2484],[78.6501,10.2523],[78.6469,10.2579],[78.6365,10.2662],[78.6306,10.2661],[78.62,10.2672],[78.6129,10.2689],[78.6094,10.2728],[78.6024,10.2739],[78.5871,10.2824],[78.5809,10.2846],[78.5763,10.2838],[78.5723,10.2809],[78.5708,10.2761],[78.5741,10.2736],[78.5756,10.2677],[78.5776,10.2654],[78.5727,10.2561],[78.5672,10.2562],[78.5624,10.2518],[78.5572,10.2531],[78.5542,10.2471],[78.5438,10.2525],[78.5413,10.2552],[78.5391,10.2526],[78.5368,10.2532],[78.5351,10.2484],[78.5312,10.2464],[78.5283,10.2371],[78.5244,10.2364],[78.5202,10.2335],[78.5158,10.2233],[78.5175,10.2119],[78.5169,10.2079],[78.5144,10.2055],[78.514,10.2027],[78.5138,10.198],[78.5171,10.1899],[78.5077,10.1872],[78.5014,10.1878],[78.4962,10.1908],[78.4922,10.1889],[78.4888,10.1892],[78.4792,10.1971],[78.4762,10.2013],[78.4726,10.2033],[78.476,10.2171],[78.4742,10.219],[78.477,10.2218],[78.4796,10.2202],[78.4892,10.2324],[78.4828,10.2374],[78.4818,10.24],[78.4813,10.2431],[78.4861,10.2517],[78.4832,10.2546],[78.4771,10.2454],[78.4723,10.2417],[78.4661,10.2399],[78.4604,10.2402],[78.4552,10.2416],[78.4506,10.245],[78.4513,10.2533],[78.4544,10.2595],[78.4542,10.2653],[78.4587,10.2668],[78.4639,10.2665],[78.4755,10.268],[78.4822,10.2663],[78.4894,10.2627],[78.4962,10.2623],[78.5097,10.2624],[78.5148,10.2652],[78.513,10.2689],[78.5166,10.2726],[78.5173,10.2782],[78.5143,10.2822],[78.5151,10.2867],[78.5166,10.2926],[78.5206,10.2982],[78.5183,10.3008],[78.5169,10.305],[78.519,10.3106],[78.5192,10.3156],[78.5224,10.3259],[78.5177,10.3312],[78.5117,10.3433],[78.5044,10.3487],[78.4973,10.3522],[78.4971,10.361],[78.4988,10.3637],[78.5046,10.3692],[78.5077,10.3749],[78.5135,10.3704],[78.517,10.3704],[78.5175,10.3741],[78.5229,10.3756],[78.5268,10.3808],[78.5288,10.387],[78.5303,10.3942],[78.5296,10.3999],[78.5248,10.4032],[78.5179,10.4058],[78.5178,10.4141],[78.5192,10.4217],[78.5213,10.4299],[78.5247,10.4359],[78.5341,10.4335],[78.5472,10.4334],[78.553,10.4324],[78.5528,10.4258],[78.5564,10.4252],[78.5574,10.4275],[78.5641,10.4268],[78.5644,10.4289],[78.5621,10.4306],[78.565,10.4372],[78.5652,10.4421],[78.5723,10.4422],[78.5755,10.4441],[78.5847,10.4403],[78.5831,10.4496],[78.5835,10.4536],[78.5881,10.4558],[78.587,10.4624],[78.5895,10.4645],[78.5893,10.4735],[78.5864,10.4759],[78.5859,10.4787],[78.5787,10.4822],[78.5708,10.4874],[78.5804,10.5064],[78.5818,10.5125],[78.5824,10.5207],[78.5807,10.5216],[78.5791,10.5194],[78.5759,10.5188],[78.5737,10.5164],[78.5695,10.5172],[78.5688,10.5145],[78.5617,10.5133],[78.5539,10.5139],[78.5502,10.5149],[78.5488,10.5211],[78.5459,10.5287],[78.543,10.5281],[78.5393,10.5292],[78.537,10.5277],[78.5352,10.5226],[78.5344,10.5183],[78.5345,10.5137],[78.5402,10.5127],[78.5405,10.509],[78.5433,10.5068],[78.5407,10.5014],[78.5375,10.4983],[78.5372,10.4947],[78.5339,10.4931],[78.5299,10.4884],[78.5295,10.4856],[78.5219,10.4819],[78.5106,10.4817],[78.5046,10.4826],[78.4984,10.4842],[78.4975,10.4883],[78.4971,10.5074],[78.4852,10.511],[78.4867,10.5167],[78.4904,10.5259],[78.4828,10.5393],[78.4647,10.5421],[78.4664,10.5457],[78.4648,10.5503],[78.4647,10.5577],[78.4629,10.5592],[78.4647,10.5737],[78.4573,10.5789],[78.4575,10.5833],[78.4587,10.5873],[78.4566,10.5896],[78.4538,10.5899],[78.4519,10.5912],[78.4532,10.5979],[78.4528,10.5993],[78.4504,10.5997],[78.4496,10.6009],[78.4508,10.605],[78.4566,10.607],[78.4585,10.6099],[78.4579,10.6142],[78.4594,10.6166],[78.4651,10.617],[78.4695,10.6256],[78.4719,10.6265],[78.4739,10.6305],[78.4771,10.632],[78.4812,10.6364],[78.4841,10.6374],[78.4986,10.6349],[78.5096,10.6314],[78.5284,10.6273],[78.5296,10.6328],[78.5293,10.6419],[78.5275,10.6451],[78.5218,10.6478],[78.5193,10.6503],[78.5187,10.655],[78.5194,10.6588],[78.522,10.6601],[78.5216,10.6622],[78.5187,10.6637],[78.5189,10.6653],[78.5257,10.6732],[78.5292,10.6695],[78.5347,10.6695],[78.5355,10.6754],[78.5409,10.6753],[78.5449,10.6737],[78.5476,10.6748],[78.5497,10.681],[78.5527,10.6858],[78.5581,10.6848],[78.5695,10.6788],[78.5676,10.672],[78.567,10.6655],[78.5674,10.6599],[78.5758,10.6598],[78.5813,10.6612],[78.591,10.6565],[78.5956,10.6566],[78.605,10.6716],[78.6099,10.6776],[78.6139,10.6808],[78.6198,10.6751],[78.6228,10.6756],[78.6245,10.6809],[78.6249,10.6849],[78.6239,10.6905],[78.6248,10.6956],[78.6296,10.7042],[78.6372,10.7068],[78.6451,10.7029],[78.6495,10.7023],[78.6595,10.703],[78.6559,10.6873],[78.6533,10.6797],[78.6562,10.6733],[78.6553,10.665],[78.6537,10.66],[78.6543,10.6559],[78.6596,10.6535],[78.6633,10.6537],[78.6665,10.6579],[78.6681,10.6722],[78.679,10.6684],[78.6831,10.6689],[78.684,10.674],[78.6825,10.6821],[78.6833,10.6857],[78.6881,10.688],[78.6951,10.6965],[78.6966,10.7012],[78.6959,10.7041],[78.6914,10.7065],[78.692,10.7115],[78.6915,10.7163],[78.6883,10.7266],[78.6891,10.7315],[78.695,10.7322],[78.7059,10.731],[78.7083,10.7296],[78.7097,10.7211],[78.7152,10.7203],[78.7205,10.7145],[78.7241,10.7127],[78.7369,10.7107],[78.7425,10.7079],[78.7436,10.7037],[78.7421,10.6977],[78.7464,10.6962],[78.7466,10.6867],[78.745,10.6839],[78.7407,10.6824],[78.7384,10.6795],[78.7371,10.6757],[78.7367,10.6702]]],[[[79.241,10.4966],[79.2417,10.4934],[79.243,10.4902],[79.2412,10.4863],[79.2406,10.483],[79.2374,10.4829],[79.2353,10.4796],[79.231,10.4791],[79.2226,10.4793],[79.2226,10.482],[79.2247,10.4821],[79.2247,10.4843],[79.2222,10.4855],[79.2219,10.4882],[79.2185,10.4884],[79.2195,10.4927],[79.224,10.4931],[79.2242,10.4945],[79.2258,10.4948],[79.2274,10.4941],[79.2287,10.4923],[79.2301,10.4922],[79.2308,10.4941],[79.2306,10.4959],[79.2321,10.497],[79.2344,10.4957],[79.2362,10.499],[79.2383,10.4982],[79.241,10.4966]]],[[[79.213,10.5248],[79.2087,10.5169],[79.2066,10.517],[79.2053,10.5216],[79.2083,10.5226],[79.2075,10.5261],[79.2062,10.5317],[79.215,10.5311],[79.2154,10.5278],[79.215,10.5251],[79.213,10.5248]]],[[[79.2129,10.497],[79.2124,10.4934],[79.2113,10.4934],[79.2111,10.494],[79.2099,10.495],[79.2099,10.4959],[79.2088,10.4966],[79.2063,10.4974],[79.2066,10.5006],[79.2127,10.5002],[79.2129,10.497]]],[[[79.2262,10.5167],[79.2256,10.5165],[79.2236,10.5167],[79.2208,10.5165],[79.2197,10.5195],[79.2206,10.5212],[79.2238,10.5212],[79.226,10.521],[79.226,10.5183],[79.2262,10.5167]]],[[[79.21,10.4834],[79.2032,10.4834],[79.2029,10.4861],[79.2102,10.4863],[79.21,10.4834]]],[[[79.2177,10.5145],[79.2149,10.5129],[79.2118,10.5133],[79.2125,10.5167],[79.2147,10.5169],[79.2151,10.5176],[79.2174,10.5165],[79.2177,10.5145]]]]},"properties":{"district_name":"Pudukkottai","raw_district_name":"Pudukkottai","state_code":"TN","state_name":"Tamil Nadu","census_code":621,"data_source":"DataMeet India Maps (Census 2011 Boundaries)"}},{"type":"Feature","geometry":{"type":"Polygon","coordinates":[[[78.7222,9.7476],[78.7257,9.7467],[78.7342,9.7462],[78.7442,9.7467],[78.747,9.7497],[78.747,9.7521],[78.7484,9.7531],[78.7502,9.7547],[78.7518,9.7573],[78.7518,9.7599],[78.7544,9.7607],[78.7566,9.7633],[78.7566,9.7659],[78.7578,9.7679],[78.761,9.7707],[78.7618,9.7717],[78.7644,9.7721],[78.7672,9.7713],[78.7698,9.7673],[78.772,9.7669],[78.7756,9.7689],[78.7768,9.7725],[78.778,9.7753],[78.7764,9.7895],[78.7792,9.7949],[78.7802,9.7951],[78.7816,9.7941],[78.7828,9.7903],[78.7866,9.7847],[78.7924,9.7797],[78.7944,9.7785],[78.798,9.7785],[78.8012,9.7759],[78.8036,9.7727],[78.8068,9.7721],[78.8208,9.7735],[78.8226,9.7735],[78.8246,9.7701],[78.8254,9.7653],[78.8273,9.7584],[78.8243,9.7551],[78.8186,9.7464],[78.8165,9.74],[78.8253,9.7243],[78.8298,9.7215],[78.8326,9.7309],[78.8378,9.7369],[78.8488,9.7402],[78.8544,9.7468],[78.858,9.7544],[78.8715,9.755],[78.8844,9.7539],[78.8888,9.7562],[78.8929,9.7648],[78.8922,9.7705],[78.8961,9.7781],[78.9006,9.7836],[78.8997,9.7896],[78.895,9.7933],[78.8839,9.799],[78.8824,9.8092],[78.8843,9.8176],[78.8801,9.8281],[78.8766,9.8397],[78.8732,9.8612],[78.8776,9.8728],[78.8829,9.8814],[78.9043,9.88],[78.9061,9.8851],[78.9016,9.8942],[78.9032,9.9],[78.9075,9.9063],[78.9167,9.9164],[78.9239,9.9213],[78.9314,9.923],[78.9571,9.9211],[78.9622,9.9242],[78.9635,9.9288],[78.9682,9.9365],[78.973,9.9369],[78.9792,9.9414],[78.9844,9.9428],[78.9905,9.9453],[78.9948,9.9416],[78.9977,9.9342],[78.9999,9.9257],[79.0079,9.9149],[79.0108,9.9085],[79.0161,9.9032],[79.0189,9.902],[79.0229,9.9024],[79.0287,9.8932],[79.0332,9.8882],[79.0415,9.8743],[79.0425,9.8679],[79.0462,9.8599],[79.0498,9.858],[79.0605,9.8582],[79.0697,9.8506],[79.0729,9.8511],[79.0761,9.8528],[79.0819,9.8523],[79.095,9.8568],[79.0997,9.8561],[79.1083,9.849],[79.1105,9.8486],[79.1141,9.8462],[79.1052,9.839],[79.1014,9.8335],[79.0947,9.8273],[79.0904,9.8233],[79.0903,9.8228],[79.0875,9.8196],[79.0871,9.8185],[79.0861,9.8178],[79.081,9.8112],[79.0802,9.8096],[79.0776,9.8001],[79.0745,9.7933],[79.0689,9.7861],[79.0666,9.7841],[79.0623,9.7781],[79.0571,9.7739],[79.0565,9.7728],[79.0564,9.7721],[79.0557,9.7714],[79.0451,9.7662],[79.0373,9.7606],[79.0287,9.7523],[79.0273,9.7502],[79.0264,9.7497],[79.0253,9.7477],[79.0251,9.7445],[79.0177,9.7378],[79.0142,9.733],[79.0136,9.7318],[79.0112,9.7299],[79.0094,9.7278],[78.9916,9.7126],[78.9911,9.712],[78.9894,9.7096],[78.9876,9.7073],[78.9869,9.7055],[78.9849,9.702],[78.9828,9.6974],[78.9771,9.6828],[78.9758,9.6765],[78.9742,9.6651],[78.9731,9.6634],[78.9707,9.6611],[78.9696,9.659],[78.9672,9.652],[78.9659,9.6492],[78.9609,9.6396],[78.9604,9.6392],[78.9585,9.6349],[78.9572,9.6316],[78.9557,9.6282],[78.9547,9.6257],[78.9513,9.6208],[78.9504,9.6203],[78.9487,9.616],[78.9441,9.6111],[78.943,9.6093],[78.9426,9.6088],[78.9413,9.6072],[78.9381,9.6045],[78.9362,9.6031],[78.9359,9.6019],[78.9355,9.6008],[78.9322,9.598],[78.9309,9.5948],[78.9253,9.5864],[78.9245,9.5833],[78.923,9.5788],[78.9228,9.5776],[78.9203,9.5726],[78.9188,9.5646],[78.9196,9.5482],[78.9197,9.5474],[78.9191,9.5435],[78.9188,9.5353],[78.9186,9.5315],[78.9164,9.5204],[78.9158,9.5139],[78.9156,9.5126],[78.9151,9.5101],[78.9152,9.509],[78.9155,9.4996],[78.9147,9.4983],[78.9076,9.4966],[78.9015,9.4921],[78.901,9.4921],[78.898,9.4889],[78.8971,9.4868],[78.8946,9.4786],[78.8954,9.4716],[78.8989,9.4601],[78.9004,9.4567],[78.9008,9.4564],[78.9032,9.454],[78.9037,9.4529],[78.9042,9.4529],[78.9043,9.4523],[78.905,9.4518],[78.906,9.45],[78.9067,9.4496],[78.9089,9.4456],[78.9104,9.4429],[78.9111,9.4418],[78.9115,9.4416],[78.9138,9.437],[78.9189,9.4314],[78.9213,9.4267],[78.9277,9.4199],[78.9293,9.4174],[78.9297,9.4164],[78.9374,9.4093],[78.939,9.4077],[78.939,9.4073],[78.9418,9.4035],[78.9423,9.4024],[78.9446,9.4002],[78.945,9.3998],[78.9479,9.3972],[78.9506,9.3946],[78.9507,9.3937],[78.9533,9.3916],[78.954,9.3909],[78.9574,9.3881],[78.9577,9.3874],[78.9619,9.3833],[78.9634,9.3813],[78.9639,9.3803],[78.9693,9.3752],[78.9704,9.3725],[78.9746,9.3682],[78.9746,9.3678],[78.9746,9.3673],[78.977,9.3653],[78.9781,9.3647],[78.9793,9.3622],[78.9802,9.3618],[78.9864,9.3564],[78.9876,9.3546],[78.9876,9.3542],[78.9934,9.3499],[79.0152,9.3315],[79.0164,9.3286],[79.0192,9.3266],[79.0196,9.3262],[79.0217,9.3244],[79.0224,9.3233],[79.0264,9.3203],[79.0264,9.3198],[79.0307,9.3166],[79.0337,9.3153],[79.0342,9.3144],[79.0432,9.3074],[79.0434,9.3067],[79.0439,9.3063],[79.0518,9.3],[79.0546,9.2985],[79.0567,9.2981],[79.06,9.2961],[79.0633,9.2947],[79.0693,9.2943],[79.072,9.2944],[79.0733,9.2954],[79.0781,9.2968],[79.0801,9.2973],[79.0849,9.2963],[79.0957,9.2902],[79.0978,9.2896],[79.0983,9.2895],[79.1014,9.2893],[79.1101,9.2904],[79.121,9.2931],[79.1288,9.2907],[79.1477,9.2881],[79.1483,9.2878],[79.1496,9.2872],[79.1533,9.2859],[79.1553,9.2857],[79.1567,9.286],[79.158,9.2871],[79.1583,9.2878],[79.1607,9.2883],[79.1702,9.2885],[79.1761,9.288],[79.177,9.2882],[79.1841,9.2876],[79.1866,9.2875],[79.1917,9.2859],[79.1883,9.2809],[79.1843,9.278],[79.1803,9.2785],[79.1794,9.2787],[79.1776,9.2783],[79.1744,9.2777],[79.161,9.2762],[79.1496,9.275],[79.1294,9.2687],[79.0963,9.2605],[79.0938,9.2599],[79.0824,9.2592],[79.0671,9.2614],[79.0646,9.2612],[79.0556,9.2618],[79.0547,9.2616],[79.0497,9.2623],[79.0408,9.2644],[79.0313,9.2655],[79.0162,9.2687],[78.9992,9.2734],[78.9967,9.2734],[78.9878,9.2752],[78.9855,9.2751],[78.9846,9.2747],[78.9684,9.2742],[78.9659,9.2745],[78.962,9.2739],[78.9418,9.2707],[78.9262,9.2652],[78.9152,9.2588],[78.9125,9.2534],[78.9085,9.2495],[78.9049,9.2482],[78.8936,9.2503],[78.8847,9.2547],[78.8776,9.2566],[78.8758,9.2561],[78.8697,9.2551],[78.8676,9.255],[78.8565,9.2519],[78.8522,9.2493],[78.8465,9.2479],[78.8149,9.2375],[78.8095,9.2351],[78.8052,9.2329],[78.7945,9.2286],[78.7767,9.222],[78.7652,9.2186],[78.7601,9.2166],[78.7443,9.2116],[78.7413,9.2106],[78.7303,9.2097],[78.7272,9.2094],[78.725,9.2088],[78.7229,9.2071],[78.7216,9.203],[78.7223,9.1889],[78.7208,9.1873],[78.707,9.1909],[78.694,9.1948],[78.686,9.1954],[78.6769,9.1945],[78.6729,9.1937],[78.6682,9.1915],[78.6577,9.1875],[78.6519,9.1833],[78.6499,9.1789],[78.6457,9.175],[78.6452,9.1727],[78.6451,9.1673],[78.6461,9.1666],[78.6472,9.1657],[78.6494,9.1614],[78.6508,9.1604],[78.6516,9.1574],[78.6507,9.1554],[78.6499,9.1549],[78.644,9.1557],[78.64,9.1577],[78.6303,9.1565],[78.626,9.1552],[78.6204,9.1534],[78.6111,9.1511],[78.6002,9.1475],[78.5856,9.1393],[78.5851,9.1389],[78.5821,9.1366],[78.5803,9.134],[78.5791,9.132],[78.5754,9.1287],[78.5753,9.1282],[78.5743,9.128],[78.5688,9.1288],[78.5607,9.1311],[78.557,9.1328],[78.5567,9.1338],[78.5561,9.1342],[78.5489,9.1354],[78.5323,9.1362],[78.5282,9.1361],[78.5274,9.136],[78.5113,9.1333],[78.4914,9.1291],[78.4841,9.1314],[78.4773,9.1306],[78.4762,9.1301],[78.4742,9.1276],[78.466,9.1242],[78.4508,9.1217],[78.4354,9.1177],[78.4223,9.1134],[78.3977,9.099],[78.3913,9.0939],[78.3866,9.0963],[78.38,9.098],[78.3707,9.0986],[78.3652,9.0997],[78.3605,9.098],[78.3596,9.1135],[78.3574,9.1167],[78.3516,9.1172],[78.3458,9.1198],[78.3449,9.1223],[78.3239,9.1278],[78.3239,9.1309],[78.2907,9.135],[78.2761,9.141],[78.2823,9.1538],[78.2895,9.1666],[78.2991,9.2033],[78.2872,9.2043],[78.2726,9.202],[78.2732,9.232],[78.2746,9.2474],[78.2769,9.2626],[78.2828,9.2751],[78.3,9.2676],[78.3077,9.2714],[78.3227,9.2645],[78.3321,9.2615],[78.3495,9.2792],[78.3573,9.2799],[78.3695,9.2798],[78.3781,9.2767],[78.3794,9.2853],[78.3776,9.2917],[78.3713,9.2953],[78.3624,9.2959],[78.3629,9.3021],[78.3745,9.3045],[78.3774,9.3092],[78.3766,9.3181],[78.3709,9.3242],[78.362,9.3283],[78.3541,9.334],[78.3475,9.3454],[78.3439,9.3476],[78.3416,9.3509],[78.344,9.3565],[78.3419,9.3605],[78.3375,9.3658],[78.3278,9.3711],[78.3225,9.3749],[78.307,9.3758],[78.3065,9.383],[78.301,9.3829],[78.2987,9.3789],[78.296,9.3809],[78.2966,9.3887],[78.2823,9.3881],[78.2802,9.3832],[78.2764,9.383],[78.271,9.3862],[78.2694,9.3836],[78.2648,9.3831],[78.2629,9.3776],[78.2582,9.3735],[78.2529,9.376],[78.2496,9.3787],[78.2449,9.3769],[78.2459,9.3947],[78.2434,9.3958],[78.2442,9.4051],[78.2251,9.4101],[78.2242,9.4162],[78.2212,9.4188],[78.2222,9.4224],[78.2209,9.4288],[78.2155,9.433],[78.2199,9.4442],[78.2592,9.4452],[78.2756,9.4456],[78.2953,9.4402],[78.3033,9.4406],[78.3067,9.4446],[78.3061,9.4497],[78.2998,9.4565],[78.301,9.4589],[78.3069,9.4587],[78.3119,9.463],[78.3176,9.4656],[78.3281,9.4619],[78.3321,9.4621],[78.3359,9.4652],[78.3432,9.465],[78.3475,9.4627],[78.3514,9.459],[78.3558,9.4604],[78.3533,9.4662],[78.3501,9.4691],[78.3425,9.4697],[78.3405,9.4712],[78.3344,9.4705],[78.3326,9.4764],[78.3304,9.479],[78.3332,9.4835],[78.3303,9.4872],[78.3304,9.4953],[78.3329,9.506],[78.3325,9.5081],[78.3265,9.5124],[78.327,9.5181],[78.3328,9.5236],[78.3488,9.5148],[78.366,9.5174],[78.3842,9.5161],[78.3856,9.5223],[78.3882,9.5268],[78.3878,9.5356],[78.3784,9.5373],[78.3787,9.5534],[78.3753,9.5556],[78.3768,9.5663],[78.3697,9.5682],[78.3685,9.5716],[78.3776,9.5727],[78.3794,9.5747],[78.4003,9.581],[78.4006,9.5935],[78.4126,9.5873],[78.4186,9.5959],[78.4249,9.5947],[78.4289,9.5986],[78.4323,9.6078],[78.4419,9.6168],[78.4508,9.6188],[78.454,9.6156],[78.458,9.6148],[78.4609,9.6208],[78.4642,9.6215],[78.4657,9.6157],[78.4718,9.6149],[78.4766,9.611],[78.4973,9.6096],[78.5034,9.608],[78.5019,9.6032],[78.4966,9.5982],[78.5063,9.5935],[78.5167,9.5821],[78.5233,9.5846],[78.5419,9.5847],[78.5469,9.5809],[78.5516,9.5759],[78.5555,9.5747],[78.5638,9.5744],[78.5707,9.5711],[78.582,9.5622],[78.5907,9.5607],[78.5975,9.5542],[78.6024,9.5519],[78.6085,9.5517],[78.6099,9.5438],[78.6173,9.5359],[78.6344,9.5311],[78.645,9.5261],[78.6565,9.5189],[78.6616,9.5186],[78.66,9.5254],[78.6543,9.5378],[78.6538,9.5433],[78.6755,9.5551],[78.6815,9.5603],[78.6841,9.5664],[78.6838,9.5744],[78.6826,9.582],[78.6798,9.59],[78.6786,9.5982],[78.6836,9.6005],[78.6955,9.5979],[78.708,9.5981],[78.7169,9.5955],[78.7219,9.5936],[78.728,9.5874],[78.7395,9.5866],[78.7457,9.5834],[78.7453,9.5768],[78.7544,9.5773],[78.7662,9.5825],[78.7727,9.5841],[78.7864,9.5836],[78.8077,9.5885],[78.8202,9.5933],[78.8156,9.5959],[78.8094,9.5975],[78.8109,9.601],[78.8213,9.6053],[78.8235,9.6153],[78.8209,9.6175],[78.8061,9.6221],[78.8037,9.6203],[78.7987,9.6216],[78.7943,9.6246],[78.7946,9.6283],[78.7889,9.6365],[78.7935,9.6372],[78.794,9.6416],[78.7876,9.6474],[78.7855,9.6508],[78.7864,9.656],[78.7895,9.6644],[78.7933,9.6666],[78.7944,9.6731],[78.7923,9.6738],[78.7936,9.679],[78.79,9.6809],[78.793,9.6857],[78.7971,9.6876],[78.7998,9.6914],[78.797,9.7006],[78.7974,9.7055],[78.7902,9.7062],[78.7797,9.7165],[78.7765,9.7187],[78.7588,9.7153],[78.7517,9.7158],[78.7482,9.7059],[78.7456,9.7068],[78.7455,9.7092],[78.7246,9.7093],[78.7233,9.7156],[78.7255,9.7166],[78.7267,9.7224],[78.7217,9.7233],[78.7212,9.7305],[78.7093,9.7347],[78.7083,9.7411],[78.7011,9.7477],[78.7021,9.7518],[78.7086,9.7479],[78.716,9.7486],[78.7219,9.7473],[78.7222,9.7476]]]},"properties":{"district_name":"Ramanathapuram","raw_district_name":"Ramanathapuram","state_code":"TN","state_name":"Tamil Nadu","census_code":626,"data_source":"DataMeet India Maps (Census 2011 Boundaries)"}},{"type":"Feature","geometry":{"type":"Polygon","coordinates":[[[78.627,11.8635],[78.6329,11.8607],[78.644,11.8605],[78.6513,11.8615],[78.6587,11.858],[78.66,11.8526],[78.6751,11.8529],[78.6865,11.8524],[78.6905,11.8482],[78.6948,11.8455],[78.694,11.8352],[78.6907,11.8154],[78.6918,11.8067],[78.6903,11.7986],[78.6733,11.7962],[78.6689,11.794],[78.6657,11.7904],[78.6635,11.7862],[78.6634,11.7757],[78.6513,11.7685],[78.641,11.7599],[78.6439,11.7499],[78.6424,11.7443],[78.6389,11.7365],[78.6384,11.718],[78.648,11.7132],[78.6529,11.7116],[78.6518,11.6884],[78.6506,11.6796],[78.651,11.6635],[78.6474,11.6557],[78.6546,11.6578],[78.6605,11.6568],[78.6601,11.6442],[78.6749,11.6397],[78.6789,11.6397],[78.6804,11.6414],[78.6786,11.6551],[78.6786,11.6599],[78.6829,11.6632],[78.6779,11.6636],[78.6776,11.6667],[78.6789,11.6716],[78.6806,11.6764],[78.6831,11.6786],[78.6867,11.6795],[78.6901,11.683],[78.6946,11.6846],[78.7004,11.6856],[78.7073,11.6858],[78.7151,11.6806],[78.7189,11.6807],[78.7254,11.6839],[78.73,11.6835],[78.7346,11.6871],[78.7465,11.6877],[78.7568,11.6896],[78.7609,11.6892],[78.7656,11.6906],[78.7734,11.6958],[78.7819,11.6986],[78.7859,11.696],[78.7937,11.6887],[78.8008,11.6872],[78.8043,11.685],[78.8046,11.6628],[78.8063,11.6592],[78.8037,11.6568],[78.7968,11.6545],[78.7955,11.651],[78.7851,11.6452],[78.7796,11.6399],[78.7764,11.6351],[78.7794,11.6329],[78.7871,11.6366],[78.7904,11.6218],[78.7888,11.6196],[78.7887,11.6152],[78.7872,11.611],[78.7823,11.6115],[78.7787,11.6082],[78.7794,11.6036],[78.7902,11.5966],[78.7964,11.5966],[78.7962,11.5942],[78.8062,11.5902],[78.8171,11.5879],[78.817,11.5851],[78.8215,11.5839],[78.8234,11.5799],[78.8286,11.5763],[78.8267,11.5733],[78.8264,11.5706],[78.8227,11.5672],[78.8183,11.5602],[78.8167,11.5561],[78.816,11.5457],[78.8164,11.5444],[78.8215,11.5413],[78.8272,11.5418],[78.8315,11.5407],[78.8358,11.5382],[78.836,11.5255],[78.8389,11.5223],[78.8449,11.5196],[78.8377,11.5142],[78.8355,11.5052],[78.8332,11.5043],[78.8294,11.5059],[78.8164,11.5074],[78.8112,11.5039],[78.8128,11.501],[78.8104,11.4922],[78.8097,11.481],[78.8085,11.4795],[78.7998,11.4795],[78.7978,11.4736],[78.7969,11.4591],[78.7936,11.4564],[78.7909,11.4517],[78.7965,11.4485],[78.7987,11.4458],[78.818,11.4368],[78.8163,11.4301],[78.8206,11.428],[78.8223,11.4251],[78.8189,11.4192],[78.8151,11.4152],[78.8123,11.4107],[78.8138,11.4087],[78.8095,11.4052],[78.8071,11.4013],[78.803,11.3996],[78.7987,11.3832],[78.793,11.3863],[78.7899,11.3851],[78.7861,11.3897],[78.7822,11.3985],[78.7729,11.4068],[78.7732,11.4119],[78.7708,11.4151],[78.7663,11.419],[78.7575,11.4335],[78.7521,11.4384],[78.7457,11.441],[78.7433,11.4432],[78.7412,11.4473],[78.7164,11.4536],[78.7001,11.4534],[78.6984,11.4491],[78.6899,11.4429],[78.6881,11.4321],[78.6752,11.4249],[78.6612,11.4225],[78.6517,11.4196],[78.6506,11.4116],[78.6513,11.4044],[78.6558,11.3994],[78.6578,11.3947],[78.6587,11.3817],[78.66,11.3776],[78.6654,11.372],[78.6654,11.372],[78.6582,11.3646],[78.6549,11.36],[78.6504,11.3515],[78.6448,11.3454],[78.6433,11.3424],[78.6293,11.3365],[78.6224,11.3346],[78.6187,11.3341],[78.6133,11.3362],[78.6093,11.3365],[78.6012,11.3306],[78.5911,11.3247],[78.5846,11.329],[78.5812,11.3247],[78.5783,11.3145],[78.5611,11.314],[78.5562,11.3148],[78.5538,11.32],[78.5561,11.3232],[78.5558,11.3317],[78.5538,11.3365],[78.5548,11.3465],[78.5521,11.3573],[78.5492,11.3611],[78.5416,11.3662],[78.5368,11.3658],[78.5316,11.3671],[78.5249,11.371],[78.5193,11.3767],[78.5165,11.382],[78.5115,11.3801],[78.508,11.3775],[78.506,11.3783],[78.5091,11.3854],[78.51,11.3924],[78.5058,11.394],[78.5044,11.3969],[78.4984,11.4026],[78.4948,11.4038],[78.4864,11.4031],[78.4864,11.4031],[78.4865,11.4088],[78.4828,11.4087],[78.4816,11.4038],[78.4784,11.4025],[78.4747,11.4018],[78.4734,11.405],[78.4694,11.405],[78.4683,11.4017],[78.4643,11.4021],[78.452,11.3982],[78.4404,11.3908],[78.4377,11.3868],[78.4338,11.3846],[78.428,11.3836],[78.4302,11.3875],[78.4331,11.391],[78.437,11.3937],[78.4456,11.3979],[78.4465,11.4021],[78.4454,11.4067],[78.4461,11.4109],[78.4488,11.4164],[78.4469,11.4209],[78.4533,11.4308],[78.4568,11.4329],[78.4575,11.4364],[78.4522,11.4364],[78.4471,11.4382],[78.4443,11.4496],[78.4364,11.4599],[78.4336,11.4604],[78.4318,11.464],[78.4278,11.4651],[78.4264,11.469],[78.433,11.4732],[78.433,11.4797],[78.4376,11.4807],[78.4381,11.484],[78.4337,11.4849],[78.4368,11.4909],[78.4364,11.4947],[78.4413,11.4934],[78.4568,11.4954],[78.4598,11.4938],[78.4636,11.4939],[78.465,11.4998],[78.4722,11.5154],[78.471,11.5256],[78.4613,11.5265],[78.4595,11.5307],[78.4687,11.5332],[78.4598,11.536],[78.4541,11.5384],[78.4587,11.5485],[78.4611,11.5563],[78.4546,11.5623],[78.45,11.5614],[78.4522,11.5933],[78.4397,11.5936],[78.435,11.5929],[78.4293,11.589],[78.4181,11.5861],[78.4144,11.5857],[78.4006,11.5839],[78.3952,11.5829],[78.3933,11.5827],[78.387,11.5823],[78.3833,11.5727],[78.376,11.5737],[78.3782,11.5829],[78.3752,11.5842],[78.3735,11.5758],[78.3716,11.5745],[78.3678,11.5741],[78.3638,11.5676],[78.3595,11.5626],[78.356,11.5601],[78.358,11.5563],[78.3486,11.5499],[78.3501,11.5457],[78.3452,11.5453],[78.3466,11.5408],[78.3451,11.5355],[78.3387,11.5352],[78.3316,11.53],[78.3273,11.533],[78.3133,11.5366],[78.3127,11.5395],[78.3236,11.5406],[78.3248,11.5432],[78.3242,11.548],[78.3291,11.5552],[78.3236,11.558],[78.3093,11.5612],[78.3089,11.5664],[78.3102,11.5721],[78.3189,11.5715],[78.321,11.5808],[78.3053,11.5852],[78.2997,11.5851],[78.2961,11.5817],[78.2833,11.5775],[78.2733,11.5752],[78.2696,11.5709],[78.2663,11.5688],[78.2663,11.565],[78.2798,11.5617],[78.2669,11.5564],[78.2502,11.5527],[78.2456,11.5516],[78.2296,11.5567],[78.2168,11.5596],[78.2075,11.5607],[78.2024,11.5493],[78.1854,11.5485],[78.1778,11.5473],[78.1757,11.5436],[78.1716,11.543],[78.1681,11.5451],[78.165,11.5431],[78.1639,11.5375],[78.1602,11.5389],[78.1594,11.5352],[78.1471,11.536],[78.1387,11.54],[78.133,11.5405],[78.1317,11.5358],[78.1286,11.5345],[78.1259,11.5383],[78.1206,11.5363],[78.1167,11.5398],[78.1147,11.5438],[78.1108,11.5473],[78.1093,11.5524],[78.1039,11.5527],[78.0955,11.5432],[78.087,11.5424],[78.0875,11.5514],[78.0838,11.5515],[78.0819,11.5459],[78.0794,11.5427],[78.0771,11.5382],[78.0764,11.533],[78.0781,11.5258],[78.0785,11.5209],[78.0701,11.5183],[78.0738,11.5258],[78.0713,11.5277],[78.0675,11.5215],[78.0644,11.5183],[78.0614,11.5177],[78.0559,11.5192],[78.0563,11.5152],[78.061,11.5126],[78.0581,11.5115],[78.0535,11.5118],[78.0499,11.5109],[78.0455,11.5114],[78.0473,11.515],[78.0388,11.5187],[78.0345,11.5226],[78.0356,11.5257],[78.0338,11.5269],[78.0268,11.5265],[78.0233,11.5239],[78.0185,11.5272],[78.0152,11.526],[78.0073,11.5233],[78.0025,11.5204],[77.9818,11.5262],[77.9768,11.5223],[77.975,11.5155],[77.9773,11.4997],[77.9738,11.4905],[77.973,11.4818],[77.9742,11.4717],[77.9723,11.4656],[77.9638,11.4663],[77.9532,11.4686],[77.9485,11.4686],[77.9437,11.4606],[77.9403,11.4573],[77.9367,11.4571],[77.9267,11.4586],[77.9242,11.4501],[77.9129,11.4504],[77.9131,11.4401],[77.9123,11.4302],[77.9014,11.4179],[77.8973,11.4151],[77.8935,11.4148],[77.8912,11.419],[77.8874,11.4209],[77.8789,11.4198],[77.8782,11.4136],[77.8736,11.4086],[77.8691,11.4117],[77.8659,11.4113],[77.8656,11.417],[77.8623,11.4151],[77.8598,11.4115],[77.8565,11.4088],[77.8483,11.4168],[77.8468,11.4198],[77.8482,11.43],[77.8464,11.4334],[77.8409,11.4362],[77.8372,11.4373],[77.8312,11.4374],[77.828,11.4398],[77.8236,11.4399],[77.8223,11.4441],[77.8348,11.4521],[77.8303,11.4645],[77.8262,11.4651],[77.8207,11.4647],[77.8167,11.4633],[77.8207,11.4602],[77.8163,11.4574],[77.8166,11.4526],[77.8115,11.4536],[77.8068,11.4556],[77.8071,11.4519],[77.8054,11.4456],[77.7986,11.4465],[77.7955,11.4453],[77.7911,11.4464],[77.7869,11.4483],[77.7864,11.4531],[77.7868,11.4569],[77.7955,11.4629],[77.7884,11.4679],[77.7866,11.4729],[77.782,11.4762],[77.7751,11.4785],[77.7697,11.4788],[77.7675,11.4757],[77.7659,11.4666],[77.7593,11.4489],[77.7546,11.4465],[77.7493,11.4453],[77.7392,11.4411],[77.7329,11.442],[77.7292,11.4447],[77.722,11.4521],[77.7179,11.4499],[77.7151,11.447],[77.7088,11.4491],[77.7133,11.4587],[77.7099,11.4631],[77.6976,11.4588],[77.6963,11.4584],[77.6972,11.4678],[77.7,11.4729],[77.7017,11.4791],[77.7136,11.4915],[77.7292,11.504],[77.7336,11.5108],[77.7328,11.516],[77.7307,11.5214],[77.726,11.5284],[77.7265,11.5341],[77.7296,11.5405],[77.7378,11.5524],[77.7472,11.5641],[77.7399,11.5871],[77.7394,11.6019],[77.7477,11.6178],[77.7522,11.6317],[77.7621,11.6454],[77.7654,11.6615],[77.7685,11.6692],[77.7696,11.6768],[77.7724,11.6815],[77.7758,11.6883],[77.7764,11.6931],[77.7742,11.6946],[77.7712,11.6945],[77.768,11.6913],[77.765,11.6862],[77.7601,11.6756],[77.7502,11.6585],[77.7444,11.653],[77.734,11.6529],[77.7301,11.6513],[77.7275,11.6472],[77.7255,11.6465],[77.7232,11.6501],[77.7165,11.6476],[77.719,11.6423],[77.7186,11.6387],[77.7032,11.6308],[77.6919,11.645],[77.6907,11.6503],[77.691,11.6589],[77.6966,11.6818],[77.6992,11.6887],[77.6911,11.6911],[77.6918,11.698],[77.6942,11.7024],[77.6926,11.7164],[77.6983,11.7224],[77.6996,11.729],[77.6995,11.7373],[77.7029,11.7453],[77.7079,11.7518],[77.7098,11.764],[77.7189,11.7782],[77.7212,11.785],[77.7226,11.792],[77.7113,11.7959],[77.7105,11.807],[77.7018,11.8094],[77.6937,11.8135],[77.684,11.817],[77.6689,11.8209],[77.6655,11.8122],[77.6604,11.8108],[77.6534,11.8117],[77.6499,11.8141],[77.6494,11.8203],[77.6548,11.8323],[77.6565,11.8381],[77.6601,11.8449],[77.6609,11.8511],[77.6613,11.8658],[77.663,11.875],[77.6851,11.8744],[77.686,11.8814],[77.6858,11.8875],[77.6805,11.9021],[77.6821,11.91],[77.6816,11.9226],[77.678,11.9428],[77.6759,11.9492],[77.6822,11.9458],[77.687,11.9421],[77.6931,11.9393],[77.7005,11.9404],[77.716,11.9382],[77.7382,11.9369],[77.7397,11.9322],[77.7443,11.9269],[77.7466,11.9252],[77.7504,11.9261],[77.7531,11.9223],[77.7594,11.9169],[77.7624,11.9114],[77.778,11.9121],[77.7931,11.911],[77.7982,11.9096],[77.8095,11.9081],[77.8333,11.9006],[77.8468,11.893],[77.8522,11.9036],[77.8578,11.9048],[77.8607,11.9069],[77.8626,11.9114],[77.8665,11.913],[77.8704,11.9122],[77.8737,11.9094],[77.8851,11.9092],[77.8876,11.9061],[77.8898,11.9061],[77.893,11.9074],[77.8994,11.9019],[77.9054,11.8998],[77.9207,11.8981],[77.9367,11.8974],[77.9428,11.8939],[77.9601,11.8977],[77.9698,11.8932],[77.9738,11.8925],[77.9909,11.9026],[77.9999,11.907],[78.0031,11.9112],[78.0071,11.9103],[78.0116,11.9155],[78.015,11.9166],[78.0202,11.9165],[78.0264,11.9138],[78.0287,11.915],[78.0364,11.9278],[78.0426,11.9302],[78.0497,11.9314],[78.0523,11.9337],[78.0616,11.9349],[78.0707,11.9326],[78.0741,11.9332],[78.078,11.9352],[78.081,11.9351],[78.0825,11.9385],[78.0947,11.9446],[78.0983,11.9446],[78.0991,11.9476],[78.1055,11.9499],[78.1107,11.9507],[78.1199,11.9535],[78.1237,11.9522],[78.1339,11.9595],[78.1367,11.9586],[78.1415,11.9612],[78.146,11.9625],[78.1495,11.9617],[78.1554,11.9629],[78.1734,11.9626],[78.1777,11.9661],[78.1847,11.9645],[78.2002,11.9693],[78.2233,11.9718],[78.2353,11.975],[78.2445,11.9646],[78.2471,11.9576],[78.2509,11.9524],[78.2527,11.9467],[78.252,11.9397],[78.25,11.9317],[78.2406,11.921],[78.2392,11.9177],[78.2391,11.9123],[78.2462,11.9213],[78.253,11.926],[78.2563,11.935],[78.2668,11.9354],[78.2732,11.9343],[78.2727,11.9291],[78.269,11.9243],[78.2682,11.9217],[78.264,11.9177],[78.2625,11.9133],[78.263,11.9098],[78.2689,11.9154],[78.2793,11.9277],[78.2842,11.9279],[78.2869,11.9251],[78.2929,11.9271],[78.2935,11.9248],[78.2908,11.9204],[78.2871,11.919],[78.2824,11.9192],[78.2823,11.9144],[78.281,11.9105],[78.2764,11.9033],[78.2735,11.8975],[78.2725,11.8934],[78.2751,11.8939],[78.276,11.8954],[78.2822,11.8948],[78.2869,11.8991],[78.2899,11.9005],[78.2927,11.9004],[78.294,11.9017],[78.2933,11.9086],[78.2993,11.9122],[78.3005,11.9158],[78.3058,11.9176],[78.3112,11.9183],[78.3139,11.9222],[78.3178,11.9255],[78.3212,11.9271],[78.3236,11.9235],[78.3275,11.925],[78.3301,11.9207],[78.3313,11.9128],[78.3284,11.9095],[78.3258,11.9049],[78.3245,11.8991],[78.3271,11.8955],[78.3116,11.8825],[78.3088,11.8776],[78.3106,11.8764],[78.328,11.889],[78.3334,11.8937],[78.3368,11.8956],[78.3415,11.8922],[78.354,11.9059],[78.3579,11.9082],[78.3604,11.9037],[78.36,11.898],[78.3546,11.8885],[78.3581,11.8859],[78.3664,11.8874],[78.3681,11.8811],[78.3678,11.8765],[78.3615,11.8636],[78.3563,11.8597],[78.3518,11.8467],[78.3493,11.8443],[78.3501,11.8423],[78.3527,11.8421],[78.3529,11.8398],[78.3487,11.837],[78.3491,11.8335],[78.3512,11.8336],[78.3438,11.8186],[78.3303,11.7954],[78.3185,11.7843],[78.314,11.7792],[78.3292,11.7719],[78.3441,11.7861],[78.3555,11.7925],[78.3761,11.8163],[78.3816,11.8238],[78.389,11.8425],[78.3967,11.8563],[78.402,11.8614],[78.4037,11.8699],[78.4061,11.8725],[78.4089,11.8724],[78.417,11.8757],[78.4236,11.8741],[78.429,11.8705],[78.4376,11.8681],[78.4409,11.8647],[78.4343,11.8589],[78.4384,11.8446],[78.442,11.8371],[78.4542,11.8239],[78.4607,11.823],[78.4659,11.8206],[78.4747,11.8159],[78.4772,11.8125],[78.4851,11.8144],[78.4914,11.8141],[78.4966,11.8119],[78.5023,11.8081],[78.507,11.8086],[78.5128,11.8067],[78.5232,11.8096],[78.5284,11.8081],[78.5333,11.8046],[78.5388,11.8029],[78.5425,11.8004],[78.5623,11.8072],[78.5754,11.8148],[78.5883,11.8153],[78.5961,11.8186],[78.6048,11.8281],[78.6026,11.8307],[78.6085,11.8457],[78.627,11.8635]]]},"properties":{"district_name":"Salem","raw_district_name":"Salem","state_code":"TN","state_name":"Tamil Nadu","census_code":608,"data_source":"DataMeet India Maps (Census 2011 Boundaries)"}},{"type":"Feature","geometry":{"type":"Polygon","coordinates":[[[78.4913,10.3885],[78.4971,10.3862],[78.5075,10.3867],[78.5077,10.3749],[78.5046,10.3692],[78.4988,10.3637],[78.4971,10.361],[78.4973,10.3522],[78.5044,10.3487],[78.5117,10.3433],[78.5177,10.3312],[78.5224,10.3259],[78.5192,10.3156],[78.519,10.3106],[78.5169,10.305],[78.5183,10.3008],[78.5206,10.2982],[78.5166,10.2926],[78.5151,10.2867],[78.5143,10.2822],[78.5173,10.2782],[78.5166,10.2726],[78.513,10.2689],[78.5148,10.2652],[78.5097,10.2624],[78.4962,10.2623],[78.4894,10.2627],[78.4822,10.2663],[78.4755,10.268],[78.4639,10.2665],[78.4587,10.2668],[78.4542,10.2653],[78.4544,10.2595],[78.4513,10.2533],[78.4506,10.245],[78.4552,10.2416],[78.4604,10.2402],[78.4661,10.2399],[78.4723,10.2417],[78.4771,10.2454],[78.4832,10.2546],[78.4861,10.2517],[78.4813,10.2431],[78.4818,10.24],[78.4828,10.2374],[78.4892,10.2324],[78.4796,10.2202],[78.477,10.2218],[78.4742,10.219],[78.476,10.2171],[78.4726,10.2033],[78.4762,10.2013],[78.4792,10.1971],[78.4888,10.1892],[78.4922,10.1889],[78.4962,10.1908],[78.5014,10.1878],[78.5077,10.1872],[78.5171,10.1899],[78.5138,10.198],[78.514,10.2027],[78.5144,10.2055],[78.5169,10.2079],[78.5175,10.2119],[78.5158,10.2233],[78.5202,10.2335],[78.5244,10.2364],[78.5283,10.2371],[78.5312,10.2464],[78.5351,10.2484],[78.5368,10.2532],[78.5391,10.2526],[78.5413,10.2552],[78.5438,10.2525],[78.5542,10.2471],[78.5572,10.2531],[78.5624,10.2518],[78.5672,10.2562],[78.5727,10.2561],[78.5776,10.2654],[78.5756,10.2677],[78.5741,10.2736],[78.5708,10.2761],[78.5723,10.2809],[78.5763,10.2838],[78.5809,10.2846],[78.5871,10.2824],[78.6024,10.2739],[78.6094,10.2728],[78.6129,10.2689],[78.62,10.2672],[78.6306,10.2661],[78.6365,10.2662],[78.6469,10.2579],[78.6501,10.2523],[78.6501,10.2484],[78.6489,10.245],[78.646,10.2432],[78.6437,10.2404],[78.6472,10.2376],[78.651,10.2363],[78.651,10.2252],[78.6536,10.2207],[78.6657,10.211],[78.6723,10.2046],[78.6712,10.1943],[78.6661,10.1845],[78.6651,10.1793],[78.6653,10.178],[78.6697,10.1765],[78.6725,10.1734],[78.6702,10.1697],[78.672,10.1542],[78.6748,10.1503],[78.6828,10.1465],[78.692,10.1467],[78.6979,10.1578],[78.7082,10.1736],[78.7151,10.1711],[78.7219,10.1702],[78.7284,10.168],[78.7292,10.1608],[78.7312,10.1593],[78.7406,10.1602],[78.7468,10.163],[78.7579,10.1651],[78.7679,10.1642],[78.7712,10.1685],[78.7688,10.1727],[78.7663,10.1746],[78.7689,10.1797],[78.7668,10.1828],[78.7668,10.188],[78.7677,10.1931],[78.7713,10.1978],[78.7859,10.2046],[78.7961,10.2057],[78.7992,10.2081],[78.8041,10.2103],[78.8107,10.2114],[78.8215,10.2],[78.8235,10.196],[78.8219,10.1854],[78.817,10.1691],[78.8173,10.1644],[78.8205,10.1593],[78.824,10.1561],[78.8288,10.1537],[78.8313,10.1508],[78.8327,10.1383],[78.8473,10.1374],[78.8467,10.1249],[78.8606,10.125],[78.8628,10.1321],[78.8713,10.1382],[78.8741,10.1413],[78.8775,10.1429],[78.8779,10.1471],[78.8836,10.1534],[78.8895,10.1486],[78.8963,10.1475],[78.8997,10.1486],[78.9017,10.1507],[78.8999,10.1525],[78.9013,10.1546],[78.9071,10.1518],[78.908,10.1452],[78.913,10.1442],[78.9103,10.1389],[78.9093,10.1292],[78.9242,10.1202],[78.9284,10.1143],[78.937,10.116],[78.9387,10.1108],[78.9415,10.1096],[78.9456,10.1097],[78.9474,10.106],[78.9498,10.1063],[78.9513,10.1108],[78.9528,10.1128],[78.9566,10.1123],[78.9653,10.1204],[78.9681,10.1254],[78.9722,10.1206],[78.9756,10.1114],[78.9766,10.102],[78.9814,10.1001],[78.9818,10.0968],[78.9811,10.0953],[78.9865,10.0883],[78.9806,10.0849],[78.9782,10.0859],[78.9763,10.0815],[78.971,10.0815],[78.9624,10.0946],[78.9556,10.092],[78.9499,10.0885],[78.9474,10.0812],[78.9446,10.0784],[78.935,10.0716],[78.9381,10.0698],[78.9381,10.0651],[78.9405,10.0614],[78.9445,10.0589],[78.9435,10.0549],[78.9411,10.0528],[78.9379,10.0549],[78.9351,10.0527],[78.9345,10.0501],[78.9294,10.0461],[78.9246,10.0478],[78.9236,10.0442],[78.9295,10.0406],[78.9319,10.0359],[78.9305,10.0303],[78.9301,10.0217],[78.9401,10.0133],[78.9476,10.0096],[78.9555,10.0071],[78.9628,10.0062],[78.965,10.008],[78.9733,10.0012],[78.9729,10.0001],[78.9759,9.9967],[78.975,9.9902],[78.9804,9.9899],[78.9945,9.9897],[78.9955,9.9906],[78.9999,9.9872],[79.0056,9.9848],[79.01,9.9873],[79.0137,9.9829],[79.0146,9.9792],[79.0127,9.9779],[79.0041,9.9771],[79.0016,9.9751],[79.0009,9.9733],[79.0006,9.9663],[79.001,9.9642],[79.0013,9.9618],[79.0024,9.9598],[79.0015,9.9538],[78.9999,9.9527],[78.9906,9.95],[78.9905,9.9453],[78.9844,9.9428],[78.9792,9.9414],[78.973,9.9369],[78.9682,9.9365],[78.9635,9.9288],[78.9622,9.9242],[78.9571,9.9211],[78.9314,9.923],[78.9239,9.9213],[78.9167,9.9164],[78.9075,9.9063],[78.9032,9.9],[78.9016,9.8942],[78.9061,9.8851],[78.9043,9.88],[78.8829,9.8814],[78.8776,9.8728],[78.8732,9.8612],[78.8766,9.8397],[78.8801,9.8281],[78.8843,9.8176],[78.8824,9.8092],[78.8839,9.799],[78.895,9.7933],[78.8997,9.7896],[78.9006,9.7836],[78.8961,9.7781],[78.8922,9.7705],[78.8929,9.7648],[78.8888,9.7562],[78.8844,9.7539],[78.8715,9.755],[78.858,9.7544],[78.8544,9.7468],[78.8488,9.7402],[78.8378,9.7369],[78.8326,9.7309],[78.8298,9.7215],[78.8253,9.7243],[78.8165,9.74],[78.8186,9.7464],[78.8243,9.7551],[78.8273,9.7584],[78.8254,9.7653],[78.8246,9.7701],[78.8226,9.7735],[78.8208,9.7735],[78.8068,9.7721],[78.8036,9.7727],[78.8012,9.7759],[78.798,9.7785],[78.7944,9.7785],[78.7924,9.7797],[78.7866,9.7847],[78.7828,9.7903],[78.7816,9.7941],[78.7802,9.7951],[78.7792,9.7949],[78.7764,9.7895],[78.778,9.7753],[78.7768,9.7725],[78.7756,9.7689],[78.772,9.7669],[78.7698,9.7673],[78.7672,9.7713],[78.7644,9.7721],[78.7618,9.7717],[78.761,9.7707],[78.7578,9.7679],[78.7566,9.7659],[78.7566,9.7633],[78.7544,9.7607],[78.7518,9.7599],[78.7518,9.7573],[78.7502,9.7547],[78.7484,9.7531],[78.747,9.7521],[78.747,9.7497],[78.7442,9.7467],[78.7342,9.7462],[78.7257,9.7467],[78.7222,9.7476],[78.7219,9.7473],[78.716,9.7486],[78.7086,9.7479],[78.7021,9.7518],[78.7011,9.7477],[78.7083,9.7411],[78.7093,9.7347],[78.7212,9.7305],[78.7217,9.7233],[78.7267,9.7224],[78.7255,9.7166],[78.7233,9.7156],[78.7246,9.7093],[78.7455,9.7092],[78.7456,9.7068],[78.7482,9.7059],[78.7517,9.7158],[78.7588,9.7153],[78.7765,9.7187],[78.7797,9.7165],[78.7902,9.7062],[78.7974,9.7055],[78.797,9.7006],[78.7998,9.6914],[78.7971,9.6876],[78.793,9.6857],[78.79,9.6809],[78.7936,9.679],[78.7923,9.6738],[78.7944,9.6731],[78.7933,9.6666],[78.7895,9.6644],[78.7864,9.656],[78.7855,9.6508],[78.7876,9.6474],[78.794,9.6416],[78.7935,9.6372],[78.7889,9.6365],[78.7946,9.6283],[78.7943,9.6246],[78.7987,9.6216],[78.8037,9.6203],[78.8061,9.6221],[78.8209,9.6175],[78.8235,9.6153],[78.8213,9.6053],[78.8109,9.601],[78.8094,9.5975],[78.8156,9.5959],[78.8202,9.5933],[78.8077,9.5885],[78.7864,9.5836],[78.7727,9.5841],[78.7662,9.5825],[78.7544,9.5773],[78.7453,9.5768],[78.7457,9.5834],[78.7395,9.5866],[78.728,9.5874],[78.7219,9.5936],[78.7169,9.5955],[78.708,9.5981],[78.6955,9.5979],[78.6836,9.6005],[78.6786,9.5982],[78.6798,9.59],[78.6826,9.582],[78.6838,9.5744],[78.6841,9.5664],[78.6815,9.5603],[78.6755,9.5551],[78.6538,9.5433],[78.6543,9.5378],[78.66,9.5254],[78.6616,9.5186],[78.6565,9.5189],[78.645,9.5261],[78.6344,9.5311],[78.6173,9.5359],[78.6099,9.5438],[78.6085,9.5517],[78.6024,9.5519],[78.5975,9.5542],[78.5907,9.5607],[78.582,9.5622],[78.5707,9.5711],[78.5638,9.5744],[78.5555,9.5747],[78.5516,9.5759],[78.5469,9.5809],[78.5419,9.5847],[78.5233,9.5846],[78.5167,9.5821],[78.5063,9.5935],[78.4966,9.5982],[78.5019,9.6032],[78.5034,9.608],[78.4973,9.6096],[78.4766,9.611],[78.4718,9.6149],[78.4657,9.6157],[78.4642,9.6215],[78.4609,9.6208],[78.458,9.6148],[78.454,9.6156],[78.4508,9.6188],[78.4419,9.6168],[78.4323,9.6078],[78.4289,9.5986],[78.4249,9.5947],[78.4186,9.5959],[78.4167,9.6018],[78.4166,9.6118],[78.4156,9.6179],[78.4013,9.6232],[78.3895,9.631],[78.3929,9.6399],[78.3931,9.6491],[78.383,9.6551],[78.3755,9.6575],[78.3646,9.6544],[78.3578,9.6567],[78.3516,9.6645],[78.3462,9.6587],[78.3422,9.6588],[78.3389,9.6627],[78.3355,9.6676],[78.3439,9.6728],[78.3432,9.6747],[78.3432,9.6747],[78.341,9.679],[78.3436,9.6817],[78.3367,9.6861],[78.335,9.6876],[78.3333,9.6897],[78.3303,9.692],[78.3278,9.6944],[78.3254,9.698],[78.3239,9.7004],[78.3212,9.7028],[78.3204,9.7044],[78.3206,9.7071],[78.3246,9.7172],[78.3276,9.7219],[78.3284,9.7234],[78.3288,9.726],[78.3275,9.7308],[78.327,9.7339],[78.3269,9.7384],[78.3261,9.742],[78.3237,9.7419],[78.3227,9.7311],[78.3157,9.7247],[78.313,9.7208],[78.3088,9.7145],[78.3067,9.7087],[78.3045,9.7038],[78.3006,9.7001],[78.2986,9.6969],[78.2962,9.6914],[78.2983,9.6889],[78.2998,9.6879],[78.303,9.6877],[78.303,9.6861],[78.3015,9.6837],[78.3027,9.6789],[78.3025,9.6763],[78.2849,9.6775],[78.2854,9.6807],[78.2819,9.6813],[78.2802,9.6826],[78.2784,9.6841],[78.2756,9.6855],[78.2726,9.6889],[78.2718,9.6917],[78.2687,9.6939],[78.2685,9.6959],[78.2766,9.6926],[78.2777,9.6984],[78.2739,9.7005],[78.2747,9.7068],[78.2771,9.7067],[78.2798,9.7144],[78.2769,9.7166],[78.2768,9.7205],[78.272,9.7223],[78.2732,9.7243],[78.273,9.7285],[78.2783,9.7258],[78.2793,9.729],[78.2756,9.7309],[78.276,9.739],[78.2657,9.7446],[78.2617,9.7479],[78.2521,9.7527],[78.2473,9.7574],[78.2387,9.7574],[78.2336,9.7622],[78.2273,9.7652],[78.2151,9.7782],[78.21,9.7798],[78.2062,9.7648],[78.2044,9.7631],[78.2028,9.7631],[78.199,9.7672],[78.1892,9.7599],[78.1849,9.7559],[78.1779,9.7536],[78.1737,9.7491],[78.1725,9.7478],[78.1641,9.7494],[78.1631,9.756],[78.1531,9.7523],[78.1516,9.7533],[78.1488,9.7562],[78.1427,9.7572],[78.1393,9.7577],[78.1386,9.7617],[78.1402,9.7608],[78.1388,9.7688],[78.1395,9.7755],[78.142,9.7808],[78.1458,9.7835],[78.1455,9.7938],[78.1418,9.7965],[78.1416,9.801],[78.1434,9.8059],[78.1465,9.8065],[78.1565,9.8048],[78.1616,9.8031],[78.1661,9.7996],[78.171,9.7978],[78.1729,9.789],[78.1707,9.7823],[78.1635,9.7808],[78.1633,9.774],[78.1662,9.7722],[78.1731,9.7738],[78.1769,9.7707],[78.1794,9.7731],[78.1801,9.7777],[78.1841,9.7884],[78.1867,9.7935],[78.1907,9.7987],[78.1932,9.8068],[78.1894,9.8115],[78.1883,9.8146],[78.1843,9.8174],[78.1814,9.8217],[78.1729,9.8284],[78.1693,9.8289],[78.1636,9.8267],[78.1578,9.8269],[78.155,9.8205],[78.1441,9.8128],[78.1396,9.8107],[78.1323,9.8128],[78.1337,9.8315],[78.1318,9.838],[78.1274,9.8431],[78.1277,9.8473],[78.1262,9.8511],[78.1267,9.8541],[78.1324,9.8504],[78.1342,9.8531],[78.1368,9.8549],[78.1403,9.8554],[78.1541,9.8504],[78.1539,9.8572],[78.1525,9.8644],[78.1532,9.869],[78.1555,9.8729],[78.1594,9.8717],[78.1613,9.875],[78.1669,9.875],[78.1726,9.8734],[78.1765,9.8711],[78.1802,9.8667],[78.1842,9.8699],[78.1874,9.8701],[78.1906,9.8729],[78.1992,9.869],[78.2007,9.8723],[78.2039,9.8747],[78.2114,9.8719],[78.2239,9.8643],[78.2265,9.8611],[78.2305,9.8641],[78.2359,9.8616],[78.2477,9.8583],[78.2402,9.8461],[78.2465,9.839],[78.2528,9.8348],[78.2599,9.834],[78.2637,9.8464],[78.2688,9.8486],[78.265,9.8569],[78.2536,9.8723],[78.2756,9.8684],[78.2787,9.8704],[78.282,9.8688],[78.2892,9.8692],[78.2939,9.8631],[78.2994,9.8609],[78.3135,9.8651],[78.3143,9.8709],[78.3157,9.8737],[78.3159,9.8795],[78.3182,9.8823],[78.3168,9.8917],[78.3145,9.8992],[78.3195,9.923],[78.327,9.9277],[78.3351,9.9308],[78.3403,9.9353],[78.3477,9.9377],[78.353,9.9365],[78.3565,9.9382],[78.363,9.9337],[78.3733,9.9326],[78.3737,9.9417],[78.3725,9.9501],[78.3741,9.958],[78.3776,9.9626],[78.3853,9.9546],[78.3944,9.9527],[78.4387,9.9623],[78.4582,9.9678],[78.4554,9.9817],[78.4504,9.987],[78.4511,9.9902],[78.4582,9.9914],[78.4593,10.0004],[78.4591,10.0025],[78.4621,10.0105],[78.459,10.0132],[78.4577,10.0166],[78.45,10.0239],[78.4463,10.0328],[78.4405,10.035],[78.4324,10.0366],[78.4316,10.0423],[78.4296,10.0448],[78.4292,10.0521],[78.4337,10.0568],[78.4391,10.0586],[78.4448,10.0588],[78.4517,10.0602],[78.4555,10.0701],[78.4613,10.0696],[78.4627,10.0777],[78.458,10.0819],[78.4598,10.091],[78.4582,10.0955],[78.4578,10.1003],[78.4664,10.1046],[78.4694,10.1076],[78.4712,10.1115],[78.4717,10.115],[78.4702,10.1179],[78.4657,10.1202],[78.4632,10.1232],[78.46,10.1242],[78.4553,10.1191],[78.4522,10.1188],[78.443,10.1294],[78.4401,10.13],[78.4339,10.1344],[78.4331,10.1329],[78.4334,10.1289],[78.4326,10.1258],[78.4298,10.1224],[78.4268,10.1236],[78.4271,10.1306],[78.4216,10.1308],[78.4189,10.1287],[78.4168,10.1308],[78.4161,10.1339],[78.4105,10.1346],[78.4039,10.1369],[78.4063,10.1437],[78.4097,10.1505],[78.4144,10.156],[78.4149,10.159],[78.4002,10.1646],[78.399,10.168],[78.3968,10.1713],[78.3962,10.1777],[78.4034,10.1875],[78.4057,10.199],[78.4092,10.2033],[78.4118,10.2085],[78.4127,10.2125],[78.4077,10.2204],[78.4028,10.2238],[78.3986,10.2255],[78.3949,10.2345],[78.395,10.2416],[78.3961,10.2461],[78.405,10.2486],[78.4091,10.2539],[78.4235,10.2568],[78.4237,10.2683],[78.4201,10.2695],[78.4148,10.2732],[78.4081,10.2711],[78.4043,10.2752],[78.3967,10.2718],[78.3915,10.2715],[78.3881,10.2692],[78.3864,10.2696],[78.3863,10.2716],[78.3828,10.2731],[78.3855,10.2747],[78.3865,10.2844],[78.3817,10.2885],[78.3811,10.2912],[78.3825,10.2926],[78.3854,10.2899],[78.3869,10.2907],[78.3868,10.2928],[78.3897,10.2954],[78.3899,10.3024],[78.3869,10.3023],[78.3806,10.309],[78.3854,10.3142],[78.3914,10.3157],[78.3938,10.3231],[78.3964,10.3236],[78.401,10.3338],[78.4048,10.3443],[78.398,10.3462],[78.3941,10.3482],[78.3921,10.3502],[78.393,10.354],[78.3989,10.3532],[78.405,10.3565],[78.4092,10.3567],[78.4102,10.3596],[78.4155,10.3616],[78.437,10.3626],[78.4475,10.3715],[78.4494,10.3742],[78.4482,10.3769],[78.4437,10.378],[78.4408,10.3798],[78.4399,10.3824],[78.4397,10.3872],[78.4405,10.3923],[78.444,10.4041],[78.4464,10.407],[78.4576,10.4072],[78.4632,10.4056],[78.473,10.4007],[78.4911,10.3942],[78.4913,10.3885]]]},"properties":{"district_name":"Sivaganga","raw_district_name":"Sivaganga","state_code":"TN","state_name":"Tamil Nadu","census_code":622,"data_source":"DataMeet India Maps (Census 2011 Boundaries)"}},{"type":"Feature","geometry":{"type":"Polygon","coordinates":[[[79.5256,11.1789],[79.5307,11.1765],[79.5379,11.1774],[79.5409,11.1621],[79.5441,11.1613],[79.5454,11.1582],[79.5519,11.1614],[79.5561,11.1605],[79.5592,11.1609],[79.559,11.153],[79.5663,11.1531],[79.5672,11.1466],[79.5739,11.145],[79.5641,11.1363],[79.5621,11.1345],[79.56,11.1289],[79.5571,11.127],[79.556,11.1282],[79.5551,11.1292],[79.5533,11.1278],[79.5534,11.1242],[79.5499,11.1225],[79.5523,11.1183],[79.5508,11.1143],[79.5473,11.1138],[79.5462,11.1115],[79.5469,11.1113],[79.5489,11.1105],[79.5484,11.1083],[79.5462,11.107],[79.5399,11.1077],[79.5398,11.1046],[79.5377,11.1021],[79.5374,11.0993],[79.5399,11.0937],[79.5423,11.0938],[79.5415,11.0969],[79.542,11.1027],[79.543,11.1027],[79.5487,11.1029],[79.5484,11.0997],[79.5456,11.0941],[79.5417,11.0861],[79.5425,11.083],[79.5451,11.085],[79.5479,11.0839],[79.5522,11.0789],[79.5507,11.0751],[79.5482,11.0725],[79.5449,11.0729],[79.5372,11.067],[79.5358,11.0611],[79.5328,11.059],[79.5312,11.0557],[79.5286,11.0529],[79.5221,11.0499],[79.5207,11.0469],[79.5154,11.04],[79.5193,11.025],[79.5283,11.0244],[79.5345,11.0248],[79.5353,11.0188],[79.5358,11.0154],[79.5374,11.012],[79.5332,11.0115],[79.5301,11.0135],[79.5272,11.0126],[79.5271,11.0068],[79.5353,11.0085],[79.5418,11.0067],[79.5459,11.0051],[79.5488,11.0005],[79.5462,10.9957],[79.5419,10.9964],[79.5303,10.995],[79.5297,10.9973],[79.5265,10.9974],[79.5265,10.9968],[79.5266,10.9947],[79.523,10.9962],[79.5236,10.9909],[79.5257,10.9879],[79.524,10.9854],[79.5199,10.9864],[79.5124,10.9863],[79.5099,10.9836],[79.5151,10.9784],[79.5149,10.9677],[79.5153,10.9534],[79.5207,10.9532],[79.5197,10.9438],[79.5186,10.9436],[79.5157,10.9388],[79.4996,10.9373],[79.4994,10.9307],[79.4887,10.9222],[79.4852,10.918],[79.4909,10.9173],[79.4917,10.9152],[79.4944,10.9148],[79.4942,10.9082],[79.4943,10.908],[79.4943,10.9079],[79.4926,10.9054],[79.494,10.9047],[79.4939,10.9032],[79.4959,10.9034],[79.4976,10.9008],[79.5016,10.9036],[79.508,10.9012],[79.508,10.8954],[79.5021,10.8917],[79.497,10.8885],[79.4929,10.8874],[79.4915,10.8883],[79.489,10.8861],[79.4895,10.8839],[79.4885,10.8827],[79.4842,10.8765],[79.4868,10.8709],[79.4868,10.8709],[79.4867,10.8688],[79.4812,10.8676],[79.4811,10.8677],[79.4809,10.8676],[79.4762,10.8687],[79.475,10.8719],[79.4725,10.8714],[79.4726,10.87],[79.4711,10.8707],[79.4684,10.8664],[79.467,10.8619],[79.459,10.8648],[79.4565,10.862],[79.456,10.8624],[79.4546,10.8665],[79.4513,10.8687],[79.4472,10.8704],[79.4417,10.872],[79.4392,10.8727],[79.4361,10.8753],[79.4345,10.8765],[79.432,10.8767],[79.4283,10.8767],[79.426,10.8777],[79.4216,10.88],[79.4179,10.8821],[79.4129,10.8831],[79.4114,10.8847],[79.4098,10.8872],[79.4078,10.89],[79.4041,10.891],[79.4012,10.8909],[79.3989,10.8909],[79.396,10.8925],[79.394,10.8943],[79.3906,10.8946],[79.384,10.893],[79.3813,10.8924],[79.3784,10.8916],[79.3765,10.8916],[79.3733,10.8921],[79.3715,10.8925],[79.3714,10.8959],[79.3699,10.896],[79.3678,10.8963],[79.367,10.8982],[79.3643,10.8977],[79.363,10.8966],[79.3609,10.8975],[79.3596,10.8991],[79.3568,10.9009],[79.3546,10.9016],[79.3545,10.9047],[79.351,10.905],[79.3498,10.9079],[79.347,10.9092],[79.3427,10.9092],[79.3398,10.9112],[79.3354,10.9125],[79.3313,10.9139],[79.3297,10.9153],[79.3322,10.9185],[79.3329,10.9198],[79.3291,10.9204],[79.3295,10.923],[79.3296,10.9286],[79.3227,10.9282],[79.3192,10.9304],[79.3183,10.9323],[79.3139,10.9323],[79.3107,10.9323],[79.306,10.9364],[79.3041,10.9371],[79.3006,10.9345],[79.2978,10.9304],[79.2927,10.9295],[79.2911,10.9282],[79.2892,10.9244],[79.2892,10.9232],[79.2921,10.92],[79.2962,10.9188],[79.2968,10.9147],[79.2956,10.9118],[79.2905,10.9118],[79.2864,10.9109],[79.2851,10.9084],[79.2851,10.902],[79.2842,10.8992],[79.2798,10.8976],[79.2744,10.8967],[79.2738,10.8938],[79.2741,10.8897],[79.2757,10.8866],[79.281,10.8866],[79.2829,10.885],[79.2814,10.8819],[79.2779,10.8796],[79.2754,10.8768],[79.2744,10.873],[79.2769,10.8708],[79.2861,10.8705],[79.293,10.8714],[79.2952,10.8658],[79.2946,10.861],[79.2963,10.8542],[79.2971,10.85],[79.295,10.8445],[79.2925,10.839],[79.2944,10.8366],[79.2959,10.8335],[79.2976,10.8331],[79.3028,10.8327],[79.3055,10.8327],[79.3074,10.832],[79.3067,10.8297],[79.3051,10.8279],[79.3042,10.8254],[79.3055,10.8233],[79.3074,10.8199],[79.3084,10.8181],[79.3111,10.8162],[79.3145,10.8149],[79.3203,10.8128],[79.3234,10.8104],[79.3261,10.8091],[79.3278,10.8085],[79.3299,10.8083],[79.3389,10.8095],[79.3474,10.8103],[79.3533,10.8097],[79.356,10.8076],[79.357,10.8064],[79.3585,10.8051],[79.3612,10.8051],[79.3647,10.8076],[79.366,10.8081],[79.3679,10.8081],[79.3695,10.8081],[79.3731,10.8058],[79.3781,10.8022],[79.3782,10.8013],[79.3743,10.8004],[79.371,10.7949],[79.3688,10.795],[79.3651,10.795],[79.3636,10.7936],[79.3592,10.7943],[79.3585,10.7925],[79.3557,10.7924],[79.3494,10.7942],[79.3488,10.7899],[79.3518,10.789],[79.3518,10.7889],[79.3524,10.7889],[79.3501,10.7816],[79.3468,10.7819],[79.3447,10.7806],[79.3448,10.7753],[79.3451,10.7672],[79.3452,10.7672],[79.345,10.7651],[79.3533,10.7651],[79.3537,10.765],[79.3602,10.765],[79.3602,10.7627],[79.3622,10.7618],[79.3612,10.7586],[79.3614,10.7548],[79.3635,10.7522],[79.3547,10.7459],[79.3523,10.7473],[79.3508,10.7487],[79.3501,10.7488],[79.3496,10.7433],[79.3498,10.7419],[79.3483,10.7405],[79.3452,10.7391],[79.3413,10.738],[79.3363,10.7381],[79.3361,10.7382],[79.3272,10.7383],[79.3239,10.7368],[79.3218,10.7364],[79.3194,10.7366],[79.3156,10.7389],[79.3135,10.739],[79.3144,10.7402],[79.3149,10.7418],[79.3141,10.7437],[79.3123,10.7452],[79.3097,10.7456],[79.3088,10.7455],[79.3086,10.7452],[79.3046,10.7445],[79.3015,10.7407],[79.2998,10.7351],[79.3032,10.7307],[79.3062,10.7253],[79.3077,10.7165],[79.3062,10.7083],[79.3103,10.7011],[79.3135,10.6953],[79.3184,10.6864],[79.3187,10.6797],[79.3169,10.6739],[79.3166,10.6663],[79.3174,10.6601],[79.3308,10.6579],[79.3406,10.6572],[79.3475,10.6514],[79.3508,10.646],[79.3567,10.6469],[79.3549,10.6388],[79.3539,10.6341],[79.3526,10.6282],[79.3447,10.6239],[79.3485,10.6192],[79.3498,10.6144],[79.352,10.6093],[79.3475,10.6055],[79.3486,10.5957],[79.3469,10.5897],[79.3497,10.585],[79.3626,10.5779],[79.3697,10.578],[79.3764,10.5782],[79.3831,10.5811],[79.389,10.5821],[79.3958,10.5796],[79.4026,10.5756],[79.3995,10.5716],[79.3985,10.5612],[79.3994,10.5554],[79.4078,10.5499],[79.415,10.5507],[79.4205,10.5482],[79.4252,10.5549],[79.427,10.5596],[79.434,10.5558],[79.4398,10.5584],[79.4462,10.5559],[79.4508,10.5562],[79.4534,10.5494],[79.4481,10.549],[79.4421,10.5463],[79.4377,10.5442],[79.4331,10.5438],[79.4268,10.5413],[79.4243,10.5345],[79.4346,10.5318],[79.4388,10.5272],[79.4421,10.5215],[79.4474,10.52],[79.4529,10.5206],[79.4569,10.5185],[79.4589,10.5132],[79.4636,10.5126],[79.469,10.5095],[79.4617,10.5034],[79.455,10.4932],[79.4623,10.4875],[79.4714,10.4915],[79.4794,10.4913],[79.4837,10.4875],[79.4837,10.4779],[79.4804,10.4695],[79.4779,10.4634],[79.4705,10.4578],[79.4737,10.4509],[79.4749,10.4437],[79.4802,10.4416],[79.4717,10.4362],[79.4674,10.4348],[79.4603,10.433],[79.4528,10.4341],[79.4568,10.4277],[79.4597,10.4183],[79.4662,10.4171],[79.4658,10.4122],[79.4747,10.4074],[79.4771,10.4031],[79.4799,10.3982],[79.4686,10.3906],[79.4709,10.386],[79.4618,10.3745],[79.4717,10.3733],[79.4775,10.3723],[79.4859,10.3806],[79.4912,10.3732],[79.4973,10.3702],[79.505,10.3688],[79.508,10.3626],[79.5082,10.3534],[79.5077,10.3537],[79.506,10.3549],[79.505,10.3549],[79.5041,10.354],[79.5038,10.3531],[79.5038,10.3521],[79.5038,10.351],[79.5051,10.3502],[79.5052,10.3496],[79.5026,10.3469],[79.5015,10.3468],[79.4991,10.3481],[79.4954,10.3493],[79.4939,10.3493],[79.4915,10.3482],[79.4906,10.3473],[79.4838,10.348],[79.4795,10.3486],[79.4776,10.35],[79.4748,10.3446],[79.4735,10.3369],[79.4732,10.3307],[79.4734,10.3189],[79.4643,10.3208],[79.4531,10.322],[79.4478,10.3237],[79.4387,10.3247],[79.4229,10.3247],[79.4016,10.3248],[79.3955,10.3237],[79.3879,10.3216],[79.383,10.3188],[79.3775,10.3139],[79.3735,10.3071],[79.3735,10.3071],[79.3723,10.3045],[79.3678,10.2997],[79.3678,10.2997],[79.3678,10.2997],[79.3648,10.2981],[79.3591,10.2987],[79.3591,10.2987],[79.3591,10.2987],[79.3579,10.2988],[79.3533,10.3008],[79.3533,10.3008],[79.349,10.302],[79.3532,10.2904],[79.3532,10.2904],[79.3486,10.29],[79.3459,10.2898],[79.3459,10.2898],[79.3426,10.2895],[79.3291,10.2861],[79.3278,10.2854],[79.3249,10.2826],[79.324,10.2812],[79.3225,10.2769],[79.3225,10.2769],[79.3225,10.2769],[79.3175,10.2718],[79.3175,10.2718],[79.3157,10.271],[79.3125,10.2704],[79.3096,10.2699],[79.3096,10.2699],[79.3055,10.268],[79.3046,10.2671],[79.3046,10.2671],[79.299,10.2645],[79.299,10.2645],[79.2988,10.2615],[79.2961,10.2569],[79.2961,10.2569],[79.2925,10.253],[79.2815,10.2447],[79.2771,10.24],[79.2771,10.24],[79.2756,10.2382],[79.2728,10.2326],[79.2723,10.2311],[79.272,10.2261],[79.2733,10.2254],[79.274,10.2252],[79.2743,10.2243],[79.2745,10.2237],[79.277,10.2221],[79.277,10.2221],[79.2779,10.2199],[79.278,10.214],[79.278,10.2139],[79.2761,10.2103],[79.2703,10.2043],[79.2703,10.2043],[79.2676,10.1997],[79.2615,10.1939],[79.2615,10.1939],[79.2588,10.1923],[79.2572,10.192],[79.2541,10.1913],[79.2541,10.1913],[79.2541,10.1913],[79.2502,10.189],[79.2487,10.186],[79.2487,10.186],[79.248,10.1852],[79.248,10.1852],[79.2474,10.1849],[79.2424,10.1783],[79.2402,10.1747],[79.2385,10.1681],[79.2385,10.1681],[79.2385,10.1681],[79.2387,10.162],[79.2387,10.162],[79.2384,10.1609],[79.2335,10.1549],[79.2335,10.1549],[79.2317,10.1498],[79.2288,10.145],[79.2289,10.1403],[79.2183,10.1388],[79.2056,10.1395],[79.2061,10.1425],[79.2102,10.1434],[79.2099,10.1451],[79.2062,10.148],[79.2066,10.1526],[79.2043,10.1554],[79.204,10.1601],[79.1999,10.1609],[79.196,10.16],[79.1967,10.162],[79.197,10.1631],[79.193,10.1633],[79.1829,10.1608],[79.1661,10.1626],[79.1647,10.1594],[79.1602,10.1586],[79.1535,10.1618],[79.1524,10.1669],[79.1551,10.1705],[79.1598,10.173],[79.1578,10.1752],[79.1596,10.181],[79.1579,10.1833],[79.1571,10.186],[79.1534,10.1871],[79.1529,10.1971],[79.1564,10.1988],[79.1591,10.2016],[79.1638,10.2023],[79.1639,10.2049],[79.1699,10.2044],[79.1701,10.2011],[79.1747,10.2002],[79.1766,10.1973],[79.1774,10.2014],[79.1822,10.202],[79.1849,10.1995],[79.1851,10.204],[79.1883,10.2054],[79.186,10.2089],[79.1821,10.2099],[79.1815,10.2179],[79.1753,10.2197],[79.1719,10.2168],[79.165,10.2201],[79.1592,10.2204],[79.1566,10.2192],[79.1525,10.2205],[79.1482,10.2173],[79.1443,10.2191],[79.1486,10.2296],[79.1455,10.2307],[79.1457,10.2365],[79.1404,10.2375],[79.1346,10.2367],[79.1325,10.2342],[79.1281,10.2338],[79.1216,10.2346],[79.1172,10.2368],[79.1166,10.2514],[79.128,10.2523],[79.1299,10.2546],[79.1301,10.26],[79.1334,10.2644],[79.131,10.2664],[79.1322,10.2727],[79.1274,10.279],[79.1272,10.283],[79.1217,10.2863],[79.123,10.2927],[79.1212,10.2937],[79.1223,10.3005],[79.1198,10.3012],[79.1221,10.307],[79.1275,10.3078],[79.1269,10.311],[79.1288,10.3159],[79.1312,10.3208],[79.1352,10.3241],[79.1315,10.3291],[79.1281,10.3268],[79.1263,10.3269],[79.1244,10.327],[79.124,10.3259],[79.1233,10.3241],[79.1198,10.3242],[79.1192,10.3297],[79.1224,10.3311],[79.1217,10.3333],[79.1251,10.3354],[79.1311,10.3367],[79.1343,10.3337],[79.1423,10.339],[79.1412,10.3404],[79.1442,10.344],[79.1497,10.3427],[79.1497,10.3488],[79.1484,10.3536],[79.1519,10.3556],[79.1487,10.3614],[79.1451,10.3633],[79.1445,10.366],[79.1484,10.3688],[79.1457,10.3712],[79.149,10.3748],[79.1461,10.3783],[79.1458,10.3827],[79.1481,10.3887],[79.1536,10.3943],[79.1549,10.3989],[79.1505,10.4052],[79.1458,10.4115],[79.1402,10.4165],[79.1369,10.4218],[79.1321,10.4259],[79.1291,10.4327],[79.1305,10.4352],[79.1329,10.4348],[79.138,10.4373],[79.1438,10.4434],[79.1409,10.4452],[79.1409,10.4482],[79.1465,10.4485],[79.1518,10.4461],[79.1551,10.4488],[79.1543,10.4501],[79.1521,10.4538],[79.1532,10.4562],[79.15,10.4586],[79.153,10.4624],[79.1582,10.4613],[79.1577,10.4547],[79.1563,10.452],[79.1577,10.4509],[79.1595,10.4461],[79.168,10.4479],[79.1763,10.4461],[79.176,10.4491],[79.1681,10.4522],[79.1688,10.4549],[79.1744,10.4537],[79.1748,10.4578],[79.179,10.4565],[79.1794,10.459],[79.1921,10.4586],[79.1919,10.4608],[79.1954,10.4619],[79.1942,10.4675],[79.1919,10.4675],[79.1893,10.4701],[79.186,10.4671],[79.185,10.4691],[79.1844,10.4704],[79.1825,10.4685],[79.1796,10.4713],[79.1816,10.4742],[79.1764,10.4762],[79.1727,10.4768],[79.1732,10.4786],[79.1738,10.4809],[79.1707,10.4804],[79.1688,10.4759],[79.1629,10.474],[79.161,10.4717],[79.1574,10.4754],[79.1536,10.4742],[79.1475,10.4848],[79.1397,10.4845],[79.1336,10.4876],[79.1303,10.4941],[79.1404,10.4979],[79.1422,10.5039],[79.1416,10.5094],[79.1425,10.5126],[79.1451,10.5135],[79.1462,10.5124],[79.1524,10.5183],[79.1542,10.5208],[79.1554,10.5223],[79.1536,10.5227],[79.1509,10.5232],[79.1516,10.5286],[79.1561,10.5294],[79.1601,10.5313],[79.1704,10.5306],[79.1706,10.5333],[79.1751,10.5331],[79.1793,10.5359],[79.1816,10.5387],[79.1854,10.5368],[79.187,10.5401],[79.1848,10.5476],[79.1842,10.5552],[79.19,10.5543],[79.1898,10.5582],[79.1913,10.5583],[79.1919,10.5583],[79.1922,10.5607],[79.1891,10.5657],[79.1925,10.5686],[79.1914,10.5777],[79.1884,10.5772],[79.1865,10.5756],[79.1836,10.5753],[79.1833,10.5702],[79.1795,10.5708],[79.18,10.5781],[79.1789,10.5859],[79.1732,10.5816],[79.169,10.5838],[79.1697,10.5861],[79.1645,10.5872],[79.1574,10.587],[79.1549,10.5859],[79.1435,10.5859],[79.1432,10.5934],[79.1398,10.5966],[79.1456,10.6012],[79.1457,10.6034],[79.1427,10.6061],[79.1404,10.6098],[79.1421,10.6112],[79.1425,10.6115],[79.1418,10.6136],[79.1393,10.6133],[79.1381,10.6169],[79.1279,10.6333],[79.1268,10.6307],[79.1202,10.6303],[79.1053,10.6141],[79.1042,10.6218],[79.1023,10.6218],[79.1013,10.6218],[79.1015,10.6239],[79.0947,10.6246],[79.0928,10.6285],[79.0862,10.6306],[79.0823,10.6303],[79.0819,10.632],[79.0777,10.6329],[79.0709,10.6362],[79.0682,10.6421],[79.0676,10.6493],[79.0697,10.6543],[79.0658,10.654],[79.0681,10.6617],[79.0697,10.6723],[79.0638,10.6683],[79.0586,10.6695],[79.054,10.6693],[79.0555,10.6731],[79.0502,10.6751],[79.042,10.6766],[79.0181,10.6745],[79.018,10.6761],[79.0197,10.6773],[79.0198,10.6806],[79.0169,10.6806],[79.0158,10.685],[79.0188,10.6881],[79.0182,10.6902],[79.0201,10.6907],[79.0205,10.6905],[79.0223,10.6896],[79.0242,10.6909],[79.0338,10.6935],[79.033,10.6962],[79.0186,10.6981],[79.0096,10.6982],[79.0103,10.702],[79.0082,10.7031],[79.005,10.7064],[79.008,10.709],[79.0121,10.7112],[79.012,10.7128],[79.0069,10.7129],[79.0056,10.7165],[78.9999,10.7224],[78.9902,10.7184],[78.9877,10.7145],[78.9871,10.709],[78.9892,10.7015],[78.9885,10.6991],[78.982,10.6904],[78.9837,10.6827],[78.979,10.6807],[78.9769,10.6787],[78.9707,10.6786],[78.9691,10.6747],[78.9718,10.6706],[78.9709,10.6685],[78.9709,10.6646],[78.9662,10.6527],[78.962,10.6531],[78.9607,10.6585],[78.9577,10.6631],[78.9434,10.6675],[78.9373,10.6712],[78.9385,10.6754],[78.9421,10.674],[78.9458,10.6725],[78.9468,10.6744],[78.9455,10.676],[78.9421,10.6802],[78.9409,10.684],[78.9382,10.686],[78.9341,10.6854],[78.9182,10.6767],[78.9158,10.6701],[78.9085,10.6709],[78.9057,10.6792],[78.902,10.6789],[78.8973,10.6823],[78.8937,10.6868],[78.8927,10.6924],[78.8832,10.6936],[78.8714,10.7059],[78.8683,10.7139],[78.8653,10.7342],[78.8686,10.7365],[78.8696,10.7407],[78.8698,10.7462],[78.8682,10.7585],[78.8733,10.7619],[78.875,10.7684],[78.8752,10.775],[78.8805,10.7783],[78.8788,10.7874],[78.8701,10.7856],[78.8685,10.7967],[78.8696,10.8021],[78.8641,10.8017],[78.8649,10.8108],[78.8711,10.8147],[78.8693,10.8182],[78.8676,10.8254],[78.8641,10.8261],[78.8154,10.823],[78.8051,10.8244],[78.8005,10.8229],[78.7938,10.8241],[78.7873,10.8272],[78.7788,10.8255],[78.7782,10.8316],[78.7836,10.8325],[78.7895,10.8354],[78.7974,10.837],[78.8085,10.8359],[78.8185,10.836],[78.8554,10.8436],[78.8693,10.8481],[78.882,10.8533],[78.8953,10.8568],[78.9092,10.8618],[78.9198,10.8644],[78.9276,10.8671],[78.935,10.8716],[78.941,10.8781],[78.9379,10.8809],[78.9439,10.8874],[78.9603,10.8921],[78.9648,10.8881],[78.9736,10.8897],[78.9999,10.8922],[79.0074,10.8894],[79.0075,10.8893],[79.0211,10.8859],[79.0278,10.8842],[79.0352,10.883],[79.0432,10.8839],[79.0506,10.8852],[79.0571,10.8883],[79.0623,10.8935],[79.0655,10.8983],[79.0674,10.9046],[79.0705,10.9114],[79.0746,10.9166],[79.0792,10.9196],[79.0839,10.923],[79.0903,10.9236],[79.0974,10.9227],[79.1023,10.9218],[79.1078,10.9217],[79.115,10.9233],[79.1233,10.9264],[79.1319,10.931],[79.1455,10.9385],[79.1522,10.9401],[79.1596,10.9399],[79.1692,10.9381],[79.1804,10.9379],[79.1932,10.9438],[79.2051,10.9458],[79.2082,10.9374],[79.2139,10.9385],[79.2217,10.9429],[79.2301,10.9503],[79.2391,10.9603],[79.2485,10.9666],[79.2595,10.9753],[79.2668,10.9813],[79.275,10.9883],[79.2802,10.9969],[79.284,11.0004],[79.2848,11.0049],[79.2947,11.0136],[79.2963,11.014],[79.2973,11.0143],[79.3012,11.0142],[79.309,11.0179],[79.3119,11.0169],[79.3135,11.0147],[79.3224,11.0209],[79.3357,11.0284],[79.3401,11.0341],[79.3442,11.0373],[79.353,11.0424],[79.3574,11.0461],[79.3628,11.0488],[79.3768,11.0533],[79.3948,11.0621],[79.4076,11.0731],[79.4134,11.0797],[79.4225,11.094],[79.4252,11.1001],[79.4261,11.1052],[79.4315,11.1171],[79.4387,11.1262],[79.4596,11.1491],[79.4614,11.1543],[79.4599,11.1493],[79.4655,11.1531],[79.4727,11.158],[79.4822,11.1618],[79.5015,11.1742],[79.5114,11.1766],[79.5252,11.182],[79.5252,11.182],[79.5235,11.1808],[79.5235,11.1808],[79.5235,11.1808],[79.5256,11.1789]],[[79.2362,10.499],[79.2344,10.4957],[79.2321,10.497],[79.2306,10.4959],[79.2308,10.4941],[79.2301,10.4922],[79.2287,10.4923],[79.2274,10.4941],[79.2258,10.4948],[79.2242,10.4945],[79.224,10.4931],[79.2195,10.4927],[79.2185,10.4884],[79.2219,10.4882],[79.2222,10.4855],[79.2247,10.4843],[79.2247,10.4821],[79.2226,10.482],[79.2226,10.4793],[79.231,10.4791],[79.2353,10.4796],[79.2374,10.4829],[79.2406,10.483],[79.2412,10.4863],[79.243,10.4902],[79.2417,10.4934],[79.241,10.4966],[79.2383,10.4982],[79.2362,10.499]],[[79.2062,10.5317],[79.2075,10.5261],[79.2083,10.5226],[79.2053,10.5216],[79.2066,10.517],[79.2087,10.5169],[79.213,10.5248],[79.215,10.5251],[79.2154,10.5278],[79.215,10.5311],[79.2062,10.5317]],[[79.2113,10.4934],[79.2124,10.4934],[79.2129,10.497],[79.2127,10.5002],[79.2066,10.5006],[79.2063,10.4974],[79.2088,10.4966],[79.2099,10.4959],[79.2099,10.495],[79.2111,10.494],[79.2113,10.4934]],[[79.2197,10.5195],[79.2208,10.5165],[79.2236,10.5167],[79.2256,10.5165],[79.2262,10.5167],[79.226,10.5183],[79.226,10.521],[79.2238,10.5212],[79.2206,10.5212],[79.2197,10.5195]],[[79.21,10.4834],[79.2102,10.4863],[79.2029,10.4861],[79.2032,10.4834],[79.21,10.4834]],[[79.2174,10.5165],[79.2151,10.5176],[79.2147,10.5169],[79.2125,10.5167],[79.2118,10.5133],[79.2149,10.5129],[79.2177,10.5145],[79.2174,10.5165]]]},"properties":{"district_name":"Thanjavur","raw_district_name":"Thanjavur","state_code":"TN","state_name":"Tamil Nadu","census_code":620,"data_source":"DataMeet India Maps (Census 2011 Boundaries)"}},{"type":"Feature","geometry":{"type":"Polygon","coordinates":[[[76.8468,11.5824],[76.8501,11.5807],[76.852,11.5784],[76.8588,11.5747],[76.8661,11.5749],[76.8707,11.5764],[76.8768,11.5765],[76.8807,11.574],[76.8898,11.57],[76.893,11.5705],[76.9025,11.5752],[76.9093,11.576],[76.9126,11.5745],[76.9148,11.5713],[76.9165,11.5649],[76.9179,11.5628],[76.9195,11.565],[76.9212,11.5722],[76.9236,11.5763],[76.9326,11.5738],[76.9376,11.574],[76.9406,11.5759],[76.948,11.5729],[76.953,11.5721],[76.9563,11.5699],[76.9622,11.5695],[76.968,11.5642],[76.9734,11.564],[76.9754,11.5561],[76.9802,11.5529],[76.9849,11.5533],[76.9879,11.552],[77,11.5438],[77.0074,11.5436],[77.0108,11.5259],[77.016,11.5225],[77.0138,11.5179],[77.011,11.5146],[77.0059,11.5119],[77,11.5106],[76.9969,11.5087],[76.997,11.5044],[76.9953,11.4958],[76.9951,11.4859],[76.9938,11.4783],[76.9981,11.4733],[77,11.4725],[77.0142,11.4506],[77.0154,11.4457],[77.014,11.4367],[77.0123,11.4333],[77.0075,11.432],[77,11.4314],[76.9843,11.4377],[76.9789,11.4105],[76.9796,11.4031],[76.984,11.4001],[76.9768,11.3924],[76.9729,11.3947],[76.9713,11.3927],[76.9704,11.3891],[76.9642,11.3827],[76.9594,11.3776],[76.9514,11.3748],[76.948,11.3714],[76.9443,11.3745],[76.9388,11.3736],[76.9367,11.3754],[76.9339,11.3743],[76.9334,11.3706],[76.9372,11.3695],[76.938,11.3654],[76.9417,11.3651],[76.9495,11.3666],[76.954,11.3666],[76.9525,11.3617],[76.949,11.3602],[76.9343,11.3586],[76.927,11.3568],[76.9221,11.3596],[76.9214,11.353],[76.9178,11.3533],[76.9148,11.3495],[76.9105,11.3502],[76.9087,11.3475],[76.9032,11.3492],[76.903,11.3593],[76.8922,11.3646],[76.8919,11.3582],[76.8898,11.3557],[76.889,11.3514],[76.8875,11.3485],[76.8796,11.3566],[76.8761,11.353],[76.8726,11.3521],[76.8695,11.3487],[76.8674,11.3494],[76.8662,11.3459],[76.8568,11.344],[76.8566,11.339],[76.8539,11.3378],[76.8512,11.3384],[76.8516,11.333],[76.8555,11.329],[76.8605,11.3189],[76.8578,11.3156],[76.8582,11.3123],[76.862,11.3087],[76.8628,11.3058],[76.8613,11.3027],[76.8582,11.2998],[76.858,11.2956],[76.8559,11.2918],[76.8512,11.2934],[76.847,11.292],[76.8432,11.2863],[76.8317,11.2904],[76.8255,11.2894],[76.8177,11.2896],[76.8149,11.2931],[76.81,11.295],[76.7995,11.2912],[76.793,11.2802],[76.7897,11.2769],[76.785,11.2795],[76.7787,11.2855],[76.7733,11.2876],[76.7686,11.2856],[76.7667,11.2831],[76.7694,11.2764],[76.77,11.2707],[76.7686,11.2611],[76.759,11.2577],[76.7522,11.252],[76.7468,11.2519],[76.7419,11.2489],[76.7394,11.2447],[76.7335,11.2445],[76.7131,11.2574],[76.71,11.2619],[76.7015,11.2549],[76.7026,11.241],[76.7068,11.239],[76.6891,11.2347],[76.6876,11.2305],[76.6879,11.2265],[76.678,11.2183],[76.6631,11.2119],[76.6514,11.2041],[76.6393,11.1984],[76.6327,11.1932],[76.6116,11.203],[76.6029,11.205],[76.5873,11.2043],[76.5574,11.2005],[76.5455,11.1967],[76.5305,11.1976],[76.5195,11.2026],[76.5152,11.2093],[76.5115,11.2102],[76.4968,11.21],[76.4839,11.2085],[76.4749,11.206],[76.4756,11.1933],[76.4679,11.1913],[76.4618,11.1874],[76.4526,11.1981],[76.4493,11.1984],[76.447,11.2017],[76.4518,11.2073],[76.4553,11.2376],[76.4972,11.2592],[76.5226,11.2693],[76.5222,11.272],[76.525,11.2798],[76.531,11.2885],[76.5432,11.2953],[76.5493,11.2997],[76.5395,11.3031],[76.5376,11.3108],[76.5395,11.317],[76.5443,11.3237],[76.5488,11.3283],[76.5498,11.3344],[76.5472,11.3589],[76.5388,11.355],[76.5253,11.3563],[76.5184,11.3539],[76.5156,11.3549],[76.5183,11.361],[76.5189,11.3684],[76.4816,11.3825],[76.457,11.3886],[76.4479,11.3978],[76.4268,11.4123],[76.4166,11.4219],[76.4184,11.4323],[76.4187,11.4406],[76.3989,11.435],[76.3788,11.4479],[76.3696,11.4549],[76.3612,11.4578],[76.3471,11.4611],[76.3417,11.4656],[76.3289,11.4516],[76.3138,11.4602],[76.3058,11.4657],[76.2969,11.4631],[76.2919,11.4692],[76.2955,11.4728],[76.2936,11.4754],[76.2858,11.4813],[76.2738,11.4754],[76.2656,11.4799],[76.2549,11.4709],[76.2477,11.4663],[76.2485,11.4819],[76.2523,11.501],[76.2504,11.5054],[76.2491,11.5115],[76.2407,11.5254],[76.2471,11.5276],[76.2505,11.5309],[76.25,11.5355],[76.2458,11.54],[76.2419,11.5531],[76.2343,11.5663],[76.2331,11.5711],[76.2671,11.5936],[76.2742,11.596],[76.2784,11.5996],[76.2835,11.5967],[76.2855,11.5903],[76.2934,11.5897],[76.2982,11.5873],[76.3008,11.5785],[76.3014,11.5718],[76.3055,11.5711],[76.3128,11.5772],[76.3169,11.5764],[76.3188,11.5843],[76.3363,11.5954],[76.3411,11.592],[76.3412,11.5875],[76.3433,11.5852],[76.3481,11.5874],[76.3579,11.5896],[76.3732,11.5986],[76.3786,11.6004],[76.3789,11.6076],[76.3847,11.6116],[76.3846,11.6217],[76.3879,11.6294],[76.4041,11.6323],[76.4293,11.6321],[76.4328,11.6303],[76.4339,11.6361],[76.4387,11.6367],[76.4422,11.6406],[76.4436,11.6447],[76.4426,11.6486],[76.4378,11.6521],[76.4356,11.6545],[76.4314,11.6663],[76.4392,11.6636],[76.4594,11.6622],[76.4747,11.6794],[76.4817,11.6852],[76.4818,11.6913],[76.4874,11.6895],[76.4934,11.6895],[76.4959,11.6926],[76.5123,11.7052],[76.5212,11.7014],[76.5329,11.6932],[76.5436,11.6843],[76.5487,11.6778],[76.5513,11.6702],[76.5514,11.6637],[76.5536,11.6555],[76.5555,11.643],[76.5581,11.6342],[76.5617,11.6268],[76.5621,11.6202],[76.5686,11.6174],[76.5834,11.6131],[76.5895,11.6168],[76.5948,11.6154],[76.5969,11.6117],[76.6053,11.6108],[76.6101,11.6086],[76.6166,11.6078],[76.6344,11.6113],[76.6425,11.611],[76.6733,11.6126],[76.688,11.6117],[76.7021,11.612],[76.7165,11.6136],[76.7293,11.6127],[76.7446,11.6129],[76.7502,11.6135],[76.7554,11.6182],[76.7606,11.6144],[76.783,11.6112],[76.7901,11.6113],[76.8001,11.6075],[76.8177,11.604],[76.8259,11.6051],[76.8331,11.5992],[76.8394,11.5977],[76.843,11.5949],[76.8455,11.5919],[76.8468,11.5824]]]},"properties":{"district_name":"The Nilgiris","raw_district_name":"The Nilgiris","state_code":"TN","state_name":"Tamil Nadu","census_code":611,"data_source":"DataMeet India Maps (Census 2011 Boundaries)"}},{"type":"Feature","geometry":{"type":"Polygon","coordinates":[[[77.711,10.0202],[77.7069,10.0168],[77.7026,10.0159],[77.7018,10.0131],[77.6983,10.0129],[77.6991,10.0064],[77.6971,10.0003],[77.6967,9.9925],[77.696,9.9836],[77.6942,9.9773],[77.6932,9.9677],[77.683,9.9689],[77.6757,9.9618],[77.6744,9.9595],[77.6746,9.9575],[77.6749,9.9546],[77.6807,9.9344],[77.6761,9.9248],[77.6755,9.9238],[77.6747,9.9225],[77.668,9.9117],[77.6665,9.9151],[77.6575,9.9185],[77.6554,9.9145],[77.6543,9.9091],[77.6506,9.9051],[77.6495,9.9015],[77.6497,9.8907],[77.6367,9.8726],[77.6226,9.8634],[77.6196,9.8554],[77.6194,9.852],[77.6191,9.8474],[77.6184,9.8377],[77.6202,9.836],[77.6256,9.8376],[77.6279,9.8359],[77.6263,9.8326],[77.626,9.8304],[77.6248,9.8225],[77.6243,9.8213],[77.6186,9.807],[77.6127,9.7995],[77.6074,9.794],[77.6004,9.7767],[77.5958,9.7721],[77.5894,9.7656],[77.5851,9.7612],[77.5837,9.7597],[77.5798,9.7558],[77.5695,9.7478],[77.5622,9.7351],[77.5544,9.7214],[77.5533,9.7177],[77.546,9.7042],[77.5472,9.6981],[77.5461,9.6948],[77.5441,9.6923],[77.5419,9.6933],[77.5368,9.6761],[77.5305,9.6698],[77.526,9.6607],[77.5231,9.659],[77.5211,9.6589],[77.5199,9.6588],[77.5115,9.652],[77.5051,9.6494],[77.5036,9.6463],[77.5036,9.6427],[77.5057,9.639],[77.5059,9.6364],[77.5035,9.6323],[77.4996,9.6277],[77.4877,9.6136],[77.4869,9.6063],[77.4802,9.5993],[77.4799,9.599],[77.4736,9.5924],[77.4696,9.5866],[77.4643,9.5788],[77.4693,9.5748],[77.4756,9.5697],[77.4784,9.5626],[77.4784,9.5626],[77.4778,9.5595],[77.4799,9.5539],[77.4796,9.5514],[77.4771,9.5492],[77.4638,9.545],[77.4596,9.5411],[77.4574,9.5396],[77.4487,9.5451],[77.4463,9.5436],[77.442,9.5454],[77.429,9.5461],[77.4241,9.5395],[77.4167,9.5353],[77.4128,9.5314],[77.4093,9.529],[77.4031,9.5261],[77.3871,9.518],[77.3826,9.5241],[77.3773,9.5254],[77.3709,9.5332],[77.3668,9.5355],[77.3667,9.5495],[77.365,9.5554],[77.3627,9.5578],[77.3561,9.5583],[77.3542,9.5595],[77.3535,9.5641],[77.352,9.566],[77.3566,9.5733],[77.3598,9.5731],[77.3613,9.5765],[77.357,9.5869],[77.3592,9.5941],[77.3608,9.5969],[77.3623,9.5971],[77.3653,9.5958],[77.3674,9.5973],[77.3671,9.5986],[77.3569,9.6043],[77.3445,9.5824],[77.3408,9.5724],[77.337,9.5765],[77.3267,9.5795],[77.3257,9.5851],[77.328,9.5873],[77.3267,9.5937],[77.3308,9.5978],[77.3297,9.5993],[77.3249,9.598],[77.3202,9.6022],[77.3024,9.5964],[77.2954,9.5891],[77.2908,9.59],[77.2912,9.5856],[77.277,9.5757],[77.2737,9.5772],[77.2708,9.574],[77.2664,9.5744],[77.2625,9.5776],[77.2606,9.5776],[77.2578,9.5805],[77.2547,9.5823],[77.2456,9.5849],[77.2385,9.5817],[77.2303,9.5877],[77.2248,9.5933],[77.2242,9.5977],[77.221,9.6012],[77.2164,9.6013],[77.2122,9.6046],[77.2115,9.613],[77.2015,9.6148],[77.1995,9.6113],[77.1947,9.6103],[77.1901,9.606],[77.1828,9.6094],[77.1709,9.6102],[77.1673,9.6148],[77.1703,9.6171],[77.17,9.6227],[77.1777,9.6286],[77.176,9.6361],[77.176,9.639],[77.1813,9.6467],[77.181,9.657],[77.1842,9.6604],[77.1884,9.6607],[77.1879,9.665],[77.1949,9.6692],[77.1975,9.6776],[77.2001,9.6803],[77.2012,9.687],[77.207,9.695],[77.2043,9.7064],[77.2055,9.715],[77.2052,9.7244],[77.2151,9.7262],[77.2235,9.7306],[77.2213,9.7464],[77.2266,9.7542],[77.2276,9.7643],[77.2338,9.769],[77.2258,9.7753],[77.2249,9.7889],[77.2377,9.7907],[77.2418,9.7957],[77.2491,9.7975],[77.2472,9.8034],[77.248,9.8063],[77.2422,9.8153],[77.2345,9.8178],[77.234,9.8222],[77.2274,9.8219],[77.2239,9.8235],[77.23,9.8398],[77.2283,9.8419],[77.2288,9.8475],[77.2387,9.852],[77.2386,9.858],[77.2332,9.8625],[77.2282,9.861],[77.2241,9.8627],[77.214,9.8749],[77.2163,9.8787],[77.2176,9.8837],[77.2214,9.8867],[77.2192,9.9033],[77.2317,9.9147],[77.2357,9.9267],[77.2367,9.9318],[77.2492,9.9472],[77.2495,9.9519],[77.2507,9.9524],[77.2514,9.9504],[77.255,9.9521],[77.2647,9.9516],[77.2701,9.9593],[77.2738,9.9625],[77.2762,9.9728],[77.2743,9.9753],[77.2645,9.9819],[77.2635,9.9865],[77.2654,9.9905],[77.2614,9.9906],[77.2598,9.9953],[77.2625,10.0002],[77.2624,10.0002],[77.2623,10.0039],[77.2555,10.0092],[77.2553,10.012],[77.259,10.0168],[77.2635,10.0249],[77.2627,10.0293],[77.2601,10.0327],[77.2569,10.0352],[77.2516,10.0443],[77.2451,10.0486],[77.2389,10.0546],[77.2351,10.0596],[77.2325,10.0659],[77.2273,10.0675],[77.2187,10.0775],[77.2134,10.0796],[77.2095,10.0825],[77.205,10.0901],[77.204,10.0955],[77.2041,10.0999],[77.202,10.1014],[77.2023,10.1046],[77.2088,10.1152],[77.2121,10.1154],[77.2175,10.1126],[77.2202,10.115],[77.2266,10.1178],[77.2296,10.1183],[77.233,10.1203],[77.2355,10.1244],[77.2394,10.1275],[77.2448,10.1292],[77.2491,10.1257],[77.2542,10.1232],[77.2604,10.1214],[77.2676,10.1205],[77.2746,10.1169],[77.2835,10.116],[77.2842,10.1238],[77.2866,10.1246],[77.2904,10.1231],[77.299,10.1323],[77.3042,10.135],[77.314,10.134],[77.3249,10.1251],[77.3253,10.129],[77.3304,10.1384],[77.3347,10.1375],[77.3433,10.1322],[77.3493,10.1384],[77.3526,10.1437],[77.3619,10.1469],[77.366,10.1447],[77.3719,10.1364],[77.3833,10.1433],[77.387,10.1467],[77.3925,10.1541],[77.3945,10.1587],[77.4079,10.154],[77.4092,10.1463],[77.411,10.1427],[77.4174,10.1384],[77.424,10.1354],[77.4371,10.1305],[77.4419,10.1309],[77.4486,10.1327],[77.4528,10.1319],[77.4647,10.1275],[77.4694,10.1363],[77.4664,10.1403],[77.4681,10.1431],[77.4721,10.1411],[77.4743,10.1444],[77.481,10.147],[77.481,10.15],[77.4845,10.151],[77.4863,10.1474],[77.4895,10.1456],[77.4953,10.1546],[77.4972,10.156],[77.5004,10.1603],[77.5051,10.1583],[77.5131,10.1595],[77.5267,10.1727],[77.5236,10.1741],[77.5367,10.1787],[77.5378,10.1864],[77.5422,10.1818],[77.546,10.1803],[77.5469,10.1828],[77.5467,10.1856],[77.5442,10.1884],[77.5443,10.1915],[77.5467,10.1913],[77.549,10.1896],[77.5511,10.1894],[77.5498,10.1936],[77.5459,10.1982],[77.5477,10.203],[77.5502,10.2028],[77.5513,10.1995],[77.5542,10.1975],[77.5577,10.1963],[77.5622,10.1968],[77.5637,10.1947],[77.5681,10.1913],[77.5669,10.1888],[77.5683,10.1857],[77.5685,10.1795],[77.5723,10.1803],[77.5749,10.1842],[77.5807,10.188],[77.5845,10.1886],[77.5876,10.1904],[77.5883,10.1931],[77.5906,10.1931],[77.5928,10.1895],[77.5962,10.1922],[77.6019,10.1986],[77.5944,10.2011],[77.5953,10.2031],[77.6047,10.2037],[77.6094,10.2101],[77.6115,10.2118],[77.6162,10.2111],[77.6228,10.2152],[77.6242,10.2103],[77.6301,10.2088],[77.631,10.2057],[77.6364,10.2061],[77.6403,10.2023],[77.6437,10.2042],[77.6455,10.2],[77.6489,10.1979],[77.6497,10.1956],[77.6516,10.1944],[77.654,10.1945],[77.6564,10.1924],[77.657,10.1904],[77.6586,10.1891],[77.6614,10.1898],[77.6651,10.1887],[77.6676,10.1899],[77.6702,10.1957],[77.6778,10.1964],[77.6794,10.1984],[77.6821,10.1977],[77.6851,10.2004],[77.6917,10.196],[77.6946,10.1977],[77.698,10.2021],[77.6975,10.206],[77.7018,10.2081],[77.7029,10.2138],[77.7095,10.2064],[77.7062,10.2039],[77.7054,10.2012],[77.7029,10.2004],[77.7053,10.1971],[77.701,10.1949],[77.7009,10.1901],[77.7054,10.1801],[77.7095,10.176],[77.7167,10.1669],[77.7222,10.1653],[77.7227,10.161],[77.7282,10.1589],[77.729,10.1555],[77.7247,10.1536],[77.7236,10.1486],[77.7238,10.1394],[77.7256,10.1354],[77.7295,10.1314],[77.727,10.1289],[77.7214,10.133],[77.7168,10.1288],[77.7137,10.1276],[77.7091,10.1284],[77.701,10.1352],[77.6961,10.1359],[77.6923,10.1401],[77.6911,10.1445],[77.6735,10.1442],[77.6732,10.1396],[77.6748,10.1258],[77.6699,10.1244],[77.667,10.1215],[77.6751,10.1196],[77.675,10.1164],[77.6891,10.1127],[77.6952,10.1089],[77.7006,10.1027],[77.7009,10.0967],[77.6994,10.0857],[77.7079,10.0812],[77.7096,10.0785],[77.7084,10.0745],[77.708,10.0696],[77.7089,10.0607],[77.7102,10.0562],[77.7099,10.0474],[77.7134,10.045],[77.7118,10.0423],[77.7067,10.0398],[77.7062,10.0344],[77.7122,10.0312],[77.711,10.0202]]]},"properties":{"district_name":"Theni","raw_district_name":"Theni","state_code":"TN","state_name":"Tamil Nadu","census_code":624,"data_source":"DataMeet India Maps (Census 2011 Boundaries)"}},{"type":"Feature","geometry":{"type":"MultiPolygon","coordinates":[[[[80.3088,13.4683],[80.3103,13.4647],[80.3117,13.4629],[80.3126,13.4619],[80.3179,13.4583],[80.3188,13.4565],[80.3181,13.4517],[80.3174,13.4501],[80.3165,13.4496],[80.3143,13.4499],[80.3121,13.4512],[80.3107,13.4509],[80.3102,13.4504],[80.3101,13.4488],[80.3118,13.4437],[80.3122,13.4395],[80.3137,13.4387],[80.312,13.4361],[80.3109,13.4323],[80.3084,13.4324],[80.3047,13.4327],[80.3036,13.433],[80.2984,13.4347],[80.2969,13.4363],[80.2962,13.436],[80.2943,13.4373],[80.2918,13.4402],[80.289,13.4403],[80.2873,13.4397],[80.2865,13.4383],[80.2864,13.4382],[80.2864,13.4381],[80.2856,13.4346],[80.2842,13.4318],[80.2839,13.4313],[80.2809,13.428],[80.2845,13.4268],[80.2908,13.4212],[80.2925,13.4167],[80.2929,13.4157],[80.2931,13.4139],[80.2928,13.4133],[80.2919,13.4127],[80.2892,13.4131],[80.2879,13.4126],[80.2878,13.4125],[80.287,13.412],[80.2868,13.4114],[80.2889,13.4028],[80.2951,13.3992],[80.3061,13.3972],[80.3099,13.395],[80.3197,13.3884],[80.3206,13.3873],[80.3251,13.3832],[80.3283,13.3852],[80.3279,13.3884],[80.3285,13.3893],[80.3287,13.3895],[80.3295,13.3902],[80.3282,13.3935],[80.3282,13.3954],[80.3281,13.3972],[80.3278,13.4035],[80.3277,13.4055],[80.3274,13.413],[80.3257,13.4197],[80.3254,13.4231],[80.3249,13.4277],[80.3246,13.4329],[80.3244,13.4355],[80.3249,13.4362],[80.3252,13.4376],[80.3257,13.4399],[80.3269,13.4406],[80.3293,13.4385],[80.3296,13.4325],[80.3299,13.4271],[80.3332,13.4089],[80.3329,13.4058],[80.3327,13.4036],[80.3327,13.4036],[80.3326,13.4024],[80.3342,13.3908],[80.3371,13.3704],[80.3373,13.3689],[80.3407,13.3514],[80.3463,13.3125],[80.3463,13.2934],[80.3426,13.2753],[80.3418,13.271],[80.3417,13.2702],[80.3408,13.2684],[80.3402,13.2677],[80.3384,13.2629],[80.3382,13.2613],[80.3344,13.2497],[80.3326,13.245],[80.3296,13.2338],[80.3225,13.2073],[80.3182,13.1897],[80.317,13.1852],[80.3152,13.1781],[80.3103,13.164],[80.3077,13.1519],[80.3036,13.1415],[80.3035,13.1413],[80.2882,13.1427],[80.2806,13.1418],[80.2767,13.1396],[80.273,13.1321],[80.2695,13.1264],[80.2648,13.1247],[80.2547,13.1219],[80.2497,13.1216],[80.2457,13.1225],[80.2417,13.1272],[80.2277,13.1265],[80.2256,13.1228],[80.2218,13.116],[80.2169,13.1091],[80.2146,13.1043],[80.2146,13.0969],[80.2125,13.0875],[80.2096,13.0847],[80.2079,13.0813],[80.2076,13.0793],[80.2076,13.0764],[80.2093,13.0727],[80.2113,13.0713],[80.2116,13.0682],[80.2116,13.0642],[80.2104,13.0579],[80.2093,13.0545],[80.2087,13.0505],[80.2104,13.0466],[80.211,13.0429],[80.2107,13.0383],[80.2148,13.0346],[80.2153,13.0318],[80.2139,13.0272],[80.2066,13.0309],[80.2044,13.0282],[80.2016,13.0286],[80.1899,13.0253],[80.1898,13.0253],[80.1898,13.0253],[80.1855,13.0249],[80.1845,13.0262],[80.1798,13.0277],[80.173,13.0298],[80.1673,13.0309],[80.1664,13.0268],[80.1628,13.0276],[80.1617,13.0309],[80.1483,13.0303],[80.1467,13.037],[80.1508,13.0373],[80.1485,13.0412],[80.1413,13.0484],[80.1414,13.0518],[80.1306,13.0507],[80.1318,13.0579],[80.1248,13.0602],[80.1257,13.0667],[80.1259,13.078],[80.1229,13.0918],[80.1271,13.0947],[80.1277,13.1004],[80.1266,13.1076],[80.1237,13.1157],[80.1195,13.1243],[80.1129,13.1321],[80.1033,13.1331],[80.0939,13.1356],[80.0877,13.1406],[80.0797,13.1425],[80.0603,13.1352],[80.0555,13.1378],[80.0428,13.1379],[80.0439,13.1331],[80.0385,13.131],[80.0306,13.1301],[80.0147,13.1315],[80.0152,13.1262],[80.0172,13.1203],[80.0123,13.1209],[80.0106,13.1188],[80.0135,13.1074],[80.011,13.1038],[80.005,13.1004],[80.0021,13.1],[80.0036,13.0969],[80.001,13.0935],[79.9969,13.0965],[79.9883,13.0913],[79.9875,13.0869],[79.9833,13.0817],[79.9814,13.0736],[79.9803,13.0654],[79.9875,13.0631],[79.9911,13.0607],[79.9944,13.0578],[79.9982,13.0519],[79.9966,13.0413],[79.9946,13.0351],[79.9918,13.0314],[79.9846,13.0327],[79.9791,13.0365],[79.979,13.0399],[79.983,13.0478],[79.9931,13.0518],[79.9894,13.0569],[79.977,13.053],[79.9715,13.0474],[79.9715,13.0436],[79.9727,13.0396],[79.9713,13.0382],[79.9628,13.0397],[79.9463,13.0334],[79.9355,13.0336],[79.926,13.0351],[79.9216,13.0373],[79.9219,13.0481],[79.915,13.048],[79.9041,13.0508],[79.8981,13.0345],[79.9037,13.0297],[79.9038,13.0213],[79.9052,13.0149],[79.9114,13.0165],[79.9161,13.016],[79.9224,13.0192],[79.9244,13.0145],[79.9324,13.012],[79.9438,13.007],[79.9443,13.0031],[79.9436,13.0001],[79.9409,12.9947],[79.9385,12.993],[79.9294,12.9907],[79.9159,12.9987],[79.9129,13.0031],[79.9084,13.0001],[79.9022,12.9946],[79.8976,12.9947],[79.8945,12.9905],[79.9013,12.9882],[79.9169,12.9771],[79.9128,12.9729],[79.9124,12.9675],[79.9098,12.9631],[79.9032,12.9606],[79.8996,12.957],[79.8957,12.9464],[79.8647,12.9484],[79.8537,12.9501],[79.8516,12.9549],[79.8471,12.957],[79.8367,12.9589],[79.8381,12.9638],[79.825,12.9633],[79.8233,12.9668],[79.8213,12.985],[79.8233,12.988],[79.8177,12.9868],[79.8156,12.9903],[79.8203,12.9935],[79.8206,13.0002],[79.8101,13.0168],[79.8023,13.0148],[79.8001,13.0201],[79.7995,13.0266],[79.7866,13.0221],[79.7855,13.0221],[79.7856,13.0222],[79.7862,13.0292],[79.7859,13.0398],[79.7898,13.0465],[79.7868,13.0525],[79.7782,13.055],[79.7765,13.0583],[79.7712,13.0592],[79.7615,13.052],[79.7488,13.0502],[79.7343,13.0592],[79.7268,13.0532],[79.7209,13.0537],[79.7195,13.0571],[79.7242,13.0609],[79.7265,13.0669],[79.7343,13.0668],[79.739,13.0695],[79.7406,13.0743],[79.7323,13.0952],[79.7269,13.097],[79.7123,13.0976],[79.7017,13.0997],[79.7035,13.1066],[79.7087,13.1078],[79.7166,13.1048],[79.7222,13.1069],[79.7262,13.1148],[79.7346,13.1163],[79.7372,13.1247],[79.7396,13.1365],[79.7393,13.1512],[79.7358,13.1644],[79.7284,13.1641],[79.7179,13.1615],[79.7037,13.1602],[79.7003,13.156],[79.6957,13.1591],[79.6923,13.1645],[79.6921,13.1751],[79.6974,13.18],[79.7003,13.1874],[79.6924,13.1897],[79.6828,13.1854],[79.671,13.1814],[79.6695,13.1868],[79.6708,13.2007],[79.655,13.2083],[79.6524,13.2022],[79.6479,13.1965],[79.6456,13.1866],[79.6452,13.1782],[79.6324,13.1689],[79.6319,13.1613],[79.6361,13.1475],[79.6295,13.1436],[79.6189,13.1428],[79.6087,13.1433],[79.5941,13.1454],[79.592,13.1424],[79.5964,13.1359],[79.599,13.1293],[79.5952,13.1222],[79.5845,13.1211],[79.5716,13.1215],[79.5692,13.1279],[79.5698,13.134],[79.5557,13.1367],[79.5509,13.1334],[79.529,13.1361],[79.5226,13.1406],[79.517,13.1427],[79.505,13.1367],[79.493,13.1368],[79.4824,13.1381],[79.4818,13.1308],[79.4794,13.1268],[79.474,13.126],[79.4751,13.1211],[79.4756,13.1128],[79.4737,13.107],[79.4661,13.1077],[79.4634,13.1044],[79.4622,13.0972],[79.4604,13.0953],[79.4533,13.0922],[79.452,13.0942],[79.4423,13.1092],[79.4321,13.1131],[79.4313,13.1181],[79.4413,13.1183],[79.4538,13.1204],[79.4528,13.126],[79.4431,13.124],[79.437,13.1251],[79.4242,13.1445],[79.4186,13.1485],[79.4122,13.1356],[79.4127,13.1298],[79.4125,13.1201],[79.4079,13.1149],[79.4023,13.1059],[79.4091,13.1015],[79.4186,13.1027],[79.4217,13.098],[79.4197,13.0902],[79.4169,13.083],[79.3937,13.0812],[79.3827,13.0787],[79.3472,13.0605],[79.338,13.0638],[79.3316,13.0727],[79.3226,13.0793],[79.3063,13.0841],[79.3014,13.0896],[79.2983,13.097],[79.2912,13.1081],[79.2858,13.1197],[79.2861,13.1328],[79.2898,13.1316],[79.2972,13.1348],[79.3004,13.1302],[79.3111,13.1268],[79.3098,13.1094],[79.3203,13.1089],[79.3224,13.112],[79.3221,13.1189],[79.3247,13.1258],[79.329,13.1314],[79.343,13.1333],[79.3476,13.1395],[79.3501,13.1352],[79.3567,13.1356],[79.3624,13.1375],[79.3669,13.1418],[79.3591,13.1469],[79.3592,13.1522],[79.3602,13.1559],[79.3594,13.166],[79.36,13.175],[79.367,13.1734],[79.3735,13.1681],[79.3773,13.1724],[79.3795,13.1776],[79.3831,13.1806],[79.3813,13.1883],[79.3907,13.1945],[79.3967,13.1968],[79.4049,13.1965],[79.4102,13.1985],[79.4256,13.198],[79.4329,13.1966],[79.4361,13.1996],[79.4339,13.2053],[79.4355,13.211],[79.4355,13.2159],[79.4339,13.2207],[79.4578,13.2289],[79.4577,13.2339],[79.4548,13.2413],[79.4484,13.2419],[79.4392,13.2348],[79.4305,13.2306],[79.4293,13.2243],[79.4231,13.2242],[79.4209,13.2317],[79.4219,13.2402],[79.4196,13.2497],[79.4209,13.2588],[79.4245,13.2695],[79.4312,13.2784],[79.4302,13.2811],[79.4305,13.2866],[79.4372,13.2934],[79.4339,13.2987],[79.4176,13.2974],[79.4111,13.3011],[79.3977,13.3066],[79.3867,13.3149],[79.4135,13.3277],[79.4294,13.3339],[79.441,13.3355],[79.4668,13.3363],[79.4915,13.3336],[79.4994,13.3287],[79.51,13.327],[79.5218,13.3269],[79.535,13.3281],[79.5481,13.3233],[79.5512,13.3132],[79.5515,13.302],[79.5538,13.2912],[79.5587,13.2863],[79.5611,13.2794],[79.5672,13.2715],[79.5778,13.2618],[79.5834,13.2598],[79.5927,13.2578],[79.5979,13.2595],[79.5989,13.2659],[79.6011,13.2728],[79.6073,13.2755],[79.6136,13.2802],[79.6175,13.2798],[79.6232,13.277],[79.6277,13.2729],[79.6332,13.2714],[79.6368,13.2745],[79.642,13.2734],[79.6432,13.2806],[79.645,13.286],[79.6509,13.2887],[79.6562,13.2859],[79.6611,13.2859],[79.6659,13.2871],[79.6699,13.281],[79.6751,13.2807],[79.6784,13.2858],[79.681,13.2945],[79.6918,13.2819],[79.6941,13.2782],[79.6969,13.2693],[79.6863,13.2596],[79.6837,13.2485],[79.6859,13.2421],[79.6933,13.241],[79.6971,13.2465],[79.7045,13.2512],[79.7086,13.2466],[79.7084,13.2365],[79.7021,13.2239],[79.7014,13.2201],[79.7051,13.2202],[79.7123,13.2154],[79.7183,13.222],[79.7241,13.2232],[79.7284,13.2271],[79.7312,13.2353],[79.7355,13.2346],[79.7392,13.2301],[79.7452,13.2277],[79.7464,13.223],[79.7502,13.2183],[79.751,13.2111],[79.7571,13.2077],[79.7645,13.2176],[79.7704,13.2184],[79.7761,13.2217],[79.7799,13.2262],[79.7863,13.2304],[79.7901,13.2301],[79.796,13.2308],[79.7976,13.2364],[79.796,13.241],[79.7881,13.247],[79.7654,13.2565],[79.7582,13.261],[79.752,13.2672],[79.7344,13.2784],[79.7339,13.2849],[79.7422,13.2878],[79.7541,13.2894],[79.7587,13.2927],[79.7623,13.3036],[79.7631,13.3115],[79.7666,13.3155],[79.781,13.3024],[79.7868,13.2979],[79.7924,13.2949],[79.7999,13.2974],[79.8049,13.3044],[79.8076,13.3114],[79.8129,13.3171],[79.8211,13.3179],[79.8367,13.3152],[79.8432,13.3149],[79.8494,13.3159],[79.8517,13.3162],[79.8638,13.3163],[79.8683,13.3211],[79.8715,13.3266],[79.8779,13.3237],[79.8832,13.3247],[79.8876,13.3303],[79.8928,13.3334],[79.8987,13.3342],[79.9045,13.3376],[79.91,13.3425],[79.9165,13.3462],[79.9189,13.352],[79.9233,13.3567],[79.9298,13.354],[79.9382,13.349],[79.9414,13.3566],[79.9527,13.3711],[79.9533,13.374],[79.9524,13.3821],[79.9607,13.3802],[79.9662,13.3871],[79.9629,13.395],[79.9482,13.3978],[79.9482,13.4036],[79.9451,13.4173],[79.9485,13.4225],[79.9569,13.4237],[79.9634,13.4211],[79.9711,13.4258],[79.9758,13.4309],[79.9736,13.4406],[79.9756,13.4535],[79.9747,13.4571],[79.9744,13.4642],[79.9808,13.4694],[79.982,13.4697],[79.9832,13.4719],[79.9849,13.4763],[79.986,13.4805],[79.9912,13.4846],[80.0031,13.4921],[80.014,13.4965],[80.0182,13.4993],[80.0182,13.4993],[80.0184,13.5007],[80.0314,13.4994],[80.0374,13.4997],[80.0486,13.4975],[80.0497,13.5059],[80.0495,13.5124],[80.0453,13.5149],[80.0381,13.517],[80.0316,13.5146],[80.0261,13.5169],[80.0209,13.5212],[80.0187,13.528],[80.0129,13.5253],[80.0026,13.523],[80.0022,13.5259],[80.0017,13.5319],[80.0021,13.5396],[80.0066,13.5425],[80.0202,13.5453],[80.0269,13.5414],[80.03,13.5381],[80.042,13.5366],[80.0466,13.5348],[80.0579,13.535],[80.0635,13.5435],[80.072,13.5456],[80.0781,13.5478],[80.0797,13.549],[80.0819,13.5506],[80.0853,13.547],[80.0884,13.5398],[80.0896,13.537],[80.0829,13.532],[80.08,13.5257],[80.0788,13.5167],[80.0788,13.5091],[80.0805,13.4911],[80.104,13.4902],[80.1108,13.4919],[80.1132,13.4972],[80.1132,13.5003],[80.1133,13.5081],[80.1211,13.5067],[80.1262,13.5073],[80.1325,13.5055],[80.1469,13.5036],[80.1477,13.4944],[80.1648,13.4922],[80.1691,13.4916],[80.1797,13.4879],[80.203,13.4867],[80.2109,13.4844],[80.2113,13.4874],[80.2156,13.4875],[80.2152,13.4855],[80.2189,13.4841],[80.2255,13.4835],[80.2342,13.4743],[80.2346,13.4739],[80.2351,13.4735],[80.2418,13.468],[80.2422,13.4692],[80.2423,13.4695],[80.2478,13.4874],[80.2484,13.4896],[80.2534,13.5058],[80.262,13.5462],[80.2626,13.5495],[80.2644,13.5579],[80.2649,13.5604],[80.2697,13.5632],[80.2712,13.56],[80.2718,13.5594],[80.2728,13.5569],[80.2738,13.5565],[80.284,13.5341],[80.2881,13.519],[80.2905,13.512],[80.292,13.5025],[80.2929,13.4976],[80.2956,13.4891],[80.3018,13.4756],[80.3028,13.4745],[80.304,13.4722],[80.3045,13.4714],[80.3069,13.4695],[80.3088,13.4683]]],[[[80.3193,13.4139],[80.3184,13.4134],[80.3161,13.4138],[80.3137,13.415],[80.3126,13.4218],[80.3134,13.4241],[80.3173,13.4256],[80.3207,13.423],[80.321,13.4163],[80.3193,13.4139]]],[[[80.3052,13.4215],[80.3074,13.4199],[80.3076,13.4202],[80.3076,13.4194],[80.3087,13.4162],[80.3098,13.4131],[80.3093,13.4099],[80.3069,13.4094],[80.3039,13.4109],[80.302,13.4138],[80.3014,13.4178],[80.3014,13.4207],[80.3033,13.4223],[80.3052,13.4215]]],[[[80.3212,13.392],[80.3207,13.3909],[80.3193,13.3912],[80.319,13.391],[80.3179,13.3949],[80.3173,13.3972],[80.3168,13.4003],[80.3181,13.4028],[80.3212,13.4009],[80.3221,13.3983],[80.3223,13.3975],[80.3215,13.3936],[80.3212,13.392]]],[[[79.8451,13.3307],[79.8461,13.323],[79.8428,13.3233],[79.8414,13.3264],[79.8451,13.3307]]],[[[80.3202,13.4382],[80.3181,13.4377],[80.317,13.439],[80.3165,13.4402],[80.3179,13.4426],[80.3184,13.4429],[80.3196,13.4432],[80.3201,13.4428],[80.3204,13.4401],[80.3202,13.4382]]]]},"properties":{"district_name":"Thiruvallur","raw_district_name":"Thiruvallur","state_code":"TN","state_name":"Tamil Nadu","census_code":602,"data_source":"DataMeet India Maps (Census 2011 Boundaries)"}},{"type":"Feature","geometry":{"type":"Polygon","coordinates":[[[79.7031,11.0133],[79.7071,11.0116],[79.7118,11.0078],[79.7222,11.0034],[79.7241,11.0004],[79.7272,10.9982],[79.7322,10.9971],[79.7346,10.995],[79.742,10.9948],[79.7467,10.9964],[79.7468,10.9967],[79.7468,10.9967],[79.7469,10.9966],[79.7487,10.9905],[79.7472,10.9863],[79.7495,10.9858],[79.7532,10.985],[79.7552,10.9846],[79.7564,10.9818],[79.7564,10.9818],[79.7566,10.9814],[79.7609,10.9823],[79.7584,10.9785],[79.7562,10.9767],[79.7552,10.9739],[79.7552,10.9739],[79.757,10.9711],[79.7616,10.9698],[79.7628,10.9646],[79.7628,10.9631],[79.7628,10.963],[79.7626,10.9586],[79.7623,10.9587],[79.7572,10.9589],[79.7497,10.9564],[79.7488,10.9634],[79.7438,10.9676],[79.738,10.9658],[79.7325,10.9685],[79.7286,10.9675],[79.7276,10.9674],[79.724,10.9672],[79.7207,10.967],[79.721,10.9628],[79.7199,10.9608],[79.7203,10.9535],[79.7214,10.9504],[79.722,10.9504],[79.722,10.9504],[79.7264,10.9508],[79.7319,10.9494],[79.7326,10.9535],[79.7363,10.9558],[79.7364,10.9554],[79.7364,10.9554],[79.7383,10.9506],[79.7373,10.9475],[79.733,10.9458],[79.7301,10.9432],[79.7298,10.9431],[79.7274,10.9424],[79.7256,10.9419],[79.7248,10.9386],[79.7256,10.9364],[79.7215,10.9363],[79.7213,10.9341],[79.7225,10.9341],[79.7276,10.9344],[79.7275,10.9337],[79.7275,10.9336],[79.7275,10.9327],[79.7252,10.9303],[79.7264,10.9284],[79.7274,10.9282],[79.7297,10.9277],[79.738,10.926],[79.7373,10.9234],[79.7373,10.9231],[79.7368,10.9211],[79.7372,10.9209],[79.7384,10.9205],[79.7411,10.9233],[79.7426,10.9225],[79.7427,10.9224],[79.7431,10.9222],[79.7428,10.9189],[79.7448,10.9179],[79.7456,10.9176],[79.7456,10.9176],[79.7453,10.9167],[79.7441,10.9127],[79.7442,10.9128],[79.7424,10.9094],[79.7386,10.9092],[79.7369,10.9081],[79.733,10.9068],[79.7299,10.9076],[79.7275,10.9103],[79.726,10.9109],[79.7238,10.9122],[79.7212,10.9122],[79.7179,10.9122],[79.7118,10.91],[79.7092,10.9107],[79.7077,10.9116],[79.7074,10.914],[79.707,10.9185],[79.707,10.9229],[79.7055,10.9264],[79.7011,10.9275],[79.6978,10.9306],[79.6917,10.931],[79.6889,10.9288],[79.685,10.9262],[79.6828,10.9207],[79.6799,10.9183],[79.6782,10.9185],[79.6727,10.9155],[79.6712,10.9129],[79.6712,10.9081],[79.6708,10.9024],[79.6662,10.8991],[79.6638,10.8985],[79.6609,10.8969],[79.6601,10.8937],[79.6588,10.89],[79.657,10.8886],[79.6557,10.8836],[79.6564,10.8773],[79.6564,10.8725],[79.6542,10.8651],[79.6533,10.8627],[79.6509,10.8609],[79.647,10.86],[79.6461,10.8576],[79.6463,10.8555],[79.6498,10.8542],[79.6533,10.8528],[79.6561,10.8496],[79.6577,10.847],[79.6616,10.8424],[79.6616,10.84],[79.6601,10.8356],[79.6579,10.8356],[79.6555,10.8328],[79.6553,10.8282],[79.6544,10.8251],[79.6498,10.8232],[79.6415,10.8229],[79.6393,10.821],[79.6389,10.8188],[79.64,10.8136],[79.642,10.8112],[79.645,10.809],[79.6478,10.8036],[79.65,10.8015],[79.6493,10.7948],[79.6529,10.7944],[79.6561,10.7976],[79.6572,10.7958],[79.6625,10.7948],[79.6713,10.7943],[79.6735,10.7957],[79.6743,10.7992],[79.6732,10.801],[79.6691,10.8009],[79.6678,10.8023],[79.6637,10.8022],[79.6637,10.8045],[79.6598,10.8044],[79.6605,10.8163],[79.6768,10.8168],[79.6808,10.8151],[79.6871,10.8155],[79.6876,10.8276],[79.6931,10.8296],[79.6956,10.8282],[79.6982,10.8304],[79.7055,10.8241],[79.7078,10.8242],[79.7114,10.824],[79.7119,10.8275],[79.7138,10.8285],[79.7269,10.8282],[79.7295,10.8262],[79.7282,10.8223],[79.7289,10.8187],[79.7292,10.8174],[79.7292,10.8148],[79.7299,10.8099],[79.7335,10.8069],[79.7338,10.8043],[79.7305,10.7981],[79.722,10.7932],[79.7155,10.7896],[79.7135,10.787],[79.7086,10.7827],[79.7066,10.7801],[79.7066,10.7723],[79.7057,10.7696],[79.7024,10.767],[79.7014,10.7638],[79.706,10.7625],[79.7083,10.7595],[79.7083,10.7559],[79.7079,10.7523],[79.7066,10.7504],[79.7034,10.7497],[79.6994,10.7471],[79.6991,10.7451],[79.6949,10.7405],[79.6906,10.7373],[79.6893,10.7327],[79.6896,10.7284],[79.6952,10.7258],[79.6968,10.7242],[79.6936,10.7196],[79.6919,10.717],[79.6887,10.7163],[79.6847,10.717],[79.6824,10.7154],[79.6785,10.7128],[79.6756,10.7128],[79.672,10.7147],[79.6717,10.7173],[79.6687,10.7183],[79.6654,10.7173],[79.6625,10.7147],[79.6602,10.7085],[79.6622,10.7062],[79.6681,10.7013],[79.6756,10.6951],[79.6811,10.6935],[79.6831,10.6902],[79.6854,10.6876],[79.6841,10.6827],[79.6811,10.6801],[79.6805,10.6751],[79.6769,10.6719],[79.6766,10.6683],[79.6762,10.665],[79.6717,10.6634],[79.6713,10.6611],[79.67,10.6572],[79.6684,10.6565],[79.6628,10.6572],[79.6592,10.6568],[79.6569,10.6526],[79.6563,10.6483],[79.6569,10.6454],[79.6596,10.6424],[79.6612,10.6415],[79.6661,10.6392],[79.6681,10.6366],[79.6717,10.6349],[79.6772,10.6336],[79.6775,10.63],[79.6769,10.6241],[79.6752,10.6183],[79.6707,10.6179],[79.6674,10.6153],[79.6658,10.6111],[79.6661,10.6078],[79.6664,10.6055],[79.671,10.6032],[79.6733,10.6003],[79.6766,10.5996],[79.6772,10.5957],[79.6769,10.5934],[79.6792,10.5898],[79.6854,10.5908],[79.689,10.5908],[79.6952,10.5905],[79.6988,10.5872],[79.6975,10.5856],[79.6945,10.5839],[79.6919,10.5823],[79.689,10.5793],[79.6877,10.5787],[79.687,10.5751],[79.6857,10.5731],[79.6792,10.5728],[79.6743,10.5728],[79.672,10.5718],[79.6717,10.5695],[79.6726,10.5646],[79.6756,10.5636],[79.6831,10.5617],[79.687,10.56],[79.69,10.56],[79.6945,10.5564],[79.6972,10.5535],[79.7024,10.5525],[79.7112,10.5525],[79.7129,10.5535],[79.7174,10.5535],[79.7214,10.5512],[79.724,10.5483],[79.7246,10.5457],[79.7279,10.5417],[79.7292,10.5385],[79.7292,10.5342],[79.7269,10.5316],[79.7243,10.53],[79.7227,10.5277],[79.7197,10.527],[79.7178,10.5247],[79.7178,10.5208],[79.7171,10.5179],[79.7142,10.5175],[79.7102,10.5146],[79.707,10.512],[79.704,10.512],[79.7008,10.512],[79.6972,10.509],[79.6965,10.5064],[79.6968,10.5018],[79.7001,10.5009],[79.703,10.4982],[79.7034,10.4946],[79.7037,10.492],[79.704,10.4888],[79.703,10.4861],[79.7004,10.4855],[79.6965,10.4865],[79.6923,10.4861],[79.6919,10.4835],[79.6906,10.4809],[79.6877,10.4812],[79.6831,10.4809],[79.6818,10.477],[79.6838,10.4731],[79.6873,10.4688],[79.6909,10.4639],[79.6936,10.4616],[79.6991,10.4561],[79.6962,10.4521],[79.6903,10.4512],[79.687,10.4518],[79.6844,10.4521],[79.6779,10.4528],[79.6762,10.4518],[79.6746,10.4489],[79.6726,10.4443],[79.6697,10.4433],[79.6677,10.4449],[79.6664,10.4479],[79.6638,10.4515],[79.6612,10.4521],[79.6592,10.4505],[79.6576,10.4472],[79.6543,10.4453],[79.652,10.4443],[79.6465,10.444],[79.6409,10.4446],[79.634,10.4407],[79.6314,10.4355],[79.6318,10.4322],[79.6318,10.4237],[79.6318,10.4198],[79.6337,10.4162],[79.6334,10.4113],[79.6318,10.408],[79.6308,10.4037],[79.6308,10.3995],[79.6298,10.3959],[79.6305,10.3916],[79.6331,10.3858],[79.6357,10.3815],[79.6357,10.3779],[79.6363,10.3723],[79.6383,10.3674],[79.6376,10.3635],[79.6376,10.3589],[79.6386,10.3547],[79.6425,10.3488],[79.6501,10.3468],[79.6556,10.3426],[79.6576,10.3403],[79.6648,10.3357],[79.6733,10.3302],[79.6767,10.3251],[79.6755,10.3256],[79.6754,10.3255],[79.6753,10.3256],[79.6709,10.3271],[79.6654,10.3289],[79.6594,10.3309],[79.6546,10.3325],[79.6379,10.3381],[79.6379,10.3381],[79.636,10.337],[79.6347,10.3361],[79.6329,10.3354],[79.6328,10.3354],[79.629,10.3324],[79.6269,10.3308],[79.6266,10.3303],[79.6245,10.3269],[79.6231,10.3259],[79.6206,10.3252],[79.6163,10.324],[79.6149,10.3232],[79.6122,10.3217],[79.6114,10.3208],[79.6116,10.3192],[79.6134,10.3183],[79.6219,10.3171],[79.6226,10.317],[79.6241,10.3168],[79.6323,10.3158],[79.645,10.3154],[79.6484,10.3161],[79.6589,10.313],[79.659,10.3129],[79.6626,10.3119],[79.6655,10.3116],[79.6657,10.3115],[79.673,10.3108],[79.681,10.3074],[79.6874,10.3031],[79.6915,10.3003],[79.7,10.2952],[79.7055,10.2935],[79.71,10.2925],[79.715,10.2912],[79.723,10.2893],[79.7236,10.2893],[79.727,10.2888],[79.7277,10.2891],[79.7325,10.2916],[79.7329,10.2922],[79.7337,10.2935],[79.7347,10.2951],[79.7379,10.2977],[79.7381,10.2979],[79.7424,10.2991],[79.7475,10.3001],[79.7476,10.2999],[79.7484,10.2994],[79.7503,10.2915],[79.7509,10.2911],[79.751,10.2907],[79.751,10.2901],[79.7512,10.2888],[79.7537,10.2877],[79.7537,10.2877],[79.7573,10.2887],[79.7603,10.2887],[79.7639,10.2873],[79.7639,10.2873],[79.764,10.2873],[79.7656,10.2866],[79.7667,10.2858],[79.7692,10.2841],[79.7703,10.2838],[79.7726,10.2821],[79.7726,10.2812],[79.7727,10.2811],[79.7727,10.2811],[79.7745,10.2798],[79.7749,10.2782],[79.775,10.278],[79.7751,10.2779],[79.7762,10.2765],[79.7762,10.2765],[79.7764,10.2751],[79.7743,10.2739],[79.7694,10.2729],[79.7647,10.2735],[79.7609,10.274],[79.7524,10.2758],[79.741,10.2774],[79.7284,10.2789],[79.72,10.2798],[79.7062,10.2836],[79.6992,10.2841],[79.6992,10.2841],[79.6969,10.2842],[79.6927,10.2853],[79.6895,10.286],[79.6878,10.2866],[79.6875,10.2867],[79.6867,10.2869],[79.683,10.2881],[79.6799,10.2891],[79.6745,10.2904],[79.6743,10.2903],[79.6741,10.2902],[79.6671,10.2912],[79.6655,10.2915],[79.6568,10.2897],[79.6518,10.29],[79.6455,10.2921],[79.6378,10.2945],[79.6376,10.2946],[79.6375,10.2946],[79.6355,10.2952],[79.6333,10.2964],[79.6327,10.2968],[79.6325,10.2968],[79.6316,10.2968],[79.6282,10.2983],[79.6277,10.2986],[79.6245,10.2997],[79.6167,10.3018],[79.6165,10.3018],[79.6114,10.3023],[79.5995,10.3043],[79.5944,10.305],[79.5944,10.305],[79.5933,10.3046],[79.5845,10.3053],[79.5812,10.3055],[79.5789,10.3057],[79.5739,10.3065],[79.5739,10.3066],[79.5642,10.3082],[79.5524,10.308],[79.5522,10.3079],[79.5507,10.3077],[79.5477,10.3069],[79.5477,10.3069],[79.5454,10.3073],[79.5447,10.3086],[79.5457,10.3113],[79.5457,10.3114],[79.5457,10.3114],[79.5469,10.3139],[79.5499,10.3169],[79.5501,10.3171],[79.5526,10.321],[79.5544,10.3277],[79.5545,10.3277],[79.5563,10.3299],[79.5612,10.3312],[79.5614,10.3313],[79.5614,10.3313],[79.5655,10.3312],[79.5695,10.3304],[79.5697,10.3304],[79.5766,10.329],[79.584,10.3286],[79.5954,10.3277],[79.5957,10.3278],[79.5957,10.3277],[79.5979,10.3276],[79.6012,10.3281],[79.6013,10.3281],[79.6036,10.3284],[79.6068,10.329],[79.6068,10.3289],[79.6112,10.3296],[79.6131,10.3308],[79.6148,10.3345],[79.6144,10.3354],[79.6142,10.3361],[79.6136,10.3377],[79.6131,10.3389],[79.6128,10.3401],[79.6098,10.3425],[79.6097,10.3426],[79.6002,10.3478],[79.6002,10.3478],[79.6001,10.3478],[79.5985,10.3476],[79.5955,10.3462],[79.5922,10.3446],[79.5919,10.3445],[79.5868,10.3428],[79.586,10.3426],[79.5859,10.3426],[79.5819,10.3425],[79.5758,10.3438],[79.5758,10.3438],[79.5695,10.3451],[79.5551,10.3481],[79.5496,10.3493],[79.5493,10.3494],[79.5468,10.351],[79.5331,10.3557],[79.5328,10.3558],[79.5328,10.3558],[79.527,10.355],[79.5295,10.3509],[79.5306,10.3498],[79.5308,10.3492],[79.5318,10.3483],[79.5328,10.3471],[79.5346,10.3451],[79.5371,10.3423],[79.5379,10.3414],[79.5364,10.3396],[79.5364,10.3366],[79.5373,10.3332],[79.5373,10.333],[79.5374,10.3328],[79.5376,10.3322],[79.5378,10.3282],[79.5378,10.3268],[79.5372,10.3263],[79.5358,10.3238],[79.5283,10.3178],[79.5279,10.3171],[79.5227,10.3139],[79.5224,10.3137],[79.5222,10.3136],[79.5212,10.3132],[79.5205,10.3129],[79.5203,10.3127],[79.5193,10.3118],[79.5179,10.3116],[79.5177,10.3116],[79.5177,10.3116],[79.5167,10.3117],[79.5143,10.3119],[79.5131,10.3121],[79.5099,10.3127],[79.5098,10.3127],[79.5095,10.3127],[79.5062,10.3133],[79.5032,10.3138],[79.5014,10.3142],[79.4934,10.3161],[79.4823,10.317],[79.4734,10.3189],[79.4732,10.3307],[79.4735,10.3369],[79.4748,10.3446],[79.4776,10.35],[79.4795,10.3486],[79.4838,10.348],[79.4906,10.3473],[79.4915,10.3482],[79.4939,10.3493],[79.4954,10.3493],[79.4991,10.3481],[79.5015,10.3468],[79.5026,10.3469],[79.5052,10.3496],[79.5051,10.3502],[79.5038,10.351],[79.5038,10.3521],[79.5038,10.3531],[79.5041,10.354],[79.505,10.3549],[79.506,10.3549],[79.5077,10.3537],[79.5082,10.3534],[79.508,10.3626],[79.505,10.3688],[79.4973,10.3702],[79.4912,10.3732],[79.4859,10.3806],[79.4775,10.3723],[79.4717,10.3733],[79.4618,10.3745],[79.4709,10.386],[79.4686,10.3906],[79.4799,10.3982],[79.4771,10.4031],[79.4747,10.4074],[79.4658,10.4122],[79.4662,10.4171],[79.4597,10.4183],[79.4568,10.4277],[79.4528,10.4341],[79.4603,10.433],[79.4674,10.4348],[79.4717,10.4362],[79.4802,10.4416],[79.4749,10.4437],[79.4737,10.4509],[79.4705,10.4578],[79.4779,10.4634],[79.4804,10.4695],[79.4837,10.4779],[79.4837,10.4875],[79.4794,10.4913],[79.4714,10.4915],[79.4623,10.4875],[79.455,10.4932],[79.4617,10.5034],[79.469,10.5095],[79.4636,10.5126],[79.4589,10.5132],[79.4569,10.5185],[79.4529,10.5206],[79.4474,10.52],[79.4421,10.5215],[79.4388,10.5272],[79.4346,10.5318],[79.4243,10.5345],[79.4268,10.5413],[79.4331,10.5438],[79.4377,10.5442],[79.4421,10.5463],[79.4481,10.549],[79.4534,10.5494],[79.4508,10.5562],[79.4462,10.5559],[79.4398,10.5584],[79.434,10.5558],[79.427,10.5596],[79.4252,10.5549],[79.4205,10.5482],[79.415,10.5507],[79.4078,10.5499],[79.3994,10.5554],[79.3985,10.5612],[79.3995,10.5716],[79.4026,10.5756],[79.3958,10.5796],[79.389,10.5821],[79.3831,10.5811],[79.3764,10.5782],[79.3697,10.578],[79.3626,10.5779],[79.3497,10.585],[79.3469,10.5897],[79.3486,10.5957],[79.3475,10.6055],[79.352,10.6093],[79.3498,10.6144],[79.3485,10.6192],[79.3447,10.6239],[79.3526,10.6282],[79.3539,10.6341],[79.3549,10.6388],[79.3567,10.6469],[79.3508,10.646],[79.3475,10.6514],[79.3406,10.6572],[79.3308,10.6579],[79.3174,10.6601],[79.3166,10.6663],[79.3169,10.6739],[79.3187,10.6797],[79.3184,10.6864],[79.3135,10.6953],[79.3103,10.7011],[79.3062,10.7083],[79.3077,10.7165],[79.3062,10.7253],[79.3032,10.7307],[79.2998,10.7351],[79.3015,10.7407],[79.3046,10.7445],[79.3086,10.7452],[79.3088,10.7455],[79.3097,10.7456],[79.3123,10.7452],[79.3141,10.7437],[79.3149,10.7418],[79.3144,10.7402],[79.3135,10.739],[79.3156,10.7389],[79.3194,10.7366],[79.3218,10.7364],[79.3239,10.7368],[79.3272,10.7383],[79.3361,10.7382],[79.3363,10.7381],[79.3413,10.738],[79.3452,10.7391],[79.3483,10.7405],[79.3498,10.7419],[79.3496,10.7433],[79.3501,10.7488],[79.3508,10.7487],[79.3523,10.7473],[79.3547,10.7459],[79.3635,10.7522],[79.3614,10.7548],[79.3612,10.7586],[79.3622,10.7618],[79.3602,10.7627],[79.3602,10.765],[79.3537,10.765],[79.3533,10.7651],[79.345,10.7651],[79.3452,10.7672],[79.3451,10.7672],[79.3448,10.7753],[79.3447,10.7806],[79.3468,10.7819],[79.3501,10.7816],[79.3524,10.7889],[79.3518,10.7889],[79.3518,10.789],[79.3488,10.7899],[79.3494,10.7942],[79.3557,10.7924],[79.3585,10.7925],[79.3592,10.7943],[79.3636,10.7936],[79.3651,10.795],[79.3688,10.795],[79.371,10.7949],[79.3743,10.8004],[79.3782,10.8013],[79.3781,10.8022],[79.3731,10.8058],[79.3695,10.8081],[79.3679,10.8081],[79.366,10.8081],[79.3647,10.8076],[79.3612,10.8051],[79.3585,10.8051],[79.357,10.8064],[79.356,10.8076],[79.3533,10.8097],[79.3474,10.8103],[79.3389,10.8095],[79.3299,10.8083],[79.3278,10.8085],[79.3261,10.8091],[79.3234,10.8104],[79.3203,10.8128],[79.3145,10.8149],[79.3111,10.8162],[79.3084,10.8181],[79.3074,10.8199],[79.3055,10.8233],[79.3042,10.8254],[79.3051,10.8279],[79.3067,10.8297],[79.3074,10.832],[79.3055,10.8327],[79.3028,10.8327],[79.2976,10.8331],[79.2959,10.8335],[79.2944,10.8366],[79.2925,10.839],[79.295,10.8445],[79.2971,10.85],[79.2963,10.8542],[79.2946,10.861],[79.2952,10.8658],[79.293,10.8714],[79.2861,10.8705],[79.2769,10.8708],[79.2744,10.873],[79.2754,10.8768],[79.2779,10.8796],[79.2814,10.8819],[79.2829,10.885],[79.281,10.8866],[79.2757,10.8866],[79.2741,10.8897],[79.2738,10.8938],[79.2744,10.8967],[79.2798,10.8976],[79.2842,10.8992],[79.2851,10.902],[79.2851,10.9084],[79.2864,10.9109],[79.2905,10.9118],[79.2956,10.9118],[79.2968,10.9147],[79.2962,10.9188],[79.2921,10.92],[79.2892,10.9232],[79.2892,10.9244],[79.2911,10.9282],[79.2927,10.9295],[79.2978,10.9304],[79.3006,10.9345],[79.3041,10.9371],[79.306,10.9364],[79.3107,10.9323],[79.3139,10.9323],[79.3183,10.9323],[79.3192,10.9304],[79.3227,10.9282],[79.3296,10.9286],[79.3295,10.923],[79.3291,10.9204],[79.3329,10.9198],[79.3322,10.9185],[79.3297,10.9153],[79.3313,10.9139],[79.3354,10.9125],[79.3398,10.9112],[79.3427,10.9092],[79.347,10.9092],[79.3498,10.9079],[79.351,10.905],[79.3545,10.9047],[79.3546,10.9016],[79.3568,10.9009],[79.3596,10.8991],[79.3609,10.8975],[79.363,10.8966],[79.3643,10.8977],[79.367,10.8982],[79.3678,10.8963],[79.3699,10.896],[79.3714,10.8959],[79.3715,10.8925],[79.3733,10.8921],[79.3765,10.8916],[79.3784,10.8916],[79.3813,10.8924],[79.384,10.893],[79.3906,10.8946],[79.394,10.8943],[79.396,10.8925],[79.3989,10.8909],[79.4012,10.8909],[79.4041,10.891],[79.4078,10.89],[79.4098,10.8872],[79.4114,10.8847],[79.4129,10.8831],[79.4179,10.8821],[79.4216,10.88],[79.426,10.8777],[79.4283,10.8767],[79.432,10.8767],[79.4345,10.8765],[79.4361,10.8753],[79.4392,10.8727],[79.4417,10.872],[79.4472,10.8704],[79.4513,10.8687],[79.4546,10.8665],[79.456,10.8624],[79.4565,10.862],[79.459,10.8648],[79.467,10.8619],[79.4684,10.8664],[79.4711,10.8707],[79.4726,10.87],[79.4725,10.8714],[79.475,10.8719],[79.4762,10.8687],[79.4809,10.8676],[79.4811,10.8677],[79.4812,10.8676],[79.4867,10.8688],[79.4868,10.8709],[79.4868,10.8709],[79.4842,10.8765],[79.4885,10.8827],[79.4895,10.8839],[79.489,10.8861],[79.4915,10.8883],[79.4929,10.8874],[79.497,10.8885],[79.5021,10.8917],[79.508,10.8954],[79.508,10.9012],[79.5016,10.9036],[79.4976,10.9008],[79.4959,10.9034],[79.4939,10.9032],[79.494,10.9047],[79.4926,10.9054],[79.4943,10.9079],[79.4943,10.908],[79.4942,10.9082],[79.4944,10.9148],[79.4917,10.9152],[79.4909,10.9173],[79.4852,10.918],[79.4887,10.9222],[79.4994,10.9307],[79.4996,10.9373],[79.5157,10.9388],[79.5186,10.9436],[79.5197,10.9438],[79.5207,10.9532],[79.5153,10.9534],[79.5149,10.9677],[79.5283,10.9691],[79.5287,10.9629],[79.5262,10.9614],[79.5273,10.9576],[79.5331,10.9598],[79.5325,10.9634],[79.5324,10.9641],[79.5396,10.9645],[79.5431,10.9637],[79.5443,10.9653],[79.5526,10.9655],[79.554,10.9687],[79.5572,10.9678],[79.5587,10.9735],[79.5691,10.9747],[79.5693,10.9696],[79.5767,10.9694],[79.5751,10.975],[79.5782,10.9755],[79.5791,10.9809],[79.5899,10.9811],[79.5919,10.9753],[79.5961,10.9763],[79.5968,10.9711],[79.6033,10.97],[79.6058,10.9722],[79.6085,10.9724],[79.6073,10.9754],[79.6041,10.9753],[79.6052,10.9779],[79.6078,10.9799],[79.6241,10.9817],[79.6272,10.9762],[79.6337,10.9774],[79.6314,10.9852],[79.6347,10.9876],[79.6343,10.9881],[79.6329,10.9896],[79.6367,10.9905],[79.634,10.9926],[79.636,10.9937],[79.6364,10.994],[79.6354,10.9966],[79.6403,11.0004],[79.641,11.0052],[79.6428,11.0076],[79.6523,11.0119],[79.6505,11.0131],[79.6543,11.0123],[79.6602,11.0131],[79.6714,11.0146],[79.6792,11.0156],[79.6879,11.0158],[79.6911,11.0159],[79.7017,11.0136],[79.7031,11.0133]]]},"properties":{"district_name":"Thiruvarur","raw_district_name":"Thiruvarur","state_code":"TN","state_name":"Tamil Nadu","census_code":619,"data_source":"DataMeet India Maps (Census 2011 Boundaries)"}},{"type":"Feature","geometry":{"type":"MultiPolygon","coordinates":[[[[78.1702,9.368],[78.1682,9.3533],[78.17,9.353],[78.1695,9.3501],[78.1711,9.3494],[78.171,9.3458],[78.174,9.344],[78.1735,9.341],[78.1762,9.3394],[78.1757,9.3372],[78.1858,9.3353],[78.1859,9.3325],[78.1907,9.3305],[78.2108,9.3252],[78.2103,9.3183],[78.2131,9.3172],[78.2132,9.3093],[78.2148,9.3027],[78.2254,9.296],[78.2397,9.2931],[78.2557,9.2936],[78.2702,9.2915],[78.2839,9.2863],[78.2828,9.2751],[78.2769,9.2626],[78.2746,9.2474],[78.2732,9.232],[78.2726,9.202],[78.2872,9.2043],[78.2991,9.2033],[78.2895,9.1666],[78.2823,9.1538],[78.2761,9.141],[78.2907,9.135],[78.3239,9.1309],[78.3239,9.1278],[78.3449,9.1223],[78.3458,9.1198],[78.3516,9.1172],[78.3574,9.1167],[78.3596,9.1135],[78.3605,9.098],[78.3652,9.0997],[78.3707,9.0986],[78.38,9.098],[78.3866,9.0963],[78.3913,9.0939],[78.3902,9.093],[78.3835,9.089],[78.3789,9.0862],[78.3728,9.0817],[78.3701,9.0803],[78.3698,9.0786],[78.3607,9.0726],[78.3562,9.0703],[78.3476,9.0647],[78.3469,9.0626],[78.3439,9.058],[78.3406,9.0553],[78.3382,9.0544],[78.3359,9.0524],[78.3354,9.0521],[78.3309,9.0495],[78.3213,9.0441],[78.3131,9.0403],[78.3092,9.0387],[78.3079,9.0372],[78.3078,9.035],[78.3077,9.0313],[78.307,9.0291],[78.3053,9.0276],[78.3029,9.0268],[78.3017,9.0267],[78.2999,9.0272],[78.2981,9.0267],[78.2974,9.0264],[78.2967,9.0252],[78.2965,9.0242],[78.2969,9.0234],[78.2967,9.0232],[78.2963,9.0229],[78.2958,9.0227],[78.2947,9.0224],[78.2933,9.0219],[78.2922,9.0216],[78.2912,9.0216],[78.2902,9.0222],[78.2861,9.0244],[78.285,9.0241],[78.2838,9.0233],[78.2821,9.0216],[78.2788,9.014],[78.2748,9.0108],[78.2723,9.0116],[78.2709,9.0125],[78.2709,9.0129],[78.2702,9.0138],[78.269,9.0149],[78.2688,9.0158],[78.2683,9.0172],[78.2669,9.0185],[78.2664,9.0189],[78.2636,9.0219],[78.2632,9.023],[78.2618,9.0232],[78.2615,9.0239],[78.2615,9.0243],[78.2608,9.0245],[78.2594,9.0261],[78.2589,9.0263],[78.2448,9.0333],[78.2422,9.0346],[78.2392,9.0352],[78.234,9.0336],[78.2291,9.0321],[78.2282,9.0318],[78.2235,9.0327],[78.2215,9.0342],[78.2198,9.0359],[78.2195,9.0378],[78.2185,9.0445],[78.2165,9.0459],[78.2134,9.048],[78.2106,9.0403],[78.2122,9.0399],[78.2143,9.0336],[78.2146,9.0325],[78.2163,9.0286],[78.2195,9.0271],[78.2239,9.0265],[78.2285,9.0291],[78.2327,9.0304],[78.2344,9.0309],[78.2395,9.0307],[78.2449,9.0283],[78.2458,9.0279],[78.2582,9.0186],[78.2612,9.0159],[78.2614,9.0152],[78.2619,9.0142],[78.2632,9.0128],[78.2655,9.0101],[78.2657,9.009],[78.2658,9.0081],[78.2665,9.0079],[78.2665,9.0074],[78.2672,9.007],[78.2681,9.0029],[78.2678,9.0008],[78.2669,8.9999],[78.2642,8.9974],[78.259,8.9943],[78.2586,8.9936],[78.2585,8.9932],[78.2552,8.9908],[78.2458,8.9856],[78.2374,8.9809],[78.236,8.9795],[78.2213,8.9691],[78.217,8.9657],[78.217,8.9651],[78.2125,8.9616],[78.2122,8.9611],[78.2097,8.9568],[78.2065,8.9535],[78.2036,8.9478],[78.1997,8.9413],[78.1983,8.9379],[78.1981,8.9374],[78.1979,8.9367],[78.1951,8.9335],[78.1943,8.931],[78.1934,8.9299],[78.1916,8.9285],[78.19,8.9232],[78.187,8.9159],[78.1858,8.9136],[78.1848,8.9036],[78.183,8.8965],[78.1768,8.8895],[78.1768,8.888],[78.1756,8.8868],[78.1721,8.8804],[78.1727,8.872],[78.1689,8.8469],[78.1688,8.8411],[78.1686,8.8313],[78.1679,8.8243],[78.1649,8.7931],[78.165,8.7904],[78.1662,8.7748],[78.1662,8.7735],[78.1662,8.7719],[78.1654,8.7613],[78.1654,8.7584],[78.1674,8.758],[78.1688,8.7584],[78.1712,8.761],[78.1723,8.7649],[78.1728,8.7656],[78.1753,8.7664],[78.179,8.7636],[78.1803,8.7627],[78.1811,8.7627],[78.182,8.763],[78.1832,8.7633],[78.1891,8.762],[78.1901,8.7618],[78.1926,8.7623],[78.1982,8.7652],[78.1991,8.7661],[78.1982,8.7718],[78.1962,8.7749],[78.196,8.7831],[78.1962,8.7837],[78.1978,8.7858],[78.1985,8.7863],[78.1993,8.7879],[78.2005,8.7875],[78.2013,8.7854],[78.2023,8.7833],[78.2036,8.7813],[78.2039,8.7804],[78.2043,8.7782],[78.2042,8.7765],[78.2045,8.7758],[78.205,8.7747],[78.2057,8.7727],[78.2058,8.7682],[78.2059,8.7669],[78.2051,8.7652],[78.2043,8.7641],[78.2035,8.763],[78.1968,8.7474],[78.1939,8.7449],[78.1925,8.7449],[78.1898,8.7455],[78.1885,8.7511],[78.188,8.7516],[78.1851,8.7517],[78.1835,8.7515],[78.1699,8.7435],[78.1641,8.732],[78.1628,8.7286],[78.1625,8.7276],[78.1599,8.7163],[78.1586,8.714],[78.1589,8.7138],[78.157,8.7105],[78.1522,8.7049],[78.1503,8.7035],[78.1458,8.7005],[78.1443,8.6992],[78.141,8.6929],[78.1404,8.69],[78.1389,8.6766],[78.1354,8.6667],[78.1328,8.6557],[78.1318,8.6515],[78.1298,8.6466],[78.1286,8.6443],[78.1278,8.6412],[78.1263,8.6352],[78.1269,8.628],[78.1284,8.6228],[78.132,8.6136],[78.1325,8.6133],[78.1329,8.6131],[78.1336,8.6108],[78.1341,8.6102],[78.1355,8.605],[78.1361,8.6037],[78.1366,8.6034],[78.1368,8.6028],[78.1373,8.6026],[78.1418,8.5908],[78.1417,8.5845],[78.1391,8.5744],[78.1391,8.5733],[78.1386,8.5661],[78.1348,8.5528],[78.1286,8.5439],[78.1248,8.5361],[78.1241,8.5295],[78.1248,8.5237],[78.127,8.5127],[78.1275,8.5114],[78.128,8.5112],[78.1298,8.5059],[78.1305,8.5054],[78.1331,8.4987],[78.133,8.4924],[78.1311,8.4871],[78.1291,8.4841],[78.1173,8.4729],[78.1055,8.4632],[78.0976,8.4532],[78.0851,8.4397],[78.0805,8.4319],[78.0765,8.4286],[78.0711,8.4208],[78.0672,8.4163],[78.0649,8.4086],[78.0621,8.392],[78.0606,8.3865],[78.0599,8.381],[78.0616,8.3788],[78.0656,8.3767],[78.0681,8.3746],[78.0673,8.3713],[78.0634,8.3701],[78.053,8.3644],[78.0422,8.3588],[78.0409,8.3583],[78.011,8.3478],[77.9921,8.3412],[77.9873,8.3402],[77.9768,8.3359],[77.9759,8.3353],[77.97,8.3388],[77.9678,8.3343],[77.9658,8.3339],[77.9568,8.3355],[77.95,8.3353],[77.9348,8.3281],[77.928,8.3299],[77.9142,8.3219],[77.9047,8.3213],[77.8992,8.3253],[77.8924,8.324],[77.8902,8.3325],[77.8898,8.3427],[77.8861,8.3449],[77.8864,8.3486],[77.8746,8.3508],[77.8723,8.3502],[77.871,8.3446],[77.8674,8.3449],[77.8635,8.3404],[77.8589,8.3429],[77.8613,8.3561],[77.8539,8.3561],[77.849,8.3537],[77.8491,8.3587],[77.8503,8.3625],[77.8432,8.3633],[77.845,8.3668],[77.8523,8.3688],[77.8564,8.3718],[77.855,8.3745],[77.8475,8.3768],[77.8389,8.3785],[77.8361,8.3818],[77.8407,8.3837],[77.8448,8.3835],[77.8485,8.3862],[77.859,8.3853],[77.8607,8.391],[77.8608,8.3991],[77.8557,8.4012],[77.854,8.4053],[77.8533,8.4098],[77.8551,8.4134],[77.8504,8.4207],[77.8408,8.4262],[77.8344,8.4309],[77.8342,8.4351],[77.8407,8.4497],[77.836,8.4513],[77.8334,8.4542],[77.8374,8.4637],[77.8428,8.4701],[77.8399,8.474],[77.8409,8.4832],[77.8365,8.4835],[77.8316,8.4877],[77.8304,8.491],[77.8307,8.4979],[77.8263,8.5059],[77.8249,8.5139],[77.8234,8.5175],[77.8182,8.5192],[77.8143,8.522],[77.8127,8.5298],[77.8088,8.5309],[77.808,8.5339],[77.8205,8.5376],[77.8214,8.5413],[77.8208,8.5506],[77.8153,8.5527],[77.8148,8.5572],[77.8161,8.5609],[77.8133,8.5658],[77.813,8.5688],[77.808,8.5704],[77.8061,8.5679],[77.8023,8.5667],[77.7974,8.5631],[77.799,8.5708],[77.8041,8.5751],[77.7992,8.5774],[77.7834,8.5817],[77.7848,8.6003],[77.7862,8.6079],[77.786,8.6163],[77.789,8.6227],[77.7924,8.6196],[77.7925,8.6146],[77.7961,8.6126],[77.8014,8.6121],[77.8061,8.6132],[77.807,8.6196],[77.8117,8.6206],[77.8142,8.6237],[77.8158,8.6288],[77.8199,8.6312],[77.8193,8.6439],[77.82,8.6487],[77.8145,8.6479],[77.8081,8.6457],[77.8065,8.6499],[77.8093,8.6565],[77.8176,8.6642],[77.8177,8.6707],[77.8264,8.6716],[77.8256,8.6792],[77.821,8.6802],[77.8126,8.6803],[77.8132,8.6846],[77.8198,8.7023],[77.8234,8.7154],[77.8249,8.7238],[77.8278,8.7318],[77.8261,8.7417],[77.82,8.755],[77.8192,8.76],[77.8192,8.7663],[77.8179,8.771],[77.8233,8.7732],[77.8327,8.7787],[77.8381,8.7795],[77.8413,8.7831],[77.8478,8.7864],[77.8472,8.793],[77.8488,8.797],[77.8526,8.7959],[77.8536,8.8013],[77.8486,8.8094],[77.8451,8.8131],[77.8405,8.815],[77.8321,8.8303],[77.8297,8.8325],[77.8208,8.8372],[77.8216,8.8436],[77.8181,8.8511],[77.8134,8.8587],[77.8117,8.8633],[77.8112,8.8715],[77.806,8.8725],[77.8019,8.8784],[77.7969,8.8824],[77.7902,8.8836],[77.7737,8.8797],[77.7691,8.8818],[77.7628,8.8876],[77.7637,8.9149],[77.7626,8.923],[77.7571,8.9275],[77.7496,8.9275],[77.7473,8.9322],[77.7451,8.9305],[77.7384,8.9276],[77.7364,8.9239],[77.7322,8.9214],[77.7287,8.9244],[77.726,8.9237],[77.7244,8.9215],[77.7203,8.923],[77.7102,8.9246],[77.7052,8.9207],[77.7023,8.9223],[77.7019,8.9258],[77.6976,8.927],[77.6948,8.9286],[77.6926,8.9461],[77.6924,8.9557],[77.684,8.9618],[77.6818,8.966],[77.6836,8.9692],[77.6844,8.9739],[77.6918,8.9759],[77.693,8.9793],[77.6985,8.9784],[77.7049,8.9722],[77.705,8.968],[77.7214,8.9644],[77.7225,8.9683],[77.7249,8.9712],[77.7223,8.9751],[77.7246,8.9789],[77.7302,8.9807],[77.7318,8.9836],[77.7288,8.9848],[77.7297,8.9898],[77.7286,8.9935],[77.7237,9.0004],[77.7142,9.0015],[77.7099,9.001],[77.7047,9.0015],[77.7029,9.0011],[77.6992,9.0011],[77.6899,9.0066],[77.6883,9.0078],[77.69,9.0134],[77.6943,9.0144],[77.6948,9.0162],[77.6975,9.0168],[77.6973,9.0223],[77.6962,9.0266],[77.6937,9.0294],[77.6951,9.0312],[77.6996,9.0333],[77.7033,9.0338],[77.7047,9.0398],[77.7093,9.0411],[77.713,9.0437],[77.7125,9.0472],[77.7094,9.0535],[77.7028,9.0612],[77.7057,9.0718],[77.7081,9.0724],[77.7092,9.0705],[77.7371,9.0701],[77.7397,9.0732],[77.7426,9.073],[77.7431,9.0752],[77.746,9.0763],[77.7432,9.0863],[77.7414,9.1034],[77.7271,9.1028],[77.7235,9.1061],[77.7215,9.1049],[77.7205,9.1033],[77.7155,9.1023],[77.7098,9.1028],[77.705,9.0998],[77.7015,9.1017],[77.6958,9.0997],[77.69,9.1004],[77.6846,9.1033],[77.6816,9.1038],[77.6809,9.1063],[77.6789,9.1049],[77.6779,9.1079],[77.6785,9.1161],[77.6772,9.1228],[77.676,9.1224],[77.6756,9.1248],[77.6736,9.1255],[77.6759,9.1295],[77.6761,9.1355],[77.6839,9.1353],[77.6848,9.1316],[77.6967,9.1321],[77.7018,9.1355],[77.6947,9.1427],[77.6921,9.1469],[77.692,9.152],[77.6926,9.1571],[77.6951,9.1576],[77.6986,9.1616],[77.7039,9.1642],[77.7064,9.1686],[77.7061,9.1761],[77.7076,9.1862],[77.7245,9.1868],[77.7256,9.184],[77.7332,9.1843],[77.733,9.1854],[77.7382,9.1851],[77.7407,9.1706],[77.7446,9.1694],[77.7462,9.1606],[77.7871,9.1639],[77.7895,9.1629],[77.7913,9.1651],[77.8004,9.1691],[77.8007,9.1726],[77.8023,9.1751],[77.8063,9.176],[77.8112,9.1754],[77.8175,9.1723],[77.8188,9.1696],[77.8272,9.1705],[77.8289,9.1694],[77.8329,9.169],[77.8368,9.1659],[77.8425,9.1669],[77.8428,9.1838],[77.848,9.1817],[77.8488,9.1839],[77.8516,9.1838],[77.8523,9.1813],[77.8548,9.1816],[77.8571,9.1933],[77.8612,9.195],[77.86,9.2116],[77.8578,9.2125],[77.856,9.2145],[77.8538,9.2149],[77.8524,9.2204],[77.8542,9.2216],[77.8529,9.232],[77.8493,9.2379],[77.8482,9.2422],[77.8534,9.2427],[77.854,9.2441],[77.8567,9.2445],[77.8583,9.2469],[77.8684,9.2438],[77.8821,9.2428],[77.8831,9.232],[77.8874,9.2311],[77.888,9.2291],[77.8796,9.2283],[77.8774,9.2261],[77.8778,9.2189],[77.8805,9.2189],[77.8814,9.2062],[77.9059,9.2012],[77.9111,9.2009],[77.9122,9.1987],[77.9173,9.1997],[77.9218,9.2016],[77.9247,9.2057],[77.9263,9.2105],[77.9306,9.2152],[77.9311,9.2219],[77.9455,9.2186],[77.9485,9.2244],[77.9484,9.2294],[77.9564,9.2294],[77.9577,9.2361],[77.9547,9.236],[77.9574,9.2495],[77.9655,9.2516],[77.9731,9.2501],[77.9853,9.2541],[77.9862,9.2579],[77.9879,9.2597],[77.9886,9.2659],[77.9916,9.2683],[77.9915,9.2697],[77.9933,9.2693],[77.9943,9.2681],[78,9.2701],[78.0114,9.2728],[78.0122,9.2925],[78.01,9.2997],[78.0128,9.3046],[78.0208,9.3052],[78.0257,9.3032],[78.0453,9.3045],[78.0516,9.3029],[78.0528,9.3042],[78.051,9.3102],[78.0477,9.3136],[78.0433,9.3153],[78.0421,9.3207],[78.0384,9.3229],[78.0377,9.328],[78.036,9.3312],[78.0452,9.3371],[78.0487,9.3426],[78.0526,9.3428],[78.0565,9.3573],[78.0599,9.3609],[78.0721,9.3586],[78.0748,9.3606],[78.0784,9.3571],[78.0819,9.356],[78.0841,9.3582],[78.1028,9.3612],[78.1175,9.3616],[78.1335,9.3649],[78.1404,9.3691],[78.1481,9.3693],[78.1498,9.3711],[78.1702,9.368]]],[[[78.2169,8.8307],[78.2151,8.8298],[78.2141,8.8299],[78.2139,8.8293],[78.2107,8.8304],[78.2094,8.8317],[78.2097,8.8368],[78.2102,8.8375],[78.2103,8.8383],[78.2126,8.8392],[78.2181,8.8354],[78.2175,8.8335],[78.2173,8.8312],[78.2169,8.8307]]],[[[78.2549,8.9445],[78.2524,8.9445],[78.2517,8.9462],[78.251,8.9471],[78.2516,8.9497],[78.2529,8.9524],[78.2548,8.9533],[78.2567,8.9534],[78.2593,8.9508],[78.26,8.949],[78.2588,8.9464],[78.2569,8.9446],[78.2549,8.9445]]],[[[78.1919,8.7273],[78.19,8.7273],[78.188,8.7281],[78.1867,8.7298],[78.1866,8.7325],[78.1872,8.7343],[78.1885,8.7352],[78.1904,8.7361],[78.193,8.7361],[78.1943,8.7326],[78.1944,8.73],[78.1919,8.7273]]],[[[78.2333,8.8608],[78.2311,8.8594],[78.2285,8.8595],[78.2283,8.86],[78.2279,8.8613],[78.227,8.8665],[78.2275,8.8675],[78.2281,8.8681],[78.2322,8.8694],[78.2341,8.8667],[78.234,8.8638],[78.2333,8.8608]]]]},"properties":{"district_name":"Thoothukkudi","raw_district_name":"Thoothukkudi","state_code":"TN","state_name":"Tamil Nadu","census_code":627,"data_source":"DataMeet India Maps (Census 2011 Boundaries)"}},{"type":"Feature","geometry":{"type":"Polygon","coordinates":[[[78.6654,11.372],[78.6654,11.372],[78.6699,11.3748],[78.6717,11.3752],[78.6786,11.377],[78.6825,11.378],[78.6883,11.3794],[78.6892,11.3761],[78.6805,11.3718],[78.6777,11.369],[78.6751,11.3663],[78.6744,11.3589],[78.6695,11.3586],[78.6644,11.3572],[78.6598,11.3538],[78.6578,11.35],[78.6572,11.3443],[78.6512,11.3423],[78.6508,11.3385],[78.6456,11.3361],[78.6356,11.3342],[78.6328,11.3315],[78.6365,11.3307],[78.6372,11.3276],[78.6397,11.3246],[78.6543,11.3308],[78.6625,11.3282],[78.6608,11.3206],[78.6658,11.3156],[78.6731,11.3228],[78.6776,11.325],[78.6835,11.3227],[78.6865,11.3193],[78.6911,11.3213],[78.7002,11.322],[78.7092,11.3226],[78.7149,11.3211],[78.7328,11.321],[78.7362,11.3181],[78.7381,11.3132],[78.7385,11.3009],[78.7363,11.2975],[78.7387,11.2939],[78.7514,11.2844],[78.7497,11.2807],[78.7464,11.2792],[78.7404,11.2727],[78.7305,11.2701],[78.73,11.2655],[78.7255,11.2579],[78.72,11.2558],[78.7152,11.2517],[78.7124,11.2481],[78.7128,11.2378],[78.7101,11.2334],[78.7039,11.2282],[78.705,11.2248],[78.7092,11.225],[78.7138,11.2118],[78.7085,11.2102],[78.7014,11.1924],[78.6988,11.1899],[78.69,11.1926],[78.679,11.1927],[78.6737,11.1844],[78.6696,11.1815],[78.6606,11.1702],[78.6531,11.167],[78.6537,11.1633],[78.6631,11.1625],[78.6726,11.1639],[78.677,11.1561],[78.677,11.1463],[78.6799,11.1453],[78.6805,11.135],[78.6802,11.1287],[78.6849,11.1274],[78.6869,11.124],[78.6872,11.1132],[78.6931,11.1033],[78.6951,11.0915],[78.6987,11.0903],[78.6995,11.0842],[78.7013,11.0706],[78.7048,11.0663],[78.7092,11.0636],[78.7124,11.0536],[78.7184,11.0519],[78.7174,11.0645],[78.7208,11.067],[78.7205,11.0705],[78.7203,11.0731],[78.7368,11.0732],[78.7411,11.0744],[78.7453,11.0816],[78.7409,11.083],[78.7389,11.0868],[78.7375,11.0946],[78.7341,11.0978],[78.7373,11.1075],[78.7419,11.1082],[78.7518,11.1166],[78.7578,11.1183],[78.7621,11.1216],[78.7776,11.1168],[78.7786,11.1128],[78.7823,11.1135],[78.7822,11.1162],[78.7915,11.1155],[78.7959,11.1144],[78.7991,11.1125],[78.8017,11.1146],[78.8108,11.1118],[78.811,11.1043],[78.8074,11.0923],[78.8091,11.0888],[78.807,11.0866],[78.8101,11.083],[78.8088,11.0797],[78.8174,11.0792],[78.8249,11.0785],[78.8287,11.0779],[78.8327,11.0764],[78.8407,11.0759],[78.8449,11.0841],[78.8463,11.0883],[78.8568,11.0882],[78.8613,11.0898],[78.8673,11.0858],[78.8725,11.0859],[78.8734,11.083],[78.8764,11.0839],[78.8734,11.0928],[78.8794,11.0979],[78.8835,11.0972],[78.8842,11.1009],[78.8893,11.1016],[78.8903,11.0997],[78.9063,11.0965],[78.9147,11.0974],[78.9271,11.0898],[78.9326,11.0946],[78.9437,11.0939],[78.9505,11.0911],[78.9523,11.0943],[78.9663,11.0943],[78.9751,11.0927],[78.9853,11.0864],[78.9875,11.0754],[78.9915,11.0754],[78.9939,11.073],[78.997,11.0727],[79.0002,11.0711],[79.0019,11.069],[79.0019,11.0641],[79.0051,11.059],[79.009,11.0568],[79.009,11.0427],[79.0119,11.0404],[79.0121,11.0302],[79.0121,11.026],[79.0123,11.0155],[79.0148,11.0083],[79.0095,11.0073],[79.0027,11.0016],[78.9998,11],[78.9946,10.9967],[78.9916,10.9963],[78.9878,11.0001],[78.9869,10.9937],[78.9844,10.9902],[78.9861,10.9811],[78.986,10.9762],[78.9788,10.9734],[78.9779,10.9659],[78.9726,10.9655],[78.9659,10.9681],[78.9591,10.9693],[78.9528,10.9694],[78.9492,10.9655],[78.939,10.9619],[78.9392,10.9583],[78.9502,10.9521],[78.9534,10.9486],[78.9601,10.9479],[78.9662,10.9483],[78.9695,10.945],[78.9772,10.9373],[78.9798,10.9334],[78.9778,10.9283],[78.981,10.9209],[78.9842,10.9222],[78.9865,10.9263],[78.99,10.9263],[78.9999,10.9202],[79.004,10.9095],[79.0051,10.9025],[79.006,10.8968],[79.0072,10.8912],[79.0074,10.8894],[78.9999,10.8922],[78.9736,10.8897],[78.9648,10.8881],[78.9603,10.8921],[78.9439,10.8874],[78.9379,10.8809],[78.941,10.8781],[78.935,10.8716],[78.9276,10.8671],[78.9198,10.8644],[78.9092,10.8618],[78.8953,10.8568],[78.882,10.8533],[78.8693,10.8481],[78.8554,10.8436],[78.8185,10.836],[78.8085,10.8359],[78.7974,10.837],[78.7895,10.8354],[78.7836,10.8325],[78.7782,10.8316],[78.7788,10.8255],[78.7873,10.8272],[78.7938,10.8241],[78.8005,10.8229],[78.8051,10.8244],[78.8154,10.823],[78.8641,10.8261],[78.8676,10.8254],[78.8693,10.8182],[78.8711,10.8147],[78.8649,10.8108],[78.8641,10.8017],[78.8696,10.8021],[78.8685,10.7967],[78.8701,10.7856],[78.8788,10.7874],[78.8805,10.7783],[78.8752,10.775],[78.875,10.7684],[78.8733,10.7619],[78.8682,10.7585],[78.8698,10.7462],[78.8696,10.7407],[78.8686,10.7365],[78.8653,10.7342],[78.8683,10.7139],[78.8714,10.7059],[78.8715,10.6947],[78.8729,10.6876],[78.8685,10.6869],[78.8644,10.6873],[78.8605,10.69],[78.8488,10.6894],[78.8475,10.6917],[78.8378,10.6911],[78.8295,10.693],[78.8208,10.6932],[78.8203,10.6867],[78.8174,10.6854],[78.8146,10.6826],[78.8129,10.6787],[78.8121,10.6741],[78.8102,10.6712],[78.8075,10.6724],[78.8037,10.6729],[78.8031,10.6754],[78.8059,10.6768],[78.8047,10.6791],[78.8004,10.6786],[78.7995,10.6752],[78.8012,10.6707],[78.7977,10.6634],[78.8004,10.6623],[78.8,10.6588],[78.7986,10.6576],[78.797,10.6532],[78.7937,10.649],[78.7898,10.6467],[78.7747,10.6488],[78.7729,10.6523],[78.7675,10.6526],[78.7611,10.6517],[78.758,10.648],[78.757,10.6427],[78.7489,10.6409],[78.7447,10.6464],[78.7426,10.653],[78.7419,10.6604],[78.7384,10.6651],[78.7367,10.6702],[78.7371,10.6757],[78.7384,10.6795],[78.7407,10.6824],[78.745,10.6839],[78.7466,10.6867],[78.7464,10.6962],[78.7421,10.6977],[78.7436,10.7037],[78.7425,10.7079],[78.7369,10.7107],[78.7241,10.7127],[78.7205,10.7145],[78.7152,10.7203],[78.7097,10.7211],[78.7083,10.7296],[78.7059,10.731],[78.695,10.7322],[78.6891,10.7315],[78.6883,10.7266],[78.6915,10.7163],[78.692,10.7115],[78.6914,10.7065],[78.6959,10.7041],[78.6966,10.7012],[78.6951,10.6965],[78.6881,10.688],[78.6833,10.6857],[78.6825,10.6821],[78.684,10.674],[78.6831,10.6689],[78.679,10.6684],[78.6681,10.6722],[78.6665,10.6579],[78.6633,10.6537],[78.6596,10.6535],[78.6543,10.6559],[78.6537,10.66],[78.6553,10.665],[78.6562,10.6733],[78.6533,10.6797],[78.6559,10.6873],[78.6595,10.703],[78.6495,10.7023],[78.6451,10.7029],[78.6372,10.7068],[78.6296,10.7042],[78.6248,10.6956],[78.6239,10.6905],[78.6249,10.6849],[78.6245,10.6809],[78.6228,10.6756],[78.6198,10.6751],[78.6139,10.6808],[78.6099,10.6776],[78.605,10.6716],[78.5956,10.6566],[78.591,10.6565],[78.5813,10.6612],[78.5758,10.6598],[78.5674,10.6599],[78.567,10.6655],[78.5676,10.672],[78.5695,10.6788],[78.5581,10.6848],[78.5527,10.6858],[78.5497,10.681],[78.5476,10.6748],[78.5449,10.6737],[78.5409,10.6753],[78.5355,10.6754],[78.5347,10.6695],[78.5292,10.6695],[78.5257,10.6732],[78.5189,10.6653],[78.5187,10.6637],[78.5216,10.6622],[78.522,10.6601],[78.5194,10.6588],[78.5187,10.655],[78.5193,10.6503],[78.5218,10.6478],[78.5275,10.6451],[78.5293,10.6419],[78.5296,10.6328],[78.5284,10.6273],[78.5096,10.6314],[78.4986,10.6349],[78.4841,10.6374],[78.4812,10.6364],[78.4771,10.632],[78.4739,10.6305],[78.4719,10.6265],[78.4695,10.6256],[78.4651,10.617],[78.4594,10.6166],[78.4579,10.6142],[78.4585,10.6099],[78.4566,10.607],[78.4508,10.605],[78.4496,10.6009],[78.4504,10.5997],[78.4528,10.5993],[78.4532,10.5979],[78.4519,10.5912],[78.4538,10.5899],[78.4566,10.5896],[78.4587,10.5873],[78.4575,10.5833],[78.4573,10.5789],[78.4647,10.5737],[78.4629,10.5592],[78.4647,10.5577],[78.4648,10.5503],[78.4664,10.5457],[78.4647,10.5421],[78.4828,10.5393],[78.4904,10.5259],[78.4867,10.5167],[78.4852,10.511],[78.4971,10.5074],[78.4975,10.4883],[78.4984,10.4842],[78.5046,10.4826],[78.5106,10.4817],[78.5219,10.4819],[78.5295,10.4856],[78.5299,10.4884],[78.5339,10.4931],[78.5372,10.4947],[78.5375,10.4983],[78.5407,10.5014],[78.5433,10.5068],[78.5405,10.509],[78.5402,10.5127],[78.5345,10.5137],[78.5344,10.5183],[78.5352,10.5226],[78.537,10.5277],[78.5393,10.5292],[78.543,10.5281],[78.5459,10.5287],[78.5488,10.5211],[78.5502,10.5149],[78.5539,10.5139],[78.5617,10.5133],[78.5688,10.5145],[78.5695,10.5172],[78.5737,10.5164],[78.5759,10.5188],[78.5791,10.5194],[78.5807,10.5216],[78.5824,10.5207],[78.5818,10.5125],[78.5804,10.5064],[78.5708,10.4874],[78.5787,10.4822],[78.5859,10.4787],[78.5864,10.4759],[78.5893,10.4735],[78.5895,10.4645],[78.587,10.4624],[78.5881,10.4558],[78.5835,10.4536],[78.5831,10.4496],[78.5847,10.4403],[78.5755,10.4441],[78.5723,10.4422],[78.5652,10.4421],[78.565,10.4372],[78.5621,10.4306],[78.5644,10.4289],[78.5641,10.4268],[78.5574,10.4275],[78.5564,10.4252],[78.5528,10.4258],[78.553,10.4324],[78.5472,10.4334],[78.5341,10.4335],[78.5247,10.4359],[78.5213,10.4299],[78.5192,10.4217],[78.5178,10.4141],[78.5179,10.4058],[78.5248,10.4032],[78.5296,10.3999],[78.5303,10.3942],[78.5288,10.387],[78.5268,10.3808],[78.5229,10.3756],[78.5175,10.3741],[78.517,10.3704],[78.5135,10.3704],[78.5077,10.3749],[78.5075,10.3867],[78.4971,10.3862],[78.4913,10.3885],[78.4911,10.3942],[78.473,10.4007],[78.4632,10.4056],[78.4576,10.4072],[78.4464,10.407],[78.444,10.4041],[78.4405,10.3923],[78.4397,10.3872],[78.4399,10.3824],[78.4408,10.3798],[78.4437,10.378],[78.4482,10.3769],[78.4494,10.3742],[78.4475,10.3715],[78.437,10.3626],[78.4155,10.3616],[78.4102,10.3596],[78.4092,10.3567],[78.405,10.3565],[78.3989,10.3532],[78.393,10.354],[78.3921,10.3502],[78.3941,10.3482],[78.398,10.3462],[78.4048,10.3443],[78.401,10.3338],[78.3964,10.3236],[78.3938,10.3231],[78.3914,10.3157],[78.3854,10.3142],[78.3806,10.309],[78.3717,10.3075],[78.3733,10.2988],[78.3684,10.2982],[78.3649,10.2929],[78.3341,10.2999],[78.3366,10.3112],[78.3377,10.3257],[78.3347,10.3308],[78.3297,10.3357],[78.3245,10.3381],[78.3218,10.3431],[78.318,10.3481],[78.3116,10.3498],[78.305,10.3504],[78.2963,10.3588],[78.2914,10.3603],[78.2864,10.3679],[78.2814,10.3698],[78.2804,10.3759],[78.2781,10.3809],[78.2797,10.3872],[78.2879,10.389],[78.2887,10.4011],[78.2937,10.4017],[78.2994,10.404],[78.3066,10.4085],[78.3089,10.4133],[78.3092,10.425],[78.3141,10.4304],[78.315,10.4383],[78.3121,10.4401],[78.3069,10.4419],[78.2968,10.449],[78.281,10.4519],[78.2661,10.4571],[78.2552,10.4584],[78.2505,10.4625],[78.2351,10.4683],[78.2242,10.4629],[78.217,10.4689],[78.2079,10.472],[78.2038,10.4784],[78.2002,10.4817],[78.203,10.4836],[78.199,10.4887],[78.1906,10.4964],[78.1808,10.5014],[78.1718,10.5018],[78.1774,10.513],[78.1825,10.5209],[78.1922,10.5413],[78.198,10.5467],[78.1978,10.5469],[78.2015,10.547],[78.223,10.5492],[78.2395,10.5538],[78.246,10.5575],[78.2537,10.5691],[78.2583,10.5742],[78.2611,10.5804],[78.2617,10.5869],[78.2608,10.5942],[78.2579,10.5999],[78.2564,10.6056],[78.2592,10.6101],[78.2643,10.6147],[78.2652,10.6187],[78.2656,10.6276],[78.2671,10.6408],[78.2701,10.6545],[78.2715,10.6641],[78.2736,10.6785],[78.2756,10.6919],[78.2762,10.6964],[78.2793,10.7067],[78.2819,10.7336],[78.2829,10.7443],[78.2857,10.7448],[78.2856,10.7427],[78.2855,10.7404],[78.2879,10.7345],[78.2941,10.7323],[78.2926,10.7289],[78.2923,10.7239],[78.292,10.7187],[78.2898,10.7171],[78.2904,10.7133],[78.2942,10.7023],[78.3001,10.7019],[78.3055,10.7023],[78.3113,10.7009],[78.3171,10.7018],[78.3187,10.7059],[78.3244,10.7072],[78.3262,10.7044],[78.33,10.7042],[78.3304,10.709],[78.3355,10.7083],[78.3406,10.7059],[78.3428,10.7095],[78.3466,10.7205],[78.3593,10.7213],[78.3601,10.7243],[78.366,10.7241],[78.3713,10.7255],[78.3777,10.7251],[78.3754,10.7194],[78.3805,10.7163],[78.3844,10.716],[78.3918,10.705],[78.3993,10.6965],[78.4033,10.692],[78.4036,10.6896],[78.4038,10.6877],[78.4019,10.681],[78.4045,10.6773],[78.4097,10.6747],[78.4161,10.6725],[78.4212,10.6727],[78.425,10.6767],[78.4274,10.6761],[78.4321,10.6874],[78.4326,10.6923],[78.4406,10.6919],[78.4473,10.6916],[78.4583,10.6891],[78.4604,10.6912],[78.4631,10.6958],[78.4651,10.7012],[78.474,10.7038],[78.4817,10.7002],[78.4881,10.6986],[78.496,10.6954],[78.5141,10.6922],[78.5151,10.697],[78.5171,10.6992],[78.5182,10.7084],[78.5263,10.7083],[78.5321,10.7104],[78.5353,10.713],[78.5365,10.7139],[78.5418,10.7164],[78.5461,10.7214],[78.5531,10.7223],[78.5598,10.7307],[78.5646,10.7316],[78.5673,10.7367],[78.568,10.744],[78.5675,10.7508],[78.5677,10.7543],[78.565,10.7553],[78.564,10.7668],[78.5668,10.7696],[78.5697,10.7753],[78.5667,10.7789],[78.5619,10.7807],[78.5567,10.7812],[78.5573,10.7881],[78.5509,10.7882],[78.547,10.7901],[78.5457,10.792],[78.546,10.7972],[78.5511,10.8057],[78.5541,10.8118],[78.5602,10.8113],[78.5676,10.8087],[78.5767,10.8082],[78.5816,10.8182],[78.5871,10.8292],[78.5789,10.8301],[78.5712,10.8331],[78.5742,10.8434],[78.5786,10.8449],[78.5773,10.8505],[78.5737,10.8525],[78.5706,10.8566],[78.5658,10.8599],[78.5588,10.8625],[78.5584,10.867],[78.5491,10.8756],[78.544,10.8768],[78.533,10.8769],[78.5149,10.8819],[78.5053,10.8849],[78.5039,10.8853],[78.4946,10.8914],[78.4933,10.8922],[78.489,10.8923],[78.4841,10.8857],[78.4794,10.8847],[78.4783,10.8814],[78.4693,10.8852],[78.4708,10.8972],[78.476,10.8992],[78.4775,10.908],[78.471,10.9111],[78.4647,10.914],[78.4663,10.9177],[78.4549,10.9236],[78.4497,10.9263],[78.4424,10.931],[78.4367,10.9374],[78.4267,10.9466],[78.415,10.9512],[78.4076,10.9541],[78.4021,10.9568],[78.393,10.9612],[78.3823,10.9646],[78.3782,10.9626],[78.3692,10.9614],[78.3612,10.9615],[78.3523,10.9616],[78.3405,10.959],[78.3287,10.9585],[78.3215,10.9593],[78.3196,10.9595],[78.3135,10.9614],[78.3078,10.9603],[78.299,10.9608],[78.2908,10.9629],[78.2798,10.9658],[78.2658,10.967],[78.2612,10.9674],[78.2492,10.966],[78.246,10.9657],[78.2366,10.9622],[78.2281,10.9599],[78.2194,10.9576],[78.2139,10.9576],[78.2056,10.9577],[78.199,10.959],[78.1907,10.9688],[78.1844,10.9759],[78.1742,10.9908],[78.1675,11.0003],[78.1667,11.0037],[78.1685,11.0109],[78.1685,11.0109],[78.1685,11.0109],[78.1739,11.0118],[78.18,11.0149],[78.1834,11.0177],[78.189,11.0187],[78.1953,11.0212],[78.1986,11.0269],[78.1968,11.0299],[78.1964,11.0361],[78.198,11.0396],[78.1974,11.0435],[78.1885,11.0427],[78.1843,11.0394],[78.1741,11.0421],[78.1648,11.0432],[78.1658,11.0475],[78.1701,11.0533],[78.1829,11.0669],[78.1957,11.0612],[78.197,11.064],[78.1999,11.0655],[78.2036,11.0717],[78.2144,11.0654],[78.2204,11.0635],[78.2222,11.0604],[78.2219,11.0559],[78.2279,11.0522],[78.2291,11.057],[78.231,11.0607],[78.2365,11.0656],[78.2329,11.0807],[78.2292,11.0867],[78.2297,11.0931],[78.2405,11.0923],[78.2482,11.0908],[78.2647,11.067],[78.2659,11.0696],[78.269,11.0693],[78.2751,11.0763],[78.2839,11.0762],[78.2923,11.0745],[78.2968,11.0697],[78.324,11.0563],[78.3256,11.0486],[78.327,11.0481],[78.3289,11.0301],[78.3306,11.0287],[78.3448,11.0245],[78.3492,11.0375],[78.3505,11.0464],[78.3597,11.0454],[78.3615,11.0511],[78.3626,11.0625],[78.3536,11.0661],[78.3506,11.0692],[78.3466,11.0759],[78.3399,11.0783],[78.3381,11.0808],[78.3396,11.0876],[78.3393,11.0898],[78.3368,11.091],[78.3296,11.0927],[78.3269,11.0948],[78.326,11.0976],[78.3278,11.0994],[78.3358,11.1033],[78.3398,11.1067],[78.3432,11.1111],[78.3467,11.1207],[78.345,11.1313],[78.3467,11.1363],[78.3494,11.135],[78.3645,11.1358],[78.37,11.1354],[78.3759,11.133],[78.3791,11.1387],[78.3823,11.1384],[78.3802,11.1596],[78.3776,11.1752],[78.3862,11.1754],[78.3814,11.1867],[78.3894,11.1877],[78.3946,11.1894],[78.4007,11.1931],[78.4092,11.1953],[78.4153,11.2063],[78.417,11.2088],[78.4211,11.2103],[78.4212,11.2191],[78.424,11.2213],[78.4295,11.2378],[78.4397,11.2564],[78.439,11.2623],[78.4395,11.2668],[78.4459,11.2715],[78.4506,11.2773],[78.4517,11.2852],[78.4561,11.3004],[78.4591,11.3044],[78.4631,11.3044],[78.4647,11.3063],[78.4663,11.3108],[78.4649,11.3162],[78.462,11.3213],[78.4566,11.3246],[78.4562,11.3287],[78.452,11.3276],[78.4495,11.3293],[78.4504,11.3321],[78.4477,11.336],[78.4477,11.3421],[78.4581,11.3375],[78.4605,11.339],[78.457,11.3439],[78.4559,11.3469],[78.4563,11.3502],[78.4606,11.3603],[78.466,11.3768],[78.4706,11.3846],[78.4736,11.3837],[78.4769,11.3846],[78.4807,11.3861],[78.4828,11.3883],[78.4846,11.3915],[78.4858,11.396],[78.4867,11.3998],[78.4864,11.4031],[78.4864,11.4031],[78.4948,11.4038],[78.4984,11.4026],[78.5044,11.3969],[78.5058,11.394],[78.51,11.3924],[78.5091,11.3854],[78.506,11.3783],[78.508,11.3775],[78.5115,11.3801],[78.5165,11.382],[78.5193,11.3767],[78.5249,11.371],[78.5316,11.3671],[78.5368,11.3658],[78.5416,11.3662],[78.5492,11.3611],[78.5521,11.3573],[78.5548,11.3465],[78.5538,11.3365],[78.5558,11.3317],[78.5561,11.3232],[78.5538,11.32],[78.5562,11.3148],[78.5611,11.314],[78.5783,11.3145],[78.5812,11.3247],[78.5846,11.329],[78.5911,11.3247],[78.6012,11.3306],[78.6093,11.3365],[78.6133,11.3362],[78.6187,11.3341],[78.6224,11.3346],[78.6293,11.3365],[78.6433,11.3424],[78.6448,11.3454],[78.6504,11.3515],[78.6549,11.36],[78.6582,11.3646],[78.6654,11.372],[78.6654,11.372]]]},"properties":{"district_name":"Tiruchirappalli","raw_district_name":"Tiruchirappalli","state_code":"TN","state_name":"Tamil Nadu","census_code":614,"data_source":"DataMeet India Maps (Census 2011 Boundaries)"}},{"type":"Feature","geometry":{"type":"Polygon","coordinates":[[[77.8482,9.2422],[77.8493,9.2379],[77.8529,9.232],[77.8542,9.2216],[77.8524,9.2204],[77.8538,9.2149],[77.856,9.2145],[77.8578,9.2125],[77.86,9.2116],[77.8612,9.195],[77.8571,9.1933],[77.8548,9.1816],[77.8523,9.1813],[77.8516,9.1838],[77.8488,9.1839],[77.848,9.1817],[77.8428,9.1838],[77.8425,9.1669],[77.8368,9.1659],[77.8329,9.169],[77.8289,9.1694],[77.8272,9.1705],[77.8188,9.1696],[77.8175,9.1723],[77.8112,9.1754],[77.8063,9.176],[77.8023,9.1751],[77.8007,9.1726],[77.8004,9.1691],[77.7913,9.1651],[77.7895,9.1629],[77.7871,9.1639],[77.7462,9.1606],[77.7446,9.1694],[77.7407,9.1706],[77.7382,9.1851],[77.733,9.1854],[77.7332,9.1843],[77.7256,9.184],[77.7245,9.1868],[77.7076,9.1862],[77.7061,9.1761],[77.7064,9.1686],[77.7039,9.1642],[77.6986,9.1616],[77.6951,9.1576],[77.6926,9.1571],[77.692,9.152],[77.6921,9.1469],[77.6947,9.1427],[77.7018,9.1355],[77.6967,9.1321],[77.6848,9.1316],[77.6839,9.1353],[77.6761,9.1355],[77.6759,9.1295],[77.6736,9.1255],[77.6756,9.1248],[77.676,9.1224],[77.6772,9.1228],[77.6785,9.1161],[77.6779,9.1079],[77.6789,9.1049],[77.6809,9.1063],[77.6816,9.1038],[77.6846,9.1033],[77.69,9.1004],[77.6958,9.0997],[77.7015,9.1017],[77.705,9.0998],[77.7098,9.1028],[77.7155,9.1023],[77.7205,9.1033],[77.7215,9.1049],[77.7235,9.1061],[77.7271,9.1028],[77.7414,9.1034],[77.7432,9.0863],[77.746,9.0763],[77.7431,9.0752],[77.7426,9.073],[77.7397,9.0732],[77.7371,9.0701],[77.7092,9.0705],[77.7081,9.0724],[77.7057,9.0718],[77.7028,9.0612],[77.7094,9.0535],[77.7125,9.0472],[77.713,9.0437],[77.7093,9.0411],[77.7047,9.0398],[77.7033,9.0338],[77.6996,9.0333],[77.6951,9.0312],[77.6937,9.0294],[77.6962,9.0266],[77.6973,9.0223],[77.6975,9.0168],[77.6948,9.0162],[77.6943,9.0144],[77.69,9.0134],[77.6883,9.0078],[77.6899,9.0066],[77.6992,9.0011],[77.7029,9.0011],[77.7047,9.0015],[77.7099,9.001],[77.7142,9.0015],[77.7237,9.0004],[77.7286,8.9935],[77.7297,8.9898],[77.7288,8.9848],[77.7318,8.9836],[77.7302,8.9807],[77.7246,8.9789],[77.7223,8.9751],[77.7249,8.9712],[77.7225,8.9683],[77.7214,8.9644],[77.705,8.968],[77.7049,8.9722],[77.6985,8.9784],[77.693,8.9793],[77.6918,8.9759],[77.6844,8.9739],[77.6836,8.9692],[77.6818,8.966],[77.684,8.9618],[77.6924,8.9557],[77.6926,8.9461],[77.6948,8.9286],[77.6976,8.927],[77.7019,8.9258],[77.7023,8.9223],[77.7052,8.9207],[77.7102,8.9246],[77.7203,8.923],[77.7244,8.9215],[77.726,8.9237],[77.7287,8.9244],[77.7322,8.9214],[77.7364,8.9239],[77.7384,8.9276],[77.7451,8.9305],[77.7473,8.9322],[77.7496,8.9275],[77.7571,8.9275],[77.7626,8.923],[77.7637,8.9149],[77.7628,8.8876],[77.7691,8.8818],[77.7737,8.8797],[77.7902,8.8836],[77.7969,8.8824],[77.8019,8.8784],[77.806,8.8725],[77.8112,8.8715],[77.8117,8.8633],[77.8134,8.8587],[77.8181,8.8511],[77.8216,8.8436],[77.8208,8.8372],[77.8297,8.8325],[77.8321,8.8303],[77.8405,8.815],[77.8451,8.8131],[77.8486,8.8094],[77.8536,8.8013],[77.8526,8.7959],[77.8488,8.797],[77.8472,8.793],[77.8478,8.7864],[77.8413,8.7831],[77.8381,8.7795],[77.8327,8.7787],[77.8233,8.7732],[77.8179,8.771],[77.8192,8.7663],[77.8192,8.76],[77.82,8.755],[77.8261,8.7417],[77.8278,8.7318],[77.8249,8.7238],[77.8234,8.7154],[77.8198,8.7023],[77.8132,8.6846],[77.8126,8.6803],[77.821,8.6802],[77.8256,8.6792],[77.8264,8.6716],[77.8177,8.6707],[77.8176,8.6642],[77.8093,8.6565],[77.8065,8.6499],[77.8081,8.6457],[77.8145,8.6479],[77.82,8.6487],[77.8193,8.6439],[77.8199,8.6312],[77.8158,8.6288],[77.8142,8.6237],[77.8117,8.6206],[77.807,8.6196],[77.8061,8.6132],[77.8014,8.6121],[77.7961,8.6126],[77.7925,8.6146],[77.7924,8.6196],[77.789,8.6227],[77.786,8.6163],[77.7862,8.6079],[77.7848,8.6003],[77.7834,8.5817],[77.7992,8.5774],[77.8041,8.5751],[77.799,8.5708],[77.7974,8.5631],[77.8023,8.5667],[77.8061,8.5679],[77.808,8.5704],[77.813,8.5688],[77.8133,8.5658],[77.8161,8.5609],[77.8148,8.5572],[77.8153,8.5527],[77.8208,8.5506],[77.8214,8.5413],[77.8205,8.5376],[77.808,8.5339],[77.8088,8.5309],[77.8127,8.5298],[77.8143,8.522],[77.8182,8.5192],[77.8234,8.5175],[77.8249,8.5139],[77.8263,8.5059],[77.8307,8.4979],[77.8304,8.491],[77.8316,8.4877],[77.8365,8.4835],[77.8409,8.4832],[77.8399,8.474],[77.8428,8.4701],[77.8374,8.4637],[77.8334,8.4542],[77.836,8.4513],[77.8407,8.4497],[77.8342,8.4351],[77.8344,8.4309],[77.8408,8.4262],[77.8504,8.4207],[77.8551,8.4134],[77.8533,8.4098],[77.854,8.4053],[77.8557,8.4012],[77.8608,8.3991],[77.8607,8.391],[77.859,8.3853],[77.8485,8.3862],[77.8448,8.3835],[77.8407,8.3837],[77.8361,8.3818],[77.8389,8.3785],[77.8475,8.3768],[77.855,8.3745],[77.8564,8.3718],[77.8523,8.3688],[77.845,8.3668],[77.8432,8.3633],[77.8503,8.3625],[77.8491,8.3587],[77.849,8.3537],[77.8539,8.3561],[77.8613,8.3561],[77.8589,8.3429],[77.8635,8.3404],[77.8674,8.3449],[77.871,8.3446],[77.8723,8.3502],[77.8746,8.3508],[77.8864,8.3486],[77.8861,8.3449],[77.8898,8.3427],[77.8902,8.3325],[77.8924,8.324],[77.8992,8.3253],[77.9047,8.3213],[77.9142,8.3219],[77.928,8.3299],[77.9348,8.3281],[77.95,8.3353],[77.9568,8.3355],[77.9658,8.3339],[77.9678,8.3343],[77.97,8.3388],[77.9759,8.3353],[77.9744,8.3344],[77.9698,8.3301],[77.9625,8.3233],[77.9595,8.3196],[77.9584,8.3181],[77.9577,8.3179],[77.9575,8.3171],[77.9543,8.3127],[77.9478,8.306],[77.94,8.3013],[77.9222,8.2945],[77.915,8.2922],[77.9095,8.2906],[77.9032,8.2855],[77.9028,8.2848],[77.9007,8.2827],[77.8998,8.282],[77.8953,8.2758],[77.8943,8.2751],[77.8902,8.2707],[77.8848,8.2674],[77.8695,8.2607],[77.8629,8.259],[77.8377,8.2518],[77.8222,8.2485],[77.8144,8.2462],[77.8098,8.2432],[77.7986,8.2337],[77.7869,8.2257],[77.7854,8.2235],[77.7855,8.2212],[77.7838,8.2189],[77.7838,8.2182],[77.7839,8.2178],[77.7848,8.2137],[77.7857,8.2132],[77.7874,8.2086],[77.7873,8.2063],[77.7873,8.2057],[77.7869,8.2031],[77.7855,8.2011],[77.7839,8.2],[77.7809,8.1966],[77.7756,8.1933],[77.7658,8.1926],[77.7587,8.1882],[77.7571,8.1866],[77.7555,8.1827],[77.755,8.1822],[77.7538,8.1811],[77.7531,8.1785],[77.7424,8.1717],[77.7343,8.1677],[77.7329,8.1688],[77.7162,8.1654],[77.687,8.1587],[77.673,8.1563],[77.663,8.1566],[77.6554,8.1591],[77.6464,8.1573],[77.6411,8.155],[77.6349,8.1523],[77.6182,8.1486],[77.6063,8.146],[77.5911,8.1418],[77.5899,8.1459],[77.585,8.152],[77.5836,8.1553],[77.5765,8.1544],[77.5622,8.1578],[77.5515,8.1583],[77.5404,8.1669],[77.5392,8.1759],[77.547,8.1832],[77.5443,8.1886],[77.553,8.1929],[77.5518,8.1964],[77.5465,8.201],[77.5489,8.2044],[77.5492,8.2081],[77.5444,8.2087],[77.5454,8.2141],[77.5473,8.2192],[77.5497,8.2231],[77.5429,8.2231],[77.5433,8.2258],[77.5471,8.2295],[77.5455,8.234],[77.5461,8.2429],[77.5512,8.2453],[77.5609,8.2455],[77.5668,8.2463],[77.5736,8.2492],[77.5753,8.2468],[77.5776,8.2488],[77.576,8.253],[77.5716,8.26],[77.5659,8.2618],[77.5629,8.2654],[77.5654,8.2685],[77.5644,8.2715],[77.5597,8.273],[77.5561,8.2774],[77.558,8.2802],[77.564,8.2801],[77.5499,8.3012],[77.5472,8.307],[77.5412,8.3148],[77.5385,8.3168],[77.5324,8.3184],[77.533,8.3226],[77.5363,8.3263],[77.5345,8.327],[77.5341,8.336],[77.5412,8.3354],[77.5426,8.3382],[77.5401,8.3429],[77.5407,8.348],[77.5371,8.3536],[77.5369,8.3589],[77.5364,8.3621],[77.5373,8.3737],[77.5423,8.3799],[77.5395,8.3876],[77.5352,8.3908],[77.531,8.3914],[77.5216,8.384],[77.5165,8.3838],[77.5084,8.3861],[77.4986,8.3803],[77.4928,8.3803],[77.486,8.3923],[77.4783,8.3957],[77.4747,8.4003],[77.4735,8.4087],[77.4747,8.4136],[77.4714,8.4155],[77.465,8.4282],[77.466,8.4395],[77.468,8.4466],[77.4718,8.4519],[77.4722,8.456],[77.4667,8.4607],[77.4652,8.4628],[77.4679,8.4671],[77.4631,8.4681],[77.4474,8.474],[77.4473,8.4811],[77.449,8.4879],[77.4476,8.4931],[77.4476,8.4982],[77.4423,8.5037],[77.4249,8.5131],[77.4062,8.5163],[77.4008,8.5204],[77.3955,8.521],[77.3897,8.5225],[77.3863,8.5206],[77.3808,8.5218],[77.3779,8.518],[77.3744,8.52],[77.3673,8.5313],[77.3632,8.5415],[77.3603,8.5402],[77.3546,8.5417],[77.3536,8.5449],[77.3468,8.5464],[77.3393,8.5519],[77.3352,8.5533],[77.3228,8.5585],[77.316,8.5596],[77.3089,8.5621],[77.2922,8.5702],[77.2874,8.5683],[77.2704,8.5794],[77.2616,8.5889],[77.2563,8.5968],[77.2508,8.6005],[77.2471,8.6061],[77.2465,8.6114],[77.2469,8.6212],[77.2373,8.6267],[77.2309,8.6371],[77.2267,8.6395],[77.2237,8.6436],[77.2169,8.6494],[77.2136,8.657],[77.2087,8.6632],[77.2054,8.6706],[77.2088,8.6795],[77.208,8.6857],[77.206,8.6921],[77.2012,8.6983],[77.1975,8.7079],[77.1905,8.7115],[77.1852,8.7159],[77.1798,8.7234],[77.181,8.7291],[77.1754,8.7394],[77.1733,8.7458],[77.1752,8.749],[77.1808,8.7434],[77.189,8.7417],[77.1946,8.7433],[77.1991,8.7491],[77.2017,8.7565],[77.2015,8.7617],[77.1988,8.7659],[77.201,8.7695],[77.2095,8.7668],[77.2159,8.7661],[77.2203,8.7693],[77.2174,8.774],[77.2164,8.7779],[77.2233,8.7788],[77.2277,8.7821],[77.2327,8.7842],[77.2334,8.7951],[77.2354,8.8055],[77.242,8.8068],[77.2454,8.8091],[77.2496,8.8156],[77.2489,8.8201],[77.25,8.822],[77.2542,8.8262],[77.265,8.8405],[77.2608,8.8498],[77.2639,8.8517],[77.2636,8.8537],[77.2583,8.86],[77.2611,8.8637],[77.2609,8.8679],[77.2594,8.8734],[77.2577,8.8766],[77.2499,8.8776],[77.2449,8.8804],[77.2409,8.8864],[77.2417,8.8937],[77.2392,8.8967],[77.2324,8.9007],[77.2293,8.9016],[77.2239,8.9017],[77.2197,8.9152],[77.225,8.9224],[77.2223,8.9259],[77.2157,8.9278],[77.2114,8.9304],[77.2073,8.928],[77.2043,8.9241],[77.2072,8.921],[77.2023,8.9186],[77.198,8.9242],[77.1981,8.9269],[77.1967,8.9294],[77.1994,8.9373],[77.1991,8.941],[77.1971,8.946],[77.1987,8.9504],[77.1976,8.9555],[77.1927,8.9593],[77.1921,8.9653],[77.1806,8.9708],[77.1757,8.9866],[77.1641,8.9954],[77.1612,9.0002],[77.1611,9.0002],[77.1604,9.0063],[77.1544,9.0066],[77.1514,9.0084],[77.1522,9.0139],[77.1504,9.0166],[77.1493,9.0202],[77.1536,9.0215],[77.1577,9.0238],[77.164,9.03],[77.1624,9.0357],[77.1653,9.0414],[77.1708,9.045],[77.1845,9.047],[77.1873,9.0424],[77.1992,9.0451],[77.1973,9.0533],[77.2,9.0556],[77.2015,9.0592],[77.2058,9.0651],[77.2086,9.0705],[77.21,9.0736],[77.2077,9.0786],[77.2068,9.0838],[77.2129,9.097],[77.2193,9.1],[77.2219,9.1044],[77.2264,9.1062],[77.2288,9.115],[77.2341,9.1168],[77.2428,9.1228],[77.2472,9.1235],[77.2496,9.1266],[77.2547,9.1387],[77.2624,9.1443],[77.2631,9.148],[77.2688,9.1518],[77.2666,9.1648],[77.2693,9.1738],[77.2653,9.1846],[77.2602,9.1849],[77.2535,9.188],[77.2565,9.1953],[77.2566,9.1987],[77.264,9.1981],[77.2672,9.1991],[77.2702,9.2022],[77.2751,9.2089],[77.2837,9.2177],[77.2782,9.2258],[77.2763,9.2333],[77.2805,9.2407],[77.2793,9.2498],[77.2825,9.2526],[77.2827,9.2642],[77.2846,9.2668],[77.2844,9.2713],[77.2909,9.2721],[77.2838,9.2906],[77.2835,9.2998],[77.2868,9.3007],[77.2901,9.3031],[77.2944,9.3042],[77.3002,9.3099],[77.3009,9.314],[77.3034,9.3171],[77.3035,9.319],[77.302,9.3246],[77.2989,9.3286],[77.3018,9.3302],[77.3008,9.3365],[77.3035,9.3359],[77.3072,9.3367],[77.3168,9.334],[77.3237,9.3367],[77.328,9.337],[77.3263,9.3437],[77.3373,9.3602],[77.3366,9.3639],[77.3397,9.3677],[77.3361,9.3723],[77.3364,9.3852],[77.3424,9.3878],[77.3427,9.3896],[77.3414,9.3927],[77.3442,9.3989],[77.344,9.4032],[77.3379,9.4109],[77.3382,9.4148],[77.3406,9.4173],[77.3467,9.4169],[77.3494,9.4142],[77.3503,9.4113],[77.3548,9.4103],[77.3578,9.4113],[77.3615,9.4104],[77.3632,9.407],[77.3671,9.4047],[77.3713,9.4052],[77.3755,9.3995],[77.3802,9.3994],[77.3823,9.4],[77.3829,9.3981],[77.3893,9.3908],[77.3952,9.3933],[77.402,9.393],[77.4059,9.394],[77.4114,9.3943],[77.4208,9.3982],[77.4228,9.396],[77.4231,9.3929],[77.4239,9.3917],[77.4313,9.3926],[77.4341,9.3911],[77.4346,9.3876],[77.4365,9.3846],[77.4401,9.3825],[77.4421,9.3761],[77.4458,9.3731],[77.4496,9.3743],[77.4521,9.3699],[77.4463,9.3654],[77.4428,9.3667],[77.4415,9.3654],[77.4387,9.3662],[77.4382,9.3618],[77.4427,9.3612],[77.441,9.3542],[77.4547,9.3491],[77.4552,9.351],[77.4658,9.3487],[77.4677,9.347],[77.465,9.3462],[77.4587,9.3327],[77.4601,9.3313],[77.4624,9.3317],[77.4657,9.3299],[77.4734,9.3279],[77.4765,9.3404],[77.4888,9.3373],[77.489,9.3386],[77.4962,9.3378],[77.4969,9.3341],[77.5053,9.3343],[77.5094,9.331],[77.5113,9.3337],[77.5192,9.3337],[77.5224,9.335],[77.5247,9.338],[77.528,9.3504],[77.5204,9.3581],[77.521,9.3594],[77.5268,9.359],[77.5301,9.3615],[77.531,9.3758],[77.5465,9.3717],[77.5532,9.3709],[77.549,9.3664],[77.5609,9.3529],[77.5751,9.3543],[77.5753,9.3462],[77.5732,9.3441],[77.5748,9.3428],[77.5817,9.346],[77.5887,9.3474],[77.5899,9.3444],[77.5918,9.3438],[77.5937,9.3148],[77.5886,9.3131],[77.5882,9.3076],[77.6041,9.3057],[77.6045,9.2997],[77.6081,9.2996],[77.609,9.301],[77.6139,9.3],[77.6144,9.298],[77.6171,9.2985],[77.6174,9.2952],[77.6245,9.2943],[77.6254,9.2917],[77.6358,9.2928],[77.6457,9.2897],[77.646,9.2869],[77.653,9.2862],[77.6543,9.2832],[77.6569,9.2822],[77.6613,9.2829],[77.6611,9.2844],[77.6787,9.2865],[77.6827,9.2842],[77.6843,9.2878],[77.6944,9.2882],[77.6975,9.2874],[77.6988,9.2889],[77.7126,9.2895],[77.7129,9.2848],[77.7175,9.2853],[77.7188,9.2826],[77.7241,9.2817],[77.7253,9.2802],[77.7351,9.2802],[77.7396,9.2785],[77.7407,9.2747],[77.7416,9.2749],[77.7425,9.2665],[77.745,9.264],[77.7462,9.2667],[77.7489,9.2675],[77.7564,9.2677],[77.7594,9.2662],[77.7591,9.2607],[77.7604,9.259],[77.7591,9.2557],[77.7604,9.2526],[77.7651,9.2479],[77.7683,9.2432],[77.7709,9.242],[77.7727,9.2363],[77.7754,9.2349],[77.7818,9.2374],[77.7839,9.241],[77.7852,9.2479],[77.7898,9.2507],[77.7907,9.257],[77.7883,9.257],[77.7894,9.2633],[77.786,9.2636],[77.7843,9.2649],[77.7805,9.2644],[77.775,9.2707],[77.7745,9.274],[77.7758,9.2768],[77.7974,9.2725],[77.7978,9.2556],[77.8047,9.2541],[77.8085,9.2514],[77.809,9.2459],[77.8173,9.2441],[77.8183,9.243],[77.831,9.2437],[77.8389,9.242],[77.8403,9.2441],[77.8482,9.2422]]]},"properties":{"district_name":"Tirunelveli","raw_district_name":"Tirunelveli","state_code":"TN","state_name":"Tamil Nadu","census_code":628,"data_source":"DataMeet India Maps (Census 2011 Boundaries)"}},{"type":"Feature","geometry":{"type":"Polygon","coordinates":[[[77.2273,11.3439],[77.2201,11.3369],[77.221,11.3323],[77.2314,11.3327],[77.2341,11.3263],[77.2366,11.3253],[77.2358,11.3175],[77.2341,11.3135],[77.2315,11.3124],[77.2271,11.3129],[77.2202,11.3104],[77.2183,11.3035],[77.2071,11.3045],[77.2004,11.3067],[77.1999,11.3011],[77.2017,11.2969],[77.2084,11.2958],[77.217,11.2959],[77.2317,11.2999],[77.2414,11.3011],[77.2393,11.3065],[77.2386,11.3115],[77.2411,11.322],[77.2449,11.3221],[77.2479,11.3261],[77.2493,11.3254],[77.2505,11.3229],[77.2527,11.3218],[77.2507,11.3135],[77.2528,11.308],[77.2598,11.3143],[77.2623,11.3128],[77.2639,11.3142],[77.2643,11.3168],[77.2667,11.3174],[77.2682,11.3198],[77.2684,11.3219],[77.2733,11.3247],[77.2791,11.3302],[77.2802,11.3328],[77.279,11.3394],[77.2837,11.3397],[77.2833,11.3366],[77.2851,11.3332],[77.2922,11.3279],[77.2864,11.3207],[77.2845,11.3148],[77.2869,11.3084],[77.2877,11.303],[77.2861,11.2957],[77.2855,11.2884],[77.2899,11.2854],[77.3061,11.2816],[77.3131,11.2783],[77.3108,11.2746],[77.3031,11.2718],[77.2968,11.2708],[77.3033,11.2652],[77.3097,11.262],[77.3317,11.2547],[77.3373,11.2671],[77.3411,11.27],[77.3471,11.2865],[77.3448,11.2953],[77.3336,11.3091],[77.3321,11.3142],[77.3442,11.3136],[77.3573,11.3146],[77.3609,11.3159],[77.3645,11.3156],[77.3644,11.315],[77.3647,11.3153],[77.365,11.3278],[77.3654,11.3334],[77.3654,11.3372],[77.3696,11.34],[77.3751,11.3396],[77.3758,11.3375],[77.3762,11.3316],[77.3776,11.3299],[77.3804,11.3281],[77.3825,11.3247],[77.3832,11.3215],[77.3849,11.3215],[77.3873,11.3194],[77.3901,11.3177],[77.3932,11.3173],[77.3978,11.3139],[77.3995,11.3114],[77.4065,11.3142],[77.4082,11.3139],[77.41,11.3114],[77.411,11.3086],[77.4162,11.3076],[77.4204,11.3125],[77.4263,11.3128],[77.4322,11.3114],[77.4357,11.309],[77.4375,11.3069],[77.4441,11.3069],[77.4486,11.3079],[77.4504,11.3083],[77.4542,11.3069],[77.4584,11.3041],[77.4594,11.2975],[77.4598,11.2944],[77.4577,11.2923],[77.4566,11.2902],[77.457,11.2843],[77.4605,11.2804],[77.4632,11.2773],[77.4636,11.2742],[77.4657,11.2721],[77.4671,11.2696],[77.466,11.2665],[77.4639,11.2634],[77.4632,11.2592],[77.4632,11.2533],[77.4632,11.2494],[77.4636,11.246],[77.4678,11.2453],[77.4699,11.246],[77.4754,11.2411],[77.4779,11.2376],[77.4831,11.2324],[77.4855,11.2279],[77.4887,11.224],[77.4946,11.2192],[77.4949,11.2164],[77.4967,11.2118],[77.4981,11.2098],[77.4998,11.2073],[77.5001,11.2028],[77.5019,11.1997],[77.5089,11.1997],[77.5106,11.1976],[77.5102,11.1808],[77.4914,11.1798],[77.4914,11.1777],[77.4862,11.1739],[77.48,11.1739],[77.4744,11.1795],[77.4723,11.1795],[77.4723,11.1774],[77.4692,11.1749],[77.4688,11.1732],[77.4688,11.1697],[77.4681,11.1631],[77.4664,11.1603],[77.4667,11.1575],[77.4685,11.1582],[77.473,11.1596],[77.4751,11.1596],[77.4786,11.1586],[77.4786,11.1398],[77.4793,11.138],[77.488,11.1384],[77.489,11.1412],[77.4904,11.1429],[77.4935,11.1429],[77.4935,11.1384],[77.4932,11.1342],[77.4935,11.1279],[77.4967,11.1279],[77.4981,11.1258],[77.4984,11.1237],[77.4998,11.1213],[77.4998,11.1144],[77.5005,11.1143],[77.5184,11.1049],[77.5658,11.1096],[77.5835,11.1177],[77.6033,11.1142],[77.6112,11.1162],[77.6309,11.1205],[77.6547,11.115],[77.6787,11.0998],[77.6926,11.0961],[77.7206,11.077],[77.7324,11.0792],[77.7603,11.064],[77.7784,11.0512],[77.7795,11.0497],[77.7806,11.0375],[77.791,11.0302],[77.7865,11.0137],[77.7812,11.0003],[77.781,11.0003],[77.7792,10.9943],[77.7614,10.9837],[77.7585,10.9773],[77.7508,10.9792],[77.7498,10.9746],[77.7506,10.9691],[77.7527,10.963],[77.7596,10.9624],[77.7666,10.9628],[77.7691,10.955],[77.7683,10.947],[77.7645,10.9296],[77.7607,10.922],[77.7596,10.9065],[77.7603,10.8995],[77.7633,10.8959],[77.7678,10.8934],[77.7716,10.8884],[77.7719,10.8804],[77.7723,10.8705],[77.7752,10.8663],[77.7793,10.8668],[77.7825,10.8697],[77.785,10.8737],[77.7857,10.8778],[77.7875,10.8815],[77.7896,10.8813],[77.7923,10.8773],[77.7961,10.8669],[77.7983,10.8628],[77.8058,10.8585],[77.8066,10.8549],[77.8165,10.8549],[77.8205,10.8498],[77.8224,10.8437],[77.8258,10.8393],[77.8299,10.8345],[77.8344,10.8325],[77.839,10.8324],[77.8443,10.8357],[77.8566,10.8457],[77.8592,10.8469],[77.861,10.8458],[77.8689,10.8393],[77.8726,10.8324],[77.8692,10.8317],[77.868,10.8277],[77.8687,10.8218],[77.8736,10.8218],[77.8745,10.8071],[77.8689,10.8025],[77.8671,10.7976],[77.87,10.7923],[77.8753,10.7875],[77.8804,10.787],[77.8845,10.7877],[77.8889,10.7912],[77.8906,10.7885],[77.8912,10.7818],[77.8905,10.7732],[77.884,10.7726],[77.8703,10.7751],[77.8686,10.7708],[77.8623,10.7741],[77.8574,10.7789],[77.8479,10.7826],[77.836,10.7844],[77.8335,10.7856],[77.8328,10.7886],[77.8305,10.7902],[77.827,10.7909],[77.8254,10.7953],[77.8169,10.7943],[77.8135,10.795],[77.8108,10.7981],[77.8114,10.8031],[77.8009,10.8048],[77.7993,10.8037],[77.794,10.793],[77.7931,10.7886],[77.7763,10.789],[77.7742,10.7848],[77.7686,10.7655],[77.7803,10.7649],[77.7825,10.7575],[77.7841,10.7555],[77.794,10.7553],[77.7971,10.7504],[77.8017,10.7539],[77.8065,10.7558],[77.812,10.7567],[77.8168,10.7552],[77.8245,10.7503],[77.8243,10.7448],[77.8207,10.7316],[77.8243,10.7149],[77.8228,10.7111],[77.8187,10.7059],[77.8128,10.7013],[77.8083,10.6938],[77.8092,10.679],[77.7891,10.6844],[77.7822,10.6836],[77.7771,10.6811],[77.7679,10.6786],[77.7671,10.6756],[77.7622,10.6701],[77.7583,10.6707],[77.7555,10.6702],[77.753,10.6674],[77.7524,10.6635],[77.7558,10.6498],[77.7464,10.6409],[77.7434,10.6371],[77.7298,10.6299],[77.7238,10.63],[77.7197,10.6318],[77.7188,10.6356],[77.7227,10.6411],[77.7147,10.6409],[77.707,10.6524],[77.7014,10.6585],[77.6993,10.6649],[77.7017,10.6671],[77.7009,10.6717],[77.7017,10.6754],[77.7047,10.6763],[77.7088,10.6827],[77.7097,10.687],[77.7069,10.6914],[77.706,10.6961],[77.7058,10.7008],[77.7086,10.7074],[77.7066,10.718],[77.7021,10.73],[77.6978,10.7326],[77.6895,10.7334],[77.6887,10.7295],[77.6807,10.7258],[77.6709,10.7198],[77.6692,10.7164],[77.6645,10.7147],[77.6624,10.7078],[77.6626,10.7019],[77.6559,10.6736],[77.64,10.6676],[77.6304,10.6685],[77.6124,10.6729],[77.5966,10.6747],[77.5926,10.6769],[77.5893,10.6807],[77.5852,10.6822],[77.5802,10.677],[77.5833,10.6752],[77.5793,10.671],[77.5751,10.6648],[77.5723,10.6573],[77.5485,10.6343],[77.5478,10.6266],[77.5456,10.6232],[77.5437,10.6119],[77.5399,10.6068],[77.5329,10.605],[77.527,10.6078],[77.5225,10.6053],[77.5097,10.6054],[77.5075,10.6071],[77.5081,10.6115],[77.5126,10.6119],[77.5166,10.6109],[77.5154,10.6142],[77.5133,10.6168],[77.5089,10.6197],[77.5102,10.6247],[77.5037,10.6331],[77.5034,10.639],[77.5015,10.6421],[77.4902,10.6462],[77.4856,10.646],[77.4817,10.649],[77.4776,10.6481],[77.4748,10.6438],[77.4694,10.6421],[77.4621,10.6419],[77.4552,10.64],[77.4506,10.6353],[77.4472,10.6286],[77.4407,10.6279],[77.4327,10.6313],[77.4277,10.6276],[77.4175,10.6251],[77.4135,10.6163],[77.4099,10.614],[77.4052,10.6135],[77.4018,10.6112],[77.3943,10.6033],[77.3956,10.5997],[77.3949,10.5972],[77.391,10.5969],[77.3876,10.5951],[77.385,10.5906],[77.3841,10.5866],[77.3843,10.5809],[77.3813,10.5775],[77.3798,10.5736],[77.3786,10.5663],[77.3746,10.5524],[77.3692,10.5478],[77.3678,10.5433],[77.3691,10.5359],[77.3718,10.532],[77.3763,10.5294],[77.3781,10.5248],[77.3881,10.5244],[77.4051,10.5221],[77.4038,10.5107],[77.4007,10.4983],[77.3967,10.4991],[77.3927,10.4943],[77.39,10.4959],[77.3832,10.4945],[77.3804,10.4909],[77.3798,10.4869],[77.3835,10.4827],[77.3847,10.4784],[77.3862,10.4624],[77.3837,10.461],[77.385,10.4493],[77.3755,10.4489],[77.3597,10.4459],[77.353,10.4456],[77.3473,10.4484],[77.3436,10.4541],[77.3407,10.4535],[77.3336,10.4552],[77.3279,10.4525],[77.3247,10.4496],[77.3241,10.4457],[77.3266,10.4435],[77.3245,10.4402],[77.3263,10.4389],[77.325,10.4365],[77.3271,10.4358],[77.3272,10.4336],[77.3209,10.4341],[77.3232,10.4266],[77.3209,10.4212],[77.3171,10.4026],[77.3174,10.3974],[77.3151,10.3892],[77.3137,10.362],[77.315,10.355],[77.3361,10.3533],[77.3346,10.3467],[77.3299,10.3403],[77.3304,10.3343],[77.334,10.3321],[77.3273,10.3248],[77.3262,10.3191],[77.3292,10.314],[77.3294,10.3092],[77.3393,10.3033],[77.3421,10.2994],[77.3416,10.2974],[77.3423,10.2933],[77.345,10.2932],[77.3468,10.2894],[77.3483,10.28],[77.3505,10.2758],[77.3478,10.2626],[77.3446,10.2628],[77.343,10.2606],[77.3346,10.2654],[77.3255,10.2719],[77.3251,10.2659],[77.3256,10.2623],[77.3091,10.2439],[77.3035,10.2424],[77.3037,10.2442],[77.3022,10.2472],[77.2987,10.251],[77.297,10.2509],[77.289,10.2297],[77.2841,10.2335],[77.2803,10.2342],[77.2728,10.233],[77.2696,10.2347],[77.2682,10.2324],[77.2653,10.2335],[77.2632,10.2312],[77.2606,10.2297],[77.2596,10.2353],[77.2598,10.2413],[77.2588,10.2543],[77.2593,10.2577],[77.2615,10.2607],[77.2645,10.2629],[77.2605,10.2667],[77.2458,10.2863],[77.2347,10.3051],[77.231,10.307],[77.2282,10.3148],[77.232,10.3311],[77.2362,10.3376],[77.2358,10.3493],[77.2281,10.3504],[77.213,10.3509],[77.2063,10.3524],[77.2025,10.3551],[77.1949,10.3521],[77.1866,10.3529],[77.1823,10.3549],[77.1764,10.3552],[77.1617,10.3429],[77.1475,10.3325],[77.1401,10.3291],[77.1327,10.3243],[77.1277,10.3193],[77.1217,10.3159],[77.1141,10.3132],[77.1056,10.313],[77.1013,10.3105],[77.0952,10.3084],[77.0839,10.3283],[77.0836,10.342],[77.0789,10.3808],[77.0545,10.4173],[77.0658,10.4429],[77.0713,10.4625],[77.0649,10.4857],[77.082,10.5153],[77.0793,10.5464],[77.0808,10.5698],[77.1003,10.5819],[77.1219,10.5843],[77.1515,10.583],[77.1648,10.6047],[77.1742,10.6302],[77.1639,10.6476],[77.1438,10.6705],[77.1371,10.7055],[77.1384,10.7406],[77.1497,10.7662],[77.1532,10.7897],[77.1648,10.7997],[77.1648,10.8],[77.1689,10.7985],[77.1767,10.7986],[77.1838,10.7968],[77.1899,10.8005],[77.1952,10.8016],[77.1984,10.8003],[77.201,10.8025],[77.2038,10.8008],[77.2149,10.8027],[77.2088,10.7888],[77.2115,10.7864],[77.2155,10.7853],[77.2244,10.7781],[77.229,10.7758],[77.234,10.7745],[77.2407,10.7746],[77.2548,10.7789],[77.2612,10.7801],[77.2728,10.7845],[77.2802,10.7873],[77.276,10.7918],[77.2774,10.8015],[77.2814,10.8047],[77.2843,10.8056],[77.2892,10.8124],[77.2939,10.8105],[77.2989,10.8135],[77.2959,10.8202],[77.2961,10.8236],[77.2908,10.8282],[77.2911,10.8341],[77.2895,10.8369],[77.2888,10.8489],[77.2801,10.8498],[77.2727,10.851],[77.2647,10.8546],[77.2591,10.8584],[77.254,10.862],[77.2523,10.8664],[77.2523,10.8726],[77.2523,10.8812],[77.2526,10.8904],[77.2487,10.896],[77.2416,10.8989],[77.2345,10.9007],[77.2307,10.9028],[77.2271,10.9046],[77.2245,10.9054],[77.2138,10.9054],[77.2041,10.9054],[77.202,10.9072],[77.202,10.9099],[77.1993,10.9131],[77.1943,10.9167],[77.1908,10.9202],[77.1881,10.9214],[77.1792,10.9214],[77.1786,10.9214],[77.1751,10.9235],[77.1742,10.9267],[77.1721,10.9297],[77.1703,10.9344],[77.1686,10.9412],[77.1692,10.9468],[77.1701,10.9507],[77.1698,10.9554],[77.1671,10.9575],[77.1644,10.9593],[77.1641,10.9637],[77.1641,10.9693],[77.1612,10.977],[77.1556,10.9797],[77.1535,10.9853],[77.1535,10.9885],[77.1564,10.9936],[77.1588,10.9983],[77.1612,11.0021],[77.1659,11.0066],[77.1683,11.0095],[77.1695,11.0172],[77.1706,11.0237],[77.1727,11.0267],[77.1742,11.0285],[77.1745,11.0317],[77.1745,11.0359],[77.1721,11.0373],[77.1689,11.0409],[77.1689,11.0438],[77.1692,11.0456],[77.1668,11.048],[77.163,11.0512],[77.1594,11.0548],[77.1588,11.0607],[77.163,11.0654],[77.1712,11.0687],[77.1792,11.0713],[77.186,11.0743],[77.1934,11.0781],[77.199,11.0855],[77.2041,11.0867],[77.2129,11.0876],[77.215,11.0897],[77.2206,11.0938],[77.2295,11.0983],[77.2339,11.1012],[77.2416,11.1015],[77.2443,11.1027],[77.2463,11.1056],[77.2508,11.1065],[77.2549,11.1054],[77.2564,11.1051],[77.2582,11.108],[77.2573,11.1122],[77.2526,11.1163],[77.249,11.1198],[77.2446,11.1237],[77.2416,11.1263],[77.2425,11.1305],[77.2416,11.1332],[77.2381,11.1367],[77.2327,11.1352],[77.2283,11.1299],[77.2239,11.1252],[77.2191,11.1234],[77.2132,11.1246],[77.2079,11.1299],[77.2032,11.1352],[77.197,11.1408],[77.1919,11.1423],[77.1899,11.1423],[77.1866,11.1459],[77.1822,11.1476],[77.181,11.1447],[77.1798,11.1388],[77.1783,11.1361],[77.1739,11.137],[77.1695,11.1438],[77.1698,11.1541],[77.1698,11.158],[77.1692,11.1612],[77.1627,11.1633],[77.1556,11.1624],[77.1532,11.1657],[77.1538,11.171],[77.1556,11.1757],[77.1573,11.1778],[77.1579,11.1825],[77.1562,11.1849],[77.1523,11.192],[77.1511,11.197],[77.1458,11.2003],[77.1423,11.2077],[77.142,11.2139],[77.1437,11.2192],[77.1464,11.2213],[77.1529,11.2313],[77.1547,11.2343],[77.1582,11.2426],[77.1615,11.2473],[77.1632,11.2497],[77.1615,11.2523],[77.1582,11.26],[77.1588,11.2659],[77.1644,11.2692],[77.1647,11.2719],[77.1603,11.2772],[77.1547,11.2766],[77.1502,11.2757],[77.1464,11.2769],[77.1446,11.2798],[77.1414,11.2807],[77.136,11.281],[77.1248,11.2816],[77.1186,11.2813],[77.1153,11.2855],[77.1109,11.2917],[77.1109,11.2958],[77.1142,11.2982],[77.1159,11.2991],[77.1189,11.3017],[77.1284,11.3023],[77.1399,11.3011],[77.144,11.3029],[77.144,11.3171],[77.1437,11.3257],[77.1445,11.3341],[77.1496,11.3328],[77.1597,11.3273],[77.1661,11.3134],[77.1761,11.3132],[77.1806,11.3125],[77.1829,11.3196],[77.1799,11.3207],[77.1801,11.3249],[77.1786,11.329],[77.1743,11.3288],[77.1764,11.3387],[77.1873,11.3374],[77.1958,11.3331],[77.1966,11.3369],[77.196,11.3416],[77.1984,11.341],[77.2071,11.3457],[77.218,11.349],[77.2247,11.3499],[77.2308,11.3485],[77.2273,11.3439]]]},"properties":{"district_name":"Tiruppur","raw_district_name":"Tiruppur","state_code":"TN","state_name":"Tamil Nadu","census_code":633,"data_source":"DataMeet India Maps (Census 2011 Boundaries)"}},{"type":"Feature","geometry":{"type":"Polygon","coordinates":[[[79.5604,12.8496],[79.5604,12.8496],[79.5826,12.8407],[79.5881,12.8336],[79.5968,12.8298],[79.6129,12.8268],[79.6226,12.8222],[79.6321,12.82],[79.6399,12.8163],[79.6447,12.8074],[79.6442,12.7974],[79.6414,12.7911],[79.638,12.7876],[79.6394,12.7853],[79.6501,12.7824],[79.6495,12.7735],[79.6531,12.7678],[79.6565,12.7638],[79.6613,12.7702],[79.6594,12.7746],[79.6729,12.7774],[79.6699,12.7839],[79.6786,12.7909],[79.6883,12.7844],[79.6944,12.7794],[79.7026,12.7757],[79.707,12.7797],[79.7113,12.7761],[79.71,12.7694],[79.7107,12.7616],[79.7119,12.758],[79.7288,12.7556],[79.7347,12.7513],[79.7423,12.747],[79.7465,12.7428],[79.7449,12.7365],[79.7418,12.7323],[79.731,12.7299],[79.7207,12.7287],[79.7156,12.7267],[79.7177,12.7225],[79.726,12.723],[79.7348,12.7202],[79.739,12.7158],[79.7396,12.7094],[79.7384,12.7051],[79.7353,12.7017],[79.7373,12.6998],[79.7455,12.701],[79.7467,12.6982],[79.7452,12.6936],[79.7386,12.6885],[79.7273,12.685],[79.7069,12.6754],[79.6843,12.6676],[79.6711,12.6667],[79.6589,12.6699],[79.6485,12.6677],[79.6437,12.657],[79.6406,12.6541],[79.6366,12.6445],[79.6337,12.631],[79.6387,12.6282],[79.6388,12.6255],[79.6443,12.6266],[79.647,12.625],[79.647,12.6194],[79.6456,12.61],[79.6502,12.6012],[79.6541,12.6023],[79.6584,12.5992],[79.6626,12.5982],[79.6642,12.5957],[79.6706,12.5922],[79.6772,12.5945],[79.6813,12.5972],[79.6862,12.5972],[79.6919,12.6004],[79.6977,12.5983],[79.7005,12.5935],[79.7064,12.595],[79.7258,12.5876],[79.7285,12.5835],[79.7283,12.5788],[79.7243,12.578],[79.7184,12.5802],[79.717,12.577],[79.7073,12.5711],[79.71,12.5679],[79.715,12.5676],[79.7215,12.5654],[79.7211,12.5587],[79.7173,12.549],[79.7361,12.5395],[79.7455,12.5317],[79.7519,12.5247],[79.7568,12.5181],[79.7569,12.5116],[79.7531,12.508],[79.7523,12.504],[79.7437,12.502],[79.74,12.4992],[79.739,12.4953],[79.7367,12.4972],[79.7309,12.4986],[79.7277,12.5007],[79.7252,12.4984],[79.7242,12.4948],[79.728,12.492],[79.7341,12.4927],[79.736,12.4895],[79.7423,12.4846],[79.747,12.4828],[79.7471,12.4646],[79.7501,12.4619],[79.75,12.455],[79.7448,12.4555],[79.7386,12.4537],[79.7354,12.4503],[79.7333,12.4463],[79.7404,12.4393],[79.7396,12.4332],[79.7358,12.4278],[79.7173,12.4359],[79.7153,12.4275],[79.7088,12.4305],[79.7045,12.4297],[79.7062,12.4264],[79.7072,12.4182],[79.7056,12.4133],[79.6907,12.4176],[79.6897,12.4139],[79.6928,12.4105],[79.6985,12.4085],[79.6964,12.3982],[79.6879,12.3985],[79.6636,12.3826],[79.6611,12.378],[79.6678,12.3712],[79.6632,12.3651],[79.6524,12.3603],[79.6465,12.3594],[79.6446,12.3548],[79.6448,12.3452],[79.6383,12.343],[79.6204,12.3508],[79.6209,12.3547],[79.6241,12.3617],[79.6234,12.37],[79.6159,12.3746],[79.6078,12.3743],[79.6038,12.3698],[79.6027,12.3621],[79.5987,12.3494],[79.592,12.3493],[79.5821,12.3529],[79.5768,12.3565],[79.5723,12.3557],[79.5669,12.3605],[79.5574,12.3641],[79.5495,12.3627],[79.5382,12.3674],[79.5322,12.3684],[79.5257,12.3641],[79.5218,12.355],[79.5164,12.353],[79.5131,12.3538],[79.511,12.3479],[79.5061,12.3475],[79.5021,12.3459],[79.4918,12.3498],[79.4906,12.3585],[79.4947,12.3692],[79.4931,12.3723],[79.4898,12.3737],[79.4864,12.3705],[79.4752,12.3656],[79.4675,12.3733],[79.4603,12.3745],[79.4499,12.3779],[79.4508,12.3907],[79.4498,12.3948],[79.4451,12.393],[79.4427,12.3896],[79.4394,12.3919],[79.4397,12.3973],[79.4423,12.4068],[79.4353,12.4093],[79.4334,12.4049],[79.4301,12.402],[79.4214,12.4097],[79.4171,12.4067],[79.4111,12.4089],[79.4116,12.417],[79.4074,12.4205],[79.4026,12.4274],[79.4021,12.4345],[79.3874,12.4398],[79.3773,12.4408],[79.3689,12.4426],[79.3633,12.4391],[79.3551,12.4452],[79.3516,12.4431],[79.3476,12.4421],[79.3384,12.4446],[79.327,12.4494],[79.3234,12.4482],[79.3173,12.4425],[79.3114,12.4406],[79.3079,12.4386],[79.2968,12.4416],[79.2763,12.446],[79.2479,12.4454],[79.246,12.4415],[79.2401,12.4413],[79.238,12.4403],[79.2355,12.4357],[79.2331,12.4287],[79.2267,12.4008],[79.2366,12.3997],[79.2408,12.3974],[79.2482,12.3891],[79.2487,12.3783],[79.2412,12.3683],[79.2377,12.3668],[79.2352,12.3689],[79.2295,12.3712],[79.2269,12.3669],[79.2279,12.3637],[79.2335,12.3609],[79.2322,12.3573],[79.2345,12.3549],[79.241,12.3508],[79.2401,12.3461],[79.2348,12.3417],[79.2289,12.3408],[79.2262,12.3447],[79.2223,12.3467],[79.2151,12.3439],[79.2101,12.3431],[79.2054,12.3437],[79.2007,12.3422],[79.2008,12.3397],[79.2144,12.3386],[79.2207,12.3356],[79.2228,12.3302],[79.2317,12.3297],[79.2359,12.3272],[79.2348,12.3236],[79.2331,12.3197],[79.2349,12.3158],[79.239,12.3151],[79.247,12.3157],[79.2513,12.3225],[79.2601,12.3206],[79.2646,12.3223],[79.271,12.3198],[79.2867,12.3193],[79.29,12.3177],[79.2902,12.3157],[79.288,12.3136],[79.2884,12.3097],[79.2852,12.3058],[79.2812,12.3046],[79.2766,12.3052],[79.2757,12.3037],[79.2809,12.2925],[79.28,12.2908],[79.2784,12.2898],[79.2726,12.2906],[79.2619,12.2755],[79.2588,12.277],[79.2573,12.2735],[79.2515,12.274],[79.2472,12.2766],[79.2425,12.263],[79.2439,12.2607],[79.2444,12.257],[79.2389,12.2541],[79.2383,12.2503],[79.242,12.2452],[79.2481,12.2393],[79.2427,12.2351],[79.2395,12.2344],[79.2364,12.2284],[79.2273,12.2205],[79.2276,12.2187],[79.2372,12.2162],[79.2378,12.2136],[79.2358,12.2118],[79.2189,12.2131],[79.217,12.21],[79.2187,12.2074],[79.2276,12.2031],[79.2323,12.1998],[79.235,12.1966],[79.2341,12.189],[79.2355,12.1859],[79.2352,12.1826],[79.2236,12.1828],[79.2227,12.1902],[79.22,12.1977],[79.2174,12.198],[79.215,12.1931],[79.2128,12.1907],[79.2131,12.1868],[79.216,12.1829],[79.2132,12.1751],[79.2123,12.1693],[79.2142,12.1659],[79.2373,12.1541],[79.2388,12.1487],[79.2449,12.1478],[79.248,12.1464],[79.2494,12.1394],[79.2546,12.1386],[79.2557,12.1353],[79.2599,12.1343],[79.26,12.13],[79.274,12.1281],[79.278,12.1258],[79.2795,12.1232],[79.2792,12.1124],[79.2779,12.1059],[79.2708,12.1035],[79.2685,12.1019],[79.2689,12.0947],[79.2611,12.0813],[79.2504,12.0785],[79.2455,12.0787],[79.2393,12.0759],[79.2423,12.0702],[79.2417,12.067],[79.2354,12.0618],[79.2222,12.0627],[79.2096,12.0691],[79.2059,12.0681],[79.2007,12.0691],[79.1979,12.0585],[79.1906,12.0488],[79.1836,12.0482],[79.1795,12.0497],[79.177,12.0485],[79.1762,12.0331],[79.1745,12.0308],[79.1717,12.0303],[79.1672,12.0315],[79.1496,12.0425],[79.1435,12.0416],[79.1398,12.0389],[79.1363,12.0266],[79.1345,12.0243],[79.1278,12.0199],[79.1212,12.0197],[79.1143,12.0252],[79.1108,12.0242],[79.1079,12.0212],[79.0996,12.0226],[79.0968,12.0249],[79.0937,12.0305],[79.0892,12.0306],[79.0843,12.0293],[79.0801,12.0319],[79.0781,12.0415],[79.0786,12.0463],[79.0841,12.0435],[79.0892,12.0442],[79.0921,12.0508],[79.0936,12.0565],[79.0991,12.0651],[79.0989,12.0685],[79.0931,12.0757],[79.0868,12.0801],[79.0837,12.0753],[79.0801,12.0726],[79.0724,12.0701],[79.0663,12.0698],[79.0625,12.0646],[79.0622,12.061],[79.0678,12.0564],[79.0684,12.0533],[79.0666,12.0508],[79.0606,12.0511],[79.0541,12.0372],[79.0516,12.0359],[79.0458,12.0362],[79.0395,12.0417],[79.0315,12.0443],[79.0272,12.0449],[79.0245,12.0466],[79.0214,12.055],[79.03,12.0607],[79.031,12.0613],[79.0312,12.0637],[79.0188,12.0653],[79.0173,12.0634],[79.0133,12.0633],[79.0066,12.0654],[79.0001,12.0662],[78.9973,12.0674],[78.9944,12.062],[78.9953,12.0498],[78.9911,12.0571],[78.9881,12.0625],[78.9827,12.0659],[78.9772,12.066],[78.9725,12.0644],[78.9683,12.0648],[78.9644,12.0663],[78.9607,12.0666],[78.9458,12.0524],[78.9427,12.0426],[78.9369,12.0376],[78.9333,12.0319],[78.9296,12.0278],[78.9256,12.022],[78.9177,12.0141],[78.9013,12.0153],[78.8946,12.0208],[78.8866,12.023],[78.8843,12.0243],[78.8798,12.0247],[78.8758,12.0234],[78.8689,12.0176],[78.8646,12.015],[78.8416,12.0087],[78.8284,12.0075],[78.82,12.0078],[78.8137,12.0132],[78.8068,12.0171],[78.7966,12.0115],[78.7829,12.0077],[78.7727,12.0067],[78.7667,12.0079],[78.764,12.0093],[78.7606,12.0093],[78.758,12.0058],[78.7509,12.0003],[78.7466,11.997],[78.7443,11.9914],[78.7415,11.9882],[78.7363,11.9849],[78.7384,11.9817],[78.7329,11.9806],[78.7279,11.9813],[78.7175,11.9798],[78.7116,11.9796],[78.7043,11.9807],[78.701,11.9835],[78.6985,11.9883],[78.7042,11.9956],[78.7006,12.0003],[78.7018,12.0096],[78.7046,12.0163],[78.7056,12.0266],[78.7069,12.0318],[78.7103,12.0428],[78.7194,12.0621],[78.7226,12.0718],[78.7253,12.0824],[78.7263,12.0912],[78.7294,12.0938],[78.7289,12.0965],[78.7303,12.0997],[78.7379,12.1099],[78.7366,12.1128],[78.7382,12.1149],[78.7421,12.1178],[78.7473,12.1253],[78.7449,12.1268],[78.7406,12.1339],[78.7278,12.1274],[78.7057,12.1189],[78.7021,12.1157],[78.6917,12.1132],[78.6878,12.1068],[78.6859,12.1059],[78.6726,12.1032],[78.6639,12.1024],[78.6666,12.1127],[78.6603,12.1201],[78.6593,12.1234],[78.6547,12.1268],[78.6521,12.1278],[78.6356,12.127],[78.6332,12.1293],[78.6364,12.1432],[78.6397,12.1466],[78.6447,12.149],[78.6494,12.1574],[78.6494,12.1615],[78.6354,12.1752],[78.6346,12.1759],[78.6386,12.1872],[78.642,12.194],[78.6445,12.2039],[78.6591,12.1964],[78.67,12.2085],[78.6726,12.2175],[78.6724,12.2238],[78.6697,12.2295],[78.6632,12.2347],[78.6527,12.2387],[78.654,12.245],[78.6536,12.2509],[78.6522,12.2578],[78.6522,12.2578],[78.6546,12.2602],[78.6555,12.2611],[78.6661,12.2659],[78.6756,12.2713],[78.6773,12.2723],[78.6876,12.2828],[78.6919,12.2834],[78.6947,12.2922],[78.6975,12.295],[78.7081,12.2988],[78.7103,12.301],[78.7121,12.3047],[78.7124,12.3084],[78.7126,12.3097],[78.716,12.3224],[78.717,12.3263],[78.7266,12.3519],[78.7307,12.3596],[78.7315,12.364],[78.7315,12.3701],[78.7335,12.3741],[78.7359,12.3766],[78.7404,12.3758],[78.7434,12.3762],[78.7526,12.3836],[78.7574,12.3934],[78.7654,12.4101],[78.7677,12.4201],[78.7707,12.4238],[78.7704,12.436],[78.769,12.4396],[78.7656,12.4412],[78.7643,12.4459],[78.7738,12.4595],[78.778,12.4592],[78.7817,12.4665],[78.7785,12.4693],[78.7775,12.4761],[78.7789,12.4832],[78.7804,12.4857],[78.7854,12.4872],[78.7902,12.493],[78.7919,12.4979],[78.7977,12.4958],[78.8006,12.4985],[78.8073,12.5101],[78.8166,12.5263],[78.8189,12.5301],[78.8237,12.5415],[78.8273,12.5498],[78.831,12.5648],[78.8381,12.5803],[78.844,12.5947],[78.8486,12.6039],[78.8521,12.6128],[78.8552,12.6201],[78.8593,12.6274],[78.8604,12.6341],[78.8675,12.6313],[78.8783,12.651],[78.8859,12.6602],[78.8894,12.6678],[78.8937,12.6772],[78.8983,12.6875],[78.9017,12.6852],[78.901,12.6809],[78.9039,12.6784],[78.9106,12.6839],[78.9151,12.6841],[78.9214,12.6803],[78.9267,12.6757],[78.9423,12.6782],[78.9471,12.6797],[78.9461,12.6837],[78.9493,12.6849],[78.9525,12.6844],[78.9526,12.6804],[78.9548,12.6765],[78.9665,12.6716],[78.9713,12.6709],[78.9739,12.6669],[78.9776,12.6644],[78.9809,12.6659],[78.9814,12.6799],[78.9875,12.6843],[78.9879,12.6951],[78.9916,12.6937],[78.9955,12.703],[78.9999,12.7023],[79.0141,12.6991],[79.0228,12.6948],[79.0239,12.6898],[79.0199,12.68],[79.0192,12.6728],[79.0107,12.6565],[79.0161,12.6568],[79.0194,12.6641],[79.0222,12.6687],[79.0272,12.6788],[79.0331,12.6914],[79.0339,12.6932],[79.0444,12.7068],[79.0476,12.711],[79.0562,12.7177],[79.058,12.7231],[79.0561,12.7269],[79.0623,12.7335],[79.0582,12.7359],[79.0752,12.7518],[79.0829,12.7494],[79.087,12.7515],[79.0926,12.7517],[79.0929,12.7559],[79.1024,12.7555],[79.1126,12.7566],[79.1236,12.7578],[79.1411,12.7574],[79.1497,12.7531],[79.1627,12.751],[79.1629,12.7592],[79.1613,12.7681],[79.1661,12.7699],[79.1671,12.7676],[79.1668,12.7609],[79.1754,12.7584],[79.176,12.7439],[79.1805,12.7426],[79.1847,12.7433],[79.1881,12.7475],[79.1985,12.746],[79.2014,12.7415],[79.2061,12.7403],[79.2151,12.76],[79.21,12.7778],[79.2094,12.784],[79.2216,12.7899],[79.2275,12.7901],[79.2356,12.7942],[79.2414,12.7958],[79.2458,12.8066],[79.2516,12.8059],[79.2546,12.8114],[79.2506,12.8146],[79.2516,12.8195],[79.255,12.822],[79.2628,12.8175],[79.2612,12.8126],[79.2614,12.8065],[79.2638,12.8028],[79.2631,12.7924],[79.2656,12.7888],[79.2819,12.786],[79.2814,12.7813],[79.2884,12.7801],[79.2899,12.7751],[79.2894,12.7699],[79.2864,12.76],[79.2883,12.7558],[79.2984,12.7462],[79.3112,12.7455],[79.3123,12.7408],[79.3167,12.7436],[79.3236,12.7425],[79.3327,12.7358],[79.338,12.7347],[79.3424,12.7316],[79.3449,12.7281],[79.3476,12.7088],[79.3444,12.7037],[79.34,12.6997],[79.3455,12.6985],[79.3461,12.6931],[79.3585,12.6967],[79.3575,12.7008],[79.3596,12.7051],[79.3567,12.7068],[79.3559,12.7115],[79.3591,12.7182],[79.3672,12.7138],[79.3678,12.7193],[79.3771,12.7209],[79.3803,12.725],[79.3806,12.7325],[79.3912,12.7317],[79.3909,12.7272],[79.3968,12.7255],[79.394,12.7122],[79.3824,12.7078],[79.3824,12.7041],[79.3875,12.696],[79.3904,12.6939],[79.3941,12.6933],[79.3961,12.6889],[79.393,12.6892],[79.3927,12.6855],[79.3782,12.6807],[79.3701,12.6805],[79.3655,12.6761],[79.3573,12.672],[79.3557,12.6667],[79.3604,12.6659],[79.3644,12.6562],[79.3621,12.6523],[79.3592,12.6525],[79.3585,12.6479],[79.3556,12.6481],[79.3552,12.6446],[79.3674,12.6341],[79.3689,12.6328],[79.376,12.6288],[79.3841,12.6273],[79.3911,12.6316],[79.3992,12.6403],[79.409,12.6475],[79.4125,12.6556],[79.4306,12.6597],[79.4372,12.6659],[79.4525,12.6703],[79.4558,12.6763],[79.4547,12.681],[79.4621,12.6837],[79.4601,12.6882],[79.4587,12.6966],[79.4661,12.6982],[79.468,12.7024],[79.4693,12.7106],[79.4668,12.7145],[79.4775,12.7273],[79.4773,12.7308],[79.4738,12.7335],[79.4692,12.7308],[79.4623,12.7356],[79.4573,12.7363],[79.4561,12.7435],[79.4591,12.7467],[79.4568,12.7547],[79.4608,12.7535],[79.4684,12.7537],[79.4713,12.7556],[79.468,12.7628],[79.471,12.7692],[79.4767,12.7761],[79.465,12.7855],[79.4633,12.7936],[79.4634,12.8001],[79.47,12.797],[79.4735,12.798],[79.477,12.7972],[79.4753,12.8064],[79.4573,12.8103],[79.4606,12.8195],[79.4624,12.8277],[79.4617,12.8326],[79.4584,12.8359],[79.4595,12.8455],[79.4743,12.8505],[79.4749,12.854],[79.4727,12.8592],[79.4749,12.863],[79.4735,12.8668],[79.474,12.8715],[79.4795,12.8708],[79.4901,12.8723],[79.4982,12.8686],[79.5055,12.8609],[79.5099,12.8562],[79.5146,12.8538],[79.5252,12.8571],[79.5398,12.86],[79.5604,12.8496]]]},"properties":{"district_name":"Tiruvannamalai","raw_district_name":"Tiruvannamalai","state_code":"TN","state_name":"Tamil Nadu","census_code":606,"data_source":"DataMeet India Maps (Census 2011 Boundaries)"}},{"type":"Feature","geometry":{"type":"Polygon","coordinates":[[[79.7855,13.0221],[79.7701,13.016],[79.7607,13.0104],[79.7501,13.0003],[79.7426,12.9921],[79.7349,12.985],[79.7264,12.9809],[79.7064,12.9751],[79.6907,12.9674],[79.6827,12.96],[79.6803,12.956],[79.6609,12.9482],[79.662,12.9296],[79.6393,12.9222],[79.6218,12.9122],[79.613,12.9087],[79.6031,12.907],[79.5927,12.903],[79.5833,12.9007],[79.573,12.8994],[79.5663,12.886],[79.5608,12.8804],[79.5597,12.8736],[79.5633,12.869],[79.5673,12.8616],[79.5677,12.8564],[79.5652,12.8529],[79.5604,12.8496],[79.5398,12.86],[79.5252,12.8571],[79.5146,12.8538],[79.5099,12.8562],[79.5055,12.8609],[79.4982,12.8686],[79.4901,12.8723],[79.4795,12.8708],[79.474,12.8715],[79.4735,12.8668],[79.4749,12.863],[79.4727,12.8592],[79.4749,12.854],[79.4743,12.8505],[79.4595,12.8455],[79.4584,12.8359],[79.4617,12.8326],[79.4624,12.8277],[79.4606,12.8195],[79.4573,12.8103],[79.4753,12.8064],[79.477,12.7972],[79.4735,12.798],[79.47,12.797],[79.4634,12.8001],[79.4633,12.7936],[79.465,12.7855],[79.4767,12.7761],[79.471,12.7692],[79.468,12.7628],[79.4713,12.7556],[79.4684,12.7537],[79.4608,12.7535],[79.4568,12.7547],[79.4591,12.7467],[79.4561,12.7435],[79.4573,12.7363],[79.4623,12.7356],[79.4692,12.7308],[79.4738,12.7335],[79.4773,12.7308],[79.4775,12.7273],[79.4668,12.7145],[79.4693,12.7106],[79.468,12.7024],[79.4661,12.6982],[79.4587,12.6966],[79.4601,12.6882],[79.4621,12.6837],[79.4547,12.681],[79.4558,12.6763],[79.4525,12.6703],[79.4372,12.6659],[79.4306,12.6597],[79.4125,12.6556],[79.409,12.6475],[79.3992,12.6403],[79.3911,12.6316],[79.3841,12.6273],[79.376,12.6288],[79.3689,12.6328],[79.3674,12.6341],[79.3552,12.6446],[79.3556,12.6481],[79.3585,12.6479],[79.3592,12.6525],[79.3621,12.6523],[79.3644,12.6562],[79.3604,12.6659],[79.3557,12.6667],[79.3573,12.672],[79.3655,12.6761],[79.3701,12.6805],[79.3782,12.6807],[79.3927,12.6855],[79.393,12.6892],[79.3961,12.6889],[79.3941,12.6933],[79.3904,12.6939],[79.3875,12.696],[79.3824,12.7041],[79.3824,12.7078],[79.394,12.7122],[79.3968,12.7255],[79.3909,12.7272],[79.3912,12.7317],[79.3806,12.7325],[79.3803,12.725],[79.3771,12.7209],[79.3678,12.7193],[79.3672,12.7138],[79.3591,12.7182],[79.3559,12.7115],[79.3567,12.7068],[79.3596,12.7051],[79.3575,12.7008],[79.3585,12.6967],[79.3461,12.6931],[79.3455,12.6985],[79.34,12.6997],[79.3444,12.7037],[79.3476,12.7088],[79.3449,12.7281],[79.3424,12.7316],[79.338,12.7347],[79.3327,12.7358],[79.3236,12.7425],[79.3167,12.7436],[79.3123,12.7408],[79.3112,12.7455],[79.2984,12.7462],[79.2883,12.7558],[79.2864,12.76],[79.2894,12.7699],[79.2899,12.7751],[79.2884,12.7801],[79.2814,12.7813],[79.2819,12.786],[79.2656,12.7888],[79.2631,12.7924],[79.2638,12.8028],[79.2614,12.8065],[79.2612,12.8126],[79.2628,12.8175],[79.255,12.822],[79.2516,12.8195],[79.2506,12.8146],[79.2546,12.8114],[79.2516,12.8059],[79.2458,12.8066],[79.2414,12.7958],[79.2356,12.7942],[79.2275,12.7901],[79.2216,12.7899],[79.2094,12.784],[79.21,12.7778],[79.2151,12.76],[79.2061,12.7403],[79.2014,12.7415],[79.1985,12.746],[79.1881,12.7475],[79.1847,12.7433],[79.1805,12.7426],[79.176,12.7439],[79.1754,12.7584],[79.1668,12.7609],[79.1671,12.7676],[79.1661,12.7699],[79.1613,12.7681],[79.1629,12.7592],[79.1627,12.751],[79.1497,12.7531],[79.1411,12.7574],[79.1236,12.7578],[79.1126,12.7566],[79.1024,12.7555],[79.0929,12.7559],[79.0926,12.7517],[79.087,12.7515],[79.0829,12.7494],[79.0752,12.7518],[79.0582,12.7359],[79.0623,12.7335],[79.0561,12.7269],[79.058,12.7231],[79.0562,12.7177],[79.0476,12.711],[79.0444,12.7068],[79.0339,12.6932],[79.0331,12.6914],[79.0272,12.6788],[79.0222,12.6687],[79.0194,12.6641],[79.0161,12.6568],[79.0107,12.6565],[79.0192,12.6728],[79.0199,12.68],[79.0239,12.6898],[79.0228,12.6948],[79.0141,12.6991],[78.9999,12.7023],[78.9955,12.703],[78.9916,12.6937],[78.9879,12.6951],[78.9875,12.6843],[78.9814,12.6799],[78.9809,12.6659],[78.9776,12.6644],[78.9739,12.6669],[78.9713,12.6709],[78.9665,12.6716],[78.9548,12.6765],[78.9526,12.6804],[78.9525,12.6844],[78.9493,12.6849],[78.9461,12.6837],[78.9471,12.6797],[78.9423,12.6782],[78.9267,12.6757],[78.9214,12.6803],[78.9151,12.6841],[78.9106,12.6839],[78.9039,12.6784],[78.901,12.6809],[78.9017,12.6852],[78.8983,12.6875],[78.8937,12.6772],[78.8894,12.6678],[78.8859,12.6602],[78.8783,12.651],[78.8675,12.6313],[78.8604,12.6341],[78.8593,12.6274],[78.8552,12.6201],[78.8521,12.6128],[78.8486,12.6039],[78.844,12.5947],[78.8381,12.5803],[78.831,12.5648],[78.8273,12.5498],[78.8237,12.5415],[78.8189,12.5301],[78.8166,12.5263],[78.8073,12.5101],[78.8006,12.4985],[78.7977,12.4958],[78.7919,12.4979],[78.7902,12.493],[78.7854,12.4872],[78.7804,12.4857],[78.7789,12.4832],[78.7775,12.4761],[78.7785,12.4693],[78.7817,12.4665],[78.778,12.4592],[78.7738,12.4595],[78.7643,12.4459],[78.7656,12.4412],[78.769,12.4396],[78.7704,12.436],[78.7707,12.4238],[78.7677,12.4201],[78.7654,12.4101],[78.7574,12.3934],[78.7526,12.3836],[78.7434,12.3762],[78.7404,12.3758],[78.7359,12.3766],[78.7335,12.3741],[78.7315,12.3701],[78.7315,12.364],[78.7307,12.3596],[78.7266,12.3519],[78.717,12.3263],[78.716,12.3224],[78.7126,12.3097],[78.7124,12.3084],[78.7121,12.3047],[78.7103,12.301],[78.7081,12.2988],[78.6975,12.295],[78.6947,12.2922],[78.6919,12.2834],[78.6876,12.2828],[78.6773,12.2723],[78.6756,12.2713],[78.6661,12.2659],[78.6555,12.2611],[78.6546,12.2602],[78.6522,12.2578],[78.6522,12.2578],[78.6522,12.2578],[78.6367,12.2616],[78.6408,12.2656],[78.6416,12.2708],[78.6438,12.2754],[78.6447,12.2794],[78.6434,12.2819],[78.6261,12.2641],[78.6199,12.2682],[78.6148,12.2627],[78.6108,12.2616],[78.607,12.2628],[78.6049,12.2663],[78.6046,12.2712],[78.6089,12.2828],[78.6124,12.2883],[78.6147,12.2939],[78.6144,12.2952],[78.6118,12.2977],[78.6123,12.3039],[78.6113,12.3077],[78.6095,12.3112],[78.6052,12.3125],[78.6002,12.3134],[78.5951,12.3082],[78.5919,12.3095],[78.5897,12.312],[78.5939,12.3167],[78.5954,12.3217],[78.601,12.3228],[78.6036,12.3276],[78.6076,12.3313],[78.6122,12.3288],[78.6172,12.3373],[78.6166,12.3414],[78.6181,12.346],[78.6132,12.351],[78.5923,12.3569],[78.583,12.3631],[78.5746,12.3732],[78.5709,12.3808],[78.5702,12.3854],[78.5674,12.3868],[78.557,12.3896],[78.545,12.3965],[78.5404,12.3959],[78.5358,12.3968],[78.5285,12.3988],[78.5202,12.4032],[78.516,12.4044],[78.5123,12.3998],[78.507,12.399],[78.5025,12.4066],[78.4972,12.4093],[78.4929,12.4038],[78.4901,12.3866],[78.4832,12.3894],[78.4667,12.3905],[78.4644,12.3899],[78.4625,12.3861],[78.4597,12.384],[78.4436,12.3896],[78.4398,12.3894],[78.4364,12.3931],[78.4365,12.3962],[78.4408,12.4002],[78.4416,12.4066],[78.4507,12.418],[78.4548,12.429],[78.4489,12.4401],[78.451,12.4495],[78.4462,12.4518],[78.4338,12.4616],[78.4275,12.4716],[78.4241,12.4788],[78.4172,12.486],[78.4171,12.4945],[78.4205,12.5109],[78.4185,12.5138],[78.4158,12.5158],[78.4178,12.5242],[78.4148,12.5261],[78.4173,12.5381],[78.4178,12.5493],[78.4205,12.5679],[78.4108,12.5872],[78.4104,12.5984],[78.4079,12.6011],[78.4098,12.6073],[78.4099,12.6109],[78.4079,12.6186],[78.4092,12.6242],[78.4114,12.6239],[78.4188,12.6281],[78.424,12.6289],[78.43,12.6312],[78.4366,12.6255],[78.4511,12.6276],[78.4592,12.6272],[78.4631,12.6264],[78.4665,12.6227],[78.4714,12.6281],[78.4718,12.6312],[78.4708,12.6422],[78.4736,12.643],[78.4747,12.6461],[78.4711,12.6494],[78.4693,12.6729],[78.4858,12.6699],[78.5003,12.6741],[78.5052,12.6803],[78.5058,12.6854],[78.5088,12.6872],[78.5091,12.69],[78.5051,12.6917],[78.5053,12.6965],[78.5012,12.6973],[78.498,12.7012],[78.4992,12.7033],[78.5047,12.7044],[78.5058,12.7086],[78.5051,12.7142],[78.5066,12.7144],[78.5096,12.7092],[78.5156,12.704],[78.5163,12.7087],[78.5215,12.7095],[78.5222,12.7125],[78.5207,12.7156],[78.5053,12.7219],[78.5031,12.7277],[78.496,12.7337],[78.4912,12.7407],[78.4959,12.7454],[78.5005,12.7426],[78.5059,12.741],[78.5087,12.7348],[78.5134,12.7322],[78.5148,12.7288],[78.5152,12.7241],[78.5191,12.7238],[78.521,12.7305],[78.5226,12.7324],[78.524,12.7187],[78.5279,12.7171],[78.5277,12.7143],[78.5381,12.712],[78.5392,12.7081],[78.5373,12.7055],[78.5326,12.7079],[78.5303,12.7031],[78.5319,12.6978],[78.5361,12.6905],[78.5395,12.6898],[78.543,12.6907],[78.5531,12.6958],[78.5565,12.6953],[78.5595,12.6964],[78.5595,12.6999],[78.5569,12.7034],[78.5598,12.7062],[78.5638,12.7052],[78.564,12.7079],[78.5611,12.7115],[78.5572,12.7182],[78.56,12.7258],[78.564,12.7312],[78.5657,12.7369],[78.5626,12.737],[78.5574,12.7394],[78.562,12.7495],[78.5572,12.7547],[78.5583,12.7564],[78.5626,12.7576],[78.5658,12.7568],[78.5698,12.7624],[78.5733,12.7634],[78.5786,12.7629],[78.5774,12.7698],[78.5918,12.778],[78.5936,12.7816],[78.5946,12.787],[78.5942,12.7961],[78.6014,12.8033],[78.6023,12.8087],[78.5999,12.8156],[78.6093,12.8219],[78.6073,12.8263],[78.6054,12.8438],[78.6032,12.8493],[78.616,12.8682],[78.6162,12.8768],[78.6175,12.8845],[78.6238,12.8993],[78.6271,12.904],[78.6312,12.9128],[78.6363,12.9249],[78.6372,12.9299],[78.6423,12.9267],[78.649,12.9267],[78.6583,12.9298],[78.6472,12.9491],[78.6405,12.9638],[78.6494,12.9651],[78.6317,12.9846],[78.625,12.9895],[78.6319,12.9932],[78.6398,13.0004],[78.6487,13.0075],[78.6531,13.0123],[78.6565,13.018],[78.6603,13.027],[78.6625,13.0286],[78.6801,13.0218],[78.6908,13.0197],[78.7053,13.0152],[78.7075,13.0233],[78.7127,13.055],[78.7139,13.0669],[78.737,13.0636],[78.7437,13.0612],[78.751,13.0563],[78.7575,13.0563],[78.766,13.0579],[78.7891,13.0641],[78.7946,13.0673],[78.7982,13.0731],[78.8057,13.0807],[78.8124,13.0865],[78.8197,13.0889],[78.825,13.0856],[78.8439,13.0806],[78.8556,13.0825],[78.87,13.0821],[78.8724,13.0906],[78.8764,13.0958],[78.882,13.098],[78.8877,13.0973],[78.8952,13.0931],[78.8921,13.0807],[78.8927,13.0554],[78.8912,13.0367],[78.8937,13.031],[78.9019,13.031],[78.9278,13.0343],[78.9349,13.033],[78.9365,13.0299],[78.9405,13.0327],[78.9393,13.0347],[78.9323,13.0399],[78.9292,13.0438],[78.9162,13.0423],[78.9102,13.0429],[78.9053,13.0463],[78.9127,13.0633],[78.9205,13.0617],[78.9226,13.0673],[78.9238,13.0745],[78.9262,13.079],[78.9419,13.0772],[78.9484,13.0812],[78.9577,13.0748],[78.9619,13.0774],[78.9669,13.0762],[78.971,13.0767],[78.9748,13.0829],[78.9765,13.0841],[78.9835,13.0864],[78.9914,13.0878],[78.9936,13.0875],[79.0001,13.084],[79.0072,13.0744],[79.0123,13.0693],[79.0234,13.0692],[79.0348,13.0678],[79.0379,13.061],[79.0455,13.0571],[79.0559,13.0552],[79.0653,13.0495],[79.0661,13.0397],[79.0727,13.0324],[79.0812,13.0257],[79.0949,13.0241],[79.1165,13.0359],[79.1314,13.0343],[79.1434,13.0285],[79.1539,13.0216],[79.165,13.0191],[79.1735,13.0236],[79.1829,13.0275],[79.1854,13.0311],[79.1867,13.0371],[79.1889,13.0416],[79.1892,13.0452],[79.1888,13.0501],[79.1845,13.0555],[79.1869,13.0615],[79.1816,13.0648],[79.1913,13.0719],[79.1929,13.0788],[79.1957,13.0847],[79.1992,13.0888],[79.2011,13.0964],[79.2055,13.1015],[79.2144,13.1021],[79.2196,13.1032],[79.2265,13.1087],[79.2305,13.1157],[79.2305,13.1221],[79.2346,13.1278],[79.2304,13.1322],[79.2268,13.1394],[79.2304,13.1473],[79.2385,13.1464],[79.2452,13.1395],[79.2489,13.1386],[79.2555,13.1452],[79.2564,13.153],[79.2594,13.1599],[79.2635,13.158],[79.2648,13.1531],[79.2687,13.1484],[79.2734,13.1526],[79.2796,13.1531],[79.2835,13.1499],[79.2849,13.1386],[79.2861,13.1328],[79.2858,13.1197],[79.2912,13.1081],[79.2983,13.097],[79.3014,13.0896],[79.3063,13.0841],[79.3226,13.0793],[79.3316,13.0727],[79.338,13.0638],[79.3472,13.0605],[79.3827,13.0787],[79.3937,13.0812],[79.4169,13.083],[79.4197,13.0902],[79.4217,13.098],[79.4186,13.1027],[79.4091,13.1015],[79.4023,13.1059],[79.4079,13.1149],[79.4125,13.1201],[79.4127,13.1298],[79.4122,13.1356],[79.4186,13.1485],[79.4242,13.1445],[79.437,13.1251],[79.4431,13.124],[79.4528,13.126],[79.4538,13.1204],[79.4413,13.1183],[79.4313,13.1181],[79.4321,13.1131],[79.4423,13.1092],[79.452,13.0942],[79.4533,13.0922],[79.4604,13.0953],[79.4622,13.0972],[79.4634,13.1044],[79.4661,13.1077],[79.4737,13.107],[79.4756,13.1128],[79.4751,13.1211],[79.474,13.126],[79.4794,13.1268],[79.4818,13.1308],[79.4824,13.1381],[79.493,13.1368],[79.505,13.1367],[79.517,13.1427],[79.5226,13.1406],[79.529,13.1361],[79.5509,13.1334],[79.5557,13.1367],[79.5698,13.134],[79.5692,13.1279],[79.5716,13.1215],[79.5845,13.1211],[79.5952,13.1222],[79.599,13.1293],[79.5964,13.1359],[79.592,13.1424],[79.5941,13.1454],[79.6087,13.1433],[79.6189,13.1428],[79.6295,13.1436],[79.6361,13.1475],[79.6319,13.1613],[79.6324,13.1689],[79.6452,13.1782],[79.6456,13.1866],[79.6479,13.1965],[79.6524,13.2022],[79.655,13.2083],[79.6708,13.2007],[79.6695,13.1868],[79.671,13.1814],[79.6828,13.1854],[79.6924,13.1897],[79.7003,13.1874],[79.6974,13.18],[79.6921,13.1751],[79.6923,13.1645],[79.6957,13.1591],[79.7003,13.156],[79.7037,13.1602],[79.7179,13.1615],[79.7284,13.1641],[79.7358,13.1644],[79.7393,13.1512],[79.7396,13.1365],[79.7372,13.1247],[79.7346,13.1163],[79.7262,13.1148],[79.7222,13.1069],[79.7166,13.1048],[79.7087,13.1078],[79.7035,13.1066],[79.7017,13.0997],[79.7123,13.0976],[79.7269,13.097],[79.7323,13.0952],[79.7406,13.0743],[79.739,13.0695],[79.7343,13.0668],[79.7265,13.0669],[79.7242,13.0609],[79.7195,13.0571],[79.7209,13.0537],[79.7268,13.0532],[79.7343,13.0592],[79.7488,13.0502],[79.7615,13.052],[79.7712,13.0592],[79.7765,13.0583],[79.7782,13.055],[79.7868,13.0525],[79.7898,13.0465],[79.7859,13.0398],[79.7862,13.0292],[79.7856,13.0222],[79.7855,13.0221]]]},"properties":{"district_name":"Vellore","raw_district_name":"Vellore","state_code":"TN","state_name":"Tamil Nadu","census_code":605,"data_source":"DataMeet India Maps (Census 2011 Boundaries)"}},{"type":"Feature","geometry":{"type":"Polygon","coordinates":[[[79.3384,12.4446],[79.3476,12.4421],[79.3516,12.4431],[79.3551,12.4452],[79.3633,12.4391],[79.3689,12.4426],[79.3773,12.4408],[79.3874,12.4398],[79.4021,12.4345],[79.4026,12.4274],[79.4074,12.4205],[79.4116,12.417],[79.4111,12.4089],[79.4171,12.4067],[79.4214,12.4097],[79.4301,12.402],[79.4334,12.4049],[79.4353,12.4093],[79.4423,12.4068],[79.4397,12.3973],[79.4394,12.3919],[79.4427,12.3896],[79.4451,12.393],[79.4498,12.3948],[79.4508,12.3907],[79.4499,12.3779],[79.4603,12.3745],[79.4675,12.3733],[79.4752,12.3656],[79.4864,12.3705],[79.4898,12.3737],[79.4931,12.3723],[79.4947,12.3692],[79.4906,12.3585],[79.4918,12.3498],[79.5021,12.3459],[79.5061,12.3475],[79.511,12.3479],[79.5131,12.3538],[79.5164,12.353],[79.5218,12.355],[79.5257,12.3641],[79.5322,12.3684],[79.5382,12.3674],[79.5495,12.3627],[79.5574,12.3641],[79.5669,12.3605],[79.5723,12.3557],[79.5768,12.3565],[79.5821,12.3529],[79.592,12.3493],[79.5987,12.3494],[79.6027,12.3621],[79.6038,12.3698],[79.6078,12.3743],[79.6159,12.3746],[79.6234,12.37],[79.6241,12.3617],[79.6209,12.3547],[79.6204,12.3508],[79.6383,12.343],[79.6448,12.3452],[79.6492,12.343],[79.6506,12.3396],[79.6513,12.3341],[79.6544,12.3328],[79.66,12.3258],[79.6699,12.3199],[79.6853,12.3162],[79.6906,12.3236],[79.6963,12.3242],[79.7012,12.326],[79.7026,12.3345],[79.718,12.336],[79.7281,12.33],[79.7316,12.3308],[79.7379,12.3294],[79.7525,12.3244],[79.7571,12.3271],[79.7608,12.3273],[79.7721,12.3325],[79.7833,12.34],[79.7874,12.3373],[79.7992,12.3362],[79.8034,12.3265],[79.81,12.3265],[79.8118,12.3214],[79.825,12.3105],[79.8298,12.308],[79.8309,12.3039],[79.8358,12.2969],[79.8429,12.2891],[79.8435,12.2817],[79.8427,12.2784],[79.8485,12.2748],[79.8622,12.2625],[79.8654,12.2532],[79.8707,12.2443],[79.8791,12.2388],[79.8869,12.2372],[79.9001,12.2293],[79.9042,12.2288],[79.9162,12.2337],[79.9255,12.2299],[79.925,12.2356],[79.9261,12.2465],[79.9451,12.2424],[79.9499,12.236],[79.9553,12.2311],[79.9604,12.2335],[79.9722,12.2368],[79.9735,12.2347],[79.9786,12.2378],[79.9861,12.2456],[79.9929,12.2531],[79.9997,12.2574],[80.0048,12.2559],[80.0032,12.2537],[80.0003,12.2464],[79.9948,12.2375],[79.9932,12.2352],[79.9927,12.2361],[79.9926,12.235],[79.9923,12.2334],[79.9903,12.2304],[79.9904,12.2275],[79.9676,12.1933],[79.9605,12.1835],[79.9557,12.1751],[79.9544,12.1739],[79.954,12.1733],[79.954,12.1724],[79.9523,12.1701],[79.9493,12.1652],[79.9481,12.1627],[79.9481,12.162],[79.9481,12.1606],[79.9382,12.1505],[79.938,12.148],[79.9371,12.1464],[79.9338,12.1423],[79.9335,12.1414],[79.9324,12.1402],[79.9296,12.1353],[79.9183,12.118],[79.9141,12.1093],[79.9088,12.1018],[79.908,12.1008],[79.905,12.0958],[79.9036,12.0942],[79.9018,12.0908],[79.8985,12.0858],[79.8974,12.0848],[79.8946,12.081],[79.8918,12.0755],[79.8908,12.0743],[79.8905,12.0739],[79.8882,12.0701],[79.886,12.0652],[79.8824,12.0591],[79.8785,12.0508],[79.8777,12.0498],[79.875,12.0433],[79.875,12.0433],[79.875,12.0433],[79.85,12.0502],[79.8457,12.0383],[79.8457,12.0383],[79.8457,12.0383],[79.845,12.0348],[79.8445,12.0319],[79.8445,12.0319],[79.8445,12.0319],[79.8448,12.0265],[79.8409,12.0132],[79.8409,12.0132],[79.8409,12.0132],[79.8423,12.0106],[79.8579,12.0046],[79.8564,12.0008],[79.8558,12.0027],[79.8552,12.0003],[79.8551,11.9995],[79.8534,11.9928],[79.8484,11.98],[79.8479,11.9798],[79.8475,11.9784],[79.8459,11.9764],[79.8405,11.9568],[79.8405,11.9546],[79.8331,11.9549],[79.8293,11.9552],[79.8261,11.9571],[79.8232,11.961],[79.8214,11.9698],[79.8211,11.9737],[79.8196,11.9776],[79.8148,11.9788],[79.8129,11.978],[79.8103,11.9764],[79.8075,11.9715],[79.8075,11.9715],[79.8073,11.97],[79.8067,11.9622],[79.8054,11.9571],[79.8026,11.9529],[79.7984,11.9582],[79.7938,11.9609],[79.7908,11.9605],[79.7878,11.9612],[79.7868,11.9608],[79.7844,11.9559],[79.7805,11.9536],[79.7793,11.949],[79.7732,11.9448],[79.7629,11.9433],[79.7629,11.9433],[79.7623,11.9322],[79.7626,11.9296],[79.7559,11.9239],[79.7559,11.9239],[79.7556,11.9216],[79.752,11.9216],[79.7517,11.9242],[79.7517,11.9246],[79.7519,11.9418],[79.7519,11.9418],[79.7486,11.9517],[79.7486,11.9616],[79.7294,11.9695],[79.7306,11.9808],[79.7306,11.9817],[79.7328,11.9832],[79.737,11.9817],[79.7419,11.9768],[79.7504,11.9779],[79.7531,11.9814],[79.7574,11.9814],[79.7601,11.9852],[79.764,11.9867],[79.7674,11.9905],[79.7674,11.9905],[79.7674,11.9905],[79.7676,11.9938],[79.7646,12.0005],[79.7496,12.0086],[79.7439,12.0003],[79.7438,12.0003],[79.742,11.9943],[79.7399,11.9922],[79.7348,11.9907],[79.7319,11.9897],[79.7275,11.9899],[79.7248,11.9905],[79.7207,11.9916],[79.7185,11.9943],[79.7164,12.0003],[79.7166,12.0003],[79.7166,12.0003],[79.7166,12.0003],[79.7103,12.0069],[79.7056,12.0105],[79.7053,12.0153],[79.7072,12.0253],[79.7072,12.0253],[79.7072,12.0253],[79.7064,12.0316],[79.6938,12.0334],[79.6913,12.027],[79.6863,12.0258],[79.6837,12.0214],[79.678,12.0205],[79.6741,12.011],[79.6672,12.0124],[79.6621,12.0113],[79.662,12.0099],[79.6618,12.0074],[79.6592,12.0068],[79.6592,12.0068],[79.6592,12.0004],[79.6591,12.0004],[79.6572,11.9899],[79.6572,11.9899],[79.6572,11.9899],[79.659,11.9873],[79.6661,11.9861],[79.6745,11.9912],[79.6763,11.987],[79.6802,11.9817],[79.686,11.9889],[79.6883,11.9866],[79.6924,11.9882],[79.696,11.987],[79.6991,11.9889],[79.7018,11.9882],[79.7049,11.9899],[79.7097,11.9893],[79.714,11.9863],[79.7141,11.9843],[79.7102,11.9753],[79.7102,11.9753],[79.7102,11.9753],[79.7169,11.9707],[79.7165,11.9664],[79.7081,11.965],[79.7016,11.9615],[79.7004,11.9594],[79.6981,11.9607],[79.6964,11.9576],[79.6926,11.9536],[79.6926,11.9536],[79.6926,11.9536],[79.6931,11.9508],[79.6991,11.9415],[79.7052,11.9405],[79.707,11.9388],[79.7078,11.9355],[79.7128,11.931],[79.7128,11.931],[79.7128,11.931],[79.7111,11.9344],[79.7095,11.9402],[79.7096,11.9456],[79.7115,11.9467],[79.721,11.943],[79.7191,11.9273],[79.7191,11.9273],[79.7191,11.9273],[79.74,11.9059],[79.7326,11.9036],[79.7311,11.9011],[79.7311,11.9011],[79.7311,11.9011],[79.732,11.8912],[79.7305,11.8894],[79.7234,11.8883],[79.7195,11.889],[79.7168,11.8909],[79.7066,11.8927],[79.7067,11.9121],[79.7176,11.9128],[79.7176,11.9128],[79.7176,11.9168],[79.6979,11.919],[79.6949,11.9077],[79.6949,11.9077],[79.6949,11.9077],[79.6974,11.9061],[79.6989,11.9018],[79.695,11.9004],[79.695,11.9004],[79.695,11.9004],[79.6957,11.8962],[79.6949,11.8936],[79.691,11.8936],[79.6838,11.8889],[79.6833,11.8905],[79.6754,11.8916],[79.6741,11.8864],[79.6741,11.8864],[79.6741,11.8799],[79.6741,11.8799],[79.6863,11.8809],[79.6863,11.8809],[79.6863,11.8809],[79.686,11.8841],[79.6882,11.8842],[79.6894,11.8825],[79.69,11.8816],[79.69,11.8799],[79.69,11.8669],[79.6918,11.862],[79.6954,11.8594],[79.6958,11.8432],[79.6988,11.8396],[79.7027,11.8312],[79.6856,11.8324],[79.6858,11.8279],[79.6895,11.828],[79.6906,11.8196],[79.6866,11.8207],[79.6834,11.8122],[79.6834,11.8122],[79.6817,11.8125],[79.676,11.8137],[79.6754,11.8063],[79.6754,11.8063],[79.6754,11.8063],[79.6687,11.8095],[79.665,11.8097],[79.6617,11.8085],[79.6546,11.8017],[79.647,11.7976],[79.6428,11.7977],[79.6364,11.7999],[79.6192,11.8217],[79.616,11.8242],[79.6083,11.8269],[79.6047,11.8292],[79.5993,11.8336],[79.593,11.8391],[79.5872,11.8409],[79.5811,11.8405],[79.5728,11.8377],[79.568,11.8382],[79.563,11.8401],[79.5433,11.8478],[79.5384,11.8511],[79.5271,11.8558],[79.5219,11.8568],[79.5153,11.8553],[79.4984,11.8618],[79.4923,11.8638],[79.4761,11.8686],[79.4644,11.8702],[79.4557,11.87],[79.4561,11.8659],[79.454,11.8634],[79.4513,11.8546],[79.4528,11.8515],[79.4532,11.8475],[79.4559,11.8456],[79.4582,11.845],[79.4709,11.8468],[79.4719,11.8444],[79.4697,11.8427],[79.4712,11.8379],[79.47,11.8323],[79.4762,11.8354],[79.4787,11.835],[79.4809,11.8324],[79.4823,11.8291],[79.4782,11.821],[79.4814,11.8153],[79.4828,11.8129],[79.4837,11.8097],[79.4841,11.8082],[79.4845,11.807],[79.4745,11.8039],[79.4731,11.7979],[79.4654,11.7989],[79.4644,11.8067],[79.4614,11.8076],[79.4432,11.8078],[79.4385,11.7863],[79.4365,11.7812],[79.4335,11.7817],[79.4315,11.7759],[79.4358,11.7737],[79.4349,11.767],[79.4429,11.767],[79.4412,11.7632],[79.4468,11.7615],[79.4499,11.7617],[79.4513,11.7631],[79.452,11.7666],[79.4547,11.7683],[79.463,11.7684],[79.4661,11.7669],[79.4636,11.7631],[79.4633,11.7598],[79.4637,11.7523],[79.4645,11.7483],[79.4634,11.743],[79.4606,11.7385],[79.4538,11.7335],[79.4464,11.7312],[79.4411,11.733],[79.4374,11.7334],[79.433,11.7328],[79.4292,11.7303],[79.4362,11.7211],[79.4371,11.7129],[79.4355,11.7028],[79.436,11.698],[79.4386,11.6933],[79.4404,11.6917],[79.442,11.6903],[79.4433,11.6848],[79.4436,11.6741],[79.4451,11.664],[79.4397,11.6652],[79.4368,11.6647],[79.4333,11.6627],[79.4297,11.666],[79.4224,11.6643],[79.4203,11.6685],[79.3955,11.675],[79.3946,11.6785],[79.3829,11.6787],[79.3613,11.6706],[79.3613,11.6661],[79.3632,11.6598],[79.3514,11.6573],[79.3459,11.6581],[79.3435,11.6596],[79.337,11.6603],[79.3327,11.6587],[79.3293,11.65],[79.3215,11.6475],[79.3205,11.6441],[79.3172,11.6415],[79.3135,11.6428],[79.3121,11.6401],[79.3108,11.6331],[79.2973,11.6343],[79.2971,11.6419],[79.2938,11.6451],[79.2898,11.6478],[79.2861,11.648],[79.2791,11.6455],[79.2746,11.6462],[79.2716,11.6456],[79.2716,11.642],[79.2634,11.6473],[79.2583,11.6496],[79.2533,11.6508],[79.2499,11.6501],[79.2491,11.6465],[79.2394,11.64],[79.2359,11.6274],[79.2314,11.629],[79.2266,11.6313],[79.224,11.6343],[79.2227,11.6385],[79.2168,11.6384],[79.2113,11.6341],[79.2112,11.6276],[79.2123,11.6225],[79.2125,11.6211],[79.2106,11.6183],[79.2044,11.6143],[79.2041,11.611],[79.2003,11.6113],[79.1941,11.6013],[79.1939,11.5948],[79.1849,11.5858],[79.1805,11.5867],[79.1693,11.5925],[79.1639,11.5954],[79.1542,11.5973],[79.15,11.5923],[79.149,11.5899],[79.1463,11.5881],[79.1406,11.5882],[79.1366,11.5906],[79.1319,11.5961],[79.1274,11.5963],[79.1246,11.5992],[79.1173,11.5981],[79.1205,11.6058],[79.1168,11.6061],[79.1165,11.6116],[79.1147,11.6135],[79.1085,11.6141],[79.1057,11.6133],[79.1042,11.6116],[79.1019,11.6132],[79.097,11.621],[79.0884,11.6285],[79.0869,11.6298],[79.0859,11.6327],[79.0827,11.6314],[79.0806,11.6287],[79.0704,11.6294],[79.0704,11.6231],[79.0716,11.6173],[79.0716,11.6173],[79.0718,11.6096],[79.0746,11.6074],[79.0784,11.6068],[79.0786,11.5974],[79.0751,11.5975],[79.0678,11.5959],[79.0671,11.5928],[79.0589,11.5908],[79.058,11.5882],[79.0551,11.5857],[79.0492,11.5863],[79.0455,11.5884],[79.05,11.5948],[79.0477,11.5976],[79.0444,11.5974],[79.0375,11.5985],[79.0314,11.6012],[79.0245,11.6033],[79.0181,11.6044],[79.0142,11.6023],[79.0144,11.5985],[79.0158,11.5966],[79.0184,11.5916],[79.0151,11.5832],[79.0117,11.5817],[79.0088,11.5816],[79.007,11.5762],[79,11.5732],[78.9941,11.5749],[78.9917,11.571],[78.9749,11.5693],[78.9746,11.5742],[78.9621,11.5709],[78.9496,11.5706],[78.9451,11.5698],[78.9357,11.5645],[78.9303,11.5651],[78.9235,11.5646],[78.9195,11.5469],[78.9148,11.5313],[78.9179,11.5291],[78.9165,11.5252],[78.913,11.5227],[78.9081,11.5123],[78.9051,11.5023],[78.8774,11.5048],[78.8758,11.505],[78.8758,11.505],[78.8728,11.5075],[78.8717,11.5129],[78.8677,11.5143],[78.8624,11.5175],[78.8589,11.519],[78.8544,11.5194],[78.8507,11.5184],[78.8449,11.5196],[78.8389,11.5223],[78.836,11.5255],[78.8358,11.5382],[78.8315,11.5407],[78.8272,11.5418],[78.8215,11.5413],[78.8164,11.5444],[78.816,11.5457],[78.8167,11.5561],[78.8183,11.5602],[78.8227,11.5672],[78.8264,11.5706],[78.8267,11.5733],[78.8286,11.5763],[78.8234,11.5799],[78.8215,11.5839],[78.817,11.5851],[78.8171,11.5879],[78.8062,11.5902],[78.7962,11.5942],[78.7964,11.5966],[78.7902,11.5966],[78.7794,11.6036],[78.7787,11.6082],[78.7823,11.6115],[78.7872,11.611],[78.7887,11.6152],[78.7888,11.6196],[78.7904,11.6218],[78.7871,11.6366],[78.7794,11.6329],[78.7764,11.6351],[78.7796,11.6399],[78.7851,11.6452],[78.7955,11.651],[78.7968,11.6545],[78.8037,11.6568],[78.8063,11.6592],[78.8046,11.6628],[78.8043,11.685],[78.8008,11.6872],[78.7937,11.6887],[78.7859,11.696],[78.7819,11.6986],[78.7734,11.6958],[78.7656,11.6906],[78.7609,11.6892],[78.7568,11.6896],[78.7465,11.6877],[78.7346,11.6871],[78.73,11.6835],[78.7254,11.6839],[78.7189,11.6807],[78.7151,11.6806],[78.7073,11.6858],[78.7004,11.6856],[78.6946,11.6846],[78.6901,11.683],[78.6867,11.6795],[78.6831,11.6786],[78.6806,11.6764],[78.6789,11.6716],[78.6776,11.6667],[78.6779,11.6636],[78.6829,11.6632],[78.6786,11.6599],[78.6786,11.6551],[78.6804,11.6414],[78.6789,11.6397],[78.6749,11.6397],[78.6601,11.6442],[78.6605,11.6568],[78.6546,11.6578],[78.6474,11.6557],[78.651,11.6635],[78.6506,11.6796],[78.6518,11.6884],[78.6529,11.7116],[78.648,11.7132],[78.6384,11.718],[78.6389,11.7365],[78.6424,11.7443],[78.6439,11.7499],[78.641,11.7599],[78.6513,11.7685],[78.6634,11.7757],[78.6635,11.7862],[78.6657,11.7904],[78.6689,11.794],[78.6733,11.7962],[78.6903,11.7986],[78.6918,11.8067],[78.6907,11.8154],[78.694,11.8352],[78.6948,11.8455],[78.6905,11.8482],[78.6865,11.8524],[78.6751,11.8529],[78.66,11.8526],[78.6587,11.858],[78.6513,11.8615],[78.644,11.8605],[78.6329,11.8607],[78.627,11.8635],[78.6293,11.8671],[78.6331,11.8684],[78.6356,11.8713],[78.6365,11.8746],[78.6341,11.8812],[78.6364,11.8838],[78.6414,11.8818],[78.6553,11.8789],[78.656,11.8843],[78.6594,11.8881],[78.6657,11.8906],[78.6713,11.8907],[78.6824,11.8967],[78.6883,11.8979],[78.69,11.8934],[78.693,11.89],[78.6956,11.8893],[78.7039,11.8896],[78.7064,11.8904],[78.7086,11.8965],[78.7131,11.9028],[78.7221,11.9117],[78.7245,11.9153],[78.7205,11.9208],[78.7149,11.9266],[78.7124,11.9256],[78.7054,11.9338],[78.7073,11.9397],[78.707,11.9434],[78.7125,11.9457],[78.7114,11.9601],[78.7175,11.9798],[78.7279,11.9813],[78.7329,11.9806],[78.7384,11.9817],[78.7363,11.9849],[78.7415,11.9882],[78.7443,11.9914],[78.7466,11.997],[78.7509,12.0003],[78.758,12.0058],[78.7606,12.0093],[78.764,12.0093],[78.7667,12.0079],[78.7727,12.0067],[78.7829,12.0077],[78.7966,12.0115],[78.8068,12.0171],[78.8137,12.0132],[78.82,12.0078],[78.8284,12.0075],[78.8416,12.0087],[78.8646,12.015],[78.8689,12.0176],[78.8758,12.0234],[78.8798,12.0247],[78.8843,12.0243],[78.8866,12.023],[78.8946,12.0208],[78.9013,12.0153],[78.9177,12.0141],[78.9256,12.022],[78.9296,12.0278],[78.9333,12.0319],[78.9369,12.0376],[78.9427,12.0426],[78.9458,12.0524],[78.9607,12.0666],[78.9644,12.0663],[78.9683,12.0648],[78.9725,12.0644],[78.9772,12.066],[78.9827,12.0659],[78.9881,12.0625],[78.9911,12.0571],[78.9953,12.0498],[78.9944,12.062],[78.9973,12.0674],[79.0001,12.0662],[79.0066,12.0654],[79.0133,12.0633],[79.0173,12.0634],[79.0188,12.0653],[79.0312,12.0637],[79.031,12.0613],[79.03,12.0607],[79.0214,12.055],[79.0245,12.0466],[79.0272,12.0449],[79.0315,12.0443],[79.0395,12.0417],[79.0458,12.0362],[79.0516,12.0359],[79.0541,12.0372],[79.0606,12.0511],[79.0666,12.0508],[79.0684,12.0533],[79.0678,12.0564],[79.0622,12.061],[79.0625,12.0646],[79.0663,12.0698],[79.0724,12.0701],[79.0801,12.0726],[79.0837,12.0753],[79.0868,12.0801],[79.0931,12.0757],[79.0989,12.0685],[79.0991,12.0651],[79.0936,12.0565],[79.0921,12.0508],[79.0892,12.0442],[79.0841,12.0435],[79.0786,12.0463],[79.0781,12.0415],[79.0801,12.0319],[79.0843,12.0293],[79.0892,12.0306],[79.0937,12.0305],[79.0968,12.0249],[79.0996,12.0226],[79.1079,12.0212],[79.1108,12.0242],[79.1143,12.0252],[79.1212,12.0197],[79.1278,12.0199],[79.1345,12.0243],[79.1363,12.0266],[79.1398,12.0389],[79.1435,12.0416],[79.1496,12.0425],[79.1672,12.0315],[79.1717,12.0303],[79.1745,12.0308],[79.1762,12.0331],[79.177,12.0485],[79.1795,12.0497],[79.1836,12.0482],[79.1906,12.0488],[79.1979,12.0585],[79.2007,12.0691],[79.2059,12.0681],[79.2096,12.0691],[79.2222,12.0627],[79.2354,12.0618],[79.2417,12.067],[79.2423,12.0702],[79.2393,12.0759],[79.2455,12.0787],[79.2504,12.0785],[79.2611,12.0813],[79.2689,12.0947],[79.2685,12.1019],[79.2708,12.1035],[79.2779,12.1059],[79.2792,12.1124],[79.2795,12.1232],[79.278,12.1258],[79.274,12.1281],[79.26,12.13],[79.2599,12.1343],[79.2557,12.1353],[79.2546,12.1386],[79.2494,12.1394],[79.248,12.1464],[79.2449,12.1478],[79.2388,12.1487],[79.2373,12.1541],[79.2142,12.1659],[79.2123,12.1693],[79.2132,12.1751],[79.216,12.1829],[79.2131,12.1868],[79.2128,12.1907],[79.215,12.1931],[79.2174,12.198],[79.22,12.1977],[79.2227,12.1902],[79.2236,12.1828],[79.2352,12.1826],[79.2355,12.1859],[79.2341,12.189],[79.235,12.1966],[79.2323,12.1998],[79.2276,12.2031],[79.2187,12.2074],[79.217,12.21],[79.2189,12.2131],[79.2358,12.2118],[79.2378,12.2136],[79.2372,12.2162],[79.2276,12.2187],[79.2273,12.2205],[79.2364,12.2284],[79.2395,12.2344],[79.2427,12.2351],[79.2481,12.2393],[79.242,12.2452],[79.2383,12.2503],[79.2389,12.2541],[79.2444,12.257],[79.2439,12.2607],[79.2425,12.263],[79.2472,12.2766],[79.2515,12.274],[79.2573,12.2735],[79.2588,12.277],[79.2619,12.2755],[79.2726,12.2906],[79.2784,12.2898],[79.28,12.2908],[79.2809,12.2925],[79.2757,12.3037],[79.2766,12.3052],[79.2812,12.3046],[79.2852,12.3058],[79.2884,12.3097],[79.288,12.3136],[79.2902,12.3157],[79.29,12.3177],[79.2867,12.3193],[79.271,12.3198],[79.2646,12.3223],[79.2601,12.3206],[79.2513,12.3225],[79.247,12.3157],[79.239,12.3151],[79.2349,12.3158],[79.2331,12.3197],[79.2348,12.3236],[79.2359,12.3272],[79.2317,12.3297],[79.2228,12.3302],[79.2207,12.3356],[79.2144,12.3386],[79.2008,12.3397],[79.2007,12.3422],[79.2054,12.3437],[79.2101,12.3431],[79.2151,12.3439],[79.2223,12.3467],[79.2262,12.3447],[79.2289,12.3408],[79.2348,12.3417],[79.2401,12.3461],[79.241,12.3508],[79.2345,12.3549],[79.2322,12.3573],[79.2335,12.3609],[79.2279,12.3637],[79.2269,12.3669],[79.2295,12.3712],[79.2352,12.3689],[79.2377,12.3668],[79.2412,12.3683],[79.2487,12.3783],[79.2482,12.3891],[79.2408,12.3974],[79.2366,12.3997],[79.2267,12.4008],[79.2331,12.4287],[79.2355,12.4357],[79.238,12.4403],[79.2401,12.4413],[79.246,12.4415],[79.2479,12.4454],[79.2763,12.446],[79.2968,12.4416],[79.3079,12.4386],[79.3114,12.4406],[79.3173,12.4425],[79.3234,12.4482],[79.327,12.4494],[79.3384,12.4446]],[[79.6277,12.0304],[79.6277,12.0304],[79.6277,12.0304],[79.6294,12.0208],[79.6223,12.0143],[79.6205,12.0093],[79.6205,12.0093],[79.6205,12.0093],[79.6205,12.0052],[79.6197,12.0004],[79.6197,12.0004],[79.6197,12.0004],[79.6221,11.998],[79.6275,11.9981],[79.625,11.988],[79.619,11.9873],[79.619,11.9873],[79.619,11.9873],[79.6194,11.9828],[79.626,11.9807],[79.6272,11.9753],[79.6184,11.9701],[79.6184,11.9701],[79.6184,11.9701],[79.6285,11.968],[79.63,11.9564],[79.6285,11.9535],[79.6285,11.9535],[79.6285,11.9535],[79.6296,11.948],[79.6294,11.9441],[79.6248,11.9432],[79.6205,11.9441],[79.6205,11.9441],[79.6199,11.9399],[79.6199,11.9399],[79.6199,11.9399],[79.62,11.9317],[79.6201,11.9244],[79.6201,11.9244],[79.6201,11.9244],[79.6273,11.9216],[79.6292,11.9195],[79.6295,11.9161],[79.628,11.9044],[79.6265,11.9024],[79.6265,11.9024],[79.6265,11.9024],[79.633,11.9009],[79.6418,11.9012],[79.6418,11.9012],[79.6418,11.9024],[79.642,11.9047],[79.6445,11.9076],[79.6495,11.9066],[79.656,11.9073],[79.6568,11.9129],[79.6627,11.9113],[79.6629,11.914],[79.6629,11.914],[79.6629,11.914],[79.6614,11.9161],[79.67,11.917],[79.6703,11.9144],[79.6725,11.9147],[79.6725,11.9147],[79.6725,11.9147],[79.6719,11.9223],[79.6692,11.9229],[79.6713,11.9328],[79.6713,11.9328],[79.6713,11.9328],[79.671,11.9343],[79.6687,11.9371],[79.6669,11.9375],[79.6651,11.9362],[79.6613,11.9375],[79.6613,11.9405],[79.6613,11.9405],[79.6593,11.9414],[79.6592,11.9441],[79.6592,11.9441],[79.6572,11.9449],[79.6582,11.9479],[79.6582,11.9479],[79.6582,11.9479],[79.654,11.9463],[79.6524,11.9431],[79.6454,11.942],[79.6435,11.9447],[79.6432,11.9464],[79.6436,11.9519],[79.6437,11.9533],[79.6453,11.9526],[79.6488,11.9532],[79.6488,11.9532],[79.6488,11.9532],[79.6474,11.9569],[79.6491,11.9603],[79.6491,11.9603],[79.6491,11.9603],[79.6485,11.9665],[79.6456,11.9693],[79.6417,11.9697],[79.6416,11.9733],[79.6379,11.9771],[79.6405,11.9902],[79.6405,11.9902],[79.6405,11.9902],[79.6362,11.9925],[79.6366,11.9964],[79.6426,11.9974],[79.6434,12.0004],[79.6444,12.0056],[79.6487,12.006],[79.6509,12.0173],[79.6532,12.0206],[79.6543,12.0238],[79.6543,12.0238],[79.6543,12.0238],[79.6508,12.0279],[79.6396,12.0298],[79.6354,12.029],[79.6277,12.0304]],[[79.6228,11.8901],[79.6194,11.8838],[79.6085,11.8773],[79.602,11.8826],[79.5998,11.8798],[79.5998,11.8798],[79.5998,11.8798],[79.6015,11.8777],[79.6005,11.8754],[79.6005,11.8754],[79.6005,11.8754],[79.6007,11.8726],[79.601,11.8704],[79.6031,11.8663],[79.6024,11.8565],[79.6024,11.8565],[79.6024,11.8565],[79.6124,11.8601],[79.6124,11.8601],[79.6124,11.8624],[79.6197,11.8604],[79.6204,11.8633],[79.6204,11.8633],[79.6204,11.8633],[79.6196,11.8676],[79.629,11.8672],[79.6268,11.8524],[79.6268,11.8524],[79.6268,11.8524],[79.6335,11.8529],[79.6399,11.8504],[79.6455,11.8492],[79.6502,11.849],[79.6531,11.8501],[79.6558,11.8516],[79.6582,11.8553],[79.6643,11.8603],[79.6643,11.8603],[79.6643,11.8603],[79.6629,11.8668],[79.6602,11.8667],[79.6566,11.8708],[79.6492,11.8703],[79.6494,11.8746],[79.6494,11.8746],[79.6486,11.8773],[79.6499,11.8803],[79.6499,11.8803],[79.6499,11.8803],[79.6421,11.8809],[79.6426,11.8861],[79.6426,11.8861],[79.6367,11.8867],[79.6367,11.8867],[79.6365,11.8847],[79.6362,11.8805],[79.6293,11.8821],[79.6314,11.8881],[79.6314,11.8881],[79.6314,11.8881],[79.6228,11.8901]],[[79.68,11.9723],[79.6785,11.9672],[79.6625,11.9682],[79.6625,11.9682],[79.6625,11.962],[79.6612,11.9621],[79.6612,11.9621],[79.6611,11.9574],[79.6544,11.9585],[79.6544,11.9585],[79.6544,11.9585],[79.6553,11.9536],[79.6599,11.949],[79.6642,11.9503],[79.6718,11.9475],[79.6757,11.9479],[79.6849,11.9531],[79.6849,11.9531],[79.6849,11.9531],[79.6841,11.9623],[79.6851,11.9602],[79.6855,11.9626],[79.6882,11.967],[79.6889,11.9719],[79.6889,11.9719],[79.6889,11.9719],[79.68,11.9723]],[[79.6466,11.8424],[79.6461,11.8344],[79.6437,11.8253],[79.6409,11.8227],[79.6409,11.8227],[79.6409,11.8227],[79.647,11.8198],[79.6463,11.8162],[79.6463,11.8162],[79.6463,11.8162],[79.6588,11.8131],[79.67,11.8149],[79.67,11.8149],[79.6708,11.8228],[79.6708,11.8228],[79.6601,11.8263],[79.6593,11.8282],[79.6595,11.8319],[79.6613,11.8387],[79.6613,11.8387],[79.6613,11.8387],[79.6579,11.8412],[79.6511,11.8431],[79.6488,11.8436],[79.6466,11.8424]],[[79.7931,12.0173],[79.8034,12.0169],[79.8041,12.0204],[79.8067,12.0219],[79.8071,12.0242],[79.8071,12.0242],[79.8071,12.0242],[79.8041,12.0253],[79.7975,12.0256],[79.7915,12.027],[79.7909,12.0185],[79.7909,12.0185],[79.7931,12.0173]]]},"properties":{"district_name":"Viluppuram","raw_district_name":"Viluppuram","state_code":"TN","state_name":"Tamil Nadu","census_code":607,"data_source":"DataMeet India Maps (Census 2011 Boundaries)"}},{"type":"Feature","geometry":{"type":"MultiPolygon","coordinates":[[[[78.1277,9.7695],[78.1284,9.7627],[78.1339,9.7646],[78.1386,9.7617],[78.1393,9.7577],[78.1427,9.7572],[78.1488,9.7562],[78.1516,9.7533],[78.1531,9.7523],[78.1631,9.756],[78.1641,9.7494],[78.1725,9.7478],[78.1737,9.7491],[78.1779,9.7536],[78.1849,9.7559],[78.1892,9.7599],[78.199,9.7672],[78.2028,9.7631],[78.2044,9.7631],[78.2062,9.7648],[78.21,9.7798],[78.2151,9.7782],[78.2273,9.7652],[78.2336,9.7622],[78.2387,9.7574],[78.2473,9.7574],[78.2521,9.7527],[78.2617,9.7479],[78.2657,9.7446],[78.276,9.739],[78.2756,9.7309],[78.2793,9.729],[78.2783,9.7258],[78.273,9.7285],[78.2732,9.7243],[78.272,9.7223],[78.2768,9.7205],[78.2769,9.7166],[78.2798,9.7144],[78.2771,9.7067],[78.2747,9.7068],[78.2739,9.7005],[78.2777,9.6984],[78.2766,9.6926],[78.2685,9.6959],[78.2687,9.6939],[78.2718,9.6917],[78.2726,9.6889],[78.2756,9.6855],[78.2784,9.6841],[78.2802,9.6826],[78.2819,9.6813],[78.2854,9.6807],[78.2849,9.6775],[78.3025,9.6763],[78.3027,9.6789],[78.3015,9.6837],[78.303,9.6861],[78.303,9.6877],[78.2998,9.6879],[78.2983,9.6889],[78.2962,9.6914],[78.2986,9.6969],[78.3006,9.7001],[78.3045,9.7038],[78.3067,9.7087],[78.3088,9.7145],[78.313,9.7208],[78.3157,9.7247],[78.3227,9.7311],[78.3237,9.7419],[78.3261,9.742],[78.3269,9.7384],[78.327,9.7339],[78.3275,9.7308],[78.3288,9.726],[78.3284,9.7234],[78.3276,9.7219],[78.3246,9.7172],[78.3206,9.7071],[78.3204,9.7044],[78.3212,9.7028],[78.3239,9.7004],[78.3254,9.698],[78.3278,9.6944],[78.3303,9.692],[78.3333,9.6897],[78.335,9.6876],[78.3367,9.6861],[78.3436,9.6817],[78.341,9.679],[78.3432,9.6747],[78.3432,9.6747],[78.3439,9.6728],[78.3355,9.6676],[78.3389,9.6627],[78.3422,9.6588],[78.3462,9.6587],[78.3516,9.6645],[78.3578,9.6567],[78.3646,9.6544],[78.3755,9.6575],[78.383,9.6551],[78.3931,9.6491],[78.3929,9.6399],[78.3895,9.631],[78.4013,9.6232],[78.4156,9.6179],[78.4166,9.6118],[78.4167,9.6018],[78.4186,9.5959],[78.4126,9.5873],[78.4006,9.5935],[78.4003,9.581],[78.3794,9.5747],[78.3776,9.5727],[78.3685,9.5716],[78.3697,9.5682],[78.3768,9.5663],[78.3753,9.5556],[78.3787,9.5534],[78.3784,9.5373],[78.3878,9.5356],[78.3882,9.5268],[78.3856,9.5223],[78.3842,9.5161],[78.366,9.5174],[78.3488,9.5148],[78.3328,9.5236],[78.327,9.5181],[78.3265,9.5124],[78.3325,9.5081],[78.3329,9.506],[78.3304,9.4953],[78.3303,9.4872],[78.3332,9.4835],[78.3304,9.479],[78.3326,9.4764],[78.3344,9.4705],[78.3405,9.4712],[78.3425,9.4697],[78.3501,9.4691],[78.3533,9.4662],[78.3558,9.4604],[78.3514,9.459],[78.3475,9.4627],[78.3432,9.465],[78.3359,9.4652],[78.3321,9.4621],[78.3281,9.4619],[78.3176,9.4656],[78.3119,9.463],[78.3069,9.4587],[78.301,9.4589],[78.2998,9.4565],[78.3061,9.4497],[78.3067,9.4446],[78.3033,9.4406],[78.2953,9.4402],[78.2756,9.4456],[78.2592,9.4452],[78.2199,9.4442],[78.2155,9.433],[78.2209,9.4288],[78.2222,9.4224],[78.2212,9.4188],[78.2242,9.4162],[78.2251,9.4101],[78.2442,9.4051],[78.2434,9.3958],[78.2459,9.3947],[78.2449,9.3769],[78.2496,9.3787],[78.2529,9.376],[78.2582,9.3735],[78.2629,9.3776],[78.2648,9.3831],[78.2694,9.3836],[78.271,9.3862],[78.2764,9.383],[78.2802,9.3832],[78.2823,9.3881],[78.2966,9.3887],[78.296,9.3809],[78.2987,9.3789],[78.301,9.3829],[78.3065,9.383],[78.307,9.3758],[78.3225,9.3749],[78.3278,9.3711],[78.3375,9.3658],[78.3419,9.3605],[78.344,9.3565],[78.3416,9.3509],[78.3439,9.3476],[78.3475,9.3454],[78.3541,9.334],[78.362,9.3283],[78.3709,9.3242],[78.3766,9.3181],[78.3774,9.3092],[78.3745,9.3045],[78.3629,9.3021],[78.3624,9.2959],[78.3713,9.2953],[78.3776,9.2917],[78.3794,9.2853],[78.3781,9.2767],[78.3695,9.2798],[78.3573,9.2799],[78.3495,9.2792],[78.3321,9.2615],[78.3227,9.2645],[78.3077,9.2714],[78.3,9.2676],[78.2828,9.2751],[78.2839,9.2863],[78.2702,9.2915],[78.2557,9.2936],[78.2397,9.2931],[78.2254,9.296],[78.2148,9.3027],[78.2132,9.3093],[78.2131,9.3172],[78.2103,9.3183],[78.2108,9.3252],[78.1907,9.3305],[78.1859,9.3325],[78.1858,9.3353],[78.1757,9.3372],[78.1762,9.3394],[78.1735,9.341],[78.174,9.344],[78.171,9.3458],[78.1711,9.3494],[78.1695,9.3501],[78.17,9.353],[78.1682,9.3533],[78.1702,9.368],[78.1498,9.3711],[78.1481,9.3693],[78.1404,9.3691],[78.1335,9.3649],[78.1175,9.3616],[78.1028,9.3612],[78.0841,9.3582],[78.0819,9.356],[78.0784,9.3571],[78.0748,9.3606],[78.0721,9.3586],[78.0599,9.3609],[78.0565,9.3573],[78.0526,9.3428],[78.0487,9.3426],[78.0452,9.3371],[78.036,9.3312],[78.0377,9.328],[78.0384,9.3229],[78.0421,9.3207],[78.0433,9.3153],[78.0477,9.3136],[78.051,9.3102],[78.0528,9.3042],[78.0516,9.3029],[78.0453,9.3045],[78.0257,9.3032],[78.0208,9.3052],[78.0128,9.3046],[78.01,9.2997],[78.0122,9.2925],[78.0114,9.2728],[78,9.2701],[77.9943,9.2681],[77.9933,9.2693],[77.9915,9.2697],[77.9916,9.2683],[77.9886,9.2659],[77.9879,9.2597],[77.9862,9.2579],[77.9853,9.2541],[77.9731,9.2501],[77.9655,9.2516],[77.9574,9.2495],[77.9547,9.236],[77.9577,9.2361],[77.9564,9.2294],[77.9484,9.2294],[77.9485,9.2244],[77.9455,9.2186],[77.9311,9.2219],[77.9306,9.2152],[77.9263,9.2105],[77.9247,9.2057],[77.9218,9.2016],[77.9173,9.1997],[77.9122,9.1987],[77.9111,9.2009],[77.9059,9.2012],[77.8814,9.2062],[77.8805,9.2189],[77.8778,9.2189],[77.8774,9.2261],[77.8796,9.2283],[77.888,9.2291],[77.8874,9.2311],[77.8831,9.232],[77.8821,9.2428],[77.8684,9.2438],[77.8583,9.2469],[77.8567,9.2445],[77.854,9.2441],[77.8534,9.2427],[77.8482,9.2422],[77.8403,9.2441],[77.8389,9.242],[77.831,9.2437],[77.8183,9.243],[77.8173,9.2441],[77.809,9.2459],[77.8085,9.2514],[77.8047,9.2541],[77.7978,9.2556],[77.7974,9.2725],[77.7758,9.2768],[77.7745,9.274],[77.775,9.2707],[77.7805,9.2644],[77.7843,9.2649],[77.786,9.2636],[77.7894,9.2633],[77.7883,9.257],[77.7907,9.257],[77.7898,9.2507],[77.7852,9.2479],[77.7839,9.241],[77.7818,9.2374],[77.7754,9.2349],[77.7727,9.2363],[77.7709,9.242],[77.7683,9.2432],[77.7651,9.2479],[77.7604,9.2526],[77.7591,9.2557],[77.7604,9.259],[77.7591,9.2607],[77.7594,9.2662],[77.7564,9.2677],[77.7489,9.2675],[77.7462,9.2667],[77.745,9.264],[77.7425,9.2665],[77.7416,9.2749],[77.7407,9.2747],[77.7396,9.2785],[77.7351,9.2802],[77.7253,9.2802],[77.7241,9.2817],[77.7188,9.2826],[77.7175,9.2853],[77.7129,9.2848],[77.7126,9.2895],[77.6988,9.2889],[77.6975,9.2874],[77.6944,9.2882],[77.6843,9.2878],[77.6827,9.2842],[77.6787,9.2865],[77.6611,9.2844],[77.6613,9.2829],[77.6569,9.2822],[77.6543,9.2832],[77.653,9.2862],[77.646,9.2869],[77.6457,9.2897],[77.6358,9.2928],[77.6254,9.2917],[77.6245,9.2943],[77.6174,9.2952],[77.6171,9.2985],[77.6144,9.298],[77.6139,9.3],[77.609,9.301],[77.6081,9.2996],[77.6045,9.2997],[77.6041,9.3057],[77.5882,9.3076],[77.5886,9.3131],[77.5937,9.3148],[77.5918,9.3438],[77.5899,9.3444],[77.5887,9.3474],[77.5817,9.346],[77.5748,9.3428],[77.5732,9.3441],[77.5753,9.3462],[77.5751,9.3543],[77.5609,9.3529],[77.549,9.3664],[77.5532,9.3709],[77.5465,9.3717],[77.531,9.3758],[77.5301,9.3615],[77.5268,9.359],[77.521,9.3594],[77.5204,9.3581],[77.528,9.3504],[77.5247,9.338],[77.5224,9.335],[77.5192,9.3337],[77.5113,9.3337],[77.5094,9.331],[77.5053,9.3343],[77.4969,9.3341],[77.4962,9.3378],[77.489,9.3386],[77.4888,9.3373],[77.4765,9.3404],[77.4734,9.3279],[77.4657,9.3299],[77.4624,9.3317],[77.4601,9.3313],[77.4587,9.3327],[77.465,9.3462],[77.4677,9.347],[77.4658,9.3487],[77.4552,9.351],[77.4547,9.3491],[77.441,9.3542],[77.4427,9.3612],[77.4382,9.3618],[77.4387,9.3662],[77.4415,9.3654],[77.4428,9.3667],[77.4463,9.3654],[77.4521,9.3699],[77.4496,9.3743],[77.4458,9.3731],[77.4421,9.3761],[77.4401,9.3825],[77.4365,9.3846],[77.4346,9.3876],[77.4341,9.3911],[77.4313,9.3926],[77.4239,9.3917],[77.4231,9.3929],[77.4228,9.396],[77.4208,9.3982],[77.4114,9.3943],[77.4059,9.394],[77.402,9.393],[77.3952,9.3933],[77.3893,9.3908],[77.3829,9.3981],[77.3823,9.4],[77.3802,9.3994],[77.3755,9.3995],[77.3713,9.4052],[77.3671,9.4047],[77.3632,9.407],[77.3615,9.4104],[77.3578,9.4113],[77.3548,9.4103],[77.3503,9.4113],[77.3494,9.4142],[77.3467,9.4169],[77.3406,9.4173],[77.3466,9.4243],[77.3483,9.4305],[77.3511,9.4331],[77.3507,9.4402],[77.3594,9.4496],[77.3619,9.4545],[77.3681,9.4589],[77.373,9.4571],[77.3767,9.4529],[77.3801,9.4525],[77.3842,9.4532],[77.3888,9.4545],[77.3951,9.46],[77.3939,9.4679],[77.3987,9.4705],[77.4033,9.4767],[77.4005,9.4791],[77.4004,9.4884],[77.4019,9.4955],[77.4043,9.5003],[77.4127,9.5059],[77.4113,9.5137],[77.4065,9.514],[77.4028,9.5161],[77.4031,9.5261],[77.4093,9.529],[77.4128,9.5314],[77.4167,9.5353],[77.4241,9.5395],[77.429,9.5461],[77.442,9.5454],[77.4463,9.5436],[77.4487,9.5451],[77.4574,9.5396],[77.4596,9.5411],[77.4638,9.545],[77.4771,9.5492],[77.4796,9.5514],[77.4799,9.5539],[77.4778,9.5595],[77.4784,9.5626],[77.4784,9.5626],[77.482,9.5631],[77.485,9.5663],[77.4854,9.5698],[77.4876,9.5714],[77.4917,9.5712],[77.4942,9.5722],[77.4989,9.5766],[77.5005,9.5827],[77.4996,9.5882],[77.5056,9.5995],[77.5079,9.602],[77.5115,9.6025],[77.5147,9.6103],[77.5165,9.6121],[77.5209,9.6309],[77.5197,9.6336],[77.5204,9.6382],[77.5266,9.6442],[77.5275,9.6479],[77.5334,9.6522],[77.5361,9.6533],[77.5381,9.6575],[77.5441,9.6597],[77.5474,9.6569],[77.5471,9.6534],[77.5446,9.6485],[77.5447,9.6458],[77.5511,9.6446],[77.5581,9.6487],[77.5637,9.6572],[77.569,9.6603],[77.5757,9.6622],[77.5777,9.6644],[77.5793,9.6683],[77.5866,9.666],[77.5937,9.68],[77.5999,9.6841],[77.5998,9.6857],[77.6032,9.6867],[77.6035,9.6914],[77.6113,9.6978],[77.6171,9.6945],[77.619,9.6985],[77.6232,9.6993],[77.6247,9.7015],[77.6307,9.7065],[77.6333,9.7027],[77.6374,9.702],[77.6442,9.7053],[77.6459,9.7008],[77.6476,9.701],[77.6466,9.6972],[77.6481,9.6965],[77.6498,9.6975],[77.6511,9.6943],[77.6517,9.6907],[77.6535,9.6872],[77.6518,9.6839],[77.6523,9.6818],[77.6569,9.6809],[77.6582,9.6788],[77.66,9.6791],[77.6615,9.6813],[77.6694,9.6767],[77.6791,9.6812],[77.6816,9.6769],[77.6851,9.6778],[77.6857,9.6842],[77.6961,9.6923],[77.6956,9.6968],[77.7017,9.6981],[77.7007,9.6926],[77.7028,9.6905],[77.7088,9.6905],[77.7121,9.696],[77.7111,9.7038],[77.7253,9.6932],[77.7296,9.6915],[77.7348,9.6919],[77.7605,9.6818],[77.7614,9.6836],[77.7629,9.6836],[77.7633,9.6806],[77.7652,9.6798],[77.7663,9.6757],[77.7685,9.6727],[77.768,9.6663],[77.7704,9.6649],[77.7706,9.6621],[77.7663,9.6608],[77.7701,9.6506],[77.7762,9.6404],[77.7911,9.6389],[77.7929,9.6386],[77.7969,9.6484],[77.8071,9.6419],[77.8116,9.6405],[77.8183,9.6412],[77.8336,9.6356],[77.8438,9.6355],[77.8476,9.6502],[77.8688,9.6475],[77.8915,9.6418],[77.8925,9.6352],[77.8946,9.6294],[77.8994,9.6256],[77.9022,9.6247],[77.903,9.6286],[77.9053,9.6311],[77.9137,9.6371],[77.9225,9.6373],[77.9256,9.6462],[77.9317,9.6463],[77.9354,9.6483],[77.9492,9.6475],[77.9504,9.6459],[77.9529,9.6463],[77.9539,9.6482],[77.9643,9.6452],[77.9642,9.6386],[77.9668,9.6377],[77.9672,9.6345],[77.9754,9.6303],[77.9813,9.6323],[77.9843,9.635],[77.989,9.6364],[77.9906,9.6404],[77.9927,9.6427],[77.9964,9.642],[78,9.6462],[78.0034,9.6489],[78.0062,9.6487],[78.006,9.6417],[78.0117,9.6391],[78.0155,9.6392],[78.0179,9.645],[78.0229,9.6514],[78.0263,9.6583],[78.0322,9.659],[78.0411,9.6764],[78.062,9.6705],[78.061,9.6599],[78.0663,9.659],[78.0787,9.6598],[78.0838,9.6622],[78.0839,9.6673],[78.0818,9.6713],[78.0843,9.6745],[78.089,9.6755],[78.0894,9.6822],[78.0862,9.6876],[78.0854,9.6923],[78.0802,9.6954],[78.081,9.7056],[78.0778,9.7099],[78.0745,9.7192],[78.0703,9.724],[78.075,9.731],[78.0634,9.7409],[78.0726,9.7523],[78.082,9.7485],[78.0852,9.7589],[78.0935,9.7555],[78.1019,9.7549],[78.1038,9.7613],[78.1044,9.7665],[78.0962,9.7718],[78.0908,9.7765],[78.0924,9.7794],[78.0997,9.7795],[78.1028,9.783],[78.1095,9.7849],[78.122,9.7754],[78.1277,9.7695]]],[[[79.3272,9.2965],[79.3231,9.2876],[79.323,9.286],[79.3216,9.2844],[79.3173,9.2822],[79.3162,9.2804],[79.316,9.2786],[79.3166,9.2764],[79.3174,9.275],[79.3188,9.2741],[79.3201,9.2719],[79.3219,9.2703],[79.3224,9.2687],[79.3233,9.2681],[79.3238,9.2676],[79.3271,9.2625],[79.3276,9.2609],[79.3287,9.2602],[79.3292,9.2586],[79.3311,9.2569],[79.3325,9.2551],[79.3327,9.2542],[79.335,9.2517],[79.3355,9.2515],[79.3356,9.2504],[79.3362,9.249],[79.3375,9.2488],[79.3388,9.247],[79.3392,9.2463],[79.3434,9.243],[79.3439,9.2421],[79.3439,9.2417],[79.3445,9.2414],[79.3462,9.2396],[79.3464,9.239],[79.3473,9.2379],[79.3478,9.2374],[79.3543,9.2316],[79.3545,9.231],[79.3545,9.2305],[79.3601,9.2265],[79.3646,9.2235],[79.3772,9.2139],[79.3876,9.207],[79.4023,9.1951],[79.4047,9.1931],[79.4058,9.1922],[79.4102,9.1893],[79.4166,9.1837],[79.4168,9.1831],[79.4191,9.181],[79.4195,9.1803],[79.421,9.1788],[79.4216,9.1783],[79.4229,9.1754],[79.426,9.1725],[79.4269,9.1699],[79.4256,9.168],[79.4243,9.1668],[79.4231,9.1679],[79.4226,9.1681],[79.4217,9.1706],[79.4207,9.1715],[79.42,9.172],[79.4189,9.1744],[79.4175,9.1753],[79.4173,9.1758],[79.4051,9.1811],[79.4007,9.183],[79.3965,9.1855],[79.3883,9.1905],[79.3826,9.1947],[79.3726,9.2025],[79.3661,9.2064],[79.3654,9.2069],[79.3619,9.2084],[79.3592,9.2108],[79.3575,9.2115],[79.3575,9.212],[79.3544,9.2146],[79.3535,9.2153],[79.3479,9.2181],[79.3396,9.2243],[79.3396,9.2248],[79.3379,9.226],[79.3311,9.2314],[79.326,9.2343],[79.317,9.2378],[79.3138,9.24],[79.3132,9.2403],[79.3127,9.2405],[79.309,9.2426],[79.284,9.2535],[79.2789,9.2557],[79.2729,9.2581],[79.2624,9.2611],[79.2587,9.2613],[79.2396,9.2605],[79.2366,9.261],[79.2353,9.261],[79.2337,9.2602],[79.2287,9.2578],[79.2276,9.2571],[79.226,9.2573],[79.2214,9.2583],[79.2198,9.2583],[79.2174,9.2671],[79.2146,9.2736],[79.2079,9.2776],[79.2056,9.278],[79.2056,9.2832],[79.2061,9.2851],[79.2083,9.2879],[79.2087,9.2883],[79.2106,9.2892],[79.2242,9.2933],[79.2254,9.2931],[79.2331,9.2944],[79.2419,9.2939],[79.2472,9.2935],[79.2548,9.292],[79.2602,9.2915],[79.2643,9.292],[79.2707,9.2935],[79.2759,9.2972],[79.2768,9.2981],[79.2798,9.2991],[79.2798,9.3016],[79.2817,9.3056],[79.2821,9.3064],[79.284,9.3085],[79.2852,9.3096],[79.2863,9.3126],[79.2892,9.3149],[79.2893,9.3153],[79.2899,9.3163],[79.298,9.3201],[79.3114,9.3233],[79.3155,9.3247],[79.3168,9.3249],[79.3177,9.3242],[79.3214,9.3234],[79.3246,9.3212],[79.3316,9.3147],[79.3326,9.3138],[79.3332,9.3129],[79.3337,9.3099],[79.334,9.3039],[79.3336,9.303],[79.3272,9.2965]]],[[[78.9393,9.1874],[78.9393,9.1858],[78.9398,9.1856],[78.9401,9.184],[78.9398,9.1831],[78.9385,9.1817],[78.936,9.1803],[78.9318,9.1792],[78.9224,9.1775],[78.9215,9.1773],[78.9208,9.1766],[78.9186,9.1756],[78.9051,9.1768],[78.9045,9.1781],[78.9046,9.1806],[78.9079,9.1834],[78.9129,9.1853],[78.9174,9.1864],[78.9185,9.1862],[78.9221,9.1865],[78.9279,9.1865],[78.9372,9.1887],[78.9393,9.1874]]],[[[79.0873,9.1928],[79.0855,9.1912],[79.0812,9.1918],[79.0746,9.1945],[79.07,9.1964],[79.0633,9.1988],[79.0623,9.1992],[79.0622,9.2014],[79.0623,9.2024],[79.0632,9.2037],[79.0654,9.2056],[79.0668,9.2061],[79.0711,9.2062],[79.0757,9.2038],[79.0791,9.202],[79.0863,9.1994],[79.0874,9.1985],[79.0884,9.1979],[79.088,9.1956],[79.0873,9.1928]]],[[[78.5766,9.0992],[78.5716,9.0977],[78.5672,9.0992],[78.5671,9.1006],[78.5674,9.1024],[78.5713,9.1065],[78.5728,9.1087],[78.5759,9.1105],[78.582,9.112],[78.5826,9.1111],[78.5844,9.1073],[78.5839,9.1052],[78.5829,9.1034],[78.5766,9.0992]]],[[[79.4671,9.1251],[79.4658,9.1246],[79.4627,9.1249],[79.458,9.1256],[79.4569,9.1263],[79.4566,9.1297],[79.4572,9.1311],[79.4623,9.1327],[79.4656,9.1337],[79.467,9.1333],[79.4684,9.132],[79.4687,9.1311],[79.4689,9.1277],[79.4671,9.1251]]],[[[79.1335,9.2102],[79.1323,9.21],[79.1282,9.2105],[79.127,9.2106],[79.1222,9.2134],[79.1222,9.2139],[79.1218,9.2141],[79.1216,9.2157],[79.1217,9.2161],[79.1222,9.217],[79.1269,9.2188],[79.1294,9.2183],[79.1347,9.2155],[79.1355,9.2121],[79.1348,9.2107],[79.1335,9.2102]]],[[[78.9684,9.181],[78.9677,9.1809],[78.9663,9.1811],[78.9626,9.1826],[78.9622,9.1851],[78.9621,9.1858],[78.963,9.1883],[78.9638,9.189],[78.967,9.1905],[78.9689,9.1909],[78.9728,9.1882],[78.9731,9.1873],[78.9733,9.1832],[78.9684,9.181]]],[[[78.4967,9.0847],[78.4954,9.0816],[78.4924,9.0839],[78.4887,9.0865],[78.4883,9.0883],[78.4876,9.0922],[78.4881,9.0931],[78.4903,9.0943],[78.4921,9.0948],[78.4942,9.0939],[78.4949,9.0933],[78.4952,9.0924],[78.4959,9.0906],[78.4965,9.0894],[78.4968,9.0883],[78.4967,9.0847]]],[[[78.8291,9.171],[78.8293,9.1694],[78.8281,9.1655],[78.8248,9.1623],[78.8243,9.1618],[78.8222,9.1611],[78.8191,9.162],[78.8183,9.1624],[78.8181,9.1644],[78.82,9.169],[78.823,9.1704],[78.8244,9.1702],[78.8262,9.1707],[78.8268,9.1707],[78.8285,9.1714],[78.8291,9.171]]],[[[79.4369,9.1466],[79.4332,9.1465],[79.4305,9.148],[79.4294,9.1495],[79.4294,9.1532],[79.4329,9.1545],[79.4377,9.1553],[79.4391,9.1544],[79.4397,9.1498],[79.4385,9.1476],[79.4378,9.1469],[79.4369,9.1466]]],[[[79.4771,9.1143],[79.4744,9.1143],[79.4729,9.1158],[79.4718,9.1173],[79.4725,9.1204],[79.4765,9.1236],[79.4796,9.1236],[79.4803,9.1221],[79.4811,9.119],[79.4797,9.1159],[79.4771,9.1143]]],[[[78.7096,9.1738],[78.7076,9.1737],[78.705,9.1744],[78.704,9.1764],[78.7044,9.1799],[78.7059,9.182],[78.7094,9.182],[78.712,9.18],[78.712,9.1773],[78.7111,9.1752],[78.7096,9.1738]]],[[[78.5394,9.1014],[78.538,9.1002],[78.5369,9.1005],[78.5337,9.1009],[78.5333,9.1041],[78.5331,9.1054],[78.5338,9.1067],[78.5367,9.1106],[78.5393,9.1082],[78.5403,9.1064],[78.5399,9.1042],[78.5394,9.1014]]],[[[78.7622,9.1563],[78.76,9.1545],[78.7561,9.1553],[78.7554,9.1555],[78.7548,9.1569],[78.7548,9.1588],[78.7557,9.1614],[78.7565,9.1619],[78.7591,9.1629],[78.7598,9.1627],[78.7617,9.1613],[78.7622,9.1591],[78.7625,9.1573],[78.7622,9.1563]]],[[[78.7054,9.1558],[78.7029,9.1557],[78.7003,9.1578],[78.6993,9.1591],[78.6997,9.1612],[78.7007,9.1626],[78.7027,9.1633],[78.7047,9.1634],[78.7063,9.1627],[78.7068,9.1606],[78.7074,9.1586],[78.7064,9.1565],[78.7054,9.1558]]],[[[79.212,9.2432],[79.2087,9.2426],[79.2069,9.2428],[79.207,9.2457],[79.2114,9.2483],[79.2152,9.2492],[79.2187,9.2476],[79.2162,9.2451],[79.212,9.2432]]],[[[79.487,9.1103],[79.4854,9.1102],[79.4829,9.1111],[79.4825,9.1122],[79.4826,9.114],[79.4827,9.1145],[79.4845,9.115],[79.4861,9.1158],[79.4905,9.1178],[79.4912,9.1174],[79.4915,9.1165],[79.4912,9.1137],[79.491,9.1128],[79.4888,9.1107],[79.487,9.1103]]],[[[79.1875,9.231],[79.1861,9.231],[79.1845,9.232],[79.184,9.2342],[79.184,9.2356],[79.1852,9.2378],[79.1868,9.2389],[79.1886,9.2386],[79.19,9.2375],[79.1905,9.2365],[79.1906,9.2343],[79.1893,9.2321],[79.1875,9.231]]],[[[79.1807,9.2406],[79.1794,9.2406],[79.1775,9.2409],[79.1767,9.2423],[79.177,9.2438],[79.1775,9.2452],[79.1785,9.2463],[79.1798,9.2474],[79.1806,9.2474],[79.1821,9.2478],[79.1832,9.2475],[79.184,9.2464],[79.1843,9.2453],[79.1838,9.2435],[79.1825,9.2417],[79.1807,9.2406]]],[[[79.1991,9.2294],[79.1975,9.2294],[79.1964,9.2297],[79.1956,9.2322],[79.1958,9.2344],[79.1971,9.2359],[79.1973,9.2366],[79.1986,9.2373],[79.2,9.2373],[79.2016,9.2363],[79.2019,9.2345],[79.2019,9.2331],[79.2011,9.2309],[79.2001,9.2298],[79.1991,9.2294]]],[[[78.7329,9.1497],[78.7306,9.1495],[78.7282,9.1498],[78.727,9.1505],[78.727,9.153],[78.7274,9.1541],[78.7284,9.1548],[78.7303,9.1553],[78.7319,9.1558],[78.7344,9.1542],[78.7348,9.1533],[78.7343,9.1508],[78.7329,9.1497]]],[[[78.6989,9.1463],[78.6973,9.1451],[78.6948,9.146],[78.6945,9.1485],[78.6943,9.1503],[78.6947,9.1519],[78.6955,9.1523],[78.6965,9.1521],[78.6981,9.1506],[78.6988,9.1504],[78.6988,9.1485],[78.6989,9.1463]]]]},"properties":{"district_name":"Virudunagar","raw_district_name":"Virudunagar","state_code":"TN","state_name":"Tamil Nadu","census_code":625,"data_source":"DataMeet India Maps (Census 2011 Boundaries)"}},{"type":"Feature","geometry":{"type":"MultiPolygon","coordinates":[[[[79.707,10.9185],[79.7074,10.914],[79.7077,10.9116],[79.7092,10.9107],[79.7118,10.91],[79.7179,10.9122],[79.7212,10.9122],[79.7238,10.9122],[79.726,10.9109],[79.7275,10.9103],[79.7299,10.9076],[79.733,10.9068],[79.7369,10.9081],[79.7386,10.9092],[79.7424,10.9094],[79.7442,10.9128],[79.7462,10.913],[79.7602,10.9147],[79.7621,10.9121],[79.7621,10.9121],[79.759,10.9098],[79.759,10.9098],[79.7594,10.9059],[79.7594,10.9059],[79.7587,10.8986],[79.7603,10.8973],[79.763,10.9026],[79.7625,10.9084],[79.7652,10.9106],[79.7664,10.9048],[79.7714,10.902],[79.7691,10.8962],[79.7742,10.8955],[79.7777,10.8985],[79.7785,10.9068],[79.7904,10.905],[79.7936,10.8971],[79.7922,10.8943],[79.7873,10.8934],[79.7846,10.891],[79.7843,10.8882],[79.7898,10.8887],[79.7929,10.8912],[79.7976,10.8868],[79.8022,10.889],[79.8056,10.8884],[79.8098,10.8855],[79.8201,10.8866],[79.8263,10.883],[79.8287,10.88],[79.8229,10.8792],[79.8091,10.8794],[79.8069,10.8772],[79.8146,10.8736],[79.8208,10.873],[79.8248,10.8682],[79.8255,10.8644],[79.8208,10.8628],[79.8168,10.8602],[79.813,10.8593],[79.8096,10.8643],[79.8085,10.8612],[79.8105,10.855],[79.8141,10.8514],[79.8205,10.8492],[79.8233,10.8436],[79.8256,10.8469],[79.8295,10.8484],[79.8307,10.8443],[79.8311,10.834],[79.8291,10.8313],[79.8308,10.8297],[79.8372,10.8267],[79.8495,10.827],[79.8495,10.8269],[79.8495,10.8269],[79.8498,10.823],[79.8487,10.8189],[79.8467,10.8166],[79.8442,10.8162],[79.8358,10.8133],[79.8358,10.8115],[79.8366,10.8096],[79.8394,10.8092],[79.8421,10.8106],[79.8481,10.8126],[79.8501,10.809],[79.8502,10.7885],[79.8503,10.7851],[79.851,10.7638],[79.851,10.7438],[79.851,10.7435],[79.851,10.743],[79.851,10.7424],[79.851,10.7416],[79.851,10.7415],[79.851,10.7414],[79.851,10.7413],[79.851,10.7411],[79.851,10.7409],[79.851,10.7403],[79.8509,10.7399],[79.8509,10.7396],[79.8509,10.7396],[79.8509,10.7395],[79.8509,10.7326],[79.8507,10.7182],[79.8502,10.7163],[79.8506,10.7161],[79.8513,10.7094],[79.8521,10.6979],[79.8528,10.6871],[79.8535,10.681],[79.8536,10.6806],[79.8536,10.6806],[79.8548,10.6777],[79.8552,10.6769],[79.8562,10.6761],[79.8563,10.6753],[79.8564,10.6743],[79.8566,10.6729],[79.857,10.6705],[79.8572,10.6692],[79.8572,10.6661],[79.8573,10.6634],[79.8573,10.6604],[79.8574,10.6568],[79.8574,10.6547],[79.8574,10.6521],[79.8575,10.647],[79.8575,10.6439],[79.8576,10.6374],[79.8577,10.629],[79.8578,10.6207],[79.858,10.6117],[79.858,10.6067],[79.8582,10.5927],[79.8582,10.5886],[79.8582,10.5873],[79.8582,10.5816],[79.8582,10.5802],[79.8582,10.5791],[79.8581,10.5718],[79.8581,10.5718],[79.8581,10.5685],[79.8594,10.5631],[79.8595,10.5626],[79.8595,10.5612],[79.8595,10.5582],[79.8595,10.5576],[79.8595,10.557],[79.8595,10.5566],[79.8595,10.5565],[79.8597,10.5443],[79.8602,10.5293],[79.8607,10.5168],[79.8607,10.5155],[79.8608,10.5155],[79.8611,10.5047],[79.8613,10.4978],[79.8614,10.4957],[79.8614,10.4957],[79.8615,10.4926],[79.8616,10.4904],[79.862,10.4842],[79.862,10.4842],[79.8628,10.4838],[79.8629,10.482],[79.8632,10.4795],[79.8638,10.4734],[79.864,10.4698],[79.8643,10.4669],[79.8646,10.4558],[79.8647,10.4524],[79.8658,10.4181],[79.8662,10.4172],[79.8662,10.4172],[79.8662,10.4172],[79.8671,10.4095],[79.8674,10.4024],[79.8677,10.3914],[79.8681,10.3795],[79.8686,10.3715],[79.8691,10.3646],[79.8696,10.3583],[79.87,10.3529],[79.8705,10.3459],[79.8709,10.3404],[79.8723,10.3328],[79.8737,10.3257],[79.8737,10.3257],[79.8738,10.3256],[79.8744,10.3222],[79.8752,10.317],[79.8752,10.3169],[79.8755,10.3144],[79.876,10.313],[79.8765,10.3116],[79.8768,10.3098],[79.8768,10.3097],[79.8768,10.3097],[79.8777,10.3094],[79.8781,10.3055],[79.8783,10.3039],[79.8788,10.3005],[79.8791,10.2972],[79.8792,10.2941],[79.8793,10.2941],[79.8792,10.2939],[79.8793,10.2921],[79.8793,10.2903],[79.8788,10.2876],[79.8787,10.2873],[79.8787,10.2873],[79.8779,10.2861],[79.8762,10.2856],[79.8739,10.2851],[79.8723,10.2855],[79.8722,10.2856],[79.8721,10.2856],[79.8706,10.286],[79.8698,10.2861],[79.8687,10.2864],[79.8685,10.2864],[79.866,10.2864],[79.8641,10.2856],[79.8634,10.2853],[79.8625,10.2849],[79.8611,10.2843],[79.8607,10.2842],[79.8587,10.2838],[79.8562,10.2832],[79.8516,10.282],[79.8516,10.282],[79.8492,10.2814],[79.8457,10.2811],[79.8457,10.2811],[79.8456,10.2811],[79.8403,10.2805],[79.8403,10.2805],[79.8385,10.2803],[79.8377,10.2802],[79.8374,10.2802],[79.8367,10.28],[79.8363,10.2799],[79.8361,10.2799],[79.8346,10.2796],[79.8344,10.2795],[79.8339,10.2794],[79.8327,10.2792],[79.8319,10.2791],[79.8303,10.2788],[79.8302,10.2788],[79.8293,10.2787],[79.8275,10.2784],[79.8256,10.2781],[79.8232,10.2777],[79.8211,10.2774],[79.8195,10.2771],[79.8175,10.2766],[79.8153,10.276],[79.8121,10.2751],[79.8121,10.2751],[79.8115,10.2749],[79.81,10.2745],[79.8082,10.274],[79.8046,10.273],[79.8039,10.2729],[79.803,10.2726],[79.8006,10.2721],[79.7991,10.2717],[79.7991,10.2717],[79.7978,10.2714],[79.7948,10.2713],[79.7915,10.2726],[79.7885,10.2752],[79.7871,10.2793],[79.7871,10.2793],[79.7865,10.2833],[79.7862,10.2853],[79.786,10.2864],[79.7858,10.2879],[79.7857,10.2886],[79.7856,10.2896],[79.7839,10.2922],[79.7816,10.2934],[79.7814,10.2935],[79.778,10.2953],[79.7765,10.2963],[79.7718,10.2998],[79.7713,10.3001],[79.7699,10.3012],[79.7699,10.3012],[79.7659,10.3046],[79.7652,10.3052],[79.7648,10.3056],[79.7593,10.3107],[79.7522,10.3128],[79.7509,10.3132],[79.7473,10.3141],[79.7434,10.3151],[79.7432,10.3152],[79.7432,10.3152],[79.7392,10.3162],[79.7375,10.3175],[79.7374,10.3176],[79.7366,10.3202],[79.7365,10.3203],[79.7362,10.3204],[79.7362,10.3212],[79.7362,10.3216],[79.7356,10.3228],[79.7354,10.3233],[79.7352,10.3239],[79.7343,10.3244],[79.7339,10.3247],[79.7339,10.3248],[79.7339,10.3251],[79.7318,10.3271],[79.7286,10.3299],[79.7241,10.3287],[79.7241,10.3287],[79.7235,10.3287],[79.719,10.3291],[79.7145,10.3308],[79.7145,10.3309],[79.7126,10.3317],[79.7077,10.3312],[79.7076,10.3312],[79.7076,10.3312],[79.7055,10.33],[79.7041,10.3288],[79.7039,10.3274],[79.704,10.3257],[79.7135,10.3211],[79.7136,10.3211],[79.717,10.3195],[79.7192,10.3172],[79.7204,10.3157],[79.7215,10.314],[79.7214,10.314],[79.7217,10.3137],[79.7217,10.3137],[79.7217,10.3137],[79.7217,10.3136],[79.7238,10.3104],[79.7148,10.3112],[79.7147,10.3112],[79.7064,10.3121],[79.7016,10.3134],[79.7013,10.3135],[79.6987,10.3142],[79.6948,10.3159],[79.6948,10.3159],[79.6907,10.3177],[79.6907,10.3177],[79.6881,10.3188],[79.6843,10.3212],[79.6818,10.3227],[79.6818,10.3227],[79.6791,10.3243],[79.6767,10.3251],[79.6733,10.3302],[79.6648,10.3357],[79.6576,10.3403],[79.6556,10.3426],[79.6501,10.3468],[79.6425,10.3488],[79.6386,10.3547],[79.6376,10.3589],[79.6376,10.3635],[79.6383,10.3674],[79.6363,10.3723],[79.6357,10.3779],[79.6357,10.3815],[79.6331,10.3858],[79.6305,10.3916],[79.6298,10.3959],[79.6308,10.3995],[79.6308,10.4037],[79.6318,10.408],[79.6334,10.4113],[79.6337,10.4162],[79.6318,10.4198],[79.6318,10.4237],[79.6318,10.4322],[79.6314,10.4355],[79.634,10.4407],[79.6409,10.4446],[79.6465,10.444],[79.652,10.4443],[79.6543,10.4453],[79.6576,10.4472],[79.6592,10.4505],[79.6612,10.4521],[79.6638,10.4515],[79.6664,10.4479],[79.6677,10.4449],[79.6697,10.4433],[79.6726,10.4443],[79.6746,10.4489],[79.6762,10.4518],[79.6779,10.4528],[79.6844,10.4521],[79.687,10.4518],[79.6903,10.4512],[79.6962,10.4521],[79.6991,10.4561],[79.6936,10.4616],[79.6909,10.4639],[79.6873,10.4688],[79.6838,10.4731],[79.6818,10.477],[79.6831,10.4809],[79.6877,10.4812],[79.6906,10.4809],[79.6919,10.4835],[79.6923,10.4861],[79.6965,10.4865],[79.7004,10.4855],[79.703,10.4861],[79.704,10.4888],[79.7037,10.492],[79.7034,10.4946],[79.703,10.4982],[79.7001,10.5009],[79.6968,10.5018],[79.6965,10.5064],[79.6972,10.509],[79.7008,10.512],[79.704,10.512],[79.707,10.512],[79.7102,10.5146],[79.7142,10.5175],[79.7171,10.5179],[79.7178,10.5208],[79.7178,10.5247],[79.7197,10.527],[79.7227,10.5277],[79.7243,10.53],[79.7269,10.5316],[79.7292,10.5342],[79.7292,10.5385],[79.7279,10.5417],[79.7246,10.5457],[79.724,10.5483],[79.7214,10.5512],[79.7174,10.5535],[79.7129,10.5535],[79.7112,10.5525],[79.7024,10.5525],[79.6972,10.5535],[79.6945,10.5564],[79.69,10.56],[79.687,10.56],[79.6831,10.5617],[79.6756,10.5636],[79.6726,10.5646],[79.6717,10.5695],[79.672,10.5718],[79.6743,10.5728],[79.6792,10.5728],[79.6857,10.5731],[79.687,10.5751],[79.6877,10.5787],[79.689,10.5793],[79.6919,10.5823],[79.6945,10.5839],[79.6975,10.5856],[79.6988,10.5872],[79.6952,10.5905],[79.689,10.5908],[79.6854,10.5908],[79.6792,10.5898],[79.6769,10.5934],[79.6772,10.5957],[79.6766,10.5996],[79.6733,10.6003],[79.671,10.6032],[79.6664,10.6055],[79.6661,10.6078],[79.6658,10.6111],[79.6674,10.6153],[79.6707,10.6179],[79.6752,10.6183],[79.6769,10.6241],[79.6775,10.63],[79.6772,10.6336],[79.6717,10.6349],[79.6681,10.6366],[79.6661,10.6392],[79.6612,10.6415],[79.6596,10.6424],[79.6569,10.6454],[79.6563,10.6483],[79.6569,10.6526],[79.6592,10.6568],[79.6628,10.6572],[79.6684,10.6565],[79.67,10.6572],[79.6713,10.6611],[79.6717,10.6634],[79.6762,10.665],[79.6766,10.6683],[79.6769,10.6719],[79.6805,10.6751],[79.6811,10.6801],[79.6841,10.6827],[79.6854,10.6876],[79.6831,10.6902],[79.6811,10.6935],[79.6756,10.6951],[79.6681,10.7013],[79.6622,10.7062],[79.6602,10.7085],[79.6625,10.7147],[79.6654,10.7173],[79.6687,10.7183],[79.6717,10.7173],[79.672,10.7147],[79.6756,10.7128],[79.6785,10.7128],[79.6824,10.7154],[79.6847,10.717],[79.6887,10.7163],[79.6919,10.717],[79.6936,10.7196],[79.6968,10.7242],[79.6952,10.7258],[79.6896,10.7284],[79.6893,10.7327],[79.6906,10.7373],[79.6949,10.7405],[79.6991,10.7451],[79.6994,10.7471],[79.7034,10.7497],[79.7066,10.7504],[79.7079,10.7523],[79.7083,10.7559],[79.7083,10.7595],[79.706,10.7625],[79.7014,10.7638],[79.7024,10.767],[79.7057,10.7696],[79.7066,10.7723],[79.7066,10.7801],[79.7086,10.7827],[79.7135,10.787],[79.7155,10.7896],[79.722,10.7932],[79.7305,10.7981],[79.7338,10.8043],[79.7335,10.8069],[79.7299,10.8099],[79.7292,10.8148],[79.7292,10.8174],[79.7289,10.8187],[79.7282,10.8223],[79.7295,10.8262],[79.7269,10.8282],[79.7138,10.8285],[79.7119,10.8275],[79.7114,10.824],[79.7078,10.8242],[79.7055,10.8241],[79.6982,10.8304],[79.6956,10.8282],[79.6931,10.8296],[79.6876,10.8276],[79.6871,10.8155],[79.6808,10.8151],[79.6768,10.8168],[79.6605,10.8163],[79.6598,10.8044],[79.6637,10.8045],[79.6637,10.8022],[79.6678,10.8023],[79.6691,10.8009],[79.6732,10.801],[79.6743,10.7992],[79.6735,10.7957],[79.6713,10.7943],[79.6625,10.7948],[79.6572,10.7958],[79.6561,10.7976],[79.6529,10.7944],[79.6493,10.7948],[79.65,10.8015],[79.6478,10.8036],[79.645,10.809],[79.642,10.8112],[79.64,10.8136],[79.6389,10.8188],[79.6393,10.821],[79.6415,10.8229],[79.6498,10.8232],[79.6544,10.8251],[79.6553,10.8282],[79.6555,10.8328],[79.6579,10.8356],[79.6601,10.8356],[79.6616,10.84],[79.6616,10.8424],[79.6577,10.847],[79.6561,10.8496],[79.6533,10.8528],[79.6498,10.8542],[79.6463,10.8555],[79.6461,10.8576],[79.647,10.86],[79.6509,10.8609],[79.6533,10.8627],[79.6542,10.8651],[79.6564,10.8725],[79.6564,10.8773],[79.6557,10.8836],[79.657,10.8886],[79.6588,10.89],[79.6601,10.8937],[79.6609,10.8969],[79.6638,10.8985],[79.6662,10.8991],[79.6708,10.9024],[79.6712,10.9081],[79.6712,10.9129],[79.6727,10.9155],[79.6782,10.9185],[79.6799,10.9183],[79.6828,10.9207],[79.685,10.9262],[79.6889,10.9288],[79.6917,10.931],[79.6978,10.9306],[79.7011,10.9275],[79.7055,10.9264],[79.707,10.9229],[79.707,10.9185]]],[[[79.8181,11.3986],[79.8245,11.3672],[79.8247,11.3645],[79.824,11.3638],[79.8219,11.3642],[79.8159,11.3684],[79.8152,11.3691],[79.8143,11.3702],[79.8124,11.3704],[79.8111,11.3695],[79.8106,11.3688],[79.8086,11.3694],[79.8086,11.3699],[79.8076,11.3706],[79.807,11.3716],[79.8009,11.3764],[79.8006,11.375],[79.8007,11.3732],[79.8,11.3732],[79.7988,11.3718],[79.7987,11.3686],[79.8022,11.3666],[79.8105,11.3618],[79.8141,11.3584],[79.8139,11.3559],[79.8131,11.355],[79.8126,11.3511],[79.8123,11.3498],[79.8121,11.3491],[79.8113,11.3486],[79.8112,11.3482],[79.8095,11.3475],[79.8094,11.3456],[79.8124,11.3443],[79.8151,11.3444],[79.8167,11.3446],[79.8195,11.3542],[79.8223,11.3554],[79.8232,11.3556],[79.8259,11.3553],[79.831,11.3546],[79.8358,11.3551],[79.8381,11.3547],[79.8398,11.3534],[79.8401,11.3525],[79.8401,11.3463],[79.8356,11.3306],[79.8342,11.3281],[79.834,11.324],[79.8344,11.311],[79.8351,11.3056],[79.8351,11.3005],[79.8377,11.2826],[79.8378,11.2819],[79.8454,11.2515],[79.8464,11.2471],[79.8524,11.2045],[79.8539,11.1952],[79.8571,11.1508],[79.8582,11.1139],[79.8582,11.1112],[79.8582,11.1091],[79.8579,11.091],[79.8576,11.0876],[79.8573,11.086],[79.8568,11.0857],[79.8554,11.0859],[79.8545,11.0857],[79.8547,11.0814],[79.8572,11.076],[79.8572,11.073],[79.8573,11.0474],[79.8566,11.0274],[79.8568,11.0127],[79.8525,10.9947],[79.8525,10.988],[79.8516,10.9923],[79.8415,10.995],[79.8415,10.995],[79.842,11.0003],[79.842,11.0003],[79.8419,11.0021],[79.831,11.0026],[79.8301,11.0003],[79.8291,10.9984],[79.8269,10.9975],[79.8216,10.9983],[79.8196,11.0003],[79.8185,11.0016],[79.8145,11.0003],[79.8135,10.9985],[79.809,10.9963],[79.8075,10.9939],[79.8067,10.9888],[79.8042,10.9852],[79.8005,10.9827],[79.7943,10.9833],[79.791,10.9864],[79.791,10.9864],[79.7914,10.9926],[79.7914,10.9926],[79.7893,10.9949],[79.7823,10.9945],[79.7775,10.9959],[79.7696,10.9952],[79.7653,10.9968],[79.7601,11.0003],[79.7571,11.0024],[79.7542,11.0044],[79.7489,11.0023],[79.7472,11.0003],[79.7469,10.9968],[79.7469,10.9966],[79.7468,10.9967],[79.7468,10.9967],[79.7467,10.9964],[79.742,10.9948],[79.7346,10.995],[79.7322,10.9971],[79.7272,10.9982],[79.7241,11.0004],[79.7222,11.0034],[79.7118,11.0078],[79.7071,11.0116],[79.7031,11.0133],[79.7017,11.0136],[79.6911,11.0159],[79.6879,11.0158],[79.6792,11.0156],[79.6714,11.0146],[79.6602,11.0131],[79.6543,11.0123],[79.6505,11.0131],[79.6523,11.0119],[79.6428,11.0076],[79.641,11.0052],[79.6403,11.0004],[79.6354,10.9966],[79.6364,10.994],[79.636,10.9937],[79.634,10.9926],[79.6367,10.9905],[79.6329,10.9896],[79.6343,10.9881],[79.6347,10.9876],[79.6314,10.9852],[79.6337,10.9774],[79.6272,10.9762],[79.6241,10.9817],[79.6078,10.9799],[79.6052,10.9779],[79.6041,10.9753],[79.6073,10.9754],[79.6085,10.9724],[79.6058,10.9722],[79.6033,10.97],[79.5968,10.9711],[79.5961,10.9763],[79.5919,10.9753],[79.5899,10.9811],[79.5791,10.9809],[79.5782,10.9755],[79.5751,10.975],[79.5767,10.9694],[79.5693,10.9696],[79.5691,10.9747],[79.5587,10.9735],[79.5572,10.9678],[79.554,10.9687],[79.5526,10.9655],[79.5443,10.9653],[79.5431,10.9637],[79.5396,10.9645],[79.5324,10.9641],[79.5325,10.9634],[79.5331,10.9598],[79.5273,10.9576],[79.5262,10.9614],[79.5287,10.9629],[79.5283,10.9691],[79.5149,10.9677],[79.5151,10.9784],[79.5099,10.9836],[79.5124,10.9863],[79.5199,10.9864],[79.524,10.9854],[79.5257,10.9879],[79.5236,10.9909],[79.523,10.9962],[79.5266,10.9947],[79.5265,10.9968],[79.5265,10.9974],[79.5297,10.9973],[79.5303,10.995],[79.5419,10.9964],[79.5462,10.9957],[79.5488,11.0005],[79.5459,11.0051],[79.5418,11.0067],[79.5353,11.0085],[79.5271,11.0068],[79.5272,11.0126],[79.5301,11.0135],[79.5332,11.0115],[79.5374,11.012],[79.5358,11.0154],[79.5353,11.0188],[79.5345,11.0248],[79.5283,11.0244],[79.5193,11.025],[79.5154,11.04],[79.5207,11.0469],[79.5221,11.0499],[79.5286,11.0529],[79.5312,11.0557],[79.5328,11.059],[79.5358,11.0611],[79.5372,11.067],[79.5449,11.0729],[79.5482,11.0725],[79.5507,11.0751],[79.5522,11.0789],[79.5479,11.0839],[79.5451,11.085],[79.5425,11.083],[79.5417,11.0861],[79.5456,11.0941],[79.5484,11.0997],[79.5487,11.1029],[79.543,11.1027],[79.542,11.1027],[79.5415,11.0969],[79.5423,11.0938],[79.5399,11.0937],[79.5374,11.0993],[79.5377,11.1021],[79.5398,11.1046],[79.5399,11.1077],[79.5462,11.107],[79.5484,11.1083],[79.5489,11.1105],[79.5469,11.1113],[79.5462,11.1115],[79.5473,11.1138],[79.5508,11.1143],[79.5523,11.1183],[79.5499,11.1225],[79.5534,11.1242],[79.5533,11.1278],[79.5551,11.1292],[79.556,11.1282],[79.5571,11.127],[79.56,11.1289],[79.5621,11.1345],[79.5641,11.1363],[79.5739,11.145],[79.5672,11.1466],[79.5663,11.1531],[79.559,11.153],[79.5592,11.1609],[79.5561,11.1605],[79.5519,11.1614],[79.5454,11.1582],[79.5441,11.1613],[79.5409,11.1621],[79.5379,11.1774],[79.5307,11.1765],[79.5256,11.1789],[79.5235,11.1808],[79.5235,11.1808],[79.5235,11.1808],[79.5252,11.182],[79.533,11.1875],[79.5341,11.1883],[79.5549,11.2006],[79.5719,11.2083],[79.5911,11.2138],[79.599,11.2174],[79.6065,11.2249],[79.6111,11.236],[79.6128,11.2498],[79.6186,11.2545],[79.6221,11.2545],[79.6326,11.2456],[79.6381,11.2455],[79.6435,11.2466],[79.6491,11.2498],[79.6497,11.2549],[79.6491,11.2607],[79.646,11.27],[79.6437,11.2827],[79.6463,11.2925],[79.6525,11.2997],[79.6571,11.3024],[79.6633,11.3046],[79.6701,11.3045],[79.6766,11.3055],[79.6977,11.3211],[79.7203,11.342],[79.7289,11.3474],[79.7341,11.3494],[79.7605,11.3512],[79.7611,11.3562],[79.7587,11.3719],[79.7617,11.377],[79.7654,11.3802],[79.7702,11.3817],[79.7785,11.3771],[79.7847,11.3724],[79.7906,11.3712],[79.7967,11.3737],[79.8023,11.3785],[79.8051,11.3824],[79.8075,11.3908],[79.81,11.4096],[79.8142,11.4206],[79.8149,11.417],[79.8167,11.4036],[79.8181,11.3986]]]]},"properties":{"district_name":"Nagappattinam","raw_district_name":"Nagappattinam","state_code":"TN","state_name":"Tamil Nadu","census_code":618,"data_source":"DataMeet India Maps (Census 2011 Boundaries)"}}]}