{"type":"FeatureCollection","properties":{"state_code":"UP","state_name":"Uttar Pradesh","data_source":"DataMeet India Maps"},"features":[{"type":"Feature","geometry":{"type":"Polygon","coordinates":[[[78.198,27.4028],[78.198,27.4028],[78.2089,27.4016],[78.2172,27.4007],[78.2232,27.4042],[78.226,27.4058],[78.2285,27.4041],[78.2324,27.4029],[78.2326,27.4028],[78.2391,27.4016],[78.2428,27.3994],[78.2428,27.3993],[78.2461,27.3953],[78.2505,27.3916],[78.2506,27.3914],[78.2604,27.3934],[78.2605,27.3933],[78.266,27.3898],[78.2687,27.39],[78.2719,27.3888],[78.2807,27.3933],[78.2869,27.3887],[78.2872,27.386],[78.2873,27.3844],[78.2873,27.3844],[78.2873,27.3844],[78.2936,27.3852],[78.2955,27.3834],[78.2969,27.3822],[78.2938,27.3781],[78.2938,27.378],[78.2938,27.378],[78.2939,27.3741],[78.2889,27.3719],[78.2894,27.3665],[78.2874,27.3616],[78.2877,27.3606],[78.2896,27.3544],[78.2859,27.3513],[78.2857,27.3486],[78.2855,27.3456],[78.282,27.3412],[78.2788,27.3373],[78.2798,27.3309],[78.2809,27.3242],[78.281,27.324],[78.2828,27.3185],[78.286,27.3128],[78.286,27.3127],[78.2897,27.3081],[78.2835,27.3005],[78.2829,27.3002],[78.2686,27.2987],[78.2621,27.309],[78.2585,27.3103],[78.2514,27.3074],[78.2495,27.301],[78.2403,27.2994],[78.2318,27.3125],[78.2282,27.3175],[78.222,27.3173],[78.2198,27.3157],[78.2164,27.315],[78.2154,27.3126],[78.213,27.3108],[78.213,27.3067],[78.222,27.299],[78.2206,27.2931],[78.2207,27.2872],[78.2239,27.2804],[78.2226,27.274],[78.2145,27.2693],[78.2131,27.2634],[78.2157,27.2611],[78.2207,27.2607],[78.2219,27.2603],[78.2388,27.2582],[78.2404,27.2548],[78.2204,27.2402],[78.2227,27.2284],[78.2347,27.2163],[78.228,27.2113],[78.2133,27.2163],[78.2121,27.2153],[78.2102,27.2158],[78.2063,27.2103],[78.2036,27.1978],[78.2081,27.1888],[78.2057,27.1808],[78.206,27.1807],[78.2085,27.1779],[78.2142,27.1716],[78.2175,27.1665],[78.2196,27.1608],[78.2197,27.1566],[78.2178,27.1512],[78.2146,27.1456],[78.2026,27.1298],[78.2005,27.1248],[78.2005,27.1193],[78.2025,27.1155],[78.2087,27.105],[78.2259,27.0968],[78.2288,27.0932],[78.2293,27.0896],[78.2268,27.0757],[78.2291,27.0726],[78.234,27.0719],[78.242,27.0719],[78.2567,27.0769],[78.2602,27.0812],[78.26,27.0875],[78.2581,27.0932],[78.2528,27.0965],[78.2434,27.1003],[78.2423,27.1034],[78.2427,27.1062],[78.2448,27.109],[78.2498,27.1099],[78.2546,27.1092],[78.2584,27.1074],[78.263,27.1038],[78.2677,27.0982],[78.2692,27.0935],[78.2746,27.084],[78.2786,27.0803],[78.2842,27.0795],[78.2928,27.0818],[78.2961,27.0872],[78.297,27.0928],[78.2959,27.1024],[78.2963,27.1075],[78.2978,27.1171],[78.2992,27.1198],[78.3053,27.1221],[78.3109,27.123],[78.3155,27.1223],[78.3183,27.1208],[78.3206,27.1105],[78.323,27.1065],[78.3281,27.1078],[78.3324,27.1121],[78.3384,27.1211],[78.344,27.1251],[78.3575,27.1238],[78.3696,27.1217],[78.3729,27.1196],[78.3734,27.1168],[78.3712,27.1116],[78.3669,27.1083],[78.3597,27.1074],[78.3525,27.1093],[78.3456,27.1085],[78.3418,27.1052],[78.3383,27.1001],[78.3358,27.0978],[78.3288,27.0965],[78.3222,27.0966],[78.316,27.094],[78.3133,27.0905],[78.3119,27.0839],[78.3138,27.0705],[78.3134,27.0623],[78.312,27.0555],[78.3131,27.0515],[78.3177,27.0514],[78.3213,27.0538],[78.3321,27.0709],[78.3353,27.0728],[78.351,27.0714],[78.3601,27.0779],[78.3607,27.0779],[78.3641,27.0792],[78.3658,27.0779],[78.3783,27.0675],[78.3852,27.0609],[78.392,27.0559],[78.3977,27.0535],[78.4138,27.0518],[78.4216,27.0501],[78.4285,27.0466],[78.4334,27.0413],[78.4355,27.0254],[78.4387,27.0195],[78.4497,27.0073],[78.4518,27.0008],[78.45,26.9882],[78.4519,26.984],[78.4581,26.9836],[78.4637,26.9848],[78.4773,26.9922],[78.4827,26.9938],[78.4875,26.9855],[78.4879,26.9806],[78.4864,26.9709],[78.4872,26.966],[78.49,26.9633],[78.4957,26.9613],[78.5084,26.9612],[78.5129,26.9603],[78.5163,26.9572],[78.5183,26.9492],[78.5186,26.9374],[78.5207,26.9284],[78.5239,26.9211],[78.5296,26.9173],[78.5351,26.9171],[78.5406,26.9187],[78.5442,26.9228],[78.545,26.928],[78.5415,26.9348],[78.5367,26.9367],[78.531,26.937],[78.5288,26.9388],[78.5281,26.9548],[78.526,26.9594],[78.5168,26.9661],[78.5197,26.9758],[78.5269,26.9757],[78.5337,26.9715],[78.5456,26.9618],[78.5504,26.9606],[78.5733,26.9632],[78.5761,26.9616],[78.5741,26.9496],[78.5762,26.9436],[78.593,26.925],[78.6011,26.9198],[78.6044,26.919],[78.6074,26.9203],[78.6093,26.9246],[78.6089,26.9289],[78.6002,26.9419],[78.5994,26.9457],[78.6018,26.9488],[78.6117,26.9489],[78.6196,26.9459],[78.6233,26.942],[78.6243,26.9393],[78.6218,26.9344],[78.619,26.923],[78.6195,26.919],[78.6216,26.9145],[78.6329,26.9073],[78.634,26.9045],[78.6368,26.885],[78.6387,26.8817],[78.645,26.8792],[78.6505,26.8794],[78.6567,26.881],[78.6627,26.8801],[78.6687,26.8773],[78.6735,26.8783],[78.6758,26.8837],[78.6761,26.8898],[78.6746,26.8981],[78.6733,26.9042],[78.6741,26.913],[78.6764,26.9167],[78.6827,26.9177],[78.695,26.9104],[78.7022,26.9138],[78.7075,26.9155],[78.7097,26.9115],[78.712,26.9046],[78.7151,26.9],[78.719,26.8982],[78.7236,26.8985],[78.7272,26.8998],[78.7291,26.9024],[78.7349,26.9201],[78.7375,26.9201],[78.7419,26.9183],[78.7488,26.9143],[78.7472,26.9106],[78.7426,26.8991],[78.7422,26.8929],[78.7433,26.8898],[78.7477,26.8867],[78.7528,26.8876],[78.7543,26.8891],[78.7554,26.8927],[78.7565,26.901],[78.758,26.9053],[78.7636,26.9075],[78.768,26.9041],[78.7756,26.8843],[78.7805,26.8815],[78.7863,26.8805],[78.7869,26.8767],[78.7823,26.8695],[78.7831,26.8649],[78.7861,26.8636],[78.7944,26.8636],[78.8083,26.869],[78.8106,26.8685],[78.8137,26.8627],[78.8184,26.8496],[78.8219,26.8455],[78.8303,26.8396],[78.8358,26.8346],[78.8443,26.8241],[78.8479,26.8182],[78.8516,26.8094],[78.8513,26.8062],[78.847,26.7986],[78.8425,26.7944],[78.8373,26.7918],[78.8324,26.7908],[78.8279,26.7913],[78.8206,26.795],[78.8169,26.7978],[78.8121,26.7992],[78.8021,26.7996],[78.7938,26.7975],[78.7883,26.7877],[78.7875,26.7825],[78.7794,26.7584],[78.7751,26.7587],[78.7708,26.761],[78.7632,26.7699],[78.7577,26.7786],[78.7535,26.7836],[78.7498,26.7867],[78.7447,26.7832],[78.7401,26.7773],[78.7346,26.7738],[78.7316,26.7735],[78.7271,26.7759],[78.7265,26.7813],[78.729,26.7869],[78.7301,26.7919],[78.7241,26.7944],[78.6988,26.7902],[78.6921,26.7888],[78.686,26.7866],[78.6815,26.7819],[78.6761,26.7684],[78.6676,26.7634],[78.659,26.7639],[78.6372,26.7696],[78.6291,26.7694],[78.6243,26.7661],[78.6204,26.7613],[78.6179,26.7552],[78.615,26.7517],[78.6105,26.7503],[78.5838,26.7502],[78.5744,26.7519],[78.5686,26.7564],[78.5634,26.759],[78.5436,26.7658],[78.5428,26.7662],[78.5349,26.7727],[78.5241,26.7793],[78.5005,26.7821],[78.4849,26.7864],[78.4748,26.7876],[78.4667,26.7894],[78.4593,26.7922],[78.4541,26.7976],[78.4428,26.8183],[78.4389,26.823],[78.4344,26.8265],[78.4219,26.8246],[78.4088,26.8202],[78.3982,26.8191],[78.3941,26.8221],[78.3891,26.8303],[78.3833,26.841],[78.3786,26.8518],[78.3754,26.8568],[78.3732,26.863],[78.371,26.8655],[78.3599,26.8685],[78.3497,26.8681],[78.3323,26.8628],[78.3245,26.8635],[78.3105,26.8633],[78.3032,26.8625],[78.2905,26.8583],[78.2847,26.8547],[78.2792,26.8498],[78.2762,26.8438],[78.2749,26.8352],[78.2752,26.827],[78.2737,26.8189],[78.2693,26.8151],[78.264,26.8145],[78.2559,26.8181],[78.2452,26.8259],[78.2314,26.8314],[78.2254,26.8319],[78.2182,26.8303],[78.22,26.8326],[78.2223,26.8427],[78.2159,26.8465],[78.2129,26.8497],[78.2091,26.8566],[78.2053,26.8663],[78.1986,26.8776],[78.1995,26.8828],[78.202,26.8837],[78.209,26.8728],[78.2133,26.8716],[78.235,26.8768],[78.2383,26.8881],[78.241,26.8896],[78.2566,26.8948],[78.2612,26.8988],[78.2628,26.9039],[78.268,26.9104],[78.2708,26.9177],[78.2703,26.9243],[78.2697,26.9259],[78.2668,26.9282],[78.2607,26.9291],[78.2558,26.9249],[78.2488,26.9278],[78.2412,26.9279],[78.2391,26.9309],[78.2379,26.9355],[78.2358,26.9377],[78.2319,26.9392],[78.229,26.9418],[78.2244,26.9481],[78.2207,26.9438],[78.2168,26.9339],[78.2137,26.9331],[78.2097,26.9345],[78.199,26.9409],[78.1822,26.9429],[78.1716,26.9469],[78.1611,26.9463],[78.1545,26.9472],[78.1479,26.9513],[78.1425,26.9512],[78.1355,26.9497],[78.1233,26.949],[78.1198,26.9474],[78.1165,26.9442],[78.1164,26.9425],[78.1179,26.9391],[78.1215,26.9361],[78.1237,26.9324],[78.1227,26.9248],[78.1211,26.9217],[78.1147,26.9242],[78.1105,26.925],[78.107,26.9248],[78.1037,26.9232],[78.105,26.9172],[78.1075,26.9148],[78.1111,26.9041],[78.1098,26.8992],[78.107,26.8982],[78.1018,26.9043],[78.0994,26.9058],[78.0966,26.9041],[78.0983,26.8999],[78.0978,26.8971],[78.0952,26.8962],[78.0811,26.9017],[78.0762,26.9045],[78.0713,26.909],[78.0689,26.9101],[78.0655,26.9075],[78.0608,26.9091],[78.057,26.908],[78.0506,26.9096],[78.0535,26.8971],[78.0526,26.8787],[78.0531,26.8763],[78.056,26.8719],[78.0561,26.869],[78.0542,26.8691],[78.0479,26.8716],[78.0458,26.8712],[78.0437,26.8688],[78.0394,26.8597],[78.0355,26.8564],[78.0303,26.8551],[78.0259,26.8559],[78.0246,26.858],[78.0356,26.8677],[78.0362,26.8703],[78.0284,26.8738],[78.0258,26.8762],[78.0303,26.8844],[78.03,26.889],[78.0274,26.8916],[78.0246,26.8992],[78.0224,26.9026],[78.015,26.9049],[78.0067,26.9041],[78.0002,26.9051],[77.9933,26.8956],[77.9885,26.8919],[77.9834,26.8917],[77.9789,26.8939],[77.975,26.8972],[77.9731,26.9015],[77.974,26.9052],[77.9712,26.9068],[77.9502,26.894],[77.9459,26.8963],[77.943,26.8994],[77.9404,26.9042],[77.9371,26.9071],[77.9301,26.9088],[77.9178,26.9085],[77.9165,26.9111],[77.9175,26.915],[77.9148,26.9182],[77.9082,26.9188],[77.9051,26.9142],[77.9068,26.9096],[77.9091,26.9059],[77.911,26.8954],[77.909,26.8894],[77.9043,26.884],[77.8983,26.8837],[77.893,26.8866],[77.8903,26.8903],[77.885,26.8934],[77.8796,26.8997],[77.8576,26.9067],[77.8492,26.9107],[77.8445,26.9138],[77.8345,26.9153],[77.8295,26.9204],[77.8228,26.917],[77.8168,26.9199],[77.8134,26.9228],[77.8074,26.9225],[77.804,26.9177],[77.797,26.9165],[77.7896,26.922],[77.7813,26.9268],[77.7816,26.9305],[77.7732,26.9323],[77.7615,26.932],[77.7568,26.9212],[77.7524,26.9175],[77.7487,26.9212],[77.737,26.9201],[77.732,26.9172],[77.7269,26.9107],[77.7189,26.8973],[77.7259,26.8939],[77.7279,26.891],[77.7286,26.8873],[77.7279,26.881],[77.7238,26.8756],[77.7134,26.8746],[77.7057,26.8743],[77.7044,26.8709],[77.7017,26.8672],[77.6973,26.8678],[77.6943,26.8726],[77.6903,26.8735],[77.6863,26.8726],[77.6826,26.8689],[77.6796,26.8684],[77.6749,26.8567],[77.6726,26.8541],[77.6652,26.8507],[77.6328,26.8411],[77.6241,26.8428],[77.6211,26.8388],[77.6197,26.834],[77.6164,26.8288],[77.6123,26.8271],[77.6087,26.8286],[77.608,26.8368],[77.604,26.836],[77.596,26.8277],[77.5853,26.8274],[77.5799,26.8263],[77.5766,26.8218],[77.5726,26.8189],[77.5642,26.8163],[77.5552,26.8161],[77.5435,26.8198],[77.5361,26.8189],[77.5284,26.8164],[77.5221,26.8189],[77.5198,26.8224],[77.5201,26.8326],[77.5231,26.8358],[77.5214,26.8395],[77.5144,26.8417],[77.5097,26.8409],[77.5057,26.8423],[77.5047,26.8323],[77.497,26.803],[77.4943,26.7956],[77.49,26.7885],[77.4887,26.7822],[77.492,26.7768],[77.497,26.7716],[77.5043,26.7685],[77.501,26.7614],[77.494,26.7554],[77.488,26.7483],[77.4559,26.7411],[77.4649,26.7565],[77.4693,26.7602],[77.4719,26.7639],[77.4636,26.7748],[77.4586,26.7751],[77.4529,26.7719],[77.4466,26.7702],[77.4419,26.7668],[77.4362,26.7645],[77.4349,26.7705],[77.4362,26.7802],[77.4395,26.7867],[77.4459,26.8033],[77.4469,26.8135],[77.4419,26.8198],[77.4349,26.8261],[77.4335,26.8301],[77.4305,26.8312],[77.4252,26.8372],[77.4292,26.8432],[77.4339,26.8474],[77.4312,26.852],[77.4302,26.8614],[77.4342,26.8614],[77.4395,26.8603],[77.4442,26.8623],[77.4496,26.872],[77.4583,26.8694],[77.4619,26.8711],[77.4633,26.8748],[77.4629,26.8839],[77.4726,26.887],[77.4816,26.8941],[77.4903,26.8981],[77.5037,26.9001],[77.5264,26.9098],[77.5532,26.9164],[77.5653,26.9204],[77.5877,26.9252],[77.5927,26.9366],[77.5954,26.9389],[77.5997,26.9383],[77.6017,26.932],[77.6061,26.9346],[77.6128,26.9403],[77.6503,26.9616],[77.657,26.9681],[77.6607,26.9692],[77.6647,26.9684],[77.6677,26.9624],[77.6734,26.9612],[77.6767,26.9635],[77.6783,26.9714],[77.7,26.9733],[77.7094,26.9786],[77.718,26.982],[77.7227,26.9859],[77.7314,26.9825],[77.7445,26.9825],[77.7472,26.9853],[77.7478,26.9922],[77.7515,26.9919],[77.7559,26.9927],[77.7543,26.9972],[77.7506,27],[77.7507,27.0006],[77.7536,27.0029],[77.7544,27.0051],[77.7535,27.0076],[77.7559,27.0119],[77.7632,27.017],[77.7613,27.0179],[77.7521,27.018],[77.7491,27.0198],[77.7476,27.0218],[77.7466,27.0269],[77.7437,27.028],[77.7347,27.0258],[77.7303,27.0204],[77.7284,27.0083],[77.7292,27],[77.7315,26.9982],[77.7305,26.9946],[77.7258,26.9943],[77.7221,26.9922],[77.7167,26.9954],[77.7117,26.9946],[77.7071,27],[77.7048,27.0012],[77.7038,27.0103],[77.7019,27.0138],[77.6902,27.0272],[77.693,27.0341],[77.6925,27.0392],[77.6864,27.0448],[77.6815,27.0458],[77.6789,27.0432],[77.6714,27.0246],[77.668,27.0193],[77.6651,27.017],[77.6601,27.0169],[77.6515,27.0215],[77.6424,27.0213],[77.639,27.0177],[77.6355,27.0098],[77.6323,27.0112],[77.6301,27.0162],[77.6276,27.0192],[77.6237,27.0217],[77.6115,27.0234],[77.6069,27.0231],[77.6024,27.0255],[77.5987,27.0259],[77.5968,27.0314],[77.592,27.0336],[77.5832,27.0359],[77.5763,27.0336],[77.5687,27.03],[77.5655,27.0312],[77.567,27.0431],[77.5692,27.0459],[77.5733,27.0483],[77.5749,27.0546],[77.575,27.0606],[77.5738,27.0633],[77.5765,27.0668],[77.5738,27.0723],[77.5714,27.0729],[77.5623,27.0715],[77.5544,27.075],[77.5495,27.0717],[77.5417,27.0641],[77.5372,27.0614],[77.5346,27.0608],[77.5294,27.0615],[77.5224,27.0647],[77.5227,27.0684],[77.5258,27.0741],[77.5263,27.0824],[77.5255,27.0838],[77.5219,27.0857],[77.5228,27.0862],[77.5191,27.0882],[77.5075,27.0883],[77.5065,27.0895],[77.5071,27.0902],[77.5104,27.0935],[77.5163,27.0972],[77.5219,27.1024],[77.5289,27.1001],[77.5375,27.0985],[77.5402,27.104],[77.5476,27.1056],[77.5526,27.1099],[77.5539,27.1094],[77.5643,27.1101],[77.5828,27.1164],[77.5916,27.115],[77.5941,27.1185],[77.599,27.1174],[77.6039,27.1204],[77.6055,27.1233],[77.6028,27.128],[77.6041,27.1315],[77.6006,27.1344],[77.6003,27.1391],[77.6019,27.1422],[77.6063,27.1423],[77.6148,27.1484],[77.6142,27.1532],[77.6123,27.1586],[77.6134,27.1628],[77.6231,27.1691],[77.6308,27.1693],[77.6337,27.1686],[77.6366,27.1674],[77.6391,27.1645],[77.6442,27.1644],[77.6516,27.1687],[77.6629,27.1698],[77.6696,27.177],[77.6737,27.1804],[77.6804,27.1893],[77.6814,27.1946],[77.6756,27.2014],[77.665,27.2073],[77.6634,27.206],[77.6561,27.2088],[77.6504,27.209],[77.6479,27.2115],[77.6478,27.2175],[77.6516,27.2261],[77.6526,27.2331],[77.6468,27.2349],[77.6464,27.2368],[77.6475,27.2414],[77.655,27.2409],[77.6622,27.2388],[77.6757,27.2388],[77.6816,27.2379],[77.6869,27.2407],[77.6929,27.2467],[77.7015,27.2518],[77.7024,27.2502],[77.7061,27.248],[77.7115,27.2461],[77.7147,27.2461],[77.7168,27.248],[77.7206,27.2484],[77.7379,27.2418],[77.7443,27.2415],[77.7627,27.2432],[77.7676,27.2411],[77.7727,27.2368],[77.7806,27.2334],[77.7836,27.2338],[77.7884,27.2356],[77.7928,27.2424],[77.7907,27.2499],[77.7931,27.2557],[77.8025,27.2572],[77.804,27.259],[77.8056,27.2597],[77.8104,27.2593],[77.8148,27.2611],[77.8196,27.2718],[77.8227,27.2745],[77.8383,27.2819],[77.8474,27.2881],[77.8484,27.2894],[77.8479,27.2902],[77.8524,27.2885],[77.8558,27.2862],[77.8538,27.2636],[77.8568,27.2565],[77.86,27.2517],[77.8645,27.2483],[77.8724,27.2485],[77.8802,27.2522],[77.8839,27.2574],[77.8857,27.2626],[77.8852,27.2674],[77.8744,27.2698],[77.8691,27.2724],[77.8669,27.2782],[77.8678,27.2856],[77.8697,27.2906],[77.8733,27.2941],[77.8829,27.2955],[77.8937,27.2941],[77.9024,27.2916],[77.9105,27.2871],[77.9128,27.2815],[77.909,27.255],[77.9087,27.2459],[77.9094,27.2414],[77.9116,27.2383],[77.9225,27.2337],[77.9276,27.2332],[77.9348,27.2342],[77.9396,27.2371],[77.9421,27.2424],[77.9418,27.2482],[77.9325,27.2627],[77.9333,27.267],[77.936,27.2709],[77.9417,27.2753],[77.9475,27.2783],[77.9505,27.2827],[77.9578,27.2932],[77.9614,27.2941],[77.9616,27.2941],[77.9634,27.2793],[77.963,27.2662],[77.9663,27.2666],[77.9692,27.2669],[77.9727,27.2706],[77.979,27.2771],[77.9821,27.2803],[77.9904,27.2838],[77.9911,27.3035],[77.9908,27.3037],[77.9844,27.308],[77.9807,27.3131],[77.9807,27.3132],[77.9809,27.3196],[77.9841,27.3253],[78.0052,27.3262],[78.0134,27.3212],[78.0113,27.3276],[78.0146,27.3276],[78.0211,27.3243],[78.0293,27.3297],[78.031,27.3332],[78.039,27.3337],[78.0408,27.337],[78.0405,27.3374],[78.039,27.3399],[78.039,27.3399],[78.0429,27.3462],[78.0471,27.3474],[78.0531,27.3453],[78.0543,27.3445],[78.0583,27.3418],[78.0593,27.3402],[78.0595,27.3397],[78.0725,27.3351],[78.0753,27.3433],[78.0809,27.3513],[78.0827,27.3517],[78.0868,27.3526],[78.088,27.3529],[78.0877,27.3533],[78.0853,27.3574],[78.0796,27.3623],[78.0724,27.3654],[78.0519,27.369],[78.052,27.3694],[78.0529,27.375],[78.0611,27.3815],[78.0707,27.38],[78.0751,27.3884],[78.0821,27.392],[78.0914,27.3838],[78.0993,27.3738],[78.1067,27.3689],[78.121,27.3713],[78.1266,27.3667],[78.1367,27.3648],[78.1537,27.3824],[78.1623,27.3872],[78.1739,27.3875],[78.1757,27.3905],[78.1723,27.3976],[78.1787,27.3991],[78.1793,27.4018],[78.1777,27.4077],[78.1795,27.4088],[78.1861,27.4039],[78.1914,27.4021],[78.198,27.4028]]]},"properties":{"district_name":"Agra","raw_district_name":"Agra","state_code":"UP","state_name":"Uttar Pradesh","census_code":146,"data_source":"DataMeet India Maps (Census 2011 Boundaries)"}},{"type":"Feature","geometry":{"type":"Polygon","coordinates":[[[78.486,28.124],[78.4932,28.1219],[78.5003,28.1164],[78.5039,28.1102],[78.5042,28.0933],[78.5081,28.0914],[78.5098,28.0877],[78.5271,28.081],[78.5357,28.0751],[78.5501,28.0631],[78.5587,28.0663],[78.5652,28.0714],[78.5695,28.0717],[78.5721,28.0748],[78.577,28.0781],[78.5833,28.0805],[78.5892,28.0819],[78.5937,28.0799],[78.5897,28.0681],[78.6018,28.0643],[78.6066,28.0608],[78.6164,28.0558],[78.6059,28.0522],[78.6115,28.0488],[78.6146,28.0452],[78.6153,28.0422],[78.6206,28.0388],[78.6144,28.0354],[78.6088,28.0298],[78.5999,28.001],[78.5944,27.9944],[78.6003,27.9802],[78.5991,27.9761],[78.5956,27.9728],[78.59,27.9699],[78.5852,27.962],[78.5871,27.9565],[78.5805,27.951],[78.57,27.9405],[78.5758,27.9369],[78.5686,27.9263],[78.5558,27.9141],[78.5522,27.9091],[78.5467,27.9083],[78.5403,27.906],[78.5329,27.909],[78.5306,27.904],[78.5347,27.8998],[78.5347,27.8968],[78.5221,27.8934],[78.5173,27.8867],[78.5143,27.8809],[78.5141,27.8773],[78.5118,27.8761],[78.5107,27.8738],[78.5078,27.8709],[78.5093,27.8669],[78.5,27.8578],[78.4976,27.8581],[78.4948,27.8575],[78.4938,27.8546],[78.5057,27.8473],[78.5143,27.8404],[78.5104,27.833],[78.5107,27.8299],[78.5154,27.8284],[78.5159,27.8246],[78.5146,27.8195],[78.5179,27.8174],[78.5183,27.8146],[78.5172,27.8115],[78.5093,27.8002],[78.5039,27.7984],[78.4959,27.8009],[78.4935,27.803],[78.4894,27.8028],[78.4869,27.8057],[78.4788,27.8076],[78.4784,27.8081],[78.4747,27.8132],[78.466,27.8275],[78.4485,27.8178],[78.4418,27.8114],[78.428,27.7956],[78.4182,27.7868],[78.4076,27.783],[78.398,27.7769],[78.3881,27.7676],[78.3821,27.7517],[78.3756,27.7444],[78.365,27.7422],[78.343,27.7372],[78.3334,27.7341],[78.3248,27.7277],[78.3194,27.7191],[78.3073,27.7072],[78.2931,27.7046],[78.2736,27.6902],[78.2677,27.6773],[78.2597,27.6765],[78.2486,27.6879],[78.2485,27.6881],[78.2467,27.6989],[78.2465,27.6991],[78.2409,27.7035],[78.2344,27.7052],[78.2276,27.7086],[78.2155,27.7201],[78.2042,27.7302],[78.2043,27.7304],[78.2049,27.7371],[78.2188,27.7547],[78.218,27.7609],[78.2178,27.761],[78.2042,27.7658],[78.1825,27.7617],[78.1724,27.7643],[78.1722,27.7647],[78.1689,27.7704],[78.1689,27.7704],[78.1622,27.7742],[78.1512,27.7701],[78.14,27.768],[78.1349,27.7721],[78.1255,27.7746],[78.1183,27.7703],[78.1046,27.7681],[78.0884,27.769],[78.0772,27.7713],[78.0772,27.7717],[78.0769,27.7805],[78.0766,27.7808],[78.07,27.7878],[78.0617,27.7868],[78.0535,27.7813],[78.0474,27.7723],[78.0414,27.769],[78.0337,27.7708],[78.0306,27.7738],[78.0239,27.7715],[78.0228,27.7652],[78.0192,27.7628],[78.0153,27.7524],[78.0173,27.7446],[78.0174,27.7443],[78.0254,27.7373],[78.0256,27.7371],[78.0257,27.735],[78.0214,27.7316],[78.0123,27.7323],[78.0105,27.728],[78.0104,27.7279],[78.0132,27.7253],[78.0171,27.7186],[78.0174,27.7181],[78.0159,27.7104],[78.0061,27.7026],[78.0057,27.6957],[78.0103,27.6878],[78.0105,27.6874],[78.0178,27.6774],[78.0181,27.677],[78.016,27.6671],[78.0087,27.6504],[78.0027,27.6424],[77.9962,27.6319],[77.9942,27.6212],[77.9941,27.621],[78.0033,27.6128],[78.0035,27.6126],[78.0052,27.6073],[78,27.6003],[77.993,27.6014],[77.9928,27.6018],[77.9899,27.6081],[77.9898,27.6081],[77.9844,27.6098],[77.9772,27.6048],[77.9671,27.5946],[77.9611,27.598],[77.9611,27.5983],[77.9611,27.6081],[77.9609,27.6082],[77.9547,27.6112],[77.9454,27.6069],[77.9365,27.5963],[77.9241,27.5933],[77.9,27.5863],[77.8977,27.5839],[77.8976,27.5838],[77.8972,27.5844],[77.8915,27.587],[77.8886,27.5863],[77.8842,27.583],[77.8803,27.5778],[77.8768,27.576],[77.8721,27.5753],[77.8698,27.5764],[77.8682,27.5788],[77.8654,27.5864],[77.8574,27.5974],[77.8549,27.6021],[77.8551,27.6072],[77.8625,27.6168],[77.863,27.6226],[77.8617,27.6267],[77.8556,27.638],[77.8509,27.6533],[77.8453,27.6568],[77.842,27.6601],[77.84,27.657],[77.8334,27.6619],[77.8313,27.6695],[77.8286,27.6712],[77.8229,27.672],[77.8206,27.6684],[77.8181,27.6675],[77.814,27.6697],[77.7941,27.6841],[77.793,27.6885],[77.7967,27.6914],[77.8001,27.6975],[77.8005,27.7026],[77.7979,27.7064],[77.7985,27.7133],[77.7999,27.7173],[77.7998,27.7225],[77.7967,27.7268],[77.7966,27.729],[77.7969,27.7333],[77.8018,27.7431],[77.8057,27.7478],[77.8101,27.7502],[77.8157,27.7516],[77.8219,27.7522],[77.8287,27.7517],[77.8342,27.7528],[77.8348,27.7551],[77.8314,27.761],[77.827,27.7653],[77.8222,27.7747],[77.8177,27.7786],[77.8157,27.7845],[77.8139,27.7906],[77.8139,27.7964],[77.8144,27.8015],[77.8163,27.8073],[77.816,27.8131],[77.807,27.8233],[77.8036,27.8228],[77.7974,27.824],[77.7838,27.8397],[77.7844,27.8451],[77.8056,27.8567],[77.809,27.8606],[77.805,27.8618],[77.7976,27.8615],[77.778,27.8652],[77.7745,27.8664],[77.7716,27.8691],[77.769,27.872],[77.7648,27.8824],[77.7638,27.887],[77.766,27.8965],[77.7653,27.9007],[77.7615,27.904],[77.7542,27.9066],[77.7486,27.9115],[77.7442,27.9236],[77.7413,27.927],[77.7373,27.9299],[77.7322,27.9323],[77.7146,27.9429],[77.7072,27.9449],[77.7023,27.9453],[77.6875,27.941],[77.6787,27.9416],[77.6734,27.9446],[77.6683,27.9501],[77.6634,27.959],[77.6609,27.9614],[77.6559,27.9639],[77.6443,27.9648],[77.641,27.9604],[77.6385,27.9552],[77.6299,27.9435],[77.6262,27.9358],[77.6225,27.933],[77.6167,27.9328],[77.6086,27.9371],[77.6046,27.9352],[77.5948,27.9353],[77.5897,27.9344],[77.588,27.9332],[77.5857,27.9296],[77.5827,27.9281],[77.5748,27.9283],[77.5713,27.9266],[77.5696,27.9247],[77.5701,27.9177],[77.5682,27.9148],[77.5643,27.9125],[77.5599,27.9119],[77.5567,27.9123],[77.5504,27.9144],[77.5457,27.917],[77.5355,27.9193],[77.5329,27.9208],[77.5284,27.9262],[77.5406,27.9361],[77.5454,27.9436],[77.5466,27.9521],[77.5452,27.9598],[77.5383,27.9605],[77.5243,27.9598],[77.5199,27.9625],[77.5189,27.9676],[77.5227,27.9717],[77.536,27.9783],[77.5415,27.9831],[77.5445,27.9876],[77.5294,28.0008],[77.5212,28.0046],[77.5187,28.012],[77.5158,28.0167],[77.5111,28.0217],[77.5068,28.025],[77.5045,28.0286],[77.4991,28.0336],[77.4885,28.0385],[77.487,28.0434],[77.4922,28.052],[77.4923,28.055],[77.4862,28.0676],[77.4811,28.0731],[77.4794,28.0781],[77.4911,28.0783],[77.4966,28.0777],[77.501,28.0757],[77.5074,28.0761],[77.5183,28.0799],[77.5259,28.0767],[77.5389,28.0808],[77.5492,28.0787],[77.5545,28.0795],[77.5725,28.0794],[77.5764,28.0812],[77.5838,28.091],[77.592,28.0961],[77.5958,28.0966],[77.5976,28.0985],[77.6025,28.1012],[77.6087,28.1084],[77.6146,28.1013],[77.6152,28.102],[77.6193,28.0945],[77.6234,28.0972],[77.6323,28.0981],[77.6348,28.0976],[77.6416,28.0937],[77.6442,28.0938],[77.6469,28.097],[77.6485,28.1018],[77.6535,28.1038],[77.6583,28.1119],[77.6622,28.1109],[77.6653,28.1093],[77.6739,28.1085],[77.6756,28.1033],[77.6841,28.0948],[77.6902,28.0861],[77.6972,28.0789],[77.7006,28.078],[77.7059,28.0812],[77.7126,28.0806],[77.7142,28.079],[77.7175,28.0795],[77.7219,28.0821],[77.7267,28.0824],[77.7369,28.0885],[77.7312,28.1033],[77.7327,28.1064],[77.7375,28.1106],[77.7391,28.1151],[77.7393,28.1157],[77.7363,28.1233],[77.7428,28.1262],[77.7473,28.1303],[77.7497,28.135],[77.7472,28.1425],[77.7615,28.1514],[77.7659,28.151],[77.7653,28.1443],[77.7703,28.1369],[77.7717,28.1322],[77.7741,28.1286],[77.7769,28.1269],[77.7855,28.1371],[77.7903,28.1388],[77.7951,28.1378],[77.8002,28.1376],[77.8074,28.1398],[77.814,28.1398],[77.8129,28.1477],[77.8098,28.153],[77.8175,28.154],[77.8206,28.1559],[77.8256,28.1571],[77.8291,28.1615],[77.8333,28.1619],[77.8366,28.1641],[77.8377,28.1662],[77.8425,28.1703],[77.8454,28.1716],[77.851,28.1642],[77.852,28.1591],[77.8479,28.158],[77.8538,28.1489],[77.8524,28.1449],[77.8481,28.1405],[77.8445,28.1331],[77.8508,28.1272],[77.8608,28.1312],[77.8665,28.1319],[77.8701,28.1302],[77.8751,28.1235],[77.8967,28.1088],[77.9064,28.107],[77.9143,28.1008],[77.9195,28.0935],[77.9281,28.0962],[77.9395,28.0882],[77.9373,28.0798],[77.9392,28.0766],[77.9452,28.0776],[77.9508,28.0804],[77.9586,28.0791],[77.9639,28.0827],[77.9678,28.0814],[77.9708,28.0785],[77.9736,28.0774],[77.9765,28.0788],[77.982,28.0799],[77.9872,28.0802],[77.9943,28.0749],[78.0001,28.0733],[78.0048,28.0776],[78.0045,28.0893],[78.0236,28.1025],[78.0336,28.1102],[78.0359,28.121],[78.05,28.1295],[78.0671,28.1256],[78.0742,28.1264],[78.0799,28.1224],[78.0823,28.1181],[78.088,28.1189],[78.0944,28.1171],[78.1031,28.123],[78.1047,28.1207],[78.0999,28.1108],[78.1019,28.1075],[78.1079,28.1078],[78.1181,28.1138],[78.1239,28.1143],[78.1291,28.1071],[78.1376,28.1039],[78.1434,28.0942],[78.1444,28.0882],[78.1381,28.0777],[78.1396,28.0744],[78.1438,28.0711],[78.1515,28.0688],[78.1599,28.0691],[78.1691,28.0761],[78.177,28.0853],[78.1803,28.086],[78.1847,28.084],[78.1914,28.0839],[78.1984,28.086],[78.2068,28.0932],[78.2208,28.1085],[78.2237,28.1086],[78.2318,28.0996],[78.234,28.0985],[78.2384,28.0997],[78.2399,28.1021],[78.249,28.106],[78.2516,28.1083],[78.2531,28.1141],[78.2603,28.1157],[78.2737,28.114],[78.2799,28.1172],[78.2824,28.1196],[78.2902,28.1219],[78.296,28.1216],[78.2996,28.1171],[78.3067,28.1181],[78.3219,28.1241],[78.328,28.1283],[78.3319,28.1271],[78.3361,28.1295],[78.3398,28.1359],[78.3447,28.1361],[78.3472,28.1391],[78.3521,28.1486],[78.3593,28.1518],[78.364,28.1495],[78.3689,28.1518],[78.3717,28.1482],[78.3752,28.1452],[78.3809,28.143],[78.386,28.1397],[78.388,28.1348],[78.3865,28.1279],[78.3927,28.1238],[78.3925,28.1207],[78.3861,28.1064],[78.3893,28.1033],[78.3948,28.1058],[78.403,28.1145],[78.4139,28.1073],[78.4141,28.1031],[78.4183,28.0984],[78.4239,28.0989],[78.4288,28.0938],[78.4351,28.0978],[78.4403,28.1022],[78.4517,28.0975],[78.4617,28.0975],[78.4738,28.1105],[78.486,28.124]]]},"properties":{"district_name":"Aligarh","raw_district_name":"Aligarh","state_code":"UP","state_name":"Uttar Pradesh","census_code":143,"data_source":"DataMeet India Maps (Census 2011 Boundaries)"}},{"type":"Feature","geometry":{"type":"Polygon","coordinates":[[[81.946,25.74],[81.9574,25.7386],[81.9664,25.74],[81.9703,25.7384],[81.9727,25.7362],[81.9776,25.7351],[81.9818,25.7356],[81.9855,25.7385],[81.9854,25.7409],[81.9889,25.7475],[81.9976,25.7447],[82,25.7452],[82.0049,25.7459],[82.0073,25.7458],[82.0105,25.7458],[82.0124,25.7457],[82.0134,25.7455],[82.0147,25.7447],[82.0179,25.7442],[82.0195,25.7436],[82.0212,25.7431],[82.0228,25.742],[82.0239,25.7407],[82.0258,25.7393],[82.0263,25.739],[82.0279,25.7376],[82.0296,25.7364],[82.0323,25.7337],[82.034,25.7322],[82.0359,25.7298],[82.0376,25.7282],[82.0399,25.7251],[82.04,25.7233],[82.0392,25.7225],[82.0353,25.7183],[82.0324,25.716],[82.0285,25.7115],[82.0267,25.7091],[82.0265,25.7086],[82.0252,25.7082],[82.0238,25.7081],[82.0227,25.7078],[82.0214,25.7074],[82.0168,25.7056],[82.0151,25.7046],[82.0137,25.7036],[82.0129,25.7026],[82.0121,25.7014],[82.0112,25.6981],[82.0124,25.6968],[82.0132,25.6965],[82.0155,25.6965],[82.0189,25.6967],[82.0208,25.6966],[82.0229,25.6972],[82.0248,25.697],[82.0272,25.6962],[82.0281,25.6961],[82.0298,25.6953],[82.0311,25.6945],[82.0343,25.6927],[82.0361,25.6916],[82.0373,25.691],[82.0392,25.6907],[82.0419,25.6898],[82.0432,25.6896],[82.0471,25.6883],[82.0488,25.6877],[82.0516,25.686],[82.0538,25.6853],[82.0575,25.6839],[82.0593,25.6835],[82.0609,25.6834],[82.0645,25.6809],[82.0653,25.6802],[82.0674,25.679],[82.0675,25.6784],[82.0672,25.6759],[82.0665,25.6739],[82.0642,25.6689],[82.0637,25.6679],[82.061,25.6629],[82.0606,25.6604],[82.0615,25.6592],[82.0631,25.6589],[82.0658,25.6588],[82.0681,25.6585],[82.0703,25.6584],[82.072,25.658],[82.0744,25.6577],[82.0779,25.6569],[82.0798,25.6567],[82.0815,25.6566],[82.0834,25.6561],[82.0854,25.6559],[82.0859,25.6565],[82.0869,25.6581],[82.0872,25.6594],[82.0883,25.6599],[82.0894,25.66],[82.0901,25.6604],[82.0909,25.6605],[82.0922,25.6608],[82.0942,25.6605],[82.0948,25.66],[82.0966,25.6602],[82.098,25.6601],[82.1007,25.6595],[82.1039,25.6579],[82.1052,25.6571],[82.106,25.6565],[82.1072,25.6558],[82.1085,25.6546],[82.1107,25.6541],[82.1124,25.6551],[82.1136,25.6557],[82.1178,25.6585],[82.1189,25.6591],[82.1204,25.6596],[82.1232,25.6621],[82.1239,25.6627],[82.1246,25.6633],[82.1248,25.664],[82.1244,25.6648],[82.1243,25.6659],[82.124,25.667],[82.1236,25.6677],[82.1232,25.67],[82.1231,25.672],[82.1229,25.6725],[82.1219,25.6746],[82.1221,25.6772],[82.122,25.6777],[82.123,25.6797],[82.1243,25.681],[82.1261,25.6817],[82.1281,25.682],[82.1316,25.6819],[82.1335,25.6821],[82.1359,25.6819],[82.1377,25.6821],[82.141,25.6832],[82.1423,25.6838],[82.144,25.6844],[82.1451,25.6841],[82.147,25.6839],[82.1481,25.6835],[82.1495,25.6831],[82.1506,25.6827],[82.1519,25.6823],[82.1561,25.6824],[82.1559,25.6809],[82.1561,25.6791],[82.1556,25.6769],[82.1552,25.6756],[82.1544,25.6741],[82.1524,25.671],[82.152,25.6705],[82.1507,25.6699],[82.1496,25.6697],[82.1462,25.6686],[82.1451,25.6685],[82.1437,25.6681],[82.1431,25.6679],[82.1426,25.6674],[82.1417,25.6656],[82.14,25.6617],[82.1393,25.6594],[82.1387,25.6575],[82.1392,25.657],[82.1408,25.6559],[82.1413,25.6555],[82.1426,25.6547],[82.1434,25.6539],[82.1441,25.6531],[82.1449,25.6523],[82.1442,25.6515],[82.1429,25.6514],[82.142,25.6516],[82.1411,25.6518],[82.1405,25.652],[82.1394,25.6516],[82.1374,25.6511],[82.1358,25.6502],[82.1339,25.6494],[82.1328,25.6481],[82.1315,25.6472],[82.1306,25.647],[82.129,25.6473],[82.1264,25.6473],[82.1253,25.6473],[82.1241,25.6469],[82.1228,25.6465],[82.1222,25.6458],[82.1217,25.645],[82.121,25.6434],[82.1234,25.6398],[82.1266,25.6365],[82.1283,25.6349],[82.1308,25.633],[82.1325,25.6321],[82.1335,25.6315],[82.1351,25.6297],[82.1368,25.6269],[82.1374,25.6251],[82.1382,25.6229],[82.1396,25.6206],[82.1409,25.6191],[82.1419,25.6182],[82.1428,25.6172],[82.1449,25.6142],[82.1463,25.6128],[82.1481,25.6108],[82.1487,25.6099],[82.1501,25.6085],[82.1513,25.6068],[82.1536,25.6017],[82.1544,25.6008],[82.1554,25.6002],[82.1573,25.6002],[82.1592,25.5999],[82.1618,25.5997],[82.163,25.5998],[82.1664,25.5998],[82.168,25.5996],[82.1687,25.5996],[82.1702,25.5992],[82.1715,25.598],[82.172,25.5967],[82.1725,25.5944],[82.1731,25.5918],[82.1736,25.5895],[82.1741,25.5883],[82.1753,25.5863],[82.1769,25.585],[82.1797,25.583],[82.1826,25.5813],[82.184,25.581],[82.1857,25.5812],[82.1863,25.5814],[82.1874,25.5821],[82.1903,25.5832],[82.192,25.5836],[82.1938,25.5837],[82.1965,25.5844],[82.1983,25.5847],[82.2003,25.5848],[82.201,25.5847],[82.2018,25.5818],[82.2018,25.5805],[82.2021,25.5788],[82.2021,25.5759],[82.2028,25.5745],[82.2045,25.5744],[82.2057,25.575],[82.2075,25.5764],[82.2081,25.5771],[82.2088,25.5783],[82.2101,25.5801],[82.212,25.5833],[82.2123,25.584],[82.2131,25.5857],[82.214,25.587],[82.2149,25.588],[82.2164,25.5887],[82.217,25.5888],[82.2195,25.5891],[82.2207,25.589],[82.2219,25.5887],[82.2237,25.5886],[82.2287,25.5878],[82.2331,25.5863],[82.2354,25.5857],[82.2371,25.5849],[82.2392,25.5842],[82.2412,25.5833],[82.2428,25.5831],[82.2444,25.5821],[82.2459,25.5814],[82.2485,25.5809],[82.2509,25.5794],[82.2523,25.5795],[82.2509,25.576],[82.2499,25.5747],[82.2492,25.5736],[82.247,25.5703],[82.2465,25.5694],[82.2461,25.5682],[82.2455,25.5672],[82.247,25.566],[82.2493,25.5648],[82.251,25.5643],[82.2529,25.564],[82.2545,25.564],[82.2558,25.5638],[82.2589,25.5638],[82.2629,25.5648],[82.2647,25.5643],[82.2661,25.5637],[82.2682,25.5617],[82.2704,25.5593],[82.2716,25.5581],[82.272,25.5578],[82.2735,25.5572],[82.2753,25.5564],[82.2777,25.5556],[82.2811,25.5546],[82.2825,25.5541],[82.2837,25.5535],[82.2847,25.5532],[82.286,25.5523],[82.2868,25.551],[82.2873,25.5498],[82.2881,25.5483],[82.2883,25.5469],[82.289,25.5456],[82.2896,25.5439],[82.292,25.5439],[82.2934,25.5441],[82.2957,25.5455],[82.2969,25.5459],[82.3002,25.5476],[82.3016,25.5483],[82.3036,25.5491],[82.3049,25.5494],[82.3061,25.5496],[82.3069,25.5496],[82.3091,25.5494],[82.3103,25.5493],[82.3128,25.5489],[82.3183,25.5469],[82.3216,25.5452],[82.3248,25.5439],[82.326,25.5433],[82.3269,25.5424],[82.3303,25.538],[82.3313,25.5368],[82.3304,25.536],[82.3286,25.5339],[82.3274,25.5326],[82.3272,25.5319],[82.3273,25.5302],[82.3285,25.526],[82.3291,25.5247],[82.3298,25.524],[82.3314,25.5218],[82.3323,25.5211],[82.3345,25.5178],[82.336,25.5165],[82.3367,25.5154],[82.3376,25.5142],[82.3389,25.5132],[82.3395,25.5124],[82.3387,25.5102],[82.3362,25.5046],[82.3342,25.5024],[82.3325,25.5006],[82.3315,25.4983],[82.3292,25.4983],[82.328,25.4997],[82.3274,25.5007],[82.3259,25.5028],[82.3247,25.5051],[82.324,25.5065],[82.3233,25.5086],[82.3222,25.5111],[82.3209,25.5145],[82.3194,25.5176],[82.3176,25.5214],[82.3164,25.5224],[82.3154,25.5228],[82.3132,25.5225],[82.3114,25.5224],[82.3091,25.5221],[82.3077,25.5218],[82.3058,25.5217],[82.3042,25.5214],[82.3026,25.5212],[82.2993,25.52],[82.2982,25.5192],[82.2976,25.5185],[82.2967,25.517],[82.296,25.5157],[82.296,25.5143],[82.2966,25.5135],[82.298,25.5126],[82.3,25.5116],[82.3027,25.5111],[82.3039,25.5107],[82.3059,25.5104],[82.3081,25.5099],[82.3089,25.5096],[82.3106,25.5087],[82.3116,25.5083],[82.3125,25.5077],[82.3132,25.5075],[82.3141,25.5067],[82.3153,25.5054],[82.3163,25.5041],[82.3172,25.5027],[82.3173,25.5014],[82.317,25.5009],[82.3154,25.4992],[82.3124,25.4973],[82.311,25.4964],[82.3095,25.4958],[82.3075,25.4955],[82.3061,25.4954],[82.3054,25.4953],[82.3038,25.4956],[82.3008,25.4962],[82.2997,25.4966],[82.2983,25.4974],[82.297,25.4982],[82.2933,25.4999],[82.2903,25.5001],[82.289,25.5001],[82.2882,25.4998],[82.2868,25.4981],[82.2847,25.494],[82.284,25.4913],[82.2841,25.4901],[82.2839,25.4884],[82.2839,25.4875],[82.285,25.4858],[82.2855,25.4851],[82.2865,25.4844],[82.2881,25.4828],[82.2898,25.4822],[82.2919,25.4823],[82.2929,25.4823],[82.2944,25.4826],[82.2967,25.483],[82.2992,25.4834],[82.3022,25.4842],[82.304,25.4846],[82.3053,25.4845],[82.3072,25.4847],[82.3085,25.4845],[82.3099,25.4838],[82.3118,25.4818],[82.3123,25.4807],[82.3125,25.4792],[82.3126,25.4775],[82.3129,25.4759],[82.3129,25.4734],[82.3127,25.4716],[82.3122,25.4683],[82.3108,25.4623],[82.3106,25.4611],[82.3115,25.4599],[82.3129,25.4594],[82.3151,25.4588],[82.3208,25.4568],[82.3218,25.4568],[82.3232,25.4562],[82.324,25.4547],[82.3243,25.4538],[82.3249,25.4526],[82.3261,25.4493],[82.3276,25.4491],[82.3287,25.4494],[82.3318,25.4495],[82.3342,25.4497],[82.3352,25.4496],[82.3359,25.4496],[82.337,25.4489],[82.3376,25.4483],[82.3382,25.4472],[82.3405,25.4435],[82.3419,25.4417],[82.3433,25.4389],[82.3441,25.4369],[82.3448,25.435],[82.3457,25.4334],[82.3466,25.4318],[82.3484,25.4293],[82.3497,25.4273],[82.3506,25.4254],[82.3521,25.423],[82.3527,25.4198],[82.3533,25.4188],[82.3514,25.4144],[82.3508,25.4132],[82.349,25.4103],[82.3482,25.4085],[82.3466,25.4062],[82.3455,25.4047],[82.343,25.4026],[82.3416,25.4009],[82.3407,25.4008],[82.3367,25.4013],[82.335,25.4013],[82.3327,25.4015],[82.3307,25.4019],[82.3303,25.4012],[82.328,25.3956],[82.3273,25.3938],[82.3272,25.3928],[82.3259,25.3935],[82.325,25.3936],[82.3213,25.3959],[82.32,25.3964],[82.3189,25.397],[82.3178,25.3973],[82.3149,25.3917],[82.3142,25.3899],[82.3134,25.3882],[82.3126,25.3862],[82.3143,25.386],[82.3152,25.3861],[82.317,25.386],[82.3197,25.3843],[82.3201,25.3835],[82.32,25.3826],[82.3186,25.3786],[82.3172,25.3762],[82.3157,25.3745],[82.3146,25.3736],[82.3137,25.3732],[82.3111,25.371],[82.3093,25.3702],[82.3089,25.3695],[82.3084,25.3691],[82.3084,25.3682],[82.3089,25.3669],[82.31,25.3657],[82.3112,25.3639],[82.3128,25.3621],[82.3138,25.3604],[82.3161,25.357],[82.3166,25.3552],[82.3165,25.3529],[82.3166,25.3518],[82.3175,25.3479],[82.3181,25.3456],[82.3189,25.3443],[82.3193,25.343],[82.3193,25.3404],[82.3187,25.3383],[82.3166,25.3338],[82.3148,25.3316],[82.3145,25.331],[82.314,25.3302],[82.3123,25.3286],[82.3111,25.328],[82.3087,25.3279],[82.3068,25.3279],[82.3057,25.3281],[82.3042,25.3264],[82.3034,25.3249],[82.3023,25.3221],[82.3023,25.3214],[82.302,25.3207],[82.3019,25.3186],[82.3029,25.3146],[82.3032,25.3141],[82.3038,25.3126],[82.3034,25.3114],[82.3033,25.3108],[82.3022,25.3082],[82.3014,25.3074],[82.3004,25.3065],[82.2997,25.306],[82.2974,25.3047],[82.2968,25.3042],[82.2947,25.3034],[82.2936,25.3026],[82.2916,25.3006],[82.2904,25.2999],[82.2892,25.2997],[82.2867,25.2996],[82.2851,25.2996],[82.2834,25.2993],[82.2806,25.2981],[82.2772,25.2961],[82.2754,25.2952],[82.2736,25.2945],[82.2725,25.294],[82.2716,25.2939],[82.2694,25.2933],[82.2671,25.2932],[82.2647,25.2925],[82.264,25.2925],[82.2636,25.2918],[82.2631,25.2907],[82.2621,25.2895],[82.2609,25.2876],[82.259,25.2849],[82.2586,25.2837],[82.2559,25.2795],[82.2551,25.2766],[82.2545,25.2753],[82.2526,25.2739],[82.251,25.2741],[82.249,25.2743],[82.2421,25.2743],[82.24,25.274],[82.238,25.2742],[82.235,25.2747],[82.2323,25.2748],[82.2305,25.2746],[82.2258,25.2749],[82.2224,25.2755],[82.2216,25.2734],[82.2201,25.2678],[82.2194,25.2655],[82.2188,25.2639],[82.2178,25.2615],[82.217,25.2593],[82.2146,25.2539],[82.2125,25.2498],[82.2108,25.2481],[82.2099,25.2463],[82.209,25.2449],[82.2079,25.2435],[82.2065,25.2414],[82.2055,25.24],[82.203,25.2371],[82.2016,25.2353],[82.1995,25.2327],[82.1967,25.226],[82.196,25.2236],[82.1955,25.221],[82.1947,25.2162],[82.1963,25.2067],[82.1969,25.2042],[82.198,25.2016],[82.1993,25.1985],[82.2018,25.1942],[82.2033,25.1925],[82.2049,25.1904],[82.2084,25.1874],[82.2112,25.1858],[82.2161,25.1837],[82.2206,25.1827],[82.2264,25.1819],[82.2289,25.1817],[82.2328,25.1809],[82.2357,25.1806],[82.2379,25.1805],[82.2437,25.1808],[82.2488,25.1808],[82.2543,25.1811],[82.2577,25.1811],[82.2604,25.1816],[82.2629,25.1825],[82.2663,25.1829],[82.269,25.1821],[82.2695,25.1807],[82.2695,25.1795],[82.2689,25.1757],[82.269,25.1744],[82.2689,25.1718],[82.2695,25.1692],[82.2696,25.1677],[82.2695,25.1662],[82.2697,25.1646],[82.2699,25.1634],[82.2703,25.1624],[82.2707,25.1616],[82.2715,25.1611],[82.2733,25.1602],[82.2759,25.1599],[82.2793,25.1593],[82.2803,25.1593],[82.2819,25.159],[82.2843,25.1579],[82.2861,25.1566],[82.2872,25.1555],[82.2882,25.1543],[82.2891,25.1533],[82.2902,25.1517],[82.2911,25.1505],[82.2925,25.1499],[82.2955,25.1509],[82.2969,25.1524],[82.2983,25.1539],[82.2991,25.1548],[82.3,25.1564],[82.3008,25.157],[82.3018,25.1565],[82.3023,25.1536],[82.302,25.151],[82.3011,25.1482],[82.2995,25.1457],[82.2984,25.1446],[82.2975,25.1427],[82.2976,25.1396],[82.2975,25.1374],[82.2968,25.1354],[82.2968,25.1347],[82.298,25.1328],[82.3009,25.131],[82.3024,25.13],[82.3038,25.1289],[82.3048,25.1279],[82.3053,25.1258],[82.3057,25.123],[82.3055,25.1192],[82.3052,25.1172],[82.3039,25.1117],[82.3044,25.1094],[82.305,25.1081],[82.3063,25.1065],[82.3079,25.1052],[82.3097,25.1037],[82.3121,25.1021],[82.3132,25.101],[82.317,25.0968],[82.318,25.0944],[82.321,25.0912],[82.324,25.0885],[82.3257,25.0868],[82.3266,25.0855],[82.3271,25.0837],[82.3281,25.0809],[82.3283,25.0791],[82.328,25.0769],[82.3274,25.0757],[82.3257,25.0738],[82.323,25.0714],[82.3219,25.07],[82.3189,25.0666],[82.3162,25.0626],[82.3153,25.0613],[82.3138,25.0606],[82.3116,25.0601],[82.3092,25.0597],[82.3075,25.059],[82.3069,25.0579],[82.3063,25.0564],[82.3055,25.0554],[82.3044,25.0546],[82.2994,25.0542],[82.2981,25.0538],[82.2972,25.0529],[82.2968,25.0522],[82.2967,25.0516],[82.2968,25.0506],[82.2972,25.0496],[82.2987,25.0475],[82.3009,25.0449],[82.3022,25.0438],[82.3033,25.0423],[82.3061,25.0365],[82.3067,25.0345],[82.3071,25.0314],[82.3078,25.0276],[82.3078,25.0245],[82.3067,25.0217],[82.3052,25.0195],[82.303,25.0173],[82.2982,25.0132],[82.295,25.01],[82.2917,25.0075],[82.2902,25.0058],[82.2897,25.004],[82.2893,25.002],[82.2893,25.0007],[82.2755,24.9834],[82.2709,24.9767],[82.2681,24.9693],[82.2646,24.9666],[82.2519,24.9657],[82.2418,24.9635],[82.2312,24.9483],[82.232,24.9404],[82.2303,24.9357],[82.2258,24.9332],[82.2113,24.9383],[82.2039,24.9303],[82.1992,24.9157],[82.1932,24.9131],[82.1887,24.9142],[82.1813,24.9079],[82.1817,24.9026],[82.169,24.8905],[82.1662,24.8895],[82.1605,24.8898],[82.1581,24.893],[82.1503,24.8967],[82.1479,24.9012],[82.1446,24.905],[82.1355,24.9021],[82.135,24.8957],[82.1383,24.8837],[82.1352,24.8801],[82.1339,24.8749],[82.1311,24.8718],[82.1236,24.8668],[82.1187,24.8719],[82.1119,24.8755],[82.1128,24.8681],[82.1122,24.8641],[82.1034,24.8648],[82.1026,24.8612],[82.1036,24.8588],[82.1018,24.8532],[82.1074,24.8511],[82.1167,24.8541],[82.1201,24.847],[82.1055,24.8418],[82.0986,24.8405],[82.0985,24.8358],[82.0843,24.8327],[82.0931,24.8273],[82.1017,24.819],[82.1057,24.8121],[82.1083,24.8073],[82.1029,24.8077],[82.098,24.8132],[82.0901,24.8194],[82.0791,24.8222],[82.0734,24.8207],[82.0647,24.8254],[82.0506,24.8315],[82.0455,24.8302],[82.0326,24.8419],[82.0131,24.8479],[82.0062,24.8447],[81.9998,24.8437],[81.9837,24.8397],[81.9763,24.8411],[81.9733,24.8386],[81.9698,24.8289],[81.9674,24.8278],[81.9654,24.8293],[81.9631,24.8364],[81.956,24.8398],[81.9509,24.8392],[81.9455,24.8472],[81.9429,24.8486],[81.94,24.8536],[81.935,24.8579],[81.9367,24.8702],[81.9319,24.8734],[81.9234,24.8749],[81.9217,24.8775],[81.9184,24.8775],[81.9146,24.8807],[81.911,24.8812],[81.9047,24.8896],[81.9071,24.8964],[81.9068,24.9023],[81.9107,24.9086],[81.9186,24.9176],[81.9203,24.928],[81.9179,24.9342],[81.9124,24.9393],[81.9093,24.9701],[81.9067,24.9723],[81.9068,24.9739],[81.91,24.9798],[81.9089,24.9818],[81.9028,24.9844],[81.9032,24.9881],[81.9076,24.9962],[81.9083,25.0004],[81.9083,25.0042],[81.9068,25.0066],[81.8998,25.0104],[81.8977,25.0101],[81.8966,25.0079],[81.897,25.0065],[81.9,25.002],[81.9024,25.0004],[81.9014,24.9968],[81.8989,24.9933],[81.8961,24.9904],[81.8945,24.9898],[81.8916,24.9906],[81.8897,24.9965],[81.8819,24.9991],[81.8767,24.9992],[81.8752,24.9971],[81.8729,24.9974],[81.8721,25.0005],[81.8577,25.0029],[81.8547,25.004],[81.8484,25.0119],[81.8433,25.0152],[81.8377,25.0162],[81.8,25.0069],[81.7976,25.007],[81.7884,25.0121],[81.7871,25.0145],[81.7797,25.0201],[81.7581,25.0285],[81.7558,25.0305],[81.7548,25.0326],[81.7499,25.0338],[81.7466,25.0359],[81.7456,25.0388],[81.7428,25.04],[81.7434,25.0413],[81.7408,25.0455],[81.7248,25.0498],[81.7222,25.044],[81.7218,25.0369],[81.7185,25.0359],[81.7137,25.0347],[81.6939,25.039],[81.6903,25.0405],[81.6921,25.0476],[81.6914,25.0535],[81.6862,25.0614],[81.6842,25.0627],[81.6797,25.063],[81.6724,25.0607],[81.6706,25.0619],[81.6688,25.0682],[81.6683,25.0749],[81.6671,25.0764],[81.6649,25.0753],[81.6615,25.0718],[81.6552,25.0718],[81.6544,25.0673],[81.6526,25.0651],[81.644,25.0585],[81.6404,25.0582],[81.6336,25.0592],[81.6303,25.0536],[81.6256,25.0538],[81.6169,25.0556],[81.6127,25.0574],[81.6111,25.0597],[81.6116,25.0611],[81.6139,25.0612],[81.6169,25.06],[81.6181,25.0614],[81.6165,25.0635],[81.6123,25.0662],[81.6112,25.0685],[81.6028,25.0736],[81.6022,25.0765],[81.6043,25.0785],[81.6128,25.0797],[81.6179,25.0818],[81.6232,25.0907],[81.6293,25.0918],[81.6299,25.095],[81.6342,25.0966],[81.6377,25.0964],[81.6401,25.0982],[81.6403,25.0999],[81.631,25.1079],[81.6337,25.1145],[81.6335,25.1171],[81.6317,25.1186],[81.6252,25.1193],[81.6232,25.1165],[81.6214,25.1099],[81.6185,25.1084],[81.6148,25.1026],[81.6126,25.0963],[81.6096,25.0969],[81.6112,25.1091],[81.6102,25.1127],[81.6107,25.1142],[81.5994,25.1196],[81.5999,25.124],[81.6025,25.1261],[81.6005,25.133],[81.6026,25.1346],[81.6076,25.1364],[81.6127,25.1394],[81.6184,25.1438],[81.6206,25.1432],[81.6235,25.1406],[81.6261,25.1429],[81.6273,25.1457],[81.6281,25.1523],[81.6274,25.1563],[81.6258,25.1605],[81.6228,25.1617],[81.6219,25.1671],[81.6184,25.1702],[81.6166,25.1694],[81.6152,25.1672],[81.6155,25.1646],[81.6139,25.1622],[81.6113,25.1625],[81.6096,25.164],[81.6083,25.1626],[81.605,25.1621],[81.5902,25.1648],[81.5904,25.1669],[81.5965,25.1804],[81.594,25.1832],[81.5856,25.1879],[81.5801,25.1895],[81.5749,25.1923],[81.5669,25.1857],[81.5575,25.1831],[81.5572,25.1852],[81.5484,25.1842],[81.5424,25.1848],[81.5465,25.1893],[81.5268,25.1941],[81.521,25.1939],[81.5201,25.2054],[81.5219,25.2217],[81.5212,25.2268],[81.5262,25.2265],[81.526,25.2346],[81.542,25.2346],[81.545,25.2338],[81.5567,25.2357],[81.5588,25.237],[81.5644,25.2388],[81.564,25.241],[81.5583,25.2502],[81.5561,25.2577],[81.5542,25.271],[81.5528,25.2732],[81.5494,25.2865],[81.5501,25.2901],[81.5501,25.29],[81.5502,25.2903],[81.5522,25.2928],[81.5744,25.3083],[81.5929,25.3203],[81.5939,25.3208],[81.5986,25.3229],[81.6145,25.3393],[81.624,25.3459],[81.6362,25.3506],[81.656,25.3538],[81.6678,25.3544],[81.6823,25.3549],[81.692,25.3552],[81.7184,25.3526],[81.7328,25.3501],[81.7437,25.3481],[81.7445,25.3479],[81.7566,25.3446],[81.7572,25.3443],[81.76,25.3432],[81.7616,25.3423],[81.7809,25.3275],[81.7851,25.3225],[81.789,25.3193],[81.7952,25.3188],[81.8033,25.3227],[81.8062,25.3252],[81.8112,25.3315],[81.8136,25.3362],[81.8164,25.342],[81.8149,25.3478],[81.8131,25.3511],[81.8039,25.3615],[81.8021,25.364],[81.7954,25.3735],[81.7955,25.3769],[81.7999,25.3856],[81.8191,25.409],[81.8234,25.4114],[81.8232,25.4124],[81.8191,25.4204],[81.8163,25.4233],[81.8069,25.4351],[81.8062,25.4419],[81.8076,25.4425],[81.8071,25.4528],[81.806,25.4614],[81.8016,25.4694],[81.8012,25.4708],[81.798,25.4698],[81.782,25.4701],[81.7722,25.4721],[81.7602,25.4769],[81.7538,25.4814],[81.7398,25.493],[81.7287,25.509],[81.7241,25.5114],[81.6915,25.5074],[81.6821,25.5075],[81.6732,25.5095],[81.6669,25.5135],[81.6625,25.5211],[81.6552,25.5307],[81.6536,25.5341],[81.6518,25.5528],[81.6526,25.5697],[81.6489,25.5786],[81.633,25.5881],[81.6243,25.5925],[81.6144,25.5928],[81.6134,25.6086],[81.6073,25.6128],[81.6085,25.6166],[81.6114,25.6191],[81.6195,25.623],[81.6215,25.6247],[81.6223,25.6422],[81.6206,25.6445],[81.6106,25.6493],[81.6113,25.6462],[81.6104,25.6444],[81.6058,25.6467],[81.6043,25.6486],[81.6054,25.653],[81.603,25.6549],[81.6039,25.6581],[81.6062,25.6593],[81.6082,25.6623],[81.6094,25.6649],[81.6091,25.6673],[81.6115,25.6674],[81.6212,25.6643],[81.633,25.6631],[81.6383,25.6638],[81.6429,25.662],[81.643,25.6593],[81.6378,25.6534],[81.6381,25.6521],[81.6412,25.6486],[81.646,25.6446],[81.6447,25.6418],[81.6374,25.6403],[81.6355,25.6391],[81.6352,25.637],[81.636,25.6344],[81.6386,25.6299],[81.6455,25.6224],[81.6478,25.6211],[81.6513,25.6169],[81.6557,25.6171],[81.6565,25.6135],[81.6597,25.612],[81.6637,25.6132],[81.6666,25.6155],[81.6671,25.6174],[81.6774,25.6245],[81.682,25.6299],[81.6851,25.631],[81.6868,25.6313],[81.6899,25.6304],[81.6982,25.6332],[81.7038,25.6336],[81.7079,25.6326],[81.7135,25.6283],[81.7219,25.6248],[81.7272,25.6249],[81.7338,25.6307],[81.7353,25.6355],[81.7351,25.6379],[81.7272,25.6422],[81.7236,25.644],[81.722,25.6471],[81.7215,25.6512],[81.7227,25.6599],[81.7176,25.6589],[81.6991,25.6605],[81.6966,25.6621],[81.6972,25.667],[81.7005,25.6705],[81.7033,25.6714],[81.7114,25.6732],[81.7171,25.6707],[81.7191,25.6706],[81.7241,25.6742],[81.7274,25.6744],[81.7347,25.672],[81.7432,25.6704],[81.7476,25.6686],[81.7509,25.6685],[81.7529,25.6712],[81.756,25.679],[81.7575,25.6858],[81.7573,25.6919],[81.7568,25.6931],[81.7484,25.6956],[81.7452,25.6981],[81.7576,25.7164],[81.7553,25.7191],[81.7529,25.7258],[81.7533,25.73],[81.7548,25.7335],[81.7579,25.7357],[81.7659,25.7382],[81.7715,25.7418],[81.7777,25.7444],[81.7933,25.7488],[81.8003,25.7493],[81.806,25.7487],[81.8101,25.7468],[81.8275,25.7418],[81.8245,25.731],[81.8252,25.7253],[81.8273,25.725],[81.833,25.7271],[81.8433,25.7255],[81.8467,25.7312],[81.8558,25.7245],[81.8611,25.7224],[81.8616,25.7177],[81.8652,25.7156],[81.8663,25.7159],[81.8707,25.7228],[81.8785,25.722],[81.8814,25.7205],[81.882,25.7178],[81.8815,25.7165],[81.8866,25.7121],[81.89,25.7109],[81.8916,25.7116],[81.8946,25.7184],[81.9022,25.7135],[81.9078,25.7121],[81.9176,25.7139],[81.9172,25.7193],[81.9186,25.7211],[81.9228,25.7231],[81.925,25.7271],[81.9256,25.7295],[81.9243,25.7352],[81.9273,25.7437],[81.9319,25.7514],[81.9342,25.7506],[81.9424,25.7421],[81.946,25.74]]]},"properties":{"district_name":"Allahabad","raw_district_name":"Allahabad","state_code":"UP","state_name":"Uttar Pradesh","census_code":175,"data_source":"DataMeet India Maps (Census 2011 Boundaries)"}},{"type":"Feature","geometry":{"type":"Polygon","coordinates":[[[82.8819,26.5401],[82.8865,26.5421],[82.8948,26.541],[82.9063,26.5375],[82.9032,26.5408],[82.9172,26.5323],[82.9277,26.5203],[82.9351,26.5162],[82.9443,26.507],[82.9511,26.5071],[82.956,26.5059],[82.9596,26.5021],[82.9747,26.4937],[82.9834,26.4907],[83,26.4851],[83.0187,26.4784],[83.0246,26.474],[83.0282,26.4683],[83.0288,26.4625],[83.0317,26.4558],[83.0387,26.4441],[83.049,26.4322],[83.0573,26.4208],[83.0708,26.4078],[83.0774,26.4],[83.0816,26.3963],[83.0836,26.3931],[83.087,26.3905],[83.0907,26.3892],[83.094,26.3916],[83.0983,26.3924],[83.1135,26.3915],[83.1218,26.3904],[83.1275,26.3871],[83.135,26.3848],[83.1273,26.3719],[83.115,26.3559],[83.1144,26.3466],[83.1114,26.3366],[83.1112,26.3278],[83.1129,26.3226],[83.1136,26.3163],[83.1164,26.3121],[83.1125,26.3084],[83.1145,26.3022],[83.111,26.2923],[83.1111,26.2844],[83.1056,26.2822],[83.1002,26.2836],[83.0984,26.279],[83.0929,26.282],[83.0851,26.2822],[83.082,26.2876],[83.0794,26.2892],[83.0776,26.2819],[83.0738,26.2808],[83.0698,26.2812],[83.067,26.2828],[83.0646,26.2869],[83.0613,26.2885],[83.0487,26.2906],[83.0472,26.2931],[83.04,26.2994],[83.0371,26.3041],[83.0377,26.3084],[83.0396,26.3118],[83.0395,26.317],[83.0373,26.3225],[83.0313,26.3299],[83.0297,26.333],[83.0261,26.3366],[83.0222,26.3372],[83.0117,26.3366],[83.0009,26.3438],[83,26.3441],[82.9979,26.342],[82.9949,26.3416],[82.992,26.3423],[82.9868,26.3458],[82.9831,26.3429],[82.9778,26.3407],[82.9738,26.3448],[82.971,26.349],[82.9686,26.3553],[82.9722,26.3614],[82.9793,26.3694],[82.9746,26.3789],[82.9718,26.3801],[82.9661,26.3808],[82.958,26.3872],[82.9513,26.3829],[82.9481,26.3795],[82.946,26.38],[82.946,26.3835],[82.9436,26.3857],[82.9398,26.3819],[82.9354,26.3833],[82.9329,26.3876],[82.9324,26.3928],[82.9359,26.3984],[82.9414,26.4015],[82.9486,26.4029],[82.9566,26.4032],[82.9589,26.4051],[82.9611,26.4102],[82.961,26.4181],[82.9646,26.4249],[82.9598,26.4298],[82.9671,26.4424],[82.9567,26.4487],[82.9498,26.4501],[82.9441,26.4429],[82.9409,26.4411],[82.9385,26.438],[82.9409,26.4355],[82.9467,26.4324],[82.943,26.4271],[82.9377,26.4277],[82.9283,26.4309],[82.9101,26.442],[82.908,26.4346],[82.9192,26.4253],[82.9211,26.4214],[82.9197,26.4146],[82.9128,26.4023],[82.9148,26.4008],[82.9186,26.3999],[82.9173,26.396],[82.92,26.3941],[82.9184,26.3918],[82.912,26.3887],[82.8848,26.383],[82.8836,26.3754],[82.8809,26.3742],[82.8756,26.3658],[82.8734,26.3587],[82.8751,26.3557],[82.8825,26.3542],[82.892,26.3512],[82.8971,26.3466],[82.8946,26.3418],[82.8865,26.327],[82.8823,26.3233],[82.878,26.3214],[82.8712,26.3237],[82.8645,26.3248],[82.865,26.3138],[82.8743,26.3111],[82.8753,26.3017],[82.878,26.2941],[82.8815,26.2909],[82.8818,26.288],[82.8757,26.2759],[82.8786,26.2714],[82.8774,26.266],[82.878,26.2609],[82.8866,26.2517],[82.882,26.2429],[82.8851,26.2351],[82.879,26.2343],[82.8744,26.2248],[82.8665,26.2217],[82.8677,26.2148],[82.8724,26.2104],[82.8689,26.2095],[82.8658,26.2106],[82.8614,26.2083],[82.8596,26.2059],[82.8611,26.2041],[82.868,26.2033],[82.8737,26.1948],[82.8745,26.1881],[82.8781,26.1871],[82.8883,26.1892],[82.8909,26.1845],[82.8907,26.1809],[82.8835,26.1688],[82.8764,26.1736],[82.8733,26.1726],[82.8712,26.1693],[82.8718,26.1619],[82.8658,26.1606],[82.8621,26.1624],[82.8604,26.167],[82.8556,26.1677],[82.852,26.1657],[82.8482,26.1664],[82.8435,26.1693],[82.842,26.1724],[82.8385,26.1763],[82.8375,26.1808],[82.8274,26.1803],[82.8252,26.1867],[82.8206,26.1885],[82.8096,26.1902],[82.8044,26.189],[82.7978,26.1916],[82.7914,26.1894],[82.7897,26.1907],[82.7901,26.1979],[82.7884,26.199],[82.7803,26.1943],[82.7752,26.2051],[82.7692,26.2128],[82.7607,26.2131],[82.7496,26.2287],[82.7529,26.2331],[82.7531,26.2395],[82.7527,26.2443],[82.7502,26.2531],[82.7563,26.2629],[82.7534,26.2643],[82.748,26.2604],[82.7353,26.2475],[82.7284,26.2519],[82.7257,26.2552],[82.7143,26.2604],[82.7084,26.2651],[82.7036,26.2636],[82.702,26.2646],[82.7003,26.2685],[82.693,26.2691],[82.6913,26.2642],[82.691,26.2602],[82.6804,26.2554],[82.6746,26.2524],[82.6693,26.2524],[82.6679,26.2564],[82.6674,26.2621],[82.6624,26.2599],[82.6577,26.2552],[82.651,26.2451],[82.6433,26.2527],[82.6391,26.2482],[82.6383,26.2456],[82.633,26.248],[82.6262,26.2499],[82.6242,26.2534],[82.6197,26.2545],[82.6149,26.2547],[82.6076,26.2644],[82.6031,26.2646],[82.602,26.2628],[82.6034,26.2603],[82.5975,26.2585],[82.5919,26.2575],[82.586,26.2578],[82.5844,26.2561],[82.5816,26.2569],[82.5788,26.2597],[82.5786,26.2659],[82.576,26.2673],[82.5718,26.2668],[82.5678,26.2704],[82.5615,26.2744],[82.5528,26.2839],[82.5463,26.2786],[82.543,26.2783],[82.5369,26.2817],[82.5301,26.2794],[82.5204,26.2882],[82.5155,26.2912],[82.5118,26.2909],[82.5033,26.2869],[82.4932,26.2807],[82.4838,26.2851],[82.4806,26.2793],[82.4768,26.2776],[82.4701,26.2832],[82.4628,26.2831],[82.457,26.284],[82.454,26.2857],[82.4485,26.2863],[82.4472,26.2886],[82.4519,26.2899],[82.4547,26.2921],[82.4524,26.3042],[82.4497,26.3003],[82.4459,26.302],[82.4415,26.3056],[82.4403,26.3091],[82.4372,26.3091],[82.4376,26.2987],[82.4335,26.2988],[82.4336,26.3027],[82.4319,26.3062],[82.4315,26.3087],[82.4201,26.3194],[82.4085,26.3227],[82.4027,26.3266],[82.4016,26.3302],[82.4035,26.3355],[82.4024,26.3426],[82.4024,26.3524],[82.4005,26.3576],[82.397,26.3586],[82.394,26.3621],[82.3869,26.3647],[82.3872,26.3754],[82.3823,26.3784],[82.3702,26.3812],[82.3642,26.3819],[82.3558,26.3811],[82.3378,26.3819],[82.332,26.3839],[82.3265,26.3844],[82.3243,26.3828],[82.3232,26.3819],[82.3222,26.3802],[82.319,26.3789],[82.3173,26.3798],[82.3218,26.3909],[82.3166,26.3946],[82.3134,26.3942],[82.3073,26.4003],[82.3022,26.4027],[82.298,26.3993],[82.292,26.3973],[82.2876,26.3942],[82.2869,26.3923],[82.2834,26.3911],[82.2821,26.3885],[82.2803,26.3888],[82.2782,26.3967],[82.2742,26.3986],[82.2704,26.4024],[82.2589,26.4018],[82.2576,26.3939],[82.2538,26.3912],[82.2495,26.3918],[82.2475,26.3942],[82.244,26.395],[82.2424,26.3968],[82.2252,26.4032],[82.221,26.4074],[82.221,26.4074],[82.221,26.4074],[82.2308,26.412],[82.2385,26.4168],[82.2425,26.4187],[82.246,26.4213],[82.252,26.4205],[82.256,26.4208],[82.2614,26.4419],[82.2634,26.4441],[82.2662,26.445],[82.2703,26.4465],[82.2707,26.4466],[82.273,26.4487],[82.2792,26.4543],[82.2839,26.4635],[82.2826,26.4671],[82.2828,26.4702],[82.2888,26.4722],[82.29,26.4759],[82.2888,26.4788],[82.2906,26.4827],[82.296,26.4833],[82.3,26.4847],[82.3053,26.4951],[82.3091,26.4992],[82.3107,26.5029],[82.317,26.5067],[82.3182,26.5095],[82.3157,26.5115],[82.3114,26.5129],[82.3141,26.527],[82.3203,26.5439],[82.3227,26.5484],[82.3288,26.5528],[82.3306,26.5556],[82.3324,26.5654],[82.3357,26.5713],[82.3391,26.5767],[82.3432,26.5782],[82.3478,26.576],[82.3514,26.5771],[82.3549,26.5792],[82.3593,26.5783],[82.3704,26.5735],[82.3793,26.5726],[82.3805,26.5702],[82.3812,26.5646],[82.3787,26.5582],[82.3713,26.5549],[82.3757,26.5477],[82.3812,26.5495],[82.3889,26.5459],[82.391,26.5433],[82.3966,26.543],[82.4032,26.5442],[82.4059,26.5475],[82.4061,26.5501],[82.4123,26.5522],[82.4175,26.5568],[82.4224,26.5483],[82.4269,26.5451],[82.4307,26.5462],[82.4318,26.5511],[82.4338,26.5554],[82.4371,26.555],[82.4431,26.5625],[82.4477,26.5604],[82.4526,26.567],[82.4564,26.568],[82.4598,26.5699],[82.4613,26.5752],[82.4682,26.5823],[82.4602,26.5852],[82.4591,26.5871],[82.4603,26.5901],[82.4527,26.5924],[82.4518,26.5949],[82.4551,26.6028],[82.4588,26.6029],[82.4659,26.6018],[82.4695,26.6054],[82.4774,26.6077],[82.4796,26.6128],[82.4795,26.6158],[82.469,26.6291],[82.4733,26.6373],[82.4785,26.6523],[82.4785,26.6523],[82.488,26.6445],[82.4967,26.6397],[82.5082,26.6346],[82.5441,26.625],[82.5681,26.6119],[82.5723,26.6109],[82.5795,26.6041],[82.5863,26.6039],[82.5952,26.6018],[82.5999,26.6027],[82.6117,26.6007],[82.6229,26.6006],[82.6326,26.6007],[82.6418,26.6017],[82.6505,26.6072],[82.665,26.6046],[82.668,26.5968],[82.6717,26.5932],[82.6849,26.5856],[82.6873,26.5825],[82.6875,26.5743],[82.6933,26.5696],[82.6995,26.567],[82.707,26.5663],[82.7103,26.5574],[82.7136,26.5551],[82.7285,26.5535],[82.739,26.5573],[82.7501,26.5602],[82.7557,26.5605],[82.7654,26.5583],[82.7734,26.5607],[82.782,26.5642],[82.7872,26.5689],[82.7969,26.5723],[82.8099,26.5747],[82.8144,26.5743],[82.8388,26.5634],[82.8409,26.5566],[82.8489,26.551],[82.8553,26.5489],[82.8691,26.5397],[82.8735,26.5376],[82.8777,26.5382],[82.8819,26.5401]],[[82.8982,26.4328],[82.8864,26.4373],[82.8813,26.4327],[82.878,26.433],[82.8761,26.4306],[82.867,26.4307],[82.8679,26.415],[82.8717,26.4126],[82.8729,26.4071],[82.8833,26.4069],[82.8887,26.4107],[82.8928,26.4118],[82.8951,26.4144],[82.8943,26.4186],[82.8985,26.4217],[82.8987,26.4237],[82.8961,26.427],[82.8982,26.4328]]]},"properties":{"district_name":"Ambedkar Nagar","raw_district_name":"Ambedkar Nagar","state_code":"UP","state_name":"Uttar Pradesh","census_code":178,"data_source":"DataMeet India Maps (Census 2011 Boundaries)"}},{"type":"Feature","geometry":{"type":"Polygon","coordinates":[[[79.7592,26.7833],[79.7577,26.7797],[79.7493,26.7706],[79.7475,26.7679],[79.7434,26.7645],[79.737,26.7644],[79.7333,26.7652],[79.7274,26.7544],[79.7214,26.751],[79.7167,26.7491],[79.7068,26.7476],[79.7046,26.7465],[79.699,26.7454],[79.6943,26.7446],[79.6906,26.745],[79.6767,26.7429],[79.6764,26.7393],[79.6786,26.7357],[79.6875,26.7308],[79.6923,26.7289],[79.695,26.7266],[79.6982,26.718],[79.7005,26.7169],[79.7038,26.717],[79.7062,26.712],[79.7139,26.7088],[79.7167,26.7051],[79.7219,26.6917],[79.722,26.6897],[79.7161,26.6751],[79.7174,26.672],[79.7232,26.6655],[79.7213,26.6611],[79.7171,26.655],[79.7121,26.6511],[79.7116,26.6486],[79.7048,26.6454],[79.6841,26.6283],[79.6746,26.6144],[79.6704,26.6135],[79.662,26.6153],[79.6557,26.6054],[79.6536,26.6039],[79.6489,26.6074],[79.6452,26.6076],[79.6424,26.6062],[79.638,26.6002],[79.6363,26.5948],[79.6363,26.5906],[79.6361,26.5793],[79.639,26.5755],[79.6448,26.5723],[79.6494,26.5717],[79.6498,26.5704],[79.6468,26.5648],[79.6444,26.5623],[79.6401,26.5503],[79.6309,26.5443],[79.6383,26.5392],[79.6403,26.5351],[79.6413,26.5278],[79.6411,26.521],[79.6386,26.5173],[79.6382,26.514],[79.6406,26.5112],[79.6394,26.508],[79.6291,26.5102],[79.6247,26.5135],[79.6181,26.5077],[79.6132,26.5021],[79.614,26.5002],[79.6236,26.4923],[79.6221,26.4898],[79.6189,26.4881],[79.6097,26.4853],[79.6042,26.4822],[79.6008,26.4817],[79.5991,26.4804],[79.5974,26.4773],[79.6022,26.4676],[79.5996,26.4635],[79.596,26.463],[79.5927,26.464],[79.5833,26.4513],[79.5799,26.4482],[79.5755,26.448],[79.5727,26.4491],[79.5706,26.4462],[79.5721,26.4421],[79.5755,26.4367],[79.5781,26.4344],[79.5782,26.4328],[79.5753,26.4292],[79.5712,26.4215],[79.5627,26.4095],[79.5584,26.4053],[79.5542,26.404],[79.5475,26.4032],[79.5349,26.3884],[79.5128,26.3673],[79.5094,26.3648],[79.5037,26.3638],[79.5027,26.3653],[79.5027,26.3678],[79.4938,26.3811],[79.4908,26.3889],[79.4904,26.3962],[79.4912,26.4066],[79.4884,26.415],[79.4863,26.4197],[79.4821,26.4249],[79.4764,26.43],[79.4743,26.4311],[79.4585,26.4341],[79.454,26.4341],[79.4363,26.4315],[79.4221,26.4254],[79.3948,26.4181],[79.3725,26.4082],[79.365,26.4057],[79.3417,26.4014],[79.3318,26.4059],[79.3278,26.4069],[79.312,26.4166],[79.3067,26.4257],[79.3026,26.4361],[79.2997,26.4392],[79.2927,26.4424],[79.2873,26.4417],[79.2766,26.4357],[79.2694,26.4326],[79.2515,26.4278],[79.2464,26.4275],[79.2329,26.4276],[79.2281,26.4345],[79.2281,26.4364],[79.2313,26.4403],[79.24,26.4453],[79.2599,26.4533],[79.28,26.4646],[79.2874,26.4758],[79.2885,26.4823],[79.2856,26.4858],[79.276,26.4915],[79.2748,26.4962],[79.2767,26.4995],[79.3121,26.5149],[79.3155,26.5218],[79.3119,26.525],[79.3067,26.5261],[79.3006,26.5238],[79.278,26.5146],[79.2684,26.5148],[79.2603,26.5209],[79.2598,26.5266],[79.261,26.5323],[79.2593,26.5356],[79.2508,26.5373],[79.2377,26.536],[79.2324,26.5396],[79.2328,26.5456],[79.237,26.5518],[79.2431,26.566],[79.2475,26.5833],[79.2504,26.591],[79.2523,26.6015],[79.2582,26.6084],[79.2597,26.6132],[79.2592,26.6189],[79.2692,26.6236],[79.2824,26.6238],[79.2835,26.6271],[79.2875,26.6303],[79.2931,26.6304],[79.2995,26.633],[79.3014,26.6417],[79.3125,26.6473],[79.3159,26.6519],[79.3127,26.6573],[79.3087,26.6601],[79.3063,26.6641],[79.3086,26.6707],[79.3117,26.6769],[79.3028,26.6803],[79.2971,26.6843],[79.297,26.6886],[79.2994,26.6929],[79.3106,26.6999],[79.316,26.7068],[79.315,26.7172],[79.319,26.7212],[79.3273,26.726],[79.3393,26.7351],[79.3416,26.7405],[79.3418,26.7518],[79.3389,26.7603],[79.3356,26.7642],[79.3356,26.7721],[79.3322,26.778],[79.3265,26.7886],[79.3259,26.7961],[79.3286,26.802],[79.3373,26.8107],[79.3364,26.82],[79.3314,26.8298],[79.3314,26.8337],[79.3364,26.8417],[79.3371,26.8463],[79.3359,26.8571],[79.3361,26.8618],[79.3395,26.8719],[79.3379,26.8834],[79.3383,26.8961],[79.3367,26.9046],[79.3375,26.9093],[79.3388,26.9227],[79.3374,26.9326],[79.3374,26.9383],[79.3396,26.9369],[79.3434,26.9311],[79.3502,26.9342],[79.3535,26.9354],[79.3594,26.9465],[79.3639,26.9463],[79.3676,26.9449],[79.3694,26.9424],[79.3725,26.9417],[79.3758,26.9388],[79.3826,26.9375],[79.3919,26.9301],[79.3939,26.9264],[79.4014,26.9295],[79.403,26.931],[79.4039,26.9354],[79.4078,26.934],[79.4178,26.934],[79.4261,26.9364],[79.4297,26.9388],[79.4348,26.9408],[79.4387,26.941],[79.4396,26.9404],[79.439,26.9393],[79.4393,26.9348],[79.4421,26.9331],[79.4419,26.9326],[79.4391,26.933],[79.4363,26.9309],[79.4359,26.9279],[79.4422,26.929],[79.4446,26.9282],[79.4495,26.9289],[79.4517,26.9286],[79.453,26.9253],[79.453,26.922],[79.4566,26.9124],[79.4602,26.9143],[79.4609,26.9109],[79.4596,26.9057],[79.4601,26.9031],[79.4629,26.9028],[79.4679,26.9052],[79.4712,26.904],[79.4806,26.8951],[79.4824,26.8985],[79.4839,26.8995],[79.4856,26.8982],[79.4854,26.8935],[79.4915,26.889],[79.4919,26.8867],[79.4999,26.8828],[79.5021,26.8803],[79.5049,26.8815],[79.5078,26.8793],[79.518,26.8745],[79.524,26.8781],[79.5276,26.8759],[79.5302,26.8713],[79.5391,26.8749],[79.5421,26.8739],[79.5516,26.8702],[79.5556,26.8669],[79.5605,26.8607],[79.5712,26.8594],[79.5791,26.8605],[79.5854,26.8626],[79.5827,26.8659],[79.582,26.87],[79.5858,26.8734],[79.5915,26.8764],[79.5941,26.88],[79.6027,26.8861],[79.6025,26.8893],[79.6108,26.8921],[79.6152,26.8906],[79.6171,26.8895],[79.6218,26.8833],[79.6243,26.8813],[79.6297,26.8831],[79.6335,26.8867],[79.6343,26.8905],[79.6416,26.893],[79.6525,26.8932],[79.6613,26.8884],[79.6644,26.8822],[79.6626,26.8786],[79.6661,26.8753],[79.6652,26.8732],[79.6653,26.8652],[79.671,26.8618],[79.6753,26.8609],[79.6865,26.8501],[79.6926,26.8459],[79.6986,26.8384],[79.7078,26.8352],[79.7037,26.8295],[79.7015,26.824],[79.7171,26.8125],[79.7163,26.8065],[79.7215,26.8027],[79.7262,26.8021],[79.73,26.8032],[79.7366,26.8067],[79.74,26.8107],[79.7434,26.8099],[79.7489,26.7973],[79.7534,26.7975],[79.7566,26.7964],[79.7581,26.7949],[79.7551,26.7904],[79.7547,26.7872],[79.7573,26.7859],[79.7592,26.7833]]]},"properties":{"district_name":"Auraiya","raw_district_name":"Auraiya","state_code":"UP","state_name":"Uttar Pradesh","census_code":162,"data_source":"DataMeet India Maps (Census 2011 Boundaries)"}},{"type":"Feature","geometry":{"type":"MultiPolygon","coordinates":[[[[82.9598,26.4298],[82.9646,26.4249],[82.961,26.4181],[82.9611,26.4102],[82.9589,26.4051],[82.9566,26.4032],[82.9486,26.4029],[82.9414,26.4015],[82.9359,26.3984],[82.9324,26.3928],[82.9329,26.3876],[82.9354,26.3833],[82.9398,26.3819],[82.9436,26.3857],[82.946,26.3835],[82.946,26.38],[82.9481,26.3795],[82.9513,26.3829],[82.958,26.3872],[82.9661,26.3808],[82.9718,26.3801],[82.9746,26.3789],[82.9793,26.3694],[82.9722,26.3614],[82.9686,26.3553],[82.971,26.349],[82.9738,26.3448],[82.9778,26.3407],[82.9831,26.3429],[82.9868,26.3458],[82.992,26.3423],[82.9949,26.3416],[82.9979,26.342],[83,26.3441],[83.0009,26.3438],[83.0117,26.3366],[83.0222,26.3372],[83.0261,26.3366],[83.0297,26.333],[83.0313,26.3299],[83.0373,26.3225],[83.0395,26.317],[83.0396,26.3118],[83.0377,26.3084],[83.0371,26.3041],[83.04,26.2994],[83.0472,26.2931],[83.0487,26.2906],[83.0613,26.2885],[83.0646,26.2869],[83.067,26.2828],[83.0698,26.2812],[83.0738,26.2808],[83.0776,26.2819],[83.0794,26.2892],[83.082,26.2876],[83.0851,26.2822],[83.0929,26.282],[83.0984,26.279],[83.1002,26.2836],[83.1056,26.2822],[83.1111,26.2844],[83.111,26.2923],[83.1145,26.3022],[83.1125,26.3084],[83.1164,26.3121],[83.1136,26.3163],[83.1129,26.3226],[83.1112,26.3278],[83.1114,26.3366],[83.1144,26.3466],[83.115,26.3559],[83.1273,26.3719],[83.135,26.3848],[83.1479,26.3915],[83.1634,26.3966],[83.1694,26.3957],[83.1849,26.3976],[83.1961,26.395],[83.223,26.3948],[83.2312,26.3931],[83.2523,26.3823],[83.2883,26.3583],[83.2962,26.3536],[83.3047,26.3501],[83.3113,26.3492],[83.3191,26.35],[83.3272,26.345],[83.3316,26.3457],[83.3373,26.35],[83.3398,26.3485],[83.3439,26.3434],[83.3535,26.3341],[83.3634,26.329],[83.3901,26.305],[83.4013,26.2962],[83.4011,26.2841],[83.4184,26.274],[83.4292,26.2716],[83.4408,26.2707],[83.4484,26.2728],[83.4585,26.2781],[83.4778,26.2808],[83.4866,26.2806],[83.508,26.2771],[83.4983,26.2621],[83.4933,26.2605],[83.4792,26.2599],[83.4712,26.2582],[83.4664,26.2535],[83.4544,26.2332],[83.4521,26.2273],[83.4397,26.2145],[83.434,26.207],[83.4309,26.1995],[83.4299,26.1913],[83.4204,26.1845],[83.4187,26.1813],[83.4177,26.1752],[83.4137,26.1736],[83.4099,26.1676],[83.4169,26.1619],[83.4161,26.1601],[83.4167,26.1544],[83.4219,26.1392],[83.4221,26.1309],[83.4205,26.1261],[83.4178,26.1226],[83.4152,26.123],[83.4143,26.1209],[83.4167,26.1157],[83.4228,26.1097],[83.4138,26.1106],[83.4097,26.1098],[83.408,26.1026],[83.4084,26.098],[83.4065,26.0949],[83.4,26.0977],[83.3953,26.0935],[83.3937,26.0887],[83.3893,26.0891],[83.3848,26.0845],[83.3853,26.0817],[83.3877,26.0644],[83.3875,26.0574],[83.3872,26.0479],[83.3813,26.042],[83.3689,26.0431],[83.3564,26.0434],[83.3469,26.0445],[83.3402,26.0437],[83.3323,26.0378],[83.3264,26.0319],[83.3271,26.0224],[83.3318,26.0171],[83.342,26.0065],[83.3446,25.9934],[83.3387,25.9883],[83.3269,25.9773],[83.3247,25.9679],[83.3245,25.9575],[83.3243,25.9488],[83.3288,25.9392],[83.3325,25.933],[83.3439,25.9328],[83.3535,25.9335],[83.3622,25.9333],[83.3697,25.9296],[83.3753,25.9243],[83.3753,25.9217],[83.3694,25.9184],[83.353,25.9118],[83.3452,25.9094],[83.3452,25.9077],[83.3412,25.9017],[83.3324,25.8932],[83.3285,25.8916],[83.3217,25.8874],[83.3196,25.8805],[83.3155,25.8685],[83.3132,25.8572],[83.3115,25.8537],[83.3154,25.8536],[83.3191,25.8513],[83.3206,25.8475],[83.3246,25.8473],[83.3227,25.8445],[83.3183,25.842],[83.3176,25.8386],[83.3295,25.8396],[83.3354,25.8381],[83.3378,25.8353],[83.341,25.8293],[83.3473,25.8273],[83.3529,25.827],[83.356,25.825],[83.3554,25.8204],[83.3524,25.8214],[83.3497,25.8198],[83.3457,25.8197],[83.3462,25.8141],[83.3404,25.8096],[83.335,25.8107],[83.3302,25.8131],[83.3254,25.8129],[83.3224,25.8077],[83.3176,25.8017],[83.3229,25.7958],[83.3179,25.7942],[83.3159,25.7861],[83.3057,25.7839],[83.3068,25.7792],[83.3063,25.7756],[83.3006,25.7674],[83.3043,25.7629],[83.306,25.7557],[83.2861,25.7555],[83.286,25.7598],[83.2822,25.762],[83.2799,25.7661],[83.2764,25.7679],[83.2754,25.7742],[83.2714,25.7722],[83.2687,25.7762],[83.2637,25.7748],[83.2605,25.7726],[83.2506,25.7706],[83.2471,25.7642],[83.2401,25.7648],[83.2383,25.7678],[83.2353,25.7657],[83.2329,25.7661],[83.2311,25.7632],[83.2286,25.7612],[83.2248,25.7596],[83.2215,25.7594],[83.2195,25.7615],[83.2186,25.765],[83.2196,25.7696],[83.211,25.7718],[83.2064,25.771],[83.2028,25.7722],[83.1983,25.7768],[83.1958,25.7774],[83.1933,25.7746],[83.1916,25.7704],[83.1914,25.7656],[83.1969,25.7622],[83.2085,25.758],[83.2114,25.7616],[83.2178,25.7596],[83.2188,25.7527],[83.221,25.7489],[83.215,25.7353],[83.215,25.7319],[83.2238,25.7258],[83.2293,25.7238],[83.2324,25.7217],[83.2341,25.717],[83.2412,25.7094],[83.2421,25.706],[83.2374,25.705],[83.2344,25.702],[83.231,25.7023],[83.2276,25.6993],[83.2219,25.7012],[83.2185,25.7032],[83.2168,25.7012],[83.2128,25.7008],[83.2004,25.7018],[83.1945,25.7002],[83.1914,25.6969],[83.1871,25.6873],[83.1852,25.6728],[83.1796,25.6731],[83.1735,25.6718],[83.175,25.6667],[83.1724,25.6641],[83.1712,25.66],[83.1689,25.6597],[83.1654,25.6621],[83.1603,25.6636],[83.1547,25.6608],[83.1511,25.6573],[83.1482,25.6532],[83.152,25.6463],[83.1517,25.6384],[83.1486,25.6363],[83.1405,25.6373],[83.1359,25.6399],[83.131,25.6436],[83.1248,25.6519],[83.1211,25.6535],[83.1069,25.6552],[83.0995,25.6545],[83.0955,25.6563],[83.0894,25.657],[83.088,25.6489],[83.0827,25.6502],[83.073,25.6496],[83.0672,25.6515],[83.0651,25.6549],[83.0647,25.6583],[83.0655,25.6613],[83.0782,25.6706],[83.0799,25.6776],[83.0782,25.6814],[83.0748,25.6828],[83.0656,25.6828],[83.0584,25.6818],[83.0555,25.6827],[83.0526,25.6871],[83.0431,25.6892],[83.0407,25.6924],[83.0413,25.7007],[83.0324,25.6974],[83.0296,25.7047],[83.0243,25.7041],[83.021,25.7053],[83.0174,25.704],[83.0161,25.7066],[83.0132,25.7079],[83.0125,25.7103],[83.0099,25.711],[83.0086,25.7125],[83.0044,25.7082],[83.0014,25.6986],[83.0017,25.6952],[83,25.6896],[82.999,25.6865],[82.9982,25.6861],[82.9972,25.6856],[82.9954,25.6851],[82.9936,25.6844],[82.9907,25.683],[82.9893,25.6818],[82.9858,25.6793],[82.9854,25.6797],[82.9828,25.6826],[82.9821,25.6834],[82.9797,25.687],[82.9774,25.6888],[82.9746,25.6916],[82.9708,25.6948],[82.9662,25.7],[82.9646,25.7021],[82.9628,25.7036],[82.9603,25.7042],[82.9567,25.7042],[82.9559,25.7042],[82.9514,25.7037],[82.9482,25.7038],[82.9459,25.7042],[82.9442,25.7056],[82.9425,25.709],[82.9416,25.7123],[82.9405,25.715],[82.9377,25.7181],[82.9361,25.7214],[82.9338,25.7248],[82.9342,25.7297],[82.9336,25.7308],[82.931,25.7302],[82.9289,25.7301],[82.9255,25.7302],[82.9246,25.7341],[82.9244,25.736],[82.9237,25.739],[82.9248,25.7413],[82.9258,25.7431],[82.9294,25.7477],[82.931,25.7504],[82.9311,25.7527],[82.9308,25.7559],[82.9291,25.7565],[82.9269,25.757],[82.9243,25.758],[82.9227,25.7587],[82.9205,25.7602],[82.917,25.7627],[82.9146,25.7639],[82.9117,25.7646],[82.9089,25.7666],[82.906,25.7683],[82.9036,25.7701],[82.901,25.7718],[82.8997,25.7726],[82.8992,25.7727],[82.897,25.7709],[82.8959,25.7705],[82.8945,25.7697],[82.8902,25.7678],[82.8876,25.7679],[82.885,25.7684],[82.881,25.7688],[82.8761,25.77],[82.8736,25.7698],[82.871,25.7698],[82.8685,25.7705],[82.8655,25.7694],[82.8644,25.7693],[82.8633,25.7691],[82.8592,25.768],[82.8576,25.7672],[82.8561,25.7666],[82.8542,25.7656],[82.853,25.7648],[82.8482,25.7642],[82.8439,25.765],[82.8402,25.7653],[82.8381,25.7655],[82.8355,25.7661],[82.8307,25.7684],[82.8292,25.7692],[82.8263,25.7707],[82.825,25.7714],[82.8234,25.7728],[82.8208,25.7769],[82.8198,25.7787],[82.8181,25.7806],[82.8168,25.7815],[82.8145,25.7828],[82.8125,25.7838],[82.81,25.7849],[82.8083,25.7861],[82.8068,25.7873],[82.8061,25.7883],[82.8062,25.7911],[82.8066,25.7937],[82.8069,25.7952],[82.8082,25.7979],[82.8084,25.7989],[82.8083,25.8001],[82.8093,25.8021],[82.8077,25.802],[82.8054,25.8038],[82.8035,25.8055],[82.7988,25.8101],[82.7967,25.8121],[82.7956,25.8129],[82.7936,25.8151],[82.7922,25.8153],[82.7906,25.816],[82.7884,25.8188],[82.7875,25.8209],[82.7873,25.8218],[82.7867,25.8251],[82.7854,25.8259],[82.7832,25.8259],[82.7805,25.8265],[82.7756,25.8274],[82.772,25.8279],[82.7686,25.8286],[82.7664,25.8295],[82.7635,25.8313],[82.7616,25.8329],[82.7581,25.8369],[82.7585,25.8384],[82.7601,25.8404],[82.7609,25.8415],[82.7643,25.8463],[82.7656,25.8477],[82.7676,25.8496],[82.7683,25.851],[82.7672,25.8522],[82.7661,25.856],[82.7659,25.8572],[82.7657,25.8578],[82.7652,25.8591],[82.7646,25.8614],[82.7645,25.864],[82.7648,25.866],[82.7658,25.8685],[82.7669,25.8702],[82.7707,25.874],[82.7722,25.8765],[82.7755,25.8811],[82.7741,25.882],[82.7707,25.8821],[82.7696,25.882],[82.7676,25.8827],[82.7674,25.8847],[82.7673,25.8876],[82.7669,25.8897],[82.7674,25.8932],[82.77,25.8934],[82.7718,25.8934],[82.7725,25.8936],[82.7736,25.8944],[82.7718,25.8987],[82.7709,25.9018],[82.7698,25.9039],[82.7683,25.9061],[82.7668,25.909],[82.7655,25.9117],[82.7648,25.9134],[82.7647,25.9147],[82.7649,25.9177],[82.7653,25.92],[82.7639,25.9231],[82.7623,25.9239],[82.7583,25.9239],[82.7576,25.9252],[82.7584,25.9275],[82.7598,25.9297],[82.7611,25.9313],[82.7598,25.9326],[82.7551,25.9339],[82.7536,25.9345],[82.7532,25.9366],[82.7544,25.9388],[82.7547,25.941],[82.7544,25.9425],[82.7515,25.9457],[82.7509,25.9467],[82.7505,25.9487],[82.7496,25.9507],[82.7487,25.9541],[82.746,25.9611],[82.7452,25.9648],[82.7447,25.9654],[82.7413,25.9669],[82.7379,25.9682],[82.7363,25.9696],[82.7357,25.9734],[82.735,25.9761],[82.7349,25.9776],[82.7346,25.9794],[82.7346,25.9805],[82.7352,25.982],[82.7331,25.983],[82.732,25.984],[82.7299,25.9862],[82.7286,25.9879],[82.7278,25.9893],[82.7273,25.9919],[82.7272,25.993],[82.7265,25.9952],[82.7263,25.9973],[82.7278,26.0001],[82.7287,26.0007],[82.7289,26.0108],[82.733,26.0249],[82.7246,26.0265],[82.709,26.0239],[82.7069,26.0264],[82.7151,26.0311],[82.7159,26.033],[82.722,26.0345],[82.7216,26.042],[82.719,26.0423],[82.7066,26.0395],[82.7017,26.0402],[82.702,26.0445],[82.7035,26.0474],[82.7109,26.0494],[82.7151,26.052],[82.7094,26.0626],[82.7014,26.0675],[82.7012,26.0713],[82.7073,26.0844],[82.7081,26.0897],[82.7073,26.0939],[82.7001,26.098],[82.6918,26.0977],[82.684,26.103],[82.6808,26.1066],[82.6825,26.1118],[82.6823,26.1162],[82.6792,26.12],[82.6756,26.1209],[82.6727,26.1235],[82.6746,26.1296],[82.6709,26.1349],[82.6687,26.1406],[82.6702,26.1439],[82.6803,26.1435],[82.6823,26.1512],[82.6908,26.153],[82.6942,26.1551],[82.6945,26.1584],[82.6863,26.1627],[82.6857,26.1653],[82.6892,26.1754],[82.6858,26.1908],[82.6892,26.2049],[82.6897,26.2118],[82.6873,26.2181],[82.6847,26.2222],[82.6813,26.2219],[82.6776,26.2234],[82.6749,26.2271],[82.6743,26.2314],[82.6793,26.2378],[82.6811,26.2423],[82.6801,26.2446],[82.6804,26.2554],[82.691,26.2602],[82.6913,26.2642],[82.693,26.2691],[82.7003,26.2685],[82.702,26.2646],[82.7036,26.2636],[82.7084,26.2651],[82.7143,26.2604],[82.7257,26.2552],[82.7284,26.2519],[82.7353,26.2475],[82.748,26.2604],[82.7534,26.2643],[82.7563,26.2629],[82.7502,26.2531],[82.7527,26.2443],[82.7531,26.2395],[82.7529,26.2331],[82.7496,26.2287],[82.7607,26.2131],[82.7692,26.2128],[82.7752,26.2051],[82.7803,26.1943],[82.7884,26.199],[82.7901,26.1979],[82.7897,26.1907],[82.7914,26.1894],[82.7978,26.1916],[82.8044,26.189],[82.8096,26.1902],[82.8206,26.1885],[82.8252,26.1867],[82.8274,26.1803],[82.8375,26.1808],[82.8385,26.1763],[82.842,26.1724],[82.8435,26.1693],[82.8482,26.1664],[82.852,26.1657],[82.8556,26.1677],[82.8604,26.167],[82.8621,26.1624],[82.8658,26.1606],[82.8718,26.1619],[82.8712,26.1693],[82.8733,26.1726],[82.8764,26.1736],[82.8835,26.1688],[82.8907,26.1809],[82.8909,26.1845],[82.8883,26.1892],[82.8781,26.1871],[82.8745,26.1881],[82.8737,26.1948],[82.868,26.2033],[82.8611,26.2041],[82.8596,26.2059],[82.8614,26.2083],[82.8658,26.2106],[82.8689,26.2095],[82.8724,26.2104],[82.8677,26.2148],[82.8665,26.2217],[82.8744,26.2248],[82.879,26.2343],[82.8851,26.2351],[82.882,26.2429],[82.8866,26.2517],[82.878,26.2609],[82.8774,26.266],[82.8786,26.2714],[82.8757,26.2759],[82.8818,26.288],[82.8815,26.2909],[82.878,26.2941],[82.8753,26.3017],[82.8743,26.3111],[82.865,26.3138],[82.8645,26.3248],[82.8712,26.3237],[82.878,26.3214],[82.8823,26.3233],[82.8865,26.327],[82.8946,26.3418],[82.8971,26.3466],[82.892,26.3512],[82.8825,26.3542],[82.8751,26.3557],[82.8734,26.3587],[82.8756,26.3658],[82.8809,26.3742],[82.8836,26.3754],[82.8848,26.383],[82.912,26.3887],[82.9184,26.3918],[82.92,26.3941],[82.9173,26.396],[82.9186,26.3999],[82.9148,26.4008],[82.9128,26.4023],[82.9197,26.4146],[82.9211,26.4214],[82.9192,26.4253],[82.908,26.4346],[82.9101,26.442],[82.9283,26.4309],[82.9377,26.4277],[82.943,26.4271],[82.9467,26.4324],[82.9409,26.4355],[82.9385,26.438],[82.9409,26.4411],[82.9441,26.4429],[82.9498,26.4501],[82.9567,26.4487],[82.9671,26.4424],[82.9598,26.4298]]],[[[82.8982,26.4328],[82.8961,26.427],[82.8987,26.4237],[82.8985,26.4217],[82.8943,26.4186],[82.8951,26.4144],[82.8928,26.4118],[82.8887,26.4107],[82.8833,26.4069],[82.8729,26.4071],[82.8717,26.4126],[82.8679,26.415],[82.867,26.4307],[82.8761,26.4306],[82.878,26.433],[82.8813,26.4327],[82.8864,26.4373],[82.8982,26.4328]]]]},"properties":{"district_name":"Azamgarh","raw_district_name":"Azamgarh","state_code":"UP","state_name":"Uttar Pradesh","census_code":191,"data_source":"DataMeet India Maps (Census 2011 Boundaries)"}},{"type":"Feature","geometry":{"type":"Polygon","coordinates":[[[77.5075,29.1901],[77.4991,29.1794],[77.477,29.1831],[77.4737,29.1779],[77.4773,29.1699],[77.4798,29.1597],[77.4789,29.1495],[77.4802,29.1435],[77.4733,29.1373],[77.4653,29.1385],[77.4615,29.1365],[77.461,29.1319],[77.4622,29.1262],[77.4585,29.1232],[77.4497,29.1231],[77.4469,29.1211],[77.4473,29.1179],[77.4474,29.1105],[77.4421,29.1048],[77.4392,29.0954],[77.4336,29.0907],[77.4323,29.0861],[77.4352,29.0767],[77.4512,29.0738],[77.4581,29.071],[77.4596,29.0672],[77.4573,29.0611],[77.4544,29.0541],[77.4532,29.0437],[77.4506,29.0359],[77.4502,29.0318],[77.4519,29.0277],[77.4619,29.023],[77.4639,29.0185],[77.4624,29.0115],[77.4625,29.0047],[77.4659,28.9888],[77.4699,28.9799],[77.4737,28.9706],[77.4772,28.9605],[77.4762,28.9559],[77.469,28.9444],[77.4683,28.936],[77.468,28.9253],[77.4616,28.9204],[77.4599,28.9258],[77.4548,28.9263],[77.4469,28.925],[77.4441,28.9218],[77.4449,28.9171],[77.4413,28.9143],[77.4401,28.9086],[77.4349,28.9036],[77.4352,28.8991],[77.4316,28.8916],[77.4268,28.8861],[77.424,28.8801],[77.409,28.875],[77.4096,28.8487],[77.4196,28.8437],[77.4175,28.8358],[77.4101,28.834],[77.3981,28.8283],[77.4098,28.8179],[77.41,28.8121],[77.4052,28.8098],[77.4052,28.8037],[77.4128,28.7911],[77.4126,28.7818],[77.4108,28.7798],[77.4078,28.7765],[77.3843,28.7813],[77.3795,28.7827],[77.3698,28.7854],[77.3652,28.7911],[77.3635,28.8016],[77.3539,28.8043],[77.3496,28.7972],[77.3457,28.7949],[77.3326,28.8004],[77.3279,28.7986],[77.3265,28.7969],[77.3249,28.7948],[77.318,28.7924],[77.3076,28.7912],[77.3048,28.7969],[77.3046,28.8012],[77.3056,28.8079],[77.3013,28.8101],[77.2989,28.8247],[77.296,28.8282],[77.2917,28.8317],[77.2874,28.8335],[77.284,28.8333],[77.2763,28.833],[77.2694,28.8315],[77.2627,28.8313],[77.2611,28.8275],[77.2583,28.824],[77.2544,28.8224],[77.2446,28.8211],[77.2379,28.8233],[77.2358,28.8248],[77.2353,28.8279],[77.2276,28.83],[77.2209,28.84],[77.2218,28.8496],[77.2182,28.8549],[77.2152,28.8576],[77.21,28.8596],[77.2038,28.86],[77.1972,28.8615],[77.1935,28.8665],[77.1887,28.8747],[77.1884,28.8803],[77.1921,28.8845],[77.2095,28.8874],[77.2157,28.8893],[77.2273,28.895],[77.2316,28.8988],[77.2319,28.9028],[77.2265,28.9061],[77.2125,28.9103],[77.2072,28.9156],[77.2158,28.9312],[77.2149,28.9347],[77.2013,28.9416],[77.2006,28.9504],[77.2015,28.9564],[77.2143,28.977],[77.2185,28.9858],[77.2248,29.0007],[77.2246,29.0014],[77.2217,29.0061],[77.2144,29.0115],[77.2022,29.016],[77.1871,29.0312],[77.1732,29.0434],[77.1723,29.0472],[77.173,29.0602],[77.1678,29.0723],[77.1599,29.0781],[77.1523,29.0816],[77.1424,29.0895],[77.1351,29.0963],[77.1327,29.1006],[77.1351,29.1083],[77.1469,29.1227],[77.1493,29.1296],[77.1374,29.1489],[77.1381,29.1578],[77.1432,29.1667],[77.1508,29.1769],[77.149,29.1959],[77.147,29.2023],[77.1435,29.208],[77.1386,29.2133],[77.1361,29.2197],[77.1381,29.223],[77.1537,29.2327],[77.1549,29.2382],[77.1534,29.2465],[77.1459,29.2614],[77.1404,29.2677],[77.1486,29.2824],[77.1554,29.2911],[77.1533,29.2964],[77.1604,29.294],[77.1824,29.2905],[77.1866,29.2874],[77.1876,29.2836],[77.1872,29.28],[77.1993,29.2755],[77.207,29.2742],[77.2241,29.2767],[77.2397,29.2801],[77.2464,29.28],[77.2541,29.2786],[77.2553,29.2764],[77.2553,29.2712],[77.2563,29.2685],[77.2595,29.2669],[77.2657,29.2663],[77.2703,29.2646],[77.2823,29.2667],[77.2861,29.265],[77.2926,29.26],[77.2984,29.2574],[77.3063,29.2605],[77.3095,29.261],[77.3156,29.2593],[77.3228,29.2558],[77.3248,29.2539],[77.3323,29.2482],[77.3552,29.2393],[77.3644,29.2397],[77.3715,29.2388],[77.3825,29.2359],[77.384,29.2371],[77.3861,29.2423],[77.3891,29.2468],[77.3915,29.2481],[77.3963,29.2481],[77.4034,29.2459],[77.4107,29.2451],[77.4233,29.2373],[77.4289,29.2315],[77.4364,29.2308],[77.4432,29.2262],[77.45,29.2252],[77.4569,29.2258],[77.4604,29.2273],[77.462,29.2256],[77.4615,29.2237],[77.4634,29.2196],[77.4735,29.2117],[77.4752,29.2073],[77.4827,29.203],[77.4856,29.1998],[77.4875,29.1961],[77.4937,29.1989],[77.4972,29.1981],[77.5075,29.1901]]]},"properties":{"district_name":"Baghpat","raw_district_name":"Baghpat","state_code":"UP","state_name":"Uttar Pradesh","census_code":139,"data_source":"DataMeet India Maps (Census 2011 Boundaries)"}},{"type":"Feature","geometry":{"type":"Polygon","coordinates":[[[81.7495,27.9479],[81.7452,27.945],[81.7327,27.936],[81.7197,27.9336],[81.7058,27.9325],[81.6992,27.929],[81.695,27.9214],[81.6946,27.9144],[81.6895,27.9044],[81.6753,27.8982],[81.6712,27.8831],[81.6689,27.8796],[81.6488,27.8713],[81.6434,27.8631],[81.6367,27.8552],[81.6258,27.848],[81.6236,27.8441],[81.6254,27.8369],[81.636,27.8298],[81.6401,27.8222],[81.6404,27.8163],[81.6311,27.801],[81.6323,27.7875],[81.6375,27.7744],[81.6492,27.7661],[81.6553,27.7545],[81.6498,27.7435],[81.649,27.7352],[81.6538,27.7275],[81.6573,27.7252],[81.6761,27.7279],[81.689,27.7234],[81.6907,27.7176],[81.6849,27.7064],[81.6812,27.7017],[81.6785,27.693],[81.6749,27.6847],[81.6739,27.6619],[81.6831,27.6464],[81.6844,27.6353],[81.6789,27.6317],[81.6745,27.6342],[81.6715,27.6342],[81.6651,27.6302],[81.6514,27.6303],[81.6474,27.6295],[81.6446,27.6244],[81.6451,27.6216],[81.6513,27.6181],[81.6656,27.6184],[81.6784,27.6139],[81.6829,27.6088],[81.6832,27.6055],[81.6787,27.5988],[81.6814,27.5949],[81.6792,27.5901],[81.6786,27.5838],[81.6871,27.5758],[81.6926,27.5638],[81.6963,27.5559],[81.7074,27.5496],[81.7123,27.5515],[81.7203,27.5653],[81.7244,27.5689],[81.7324,27.5668],[81.7408,27.5608],[81.7559,27.56],[81.7675,27.5587],[81.7696,27.552],[81.7713,27.5398],[81.7681,27.5295],[81.7623,27.5224],[81.7412,27.5114],[81.7261,27.5049],[81.7082,27.4957],[81.7015,27.4838],[81.6934,27.4721],[81.6792,27.4634],[81.674,27.4546],[81.6707,27.4379],[81.7134,27.4023],[81.7264,27.3776],[81.7164,27.3513],[81.7315,27.33],[81.7312,27.3299],[81.7289,27.3277],[81.725,27.3261],[81.7238,27.3272],[81.7228,27.3253],[81.7196,27.3215],[81.7176,27.3207],[81.6986,27.3206],[81.6956,27.3214],[81.6875,27.3205],[81.6847,27.3197],[81.6806,27.3143],[81.679,27.3081],[81.6792,27.3044],[81.6848,27.3016],[81.7057,27.2953],[81.7077,27.2937],[81.7077,27.2801],[81.7052,27.2706],[81.7025,27.2663],[81.699,27.2632],[81.6884,27.2593],[81.6853,27.2578],[81.6836,27.2556],[81.6826,27.2527],[81.685,27.2414],[81.684,27.2383],[81.6788,27.2375],[81.6701,27.2387],[81.6661,27.2347],[81.6655,27.2317],[81.6615,27.2256],[81.6611,27.2223],[81.6627,27.2197],[81.6664,27.2169],[81.6632,27.2136],[81.6646,27.2113],[81.6637,27.2074],[81.6671,27.2003],[81.6663,27.1996],[81.6625,27.2005],[81.6564,27.2048],[81.6542,27.199],[81.6519,27.1977],[81.6507,27.1957],[81.6507,27.1913],[81.649,27.1887],[81.6426,27.1877],[81.6425,27.1847],[81.6394,27.1821],[81.6386,27.1803],[81.6393,27.1778],[81.6408,27.1774],[81.6439,27.1792],[81.647,27.1788],[81.6448,27.1683],[81.6427,27.1613],[81.6446,27.1574],[81.6448,27.154],[81.644,27.1536],[81.6404,27.1554],[81.635,27.1565],[81.6327,27.1555],[81.6318,27.1536],[81.6315,27.1481],[81.6329,27.141],[81.6325,27.1376],[81.6298,27.1376],[81.6251,27.139],[81.6166,27.1393],[81.608,27.1414],[81.607,27.1377],[81.6042,27.1345],[81.5984,27.1328],[81.5984,27.1282],[81.5949,27.1251],[81.5904,27.1163],[81.59,27.1132],[81.5891,27.1126],[81.5819,27.1175],[81.5764,27.1198],[81.5769,27.1227],[81.57,27.1235],[81.568,27.1169],[81.5651,27.1137],[81.5589,27.1088],[81.5576,27.1065],[81.5484,27.1001],[81.5438,27.0954],[81.5455,27.0901],[81.551,27.0828],[81.5483,27.0822],[81.5452,27.0829],[81.543,27.0812],[81.5437,27.0759],[81.5451,27.0735],[81.5442,27.0726],[81.5417,27.0735],[81.5399,27.0753],[81.5342,27.0827],[81.5313,27.0837],[81.528,27.0838],[81.5192,27.0838],[81.5164,27.0828],[81.5109,27.0723],[81.5093,27.0632],[81.5074,27.059],[81.5039,27.06],[81.5022,27.0613],[81.4973,27.062],[81.4953,27.0644],[81.4928,27.065],[81.4919,27.0678],[81.4807,27.0701],[81.4815,27.0796],[81.4794,27.1017],[81.4749,27.105],[81.4597,27.1121],[81.4522,27.1218],[81.4504,27.127],[81.4482,27.1338],[81.4448,27.1534],[81.4423,27.1708],[81.4427,27.1751],[81.4435,27.1761],[81.4569,27.1812],[81.4612,27.184],[81.4619,27.1899],[81.4587,27.1971],[81.4506,27.207],[81.4466,27.2105],[81.4431,27.2174],[81.4416,27.2186],[81.4395,27.2371],[81.4395,27.2494],[81.4373,27.2547],[81.4369,27.2639],[81.4408,27.278],[81.4414,27.2899],[81.4438,27.3023],[81.444,27.3089],[81.4404,27.3162],[81.428,27.325],[81.4123,27.3366],[81.4139,27.3395],[81.4165,27.3519],[81.4179,27.3552],[81.4177,27.3602],[81.4159,27.3652],[81.4114,27.3713],[81.4046,27.3754],[81.394,27.3796],[81.3878,27.3849],[81.3841,27.3902],[81.3785,27.3955],[81.3759,27.4035],[81.3762,27.4059],[81.3734,27.4115],[81.3626,27.4208],[81.3642,27.4235],[81.3613,27.4253],[81.3578,27.4257],[81.3548,27.4272],[81.3511,27.4274],[81.3529,27.434],[81.3531,27.4415],[81.3486,27.4488],[81.3428,27.4547],[81.3402,27.4557],[81.3385,27.4567],[81.3344,27.4629],[81.3335,27.4656],[81.3367,27.4745],[81.3346,27.4789],[81.3347,27.4866],[81.3337,27.4886],[81.3337,27.4914],[81.327,27.4952],[81.3209,27.5018],[81.3207,27.504],[81.3222,27.5114],[81.3241,27.5153],[81.3233,27.5175],[81.3193,27.518],[81.3197,27.5211],[81.3213,27.5243],[81.3264,27.5269],[81.3269,27.5293],[81.3254,27.5305],[81.3193,27.5324],[81.3181,27.5395],[81.3059,27.5372],[81.3036,27.5373],[81.3056,27.5484],[81.3103,27.5535],[81.3194,27.5508],[81.3219,27.5487],[81.325,27.5518],[81.3216,27.5629],[81.3208,27.5688],[81.3205,27.5949],[81.3184,27.5973],[81.3055,27.6033],[81.3044,27.6058],[81.3098,27.6169],[81.3107,27.6243],[81.3123,27.6293],[81.3163,27.6331],[81.3196,27.6382],[81.3205,27.65],[81.3196,27.6605],[81.3161,27.6704],[81.3135,27.6747],[81.3098,27.6782],[81.3035,27.6812],[81.3005,27.6862],[81.2951,27.6982],[81.2949,27.701],[81.301,27.7112],[81.3061,27.7179],[81.3041,27.7197],[81.3012,27.7223],[81.3022,27.726],[81.3014,27.7287],[81.3019,27.7319],[81.2994,27.7356],[81.297,27.7413],[81.2974,27.744],[81.2968,27.7493],[81.2962,27.7531],[81.2844,27.7649],[81.2953,27.7835],[81.2958,27.7864],[81.2946,27.7909],[81.2906,27.7963],[81.2815,27.8019],[81.2808,27.8056],[81.2822,27.808],[81.305,27.8137],[81.3078,27.8161],[81.3083,27.8205],[81.307,27.8266],[81.2987,27.8276],[81.2956,27.8286],[81.2941,27.8301],[81.2942,27.8383],[81.2959,27.8482],[81.2896,27.8489],[81.2858,27.8507],[81.2833,27.8561],[81.2811,27.8647],[81.282,27.8718],[81.2791,27.884],[81.2813,27.8862],[81.297,27.8961],[81.3062,27.9047],[81.3067,27.9073],[81.3004,27.9089],[81.2981,27.911],[81.3009,27.915],[81.3017,27.9188],[81.2989,27.9249],[81.2921,27.932],[81.28,27.943],[81.2731,27.9462],[81.2583,27.9493],[81.2502,27.9535],[81.2468,27.9673],[81.2442,27.9745],[81.2364,27.9752],[81.2327,27.9765],[81.2292,27.9808],[81.2277,27.9843],[81.2245,27.9885],[81.2143,27.9953],[81.2101,28.0005],[81.1932,28.0163],[81.1863,28.0232],[81.1745,28.0384],[81.167,28.0447],[81.1663,28.0491],[81.167,28.0535],[81.1657,28.0571],[81.1604,28.0634],[81.1587,28.0678],[81.1648,28.0795],[81.1795,28.0963],[81.1874,28.1091],[81.188,28.1122],[81.1866,28.1163],[81.1772,28.1273],[81.1641,28.1389],[81.1581,28.1417],[81.1444,28.1516],[81.1325,28.1633],[81.128,28.1687],[81.1266,28.1746],[81.116,28.1949],[81.102,28.2148],[81.0961,28.2195],[81.0791,28.2268],[81.075,28.2294],[81.0688,28.2353],[81.0639,28.2425],[81.061,28.2489],[81.0621,28.2584],[81.062,28.2706],[81.0574,28.2761],[81.0397,28.2859],[81.0361,28.2893],[81.0375,28.2944],[81.0481,28.3174],[81.0521,28.3247],[81.0588,28.334],[81.0615,28.3428],[81.0587,28.3527],[81.0555,28.3581],[81.0524,28.3599],[81.0376,28.3656],[81.0369,28.3724],[81.04,28.3792],[81.0471,28.3876],[81.0582,28.4038],[81.0755,28.3921],[81.0861,28.3847],[81.0863,28.3842],[81.087,28.3842],[81.0893,28.3832],[81.1033,28.3778],[81.1102,28.3759],[81.1245,28.3745],[81.127,28.3749],[81.1387,28.3721],[81.154,28.3705],[81.1591,28.3694],[81.1601,28.3696],[81.1611,28.3695],[81.1665,28.3688],[81.1852,28.3654],[81.1897,28.3647],[81.2007,28.3624],[81.2083,28.3602],[81.2104,28.3592],[81.2106,28.3587],[81.2149,28.3579],[81.2157,28.3575],[81.2159,28.3566],[81.2187,28.3536],[81.2195,28.3532],[81.2202,28.3504],[81.2207,28.3502],[81.2212,28.35],[81.2234,28.3452],[81.226,28.3416],[81.2268,28.3411],[81.2278,28.3386],[81.2306,28.3364],[81.2314,28.3345],[81.2319,28.3336],[81.2336,28.3319],[81.2343,28.331],[81.2356,28.33],[81.2371,28.3254],[81.2374,28.3246],[81.2379,28.3221],[81.2374,28.3205],[81.2365,28.3103],[81.2364,28.2923],[81.2368,28.2884],[81.2371,28.2873],[81.2379,28.2868],[81.2387,28.2864],[81.2404,28.2809],[81.2448,28.2773],[81.245,28.2764],[81.2458,28.2759],[81.249,28.2707],[81.2495,28.27],[81.2533,28.2669],[81.2541,28.2648],[81.2607,28.2591],[81.2609,28.2584],[81.2624,28.2573],[81.2642,28.2541],[81.2678,28.2509],[81.2687,28.2489],[81.2733,28.245],[81.2738,28.2445],[81.2748,28.2441],[81.2756,28.2427],[81.2765,28.2416],[81.2781,28.2399],[81.2849,28.2335],[81.2884,28.2287],[81.293,28.223],[81.2966,28.2207],[81.3034,28.2194],[81.3083,28.2137],[81.3101,28.2111],[81.3176,28.206],[81.3204,28.2018],[81.3222,28.1951],[81.3225,28.1923],[81.3207,28.1846],[81.3224,28.1805],[81.3242,28.1779],[81.326,28.1744],[81.3274,28.1709],[81.3234,28.1675],[81.3073,28.1641],[81.3076,28.1622],[81.3105,28.1609],[81.3144,28.1612],[81.3162,28.1599],[81.3176,28.1564],[81.3194,28.1551],[81.3215,28.1554],[81.3255,28.157],[81.3287,28.1569],[81.3287,28.1544],[81.3258,28.1474],[81.3218,28.1449],[81.3182,28.1421],[81.3196,28.1354],[81.325,28.1341],[81.3306,28.1377],[81.3348,28.1386],[81.354,28.1402],[81.3642,28.1401],[81.3708,28.1418],[81.3768,28.1438],[81.3795,28.1453],[81.3811,28.1479],[81.3808,28.152],[81.3799,28.1561],[81.3769,28.1594],[81.374,28.1617],[81.3733,28.1653],[81.3757,28.1679],[81.378,28.1714],[81.3813,28.1731],[81.3906,28.1731],[81.3949,28.1739],[81.417,28.1738],[81.4292,28.171],[81.4394,28.1648],[81.4436,28.1604],[81.4502,28.1565],[81.4514,28.1494],[81.454,28.1447],[81.4556,28.1365],[81.4612,28.1303],[81.4743,28.1235],[81.4815,28.1175],[81.4842,28.114],[81.4793,28.0918],[81.478,28.0885],[81.4783,28.0841],[81.4819,28.0812],[81.4888,28.0785],[81.5044,28.0704],[81.5099,28.068],[81.5166,28.0639],[81.5265,28.0592],[81.5365,28.0545],[81.5445,28.0498],[81.5505,28.0472],[81.5644,28.0407],[81.5683,28.038],[81.5726,28.0343],[81.5747,28.0318],[81.5808,28.0282],[81.5875,28.0259],[81.6013,28.0211],[81.6061,28.0193],[81.6091,28.0177],[81.6181,28.0118],[81.6329,28.0027],[81.6577,27.9932],[81.6679,27.9906],[81.6686,27.9904],[81.6721,27.9897],[81.6971,27.9893],[81.6992,27.989],[81.7003,27.9888],[81.7024,27.987],[81.7029,27.9862],[81.7059,27.9842],[81.706,27.9837],[81.7079,27.9824],[81.7084,27.9815],[81.7168,27.9752],[81.7168,27.9748],[81.7178,27.9743],[81.7209,27.9719],[81.7211,27.9713],[81.7268,27.967],[81.727,27.9663],[81.7278,27.9661],[81.7383,27.9567],[81.7389,27.9563],[81.7386,27.9559],[81.7401,27.9547],[81.7407,27.9543],[81.742,27.9532],[81.7423,27.9526],[81.7468,27.9498],[81.7495,27.9479]]]},"properties":{"district_name":"Bahraich","raw_district_name":"Bahraich","state_code":"UP","state_name":"Uttar Pradesh","census_code":180,"data_source":"DataMeet India Maps (Census 2011 Boundaries)"}},{"type":"Feature","geometry":{"type":"Polygon","coordinates":[[[84.0579,26.0974],[84.0781,26.0968],[84.09,26.0975],[84.0998,26.0943],[84.116,26.0795],[84.1248,26.0727],[84.1367,26.0533],[84.1454,26.0448],[84.1678,26.0301],[84.176,26.0233],[84.1747,26.0006],[84.1749,25.9894],[84.1789,25.9895],[84.1811,25.9967],[84.1851,25.9956],[84.201,25.9874],[84.2034,25.9892],[84.2105,25.9985],[84.2228,25.9941],[84.2321,25.9891],[84.2439,25.9839],[84.2491,25.9807],[84.2532,25.9748],[84.2633,25.9691],[84.2732,25.9652],[84.284,25.9593],[84.2923,25.9536],[84.3002,25.9463],[84.3049,25.945],[84.3117,25.9444],[84.3179,25.9449],[84.3224,25.946],[84.3523,25.9568],[84.3574,25.958],[84.36,25.9574],[84.3736,25.9486],[84.3949,25.9363],[84.4168,25.9295],[84.4178,25.9225],[84.4261,25.9096],[84.43,25.9004],[84.4327,25.8965],[84.4318,25.8906],[84.4362,25.8894],[84.4397,25.8908],[84.4522,25.8879],[84.4592,25.8884],[84.4695,25.8869],[84.475,25.8819],[84.4872,25.8866],[84.4938,25.8875],[84.515,25.8706],[84.5371,25.876],[84.5401,25.871],[84.549,25.8604],[84.5483,25.8586],[84.5367,25.863],[84.5284,25.8594],[84.5347,25.8537],[84.5354,25.8326],[84.5413,25.8305],[84.5527,25.8283],[84.5553,25.8396],[84.5649,25.8358],[84.5798,25.8282],[84.5955,25.818],[84.6066,25.808],[84.6192,25.799],[84.6252,25.7939],[84.6286,25.7925],[84.6294,25.7908],[84.6274,25.7874],[84.6291,25.7708],[84.623,25.7708],[84.6185,25.7757],[84.6112,25.7708],[84.6089,25.7591],[84.6115,25.756],[84.6232,25.7513],[84.6306,25.7458],[84.6346,25.7401],[84.6382,25.7316],[84.6389,25.7268],[84.6325,25.7264],[84.6213,25.7292],[84.6038,25.7375],[84.5639,25.7348],[84.5673,25.7201],[84.5669,25.6994],[84.5647,25.687],[84.5606,25.6825],[84.5397,25.6913],[84.5442,25.7249],[84.5388,25.723],[84.5363,25.7138],[84.5329,25.6828],[84.5247,25.6761],[84.5141,25.6807],[84.5073,25.6758],[84.4967,25.6763],[84.4976,25.6895],[84.4748,25.6839],[84.4686,25.6891],[84.4711,25.6942],[84.4715,25.697],[84.4671,25.6968],[84.467,25.7016],[84.4635,25.7087],[84.4574,25.7097],[84.4571,25.7128],[84.4469,25.709],[84.4408,25.7104],[84.4325,25.71],[84.432,25.6934],[84.4192,25.6968],[84.4102,25.6978],[84.4055,25.7074],[84.4088,25.7152],[84.4038,25.7227],[84.4015,25.7243],[84.402,25.7272],[84.3896,25.7325],[84.3929,25.7359],[84.3969,25.7426],[84.3884,25.7469],[84.3814,25.7405],[84.378,25.742],[84.376,25.74],[84.3801,25.7366],[84.3779,25.7343],[84.3746,25.7367],[84.3628,25.7419],[84.3459,25.7434],[84.3397,25.7428],[84.334,25.7353],[84.3328,25.7315],[84.3316,25.7214],[84.332,25.7023],[84.3291,25.6803],[84.327,25.6702],[84.3217,25.6672],[84.3205,25.6707],[84.3167,25.6705],[84.3071,25.6701],[84.3032,25.6724],[84.3005,25.6753],[84.2962,25.6746],[84.292,25.6754],[84.2906,25.6729],[84.3012,25.6668],[84.2985,25.6611],[84.2939,25.6598],[84.2813,25.6599],[84.2768,25.6615],[84.256,25.661],[84.2416,25.6622],[84.2255,25.6623],[84.2113,25.6678],[84.2079,25.6705],[84.2056,25.6904],[84.2028,25.7016],[84.1824,25.7139],[84.176,25.7199],[84.164,25.724],[84.1567,25.7291],[84.1537,25.7267],[84.1568,25.7241],[84.153,25.7187],[84.1442,25.715],[84.1378,25.7155],[84.135,25.7166],[84.14,25.722],[84.1452,25.7218],[84.1452,25.7256],[84.1436,25.7297],[84.1316,25.722],[84.1164,25.7217],[84.1029,25.7184],[84.0914,25.7107],[84.0781,25.6937],[84.082,25.6816],[84.0825,25.6706],[84.0881,25.6508],[84.0849,25.6357],[84.0653,25.6303],[84.0367,25.6208],[84.0227,25.6142],[84.0085,25.6058],[84,25.5991],[83.9643,25.5735],[83.9527,25.5654],[83.9481,25.5635],[83.9337,25.5612],[83.9294,25.5598],[83.9308,25.5661],[83.9335,25.5684],[83.9342,25.5776],[83.9337,25.5864],[83.9355,25.5871],[83.9386,25.5818],[83.9404,25.5803],[83.9434,25.58],[83.9452,25.5813],[83.943,25.5879],[83.946,25.5902],[83.9417,25.6037],[83.9379,25.6127],[83.9358,25.6166],[83.9294,25.6199],[83.9229,25.6332],[83.9236,25.6361],[83.9275,25.6372],[83.9329,25.6404],[83.9362,25.6479],[83.9373,25.6559],[83.9423,25.6594],[83.9442,25.6633],[83.9447,25.6683],[83.948,25.6755],[83.9545,25.6758],[83.9589,25.6782],[83.9612,25.6809],[83.9639,25.6882],[83.9634,25.6897],[83.9614,25.6902],[83.956,25.6881],[83.9533,25.6861],[83.954,25.6902],[83.9533,25.7027],[83.9401,25.7073],[83.9366,25.7093],[83.9423,25.7229],[83.9497,25.7226],[83.9534,25.7215],[83.9564,25.7264],[83.9596,25.7252],[83.9615,25.7261],[83.9628,25.7292],[83.9603,25.731],[83.9532,25.7343],[83.9509,25.7365],[83.9497,25.7392],[83.9504,25.7416],[83.9543,25.7438],[83.9555,25.7459],[83.955,25.7475],[83.9493,25.7504],[83.9512,25.7545],[83.9507,25.7564],[83.9458,25.7573],[83.94,25.7615],[83.9302,25.7667],[83.9268,25.7662],[83.9252,25.7556],[83.9191,25.7495],[83.9154,25.7478],[83.9126,25.7487],[83.9101,25.752],[83.9112,25.7546],[83.9171,25.759],[83.9089,25.7642],[83.9034,25.758],[83.9031,25.7564],[83.896,25.7601],[83.8837,25.763],[83.8808,25.772],[83.8783,25.7753],[83.8699,25.7778],[83.8631,25.7928],[83.8609,25.7951],[83.8579,25.7963],[83.8552,25.7951],[83.8559,25.7923],[83.8546,25.7889],[83.8517,25.7861],[83.849,25.7863],[83.8434,25.7906],[83.8405,25.7912],[83.8399,25.7885],[83.843,25.7825],[83.8424,25.7797],[83.8383,25.7798],[83.8345,25.7881],[83.8214,25.7767],[83.8159,25.7731],[83.813,25.7729],[83.8118,25.7749],[83.8126,25.7774],[83.8194,25.7829],[83.8201,25.7852],[83.8168,25.7868],[83.8127,25.7927],[83.8069,25.7969],[83.8035,25.7984],[83.7994,25.8018],[83.8028,25.8064],[83.8031,25.8098],[83.8009,25.8119],[83.7914,25.8072],[83.7877,25.8076],[83.7796,25.814],[83.7662,25.8231],[83.7639,25.8258],[83.7595,25.8283],[83.754,25.8335],[83.7474,25.8413],[83.7474,25.8439],[83.7497,25.8506],[83.7497,25.8535],[83.7481,25.8559],[83.7454,25.8556],[83.7438,25.8532],[83.7433,25.846],[83.7349,25.8464],[83.7321,25.8474],[83.7302,25.8487],[83.7295,25.8521],[83.7326,25.8563],[83.7391,25.861],[83.7458,25.8671],[83.747,25.8694],[83.7468,25.8775],[83.7476,25.8822],[83.751,25.8857],[83.7565,25.8887],[83.7634,25.8977],[83.7678,25.8994],[83.77,25.9021],[83.78,25.9054],[83.7831,25.9053],[83.7856,25.9081],[83.7887,25.9142],[83.7932,25.9178],[83.7956,25.9211],[83.7985,25.9226],[83.799,25.9277],[83.7984,25.9309],[83.7954,25.9318],[83.7887,25.9322],[83.7866,25.9329],[83.7853,25.9347],[83.7875,25.9446],[83.7837,25.9481],[83.7907,25.9734],[83.7944,25.9797],[83.7951,25.9824],[83.7978,25.9838],[83.7976,25.9865],[83.7956,25.9891],[83.7938,25.9894],[83.7916,25.9853],[83.7873,25.9867],[83.7849,25.9859],[83.7848,25.9837],[83.7806,25.9799],[83.7776,25.9778],[83.7755,25.9786],[83.7747,25.9809],[83.7752,25.9827],[83.7781,25.9843],[83.7791,25.9865],[83.7801,25.9928],[83.7784,25.9943],[83.7766,26.0006],[83.7745,26.0015],[83.7725,26.0018],[83.77,26.0013],[83.7676,26.0006],[83.7657,25.999],[83.7606,25.9977],[83.7556,25.9995],[83.7549,26.0006],[83.7511,26.0026],[83.7439,26.0043],[83.7408,26.0066],[83.738,26.0071],[83.7326,26.0062],[83.7286,26.007],[83.7257,26.0064],[83.7126,26.011],[83.7089,26.0111],[83.7074,26.0095],[83.706,26.0054],[83.7042,26.0047],[83.7002,26.0067],[83.696,26.0057],[83.6934,26.0066],[83.6894,26.0095],[83.6774,26.0234],[83.6799,26.0288],[83.6808,26.0458],[83.6833,26.0542],[83.6898,26.0577],[83.6884,26.0621],[83.6824,26.0709],[83.6827,26.0753],[83.6938,26.0761],[83.701,26.0859],[83.7054,26.0901],[83.7104,26.0935],[83.7146,26.0951],[83.7187,26.0929],[83.7211,26.0891],[83.7266,26.0884],[83.7307,26.0898],[83.7328,26.0883],[83.7333,26.0845],[83.7375,26.0831],[83.7414,26.085],[83.7445,26.0887],[83.7471,26.0888],[83.7527,26.0864],[83.7571,26.0864],[83.7575,26.0894],[83.754,26.095],[83.755,26.0966],[83.7587,26.0963],[83.7641,26.0942],[83.7678,26.0939],[83.7645,26.1002],[83.7678,26.0997],[83.7904,26.1057],[83.7954,26.1078],[83.7956,26.1096],[83.7995,26.1158],[83.803,26.1283],[83.8061,26.1309],[83.8081,26.1349],[83.8077,26.1392],[83.8034,26.1435],[83.7898,26.1513],[83.7826,26.1578],[83.7813,26.1604],[83.7845,26.1644],[83.8049,26.175],[83.8103,26.1787],[83.8123,26.1813],[83.8127,26.1852],[83.8112,26.1907],[83.8185,26.1888],[83.8271,26.1882],[83.8344,26.1891],[83.8407,26.1917],[83.8512,26.1896],[83.8636,26.185],[83.8668,26.1804],[83.8677,26.174],[83.8672,26.165],[83.882,26.1429],[83.8905,26.1356],[83.8986,26.127],[83.908,26.1229],[83.9175,26.1212],[83.9251,26.1209],[83.9338,26.1226],[83.9415,26.1257],[83.9501,26.1292],[83.9577,26.1315],[83.9642,26.1317],[83.9715,26.1278],[83.9766,26.1224],[83.9803,26.1161],[83.9925,26.1165],[83.9999,26.1159],[84.0077,26.1111],[84.0183,26.1132],[84.0387,26.0963],[84.0471,26.0933],[84.0497,26.0941],[84.0559,26.0908],[84.0579,26.0974]]]},"properties":{"district_name":"Ballia","raw_district_name":"Ballia","state_code":"UP","state_name":"Uttar Pradesh","census_code":193,"data_source":"DataMeet India Maps (Census 2011 Boundaries)"}},{"type":"Feature","geometry":{"type":"MultiPolygon","coordinates":[[[[82.2767,27.795],[82.2789,27.7909],[82.2837,27.7868],[82.2841,27.7852],[82.2857,27.7843],[82.2889,27.7818],[82.2906,27.781],[82.294,27.7797],[82.295,27.7787],[82.295,27.7776],[82.2957,27.7773],[82.2968,27.7768],[82.2996,27.7753],[82.3166,27.768],[82.3318,27.7609],[82.3491,27.7534],[82.3595,27.747],[82.3686,27.741],[82.3714,27.739],[82.3769,27.7344],[82.3791,27.7324],[82.3791,27.7317],[82.3796,27.7314],[82.3816,27.7255],[82.384,27.72],[82.3845,27.7199],[82.3855,27.7165],[82.3871,27.7151],[82.3877,27.714],[82.3932,27.7105],[82.411,27.7001],[82.4123,27.6993],[82.4206,27.6947],[82.4242,27.692],[82.4242,27.6915],[82.4299,27.6878],[82.4435,27.684],[82.4561,27.6771],[82.4586,27.6762],[82.4619,27.6758],[82.47,27.6752],[82.4748,27.6754],[82.4756,27.6756],[82.477,27.676],[82.483,27.6793],[82.4844,27.6818],[82.4861,27.6827],[82.4876,27.6826],[82.4916,27.681],[82.4926,27.6805],[82.496,27.6852],[82.4966,27.6854],[82.5044,27.6858],[82.5168,27.689],[82.5258,27.6888],[82.528,27.6886],[82.5369,27.6864],[82.5434,27.6852],[82.5556,27.6866],[82.5614,27.6881],[82.5655,27.6887],[82.577,27.6944],[82.5856,27.6972],[82.5917,27.6975],[82.593,27.6971],[82.5986,27.6958],[82.6011,27.6965],[82.6024,27.6974],[82.6037,27.7019],[82.6059,27.703],[82.6066,27.7032],[82.6142,27.704],[82.622,27.7025],[82.6238,27.7027],[82.6323,27.7089],[82.6335,27.7113],[82.6341,27.7118],[82.6369,27.712],[82.6394,27.7106],[82.6426,27.71],[82.6455,27.7096],[82.6478,27.71],[82.6488,27.7102],[82.6549,27.7127],[82.657,27.7132],[82.6595,27.7145],[82.6603,27.7152],[82.6605,27.7204],[82.6612,27.7206],[82.6629,27.7208],[82.6647,27.7199],[82.6649,27.7188],[82.6708,27.7166],[82.6715,27.7164],[82.6753,27.7161],[82.6852,27.7175],[82.6907,27.7165],[82.6994,27.7204],[82.701,27.7195],[82.7011,27.7189],[82.7024,27.7187],[82.704,27.7181],[82.7065,27.7203],[82.7077,27.7239],[82.7138,27.7283],[82.7129,27.7247],[82.7125,27.7196],[82.7123,27.7186],[82.7089,27.7112],[82.7089,27.7099],[82.7091,27.7089],[82.7098,27.7086],[82.7116,27.7003],[82.7127,27.6978],[82.7144,27.6964],[82.7152,27.6948],[82.7151,27.6942],[82.7164,27.6937],[82.7174,27.693],[82.7186,27.6894],[82.7191,27.6893],[82.7197,27.6884],[82.7204,27.6833],[82.7196,27.6833],[82.7196,27.6778],[82.7182,27.674],[82.7175,27.6738],[82.7176,27.6708],[82.7181,27.6694],[82.7181,27.6659],[82.7171,27.6632],[82.7161,27.6621],[82.7188,27.66],[82.7203,27.6588],[82.7203,27.6548],[82.7239,27.6549],[82.7244,27.6555],[82.726,27.656],[82.7283,27.6553],[82.7289,27.6549],[82.7331,27.6523],[82.7338,27.6482],[82.7331,27.641],[82.7346,27.6405],[82.7379,27.6414],[82.7389,27.6409],[82.7389,27.64],[82.7395,27.6397],[82.7399,27.638],[82.739,27.6357],[82.742,27.6337],[82.7442,27.6316],[82.7432,27.6284],[82.7426,27.6281],[82.7399,27.6273],[82.7398,27.6269],[82.7403,27.6236],[82.7408,27.6234],[82.7406,27.6218],[82.738,27.6188],[82.7378,27.6122],[82.7412,27.604],[82.745,27.6006],[82.7452,27.5997],[82.7452,27.599],[82.7478,27.5964],[82.7482,27.5953],[82.7489,27.5938],[82.7533,27.5889],[82.755,27.5833],[82.755,27.5819],[82.7539,27.5774],[82.7505,27.574],[82.7476,27.5687],[82.7465,27.5651],[82.7455,27.5533],[82.7417,27.5498],[82.7412,27.5487],[82.7411,27.5446],[82.7416,27.5442],[82.7427,27.5428],[82.7434,27.5421],[82.7454,27.5373],[82.7454,27.5285],[82.7458,27.5274],[82.7493,27.5248],[82.7495,27.5234],[82.7489,27.521],[82.7448,27.5189],[82.7399,27.5171],[82.7382,27.5144],[82.7379,27.5139],[82.7373,27.5096],[82.74,27.5021],[82.7406,27.5016],[82.7405,27.5015],[82.736,27.4906],[82.7325,27.4844],[82.7277,27.4798],[82.7215,27.471],[82.721,27.4664],[82.7229,27.462],[82.7246,27.4611],[82.7303,27.4602],[82.7343,27.4604],[82.737,27.4596],[82.7382,27.4548],[82.7414,27.451],[82.7465,27.4498],[82.7489,27.445],[82.7572,27.4368],[82.7607,27.4318],[82.7616,27.4267],[82.7667,27.4151],[82.7607,27.4095],[82.7535,27.4085],[82.7504,27.4092],[82.7451,27.4168],[82.7399,27.4187],[82.7384,27.4181],[82.7362,27.4135],[82.736,27.4112],[82.7329,27.4069],[82.7314,27.4082],[82.7319,27.411],[82.7304,27.4141],[82.7281,27.4123],[82.7232,27.4046],[82.7211,27.4026],[82.7179,27.4044],[82.7164,27.4073],[82.7211,27.4131],[82.7218,27.4156],[82.7183,27.4155],[82.7149,27.4145],[82.7108,27.4222],[82.7082,27.4235],[82.7066,27.423],[82.7098,27.4122],[82.7095,27.411],[82.7073,27.4124],[82.7038,27.418],[82.6993,27.4206],[82.6984,27.4201],[82.6984,27.4178],[82.7007,27.4111],[82.7004,27.4093],[82.6963,27.4088],[82.696,27.4125],[82.693,27.4144],[82.6913,27.4127],[82.6887,27.4121],[82.687,27.4149],[82.6816,27.4145],[82.6693,27.4066],[82.6659,27.4067],[82.6605,27.405],[82.6558,27.4048],[82.6537,27.4093],[82.6545,27.4103],[82.6586,27.4094],[82.6662,27.4101],[82.6686,27.4107],[82.6731,27.4138],[82.6726,27.4172],[82.6706,27.4179],[82.6672,27.4167],[82.6615,27.4115],[82.66,27.4115],[82.6578,27.4142],[82.6512,27.4116],[82.647,27.411],[82.6407,27.4088],[82.6391,27.4087],[82.6374,27.4134],[82.6361,27.4137],[82.6303,27.4059],[82.6278,27.4048],[82.6252,27.4051],[82.6285,27.4084],[82.6288,27.4126],[82.6277,27.4122],[82.6253,27.4087],[82.6232,27.4082],[82.6216,27.412],[82.6215,27.4182],[82.6202,27.4194],[82.6175,27.4201],[82.6146,27.4194],[82.6114,27.4176],[82.6074,27.4195],[82.6029,27.4136],[82.6,27.4134],[82.5988,27.4153],[82.6001,27.4202],[82.5993,27.4215],[82.5884,27.419],[82.5872,27.4261],[82.5844,27.4268],[82.5785,27.4262],[82.5784,27.4224],[82.5793,27.4195],[82.5774,27.4182],[82.5737,27.419],[82.5714,27.4183],[82.5748,27.4102],[82.5744,27.4089],[82.5684,27.403],[82.5658,27.3991],[82.5571,27.3989],[82.556,27.3966],[82.5549,27.387],[82.5498,27.3872],[82.5441,27.3749],[82.5431,27.3722],[82.5373,27.3696],[82.5349,27.3664],[82.5318,27.3665],[82.5286,27.3717],[82.5271,27.3716],[82.5225,27.3644],[82.5147,27.3691],[82.5105,27.3704],[82.5039,27.3685],[82.5006,27.3663],[82.4935,27.3595],[82.4892,27.3506],[82.4896,27.3469],[82.4943,27.339],[82.4922,27.336],[82.4836,27.3306],[82.4767,27.3291],[82.4726,27.3291],[82.4716,27.3272],[82.4728,27.3241],[82.4769,27.3213],[82.4815,27.3208],[82.4923,27.3224],[82.5012,27.3274],[82.5033,27.3275],[82.5102,27.3248],[82.5118,27.3229],[82.5146,27.318],[82.5139,27.3133],[82.5126,27.3127],[82.5052,27.3176],[82.4995,27.3189],[82.4957,27.3173],[82.4899,27.3123],[82.4871,27.3086],[82.4864,27.3062],[82.4864,27.3014],[82.488,27.2961],[82.4898,27.2954],[82.4947,27.2978],[82.5016,27.3028],[82.5133,27.307],[82.5166,27.3068],[82.5157,27.3026],[82.5095,27.3],[82.4958,27.2922],[82.4922,27.2889],[82.4913,27.2869],[82.4917,27.2815],[82.5052,27.2809],[82.5122,27.2803],[82.5134,27.2766],[82.5066,27.2693],[82.5055,27.2603],[82.5077,27.2602],[82.5131,27.2619],[82.5236,27.2626],[82.5256,27.2609],[82.5272,27.255],[82.5249,27.253],[82.5199,27.2535],[82.5087,27.2522],[82.506,27.2474],[82.4992,27.2429],[82.499,27.2404],[82.5045,27.2385],[82.5203,27.2362],[82.5237,27.235],[82.5246,27.2329],[82.5175,27.2245],[82.5138,27.2176],[82.5132,27.2148],[82.5136,27.2139],[82.5161,27.214],[82.5204,27.2168],[82.5232,27.2174],[82.5259,27.2174],[82.5288,27.2159],[82.5326,27.215],[82.5533,27.2191],[82.5558,27.2184],[82.5572,27.2162],[82.5568,27.2085],[82.5554,27.2076],[82.5481,27.2082],[82.5467,27.2065],[82.5473,27.2042],[82.5572,27.2012],[82.5586,27.1996],[82.5626,27.1985],[82.5687,27.1913],[82.57,27.1891],[82.5697,27.1866],[82.5681,27.1849],[82.5618,27.1838],[82.5582,27.1825],[82.5556,27.1827],[82.5501,27.1852],[82.5333,27.1856],[82.5249,27.1826],[82.5199,27.1761],[82.515,27.1788],[82.5123,27.1888],[82.5106,27.1917],[82.5055,27.1942],[82.4969,27.1961],[82.4903,27.1992],[82.4861,27.2026],[82.4839,27.2042],[82.478,27.2023],[82.4662,27.1934],[82.4613,27.1929],[82.4567,27.1898],[82.4534,27.1864],[82.4497,27.1856],[82.4424,27.1789],[82.4408,27.1771],[82.4397,27.1734],[82.4417,27.1679],[82.4452,27.1618],[82.4541,27.153],[82.4567,27.1528],[82.4616,27.155],[82.466,27.1584],[82.4685,27.159],[82.4778,27.1562],[82.4797,27.1561],[82.4836,27.1458],[82.4819,27.1381],[82.4739,27.1205],[82.4665,27.1156],[82.4427,27.1288],[82.4279,27.114],[82.4205,27.1],[82.4118,27.0781],[82.4062,27.0792],[82.4019,27.0843],[82.3924,27.0904],[82.3835,27.0879],[82.3767,27.08],[82.3641,27.0571],[82.3574,27.0547],[82.3389,27.0538],[82.3321,27.0642],[82.3065,27.0883],[82.2864,27.1218],[82.2584,27.151],[82.2173,27.1789],[82.2199,27.1831],[82.2272,27.2052],[82.2389,27.2229],[82.2494,27.2263],[82.2596,27.2242],[82.2684,27.2182],[82.2877,27.199],[82.2934,27.2009],[82.2984,27.2059],[82.3119,27.2118],[82.3148,27.2177],[82.3075,27.2306],[82.2882,27.2572],[82.2792,27.2752],[82.2566,27.2923],[82.1642,27.3405],[82.1163,27.3699],[82.0774,27.4106],[82.0801,27.4166],[82.0856,27.4233],[82.0709,27.4269],[82.0744,27.4348],[82.0743,27.4407],[82.0707,27.4431],[82.0666,27.4414],[82.0561,27.4505],[82.061,27.498],[82.0538,27.5015],[82.054,27.521],[82.0498,27.5257],[82.0456,27.5341],[82.056,27.5354],[82.0559,27.5386],[82.0458,27.5415],[82.0447,27.543],[82.0438,27.5443],[82.0528,27.5498],[82.056,27.5537],[82.0535,27.559],[82.0498,27.5631],[82.0428,27.55],[82.0394,27.5487],[82.034,27.5525],[82.0368,27.5611],[82.0344,27.5644],[82.0359,27.5702],[82.0279,27.5761],[82.0246,27.5829],[82.0263,27.5887],[82.0308,27.5969],[82.0357,27.5986],[82.0451,27.6137],[82.0565,27.6182],[82.0609,27.6246],[82.0695,27.6224],[82.073,27.6256],[82.0782,27.6275],[82.0877,27.6387],[82.0848,27.6502],[82.0975,27.6613],[82.0975,27.6649],[82.0946,27.6704],[82.1054,27.683],[82.1113,27.6818],[82.1219,27.6936],[82.1251,27.6939],[82.1298,27.7018],[82.1281,27.7072],[82.1338,27.7096],[82.1349,27.7121],[82.131,27.7153],[82.1342,27.7214],[82.1358,27.7284],[82.1246,27.7372],[82.1309,27.7392],[82.1364,27.7427],[82.1416,27.7488],[82.1439,27.7544],[82.143,27.7595],[82.145,27.7669],[82.1483,27.7691],[82.1527,27.7698],[82.155,27.772],[82.1547,27.7756],[82.1618,27.7832],[82.1667,27.7911],[82.169,27.7927],[82.183,27.7899],[82.1853,27.7958],[82.1897,27.7947],[82.1977,27.804],[82.2014,27.8067],[82.2013,27.8111],[82.2033,27.8172],[82.2063,27.8217],[82.2074,27.8358],[82.2093,27.8441],[82.2215,27.8347],[82.2226,27.8339],[82.2229,27.8331],[82.2253,27.8301],[82.227,27.8278],[82.228,27.8267],[82.23,27.8241],[82.2301,27.8236],[82.2322,27.8221],[82.2398,27.8179],[82.2516,27.8139],[82.2584,27.8104],[82.2661,27.8044],[82.2708,27.8006],[82.271,27.8],[82.2767,27.795]]],[[[82.4758,27.1663],[82.4776,27.1615],[82.472,27.1638],[82.4725,27.1655],[82.4742,27.1665],[82.4758,27.1663]]]]},"properties":{"district_name":"Balrampur","raw_district_name":"Balrampur","state_code":"UP","state_name":"Uttar Pradesh","census_code":182,"data_source":"DataMeet India Maps (Census 2011 Boundaries)"}},{"type":"Feature","geometry":{"type":"MultiPolygon","coordinates":[[[[80.5488,25.844],[80.5357,25.8352],[80.5297,25.8339],[80.5139,25.8331],[80.5044,25.8344],[80.4817,25.8334],[80.4713,25.8307],[80.4643,25.8223],[80.4653,25.8182],[80.4693,25.8101],[80.4723,25.8061],[80.4809,25.8005],[80.494,25.7898],[80.499,25.7865],[80.5233,25.7768],[80.5316,25.7758],[80.5444,25.7771],[80.5764,25.783],[80.5802,25.7801],[80.5798,25.7731],[80.5798,25.7731],[80.5747,25.7615],[80.5574,25.7381],[80.5557,25.7346],[80.5602,25.7263],[80.5701,25.7211],[80.5776,25.7172],[80.5819,25.7154],[80.5854,25.714],[80.5913,25.7103],[80.5998,25.7075],[80.5998,25.7075],[80.6071,25.7065],[80.6071,25.7065],[80.6134,25.7073],[80.6212,25.7071],[80.6294,25.7044],[80.6542,25.7018],[80.6711,25.6953],[80.6711,25.6953],[80.6771,25.6938],[80.6782,25.6935],[80.6944,25.6913],[80.6944,25.6913],[80.7121,25.683],[80.7121,25.683],[80.72,25.6807],[80.7323,25.6815],[80.743,25.6807],[80.7573,25.6821],[80.7674,25.6841],[80.7845,25.6903],[80.7965,25.6958],[80.8048,25.7009],[80.8111,25.7061],[80.8145,25.7088],[80.8198,25.7156],[80.8221,25.7184],[80.8221,25.7184],[80.8281,25.7237],[80.8359,25.7274],[80.8452,25.7236],[80.8478,25.7197],[80.8516,25.7004],[80.8557,25.6925],[80.8577,25.6887],[80.8577,25.6887],[80.8592,25.6807],[80.8628,25.6758],[80.8698,25.6737],[80.8798,25.6743],[80.8859,25.6756],[80.9024,25.677],[80.9024,25.677],[80.92,25.6812],[80.9318,25.686],[80.9367,25.6872],[80.9432,25.6853],[80.947,25.681],[80.9476,25.6803],[80.9476,25.6803],[80.9497,25.6747],[80.9497,25.6747],[80.9505,25.6689],[80.9505,25.6689],[80.9505,25.6687],[80.9503,25.6628],[80.9473,25.6476],[80.9473,25.6476],[80.9453,25.6421],[80.9449,25.6341],[80.9449,25.6341],[80.9456,25.6269],[80.9479,25.6208],[80.9588,25.608],[80.9657,25.6073],[80.9657,25.6073],[80.9713,25.6085],[80.9737,25.6107],[80.9805,25.6146],[81,25.6213],[81.0196,25.6328],[81.0196,25.6328],[81.0255,25.6341],[81.0255,25.6341],[81.0305,25.6328],[81.035,25.6289],[81.0373,25.6261],[81.039,25.6223],[81.0395,25.6177],[81.0395,25.6177],[81.0394,25.6173],[81.0389,25.6122],[81.0338,25.5922],[81.0338,25.5922],[81.026,25.5838],[81.0065,25.5763],[81.0027,25.5738],[81,25.5711],[81.0014,25.5635],[81.0132,25.5545],[81.0212,25.5454],[81.0222,25.5443],[81.0216,25.5426],[81.0216,25.5426],[81.02,25.5382],[81.02,25.5382],[81.0169,25.5359],[81.0083,25.5344],[81.0131,25.5263],[81.016,25.5235],[81.0189,25.5206],[81.0228,25.5157],[81.0228,25.5157],[81.0244,25.5084],[81.0263,25.507],[81.0263,25.507],[81.0268,25.5038],[81.0268,25.5038],[81.025,25.5016],[81.0172,25.497],[81.011,25.4974],[81.0119,25.4915],[81.0078,25.4888],[81,25.4863],[80.9988,25.4759],[80.9942,25.4748],[80.9921,25.4765],[80.9888,25.4776],[80.9879,25.4772],[80.9857,25.474],[80.9833,25.4629],[80.9833,25.4629],[80.9806,25.4629],[80.9782,25.4653],[80.9754,25.4659],[80.9654,25.4641],[80.9624,25.4649],[80.9582,25.468],[80.952,25.4675],[80.9485,25.4697],[80.9437,25.4693],[80.9394,25.466],[80.9376,25.4629],[80.9379,25.4572],[80.9379,25.4572],[80.9353,25.45],[80.9353,25.45],[80.9331,25.4473],[80.9307,25.4421],[80.927,25.4403],[80.9157,25.4388],[80.9098,25.4417],[80.9072,25.4411],[80.9065,25.4401],[80.9092,25.4358],[80.9092,25.4358],[80.9082,25.432],[80.9082,25.432],[80.9014,25.4264],[80.8877,25.4199],[80.8857,25.4065],[80.8857,25.4065],[80.8859,25.4044],[80.8859,25.4044],[80.8834,25.4025],[80.8755,25.4009],[80.8741,25.3924],[80.8668,25.3818],[80.8644,25.3741],[80.8644,25.3741],[80.862,25.3723],[80.8544,25.37],[80.8535,25.3704],[80.8511,25.3655],[80.8451,25.3593],[80.8409,25.3576],[80.8337,25.3484],[80.8312,25.347],[80.8232,25.3479],[80.8179,25.347],[80.8167,25.3426],[80.8167,25.3426],[80.8151,25.3419],[80.8112,25.342],[80.8028,25.3362],[80.8009,25.3388],[80.8006,25.3428],[80.7963,25.3414],[80.7931,25.3346],[80.7885,25.3356],[80.7865,25.331],[80.78,25.3298],[80.7702,25.331],[80.7708,25.3241],[80.7665,25.3231],[80.7628,25.3252],[80.759,25.3242],[80.7594,25.3217],[80.7626,25.318],[80.7625,25.3152],[80.758,25.3047],[80.7602,25.3056],[80.7661,25.3],[80.7771,25.2965],[80.7788,25.2943],[80.7788,25.2943],[80.7826,25.2832],[80.7826,25.2832],[80.7874,25.2742],[80.8063,25.2662],[80.8119,25.2628],[80.8111,25.2583],[80.8073,25.249],[80.8037,25.2455],[80.7999,25.2463],[80.7947,25.2508],[80.7932,25.2521],[80.7906,25.2557],[80.7829,25.2621],[80.7775,25.2597],[80.7718,25.2564],[80.7684,25.2543],[80.7615,25.2528],[80.7615,25.2528],[80.7565,25.2527],[80.7515,25.2513],[80.7485,25.2462],[80.7477,25.2392],[80.7486,25.236],[80.7479,25.2329],[80.7518,25.2289],[80.7546,25.2295],[80.7583,25.2287],[80.7636,25.2258],[80.7698,25.2237],[80.7727,25.2252],[80.7727,25.2252],[80.7775,25.2265],[80.7842,25.2231],[80.7874,25.2229],[80.7933,25.2203],[80.7939,25.2165],[80.7978,25.2164],[80.7925,25.2109],[80.7814,25.2057],[80.7763,25.2065],[80.7695,25.2065],[80.7673,25.2054],[80.7569,25.1906],[80.7534,25.1873],[80.7471,25.1856],[80.7389,25.1849],[80.7357,25.1878],[80.7314,25.1903],[80.7203,25.1894],[80.7144,25.1848],[80.7122,25.1791],[80.7148,25.1743],[80.7148,25.1743],[80.716,25.1639],[80.7083,25.1582],[80.7083,25.1582],[80.6974,25.1561],[80.6974,25.1561],[80.6935,25.1543],[80.6939,25.1497],[80.6903,25.1451],[80.6889,25.1417],[80.6887,25.1306],[80.694,25.1272],[80.6938,25.1214],[80.6983,25.103],[80.7001,25.0998],[80.7036,25.0969],[80.7065,25.0967],[80.7068,25.0967],[80.7068,25.0967],[80.71,25.0951],[80.711,25.0939],[80.7119,25.0927],[80.7121,25.0886],[80.7084,25.0853],[80.7047,25.0829],[80.7047,25.0829],[80.7016,25.0839],[80.7031,25.0799],[80.707,25.0775],[80.7178,25.0738],[80.722,25.0681],[80.722,25.0681],[80.7226,25.0638],[80.7226,25.0638],[80.7226,25.0638],[80.7191,25.0633],[80.7177,25.0624],[80.7177,25.0624],[80.7135,25.0575],[80.7135,25.0575],[80.7062,25.0576],[80.7062,25.0576],[80.7062,25.0576],[80.695,25.0548],[80.6864,25.0506],[80.6817,25.0502],[80.6817,25.0502],[80.6817,25.0502],[80.6832,25.0586],[80.6801,25.0606],[80.6801,25.0606],[80.68,25.0632],[80.68,25.0633],[80.68,25.0633],[80.6824,25.0641],[80.686,25.0691],[80.6871,25.0718],[80.6874,25.0778],[80.6765,25.0827],[80.6749,25.0803],[80.6743,25.0765],[80.6724,25.0744],[80.6645,25.0704],[80.6619,25.0725],[80.6587,25.0835],[80.6496,25.0891],[80.6446,25.0899],[80.6446,25.0899],[80.6446,25.0899],[80.6434,25.0935],[80.6425,25.0931],[80.6421,25.0898],[80.6421,25.0898],[80.6368,25.0893],[80.6333,25.0915],[80.6317,25.0912],[80.6301,25.0893],[80.6305,25.0853],[80.6305,25.0853],[80.6282,25.0855],[80.626,25.0896],[80.6166,25.0945],[80.6166,25.0945],[80.6147,25.0975],[80.6095,25.1003],[80.6095,25.1003],[80.615,25.1025],[80.6215,25.1025],[80.6232,25.1072],[80.6229,25.1098],[80.6264,25.1117],[80.6274,25.1161],[80.6305,25.118],[80.6305,25.118],[80.6329,25.1174],[80.6394,25.1157],[80.6406,25.1192],[80.6362,25.1262],[80.634,25.1316],[80.6331,25.1336],[80.6306,25.132],[80.6264,25.1333],[80.6242,25.134],[80.6165,25.1289],[80.6143,25.1315],[80.6137,25.1323],[80.6137,25.1323],[80.614,25.1452],[80.6078,25.1514],[80.6028,25.1511],[80.5992,25.1372],[80.5992,25.1372],[80.5983,25.1307],[80.5989,25.1275],[80.6057,25.1241],[80.6086,25.1212],[80.6086,25.1212],[80.6092,25.1197],[80.6096,25.1187],[80.6096,25.1187],[80.6046,25.1179],[80.5995,25.1139],[80.5959,25.105],[80.6,25.0919],[80.6025,25.0889],[80.6082,25.0867],[80.6082,25.0867],[80.6082,25.0867],[80.612,25.0784],[80.6149,25.0722],[80.6149,25.0722],[80.6154,25.0691],[80.6154,25.0691],[80.6149,25.0681],[80.6149,25.0681],[80.6127,25.0686],[80.6127,25.0686],[80.6041,25.0741],[80.6025,25.0761],[80.6014,25.0775],[80.5969,25.0803],[80.5957,25.0818],[80.5893,25.0827],[80.5883,25.0829],[80.5883,25.0829],[80.5868,25.0842],[80.5808,25.0817],[80.5762,25.0812],[80.5738,25.0831],[80.5738,25.0831],[80.5706,25.0874],[80.5692,25.0847],[80.5693,25.0752],[80.5693,25.0752],[80.5681,25.0709],[80.5635,25.0668],[80.5606,25.0652],[80.5567,25.0652],[80.5549,25.0639],[80.5515,25.0636],[80.5469,25.0656],[80.5436,25.0687],[80.5402,25.0718],[80.5362,25.073],[80.5271,25.0778],[80.5233,25.0844],[80.5224,25.0917],[80.521,25.0941],[80.5176,25.0969],[80.51,25.1],[80.5093,25.1001],[80.5028,25.1008],[80.5002,25.0981],[80.5002,25.0981],[80.492,25.0987],[80.4898,25.0979],[80.4884,25.0974],[80.4884,25.0974],[80.4842,25.0981],[80.4826,25.0977],[80.4828,25.0949],[80.4857,25.0923],[80.4954,25.0877],[80.5024,25.0879],[80.5059,25.0873],[80.5059,25.0873],[80.5081,25.0854],[80.5081,25.0854],[80.5072,25.0816],[80.5065,25.0785],[80.5026,25.0755],[80.5011,25.0749],[80.4987,25.0741],[80.5082,25.0669],[80.5102,25.0633],[80.5104,25.0588],[80.5083,25.0547],[80.5068,25.0533],[80.5053,25.0519],[80.5034,25.0512],[80.5013,25.0502],[80.5023,25.0412],[80.504,25.04],[80.5045,25.0394],[80.5076,25.0407],[80.5138,25.0403],[80.5204,25.0378],[80.5251,25.0375],[80.5282,25.036],[80.5363,25.0342],[80.539,25.0323],[80.5451,25.0312],[80.5485,25.0318],[80.5496,25.0297],[80.549,25.0255],[80.5439,25.0177],[80.5458,25.0106],[80.5494,25.0074],[80.5506,25.0048],[80.5503,25.0027],[80.5398,25.0014],[80.5337,25.002],[80.5303,25.0028],[80.5244,25.0079],[80.5215,25.0087],[80.52,25.0041],[80.5164,25.0038],[80.5094,25.0053],[80.5067,25.0052],[80.5013,25.0026],[80.5018,25],[80.4951,24.993],[80.4848,24.9895],[80.4814,24.9853],[80.4805,24.9822],[80.4813,24.9763],[80.4699,24.9771],[80.4603,24.9826],[80.4599,24.9882],[80.4648,24.9959],[80.4662,25.0001],[80.463,25.0041],[80.4581,25.0053],[80.4526,25.0073],[80.4495,25.0101],[80.4491,25.0137],[80.4465,25.016],[80.448,25.0184],[80.444,25.0222],[80.4418,25.0225],[80.4335,25.0199],[80.4329,25.0223],[80.4336,25.0266],[80.4445,25.0358],[80.451,25.0399],[80.4544,25.0412],[80.4568,25.0398],[80.4667,25.0368],[80.4679,25.0348],[80.4728,25.0317],[80.4783,25.0311],[80.4851,25.0329],[80.4929,25.0298],[80.495,25.0302],[80.4973,25.0307],[80.5012,25.034],[80.5017,25.0375],[80.4994,25.0419],[80.4939,25.0432],[80.4939,25.0432],[80.4938,25.0432],[80.4912,25.0432],[80.4903,25.0425],[80.4871,25.0403],[80.4871,25.0403],[80.485,25.0398],[80.485,25.0398],[80.4814,25.0395],[80.4814,25.0395],[80.4782,25.0406],[80.4695,25.0539],[80.4695,25.0539],[80.4681,25.0656],[80.464,25.0697],[80.461,25.0647],[80.454,25.0617],[80.4523,25.064],[80.4527,25.0667],[80.4503,25.0691],[80.4503,25.0691],[80.4497,25.0719],[80.4515,25.0732],[80.4532,25.076],[80.4524,25.0771],[80.4498,25.0769],[80.4498,25.0769],[80.4488,25.0779],[80.4432,25.0768],[80.441,25.0742],[80.4404,25.0727],[80.4392,25.0698],[80.4392,25.0698],[80.4376,25.0684],[80.4376,25.0684],[80.4326,25.0674],[80.4326,25.0674],[80.4308,25.0672],[80.418,25.0726],[80.4174,25.0702],[80.4148,25.0593],[80.4138,25.0576],[80.4133,25.0567],[80.4107,25.0568],[80.4055,25.0615],[80.4055,25.0615],[80.4061,25.0651],[80.4022,25.0679],[80.3975,25.0641],[80.3975,25.0641],[80.3945,25.0631],[80.3922,25.0612],[80.3915,25.0575],[80.3915,25.0575],[80.3873,25.0518],[80.3873,25.0518],[80.3753,25.0547],[80.3738,25.0536],[80.3743,25.0489],[80.3721,25.0436],[80.3755,25.0419],[80.3832,25.0415],[80.3871,25.0402],[80.3871,25.0402],[80.3882,25.0375],[80.3885,25.0348],[80.3885,25.0348],[80.3883,25.0346],[80.3863,25.0327],[80.3828,25.0325],[80.3809,25.0305],[80.3798,25.0286],[80.3804,25.025],[80.3842,25.0239],[80.3889,25.0235],[80.3889,25.0235],[80.3911,25.0146],[80.3972,25.0108],[80.3954,25.0083],[80.3935,25.0073],[80.3902,25.0056],[80.3808,25.0042],[80.3808,25.0042],[80.3772,25.0147],[80.3772,25.0147],[80.3769,25.0197],[80.3758,25.0213],[80.3668,25.0219],[80.3631,25.0203],[80.3606,25.0157],[80.3606,25.0157],[80.3559,25.0123],[80.3559,25.0123],[80.3526,25.0153],[80.346,25.0168],[80.3369,25.0013],[80.3354,25.0002],[80.3339,24.999],[80.3339,24.999],[80.3329,24.9989],[80.3324,24.9989],[80.3318,24.9988],[80.3313,24.9988],[80.3308,24.9988],[80.3303,24.9988],[80.3298,24.9988],[80.3293,24.9988],[80.3287,24.9988],[80.3287,24.9988],[80.3282,24.9988],[80.3277,24.9988],[80.3272,24.9988],[80.3267,24.9988],[80.3262,24.9989],[80.3262,24.9989],[80.3257,24.9989],[80.3251,24.9989],[80.3246,24.999],[80.3241,24.999],[80.3236,24.9991],[80.3231,24.9992],[80.3231,24.9992],[80.3226,24.9993],[80.3221,24.9994],[80.3221,24.9994],[80.3207,25.0002],[80.3207,25.0002],[80.3203,25.0021],[80.3069,25.0119],[80.2972,25.017],[80.287,25.0174],[80.2865,25.0175],[80.2865,25.0175],[80.2749,25.026],[80.2752,25.0274],[80.2788,25.03],[80.2828,25.0348],[80.2858,25.0398],[80.2874,25.0485],[80.2874,25.0485],[80.2892,25.0525],[80.2896,25.0558],[80.2896,25.0558],[80.3005,25.0527],[80.3033,25.051],[80.3084,25.044],[80.3114,25.0431],[80.3137,25.0436],[80.3145,25.0438],[80.3186,25.0474],[80.3186,25.0475],[80.3186,25.0475],[80.3318,25.051],[80.3325,25.0548],[80.3351,25.0574],[80.3393,25.0552],[80.3401,25.0529],[80.3466,25.0543],[80.3502,25.0536],[80.3531,25.0544],[80.354,25.0614],[80.3481,25.0639],[80.3452,25.0671],[80.3478,25.071],[80.35,25.0789],[80.35,25.0893],[80.3517,25.0915],[80.3527,25.093],[80.3687,25.0997],[80.3733,25.1081],[80.3769,25.1111],[80.3737,25.1168],[80.3648,25.1201],[80.362,25.1219],[80.3592,25.1253],[80.3556,25.1258],[80.3567,25.1364],[80.3594,25.1406],[80.3642,25.1442],[80.3705,25.1455],[80.3815,25.1509],[80.3888,25.1565],[80.3949,25.1586],[80.3949,25.1586],[80.4117,25.1608],[80.4236,25.1611],[80.4307,25.168],[80.4318,25.1699],[80.4305,25.1771],[80.4274,25.1848],[80.4263,25.1877],[80.4211,25.1936],[80.4198,25.1952],[80.4198,25.1952],[80.4183,25.1997],[80.4177,25.2016],[80.4146,25.2064],[80.4124,25.2098],[80.4124,25.2098],[80.4098,25.2167],[80.4072,25.2387],[80.3989,25.2414],[80.3911,25.2376],[80.3895,25.234],[80.3862,25.2332],[80.3862,25.2332],[80.3711,25.2425],[80.3686,25.2445],[80.3659,25.2468],[80.3618,25.2521],[80.3599,25.2559],[80.3575,25.2652],[80.3492,25.2742],[80.3485,25.2744],[80.3458,25.275],[80.3291,25.276],[80.328,25.2761],[80.328,25.2761],[80.3262,25.2765],[80.3202,25.2778],[80.3202,25.2778],[80.3122,25.2845],[80.3122,25.2845],[80.3113,25.2867],[80.3108,25.2926],[80.3108,25.2926],[80.3173,25.3014],[80.32,25.3298],[80.318,25.3368],[80.3118,25.3481],[80.3118,25.3481],[80.3109,25.3538],[80.3136,25.3576],[80.3169,25.3593],[80.3215,25.3678],[80.3195,25.3766],[80.3195,25.3766],[80.319,25.3828],[80.3173,25.3874],[80.3168,25.3878],[80.3059,25.4005],[80.3036,25.4033],[80.3036,25.4033],[80.2979,25.4082],[80.2947,25.4101],[80.2926,25.4114],[80.282,25.4205],[80.2695,25.4216],[80.2641,25.4242],[80.2617,25.4189],[80.2617,25.4189],[80.2607,25.4142],[80.2556,25.4069],[80.2556,25.4028],[80.2534,25.4004],[80.2348,25.4061],[80.2222,25.3997],[80.2222,25.3997],[80.2196,25.3994],[80.2196,25.3994],[80.2107,25.4022],[80.2061,25.406],[80.2065,25.4081],[80.2055,25.4104],[80.2041,25.4109],[80.2022,25.4117],[80.1997,25.4081],[80.1991,25.4045],[80.1971,25.4019],[80.1974,25.3847],[80.1974,25.3847],[80.1961,25.3791],[80.1908,25.377],[80.1802,25.3761],[80.1749,25.3744],[80.1674,25.3731],[80.1673,25.3617],[80.1673,25.3617],[80.1613,25.3583],[80.1613,25.3583],[80.1531,25.3556],[80.1453,25.3512],[80.1409,25.3458],[80.1352,25.3361],[80.1314,25.3339],[80.1314,25.3339],[80.1273,25.3381],[80.1151,25.3396],[80.1042,25.347],[80.1042,25.347],[80.1122,25.3567],[80.117,25.3614],[80.1244,25.375],[80.1282,25.378],[80.1282,25.378],[80.1387,25.3798],[80.1416,25.3837],[80.1332,25.3861],[80.1306,25.3868],[80.1306,25.3868],[80.1306,25.3897],[80.1326,25.3955],[80.1344,25.398],[80.1381,25.3967],[80.1431,25.3962],[80.1436,25.3962],[80.1436,25.3962],[80.1502,25.3976],[80.1478,25.4073],[80.141,25.4108],[80.1377,25.4102],[80.1304,25.4063],[80.1236,25.4063],[80.1211,25.4074],[80.1209,25.411],[80.1218,25.4146],[80.1246,25.4194],[80.1304,25.4269],[80.1386,25.4516],[80.1394,25.4563],[80.1394,25.4563],[80.1448,25.4582],[80.1496,25.4575],[80.1737,25.4484],[80.1907,25.442],[80.1952,25.4494],[80.1939,25.467],[80.2004,25.4788],[80.2059,25.4836],[80.2112,25.47],[80.2243,25.4706],[80.222,25.4749],[80.219,25.4773],[80.219,25.4773],[80.2201,25.4823],[80.2125,25.4878],[80.2125,25.4878],[80.2112,25.493],[80.2141,25.4946],[80.2184,25.4945],[80.2232,25.5005],[80.2223,25.5041],[80.2243,25.5074],[80.2185,25.5128],[80.22,25.5239],[80.2201,25.5252],[80.2143,25.5272],[80.2064,25.5269],[80.2064,25.5269],[80.2083,25.531],[80.2083,25.531],[80.2091,25.5358],[80.2145,25.5542],[80.2169,25.5568],[80.225,25.5571],[80.231,25.559],[80.2331,25.5596],[80.2395,25.567],[80.2419,25.575],[80.2526,25.5873],[80.2526,25.5873],[80.2608,25.5869],[80.2619,25.5854],[80.2645,25.5842],[80.2683,25.5837],[80.2711,25.582],[80.2775,25.5809],[80.2797,25.5839],[80.2835,25.5966],[80.288,25.6031],[80.2906,25.6071],[80.2885,25.6097],[80.2846,25.6116],[80.2763,25.62],[80.2833,25.6267],[80.2885,25.6285],[80.2976,25.6301],[80.3017,25.631],[80.3173,25.645],[80.3096,25.6732],[80.306,25.6772],[80.3044,25.6816],[80.3044,25.6816],[80.3041,25.6932],[80.3041,25.6932],[80.3142,25.7043],[80.3209,25.7086],[80.3259,25.7091],[80.3357,25.7075],[80.3494,25.7004],[80.3511,25.7051],[80.3511,25.7051],[80.3475,25.7166],[80.3445,25.7202],[80.3376,25.726],[80.3341,25.7276],[80.3295,25.7317],[80.3289,25.7323],[80.3292,25.7356],[80.3293,25.7359],[80.3293,25.7359],[80.3285,25.7396],[80.3259,25.7428],[80.3147,25.7518],[80.3051,25.7611],[80.2915,25.7655],[80.2762,25.7678],[80.2707,25.7713],[80.2707,25.7713],[80.2682,25.7773],[80.2677,25.7807],[80.263,25.7829],[80.263,25.7829],[80.2636,25.7849],[80.2618,25.7871],[80.2442,25.7922],[80.2356,25.793],[80.2356,25.793],[80.2336,25.7941],[80.2315,25.7975],[80.234,25.801],[80.2389,25.8044],[80.2455,25.8064],[80.2528,25.81],[80.2567,25.809],[80.2567,25.809],[80.2623,25.8056],[80.2703,25.8129],[80.278,25.8182],[80.278,25.8182],[80.2818,25.8145],[80.287,25.8128],[80.2946,25.8174],[80.298,25.8199],[80.293,25.8307],[80.291,25.8352],[80.291,25.8352],[80.2951,25.8399],[80.3016,25.8433],[80.3016,25.8433],[80.3072,25.8449],[80.313,25.8453],[80.327,25.8437],[80.3316,25.8456],[80.3333,25.8497],[80.3333,25.8497],[80.3453,25.8659],[80.3453,25.8659],[80.3501,25.8659],[80.3511,25.8675],[80.3526,25.8697],[80.3497,25.8952],[80.3502,25.8987],[80.3512,25.8995],[80.3655,25.9053],[80.3894,25.9106],[80.4001,25.909],[80.4019,25.9087],[80.4019,25.9087],[80.4084,25.907],[80.4084,25.907],[80.4089,25.907],[80.4207,25.9065],[80.4387,25.9031],[80.4387,25.9031],[80.4569,25.8986],[80.4569,25.8986],[80.4711,25.892],[80.5064,25.8779],[80.5064,25.8779],[80.5133,25.8766],[80.5321,25.8746],[80.5407,25.872],[80.5468,25.8692],[80.5531,25.8686],[80.5531,25.8686],[80.5564,25.8667],[80.5564,25.8667],[80.5567,25.8622],[80.5536,25.8552],[80.552,25.8489],[80.5488,25.844]],[[80.4801,25.0701],[80.4777,25.0666],[80.4804,25.0619],[80.4829,25.0556],[80.4876,25.0562],[80.4899,25.0595],[80.4905,25.0651],[80.4901,25.0674],[80.4855,25.0729],[80.4854,25.0739],[80.482,25.0721],[80.4801,25.0701]]],[[[80.448,24.9963],[80.4408,24.9951],[80.438,25.0001],[80.4385,25.0017],[80.441,25.0026],[80.4423,25.0042],[80.4495,25.0052],[80.4573,25.0041],[80.4564,25.0024],[80.4529,25.0021],[80.4512,25.0002],[80.448,24.9963]]]]},"properties":{"district_name":"Banda","raw_district_name":"Banda","state_code":"UP","state_name":"Uttar Pradesh","census_code":170,"data_source":"DataMeet India Maps (Census 2011 Boundaries)"}},{"type":"Feature","geometry":{"type":"Polygon","coordinates":[[[81.7192,26.9201],[81.7196,26.9103],[81.7184,26.9019],[81.7139,26.8965],[81.7105,26.8882],[81.7027,26.8804],[81.6955,26.878],[81.6884,26.8781],[81.6725,26.8807],[81.6368,26.8826],[81.6318,26.8797],[81.6241,26.8753],[81.6157,26.869],[81.6127,26.8488],[81.6109,26.8321],[81.6096,26.8198],[81.6078,26.8089],[81.6016,26.7932],[81.6004,26.7888],[81.5976,26.7829],[81.5904,26.7771],[81.5848,26.7658],[81.5813,26.7501],[81.5828,26.7427],[81.5844,26.7353],[81.5832,26.7259],[81.5814,26.7185],[81.5818,26.7038],[81.5866,26.6958],[81.6002,26.6895],[81.6054,26.6854],[81.6066,26.6827],[81.6056,26.6765],[81.5999,26.6736],[81.5886,26.6761],[81.581,26.6824],[81.5739,26.6798],[81.567,26.6732],[81.5585,26.6697],[81.5502,26.6648],[81.5465,26.6606],[81.5436,26.6525],[81.5432,26.6466],[81.5446,26.642],[81.549,26.6404],[81.5607,26.6413],[81.5636,26.6283],[81.5628,26.6265],[81.5567,26.6236],[81.5582,26.6125],[81.5601,26.612],[81.5686,26.6141],[81.5715,26.6137],[81.5737,26.6127],[81.5752,26.6094],[81.5741,26.6062],[81.5689,26.5972],[81.5683,26.5916],[81.5688,26.589],[81.5677,26.5874],[81.5658,26.5861],[81.5606,26.5853],[81.5572,26.5867],[81.5538,26.5852],[81.5512,26.5813],[81.5475,26.5782],[81.5451,26.5725],[81.5461,26.5714],[81.554,26.5695],[81.555,26.5685],[81.5526,26.5634],[81.5524,26.5597],[81.5443,26.5517],[81.5453,26.5485],[81.544,26.5464],[81.5361,26.541],[81.5401,26.5344],[81.5486,26.5269],[81.5497,26.5247],[81.546,26.5234],[81.5421,26.521],[81.5366,26.5258],[81.5308,26.5275],[81.521,26.5279],[81.5127,26.5272],[81.5115,26.5283],[81.5103,26.5309],[81.5113,26.5324],[81.5173,26.5324],[81.5178,26.5339],[81.5174,26.5435],[81.5161,26.5469],[81.5038,26.547],[81.4963,26.5456],[81.4944,26.5443],[81.4931,26.5411],[81.4901,26.5387],[81.4882,26.5398],[81.4866,26.5422],[81.4806,26.5552],[81.4761,26.5508],[81.4758,26.5529],[81.4711,26.5583],[81.4675,26.5654],[81.4619,26.5708],[81.459,26.5709],[81.4506,26.5688],[81.4483,26.5668],[81.4486,26.5645],[81.4504,26.5613],[81.4477,26.5603],[81.4425,26.5626],[81.4393,26.563],[81.4385,26.5615],[81.4352,26.5607],[81.4264,26.5635],[81.4165,26.5644],[81.414,26.5666],[81.4076,26.5697],[81.4043,26.5685],[81.4004,26.5695],[81.399,26.5731],[81.3955,26.5733],[81.3939,26.5748],[81.3926,26.5851],[81.3833,26.5869],[81.38,26.5845],[81.3726,26.5746],[81.3684,26.5609],[81.3572,26.5459],[81.3525,26.5437],[81.3441,26.544],[81.3401,26.5452],[81.3376,26.5473],[81.3324,26.55],[81.3275,26.551],[81.3251,26.5494],[81.3234,26.5453],[81.3173,26.5392],[81.3161,26.539],[81.3024,26.5423],[81.3018,26.5486],[81.3006,26.5523],[81.2966,26.5578],[81.29,26.5648],[81.2826,26.5698],[81.2712,26.5719],[81.2535,26.5772],[81.2495,26.5833],[81.2442,26.5864],[81.2326,26.59],[81.2256,26.5952],[81.2197,26.5981],[81.2146,26.5938],[81.2109,26.5925],[81.206,26.5949],[81.2031,26.5978],[81.1904,26.6045],[81.1852,26.6047],[81.1824,26.6038],[81.1836,26.5984],[81.1829,26.5977],[81.1791,26.5966],[81.1738,26.5966],[81.166,26.5925],[81.1647,26.5961],[81.1658,26.598],[81.1646,26.6009],[81.1649,26.6025],[81.1788,26.612],[81.1792,26.6152],[81.1839,26.6187],[81.182,26.6202],[81.179,26.621],[81.1775,26.623],[81.1722,26.627],[81.1759,26.634],[81.1759,26.6356],[81.1672,26.641],[81.1673,26.6432],[81.1704,26.6481],[81.1781,26.6554],[81.1884,26.6674],[81.1881,26.671],[81.1891,26.6745],[81.1961,26.6798],[81.1987,26.6831],[81.199,26.6866],[81.2053,26.6905],[81.2071,26.6946],[81.2073,26.6994],[81.2082,26.701],[81.2099,26.7029],[81.2121,26.7031],[81.2165,26.702],[81.2179,26.7034],[81.219,26.7061],[81.2188,26.7079],[81.2169,26.7099],[81.2141,26.7179],[81.2157,26.7211],[81.2105,26.723],[81.2037,26.7285],[81.2033,26.7325],[81.2047,26.7416],[81.2036,26.7442],[81.2002,26.7472],[81.1886,26.7615],[81.1894,26.7637],[81.1938,26.7673],[81.2106,26.7771],[81.2166,26.7823],[81.207,26.7883],[81.1937,26.7916],[81.192,26.7854],[81.192,26.7824],[81.1899,26.7797],[81.1871,26.7799],[81.181,26.7834],[81.1798,26.785],[81.1768,26.7861],[81.1744,26.7857],[81.1727,26.7844],[81.167,26.7746],[81.1641,26.7732],[81.1591,26.7755],[81.1598,26.7918],[81.1589,26.7971],[81.1688,26.8042],[81.1708,26.8074],[81.1617,26.8079],[81.1592,26.8128],[81.157,26.8137],[81.1517,26.8109],[81.1489,26.8106],[81.1459,26.8114],[81.1411,26.8144],[81.1389,26.8178],[81.1373,26.8261],[81.133,26.8326],[81.1305,26.8343],[81.1263,26.8359],[81.1048,26.8366],[81.0984,26.8375],[81.094,26.8378],[81.0922,26.8464],[81.0948,26.8518],[81.0921,26.8582],[81.097,26.8622],[81.1023,26.8704],[81.0988,26.8823],[81.0958,26.8857],[81.0926,26.8861],[81.0907,26.8891],[81.0917,26.8914],[81.1,26.8997],[81.1005,26.9027],[81.0993,26.9073],[81.0964,26.9093],[81.0958,26.9145],[81.0901,26.9153],[81.0874,26.9121],[81.0822,26.9089],[81.0755,26.9085],[81.0735,26.9145],[81.0695,26.9185],[81.0667,26.9242],[81.064,26.9277],[81.0606,26.9302],[81.0507,26.9323],[81.0507,26.937],[81.0473,26.9372],[81.0433,26.9387],[81.0422,26.944],[81.0426,26.9482],[81.0446,26.951],[81.0455,26.9557],[81.0522,26.961],[81.0553,26.9583],[81.0589,26.9582],[81.0636,26.9621],[81.0654,26.9651],[81.0655,26.9677],[81.0635,26.9698],[81.0589,26.9727],[81.0565,26.9729],[81.0503,26.9662],[81.0433,26.9681],[81.0361,26.965],[81.0255,26.9724],[81.0247,26.9757],[81.0278,26.9778],[81.0305,26.9853],[81.0257,26.9889],[81.0237,26.9902],[81.0223,26.9902],[81.0094,26.9971],[81.0043,26.9967],[81,27],[80.9963,27.0083],[80.9944,27.0178],[80.9952,27.0236],[81,27.0304],[81.0022,27.035],[81.001,27.038],[81,27.0382],[80.9959,27.0393],[80.989,27.0384],[80.9785,27.0354],[80.9759,27.0487],[80.9728,27.0556],[80.9745,27.059],[80.9766,27.0609],[80.9825,27.0633],[80.9841,27.0694],[80.9895,27.0664],[80.993,27.0735],[81,27.075],[81.0141,27.0658],[81.0174,27.0649],[81.0291,27.0721],[81.0337,27.0693],[81.0393,27.0701],[81.0531,27.0797],[81.0561,27.0853],[81.0519,27.0899],[81.0344,27.0965],[81.0246,27.1013],[81.023,27.103],[81.0233,27.1038],[81.0284,27.1132],[81.028,27.1174],[81.0265,27.1213],[81.0238,27.1245],[81.0173,27.1288],[81.0154,27.1372],[81.0121,27.1405],[81,27.1467],[80.9919,27.1373],[80.9896,27.1372],[80.9813,27.1424],[80.9798,27.1416],[80.9788,27.1378],[80.9692,27.1438],[80.9649,27.1444],[80.9597,27.1421],[80.957,27.139],[80.9493,27.1425],[80.9486,27.1481],[80.9429,27.1511],[80.9352,27.1567],[80.9293,27.159],[80.9321,27.1616],[80.9342,27.1658],[80.9355,27.1718],[80.9339,27.1793],[80.9272,27.1898],[80.9309,27.1962],[80.9314,27.1998],[80.9325,27.2001],[80.9366,27.196],[80.9382,27.1959],[80.9402,27.2004],[80.9425,27.1981],[80.9425,27.2008],[80.9433,27.2022],[80.9445,27.2022],[80.9466,27.1983],[80.9479,27.1999],[80.9519,27.2105],[80.9583,27.2172],[80.9591,27.2203],[80.9598,27.2206],[80.9625,27.2194],[80.9637,27.2179],[80.9661,27.2167],[80.9659,27.2211],[80.9677,27.2249],[80.9697,27.2327],[80.9692,27.2348],[80.9705,27.24],[80.9806,27.2349],[81,27.2285],[81.0053,27.2266],[81.0158,27.2277],[81.0195,27.229],[81.027,27.2266],[81.0293,27.2269],[81.0354,27.2305],[81.042,27.2281],[81.046,27.2296],[81.0478,27.229],[81.0537,27.2295],[81.058,27.2222],[81.0619,27.223],[81.0652,27.2228],[81.0671,27.2215],[81.0744,27.2249],[81.0773,27.228],[81.083,27.2275],[81.0863,27.2281],[81.0881,27.229],[81.0875,27.2302],[81.0818,27.2347],[81.0806,27.238],[81.0814,27.2394],[81.0862,27.2426],[81.0852,27.2458],[81.0857,27.2503],[81.089,27.2523],[81.0919,27.2523],[81.0929,27.2541],[81.0909,27.2611],[81.0918,27.2657],[81.0961,27.2687],[81.1003,27.269],[81.1016,27.2684],[81.1057,27.2715],[81.1177,27.2746],[81.1253,27.2741],[81.1286,27.2734],[81.1305,27.2723],[81.1337,27.2721],[81.1417,27.2672],[81.1478,27.2597],[81.1496,27.2586],[81.1541,27.2593],[81.1639,27.2661],[81.17,27.2686],[81.1743,27.2667],[81.1768,27.2607],[81.1815,27.2586],[81.1845,27.2552],[81.1836,27.2462],[81.1882,27.2418],[81.1996,27.2374],[81.2081,27.2372],[81.2114,27.238],[81.2137,27.2427],[81.2137,27.2452],[81.2098,27.2558],[81.2194,27.2633],[81.2244,27.2722],[81.2275,27.2741],[81.231,27.2699],[81.2323,27.2652],[81.2337,27.2637],[81.2365,27.2637],[81.2398,27.2653],[81.242,27.2686],[81.2419,27.2705],[81.2373,27.2766],[81.2372,27.2786],[81.2441,27.2839],[81.2422,27.2881],[81.2379,27.292],[81.2331,27.295],[81.2322,27.2994],[81.2379,27.3048],[81.2406,27.309],[81.2366,27.3098],[81.2274,27.3101],[81.2253,27.3161],[81.2267,27.321],[81.2325,27.3203],[81.2396,27.3221],[81.2418,27.3219],[81.2465,27.3179],[81.25,27.3169],[81.2547,27.3183],[81.2551,27.3222],[81.2575,27.3284],[81.2553,27.3323],[81.2558,27.3356],[81.2568,27.3367],[81.2594,27.3367],[81.2667,27.3337],[81.2694,27.3317],[81.2746,27.3308],[81.2761,27.3312],[81.2783,27.3341],[81.2792,27.3405],[81.2814,27.3432],[81.2839,27.3441],[81.288,27.3536],[81.2899,27.3554],[81.2938,27.3569],[81.2964,27.3563],[81.2985,27.3505],[81.2967,27.3478],[81.2977,27.3432],[81.2971,27.3371],[81.3024,27.3333],[81.3124,27.3274],[81.3178,27.3212],[81.3172,27.3156],[81.3093,27.3044],[81.3101,27.299],[81.312,27.2967],[81.3145,27.2959],[81.3178,27.2974],[81.3234,27.2981],[81.3214,27.2896],[81.3178,27.2843],[81.3188,27.278],[81.3208,27.2734],[81.3375,27.2739],[81.3423,27.2564],[81.3437,27.2546],[81.3472,27.2542],[81.3535,27.2578],[81.3608,27.2596],[81.3636,27.2628],[81.364,27.2646],[81.3668,27.267],[81.3712,27.2682],[81.3775,27.2669],[81.3779,27.2675],[81.377,27.2695],[81.3842,27.2761],[81.385,27.2791],[81.3746,27.2823],[81.3728,27.285],[81.3749,27.2919],[81.3828,27.2966],[81.385,27.3097],[81.3874,27.3089],[81.395,27.3099],[81.3921,27.316],[81.382,27.317],[81.3823,27.3204],[81.3877,27.3211],[81.3897,27.3195],[81.3921,27.3207],[81.3913,27.3235],[81.392,27.325],[81.3991,27.3252],[81.4018,27.3257],[81.4022,27.3266],[81.4018,27.3306],[81.3956,27.3355],[81.3932,27.3394],[81.3941,27.3427],[81.395,27.3432],[81.4047,27.3382],[81.4123,27.3366],[81.428,27.325],[81.4404,27.3162],[81.444,27.3089],[81.4438,27.3023],[81.4414,27.2899],[81.4408,27.278],[81.4369,27.2639],[81.4373,27.2547],[81.4395,27.2494],[81.4395,27.2371],[81.4416,27.2186],[81.4431,27.2174],[81.4466,27.2105],[81.4506,27.207],[81.4587,27.1971],[81.4619,27.1899],[81.4612,27.184],[81.4569,27.1812],[81.4435,27.1761],[81.4427,27.1751],[81.4423,27.1708],[81.4448,27.1534],[81.4482,27.1338],[81.4504,27.127],[81.4522,27.1218],[81.4597,27.1121],[81.4749,27.105],[81.4794,27.1017],[81.4815,27.0796],[81.4807,27.0701],[81.4919,27.0678],[81.4928,27.065],[81.4953,27.0644],[81.4973,27.062],[81.5022,27.0613],[81.5039,27.06],[81.5074,27.059],[81.509,27.0556],[81.5123,27.0554],[81.5168,27.0534],[81.5227,27.0518],[81.5257,27.0498],[81.5303,27.0482],[81.5378,27.0467],[81.5448,27.0466],[81.5598,27.05],[81.5655,27.0487],[81.569,27.0469],[81.5735,27.0465],[81.5777,27.0415],[81.5768,27.039],[81.5666,27.0316],[81.5627,27.0292],[81.5657,27.0231],[81.5783,27.0121],[81.5819,27.011],[81.5905,27.015],[81.5967,27.0192],[81.6021,27.021],[81.6146,27.0209],[81.6281,27.0184],[81.6339,27.0168],[81.6404,27.0138],[81.6408,27.0104],[81.6417,27.0091],[81.6451,27.0071],[81.65,27.0054],[81.6546,27.0044],[81.6532,27.0007],[81.6543,26.9912],[81.6537,26.9873],[81.6569,26.9803],[81.6578,26.9755],[81.6544,26.972],[81.6581,26.9622],[81.6643,26.964],[81.6741,26.9641],[81.7003,26.957],[81.7069,26.9573],[81.7261,26.9566],[81.729,26.956],[81.7317,26.9534],[81.7327,26.9492],[81.7317,26.9456],[81.722,26.9381],[81.7199,26.9357],[81.7179,26.9313],[81.7172,26.9229],[81.7177,26.9203],[81.7192,26.9201]]]},"properties":{"district_name":"Bara Banki","raw_district_name":"Bara Banki","state_code":"UP","state_name":"Uttar Pradesh","census_code":176,"data_source":"DataMeet India Maps (Census 2011 Boundaries)"}},{"type":"Feature","geometry":{"type":"Polygon","coordinates":[[[79.6425,28.8528],[79.6511,28.8444],[79.646,28.8421],[79.6432,28.8382],[79.648,28.8292],[79.6498,28.825],[79.6521,28.8218],[79.6541,28.8179],[79.6564,28.8086],[79.6575,28.8027],[79.6575,28.7967],[79.6569,28.7911],[79.6559,28.7876],[79.6549,28.7827],[79.6548,28.7707],[79.6571,28.7685],[79.6606,28.7655],[79.664,28.7639],[79.6698,28.7597],[79.671,28.7575],[79.6696,28.7532],[79.6692,28.7484],[79.6718,28.7457],[79.6726,28.7435],[79.6697,28.7385],[79.6684,28.737],[79.667,28.7354],[79.6589,28.729],[79.6581,28.7263],[79.6558,28.7246],[79.6536,28.725],[79.6508,28.7237],[79.6482,28.7251],[79.6454,28.7228],[79.6426,28.7219],[79.6365,28.7169],[79.6334,28.7132],[79.6311,28.711],[79.6294,28.709],[79.6287,28.7058],[79.6282,28.7016],[79.6251,28.6954],[79.6221,28.6926],[79.62,28.6901],[79.6178,28.6875],[79.6176,28.6826],[79.6202,28.6783],[79.6222,28.6749],[79.6217,28.6707],[79.6199,28.6665],[79.618,28.6638],[79.6164,28.6609],[79.6147,28.6587],[79.6129,28.6554],[79.6127,28.6533],[79.6132,28.6504],[79.6138,28.6476],[79.5983,28.6349],[79.6013,28.6327],[79.6076,28.6299],[79.6058,28.6246],[79.6024,28.6207],[79.5997,28.6159],[79.6065,28.6027],[79.6079,28.5964],[79.6125,28.5928],[79.6227,28.5966],[79.6283,28.5974],[79.6364,28.601],[79.6456,28.603],[79.65,28.6008],[79.6529,28.5951],[79.6524,28.5907],[79.6535,28.5848],[79.6609,28.5826],[79.6675,28.5824],[79.6728,28.5832],[79.6755,28.5827],[79.6754,28.5773],[79.6735,28.5722],[79.6669,28.567],[79.6629,28.5545],[79.6655,28.5493],[79.6697,28.5484],[79.6786,28.553],[79.6853,28.5552],[79.6926,28.5558],[79.6923,28.552],[79.6868,28.5417],[79.6869,28.5365],[79.6852,28.5285],[79.6865,28.5263],[79.6904,28.5231],[79.7019,28.5187],[79.7047,28.5196],[79.702,28.5249],[79.7037,28.528],[79.7115,28.5323],[79.7175,28.5311],[79.7207,28.5165],[79.7473,28.5074],[79.7486,28.5046],[79.7486,28.5021],[79.7492,28.4996],[79.75,28.4963],[79.7481,28.4876],[79.7435,28.4758],[79.7444,28.4659],[79.7472,28.4623],[79.7561,28.4548],[79.7574,28.4503],[79.7537,28.4469],[79.7453,28.4415],[79.7404,28.4424],[79.7378,28.447],[79.7385,28.4529],[79.7354,28.4582],[79.7278,28.4602],[79.7209,28.4546],[79.7213,28.4502],[79.7244,28.4431],[79.7254,28.4303],[79.7258,28.4186],[79.723,28.413],[79.7123,28.4101],[79.7082,28.4161],[79.705,28.4181],[79.6982,28.415],[79.6901,28.4013],[79.6854,28.3977],[79.6719,28.3913],[79.6739,28.3886],[79.6803,28.3876],[79.6876,28.3844],[79.6862,28.3782],[79.6878,28.3764],[79.6893,28.3748],[79.6928,28.3752],[79.6974,28.3754],[79.7009,28.376],[79.7029,28.3725],[79.7025,28.3654],[79.7008,28.3615],[79.6973,28.3593],[79.6974,28.351],[79.6929,28.3457],[79.6911,28.3408],[79.69,28.339],[79.6821,28.33],[79.6799,28.3268],[79.674,28.3198],[79.6733,28.3169],[79.6756,28.3131],[79.6767,28.3091],[79.6783,28.3062],[79.6808,28.3045],[79.6852,28.3027],[79.691,28.2959],[79.6956,28.2928],[79.7012,28.2905],[79.7072,28.2882],[79.7107,28.2865],[79.7117,28.2813],[79.711,28.2759],[79.7129,28.2696],[79.7136,28.2677],[79.7118,28.2644],[79.7023,28.2635],[79.695,28.2634],[79.6921,28.2713],[79.6884,28.2698],[79.688,28.2656],[79.6852,28.2631],[79.6818,28.2626],[79.6789,28.2633],[79.6768,28.2614],[79.6804,28.2529],[79.6835,28.2485],[79.6823,28.2463],[79.6763,28.2442],[79.6743,28.2444],[79.6678,28.2368],[79.6705,28.2312],[79.6719,28.2297],[79.672,28.2211],[79.6697,28.2178],[79.6658,28.2135],[79.6536,28.2152],[79.6455,28.212],[79.6424,28.2089],[79.6412,28.2068],[79.6427,28.2021],[79.6407,28.2004],[79.6465,28.1924],[79.639,28.1865],[79.6374,28.1832],[79.6342,28.1794],[79.6321,28.17],[79.629,28.1632],[79.6283,28.1564],[79.6225,28.1538],[79.6213,28.1491],[79.6241,28.1472],[79.6235,28.1427],[79.6263,28.1341],[79.629,28.1342],[79.6297,28.1306],[79.638,28.1219],[79.6319,28.1165],[79.6349,28.1079],[79.635,28.1025],[79.6321,28.0982],[79.6314,28.0861],[79.6301,28.0843],[79.6189,28.0824],[79.6142,28.0844],[79.6019,28.0816],[79.5952,28.0842],[79.5862,28.0907],[79.5809,28.0848],[79.5761,28.0769],[79.5616,28.0677],[79.5492,28.0693],[79.5447,28.0652],[79.539,28.0583],[79.5331,28.0561],[79.5287,28.0592],[79.5231,28.0552],[79.5173,28.0482],[79.5069,28.0445],[79.5069,28.0412],[79.5089,28.0355],[79.4975,28.0205],[79.4929,28.0278],[79.4863,28.035],[79.4812,28.0448],[79.4813,28.0478],[79.4834,28.0499],[79.4843,28.0533],[79.4959,28.0616],[79.4995,28.0661],[79.5008,28.0698],[79.5018,28.0773],[79.5016,28.0859],[79.4995,28.0929],[79.4986,28.1004],[79.4989,28.1077],[79.4934,28.1143],[79.4827,28.1225],[79.4712,28.1269],[79.4653,28.13],[79.4589,28.135],[79.4463,28.1505],[79.4424,28.1532],[79.4329,28.1572],[79.4287,28.1598],[79.4249,28.165],[79.4236,28.1687],[79.4239,28.171],[79.4205,28.1681],[79.4123,28.1686],[79.4069,28.1662],[79.4005,28.1686],[79.3969,28.171],[79.391,28.1734],[79.3901,28.1747],[79.3875,28.1755],[79.3769,28.1746],[79.3755,28.1701],[79.3742,28.1686],[79.3701,28.1702],[79.3657,28.1683],[79.3591,28.1625],[79.3564,28.1622],[79.3537,28.1632],[79.3508,28.1654],[79.3452,28.163],[79.3355,28.1544],[79.3349,28.1528],[79.328,28.157],[79.3272,28.1593],[79.3275,28.1658],[79.3268,28.1697],[79.3221,28.1744],[79.3197,28.1758],[79.3144,28.1768],[79.307,28.1731],[79.2983,28.1743],[79.2895,28.1718],[79.2763,28.166],[79.2711,28.1614],[79.2717,28.1642],[79.2642,28.1684],[79.2625,28.1712],[79.2545,28.1726],[79.2419,28.1818],[79.2353,28.1844],[79.2303,28.1845],[79.2145,28.1881],[79.2091,28.1886],[79.2031,28.1868],[79.1959,28.1749],[79.1919,28.1728],[79.1879,28.1726],[79.1837,28.1742],[79.1776,28.1792],[79.1721,28.1803],[79.1608,28.1743],[79.1578,28.1764],[79.1563,28.1774],[79.1507,28.1868],[79.1474,28.1906],[79.1338,28.1905],[79.1292,28.189],[79.1247,28.1938],[79.1239,28.198],[79.1177,28.2039],[79.117,28.2061],[79.1196,28.2103],[79.1224,28.2104],[79.1268,28.2164],[79.125,28.2208],[79.126,28.2238],[79.125,28.228],[79.1225,28.2307],[79.1152,28.2359],[79.1072,28.2391],[79.0952,28.247],[79.0931,28.2567],[79.0951,28.2583],[79.095,28.2627],[79.0927,28.2667],[79.0966,28.2724],[79.1015,28.2766],[79.1019,28.2789],[79.1003,28.2859],[79.0972,28.2924],[79.0943,28.2946],[79.0925,28.298],[79.0947,28.307],[79.0936,28.3106],[79.0858,28.3126],[79.0812,28.3098],[79.0771,28.3115],[79.0732,28.3187],[79.0725,28.3237],[79.0704,28.3265],[79.0697,28.3302],[79.0766,28.3536],[79.0703,28.3578],[79.0677,28.3611],[79.0669,28.3646],[79.0595,28.3685],[79.0569,28.3689],[79.0509,28.3745],[79.0455,28.3767],[79.0338,28.38],[79.0207,28.3827],[79.0166,28.3825],[79.0082,28.3863],[79.006,28.386],[79.0044,28.3844],[79.0001,28.3848],[79.0001,28.4315],[79.0073,28.4349],[79.0091,28.4347],[79.0169,28.4315],[79.0235,28.4329],[79.0262,28.4351],[79.0329,28.4341],[79.0383,28.4381],[79.036,28.4411],[79.0349,28.4447],[79.042,28.4477],[79.0469,28.4483],[79.0513,28.4474],[79.056,28.4488],[79.0597,28.4556],[79.0511,28.4626],[79.0512,28.4652],[79.0568,28.4649],[79.0604,28.4637],[79.0667,28.4642],[79.0716,28.462],[79.0725,28.4633],[79.0783,28.4642],[79.0812,28.4666],[79.0833,28.4698],[79.0831,28.4718],[79.0785,28.483],[79.0847,28.4832],[79.0983,28.4861],[79.1074,28.485],[79.1173,28.4819],[79.1253,28.4848],[79.1275,28.4871],[79.1404,28.4899],[79.1418,28.4924],[79.149,28.4983],[79.1526,28.5021],[79.1539,28.5028],[79.155,28.5035],[79.1577,28.5097],[79.1639,28.5171],[79.1659,28.5219],[79.1654,28.5271],[79.1633,28.5314],[79.1627,28.5361],[79.1671,28.5403],[79.1684,28.5399],[79.1719,28.5419],[79.1772,28.5487],[79.1833,28.557],[79.1842,28.5572],[79.1903,28.5546],[79.1952,28.5565],[79.2011,28.5621],[79.2056,28.5701],[79.2087,28.5794],[79.2219,28.5725],[79.2237,28.5772],[79.2254,28.5837],[79.2282,28.5904],[79.23,28.5926],[79.2345,28.5945],[79.2386,28.5975],[79.242,28.6034],[79.2423,28.6072],[79.2383,28.6103],[79.236,28.6142],[79.2364,28.6193],[79.2389,28.6269],[79.2373,28.6345],[79.2373,28.6372],[79.239,28.6386],[79.2501,28.6405],[79.2551,28.644],[79.2587,28.648],[79.2615,28.6513],[79.265,28.6538],[79.2683,28.6572],[79.2717,28.6616],[79.2745,28.6654],[79.2768,28.667],[79.2796,28.6707],[79.2828,28.6754],[79.2859,28.6803],[79.2878,28.6844],[79.2909,28.6902],[79.2932,28.6949],[79.2952,28.6989],[79.2968,28.7041],[79.2984,28.7084],[79.3001,28.713],[79.3016,28.7159],[79.3045,28.7188],[79.3237,28.7252],[79.329,28.7233],[79.3343,28.7266],[79.3357,28.728],[79.3402,28.7268],[79.3432,28.7254],[79.3468,28.7264],[79.3504,28.733],[79.3535,28.735],[79.36,28.7365],[79.365,28.7398],[79.3681,28.7433],[79.3685,28.7504],[79.363,28.7542],[79.3579,28.7582],[79.3586,28.7655],[79.361,28.7671],[79.3671,28.7633],[79.3714,28.7599],[79.3772,28.7592],[79.3814,28.7593],[79.3848,28.7582],[79.3881,28.7573],[79.3917,28.7606],[79.392,28.7664],[79.3894,28.7705],[79.3857,28.7723],[79.384,28.7778],[79.3844,28.781],[79.3844,28.7843],[79.3856,28.786],[79.3864,28.788],[79.3857,28.7908],[79.3852,28.794],[79.3826,28.7978],[79.3799,28.7998],[79.3779,28.8026],[79.377,28.8063],[79.3775,28.8088],[79.3734,28.814],[79.3725,28.8168],[79.3741,28.8199],[79.378,28.8219],[79.3801,28.8222],[79.3826,28.8206],[79.3876,28.8161],[79.3933,28.8171],[79.3993,28.8194],[79.4048,28.8196],[79.4053,28.824],[79.4083,28.8268],[79.4082,28.8318],[79.4076,28.8348],[79.407,28.8371],[79.3996,28.8376],[79.3933,28.837],[79.3872,28.8417],[79.389,28.8461],[79.3913,28.8469],[79.3944,28.846],[79.399,28.8444],[79.4006,28.8459],[79.4071,28.8474],[79.4096,28.8492],[79.4093,28.8512],[79.4042,28.8535],[79.3971,28.8565],[79.394,28.8572],[79.3924,28.8575],[79.3868,28.8615],[79.3844,28.8634],[79.383,28.8662],[79.3826,28.8708],[79.3842,28.8745],[79.3881,28.8737],[79.3898,28.875],[79.3915,28.8744],[79.396,28.8729],[79.4004,28.8711],[79.4023,28.8712],[79.4046,28.8728],[79.405,28.8766],[79.4074,28.8793],[79.4096,28.8749],[79.4136,28.8712],[79.416,28.8688],[79.4165,28.865],[79.4166,28.8613],[79.4179,28.8561],[79.4205,28.8519],[79.4229,28.8498],[79.4288,28.8497],[79.4313,28.8492],[79.4356,28.8491],[79.4392,28.8511],[79.442,28.8537],[79.4452,28.8555],[79.4515,28.8549],[79.4595,28.8539],[79.4668,28.8539],[79.4715,28.8531],[79.4751,28.8544],[79.4764,28.8566],[79.4795,28.8588],[79.4884,28.8611],[79.4944,28.8601],[79.4983,28.8585],[79.5031,28.8565],[79.5087,28.8563],[79.5142,28.8566],[79.519,28.8572],[79.5219,28.8586],[79.5258,28.8615],[79.5291,28.8645],[79.5317,28.8672],[79.5344,28.8702],[79.5377,28.8759],[79.5417,28.8808],[79.5449,28.8842],[79.5483,28.8864],[79.5505,28.8863],[79.5551,28.8846],[79.5623,28.8781],[79.5643,28.8754],[79.5658,28.8724],[79.5655,28.8687],[79.5635,28.8621],[79.563,28.86],[79.563,28.8571],[79.5617,28.854],[79.5594,28.8482],[79.56,28.8439],[79.5627,28.8398],[79.5654,28.8389],[79.5689,28.8396],[79.5711,28.8406],[79.5741,28.8418],[79.5752,28.8426],[79.5776,28.8434],[79.5836,28.8429],[79.586,28.8432],[79.5883,28.8442],[79.5905,28.8463],[79.5937,28.8497],[79.6041,28.8604],[79.6098,28.8588],[79.6154,28.8586],[79.6205,28.8606],[79.6254,28.8626],[79.6308,28.8615],[79.6358,28.8566],[79.6425,28.8528]]]},"properties":{"district_name":"Bareilly","raw_district_name":"Bareilly","state_code":"UP","state_name":"Uttar Pradesh","census_code":150,"data_source":"DataMeet India Maps (Census 2011 Boundaries)"}},{"type":"Feature","geometry":{"type":"Polygon","coordinates":[[[82.9048,27.0211],[82.9003,27.0162],[82.8932,26.9958],[82.8931,26.9955],[82.8928,26.9933],[82.8929,26.9904],[82.8957,26.991],[82.8991,26.9934],[82.9022,26.9927],[82.9049,26.99],[82.9051,26.9898],[82.9053,26.9869],[82.9054,26.9862],[82.9052,26.986],[82.9011,26.9826],[82.9059,26.9815],[82.906,26.9814],[82.9089,26.9784],[82.9133,26.9714],[82.9133,26.9713],[82.9152,26.9587],[82.911,26.951],[82.9075,26.9502],[82.9069,26.9393],[82.9088,26.9378],[82.9106,26.9365],[82.911,26.9363],[82.9164,26.9395],[82.9212,26.9388],[82.9267,26.9345],[82.9263,26.9291],[82.9249,26.9297],[82.9234,26.926],[82.9158,26.9234],[82.9027,26.9262],[82.8784,26.9349],[82.8661,26.9393],[82.8602,26.9354],[82.8607,26.9308],[82.8694,26.9228],[82.8673,26.9183],[82.8559,26.9193],[82.8498,26.9162],[82.8485,26.9106],[82.8623,26.8925],[82.8681,26.8875],[82.8672,26.8818],[82.8612,26.8748],[82.8435,26.8601],[82.8382,26.8535],[82.8366,26.8496],[82.8399,26.8419],[82.8481,26.8366],[82.8586,26.8286],[82.8867,26.7954],[82.8891,26.7914],[82.8935,26.7892],[82.9099,26.7905],[82.9259,26.7931],[82.9316,26.7913],[82.9359,26.7861],[82.9358,26.7813],[82.9294,26.7716],[82.9345,26.7607],[82.943,26.7581],[82.9491,26.7541],[82.9525,26.7495],[82.9538,26.7434],[82.9634,26.7399],[82.9796,26.7314],[82.9798,26.7258],[82.9713,26.7202],[82.9699,26.7163],[82.9819,26.7029],[82.9831,26.6966],[82.9817,26.691],[82.9727,26.6832],[82.9717,26.6802],[82.9726,26.6729],[82.9806,26.6633],[82.979,26.6522],[82.9727,26.6494],[82.9612,26.649],[82.9565,26.6551],[82.9525,26.6715],[82.9474,26.6774],[82.9403,26.6767],[82.9349,26.673],[82.9343,26.6695],[82.9372,26.6639],[82.9365,26.6588],[82.9331,26.6533],[82.9241,26.6513],[82.9167,26.6479],[82.9128,26.6441],[82.9136,26.6374],[82.9242,26.63],[82.9263,26.6247],[82.9258,26.619],[82.9223,26.615],[82.916,26.6166],[82.9074,26.6202],[82.9015,26.619],[82.9018,26.6099],[82.9024,26.6056],[82.9027,26.597],[82.8997,26.5913],[82.8836,26.5706],[82.8792,26.5583],[82.8794,26.5503],[82.8819,26.5401],[82.8777,26.5382],[82.8735,26.5376],[82.8691,26.5397],[82.8553,26.5489],[82.8489,26.551],[82.8409,26.5566],[82.8388,26.5634],[82.8144,26.5743],[82.8099,26.5747],[82.7969,26.5723],[82.7872,26.5689],[82.782,26.5642],[82.7734,26.5607],[82.7654,26.5583],[82.7557,26.5605],[82.7501,26.5602],[82.739,26.5573],[82.7285,26.5535],[82.7136,26.5551],[82.7103,26.5574],[82.707,26.5663],[82.6995,26.567],[82.6933,26.5696],[82.6875,26.5743],[82.6873,26.5825],[82.6849,26.5856],[82.6717,26.5932],[82.668,26.5968],[82.665,26.6046],[82.6505,26.6072],[82.6418,26.6017],[82.6326,26.6007],[82.6229,26.6006],[82.6117,26.6007],[82.5999,26.6027],[82.5952,26.6018],[82.5863,26.6039],[82.5795,26.6041],[82.5723,26.6109],[82.5681,26.6119],[82.5441,26.625],[82.5082,26.6346],[82.4967,26.6397],[82.488,26.6445],[82.4785,26.6523],[82.4785,26.6523],[82.4716,26.6577],[82.4638,26.6589],[82.446,26.6578],[82.4272,26.6526],[82.4139,26.6454],[82.4042,26.648],[82.3933,26.6523],[82.3824,26.6577],[82.367,26.6706],[82.3529,26.6853],[82.3268,26.7091],[82.3181,26.7228],[82.3147,26.7249],[82.2856,26.7359],[82.2765,26.745],[82.2717,26.7474],[82.2671,26.7474],[82.2628,26.745],[82.2579,26.7436],[82.25,26.7477],[82.2412,26.7479],[82.2362,26.7522],[82.233,26.7624],[82.2285,26.7677],[82.2234,26.7778],[82.2265,26.7981],[82.225,26.8073],[82.238,26.8184],[82.2489,26.8122],[82.2532,26.8115],[82.2563,26.8147],[82.255,26.818],[82.2513,26.8181],[82.2489,26.8224],[82.2464,26.8355],[82.2425,26.8426],[82.2401,26.8512],[82.2423,26.8549],[82.2336,26.8635],[82.2327,26.8682],[82.2398,26.8758],[82.2445,26.8823],[82.2502,26.8944],[82.2512,26.9006],[82.2482,26.9051],[82.2363,26.914],[82.2399,26.9275],[82.2437,26.9345],[82.2506,26.9336],[82.2618,26.9418],[82.2726,26.9376],[82.2762,26.9372],[82.2783,26.9404],[82.278,26.9431],[82.284,26.9467],[82.287,26.9459],[82.2914,26.9465],[82.2909,26.9502],[82.2954,26.9571],[82.3004,26.9636],[82.3116,26.9689],[82.3168,26.977],[82.3211,26.9758],[82.3269,26.9701],[82.3291,26.9662],[82.3292,26.9556],[82.3327,26.9516],[82.3396,26.9469],[82.3457,26.9408],[82.3558,26.9332],[82.3598,26.9313],[82.3641,26.931],[82.367,26.9325],[82.3695,26.9322],[82.374,26.9369],[82.379,26.9373],[82.3817,26.9406],[82.3871,26.9412],[82.3893,26.9431],[82.3912,26.9477],[82.3988,26.9467],[82.4375,26.9272],[82.4401,26.9274],[82.4428,26.9286],[82.4461,26.933],[82.4479,26.931],[82.4548,26.9284],[82.455,26.9248],[82.4592,26.9212],[82.4683,26.9163],[82.4735,26.9123],[82.4807,26.9043],[82.4872,26.9051],[82.4982,26.9151],[82.5023,26.9209],[82.5037,26.927],[82.5039,26.9384],[82.5116,26.9429],[82.5144,26.9491],[82.5202,26.9522],[82.5341,26.9519],[82.539,26.9526],[82.5487,26.9576],[82.5514,26.9627],[82.5572,26.9633],[82.5635,26.9651],[82.5641,26.9737],[82.5659,26.9766],[82.5658,26.9805],[82.5643,26.9842],[82.5645,26.9885],[82.5681,26.9885],[82.5722,26.9876],[82.578,26.9925],[82.5853,26.9961],[82.5864,27.0004],[82.5907,27.0017],[82.5974,27.0005],[82.6058,27.0003],[82.6148,27.0012],[82.6166,27.0042],[82.6166,27.0043],[82.5978,27.0124],[82.5839,27.0173],[82.5788,27.019],[82.5787,27.019],[82.575,27.0187],[82.5723,27.0209],[82.5722,27.0209],[82.5722,27.0209],[82.5724,27.0223],[82.5729,27.0255],[82.572,27.0261],[82.5705,27.027],[82.5734,27.0307],[82.5744,27.032],[82.5726,27.0342],[82.5728,27.0355],[82.5759,27.0369],[82.576,27.0369],[82.5752,27.0385],[82.5673,27.0453],[82.567,27.0455],[82.567,27.0464],[82.567,27.0483],[82.5687,27.0504],[82.5687,27.0528],[82.5633,27.0529],[82.5633,27.0529],[82.5587,27.0572],[82.5588,27.0575],[82.5603,27.0612],[82.5602,27.0639],[82.5601,27.0655],[82.5609,27.0673],[82.561,27.0674],[82.5619,27.0679],[82.563,27.0684],[82.568,27.0668],[82.5685,27.0671],[82.5696,27.0678],[82.5685,27.0737],[82.5685,27.0737],[82.5675,27.0754],[82.5682,27.0752],[82.568,27.081],[82.5676,27.0891],[82.5646,27.0958],[82.5644,27.0997],[82.568,27.1045],[82.5763,27.1067],[82.5778,27.1071],[82.5826,27.1053],[82.5887,27.0997],[82.5951,27.0965],[82.5955,27.0967],[82.6034,27.1004],[82.6055,27.1003],[82.6076,27.1002],[82.611,27.1],[82.6175,27.096],[82.6227,27.0991],[82.6225,27.1016],[82.6223,27.1077],[82.626,27.1111],[82.6265,27.1115],[82.6282,27.1204],[82.6306,27.1242],[82.6379,27.1258],[82.6433,27.1249],[82.6518,27.1196],[82.6577,27.121],[82.6676,27.1252],[82.6729,27.1247],[82.6796,27.1225],[82.6951,27.1123],[82.7053,27.1057],[82.708,27.104],[82.7138,27.1034],[82.7169,27.1031],[82.7223,27.1026],[82.7239,27.1027],[82.7386,27.104],[82.7469,27.1079],[82.7586,27.1052],[82.7591,27.105],[82.7788,27.0911],[82.7826,27.0887],[82.7868,27.0847],[82.7987,27.074],[82.8141,27.0672],[82.8567,27.0484],[82.8669,27.0428],[82.8764,27.0375],[82.8813,27.0348],[82.89,27.03],[82.9048,27.0211]]]},"properties":{"district_name":"Basti","raw_district_name":"Basti","state_code":"UP","state_name":"Uttar Pradesh","census_code":185,"data_source":"DataMeet India Maps (Census 2011 Boundaries)"}},{"type":"Feature","geometry":{"type":"Polygon","coordinates":[[[78.9084,29.4502],[78.9127,29.4502],[78.9322,29.4542],[78.9353,29.4502],[78.9195,29.4458],[78.9128,29.4407],[78.9088,29.4176],[78.9029,29.4104],[78.8995,29.403],[78.8951,29.3988],[78.885,29.3926],[78.8824,29.3864],[78.8782,29.3871],[78.8748,29.3886],[78.8725,29.3879],[78.8711,29.3855],[78.8723,29.3833],[78.872,29.3817],[78.869,29.3796],[78.8526,29.3739],[78.8485,29.3754],[78.8447,29.3754],[78.844,29.3706],[78.8469,29.3683],[78.8484,29.3654],[78.8466,29.3637],[78.841,29.3622],[78.841,29.3622],[78.8361,29.3624],[78.8264,29.364],[78.8239,29.3663],[78.8232,29.3743],[78.8272,29.3794],[78.8238,29.3787],[78.8212,29.3769],[78.82,29.3743],[78.819,29.3672],[78.8093,29.3497],[78.8023,29.3461],[78.8023,29.3444],[78.8038,29.3419],[78.8048,29.3374],[78.81,29.3323],[78.8095,29.331],[78.8034,29.329],[78.8009,29.3233],[78.7935,29.326],[78.7966,29.3369],[78.7946,29.3405],[78.793,29.3375],[78.7912,29.3363],[78.7817,29.3347],[78.778,29.3351],[78.776,29.3372],[78.7774,29.3397],[78.7756,29.3414],[78.7695,29.3438],[78.7591,29.3374],[78.7582,29.3349],[78.7537,29.3299],[78.7536,29.3266],[78.7469,29.3258],[78.7437,29.3283],[78.7404,29.3282],[78.7398,29.3254],[78.7378,29.324],[78.738,29.3191],[78.7407,29.313],[78.7394,29.3115],[78.7332,29.3135],[78.7318,29.3125],[78.7262,29.3134],[78.7259,29.3114],[78.7328,29.3063],[78.7396,29.3068],[78.7434,29.305],[78.7509,29.3003],[78.7588,29.2967],[78.7731,29.2873],[78.7776,29.2839],[78.7789,29.2799],[78.7707,29.2807],[78.7672,29.2803],[78.765,29.2787],[78.7621,29.2788],[78.7539,29.2826],[78.7513,29.2793],[78.7469,29.2765],[78.7393,29.2771],[78.7343,29.276],[78.7319,29.2765],[78.7315,29.2749],[78.729,29.2741],[78.7276,29.2716],[78.7248,29.2699],[78.7231,29.2675],[78.7167,29.2684],[78.7118,29.2672],[78.7086,29.268],[78.707,29.2672],[78.7058,29.2612],[78.7001,29.259],[78.6967,29.2564],[78.6947,29.2531],[78.698,29.2496],[78.6987,29.2472],[78.6921,29.2372],[78.6823,29.23],[78.6801,29.2263],[78.6829,29.2237],[78.6863,29.2203],[78.6849,29.2169],[78.6791,29.2088],[78.6815,29.2066],[78.6891,29.2087],[78.6947,29.2123],[78.6998,29.2178],[78.7033,29.2165],[78.7016,29.2153],[78.7041,29.2123],[78.7025,29.2071],[78.6975,29.2035],[78.6915,29.2006],[78.6904,29.2031],[78.6851,29.2038],[78.6815,29.1986],[78.6738,29.1974],[78.6703,29.1932],[78.6655,29.1915],[78.661,29.1845],[78.6605,29.1811],[78.6617,29.1787],[78.6639,29.1797],[78.6699,29.178],[78.6697,29.1733],[78.6651,29.1689],[78.6618,29.1667],[78.6529,29.1735],[78.6505,29.1735],[78.6458,29.1698],[78.6386,29.1612],[78.6428,29.1566],[78.6542,29.1524],[78.661,29.1518],[78.6652,29.1538],[78.6643,29.1438],[78.6597,29.1395],[78.6552,29.1332],[78.6472,29.1265],[78.641,29.125],[78.6374,29.1265],[78.6361,29.1258],[78.6344,29.1231],[78.6213,29.1153],[78.6195,29.112],[78.6224,29.1074],[78.6274,29.1014],[78.6211,29.0971],[78.6165,29.0917],[78.6103,29.0929],[78.6068,29.0906],[78.602,29.0844],[78.5906,29.0872],[78.5875,29.0864],[78.5801,29.0892],[78.5764,29.0893],[78.5774,29.083],[78.5731,29.0829],[78.5715,29.081],[78.5663,29.0809],[78.5598,29.0752],[78.554,29.077],[78.5503,29.0768],[78.5493,29.0789],[78.5438,29.0798],[78.5353,29.08],[78.5326,29.0789],[78.5252,29.0698],[78.5164,29.0591],[78.5148,29.0605],[78.5124,29.0611],[78.5085,29.0587],[78.5057,29.0543],[78.4991,29.0608],[78.4934,29.0643],[78.4885,29.0607],[78.4776,29.0642],[78.4737,29.065],[78.4719,29.0643],[78.4688,29.0662],[78.4672,29.0643],[78.46,29.0592],[78.4557,29.057],[78.4511,29.0572],[78.4488,29.0542],[78.4477,29.0503],[78.4447,29.0505],[78.4436,29.0483],[78.4359,29.0444],[78.432,29.0449],[78.4254,29.0415],[78.4215,29.0375],[78.4173,29.0388],[78.4154,29.0385],[78.4094,29.0317],[78.4037,29.0308],[78.3957,29.0372],[78.3936,29.0354],[78.3915,29.034],[78.3892,29.035],[78.3851,29.0349],[78.3808,29.0338],[78.3769,29.031],[78.3669,29.0293],[78.3531,29.0429],[78.3411,29.0488],[78.3371,29.0426],[78.3352,29.0416],[78.331,29.0423],[78.3276,29.0402],[78.3236,29.039],[78.3181,29.0392],[78.3138,29.0402],[78.3095,29.0396],[78.3073,29.0436],[78.3116,29.048],[78.3051,29.0512],[78.2983,29.0416],[78.2945,29.0398],[78.293,29.0409],[78.2894,29.04],[78.2873,29.0423],[78.2822,29.0441],[78.2805,29.0461],[78.277,29.0484],[78.2691,29.0465],[78.2658,29.0473],[78.2589,29.0433],[78.254,29.0446],[78.2491,29.0441],[78.2438,29.0454],[78.2402,29.0405],[78.2342,29.0409],[78.2275,29.0452],[78.2254,29.0488],[78.2158,29.0511],[78.2151,29.0537],[78.2109,29.0557],[78.2067,29.0504],[78.1931,29.06],[78.1837,29.0623],[78.1809,29.0608],[78.1766,29.0565],[78.173,29.057],[78.1704,29.0605],[78.1647,29.0585],[78.163,29.0558],[78.1604,29.054],[78.1584,29.0584],[78.1601,29.0704],[78.1478,29.0775],[78.143,29.0789],[78.1345,29.0776],[78.1186,29.0792],[78.1103,29.0809],[78.1059,29.0834],[78.1161,29.0972],[78.118,29.1069],[78.1178,29.1109],[78.1115,29.1179],[78.1105,29.1212],[78.1093,29.1402],[78.1118,29.1481],[78.1193,29.1595],[78.1251,29.1618],[78.1331,29.163],[78.1359,29.1653],[78.1379,29.1703],[78.1412,29.1753],[78.1427,29.18],[78.1423,29.1853],[78.1403,29.1914],[78.1271,29.2054],[78.1274,29.2123],[78.126,29.2176],[78.1282,29.2215],[78.1276,29.2233],[78.1302,29.23],[78.1296,29.2357],[78.1316,29.2381],[78.1324,29.2419],[78.1372,29.2534],[78.137,29.2604],[78.1348,29.2658],[78.1276,29.2815],[78.1215,29.2884],[78.119,29.2989],[78.1131,29.3107],[78.112,29.3184],[78.1098,29.3237],[78.1052,29.3267],[78.1005,29.3316],[78.0949,29.3358],[78.0916,29.3373],[78.0883,29.341],[78.0852,29.3558],[78.0834,29.3578],[78.08,29.359],[78.0682,29.3591],[78.0654,29.3613],[78.0617,29.3704],[78.0511,29.3773],[78.0509,29.3828],[78.0489,29.3889],[78.0517,29.3925],[78.0653,29.4019],[78.0657,29.4039],[78.0642,29.4084],[78.0625,29.4111],[78.0566,29.4112],[78.054,29.4121],[78.0495,29.4192],[78.0445,29.425],[78.0378,29.4299],[78.0342,29.435],[78.0323,29.4479],[78.0293,29.4528],[78.017,29.4621],[78.0207,29.4647],[78.0208,29.467],[78.0191,29.4695],[78.0176,29.4703],[78.009,29.4683],[78.0076,29.4689],[78.004,29.4739],[78,29.4756],[77.9964,29.4818],[77.9952,29.4854],[77.9935,29.4933],[77.9939,29.5079],[77.9944,29.5237],[77.9959,29.5378],[77.9972,29.5394],[78,29.5402],[78.0062,29.5495],[78.0155,29.5505],[78.0286,29.549],[78.0313,29.5484],[78.0446,29.5461],[78.0489,29.547],[78.0503,29.5558],[78.0493,29.5596],[78.0547,29.5663],[78.0528,29.5697],[78.0494,29.5722],[78.0486,29.5752],[78.0519,29.5823],[78.056,29.5874],[78.0628,29.5924],[78.0714,29.596],[78.0804,29.5958],[78.0853,29.5943],[78.0906,29.5939],[78.0942,29.5962],[78.1008,29.6077],[78.1028,29.6191],[78.1064,29.6224],[78.109,29.625],[78.1097,29.6251],[78.1192,29.6275],[78.1213,29.6311],[78.127,29.6395],[78.1462,29.6529],[78.1514,29.6705],[78.1782,29.6739],[78.1946,29.6859],[78.2047,29.7009],[78.2059,29.7044],[78.2337,29.712],[78.2438,29.6984],[78.2772,29.7211],[78.2944,29.7366],[78.3154,29.7519],[78.3443,29.7905],[78.3445,29.7904],[78.3511,29.7868],[78.3639,29.7806],[78.3986,29.7681],[78.411,29.7664],[78.421,29.7677],[78.4252,29.7667],[78.4369,29.7559],[78.4447,29.7524],[78.4647,29.7464],[78.4773,29.7452],[78.4862,29.7427],[78.5002,29.7356],[78.5028,29.7191],[78.5128,29.7095],[78.5144,29.7059],[78.5185,29.6881],[78.52,29.685],[78.5197,29.6712],[78.5201,29.6671],[78.5221,29.6627],[78.5217,29.6538],[78.524,29.6449],[78.5302,29.6333],[78.5379,29.6239],[78.5398,29.6185],[78.543,29.6181],[78.5736,29.5879],[78.5889,29.5747],[78.6176,29.5559],[78.6275,29.552],[78.6339,29.547],[78.6519,29.5419],[78.6628,29.5348],[78.6889,29.5154],[78.6978,29.5076],[78.7057,29.503],[78.7206,29.5035],[78.739,29.5028],[78.7439,29.4998],[78.7514,29.499],[78.7546,29.4953],[78.7781,29.4778],[78.7871,29.475],[78.7978,29.4701],[78.8093,29.47],[78.8237,29.4639],[78.829,29.4626],[78.8361,29.4637],[78.8424,29.4625],[78.8585,29.4577],[78.8781,29.4536],[78.8878,29.454],[78.895,29.4519],[78.9025,29.4516],[78.9084,29.4502]]]},"properties":{"district_name":"Bijnor","raw_district_name":"Bijnor","state_code":"UP","state_name":"Uttar Pradesh","census_code":134,"data_source":"DataMeet India Maps (Census 2011 Boundaries)"}},{"type":"Feature","geometry":{"type":"Polygon","coordinates":[[[78.9204,28.4794],[78.926,28.4776],[78.9293,28.4597],[78.9331,28.4528],[78.9375,28.4492],[78.9367,28.4379],[78.9459,28.4341],[78.9476,28.4375],[78.9547,28.4373],[78.9683,28.427],[78.9776,28.4204],[78.9809,28.405],[79.0001,28.3848],[79.0044,28.3844],[79.006,28.386],[79.0082,28.3863],[79.0166,28.3825],[79.0207,28.3827],[79.0338,28.38],[79.0455,28.3767],[79.0509,28.3745],[79.0569,28.3689],[79.0595,28.3685],[79.0669,28.3646],[79.0677,28.3611],[79.0703,28.3578],[79.0766,28.3536],[79.0697,28.3302],[79.0704,28.3265],[79.0725,28.3237],[79.0732,28.3187],[79.0771,28.3115],[79.0812,28.3098],[79.0858,28.3126],[79.0936,28.3106],[79.0947,28.307],[79.0925,28.298],[79.0943,28.2946],[79.0972,28.2924],[79.1003,28.2859],[79.1019,28.2789],[79.1015,28.2766],[79.0966,28.2724],[79.0927,28.2667],[79.095,28.2627],[79.0951,28.2583],[79.0931,28.2567],[79.0952,28.247],[79.1072,28.2391],[79.1152,28.2359],[79.1225,28.2307],[79.125,28.228],[79.126,28.2238],[79.125,28.2208],[79.1268,28.2164],[79.1224,28.2104],[79.1196,28.2103],[79.117,28.2061],[79.1177,28.2039],[79.1239,28.198],[79.1247,28.1938],[79.1292,28.189],[79.1338,28.1905],[79.1474,28.1906],[79.1507,28.1868],[79.1563,28.1774],[79.1578,28.1764],[79.1608,28.1743],[79.1721,28.1803],[79.1776,28.1792],[79.1837,28.1742],[79.1879,28.1726],[79.1919,28.1728],[79.1959,28.1749],[79.2031,28.1868],[79.2091,28.1886],[79.2145,28.1881],[79.2303,28.1845],[79.2353,28.1844],[79.2419,28.1818],[79.2545,28.1726],[79.2625,28.1712],[79.2642,28.1684],[79.2717,28.1642],[79.2711,28.1614],[79.2763,28.166],[79.2895,28.1718],[79.2983,28.1743],[79.307,28.1731],[79.3144,28.1768],[79.3197,28.1758],[79.3221,28.1744],[79.3268,28.1697],[79.3275,28.1658],[79.3272,28.1593],[79.328,28.157],[79.3349,28.1528],[79.3355,28.1544],[79.3452,28.163],[79.3508,28.1654],[79.3537,28.1632],[79.3564,28.1622],[79.3591,28.1625],[79.3657,28.1683],[79.3701,28.1702],[79.3742,28.1686],[79.3755,28.1701],[79.3769,28.1746],[79.3875,28.1755],[79.3901,28.1747],[79.391,28.1734],[79.3969,28.171],[79.4005,28.1686],[79.4069,28.1662],[79.4123,28.1686],[79.4205,28.1681],[79.4239,28.171],[79.4236,28.1687],[79.4249,28.165],[79.4287,28.1598],[79.4329,28.1572],[79.4424,28.1532],[79.4463,28.1505],[79.4589,28.135],[79.4653,28.13],[79.4712,28.1269],[79.4827,28.1225],[79.4934,28.1143],[79.4989,28.1077],[79.4986,28.1004],[79.4995,28.0929],[79.5016,28.0859],[79.5018,28.0773],[79.5008,28.0698],[79.4995,28.0661],[79.4959,28.0616],[79.4843,28.0533],[79.4834,28.0499],[79.4813,28.0478],[79.4812,28.0448],[79.4863,28.035],[79.4929,28.0278],[79.4975,28.0205],[79.5001,28.0212],[79.5013,28.0167],[79.496,27.9996],[79.4767,27.9844],[79.4755,27.9783],[79.4724,27.9708],[79.4694,27.9671],[79.472,27.9616],[79.4748,27.9624],[79.479,27.9593],[79.4831,27.9514],[79.4904,27.9425],[79.4875,27.9417],[79.4861,27.9386],[79.4877,27.9323],[79.4858,27.9289],[79.4698,27.9268],[79.4677,27.9234],[79.4661,27.9133],[79.4606,27.896],[79.4623,27.889],[79.4652,27.8823],[79.4663,27.8759],[79.4674,27.8733],[79.4699,27.8709],[79.4748,27.8585],[79.476,27.8556],[79.4773,27.8568],[79.4851,27.8487],[79.4863,27.8473],[79.4865,27.8426],[79.4778,27.842],[79.4737,27.8434],[79.469,27.8478],[79.4598,27.8486],[79.4577,27.8467],[79.4562,27.8435],[79.4563,27.8402],[79.4492,27.8357],[79.4418,27.8415],[79.4407,27.8438],[79.4332,27.8396],[79.4259,27.8344],[79.4231,27.8332],[79.4209,27.8371],[79.4135,27.8417],[79.4107,27.8421],[79.4073,27.8415],[79.4041,27.8366],[79.4052,27.8332],[79.4041,27.8317],[79.4051,27.8299],[79.4056,27.8263],[79.4024,27.8234],[79.3955,27.8184],[79.3924,27.8172],[79.3883,27.8181],[79.388,27.8206],[79.3866,27.8216],[79.3808,27.8204],[79.375,27.817],[79.3733,27.807],[79.3747,27.8042],[79.3703,27.8029],[79.367,27.8029],[79.3638,27.8001],[79.3611,27.7951],[79.3567,27.7901],[79.3552,27.7859],[79.3536,27.7716],[79.3502,27.763],[79.3496,27.7542],[79.3574,27.7521],[79.3586,27.7475],[79.3591,27.7374],[79.3536,27.735],[79.3456,27.7361],[79.338,27.734],[79.3315,27.7279],[79.3316,27.7232],[79.3375,27.7161],[79.3402,27.7097],[79.3401,27.7055],[79.3382,27.6996],[79.3418,27.6965],[79.343,27.6939],[79.3441,27.6786],[79.3456,27.6769],[79.3527,27.6725],[79.3543,27.6695],[79.3557,27.6622],[79.3532,27.6557],[79.3524,27.6516],[79.3502,27.6523],[79.3346,27.6576],[79.3163,27.6671],[79.3117,27.6703],[79.3095,27.674],[79.31,27.6762],[79.3033,27.6803],[79.2978,27.6825],[79.2936,27.6832],[79.2916,27.6802],[79.2939,27.6752],[79.3013,27.6684],[79.3013,27.6678],[79.2981,27.6677],[79.2897,27.6704],[79.2778,27.6756],[79.2748,27.68],[79.26,27.6838],[79.2594,27.6848],[79.261,27.693],[79.2591,27.6944],[79.2529,27.695],[79.2451,27.6977],[79.2369,27.7074],[79.2345,27.7059],[79.2324,27.703],[79.2311,27.6993],[79.228,27.6959],[79.2245,27.6972],[79.2218,27.6992],[79.2191,27.7034],[79.2136,27.7063],[79.2093,27.707],[79.2106,27.7098],[79.2102,27.7242],[79.211,27.7288],[79.2133,27.7347],[79.2118,27.7393],[79.2018,27.746],[79.1966,27.7508],[79.192,27.7595],[79.1882,27.7639],[79.1828,27.7655],[79.1761,27.7691],[79.1731,27.7724],[79.1753,27.7763],[79.1714,27.7775],[79.1694,27.7792],[79.1673,27.7975],[79.1656,27.8029],[79.1654,27.8089],[79.1628,27.819],[79.1603,27.8223],[79.1562,27.8227],[79.1533,27.8213],[79.1502,27.819],[79.1481,27.8163],[79.1429,27.8163],[79.1399,27.8186],[79.1473,27.8293],[79.1441,27.8328],[79.1409,27.8352],[79.1321,27.8418],[79.1274,27.8453],[79.1232,27.8471],[79.1089,27.8376],[79.1017,27.8319],[79.0993,27.8312],[79.0964,27.8316],[79.0923,27.8367],[79.0849,27.8389],[79.0837,27.8381],[79.078,27.8384],[79.0762,27.8399],[79.0745,27.843],[79.0726,27.8434],[79.0543,27.8382],[79.0466,27.8368],[79.0329,27.8379],[79.0303,27.84],[79.0221,27.8422],[79.0166,27.84],[79.0122,27.8413],[79.0062,27.8395],[79.0029,27.84],[79.0057,27.8453],[79.0129,27.853],[79.0164,27.8579],[79.0144,27.8597],[79.0015,27.8658],[79,27.8657],[78.9872,27.8731],[78.9754,27.8666],[78.9725,27.8581],[78.9651,27.8507],[78.9623,27.8498],[78.9581,27.8499],[78.9509,27.8522],[78.9473,27.8519],[78.9407,27.848],[78.9366,27.8465],[78.9316,27.8491],[78.9209,27.851],[78.9201,27.8528],[78.9208,27.8553],[78.9195,27.8605],[78.9237,27.8701],[78.9232,27.8754],[78.9132,27.8843],[78.9093,27.8892],[78.9058,27.8954],[78.8894,27.9168],[78.88,27.9129],[78.8713,27.9104],[78.8657,27.9138],[78.8596,27.9153],[78.8545,27.9192],[78.8516,27.9252],[78.8397,27.9322],[78.8285,27.9363],[78.8227,27.9431],[78.8178,27.9522],[78.8083,27.9547],[78.8067,27.9552],[78.8041,27.9522],[78.8007,27.9506],[78.7955,27.9519],[78.7922,27.9513],[78.7878,27.952],[78.7728,27.9618],[78.7684,27.9618],[78.7615,27.9496],[78.7483,27.9576],[78.7415,27.9566],[78.7368,27.9613],[78.7326,27.9601],[78.7277,27.9611],[78.7215,27.9646],[78.7183,27.9701],[78.7119,27.9756],[78.7056,27.9828],[78.7042,27.989],[78.7026,27.9922],[78.6802,28.0007],[78.6764,28.0259],[78.6697,28.0288],[78.6682,28.0319],[78.6715,28.035],[78.6634,28.0375],[78.6505,28.0388],[78.6447,28.0416],[78.6389,28.0456],[78.6308,28.038],[78.6206,28.0388],[78.6153,28.0422],[78.6146,28.0452],[78.6115,28.0488],[78.6059,28.0522],[78.6164,28.0558],[78.6066,28.0608],[78.6018,28.0643],[78.5897,28.0681],[78.5937,28.0799],[78.5892,28.0819],[78.5833,28.0805],[78.577,28.0781],[78.5721,28.0748],[78.5695,28.0717],[78.5652,28.0714],[78.5587,28.0663],[78.5501,28.0631],[78.5357,28.0751],[78.5271,28.081],[78.5098,28.0877],[78.5081,28.0914],[78.5042,28.0933],[78.5039,28.1102],[78.5003,28.1164],[78.4932,28.1219],[78.486,28.124],[78.466,28.1406],[78.4609,28.1485],[78.4561,28.1587],[78.4485,28.1679],[78.4373,28.1733],[78.4243,28.1884],[78.4199,28.19],[78.4151,28.1947],[78.4109,28.1966],[78.4019,28.2156],[78.3956,28.2264],[78.3878,28.2362],[78.3824,28.2393],[78.3798,28.255],[78.3746,28.2624],[78.3673,28.2658],[78.3575,28.2672],[78.3364,28.2758],[78.3221,28.2891],[78.3116,28.3082],[78.3102,28.3148],[78.3102,28.3217],[78.305,28.3294],[78.3043,28.3356],[78.2991,28.344],[78.2921,28.3594],[78.2842,28.3719],[78.2939,28.3832],[78.2973,28.3896],[78.298,28.3948],[78.2955,28.3995],[78.291,28.4031],[78.2919,28.4084],[78.2941,28.4148],[78.2968,28.4176],[78.3062,28.4215],[78.3084,28.4302],[78.3102,28.4343],[78.317,28.4344],[78.3264,28.4301],[78.3471,28.4346],[78.3533,28.442],[78.3574,28.4485],[78.3675,28.4563],[78.3796,28.468],[78.3835,28.4691],[78.3898,28.4685],[78.3926,28.4718],[78.4002,28.4711],[78.4069,28.4694],[78.4115,28.467],[78.4146,28.4628],[78.4157,28.4613],[78.4193,28.4583],[78.4438,28.4666],[78.4489,28.4606],[78.4562,28.4552],[78.4582,28.4508],[78.4541,28.4443],[78.4577,28.4363],[78.4761,28.4286],[78.4846,28.4206],[78.489,28.4196],[78.4945,28.4149],[78.4964,28.3977],[78.4944,28.3921],[78.4949,28.3866],[78.4936,28.3803],[78.5075,28.3763],[78.5127,28.37],[78.5255,28.3578],[78.535,28.3569],[78.5454,28.3541],[78.5608,28.3567],[78.5789,28.3435],[78.5896,28.3466],[78.5942,28.3503],[78.5977,28.3512],[78.6118,28.3442],[78.6124,28.3395],[78.6204,28.3368],[78.6271,28.3402],[78.6388,28.3332],[78.6456,28.3383],[78.6506,28.3371],[78.6602,28.3468],[78.665,28.3445],[78.6694,28.3468],[78.6711,28.3477],[78.6803,28.346],[78.6867,28.3533],[78.6916,28.3563],[78.6961,28.3684],[78.7005,28.3727],[78.707,28.3768],[78.7186,28.3773],[78.7293,28.3821],[78.7316,28.3847],[78.74,28.3772],[78.75,28.3756],[78.7551,28.3764],[78.758,28.3801],[78.758,28.3839],[78.7668,28.3938],[78.7567,28.4014],[78.7627,28.4103],[78.7777,28.4061],[78.7822,28.4011],[78.7875,28.4042],[78.7917,28.4085],[78.7879,28.416],[78.7978,28.4269],[78.7951,28.4338],[78.7944,28.4386],[78.8054,28.4498],[78.8179,28.4452],[78.8247,28.4533],[78.8332,28.4536],[78.841,28.4593],[78.8458,28.4554],[78.8479,28.4575],[78.8493,28.4634],[78.8533,28.4649],[78.8539,28.4696],[78.8575,28.4716],[78.8582,28.4748],[78.8653,28.4747],[78.8708,28.4809],[78.8859,28.4741],[78.8913,28.4824],[78.8964,28.4804],[78.8995,28.4768],[78.9037,28.4787],[78.9105,28.4743],[78.9204,28.4794]]]},"properties":{"district_name":"Budaun","raw_district_name":"Budaun","state_code":"UP","state_name":"Uttar Pradesh","census_code":149,"data_source":"DataMeet India Maps (Census 2011 Boundaries)"}},{"type":"Feature","geometry":{"type":"Polygon","coordinates":[[[77.9788,28.7081],[77.9871,28.6988],[77.9901,28.6985],[78,28.7001],[78.0097,28.6974],[78.0115,28.6939],[78.0133,28.6832],[78.0198,28.6784],[78.0272,28.6707],[78.054,28.6551],[78.0659,28.6511],[78.0739,28.6575],[78.0856,28.6499],[78.0863,28.6395],[78.0925,28.6339],[78.1206,28.6265],[78.1283,28.6225],[78.137,28.6305],[78.1436,28.6285],[78.1488,28.6299],[78.1689,28.6174],[78.1762,28.6171],[78.1815,28.6157],[78.2094,28.6152],[78.2159,28.5997],[78.2299,28.5731],[78.2161,28.5497],[78.2173,28.5414],[78.2196,28.5341],[78.2212,28.5314],[78.2158,28.5253],[78.2157,28.5231],[78.2176,28.519],[78.2186,28.5047],[78.2199,28.4999],[78.2253,28.4953],[78.2321,28.4941],[78.2539,28.4941],[78.272,28.4901],[78.2756,28.4882],[78.2772,28.4847],[78.2774,28.47],[78.281,28.4671],[78.305,28.4587],[78.306,28.4554],[78.3063,28.4495],[78.3034,28.4464],[78.2884,28.4374],[78.2845,28.4333],[78.2825,28.4271],[78.2814,28.4206],[78.2828,28.413],[78.2852,28.4076],[78.291,28.4031],[78.2955,28.3995],[78.298,28.3948],[78.2973,28.3896],[78.2939,28.3832],[78.2842,28.3719],[78.2921,28.3594],[78.2991,28.344],[78.3043,28.3356],[78.305,28.3294],[78.3102,28.3217],[78.3102,28.3148],[78.3116,28.3082],[78.3221,28.2891],[78.3364,28.2758],[78.3575,28.2672],[78.3673,28.2658],[78.3746,28.2624],[78.3798,28.255],[78.3824,28.2393],[78.3878,28.2362],[78.3956,28.2264],[78.4019,28.2156],[78.4109,28.1966],[78.4151,28.1947],[78.4199,28.19],[78.4243,28.1884],[78.4373,28.1733],[78.4485,28.1679],[78.4561,28.1587],[78.4609,28.1485],[78.466,28.1406],[78.486,28.124],[78.4738,28.1105],[78.4617,28.0975],[78.4517,28.0975],[78.4403,28.1022],[78.4351,28.0978],[78.4288,28.0938],[78.4239,28.0989],[78.4183,28.0984],[78.4141,28.1031],[78.4139,28.1073],[78.403,28.1145],[78.3948,28.1058],[78.3893,28.1033],[78.3861,28.1064],[78.3925,28.1207],[78.3927,28.1238],[78.3865,28.1279],[78.388,28.1348],[78.386,28.1397],[78.3809,28.143],[78.3752,28.1452],[78.3717,28.1482],[78.3689,28.1518],[78.364,28.1495],[78.3593,28.1518],[78.3521,28.1486],[78.3472,28.1391],[78.3447,28.1361],[78.3398,28.1359],[78.3361,28.1295],[78.3319,28.1271],[78.328,28.1283],[78.3219,28.1241],[78.3067,28.1181],[78.2996,28.1171],[78.296,28.1216],[78.2902,28.1219],[78.2824,28.1196],[78.2799,28.1172],[78.2737,28.114],[78.2603,28.1157],[78.2531,28.1141],[78.2516,28.1083],[78.249,28.106],[78.2399,28.1021],[78.2384,28.0997],[78.234,28.0985],[78.2318,28.0996],[78.2237,28.1086],[78.2208,28.1085],[78.2068,28.0932],[78.1984,28.086],[78.1914,28.0839],[78.1847,28.084],[78.1803,28.086],[78.177,28.0853],[78.1691,28.0761],[78.1599,28.0691],[78.1515,28.0688],[78.1438,28.0711],[78.1396,28.0744],[78.1381,28.0777],[78.1444,28.0882],[78.1434,28.0942],[78.1376,28.1039],[78.1291,28.1071],[78.1239,28.1143],[78.1181,28.1138],[78.1079,28.1078],[78.1019,28.1075],[78.0999,28.1108],[78.1047,28.1207],[78.1031,28.123],[78.0944,28.1171],[78.088,28.1189],[78.0823,28.1181],[78.0799,28.1224],[78.0742,28.1264],[78.0671,28.1256],[78.05,28.1295],[78.0359,28.121],[78.0336,28.1102],[78.0236,28.1025],[78.0045,28.0893],[78.0048,28.0776],[78.0001,28.0733],[77.9943,28.0749],[77.9872,28.0802],[77.982,28.0799],[77.9765,28.0788],[77.9736,28.0774],[77.9708,28.0785],[77.9678,28.0814],[77.9639,28.0827],[77.9586,28.0791],[77.9508,28.0804],[77.9452,28.0776],[77.9392,28.0766],[77.9373,28.0798],[77.9395,28.0882],[77.9281,28.0962],[77.9195,28.0935],[77.9143,28.1008],[77.9064,28.107],[77.8967,28.1088],[77.8751,28.1235],[77.8701,28.1302],[77.8665,28.1319],[77.8608,28.1312],[77.8508,28.1272],[77.8445,28.1331],[77.8481,28.1405],[77.8524,28.1449],[77.8538,28.1489],[77.8479,28.158],[77.852,28.1591],[77.851,28.1642],[77.8454,28.1716],[77.8425,28.1703],[77.8377,28.1662],[77.8366,28.1641],[77.8333,28.1619],[77.8291,28.1615],[77.8256,28.1571],[77.8206,28.1559],[77.8175,28.154],[77.8098,28.153],[77.8129,28.1477],[77.814,28.1398],[77.8074,28.1398],[77.8002,28.1376],[77.7951,28.1378],[77.7903,28.1388],[77.7855,28.1371],[77.7769,28.1269],[77.7741,28.1286],[77.7717,28.1322],[77.7703,28.1369],[77.7653,28.1443],[77.7659,28.151],[77.7615,28.1514],[77.7472,28.1425],[77.7497,28.135],[77.7473,28.1303],[77.7428,28.1262],[77.7363,28.1233],[77.7393,28.1157],[77.7391,28.1151],[77.7375,28.1106],[77.7327,28.1064],[77.7312,28.1033],[77.7369,28.0885],[77.7267,28.0824],[77.7219,28.0821],[77.7175,28.0795],[77.7142,28.079],[77.7126,28.0806],[77.7059,28.0812],[77.7006,28.078],[77.6972,28.0789],[77.6902,28.0861],[77.6841,28.0948],[77.6756,28.1033],[77.6752,28.1046],[77.6823,28.105],[77.6944,28.1103],[77.7015,28.1144],[77.7071,28.1208],[77.707,28.1299],[77.71,28.1397],[77.7209,28.1438],[77.7296,28.1452],[77.7297,28.1511],[77.7311,28.152],[77.7368,28.1567],[77.7393,28.1601],[77.745,28.1699],[77.75,28.174],[77.7578,28.1752],[77.7648,28.1788],[77.7595,28.1856],[77.7523,28.1929],[77.7347,28.2012],[77.7308,28.2006],[77.722,28.1919],[77.7183,28.1815],[77.7165,28.1712],[77.7093,28.1662],[77.7082,28.1681],[77.7075,28.1682],[77.7039,28.1796],[77.7042,28.1799],[77.7028,28.1813],[77.6995,28.1881],[77.6972,28.2053],[77.6976,28.2161],[77.7019,28.2282],[77.7034,28.2291],[77.7033,28.2293],[77.708,28.2402],[77.7081,28.245],[77.7022,28.2482],[77.6867,28.248],[77.6828,28.2491],[77.6828,28.2525],[77.6827,28.2559],[77.6801,28.2599],[77.678,28.2644],[77.6965,28.2784],[77.6983,28.28],[77.6983,28.2824],[77.701,28.2845],[77.702,28.2841],[77.7047,28.2865],[77.7034,28.2905],[77.6976,28.2904],[77.6872,28.2914],[77.6852,28.2954],[77.6845,28.3011],[77.6837,28.3057],[77.6829,28.3137],[77.6835,28.3188],[77.6906,28.3201],[77.697,28.3207],[77.6969,28.3247],[77.6975,28.3299],[77.6948,28.335],[77.689,28.336],[77.68,28.3325],[77.6742,28.3301],[77.6742,28.3318],[77.6748,28.3341],[77.676,28.3376],[77.6837,28.3405],[77.6889,28.3423],[77.6959,28.3447],[77.6971,28.3482],[77.6964,28.3527],[77.6949,28.3636],[77.6942,28.3706],[77.6917,28.3712],[77.6826,28.3756],[77.6787,28.3918],[77.6867,28.4114],[77.6885,28.4269],[77.6818,28.4334],[77.6715,28.4285],[77.669,28.4184],[77.6668,28.3961],[77.6593,28.3931],[77.6481,28.3999],[77.6432,28.409],[77.6451,28.422],[77.6439,28.4274],[77.6381,28.4353],[77.6422,28.4617],[77.6396,28.4756],[77.6391,28.4782],[77.6442,28.4808],[77.6471,28.4834],[77.6471,28.4834],[77.6487,28.4849],[77.6517,28.4847],[77.6527,28.4846],[77.6534,28.4846],[77.6576,28.4852],[77.6583,28.4866],[77.6583,28.4867],[77.6607,28.4913],[77.6686,28.4935],[77.6725,28.4959],[77.6725,28.4992],[77.6738,28.5023],[77.6903,28.5083],[77.6901,28.5127],[77.6882,28.5189],[77.6889,28.5252],[77.6912,28.5277],[77.6953,28.53],[77.6925,28.5382],[77.6913,28.5468],[77.6908,28.5477],[77.6885,28.5519],[77.6963,28.5541],[77.7041,28.5525],[77.7128,28.5533],[77.7165,28.5524],[77.7204,28.5466],[77.7221,28.5469],[77.7251,28.5461],[77.73,28.5499],[77.7325,28.5529],[77.737,28.5552],[77.748,28.5569],[77.7524,28.5591],[77.7572,28.5637],[77.756,28.5737],[77.7585,28.5791],[77.7632,28.5807],[77.77,28.5844],[77.7789,28.5832],[77.7838,28.5853],[77.7872,28.5892],[77.7914,28.5993],[77.8009,28.615],[77.8109,28.6215],[77.8168,28.6236],[77.8209,28.6238],[77.8318,28.6268],[77.8352,28.6292],[77.8403,28.6294],[77.8486,28.6366],[77.8538,28.6469],[77.858,28.651],[77.8716,28.6432],[77.8752,28.6435],[77.8794,28.6387],[77.8852,28.6369],[77.8936,28.6329],[77.9024,28.6308],[77.9028,28.6377],[77.9094,28.6445],[77.9122,28.6497],[77.9054,28.6533],[77.9029,28.6558],[77.9016,28.659],[77.9033,28.663],[77.9064,28.666],[77.9105,28.6642],[77.9141,28.6639],[77.9175,28.6675],[77.913,28.6722],[77.9147,28.6735],[77.9199,28.6792],[77.9325,28.6966],[77.9373,28.7018],[77.9451,28.7024],[77.9498,28.7019],[77.9531,28.7034],[77.9565,28.7076],[77.9609,28.7113],[77.9675,28.7136],[77.974,28.7111],[77.9788,28.7081]]]},"properties":{"district_name":"Bulandshahr","raw_district_name":"Bulandshahr","state_code":"UP","state_name":"Uttar Pradesh","census_code":142,"data_source":"DataMeet India Maps (Census 2011 Boundaries)"}},{"type":"Feature","geometry":{"type":"Polygon","coordinates":[[[83.543,25.3132],[83.5415,25.3109],[83.5527,25.3111],[83.555,25.3096],[83.5537,25.3079],[83.5509,25.3073],[83.5395,25.3025],[83.5372,25.2995],[83.534,25.2976],[83.5315,25.2985],[83.5284,25.3013],[83.5264,25.3005],[83.5253,25.2986],[83.5253,25.2965],[83.5263,25.2912],[83.5195,25.2858],[83.5164,25.2842],[83.511,25.2876],[83.5066,25.281],[83.5052,25.281],[83.5041,25.2824],[83.5031,25.2853],[83.4997,25.2846],[83.498,25.2792],[83.4945,25.2775],[83.4904,25.2809],[83.4886,25.2804],[83.4794,25.2701],[83.4784,25.2672],[83.4803,25.2635],[83.4788,25.2607],[83.4716,25.2544],[83.4686,25.25],[83.4656,25.2484],[83.4619,25.2493],[83.4513,25.2572],[83.4482,25.2572],[83.4416,25.2515],[83.4395,25.2481],[83.4397,25.2425],[83.4371,25.2425],[83.4309,25.2502],[83.4277,25.2513],[83.4269,25.25],[83.4277,25.2443],[83.4254,25.2441],[83.4176,25.2472],[83.4153,25.2452],[83.4125,25.2404],[83.4107,25.2355],[83.4099,25.228],[83.4056,25.2232],[83.4043,25.2205],[83.4034,25.2149],[83.3995,25.2136],[83.3983,25.2121],[83.3983,25.2096],[83.3966,25.205],[83.3937,25.204],[83.3901,25.2088],[83.3879,25.2097],[83.386,25.2076],[83.3829,25.2005],[83.3804,25.1991],[83.3749,25.1983],[83.3686,25.1943],[83.3643,25.1966],[83.358,25.1969],[83.3557,25.191],[83.3523,25.1854],[83.3496,25.1835],[83.3442,25.1815],[83.3437,25.1794],[83.3463,25.1779],[83.3506,25.1768],[83.3565,25.1766],[83.355,25.1676],[83.3534,25.1647],[83.3515,25.1567],[83.3591,25.1514],[83.3608,25.1498],[83.3617,25.1472],[83.3623,25.1382],[83.3604,25.1293],[83.3659,25.126],[83.3656,25.1222],[83.362,25.1084],[83.3561,25.1089],[83.3512,25.1105],[83.3484,25.1105],[83.3486,25.0967],[83.3463,25.0861],[83.3449,25.0844],[83.3418,25.0829],[83.3405,25.0805],[83.3395,25.0714],[83.336,25.0591],[83.3395,25.0579],[83.3418,25.0561],[83.342,25.0491],[83.3403,25.0486],[83.3384,25.0491],[83.3354,25.0515],[83.3345,25.0535],[83.3332,25.0541],[83.3302,25.0539],[83.3297,25.0505],[83.3317,25.0462],[83.3261,25.0398],[83.3247,25.0365],[83.3243,25.0255],[83.3264,25.0155],[83.3279,25.0137],[83.3359,25.0145],[83.3473,25.01],[83.3503,25.0096],[83.3521,25.0086],[83.3531,25.0008],[83.3544,24.9941],[83.3541,24.9903],[83.3486,24.9774],[83.3487,24.973],[83.3466,24.9618],[83.3521,24.9621],[83.3545,24.9612],[83.3576,24.9577],[83.3652,24.9536],[83.3661,24.9499],[83.3658,24.9442],[83.3667,24.9356],[83.3655,24.9175],[83.3662,24.9123],[83.3655,24.9097],[83.3641,24.9081],[83.3602,24.9061],[83.3594,24.9045],[83.3595,24.9013],[83.3682,24.8902],[83.3678,24.8885],[83.3643,24.8875],[83.3632,24.8858],[83.363,24.8838],[83.3644,24.8826],[83.3699,24.8807],[83.372,24.8787],[83.3724,24.8769],[83.3713,24.8753],[83.3654,24.8719],[83.3621,24.8689],[83.3639,24.867],[83.3764,24.8615],[83.3868,24.8445],[83.3891,24.8428],[83.3889,24.8414],[83.3906,24.8386],[83.3934,24.8384],[83.3972,24.8345],[83.3985,24.8315],[83.3977,24.8255],[83.3994,24.8216],[83.403,24.8186],[83.4038,24.814],[83.4037,24.8094],[83.3981,24.8029],[83.398,24.8003],[83.4006,24.7955],[83.3966,24.79],[83.3944,24.785],[83.3949,24.7827],[83.3911,24.777],[83.3863,24.7748],[83.3758,24.7732],[83.3628,24.7733],[83.353,24.7763],[83.3479,24.7743],[83.3395,24.7729],[83.3324,24.7787],[83.3285,24.7843],[83.3217,24.7857],[83.3201,24.7841],[83.3211,24.7763],[83.3305,24.7692],[83.3302,24.7662],[83.324,24.7581],[83.3213,24.7526],[83.3193,24.746],[83.3145,24.7447],[83.3128,24.7389],[83.3064,24.7314],[83.3065,24.723],[83.3085,24.7193],[83.2994,24.7179],[83.2888,24.7292],[83.2873,24.7372],[83.2828,24.7341],[83.2728,24.7289],[83.2642,24.7275],[83.2595,24.73],[83.2544,24.7247],[83.2469,24.725],[83.2409,24.7278],[83.2287,24.7312],[83.2099,24.723],[83.205,24.7189],[83.1953,24.7182],[83.187,24.7146],[83.1865,24.7224],[83.1805,24.7165],[83.1769,24.72],[83.1703,24.7234],[83.1622,24.7246],[83.1565,24.7312],[83.1536,24.7409],[83.1505,24.746],[83.143,24.7527],[83.1326,24.7586],[83.1199,24.7621],[83.1136,24.7651],[83.1026,24.768],[83.1005,24.7731],[83.0939,24.7782],[83.0899,24.7795],[83.091,24.7846],[83.096,24.7919],[83.0943,24.7936],[83.096,24.7971],[83.0906,24.7986],[83.0969,24.8059],[83.1001,24.8108],[83.1078,24.8165],[83.1134,24.8156],[83.116,24.8175],[83.1261,24.8213],[83.1292,24.8254],[83.1235,24.8364],[83.1186,24.8401],[83.1083,24.8382],[83.1013,24.836],[83.0954,24.8368],[83.0892,24.8478],[83.0851,24.8601],[83.0867,24.8667],[83.0813,24.8779],[83.0785,24.8863],[83.081,24.8941],[83.0813,24.8996],[83.0757,24.9154],[83.0712,24.9235],[83.0673,24.9286],[83.062,24.9531],[83.0613,24.9673],[83.0764,24.9766],[83.0768,24.9789],[83.0757,24.9846],[83.0729,24.9909],[83.0701,24.9949],[83.0692,25.0002],[83.0691,25.0029],[83.0736,25.0064],[83.0751,25.0088],[83.0761,25.0144],[83.0743,25.0196],[83.0694,25.0226],[83.0686,25.0246],[83.0683,25.028],[83.0696,25.029],[83.0727,25.0292],[83.0724,25.0315],[83.0705,25.0338],[83.0654,25.0367],[83.0636,25.0395],[83.0627,25.0427],[83.0625,25.0438],[83.068,25.0444],[83.0687,25.0472],[83.0681,25.0506],[83.0656,25.055],[83.0607,25.0564],[83.0593,25.058],[83.0652,25.0652],[83.0675,25.0667],[83.0704,25.0672],[83.073,25.0668],[83.0823,25.063],[83.0886,25.0628],[83.0978,25.0647],[83.1034,25.0637],[83.1135,25.0589],[83.1156,25.0569],[83.1194,25.0561],[83.1226,25.0561],[83.1297,25.0581],[83.1314,25.0608],[83.129,25.0774],[83.1308,25.0917],[83.1252,25.0929],[83.1234,25.0941],[83.1239,25.1013],[83.1275,25.103],[83.135,25.1033],[83.1367,25.1054],[83.1373,25.1075],[83.1365,25.1126],[83.1313,25.1149],[83.1318,25.1172],[83.1334,25.119],[83.1312,25.121],[83.1296,25.1243],[83.1314,25.126],[83.137,25.1273],[83.1383,25.1306],[83.1408,25.1316],[83.1424,25.1313],[83.1434,25.1276],[83.1448,25.1272],[83.1522,25.129],[83.1549,25.1295],[83.1563,25.1339],[83.1637,25.1341],[83.1676,25.1353],[83.169,25.1411],[83.1716,25.1461],[83.171,25.1602],[83.1725,25.1662],[83.1784,25.1675],[83.1814,25.1696],[83.1837,25.1753],[83.1814,25.179],[83.1752,25.1844],[83.1693,25.1867],[83.1643,25.1863],[83.1626,25.1871],[83.1482,25.1855],[83.1279,25.1873],[83.122,25.1999],[83.1184,25.2004],[83.107,25.1999],[83.0995,25.2011],[83.0943,25.203],[83.0932,25.2054],[83.0934,25.2098],[83.0901,25.2106],[83.0809,25.2101],[83.0769,25.2108],[83.0722,25.2261],[83.0706,25.2284],[83.0656,25.2302],[83.0549,25.2316],[83.0501,25.233],[83.0408,25.2396],[83.0359,25.2417],[83.0342,25.2415],[83.0341,25.2415],[83.0341,25.2415],[83.0428,25.2461],[83.049,25.2472],[83.0553,25.2466],[83.0614,25.2444],[83.0711,25.2449],[83.0694,25.2478],[83.0665,25.2499],[83.0614,25.2526],[83.058,25.2543],[83.054,25.2594],[83.0518,25.2678],[83.0463,25.2696],[83.0501,25.2795],[83.0491,25.282],[83.0316,25.2877],[83.0225,25.2922],[83.0138,25.2927],[83.0125,25.2965],[83.0173,25.3032],[83.0298,25.3125],[83.0406,25.3175],[83.0573,25.3226],[83.0688,25.3245],[83.0731,25.3266],[83.0802,25.3274],[83.0901,25.3301],[83.0995,25.3289],[83.112,25.3261],[83.1154,25.3244],[83.117,25.3237],[83.1388,25.3169],[83.1412,25.3169],[83.1443,25.3178],[83.1457,25.3181],[83.1553,25.3249],[83.1572,25.3263],[83.1619,25.331],[83.168,25.3392],[83.169,25.3406],[83.1762,25.353],[83.1791,25.36],[83.1801,25.3662],[83.1874,25.3798],[83.189,25.386],[83.1923,25.3949],[83.1938,25.3986],[83.1948,25.4053],[83.1909,25.419],[83.1863,25.4222],[83.1724,25.4273],[83.1599,25.4353],[83.1589,25.4359],[83.1547,25.4376],[83.1392,25.4403],[83.1308,25.444],[83.1307,25.4494],[83.1357,25.4595],[83.1438,25.4692],[83.1523,25.4754],[83.1622,25.4809],[83.1702,25.4872],[83.1758,25.4967],[83.1768,25.504],[83.1797,25.5103],[83.1797,25.5103],[83.1797,25.5103],[83.1865,25.5218],[83.1906,25.5263],[83.195,25.5296],[83.2005,25.5319],[83.2073,25.5298],[83.214,25.529],[83.2216,25.5264],[83.2303,25.5252],[83.2356,25.5257],[83.2419,25.5251],[83.2481,25.5236],[83.2595,25.5181],[83.2678,25.5152],[83.2842,25.5068],[83.2886,25.5036],[83.2949,25.4947],[83.2996,25.4834],[83.3068,25.4752],[83.3184,25.4677],[83.3296,25.4629],[83.3348,25.4623],[83.3403,25.4634],[83.3489,25.4698],[83.352,25.4707],[83.3656,25.4803],[83.3709,25.4829],[83.3755,25.4841],[83.3807,25.4878],[83.3972,25.489],[83.4084,25.4855],[83.4137,25.4869],[83.4194,25.482],[83.4257,25.4748],[83.4336,25.4636],[83.4439,25.4532],[83.4559,25.4429],[83.5046,25.4063],[83.5208,25.3965],[83.5362,25.3909],[83.5315,25.3829],[83.5301,25.378],[83.5317,25.3724],[83.5376,25.3622],[83.5405,25.3598],[83.5429,25.3556],[83.5493,25.3476],[83.5477,25.3453],[83.5385,25.3443],[83.5329,25.3279],[83.5332,25.3229],[83.5323,25.3199],[83.542,25.316],[83.543,25.3132]]]},"properties":{"district_name":"Chandauli","raw_district_name":"Chandauli","state_code":"UP","state_name":"Uttar Pradesh","census_code":196,"data_source":"DataMeet India Maps (Census 2011 Boundaries)"}},{"type":"Feature","geometry":{"type":"Polygon","coordinates":[[[81.1927,25.4524],[81.1915,25.4498],[81.1839,25.4433],[81.1608,25.4316],[81.1515,25.4255],[81.1494,25.4161],[81.1497,25.4022],[81.1514,25.397],[81.1536,25.3952],[81.1584,25.3881],[81.1637,25.3833],[81.1764,25.3763],[81.1837,25.3738],[81.2024,25.3652],[81.2182,25.3606],[81.2246,25.3608],[81.231,25.3597],[81.2497,25.3545],[81.2513,25.3528],[81.2577,25.3337],[81.265,25.3255],[81.269,25.3238],[81.2755,25.3239],[81.2779,25.3247],[81.2821,25.3317],[81.2851,25.3347],[81.2916,25.3379],[81.3158,25.3455],[81.325,25.3473],[81.343,25.3466],[81.3597,25.3429],[81.3645,25.3409],[81.3866,25.3347],[81.3974,25.3297],[81.3998,25.3273],[81.4016,25.3235],[81.4033,25.3147],[81.4033,25.3102],[81.4004,25.3019],[81.398,25.298],[81.3864,25.2846],[81.3857,25.2824],[81.3849,25.2766],[81.3892,25.2719],[81.394,25.2706],[81.4082,25.2699],[81.4267,25.2676],[81.437,25.2653],[81.4541,25.2598],[81.46,25.2586],[81.4666,25.2598],[81.4691,25.2639],[81.472,25.2649],[81.4874,25.2656],[81.492,25.2665],[81.4958,25.2679],[81.5017,25.2674],[81.5076,25.268],[81.5186,25.2706],[81.532,25.2775],[81.5406,25.2838],[81.5456,25.2863],[81.5501,25.29],[81.5501,25.2901],[81.5494,25.2865],[81.5528,25.2732],[81.5542,25.271],[81.5561,25.2577],[81.5583,25.2502],[81.564,25.241],[81.5644,25.2388],[81.5588,25.237],[81.5567,25.2357],[81.545,25.2338],[81.542,25.2346],[81.526,25.2346],[81.5262,25.2265],[81.5212,25.2268],[81.5219,25.2217],[81.5201,25.2054],[81.521,25.1939],[81.5268,25.1941],[81.5465,25.1893],[81.5424,25.1848],[81.5418,25.1841],[81.541,25.1819],[81.5317,25.1823],[81.5285,25.1837],[81.5213,25.1844],[81.518,25.1835],[81.5162,25.1815],[81.5155,25.175],[81.5163,25.1728],[81.5192,25.1702],[81.5357,25.1632],[81.5384,25.1599],[81.5373,25.1579],[81.5284,25.1502],[81.5271,25.1484],[81.5336,25.1441],[81.5331,25.1402],[81.5269,25.1391],[81.5241,25.1419],[81.5193,25.1449],[81.5134,25.1478],[81.509,25.1494],[81.5038,25.1489],[81.5004,25.1453],[81.4984,25.1385],[81.4989,25.1316],[81.498,25.1308],[81.4929,25.1309],[81.4886,25.1342],[81.4858,25.135],[81.4831,25.1346],[81.4813,25.1336],[81.4802,25.1315],[81.4804,25.1296],[81.4865,25.1245],[81.4861,25.1176],[81.4901,25.1139],[81.494,25.1124],[81.5015,25.1072],[81.5116,25.1071],[81.516,25.1034],[81.5154,25.1019],[81.5112,25.0983],[81.5089,25.0974],[81.5026,25.0983],[81.5058,25.0926],[81.503,25.0787],[81.5006,25.0785],[81.4948,25.0807],[81.4935,25.0742],[81.4921,25.0715],[81.4896,25.0725],[81.4858,25.0758],[81.4814,25.0775],[81.4737,25.0784],[81.4667,25.0833],[81.4662,25.0859],[81.4672,25.0895],[81.4448,25.0927],[81.4332,25.096],[81.4292,25.0981],[81.4215,25.1005],[81.4114,25.1029],[81.4092,25.1043],[81.4088,25.1056],[81.4114,25.1081],[81.4153,25.1085],[81.4198,25.1088],[81.4356,25.1071],[81.4438,25.1076],[81.4467,25.107],[81.4475,25.1085],[81.4469,25.1105],[81.4428,25.1185],[81.4375,25.126],[81.4386,25.1301],[81.4362,25.1301],[81.4281,25.1321],[81.4262,25.1317],[81.4244,25.1288],[81.4217,25.1282],[81.4086,25.1303],[81.4102,25.1273],[81.415,25.1216],[81.4146,25.1199],[81.4127,25.1187],[81.4089,25.1182],[81.4059,25.1182],[81.3996,25.1196],[81.3974,25.1207],[81.3956,25.1254],[81.3934,25.1266],[81.3949,25.1304],[81.3927,25.1315],[81.3874,25.1309],[81.3827,25.1352],[81.3753,25.1339],[81.3729,25.1343],[81.3729,25.1357],[81.3748,25.1382],[81.374,25.1407],[81.3709,25.1421],[81.3656,25.1487],[81.3639,25.1541],[81.3618,25.1579],[81.3593,25.1603],[81.3578,25.1638],[81.353,25.1619],[81.3444,25.1627],[81.3394,25.166],[81.3383,25.1689],[81.328,25.1644],[81.3214,25.1599],[81.3191,25.149],[81.3193,25.1454],[81.3206,25.1426],[81.3252,25.1371],[81.3244,25.1315],[81.3251,25.1245],[81.3286,25.1189],[81.3306,25.1172],[81.3314,25.1148],[81.3269,25.1151],[81.3267,25.1133],[81.3254,25.1125],[81.323,25.1127],[81.3214,25.1138],[81.3203,25.1198],[81.3184,25.1204],[81.3167,25.1223],[81.3172,25.128],[81.3153,25.1298],[81.3149,25.1316],[81.3164,25.1353],[81.3133,25.1395],[81.3127,25.1417],[81.3154,25.156],[81.3148,25.1624],[81.3133,25.1638],[81.3009,25.1643],[81.2997,25.1632],[81.2931,25.1617],[81.2899,25.1618],[81.2836,25.1653],[81.2798,25.1653],[81.2775,25.1641],[81.277,25.1615],[81.2823,25.1547],[81.2832,25.1498],[81.2789,25.1448],[81.274,25.1412],[81.2698,25.1407],[81.2696,25.1403],[81.2681,25.1375],[81.2705,25.1274],[81.2652,25.125],[81.2665,25.12],[81.2663,25.1132],[81.2645,25.1109],[81.2565,25.1081],[81.254,25.1019],[81.2548,25.0997],[81.2571,25.0971],[81.2604,25.095],[81.2627,25.0891],[81.2675,25.0837],[81.2614,25.0755],[81.2683,25.072],[81.2705,25.0693],[81.2699,25.0649],[81.2636,25.0573],[81.2643,25.0522],[81.2617,25.0509],[81.2606,25.049],[81.2559,25.0379],[81.2509,25.0327],[81.2475,25.0278],[81.2443,25.0257],[81.239,25.0146],[81.2314,25.0078],[81.2285,25.0037],[81.2248,25.0009],[81.2196,24.9982],[81.219,24.9981],[81.2184,24.9983],[81.218,24.9986],[81.2173,24.9994],[81.2168,24.9996],[81.2156,25],[81.2146,25.0002],[81.2141,24.9999],[81.2134,24.9996],[81.2131,24.9993],[81.2121,24.994],[81.21,24.9922],[81.2156,24.9877],[81.2195,24.9833],[81.221,24.9781],[81.2205,24.9742],[81.2095,24.9667],[81.2082,24.9633],[81.2123,24.9593],[81.2142,24.9546],[81.2146,24.9506],[81.2126,24.947],[81.2142,24.9358],[81.2157,24.9338],[81.2197,24.9328],[81.2208,24.931],[81.2192,24.9291],[81.2155,24.9276],[81.2107,24.9243],[81.2077,24.9235],[81.204,24.9255],[81.1926,24.9257],[81.2012,24.9311],[81.2065,24.9306],[81.2072,24.9313],[81.1966,24.9415],[81.1888,24.9459],[81.1848,24.9514],[81.1804,24.95],[81.1779,24.9532],[81.1724,24.9562],[81.1696,24.955],[81.1678,24.9512],[81.1651,24.9422],[81.166,24.9391],[81.1642,24.9363],[81.1637,24.9285],[81.1606,24.9259],[81.1593,24.9237],[81.1591,24.9202],[81.1607,24.9161],[81.1605,24.9128],[81.1563,24.9142],[81.1509,24.9139],[81.1483,24.9129],[81.1415,24.9021],[81.1411,24.897],[81.1424,24.8903],[81.1406,24.8886],[81.1363,24.8901],[81.1308,24.8952],[81.1249,24.8983],[81.1211,24.902],[81.1189,24.9072],[81.1157,24.9086],[81.112,24.9092],[81.1069,24.9149],[81.1047,24.919],[81.1027,24.9202],[81.0977,24.9209],[81.0931,24.9308],[81.0898,24.9322],[81.0887,24.9348],[81.0907,24.9441],[81.0894,24.9466],[81.0846,24.9487],[81.0656,24.9495],[81.059,24.9517],[81.0554,24.9516],[81.0513,24.949],[81.0349,24.9513],[81.0314,24.9487],[81.0281,24.9483],[81.0296,24.9448],[81.029,24.9424],[81.0274,24.9414],[81.0252,24.9428],[81.0177,24.9507],[81.0153,24.949],[81.0207,24.9401],[81.0235,24.9364],[81.0293,24.9346],[81.0295,24.9335],[81.0262,24.9319],[81.025,24.9288],[81.0228,24.928],[81.0201,24.9296],[81.0169,24.9288],[81.0082,24.9366],[81.0049,24.936],[80.9994,24.9335],[80.9926,24.9289],[80.9892,24.926],[80.9861,24.9295],[80.9875,24.9344],[80.9804,24.9359],[80.9738,24.935],[80.9665,24.9286],[80.9634,24.9221],[80.9592,24.9234],[80.961,24.9358],[80.9604,24.9392],[80.958,24.9427],[80.953,24.9435],[80.952,24.947],[80.9549,24.9532],[80.9549,24.9574],[80.953,24.9643],[80.9507,24.9674],[80.945,24.9688],[80.9419,24.9664],[80.9366,24.964],[80.9298,24.9629],[80.9241,24.9611],[80.9197,24.9586],[80.9054,24.953],[80.9025,24.9502],[80.9014,24.9467],[80.9093,24.9396],[80.9109,24.9365],[80.9082,24.9359],[80.9061,24.938],[80.903,24.9387],[80.8968,24.9437],[80.893,24.9452],[80.8894,24.9445],[80.885,24.9413],[80.8831,24.937],[80.8647,24.9322],[80.849,24.9318],[80.843,24.9308],[80.8371,24.9347],[80.8289,24.9328],[80.8235,24.9341],[80.8103,24.9407],[80.811,24.9531],[80.7998,24.9601],[80.7981,24.9634],[80.7981,24.968],[80.8017,24.9698],[80.8069,24.9711],[80.8146,24.9712],[80.8207,24.9699],[80.8268,24.9698],[80.8292,24.9787],[80.8329,24.9823],[80.8445,24.9823],[80.8532,24.9897],[80.8563,24.9943],[80.8584,24.9993],[80.8501,25.0087],[80.8482,25.0164],[80.8373,25.0261],[80.8349,25.0353],[80.8434,25.0358],[80.8493,25.0474],[80.8551,25.0494],[80.864,25.0586],[80.8789,25.0672],[80.8833,25.0757],[80.873,25.0805],[80.8725,25.0843],[80.8756,25.0901],[80.8795,25.0944],[80.8812,25.0987],[80.8805,25.1054],[80.8748,25.1155],[80.8732,25.1197],[80.8741,25.1216],[80.8773,25.124],[80.881,25.13],[80.8837,25.1405],[80.8935,25.1361],[80.8967,25.1373],[80.8986,25.1424],[80.9099,25.1541],[80.9132,25.1564],[80.9138,25.1606],[80.9043,25.1673],[80.8973,25.1708],[80.8944,25.1732],[80.8864,25.1916],[80.8778,25.1847],[80.8725,25.1839],[80.8714,25.1853],[80.8687,25.1866],[80.8569,25.1861],[80.8494,25.1895],[80.8446,25.1887],[80.8434,25.1865],[80.8442,25.1814],[80.8494,25.1713],[80.8506,25.1672],[80.8502,25.164],[80.8457,25.1564],[80.8421,25.1417],[80.8404,25.1375],[80.843,25.1286],[80.846,25.1236],[80.8417,25.1094],[80.8359,25.1064],[80.8322,25.1107],[80.8314,25.1138],[80.8298,25.1161],[80.8299,25.1189],[80.8296,25.1217],[80.8269,25.1266],[80.8178,25.1268],[80.816,25.1292],[80.8165,25.1369],[80.8114,25.1396],[80.8078,25.1425],[80.8061,25.1423],[80.8019,25.1383],[80.7989,25.1388],[80.7944,25.134],[80.7919,25.1344],[80.7904,25.1331],[80.7849,25.1409],[80.7823,25.1426],[80.7743,25.1369],[80.7678,25.1366],[80.7591,25.1377],[80.7487,25.1334],[80.7463,25.1306],[80.7437,25.1312],[80.7403,25.1365],[80.7405,25.1383],[80.7369,25.1389],[80.7359,25.1434],[80.7313,25.1448],[80.7259,25.1426],[80.7235,25.1426],[80.723,25.1393],[80.7188,25.1344],[80.7091,25.1341],[80.7079,25.1331],[80.7067,25.1273],[80.7091,25.124],[80.7157,25.1234],[80.7255,25.1249],[80.7306,25.122],[80.7336,25.1189],[80.7281,25.1133],[80.7272,25.1],[80.7287,25.0974],[80.7334,25.094],[80.7375,25.0933],[80.7416,25.0974],[80.754,25.0954],[80.7575,25.0938],[80.7603,25.0915],[80.7592,25.0903],[80.7593,25.0872],[80.7752,25.0817],[80.7842,25.0804],[80.7878,25.074],[80.7896,25.0656],[80.7864,25.06],[80.7841,25.0578],[80.7741,25.0572],[80.7638,25.0587],[80.7596,25.0601],[80.7523,25.0584],[80.7418,25.0585],[80.7374,25.0616],[80.7354,25.0679],[80.7226,25.0638],[80.7226,25.0638],[80.7226,25.0638],[80.7226,25.0638],[80.722,25.0681],[80.722,25.0681],[80.7178,25.0738],[80.707,25.0775],[80.7031,25.0799],[80.7016,25.0839],[80.7047,25.0829],[80.7047,25.0829],[80.7084,25.0853],[80.7121,25.0886],[80.7119,25.0927],[80.711,25.0939],[80.71,25.0951],[80.7068,25.0967],[80.7068,25.0967],[80.7065,25.0967],[80.7036,25.0969],[80.7001,25.0998],[80.6983,25.103],[80.6938,25.1214],[80.694,25.1272],[80.6887,25.1306],[80.6889,25.1417],[80.6903,25.1451],[80.6939,25.1497],[80.6935,25.1543],[80.6974,25.1561],[80.6974,25.1561],[80.7083,25.1582],[80.7083,25.1582],[80.716,25.1639],[80.7148,25.1743],[80.7148,25.1743],[80.7122,25.1791],[80.7144,25.1848],[80.7203,25.1894],[80.7314,25.1903],[80.7357,25.1878],[80.7389,25.1849],[80.7471,25.1856],[80.7534,25.1873],[80.7569,25.1906],[80.7673,25.2054],[80.7695,25.2065],[80.7763,25.2065],[80.7814,25.2057],[80.7925,25.2109],[80.7978,25.2164],[80.7939,25.2165],[80.7933,25.2203],[80.7874,25.2229],[80.7842,25.2231],[80.7775,25.2265],[80.7727,25.2252],[80.7727,25.2252],[80.7698,25.2237],[80.7636,25.2258],[80.7583,25.2287],[80.7546,25.2295],[80.7518,25.2289],[80.7479,25.2329],[80.7486,25.236],[80.7477,25.2392],[80.7485,25.2462],[80.7515,25.2513],[80.7565,25.2527],[80.7615,25.2528],[80.7615,25.2528],[80.7684,25.2543],[80.7718,25.2564],[80.7775,25.2597],[80.7829,25.2621],[80.7906,25.2557],[80.7932,25.2521],[80.7947,25.2508],[80.7999,25.2463],[80.8037,25.2455],[80.8073,25.249],[80.8111,25.2583],[80.8119,25.2628],[80.8063,25.2662],[80.7874,25.2742],[80.7826,25.2832],[80.7826,25.2832],[80.7788,25.2943],[80.7788,25.2943],[80.7771,25.2965],[80.7661,25.3],[80.7602,25.3056],[80.758,25.3047],[80.7625,25.3152],[80.7626,25.318],[80.7594,25.3217],[80.759,25.3242],[80.7628,25.3252],[80.7665,25.3231],[80.7708,25.3241],[80.7702,25.331],[80.78,25.3298],[80.7865,25.331],[80.7885,25.3356],[80.7931,25.3346],[80.7963,25.3414],[80.8006,25.3428],[80.8009,25.3388],[80.8028,25.3362],[80.8112,25.342],[80.8151,25.3419],[80.8167,25.3426],[80.8167,25.3426],[80.8179,25.347],[80.8232,25.3479],[80.8312,25.347],[80.8337,25.3484],[80.8409,25.3576],[80.8451,25.3593],[80.8511,25.3655],[80.8535,25.3704],[80.8544,25.37],[80.862,25.3723],[80.8644,25.3741],[80.8644,25.3741],[80.8668,25.3818],[80.8741,25.3924],[80.8755,25.4009],[80.8834,25.4025],[80.8859,25.4044],[80.8859,25.4044],[80.8857,25.4065],[80.8857,25.4065],[80.8877,25.4199],[80.9014,25.4264],[80.9082,25.432],[80.9082,25.432],[80.9092,25.4358],[80.9092,25.4358],[80.9065,25.4401],[80.9072,25.4411],[80.9098,25.4417],[80.9157,25.4388],[80.927,25.4403],[80.9307,25.4421],[80.9331,25.4473],[80.9353,25.45],[80.9353,25.45],[80.9379,25.4572],[80.9379,25.4572],[80.9376,25.4629],[80.9394,25.466],[80.9437,25.4693],[80.9485,25.4697],[80.952,25.4675],[80.9582,25.468],[80.9624,25.4649],[80.9654,25.4641],[80.9754,25.4659],[80.9782,25.4653],[80.9806,25.4629],[80.9833,25.4629],[80.9833,25.4629],[80.9857,25.474],[80.9879,25.4772],[80.9888,25.4776],[80.9921,25.4765],[80.9942,25.4748],[80.9988,25.4759],[81,25.4863],[81.0078,25.4888],[81.0119,25.4915],[81.011,25.4974],[81.0172,25.497],[81.025,25.5016],[81.0268,25.5038],[81.0268,25.5038],[81.0263,25.507],[81.0263,25.507],[81.0244,25.5084],[81.0228,25.5157],[81.0228,25.5157],[81.0189,25.5206],[81.016,25.5235],[81.0131,25.5263],[81.0083,25.5344],[81.0169,25.5359],[81.02,25.5382],[81.02,25.5382],[81.0216,25.5426],[81.0216,25.5426],[81.0222,25.5443],[81.0223,25.5441],[81.0266,25.5392],[81.0353,25.5324],[81.0456,25.5269],[81.0513,25.5248],[81.0628,25.5213],[81.068,25.5208],[81.0865,25.5165],[81.0943,25.5171],[81.0997,25.5168],[81.1164,25.514],[81.1273,25.5097],[81.1506,25.5053],[81.1547,25.504],[81.1601,25.5014],[81.1651,25.4978],[81.1742,25.4948],[81.1835,25.4898],[81.1914,25.4875],[81.1956,25.4776],[81.1963,25.4603],[81.1927,25.4524]]]},"properties":{"district_name":"Chitrakoot","raw_district_name":"Chitrakoot","state_code":"UP","state_name":"Uttar Pradesh","census_code":171,"data_source":"DataMeet India Maps (Census 2011 Boundaries)"}},{"type":"Feature","geometry":{"type":"Polygon","coordinates":[[[84.058,26.5478],[84.058,26.5477],[84.057,26.5408],[84.0522,26.5383],[84.04,26.5329],[84.0293,26.5294],[84.0237,26.5294],[84.0099,26.5223],[84.0079,26.5224],[84.0076,26.5247],[83.9995,26.5275],[83.9928,26.5288],[83.9834,26.5292],[83.9798,26.5267],[83.9774,26.5231],[83.9758,26.5183],[83.9746,26.509],[83.9718,26.5059],[83.9654,26.5055],[83.9549,26.5075],[83.952,26.5108],[83.9528,26.5132],[83.9551,26.5157],[83.9485,26.5186],[83.9442,26.5217],[83.9397,26.5221],[83.9239,26.5175],[83.9115,26.5153],[83.9101,26.511],[83.911,26.5077],[83.916,26.504],[83.9167,26.4977],[83.9142,26.4916],[83.9124,26.4696],[83.9107,26.4646],[83.9122,26.4583],[83.9115,26.4475],[83.9173,26.4468],[83.9282,26.4428],[83.9452,26.439],[83.9555,26.4355],[83.9705,26.4345],[83.9911,26.432],[83.9926,26.4323],[83.9996,26.445],[84.0018,26.445],[84.0108,26.441],[84.0182,26.4424],[84.0202,26.4458],[84.0253,26.4394],[84.0241,26.4369],[84.0255,26.4293],[84.0297,26.4263],[84.0309,26.4225],[84.0423,26.4112],[84.0397,26.4104],[84.0453,26.4053],[84.0474,26.4078],[84.05,26.4059],[84.0504,26.403],[84.0541,26.4027],[84.0542,26.4015],[84.0641,26.3995],[84.0642,26.3977],[84.0709,26.3917],[84.0706,26.3876],[84.0797,26.3844],[84.0811,26.382],[84.0863,26.3815],[84.0879,26.3832],[84.0897,26.3837],[84.0902,26.3872],[84.0968,26.3876],[84.0988,26.385],[84.1014,26.3879],[84.1056,26.3854],[84.1243,26.3851],[84.1258,26.3828],[84.1375,26.3817],[84.1398,26.3797],[84.1631,26.3737],[84.1654,26.3758],[84.1804,26.3716],[84.1786,26.3601],[84.1763,26.3578],[84.1762,26.3357],[84.1858,26.3201],[84.1907,26.3147],[84.1884,26.3094],[84.1805,26.3013],[84.1777,26.2905],[84.1799,26.2843],[84.1786,26.2749],[84.1771,26.2713],[84.1799,26.2681],[84.1803,26.2654],[84.1765,26.2617],[84.1726,26.259],[84.1663,26.2586],[84.1641,26.2554],[84.1646,26.2502],[84.1683,26.2436],[84.1662,26.2418],[84.1624,26.2429],[84.1543,26.2593],[84.1503,26.2554],[84.1349,26.2591],[84.1327,26.2565],[84.1219,26.2595],[84.1213,26.2542],[84.1189,26.2507],[84.1216,26.2473],[84.1194,26.2395],[84.1103,26.2407],[84.1093,26.2369],[84.1012,26.2378],[84.1003,26.2316],[84.0963,26.2342],[84.0885,26.2295],[84.0908,26.2247],[84.0891,26.222],[84.0883,26.2188],[84.0826,26.2186],[84.0825,26.2225],[84.0673,26.2243],[84.0662,26.2228],[84.0584,26.2232],[84.0557,26.2278],[84.0426,26.2297],[84.0401,26.2332],[84.0403,26.2366],[84.033,26.2372],[84.0295,26.2392],[84.0273,26.2363],[84.0231,26.2381],[84.0205,26.2382],[84.0194,26.2363],[84.0199,26.2334],[84.0145,26.2316],[84.0172,26.2229],[84.0184,26.2215],[84.0257,26.2192],[84.0294,26.2212],[84.0332,26.2173],[84.0298,26.2118],[84.028,26.2069],[84.0284,26.2036],[84.0322,26.2021],[84.0325,26.1985],[84.0294,26.1952],[84.024,26.195],[84.0179,26.1971],[84.011,26.1877],[84.013,26.1783],[84.0119,26.1758],[84.0227,26.1646],[84.0286,26.1617],[84.0318,26.163],[84.0367,26.1606],[84.0373,26.1573],[84.0362,26.1507],[84.0325,26.1518],[84.027,26.1428],[84.0425,26.1351],[84.0513,26.1292],[84.0541,26.1181],[84.0507,26.1182],[84.0525,26.1148],[84.0511,26.1093],[84.054,26.104],[84.0571,26.1015],[84.0579,26.0974],[84.0559,26.0908],[84.0497,26.0941],[84.0471,26.0933],[84.0387,26.0963],[84.0183,26.1132],[84.0077,26.1111],[83.9999,26.1159],[83.9925,26.1165],[83.9803,26.1161],[83.9766,26.1224],[83.9715,26.1278],[83.9642,26.1317],[83.9577,26.1315],[83.9501,26.1292],[83.9415,26.1257],[83.9338,26.1226],[83.9251,26.1209],[83.9175,26.1212],[83.908,26.1229],[83.8986,26.127],[83.8905,26.1356],[83.882,26.1429],[83.8672,26.165],[83.8677,26.174],[83.8668,26.1804],[83.8636,26.185],[83.8512,26.1896],[83.8407,26.1917],[83.8344,26.1891],[83.8271,26.1882],[83.8185,26.1888],[83.8112,26.1907],[83.8011,26.196],[83.8014,26.2093],[83.7992,26.2146],[83.7951,26.2189],[83.7904,26.2295],[83.7814,26.2312],[83.7687,26.2401],[83.7583,26.2497],[83.7566,26.2531],[83.7506,26.2569],[83.751,26.2599],[83.7467,26.2619],[83.7418,26.2624],[83.7313,26.2599],[83.7155,26.2574],[83.7092,26.2541],[83.7028,26.2489],[83.6937,26.2432],[83.686,26.2407],[83.6706,26.2381],[83.6662,26.2357],[83.659,26.2259],[83.6417,26.2231],[83.6347,26.223],[83.6346,26.233],[83.6354,26.2395],[83.6376,26.2466],[83.6411,26.2699],[83.6438,26.2748],[83.6645,26.2824],[83.6688,26.2855],[83.6711,26.2887],[83.6721,26.3001],[83.67,26.3091],[83.6674,26.3139],[83.6632,26.3176],[83.6583,26.319],[83.6489,26.3143],[83.6313,26.2999],[83.6237,26.2977],[83.6213,26.2994],[83.6251,26.316],[83.6269,26.3182],[83.6321,26.3195],[83.6392,26.3227],[83.6399,26.327],[83.6368,26.3284],[83.6328,26.3276],[83.6254,26.3224],[83.6237,26.3222],[83.622,26.3238],[83.62,26.3287],[83.6167,26.3302],[83.6128,26.3334],[83.6205,26.342],[83.6135,26.344],[83.6067,26.3446],[83.6019,26.3465],[83.6029,26.3505],[83.6071,26.3556],[83.6117,26.3594],[83.6148,26.3635],[83.6144,26.3662],[83.6114,26.3688],[83.5903,26.3576],[83.5855,26.3595],[83.5812,26.3642],[83.5795,26.3729],[83.5811,26.3778],[83.5868,26.3895],[83.5866,26.3945],[83.5844,26.3975],[83.5784,26.397],[83.5665,26.3926],[83.5532,26.3923],[83.549,26.3886],[83.5504,26.3868],[83.5637,26.3846],[83.5667,26.3818],[83.5683,26.378],[83.5717,26.3747],[83.5703,26.3713],[83.561,26.376],[83.558,26.3753],[83.5521,26.3597],[83.5483,26.354],[83.5437,26.3537],[83.5398,26.3575],[83.5373,26.3633],[83.5347,26.3745],[83.5358,26.3837],[83.5311,26.3847],[83.5214,26.3816],[83.5161,26.3812],[83.5139,26.3831],[83.5163,26.3863],[83.5274,26.3944],[83.5279,26.3983],[83.5244,26.4002],[83.5115,26.3987],[83.5035,26.3988],[83.4981,26.3907],[83.4945,26.3891],[83.49,26.3916],[83.488,26.3961],[83.488,26.4021],[83.4924,26.4061],[83.5107,26.416],[83.4987,26.4223],[83.4993,26.4311],[83.4986,26.4345],[83.4922,26.441],[83.4817,26.4571],[83.4797,26.4616],[83.4823,26.4626],[83.4908,26.4608],[83.4938,26.4619],[83.494,26.466],[83.4907,26.472],[83.4892,26.4762],[83.4896,26.4802],[83.4924,26.4861],[83.4956,26.49],[83.5005,26.4942],[83.5073,26.4947],[83.5156,26.4939],[83.5174,26.4987],[83.5308,26.4936],[83.5345,26.4949],[83.5415,26.4997],[83.5439,26.4975],[83.5463,26.4892],[83.5501,26.4889],[83.5535,26.4916],[83.5553,26.4958],[83.5558,26.5003],[83.5519,26.5068],[83.5548,26.5098],[83.5589,26.5101],[83.5652,26.5083],[83.5714,26.5096],[83.5748,26.512],[83.5799,26.5128],[83.5917,26.5116],[83.5974,26.5126],[83.602,26.5146],[83.604,26.519],[83.6042,26.5298],[83.6102,26.5387],[83.6109,26.5422],[83.609,26.5465],[83.6112,26.549],[83.6122,26.5515],[83.6162,26.5533],[83.6171,26.5588],[83.6158,26.5643],[83.6166,26.5681],[83.6211,26.5713],[83.6267,26.5676],[83.6303,26.5741],[83.6303,26.5761],[83.6272,26.5799],[83.6312,26.5814],[83.6308,26.5856],[83.6317,26.5902],[83.6302,26.5938],[83.6215,26.6005],[83.62,26.6042],[83.6209,26.6101],[83.6197,26.6137],[83.6199,26.616],[83.6235,26.6161],[83.6285,26.6183],[83.6343,26.6224],[83.6319,26.6419],[83.6331,26.6453],[83.6304,26.6478],[83.6303,26.6515],[83.6317,26.657],[83.6317,26.657],[83.6414,26.6582],[83.6486,26.6576],[83.655,26.6581],[83.656,26.6634],[83.6645,26.6804],[83.6662,26.6813],[83.6707,26.6816],[83.6772,26.6891],[83.6793,26.6958],[83.6833,26.7],[83.6888,26.699],[83.6915,26.7],[83.6995,26.697],[83.6993,26.6905],[83.6972,26.6843],[83.697,26.6812],[83.7071,26.6818],[83.7115,26.685],[83.7159,26.6864],[83.7234,26.6864],[83.722,26.6912],[83.723,26.695],[83.7254,26.6959],[83.7332,26.6957],[83.7394,26.6946],[83.7449,26.6915],[83.7493,26.6914],[83.7542,26.6935],[83.7587,26.6982],[83.7611,26.702],[83.7673,26.6976],[83.7736,26.7011],[83.7773,26.7019],[83.7823,26.7075],[83.7917,26.7071],[83.7941,26.7131],[83.8014,26.7139],[83.8042,26.7211],[83.8067,26.7236],[83.8076,26.7258],[83.8076,26.7274],[83.8075,26.7306],[83.8124,26.7466],[83.8156,26.7463],[83.8179,26.7461],[83.8248,26.7448],[83.8321,26.7434],[83.8361,26.7427],[83.8389,26.7447],[83.8397,26.749],[83.8394,26.7544],[83.8429,26.757],[83.8509,26.7478],[83.8554,26.7461],[83.8621,26.7461],[83.8746,26.7475],[83.8799,26.7416],[83.8867,26.7375],[83.89,26.7336],[83.8918,26.7282],[83.897,26.7194],[83.8975,26.7148],[83.8957,26.7084],[83.8975,26.7052],[83.905,26.7018],[83.9044,26.6961],[83.9069,26.6911],[83.9112,26.6903],[83.914,26.6884],[83.9159,26.6863],[83.9176,26.6853],[83.9213,26.6844],[83.9232,26.6814],[83.9256,26.6794],[83.9272,26.6782],[83.9326,26.6762],[83.9371,26.6771],[83.9486,26.6745],[83.9544,26.6752],[83.9574,26.6729],[83.961,26.6713],[83.9601,26.6642],[83.9632,26.6556],[83.9678,26.6486],[83.9687,26.6412],[83.9664,26.6316],[83.9669,26.6271],[83.9699,26.6234],[83.9826,26.6159],[83.988,26.6105],[83.99,26.6036],[83.995,26.5928],[83.9996,26.5925],[84.0023,26.5928],[84.0076,26.587],[84.0076,26.5836],[84.011,26.5763],[84.0185,26.5749],[84.0313,26.5691],[84.0371,26.5611],[84.0409,26.5586],[84.0427,26.5562],[84.0487,26.5555],[84.0482,26.5502],[84.055,26.5484],[84.058,26.5478]]]},"properties":{"district_name":"Deoria","raw_district_name":"Deoria","state_code":"UP","state_name":"Uttar Pradesh","census_code":190,"data_source":"DataMeet India Maps (Census 2011 Boundaries)"}},{"type":"Feature","geometry":{"type":"Polygon","coordinates":[[[79.1776,27.5836],[79.1834,27.582],[79.1901,27.5829],[79.2037,27.5818],[79.2165,27.5782],[79.2206,27.5764],[79.2236,27.5738],[79.2266,27.5536],[79.2272,27.5478],[79.2256,27.5431],[79.226,27.5358],[79.2369,27.5272],[79.2451,27.5259],[79.2527,27.5215],[79.2706,27.5209],[79.2744,27.517],[79.2751,27.5107],[79.2718,27.5066],[79.2688,27.4944],[79.2588,27.492],[79.2535,27.4851],[79.2481,27.4733],[79.2527,27.4683],[79.2554,27.4637],[79.2533,27.4542],[79.2607,27.4447],[79.2602,27.4378],[79.2606,27.4299],[79.2568,27.4217],[79.2552,27.4205],[79.2487,27.4173],[79.2337,27.4165],[79.2284,27.4135],[79.2379,27.4026],[79.2439,27.3997],[79.2522,27.3912],[79.2573,27.3722],[79.2615,27.3632],[79.2675,27.3528],[79.2687,27.347],[79.2645,27.3434],[79.2558,27.3394],[79.2535,27.3371],[79.2508,27.3306],[79.2502,27.329],[79.2405,27.3243],[79.2336,27.3265],[79.2306,27.3279],[79.2293,27.3294],[79.222,27.3276],[79.2163,27.329],[79.2116,27.3325],[79.2074,27.3375],[79.1973,27.345],[79.1967,27.3566],[79.1933,27.361],[79.1839,27.3647],[79.1784,27.3698],[79.1733,27.3774],[79.1708,27.3794],[79.1674,27.3807],[79.1558,27.3779],[79.1469,27.3767],[79.1425,27.3806],[79.142,27.3854],[79.1394,27.3911],[79.1355,27.396],[79.1273,27.4029],[79.1229,27.4049],[79.1174,27.4058],[79.1168,27.4084],[79.1192,27.4136],[79.1145,27.4139],[79.1126,27.4221],[79.1128,27.4283],[79.1096,27.4323],[79.0983,27.4286],[79.084,27.4218],[79.079,27.4214],[79.0635,27.4171],[79.0576,27.4188],[79.0235,27.4293],[79.0154,27.4279],[79.0061,27.4298],[79.0016,27.4324],[79,27.4326],[78.9965,27.4286],[78.9936,27.4292],[78.9886,27.429],[78.9792,27.4253],[78.9763,27.4202],[78.9677,27.4206],[78.9649,27.4194],[78.9595,27.4192],[78.9593,27.425],[78.958,27.4275],[78.9513,27.4254],[78.9409,27.4302],[78.9399,27.4325],[78.9405,27.4353],[78.9365,27.4361],[78.9371,27.445],[78.9394,27.4475],[78.9389,27.4494],[78.9361,27.45],[78.9283,27.4453],[78.9237,27.4504],[78.9068,27.4644],[78.9064,27.4658],[78.8949,27.4693],[78.8908,27.4694],[78.8883,27.4684],[78.883,27.4601],[78.8842,27.4568],[78.8793,27.4519],[78.8734,27.4426],[78.8735,27.4378],[78.8727,27.4363],[78.8633,27.4307],[78.8623,27.4261],[78.8605,27.4239],[78.8548,27.4202],[78.85,27.4156],[78.8415,27.4111],[78.8397,27.4095],[78.8422,27.4056],[78.84,27.3996],[78.8456,27.3997],[78.8498,27.3972],[78.8547,27.3916],[78.8553,27.3901],[78.8523,27.3859],[78.8513,27.3827],[78.8446,27.3759],[78.8451,27.373],[78.8374,27.3649],[78.8365,27.3609],[78.8328,27.359],[78.8257,27.3536],[78.8202,27.3518],[78.809,27.3555],[78.8045,27.3515],[78.7994,27.3489],[78.7926,27.3477],[78.783,27.3472],[78.7807,27.3362],[78.7784,27.3363],[78.775,27.3348],[78.7733,27.3361],[78.7632,27.3389],[78.7546,27.3459],[78.7485,27.3392],[78.7416,27.3347],[78.7363,27.3335],[78.7339,27.3357],[78.7327,27.3367],[78.7304,27.3403],[78.7265,27.3424],[78.7209,27.3437],[78.7197,27.3489],[78.72,27.3655],[78.7171,27.3758],[78.7046,27.3789],[78.6958,27.3801],[78.6865,27.3838],[78.6837,27.388],[78.6798,27.3917],[78.6769,27.3926],[78.6756,27.3948],[78.6774,27.3974],[78.6754,27.4027],[78.673,27.414],[78.6713,27.4168],[78.664,27.4188],[78.6455,27.4196],[78.6445,27.4217],[78.6437,27.4276],[78.6414,27.4324],[78.6448,27.4367],[78.6498,27.4534],[78.6505,27.4598],[78.6608,27.4717],[78.6656,27.4737],[78.6657,27.4812],[78.6641,27.4862],[78.6615,27.4902],[78.6565,27.49],[78.6516,27.4918],[78.6467,27.489],[78.6361,27.4905],[78.6308,27.4893],[78.6258,27.4973],[78.6242,27.5023],[78.6205,27.5029],[78.6202,27.5042],[78.6184,27.5058],[78.6071,27.5097],[78.5981,27.5067],[78.5999,27.5001],[78.5944,27.4939],[78.5923,27.4941],[78.5893,27.4905],[78.588,27.4816],[78.5882,27.477],[78.5865,27.4751],[78.5834,27.4741],[78.5694,27.4736],[78.5643,27.4707],[78.5608,27.4645],[78.5576,27.4627],[78.5556,27.4584],[78.5561,27.4563],[78.5451,27.4415],[78.5429,27.4416],[78.5388,27.4439],[78.5351,27.4485],[78.5243,27.4499],[78.5223,27.4558],[78.5199,27.4591],[78.516,27.4623],[78.5137,27.4625],[78.5085,27.4587],[78.5059,27.4553],[78.5092,27.4406],[78.4962,27.4293],[78.4923,27.4244],[78.487,27.4241],[78.4808,27.4249],[78.4772,27.4286],[78.4725,27.4284],[78.4672,27.4255],[78.4661,27.4207],[78.4678,27.4157],[78.4729,27.4089],[78.4752,27.4024],[78.4853,27.394],[78.4885,27.393],[78.4916,27.3934],[78.4922,27.3861],[78.485,27.382],[78.4847,27.3785],[78.4867,27.3714],[78.4904,27.3653],[78.488,27.361],[78.4842,27.3578],[78.4843,27.3563],[78.4902,27.3533],[78.4871,27.3488],[78.4791,27.3418],[78.4755,27.3447],[78.4724,27.3491],[78.4705,27.3555],[78.4584,27.3726],[78.4509,27.3714],[78.4467,27.37],[78.438,27.3606],[78.4333,27.361],[78.4124,27.3689],[78.4077,27.3681],[78.4004,27.3708],[78.3977,27.3675],[78.3921,27.3668],[78.3879,27.3577],[78.3879,27.3469],[78.3852,27.3417],[78.3851,27.3377],[78.3755,27.333],[78.3715,27.332],[78.367,27.3348],[78.3654,27.3411],[78.3656,27.3432],[78.3608,27.3453],[78.3535,27.3471],[78.3452,27.3397],[78.3394,27.3324],[78.3351,27.3304],[78.3239,27.3371],[78.3219,27.3359],[78.3201,27.3324],[78.3205,27.3251],[78.3152,27.3173],[78.3113,27.3131],[78.305,27.3107],[78.3003,27.3081],[78.2911,27.3099],[78.2885,27.3104],[78.286,27.3127],[78.286,27.3128],[78.2828,27.3185],[78.281,27.324],[78.2809,27.3242],[78.2798,27.3309],[78.2788,27.3373],[78.282,27.3412],[78.2855,27.3456],[78.2857,27.3486],[78.2859,27.3513],[78.2896,27.3544],[78.2877,27.3606],[78.2874,27.3616],[78.2894,27.3665],[78.2889,27.3719],[78.2939,27.3741],[78.2938,27.378],[78.2938,27.378],[78.2938,27.3781],[78.2969,27.3822],[78.2955,27.3834],[78.2936,27.3852],[78.2873,27.3844],[78.2873,27.3844],[78.2873,27.3844],[78.2872,27.386],[78.2869,27.3887],[78.2807,27.3933],[78.2719,27.3888],[78.2687,27.39],[78.266,27.3898],[78.2605,27.3933],[78.2604,27.3934],[78.2506,27.3914],[78.2505,27.3916],[78.2461,27.3953],[78.2428,27.3993],[78.2428,27.3994],[78.2391,27.4016],[78.2326,27.4028],[78.2324,27.4029],[78.2285,27.4041],[78.226,27.4058],[78.2232,27.4042],[78.2172,27.4007],[78.2089,27.4016],[78.198,27.4028],[78.198,27.4028],[78.1957,27.4159],[78.1986,27.4203],[78.2009,27.4294],[78.2006,27.433],[78.2003,27.433],[78.1975,27.433],[78.1931,27.429],[78.1895,27.427],[78.1845,27.4264],[78.1812,27.427],[78.1811,27.4274],[78.1801,27.4326],[78.1843,27.4453],[78.1898,27.4546],[78.1917,27.4556],[78.193,27.4563],[78.195,27.4563],[78.1978,27.4564],[78.2003,27.4598],[78.1999,27.4602],[78.1968,27.4629],[78.1969,27.463],[78.1971,27.4647],[78.1974,27.4663],[78.1997,27.4705],[78.2023,27.4753],[78.2021,27.4761],[78.2017,27.4774],[78.2027,27.4789],[78.2032,27.4796],[78.2082,27.4829],[78.2091,27.4899],[78.2088,27.4902],[78.2086,27.4905],[78.2043,27.497],[78.206,27.5007],[78.2051,27.505],[78.2068,27.5084],[78.2128,27.5065],[78.2159,27.5076],[78.2201,27.5128],[78.2179,27.5186],[78.2178,27.5188],[78.2142,27.5234],[78.2143,27.5235],[78.223,27.5288],[78.2293,27.5249],[78.2324,27.5267],[78.2378,27.5257],[78.2408,27.526],[78.2446,27.5281],[78.2463,27.5266],[78.2464,27.5266],[78.2484,27.5221],[78.2486,27.5217],[78.252,27.519],[78.2547,27.518],[78.2642,27.5266],[78.2673,27.5253],[78.2702,27.5269],[78.2732,27.5256],[78.2778,27.5285],[78.2779,27.5304],[78.284,27.536],[78.2836,27.5364],[78.2789,27.5405],[78.2719,27.5485],[78.272,27.5486],[78.2803,27.5548],[78.2824,27.5535],[78.2862,27.5543],[78.2862,27.5544],[78.2915,27.5445],[78.2918,27.544],[78.2967,27.5465],[78.2981,27.5463],[78.3043,27.551],[78.3143,27.5433],[78.3187,27.547],[78.3132,27.5566],[78.3142,27.5589],[78.3199,27.5643],[78.3182,27.57],[78.3184,27.5728],[78.3208,27.5743],[78.3283,27.575],[78.3323,27.577],[78.3334,27.5787],[78.3339,27.5826],[78.3377,27.5827],[78.3378,27.5827],[78.3386,27.5804],[78.3388,27.58],[78.3445,27.5781],[78.349,27.5748],[78.3523,27.5737],[78.3631,27.5738],[78.3658,27.5696],[78.3661,27.5692],[78.3607,27.5616],[78.3606,27.5615],[78.3635,27.5591],[78.3675,27.5608],[78.3722,27.5661],[78.383,27.567],[78.3869,27.5664],[78.393,27.5716],[78.3927,27.572],[78.389,27.5784],[78.389,27.5784],[78.3919,27.5826],[78.3972,27.588],[78.3992,27.5884],[78.3993,27.5884],[78.3999,27.5861],[78.4,27.5858],[78.4071,27.58],[78.4141,27.5805],[78.4163,27.5805],[78.4224,27.5883],[78.4361,27.5912],[78.4464,27.5958],[78.4506,27.5993],[78.4523,27.6051],[78.4538,27.6064],[78.4578,27.6074],[78.4604,27.6104],[78.466,27.6123],[78.4694,27.6177],[78.4711,27.6186],[78.4876,27.6123],[78.4914,27.6135],[78.4979,27.618],[78.5006,27.6166],[78.5056,27.6228],[78.5057,27.6244],[78.5054,27.6248],[78.5009,27.6315],[78.5009,27.6316],[78.5015,27.6357],[78.4991,27.6402],[78.5008,27.6437],[78.506,27.6465],[78.5055,27.6486],[78.509,27.654],[78.5067,27.6588],[78.5104,27.6638],[78.51,27.6678],[78.5154,27.6683],[78.5154,27.6697],[78.5152,27.6698],[78.5115,27.6713],[78.5081,27.6741],[78.508,27.6744],[78.5056,27.6847],[78.5133,27.6875],[78.5143,27.6909],[78.5187,27.6939],[78.5183,27.6942],[78.5092,27.7023],[78.5077,27.7048],[78.5077,27.7048],[78.5111,27.7089],[78.5283,27.7236],[78.528,27.724],[78.5268,27.7259],[78.5251,27.7282],[78.519,27.7337],[78.5146,27.7399],[78.5185,27.7431],[78.5235,27.7456],[78.5264,27.7496],[78.536,27.7537],[78.536,27.7585],[78.5304,27.7691],[78.5371,27.774],[78.5392,27.7781],[78.5522,27.7849],[78.5555,27.7835],[78.5668,27.7673],[78.5768,27.7675],[78.5892,27.7697],[78.6003,27.7693],[78.6039,27.7658],[78.6039,27.7572],[78.6059,27.7478],[78.6099,27.7445],[78.6154,27.7428],[78.6222,27.7435],[78.637,27.7405],[78.644,27.7411],[78.6511,27.7465],[78.6566,27.7466],[78.6613,27.7441],[78.6673,27.7382],[78.6757,27.7349],[78.6828,27.7394],[78.6872,27.7402],[78.6888,27.7307],[78.6902,27.7266],[78.6984,27.715],[78.6946,27.7124],[78.6932,27.7042],[78.6968,27.6993],[78.6976,27.6858],[78.7033,27.6816],[78.7068,27.6732],[78.7095,27.6712],[78.721,27.671],[78.7236,27.6678],[78.7258,27.662],[78.7374,27.6496],[78.7391,27.6458],[78.744,27.6424],[78.7441,27.6352],[78.7487,27.636],[78.7523,27.6318],[78.7581,27.6303],[78.7653,27.6296],[78.7787,27.6333],[78.7778,27.6303],[78.7853,27.6291],[78.793,27.6196],[78.7982,27.6183],[78.8025,27.6117],[78.8077,27.6079],[78.8097,27.6015],[78.8164,27.6044],[78.8242,27.6031],[78.829,27.6068],[78.841,27.601],[78.8599,27.5938],[78.8606,27.5919],[78.8597,27.5847],[78.8572,27.5813],[78.859,27.5781],[78.8616,27.5782],[78.8654,27.577],[78.8732,27.5785],[78.8738,27.5807],[78.8712,27.5848],[78.8746,27.59],[78.8792,27.5896],[78.8825,27.5882],[78.8874,27.5882],[78.8914,27.5867],[78.8945,27.5821],[78.895,27.5769],[78.8983,27.5684],[78.893,27.557],[78.891,27.5477],[78.905,27.5494],[78.9143,27.5583],[78.9191,27.5599],[78.9289,27.5588],[78.9334,27.5606],[78.9404,27.5667],[78.9494,27.5712],[78.9541,27.5708],[78.9591,27.5644],[78.9627,27.5629],[78.9657,27.564],[78.9688,27.5679],[78.9739,27.5806],[78.9743,27.5877],[78.9776,27.5924],[78.9834,27.5978],[78.9803,27.6148],[78.9789,27.6209],[78.9787,27.6363],[78.9793,27.6485],[78.9827,27.6559],[78.9937,27.6603],[79.0103,27.653],[79.0172,27.6475],[79.0173,27.6383],[79.0173,27.6292],[79.0202,27.6175],[79.0271,27.6102],[79.0395,27.6023],[79.0506,27.5926],[79.0596,27.5877],[79.0693,27.5847],[79.0817,27.5811],[79.0893,27.5769],[79.0962,27.5696],[79.1025,27.5574],[79.1073,27.5531],[79.1135,27.5525],[79.1259,27.555],[79.1402,27.5637],[79.1491,27.5693],[79.1601,27.5699],[79.169,27.5761],[79.1776,27.5836]]]},"properties":{"district_name":"Etah","raw_district_name":"Etah","state_code":"UP","state_name":"Uttar Pradesh","census_code":201,"data_source":"DataMeet India Maps (Census 2011 Boundaries)"}},{"type":"Feature","geometry":{"type":"Polygon","coordinates":[[[79.3271,26.9604],[79.3202,26.9516],[79.3193,26.9491],[79.3189,26.9435],[79.3198,26.9417],[79.3241,26.9423],[79.3329,26.9411],[79.3374,26.9383],[79.3374,26.9326],[79.3388,26.9227],[79.3375,26.9093],[79.3367,26.9046],[79.3383,26.8961],[79.3379,26.8834],[79.3395,26.8719],[79.3361,26.8618],[79.3359,26.8571],[79.3371,26.8463],[79.3364,26.8417],[79.3314,26.8337],[79.3314,26.8298],[79.3364,26.82],[79.3373,26.8107],[79.3286,26.802],[79.3259,26.7961],[79.3265,26.7886],[79.3322,26.778],[79.3356,26.7721],[79.3356,26.7642],[79.3389,26.7603],[79.3418,26.7518],[79.3416,26.7405],[79.3393,26.7351],[79.3273,26.726],[79.319,26.7212],[79.315,26.7172],[79.316,26.7068],[79.3106,26.6999],[79.2994,26.6929],[79.297,26.6886],[79.2971,26.6843],[79.3028,26.6803],[79.3117,26.6769],[79.3086,26.6707],[79.3063,26.6641],[79.3087,26.6601],[79.3127,26.6573],[79.3159,26.6519],[79.3125,26.6473],[79.3014,26.6417],[79.2995,26.633],[79.2931,26.6304],[79.2875,26.6303],[79.2835,26.6271],[79.2824,26.6238],[79.2692,26.6236],[79.2592,26.6189],[79.2597,26.6132],[79.2582,26.6084],[79.2523,26.6015],[79.2504,26.591],[79.2475,26.5833],[79.2431,26.566],[79.237,26.5518],[79.2328,26.5456],[79.2324,26.5396],[79.2377,26.536],[79.2508,26.5373],[79.2593,26.5356],[79.261,26.5323],[79.2598,26.5266],[79.2603,26.5209],[79.2684,26.5148],[79.278,26.5146],[79.3006,26.5238],[79.3067,26.5261],[79.3119,26.525],[79.3155,26.5218],[79.3121,26.5149],[79.2767,26.4995],[79.2748,26.4962],[79.276,26.4915],[79.2856,26.4858],[79.2885,26.4823],[79.2874,26.4758],[79.28,26.4646],[79.2599,26.4533],[79.24,26.4453],[79.2313,26.4403],[79.2281,26.4364],[79.2281,26.4345],[79.2329,26.4276],[79.2262,26.4277],[79.2189,26.432],[79.2145,26.4381],[79.2102,26.4325],[79.2077,26.4308],[79.1961,26.4251],[79.1924,26.425],[79.1874,26.4307],[79.1836,26.4295],[79.1805,26.4298],[79.172,26.4341],[79.1578,26.4385],[79.1532,26.4393],[79.1353,26.4392],[79.1326,26.4399],[79.1296,26.4423],[79.1189,26.4474],[79.1137,26.448],[79.1085,26.4504],[79.1035,26.4515],[79.1015,26.4517],[79.0998,26.4496],[79.0997,26.4468],[79.098,26.4453],[79.0919,26.4474],[79.0913,26.4467],[79.0916,26.4441],[79.0895,26.4383],[79.0863,26.4416],[79.0827,26.4399],[79.0813,26.4421],[79.0776,26.4409],[79.0756,26.4414],[79.0754,26.4438],[79.0721,26.4433],[79.0699,26.4438],[79.0692,26.4462],[79.0666,26.4456],[79.066,26.4505],[79.0618,26.45],[79.057,26.4504],[79.0553,26.4522],[79.0556,26.4558],[79.072,26.4791],[79.0729,26.4812],[79.0709,26.4842],[79.0697,26.4853],[79.0695,26.4976],[79.0652,26.4975],[79.062,26.4955],[79.0595,26.4951],[79.0583,26.4971],[79.0584,26.501],[79.0523,26.5048],[79.0479,26.5101],[79.0482,26.514],[79.0496,26.5171],[79.0481,26.5177],[79.0419,26.5169],[79.0399,26.5191],[79.0423,26.5277],[79.0417,26.5303],[79.0282,26.5358],[79.0273,26.5376],[79.0292,26.546],[79.0259,26.5464],[79.0214,26.543],[79.0167,26.5421],[79.0146,26.5457],[79.0115,26.5442],[79.0066,26.5452],[79.0044,26.5484],[79.0063,26.5502],[79.0138,26.5505],[79.0154,26.5521],[79.013,26.5529],[79.0066,26.5583],[79.0077,26.561],[79.0065,26.5664],[79.0068,26.5685],[79.0022,26.5731],[79,26.5766],[78.9882,26.5684],[78.9881,26.5759],[78.9896,26.5803],[78.9867,26.5867],[78.9908,26.5885],[79,26.5989],[79.0124,26.6006],[79.0143,26.6047],[79.0139,26.6084],[79.0118,26.6135],[79.0118,26.6209],[79.0096,26.6247],[79.004,26.6302],[79,26.6357],[78.9959,26.6384],[78.9956,26.6416],[78.9977,26.6457],[79,26.6488],[79.0045,26.6578],[79.0069,26.6609],[79.0099,26.6681],[79.0092,26.671],[79.0061,26.6752],[79.0019,26.6788],[79,26.6787],[78.9961,26.6803],[78.9926,26.68],[78.9826,26.6768],[78.9784,26.6748],[78.9727,26.6708],[78.9566,26.6569],[78.9524,26.6553],[78.9466,26.6569],[78.9448,26.6591],[78.9445,26.6622],[78.9457,26.6665],[78.9586,26.6862],[78.9589,26.6883],[78.9569,26.691],[78.9395,26.6985],[78.9215,26.7046],[78.9166,26.7072],[78.9127,26.7076],[78.8916,26.6986],[78.8858,26.6978],[78.8799,26.6978],[78.8736,26.6989],[78.863,26.7065],[78.8598,26.7106],[78.8494,26.7203],[78.8201,26.7597],[78.8148,26.763],[78.8074,26.7633],[78.7828,26.7603],[78.7794,26.7584],[78.7875,26.7825],[78.7883,26.7877],[78.7938,26.7975],[78.8021,26.7996],[78.8121,26.7992],[78.8169,26.7978],[78.8206,26.795],[78.8279,26.7913],[78.8324,26.7908],[78.8373,26.7918],[78.8425,26.7944],[78.847,26.7986],[78.8513,26.8062],[78.8516,26.8094],[78.8479,26.8182],[78.8443,26.8241],[78.8358,26.8346],[78.8303,26.8396],[78.8219,26.8455],[78.8184,26.8496],[78.8137,26.8627],[78.8106,26.8685],[78.8083,26.869],[78.7944,26.8636],[78.7861,26.8636],[78.7831,26.8649],[78.7823,26.8695],[78.7869,26.8767],[78.7863,26.8805],[78.7805,26.8815],[78.7756,26.8843],[78.768,26.9041],[78.7636,26.9075],[78.758,26.9053],[78.7565,26.901],[78.7554,26.8927],[78.7543,26.8891],[78.7528,26.8876],[78.7477,26.8867],[78.7433,26.8898],[78.7422,26.8929],[78.7426,26.8991],[78.7472,26.9106],[78.7488,26.9143],[78.7548,26.9201],[78.7703,26.9427],[78.775,26.9451],[78.7799,26.9446],[78.7858,26.9452],[78.7975,26.9523],[78.8004,26.9523],[78.8024,26.9553],[78.8077,26.9586],[78.8182,26.9557],[78.8297,26.9526],[78.8343,26.9533],[78.8387,26.9588],[78.8415,26.9645],[78.8496,26.9686],[78.854,26.9736],[78.8622,26.9643],[78.8662,26.9608],[78.8728,26.9603],[78.8805,26.9614],[78.888,26.965],[78.8969,26.968],[78.9044,26.9677],[78.9152,26.9634],[78.9202,26.9644],[78.9251,26.9674],[78.926,26.9691],[78.9248,26.9712],[78.9214,26.9739],[78.9224,26.9779],[78.9288,26.9834],[78.9322,26.9844],[78.9353,26.9825],[78.9361,26.978],[78.9415,26.9735],[78.9562,26.9715],[78.9598,26.9686],[78.9622,26.9631],[78.9658,26.9591],[78.9715,26.9563],[78.9869,26.9461],[78.9892,26.9375],[78.9921,26.9343],[78.9969,26.9311],[79,26.9305],[79.0021,26.9319],[79.0069,26.9378],[79.0111,26.939],[79.0131,26.9415],[79.013,26.9458],[79.0241,26.9528],[79.03,26.9581],[79.033,26.9616],[79.0355,26.9679],[79.042,26.9689],[79.0436,26.9716],[79.0501,26.9725],[79.0549,26.9832],[79.0578,26.9839],[79.0645,26.9894],[79.0726,26.9895],[79.0779,26.991],[79.0813,26.9886],[79.0838,26.9851],[79.0845,26.9823],[79.0866,26.9789],[79.0902,26.979],[79.0982,26.9819],[79.1009,26.9843],[79.1005,26.9875],[79.0943,26.996],[79.0939,26.9987],[79.0955,26.9995],[79.0996,26.9994],[79.1026,26.9978],[79.1071,26.9974],[79.113,26.993],[79.1157,26.9964],[79.117,27.0003],[79.1237,26.994],[79.1277,26.9943],[79.1332,26.9991],[79.1632,26.9981],[79.166,26.9966],[79.1674,26.9988],[79.1667,27.0005],[79.1679,27.0019],[79.1678,27.0052],[79.1841,27.006],[79.1928,27.0005],[79.1942,26.9953],[79.1935,26.9836],[79.1972,26.9751],[79.1999,26.9733],[79.2069,26.9716],[79.2163,26.9714],[79.222,26.9715],[79.2249,26.9734],[79.2296,26.975],[79.2356,26.9748],[79.2376,26.9779],[79.2419,26.9815],[79.2461,26.9813],[79.248,26.9832],[79.252,26.9836],[79.2578,26.9806],[79.2638,26.9848],[79.2677,26.9828],[79.2702,26.9848],[79.2717,26.9879],[79.275,26.9902],[79.2765,26.988],[79.2763,26.9816],[79.2795,26.9842],[79.2848,26.9818],[79.2869,26.9847],[79.29,26.9812],[79.296,26.9778],[79.2987,26.9775],[79.3016,26.9823],[79.3069,26.9819],[79.3106,26.9794],[79.3182,26.9767],[79.3202,26.9755],[79.3209,26.9734],[79.3221,26.9684],[79.3219,26.9642],[79.3271,26.9604]]]},"properties":{"district_name":"Etawah","raw_district_name":"Etawah","state_code":"UP","state_name":"Uttar Pradesh","census_code":161,"data_source":"DataMeet India Maps (Census 2011 Boundaries)"}},{"type":"Feature","geometry":{"type":"Polygon","coordinates":[[[81.7669,26.8838],[81.78,26.8714],[81.7851,26.8687],[81.8048,26.8638],[81.8085,26.8614],[81.8224,26.8492],[81.8317,26.843],[81.8437,26.8377],[81.849,26.8361],[81.8576,26.8349],[81.8615,26.8357],[81.8813,26.8334],[81.8848,26.8327],[81.8911,26.8288],[81.9007,26.8181],[81.9054,26.8116],[81.9123,26.7963],[81.9154,26.7911],[81.9197,26.789],[81.942,26.785],[81.9495,26.7829],[81.9773,26.7785],[81.981,26.7782],[81.9881,26.7798],[81.9957,26.784],[82,26.7834],[82.0074,26.7868],[82.0133,26.7938],[82.0361,26.8054],[82.0397,26.8066],[82.053,26.8046],[82.0573,26.8029],[82.0636,26.8039],[82.08,26.8091],[82.0901,26.8092],[82.109,26.8225],[82.1124,26.8239],[82.1284,26.8203],[82.1322,26.8269],[82.1418,26.8317],[82.148,26.8307],[82.1615,26.8305],[82.1725,26.8269],[82.176,26.8279],[82.1857,26.8331],[82.2053,26.8283],[82.2061,26.8195],[82.2139,26.8151],[82.225,26.8073],[82.2265,26.7981],[82.2234,26.7778],[82.2285,26.7677],[82.233,26.7624],[82.2362,26.7522],[82.2412,26.7479],[82.25,26.7477],[82.2579,26.7436],[82.2628,26.745],[82.2671,26.7474],[82.2717,26.7474],[82.2765,26.745],[82.2856,26.7359],[82.3147,26.7249],[82.3181,26.7228],[82.3268,26.7091],[82.3529,26.6853],[82.367,26.6706],[82.3824,26.6577],[82.3933,26.6523],[82.4042,26.648],[82.4139,26.6454],[82.4272,26.6526],[82.446,26.6578],[82.4638,26.6589],[82.4716,26.6577],[82.4785,26.6523],[82.4733,26.6373],[82.469,26.6291],[82.4795,26.6158],[82.4796,26.6128],[82.4774,26.6077],[82.4695,26.6054],[82.4659,26.6018],[82.4588,26.6029],[82.4551,26.6028],[82.4518,26.5949],[82.4527,26.5924],[82.4603,26.5901],[82.4591,26.5871],[82.4602,26.5852],[82.4682,26.5823],[82.4613,26.5752],[82.4598,26.5699],[82.4564,26.568],[82.4526,26.567],[82.4477,26.5604],[82.4431,26.5625],[82.4371,26.555],[82.4338,26.5554],[82.4318,26.5511],[82.4307,26.5462],[82.4269,26.5451],[82.4224,26.5483],[82.4175,26.5568],[82.4123,26.5522],[82.4061,26.5501],[82.4059,26.5475],[82.4032,26.5442],[82.3966,26.543],[82.391,26.5433],[82.3889,26.5459],[82.3812,26.5495],[82.3757,26.5477],[82.3713,26.5549],[82.3787,26.5582],[82.3812,26.5646],[82.3805,26.5702],[82.3793,26.5726],[82.3704,26.5735],[82.3593,26.5783],[82.3549,26.5792],[82.3514,26.5771],[82.3478,26.576],[82.3432,26.5782],[82.3391,26.5767],[82.3357,26.5713],[82.3324,26.5654],[82.3306,26.5556],[82.3288,26.5528],[82.3227,26.5484],[82.3203,26.5439],[82.3141,26.527],[82.3114,26.5129],[82.3157,26.5115],[82.3182,26.5095],[82.317,26.5067],[82.3107,26.5029],[82.3091,26.4992],[82.3053,26.4951],[82.3,26.4847],[82.296,26.4833],[82.2906,26.4827],[82.2888,26.4788],[82.29,26.4759],[82.2888,26.4722],[82.2828,26.4702],[82.2826,26.4671],[82.2839,26.4635],[82.2792,26.4543],[82.273,26.4487],[82.2707,26.4466],[82.2703,26.4465],[82.2662,26.445],[82.2634,26.4441],[82.2614,26.4419],[82.256,26.4208],[82.252,26.4205],[82.246,26.4213],[82.2425,26.4187],[82.2385,26.4168],[82.2308,26.412],[82.221,26.4074],[82.221,26.4074],[82.1959,26.4059],[82.1883,26.4074],[82.1872,26.4094],[82.1878,26.4196],[82.183,26.4202],[82.1762,26.4194],[82.1707,26.4209],[82.1639,26.4232],[82.1602,26.431],[82.1505,26.4309],[82.1498,26.4342],[82.1569,26.4418],[82.1538,26.4458],[82.1484,26.4465],[82.1429,26.4436],[82.139,26.4435],[82.1269,26.449],[82.1281,26.453],[82.1386,26.4546],[82.1393,26.4611],[82.1374,26.4639],[82.1342,26.4658],[82.1292,26.4672],[82.1213,26.4575],[82.1163,26.4577],[82.112,26.4605],[82.1114,26.4666],[82.1096,26.4706],[82.105,26.4734],[82.0949,26.4752],[82.0881,26.4742],[82.0832,26.4698],[82.0752,26.4719],[82.0694,26.4751],[82.0643,26.4758],[82.0571,26.4697],[82.0531,26.4673],[82.0501,26.4674],[82.0427,26.4705],[82.0417,26.4728],[82.0437,26.4814],[82.0388,26.4837],[82.0355,26.4799],[82.0322,26.4819],[82.0314,26.4862],[82.0286,26.4895],[82.0245,26.4907],[82.0204,26.4898],[82.0195,26.4829],[82.0177,26.4803],[82.014,26.4782],[82.0096,26.4777],[82.0121,26.4876],[82.0109,26.4903],[82.0064,26.4886],[82,26.4921],[81.9925,26.4942],[81.9896,26.4957],[81.9842,26.5002],[81.9852,26.5039],[81.9848,26.5055],[81.9746,26.5107],[81.9636,26.5086],[81.9595,26.5069],[81.9495,26.5085],[81.9471,26.5082],[81.9446,26.5067],[81.9414,26.5059],[81.9369,26.5062],[81.931,26.5089],[81.9303,26.5101],[81.9296,26.5097],[81.9241,26.5141],[81.9189,26.5166],[81.9172,26.5153],[81.9134,26.5085],[81.9114,26.5068],[81.9032,26.5085],[81.8955,26.5062],[81.8933,26.5135],[81.8926,26.5132],[81.8904,26.519],[81.8916,26.5205],[81.8983,26.5207],[81.8997,26.5224],[81.8939,26.5275],[81.8894,26.5299],[81.8856,26.5308],[81.8808,26.5336],[81.8766,26.5342],[81.8681,26.531],[81.863,26.5328],[81.8592,26.5214],[81.8561,26.5207],[81.8493,26.5211],[81.848,26.5117],[81.8406,26.5126],[81.8317,26.5183],[81.8266,26.5191],[81.8239,26.5227],[81.8196,26.5285],[81.8194,26.5302],[81.8182,26.5316],[81.8132,26.5341],[81.8095,26.5372],[81.8061,26.5362],[81.8068,26.5314],[81.8016,26.5312],[81.8006,26.5305],[81.8003,26.5282],[81.7988,26.5274],[81.7933,26.5344],[81.79,26.5349],[81.7868,26.5366],[81.7852,26.5389],[81.7811,26.5403],[81.778,26.5387],[81.7733,26.5381],[81.7658,26.54],[81.761,26.5429],[81.7578,26.5436],[81.7551,26.5419],[81.7502,26.5402],[81.7432,26.5416],[81.7418,26.5408],[81.7341,26.5431],[81.7311,26.5412],[81.7302,26.5389],[81.7245,26.5381],[81.7212,26.5367],[81.7157,26.5316],[81.718,26.5293],[81.7238,26.5288],[81.7246,26.5274],[81.7227,26.5248],[81.7232,26.5213],[81.7137,26.52],[81.7128,26.518],[81.715,26.5108],[81.7134,26.5087],[81.7106,26.5076],[81.7054,26.5116],[81.7028,26.5149],[81.6992,26.5172],[81.6949,26.5193],[81.6901,26.5197],[81.6784,26.5257],[81.6768,26.5289],[81.6777,26.5345],[81.6795,26.5374],[81.6822,26.5391],[81.6933,26.5376],[81.6992,26.5382],[81.7017,26.5402],[81.7003,26.5513],[81.7015,26.5561],[81.7041,26.562],[81.7025,26.5679],[81.7029,26.573],[81.7043,26.5753],[81.7051,26.5808],[81.7047,26.5869],[81.7036,26.5884],[81.7001,26.5905],[81.6976,26.5909],[81.6861,26.5879],[81.6823,26.5863],[81.6779,26.5827],[81.6737,26.5817],[81.67,26.5831],[81.6657,26.5881],[81.6545,26.582],[81.651,26.5816],[81.6492,26.5828],[81.6487,26.5848],[81.6513,26.5897],[81.6517,26.5931],[81.6501,26.6033],[81.6506,26.6066],[81.6533,26.6079],[81.6561,26.6082],[81.6666,26.6008],[81.675,26.5985],[81.677,26.5992],[81.6784,26.6012],[81.6785,26.6038],[81.6774,26.6058],[81.67,26.6111],[81.6683,26.6135],[81.6672,26.6191],[81.6659,26.6208],[81.6617,26.6238],[81.6543,26.6249],[81.6517,26.6261],[81.646,26.6343],[81.6433,26.6367],[81.6281,26.6349],[81.629,26.6319],[81.6285,26.6297],[81.619,26.626],[81.6129,26.634],[81.6101,26.6412],[81.6076,26.644],[81.6005,26.6477],[81.5872,26.6494],[81.5839,26.6504],[81.5816,26.6518],[81.578,26.6613],[81.5704,26.6641],[81.5662,26.6641],[81.5623,26.662],[81.5622,26.6594],[81.5663,26.6557],[81.5698,26.6485],[81.5683,26.646],[81.5606,26.6418],[81.5607,26.6413],[81.549,26.6404],[81.5446,26.642],[81.5432,26.6466],[81.5436,26.6525],[81.5465,26.6606],[81.5502,26.6648],[81.5585,26.6697],[81.567,26.6732],[81.5739,26.6798],[81.581,26.6824],[81.5886,26.6761],[81.5999,26.6736],[81.6056,26.6765],[81.6066,26.6827],[81.6054,26.6854],[81.6002,26.6895],[81.5866,26.6958],[81.5818,26.7038],[81.5814,26.7185],[81.5832,26.7259],[81.5844,26.7353],[81.5828,26.7427],[81.5813,26.7501],[81.5848,26.7658],[81.5904,26.7771],[81.5976,26.7829],[81.6004,26.7888],[81.6016,26.7932],[81.6078,26.8089],[81.6096,26.8198],[81.6109,26.8321],[81.6127,26.8488],[81.6157,26.869],[81.6241,26.8753],[81.6318,26.8797],[81.6368,26.8826],[81.6725,26.8807],[81.6884,26.8781],[81.6955,26.878],[81.7027,26.8804],[81.7105,26.8882],[81.7139,26.8965],[81.7184,26.9019],[81.7196,26.9103],[81.7192,26.9201],[81.7251,26.9191],[81.7285,26.9165],[81.7351,26.9045],[81.7515,26.8879],[81.7555,26.8851],[81.7612,26.884],[81.7669,26.8838]]]},"properties":{"district_name":"Faizabad","raw_district_name":"Faizabad","state_code":"UP","state_name":"Uttar Pradesh","census_code":177,"data_source":"DataMeet India Maps (Census 2011 Boundaries)"}},{"type":"Feature","geometry":{"type":"Polygon","coordinates":[[[79.2093,27.707],[79.2136,27.7063],[79.2191,27.7034],[79.2218,27.6992],[79.2245,27.6972],[79.228,27.6959],[79.2311,27.6993],[79.2324,27.703],[79.2345,27.7059],[79.2369,27.7074],[79.2451,27.6977],[79.2529,27.695],[79.2591,27.6944],[79.261,27.693],[79.2594,27.6848],[79.26,27.6838],[79.2748,27.68],[79.2778,27.6756],[79.2897,27.6704],[79.2981,27.6677],[79.3013,27.6678],[79.3013,27.6684],[79.2939,27.6752],[79.2916,27.6802],[79.2936,27.6832],[79.2978,27.6825],[79.3033,27.6803],[79.31,27.6762],[79.3095,27.674],[79.3117,27.6703],[79.3163,27.6671],[79.3346,27.6576],[79.3502,27.6523],[79.3466,27.6478],[79.3531,27.6465],[79.3614,27.6475],[79.3731,27.6474],[79.3758,27.6413],[79.3809,27.6441],[79.3851,27.645],[79.3953,27.6451],[79.4056,27.6409],[79.4183,27.6317],[79.4273,27.6277],[79.4326,27.6307],[79.4391,27.6377],[79.4447,27.6397],[79.4501,27.6375],[79.4529,27.6346],[79.4556,27.6333],[79.4601,27.6349],[79.4642,27.6333],[79.4778,27.6235],[79.4799,27.6173],[79.483,27.6139],[79.4852,27.6097],[79.479,27.5985],[79.4804,27.5965],[79.502,27.5891],[79.5095,27.5894],[79.5179,27.598],[79.5207,27.5986],[79.533,27.5911],[79.5349,27.5913],[79.5365,27.5915],[79.5439,27.597],[79.5488,27.5979],[79.5539,27.5973],[79.5566,27.5941],[79.5563,27.5883],[79.5616,27.5886],[79.5655,27.5904],[79.5687,27.5909],[79.5831,27.5915],[79.5866,27.5907],[79.5903,27.591],[79.5937,27.5953],[79.5945,27.5981],[79.606,27.594],[79.6127,27.5931],[79.6106,27.599],[79.6074,27.6001],[79.5994,27.6051],[79.5973,27.6094],[79.5982,27.6144],[79.6051,27.6168],[79.6131,27.6156],[79.6185,27.6181],[79.6186,27.6217],[79.6205,27.6246],[79.6306,27.6344],[79.6533,27.6409],[79.6503,27.6372],[79.649,27.6326],[79.6498,27.6309],[79.6576,27.6345],[79.6568,27.6295],[79.6544,27.6272],[79.6527,27.6218],[79.6525,27.6179],[79.6531,27.6144],[79.6583,27.6122],[79.6591,27.6096],[79.6488,27.5982],[79.6428,27.5799],[79.6448,27.5765],[79.6562,27.5746],[79.6574,27.568],[79.6566,27.5639],[79.6623,27.5377],[79.6603,27.5284],[79.6625,27.5247],[79.6614,27.5194],[79.6579,27.5104],[79.6579,27.5067],[79.6626,27.5028],[79.6658,27.5036],[79.6639,27.4954],[79.6761,27.4957],[79.6791,27.492],[79.6829,27.491],[79.6932,27.4932],[79.7034,27.4906],[79.6994,27.4776],[79.7006,27.475],[79.7,27.4714],[79.7047,27.4725],[79.7077,27.4755],[79.7095,27.4763],[79.713,27.4756],[79.7164,27.4732],[79.7327,27.4673],[79.7355,27.4619],[79.7352,27.4586],[79.7379,27.4563],[79.747,27.4519],[79.7464,27.4482],[79.7463,27.4464],[79.7391,27.4393],[79.7338,27.436],[79.7289,27.4343],[79.7251,27.4351],[79.7216,27.432],[79.7195,27.4223],[79.7245,27.4175],[79.7253,27.4123],[79.7179,27.4058],[79.7126,27.3981],[79.7102,27.3958],[79.6986,27.3884],[79.6952,27.3849],[79.6904,27.3728],[79.6902,27.3679],[79.7002,27.3552],[79.7077,27.3488],[79.712,27.3438],[79.7172,27.3354],[79.7179,27.3315],[79.722,27.3274],[79.7227,27.3176],[79.7272,27.3081],[79.7258,27.2946],[79.728,27.2913],[79.7325,27.2798],[79.7321,27.2771],[79.7296,27.275],[79.7253,27.2729],[79.7096,27.2601],[79.7024,27.262],[79.6979,27.2591],[79.6962,27.255],[79.6961,27.2518],[79.6976,27.2484],[79.7008,27.2466],[79.7032,27.244],[79.6996,27.2321],[79.7002,27.2292],[79.7079,27.2251],[79.7273,27.2177],[79.7258,27.2164],[79.7259,27.2164],[79.7258,27.2164],[79.7253,27.2154],[79.7247,27.2141],[79.7212,27.2116],[79.7191,27.2111],[79.7119,27.214],[79.7043,27.2181],[79.7002,27.2168],[79.6984,27.2153],[79.6971,27.2142],[79.6953,27.2078],[79.6936,27.2017],[79.6916,27.1967],[79.6906,27.1964],[79.6855,27.1882],[79.6807,27.1714],[79.6762,27.1683],[79.6706,27.1659],[79.663,27.1658],[79.6555,27.1702],[79.6502,27.1749],[79.6474,27.175],[79.6416,27.1776],[79.6377,27.1804],[79.6331,27.1837],[79.6283,27.1855],[79.6162,27.1875],[79.6104,27.1853],[79.6058,27.1759],[79.6023,27.1719],[79.599,27.1683],[79.5862,27.1618],[79.5849,27.1616],[79.5773,27.1621],[79.574,27.1625],[79.5702,27.1612],[79.5688,27.1597],[79.5655,27.1586],[79.5618,27.1587],[79.5492,27.1663],[79.5458,27.1714],[79.5411,27.1764],[79.5366,27.1868],[79.5336,27.1888],[79.5276,27.1909],[79.527,27.2017],[79.5252,27.2059],[79.522,27.2094],[79.5108,27.2085],[79.5082,27.2117],[79.499,27.2113],[79.4896,27.2128],[79.4832,27.2084],[79.4767,27.2081],[79.47,27.2114],[79.4479,27.2104],[79.4426,27.2116],[79.4385,27.2132],[79.4369,27.2147],[79.4329,27.2185],[79.4303,27.2234],[79.427,27.2258],[79.4126,27.2256],[79.4114,27.2233],[79.4116,27.221],[79.4118,27.2179],[79.4131,27.2148],[79.4117,27.2109],[79.4098,27.2094],[79.4077,27.2077],[79.4031,27.2014],[79.3988,27.1989],[79.3961,27.1985],[79.3951,27.1963],[79.3947,27.1962],[79.3947,27.1968],[79.392,27.1991],[79.3847,27.203],[79.3801,27.2038],[79.375,27.2069],[79.3739,27.2106],[79.372,27.2134],[79.3636,27.2215],[79.3575,27.2169],[79.3552,27.2111],[79.3499,27.2118],[79.3394,27.2155],[79.3388,27.2187],[79.3399,27.2218],[79.3395,27.224],[79.3407,27.2268],[79.3401,27.2294],[79.3368,27.2308],[79.3363,27.2343],[79.3332,27.2365],[79.3185,27.2416],[79.3168,27.2428],[79.3156,27.2464],[79.3175,27.2474],[79.3163,27.2489],[79.3173,27.2506],[79.3206,27.2525],[79.3239,27.2573],[79.3225,27.2614],[79.325,27.2655],[79.3254,27.2685],[79.3224,27.2713],[79.323,27.2771],[79.3218,27.2784],[79.3206,27.2866],[79.318,27.2865],[79.3137,27.2842],[79.3081,27.2825],[79.3051,27.2802],[79.3014,27.2792],[79.2962,27.2817],[79.2951,27.281],[79.2895,27.2819],[79.2882,27.2897],[79.2899,27.3044],[79.2782,27.3051],[79.2728,27.3035],[79.2686,27.305],[79.2662,27.31],[79.2627,27.3232],[79.2549,27.329],[79.2508,27.3306],[79.2535,27.3371],[79.2558,27.3394],[79.2645,27.3434],[79.2687,27.347],[79.2675,27.3528],[79.2615,27.3632],[79.2573,27.3722],[79.2522,27.3912],[79.2439,27.3997],[79.2379,27.4026],[79.2284,27.4135],[79.2337,27.4165],[79.2487,27.4173],[79.2552,27.4205],[79.2568,27.4217],[79.2606,27.4299],[79.2602,27.4378],[79.2607,27.4447],[79.2533,27.4542],[79.2554,27.4637],[79.2527,27.4683],[79.2481,27.4733],[79.2535,27.4851],[79.2588,27.492],[79.2688,27.4944],[79.2718,27.5066],[79.2751,27.5107],[79.2744,27.517],[79.2706,27.5209],[79.2527,27.5215],[79.2451,27.5259],[79.2369,27.5272],[79.226,27.5358],[79.2256,27.5431],[79.2272,27.5478],[79.2266,27.5536],[79.2236,27.5738],[79.2206,27.5764],[79.2165,27.5782],[79.2037,27.5818],[79.1901,27.5829],[79.1834,27.582],[79.175,27.5843],[79.1768,27.5857],[79.1729,27.5878],[79.1732,27.5888],[79.1766,27.5916],[79.1848,27.6017],[79.1855,27.6057],[79.1843,27.6082],[79.1841,27.6133],[79.1804,27.615],[79.1701,27.6157],[79.1588,27.6241],[79.146,27.6286],[79.1342,27.6318],[79.1325,27.6335],[79.132,27.6362],[79.136,27.6387],[79.1385,27.6424],[79.1345,27.6592],[79.1345,27.6635],[79.1365,27.668],[79.1324,27.6782],[79.1242,27.6824],[79.1243,27.6825],[79.1245,27.6847],[79.1258,27.6865],[79.1326,27.6923],[79.1357,27.7026],[79.143,27.704],[79.1452,27.7007],[79.1495,27.7015],[79.1541,27.7008],[79.1602,27.7046],[79.1655,27.7058],[79.1727,27.7056],[79.1752,27.7063],[79.1832,27.7142],[79.195,27.713],[79.2093,27.707]]]},"properties":{"district_name":"Farrukhabad","raw_district_name":"Farrukhabad","state_code":"UP","state_name":"Uttar Pradesh","census_code":159,"data_source":"DataMeet India Maps (Census 2011 Boundaries)"}},{"type":"Feature","geometry":{"type":"Polygon","coordinates":[[[80.6761,26.1213],[80.6765,26.1124],[80.6766,26.1047],[80.6839,26.0988],[80.6938,26.0942],[80.7083,26.0866],[80.7355,26.0806],[80.748,26.0765],[80.761,26.073],[80.7674,26.0686],[80.7813,26.0583],[80.7893,26.052],[80.8015,26.0413],[80.8115,26.0329],[80.8264,26.0304],[80.8413,26.0347],[80.8516,26.0364],[80.8618,26.0419],[80.8663,26.044],[80.8766,26.0458],[80.8893,26.0543],[80.8926,26.0549],[80.9091,26.0546],[80.9183,26.054],[80.9402,26.0657],[80.9495,26.0658],[80.9667,26.0672],[80.9719,26.0684],[80.977,26.0667],[80.9786,26.0641],[80.9889,26.0653],[81,26.0675],[81.0136,26.0651],[81.0193,26.0634],[81.023,26.0603],[81.031,26.0563],[81.0377,26.0509],[81.0411,26.0473],[81.0486,26.0349],[81.0595,26.0212],[81.0658,26.0155],[81.0641,26.0111],[81.0636,26.0057],[81.0679,26.0002],[81.0719,25.9967],[81.0956,25.9844],[81.0991,25.9812],[81.1044,25.9808],[81.1181,25.9728],[81.1147,25.9581],[81.1164,25.9549],[81.1318,25.9493],[81.1367,25.9499],[81.1421,25.9495],[81.1509,25.9474],[81.1658,25.9452],[81.1683,25.9421],[81.1645,25.937],[81.1677,25.9348],[81.1743,25.9346],[81.1808,25.9333],[81.2027,25.9351],[81.2032,25.9272],[81.2105,25.9275],[81.2166,25.9264],[81.2172,25.9206],[81.2157,25.9131],[81.2174,25.8973],[81.2199,25.8847],[81.2199,25.8769],[81.221,25.874],[81.2245,25.8697],[81.2283,25.8661],[81.2319,25.8644],[81.2335,25.8611],[81.2391,25.8574],[81.2574,25.8528],[81.2732,25.8467],[81.2824,25.8452],[81.2886,25.8455],[81.2968,25.8437],[81.3101,25.8345],[81.3283,25.8199],[81.3358,25.8104],[81.3368,25.8101],[81.3348,25.8059],[81.3344,25.7982],[81.3328,25.7936],[81.3271,25.7956],[81.3236,25.7925],[81.3165,25.7843],[81.3149,25.7814],[81.3165,25.7774],[81.3157,25.7722],[81.3066,25.7727],[81.305,25.7685],[81.3023,25.7679],[81.294,25.7683],[81.2929,25.7642],[81.2883,25.7645],[81.2863,25.7638],[81.2857,25.7602],[81.2808,25.7589],[81.2764,25.7603],[81.2691,25.753],[81.2622,25.752],[81.2581,25.7542],[81.254,25.7589],[81.2513,25.7604],[81.2436,25.75],[81.2458,25.7481],[81.2413,25.7457],[81.2374,25.7419],[81.2386,25.7392],[81.2387,25.7362],[81.2356,25.7309],[81.232,25.7186],[81.2298,25.7154],[81.2261,25.7149],[81.216,25.7218],[81.2088,25.722],[81.2023,25.7206],[81.2012,25.7193],[81.202,25.7153],[81.1983,25.7046],[81.1985,25.7006],[81.2045,25.6949],[81.2062,25.6903],[81.206,25.6837],[81.2117,25.6836],[81.2218,25.6879],[81.2262,25.6873],[81.2274,25.6866],[81.2286,25.682],[81.2297,25.6811],[81.2385,25.6808],[81.2404,25.6759],[81.239,25.674],[81.235,25.6729],[81.2312,25.6709],[81.221,25.6723],[81.2167,25.6703],[81.2186,25.6664],[81.219,25.6622],[81.2172,25.6536],[81.2161,25.6502],[81.2131,25.6485],[81.2107,25.645],[81.2115,25.642],[81.2156,25.6391],[81.2189,25.6379],[81.2165,25.6284],[81.2164,25.6128],[81.2131,25.606],[81.211,25.5994],[81.211,25.5964],[81.22,25.5953],[81.226,25.5949],[81.2304,25.593],[81.2341,25.5911],[81.2343,25.5882],[81.2361,25.5854],[81.2424,25.5845],[81.2398,25.5765],[81.2446,25.5735],[81.2486,25.5731],[81.2472,25.5695],[81.2548,25.5626],[81.2579,25.5552],[81.2568,25.5502],[81.2579,25.549],[81.2601,25.5488],[81.263,25.5442],[81.2602,25.5288],[81.2585,25.5236],[81.2543,25.5239],[81.2533,25.5221],[81.2528,25.5166],[81.2537,25.5139],[81.2602,25.5103],[81.2712,25.5074],[81.2706,25.4991],[81.2674,25.4965],[81.2663,25.4933],[81.2599,25.488],[81.2569,25.4884],[81.2524,25.4906],[81.2497,25.489],[81.2459,25.4824],[81.2399,25.4836],[81.237,25.482],[81.2358,25.4785],[81.2358,25.4746],[81.2289,25.4719],[81.2279,25.4704],[81.2298,25.4669],[81.2281,25.4609],[81.2192,25.4468],[81.2233,25.4434],[81.222,25.4412],[81.219,25.4399],[81.2133,25.4431],[81.207,25.4479],[81.1927,25.4524],[81.1963,25.4603],[81.1956,25.4776],[81.1914,25.4875],[81.1835,25.4898],[81.1742,25.4948],[81.1651,25.4978],[81.1601,25.5014],[81.1547,25.504],[81.1506,25.5053],[81.1273,25.5097],[81.1164,25.514],[81.0997,25.5168],[81.0943,25.5171],[81.0865,25.5165],[81.068,25.5208],[81.0628,25.5213],[81.0513,25.5248],[81.0456,25.5269],[81.0353,25.5324],[81.0266,25.5392],[81.0223,25.5441],[81.0222,25.5443],[81.0212,25.5454],[81.0132,25.5545],[81.0014,25.5635],[81,25.5711],[81.0027,25.5738],[81.0065,25.5763],[81.026,25.5838],[81.0338,25.5922],[81.0338,25.5922],[81.0389,25.6122],[81.0394,25.6173],[81.0395,25.6177],[81.0395,25.6177],[81.039,25.6223],[81.0373,25.6261],[81.035,25.6289],[81.0305,25.6328],[81.0255,25.6341],[81.0255,25.6341],[81.0196,25.6328],[81.0196,25.6328],[81,25.6213],[80.9805,25.6146],[80.9737,25.6107],[80.9713,25.6085],[80.9657,25.6073],[80.9657,25.6073],[80.9588,25.608],[80.9479,25.6208],[80.9456,25.6269],[80.9449,25.6341],[80.9449,25.6341],[80.9453,25.6421],[80.9473,25.6476],[80.9473,25.6476],[80.9503,25.6628],[80.9505,25.6687],[80.9505,25.6689],[80.9505,25.6689],[80.9497,25.6747],[80.9497,25.6747],[80.9476,25.6803],[80.9476,25.6803],[80.947,25.681],[80.9432,25.6853],[80.9367,25.6872],[80.9318,25.686],[80.92,25.6812],[80.9024,25.677],[80.9024,25.677],[80.8859,25.6756],[80.8798,25.6743],[80.8698,25.6737],[80.8628,25.6758],[80.8592,25.6807],[80.8577,25.6887],[80.8577,25.6887],[80.8557,25.6925],[80.8516,25.7004],[80.8478,25.7197],[80.8452,25.7236],[80.8359,25.7274],[80.8281,25.7237],[80.8221,25.7184],[80.8221,25.7184],[80.8198,25.7156],[80.8145,25.7088],[80.8111,25.7061],[80.8048,25.7009],[80.7965,25.6958],[80.7845,25.6903],[80.7674,25.6841],[80.7573,25.6821],[80.743,25.6807],[80.7323,25.6815],[80.72,25.6807],[80.7121,25.683],[80.7121,25.683],[80.6944,25.6913],[80.6944,25.6913],[80.6782,25.6935],[80.6771,25.6938],[80.6711,25.6953],[80.6711,25.6953],[80.6542,25.7018],[80.6294,25.7044],[80.6212,25.7071],[80.6134,25.7073],[80.6071,25.7065],[80.6071,25.7065],[80.5998,25.7075],[80.5998,25.7075],[80.5913,25.7103],[80.5854,25.714],[80.5819,25.7154],[80.5776,25.7172],[80.5701,25.7211],[80.5602,25.7263],[80.5557,25.7346],[80.5574,25.7381],[80.5747,25.7615],[80.5798,25.7731],[80.5798,25.7731],[80.5802,25.7801],[80.5764,25.783],[80.5444,25.7771],[80.5316,25.7758],[80.5233,25.7768],[80.499,25.7865],[80.494,25.7898],[80.4809,25.8005],[80.4723,25.8061],[80.4693,25.8101],[80.4653,25.8182],[80.4643,25.8223],[80.4713,25.8307],[80.4817,25.8334],[80.5044,25.8344],[80.5139,25.8331],[80.5297,25.8339],[80.5357,25.8352],[80.5488,25.844],[80.552,25.8489],[80.5536,25.8552],[80.5567,25.8622],[80.5564,25.8667],[80.5564,25.8667],[80.5531,25.8686],[80.5531,25.8686],[80.5468,25.8692],[80.5407,25.872],[80.5321,25.8746],[80.5133,25.8766],[80.5064,25.8779],[80.5064,25.8779],[80.4711,25.892],[80.4569,25.8986],[80.4569,25.8986],[80.4387,25.9031],[80.4387,25.9031],[80.4207,25.9065],[80.4089,25.907],[80.4084,25.907],[80.4084,25.907],[80.4019,25.9087],[80.4019,25.9087],[80.4001,25.909],[80.3894,25.9106],[80.3655,25.9053],[80.3512,25.8995],[80.3502,25.8987],[80.3468,25.8962],[80.3226,25.8879],[80.3145,25.8873],[80.3082,25.8891],[80.3013,25.8934],[80.2954,25.8998],[80.2848,25.9191],[80.2789,25.9254],[80.2716,25.9307],[80.2642,25.9309],[80.2464,25.9249],[80.2368,25.9225],[80.2346,25.9278],[80.2274,25.9576],[80.2249,25.9605],[80.2174,25.9627],[80.2156,25.9677],[80.2172,25.9717],[80.2232,25.975],[80.2291,25.976],[80.2447,25.9868],[80.248,25.9903],[80.2495,26.0006],[80.2502,26.0074],[80.2529,26.0122],[80.2562,26.0185],[80.2604,26.021],[80.2541,26.0254],[80.2602,26.0315],[80.2565,26.0349],[80.2574,26.0382],[80.2613,26.0401],[80.256,26.0452],[80.2591,26.0475],[80.2631,26.0484],[80.2657,26.0547],[80.2684,26.0552],[80.2712,26.0606],[80.274,26.0602],[80.2831,26.0563],[80.2912,26.0662],[80.2929,26.0658],[80.3024,26.0605],[80.3134,26.0726],[80.3141,26.0834],[80.3156,26.0858],[80.3216,26.0907],[80.3203,26.1033],[80.3244,26.1135],[80.3286,26.1153],[80.3328,26.1153],[80.3421,26.1246],[80.3553,26.1255],[80.3639,26.1373],[80.3723,26.1407],[80.3857,26.1426],[80.3894,26.1445],[80.402,26.1568],[80.4081,26.161],[80.4128,26.1614],[80.4311,26.1538],[80.4334,26.1551],[80.432,26.1648],[80.4454,26.1691],[80.4502,26.1801],[80.4735,26.1818],[80.4747,26.1808],[80.481,26.1772],[80.4827,26.1798],[80.4832,26.1836],[80.4925,26.1919],[80.4986,26.1941],[80.5025,26.1927],[80.5099,26.1882],[80.5153,26.1871],[80.5211,26.1881],[80.5246,26.1913],[80.5206,26.1929],[80.5237,26.1987],[80.5306,26.1983],[80.5389,26.1973],[80.5421,26.199],[80.5445,26.2019],[80.5409,26.2047],[80.5421,26.2145],[80.5458,26.2205],[80.5564,26.2234],[80.5671,26.2267],[80.57,26.2243],[80.5782,26.2218],[80.5855,26.2225],[80.591,26.2222],[80.5964,26.2247],[80.6023,26.2244],[80.608,26.2181],[80.611,26.2072],[80.6109,26.1976],[80.6094,26.1904],[80.604,26.1777],[80.6045,26.1718],[80.6145,26.1516],[80.6185,26.1495],[80.628,26.1476],[80.6345,26.1468],[80.6431,26.1478],[80.649,26.1484],[80.6542,26.1473],[80.6584,26.1448],[80.6624,26.1387],[80.6659,26.1339],[80.6719,26.1299],[80.6761,26.1213]]]},"properties":{"district_name":"Fatehpur","raw_district_name":"Fatehpur","state_code":"UP","state_name":"Uttar Pradesh","census_code":172,"data_source":"DataMeet India Maps (Census 2011 Boundaries)"}},{"type":"Feature","geometry":{"type":"Polygon","coordinates":[[[78.7339,27.3357],[78.7323,27.3343],[78.7296,27.3319],[78.7273,27.3247],[78.7281,27.3198],[78.73,27.3155],[78.7309,27.308],[78.7342,27.3025],[78.735,27.2945],[78.7229,27.2917],[78.714,27.2884],[78.7134,27.284],[78.7237,27.2798],[78.7426,27.2734],[78.7474,27.2691],[78.7465,27.2672],[78.7445,27.2631],[78.7423,27.2587],[78.7415,27.2572],[78.742,27.2557],[78.7437,27.2509],[78.7524,27.2512],[78.7547,27.2491],[78.7543,27.2384],[78.7605,27.2334],[78.7744,27.2291],[78.7738,27.2219],[78.7642,27.2176],[78.7617,27.2142],[78.7607,27.2088],[78.7627,27.2018],[78.7649,27.1991],[78.7711,27.1913],[78.7733,27.1879],[78.7739,27.1862],[78.7755,27.1832],[78.7783,27.1719],[78.7808,27.1667],[78.7833,27.1625],[78.7857,27.1586],[78.7892,27.1535],[78.8002,27.1456],[78.8042,27.1442],[78.8157,27.1401],[78.8179,27.1393],[78.8193,27.1388],[78.8206,27.1329],[78.8174,27.1276],[78.8123,27.1252],[78.8075,27.1248],[78.8058,27.1243],[78.8028,27.1235],[78.8009,27.1234],[78.7956,27.1233],[78.7874,27.1232],[78.7872,27.1147],[78.7881,27.1114],[78.7846,27.1059],[78.7832,27.1037],[78.7816,27.1012],[78.7857,27.0959],[78.7858,27.0927],[78.7822,27.09],[78.7811,27.0864],[78.7868,27.0797],[78.7869,27.0771],[78.7854,27.069],[78.7853,27.0686],[78.7853,27.0684],[78.7868,27.062],[78.7851,27.0564],[78.7804,27.0499],[78.7806,27.0469],[78.7814,27.0444],[78.7817,27.0436],[78.7847,27.0393],[78.7851,27.0388],[78.786,27.0299],[78.7885,27.0206],[78.7897,27.0161],[78.7939,27.0133],[78.8029,27.0072],[78.804,27.0035],[78.7999,26.9971],[78.7983,26.9919],[78.8008,26.9849],[78.8051,26.9853],[78.815,26.9861],[78.8177,26.9867],[78.8192,26.987],[78.8235,26.9879],[78.829,26.9859],[78.8295,26.9831],[78.8306,26.9823],[78.83,26.9809],[78.8306,26.9779],[78.8227,26.9631],[78.8223,26.9623],[78.8182,26.9557],[78.8182,26.9557],[78.8077,26.9586],[78.8024,26.9553],[78.8004,26.9523],[78.7975,26.9523],[78.7858,26.9452],[78.7799,26.9446],[78.775,26.9451],[78.7703,26.9427],[78.7548,26.9201],[78.7488,26.9143],[78.7419,26.9183],[78.7375,26.9201],[78.7349,26.9201],[78.7291,26.9024],[78.7272,26.8998],[78.7236,26.8985],[78.719,26.8982],[78.7151,26.9],[78.712,26.9046],[78.7097,26.9115],[78.7075,26.9155],[78.7022,26.9138],[78.695,26.9104],[78.6827,26.9177],[78.6764,26.9167],[78.6741,26.913],[78.6733,26.9042],[78.6746,26.8981],[78.6761,26.8898],[78.6758,26.8837],[78.6735,26.8783],[78.6687,26.8773],[78.6627,26.8801],[78.6567,26.881],[78.6505,26.8794],[78.645,26.8792],[78.6387,26.8817],[78.6368,26.885],[78.634,26.9045],[78.6329,26.9073],[78.6216,26.9145],[78.6195,26.919],[78.619,26.923],[78.6218,26.9344],[78.6243,26.9393],[78.6233,26.942],[78.6196,26.9459],[78.6117,26.9489],[78.6018,26.9488],[78.5994,26.9457],[78.6002,26.9419],[78.6089,26.9289],[78.6093,26.9246],[78.6074,26.9203],[78.6044,26.919],[78.6011,26.9198],[78.593,26.925],[78.5762,26.9436],[78.5741,26.9496],[78.5761,26.9616],[78.5733,26.9632],[78.5504,26.9606],[78.5456,26.9618],[78.5337,26.9715],[78.5269,26.9757],[78.5197,26.9758],[78.5168,26.9661],[78.526,26.9594],[78.5281,26.9548],[78.5288,26.9388],[78.531,26.937],[78.5367,26.9367],[78.5415,26.9348],[78.545,26.928],[78.5442,26.9228],[78.5406,26.9187],[78.5351,26.9171],[78.5296,26.9173],[78.5239,26.9211],[78.5207,26.9284],[78.5186,26.9374],[78.5183,26.9492],[78.5163,26.9572],[78.5129,26.9603],[78.5084,26.9612],[78.4957,26.9613],[78.49,26.9633],[78.4872,26.966],[78.4864,26.9709],[78.4879,26.9806],[78.4875,26.9855],[78.4827,26.9938],[78.4773,26.9922],[78.4637,26.9848],[78.4581,26.9836],[78.4519,26.984],[78.45,26.9882],[78.4518,27.0008],[78.4497,27.0073],[78.4387,27.0195],[78.4355,27.0254],[78.4334,27.0413],[78.4285,27.0466],[78.4216,27.0501],[78.4138,27.0518],[78.3977,27.0535],[78.392,27.0559],[78.3852,27.0609],[78.3783,27.0675],[78.3658,27.0779],[78.3641,27.0792],[78.3607,27.0779],[78.3601,27.0779],[78.351,27.0714],[78.3353,27.0728],[78.3321,27.0709],[78.3213,27.0538],[78.3177,27.0514],[78.3131,27.0515],[78.312,27.0555],[78.3134,27.0623],[78.3138,27.0705],[78.3119,27.0839],[78.3133,27.0905],[78.316,27.094],[78.3222,27.0966],[78.3288,27.0965],[78.3358,27.0978],[78.3383,27.1001],[78.3418,27.1052],[78.3456,27.1085],[78.3525,27.1093],[78.3597,27.1074],[78.3669,27.1083],[78.3712,27.1116],[78.3734,27.1168],[78.3729,27.1196],[78.3696,27.1217],[78.3575,27.1238],[78.344,27.1251],[78.3384,27.1211],[78.3324,27.1121],[78.3281,27.1078],[78.323,27.1065],[78.3206,27.1105],[78.3183,27.1208],[78.3155,27.1223],[78.3109,27.123],[78.3053,27.1221],[78.2992,27.1198],[78.2978,27.1171],[78.2963,27.1075],[78.2959,27.1024],[78.297,27.0928],[78.2961,27.0872],[78.2928,27.0818],[78.2842,27.0795],[78.2786,27.0803],[78.2746,27.084],[78.2692,27.0935],[78.2677,27.0982],[78.263,27.1038],[78.2584,27.1074],[78.2546,27.1092],[78.2498,27.1099],[78.2448,27.109],[78.2427,27.1062],[78.2423,27.1034],[78.2434,27.1003],[78.2528,27.0965],[78.2581,27.0932],[78.26,27.0875],[78.2602,27.0812],[78.2567,27.0769],[78.242,27.0719],[78.234,27.0719],[78.2291,27.0726],[78.2268,27.0757],[78.2293,27.0896],[78.2288,27.0932],[78.2259,27.0968],[78.2087,27.105],[78.2025,27.1155],[78.2005,27.1193],[78.2005,27.1248],[78.2026,27.1298],[78.2146,27.1456],[78.2178,27.1512],[78.2197,27.1566],[78.2196,27.1608],[78.2175,27.1665],[78.2142,27.1716],[78.2085,27.1779],[78.206,27.1807],[78.2057,27.1808],[78.2081,27.1888],[78.2036,27.1978],[78.2063,27.2103],[78.2102,27.2158],[78.2121,27.2153],[78.2133,27.2163],[78.228,27.2113],[78.2347,27.2163],[78.2227,27.2284],[78.2204,27.2402],[78.2404,27.2548],[78.2388,27.2582],[78.2219,27.2603],[78.2207,27.2607],[78.2157,27.2611],[78.2131,27.2634],[78.2145,27.2693],[78.2226,27.274],[78.2239,27.2804],[78.2207,27.2872],[78.2206,27.2931],[78.222,27.299],[78.213,27.3067],[78.213,27.3108],[78.2154,27.3126],[78.2164,27.315],[78.2198,27.3157],[78.222,27.3173],[78.2282,27.3175],[78.2318,27.3125],[78.2403,27.2994],[78.2495,27.301],[78.2514,27.3074],[78.2585,27.3103],[78.2621,27.309],[78.2686,27.2987],[78.2829,27.3002],[78.2835,27.3005],[78.2897,27.3081],[78.286,27.3127],[78.286,27.3128],[78.286,27.3127],[78.2885,27.3104],[78.2911,27.3099],[78.3003,27.3081],[78.305,27.3107],[78.3113,27.3131],[78.3152,27.3173],[78.3205,27.3251],[78.3201,27.3324],[78.3219,27.3359],[78.3239,27.3371],[78.3351,27.3304],[78.3394,27.3324],[78.3452,27.3397],[78.3535,27.3471],[78.3608,27.3453],[78.3656,27.3432],[78.3654,27.3411],[78.367,27.3348],[78.3715,27.332],[78.3755,27.333],[78.3851,27.3377],[78.3852,27.3417],[78.3879,27.3469],[78.3879,27.3577],[78.3921,27.3668],[78.3977,27.3675],[78.4004,27.3708],[78.4077,27.3681],[78.4124,27.3689],[78.4333,27.361],[78.438,27.3606],[78.4467,27.37],[78.4509,27.3714],[78.4584,27.3726],[78.4705,27.3555],[78.4724,27.3491],[78.4755,27.3447],[78.4791,27.3418],[78.4871,27.3488],[78.4902,27.3533],[78.4843,27.3563],[78.4842,27.3578],[78.488,27.361],[78.4904,27.3653],[78.4867,27.3714],[78.4847,27.3785],[78.485,27.382],[78.4922,27.3861],[78.4916,27.3934],[78.4885,27.393],[78.4853,27.394],[78.4752,27.4024],[78.4729,27.4089],[78.4678,27.4157],[78.4661,27.4207],[78.4672,27.4255],[78.4725,27.4284],[78.4772,27.4286],[78.4808,27.4249],[78.487,27.4241],[78.4923,27.4244],[78.4962,27.4293],[78.5092,27.4406],[78.5059,27.4553],[78.5085,27.4587],[78.5137,27.4625],[78.516,27.4623],[78.5199,27.4591],[78.5223,27.4558],[78.5243,27.4499],[78.5351,27.4485],[78.5388,27.4439],[78.5429,27.4416],[78.5451,27.4415],[78.5561,27.4563],[78.5556,27.4584],[78.5576,27.4627],[78.5608,27.4645],[78.5643,27.4707],[78.5694,27.4736],[78.5834,27.4741],[78.5865,27.4751],[78.5882,27.477],[78.588,27.4816],[78.5893,27.4905],[78.5923,27.4941],[78.5944,27.4939],[78.5999,27.5001],[78.5981,27.5067],[78.6071,27.5097],[78.6184,27.5058],[78.6202,27.5042],[78.6205,27.5029],[78.6242,27.5023],[78.6258,27.4973],[78.6308,27.4893],[78.6361,27.4905],[78.6467,27.489],[78.6516,27.4918],[78.6565,27.49],[78.6615,27.4902],[78.6641,27.4862],[78.6657,27.4812],[78.6656,27.4737],[78.6608,27.4717],[78.6505,27.4598],[78.6498,27.4534],[78.6448,27.4367],[78.6414,27.4324],[78.6437,27.4276],[78.6445,27.4217],[78.6455,27.4196],[78.664,27.4188],[78.6713,27.4168],[78.673,27.414],[78.6754,27.4027],[78.6774,27.3974],[78.6756,27.3948],[78.6769,27.3926],[78.6798,27.3917],[78.6837,27.388],[78.6865,27.3838],[78.6958,27.3801],[78.7046,27.3789],[78.7171,27.3758],[78.72,27.3655],[78.7197,27.3489],[78.7209,27.3437],[78.7265,27.3424],[78.7304,27.3403],[78.7327,27.3367],[78.7339,27.3357]]]},"properties":{"district_name":"Firozabad","raw_district_name":"Firozabad","state_code":"UP","state_name":"Uttar Pradesh","census_code":147,"data_source":"DataMeet India Maps (Census 2011 Boundaries)"}},{"type":"Feature","geometry":{"type":"Polygon","coordinates":[[[77.6983,28.28],[77.6965,28.2784],[77.678,28.2644],[77.6801,28.2599],[77.6827,28.2559],[77.6828,28.2525],[77.6828,28.2491],[77.6867,28.248],[77.7022,28.2482],[77.7081,28.245],[77.708,28.2402],[77.7033,28.2293],[77.7034,28.2291],[77.7019,28.2282],[77.6976,28.2161],[77.6972,28.2053],[77.6995,28.1881],[77.7028,28.1813],[77.7042,28.1799],[77.7039,28.1796],[77.7075,28.1682],[77.7082,28.1681],[77.7093,28.1662],[77.7165,28.1712],[77.7183,28.1815],[77.722,28.1919],[77.7308,28.2006],[77.7347,28.2012],[77.7523,28.1929],[77.7595,28.1856],[77.7648,28.1788],[77.7578,28.1752],[77.75,28.174],[77.745,28.1699],[77.7393,28.1601],[77.7368,28.1567],[77.7311,28.152],[77.7297,28.1511],[77.7296,28.1452],[77.7209,28.1438],[77.71,28.1397],[77.707,28.1299],[77.7071,28.1208],[77.7015,28.1144],[77.6944,28.1103],[77.6823,28.105],[77.6752,28.1046],[77.6739,28.1085],[77.6653,28.1093],[77.6622,28.1109],[77.6583,28.1119],[77.6535,28.1038],[77.6485,28.1018],[77.6469,28.097],[77.6442,28.0938],[77.6416,28.0937],[77.6348,28.0976],[77.6323,28.0981],[77.6234,28.0972],[77.6193,28.0945],[77.6152,28.102],[77.6146,28.1013],[77.6087,28.1084],[77.6025,28.1012],[77.5976,28.0985],[77.5958,28.0966],[77.592,28.0961],[77.5838,28.091],[77.5764,28.0812],[77.5725,28.0794],[77.5545,28.0795],[77.5492,28.0787],[77.5389,28.0808],[77.5259,28.0767],[77.5183,28.0799],[77.5074,28.0761],[77.501,28.0757],[77.4966,28.0777],[77.4911,28.0783],[77.4794,28.0781],[77.4783,28.0803],[77.4825,28.0981],[77.4842,28.0986],[77.4877,28.1023],[77.4922,28.1022],[77.4955,28.0917],[77.4996,28.0896],[77.5017,28.0923],[77.5032,28.0966],[77.5027,28.1025],[77.5008,28.107],[77.5089,28.1169],[77.5091,28.1217],[77.508,28.13],[77.4974,28.1331],[77.4967,28.1358],[77.4994,28.1387],[77.5048,28.1401],[77.5059,28.1542],[77.5084,28.1573],[77.5211,28.1592],[77.5212,28.1592],[77.5413,28.1646],[77.552,28.176],[77.5476,28.1852],[77.5398,28.1873],[77.5304,28.1861],[77.5152,28.1898],[77.5111,28.1815],[77.5017,28.1794],[77.5002,28.1874],[77.4987,28.2063],[77.5072,28.2074],[77.5202,28.2007],[77.5224,28.196],[77.5287,28.1961],[77.5329,28.2015],[77.5312,28.2117],[77.5267,28.2157],[77.5252,28.2241],[77.5453,28.2348],[77.5509,28.2421],[77.5485,28.2487],[77.5347,28.2478],[77.5219,28.2487],[77.5213,28.2489],[77.5203,28.2492],[77.5117,28.2522],[77.4967,28.2561],[77.4769,28.2641],[77.4745,28.2718],[77.4819,28.2756],[77.4978,28.2735],[77.5024,28.275],[77.5045,28.287],[77.5039,28.2946],[77.5055,28.3014],[77.4916,28.318],[77.4833,28.3222],[77.4757,28.3283],[77.4735,28.3324],[77.4762,28.3356],[77.495,28.3446],[77.504,28.3526],[77.5019,28.3639],[77.4957,28.3741],[77.4794,28.3887],[77.4767,28.3941],[77.4837,28.3982],[77.4844,28.4079],[77.4786,28.4119],[77.466,28.4154],[77.4614,28.4193],[77.4539,28.4234],[77.4459,28.426],[77.4382,28.4385],[77.4357,28.449],[77.4281,28.4502],[77.428,28.4502],[77.4182,28.45],[77.4077,28.4531],[77.4047,28.4572],[77.4099,28.4611],[77.4078,28.4656],[77.3981,28.4673],[77.3859,28.4706],[77.3831,28.4725],[77.3793,28.4751],[77.374,28.4801],[77.3739,28.4874],[77.3704,28.4923],[77.3531,28.4981],[77.3477,28.5035],[77.3468,28.5102],[77.3442,28.5148],[77.3439,28.5152],[77.3429,28.5162],[77.3404,28.5186],[77.3365,28.5238],[77.3314,28.5304],[77.3248,28.536],[77.3206,28.5382],[77.3144,28.5437],[77.313,28.545],[77.3051,28.5557],[77.3038,28.5613],[77.3036,28.5743],[77.3048,28.5768],[77.3049,28.577],[77.3152,28.5891],[77.3156,28.5896],[77.3172,28.5914],[77.32,28.5935],[77.3234,28.594],[77.327,28.5945],[77.3379,28.5994],[77.3432,28.6012],[77.3463,28.6034],[77.3476,28.612],[77.3472,28.6164],[77.3443,28.6215],[77.3406,28.6259],[77.3363,28.628],[77.3311,28.6306],[77.326,28.6354],[77.324,28.6374],[77.3237,28.6377],[77.3213,28.6392],[77.3232,28.6412],[77.3254,28.6459],[77.3255,28.6557],[77.3255,28.6564],[77.3256,28.6578],[77.3277,28.6662],[77.3277,28.6665],[77.328,28.6724],[77.3281,28.6739],[77.3281,28.6739],[77.3356,28.677],[77.3358,28.6774],[77.3373,28.6797],[77.3373,28.6797],[77.3407,28.6779],[77.3426,28.6753],[77.3553,28.6745],[77.3583,28.6761],[77.3644,28.6769],[77.3661,28.68],[77.3682,28.6796],[77.3741,28.6816],[77.3795,28.6814],[77.3834,28.6779],[77.3871,28.6767],[77.3956,28.6803],[77.4011,28.6807],[77.4069,28.6788],[77.4111,28.6739],[77.4084,28.6698],[77.4039,28.6653],[77.3996,28.6546],[77.4023,28.6496],[77.4006,28.6382],[77.401,28.6354],[77.4046,28.632],[77.4058,28.6287],[77.4191,28.627],[77.4272,28.6235],[77.4361,28.6208],[77.4431,28.6217],[77.4493,28.6249],[77.4638,28.6324],[77.4681,28.6303],[77.4712,28.6267],[77.4752,28.6255],[77.4825,28.6293],[77.4865,28.6327],[77.4996,28.6409],[77.5037,28.6445],[77.5063,28.6448],[77.5141,28.6402],[77.5178,28.6413],[77.5195,28.6453],[77.5219,28.6471],[77.5249,28.6469],[77.5285,28.6453],[77.529,28.6431],[77.533,28.6408],[77.5356,28.6403],[77.5407,28.6352],[77.5429,28.6315],[77.5495,28.6327],[77.5521,28.6305],[77.5505,28.6272],[77.5567,28.6209],[77.5641,28.6163],[77.5666,28.6164],[77.5731,28.6242],[77.5762,28.6264],[77.5793,28.6261],[77.5972,28.6166],[77.6042,28.6105],[77.6082,28.6022],[77.609,28.5958],[77.6102,28.5938],[77.6227,28.5808],[77.6252,28.5755],[77.6341,28.5788],[77.6392,28.5822],[77.6441,28.5876],[77.6555,28.595],[77.6578,28.5941],[77.6635,28.5903],[77.6705,28.5832],[77.676,28.5761],[77.6787,28.5631],[77.681,28.5584],[77.6836,28.5554],[77.6885,28.5519],[77.6908,28.5477],[77.6913,28.5468],[77.6925,28.5382],[77.6953,28.53],[77.6912,28.5277],[77.6889,28.5252],[77.6882,28.5189],[77.6901,28.5127],[77.6903,28.5083],[77.6738,28.5023],[77.6725,28.4992],[77.6725,28.4959],[77.6686,28.4935],[77.6607,28.4913],[77.6583,28.4866],[77.6576,28.4852],[77.6534,28.4846],[77.6527,28.4846],[77.6487,28.4849],[77.6471,28.4834],[77.6471,28.4834],[77.6442,28.4808],[77.6391,28.4782],[77.6396,28.4756],[77.6422,28.4617],[77.6381,28.4353],[77.6439,28.4274],[77.6451,28.422],[77.6432,28.409],[77.6481,28.3999],[77.6593,28.3931],[77.6668,28.3961],[77.669,28.4184],[77.6715,28.4285],[77.6818,28.4334],[77.6885,28.4269],[77.6867,28.4114],[77.6787,28.3918],[77.6826,28.3756],[77.6917,28.3712],[77.6942,28.3706],[77.6949,28.3636],[77.6964,28.3527],[77.6971,28.3482],[77.6959,28.3447],[77.6889,28.3423],[77.6837,28.3405],[77.676,28.3376],[77.6748,28.3341],[77.6742,28.3318],[77.6742,28.3301],[77.68,28.3325],[77.689,28.336],[77.6948,28.335],[77.6975,28.3299],[77.6969,28.3247],[77.697,28.3207],[77.6906,28.3201],[77.6835,28.3188],[77.6829,28.3137],[77.6837,28.3057],[77.6845,28.3011],[77.6852,28.2954],[77.6872,28.2914],[77.6976,28.2904],[77.7034,28.2905],[77.7047,28.2865],[77.702,28.2841],[77.701,28.2845],[77.6983,28.2824],[77.6983,28.28]]]},"properties":{"district_name":"Gautam Buddha Nagar","raw_district_name":"Gautam Buddha Nagar","state_code":"UP","state_name":"Uttar Pradesh","census_code":141,"data_source":"DataMeet India Maps (Census 2011 Boundaries)"}},{"type":"Feature","geometry":{"type":"Polygon","coordinates":[[[77.4925,28.8996],[77.4981,28.8959],[77.5084,28.9007],[77.5186,28.8943],[77.5307,28.8913],[77.5357,28.8882],[77.549,28.89],[77.5528,28.894],[77.5583,28.8958],[77.5637,28.8921],[77.5708,28.8886],[77.5811,28.8881],[77.5869,28.8928],[77.591,28.8911],[77.5941,28.8786],[77.5972,28.8746],[77.6188,28.8787],[77.624,28.8788],[77.6554,28.8788],[77.6595,28.8757],[77.6591,28.8724],[77.6603,28.8686],[77.665,28.8683],[77.6753,28.8711],[77.681,28.8754],[77.687,28.8771],[77.6932,28.875],[77.6966,28.8685],[77.6976,28.8634],[77.7002,28.8579],[77.704,28.8541],[77.7071,28.8482],[77.7045,28.8457],[77.7076,28.8368],[77.7067,28.8321],[77.7029,28.8236],[77.716,28.8134],[77.7181,28.809],[77.718,28.7999],[77.7167,28.792],[77.7176,28.7906],[77.7172,28.7875],[77.71,28.7825],[77.7019,28.7753],[77.6955,28.7753],[77.6933,28.7711],[77.6921,28.7648],[77.6897,28.7627],[77.6909,28.7579],[77.6952,28.7518],[77.6976,28.7433],[77.6996,28.741],[77.7035,28.7389],[77.7087,28.739],[77.714,28.7403],[77.7283,28.7363],[77.7325,28.7364],[77.7375,28.7419],[77.7468,28.7481],[77.7518,28.7495],[77.7569,28.7481],[77.7617,28.7481],[77.7659,28.7535],[77.7681,28.7565],[77.7784,28.7593],[77.7823,28.7613],[77.7858,28.7645],[77.7878,28.7673],[77.7874,28.7699],[77.7846,28.7737],[77.7837,28.7763],[77.7891,28.7831],[77.7925,28.7859],[77.7974,28.7869],[77.8039,28.7841],[77.8097,28.7857],[77.812,28.7929],[77.8242,28.7938],[77.8288,28.7973],[77.8434,28.7988],[77.8462,28.8025],[77.8542,28.8014],[77.8681,28.7946],[77.8715,28.7998],[77.8693,28.8088],[77.8701,28.8166],[77.8681,28.8224],[77.8713,28.8287],[77.8667,28.8304],[77.8612,28.8339],[77.8614,28.837],[77.8639,28.8403],[77.8641,28.8476],[77.8622,28.8533],[77.8647,28.8578],[77.8685,28.862],[77.8728,28.8636],[77.8788,28.8615],[77.8838,28.8567],[77.8892,28.8564],[77.8882,28.861],[77.8909,28.8644],[77.8972,28.8662],[77.9109,28.8601],[77.9228,28.8566],[77.9271,28.8548],[77.9299,28.8495],[77.929,28.8472],[77.9314,28.846],[77.9321,28.8438],[77.9295,28.8427],[77.9295,28.8392],[77.9355,28.8365],[77.9463,28.8449],[77.9513,28.8463],[77.9579,28.8452],[77.9619,28.8417],[77.9688,28.8434],[77.9733,28.8523],[77.9771,28.8562],[77.9851,28.8559],[77.9878,28.8572],[77.9953,28.8512],[78,28.8493],[78.0053,28.85],[78.0039,28.8548],[78.0121,28.8602],[78.0172,28.8591],[78.0218,28.8617],[78.0287,28.8602],[78.0346,28.8632],[78.0429,28.861],[78.0581,28.8539],[78.0682,28.8541],[78.0783,28.8517],[78.0892,28.8511],[78.0926,28.8553],[78.099,28.8563],[78.1084,28.8566],[78.116,28.8563],[78.1191,28.8429],[78.1147,28.8371],[78.1142,28.8331],[78.1123,28.8285],[78.1168,28.8258],[78.1163,28.8205],[78.1194,28.8184],[78.1188,28.8098],[78.1211,28.7975],[78.1188,28.7881],[78.1199,28.7821],[78.1242,28.7762],[78.1337,28.7712],[78.1335,28.7649],[78.1347,28.7571],[78.1409,28.7424],[78.1404,28.7377],[78.1414,28.7299],[78.1413,28.7211],[78.1467,28.7118],[78.1525,28.7067],[78.1604,28.7013],[78.1745,28.6918],[78.1838,28.6776],[78.193,28.6703],[78.1967,28.6578],[78.1964,28.6527],[78.2085,28.6179],[78.209,28.6164],[78.2094,28.6152],[78.2094,28.6152],[78.1815,28.6157],[78.1762,28.6171],[78.1689,28.6174],[78.1488,28.6299],[78.1436,28.6285],[78.137,28.6305],[78.1283,28.6225],[78.1206,28.6265],[78.0925,28.6339],[78.0863,28.6395],[78.0856,28.6499],[78.0739,28.6575],[78.0659,28.6511],[78.054,28.6551],[78.0272,28.6707],[78.0198,28.6784],[78.0133,28.6832],[78.0115,28.6939],[78.0097,28.6974],[78,28.7001],[77.9901,28.6985],[77.9871,28.6988],[77.9788,28.7081],[77.974,28.7111],[77.9675,28.7136],[77.9609,28.7113],[77.9565,28.7076],[77.9531,28.7034],[77.9498,28.7019],[77.9451,28.7024],[77.9373,28.7018],[77.9325,28.6966],[77.9199,28.6792],[77.9147,28.6735],[77.913,28.6722],[77.9175,28.6675],[77.9141,28.6639],[77.9105,28.6642],[77.9064,28.666],[77.9033,28.663],[77.9016,28.659],[77.9029,28.6558],[77.9054,28.6533],[77.9122,28.6497],[77.9094,28.6445],[77.9028,28.6377],[77.9024,28.6308],[77.8936,28.6329],[77.8852,28.6369],[77.8794,28.6387],[77.8752,28.6435],[77.8716,28.6432],[77.858,28.651],[77.8538,28.6469],[77.8486,28.6366],[77.8403,28.6294],[77.8352,28.6292],[77.8318,28.6268],[77.8209,28.6238],[77.8168,28.6236],[77.8109,28.6215],[77.8009,28.615],[77.7914,28.5993],[77.7872,28.5892],[77.7838,28.5853],[77.7789,28.5832],[77.77,28.5844],[77.7632,28.5807],[77.7585,28.5791],[77.756,28.5737],[77.7572,28.5637],[77.7524,28.5591],[77.748,28.5569],[77.737,28.5552],[77.7325,28.5529],[77.73,28.5499],[77.7251,28.5461],[77.7221,28.5469],[77.7204,28.5466],[77.7165,28.5524],[77.7139,28.553],[77.7128,28.5533],[77.7041,28.5525],[77.6963,28.5541],[77.6885,28.5519],[77.6836,28.5554],[77.681,28.5584],[77.6787,28.5631],[77.676,28.5761],[77.6705,28.5832],[77.6635,28.5903],[77.6578,28.5941],[77.6555,28.595],[77.6441,28.5876],[77.6392,28.5822],[77.6341,28.5788],[77.6252,28.5755],[77.6227,28.5808],[77.6102,28.5938],[77.609,28.5958],[77.6082,28.6022],[77.6042,28.6105],[77.5972,28.6166],[77.5793,28.6261],[77.5762,28.6264],[77.5731,28.6242],[77.5666,28.6164],[77.5641,28.6163],[77.5567,28.6209],[77.5505,28.6272],[77.5521,28.6305],[77.5495,28.6327],[77.5429,28.6315],[77.5407,28.6352],[77.5356,28.6403],[77.533,28.6408],[77.529,28.6431],[77.5285,28.6453],[77.5249,28.6469],[77.5219,28.6471],[77.5195,28.6453],[77.5178,28.6413],[77.5141,28.6402],[77.5063,28.6448],[77.5037,28.6445],[77.4996,28.6409],[77.4865,28.6327],[77.4825,28.6293],[77.4752,28.6255],[77.4712,28.6267],[77.4681,28.6303],[77.4638,28.6324],[77.4493,28.6249],[77.4431,28.6217],[77.4361,28.6208],[77.4272,28.6235],[77.4191,28.627],[77.4058,28.6287],[77.4046,28.632],[77.401,28.6354],[77.4006,28.6382],[77.4023,28.6496],[77.3996,28.6546],[77.4039,28.6653],[77.4084,28.6698],[77.4111,28.6739],[77.4069,28.6788],[77.4011,28.6807],[77.3956,28.6803],[77.3871,28.6767],[77.3834,28.6779],[77.3795,28.6814],[77.3741,28.6816],[77.3682,28.6796],[77.3661,28.68],[77.3644,28.6769],[77.3583,28.6761],[77.3553,28.6745],[77.3426,28.6753],[77.3407,28.6779],[77.3373,28.6797],[77.3373,28.6797],[77.3373,28.6797],[77.3378,28.6864],[77.3311,28.6942],[77.33,28.6982],[77.3319,28.7064],[77.3337,28.7104],[77.3274,28.7118],[77.3164,28.7122],[77.3117,28.7113],[77.3058,28.7076],[77.3031,28.7043],[77.2951,28.707],[77.2939,28.7136],[77.2946,28.7185],[77.291,28.7244],[77.2909,28.7246],[77.2871,28.729],[77.2813,28.7328],[77.2766,28.7339],[77.2701,28.7327],[77.2664,28.7345],[77.2621,28.7401],[77.2634,28.7474],[77.2587,28.7522],[77.2561,28.752],[77.2487,28.7537],[77.2482,28.7538],[77.2454,28.758],[77.2393,28.7671],[77.237,28.7686],[77.2311,28.7725],[77.2273,28.7763],[77.2323,28.7784],[77.2349,28.7823],[77.2338,28.7823],[77.2305,28.7823],[77.2285,28.7823],[77.2264,28.7818],[77.2243,28.7813],[77.2233,28.7811],[77.2187,28.7818],[77.2143,28.7835],[77.2129,28.7841],[77.2105,28.7865],[77.2072,28.7899],[77.2047,28.797],[77.2049,28.81],[77.2239,28.8082],[77.2276,28.83],[77.2353,28.8279],[77.2358,28.8248],[77.2379,28.8233],[77.2446,28.8211],[77.2544,28.8224],[77.2583,28.824],[77.2611,28.8275],[77.2627,28.8313],[77.2694,28.8315],[77.2763,28.833],[77.284,28.8333],[77.2874,28.8335],[77.2917,28.8317],[77.296,28.8282],[77.2989,28.8247],[77.3013,28.8101],[77.3056,28.8079],[77.3046,28.8012],[77.3048,28.7969],[77.3076,28.7912],[77.318,28.7924],[77.3249,28.7948],[77.3265,28.7969],[77.3279,28.7986],[77.3326,28.8004],[77.3457,28.7949],[77.3496,28.7972],[77.3539,28.8043],[77.3635,28.8016],[77.3652,28.7911],[77.3698,28.7854],[77.3795,28.7827],[77.3843,28.7813],[77.4078,28.7765],[77.4108,28.7798],[77.4126,28.7818],[77.4128,28.7891],[77.4128,28.7911],[77.4052,28.8037],[77.4052,28.8098],[77.41,28.8121],[77.4098,28.8179],[77.3981,28.8283],[77.4101,28.834],[77.4175,28.8358],[77.4196,28.8437],[77.4096,28.8487],[77.409,28.875],[77.424,28.8801],[77.4268,28.8861],[77.4316,28.8916],[77.4352,28.8991],[77.4349,28.9036],[77.4401,28.9086],[77.4413,28.9143],[77.4449,28.9171],[77.4441,28.9218],[77.4469,28.925],[77.4548,28.9263],[77.4599,28.9258],[77.4616,28.9204],[77.4628,28.9166],[77.4634,28.9124],[77.4618,28.9056],[77.4692,28.904],[77.4739,28.9038],[77.4925,28.8996]]]},"properties":{"district_name":"Ghaziabad","raw_district_name":"Ghaziabad","state_code":"UP","state_name":"Uttar Pradesh","census_code":140,"data_source":"DataMeet India Maps (Census 2011 Boundaries)"}},{"type":"Feature","geometry":{"type":"Polygon","coordinates":[[[83.7326,25.8563],[83.7295,25.8521],[83.7302,25.8487],[83.7321,25.8474],[83.7349,25.8464],[83.7433,25.846],[83.7438,25.8532],[83.7454,25.8556],[83.7481,25.8559],[83.7497,25.8535],[83.7497,25.8506],[83.7474,25.8439],[83.7474,25.8413],[83.754,25.8335],[83.7595,25.8283],[83.7639,25.8258],[83.7662,25.8231],[83.7796,25.814],[83.7877,25.8076],[83.7914,25.8072],[83.8009,25.8119],[83.8031,25.8098],[83.8028,25.8064],[83.7994,25.8018],[83.8035,25.7984],[83.8069,25.7969],[83.8127,25.7927],[83.8168,25.7868],[83.8201,25.7852],[83.8194,25.7829],[83.8126,25.7774],[83.8118,25.7749],[83.813,25.7729],[83.8159,25.7731],[83.8214,25.7767],[83.8345,25.7881],[83.8383,25.7798],[83.8424,25.7797],[83.843,25.7825],[83.8399,25.7885],[83.8405,25.7912],[83.8434,25.7906],[83.849,25.7863],[83.8517,25.7861],[83.8546,25.7889],[83.8559,25.7923],[83.8552,25.7951],[83.8579,25.7963],[83.8609,25.7951],[83.8631,25.7928],[83.8699,25.7778],[83.8783,25.7753],[83.8808,25.772],[83.8837,25.763],[83.896,25.7601],[83.9031,25.7564],[83.9034,25.758],[83.9089,25.7642],[83.9171,25.759],[83.9112,25.7546],[83.9101,25.752],[83.9126,25.7487],[83.9154,25.7478],[83.9191,25.7495],[83.9252,25.7556],[83.9268,25.7662],[83.9302,25.7667],[83.94,25.7615],[83.9458,25.7573],[83.9507,25.7564],[83.9512,25.7545],[83.9493,25.7504],[83.955,25.7475],[83.9555,25.7459],[83.9543,25.7438],[83.9504,25.7416],[83.9497,25.7392],[83.9509,25.7365],[83.9532,25.7343],[83.9603,25.731],[83.9628,25.7292],[83.9615,25.7261],[83.9596,25.7252],[83.9564,25.7264],[83.9534,25.7215],[83.9497,25.7226],[83.9423,25.7229],[83.9366,25.7093],[83.9401,25.7073],[83.9533,25.7027],[83.954,25.6902],[83.9533,25.6861],[83.956,25.6881],[83.9614,25.6902],[83.9634,25.6897],[83.9639,25.6882],[83.9612,25.6809],[83.9589,25.6782],[83.9545,25.6758],[83.948,25.6755],[83.9447,25.6683],[83.9442,25.6633],[83.9423,25.6594],[83.9373,25.6559],[83.9362,25.6479],[83.9329,25.6404],[83.9275,25.6372],[83.9236,25.6361],[83.9229,25.6332],[83.9294,25.6199],[83.9358,25.6166],[83.9379,25.6127],[83.9417,25.6037],[83.946,25.5902],[83.943,25.5879],[83.9452,25.5813],[83.9434,25.58],[83.9404,25.5803],[83.9386,25.5818],[83.9355,25.5871],[83.9337,25.5864],[83.9342,25.5776],[83.9335,25.5684],[83.9308,25.5661],[83.9294,25.5598],[83.9255,25.5566],[83.922,25.5524],[83.9078,25.5299],[83.9047,25.5264],[83.9012,25.5235],[83.8965,25.5213],[83.8909,25.5195],[83.8853,25.5195],[83.8814,25.5185],[83.8766,25.5097],[83.8797,25.5013],[83.8751,25.4916],[83.8728,25.4887],[83.8682,25.4873],[83.8633,25.4829],[83.8595,25.4718],[83.8563,25.4691],[83.8422,25.4611],[83.8377,25.4596],[83.8331,25.4593],[83.8309,25.4601],[83.8231,25.4664],[83.8207,25.466],[83.8186,25.464],[83.8151,25.4566],[83.814,25.4518],[83.8163,25.4513],[83.8187,25.4523],[83.8222,25.452],[83.827,25.451],[83.8299,25.4497],[83.8388,25.4492],[83.8418,25.4483],[83.8459,25.4443],[83.8478,25.4402],[83.8477,25.4369],[83.8467,25.435],[83.8386,25.4317],[83.8325,25.4314],[83.829,25.4357],[83.826,25.4354],[83.8113,25.431],[83.8051,25.4309],[83.8027,25.4297],[83.8011,25.4283],[83.8116,25.425],[83.8136,25.4226],[83.8116,25.4162],[83.8077,25.4091],[83.805,25.4064],[83.7906,25.3968],[83.779,25.3983],[83.7735,25.3978],[83.7718,25.3967],[83.7706,25.3892],[83.7703,25.386],[83.7581,25.3902],[83.7581,25.3949],[83.7603,25.3965],[83.7672,25.3986],[83.7664,25.3993],[83.7617,25.4023],[83.7591,25.4031],[83.7565,25.4024],[83.7504,25.3987],[83.749,25.3983],[83.7462,25.399],[83.7433,25.4074],[83.7409,25.4087],[83.7378,25.4043],[83.7355,25.3966],[83.7337,25.3957],[83.7264,25.3979],[83.7238,25.3973],[83.7179,25.3933],[83.7124,25.3842],[83.7098,25.3839],[83.7073,25.3863],[83.7047,25.3944],[83.703,25.3941],[83.7011,25.3918],[83.6978,25.3839],[83.6847,25.3797],[83.6836,25.3764],[83.6852,25.3748],[83.6962,25.3722],[83.6973,25.3694],[83.6947,25.3675],[83.6874,25.3646],[83.6806,25.3626],[83.6774,25.3625],[83.6732,25.365],[83.6686,25.3691],[83.6663,25.3673],[83.6686,25.3619],[83.6672,25.3611],[83.6645,25.3617],[83.6586,25.366],[83.658,25.3635],[83.659,25.3596],[83.6586,25.3572],[83.6538,25.3557],[83.6519,25.3525],[83.6549,25.3453],[83.6528,25.3431],[83.6509,25.3392],[83.6471,25.3382],[83.6402,25.3401],[83.6383,25.3413],[83.6368,25.3392],[83.6373,25.336],[83.6367,25.3343],[83.6331,25.333],[83.6308,25.3276],[83.6284,25.3266],[83.623,25.3297],[83.619,25.3306],[83.6156,25.3304],[83.6116,25.3296],[83.5964,25.3245],[83.5922,25.3229],[83.5892,25.3204],[83.5872,25.3153],[83.5862,25.3147],[83.5806,25.3156],[83.5777,25.3082],[83.5725,25.3062],[83.5713,25.3077],[83.5726,25.3139],[83.5692,25.3141],[83.5627,25.3121],[83.5596,25.3119],[83.5559,25.3139],[83.5478,25.3157],[83.543,25.3132],[83.542,25.316],[83.5323,25.3199],[83.5332,25.3229],[83.5329,25.3279],[83.5385,25.3443],[83.5477,25.3453],[83.5493,25.3476],[83.5429,25.3556],[83.5405,25.3598],[83.5376,25.3622],[83.5317,25.3724],[83.5301,25.378],[83.5315,25.3829],[83.5362,25.3909],[83.5208,25.3965],[83.5046,25.4063],[83.4559,25.4429],[83.4439,25.4532],[83.4336,25.4636],[83.4257,25.4748],[83.4194,25.482],[83.4137,25.4869],[83.4084,25.4855],[83.3972,25.489],[83.3807,25.4878],[83.3755,25.4841],[83.3709,25.4829],[83.3656,25.4803],[83.352,25.4707],[83.3489,25.4698],[83.3403,25.4634],[83.3348,25.4623],[83.3296,25.4629],[83.3184,25.4677],[83.3068,25.4752],[83.2996,25.4834],[83.2949,25.4947],[83.2886,25.5036],[83.2842,25.5068],[83.2678,25.5152],[83.2595,25.5181],[83.2481,25.5236],[83.2419,25.5251],[83.2356,25.5257],[83.2303,25.5252],[83.2216,25.5264],[83.214,25.529],[83.2073,25.5298],[83.2005,25.5319],[83.195,25.5296],[83.1906,25.5263],[83.1865,25.5218],[83.1797,25.5103],[83.1797,25.5103],[83.174,25.5235],[83.1702,25.5226],[83.167,25.5227],[83.1639,25.5214],[83.1589,25.5173],[83.1586,25.515],[83.1599,25.5119],[83.1583,25.5069],[83.1595,25.5044],[83.1593,25.5028],[83.1571,25.5027],[83.1521,25.506],[83.1411,25.5061],[83.1323,25.508],[83.1183,25.521],[83.1123,25.5242],[83.1079,25.525],[83.1024,25.5248],[83.0995,25.5234],[83.0986,25.5201],[83.1035,25.5114],[83.1071,25.5083],[83.1138,25.5054],[83.1154,25.5029],[83.1158,25.4999],[83.115,25.4973],[83.1123,25.4941],[83.1096,25.4934],[83.1074,25.4949],[83.1031,25.5013],[83.0976,25.5033],[83.0973,25.501],[83.0935,25.494],[83.0911,25.4917],[83.0891,25.4917],[83.087,25.4937],[83.0764,25.5131],[83.0707,25.5211],[83.0644,25.5285],[83.0653,25.5316],[83.0715,25.5343],[83.076,25.5353],[83.0777,25.538],[83.0758,25.5454],[83.0723,25.5507],[83.0792,25.5561],[83.083,25.5698],[83.0908,25.5735],[83.0876,25.5891],[83.0795,25.5858],[83.0725,25.5906],[83.0689,25.5948],[83.0711,25.5971],[83.0774,25.5987],[83.0782,25.6047],[83.0776,25.6131],[83.0744,25.6168],[83.0705,25.619],[83.0674,25.6222],[83.0646,25.6314],[83.067,25.6445],[83.0672,25.6515],[83.073,25.6496],[83.0827,25.6502],[83.088,25.6489],[83.0894,25.657],[83.0955,25.6563],[83.0995,25.6545],[83.1069,25.6552],[83.1211,25.6535],[83.1248,25.6519],[83.131,25.6436],[83.1359,25.6399],[83.1405,25.6373],[83.1486,25.6363],[83.1517,25.6384],[83.152,25.6463],[83.1482,25.6532],[83.1511,25.6573],[83.1547,25.6608],[83.1603,25.6636],[83.1654,25.6621],[83.1689,25.6597],[83.1712,25.66],[83.1724,25.6641],[83.175,25.6667],[83.1735,25.6718],[83.1796,25.6731],[83.1852,25.6728],[83.1871,25.6873],[83.1914,25.6969],[83.1945,25.7002],[83.2004,25.7018],[83.2128,25.7008],[83.2168,25.7012],[83.2185,25.7032],[83.2219,25.7012],[83.2276,25.6993],[83.231,25.7023],[83.2344,25.702],[83.2374,25.705],[83.2421,25.706],[83.2412,25.7094],[83.2341,25.717],[83.2324,25.7217],[83.2293,25.7238],[83.2238,25.7258],[83.215,25.7319],[83.215,25.7353],[83.221,25.7489],[83.2188,25.7527],[83.2178,25.7596],[83.2114,25.7616],[83.2085,25.758],[83.1969,25.7622],[83.1914,25.7656],[83.1916,25.7704],[83.1933,25.7746],[83.1958,25.7774],[83.1983,25.7768],[83.2028,25.7722],[83.2064,25.771],[83.211,25.7718],[83.2196,25.7696],[83.2186,25.765],[83.2195,25.7615],[83.2215,25.7594],[83.2248,25.7596],[83.2286,25.7612],[83.2311,25.7632],[83.2329,25.7661],[83.2353,25.7657],[83.2383,25.7678],[83.2401,25.7648],[83.2471,25.7642],[83.2506,25.7706],[83.2605,25.7726],[83.2637,25.7748],[83.2687,25.7762],[83.2714,25.7722],[83.2754,25.7742],[83.2764,25.7679],[83.2799,25.7661],[83.2822,25.762],[83.286,25.7598],[83.2861,25.7555],[83.306,25.7557],[83.3043,25.7629],[83.3006,25.7674],[83.3063,25.7756],[83.3068,25.7792],[83.3057,25.7839],[83.3159,25.7861],[83.3179,25.7942],[83.3229,25.7958],[83.3176,25.8017],[83.3224,25.8077],[83.3254,25.8129],[83.3302,25.8131],[83.335,25.8107],[83.3404,25.8096],[83.3462,25.8141],[83.3533,25.8146],[83.3638,25.8081],[83.3662,25.8011],[83.3709,25.7978],[83.3755,25.7977],[83.3792,25.7984],[83.3829,25.8037],[83.3862,25.8122],[83.3814,25.8156],[83.3873,25.8183],[83.3923,25.8163],[83.396,25.8224],[83.4023,25.8217],[83.404,25.829],[83.3996,25.8302],[83.402,25.8368],[83.4083,25.8358],[83.4081,25.84],[83.4226,25.8429],[83.4293,25.8457],[83.4338,25.8381],[83.4376,25.8374],[83.4392,25.8396],[83.4495,25.8389],[83.4581,25.845],[83.46,25.8495],[83.4633,25.8495],[83.4653,25.8465],[83.4805,25.8374],[83.4848,25.84],[83.487,25.8428],[83.4893,25.854],[83.4947,25.8561],[83.4993,25.8567],[83.5023,25.8609],[83.5082,25.8635],[83.5223,25.8643],[83.5474,25.8633],[83.5527,25.8637],[83.5556,25.8652],[83.5604,25.8693],[83.5726,25.8721],[83.5776,25.8765],[83.5847,25.8752],[83.5875,25.8791],[83.5972,25.8782],[83.5967,25.8825],[83.6058,25.8798],[83.6104,25.8812],[83.6152,25.8797],[83.6196,25.8719],[83.627,25.8738],[83.6343,25.8662],[83.6339,25.8798],[83.6347,25.8847],[83.637,25.8905],[83.6438,25.8907],[83.6477,25.8937],[83.6484,25.8942],[83.6598,25.8911],[83.6684,25.8844],[83.6723,25.8784],[83.6761,25.875],[83.6797,25.8733],[83.6863,25.8732],[83.6878,25.8681],[83.6954,25.8689],[83.7002,25.8683],[83.7001,25.866],[83.7033,25.8656],[83.7038,25.8624],[83.7203,25.866],[83.7263,25.8665],[83.7278,25.8646],[83.7273,25.8623],[83.7217,25.8594],[83.7205,25.8573],[83.7206,25.8542],[83.7229,25.8541],[83.7278,25.8565],[83.7311,25.8572],[83.7326,25.8563]]]},"properties":{"district_name":"Ghazipur","raw_district_name":"Ghazipur","state_code":"UP","state_name":"Uttar Pradesh","census_code":195,"data_source":"DataMeet India Maps (Census 2011 Boundaries)"}},{"type":"Feature","geometry":{"type":"Polygon","coordinates":[[[82.0774,27.4106],[82.1163,27.3699],[82.1642,27.3405],[82.2566,27.2923],[82.2792,27.2752],[82.2882,27.2572],[82.3075,27.2306],[82.3148,27.2177],[82.3119,27.2118],[82.2984,27.2059],[82.2934,27.2009],[82.2877,27.199],[82.2684,27.2182],[82.2596,27.2242],[82.2494,27.2263],[82.2389,27.2229],[82.2272,27.2052],[82.2199,27.1831],[82.2173,27.1789],[82.2584,27.151],[82.2864,27.1218],[82.3065,27.0883],[82.3321,27.0642],[82.3389,27.0538],[82.3574,27.0547],[82.3641,27.0571],[82.3767,27.08],[82.3835,27.0879],[82.3924,27.0904],[82.4019,27.0843],[82.4062,27.0792],[82.4118,27.0781],[82.4205,27.1],[82.4279,27.114],[82.4427,27.1288],[82.4665,27.1156],[82.4739,27.1205],[82.4819,27.1381],[82.4836,27.1458],[82.4797,27.1561],[82.4809,27.156],[82.483,27.1571],[82.4825,27.1596],[82.4776,27.1615],[82.4758,27.1663],[82.4825,27.1657],[82.4818,27.1686],[82.4857,27.1666],[82.486,27.1645],[82.4886,27.1651],[82.4906,27.1666],[82.4893,27.162],[82.4906,27.1611],[82.493,27.162],[82.4947,27.1611],[82.4981,27.1532],[82.4963,27.151],[82.4961,27.1487],[82.5009,27.1496],[82.5018,27.1403],[82.5032,27.1383],[82.5104,27.1357],[82.5072,27.1231],[82.5078,27.1218],[82.5135,27.1284],[82.5193,27.1248],[82.5218,27.1184],[82.5344,27.1198],[82.5376,27.1181],[82.5438,27.1123],[82.5452,27.1057],[82.5485,27.1094],[82.5494,27.1088],[82.5515,27.1017],[82.5512,27.0952],[82.5537,27.0898],[82.557,27.0892],[82.5575,27.0864],[82.5589,27.0842],[82.5604,27.0842],[82.5615,27.0825],[82.5648,27.0803],[82.5675,27.0754],[82.5685,27.0737],[82.5685,27.0737],[82.5696,27.0678],[82.5685,27.0671],[82.568,27.0668],[82.563,27.0684],[82.5619,27.0679],[82.561,27.0674],[82.5609,27.0673],[82.5601,27.0655],[82.5602,27.0639],[82.5603,27.0612],[82.5588,27.0575],[82.5587,27.0572],[82.5633,27.0529],[82.5633,27.0529],[82.5687,27.0528],[82.5687,27.0504],[82.567,27.0483],[82.567,27.0464],[82.567,27.0455],[82.5673,27.0453],[82.5752,27.0385],[82.576,27.0369],[82.5759,27.0369],[82.5728,27.0355],[82.5726,27.0342],[82.5744,27.032],[82.5734,27.0307],[82.5705,27.027],[82.572,27.0261],[82.5729,27.0255],[82.5724,27.0223],[82.5722,27.0209],[82.5722,27.0209],[82.5723,27.0209],[82.575,27.0187],[82.5787,27.019],[82.5788,27.019],[82.5839,27.0173],[82.5978,27.0124],[82.6166,27.0043],[82.6166,27.0042],[82.6148,27.0012],[82.6058,27.0003],[82.5974,27.0005],[82.5907,27.0017],[82.5864,27.0004],[82.5853,26.9961],[82.578,26.9925],[82.5722,26.9876],[82.5681,26.9885],[82.5645,26.9885],[82.5643,26.9842],[82.5658,26.9805],[82.5659,26.9766],[82.5641,26.9737],[82.5635,26.9651],[82.5572,26.9633],[82.5514,26.9627],[82.5487,26.9576],[82.539,26.9526],[82.5341,26.9519],[82.5202,26.9522],[82.5144,26.9491],[82.5116,26.9429],[82.5039,26.9384],[82.5037,26.927],[82.5023,26.9209],[82.4982,26.9151],[82.4872,26.9051],[82.4807,26.9043],[82.4735,26.9123],[82.4683,26.9163],[82.4592,26.9212],[82.455,26.9248],[82.4548,26.9284],[82.4479,26.931],[82.4461,26.933],[82.4428,26.9286],[82.4401,26.9274],[82.4375,26.9272],[82.3988,26.9467],[82.3912,26.9477],[82.3893,26.9431],[82.3871,26.9412],[82.3817,26.9406],[82.379,26.9373],[82.374,26.9369],[82.3695,26.9322],[82.367,26.9325],[82.3641,26.931],[82.3598,26.9313],[82.3558,26.9332],[82.3457,26.9408],[82.3396,26.9469],[82.3327,26.9516],[82.3292,26.9556],[82.3291,26.9662],[82.3269,26.9701],[82.3211,26.9758],[82.3168,26.977],[82.3116,26.9689],[82.3004,26.9636],[82.2954,26.9571],[82.2909,26.9502],[82.2914,26.9465],[82.287,26.9459],[82.284,26.9467],[82.278,26.9431],[82.2783,26.9404],[82.2762,26.9372],[82.2726,26.9376],[82.2618,26.9418],[82.2506,26.9336],[82.2437,26.9345],[82.2399,26.9275],[82.2363,26.914],[82.2482,26.9051],[82.2512,26.9006],[82.2502,26.8944],[82.2445,26.8823],[82.2398,26.8758],[82.2327,26.8682],[82.2336,26.8635],[82.2423,26.8549],[82.2401,26.8512],[82.2425,26.8426],[82.2464,26.8355],[82.2489,26.8224],[82.2513,26.8181],[82.255,26.818],[82.2563,26.8147],[82.2532,26.8115],[82.2489,26.8122],[82.238,26.8184],[82.225,26.8073],[82.2139,26.8151],[82.2061,26.8195],[82.2053,26.8283],[82.1857,26.8331],[82.176,26.8279],[82.1725,26.8269],[82.1615,26.8305],[82.148,26.8307],[82.1418,26.8317],[82.1322,26.8269],[82.1284,26.8203],[82.1124,26.8239],[82.109,26.8225],[82.0901,26.8092],[82.08,26.8091],[82.0636,26.8039],[82.0573,26.8029],[82.053,26.8046],[82.0397,26.8066],[82.0361,26.8054],[82.0133,26.7938],[82.0074,26.7868],[82,26.7834],[81.9957,26.784],[81.9881,26.7798],[81.981,26.7782],[81.9773,26.7785],[81.9495,26.7829],[81.942,26.785],[81.9197,26.789],[81.9154,26.7911],[81.9123,26.7963],[81.9054,26.8116],[81.9007,26.8181],[81.8911,26.8288],[81.8848,26.8327],[81.8813,26.8334],[81.8615,26.8357],[81.8576,26.8349],[81.849,26.8361],[81.8437,26.8377],[81.8317,26.843],[81.8224,26.8492],[81.8085,26.8614],[81.8048,26.8638],[81.7851,26.8687],[81.78,26.8714],[81.7669,26.8838],[81.7612,26.884],[81.7555,26.8851],[81.7515,26.8879],[81.7351,26.9045],[81.7285,26.9165],[81.7251,26.9191],[81.7177,26.9203],[81.7172,26.9229],[81.7179,26.9313],[81.7199,26.9357],[81.722,26.9381],[81.7317,26.9456],[81.7327,26.9492],[81.7317,26.9534],[81.729,26.956],[81.7261,26.9566],[81.7069,26.9573],[81.7003,26.957],[81.6741,26.9641],[81.6643,26.964],[81.6581,26.9622],[81.6544,26.972],[81.6578,26.9755],[81.6569,26.9803],[81.6537,26.9873],[81.6543,26.9912],[81.6532,27.0007],[81.6546,27.0044],[81.65,27.0054],[81.6451,27.0071],[81.6417,27.0091],[81.6408,27.0104],[81.6404,27.0138],[81.6339,27.0168],[81.6281,27.0184],[81.6146,27.0209],[81.6021,27.021],[81.5967,27.0192],[81.5905,27.015],[81.5819,27.011],[81.5783,27.0121],[81.5657,27.0231],[81.5627,27.0292],[81.5666,27.0316],[81.5768,27.039],[81.5777,27.0415],[81.5735,27.0465],[81.569,27.0469],[81.5655,27.0487],[81.5598,27.05],[81.5448,27.0466],[81.5378,27.0467],[81.5303,27.0482],[81.5257,27.0498],[81.5227,27.0518],[81.5168,27.0534],[81.5123,27.0554],[81.509,27.0556],[81.5074,27.059],[81.5093,27.0632],[81.5109,27.0723],[81.5164,27.0828],[81.5192,27.0838],[81.528,27.0838],[81.5313,27.0837],[81.5342,27.0827],[81.5399,27.0753],[81.5417,27.0735],[81.5442,27.0726],[81.5451,27.0735],[81.5437,27.0759],[81.543,27.0812],[81.5452,27.0829],[81.5483,27.0822],[81.551,27.0828],[81.5455,27.0901],[81.5438,27.0954],[81.5484,27.1001],[81.5576,27.1065],[81.5589,27.1088],[81.5651,27.1137],[81.568,27.1169],[81.57,27.1235],[81.5769,27.1227],[81.5764,27.1198],[81.5819,27.1175],[81.5891,27.1126],[81.59,27.1132],[81.5904,27.1163],[81.5949,27.1251],[81.5984,27.1282],[81.5984,27.1328],[81.6042,27.1345],[81.607,27.1377],[81.608,27.1414],[81.6166,27.1393],[81.6251,27.139],[81.6298,27.1376],[81.6325,27.1376],[81.6329,27.141],[81.6315,27.1481],[81.6318,27.1536],[81.6327,27.1555],[81.635,27.1565],[81.6404,27.1554],[81.644,27.1536],[81.6448,27.154],[81.6446,27.1574],[81.6427,27.1613],[81.6448,27.1683],[81.647,27.1788],[81.6439,27.1792],[81.6408,27.1774],[81.6393,27.1778],[81.6386,27.1803],[81.6394,27.1821],[81.6425,27.1847],[81.6426,27.1877],[81.649,27.1887],[81.6507,27.1913],[81.6507,27.1957],[81.6519,27.1977],[81.6542,27.199],[81.6564,27.2048],[81.6625,27.2005],[81.6663,27.1996],[81.6671,27.2003],[81.6637,27.2074],[81.6646,27.2113],[81.6632,27.2136],[81.6664,27.2169],[81.6627,27.2197],[81.6611,27.2223],[81.6615,27.2256],[81.6655,27.2317],[81.6661,27.2347],[81.6701,27.2387],[81.6788,27.2375],[81.684,27.2383],[81.685,27.2414],[81.6826,27.2527],[81.6836,27.2556],[81.6853,27.2578],[81.6884,27.2593],[81.699,27.2632],[81.7025,27.2663],[81.7052,27.2706],[81.7077,27.2801],[81.7077,27.2937],[81.7057,27.2953],[81.6848,27.3016],[81.6792,27.3044],[81.679,27.3081],[81.6806,27.3143],[81.6847,27.3197],[81.6875,27.3205],[81.6956,27.3214],[81.6986,27.3206],[81.7176,27.3207],[81.7196,27.3215],[81.7228,27.3253],[81.7238,27.3272],[81.725,27.3261],[81.7289,27.3277],[81.7312,27.3299],[81.7315,27.33],[81.7373,27.3323],[81.7398,27.3291],[81.7439,27.3299],[81.7463,27.3285],[81.7472,27.3246],[81.7516,27.3218],[81.7523,27.3193],[81.7559,27.3183],[81.7581,27.3153],[81.7614,27.3128],[81.7643,27.3123],[81.7683,27.3141],[81.7711,27.3101],[81.774,27.3084],[81.7778,27.3102],[81.7805,27.3048],[81.7781,27.3005],[81.7761,27.2994],[81.7769,27.2958],[81.7842,27.2928],[81.7869,27.2952],[81.7899,27.2963],[81.7966,27.2956],[81.7966,27.2905],[81.7994,27.2883],[81.8005,27.2864],[81.8002,27.2839],[81.7955,27.2804],[81.7996,27.2755],[81.8067,27.2732],[81.8114,27.2679],[81.816,27.267],[81.8186,27.2731],[81.8205,27.2746],[81.8238,27.272],[81.8266,27.2715],[81.8269,27.2744],[81.8299,27.279],[81.8363,27.2793],[81.8389,27.2824],[81.8414,27.2913],[81.8383,27.2972],[81.839,27.3001],[81.8455,27.3128],[81.8493,27.3246],[81.8524,27.3241],[81.8546,27.3291],[81.8574,27.3272],[81.8582,27.3302],[81.8617,27.3265],[81.8746,27.3328],[81.8767,27.3326],[81.8779,27.3309],[81.8774,27.3273],[81.8806,27.3299],[81.8844,27.3317],[81.8872,27.3317],[81.8906,27.3262],[81.8908,27.3239],[81.8925,27.3225],[81.8931,27.3185],[81.8956,27.3181],[81.9002,27.3212],[81.9021,27.3216],[81.9051,27.3208],[81.914,27.3169],[81.9172,27.3164],[81.9194,27.3175],[81.9234,27.3225],[81.9236,27.3277],[81.9215,27.3305],[81.9146,27.3334],[81.9107,27.3358],[81.9101,27.3386],[81.9113,27.3415],[81.9184,27.3475],[81.9194,27.3509],[81.913,27.3538],[81.916,27.3568],[81.9163,27.359],[81.9117,27.3626],[81.9098,27.3664],[81.9102,27.3701],[81.9121,27.3745],[81.9162,27.3738],[81.9185,27.3766],[81.9255,27.3822],[81.9292,27.3808],[81.9327,27.3809],[81.9413,27.388],[81.9402,27.3908],[81.9376,27.3932],[81.9341,27.3948],[81.9351,27.4094],[81.9289,27.4116],[81.9301,27.416],[81.9328,27.4205],[81.9385,27.4219],[81.9405,27.4268],[81.9439,27.4286],[81.9433,27.4328],[81.9444,27.4381],[81.9455,27.4385],[81.9489,27.437],[81.9488,27.4338],[81.9542,27.4359],[81.956,27.4311],[81.9613,27.435],[81.9627,27.4345],[81.9654,27.4361],[81.969,27.441],[81.9712,27.4425],[81.9732,27.4424],[81.9731,27.4396],[81.9776,27.4403],[81.9801,27.4399],[81.9803,27.4372],[81.9834,27.4366],[81.9849,27.4314],[81.9868,27.4304],[81.9919,27.4302],[81.9948,27.4266],[81.9984,27.4256],[81.9985,27.42],[82,27.4194],[82.0029,27.4124],[82.0038,27.4114],[82.0102,27.4102],[82.0139,27.4107],[82.0163,27.412],[82.0226,27.4171],[82.0285,27.4171],[82.0325,27.4157],[82.0373,27.4183],[82.0394,27.4184],[82.042,27.4174],[82.0447,27.4143],[82.0509,27.4164],[82.056,27.4172],[82.0581,27.4165],[82.063,27.4109],[82.0698,27.4103],[82.0759,27.4071],[82.0774,27.4106]]]},"properties":{"district_name":"Gonda","raw_district_name":"Gonda","state_code":"UP","state_name":"Uttar Pradesh","census_code":183,"data_source":"DataMeet India Maps (Census 2011 Boundaries)"}},{"type":"Feature","geometry":{"type":"Polygon","coordinates":[[[83.5447,26.8804],[83.5399,26.8638],[83.5312,26.861],[83.529,26.8593],[83.5284,26.8541],[83.5315,26.8522],[83.5491,26.845],[83.5486,26.8393],[83.5604,26.8359],[83.5617,26.8254],[83.5656,26.8224],[83.5667,26.8198],[83.5704,26.8165],[83.5759,26.8158],[83.5789,26.8145],[83.5931,26.7941],[83.5949,26.7894],[83.5922,26.7844],[83.5911,26.7791],[83.593,26.774],[83.5928,26.7697],[83.5872,26.7689],[83.5862,26.7611],[83.5966,26.7581],[83.6068,26.7573],[83.6099,26.7584],[83.6143,26.7556],[83.6184,26.7555],[83.6203,26.7531],[83.6179,26.7488],[83.6147,26.7472],[83.6132,26.7451],[83.6119,26.7349],[83.614,26.7311],[83.6185,26.7272],[83.6238,26.7258],[83.6236,26.7133],[83.6209,26.7126],[83.6194,26.7034],[83.6167,26.703],[83.6216,26.6973],[83.6244,26.6918],[83.6265,26.6796],[83.6263,26.6732],[83.625,26.6676],[83.6317,26.6571],[83.6317,26.657],[83.6303,26.6515],[83.6304,26.6478],[83.6331,26.6453],[83.6319,26.6419],[83.6343,26.6224],[83.6285,26.6183],[83.6235,26.6161],[83.6199,26.616],[83.6197,26.6137],[83.6209,26.6101],[83.62,26.6042],[83.6215,26.6005],[83.6302,26.5938],[83.6317,26.5902],[83.6308,26.5856],[83.6312,26.5814],[83.6272,26.5799],[83.6303,26.5761],[83.6303,26.5741],[83.6267,26.5676],[83.6211,26.5713],[83.6166,26.5681],[83.6158,26.5643],[83.6171,26.5588],[83.6162,26.5533],[83.6122,26.5515],[83.6112,26.549],[83.609,26.5465],[83.6109,26.5422],[83.6102,26.5387],[83.6042,26.5298],[83.604,26.519],[83.602,26.5146],[83.5974,26.5126],[83.5917,26.5116],[83.5799,26.5128],[83.5748,26.512],[83.5714,26.5096],[83.5652,26.5083],[83.5589,26.5101],[83.5548,26.5098],[83.5519,26.5068],[83.5558,26.5003],[83.5553,26.4958],[83.5535,26.4916],[83.5501,26.4889],[83.5463,26.4892],[83.5439,26.4975],[83.5415,26.4997],[83.5345,26.4949],[83.5308,26.4936],[83.5174,26.4987],[83.5156,26.4939],[83.5073,26.4947],[83.5005,26.4942],[83.4956,26.49],[83.4924,26.4861],[83.4896,26.4802],[83.4892,26.4762],[83.4907,26.472],[83.494,26.466],[83.4938,26.4619],[83.4908,26.4608],[83.4823,26.4626],[83.4797,26.4616],[83.4817,26.4571],[83.4922,26.441],[83.4986,26.4345],[83.4993,26.4311],[83.4987,26.4223],[83.5107,26.416],[83.4924,26.4061],[83.488,26.4021],[83.488,26.3961],[83.49,26.3916],[83.4945,26.3891],[83.4981,26.3907],[83.5035,26.3988],[83.5115,26.3987],[83.5244,26.4002],[83.5279,26.3983],[83.5274,26.3944],[83.5163,26.3863],[83.5139,26.3831],[83.5161,26.3812],[83.5214,26.3816],[83.5311,26.3847],[83.5358,26.3837],[83.5347,26.3745],[83.5373,26.3633],[83.5398,26.3575],[83.5437,26.3537],[83.5483,26.354],[83.5521,26.3597],[83.558,26.3753],[83.561,26.376],[83.5703,26.3713],[83.5717,26.3747],[83.5683,26.378],[83.5667,26.3818],[83.5637,26.3846],[83.5504,26.3868],[83.549,26.3886],[83.5532,26.3923],[83.5665,26.3926],[83.5784,26.397],[83.5844,26.3975],[83.5866,26.3945],[83.5868,26.3895],[83.5811,26.3778],[83.5795,26.3729],[83.5812,26.3642],[83.5855,26.3595],[83.5903,26.3576],[83.6114,26.3688],[83.6144,26.3662],[83.6148,26.3635],[83.6117,26.3594],[83.6071,26.3556],[83.6029,26.3505],[83.6019,26.3465],[83.6067,26.3446],[83.6135,26.344],[83.6205,26.342],[83.6128,26.3334],[83.6167,26.3302],[83.62,26.3287],[83.622,26.3238],[83.6237,26.3222],[83.6254,26.3224],[83.6328,26.3276],[83.6368,26.3284],[83.6399,26.327],[83.6392,26.3227],[83.6321,26.3195],[83.6269,26.3182],[83.6251,26.316],[83.6213,26.2994],[83.6237,26.2977],[83.6313,26.2999],[83.6489,26.3143],[83.6583,26.319],[83.6632,26.3176],[83.6674,26.3139],[83.67,26.3091],[83.6721,26.3001],[83.6711,26.2887],[83.6688,26.2855],[83.6645,26.2824],[83.6438,26.2748],[83.6411,26.2699],[83.6376,26.2466],[83.6354,26.2395],[83.6346,26.233],[83.6347,26.223],[83.6289,26.2178],[83.6186,26.2261],[83.6093,26.2323],[83.6119,26.2386],[83.6182,26.2454],[83.6065,26.2455],[83.6032,26.2495],[83.5918,26.2486],[83.5827,26.2515],[83.579,26.2489],[83.572,26.252],[83.565,26.2563],[83.5578,26.2618],[83.5344,26.2771],[83.5094,26.2782],[83.508,26.2771],[83.4866,26.2806],[83.4778,26.2808],[83.4585,26.2781],[83.4484,26.2728],[83.4408,26.2707],[83.4292,26.2716],[83.4184,26.274],[83.4011,26.2841],[83.4013,26.2962],[83.3901,26.305],[83.3634,26.329],[83.3535,26.3341],[83.3439,26.3434],[83.3398,26.3485],[83.3373,26.35],[83.3316,26.3457],[83.3272,26.345],[83.3191,26.35],[83.3113,26.3492],[83.3047,26.3501],[83.2962,26.3536],[83.2883,26.3583],[83.2523,26.3823],[83.2312,26.3931],[83.223,26.3948],[83.1961,26.395],[83.1849,26.3976],[83.1694,26.3957],[83.1634,26.3966],[83.1479,26.3915],[83.135,26.3848],[83.1275,26.3871],[83.1218,26.3904],[83.1135,26.3915],[83.0983,26.3924],[83.094,26.3916],[83.0907,26.3892],[83.087,26.3905],[83.0836,26.3931],[83.0816,26.3963],[83.0774,26.4],[83.0708,26.4078],[83.0821,26.4154],[83.0824,26.4217],[83.0882,26.4207],[83.0915,26.4247],[83.0961,26.4251],[83.0983,26.432],[83.0943,26.4345],[83.0973,26.4392],[83.0989,26.4463],[83.098,26.4541],[83.0863,26.4683],[83.0888,26.4747],[83.0921,26.4795],[83.0968,26.4838],[83.1085,26.4888],[83.1415,26.495],[83.151,26.5001],[83.1687,26.506],[83.1705,26.505],[83.1723,26.5013],[83.175,26.4982],[83.1848,26.4927],[83.1863,26.4892],[83.19,26.4889],[83.1934,26.4917],[83.1966,26.4976],[83.1976,26.5031],[83.1964,26.5129],[83.1973,26.5167],[83.202,26.5201],[83.2054,26.5241],[83.2013,26.5287],[83.1909,26.5321],[83.1871,26.5302],[83.183,26.5266],[83.1778,26.527],[83.1714,26.5304],[83.1653,26.535],[83.1585,26.5389],[83.1549,26.5422],[83.1492,26.5552],[83.1412,26.5622],[83.143,26.5651],[83.1458,26.5668],[83.145,26.5718],[83.1424,26.5769],[83.1398,26.5795],[83.1392,26.5902],[83.1373,26.595],[83.1306,26.5968],[83.1252,26.5967],[83.1202,26.5939],[83.1178,26.5995],[83.1132,26.6044],[83.1099,26.6103],[83.1093,26.6157],[83.1125,26.6191],[83.116,26.621],[83.1192,26.6214],[83.1212,26.6204],[83.1279,26.6238],[83.1318,26.6302],[83.1352,26.633],[83.1356,26.6367],[83.1321,26.638],[83.1323,26.6407],[83.1346,26.6471],[83.1326,26.6505],[83.1326,26.6549],[83.1288,26.659],[83.1239,26.6593],[83.1081,26.658],[83.1032,26.6586],[83.1024,26.6622],[83.1049,26.6658],[83.1069,26.6715],[83.1161,26.6808],[83.1172,26.684],[83.1144,26.6865],[83.111,26.6862],[83.1075,26.6829],[83.1037,26.6822],[83.1005,26.6834],[83.0963,26.6882],[83.0924,26.689],[83.0903,26.6905],[83.09,26.6991],[83.0856,26.7005],[83.0901,26.7149],[83.0942,26.7192],[83.0982,26.7198],[83.1015,26.7182],[83.1036,26.7146],[83.1096,26.7118],[83.11,26.7134],[83.1081,26.7193],[83.1079,26.723],[83.1102,26.7234],[83.1178,26.7208],[83.1204,26.722],[83.1213,26.7253],[83.1298,26.7281],[83.1339,26.7279],[83.1346,26.7305],[83.1328,26.7345],[83.1376,26.7389],[83.1426,26.7419],[83.1455,26.7461],[83.1421,26.7556],[83.1449,26.759],[83.1445,26.7673],[83.1426,26.7703],[83.138,26.7728],[83.1362,26.7772],[83.1343,26.7778],[83.1323,26.7764],[83.1309,26.7683],[83.1287,26.7662],[83.1229,26.7646],[83.1177,26.7641],[83.1128,26.7665],[83.1125,26.7744],[83.1154,26.7782],[83.1132,26.7901],[83.1058,26.7986],[83.1003,26.8078],[83.104,26.8083],[83.1101,26.8108],[83.1148,26.8119],[83.1207,26.8188],[83.1255,26.8301],[83.1206,26.8342],[83.1212,26.8374],[83.1203,26.8411],[83.1228,26.8471],[83.1278,26.8478],[83.1327,26.8573],[83.1351,26.8644],[83.1339,26.8675],[83.1363,26.87],[83.1364,26.8729],[83.1345,26.8759],[83.1343,26.8792],[83.1375,26.8872],[83.1395,26.8897],[83.1452,26.884],[83.1518,26.8752],[83.1576,26.8718],[83.1612,26.8735],[83.1658,26.8804],[83.1688,26.881],[83.1754,26.8766],[83.2079,26.881],[83.2173,26.8842],[83.216,26.8894],[83.2178,26.895],[83.2161,26.8988],[83.2143,26.9008],[83.2088,26.9041],[83.2053,26.9077],[83.2082,26.9095],[83.2154,26.9072],[83.2198,26.9072],[83.2219,26.9092],[83.223,26.9114],[83.2219,26.9153],[83.2196,26.9179],[83.21,26.9254],[83.2115,26.9279],[83.2119,26.9311],[83.2104,26.9354],[83.2116,26.9371],[83.2147,26.9369],[83.2203,26.9323],[83.2257,26.9337],[83.2275,26.9368],[83.2273,26.9407],[83.2256,26.9428],[83.2164,26.9485],[83.2088,26.9446],[83.2061,26.9422],[83.2024,26.9408],[83.1992,26.9409],[83.196,26.9446],[83.1962,26.9473],[83.2031,26.9482],[83.2081,26.9524],[83.2088,26.9544],[83.206,26.9589],[83.1963,26.9677],[83.2056,26.9672],[83.2107,26.9681],[83.2157,26.97],[83.2196,26.9726],[83.2264,26.9789],[83.2273,26.9832],[83.2266,26.9868],[83.222,26.9929],[83.2211,26.9937],[83.2135,27.0006],[83.217,27.0138],[83.2168,27.0164],[83.2159,27.0172],[83.2098,27.0174],[83.2069,27.017],[83.1967,27.0129],[83.1873,27.0072],[83.187,27.0071],[83.1745,27.0019],[83.1686,27.0005],[83.1753,27.007],[83.1753,27.0083],[83.1726,27.0099],[83.1716,27.0105],[83.1692,27.0101],[83.1662,27.0095],[83.1648,27.0102],[83.1648,27.0103],[83.1651,27.0145],[83.1641,27.0148],[83.1598,27.013],[83.1586,27.0114],[83.1592,27.0105],[83.1627,27.0051],[83.1622,27.0036],[83.1609,27.0028],[83.1586,27.004],[83.1546,27.0101],[83.1545,27.0101],[83.153,27.0109],[83.1522,27.0098],[83.1481,27.0035],[83.1467,27.0034],[83.1443,27.0049],[83.143,27.0084],[83.1435,27.01],[83.144,27.0111],[83.1437,27.0168],[83.146,27.0187],[83.1497,27.0197],[83.1499,27.0224],[83.1464,27.0232],[83.1426,27.0212],[83.1417,27.0208],[83.1399,27.0219],[83.1414,27.025],[83.1446,27.0282],[83.148,27.0315],[83.1515,27.0375],[83.1507,27.0405],[83.147,27.0397],[83.1443,27.0407],[83.1409,27.0442],[83.1331,27.0466],[83.132,27.0493],[83.1332,27.0529],[83.1346,27.0546],[83.1402,27.0547],[83.1418,27.0526],[83.1419,27.0505],[83.1443,27.0479],[83.1494,27.0498],[83.1514,27.052],[83.1512,27.0548],[83.1495,27.0557],[83.148,27.0584],[83.139,27.0642],[83.1388,27.0659],[83.1415,27.0714],[83.1407,27.0753],[83.1379,27.0796],[83.1322,27.0843],[83.1309,27.0863],[83.1296,27.0921],[83.1306,27.0974],[83.1275,27.1017],[83.1272,27.1021],[83.127,27.1058],[83.1253,27.1066],[83.123,27.1097],[83.1235,27.1116],[83.1252,27.113],[83.1303,27.1123],[83.1384,27.1086],[83.1425,27.1092],[83.1463,27.1117],[83.1484,27.1158],[83.1475,27.1195],[83.1374,27.1291],[83.1343,27.1335],[83.1302,27.1414],[83.1328,27.1411],[83.1633,27.1287],[83.1708,27.1017],[83.1777,27.0875],[83.1965,27.0874],[83.2029,27.0812],[83.2089,27.0708],[83.2287,27.0687],[83.2433,27.0728],[83.2501,27.0719],[83.264,27.0642],[83.2752,27.0669],[83.285,27.0615],[83.2846,27.0501],[83.3048,27.0474],[83.3176,27.0495],[83.3228,27.0534],[83.3248,27.0668],[83.3332,27.0816],[83.3415,27.0913],[83.3484,27.0932],[83.3558,27.0889],[83.3608,27.0801],[83.3781,27.0762],[83.3892,27.0899],[83.4002,27.0897],[83.4036,27.0876],[83.4022,27.0722],[83.3723,27.044],[83.3594,27.011],[83.3436,26.9902],[83.3314,26.981],[83.3395,26.9693],[83.3619,26.9682],[83.3661,26.9787],[83.3791,26.9792],[83.4035,26.9757],[83.4336,26.9801],[83.4425,26.9794],[83.447,26.9752],[83.444,26.9676],[83.4466,26.9613],[83.4588,26.9634],[83.468,26.9582],[83.4735,26.95],[83.4737,26.9454],[83.4779,26.9319],[83.4784,26.9232],[83.486,26.9208],[83.5021,26.9181],[83.5084,26.9136],[83.5289,26.8915],[83.5447,26.8804]]]},"properties":{"district_name":"Gorakhpur","raw_district_name":"Gorakhpur","state_code":"UP","state_name":"Uttar Pradesh","census_code":188,"data_source":"DataMeet India Maps (Census 2011 Boundaries)"}},{"type":"Feature","geometry":{"type":"Polygon","coordinates":[[[79.9774,26.0691],[79.9931,26.0668],[80,26.0687],[80.0127,26.0675],[80.0275,26.0696],[80.0421,26.0725],[80.0534,26.0754],[80.0651,26.0785],[80.0756,26.0798],[80.0882,26.0795],[80.0953,26.0779],[80.1035,26.0706],[80.1081,26.0639],[80.1133,26.0546],[80.1143,26.0459],[80.1121,26.0339],[80.1085,26.0246],[80.1044,26.0189],[80.0967,26.0124],[80.0904,26.0108],[80.086,26.0083],[80.0837,26.0051],[80.084,26.0002],[80.0849,25.9986],[80.0969,25.9916],[80.1118,25.9876],[80.1164,25.9874],[80.1293,25.9807],[80.1362,25.9755],[80.1417,25.9671],[80.149,25.9622],[80.1673,25.9546],[80.1953,25.948],[80.2077,25.9239],[80.2107,25.9201],[80.2143,25.9173],[80.2368,25.9225],[80.2464,25.9249],[80.2642,25.9309],[80.2716,25.9307],[80.2789,25.9254],[80.2848,25.9191],[80.2954,25.8998],[80.3013,25.8934],[80.3082,25.8891],[80.3145,25.8873],[80.3226,25.8879],[80.3468,25.8962],[80.3502,25.8987],[80.3497,25.8952],[80.3526,25.8697],[80.3511,25.8675],[80.3501,25.8659],[80.3453,25.8659],[80.3453,25.8659],[80.3333,25.8497],[80.3333,25.8497],[80.3316,25.8456],[80.327,25.8437],[80.313,25.8453],[80.3072,25.8449],[80.3016,25.8433],[80.3016,25.8433],[80.2951,25.8399],[80.291,25.8352],[80.291,25.8352],[80.293,25.8307],[80.298,25.8199],[80.2946,25.8174],[80.287,25.8128],[80.2818,25.8145],[80.278,25.8182],[80.278,25.8182],[80.2703,25.8129],[80.2623,25.8056],[80.2567,25.809],[80.2567,25.809],[80.2528,25.81],[80.2455,25.8064],[80.2389,25.8044],[80.234,25.801],[80.2315,25.7975],[80.2336,25.7941],[80.2356,25.793],[80.2356,25.793],[80.2442,25.7922],[80.2618,25.7871],[80.2636,25.7849],[80.263,25.7829],[80.263,25.7829],[80.2677,25.7807],[80.2682,25.7773],[80.2707,25.7713],[80.2707,25.7713],[80.2762,25.7678],[80.2915,25.7655],[80.3051,25.7611],[80.3147,25.7518],[80.3259,25.7428],[80.3285,25.7396],[80.3293,25.7359],[80.3293,25.7359],[80.3292,25.7356],[80.3289,25.7323],[80.3295,25.7317],[80.3341,25.7276],[80.3376,25.726],[80.3445,25.7202],[80.3475,25.7166],[80.3511,25.7051],[80.3511,25.7051],[80.3494,25.7004],[80.3357,25.7075],[80.3259,25.7091],[80.3209,25.7086],[80.3142,25.7043],[80.3041,25.6932],[80.3041,25.6932],[80.3044,25.6816],[80.3044,25.6816],[80.306,25.6772],[80.3096,25.6732],[80.3173,25.645],[80.3017,25.631],[80.2976,25.6301],[80.2885,25.6285],[80.2833,25.6267],[80.2763,25.62],[80.2846,25.6116],[80.2885,25.6097],[80.2906,25.6071],[80.288,25.6031],[80.2835,25.5966],[80.2797,25.5839],[80.2775,25.5809],[80.2711,25.582],[80.2683,25.5837],[80.2645,25.5842],[80.2619,25.5854],[80.2608,25.5869],[80.2526,25.5873],[80.2526,25.5873],[80.2419,25.575],[80.2395,25.567],[80.2331,25.5596],[80.231,25.559],[80.225,25.5571],[80.2169,25.5568],[80.2145,25.5542],[80.2091,25.5358],[80.2083,25.531],[80.2083,25.531],[80.2064,25.5269],[80.2064,25.5269],[80.2143,25.5272],[80.2201,25.5252],[80.22,25.5239],[80.2185,25.5128],[80.2243,25.5074],[80.2223,25.5041],[80.2232,25.5005],[80.2184,25.4945],[80.2141,25.4946],[80.2112,25.493],[80.2125,25.4878],[80.2125,25.4878],[80.2201,25.4823],[80.219,25.4773],[80.219,25.4773],[80.222,25.4749],[80.2243,25.4706],[80.2112,25.47],[80.2059,25.4836],[80.2004,25.4788],[80.1939,25.467],[80.1952,25.4494],[80.1907,25.442],[80.1737,25.4484],[80.1496,25.4575],[80.1448,25.4582],[80.1394,25.4563],[80.1394,25.4563],[80.1386,25.4516],[80.1304,25.4269],[80.1246,25.4194],[80.1218,25.4146],[80.1209,25.411],[80.1211,25.4074],[80.1211,25.4074],[80.1123,25.4025],[80.1071,25.4009],[80.1041,25.4017],[80.0992,25.4049],[80.0968,25.4081],[80.0911,25.4126],[80.082,25.415],[80.0761,25.419],[80.0706,25.4247],[80.0669,25.4245],[80.064,25.4269],[80.0554,25.426],[80.0523,25.4242],[80.0307,25.4319],[80.0275,25.4362],[80.0279,25.4405],[80.0243,25.4443],[80.025,25.45],[80.031,25.4571],[80.0325,25.4646],[80.036,25.4717],[80.0373,25.4785],[80.0356,25.4917],[80.0189,25.4863],[80.0129,25.4863],[80.0002,25.4889],[79.9971,25.4912],[79.9992,25.4945],[79.9978,25.4954],[79.9975,25.4982],[80.0044,25.5065],[80.0093,25.5108],[80.008,25.52],[80.0011,25.5271],[80.0002,25.532],[79.994,25.5346],[79.9849,25.535],[79.9842,25.5353],[79.9828,25.5358],[79.9946,25.5429],[80.0002,25.5488],[80.0118,25.5517],[80.0147,25.5539],[80.0123,25.5557],[80.0129,25.5683],[80.0154,25.5734],[80.0161,25.5742],[80.0213,25.5802],[80.026,25.5883],[80.0167,25.5889],[80.0076,25.5945],[80.0002,25.6061],[80.0011,25.6123],[80.0014,25.6166],[80.0002,25.6174],[79.994,25.6175],[79.9919,25.6187],[79.9802,25.6308],[79.969,25.6371],[79.9676,25.6377],[79.9576,25.6419],[79.9551,25.6424],[79.953,25.642],[79.9495,25.6337],[79.9482,25.6321],[79.9449,25.6282],[79.9447,25.6261],[79.9492,25.6205],[79.958,25.6125],[79.9562,25.6074],[79.954,25.6045],[79.9483,25.597],[79.9482,25.5957],[79.9426,25.5924],[79.9381,25.5917],[79.9305,25.5924],[79.9243,25.5947],[79.9138,25.5966],[79.9081,25.5939],[79.9051,25.5899],[79.9006,25.5874],[79.9007,25.5857],[79.8983,25.5836],[79.8965,25.58],[79.8931,25.578],[79.8794,25.5774],[79.874,25.5768],[79.8714,25.5755],[79.8664,25.5694],[79.8647,25.5649],[79.8637,25.5577],[79.8595,25.5475],[79.8576,25.5455],[79.852,25.5442],[79.8486,25.5466],[79.831,25.5492],[79.8273,25.5488],[79.8244,25.547],[79.823,25.5383],[79.8268,25.5335],[79.8288,25.5271],[79.828,25.5249],[79.8229,25.5218],[79.821,25.5187],[79.8187,25.5142],[79.8143,25.499],[79.8133,25.4978],[79.8092,25.4972],[79.8042,25.4986],[79.805,25.5046],[79.7966,25.5063],[79.783,25.5134],[79.7814,25.5141],[79.7722,25.5169],[79.7669,25.5216],[79.7655,25.5241],[79.7646,25.5326],[79.7631,25.536],[79.7575,25.5259],[79.7555,25.5166],[79.7532,25.5163],[79.7417,25.5229],[79.7392,25.5256],[79.744,25.5386],[79.7443,25.5424],[79.7435,25.5467],[79.7422,25.5482],[79.7376,25.5495],[79.73,25.5534],[79.7272,25.5597],[79.7142,25.5664],[79.6988,25.561],[79.698,25.5579],[79.7018,25.5555],[79.7029,25.5543],[79.7031,25.5524],[79.7016,25.5505],[79.6936,25.5469],[79.6884,25.5458],[79.6738,25.5453],[79.6704,25.5463],[79.669,25.5492],[79.6663,25.5514],[79.6631,25.5514],[79.6608,25.5504],[79.6594,25.5463],[79.66,25.5417],[79.6652,25.5378],[79.6659,25.5351],[79.6623,25.5293],[79.6663,25.5215],[79.6664,25.5129],[79.6637,25.5119],[79.656,25.5111],[79.647,25.5101],[79.6442,25.5089],[79.6413,25.5065],[79.6417,25.5037],[79.6429,25.5019],[79.6455,25.5012],[79.6466,25.4998],[79.6464,25.4985],[79.644,25.4968],[79.6431,25.4938],[79.6445,25.4917],[79.6449,25.4878],[79.6448,25.4858],[79.6423,25.4842],[79.6379,25.484],[79.6294,25.4863],[79.6275,25.4862],[79.6209,25.4826],[79.6156,25.4827],[79.6077,25.4887],[79.6074,25.4919],[79.6047,25.4944],[79.6042,25.496],[79.6001,25.4973],[79.5957,25.497],[79.5933,25.4953],[79.5888,25.4876],[79.5847,25.4905],[79.5805,25.4887],[79.577,25.486],[79.5767,25.4857],[79.5712,25.4793],[79.5664,25.4765],[79.5656,25.4773],[79.5642,25.4776],[79.5627,25.4795],[79.5622,25.4817],[79.5644,25.4913],[79.5398,25.492],[79.5378,25.4902],[79.5367,25.4857],[79.5351,25.4832],[79.5308,25.4818],[79.5259,25.4838],[79.524,25.4927],[79.5221,25.4944],[79.5203,25.4948],[79.5168,25.4941],[79.5153,25.4923],[79.5138,25.488],[79.5123,25.4866],[79.5073,25.4876],[79.4972,25.4929],[79.4925,25.4939],[79.4839,25.4896],[79.4775,25.4944],[79.4751,25.498],[79.4725,25.5006],[79.4669,25.5064],[79.4595,25.5045],[79.4537,25.5056],[79.4435,25.5096],[79.4337,25.5057],[79.427,25.5045],[79.4217,25.5079],[79.4137,25.5112],[79.4088,25.5152],[79.4041,25.5177],[79.4015,25.5166],[79.3982,25.517],[79.389,25.5218],[79.3987,25.5292],[79.4054,25.5364],[79.4088,25.5415],[79.4105,25.5454],[79.4098,25.5492],[79.4075,25.5534],[79.4024,25.5635],[79.4023,25.5672],[79.4062,25.5708],[79.4169,25.573],[79.4181,25.5739],[79.4208,25.5772],[79.4199,25.5809],[79.418,25.5831],[79.4133,25.5834],[79.3966,25.5781],[79.3912,25.577],[79.3892,25.5772],[79.3858,25.5813],[79.3807,25.5906],[79.3793,25.5952],[79.3747,25.6027],[79.3746,25.6096],[79.3783,25.6204],[79.3762,25.624],[79.3674,25.6325],[79.3616,25.6403],[79.3607,25.6431],[79.3616,25.6465],[79.3679,25.6489],[79.3749,25.6498],[79.3813,25.6479],[79.3953,25.6473],[79.4014,25.6486],[79.4039,25.6501],[79.406,25.6526],[79.4036,25.657],[79.3873,25.6592],[79.3824,25.6621],[79.3792,25.6652],[79.3784,25.669],[79.3848,25.6781],[79.3872,25.6829],[79.3874,25.6851],[79.3862,25.6878],[79.3752,25.6951],[79.3738,25.6964],[79.3729,25.6991],[79.3726,25.705],[79.3741,25.7155],[79.3814,25.7222],[79.3935,25.7295],[79.3999,25.7362],[79.4007,25.7383],[79.4001,25.7405],[79.3981,25.7413],[79.3846,25.7428],[79.3755,25.7463],[79.3741,25.7482],[79.3737,25.7504],[79.3746,25.7606],[79.3672,25.7672],[79.3654,25.768],[79.3637,25.7703],[79.3635,25.772],[79.3643,25.7743],[79.3698,25.7764],[79.3746,25.7765],[79.384,25.7747],[79.3891,25.7749],[79.3952,25.7763],[79.3989,25.7782],[79.4006,25.78],[79.402,25.7837],[79.4019,25.7883],[79.4008,25.7931],[79.398,25.7962],[79.3998,25.806],[79.4028,25.8082],[79.409,25.8099],[79.419,25.808],[79.4297,25.8025],[79.4357,25.7973],[79.4402,25.7911],[79.4447,25.7881],[79.4502,25.7868],[79.4541,25.7869],[79.4602,25.7884],[79.4639,25.7913],[79.4654,25.7947],[79.4659,25.8004],[79.465,25.8061],[79.46,25.8159],[79.4591,25.8196],[79.4598,25.8239],[79.4642,25.8295],[79.4799,25.8434],[79.4857,25.8469],[79.4944,25.8541],[79.5018,25.858],[79.5031,25.8583],[79.508,25.8564],[79.5182,25.8466],[79.5288,25.837],[79.5313,25.8337],[79.5342,25.8257],[79.5358,25.8247],[79.5376,25.8218],[79.5416,25.8196],[79.5449,25.8196],[79.5498,25.8205],[79.5539,25.8225],[79.5559,25.8265],[79.5623,25.8344],[79.5653,25.8405],[79.5744,25.8504],[79.5763,25.8533],[79.577,25.8555],[79.5759,25.8609],[79.5734,25.8649],[79.571,25.867],[79.5661,25.8678],[79.5572,25.8669],[79.5438,25.8626],[79.5359,25.8627],[79.5315,25.8642],[79.5279,25.8672],[79.5252,25.8715],[79.5229,25.8806],[79.5234,25.8855],[79.5253,25.889],[79.5279,25.892],[79.5339,25.8951],[79.5392,25.8954],[79.5428,25.8945],[79.5436,25.8931],[79.5559,25.8907],[79.5655,25.8886],[79.5728,25.8856],[79.5753,25.8853],[79.5859,25.8882],[79.5983,25.8954],[79.6132,25.8983],[79.6151,25.8996],[79.6168,25.9028],[79.6166,25.9051],[79.6138,25.911],[79.6075,25.9172],[79.6063,25.9196],[79.606,25.9224],[79.6081,25.9261],[79.6108,25.9287],[79.6195,25.9316],[79.6216,25.9322],[79.6252,25.9325],[79.6306,25.9308],[79.6407,25.9245],[79.6504,25.9124],[79.6531,25.9108],[79.6545,25.9077],[79.657,25.9059],[79.6617,25.9042],[79.6658,25.9039],[79.6738,25.909],[79.6789,25.9144],[79.6821,25.9217],[79.6866,25.9278],[79.6891,25.9286],[79.6932,25.9268],[79.6976,25.9226],[79.704,25.915],[79.7078,25.9071],[79.7101,25.9056],[79.7133,25.9053],[79.7177,25.9059],[79.7241,25.9079],[79.7329,25.9123],[79.7377,25.9132],[79.7403,25.9128],[79.7518,25.9066],[79.7555,25.9015],[79.7593,25.8925],[79.763,25.8795],[79.7676,25.8729],[79.7725,25.8702],[79.775,25.8684],[79.7747,25.8678],[79.7765,25.8675],[79.7786,25.8659],[79.7804,25.8668],[79.7834,25.8651],[79.7867,25.8651],[79.7889,25.8639],[79.8022,25.8635],[79.8058,25.8642],[79.812,25.8687],[79.8146,25.8748],[79.8145,25.8839],[79.8101,25.903],[79.8109,25.9091],[79.8149,25.9109],[79.8223,25.9124],[79.8253,25.9109],[79.8286,25.9064],[79.8297,25.9],[79.8406,25.8862],[79.8435,25.8838],[79.8531,25.8802],[79.8582,25.8795],[79.8662,25.8802],[79.8703,25.8817],[79.8655,25.8957],[79.8644,25.902],[79.8639,25.9173],[79.8668,25.9356],[79.8651,25.9384],[79.852,25.9471],[79.8447,25.953],[79.8458,25.9603],[79.848,25.9638],[79.8508,25.9715],[79.8555,25.973],[79.873,25.9716],[79.8762,25.9699],[79.876,25.9666],[79.8732,25.9639],[79.8657,25.9592],[79.8626,25.9553],[79.8625,25.9531],[79.864,25.9522],[79.8697,25.9504],[79.8794,25.95],[79.8808,25.9513],[79.8851,25.9606],[79.8883,25.9635],[79.8926,25.9651],[79.899,25.9643],[79.9024,25.9622],[79.9036,25.9621],[79.9123,25.9701],[79.9226,25.964],[79.924,25.9647],[79.9344,25.975],[79.9367,25.9803],[79.9298,25.9876],[79.9301,25.9911],[79.934,25.9985],[79.9359,25.9991],[79.9437,25.9981],[79.9463,26.0002],[79.9544,26.0069],[79.957,26.0151],[79.9572,26.0227],[79.9537,26.024],[79.952,26.0259],[79.9493,26.0263],[79.9465,26.0256],[79.9376,26.0182],[79.9371,26.0165],[79.93,26.012],[79.9208,26.0103],[79.9135,26.0117],[79.9131,26.0128],[79.9165,26.0251],[79.9194,26.0285],[79.9238,26.0301],[79.9303,26.0302],[79.9415,26.0277],[79.946,26.0296],[79.9461,26.0316],[79.9441,26.0371],[79.9443,26.0421],[79.947,26.0508],[79.9473,26.054],[79.9465,26.0573],[79.9369,26.0667],[79.9376,26.0695],[79.9341,26.0714],[79.933,26.0738],[79.9332,26.0783],[79.9322,26.0797],[79.9225,26.0878],[79.9216,26.0908],[79.9248,26.0916],[79.9267,26.0944],[79.9347,26.1167],[79.9392,26.1248],[79.9378,26.1482],[79.938,26.1518],[79.9399,26.1578],[79.9428,26.16],[79.953,26.1621],[79.9615,26.1608],[79.9653,26.1577],[79.9663,26.1552],[79.968,26.1535],[79.9702,26.1442],[79.9714,26.1337],[79.9699,26.1275],[79.9675,26.1225],[79.9656,26.1129],[79.9608,26.0979],[79.9572,26.0827],[79.9581,26.0781],[79.9594,26.0762],[79.9624,26.0742],[79.9695,26.0707],[79.9774,26.0691]]]},"properties":{"district_name":"Hamirpur","raw_district_name":"Hamirpur","state_code":"UP","state_name":"Uttar Pradesh","census_code":168,"data_source":"DataMeet India Maps (Census 2011 Boundaries)"}},{"type":"Feature","geometry":{"type":"Polygon","coordinates":[[[80.3122,27.6786],[80.3107,27.6731],[80.3112,27.6714],[80.3138,27.6695],[80.31,27.6516],[80.3131,27.6464],[80.3136,27.6395],[80.3116,27.6367],[80.3055,27.6315],[80.3046,27.6255],[80.3055,27.624],[80.3074,27.6234],[80.3047,27.618],[80.3073,27.6167],[80.308,27.6159],[80.3075,27.6145],[80.3091,27.6138],[80.3092,27.6115],[80.3083,27.6103],[80.3099,27.6084],[80.3084,27.6066],[80.3096,27.6045],[80.312,27.6046],[80.3145,27.6033],[80.3197,27.6046],[80.324,27.6026],[80.3251,27.5999],[80.3243,27.5966],[80.3175,27.5917],[80.3179,27.5911],[80.3216,27.5919],[80.3239,27.5906],[80.324,27.5894],[80.3117,27.5866],[80.3089,27.5851],[80.3064,27.5826],[80.3061,27.5813],[80.3096,27.5753],[80.3108,27.5718],[80.3148,27.5696],[80.3184,27.5696],[80.3183,27.5636],[80.3193,27.5599],[80.323,27.5565],[80.3257,27.5561],[80.3253,27.5539],[80.3226,27.5504],[80.3231,27.5493],[80.3198,27.5457],[80.3228,27.5443],[80.3257,27.5415],[80.324,27.5355],[80.3269,27.531],[80.3297,27.5283],[80.3277,27.5231],[80.3329,27.5167],[80.3453,27.5114],[80.3501,27.4998],[80.3502,27.4938],[80.3541,27.484],[80.3578,27.4796],[80.3603,27.4789],[80.3636,27.4784],[80.3679,27.4789],[80.3717,27.4803],[80.3805,27.4776],[80.3831,27.4762],[80.3881,27.4763],[80.3904,27.4754],[80.3917,27.4734],[80.3913,27.4675],[80.3936,27.4643],[80.3985,27.4631],[80.4037,27.463],[80.4057,27.4612],[80.405,27.4581],[80.4007,27.456],[80.4004,27.455],[80.4021,27.4501],[80.4044,27.449],[80.406,27.4495],[80.4078,27.4472],[80.4086,27.4451],[80.4085,27.4422],[80.4112,27.4371],[80.4129,27.4352],[80.4201,27.4318],[80.4288,27.4219],[80.4288,27.4196],[80.4246,27.4208],[80.4194,27.4186],[80.4193,27.4162],[80.4243,27.4122],[80.4325,27.4077],[80.4353,27.4028],[80.4479,27.4027],[80.4509,27.4022],[80.4525,27.4007],[80.4498,27.3991],[80.4494,27.3981],[80.4496,27.396],[80.4529,27.3947],[80.4506,27.3832],[80.451,27.3795],[80.4533,27.3718],[80.4556,27.3673],[80.4586,27.3665],[80.4659,27.3692],[80.4679,27.3678],[80.4685,27.3647],[80.4677,27.3573],[80.4666,27.3568],[80.4641,27.3592],[80.4571,27.3634],[80.4558,27.3626],[80.4546,27.3596],[80.4544,27.357],[80.4571,27.3533],[80.4623,27.3508],[80.4642,27.3487],[80.4628,27.3463],[80.4607,27.3457],[80.4573,27.3419],[80.4586,27.3404],[80.4653,27.3398],[80.4658,27.3436],[80.4673,27.3454],[80.4684,27.3456],[80.4754,27.3456],[80.4822,27.3442],[80.4837,27.3425],[80.4842,27.3398],[80.4846,27.3311],[80.4874,27.3274],[80.4959,27.327],[80.5013,27.3251],[80.5006,27.3228],[80.4973,27.3195],[80.496,27.3162],[80.4955,27.3104],[80.4968,27.3071],[80.5006,27.3045],[80.5072,27.3032],[80.5078,27.3005],[80.507,27.2923],[80.5113,27.291],[80.514,27.2774],[80.5161,27.2712],[80.5178,27.2688],[80.5178,27.267],[80.5103,27.269],[80.501,27.26],[80.4986,27.2562],[80.5002,27.2551],[80.5094,27.2567],[80.5145,27.2554],[80.5157,27.2607],[80.5261,27.2609],[80.5325,27.2628],[80.5382,27.2653],[80.5436,27.2689],[80.5474,27.2736],[80.556,27.2712],[80.5599,27.2695],[80.5601,27.275],[80.5628,27.2846],[80.5658,27.292],[80.5713,27.292],[80.5755,27.2841],[80.5705,27.282],[80.5694,27.2805],[80.5703,27.2784],[80.5731,27.278],[80.5771,27.2795],[80.5815,27.2801],[80.5846,27.2791],[80.5866,27.273],[80.5889,27.2711],[80.5958,27.2747],[80.5989,27.2725],[80.5998,27.2617],[80.602,27.2592],[80.6056,27.2586],[80.6057,27.2614],[80.6046,27.2634],[80.6042,27.2667],[80.6147,27.2678],[80.6187,27.2711],[80.6196,27.271],[80.6235,27.2643],[80.6255,27.2574],[80.6296,27.2544],[80.6331,27.2554],[80.6324,27.2569],[80.6339,27.2604],[80.6384,27.2599],[80.6395,27.2606],[80.6413,27.2652],[80.648,27.2606],[80.6557,27.2576],[80.6486,27.2545],[80.6468,27.2527],[80.6476,27.251],[80.6433,27.246],[80.6444,27.243],[80.6507,27.2424],[80.6532,27.2411],[80.6538,27.2364],[80.6527,27.2329],[80.6542,27.2294],[80.657,27.2271],[80.6717,27.2242],[80.6735,27.2226],[80.6766,27.2216],[80.6874,27.2208],[80.6908,27.2155],[80.6988,27.2188],[80.7007,27.2215],[80.708,27.2298],[80.7159,27.2348],[80.728,27.2354],[80.7342,27.2323],[80.7352,27.2311],[80.7322,27.2258],[80.7333,27.2231],[80.7394,27.2235],[80.7468,27.2261],[80.7503,27.2264],[80.752,27.2207],[80.7524,27.2146],[80.7583,27.2125],[80.7656,27.205],[80.7662,27.2026],[80.7695,27.2003],[80.7748,27.203],[80.7814,27.203],[80.7892,27.2059],[80.79,27.2016],[80.7986,27.1944],[80.8004,27.1921],[80.8021,27.1871],[80.8,27.1809],[80.8067,27.1785],[80.8084,27.1771],[80.8093,27.1734],[80.8089,27.1688],[80.8157,27.1659],[80.8177,27.1613],[80.8164,27.157],[80.8186,27.1553],[80.8217,27.1554],[80.8232,27.1531],[80.8181,27.1479],[80.8205,27.1404],[80.8202,27.1375],[80.8193,27.1361],[80.8062,27.1322],[80.8047,27.1305],[80.805,27.1289],[80.8089,27.1248],[80.8097,27.1231],[80.8083,27.1154],[80.8085,27.1128],[80.8122,27.1122],[80.8183,27.1126],[80.8244,27.1104],[80.8258,27.111],[80.8272,27.1096],[80.8278,27.1035],[80.8273,27.1014],[80.8188,27.0974],[80.8158,27.0992],[80.8055,27.1018],[80.7995,27.1054],[80.7944,27.1097],[80.791,27.1109],[80.7885,27.1103],[80.7873,27.1087],[80.7835,27.0979],[80.779,27.098],[80.7707,27.1023],[80.7674,27.0919],[80.7655,27.0889],[80.7592,27.1004],[80.7528,27.0992],[80.7424,27.1016],[80.7382,27.1008],[80.7348,27.0996],[80.7319,27.0974],[80.7244,27.087],[80.7197,27.0833],[80.7118,27.08],[80.7132,27.0718],[80.7128,27.0691],[80.7118,27.0676],[80.7024,27.0684],[80.7011,27.0601],[80.6979,27.0611],[80.6958,27.0635],[80.691,27.0618],[80.6861,27.0632],[80.6796,27.0669],[80.6758,27.0703],[80.6667,27.0748],[80.6625,27.0737],[80.6521,27.0761],[80.6468,27.0786],[80.642,27.073],[80.6413,27.0684],[80.6509,27.0673],[80.6555,27.0642],[80.6567,27.0622],[80.6553,27.0612],[80.6514,27.0615],[80.6426,27.0642],[80.6374,27.0589],[80.6297,27.0563],[80.6235,27.0568],[80.6228,27.0542],[80.621,27.0453],[80.6185,27.0411],[80.6154,27.0381],[80.6075,27.0367],[80.6068,27.0392],[80.6048,27.0416],[80.599,27.0422],[80.5961,27.0396],[80.5966,27.0386],[80.5938,27.0379],[80.5895,27.0383],[80.5808,27.0344],[80.5779,27.0327],[80.5769,27.0307],[80.5777,27.0295],[80.5802,27.029],[80.588,27.0293],[80.5882,27.0265],[80.5786,27.0202],[80.5675,27.0169],[80.5605,27.0108],[80.5587,27.0102],[80.5536,27.0132],[80.5505,27.0129],[80.5447,27.0015],[80.5419,27.0019],[80.5397,27.0036],[80.5293,27.0071],[80.5246,27.005],[80.5185,27.0008],[80.5135,26.9944],[80.5072,26.989],[80.5013,26.985],[80.4939,26.9863],[80.4878,26.9882],[80.4808,26.9842],[80.4799,26.9791],[80.4778,26.9765],[80.4719,26.9777],[80.4665,26.9757],[80.4627,26.9768],[80.4582,26.9745],[80.4513,26.9693],[80.4462,26.9665],[80.4446,26.9599],[80.4484,26.9577],[80.4492,26.955],[80.4476,26.9477],[80.445,26.9458],[80.4357,26.9444],[80.4277,26.9415],[80.4251,26.9227],[80.4263,26.9172],[80.4298,26.9119],[80.4236,26.8991],[80.4158,26.8874],[80.4058,26.8989],[80.4026,26.9033],[80.3993,26.9051],[80.3953,26.914],[80.3948,26.9179],[80.3941,26.9218],[80.3898,26.9244],[80.3872,26.9297],[80.3843,26.9303],[80.3777,26.9275],[80.3734,26.9253],[80.3699,26.9276],[80.3645,26.9249],[80.3611,26.9227],[80.3544,26.9314],[80.344,26.9432],[80.3391,26.9484],[80.3392,26.9543],[80.3401,26.9631],[80.3401,26.9672],[80.3354,26.971],[80.3298,26.9833],[80.3294,26.9872],[80.3284,26.9894],[80.3254,26.9886],[80.3168,26.9868],[80.3096,26.9911],[80.3034,26.993],[80.2988,26.9956],[80.2955,27.0007],[80.3,27.0067],[80.3066,27.0116],[80.3083,27.0137],[80.3098,27.0186],[80.3079,27.0228],[80.3065,27.0236],[80.3062,27.0247],[80.3048,27.025],[80.3006,27.0247],[80.2937,27.0219],[80.2905,27.0224],[80.2882,27.0252],[80.2872,27.0288],[80.2857,27.03],[80.2672,27.0279],[80.2608,27.0296],[80.2547,27.0289],[80.2522,27.0266],[80.2569,27.0198],[80.257,27.0181],[80.2474,27.0161],[80.2443,27.0143],[80.2425,27.0124],[80.2418,27.0099],[80.2405,27.0006],[80.2377,26.9904],[80.2346,26.9821],[80.2316,26.9743],[80.2298,26.9704],[80.2242,26.9694],[80.2216,26.9683],[80.2207,26.9652],[80.2134,26.9675],[80.2055,26.9703],[80.1981,26.9649],[80.1909,26.9605],[80.1849,26.9581],[80.1777,26.957],[80.1742,26.9587],[80.1726,26.9644],[80.1734,26.9704],[80.1753,26.973],[80.1799,26.9768],[80.1813,26.9805],[80.1809,26.9845],[80.1822,26.9896],[80.1845,26.9959],[80.183,26.9968],[80.1778,26.9967],[80.1727,26.997],[80.1715,26.9932],[80.1667,26.9892],[80.1619,26.9851],[80.1597,26.9854],[80.1522,26.9796],[80.1486,26.9785],[80.1452,26.9801],[80.1464,26.9858],[80.1444,26.9862],[80.1398,26.9844],[80.1343,26.9886],[80.1316,26.9849],[80.1283,26.9814],[80.1268,26.9818],[80.1228,26.9848],[80.1176,26.9867],[80.1223,26.9902],[80.1223,26.9928],[80.1211,26.995],[80.115,26.9951],[80.1088,26.9918],[80.1062,26.9866],[80.1048,26.984],[80.1004,26.9796],[80.1003,26.974],[80.1034,26.9683],[80.1052,26.9603],[80.086,26.9589],[80.0813,26.9514],[80.0767,26.948],[80.0724,26.9445],[80.0676,26.9418],[80.0625,26.938],[80.0583,26.9337],[80.0557,26.9277],[80.0517,26.9191],[80.0387,26.9287],[80.0278,26.9396],[80.0208,26.9526],[80.019,26.9642],[80.0154,26.9769],[80.0107,26.9825],[80.0065,26.9893],[80,27],[79.9981,27.0059],[79.9931,27.0112],[79.9873,27.0218],[79.9797,27.0275],[79.9749,27.035],[79.9729,27.0447],[79.9742,27.058],[79.9759,27.0647],[79.9731,27.0716],[79.9664,27.0752],[79.9597,27.0757],[79.9445,27.0797],[79.936,27.0871],[79.9347,27.0921],[79.9226,27.0976],[79.9164,27.1233],[79.9133,27.1319],[79.9056,27.1465],[79.9015,27.1488],[79.894,27.151],[79.8868,27.1516],[79.8652,27.1495],[79.8588,27.1507],[79.8569,27.1542],[79.8617,27.1584],[79.8669,27.1695],[79.8595,27.1728],[79.8549,27.1722],[79.8527,27.171],[79.8414,27.1717],[79.8334,27.1688],[79.8272,27.1686],[79.8146,27.1704],[79.8051,27.1682],[79.7962,27.1749],[79.7791,27.1897],[79.7681,27.195],[79.7533,27.2026],[79.734,27.2152],[79.7259,27.2164],[79.7258,27.2164],[79.7273,27.2177],[79.7079,27.2251],[79.7002,27.2292],[79.6996,27.2321],[79.7032,27.244],[79.7008,27.2466],[79.6976,27.2484],[79.6961,27.2518],[79.6962,27.255],[79.6979,27.2591],[79.7024,27.262],[79.7096,27.2601],[79.7253,27.2729],[79.7296,27.275],[79.7321,27.2771],[79.7325,27.2798],[79.728,27.2913],[79.7258,27.2946],[79.7272,27.3081],[79.7227,27.3176],[79.722,27.3274],[79.7179,27.3315],[79.7172,27.3354],[79.712,27.3438],[79.7077,27.3488],[79.7002,27.3552],[79.6902,27.3679],[79.6904,27.3728],[79.6952,27.3849],[79.6986,27.3884],[79.7102,27.3958],[79.7126,27.3981],[79.7179,27.4058],[79.7253,27.4123],[79.7245,27.4175],[79.7195,27.4223],[79.7216,27.432],[79.7251,27.4351],[79.7289,27.4343],[79.7338,27.436],[79.7391,27.4393],[79.7463,27.4464],[79.7464,27.4482],[79.747,27.4519],[79.7379,27.4563],[79.7352,27.4586],[79.7355,27.4619],[79.7327,27.4673],[79.7164,27.4732],[79.717,27.475],[79.7216,27.4791],[79.7323,27.4863],[79.7329,27.4899],[79.7307,27.4991],[79.7343,27.5051],[79.7333,27.5081],[79.7311,27.5103],[79.7301,27.5135],[79.731,27.5286],[79.7302,27.5325],[79.7279,27.5374],[79.7226,27.5411],[79.7126,27.5447],[79.7091,27.5467],[79.7097,27.5531],[79.7157,27.5633],[79.7164,27.5661],[79.7134,27.5762],[79.7166,27.5819],[79.7148,27.588],[79.7077,27.5884],[79.7049,27.5894],[79.704,27.5905],[79.7035,27.5963],[79.6998,27.6032],[79.6995,27.6083],[79.7028,27.6111],[79.7012,27.6158],[79.6911,27.6188],[79.6895,27.6214],[79.6883,27.626],[79.6884,27.6334],[79.6945,27.6428],[79.6964,27.6529],[79.6993,27.6563],[79.7118,27.6647],[79.716,27.6665],[79.7218,27.6671],[79.7265,27.6693],[79.7289,27.6722],[79.7335,27.6869],[79.7343,27.6923],[79.7335,27.7002],[79.735,27.7136],[79.7367,27.7159],[79.7378,27.7191],[79.7413,27.7217],[79.7438,27.7197],[79.7522,27.7176],[79.7574,27.7187],[79.7666,27.7127],[79.7856,27.6823],[79.7911,27.6761],[79.8072,27.6629],[79.809,27.66],[79.8145,27.6566],[79.826,27.6535],[79.8357,27.6532],[79.8521,27.6498],[79.8614,27.6497],[79.866,27.6525],[79.8712,27.6618],[79.8776,27.6686],[79.8826,27.677],[79.8817,27.7],[79.8875,27.7038],[79.8954,27.7032],[79.902,27.7005],[79.9121,27.701],[79.9183,27.7031],[79.9152,27.71],[79.9113,27.7142],[79.914,27.7206],[79.9268,27.7157],[79.9325,27.7123],[79.9459,27.7138],[79.9514,27.7157],[79.9615,27.7279],[79.9662,27.7298],[79.9721,27.7303],[79.9869,27.7258],[79.995,27.7269],[80,27.7286],[80.0014,27.7275],[80.0062,27.7265],[80.0113,27.7296],[80.0143,27.7327],[80.0184,27.7303],[80.0223,27.7346],[80.0251,27.74],[80.0283,27.7438],[80.03,27.7438],[80.0319,27.7419],[80.0332,27.7402],[80.0348,27.7351],[80.0358,27.7341],[80.0373,27.7339],[80.0413,27.7378],[80.0447,27.7427],[80.049,27.7407],[80.059,27.7411],[80.0654,27.7433],[80.0732,27.7472],[80.074,27.7503],[80.0625,27.7575],[80.0593,27.7612],[80.0584,27.7645],[80.0588,27.7662],[80.063,27.7702],[80.0671,27.7712],[80.0853,27.7785],[80.0897,27.7832],[80.0917,27.7843],[80.0929,27.7834],[80.0947,27.7836],[80.1016,27.7801],[80.1064,27.7808],[80.1127,27.7835],[80.1123,27.7805],[80.111,27.7794],[80.1109,27.7781],[80.1148,27.7746],[80.1162,27.7742],[80.1186,27.7765],[80.126,27.7756],[80.1367,27.7772],[80.1348,27.7654],[80.1314,27.7537],[80.1322,27.7496],[80.1407,27.7518],[80.1446,27.7538],[80.1502,27.7591],[80.1584,27.7704],[80.1619,27.7652],[80.1691,27.7618],[80.174,27.7635],[80.1782,27.7629],[80.1803,27.7658],[80.1828,27.7676],[80.1845,27.7677],[80.1932,27.7598],[80.2017,27.7752],[80.2041,27.7747],[80.2074,27.7721],[80.2119,27.7707],[80.2224,27.7715],[80.2336,27.7701],[80.2313,27.7693],[80.225,27.765],[80.224,27.7631],[80.2245,27.762],[80.2263,27.7613],[80.233,27.7616],[80.235,27.7623],[80.2378,27.7655],[80.2428,27.7608],[80.2441,27.7578],[80.2437,27.757],[80.2373,27.7545],[80.2358,27.753],[80.2365,27.7511],[80.2406,27.7501],[80.2442,27.7511],[80.2509,27.7563],[80.2528,27.7551],[80.2536,27.751],[80.2547,27.7495],[80.2565,27.7488],[80.2574,27.7467],[80.2582,27.7435],[80.2592,27.7426],[80.2654,27.7418],[80.2672,27.7409],[80.2682,27.7379],[80.2672,27.7369],[80.2677,27.7335],[80.2701,27.7325],[80.2711,27.7298],[80.2738,27.7276],[80.2765,27.728],[80.2784,27.7296],[80.2827,27.7364],[80.2839,27.7369],[80.285,27.7358],[80.2857,27.7321],[80.2836,27.726],[80.2845,27.7223],[80.2802,27.7102],[80.2838,27.7084],[80.2919,27.7081],[80.2991,27.7036],[80.3003,27.7007],[80.2955,27.6991],[80.298,27.6956],[80.2996,27.6947],[80.3014,27.6904],[80.2976,27.6919],[80.2967,27.69],[80.2973,27.6879],[80.2985,27.6869],[80.2986,27.6853],[80.304,27.6804],[80.3122,27.6786]]]},"properties":{"district_name":"Hardoi","raw_district_name":"Hardoi","state_code":"UP","state_name":"Uttar Pradesh","census_code":155,"data_source":"DataMeet India Maps (Census 2011 Boundaries)"}},{"type":"Feature","geometry":{"type":"Polygon","coordinates":[[[78.4788,27.8076],[78.4755,27.8083],[78.4754,27.8023],[78.4741,27.8007],[78.4739,27.799],[78.4755,27.7956],[78.4757,27.7953],[78.4792,27.7914],[78.4808,27.7898],[78.4828,27.79],[78.4828,27.79],[78.4833,27.7889],[78.4799,27.7812],[78.4808,27.7782],[78.4797,27.7743],[78.48,27.7722],[78.48,27.7719],[78.4822,27.7705],[78.4823,27.7704],[78.4829,27.7688],[78.4814,27.7672],[78.4747,27.7643],[78.474,27.7612],[78.4754,27.7587],[78.4756,27.7583],[78.4874,27.7492],[78.4946,27.7454],[78.5076,27.7407],[78.5146,27.7399],[78.519,27.7337],[78.5251,27.7282],[78.5268,27.7259],[78.528,27.724],[78.5283,27.7236],[78.5111,27.7089],[78.5077,27.7048],[78.5077,27.7048],[78.5092,27.7023],[78.5183,27.6942],[78.5187,27.6939],[78.5143,27.6909],[78.5133,27.6875],[78.5056,27.6847],[78.508,27.6744],[78.5081,27.6741],[78.5115,27.6713],[78.5152,27.6698],[78.5154,27.6697],[78.5154,27.6683],[78.51,27.6678],[78.5104,27.6638],[78.5067,27.6588],[78.509,27.654],[78.5055,27.6486],[78.506,27.6465],[78.5008,27.6437],[78.4991,27.6402],[78.5015,27.6357],[78.5009,27.6316],[78.5009,27.6315],[78.5054,27.6248],[78.5057,27.6244],[78.5056,27.6228],[78.5006,27.6166],[78.4979,27.618],[78.4914,27.6135],[78.4876,27.6123],[78.4711,27.6186],[78.4694,27.6177],[78.466,27.6123],[78.4604,27.6104],[78.4578,27.6074],[78.4538,27.6064],[78.4523,27.6051],[78.4506,27.5993],[78.4464,27.5958],[78.4361,27.5912],[78.4224,27.5883],[78.4163,27.5805],[78.4141,27.5805],[78.4071,27.58],[78.4,27.5858],[78.3999,27.5861],[78.3993,27.5884],[78.3992,27.5884],[78.3972,27.588],[78.3919,27.5826],[78.389,27.5784],[78.389,27.5784],[78.3927,27.572],[78.393,27.5716],[78.3869,27.5664],[78.383,27.567],[78.3722,27.5661],[78.3675,27.5608],[78.3635,27.5591],[78.3606,27.5615],[78.3607,27.5616],[78.3661,27.5692],[78.3658,27.5696],[78.3631,27.5738],[78.3523,27.5737],[78.349,27.5748],[78.3445,27.5781],[78.3388,27.58],[78.3386,27.5804],[78.3378,27.5827],[78.3377,27.5827],[78.3339,27.5826],[78.3334,27.5787],[78.3323,27.577],[78.3283,27.575],[78.3208,27.5743],[78.3184,27.5728],[78.3182,27.57],[78.3199,27.5643],[78.3142,27.5589],[78.3132,27.5566],[78.3187,27.547],[78.3143,27.5433],[78.3043,27.551],[78.2981,27.5463],[78.2967,27.5465],[78.2918,27.544],[78.2915,27.5445],[78.2862,27.5544],[78.2862,27.5543],[78.2824,27.5535],[78.2803,27.5548],[78.272,27.5486],[78.2719,27.5485],[78.2789,27.5405],[78.2836,27.5364],[78.284,27.536],[78.2779,27.5304],[78.2778,27.5285],[78.2732,27.5256],[78.2702,27.5269],[78.2673,27.5253],[78.2642,27.5266],[78.2547,27.518],[78.252,27.519],[78.2486,27.5217],[78.2484,27.5221],[78.2464,27.5266],[78.2463,27.5266],[78.2446,27.5281],[78.2408,27.526],[78.2378,27.5257],[78.2324,27.5267],[78.2293,27.5249],[78.223,27.5288],[78.2143,27.5235],[78.2142,27.5234],[78.2178,27.5188],[78.2179,27.5186],[78.2201,27.5128],[78.2159,27.5076],[78.2128,27.5065],[78.2068,27.5084],[78.2051,27.505],[78.206,27.5007],[78.2043,27.497],[78.2086,27.4905],[78.2088,27.4902],[78.2091,27.4899],[78.2082,27.4829],[78.2032,27.4796],[78.2027,27.4789],[78.2017,27.4774],[78.2021,27.4761],[78.2023,27.4753],[78.1997,27.4705],[78.1974,27.4663],[78.1971,27.4647],[78.1969,27.463],[78.1968,27.4629],[78.1999,27.4602],[78.2003,27.4598],[78.1978,27.4564],[78.195,27.4563],[78.193,27.4563],[78.1917,27.4556],[78.1898,27.4546],[78.1843,27.4453],[78.1801,27.4326],[78.1811,27.4274],[78.1812,27.427],[78.1845,27.4264],[78.1895,27.427],[78.1931,27.429],[78.1975,27.433],[78.2003,27.433],[78.2006,27.433],[78.2009,27.4294],[78.1986,27.4203],[78.1957,27.4159],[78.198,27.4028],[78.1914,27.4021],[78.1861,27.4039],[78.1795,27.4088],[78.1777,27.4077],[78.1793,27.4018],[78.1787,27.3991],[78.1723,27.3976],[78.1757,27.3905],[78.1739,27.3875],[78.1623,27.3872],[78.1537,27.3824],[78.1367,27.3648],[78.1266,27.3667],[78.121,27.3713],[78.1067,27.3689],[78.0993,27.3738],[78.0914,27.3838],[78.0821,27.392],[78.0751,27.3884],[78.0707,27.38],[78.0611,27.3815],[78.0529,27.375],[78.052,27.3694],[78.0519,27.369],[78.0724,27.3654],[78.0796,27.3623],[78.0853,27.3574],[78.0877,27.3533],[78.088,27.3529],[78.0868,27.3526],[78.0827,27.3517],[78.0809,27.3513],[78.0753,27.3433],[78.0725,27.3351],[78.0595,27.3397],[78.0593,27.3402],[78.0583,27.3418],[78.0543,27.3445],[78.0531,27.3453],[78.0471,27.3474],[78.0429,27.3462],[78.039,27.3399],[78.039,27.3399],[78.0405,27.3374],[78.0408,27.337],[78.039,27.3337],[78.031,27.3332],[78.0293,27.3297],[78.0211,27.3243],[78.0146,27.3276],[78.0113,27.3276],[78.0134,27.3212],[78.0052,27.3262],[77.9841,27.3253],[77.9809,27.3196],[77.9807,27.3132],[77.9807,27.3131],[77.9844,27.308],[77.9908,27.3037],[77.9911,27.3035],[77.9904,27.2838],[77.9821,27.2803],[77.979,27.2771],[77.9727,27.2706],[77.9692,27.2669],[77.9663,27.2666],[77.963,27.2662],[77.9634,27.2793],[77.9616,27.2941],[77.9614,27.2941],[77.9578,27.2932],[77.9505,27.2827],[77.9503,27.2838],[77.9331,27.3014],[77.9123,27.3151],[77.9037,27.323],[77.9037,27.3233],[77.9034,27.3339],[77.9085,27.3422],[77.9069,27.3476],[77.9067,27.3479],[77.899,27.3584],[77.899,27.3584],[77.9026,27.3639],[77.9117,27.3675],[77.9191,27.3737],[77.9189,27.3791],[77.9187,27.3793],[77.9142,27.3825],[77.9141,27.3829],[77.911,27.3906],[77.9103,27.4092],[77.9174,27.4122],[77.9344,27.413],[77.9339,27.4217],[77.9336,27.4219],[77.9275,27.427],[77.9139,27.4254],[77.9053,27.432],[77.9052,27.4323],[77.9028,27.4408],[77.9086,27.447],[77.9222,27.4548],[77.9356,27.4687],[77.9422,27.4845],[77.9419,27.4848],[77.9348,27.4917],[77.9303,27.495],[77.9199,27.4974],[77.9179,27.4993],[77.9173,27.5001],[77.9169,27.5006],[77.9168,27.5006],[77.9112,27.5005],[77.9111,27.501],[77.9082,27.5079],[77.9077,27.5115],[77.9074,27.5117],[77.9042,27.5149],[77.8971,27.5156],[77.8949,27.5166],[77.8897,27.5165],[77.8861,27.518],[77.8794,27.5251],[77.8793,27.5254],[77.8786,27.5268],[77.8796,27.5338],[77.8817,27.5369],[77.8897,27.5389],[77.8932,27.5421],[77.8954,27.5475],[77.8987,27.5513],[77.9027,27.5516],[77.9058,27.5533],[77.9085,27.5612],[77.9085,27.5637],[77.8994,27.5817],[77.8993,27.5818],[77.8976,27.5838],[77.8977,27.5839],[77.9,27.5863],[77.9241,27.5933],[77.9365,27.5963],[77.9454,27.6069],[77.9547,27.6112],[77.9609,27.6082],[77.9611,27.6081],[77.9611,27.5983],[77.9611,27.598],[77.9671,27.5946],[77.9772,27.6048],[77.9844,27.6098],[77.9898,27.6081],[77.9899,27.6081],[77.9928,27.6018],[77.993,27.6014],[78,27.6003],[78.0052,27.6073],[78.0035,27.6126],[78.0033,27.6128],[77.9941,27.621],[77.9942,27.6212],[77.9962,27.6319],[78.0027,27.6424],[78.0087,27.6504],[78.016,27.6671],[78.0181,27.677],[78.0178,27.6774],[78.0105,27.6874],[78.0103,27.6878],[78.0057,27.6957],[78.0061,27.7026],[78.0159,27.7104],[78.0174,27.7181],[78.0171,27.7186],[78.0132,27.7253],[78.0104,27.7279],[78.0105,27.728],[78.0123,27.7323],[78.0214,27.7316],[78.0257,27.735],[78.0256,27.7371],[78.0254,27.7373],[78.0174,27.7443],[78.0173,27.7446],[78.0153,27.7524],[78.0192,27.7628],[78.0228,27.7652],[78.0239,27.7715],[78.0306,27.7738],[78.0337,27.7708],[78.0414,27.769],[78.0474,27.7723],[78.0535,27.7813],[78.0617,27.7868],[78.07,27.7878],[78.0766,27.7808],[78.0769,27.7805],[78.0772,27.7717],[78.0772,27.7713],[78.0884,27.769],[78.1046,27.7681],[78.1183,27.7703],[78.1255,27.7746],[78.1349,27.7721],[78.14,27.768],[78.1512,27.7701],[78.1622,27.7742],[78.1689,27.7704],[78.1689,27.7704],[78.1722,27.7647],[78.1724,27.7643],[78.1825,27.7617],[78.2042,27.7658],[78.2178,27.761],[78.218,27.7609],[78.2188,27.7547],[78.2049,27.7371],[78.2043,27.7304],[78.2042,27.7302],[78.2155,27.7201],[78.2276,27.7086],[78.2344,27.7052],[78.2409,27.7035],[78.2465,27.6991],[78.2467,27.6989],[78.2485,27.6881],[78.2486,27.6879],[78.2597,27.6765],[78.2677,27.6773],[78.2736,27.6902],[78.2931,27.7046],[78.3073,27.7072],[78.3194,27.7191],[78.3248,27.7277],[78.3334,27.7341],[78.343,27.7372],[78.365,27.7422],[78.3756,27.7444],[78.3821,27.7517],[78.3881,27.7676],[78.398,27.7769],[78.4076,27.783],[78.4182,27.7868],[78.428,27.7956],[78.4418,27.8114],[78.4485,27.8178],[78.466,27.8275],[78.4747,27.8132],[78.4784,27.8081],[78.4788,27.8076]]]},"properties":{"district_name":"Mahamaya Nagar","raw_district_name":"Mahamaya Nagar","state_code":"UP","state_name":"Uttar Pradesh","census_code":144,"data_source":"DataMeet India Maps (Census 2011 Boundaries)"}},{"type":"Feature","geometry":{"type":"Polygon","coordinates":[[[79.5037,26.3638],[79.5054,26.3589],[79.5081,26.3565],[79.5137,26.3483],[79.5162,26.3465],[79.5263,26.3426],[79.5414,26.3486],[79.5451,26.3523],[79.5546,26.3595],[79.5601,26.3617],[79.5704,26.3609],[79.575,26.3548],[79.5744,26.3493],[79.5714,26.3419],[79.5694,26.3389],[79.5647,26.3355],[79.5536,26.3305],[79.5418,26.3232],[79.5358,26.3211],[79.5325,26.3191],[79.5302,26.3171],[79.529,26.3144],[79.5278,26.3048],[79.5302,26.2979],[79.5372,26.2871],[79.5421,26.2812],[79.5491,26.2752],[79.5676,26.2683],[79.5791,26.2629],[79.5809,26.2576],[79.5835,26.2563],[79.6017,26.2513],[79.6273,26.2485],[79.6407,26.2451],[79.6462,26.2446],[79.6522,26.2423],[79.6554,26.2377],[79.6558,26.2334],[79.6485,26.2229],[79.6473,26.2184],[79.6471,26.2146],[79.6478,26.2129],[79.6505,26.2107],[79.6558,26.2097],[79.6586,26.2082],[79.6726,26.2039],[79.685,26.1985],[79.6997,26.1945],[79.7092,26.1938],[79.7138,26.1926],[79.7302,26.1842],[79.7429,26.1829],[79.7584,26.184],[79.7659,26.183],[79.768,26.1811],[79.7698,26.1759],[79.7698,26.1697],[79.769,26.167],[79.7655,26.1629],[79.7617,26.159],[79.759,26.1546],[79.7457,26.1444],[79.7441,26.14],[79.745,26.1346],[79.7723,26.1256],[79.7774,26.1206],[79.7869,26.1084],[79.7901,26.1068],[79.7981,26.1058],[79.8121,26.1021],[79.8276,26.1007],[79.839,26.101],[79.8484,26.1039],[79.8597,26.1126],[79.865,26.1142],[79.8681,26.1145],[79.8806,26.1044],[79.883,26.1037],[79.8871,26.0998],[79.899,26.0928],[79.9144,26.0892],[79.9216,26.0908],[79.9225,26.0878],[79.9322,26.0797],[79.9332,26.0783],[79.933,26.0738],[79.9341,26.0714],[79.9376,26.0695],[79.9369,26.0667],[79.9465,26.0573],[79.9473,26.054],[79.947,26.0508],[79.9443,26.0421],[79.9441,26.0371],[79.9461,26.0316],[79.946,26.0296],[79.9415,26.0277],[79.9303,26.0302],[79.9238,26.0301],[79.9194,26.0285],[79.9165,26.0251],[79.9131,26.0128],[79.9135,26.0117],[79.9208,26.0103],[79.93,26.012],[79.9371,26.0165],[79.9376,26.0182],[79.9465,26.0256],[79.9493,26.0263],[79.952,26.0259],[79.9537,26.024],[79.9572,26.0227],[79.957,26.0151],[79.9544,26.0069],[79.9463,26.0002],[79.9437,25.9981],[79.9359,25.9991],[79.934,25.9985],[79.9301,25.9911],[79.9298,25.9876],[79.9367,25.9803],[79.9344,25.975],[79.924,25.9647],[79.9226,25.964],[79.9123,25.9701],[79.9036,25.9621],[79.9024,25.9622],[79.899,25.9643],[79.8926,25.9651],[79.8883,25.9635],[79.8851,25.9606],[79.8808,25.9513],[79.8794,25.95],[79.8697,25.9504],[79.864,25.9522],[79.8625,25.9531],[79.8626,25.9553],[79.8657,25.9592],[79.8732,25.9639],[79.876,25.9666],[79.8762,25.9699],[79.873,25.9716],[79.8555,25.973],[79.8508,25.9715],[79.848,25.9638],[79.8458,25.9603],[79.8447,25.953],[79.852,25.9471],[79.8651,25.9384],[79.8668,25.9356],[79.8639,25.9173],[79.8644,25.902],[79.8655,25.8957],[79.8703,25.8817],[79.8662,25.8802],[79.8582,25.8795],[79.8531,25.8802],[79.8435,25.8838],[79.8406,25.8862],[79.8297,25.9],[79.8286,25.9064],[79.8253,25.9109],[79.8223,25.9124],[79.8149,25.9109],[79.8109,25.9091],[79.8101,25.903],[79.8145,25.8839],[79.8146,25.8748],[79.812,25.8687],[79.8058,25.8642],[79.8022,25.8635],[79.7889,25.8639],[79.7867,25.8651],[79.7834,25.8651],[79.7804,25.8668],[79.7786,25.8659],[79.7765,25.8675],[79.7747,25.8678],[79.775,25.8684],[79.7725,25.8702],[79.7676,25.8729],[79.763,25.8795],[79.7593,25.8925],[79.7555,25.9015],[79.7518,25.9066],[79.7403,25.9128],[79.7377,25.9132],[79.7329,25.9123],[79.7241,25.9079],[79.7177,25.9059],[79.7133,25.9053],[79.7101,25.9056],[79.7078,25.9071],[79.704,25.915],[79.6976,25.9226],[79.6932,25.9268],[79.6891,25.9286],[79.6866,25.9278],[79.6821,25.9217],[79.6789,25.9144],[79.6738,25.909],[79.6658,25.9039],[79.6617,25.9042],[79.657,25.9059],[79.6545,25.9077],[79.6531,25.9108],[79.6504,25.9124],[79.6407,25.9245],[79.6306,25.9308],[79.6252,25.9325],[79.6216,25.9322],[79.6195,25.9316],[79.6108,25.9287],[79.6081,25.9261],[79.606,25.9224],[79.6063,25.9196],[79.6075,25.9172],[79.6138,25.911],[79.6166,25.9051],[79.6168,25.9028],[79.6151,25.8996],[79.6132,25.8983],[79.5983,25.8954],[79.5859,25.8882],[79.5753,25.8853],[79.5728,25.8856],[79.5655,25.8886],[79.5559,25.8907],[79.5436,25.8931],[79.5428,25.8945],[79.5392,25.8954],[79.5339,25.8951],[79.5279,25.892],[79.5253,25.889],[79.5234,25.8855],[79.5229,25.8806],[79.5252,25.8715],[79.5279,25.8672],[79.5315,25.8642],[79.5359,25.8627],[79.5438,25.8626],[79.5572,25.8669],[79.5661,25.8678],[79.571,25.867],[79.5734,25.8649],[79.5759,25.8609],[79.577,25.8555],[79.5763,25.8533],[79.5744,25.8504],[79.5653,25.8405],[79.5623,25.8344],[79.5559,25.8265],[79.5539,25.8225],[79.5498,25.8205],[79.5449,25.8196],[79.5416,25.8196],[79.5376,25.8218],[79.5358,25.8247],[79.5342,25.8257],[79.5313,25.8337],[79.5288,25.837],[79.5182,25.8466],[79.508,25.8564],[79.5031,25.8583],[79.5018,25.858],[79.4944,25.8541],[79.4857,25.8469],[79.4799,25.8434],[79.4642,25.8295],[79.4598,25.8239],[79.4591,25.8196],[79.46,25.8159],[79.465,25.8061],[79.4659,25.8004],[79.4654,25.7947],[79.4639,25.7913],[79.4602,25.7884],[79.4541,25.7869],[79.4502,25.7868],[79.4447,25.7881],[79.4402,25.7911],[79.4357,25.7973],[79.4297,25.8025],[79.419,25.808],[79.409,25.8099],[79.4028,25.8082],[79.3998,25.806],[79.398,25.7962],[79.3871,25.7891],[79.3839,25.7861],[79.3818,25.7858],[79.3813,25.7881],[79.3782,25.7867],[79.3699,25.7863],[79.3609,25.7881],[79.3459,25.7851],[79.3433,25.7836],[79.3344,25.7743],[79.328,25.771],[79.32,25.7695],[79.3173,25.7722],[79.3156,25.7758],[79.3126,25.7786],[79.3071,25.782],[79.2973,25.7854],[79.2918,25.7921],[79.2947,25.7976],[79.2995,25.8023],[79.3019,25.8086],[79.302,25.8122],[79.2959,25.8156],[79.2897,25.816],[79.2815,25.8133],[79.2759,25.8025],[79.2739,25.7962],[79.2661,25.7923],[79.2627,25.7938],[79.2552,25.7979],[79.2476,25.8044],[79.2436,25.8067],[79.2384,25.8077],[79.2376,25.8035],[79.2332,25.8016],[79.2311,25.798],[79.2264,25.7948],[79.2136,25.7899],[79.2114,25.7902],[79.2075,25.7924],[79.2023,25.7935],[79.2014,25.7946],[79.1872,25.8013],[79.1737,25.8056],[79.1671,25.8071],[79.1513,25.809],[79.1369,25.8124],[79.1338,25.8136],[79.1274,25.8184],[79.1209,25.8211],[79.1178,25.8244],[79.1181,25.8248],[79.1231,25.8346],[79.1272,25.8462],[79.1217,25.8474],[79.1211,25.8487],[79.1236,25.8528],[79.1272,25.8655],[79.1188,25.8676],[79.1171,25.8664],[79.1149,25.8639],[79.1166,25.8607],[79.1155,25.8593],[79.1147,25.8541],[79.1087,25.8563],[79.0998,25.8582],[79.098,25.8613],[79.1048,25.8764],[79.1053,25.8816],[79.1082,25.8908],[79.1017,25.8917],[79.0952,25.8898],[79.0871,25.8908],[79.078,25.8903],[79.078,25.8877],[79.0748,25.8762],[79.074,25.8692],[79.0744,25.867],[79.078,25.8656],[79.0781,25.8623],[79.0776,25.8607],[79.0759,25.8592],[79.0716,25.8605],[79.0685,25.8603],[79.0665,25.8562],[79.0637,25.8563],[79.0484,25.8628],[79.0407,25.8676],[79.0409,25.8711],[79.0446,25.8798],[79.0351,25.8873],[79.033,25.8925],[79.0323,25.8978],[79.0303,25.9024],[79.0308,25.9037],[79.0333,25.9034],[79.0395,25.9005],[79.0481,25.8993],[79.0471,25.8942],[79.0491,25.8928],[79.0532,25.8917],[79.0549,25.8918],[79.0567,25.893],[79.0565,25.9025],[79.0582,25.9066],[79.0618,25.9072],[79.0705,25.9068],[79.0802,25.9041],[79.0822,25.9046],[79.0832,25.908],[79.0863,25.9153],[79.0859,25.9164],[79.0734,25.9208],[79.0423,25.9273],[79.041,25.9324],[79.0386,25.9351],[79.0189,25.9402],[79.0176,25.9383],[79.0151,25.9366],[79.008,25.9343],[79.0038,25.9334],[79.0016,25.9351],[79,25.9353],[78.998,25.9355],[78.989,25.9404],[78.9795,25.9433],[78.971,25.938],[78.9654,25.9361],[78.9498,25.9467],[78.9427,25.9491],[78.9354,25.9501],[78.9338,25.9535],[78.9335,25.96],[78.9375,25.9662],[78.9391,25.9709],[78.9341,25.9723],[78.9316,25.9754],[78.9326,25.9789],[78.9352,25.9811],[78.939,25.9801],[78.9442,25.9799],[78.9475,25.9809],[78.9512,25.9853],[78.9519,25.9878],[78.9513,25.9928],[78.9541,25.9961],[78.9546,25.9996],[78.9542,26.0007],[78.9525,26.0034],[78.9534,26.0085],[78.9585,26.0144],[78.9586,26.0204],[78.9542,26.0256],[78.9524,26.0315],[78.9567,26.0333],[78.9607,26.0366],[78.9695,26.0454],[78.9763,26.0537],[78.9839,26.0544],[78.9868,26.0592],[78.9906,26.0683],[78.9942,26.0706],[79,26.0692],[79.0052,26.0685],[79.0073,26.0716],[79.0093,26.0729],[79.0113,26.0763],[79.0103,26.0811],[79.0125,26.0846],[79.0117,26.0888],[79.0087,26.0912],[79,26.0898],[78.9983,26.0904],[78.98,26.1032],[78.9779,26.1068],[78.9787,26.1148],[78.9774,26.1179],[78.9747,26.1201],[78.9663,26.1244],[78.9628,26.1274],[78.9525,26.132],[78.9508,26.1336],[78.9539,26.1355],[78.9605,26.1371],[78.9685,26.1487],[78.9735,26.1503],[78.9788,26.1499],[78.9944,26.145],[78.9979,26.1452],[79,26.1465],[79.0028,26.1473],[79.0089,26.1495],[79.0091,26.1547],[79.0106,26.1592],[79.0116,26.1674],[79.0042,26.17],[79,26.1718],[78.984,26.1873],[78.9856,26.19],[78.9892,26.1929],[78.9923,26.1951],[79,26.1984],[79.0027,26.1949],[79.0048,26.1935],[79.0106,26.1912],[79.0212,26.1913],[79.0232,26.1919],[79.0233,26.1926],[79.0208,26.1959],[79.0187,26.1972],[79.0182,26.1994],[79.0289,26.203],[79.029,26.2041],[79.0265,26.207],[79.027,26.2103],[79.0256,26.2181],[79.0251,26.2185],[79.0225,26.2216],[79.0105,26.2266],[79.0075,26.2259],[79,26.2263],[78.9985,26.2262],[78.9951,26.229],[78.9927,26.2317],[78.9916,26.2347],[78.9926,26.2375],[79,26.2429],[79.0099,26.2462],[79.0187,26.2462],[79.0265,26.2428],[79.032,26.2324],[79.0352,26.2278],[79.0379,26.2265],[79.0426,26.226],[79.0489,26.2237],[79.0544,26.228],[79.0605,26.2266],[79.0636,26.2269],[79.0654,26.2273],[79.0639,26.2341],[79.0649,26.2363],[79.0695,26.2381],[79.071,26.2414],[79.0668,26.2484],[79.0639,26.2486],[79.0603,26.2477],[79.0573,26.2481],[79.0553,26.2498],[79.0537,26.2547],[79.0505,26.2544],[79.0463,26.2573],[79.0454,26.2614],[79.0551,26.2598],[79.0569,26.2604],[79.0552,26.265],[79.0617,26.274],[79.0663,26.2782],[79.0725,26.2771],[79.0757,26.2821],[79.0771,26.2822],[79.0805,26.2797],[79.0839,26.2816],[79.0861,26.2817],[79.0871,26.2789],[79.0871,26.2748],[79.085,26.2733],[79.0845,26.2696],[79.0856,26.268],[79.088,26.2671],[79.092,26.2669],[79.0947,26.2781],[79.0915,26.2883],[79.0924,26.2915],[79.0961,26.2935],[79.1002,26.2985],[79.0999,26.3029],[79.1023,26.3064],[79.1064,26.3091],[79.11,26.3083],[79.1172,26.3031],[79.123,26.3076],[79.1276,26.3094],[79.135,26.3105],[79.1357,26.3158],[79.1265,26.3208],[79.1242,26.3229],[79.1241,26.3295],[79.1327,26.3256],[79.1355,26.3261],[79.1358,26.3279],[79.1335,26.3324],[79.1353,26.3343],[79.1411,26.3372],[79.1422,26.3394],[79.1399,26.3403],[79.1317,26.3391],[79.128,26.3455],[79.1251,26.348],[79.1171,26.3489],[79.1137,26.3504],[79.1119,26.3539],[79.1089,26.3495],[79.1049,26.35],[79.1052,26.354],[79.1015,26.3545],[79.0927,26.3541],[79.0853,26.3571],[79.0852,26.3604],[79.0877,26.3673],[79.0976,26.3715],[79.099,26.3738],[79.097,26.3775],[79.0981,26.3826],[79.0955,26.3855],[79.0892,26.3999],[79.0954,26.4122],[79.1005,26.4111],[79.1012,26.4105],[79.1056,26.407],[79.1092,26.4061],[79.1235,26.41],[79.1258,26.4115],[79.1254,26.4186],[79.1277,26.4273],[79.1319,26.435],[79.1353,26.4392],[79.1532,26.4393],[79.1578,26.4385],[79.172,26.4341],[79.1805,26.4298],[79.1836,26.4295],[79.1874,26.4307],[79.1924,26.425],[79.1961,26.4251],[79.2077,26.4308],[79.2102,26.4325],[79.2145,26.4381],[79.2189,26.432],[79.2262,26.4277],[79.2329,26.4276],[79.2464,26.4275],[79.2515,26.4278],[79.2694,26.4326],[79.2766,26.4357],[79.2873,26.4417],[79.2927,26.4424],[79.2997,26.4392],[79.3026,26.4361],[79.3067,26.4257],[79.312,26.4166],[79.3278,26.4069],[79.3318,26.4059],[79.3417,26.4014],[79.365,26.4057],[79.3725,26.4082],[79.3948,26.4181],[79.4221,26.4254],[79.4363,26.4315],[79.454,26.4341],[79.4585,26.4341],[79.4743,26.4311],[79.4764,26.43],[79.4821,26.4249],[79.4863,26.4197],[79.4884,26.415],[79.4912,26.4066],[79.4904,26.3962],[79.4908,26.3889],[79.4938,26.3811],[79.5027,26.3678],[79.5027,26.3653],[79.5037,26.3638]]]},"properties":{"district_name":"Jalaun","raw_district_name":"Jalaun","state_code":"UP","state_name":"Uttar Pradesh","census_code":165,"data_source":"DataMeet India Maps (Census 2011 Boundaries)"}},{"type":"Feature","geometry":{"type":"Polygon","coordinates":[[[82.6823,26.1512],[82.6803,26.1435],[82.6702,26.1439],[82.6687,26.1406],[82.6709,26.1349],[82.6746,26.1296],[82.6727,26.1235],[82.6756,26.1209],[82.6792,26.12],[82.6823,26.1162],[82.6825,26.1118],[82.6808,26.1066],[82.684,26.103],[82.6918,26.0977],[82.7001,26.098],[82.7073,26.0939],[82.7081,26.0897],[82.7073,26.0844],[82.7012,26.0713],[82.7014,26.0675],[82.7094,26.0626],[82.7151,26.052],[82.7109,26.0494],[82.7035,26.0474],[82.702,26.0445],[82.7017,26.0402],[82.7066,26.0395],[82.719,26.0423],[82.7216,26.042],[82.722,26.0345],[82.7159,26.033],[82.7151,26.0311],[82.7069,26.0264],[82.709,26.0239],[82.7246,26.0265],[82.733,26.0249],[82.7289,26.0108],[82.7287,26.0007],[82.7278,26.0001],[82.7263,25.9973],[82.7265,25.9952],[82.7272,25.993],[82.7273,25.9919],[82.7278,25.9893],[82.7286,25.9879],[82.7299,25.9862],[82.732,25.984],[82.7331,25.983],[82.7352,25.982],[82.7346,25.9805],[82.7346,25.9794],[82.7349,25.9776],[82.735,25.9761],[82.7357,25.9734],[82.7363,25.9696],[82.7379,25.9682],[82.7413,25.9669],[82.7447,25.9654],[82.7452,25.9648],[82.746,25.9611],[82.7487,25.9541],[82.7496,25.9507],[82.7505,25.9487],[82.7509,25.9467],[82.7515,25.9457],[82.7544,25.9425],[82.7547,25.941],[82.7544,25.9388],[82.7532,25.9366],[82.7536,25.9345],[82.7551,25.9339],[82.7598,25.9326],[82.7611,25.9313],[82.7598,25.9297],[82.7584,25.9275],[82.7576,25.9252],[82.7583,25.9239],[82.7623,25.9239],[82.7639,25.9231],[82.7653,25.92],[82.7649,25.9177],[82.7647,25.9147],[82.7648,25.9134],[82.7655,25.9117],[82.7668,25.909],[82.7683,25.9061],[82.7698,25.9039],[82.7709,25.9018],[82.7718,25.8987],[82.7736,25.8944],[82.7725,25.8936],[82.7718,25.8934],[82.77,25.8934],[82.7674,25.8932],[82.7669,25.8897],[82.7673,25.8876],[82.7674,25.8847],[82.7676,25.8827],[82.7696,25.882],[82.7707,25.8821],[82.7741,25.882],[82.7755,25.8811],[82.7722,25.8765],[82.7707,25.874],[82.7669,25.8702],[82.7658,25.8685],[82.7648,25.866],[82.7645,25.864],[82.7646,25.8614],[82.7652,25.8591],[82.7657,25.8578],[82.7659,25.8572],[82.7661,25.856],[82.7672,25.8522],[82.7683,25.851],[82.7676,25.8496],[82.7656,25.8477],[82.7643,25.8463],[82.7609,25.8415],[82.7601,25.8404],[82.7585,25.8384],[82.7581,25.8369],[82.7616,25.8329],[82.7635,25.8313],[82.7664,25.8295],[82.7686,25.8286],[82.772,25.8279],[82.7756,25.8274],[82.7805,25.8265],[82.7832,25.8259],[82.7854,25.8259],[82.7867,25.8251],[82.7873,25.8218],[82.7875,25.8209],[82.7884,25.8188],[82.7906,25.816],[82.7922,25.8153],[82.7936,25.8151],[82.7956,25.8129],[82.7967,25.8121],[82.7988,25.8101],[82.8035,25.8055],[82.8054,25.8038],[82.8077,25.802],[82.8093,25.8021],[82.8083,25.8001],[82.8084,25.7989],[82.8082,25.7979],[82.8069,25.7952],[82.8066,25.7937],[82.8062,25.7911],[82.8061,25.7883],[82.8068,25.7873],[82.8083,25.7861],[82.81,25.7849],[82.8125,25.7838],[82.8145,25.7828],[82.8168,25.7815],[82.8181,25.7806],[82.8198,25.7787],[82.8208,25.7769],[82.8234,25.7728],[82.825,25.7714],[82.8263,25.7707],[82.8292,25.7692],[82.8307,25.7684],[82.8355,25.7661],[82.8381,25.7655],[82.8402,25.7653],[82.8439,25.765],[82.8482,25.7642],[82.853,25.7648],[82.8542,25.7656],[82.8561,25.7666],[82.8576,25.7672],[82.8592,25.768],[82.8633,25.7691],[82.8644,25.7693],[82.8655,25.7694],[82.8685,25.7705],[82.871,25.7698],[82.8736,25.7698],[82.8761,25.77],[82.881,25.7688],[82.885,25.7684],[82.8876,25.7679],[82.8902,25.7678],[82.8945,25.7697],[82.8959,25.7705],[82.897,25.7709],[82.8992,25.7727],[82.8997,25.7726],[82.901,25.7718],[82.9036,25.7701],[82.906,25.7683],[82.9089,25.7666],[82.9117,25.7646],[82.9146,25.7639],[82.917,25.7627],[82.9205,25.7602],[82.9227,25.7587],[82.9243,25.758],[82.9269,25.757],[82.9291,25.7565],[82.9308,25.7559],[82.9311,25.7527],[82.931,25.7504],[82.9294,25.7477],[82.9258,25.7431],[82.9248,25.7413],[82.9237,25.739],[82.9244,25.736],[82.9246,25.7341],[82.9255,25.7302],[82.9289,25.7301],[82.931,25.7302],[82.9336,25.7308],[82.9342,25.7297],[82.9338,25.7248],[82.9361,25.7214],[82.9377,25.7181],[82.9405,25.715],[82.9416,25.7123],[82.9425,25.709],[82.9442,25.7056],[82.9459,25.7042],[82.9482,25.7038],[82.9514,25.7037],[82.9559,25.7042],[82.9567,25.7042],[82.9603,25.7042],[82.9628,25.7036],[82.9646,25.7021],[82.9662,25.7],[82.9708,25.6948],[82.9746,25.6916],[82.9774,25.6888],[82.9797,25.687],[82.9821,25.6834],[82.9828,25.6826],[82.9854,25.6797],[82.9858,25.6793],[82.9893,25.6818],[82.9907,25.683],[82.9936,25.6844],[82.9954,25.6851],[82.9972,25.6856],[82.9982,25.6861],[82.999,25.6865],[83,25.6896],[83.0017,25.6952],[83.0014,25.6986],[83.0044,25.7082],[83.0086,25.7125],[83.0099,25.711],[83.0125,25.7103],[83.0132,25.7079],[83.0161,25.7066],[83.0174,25.704],[83.021,25.7053],[83.0243,25.7041],[83.0296,25.7047],[83.0324,25.6974],[83.0413,25.7007],[83.0407,25.6924],[83.0431,25.6892],[83.0526,25.6871],[83.0555,25.6827],[83.0584,25.6818],[83.0656,25.6828],[83.0748,25.6828],[83.0782,25.6814],[83.0799,25.6776],[83.0782,25.6706],[83.0655,25.6613],[83.0647,25.6583],[83.0651,25.6549],[83.0672,25.6515],[83.067,25.6445],[83.0646,25.6314],[83.0674,25.6222],[83.0705,25.619],[83.0744,25.6168],[83.0776,25.6131],[83.0782,25.6047],[83.0774,25.5987],[83.0711,25.5971],[83.0689,25.5948],[83.0725,25.5906],[83.0795,25.5858],[83.0876,25.5891],[83.0908,25.5735],[83.083,25.5698],[83.0792,25.5561],[83.0723,25.5507],[83.0676,25.5555],[83.0635,25.5561],[83.0595,25.5538],[83.0529,25.5445],[83.048,25.5407],[83.0442,25.5397],[83.0413,25.5426],[83.0294,25.5706],[83.026,25.5747],[83.0218,25.5754],[83.0169,25.5709],[83.008,25.5593],[83.0056,25.5535],[83.0099,25.5538],[83.012,25.5516],[83.0115,25.5484],[83.0088,25.5467],[83.0059,25.5465],[83,25.5508],[82.9959,25.5523],[82.9917,25.5533],[82.9901,25.5537],[82.988,25.554],[82.9836,25.554],[82.9826,25.5538],[82.9801,25.5514],[82.9795,25.5502],[82.9793,25.5485],[82.9785,25.5469],[82.9752,25.5428],[82.9742,25.5413],[82.9735,25.5399],[82.9724,25.537],[82.9716,25.5353],[82.9691,25.5318],[82.965,25.5268],[82.9632,25.5253],[82.9623,25.5249],[82.9611,25.5248],[82.958,25.5244],[82.9544,25.5247],[82.9516,25.5255],[82.9491,25.5265],[82.9465,25.5278],[82.945,25.5302],[82.9452,25.5354],[82.9448,25.5369],[82.9466,25.5412],[82.9468,25.543],[82.9458,25.5454],[82.9446,25.547],[82.9426,25.5503],[82.9416,25.5518],[82.9407,25.5539],[82.9396,25.5562],[82.9389,25.5585],[82.9379,25.5602],[82.9376,25.5613],[82.9366,25.5645],[82.9352,25.5661],[82.9339,25.5674],[82.9307,25.5694],[82.9299,25.57],[82.929,25.5704],[82.926,25.5707],[82.925,25.5704],[82.9234,25.5698],[82.9216,25.5694],[82.9204,25.5688],[82.9162,25.5698],[82.9143,25.5699],[82.9118,25.5692],[82.9089,25.5689],[82.9061,25.5693],[82.905,25.5693],[82.9039,25.5694],[82.9016,25.5693],[82.8969,25.5696],[82.8948,25.5691],[82.893,25.5679],[82.8916,25.5678],[82.8893,25.5673],[82.8823,25.5657],[82.8798,25.5657],[82.8772,25.5672],[82.8765,25.5693],[82.8757,25.571],[82.8738,25.5741],[82.8719,25.577],[82.8711,25.5779],[82.8668,25.58],[82.8655,25.5793],[82.8642,25.5782],[82.8629,25.5767],[82.8597,25.5725],[82.8569,25.5674],[82.8568,25.5669],[82.8558,25.5649],[82.8548,25.5635],[82.8541,25.5635],[82.8526,25.5633],[82.8505,25.5635],[82.8496,25.5638],[82.8474,25.5649],[82.8455,25.5655],[82.8434,25.5667],[82.8415,25.5676],[82.8405,25.5677],[82.839,25.5677],[82.8382,25.566],[82.8382,25.5639],[82.8386,25.5621],[82.8384,25.5613],[82.8384,25.5601],[82.8386,25.557],[82.8384,25.5541],[82.8381,25.5536],[82.8371,25.5528],[82.8342,25.5517],[82.8315,25.5517],[82.8308,25.5522],[82.8284,25.5511],[82.827,25.5511],[82.8251,25.5515],[82.8227,25.5515],[82.8165,25.5521],[82.8131,25.5526],[82.8114,25.5533],[82.8099,25.5534],[82.809,25.5533],[82.8078,25.5529],[82.807,25.5521],[82.8059,25.5506],[82.8047,25.5514],[82.8044,25.5519],[82.8026,25.5527],[82.8015,25.5529],[82.8004,25.5526],[82.7987,25.5518],[82.7979,25.5511],[82.7966,25.5495],[82.796,25.5479],[82.795,25.5458],[82.7948,25.545],[82.7941,25.5427],[82.7936,25.5422],[82.7924,25.5422],[82.7917,25.5421],[82.7909,25.5423],[82.7885,25.5434],[82.7878,25.5436],[82.7862,25.5436],[82.7857,25.5434],[82.7851,25.5412],[82.7849,25.5393],[82.7843,25.5356],[82.7834,25.5332],[82.7827,25.5317],[82.7822,25.5308],[82.7817,25.5301],[82.7809,25.5294],[82.7797,25.5289],[82.7779,25.5288],[82.7748,25.529],[82.7736,25.5292],[82.7717,25.5299],[82.7701,25.5306],[82.769,25.5313],[82.768,25.5322],[82.7667,25.5332],[82.7653,25.5346],[82.7644,25.5357],[82.7632,25.5373],[82.761,25.5412],[82.7579,25.5416],[82.757,25.5415],[82.755,25.5416],[82.7515,25.5421],[82.7503,25.5427],[82.7483,25.5435],[82.7479,25.5444],[82.7446,25.5453],[82.7434,25.546],[82.7425,25.5462],[82.7417,25.546],[82.7403,25.546],[82.7385,25.5461],[82.7368,25.5461],[82.7345,25.5455],[82.728,25.5419],[82.7268,25.5414],[82.7262,25.5411],[82.7243,25.5396],[82.723,25.5384],[82.7218,25.5363],[82.7179,25.5345],[82.7153,25.5329],[82.714,25.5315],[82.714,25.5307],[82.7149,25.5298],[82.7158,25.5292],[82.718,25.527],[82.72,25.5252],[82.7214,25.5245],[82.7239,25.523],[82.7248,25.5213],[82.7256,25.5189],[82.7253,25.5154],[82.7253,25.5132],[82.7258,25.5107],[82.7258,25.5086],[82.7254,25.5048],[82.7249,25.5034],[82.724,25.5021],[82.7204,25.5008],[82.7185,25.5002],[82.7169,25.4998],[82.716,25.5004],[82.7145,25.4969],[82.7138,25.4948],[82.7119,25.4896],[82.7107,25.4857],[82.7107,25.4825],[82.7111,25.4814],[82.7134,25.4808],[82.7168,25.4794],[82.7202,25.4772],[82.7252,25.4743],[82.7262,25.4738],[82.7285,25.4724],[82.73,25.4719],[82.7312,25.4716],[82.7326,25.4715],[82.7358,25.471],[82.7363,25.4708],[82.7366,25.4678],[82.7363,25.4654],[82.7362,25.4632],[82.7364,25.4621],[82.7353,25.4615],[82.7337,25.4613],[82.7314,25.4611],[82.7293,25.4611],[82.7243,25.4608],[82.7217,25.4604],[82.7138,25.4598],[82.7105,25.4591],[82.7074,25.4583],[82.7059,25.4575],[82.7054,25.457],[82.706,25.4546],[82.7059,25.4538],[82.7054,25.4518],[82.7048,25.4511],[82.7041,25.4505],[82.703,25.4488],[82.7028,25.4482],[82.7027,25.4471],[82.7047,25.4467],[82.7058,25.4467],[82.7074,25.4471],[82.7086,25.447],[82.7097,25.4454],[82.7106,25.4449],[82.7134,25.4441],[82.7168,25.4421],[82.7178,25.4412],[82.719,25.44],[82.7198,25.4385],[82.7204,25.4347],[82.7201,25.4335],[82.7184,25.433],[82.7128,25.4326],[82.7109,25.4324],[82.704,25.4323],[82.7026,25.4324],[82.6999,25.4321],[82.6987,25.4321],[82.696,25.432],[82.6925,25.4314],[82.6886,25.4299],[82.6874,25.4258],[82.6851,25.419],[82.6847,25.417],[82.6847,25.4154],[82.6845,25.4128],[82.6846,25.4117],[82.6848,25.4101],[82.6854,25.4086],[82.6862,25.4072],[82.6881,25.4045],[82.6883,25.4035],[82.689,25.4023],[82.6901,25.4003],[82.6912,25.3989],[82.6931,25.3969],[82.6938,25.3959],[82.6937,25.3945],[82.6937,25.3945],[82.693,25.3938],[82.6911,25.3952],[82.6894,25.3959],[82.6829,25.3983],[82.6792,25.3992],[82.6764,25.3996],[82.6747,25.3997],[82.6709,25.3997],[82.6689,25.3995],[82.6655,25.3996],[82.6631,25.3995],[82.6547,25.399],[82.6478,25.398],[82.6467,25.3973],[82.6455,25.3969],[82.6447,25.3965],[82.643,25.3958],[82.6384,25.3945],[82.6362,25.3941],[82.6332,25.3938],[82.6324,25.3934],[82.6279,25.3926],[82.6267,25.3926],[82.6252,25.3927],[82.6211,25.3933],[82.6197,25.3936],[82.6187,25.394],[82.6175,25.3953],[82.617,25.396],[82.617,25.3984],[82.6171,25.3993],[82.6186,25.4007],[82.6198,25.402],[82.6208,25.4029],[82.6216,25.4037],[82.6233,25.4039],[82.6249,25.4038],[82.6275,25.4031],[82.6305,25.4015],[82.6324,25.4008],[82.6345,25.4005],[82.6354,25.4006],[82.637,25.401],[82.6384,25.4019],[82.6393,25.404],[82.6392,25.406],[82.6388,25.4069],[82.6376,25.4081],[82.6356,25.4092],[82.6337,25.4101],[82.6295,25.4117],[82.6258,25.4123],[82.6237,25.4131],[82.62,25.4155],[82.6171,25.4168],[82.614,25.4172],[82.6108,25.4171],[82.6088,25.4165],[82.6063,25.4159],[82.6045,25.4157],[82.6028,25.4153],[82.6011,25.4154],[82.5992,25.4172],[82.5985,25.4191],[82.5996,25.4218],[82.601,25.4239],[82.6026,25.4258],[82.6046,25.4276],[82.6061,25.4293],[82.609,25.4326],[82.612,25.4362],[82.6128,25.4375],[82.6137,25.4404],[82.6139,25.4432],[82.6129,25.4457],[82.6117,25.4476],[82.6104,25.4482],[82.6091,25.4491],[82.6065,25.4504],[82.6041,25.4506],[82.6024,25.4505],[82.6007,25.4505],[82.5967,25.4501],[82.5953,25.4502],[82.5939,25.4505],[82.5922,25.4509],[82.5889,25.452],[82.5856,25.4526],[82.5827,25.4521],[82.5809,25.4514],[82.5801,25.4485],[82.5802,25.4451],[82.5811,25.4408],[82.5821,25.4381],[82.5826,25.4353],[82.5827,25.4322],[82.5829,25.4304],[82.5828,25.429],[82.5824,25.4269],[82.5812,25.4229],[82.5801,25.4205],[82.5782,25.4174],[82.5774,25.4161],[82.576,25.4154],[82.5737,25.4147],[82.5717,25.4148],[82.5706,25.4151],[82.5689,25.4172],[82.568,25.419],[82.5663,25.4234],[82.5659,25.4316],[82.5656,25.4336],[82.5657,25.4354],[82.5655,25.4397],[82.5653,25.4427],[82.5649,25.4467],[82.5634,25.4499],[82.5616,25.4524],[82.5603,25.4544],[82.559,25.4559],[82.5544,25.4596],[82.5525,25.4606],[82.547,25.4618],[82.5453,25.4618],[82.5434,25.4622],[82.5421,25.4621],[82.5416,25.4585],[82.542,25.4553],[82.5424,25.4538],[82.5428,25.4533],[82.5438,25.4528],[82.5462,25.452],[82.5484,25.4515],[82.5494,25.451],[82.5523,25.4491],[82.5541,25.4476],[82.5542,25.4472],[82.5543,25.4449],[82.5539,25.443],[82.5534,25.4412],[82.5525,25.4395],[82.5507,25.4382],[82.5462,25.437],[82.5446,25.4367],[82.5406,25.4368],[82.5379,25.4373],[82.5336,25.4384],[82.5314,25.4393],[82.5294,25.4404],[82.5279,25.4411],[82.5251,25.4414],[82.5223,25.4412],[82.5197,25.4413],[82.5149,25.4417],[82.5137,25.4442],[82.5141,25.4452],[82.5146,25.4471],[82.5149,25.45],[82.5147,25.4516],[82.5143,25.4529],[82.513,25.4553],[82.5122,25.4563],[82.5107,25.4588],[82.5095,25.4595],[82.5091,25.4612],[82.509,25.4629],[82.5091,25.4657],[82.5083,25.4677],[82.5076,25.4686],[82.5067,25.4702],[82.5062,25.4707],[82.5057,25.4721],[82.5043,25.4736],[82.5031,25.4746],[82.5011,25.4757],[82.499,25.4763],[82.4947,25.477],[82.4935,25.4769],[82.4917,25.4767],[82.4898,25.4758],[82.4871,25.475],[82.4851,25.474],[82.4822,25.4718],[82.4801,25.4709],[82.4779,25.4701],[82.4764,25.4693],[82.4719,25.4676],[82.4708,25.4675],[82.4699,25.468],[82.4697,25.4685],[82.4681,25.4707],[82.4659,25.4728],[82.4663,25.474],[82.4667,25.4744],[82.468,25.475],[82.4697,25.4767],[82.4711,25.4782],[82.4731,25.4794],[82.4752,25.48],[82.4755,25.4806],[82.4791,25.4828],[82.4798,25.4837],[82.4799,25.485],[82.4796,25.4861],[82.4777,25.4872],[82.4745,25.4879],[82.4693,25.4887],[82.4669,25.4887],[82.4649,25.4889],[82.4602,25.4903],[82.4563,25.4912],[82.4529,25.4925],[82.451,25.4937],[82.45,25.4942],[82.4491,25.495],[82.4491,25.4958],[82.4487,25.497],[82.4474,25.4993],[82.4474,25.5013],[82.4472,25.5028],[82.4474,25.506],[82.4474,25.508],[82.4475,25.5096],[82.4475,25.5108],[82.4476,25.512],[82.4476,25.5137],[82.4472,25.5151],[82.4446,25.5169],[82.4431,25.517],[82.4403,25.5169],[82.4371,25.5166],[82.4346,25.5161],[82.433,25.5162],[82.4307,25.5163],[82.4291,25.5162],[82.4274,25.5163],[82.4263,25.5159],[82.4257,25.5147],[82.4254,25.5142],[82.4251,25.5138],[82.4241,25.5115],[82.4229,25.5098],[82.4218,25.5085],[82.4209,25.5078],[82.4193,25.507],[82.4175,25.5058],[82.4163,25.5053],[82.4146,25.5042],[82.4147,25.5037],[82.4151,25.5028],[82.4164,25.5012],[82.417,25.4999],[82.4178,25.4986],[82.4182,25.4981],[82.419,25.4973],[82.4175,25.4954],[82.4153,25.4937],[82.4142,25.4924],[82.4135,25.4915],[82.4128,25.4906],[82.4123,25.4903],[82.412,25.4921],[82.4108,25.4942],[82.4091,25.4967],[82.4079,25.4982],[82.4074,25.4996],[82.406,25.502],[82.4042,25.504],[82.4032,25.5056],[82.402,25.507],[82.4003,25.5119],[82.3998,25.514],[82.3995,25.516],[82.3989,25.5182],[82.398,25.5194],[82.3976,25.52],[82.3971,25.5205],[82.3967,25.5214],[82.3934,25.5204],[82.3933,25.5196],[82.3931,25.5182],[82.3932,25.5168],[82.3938,25.5149],[82.3935,25.5135],[82.3923,25.513],[82.3915,25.5131],[82.3868,25.5148],[82.3859,25.5152],[82.3839,25.5163],[82.3808,25.5178],[82.3802,25.5179],[82.3792,25.5176],[82.3774,25.5174],[82.3746,25.5184],[82.373,25.5188],[82.3714,25.5183],[82.3701,25.5175],[82.3709,25.5162],[82.3739,25.5138],[82.3755,25.5127],[82.3764,25.5118],[82.3768,25.5095],[82.3765,25.5087],[82.3759,25.5082],[82.3748,25.5078],[82.3735,25.5078],[82.3719,25.5079],[82.3666,25.5084],[82.3637,25.5095],[82.3622,25.5103],[82.3596,25.5111],[82.3571,25.5116],[82.3553,25.5123],[82.3544,25.5127],[82.3526,25.5145],[82.3522,25.5153],[82.3514,25.5175],[82.3507,25.5204],[82.3502,25.5239],[82.3503,25.5245],[82.3498,25.527],[82.3493,25.5281],[82.3479,25.5291],[82.3467,25.5301],[82.3417,25.5336],[82.3401,25.5343],[82.3378,25.5348],[82.3356,25.5359],[82.3348,25.5361],[82.3336,25.5359],[82.3319,25.536],[82.3304,25.536],[82.3313,25.5368],[82.3303,25.538],[82.3269,25.5424],[82.326,25.5433],[82.3248,25.5439],[82.3216,25.5452],[82.3183,25.5469],[82.3128,25.5489],[82.3103,25.5493],[82.3091,25.5494],[82.3069,25.5496],[82.3061,25.5496],[82.3049,25.5494],[82.3036,25.5491],[82.3016,25.5483],[82.3002,25.5476],[82.2969,25.5459],[82.2957,25.5455],[82.2934,25.5441],[82.292,25.5439],[82.2896,25.5439],[82.289,25.5456],[82.2883,25.5469],[82.2881,25.5483],[82.2873,25.5498],[82.2868,25.551],[82.286,25.5523],[82.2847,25.5532],[82.2837,25.5535],[82.2825,25.5541],[82.2811,25.5546],[82.2777,25.5556],[82.2753,25.5564],[82.2735,25.5572],[82.272,25.5578],[82.2716,25.5581],[82.2704,25.5593],[82.2682,25.5617],[82.2661,25.5637],[82.2647,25.5643],[82.2629,25.5648],[82.2589,25.5638],[82.2558,25.5638],[82.2545,25.564],[82.2529,25.564],[82.251,25.5643],[82.2493,25.5648],[82.247,25.566],[82.2455,25.5672],[82.2461,25.5682],[82.2465,25.5694],[82.247,25.5703],[82.2492,25.5736],[82.2499,25.5747],[82.2509,25.576],[82.2523,25.5795],[82.2509,25.5794],[82.2485,25.5809],[82.2459,25.5814],[82.2444,25.5821],[82.2428,25.5831],[82.2412,25.5833],[82.2392,25.5842],[82.2371,25.5849],[82.2354,25.5857],[82.2331,25.5863],[82.2287,25.5878],[82.2237,25.5886],[82.2219,25.5887],[82.2207,25.589],[82.2195,25.5891],[82.217,25.5888],[82.2164,25.5887],[82.2149,25.588],[82.214,25.587],[82.2131,25.5857],[82.2123,25.584],[82.212,25.5833],[82.2101,25.5801],[82.2088,25.5783],[82.2081,25.5771],[82.2075,25.5764],[82.2057,25.575],[82.2045,25.5744],[82.2028,25.5745],[82.2021,25.5759],[82.2021,25.5788],[82.2018,25.5805],[82.2018,25.5818],[82.201,25.5847],[82.2003,25.5848],[82.1983,25.5847],[82.1965,25.5844],[82.1938,25.5837],[82.192,25.5836],[82.1903,25.5832],[82.1874,25.5821],[82.1863,25.5814],[82.1857,25.5812],[82.184,25.581],[82.1826,25.5813],[82.1797,25.583],[82.1769,25.585],[82.1753,25.5863],[82.1741,25.5883],[82.1736,25.5895],[82.1731,25.5918],[82.1725,25.5944],[82.172,25.5967],[82.1715,25.598],[82.1702,25.5992],[82.1687,25.5996],[82.168,25.5996],[82.1664,25.5998],[82.163,25.5998],[82.1618,25.5997],[82.1592,25.5999],[82.1573,25.6002],[82.1554,25.6002],[82.1544,25.6008],[82.1536,25.6017],[82.1513,25.6068],[82.1501,25.6085],[82.1487,25.6099],[82.1481,25.6108],[82.1463,25.6128],[82.1449,25.6142],[82.1428,25.6172],[82.1419,25.6182],[82.1409,25.6191],[82.1396,25.6206],[82.1382,25.6229],[82.1374,25.6251],[82.1368,25.6269],[82.1351,25.6297],[82.1335,25.6315],[82.1325,25.6321],[82.1308,25.633],[82.1283,25.6349],[82.1266,25.6365],[82.1234,25.6398],[82.121,25.6434],[82.1217,25.645],[82.1222,25.6458],[82.1228,25.6465],[82.1241,25.6469],[82.1253,25.6473],[82.1264,25.6473],[82.129,25.6473],[82.1306,25.647],[82.1315,25.6472],[82.1328,25.6481],[82.1339,25.6494],[82.1358,25.6502],[82.1374,25.6511],[82.1394,25.6516],[82.1405,25.652],[82.1411,25.6518],[82.142,25.6516],[82.1429,25.6514],[82.1442,25.6515],[82.1449,25.6523],[82.1441,25.6531],[82.1434,25.6539],[82.1426,25.6547],[82.1413,25.6555],[82.1408,25.6559],[82.1392,25.657],[82.1387,25.6575],[82.1393,25.6594],[82.14,25.6617],[82.1417,25.6656],[82.1426,25.6674],[82.1431,25.6679],[82.1437,25.6681],[82.1451,25.6685],[82.1462,25.6686],[82.1496,25.6697],[82.1507,25.6699],[82.152,25.6705],[82.1524,25.671],[82.1544,25.6741],[82.1552,25.6756],[82.1556,25.6769],[82.1561,25.6791],[82.1587,25.6796],[82.1609,25.6802],[82.1626,25.6816],[82.164,25.6833],[82.165,25.6859],[82.1654,25.6883],[82.1674,25.6954],[82.1676,25.697],[82.1683,25.699],[82.1691,25.7023],[82.1708,25.7043],[82.172,25.7049],[82.1741,25.7054],[82.1754,25.7048],[82.1779,25.7033],[82.1794,25.7021],[82.181,25.7012],[82.1838,25.7007],[82.1845,25.7034],[82.1863,25.7057],[82.1865,25.7064],[82.1878,25.7086],[82.1893,25.7113],[82.1902,25.7141],[82.1905,25.7159],[82.1912,25.7187],[82.1915,25.7207],[82.1915,25.7227],[82.1913,25.7246],[82.191,25.7262],[82.1912,25.7285],[82.1919,25.7304],[82.1927,25.7322],[82.1937,25.7335],[82.1946,25.7352],[82.1953,25.7362],[82.1968,25.7393],[82.1968,25.74],[82.1951,25.7408],[82.1937,25.7428],[82.1935,25.7452],[82.1916,25.7484],[82.1902,25.7519],[82.1891,25.7532],[82.1877,25.7554],[82.1869,25.7574],[82.1862,25.7591],[82.1861,25.7611],[82.1857,25.7621],[82.1876,25.7624],[82.1946,25.7622],[82.1969,25.7628],[82.1969,25.7651],[82.1962,25.7669],[82.1953,25.7681],[82.1937,25.7692],[82.1928,25.7693],[82.1894,25.7681],[82.1882,25.7678],[82.1866,25.7676],[82.185,25.7686],[82.1838,25.7709],[82.1823,25.7733],[82.1814,25.7762],[82.1808,25.7776],[82.1812,25.7787],[82.1793,25.7807],[82.1775,25.7816],[82.1762,25.7827],[82.1744,25.784],[82.1732,25.7856],[82.1721,25.7867],[82.1709,25.7878],[82.1697,25.7902],[82.171,25.7963],[82.1726,25.7997],[82.173,25.8003],[82.1749,25.801],[82.1788,25.8003],[82.181,25.8001],[82.1819,25.7999],[82.1832,25.8019],[82.1826,25.8039],[82.1817,25.8055],[82.1801,25.8077],[82.1803,25.809],[82.1803,25.8109],[82.1806,25.8125],[82.1798,25.8158],[82.1791,25.8168],[82.1785,25.818],[82.1769,25.8204],[82.1771,25.8225],[82.1786,25.8248],[82.1797,25.8259],[82.1833,25.8291],[82.1849,25.8298],[82.1867,25.8291],[82.1904,25.8284],[82.1928,25.8275],[82.1968,25.8254],[82.1999,25.823],[82.2027,25.821],[82.2041,25.8202],[82.2051,25.8198],[82.2072,25.8194],[82.2082,25.8198],[82.2088,25.8208],[82.2084,25.8228],[82.2074,25.8264],[82.2079,25.8277],[82.2092,25.8292],[82.2125,25.8299],[82.2136,25.8302],[82.2144,25.8309],[82.2148,25.8314],[82.2167,25.8337],[82.217,25.8359],[82.2175,25.8378],[82.2185,25.8383],[82.2218,25.8371],[82.226,25.8363],[82.2265,25.8359],[82.2289,25.835],[82.2327,25.8337],[82.2345,25.8326],[82.2382,25.8312],[82.2435,25.8306],[82.2449,25.8314],[82.2513,25.8321],[82.2559,25.8325],[82.2586,25.8336],[82.2599,25.8351],[82.2649,25.8391],[82.263,25.8402],[82.2646,25.8417],[82.2672,25.8437],[82.2684,25.845],[82.2704,25.847],[82.2729,25.8468],[82.2742,25.8449],[82.2749,25.8437],[82.2768,25.8418],[82.2788,25.8421],[82.2802,25.8442],[82.2803,25.8464],[82.281,25.849],[82.2846,25.8526],[82.2849,25.8546],[82.2869,25.857],[82.2893,25.8593],[82.291,25.8628],[82.2915,25.8641],[82.2921,25.8671],[82.2922,25.8697],[82.292,25.8727],[82.2917,25.8748],[82.2909,25.8778],[82.2914,25.8795],[82.2937,25.8823],[82.296,25.8843],[82.2966,25.886],[82.2966,25.8877],[82.2964,25.8895],[82.2962,25.8903],[82.2964,25.8917],[82.3005,25.8936],[82.305,25.8959],[82.3069,25.8969],[82.3087,25.8974],[82.3118,25.8993],[82.3135,25.8999],[82.3161,25.9008],[82.3197,25.9012],[82.3211,25.9014],[82.3242,25.9011],[82.3255,25.9009],[82.3285,25.9006],[82.3321,25.9003],[82.3339,25.9002],[82.335,25.901],[82.3354,25.9019],[82.3354,25.9029],[82.3367,25.9036],[82.3377,25.904],[82.3392,25.904],[82.3401,25.9055],[82.3404,25.9074],[82.342,25.9085],[82.3436,25.9102],[82.3442,25.9118],[82.3454,25.9137],[82.3466,25.915],[82.3492,25.9149],[82.3502,25.9141],[82.3518,25.9112],[82.3527,25.9089],[82.3539,25.9077],[82.3553,25.9059],[82.3559,25.9055],[82.3577,25.9052],[82.3585,25.9072],[82.359,25.9079],[82.3602,25.908],[82.3626,25.9078],[82.3638,25.9075],[82.365,25.908],[82.3666,25.9094],[82.3687,25.9108],[82.3712,25.9122],[82.3728,25.913],[82.3747,25.9136],[82.376,25.9133],[82.378,25.9119],[82.3793,25.9107],[82.3802,25.9098],[82.382,25.9088],[82.3834,25.9083],[82.3851,25.9081],[82.3885,25.9088],[82.3926,25.9091],[82.3946,25.9095],[82.3961,25.9106],[82.3957,25.9122],[82.3952,25.9134],[82.3947,25.9138],[82.3933,25.9147],[82.3914,25.9166],[82.3901,25.9175],[82.389,25.9187],[82.3886,25.9204],[82.3901,25.925],[82.3923,25.9297],[82.3936,25.9343],[82.3929,25.9342],[82.3918,25.9337],[82.388,25.9332],[82.3848,25.9331],[82.3825,25.9324],[82.381,25.9322],[82.3794,25.9333],[82.3801,25.9367],[82.3802,25.9385],[82.3799,25.9396],[82.3734,25.941],[82.3719,25.9411],[82.3693,25.9413],[82.3688,25.9412],[82.3641,25.9411],[82.363,25.9412],[82.3613,25.9421],[82.3596,25.944],[82.3589,25.9446],[82.358,25.9458],[82.3567,25.9481],[82.3561,25.95],[82.3559,25.9509],[82.356,25.9535],[82.3492,25.9551],[82.3475,25.9559],[82.3472,25.958],[82.3479,25.9598],[82.3495,25.9615],[82.3521,25.9629],[82.3536,25.9629],[82.3575,25.9628],[82.3597,25.9631],[82.3625,25.9643],[82.3644,25.9654],[82.3654,25.967],[82.3656,25.9681],[82.3657,25.9701],[82.3661,25.9717],[82.3686,25.979],[82.3694,25.98],[82.371,25.9816],[82.3742,25.9801],[82.3765,25.9782],[82.3787,25.978],[82.3806,25.9781],[82.3829,25.9776],[82.3874,25.9771],[82.3899,25.9765],[82.3949,25.9757],[82.397,25.9751],[82.3993,25.9739],[82.4024,25.9734],[82.4043,25.9729],[82.4083,25.9732],[82.4113,25.9741],[82.4119,25.9744],[82.4136,25.9761],[82.4157,25.9779],[82.4189,25.9778],[82.4218,25.9776],[82.4235,25.9778],[82.4253,25.9794],[82.4263,25.9813],[82.4279,25.9824],[82.4301,25.9826],[82.4313,25.9813],[82.4368,25.9813],[82.4369,25.9849],[82.4373,25.9869],[82.4346,25.9874],[82.4323,25.9875],[82.4303,25.9879],[82.4281,25.9901],[82.4274,25.9925],[82.427,25.9952],[82.4281,25.9969],[82.4295,25.9989],[82.4311,26.0009],[82.4323,26.0088],[82.4366,26.0074],[82.445,26.0054],[82.4556,26.0047],[82.4775,26.0049],[82.4848,26.0009],[82.4846,25.9997],[82.4858,25.9986],[82.4866,25.9959],[82.4866,25.9944],[82.4873,25.9923],[82.4874,25.9901],[82.4875,25.9831],[82.4878,25.9815],[82.4879,25.9778],[82.4883,25.974],[82.4887,25.9727],[82.4892,25.9722],[82.4921,25.9723],[82.4942,25.9726],[82.4982,25.9737],[82.5,25.9743],[82.5019,25.975],[82.5032,25.9759],[82.5054,25.9771],[82.5065,25.9778],[82.508,25.979],[82.5096,25.9805],[82.5098,25.9812],[82.5109,25.9824],[82.5112,25.9835],[82.5107,25.9852],[82.5086,25.9864],[82.5072,25.987],[82.5057,25.9874],[82.504,25.9889],[82.5039,25.9906],[82.5058,25.9928],[82.5068,25.9942],[82.5076,25.9948],[82.509,25.9956],[82.5105,25.9962],[82.5141,25.9968],[82.5154,25.9968],[82.5171,25.9972],[82.5192,25.9979],[82.5208,25.9986],[82.5232,26.0003],[82.5238,26.0009],[82.522,26.012],[82.5188,26.0134],[82.5137,26.0139],[82.5098,26.0158],[82.5132,26.0243],[82.5167,26.0277],[82.5164,26.0312],[82.5054,26.0398],[82.4911,26.0424],[82.4858,26.0418],[82.483,26.0394],[82.4793,26.038],[82.4667,26.0443],[82.4671,26.0537],[82.4632,26.0539],[82.465,26.0627],[82.4745,26.0625],[82.4772,26.0644],[82.4789,26.0706],[82.4769,26.0756],[82.4722,26.0743],[82.4671,26.0742],[82.4618,26.0775],[82.4537,26.0842],[82.4495,26.0904],[82.4472,26.0964],[82.4373,26.098],[82.4371,26.1027],[82.44,26.1065],[82.4434,26.1082],[82.446,26.112],[82.4444,26.1249],[82.445,26.1326],[82.448,26.1343],[82.4548,26.1345],[82.4617,26.1337],[82.4778,26.1305],[82.4833,26.142],[82.4881,26.1439],[82.4947,26.1361],[82.4978,26.1339],[82.5032,26.1338],[82.5081,26.1361],[82.5121,26.1396],[82.5179,26.138],[82.5202,26.1395],[82.5216,26.1428],[82.5245,26.1435],[82.5275,26.143],[82.531,26.1447],[82.536,26.1458],[82.5401,26.1446],[82.5427,26.1377],[82.551,26.1345],[82.5554,26.1353],[82.5586,26.1349],[82.5605,26.1329],[82.5647,26.1313],[82.5699,26.1311],[82.5754,26.1397],[82.5666,26.1415],[82.5648,26.1443],[82.5664,26.148],[82.5713,26.1483],[82.577,26.1501],[82.5771,26.1526],[82.5725,26.1546],[82.5734,26.1601],[82.5717,26.1634],[82.5784,26.1663],[82.5824,26.1672],[82.5829,26.1731],[82.5813,26.1783],[82.582,26.1834],[82.5844,26.188],[82.592,26.1783],[82.5957,26.178],[82.5989,26.1811],[82.5975,26.1855],[82.6009,26.1961],[82.6067,26.1952],[82.611,26.1934],[82.6158,26.1905],[82.6192,26.1868],[82.6201,26.1828],[82.6234,26.1816],[82.6268,26.1815],[82.6262,26.1749],[82.6274,26.1714],[82.6327,26.1702],[82.6442,26.1742],[82.6508,26.1753],[82.6538,26.1739],[82.6527,26.1705],[82.6472,26.1676],[82.643,26.1664],[82.6401,26.1628],[82.6419,26.1595],[82.6466,26.1594],[82.652,26.1619],[82.658,26.1661],[82.6662,26.1644],[82.6719,26.1616],[82.6762,26.1563],[82.6823,26.1512]]]},"properties":{"district_name":"Jaunpur","raw_district_name":"Jaunpur","state_code":"UP","state_name":"Uttar Pradesh","census_code":194,"data_source":"DataMeet India Maps (Census 2011 Boundaries)"}},{"type":"Feature","geometry":{"type":"Polygon","coordinates":[[[79.398,25.7962],[79.4008,25.7931],[79.4019,25.7883],[79.402,25.7837],[79.4006,25.78],[79.3989,25.7782],[79.3952,25.7763],[79.3891,25.7749],[79.384,25.7747],[79.3746,25.7765],[79.3698,25.7764],[79.3643,25.7743],[79.3635,25.772],[79.3637,25.7703],[79.3654,25.768],[79.3672,25.7672],[79.3746,25.7606],[79.3737,25.7504],[79.3741,25.7482],[79.3755,25.7463],[79.3846,25.7428],[79.3981,25.7413],[79.4001,25.7405],[79.4007,25.7383],[79.3999,25.7362],[79.3935,25.7295],[79.3814,25.7222],[79.3741,25.7155],[79.3726,25.705],[79.3729,25.6991],[79.3738,25.6964],[79.3752,25.6951],[79.3862,25.6878],[79.3874,25.6851],[79.3872,25.6829],[79.3848,25.6781],[79.3784,25.669],[79.3792,25.6652],[79.3824,25.6621],[79.3873,25.6592],[79.4036,25.657],[79.406,25.6526],[79.4039,25.6501],[79.4014,25.6486],[79.3953,25.6473],[79.3813,25.6479],[79.3749,25.6498],[79.3679,25.6489],[79.3616,25.6465],[79.3607,25.6431],[79.3616,25.6403],[79.3674,25.6325],[79.3762,25.624],[79.3783,25.6204],[79.3746,25.6096],[79.3747,25.6027],[79.3793,25.5952],[79.3807,25.5906],[79.3858,25.5813],[79.3892,25.5772],[79.3912,25.577],[79.3966,25.5781],[79.4133,25.5834],[79.418,25.5831],[79.4199,25.5809],[79.4208,25.5772],[79.4181,25.5739],[79.4169,25.573],[79.4062,25.5708],[79.4023,25.5672],[79.4024,25.5635],[79.4075,25.5534],[79.4098,25.5492],[79.4105,25.5454],[79.4088,25.5415],[79.4054,25.5364],[79.3987,25.5292],[79.389,25.5218],[79.389,25.5218],[79.3864,25.5179],[79.3839,25.5106],[79.3825,25.5098],[79.3784,25.4995],[79.3715,25.4929],[79.3672,25.4902],[79.3626,25.4853],[79.3697,25.4649],[79.3683,25.4622],[79.3667,25.4597],[79.3609,25.455],[79.342,25.4415],[79.3327,25.4313],[79.3325,25.4282],[79.3405,25.4086],[79.3404,25.4018],[79.3371,25.4002],[79.3246,25.399],[79.3175,25.3907],[79.3137,25.3851],[79.3033,25.3774],[79.2995,25.376],[79.2948,25.3584],[79.2875,25.3484],[79.2807,25.3437],[79.2772,25.3389],[79.2771,25.337],[79.2805,25.3248],[79.2842,25.3221],[79.2752,25.3138],[79.2678,25.3053],[79.2656,25.2935],[79.2636,25.2868],[79.2644,25.2801],[79.2639,25.2772],[79.2641,25.2746],[79.2666,25.2693],[79.267,25.2665],[79.2696,25.2628],[79.2732,25.2615],[79.2787,25.2616],[79.2855,25.2661],[79.2941,25.2762],[79.2954,25.2853],[79.3059,25.2709],[79.3115,25.2605],[79.3177,25.2571],[79.3223,25.2565],[79.3264,25.2582],[79.331,25.262],[79.3395,25.2714],[79.3422,25.2708],[79.3455,25.2683],[79.3477,25.2679],[79.3522,25.2594],[79.3489,25.2538],[79.3485,25.2512],[79.3479,25.2382],[79.3489,25.2343],[79.3487,25.2257],[79.3471,25.2233],[79.3396,25.2272],[79.3384,25.2272],[79.3367,25.2251],[79.3425,25.218],[79.3546,25.2094],[79.351,25.2052],[79.3402,25.196],[79.3341,25.2037],[79.3334,25.206],[79.3327,25.209],[79.3329,25.2176],[79.3306,25.2179],[79.3225,25.2148],[79.3184,25.2146],[79.3162,25.2184],[79.3081,25.2226],[79.3054,25.2296],[79.3009,25.2353],[79.2916,25.2416],[79.2861,25.243],[79.2812,25.2433],[79.2817,25.2403],[79.2858,25.2334],[79.2891,25.2223],[79.2886,25.2195],[79.2872,25.2169],[79.2856,25.2058],[79.2853,25.1987],[79.2863,25.1926],[79.2911,25.1846],[79.2963,25.1815],[79.2983,25.1791],[79.3094,25.1705],[79.3163,25.1603],[79.3221,25.1471],[79.3214,25.1462],[79.3132,25.1351],[79.3107,25.1286],[79.3085,25.1261],[79.2986,25.1265],[79.2897,25.1287],[79.284,25.1155],[79.2813,25.1169],[79.2775,25.1214],[79.2762,25.1214],[79.2675,25.1173],[79.2656,25.1192],[79.262,25.1257],[79.2696,25.1364],[79.2694,25.1371],[79.2658,25.1391],[79.2668,25.1421],[79.2667,25.1485],[79.2635,25.1525],[79.2581,25.1564],[79.2533,25.1571],[79.2433,25.1561],[79.2326,25.1533],[79.2271,25.1497],[79.2214,25.1436],[79.23,25.1408],[79.2314,25.1384],[79.2315,25.136],[79.2323,25.1354],[79.245,25.138],[79.2473,25.1379],[79.249,25.1361],[79.251,25.136],[79.2451,25.1265],[79.2456,25.1219],[79.2476,25.1154],[79.2471,25.1131],[79.2458,25.1116],[79.2423,25.1127],[79.2334,25.1176],[79.2302,25.1185],[79.2276,25.1162],[79.2259,25.1134],[79.2211,25.1117],[79.2181,25.1097],[79.2138,25.109],[79.2145,25.1196],[79.2054,25.1234],[79.2036,25.1268],[79.2038,25.1332],[79.2042,25.1381],[79.2012,25.1388],[79.1975,25.1408],[79.1964,25.1445],[79.1951,25.1461],[79.1923,25.1463],[79.1885,25.1428],[79.1847,25.1411],[79.1758,25.1405],[79.1742,25.1375],[79.1739,25.1347],[79.1762,25.1267],[79.1873,25.124],[79.1867,25.1129],[79.1815,25.1142],[79.1798,25.1137],[79.1763,25.107],[79.164,25.1071],[79.1522,25.1118],[79.1456,25.1136],[79.1407,25.1062],[79.1365,25.1059],[79.1317,25.107],[79.1282,25.1086],[79.1222,25.113],[79.1325,25.1244],[79.1321,25.1247],[79.1152,25.1388],[79.126,25.1535],[79.1278,25.1593],[79.1266,25.1586],[79.1145,25.1633],[79.11,25.1663],[79.098,25.1713],[79.0961,25.1734],[79.0958,25.1788],[79.0946,25.1829],[79.0917,25.1876],[79.0776,25.1729],[79.0714,25.1676],[79.0702,25.1578],[79.0654,25.146],[79.0619,25.144],[79.0562,25.1426],[79.0504,25.1333],[79.0462,25.1323],[79.0428,25.133],[79.0356,25.1351],[79.0291,25.1383],[79.029,25.142],[79.0325,25.1509],[79.0431,25.169],[79.0388,25.1736],[79.0353,25.1754],[79.0331,25.1777],[79.0319,25.1816],[79.0502,25.2052],[79.0559,25.2049],[79.0625,25.2123],[79.0641,25.2143],[79.0638,25.2208],[79.0597,25.2232],[79.0525,25.2257],[79.0339,25.2297],[79.0357,25.2361],[79.0385,25.2413],[79.0368,25.2444],[79.0221,25.2428],[79.0195,25.2433],[79.019,25.2444],[79.0191,25.2479],[79.0234,25.2602],[79.0217,25.266],[79.0198,25.2691],[79.0124,25.272],[79.0001,25.2727],[78.9942,25.27],[78.9846,25.2567],[78.9807,25.2487],[78.9785,25.2399],[78.9797,25.2379],[78.9948,25.231],[79.0001,25.23],[79.002,25.2288],[79.0024,25.2273],[79.0019,25.2205],[79.0007,25.2173],[79.0077,25.2111],[79.0048,25.2026],[79.0047,25.1934],[79.0031,25.191],[79.0001,25.1916],[78.9951,25.1918],[78.9897,25.1942],[78.985,25.1993],[78.9765,25.2117],[78.9712,25.2145],[78.9602,25.2157],[78.9557,25.2152],[78.9497,25.2134],[78.9315,25.2056],[78.9265,25.2013],[78.9226,25.1976],[78.9153,25.1886],[78.9089,25.1783],[78.9079,25.1756],[78.9006,25.1683],[78.8844,25.1572],[78.8811,25.1583],[78.879,25.1611],[78.8805,25.167],[78.8764,25.1732],[78.877,25.1779],[78.8748,25.1814],[78.8746,25.185],[78.8783,25.1912],[78.8829,25.1952],[78.8874,25.2009],[78.8897,25.2061],[78.8889,25.2105],[78.8805,25.2211],[78.8743,25.2275],[78.8745,25.2327],[78.8795,25.2458],[78.8832,25.2508],[78.8875,25.2486],[78.8919,25.2422],[78.899,25.2405],[78.9037,25.2449],[78.9159,25.2693],[78.9226,25.2707],[78.9256,25.2702],[78.9301,25.2665],[78.9332,25.2628],[78.9408,25.2585],[78.9438,25.2577],[78.948,25.2577],[78.9535,25.2588],[78.9558,25.2609],[78.9554,25.2667],[78.9518,25.2704],[78.9512,25.2751],[78.9549,25.2787],[78.9612,25.2806],[78.9721,25.2789],[78.9774,25.2802],[78.9777,25.2861],[78.9602,25.3068],[78.9594,25.3124],[78.9632,25.3427],[78.9603,25.3448],[78.9574,25.3432],[78.9532,25.3422],[78.9502,25.3401],[78.9429,25.3312],[78.9386,25.3274],[78.935,25.3267],[78.9328,25.3295],[78.9329,25.3334],[78.9319,25.3369],[78.9263,25.3409],[78.9221,25.3414],[78.9186,25.3371],[78.9153,25.3343],[78.9109,25.335],[78.9029,25.3385],[78.8926,25.3416],[78.8864,25.3418],[78.8839,25.3394],[78.8841,25.3341],[78.883,25.3289],[78.8804,25.3258],[78.8698,25.3195],[78.8656,25.3158],[78.8638,25.3119],[78.8669,25.3095],[78.8742,25.3059],[78.875,25.2963],[78.8792,25.2868],[78.8797,25.2832],[78.8779,25.2798],[78.8696,25.2781],[78.8652,25.2612],[78.8602,25.2538],[78.8575,25.2484],[78.8532,25.2288],[78.8519,25.2261],[78.849,25.2242],[78.8423,25.2282],[78.8309,25.2461],[78.8185,25.261],[78.8129,25.2659],[78.8136,25.2744],[78.8194,25.289],[78.82,25.2927],[78.819,25.2948],[78.8143,25.2979],[78.811,25.2969],[78.8005,25.288],[78.7985,25.288],[78.7942,25.2899],[78.7905,25.2925],[78.7905,25.2981],[78.794,25.3046],[78.7992,25.3097],[78.8053,25.3094],[78.8175,25.3058],[78.8219,25.3059],[78.824,25.3115],[78.829,25.3137],[78.8339,25.3148],[78.8406,25.3263],[78.843,25.3279],[78.8476,25.3268],[78.8508,25.3273],[78.853,25.3301],[78.8528,25.3336],[78.8505,25.337],[78.8432,25.3419],[78.8451,25.3471],[78.8527,25.3558],[78.8688,25.3719],[78.8822,25.3826],[78.8904,25.3844],[78.898,25.3837],[78.9085,25.3842],[78.9158,25.3873],[78.9195,25.3919],[78.9229,25.3945],[78.9301,25.3954],[78.9385,25.3981],[78.9509,25.398],[78.9568,25.3951],[78.9587,25.3914],[78.9547,25.3881],[78.9463,25.384],[78.9386,25.372],[78.9338,25.3723],[78.9166,25.3755],[78.9028,25.3757],[78.8999,25.3702],[78.9006,25.3639],[78.9043,25.3601],[78.9138,25.3583],[78.9246,25.3549],[78.9361,25.3467],[78.9461,25.3478],[78.9559,25.3649],[78.9627,25.368],[78.9819,25.3675],[78.986,25.371],[78.9859,25.3778],[78.9833,25.3836],[78.9785,25.3868],[78.9757,25.3915],[78.973,25.4064],[78.9777,25.4154],[78.9764,25.42],[78.97,25.4313],[78.9676,25.4338],[78.9545,25.4374],[78.9501,25.4366],[78.9453,25.4324],[78.9416,25.4268],[78.9366,25.4232],[78.9201,25.4335],[78.9107,25.4418],[78.9138,25.4453],[78.9209,25.4469],[78.9273,25.457],[78.935,25.4606],[78.9376,25.4635],[78.9432,25.4749],[78.9437,25.4826],[78.9427,25.4891],[78.9407,25.4931],[78.9337,25.5024],[78.9267,25.5084],[78.9242,25.5116],[78.9239,25.5156],[78.9248,25.5203],[78.9272,25.5223],[78.9398,25.5192],[78.946,25.5224],[78.9495,25.526],[78.9514,25.5357],[78.9493,25.5463],[78.9433,25.5519],[78.9383,25.5545],[78.9333,25.5548],[78.9302,25.5516],[78.9261,25.5381],[78.9244,25.5361],[78.9209,25.5403],[78.9179,25.5541],[78.9135,25.5554],[78.9044,25.5542],[78.8931,25.5556],[78.8887,25.555],[78.8819,25.5518],[78.8765,25.546],[78.8759,25.539],[78.8851,25.528],[78.8859,25.5235],[78.8835,25.5191],[78.8588,25.5137],[78.8487,25.5129],[78.8414,25.5108],[78.8358,25.5048],[78.8345,25.4985],[78.8382,25.4932],[78.8535,25.4862],[78.8563,25.4824],[78.8591,25.4726],[78.8646,25.462],[78.8647,25.457],[78.8611,25.4472],[78.8528,25.4398],[78.844,25.4291],[78.8417,25.4273],[78.8384,25.4269],[78.8271,25.4326],[78.8231,25.4366],[78.8213,25.4412],[78.8239,25.4438],[78.8378,25.4423],[78.8446,25.4428],[78.8494,25.4449],[78.8532,25.4492],[78.8496,25.452],[78.8451,25.4537],[78.8408,25.4565],[78.8373,25.4605],[78.8329,25.4632],[78.8227,25.4673],[78.8176,25.4703],[78.7969,25.4783],[78.7891,25.479],[78.7804,25.4776],[78.7717,25.4715],[78.7679,25.4706],[78.7639,25.471],[78.7569,25.477],[78.751,25.4797],[78.749,25.4847],[78.7467,25.4947],[78.7435,25.4991],[78.7391,25.4954],[78.7337,25.4849],[78.732,25.4581],[78.735,25.4536],[78.7397,25.4505],[78.751,25.4469],[78.7555,25.4433],[78.7592,25.4333],[78.7624,25.4287],[78.7673,25.4254],[78.7727,25.4249],[78.7795,25.4278],[78.7837,25.4318],[78.7896,25.4348],[78.7968,25.4369],[78.8027,25.4362],[78.8108,25.433],[78.8192,25.4279],[78.8203,25.4253],[78.8188,25.4222],[78.815,25.4201],[78.802,25.4215],[78.7978,25.4205],[78.7956,25.4184],[78.7834,25.4161],[78.7635,25.4142],[78.7567,25.4124],[78.7527,25.4104],[78.7505,25.4076],[78.7478,25.4014],[78.7476,25.3979],[78.7489,25.3934],[78.7508,25.3925],[78.7549,25.3954],[78.7585,25.4001],[78.762,25.4011],[78.766,25.399],[78.767,25.3969],[78.7672,25.3926],[78.7662,25.3884],[78.7646,25.3874],[78.7617,25.3879],[78.7603,25.3868],[78.7602,25.3852],[78.7621,25.3811],[78.7685,25.377],[78.7695,25.3693],[78.7731,25.3597],[78.7726,25.3553],[78.7717,25.3533],[78.7636,25.3524],[78.7571,25.347],[78.7429,25.3441],[78.7325,25.3489],[78.7284,25.3487],[78.7252,25.3477],[78.7209,25.3479],[78.7167,25.3492],[78.7111,25.3535],[78.7109,25.3566],[78.7118,25.3605],[78.717,25.3711],[78.7163,25.3736],[78.7071,25.3766],[78.7044,25.3782],[78.7034,25.3804],[78.7,25.3826],[78.6978,25.3816],[78.6964,25.3779],[78.6944,25.3755],[78.6911,25.3753],[78.6788,25.3794],[78.6808,25.3828],[78.681,25.386],[78.6767,25.3878],[78.6722,25.3829],[78.6684,25.3814],[78.6651,25.3828],[78.6632,25.387],[78.6641,25.3908],[78.6639,25.3954],[78.6593,25.408],[78.6609,25.4116],[78.6638,25.415],[78.6666,25.4132],[78.6722,25.3993],[78.6763,25.3987],[78.6918,25.4108],[78.7076,25.421],[78.7087,25.4237],[78.7071,25.4271],[78.7006,25.434],[78.6966,25.4402],[78.6931,25.4426],[78.689,25.4422],[78.6862,25.4387],[78.6848,25.4346],[78.6822,25.433],[78.6777,25.4337],[78.6653,25.4386],[78.66,25.4388],[78.6563,25.4372],[78.6527,25.4327],[78.6461,25.4352],[78.6409,25.4329],[78.6398,25.4278],[78.6448,25.4146],[78.644,25.4089],[78.641,25.4044],[78.6358,25.4013],[78.6309,25.4008],[78.6265,25.4019],[78.6241,25.4049],[78.6216,25.4112],[78.6107,25.4119],[78.6062,25.41],[78.6018,25.4039],[78.5988,25.3914],[78.5955,25.3869],[78.5913,25.3851],[78.5861,25.3849],[78.5833,25.3859],[78.5758,25.391],[78.5706,25.3927],[78.5683,25.3905],[78.564,25.379],[78.5673,25.3769],[78.5718,25.3788],[78.5775,25.3796],[78.5816,25.3771],[78.5849,25.372],[78.5866,25.3554],[78.586,25.3502],[78.5833,25.3468],[78.5692,25.3428],[78.5631,25.3435],[78.5518,25.3536],[78.5422,25.3589],[78.5352,25.3607],[78.5323,25.3579],[78.5305,25.3532],[78.5319,25.3496],[78.5375,25.3469],[78.5382,25.3434],[78.5378,25.334],[78.5386,25.3297],[78.5407,25.3258],[78.5448,25.3244],[78.5485,25.3215],[78.5479,25.3173],[78.546,25.3153],[78.5406,25.3136],[78.538,25.3119],[78.5321,25.3014],[78.5258,25.3007],[78.5229,25.2992],[78.5121,25.297],[78.5073,25.299],[78.5028,25.3051],[78.502,25.3156],[78.4992,25.3187],[78.4946,25.3151],[78.4903,25.3091],[78.4849,25.3036],[78.4788,25.3007],[78.4762,25.2982],[78.474,25.2879],[78.4663,25.2915],[78.4638,25.2942],[78.4555,25.2981],[78.4476,25.299],[78.4421,25.2974],[78.4368,25.2919],[78.4343,25.2835],[78.4356,25.2757],[78.4427,25.2681],[78.4514,25.2648],[78.461,25.2655],[78.4963,25.287],[78.5037,25.2887],[78.5078,25.2831],[78.5096,25.2783],[78.5123,25.2764],[78.5279,25.2829],[78.5322,25.2804],[78.5326,25.2731],[78.5355,25.2694],[78.543,25.2668],[78.5493,25.2669],[78.5594,25.2658],[78.5641,25.2642],[78.5714,25.2601],[78.5756,25.2535],[78.5752,25.249],[78.5728,25.2444],[78.5696,25.2336],[78.5685,25.2224],[78.5696,25.221],[78.5652,25.2186],[78.558,25.2118],[78.5501,25.2013],[78.5337,25.183],[78.527,25.1781],[78.507,25.1698],[78.4967,25.1593],[78.4879,25.147],[78.4805,25.1416],[78.4691,25.1351],[78.463,25.1325],[78.4562,25.1267],[78.4497,25.1237],[78.4298,25.1403],[78.4256,25.146],[78.4251,25.1485],[78.4277,25.1526],[78.4355,25.1533],[78.4488,25.1523],[78.4497,25.1528],[78.4532,25.1617],[78.4533,25.164],[78.4508,25.1675],[78.446,25.1671],[78.442,25.1653],[78.4351,25.1646],[78.4241,25.1677],[78.4159,25.177],[78.4141,25.1807],[78.4104,25.1839],[78.3981,25.1861],[78.3922,25.1901],[78.3904,25.1969],[78.3908,25.2009],[78.3926,25.2036],[78.4013,25.2096],[78.4046,25.2127],[78.4024,25.2161],[78.399,25.2173],[78.3879,25.2187],[78.382,25.2207],[78.3776,25.2283],[78.3758,25.2366],[78.3714,25.2388],[78.3639,25.239],[78.3614,25.241],[78.3621,25.2449],[78.3672,25.2535],[78.3691,25.2603],[78.3621,25.2706],[78.352,25.2778],[78.352,25.2928],[78.3482,25.2941],[78.3369,25.2952],[78.3233,25.2994],[78.3185,25.3024],[78.3149,25.3058],[78.3174,25.311],[78.3223,25.3156],[78.3347,25.3224],[78.3377,25.3261],[78.3382,25.3316],[78.3335,25.3438],[78.3301,25.3501],[78.3232,25.3544],[78.3085,25.3592],[78.3031,25.3598],[78.3011,25.3624],[78.3024,25.3696],[78.3066,25.3786],[78.3103,25.3796],[78.3141,25.379],[78.3176,25.3799],[78.3284,25.39],[78.3372,25.3958],[78.3394,25.3993],[78.3411,25.4129],[78.3422,25.4258],[78.3436,25.4298],[78.3508,25.441],[78.3546,25.4496],[78.3563,25.4506],[78.3597,25.4501],[78.368,25.4414],[78.3732,25.4411],[78.3844,25.4432],[78.3905,25.4467],[78.3927,25.4489],[78.399,25.4636],[78.4008,25.466],[78.4085,25.4677],[78.4138,25.474],[78.4236,25.4723],[78.4278,25.4724],[78.4287,25.4745],[78.4266,25.4853],[78.4194,25.4924],[78.4165,25.499],[78.4158,25.5028],[78.4167,25.5134],[78.4184,25.5138],[78.4215,25.51],[78.4234,25.5105],[78.4239,25.5125],[78.4224,25.5161],[78.4182,25.5221],[78.4158,25.5276],[78.4171,25.5324],[78.4195,25.537],[78.4333,25.5562],[78.4365,25.5586],[78.4407,25.56],[78.4443,25.5591],[78.4469,25.5537],[78.4502,25.5518],[78.4522,25.5497],[78.4564,25.5475],[78.4624,25.5467],[78.4645,25.5501],[78.4673,25.5593],[78.4694,25.5622],[78.4762,25.5677],[78.4884,25.5751],[78.4935,25.5769],[78.4988,25.5766],[78.5187,25.5677],[78.5348,25.5677],[78.5397,25.565],[78.5433,25.5616],[78.5491,25.5599],[78.5544,25.5594],[78.5671,25.5625],[78.5728,25.5626],[78.5783,25.5621],[78.5834,25.56],[78.5885,25.559],[78.5913,25.5603],[78.5944,25.5677],[78.5976,25.57],[78.6026,25.5697],[78.6054,25.5703],[78.6075,25.5731],[78.6116,25.582],[78.6131,25.5836],[78.616,25.5838],[78.6255,25.5817],[78.6287,25.5769],[78.6276,25.5683],[78.6308,25.5657],[78.6362,25.5637],[78.6517,25.5602],[78.656,25.5604],[78.6728,25.5796],[78.6804,25.5865],[78.6844,25.5888],[78.6954,25.5899],[78.7032,25.5946],[78.714,25.598],[78.7186,25.6013],[78.7318,25.6032],[78.7403,25.5978],[78.7484,25.5986],[78.7565,25.6031],[78.7629,25.6043],[78.7735,25.6079],[78.7924,25.6102],[78.8021,25.6123],[78.8057,25.614],[78.8128,25.6193],[78.814,25.6278],[78.8174,25.6331],[78.8188,25.6402],[78.8182,25.6598],[78.8189,25.6692],[78.817,25.6728],[78.8034,25.6908],[78.797,25.6945],[78.8002,25.7019],[78.7989,25.7052],[78.7852,25.7084],[78.7684,25.7155],[78.76,25.7221],[78.7557,25.7273],[78.7534,25.7327],[78.7531,25.7388],[78.7544,25.7437],[78.7589,25.7474],[78.7633,25.7476],[78.7701,25.7469],[78.7735,25.7536],[78.7835,25.7562],[78.7876,25.7698],[78.7983,25.7829],[78.8013,25.7881],[78.8073,25.794],[78.8119,25.795],[78.8194,25.7938],[78.8282,25.794],[78.8318,25.8022],[78.8314,25.807],[78.83,25.8099],[78.824,25.8122],[78.8215,25.8114],[78.8154,25.8061],[78.8118,25.8049],[78.8082,25.8075],[78.8066,25.8128],[78.8097,25.8168],[78.819,25.8247],[78.8236,25.8258],[78.8429,25.8187],[78.8488,25.8153],[78.8496,25.8114],[78.8485,25.8067],[78.8491,25.7998],[78.8514,25.796],[78.8575,25.7905],[78.8637,25.7891],[78.8697,25.7938],[78.8711,25.7967],[78.8717,25.8109],[78.8743,25.8243],[78.8735,25.829],[78.8607,25.8382],[78.854,25.8334],[78.8518,25.8399],[78.8544,25.8551],[78.8583,25.8602],[78.8657,25.8666],[78.8714,25.8693],[78.8758,25.8696],[78.8805,25.8676],[78.8847,25.8645],[78.8905,25.8649],[78.8916,25.8711],[78.8892,25.883],[78.893,25.8875],[78.8951,25.8936],[78.8908,25.9009],[78.8853,25.9078],[78.8843,25.9102],[78.9022,25.9204],[78.906,25.9255],[78.9092,25.9321],[78.9119,25.9357],[78.9177,25.9407],[78.9233,25.9439],[78.9318,25.9473],[78.9291,25.9454],[78.9301,25.9447],[78.9328,25.9433],[78.9353,25.9429],[78.9375,25.9439],[78.9381,25.9462],[78.9354,25.9501],[78.9427,25.9491],[78.9498,25.9467],[78.9654,25.9361],[78.971,25.938],[78.9795,25.9433],[78.989,25.9404],[78.998,25.9355],[79,25.9353],[79.0016,25.9351],[79.0038,25.9334],[79.008,25.9343],[79.0151,25.9366],[79.0176,25.9383],[79.0189,25.9402],[79.0386,25.9351],[79.041,25.9324],[79.0423,25.9273],[79.0734,25.9208],[79.0859,25.9164],[79.0863,25.9153],[79.0832,25.908],[79.0822,25.9046],[79.0802,25.9041],[79.0705,25.9068],[79.0618,25.9072],[79.0582,25.9066],[79.0565,25.9025],[79.0567,25.893],[79.0549,25.8918],[79.0532,25.8917],[79.0491,25.8928],[79.0471,25.8942],[79.0481,25.8993],[79.0395,25.9005],[79.0333,25.9034],[79.0308,25.9037],[79.0303,25.9024],[79.0323,25.8978],[79.033,25.8925],[79.0351,25.8873],[79.0446,25.8798],[79.0409,25.8711],[79.0407,25.8676],[79.0484,25.8628],[79.0637,25.8563],[79.0665,25.8562],[79.0685,25.8603],[79.0716,25.8605],[79.0759,25.8592],[79.0776,25.8607],[79.0781,25.8623],[79.078,25.8656],[79.0744,25.867],[79.074,25.8692],[79.0748,25.8762],[79.078,25.8877],[79.078,25.8903],[79.0871,25.8908],[79.0952,25.8898],[79.1017,25.8917],[79.1082,25.8908],[79.1053,25.8816],[79.1048,25.8764],[79.098,25.8613],[79.0998,25.8582],[79.1087,25.8563],[79.1147,25.8541],[79.1155,25.8593],[79.1166,25.8607],[79.1149,25.8639],[79.1171,25.8664],[79.1188,25.8676],[79.1272,25.8655],[79.1236,25.8528],[79.1211,25.8487],[79.1217,25.8474],[79.1272,25.8462],[79.1231,25.8346],[79.1181,25.8248],[79.1178,25.8244],[79.1209,25.8211],[79.1274,25.8184],[79.1338,25.8136],[79.1369,25.8124],[79.1513,25.809],[79.1671,25.8071],[79.1737,25.8056],[79.1872,25.8013],[79.2014,25.7946],[79.2023,25.7935],[79.2075,25.7924],[79.2114,25.7902],[79.2136,25.7899],[79.2264,25.7948],[79.2311,25.798],[79.2332,25.8016],[79.2376,25.8035],[79.2384,25.8077],[79.2436,25.8067],[79.2476,25.8044],[79.2552,25.7979],[79.2627,25.7938],[79.2661,25.7923],[79.2739,25.7962],[79.2759,25.8025],[79.2815,25.8133],[79.2897,25.816],[79.2959,25.8156],[79.302,25.8122],[79.3019,25.8086],[79.2995,25.8023],[79.2947,25.7976],[79.2918,25.7921],[79.2973,25.7854],[79.3071,25.782],[79.3126,25.7786],[79.3156,25.7758],[79.3173,25.7722],[79.32,25.7695],[79.328,25.771],[79.3344,25.7743],[79.3433,25.7836],[79.3459,25.7851],[79.3609,25.7881],[79.3699,25.7863],[79.3782,25.7867],[79.3813,25.7881],[79.3818,25.7858],[79.3839,25.7861],[79.3871,25.7891],[79.398,25.7962]]]},"properties":{"district_name":"Jhansi","raw_district_name":"Jhansi","state_code":"UP","state_name":"Uttar Pradesh","census_code":166,"data_source":"DataMeet India Maps (Census 2011 Boundaries)"}},{"type":"Feature","geometry":{"type":"Polygon","coordinates":[[[78.5252,29.0698],[78.5273,29.0671],[78.5296,29.0648],[78.5336,29.0615],[78.5423,29.0559],[78.5507,29.0502],[78.5573,29.0417],[78.5552,29.0367],[78.5557,29.0317],[78.5605,29.0272],[78.5674,29.0231],[78.5712,29.0194],[78.572,29.0171],[78.5697,29.0099],[78.5557,28.9958],[78.5494,28.9913],[78.5439,28.9907],[78.5417,28.9905],[78.5319,28.9861],[78.5303,28.982],[78.5422,28.9696],[78.5396,28.965],[78.5343,28.9599],[78.5291,28.9552],[78.5271,28.9505],[78.5283,28.9455],[78.5301,28.9421],[78.5349,28.9348],[78.5403,28.9296],[78.5473,28.9286],[78.5519,28.9295],[78.5542,28.9318],[78.5537,28.9383],[78.5579,28.9414],[78.581,28.944],[78.5855,28.9419],[78.5967,28.931],[78.6014,28.9277],[78.6073,28.9272],[78.6136,28.9288],[78.6196,28.9288],[78.6262,28.926],[78.6302,28.9227],[78.6315,28.9119],[78.6309,28.9057],[78.6296,28.9001],[78.6298,28.897],[78.6368,28.8922],[78.6379,28.8895],[78.6367,28.8851],[78.6368,28.8805],[78.6397,28.875],[78.6443,28.8705],[78.6518,28.8627],[78.6536,28.8609],[78.6534,28.8582],[78.6474,28.8522],[78.6479,28.8488],[78.6543,28.843],[78.6543,28.8399],[78.6527,28.8365],[78.6479,28.8334],[78.6382,28.8332],[78.6304,28.8346],[78.6263,28.8339],[78.6224,28.8314],[78.6179,28.8273],[78.6091,28.8154],[78.6056,28.8132],[78.5994,28.8128],[78.5912,28.8126],[78.5864,28.811],[78.5864,28.8009],[78.5826,28.7965],[78.565,28.7961],[78.5583,28.7969],[78.5553,28.7941],[78.5553,28.7917],[78.554,28.7901],[78.5461,28.7896],[78.537,28.7883],[78.535,28.7864],[78.5369,28.7812],[78.5367,28.7785],[78.5343,28.7753],[78.5286,28.7761],[78.5247,28.7797],[78.5218,28.7801],[78.5192,28.7788],[78.5177,28.7765],[78.5143,28.7737],[78.5109,28.7736],[78.5069,28.7757],[78.5041,28.7783],[78.5015,28.7806],[78.4984,28.7814],[78.4966,28.7814],[78.4911,28.7779],[78.4876,28.7775],[78.4844,28.7781],[78.4821,28.7811],[78.4805,28.7833],[78.4772,28.786],[78.4731,28.7862],[78.4703,28.784],[78.4648,28.7823],[78.4601,28.7838],[78.4572,28.7895],[78.4549,28.7911],[78.4532,28.7923],[78.4498,28.7925],[78.4445,28.7936],[78.4402,28.7963],[78.4367,28.7959],[78.4329,28.7941],[78.4315,28.7921],[78.4274,28.7893],[78.4239,28.788],[78.4205,28.7849],[78.4206,28.7824],[78.4288,28.778],[78.4307,28.7752],[78.4314,28.7719],[78.4332,28.7678],[78.435,28.7648],[78.4359,28.7612],[78.4362,28.7596],[78.4355,28.7561],[78.4336,28.7546],[78.4298,28.7533],[78.4235,28.7513],[78.4204,28.7491],[78.419,28.7451],[78.4195,28.7399],[78.4217,28.7372],[78.425,28.7331],[78.4279,28.7301],[78.4289,28.7274],[78.429,28.7221],[78.4203,28.7089],[78.4217,28.7002],[78.4266,28.6942],[78.4377,28.687],[78.4396,28.6846],[78.4399,28.6819],[78.4379,28.679],[78.4367,28.6762],[78.4372,28.6711],[78.4385,28.6676],[78.4369,28.663],[78.4338,28.6607],[78.4303,28.6604],[78.4254,28.6618],[78.4208,28.6623],[78.4157,28.6585],[78.4225,28.6195],[78.4248,28.6153],[78.431,28.6105],[78.4383,28.6062],[78.4408,28.601],[78.4409,28.5945],[78.4397,28.5896],[78.4346,28.5823],[78.4317,28.5773],[78.4304,28.5721],[78.4307,28.5687],[78.434,28.5651],[78.4338,28.563],[78.4337,28.5614],[78.431,28.557],[78.4301,28.5531],[78.4298,28.5517],[78.4306,28.5491],[78.4331,28.5456],[78.4363,28.5402],[78.4364,28.5368],[78.4357,28.533],[78.4344,28.5312],[78.4311,28.5273],[78.4274,28.5245],[78.4244,28.5221],[78.4219,28.5184],[78.4224,28.5162],[78.4263,28.5102],[78.4308,28.5042],[78.4342,28.5001],[78.4343,28.4962],[78.4323,28.4937],[78.4317,28.4929],[78.4316,28.4907],[78.4314,28.4886],[78.4326,28.4844],[78.4309,28.4803],[78.4214,28.4712],[78.4165,28.4665],[78.4146,28.4628],[78.4115,28.467],[78.4069,28.4694],[78.4002,28.4711],[78.3926,28.4718],[78.3898,28.4685],[78.3835,28.4691],[78.3796,28.468],[78.3675,28.4563],[78.3574,28.4485],[78.3533,28.442],[78.3471,28.4346],[78.3264,28.4301],[78.317,28.4344],[78.3102,28.4343],[78.3084,28.4302],[78.3062,28.4215],[78.2968,28.4176],[78.2941,28.4148],[78.2919,28.4084],[78.291,28.4031],[78.2852,28.4076],[78.2828,28.413],[78.2814,28.4206],[78.2825,28.4271],[78.2845,28.4333],[78.2884,28.4374],[78.3034,28.4464],[78.3063,28.4495],[78.306,28.4554],[78.305,28.4587],[78.281,28.4671],[78.2774,28.47],[78.2772,28.4847],[78.2756,28.4882],[78.272,28.4901],[78.2539,28.4941],[78.2321,28.4941],[78.2253,28.4953],[78.2199,28.4999],[78.2186,28.5047],[78.2176,28.519],[78.2157,28.5231],[78.2158,28.5253],[78.2212,28.5314],[78.2196,28.5341],[78.2173,28.5414],[78.2161,28.5497],[78.2299,28.5731],[78.2159,28.5997],[78.2094,28.6152],[78.209,28.6164],[78.2085,28.6179],[78.1964,28.6527],[78.1967,28.6578],[78.193,28.6703],[78.1838,28.6776],[78.1745,28.6918],[78.1525,28.7067],[78.1467,28.7118],[78.1413,28.7211],[78.1414,28.7299],[78.1404,28.7377],[78.1409,28.7424],[78.1347,28.7571],[78.1335,28.7649],[78.1337,28.7712],[78.1242,28.7762],[78.1199,28.7821],[78.1188,28.7881],[78.1211,28.7975],[78.1188,28.8098],[78.1194,28.8184],[78.1163,28.8205],[78.1168,28.8258],[78.1123,28.8285],[78.1142,28.8331],[78.1147,28.8371],[78.1191,28.8429],[78.116,28.8563],[78.1132,28.8656],[78.109,28.8729],[78.1042,28.8778],[78.099,28.8784],[78.0909,28.8782],[78.0827,28.8806],[78.0739,28.8853],[78.0637,28.8926],[78.0617,28.8966],[78.0622,28.9002],[78.071,28.9147],[78.0587,28.9371],[78.0601,28.9444],[78.0656,28.9556],[78.0783,28.9664],[78.0841,28.9695],[78.0937,28.9767],[78.097,28.9839],[78.0951,29.0002],[78.1012,29.0257],[78.0976,29.0346],[78.0983,29.0376],[78.0981,29.0406],[78.0958,29.0414],[78.0958,29.0457],[78.0984,29.0498],[78.0986,29.0521],[78.088,29.059],[78.0856,29.0639],[78.0847,29.0681],[78.0859,29.0693],[78.0872,29.0708],[78.0907,29.0726],[78.0926,29.0783],[78.1059,29.0834],[78.1103,29.0809],[78.1186,29.0792],[78.1345,29.0776],[78.143,29.0789],[78.1478,29.0775],[78.1601,29.0704],[78.1584,29.0584],[78.1604,29.054],[78.163,29.0558],[78.1647,29.0585],[78.1704,29.0605],[78.173,29.057],[78.1766,29.0565],[78.1809,29.0608],[78.1837,29.0623],[78.1931,29.06],[78.2067,29.0504],[78.2109,29.0557],[78.2151,29.0537],[78.2158,29.0511],[78.2254,29.0488],[78.2275,29.0452],[78.2342,29.0409],[78.2402,29.0405],[78.2438,29.0454],[78.2491,29.0441],[78.254,29.0446],[78.2589,29.0433],[78.2658,29.0473],[78.2691,29.0465],[78.277,29.0484],[78.2805,29.0461],[78.2822,29.0441],[78.2873,29.0423],[78.2894,29.04],[78.293,29.0409],[78.2945,29.0398],[78.2983,29.0416],[78.3051,29.0512],[78.3116,29.048],[78.3073,29.0436],[78.3095,29.0396],[78.3138,29.0402],[78.3181,29.0392],[78.3236,29.039],[78.3276,29.0402],[78.331,29.0423],[78.3352,29.0416],[78.3371,29.0426],[78.3411,29.0488],[78.3531,29.0429],[78.3669,29.0293],[78.3769,29.031],[78.3808,29.0338],[78.3851,29.0349],[78.3892,29.035],[78.3915,29.034],[78.3936,29.0354],[78.3957,29.0372],[78.4037,29.0308],[78.4094,29.0317],[78.4154,29.0385],[78.4173,29.0388],[78.4215,29.0375],[78.4254,29.0415],[78.432,29.0449],[78.4359,29.0444],[78.4436,29.0483],[78.4447,29.0505],[78.4477,29.0503],[78.4488,29.0542],[78.4511,29.0572],[78.4557,29.057],[78.46,29.0592],[78.4672,29.0643],[78.4688,29.0662],[78.4719,29.0643],[78.4737,29.065],[78.4776,29.0642],[78.4885,29.0607],[78.4934,29.0643],[78.4991,29.0608],[78.5057,29.0543],[78.5085,29.0587],[78.5124,29.0611],[78.5148,29.0605],[78.5164,29.0591],[78.5252,29.0698]]]},"properties":{"district_name":"Jyotiba Phule Nagar","raw_district_name":"Jyotiba Phule Nagar","state_code":"UP","state_name":"Uttar Pradesh","census_code":137,"data_source":"DataMeet India Maps (Census 2011 Boundaries)"}},{"type":"Feature","geometry":{"type":"Polygon","coordinates":[[[79.7259,27.2164],[79.734,27.2152],[79.7533,27.2026],[79.7681,27.195],[79.7791,27.1897],[79.7962,27.1749],[79.8051,27.1682],[79.8146,27.1704],[79.8272,27.1686],[79.8334,27.1688],[79.8414,27.1717],[79.8527,27.171],[79.8549,27.1722],[79.8595,27.1728],[79.8669,27.1695],[79.8617,27.1584],[79.8569,27.1542],[79.8588,27.1507],[79.8652,27.1495],[79.8868,27.1516],[79.894,27.151],[79.9015,27.1488],[79.9056,27.1465],[79.9133,27.1319],[79.9164,27.1233],[79.9226,27.0976],[79.9347,27.0921],[79.936,27.0871],[79.9445,27.0797],[79.9597,27.0757],[79.9664,27.0752],[79.9731,27.0716],[79.9759,27.0647],[79.9742,27.058],[79.9729,27.0447],[79.9749,27.035],[79.9797,27.0275],[79.9873,27.0218],[79.9931,27.0112],[79.9981,27.0059],[80,27],[80.0065,26.9893],[80.0107,26.9825],[80.0154,26.9769],[80.019,26.9642],[80.0208,26.9526],[80.0132,26.952],[80.0085,26.9523],[80.0065,26.9559],[80.0042,26.9583],[80,26.9606],[79.9956,26.9585],[79.9864,26.9491],[79.9804,26.9467],[79.9803,26.9442],[79.9947,26.9352],[79.9942,26.9337],[79.99,26.9325],[79.9883,26.9311],[79.9857,26.9272],[79.9832,26.9269],[79.9812,26.928],[79.9801,26.9299],[79.9785,26.938],[79.9774,26.9397],[79.9745,26.9421],[79.9684,26.9415],[79.9631,26.9503],[79.9609,26.9503],[79.955,26.9462],[79.9447,26.9437],[79.9458,26.9289],[79.9409,26.9229],[79.9424,26.9212],[79.9468,26.9201],[79.9514,26.9213],[79.9527,26.9177],[79.9458,26.9005],[79.9455,26.8968],[79.9534,26.89],[79.9497,26.8858],[79.9496,26.8823],[79.9431,26.8768],[79.9434,26.8744],[79.9656,26.8597],[79.9565,26.8517],[79.9526,26.8503],[79.9492,26.8455],[79.9464,26.845],[79.9383,26.8464],[79.929,26.8536],[79.9235,26.8494],[79.916,26.8469],[79.9069,26.847],[79.8974,26.8497],[79.8937,26.8419],[79.8935,26.8341],[79.8939,26.8291],[79.8991,26.8181],[79.899,26.8164],[79.898,26.8142],[79.8952,26.8123],[79.8896,26.8106],[79.8851,26.8151],[79.8725,26.8216],[79.8685,26.8249],[79.8643,26.8271],[79.8603,26.8268],[79.8528,26.8088],[79.852,26.8044],[79.8568,26.8019],[79.8682,26.8007],[79.8674,26.7965],[79.8531,26.7825],[79.8468,26.7747],[79.8417,26.7717],[79.8361,26.7722],[79.8311,26.7718],[79.8284,26.7717],[79.8261,26.7727],[79.8192,26.7751],[79.8165,26.7812],[79.8146,26.7835],[79.8129,26.7847],[79.809,26.7854],[79.8046,26.7849],[79.7996,26.7827],[79.7914,26.7754],[79.7794,26.7695],[79.7769,26.7703],[79.7738,26.7776],[79.7708,26.7797],[79.7665,26.7803],[79.7592,26.7833],[79.7573,26.7859],[79.7547,26.7872],[79.7551,26.7904],[79.7581,26.7949],[79.7566,26.7964],[79.7534,26.7975],[79.7489,26.7973],[79.7434,26.8099],[79.74,26.8107],[79.7366,26.8067],[79.73,26.8032],[79.7262,26.8021],[79.7215,26.8027],[79.7163,26.8065],[79.7171,26.8125],[79.7015,26.824],[79.7037,26.8295],[79.7078,26.8352],[79.6986,26.8384],[79.6926,26.8459],[79.6865,26.8501],[79.6753,26.8609],[79.671,26.8618],[79.6653,26.8652],[79.6652,26.8732],[79.6661,26.8753],[79.6626,26.8786],[79.6644,26.8822],[79.6613,26.8884],[79.6525,26.8932],[79.6416,26.893],[79.6343,26.8905],[79.6335,26.8867],[79.6297,26.8831],[79.6243,26.8813],[79.6218,26.8833],[79.6171,26.8895],[79.6152,26.8906],[79.6108,26.8921],[79.6025,26.8893],[79.6027,26.8861],[79.5941,26.88],[79.5915,26.8764],[79.5858,26.8734],[79.582,26.87],[79.5827,26.8659],[79.5854,26.8626],[79.5791,26.8605],[79.5712,26.8594],[79.5605,26.8607],[79.5556,26.8669],[79.5516,26.8702],[79.5421,26.8739],[79.5391,26.8749],[79.5302,26.8713],[79.5276,26.8759],[79.524,26.8781],[79.518,26.8745],[79.5078,26.8793],[79.5049,26.8815],[79.5021,26.8803],[79.4999,26.8828],[79.4919,26.8867],[79.4915,26.889],[79.4854,26.8935],[79.4856,26.8982],[79.4839,26.8995],[79.4824,26.8985],[79.4806,26.8951],[79.4712,26.904],[79.4679,26.9052],[79.4629,26.9028],[79.4601,26.9031],[79.4596,26.9057],[79.4609,26.9109],[79.4602,26.9143],[79.4566,26.9124],[79.453,26.922],[79.453,26.9253],[79.4517,26.9286],[79.4495,26.9289],[79.4446,26.9282],[79.4422,26.929],[79.4359,26.9279],[79.4363,26.9309],[79.4391,26.933],[79.4419,26.9326],[79.4421,26.9331],[79.4393,26.9348],[79.439,26.9393],[79.4396,26.9404],[79.4387,26.941],[79.4348,26.9408],[79.4297,26.9388],[79.4261,26.9364],[79.4178,26.934],[79.4078,26.934],[79.4039,26.9354],[79.403,26.931],[79.4014,26.9295],[79.3939,26.9264],[79.3919,26.9301],[79.3826,26.9375],[79.3758,26.9388],[79.3725,26.9417],[79.3694,26.9424],[79.3676,26.9449],[79.3639,26.9463],[79.3594,26.9465],[79.3535,26.9354],[79.3502,26.9342],[79.3434,26.9311],[79.3396,26.9369],[79.3374,26.9383],[79.3329,26.9411],[79.3241,26.9423],[79.3198,26.9417],[79.3189,26.9435],[79.3193,26.9491],[79.3202,26.9516],[79.3271,26.9604],[79.3353,26.959],[79.3478,26.9629],[79.3564,26.9587],[79.3594,26.966],[79.3628,26.9699],[79.3654,26.9722],[79.3721,26.975],[79.3732,26.9773],[79.3732,26.9799],[79.382,26.9861],[79.3847,26.9982],[79.3839,27.0008],[79.3856,27.0044],[79.3902,27.0099],[79.3993,27.0265],[79.4008,27.0369],[79.4015,27.049],[79.4124,27.0571],[79.4204,27.0596],[79.4269,27.0599],[79.4339,27.0668],[79.4326,27.0715],[79.4324,27.0812],[79.4377,27.0858],[79.4402,27.0936],[79.4369,27.0951],[79.4309,27.0963],[79.4264,27.0953],[79.4204,27.0917],[79.4172,27.0917],[79.413,27.0938],[79.4082,27.0939],[79.396,27.0979],[79.3931,27.1032],[79.391,27.1105],[79.3901,27.1159],[79.3909,27.1204],[79.4054,27.1266],[79.4087,27.1295],[79.4113,27.1336],[79.4118,27.1375],[79.4011,27.1494],[79.3933,27.1558],[79.3921,27.1594],[79.3959,27.1616],[79.3961,27.1639],[79.3963,27.1665],[79.3962,27.169],[79.394,27.1828],[79.3942,27.192],[79.3948,27.1957],[79.3947,27.1962],[79.3951,27.1963],[79.3961,27.1985],[79.3988,27.1989],[79.4031,27.2014],[79.4077,27.2077],[79.4098,27.2094],[79.4117,27.2109],[79.4131,27.2148],[79.4118,27.2179],[79.4116,27.221],[79.4114,27.2233],[79.4126,27.2256],[79.427,27.2258],[79.4303,27.2234],[79.4329,27.2185],[79.4369,27.2147],[79.4385,27.2132],[79.4426,27.2116],[79.4479,27.2104],[79.47,27.2114],[79.4767,27.2081],[79.4832,27.2084],[79.4896,27.2128],[79.499,27.2113],[79.5082,27.2117],[79.5108,27.2085],[79.522,27.2094],[79.5252,27.2059],[79.527,27.2017],[79.5276,27.1909],[79.5336,27.1888],[79.5366,27.1868],[79.5411,27.1764],[79.5458,27.1714],[79.5492,27.1663],[79.5618,27.1587],[79.5655,27.1586],[79.5688,27.1597],[79.5702,27.1612],[79.574,27.1625],[79.5773,27.1621],[79.5849,27.1616],[79.5862,27.1618],[79.599,27.1683],[79.6023,27.1719],[79.6058,27.1759],[79.6104,27.1853],[79.6162,27.1875],[79.6283,27.1855],[79.6331,27.1837],[79.6377,27.1804],[79.6416,27.1776],[79.6474,27.175],[79.6502,27.1749],[79.6555,27.1702],[79.663,27.1658],[79.6706,27.1659],[79.6762,27.1683],[79.6807,27.1714],[79.6855,27.1882],[79.6906,27.1964],[79.6916,27.1967],[79.6936,27.2017],[79.6953,27.2078],[79.6971,27.2142],[79.6984,27.2153],[79.7002,27.2168],[79.7043,27.2181],[79.7119,27.214],[79.7191,27.2111],[79.7212,27.2116],[79.7247,27.2141],[79.7253,27.2154],[79.7258,27.2164],[79.7259,27.2164]]]},"properties":{"district_name":"Kannauj","raw_district_name":"Kannauj","state_code":"UP","state_name":"Uttar Pradesh","census_code":160,"data_source":"DataMeet India Maps (Census 2011 Boundaries)"}},{"type":"Feature","geometry":{"type":"Polygon","coordinates":[[[79.9464,26.845],[79.9464,26.845],[79.957,26.7951],[79.9612,26.7901],[79.9612,26.7801],[79.9598,26.7701],[79.9612,26.7614],[79.9709,26.7502],[79.9793,26.7402],[79.982,26.7303],[80.0001,26.7191],[80.0084,26.7128],[80.0181,26.6979],[80.0168,26.6401],[80.0174,26.6332],[80.023,26.6082],[80.0306,26.609],[80.0465,26.608],[80.0643,26.6061],[80.0636,26.5996],[80.0652,26.5933],[80.0699,26.5889],[80.0737,26.5912],[80.0863,26.5925],[80.0896,26.5984],[80.0961,26.5977],[80.0987,26.5938],[80.0972,26.5843],[80.1043,26.5807],[80.1121,26.5837],[80.1145,26.5793],[80.1198,26.5777],[80.1218,26.5733],[80.1258,26.5741],[80.1312,26.5686],[80.1347,26.569],[80.1349,26.5645],[80.1309,26.5579],[80.1366,26.5473],[80.1438,26.5492],[80.1527,26.5551],[80.1557,26.5547],[80.1589,26.5475],[80.1497,26.5465],[80.1494,26.5406],[80.1428,26.5327],[80.1439,26.5317],[80.1551,26.536],[80.1581,26.5318],[80.1621,26.5335],[80.1759,26.5275],[80.166,26.5208],[80.1674,26.516],[80.1732,26.5106],[80.176,26.5064],[80.175,26.5042],[80.1654,26.4992],[80.153,26.4933],[80.1481,26.4901],[80.1436,26.4922],[80.142,26.4914],[80.143,26.4881],[80.1438,26.4826],[80.1476,26.4766],[80.1567,26.4708],[80.1514,26.4667],[80.1402,26.4718],[80.1363,26.4738],[80.132,26.4758],[80.1327,26.4668],[80.1258,26.4677],[80.1251,26.459],[80.1302,26.4528],[80.1332,26.4482],[80.1344,26.4378],[80.1367,26.4328],[80.1347,26.4272],[80.1375,26.4215],[80.141,26.42],[80.1374,26.4154],[80.1394,26.4029],[80.1429,26.4049],[80.1482,26.4054],[80.1532,26.4033],[80.1465,26.4009],[80.1454,26.3982],[80.1482,26.3931],[80.1371,26.392],[80.1434,26.3875],[80.1471,26.382],[80.1513,26.3822],[80.1552,26.382],[80.1556,26.379],[80.1478,26.3768],[80.1459,26.3716],[80.1402,26.3663],[80.1463,26.3666],[80.1516,26.366],[80.1491,26.3612],[80.157,26.3552],[80.1495,26.3472],[80.1519,26.3413],[80.1558,26.3339],[80.157,26.3277],[80.157,26.3218],[80.162,26.319],[80.1645,26.3171],[80.164,26.311],[80.1672,26.3056],[80.1669,26.3042],[80.1585,26.3049],[80.1548,26.3032],[80.1554,26.3],[80.1542,26.3002],[80.1542,26.3002],[80.1516,26.3007],[80.1457,26.3062],[80.1409,26.3092],[80.1349,26.3095],[80.131,26.3069],[80.1284,26.3023],[80.1301,26.297],[80.1301,26.2919],[80.1378,26.2842],[80.1419,26.2776],[80.132,26.2701],[80.1319,26.2667],[80.1175,26.2563],[80.1149,26.2601],[80.1161,26.263],[80.1074,26.27],[80.1015,26.2768],[80.0963,26.2802],[80.0869,26.2815],[80.0824,26.2807],[80.0658,26.2695],[80.0602,26.2681],[80.0473,26.2742],[80.0432,26.2743],[80.0357,26.2712],[80.0319,26.2637],[80.0287,26.2641],[80.0223,26.2643],[80.0171,26.2637],[80.0136,26.2615],[80.0097,26.2572],[80.0071,26.2518],[80.0016,26.2421],[80.0078,26.2376],[80.0113,26.234],[80.0079,26.2246],[80.0035,26.2176],[80.0081,26.2144],[80.0079,26.2098],[80.0049,26.1935],[80.0092,26.1903],[80.0164,26.1878],[80.0226,26.1781],[80.0115,26.1683],[80.0035,26.1681],[80,26.165],[79.9987,26.1656],[79.9942,26.1609],[79.9903,26.1586],[79.9838,26.1547],[79.9771,26.1551],[79.9731,26.157],[79.9675,26.1562],[79.9663,26.1552],[79.9653,26.1577],[79.9615,26.1608],[79.953,26.1621],[79.9428,26.16],[79.9399,26.1578],[79.938,26.1518],[79.9378,26.1482],[79.9392,26.1248],[79.9347,26.1167],[79.9267,26.0944],[79.9248,26.0916],[79.9216,26.0908],[79.9144,26.0892],[79.899,26.0928],[79.8871,26.0998],[79.883,26.1037],[79.8806,26.1044],[79.8681,26.1145],[79.865,26.1142],[79.8597,26.1126],[79.8484,26.1039],[79.839,26.101],[79.8276,26.1007],[79.8121,26.1021],[79.7981,26.1058],[79.7901,26.1068],[79.7869,26.1084],[79.7774,26.1206],[79.7723,26.1256],[79.745,26.1346],[79.7441,26.14],[79.7457,26.1444],[79.759,26.1546],[79.7617,26.159],[79.7655,26.1629],[79.769,26.167],[79.7698,26.1697],[79.7698,26.1759],[79.768,26.1811],[79.7659,26.183],[79.7584,26.184],[79.7429,26.1829],[79.7302,26.1842],[79.7138,26.1926],[79.7092,26.1938],[79.6997,26.1945],[79.685,26.1985],[79.6726,26.2039],[79.6586,26.2082],[79.6558,26.2097],[79.6505,26.2107],[79.6478,26.2129],[79.6471,26.2146],[79.6473,26.2184],[79.6485,26.2229],[79.6558,26.2334],[79.6554,26.2377],[79.6522,26.2423],[79.6462,26.2446],[79.6407,26.2451],[79.6273,26.2485],[79.6017,26.2513],[79.5835,26.2563],[79.5809,26.2576],[79.5791,26.2629],[79.5676,26.2683],[79.5491,26.2752],[79.5421,26.2812],[79.5372,26.2871],[79.5302,26.2979],[79.5278,26.3048],[79.529,26.3144],[79.5302,26.3171],[79.5325,26.3191],[79.5358,26.3211],[79.5418,26.3232],[79.5536,26.3305],[79.5647,26.3355],[79.5694,26.3389],[79.5714,26.3419],[79.5744,26.3493],[79.575,26.3548],[79.5704,26.3609],[79.5601,26.3617],[79.5546,26.3595],[79.5451,26.3523],[79.5414,26.3486],[79.5263,26.3426],[79.5162,26.3465],[79.5137,26.3483],[79.5081,26.3565],[79.5054,26.3589],[79.5037,26.3638],[79.5094,26.3648],[79.5128,26.3673],[79.5349,26.3884],[79.5475,26.4032],[79.5542,26.404],[79.5584,26.4053],[79.5627,26.4095],[79.5712,26.4215],[79.5753,26.4292],[79.5782,26.4328],[79.5781,26.4344],[79.5755,26.4367],[79.5721,26.4421],[79.5706,26.4462],[79.5727,26.4491],[79.5755,26.448],[79.5799,26.4482],[79.5833,26.4513],[79.5927,26.464],[79.596,26.463],[79.5996,26.4635],[79.6022,26.4676],[79.5974,26.4773],[79.5991,26.4804],[79.6008,26.4817],[79.6042,26.4822],[79.6097,26.4853],[79.6189,26.4881],[79.6221,26.4898],[79.6236,26.4923],[79.614,26.5002],[79.6132,26.5021],[79.6181,26.5077],[79.6247,26.5135],[79.6291,26.5102],[79.6394,26.508],[79.6406,26.5112],[79.6382,26.514],[79.6386,26.5173],[79.6411,26.521],[79.6413,26.5278],[79.6403,26.5351],[79.6383,26.5392],[79.6309,26.5443],[79.6401,26.5503],[79.6444,26.5623],[79.6468,26.5648],[79.6498,26.5704],[79.6494,26.5717],[79.6448,26.5723],[79.639,26.5755],[79.6361,26.5793],[79.6363,26.5906],[79.6363,26.5948],[79.638,26.6002],[79.6424,26.6062],[79.6452,26.6076],[79.6489,26.6074],[79.6536,26.6039],[79.6557,26.6054],[79.662,26.6153],[79.6704,26.6135],[79.6746,26.6144],[79.6841,26.6283],[79.7048,26.6454],[79.7116,26.6486],[79.7121,26.6511],[79.7171,26.655],[79.7213,26.6611],[79.7232,26.6655],[79.7174,26.672],[79.7161,26.6751],[79.722,26.6897],[79.7219,26.6917],[79.7167,26.7051],[79.7139,26.7088],[79.7062,26.712],[79.7038,26.717],[79.7005,26.7169],[79.6982,26.718],[79.695,26.7266],[79.6923,26.7289],[79.6875,26.7308],[79.6786,26.7357],[79.6764,26.7393],[79.6767,26.7429],[79.6906,26.745],[79.6943,26.7446],[79.699,26.7454],[79.7046,26.7465],[79.7068,26.7476],[79.7167,26.7491],[79.7214,26.751],[79.7274,26.7544],[79.7333,26.7652],[79.737,26.7644],[79.7434,26.7645],[79.7475,26.7679],[79.7493,26.7706],[79.7577,26.7797],[79.7592,26.7833],[79.7665,26.7803],[79.7708,26.7797],[79.7738,26.7776],[79.7769,26.7703],[79.7794,26.7695],[79.7914,26.7754],[79.7996,26.7827],[79.8046,26.7849],[79.809,26.7854],[79.8129,26.7847],[79.8146,26.7835],[79.8165,26.7812],[79.8192,26.7751],[79.8261,26.7727],[79.8284,26.7717],[79.8311,26.7718],[79.8361,26.7722],[79.8417,26.7717],[79.8468,26.7747],[79.8531,26.7825],[79.8674,26.7965],[79.8682,26.8007],[79.8568,26.8019],[79.852,26.8044],[79.8528,26.8088],[79.8603,26.8268],[79.8643,26.8271],[79.8685,26.8249],[79.8725,26.8216],[79.8851,26.8151],[79.8896,26.8106],[79.8952,26.8123],[79.898,26.8142],[79.899,26.8164],[79.8991,26.8181],[79.8939,26.8291],[79.8935,26.8341],[79.8937,26.8419],[79.8974,26.8497],[79.9069,26.847],[79.916,26.8469],[79.9235,26.8494],[79.929,26.8536],[79.9383,26.8464],[79.9464,26.845]]]},"properties":{"district_name":"Kanpur Dehat","raw_district_name":"Kanpur Dehat","state_code":"UP","state_name":"Uttar Pradesh","census_code":163,"data_source":"DataMeet India Maps (Census 2011 Boundaries)"}},{"type":"Feature","geometry":{"type":"Polygon","coordinates":[[[80.0085,26.9523],[80.0132,26.952],[80.0208,26.9526],[80.0278,26.9396],[80.0387,26.9287],[80.0517,26.9191],[80.0627,26.919],[80.0676,26.9189],[80.075,26.9125],[80.0762,26.9093],[80.089,26.8966],[80.0905,26.8943],[80.0883,26.8877],[80.0998,26.8786],[80.1069,26.8716],[80.1081,26.8639],[80.1053,26.8534],[80.105,26.8377],[80.1092,26.8225],[80.1172,26.8046],[80.1217,26.7957],[80.122,26.7853],[80.12,26.7754],[80.1263,26.7589],[80.1332,26.7428],[80.1413,26.7324],[80.151,26.7254],[80.157,26.7221],[80.168,26.707],[80.1865,26.6868],[80.2041,26.683],[80.2241,26.6854],[80.2332,26.6873],[80.2394,26.6857],[80.2456,26.682],[80.2591,26.6695],[80.2672,26.6592],[80.2706,26.6538],[80.2721,26.65],[80.284,26.6346],[80.2846,26.6338],[80.2933,26.6214],[80.304,26.6057],[80.3046,26.5998],[80.3014,26.5852],[80.2962,26.5717],[80.2951,26.5599],[80.2965,26.5477],[80.304,26.5339],[80.3098,26.5256],[80.3228,26.5135],[80.3276,26.5089],[80.3402,26.4934],[80.3479,26.4857],[80.3621,26.4763],[80.3785,26.4698],[80.3859,26.4687],[80.394,26.4679],[80.4001,26.4643],[80.4054,26.4566],[80.4041,26.4416],[80.4117,26.435],[80.4187,26.4285],[80.4224,26.4239],[80.4338,26.418],[80.4445,26.4116],[80.4555,26.4051],[80.4677,26.397],[80.4814,26.3883],[80.4967,26.3782],[80.5067,26.3721],[80.5214,26.3632],[80.5286,26.3607],[80.5333,26.3575],[80.5355,26.3504],[80.5363,26.3441],[80.5387,26.337],[80.5367,26.326],[80.5372,26.3218],[80.5437,26.3105],[80.5547,26.2884],[80.5611,26.2662],[80.5616,26.2646],[80.5628,26.2562],[80.5609,26.2456],[80.5607,26.2341],[80.5643,26.2289],[80.5671,26.2267],[80.5564,26.2234],[80.5458,26.2205],[80.5421,26.2145],[80.5409,26.2047],[80.5445,26.2019],[80.5421,26.199],[80.5389,26.1973],[80.5306,26.1983],[80.5237,26.1987],[80.5206,26.1929],[80.5246,26.1913],[80.5211,26.1881],[80.5153,26.1871],[80.5099,26.1882],[80.5025,26.1927],[80.4986,26.1941],[80.4925,26.1919],[80.4832,26.1836],[80.4827,26.1798],[80.481,26.1772],[80.4747,26.1808],[80.4735,26.1818],[80.4502,26.1801],[80.4454,26.1691],[80.432,26.1648],[80.4334,26.1551],[80.4311,26.1538],[80.4128,26.1614],[80.4081,26.161],[80.402,26.1568],[80.3894,26.1445],[80.3857,26.1426],[80.3723,26.1407],[80.3639,26.1373],[80.3553,26.1255],[80.3421,26.1246],[80.3328,26.1153],[80.3286,26.1153],[80.3244,26.1135],[80.3203,26.1033],[80.3216,26.0907],[80.3156,26.0858],[80.3141,26.0834],[80.3134,26.0726],[80.3024,26.0605],[80.2929,26.0658],[80.2912,26.0662],[80.2831,26.0563],[80.274,26.0602],[80.2712,26.0606],[80.2684,26.0552],[80.2657,26.0547],[80.2631,26.0484],[80.2591,26.0475],[80.256,26.0452],[80.2613,26.0401],[80.2574,26.0382],[80.2565,26.0349],[80.2602,26.0315],[80.2541,26.0254],[80.2604,26.021],[80.2562,26.0185],[80.2529,26.0122],[80.2502,26.0074],[80.2495,26.0006],[80.248,25.9903],[80.2447,25.9868],[80.2291,25.976],[80.2232,25.975],[80.2172,25.9717],[80.2156,25.9677],[80.2174,25.9627],[80.2249,25.9605],[80.2274,25.9576],[80.2346,25.9278],[80.2368,25.9225],[80.2143,25.9173],[80.2107,25.9201],[80.2077,25.9239],[80.1953,25.948],[80.1673,25.9546],[80.149,25.9622],[80.1417,25.9671],[80.1362,25.9755],[80.1293,25.9807],[80.1164,25.9874],[80.1118,25.9876],[80.0969,25.9916],[80.0849,25.9986],[80.084,26.0002],[80.0837,26.0051],[80.086,26.0083],[80.0904,26.0108],[80.0967,26.0124],[80.1044,26.0189],[80.1085,26.0246],[80.1121,26.0339],[80.1143,26.0459],[80.1133,26.0546],[80.1081,26.0639],[80.1035,26.0706],[80.0953,26.0779],[80.0882,26.0795],[80.0756,26.0798],[80.0651,26.0785],[80.0534,26.0754],[80.0421,26.0725],[80.0275,26.0696],[80.0127,26.0675],[80,26.0687],[79.9931,26.0668],[79.9774,26.0691],[79.9695,26.0707],[79.9624,26.0742],[79.9594,26.0762],[79.9581,26.0781],[79.9572,26.0827],[79.9608,26.0979],[79.9656,26.1129],[79.9675,26.1225],[79.9699,26.1275],[79.9714,26.1337],[79.9702,26.1442],[79.968,26.1535],[79.9663,26.1552],[79.9675,26.1562],[79.9731,26.157],[79.9771,26.1551],[79.9838,26.1547],[79.9903,26.1586],[79.9942,26.1609],[79.9987,26.1656],[80,26.165],[80.0035,26.1681],[80.0115,26.1683],[80.0226,26.1781],[80.0164,26.1878],[80.0092,26.1903],[80.0049,26.1935],[80.0079,26.2098],[80.0081,26.2144],[80.0035,26.2176],[80.0079,26.2246],[80.0113,26.234],[80.0078,26.2376],[80.0016,26.2421],[80.0071,26.2518],[80.0097,26.2572],[80.0136,26.2615],[80.0171,26.2637],[80.0223,26.2643],[80.0287,26.2641],[80.0319,26.2637],[80.0357,26.2712],[80.0432,26.2743],[80.0473,26.2742],[80.0602,26.2681],[80.0658,26.2695],[80.0824,26.2807],[80.0869,26.2815],[80.0963,26.2802],[80.1015,26.2768],[80.1074,26.27],[80.1161,26.263],[80.1149,26.2601],[80.1175,26.2563],[80.1319,26.2667],[80.132,26.2701],[80.1419,26.2776],[80.1378,26.2842],[80.1301,26.2919],[80.1301,26.297],[80.1284,26.3023],[80.131,26.3069],[80.1349,26.3095],[80.1409,26.3092],[80.1457,26.3062],[80.1516,26.3007],[80.1542,26.3002],[80.1542,26.3002],[80.1554,26.3],[80.1548,26.3032],[80.1585,26.3049],[80.1669,26.3042],[80.1672,26.3056],[80.164,26.311],[80.1645,26.3171],[80.162,26.319],[80.157,26.3218],[80.157,26.3277],[80.1558,26.3339],[80.1519,26.3413],[80.1495,26.3472],[80.157,26.3552],[80.1491,26.3612],[80.1516,26.366],[80.1463,26.3666],[80.1402,26.3663],[80.1459,26.3716],[80.1478,26.3768],[80.1556,26.379],[80.1552,26.382],[80.1513,26.3822],[80.1471,26.382],[80.1434,26.3875],[80.1371,26.392],[80.1482,26.3931],[80.1454,26.3982],[80.1465,26.4009],[80.1532,26.4033],[80.1482,26.4054],[80.1429,26.4049],[80.1394,26.4029],[80.1374,26.4154],[80.141,26.42],[80.1375,26.4215],[80.1347,26.4272],[80.1367,26.4328],[80.1344,26.4378],[80.1332,26.4482],[80.1302,26.4528],[80.1251,26.459],[80.1258,26.4677],[80.1327,26.4668],[80.132,26.4758],[80.1363,26.4738],[80.1402,26.4718],[80.1514,26.4667],[80.1567,26.4708],[80.1476,26.4766],[80.1438,26.4826],[80.143,26.4881],[80.142,26.4914],[80.1436,26.4922],[80.1481,26.4901],[80.153,26.4933],[80.1654,26.4992],[80.175,26.5042],[80.176,26.5064],[80.1732,26.5106],[80.1674,26.516],[80.166,26.5208],[80.1759,26.5275],[80.1621,26.5335],[80.1581,26.5318],[80.1551,26.536],[80.1439,26.5317],[80.1428,26.5327],[80.1494,26.5406],[80.1497,26.5465],[80.1589,26.5475],[80.1557,26.5547],[80.1527,26.5551],[80.1438,26.5492],[80.1366,26.5473],[80.1309,26.5579],[80.1349,26.5645],[80.1347,26.569],[80.1312,26.5686],[80.1258,26.5741],[80.1218,26.5733],[80.1198,26.5777],[80.1145,26.5793],[80.1121,26.5837],[80.1043,26.5807],[80.0972,26.5843],[80.0987,26.5938],[80.0961,26.5977],[80.0896,26.5984],[80.0863,26.5925],[80.0737,26.5912],[80.0699,26.5889],[80.0652,26.5933],[80.0636,26.5996],[80.0643,26.6061],[80.0465,26.608],[80.0306,26.609],[80.023,26.6082],[80.0174,26.6332],[80.0168,26.6401],[80.0181,26.6979],[80.0084,26.7128],[80.0001,26.7191],[79.982,26.7303],[79.9793,26.7402],[79.9709,26.7502],[79.9612,26.7614],[79.9598,26.7701],[79.9612,26.7801],[79.9612,26.7901],[79.957,26.7951],[79.9464,26.845],[79.9464,26.845],[79.9464,26.845],[79.9492,26.8455],[79.9526,26.8503],[79.9565,26.8517],[79.9656,26.8597],[79.9434,26.8744],[79.9431,26.8768],[79.9496,26.8823],[79.9497,26.8858],[79.9534,26.89],[79.9455,26.8968],[79.9458,26.9005],[79.9527,26.9177],[79.9514,26.9213],[79.9468,26.9201],[79.9424,26.9212],[79.9409,26.9229],[79.9458,26.9289],[79.9447,26.9437],[79.955,26.9462],[79.9609,26.9503],[79.9631,26.9503],[79.9684,26.9415],[79.9745,26.9421],[79.9774,26.9397],[79.9785,26.938],[79.9801,26.9299],[79.9812,26.928],[79.9832,26.9269],[79.9857,26.9272],[79.9883,26.9311],[79.99,26.9325],[79.9942,26.9337],[79.9947,26.9352],[79.9803,26.9442],[79.9804,26.9467],[79.9864,26.9491],[79.9956,26.9585],[80,26.9606],[80.0042,26.9583],[80.0065,26.9559],[80.0085,26.9523]]]},"properties":{"district_name":"Kanpur Nagar","raw_district_name":"Kanpur Nagar","state_code":"UP","state_name":"Uttar Pradesh","census_code":164,"data_source":"DataMeet India Maps (Census 2011 Boundaries)"}},{"type":"Feature","geometry":{"type":"Polygon","coordinates":[[[78.6505,28.0388],[78.6634,28.0375],[78.6715,28.035],[78.6682,28.0319],[78.6697,28.0288],[78.6764,28.0259],[78.6802,28.0007],[78.7026,27.9922],[78.7042,27.989],[78.7056,27.9828],[78.7119,27.9756],[78.7183,27.9701],[78.7215,27.9646],[78.7277,27.9611],[78.7326,27.9601],[78.7368,27.9613],[78.7415,27.9566],[78.7483,27.9576],[78.7615,27.9496],[78.7684,27.9618],[78.7728,27.9618],[78.7878,27.952],[78.7922,27.9513],[78.7955,27.9519],[78.8007,27.9506],[78.8041,27.9522],[78.8067,27.9552],[78.8083,27.9547],[78.8178,27.9522],[78.8227,27.9431],[78.8285,27.9363],[78.8397,27.9322],[78.8516,27.9252],[78.8545,27.9192],[78.8596,27.9153],[78.8657,27.9138],[78.8713,27.9104],[78.88,27.9129],[78.8894,27.9168],[78.9058,27.8954],[78.9093,27.8892],[78.9132,27.8843],[78.9232,27.8754],[78.9237,27.8701],[78.9195,27.8605],[78.9208,27.8553],[78.9201,27.8528],[78.9209,27.851],[78.9316,27.8491],[78.9366,27.8465],[78.9407,27.848],[78.9473,27.8519],[78.9509,27.8522],[78.9581,27.8499],[78.9623,27.8498],[78.9651,27.8507],[78.9725,27.8581],[78.9754,27.8666],[78.9872,27.8731],[79,27.8657],[79.0015,27.8658],[79.0144,27.8597],[79.0164,27.8579],[79.0129,27.853],[79.0057,27.8453],[79.0029,27.84],[79.0062,27.8395],[79.0122,27.8413],[79.0166,27.84],[79.0221,27.8422],[79.0303,27.84],[79.0329,27.8379],[79.0466,27.8368],[79.0543,27.8382],[79.0726,27.8434],[79.0745,27.843],[79.0762,27.8399],[79.078,27.8384],[79.0837,27.8381],[79.0849,27.8389],[79.0923,27.8367],[79.0964,27.8316],[79.0993,27.8312],[79.1017,27.8319],[79.1089,27.8376],[79.1232,27.8471],[79.1274,27.8453],[79.1321,27.8418],[79.1409,27.8352],[79.1441,27.8328],[79.1473,27.8293],[79.1399,27.8186],[79.1429,27.8163],[79.1481,27.8163],[79.1502,27.819],[79.1533,27.8213],[79.1562,27.8227],[79.1603,27.8223],[79.1628,27.819],[79.1654,27.8089],[79.1656,27.8029],[79.1673,27.7975],[79.1694,27.7792],[79.1714,27.7775],[79.1753,27.7763],[79.1731,27.7724],[79.1761,27.7691],[79.1828,27.7655],[79.1882,27.7639],[79.192,27.7595],[79.1966,27.7508],[79.2018,27.746],[79.2118,27.7393],[79.2133,27.7347],[79.211,27.7288],[79.2102,27.7242],[79.2106,27.7098],[79.2093,27.707],[79.195,27.713],[79.1832,27.7142],[79.1752,27.7063],[79.1727,27.7056],[79.1655,27.7058],[79.1602,27.7046],[79.1541,27.7008],[79.1495,27.7015],[79.1452,27.7007],[79.143,27.704],[79.1357,27.7026],[79.1326,27.6923],[79.1258,27.6865],[79.1245,27.6847],[79.1243,27.6825],[79.1242,27.6824],[79.1324,27.6782],[79.1365,27.668],[79.1345,27.6635],[79.1345,27.6592],[79.1385,27.6424],[79.136,27.6387],[79.132,27.6362],[79.1325,27.6335],[79.1342,27.6318],[79.146,27.6286],[79.1588,27.6241],[79.1701,27.6157],[79.1804,27.615],[79.1841,27.6133],[79.1843,27.6082],[79.1855,27.6057],[79.1848,27.6017],[79.1766,27.5916],[79.1732,27.5888],[79.1729,27.5878],[79.1768,27.5857],[79.175,27.5843],[79.1776,27.5836],[79.169,27.5761],[79.1601,27.5699],[79.1491,27.5693],[79.1402,27.5637],[79.1259,27.555],[79.1135,27.5525],[79.1073,27.5531],[79.1025,27.5574],[79.0962,27.5696],[79.0893,27.5769],[79.0817,27.5811],[79.0693,27.5847],[79.0596,27.5877],[79.0506,27.5926],[79.0395,27.6023],[79.0271,27.6102],[79.0202,27.6175],[79.0173,27.6292],[79.0173,27.6383],[79.0172,27.6475],[79.0103,27.653],[78.9937,27.6603],[78.9827,27.6559],[78.9793,27.6485],[78.9787,27.6363],[78.9789,27.6209],[78.9803,27.6148],[78.9834,27.5978],[78.9776,27.5924],[78.9743,27.5877],[78.9739,27.5806],[78.9688,27.5679],[78.9657,27.564],[78.9627,27.5629],[78.9591,27.5644],[78.9541,27.5708],[78.9494,27.5712],[78.9404,27.5667],[78.9334,27.5606],[78.9289,27.5588],[78.9191,27.5599],[78.9143,27.5583],[78.905,27.5494],[78.891,27.5477],[78.893,27.557],[78.8983,27.5684],[78.895,27.5769],[78.8945,27.5821],[78.8914,27.5867],[78.8874,27.5882],[78.8825,27.5882],[78.8792,27.5896],[78.8746,27.59],[78.8712,27.5848],[78.8738,27.5807],[78.8732,27.5785],[78.8654,27.577],[78.8616,27.5782],[78.859,27.5781],[78.8572,27.5813],[78.8597,27.5847],[78.8606,27.5919],[78.8599,27.5938],[78.841,27.601],[78.829,27.6068],[78.8242,27.6031],[78.8164,27.6044],[78.8097,27.6015],[78.8077,27.6079],[78.8025,27.6117],[78.7982,27.6183],[78.793,27.6196],[78.7853,27.6291],[78.7778,27.6303],[78.7787,27.6333],[78.7653,27.6296],[78.7581,27.6303],[78.7523,27.6318],[78.7487,27.636],[78.7441,27.6352],[78.744,27.6424],[78.7391,27.6458],[78.7374,27.6496],[78.7258,27.662],[78.7236,27.6678],[78.721,27.671],[78.7095,27.6712],[78.7068,27.6732],[78.7033,27.6816],[78.6976,27.6858],[78.6968,27.6993],[78.6932,27.7042],[78.6946,27.7124],[78.6984,27.715],[78.6902,27.7266],[78.6888,27.7307],[78.6872,27.7402],[78.6828,27.7394],[78.6757,27.7349],[78.6673,27.7382],[78.6613,27.7441],[78.6566,27.7466],[78.6511,27.7465],[78.644,27.7411],[78.637,27.7405],[78.6222,27.7435],[78.6154,27.7428],[78.6099,27.7445],[78.6059,27.7478],[78.6039,27.7572],[78.6039,27.7658],[78.6003,27.7693],[78.5892,27.7697],[78.5768,27.7675],[78.5668,27.7673],[78.5555,27.7835],[78.5522,27.7849],[78.5392,27.7781],[78.5371,27.774],[78.5304,27.7691],[78.536,27.7585],[78.536,27.7537],[78.5264,27.7496],[78.5235,27.7456],[78.5185,27.7431],[78.5146,27.7399],[78.5146,27.7399],[78.5076,27.7407],[78.4946,27.7454],[78.4874,27.7492],[78.4874,27.7492],[78.4756,27.7583],[78.4754,27.7587],[78.474,27.7612],[78.4747,27.7643],[78.4814,27.7672],[78.4829,27.7688],[78.4823,27.7704],[78.4822,27.7705],[78.48,27.7719],[78.48,27.7722],[78.4797,27.7743],[78.4808,27.7782],[78.4799,27.7812],[78.4833,27.7889],[78.4828,27.79],[78.4828,27.79],[78.4808,27.7898],[78.4792,27.7914],[78.4757,27.7953],[78.4755,27.7956],[78.4739,27.799],[78.4741,27.8007],[78.4754,27.8023],[78.4755,27.8083],[78.4788,27.8076],[78.4869,27.8057],[78.4894,27.8028],[78.4935,27.803],[78.4959,27.8009],[78.5039,27.7984],[78.5093,27.8002],[78.5172,27.8115],[78.5183,27.8146],[78.5179,27.8174],[78.5146,27.8195],[78.5159,27.8246],[78.5154,27.8284],[78.5107,27.8299],[78.5104,27.833],[78.5143,27.8404],[78.5057,27.8473],[78.4938,27.8546],[78.4948,27.8575],[78.4976,27.8581],[78.5,27.8578],[78.5093,27.8669],[78.5078,27.8709],[78.5107,27.8738],[78.5118,27.8761],[78.5141,27.8773],[78.5143,27.8809],[78.5173,27.8867],[78.5221,27.8934],[78.5347,27.8968],[78.5347,27.8998],[78.5306,27.904],[78.5329,27.909],[78.5403,27.906],[78.5467,27.9083],[78.5522,27.9091],[78.5558,27.9141],[78.5686,27.9263],[78.5758,27.9369],[78.57,27.9405],[78.5805,27.951],[78.5871,27.9565],[78.5852,27.962],[78.59,27.9699],[78.5956,27.9728],[78.5991,27.9761],[78.6003,27.9802],[78.5944,27.9944],[78.5999,28.001],[78.6088,28.0298],[78.6144,28.0354],[78.6206,28.0388],[78.6308,28.038],[78.6389,28.0456],[78.6447,28.0416],[78.6505,28.0388]]]},"properties":{"district_name":"Kansiram Nagar","raw_district_name":"Kansiram Nagar","state_code":"UP","state_name":"Uttar Pradesh","census_code":202,"data_source":"DataMeet India Maps (Census 2011 Boundaries)"}},{"type":"Feature","geometry":{"type":"Polygon","coordinates":[[[81.6144,25.5928],[81.6243,25.5925],[81.633,25.5881],[81.6489,25.5786],[81.6526,25.5697],[81.6518,25.5528],[81.6536,25.5341],[81.6552,25.5307],[81.6625,25.5211],[81.6669,25.5135],[81.6732,25.5095],[81.6821,25.5075],[81.6915,25.5074],[81.7241,25.5114],[81.7287,25.509],[81.7398,25.493],[81.7538,25.4814],[81.7602,25.4769],[81.7722,25.4721],[81.782,25.4701],[81.798,25.4698],[81.8012,25.4708],[81.8016,25.4694],[81.806,25.4614],[81.8071,25.4528],[81.8076,25.4425],[81.8062,25.4419],[81.8069,25.4351],[81.8163,25.4233],[81.8191,25.4204],[81.8232,25.4124],[81.8234,25.4114],[81.8191,25.409],[81.7999,25.3856],[81.7955,25.3769],[81.7954,25.3735],[81.8021,25.364],[81.8039,25.3615],[81.8131,25.3511],[81.8149,25.3478],[81.8164,25.342],[81.8136,25.3362],[81.8112,25.3315],[81.8062,25.3252],[81.8033,25.3227],[81.7952,25.3188],[81.789,25.3193],[81.7851,25.3225],[81.7809,25.3275],[81.7616,25.3423],[81.76,25.3432],[81.7572,25.3443],[81.7566,25.3446],[81.7445,25.3479],[81.7437,25.3481],[81.7328,25.3501],[81.7184,25.3526],[81.692,25.3552],[81.6823,25.3549],[81.6678,25.3544],[81.656,25.3538],[81.6362,25.3506],[81.624,25.3459],[81.6145,25.3393],[81.5986,25.3229],[81.5939,25.3208],[81.5929,25.3203],[81.5744,25.3083],[81.5522,25.2928],[81.5502,25.2903],[81.5501,25.29],[81.5456,25.2863],[81.5406,25.2838],[81.532,25.2775],[81.5186,25.2706],[81.5076,25.268],[81.5017,25.2674],[81.4958,25.2679],[81.492,25.2665],[81.4874,25.2656],[81.472,25.2649],[81.4691,25.2639],[81.4666,25.2598],[81.46,25.2586],[81.4541,25.2598],[81.437,25.2653],[81.4267,25.2676],[81.4082,25.2699],[81.394,25.2706],[81.3892,25.2719],[81.3849,25.2766],[81.3857,25.2824],[81.3864,25.2846],[81.398,25.298],[81.4004,25.3019],[81.4033,25.3102],[81.4033,25.3147],[81.4016,25.3235],[81.3998,25.3273],[81.3974,25.3297],[81.3866,25.3347],[81.3645,25.3409],[81.3597,25.3429],[81.343,25.3466],[81.325,25.3473],[81.3158,25.3455],[81.2916,25.3379],[81.2851,25.3347],[81.2821,25.3317],[81.2779,25.3247],[81.2755,25.3239],[81.269,25.3238],[81.265,25.3255],[81.2577,25.3337],[81.2513,25.3528],[81.2497,25.3545],[81.231,25.3597],[81.2246,25.3608],[81.2182,25.3606],[81.2024,25.3652],[81.1837,25.3738],[81.1764,25.3763],[81.1637,25.3833],[81.1584,25.3881],[81.1536,25.3952],[81.1514,25.397],[81.1497,25.4022],[81.1494,25.4161],[81.1515,25.4255],[81.1608,25.4316],[81.1839,25.4433],[81.1915,25.4498],[81.1927,25.4524],[81.207,25.4479],[81.2133,25.4431],[81.219,25.4399],[81.222,25.4412],[81.2233,25.4434],[81.2192,25.4468],[81.2281,25.4609],[81.2298,25.4669],[81.2279,25.4704],[81.2289,25.4719],[81.2358,25.4746],[81.2358,25.4785],[81.237,25.482],[81.2399,25.4836],[81.2459,25.4824],[81.2497,25.489],[81.2524,25.4906],[81.2569,25.4884],[81.2599,25.488],[81.2663,25.4933],[81.2674,25.4965],[81.2706,25.4991],[81.2712,25.5074],[81.2602,25.5103],[81.2537,25.5139],[81.2528,25.5166],[81.2533,25.5221],[81.2543,25.5239],[81.2585,25.5236],[81.2602,25.5288],[81.263,25.5442],[81.2601,25.5488],[81.2579,25.549],[81.2568,25.5502],[81.2579,25.5552],[81.2548,25.5626],[81.2472,25.5695],[81.2486,25.5731],[81.2446,25.5735],[81.2398,25.5765],[81.2424,25.5845],[81.2361,25.5854],[81.2343,25.5882],[81.2341,25.5911],[81.2304,25.593],[81.226,25.5949],[81.22,25.5953],[81.211,25.5964],[81.211,25.5994],[81.2131,25.606],[81.2164,25.6128],[81.2165,25.6284],[81.2189,25.6379],[81.2156,25.6391],[81.2115,25.642],[81.2107,25.645],[81.2131,25.6485],[81.2161,25.6502],[81.2172,25.6536],[81.219,25.6622],[81.2186,25.6664],[81.2167,25.6703],[81.221,25.6723],[81.2312,25.6709],[81.235,25.6729],[81.239,25.674],[81.2404,25.6759],[81.2385,25.6808],[81.2297,25.6811],[81.2286,25.682],[81.2274,25.6866],[81.2262,25.6873],[81.2218,25.6879],[81.2117,25.6836],[81.206,25.6837],[81.2062,25.6903],[81.2045,25.6949],[81.1985,25.7006],[81.1983,25.7046],[81.202,25.7153],[81.2012,25.7193],[81.2023,25.7206],[81.2088,25.722],[81.216,25.7218],[81.2261,25.7149],[81.2298,25.7154],[81.232,25.7186],[81.2356,25.7309],[81.2387,25.7362],[81.2386,25.7392],[81.2374,25.7419],[81.2413,25.7457],[81.2458,25.7481],[81.2436,25.75],[81.2513,25.7604],[81.254,25.7589],[81.2581,25.7542],[81.2622,25.752],[81.2691,25.753],[81.2764,25.7603],[81.2808,25.7589],[81.2857,25.7602],[81.2863,25.7638],[81.2883,25.7645],[81.2929,25.7642],[81.294,25.7683],[81.3023,25.7679],[81.305,25.7685],[81.3066,25.7727],[81.3157,25.7722],[81.3165,25.7774],[81.3149,25.7814],[81.3165,25.7843],[81.3236,25.7925],[81.3271,25.7956],[81.3328,25.7936],[81.3344,25.7982],[81.3348,25.8059],[81.3368,25.8101],[81.3398,25.8032],[81.3638,25.7761],[81.3694,25.7719],[81.3849,25.7729],[81.3962,25.7706],[81.4016,25.7669],[81.4043,25.7624],[81.4057,25.7522],[81.405,25.7467],[81.4027,25.7423],[81.3989,25.7373],[81.3897,25.7284],[81.3856,25.7192],[81.3788,25.7154],[81.3753,25.7152],[81.3689,25.7121],[81.3703,25.7083],[81.3701,25.7048],[81.3733,25.6972],[81.3804,25.6918],[81.3834,25.6886],[81.3896,25.6846],[81.3979,25.6828],[81.4091,25.684],[81.4193,25.6792],[81.4235,25.6729],[81.4309,25.6678],[81.4359,25.6615],[81.4426,25.6552],[81.4487,25.6511],[81.4666,25.6345],[81.4704,25.6325],[81.4721,25.632],[81.4774,25.6335],[81.4859,25.6318],[81.4926,25.6273],[81.4938,25.6234],[81.4961,25.6216],[81.5035,25.6208],[81.5165,25.616],[81.5207,25.6178],[81.5312,25.6191],[81.534,25.6163],[81.5395,25.6019],[81.548,25.5866],[81.5516,25.576],[81.5582,25.5703],[81.5694,25.5679],[81.5804,25.5725],[81.5863,25.578],[81.5874,25.5804],[81.59,25.582],[81.6036,25.583],[81.6097,25.5857],[81.612,25.5903],[81.6144,25.5927],[81.6144,25.5928]]]},"properties":{"district_name":"Kaushambi","raw_district_name":"Kaushambi","state_code":"UP","state_name":"Uttar Pradesh","census_code":174,"data_source":"DataMeet India Maps (Census 2011 Boundaries)"}},{"type":"Feature","geometry":{"type":"Polygon","coordinates":[[[81.0582,28.4038],[81.0471,28.3876],[81.04,28.3792],[81.0369,28.3724],[81.0376,28.3656],[81.0524,28.3599],[81.0555,28.3581],[81.0587,28.3527],[81.0615,28.3428],[81.0588,28.334],[81.0521,28.3247],[81.0481,28.3174],[81.0375,28.2944],[81.0361,28.2893],[81.0397,28.2859],[81.0574,28.2761],[81.062,28.2706],[81.0621,28.2584],[81.061,28.2489],[81.0639,28.2425],[81.0688,28.2353],[81.075,28.2294],[81.0791,28.2268],[81.0961,28.2195],[81.102,28.2148],[81.116,28.1949],[81.1266,28.1746],[81.128,28.1687],[81.1325,28.1633],[81.1444,28.1516],[81.1581,28.1417],[81.1641,28.1389],[81.1772,28.1273],[81.1866,28.1163],[81.188,28.1122],[81.1874,28.1091],[81.1795,28.0963],[81.1648,28.0795],[81.1587,28.0678],[81.1604,28.0634],[81.1657,28.0571],[81.167,28.0535],[81.1663,28.0491],[81.167,28.0447],[81.1745,28.0384],[81.1863,28.0232],[81.1932,28.0163],[81.2101,28.0005],[81.2143,27.9953],[81.2245,27.9885],[81.2277,27.9843],[81.2292,27.9808],[81.2327,27.9765],[81.2364,27.9752],[81.2442,27.9745],[81.2468,27.9673],[81.2502,27.9535],[81.2583,27.9493],[81.2731,27.9462],[81.28,27.943],[81.2921,27.932],[81.2989,27.9249],[81.3017,27.9188],[81.3009,27.915],[81.2981,27.911],[81.3004,27.9089],[81.3067,27.9073],[81.3062,27.9047],[81.297,27.8961],[81.2813,27.8862],[81.2791,27.884],[81.282,27.8718],[81.2811,27.8647],[81.2833,27.8561],[81.2858,27.8507],[81.2896,27.8489],[81.2959,27.8482],[81.2942,27.8383],[81.2941,27.8301],[81.2956,27.8286],[81.2987,27.8276],[81.307,27.8266],[81.3083,27.8205],[81.3078,27.8161],[81.305,27.8137],[81.2822,27.808],[81.2808,27.8056],[81.2815,27.8019],[81.2906,27.7963],[81.2946,27.7909],[81.2958,27.7864],[81.2953,27.7835],[81.2844,27.7649],[81.2962,27.7531],[81.2968,27.7493],[81.2974,27.744],[81.297,27.7413],[81.2994,27.7356],[81.3019,27.7319],[81.3014,27.7287],[81.3022,27.726],[81.3012,27.7223],[81.3041,27.7197],[81.3061,27.7179],[81.301,27.7112],[81.2949,27.701],[81.2951,27.6982],[81.3005,27.6862],[81.3035,27.6812],[81.2939,27.6799],[81.2807,27.6792],[81.2754,27.6756],[81.2718,27.6741],[81.2619,27.6732],[81.26,27.6738],[81.2526,27.6773],[81.251,27.6833],[81.2533,27.6875],[81.2679,27.6931],[81.2701,27.6954],[81.2706,27.7018],[81.2673,27.71],[81.2648,27.712],[81.2598,27.7141],[81.254,27.7142],[81.2508,27.7151],[81.2475,27.7186],[81.2475,27.7269],[81.246,27.7289],[81.2362,27.7274],[81.2317,27.7308],[81.2296,27.7288],[81.2303,27.726],[81.2299,27.724],[81.222,27.723],[81.2202,27.7217],[81.22,27.7191],[81.2154,27.7147],[81.2115,27.7156],[81.2077,27.719],[81.2035,27.7188],[81.2021,27.7237],[81.2006,27.7261],[81.1978,27.7276],[81.1931,27.7283],[81.1898,27.7308],[81.1862,27.7324],[81.1848,27.736],[81.1875,27.7382],[81.1916,27.7398],[81.193,27.7462],[81.1974,27.753],[81.2002,27.7554],[81.2042,27.756],[81.2083,27.755],[81.2165,27.7487],[81.2281,27.754],[81.2304,27.7574],[81.2298,27.7603],[81.2261,27.7641],[81.2157,27.7668],[81.2115,27.7697],[81.2028,27.774],[81.1999,27.777],[81.1923,27.7808],[81.1815,27.7854],[81.1787,27.7851],[81.1667,27.7795],[81.1612,27.7788],[81.1534,27.7806],[81.1499,27.7822],[81.1477,27.784],[81.1458,27.7878],[81.1447,27.7989],[81.145,27.8071],[81.1435,27.8077],[81.1318,27.8011],[81.1269,27.8041],[81.1212,27.793],[81.1159,27.7945],[81.116,27.7925],[81.1148,27.7901],[81.1099,27.7894],[81.1063,27.7914],[81.1049,27.7931],[81.1041,27.7958],[81.1049,27.8011],[81.0989,27.8007],[81.0962,27.8012],[81.095,27.8033],[81.0932,27.8156],[81.0855,27.815],[81.0837,27.8209],[81.0722,27.8254],[81.0711,27.8248],[81.0653,27.8143],[81.0481,27.8182],[81.0431,27.8138],[81.0402,27.8131],[81.0368,27.8209],[81.0349,27.8224],[81.0313,27.8199],[81.0254,27.8231],[81.0222,27.8168],[81.0184,27.8206],[81.0102,27.8253],[81.0067,27.8256],[80.9999,27.8261],[80.9935,27.8253],[80.9881,27.8284],[80.9861,27.8311],[80.9875,27.841],[80.997,27.855],[80.9968,27.8629],[80.9974,27.8658],[80.9988,27.8679],[81,27.8678],[81.0066,27.8743],[81.0099,27.8803],[81.0072,27.884],[81.0044,27.8847],[81,27.887],[80.9916,27.8844],[80.9848,27.8854],[80.9817,27.8906],[80.9743,27.8911],[80.9728,27.8946],[80.9809,27.8984],[80.9848,27.902],[80.9822,27.9052],[80.9785,27.9057],[80.9736,27.9047],[80.9627,27.9011],[80.9572,27.8894],[80.9531,27.8725],[80.9522,27.871],[80.9496,27.8699],[80.9428,27.8711],[80.9386,27.8628],[80.9403,27.8568],[80.9399,27.8547],[80.9348,27.8499],[80.9318,27.844],[80.9309,27.844],[80.9272,27.847],[80.9237,27.848],[80.9187,27.8449],[80.9144,27.8412],[80.9122,27.8367],[80.9078,27.833],[80.9053,27.8336],[80.9049,27.84],[80.9065,27.8435],[80.9058,27.847],[80.903,27.8498],[80.8994,27.8518],[80.8966,27.8516],[80.894,27.8493],[80.8898,27.8435],[80.8853,27.8409],[80.8835,27.8418],[80.8789,27.8398],[80.8677,27.8317],[80.8655,27.8292],[80.866,27.8282],[80.8648,27.8238],[80.8566,27.8253],[80.85,27.8238],[80.8474,27.8225],[80.8478,27.8127],[80.8439,27.8105],[80.8444,27.8033],[80.8438,27.801],[80.8421,27.7984],[80.8394,27.7965],[80.8336,27.7929],[80.8287,27.7909],[80.824,27.7912],[80.8186,27.7938],[80.8165,27.7966],[80.8142,27.8015],[80.8074,27.8075],[80.8023,27.8099],[80.798,27.8138],[80.7934,27.8166],[80.7908,27.8173],[80.7817,27.8104],[80.7792,27.8112],[80.7772,27.8088],[80.7701,27.8146],[80.7682,27.8149],[80.7649,27.8124],[80.7643,27.8035],[80.7543,27.8087],[80.7491,27.8102],[80.7477,27.81],[80.7453,27.8079],[80.7454,27.7982],[80.7431,27.7873],[80.7408,27.7885],[80.7345,27.795],[80.7254,27.8061],[80.717,27.8119],[80.7115,27.8146],[80.7079,27.8147],[80.6909,27.8238],[80.6801,27.8202],[80.6753,27.8201],[80.6717,27.823],[80.6694,27.8309],[80.6649,27.8277],[80.6623,27.8246],[80.6598,27.8168],[80.6575,27.815],[80.6542,27.8153],[80.6523,27.8169],[80.6526,27.8196],[80.651,27.8222],[80.65,27.8307],[80.6469,27.8359],[80.6412,27.839],[80.6384,27.8359],[80.6325,27.8176],[80.6294,27.8117],[80.6305,27.8052],[80.63,27.8025],[80.624,27.7973],[80.6198,27.7867],[80.6161,27.784],[80.6149,27.7775],[80.6083,27.7712],[80.6072,27.769],[80.6062,27.7642],[80.6078,27.7558],[80.6063,27.7498],[80.6022,27.7493],[80.6014,27.7497],[80.5941,27.7482],[80.5849,27.7533],[80.5807,27.7548],[80.5702,27.7496],[80.5665,27.7484],[80.5651,27.7495],[80.5628,27.7515],[80.562,27.7562],[80.5603,27.7584],[80.556,27.7606],[80.5552,27.7701],[80.5541,27.7719],[80.5452,27.7705],[80.5433,27.7709],[80.5417,27.7739],[80.5412,27.7795],[80.5393,27.7826],[80.5391,27.7858],[80.5414,27.7921],[80.5405,27.7965],[80.5357,27.8004],[80.5332,27.801],[80.5198,27.8082],[80.5183,27.8063],[80.5178,27.8035],[80.5139,27.7959],[80.5082,27.7965],[80.5029,27.7939],[80.4981,27.7855],[80.498,27.7815],[80.4958,27.78],[80.4927,27.7794],[80.4924,27.7762],[80.4903,27.7726],[80.4781,27.7765],[80.4729,27.7756],[80.4652,27.761],[80.4646,27.7579],[80.4611,27.7596],[80.459,27.7642],[80.4593,27.7672],[80.4562,27.7721],[80.4494,27.7717],[80.4464,27.7674],[80.4462,27.7636],[80.4533,27.7585],[80.4549,27.7523],[80.4536,27.7502],[80.451,27.7482],[80.4355,27.7424],[80.4276,27.7439],[80.4259,27.7448],[80.422,27.7448],[80.4158,27.7425],[80.4109,27.7375],[80.4077,27.7358],[80.3988,27.7269],[80.3949,27.7222],[80.3952,27.7207],[80.3939,27.7164],[80.3915,27.713],[80.3895,27.712],[80.3869,27.7135],[80.3848,27.7133],[80.3798,27.7106],[80.3805,27.7072],[80.3776,27.7079],[80.3757,27.7092],[80.3725,27.7078],[80.3718,27.705],[80.3669,27.708],[80.362,27.7079],[80.3596,27.7061],[80.3495,27.702],[80.3478,27.7007],[80.3397,27.6992],[80.3218,27.688],[80.3168,27.6823],[80.3152,27.682],[80.3122,27.6786],[80.304,27.6804],[80.2986,27.6853],[80.2985,27.6869],[80.2973,27.6879],[80.2967,27.69],[80.2976,27.6919],[80.3014,27.6904],[80.2996,27.6947],[80.298,27.6956],[80.2955,27.6991],[80.3003,27.7007],[80.2991,27.7036],[80.2919,27.7081],[80.2838,27.7084],[80.2802,27.7102],[80.2845,27.7223],[80.2836,27.726],[80.2857,27.7321],[80.285,27.7358],[80.2839,27.7369],[80.2827,27.7364],[80.2784,27.7296],[80.2765,27.728],[80.2738,27.7276],[80.2711,27.7298],[80.2701,27.7325],[80.2677,27.7335],[80.2672,27.7369],[80.2682,27.7379],[80.2672,27.7409],[80.2654,27.7418],[80.2592,27.7426],[80.2582,27.7435],[80.2574,27.7467],[80.2565,27.7488],[80.2547,27.7495],[80.2536,27.751],[80.2528,27.7551],[80.2509,27.7563],[80.2442,27.7511],[80.2406,27.7501],[80.2365,27.7511],[80.2358,27.753],[80.2373,27.7545],[80.2437,27.757],[80.2441,27.7578],[80.2428,27.7608],[80.2378,27.7655],[80.235,27.7623],[80.233,27.7616],[80.2263,27.7613],[80.2245,27.762],[80.224,27.7631],[80.225,27.765],[80.2313,27.7693],[80.2336,27.7701],[80.2224,27.7715],[80.2119,27.7707],[80.2074,27.7721],[80.2041,27.7747],[80.2017,27.7752],[80.1932,27.7598],[80.1845,27.7677],[80.1828,27.7676],[80.1803,27.7658],[80.1782,27.7629],[80.174,27.7635],[80.1691,27.7618],[80.1619,27.7652],[80.1584,27.7704],[80.1502,27.7591],[80.1446,27.7538],[80.1407,27.7518],[80.1322,27.7496],[80.1314,27.7537],[80.1348,27.7654],[80.1367,27.7772],[80.126,27.7756],[80.1186,27.7765],[80.1162,27.7742],[80.1148,27.7746],[80.1109,27.7781],[80.111,27.7794],[80.1123,27.7805],[80.1127,27.7835],[80.1064,27.7808],[80.1016,27.7801],[80.0947,27.7836],[80.0929,27.7834],[80.0917,27.7843],[80.0897,27.7832],[80.0853,27.7785],[80.0671,27.7712],[80.063,27.7702],[80.0619,27.7744],[80.0612,27.7775],[80.0578,27.7833],[80.0564,27.7898],[80.0527,27.7923],[80.0543,27.7951],[80.0513,27.7967],[80.0497,27.7995],[80.0533,27.8031],[80.0509,27.8068],[80.052,27.8078],[80.0516,27.8087],[80.0458,27.8121],[80.0549,27.819],[80.0546,27.8235],[80.0408,27.8239],[80.0345,27.8294],[80.0344,27.8339],[80.0358,27.836],[80.0375,27.8373],[80.0485,27.8417],[80.0511,27.8459],[80.0563,27.8478],[80.0571,27.8488],[80.0579,27.8531],[80.0546,27.8648],[80.0415,27.8778],[80.0318,27.8821],[80.0266,27.9042],[80.0284,27.916],[80.0254,27.9188],[80.0276,27.9211],[80.0324,27.923],[80.0457,27.9245],[80.0599,27.9333],[80.0643,27.933],[80.0668,27.931],[80.0645,27.9274],[80.0604,27.9235],[80.0653,27.9207],[80.0672,27.9206],[80.0693,27.9216],[80.0771,27.9269],[80.0821,27.9267],[80.0885,27.9333],[80.0869,27.9491],[80.0886,27.9529],[80.0962,27.9586],[80.105,27.964],[80.1025,27.9658],[80.1016,27.9674],[80.106,27.9677],[80.1119,27.9699],[80.1164,27.9746],[80.1182,27.9791],[80.1169,27.9836],[80.1218,27.9894],[80.1236,27.9963],[80.1455,27.998],[80.1591,28.0017],[80.158,28.0043],[80.1624,28.0057],[80.1658,28.0103],[80.1674,28.0097],[80.1702,28.0104],[80.1747,28.0152],[80.1718,28.0182],[80.1774,28.0227],[80.1849,28.0182],[80.1893,28.0175],[80.1921,28.0187],[80.1957,28.0221],[80.1986,28.0264],[80.207,28.0301],[80.2235,28.0493],[80.2274,28.0504],[80.2302,28.0566],[80.2325,28.0573],[80.2337,28.0552],[80.2362,28.054],[80.2424,28.0532],[80.2458,28.0537],[80.2479,28.0564],[80.252,28.0647],[80.255,28.0673],[80.2567,28.07],[80.2594,28.081],[80.2596,28.0842],[80.2556,28.0898],[80.2486,28.0959],[80.2497,28.1029],[80.2473,28.1053],[80.2471,28.1082],[80.2493,28.1171],[80.2449,28.1238],[80.2439,28.1293],[80.2444,28.1339],[80.2511,28.1505],[80.2532,28.1535],[80.2568,28.1558],[80.2633,28.1513],[80.2782,28.1497],[80.2838,28.1565],[80.3019,28.152],[80.3035,28.1559],[80.3028,28.1616],[80.3036,28.1659],[80.309,28.1712],[80.3116,28.1806],[80.3112,28.1842],[80.3095,28.1867],[80.3061,28.1884],[80.3045,28.19],[80.303,28.1876],[80.2993,28.1939],[80.3013,28.2023],[80.2992,28.2062],[80.3,28.2129],[80.3039,28.2174],[80.3052,28.2209],[80.3086,28.2237],[80.3101,28.2293],[80.3117,28.2322],[80.3139,28.2424],[80.3125,28.2453],[80.3125,28.2481],[80.3106,28.2533],[80.3109,28.2555],[80.3087,28.2565],[80.307,28.2585],[80.3121,28.2698],[80.3223,28.28],[80.334,28.296],[80.3507,28.3112],[80.3529,28.3178],[80.3551,28.3209],[80.3684,28.332],[80.3699,28.3356],[80.3712,28.3426],[80.3711,28.3454],[80.3694,28.3484],[80.3624,28.3528],[80.3586,28.3704],[80.3586,28.3833],[80.3525,28.3954],[80.3503,28.4035],[80.3483,28.4071],[80.3407,28.4094],[80.3376,28.412],[80.3275,28.4253],[80.3216,28.4293],[80.3125,28.4377],[80.3048,28.4468],[80.301,28.4533],[80.3109,28.4667],[80.321,28.4777],[80.3225,28.4805],[80.324,28.4811],[80.3287,28.4785],[80.3413,28.4754],[80.3586,28.4611],[80.3629,28.4631],[80.3763,28.4598],[80.3889,28.4737],[80.3918,28.4788],[80.3963,28.478],[80.4006,28.4781],[80.4066,28.4793],[80.4109,28.4816],[80.4136,28.4807],[80.4186,28.4807],[80.4211,28.4854],[80.4226,28.491],[80.4272,28.4937],[80.4288,28.4956],[80.4301,28.4992],[80.4335,28.5026],[80.4351,28.5109],[80.4342,28.5153],[80.4296,28.518],[80.417,28.5212],[80.4137,28.5248],[80.4122,28.5287],[80.4084,28.5335],[80.4042,28.5375],[80.4017,28.5433],[80.3956,28.5515],[80.3917,28.5556],[80.3871,28.559],[80.3854,28.5628],[80.3855,28.5659],[80.3834,28.574],[80.3771,28.5784],[80.3752,28.5846],[80.3794,28.5883],[80.3809,28.5921],[80.3757,28.5949],[80.3717,28.5949],[80.3592,28.5914],[80.3546,28.5927],[80.3498,28.6011],[80.3393,28.6093],[80.3311,28.6133],[80.3243,28.6149],[80.3119,28.6142],[80.3037,28.6165],[80.3018,28.6233],[80.3026,28.632],[80.305,28.6411],[80.3285,28.6744],[80.3289,28.6735],[80.3325,28.6667],[80.333,28.666],[80.3404,28.6617],[80.3545,28.6566],[80.3619,28.6516],[80.3623,28.6507],[80.3617,28.6414],[80.3641,28.6399],[80.3667,28.6386],[80.3677,28.6373],[80.3693,28.6363],[80.3693,28.6352],[80.3722,28.6333],[80.3829,28.6301],[80.3936,28.6308],[80.4091,28.6343],[80.4154,28.6362],[80.4264,28.6385],[80.433,28.6389],[80.4384,28.6374],[80.444,28.634],[80.4443,28.6331],[80.4453,28.6324],[80.4471,28.6292],[80.4477,28.6289],[80.454,28.6265],[80.4558,28.6263],[80.4594,28.6249],[80.4599,28.624],[80.4622,28.6243],[80.4624,28.6227],[80.4657,28.6202],[80.4683,28.6077],[80.4686,28.6071],[80.4719,28.6048],[80.4724,28.6036],[80.4734,28.603],[80.474,28.6014],[80.4738,28.5983],[80.4737,28.596],[80.472,28.5908],[80.4718,28.5901],[80.4719,28.5881],[80.4804,28.5849],[80.4828,28.5848],[80.4853,28.585],[80.488,28.5847],[80.4896,28.5838],[80.4959,28.5792],[80.4983,28.5731],[80.5029,28.5708],[80.5059,28.5684],[80.5069,28.5666],[80.5087,28.5661],[80.5118,28.5643],[80.5123,28.5632],[80.5144,28.5612],[80.5149,28.56],[80.5217,28.5578],[80.5228,28.5576],[80.5272,28.5591],[80.5279,28.5593],[80.5295,28.5608],[80.5303,28.5615],[80.532,28.5632],[80.5328,28.5657],[80.533,28.5664],[80.5331,28.5686],[80.5326,28.5696],[80.5321,28.5698],[80.5294,28.5747],[80.5286,28.5754],[80.5217,28.5792],[80.5207,28.5797],[80.5208,28.5817],[80.519,28.5982],[80.5182,28.6068],[80.5169,28.6107],[80.5136,28.6245],[80.5095,28.6421],[80.5084,28.6524],[80.5083,28.6587],[80.5087,28.6658],[80.5108,28.668],[80.5135,28.67],[80.5137,28.6707],[80.5145,28.6709],[80.5238,28.6784],[80.5373,28.6861],[80.546,28.6895],[80.5578,28.6913],[80.5599,28.6909],[80.566,28.6895],[80.5733,28.6866],[80.5826,28.6836],[80.591,28.6793],[80.591,28.6779],[80.5889,28.6742],[80.5873,28.6685],[80.5844,28.6612],[80.5936,28.6574],[80.5959,28.6555],[80.5948,28.6523],[80.5941,28.6461],[80.5971,28.6451],[80.601,28.6469],[80.6076,28.649],[80.6107,28.6458],[80.6107,28.6449],[80.6123,28.644],[80.6156,28.6422],[80.6174,28.6415],[80.6317,28.6367],[80.6378,28.6369],[80.6401,28.6381],[80.6447,28.6411],[80.6467,28.6416],[80.6544,28.6383],[80.6603,28.6376],[80.6677,28.6403],[80.6678,28.6398],[80.6683,28.6394],[80.6689,28.6398],[80.6699,28.6382],[80.6699,28.6335],[80.6706,28.6269],[80.672,28.6267],[80.6723,28.6257],[80.6731,28.6254],[80.6769,28.6227],[80.6792,28.622],[80.6793,28.6214],[80.6798,28.6212],[80.6811,28.619],[80.6811,28.6172],[80.682,28.6164],[80.6826,28.6104],[80.6833,28.6098],[80.6833,28.6084],[80.6816,28.605],[80.6817,28.6041],[80.6825,28.6032],[80.6843,28.6025],[80.692,28.6027],[80.695,28.6032],[80.6976,28.6029],[80.6979,28.6023],[80.6986,28.6018],[80.6987,28.5977],[80.6968,28.5945],[80.6949,28.5862],[80.6953,28.5846],[80.6981,28.5824],[80.6986,28.5808],[80.6988,28.5799],[80.6996,28.5794],[80.7011,28.5781],[80.7011,28.5771],[80.7019,28.5767],[80.7027,28.5754],[80.7061,28.5736],[80.7139,28.5708],[80.7187,28.5703],[80.7234,28.5722],[80.7269,28.5726],[80.7295,28.5708],[80.73,28.5696],[80.7313,28.5682],[80.7355,28.5668],[80.7393,28.5667],[80.7423,28.5721],[80.7474,28.573],[80.7563,28.5698],[80.7665,28.5675],[80.7714,28.5653],[80.7721,28.5646],[80.7724,28.5632],[80.7724,28.5514],[80.7729,28.5512],[80.7734,28.551],[80.7734,28.5501],[80.7743,28.5495],[80.7816,28.5462],[80.7836,28.5458],[80.7864,28.5421],[80.7882,28.5406],[80.7868,28.5285],[80.7867,28.5272],[80.7871,28.5245],[80.7889,28.5245],[80.7948,28.5223],[80.804,28.5209],[80.8216,28.5168],[80.8241,28.5158],[80.8293,28.5123],[80.8303,28.5114],[80.8306,28.5108],[80.8313,28.5106],[80.8318,28.5102],[80.8328,28.5079],[80.8374,28.5041],[80.8377,28.5031],[80.8391,28.5006],[80.8403,28.4995],[80.8403,28.499],[80.842,28.4977],[80.845,28.4968],[80.856,28.4952],[80.8631,28.4928],[80.8659,28.4922],[80.8675,28.4933],[80.8681,28.4958],[80.8678,28.4974],[80.8672,28.4976],[80.8667,28.4981],[80.8657,28.499],[80.8644,28.5031],[80.8647,28.5049],[80.8671,28.5058],[80.879,28.5073],[80.8923,28.5045],[80.8954,28.5027],[80.8966,28.4989],[80.9086,28.495],[80.9096,28.4938],[80.9103,28.4883],[80.9103,28.4871],[80.9098,28.4866],[80.9017,28.4835],[80.8992,28.4781],[80.9,28.4774],[80.9001,28.4688],[80.9024,28.461],[80.9057,28.459],[80.9086,28.4575],[80.9098,28.457],[80.9123,28.4566],[80.9156,28.4581],[80.9166,28.4613],[80.9166,28.4624],[80.9198,28.4624],[80.9214,28.4613],[80.9212,28.4553],[80.9238,28.4539],[80.9289,28.4544],[80.9352,28.4599],[80.9372,28.4643],[80.9423,28.4662],[80.9434,28.4632],[80.9435,28.4593],[80.9412,28.4562],[80.9393,28.4541],[80.9387,28.4528],[80.9393,28.451],[80.9432,28.45],[80.948,28.4499],[80.949,28.4496],[80.9551,28.4467],[80.9585,28.4457],[80.9607,28.4464],[80.9629,28.4489],[80.9643,28.4498],[80.9679,28.4509],[80.9774,28.4515],[80.9784,28.4509],[80.9781,28.4493],[80.9761,28.4468],[80.9677,28.4434],[80.9661,28.4412],[80.9657,28.4376],[80.9663,28.4362],[80.9702,28.4349],[80.9722,28.4346],[80.977,28.4357],[80.9791,28.4364],[80.9817,28.4407],[80.9837,28.4411],[80.9906,28.4402],[80.9916,28.4406],[80.9921,28.4409],[80.9939,28.4436],[80.9976,28.4464],[80.9981,28.4469],[80.9991,28.448],[81.0021,28.4499],[81.0039,28.4501],[81.0106,28.449],[81.0139,28.448],[81.0156,28.4469],[81.017,28.4426],[81.0178,28.4417],[81.0166,28.4333],[81.0217,28.4315],[81.0242,28.4326],[81.0246,28.4333],[81.0284,28.4364],[81.0301,28.4368],[81.036,28.4325],[81.0365,28.4321],[81.0383,28.4305],[81.0398,28.4298],[81.04,28.4285],[81.04,28.4253],[81.0369,28.4224],[81.0365,28.4219],[81.0336,28.4194],[81.0266,28.4153],[81.0231,28.4137],[81.0223,28.4132],[81.0223,28.4125],[81.0224,28.4105],[81.0292,28.4059],[81.0305,28.4043],[81.0318,28.4029],[81.0371,28.4002],[81.0387,28.4016],[81.0397,28.4034],[81.0401,28.4113],[81.0404,28.4117],[81.0438,28.4122],[81.0535,28.407],[81.054,28.4067],[81.0582,28.4038]]]},"properties":{"district_name":"Kheri","raw_district_name":"Kheri","state_code":"UP","state_name":"Uttar Pradesh","census_code":153,"data_source":"DataMeet India Maps (Census 2011 Boundaries)"}},{"type":"Feature","geometry":{"type":"Polygon","coordinates":[[[83.9081,27.2758],[83.9062,27.2738],[83.9055,27.2649],[83.908,27.2562],[83.9119,27.2489],[83.9177,27.2448],[83.9218,27.2433],[83.9353,27.2393],[83.9581,27.2352],[83.9645,27.2319],[83.9658,27.2304],[83.965,27.2279],[83.9715,27.2248],[83.9738,27.2221],[83.9741,27.22],[83.9733,27.2179],[83.9703,27.2135],[83.9717,27.2106],[83.9745,27.2079],[83.9866,27.2003],[83.9887,27.1973],[83.995,27.1787],[83.9941,27.1756],[83.9896,27.1703],[83.9782,27.1625],[83.9765,27.1577],[83.9686,27.1456],[83.9608,27.1378],[83.9607,27.136],[83.9635,27.1288],[83.9624,27.1259],[83.9607,27.1232],[83.9575,27.1205],[83.9513,27.1167],[83.9494,27.1136],[83.9483,27.1079],[83.9484,27.1042],[83.9502,27.0992],[83.9493,27.0899],[83.9507,27.0865],[83.9539,27.0842],[83.9576,27.0831],[83.9648,27.083],[83.981,27.0889],[83.9877,27.0896],[83.991,27.0908],[84,27.0958],[84.0025,27.0971],[84.0073,27.0954],[84.0123,27.0972],[84.0151,27.101],[84.0215,27.1018],[84.024,27.097],[84.0305,27.0925],[84.0288,27.0904],[84.0259,27.0887],[84.0281,27.0842],[84.0267,27.0807],[84.0218,27.0783],[84.0154,27.0689],[84.0009,27.0683],[84.0006,27.0656],[84.0047,27.0582],[84.022,27.0508],[84.034,27.0417],[84.041,27.0435],[84.0454,27.0435],[84.0506,27.0417],[84.0501,27.0323],[84.0457,27.026],[84.0455,27.0163],[84.0402,27.0089],[84.0496,27.0029],[84.0524,27.0002],[84.0549,26.9968],[84.054,26.9947],[84.0592,26.9879],[84.0557,26.9842],[84.0487,26.9851],[84.0461,26.9811],[84.0522,26.9786],[84.0532,26.9775],[84.0509,26.9651],[84.0557,26.9652],[84.0563,26.959],[84.0538,26.9579],[84.0505,26.9545],[84.0483,26.9548],[84.0488,26.9514],[84.0448,26.9458],[84.0413,26.9464],[84.036,26.946],[84.0346,26.9398],[84.0384,26.9383],[84.0395,26.9366],[84.046,26.9382],[84.0483,26.9354],[84.0462,26.9301],[84.0481,26.928],[84.0548,26.9275],[84.0573,26.9289],[84.0589,26.9117],[84.0537,26.9069],[84.052,26.9062],[84.0547,26.9018],[84.057,26.9033],[84.0604,26.8988],[84.0586,26.8971],[84.0616,26.8888],[84.0686,26.8879],[84.0697,26.8836],[84.0811,26.879],[84.0858,26.8759],[84.0951,26.8824],[84.0975,26.8795],[84.0961,26.8761],[84.0996,26.8743],[84.1022,26.875],[84.1064,26.8835],[84.1094,26.8851],[84.1106,26.891],[84.1088,26.8924],[84.1102,26.898],[84.116,26.8923],[84.119,26.8916],[84.1212,26.8891],[84.1316,26.8898],[84.1326,26.8862],[84.1398,26.8825],[84.1504,26.8848],[84.1503,26.8811],[84.1482,26.8803],[84.1471,26.8735],[84.1488,26.8712],[84.1414,26.8678],[84.1412,26.8529],[84.16,26.8367],[84.1668,26.8336],[84.1784,26.8318],[84.1842,26.833],[84.1869,26.8399],[84.1848,26.8432],[84.1865,26.8466],[84.186,26.8506],[84.1903,26.8546],[84.1948,26.8573],[84.1991,26.8571],[84.2061,26.8584],[84.2187,26.8682],[84.2306,26.8695],[84.2315,26.8674],[84.2381,26.8671],[84.2449,26.8616],[84.2506,26.8597],[84.2551,26.856],[84.2616,26.8422],[84.2599,26.8351],[84.2605,26.828],[84.2559,26.8249],[84.2523,26.8191],[84.258,26.8182],[84.2562,26.8119],[84.2617,26.806],[84.2588,26.7996],[84.2579,26.79],[84.2505,26.7728],[84.2449,26.7643],[84.234,26.7544],[84.2426,26.7425],[84.2434,26.7369],[84.2516,26.7282],[84.2567,26.7267],[84.2617,26.7289],[84.2638,26.7316],[84.2647,26.7363],[84.2687,26.7382],[84.2762,26.7395],[84.2807,26.7419],[84.288,26.7486],[84.2961,26.7488],[84.3074,26.7507],[84.316,26.737],[84.315,26.7351],[84.3204,26.731],[84.3278,26.7137],[84.3326,26.686],[84.3349,26.6817],[84.3464,26.6789],[84.3541,26.6779],[84.3594,26.6789],[84.3641,26.6764],[84.376,26.6763],[84.4115,26.6688],[84.414,26.6403],[84.4166,26.6356],[84.4236,26.6248],[84.4097,26.6217],[84.4042,26.6233],[84.3926,26.6191],[84.388,26.6194],[84.3798,26.6129],[84.3601,26.618],[84.3393,26.6158],[84.3347,26.6128],[84.32,26.6121],[84.3157,26.6145],[84.3119,26.615],[84.3062,26.6132],[84.3042,26.6041],[84.3024,26.603],[84.2984,26.6045],[84.296,26.6014],[84.2886,26.6041],[84.2866,26.5982],[84.2827,26.5988],[84.2814,26.5968],[84.2721,26.6005],[84.2681,26.6048],[84.2599,26.6054],[84.2493,26.6075],[84.2402,26.6072],[84.2379,26.6107],[84.2323,26.6105],[84.2312,26.6131],[84.2249,26.6161],[84.2161,26.6184],[84.2131,26.618],[84.2112,26.6218],[84.1939,26.6232],[84.1863,26.6219],[84.1771,26.6237],[84.1765,26.6216],[84.1578,26.6251],[84.1627,26.631],[84.1613,26.6359],[84.1488,26.6364],[84.1467,26.6338],[84.1384,26.6359],[84.1334,26.6348],[84.1303,26.6349],[84.1308,26.632],[84.1249,26.6348],[84.1154,26.6346],[84.1136,26.63],[84.1086,26.6313],[84.1087,26.6329],[84.1043,26.6338],[84.1034,26.6356],[84.0938,26.6374],[84.0911,26.6402],[84.0897,26.6381],[84.0907,26.6341],[84.0899,26.6312],[84.0932,26.6287],[84.0914,26.6239],[84.0889,26.621],[84.0928,26.6156],[84.0921,26.6124],[84.094,26.6079],[84.0911,26.6004],[84.0918,26.5969],[84.0884,26.5917],[84.0796,26.5866],[84.0805,26.5818],[84.077,26.5786],[84.0721,26.577],[84.0662,26.5708],[84.064,26.565],[84.0586,26.5589],[84.0574,26.5549],[84.058,26.5478],[84.055,26.5484],[84.0482,26.5502],[84.0487,26.5555],[84.0427,26.5562],[84.0409,26.5586],[84.0371,26.5611],[84.0313,26.5691],[84.0185,26.5749],[84.011,26.5763],[84.0076,26.5836],[84.0076,26.587],[84.0023,26.5928],[83.9996,26.5925],[83.995,26.5928],[83.99,26.6036],[83.988,26.6105],[83.9826,26.6159],[83.9699,26.6234],[83.9669,26.6271],[83.9664,26.6316],[83.9687,26.6412],[83.9678,26.6486],[83.9632,26.6556],[83.9601,26.6642],[83.961,26.6713],[83.9574,26.6729],[83.9544,26.6752],[83.9486,26.6745],[83.9371,26.6771],[83.9326,26.6762],[83.9272,26.6782],[83.9256,26.6794],[83.9232,26.6814],[83.9213,26.6844],[83.9176,26.6853],[83.9159,26.6863],[83.914,26.6884],[83.9112,26.6903],[83.9069,26.6911],[83.9044,26.6961],[83.905,26.7018],[83.8975,26.7052],[83.8957,26.7084],[83.8975,26.7148],[83.897,26.7194],[83.8918,26.7282],[83.89,26.7336],[83.8867,26.7375],[83.8799,26.7416],[83.8746,26.7475],[83.8621,26.7461],[83.8554,26.7461],[83.8509,26.7478],[83.8429,26.757],[83.8394,26.7544],[83.8397,26.749],[83.8389,26.7447],[83.8361,26.7427],[83.8321,26.7434],[83.8248,26.7448],[83.8179,26.7461],[83.8156,26.7463],[83.8124,26.7466],[83.8075,26.7306],[83.8076,26.7274],[83.8076,26.7258],[83.8067,26.7236],[83.8042,26.7211],[83.8014,26.7139],[83.7941,26.7131],[83.7917,26.7071],[83.7823,26.7075],[83.7773,26.7019],[83.7736,26.7011],[83.7673,26.6976],[83.7611,26.702],[83.7587,26.6982],[83.7542,26.6935],[83.7493,26.6914],[83.7449,26.6915],[83.7394,26.6946],[83.7332,26.6957],[83.7254,26.6959],[83.723,26.695],[83.722,26.6912],[83.7234,26.6864],[83.7159,26.6864],[83.7115,26.685],[83.7071,26.6818],[83.697,26.6812],[83.6972,26.6843],[83.6993,26.6905],[83.6995,26.697],[83.6915,26.7],[83.6888,26.699],[83.6833,26.7],[83.6793,26.6958],[83.6772,26.6891],[83.6707,26.6816],[83.6662,26.6813],[83.6645,26.6804],[83.656,26.6634],[83.655,26.6581],[83.6486,26.6576],[83.6414,26.6582],[83.6317,26.657],[83.6317,26.657],[83.6317,26.6571],[83.625,26.6676],[83.6263,26.6732],[83.6265,26.6796],[83.6244,26.6918],[83.6216,26.6973],[83.6167,26.703],[83.6194,26.7034],[83.6209,26.7126],[83.6236,26.7133],[83.6238,26.7258],[83.6185,26.7272],[83.614,26.7311],[83.6119,26.7349],[83.6132,26.7451],[83.6147,26.7472],[83.6179,26.7488],[83.6203,26.7531],[83.6184,26.7555],[83.6143,26.7556],[83.6099,26.7584],[83.6068,26.7573],[83.5966,26.7581],[83.5862,26.7611],[83.5872,26.7689],[83.5928,26.7697],[83.593,26.774],[83.5911,26.7791],[83.5922,26.7844],[83.5949,26.7894],[83.5931,26.7941],[83.5789,26.8145],[83.5759,26.8158],[83.5704,26.8165],[83.5667,26.8198],[83.5656,26.8224],[83.5617,26.8254],[83.5604,26.8359],[83.5486,26.8393],[83.5491,26.845],[83.5315,26.8522],[83.5284,26.8541],[83.529,26.8593],[83.5312,26.861],[83.5399,26.8638],[83.5447,26.8804],[83.5473,26.8895],[83.5562,26.89],[83.5596,26.9054],[83.5576,26.9089],[83.5604,26.923],[83.5648,26.9242],[83.5716,26.9328],[83.5734,26.932],[83.575,26.9297],[83.5781,26.9284],[83.5834,26.9294],[83.589,26.9323],[83.5946,26.9271],[83.596,26.9228],[83.5957,26.9139],[83.6072,26.9114],[83.6111,26.9258],[83.6138,26.9292],[83.6183,26.9306],[83.6267,26.93],[83.6288,26.9407],[83.6271,26.9435],[83.6243,26.9454],[83.6222,26.9486],[83.6219,26.9515],[83.623,26.9549],[83.6262,26.9555],[83.6396,26.9542],[83.6547,26.9498],[83.6658,26.9502],[83.6703,26.9469],[83.6743,26.9453],[83.6806,26.9458],[83.6823,26.9525],[83.6824,26.9632],[83.6884,26.963],[83.7087,26.9598],[83.7151,26.9526],[83.7188,26.9506],[83.7241,26.951],[83.7286,26.9532],[83.7307,26.9587],[83.7306,26.9647],[83.7326,26.9763],[83.735,26.9868],[83.7369,26.9905],[83.7411,26.9937],[83.7464,26.9947],[83.7578,26.9929],[83.764,26.9948],[83.7695,27.0006],[83.753,27.0065],[83.7501,27.0084],[83.7468,27.0138],[83.7457,27.0158],[83.7446,27.0221],[83.7472,27.0286],[83.7528,27.0327],[83.7535,27.0351],[83.752,27.036],[83.7423,27.0365],[83.7379,27.0383],[83.7375,27.044],[83.7304,27.0544],[83.7353,27.0588],[83.7397,27.0594],[83.7449,27.058],[83.7489,27.0556],[83.7563,27.0501],[83.7576,27.0479],[83.7612,27.0496],[83.765,27.0527],[83.7676,27.0571],[83.7671,27.0723],[83.7664,27.0733],[83.7635,27.0744],[83.7469,27.0751],[83.749,27.0787],[83.76,27.0854],[83.7685,27.0874],[83.7717,27.089],[83.7744,27.0922],[83.7749,27.0963],[83.7784,27.1049],[83.7817,27.1062],[83.7895,27.1056],[83.7999,27.1084],[83.8036,27.111],[83.8056,27.1168],[83.8053,27.1296],[83.8071,27.1411],[83.8075,27.1499],[83.8099,27.1554],[83.8121,27.1658],[83.8242,27.1728],[83.8264,27.1754],[83.8229,27.1759],[83.7922,27.1659],[83.7847,27.1644],[83.7821,27.1652],[83.7827,27.1697],[83.7852,27.1713],[83.7912,27.1742],[83.7954,27.1751],[83.8023,27.1779],[83.8103,27.1847],[83.811,27.1867],[83.8103,27.1882],[83.8019,27.1937],[83.8019,27.1971],[83.8001,27.1997],[83.7984,27.2122],[83.8001,27.2146],[83.8048,27.2164],[83.8065,27.216],[83.808,27.2148],[83.812,27.2068],[83.8154,27.202],[83.8175,27.2006],[83.8201,27.2001],[83.8283,27.2038],[83.8312,27.2076],[83.8318,27.2107],[83.8306,27.2165],[83.8274,27.224],[83.827,27.229],[83.822,27.2335],[83.8155,27.23],[83.8095,27.2286],[83.7994,27.2333],[83.7962,27.2355],[83.7959,27.2449],[83.7975,27.2467],[83.8004,27.2465],[83.8036,27.2486],[83.8063,27.2469],[83.8099,27.2483],[83.8121,27.2473],[83.8142,27.2444],[83.8174,27.2448],[83.8238,27.2474],[83.8278,27.2482],[83.8436,27.2478],[83.8472,27.2493],[83.8499,27.2532],[83.8497,27.2546],[83.8442,27.26],[83.8394,27.2661],[83.838,27.2734],[83.8422,27.2859],[83.8447,27.2875],[83.8503,27.2896],[83.8638,27.2926],[83.872,27.2955],[83.874,27.297],[83.8772,27.2975],[83.8789,27.2952],[83.8821,27.2843],[83.8871,27.2836],[83.8925,27.285],[83.8956,27.2849],[83.9004,27.283],[83.9081,27.2758]]]},"properties":{"district_name":"Kushinagar","raw_district_name":"Kushinagar","state_code":"UP","state_name":"Uttar Pradesh","census_code":189,"data_source":"DataMeet India Maps (Census 2011 Boundaries)"}},{"type":"Feature","geometry":{"type":"Polygon","coordinates":[[[78.9887,24.4429],[78.9911,24.437],[78.9933,24.4297],[78.9945,24.4236],[78.9936,24.4189],[78.9876,24.4135],[78.9829,24.3986],[78.9809,24.3943],[78.9777,24.3804],[78.9739,24.3693],[78.9736,24.366],[78.975,24.3559],[78.9748,24.3527],[78.9736,24.3494],[78.9715,24.3461],[78.9677,24.3429],[78.9616,24.3396],[78.9576,24.3361],[78.952,24.327],[78.9391,24.3146],[78.9354,24.3119],[78.9307,24.3099],[78.9144,24.297],[78.9137,24.2922],[78.9143,24.2906],[78.9194,24.2852],[78.9198,24.2817],[78.9183,24.2723],[78.9164,24.2687],[78.8921,24.255],[78.8856,24.2498],[78.8848,24.2445],[78.8864,24.2399],[78.8876,24.2247],[78.8854,24.2188],[78.8802,24.2147],[78.8693,24.2098],[78.8647,24.2093],[78.853,24.2127],[78.8452,24.2105],[78.8392,24.2051],[78.8342,24.199],[78.8307,24.1971],[78.8265,24.197],[78.8253,24.1982],[78.8228,24.2044],[78.82,24.2061],[78.817,24.2043],[78.8155,24.2004],[78.8144,24.1891],[78.8121,24.1801],[78.8087,24.1777],[78.7981,24.176],[78.7949,24.1771],[78.791,24.1809],[78.7885,24.1873],[78.7847,24.1968],[78.7827,24.2058],[78.7813,24.208],[78.7762,24.211],[78.7742,24.2135],[78.767,24.2296],[78.7664,24.2322],[78.7671,24.2348],[78.7729,24.2463],[78.7667,24.2542],[78.7631,24.2554],[78.7607,24.243],[78.759,24.2394],[78.7562,24.2365],[78.7523,24.235],[78.7501,24.2352],[78.7473,24.2359],[78.7439,24.2378],[78.7425,24.2408],[78.7417,24.2475],[78.7386,24.2495],[78.7329,24.2484],[78.7275,24.2369],[78.725,24.2349],[78.7175,24.2351],[78.7135,24.2345],[78.7052,24.2302],[78.6989,24.2327],[78.6875,24.2398],[78.6844,24.2406],[78.6794,24.24],[78.6755,24.2407],[78.6717,24.2441],[78.6695,24.2483],[78.6641,24.2637],[78.6608,24.2694],[78.65,24.2771],[78.6456,24.2819],[78.6405,24.285],[78.6377,24.2858],[78.6323,24.2821],[78.628,24.2819],[78.6257,24.2851],[78.6237,24.2917],[78.6242,24.2949],[78.6299,24.3025],[78.6291,24.3055],[78.626,24.3075],[78.6212,24.3082],[78.6111,24.3113],[78.6084,24.3139],[78.6053,24.3188],[78.6,24.3349],[78.5941,24.3369],[78.591,24.339],[78.587,24.3454],[78.5852,24.3495],[78.5848,24.3526],[78.5812,24.3549],[78.5728,24.3529],[78.569,24.3549],[78.5632,24.3567],[78.5589,24.3562],[78.5339,24.37],[78.5314,24.3727],[78.5284,24.3797],[78.5255,24.3829],[78.5209,24.3861],[78.5117,24.3895],[78.5062,24.3898],[78.5045,24.3883],[78.496,24.3816],[78.4906,24.3731],[78.4816,24.363],[78.479,24.3579],[78.4779,24.3526],[78.477,24.3389],[78.474,24.3349],[78.4651,24.3312],[78.4608,24.3288],[78.457,24.3254],[78.4465,24.3211],[78.4397,24.309],[78.4395,24.3046],[78.4409,24.2932],[78.4326,24.2858],[78.4293,24.2847],[78.4247,24.285],[78.4206,24.2844],[78.4174,24.2832],[78.4131,24.2726],[78.4094,24.271],[78.3991,24.2703],[78.3917,24.2686],[78.3884,24.2695],[78.3857,24.2711],[78.3835,24.2736],[78.3791,24.2819],[78.376,24.2846],[78.3723,24.2859],[78.37,24.2879],[78.3678,24.2917],[78.3575,24.2948],[78.3506,24.2988],[78.3485,24.3009],[78.3475,24.3033],[78.3474,24.307],[78.3455,24.3129],[78.3416,24.3147],[78.3379,24.318],[78.3346,24.321],[78.3321,24.3251],[78.3315,24.3299],[78.3327,24.334],[78.3372,24.3381],[78.3415,24.3406],[78.347,24.3479],[78.3526,24.3582],[78.3687,24.3736],[78.369,24.3771],[78.3671,24.3813],[78.365,24.3827],[78.3565,24.385],[78.351,24.3875],[78.3428,24.3993],[78.3386,24.4014],[78.3244,24.4058],[78.3213,24.4083],[78.3176,24.4129],[78.306,24.422],[78.296,24.4286],[78.2873,24.4326],[78.273,24.4428],[78.2668,24.4493],[78.2664,24.4554],[78.2758,24.4685],[78.2757,24.4716],[78.2729,24.4754],[78.2693,24.4785],[78.2607,24.4812],[78.2523,24.4821],[78.2457,24.4848],[78.244,24.4889],[78.2438,24.4915],[78.2476,24.5002],[78.2463,24.5049],[78.2442,24.507],[78.2343,24.5118],[78.2258,24.5181],[78.2226,24.527],[78.2245,24.531],[78.2303,24.5367],[78.2427,24.5417],[78.2523,24.544],[78.2615,24.5476],[78.265,24.5535],[78.2665,24.5646],[78.2699,24.574],[78.2743,24.5923],[78.2756,24.6003],[78.2761,24.6107],[78.2738,24.6172],[78.2696,24.6234],[78.2647,24.6331],[78.2629,24.6439],[78.2646,24.6481],[78.2742,24.6588],[78.2747,24.6624],[78.2743,24.6648],[78.2633,24.6812],[78.2609,24.6877],[78.2591,24.6962],[78.2571,24.7008],[78.2428,24.7198],[78.2326,24.7314],[78.2267,24.7426],[78.2252,24.749],[78.2262,24.7534],[78.2306,24.7592],[78.2315,24.7616],[78.2321,24.7717],[78.2302,24.7782],[78.2247,24.7871],[78.2153,24.8082],[78.2022,24.8237],[78.2003,24.8267],[78.1979,24.8348],[78.1932,24.8379],[78.1799,24.8413],[78.1763,24.8416],[78.1716,24.8433],[78.1701,24.8522],[78.1696,24.8661],[78.1717,24.8768],[78.1768,24.8804],[78.1834,24.8824],[78.1955,24.8879],[78.2061,24.8913],[78.2104,24.8956],[78.2171,24.9074],[78.2203,24.9106],[78.2352,24.9192],[78.2558,24.9335],[78.2589,24.9346],[78.2625,24.9371],[78.2664,24.9443],[78.2692,24.9477],[78.2888,24.9583],[78.2961,24.9632],[78.3132,24.984],[78.3162,24.9863],[78.3341,24.9946],[78.3368,24.9988],[78.3412,25.0058],[78.3441,25.0158],[78.3447,25.0224],[78.3374,25.0404],[78.3338,25.0629],[78.3316,25.0675],[78.3319,25.079],[78.3344,25.0838],[78.3393,25.0882],[78.3545,25.095],[78.3737,25.0995],[78.3811,25.1035],[78.3854,25.1077],[78.3965,25.122],[78.4021,25.1255],[78.4091,25.1259],[78.4175,25.1242],[78.4315,25.1197],[78.4378,25.1194],[78.4497,25.1237],[78.4562,25.1267],[78.463,25.1325],[78.4691,25.1351],[78.4805,25.1416],[78.4879,25.147],[78.4967,25.1593],[78.507,25.1698],[78.527,25.1781],[78.5337,25.183],[78.5501,25.2013],[78.558,25.2118],[78.5652,25.2186],[78.5696,25.221],[78.5716,25.2159],[78.5768,25.1969],[78.6007,25.1524],[78.6029,25.1436],[78.6051,25.1221],[78.6052,25.1031],[78.6036,25.0985],[78.6041,25.0929],[78.6125,25.0893],[78.6245,25.0877],[78.6273,25.0866],[78.6317,25.0814],[78.6364,25.0775],[78.6418,25.0692],[78.6425,25.0661],[78.6463,25.0614],[78.6489,25.0565],[78.6511,25.0303],[78.6441,25.0206],[78.6431,25.0165],[78.6431,25.006],[78.642,24.9994],[78.6389,24.9788],[78.6297,24.9629],[78.6289,24.96],[78.6317,24.9571],[78.6493,24.9478],[78.6494,24.9454],[78.6469,24.9405],[78.6473,24.9355],[78.649,24.9349],[78.6606,24.9394],[78.6639,24.9202],[78.6663,24.9127],[78.6699,24.9044],[78.6752,24.8976],[78.6823,24.8937],[78.6865,24.8924],[78.6986,24.8911],[78.7032,24.8899],[78.7074,24.8817],[78.7098,24.8792],[78.7197,24.879],[78.7257,24.8779],[78.7294,24.8759],[78.7385,24.8676],[78.7413,24.8662],[78.7453,24.8649],[78.7535,24.8661],[78.7575,24.8641],[78.7603,24.8602],[78.7682,24.8582],[78.7714,24.8566],[78.774,24.8509],[78.7743,24.8442],[78.7758,24.839],[78.7794,24.8257],[78.7874,24.8102],[78.7879,24.8058],[78.787,24.8023],[78.7847,24.8001],[78.7741,24.7938],[78.7714,24.7903],[78.77,24.7621],[78.7754,24.7501],[78.7758,24.7464],[78.7743,24.7387],[78.7759,24.7189],[78.7766,24.7142],[78.7799,24.707],[78.7797,24.7023],[78.7792,24.6995],[78.7744,24.6923],[78.7721,24.6907],[78.7667,24.6889],[78.7655,24.6775],[78.7643,24.6725],[78.7617,24.6689],[78.7516,24.6647],[78.751,24.6622],[78.7468,24.6553],[78.7473,24.6515],[78.7488,24.646],[78.7531,24.6386],[78.7547,24.6324],[78.7553,24.6201],[78.7547,24.6069],[78.7561,24.6004],[78.7587,24.5979],[78.7733,24.593],[78.7836,24.5885],[78.8005,24.5937],[78.8046,24.6008],[78.8085,24.6033],[78.8134,24.6026],[78.8178,24.6008],[78.8208,24.601],[78.8271,24.6033],[78.8355,24.6033],[78.8376,24.6043],[78.8402,24.6162],[78.8428,24.621],[78.8458,24.6237],[78.8511,24.6244],[78.8559,24.6171],[78.8592,24.6164],[78.8626,24.6184],[78.866,24.6236],[78.8696,24.6366],[78.8733,24.6409],[78.8799,24.6424],[78.8885,24.6351],[78.8982,24.6175],[78.8987,24.6123],[78.8998,24.6093],[78.9112,24.5998],[78.9124,24.5977],[78.9153,24.5843],[78.92,24.5768],[78.9372,24.5599],[78.9498,24.5534],[78.9515,24.5517],[78.9523,24.5489],[78.9472,24.5387],[78.9468,24.5296],[78.9472,24.5268],[78.9507,24.5222],[78.9515,24.5192],[78.9501,24.5122],[78.9509,24.5051],[78.9538,24.5016],[78.957,24.5],[78.9702,24.4976],[78.9723,24.4959],[78.9732,24.4925],[78.9707,24.4894],[78.9613,24.4842],[78.9553,24.4818],[78.9499,24.4805],[78.9375,24.4801],[78.9319,24.4816],[78.9301,24.484],[78.9324,24.4874],[78.9328,24.492],[78.9311,24.4946],[78.9286,24.4966],[78.9243,24.4981],[78.9205,24.4964],[78.9148,24.4887],[78.9077,24.4839],[78.9076,24.4792],[78.9093,24.4739],[78.9153,24.4624],[78.9195,24.4591],[78.934,24.4577],[78.9378,24.4556],[78.9474,24.4416],[78.9511,24.4389],[78.9539,24.4388],[78.9623,24.4408],[78.9688,24.4397],[78.9786,24.4404],[78.9887,24.4429]]]},"properties":{"district_name":"Lalitpur","raw_district_name":"Lalitpur","state_code":"UP","state_name":"Uttar Pradesh","census_code":167,"data_source":"DataMeet India Maps (Census 2011 Boundaries)"}},{"type":"Feature","geometry":{"type":"Polygon","coordinates":[[[81.166,26.5925],[81.1633,26.588],[81.1591,26.5868],[81.1456,26.5872],[81.143,26.5862],[81.1381,26.5808],[81.1372,26.578],[81.1345,26.5754],[81.1334,26.5702],[81.1297,26.5659],[81.127,26.5595],[81.1229,26.5574],[81.1183,26.556],[81.1077,26.5616],[81.1039,26.5624],[81.1001,26.5597],[81.0954,26.5539],[81.0946,26.5509],[81.0947,26.5444],[81.0934,26.541],[81.0909,26.538],[81.0847,26.5364],[81.0774,26.5326],[81.0769,26.5274],[81.0776,26.5227],[81.0764,26.5211],[81.0731,26.5208],[81.0653,26.5172],[81.0612,26.5105],[81.0512,26.5019],[81.0474,26.5015],[81.0446,26.5021],[81.0414,26.5041],[81.0386,26.5065],[81.0367,26.51],[81.0327,26.5145],[81.0326,26.5187],[81.0277,26.5214],[81.0259,26.5234],[81.0164,26.5272],[81.013,26.5268],[81.0087,26.5303],[81.0028,26.5335],[81,26.5349],[80.995,26.5345],[80.9883,26.5347],[80.9863,26.538],[80.986,26.5418],[80.9877,26.5445],[80.9853,26.5461],[80.9821,26.5442],[80.9801,26.5435],[80.9805,26.547],[80.9807,26.5505],[80.9752,26.5513],[80.9727,26.5497],[80.9706,26.5476],[80.9664,26.5493],[80.9677,26.5515],[80.9702,26.5525],[80.9704,26.5544],[80.9684,26.5549],[80.9657,26.5571],[80.9614,26.5596],[80.9586,26.5591],[80.9532,26.5616],[80.9548,26.5678],[80.9527,26.5683],[80.946,26.5637],[80.9446,26.565],[80.9427,26.5644],[80.941,26.5656],[80.9369,26.5676],[80.94,26.5684],[80.9415,26.568],[80.9393,26.5706],[80.9328,26.5743],[80.9277,26.5843],[80.9308,26.5844],[80.9331,26.5854],[80.9273,26.5886],[80.9267,26.5916],[80.9226,26.5894],[80.922,26.592],[80.9202,26.593],[80.9188,26.5897],[80.9133,26.5924],[80.9093,26.5974],[80.9078,26.5972],[80.906,26.5909],[80.9031,26.592],[80.8981,26.5952],[80.8919,26.5979],[80.8899,26.603],[80.8921,26.6073],[80.8897,26.6119],[80.8939,26.6173],[80.8923,26.6216],[80.8888,26.6206],[80.8862,26.6195],[80.8844,26.6215],[80.8813,26.6163],[80.8772,26.6142],[80.8724,26.6214],[80.8768,26.6232],[80.8811,26.6261],[80.8831,26.6313],[80.879,26.633],[80.8751,26.637],[80.873,26.6423],[80.8542,26.6486],[80.8507,26.6514],[80.8452,26.6604],[80.8428,26.663],[80.8331,26.6622],[80.8255,26.6598],[80.8223,26.6562],[80.8159,26.6557],[80.81,26.6543],[80.8053,26.6514],[80.8011,26.6479],[80.7945,26.6464],[80.7939,26.6526],[80.791,26.6572],[80.7831,26.6625],[80.7841,26.666],[80.7818,26.6669],[80.776,26.6648],[80.7705,26.6633],[80.767,26.6685],[80.7698,26.6738],[80.7696,26.6771],[80.7651,26.6787],[80.7616,26.6812],[80.7627,26.685],[80.7571,26.6862],[80.7522,26.6841],[80.7475,26.6799],[80.7442,26.6744],[80.7463,26.6662],[80.7408,26.6638],[80.7362,26.6609],[80.7294,26.6559],[80.7146,26.668],[80.7166,26.6728],[80.7074,26.6831],[80.7035,26.6827],[80.7009,26.683],[80.6974,26.6857],[80.6991,26.6888],[80.7048,26.6917],[80.7124,26.6953],[80.7177,26.6996],[80.7151,26.7072],[80.7093,26.7123],[80.7008,26.717],[80.6994,26.7193],[80.7006,26.7211],[80.7043,26.7194],[80.7062,26.7185],[80.7059,26.7215],[80.7019,26.7244],[80.7008,26.7283],[80.7023,26.7328],[80.7045,26.7365],[80.7038,26.7387],[80.7023,26.7431],[80.7026,26.747],[80.7014,26.7483],[80.6978,26.7478],[80.6951,26.7527],[80.6915,26.7561],[80.6926,26.76],[80.6969,26.7628],[80.7047,26.7616],[80.7177,26.7569],[80.7319,26.7544],[80.74,26.7616],[80.7433,26.7627],[80.7507,26.7646],[80.7529,26.7672],[80.7557,26.7738],[80.7377,26.7757],[80.7407,26.7894],[80.7277,26.7942],[80.7232,26.8004],[80.7201,26.8036],[80.7182,26.8111],[80.7143,26.8167],[80.7085,26.8242],[80.7029,26.8301],[80.6967,26.834],[80.6922,26.8374],[80.6938,26.85],[80.6809,26.8606],[80.6766,26.8619],[80.6701,26.8643],[80.6622,26.8681],[80.6586,26.8702],[80.655,26.8714],[80.6459,26.8769],[80.6362,26.8795],[80.6279,26.8805],[80.6274,26.8887],[80.6364,26.8959],[80.6411,26.903],[80.6237,26.9088],[80.6225,26.9131],[80.62,26.9165],[80.6149,26.9258],[80.6128,26.9332],[80.6096,26.9384],[80.6094,26.9441],[80.6074,26.9448],[80.5919,26.9421],[80.5899,26.9381],[80.5882,26.9329],[80.5859,26.929],[80.5818,26.9256],[80.5609,26.9364],[80.5631,26.9413],[80.5643,26.9463],[80.5663,26.9484],[80.571,26.9548],[80.5784,26.9584],[80.5828,26.9578],[80.5858,26.9603],[80.5886,26.9589],[80.5881,26.9533],[80.5956,26.9549],[80.5984,26.9626],[80.5943,26.9688],[80.5976,26.9743],[80.597,26.9786],[80.6001,26.9839],[80.5913,26.9873],[80.5877,26.9858],[80.5813,26.9942],[80.58,27.0008],[80.5605,27.0108],[80.5675,27.0169],[80.5786,27.0202],[80.5882,27.0265],[80.588,27.0293],[80.5802,27.029],[80.5777,27.0295],[80.5769,27.0307],[80.5779,27.0327],[80.5808,27.0344],[80.5895,27.0383],[80.5938,27.0379],[80.5966,27.0386],[80.5961,27.0396],[80.599,27.0422],[80.6048,27.0416],[80.6068,27.0392],[80.6075,27.0367],[80.6154,27.0381],[80.6185,27.0411],[80.621,27.0453],[80.6228,27.0542],[80.6235,27.0568],[80.6297,27.0563],[80.6374,27.0589],[80.6426,27.0642],[80.6514,27.0615],[80.6553,27.0612],[80.6567,27.0622],[80.6555,27.0642],[80.6509,27.0673],[80.6413,27.0684],[80.642,27.073],[80.6468,27.0786],[80.6521,27.0761],[80.6625,27.0737],[80.6667,27.0748],[80.6758,27.0703],[80.6796,27.0669],[80.6861,27.0632],[80.691,27.0618],[80.6958,27.0635],[80.6979,27.0611],[80.7011,27.0601],[80.7024,27.0684],[80.7118,27.0676],[80.7128,27.0691],[80.7132,27.0718],[80.7118,27.08],[80.7197,27.0833],[80.7244,27.087],[80.7319,27.0974],[80.7348,27.0996],[80.7382,27.1008],[80.7424,27.1016],[80.7528,27.0992],[80.7592,27.1004],[80.7655,27.0889],[80.7674,27.0919],[80.7707,27.1023],[80.779,27.098],[80.7835,27.0979],[80.7873,27.1087],[80.7885,27.1103],[80.791,27.1109],[80.7944,27.1097],[80.7995,27.1054],[80.8055,27.1018],[80.8158,27.0992],[80.8188,27.0974],[80.8273,27.1014],[80.8308,27.0995],[80.8332,27.1003],[80.8364,27.1038],[80.8383,27.1036],[80.8401,27.1081],[80.8458,27.1099],[80.8507,27.1137],[80.8565,27.1212],[80.8592,27.1226],[80.8636,27.1243],[80.8763,27.1269],[80.8815,27.1291],[80.8881,27.1274],[80.8941,27.1277],[80.8944,27.1304],[80.8977,27.1385],[80.9048,27.1498],[80.9073,27.1511],[80.9115,27.1486],[80.9139,27.1489],[80.9142,27.1509],[80.9199,27.1555],[80.9272,27.1575],[80.9293,27.159],[80.9352,27.1567],[80.9429,27.1511],[80.9486,27.1481],[80.9493,27.1425],[80.957,27.139],[80.9597,27.1421],[80.9649,27.1444],[80.9692,27.1438],[80.9788,27.1378],[80.9798,27.1416],[80.9813,27.1424],[80.9896,27.1372],[80.9919,27.1373],[81,27.1467],[81.0121,27.1405],[81.0154,27.1372],[81.0173,27.1288],[81.0238,27.1245],[81.0265,27.1213],[81.028,27.1174],[81.0284,27.1132],[81.0233,27.1038],[81.023,27.103],[81.0246,27.1013],[81.0344,27.0965],[81.0519,27.0899],[81.0561,27.0853],[81.0531,27.0797],[81.0393,27.0701],[81.0337,27.0693],[81.0291,27.0721],[81.0174,27.0649],[81.0141,27.0658],[81,27.075],[80.993,27.0735],[80.9895,27.0664],[80.9841,27.0694],[80.9825,27.0633],[80.9766,27.0609],[80.9745,27.059],[80.9728,27.0556],[80.9759,27.0487],[80.9785,27.0354],[80.989,27.0384],[80.9959,27.0393],[81,27.0382],[81.001,27.038],[81.0022,27.035],[81,27.0304],[80.9952,27.0236],[80.9944,27.0178],[80.9963,27.0083],[81,27],[81.0043,26.9967],[81.0094,26.9971],[81.0223,26.9902],[81.0237,26.9902],[81.0257,26.9889],[81.0305,26.9853],[81.0278,26.9778],[81.0247,26.9757],[81.0255,26.9724],[81.0361,26.965],[81.0433,26.9681],[81.0503,26.9662],[81.0565,26.9729],[81.0589,26.9727],[81.0635,26.9698],[81.0655,26.9677],[81.0654,26.9651],[81.0636,26.9621],[81.0589,26.9582],[81.0553,26.9583],[81.0522,26.961],[81.0455,26.9557],[81.0446,26.951],[81.0426,26.9482],[81.0422,26.944],[81.0433,26.9387],[81.0473,26.9372],[81.0507,26.937],[81.0507,26.9323],[81.0606,26.9302],[81.064,26.9277],[81.0667,26.9242],[81.0695,26.9185],[81.0735,26.9145],[81.0755,26.9085],[81.0822,26.9089],[81.0874,26.9121],[81.0901,26.9153],[81.0958,26.9145],[81.0964,26.9093],[81.0993,26.9073],[81.1005,26.9027],[81.1,26.8997],[81.0917,26.8914],[81.0907,26.8891],[81.0926,26.8861],[81.0958,26.8857],[81.0988,26.8823],[81.1023,26.8704],[81.097,26.8622],[81.0921,26.8582],[81.0948,26.8518],[81.0922,26.8464],[81.094,26.8378],[81.0984,26.8375],[81.1048,26.8366],[81.1263,26.8359],[81.1305,26.8343],[81.133,26.8326],[81.1373,26.8261],[81.1389,26.8178],[81.1411,26.8144],[81.1459,26.8114],[81.1489,26.8106],[81.1517,26.8109],[81.157,26.8137],[81.1592,26.8128],[81.1617,26.8079],[81.1708,26.8074],[81.1688,26.8042],[81.1589,26.7971],[81.1598,26.7918],[81.1591,26.7755],[81.1641,26.7732],[81.167,26.7746],[81.1727,26.7844],[81.1744,26.7857],[81.1768,26.7861],[81.1798,26.785],[81.181,26.7834],[81.1871,26.7799],[81.1899,26.7797],[81.192,26.7824],[81.192,26.7854],[81.1937,26.7916],[81.207,26.7883],[81.2166,26.7823],[81.2106,26.7771],[81.1938,26.7673],[81.1894,26.7637],[81.1886,26.7615],[81.2002,26.7472],[81.2036,26.7442],[81.2047,26.7416],[81.2033,26.7325],[81.2037,26.7285],[81.2105,26.723],[81.2157,26.7211],[81.2141,26.7179],[81.2169,26.7099],[81.2188,26.7079],[81.219,26.7061],[81.2179,26.7034],[81.2165,26.702],[81.2121,26.7031],[81.2099,26.7029],[81.2082,26.701],[81.2073,26.6994],[81.2071,26.6946],[81.2053,26.6905],[81.199,26.6866],[81.1987,26.6831],[81.1961,26.6798],[81.1891,26.6745],[81.1881,26.671],[81.1884,26.6674],[81.1781,26.6554],[81.1704,26.6481],[81.1673,26.6432],[81.1672,26.641],[81.1759,26.6356],[81.1759,26.634],[81.1722,26.627],[81.1775,26.623],[81.179,26.621],[81.182,26.6202],[81.1839,26.6187],[81.1792,26.6152],[81.1788,26.612],[81.1649,26.6025],[81.1646,26.6009],[81.1658,26.598],[81.1647,26.5961],[81.166,26.5925]]]},"properties":{"district_name":"Lucknow","raw_district_name":"Lucknow","state_code":"UP","state_name":"Uttar Pradesh","census_code":157,"data_source":"DataMeet India Maps (Census 2011 Boundaries)"}},{"type":"Feature","geometry":{"type":"Polygon","coordinates":[[[83.8666,27.3449],[83.8664,27.3444],[83.8651,27.337],[83.8595,27.3323],[83.8395,27.3242],[83.8385,27.3226],[83.8386,27.3214],[83.8391,27.3195],[83.8407,27.318],[83.8464,27.3162],[83.8527,27.318],[83.8554,27.3164],[83.8575,27.3136],[83.8581,27.3107],[83.8606,27.3088],[83.8648,27.3079],[83.8692,27.3084],[83.8825,27.3129],[83.898,27.3232],[83.9037,27.3258],[83.9077,27.3269],[83.9181,27.3271],[83.9268,27.3221],[83.9337,27.3132],[83.9354,27.3063],[83.9357,27.301],[83.9319,27.2932],[83.9289,27.2894],[83.9206,27.2824],[83.9141,27.2779],[83.9081,27.2758],[83.9004,27.283],[83.8956,27.2849],[83.8925,27.285],[83.8871,27.2836],[83.8821,27.2843],[83.8789,27.2952],[83.8772,27.2975],[83.874,27.297],[83.872,27.2955],[83.8638,27.2926],[83.8503,27.2896],[83.8447,27.2875],[83.8422,27.2859],[83.838,27.2734],[83.8394,27.2661],[83.8442,27.26],[83.8497,27.2546],[83.8499,27.2532],[83.8472,27.2493],[83.8436,27.2478],[83.8278,27.2482],[83.8238,27.2474],[83.8174,27.2448],[83.8142,27.2444],[83.8121,27.2473],[83.8099,27.2483],[83.8063,27.2469],[83.8036,27.2486],[83.8004,27.2465],[83.7975,27.2467],[83.7959,27.2449],[83.7962,27.2355],[83.7994,27.2333],[83.8095,27.2286],[83.8155,27.23],[83.822,27.2335],[83.827,27.229],[83.8274,27.224],[83.8306,27.2165],[83.8318,27.2107],[83.8312,27.2076],[83.8283,27.2038],[83.8201,27.2001],[83.8175,27.2006],[83.8154,27.202],[83.812,27.2068],[83.808,27.2148],[83.8065,27.216],[83.8048,27.2164],[83.8001,27.2146],[83.7984,27.2122],[83.8001,27.1997],[83.8019,27.1971],[83.8019,27.1937],[83.8103,27.1882],[83.811,27.1867],[83.8103,27.1847],[83.8023,27.1779],[83.7954,27.1751],[83.7912,27.1742],[83.7852,27.1713],[83.7827,27.1697],[83.7821,27.1652],[83.7847,27.1644],[83.7922,27.1659],[83.8229,27.1759],[83.8264,27.1754],[83.8242,27.1728],[83.8121,27.1658],[83.8099,27.1554],[83.8075,27.1499],[83.8071,27.1411],[83.8053,27.1296],[83.8056,27.1168],[83.8036,27.111],[83.7999,27.1084],[83.7895,27.1056],[83.7817,27.1062],[83.7784,27.1049],[83.7749,27.0963],[83.7744,27.0922],[83.7717,27.089],[83.7685,27.0874],[83.76,27.0854],[83.749,27.0787],[83.7469,27.0751],[83.7635,27.0744],[83.7664,27.0733],[83.7671,27.0723],[83.7676,27.0571],[83.765,27.0527],[83.7612,27.0496],[83.7576,27.0479],[83.7563,27.0501],[83.7489,27.0556],[83.7449,27.058],[83.7397,27.0594],[83.7353,27.0588],[83.7304,27.0544],[83.7375,27.044],[83.7379,27.0383],[83.7423,27.0365],[83.752,27.036],[83.7535,27.0351],[83.7528,27.0327],[83.7472,27.0286],[83.7446,27.0221],[83.7457,27.0158],[83.7468,27.0138],[83.7501,27.0084],[83.753,27.0065],[83.7695,27.0006],[83.764,26.9948],[83.7578,26.9929],[83.7464,26.9947],[83.7411,26.9937],[83.7369,26.9905],[83.735,26.9868],[83.7326,26.9763],[83.7306,26.9647],[83.7307,26.9587],[83.7286,26.9532],[83.7241,26.951],[83.7188,26.9506],[83.7151,26.9526],[83.7087,26.9598],[83.6884,26.963],[83.6824,26.9632],[83.6823,26.9525],[83.6806,26.9458],[83.6743,26.9453],[83.6703,26.9469],[83.6658,26.9502],[83.6547,26.9498],[83.6396,26.9542],[83.6262,26.9555],[83.623,26.9549],[83.6219,26.9515],[83.6222,26.9486],[83.6243,26.9454],[83.6271,26.9435],[83.6288,26.9407],[83.6267,26.93],[83.6183,26.9306],[83.6138,26.9292],[83.6111,26.9258],[83.6072,26.9114],[83.5957,26.9139],[83.596,26.9228],[83.5946,26.9271],[83.589,26.9323],[83.5834,26.9294],[83.5781,26.9284],[83.575,26.9297],[83.5734,26.932],[83.5716,26.9328],[83.5648,26.9242],[83.5604,26.923],[83.5576,26.9089],[83.5596,26.9054],[83.5562,26.89],[83.5473,26.8895],[83.5447,26.8804],[83.5289,26.8915],[83.5084,26.9136],[83.5021,26.9181],[83.486,26.9208],[83.4784,26.9232],[83.4779,26.9319],[83.4737,26.9454],[83.4735,26.95],[83.468,26.9582],[83.4588,26.9634],[83.4466,26.9613],[83.444,26.9676],[83.447,26.9752],[83.4425,26.9794],[83.4336,26.9801],[83.4035,26.9757],[83.3791,26.9792],[83.3661,26.9787],[83.3619,26.9682],[83.3395,26.9693],[83.3314,26.981],[83.3436,26.9902],[83.3594,27.011],[83.3723,27.044],[83.4022,27.0722],[83.4036,27.0876],[83.4002,27.0897],[83.3892,27.0899],[83.3781,27.0762],[83.3608,27.0801],[83.3558,27.0889],[83.3484,27.0932],[83.3415,27.0913],[83.3332,27.0816],[83.3248,27.0668],[83.3228,27.0534],[83.3176,27.0495],[83.3048,27.0474],[83.2846,27.0501],[83.285,27.0615],[83.2752,27.0669],[83.264,27.0642],[83.2501,27.0719],[83.2433,27.0728],[83.2287,27.0687],[83.2089,27.0708],[83.2029,27.0812],[83.1965,27.0874],[83.1777,27.0875],[83.1708,27.1017],[83.1633,27.1287],[83.1328,27.1411],[83.1302,27.1414],[83.1259,27.1495],[83.1235,27.1562],[83.1237,27.1587],[83.1263,27.1612],[83.1304,27.1618],[83.1372,27.1607],[83.1395,27.1586],[83.1469,27.1674],[83.1496,27.1676],[83.1585,27.1617],[83.1607,27.1604],[83.1613,27.1582],[83.1575,27.1514],[83.1563,27.1476],[83.1571,27.1443],[83.1609,27.1437],[83.1657,27.1438],[83.1693,27.145],[83.1714,27.148],[83.1707,27.1502],[83.1613,27.1497],[83.1622,27.1519],[83.1634,27.153],[83.1783,27.1573],[83.179,27.1608],[83.1797,27.1765],[83.1783,27.1797],[83.1702,27.1853],[83.1713,27.1873],[83.1774,27.1925],[83.1793,27.1965],[83.1779,27.2012],[83.1726,27.2048],[83.1679,27.2007],[83.1669,27.2077],[83.1685,27.2158],[83.1675,27.2176],[83.1699,27.2218],[83.1745,27.2258],[83.183,27.2271],[83.198,27.2253],[83.2062,27.2308],[83.2112,27.2373],[83.2162,27.2416],[83.2186,27.2423],[83.2203,27.2444],[83.2198,27.25],[83.2136,27.2628],[83.2146,27.2653],[83.2175,27.2685],[83.2203,27.2698],[83.2283,27.2725],[83.2304,27.2715],[83.2331,27.2719],[83.2385,27.2794],[83.242,27.2826],[83.2489,27.2844],[83.252,27.2833],[83.2559,27.2886],[83.2499,27.292],[83.2454,27.2966],[83.2443,27.2986],[83.2502,27.3005],[83.2615,27.3081],[83.2669,27.3128],[83.2707,27.3171],[83.2718,27.3218],[83.2704,27.3257],[83.2779,27.3297],[83.2908,27.3346],[83.2931,27.3373],[83.2968,27.3347],[83.3028,27.3332],[83.3118,27.3292],[83.3194,27.3323],[83.3205,27.3324],[83.3268,27.3332],[83.3306,27.3324],[83.3327,27.3333],[83.3334,27.3335],[83.3369,27.3325],[83.338,27.3329],[83.3384,27.3327],[83.3413,27.3335],[83.3576,27.34],[83.3638,27.3441],[83.3672,27.3486],[83.3672,27.3492],[83.3678,27.3512],[83.3736,27.355],[83.3736,27.3564],[83.3736,27.3584],[83.3739,27.3633],[83.3744,27.3653],[83.3772,27.3673],[83.387,27.3698],[83.3888,27.3713],[83.3911,27.3727],[83.3921,27.3837],[83.395,27.3888],[83.4059,27.3986],[83.4069,27.4094],[83.4067,27.4116],[83.4053,27.415],[83.4036,27.4165],[83.3982,27.4211],[83.3979,27.4218],[83.3969,27.4227],[83.394,27.4246],[83.3931,27.4248],[83.3928,27.4258],[83.3916,27.4264],[83.3915,27.4269],[83.391,27.4285],[83.3917,27.4347],[83.393,27.4381],[83.3948,27.4406],[83.4013,27.4461],[83.4022,27.4479],[83.4026,27.4485],[83.4068,27.4541],[83.4068,27.4564],[83.4062,27.4598],[83.4035,27.4617],[83.4005,27.4628],[83.3988,27.4635],[83.3984,27.4645],[83.3958,27.4649],[83.3953,27.4664],[83.394,27.4754],[83.4013,27.4771],[83.4021,27.478],[83.4032,27.478],[83.4223,27.4782],[83.4289,27.4778],[83.4415,27.4759],[83.4425,27.476],[83.4513,27.4748],[83.4584,27.4751],[83.4637,27.4747],[83.4785,27.4736],[83.5236,27.4713],[83.5348,27.4712],[83.5431,27.4711],[83.5709,27.47],[83.5737,27.4703],[83.5843,27.4708],[83.5851,27.4705],[83.6086,27.47],[83.6098,27.4699],[83.6136,27.4689],[83.6332,27.4604],[83.6412,27.4571],[83.6492,27.4539],[83.6514,27.4529],[83.6734,27.4424],[83.6915,27.4337],[83.6956,27.4314],[83.706,27.4254],[83.7418,27.4088],[83.7451,27.4073],[83.7519,27.4031],[83.7676,27.3976],[83.7676,27.3971],[83.7824,27.3906],[83.7968,27.3857],[83.8018,27.3838],[83.8196,27.3762],[83.8233,27.375],[83.8395,27.3662],[83.8539,27.3549],[83.8543,27.3541],[83.8545,27.3535],[83.8573,27.3513],[83.8588,27.3504],[83.8588,27.3497],[83.8597,27.349],[83.8627,27.3469],[83.8643,27.3457],[83.8666,27.3449]]]},"properties":{"district_name":"Maharajganj","raw_district_name":"Maharajganj","state_code":"UP","state_name":"Uttar Pradesh","census_code":187,"data_source":"DataMeet India Maps (Census 2011 Boundaries)"}},{"type":"Feature","geometry":{"type":"MultiPolygon","coordinates":[[[[80.0076,25.5945],[80.0167,25.5889],[80.026,25.5883],[80.0213,25.5802],[80.0161,25.5742],[80.0154,25.5734],[80.0129,25.5683],[80.0123,25.5557],[80.0147,25.5539],[80.0118,25.5517],[80.0002,25.5488],[79.9946,25.5429],[79.9828,25.5358],[79.9842,25.5353],[79.9849,25.535],[79.994,25.5346],[80.0002,25.532],[80.0011,25.5271],[80.008,25.52],[80.0093,25.5108],[80.0044,25.5065],[79.9975,25.4982],[79.9978,25.4954],[79.9992,25.4945],[79.9971,25.4912],[80.0002,25.4889],[80.0129,25.4863],[80.0189,25.4863],[80.0356,25.4917],[80.0373,25.4785],[80.036,25.4717],[80.0325,25.4646],[80.031,25.4571],[80.025,25.45],[80.0243,25.4443],[80.0279,25.4405],[80.0275,25.4362],[80.0307,25.4319],[80.0523,25.4242],[80.0554,25.426],[80.064,25.4269],[80.0669,25.4245],[80.0706,25.4247],[80.0761,25.419],[80.082,25.415],[80.0911,25.4126],[80.0968,25.4081],[80.0992,25.4049],[80.1041,25.4017],[80.1071,25.4009],[80.1123,25.4025],[80.1211,25.4074],[80.1211,25.4074],[80.1236,25.4063],[80.1304,25.4063],[80.1377,25.4102],[80.141,25.4108],[80.1478,25.4073],[80.1502,25.3976],[80.1436,25.3962],[80.1436,25.3962],[80.1431,25.3962],[80.1381,25.3967],[80.1344,25.398],[80.1326,25.3955],[80.1306,25.3897],[80.1306,25.3868],[80.1306,25.3868],[80.1332,25.3861],[80.1416,25.3837],[80.1387,25.3798],[80.1282,25.378],[80.1282,25.378],[80.1244,25.375],[80.117,25.3614],[80.1122,25.3567],[80.1042,25.347],[80.1015,25.3493],[80.0914,25.3512],[80.0865,25.3489],[80.0804,25.3405],[80.0781,25.3385],[80.0696,25.3375],[80.063,25.3367],[80.0525,25.3373],[80.0453,25.3364],[80.0323,25.34],[80.0288,25.3386],[80.0226,25.3265],[80.0207,25.3255],[80.018,25.3202],[80.0207,25.2971],[80.0164,25.2961],[80.0067,25.2892],[80.0019,25.2843],[80.0002,25.2807],[79.9993,25.2786],[80.0002,25.2764],[80.0036,25.2722],[80.0034,25.2701],[80.0053,25.2656],[80.0047,25.2641],[80.0002,25.2647],[79.9853,25.2604],[79.9775,25.2636],[79.9752,25.2639],[79.971,25.2637],[79.9572,25.2607],[79.9506,25.2673],[79.9489,25.2651],[79.9424,25.2603],[79.9413,25.2584],[79.9399,25.2553],[79.9405,25.2457],[79.9321,25.247],[79.929,25.2461],[79.9214,25.2289],[79.9202,25.2292],[79.9186,25.2315],[79.9185,25.2404],[79.9143,25.2496],[79.9133,25.2509],[79.9104,25.2523],[79.9076,25.252],[79.9063,25.2505],[79.9052,25.245],[79.9041,25.2429],[79.9016,25.2416],[79.8946,25.2418],[79.883,25.2484],[79.8804,25.2492],[79.8739,25.2422],[79.8689,25.2384],[79.8655,25.2373],[79.8589,25.237],[79.8551,25.2356],[79.8536,25.2338],[79.8531,25.2319],[79.8551,25.2278],[79.8608,25.2204],[79.8693,25.2164],[79.871,25.2146],[79.8641,25.209],[79.862,25.2058],[79.8597,25.1989],[79.8627,25.1945],[79.8667,25.1857],[79.866,25.1773],[79.8694,25.1745],[79.8705,25.1724],[79.8675,25.1575],[79.8685,25.1515],[79.8709,25.1494],[79.88,25.1458],[79.88,25.144],[79.8727,25.1405],[79.8653,25.1383],[79.8595,25.1353],[79.8555,25.1289],[79.8558,25.1237],[79.8544,25.1177],[79.8505,25.1118],[79.8536,25.106],[79.8609,25.0983],[79.8637,25.094],[79.857,25.0925],[79.8487,25.0919],[79.8391,25.0936],[79.835,25.0956],[79.8321,25.0992],[79.8311,25.1019],[79.8265,25.1056],[79.8242,25.1063],[79.813,25.1065],[79.8011,25.1138],[79.7961,25.1159],[79.777,25.1207],[79.7706,25.1253],[79.7589,25.1361],[79.7534,25.1393],[79.7474,25.1384],[79.7338,25.1311],[79.7255,25.1292],[79.715,25.1287],[79.6947,25.1323],[79.6844,25.1324],[79.6819,25.1312],[79.6739,25.1225],[79.6683,25.1234],[79.6619,25.1258],[79.6508,25.1277],[79.6484,25.1278],[79.6456,25.1264],[79.6406,25.1282],[79.6278,25.138],[79.6138,25.1279],[79.6098,25.1267],[79.6056,25.1268],[79.6029,25.1295],[79.6031,25.131],[79.6052,25.1349],[79.6062,25.1407],[79.6105,25.1484],[79.6105,25.1492],[79.6105,25.1501],[79.6077,25.1503],[79.601,25.1417],[79.5991,25.1416],[79.5974,25.1426],[79.5934,25.1482],[79.584,25.1524],[79.5817,25.1548],[79.5767,25.1708],[79.5732,25.1728],[79.5673,25.1713],[79.558,25.1647],[79.5504,25.1559],[79.5426,25.1429],[79.5413,25.1418],[79.5363,25.1403],[79.535,25.1384],[79.5362,25.1333],[79.5363,25.1327],[79.5342,25.131],[79.5256,25.1265],[79.5214,25.121],[79.5216,25.1174],[79.5258,25.103],[79.5259,25.0998],[79.5248,25.0971],[79.521,25.0956],[79.5129,25.0966],[79.5078,25.0945],[79.5014,25.0873],[79.4988,25.0815],[79.4987,25.0786],[79.4975,25.0781],[79.49,25.0804],[79.4791,25.0825],[79.4681,25.0917],[79.4778,25.126],[79.4778,25.1291],[79.476,25.1297],[79.4642,25.1203],[79.4578,25.1131],[79.4524,25.1084],[79.4439,25.1031],[79.4386,25.1028],[79.4375,25.1044],[79.437,25.1071],[79.4387,25.1112],[79.442,25.117],[79.4428,25.1218],[79.4387,25.1307],[79.4335,25.1337],[79.4252,25.1337],[79.4227,25.1344],[79.4224,25.1326],[79.4254,25.1303],[79.426,25.1288],[79.4247,25.1225],[79.4225,25.1183],[79.4167,25.1109],[79.4095,25.1086],[79.4067,25.1087],[79.4007,25.1114],[79.3984,25.1132],[79.3968,25.1158],[79.3963,25.1269],[79.3946,25.1314],[79.3915,25.1353],[79.3897,25.1412],[79.3878,25.1444],[79.3876,25.149],[79.3915,25.1655],[79.3991,25.1749],[79.4115,25.1848],[79.4122,25.1947],[79.4157,25.2027],[79.4172,25.204],[79.425,25.1991],[79.4322,25.1979],[79.4357,25.1987],[79.4398,25.198],[79.4434,25.1999],[79.4504,25.2078],[79.4501,25.2162],[79.44,25.217],[79.4347,25.2202],[79.4407,25.2312],[79.4418,25.237],[79.4462,25.2435],[79.4494,25.2469],[79.4513,25.2438],[79.4526,25.2433],[79.456,25.246],[79.4606,25.2517],[79.4629,25.2604],[79.4669,25.2646],[79.4684,25.2648],[79.4717,25.2632],[79.4823,25.2618],[79.4868,25.2604],[79.4917,25.2602],[79.4975,25.2608],[79.4986,25.2642],[79.4981,25.2655],[79.4922,25.2679],[79.4855,25.2676],[79.484,25.2683],[79.4831,25.2701],[79.483,25.2719],[79.483,25.2727],[79.4829,25.2744],[79.4809,25.2773],[79.4652,25.279],[79.4608,25.2777],[79.4605,25.2704],[79.4593,25.2688],[79.4389,25.2547],[79.4344,25.2536],[79.423,25.2544],[79.4089,25.2575],[79.4096,25.2744],[79.4,25.28],[79.3963,25.2814],[79.3937,25.2793],[79.3912,25.2788],[79.387,25.2819],[79.3833,25.2862],[79.3802,25.2885],[79.3774,25.2892],[79.3751,25.2895],[79.3721,25.2877],[79.3748,25.2707],[79.3749,25.2676],[79.3734,25.2632],[79.3693,25.2594],[79.3659,25.2587],[79.3606,25.2605],[79.3588,25.2651],[79.3593,25.2731],[79.3574,25.2836],[79.3507,25.2855],[79.3401,25.2874],[79.3387,25.2879],[79.3384,25.2892],[79.3495,25.2997],[79.3492,25.3028],[79.3454,25.306],[79.3422,25.3125],[79.3461,25.32],[79.3536,25.3281],[79.3523,25.3295],[79.3414,25.3277],[79.3379,25.3288],[79.3328,25.3323],[79.317,25.3337],[79.3119,25.3349],[79.3024,25.3353],[79.3017,25.3344],[79.3014,25.3274],[79.299,25.3244],[79.2911,25.3252],[79.2853,25.3231],[79.2842,25.3221],[79.2805,25.3248],[79.2771,25.337],[79.2772,25.3389],[79.2807,25.3437],[79.2875,25.3484],[79.2948,25.3584],[79.2995,25.376],[79.3033,25.3774],[79.3137,25.3851],[79.3175,25.3907],[79.3246,25.399],[79.3371,25.4002],[79.3404,25.4018],[79.3405,25.4086],[79.3325,25.4282],[79.3327,25.4313],[79.342,25.4415],[79.3609,25.455],[79.3667,25.4597],[79.3683,25.4622],[79.3697,25.4649],[79.3626,25.4853],[79.3672,25.4902],[79.3715,25.4929],[79.3784,25.4995],[79.3825,25.5098],[79.3839,25.5106],[79.3864,25.5179],[79.389,25.5218],[79.389,25.5218],[79.3982,25.517],[79.4015,25.5166],[79.4041,25.5177],[79.4088,25.5152],[79.4137,25.5112],[79.4217,25.5079],[79.427,25.5045],[79.4337,25.5057],[79.4435,25.5096],[79.4537,25.5056],[79.4595,25.5045],[79.4669,25.5064],[79.4725,25.5006],[79.4751,25.498],[79.4775,25.4944],[79.4839,25.4896],[79.4925,25.4939],[79.4972,25.4929],[79.5073,25.4876],[79.5123,25.4866],[79.5138,25.488],[79.5153,25.4923],[79.5168,25.4941],[79.5203,25.4948],[79.5221,25.4944],[79.524,25.4927],[79.5259,25.4838],[79.5308,25.4818],[79.5351,25.4832],[79.5367,25.4857],[79.5378,25.4902],[79.5398,25.492],[79.5644,25.4913],[79.5622,25.4817],[79.5627,25.4795],[79.5642,25.4776],[79.5656,25.4773],[79.5664,25.4765],[79.5712,25.4793],[79.5767,25.4857],[79.577,25.486],[79.5805,25.4887],[79.5847,25.4905],[79.5888,25.4876],[79.5933,25.4953],[79.5957,25.497],[79.6001,25.4973],[79.6042,25.496],[79.6047,25.4944],[79.6074,25.4919],[79.6077,25.4887],[79.6156,25.4827],[79.6209,25.4826],[79.6275,25.4862],[79.6294,25.4863],[79.6379,25.484],[79.6423,25.4842],[79.6448,25.4858],[79.6449,25.4878],[79.6445,25.4917],[79.6431,25.4938],[79.644,25.4968],[79.6464,25.4985],[79.6466,25.4998],[79.6455,25.5012],[79.6429,25.5019],[79.6417,25.5037],[79.6413,25.5065],[79.6442,25.5089],[79.647,25.5101],[79.656,25.5111],[79.6637,25.5119],[79.6664,25.5129],[79.6663,25.5215],[79.6623,25.5293],[79.6659,25.5351],[79.6652,25.5378],[79.66,25.5417],[79.6594,25.5463],[79.6608,25.5504],[79.6631,25.5514],[79.6663,25.5514],[79.669,25.5492],[79.6704,25.5463],[79.6738,25.5453],[79.6884,25.5458],[79.6936,25.5469],[79.7016,25.5505],[79.7031,25.5524],[79.7029,25.5543],[79.7018,25.5555],[79.698,25.5579],[79.6988,25.561],[79.7142,25.5664],[79.7272,25.5597],[79.73,25.5534],[79.7376,25.5495],[79.7422,25.5482],[79.7435,25.5467],[79.7443,25.5424],[79.744,25.5386],[79.7392,25.5256],[79.7417,25.5229],[79.7532,25.5163],[79.7555,25.5166],[79.7575,25.5259],[79.7631,25.536],[79.7646,25.5326],[79.7655,25.5241],[79.7669,25.5216],[79.7722,25.5169],[79.7814,25.5141],[79.783,25.5134],[79.7966,25.5063],[79.805,25.5046],[79.8042,25.4986],[79.8092,25.4972],[79.8133,25.4978],[79.8143,25.499],[79.8187,25.5142],[79.821,25.5187],[79.8229,25.5218],[79.828,25.5249],[79.8288,25.5271],[79.8268,25.5335],[79.823,25.5383],[79.8244,25.547],[79.8273,25.5488],[79.831,25.5492],[79.8486,25.5466],[79.852,25.5442],[79.8576,25.5455],[79.8595,25.5475],[79.8637,25.5577],[79.8647,25.5649],[79.8664,25.5694],[79.8714,25.5755],[79.874,25.5768],[79.8794,25.5774],[79.8931,25.578],[79.8965,25.58],[79.8983,25.5836],[79.9007,25.5857],[79.9006,25.5874],[79.9051,25.5899],[79.9081,25.5939],[79.9138,25.5966],[79.9243,25.5947],[79.9305,25.5924],[79.9381,25.5917],[79.9426,25.5924],[79.9482,25.5957],[79.9483,25.597],[79.954,25.6045],[79.9562,25.6074],[79.958,25.6125],[79.9492,25.6205],[79.9447,25.6261],[79.9449,25.6282],[79.9482,25.6321],[79.9495,25.6337],[79.953,25.642],[79.9551,25.6424],[79.9576,25.6419],[79.9676,25.6377],[79.969,25.6371],[79.9802,25.6308],[79.9919,25.6187],[79.994,25.6175],[80.0002,25.6174],[80.0014,25.6166],[80.0011,25.6123],[80.0002,25.6061],[80.0076,25.5945]]],[[[79.3673,25.127],[79.3742,25.1231],[79.3779,25.1232],[79.381,25.1214],[79.3847,25.1134],[79.3826,25.1108],[79.3821,25.108],[79.384,25.1044],[79.3888,25.0989],[79.3907,25.0938],[79.3907,25.0861],[79.3916,25.0832],[79.4003,25.0815],[79.4068,25.0766],[79.4091,25.0734],[79.409,25.0673],[79.4098,25.0634],[79.4241,25.0568],[79.4261,25.0525],[79.4258,25.0488],[79.4243,25.0449],[79.421,25.043],[79.4171,25.037],[79.4131,25.0336],[79.4074,25.0325],[79.4045,25.0326],[79.3996,25.0307],[79.3975,25.0306],[79.3971,25.0323],[79.3874,25.0366],[79.3881,25.0397],[79.3867,25.0405],[79.3832,25.0405],[79.381,25.0411],[79.3807,25.0427],[79.3768,25.0435],[79.3773,25.0476],[79.3756,25.0503],[79.374,25.0505],[79.3654,25.0477],[79.3684,25.0461],[79.3688,25.044],[79.3671,25.0394],[79.3607,25.0388],[79.3595,25.0398],[79.362,25.0491],[79.3618,25.0521],[79.3582,25.0552],[79.359,25.0555],[79.3605,25.0544],[79.3618,25.0547],[79.3599,25.0572],[79.3514,25.0611],[79.3539,25.0673],[79.3546,25.0675],[79.3601,25.065],[79.3685,25.0579],[79.3747,25.0619],[79.3812,25.0625],[79.3821,25.0647],[79.3822,25.0654],[79.3791,25.0669],[79.3783,25.0687],[79.3811,25.0798],[79.3812,25.0832],[79.3765,25.0878],[79.3752,25.0905],[79.3761,25.0938],[79.3807,25.0966],[79.3812,25.099],[79.3776,25.1018],[79.3572,25.1091],[79.354,25.1129],[79.3527,25.116],[79.3522,25.1188],[79.354,25.121],[79.3581,25.1237],[79.3542,25.1254],[79.3617,25.1407],[79.3636,25.1419],[79.3761,25.141],[79.3741,25.1403],[79.3719,25.1374],[79.3669,25.1287],[79.3673,25.127]]],[[[79.3691,25.1704],[79.3678,25.17],[79.3633,25.1701],[79.3566,25.1743],[79.3568,25.1765],[79.3601,25.1846],[79.3627,25.1866],[79.3715,25.1812],[79.3732,25.1797],[79.3739,25.1777],[79.3691,25.1704]]]]},"properties":{"district_name":"Mahoba","raw_district_name":"Mahoba","state_code":"UP","state_name":"Uttar Pradesh","census_code":169,"data_source":"DataMeet India Maps (Census 2011 Boundaries)"}},{"type":"Feature","geometry":{"type":"Polygon","coordinates":[[[79.2508,27.3306],[79.2549,27.329],[79.2627,27.3232],[79.2662,27.31],[79.2686,27.305],[79.2728,27.3035],[79.2782,27.3051],[79.2899,27.3044],[79.2882,27.2897],[79.2895,27.2819],[79.2951,27.281],[79.2962,27.2817],[79.3014,27.2792],[79.3051,27.2802],[79.3081,27.2825],[79.3137,27.2842],[79.318,27.2865],[79.3206,27.2866],[79.3218,27.2784],[79.323,27.2771],[79.3224,27.2713],[79.3254,27.2685],[79.325,27.2655],[79.3225,27.2614],[79.3239,27.2573],[79.3206,27.2525],[79.3173,27.2506],[79.3163,27.2489],[79.3175,27.2474],[79.3156,27.2464],[79.3168,27.2428],[79.3185,27.2416],[79.3332,27.2365],[79.3363,27.2343],[79.3368,27.2308],[79.3401,27.2294],[79.3407,27.2268],[79.3395,27.224],[79.3399,27.2218],[79.3388,27.2187],[79.3394,27.2155],[79.3499,27.2118],[79.3552,27.2111],[79.3575,27.2169],[79.3636,27.2215],[79.372,27.2134],[79.3739,27.2106],[79.375,27.2069],[79.3801,27.2038],[79.3847,27.203],[79.392,27.1991],[79.3947,27.1968],[79.3947,27.1962],[79.3948,27.1957],[79.3942,27.192],[79.394,27.1828],[79.3962,27.169],[79.3963,27.1665],[79.3961,27.1639],[79.3959,27.1616],[79.3921,27.1594],[79.3933,27.1558],[79.4011,27.1494],[79.4118,27.1375],[79.4113,27.1336],[79.4087,27.1295],[79.4054,27.1266],[79.3909,27.1204],[79.3901,27.1159],[79.391,27.1105],[79.3931,27.1032],[79.396,27.0979],[79.4082,27.0939],[79.413,27.0938],[79.4172,27.0917],[79.4204,27.0917],[79.4264,27.0953],[79.4309,27.0963],[79.4369,27.0951],[79.4402,27.0936],[79.4377,27.0858],[79.4324,27.0812],[79.4326,27.0715],[79.4339,27.0668],[79.4269,27.0599],[79.4204,27.0596],[79.4124,27.0571],[79.4015,27.049],[79.4008,27.0369],[79.3993,27.0265],[79.3902,27.0099],[79.3856,27.0044],[79.3839,27.0008],[79.3847,26.9982],[79.382,26.9861],[79.3732,26.9799],[79.3732,26.9773],[79.3721,26.975],[79.3654,26.9722],[79.3628,26.9699],[79.3594,26.966],[79.3564,26.9587],[79.3478,26.9629],[79.3353,26.959],[79.3271,26.9604],[79.3219,26.9642],[79.3221,26.9684],[79.3209,26.9734],[79.3202,26.9755],[79.3182,26.9767],[79.3106,26.9794],[79.3069,26.9819],[79.3016,26.9823],[79.2987,26.9775],[79.296,26.9778],[79.29,26.9812],[79.2869,26.9847],[79.2848,26.9818],[79.2795,26.9842],[79.2763,26.9816],[79.2765,26.988],[79.275,26.9902],[79.2717,26.9879],[79.2702,26.9848],[79.2677,26.9828],[79.2638,26.9848],[79.2578,26.9806],[79.252,26.9836],[79.248,26.9832],[79.2461,26.9813],[79.2419,26.9815],[79.2376,26.9779],[79.2356,26.9748],[79.2296,26.975],[79.2249,26.9734],[79.222,26.9715],[79.2163,26.9714],[79.2069,26.9716],[79.1999,26.9733],[79.1972,26.9751],[79.1935,26.9836],[79.1942,26.9953],[79.1928,27.0005],[79.1841,27.006],[79.1678,27.0052],[79.1679,27.0019],[79.1667,27.0005],[79.1674,26.9988],[79.166,26.9966],[79.1632,26.9981],[79.1332,26.9991],[79.1277,26.9943],[79.1237,26.994],[79.117,27.0003],[79.1157,26.9964],[79.113,26.993],[79.1071,26.9974],[79.1026,26.9978],[79.0996,26.9994],[79.0955,26.9995],[79.0939,26.9987],[79.0943,26.996],[79.1005,26.9875],[79.1009,26.9843],[79.0982,26.9819],[79.0902,26.979],[79.0866,26.9789],[79.0845,26.9823],[79.0838,26.9851],[79.0813,26.9886],[79.0779,26.991],[79.0726,26.9895],[79.0645,26.9894],[79.0578,26.9839],[79.0549,26.9832],[79.0501,26.9725],[79.0436,26.9716],[79.042,26.9689],[79.0355,26.9679],[79.033,26.9616],[79.03,26.9581],[79.0241,26.9528],[79.013,26.9458],[79.0131,26.9415],[79.0111,26.939],[79.0069,26.9378],[79.0021,26.9319],[79,26.9305],[78.9969,26.9311],[78.9921,26.9343],[78.9892,26.9375],[78.9869,26.9461],[78.9715,26.9563],[78.9658,26.9591],[78.9622,26.9631],[78.9598,26.9686],[78.9562,26.9715],[78.9415,26.9735],[78.9361,26.978],[78.9353,26.9825],[78.9322,26.9844],[78.9288,26.9834],[78.9224,26.9779],[78.9214,26.9739],[78.9248,26.9712],[78.926,26.9691],[78.9251,26.9674],[78.9202,26.9644],[78.9152,26.9634],[78.9044,26.9677],[78.8969,26.968],[78.888,26.965],[78.8805,26.9614],[78.8728,26.9603],[78.8662,26.9608],[78.8622,26.9643],[78.854,26.9736],[78.8496,26.9686],[78.8415,26.9645],[78.8387,26.9588],[78.8343,26.9533],[78.8297,26.9526],[78.8182,26.9557],[78.8182,26.9557],[78.8223,26.9623],[78.8227,26.9631],[78.8306,26.9779],[78.83,26.9809],[78.8306,26.9823],[78.8295,26.9831],[78.829,26.9859],[78.8235,26.9879],[78.8192,26.987],[78.8177,26.9867],[78.815,26.9861],[78.8051,26.9853],[78.8008,26.9849],[78.7983,26.9919],[78.7999,26.9971],[78.804,27.0035],[78.8029,27.0072],[78.7939,27.0133],[78.7897,27.0161],[78.7885,27.0206],[78.786,27.0299],[78.7851,27.0388],[78.7847,27.0393],[78.7817,27.0436],[78.7814,27.0444],[78.7806,27.0469],[78.7804,27.0499],[78.7851,27.0564],[78.7868,27.062],[78.7853,27.0684],[78.7853,27.0686],[78.7854,27.069],[78.7869,27.0771],[78.7868,27.0797],[78.7811,27.0864],[78.7822,27.09],[78.7858,27.0927],[78.7857,27.0959],[78.7816,27.1012],[78.7832,27.1037],[78.7846,27.1059],[78.7881,27.1114],[78.7872,27.1147],[78.7874,27.1232],[78.7956,27.1233],[78.8009,27.1234],[78.8028,27.1235],[78.8058,27.1243],[78.8075,27.1248],[78.8123,27.1252],[78.8174,27.1276],[78.8206,27.1329],[78.8193,27.1388],[78.8179,27.1393],[78.8157,27.1401],[78.8042,27.1442],[78.8002,27.1456],[78.7892,27.1535],[78.7857,27.1586],[78.7833,27.1625],[78.7808,27.1667],[78.7783,27.1719],[78.7755,27.1832],[78.7739,27.1862],[78.7733,27.1879],[78.7711,27.1913],[78.7649,27.1991],[78.7627,27.2018],[78.7607,27.2088],[78.7617,27.2142],[78.7642,27.2176],[78.7738,27.2219],[78.7744,27.2291],[78.7605,27.2334],[78.7543,27.2384],[78.7547,27.2491],[78.7524,27.2512],[78.7437,27.2509],[78.742,27.2557],[78.7415,27.2572],[78.7423,27.2587],[78.7445,27.2631],[78.7465,27.2672],[78.7474,27.2691],[78.7426,27.2734],[78.7237,27.2798],[78.7134,27.284],[78.714,27.2884],[78.7229,27.2917],[78.735,27.2945],[78.7342,27.3025],[78.7309,27.308],[78.73,27.3155],[78.7281,27.3198],[78.7273,27.3247],[78.7296,27.3319],[78.7323,27.3343],[78.7339,27.3357],[78.7363,27.3335],[78.7416,27.3347],[78.7485,27.3392],[78.7546,27.3459],[78.7632,27.3389],[78.7733,27.3361],[78.775,27.3348],[78.7784,27.3363],[78.7807,27.3362],[78.783,27.3472],[78.7926,27.3477],[78.7994,27.3489],[78.8045,27.3515],[78.809,27.3555],[78.8202,27.3518],[78.8257,27.3536],[78.8328,27.359],[78.8365,27.3609],[78.8374,27.3649],[78.8451,27.373],[78.8446,27.3759],[78.8513,27.3827],[78.8523,27.3859],[78.8553,27.3901],[78.8547,27.3916],[78.8498,27.3972],[78.8456,27.3997],[78.84,27.3996],[78.8422,27.4056],[78.8397,27.4095],[78.8415,27.4111],[78.85,27.4156],[78.8548,27.4202],[78.8605,27.4239],[78.8623,27.4261],[78.8633,27.4307],[78.8727,27.4363],[78.8735,27.4378],[78.8734,27.4426],[78.8793,27.4519],[78.8842,27.4568],[78.883,27.4601],[78.8883,27.4684],[78.8908,27.4694],[78.8949,27.4693],[78.9064,27.4658],[78.9068,27.4644],[78.9237,27.4504],[78.9283,27.4453],[78.9361,27.45],[78.9389,27.4494],[78.9394,27.4475],[78.9371,27.445],[78.9365,27.4361],[78.9405,27.4353],[78.9399,27.4325],[78.9409,27.4302],[78.9513,27.4254],[78.958,27.4275],[78.9593,27.425],[78.9595,27.4192],[78.9649,27.4194],[78.9677,27.4206],[78.9763,27.4202],[78.9792,27.4253],[78.9886,27.429],[78.9936,27.4292],[78.9965,27.4286],[79,27.4326],[79.0016,27.4324],[79.0061,27.4298],[79.0154,27.4279],[79.0235,27.4293],[79.0576,27.4188],[79.0635,27.4171],[79.079,27.4214],[79.084,27.4218],[79.0983,27.4286],[79.1096,27.4323],[79.1128,27.4283],[79.1126,27.4221],[79.1145,27.4139],[79.1192,27.4136],[79.1168,27.4084],[79.1174,27.4058],[79.1229,27.4049],[79.1273,27.4029],[79.1355,27.396],[79.1394,27.3911],[79.142,27.3854],[79.1425,27.3806],[79.1469,27.3767],[79.1558,27.3779],[79.1674,27.3807],[79.1708,27.3794],[79.1733,27.3774],[79.1784,27.3698],[79.1839,27.3647],[79.1933,27.361],[79.1967,27.3566],[79.1973,27.345],[79.2074,27.3375],[79.2116,27.3325],[79.2163,27.329],[79.222,27.3276],[79.2293,27.3294],[79.2306,27.3279],[79.2336,27.3265],[79.2405,27.3243],[79.2502,27.329],[79.2508,27.3306]]]},"properties":{"district_name":"Mainpuri","raw_district_name":"Mainpuri","state_code":"UP","state_name":"Uttar Pradesh","census_code":148,"data_source":"DataMeet India Maps (Census 2011 Boundaries)"}},{"type":"Feature","geometry":{"type":"Polygon","coordinates":[[[77.8976,27.5838],[77.8993,27.5818],[77.8994,27.5817],[77.9085,27.5637],[77.9085,27.5612],[77.9058,27.5533],[77.9027,27.5516],[77.8987,27.5513],[77.8954,27.5475],[77.8932,27.5421],[77.8897,27.5389],[77.8817,27.5369],[77.8796,27.5338],[77.8786,27.5268],[77.8793,27.5254],[77.8794,27.5251],[77.8861,27.518],[77.8897,27.5165],[77.8949,27.5166],[77.8971,27.5156],[77.9042,27.5149],[77.9074,27.5117],[77.9077,27.5115],[77.9082,27.5079],[77.9111,27.501],[77.9112,27.5005],[77.9168,27.5006],[77.9169,27.5006],[77.9173,27.5001],[77.9179,27.4993],[77.9199,27.4974],[77.9303,27.495],[77.9348,27.4917],[77.9419,27.4848],[77.9422,27.4845],[77.9356,27.4687],[77.9222,27.4548],[77.9086,27.447],[77.9028,27.4408],[77.9052,27.4323],[77.9053,27.432],[77.9139,27.4254],[77.9275,27.427],[77.9336,27.4219],[77.9339,27.4217],[77.9344,27.413],[77.9174,27.4122],[77.9103,27.4092],[77.911,27.3906],[77.9141,27.3829],[77.9142,27.3825],[77.9187,27.3793],[77.9189,27.3791],[77.9191,27.3737],[77.9117,27.3675],[77.9026,27.3639],[77.899,27.3584],[77.899,27.3584],[77.9067,27.3479],[77.9069,27.3476],[77.9085,27.3422],[77.9034,27.3339],[77.9037,27.3233],[77.9037,27.323],[77.9123,27.3151],[77.9331,27.3014],[77.9503,27.2838],[77.9505,27.2827],[77.9475,27.2783],[77.9417,27.2753],[77.936,27.2709],[77.9333,27.267],[77.9325,27.2627],[77.9418,27.2482],[77.9421,27.2424],[77.9396,27.2371],[77.9348,27.2342],[77.9276,27.2332],[77.9225,27.2337],[77.9116,27.2383],[77.9094,27.2414],[77.9087,27.2459],[77.909,27.255],[77.9128,27.2815],[77.9105,27.2871],[77.9024,27.2916],[77.8937,27.2941],[77.8829,27.2955],[77.8733,27.2941],[77.8697,27.2906],[77.8678,27.2856],[77.8669,27.2782],[77.8691,27.2724],[77.8744,27.2698],[77.8852,27.2674],[77.8857,27.2626],[77.8839,27.2574],[77.8802,27.2522],[77.8724,27.2485],[77.8645,27.2483],[77.86,27.2517],[77.8568,27.2565],[77.8538,27.2636],[77.8558,27.2862],[77.8524,27.2885],[77.8479,27.2902],[77.8484,27.2894],[77.8474,27.2881],[77.8383,27.2819],[77.8227,27.2745],[77.8196,27.2718],[77.8148,27.2611],[77.8104,27.2593],[77.8056,27.2597],[77.804,27.259],[77.8025,27.2572],[77.7931,27.2557],[77.7907,27.2499],[77.7928,27.2424],[77.7884,27.2356],[77.7836,27.2338],[77.7806,27.2334],[77.7727,27.2368],[77.7676,27.2411],[77.7627,27.2432],[77.7443,27.2415],[77.7379,27.2418],[77.7206,27.2484],[77.7168,27.248],[77.7147,27.2461],[77.7115,27.2461],[77.7061,27.248],[77.7024,27.2502],[77.7015,27.2518],[77.6929,27.2467],[77.6869,27.2407],[77.6816,27.2379],[77.6757,27.2388],[77.6622,27.2388],[77.655,27.2409],[77.6475,27.2414],[77.6473,27.2414],[77.6427,27.2479],[77.638,27.2497],[77.6342,27.2566],[77.6317,27.2581],[77.6212,27.2546],[77.6174,27.2594],[77.615,27.267],[77.6197,27.2686],[77.6226,27.2734],[77.6178,27.2759],[77.6175,27.2822],[77.6115,27.2892],[77.6068,27.2906],[77.6001,27.2948],[77.6002,27.297],[77.6055,27.299],[77.6085,27.299],[77.6118,27.3042],[77.6173,27.3062],[77.6219,27.309],[77.624,27.3197],[77.6241,27.3288],[77.6248,27.3326],[77.6226,27.3377],[77.6189,27.3387],[77.616,27.3364],[77.6133,27.3322],[77.6014,27.3322],[77.5951,27.3295],[77.5908,27.3259],[77.5889,27.3227],[77.583,27.321],[77.5812,27.3244],[77.5762,27.3275],[77.5752,27.3279],[77.5702,27.3297],[77.5512,27.3367],[77.5488,27.3419],[77.5475,27.3474],[77.5392,27.3471],[77.5304,27.3519],[77.5178,27.3621],[77.5165,27.3671],[77.5123,27.3684],[77.5106,27.3717],[77.5057,27.3757],[77.4954,27.3799],[77.4843,27.382],[77.475,27.3786],[77.47,27.3819],[77.4517,27.3877],[77.4442,27.3911],[77.4403,27.3935],[77.438,27.3987],[77.4384,27.3994],[77.4352,27.411],[77.4335,27.4132],[77.4236,27.4197],[77.4255,27.4326],[77.4267,27.4365],[77.4292,27.4416],[77.4314,27.4438],[77.4358,27.4453],[77.4373,27.4498],[77.4381,27.4564],[77.4339,27.4591],[77.4239,27.4605],[77.4199,27.467],[77.4159,27.4707],[77.4049,27.4722],[77.4021,27.4763],[77.4008,27.4804],[77.4001,27.4879],[77.4005,27.4964],[77.3981,27.4998],[77.3918,27.5058],[77.3909,27.5109],[77.3847,27.513],[77.3697,27.5129],[77.3667,27.5138],[77.3607,27.5144],[77.3488,27.5192],[77.3436,27.5244],[77.341,27.5329],[77.344,27.5361],[77.3487,27.5411],[77.347,27.544],[77.3421,27.549],[77.3392,27.5581],[77.3398,27.563],[77.3389,27.5655],[77.3396,27.5678],[77.3416,27.5704],[77.347,27.571],[77.3521,27.5799],[77.357,27.5845],[77.3587,27.5878],[77.3438,27.5959],[77.3367,27.5904],[77.3344,27.5913],[77.3198,27.6061],[77.3218,27.6117],[77.341,27.6322],[77.351,27.6474],[77.3514,27.6516],[77.348,27.6568],[77.3459,27.6641],[77.3462,27.6702],[77.3437,27.6758],[77.3455,27.6798],[77.3453,27.6906],[77.3432,27.6939],[77.3427,27.7023],[77.3393,27.7055],[77.3332,27.7076],[77.3291,27.7071],[77.326,27.7056],[77.3172,27.7083],[77.3111,27.7076],[77.3063,27.7131],[77.3051,27.7242],[77.3194,27.7313],[77.3211,27.7331],[77.3209,27.7346],[77.3184,27.7372],[77.3148,27.7391],[77.3141,27.7436],[77.3101,27.7509],[77.3105,27.7545],[77.3116,27.7556],[77.3118,27.759],[77.3103,27.7634],[77.3103,27.7661],[77.3125,27.7704],[77.313,27.7824],[77.3099,27.7881],[77.3068,27.7923],[77.3042,27.7943],[77.2995,27.7961],[77.2882,27.7972],[77.2846,27.801],[77.2859,27.8012],[77.2882,27.8064],[77.2923,27.8104],[77.2986,27.8123],[77.2995,27.8141],[77.2978,27.8236],[77.308,27.8258],[77.3137,27.8256],[77.3152,27.8264],[77.3218,27.8245],[77.3261,27.8276],[77.331,27.8291],[77.3363,27.8321],[77.333,27.8353],[77.3382,27.8464],[77.3402,27.8471],[77.3416,27.8493],[77.3483,27.854],[77.353,27.8534],[77.3616,27.8508],[77.3738,27.855],[77.379,27.8575],[77.3829,27.8581],[77.3911,27.8575],[77.4018,27.8533],[77.4128,27.8526],[77.4214,27.8534],[77.4235,27.855],[77.4227,27.857],[77.4153,27.864],[77.4142,27.8661],[77.4136,27.8702],[77.4106,27.8763],[77.4132,27.881],[77.4162,27.8835],[77.4201,27.8894],[77.4214,27.8905],[77.4233,27.8909],[77.4313,27.8888],[77.4394,27.8832],[77.4513,27.8728],[77.4549,27.8727],[77.4676,27.8796],[77.4789,27.889],[77.4816,27.8955],[77.4838,27.9064],[77.4816,27.9135],[77.48,27.9149],[77.4798,27.9222],[77.4776,27.9262],[77.4779,27.9272],[77.4869,27.9345],[77.494,27.9382],[77.4972,27.9358],[77.4998,27.9283],[77.5015,27.9261],[77.5046,27.9251],[77.507,27.9257],[77.5151,27.9304],[77.5204,27.9317],[77.523,27.9306],[77.5284,27.9262],[77.5329,27.9208],[77.5355,27.9193],[77.5457,27.917],[77.5504,27.9144],[77.5567,27.9123],[77.5599,27.9119],[77.5643,27.9125],[77.5682,27.9148],[77.5701,27.9177],[77.5696,27.9247],[77.5713,27.9266],[77.5748,27.9283],[77.5827,27.9281],[77.5857,27.9296],[77.588,27.9332],[77.5897,27.9344],[77.5948,27.9353],[77.6046,27.9352],[77.6086,27.9371],[77.6167,27.9328],[77.6225,27.933],[77.6262,27.9358],[77.6299,27.9435],[77.6385,27.9552],[77.641,27.9604],[77.6443,27.9648],[77.6559,27.9639],[77.6609,27.9614],[77.6634,27.959],[77.6683,27.9501],[77.6734,27.9446],[77.6787,27.9416],[77.6875,27.941],[77.7023,27.9453],[77.7072,27.9449],[77.7146,27.9429],[77.7322,27.9323],[77.7373,27.9299],[77.7413,27.927],[77.7442,27.9236],[77.7486,27.9115],[77.7542,27.9066],[77.7615,27.904],[77.7653,27.9007],[77.766,27.8965],[77.7638,27.887],[77.7648,27.8824],[77.769,27.872],[77.7716,27.8691],[77.7745,27.8664],[77.778,27.8652],[77.7976,27.8615],[77.805,27.8618],[77.809,27.8606],[77.8056,27.8567],[77.7844,27.8451],[77.7838,27.8397],[77.7974,27.824],[77.8036,27.8228],[77.807,27.8233],[77.816,27.8131],[77.8163,27.8073],[77.8144,27.8015],[77.8139,27.7964],[77.8139,27.7906],[77.8157,27.7845],[77.8177,27.7786],[77.8222,27.7747],[77.827,27.7653],[77.8314,27.761],[77.8348,27.7551],[77.8342,27.7528],[77.8287,27.7517],[77.8219,27.7522],[77.8157,27.7516],[77.8101,27.7502],[77.8057,27.7478],[77.8018,27.7431],[77.7969,27.7333],[77.7966,27.729],[77.7967,27.7268],[77.7998,27.7225],[77.7999,27.7173],[77.7985,27.7133],[77.7979,27.7064],[77.8005,27.7026],[77.8001,27.6975],[77.7967,27.6914],[77.793,27.6885],[77.7941,27.6841],[77.814,27.6697],[77.8181,27.6675],[77.8206,27.6684],[77.8229,27.672],[77.8286,27.6712],[77.8313,27.6695],[77.8334,27.6619],[77.84,27.657],[77.842,27.6601],[77.8453,27.6568],[77.8509,27.6533],[77.8556,27.638],[77.8617,27.6267],[77.863,27.6226],[77.8625,27.6168],[77.8551,27.6072],[77.8549,27.6021],[77.8574,27.5974],[77.8654,27.5864],[77.8682,27.5788],[77.8698,27.5764],[77.8721,27.5753],[77.8768,27.576],[77.8803,27.5778],[77.8842,27.583],[77.8886,27.5863],[77.8915,27.587],[77.8972,27.5844],[77.8976,27.5838]]]},"properties":{"district_name":"Mathura","raw_district_name":"Mathura","state_code":"UP","state_name":"Uttar Pradesh","census_code":145,"data_source":"DataMeet India Maps (Census 2011 Boundaries)"}},{"type":"Feature","geometry":{"type":"Polygon","coordinates":[[[83.3115,25.8537],[83.3132,25.8572],[83.3155,25.8685],[83.3196,25.8805],[83.3217,25.8874],[83.3285,25.8916],[83.3324,25.8932],[83.3412,25.9017],[83.3452,25.9077],[83.3452,25.9094],[83.353,25.9118],[83.3694,25.9184],[83.3753,25.9217],[83.3753,25.9243],[83.3697,25.9296],[83.3622,25.9333],[83.3535,25.9335],[83.3439,25.9328],[83.3325,25.933],[83.3288,25.9392],[83.3243,25.9488],[83.3245,25.9575],[83.3247,25.9679],[83.3269,25.9773],[83.3387,25.9883],[83.3446,25.9934],[83.342,26.0065],[83.3318,26.0171],[83.3271,26.0224],[83.3264,26.0319],[83.3323,26.0378],[83.3402,26.0437],[83.3469,26.0445],[83.3564,26.0434],[83.3689,26.0431],[83.3813,26.042],[83.3872,26.0479],[83.3875,26.0574],[83.3877,26.0644],[83.3853,26.0817],[83.3848,26.0845],[83.3893,26.0891],[83.3937,26.0887],[83.3953,26.0935],[83.4,26.0977],[83.4065,26.0949],[83.4084,26.098],[83.408,26.1026],[83.4097,26.1098],[83.4138,26.1106],[83.4228,26.1097],[83.4167,26.1157],[83.4143,26.1209],[83.4152,26.123],[83.4178,26.1226],[83.4205,26.1261],[83.4221,26.1309],[83.4219,26.1392],[83.4167,26.1544],[83.4161,26.1601],[83.4169,26.1619],[83.4099,26.1676],[83.4137,26.1736],[83.4177,26.1752],[83.4187,26.1813],[83.4204,26.1845],[83.4299,26.1913],[83.4309,26.1995],[83.434,26.207],[83.4397,26.2145],[83.4521,26.2273],[83.4544,26.2332],[83.4664,26.2535],[83.4712,26.2582],[83.4792,26.2599],[83.4933,26.2605],[83.4983,26.2621],[83.508,26.2771],[83.5094,26.2782],[83.5344,26.2771],[83.5578,26.2618],[83.565,26.2563],[83.572,26.252],[83.579,26.2489],[83.5827,26.2515],[83.5918,26.2486],[83.6032,26.2495],[83.6065,26.2455],[83.6182,26.2454],[83.6119,26.2386],[83.6093,26.2323],[83.6186,26.2261],[83.6289,26.2178],[83.6347,26.223],[83.6417,26.2231],[83.659,26.2259],[83.6662,26.2357],[83.6706,26.2381],[83.686,26.2407],[83.6937,26.2432],[83.7028,26.2489],[83.7092,26.2541],[83.7155,26.2574],[83.7313,26.2599],[83.7418,26.2624],[83.7467,26.2619],[83.751,26.2599],[83.7506,26.2569],[83.7566,26.2531],[83.7583,26.2497],[83.7687,26.2401],[83.7814,26.2312],[83.7904,26.2295],[83.7951,26.2189],[83.7992,26.2146],[83.8014,26.2093],[83.8011,26.196],[83.8112,26.1907],[83.8127,26.1852],[83.8123,26.1813],[83.8103,26.1787],[83.8049,26.175],[83.7845,26.1644],[83.7813,26.1604],[83.7826,26.1578],[83.7898,26.1513],[83.8034,26.1435],[83.8077,26.1392],[83.8081,26.1349],[83.8061,26.1309],[83.803,26.1283],[83.7995,26.1158],[83.7956,26.1096],[83.7954,26.1078],[83.7904,26.1057],[83.7678,26.0997],[83.7645,26.1002],[83.7678,26.0939],[83.7641,26.0942],[83.7587,26.0963],[83.755,26.0966],[83.754,26.095],[83.7575,26.0894],[83.7571,26.0864],[83.7527,26.0864],[83.7471,26.0888],[83.7445,26.0887],[83.7414,26.085],[83.7375,26.0831],[83.7333,26.0845],[83.7328,26.0883],[83.7307,26.0898],[83.7266,26.0884],[83.7211,26.0891],[83.7187,26.0929],[83.7146,26.0951],[83.7104,26.0935],[83.7054,26.0901],[83.701,26.0859],[83.6938,26.0761],[83.6827,26.0753],[83.6824,26.0709],[83.6884,26.0621],[83.6898,26.0577],[83.6833,26.0542],[83.6808,26.0458],[83.6799,26.0288],[83.6774,26.0234],[83.6894,26.0095],[83.6934,26.0066],[83.696,26.0057],[83.7002,26.0067],[83.7042,26.0047],[83.706,26.0054],[83.7074,26.0095],[83.7089,26.0111],[83.7126,26.011],[83.7257,26.0064],[83.7286,26.007],[83.7326,26.0062],[83.738,26.0071],[83.7408,26.0066],[83.7439,26.0043],[83.7511,26.0026],[83.7549,26.0006],[83.7556,25.9995],[83.7606,25.9977],[83.7657,25.999],[83.7676,26.0006],[83.77,26.0013],[83.7725,26.0018],[83.7745,26.0015],[83.7766,26.0006],[83.7784,25.9943],[83.7801,25.9928],[83.7791,25.9865],[83.7781,25.9843],[83.7752,25.9827],[83.7747,25.9809],[83.7755,25.9786],[83.7776,25.9778],[83.7806,25.9799],[83.7848,25.9837],[83.7849,25.9859],[83.7873,25.9867],[83.7916,25.9853],[83.7938,25.9894],[83.7956,25.9891],[83.7976,25.9865],[83.7978,25.9838],[83.7951,25.9824],[83.7944,25.9797],[83.7907,25.9734],[83.7837,25.9481],[83.7875,25.9446],[83.7853,25.9347],[83.7866,25.9329],[83.7887,25.9322],[83.7954,25.9318],[83.7984,25.9309],[83.799,25.9277],[83.7985,25.9226],[83.7956,25.9211],[83.7932,25.9178],[83.7887,25.9142],[83.7856,25.9081],[83.7831,25.9053],[83.78,25.9054],[83.77,25.9021],[83.7678,25.8994],[83.7634,25.8977],[83.7565,25.8887],[83.751,25.8857],[83.7476,25.8822],[83.7468,25.8775],[83.747,25.8694],[83.7458,25.8671],[83.7391,25.861],[83.7326,25.8563],[83.7311,25.8572],[83.7278,25.8565],[83.7229,25.8541],[83.7206,25.8542],[83.7205,25.8573],[83.7217,25.8594],[83.7273,25.8623],[83.7278,25.8646],[83.7263,25.8665],[83.7203,25.866],[83.7038,25.8624],[83.7033,25.8656],[83.7001,25.866],[83.7002,25.8683],[83.6954,25.8689],[83.6878,25.8681],[83.6863,25.8732],[83.6797,25.8733],[83.6761,25.875],[83.6723,25.8784],[83.6684,25.8844],[83.6598,25.8911],[83.6484,25.8942],[83.6477,25.8937],[83.6438,25.8907],[83.637,25.8905],[83.6347,25.8847],[83.6339,25.8798],[83.6343,25.8662],[83.627,25.8738],[83.6196,25.8719],[83.6152,25.8797],[83.6104,25.8812],[83.6058,25.8798],[83.5967,25.8825],[83.5972,25.8782],[83.5875,25.8791],[83.5847,25.8752],[83.5776,25.8765],[83.5726,25.8721],[83.5604,25.8693],[83.5556,25.8652],[83.5527,25.8637],[83.5474,25.8633],[83.5223,25.8643],[83.5082,25.8635],[83.5023,25.8609],[83.4993,25.8567],[83.4947,25.8561],[83.4893,25.854],[83.487,25.8428],[83.4848,25.84],[83.4805,25.8374],[83.4653,25.8465],[83.4633,25.8495],[83.46,25.8495],[83.4581,25.845],[83.4495,25.8389],[83.4392,25.8396],[83.4376,25.8374],[83.4338,25.8381],[83.4293,25.8457],[83.4226,25.8429],[83.4081,25.84],[83.4083,25.8358],[83.402,25.8368],[83.3996,25.8302],[83.404,25.829],[83.4023,25.8217],[83.396,25.8224],[83.3923,25.8163],[83.3873,25.8183],[83.3814,25.8156],[83.3862,25.8122],[83.3829,25.8037],[83.3792,25.7984],[83.3755,25.7977],[83.3709,25.7978],[83.3662,25.8011],[83.3638,25.8081],[83.3533,25.8146],[83.3462,25.8141],[83.3457,25.8197],[83.3497,25.8198],[83.3524,25.8214],[83.3554,25.8204],[83.356,25.825],[83.3529,25.827],[83.3473,25.8273],[83.341,25.8293],[83.3378,25.8353],[83.3354,25.8381],[83.3295,25.8396],[83.3176,25.8386],[83.3183,25.842],[83.3227,25.8445],[83.3246,25.8473],[83.3206,25.8475],[83.3191,25.8513],[83.3154,25.8536],[83.3115,25.8537]]]},"properties":{"district_name":"Mau","raw_district_name":"Mau","state_code":"UP","state_name":"Uttar Pradesh","census_code":192,"data_source":"DataMeet India Maps (Census 2011 Boundaries)"}},{"type":"Feature","geometry":{"type":"Polygon","coordinates":[[[78.1372,29.2534],[78.1324,29.2419],[78.1316,29.2381],[78.1296,29.2357],[78.1302,29.23],[78.1276,29.2233],[78.1282,29.2215],[78.126,29.2176],[78.1274,29.2123],[78.1271,29.2054],[78.1403,29.1914],[78.1423,29.1853],[78.1427,29.18],[78.1412,29.1753],[78.1379,29.1703],[78.1359,29.1653],[78.1331,29.163],[78.1251,29.1618],[78.1193,29.1595],[78.1118,29.1481],[78.1093,29.1402],[78.1105,29.1212],[78.1115,29.1179],[78.1178,29.1109],[78.118,29.1069],[78.1161,29.0972],[78.1059,29.0834],[78.0926,29.0783],[78.0907,29.0726],[78.0872,29.0708],[78.0859,29.0693],[78.0847,29.0681],[78.0856,29.0639],[78.088,29.059],[78.0986,29.0521],[78.0984,29.0498],[78.0958,29.0457],[78.0958,29.0414],[78.0981,29.0406],[78.0983,29.0376],[78.0976,29.0346],[78.1012,29.0257],[78.0951,29.0002],[78.097,28.9839],[78.0937,28.9767],[78.0841,28.9695],[78.0783,28.9664],[78.0656,28.9556],[78.0601,28.9444],[78.0587,28.9371],[78.071,28.9147],[78.0622,28.9002],[78.0617,28.8966],[78.0637,28.8926],[78.0739,28.8853],[78.0827,28.8806],[78.0909,28.8782],[78.099,28.8784],[78.1042,28.8778],[78.109,28.8729],[78.1132,28.8656],[78.116,28.8563],[78.1084,28.8566],[78.099,28.8563],[78.0926,28.8553],[78.0892,28.8511],[78.0783,28.8517],[78.0682,28.8541],[78.0581,28.8539],[78.0429,28.861],[78.0346,28.8632],[78.0287,28.8602],[78.0218,28.8617],[78.0172,28.8591],[78.0121,28.8602],[78.0039,28.8548],[78.0053,28.85],[78,28.8493],[77.9953,28.8512],[77.9878,28.8572],[77.9851,28.8559],[77.9771,28.8562],[77.9733,28.8523],[77.9688,28.8434],[77.9619,28.8417],[77.9579,28.8452],[77.9513,28.8463],[77.9463,28.8449],[77.9355,28.8365],[77.9295,28.8392],[77.9295,28.8427],[77.9321,28.8438],[77.9314,28.846],[77.929,28.8472],[77.9299,28.8495],[77.9271,28.8548],[77.9228,28.8566],[77.9109,28.8601],[77.8972,28.8662],[77.8909,28.8644],[77.8882,28.861],[77.8892,28.8564],[77.8838,28.8567],[77.8788,28.8615],[77.8728,28.8636],[77.8685,28.862],[77.8647,28.8578],[77.8622,28.8533],[77.8641,28.8476],[77.8639,28.8403],[77.8614,28.837],[77.8612,28.8339],[77.8667,28.8304],[77.8713,28.8287],[77.8681,28.8224],[77.8701,28.8166],[77.8693,28.8088],[77.8715,28.7998],[77.8681,28.7946],[77.8542,28.8014],[77.8462,28.8025],[77.8434,28.7988],[77.8288,28.7973],[77.8242,28.7938],[77.812,28.7929],[77.8097,28.7857],[77.8039,28.7841],[77.7974,28.7869],[77.7925,28.7859],[77.7891,28.7831],[77.7837,28.7763],[77.7846,28.7737],[77.7874,28.7699],[77.7878,28.7673],[77.7858,28.7645],[77.7823,28.7613],[77.7784,28.7593],[77.7681,28.7565],[77.7659,28.7535],[77.7617,28.7481],[77.7569,28.7481],[77.7518,28.7495],[77.7468,28.7481],[77.7375,28.7419],[77.7325,28.7364],[77.7283,28.7363],[77.714,28.7403],[77.7087,28.739],[77.7035,28.7389],[77.6996,28.741],[77.6976,28.7433],[77.6952,28.7518],[77.6909,28.7579],[77.6897,28.7627],[77.6921,28.7648],[77.6933,28.7711],[77.6955,28.7753],[77.7019,28.7753],[77.71,28.7825],[77.7172,28.7875],[77.7176,28.7906],[77.7167,28.792],[77.718,28.7999],[77.7181,28.809],[77.716,28.8134],[77.7029,28.8236],[77.7067,28.8321],[77.7076,28.8368],[77.7045,28.8457],[77.7071,28.8482],[77.704,28.8541],[77.7002,28.8579],[77.6976,28.8634],[77.6966,28.8685],[77.6932,28.875],[77.687,28.8771],[77.681,28.8754],[77.6753,28.8711],[77.665,28.8683],[77.6603,28.8686],[77.6591,28.8724],[77.6595,28.8757],[77.6554,28.8788],[77.624,28.8788],[77.6188,28.8787],[77.5972,28.8746],[77.5941,28.8786],[77.591,28.8911],[77.5869,28.8928],[77.5811,28.8881],[77.5708,28.8886],[77.5637,28.8921],[77.5583,28.8958],[77.5528,28.894],[77.549,28.89],[77.5357,28.8882],[77.5307,28.8913],[77.5186,28.8943],[77.5084,28.9007],[77.4981,28.8959],[77.4925,28.8996],[77.4739,28.9038],[77.4692,28.904],[77.4618,28.9056],[77.4634,28.9124],[77.4628,28.9166],[77.4616,28.9204],[77.468,28.9253],[77.4683,28.936],[77.469,28.9444],[77.4762,28.9559],[77.4772,28.9605],[77.4737,28.9706],[77.4699,28.9799],[77.4659,28.9888],[77.4625,29.0047],[77.4624,29.0115],[77.4639,29.0185],[77.4619,29.023],[77.4519,29.0277],[77.4502,29.0318],[77.4506,29.0359],[77.4532,29.0437],[77.4544,29.0541],[77.4573,29.0611],[77.4596,29.0672],[77.4581,29.071],[77.4512,29.0738],[77.4352,29.0767],[77.4323,29.0861],[77.4336,29.0907],[77.4392,29.0954],[77.4421,29.1048],[77.4474,29.1105],[77.4473,29.1179],[77.4469,29.1211],[77.4497,29.1231],[77.4585,29.1232],[77.4622,29.1262],[77.461,29.1319],[77.4615,29.1365],[77.4653,29.1385],[77.4733,29.1373],[77.4802,29.1435],[77.4789,29.1495],[77.4798,29.1597],[77.4773,29.1699],[77.4737,29.1779],[77.477,29.1831],[77.4991,29.1794],[77.5075,29.1901],[77.5111,29.1892],[77.5148,29.1976],[77.5185,29.2012],[77.5218,29.2025],[77.5258,29.2019],[77.5323,29.2024],[77.533,29.2079],[77.5368,29.2125],[77.5433,29.2137],[77.5458,29.216],[77.5481,29.22],[77.5507,29.2226],[77.5572,29.2219],[77.5621,29.2266],[77.5716,29.2312],[77.5724,29.2337],[77.5704,29.2385],[77.5716,29.2406],[77.5772,29.2448],[77.578,29.2485],[77.5892,29.2559],[77.5909,29.2615],[77.5952,29.2602],[77.5994,29.2559],[77.6057,29.2525],[77.6127,29.252],[77.6185,29.2507],[77.6255,29.2472],[77.6278,29.2366],[77.6306,29.2308],[77.634,29.2256],[77.6404,29.2228],[77.6516,29.2222],[77.6574,29.2432],[77.6651,29.25],[77.6712,29.2499],[77.6799,29.2479],[77.6851,29.2458],[77.6844,29.2403],[77.6951,29.2338],[77.6956,29.2295],[77.6938,29.2234],[77.7011,29.2224],[77.7094,29.2201],[77.7131,29.2214],[77.7199,29.2221],[77.7363,29.2148],[77.739,29.2152],[77.7441,29.2129],[77.748,29.2148],[77.7505,29.2144],[77.7687,29.2032],[77.7843,29.1954],[77.7844,29.1927],[77.782,29.1869],[77.7815,29.183],[77.7821,29.1804],[77.7855,29.1804],[77.7907,29.1818],[77.7987,29.1807],[77.8039,29.1804],[77.8119,29.1954],[77.8163,29.196],[77.8226,29.1943],[77.8342,29.1961],[77.8416,29.1963],[77.845,29.1946],[77.8501,29.1977],[77.8525,29.1976],[77.8574,29.2037],[77.8582,29.2076],[77.8601,29.2093],[77.8632,29.2172],[77.8661,29.2211],[77.8688,29.2224],[77.8719,29.2216],[77.8765,29.2187],[77.8828,29.2138],[77.8919,29.2119],[77.9019,29.2058],[77.904,29.2062],[77.9082,29.21],[77.9117,29.212],[77.9185,29.2095],[77.9232,29.2103],[77.9266,29.2086],[77.9294,29.2098],[77.9302,29.2113],[77.9314,29.2148],[77.9319,29.22],[77.9347,29.2246],[77.939,29.2279],[77.9442,29.2305],[77.9501,29.2313],[77.9551,29.2313],[77.9632,29.2279],[77.9651,29.2293],[77.9661,29.2319],[77.9712,29.2327],[77.9782,29.2376],[77.9845,29.2353],[77.9911,29.2342],[77.9954,29.2404],[77.9978,29.2473],[77.999,29.2486],[78,29.249],[78.0225,29.2481],[78.0249,29.25],[78.0277,29.2521],[78.0372,29.2618],[78.0691,29.2612],[78.0726,29.2622],[78.0825,29.261],[78.0935,29.2562],[78.1018,29.2553],[78.1054,29.254],[78.1096,29.2513],[78.1147,29.2542],[78.1197,29.2545],[78.1372,29.2534]]]},"properties":{"district_name":"Meerut","raw_district_name":"Meerut","state_code":"UP","state_name":"Uttar Pradesh","census_code":138,"data_source":"DataMeet India Maps (Census 2011 Boundaries)"}},{"type":"Feature","geometry":{"type":"Polygon","coordinates":[[[83.0341,25.2415],[83.0342,25.2415],[83.0359,25.2417],[83.0408,25.2396],[83.0501,25.233],[83.0549,25.2316],[83.0656,25.2302],[83.0706,25.2284],[83.0722,25.2261],[83.0769,25.2108],[83.0809,25.2101],[83.0901,25.2106],[83.0934,25.2098],[83.0932,25.2054],[83.0943,25.203],[83.0995,25.2011],[83.107,25.1999],[83.1184,25.2004],[83.122,25.1999],[83.1279,25.1873],[83.1482,25.1855],[83.1626,25.1871],[83.1643,25.1863],[83.1693,25.1867],[83.1752,25.1844],[83.1814,25.179],[83.1837,25.1753],[83.1814,25.1696],[83.1784,25.1675],[83.1725,25.1662],[83.171,25.1602],[83.1716,25.1461],[83.169,25.1411],[83.1676,25.1353],[83.1637,25.1341],[83.1563,25.1339],[83.1549,25.1295],[83.1522,25.129],[83.1448,25.1272],[83.1434,25.1276],[83.1424,25.1313],[83.1408,25.1316],[83.1383,25.1306],[83.137,25.1273],[83.1314,25.126],[83.1296,25.1243],[83.1312,25.121],[83.1334,25.119],[83.1318,25.1172],[83.1313,25.1149],[83.1365,25.1126],[83.1373,25.1075],[83.1367,25.1054],[83.135,25.1033],[83.1275,25.103],[83.1239,25.1013],[83.1234,25.0941],[83.1252,25.0929],[83.1308,25.0917],[83.129,25.0774],[83.1314,25.0608],[83.1297,25.0581],[83.1226,25.0561],[83.1194,25.0561],[83.1156,25.0569],[83.1135,25.0589],[83.1034,25.0637],[83.0978,25.0647],[83.0886,25.0628],[83.0823,25.063],[83.073,25.0668],[83.0704,25.0672],[83.0675,25.0667],[83.0652,25.0652],[83.0593,25.058],[83.0607,25.0564],[83.0656,25.055],[83.0681,25.0506],[83.0687,25.0472],[83.068,25.0444],[83.0625,25.0438],[83.0627,25.0427],[83.0636,25.0395],[83.0654,25.0367],[83.0705,25.0338],[83.0724,25.0315],[83.0727,25.0292],[83.0696,25.029],[83.0683,25.028],[83.0686,25.0246],[83.0694,25.0226],[83.0743,25.0196],[83.0761,25.0144],[83.0751,25.0088],[83.0736,25.0064],[83.0691,25.0029],[83.0692,25.0002],[83.0701,24.9949],[83.0729,24.9909],[83.0757,24.9846],[83.0768,24.9789],[83.0764,24.9766],[83.0613,24.9673],[83.062,24.9531],[83.0673,24.9286],[83.0712,24.9235],[83.0757,24.9154],[83.0813,24.8996],[83.081,24.8941],[83.0785,24.8863],[83.0813,24.8779],[83.0867,24.8667],[83.0851,24.8601],[83.0892,24.8478],[83.0954,24.8368],[83.1013,24.836],[83.1083,24.8382],[83.1186,24.8401],[83.1235,24.8364],[83.1292,24.8254],[83.1261,24.8213],[83.116,24.8175],[83.1134,24.8156],[83.1078,24.8165],[83.0951,24.817],[83.089,24.8156],[83.0611,24.8001],[83.0575,24.7991],[83.0546,24.8095],[83.0544,24.8136],[83.0476,24.8148],[83.0461,24.8179],[83.033,24.8105],[83.0244,24.8094],[83.017,24.8147],[83.015,24.8225],[83.0196,24.8295],[83.0274,24.8325],[83.0307,24.8369],[83.029,24.8406],[83.0144,24.8492],[83.0126,24.8695],[83.0145,24.8759],[83.0134,24.8811],[83.0128,24.9002],[83.0106,24.9054],[83.0007,24.904],[82.9945,24.898],[82.9865,24.894],[82.9868,24.8854],[82.9803,24.8735],[82.9707,24.8618],[82.9635,24.8566],[82.9572,24.8566],[82.955,24.8376],[82.9372,24.8401],[82.9314,24.8432],[82.9306,24.8521],[82.9268,24.8564],[82.9172,24.8504],[82.9189,24.8397],[82.9142,24.8356],[82.9069,24.8345],[82.8946,24.8399],[82.8816,24.8362],[82.8757,24.837],[82.8674,24.8413],[82.8397,24.8426],[82.8314,24.8481],[82.8253,24.8544],[82.818,24.8525],[82.8086,24.8517],[82.802,24.8428],[82.7822,24.8371],[82.7676,24.8283],[82.7607,24.8261],[82.7528,24.8208],[82.7487,24.8225],[82.743,24.8199],[82.7255,24.8183],[82.7168,24.8207],[82.7072,24.8271],[82.7035,24.828],[82.7017,24.8201],[82.7031,24.8126],[82.7021,24.8088],[82.696,24.8067],[82.6826,24.7962],[82.6739,24.7936],[82.6658,24.787],[82.6592,24.7847],[82.6465,24.7877],[82.6341,24.7867],[82.6273,24.7882],[82.6328,24.8],[82.6347,24.811],[82.6345,24.8214],[82.625,24.8202],[82.621,24.812],[82.6138,24.8115],[82.5998,24.8242],[82.5917,24.8265],[82.5829,24.8303],[82.5808,24.8254],[82.5719,24.8149],[82.5475,24.8078],[82.5472,24.8011],[82.5494,24.7922],[82.5492,24.7798],[82.5545,24.7687],[82.5545,24.7571],[82.5561,24.7411],[82.5469,24.736],[82.5377,24.7359],[82.5389,24.7272],[82.538,24.7188],[82.5423,24.7128],[82.5508,24.7082],[82.55,24.6946],[82.5421,24.6887],[82.5292,24.6869],[82.5266,24.6762],[82.5172,24.6769],[82.5095,24.6762],[82.4949,24.6733],[82.4848,24.6814],[82.4722,24.6779],[82.457,24.6757],[82.453,24.6779],[82.4566,24.6884],[82.453,24.6941],[82.4405,24.704],[82.4283,24.703],[82.4155,24.6929],[82.4098,24.6815],[82.4149,24.6722],[82.4136,24.6646],[82.4199,24.6556],[82.4171,24.6473],[82.4172,24.6408],[82.4117,24.6339],[82.4118,24.6288],[82.416,24.6206],[82.4138,24.6153],[82.4227,24.6042],[82.4173,24.5957],[82.4089,24.5965],[82.4017,24.5953],[82.3938,24.5952],[82.369,24.5998],[82.362,24.6022],[82.3586,24.606],[82.3541,24.6166],[82.3432,24.6207],[82.3379,24.6215],[82.3319,24.6203],[82.3273,24.618],[82.3234,24.6131],[82.3175,24.6107],[82.3065,24.6101],[82.302,24.6115],[82.3012,24.6146],[82.3066,24.6257],[82.304,24.6339],[82.3043,24.641],[82.3028,24.6515],[82.3062,24.6542],[82.3,24.6624],[82.3046,24.6677],[82.2992,24.6685],[82.2934,24.6677],[82.2899,24.6694],[82.2867,24.6785],[82.2777,24.6795],[82.2715,24.684],[82.2665,24.6797],[82.2749,24.676],[82.2612,24.6637],[82.2577,24.6659],[82.2561,24.6732],[82.2437,24.674],[82.2424,24.6695],[82.2433,24.6635],[82.2381,24.6672],[82.237,24.6722],[82.2368,24.6883],[82.2422,24.6941],[82.2512,24.6993],[82.2486,24.7081],[82.2521,24.7139],[82.2492,24.7244],[82.2496,24.736],[82.2541,24.7382],[82.2578,24.7539],[82.2548,24.7573],[82.2519,24.7732],[82.2485,24.773],[82.2493,24.7658],[82.2466,24.7519],[82.2406,24.7557],[82.2359,24.7631],[82.2316,24.7617],[82.2291,24.7645],[82.2268,24.7625],[82.2298,24.7574],[82.231,24.7493],[82.2174,24.757],[82.2077,24.7496],[82.2104,24.7457],[82.2216,24.7417],[82.2242,24.7337],[82.2219,24.7262],[82.2166,24.7365],[82.2108,24.7383],[82.2033,24.7374],[82.1969,24.7413],[82.1811,24.737],[82.1997,24.7506],[82.2039,24.7612],[82.1988,24.767],[82.1995,24.7723],[82.1976,24.7797],[82.2023,24.7807],[82.21,24.7781],[82.2177,24.779],[82.2132,24.783],[82.2137,24.7889],[82.217,24.7952],[82.2096,24.7981],[82.2032,24.7944],[82.1968,24.7956],[82.1895,24.7983],[82.1873,24.8021],[82.1891,24.8056],[82.1995,24.8151],[82.2042,24.8219],[82.1962,24.8181],[82.1907,24.8142],[82.182,24.8116],[82.18,24.8062],[82.1711,24.8024],[82.1816,24.7984],[82.1715,24.7932],[82.1676,24.7897],[82.1548,24.7947],[82.1405,24.8019],[82.1372,24.7971],[82.1346,24.7913],[82.1204,24.7896],[82.116,24.7911],[82.1159,24.7982],[82.113,24.8029],[82.1083,24.8073],[82.1057,24.8121],[82.1017,24.819],[82.0931,24.8273],[82.0843,24.8327],[82.0985,24.8358],[82.0986,24.8405],[82.1055,24.8418],[82.1201,24.847],[82.1167,24.8541],[82.1074,24.8511],[82.1018,24.8532],[82.1036,24.8588],[82.1026,24.8612],[82.1034,24.8648],[82.1122,24.8641],[82.1128,24.8681],[82.1119,24.8755],[82.1187,24.8719],[82.1236,24.8668],[82.1311,24.8718],[82.1339,24.8749],[82.1352,24.8801],[82.1383,24.8837],[82.135,24.8957],[82.1355,24.9021],[82.1446,24.905],[82.1479,24.9012],[82.1503,24.8967],[82.1581,24.893],[82.1605,24.8898],[82.1662,24.8895],[82.169,24.8905],[82.1817,24.9026],[82.1813,24.9079],[82.1887,24.9142],[82.1932,24.9131],[82.1992,24.9157],[82.2039,24.9303],[82.2113,24.9383],[82.2258,24.9332],[82.2303,24.9357],[82.232,24.9404],[82.2312,24.9483],[82.2418,24.9635],[82.2519,24.9657],[82.2646,24.9666],[82.2681,24.9693],[82.2709,24.9767],[82.2755,24.9834],[82.2893,25.0007],[82.2893,25.002],[82.2897,25.004],[82.2902,25.0058],[82.2917,25.0075],[82.295,25.01],[82.2982,25.0132],[82.303,25.0173],[82.3052,25.0195],[82.3067,25.0217],[82.3078,25.0245],[82.3078,25.0276],[82.3071,25.0314],[82.3067,25.0345],[82.3061,25.0365],[82.3033,25.0423],[82.3022,25.0438],[82.3009,25.0449],[82.2987,25.0475],[82.2972,25.0496],[82.2968,25.0506],[82.2967,25.0516],[82.2968,25.0522],[82.2972,25.0529],[82.2981,25.0538],[82.2994,25.0542],[82.3044,25.0546],[82.3055,25.0554],[82.3063,25.0564],[82.3069,25.0579],[82.3075,25.059],[82.3092,25.0597],[82.3116,25.0601],[82.3138,25.0606],[82.3153,25.0613],[82.3162,25.0626],[82.3189,25.0666],[82.3219,25.07],[82.323,25.0714],[82.3257,25.0738],[82.3274,25.0757],[82.328,25.0769],[82.3283,25.0791],[82.3281,25.0809],[82.3271,25.0837],[82.3266,25.0855],[82.3257,25.0868],[82.324,25.0885],[82.321,25.0912],[82.318,25.0944],[82.317,25.0968],[82.3132,25.101],[82.3121,25.1021],[82.3097,25.1037],[82.3079,25.1052],[82.3063,25.1065],[82.305,25.1081],[82.3044,25.1094],[82.3039,25.1117],[82.3052,25.1172],[82.3055,25.1192],[82.3057,25.123],[82.3053,25.1258],[82.3048,25.1279],[82.3038,25.1289],[82.3024,25.13],[82.3009,25.131],[82.298,25.1328],[82.2968,25.1347],[82.2968,25.1354],[82.2975,25.1374],[82.2976,25.1396],[82.2975,25.1427],[82.2984,25.1446],[82.2995,25.1457],[82.3011,25.1482],[82.302,25.151],[82.3023,25.1536],[82.3018,25.1565],[82.3008,25.157],[82.3,25.1564],[82.2991,25.1548],[82.2983,25.1539],[82.2969,25.1524],[82.2955,25.1509],[82.2925,25.1499],[82.2911,25.1505],[82.2902,25.1517],[82.2891,25.1533],[82.2882,25.1543],[82.2872,25.1555],[82.2861,25.1566],[82.2843,25.1579],[82.2819,25.159],[82.2803,25.1593],[82.2793,25.1593],[82.2759,25.1599],[82.2733,25.1602],[82.2715,25.1611],[82.2707,25.1616],[82.2703,25.1624],[82.2699,25.1634],[82.2697,25.1646],[82.2695,25.1662],[82.2696,25.1677],[82.2695,25.1692],[82.2689,25.1718],[82.269,25.1744],[82.2689,25.1757],[82.2695,25.1795],[82.2695,25.1807],[82.269,25.1821],[82.2708,25.1816],[82.2748,25.1831],[82.2778,25.1845],[82.2794,25.1854],[82.2815,25.1863],[82.2833,25.187],[82.2854,25.1881],[82.2868,25.1892],[82.2876,25.19],[82.289,25.1915],[82.2898,25.1939],[82.289,25.197],[82.2886,25.198],[82.2881,25.1993],[82.2874,25.2003],[82.2856,25.2016],[82.2846,25.2019],[82.2817,25.2027],[82.2804,25.2031],[82.2789,25.2035],[82.2751,25.205],[82.2712,25.2064],[82.2661,25.2079],[82.2648,25.2081],[82.2631,25.2084],[82.2608,25.209],[82.2589,25.2096],[82.2572,25.2103],[82.2529,25.2119],[82.2517,25.2123],[82.2488,25.213],[82.2459,25.2141],[82.2443,25.2145],[82.2437,25.2148],[82.2426,25.2162],[82.242,25.2169],[82.2416,25.218],[82.2414,25.2193],[82.2409,25.2209],[82.2409,25.2221],[82.2411,25.2246],[82.2426,25.2313],[82.2428,25.2322],[82.2449,25.2371],[82.2451,25.2379],[82.2471,25.2404],[82.2496,25.245],[82.2504,25.2469],[82.2509,25.249],[82.2523,25.252],[82.2539,25.2548],[82.2548,25.2564],[82.2581,25.2613],[82.2587,25.2623],[82.2602,25.2645],[82.2636,25.268],[82.266,25.2694],[82.2689,25.2709],[82.2697,25.2714],[82.271,25.2719],[82.2722,25.2726],[82.273,25.2729],[82.2767,25.2737],[82.2784,25.2738],[82.2794,25.274],[82.2808,25.2744],[82.2849,25.2748],[82.2867,25.2746],[82.289,25.2744],[82.2902,25.2744],[82.2947,25.2739],[82.2976,25.273],[82.3,25.2717],[82.3014,25.2703],[82.3034,25.2689],[82.3051,25.2669],[82.3063,25.2658],[82.3078,25.2651],[82.3084,25.2648],[82.3089,25.2643],[82.3101,25.2626],[82.312,25.2611],[82.3137,25.2591],[82.3145,25.2581],[82.3156,25.2564],[82.3161,25.2551],[82.3167,25.2532],[82.318,25.25],[82.3185,25.2483],[82.3188,25.2471],[82.3194,25.2456],[82.3197,25.2444],[82.3201,25.2432],[82.3206,25.2423],[82.3219,25.2392],[82.3223,25.2379],[82.323,25.2362],[82.3234,25.2345],[82.3237,25.2311],[82.3242,25.2272],[82.3244,25.2263],[82.3245,25.2254],[82.325,25.2232],[82.3252,25.2216],[82.3273,25.2179],[82.3282,25.2166],[82.3288,25.2159],[82.331,25.2139],[82.3329,25.2126],[82.3371,25.211],[82.3396,25.2102],[82.341,25.2097],[82.3457,25.2093],[82.348,25.2092],[82.3494,25.2094],[82.3511,25.2096],[82.3539,25.2106],[82.3552,25.2112],[82.357,25.2121],[82.3585,25.2125],[82.3607,25.2141],[82.3612,25.2149],[82.3634,25.2194],[82.3644,25.2221],[82.365,25.2243],[82.3656,25.2263],[82.3663,25.229],[82.3665,25.2301],[82.3672,25.2311],[82.368,25.2332],[82.3697,25.2368],[82.3711,25.2387],[82.3714,25.2397],[82.374,25.2439],[82.3748,25.2452],[82.376,25.2469],[82.3765,25.2479],[82.3771,25.2487],[82.3796,25.2517],[82.3806,25.2527],[82.3827,25.2557],[82.3843,25.2575],[82.3849,25.258],[82.3869,25.2593],[82.3877,25.2596],[82.3888,25.2599],[82.3907,25.2612],[82.3916,25.2612],[82.3932,25.2615],[82.3944,25.2614],[82.3951,25.2615],[82.3962,25.2613],[82.4002,25.2601],[82.4016,25.2596],[82.4028,25.2587],[82.4042,25.2578],[82.4047,25.2574],[82.4069,25.2561],[82.4086,25.2544],[82.4098,25.2535],[82.4131,25.2519],[82.4144,25.2513],[82.417,25.2498],[82.4226,25.2461],[82.4271,25.2437],[82.4284,25.2429],[82.4293,25.2417],[82.4328,25.2401],[82.4349,25.2389],[82.4368,25.2373],[82.4401,25.236],[82.4444,25.2338],[82.4471,25.2325],[82.4483,25.2317],[82.4494,25.2304],[82.4498,25.2294],[82.4498,25.2288],[82.45,25.228],[82.4503,25.2265],[82.4503,25.2248],[82.4503,25.2223],[82.4504,25.2218],[82.4509,25.2206],[82.4526,25.2209],[82.4559,25.2216],[82.4566,25.2216],[82.4588,25.2218],[82.4601,25.2221],[82.4615,25.2225],[82.466,25.2228],[82.4665,25.2229],[82.4672,25.2233],[82.4686,25.2271],[82.4693,25.2284],[82.4699,25.2302],[82.4712,25.2334],[82.4725,25.237],[82.4731,25.2383],[82.4737,25.2405],[82.4755,25.2452],[82.4763,25.2468],[82.4769,25.2463],[82.479,25.2452],[82.48,25.2448],[82.4833,25.244],[82.4863,25.2434],[82.488,25.2434],[82.4899,25.2431],[82.4909,25.2429],[82.4928,25.2426],[82.4943,25.2426],[82.4959,25.2424],[82.4976,25.2424],[82.4994,25.2421],[82.502,25.2422],[82.5035,25.2424],[82.5068,25.2422],[82.5077,25.2423],[82.5117,25.2429],[82.5134,25.2429],[82.5145,25.2429],[82.5155,25.2426],[82.5171,25.2424],[82.5211,25.2414],[82.5236,25.2409],[82.5257,25.2407],[82.5268,25.2405],[82.5298,25.2399],[82.5316,25.2394],[82.5392,25.2387],[82.5402,25.2388],[82.5411,25.2391],[82.5427,25.24],[82.5436,25.2406],[82.5445,25.2409],[82.5463,25.241],[82.547,25.241],[82.5494,25.2404],[82.5513,25.24],[82.5543,25.2396],[82.5557,25.2392],[82.5571,25.2391],[82.559,25.2394],[82.5601,25.2398],[82.5618,25.2418],[82.5633,25.2431],[82.5648,25.2443],[82.5658,25.2453],[82.5667,25.2457],[82.5685,25.2461],[82.5695,25.2457],[82.5724,25.2434],[82.5742,25.2423],[82.5749,25.2423],[82.5753,25.2438],[82.5754,25.2459],[82.5755,25.247],[82.5764,25.2489],[82.5768,25.2496],[82.5783,25.2505],[82.5802,25.2509],[82.5833,25.2512],[82.5864,25.2512],[82.5886,25.2511],[82.5905,25.2507],[82.5918,25.2505],[82.5951,25.2498],[82.5964,25.2494],[82.5987,25.2486],[82.6019,25.2479],[82.6058,25.2473],[82.6107,25.2456],[82.6145,25.2451],[82.6152,25.2446],[82.6161,25.2424],[82.6143,25.2336],[82.6145,25.2316],[82.6151,25.2293],[82.6162,25.2274],[82.618,25.2259],[82.6201,25.2248],[82.6226,25.2232],[82.6273,25.2207],[82.6294,25.2198],[82.632,25.2188],[82.6339,25.2184],[82.6365,25.2184],[82.6373,25.2184],[82.6375,25.2199],[82.6373,25.2209],[82.6375,25.2219],[82.6375,25.2239],[82.638,25.2245],[82.6385,25.2268],[82.6393,25.2323],[82.6397,25.2339],[82.6398,25.2368],[82.6402,25.2383],[82.6405,25.2405],[82.6404,25.2433],[82.6406,25.2446],[82.6407,25.246],[82.6411,25.2479],[82.6413,25.2493],[82.6422,25.2531],[82.6427,25.2546],[82.6447,25.2579],[82.6469,25.2587],[82.6482,25.2589],[82.6489,25.2588],[82.6497,25.2597],[82.6511,25.2599],[82.6542,25.2608],[82.6549,25.2609],[82.6571,25.2607],[82.6593,25.2597],[82.6608,25.2588],[82.6623,25.2578],[82.6649,25.2552],[82.6656,25.2542],[82.667,25.2521],[82.6677,25.2513],[82.6688,25.2497],[82.6698,25.2487],[82.6707,25.2482],[82.672,25.2482],[82.6721,25.2482],[82.6732,25.2484],[82.6754,25.2491],[82.6764,25.2497],[82.6772,25.2505],[82.6782,25.2519],[82.6785,25.2528],[82.6789,25.2535],[82.6803,25.2567],[82.6814,25.2591],[82.6824,25.2606],[82.6837,25.2618],[82.6844,25.2621],[82.6863,25.2626],[82.6893,25.2631],[82.6905,25.2634],[82.6925,25.2632],[82.6934,25.2634],[82.6953,25.2635],[82.6971,25.2633],[82.6985,25.2632],[82.7004,25.2633],[82.7025,25.2631],[82.7044,25.2631],[82.7062,25.263],[82.7097,25.2626],[82.7107,25.2626],[82.7134,25.2618],[82.714,25.2614],[82.7141,25.2581],[82.7141,25.2575],[82.7143,25.2555],[82.7144,25.2545],[82.7151,25.2529],[82.7194,25.2529],[82.7238,25.2533],[82.7255,25.2535],[82.7267,25.2537],[82.7326,25.254],[82.7341,25.2543],[82.7353,25.2543],[82.7369,25.2541],[82.7375,25.2516],[82.7385,25.2493],[82.7391,25.2477],[82.7397,25.247],[82.7403,25.2454],[82.7427,25.2434],[82.7454,25.2417],[82.7471,25.2412],[82.7487,25.2408],[82.7504,25.2407],[82.7528,25.2406],[82.754,25.2409],[82.7559,25.2418],[82.7572,25.2427],[82.7577,25.2437],[82.7579,25.2446],[82.759,25.2476],[82.7591,25.2481],[82.7589,25.2489],[82.7592,25.2505],[82.7594,25.251],[82.7598,25.2533],[82.76,25.2545],[82.7607,25.2577],[82.761,25.2608],[82.761,25.2618],[82.7607,25.2634],[82.7613,25.266],[82.7617,25.2669],[82.7624,25.2678],[82.7638,25.2679],[82.7652,25.2678],[82.7698,25.2666],[82.7707,25.2665],[82.7712,25.2664],[82.7731,25.2664],[82.7743,25.2667],[82.775,25.2671],[82.777,25.2683],[82.7774,25.2695],[82.7775,25.2703],[82.7779,25.2711],[82.7783,25.2715],[82.78,25.2713],[82.7813,25.27],[82.7819,25.2682],[82.7818,25.2669],[82.7816,25.2663],[82.7814,25.2653],[82.7792,25.2642],[82.7754,25.2631],[82.7734,25.2624],[82.7714,25.2623],[82.7713,25.2602],[82.772,25.259],[82.7725,25.2585],[82.7729,25.2574],[82.7735,25.2579],[82.7747,25.2554],[82.7753,25.2545],[82.7768,25.2531],[82.7773,25.2523],[82.7786,25.2506],[82.7798,25.2487],[82.78,25.2477],[82.7798,25.2467],[82.7789,25.2452],[82.7782,25.2444],[82.7776,25.2432],[82.777,25.2421],[82.7761,25.2399],[82.776,25.2379],[82.7763,25.2366],[82.7766,25.2357],[82.778,25.2338],[82.7784,25.2331],[82.7793,25.232],[82.78,25.2314],[82.7807,25.2304],[82.7817,25.2297],[82.7828,25.2294],[82.7851,25.2291],[82.7873,25.2293],[82.7892,25.2295],[82.7902,25.2299],[82.7911,25.2306],[82.7915,25.2312],[82.7913,25.2325],[82.7908,25.2334],[82.7891,25.2352],[82.7878,25.237],[82.7869,25.238],[82.7861,25.2395],[82.7864,25.2422],[82.7858,25.2454],[82.7855,25.2478],[82.7859,25.2484],[82.7901,25.2507],[82.793,25.252],[82.7954,25.2526],[82.7972,25.2533],[82.7979,25.2537],[82.802,25.2548],[82.8044,25.2558],[82.8096,25.2564],[82.8111,25.2564],[82.813,25.2568],[82.8151,25.257],[82.8171,25.2572],[82.8183,25.257],[82.82,25.2563],[82.8215,25.2553],[82.8219,25.2538],[82.822,25.2526],[82.8212,25.2516],[82.8201,25.2507],[82.8186,25.2496],[82.8177,25.2488],[82.8165,25.2473],[82.8162,25.2459],[82.8147,25.2447],[82.8139,25.2445],[82.8128,25.2444],[82.8125,25.2437],[82.812,25.2411],[82.8119,25.2385],[82.8125,25.2364],[82.8128,25.2348],[82.8138,25.2344],[82.8145,25.2339],[82.8166,25.2327],[82.8169,25.232],[82.817,25.2303],[82.8167,25.2292],[82.816,25.228],[82.8153,25.2276],[82.8148,25.227],[82.8143,25.2267],[82.8136,25.2264],[82.8123,25.2257],[82.8104,25.2251],[82.8097,25.225],[82.8081,25.2245],[82.8074,25.2244],[82.8054,25.2241],[82.8051,25.223],[82.8054,25.222],[82.8062,25.2211],[82.8077,25.2199],[82.8089,25.2195],[82.8094,25.2184],[82.8102,25.2169],[82.8105,25.2162],[82.8109,25.2141],[82.8111,25.2129],[82.8118,25.2117],[82.8141,25.2111],[82.8149,25.2111],[82.8159,25.2101],[82.8165,25.2086],[82.817,25.2077],[82.8167,25.2064],[82.8157,25.2061],[82.8136,25.2061],[82.8061,25.2071],[82.8042,25.2075],[82.8018,25.2078],[82.801,25.2079],[82.7996,25.2084],[82.7966,25.2089],[82.7955,25.2092],[82.7945,25.2093],[82.7925,25.2099],[82.7878,25.2084],[82.7865,25.208],[82.7852,25.2068],[82.7843,25.2048],[82.7846,25.2039],[82.7851,25.2037],[82.7864,25.2035],[82.7873,25.2025],[82.788,25.2006],[82.7888,25.198],[82.7891,25.1973],[82.7897,25.1954],[82.79,25.1944],[82.7907,25.1935],[82.7912,25.193],[82.7948,25.1911],[82.7969,25.1908],[82.7985,25.1906],[82.8001,25.1901],[82.8012,25.1902],[82.8027,25.1899],[82.8031,25.1885],[82.8023,25.1868],[82.8012,25.1852],[82.8004,25.1847],[82.7997,25.1839],[82.7988,25.1832],[82.7972,25.1818],[82.7956,25.1802],[82.7937,25.1791],[82.7947,25.1785],[82.7963,25.1773],[82.7987,25.1757],[82.7998,25.1748],[82.8018,25.1735],[82.8038,25.1723],[82.8054,25.1725],[82.8059,25.173],[82.8071,25.1758],[82.8078,25.1769],[82.8087,25.1793],[82.809,25.1807],[82.8092,25.1811],[82.8094,25.1826],[82.8094,25.184],[82.8096,25.1867],[82.8094,25.1875],[82.8099,25.1883],[82.8112,25.188],[82.8134,25.1879],[82.815,25.1875],[82.8163,25.1873],[82.8183,25.1866],[82.8219,25.1855],[82.8234,25.1856],[82.8241,25.1855],[82.8256,25.1852],[82.8259,25.1822],[82.826,25.1808],[82.8262,25.1804],[82.8265,25.179],[82.8274,25.1773],[82.8294,25.1759],[82.832,25.1751],[82.8332,25.1748],[82.8346,25.1743],[82.835,25.174],[82.8359,25.1728],[82.8361,25.1712],[82.8367,25.1695],[82.8381,25.1678],[82.8394,25.1675],[82.8408,25.1674],[82.8459,25.167],[82.8477,25.1668],[82.8513,25.1673],[82.853,25.1676],[82.8547,25.1681],[82.8568,25.1691],[82.8587,25.1703],[82.8593,25.1709],[82.8615,25.1734],[82.8625,25.175],[82.8632,25.1761],[82.8637,25.1773],[82.8648,25.1791],[82.8661,25.1807],[82.8684,25.1846],[82.8689,25.1852],[82.8706,25.1868],[82.8719,25.1877],[82.8729,25.1882],[82.8736,25.1885],[82.875,25.1884],[82.8759,25.1897],[82.8758,25.1908],[82.8745,25.1917],[82.8722,25.192],[82.8709,25.1924],[82.8701,25.1928],[82.87,25.1934],[82.8702,25.194],[82.8699,25.1955],[82.8702,25.1964],[82.8704,25.1975],[82.8709,25.1986],[82.8716,25.1995],[82.874,25.2011],[82.8755,25.2016],[82.8769,25.2017],[82.879,25.2011],[82.8803,25.201],[82.8824,25.2005],[82.8835,25.1995],[82.8847,25.2018],[82.8858,25.2032],[82.8862,25.2039],[82.8869,25.205],[82.8883,25.2067],[82.8897,25.2079],[82.891,25.2086],[82.8917,25.2088],[82.8942,25.2088],[82.8957,25.2085],[82.8966,25.2083],[82.8971,25.2088],[82.8974,25.2095],[82.8978,25.21],[82.8983,25.2114],[82.8995,25.2139],[82.9005,25.2149],[82.9018,25.2156],[82.9026,25.2155],[82.9033,25.2145],[82.904,25.2128],[82.9043,25.2121],[82.9055,25.2119],[82.9059,25.2121],[82.91,25.213],[82.9124,25.2132],[82.9148,25.2134],[82.9163,25.2133],[82.9188,25.2131],[82.9248,25.2117],[82.9273,25.2109],[82.9298,25.21],[82.9319,25.209],[82.9335,25.2081],[82.936,25.2078],[82.9415,25.2082],[82.9451,25.2083],[82.9481,25.2082],[82.9509,25.208],[82.9534,25.2077],[82.9577,25.2076],[82.9614,25.2074],[82.9639,25.207],[82.9701,25.2064],[82.9745,25.2061],[82.978,25.2055],[82.9814,25.2051],[82.9865,25.204],[82.9906,25.2033],[82.9941,25.2031],[83,25.2024],[83.0022,25.2027],[83.0096,25.2066],[83.0127,25.2092],[83.0212,25.2187],[83.0257,25.2254],[83.032,25.2418],[83.0341,25.2415]]]},"properties":{"district_name":"Mirzapur","raw_district_name":"Mirzapur","state_code":"UP","state_name":"Uttar Pradesh","census_code":199,"data_source":"DataMeet India Maps (Census 2011 Boundaries)"}},{"type":"Feature","geometry":{"type":"Polygon","coordinates":[[[78.7707,29.2807],[78.7936,29.2652],[78.798,29.267],[78.7994,29.2593],[78.8019,29.257],[78.8049,29.2566],[78.8119,29.2519],[78.8258,29.2463],[78.8281,29.2478],[78.8349,29.2498],[78.8396,29.2519],[78.8433,29.2547],[78.8452,29.2534],[78.8461,29.2502],[78.8544,29.2483],[78.8572,29.2521],[78.8587,29.2522],[78.8626,29.2562],[78.8646,29.2553],[78.8659,29.2532],[78.8664,29.2494],[78.8699,29.2462],[78.8761,29.2435],[78.883,29.2347],[78.8856,29.2292],[78.885,29.2262],[78.8816,29.2235],[78.8821,29.2225],[78.8948,29.2193],[78.8964,29.2135],[78.8989,29.2118],[78.903,29.2104],[78.9041,29.2088],[78.9042,29.2068],[78.8997,29.2043],[78.9055,29.1988],[78.9111,29.1966],[78.9092,29.1927],[78.9063,29.1899],[78.9111,29.1846],[78.9133,29.1767],[78.9176,29.1743],[78.9177,29.1714],[78.9143,29.1685],[78.9164,29.1645],[78.9152,29.1616],[78.9176,29.1592],[78.9167,29.1571],[78.9115,29.1554],[78.9069,29.1508],[78.9078,29.1497],[78.9102,29.1488],[78.9123,29.1446],[78.9263,29.1429],[78.9327,29.1468],[78.9355,29.1511],[78.9456,29.1482],[78.9563,29.1435],[78.9608,29.1467],[78.9634,29.1537],[78.968,29.1543],[78.9727,29.1556],[78.9763,29.1458],[78.9754,29.1412],[78.9728,29.1399],[78.9688,29.1418],[78.9641,29.1451],[78.9619,29.1432],[78.9641,29.1399],[78.9668,29.1388],[78.9689,29.1303],[78.9699,29.1232],[78.9693,29.1215],[78.9654,29.1204],[78.9604,29.1169],[78.9574,29.1092],[78.9492,29.1035],[78.9511,29.1002],[78.9584,29.0957],[78.96,29.0934],[78.9596,29.092],[78.9514,29.0957],[78.9483,29.096],[78.9482,29.0919],[78.9505,29.0857],[78.9499,29.0774],[78.9423,29.0826],[78.9378,29.0822],[78.9352,29.0795],[78.9384,29.0737],[78.9432,29.0685],[78.9416,29.0643],[78.9378,29.0611],[78.9408,29.0556],[78.9402,29.0492],[78.9486,29.0372],[78.9498,29.0328],[78.9471,29.0204],[78.9441,29.0175],[78.9414,29.0131],[78.9391,29.0076],[78.9364,29.0064],[78.9346,29.007],[78.9258,29.0003],[78.9227,28.9969],[78.9136,28.9966],[78.9102,28.994],[78.9136,28.9915],[78.9041,28.9804],[78.8883,28.9843],[78.8849,28.9811],[78.8917,28.9736],[78.8841,28.9606],[78.9022,28.9485],[78.8995,28.9465],[78.9037,28.9385],[78.9022,28.9356],[78.8954,28.9354],[78.8916,28.9332],[78.8962,28.9297],[78.8944,28.9279],[78.8901,28.9278],[78.89,28.9251],[78.8902,28.9187],[78.8892,28.9041],[78.8878,28.8975],[78.891,28.8911],[78.9049,28.8889],[78.9068,28.886],[78.906,28.88],[78.9101,28.8787],[78.9125,28.8756],[78.9084,28.8717],[78.9105,28.8633],[78.917,28.8613],[78.9245,28.8563],[78.9283,28.859],[78.9327,28.8577],[78.9348,28.8545],[78.9382,28.8552],[78.944,28.8505],[78.9471,28.8499],[78.947,28.8472],[78.9444,28.8384],[78.9407,28.8368],[78.9444,28.8351],[78.9417,28.8321],[78.9515,28.8242],[78.9577,28.8211],[78.9595,28.8234],[78.9629,28.8251],[78.9683,28.8262],[78.9723,28.8253],[78.9721,28.8209],[78.9737,28.8135],[78.9688,28.8101],[78.9689,28.7983],[78.9673,28.7936],[78.9608,28.7914],[78.9547,28.7864],[78.9518,28.7815],[78.9569,28.7792],[78.961,28.7788],[78.965,28.7749],[78.9705,28.775],[78.9737,28.7729],[78.976,28.7674],[78.9757,28.7632],[78.9694,28.758],[78.9615,28.7529],[78.9528,28.7441],[78.9537,28.7386],[78.9468,28.7332],[78.9491,28.7295],[78.9468,28.7265],[78.9475,28.7214],[78.945,28.7184],[78.946,28.7129],[78.9193,28.7043],[78.9139,28.7062],[78.9055,28.7061],[78.8879,28.6945],[78.8794,28.6904],[78.8698,28.6969],[78.8634,28.6998],[78.8611,28.7068],[78.8644,28.7086],[78.8668,28.7126],[78.8651,28.7204],[78.8604,28.7256],[78.8522,28.728],[78.8487,28.7266],[78.8468,28.7242],[78.8482,28.7087],[78.8533,28.7044],[78.8386,28.6806],[78.8463,28.6724],[78.8392,28.6602],[78.8438,28.6575],[78.8565,28.6444],[78.8604,28.6433],[78.8785,28.6293],[78.8802,28.6221],[78.8839,28.6154],[78.8896,28.6122],[78.8951,28.6114],[78.8958,28.6076],[78.9051,28.6035],[78.9043,28.593],[78.9069,28.59],[78.9168,28.587],[78.9213,28.5806],[78.9185,28.5772],[78.9201,28.5745],[78.9377,28.5625],[78.9389,28.5568],[78.9395,28.5436],[78.9354,28.5447],[78.9296,28.5446],[78.9274,28.5399],[78.9287,28.5329],[78.9334,28.5287],[78.9379,28.5232],[78.9409,28.517],[78.9407,28.5129],[78.9382,28.5101],[78.9346,28.5111],[78.9318,28.5087],[78.9329,28.5045],[78.9219,28.4866],[78.9204,28.4794],[78.9105,28.4743],[78.9037,28.4787],[78.8995,28.4768],[78.8964,28.4804],[78.8913,28.4824],[78.8859,28.4741],[78.8708,28.4809],[78.8653,28.4747],[78.8582,28.4748],[78.8575,28.4716],[78.8539,28.4696],[78.8533,28.4649],[78.8493,28.4634],[78.8479,28.4575],[78.8458,28.4554],[78.841,28.4593],[78.8332,28.4536],[78.8247,28.4533],[78.8179,28.4452],[78.8054,28.4498],[78.7944,28.4386],[78.7951,28.4338],[78.7978,28.4269],[78.7879,28.416],[78.7917,28.4085],[78.7875,28.4042],[78.7822,28.4011],[78.7777,28.4061],[78.7627,28.4103],[78.7567,28.4014],[78.7668,28.3938],[78.758,28.3839],[78.758,28.3801],[78.7551,28.3764],[78.75,28.3756],[78.74,28.3772],[78.7316,28.3847],[78.7293,28.3821],[78.7186,28.3773],[78.707,28.3768],[78.7005,28.3727],[78.6961,28.3684],[78.6916,28.3563],[78.6867,28.3533],[78.6803,28.346],[78.6711,28.3477],[78.6694,28.3468],[78.665,28.3445],[78.6602,28.3468],[78.6506,28.3371],[78.6456,28.3383],[78.6388,28.3332],[78.6271,28.3402],[78.6204,28.3368],[78.6124,28.3395],[78.6118,28.3442],[78.5977,28.3512],[78.5942,28.3503],[78.5896,28.3466],[78.5789,28.3435],[78.5608,28.3567],[78.5454,28.3541],[78.535,28.3569],[78.5255,28.3578],[78.5127,28.37],[78.5075,28.3763],[78.4936,28.3803],[78.4949,28.3866],[78.4944,28.3921],[78.4964,28.3977],[78.4945,28.4149],[78.489,28.4196],[78.4846,28.4206],[78.4761,28.4286],[78.4577,28.4363],[78.4541,28.4443],[78.4582,28.4508],[78.4562,28.4552],[78.4489,28.4606],[78.4438,28.4666],[78.4193,28.4583],[78.4157,28.4613],[78.4146,28.4628],[78.4165,28.4665],[78.4214,28.4712],[78.4309,28.4803],[78.4326,28.4844],[78.4314,28.4886],[78.4316,28.4907],[78.4317,28.4929],[78.4323,28.4937],[78.4343,28.4962],[78.4342,28.5001],[78.4308,28.5042],[78.4263,28.5102],[78.4224,28.5162],[78.4219,28.5184],[78.4244,28.5221],[78.4274,28.5245],[78.4311,28.5273],[78.4344,28.5312],[78.4357,28.533],[78.4364,28.5368],[78.4363,28.5402],[78.4331,28.5456],[78.4306,28.5491],[78.4298,28.5517],[78.4301,28.5531],[78.431,28.557],[78.4337,28.5614],[78.4338,28.563],[78.434,28.5651],[78.4307,28.5687],[78.4304,28.5721],[78.4317,28.5773],[78.4346,28.5823],[78.4397,28.5896],[78.4409,28.5945],[78.4408,28.601],[78.4383,28.6062],[78.431,28.6105],[78.4248,28.6153],[78.4225,28.6195],[78.4157,28.6585],[78.4208,28.6623],[78.4254,28.6618],[78.4303,28.6604],[78.4338,28.6607],[78.4369,28.663],[78.4385,28.6676],[78.4372,28.6711],[78.4367,28.6762],[78.4379,28.679],[78.4399,28.6819],[78.4396,28.6846],[78.4377,28.687],[78.4266,28.6942],[78.4217,28.7002],[78.4203,28.7089],[78.429,28.7221],[78.4289,28.7274],[78.4279,28.7301],[78.425,28.7331],[78.4217,28.7372],[78.4195,28.7399],[78.419,28.7451],[78.4204,28.7491],[78.4235,28.7513],[78.4298,28.7533],[78.4336,28.7546],[78.4355,28.7561],[78.4362,28.7596],[78.4359,28.7612],[78.435,28.7648],[78.4332,28.7678],[78.4314,28.7719],[78.4307,28.7752],[78.4288,28.778],[78.4206,28.7824],[78.4205,28.7849],[78.4239,28.788],[78.4274,28.7893],[78.4315,28.7921],[78.4329,28.7941],[78.4367,28.7959],[78.4402,28.7963],[78.4445,28.7936],[78.4498,28.7925],[78.4532,28.7923],[78.4549,28.7911],[78.4572,28.7895],[78.4601,28.7838],[78.4648,28.7823],[78.4703,28.784],[78.4731,28.7862],[78.4772,28.786],[78.4805,28.7833],[78.4821,28.7811],[78.4844,28.7781],[78.4876,28.7775],[78.4911,28.7779],[78.4966,28.7814],[78.4984,28.7814],[78.5015,28.7806],[78.5041,28.7783],[78.5069,28.7757],[78.5109,28.7736],[78.5143,28.7737],[78.5177,28.7765],[78.5192,28.7788],[78.5218,28.7801],[78.5247,28.7797],[78.5286,28.7761],[78.5343,28.7753],[78.5367,28.7785],[78.5369,28.7812],[78.535,28.7864],[78.537,28.7883],[78.5461,28.7896],[78.554,28.7901],[78.5553,28.7917],[78.5553,28.7941],[78.5583,28.7969],[78.565,28.7961],[78.5826,28.7965],[78.5864,28.8009],[78.5864,28.811],[78.5912,28.8126],[78.5994,28.8128],[78.6056,28.8132],[78.6091,28.8154],[78.6179,28.8273],[78.6224,28.8314],[78.6263,28.8339],[78.6304,28.8346],[78.6382,28.8332],[78.6479,28.8334],[78.6527,28.8365],[78.6543,28.8399],[78.6543,28.843],[78.6479,28.8488],[78.6474,28.8522],[78.6534,28.8582],[78.6536,28.8609],[78.6518,28.8627],[78.6443,28.8705],[78.6397,28.875],[78.6368,28.8805],[78.6367,28.8851],[78.6379,28.8895],[78.6368,28.8922],[78.6298,28.897],[78.6296,28.9001],[78.6309,28.9057],[78.6315,28.9119],[78.6302,28.9227],[78.6262,28.926],[78.6196,28.9288],[78.6136,28.9288],[78.6073,28.9272],[78.6014,28.9277],[78.5967,28.931],[78.5855,28.9419],[78.581,28.944],[78.5579,28.9414],[78.5537,28.9383],[78.5542,28.9318],[78.5519,28.9295],[78.5473,28.9286],[78.5403,28.9296],[78.5349,28.9348],[78.5301,28.9421],[78.5283,28.9455],[78.5271,28.9505],[78.5291,28.9552],[78.5343,28.9599],[78.5396,28.965],[78.5422,28.9696],[78.5303,28.982],[78.5319,28.9861],[78.5417,28.9905],[78.5439,28.9907],[78.5494,28.9913],[78.5557,28.9958],[78.5697,29.0099],[78.572,29.0171],[78.5712,29.0194],[78.5674,29.0231],[78.5605,29.0272],[78.5557,29.0317],[78.5552,29.0367],[78.5573,29.0417],[78.5507,29.0502],[78.5423,29.0559],[78.5336,29.0615],[78.5296,29.0648],[78.5273,29.0671],[78.5252,29.0698],[78.5326,29.0789],[78.5353,29.08],[78.5438,29.0798],[78.5493,29.0789],[78.5503,29.0768],[78.554,29.077],[78.5598,29.0752],[78.5663,29.0809],[78.5715,29.081],[78.5731,29.0829],[78.5774,29.083],[78.5764,29.0893],[78.5801,29.0892],[78.5875,29.0864],[78.5906,29.0872],[78.602,29.0844],[78.6068,29.0906],[78.6103,29.0929],[78.6165,29.0917],[78.6211,29.0971],[78.6274,29.1014],[78.6224,29.1074],[78.6195,29.112],[78.6213,29.1153],[78.6344,29.1231],[78.6361,29.1258],[78.6374,29.1265],[78.641,29.125],[78.6472,29.1265],[78.6552,29.1332],[78.6597,29.1395],[78.6643,29.1438],[78.6652,29.1538],[78.661,29.1518],[78.6542,29.1524],[78.6428,29.1566],[78.6386,29.1612],[78.6458,29.1698],[78.6505,29.1735],[78.6529,29.1735],[78.6618,29.1667],[78.6651,29.1689],[78.6697,29.1733],[78.6699,29.178],[78.6639,29.1797],[78.6617,29.1787],[78.6605,29.1811],[78.661,29.1845],[78.6655,29.1915],[78.6703,29.1932],[78.6738,29.1974],[78.6815,29.1986],[78.6851,29.2038],[78.6904,29.2031],[78.6915,29.2006],[78.6975,29.2035],[78.7025,29.2071],[78.7041,29.2123],[78.7016,29.2153],[78.7033,29.2165],[78.6998,29.2178],[78.6947,29.2123],[78.6891,29.2087],[78.6815,29.2066],[78.6791,29.2088],[78.6849,29.2169],[78.6863,29.2203],[78.6829,29.2237],[78.6801,29.2263],[78.6823,29.23],[78.6921,29.2372],[78.6987,29.2472],[78.698,29.2496],[78.6947,29.2531],[78.6967,29.2564],[78.7001,29.259],[78.7058,29.2612],[78.707,29.2672],[78.7086,29.268],[78.7118,29.2672],[78.7167,29.2684],[78.7231,29.2675],[78.7248,29.2699],[78.7276,29.2716],[78.729,29.2741],[78.7315,29.2749],[78.7319,29.2765],[78.7343,29.276],[78.7393,29.2771],[78.7469,29.2765],[78.7513,29.2793],[78.7539,29.2826],[78.7621,29.2788],[78.765,29.2787],[78.7672,29.2803],[78.7707,29.2807]]]},"properties":{"district_name":"Moradabad","raw_district_name":"Moradabad","state_code":"UP","state_name":"Uttar Pradesh","census_code":135,"data_source":"DataMeet India Maps (Census 2011 Boundaries)"}},{"type":"Feature","geometry":{"type":"Polygon","coordinates":[[[78,29.5402],[77.9972,29.5394],[77.9959,29.5378],[77.9944,29.5237],[77.9939,29.5079],[77.9935,29.4933],[77.9952,29.4854],[77.9964,29.4818],[78,29.4756],[78.004,29.4739],[78.0076,29.4689],[78.009,29.4683],[78.0176,29.4703],[78.0191,29.4695],[78.0208,29.467],[78.0207,29.4647],[78.017,29.4621],[78.0293,29.4528],[78.0323,29.4479],[78.0342,29.435],[78.0378,29.4299],[78.0445,29.425],[78.0495,29.4192],[78.054,29.4121],[78.0566,29.4112],[78.0625,29.4111],[78.0642,29.4084],[78.0657,29.4039],[78.0653,29.4019],[78.0517,29.3925],[78.0489,29.3889],[78.0509,29.3828],[78.0511,29.3773],[78.0617,29.3704],[78.0654,29.3613],[78.0682,29.3591],[78.08,29.359],[78.0834,29.3578],[78.0852,29.3558],[78.0883,29.341],[78.0916,29.3373],[78.0949,29.3358],[78.1005,29.3316],[78.1052,29.3267],[78.1098,29.3237],[78.112,29.3184],[78.1131,29.3107],[78.119,29.2989],[78.1215,29.2884],[78.1276,29.2815],[78.1348,29.2658],[78.137,29.2604],[78.1372,29.2534],[78.1197,29.2545],[78.1147,29.2542],[78.1096,29.2513],[78.1054,29.254],[78.1018,29.2553],[78.0935,29.2562],[78.0825,29.261],[78.0726,29.2622],[78.0691,29.2612],[78.0372,29.2618],[78.0277,29.2521],[78.0249,29.25],[78.0225,29.2481],[78,29.249],[77.999,29.2486],[77.9978,29.2473],[77.9954,29.2404],[77.9911,29.2342],[77.9845,29.2353],[77.9782,29.2376],[77.9712,29.2327],[77.9661,29.2319],[77.9651,29.2293],[77.9632,29.2279],[77.9551,29.2313],[77.9501,29.2313],[77.9442,29.2305],[77.939,29.2279],[77.9347,29.2246],[77.9319,29.22],[77.9314,29.2148],[77.9302,29.2113],[77.9294,29.2098],[77.9266,29.2086],[77.9232,29.2103],[77.9185,29.2095],[77.9117,29.212],[77.9082,29.21],[77.904,29.2062],[77.9019,29.2058],[77.8919,29.2119],[77.8828,29.2138],[77.8765,29.2187],[77.8719,29.2216],[77.8688,29.2224],[77.8661,29.2211],[77.8632,29.2172],[77.8601,29.2093],[77.8582,29.2076],[77.8574,29.2037],[77.8525,29.1976],[77.8501,29.1977],[77.845,29.1946],[77.8416,29.1963],[77.8342,29.1961],[77.8226,29.1943],[77.8163,29.196],[77.8119,29.1954],[77.8039,29.1804],[77.7987,29.1807],[77.7907,29.1818],[77.7855,29.1804],[77.7821,29.1804],[77.7815,29.183],[77.782,29.1869],[77.7844,29.1927],[77.7843,29.1954],[77.7687,29.2032],[77.7505,29.2144],[77.748,29.2148],[77.7441,29.2129],[77.739,29.2152],[77.7363,29.2148],[77.7199,29.2221],[77.7131,29.2214],[77.7094,29.2201],[77.7011,29.2224],[77.6938,29.2234],[77.6956,29.2295],[77.6951,29.2338],[77.6844,29.2403],[77.6851,29.2458],[77.6799,29.2479],[77.6712,29.2499],[77.6651,29.25],[77.6574,29.2432],[77.6516,29.2222],[77.6404,29.2228],[77.634,29.2256],[77.6306,29.2308],[77.6278,29.2366],[77.6255,29.2472],[77.6185,29.2507],[77.6127,29.252],[77.6057,29.2525],[77.5994,29.2559],[77.5952,29.2602],[77.5909,29.2615],[77.5892,29.2559],[77.578,29.2485],[77.5772,29.2448],[77.5716,29.2406],[77.5704,29.2385],[77.5724,29.2337],[77.5716,29.2312],[77.5621,29.2266],[77.5572,29.2219],[77.5507,29.2226],[77.5481,29.22],[77.5458,29.216],[77.5433,29.2137],[77.5368,29.2125],[77.533,29.2079],[77.5323,29.2024],[77.5258,29.2019],[77.5218,29.2025],[77.5185,29.2012],[77.5148,29.1976],[77.5111,29.1892],[77.5075,29.1901],[77.4972,29.1981],[77.4937,29.1989],[77.4875,29.1961],[77.4856,29.1998],[77.4827,29.203],[77.4752,29.2073],[77.4735,29.2117],[77.4634,29.2196],[77.4615,29.2237],[77.462,29.2256],[77.4604,29.2273],[77.4569,29.2258],[77.45,29.2252],[77.4432,29.2262],[77.4364,29.2308],[77.4289,29.2315],[77.4233,29.2373],[77.4107,29.2451],[77.4034,29.2459],[77.3963,29.2481],[77.3915,29.2481],[77.3891,29.2468],[77.3861,29.2423],[77.384,29.2371],[77.3825,29.2359],[77.3715,29.2388],[77.3644,29.2397],[77.3552,29.2393],[77.3323,29.2482],[77.3248,29.2539],[77.3228,29.2558],[77.3156,29.2593],[77.3095,29.261],[77.3063,29.2605],[77.2984,29.2574],[77.2926,29.26],[77.2861,29.265],[77.2823,29.2667],[77.2703,29.2646],[77.2657,29.2663],[77.2595,29.2669],[77.2563,29.2685],[77.2553,29.2712],[77.2553,29.2764],[77.2541,29.2786],[77.2464,29.28],[77.2397,29.2801],[77.2241,29.2767],[77.207,29.2742],[77.1993,29.2755],[77.1872,29.28],[77.1876,29.2836],[77.1866,29.2874],[77.1824,29.2905],[77.1604,29.294],[77.1533,29.2964],[77.1652,29.3118],[77.1646,29.3172],[77.1621,29.3204],[77.1611,29.3266],[77.165,29.3304],[77.1629,29.3342],[77.1575,29.34],[77.1386,29.3393],[77.1348,29.3399],[77.1311,29.3447],[77.1286,29.3521],[77.1299,29.3569],[77.1278,29.3675],[77.128,29.3716],[77.1316,29.3737],[77.1422,29.3756],[77.1498,29.3788],[77.1579,29.3847],[77.1571,29.3874],[77.1512,29.3897],[77.1446,29.3934],[77.1402,29.3974],[77.137,29.4056],[77.136,29.4171],[77.147,29.4272],[77.1497,29.4318],[77.1506,29.4371],[77.149,29.4416],[77.1432,29.4455],[77.1354,29.4479],[77.1346,29.4483],[77.1291,29.4515],[77.1255,29.4569],[77.1253,29.4653],[77.1267,29.4704],[77.1317,29.4751],[77.1346,29.4811],[77.1312,29.4923],[77.1258,29.4982],[77.1147,29.5046],[77.1089,29.5071],[77.0978,29.5233],[77.0962,29.5286],[77.0976,29.5346],[77.1008,29.5397],[77.1067,29.5427],[77.1158,29.544],[77.1211,29.548],[77.1182,29.5614],[77.1134,29.5721],[77.1052,29.5823],[77.1013,29.5855],[77.0983,29.5916],[77.0971,29.5959],[77.1037,29.6038],[77.1054,29.6081],[77.106,29.6129],[77.112,29.6174],[77.1131,29.62],[77.1126,29.6282],[77.1164,29.6307],[77.1194,29.6351],[77.1212,29.6423],[77.1334,29.6486],[77.141,29.6537],[77.1429,29.6581],[77.1427,29.6614],[77.1316,29.6754],[77.1308,29.681],[77.1327,29.6867],[77.1372,29.692],[77.1438,29.6946],[77.1481,29.6898],[77.1555,29.6868],[77.1616,29.6905],[77.1675,29.6892],[77.1741,29.6859],[77.1825,29.6828],[77.1925,29.682],[77.2027,29.6796],[77.2054,29.6858],[77.2087,29.6862],[77.2161,29.6897],[77.2205,29.6922],[77.223,29.6955],[77.2309,29.6881],[77.2347,29.6869],[77.2572,29.673],[77.2594,29.6747],[77.2651,29.6723],[77.2697,29.6694],[77.2725,29.6664],[77.2788,29.6645],[77.2816,29.665],[77.2823,29.6699],[77.2855,29.6739],[77.2878,29.6736],[77.2907,29.6717],[77.2999,29.6707],[77.3039,29.6688],[77.3049,29.6648],[77.3107,29.6601],[77.3257,29.6547],[77.3307,29.6517],[77.3336,29.6483],[77.3385,29.6457],[77.3417,29.6451],[77.3477,29.6503],[77.3563,29.6486],[77.3591,29.652],[77.3644,29.6504],[77.3671,29.6542],[77.3742,29.6528],[77.3786,29.6497],[77.3837,29.6475],[77.3906,29.6463],[77.3949,29.6487],[77.4025,29.6545],[77.4051,29.6528],[77.4099,29.6518],[77.4136,29.6553],[77.4173,29.6574],[77.4277,29.6512],[77.4328,29.6496],[77.4378,29.6544],[77.4406,29.6588],[77.4409,29.6638],[77.4429,29.6675],[77.4463,29.6697],[77.4534,29.6711],[77.4593,29.6686],[77.4716,29.657],[77.4765,29.6557],[77.4861,29.6554],[77.4874,29.6523],[77.4857,29.6488],[77.4862,29.6463],[77.4908,29.642],[77.4888,29.6325],[77.4942,29.6287],[77.501,29.6254],[77.5085,29.6239],[77.5126,29.6246],[77.5158,29.6275],[77.5209,29.6228],[77.5265,29.62],[77.5334,29.6202],[77.5324,29.6293],[77.5387,29.6335],[77.5461,29.6322],[77.5536,29.6272],[77.5683,29.6264],[77.5917,29.6209],[77.6004,29.6225],[77.6156,29.6159],[77.625,29.613],[77.6271,29.6057],[77.6297,29.6021],[77.6335,29.6006],[77.6504,29.5886],[77.65,29.5797],[77.6512,29.5735],[77.6535,29.5672],[77.6577,29.5615],[77.6617,29.5611],[77.6665,29.5741],[77.6718,29.5788],[77.6856,29.5957],[77.6968,29.6144],[77.7191,29.6085],[77.7224,29.6113],[77.7233,29.6167],[77.7273,29.6171],[77.7303,29.6124],[77.7353,29.6105],[77.7442,29.6038],[77.7479,29.6072],[77.7587,29.6124],[77.7651,29.6211],[77.7734,29.6242],[77.7775,29.6288],[77.7828,29.6323],[77.791,29.6287],[77.7959,29.6369],[77.8138,29.656],[77.8231,29.667],[77.8334,29.6635],[77.8411,29.6639],[77.8463,29.6664],[77.8505,29.67],[77.8528,29.6739],[77.8551,29.6758],[77.8592,29.6752],[77.8608,29.6787],[77.8662,29.6834],[77.8706,29.6826],[77.8784,29.6879],[77.882,29.6885],[77.8822,29.6933],[77.886,29.6965],[77.8894,29.6949],[77.8944,29.6945],[77.899,29.6952],[77.9121,29.6923],[77.9224,29.6934],[77.917,29.6971],[77.9185,29.6986],[77.9206,29.6974],[77.9217,29.6983],[77.9202,29.6998],[77.9218,29.7009],[77.9229,29.7],[77.9284,29.7062],[77.9324,29.7083],[77.9371,29.7071],[77.9394,29.7091],[77.9427,29.7075],[77.9489,29.7084],[77.9512,29.7092],[77.9531,29.7091],[77.9547,29.7069],[77.9616,29.7021],[77.9642,29.6998],[77.9584,29.6982],[77.9545,29.6965],[77.9534,29.6945],[77.9558,29.6912],[77.9585,29.6899],[77.9555,29.6881],[77.9553,29.6861],[77.9571,29.6859],[77.956,29.6839],[77.9569,29.6838],[77.9576,29.6817],[77.9594,29.6815],[77.964,29.6801],[77.9663,29.6758],[77.9689,29.6735],[77.9705,29.6713],[77.9737,29.6669],[77.9744,29.6647],[77.9754,29.6646],[77.9814,29.6683],[77.9834,29.6702],[77.9844,29.6701],[77.9842,29.6691],[77.985,29.667],[77.9838,29.665],[77.9827,29.663],[77.9815,29.661],[77.9813,29.659],[77.9811,29.6569],[77.98,29.656],[77.9789,29.654],[77.9775,29.6499],[77.9796,29.6435],[77.9838,29.639],[77.9866,29.6388],[77.9875,29.6387],[77.9892,29.6365],[77.9869,29.6325],[77.9853,29.6264],[77.9856,29.6212],[77.987,29.6169],[77.9875,29.6127],[77.9889,29.6085],[77.9867,29.6055],[77.9823,29.6079],[77.9784,29.6062],[77.9745,29.6044],[77.9719,29.6067],[77.9703,29.6089],[77.9678,29.6112],[77.9639,29.6105],[77.9618,29.6075],[77.9625,29.6054],[77.9631,29.6022],[77.9645,29.5979],[77.9653,29.5968],[77.963,29.5929],[77.9608,29.5899],[77.9606,29.5879],[77.9604,29.5858],[77.9593,29.5849],[77.9603,29.5848],[77.9619,29.5826],[77.9636,29.5814],[77.9652,29.5791],[77.968,29.5789],[77.9719,29.5806],[77.9738,29.5805],[77.9754,29.5782],[77.9784,29.5789],[77.9794,29.5801],[77.9816,29.5796],[77.9847,29.5776],[77.985,29.5777],[77.9891,29.5777],[77.9909,29.5798],[77.9931,29.5822],[77.9944,29.5834],[77.9958,29.5825],[77.9966,29.5789],[77.9961,29.5743],[77.9928,29.5632],[77.9908,29.5626],[77.9888,29.5582],[77.9891,29.5525],[77.9909,29.5485],[78,29.5402]]]},"properties":{"district_name":"Muzaffarnagar","raw_district_name":"Muzaffarnagar","state_code":"UP","state_name":"Uttar Pradesh","census_code":133,"data_source":"DataMeet India Maps (Census 2011 Boundaries)"}},{"type":"Feature","geometry":{"type":"Polygon","coordinates":[[[80.0703,28.8292],[80.0757,28.8259],[80.0815,28.8239],[80.0822,28.8236],[80.0893,28.824],[80.1006,28.8235],[80.107,28.8239],[80.1116,28.8253],[80.119,28.8259],[80.1236,28.825],[80.1334,28.8221],[80.1339,28.8215],[80.1344,28.8212],[80.1349,28.8199],[80.1387,28.8176],[80.1403,28.8166],[80.145,28.8132],[80.1452,28.8126],[80.1514,28.8073],[80.1514,28.8064],[80.155,28.8039],[80.155,28.803],[80.157,28.8012],[80.1647,28.7953],[80.1647,28.7944],[80.1654,28.7939],[80.1662,28.7937],[80.1665,28.7931],[80.1671,28.7927],[80.1679,28.7924],[80.1722,28.789],[80.1722,28.7881],[80.1727,28.7874],[80.175,28.7858],[80.1753,28.7847],[80.1812,28.7813],[80.1853,28.7781],[80.1855,28.7774],[80.1984,28.7674],[80.1994,28.7665],[80.2107,28.7599],[80.2151,28.7581],[80.223,28.7559],[80.2243,28.7556],[80.2294,28.7559],[80.2476,28.7582],[80.2545,28.7568],[80.2622,28.7534],[80.2663,28.7504],[80.2665,28.7498],[80.2683,28.7485],[80.2688,28.7473],[80.2693,28.7471],[80.2702,28.7437],[80.2707,28.7435],[80.2683,28.7353],[80.2675,28.7342],[80.2653,28.7295],[80.264,28.7286],[80.264,28.7279],[80.2621,28.7259],[80.2622,28.7247],[80.2632,28.7242],[80.2658,28.7229],[80.2707,28.7195],[80.2728,28.718],[80.2748,28.7123],[80.2789,28.71],[80.2797,28.7096],[80.2822,28.7089],[80.2935,28.7082],[80.3004,28.7069],[80.32,28.6983],[80.3213,28.6973],[80.3229,28.6965],[80.3238,28.695],[80.3246,28.6913],[80.3241,28.6891],[80.3235,28.6882],[80.3242,28.685],[80.3248,28.6848],[80.3264,28.6785],[80.3283,28.6756],[80.3285,28.6744],[80.305,28.6411],[80.3026,28.632],[80.3018,28.6233],[80.3037,28.6165],[80.3119,28.6142],[80.3243,28.6149],[80.3311,28.6133],[80.3393,28.6093],[80.3498,28.6011],[80.3546,28.5927],[80.3592,28.5914],[80.3717,28.5949],[80.3757,28.5949],[80.3809,28.5921],[80.3794,28.5883],[80.3752,28.5846],[80.3771,28.5784],[80.3834,28.574],[80.3855,28.5659],[80.3854,28.5628],[80.3871,28.559],[80.3917,28.5556],[80.3956,28.5515],[80.4017,28.5433],[80.4042,28.5375],[80.4084,28.5335],[80.4122,28.5287],[80.4137,28.5248],[80.417,28.5212],[80.4296,28.518],[80.4342,28.5153],[80.4351,28.5109],[80.4335,28.5026],[80.4301,28.4992],[80.4288,28.4956],[80.4272,28.4937],[80.4226,28.491],[80.4211,28.4854],[80.4186,28.4807],[80.4136,28.4807],[80.4109,28.4816],[80.4066,28.4793],[80.4006,28.4781],[80.3963,28.478],[80.3918,28.4788],[80.3889,28.4737],[80.3763,28.4598],[80.3629,28.4631],[80.3586,28.4611],[80.3413,28.4754],[80.3287,28.4785],[80.324,28.4811],[80.3225,28.4805],[80.321,28.4777],[80.3109,28.4667],[80.301,28.4533],[80.2867,28.4559],[80.266,28.457],[80.2463,28.4549],[80.242,28.4527],[80.2399,28.4499],[80.2394,28.4439],[80.2416,28.4406],[80.2451,28.4373],[80.2453,28.4297],[80.247,28.4262],[80.2514,28.4221],[80.2529,28.4126],[80.2518,28.4081],[80.2433,28.3965],[80.2389,28.3918],[80.2341,28.3832],[80.2193,28.3862],[80.2141,28.3861],[80.2093,28.3852],[80.2046,28.3808],[80.2028,28.3768],[80.2032,28.3667],[80.2049,28.3612],[80.2045,28.3587],[80.2019,28.3562],[80.2015,28.3512],[80.1884,28.3449],[80.186,28.3447],[80.1862,28.347],[80.1848,28.349],[80.1828,28.3501],[80.1743,28.351],[80.1717,28.3523],[80.1714,28.3585],[80.1687,28.3607],[80.1685,28.3669],[80.1672,28.3698],[80.1633,28.3717],[80.1627,28.3748],[80.1564,28.381],[80.1493,28.3854],[80.1444,28.3869],[80.129,28.3876],[80.1262,28.383],[80.1078,28.3834],[80.1028,28.3822],[80.1001,28.3803],[80.0992,28.3772],[80.1031,28.3727],[80.0996,28.3665],[80.0976,28.3641],[80.0954,28.363],[80.0905,28.3635],[80.0724,28.3322],[80.066,28.3357],[80.0596,28.3479],[80.0562,28.3495],[80.0513,28.3502],[80.0448,28.3531],[80.0368,28.3555],[80.0251,28.3583],[80.0144,28.3622],[80.0149,28.3583],[80.0079,28.3446],[80,28.3414],[79.998,28.3402],[79.9947,28.3382],[79.9917,28.3371],[79.9878,28.336],[79.9823,28.3349],[79.9796,28.3345],[79.9761,28.334],[79.9723,28.3336],[79.9663,28.3331],[79.9574,28.3313],[79.9545,28.3295],[79.9529,28.3282],[79.9482,28.3225],[79.9459,28.3182],[79.9446,28.3155],[79.9428,28.3132],[79.9419,28.3109],[79.942,28.3061],[79.943,28.3046],[79.9457,28.3005],[79.9474,28.2981],[79.95,28.2805],[79.9499,28.2738],[79.9507,28.2674],[79.9529,28.2613],[79.9542,28.2566],[79.956,28.2462],[79.9552,28.2412],[79.9558,28.2325],[79.9568,28.2262],[79.9582,28.2189],[79.9585,28.215],[79.9574,28.1967],[79.9567,28.1914],[79.9581,28.188],[79.9599,28.1862],[79.9622,28.1826],[79.9625,28.1799],[79.9645,28.1723],[79.9652,28.1676],[79.9645,28.164],[79.9641,28.1601],[79.9644,28.1545],[79.9649,28.151],[79.9653,28.1465],[79.9651,28.1426],[79.9639,28.1404],[79.9607,28.1345],[79.9574,28.1269],[79.9583,28.121],[79.9583,28.1187],[79.9555,28.1169],[79.9515,28.117],[79.9458,28.1174],[79.9434,28.1164],[79.94,28.1151],[79.9373,28.1159],[79.9357,28.1186],[79.9347,28.1206],[79.9331,28.1244],[79.9254,28.1265],[79.9214,28.1287],[79.9193,28.1308],[79.9165,28.1334],[79.9093,28.1381],[79.9067,28.1401],[79.9006,28.1408],[79.8976,28.1398],[79.8878,28.1375],[79.8821,28.1346],[79.8802,28.1327],[79.8781,28.1301],[79.8628,28.1381],[79.8638,28.1418],[79.8651,28.1463],[79.8631,28.1478],[79.8636,28.1513],[79.8657,28.1545],[79.8681,28.1559],[79.8703,28.1554],[79.8727,28.1544],[79.8755,28.1525],[79.8808,28.1511],[79.8817,28.1534],[79.8759,28.155],[79.8812,28.1615],[79.8848,28.1666],[79.8847,28.1682],[79.8874,28.1779],[79.8846,28.1823],[79.8798,28.1822],[79.877,28.1841],[79.8751,28.1836],[79.8721,28.1866],[79.8697,28.1873],[79.8639,28.1884],[79.8662,28.1936],[79.8678,28.196],[79.8578,28.2012],[79.8538,28.2],[79.8499,28.2004],[79.8465,28.2031],[79.8437,28.2051],[79.8421,28.2069],[79.8404,28.2086],[79.8408,28.2112],[79.8424,28.2157],[79.8439,28.22],[79.8446,28.2244],[79.8448,28.2278],[79.8444,28.2306],[79.8415,28.2334],[79.8315,28.2394],[79.8262,28.2382],[79.8178,28.2381],[79.8147,28.2393],[79.8117,28.2389],[79.8108,28.2368],[79.8104,28.2337],[79.8108,28.2295],[79.8117,28.2259],[79.813,28.2199],[79.8148,28.2171],[79.8171,28.2134],[79.8181,28.2091],[79.82,28.2064],[79.8217,28.1995],[79.8203,28.1949],[79.8165,28.1903],[79.8145,28.1886],[79.813,28.1844],[79.8116,28.1803],[79.8079,28.1759],[79.8056,28.1719],[79.8025,28.1685],[79.7968,28.1683],[79.7935,28.1696],[79.7908,28.1686],[79.7892,28.1667],[79.7884,28.165],[79.7851,28.161],[79.7817,28.1598],[79.7795,28.1609],[79.7735,28.163],[79.7696,28.1658],[79.7647,28.1691],[79.7619,28.1715],[79.758,28.173],[79.7555,28.175],[79.7522,28.1776],[79.7513,28.1813],[79.7459,28.185],[79.743,28.1844],[79.7388,28.1823],[79.7351,28.1825],[79.7294,28.1789],[79.7267,28.1799],[79.7244,28.1796],[79.7218,28.1842],[79.7276,28.186],[79.7306,28.1882],[79.734,28.1933],[79.7346,28.1957],[79.7306,28.1978],[79.7249,28.1989],[79.7194,28.1978],[79.7159,28.2],[79.7144,28.205],[79.7163,28.2089],[79.7205,28.2126],[79.7226,28.2151],[79.7282,28.2188],[79.7331,28.2194],[79.7378,28.2202],[79.7375,28.2231],[79.7365,28.2292],[79.7333,28.2316],[79.7309,28.2333],[79.7226,28.2333],[79.7151,28.2327],[79.7125,28.232],[79.7092,28.2334],[79.7069,28.2343],[79.7052,28.2372],[79.7067,28.2408],[79.7042,28.2426],[79.7019,28.2474],[79.6852,28.2631],[79.688,28.2656],[79.6884,28.2698],[79.6921,28.2713],[79.695,28.2634],[79.7023,28.2635],[79.7118,28.2644],[79.7136,28.2677],[79.7129,28.2696],[79.711,28.2759],[79.7117,28.2813],[79.7107,28.2865],[79.7072,28.2882],[79.7012,28.2905],[79.6956,28.2928],[79.691,28.2959],[79.6852,28.3027],[79.6808,28.3045],[79.6783,28.3062],[79.6767,28.3091],[79.6756,28.3131],[79.6733,28.3169],[79.674,28.3198],[79.6799,28.3268],[79.6821,28.33],[79.69,28.339],[79.6911,28.3408],[79.6929,28.3457],[79.6974,28.351],[79.6973,28.3593],[79.7008,28.3615],[79.7025,28.3654],[79.7029,28.3725],[79.7009,28.376],[79.6974,28.3754],[79.6928,28.3752],[79.6893,28.3748],[79.6878,28.3764],[79.6862,28.3782],[79.6876,28.3844],[79.6803,28.3876],[79.6739,28.3886],[79.6719,28.3913],[79.6854,28.3977],[79.6901,28.4013],[79.6982,28.415],[79.705,28.4181],[79.7082,28.4161],[79.7123,28.4101],[79.723,28.413],[79.7258,28.4186],[79.7254,28.4303],[79.7244,28.4431],[79.7213,28.4502],[79.7209,28.4546],[79.7278,28.4602],[79.7354,28.4582],[79.7385,28.4529],[79.7378,28.447],[79.7404,28.4424],[79.7453,28.4415],[79.7537,28.4469],[79.7574,28.4503],[79.7561,28.4548],[79.7472,28.4623],[79.7444,28.4659],[79.7435,28.4758],[79.7481,28.4876],[79.75,28.4963],[79.7492,28.4996],[79.7486,28.5021],[79.7486,28.5046],[79.7473,28.5074],[79.7207,28.5165],[79.7175,28.5311],[79.7115,28.5323],[79.7037,28.528],[79.702,28.5249],[79.7047,28.5196],[79.7019,28.5187],[79.6904,28.5231],[79.6865,28.5263],[79.6852,28.5285],[79.6869,28.5365],[79.6868,28.5417],[79.6923,28.552],[79.6926,28.5558],[79.6853,28.5552],[79.6786,28.553],[79.6697,28.5484],[79.6655,28.5493],[79.6629,28.5545],[79.6669,28.567],[79.6735,28.5722],[79.6754,28.5773],[79.6755,28.5827],[79.6728,28.5832],[79.6675,28.5824],[79.6609,28.5826],[79.6535,28.5848],[79.6524,28.5907],[79.6529,28.5951],[79.65,28.6008],[79.6456,28.603],[79.6364,28.601],[79.6283,28.5974],[79.6227,28.5966],[79.6125,28.5928],[79.6079,28.5964],[79.6065,28.6027],[79.5997,28.6159],[79.6024,28.6207],[79.6058,28.6246],[79.6076,28.6299],[79.6013,28.6327],[79.5983,28.6349],[79.6138,28.6476],[79.6132,28.6504],[79.6127,28.6533],[79.6129,28.6554],[79.6147,28.6587],[79.6164,28.6609],[79.618,28.6638],[79.6199,28.6665],[79.6217,28.6707],[79.6222,28.6749],[79.6202,28.6783],[79.6176,28.6826],[79.6178,28.6875],[79.62,28.6901],[79.6221,28.6926],[79.6251,28.6954],[79.6282,28.7016],[79.6287,28.7058],[79.6294,28.709],[79.6311,28.711],[79.6334,28.7132],[79.6365,28.7169],[79.6426,28.7219],[79.6454,28.7228],[79.6482,28.7251],[79.6508,28.7237],[79.6536,28.725],[79.6558,28.7246],[79.6581,28.7263],[79.6589,28.729],[79.667,28.7354],[79.6684,28.737],[79.6697,28.7385],[79.6726,28.7435],[79.6718,28.7457],[79.6692,28.7484],[79.6696,28.7532],[79.671,28.7575],[79.6698,28.7597],[79.664,28.7639],[79.6606,28.7655],[79.6571,28.7685],[79.6548,28.7707],[79.6549,28.7827],[79.6559,28.7876],[79.6569,28.7911],[79.6575,28.7967],[79.6575,28.8027],[79.6564,28.8086],[79.6541,28.8179],[79.6521,28.8218],[79.6498,28.825],[79.648,28.8292],[79.6432,28.8382],[79.646,28.8421],[79.6511,28.8444],[79.6425,28.8528],[79.6463,28.8523],[79.6529,28.8504],[79.6551,28.8471],[79.6557,28.8468],[79.6658,28.8426],[79.6713,28.8416],[79.678,28.8422],[79.6791,28.8439],[79.6789,28.848],[79.6847,28.8515],[79.6962,28.8512],[79.6983,28.8609],[79.7,28.8621],[79.7042,28.8622],[79.7089,28.8642],[79.7138,28.8638],[79.717,28.8641],[79.7175,28.8663],[79.7186,28.8691],[79.7215,28.8731],[79.724,28.8746],[79.7274,28.8757],[79.73,28.8767],[79.7402,28.879],[79.7447,28.877],[79.7491,28.8765],[79.7523,28.8771],[79.7532,28.8793],[79.7567,28.8837],[79.7606,28.8854],[79.7619,28.8873],[79.7717,28.8834],[79.7739,28.8836],[79.7863,28.8857],[79.8025,28.8713],[79.8031,28.8677],[79.8035,28.8643],[79.8067,28.8638],[79.8088,28.8644],[79.8147,28.8657],[79.8176,28.863],[79.8188,28.8602],[79.8205,28.8567],[79.8209,28.8528],[79.82,28.8502],[79.8118,28.8482],[79.8065,28.8468],[79.8085,28.8435],[79.81,28.842],[79.81,28.84],[79.8062,28.8369],[79.8055,28.8332],[79.811,28.8302],[79.8133,28.8272],[79.813,28.8236],[79.8117,28.8186],[79.8096,28.8147],[79.8088,28.8104],[79.8066,28.8086],[79.8037,28.8091],[79.8012,28.8136],[79.798,28.8149],[79.7939,28.8071],[79.7951,28.7993],[79.7972,28.8001],[79.8038,28.797],[79.8065,28.7977],[79.813,28.7985],[79.8148,28.7995],[79.816,28.801],[79.8168,28.8027],[79.8208,28.8047],[79.8231,28.8053],[79.8259,28.8045],[79.8277,28.8062],[79.8268,28.8085],[79.8265,28.813],[79.828,28.8157],[79.8275,28.8186],[79.8247,28.8241],[79.8256,28.8256],[79.8342,28.8357],[79.8363,28.8387],[79.8415,28.8406],[79.8457,28.8383],[79.8536,28.8365],[79.856,28.8375],[79.8614,28.8393],[79.8659,28.8382],[79.8665,28.8354],[79.8675,28.833],[79.8725,28.8281],[79.8829,28.8246],[79.8872,28.8242],[79.8873,28.8152],[79.8875,28.8123],[79.8831,28.8103],[79.8722,28.8118],[79.8661,28.8148],[79.8615,28.8157],[79.858,28.8152],[79.8551,28.809],[79.8523,28.8026],[79.8583,28.7989],[79.8652,28.7947],[79.8715,28.7924],[79.8791,28.7904],[79.8849,28.7904],[79.8919,28.7908],[79.8978,28.7927],[79.9066,28.7954],[79.9131,28.7961],[79.9124,28.7933],[79.9099,28.7888],[79.9052,28.7858],[79.9007,28.7797],[79.9039,28.7752],[79.9063,28.7729],[79.9111,28.7678],[79.9175,28.766],[79.9238,28.7589],[79.9219,28.7573],[79.9235,28.7532],[79.9298,28.7461],[79.9332,28.7389],[79.9341,28.7322],[79.9341,28.7266],[79.9412,28.7205],[79.9526,28.7154],[79.9646,28.7115],[79.9795,28.7096],[79.9866,28.7107],[80,28.711],[80.0113,28.7196],[80.0146,28.7209],[80.0174,28.7235],[80.0254,28.7313],[80.0348,28.7426],[80.0409,28.752],[80.043,28.7545],[80.0453,28.7553],[80.0466,28.7572],[80.0458,28.7603],[80.0464,28.763],[80.05,28.7691],[80.0523,28.7771],[80.0481,28.7847],[80.0445,28.7881],[80.0392,28.7913],[80.0375,28.7938],[80.0438,28.7974],[80.0455,28.7994],[80.046,28.8038],[80.0703,28.8292]]]},"properties":{"district_name":"Pilibhit","raw_district_name":"Pilibhit","state_code":"UP","state_name":"Uttar Pradesh","census_code":151,"data_source":"DataMeet India Maps (Census 2011 Boundaries)"}},{"type":"Feature","geometry":{"type":"Polygon","coordinates":[[[82.4323,26.0088],[82.4311,26.0009],[82.4295,25.9989],[82.4281,25.9969],[82.427,25.9952],[82.4274,25.9925],[82.4281,25.9901],[82.4303,25.9879],[82.4323,25.9875],[82.4346,25.9874],[82.4373,25.9869],[82.4369,25.9849],[82.4368,25.9813],[82.4313,25.9813],[82.4301,25.9826],[82.4279,25.9824],[82.4263,25.9813],[82.4253,25.9794],[82.4235,25.9778],[82.4218,25.9776],[82.4189,25.9778],[82.4157,25.9779],[82.4136,25.9761],[82.4119,25.9744],[82.4113,25.9741],[82.4083,25.9732],[82.4043,25.9729],[82.4024,25.9734],[82.3993,25.9739],[82.397,25.9751],[82.3949,25.9757],[82.3899,25.9765],[82.3874,25.9771],[82.3829,25.9776],[82.3806,25.9781],[82.3787,25.978],[82.3765,25.9782],[82.3742,25.9801],[82.371,25.9816],[82.3694,25.98],[82.3686,25.979],[82.3661,25.9717],[82.3657,25.9701],[82.3656,25.9681],[82.3654,25.967],[82.3644,25.9654],[82.3625,25.9643],[82.3597,25.9631],[82.3575,25.9628],[82.3536,25.9629],[82.3521,25.9629],[82.3495,25.9615],[82.3479,25.9598],[82.3472,25.958],[82.3475,25.9559],[82.3492,25.9551],[82.356,25.9535],[82.3559,25.9509],[82.3561,25.95],[82.3567,25.9481],[82.358,25.9458],[82.3589,25.9446],[82.3596,25.944],[82.3613,25.9421],[82.363,25.9412],[82.3641,25.9411],[82.3688,25.9412],[82.3693,25.9413],[82.3719,25.9411],[82.3734,25.941],[82.3799,25.9396],[82.3802,25.9385],[82.3801,25.9367],[82.3794,25.9333],[82.381,25.9322],[82.3825,25.9324],[82.3848,25.9331],[82.388,25.9332],[82.3918,25.9337],[82.3929,25.9342],[82.3936,25.9343],[82.3923,25.9297],[82.3901,25.925],[82.3886,25.9204],[82.389,25.9187],[82.3901,25.9175],[82.3914,25.9166],[82.3933,25.9147],[82.3947,25.9138],[82.3952,25.9134],[82.3957,25.9122],[82.3961,25.9106],[82.3946,25.9095],[82.3926,25.9091],[82.3885,25.9088],[82.3851,25.9081],[82.3834,25.9083],[82.382,25.9088],[82.3802,25.9098],[82.3793,25.9107],[82.378,25.9119],[82.376,25.9133],[82.3747,25.9136],[82.3728,25.913],[82.3712,25.9122],[82.3687,25.9108],[82.3666,25.9094],[82.365,25.908],[82.3638,25.9075],[82.3626,25.9078],[82.3602,25.908],[82.359,25.9079],[82.3585,25.9072],[82.3577,25.9052],[82.3559,25.9055],[82.3553,25.9059],[82.3539,25.9077],[82.3527,25.9089],[82.3518,25.9112],[82.3502,25.9141],[82.3492,25.9149],[82.3466,25.915],[82.3454,25.9137],[82.3442,25.9118],[82.3436,25.9102],[82.342,25.9085],[82.3404,25.9074],[82.3401,25.9055],[82.3392,25.904],[82.3377,25.904],[82.3367,25.9036],[82.3354,25.9029],[82.3354,25.9019],[82.335,25.901],[82.3339,25.9002],[82.3321,25.9003],[82.3285,25.9006],[82.3255,25.9009],[82.3242,25.9011],[82.3211,25.9014],[82.3197,25.9012],[82.3161,25.9008],[82.3135,25.8999],[82.3118,25.8993],[82.3087,25.8974],[82.3069,25.8969],[82.305,25.8959],[82.3005,25.8936],[82.2964,25.8917],[82.2962,25.8903],[82.2964,25.8895],[82.2966,25.8877],[82.2966,25.886],[82.296,25.8843],[82.2937,25.8823],[82.2914,25.8795],[82.2909,25.8778],[82.2917,25.8748],[82.292,25.8727],[82.2922,25.8697],[82.2921,25.8671],[82.2915,25.8641],[82.291,25.8628],[82.2893,25.8593],[82.2869,25.857],[82.2849,25.8546],[82.2846,25.8526],[82.281,25.849],[82.2803,25.8464],[82.2802,25.8442],[82.2788,25.8421],[82.2768,25.8418],[82.2749,25.8437],[82.2742,25.8449],[82.2729,25.8468],[82.2704,25.847],[82.2684,25.845],[82.2672,25.8437],[82.2646,25.8417],[82.263,25.8402],[82.2649,25.8391],[82.2599,25.8351],[82.2586,25.8336],[82.2559,25.8325],[82.2513,25.8321],[82.2449,25.8314],[82.2435,25.8306],[82.2382,25.8312],[82.2345,25.8326],[82.2327,25.8337],[82.2289,25.835],[82.2265,25.8359],[82.226,25.8363],[82.2218,25.8371],[82.2185,25.8383],[82.2175,25.8378],[82.217,25.8359],[82.2167,25.8337],[82.2148,25.8314],[82.2144,25.8309],[82.2136,25.8302],[82.2125,25.8299],[82.2092,25.8292],[82.2079,25.8277],[82.2074,25.8264],[82.2084,25.8228],[82.2088,25.8208],[82.2082,25.8198],[82.2072,25.8194],[82.2051,25.8198],[82.2041,25.8202],[82.2027,25.821],[82.1999,25.823],[82.1968,25.8254],[82.1928,25.8275],[82.1904,25.8284],[82.1867,25.8291],[82.1849,25.8298],[82.1833,25.8291],[82.1797,25.8259],[82.1786,25.8248],[82.1771,25.8225],[82.1769,25.8204],[82.1785,25.818],[82.1791,25.8168],[82.1798,25.8158],[82.1806,25.8125],[82.1803,25.8109],[82.1803,25.809],[82.1801,25.8077],[82.1817,25.8055],[82.1826,25.8039],[82.1832,25.8019],[82.1819,25.7999],[82.181,25.8001],[82.1788,25.8003],[82.1749,25.801],[82.173,25.8003],[82.1726,25.7997],[82.171,25.7963],[82.1697,25.7902],[82.1709,25.7878],[82.1721,25.7867],[82.1732,25.7856],[82.1744,25.784],[82.1762,25.7827],[82.1775,25.7816],[82.1793,25.7807],[82.1812,25.7787],[82.1808,25.7776],[82.1814,25.7762],[82.1823,25.7733],[82.1838,25.7709],[82.185,25.7686],[82.1866,25.7676],[82.1882,25.7678],[82.1894,25.7681],[82.1928,25.7693],[82.1937,25.7692],[82.1953,25.7681],[82.1962,25.7669],[82.1969,25.7651],[82.1969,25.7628],[82.1946,25.7622],[82.1876,25.7624],[82.1857,25.7621],[82.1861,25.7611],[82.1862,25.7591],[82.1869,25.7574],[82.1877,25.7554],[82.1891,25.7532],[82.1902,25.7519],[82.1916,25.7484],[82.1935,25.7452],[82.1937,25.7428],[82.1951,25.7408],[82.1968,25.74],[82.1968,25.7393],[82.1953,25.7362],[82.1946,25.7352],[82.1937,25.7335],[82.1927,25.7322],[82.1919,25.7304],[82.1912,25.7285],[82.191,25.7262],[82.1913,25.7246],[82.1915,25.7227],[82.1915,25.7207],[82.1912,25.7187],[82.1905,25.7159],[82.1902,25.7141],[82.1893,25.7113],[82.1878,25.7086],[82.1865,25.7064],[82.1863,25.7057],[82.1845,25.7034],[82.1838,25.7007],[82.181,25.7012],[82.1794,25.7021],[82.1779,25.7033],[82.1754,25.7048],[82.1741,25.7054],[82.172,25.7049],[82.1708,25.7043],[82.1691,25.7023],[82.1683,25.699],[82.1676,25.697],[82.1674,25.6954],[82.1654,25.6883],[82.165,25.6859],[82.164,25.6833],[82.1626,25.6816],[82.1609,25.6802],[82.1587,25.6796],[82.1561,25.6791],[82.1559,25.6809],[82.1561,25.6824],[82.1519,25.6823],[82.1506,25.6827],[82.1495,25.6831],[82.1481,25.6835],[82.147,25.6839],[82.1451,25.6841],[82.144,25.6844],[82.1423,25.6838],[82.141,25.6832],[82.1377,25.6821],[82.1359,25.6819],[82.1335,25.6821],[82.1316,25.6819],[82.1281,25.682],[82.1261,25.6817],[82.1243,25.681],[82.123,25.6797],[82.122,25.6777],[82.1221,25.6772],[82.1219,25.6746],[82.1229,25.6725],[82.1231,25.672],[82.1232,25.67],[82.1236,25.6677],[82.124,25.667],[82.1243,25.6659],[82.1244,25.6648],[82.1248,25.664],[82.1246,25.6633],[82.1239,25.6627],[82.1232,25.6621],[82.1204,25.6596],[82.1189,25.6591],[82.1178,25.6585],[82.1136,25.6557],[82.1124,25.6551],[82.1107,25.6541],[82.1085,25.6546],[82.1072,25.6558],[82.106,25.6565],[82.1052,25.6571],[82.1039,25.6579],[82.1007,25.6595],[82.098,25.6601],[82.0966,25.6602],[82.0948,25.66],[82.0942,25.6605],[82.0922,25.6608],[82.0909,25.6605],[82.0901,25.6604],[82.0894,25.66],[82.0883,25.6599],[82.0872,25.6594],[82.0869,25.6581],[82.0859,25.6565],[82.0854,25.6559],[82.0834,25.6561],[82.0815,25.6566],[82.0798,25.6567],[82.0779,25.6569],[82.0744,25.6577],[82.072,25.658],[82.0703,25.6584],[82.0681,25.6585],[82.0658,25.6588],[82.0631,25.6589],[82.0615,25.6592],[82.0606,25.6604],[82.061,25.6629],[82.0637,25.6679],[82.0642,25.6689],[82.0665,25.6739],[82.0672,25.6759],[82.0675,25.6784],[82.0674,25.679],[82.0653,25.6802],[82.0645,25.6809],[82.0609,25.6834],[82.0593,25.6835],[82.0575,25.6839],[82.0538,25.6853],[82.0516,25.686],[82.0488,25.6877],[82.0471,25.6883],[82.0432,25.6896],[82.0419,25.6898],[82.0392,25.6907],[82.0373,25.691],[82.0361,25.6916],[82.0343,25.6927],[82.0311,25.6945],[82.0298,25.6953],[82.0281,25.6961],[82.0272,25.6962],[82.0248,25.697],[82.0229,25.6972],[82.0208,25.6966],[82.0189,25.6967],[82.0155,25.6965],[82.0132,25.6965],[82.0124,25.6968],[82.0112,25.6981],[82.0121,25.7014],[82.0129,25.7026],[82.0137,25.7036],[82.0151,25.7046],[82.0168,25.7056],[82.0214,25.7074],[82.0227,25.7078],[82.0238,25.7081],[82.0252,25.7082],[82.0265,25.7086],[82.0267,25.7091],[82.0285,25.7115],[82.0324,25.716],[82.0353,25.7183],[82.0392,25.7225],[82.04,25.7233],[82.0399,25.7251],[82.0376,25.7282],[82.0359,25.7298],[82.034,25.7322],[82.0323,25.7337],[82.0296,25.7364],[82.0279,25.7376],[82.0263,25.739],[82.0258,25.7393],[82.0239,25.7407],[82.0228,25.742],[82.0212,25.7431],[82.0195,25.7436],[82.0179,25.7442],[82.0147,25.7447],[82.0134,25.7455],[82.0124,25.7457],[82.0105,25.7458],[82.0073,25.7458],[82.0049,25.7459],[82,25.7452],[81.9976,25.7447],[81.9889,25.7475],[81.9854,25.7409],[81.9855,25.7385],[81.9818,25.7356],[81.9776,25.7351],[81.9727,25.7362],[81.9703,25.7384],[81.9664,25.74],[81.9574,25.7386],[81.946,25.74],[81.9424,25.7421],[81.9342,25.7506],[81.9319,25.7514],[81.9273,25.7437],[81.9243,25.7352],[81.9256,25.7295],[81.925,25.7271],[81.9228,25.7231],[81.9186,25.7211],[81.9172,25.7193],[81.9176,25.7139],[81.9078,25.7121],[81.9022,25.7135],[81.8946,25.7184],[81.8916,25.7116],[81.89,25.7109],[81.8866,25.7121],[81.8815,25.7165],[81.882,25.7178],[81.8814,25.7205],[81.8785,25.722],[81.8707,25.7228],[81.8663,25.7159],[81.8652,25.7156],[81.8616,25.7177],[81.8611,25.7224],[81.8558,25.7245],[81.8467,25.7312],[81.8433,25.7255],[81.833,25.7271],[81.8273,25.725],[81.8252,25.7253],[81.8245,25.731],[81.8275,25.7418],[81.8101,25.7468],[81.806,25.7487],[81.8003,25.7493],[81.7933,25.7488],[81.7777,25.7444],[81.7715,25.7418],[81.7659,25.7382],[81.7579,25.7357],[81.7548,25.7335],[81.7533,25.73],[81.7529,25.7258],[81.7553,25.7191],[81.7576,25.7164],[81.7452,25.6981],[81.7484,25.6956],[81.7568,25.6931],[81.7573,25.6919],[81.7575,25.6858],[81.756,25.679],[81.7529,25.6712],[81.7509,25.6685],[81.7476,25.6686],[81.7432,25.6704],[81.7347,25.672],[81.7274,25.6744],[81.7241,25.6742],[81.7191,25.6706],[81.7171,25.6707],[81.7114,25.6732],[81.7033,25.6714],[81.7005,25.6705],[81.6972,25.667],[81.6966,25.6621],[81.6991,25.6605],[81.7176,25.6589],[81.7227,25.6599],[81.7215,25.6512],[81.722,25.6471],[81.7236,25.644],[81.7272,25.6422],[81.7351,25.6379],[81.7353,25.6355],[81.7338,25.6307],[81.7272,25.6249],[81.7219,25.6248],[81.7135,25.6283],[81.7079,25.6326],[81.7038,25.6336],[81.6982,25.6332],[81.6899,25.6304],[81.6868,25.6313],[81.6851,25.631],[81.682,25.6299],[81.6774,25.6245],[81.6671,25.6174],[81.6666,25.6155],[81.6637,25.6132],[81.6597,25.612],[81.6565,25.6135],[81.6557,25.6171],[81.6513,25.6169],[81.6478,25.6211],[81.6455,25.6224],[81.6386,25.6299],[81.636,25.6344],[81.6352,25.637],[81.6355,25.6391],[81.6374,25.6403],[81.6447,25.6418],[81.646,25.6446],[81.6412,25.6486],[81.6381,25.6521],[81.6378,25.6534],[81.643,25.6593],[81.6429,25.662],[81.6383,25.6638],[81.633,25.6631],[81.6212,25.6643],[81.6115,25.6674],[81.6091,25.6673],[81.6094,25.6649],[81.6082,25.6623],[81.6062,25.6593],[81.6039,25.6581],[81.603,25.6549],[81.6054,25.653],[81.6043,25.6486],[81.6058,25.6467],[81.6104,25.6444],[81.6113,25.6462],[81.6106,25.6493],[81.6206,25.6445],[81.6223,25.6422],[81.6215,25.6247],[81.6195,25.623],[81.6114,25.6191],[81.6085,25.6166],[81.6073,25.6128],[81.6134,25.6086],[81.6144,25.5928],[81.6144,25.5927],[81.612,25.5903],[81.6097,25.5857],[81.6036,25.583],[81.59,25.582],[81.5874,25.5804],[81.5863,25.578],[81.5804,25.5725],[81.5694,25.5679],[81.5582,25.5703],[81.5516,25.576],[81.548,25.5866],[81.5395,25.6019],[81.534,25.6163],[81.5312,25.6191],[81.5207,25.6178],[81.5165,25.616],[81.5035,25.6208],[81.4961,25.6216],[81.4938,25.6234],[81.4926,25.6273],[81.4859,25.6318],[81.4774,25.6335],[81.4721,25.632],[81.4704,25.6325],[81.4666,25.6345],[81.4487,25.6511],[81.4426,25.6552],[81.4359,25.6615],[81.4309,25.6678],[81.4235,25.6729],[81.4193,25.6792],[81.4091,25.684],[81.3979,25.6828],[81.3896,25.6846],[81.3834,25.6886],[81.3804,25.6918],[81.3733,25.6972],[81.3701,25.7048],[81.3703,25.7083],[81.3689,25.7121],[81.3753,25.7152],[81.3788,25.7154],[81.3856,25.7192],[81.3897,25.7284],[81.3989,25.7373],[81.4027,25.7423],[81.405,25.7467],[81.4057,25.7522],[81.4043,25.7624],[81.4016,25.7669],[81.3962,25.7706],[81.3849,25.7729],[81.3694,25.7719],[81.3638,25.7761],[81.3398,25.8032],[81.3368,25.8101],[81.3418,25.8133],[81.3495,25.8229],[81.3546,25.8246],[81.3535,25.8284],[81.3539,25.8329],[81.3504,25.8383],[81.3483,25.8393],[81.3455,25.8387],[81.3408,25.8394],[81.3393,25.8409],[81.3328,25.8442],[81.3311,25.8459],[81.3307,25.8522],[81.3272,25.8568],[81.3352,25.87],[81.3458,25.8663],[81.3496,25.8666],[81.3527,25.8694],[81.3598,25.8662],[81.3662,25.8667],[81.369,25.8652],[81.3724,25.8666],[81.3744,25.8679],[81.3758,25.8705],[81.3731,25.882],[81.3752,25.8851],[81.3801,25.886],[81.3826,25.8844],[81.3974,25.8874],[81.4063,25.8918],[81.4121,25.8962],[81.4164,25.904],[81.4208,25.9066],[81.4236,25.9069],[81.4258,25.9087],[81.4278,25.9147],[81.4313,25.9179],[81.4345,25.9192],[81.4413,25.9164],[81.4444,25.9178],[81.4428,25.9237],[81.4438,25.9255],[81.4419,25.9327],[81.4438,25.9351],[81.4477,25.937],[81.4549,25.9363],[81.4554,25.9348],[81.4512,25.9288],[81.4517,25.9282],[81.4598,25.9301],[81.47,25.9337],[81.4721,25.9347],[81.4735,25.9379],[81.4772,25.9393],[81.4792,25.9367],[81.4798,25.9334],[81.4815,25.9305],[81.4877,25.9309],[81.4887,25.9329],[81.4904,25.943],[81.4929,25.9458],[81.4966,25.9467],[81.5054,25.9451],[81.5091,25.9499],[81.5102,25.9555],[81.5087,25.9576],[81.5054,25.9595],[81.5022,25.9587],[81.4949,25.96],[81.4925,25.9626],[81.4979,25.9679],[81.5062,25.973],[81.5093,25.9714],[81.5182,25.9626],[81.5184,25.9587],[81.522,25.9591],[81.5234,25.9565],[81.525,25.9553],[81.5299,25.9562],[81.5365,25.9626],[81.5422,25.966],[81.5427,25.9669],[81.546,25.9676],[81.5559,25.9652],[81.5581,25.9679],[81.5716,25.9733],[81.5831,25.9657],[81.5857,25.9654],[81.591,25.9669],[81.5938,25.966],[81.5959,25.9662],[81.5954,25.9754],[81.5915,25.9755],[81.59,25.9776],[81.5859,25.9806],[81.5811,25.982],[81.5761,25.9856],[81.5719,25.9864],[81.5706,25.9888],[81.5685,25.9899],[81.5585,26.0008],[81.5647,26.0065],[81.57,26.0156],[81.5698,26.0179],[81.5707,26.02],[81.5693,26.0261],[81.5675,26.0288],[81.5653,26.0295],[81.5603,26.0264],[81.5574,26.0263],[81.5546,26.0272],[81.5437,26.0247],[81.5394,26.025],[81.5405,26.0271],[81.5493,26.0331],[81.5435,26.041],[81.5412,26.043],[81.5392,26.0415],[81.5383,26.0363],[81.5376,26.0347],[81.5363,26.0343],[81.5308,26.0345],[81.5282,26.0331],[81.5231,26.0329],[81.5187,26.0344],[81.5187,26.0364],[81.5209,26.0414],[81.5269,26.0412],[81.5336,26.0472],[81.5334,26.0532],[81.536,26.0624],[81.5374,26.0617],[81.5392,26.0586],[81.542,26.0568],[81.5491,26.055],[81.5516,26.0602],[81.5584,26.0601],[81.5637,26.0639],[81.5691,26.0731],[81.5624,26.078],[81.563,26.0849],[81.5566,26.09],[81.5537,26.1004],[81.5492,26.1013],[81.5433,26.0983],[81.5395,26.1003],[81.5388,26.1015],[81.5421,26.1074],[81.5402,26.1115],[81.5412,26.1188],[81.5434,26.1222],[81.5456,26.1213],[81.5504,26.1276],[81.5566,26.1294],[81.5579,26.1317],[81.5604,26.1313],[81.5643,26.1323],[81.5669,26.1341],[81.5699,26.1397],[81.5719,26.1417],[81.5841,26.141],[81.5918,26.14],[81.5956,26.1404],[81.599,26.142],[81.6026,26.1455],[81.6031,26.1472],[81.6057,26.1493],[81.6122,26.1522],[81.6144,26.165],[81.6166,26.1726],[81.6179,26.1762],[81.6194,26.1783],[81.6234,26.1771],[81.6292,26.1729],[81.6335,26.171],[81.6343,26.168],[81.6345,26.1602],[81.6378,26.1577],[81.6436,26.1552],[81.6493,26.1507],[81.6538,26.1456],[81.6553,26.1409],[81.6546,26.1377],[81.6497,26.134],[81.6483,26.128],[81.6509,26.1256],[81.6539,26.1256],[81.6559,26.1245],[81.6604,26.1183],[81.6657,26.1157],[81.67,26.1151],[81.6791,26.1192],[81.682,26.1191],[81.6849,26.1171],[81.6845,26.1146],[81.6855,26.1124],[81.6836,26.1041],[81.6798,26.0974],[81.6827,26.0957],[81.6864,26.0953],[81.6854,26.0846],[81.686,26.0794],[81.6882,26.0761],[81.6949,26.0719],[81.7052,26.067],[81.7072,26.0701],[81.7179,26.0649],[81.7204,26.0691],[81.7204,26.0721],[81.719,26.0784],[81.7164,26.0828],[81.7204,26.0891],[81.7245,26.0928],[81.7265,26.0933],[81.7424,26.0857],[81.7476,26.0803],[81.7573,26.0769],[81.7607,26.0711],[81.7704,26.0679],[81.7724,26.0647],[81.7723,26.0616],[81.7708,26.0579],[81.7666,26.0531],[81.7704,26.0498],[81.7737,26.0487],[81.7743,26.0464],[81.7721,26.0411],[81.7769,26.0338],[81.7827,26.0281],[81.7869,26.0263],[81.7918,26.026],[81.797,26.0267],[81.7995,26.028],[81.8016,26.0302],[81.8026,26.033],[81.8024,26.0378],[81.8037,26.0472],[81.8079,26.046],[81.8228,26.0386],[81.8294,26.0367],[81.8325,26.0361],[81.8353,26.0395],[81.8388,26.04],[81.8429,26.0388],[81.8468,26.0393],[81.8509,26.0446],[81.8615,26.046],[81.8646,26.0514],[81.8674,26.0536],[81.868,26.0573],[81.8732,26.0625],[81.8725,26.0669],[81.8705,26.0726],[81.8719,26.0743],[81.885,26.0803],[81.8923,26.0788],[81.8959,26.0769],[81.8989,26.0736],[81.8999,26.07],[81.899,26.0658],[81.9096,26.0659],[81.9117,26.0597],[81.9188,26.056],[81.9297,26.0536],[81.9329,26.0517],[81.9361,26.0527],[81.9381,26.0543],[81.9381,26.0555],[81.9382,26.0568],[81.9382,26.0578],[81.937,26.0576],[81.9346,26.0597],[81.9341,26.0614],[81.9348,26.0642],[81.9383,26.069],[81.9391,26.0727],[81.9407,26.0741],[81.9433,26.0742],[81.964,26.0648],[81.9654,26.0647],[81.9635,26.0736],[81.9635,26.077],[81.965,26.0785],[81.973,26.078],[81.9854,26.0729],[81.9844,26.0696],[81.9848,26.0666],[81.9878,26.065],[82,26.0633],[82.0204,26.0661],[82.0289,26.0651],[82.0383,26.0655],[82.0461,26.0626],[82.0537,26.0593],[82.0606,26.0521],[82.0668,26.0518],[82.0702,26.0563],[82.0729,26.0582],[82.076,26.06],[82.0834,26.0609],[82.0889,26.0637],[82.0928,26.0677],[82.1027,26.0642],[82.1053,26.0657],[82.1062,26.0747],[82.1095,26.0756],[82.1165,26.0732],[82.1192,26.0705],[82.1201,26.0666],[82.1245,26.0643],[82.1285,26.0595],[82.1336,26.0551],[82.1425,26.0594],[82.152,26.0576],[82.1721,26.0495],[82.1742,26.0422],[82.1868,26.0412],[82.1901,26.0367],[82.1908,26.031],[82.196,26.0279],[82.1997,26.023],[82.2011,26.0162],[82.2034,26.0151],[82.2085,26.0192],[82.2108,26.0227],[82.22,26.0263],[82.2259,26.0294],[82.2303,26.0331],[82.232,26.041],[82.245,26.0516],[82.2443,26.0535],[82.2479,26.0569],[82.252,26.0568],[82.2574,26.0535],[82.2607,26.0462],[82.2734,26.039],[82.2758,26.0427],[82.2803,26.047],[82.289,26.044],[82.3057,26.0435],[82.3115,26.0424],[82.314,26.038],[82.3172,26.0398],[82.3202,26.0403],[82.3198,26.0345],[82.3209,26.0302],[82.3234,26.0312],[82.3264,26.0312],[82.3324,26.0283],[82.3368,26.0231],[82.3489,26.0169],[82.349,26.0138],[82.3446,26.0094],[82.3453,26.0068],[82.3472,26.0056],[82.3538,26.0082],[82.357,26.0073],[82.378,26.031],[82.382,26.0321],[82.388,26.0279],[82.3942,26.0317],[82.4025,26.0289],[82.4033,26.0255],[82.4009,26.0144],[82.402,26.01],[82.4157,26.0127],[82.4261,26.011],[82.4323,26.0088]]]},"properties":{"district_name":"Pratapgarh","raw_district_name":"Pratapgarh","state_code":"UP","state_name":"Uttar Pradesh","census_code":173,"data_source":"DataMeet India Maps (Census 2011 Boundaries)"}},{"type":"Feature","geometry":{"type":"Polygon","coordinates":[[[81.5421,26.521],[81.5388,26.514],[81.5407,26.5058],[81.5456,26.5029],[81.5561,26.5009],[81.5596,26.4994],[81.5605,26.4957],[81.555,26.487],[81.5539,26.4833],[81.5547,26.48],[81.5578,26.4774],[81.5563,26.4742],[81.5681,26.464],[81.5724,26.4584],[81.5713,26.4487],[81.5683,26.4447],[81.5624,26.4402],[81.5552,26.4323],[81.5544,26.4286],[81.555,26.4253],[81.5531,26.424],[81.5469,26.4241],[81.5461,26.4159],[81.546,26.4121],[81.5493,26.403],[81.5536,26.3988],[81.5649,26.3972],[81.5652,26.3967],[81.5665,26.394],[81.566,26.3842],[81.5639,26.3805],[81.5577,26.3749],[81.5574,26.3714],[81.5585,26.3681],[81.5685,26.3572],[81.5695,26.3547],[81.5661,26.3515],[81.565,26.3484],[81.5642,26.3344],[81.5608,26.3298],[81.5621,26.3218],[81.5592,26.3185],[81.5558,26.3113],[81.5554,26.3086],[81.5604,26.3039],[81.5584,26.2977],[81.5591,26.2951],[81.5617,26.2926],[81.5631,26.2902],[81.5632,26.2872],[81.5649,26.2852],[81.5684,26.2849],[81.5695,26.2792],[81.572,26.2776],[81.5799,26.2777],[81.5843,26.2761],[81.5852,26.2715],[81.5843,26.2666],[81.5806,26.262],[81.5793,26.2574],[81.5814,26.2568],[81.5836,26.2549],[81.5837,26.2522],[81.5903,26.2489],[81.5919,26.2431],[81.5918,26.2405],[81.5938,26.2357],[81.5917,26.2288],[81.5945,26.221],[81.6001,26.2216],[81.6029,26.2199],[81.6069,26.2206],[81.6121,26.2196],[81.6138,26.2186],[81.6162,26.2149],[81.6164,26.2057],[81.6172,26.2035],[81.6109,26.1888],[81.6138,26.1837],[81.6186,26.1808],[81.6194,26.1783],[81.6179,26.1762],[81.6166,26.1726],[81.6144,26.165],[81.6122,26.1522],[81.6057,26.1493],[81.6031,26.1472],[81.6026,26.1455],[81.599,26.142],[81.5956,26.1404],[81.5918,26.14],[81.5841,26.141],[81.5719,26.1417],[81.5699,26.1397],[81.5669,26.1341],[81.5643,26.1323],[81.5604,26.1313],[81.5579,26.1317],[81.5566,26.1294],[81.5504,26.1276],[81.5456,26.1213],[81.5434,26.1222],[81.5412,26.1188],[81.5402,26.1115],[81.5421,26.1074],[81.5388,26.1015],[81.5395,26.1003],[81.5433,26.0983],[81.5492,26.1013],[81.5537,26.1004],[81.5566,26.09],[81.563,26.0849],[81.5624,26.078],[81.5691,26.0731],[81.5637,26.0639],[81.5584,26.0601],[81.5516,26.0602],[81.5491,26.055],[81.542,26.0568],[81.5392,26.0586],[81.5374,26.0617],[81.536,26.0624],[81.5334,26.0532],[81.5336,26.0472],[81.5269,26.0412],[81.5209,26.0414],[81.5187,26.0364],[81.5187,26.0344],[81.5231,26.0329],[81.5282,26.0331],[81.5308,26.0345],[81.5363,26.0343],[81.5376,26.0347],[81.5383,26.0363],[81.5392,26.0415],[81.5412,26.043],[81.5435,26.041],[81.5493,26.0331],[81.5405,26.0271],[81.5394,26.025],[81.5437,26.0247],[81.5546,26.0272],[81.5574,26.0263],[81.5603,26.0264],[81.5653,26.0295],[81.5675,26.0288],[81.5693,26.0261],[81.5707,26.02],[81.5698,26.0179],[81.57,26.0156],[81.5647,26.0065],[81.5585,26.0008],[81.5685,25.9899],[81.5706,25.9888],[81.5719,25.9864],[81.5761,25.9856],[81.5811,25.982],[81.5859,25.9806],[81.59,25.9776],[81.5915,25.9755],[81.5954,25.9754],[81.5959,25.9662],[81.5938,25.966],[81.591,25.9669],[81.5857,25.9654],[81.5831,25.9657],[81.5716,25.9733],[81.5581,25.9679],[81.5559,25.9652],[81.546,25.9676],[81.5427,25.9669],[81.5422,25.966],[81.5365,25.9626],[81.5299,25.9562],[81.525,25.9553],[81.5234,25.9565],[81.522,25.9591],[81.5184,25.9587],[81.5182,25.9626],[81.5093,25.9714],[81.5062,25.973],[81.4979,25.9679],[81.4925,25.9626],[81.4949,25.96],[81.5022,25.9587],[81.5054,25.9595],[81.5087,25.9576],[81.5102,25.9555],[81.5091,25.9499],[81.5054,25.9451],[81.4966,25.9467],[81.4929,25.9458],[81.4904,25.943],[81.4887,25.9329],[81.4877,25.9309],[81.4815,25.9305],[81.4798,25.9334],[81.4792,25.9367],[81.4772,25.9393],[81.4735,25.9379],[81.4721,25.9347],[81.47,25.9337],[81.4598,25.9301],[81.4517,25.9282],[81.4512,25.9288],[81.4554,25.9348],[81.4549,25.9363],[81.4477,25.937],[81.4438,25.9351],[81.4419,25.9327],[81.4438,25.9255],[81.4428,25.9237],[81.4444,25.9178],[81.4413,25.9164],[81.4345,25.9192],[81.4313,25.9179],[81.4278,25.9147],[81.4258,25.9087],[81.4236,25.9069],[81.4208,25.9066],[81.4164,25.904],[81.4121,25.8962],[81.4063,25.8918],[81.3974,25.8874],[81.3826,25.8844],[81.3801,25.886],[81.3752,25.8851],[81.3731,25.882],[81.3758,25.8705],[81.3744,25.8679],[81.3724,25.8666],[81.369,25.8652],[81.3662,25.8667],[81.3598,25.8662],[81.3527,25.8694],[81.3496,25.8666],[81.3458,25.8663],[81.3352,25.87],[81.3272,25.8568],[81.3307,25.8522],[81.3311,25.8459],[81.3328,25.8442],[81.3393,25.8409],[81.3408,25.8394],[81.3455,25.8387],[81.3483,25.8393],[81.3504,25.8383],[81.3539,25.8329],[81.3535,25.8284],[81.3546,25.8246],[81.3495,25.8229],[81.3418,25.8133],[81.3368,25.8101],[81.3358,25.8104],[81.3283,25.8199],[81.3101,25.8345],[81.2968,25.8437],[81.2886,25.8455],[81.2824,25.8452],[81.2732,25.8467],[81.2574,25.8528],[81.2391,25.8574],[81.2335,25.8611],[81.2319,25.8644],[81.2283,25.8661],[81.2245,25.8697],[81.221,25.874],[81.2199,25.8769],[81.2199,25.8847],[81.2174,25.8973],[81.2157,25.9131],[81.2172,25.9206],[81.2166,25.9264],[81.2105,25.9275],[81.2032,25.9272],[81.2027,25.9351],[81.1808,25.9333],[81.1743,25.9346],[81.1677,25.9348],[81.1645,25.937],[81.1683,25.9421],[81.1658,25.9452],[81.1509,25.9474],[81.1421,25.9495],[81.1367,25.9499],[81.1318,25.9493],[81.1164,25.9549],[81.1147,25.9581],[81.1181,25.9728],[81.1044,25.9808],[81.0991,25.9812],[81.0956,25.9844],[81.0719,25.9967],[81.0679,26.0002],[81.0636,26.0057],[81.0641,26.0111],[81.0658,26.0155],[81.0595,26.0212],[81.0486,26.0349],[81.0411,26.0473],[81.0377,26.0509],[81.031,26.0563],[81.023,26.0603],[81.0193,26.0634],[81.0136,26.0651],[81,26.0675],[80.9889,26.0653],[80.9786,26.0641],[80.977,26.0667],[80.9719,26.0684],[80.9667,26.0672],[80.9495,26.0658],[80.9402,26.0657],[80.9183,26.054],[80.9091,26.0546],[80.8926,26.0549],[80.8893,26.0543],[80.8766,26.0458],[80.8663,26.044],[80.8618,26.0419],[80.8516,26.0364],[80.8413,26.0347],[80.8264,26.0304],[80.8115,26.0329],[80.8015,26.0413],[80.7893,26.052],[80.7813,26.0583],[80.7674,26.0686],[80.761,26.073],[80.748,26.0765],[80.7355,26.0806],[80.7083,26.0866],[80.6938,26.0942],[80.6839,26.0988],[80.6766,26.1047],[80.6765,26.1124],[80.6761,26.1213],[80.686,26.1154],[80.6927,26.1147],[80.6989,26.1146],[80.7004,26.117],[80.6994,26.1233],[80.6955,26.1304],[80.6946,26.1363],[80.6889,26.1419],[80.694,26.1508],[80.6976,26.1603],[80.7076,26.1586],[80.717,26.1657],[80.7241,26.1704],[80.7318,26.1761],[80.7366,26.1724],[80.739,26.1718],[80.7457,26.181],[80.7492,26.1831],[80.7566,26.1857],[80.7638,26.1834],[80.7708,26.1821],[80.7762,26.1886],[80.7784,26.1944],[80.7709,26.1994],[80.7665,26.2026],[80.7717,26.2122],[80.7815,26.207],[80.7903,26.2066],[80.8008,26.2083],[80.8027,26.2117],[80.8122,26.2077],[80.8126,26.2023],[80.8225,26.2018],[80.8261,26.2102],[80.8193,26.2127],[80.8249,26.2204],[80.8261,26.2267],[80.83,26.2318],[80.836,26.2356],[80.8424,26.2345],[80.846,26.2367],[80.8445,26.2439],[80.847,26.2421],[80.8479,26.2438],[80.8502,26.2442],[80.8536,26.2476],[80.8566,26.2569],[80.8644,26.267],[80.8727,26.2718],[80.8801,26.2783],[80.8857,26.2872],[80.8878,26.2919],[80.8818,26.2937],[80.8834,26.2977],[80.8789,26.2986],[80.8814,26.3024],[80.8785,26.3052],[80.8712,26.305],[80.8717,26.3159],[80.8666,26.3204],[80.8578,26.3269],[80.8548,26.3273],[80.8462,26.3282],[80.842,26.3335],[80.8378,26.3393],[80.8321,26.3412],[80.8319,26.349],[80.8363,26.3566],[80.8391,26.36],[80.8461,26.3711],[80.8542,26.3686],[80.8608,26.3652],[80.8655,26.3691],[80.8687,26.3646],[80.8676,26.3622],[80.865,26.3586],[80.8672,26.3559],[80.8855,26.3592],[80.8916,26.3572],[80.8935,26.3529],[80.8928,26.3479],[80.8939,26.3429],[80.9014,26.35],[80.9105,26.3516],[80.9193,26.3495],[80.9227,26.3448],[80.9252,26.3408],[80.9343,26.3505],[80.9385,26.3567],[80.9472,26.3484],[80.9502,26.3445],[80.9487,26.3372],[80.95,26.3334],[80.9501,26.3295],[80.9432,26.3205],[80.9455,26.3164],[80.9494,26.3137],[80.9518,26.3074],[80.9597,26.3072],[80.9693,26.3067],[80.9748,26.3098],[80.9815,26.3085],[80.9853,26.311],[80.9893,26.3145],[80.9988,26.3138],[81,26.3164],[81.0023,26.3217],[81.0028,26.3257],[81.0012,26.3314],[81,26.3334],[81,26.3455],[81.0079,26.3539],[81.0149,26.3551],[81.0192,26.3567],[81.0241,26.3617],[81.0262,26.3619],[81.0341,26.3605],[81.038,26.3609],[81.0399,26.3653],[81.051,26.3734],[81.0501,26.3756],[81.0447,26.376],[81.0398,26.3748],[81.038,26.3752],[81.0368,26.3761],[81.0365,26.378],[81.0354,26.3784],[81.0322,26.3756],[81.0311,26.3761],[81.0333,26.385],[81.0328,26.3902],[81.0308,26.3952],[81.0275,26.3985],[81.0261,26.4029],[81.0275,26.4067],[81.0312,26.4095],[81.0313,26.4118],[81.0303,26.4126],[81.0263,26.4125],[81.0267,26.4161],[81.0245,26.4173],[81.023,26.4198],[81.0214,26.4207],[81.0198,26.4207],[81.0183,26.4163],[81.0162,26.4179],[81.0153,26.4197],[81.0113,26.422],[81.0108,26.424],[81.0131,26.4298],[81.0076,26.4368],[81,26.4409],[80.9975,26.4447],[80.9952,26.4504],[80.9936,26.4552],[80.9931,26.4605],[80.992,26.4657],[80.9884,26.4674],[80.9852,26.4674],[80.9847,26.4697],[80.9847,26.4733],[80.9871,26.4756],[80.9886,26.4776],[80.988,26.4812],[80.9912,26.4831],[80.9922,26.4811],[80.9937,26.4799],[80.9936,26.477],[80.9936,26.4737],[80.9963,26.475],[80.9984,26.4761],[81,26.4769],[81.0015,26.4807],[81.0035,26.4833],[81.0041,26.4861],[81.0031,26.4899],[81.0017,26.4921],[81,26.4929],[80.9973,26.495],[80.9943,26.4973],[80.9933,26.4993],[80.9941,26.5013],[80.995,26.5022],[80.9969,26.5035],[80.9984,26.5037],[81,26.5029],[81.0055,26.4999],[81.0073,26.5044],[81.0045,26.5072],[81,26.5087],[80.9981,26.509],[80.996,26.5089],[80.9951,26.51],[80.9956,26.5112],[81,26.5131],[81.0052,26.5128],[81.0072,26.5118],[81.0078,26.5131],[81.0058,26.5159],[81.0021,26.5168],[81.0016,26.5195],[81.0018,26.5229],[81.0022,26.5289],[81.002,26.5317],[81,26.5349],[81.0028,26.5335],[81.0087,26.5303],[81.013,26.5268],[81.0164,26.5272],[81.0259,26.5234],[81.0277,26.5214],[81.0326,26.5187],[81.0327,26.5145],[81.0367,26.51],[81.0386,26.5065],[81.0414,26.5041],[81.0446,26.5021],[81.0474,26.5015],[81.0512,26.5019],[81.0612,26.5105],[81.0653,26.5172],[81.0731,26.5208],[81.0764,26.5211],[81.0776,26.5227],[81.0769,26.5274],[81.0774,26.5326],[81.0847,26.5364],[81.0909,26.538],[81.0934,26.541],[81.0947,26.5444],[81.0946,26.5509],[81.0954,26.5539],[81.1001,26.5597],[81.1039,26.5624],[81.1077,26.5616],[81.1183,26.556],[81.1229,26.5574],[81.127,26.5595],[81.1297,26.5659],[81.1334,26.5702],[81.1345,26.5754],[81.1372,26.578],[81.1381,26.5808],[81.143,26.5862],[81.1456,26.5872],[81.1591,26.5868],[81.1633,26.588],[81.166,26.5925],[81.1738,26.5966],[81.1791,26.5966],[81.1829,26.5977],[81.1836,26.5984],[81.1824,26.6038],[81.1852,26.6047],[81.1904,26.6045],[81.2031,26.5978],[81.206,26.5949],[81.2109,26.5925],[81.2146,26.5938],[81.2197,26.5981],[81.2256,26.5952],[81.2326,26.59],[81.2442,26.5864],[81.2495,26.5833],[81.2535,26.5772],[81.2712,26.5719],[81.2826,26.5698],[81.29,26.5648],[81.2966,26.5578],[81.3006,26.5523],[81.3018,26.5486],[81.3024,26.5423],[81.3161,26.539],[81.3173,26.5392],[81.3234,26.5453],[81.3251,26.5494],[81.3275,26.551],[81.3324,26.55],[81.3376,26.5473],[81.3401,26.5452],[81.3441,26.544],[81.3525,26.5437],[81.3572,26.5459],[81.3684,26.5609],[81.3726,26.5746],[81.38,26.5845],[81.3833,26.5869],[81.3926,26.5851],[81.3939,26.5748],[81.3955,26.5733],[81.399,26.5731],[81.4004,26.5695],[81.4043,26.5685],[81.4076,26.5697],[81.414,26.5666],[81.4165,26.5644],[81.4264,26.5635],[81.4352,26.5607],[81.4385,26.5615],[81.4393,26.563],[81.4425,26.5626],[81.4477,26.5603],[81.4504,26.5613],[81.4486,26.5645],[81.4483,26.5668],[81.4506,26.5688],[81.459,26.5709],[81.4619,26.5708],[81.4675,26.5654],[81.4711,26.5583],[81.4758,26.5529],[81.4761,26.5508],[81.4806,26.5552],[81.4866,26.5422],[81.4882,26.5398],[81.4901,26.5387],[81.4931,26.5411],[81.4944,26.5443],[81.4963,26.5456],[81.5038,26.547],[81.5161,26.5469],[81.5174,26.5435],[81.5178,26.5339],[81.5173,26.5324],[81.5113,26.5324],[81.5103,26.5309],[81.5115,26.5283],[81.5127,26.5272],[81.521,26.5279],[81.5308,26.5275],[81.5366,26.5258],[81.5421,26.521]]]},"properties":{"district_name":"Rae Bareli","raw_district_name":"Rae Bareli","state_code":"UP","state_name":"Uttar Pradesh","census_code":158,"data_source":"DataMeet India Maps (Census 2011 Boundaries)"}},{"type":"Feature","geometry":{"type":"Polygon","coordinates":[[[79.4074,28.8793],[79.405,28.8766],[79.4046,28.8728],[79.4023,28.8712],[79.4004,28.8711],[79.396,28.8729],[79.3915,28.8744],[79.3898,28.875],[79.3881,28.8737],[79.3842,28.8745],[79.3826,28.8708],[79.383,28.8662],[79.3844,28.8634],[79.3868,28.8615],[79.3924,28.8575],[79.394,28.8572],[79.3971,28.8565],[79.4042,28.8535],[79.4093,28.8512],[79.4096,28.8492],[79.4071,28.8474],[79.4006,28.8459],[79.399,28.8444],[79.3944,28.846],[79.3913,28.8469],[79.389,28.8461],[79.3872,28.8417],[79.3933,28.837],[79.3996,28.8376],[79.407,28.8371],[79.4076,28.8348],[79.4082,28.8318],[79.4083,28.8268],[79.4053,28.824],[79.4048,28.8196],[79.3993,28.8194],[79.3933,28.8171],[79.3876,28.8161],[79.3826,28.8206],[79.3801,28.8222],[79.378,28.8219],[79.3741,28.8199],[79.3725,28.8168],[79.3734,28.814],[79.3775,28.8088],[79.377,28.8063],[79.3779,28.8026],[79.3799,28.7998],[79.3826,28.7978],[79.3852,28.794],[79.3857,28.7908],[79.3864,28.788],[79.3856,28.786],[79.3844,28.7843],[79.3844,28.781],[79.384,28.7778],[79.3857,28.7723],[79.3894,28.7705],[79.392,28.7664],[79.3917,28.7606],[79.3881,28.7573],[79.3848,28.7582],[79.3814,28.7593],[79.3772,28.7592],[79.3714,28.7599],[79.3671,28.7633],[79.361,28.7671],[79.3586,28.7655],[79.3579,28.7582],[79.363,28.7542],[79.3685,28.7504],[79.3681,28.7433],[79.365,28.7398],[79.36,28.7365],[79.3535,28.735],[79.3504,28.733],[79.3468,28.7264],[79.3432,28.7254],[79.3402,28.7268],[79.3357,28.728],[79.3343,28.7266],[79.329,28.7233],[79.3237,28.7252],[79.3045,28.7188],[79.3016,28.7159],[79.3001,28.713],[79.2984,28.7084],[79.2968,28.7041],[79.2952,28.6989],[79.2932,28.6949],[79.2909,28.6902],[79.2878,28.6844],[79.2859,28.6803],[79.2828,28.6754],[79.2796,28.6707],[79.2768,28.667],[79.2745,28.6654],[79.2717,28.6616],[79.2683,28.6572],[79.265,28.6538],[79.2615,28.6513],[79.2587,28.648],[79.2551,28.644],[79.2501,28.6405],[79.239,28.6386],[79.2373,28.6372],[79.2373,28.6345],[79.2389,28.6269],[79.2364,28.6193],[79.236,28.6142],[79.2383,28.6103],[79.2423,28.6072],[79.242,28.6034],[79.2386,28.5975],[79.2345,28.5945],[79.23,28.5926],[79.2282,28.5904],[79.2254,28.5837],[79.2237,28.5772],[79.2219,28.5725],[79.2087,28.5794],[79.2056,28.5701],[79.2011,28.5621],[79.1952,28.5565],[79.1903,28.5546],[79.1842,28.5572],[79.1833,28.557],[79.1772,28.5487],[79.1719,28.5419],[79.1684,28.5399],[79.1671,28.5403],[79.1627,28.5361],[79.1633,28.5314],[79.1654,28.5271],[79.1659,28.5219],[79.1639,28.5171],[79.1577,28.5097],[79.155,28.5035],[79.1539,28.5028],[79.1526,28.5021],[79.149,28.4983],[79.1418,28.4924],[79.1404,28.4899],[79.1275,28.4871],[79.1253,28.4848],[79.1173,28.4819],[79.1074,28.485],[79.0983,28.4861],[79.0847,28.4832],[79.0785,28.483],[79.0831,28.4718],[79.0833,28.4698],[79.0812,28.4666],[79.0783,28.4642],[79.0725,28.4633],[79.0716,28.462],[79.0667,28.4642],[79.0604,28.4637],[79.0568,28.4649],[79.0512,28.4652],[79.0511,28.4626],[79.0597,28.4556],[79.056,28.4488],[79.0513,28.4474],[79.0469,28.4483],[79.042,28.4477],[79.0349,28.4447],[79.036,28.4411],[79.0383,28.4381],[79.0329,28.4341],[79.0262,28.4351],[79.0235,28.4329],[79.0169,28.4315],[79.0091,28.4347],[79.0073,28.4349],[79.0001,28.4315],[79.0001,28.3848],[78.9809,28.405],[78.9776,28.4204],[78.9683,28.427],[78.9547,28.4373],[78.9476,28.4375],[78.9459,28.4341],[78.9367,28.4379],[78.9375,28.4492],[78.9331,28.4528],[78.9293,28.4597],[78.926,28.4776],[78.9204,28.4794],[78.9219,28.4866],[78.9329,28.5045],[78.9318,28.5087],[78.9346,28.5111],[78.9382,28.5101],[78.9407,28.5129],[78.9409,28.517],[78.9379,28.5232],[78.9334,28.5287],[78.9287,28.5329],[78.9274,28.5399],[78.9296,28.5446],[78.9354,28.5447],[78.9395,28.5436],[78.9389,28.5568],[78.9377,28.5625],[78.9201,28.5745],[78.9185,28.5772],[78.9213,28.5806],[78.9168,28.587],[78.9069,28.59],[78.9043,28.593],[78.9051,28.6035],[78.8958,28.6076],[78.8951,28.6114],[78.8896,28.6122],[78.8839,28.6154],[78.8802,28.6221],[78.8785,28.6293],[78.8604,28.6433],[78.8565,28.6444],[78.8438,28.6575],[78.8392,28.6602],[78.8463,28.6724],[78.8386,28.6806],[78.8533,28.7044],[78.8482,28.7087],[78.8468,28.7242],[78.8487,28.7266],[78.8522,28.728],[78.8604,28.7256],[78.8651,28.7204],[78.8668,28.7126],[78.8644,28.7086],[78.8611,28.7068],[78.8634,28.6998],[78.8698,28.6969],[78.8794,28.6904],[78.8879,28.6945],[78.9055,28.7061],[78.9139,28.7062],[78.9193,28.7043],[78.946,28.7129],[78.945,28.7184],[78.9475,28.7214],[78.9468,28.7265],[78.9491,28.7295],[78.9468,28.7332],[78.9537,28.7386],[78.9528,28.7441],[78.9615,28.7529],[78.9694,28.758],[78.9757,28.7632],[78.976,28.7674],[78.9737,28.7729],[78.9705,28.775],[78.965,28.7749],[78.961,28.7788],[78.9569,28.7792],[78.9518,28.7815],[78.9547,28.7864],[78.9608,28.7914],[78.9673,28.7936],[78.9689,28.7983],[78.9688,28.8101],[78.9737,28.8135],[78.9721,28.8209],[78.9723,28.8253],[78.9683,28.8262],[78.9629,28.8251],[78.9595,28.8234],[78.9577,28.8211],[78.9515,28.8242],[78.9417,28.8321],[78.9444,28.8351],[78.9407,28.8368],[78.9444,28.8384],[78.947,28.8472],[78.9471,28.8499],[78.944,28.8505],[78.9382,28.8552],[78.9348,28.8545],[78.9327,28.8577],[78.9283,28.859],[78.9245,28.8563],[78.917,28.8613],[78.9105,28.8633],[78.9084,28.8717],[78.9125,28.8756],[78.9101,28.8787],[78.906,28.88],[78.9068,28.886],[78.9049,28.8889],[78.891,28.8911],[78.8878,28.8975],[78.8892,28.9041],[78.8902,28.9187],[78.89,28.9251],[78.8901,28.9278],[78.8944,28.9279],[78.8962,28.9297],[78.8916,28.9332],[78.8954,28.9354],[78.9022,28.9356],[78.9037,28.9385],[78.8995,28.9465],[78.9022,28.9485],[78.8841,28.9606],[78.8917,28.9736],[78.8849,28.9811],[78.8883,28.9843],[78.9041,28.9804],[78.9136,28.9915],[78.9102,28.994],[78.9136,28.9966],[78.9227,28.9969],[78.9258,29.0003],[78.9346,29.007],[78.9364,29.0064],[78.9391,29.0076],[78.9414,29.0131],[78.9441,29.0175],[78.9471,29.0204],[78.9498,29.0328],[78.9486,29.0372],[78.9402,29.0492],[78.9408,29.0556],[78.9378,29.0611],[78.9416,29.0643],[78.9432,29.0685],[78.9384,29.0737],[78.9352,29.0795],[78.9378,29.0822],[78.9423,29.0826],[78.9499,29.0774],[78.9505,29.0857],[78.9482,29.0919],[78.9483,29.096],[78.9514,29.0957],[78.9596,29.092],[78.96,29.0934],[78.9584,29.0957],[78.9511,29.1002],[78.9492,29.1035],[78.9574,29.1092],[78.9604,29.1169],[78.9654,29.1204],[78.9693,29.1215],[78.9699,29.1232],[78.9689,29.1303],[78.9668,29.1388],[78.9641,29.1399],[78.9619,29.1432],[78.9641,29.1451],[78.9688,29.1418],[78.9728,29.1399],[78.9754,29.1412],[78.9763,29.1458],[78.9727,29.1556],[78.9732,29.1571],[78.9723,29.1585],[78.9725,29.1598],[78.9743,29.1607],[78.9786,29.1595],[78.9851,29.1548],[78.991,29.1487],[78.9946,29.1409],[78.9955,29.1313],[79,29.1291],[79.0045,29.1276],[79.0073,29.1232],[79.0066,29.1193],[79.0103,29.1169],[79.0125,29.1105],[79.0185,29.1144],[79.0289,29.1118],[79.0337,29.1129],[79.038,29.1155],[79.0416,29.1194],[79.0429,29.1242],[79.0396,29.1269],[79.0354,29.1271],[79.0309,29.129],[79.0238,29.1286],[79.0207,29.1301],[79.0205,29.1333],[79.024,29.1388],[79.0247,29.1431],[79.0224,29.147],[79.0229,29.1512],[79.0253,29.1516],[79.0289,29.1479],[79.0334,29.1447],[79.0384,29.1438],[79.0406,29.1463],[79.0394,29.1498],[79.0395,29.1547],[79.0359,29.1573],[79.0337,29.1612],[79.035,29.1647],[79.0381,29.1659],[79.0389,29.1662],[79.0458,29.165],[79.0502,29.1602],[79.0581,29.1487],[79.0663,29.1491],[79.0714,29.1502],[79.0848,29.1459],[79.1042,29.1307],[79.1127,29.1256],[79.1205,29.1244],[79.1256,29.1246],[79.1298,29.1278],[79.1428,29.1233],[79.1458,29.1181],[79.1542,29.1136],[79.1559,29.1005],[79.1551,29.0929],[79.1489,29.0848],[79.1466,29.0758],[79.1489,29.0633],[79.1556,29.054],[79.1653,29.0487],[79.1773,29.0452],[79.172,29.0372],[79.1705,29.0281],[79.166,29.0268],[79.1663,29.0213],[79.1701,29.0168],[79.1759,29.0145],[79.1774,29.0112],[79.1804,29.0098],[79.1894,29.0135],[79.1968,29.0119],[79.1948,29.0181],[79.2094,29.016],[79.211,29.0192],[79.2159,29.023],[79.223,29.0176],[79.2334,29.0112],[79.2496,29.0007],[79.2512,28.9938],[79.2557,28.9904],[79.2618,28.9861],[79.2698,28.9808],[79.2761,28.976],[79.2803,28.9713],[79.2823,28.9693],[79.2855,28.9668],[79.2907,28.9587],[79.2978,28.9544],[79.3073,28.9482],[79.3107,28.947],[79.3133,28.9467],[79.3165,28.9478],[79.319,28.9524],[79.3239,28.9519],[79.3284,28.9507],[79.3327,28.9506],[79.3406,28.9493],[79.3455,28.9489],[79.3494,28.9484],[79.3557,28.947],[79.3614,28.946],[79.3637,28.9463],[79.3666,28.9473],[79.3657,28.9507],[79.3646,28.9527],[79.3647,28.9551],[79.3669,28.9592],[79.369,28.9619],[79.3715,28.9644],[79.3752,28.9606],[79.3769,28.9559],[79.3793,28.9538],[79.3808,28.9516],[79.3826,28.9485],[79.3841,28.9451],[79.3843,28.9415],[79.3852,28.9357],[79.3867,28.9333],[79.3888,28.9309],[79.3911,28.9302],[79.3968,28.9312],[79.4012,28.9322],[79.4074,28.9306],[79.4101,28.929],[79.4132,28.9262],[79.4144,28.9229],[79.4132,28.9153],[79.4108,28.9109],[79.4118,28.9049],[79.413,28.8958],[79.4129,28.8937],[79.4121,28.8895],[79.4074,28.8793]]]},"properties":{"district_name":"Rampur","raw_district_name":"Rampur","state_code":"UP","state_name":"Uttar Pradesh","census_code":136,"data_source":"DataMeet India Maps (Census 2011 Boundaries)"}},{"type":"Feature","geometry":{"type":"Polygon","coordinates":[[[77.9446,30.2417],[77.9434,30.2377],[77.9429,30.2366],[77.9424,30.2347],[77.9402,30.2312],[77.9362,30.2265],[77.9349,30.2245],[77.9311,30.2195],[77.9276,30.2166],[77.9244,30.2135],[77.9206,30.2117],[77.9175,30.21],[77.9162,30.2078],[77.9153,30.2045],[77.9134,30.2005],[77.9129,30.1988],[77.912,30.1896],[77.9113,30.187],[77.9101,30.183],[77.909,30.181],[77.9058,30.1782],[77.9031,30.1751],[77.9009,30.1735],[77.8923,30.1644],[77.8909,30.1633],[77.8896,30.1617],[77.8863,30.1587],[77.885,30.1578],[77.8816,30.1535],[77.8784,30.1498],[77.8779,30.1468],[77.8773,30.1447],[77.8742,30.1388],[77.8728,30.1363],[77.872,30.1352],[77.8708,30.1328],[77.8681,30.1284],[77.8652,30.1257],[77.8634,30.1234],[77.861,30.1193],[77.8601,30.1182],[77.8575,30.1142],[77.8564,30.1131],[77.8556,30.1115],[77.8514,30.107],[77.8503,30.1062],[77.8489,30.1047],[77.8456,30.1027],[77.8434,30.102],[77.8412,30.1009],[77.8394,30.1003],[77.8381,30.0995],[77.8367,30.096],[77.8347,30.0936],[77.8346,30.0917],[77.8327,30.0884],[77.8307,30.0863],[77.828,30.0849],[77.8258,30.0844],[77.8235,30.0843],[77.8208,30.085],[77.8182,30.0867],[77.8169,30.0884],[77.8155,30.0893],[77.8138,30.0909],[77.8115,30.0926],[77.8105,30.0936],[77.8078,30.0954],[77.8067,30.0958],[77.8046,30.0966],[77.8023,30.0963],[77.7992,30.0947],[77.7987,30.0939],[77.7979,30.0915],[77.7955,30.088],[77.7945,30.0856],[77.7928,30.0839],[77.7914,30.0802],[77.79,30.0772],[77.7886,30.0724],[77.7879,30.0711],[77.7861,30.0686],[77.7846,30.0672],[77.7825,30.0631],[77.7818,30.0629],[77.7806,30.0617],[77.778,30.0578],[77.7771,30.0557],[77.7742,30.0502],[77.771,30.0453],[77.7702,30.043],[77.7709,30.0413],[77.7725,30.0397],[77.7747,30.0379],[77.7765,30.0369],[77.7783,30.0344],[77.7827,30.0316],[77.7852,30.0284],[77.7859,30.0278],[77.7865,30.0268],[77.7862,30.0243],[77.7849,30.021],[77.7821,30.0186],[77.7804,30.0177],[77.7755,30.0164],[77.7724,30.0152],[77.7702,30.0143],[77.7659,30.0121],[77.7617,30.0089],[77.759,30.0061],[77.7572,30.0036],[77.7558,30.0007],[77.7534,29.9889],[77.7493,29.9855],[77.7426,29.9822],[77.7435,29.9791],[77.7567,29.9666],[77.7575,29.9623],[77.756,29.9585],[77.7526,29.9536],[77.7452,29.9497],[77.7419,29.9466],[77.7415,29.9403],[77.7379,29.9383],[77.7331,29.9338],[77.7301,29.9297],[77.7314,29.9276],[77.7366,29.9248],[77.7412,29.9233],[77.742,29.9175],[77.7455,29.9082],[77.7435,29.906],[77.7396,29.9038],[77.7372,29.9006],[77.7325,29.8975],[77.7299,29.8893],[77.7254,29.8863],[77.7234,29.8828],[77.7154,29.8845],[77.7149,29.8804],[77.7155,29.8732],[77.7143,29.8665],[77.7156,29.8624],[77.7184,29.8584],[77.7219,29.8542],[77.7257,29.8512],[77.7424,29.8478],[77.7432,29.8366],[77.7415,29.8322],[77.7443,29.8292],[77.7512,29.8249],[77.7546,29.8193],[77.7562,29.8109],[77.7535,29.8061],[77.7544,29.8042],[77.7616,29.799],[77.7652,29.7921],[77.7769,29.7801],[77.7728,29.7759],[77.7729,29.7734],[77.7776,29.7704],[77.7757,29.765],[77.7779,29.7583],[77.7738,29.7504],[77.773,29.7473],[77.774,29.7384],[77.7795,29.7324],[77.7814,29.7292],[77.7801,29.7252],[77.7759,29.7207],[77.7698,29.7105],[77.771,29.708],[77.7741,29.7064],[77.7819,29.7045],[77.7948,29.7029],[77.807,29.695],[77.8096,29.6924],[77.8013,29.6804],[77.8046,29.6765],[77.8166,29.6714],[77.8231,29.667],[77.8138,29.656],[77.7959,29.6369],[77.791,29.6287],[77.7828,29.6323],[77.7775,29.6288],[77.7734,29.6242],[77.7651,29.6211],[77.7587,29.6124],[77.7479,29.6072],[77.7442,29.6038],[77.7353,29.6105],[77.7303,29.6124],[77.7273,29.6171],[77.7233,29.6167],[77.7224,29.6113],[77.7191,29.6085],[77.6968,29.6144],[77.6856,29.5957],[77.6718,29.5788],[77.6665,29.5741],[77.6617,29.5611],[77.6577,29.5615],[77.6535,29.5672],[77.6512,29.5735],[77.65,29.5797],[77.6504,29.5886],[77.6335,29.6006],[77.6297,29.6021],[77.6271,29.6057],[77.625,29.613],[77.6156,29.6159],[77.6004,29.6225],[77.5917,29.6209],[77.5683,29.6264],[77.5536,29.6272],[77.5461,29.6322],[77.5387,29.6335],[77.5324,29.6293],[77.5334,29.6202],[77.5265,29.62],[77.5209,29.6228],[77.5158,29.6275],[77.5126,29.6246],[77.5085,29.6239],[77.501,29.6254],[77.4942,29.6287],[77.4888,29.6325],[77.4908,29.642],[77.4862,29.6463],[77.4857,29.6488],[77.4874,29.6523],[77.4861,29.6554],[77.4765,29.6557],[77.4716,29.657],[77.4593,29.6686],[77.4534,29.6711],[77.4463,29.6697],[77.4429,29.6675],[77.4409,29.6638],[77.4406,29.6588],[77.4378,29.6544],[77.4328,29.6496],[77.4277,29.6512],[77.4173,29.6574],[77.4136,29.6553],[77.4099,29.6518],[77.4051,29.6528],[77.4025,29.6545],[77.3949,29.6487],[77.3906,29.6463],[77.3837,29.6475],[77.3786,29.6497],[77.3742,29.6528],[77.3671,29.6542],[77.3644,29.6504],[77.3591,29.652],[77.3563,29.6486],[77.3477,29.6503],[77.3417,29.6451],[77.3385,29.6457],[77.3336,29.6483],[77.3307,29.6517],[77.3257,29.6547],[77.3107,29.6601],[77.3049,29.6648],[77.3039,29.6688],[77.2999,29.6707],[77.2907,29.6717],[77.2878,29.6736],[77.2855,29.6739],[77.2823,29.6699],[77.2816,29.665],[77.2788,29.6645],[77.2725,29.6664],[77.2697,29.6694],[77.2651,29.6723],[77.2594,29.6747],[77.2572,29.673],[77.2347,29.6869],[77.2309,29.6881],[77.223,29.6955],[77.2205,29.6922],[77.2161,29.6897],[77.2087,29.6862],[77.2054,29.6858],[77.2027,29.6796],[77.1925,29.682],[77.1825,29.6828],[77.1741,29.6859],[77.1675,29.6892],[77.1616,29.6905],[77.1555,29.6868],[77.1481,29.6898],[77.1438,29.6946],[77.1515,29.6953],[77.1543,29.6967],[77.155,29.7011],[77.1519,29.7124],[77.1343,29.7312],[77.1343,29.738],[77.1269,29.7401],[77.1247,29.7437],[77.1259,29.7494],[77.1296,29.7556],[77.1306,29.7594],[77.1288,29.7661],[77.1301,29.7707],[77.1353,29.773],[77.1438,29.7741],[77.1492,29.7773],[77.154,29.7827],[77.1642,29.7884],[77.1658,29.7928],[77.1636,29.7986],[77.1639,29.8028],[77.1658,29.8089],[77.1675,29.8119],[77.1771,29.8196],[77.1809,29.8247],[77.179,29.8389],[77.1795,29.8415],[77.1901,29.8573],[77.192,29.8643],[77.1944,29.8684],[77.1943,29.8767],[77.197,29.8855],[77.1969,29.89],[77.1916,29.8974],[77.1922,29.9014],[77.198,29.9082],[77.1989,29.9127],[77.2012,29.9172],[77.2077,29.9224],[77.2147,29.9263],[77.2232,29.9359],[77.2359,29.9499],[77.2371,29.9537],[77.2417,29.9571],[77.2441,29.9615],[77.2453,29.9688],[77.2477,29.9763],[77.2627,29.9836],[77.267,29.9883],[77.2674,29.9911],[77.2754,29.9973],[77.2738,30.0008],[77.2742,30.0025],[77.2766,30.0082],[77.2777,30.0132],[77.2799,30.0173],[77.282,30.0226],[77.2854,30.0292],[77.2841,30.0351],[77.2822,30.0394],[77.2827,30.0435],[77.2886,30.0456],[77.2928,30.0477],[77.2985,30.0526],[77.3042,30.0536],[77.31,30.0555],[77.3153,30.0557],[77.3253,30.0557],[77.3372,30.0569],[77.3441,30.0596],[77.3496,30.0634],[77.3609,30.0718],[77.3694,30.0793],[77.381,30.0867],[77.3859,30.0881],[77.3928,30.0881],[77.405,30.0895],[77.4093,30.0908],[77.4211,30.0976],[77.427,30.1022],[77.4267,30.1062],[77.4226,30.1062],[77.4186,30.1064],[77.4132,30.1083],[77.4105,30.1138],[77.4158,30.1161],[77.4212,30.1183],[77.4252,30.1228],[77.4281,30.1286],[77.4304,30.1363],[77.4275,30.1386],[77.4234,30.141],[77.424,30.1448],[77.4279,30.1518],[77.4362,30.1636],[77.4433,30.1615],[77.4478,30.165],[77.453,30.1643],[77.4595,30.1637],[77.4642,30.1687],[77.4687,30.176],[77.4729,30.1789],[77.486,30.1837],[77.4895,30.1901],[77.4927,30.1972],[77.4967,30.2051],[77.5013,30.2138],[77.5065,30.2225],[77.5088,30.2287],[77.5183,30.2373],[77.5327,30.2552],[77.5354,30.2613],[77.5376,30.2731],[77.5397,30.2774],[77.5451,30.2819],[77.5534,30.286],[77.5583,30.2892],[77.5687,30.2976],[77.5765,30.3012],[77.5833,30.3063],[77.5869,30.314],[77.588,30.3211],[77.5831,30.3266],[77.5829,30.3322],[77.5877,30.342],[77.5959,30.3535],[77.6051,30.3659],[77.6033,30.3723],[77.5976,30.3765],[77.588,30.3796],[77.5893,30.385],[77.5861,30.3882],[77.581,30.3939],[77.5762,30.3996],[77.5803,30.4],[77.5817,30.4019],[77.5827,30.403],[77.5843,30.4038],[77.586,30.4054],[77.5881,30.4069],[77.5907,30.4076],[77.5929,30.407],[77.5975,30.4051],[77.5979,30.4039],[77.5996,30.4031],[77.6001,30.4032],[77.6009,30.4036],[77.6042,30.4042],[77.6056,30.4046],[77.611,30.404],[77.6122,30.404],[77.6159,30.4035],[77.6173,30.4038],[77.6192,30.4046],[77.6203,30.4047],[77.6214,30.4053],[77.6223,30.4055],[77.6244,30.4027],[77.6277,30.4009],[77.6301,30.4004],[77.6314,30.4004],[77.6352,30.3998],[77.6367,30.4002],[77.6387,30.4021],[77.6437,30.4059],[77.6461,30.4062],[77.6474,30.406],[77.6489,30.4052],[77.6498,30.4043],[77.6526,30.4022],[77.6531,30.4015],[77.6546,30.4004],[77.6562,30.3996],[77.6577,30.3976],[77.6589,30.397],[77.6608,30.3931],[77.6651,30.3905],[77.6685,30.3898],[77.6712,30.389],[77.6729,30.389],[77.6735,30.3888],[77.6745,30.3883],[77.6747,30.3877],[77.6756,30.3867],[77.6762,30.3856],[77.6769,30.3826],[77.6767,30.3806],[77.6764,30.3798],[77.6773,30.379],[77.679,30.3785],[77.6801,30.3787],[77.682,30.3785],[77.685,30.379],[77.6865,30.3807],[77.6871,30.3796],[77.6902,30.3758],[77.6907,30.3741],[77.6929,30.3706],[77.6934,30.3693],[77.6959,30.3664],[77.6971,30.3646],[77.6975,30.3632],[77.6991,30.3619],[77.7002,30.3596],[77.7038,30.3547],[77.7044,30.3532],[77.7059,30.3522],[77.7066,30.3507],[77.7074,30.3503],[77.7103,30.3466],[77.7108,30.3453],[77.7142,30.3424],[77.7181,30.3388],[77.7209,30.3363],[77.7231,30.3349],[77.7239,30.3337],[77.7262,30.3329],[77.7285,30.3318],[77.7308,30.3311],[77.734,30.3304],[77.7358,30.3291],[77.7387,30.3279],[77.7428,30.3264],[77.7455,30.3249],[77.7489,30.3242],[77.7508,30.3231],[77.7533,30.3233],[77.7557,30.3225],[77.7614,30.3203],[77.7644,30.3196],[77.7702,30.3159],[77.7718,30.315],[77.7738,30.314],[77.7758,30.3134],[77.7781,30.3123],[77.7861,30.308],[77.7904,30.3048],[77.7916,30.3042],[77.7963,30.3013],[77.7974,30.3004],[77.8021,30.2985],[77.8124,30.2925],[77.8149,30.2909],[77.8205,30.2885],[77.8222,30.287],[77.8255,30.2856],[77.8317,30.284],[77.8372,30.2812],[77.8418,30.2795],[77.8459,30.2786],[77.8494,30.2771],[77.8534,30.276],[77.8556,30.2752],[77.8607,30.2736],[77.865,30.2714],[77.869,30.2688],[77.871,30.2672],[77.8741,30.2662],[77.8787,30.2653],[77.8803,30.2659],[77.8821,30.2669],[77.8846,30.2692],[77.8871,30.269],[77.893,30.2667],[77.8953,30.2653],[77.9033,30.263],[77.9048,30.2621],[77.9095,30.2608],[77.9134,30.2592],[77.9167,30.2575],[77.9211,30.2555],[77.9234,30.2541],[77.9267,30.2524],[77.93,30.2509],[77.9331,30.2488],[77.935,30.2465],[77.937,30.2446],[77.9385,30.2435],[77.9413,30.2425],[77.9446,30.2417]]]},"properties":{"district_name":"Saharanpur","raw_district_name":"Saharanpur","state_code":"UP","state_name":"Uttar Pradesh","census_code":132,"data_source":"DataMeet India Maps (Census 2011 Boundaries)"}},{"type":"Feature","geometry":{"type":"Polygon","coordinates":[[[83.1275,27.1017],[83.1306,27.0974],[83.1296,27.0921],[83.1309,27.0863],[83.1322,27.0843],[83.1379,27.0796],[83.1407,27.0753],[83.1415,27.0714],[83.1388,27.0659],[83.139,27.0642],[83.148,27.0584],[83.1495,27.0557],[83.1512,27.0548],[83.1514,27.052],[83.1494,27.0498],[83.1443,27.0479],[83.1419,27.0505],[83.1418,27.0526],[83.1402,27.0547],[83.1346,27.0546],[83.1332,27.0529],[83.132,27.0493],[83.1331,27.0466],[83.1409,27.0442],[83.1443,27.0407],[83.147,27.0397],[83.1507,27.0405],[83.1515,27.0375],[83.148,27.0315],[83.1446,27.0282],[83.1414,27.025],[83.1399,27.0219],[83.1417,27.0208],[83.1426,27.0212],[83.1464,27.0232],[83.1499,27.0224],[83.1497,27.0197],[83.146,27.0187],[83.1437,27.0168],[83.144,27.0111],[83.1435,27.01],[83.143,27.0084],[83.1443,27.0049],[83.1467,27.0034],[83.1481,27.0035],[83.1522,27.0098],[83.153,27.0109],[83.1545,27.0101],[83.1546,27.0101],[83.1586,27.004],[83.1609,27.0028],[83.1622,27.0036],[83.1627,27.0051],[83.1592,27.0105],[83.1586,27.0114],[83.1598,27.013],[83.1641,27.0148],[83.1651,27.0145],[83.1648,27.0103],[83.1648,27.0102],[83.1662,27.0095],[83.1692,27.0101],[83.1716,27.0105],[83.1726,27.0099],[83.1753,27.0083],[83.1753,27.007],[83.1686,27.0005],[83.1745,27.0019],[83.187,27.0071],[83.1873,27.0072],[83.1967,27.0129],[83.2069,27.017],[83.2098,27.0174],[83.2159,27.0172],[83.2168,27.0164],[83.217,27.0138],[83.2135,27.0006],[83.2211,26.9937],[83.222,26.9929],[83.2266,26.9868],[83.2273,26.9832],[83.2264,26.9789],[83.2196,26.9726],[83.2157,26.97],[83.2107,26.9681],[83.2056,26.9672],[83.1963,26.9677],[83.206,26.9589],[83.2088,26.9544],[83.2081,26.9524],[83.2031,26.9482],[83.1962,26.9473],[83.196,26.9446],[83.1992,26.9409],[83.2024,26.9408],[83.2061,26.9422],[83.2088,26.9446],[83.2164,26.9485],[83.2256,26.9428],[83.2273,26.9407],[83.2275,26.9368],[83.2257,26.9337],[83.2203,26.9323],[83.2147,26.9369],[83.2116,26.9371],[83.2104,26.9354],[83.2119,26.9311],[83.2115,26.9279],[83.21,26.9254],[83.2196,26.9179],[83.2219,26.9153],[83.223,26.9114],[83.2219,26.9092],[83.2198,26.9072],[83.2154,26.9072],[83.2082,26.9095],[83.2053,26.9077],[83.2088,26.9041],[83.2143,26.9008],[83.2161,26.8988],[83.2178,26.895],[83.216,26.8894],[83.2173,26.8842],[83.2079,26.881],[83.1754,26.8766],[83.1688,26.881],[83.1658,26.8804],[83.1612,26.8735],[83.1576,26.8718],[83.1518,26.8752],[83.1452,26.884],[83.1395,26.8897],[83.1375,26.8872],[83.1343,26.8792],[83.1345,26.8759],[83.1364,26.8729],[83.1363,26.87],[83.1339,26.8675],[83.1351,26.8644],[83.1327,26.8573],[83.1278,26.8478],[83.1228,26.8471],[83.1203,26.8411],[83.1212,26.8374],[83.1206,26.8342],[83.1255,26.8301],[83.1207,26.8188],[83.1148,26.8119],[83.1101,26.8108],[83.104,26.8083],[83.1003,26.8078],[83.1058,26.7986],[83.1132,26.7901],[83.1154,26.7782],[83.1125,26.7744],[83.1128,26.7665],[83.1177,26.7641],[83.1229,26.7646],[83.1287,26.7662],[83.1309,26.7683],[83.1323,26.7764],[83.1343,26.7778],[83.1362,26.7772],[83.138,26.7728],[83.1426,26.7703],[83.1445,26.7673],[83.1449,26.759],[83.1421,26.7556],[83.1455,26.7461],[83.1426,26.7419],[83.1376,26.7389],[83.1328,26.7345],[83.1346,26.7305],[83.1339,26.7279],[83.1298,26.7281],[83.1213,26.7253],[83.1204,26.722],[83.1178,26.7208],[83.1102,26.7234],[83.1079,26.723],[83.1081,26.7193],[83.11,26.7134],[83.1096,26.7118],[83.1036,26.7146],[83.1015,26.7182],[83.0982,26.7198],[83.0942,26.7192],[83.0901,26.7149],[83.0856,26.7005],[83.09,26.6991],[83.0903,26.6905],[83.0924,26.689],[83.0963,26.6882],[83.1005,26.6834],[83.1037,26.6822],[83.1075,26.6829],[83.111,26.6862],[83.1144,26.6865],[83.1172,26.684],[83.1161,26.6808],[83.1069,26.6715],[83.1049,26.6658],[83.1024,26.6622],[83.1032,26.6586],[83.1081,26.658],[83.1239,26.6593],[83.1288,26.659],[83.1326,26.6549],[83.1326,26.6505],[83.1346,26.6471],[83.1323,26.6407],[83.1321,26.638],[83.1356,26.6367],[83.1352,26.633],[83.1318,26.6302],[83.1279,26.6238],[83.1212,26.6204],[83.1192,26.6214],[83.116,26.621],[83.1125,26.6191],[83.1093,26.6157],[83.1099,26.6103],[83.1132,26.6044],[83.1178,26.5995],[83.1202,26.5939],[83.1252,26.5967],[83.1306,26.5968],[83.1373,26.595],[83.1392,26.5902],[83.1398,26.5795],[83.1424,26.5769],[83.145,26.5718],[83.1458,26.5668],[83.143,26.5651],[83.1412,26.5622],[83.1492,26.5552],[83.1549,26.5422],[83.1585,26.5389],[83.1653,26.535],[83.1714,26.5304],[83.1778,26.527],[83.183,26.5266],[83.1871,26.5302],[83.1909,26.5321],[83.2013,26.5287],[83.2054,26.5241],[83.202,26.5201],[83.1973,26.5167],[83.1964,26.5129],[83.1976,26.5031],[83.1966,26.4976],[83.1934,26.4917],[83.19,26.4889],[83.1863,26.4892],[83.1848,26.4927],[83.175,26.4982],[83.1723,26.5013],[83.1705,26.505],[83.1687,26.506],[83.151,26.5001],[83.1415,26.495],[83.1085,26.4888],[83.0968,26.4838],[83.0921,26.4795],[83.0888,26.4747],[83.0863,26.4683],[83.098,26.4541],[83.0989,26.4463],[83.0973,26.4392],[83.0943,26.4345],[83.0983,26.432],[83.0961,26.4251],[83.0915,26.4247],[83.0882,26.4207],[83.0824,26.4217],[83.0821,26.4154],[83.0708,26.4078],[83.0573,26.4208],[83.049,26.4322],[83.0387,26.4441],[83.0317,26.4558],[83.0288,26.4625],[83.0282,26.4683],[83.0246,26.474],[83.0187,26.4784],[83,26.4851],[82.9834,26.4907],[82.9747,26.4937],[82.9596,26.5021],[82.956,26.5059],[82.9511,26.5071],[82.9443,26.507],[82.9351,26.5162],[82.9277,26.5203],[82.9172,26.5323],[82.9032,26.5408],[82.9063,26.5375],[82.8948,26.541],[82.8865,26.5421],[82.8819,26.5401],[82.8794,26.5503],[82.8792,26.5583],[82.8836,26.5706],[82.8997,26.5913],[82.9027,26.597],[82.9024,26.6056],[82.9018,26.6099],[82.9015,26.619],[82.9074,26.6202],[82.916,26.6166],[82.9223,26.615],[82.9258,26.619],[82.9263,26.6247],[82.9242,26.63],[82.9136,26.6374],[82.9128,26.6441],[82.9167,26.6479],[82.9241,26.6513],[82.9331,26.6533],[82.9365,26.6588],[82.9372,26.6639],[82.9343,26.6695],[82.9349,26.673],[82.9403,26.6767],[82.9474,26.6774],[82.9525,26.6715],[82.9565,26.6551],[82.9612,26.649],[82.9727,26.6494],[82.979,26.6522],[82.9806,26.6633],[82.9726,26.6729],[82.9717,26.6802],[82.9727,26.6832],[82.9817,26.691],[82.9831,26.6966],[82.9819,26.7029],[82.9699,26.7163],[82.9713,26.7202],[82.9798,26.7258],[82.9796,26.7314],[82.9634,26.7399],[82.9538,26.7434],[82.9525,26.7495],[82.9491,26.7541],[82.943,26.7581],[82.9345,26.7607],[82.9294,26.7716],[82.9358,26.7813],[82.9359,26.7861],[82.9316,26.7913],[82.9259,26.7931],[82.9099,26.7905],[82.8935,26.7892],[82.8891,26.7914],[82.8867,26.7954],[82.8586,26.8286],[82.8481,26.8366],[82.8399,26.8419],[82.8366,26.8496],[82.8382,26.8535],[82.8435,26.8601],[82.8612,26.8748],[82.8672,26.8818],[82.8681,26.8875],[82.8623,26.8925],[82.8485,26.9106],[82.8498,26.9162],[82.8559,26.9193],[82.8673,26.9183],[82.8694,26.9228],[82.8607,26.9308],[82.8602,26.9354],[82.8661,26.9393],[82.8784,26.9349],[82.9027,26.9262],[82.9158,26.9234],[82.9234,26.926],[82.9249,26.9297],[82.9263,26.9291],[82.9267,26.9345],[82.9212,26.9388],[82.9164,26.9395],[82.911,26.9363],[82.9106,26.9365],[82.9088,26.9378],[82.9069,26.9393],[82.9075,26.9502],[82.911,26.951],[82.9152,26.9587],[82.9133,26.9713],[82.9133,26.9714],[82.9089,26.9784],[82.906,26.9814],[82.9059,26.9815],[82.9011,26.9826],[82.9052,26.986],[82.9054,26.9862],[82.9053,26.9869],[82.9051,26.9898],[82.9049,26.99],[82.9022,26.9927],[82.8991,26.9934],[82.8957,26.991],[82.8929,26.9904],[82.8928,26.9933],[82.8931,26.9955],[82.8932,26.9958],[82.9003,27.0162],[82.9048,27.0211],[82.9205,27.0244],[82.9349,27.0221],[82.9474,27.0206],[82.9501,27.0217],[82.9513,27.0286],[82.9518,27.031],[82.9548,27.0315],[82.9659,27.0338],[82.969,27.0404],[82.9754,27.0444],[82.9778,27.0474],[82.9764,27.0485],[82.9749,27.0498],[82.9711,27.0506],[82.9696,27.0506],[82.9692,27.0509],[82.9665,27.0535],[82.9657,27.0542],[82.9664,27.0554],[82.9677,27.0576],[82.9688,27.0593],[82.9708,27.0598],[82.9746,27.0607],[82.976,27.061],[82.984,27.0606],[82.9842,27.0687],[82.9863,27.0729],[82.9981,27.0768],[83.0068,27.0745],[83.0148,27.0733],[83.0177,27.076],[83.0191,27.0773],[83.0192,27.0816],[83.0193,27.0834],[83.0202,27.0841],[83.0229,27.0859],[83.0336,27.083],[83.039,27.0829],[83.0376,27.0894],[83.0351,27.0946],[83.0344,27.0958],[83.0354,27.0961],[83.0398,27.0971],[83.0407,27.0974],[83.0635,27.0968],[83.0821,27.0995],[83.0909,27.0975],[83.0963,27.1009],[83.0978,27.1019],[83.1024,27.1075],[83.1106,27.1081],[83.1129,27.104],[83.1168,27.0994],[83.1193,27.0966],[83.1214,27.0967],[83.1275,27.1017]]]},"properties":{"district_name":"Sant Kabir Nagar","raw_district_name":"Sant Kabir Nagar","state_code":"UP","state_name":"Uttar Pradesh","census_code":186,"data_source":"DataMeet India Maps (Census 2011 Boundaries)"}},{"type":"Feature","geometry":{"type":"Polygon","coordinates":[[[82.6937,25.3945],[82.6938,25.3945],[82.696,25.3936],[82.6975,25.3927],[82.6998,25.3917],[82.7011,25.3912],[82.7034,25.3906],[82.7059,25.3896],[82.7069,25.3891],[82.7093,25.3882],[82.7104,25.3882],[82.7109,25.3875],[82.7111,25.3864],[82.711,25.3852],[82.7107,25.3837],[82.7107,25.3825],[82.7107,25.3822],[82.7105,25.3802],[82.7099,25.3784],[82.709,25.3771],[82.7082,25.3764],[82.7075,25.3757],[82.7073,25.3755],[82.7069,25.3752],[82.7061,25.3739],[82.706,25.3716],[82.7059,25.3705],[82.706,25.3691],[82.7061,25.368],[82.7066,25.3661],[82.7064,25.3649],[82.7063,25.3633],[82.7061,25.3623],[82.7055,25.3609],[82.7049,25.3616],[82.7032,25.3637],[82.7025,25.3643],[82.7007,25.3669],[82.6998,25.3674],[82.6976,25.366],[82.6964,25.3646],[82.6952,25.3637],[82.6944,25.3638],[82.6936,25.3635],[82.6923,25.3624],[82.6918,25.3611],[82.6918,25.3601],[82.6915,25.3594],[82.6906,25.3584],[82.6895,25.3578],[82.6888,25.3576],[82.6874,25.3576],[82.6854,25.3566],[82.6833,25.3546],[82.6827,25.3527],[82.6841,25.3485],[82.6862,25.3453],[82.6868,25.344],[82.6869,25.3433],[82.6876,25.3407],[82.6875,25.3397],[82.6877,25.3379],[82.6882,25.3348],[82.6886,25.3324],[82.6906,25.3312],[82.6942,25.3303],[82.698,25.3287],[82.6983,25.3286],[82.6998,25.3277],[82.7007,25.3272],[82.7018,25.326],[82.7028,25.3245],[82.7036,25.3231],[82.7038,25.3226],[82.704,25.3217],[82.7039,25.3204],[82.7037,25.319],[82.7033,25.318],[82.7025,25.316],[82.7016,25.3143],[82.7012,25.3135],[82.7002,25.3122],[82.6995,25.3116],[82.6978,25.3108],[82.6961,25.3108],[82.6948,25.3105],[82.6937,25.3084],[82.6935,25.3077],[82.6934,25.3073],[82.6928,25.3055],[82.6923,25.304],[82.6913,25.2989],[82.6904,25.2941],[82.6904,25.291],[82.6905,25.2899],[82.6907,25.2887],[82.691,25.2871],[82.6911,25.2851],[82.6911,25.2849],[82.6911,25.2846],[82.6908,25.2833],[82.6905,25.2829],[82.6896,25.2811],[82.6893,25.2806],[82.6886,25.2798],[82.6872,25.2791],[82.6857,25.2791],[82.6836,25.2795],[82.6816,25.2803],[82.6805,25.2805],[82.6791,25.2809],[82.6778,25.281],[82.6754,25.2811],[82.6748,25.2785],[82.6748,25.2778],[82.6745,25.2766],[82.674,25.2743],[82.6738,25.273],[82.6736,25.2688],[82.6732,25.2652],[82.6731,25.2649],[82.6726,25.2622],[82.6722,25.2596],[82.6713,25.257],[82.671,25.2534],[82.672,25.2482],[82.6707,25.2482],[82.6698,25.2487],[82.6688,25.2497],[82.6677,25.2513],[82.667,25.2521],[82.6656,25.2542],[82.6649,25.2552],[82.6623,25.2578],[82.6608,25.2588],[82.6593,25.2597],[82.6571,25.2607],[82.6549,25.2609],[82.6542,25.2608],[82.6511,25.2599],[82.6497,25.2597],[82.6489,25.2588],[82.6482,25.2589],[82.6469,25.2587],[82.6447,25.2579],[82.6427,25.2546],[82.6422,25.2531],[82.6413,25.2493],[82.6411,25.2479],[82.6407,25.246],[82.6406,25.2446],[82.6404,25.2433],[82.6405,25.2405],[82.6402,25.2383],[82.6398,25.2368],[82.6397,25.2339],[82.6393,25.2323],[82.6385,25.2268],[82.638,25.2245],[82.6375,25.2239],[82.6375,25.2219],[82.6373,25.2209],[82.6375,25.2199],[82.6373,25.2184],[82.6365,25.2184],[82.6339,25.2184],[82.632,25.2188],[82.6294,25.2198],[82.6273,25.2207],[82.6226,25.2232],[82.6201,25.2248],[82.618,25.2259],[82.6162,25.2274],[82.6151,25.2293],[82.6145,25.2316],[82.6143,25.2336],[82.6161,25.2424],[82.6152,25.2446],[82.6145,25.2451],[82.6107,25.2456],[82.6058,25.2473],[82.6019,25.2479],[82.5987,25.2486],[82.5964,25.2494],[82.5951,25.2498],[82.5918,25.2505],[82.5905,25.2507],[82.5886,25.2511],[82.5864,25.2512],[82.5833,25.2512],[82.5802,25.2509],[82.5783,25.2505],[82.5768,25.2496],[82.5764,25.2489],[82.5755,25.247],[82.5754,25.2459],[82.5753,25.2438],[82.5749,25.2423],[82.5742,25.2423],[82.5724,25.2434],[82.5695,25.2457],[82.5685,25.2461],[82.5667,25.2457],[82.5658,25.2453],[82.5648,25.2443],[82.5633,25.2431],[82.5618,25.2418],[82.5601,25.2398],[82.559,25.2394],[82.5571,25.2391],[82.5557,25.2392],[82.5543,25.2396],[82.5513,25.24],[82.5494,25.2404],[82.547,25.241],[82.5463,25.241],[82.5445,25.2409],[82.5436,25.2406],[82.5427,25.24],[82.5411,25.2391],[82.5402,25.2388],[82.5392,25.2387],[82.5316,25.2394],[82.5298,25.2399],[82.5268,25.2405],[82.5257,25.2407],[82.5236,25.2409],[82.5211,25.2414],[82.5171,25.2424],[82.5155,25.2426],[82.5145,25.2429],[82.5134,25.2429],[82.5117,25.2429],[82.5077,25.2423],[82.5068,25.2422],[82.5035,25.2424],[82.502,25.2422],[82.4994,25.2421],[82.4976,25.2424],[82.4959,25.2424],[82.4943,25.2426],[82.4928,25.2426],[82.4909,25.2429],[82.4899,25.2431],[82.488,25.2434],[82.4863,25.2434],[82.4833,25.244],[82.48,25.2448],[82.479,25.2452],[82.4769,25.2463],[82.4763,25.2468],[82.4755,25.2452],[82.4737,25.2405],[82.4731,25.2383],[82.4725,25.237],[82.4712,25.2334],[82.4699,25.2302],[82.4693,25.2284],[82.4686,25.2271],[82.4672,25.2233],[82.4665,25.2229],[82.466,25.2228],[82.4615,25.2225],[82.4601,25.2221],[82.4588,25.2218],[82.4566,25.2216],[82.4559,25.2216],[82.4526,25.2209],[82.4509,25.2206],[82.4504,25.2218],[82.4503,25.2223],[82.4503,25.2248],[82.4503,25.2265],[82.45,25.228],[82.4498,25.2288],[82.4498,25.2294],[82.4494,25.2304],[82.4483,25.2317],[82.4471,25.2325],[82.4444,25.2338],[82.4401,25.236],[82.4368,25.2373],[82.4349,25.2389],[82.4328,25.2401],[82.4293,25.2417],[82.4284,25.2429],[82.4271,25.2437],[82.4226,25.2461],[82.417,25.2498],[82.4144,25.2513],[82.4131,25.2519],[82.4098,25.2535],[82.4086,25.2544],[82.4069,25.2561],[82.4047,25.2574],[82.4042,25.2578],[82.4028,25.2587],[82.4016,25.2596],[82.4002,25.2601],[82.3962,25.2613],[82.3951,25.2615],[82.3944,25.2614],[82.3932,25.2615],[82.3916,25.2612],[82.3907,25.2612],[82.3888,25.2599],[82.3877,25.2596],[82.3869,25.2593],[82.3849,25.258],[82.3843,25.2575],[82.3827,25.2557],[82.3806,25.2527],[82.3796,25.2517],[82.3771,25.2487],[82.3765,25.2479],[82.376,25.2469],[82.3748,25.2452],[82.374,25.2439],[82.3714,25.2397],[82.3711,25.2387],[82.3697,25.2368],[82.368,25.2332],[82.3672,25.2311],[82.3665,25.2301],[82.3663,25.229],[82.3656,25.2263],[82.365,25.2243],[82.3644,25.2221],[82.3634,25.2194],[82.3612,25.2149],[82.3607,25.2141],[82.3585,25.2125],[82.357,25.2121],[82.3552,25.2112],[82.3539,25.2106],[82.3511,25.2096],[82.3494,25.2094],[82.348,25.2092],[82.3457,25.2093],[82.341,25.2097],[82.3396,25.2102],[82.3371,25.211],[82.3329,25.2126],[82.331,25.2139],[82.3288,25.2159],[82.3282,25.2166],[82.3273,25.2179],[82.3252,25.2216],[82.325,25.2232],[82.3245,25.2254],[82.3244,25.2263],[82.3242,25.2272],[82.3237,25.2311],[82.3234,25.2345],[82.323,25.2362],[82.3223,25.2379],[82.3219,25.2392],[82.3206,25.2423],[82.3201,25.2432],[82.3197,25.2444],[82.3194,25.2456],[82.3188,25.2471],[82.3185,25.2483],[82.318,25.25],[82.3167,25.2532],[82.3161,25.2551],[82.3156,25.2564],[82.3145,25.2581],[82.3137,25.2591],[82.312,25.2611],[82.3101,25.2626],[82.3089,25.2643],[82.3084,25.2648],[82.3078,25.2651],[82.3063,25.2658],[82.3051,25.2669],[82.3034,25.2689],[82.3014,25.2703],[82.3,25.2717],[82.2976,25.273],[82.2947,25.2739],[82.2902,25.2744],[82.289,25.2744],[82.2867,25.2746],[82.2849,25.2748],[82.2808,25.2744],[82.2794,25.274],[82.2784,25.2738],[82.2767,25.2737],[82.273,25.2729],[82.2722,25.2726],[82.271,25.2719],[82.2697,25.2714],[82.2689,25.2709],[82.266,25.2694],[82.2636,25.268],[82.2602,25.2645],[82.2587,25.2623],[82.2581,25.2613],[82.2548,25.2564],[82.2539,25.2548],[82.2523,25.252],[82.2509,25.249],[82.2504,25.2469],[82.2496,25.245],[82.2471,25.2404],[82.2451,25.2379],[82.2449,25.2371],[82.2428,25.2322],[82.2426,25.2313],[82.2411,25.2246],[82.2409,25.2221],[82.2409,25.2209],[82.2414,25.2193],[82.2416,25.218],[82.242,25.2169],[82.2426,25.2162],[82.2437,25.2148],[82.2443,25.2145],[82.2459,25.2141],[82.2488,25.213],[82.2517,25.2123],[82.2529,25.2119],[82.2572,25.2103],[82.2589,25.2096],[82.2608,25.209],[82.2631,25.2084],[82.2648,25.2081],[82.2661,25.2079],[82.2712,25.2064],[82.2751,25.205],[82.2789,25.2035],[82.2804,25.2031],[82.2817,25.2027],[82.2846,25.2019],[82.2856,25.2016],[82.2874,25.2003],[82.2881,25.1993],[82.2886,25.198],[82.289,25.197],[82.2898,25.1939],[82.289,25.1915],[82.2876,25.19],[82.2868,25.1892],[82.2854,25.1881],[82.2833,25.187],[82.2815,25.1863],[82.2794,25.1854],[82.2778,25.1845],[82.2748,25.1831],[82.2708,25.1816],[82.269,25.1821],[82.2663,25.1829],[82.2629,25.1825],[82.2604,25.1816],[82.2577,25.1811],[82.2543,25.1811],[82.2488,25.1808],[82.2437,25.1808],[82.2379,25.1805],[82.2357,25.1806],[82.2328,25.1809],[82.2289,25.1817],[82.2264,25.1819],[82.2206,25.1827],[82.2161,25.1837],[82.2112,25.1858],[82.2084,25.1874],[82.2049,25.1904],[82.2033,25.1925],[82.2018,25.1942],[82.1993,25.1985],[82.198,25.2016],[82.1969,25.2042],[82.1963,25.2067],[82.1947,25.2162],[82.1955,25.221],[82.196,25.2236],[82.1967,25.226],[82.1995,25.2327],[82.2016,25.2353],[82.203,25.2371],[82.2055,25.24],[82.2065,25.2414],[82.2079,25.2435],[82.209,25.2449],[82.2099,25.2463],[82.2108,25.2481],[82.2125,25.2498],[82.2146,25.2539],[82.217,25.2593],[82.2178,25.2615],[82.2188,25.2639],[82.2194,25.2655],[82.2201,25.2678],[82.2216,25.2734],[82.2224,25.2755],[82.2258,25.2749],[82.2305,25.2746],[82.2323,25.2748],[82.235,25.2747],[82.238,25.2742],[82.24,25.274],[82.2421,25.2743],[82.249,25.2743],[82.251,25.2741],[82.2526,25.2739],[82.2545,25.2753],[82.2551,25.2766],[82.2559,25.2795],[82.2586,25.2837],[82.259,25.2849],[82.2609,25.2876],[82.2621,25.2895],[82.2631,25.2907],[82.2636,25.2918],[82.264,25.2925],[82.2647,25.2925],[82.2671,25.2932],[82.2694,25.2933],[82.2716,25.2939],[82.2725,25.294],[82.2736,25.2945],[82.2754,25.2952],[82.2772,25.2961],[82.2806,25.2981],[82.2834,25.2993],[82.2851,25.2996],[82.2867,25.2996],[82.2892,25.2997],[82.2904,25.2999],[82.2916,25.3006],[82.2936,25.3026],[82.2947,25.3034],[82.2968,25.3042],[82.2974,25.3047],[82.2997,25.306],[82.3004,25.3065],[82.3014,25.3074],[82.3022,25.3082],[82.3033,25.3108],[82.3034,25.3114],[82.3038,25.3126],[82.3032,25.3141],[82.3029,25.3146],[82.3019,25.3186],[82.302,25.3207],[82.3023,25.3214],[82.3023,25.3221],[82.3034,25.3249],[82.3042,25.3264],[82.3057,25.3281],[82.3068,25.3279],[82.3087,25.3279],[82.3111,25.328],[82.3123,25.3286],[82.314,25.3302],[82.3145,25.331],[82.3148,25.3316],[82.3166,25.3338],[82.3187,25.3383],[82.3193,25.3404],[82.3193,25.343],[82.3189,25.3443],[82.3181,25.3456],[82.3175,25.3479],[82.3166,25.3518],[82.3165,25.3529],[82.3166,25.3552],[82.3161,25.357],[82.3138,25.3604],[82.3128,25.3621],[82.3112,25.3639],[82.31,25.3657],[82.3089,25.3669],[82.3084,25.3682],[82.3084,25.3691],[82.3089,25.3695],[82.3093,25.3702],[82.3111,25.371],[82.3137,25.3732],[82.3146,25.3736],[82.3157,25.3745],[82.3172,25.3762],[82.3186,25.3786],[82.32,25.3826],[82.3201,25.3835],[82.3197,25.3843],[82.317,25.386],[82.3152,25.3861],[82.3143,25.386],[82.3126,25.3862],[82.3134,25.3882],[82.3142,25.3899],[82.3149,25.3917],[82.3178,25.3973],[82.3189,25.397],[82.32,25.3964],[82.3213,25.3959],[82.325,25.3936],[82.3259,25.3935],[82.3272,25.3928],[82.3273,25.3938],[82.328,25.3956],[82.3303,25.4012],[82.3307,25.4019],[82.3327,25.4015],[82.335,25.4013],[82.3367,25.4013],[82.3407,25.4008],[82.3416,25.4009],[82.343,25.4026],[82.3455,25.4047],[82.3466,25.4062],[82.3482,25.4085],[82.349,25.4103],[82.3508,25.4132],[82.3514,25.4144],[82.3533,25.4188],[82.3527,25.4198],[82.3521,25.423],[82.3506,25.4254],[82.3497,25.4273],[82.3484,25.4293],[82.3466,25.4318],[82.3457,25.4334],[82.3448,25.435],[82.3441,25.4369],[82.3433,25.4389],[82.3419,25.4417],[82.3405,25.4435],[82.3382,25.4472],[82.3376,25.4483],[82.337,25.4489],[82.3359,25.4496],[82.3352,25.4496],[82.3342,25.4497],[82.3318,25.4495],[82.3287,25.4494],[82.3276,25.4491],[82.3261,25.4493],[82.3249,25.4526],[82.3243,25.4538],[82.324,25.4547],[82.3232,25.4562],[82.3218,25.4568],[82.3208,25.4568],[82.3151,25.4588],[82.3129,25.4594],[82.3115,25.4599],[82.3106,25.4611],[82.3108,25.4623],[82.3122,25.4683],[82.3127,25.4716],[82.3129,25.4734],[82.3129,25.4759],[82.3126,25.4775],[82.3125,25.4792],[82.3123,25.4807],[82.3118,25.4818],[82.3099,25.4838],[82.3085,25.4845],[82.3072,25.4847],[82.3053,25.4845],[82.304,25.4846],[82.3022,25.4842],[82.2992,25.4834],[82.2967,25.483],[82.2944,25.4826],[82.2929,25.4823],[82.2919,25.4823],[82.2898,25.4822],[82.2881,25.4828],[82.2865,25.4844],[82.2855,25.4851],[82.285,25.4858],[82.2839,25.4875],[82.2839,25.4884],[82.2841,25.4901],[82.284,25.4913],[82.2847,25.494],[82.2868,25.4981],[82.2882,25.4998],[82.289,25.5001],[82.2903,25.5001],[82.2933,25.4999],[82.297,25.4982],[82.2983,25.4974],[82.2997,25.4966],[82.3008,25.4962],[82.3038,25.4956],[82.3054,25.4953],[82.3061,25.4954],[82.3075,25.4955],[82.3095,25.4958],[82.311,25.4964],[82.3124,25.4973],[82.3154,25.4992],[82.317,25.5009],[82.3173,25.5014],[82.3172,25.5027],[82.3163,25.5041],[82.3153,25.5054],[82.3141,25.5067],[82.3132,25.5075],[82.3125,25.5077],[82.3116,25.5083],[82.3106,25.5087],[82.3089,25.5096],[82.3081,25.5099],[82.3059,25.5104],[82.3039,25.5107],[82.3027,25.5111],[82.3,25.5116],[82.298,25.5126],[82.2966,25.5135],[82.296,25.5143],[82.296,25.5157],[82.2967,25.517],[82.2976,25.5185],[82.2982,25.5192],[82.2993,25.52],[82.3026,25.5212],[82.3042,25.5214],[82.3058,25.5217],[82.3077,25.5218],[82.3091,25.5221],[82.3114,25.5224],[82.3132,25.5225],[82.3154,25.5228],[82.3164,25.5224],[82.3176,25.5214],[82.3194,25.5176],[82.3209,25.5145],[82.3222,25.5111],[82.3233,25.5086],[82.324,25.5065],[82.3247,25.5051],[82.3259,25.5028],[82.3274,25.5007],[82.328,25.4997],[82.3292,25.4983],[82.3315,25.4983],[82.3325,25.5006],[82.3342,25.5024],[82.3362,25.5046],[82.3387,25.5102],[82.3395,25.5124],[82.3389,25.5132],[82.3376,25.5142],[82.3367,25.5154],[82.336,25.5165],[82.3345,25.5178],[82.3323,25.5211],[82.3314,25.5218],[82.3298,25.524],[82.3291,25.5247],[82.3285,25.526],[82.3273,25.5302],[82.3272,25.5319],[82.3274,25.5326],[82.3286,25.5339],[82.3304,25.536],[82.3319,25.536],[82.3336,25.5359],[82.3348,25.5361],[82.3356,25.5359],[82.3378,25.5348],[82.3401,25.5343],[82.3417,25.5336],[82.3467,25.5301],[82.3479,25.5291],[82.3493,25.5281],[82.3498,25.527],[82.3503,25.5245],[82.3502,25.5239],[82.3507,25.5204],[82.3514,25.5175],[82.3522,25.5153],[82.3526,25.5145],[82.3544,25.5127],[82.3553,25.5123],[82.3571,25.5116],[82.3596,25.5111],[82.3622,25.5103],[82.3637,25.5095],[82.3666,25.5084],[82.3719,25.5079],[82.3735,25.5078],[82.3748,25.5078],[82.3759,25.5082],[82.3765,25.5087],[82.3768,25.5095],[82.3764,25.5118],[82.3755,25.5127],[82.3739,25.5138],[82.3709,25.5162],[82.3701,25.5175],[82.3714,25.5183],[82.373,25.5188],[82.3746,25.5184],[82.3774,25.5174],[82.3792,25.5176],[82.3802,25.5179],[82.3808,25.5178],[82.3839,25.5163],[82.3859,25.5152],[82.3868,25.5148],[82.3915,25.5131],[82.3923,25.513],[82.3935,25.5135],[82.3938,25.5149],[82.3932,25.5168],[82.3931,25.5182],[82.3933,25.5196],[82.3934,25.5204],[82.3967,25.5214],[82.3971,25.5205],[82.3976,25.52],[82.398,25.5194],[82.3989,25.5182],[82.3995,25.516],[82.3998,25.514],[82.4003,25.5119],[82.402,25.507],[82.4032,25.5056],[82.4042,25.504],[82.406,25.502],[82.4074,25.4996],[82.4079,25.4982],[82.4091,25.4967],[82.4108,25.4942],[82.412,25.4921],[82.4123,25.4903],[82.4128,25.4906],[82.4135,25.4915],[82.4142,25.4924],[82.4153,25.4937],[82.4175,25.4954],[82.419,25.4973],[82.4182,25.4981],[82.4178,25.4986],[82.417,25.4999],[82.4164,25.5012],[82.4151,25.5028],[82.4147,25.5037],[82.4146,25.5042],[82.4163,25.5053],[82.4175,25.5058],[82.4193,25.507],[82.4209,25.5078],[82.4218,25.5085],[82.4229,25.5098],[82.4241,25.5115],[82.4251,25.5138],[82.4254,25.5142],[82.4257,25.5147],[82.4263,25.5159],[82.4274,25.5163],[82.4291,25.5162],[82.4307,25.5163],[82.433,25.5162],[82.4346,25.5161],[82.4371,25.5166],[82.4403,25.5169],[82.4431,25.517],[82.4446,25.5169],[82.4472,25.5151],[82.4476,25.5137],[82.4476,25.512],[82.4475,25.5108],[82.4475,25.5096],[82.4474,25.508],[82.4474,25.506],[82.4472,25.5028],[82.4474,25.5013],[82.4474,25.4993],[82.4487,25.497],[82.4491,25.4958],[82.4491,25.495],[82.45,25.4942],[82.451,25.4937],[82.4529,25.4925],[82.4563,25.4912],[82.4602,25.4903],[82.4649,25.4889],[82.4669,25.4887],[82.4693,25.4887],[82.4745,25.4879],[82.4777,25.4872],[82.4796,25.4861],[82.4799,25.485],[82.4798,25.4837],[82.4791,25.4828],[82.4755,25.4806],[82.4752,25.48],[82.4731,25.4794],[82.4711,25.4782],[82.4697,25.4767],[82.468,25.475],[82.4667,25.4744],[82.4663,25.474],[82.4659,25.4728],[82.4681,25.4707],[82.4697,25.4685],[82.4699,25.468],[82.4708,25.4675],[82.4719,25.4676],[82.4764,25.4693],[82.4779,25.4701],[82.4801,25.4709],[82.4822,25.4718],[82.4851,25.474],[82.4871,25.475],[82.4898,25.4758],[82.4917,25.4767],[82.4935,25.4769],[82.4947,25.477],[82.499,25.4763],[82.5011,25.4757],[82.5031,25.4746],[82.5043,25.4736],[82.5057,25.4721],[82.5062,25.4707],[82.5067,25.4702],[82.5076,25.4686],[82.5083,25.4677],[82.5091,25.4657],[82.509,25.4629],[82.5091,25.4612],[82.5095,25.4595],[82.5107,25.4588],[82.5122,25.4563],[82.513,25.4553],[82.5143,25.4529],[82.5147,25.4516],[82.5149,25.45],[82.5146,25.4471],[82.5141,25.4452],[82.5137,25.4442],[82.5149,25.4417],[82.5197,25.4413],[82.5223,25.4412],[82.5251,25.4414],[82.5279,25.4411],[82.5294,25.4404],[82.5314,25.4393],[82.5336,25.4384],[82.5379,25.4373],[82.5406,25.4368],[82.5446,25.4367],[82.5462,25.437],[82.5507,25.4382],[82.5525,25.4395],[82.5534,25.4412],[82.5539,25.443],[82.5543,25.4449],[82.5542,25.4472],[82.5541,25.4476],[82.5523,25.4491],[82.5494,25.451],[82.5484,25.4515],[82.5462,25.452],[82.5438,25.4528],[82.5428,25.4533],[82.5424,25.4538],[82.542,25.4553],[82.5416,25.4585],[82.5421,25.4621],[82.5434,25.4622],[82.5453,25.4618],[82.547,25.4618],[82.5525,25.4606],[82.5544,25.4596],[82.559,25.4559],[82.5603,25.4544],[82.5616,25.4524],[82.5634,25.4499],[82.5649,25.4467],[82.5653,25.4427],[82.5655,25.4397],[82.5657,25.4354],[82.5656,25.4336],[82.5659,25.4316],[82.5663,25.4234],[82.568,25.419],[82.5689,25.4172],[82.5706,25.4151],[82.5717,25.4148],[82.5737,25.4147],[82.576,25.4154],[82.5774,25.4161],[82.5782,25.4174],[82.5801,25.4205],[82.5812,25.4229],[82.5824,25.4269],[82.5828,25.429],[82.5829,25.4304],[82.5827,25.4322],[82.5826,25.4353],[82.5821,25.4381],[82.5811,25.4408],[82.5802,25.4451],[82.5801,25.4485],[82.5809,25.4514],[82.5827,25.4521],[82.5856,25.4526],[82.5889,25.452],[82.5922,25.4509],[82.5939,25.4505],[82.5953,25.4502],[82.5967,25.4501],[82.6007,25.4505],[82.6024,25.4505],[82.6041,25.4506],[82.6065,25.4504],[82.6091,25.4491],[82.6104,25.4482],[82.6117,25.4476],[82.6129,25.4457],[82.6139,25.4432],[82.6137,25.4404],[82.6128,25.4375],[82.612,25.4362],[82.609,25.4326],[82.6061,25.4293],[82.6046,25.4276],[82.6026,25.4258],[82.601,25.4239],[82.5996,25.4218],[82.5985,25.4191],[82.5992,25.4172],[82.6011,25.4154],[82.6028,25.4153],[82.6045,25.4157],[82.6063,25.4159],[82.6088,25.4165],[82.6108,25.4171],[82.614,25.4172],[82.6171,25.4168],[82.62,25.4155],[82.6237,25.4131],[82.6258,25.4123],[82.6295,25.4117],[82.6337,25.4101],[82.6356,25.4092],[82.6376,25.4081],[82.6388,25.4069],[82.6392,25.406],[82.6393,25.404],[82.6384,25.4019],[82.637,25.401],[82.6354,25.4006],[82.6345,25.4005],[82.6324,25.4008],[82.6305,25.4015],[82.6275,25.4031],[82.6249,25.4038],[82.6233,25.4039],[82.6216,25.4037],[82.6208,25.4029],[82.6198,25.402],[82.6186,25.4007],[82.6171,25.3993],[82.617,25.3984],[82.617,25.396],[82.6175,25.3953],[82.6187,25.394],[82.6197,25.3936],[82.6211,25.3933],[82.6252,25.3927],[82.6267,25.3926],[82.6279,25.3926],[82.6324,25.3934],[82.6332,25.3938],[82.6362,25.3941],[82.6384,25.3945],[82.643,25.3958],[82.6447,25.3965],[82.6455,25.3969],[82.6467,25.3973],[82.6478,25.398],[82.6547,25.399],[82.6631,25.3995],[82.6655,25.3996],[82.6689,25.3995],[82.6709,25.3997],[82.6747,25.3997],[82.6764,25.3996],[82.6792,25.3992],[82.6829,25.3983],[82.6894,25.3959],[82.6911,25.3952],[82.693,25.3938],[82.6937,25.3945]]]},"properties":{"district_name":"Sant Ravi Das Nagar(bhadohi)","raw_district_name":"Sant Ravi Das Nagar(bhadohi)","state_code":"UP","state_name":"Uttar Pradesh","census_code":198,"data_source":"DataMeet India Maps (Census 2011 Boundaries)"}},{"type":"Feature","geometry":{"type":"Polygon","coordinates":[[[80.301,28.4533],[80.3048,28.4468],[80.3125,28.4377],[80.3216,28.4293],[80.3275,28.4253],[80.3376,28.412],[80.3407,28.4094],[80.3483,28.4071],[80.3503,28.4035],[80.3525,28.3954],[80.3586,28.3833],[80.3586,28.3704],[80.3624,28.3528],[80.3694,28.3484],[80.3711,28.3454],[80.3712,28.3426],[80.3699,28.3356],[80.3684,28.332],[80.3551,28.3209],[80.3529,28.3178],[80.3507,28.3112],[80.334,28.296],[80.3223,28.28],[80.3121,28.2698],[80.307,28.2585],[80.3087,28.2565],[80.3109,28.2555],[80.3106,28.2533],[80.3125,28.2481],[80.3125,28.2453],[80.3139,28.2424],[80.3117,28.2322],[80.3101,28.2293],[80.3086,28.2237],[80.3052,28.2209],[80.3039,28.2174],[80.3,28.2129],[80.2992,28.2062],[80.3013,28.2023],[80.2993,28.1939],[80.303,28.1876],[80.3045,28.19],[80.3061,28.1884],[80.3095,28.1867],[80.3112,28.1842],[80.3116,28.1806],[80.309,28.1712],[80.3036,28.1659],[80.3028,28.1616],[80.3035,28.1559],[80.3019,28.152],[80.2838,28.1565],[80.2782,28.1497],[80.2633,28.1513],[80.2568,28.1558],[80.2532,28.1535],[80.2511,28.1505],[80.2444,28.1339],[80.2439,28.1293],[80.2449,28.1238],[80.2493,28.1171],[80.2471,28.1082],[80.2473,28.1053],[80.2497,28.1029],[80.2486,28.0959],[80.2556,28.0898],[80.2596,28.0842],[80.2594,28.081],[80.2567,28.07],[80.255,28.0673],[80.252,28.0647],[80.2479,28.0564],[80.2458,28.0537],[80.2424,28.0532],[80.2362,28.054],[80.2337,28.0552],[80.2325,28.0573],[80.2302,28.0566],[80.2274,28.0504],[80.2235,28.0493],[80.207,28.0301],[80.1986,28.0264],[80.1957,28.0221],[80.1921,28.0187],[80.1893,28.0175],[80.1849,28.0182],[80.1774,28.0227],[80.1718,28.0182],[80.1747,28.0152],[80.1702,28.0104],[80.1674,28.0097],[80.1658,28.0103],[80.1624,28.0057],[80.158,28.0043],[80.1591,28.0017],[80.1455,27.998],[80.1236,27.9963],[80.1218,27.9894],[80.1169,27.9836],[80.1182,27.9791],[80.1164,27.9746],[80.1119,27.9699],[80.106,27.9677],[80.1016,27.9674],[80.1025,27.9658],[80.105,27.964],[80.0962,27.9586],[80.0886,27.9529],[80.0869,27.9491],[80.0885,27.9333],[80.0821,27.9267],[80.0771,27.9269],[80.0693,27.9216],[80.0672,27.9206],[80.0653,27.9207],[80.0604,27.9235],[80.0645,27.9274],[80.0668,27.931],[80.0643,27.933],[80.0599,27.9333],[80.0457,27.9245],[80.0324,27.923],[80.0276,27.9211],[80.0254,27.9188],[80.0284,27.916],[80.0266,27.9042],[80.0318,27.8821],[80.0415,27.8778],[80.0546,27.8648],[80.0579,27.8531],[80.0571,27.8488],[80.0563,27.8478],[80.0511,27.8459],[80.0485,27.8417],[80.0375,27.8373],[80.0358,27.836],[80.0344,27.8339],[80.0345,27.8294],[80.0408,27.8239],[80.0546,27.8235],[80.0549,27.819],[80.0458,27.8121],[80.0516,27.8087],[80.052,27.8078],[80.0509,27.8068],[80.0533,27.8031],[80.0497,27.7995],[80.0513,27.7967],[80.0543,27.7951],[80.0527,27.7923],[80.0564,27.7898],[80.0578,27.7833],[80.0612,27.7775],[80.0619,27.7744],[80.063,27.7702],[80.0588,27.7662],[80.0584,27.7645],[80.0593,27.7612],[80.0625,27.7575],[80.074,27.7503],[80.0732,27.7472],[80.0654,27.7433],[80.059,27.7411],[80.049,27.7407],[80.0447,27.7427],[80.0413,27.7378],[80.0373,27.7339],[80.0358,27.7341],[80.0348,27.7351],[80.0332,27.7402],[80.0319,27.7419],[80.03,27.7438],[80.0283,27.7438],[80.0251,27.74],[80.0223,27.7346],[80.0184,27.7303],[80.0143,27.7327],[80.0113,27.7296],[80.0062,27.7265],[80.0014,27.7275],[80,27.7286],[79.995,27.7269],[79.9869,27.7258],[79.9721,27.7303],[79.9662,27.7298],[79.9615,27.7279],[79.9514,27.7157],[79.9459,27.7138],[79.9325,27.7123],[79.9268,27.7157],[79.914,27.7206],[79.9113,27.7142],[79.9152,27.71],[79.9183,27.7031],[79.9121,27.701],[79.902,27.7005],[79.8954,27.7032],[79.8875,27.7038],[79.8817,27.7],[79.8826,27.677],[79.8776,27.6686],[79.8712,27.6618],[79.866,27.6525],[79.8614,27.6497],[79.8521,27.6498],[79.8357,27.6532],[79.826,27.6535],[79.8145,27.6566],[79.809,27.66],[79.8072,27.6629],[79.7911,27.6761],[79.7856,27.6823],[79.7666,27.7127],[79.7574,27.7187],[79.7522,27.7176],[79.7438,27.7197],[79.7413,27.7217],[79.7378,27.7191],[79.7367,27.7159],[79.735,27.7136],[79.7335,27.7002],[79.7343,27.6923],[79.7335,27.6869],[79.7289,27.6722],[79.7265,27.6693],[79.7218,27.6671],[79.716,27.6665],[79.7118,27.6647],[79.6993,27.6563],[79.6964,27.6529],[79.6945,27.6428],[79.6884,27.6334],[79.6883,27.626],[79.6895,27.6214],[79.6911,27.6188],[79.7012,27.6158],[79.7028,27.6111],[79.6995,27.6083],[79.6998,27.6032],[79.7035,27.5963],[79.704,27.5905],[79.7049,27.5894],[79.7077,27.5884],[79.7148,27.588],[79.7166,27.5819],[79.7134,27.5762],[79.7164,27.5661],[79.7157,27.5633],[79.7097,27.5531],[79.7091,27.5467],[79.7126,27.5447],[79.7226,27.5411],[79.7279,27.5374],[79.7302,27.5325],[79.731,27.5286],[79.7301,27.5135],[79.7311,27.5103],[79.7333,27.5081],[79.7343,27.5051],[79.7307,27.4991],[79.7329,27.4899],[79.7323,27.4863],[79.7216,27.4791],[79.717,27.475],[79.7164,27.4732],[79.713,27.4756],[79.7095,27.4763],[79.7077,27.4755],[79.7047,27.4725],[79.7,27.4714],[79.7006,27.475],[79.6994,27.4776],[79.7034,27.4906],[79.6932,27.4932],[79.6829,27.491],[79.6791,27.492],[79.6761,27.4957],[79.6639,27.4954],[79.6658,27.5036],[79.6626,27.5028],[79.6579,27.5067],[79.6579,27.5104],[79.6614,27.5194],[79.6625,27.5247],[79.6603,27.5284],[79.6623,27.5377],[79.6566,27.5639],[79.6574,27.568],[79.6562,27.5746],[79.6448,27.5765],[79.6428,27.5799],[79.6488,27.5982],[79.6591,27.6096],[79.6583,27.6122],[79.6531,27.6144],[79.6525,27.6179],[79.6527,27.6218],[79.6544,27.6272],[79.6568,27.6295],[79.6576,27.6345],[79.6498,27.6309],[79.649,27.6326],[79.6503,27.6372],[79.6533,27.6409],[79.6306,27.6344],[79.6205,27.6246],[79.6186,27.6217],[79.6185,27.6181],[79.6131,27.6156],[79.6051,27.6168],[79.5982,27.6144],[79.5973,27.6094],[79.5994,27.6051],[79.6074,27.6001],[79.6106,27.599],[79.6127,27.5931],[79.606,27.594],[79.5945,27.5981],[79.5937,27.5953],[79.5903,27.591],[79.5866,27.5907],[79.5831,27.5915],[79.5687,27.5909],[79.5655,27.5904],[79.5616,27.5886],[79.5563,27.5883],[79.5566,27.5941],[79.5539,27.5973],[79.5488,27.5979],[79.5439,27.597],[79.5365,27.5915],[79.5349,27.5913],[79.533,27.5911],[79.5207,27.5986],[79.5179,27.598],[79.5095,27.5894],[79.502,27.5891],[79.4804,27.5965],[79.479,27.5985],[79.4852,27.6097],[79.483,27.6139],[79.4799,27.6173],[79.4778,27.6235],[79.4642,27.6333],[79.4601,27.6349],[79.4556,27.6333],[79.4529,27.6346],[79.4501,27.6375],[79.4447,27.6397],[79.4391,27.6377],[79.4326,27.6307],[79.4273,27.6277],[79.4183,27.6317],[79.4056,27.6409],[79.3953,27.6451],[79.3851,27.645],[79.3809,27.6441],[79.3758,27.6413],[79.3731,27.6474],[79.3614,27.6475],[79.3531,27.6465],[79.3466,27.6478],[79.3502,27.6523],[79.3524,27.6516],[79.3532,27.6557],[79.3557,27.6622],[79.3543,27.6695],[79.3527,27.6725],[79.3456,27.6769],[79.3441,27.6786],[79.343,27.6939],[79.3418,27.6965],[79.3382,27.6996],[79.3401,27.7055],[79.3402,27.7097],[79.3375,27.7161],[79.3316,27.7232],[79.3315,27.7279],[79.338,27.734],[79.3456,27.7361],[79.3536,27.735],[79.3591,27.7374],[79.3586,27.7475],[79.3574,27.7521],[79.3496,27.7542],[79.3502,27.763],[79.3536,27.7716],[79.3552,27.7859],[79.3567,27.7901],[79.3611,27.7951],[79.3638,27.8001],[79.367,27.8029],[79.3703,27.8029],[79.3747,27.8042],[79.3733,27.807],[79.375,27.817],[79.3808,27.8204],[79.3866,27.8216],[79.388,27.8206],[79.3883,27.8181],[79.3924,27.8172],[79.3955,27.8184],[79.4024,27.8234],[79.4056,27.8263],[79.4051,27.8299],[79.4041,27.8317],[79.4052,27.8332],[79.4041,27.8366],[79.4073,27.8415],[79.4107,27.8421],[79.4135,27.8417],[79.4209,27.8371],[79.4231,27.8332],[79.4259,27.8344],[79.4332,27.8396],[79.4407,27.8438],[79.4418,27.8415],[79.4492,27.8357],[79.4563,27.8402],[79.4562,27.8435],[79.4577,27.8467],[79.4598,27.8486],[79.469,27.8478],[79.4737,27.8434],[79.4778,27.842],[79.4865,27.8426],[79.4863,27.8473],[79.4851,27.8487],[79.4773,27.8568],[79.476,27.8556],[79.4748,27.8585],[79.4699,27.8709],[79.4674,27.8733],[79.4663,27.8759],[79.4652,27.8823],[79.4623,27.889],[79.4606,27.896],[79.4661,27.9133],[79.4677,27.9234],[79.4698,27.9268],[79.4858,27.9289],[79.4877,27.9323],[79.4861,27.9386],[79.4875,27.9417],[79.4904,27.9425],[79.4831,27.9514],[79.479,27.9593],[79.4748,27.9624],[79.472,27.9616],[79.4694,27.9671],[79.4724,27.9708],[79.4755,27.9783],[79.4767,27.9844],[79.496,27.9996],[79.5013,28.0167],[79.5001,28.0212],[79.4975,28.0205],[79.5089,28.0355],[79.5069,28.0412],[79.5069,28.0445],[79.5173,28.0482],[79.5231,28.0552],[79.5287,28.0592],[79.5331,28.0561],[79.539,28.0583],[79.5447,28.0652],[79.5492,28.0693],[79.5616,28.0677],[79.5761,28.0769],[79.5809,28.0848],[79.5862,28.0907],[79.5952,28.0842],[79.6019,28.0816],[79.6142,28.0844],[79.6189,28.0824],[79.6301,28.0843],[79.6314,28.0861],[79.6321,28.0982],[79.635,28.1025],[79.6349,28.1079],[79.6319,28.1165],[79.638,28.1219],[79.6297,28.1306],[79.629,28.1342],[79.6263,28.1341],[79.6235,28.1427],[79.6241,28.1472],[79.6213,28.1491],[79.6225,28.1538],[79.6283,28.1564],[79.629,28.1632],[79.6321,28.17],[79.6342,28.1794],[79.6374,28.1832],[79.639,28.1865],[79.6465,28.1924],[79.6407,28.2004],[79.6427,28.2021],[79.6412,28.2068],[79.6424,28.2089],[79.6455,28.212],[79.6536,28.2152],[79.6658,28.2135],[79.6697,28.2178],[79.672,28.2211],[79.6719,28.2297],[79.6705,28.2312],[79.6678,28.2368],[79.6743,28.2444],[79.6763,28.2442],[79.6823,28.2463],[79.6835,28.2485],[79.6804,28.2529],[79.6768,28.2614],[79.6789,28.2633],[79.6818,28.2626],[79.6852,28.2631],[79.7019,28.2474],[79.7042,28.2426],[79.7067,28.2408],[79.7052,28.2372],[79.7069,28.2343],[79.7092,28.2334],[79.7125,28.232],[79.7151,28.2327],[79.7226,28.2333],[79.7309,28.2333],[79.7333,28.2316],[79.7365,28.2292],[79.7375,28.2231],[79.7378,28.2202],[79.7331,28.2194],[79.7282,28.2188],[79.7226,28.2151],[79.7205,28.2126],[79.7163,28.2089],[79.7144,28.205],[79.7159,28.2],[79.7194,28.1978],[79.7249,28.1989],[79.7306,28.1978],[79.7346,28.1957],[79.734,28.1933],[79.7306,28.1882],[79.7276,28.186],[79.7218,28.1842],[79.7244,28.1796],[79.7267,28.1799],[79.7294,28.1789],[79.7351,28.1825],[79.7388,28.1823],[79.743,28.1844],[79.7459,28.185],[79.7513,28.1813],[79.7522,28.1776],[79.7555,28.175],[79.758,28.173],[79.7619,28.1715],[79.7647,28.1691],[79.7696,28.1658],[79.7735,28.163],[79.7795,28.1609],[79.7817,28.1598],[79.7851,28.161],[79.7884,28.165],[79.7892,28.1667],[79.7908,28.1686],[79.7935,28.1696],[79.7968,28.1683],[79.8025,28.1685],[79.8056,28.1719],[79.8079,28.1759],[79.8116,28.1803],[79.813,28.1844],[79.8145,28.1886],[79.8165,28.1903],[79.8203,28.1949],[79.8217,28.1995],[79.82,28.2064],[79.8181,28.2091],[79.8171,28.2134],[79.8148,28.2171],[79.813,28.2199],[79.8117,28.2259],[79.8108,28.2295],[79.8104,28.2337],[79.8108,28.2368],[79.8117,28.2389],[79.8147,28.2393],[79.8178,28.2381],[79.8262,28.2382],[79.8315,28.2394],[79.8415,28.2334],[79.8444,28.2306],[79.8448,28.2278],[79.8446,28.2244],[79.8439,28.22],[79.8424,28.2157],[79.8408,28.2112],[79.8404,28.2086],[79.8421,28.2069],[79.8437,28.2051],[79.8465,28.2031],[79.8499,28.2004],[79.8538,28.2],[79.8578,28.2012],[79.8678,28.196],[79.8662,28.1936],[79.8639,28.1884],[79.8697,28.1873],[79.8721,28.1866],[79.8751,28.1836],[79.877,28.1841],[79.8798,28.1822],[79.8846,28.1823],[79.8874,28.1779],[79.8847,28.1682],[79.8848,28.1666],[79.8812,28.1615],[79.8759,28.155],[79.8817,28.1534],[79.8808,28.1511],[79.8755,28.1525],[79.8727,28.1544],[79.8703,28.1554],[79.8681,28.1559],[79.8657,28.1545],[79.8636,28.1513],[79.8631,28.1478],[79.8651,28.1463],[79.8638,28.1418],[79.8628,28.1381],[79.8781,28.1301],[79.8802,28.1327],[79.8821,28.1346],[79.8878,28.1375],[79.8976,28.1398],[79.9006,28.1408],[79.9067,28.1401],[79.9093,28.1381],[79.9165,28.1334],[79.9193,28.1308],[79.9214,28.1287],[79.9254,28.1265],[79.9331,28.1244],[79.9347,28.1206],[79.9357,28.1186],[79.9373,28.1159],[79.94,28.1151],[79.9434,28.1164],[79.9458,28.1174],[79.9515,28.117],[79.9555,28.1169],[79.9583,28.1187],[79.9583,28.121],[79.9574,28.1269],[79.9607,28.1345],[79.9639,28.1404],[79.9651,28.1426],[79.9653,28.1465],[79.9649,28.151],[79.9644,28.1545],[79.9641,28.1601],[79.9645,28.164],[79.9652,28.1676],[79.9645,28.1723],[79.9625,28.1799],[79.9622,28.1826],[79.9599,28.1862],[79.9581,28.188],[79.9567,28.1914],[79.9574,28.1967],[79.9585,28.215],[79.9582,28.2189],[79.9568,28.2262],[79.9558,28.2325],[79.9552,28.2412],[79.956,28.2462],[79.9542,28.2566],[79.9529,28.2613],[79.9507,28.2674],[79.9499,28.2738],[79.95,28.2805],[79.9474,28.2981],[79.9457,28.3005],[79.943,28.3046],[79.942,28.3061],[79.9419,28.3109],[79.9428,28.3132],[79.9446,28.3155],[79.9459,28.3182],[79.9482,28.3225],[79.9529,28.3282],[79.9545,28.3295],[79.9574,28.3313],[79.9663,28.3331],[79.9723,28.3336],[79.9761,28.334],[79.9796,28.3345],[79.9823,28.3349],[79.9878,28.336],[79.9917,28.3371],[79.9947,28.3382],[79.998,28.3402],[80,28.3414],[80.0079,28.3446],[80.0149,28.3583],[80.0144,28.3622],[80.0251,28.3583],[80.0368,28.3555],[80.0448,28.3531],[80.0513,28.3502],[80.0562,28.3495],[80.0596,28.3479],[80.066,28.3357],[80.0724,28.3322],[80.0905,28.3635],[80.0954,28.363],[80.0976,28.3641],[80.0996,28.3665],[80.1031,28.3727],[80.0992,28.3772],[80.1001,28.3803],[80.1028,28.3822],[80.1078,28.3834],[80.1262,28.383],[80.129,28.3876],[80.1444,28.3869],[80.1493,28.3854],[80.1564,28.381],[80.1627,28.3748],[80.1633,28.3717],[80.1672,28.3698],[80.1685,28.3669],[80.1687,28.3607],[80.1714,28.3585],[80.1717,28.3523],[80.1743,28.351],[80.1828,28.3501],[80.1848,28.349],[80.1862,28.347],[80.186,28.3447],[80.1884,28.3449],[80.2015,28.3512],[80.2019,28.3562],[80.2045,28.3587],[80.2049,28.3612],[80.2032,28.3667],[80.2028,28.3768],[80.2046,28.3808],[80.2093,28.3852],[80.2141,28.3861],[80.2193,28.3862],[80.2341,28.3832],[80.2389,28.3918],[80.2433,28.3965],[80.2518,28.4081],[80.2529,28.4126],[80.2514,28.4221],[80.247,28.4262],[80.2453,28.4297],[80.2451,28.4373],[80.2416,28.4406],[80.2394,28.4439],[80.2399,28.4499],[80.242,28.4527],[80.2463,28.4549],[80.266,28.457],[80.2867,28.4559],[80.301,28.4533]]]},"properties":{"district_name":"Shahjahanpur","raw_district_name":"Shahjahanpur","state_code":"UP","state_name":"Uttar Pradesh","census_code":152,"data_source":"DataMeet India Maps (Census 2011 Boundaries)"}},{"type":"Feature","geometry":{"type":"Polygon","coordinates":[[[82.2093,27.8441],[82.2074,27.8358],[82.2063,27.8217],[82.2033,27.8172],[82.2013,27.8111],[82.2014,27.8067],[82.1977,27.804],[82.1897,27.7947],[82.1853,27.7958],[82.183,27.7899],[82.169,27.7927],[82.1667,27.7911],[82.1618,27.7832],[82.1547,27.7756],[82.155,27.772],[82.1527,27.7698],[82.1483,27.7691],[82.145,27.7669],[82.143,27.7595],[82.1439,27.7544],[82.1416,27.7488],[82.1364,27.7427],[82.1309,27.7392],[82.1246,27.7372],[82.1358,27.7284],[82.1342,27.7214],[82.131,27.7153],[82.1349,27.7121],[82.1338,27.7096],[82.1281,27.7072],[82.1298,27.7018],[82.1251,27.6939],[82.1219,27.6936],[82.1113,27.6818],[82.1054,27.683],[82.0946,27.6704],[82.0975,27.6649],[82.0975,27.6613],[82.0848,27.6502],[82.0877,27.6387],[82.0782,27.6275],[82.073,27.6256],[82.0695,27.6224],[82.0609,27.6246],[82.0565,27.6182],[82.0451,27.6137],[82.0357,27.5986],[82.0308,27.5969],[82.0263,27.5887],[82.0246,27.5829],[82.0279,27.5761],[82.0359,27.5702],[82.0344,27.5644],[82.0368,27.5611],[82.034,27.5525],[82.0394,27.5487],[82.0428,27.55],[82.0498,27.5631],[82.0535,27.559],[82.056,27.5537],[82.0528,27.5498],[82.0438,27.5443],[82.0447,27.543],[82.0458,27.5415],[82.0559,27.5386],[82.056,27.5354],[82.0456,27.5341],[82.0498,27.5257],[82.054,27.521],[82.0538,27.5015],[82.061,27.498],[82.0561,27.4505],[82.0666,27.4414],[82.0707,27.4431],[82.0743,27.4407],[82.0744,27.4348],[82.0709,27.4269],[82.0856,27.4233],[82.0801,27.4166],[82.0774,27.4106],[82.0759,27.4071],[82.0698,27.4103],[82.063,27.4109],[82.0581,27.4165],[82.056,27.4172],[82.0509,27.4164],[82.0447,27.4143],[82.042,27.4174],[82.0394,27.4184],[82.0373,27.4183],[82.0325,27.4157],[82.0285,27.4171],[82.0226,27.4171],[82.0163,27.412],[82.0139,27.4107],[82.0102,27.4102],[82.0038,27.4114],[82.0029,27.4124],[82,27.4194],[81.9985,27.42],[81.9984,27.4256],[81.9948,27.4266],[81.9919,27.4302],[81.9868,27.4304],[81.9849,27.4314],[81.9834,27.4366],[81.9803,27.4372],[81.9801,27.4399],[81.9776,27.4403],[81.9731,27.4396],[81.9732,27.4424],[81.9712,27.4425],[81.969,27.441],[81.9654,27.4361],[81.9627,27.4345],[81.9613,27.435],[81.956,27.4311],[81.9542,27.4359],[81.9488,27.4338],[81.9489,27.437],[81.9455,27.4385],[81.9444,27.4381],[81.9433,27.4328],[81.9439,27.4286],[81.9405,27.4268],[81.9385,27.4219],[81.9328,27.4205],[81.9301,27.416],[81.9289,27.4116],[81.9351,27.4094],[81.9341,27.3948],[81.9376,27.3932],[81.9402,27.3908],[81.9413,27.388],[81.9327,27.3809],[81.9292,27.3808],[81.9255,27.3822],[81.9185,27.3766],[81.9162,27.3738],[81.9121,27.3745],[81.9102,27.3701],[81.9098,27.3664],[81.9117,27.3626],[81.9163,27.359],[81.916,27.3568],[81.913,27.3538],[81.9194,27.3509],[81.9184,27.3475],[81.9113,27.3415],[81.9101,27.3386],[81.9107,27.3358],[81.9146,27.3334],[81.9215,27.3305],[81.9236,27.3277],[81.9234,27.3225],[81.9194,27.3175],[81.9172,27.3164],[81.914,27.3169],[81.9051,27.3208],[81.9021,27.3216],[81.9002,27.3212],[81.8956,27.3181],[81.8931,27.3185],[81.8925,27.3225],[81.8908,27.3239],[81.8906,27.3262],[81.8872,27.3317],[81.8844,27.3317],[81.8806,27.3299],[81.8774,27.3273],[81.8779,27.3309],[81.8767,27.3326],[81.8746,27.3328],[81.8617,27.3265],[81.8582,27.3302],[81.8574,27.3272],[81.8546,27.3291],[81.8524,27.3241],[81.8493,27.3246],[81.8455,27.3128],[81.839,27.3001],[81.8383,27.2972],[81.8414,27.2913],[81.8389,27.2824],[81.8363,27.2793],[81.8299,27.279],[81.8269,27.2744],[81.8266,27.2715],[81.8238,27.272],[81.8205,27.2746],[81.8186,27.2731],[81.816,27.267],[81.8114,27.2679],[81.8067,27.2732],[81.7996,27.2755],[81.7955,27.2804],[81.8002,27.2839],[81.8005,27.2864],[81.7994,27.2883],[81.7966,27.2905],[81.7966,27.2956],[81.7899,27.2963],[81.7869,27.2952],[81.7842,27.2928],[81.7769,27.2958],[81.7761,27.2994],[81.7781,27.3005],[81.7805,27.3048],[81.7778,27.3102],[81.774,27.3084],[81.7711,27.3101],[81.7683,27.3141],[81.7643,27.3123],[81.7614,27.3128],[81.7581,27.3153],[81.7559,27.3183],[81.7523,27.3193],[81.7516,27.3218],[81.7472,27.3246],[81.7463,27.3285],[81.7439,27.3299],[81.7398,27.3291],[81.7373,27.3323],[81.7315,27.33],[81.7164,27.3513],[81.7264,27.3776],[81.7134,27.4023],[81.6707,27.4379],[81.674,27.4546],[81.6792,27.4634],[81.6934,27.4721],[81.7015,27.4838],[81.7082,27.4957],[81.7261,27.5049],[81.7412,27.5114],[81.7623,27.5224],[81.7681,27.5295],[81.7713,27.5398],[81.7696,27.552],[81.7675,27.5587],[81.7559,27.56],[81.7408,27.5608],[81.7324,27.5668],[81.7244,27.5689],[81.7203,27.5653],[81.7123,27.5515],[81.7074,27.5496],[81.6963,27.5559],[81.6926,27.5638],[81.6871,27.5758],[81.6786,27.5838],[81.6792,27.5901],[81.6814,27.5949],[81.6787,27.5988],[81.6832,27.6055],[81.6829,27.6088],[81.6784,27.6139],[81.6656,27.6184],[81.6513,27.6181],[81.6451,27.6216],[81.6446,27.6244],[81.6474,27.6295],[81.6514,27.6303],[81.6651,27.6302],[81.6715,27.6342],[81.6745,27.6342],[81.6789,27.6317],[81.6844,27.6353],[81.6831,27.6464],[81.6739,27.6619],[81.6749,27.6847],[81.6785,27.693],[81.6812,27.7017],[81.6849,27.7064],[81.6907,27.7176],[81.689,27.7234],[81.6761,27.7279],[81.6573,27.7252],[81.6538,27.7275],[81.649,27.7352],[81.6498,27.7435],[81.6553,27.7545],[81.6492,27.7661],[81.6375,27.7744],[81.6323,27.7875],[81.6311,27.801],[81.6404,27.8163],[81.6401,27.8222],[81.636,27.8298],[81.6254,27.8369],[81.6236,27.8441],[81.6258,27.848],[81.6367,27.8552],[81.6434,27.8631],[81.6488,27.8713],[81.6689,27.8796],[81.6712,27.8831],[81.6753,27.8982],[81.6895,27.9044],[81.6946,27.9144],[81.695,27.9214],[81.6992,27.929],[81.7058,27.9325],[81.7197,27.9336],[81.7327,27.936],[81.7452,27.945],[81.7495,27.9479],[81.755,27.944],[81.7585,27.941],[81.7602,27.939],[81.761,27.9383],[81.7625,27.9371],[81.7625,27.9362],[81.7667,27.9335],[81.7681,27.9325],[81.7718,27.9299],[81.7789,27.9235],[81.7792,27.9228],[81.7814,27.9213],[81.7814,27.9204],[81.796,27.91],[81.8014,27.9063],[81.8035,27.9049],[81.8068,27.9025],[81.8068,27.9021],[81.8137,27.8997],[81.8185,27.902],[81.8223,27.9024],[81.8315,27.8991],[81.8352,27.8973],[81.8409,27.8928],[81.8418,27.8922],[81.8422,27.8904],[81.8586,27.8801],[81.8609,27.8784],[81.8611,27.8777],[81.8704,27.8711],[81.8818,27.8651],[81.8853,27.8619],[81.8863,27.861],[81.8863,27.8606],[81.8906,27.8576],[81.9103,27.8544],[81.9213,27.855],[81.9282,27.8587],[81.929,27.8596],[81.9291,27.8623],[81.9288,27.8673],[81.928,27.8691],[81.9271,27.873],[81.9271,27.8746],[81.9271,27.8755],[81.9274,27.8768],[81.9328,27.8805],[81.9399,27.8844],[81.9412,27.8859],[81.9414,27.8882],[81.9423,27.8923],[81.9431,27.8936],[81.9441,27.8949],[81.9484,27.8988],[81.949,27.8999],[81.9516,27.9019],[81.9527,27.9035],[81.9558,27.9066],[81.9575,27.9077],[81.9576,27.9084],[81.9608,27.9129],[81.9657,27.9188],[81.9677,27.922],[81.9703,27.9273],[81.9713,27.9295],[81.9726,27.9291],[81.981,27.9288],[81.9953,27.9269],[82.0081,27.9261],[82.0249,27.9243],[82.0294,27.9239],[82.0527,27.922],[82.0672,27.9213],[82.0702,27.922],[82.0731,27.9237],[82.0738,27.924],[82.0745,27.9237],[82.0768,27.9199],[82.0783,27.9183],[82.0818,27.9115],[82.0836,27.9096],[82.0847,27.9085],[82.0847,27.9078],[82.0862,27.9051],[82.0868,27.9044],[82.09,27.9016],[82.091,27.8993],[82.0922,27.8984],[82.0926,27.8979],[82.0934,27.8974],[82.0934,27.8969],[82.0957,27.8943],[82.0964,27.8931],[82.0984,27.8893],[82.0994,27.8886],[82.1017,27.8863],[82.1017,27.8854],[82.1039,27.8838],[82.113,27.8803],[82.1133,27.8796],[82.1143,27.8796],[82.1208,27.8744],[82.126,27.8657],[82.1326,27.8631],[82.1407,27.8619],[82.1501,27.8583],[82.1518,27.8579],[82.1523,27.8581],[82.1539,27.8644],[82.1556,27.8651],[82.1591,27.8654],[82.16,27.8655],[82.1741,27.8581],[82.1742,27.8576],[82.1781,27.8559],[82.1817,27.8538],[82.1833,27.8524],[82.1838,27.8525],[82.1881,27.8505],[82.1938,27.8481],[82.2011,27.8476],[82.2072,27.8457],[82.2093,27.8441]]]},"properties":{"district_name":"Shrawasti","raw_district_name":"Shrawasti","state_code":"UP","state_name":"Uttar Pradesh","census_code":181,"data_source":"DataMeet India Maps (Census 2011 Boundaries)"}},{"type":"Feature","geometry":{"type":"Polygon","coordinates":[[[83.2931,27.3373],[83.2908,27.3346],[83.2779,27.3297],[83.2704,27.3257],[83.2718,27.3218],[83.2707,27.3171],[83.2669,27.3128],[83.2615,27.3081],[83.2502,27.3005],[83.2443,27.2986],[83.2454,27.2966],[83.2499,27.292],[83.2559,27.2886],[83.252,27.2833],[83.2489,27.2844],[83.242,27.2826],[83.2385,27.2794],[83.2331,27.2719],[83.2304,27.2715],[83.2283,27.2725],[83.2203,27.2698],[83.2175,27.2685],[83.2146,27.2653],[83.2136,27.2628],[83.2198,27.25],[83.2203,27.2444],[83.2186,27.2423],[83.2162,27.2416],[83.2112,27.2373],[83.2062,27.2308],[83.198,27.2253],[83.183,27.2271],[83.1745,27.2258],[83.1699,27.2218],[83.1675,27.2176],[83.1685,27.2158],[83.1669,27.2077],[83.1679,27.2007],[83.1726,27.2048],[83.1779,27.2012],[83.1793,27.1965],[83.1774,27.1925],[83.1713,27.1873],[83.1702,27.1853],[83.1783,27.1797],[83.1797,27.1765],[83.179,27.1608],[83.1783,27.1573],[83.1634,27.153],[83.1622,27.1519],[83.1613,27.1497],[83.1707,27.1502],[83.1714,27.148],[83.1693,27.145],[83.1657,27.1438],[83.1609,27.1437],[83.1571,27.1443],[83.1563,27.1476],[83.1575,27.1514],[83.1613,27.1582],[83.1607,27.1604],[83.1585,27.1617],[83.1496,27.1676],[83.1469,27.1674],[83.1395,27.1586],[83.1372,27.1607],[83.1304,27.1618],[83.1263,27.1612],[83.1237,27.1587],[83.1235,27.1562],[83.1259,27.1495],[83.1302,27.1414],[83.1343,27.1335],[83.1374,27.1291],[83.1475,27.1195],[83.1484,27.1158],[83.1463,27.1117],[83.1425,27.1092],[83.1384,27.1086],[83.1303,27.1123],[83.1252,27.113],[83.1235,27.1116],[83.123,27.1097],[83.1253,27.1066],[83.127,27.1058],[83.1272,27.1021],[83.1275,27.1017],[83.1214,27.0967],[83.1193,27.0966],[83.1168,27.0994],[83.1129,27.104],[83.1106,27.1081],[83.1024,27.1075],[83.0978,27.1019],[83.0963,27.1009],[83.0909,27.0975],[83.0821,27.0995],[83.0635,27.0968],[83.0407,27.0974],[83.0398,27.0971],[83.0354,27.0961],[83.0344,27.0958],[83.0351,27.0946],[83.0376,27.0894],[83.039,27.0829],[83.0336,27.083],[83.0229,27.0859],[83.0202,27.0841],[83.0193,27.0834],[83.0192,27.0816],[83.0191,27.0773],[83.0177,27.076],[83.0148,27.0733],[83.0068,27.0745],[82.9981,27.0768],[82.9863,27.0729],[82.9842,27.0687],[82.984,27.0606],[82.976,27.061],[82.9746,27.0607],[82.9708,27.0598],[82.9688,27.0593],[82.9677,27.0576],[82.9664,27.0554],[82.9657,27.0542],[82.9665,27.0535],[82.9692,27.0509],[82.9696,27.0506],[82.9711,27.0506],[82.9749,27.0498],[82.9764,27.0485],[82.9778,27.0474],[82.9754,27.0444],[82.969,27.0404],[82.9659,27.0338],[82.9548,27.0315],[82.9518,27.031],[82.9513,27.0286],[82.9501,27.0217],[82.9474,27.0206],[82.9349,27.0221],[82.9205,27.0244],[82.9048,27.0211],[82.89,27.03],[82.8813,27.0348],[82.8764,27.0375],[82.8669,27.0428],[82.8567,27.0484],[82.8141,27.0672],[82.7987,27.074],[82.7868,27.0847],[82.7826,27.0887],[82.7788,27.0911],[82.7591,27.105],[82.7586,27.1052],[82.7469,27.1079],[82.7386,27.104],[82.7239,27.1027],[82.7223,27.1026],[82.7169,27.1031],[82.7138,27.1034],[82.708,27.104],[82.7053,27.1057],[82.6951,27.1123],[82.6796,27.1225],[82.6729,27.1247],[82.6676,27.1252],[82.6577,27.121],[82.6518,27.1196],[82.6433,27.1249],[82.6379,27.1258],[82.6306,27.1242],[82.6282,27.1204],[82.6265,27.1115],[82.626,27.1111],[82.6223,27.1077],[82.6225,27.1016],[82.6227,27.0991],[82.6175,27.096],[82.611,27.1],[82.6076,27.1002],[82.6055,27.1003],[82.6034,27.1004],[82.5955,27.0967],[82.5951,27.0965],[82.5887,27.0997],[82.5826,27.1053],[82.5778,27.1071],[82.5763,27.1067],[82.568,27.1045],[82.5644,27.0997],[82.5646,27.0958],[82.5676,27.0891],[82.568,27.081],[82.5682,27.0752],[82.5675,27.0754],[82.5648,27.0803],[82.5615,27.0825],[82.5604,27.0842],[82.5589,27.0842],[82.5575,27.0864],[82.557,27.0892],[82.5537,27.0898],[82.5512,27.0952],[82.5515,27.1017],[82.5494,27.1088],[82.5485,27.1094],[82.5452,27.1057],[82.5438,27.1123],[82.5376,27.1181],[82.5344,27.1198],[82.5218,27.1184],[82.5193,27.1248],[82.5135,27.1284],[82.5078,27.1218],[82.5072,27.1231],[82.5104,27.1357],[82.5032,27.1383],[82.5018,27.1403],[82.5009,27.1496],[82.4961,27.1487],[82.4963,27.151],[82.4981,27.1532],[82.4947,27.1611],[82.493,27.162],[82.4906,27.1611],[82.4893,27.162],[82.4906,27.1666],[82.4886,27.1651],[82.486,27.1645],[82.4857,27.1666],[82.4818,27.1686],[82.4825,27.1657],[82.4758,27.1663],[82.4742,27.1665],[82.4725,27.1655],[82.472,27.1638],[82.4776,27.1615],[82.4825,27.1596],[82.483,27.1571],[82.4809,27.156],[82.4797,27.1561],[82.4778,27.1562],[82.4685,27.159],[82.466,27.1584],[82.4616,27.155],[82.4567,27.1528],[82.4541,27.153],[82.4452,27.1618],[82.4417,27.1679],[82.4397,27.1734],[82.4408,27.1771],[82.4424,27.1789],[82.4497,27.1856],[82.4534,27.1864],[82.4567,27.1898],[82.4613,27.1929],[82.4662,27.1934],[82.478,27.2023],[82.4839,27.2042],[82.4861,27.2026],[82.4903,27.1992],[82.4969,27.1961],[82.5055,27.1942],[82.5106,27.1917],[82.5123,27.1888],[82.515,27.1788],[82.5199,27.1761],[82.5249,27.1826],[82.5333,27.1856],[82.5501,27.1852],[82.5556,27.1827],[82.5582,27.1825],[82.5618,27.1838],[82.5681,27.1849],[82.5697,27.1866],[82.57,27.1891],[82.5687,27.1913],[82.5626,27.1985],[82.5586,27.1996],[82.5572,27.2012],[82.5473,27.2042],[82.5467,27.2065],[82.5481,27.2082],[82.5554,27.2076],[82.5568,27.2085],[82.5572,27.2162],[82.5558,27.2184],[82.5533,27.2191],[82.5326,27.215],[82.5288,27.2159],[82.5259,27.2174],[82.5232,27.2174],[82.5204,27.2168],[82.5161,27.214],[82.5136,27.2139],[82.5132,27.2148],[82.5138,27.2176],[82.5175,27.2245],[82.5246,27.2329],[82.5237,27.235],[82.5203,27.2362],[82.5045,27.2385],[82.499,27.2404],[82.4992,27.2429],[82.506,27.2474],[82.5087,27.2522],[82.5199,27.2535],[82.5249,27.253],[82.5272,27.255],[82.5256,27.2609],[82.5236,27.2626],[82.5131,27.2619],[82.5077,27.2602],[82.5055,27.2603],[82.5066,27.2693],[82.5134,27.2766],[82.5122,27.2803],[82.5052,27.2809],[82.4917,27.2815],[82.4913,27.2869],[82.4922,27.2889],[82.4958,27.2922],[82.5095,27.3],[82.5157,27.3026],[82.5166,27.3068],[82.5133,27.307],[82.5016,27.3028],[82.4947,27.2978],[82.4898,27.2954],[82.488,27.2961],[82.4864,27.3014],[82.4864,27.3062],[82.4871,27.3086],[82.4899,27.3123],[82.4957,27.3173],[82.4995,27.3189],[82.5052,27.3176],[82.5126,27.3127],[82.5139,27.3133],[82.5146,27.318],[82.5118,27.3229],[82.5102,27.3248],[82.5033,27.3275],[82.5012,27.3274],[82.4923,27.3224],[82.4815,27.3208],[82.4769,27.3213],[82.4728,27.3241],[82.4716,27.3272],[82.4726,27.3291],[82.4767,27.3291],[82.4836,27.3306],[82.4922,27.336],[82.4943,27.339],[82.4896,27.3469],[82.4892,27.3506],[82.4935,27.3595],[82.5006,27.3663],[82.5039,27.3685],[82.5105,27.3704],[82.5147,27.3691],[82.5225,27.3644],[82.5271,27.3716],[82.5286,27.3717],[82.5318,27.3665],[82.5349,27.3664],[82.5373,27.3696],[82.5431,27.3722],[82.5441,27.3749],[82.5498,27.3872],[82.5549,27.387],[82.556,27.3966],[82.5571,27.3989],[82.5658,27.3991],[82.5684,27.403],[82.5744,27.4089],[82.5748,27.4102],[82.5714,27.4183],[82.5737,27.419],[82.5774,27.4182],[82.5793,27.4195],[82.5784,27.4224],[82.5785,27.4262],[82.5844,27.4268],[82.5872,27.4261],[82.5884,27.419],[82.5993,27.4215],[82.6001,27.4202],[82.5988,27.4153],[82.6,27.4134],[82.6029,27.4136],[82.6074,27.4195],[82.6114,27.4176],[82.6146,27.4194],[82.6175,27.4201],[82.6202,27.4194],[82.6215,27.4182],[82.6216,27.412],[82.6232,27.4082],[82.6253,27.4087],[82.6277,27.4122],[82.6288,27.4126],[82.6285,27.4084],[82.6252,27.4051],[82.6278,27.4048],[82.6303,27.4059],[82.6361,27.4137],[82.6374,27.4134],[82.6391,27.4087],[82.6407,27.4088],[82.647,27.411],[82.6512,27.4116],[82.6578,27.4142],[82.66,27.4115],[82.6615,27.4115],[82.6672,27.4167],[82.6706,27.4179],[82.6726,27.4172],[82.6731,27.4138],[82.6686,27.4107],[82.6662,27.4101],[82.6586,27.4094],[82.6545,27.4103],[82.6537,27.4093],[82.6558,27.4048],[82.6605,27.405],[82.6659,27.4067],[82.6693,27.4066],[82.6816,27.4145],[82.687,27.4149],[82.6887,27.4121],[82.6913,27.4127],[82.693,27.4144],[82.696,27.4125],[82.6963,27.4088],[82.7004,27.4093],[82.7007,27.4111],[82.6984,27.4178],[82.6984,27.4201],[82.6993,27.4206],[82.7038,27.418],[82.7073,27.4124],[82.7095,27.411],[82.7098,27.4122],[82.7066,27.423],[82.7082,27.4235],[82.7108,27.4222],[82.7149,27.4145],[82.7183,27.4155],[82.7218,27.4156],[82.7211,27.4131],[82.7164,27.4073],[82.7179,27.4044],[82.7211,27.4026],[82.7232,27.4046],[82.7281,27.4123],[82.7304,27.4141],[82.7319,27.411],[82.7314,27.4082],[82.7329,27.4069],[82.736,27.4112],[82.7362,27.4135],[82.7384,27.4181],[82.7399,27.4187],[82.7451,27.4168],[82.7504,27.4092],[82.7535,27.4085],[82.7607,27.4095],[82.7667,27.4151],[82.7616,27.4267],[82.7607,27.4318],[82.7572,27.4368],[82.7489,27.445],[82.7465,27.4498],[82.7414,27.451],[82.7382,27.4548],[82.737,27.4596],[82.7343,27.4604],[82.7303,27.4602],[82.7246,27.4611],[82.7229,27.462],[82.721,27.4664],[82.7215,27.471],[82.7277,27.4798],[82.7325,27.4844],[82.736,27.4906],[82.7405,27.5015],[82.7406,27.5016],[82.7417,27.5008],[82.7457,27.4998],[82.7463,27.5002],[82.7571,27.5007],[82.7687,27.5002],[82.7743,27.5004],[82.7761,27.5004],[82.7822,27.4998],[82.7998,27.4971],[82.807,27.4962],[82.8085,27.4964],[82.8183,27.4954],[82.8241,27.4964],[82.8323,27.5004],[82.8408,27.5013],[82.8414,27.5013],[82.8573,27.4983],[82.8629,27.4982],[82.8783,27.4968],[82.8833,27.4961],[82.8846,27.4965],[82.8937,27.4972],[82.9069,27.4999],[82.9074,27.4997],[82.9154,27.4998],[82.9257,27.5005],[82.9295,27.499],[82.9379,27.4948],[82.9392,27.4937],[82.9411,27.4892],[82.9417,27.4886],[82.9436,27.4824],[82.9438,27.4817],[82.9473,27.4736],[82.9501,27.4723],[82.9506,27.472],[82.9529,27.4711],[82.9689,27.4663],[82.9755,27.4639],[82.9897,27.4614],[83.0024,27.4586],[83.0103,27.4564],[83.023,27.4526],[83.0477,27.4485],[83.053,27.448],[83.0554,27.4481],[83.079,27.4492],[83.0983,27.45],[83.1122,27.4493],[83.1617,27.4547],[83.1629,27.4542],[83.1739,27.4539],[83.1842,27.4529],[83.1896,27.4498],[83.1899,27.4492],[83.1914,27.449],[83.1919,27.4486],[83.1929,27.4473],[83.1958,27.445],[83.1958,27.4445],[83.1963,27.444],[83.1973,27.4436],[83.1996,27.4417],[83.2001,27.4413],[83.2032,27.4381],[83.2035,27.4374],[83.2055,27.4357],[83.2066,27.4331],[83.2072,27.4326],[83.2093,27.4266],[83.21,27.4262],[83.213,27.4222],[83.2138,27.4218],[83.2143,27.4204],[83.2152,27.4189],[83.2154,27.4184],[83.2159,27.4172],[83.2241,27.4116],[83.2241,27.4112],[83.2466,27.4017],[83.261,27.3893],[83.2622,27.3878],[83.2724,27.3806],[83.2728,27.3742],[83.2726,27.3737],[83.2701,27.3662],[83.2699,27.3615],[83.2712,27.3567],[83.2719,27.3561],[83.2728,27.3535],[83.2767,27.3499],[83.2782,27.3477],[83.2787,27.3466],[83.2792,27.3466],[83.2832,27.3442],[83.2931,27.3373]]]},"properties":{"district_name":"Siddharth Nagar","raw_district_name":"Siddharth Nagar","state_code":"UP","state_name":"Uttar Pradesh","census_code":184,"data_source":"DataMeet India Maps (Census 2011 Boundaries)"}},{"type":"Feature","geometry":{"type":"Polygon","coordinates":[[[81.3035,27.6812],[81.3098,27.6782],[81.3135,27.6747],[81.3161,27.6704],[81.3196,27.6605],[81.3205,27.65],[81.3196,27.6382],[81.3163,27.6331],[81.3123,27.6293],[81.3107,27.6243],[81.3098,27.6169],[81.3044,27.6058],[81.3055,27.6033],[81.3184,27.5973],[81.3205,27.5949],[81.3208,27.5688],[81.3216,27.5629],[81.325,27.5518],[81.3219,27.5487],[81.3194,27.5508],[81.3103,27.5535],[81.3056,27.5484],[81.3036,27.5373],[81.3059,27.5372],[81.3181,27.5395],[81.3193,27.5324],[81.3254,27.5305],[81.3269,27.5293],[81.3264,27.5269],[81.3213,27.5243],[81.3197,27.5211],[81.3193,27.518],[81.3233,27.5175],[81.3241,27.5153],[81.3222,27.5114],[81.3207,27.504],[81.3209,27.5018],[81.327,27.4952],[81.3337,27.4914],[81.3337,27.4886],[81.3347,27.4866],[81.3346,27.4789],[81.3367,27.4745],[81.3335,27.4656],[81.3344,27.4629],[81.3385,27.4567],[81.3402,27.4557],[81.3428,27.4547],[81.3486,27.4488],[81.3531,27.4415],[81.3529,27.434],[81.3511,27.4274],[81.3548,27.4272],[81.3578,27.4257],[81.3613,27.4253],[81.3642,27.4235],[81.3626,27.4208],[81.3734,27.4115],[81.3762,27.4059],[81.3759,27.4035],[81.3785,27.3955],[81.3841,27.3902],[81.3878,27.3849],[81.394,27.3796],[81.4046,27.3754],[81.4114,27.3713],[81.4159,27.3652],[81.4177,27.3602],[81.4179,27.3552],[81.4165,27.3519],[81.4139,27.3395],[81.4123,27.3366],[81.4047,27.3382],[81.395,27.3432],[81.3941,27.3427],[81.3932,27.3394],[81.3956,27.3355],[81.4018,27.3306],[81.4022,27.3266],[81.4018,27.3257],[81.3991,27.3252],[81.392,27.325],[81.3913,27.3235],[81.3921,27.3207],[81.3897,27.3195],[81.3877,27.3211],[81.3823,27.3204],[81.382,27.317],[81.3921,27.316],[81.395,27.3099],[81.3874,27.3089],[81.385,27.3097],[81.3828,27.2966],[81.3749,27.2919],[81.3728,27.285],[81.3746,27.2823],[81.385,27.2791],[81.3842,27.2761],[81.377,27.2695],[81.3779,27.2675],[81.3775,27.2669],[81.3712,27.2682],[81.3668,27.267],[81.364,27.2646],[81.3636,27.2628],[81.3608,27.2596],[81.3535,27.2578],[81.3472,27.2542],[81.3437,27.2546],[81.3423,27.2564],[81.3375,27.2739],[81.3208,27.2734],[81.3188,27.278],[81.3178,27.2843],[81.3214,27.2896],[81.3234,27.2981],[81.3178,27.2974],[81.3145,27.2959],[81.312,27.2967],[81.3101,27.299],[81.3093,27.3044],[81.3172,27.3156],[81.3178,27.3212],[81.3124,27.3274],[81.3024,27.3333],[81.2971,27.3371],[81.2977,27.3432],[81.2967,27.3478],[81.2985,27.3505],[81.2964,27.3563],[81.2938,27.3569],[81.2899,27.3554],[81.288,27.3536],[81.2839,27.3441],[81.2814,27.3432],[81.2792,27.3405],[81.2783,27.3341],[81.2761,27.3312],[81.2746,27.3308],[81.2694,27.3317],[81.2667,27.3337],[81.2594,27.3367],[81.2568,27.3367],[81.2558,27.3356],[81.2553,27.3323],[81.2575,27.3284],[81.2551,27.3222],[81.2547,27.3183],[81.25,27.3169],[81.2465,27.3179],[81.2418,27.3219],[81.2396,27.3221],[81.2325,27.3203],[81.2267,27.321],[81.2253,27.3161],[81.2274,27.3101],[81.2366,27.3098],[81.2406,27.309],[81.2379,27.3048],[81.2322,27.2994],[81.2331,27.295],[81.2379,27.292],[81.2422,27.2881],[81.2441,27.2839],[81.2372,27.2786],[81.2373,27.2766],[81.2419,27.2705],[81.242,27.2686],[81.2398,27.2653],[81.2365,27.2637],[81.2337,27.2637],[81.2323,27.2652],[81.231,27.2699],[81.2275,27.2741],[81.2244,27.2722],[81.2194,27.2633],[81.2098,27.2558],[81.2137,27.2452],[81.2137,27.2427],[81.2114,27.238],[81.2081,27.2372],[81.1996,27.2374],[81.1882,27.2418],[81.1836,27.2462],[81.1845,27.2552],[81.1815,27.2586],[81.1768,27.2607],[81.1743,27.2667],[81.17,27.2686],[81.1639,27.2661],[81.1541,27.2593],[81.1496,27.2586],[81.1478,27.2597],[81.1417,27.2672],[81.1337,27.2721],[81.1305,27.2723],[81.1286,27.2734],[81.1253,27.2741],[81.1177,27.2746],[81.1057,27.2715],[81.1016,27.2684],[81.1003,27.269],[81.0961,27.2687],[81.0918,27.2657],[81.0909,27.2611],[81.0929,27.2541],[81.0919,27.2523],[81.089,27.2523],[81.0857,27.2503],[81.0852,27.2458],[81.0862,27.2426],[81.0814,27.2394],[81.0806,27.238],[81.0818,27.2347],[81.0875,27.2302],[81.0881,27.229],[81.0863,27.2281],[81.083,27.2275],[81.0773,27.228],[81.0744,27.2249],[81.0671,27.2215],[81.0652,27.2228],[81.0619,27.223],[81.058,27.2222],[81.0537,27.2295],[81.0478,27.229],[81.046,27.2296],[81.042,27.2281],[81.0354,27.2305],[81.0293,27.2269],[81.027,27.2266],[81.0195,27.229],[81.0158,27.2277],[81.0053,27.2266],[81,27.2285],[80.9806,27.2349],[80.9705,27.24],[80.9692,27.2348],[80.9697,27.2327],[80.9677,27.2249],[80.9659,27.2211],[80.9661,27.2167],[80.9637,27.2179],[80.9625,27.2194],[80.9598,27.2206],[80.9591,27.2203],[80.9583,27.2172],[80.9519,27.2105],[80.9479,27.1999],[80.9466,27.1983],[80.9445,27.2022],[80.9433,27.2022],[80.9425,27.2008],[80.9425,27.1981],[80.9402,27.2004],[80.9382,27.1959],[80.9366,27.196],[80.9325,27.2001],[80.9314,27.1998],[80.9309,27.1962],[80.9272,27.1898],[80.9339,27.1793],[80.9355,27.1718],[80.9342,27.1658],[80.9321,27.1616],[80.9293,27.159],[80.9272,27.1575],[80.9199,27.1555],[80.9142,27.1509],[80.9139,27.1489],[80.9115,27.1486],[80.9073,27.1511],[80.9048,27.1498],[80.8977,27.1385],[80.8944,27.1304],[80.8941,27.1277],[80.8881,27.1274],[80.8815,27.1291],[80.8763,27.1269],[80.8636,27.1243],[80.8592,27.1226],[80.8565,27.1212],[80.8507,27.1137],[80.8458,27.1099],[80.8401,27.1081],[80.8383,27.1036],[80.8364,27.1038],[80.8332,27.1003],[80.8308,27.0995],[80.8273,27.1014],[80.8278,27.1035],[80.8272,27.1096],[80.8258,27.111],[80.8244,27.1104],[80.8183,27.1126],[80.8122,27.1122],[80.8085,27.1128],[80.8083,27.1154],[80.8097,27.1231],[80.8089,27.1248],[80.805,27.1289],[80.8047,27.1305],[80.8062,27.1322],[80.8193,27.1361],[80.8202,27.1375],[80.8205,27.1404],[80.8181,27.1479],[80.8232,27.1531],[80.8217,27.1554],[80.8186,27.1553],[80.8164,27.157],[80.8177,27.1613],[80.8157,27.1659],[80.8089,27.1688],[80.8093,27.1734],[80.8084,27.1771],[80.8067,27.1785],[80.8,27.1809],[80.8021,27.1871],[80.8004,27.1921],[80.7986,27.1944],[80.79,27.2016],[80.7892,27.2059],[80.7814,27.203],[80.7748,27.203],[80.7695,27.2003],[80.7662,27.2026],[80.7656,27.205],[80.7583,27.2125],[80.7524,27.2146],[80.752,27.2207],[80.7503,27.2264],[80.7468,27.2261],[80.7394,27.2235],[80.7333,27.2231],[80.7322,27.2258],[80.7352,27.2311],[80.7342,27.2323],[80.728,27.2354],[80.7159,27.2348],[80.708,27.2298],[80.7007,27.2215],[80.6988,27.2188],[80.6908,27.2155],[80.6874,27.2208],[80.6766,27.2216],[80.6735,27.2226],[80.6717,27.2242],[80.657,27.2271],[80.6542,27.2294],[80.6527,27.2329],[80.6538,27.2364],[80.6532,27.2411],[80.6507,27.2424],[80.6444,27.243],[80.6433,27.246],[80.6476,27.251],[80.6468,27.2527],[80.6486,27.2545],[80.6557,27.2576],[80.648,27.2606],[80.6413,27.2652],[80.6395,27.2606],[80.6384,27.2599],[80.6339,27.2604],[80.6324,27.2569],[80.6331,27.2554],[80.6296,27.2544],[80.6255,27.2574],[80.6235,27.2643],[80.6196,27.271],[80.6187,27.2711],[80.6147,27.2678],[80.6042,27.2667],[80.6046,27.2634],[80.6057,27.2614],[80.6056,27.2586],[80.602,27.2592],[80.5998,27.2617],[80.5989,27.2725],[80.5958,27.2747],[80.5889,27.2711],[80.5866,27.273],[80.5846,27.2791],[80.5815,27.2801],[80.5771,27.2795],[80.5731,27.278],[80.5703,27.2784],[80.5694,27.2805],[80.5705,27.282],[80.5755,27.2841],[80.5713,27.292],[80.5658,27.292],[80.5628,27.2846],[80.5601,27.275],[80.5599,27.2695],[80.556,27.2712],[80.5474,27.2736],[80.5436,27.2689],[80.5382,27.2653],[80.5325,27.2628],[80.5261,27.2609],[80.5157,27.2607],[80.5145,27.2554],[80.5094,27.2567],[80.5002,27.2551],[80.4986,27.2562],[80.501,27.26],[80.5103,27.269],[80.5178,27.267],[80.5178,27.2688],[80.5161,27.2712],[80.514,27.2774],[80.5113,27.291],[80.507,27.2923],[80.5078,27.3005],[80.5072,27.3032],[80.5006,27.3045],[80.4968,27.3071],[80.4955,27.3104],[80.496,27.3162],[80.4973,27.3195],[80.5006,27.3228],[80.5013,27.3251],[80.4959,27.327],[80.4874,27.3274],[80.4846,27.3311],[80.4842,27.3398],[80.4837,27.3425],[80.4822,27.3442],[80.4754,27.3456],[80.4684,27.3456],[80.4673,27.3454],[80.4658,27.3436],[80.4653,27.3398],[80.4586,27.3404],[80.4573,27.3419],[80.4607,27.3457],[80.4628,27.3463],[80.4642,27.3487],[80.4623,27.3508],[80.4571,27.3533],[80.4544,27.357],[80.4546,27.3596],[80.4558,27.3626],[80.4571,27.3634],[80.4641,27.3592],[80.4666,27.3568],[80.4677,27.3573],[80.4685,27.3647],[80.4679,27.3678],[80.4659,27.3692],[80.4586,27.3665],[80.4556,27.3673],[80.4533,27.3718],[80.451,27.3795],[80.4506,27.3832],[80.4529,27.3947],[80.4496,27.396],[80.4494,27.3981],[80.4498,27.3991],[80.4525,27.4007],[80.4509,27.4022],[80.4479,27.4027],[80.4353,27.4028],[80.4325,27.4077],[80.4243,27.4122],[80.4193,27.4162],[80.4194,27.4186],[80.4246,27.4208],[80.4288,27.4196],[80.4288,27.4219],[80.4201,27.4318],[80.4129,27.4352],[80.4112,27.4371],[80.4085,27.4422],[80.4086,27.4451],[80.4078,27.4472],[80.406,27.4495],[80.4044,27.449],[80.4021,27.4501],[80.4004,27.455],[80.4007,27.456],[80.405,27.4581],[80.4057,27.4612],[80.4037,27.463],[80.3985,27.4631],[80.3936,27.4643],[80.3913,27.4675],[80.3917,27.4734],[80.3904,27.4754],[80.3881,27.4763],[80.3831,27.4762],[80.3805,27.4776],[80.3717,27.4803],[80.3679,27.4789],[80.3636,27.4784],[80.3603,27.4789],[80.3578,27.4796],[80.3541,27.484],[80.3502,27.4938],[80.3501,27.4998],[80.3453,27.5114],[80.3329,27.5167],[80.3277,27.5231],[80.3297,27.5283],[80.3269,27.531],[80.324,27.5355],[80.3257,27.5415],[80.3228,27.5443],[80.3198,27.5457],[80.3231,27.5493],[80.3226,27.5504],[80.3253,27.5539],[80.3257,27.5561],[80.323,27.5565],[80.3193,27.5599],[80.3183,27.5636],[80.3184,27.5696],[80.3148,27.5696],[80.3108,27.5718],[80.3096,27.5753],[80.3061,27.5813],[80.3064,27.5826],[80.3089,27.5851],[80.3117,27.5866],[80.324,27.5894],[80.3239,27.5906],[80.3216,27.5919],[80.3179,27.5911],[80.3175,27.5917],[80.3243,27.5966],[80.3251,27.5999],[80.324,27.6026],[80.3197,27.6046],[80.3145,27.6033],[80.312,27.6046],[80.3096,27.6045],[80.3084,27.6066],[80.3099,27.6084],[80.3083,27.6103],[80.3092,27.6115],[80.3091,27.6138],[80.3075,27.6145],[80.308,27.6159],[80.3073,27.6167],[80.3047,27.618],[80.3074,27.6234],[80.3055,27.624],[80.3046,27.6255],[80.3055,27.6315],[80.3116,27.6367],[80.3136,27.6395],[80.3131,27.6464],[80.31,27.6516],[80.3138,27.6695],[80.3112,27.6714],[80.3107,27.6731],[80.3122,27.6786],[80.3152,27.682],[80.3168,27.6823],[80.3218,27.688],[80.3397,27.6992],[80.3478,27.7007],[80.3495,27.702],[80.3596,27.7061],[80.362,27.7079],[80.3669,27.708],[80.3718,27.705],[80.3725,27.7078],[80.3757,27.7092],[80.3776,27.7079],[80.3805,27.7072],[80.3798,27.7106],[80.3848,27.7133],[80.3869,27.7135],[80.3895,27.712],[80.3915,27.713],[80.3939,27.7164],[80.3952,27.7207],[80.3949,27.7222],[80.3988,27.7269],[80.4077,27.7358],[80.4109,27.7375],[80.4158,27.7425],[80.422,27.7448],[80.4259,27.7448],[80.4276,27.7439],[80.4355,27.7424],[80.451,27.7482],[80.4536,27.7502],[80.4549,27.7523],[80.4533,27.7585],[80.4462,27.7636],[80.4464,27.7674],[80.4494,27.7717],[80.4562,27.7721],[80.4593,27.7672],[80.459,27.7642],[80.4611,27.7596],[80.4646,27.7579],[80.4652,27.761],[80.4729,27.7756],[80.4781,27.7765],[80.4903,27.7726],[80.4924,27.7762],[80.4927,27.7794],[80.4958,27.78],[80.498,27.7815],[80.4981,27.7855],[80.5029,27.7939],[80.5082,27.7965],[80.5139,27.7959],[80.5178,27.8035],[80.5183,27.8063],[80.5198,27.8082],[80.5332,27.801],[80.5357,27.8004],[80.5405,27.7965],[80.5414,27.7921],[80.5391,27.7858],[80.5393,27.7826],[80.5412,27.7795],[80.5417,27.7739],[80.5433,27.7709],[80.5452,27.7705],[80.5541,27.7719],[80.5552,27.7701],[80.556,27.7606],[80.5603,27.7584],[80.562,27.7562],[80.5628,27.7515],[80.5651,27.7495],[80.5665,27.7484],[80.5702,27.7496],[80.5807,27.7548],[80.5849,27.7533],[80.5941,27.7482],[80.6014,27.7497],[80.6022,27.7493],[80.6063,27.7498],[80.6078,27.7558],[80.6062,27.7642],[80.6072,27.769],[80.6083,27.7712],[80.6149,27.7775],[80.6161,27.784],[80.6198,27.7867],[80.624,27.7973],[80.63,27.8025],[80.6305,27.8052],[80.6294,27.8117],[80.6325,27.8176],[80.6384,27.8359],[80.6412,27.839],[80.6469,27.8359],[80.65,27.8307],[80.651,27.8222],[80.6526,27.8196],[80.6523,27.8169],[80.6542,27.8153],[80.6575,27.815],[80.6598,27.8168],[80.6623,27.8246],[80.6649,27.8277],[80.6694,27.8309],[80.6717,27.823],[80.6753,27.8201],[80.6801,27.8202],[80.6909,27.8238],[80.7079,27.8147],[80.7115,27.8146],[80.717,27.8119],[80.7254,27.8061],[80.7345,27.795],[80.7408,27.7885],[80.7431,27.7873],[80.7454,27.7982],[80.7453,27.8079],[80.7477,27.81],[80.7491,27.8102],[80.7543,27.8087],[80.7643,27.8035],[80.7649,27.8124],[80.7682,27.8149],[80.7701,27.8146],[80.7772,27.8088],[80.7792,27.8112],[80.7817,27.8104],[80.7908,27.8173],[80.7934,27.8166],[80.798,27.8138],[80.8023,27.8099],[80.8074,27.8075],[80.8142,27.8015],[80.8165,27.7966],[80.8186,27.7938],[80.824,27.7912],[80.8287,27.7909],[80.8336,27.7929],[80.8394,27.7965],[80.8421,27.7984],[80.8438,27.801],[80.8444,27.8033],[80.8439,27.8105],[80.8478,27.8127],[80.8474,27.8225],[80.85,27.8238],[80.8566,27.8253],[80.8648,27.8238],[80.866,27.8282],[80.8655,27.8292],[80.8677,27.8317],[80.8789,27.8398],[80.8835,27.8418],[80.8853,27.8409],[80.8898,27.8435],[80.894,27.8493],[80.8966,27.8516],[80.8994,27.8518],[80.903,27.8498],[80.9058,27.847],[80.9065,27.8435],[80.9049,27.84],[80.9053,27.8336],[80.9078,27.833],[80.9122,27.8367],[80.9144,27.8412],[80.9187,27.8449],[80.9237,27.848],[80.9272,27.847],[80.9309,27.844],[80.9318,27.844],[80.9348,27.8499],[80.9399,27.8547],[80.9403,27.8568],[80.9386,27.8628],[80.9428,27.8711],[80.9496,27.8699],[80.9522,27.871],[80.9531,27.8725],[80.9572,27.8894],[80.9627,27.9011],[80.9736,27.9047],[80.9785,27.9057],[80.9822,27.9052],[80.9848,27.902],[80.9809,27.8984],[80.9728,27.8946],[80.9743,27.8911],[80.9817,27.8906],[80.9848,27.8854],[80.9916,27.8844],[81,27.887],[81.0044,27.8847],[81.0072,27.884],[81.0099,27.8803],[81.0066,27.8743],[81,27.8678],[80.9988,27.8679],[80.9974,27.8658],[80.9968,27.8629],[80.997,27.855],[80.9875,27.841],[80.9861,27.8311],[80.9881,27.8284],[80.9935,27.8253],[80.9999,27.8261],[81.0067,27.8256],[81.0102,27.8253],[81.0184,27.8206],[81.0222,27.8168],[81.0254,27.8231],[81.0313,27.8199],[81.0349,27.8224],[81.0368,27.8209],[81.0402,27.8131],[81.0431,27.8138],[81.0481,27.8182],[81.0653,27.8143],[81.0711,27.8248],[81.0722,27.8254],[81.0837,27.8209],[81.0855,27.815],[81.0932,27.8156],[81.095,27.8033],[81.0962,27.8012],[81.0989,27.8007],[81.1049,27.8011],[81.1041,27.7958],[81.1049,27.7931],[81.1063,27.7914],[81.1099,27.7894],[81.1148,27.7901],[81.116,27.7925],[81.1159,27.7945],[81.1212,27.793],[81.1269,27.8041],[81.1318,27.8011],[81.1435,27.8077],[81.145,27.8071],[81.1447,27.7989],[81.1458,27.7878],[81.1477,27.784],[81.1499,27.7822],[81.1534,27.7806],[81.1612,27.7788],[81.1667,27.7795],[81.1787,27.7851],[81.1815,27.7854],[81.1923,27.7808],[81.1999,27.777],[81.2028,27.774],[81.2115,27.7697],[81.2157,27.7668],[81.2261,27.7641],[81.2298,27.7603],[81.2304,27.7574],[81.2281,27.754],[81.2165,27.7487],[81.2083,27.755],[81.2042,27.756],[81.2002,27.7554],[81.1974,27.753],[81.193,27.7462],[81.1916,27.7398],[81.1875,27.7382],[81.1848,27.736],[81.1862,27.7324],[81.1898,27.7308],[81.1931,27.7283],[81.1978,27.7276],[81.2006,27.7261],[81.2021,27.7237],[81.2035,27.7188],[81.2077,27.719],[81.2115,27.7156],[81.2154,27.7147],[81.22,27.7191],[81.2202,27.7217],[81.222,27.723],[81.2299,27.724],[81.2303,27.726],[81.2296,27.7288],[81.2317,27.7308],[81.2362,27.7274],[81.246,27.7289],[81.2475,27.7269],[81.2475,27.7186],[81.2508,27.7151],[81.254,27.7142],[81.2598,27.7141],[81.2648,27.712],[81.2673,27.71],[81.2706,27.7018],[81.2701,27.6954],[81.2679,27.6931],[81.2533,27.6875],[81.251,27.6833],[81.2526,27.6773],[81.26,27.6738],[81.2619,27.6732],[81.2718,27.6741],[81.2754,27.6756],[81.2807,27.6792],[81.2939,27.6799],[81.3035,27.6812]]]},"properties":{"district_name":"Sitapur","raw_district_name":"Sitapur","state_code":"UP","state_name":"Uttar Pradesh","census_code":154,"data_source":"DataMeet India Maps (Census 2011 Boundaries)"}},{"type":"Feature","geometry":{"type":"Polygon","coordinates":[[[83.1078,24.8165],[83.1001,24.8108],[83.0969,24.8059],[83.0906,24.7986],[83.096,24.7971],[83.0943,24.7936],[83.096,24.7919],[83.091,24.7846],[83.0899,24.7795],[83.0939,24.7782],[83.1005,24.7731],[83.1026,24.768],[83.1136,24.7651],[83.1199,24.7621],[83.1326,24.7586],[83.143,24.7527],[83.1505,24.746],[83.1536,24.7409],[83.1565,24.7312],[83.1622,24.7246],[83.1703,24.7234],[83.1769,24.72],[83.1805,24.7165],[83.1865,24.7224],[83.187,24.7146],[83.1953,24.7182],[83.205,24.7189],[83.2099,24.723],[83.2287,24.7312],[83.2409,24.7278],[83.2469,24.725],[83.2544,24.7247],[83.2595,24.73],[83.2642,24.7275],[83.2728,24.7289],[83.2828,24.7341],[83.2873,24.7372],[83.2888,24.7292],[83.2994,24.7179],[83.3085,24.7193],[83.3065,24.723],[83.3064,24.7314],[83.3128,24.7389],[83.3145,24.7447],[83.3193,24.746],[83.3213,24.7526],[83.324,24.7581],[83.3302,24.7662],[83.3305,24.7692],[83.3211,24.7763],[83.3201,24.7841],[83.3217,24.7857],[83.3285,24.7843],[83.3324,24.7787],[83.3395,24.7729],[83.3479,24.7743],[83.353,24.7763],[83.3628,24.7733],[83.3758,24.7732],[83.3863,24.7748],[83.3911,24.777],[83.3949,24.7827],[83.4022,24.7779],[83.4115,24.7751],[83.4193,24.7738],[83.4275,24.7684],[83.4335,24.7616],[83.4423,24.7554],[83.4495,24.7426],[83.4527,24.739],[83.4611,24.7319],[83.4705,24.7337],[83.475,24.7331],[83.4798,24.7342],[83.4833,24.7366],[83.4879,24.7364],[83.4905,24.7335],[83.4913,24.7296],[83.4913,24.7214],[83.4884,24.7148],[83.488,24.7085],[83.4887,24.7043],[83.4913,24.7016],[83.4939,24.7013],[83.4976,24.7045],[83.5,24.7038],[83.503,24.7013],[83.5037,24.6948],[83.5079,24.6932],[83.5171,24.6834],[83.5206,24.6821],[83.5217,24.6798],[83.5212,24.6776],[83.5102,24.6702],[83.5074,24.6671],[83.505,24.6579],[83.5055,24.6503],[83.5077,24.6481],[83.5105,24.6474],[83.5151,24.6481],[83.5239,24.6415],[83.5296,24.6432],[83.5319,24.6431],[83.5321,24.6408],[83.5286,24.6287],[83.5468,24.6265],[83.5493,24.6249],[83.5496,24.6233],[83.5464,24.6204],[83.5425,24.6144],[83.5335,24.6124],[83.5254,24.602],[83.5251,24.5975],[83.5279,24.5898],[83.5314,24.5866],[83.5329,24.5838],[83.5331,24.579],[83.5319,24.5738],[83.5325,24.5661],[83.5279,24.5575],[83.5259,24.5537],[83.5251,24.548],[83.5129,24.5432],[83.5013,24.5409],[83.5011,24.5349],[83.5055,24.5278],[83.5061,24.5259],[83.4946,24.5232],[83.4893,24.5227],[83.4698,24.5167],[83.461,24.5159],[83.4435,24.5124],[83.4343,24.5116],[83.4079,24.5048],[83.4034,24.5025],[83.4009,24.5],[83.4,24.4959],[83.3995,24.4916],[83.4015,24.4877],[83.4014,24.4836],[83.4005,24.4791],[83.396,24.4721],[83.3961,24.4669],[83.395,24.4634],[83.3921,24.4602],[83.3893,24.4545],[83.3977,24.4364],[83.4003,24.4353],[83.4085,24.436],[83.4068,24.411],[83.408,24.4076],[83.4198,24.4091],[83.4244,24.4084],[83.4341,24.405],[83.4377,24.4027],[83.4383,24.3949],[83.4408,24.393],[83.4426,24.3896],[83.4467,24.3879],[83.4478,24.3859],[83.4476,24.3791],[83.4506,24.3766],[83.451,24.3718],[83.4555,24.3674],[83.4593,24.366],[83.4592,24.3637],[83.4535,24.3622],[83.4489,24.3599],[83.4421,24.3465],[83.4379,24.3439],[83.4344,24.3389],[83.4313,24.3377],[83.419,24.3385],[83.4147,24.338],[83.4111,24.3364],[83.3992,24.3257],[83.3931,24.3193],[83.3864,24.3145],[83.3837,24.3135],[83.3834,24.3124],[83.3881,24.3038],[83.3884,24.2995],[83.3896,24.2989],[83.3944,24.2966],[83.3983,24.2955],[83.404,24.2924],[83.4083,24.2843],[83.4107,24.2752],[83.4097,24.2651],[83.4012,24.2517],[83.4012,24.2462],[83.3989,24.2437],[83.3886,24.2391],[83.3851,24.2347],[83.3847,24.23],[83.3871,24.2193],[83.3862,24.216],[83.3838,24.213],[83.384,24.2092],[83.386,24.2044],[83.3861,24.1999],[83.3783,24.1859],[83.3771,24.1797],[83.3733,24.1711],[83.3651,24.156],[83.3638,24.1469],[83.3602,24.1395],[83.3577,24.1363],[83.3567,24.1256],[83.3513,24.118],[83.3505,24.1134],[83.3468,24.1096],[83.3332,24.1017],[83.3313,24.1005],[83.3267,24.1056],[83.3241,24.106],[83.3231,24.1018],[83.323,24.0978],[83.3206,24.0931],[83.302,24.0776],[83.2986,24.0733],[83.2937,24.065],[83.2899,24.0555],[83.2871,24.0504],[83.2864,24.0461],[83.2895,24.0352],[83.286,24.0277],[83.2856,24.0237],[83.2834,24.0216],[83.2826,24.0214],[83.2815,24.0204],[83.2782,24.0195],[83.2753,24.0176],[83.2719,24.0141],[83.2703,24.0131],[83.2701,24.0129],[83.2667,24.0109],[83.2608,24.0114],[83.2547,24.0144],[83.25,24.0131],[83.2495,24.013],[83.2447,24.0092],[83.2431,24.0064],[83.2446,24.0006],[83.2423,23.9985],[83.2412,23.9976],[83.2354,23.9958],[83.2345,23.9955],[83.2336,23.9947],[83.231,23.992],[83.2302,23.9913],[83.2254,23.9893],[83.2237,23.9886],[83.2225,23.9855],[83.2233,23.98],[83.2183,23.9765],[83.2161,23.9721],[83.2183,23.9647],[83.2189,23.9596],[83.2136,23.9531],[83.2109,23.9468],[83.2095,23.9398],[83.199,23.9319],[83.2008,23.9262],[83.1978,23.9213],[83.1973,23.9204],[83.1908,23.9188],[83.1853,23.9188],[83.1803,23.917],[83.1759,23.9172],[83.1756,23.9172],[83.1733,23.9154],[83.172,23.9144],[83.166,23.9125],[83.1655,23.9123],[83.1648,23.9117],[83.1633,23.9106],[83.1535,23.9093],[83.1529,23.9092],[83.1465,23.9037],[83.1429,23.8978],[83.1421,23.8938],[83.1369,23.8905],[83.1365,23.8903],[83.1351,23.8893],[83.0943,23.8774],[83.0687,23.8745],[83.0511,23.8786],[83.0441,23.8823],[83.0332,23.8808],[83.0282,23.8819],[83,23.8777],[82.9917,23.8787],[82.9613,23.8719],[82.9572,23.8722],[82.9465,23.875],[82.9408,23.8785],[82.9383,23.8811],[82.9329,23.8898],[82.9302,23.8918],[82.9252,23.8945],[82.9138,23.897],[82.8981,23.9036],[82.8889,23.9093],[82.883,23.9155],[82.8734,23.9217],[82.8707,23.9246],[82.8629,23.9378],[82.8566,23.9458],[82.8491,23.9491],[82.834,23.9599],[82.8285,23.9639],[82.8205,23.9627],[82.8155,23.962],[82.8141,23.9629],[82.8082,23.9664],[82.8067,23.9698],[82.8065,23.9755],[82.8083,23.9842],[82.8084,23.9954],[82.8093,23.9999],[82.8051,24.004],[82.7977,24.0056],[82.7904,24.0058],[82.7741,24.0049],[82.7601,24.0073],[82.7537,24.0119],[82.7498,24.0202],[82.7477,24.0298],[82.7509,24.0337],[82.7636,24.0424],[82.77,24.0586],[82.7741,24.0766],[82.7684,24.0784],[82.7627,24.072],[82.7596,24.0783],[82.7559,24.0793],[82.7493,24.0738],[82.7455,24.0775],[82.7341,24.0813],[82.7162,24.0795],[82.7131,24.0844],[82.7092,24.0957],[82.6714,24.1225],[82.6653,24.1334],[82.6737,24.1414],[82.6731,24.1497],[82.6787,24.157],[82.6873,24.1553],[82.6962,24.1428],[82.7282,24.1376],[82.7292,24.1484],[82.7309,24.1554],[82.744,24.167],[82.7427,24.1816],[82.7398,24.1996],[82.7349,24.2218],[82.7401,24.2265],[82.745,24.2288],[82.7512,24.2301],[82.7578,24.2347],[82.7595,24.2444],[82.7573,24.2551],[82.7585,24.2666],[82.7625,24.2701],[82.765,24.2742],[82.772,24.2909],[82.774,24.3107],[82.7678,24.3175],[82.7684,24.3215],[82.7709,24.3283],[82.7712,24.3409],[82.7725,24.346],[82.7678,24.3568],[82.7669,24.3615],[82.7667,24.3677],[82.7685,24.3714],[82.7649,24.3743],[82.7624,24.3779],[82.7547,24.3709],[82.7427,24.3695],[82.7265,24.3696],[82.7208,24.3735],[82.7151,24.3835],[82.7156,24.3877],[82.723,24.4145],[82.7274,24.4199],[82.7282,24.428],[82.7337,24.4246],[82.7407,24.431],[82.7353,24.4324],[82.7331,24.443],[82.734,24.4591],[82.7386,24.4686],[82.7318,24.4746],[82.7418,24.4855],[82.7446,24.498],[82.7237,24.5115],[82.7222,24.5344],[82.7231,24.5463],[82.7206,24.5544],[82.7242,24.5553],[82.7416,24.5498],[82.7493,24.5527],[82.7534,24.5507],[82.7541,24.5397],[82.789,24.5443],[82.8088,24.5509],[82.8045,24.5857],[82.8045,24.5979],[82.7935,24.5977],[82.7763,24.5957],[82.7682,24.5979],[82.7711,24.6029],[82.776,24.6087],[82.7753,24.6275],[82.7739,24.6397],[82.7709,24.6437],[82.7512,24.6421],[82.7356,24.6445],[82.7227,24.6402],[82.7173,24.6417],[82.7102,24.6401],[82.7033,24.6423],[82.6998,24.6466],[82.7016,24.6596],[82.704,24.6667],[82.7041,24.6737],[82.7004,24.6782],[82.6936,24.6845],[82.6737,24.6978],[82.6661,24.6983],[82.6538,24.6925],[82.6446,24.6858],[82.6381,24.6846],[82.6111,24.6774],[82.5958,24.6716],[82.5821,24.6609],[82.5524,24.6528],[82.5374,24.6498],[82.5321,24.655],[82.5266,24.6762],[82.5292,24.6869],[82.5421,24.6887],[82.55,24.6946],[82.5508,24.7082],[82.5423,24.7128],[82.538,24.7188],[82.5389,24.7272],[82.5377,24.7359],[82.5469,24.736],[82.5561,24.7411],[82.5545,24.7571],[82.5545,24.7687],[82.5492,24.7798],[82.5494,24.7922],[82.5472,24.8011],[82.5475,24.8078],[82.5719,24.8149],[82.5808,24.8254],[82.5829,24.8303],[82.5917,24.8265],[82.5998,24.8242],[82.6138,24.8115],[82.621,24.812],[82.625,24.8202],[82.6345,24.8214],[82.6347,24.811],[82.6328,24.8],[82.6273,24.7882],[82.6341,24.7867],[82.6465,24.7877],[82.6592,24.7847],[82.6658,24.787],[82.6739,24.7936],[82.6826,24.7962],[82.696,24.8067],[82.7021,24.8088],[82.7031,24.8126],[82.7017,24.8201],[82.7035,24.828],[82.7072,24.8271],[82.7168,24.8207],[82.7255,24.8183],[82.743,24.8199],[82.7487,24.8225],[82.7528,24.8208],[82.7607,24.8261],[82.7676,24.8283],[82.7822,24.8371],[82.802,24.8428],[82.8086,24.8517],[82.818,24.8525],[82.8253,24.8544],[82.8314,24.8481],[82.8397,24.8426],[82.8674,24.8413],[82.8757,24.837],[82.8816,24.8362],[82.8946,24.8399],[82.9069,24.8345],[82.9142,24.8356],[82.9189,24.8397],[82.9172,24.8504],[82.9268,24.8564],[82.9306,24.8521],[82.9314,24.8432],[82.9372,24.8401],[82.955,24.8376],[82.9572,24.8566],[82.9635,24.8566],[82.9707,24.8618],[82.9803,24.8735],[82.9868,24.8854],[82.9865,24.894],[82.9945,24.898],[83.0007,24.904],[83.0106,24.9054],[83.0128,24.9002],[83.0134,24.8811],[83.0145,24.8759],[83.0126,24.8695],[83.0144,24.8492],[83.029,24.8406],[83.0307,24.8369],[83.0274,24.8325],[83.0196,24.8295],[83.015,24.8225],[83.017,24.8147],[83.0244,24.8094],[83.033,24.8105],[83.0461,24.8179],[83.0476,24.8148],[83.0544,24.8136],[83.0546,24.8095],[83.0575,24.7991],[83.0611,24.8001],[83.089,24.8156],[83.0951,24.817],[83.1078,24.8165]]]},"properties":{"district_name":"Sonbhadra","raw_district_name":"Sonbhadra","state_code":"UP","state_name":"Uttar Pradesh","census_code":200,"data_source":"DataMeet India Maps (Census 2011 Boundaries)"}},{"type":"Feature","geometry":{"type":"Polygon","coordinates":[[[81.7047,26.5869],[81.7051,26.5808],[81.7043,26.5753],[81.7029,26.573],[81.7025,26.5679],[81.7041,26.562],[81.7015,26.5561],[81.7003,26.5513],[81.7017,26.5402],[81.6992,26.5382],[81.6933,26.5376],[81.6822,26.5391],[81.6795,26.5374],[81.6777,26.5345],[81.6768,26.5289],[81.6784,26.5257],[81.6901,26.5197],[81.6949,26.5193],[81.6992,26.5172],[81.7028,26.5149],[81.7054,26.5116],[81.7106,26.5076],[81.7134,26.5087],[81.715,26.5108],[81.7128,26.518],[81.7137,26.52],[81.7232,26.5213],[81.7227,26.5248],[81.7246,26.5274],[81.7238,26.5288],[81.718,26.5293],[81.7157,26.5316],[81.7212,26.5367],[81.7245,26.5381],[81.7302,26.5389],[81.7311,26.5412],[81.7341,26.5431],[81.7418,26.5408],[81.7432,26.5416],[81.7502,26.5402],[81.7551,26.5419],[81.7578,26.5436],[81.761,26.5429],[81.7658,26.54],[81.7733,26.5381],[81.778,26.5387],[81.7811,26.5403],[81.7852,26.5389],[81.7868,26.5366],[81.79,26.5349],[81.7933,26.5344],[81.7988,26.5274],[81.8003,26.5282],[81.8006,26.5305],[81.8016,26.5312],[81.8068,26.5314],[81.8061,26.5362],[81.8095,26.5372],[81.8132,26.5341],[81.8182,26.5316],[81.8194,26.5302],[81.8196,26.5285],[81.8239,26.5227],[81.8266,26.5191],[81.8317,26.5183],[81.8406,26.5126],[81.848,26.5117],[81.8493,26.5211],[81.8561,26.5207],[81.8592,26.5214],[81.863,26.5328],[81.8681,26.531],[81.8766,26.5342],[81.8808,26.5336],[81.8856,26.5308],[81.8894,26.5299],[81.8939,26.5275],[81.8997,26.5224],[81.8983,26.5207],[81.8916,26.5205],[81.8904,26.519],[81.8926,26.5132],[81.8933,26.5135],[81.8955,26.5062],[81.9032,26.5085],[81.9114,26.5068],[81.9134,26.5085],[81.9172,26.5153],[81.9189,26.5166],[81.9241,26.5141],[81.9296,26.5097],[81.9303,26.5101],[81.931,26.5089],[81.9369,26.5062],[81.9414,26.5059],[81.9446,26.5067],[81.9471,26.5082],[81.9495,26.5085],[81.9595,26.5069],[81.9636,26.5086],[81.9746,26.5107],[81.9848,26.5055],[81.9852,26.5039],[81.9842,26.5002],[81.9896,26.4957],[81.9925,26.4942],[82,26.4921],[82.0064,26.4886],[82.0109,26.4903],[82.0121,26.4876],[82.0096,26.4777],[82.014,26.4782],[82.0177,26.4803],[82.0195,26.4829],[82.0204,26.4898],[82.0245,26.4907],[82.0286,26.4895],[82.0314,26.4862],[82.0322,26.4819],[82.0355,26.4799],[82.0388,26.4837],[82.0437,26.4814],[82.0417,26.4728],[82.0427,26.4705],[82.0501,26.4674],[82.0531,26.4673],[82.0571,26.4697],[82.0643,26.4758],[82.0694,26.4751],[82.0752,26.4719],[82.0832,26.4698],[82.0881,26.4742],[82.0949,26.4752],[82.105,26.4734],[82.1096,26.4706],[82.1114,26.4666],[82.112,26.4605],[82.1163,26.4577],[82.1213,26.4575],[82.1292,26.4672],[82.1342,26.4658],[82.1374,26.4639],[82.1393,26.4611],[82.1386,26.4546],[82.1281,26.453],[82.1269,26.449],[82.139,26.4435],[82.1429,26.4436],[82.1484,26.4465],[82.1538,26.4458],[82.1569,26.4418],[82.1498,26.4342],[82.1505,26.4309],[82.1602,26.431],[82.1639,26.4232],[82.1707,26.4209],[82.1762,26.4194],[82.183,26.4202],[82.1878,26.4196],[82.1872,26.4094],[82.1883,26.4074],[82.1959,26.4059],[82.221,26.4074],[82.221,26.4074],[82.2252,26.4032],[82.2424,26.3968],[82.244,26.395],[82.2475,26.3942],[82.2495,26.3918],[82.2538,26.3912],[82.2576,26.3939],[82.2589,26.4018],[82.2704,26.4024],[82.2742,26.3986],[82.2782,26.3967],[82.2803,26.3888],[82.2821,26.3885],[82.2834,26.3911],[82.2869,26.3923],[82.2876,26.3942],[82.292,26.3973],[82.298,26.3993],[82.3022,26.4027],[82.3073,26.4003],[82.3134,26.3942],[82.3166,26.3946],[82.3218,26.3909],[82.3173,26.3798],[82.319,26.3789],[82.3222,26.3802],[82.3232,26.3819],[82.3243,26.3828],[82.3265,26.3844],[82.332,26.3839],[82.3378,26.3819],[82.3558,26.3811],[82.3642,26.3819],[82.3702,26.3812],[82.3823,26.3784],[82.3872,26.3754],[82.3869,26.3647],[82.394,26.3621],[82.397,26.3586],[82.4005,26.3576],[82.4024,26.3524],[82.4024,26.3426],[82.4035,26.3355],[82.4016,26.3302],[82.4027,26.3266],[82.4085,26.3227],[82.4201,26.3194],[82.4315,26.3087],[82.4319,26.3062],[82.4336,26.3027],[82.4335,26.2988],[82.4376,26.2987],[82.4372,26.3091],[82.4403,26.3091],[82.4415,26.3056],[82.4459,26.302],[82.4497,26.3003],[82.4524,26.3042],[82.4547,26.2921],[82.4519,26.2899],[82.4472,26.2886],[82.4485,26.2863],[82.454,26.2857],[82.457,26.284],[82.4628,26.2831],[82.4701,26.2832],[82.4768,26.2776],[82.4806,26.2793],[82.4838,26.2851],[82.4932,26.2807],[82.5033,26.2869],[82.5118,26.2909],[82.5155,26.2912],[82.5204,26.2882],[82.5301,26.2794],[82.5369,26.2817],[82.543,26.2783],[82.5463,26.2786],[82.5528,26.2839],[82.5615,26.2744],[82.5678,26.2704],[82.5718,26.2668],[82.576,26.2673],[82.5786,26.2659],[82.5788,26.2597],[82.5816,26.2569],[82.5844,26.2561],[82.586,26.2578],[82.5919,26.2575],[82.5975,26.2585],[82.6034,26.2603],[82.602,26.2628],[82.6031,26.2646],[82.6076,26.2644],[82.6149,26.2547],[82.6197,26.2545],[82.6242,26.2534],[82.6262,26.2499],[82.633,26.248],[82.6383,26.2456],[82.6391,26.2482],[82.6433,26.2527],[82.651,26.2451],[82.6577,26.2552],[82.6624,26.2599],[82.6674,26.2621],[82.6679,26.2564],[82.6693,26.2524],[82.6746,26.2524],[82.6804,26.2554],[82.6801,26.2446],[82.6811,26.2423],[82.6793,26.2378],[82.6743,26.2314],[82.6749,26.2271],[82.6776,26.2234],[82.6813,26.2219],[82.6847,26.2222],[82.6873,26.2181],[82.6897,26.2118],[82.6892,26.2049],[82.6858,26.1908],[82.6892,26.1754],[82.6857,26.1653],[82.6863,26.1627],[82.6945,26.1584],[82.6942,26.1551],[82.6908,26.153],[82.6823,26.1512],[82.6762,26.1563],[82.6719,26.1616],[82.6662,26.1644],[82.658,26.1661],[82.652,26.1619],[82.6466,26.1594],[82.6419,26.1595],[82.6401,26.1628],[82.643,26.1664],[82.6472,26.1676],[82.6527,26.1705],[82.6538,26.1739],[82.6508,26.1753],[82.6442,26.1742],[82.6327,26.1702],[82.6274,26.1714],[82.6262,26.1749],[82.6268,26.1815],[82.6234,26.1816],[82.6201,26.1828],[82.6192,26.1868],[82.6158,26.1905],[82.611,26.1934],[82.6067,26.1952],[82.6009,26.1961],[82.5975,26.1855],[82.5989,26.1811],[82.5957,26.178],[82.592,26.1783],[82.5844,26.188],[82.582,26.1834],[82.5813,26.1783],[82.5829,26.1731],[82.5824,26.1672],[82.5784,26.1663],[82.5717,26.1634],[82.5734,26.1601],[82.5725,26.1546],[82.5771,26.1526],[82.577,26.1501],[82.5713,26.1483],[82.5664,26.148],[82.5648,26.1443],[82.5666,26.1415],[82.5754,26.1397],[82.5699,26.1311],[82.5647,26.1313],[82.5605,26.1329],[82.5586,26.1349],[82.5554,26.1353],[82.551,26.1345],[82.5427,26.1377],[82.5401,26.1446],[82.536,26.1458],[82.531,26.1447],[82.5275,26.143],[82.5245,26.1435],[82.5216,26.1428],[82.5202,26.1395],[82.5179,26.138],[82.5121,26.1396],[82.5081,26.1361],[82.5032,26.1338],[82.4978,26.1339],[82.4947,26.1361],[82.4881,26.1439],[82.4833,26.142],[82.4778,26.1305],[82.4617,26.1337],[82.4548,26.1345],[82.448,26.1343],[82.445,26.1326],[82.4444,26.1249],[82.446,26.112],[82.4434,26.1082],[82.44,26.1065],[82.4371,26.1027],[82.4373,26.098],[82.4472,26.0964],[82.4495,26.0904],[82.4537,26.0842],[82.4618,26.0775],[82.4671,26.0742],[82.4722,26.0743],[82.4769,26.0756],[82.4789,26.0706],[82.4772,26.0644],[82.4745,26.0625],[82.465,26.0627],[82.4632,26.0539],[82.4671,26.0537],[82.4667,26.0443],[82.4793,26.038],[82.483,26.0394],[82.4858,26.0418],[82.4911,26.0424],[82.5054,26.0398],[82.5164,26.0312],[82.5167,26.0277],[82.5132,26.0243],[82.5098,26.0158],[82.5137,26.0139],[82.5188,26.0134],[82.522,26.012],[82.5238,26.0009],[82.5232,26.0003],[82.5208,25.9986],[82.5192,25.9979],[82.5171,25.9972],[82.5154,25.9968],[82.5141,25.9968],[82.5105,25.9962],[82.509,25.9956],[82.5076,25.9948],[82.5068,25.9942],[82.5058,25.9928],[82.5039,25.9906],[82.504,25.9889],[82.5057,25.9874],[82.5072,25.987],[82.5086,25.9864],[82.5107,25.9852],[82.5112,25.9835],[82.5109,25.9824],[82.5098,25.9812],[82.5096,25.9805],[82.508,25.979],[82.5065,25.9778],[82.5054,25.9771],[82.5032,25.9759],[82.5019,25.975],[82.5,25.9743],[82.4982,25.9737],[82.4942,25.9726],[82.4921,25.9723],[82.4892,25.9722],[82.4887,25.9727],[82.4883,25.974],[82.4879,25.9778],[82.4878,25.9815],[82.4875,25.9831],[82.4874,25.9901],[82.4873,25.9923],[82.4866,25.9944],[82.4866,25.9959],[82.4858,25.9986],[82.4846,25.9997],[82.4848,26.0009],[82.4775,26.0049],[82.4556,26.0047],[82.445,26.0054],[82.4366,26.0074],[82.4323,26.0088],[82.4261,26.011],[82.4157,26.0127],[82.402,26.01],[82.4009,26.0144],[82.4033,26.0255],[82.4025,26.0289],[82.3942,26.0317],[82.388,26.0279],[82.382,26.0321],[82.378,26.031],[82.357,26.0073],[82.3538,26.0082],[82.3472,26.0056],[82.3453,26.0068],[82.3446,26.0094],[82.349,26.0138],[82.3489,26.0169],[82.3368,26.0231],[82.3324,26.0283],[82.3264,26.0312],[82.3234,26.0312],[82.3209,26.0302],[82.3198,26.0345],[82.3202,26.0403],[82.3172,26.0398],[82.314,26.038],[82.3115,26.0424],[82.3057,26.0435],[82.289,26.044],[82.2803,26.047],[82.2758,26.0427],[82.2734,26.039],[82.2607,26.0462],[82.2574,26.0535],[82.252,26.0568],[82.2479,26.0569],[82.2443,26.0535],[82.245,26.0516],[82.232,26.041],[82.2303,26.0331],[82.2259,26.0294],[82.22,26.0263],[82.2108,26.0227],[82.2085,26.0192],[82.2034,26.0151],[82.2011,26.0162],[82.1997,26.023],[82.196,26.0279],[82.1908,26.031],[82.1901,26.0367],[82.1868,26.0412],[82.1742,26.0422],[82.1721,26.0495],[82.152,26.0576],[82.1425,26.0594],[82.1336,26.0551],[82.1285,26.0595],[82.1245,26.0643],[82.1201,26.0666],[82.1192,26.0705],[82.1165,26.0732],[82.1095,26.0756],[82.1062,26.0747],[82.1053,26.0657],[82.1027,26.0642],[82.0928,26.0677],[82.0889,26.0637],[82.0834,26.0609],[82.076,26.06],[82.0729,26.0582],[82.0702,26.0563],[82.0668,26.0518],[82.0606,26.0521],[82.0537,26.0593],[82.0461,26.0626],[82.0383,26.0655],[82.0289,26.0651],[82.0204,26.0661],[82,26.0633],[81.9878,26.065],[81.9848,26.0666],[81.9844,26.0696],[81.9854,26.0729],[81.973,26.078],[81.965,26.0785],[81.9635,26.077],[81.9635,26.0736],[81.9654,26.0647],[81.964,26.0648],[81.9433,26.0742],[81.9407,26.0741],[81.9391,26.0727],[81.9383,26.069],[81.9348,26.0642],[81.9341,26.0614],[81.9346,26.0597],[81.937,26.0576],[81.9382,26.0578],[81.9382,26.0568],[81.9381,26.0555],[81.9381,26.0543],[81.9361,26.0527],[81.9329,26.0517],[81.9297,26.0536],[81.9188,26.056],[81.9117,26.0597],[81.9096,26.0659],[81.899,26.0658],[81.8999,26.07],[81.8989,26.0736],[81.8959,26.0769],[81.8923,26.0788],[81.885,26.0803],[81.8719,26.0743],[81.8705,26.0726],[81.8725,26.0669],[81.8732,26.0625],[81.868,26.0573],[81.8674,26.0536],[81.8646,26.0514],[81.8615,26.046],[81.8509,26.0446],[81.8468,26.0393],[81.8429,26.0388],[81.8388,26.04],[81.8353,26.0395],[81.8325,26.0361],[81.8294,26.0367],[81.8228,26.0386],[81.8079,26.046],[81.8037,26.0472],[81.8024,26.0378],[81.8026,26.033],[81.8016,26.0302],[81.7995,26.028],[81.797,26.0267],[81.7918,26.026],[81.7869,26.0263],[81.7827,26.0281],[81.7769,26.0338],[81.7721,26.0411],[81.7743,26.0464],[81.7737,26.0487],[81.7704,26.0498],[81.7666,26.0531],[81.7708,26.0579],[81.7723,26.0616],[81.7724,26.0647],[81.7704,26.0679],[81.7607,26.0711],[81.7573,26.0769],[81.7476,26.0803],[81.7424,26.0857],[81.7265,26.0933],[81.7245,26.0928],[81.7204,26.0891],[81.7164,26.0828],[81.719,26.0784],[81.7204,26.0721],[81.7204,26.0691],[81.7179,26.0649],[81.7072,26.0701],[81.7052,26.067],[81.6949,26.0719],[81.6882,26.0761],[81.686,26.0794],[81.6854,26.0846],[81.6864,26.0953],[81.6827,26.0957],[81.6798,26.0974],[81.6836,26.1041],[81.6855,26.1124],[81.6845,26.1146],[81.6849,26.1171],[81.682,26.1191],[81.6791,26.1192],[81.67,26.1151],[81.6657,26.1157],[81.6604,26.1183],[81.6559,26.1245],[81.6539,26.1256],[81.6509,26.1256],[81.6483,26.128],[81.6497,26.134],[81.6546,26.1377],[81.6553,26.1409],[81.6538,26.1456],[81.6493,26.1507],[81.6436,26.1552],[81.6378,26.1577],[81.6345,26.1602],[81.6343,26.168],[81.6335,26.171],[81.6292,26.1729],[81.6234,26.1771],[81.6194,26.1783],[81.6186,26.1808],[81.6138,26.1837],[81.6109,26.1888],[81.6172,26.2035],[81.6164,26.2057],[81.6162,26.2149],[81.6138,26.2186],[81.6121,26.2196],[81.6069,26.2206],[81.6029,26.2199],[81.6001,26.2216],[81.5945,26.221],[81.5917,26.2288],[81.5938,26.2357],[81.5918,26.2405],[81.5919,26.2431],[81.5903,26.2489],[81.5837,26.2522],[81.5836,26.2549],[81.5814,26.2568],[81.5793,26.2574],[81.5806,26.262],[81.5843,26.2666],[81.5852,26.2715],[81.5843,26.2761],[81.5799,26.2777],[81.572,26.2776],[81.5695,26.2792],[81.5684,26.2849],[81.5649,26.2852],[81.5632,26.2872],[81.5631,26.2902],[81.5617,26.2926],[81.5591,26.2951],[81.5584,26.2977],[81.5604,26.3039],[81.5554,26.3086],[81.5558,26.3113],[81.5592,26.3185],[81.5621,26.3218],[81.5608,26.3298],[81.5642,26.3344],[81.565,26.3484],[81.5661,26.3515],[81.5695,26.3547],[81.5685,26.3572],[81.5585,26.3681],[81.5574,26.3714],[81.5577,26.3749],[81.5639,26.3805],[81.566,26.3842],[81.5665,26.394],[81.5652,26.3967],[81.5649,26.3972],[81.5536,26.3988],[81.5493,26.403],[81.546,26.4121],[81.5461,26.4159],[81.5469,26.4241],[81.5531,26.424],[81.555,26.4253],[81.5544,26.4286],[81.5552,26.4323],[81.5624,26.4402],[81.5683,26.4447],[81.5713,26.4487],[81.5724,26.4584],[81.5681,26.464],[81.5563,26.4742],[81.5578,26.4774],[81.5547,26.48],[81.5539,26.4833],[81.555,26.487],[81.5605,26.4957],[81.5596,26.4994],[81.5561,26.5009],[81.5456,26.5029],[81.5407,26.5058],[81.5388,26.514],[81.5421,26.521],[81.546,26.5234],[81.5497,26.5247],[81.5486,26.5269],[81.5401,26.5344],[81.5361,26.541],[81.544,26.5464],[81.5453,26.5485],[81.5443,26.5517],[81.5524,26.5597],[81.5526,26.5634],[81.555,26.5685],[81.554,26.5695],[81.5461,26.5714],[81.5451,26.5725],[81.5475,26.5782],[81.5512,26.5813],[81.5538,26.5852],[81.5572,26.5867],[81.5606,26.5853],[81.5658,26.5861],[81.5677,26.5874],[81.5688,26.589],[81.5683,26.5916],[81.5689,26.5972],[81.5741,26.6062],[81.5752,26.6094],[81.5737,26.6127],[81.5715,26.6137],[81.5686,26.6141],[81.5601,26.612],[81.5582,26.6125],[81.5567,26.6236],[81.5628,26.6265],[81.5636,26.6283],[81.5606,26.6418],[81.5683,26.646],[81.5698,26.6485],[81.5663,26.6557],[81.5622,26.6594],[81.5623,26.662],[81.5662,26.6641],[81.5704,26.6641],[81.578,26.6613],[81.5816,26.6518],[81.5839,26.6504],[81.5872,26.6494],[81.6005,26.6477],[81.6076,26.644],[81.6101,26.6412],[81.6129,26.634],[81.619,26.626],[81.6285,26.6297],[81.629,26.6319],[81.6281,26.6349],[81.6433,26.6367],[81.646,26.6343],[81.6517,26.6261],[81.6543,26.6249],[81.6617,26.6238],[81.6659,26.6208],[81.6672,26.6191],[81.6683,26.6135],[81.67,26.6111],[81.6774,26.6058],[81.6785,26.6038],[81.6784,26.6012],[81.677,26.5992],[81.675,26.5985],[81.6666,26.6008],[81.6561,26.6082],[81.6533,26.6079],[81.6506,26.6066],[81.6501,26.6033],[81.6517,26.5931],[81.6513,26.5897],[81.6487,26.5848],[81.6492,26.5828],[81.651,26.5816],[81.6545,26.582],[81.6657,26.5881],[81.67,26.5831],[81.6737,26.5817],[81.6779,26.5827],[81.6823,26.5863],[81.6861,26.5879],[81.6976,26.5909],[81.7001,26.5905],[81.7036,26.5884],[81.7047,26.5869]]]},"properties":{"district_name":"Sultanpur","raw_district_name":"Sultanpur","state_code":"UP","state_name":"Uttar Pradesh","census_code":179,"data_source":"DataMeet India Maps (Census 2011 Boundaries)"}},{"type":"Feature","geometry":{"type":"Polygon","coordinates":[[[80.5605,27.0108],[80.58,27.0008],[80.5813,26.9942],[80.5877,26.9858],[80.5913,26.9873],[80.6001,26.9839],[80.597,26.9786],[80.5976,26.9743],[80.5943,26.9688],[80.5984,26.9626],[80.5956,26.9549],[80.5881,26.9533],[80.5886,26.9589],[80.5858,26.9603],[80.5828,26.9578],[80.5784,26.9584],[80.571,26.9548],[80.5663,26.9484],[80.5643,26.9463],[80.5631,26.9413],[80.5609,26.9364],[80.5818,26.9256],[80.5859,26.929],[80.5882,26.9329],[80.5899,26.9381],[80.5919,26.9421],[80.6074,26.9448],[80.6094,26.9441],[80.6096,26.9384],[80.6128,26.9332],[80.6149,26.9258],[80.62,26.9165],[80.6225,26.9131],[80.6237,26.9088],[80.6411,26.903],[80.6364,26.8959],[80.6274,26.8887],[80.6279,26.8805],[80.6362,26.8795],[80.6459,26.8769],[80.655,26.8714],[80.6586,26.8702],[80.6622,26.8681],[80.6701,26.8643],[80.6766,26.8619],[80.6809,26.8606],[80.6938,26.85],[80.6922,26.8374],[80.6967,26.834],[80.7029,26.8301],[80.7085,26.8242],[80.7143,26.8167],[80.7182,26.8111],[80.7201,26.8036],[80.7232,26.8004],[80.7277,26.7942],[80.7407,26.7894],[80.7377,26.7757],[80.7557,26.7738],[80.7529,26.7672],[80.7507,26.7646],[80.7433,26.7627],[80.74,26.7616],[80.7319,26.7544],[80.7177,26.7569],[80.7047,26.7616],[80.6969,26.7628],[80.6926,26.76],[80.6915,26.7561],[80.6951,26.7527],[80.6978,26.7478],[80.7014,26.7483],[80.7026,26.747],[80.7023,26.7431],[80.7038,26.7387],[80.7045,26.7365],[80.7023,26.7328],[80.7008,26.7283],[80.7019,26.7244],[80.7059,26.7215],[80.7062,26.7185],[80.7043,26.7194],[80.7006,26.7211],[80.6994,26.7193],[80.7008,26.717],[80.7093,26.7123],[80.7151,26.7072],[80.7177,26.6996],[80.7124,26.6953],[80.7048,26.6917],[80.6991,26.6888],[80.6974,26.6857],[80.7009,26.683],[80.7035,26.6827],[80.7074,26.6831],[80.7166,26.6728],[80.7146,26.668],[80.7294,26.6559],[80.7362,26.6609],[80.7408,26.6638],[80.7463,26.6662],[80.7442,26.6744],[80.7475,26.6799],[80.7522,26.6841],[80.7571,26.6862],[80.7627,26.685],[80.7616,26.6812],[80.7651,26.6787],[80.7696,26.6771],[80.7698,26.6738],[80.767,26.6685],[80.7705,26.6633],[80.776,26.6648],[80.7818,26.6669],[80.7841,26.666],[80.7831,26.6625],[80.791,26.6572],[80.7939,26.6526],[80.7945,26.6464],[80.8011,26.6479],[80.8053,26.6514],[80.81,26.6543],[80.8159,26.6557],[80.8223,26.6562],[80.8255,26.6598],[80.8331,26.6622],[80.8428,26.663],[80.8452,26.6604],[80.8507,26.6514],[80.8542,26.6486],[80.873,26.6423],[80.8751,26.637],[80.879,26.633],[80.8831,26.6313],[80.8811,26.6261],[80.8768,26.6232],[80.8724,26.6214],[80.8772,26.6142],[80.8813,26.6163],[80.8844,26.6215],[80.8862,26.6195],[80.8888,26.6206],[80.8923,26.6216],[80.8939,26.6173],[80.8897,26.6119],[80.8921,26.6073],[80.8899,26.603],[80.8919,26.5979],[80.8981,26.5952],[80.9031,26.592],[80.906,26.5909],[80.9078,26.5972],[80.9093,26.5974],[80.9133,26.5924],[80.9188,26.5897],[80.9202,26.593],[80.922,26.592],[80.9226,26.5894],[80.9267,26.5916],[80.9273,26.5886],[80.9331,26.5854],[80.9308,26.5844],[80.9277,26.5843],[80.9328,26.5743],[80.9393,26.5706],[80.9415,26.568],[80.94,26.5684],[80.9369,26.5676],[80.941,26.5656],[80.9427,26.5644],[80.9446,26.565],[80.946,26.5637],[80.9527,26.5683],[80.9548,26.5678],[80.9532,26.5616],[80.9586,26.5591],[80.9614,26.5596],[80.9657,26.5571],[80.9684,26.5549],[80.9704,26.5544],[80.9702,26.5525],[80.9677,26.5515],[80.9664,26.5493],[80.9706,26.5476],[80.9727,26.5497],[80.9752,26.5513],[80.9807,26.5505],[80.9805,26.547],[80.9801,26.5435],[80.9821,26.5442],[80.9853,26.5461],[80.9877,26.5445],[80.986,26.5418],[80.9863,26.538],[80.9883,26.5347],[80.995,26.5345],[81,26.5349],[81.002,26.5317],[81.0022,26.5289],[81.0018,26.5229],[81.0016,26.5195],[81.0021,26.5168],[81.0058,26.5159],[81.0078,26.5131],[81.0072,26.5118],[81.0052,26.5128],[81,26.5131],[80.9956,26.5112],[80.9951,26.51],[80.996,26.5089],[80.9981,26.509],[81,26.5087],[81.0045,26.5072],[81.0073,26.5044],[81.0055,26.4999],[81,26.5029],[80.9984,26.5037],[80.9969,26.5035],[80.995,26.5022],[80.9941,26.5013],[80.9933,26.4993],[80.9943,26.4973],[80.9973,26.495],[81,26.4929],[81.0017,26.4921],[81.0031,26.4899],[81.0041,26.4861],[81.0035,26.4833],[81.0015,26.4807],[81,26.4769],[80.9984,26.4761],[80.9963,26.475],[80.9936,26.4737],[80.9936,26.477],[80.9937,26.4799],[80.9922,26.4811],[80.9912,26.4831],[80.988,26.4812],[80.9886,26.4776],[80.9871,26.4756],[80.9847,26.4733],[80.9847,26.4697],[80.9852,26.4674],[80.9884,26.4674],[80.992,26.4657],[80.9931,26.4605],[80.9936,26.4552],[80.9952,26.4504],[80.9975,26.4447],[81,26.4409],[81.0076,26.4368],[81.0131,26.4298],[81.0108,26.424],[81.0113,26.422],[81.0153,26.4197],[81.0162,26.4179],[81.0183,26.4163],[81.0198,26.4207],[81.0214,26.4207],[81.023,26.4198],[81.0245,26.4173],[81.0267,26.4161],[81.0263,26.4125],[81.0303,26.4126],[81.0313,26.4118],[81.0312,26.4095],[81.0275,26.4067],[81.0261,26.4029],[81.0275,26.3985],[81.0308,26.3952],[81.0328,26.3902],[81.0333,26.385],[81.0311,26.3761],[81.0322,26.3756],[81.0354,26.3784],[81.0365,26.378],[81.0368,26.3761],[81.038,26.3752],[81.0398,26.3748],[81.0447,26.376],[81.0501,26.3756],[81.051,26.3734],[81.0399,26.3653],[81.038,26.3609],[81.0341,26.3605],[81.0262,26.3619],[81.0241,26.3617],[81.0192,26.3567],[81.0149,26.3551],[81.0079,26.3539],[81,26.3455],[81,26.3334],[81.0012,26.3314],[81.0028,26.3257],[81.0023,26.3217],[81,26.3164],[80.9988,26.3138],[80.9893,26.3145],[80.9853,26.311],[80.9815,26.3085],[80.9748,26.3098],[80.9693,26.3067],[80.9597,26.3072],[80.9518,26.3074],[80.9494,26.3137],[80.9455,26.3164],[80.9432,26.3205],[80.9501,26.3295],[80.95,26.3334],[80.9487,26.3372],[80.9502,26.3445],[80.9472,26.3484],[80.9385,26.3567],[80.9343,26.3505],[80.9252,26.3408],[80.9227,26.3448],[80.9193,26.3495],[80.9105,26.3516],[80.9014,26.35],[80.8939,26.3429],[80.8928,26.3479],[80.8935,26.3529],[80.8916,26.3572],[80.8855,26.3592],[80.8672,26.3559],[80.865,26.3586],[80.8676,26.3622],[80.8687,26.3646],[80.8655,26.3691],[80.8608,26.3652],[80.8542,26.3686],[80.8461,26.3711],[80.8391,26.36],[80.8363,26.3566],[80.8319,26.349],[80.8321,26.3412],[80.8378,26.3393],[80.842,26.3335],[80.8462,26.3282],[80.8548,26.3273],[80.8578,26.3269],[80.8666,26.3204],[80.8717,26.3159],[80.8712,26.305],[80.8785,26.3052],[80.8814,26.3024],[80.8789,26.2986],[80.8834,26.2977],[80.8818,26.2937],[80.8878,26.2919],[80.8857,26.2872],[80.8801,26.2783],[80.8727,26.2718],[80.8644,26.267],[80.8566,26.2569],[80.8536,26.2476],[80.8502,26.2442],[80.8479,26.2438],[80.847,26.2421],[80.8445,26.2439],[80.846,26.2367],[80.8424,26.2345],[80.836,26.2356],[80.83,26.2318],[80.8261,26.2267],[80.8249,26.2204],[80.8193,26.2127],[80.8261,26.2102],[80.8225,26.2018],[80.8126,26.2023],[80.8122,26.2077],[80.8027,26.2117],[80.8008,26.2083],[80.7903,26.2066],[80.7815,26.207],[80.7717,26.2122],[80.7665,26.2026],[80.7709,26.1994],[80.7784,26.1944],[80.7762,26.1886],[80.7708,26.1821],[80.7638,26.1834],[80.7566,26.1857],[80.7492,26.1831],[80.7457,26.181],[80.739,26.1718],[80.7366,26.1724],[80.7318,26.1761],[80.7241,26.1704],[80.717,26.1657],[80.7076,26.1586],[80.6976,26.1603],[80.694,26.1508],[80.6889,26.1419],[80.6946,26.1363],[80.6955,26.1304],[80.6994,26.1233],[80.7004,26.117],[80.6989,26.1146],[80.6927,26.1147],[80.686,26.1154],[80.6761,26.1213],[80.6719,26.1299],[80.6659,26.1339],[80.6624,26.1387],[80.6584,26.1448],[80.6542,26.1473],[80.649,26.1484],[80.6431,26.1478],[80.6345,26.1468],[80.628,26.1476],[80.6185,26.1495],[80.6145,26.1516],[80.6045,26.1718],[80.604,26.1777],[80.6094,26.1904],[80.6109,26.1976],[80.611,26.2072],[80.608,26.2181],[80.6023,26.2244],[80.5964,26.2247],[80.591,26.2222],[80.5855,26.2225],[80.5782,26.2218],[80.57,26.2243],[80.5671,26.2267],[80.5643,26.2289],[80.5607,26.2341],[80.5609,26.2456],[80.5628,26.2562],[80.5616,26.2646],[80.5611,26.2662],[80.5547,26.2884],[80.5437,26.3105],[80.5372,26.3218],[80.5367,26.326],[80.5387,26.337],[80.5363,26.3441],[80.5355,26.3504],[80.5333,26.3575],[80.5286,26.3607],[80.5214,26.3632],[80.5067,26.3721],[80.4967,26.3782],[80.4814,26.3883],[80.4677,26.397],[80.4555,26.4051],[80.4445,26.4116],[80.4338,26.418],[80.4224,26.4239],[80.4187,26.4285],[80.4117,26.435],[80.4041,26.4416],[80.4054,26.4566],[80.4001,26.4643],[80.394,26.4679],[80.3859,26.4687],[80.3785,26.4698],[80.3621,26.4763],[80.3479,26.4857],[80.3402,26.4934],[80.3276,26.5089],[80.3228,26.5135],[80.3098,26.5256],[80.304,26.5339],[80.2965,26.5477],[80.2951,26.5599],[80.2962,26.5717],[80.3014,26.5852],[80.3046,26.5998],[80.304,26.6057],[80.2933,26.6214],[80.2846,26.6338],[80.284,26.6346],[80.2721,26.65],[80.2706,26.6538],[80.2672,26.6592],[80.2591,26.6695],[80.2456,26.682],[80.2394,26.6857],[80.2332,26.6873],[80.2241,26.6854],[80.2041,26.683],[80.1865,26.6868],[80.168,26.707],[80.157,26.7221],[80.151,26.7254],[80.1413,26.7324],[80.1332,26.7428],[80.1263,26.7589],[80.12,26.7754],[80.122,26.7853],[80.1217,26.7957],[80.1172,26.8046],[80.1092,26.8225],[80.105,26.8377],[80.1053,26.8534],[80.1081,26.8639],[80.1069,26.8716],[80.0998,26.8786],[80.0883,26.8877],[80.0905,26.8943],[80.089,26.8966],[80.0762,26.9093],[80.075,26.9125],[80.0676,26.9189],[80.0627,26.919],[80.0517,26.9191],[80.0557,26.9277],[80.0583,26.9337],[80.0625,26.938],[80.0676,26.9418],[80.0724,26.9445],[80.0767,26.948],[80.0813,26.9514],[80.086,26.9589],[80.1052,26.9603],[80.1034,26.9683],[80.1003,26.974],[80.1004,26.9796],[80.1048,26.984],[80.1062,26.9866],[80.1088,26.9918],[80.115,26.9951],[80.1211,26.995],[80.1223,26.9928],[80.1223,26.9902],[80.1176,26.9867],[80.1228,26.9848],[80.1268,26.9818],[80.1283,26.9814],[80.1316,26.9849],[80.1343,26.9886],[80.1398,26.9844],[80.1444,26.9862],[80.1464,26.9858],[80.1452,26.9801],[80.1486,26.9785],[80.1522,26.9796],[80.1597,26.9854],[80.1619,26.9851],[80.1667,26.9892],[80.1715,26.9932],[80.1727,26.997],[80.1778,26.9967],[80.183,26.9968],[80.1845,26.9959],[80.1822,26.9896],[80.1809,26.9845],[80.1813,26.9805],[80.1799,26.9768],[80.1753,26.973],[80.1734,26.9704],[80.1726,26.9644],[80.1742,26.9587],[80.1777,26.957],[80.1849,26.9581],[80.1909,26.9605],[80.1981,26.9649],[80.2055,26.9703],[80.2134,26.9675],[80.2207,26.9652],[80.2216,26.9683],[80.2242,26.9694],[80.2298,26.9704],[80.2316,26.9743],[80.2346,26.9821],[80.2377,26.9904],[80.2405,27.0006],[80.2418,27.0099],[80.2425,27.0124],[80.2443,27.0143],[80.2474,27.0161],[80.257,27.0181],[80.2569,27.0198],[80.2522,27.0266],[80.2547,27.0289],[80.2608,27.0296],[80.2672,27.0279],[80.2857,27.03],[80.2872,27.0288],[80.2882,27.0252],[80.2905,27.0224],[80.2937,27.0219],[80.3006,27.0247],[80.3048,27.025],[80.3062,27.0247],[80.3065,27.0236],[80.3079,27.0228],[80.3098,27.0186],[80.3083,27.0137],[80.3066,27.0116],[80.3,27.0067],[80.2955,27.0007],[80.2988,26.9956],[80.3034,26.993],[80.3096,26.9911],[80.3168,26.9868],[80.3254,26.9886],[80.3284,26.9894],[80.3294,26.9872],[80.3298,26.9833],[80.3354,26.971],[80.3401,26.9672],[80.3401,26.9631],[80.3392,26.9543],[80.3391,26.9484],[80.344,26.9432],[80.3544,26.9314],[80.3611,26.9227],[80.3645,26.9249],[80.3699,26.9276],[80.3734,26.9253],[80.3777,26.9275],[80.3843,26.9303],[80.3872,26.9297],[80.3898,26.9244],[80.3941,26.9218],[80.3948,26.9179],[80.3953,26.914],[80.3993,26.9051],[80.4026,26.9033],[80.4058,26.8989],[80.4158,26.8874],[80.4236,26.8991],[80.4298,26.9119],[80.4263,26.9172],[80.4251,26.9227],[80.4277,26.9415],[80.4357,26.9444],[80.445,26.9458],[80.4476,26.9477],[80.4492,26.955],[80.4484,26.9577],[80.4446,26.9599],[80.4462,26.9665],[80.4513,26.9693],[80.4582,26.9745],[80.4627,26.9768],[80.4665,26.9757],[80.4719,26.9777],[80.4778,26.9765],[80.4799,26.9791],[80.4808,26.9842],[80.4878,26.9882],[80.4939,26.9863],[80.5013,26.985],[80.5072,26.989],[80.5135,26.9944],[80.5185,27.0008],[80.5246,27.005],[80.5293,27.0071],[80.5397,27.0036],[80.5419,27.0019],[80.5447,27.0015],[80.5505,27.0129],[80.5536,27.0132],[80.5587,27.0102],[80.5605,27.0108]]]},"properties":{"district_name":"Unnao","raw_district_name":"Unnao","state_code":"UP","state_name":"Uttar Pradesh","census_code":156,"data_source":"DataMeet India Maps (Census 2011 Boundaries)"}},{"type":"Feature","geometry":{"type":"Polygon","coordinates":[[[83.0723,25.5507],[83.0758,25.5454],[83.0777,25.538],[83.076,25.5353],[83.0715,25.5343],[83.0653,25.5316],[83.0644,25.5285],[83.0707,25.5211],[83.0764,25.5131],[83.087,25.4937],[83.0891,25.4917],[83.0911,25.4917],[83.0935,25.494],[83.0973,25.501],[83.0976,25.5033],[83.1031,25.5013],[83.1074,25.4949],[83.1096,25.4934],[83.1123,25.4941],[83.115,25.4973],[83.1158,25.4999],[83.1154,25.5029],[83.1138,25.5054],[83.1071,25.5083],[83.1035,25.5114],[83.0986,25.5201],[83.0995,25.5234],[83.1024,25.5248],[83.1079,25.525],[83.1123,25.5242],[83.1183,25.521],[83.1323,25.508],[83.1411,25.5061],[83.1521,25.506],[83.1571,25.5027],[83.1593,25.5028],[83.1595,25.5044],[83.1583,25.5069],[83.1599,25.5119],[83.1586,25.515],[83.1589,25.5173],[83.1639,25.5214],[83.167,25.5227],[83.1702,25.5226],[83.174,25.5235],[83.1797,25.5103],[83.1797,25.5103],[83.1768,25.504],[83.1758,25.4967],[83.1702,25.4872],[83.1622,25.4809],[83.1523,25.4754],[83.1438,25.4692],[83.1357,25.4595],[83.1307,25.4494],[83.1308,25.444],[83.1392,25.4403],[83.1547,25.4376],[83.1589,25.4359],[83.1599,25.4353],[83.1724,25.4273],[83.1863,25.4222],[83.1909,25.419],[83.1948,25.4053],[83.1938,25.3986],[83.1923,25.3949],[83.189,25.386],[83.1874,25.3798],[83.1801,25.3662],[83.1791,25.36],[83.1762,25.353],[83.169,25.3406],[83.168,25.3392],[83.1619,25.331],[83.1572,25.3263],[83.1553,25.3249],[83.1457,25.3181],[83.1443,25.3178],[83.1412,25.3169],[83.1388,25.3169],[83.117,25.3237],[83.1154,25.3244],[83.112,25.3261],[83.0995,25.3289],[83.0901,25.3301],[83.0802,25.3274],[83.0731,25.3266],[83.0688,25.3245],[83.0573,25.3226],[83.0406,25.3175],[83.0298,25.3125],[83.0173,25.3032],[83.0125,25.2965],[83.0138,25.2927],[83.0225,25.2922],[83.0316,25.2877],[83.0491,25.282],[83.0501,25.2795],[83.0463,25.2696],[83.0518,25.2678],[83.054,25.2594],[83.058,25.2543],[83.0614,25.2526],[83.0665,25.2499],[83.0694,25.2478],[83.0711,25.2449],[83.0614,25.2444],[83.0553,25.2466],[83.049,25.2472],[83.0428,25.2461],[83.0341,25.2415],[83.0341,25.2415],[83.032,25.2418],[83.0257,25.2254],[83.0212,25.2187],[83.0127,25.2092],[83.0096,25.2066],[83.0022,25.2027],[83,25.2024],[82.9941,25.2031],[82.9906,25.2033],[82.9865,25.204],[82.9814,25.2051],[82.978,25.2055],[82.9745,25.2061],[82.9701,25.2064],[82.9639,25.207],[82.9614,25.2074],[82.9577,25.2076],[82.9534,25.2077],[82.9509,25.208],[82.9481,25.2082],[82.9451,25.2083],[82.9415,25.2082],[82.936,25.2078],[82.9335,25.2081],[82.9319,25.209],[82.9298,25.21],[82.9273,25.2109],[82.9248,25.2117],[82.9188,25.2131],[82.9163,25.2133],[82.9148,25.2134],[82.9124,25.2132],[82.91,25.213],[82.9059,25.2121],[82.9055,25.2119],[82.9043,25.2121],[82.904,25.2128],[82.9033,25.2145],[82.9026,25.2155],[82.9018,25.2156],[82.9005,25.2149],[82.8995,25.2139],[82.8983,25.2114],[82.8978,25.21],[82.8974,25.2095],[82.8971,25.2088],[82.8966,25.2083],[82.8957,25.2085],[82.8942,25.2088],[82.8917,25.2088],[82.891,25.2086],[82.8897,25.2079],[82.8883,25.2067],[82.8869,25.205],[82.8862,25.2039],[82.8858,25.2032],[82.8847,25.2018],[82.8835,25.1995],[82.8824,25.2005],[82.8803,25.201],[82.879,25.2011],[82.8769,25.2017],[82.8755,25.2016],[82.874,25.2011],[82.8716,25.1995],[82.8709,25.1986],[82.8704,25.1975],[82.8702,25.1964],[82.8699,25.1955],[82.8702,25.194],[82.87,25.1934],[82.8701,25.1928],[82.8709,25.1924],[82.8722,25.192],[82.8745,25.1917],[82.8758,25.1908],[82.8759,25.1897],[82.875,25.1884],[82.8736,25.1885],[82.8729,25.1882],[82.8719,25.1877],[82.8706,25.1868],[82.8689,25.1852],[82.8684,25.1846],[82.8661,25.1807],[82.8648,25.1791],[82.8637,25.1773],[82.8632,25.1761],[82.8625,25.175],[82.8615,25.1734],[82.8593,25.1709],[82.8587,25.1703],[82.8568,25.1691],[82.8547,25.1681],[82.853,25.1676],[82.8513,25.1673],[82.8477,25.1668],[82.8459,25.167],[82.8408,25.1674],[82.8394,25.1675],[82.8381,25.1678],[82.8367,25.1695],[82.8361,25.1712],[82.8359,25.1728],[82.835,25.174],[82.8346,25.1743],[82.8332,25.1748],[82.832,25.1751],[82.8294,25.1759],[82.8274,25.1773],[82.8265,25.179],[82.8262,25.1804],[82.826,25.1808],[82.8259,25.1822],[82.8256,25.1852],[82.8241,25.1855],[82.8234,25.1856],[82.8219,25.1855],[82.8183,25.1866],[82.8163,25.1873],[82.815,25.1875],[82.8134,25.1879],[82.8112,25.188],[82.8099,25.1883],[82.8094,25.1875],[82.8096,25.1867],[82.8094,25.184],[82.8094,25.1826],[82.8092,25.1811],[82.809,25.1807],[82.8087,25.1793],[82.8078,25.1769],[82.8071,25.1758],[82.8059,25.173],[82.8054,25.1725],[82.8038,25.1723],[82.8018,25.1735],[82.7998,25.1748],[82.7987,25.1757],[82.7963,25.1773],[82.7947,25.1785],[82.7937,25.1791],[82.7956,25.1802],[82.7972,25.1818],[82.7988,25.1832],[82.7997,25.1839],[82.8004,25.1847],[82.8012,25.1852],[82.8023,25.1868],[82.8031,25.1885],[82.8027,25.1899],[82.8012,25.1902],[82.8001,25.1901],[82.7985,25.1906],[82.7969,25.1908],[82.7948,25.1911],[82.7912,25.193],[82.7907,25.1935],[82.79,25.1944],[82.7897,25.1954],[82.7891,25.1973],[82.7888,25.198],[82.788,25.2006],[82.7873,25.2025],[82.7864,25.2035],[82.7851,25.2037],[82.7846,25.2039],[82.7843,25.2048],[82.7852,25.2068],[82.7865,25.208],[82.7878,25.2084],[82.7925,25.2099],[82.7945,25.2093],[82.7955,25.2092],[82.7966,25.2089],[82.7996,25.2084],[82.801,25.2079],[82.8018,25.2078],[82.8042,25.2075],[82.8061,25.2071],[82.8136,25.2061],[82.8157,25.2061],[82.8167,25.2064],[82.817,25.2077],[82.8165,25.2086],[82.8159,25.2101],[82.8149,25.2111],[82.8141,25.2111],[82.8118,25.2117],[82.8111,25.2129],[82.8109,25.2141],[82.8105,25.2162],[82.8102,25.2169],[82.8094,25.2184],[82.8089,25.2195],[82.8077,25.2199],[82.8062,25.2211],[82.8054,25.222],[82.8051,25.223],[82.8054,25.2241],[82.8074,25.2244],[82.8081,25.2245],[82.8097,25.225],[82.8104,25.2251],[82.8123,25.2257],[82.8136,25.2264],[82.8143,25.2267],[82.8148,25.227],[82.8153,25.2276],[82.816,25.228],[82.8167,25.2292],[82.817,25.2303],[82.8169,25.232],[82.8166,25.2327],[82.8145,25.2339],[82.8138,25.2344],[82.8128,25.2348],[82.8125,25.2364],[82.8119,25.2385],[82.812,25.2411],[82.8125,25.2437],[82.8128,25.2444],[82.8139,25.2445],[82.8147,25.2447],[82.8162,25.2459],[82.8165,25.2473],[82.8177,25.2488],[82.8186,25.2496],[82.8201,25.2507],[82.8212,25.2516],[82.822,25.2526],[82.8219,25.2538],[82.8215,25.2553],[82.82,25.2563],[82.8183,25.257],[82.8171,25.2572],[82.8151,25.257],[82.813,25.2568],[82.8111,25.2564],[82.8096,25.2564],[82.8044,25.2558],[82.802,25.2548],[82.7979,25.2537],[82.7972,25.2533],[82.7954,25.2526],[82.793,25.252],[82.7901,25.2507],[82.7859,25.2484],[82.7855,25.2478],[82.7858,25.2454],[82.7864,25.2422],[82.7861,25.2395],[82.7869,25.238],[82.7878,25.237],[82.7891,25.2352],[82.7908,25.2334],[82.7913,25.2325],[82.7915,25.2312],[82.7911,25.2306],[82.7902,25.2299],[82.7892,25.2295],[82.7873,25.2293],[82.7851,25.2291],[82.7828,25.2294],[82.7817,25.2297],[82.7807,25.2304],[82.78,25.2314],[82.7793,25.232],[82.7784,25.2331],[82.778,25.2338],[82.7766,25.2357],[82.7763,25.2366],[82.776,25.2379],[82.7761,25.2399],[82.777,25.2421],[82.7776,25.2432],[82.7782,25.2444],[82.7789,25.2452],[82.7798,25.2467],[82.78,25.2477],[82.7798,25.2487],[82.7786,25.2506],[82.7773,25.2523],[82.7768,25.2531],[82.7753,25.2545],[82.7747,25.2554],[82.7735,25.2579],[82.7729,25.2574],[82.7725,25.2585],[82.772,25.259],[82.7713,25.2602],[82.7714,25.2623],[82.7734,25.2624],[82.7754,25.2631],[82.7792,25.2642],[82.7814,25.2653],[82.7816,25.2663],[82.7818,25.2669],[82.7819,25.2682],[82.7813,25.27],[82.78,25.2713],[82.7783,25.2715],[82.7779,25.2711],[82.7775,25.2703],[82.7774,25.2695],[82.777,25.2683],[82.775,25.2671],[82.7743,25.2667],[82.7731,25.2664],[82.7712,25.2664],[82.7707,25.2665],[82.7698,25.2666],[82.7652,25.2678],[82.7638,25.2679],[82.7624,25.2678],[82.7617,25.2669],[82.7613,25.266],[82.7607,25.2634],[82.761,25.2618],[82.761,25.2608],[82.7607,25.2577],[82.76,25.2545],[82.7598,25.2533],[82.7594,25.251],[82.7592,25.2505],[82.7589,25.2489],[82.7591,25.2481],[82.759,25.2476],[82.7579,25.2446],[82.7577,25.2437],[82.7572,25.2427],[82.7559,25.2418],[82.754,25.2409],[82.7528,25.2406],[82.7504,25.2407],[82.7487,25.2408],[82.7471,25.2412],[82.7454,25.2417],[82.7427,25.2434],[82.7403,25.2454],[82.7397,25.247],[82.7391,25.2477],[82.7385,25.2493],[82.7375,25.2516],[82.7369,25.2541],[82.7353,25.2543],[82.7341,25.2543],[82.7326,25.254],[82.7267,25.2537],[82.7255,25.2535],[82.7238,25.2533],[82.7194,25.2529],[82.7151,25.2529],[82.7144,25.2545],[82.7143,25.2555],[82.7141,25.2575],[82.7141,25.2581],[82.714,25.2614],[82.7134,25.2618],[82.7107,25.2626],[82.7097,25.2626],[82.7062,25.263],[82.7044,25.2631],[82.7025,25.2631],[82.7004,25.2633],[82.6985,25.2632],[82.6971,25.2633],[82.6953,25.2635],[82.6934,25.2634],[82.6925,25.2632],[82.6905,25.2634],[82.6893,25.2631],[82.6863,25.2626],[82.6844,25.2621],[82.6837,25.2618],[82.6824,25.2606],[82.6814,25.2591],[82.6803,25.2567],[82.6789,25.2535],[82.6785,25.2528],[82.6782,25.2519],[82.6772,25.2505],[82.6764,25.2497],[82.6754,25.2491],[82.6732,25.2484],[82.6721,25.2482],[82.672,25.2482],[82.671,25.2534],[82.6713,25.257],[82.6722,25.2596],[82.6726,25.2622],[82.6731,25.2649],[82.6732,25.2652],[82.6736,25.2688],[82.6738,25.273],[82.674,25.2743],[82.6745,25.2766],[82.6748,25.2778],[82.6748,25.2785],[82.6754,25.2811],[82.6778,25.281],[82.6791,25.2809],[82.6805,25.2805],[82.6816,25.2803],[82.6836,25.2795],[82.6857,25.2791],[82.6872,25.2791],[82.6886,25.2798],[82.6893,25.2806],[82.6896,25.2811],[82.6905,25.2829],[82.6908,25.2833],[82.6911,25.2846],[82.6911,25.2849],[82.6911,25.2851],[82.691,25.2871],[82.6907,25.2887],[82.6905,25.2899],[82.6904,25.291],[82.6904,25.2941],[82.6913,25.2989],[82.6923,25.304],[82.6928,25.3055],[82.6934,25.3073],[82.6935,25.3077],[82.6937,25.3084],[82.6948,25.3105],[82.6961,25.3108],[82.6978,25.3108],[82.6995,25.3116],[82.7002,25.3122],[82.7012,25.3135],[82.7016,25.3143],[82.7025,25.316],[82.7033,25.318],[82.7037,25.319],[82.7039,25.3204],[82.704,25.3217],[82.7038,25.3226],[82.7036,25.3231],[82.7028,25.3245],[82.7018,25.326],[82.7007,25.3272],[82.6998,25.3277],[82.6983,25.3286],[82.698,25.3287],[82.6942,25.3303],[82.6906,25.3312],[82.6886,25.3324],[82.6882,25.3348],[82.6877,25.3379],[82.6875,25.3397],[82.6876,25.3407],[82.6869,25.3433],[82.6868,25.344],[82.6862,25.3453],[82.6841,25.3485],[82.6827,25.3527],[82.6833,25.3546],[82.6854,25.3566],[82.6874,25.3576],[82.6888,25.3576],[82.6895,25.3578],[82.6906,25.3584],[82.6915,25.3594],[82.6918,25.3601],[82.6918,25.3611],[82.6923,25.3624],[82.6936,25.3635],[82.6944,25.3638],[82.6952,25.3637],[82.6964,25.3646],[82.6976,25.366],[82.6998,25.3674],[82.7007,25.3669],[82.7025,25.3643],[82.7032,25.3637],[82.7049,25.3616],[82.7055,25.3609],[82.7061,25.3623],[82.7063,25.3633],[82.7064,25.3649],[82.7066,25.3661],[82.7061,25.368],[82.706,25.3691],[82.7059,25.3705],[82.706,25.3716],[82.7061,25.3739],[82.7069,25.3752],[82.7073,25.3755],[82.7075,25.3757],[82.7082,25.3764],[82.709,25.3771],[82.7099,25.3784],[82.7105,25.3802],[82.7107,25.3822],[82.7107,25.3825],[82.7107,25.3837],[82.711,25.3852],[82.7111,25.3864],[82.7109,25.3875],[82.7104,25.3882],[82.7093,25.3882],[82.7069,25.3891],[82.7059,25.3896],[82.7034,25.3906],[82.7011,25.3912],[82.6998,25.3917],[82.6975,25.3927],[82.696,25.3936],[82.6938,25.3945],[82.6937,25.3945],[82.6937,25.3945],[82.6938,25.3959],[82.6931,25.3969],[82.6912,25.3989],[82.6901,25.4003],[82.689,25.4023],[82.6883,25.4035],[82.6881,25.4045],[82.6862,25.4072],[82.6854,25.4086],[82.6848,25.4101],[82.6846,25.4117],[82.6845,25.4128],[82.6847,25.4154],[82.6847,25.417],[82.6851,25.419],[82.6874,25.4258],[82.6886,25.4299],[82.6925,25.4314],[82.696,25.432],[82.6987,25.4321],[82.6999,25.4321],[82.7026,25.4324],[82.704,25.4323],[82.7109,25.4324],[82.7128,25.4326],[82.7184,25.433],[82.7201,25.4335],[82.7204,25.4347],[82.7198,25.4385],[82.719,25.44],[82.7178,25.4412],[82.7168,25.4421],[82.7134,25.4441],[82.7106,25.4449],[82.7097,25.4454],[82.7086,25.447],[82.7074,25.4471],[82.7058,25.4467],[82.7047,25.4467],[82.7027,25.4471],[82.7028,25.4482],[82.703,25.4488],[82.7041,25.4505],[82.7048,25.4511],[82.7054,25.4518],[82.7059,25.4538],[82.706,25.4546],[82.7054,25.457],[82.7059,25.4575],[82.7074,25.4583],[82.7105,25.4591],[82.7138,25.4598],[82.7217,25.4604],[82.7243,25.4608],[82.7293,25.4611],[82.7314,25.4611],[82.7337,25.4613],[82.7353,25.4615],[82.7364,25.4621],[82.7362,25.4632],[82.7363,25.4654],[82.7366,25.4678],[82.7363,25.4708],[82.7358,25.471],[82.7326,25.4715],[82.7312,25.4716],[82.73,25.4719],[82.7285,25.4724],[82.7262,25.4738],[82.7252,25.4743],[82.7202,25.4772],[82.7168,25.4794],[82.7134,25.4808],[82.7111,25.4814],[82.7107,25.4825],[82.7107,25.4857],[82.7119,25.4896],[82.7138,25.4948],[82.7145,25.4969],[82.716,25.5004],[82.7169,25.4998],[82.7185,25.5002],[82.7204,25.5008],[82.724,25.5021],[82.7249,25.5034],[82.7254,25.5048],[82.7258,25.5086],[82.7258,25.5107],[82.7253,25.5132],[82.7253,25.5154],[82.7256,25.5189],[82.7248,25.5213],[82.7239,25.523],[82.7214,25.5245],[82.72,25.5252],[82.718,25.527],[82.7158,25.5292],[82.7149,25.5298],[82.714,25.5307],[82.714,25.5315],[82.7153,25.5329],[82.7179,25.5345],[82.7218,25.5363],[82.723,25.5384],[82.7243,25.5396],[82.7262,25.5411],[82.7268,25.5414],[82.728,25.5419],[82.7345,25.5455],[82.7368,25.5461],[82.7385,25.5461],[82.7403,25.546],[82.7417,25.546],[82.7425,25.5462],[82.7434,25.546],[82.7446,25.5453],[82.7479,25.5444],[82.7483,25.5435],[82.7503,25.5427],[82.7515,25.5421],[82.755,25.5416],[82.757,25.5415],[82.7579,25.5416],[82.761,25.5412],[82.7632,25.5373],[82.7644,25.5357],[82.7653,25.5346],[82.7667,25.5332],[82.768,25.5322],[82.769,25.5313],[82.7701,25.5306],[82.7717,25.5299],[82.7736,25.5292],[82.7748,25.529],[82.7779,25.5288],[82.7797,25.5289],[82.7809,25.5294],[82.7817,25.5301],[82.7822,25.5308],[82.7827,25.5317],[82.7834,25.5332],[82.7843,25.5356],[82.7849,25.5393],[82.7851,25.5412],[82.7857,25.5434],[82.7862,25.5436],[82.7878,25.5436],[82.7885,25.5434],[82.7909,25.5423],[82.7917,25.5421],[82.7924,25.5422],[82.7936,25.5422],[82.7941,25.5427],[82.7948,25.545],[82.795,25.5458],[82.796,25.5479],[82.7966,25.5495],[82.7979,25.5511],[82.7987,25.5518],[82.8004,25.5526],[82.8015,25.5529],[82.8026,25.5527],[82.8044,25.5519],[82.8047,25.5514],[82.8059,25.5506],[82.807,25.5521],[82.8078,25.5529],[82.809,25.5533],[82.8099,25.5534],[82.8114,25.5533],[82.8131,25.5526],[82.8165,25.5521],[82.8227,25.5515],[82.8251,25.5515],[82.827,25.5511],[82.8284,25.5511],[82.8308,25.5522],[82.8315,25.5517],[82.8342,25.5517],[82.8371,25.5528],[82.8381,25.5536],[82.8384,25.5541],[82.8386,25.557],[82.8384,25.5601],[82.8384,25.5613],[82.8386,25.5621],[82.8382,25.5639],[82.8382,25.566],[82.839,25.5677],[82.8405,25.5677],[82.8415,25.5676],[82.8434,25.5667],[82.8455,25.5655],[82.8474,25.5649],[82.8496,25.5638],[82.8505,25.5635],[82.8526,25.5633],[82.8541,25.5635],[82.8548,25.5635],[82.8558,25.5649],[82.8568,25.5669],[82.8569,25.5674],[82.8597,25.5725],[82.8629,25.5767],[82.8642,25.5782],[82.8655,25.5793],[82.8668,25.58],[82.8711,25.5779],[82.8719,25.577],[82.8738,25.5741],[82.8757,25.571],[82.8765,25.5693],[82.8772,25.5672],[82.8798,25.5657],[82.8823,25.5657],[82.8893,25.5673],[82.8916,25.5678],[82.893,25.5679],[82.8948,25.5691],[82.8969,25.5696],[82.9016,25.5693],[82.9039,25.5694],[82.905,25.5693],[82.9061,25.5693],[82.9089,25.5689],[82.9118,25.5692],[82.9143,25.5699],[82.9162,25.5698],[82.9204,25.5688],[82.9216,25.5694],[82.9234,25.5698],[82.925,25.5704],[82.926,25.5707],[82.929,25.5704],[82.9299,25.57],[82.9307,25.5694],[82.9339,25.5674],[82.9352,25.5661],[82.9366,25.5645],[82.9376,25.5613],[82.9379,25.5602],[82.9389,25.5585],[82.9396,25.5562],[82.9407,25.5539],[82.9416,25.5518],[82.9426,25.5503],[82.9446,25.547],[82.9458,25.5454],[82.9468,25.543],[82.9466,25.5412],[82.9448,25.5369],[82.9452,25.5354],[82.945,25.5302],[82.9465,25.5278],[82.9491,25.5265],[82.9516,25.5255],[82.9544,25.5247],[82.958,25.5244],[82.9611,25.5248],[82.9623,25.5249],[82.9632,25.5253],[82.965,25.5268],[82.9691,25.5318],[82.9716,25.5353],[82.9724,25.537],[82.9735,25.5399],[82.9742,25.5413],[82.9752,25.5428],[82.9785,25.5469],[82.9793,25.5485],[82.9795,25.5502],[82.9801,25.5514],[82.9826,25.5538],[82.9836,25.554],[82.988,25.554],[82.9901,25.5537],[82.9917,25.5533],[82.9959,25.5523],[83,25.5508],[83.0059,25.5465],[83.0088,25.5467],[83.0115,25.5484],[83.012,25.5516],[83.0099,25.5538],[83.0056,25.5535],[83.008,25.5593],[83.0169,25.5709],[83.0218,25.5754],[83.026,25.5747],[83.0294,25.5706],[83.0413,25.5426],[83.0442,25.5397],[83.048,25.5407],[83.0529,25.5445],[83.0595,25.5538],[83.0635,25.5561],[83.0676,25.5555],[83.0723,25.5507]]]},"properties":{"district_name":"Varanasi","raw_district_name":"Varanasi","state_code":"UP","state_name":"Uttar Pradesh","census_code":197,"data_source":"DataMeet India Maps (Census 2011 Boundaries)"}}]}