geography,city,sector,occupation,employer_name,posting_count,posting_age_days,demand_growth_pct,data_origin,employer_status
Andhra Pradesh,Visakhapatnam,Food Processing,Food Processing Technician,Eastern Visakhapatnam Food Processing Works 1,73,5,7.0,SYNTHETIC_DEVELOPMENT,SYNTHETIC_NAME_NOT_REAL_EMPLOYER
Andhra Pradesh,Vijayawada,Food Processing,Food Processing Technician,Western Vijayawada Food Processing Works 2,73,14,7.0,SYNTHETIC_DEVELOPMENT,SYNTHETIC_NAME_NOT_REAL_EMPLOYER
Andhra Pradesh,Tirupati,Food Processing,Food Processing Technician,Northern Tirupati Food Processing Works 3,73,23,7.0,SYNTHETIC_DEVELOPMENT,SYNTHETIC_NAME_NOT_REAL_EMPLOYER
Andhra Pradesh,Visakhapatnam,Food Processing,Quality Technician,Eastern Visakhapatnam Food Processing Works 1,49,5,7.0,SYNTHETIC_DEVELOPMENT,SYNTHETIC_NAME_NOT_REAL_EMPLOYER
Andhra Pradesh,Vijayawada,Food Processing,Quality Technician,Western Vijayawada Food Processing Works 2,49,14,7.0,SYNTHETIC_DEVELOPMENT,SYNTHETIC_NAME_NOT_REAL_EMPLOYER
Andhra Pradesh,Tirupati,Food Processing,Quality Technician,Northern Tirupati Food Processing Works 3,49,23,7.0,SYNTHETIC_DEVELOPMENT,SYNTHETIC_NAME_NOT_REAL_EMPLOYER
Andhra Pradesh,Visakhapatnam,Food Processing,Cold-chain Operator,Eastern Visakhapatnam Food Processing Works 1,30,5,7.0,SYNTHETIC_DEVELOPMENT,SYNTHETIC_NAME_NOT_REAL_EMPLOYER
Andhra Pradesh,Vijayawada,Food Processing,Cold-chain Operator,Western Vijayawada Food Processing Works 2,30,14,7.0,SYNTHETIC_DEVELOPMENT,SYNTHETIC_NAME_NOT_REAL_EMPLOYER
Andhra Pradesh,Tirupati,Food Processing,Cold-chain Operator,Northern Tirupati Food Processing Works 3,30,23,7.0,SYNTHETIC_DEVELOPMENT,SYNTHETIC_NAME_NOT_REAL_EMPLOYER
Andhra Pradesh,Visakhapatnam,Logistics,Warehouse Supervisor,Western Visakhapatnam Logistics Works 1,60,12,8.7,SYNTHETIC_DEVELOPMENT,SYNTHETIC_NAME_NOT_REAL_EMPLOYER
Andhra Pradesh,Vijayawada,Logistics,Warehouse Supervisor,Northern Vijayawada Logistics Works 2,60,21,8.7,SYNTHETIC_DEVELOPMENT,SYNTHETIC_NAME_NOT_REAL_EMPLOYER
Andhra Pradesh,Tirupati,Logistics,Warehouse Supervisor,Southern Tirupati Logistics Works 3,60,30,8.7,SYNTHETIC_DEVELOPMENT,SYNTHETIC_NAME_NOT_REAL_EMPLOYER
Andhra Pradesh,Visakhapatnam,Logistics,Logistics Coordinator,Western Visakhapatnam Logistics Works 1,40,12,8.7,SYNTHETIC_DEVELOPMENT,SYNTHETIC_NAME_NOT_REAL_EMPLOYER
Andhra Pradesh,Vijayawada,Logistics,Logistics Coordinator,Northern Vijayawada Logistics Works 2,40,21,8.7,SYNTHETIC_DEVELOPMENT,SYNTHETIC_NAME_NOT_REAL_EMPLOYER
Andhra Pradesh,Tirupati,Logistics,Logistics Coordinator,Southern Tirupati Logistics Works 3,40,30,8.7,SYNTHETIC_DEVELOPMENT,SYNTHETIC_NAME_NOT_REAL_EMPLOYER
Andhra Pradesh,Visakhapatnam,Logistics,Fleet Operations Assistant,Western Visakhapatnam Logistics Works 1,25,12,8.7,SYNTHETIC_DEVELOPMENT,SYNTHETIC_NAME_NOT_REAL_EMPLOYER
Andhra Pradesh,Vijayawada,Logistics,Fleet Operations Assistant,Northern Vijayawada Logistics Works 2,25,21,8.7,SYNTHETIC_DEVELOPMENT,SYNTHETIC_NAME_NOT_REAL_EMPLOYER
Andhra Pradesh,Tirupati,Logistics,Fleet Operations Assistant,Southern Tirupati Logistics Works 3,25,30,8.7,SYNTHETIC_DEVELOPMENT,SYNTHETIC_NAME_NOT_REAL_EMPLOYER
Andhra Pradesh,Visakhapatnam,Pharmaceuticals,Pharmaceutical Production Technician,Northern Visakhapatnam Pharmaceuticals Works 1,49,19,7.0,SYNTHETIC_DEVELOPMENT,SYNTHETIC_NAME_NOT_REAL_EMPLOYER
Andhra Pradesh,Vijayawada,Pharmaceuticals,Pharmaceutical Production Technician,Southern Vijayawada Pharmaceuticals Works 2,49,28,7.0,SYNTHETIC_DEVELOPMENT,SYNTHETIC_NAME_NOT_REAL_EMPLOYER
Andhra Pradesh,Tirupati,Pharmaceuticals,Pharmaceutical Production Technician,Central Tirupati Pharmaceuticals Works 3,49,37,7.0,SYNTHETIC_DEVELOPMENT,SYNTHETIC_NAME_NOT_REAL_EMPLOYER
Andhra Pradesh,Visakhapatnam,Pharmaceuticals,Quality Control Technician,Northern Visakhapatnam Pharmaceuticals Works 1,33,19,7.0,SYNTHETIC_DEVELOPMENT,SYNTHETIC_NAME_NOT_REAL_EMPLOYER
Andhra Pradesh,Vijayawada,Pharmaceuticals,Quality Control Technician,Southern Vijayawada Pharmaceuticals Works 2,33,28,7.0,SYNTHETIC_DEVELOPMENT,SYNTHETIC_NAME_NOT_REAL_EMPLOYER
Andhra Pradesh,Tirupati,Pharmaceuticals,Quality Control Technician,Central Tirupati Pharmaceuticals Works 3,33,37,7.0,SYNTHETIC_DEVELOPMENT,SYNTHETIC_NAME_NOT_REAL_EMPLOYER
Andhra Pradesh,Visakhapatnam,Pharmaceuticals,Packaging Machine Operator,Northern Visakhapatnam Pharmaceuticals Works 1,21,19,7.0,SYNTHETIC_DEVELOPMENT,SYNTHETIC_NAME_NOT_REAL_EMPLOYER
Andhra Pradesh,Vijayawada,Pharmaceuticals,Packaging Machine Operator,Southern Vijayawada Pharmaceuticals Works 2,21,28,7.0,SYNTHETIC_DEVELOPMENT,SYNTHETIC_NAME_NOT_REAL_EMPLOYER
Andhra Pradesh,Tirupati,Pharmaceuticals,Packaging Machine Operator,Central Tirupati Pharmaceuticals Works 3,21,37,7.0,SYNTHETIC_DEVELOPMENT,SYNTHETIC_NAME_NOT_REAL_EMPLOYER
Andhra Pradesh,Visakhapatnam,Textiles & Apparel,Textile Machine Operator,Southern Visakhapatnam Textiles and Apparel Works 1,41,26,3.8,SYNTHETIC_DEVELOPMENT,SYNTHETIC_NAME_NOT_REAL_EMPLOYER
Andhra Pradesh,Vijayawada,Textiles & Apparel,Textile Machine Operator,Central Vijayawada Textiles and Apparel Works 2,41,35,3.8,SYNTHETIC_DEVELOPMENT,SYNTHETIC_NAME_NOT_REAL_EMPLOYER
Andhra Pradesh,Tirupati,Textiles & Apparel,Textile Machine Operator,Coastal Tirupati Textiles and Apparel Works 3,41,44,3.8,SYNTHETIC_DEVELOPMENT,SYNTHETIC_NAME_NOT_REAL_EMPLOYER
Andhra Pradesh,Visakhapatnam,Textiles & Apparel,Garment Production Supervisor,Southern Visakhapatnam Textiles and Apparel Works 1,27,26,3.8,SYNTHETIC_DEVELOPMENT,SYNTHETIC_NAME_NOT_REAL_EMPLOYER
Andhra Pradesh,Vijayawada,Textiles & Apparel,Garment Production Supervisor,Central Vijayawada Textiles and Apparel Works 2,27,35,3.8,SYNTHETIC_DEVELOPMENT,SYNTHETIC_NAME_NOT_REAL_EMPLOYER
Andhra Pradesh,Tirupati,Textiles & Apparel,Garment Production Supervisor,Coastal Tirupati Textiles and Apparel Works 3,27,44,3.8,SYNTHETIC_DEVELOPMENT,SYNTHETIC_NAME_NOT_REAL_EMPLOYER
Andhra Pradesh,Visakhapatnam,Textiles & Apparel,Quality Inspector - Textiles,Southern Visakhapatnam Textiles and Apparel Works 1,17,26,3.8,SYNTHETIC_DEVELOPMENT,SYNTHETIC_NAME_NOT_REAL_EMPLOYER
Andhra Pradesh,Vijayawada,Textiles & Apparel,Quality Inspector - Textiles,Central Vijayawada Textiles and Apparel Works 2,17,35,3.8,SYNTHETIC_DEVELOPMENT,SYNTHETIC_NAME_NOT_REAL_EMPLOYER
Andhra Pradesh,Tirupati,Textiles & Apparel,Quality Inspector - Textiles,Coastal Tirupati Textiles and Apparel Works 3,17,44,3.8,SYNTHETIC_DEVELOPMENT,SYNTHETIC_NAME_NOT_REAL_EMPLOYER
Andhra Pradesh,Visakhapatnam,Electronics,Electronics Assembly Technician,Central Visakhapatnam Electronics Works 1,33,33,7.5,SYNTHETIC_DEVELOPMENT,SYNTHETIC_NAME_NOT_REAL_EMPLOYER
Andhra Pradesh,Vijayawada,Electronics,Electronics Assembly Technician,Coastal Vijayawada Electronics Works 2,33,42,7.5,SYNTHETIC_DEVELOPMENT,SYNTHETIC_NAME_NOT_REAL_EMPLOYER
Andhra Pradesh,Tirupati,Electronics,Electronics Assembly Technician,Deccan Tirupati Electronics Works 3,33,51,7.5,SYNTHETIC_DEVELOPMENT,SYNTHETIC_NAME_NOT_REAL_EMPLOYER
Andhra Pradesh,Visakhapatnam,Electronics,PCB Testing Technician,Central Visakhapatnam Electronics Works 1,22,33,7.5,SYNTHETIC_DEVELOPMENT,SYNTHETIC_NAME_NOT_REAL_EMPLOYER
Andhra Pradesh,Vijayawada,Electronics,PCB Testing Technician,Coastal Vijayawada Electronics Works 2,22,42,7.5,SYNTHETIC_DEVELOPMENT,SYNTHETIC_NAME_NOT_REAL_EMPLOYER
Andhra Pradesh,Tirupati,Electronics,PCB Testing Technician,Deccan Tirupati Electronics Works 3,22,51,7.5,SYNTHETIC_DEVELOPMENT,SYNTHETIC_NAME_NOT_REAL_EMPLOYER
Andhra Pradesh,Visakhapatnam,Electronics,Electronics Quality Inspector,Central Visakhapatnam Electronics Works 1,14,33,7.5,SYNTHETIC_DEVELOPMENT,SYNTHETIC_NAME_NOT_REAL_EMPLOYER
Andhra Pradesh,Vijayawada,Electronics,Electronics Quality Inspector,Coastal Vijayawada Electronics Works 2,14,42,7.5,SYNTHETIC_DEVELOPMENT,SYNTHETIC_NAME_NOT_REAL_EMPLOYER
Andhra Pradesh,Tirupati,Electronics,Electronics Quality Inspector,Deccan Tirupati Electronics Works 3,14,51,7.5,SYNTHETIC_DEVELOPMENT,SYNTHETIC_NAME_NOT_REAL_EMPLOYER
Arunachal Pradesh,Itanagar,Energy & Utilities,Hydropower Plant Technician,Eastern Itanagar Energy and Utilities Works 1,13,5,7.0,SYNTHETIC_DEVELOPMENT,SYNTHETIC_NAME_NOT_REAL_EMPLOYER
Arunachal Pradesh,Tawang,Energy & Utilities,Hydropower Plant Technician,Western Tawang Energy and Utilities Works 2,13,14,7.0,SYNTHETIC_DEVELOPMENT,SYNTHETIC_NAME_NOT_REAL_EMPLOYER
Arunachal Pradesh,Pasighat,Energy & Utilities,Hydropower Plant Technician,Northern Pasighat Energy and Utilities Works 3,13,23,7.0,SYNTHETIC_DEVELOPMENT,SYNTHETIC_NAME_NOT_REAL_EMPLOYER
Arunachal Pradesh,Itanagar,Energy & Utilities,Electrical Maintenance Technician,Eastern Itanagar Energy and Utilities Works 1,9,5,7.0,SYNTHETIC_DEVELOPMENT,SYNTHETIC_NAME_NOT_REAL_EMPLOYER
Arunachal Pradesh,Tawang,Energy & Utilities,Electrical Maintenance Technician,Western Tawang Energy and Utilities Works 2,9,14,7.0,SYNTHETIC_DEVELOPMENT,SYNTHETIC_NAME_NOT_REAL_EMPLOYER
Arunachal Pradesh,Pasighat,Energy & Utilities,Electrical Maintenance Technician,Northern Pasighat Energy and Utilities Works 3,9,23,7.0,SYNTHETIC_DEVELOPMENT,SYNTHETIC_NAME_NOT_REAL_EMPLOYER
Arunachal Pradesh,Itanagar,Energy & Utilities,Instrumentation Technician,Eastern Itanagar Energy and Utilities Works 1,5,5,7.0,SYNTHETIC_DEVELOPMENT,SYNTHETIC_NAME_NOT_REAL_EMPLOYER
Arunachal Pradesh,Tawang,Energy & Utilities,Instrumentation Technician,Western Tawang Energy and Utilities Works 2,5,14,7.0,SYNTHETIC_DEVELOPMENT,SYNTHETIC_NAME_NOT_REAL_EMPLOYER
Arunachal Pradesh,Pasighat,Energy & Utilities,Instrumentation Technician,Northern Pasighat Energy and Utilities Works 3,5,23,7.0,SYNTHETIC_DEVELOPMENT,SYNTHETIC_NAME_NOT_REAL_EMPLOYER
Arunachal Pradesh,Itanagar,Construction,Construction Site Supervisor,Western Itanagar Construction Works 1,11,12,6.0,SYNTHETIC_DEVELOPMENT,SYNTHETIC_NAME_NOT_REAL_EMPLOYER
Arunachal Pradesh,Tawang,Construction,Construction Site Supervisor,Northern Tawang Construction Works 2,11,21,6.0,SYNTHETIC_DEVELOPMENT,SYNTHETIC_NAME_NOT_REAL_EMPLOYER
Arunachal Pradesh,Pasighat,Construction,Construction Site Supervisor,Southern Pasighat Construction Works 3,11,30,6.0,SYNTHETIC_DEVELOPMENT,SYNTHETIC_NAME_NOT_REAL_EMPLOYER
Arunachal Pradesh,Itanagar,Construction,Mason,Western Itanagar Construction Works 1,7,12,6.0,SYNTHETIC_DEVELOPMENT,SYNTHETIC_NAME_NOT_REAL_EMPLOYER
Arunachal Pradesh,Tawang,Construction,Mason,Northern Tawang Construction Works 2,7,21,6.0,SYNTHETIC_DEVELOPMENT,SYNTHETIC_NAME_NOT_REAL_EMPLOYER
Arunachal Pradesh,Pasighat,Construction,Mason,Southern Pasighat Construction Works 3,7,30,6.0,SYNTHETIC_DEVELOPMENT,SYNTHETIC_NAME_NOT_REAL_EMPLOYER
Arunachal Pradesh,Itanagar,Construction,Heavy Equipment Operator,Western Itanagar Construction Works 1,4,12,6.0,SYNTHETIC_DEVELOPMENT,SYNTHETIC_NAME_NOT_REAL_EMPLOYER
Arunachal Pradesh,Tawang,Construction,Heavy Equipment Operator,Northern Tawang Construction Works 2,4,21,6.0,SYNTHETIC_DEVELOPMENT,SYNTHETIC_NAME_NOT_REAL_EMPLOYER
Arunachal Pradesh,Pasighat,Construction,Heavy Equipment Operator,Southern Pasighat Construction Works 3,4,30,6.0,SYNTHETIC_DEVELOPMENT,SYNTHETIC_NAME_NOT_REAL_EMPLOYER
Arunachal Pradesh,Itanagar,Tourism & Hospitality,Hotel Operations Associate,Northern Itanagar Tourism and Hospitality Works 1,9,19,6.2,SYNTHETIC_DEVELOPMENT,SYNTHETIC_NAME_NOT_REAL_EMPLOYER
Arunachal Pradesh,Tawang,Tourism & Hospitality,Hotel Operations Associate,Southern Tawang Tourism and Hospitality Works 2,9,28,6.2,SYNTHETIC_DEVELOPMENT,SYNTHETIC_NAME_NOT_REAL_EMPLOYER
Arunachal Pradesh,Pasighat,Tourism & Hospitality,Hotel Operations Associate,Central Pasighat Tourism and Hospitality Works 3,9,37,6.2,SYNTHETIC_DEVELOPMENT,SYNTHETIC_NAME_NOT_REAL_EMPLOYER
Arunachal Pradesh,Itanagar,Tourism & Hospitality,Food & Beverage Supervisor,Northern Itanagar Tourism and Hospitality Works 1,6,19,6.2,SYNTHETIC_DEVELOPMENT,SYNTHETIC_NAME_NOT_REAL_EMPLOYER
Arunachal Pradesh,Tawang,Tourism & Hospitality,Food & Beverage Supervisor,Southern Tawang Tourism and Hospitality Works 2,6,28,6.2,SYNTHETIC_DEVELOPMENT,SYNTHETIC_NAME_NOT_REAL_EMPLOYER
Arunachal Pradesh,Pasighat,Tourism & Hospitality,Food & Beverage Supervisor,Central Pasighat Tourism and Hospitality Works 3,6,37,6.2,SYNTHETIC_DEVELOPMENT,SYNTHETIC_NAME_NOT_REAL_EMPLOYER
Arunachal Pradesh,Itanagar,Tourism & Hospitality,Travel Operations Executive,Northern Itanagar Tourism and Hospitality Works 1,4,19,6.2,SYNTHETIC_DEVELOPMENT,SYNTHETIC_NAME_NOT_REAL_EMPLOYER
Arunachal Pradesh,Tawang,Tourism & Hospitality,Travel Operations Executive,Southern Tawang Tourism and Hospitality Works 2,4,28,6.2,SYNTHETIC_DEVELOPMENT,SYNTHETIC_NAME_NOT_REAL_EMPLOYER
Arunachal Pradesh,Pasighat,Tourism & Hospitality,Travel Operations Executive,Central Pasighat Tourism and Hospitality Works 3,4,37,6.2,SYNTHETIC_DEVELOPMENT,SYNTHETIC_NAME_NOT_REAL_EMPLOYER
Arunachal Pradesh,Itanagar,Agriculture & Horticulture,Horticulture Technician,Southern Itanagar Agriculture and Horticulture Works 1,7,26,3.2,SYNTHETIC_DEVELOPMENT,SYNTHETIC_NAME_NOT_REAL_EMPLOYER
Arunachal Pradesh,Tawang,Agriculture & Horticulture,Horticulture Technician,Central Tawang Agriculture and Horticulture Works 2,7,35,3.2,SYNTHETIC_DEVELOPMENT,SYNTHETIC_NAME_NOT_REAL_EMPLOYER
Arunachal Pradesh,Pasighat,Agriculture & Horticulture,Horticulture Technician,Coastal Pasighat Agriculture and Horticulture Works 3,7,44,3.2,SYNTHETIC_DEVELOPMENT,SYNTHETIC_NAME_NOT_REAL_EMPLOYER
Arunachal Pradesh,Itanagar,Agriculture & Horticulture,Packhouse Operator,Southern Itanagar Agriculture and Horticulture Works 1,5,26,3.2,SYNTHETIC_DEVELOPMENT,SYNTHETIC_NAME_NOT_REAL_EMPLOYER
Arunachal Pradesh,Tawang,Agriculture & Horticulture,Packhouse Operator,Central Tawang Agriculture and Horticulture Works 2,5,35,3.2,SYNTHETIC_DEVELOPMENT,SYNTHETIC_NAME_NOT_REAL_EMPLOYER
Arunachal Pradesh,Pasighat,Agriculture & Horticulture,Packhouse Operator,Coastal Pasighat Agriculture and Horticulture Works 3,5,44,3.2,SYNTHETIC_DEVELOPMENT,SYNTHETIC_NAME_NOT_REAL_EMPLOYER
Arunachal Pradesh,Itanagar,Agriculture & Horticulture,Farm Equipment Technician,Southern Itanagar Agriculture and Horticulture Works 1,3,26,3.2,SYNTHETIC_DEVELOPMENT,SYNTHETIC_NAME_NOT_REAL_EMPLOYER
Arunachal Pradesh,Tawang,Agriculture & Horticulture,Farm Equipment Technician,Central Tawang Agriculture and Horticulture Works 2,3,35,3.2,SYNTHETIC_DEVELOPMENT,SYNTHETIC_NAME_NOT_REAL_EMPLOYER
Arunachal Pradesh,Pasighat,Agriculture & Horticulture,Farm Equipment Technician,Coastal Pasighat Agriculture and Horticulture Works 3,3,44,3.2,SYNTHETIC_DEVELOPMENT,SYNTHETIC_NAME_NOT_REAL_EMPLOYER
Arunachal Pradesh,Itanagar,Public & Community Services,Administrative Support Associate,Central Itanagar Public and Community Services Works 1,6,33,2.2,SYNTHETIC_DEVELOPMENT,SYNTHETIC_NAME_NOT_REAL_EMPLOYER
Arunachal Pradesh,Tawang,Public & Community Services,Administrative Support Associate,Coastal Tawang Public and Community Services Works 2,6,42,2.2,SYNTHETIC_DEVELOPMENT,SYNTHETIC_NAME_NOT_REAL_EMPLOYER
Arunachal Pradesh,Pasighat,Public & Community Services,Administrative Support Associate,Deccan Pasighat Public and Community Services Works 3,6,51,2.2,SYNTHETIC_DEVELOPMENT,SYNTHETIC_NAME_NOT_REAL_EMPLOYER
Arunachal Pradesh,Itanagar,Public & Community Services,Community Service Worker,Central Itanagar Public and Community Services Works 1,4,33,2.2,SYNTHETIC_DEVELOPMENT,SYNTHETIC_NAME_NOT_REAL_EMPLOYER
Arunachal Pradesh,Tawang,Public & Community Services,Community Service Worker,Coastal Tawang Public and Community Services Works 2,4,42,2.2,SYNTHETIC_DEVELOPMENT,SYNTHETIC_NAME_NOT_REAL_EMPLOYER
Arunachal Pradesh,Pasighat,Public & Community Services,Community Service Worker,Deccan Pasighat Public and Community Services Works 3,4,51,2.2,SYNTHETIC_DEVELOPMENT,SYNTHETIC_NAME_NOT_REAL_EMPLOYER
Arunachal Pradesh,Itanagar,Public & Community Services,Records Assistant,Central Itanagar Public and Community Services Works 1,3,33,2.2,SYNTHETIC_DEVELOPMENT,SYNTHETIC_NAME_NOT_REAL_EMPLOYER
Arunachal Pradesh,Tawang,Public & Community Services,Records Assistant,Coastal Tawang Public and Community Services Works 2,3,42,2.2,SYNTHETIC_DEVELOPMENT,SYNTHETIC_NAME_NOT_REAL_EMPLOYER
Arunachal Pradesh,Pasighat,Public & Community Services,Records Assistant,Deccan Pasighat Public and Community Services Works 3,3,51,2.2,SYNTHETIC_DEVELOPMENT,SYNTHETIC_NAME_NOT_REAL_EMPLOYER
Assam,Guwahati,Tea Processing,Tea Processing Technician,Eastern Guwahati Tea Processing Works 1,47,5,6.7,SYNTHETIC_DEVELOPMENT,SYNTHETIC_NAME_NOT_REAL_EMPLOYER
Assam,Dibrugarh,Tea Processing,Tea Processing Technician,Western Dibrugarh Tea Processing Works 2,47,14,6.7,SYNTHETIC_DEVELOPMENT,SYNTHETIC_NAME_NOT_REAL_EMPLOYER
Assam,Jorhat,Tea Processing,Tea Processing Technician,Northern Jorhat Tea Processing Works 3,47,23,6.7,SYNTHETIC_DEVELOPMENT,SYNTHETIC_NAME_NOT_REAL_EMPLOYER
Assam,Guwahati,Tea Processing,Quality Control Assistant,Eastern Guwahati Tea Processing Works 1,31,5,6.7,SYNTHETIC_DEVELOPMENT,SYNTHETIC_NAME_NOT_REAL_EMPLOYER
Assam,Dibrugarh,Tea Processing,Quality Control Assistant,Western Dibrugarh Tea Processing Works 2,31,14,6.7,SYNTHETIC_DEVELOPMENT,SYNTHETIC_NAME_NOT_REAL_EMPLOYER
Assam,Jorhat,Tea Processing,Quality Control Assistant,Northern Jorhat Tea Processing Works 3,31,23,6.7,SYNTHETIC_DEVELOPMENT,SYNTHETIC_NAME_NOT_REAL_EMPLOYER
Assam,Guwahati,Tea Processing,Packaging Operator,Eastern Guwahati Tea Processing Works 1,20,5,6.7,SYNTHETIC_DEVELOPMENT,SYNTHETIC_NAME_NOT_REAL_EMPLOYER
Assam,Dibrugarh,Tea Processing,Packaging Operator,Western Dibrugarh Tea Processing Works 2,20,14,6.7,SYNTHETIC_DEVELOPMENT,SYNTHETIC_NAME_NOT_REAL_EMPLOYER
Assam,Jorhat,Tea Processing,Packaging Operator,Northern Jorhat Tea Processing Works 3,20,23,6.7,SYNTHETIC_DEVELOPMENT,SYNTHETIC_NAME_NOT_REAL_EMPLOYER
Assam,Guwahati,Oil & Gas,Process Technician,Western Guwahati Oil and Gas Works 1,39,12,3.7,SYNTHETIC_DEVELOPMENT,SYNTHETIC_NAME_NOT_REAL_EMPLOYER
Assam,Dibrugarh,Oil & Gas,Process Technician,Northern Dibrugarh Oil and Gas Works 2,39,21,3.7,SYNTHETIC_DEVELOPMENT,SYNTHETIC_NAME_NOT_REAL_EMPLOYER
Assam,Jorhat,Oil & Gas,Process Technician,Southern Jorhat Oil and Gas Works 3,39,30,3.7,SYNTHETIC_DEVELOPMENT,SYNTHETIC_NAME_NOT_REAL_EMPLOYER
Assam,Guwahati,Oil & Gas,Mechanical Maintenance Technician,Western Guwahati Oil and Gas Works 1,26,12,3.7,SYNTHETIC_DEVELOPMENT,SYNTHETIC_NAME_NOT_REAL_EMPLOYER
Assam,Dibrugarh,Oil & Gas,Mechanical Maintenance Technician,Northern Dibrugarh Oil and Gas Works 2,26,21,3.7,SYNTHETIC_DEVELOPMENT,SYNTHETIC_NAME_NOT_REAL_EMPLOYER
Assam,Jorhat,Oil & Gas,Mechanical Maintenance Technician,Southern Jorhat Oil and Gas Works 3,26,30,3.7,SYNTHETIC_DEVELOPMENT,SYNTHETIC_NAME_NOT_REAL_EMPLOYER
Assam,Guwahati,Oil & Gas,Safety Technician,Western Guwahati Oil and Gas Works 1,16,12,3.7,SYNTHETIC_DEVELOPMENT,SYNTHETIC_NAME_NOT_REAL_EMPLOYER
Assam,Dibrugarh,Oil & Gas,Safety Technician,Northern Dibrugarh Oil and Gas Works 2,16,21,3.7,SYNTHETIC_DEVELOPMENT,SYNTHETIC_NAME_NOT_REAL_EMPLOYER
Assam,Jorhat,Oil & Gas,Safety Technician,Southern Jorhat Oil and Gas Works 3,16,30,3.7,SYNTHETIC_DEVELOPMENT,SYNTHETIC_NAME_NOT_REAL_EMPLOYER
Assam,Guwahati,Food Processing,Food Processing Technician,Northern Guwahati Food Processing Works 1,32,19,5.0,SYNTHETIC_DEVELOPMENT,SYNTHETIC_NAME_NOT_REAL_EMPLOYER
Assam,Dibrugarh,Food Processing,Food Processing Technician,Southern Dibrugarh Food Processing Works 2,32,28,5.0,SYNTHETIC_DEVELOPMENT,SYNTHETIC_NAME_NOT_REAL_EMPLOYER
Assam,Jorhat,Food Processing,Food Processing Technician,Central Jorhat Food Processing Works 3,32,37,5.0,SYNTHETIC_DEVELOPMENT,SYNTHETIC_NAME_NOT_REAL_EMPLOYER
Assam,Guwahati,Food Processing,Production Operator,Northern Guwahati Food Processing Works 1,21,19,5.0,SYNTHETIC_DEVELOPMENT,SYNTHETIC_NAME_NOT_REAL_EMPLOYER
Assam,Dibrugarh,Food Processing,Production Operator,Southern Dibrugarh Food Processing Works 2,21,28,5.0,SYNTHETIC_DEVELOPMENT,SYNTHETIC_NAME_NOT_REAL_EMPLOYER
Assam,Jorhat,Food Processing,Production Operator,Central Jorhat Food Processing Works 3,21,37,5.0,SYNTHETIC_DEVELOPMENT,SYNTHETIC_NAME_NOT_REAL_EMPLOYER
Assam,Guwahati,Food Processing,Quality Technician,Northern Guwahati Food Processing Works 1,13,19,5.0,SYNTHETIC_DEVELOPMENT,SYNTHETIC_NAME_NOT_REAL_EMPLOYER
Assam,Dibrugarh,Food Processing,Quality Technician,Southern Dibrugarh Food Processing Works 2,13,28,5.0,SYNTHETIC_DEVELOPMENT,SYNTHETIC_NAME_NOT_REAL_EMPLOYER
Assam,Jorhat,Food Processing,Quality Technician,Central Jorhat Food Processing Works 3,13,37,5.0,SYNTHETIC_DEVELOPMENT,SYNTHETIC_NAME_NOT_REAL_EMPLOYER
Assam,Guwahati,Logistics,Warehouse Supervisor,Southern Guwahati Logistics Works 1,26,26,6.8,SYNTHETIC_DEVELOPMENT,SYNTHETIC_NAME_NOT_REAL_EMPLOYER
Assam,Dibrugarh,Logistics,Warehouse Supervisor,Central Dibrugarh Logistics Works 2,26,35,6.8,SYNTHETIC_DEVELOPMENT,SYNTHETIC_NAME_NOT_REAL_EMPLOYER
Assam,Jorhat,Logistics,Warehouse Supervisor,Coastal Jorhat Logistics Works 3,26,44,6.8,SYNTHETIC_DEVELOPMENT,SYNTHETIC_NAME_NOT_REAL_EMPLOYER
Assam,Guwahati,Logistics,Inventory Controller,Southern Guwahati Logistics Works 1,18,26,6.8,SYNTHETIC_DEVELOPMENT,SYNTHETIC_NAME_NOT_REAL_EMPLOYER
Assam,Dibrugarh,Logistics,Inventory Controller,Central Dibrugarh Logistics Works 2,18,35,6.8,SYNTHETIC_DEVELOPMENT,SYNTHETIC_NAME_NOT_REAL_EMPLOYER
Assam,Jorhat,Logistics,Inventory Controller,Coastal Jorhat Logistics Works 3,18,44,6.8,SYNTHETIC_DEVELOPMENT,SYNTHETIC_NAME_NOT_REAL_EMPLOYER
Assam,Guwahati,Logistics,Transport Operations Associate,Southern Guwahati Logistics Works 1,11,26,6.8,SYNTHETIC_DEVELOPMENT,SYNTHETIC_NAME_NOT_REAL_EMPLOYER
Assam,Dibrugarh,Logistics,Transport Operations Associate,Central Dibrugarh Logistics Works 2,11,35,6.8,SYNTHETIC_DEVELOPMENT,SYNTHETIC_NAME_NOT_REAL_EMPLOYER
Assam,Jorhat,Logistics,Transport Operations Associate,Coastal Jorhat Logistics Works 3,11,44,6.8,SYNTHETIC_DEVELOPMENT,SYNTHETIC_NAME_NOT_REAL_EMPLOYER
Assam,Guwahati,Textiles & Handicrafts,Handloom Weaver,Central Guwahati Textiles and Handicrafts Works 1,22,33,2.5,SYNTHETIC_DEVELOPMENT,SYNTHETIC_NAME_NOT_REAL_EMPLOYER
Assam,Dibrugarh,Textiles & Handicrafts,Handloom Weaver,Coastal Dibrugarh Textiles and Handicrafts Works 2,22,42,2.5,SYNTHETIC_DEVELOPMENT,SYNTHETIC_NAME_NOT_REAL_EMPLOYER
Assam,Jorhat,Textiles & Handicrafts,Handloom Weaver,Deccan Jorhat Textiles and Handicrafts Works 3,22,51,2.5,SYNTHETIC_DEVELOPMENT,SYNTHETIC_NAME_NOT_REAL_EMPLOYER
Assam,Guwahati,Textiles & Handicrafts,Textile Quality Inspector,Central Guwahati Textiles and Handicrafts Works 1,15,33,2.5,SYNTHETIC_DEVELOPMENT,SYNTHETIC_NAME_NOT_REAL_EMPLOYER
Assam,Dibrugarh,Textiles & Handicrafts,Textile Quality Inspector,Coastal Dibrugarh Textiles and Handicrafts Works 2,15,42,2.5,SYNTHETIC_DEVELOPMENT,SYNTHETIC_NAME_NOT_REAL_EMPLOYER
Assam,Jorhat,Textiles & Handicrafts,Textile Quality Inspector,Deccan Jorhat Textiles and Handicrafts Works 3,15,51,2.5,SYNTHETIC_DEVELOPMENT,SYNTHETIC_NAME_NOT_REAL_EMPLOYER
Assam,Guwahati,Textiles & Handicrafts,Production Artisan,Central Guwahati Textiles and Handicrafts Works 1,9,33,2.5,SYNTHETIC_DEVELOPMENT,SYNTHETIC_NAME_NOT_REAL_EMPLOYER
Assam,Dibrugarh,Textiles & Handicrafts,Production Artisan,Coastal Dibrugarh Textiles and Handicrafts Works 2,9,42,2.5,SYNTHETIC_DEVELOPMENT,SYNTHETIC_NAME_NOT_REAL_EMPLOYER
Assam,Jorhat,Textiles & Handicrafts,Production Artisan,Deccan Jorhat Textiles and Handicrafts Works 3,9,51,2.5,SYNTHETIC_DEVELOPMENT,SYNTHETIC_NAME_NOT_REAL_EMPLOYER
Assam,Guwahati,Tourism & Hospitality,Hotel Operations Associate,Coastal Guwahati Tourism and Hospitality Works 1,18,40,7.2,SYNTHETIC_DEVELOPMENT,SYNTHETIC_NAME_NOT_REAL_EMPLOYER
Assam,Dibrugarh,Tourism & Hospitality,Hotel Operations Associate,Deccan Dibrugarh Tourism and Hospitality Works 2,18,49,7.2,SYNTHETIC_DEVELOPMENT,SYNTHETIC_NAME_NOT_REAL_EMPLOYER
Assam,Jorhat,Tourism & Hospitality,Hotel Operations Associate,Frontier Jorhat Tourism and Hospitality Works 3,18,58,7.2,SYNTHETIC_DEVELOPMENT,SYNTHETIC_NAME_NOT_REAL_EMPLOYER
Assam,Guwahati,Tourism & Hospitality,Food & Beverage Supervisor,Coastal Guwahati Tourism and Hospitality Works 1,12,40,7.2,SYNTHETIC_DEVELOPMENT,SYNTHETIC_NAME_NOT_REAL_EMPLOYER
Assam,Dibrugarh,Tourism & Hospitality,Food & Beverage Supervisor,Deccan Dibrugarh Tourism and Hospitality Works 2,12,49,7.2,SYNTHETIC_DEVELOPMENT,SYNTHETIC_NAME_NOT_REAL_EMPLOYER
Assam,Jorhat,Tourism & Hospitality,Food & Beverage Supervisor,Frontier Jorhat Tourism and Hospitality Works 3,12,58,7.2,SYNTHETIC_DEVELOPMENT,SYNTHETIC_NAME_NOT_REAL_EMPLOYER
Assam,Guwahati,Tourism & Hospitality,Travel Operations Executive,Coastal Guwahati Tourism and Hospitality Works 1,7,40,7.2,SYNTHETIC_DEVELOPMENT,SYNTHETIC_NAME_NOT_REAL_EMPLOYER
Assam,Dibrugarh,Tourism & Hospitality,Travel Operations Executive,Deccan Dibrugarh Tourism and Hospitality Works 2,7,49,7.2,SYNTHETIC_DEVELOPMENT,SYNTHETIC_NAME_NOT_REAL_EMPLOYER
Assam,Jorhat,Tourism & Hospitality,Travel Operations Executive,Frontier Jorhat Tourism and Hospitality Works 3,7,58,7.2,SYNTHETIC_DEVELOPMENT,SYNTHETIC_NAME_NOT_REAL_EMPLOYER
Bihar,Patna,Agriculture,Farm Equipment Technician,Eastern Patna Agriculture Works 1,102,5,2.5,SYNTHETIC_DEVELOPMENT,SYNTHETIC_NAME_NOT_REAL_EMPLOYER
Bihar,Gaya,Agriculture,Farm Equipment Technician,Western Gaya Agriculture Works 2,102,14,2.5,SYNTHETIC_DEVELOPMENT,SYNTHETIC_NAME_NOT_REAL_EMPLOYER
Bihar,Muzaffarpur,Agriculture,Farm Equipment Technician,Northern Muzaffarpur Agriculture Works 3,102,23,2.5,SYNTHETIC_DEVELOPMENT,SYNTHETIC_NAME_NOT_REAL_EMPLOYER
Bihar,Patna,Agriculture,Agriculture Field Technician,Eastern Patna Agriculture Works 1,68,5,2.5,SYNTHETIC_DEVELOPMENT,SYNTHETIC_NAME_NOT_REAL_EMPLOYER
Bihar,Gaya,Agriculture,Agriculture Field Technician,Western Gaya Agriculture Works 2,68,14,2.5,SYNTHETIC_DEVELOPMENT,SYNTHETIC_NAME_NOT_REAL_EMPLOYER
Bihar,Muzaffarpur,Agriculture,Agriculture Field Technician,Northern Muzaffarpur Agriculture Works 3,68,23,2.5,SYNTHETIC_DEVELOPMENT,SYNTHETIC_NAME_NOT_REAL_EMPLOYER
Bihar,Patna,Agriculture,Irrigation Technician,Eastern Patna Agriculture Works 1,42,5,2.5,SYNTHETIC_DEVELOPMENT,SYNTHETIC_NAME_NOT_REAL_EMPLOYER
Bihar,Gaya,Agriculture,Irrigation Technician,Western Gaya Agriculture Works 2,42,14,2.5,SYNTHETIC_DEVELOPMENT,SYNTHETIC_NAME_NOT_REAL_EMPLOYER
Bihar,Muzaffarpur,Agriculture,Irrigation Technician,Northern Muzaffarpur Agriculture Works 3,42,23,2.5,SYNTHETIC_DEVELOPMENT,SYNTHETIC_NAME_NOT_REAL_EMPLOYER
Bihar,Patna,Food Processing,Food Processing Technician,Western Patna Food Processing Works 1,83,12,6.2,SYNTHETIC_DEVELOPMENT,SYNTHETIC_NAME_NOT_REAL_EMPLOYER
Bihar,Gaya,Food Processing,Food Processing Technician,Northern Gaya Food Processing Works 2,83,21,6.2,SYNTHETIC_DEVELOPMENT,SYNTHETIC_NAME_NOT_REAL_EMPLOYER
Bihar,Muzaffarpur,Food Processing,Food Processing Technician,Southern Muzaffarpur Food Processing Works 3,83,30,6.2,SYNTHETIC_DEVELOPMENT,SYNTHETIC_NAME_NOT_REAL_EMPLOYER
Bihar,Patna,Food Processing,Production Operator,Western Patna Food Processing Works 1,56,12,6.2,SYNTHETIC_DEVELOPMENT,SYNTHETIC_NAME_NOT_REAL_EMPLOYER
Bihar,Gaya,Food Processing,Production Operator,Northern Gaya Food Processing Works 2,56,21,6.2,SYNTHETIC_DEVELOPMENT,SYNTHETIC_NAME_NOT_REAL_EMPLOYER
Bihar,Muzaffarpur,Food Processing,Production Operator,Southern Muzaffarpur Food Processing Works 3,56,30,6.2,SYNTHETIC_DEVELOPMENT,SYNTHETIC_NAME_NOT_REAL_EMPLOYER
Bihar,Patna,Food Processing,Quality Technician,Western Patna Food Processing Works 1,35,12,6.2,SYNTHETIC_DEVELOPMENT,SYNTHETIC_NAME_NOT_REAL_EMPLOYER
Bihar,Gaya,Food Processing,Quality Technician,Northern Gaya Food Processing Works 2,35,21,6.2,SYNTHETIC_DEVELOPMENT,SYNTHETIC_NAME_NOT_REAL_EMPLOYER
Bihar,Muzaffarpur,Food Processing,Quality Technician,Southern Muzaffarpur Food Processing Works 3,35,30,6.2,SYNTHETIC_DEVELOPMENT,SYNTHETIC_NAME_NOT_REAL_EMPLOYER
Bihar,Patna,Construction,Construction Site Supervisor,Northern Patna Construction Works 1,69,19,5.8,SYNTHETIC_DEVELOPMENT,SYNTHETIC_NAME_NOT_REAL_EMPLOYER
Bihar,Gaya,Construction,Construction Site Supervisor,Southern Gaya Construction Works 2,69,28,5.8,SYNTHETIC_DEVELOPMENT,SYNTHETIC_NAME_NOT_REAL_EMPLOYER
Bihar,Muzaffarpur,Construction,Construction Site Supervisor,Central Muzaffarpur Construction Works 3,69,37,5.8,SYNTHETIC_DEVELOPMENT,SYNTHETIC_NAME_NOT_REAL_EMPLOYER
Bihar,Patna,Construction,Mason,Northern Patna Construction Works 1,46,19,5.8,SYNTHETIC_DEVELOPMENT,SYNTHETIC_NAME_NOT_REAL_EMPLOYER
Bihar,Gaya,Construction,Mason,Southern Gaya Construction Works 2,46,28,5.8,SYNTHETIC_DEVELOPMENT,SYNTHETIC_NAME_NOT_REAL_EMPLOYER
Bihar,Muzaffarpur,Construction,Mason,Central Muzaffarpur Construction Works 3,46,37,5.8,SYNTHETIC_DEVELOPMENT,SYNTHETIC_NAME_NOT_REAL_EMPLOYER
Bihar,Patna,Construction,Heavy Equipment Operator,Northern Patna Construction Works 1,29,19,5.8,SYNTHETIC_DEVELOPMENT,SYNTHETIC_NAME_NOT_REAL_EMPLOYER
Bihar,Gaya,Construction,Heavy Equipment Operator,Southern Gaya Construction Works 2,29,28,5.8,SYNTHETIC_DEVELOPMENT,SYNTHETIC_NAME_NOT_REAL_EMPLOYER
Bihar,Muzaffarpur,Construction,Heavy Equipment Operator,Central Muzaffarpur Construction Works 3,29,37,5.8,SYNTHETIC_DEVELOPMENT,SYNTHETIC_NAME_NOT_REAL_EMPLOYER
Bihar,Patna,Logistics,Warehouse Supervisor,Southern Patna Logistics Works 1,57,26,7.5,SYNTHETIC_DEVELOPMENT,SYNTHETIC_NAME_NOT_REAL_EMPLOYER
Bihar,Gaya,Logistics,Warehouse Supervisor,Central Gaya Logistics Works 2,57,35,7.5,SYNTHETIC_DEVELOPMENT,SYNTHETIC_NAME_NOT_REAL_EMPLOYER
Bihar,Muzaffarpur,Logistics,Warehouse Supervisor,Coastal Muzaffarpur Logistics Works 3,57,44,7.5,SYNTHETIC_DEVELOPMENT,SYNTHETIC_NAME_NOT_REAL_EMPLOYER
Bihar,Patna,Logistics,Inventory Controller,Southern Patna Logistics Works 1,38,26,7.5,SYNTHETIC_DEVELOPMENT,SYNTHETIC_NAME_NOT_REAL_EMPLOYER
Bihar,Gaya,Logistics,Inventory Controller,Central Gaya Logistics Works 2,38,35,7.5,SYNTHETIC_DEVELOPMENT,SYNTHETIC_NAME_NOT_REAL_EMPLOYER
Bihar,Muzaffarpur,Logistics,Inventory Controller,Coastal Muzaffarpur Logistics Works 3,38,44,7.5,SYNTHETIC_DEVELOPMENT,SYNTHETIC_NAME_NOT_REAL_EMPLOYER
Bihar,Patna,Logistics,Transport Operations Associate,Southern Patna Logistics Works 1,24,26,7.5,SYNTHETIC_DEVELOPMENT,SYNTHETIC_NAME_NOT_REAL_EMPLOYER
Bihar,Gaya,Logistics,Transport Operations Associate,Central Gaya Logistics Works 2,24,35,7.5,SYNTHETIC_DEVELOPMENT,SYNTHETIC_NAME_NOT_REAL_EMPLOYER
Bihar,Muzaffarpur,Logistics,Transport Operations Associate,Coastal Muzaffarpur Logistics Works 3,24,44,7.5,SYNTHETIC_DEVELOPMENT,SYNTHETIC_NAME_NOT_REAL_EMPLOYER
Bihar,Patna,Textiles & Apparel,Textile Machine Operator,Central Patna Textiles and Apparel Works 1,47,33,4.8,SYNTHETIC_DEVELOPMENT,SYNTHETIC_NAME_NOT_REAL_EMPLOYER
Bihar,Gaya,Textiles & Apparel,Textile Machine Operator,Coastal Gaya Textiles and Apparel Works 2,47,42,4.8,SYNTHETIC_DEVELOPMENT,SYNTHETIC_NAME_NOT_REAL_EMPLOYER
Bihar,Muzaffarpur,Textiles & Apparel,Textile Machine Operator,Deccan Muzaffarpur Textiles and Apparel Works 3,47,51,4.8,SYNTHETIC_DEVELOPMENT,SYNTHETIC_NAME_NOT_REAL_EMPLOYER
Bihar,Patna,Textiles & Apparel,Garment Production Supervisor,Central Patna Textiles and Apparel Works 1,31,33,4.8,SYNTHETIC_DEVELOPMENT,SYNTHETIC_NAME_NOT_REAL_EMPLOYER
Bihar,Gaya,Textiles & Apparel,Garment Production Supervisor,Coastal Gaya Textiles and Apparel Works 2,31,42,4.8,SYNTHETIC_DEVELOPMENT,SYNTHETIC_NAME_NOT_REAL_EMPLOYER
Bihar,Muzaffarpur,Textiles & Apparel,Garment Production Supervisor,Deccan Muzaffarpur Textiles and Apparel Works 3,31,51,4.8,SYNTHETIC_DEVELOPMENT,SYNTHETIC_NAME_NOT_REAL_EMPLOYER
Bihar,Patna,Textiles & Apparel,Quality Inspector - Textiles,Central Patna Textiles and Apparel Works 1,20,33,4.8,SYNTHETIC_DEVELOPMENT,SYNTHETIC_NAME_NOT_REAL_EMPLOYER
Bihar,Gaya,Textiles & Apparel,Quality Inspector - Textiles,Coastal Gaya Textiles and Apparel Works 2,20,42,4.8,SYNTHETIC_DEVELOPMENT,SYNTHETIC_NAME_NOT_REAL_EMPLOYER
Bihar,Muzaffarpur,Textiles & Apparel,Quality Inspector - Textiles,Deccan Muzaffarpur Textiles and Apparel Works 3,20,51,4.8,SYNTHETIC_DEVELOPMENT,SYNTHETIC_NAME_NOT_REAL_EMPLOYER
Bihar,Patna,Retail & Consumer Services,Retail Operations Supervisor,Coastal Patna Retail and Consumer Services Works 1,39,40,3.5,SYNTHETIC_DEVELOPMENT,SYNTHETIC_NAME_NOT_REAL_EMPLOYER
Bihar,Gaya,Retail & Consumer Services,Retail Operations Supervisor,Deccan Gaya Retail and Consumer Services Works 2,39,49,3.5,SYNTHETIC_DEVELOPMENT,SYNTHETIC_NAME_NOT_REAL_EMPLOYER
Bihar,Muzaffarpur,Retail & Consumer Services,Retail Operations Supervisor,Frontier Muzaffarpur Retail and Consumer Services Works 3,39,58,3.5,SYNTHETIC_DEVELOPMENT,SYNTHETIC_NAME_NOT_REAL_EMPLOYER
Bihar,Patna,Retail & Consumer Services,Inventory Associate,Coastal Patna Retail and Consumer Services Works 1,26,40,3.5,SYNTHETIC_DEVELOPMENT,SYNTHETIC_NAME_NOT_REAL_EMPLOYER
Bihar,Gaya,Retail & Consumer Services,Inventory Associate,Deccan Gaya Retail and Consumer Services Works 2,26,49,3.5,SYNTHETIC_DEVELOPMENT,SYNTHETIC_NAME_NOT_REAL_EMPLOYER
Bihar,Muzaffarpur,Retail & Consumer Services,Inventory Associate,Frontier Muzaffarpur Retail and Consumer Services Works 3,26,58,3.5,SYNTHETIC_DEVELOPMENT,SYNTHETIC_NAME_NOT_REAL_EMPLOYER
Bihar,Patna,Retail & Consumer Services,Customer Operations Associate,Coastal Patna Retail and Consumer Services Works 1,16,40,3.5,SYNTHETIC_DEVELOPMENT,SYNTHETIC_NAME_NOT_REAL_EMPLOYER
Bihar,Gaya,Retail & Consumer Services,Customer Operations Associate,Deccan Gaya Retail and Consumer Services Works 2,16,49,3.5,SYNTHETIC_DEVELOPMENT,SYNTHETIC_NAME_NOT_REAL_EMPLOYER
Bihar,Muzaffarpur,Retail & Consumer Services,Customer Operations Associate,Frontier Muzaffarpur Retail and Consumer Services Works 3,16,58,3.5,SYNTHETIC_DEVELOPMENT,SYNTHETIC_NAME_NOT_REAL_EMPLOYER
Chhattisgarh,Raipur,Metals & Steel,Steel Fabrication Technician,Eastern Raipur Metals and Steel Works 1,47,5,5.5,SYNTHETIC_DEVELOPMENT,SYNTHETIC_NAME_NOT_REAL_EMPLOYER
Chhattisgarh,Bhilai,Metals & Steel,Steel Fabrication Technician,Western Bhilai Metals and Steel Works 2,47,14,5.5,SYNTHETIC_DEVELOPMENT,SYNTHETIC_NAME_NOT_REAL_EMPLOYER
Chhattisgarh,Korba,Metals & Steel,Steel Fabrication Technician,Northern Korba Metals and Steel Works 3,47,23,5.5,SYNTHETIC_DEVELOPMENT,SYNTHETIC_NAME_NOT_REAL_EMPLOYER
Chhattisgarh,Raipur,Metals & Steel,Furnace Operator,Eastern Raipur Metals and Steel Works 1,31,5,5.5,SYNTHETIC_DEVELOPMENT,SYNTHETIC_NAME_NOT_REAL_EMPLOYER
Chhattisgarh,Bhilai,Metals & Steel,Furnace Operator,Western Bhilai Metals and Steel Works 2,31,14,5.5,SYNTHETIC_DEVELOPMENT,SYNTHETIC_NAME_NOT_REAL_EMPLOYER
Chhattisgarh,Korba,Metals & Steel,Furnace Operator,Northern Korba Metals and Steel Works 3,31,23,5.5,SYNTHETIC_DEVELOPMENT,SYNTHETIC_NAME_NOT_REAL_EMPLOYER
Chhattisgarh,Raipur,Metals & Steel,Mechanical Maintenance Technician,Eastern Raipur Metals and Steel Works 1,20,5,5.5,SYNTHETIC_DEVELOPMENT,SYNTHETIC_NAME_NOT_REAL_EMPLOYER
Chhattisgarh,Bhilai,Metals & Steel,Mechanical Maintenance Technician,Western Bhilai Metals and Steel Works 2,20,14,5.5,SYNTHETIC_DEVELOPMENT,SYNTHETIC_NAME_NOT_REAL_EMPLOYER
Chhattisgarh,Korba,Metals & Steel,Mechanical Maintenance Technician,Northern Korba Metals and Steel Works 3,20,23,5.5,SYNTHETIC_DEVELOPMENT,SYNTHETIC_NAME_NOT_REAL_EMPLOYER
Chhattisgarh,Raipur,Mining & Minerals,Mining Technician,Western Raipur Mining and Minerals Works 1,39,12,5.0,SYNTHETIC_DEVELOPMENT,SYNTHETIC_NAME_NOT_REAL_EMPLOYER
Chhattisgarh,Bhilai,Mining & Minerals,Mining Technician,Northern Bhilai Mining and Minerals Works 2,39,21,5.0,SYNTHETIC_DEVELOPMENT,SYNTHETIC_NAME_NOT_REAL_EMPLOYER
Chhattisgarh,Korba,Mining & Minerals,Mining Technician,Southern Korba Mining and Minerals Works 3,39,30,5.0,SYNTHETIC_DEVELOPMENT,SYNTHETIC_NAME_NOT_REAL_EMPLOYER
Chhattisgarh,Raipur,Mining & Minerals,Heavy Equipment Operator,Western Raipur Mining and Minerals Works 1,26,12,5.0,SYNTHETIC_DEVELOPMENT,SYNTHETIC_NAME_NOT_REAL_EMPLOYER
Chhattisgarh,Bhilai,Mining & Minerals,Heavy Equipment Operator,Northern Bhilai Mining and Minerals Works 2,26,21,5.0,SYNTHETIC_DEVELOPMENT,SYNTHETIC_NAME_NOT_REAL_EMPLOYER
Chhattisgarh,Korba,Mining & Minerals,Heavy Equipment Operator,Southern Korba Mining and Minerals Works 3,26,30,5.0,SYNTHETIC_DEVELOPMENT,SYNTHETIC_NAME_NOT_REAL_EMPLOYER
Chhattisgarh,Raipur,Mining & Minerals,Mine Safety Technician,Western Raipur Mining and Minerals Works 1,16,12,5.0,SYNTHETIC_DEVELOPMENT,SYNTHETIC_NAME_NOT_REAL_EMPLOYER
Chhattisgarh,Bhilai,Mining & Minerals,Mine Safety Technician,Northern Bhilai Mining and Minerals Works 2,16,21,5.0,SYNTHETIC_DEVELOPMENT,SYNTHETIC_NAME_NOT_REAL_EMPLOYER
Chhattisgarh,Korba,Mining & Minerals,Mine Safety Technician,Southern Korba Mining and Minerals Works 3,16,30,5.0,SYNTHETIC_DEVELOPMENT,SYNTHETIC_NAME_NOT_REAL_EMPLOYER
Chhattisgarh,Raipur,Energy & Utilities,Electrical Technician,Northern Raipur Energy and Utilities Works 1,32,19,4.5,SYNTHETIC_DEVELOPMENT,SYNTHETIC_NAME_NOT_REAL_EMPLOYER
Chhattisgarh,Bhilai,Energy & Utilities,Electrical Technician,Southern Bhilai Energy and Utilities Works 2,32,28,4.5,SYNTHETIC_DEVELOPMENT,SYNTHETIC_NAME_NOT_REAL_EMPLOYER
Chhattisgarh,Korba,Energy & Utilities,Electrical Technician,Central Korba Energy and Utilities Works 3,32,37,4.5,SYNTHETIC_DEVELOPMENT,SYNTHETIC_NAME_NOT_REAL_EMPLOYER
Chhattisgarh,Raipur,Energy & Utilities,Power Plant Operator,Northern Raipur Energy and Utilities Works 1,21,19,4.5,SYNTHETIC_DEVELOPMENT,SYNTHETIC_NAME_NOT_REAL_EMPLOYER
Chhattisgarh,Bhilai,Energy & Utilities,Power Plant Operator,Southern Bhilai Energy and Utilities Works 2,21,28,4.5,SYNTHETIC_DEVELOPMENT,SYNTHETIC_NAME_NOT_REAL_EMPLOYER
Chhattisgarh,Korba,Energy & Utilities,Power Plant Operator,Central Korba Energy and Utilities Works 3,21,37,4.5,SYNTHETIC_DEVELOPMENT,SYNTHETIC_NAME_NOT_REAL_EMPLOYER
Chhattisgarh,Raipur,Energy & Utilities,Maintenance Technician,Northern Raipur Energy and Utilities Works 1,13,19,4.5,SYNTHETIC_DEVELOPMENT,SYNTHETIC_NAME_NOT_REAL_EMPLOYER
Chhattisgarh,Bhilai,Energy & Utilities,Maintenance Technician,Southern Bhilai Energy and Utilities Works 2,13,28,4.5,SYNTHETIC_DEVELOPMENT,SYNTHETIC_NAME_NOT_REAL_EMPLOYER
Chhattisgarh,Korba,Energy & Utilities,Maintenance Technician,Central Korba Energy and Utilities Works 3,13,37,4.5,SYNTHETIC_DEVELOPMENT,SYNTHETIC_NAME_NOT_REAL_EMPLOYER
Chhattisgarh,Raipur,Building Materials,Cement Plant Operator,Southern Raipur Building Materials Works 1,26,26,2.5,SYNTHETIC_DEVELOPMENT,SYNTHETIC_NAME_NOT_REAL_EMPLOYER
Chhattisgarh,Bhilai,Building Materials,Cement Plant Operator,Central Bhilai Building Materials Works 2,26,35,2.5,SYNTHETIC_DEVELOPMENT,SYNTHETIC_NAME_NOT_REAL_EMPLOYER
Chhattisgarh,Korba,Building Materials,Cement Plant Operator,Coastal Korba Building Materials Works 3,26,44,2.5,SYNTHETIC_DEVELOPMENT,SYNTHETIC_NAME_NOT_REAL_EMPLOYER
Chhattisgarh,Raipur,Building Materials,Mechanical Maintenance Technician,Southern Raipur Building Materials Works 1,18,26,2.5,SYNTHETIC_DEVELOPMENT,SYNTHETIC_NAME_NOT_REAL_EMPLOYER
Chhattisgarh,Bhilai,Building Materials,Mechanical Maintenance Technician,Central Bhilai Building Materials Works 2,18,35,2.5,SYNTHETIC_DEVELOPMENT,SYNTHETIC_NAME_NOT_REAL_EMPLOYER
Chhattisgarh,Korba,Building Materials,Mechanical Maintenance Technician,Coastal Korba Building Materials Works 3,18,44,2.5,SYNTHETIC_DEVELOPMENT,SYNTHETIC_NAME_NOT_REAL_EMPLOYER
Chhattisgarh,Raipur,Building Materials,Quality Control Technician,Southern Raipur Building Materials Works 1,11,26,2.5,SYNTHETIC_DEVELOPMENT,SYNTHETIC_NAME_NOT_REAL_EMPLOYER
Chhattisgarh,Bhilai,Building Materials,Quality Control Technician,Central Bhilai Building Materials Works 2,11,35,2.5,SYNTHETIC_DEVELOPMENT,SYNTHETIC_NAME_NOT_REAL_EMPLOYER
Chhattisgarh,Korba,Building Materials,Quality Control Technician,Coastal Korba Building Materials Works 3,11,44,2.5,SYNTHETIC_DEVELOPMENT,SYNTHETIC_NAME_NOT_REAL_EMPLOYER
Chhattisgarh,Raipur,Construction,Construction Site Supervisor,Central Raipur Construction Works 1,22,33,5.8,SYNTHETIC_DEVELOPMENT,SYNTHETIC_NAME_NOT_REAL_EMPLOYER
Chhattisgarh,Bhilai,Construction,Construction Site Supervisor,Coastal Bhilai Construction Works 2,22,42,5.8,SYNTHETIC_DEVELOPMENT,SYNTHETIC_NAME_NOT_REAL_EMPLOYER
Chhattisgarh,Korba,Construction,Construction Site Supervisor,Deccan Korba Construction Works 3,22,51,5.8,SYNTHETIC_DEVELOPMENT,SYNTHETIC_NAME_NOT_REAL_EMPLOYER
Chhattisgarh,Raipur,Construction,Mason,Central Raipur Construction Works 1,15,33,5.8,SYNTHETIC_DEVELOPMENT,SYNTHETIC_NAME_NOT_REAL_EMPLOYER
Chhattisgarh,Bhilai,Construction,Mason,Coastal Bhilai Construction Works 2,15,42,5.8,SYNTHETIC_DEVELOPMENT,SYNTHETIC_NAME_NOT_REAL_EMPLOYER
Chhattisgarh,Korba,Construction,Mason,Deccan Korba Construction Works 3,15,51,5.8,SYNTHETIC_DEVELOPMENT,SYNTHETIC_NAME_NOT_REAL_EMPLOYER
Chhattisgarh,Raipur,Construction,Heavy Equipment Operator,Central Raipur Construction Works 1,9,33,5.8,SYNTHETIC_DEVELOPMENT,SYNTHETIC_NAME_NOT_REAL_EMPLOYER
Chhattisgarh,Bhilai,Construction,Heavy Equipment Operator,Coastal Bhilai Construction Works 2,9,42,5.8,SYNTHETIC_DEVELOPMENT,SYNTHETIC_NAME_NOT_REAL_EMPLOYER
Chhattisgarh,Korba,Construction,Heavy Equipment Operator,Deccan Korba Construction Works 3,9,51,5.8,SYNTHETIC_DEVELOPMENT,SYNTHETIC_NAME_NOT_REAL_EMPLOYER
Chhattisgarh,Raipur,Food Processing,Food Processing Technician,Coastal Raipur Food Processing Works 1,18,40,4.8,SYNTHETIC_DEVELOPMENT,SYNTHETIC_NAME_NOT_REAL_EMPLOYER
Chhattisgarh,Bhilai,Food Processing,Food Processing Technician,Deccan Bhilai Food Processing Works 2,18,49,4.8,SYNTHETIC_DEVELOPMENT,SYNTHETIC_NAME_NOT_REAL_EMPLOYER
Chhattisgarh,Korba,Food Processing,Food Processing Technician,Frontier Korba Food Processing Works 3,18,58,4.8,SYNTHETIC_DEVELOPMENT,SYNTHETIC_NAME_NOT_REAL_EMPLOYER
Chhattisgarh,Raipur,Food Processing,Production Operator,Coastal Raipur Food Processing Works 1,12,40,4.8,SYNTHETIC_DEVELOPMENT,SYNTHETIC_NAME_NOT_REAL_EMPLOYER
Chhattisgarh,Bhilai,Food Processing,Production Operator,Deccan Bhilai Food Processing Works 2,12,49,4.8,SYNTHETIC_DEVELOPMENT,SYNTHETIC_NAME_NOT_REAL_EMPLOYER
Chhattisgarh,Korba,Food Processing,Production Operator,Frontier Korba Food Processing Works 3,12,58,4.8,SYNTHETIC_DEVELOPMENT,SYNTHETIC_NAME_NOT_REAL_EMPLOYER
Chhattisgarh,Raipur,Food Processing,Quality Technician,Coastal Raipur Food Processing Works 1,7,40,4.8,SYNTHETIC_DEVELOPMENT,SYNTHETIC_NAME_NOT_REAL_EMPLOYER
Chhattisgarh,Bhilai,Food Processing,Quality Technician,Deccan Bhilai Food Processing Works 2,7,49,4.8,SYNTHETIC_DEVELOPMENT,SYNTHETIC_NAME_NOT_REAL_EMPLOYER
Chhattisgarh,Korba,Food Processing,Quality Technician,Frontier Korba Food Processing Works 3,7,58,4.8,SYNTHETIC_DEVELOPMENT,SYNTHETIC_NAME_NOT_REAL_EMPLOYER
Goa,Panaji,Tourism & Hospitality,Hotel Operations Associate,Eastern Panaji Tourism and Hospitality Works 1,15,5,7.0,SYNTHETIC_DEVELOPMENT,SYNTHETIC_NAME_NOT_REAL_EMPLOYER
Goa,Vasco da Gama,Tourism & Hospitality,Hotel Operations Associate,Western Vasco da Gama Tourism and Hospitality Works 2,15,14,7.0,SYNTHETIC_DEVELOPMENT,SYNTHETIC_NAME_NOT_REAL_EMPLOYER
Goa,Margao,Tourism & Hospitality,Hotel Operations Associate,Northern Margao Tourism and Hospitality Works 3,15,23,7.0,SYNTHETIC_DEVELOPMENT,SYNTHETIC_NAME_NOT_REAL_EMPLOYER
Goa,Panaji,Tourism & Hospitality,Food & Beverage Supervisor,Eastern Panaji Tourism and Hospitality Works 1,10,5,7.0,SYNTHETIC_DEVELOPMENT,SYNTHETIC_NAME_NOT_REAL_EMPLOYER
Goa,Vasco da Gama,Tourism & Hospitality,Food & Beverage Supervisor,Western Vasco da Gama Tourism and Hospitality Works 2,10,14,7.0,SYNTHETIC_DEVELOPMENT,SYNTHETIC_NAME_NOT_REAL_EMPLOYER
Goa,Margao,Tourism & Hospitality,Food & Beverage Supervisor,Northern Margao Tourism and Hospitality Works 3,10,23,7.0,SYNTHETIC_DEVELOPMENT,SYNTHETIC_NAME_NOT_REAL_EMPLOYER
Goa,Panaji,Tourism & Hospitality,Travel Operations Executive,Eastern Panaji Tourism and Hospitality Works 1,6,5,7.0,SYNTHETIC_DEVELOPMENT,SYNTHETIC_NAME_NOT_REAL_EMPLOYER
Goa,Vasco da Gama,Tourism & Hospitality,Travel Operations Executive,Western Vasco da Gama Tourism and Hospitality Works 2,6,14,7.0,SYNTHETIC_DEVELOPMENT,SYNTHETIC_NAME_NOT_REAL_EMPLOYER
Goa,Margao,Tourism & Hospitality,Travel Operations Executive,Northern Margao Tourism and Hospitality Works 3,6,23,7.0,SYNTHETIC_DEVELOPMENT,SYNTHETIC_NAME_NOT_REAL_EMPLOYER
Goa,Panaji,Tourism & Hospitality,Hotel Operations Associate,Western Panaji Tourism and Hospitality Works 1,12,12,6.5,SYNTHETIC_DEVELOPMENT,SYNTHETIC_NAME_NOT_REAL_EMPLOYER
Goa,Vasco da Gama,Tourism & Hospitality,Hotel Operations Associate,Northern Vasco da Gama Tourism and Hospitality Works 2,12,21,6.5,SYNTHETIC_DEVELOPMENT,SYNTHETIC_NAME_NOT_REAL_EMPLOYER
Goa,Margao,Tourism & Hospitality,Hotel Operations Associate,Southern Margao Tourism and Hospitality Works 3,12,30,6.5,SYNTHETIC_DEVELOPMENT,SYNTHETIC_NAME_NOT_REAL_EMPLOYER
Goa,Panaji,Tourism & Hospitality,Food & Beverage Supervisor,Western Panaji Tourism and Hospitality Works 1,8,12,6.5,SYNTHETIC_DEVELOPMENT,SYNTHETIC_NAME_NOT_REAL_EMPLOYER
Goa,Vasco da Gama,Tourism & Hospitality,Food & Beverage Supervisor,Northern Vasco da Gama Tourism and Hospitality Works 2,8,21,6.5,SYNTHETIC_DEVELOPMENT,SYNTHETIC_NAME_NOT_REAL_EMPLOYER
Goa,Margao,Tourism & Hospitality,Food & Beverage Supervisor,Southern Margao Tourism and Hospitality Works 3,8,30,6.5,SYNTHETIC_DEVELOPMENT,SYNTHETIC_NAME_NOT_REAL_EMPLOYER
Goa,Panaji,Tourism & Hospitality,Housekeeping Supervisor,Western Panaji Tourism and Hospitality Works 1,5,12,6.5,SYNTHETIC_DEVELOPMENT,SYNTHETIC_NAME_NOT_REAL_EMPLOYER
Goa,Vasco da Gama,Tourism & Hospitality,Housekeeping Supervisor,Northern Vasco da Gama Tourism and Hospitality Works 2,5,21,6.5,SYNTHETIC_DEVELOPMENT,SYNTHETIC_NAME_NOT_REAL_EMPLOYER
Goa,Margao,Tourism & Hospitality,Housekeeping Supervisor,Southern Margao Tourism and Hospitality Works 3,5,30,6.5,SYNTHETIC_DEVELOPMENT,SYNTHETIC_NAME_NOT_REAL_EMPLOYER
Goa,Panaji,Pharmaceuticals,Pharmaceutical Production Technician,Northern Panaji Pharmaceuticals Works 1,10,19,7.5,SYNTHETIC_DEVELOPMENT,SYNTHETIC_NAME_NOT_REAL_EMPLOYER
Goa,Vasco da Gama,Pharmaceuticals,Pharmaceutical Production Technician,Southern Vasco da Gama Pharmaceuticals Works 2,10,28,7.5,SYNTHETIC_DEVELOPMENT,SYNTHETIC_NAME_NOT_REAL_EMPLOYER
Goa,Margao,Pharmaceuticals,Pharmaceutical Production Technician,Central Margao Pharmaceuticals Works 3,10,37,7.5,SYNTHETIC_DEVELOPMENT,SYNTHETIC_NAME_NOT_REAL_EMPLOYER
Goa,Panaji,Pharmaceuticals,Quality Control Technician,Northern Panaji Pharmaceuticals Works 1,7,19,7.5,SYNTHETIC_DEVELOPMENT,SYNTHETIC_NAME_NOT_REAL_EMPLOYER
Goa,Vasco da Gama,Pharmaceuticals,Quality Control Technician,Southern Vasco da Gama Pharmaceuticals Works 2,7,28,7.5,SYNTHETIC_DEVELOPMENT,SYNTHETIC_NAME_NOT_REAL_EMPLOYER
Goa,Margao,Pharmaceuticals,Quality Control Technician,Central Margao Pharmaceuticals Works 3,7,37,7.5,SYNTHETIC_DEVELOPMENT,SYNTHETIC_NAME_NOT_REAL_EMPLOYER
Goa,Panaji,Pharmaceuticals,Packaging Machine Operator,Northern Panaji Pharmaceuticals Works 1,4,19,7.5,SYNTHETIC_DEVELOPMENT,SYNTHETIC_NAME_NOT_REAL_EMPLOYER
Goa,Vasco da Gama,Pharmaceuticals,Packaging Machine Operator,Southern Vasco da Gama Pharmaceuticals Works 2,4,28,7.5,SYNTHETIC_DEVELOPMENT,SYNTHETIC_NAME_NOT_REAL_EMPLOYER
Goa,Margao,Pharmaceuticals,Packaging Machine Operator,Central Margao Pharmaceuticals Works 3,4,37,7.5,SYNTHETIC_DEVELOPMENT,SYNTHETIC_NAME_NOT_REAL_EMPLOYER
Goa,Panaji,Marine & Fisheries,Marine Engine Technician,Southern Panaji Marine and Fisheries Works 1,8,26,4.5,SYNTHETIC_DEVELOPMENT,SYNTHETIC_NAME_NOT_REAL_EMPLOYER
Goa,Vasco da Gama,Marine & Fisheries,Marine Engine Technician,Central Vasco da Gama Marine and Fisheries Works 2,8,35,4.5,SYNTHETIC_DEVELOPMENT,SYNTHETIC_NAME_NOT_REAL_EMPLOYER
Goa,Margao,Marine & Fisheries,Marine Engine Technician,Coastal Margao Marine and Fisheries Works 3,8,44,4.5,SYNTHETIC_DEVELOPMENT,SYNTHETIC_NAME_NOT_REAL_EMPLOYER
Goa,Panaji,Marine & Fisheries,Port Operations Assistant,Southern Panaji Marine and Fisheries Works 1,5,26,4.5,SYNTHETIC_DEVELOPMENT,SYNTHETIC_NAME_NOT_REAL_EMPLOYER
Goa,Vasco da Gama,Marine & Fisheries,Port Operations Assistant,Central Vasco da Gama Marine and Fisheries Works 2,5,35,4.5,SYNTHETIC_DEVELOPMENT,SYNTHETIC_NAME_NOT_REAL_EMPLOYER
Goa,Margao,Marine & Fisheries,Port Operations Assistant,Coastal Margao Marine and Fisheries Works 3,5,44,4.5,SYNTHETIC_DEVELOPMENT,SYNTHETIC_NAME_NOT_REAL_EMPLOYER
Goa,Panaji,Marine & Fisheries,Fisheries Technician,Southern Panaji Marine and Fisheries Works 1,3,26,4.5,SYNTHETIC_DEVELOPMENT,SYNTHETIC_NAME_NOT_REAL_EMPLOYER
Goa,Vasco da Gama,Marine & Fisheries,Fisheries Technician,Central Vasco da Gama Marine and Fisheries Works 2,3,35,4.5,SYNTHETIC_DEVELOPMENT,SYNTHETIC_NAME_NOT_REAL_EMPLOYER
Goa,Margao,Marine & Fisheries,Fisheries Technician,Coastal Margao Marine and Fisheries Works 3,3,44,4.5,SYNTHETIC_DEVELOPMENT,SYNTHETIC_NAME_NOT_REAL_EMPLOYER
Goa,Panaji,Food Processing,Food Processing Technician,Central Panaji Food Processing Works 1,7,33,5.2,SYNTHETIC_DEVELOPMENT,SYNTHETIC_NAME_NOT_REAL_EMPLOYER
Goa,Vasco da Gama,Food Processing,Food Processing Technician,Coastal Vasco da Gama Food Processing Works 2,7,42,5.2,SYNTHETIC_DEVELOPMENT,SYNTHETIC_NAME_NOT_REAL_EMPLOYER
Goa,Margao,Food Processing,Food Processing Technician,Deccan Margao Food Processing Works 3,7,51,5.2,SYNTHETIC_DEVELOPMENT,SYNTHETIC_NAME_NOT_REAL_EMPLOYER
Goa,Panaji,Food Processing,Production Operator,Central Panaji Food Processing Works 1,4,33,5.2,SYNTHETIC_DEVELOPMENT,SYNTHETIC_NAME_NOT_REAL_EMPLOYER
Goa,Vasco da Gama,Food Processing,Production Operator,Coastal Vasco da Gama Food Processing Works 2,4,42,5.2,SYNTHETIC_DEVELOPMENT,SYNTHETIC_NAME_NOT_REAL_EMPLOYER
Goa,Margao,Food Processing,Production Operator,Deccan Margao Food Processing Works 3,4,51,5.2,SYNTHETIC_DEVELOPMENT,SYNTHETIC_NAME_NOT_REAL_EMPLOYER
Goa,Panaji,Food Processing,Quality Technician,Central Panaji Food Processing Works 1,3,33,5.2,SYNTHETIC_DEVELOPMENT,SYNTHETIC_NAME_NOT_REAL_EMPLOYER
Goa,Vasco da Gama,Food Processing,Quality Technician,Coastal Vasco da Gama Food Processing Works 2,3,42,5.2,SYNTHETIC_DEVELOPMENT,SYNTHETIC_NAME_NOT_REAL_EMPLOYER
Goa,Margao,Food Processing,Quality Technician,Deccan Margao Food Processing Works 3,3,51,5.2,SYNTHETIC_DEVELOPMENT,SYNTHETIC_NAME_NOT_REAL_EMPLOYER
Gujarat,Ahmedabad,Chemicals,Chemicals Technician,Eastern Ahmedabad Chemicals Works 1,115,5,6.2,SYNTHETIC_DEVELOPMENT,SYNTHETIC_NAME_NOT_REAL_EMPLOYER
Gujarat,Surat,Chemicals,Chemicals Technician,Western Surat Chemicals Works 2,115,14,6.2,SYNTHETIC_DEVELOPMENT,SYNTHETIC_NAME_NOT_REAL_EMPLOYER
Gujarat,Vadodara,Chemicals,Chemicals Technician,Northern Vadodara Chemicals Works 3,115,23,6.2,SYNTHETIC_DEVELOPMENT,SYNTHETIC_NAME_NOT_REAL_EMPLOYER
Gujarat,Ahmedabad,Chemicals,Chemicals Operator,Eastern Ahmedabad Chemicals Works 1,77,5,6.2,SYNTHETIC_DEVELOPMENT,SYNTHETIC_NAME_NOT_REAL_EMPLOYER
Gujarat,Surat,Chemicals,Chemicals Operator,Western Surat Chemicals Works 2,77,14,6.2,SYNTHETIC_DEVELOPMENT,SYNTHETIC_NAME_NOT_REAL_EMPLOYER
Gujarat,Vadodara,Chemicals,Chemicals Operator,Northern Vadodara Chemicals Works 3,77,23,6.2,SYNTHETIC_DEVELOPMENT,SYNTHETIC_NAME_NOT_REAL_EMPLOYER
Gujarat,Ahmedabad,Chemicals,Chemicals Associate,Eastern Ahmedabad Chemicals Works 1,48,5,6.2,SYNTHETIC_DEVELOPMENT,SYNTHETIC_NAME_NOT_REAL_EMPLOYER
Gujarat,Surat,Chemicals,Chemicals Associate,Western Surat Chemicals Works 2,48,14,6.2,SYNTHETIC_DEVELOPMENT,SYNTHETIC_NAME_NOT_REAL_EMPLOYER
Gujarat,Vadodara,Chemicals,Chemicals Associate,Northern Vadodara Chemicals Works 3,48,23,6.2,SYNTHETIC_DEVELOPMENT,SYNTHETIC_NAME_NOT_REAL_EMPLOYER
Gujarat,Ahmedabad,Pharmaceuticals,Pharmaceutical Production Technician,Western Ahmedabad Pharmaceuticals Works 1,94,12,8.4,SYNTHETIC_DEVELOPMENT,SYNTHETIC_NAME_NOT_REAL_EMPLOYER
Gujarat,Surat,Pharmaceuticals,Pharmaceutical Production Technician,Northern Surat Pharmaceuticals Works 2,94,21,8.4,SYNTHETIC_DEVELOPMENT,SYNTHETIC_NAME_NOT_REAL_EMPLOYER
Gujarat,Vadodara,Pharmaceuticals,Pharmaceutical Production Technician,Southern Vadodara Pharmaceuticals Works 3,94,30,8.4,SYNTHETIC_DEVELOPMENT,SYNTHETIC_NAME_NOT_REAL_EMPLOYER
Gujarat,Ahmedabad,Pharmaceuticals,Quality Control Technician,Western Ahmedabad Pharmaceuticals Works 1,63,12,8.4,SYNTHETIC_DEVELOPMENT,SYNTHETIC_NAME_NOT_REAL_EMPLOYER
Gujarat,Surat,Pharmaceuticals,Quality Control Technician,Northern Surat Pharmaceuticals Works 2,63,21,8.4,SYNTHETIC_DEVELOPMENT,SYNTHETIC_NAME_NOT_REAL_EMPLOYER
Gujarat,Vadodara,Pharmaceuticals,Quality Control Technician,Southern Vadodara Pharmaceuticals Works 3,63,30,8.4,SYNTHETIC_DEVELOPMENT,SYNTHETIC_NAME_NOT_REAL_EMPLOYER
Gujarat,Ahmedabad,Pharmaceuticals,Packaging Machine Operator,Western Ahmedabad Pharmaceuticals Works 1,39,12,8.4,SYNTHETIC_DEVELOPMENT,SYNTHETIC_NAME_NOT_REAL_EMPLOYER
Gujarat,Surat,Pharmaceuticals,Packaging Machine Operator,Northern Surat Pharmaceuticals Works 2,39,21,8.4,SYNTHETIC_DEVELOPMENT,SYNTHETIC_NAME_NOT_REAL_EMPLOYER
Gujarat,Vadodara,Pharmaceuticals,Packaging Machine Operator,Southern Vadodara Pharmaceuticals Works 3,39,30,8.4,SYNTHETIC_DEVELOPMENT,SYNTHETIC_NAME_NOT_REAL_EMPLOYER
Gujarat,Ahmedabad,Textiles & Apparel,Textile Machine Operator,Northern Ahmedabad Textiles and Apparel Works 1,78,19,4.8,SYNTHETIC_DEVELOPMENT,SYNTHETIC_NAME_NOT_REAL_EMPLOYER
Gujarat,Surat,Textiles & Apparel,Textile Machine Operator,Southern Surat Textiles and Apparel Works 2,78,28,4.8,SYNTHETIC_DEVELOPMENT,SYNTHETIC_NAME_NOT_REAL_EMPLOYER
Gujarat,Vadodara,Textiles & Apparel,Textile Machine Operator,Central Vadodara Textiles and Apparel Works 3,78,37,4.8,SYNTHETIC_DEVELOPMENT,SYNTHETIC_NAME_NOT_REAL_EMPLOYER
Gujarat,Ahmedabad,Textiles & Apparel,Garment Production Supervisor,Northern Ahmedabad Textiles and Apparel Works 1,52,19,4.8,SYNTHETIC_DEVELOPMENT,SYNTHETIC_NAME_NOT_REAL_EMPLOYER
Gujarat,Surat,Textiles & Apparel,Garment Production Supervisor,Southern Surat Textiles and Apparel Works 2,52,28,4.8,SYNTHETIC_DEVELOPMENT,SYNTHETIC_NAME_NOT_REAL_EMPLOYER
Gujarat,Vadodara,Textiles & Apparel,Garment Production Supervisor,Central Vadodara Textiles and Apparel Works 3,52,37,4.8,SYNTHETIC_DEVELOPMENT,SYNTHETIC_NAME_NOT_REAL_EMPLOYER
Gujarat,Ahmedabad,Textiles & Apparel,Quality Inspector - Textiles,Northern Ahmedabad Textiles and Apparel Works 1,33,19,4.8,SYNTHETIC_DEVELOPMENT,SYNTHETIC_NAME_NOT_REAL_EMPLOYER
Gujarat,Surat,Textiles & Apparel,Quality Inspector - Textiles,Southern Surat Textiles and Apparel Works 2,33,28,4.8,SYNTHETIC_DEVELOPMENT,SYNTHETIC_NAME_NOT_REAL_EMPLOYER
Gujarat,Vadodara,Textiles & Apparel,Quality Inspector - Textiles,Central Vadodara Textiles and Apparel Works 3,33,37,4.8,SYNTHETIC_DEVELOPMENT,SYNTHETIC_NAME_NOT_REAL_EMPLOYER
Gujarat,Ahmedabad,Engineering & Manufacturing,CNC Machine Operator,Southern Ahmedabad Engineering and Manufacturing Works 1,64,26,5.8,SYNTHETIC_DEVELOPMENT,SYNTHETIC_NAME_NOT_REAL_EMPLOYER
Gujarat,Surat,Engineering & Manufacturing,CNC Machine Operator,Central Surat Engineering and Manufacturing Works 2,64,35,5.8,SYNTHETIC_DEVELOPMENT,SYNTHETIC_NAME_NOT_REAL_EMPLOYER
Gujarat,Vadodara,Engineering & Manufacturing,CNC Machine Operator,Coastal Vadodara Engineering and Manufacturing Works 3,64,44,5.8,SYNTHETIC_DEVELOPMENT,SYNTHETIC_NAME_NOT_REAL_EMPLOYER
Gujarat,Ahmedabad,Engineering & Manufacturing,Production Technician,Southern Ahmedabad Engineering and Manufacturing Works 1,43,26,5.8,SYNTHETIC_DEVELOPMENT,SYNTHETIC_NAME_NOT_REAL_EMPLOYER
Gujarat,Surat,Engineering & Manufacturing,Production Technician,Central Surat Engineering and Manufacturing Works 2,43,35,5.8,SYNTHETIC_DEVELOPMENT,SYNTHETIC_NAME_NOT_REAL_EMPLOYER
Gujarat,Vadodara,Engineering & Manufacturing,Production Technician,Coastal Vadodara Engineering and Manufacturing Works 3,43,44,5.8,SYNTHETIC_DEVELOPMENT,SYNTHETIC_NAME_NOT_REAL_EMPLOYER
Gujarat,Ahmedabad,Engineering & Manufacturing,Quality Inspector,Southern Ahmedabad Engineering and Manufacturing Works 1,27,26,5.8,SYNTHETIC_DEVELOPMENT,SYNTHETIC_NAME_NOT_REAL_EMPLOYER
Gujarat,Surat,Engineering & Manufacturing,Quality Inspector,Central Surat Engineering and Manufacturing Works 2,27,35,5.8,SYNTHETIC_DEVELOPMENT,SYNTHETIC_NAME_NOT_REAL_EMPLOYER
Gujarat,Vadodara,Engineering & Manufacturing,Quality Inspector,Coastal Vadodara Engineering and Manufacturing Works 3,27,44,5.8,SYNTHETIC_DEVELOPMENT,SYNTHETIC_NAME_NOT_REAL_EMPLOYER
Gujarat,Ahmedabad,Automotive,Automotive Technician,Central Ahmedabad Automotive Works 1,53,33,6.8,SYNTHETIC_DEVELOPMENT,SYNTHETIC_NAME_NOT_REAL_EMPLOYER
Gujarat,Surat,Automotive,Automotive Technician,Coastal Surat Automotive Works 2,53,42,6.8,SYNTHETIC_DEVELOPMENT,SYNTHETIC_NAME_NOT_REAL_EMPLOYER
Gujarat,Vadodara,Automotive,Automotive Technician,Deccan Vadodara Automotive Works 3,53,51,6.8,SYNTHETIC_DEVELOPMENT,SYNTHETIC_NAME_NOT_REAL_EMPLOYER
Gujarat,Ahmedabad,Automotive,CNC Machine Operator,Central Ahmedabad Automotive Works 1,35,33,6.8,SYNTHETIC_DEVELOPMENT,SYNTHETIC_NAME_NOT_REAL_EMPLOYER
Gujarat,Surat,Automotive,CNC Machine Operator,Coastal Surat Automotive Works 2,35,42,6.8,SYNTHETIC_DEVELOPMENT,SYNTHETIC_NAME_NOT_REAL_EMPLOYER
Gujarat,Vadodara,Automotive,CNC Machine Operator,Deccan Vadodara Automotive Works 3,35,51,6.8,SYNTHETIC_DEVELOPMENT,SYNTHETIC_NAME_NOT_REAL_EMPLOYER
Gujarat,Ahmedabad,Automotive,Automotive Quality Inspector,Central Ahmedabad Automotive Works 1,22,33,6.8,SYNTHETIC_DEVELOPMENT,SYNTHETIC_NAME_NOT_REAL_EMPLOYER
Gujarat,Surat,Automotive,Automotive Quality Inspector,Coastal Surat Automotive Works 2,22,42,6.8,SYNTHETIC_DEVELOPMENT,SYNTHETIC_NAME_NOT_REAL_EMPLOYER
Gujarat,Vadodara,Automotive,Automotive Quality Inspector,Deccan Vadodara Automotive Works 3,22,51,6.8,SYNTHETIC_DEVELOPMENT,SYNTHETIC_NAME_NOT_REAL_EMPLOYER
Gujarat,Ahmedabad,Logistics,Warehouse Supervisor,Coastal Ahmedabad Logistics Works 1,44,40,6.2,SYNTHETIC_DEVELOPMENT,SYNTHETIC_NAME_NOT_REAL_EMPLOYER
Gujarat,Surat,Logistics,Warehouse Supervisor,Deccan Surat Logistics Works 2,44,49,6.2,SYNTHETIC_DEVELOPMENT,SYNTHETIC_NAME_NOT_REAL_EMPLOYER
Gujarat,Vadodara,Logistics,Warehouse Supervisor,Frontier Vadodara Logistics Works 3,44,58,6.2,SYNTHETIC_DEVELOPMENT,SYNTHETIC_NAME_NOT_REAL_EMPLOYER
Gujarat,Ahmedabad,Logistics,Logistics Coordinator,Coastal Ahmedabad Logistics Works 1,29,40,6.2,SYNTHETIC_DEVELOPMENT,SYNTHETIC_NAME_NOT_REAL_EMPLOYER
Gujarat,Surat,Logistics,Logistics Coordinator,Deccan Surat Logistics Works 2,29,49,6.2,SYNTHETIC_DEVELOPMENT,SYNTHETIC_NAME_NOT_REAL_EMPLOYER
Gujarat,Vadodara,Logistics,Logistics Coordinator,Frontier Vadodara Logistics Works 3,29,58,6.2,SYNTHETIC_DEVELOPMENT,SYNTHETIC_NAME_NOT_REAL_EMPLOYER
Gujarat,Ahmedabad,Logistics,Fleet Operations Assistant,Coastal Ahmedabad Logistics Works 1,18,40,6.2,SYNTHETIC_DEVELOPMENT,SYNTHETIC_NAME_NOT_REAL_EMPLOYER
Gujarat,Surat,Logistics,Fleet Operations Assistant,Deccan Surat Logistics Works 2,18,49,6.2,SYNTHETIC_DEVELOPMENT,SYNTHETIC_NAME_NOT_REAL_EMPLOYER
Gujarat,Vadodara,Logistics,Fleet Operations Assistant,Frontier Vadodara Logistics Works 3,18,58,6.2,SYNTHETIC_DEVELOPMENT,SYNTHETIC_NAME_NOT_REAL_EMPLOYER
Haryana,Gurugram,Automotive,Automotive Technician,Eastern Gurugram Automotive Works 1,89,5,7.0,SYNTHETIC_DEVELOPMENT,SYNTHETIC_NAME_NOT_REAL_EMPLOYER
Haryana,Faridabad,Automotive,Automotive Technician,Western Faridabad Automotive Works 2,89,14,7.0,SYNTHETIC_DEVELOPMENT,SYNTHETIC_NAME_NOT_REAL_EMPLOYER
Haryana,Panipat,Automotive,Automotive Technician,Northern Panipat Automotive Works 3,89,23,7.0,SYNTHETIC_DEVELOPMENT,SYNTHETIC_NAME_NOT_REAL_EMPLOYER
Haryana,Gurugram,Automotive,CNC Machine Operator,Eastern Gurugram Automotive Works 1,59,5,7.0,SYNTHETIC_DEVELOPMENT,SYNTHETIC_NAME_NOT_REAL_EMPLOYER
Haryana,Faridabad,Automotive,CNC Machine Operator,Western Faridabad Automotive Works 2,59,14,7.0,SYNTHETIC_DEVELOPMENT,SYNTHETIC_NAME_NOT_REAL_EMPLOYER
Haryana,Panipat,Automotive,CNC Machine Operator,Northern Panipat Automotive Works 3,59,23,7.0,SYNTHETIC_DEVELOPMENT,SYNTHETIC_NAME_NOT_REAL_EMPLOYER
Haryana,Gurugram,Automotive,Automotive Quality Inspector,Eastern Gurugram Automotive Works 1,37,5,7.0,SYNTHETIC_DEVELOPMENT,SYNTHETIC_NAME_NOT_REAL_EMPLOYER
Haryana,Faridabad,Automotive,Automotive Quality Inspector,Western Faridabad Automotive Works 2,37,14,7.0,SYNTHETIC_DEVELOPMENT,SYNTHETIC_NAME_NOT_REAL_EMPLOYER
Haryana,Panipat,Automotive,Automotive Quality Inspector,Northern Panipat Automotive Works 3,37,23,7.0,SYNTHETIC_DEVELOPMENT,SYNTHETIC_NAME_NOT_REAL_EMPLOYER
Haryana,Gurugram,Engineering & Manufacturing,CNC Machine Operator,Western Gurugram Engineering and Manufacturing Works 1,73,12,7.2,SYNTHETIC_DEVELOPMENT,SYNTHETIC_NAME_NOT_REAL_EMPLOYER
Haryana,Faridabad,Engineering & Manufacturing,CNC Machine Operator,Northern Faridabad Engineering and Manufacturing Works 2,73,21,7.2,SYNTHETIC_DEVELOPMENT,SYNTHETIC_NAME_NOT_REAL_EMPLOYER
Haryana,Panipat,Engineering & Manufacturing,CNC Machine Operator,Southern Panipat Engineering and Manufacturing Works 3,73,30,7.2,SYNTHETIC_DEVELOPMENT,SYNTHETIC_NAME_NOT_REAL_EMPLOYER
Haryana,Gurugram,Engineering & Manufacturing,Production Technician,Western Gurugram Engineering and Manufacturing Works 1,48,12,7.2,SYNTHETIC_DEVELOPMENT,SYNTHETIC_NAME_NOT_REAL_EMPLOYER
Haryana,Faridabad,Engineering & Manufacturing,Production Technician,Northern Faridabad Engineering and Manufacturing Works 2,48,21,7.2,SYNTHETIC_DEVELOPMENT,SYNTHETIC_NAME_NOT_REAL_EMPLOYER
Haryana,Panipat,Engineering & Manufacturing,Production Technician,Southern Panipat Engineering and Manufacturing Works 3,48,30,7.2,SYNTHETIC_DEVELOPMENT,SYNTHETIC_NAME_NOT_REAL_EMPLOYER
Haryana,Gurugram,Engineering & Manufacturing,Quality Inspector,Western Gurugram Engineering and Manufacturing Works 1,30,12,7.2,SYNTHETIC_DEVELOPMENT,SYNTHETIC_NAME_NOT_REAL_EMPLOYER
Haryana,Faridabad,Engineering & Manufacturing,Quality Inspector,Northern Faridabad Engineering and Manufacturing Works 2,30,21,7.2,SYNTHETIC_DEVELOPMENT,SYNTHETIC_NAME_NOT_REAL_EMPLOYER
Haryana,Panipat,Engineering & Manufacturing,Quality Inspector,Southern Panipat Engineering and Manufacturing Works 3,30,30,7.2,SYNTHETIC_DEVELOPMENT,SYNTHETIC_NAME_NOT_REAL_EMPLOYER
Haryana,Gurugram,Logistics,Warehouse Supervisor,Northern Gurugram Logistics Works 1,60,19,7.5,SYNTHETIC_DEVELOPMENT,SYNTHETIC_NAME_NOT_REAL_EMPLOYER
Haryana,Faridabad,Logistics,Warehouse Supervisor,Southern Faridabad Logistics Works 2,60,28,7.5,SYNTHETIC_DEVELOPMENT,SYNTHETIC_NAME_NOT_REAL_EMPLOYER
Haryana,Panipat,Logistics,Warehouse Supervisor,Central Panipat Logistics Works 3,60,37,7.5,SYNTHETIC_DEVELOPMENT,SYNTHETIC_NAME_NOT_REAL_EMPLOYER
Haryana,Gurugram,Logistics,Inventory Controller,Northern Gurugram Logistics Works 1,40,19,7.5,SYNTHETIC_DEVELOPMENT,SYNTHETIC_NAME_NOT_REAL_EMPLOYER
Haryana,Faridabad,Logistics,Inventory Controller,Southern Faridabad Logistics Works 2,40,28,7.5,SYNTHETIC_DEVELOPMENT,SYNTHETIC_NAME_NOT_REAL_EMPLOYER
Haryana,Panipat,Logistics,Inventory Controller,Central Panipat Logistics Works 3,40,37,7.5,SYNTHETIC_DEVELOPMENT,SYNTHETIC_NAME_NOT_REAL_EMPLOYER
Haryana,Gurugram,Logistics,Transport Operations Associate,Northern Gurugram Logistics Works 1,25,19,7.5,SYNTHETIC_DEVELOPMENT,SYNTHETIC_NAME_NOT_REAL_EMPLOYER
Haryana,Faridabad,Logistics,Transport Operations Associate,Southern Faridabad Logistics Works 2,25,28,7.5,SYNTHETIC_DEVELOPMENT,SYNTHETIC_NAME_NOT_REAL_EMPLOYER
Haryana,Panipat,Logistics,Transport Operations Associate,Central Panipat Logistics Works 3,25,37,7.5,SYNTHETIC_DEVELOPMENT,SYNTHETIC_NAME_NOT_REAL_EMPLOYER
Haryana,Gurugram,Food Processing,Food Processing Technician,Southern Gurugram Food Processing Works 1,50,26,6.0,SYNTHETIC_DEVELOPMENT,SYNTHETIC_NAME_NOT_REAL_EMPLOYER
Haryana,Faridabad,Food Processing,Food Processing Technician,Central Faridabad Food Processing Works 2,50,35,6.0,SYNTHETIC_DEVELOPMENT,SYNTHETIC_NAME_NOT_REAL_EMPLOYER
Haryana,Panipat,Food Processing,Food Processing Technician,Coastal Panipat Food Processing Works 3,50,44,6.0,SYNTHETIC_DEVELOPMENT,SYNTHETIC_NAME_NOT_REAL_EMPLOYER
Haryana,Gurugram,Food Processing,Production Operator,Southern Gurugram Food Processing Works 1,33,26,6.0,SYNTHETIC_DEVELOPMENT,SYNTHETIC_NAME_NOT_REAL_EMPLOYER
Haryana,Faridabad,Food Processing,Production Operator,Central Faridabad Food Processing Works 2,33,35,6.0,SYNTHETIC_DEVELOPMENT,SYNTHETIC_NAME_NOT_REAL_EMPLOYER
Haryana,Panipat,Food Processing,Production Operator,Coastal Panipat Food Processing Works 3,33,44,6.0,SYNTHETIC_DEVELOPMENT,SYNTHETIC_NAME_NOT_REAL_EMPLOYER
Haryana,Gurugram,Food Processing,Quality Technician,Southern Gurugram Food Processing Works 1,21,26,6.0,SYNTHETIC_DEVELOPMENT,SYNTHETIC_NAME_NOT_REAL_EMPLOYER
Haryana,Faridabad,Food Processing,Quality Technician,Central Faridabad Food Processing Works 2,21,35,6.0,SYNTHETIC_DEVELOPMENT,SYNTHETIC_NAME_NOT_REAL_EMPLOYER
Haryana,Panipat,Food Processing,Quality Technician,Coastal Panipat Food Processing Works 3,21,44,6.0,SYNTHETIC_DEVELOPMENT,SYNTHETIC_NAME_NOT_REAL_EMPLOYER
Haryana,Gurugram,Information Technology,Software Developer,Central Gurugram Information Technology Works 1,41,33,8.8,SYNTHETIC_DEVELOPMENT,SYNTHETIC_NAME_NOT_REAL_EMPLOYER
Haryana,Faridabad,Information Technology,Software Developer,Coastal Faridabad Information Technology Works 2,41,42,8.8,SYNTHETIC_DEVELOPMENT,SYNTHETIC_NAME_NOT_REAL_EMPLOYER
Haryana,Panipat,Information Technology,Software Developer,Deccan Panipat Information Technology Works 3,41,51,8.8,SYNTHETIC_DEVELOPMENT,SYNTHETIC_NAME_NOT_REAL_EMPLOYER
Haryana,Gurugram,Information Technology,Cloud Support Associate,Central Gurugram Information Technology Works 1,27,33,8.8,SYNTHETIC_DEVELOPMENT,SYNTHETIC_NAME_NOT_REAL_EMPLOYER
Haryana,Faridabad,Information Technology,Cloud Support Associate,Coastal Faridabad Information Technology Works 2,27,42,8.8,SYNTHETIC_DEVELOPMENT,SYNTHETIC_NAME_NOT_REAL_EMPLOYER
Haryana,Panipat,Information Technology,Cloud Support Associate,Deccan Panipat Information Technology Works 3,27,51,8.8,SYNTHETIC_DEVELOPMENT,SYNTHETIC_NAME_NOT_REAL_EMPLOYER
Haryana,Gurugram,Information Technology,Data Analyst,Central Gurugram Information Technology Works 1,17,33,8.8,SYNTHETIC_DEVELOPMENT,SYNTHETIC_NAME_NOT_REAL_EMPLOYER
Haryana,Faridabad,Information Technology,Data Analyst,Coastal Faridabad Information Technology Works 2,17,42,8.8,SYNTHETIC_DEVELOPMENT,SYNTHETIC_NAME_NOT_REAL_EMPLOYER
Haryana,Panipat,Information Technology,Data Analyst,Deccan Panipat Information Technology Works 3,17,51,8.8,SYNTHETIC_DEVELOPMENT,SYNTHETIC_NAME_NOT_REAL_EMPLOYER
Haryana,Gurugram,Pharmaceuticals,Pharmaceutical Production Technician,Coastal Gurugram Pharmaceuticals Works 1,34,40,7.0,SYNTHETIC_DEVELOPMENT,SYNTHETIC_NAME_NOT_REAL_EMPLOYER
Haryana,Faridabad,Pharmaceuticals,Pharmaceutical Production Technician,Deccan Faridabad Pharmaceuticals Works 2,34,49,7.0,SYNTHETIC_DEVELOPMENT,SYNTHETIC_NAME_NOT_REAL_EMPLOYER
Haryana,Panipat,Pharmaceuticals,Pharmaceutical Production Technician,Frontier Panipat Pharmaceuticals Works 3,34,58,7.0,SYNTHETIC_DEVELOPMENT,SYNTHETIC_NAME_NOT_REAL_EMPLOYER
Haryana,Gurugram,Pharmaceuticals,Quality Control Technician,Coastal Gurugram Pharmaceuticals Works 1,22,40,7.0,SYNTHETIC_DEVELOPMENT,SYNTHETIC_NAME_NOT_REAL_EMPLOYER
Haryana,Faridabad,Pharmaceuticals,Quality Control Technician,Deccan Faridabad Pharmaceuticals Works 2,22,49,7.0,SYNTHETIC_DEVELOPMENT,SYNTHETIC_NAME_NOT_REAL_EMPLOYER
Haryana,Panipat,Pharmaceuticals,Quality Control Technician,Frontier Panipat Pharmaceuticals Works 3,22,58,7.0,SYNTHETIC_DEVELOPMENT,SYNTHETIC_NAME_NOT_REAL_EMPLOYER
Haryana,Gurugram,Pharmaceuticals,Packaging Machine Operator,Coastal Gurugram Pharmaceuticals Works 1,14,40,7.0,SYNTHETIC_DEVELOPMENT,SYNTHETIC_NAME_NOT_REAL_EMPLOYER
Haryana,Faridabad,Pharmaceuticals,Packaging Machine Operator,Deccan Faridabad Pharmaceuticals Works 2,14,49,7.0,SYNTHETIC_DEVELOPMENT,SYNTHETIC_NAME_NOT_REAL_EMPLOYER
Haryana,Panipat,Pharmaceuticals,Packaging Machine Operator,Frontier Panipat Pharmaceuticals Works 3,14,58,7.0,SYNTHETIC_DEVELOPMENT,SYNTHETIC_NAME_NOT_REAL_EMPLOYER
Himachal Pradesh,Baddi,Pharmaceuticals,Pharmaceutical Production Technician,Eastern Baddi Pharmaceuticals Works 1,31,5,8.9,SYNTHETIC_DEVELOPMENT,SYNTHETIC_NAME_NOT_REAL_EMPLOYER
Himachal Pradesh,Shimla,Pharmaceuticals,Pharmaceutical Production Technician,Western Shimla Pharmaceuticals Works 2,31,14,8.9,SYNTHETIC_DEVELOPMENT,SYNTHETIC_NAME_NOT_REAL_EMPLOYER
Himachal Pradesh,Solan,Pharmaceuticals,Pharmaceutical Production Technician,Northern Solan Pharmaceuticals Works 3,31,23,8.9,SYNTHETIC_DEVELOPMENT,SYNTHETIC_NAME_NOT_REAL_EMPLOYER
Himachal Pradesh,Baddi,Pharmaceuticals,Quality Control Technician,Eastern Baddi Pharmaceuticals Works 1,20,5,8.9,SYNTHETIC_DEVELOPMENT,SYNTHETIC_NAME_NOT_REAL_EMPLOYER
Himachal Pradesh,Shimla,Pharmaceuticals,Quality Control Technician,Western Shimla Pharmaceuticals Works 2,20,14,8.9,SYNTHETIC_DEVELOPMENT,SYNTHETIC_NAME_NOT_REAL_EMPLOYER
Himachal Pradesh,Solan,Pharmaceuticals,Quality Control Technician,Northern Solan Pharmaceuticals Works 3,20,23,8.9,SYNTHETIC_DEVELOPMENT,SYNTHETIC_NAME_NOT_REAL_EMPLOYER
Himachal Pradesh,Baddi,Pharmaceuticals,Packaging Machine Operator,Eastern Baddi Pharmaceuticals Works 1,13,5,8.9,SYNTHETIC_DEVELOPMENT,SYNTHETIC_NAME_NOT_REAL_EMPLOYER
Himachal Pradesh,Shimla,Pharmaceuticals,Packaging Machine Operator,Western Shimla Pharmaceuticals Works 2,13,14,8.9,SYNTHETIC_DEVELOPMENT,SYNTHETIC_NAME_NOT_REAL_EMPLOYER
Himachal Pradesh,Solan,Pharmaceuticals,Packaging Machine Operator,Northern Solan Pharmaceuticals Works 3,13,23,8.9,SYNTHETIC_DEVELOPMENT,SYNTHETIC_NAME_NOT_REAL_EMPLOYER
Himachal Pradesh,Baddi,Agriculture & Horticulture,Horticulture Technician,Western Baddi Agriculture and Horticulture Works 1,25,12,5.2,SYNTHETIC_DEVELOPMENT,SYNTHETIC_NAME_NOT_REAL_EMPLOYER
Himachal Pradesh,Shimla,Agriculture & Horticulture,Horticulture Technician,Northern Shimla Agriculture and Horticulture Works 2,25,21,5.2,SYNTHETIC_DEVELOPMENT,SYNTHETIC_NAME_NOT_REAL_EMPLOYER
Himachal Pradesh,Solan,Agriculture & Horticulture,Horticulture Technician,Southern Solan Agriculture and Horticulture Works 3,25,30,5.2,SYNTHETIC_DEVELOPMENT,SYNTHETIC_NAME_NOT_REAL_EMPLOYER
Himachal Pradesh,Baddi,Agriculture & Horticulture,Packhouse Operator,Western Baddi Agriculture and Horticulture Works 1,17,12,5.2,SYNTHETIC_DEVELOPMENT,SYNTHETIC_NAME_NOT_REAL_EMPLOYER
Himachal Pradesh,Shimla,Agriculture & Horticulture,Packhouse Operator,Northern Shimla Agriculture and Horticulture Works 2,17,21,5.2,SYNTHETIC_DEVELOPMENT,SYNTHETIC_NAME_NOT_REAL_EMPLOYER
Himachal Pradesh,Solan,Agriculture & Horticulture,Packhouse Operator,Southern Solan Agriculture and Horticulture Works 3,17,30,5.2,SYNTHETIC_DEVELOPMENT,SYNTHETIC_NAME_NOT_REAL_EMPLOYER
Himachal Pradesh,Baddi,Agriculture & Horticulture,Farm Equipment Technician,Western Baddi Agriculture and Horticulture Works 1,10,12,5.2,SYNTHETIC_DEVELOPMENT,SYNTHETIC_NAME_NOT_REAL_EMPLOYER
Himachal Pradesh,Shimla,Agriculture & Horticulture,Farm Equipment Technician,Northern Shimla Agriculture and Horticulture Works 2,10,21,5.2,SYNTHETIC_DEVELOPMENT,SYNTHETIC_NAME_NOT_REAL_EMPLOYER
Himachal Pradesh,Solan,Agriculture & Horticulture,Farm Equipment Technician,Southern Solan Agriculture and Horticulture Works 3,10,30,5.2,SYNTHETIC_DEVELOPMENT,SYNTHETIC_NAME_NOT_REAL_EMPLOYER
Himachal Pradesh,Baddi,Tourism & Hospitality,Hotel Operations Associate,Northern Baddi Tourism and Hospitality Works 1,21,19,6.0,SYNTHETIC_DEVELOPMENT,SYNTHETIC_NAME_NOT_REAL_EMPLOYER
Himachal Pradesh,Shimla,Tourism & Hospitality,Hotel Operations Associate,Southern Shimla Tourism and Hospitality Works 2,21,28,6.0,SYNTHETIC_DEVELOPMENT,SYNTHETIC_NAME_NOT_REAL_EMPLOYER
Himachal Pradesh,Solan,Tourism & Hospitality,Hotel Operations Associate,Central Solan Tourism and Hospitality Works 3,21,37,6.0,SYNTHETIC_DEVELOPMENT,SYNTHETIC_NAME_NOT_REAL_EMPLOYER
Himachal Pradesh,Baddi,Tourism & Hospitality,Food & Beverage Supervisor,Northern Baddi Tourism and Hospitality Works 1,14,19,6.0,SYNTHETIC_DEVELOPMENT,SYNTHETIC_NAME_NOT_REAL_EMPLOYER
Himachal Pradesh,Shimla,Tourism & Hospitality,Food & Beverage Supervisor,Southern Shimla Tourism and Hospitality Works 2,14,28,6.0,SYNTHETIC_DEVELOPMENT,SYNTHETIC_NAME_NOT_REAL_EMPLOYER
Himachal Pradesh,Solan,Tourism & Hospitality,Food & Beverage Supervisor,Central Solan Tourism and Hospitality Works 3,14,37,6.0,SYNTHETIC_DEVELOPMENT,SYNTHETIC_NAME_NOT_REAL_EMPLOYER
Himachal Pradesh,Baddi,Tourism & Hospitality,Travel Operations Executive,Northern Baddi Tourism and Hospitality Works 1,9,19,6.0,SYNTHETIC_DEVELOPMENT,SYNTHETIC_NAME_NOT_REAL_EMPLOYER
Himachal Pradesh,Shimla,Tourism & Hospitality,Travel Operations Executive,Southern Shimla Tourism and Hospitality Works 2,9,28,6.0,SYNTHETIC_DEVELOPMENT,SYNTHETIC_NAME_NOT_REAL_EMPLOYER
Himachal Pradesh,Solan,Tourism & Hospitality,Travel Operations Executive,Central Solan Tourism and Hospitality Works 3,9,37,6.0,SYNTHETIC_DEVELOPMENT,SYNTHETIC_NAME_NOT_REAL_EMPLOYER
Himachal Pradesh,Baddi,Energy & Utilities,Hydropower Plant Technician,Southern Baddi Energy and Utilities Works 1,17,26,5.0,SYNTHETIC_DEVELOPMENT,SYNTHETIC_NAME_NOT_REAL_EMPLOYER
Himachal Pradesh,Shimla,Energy & Utilities,Hydropower Plant Technician,Central Shimla Energy and Utilities Works 2,17,35,5.0,SYNTHETIC_DEVELOPMENT,SYNTHETIC_NAME_NOT_REAL_EMPLOYER
Himachal Pradesh,Solan,Energy & Utilities,Hydropower Plant Technician,Coastal Solan Energy and Utilities Works 3,17,44,5.0,SYNTHETIC_DEVELOPMENT,SYNTHETIC_NAME_NOT_REAL_EMPLOYER
Himachal Pradesh,Baddi,Energy & Utilities,Electrical Maintenance Technician,Southern Baddi Energy and Utilities Works 1,11,26,5.0,SYNTHETIC_DEVELOPMENT,SYNTHETIC_NAME_NOT_REAL_EMPLOYER
Himachal Pradesh,Shimla,Energy & Utilities,Electrical Maintenance Technician,Central Shimla Energy and Utilities Works 2,11,35,5.0,SYNTHETIC_DEVELOPMENT,SYNTHETIC_NAME_NOT_REAL_EMPLOYER
Himachal Pradesh,Solan,Energy & Utilities,Electrical Maintenance Technician,Coastal Solan Energy and Utilities Works 3,11,44,5.0,SYNTHETIC_DEVELOPMENT,SYNTHETIC_NAME_NOT_REAL_EMPLOYER
Himachal Pradesh,Baddi,Energy & Utilities,Instrumentation Technician,Southern Baddi Energy and Utilities Works 1,7,26,5.0,SYNTHETIC_DEVELOPMENT,SYNTHETIC_NAME_NOT_REAL_EMPLOYER
Himachal Pradesh,Shimla,Energy & Utilities,Instrumentation Technician,Central Shimla Energy and Utilities Works 2,7,35,5.0,SYNTHETIC_DEVELOPMENT,SYNTHETIC_NAME_NOT_REAL_EMPLOYER
Himachal Pradesh,Solan,Energy & Utilities,Instrumentation Technician,Coastal Solan Energy and Utilities Works 3,7,44,5.0,SYNTHETIC_DEVELOPMENT,SYNTHETIC_NAME_NOT_REAL_EMPLOYER
Himachal Pradesh,Baddi,Food Processing,Food Processing Technician,Central Baddi Food Processing Works 1,14,33,5.2,SYNTHETIC_DEVELOPMENT,SYNTHETIC_NAME_NOT_REAL_EMPLOYER
Himachal Pradesh,Shimla,Food Processing,Food Processing Technician,Coastal Shimla Food Processing Works 2,14,42,5.2,SYNTHETIC_DEVELOPMENT,SYNTHETIC_NAME_NOT_REAL_EMPLOYER
Himachal Pradesh,Solan,Food Processing,Food Processing Technician,Deccan Solan Food Processing Works 3,14,51,5.2,SYNTHETIC_DEVELOPMENT,SYNTHETIC_NAME_NOT_REAL_EMPLOYER
Himachal Pradesh,Baddi,Food Processing,Production Operator,Central Baddi Food Processing Works 1,9,33,5.2,SYNTHETIC_DEVELOPMENT,SYNTHETIC_NAME_NOT_REAL_EMPLOYER
Himachal Pradesh,Shimla,Food Processing,Production Operator,Coastal Shimla Food Processing Works 2,9,42,5.2,SYNTHETIC_DEVELOPMENT,SYNTHETIC_NAME_NOT_REAL_EMPLOYER
Himachal Pradesh,Solan,Food Processing,Production Operator,Deccan Solan Food Processing Works 3,9,51,5.2,SYNTHETIC_DEVELOPMENT,SYNTHETIC_NAME_NOT_REAL_EMPLOYER
Himachal Pradesh,Baddi,Food Processing,Quality Technician,Central Baddi Food Processing Works 1,6,33,5.2,SYNTHETIC_DEVELOPMENT,SYNTHETIC_NAME_NOT_REAL_EMPLOYER
Himachal Pradesh,Shimla,Food Processing,Quality Technician,Coastal Shimla Food Processing Works 2,6,42,5.2,SYNTHETIC_DEVELOPMENT,SYNTHETIC_NAME_NOT_REAL_EMPLOYER
Himachal Pradesh,Solan,Food Processing,Quality Technician,Deccan Solan Food Processing Works 3,6,51,5.2,SYNTHETIC_DEVELOPMENT,SYNTHETIC_NAME_NOT_REAL_EMPLOYER
Jharkhand,Jamshedpur,Coal Mining,Coal Mining Technician,Eastern Jamshedpur Coal Mining Works 1,54,5,6.2,SYNTHETIC_DEVELOPMENT,SYNTHETIC_NAME_NOT_REAL_EMPLOYER
Jharkhand,Ranchi,Coal Mining,Coal Mining Technician,Western Ranchi Coal Mining Works 2,54,14,6.2,SYNTHETIC_DEVELOPMENT,SYNTHETIC_NAME_NOT_REAL_EMPLOYER
Jharkhand,Dhanbad,Coal Mining,Coal Mining Technician,Northern Dhanbad Coal Mining Works 3,54,23,6.2,SYNTHETIC_DEVELOPMENT,SYNTHETIC_NAME_NOT_REAL_EMPLOYER
Jharkhand,Jamshedpur,Coal Mining,Coal Mining Operator,Eastern Jamshedpur Coal Mining Works 1,36,5,6.2,SYNTHETIC_DEVELOPMENT,SYNTHETIC_NAME_NOT_REAL_EMPLOYER
Jharkhand,Ranchi,Coal Mining,Coal Mining Operator,Western Ranchi Coal Mining Works 2,36,14,6.2,SYNTHETIC_DEVELOPMENT,SYNTHETIC_NAME_NOT_REAL_EMPLOYER
Jharkhand,Dhanbad,Coal Mining,Coal Mining Operator,Northern Dhanbad Coal Mining Works 3,36,23,6.2,SYNTHETIC_DEVELOPMENT,SYNTHETIC_NAME_NOT_REAL_EMPLOYER
Jharkhand,Jamshedpur,Coal Mining,Coal Mining Associate,Eastern Jamshedpur Coal Mining Works 1,22,5,6.2,SYNTHETIC_DEVELOPMENT,SYNTHETIC_NAME_NOT_REAL_EMPLOYER
Jharkhand,Ranchi,Coal Mining,Coal Mining Associate,Western Ranchi Coal Mining Works 2,22,14,6.2,SYNTHETIC_DEVELOPMENT,SYNTHETIC_NAME_NOT_REAL_EMPLOYER
Jharkhand,Dhanbad,Coal Mining,Coal Mining Associate,Northern Dhanbad Coal Mining Works 3,22,23,6.2,SYNTHETIC_DEVELOPMENT,SYNTHETIC_NAME_NOT_REAL_EMPLOYER
Jharkhand,Jamshedpur,Metals & Steel,Steel Fabrication Technician,Western Jamshedpur Metals and Steel Works 1,44,12,4.5,SYNTHETIC_DEVELOPMENT,SYNTHETIC_NAME_NOT_REAL_EMPLOYER
Jharkhand,Ranchi,Metals & Steel,Steel Fabrication Technician,Northern Ranchi Metals and Steel Works 2,44,21,4.5,SYNTHETIC_DEVELOPMENT,SYNTHETIC_NAME_NOT_REAL_EMPLOYER
Jharkhand,Dhanbad,Metals & Steel,Steel Fabrication Technician,Southern Dhanbad Metals and Steel Works 3,44,30,4.5,SYNTHETIC_DEVELOPMENT,SYNTHETIC_NAME_NOT_REAL_EMPLOYER
Jharkhand,Jamshedpur,Metals & Steel,Furnace Operator,Western Jamshedpur Metals and Steel Works 1,29,12,4.5,SYNTHETIC_DEVELOPMENT,SYNTHETIC_NAME_NOT_REAL_EMPLOYER
Jharkhand,Ranchi,Metals & Steel,Furnace Operator,Northern Ranchi Metals and Steel Works 2,29,21,4.5,SYNTHETIC_DEVELOPMENT,SYNTHETIC_NAME_NOT_REAL_EMPLOYER
Jharkhand,Dhanbad,Metals & Steel,Furnace Operator,Southern Dhanbad Metals and Steel Works 3,29,30,4.5,SYNTHETIC_DEVELOPMENT,SYNTHETIC_NAME_NOT_REAL_EMPLOYER
Jharkhand,Jamshedpur,Metals & Steel,Mechanical Maintenance Technician,Western Jamshedpur Metals and Steel Works 1,18,12,4.5,SYNTHETIC_DEVELOPMENT,SYNTHETIC_NAME_NOT_REAL_EMPLOYER
Jharkhand,Ranchi,Metals & Steel,Mechanical Maintenance Technician,Northern Ranchi Metals and Steel Works 2,18,21,4.5,SYNTHETIC_DEVELOPMENT,SYNTHETIC_NAME_NOT_REAL_EMPLOYER
Jharkhand,Dhanbad,Metals & Steel,Mechanical Maintenance Technician,Southern Dhanbad Metals and Steel Works 3,18,30,4.5,SYNTHETIC_DEVELOPMENT,SYNTHETIC_NAME_NOT_REAL_EMPLOYER
Jharkhand,Jamshedpur,Mineral Processing,Mineral Processing Technician,Northern Jamshedpur Mineral Processing Works 1,37,19,5.8,SYNTHETIC_DEVELOPMENT,SYNTHETIC_NAME_NOT_REAL_EMPLOYER
Jharkhand,Ranchi,Mineral Processing,Mineral Processing Technician,Southern Ranchi Mineral Processing Works 2,37,28,5.8,SYNTHETIC_DEVELOPMENT,SYNTHETIC_NAME_NOT_REAL_EMPLOYER
Jharkhand,Dhanbad,Mineral Processing,Mineral Processing Technician,Central Dhanbad Mineral Processing Works 3,37,37,5.8,SYNTHETIC_DEVELOPMENT,SYNTHETIC_NAME_NOT_REAL_EMPLOYER
Jharkhand,Jamshedpur,Mineral Processing,Mineral Processing Operator,Northern Jamshedpur Mineral Processing Works 1,24,19,5.8,SYNTHETIC_DEVELOPMENT,SYNTHETIC_NAME_NOT_REAL_EMPLOYER
Jharkhand,Ranchi,Mineral Processing,Mineral Processing Operator,Southern Ranchi Mineral Processing Works 2,24,28,5.8,SYNTHETIC_DEVELOPMENT,SYNTHETIC_NAME_NOT_REAL_EMPLOYER
Jharkhand,Dhanbad,Mineral Processing,Mineral Processing Operator,Central Dhanbad Mineral Processing Works 3,24,37,5.8,SYNTHETIC_DEVELOPMENT,SYNTHETIC_NAME_NOT_REAL_EMPLOYER
Jharkhand,Jamshedpur,Mineral Processing,Mineral Processing Associate,Northern Jamshedpur Mineral Processing Works 1,15,19,5.8,SYNTHETIC_DEVELOPMENT,SYNTHETIC_NAME_NOT_REAL_EMPLOYER
Jharkhand,Ranchi,Mineral Processing,Mineral Processing Associate,Southern Ranchi Mineral Processing Works 2,15,28,5.8,SYNTHETIC_DEVELOPMENT,SYNTHETIC_NAME_NOT_REAL_EMPLOYER
Jharkhand,Dhanbad,Mineral Processing,Mineral Processing Associate,Central Dhanbad Mineral Processing Works 3,15,37,5.8,SYNTHETIC_DEVELOPMENT,SYNTHETIC_NAME_NOT_REAL_EMPLOYER
Jharkhand,Jamshedpur,Energy & Utilities,Electrical Technician,Southern Jamshedpur Energy and Utilities Works 1,30,26,5.0,SYNTHETIC_DEVELOPMENT,SYNTHETIC_NAME_NOT_REAL_EMPLOYER
Jharkhand,Ranchi,Energy & Utilities,Electrical Technician,Central Ranchi Energy and Utilities Works 2,30,35,5.0,SYNTHETIC_DEVELOPMENT,SYNTHETIC_NAME_NOT_REAL_EMPLOYER
Jharkhand,Dhanbad,Energy & Utilities,Electrical Technician,Coastal Dhanbad Energy and Utilities Works 3,30,44,5.0,SYNTHETIC_DEVELOPMENT,SYNTHETIC_NAME_NOT_REAL_EMPLOYER
Jharkhand,Jamshedpur,Energy & Utilities,Power Plant Operator,Southern Jamshedpur Energy and Utilities Works 1,20,26,5.0,SYNTHETIC_DEVELOPMENT,SYNTHETIC_NAME_NOT_REAL_EMPLOYER
Jharkhand,Ranchi,Energy & Utilities,Power Plant Operator,Central Ranchi Energy and Utilities Works 2,20,35,5.0,SYNTHETIC_DEVELOPMENT,SYNTHETIC_NAME_NOT_REAL_EMPLOYER
Jharkhand,Dhanbad,Energy & Utilities,Power Plant Operator,Coastal Dhanbad Energy and Utilities Works 3,20,44,5.0,SYNTHETIC_DEVELOPMENT,SYNTHETIC_NAME_NOT_REAL_EMPLOYER
Jharkhand,Jamshedpur,Energy & Utilities,Maintenance Technician,Southern Jamshedpur Energy and Utilities Works 1,13,26,5.0,SYNTHETIC_DEVELOPMENT,SYNTHETIC_NAME_NOT_REAL_EMPLOYER
Jharkhand,Ranchi,Energy & Utilities,Maintenance Technician,Central Ranchi Energy and Utilities Works 2,13,35,5.0,SYNTHETIC_DEVELOPMENT,SYNTHETIC_NAME_NOT_REAL_EMPLOYER
Jharkhand,Dhanbad,Energy & Utilities,Maintenance Technician,Coastal Dhanbad Energy and Utilities Works 3,13,44,5.0,SYNTHETIC_DEVELOPMENT,SYNTHETIC_NAME_NOT_REAL_EMPLOYER
Jharkhand,Jamshedpur,Construction,Construction Site Supervisor,Central Jamshedpur Construction Works 1,25,33,4.5,SYNTHETIC_DEVELOPMENT,SYNTHETIC_NAME_NOT_REAL_EMPLOYER
Jharkhand,Ranchi,Construction,Construction Site Supervisor,Coastal Ranchi Construction Works 2,25,42,4.5,SYNTHETIC_DEVELOPMENT,SYNTHETIC_NAME_NOT_REAL_EMPLOYER
Jharkhand,Dhanbad,Construction,Construction Site Supervisor,Deccan Dhanbad Construction Works 3,25,51,4.5,SYNTHETIC_DEVELOPMENT,SYNTHETIC_NAME_NOT_REAL_EMPLOYER
Jharkhand,Jamshedpur,Construction,Mason,Central Jamshedpur Construction Works 1,17,33,4.5,SYNTHETIC_DEVELOPMENT,SYNTHETIC_NAME_NOT_REAL_EMPLOYER
Jharkhand,Ranchi,Construction,Mason,Coastal Ranchi Construction Works 2,17,42,4.5,SYNTHETIC_DEVELOPMENT,SYNTHETIC_NAME_NOT_REAL_EMPLOYER
Jharkhand,Dhanbad,Construction,Mason,Deccan Dhanbad Construction Works 3,17,51,4.5,SYNTHETIC_DEVELOPMENT,SYNTHETIC_NAME_NOT_REAL_EMPLOYER
Jharkhand,Jamshedpur,Construction,Heavy Equipment Operator,Central Jamshedpur Construction Works 1,10,33,4.5,SYNTHETIC_DEVELOPMENT,SYNTHETIC_NAME_NOT_REAL_EMPLOYER
Jharkhand,Ranchi,Construction,Heavy Equipment Operator,Coastal Ranchi Construction Works 2,10,42,4.5,SYNTHETIC_DEVELOPMENT,SYNTHETIC_NAME_NOT_REAL_EMPLOYER
Jharkhand,Dhanbad,Construction,Heavy Equipment Operator,Deccan Dhanbad Construction Works 3,10,51,4.5,SYNTHETIC_DEVELOPMENT,SYNTHETIC_NAME_NOT_REAL_EMPLOYER
Jharkhand,Jamshedpur,Engineering & Manufacturing,CNC Machine Operator,Coastal Jamshedpur Engineering and Manufacturing Works 1,20,40,5.8,SYNTHETIC_DEVELOPMENT,SYNTHETIC_NAME_NOT_REAL_EMPLOYER
Jharkhand,Ranchi,Engineering & Manufacturing,CNC Machine Operator,Deccan Ranchi Engineering and Manufacturing Works 2,20,49,5.8,SYNTHETIC_DEVELOPMENT,SYNTHETIC_NAME_NOT_REAL_EMPLOYER
Jharkhand,Dhanbad,Engineering & Manufacturing,CNC Machine Operator,Frontier Dhanbad Engineering and Manufacturing Works 3,20,58,5.8,SYNTHETIC_DEVELOPMENT,SYNTHETIC_NAME_NOT_REAL_EMPLOYER
Jharkhand,Jamshedpur,Engineering & Manufacturing,Production Technician,Coastal Jamshedpur Engineering and Manufacturing Works 1,14,40,5.8,SYNTHETIC_DEVELOPMENT,SYNTHETIC_NAME_NOT_REAL_EMPLOYER
Jharkhand,Ranchi,Engineering & Manufacturing,Production Technician,Deccan Ranchi Engineering and Manufacturing Works 2,14,49,5.8,SYNTHETIC_DEVELOPMENT,SYNTHETIC_NAME_NOT_REAL_EMPLOYER
Jharkhand,Dhanbad,Engineering & Manufacturing,Production Technician,Frontier Dhanbad Engineering and Manufacturing Works 3,14,58,5.8,SYNTHETIC_DEVELOPMENT,SYNTHETIC_NAME_NOT_REAL_EMPLOYER
Jharkhand,Jamshedpur,Engineering & Manufacturing,Quality Inspector,Coastal Jamshedpur Engineering and Manufacturing Works 1,9,40,5.8,SYNTHETIC_DEVELOPMENT,SYNTHETIC_NAME_NOT_REAL_EMPLOYER
Jharkhand,Ranchi,Engineering & Manufacturing,Quality Inspector,Deccan Ranchi Engineering and Manufacturing Works 2,9,49,5.8,SYNTHETIC_DEVELOPMENT,SYNTHETIC_NAME_NOT_REAL_EMPLOYER
Jharkhand,Dhanbad,Engineering & Manufacturing,Quality Inspector,Frontier Dhanbad Engineering and Manufacturing Works 3,9,58,5.8,SYNTHETIC_DEVELOPMENT,SYNTHETIC_NAME_NOT_REAL_EMPLOYER
Karnataka,Bengaluru,Information Technology,Software Developer,Eastern Bengaluru Information Technology Works 1,125,5,9.4,SYNTHETIC_DEVELOPMENT,SYNTHETIC_NAME_NOT_REAL_EMPLOYER
Karnataka,Mysuru,Information Technology,Software Developer,Western Mysuru Information Technology Works 2,125,14,9.4,SYNTHETIC_DEVELOPMENT,SYNTHETIC_NAME_NOT_REAL_EMPLOYER
Karnataka,Hubballi,Information Technology,Software Developer,Northern Hubballi Information Technology Works 3,125,23,9.4,SYNTHETIC_DEVELOPMENT,SYNTHETIC_NAME_NOT_REAL_EMPLOYER
Karnataka,Bengaluru,Information Technology,Cloud Support Associate,Eastern Bengaluru Information Technology Works 1,83,5,9.4,SYNTHETIC_DEVELOPMENT,SYNTHETIC_NAME_NOT_REAL_EMPLOYER
Karnataka,Mysuru,Information Technology,Cloud Support Associate,Western Mysuru Information Technology Works 2,83,14,9.4,SYNTHETIC_DEVELOPMENT,SYNTHETIC_NAME_NOT_REAL_EMPLOYER
Karnataka,Hubballi,Information Technology,Cloud Support Associate,Northern Hubballi Information Technology Works 3,83,23,9.4,SYNTHETIC_DEVELOPMENT,SYNTHETIC_NAME_NOT_REAL_EMPLOYER
Karnataka,Bengaluru,Information Technology,Data Analyst,Eastern Bengaluru Information Technology Works 1,52,5,9.4,SYNTHETIC_DEVELOPMENT,SYNTHETIC_NAME_NOT_REAL_EMPLOYER
Karnataka,Mysuru,Information Technology,Data Analyst,Western Mysuru Information Technology Works 2,52,14,9.4,SYNTHETIC_DEVELOPMENT,SYNTHETIC_NAME_NOT_REAL_EMPLOYER
Karnataka,Hubballi,Information Technology,Data Analyst,Northern Hubballi Information Technology Works 3,52,23,9.4,SYNTHETIC_DEVELOPMENT,SYNTHETIC_NAME_NOT_REAL_EMPLOYER
Karnataka,Bengaluru,Electronics,Electronics Test Technician,Western Bengaluru Electronics Works 1,102,12,10.2,SYNTHETIC_DEVELOPMENT,SYNTHETIC_NAME_NOT_REAL_EMPLOYER
Karnataka,Mysuru,Electronics,Electronics Test Technician,Northern Mysuru Electronics Works 2,102,21,10.2,SYNTHETIC_DEVELOPMENT,SYNTHETIC_NAME_NOT_REAL_EMPLOYER
Karnataka,Hubballi,Electronics,Electronics Test Technician,Southern Hubballi Electronics Works 3,102,30,10.2,SYNTHETIC_DEVELOPMENT,SYNTHETIC_NAME_NOT_REAL_EMPLOYER
Karnataka,Bengaluru,Electronics,Embedded Systems Technician,Western Bengaluru Electronics Works 1,68,12,10.2,SYNTHETIC_DEVELOPMENT,SYNTHETIC_NAME_NOT_REAL_EMPLOYER
Karnataka,Mysuru,Electronics,Embedded Systems Technician,Northern Mysuru Electronics Works 2,68,21,10.2,SYNTHETIC_DEVELOPMENT,SYNTHETIC_NAME_NOT_REAL_EMPLOYER
Karnataka,Hubballi,Electronics,Embedded Systems Technician,Southern Hubballi Electronics Works 3,68,30,10.2,SYNTHETIC_DEVELOPMENT,SYNTHETIC_NAME_NOT_REAL_EMPLOYER
Karnataka,Bengaluru,Electronics,Production Quality Inspector,Western Bengaluru Electronics Works 1,43,12,10.2,SYNTHETIC_DEVELOPMENT,SYNTHETIC_NAME_NOT_REAL_EMPLOYER
Karnataka,Mysuru,Electronics,Production Quality Inspector,Northern Mysuru Electronics Works 2,43,21,10.2,SYNTHETIC_DEVELOPMENT,SYNTHETIC_NAME_NOT_REAL_EMPLOYER
Karnataka,Hubballi,Electronics,Production Quality Inspector,Southern Hubballi Electronics Works 3,43,30,10.2,SYNTHETIC_DEVELOPMENT,SYNTHETIC_NAME_NOT_REAL_EMPLOYER
Karnataka,Bengaluru,Aerospace & Advanced Manufacturing,Aerospace Production Technician,Northern Bengaluru Aerospace and Advanced Manufacturing Works 1,85,19,8.2,SYNTHETIC_DEVELOPMENT,SYNTHETIC_NAME_NOT_REAL_EMPLOYER
Karnataka,Mysuru,Aerospace & Advanced Manufacturing,Aerospace Production Technician,Southern Mysuru Aerospace and Advanced Manufacturing Works 2,85,28,8.2,SYNTHETIC_DEVELOPMENT,SYNTHETIC_NAME_NOT_REAL_EMPLOYER
Karnataka,Hubballi,Aerospace & Advanced Manufacturing,Aerospace Production Technician,Central Hubballi Aerospace and Advanced Manufacturing Works 3,85,37,8.2,SYNTHETIC_DEVELOPMENT,SYNTHETIC_NAME_NOT_REAL_EMPLOYER
Karnataka,Bengaluru,Aerospace & Advanced Manufacturing,CNC Programmer,Northern Bengaluru Aerospace and Advanced Manufacturing Works 1,57,19,8.2,SYNTHETIC_DEVELOPMENT,SYNTHETIC_NAME_NOT_REAL_EMPLOYER
Karnataka,Mysuru,Aerospace & Advanced Manufacturing,CNC Programmer,Southern Mysuru Aerospace and Advanced Manufacturing Works 2,57,28,8.2,SYNTHETIC_DEVELOPMENT,SYNTHETIC_NAME_NOT_REAL_EMPLOYER
Karnataka,Hubballi,Aerospace & Advanced Manufacturing,CNC Programmer,Central Hubballi Aerospace and Advanced Manufacturing Works 3,57,37,8.2,SYNTHETIC_DEVELOPMENT,SYNTHETIC_NAME_NOT_REAL_EMPLOYER
Karnataka,Bengaluru,Aerospace & Advanced Manufacturing,Quality Assurance Technician,Northern Bengaluru Aerospace and Advanced Manufacturing Works 1,35,19,8.2,SYNTHETIC_DEVELOPMENT,SYNTHETIC_NAME_NOT_REAL_EMPLOYER
Karnataka,Mysuru,Aerospace & Advanced Manufacturing,Quality Assurance Technician,Southern Mysuru Aerospace and Advanced Manufacturing Works 2,35,28,8.2,SYNTHETIC_DEVELOPMENT,SYNTHETIC_NAME_NOT_REAL_EMPLOYER
Karnataka,Hubballi,Aerospace & Advanced Manufacturing,Quality Assurance Technician,Central Hubballi Aerospace and Advanced Manufacturing Works 3,35,37,8.2,SYNTHETIC_DEVELOPMENT,SYNTHETIC_NAME_NOT_REAL_EMPLOYER
Karnataka,Bengaluru,Automotive,Automotive Technician,Southern Bengaluru Automotive Works 1,70,26,6.0,SYNTHETIC_DEVELOPMENT,SYNTHETIC_NAME_NOT_REAL_EMPLOYER
Karnataka,Mysuru,Automotive,Automotive Technician,Central Mysuru Automotive Works 2,70,35,6.0,SYNTHETIC_DEVELOPMENT,SYNTHETIC_NAME_NOT_REAL_EMPLOYER
Karnataka,Hubballi,Automotive,Automotive Technician,Coastal Hubballi Automotive Works 3,70,44,6.0,SYNTHETIC_DEVELOPMENT,SYNTHETIC_NAME_NOT_REAL_EMPLOYER
Karnataka,Bengaluru,Automotive,CNC Machine Operator,Southern Bengaluru Automotive Works 1,47,26,6.0,SYNTHETIC_DEVELOPMENT,SYNTHETIC_NAME_NOT_REAL_EMPLOYER
Karnataka,Mysuru,Automotive,CNC Machine Operator,Central Mysuru Automotive Works 2,47,35,6.0,SYNTHETIC_DEVELOPMENT,SYNTHETIC_NAME_NOT_REAL_EMPLOYER
Karnataka,Hubballi,Automotive,CNC Machine Operator,Coastal Hubballi Automotive Works 3,47,44,6.0,SYNTHETIC_DEVELOPMENT,SYNTHETIC_NAME_NOT_REAL_EMPLOYER
Karnataka,Bengaluru,Automotive,Automotive Quality Inspector,Southern Bengaluru Automotive Works 1,29,26,6.0,SYNTHETIC_DEVELOPMENT,SYNTHETIC_NAME_NOT_REAL_EMPLOYER
Karnataka,Mysuru,Automotive,Automotive Quality Inspector,Central Mysuru Automotive Works 2,29,35,6.0,SYNTHETIC_DEVELOPMENT,SYNTHETIC_NAME_NOT_REAL_EMPLOYER
Karnataka,Hubballi,Automotive,Automotive Quality Inspector,Coastal Hubballi Automotive Works 3,29,44,6.0,SYNTHETIC_DEVELOPMENT,SYNTHETIC_NAME_NOT_REAL_EMPLOYER
Karnataka,Bengaluru,Life Sciences,Laboratory Technician,Central Bengaluru Life Sciences Works 1,57,33,9.0,SYNTHETIC_DEVELOPMENT,SYNTHETIC_NAME_NOT_REAL_EMPLOYER
Karnataka,Mysuru,Life Sciences,Laboratory Technician,Coastal Mysuru Life Sciences Works 2,57,42,9.0,SYNTHETIC_DEVELOPMENT,SYNTHETIC_NAME_NOT_REAL_EMPLOYER
Karnataka,Hubballi,Life Sciences,Laboratory Technician,Deccan Hubballi Life Sciences Works 3,57,51,9.0,SYNTHETIC_DEVELOPMENT,SYNTHETIC_NAME_NOT_REAL_EMPLOYER
Karnataka,Bengaluru,Life Sciences,Bioprocess Technician,Central Bengaluru Life Sciences Works 1,38,33,9.0,SYNTHETIC_DEVELOPMENT,SYNTHETIC_NAME_NOT_REAL_EMPLOYER
Karnataka,Mysuru,Life Sciences,Bioprocess Technician,Coastal Mysuru Life Sciences Works 2,38,42,9.0,SYNTHETIC_DEVELOPMENT,SYNTHETIC_NAME_NOT_REAL_EMPLOYER
Karnataka,Hubballi,Life Sciences,Bioprocess Technician,Deccan Hubballi Life Sciences Works 3,38,51,9.0,SYNTHETIC_DEVELOPMENT,SYNTHETIC_NAME_NOT_REAL_EMPLOYER
Karnataka,Bengaluru,Life Sciences,Quality Control Analyst,Central Bengaluru Life Sciences Works 1,24,33,9.0,SYNTHETIC_DEVELOPMENT,SYNTHETIC_NAME_NOT_REAL_EMPLOYER
Karnataka,Mysuru,Life Sciences,Quality Control Analyst,Coastal Mysuru Life Sciences Works 2,24,42,9.0,SYNTHETIC_DEVELOPMENT,SYNTHETIC_NAME_NOT_REAL_EMPLOYER
Karnataka,Hubballi,Life Sciences,Quality Control Analyst,Deccan Hubballi Life Sciences Works 3,24,51,9.0,SYNTHETIC_DEVELOPMENT,SYNTHETIC_NAME_NOT_REAL_EMPLOYER
Karnataka,Bengaluru,Information Technology,Software Developer,Coastal Bengaluru Information Technology Works 1,47,40,4.2,SYNTHETIC_DEVELOPMENT,SYNTHETIC_NAME_NOT_REAL_EMPLOYER
Karnataka,Mysuru,Information Technology,Software Developer,Deccan Mysuru Information Technology Works 2,47,49,4.2,SYNTHETIC_DEVELOPMENT,SYNTHETIC_NAME_NOT_REAL_EMPLOYER
Karnataka,Hubballi,Information Technology,Software Developer,Frontier Hubballi Information Technology Works 3,47,58,4.2,SYNTHETIC_DEVELOPMENT,SYNTHETIC_NAME_NOT_REAL_EMPLOYER
Karnataka,Bengaluru,Information Technology,Product Analyst,Coastal Bengaluru Information Technology Works 1,32,40,4.2,SYNTHETIC_DEVELOPMENT,SYNTHETIC_NAME_NOT_REAL_EMPLOYER
Karnataka,Mysuru,Information Technology,Product Analyst,Deccan Mysuru Information Technology Works 2,32,49,4.2,SYNTHETIC_DEVELOPMENT,SYNTHETIC_NAME_NOT_REAL_EMPLOYER
Karnataka,Hubballi,Information Technology,Product Analyst,Frontier Hubballi Information Technology Works 3,32,58,4.2,SYNTHETIC_DEVELOPMENT,SYNTHETIC_NAME_NOT_REAL_EMPLOYER
Karnataka,Bengaluru,Information Technology,Data Analyst,Coastal Bengaluru Information Technology Works 1,20,40,4.2,SYNTHETIC_DEVELOPMENT,SYNTHETIC_NAME_NOT_REAL_EMPLOYER
Karnataka,Mysuru,Information Technology,Data Analyst,Deccan Mysuru Information Technology Works 2,20,49,4.2,SYNTHETIC_DEVELOPMENT,SYNTHETIC_NAME_NOT_REAL_EMPLOYER
Karnataka,Hubballi,Information Technology,Data Analyst,Frontier Hubballi Information Technology Works 3,20,58,4.2,SYNTHETIC_DEVELOPMENT,SYNTHETIC_NAME_NOT_REAL_EMPLOYER
Kerala,Kochi,Healthcare,Medical Laboratory Technician,Eastern Kochi Healthcare Works 1,69,5,6.7,SYNTHETIC_DEVELOPMENT,SYNTHETIC_NAME_NOT_REAL_EMPLOYER
Kerala,Thiruvananthapuram,Healthcare,Medical Laboratory Technician,Western Thiruvananthapuram Healthcare Works 2,69,14,6.7,SYNTHETIC_DEVELOPMENT,SYNTHETIC_NAME_NOT_REAL_EMPLOYER
Kerala,Kozhikode,Healthcare,Medical Laboratory Technician,Northern Kozhikode Healthcare Works 3,69,23,6.7,SYNTHETIC_DEVELOPMENT,SYNTHETIC_NAME_NOT_REAL_EMPLOYER
Kerala,Kochi,Healthcare,Healthcare Support Associate,Eastern Kochi Healthcare Works 1,46,5,6.7,SYNTHETIC_DEVELOPMENT,SYNTHETIC_NAME_NOT_REAL_EMPLOYER
Kerala,Thiruvananthapuram,Healthcare,Healthcare Support Associate,Western Thiruvananthapuram Healthcare Works 2,46,14,6.7,SYNTHETIC_DEVELOPMENT,SYNTHETIC_NAME_NOT_REAL_EMPLOYER
Kerala,Kozhikode,Healthcare,Healthcare Support Associate,Northern Kozhikode Healthcare Works 3,46,23,6.7,SYNTHETIC_DEVELOPMENT,SYNTHETIC_NAME_NOT_REAL_EMPLOYER
Kerala,Kochi,Healthcare,Pharmacy Technician,Eastern Kochi Healthcare Works 1,29,5,6.7,SYNTHETIC_DEVELOPMENT,SYNTHETIC_NAME_NOT_REAL_EMPLOYER
Kerala,Thiruvananthapuram,Healthcare,Pharmacy Technician,Western Thiruvananthapuram Healthcare Works 2,29,14,6.7,SYNTHETIC_DEVELOPMENT,SYNTHETIC_NAME_NOT_REAL_EMPLOYER
Kerala,Kozhikode,Healthcare,Pharmacy Technician,Northern Kozhikode Healthcare Works 3,29,23,6.7,SYNTHETIC_DEVELOPMENT,SYNTHETIC_NAME_NOT_REAL_EMPLOYER
Kerala,Kochi,Tourism & Hospitality,Hotel Operations Associate,Western Kochi Tourism and Hospitality Works 1,56,12,8.4,SYNTHETIC_DEVELOPMENT,SYNTHETIC_NAME_NOT_REAL_EMPLOYER
Kerala,Thiruvananthapuram,Tourism & Hospitality,Hotel Operations Associate,Northern Thiruvananthapuram Tourism and Hospitality Works 2,56,21,8.4,SYNTHETIC_DEVELOPMENT,SYNTHETIC_NAME_NOT_REAL_EMPLOYER
Kerala,Kozhikode,Tourism & Hospitality,Hotel Operations Associate,Southern Kozhikode Tourism and Hospitality Works 3,56,30,8.4,SYNTHETIC_DEVELOPMENT,SYNTHETIC_NAME_NOT_REAL_EMPLOYER
Kerala,Kochi,Tourism & Hospitality,Food & Beverage Supervisor,Western Kochi Tourism and Hospitality Works 1,38,12,8.4,SYNTHETIC_DEVELOPMENT,SYNTHETIC_NAME_NOT_REAL_EMPLOYER
Kerala,Thiruvananthapuram,Tourism & Hospitality,Food & Beverage Supervisor,Northern Thiruvananthapuram Tourism and Hospitality Works 2,38,21,8.4,SYNTHETIC_DEVELOPMENT,SYNTHETIC_NAME_NOT_REAL_EMPLOYER
Kerala,Kozhikode,Tourism & Hospitality,Food & Beverage Supervisor,Southern Kozhikode Tourism and Hospitality Works 3,38,30,8.4,SYNTHETIC_DEVELOPMENT,SYNTHETIC_NAME_NOT_REAL_EMPLOYER
Kerala,Kochi,Tourism & Hospitality,Travel Operations Executive,Western Kochi Tourism and Hospitality Works 1,24,12,8.4,SYNTHETIC_DEVELOPMENT,SYNTHETIC_NAME_NOT_REAL_EMPLOYER
Kerala,Thiruvananthapuram,Tourism & Hospitality,Travel Operations Executive,Northern Thiruvananthapuram Tourism and Hospitality Works 2,24,21,8.4,SYNTHETIC_DEVELOPMENT,SYNTHETIC_NAME_NOT_REAL_EMPLOYER
Kerala,Kozhikode,Tourism & Hospitality,Travel Operations Executive,Southern Kozhikode Tourism and Hospitality Works 3,24,30,8.4,SYNTHETIC_DEVELOPMENT,SYNTHETIC_NAME_NOT_REAL_EMPLOYER
Kerala,Kochi,Information Technology,Software Developer,Northern Kochi Information Technology Works 1,47,19,9.0,SYNTHETIC_DEVELOPMENT,SYNTHETIC_NAME_NOT_REAL_EMPLOYER
Kerala,Thiruvananthapuram,Information Technology,Software Developer,Southern Thiruvananthapuram Information Technology Works 2,47,28,9.0,SYNTHETIC_DEVELOPMENT,SYNTHETIC_NAME_NOT_REAL_EMPLOYER
Kerala,Kozhikode,Information Technology,Software Developer,Central Kozhikode Information Technology Works 3,47,37,9.0,SYNTHETIC_DEVELOPMENT,SYNTHETIC_NAME_NOT_REAL_EMPLOYER
Kerala,Kochi,Information Technology,Cloud Support Associate,Northern Kochi Information Technology Works 1,31,19,9.0,SYNTHETIC_DEVELOPMENT,SYNTHETIC_NAME_NOT_REAL_EMPLOYER
Kerala,Thiruvananthapuram,Information Technology,Cloud Support Associate,Southern Thiruvananthapuram Information Technology Works 2,31,28,9.0,SYNTHETIC_DEVELOPMENT,SYNTHETIC_NAME_NOT_REAL_EMPLOYER
Kerala,Kozhikode,Information Technology,Cloud Support Associate,Central Kozhikode Information Technology Works 3,31,37,9.0,SYNTHETIC_DEVELOPMENT,SYNTHETIC_NAME_NOT_REAL_EMPLOYER
Kerala,Kochi,Information Technology,Data Analyst,Northern Kochi Information Technology Works 1,20,19,9.0,SYNTHETIC_DEVELOPMENT,SYNTHETIC_NAME_NOT_REAL_EMPLOYER
Kerala,Thiruvananthapuram,Information Technology,Data Analyst,Southern Thiruvananthapuram Information Technology Works 2,20,28,9.0,SYNTHETIC_DEVELOPMENT,SYNTHETIC_NAME_NOT_REAL_EMPLOYER
Kerala,Kozhikode,Information Technology,Data Analyst,Central Kozhikode Information Technology Works 3,20,37,9.0,SYNTHETIC_DEVELOPMENT,SYNTHETIC_NAME_NOT_REAL_EMPLOYER
Kerala,Kochi,Retail & Consumer Services,Retail Operations Supervisor,Southern Kochi Retail and Consumer Services Works 1,39,26,4.0,SYNTHETIC_DEVELOPMENT,SYNTHETIC_NAME_NOT_REAL_EMPLOYER
Kerala,Thiruvananthapuram,Retail & Consumer Services,Retail Operations Supervisor,Central Thiruvananthapuram Retail and Consumer Services Works 2,39,35,4.0,SYNTHETIC_DEVELOPMENT,SYNTHETIC_NAME_NOT_REAL_EMPLOYER
Kerala,Kozhikode,Retail & Consumer Services,Retail Operations Supervisor,Coastal Kozhikode Retail and Consumer Services Works 3,39,44,4.0,SYNTHETIC_DEVELOPMENT,SYNTHETIC_NAME_NOT_REAL_EMPLOYER
Kerala,Kochi,Retail & Consumer Services,Inventory Associate,Southern Kochi Retail and Consumer Services Works 1,26,26,4.0,SYNTHETIC_DEVELOPMENT,SYNTHETIC_NAME_NOT_REAL_EMPLOYER
Kerala,Thiruvananthapuram,Retail & Consumer Services,Inventory Associate,Central Thiruvananthapuram Retail and Consumer Services Works 2,26,35,4.0,SYNTHETIC_DEVELOPMENT,SYNTHETIC_NAME_NOT_REAL_EMPLOYER
Kerala,Kozhikode,Retail & Consumer Services,Inventory Associate,Coastal Kozhikode Retail and Consumer Services Works 3,26,44,4.0,SYNTHETIC_DEVELOPMENT,SYNTHETIC_NAME_NOT_REAL_EMPLOYER
Kerala,Kochi,Retail & Consumer Services,Customer Operations Associate,Southern Kochi Retail and Consumer Services Works 1,16,26,4.0,SYNTHETIC_DEVELOPMENT,SYNTHETIC_NAME_NOT_REAL_EMPLOYER
Kerala,Thiruvananthapuram,Retail & Consumer Services,Customer Operations Associate,Central Thiruvananthapuram Retail and Consumer Services Works 2,16,35,4.0,SYNTHETIC_DEVELOPMENT,SYNTHETIC_NAME_NOT_REAL_EMPLOYER
Kerala,Kozhikode,Retail & Consumer Services,Customer Operations Associate,Coastal Kozhikode Retail and Consumer Services Works 3,16,44,4.0,SYNTHETIC_DEVELOPMENT,SYNTHETIC_NAME_NOT_REAL_EMPLOYER
Kerala,Kochi,Logistics,Warehouse Supervisor,Central Kochi Logistics Works 1,32,33,7.2,SYNTHETIC_DEVELOPMENT,SYNTHETIC_NAME_NOT_REAL_EMPLOYER
Kerala,Thiruvananthapuram,Logistics,Warehouse Supervisor,Coastal Thiruvananthapuram Logistics Works 2,32,42,7.2,SYNTHETIC_DEVELOPMENT,SYNTHETIC_NAME_NOT_REAL_EMPLOYER
Kerala,Kozhikode,Logistics,Warehouse Supervisor,Deccan Kozhikode Logistics Works 3,32,51,7.2,SYNTHETIC_DEVELOPMENT,SYNTHETIC_NAME_NOT_REAL_EMPLOYER
Kerala,Kochi,Logistics,Inventory Controller,Central Kochi Logistics Works 1,21,33,7.2,SYNTHETIC_DEVELOPMENT,SYNTHETIC_NAME_NOT_REAL_EMPLOYER
Kerala,Thiruvananthapuram,Logistics,Inventory Controller,Coastal Thiruvananthapuram Logistics Works 2,21,42,7.2,SYNTHETIC_DEVELOPMENT,SYNTHETIC_NAME_NOT_REAL_EMPLOYER
Kerala,Kozhikode,Logistics,Inventory Controller,Deccan Kozhikode Logistics Works 3,21,51,7.2,SYNTHETIC_DEVELOPMENT,SYNTHETIC_NAME_NOT_REAL_EMPLOYER
Kerala,Kochi,Logistics,Transport Operations Associate,Central Kochi Logistics Works 1,13,33,7.2,SYNTHETIC_DEVELOPMENT,SYNTHETIC_NAME_NOT_REAL_EMPLOYER
Kerala,Thiruvananthapuram,Logistics,Transport Operations Associate,Coastal Thiruvananthapuram Logistics Works 2,13,42,7.2,SYNTHETIC_DEVELOPMENT,SYNTHETIC_NAME_NOT_REAL_EMPLOYER
Kerala,Kozhikode,Logistics,Transport Operations Associate,Deccan Kozhikode Logistics Works 3,13,51,7.2,SYNTHETIC_DEVELOPMENT,SYNTHETIC_NAME_NOT_REAL_EMPLOYER
Kerala,Kochi,Marine & Fisheries,Marine Engine Technician,Coastal Kochi Marine and Fisheries Works 1,26,40,5.8,SYNTHETIC_DEVELOPMENT,SYNTHETIC_NAME_NOT_REAL_EMPLOYER
Kerala,Thiruvananthapuram,Marine & Fisheries,Marine Engine Technician,Deccan Thiruvananthapuram Marine and Fisheries Works 2,26,49,5.8,SYNTHETIC_DEVELOPMENT,SYNTHETIC_NAME_NOT_REAL_EMPLOYER
Kerala,Kozhikode,Marine & Fisheries,Marine Engine Technician,Frontier Kozhikode Marine and Fisheries Works 3,26,58,5.8,SYNTHETIC_DEVELOPMENT,SYNTHETIC_NAME_NOT_REAL_EMPLOYER
Kerala,Kochi,Marine & Fisheries,Port Operations Assistant,Coastal Kochi Marine and Fisheries Works 1,17,40,5.8,SYNTHETIC_DEVELOPMENT,SYNTHETIC_NAME_NOT_REAL_EMPLOYER
Kerala,Thiruvananthapuram,Marine & Fisheries,Port Operations Assistant,Deccan Thiruvananthapuram Marine and Fisheries Works 2,17,49,5.8,SYNTHETIC_DEVELOPMENT,SYNTHETIC_NAME_NOT_REAL_EMPLOYER
Kerala,Kozhikode,Marine & Fisheries,Port Operations Assistant,Frontier Kozhikode Marine and Fisheries Works 3,17,58,5.8,SYNTHETIC_DEVELOPMENT,SYNTHETIC_NAME_NOT_REAL_EMPLOYER
Kerala,Kochi,Marine & Fisheries,Fisheries Technician,Coastal Kochi Marine and Fisheries Works 1,11,40,5.8,SYNTHETIC_DEVELOPMENT,SYNTHETIC_NAME_NOT_REAL_EMPLOYER
Kerala,Thiruvananthapuram,Marine & Fisheries,Fisheries Technician,Deccan Thiruvananthapuram Marine and Fisheries Works 2,11,49,5.8,SYNTHETIC_DEVELOPMENT,SYNTHETIC_NAME_NOT_REAL_EMPLOYER
Kerala,Kozhikode,Marine & Fisheries,Fisheries Technician,Frontier Kozhikode Marine and Fisheries Works 3,11,58,5.8,SYNTHETIC_DEVELOPMENT,SYNTHETIC_NAME_NOT_REAL_EMPLOYER
Madhya Pradesh,Indore,Agriculture,Farm Equipment Technician,Eastern Indore Agriculture Works 1,95,5,3.0,SYNTHETIC_DEVELOPMENT,SYNTHETIC_NAME_NOT_REAL_EMPLOYER
Madhya Pradesh,Bhopal,Agriculture,Farm Equipment Technician,Western Bhopal Agriculture Works 2,95,14,3.0,SYNTHETIC_DEVELOPMENT,SYNTHETIC_NAME_NOT_REAL_EMPLOYER
Madhya Pradesh,Jabalpur,Agriculture,Farm Equipment Technician,Northern Jabalpur Agriculture Works 3,95,23,3.0,SYNTHETIC_DEVELOPMENT,SYNTHETIC_NAME_NOT_REAL_EMPLOYER
Madhya Pradesh,Indore,Agriculture,Agriculture Field Technician,Eastern Indore Agriculture Works 1,63,5,3.0,SYNTHETIC_DEVELOPMENT,SYNTHETIC_NAME_NOT_REAL_EMPLOYER
Madhya Pradesh,Bhopal,Agriculture,Agriculture Field Technician,Western Bhopal Agriculture Works 2,63,14,3.0,SYNTHETIC_DEVELOPMENT,SYNTHETIC_NAME_NOT_REAL_EMPLOYER
Madhya Pradesh,Jabalpur,Agriculture,Agriculture Field Technician,Northern Jabalpur Agriculture Works 3,63,23,3.0,SYNTHETIC_DEVELOPMENT,SYNTHETIC_NAME_NOT_REAL_EMPLOYER
Madhya Pradesh,Indore,Agriculture,Irrigation Technician,Eastern Indore Agriculture Works 1,40,5,3.0,SYNTHETIC_DEVELOPMENT,SYNTHETIC_NAME_NOT_REAL_EMPLOYER
Madhya Pradesh,Bhopal,Agriculture,Irrigation Technician,Western Bhopal Agriculture Works 2,40,14,3.0,SYNTHETIC_DEVELOPMENT,SYNTHETIC_NAME_NOT_REAL_EMPLOYER
Madhya Pradesh,Jabalpur,Agriculture,Irrigation Technician,Northern Jabalpur Agriculture Works 3,40,23,3.0,SYNTHETIC_DEVELOPMENT,SYNTHETIC_NAME_NOT_REAL_EMPLOYER
Madhya Pradesh,Indore,Food Processing,Food Processing Technician,Western Indore Food Processing Works 1,78,12,6.7,SYNTHETIC_DEVELOPMENT,SYNTHETIC_NAME_NOT_REAL_EMPLOYER
Madhya Pradesh,Bhopal,Food Processing,Food Processing Technician,Northern Bhopal Food Processing Works 2,78,21,6.7,SYNTHETIC_DEVELOPMENT,SYNTHETIC_NAME_NOT_REAL_EMPLOYER
Madhya Pradesh,Jabalpur,Food Processing,Food Processing Technician,Southern Jabalpur Food Processing Works 3,78,30,6.7,SYNTHETIC_DEVELOPMENT,SYNTHETIC_NAME_NOT_REAL_EMPLOYER
Madhya Pradesh,Indore,Food Processing,Production Operator,Western Indore Food Processing Works 1,52,12,6.7,SYNTHETIC_DEVELOPMENT,SYNTHETIC_NAME_NOT_REAL_EMPLOYER
Madhya Pradesh,Bhopal,Food Processing,Production Operator,Northern Bhopal Food Processing Works 2,52,21,6.7,SYNTHETIC_DEVELOPMENT,SYNTHETIC_NAME_NOT_REAL_EMPLOYER
Madhya Pradesh,Jabalpur,Food Processing,Production Operator,Southern Jabalpur Food Processing Works 3,52,30,6.7,SYNTHETIC_DEVELOPMENT,SYNTHETIC_NAME_NOT_REAL_EMPLOYER
Madhya Pradesh,Indore,Food Processing,Quality Technician,Western Indore Food Processing Works 1,33,12,6.7,SYNTHETIC_DEVELOPMENT,SYNTHETIC_NAME_NOT_REAL_EMPLOYER
Madhya Pradesh,Bhopal,Food Processing,Quality Technician,Northern Bhopal Food Processing Works 2,33,21,6.7,SYNTHETIC_DEVELOPMENT,SYNTHETIC_NAME_NOT_REAL_EMPLOYER
Madhya Pradesh,Jabalpur,Food Processing,Quality Technician,Southern Jabalpur Food Processing Works 3,33,30,6.7,SYNTHETIC_DEVELOPMENT,SYNTHETIC_NAME_NOT_REAL_EMPLOYER
Madhya Pradesh,Indore,Automotive,Automotive Technician,Northern Indore Automotive Works 1,65,19,5.8,SYNTHETIC_DEVELOPMENT,SYNTHETIC_NAME_NOT_REAL_EMPLOYER
Madhya Pradesh,Bhopal,Automotive,Automotive Technician,Southern Bhopal Automotive Works 2,65,28,5.8,SYNTHETIC_DEVELOPMENT,SYNTHETIC_NAME_NOT_REAL_EMPLOYER
Madhya Pradesh,Jabalpur,Automotive,Automotive Technician,Central Jabalpur Automotive Works 3,65,37,5.8,SYNTHETIC_DEVELOPMENT,SYNTHETIC_NAME_NOT_REAL_EMPLOYER
Madhya Pradesh,Indore,Automotive,CNC Machine Operator,Northern Indore Automotive Works 1,43,19,5.8,SYNTHETIC_DEVELOPMENT,SYNTHETIC_NAME_NOT_REAL_EMPLOYER
Madhya Pradesh,Bhopal,Automotive,CNC Machine Operator,Southern Bhopal Automotive Works 2,43,28,5.8,SYNTHETIC_DEVELOPMENT,SYNTHETIC_NAME_NOT_REAL_EMPLOYER
Madhya Pradesh,Jabalpur,Automotive,CNC Machine Operator,Central Jabalpur Automotive Works 3,43,37,5.8,SYNTHETIC_DEVELOPMENT,SYNTHETIC_NAME_NOT_REAL_EMPLOYER
Madhya Pradesh,Indore,Automotive,Automotive Quality Inspector,Northern Indore Automotive Works 1,27,19,5.8,SYNTHETIC_DEVELOPMENT,SYNTHETIC_NAME_NOT_REAL_EMPLOYER
Madhya Pradesh,Bhopal,Automotive,Automotive Quality Inspector,Southern Bhopal Automotive Works 2,27,28,5.8,SYNTHETIC_DEVELOPMENT,SYNTHETIC_NAME_NOT_REAL_EMPLOYER
Madhya Pradesh,Jabalpur,Automotive,Automotive Quality Inspector,Central Jabalpur Automotive Works 3,27,37,5.8,SYNTHETIC_DEVELOPMENT,SYNTHETIC_NAME_NOT_REAL_EMPLOYER
Madhya Pradesh,Indore,Textiles & Apparel,Textile Machine Operator,Southern Indore Textiles and Apparel Works 1,53,26,4.5,SYNTHETIC_DEVELOPMENT,SYNTHETIC_NAME_NOT_REAL_EMPLOYER
Madhya Pradesh,Bhopal,Textiles & Apparel,Textile Machine Operator,Central Bhopal Textiles and Apparel Works 2,53,35,4.5,SYNTHETIC_DEVELOPMENT,SYNTHETIC_NAME_NOT_REAL_EMPLOYER
Madhya Pradesh,Jabalpur,Textiles & Apparel,Textile Machine Operator,Coastal Jabalpur Textiles and Apparel Works 3,53,44,4.5,SYNTHETIC_DEVELOPMENT,SYNTHETIC_NAME_NOT_REAL_EMPLOYER
Madhya Pradesh,Indore,Textiles & Apparel,Garment Production Supervisor,Southern Indore Textiles and Apparel Works 1,36,26,4.5,SYNTHETIC_DEVELOPMENT,SYNTHETIC_NAME_NOT_REAL_EMPLOYER
Madhya Pradesh,Bhopal,Textiles & Apparel,Garment Production Supervisor,Central Bhopal Textiles and Apparel Works 2,36,35,4.5,SYNTHETIC_DEVELOPMENT,SYNTHETIC_NAME_NOT_REAL_EMPLOYER
Madhya Pradesh,Jabalpur,Textiles & Apparel,Garment Production Supervisor,Coastal Jabalpur Textiles and Apparel Works 3,36,44,4.5,SYNTHETIC_DEVELOPMENT,SYNTHETIC_NAME_NOT_REAL_EMPLOYER
Madhya Pradesh,Indore,Textiles & Apparel,Quality Inspector - Textiles,Southern Indore Textiles and Apparel Works 1,22,26,4.5,SYNTHETIC_DEVELOPMENT,SYNTHETIC_NAME_NOT_REAL_EMPLOYER
Madhya Pradesh,Bhopal,Textiles & Apparel,Quality Inspector - Textiles,Central Bhopal Textiles and Apparel Works 2,22,35,4.5,SYNTHETIC_DEVELOPMENT,SYNTHETIC_NAME_NOT_REAL_EMPLOYER
Madhya Pradesh,Jabalpur,Textiles & Apparel,Quality Inspector - Textiles,Coastal Jabalpur Textiles and Apparel Works 3,22,44,4.5,SYNTHETIC_DEVELOPMENT,SYNTHETIC_NAME_NOT_REAL_EMPLOYER
Madhya Pradesh,Indore,Building Materials,Cement Plant Operator,Central Indore Building Materials Works 1,44,33,3.0,SYNTHETIC_DEVELOPMENT,SYNTHETIC_NAME_NOT_REAL_EMPLOYER
Madhya Pradesh,Bhopal,Building Materials,Cement Plant Operator,Coastal Bhopal Building Materials Works 2,44,42,3.0,SYNTHETIC_DEVELOPMENT,SYNTHETIC_NAME_NOT_REAL_EMPLOYER
Madhya Pradesh,Jabalpur,Building Materials,Cement Plant Operator,Deccan Jabalpur Building Materials Works 3,44,51,3.0,SYNTHETIC_DEVELOPMENT,SYNTHETIC_NAME_NOT_REAL_EMPLOYER
Madhya Pradesh,Indore,Building Materials,Mechanical Maintenance Technician,Central Indore Building Materials Works 1,29,33,3.0,SYNTHETIC_DEVELOPMENT,SYNTHETIC_NAME_NOT_REAL_EMPLOYER
Madhya Pradesh,Bhopal,Building Materials,Mechanical Maintenance Technician,Coastal Bhopal Building Materials Works 2,29,42,3.0,SYNTHETIC_DEVELOPMENT,SYNTHETIC_NAME_NOT_REAL_EMPLOYER
Madhya Pradesh,Jabalpur,Building Materials,Mechanical Maintenance Technician,Deccan Jabalpur Building Materials Works 3,29,51,3.0,SYNTHETIC_DEVELOPMENT,SYNTHETIC_NAME_NOT_REAL_EMPLOYER
Madhya Pradesh,Indore,Building Materials,Quality Control Technician,Central Indore Building Materials Works 1,18,33,3.0,SYNTHETIC_DEVELOPMENT,SYNTHETIC_NAME_NOT_REAL_EMPLOYER
Madhya Pradesh,Bhopal,Building Materials,Quality Control Technician,Coastal Bhopal Building Materials Works 2,18,42,3.0,SYNTHETIC_DEVELOPMENT,SYNTHETIC_NAME_NOT_REAL_EMPLOYER
Madhya Pradesh,Jabalpur,Building Materials,Quality Control Technician,Deccan Jabalpur Building Materials Works 3,18,51,3.0,SYNTHETIC_DEVELOPMENT,SYNTHETIC_NAME_NOT_REAL_EMPLOYER
Madhya Pradesh,Indore,Mining & Minerals,Mining Technician,Coastal Indore Mining and Minerals Works 1,36,40,2.5,SYNTHETIC_DEVELOPMENT,SYNTHETIC_NAME_NOT_REAL_EMPLOYER
Madhya Pradesh,Bhopal,Mining & Minerals,Mining Technician,Deccan Bhopal Mining and Minerals Works 2,36,49,2.5,SYNTHETIC_DEVELOPMENT,SYNTHETIC_NAME_NOT_REAL_EMPLOYER
Madhya Pradesh,Jabalpur,Mining & Minerals,Mining Technician,Frontier Jabalpur Mining and Minerals Works 3,36,58,2.5,SYNTHETIC_DEVELOPMENT,SYNTHETIC_NAME_NOT_REAL_EMPLOYER
Madhya Pradesh,Indore,Mining & Minerals,Heavy Equipment Operator,Coastal Indore Mining and Minerals Works 1,24,40,2.5,SYNTHETIC_DEVELOPMENT,SYNTHETIC_NAME_NOT_REAL_EMPLOYER
Madhya Pradesh,Bhopal,Mining & Minerals,Heavy Equipment Operator,Deccan Bhopal Mining and Minerals Works 2,24,49,2.5,SYNTHETIC_DEVELOPMENT,SYNTHETIC_NAME_NOT_REAL_EMPLOYER
Madhya Pradesh,Jabalpur,Mining & Minerals,Heavy Equipment Operator,Frontier Jabalpur Mining and Minerals Works 3,24,58,2.5,SYNTHETIC_DEVELOPMENT,SYNTHETIC_NAME_NOT_REAL_EMPLOYER
Madhya Pradesh,Indore,Mining & Minerals,Mine Safety Technician,Coastal Indore Mining and Minerals Works 1,15,40,2.5,SYNTHETIC_DEVELOPMENT,SYNTHETIC_NAME_NOT_REAL_EMPLOYER
Madhya Pradesh,Bhopal,Mining & Minerals,Mine Safety Technician,Deccan Bhopal Mining and Minerals Works 2,15,49,2.5,SYNTHETIC_DEVELOPMENT,SYNTHETIC_NAME_NOT_REAL_EMPLOYER
Madhya Pradesh,Jabalpur,Mining & Minerals,Mine Safety Technician,Frontier Jabalpur Mining and Minerals Works 3,15,58,2.5,SYNTHETIC_DEVELOPMENT,SYNTHETIC_NAME_NOT_REAL_EMPLOYER
Maharashtra,Mumbai,Financial Services,Banking Operations Associate,Eastern Mumbai Financial Services Works 1,197,5,8.9,SYNTHETIC_DEVELOPMENT,SYNTHETIC_NAME_NOT_REAL_EMPLOYER
Maharashtra,Pune,Financial Services,Banking Operations Associate,Western Pune Financial Services Works 2,197,14,8.9,SYNTHETIC_DEVELOPMENT,SYNTHETIC_NAME_NOT_REAL_EMPLOYER
Maharashtra,Nashik,Financial Services,Banking Operations Associate,Northern Nashik Financial Services Works 3,197,23,8.9,SYNTHETIC_DEVELOPMENT,SYNTHETIC_NAME_NOT_REAL_EMPLOYER
Maharashtra,Mumbai,Financial Services,Insurance Operations Associate,Eastern Mumbai Financial Services Works 1,131,5,8.9,SYNTHETIC_DEVELOPMENT,SYNTHETIC_NAME_NOT_REAL_EMPLOYER
Maharashtra,Pune,Financial Services,Insurance Operations Associate,Western Pune Financial Services Works 2,131,14,8.9,SYNTHETIC_DEVELOPMENT,SYNTHETIC_NAME_NOT_REAL_EMPLOYER
Maharashtra,Nashik,Financial Services,Insurance Operations Associate,Northern Nashik Financial Services Works 3,131,23,8.9,SYNTHETIC_DEVELOPMENT,SYNTHETIC_NAME_NOT_REAL_EMPLOYER
Maharashtra,Mumbai,Financial Services,Financial Services Associate,Eastern Mumbai Financial Services Works 1,82,5,8.9,SYNTHETIC_DEVELOPMENT,SYNTHETIC_NAME_NOT_REAL_EMPLOYER
Maharashtra,Pune,Financial Services,Financial Services Associate,Western Pune Financial Services Works 2,82,14,8.9,SYNTHETIC_DEVELOPMENT,SYNTHETIC_NAME_NOT_REAL_EMPLOYER
Maharashtra,Nashik,Financial Services,Financial Services Associate,Northern Nashik Financial Services Works 3,82,23,8.9,SYNTHETIC_DEVELOPMENT,SYNTHETIC_NAME_NOT_REAL_EMPLOYER
Maharashtra,Mumbai,Information Technology,Software Developer,Western Mumbai Information Technology Works 1,161,12,10.2,SYNTHETIC_DEVELOPMENT,SYNTHETIC_NAME_NOT_REAL_EMPLOYER
Maharashtra,Pune,Information Technology,Software Developer,Northern Pune Information Technology Works 2,161,21,10.2,SYNTHETIC_DEVELOPMENT,SYNTHETIC_NAME_NOT_REAL_EMPLOYER
Maharashtra,Nashik,Information Technology,Software Developer,Southern Nashik Information Technology Works 3,161,30,10.2,SYNTHETIC_DEVELOPMENT,SYNTHETIC_NAME_NOT_REAL_EMPLOYER
Maharashtra,Mumbai,Information Technology,Cloud Support Associate,Western Mumbai Information Technology Works 1,108,12,10.2,SYNTHETIC_DEVELOPMENT,SYNTHETIC_NAME_NOT_REAL_EMPLOYER
Maharashtra,Pune,Information Technology,Cloud Support Associate,Northern Pune Information Technology Works 2,108,21,10.2,SYNTHETIC_DEVELOPMENT,SYNTHETIC_NAME_NOT_REAL_EMPLOYER
Maharashtra,Nashik,Information Technology,Cloud Support Associate,Southern Nashik Information Technology Works 3,108,30,10.2,SYNTHETIC_DEVELOPMENT,SYNTHETIC_NAME_NOT_REAL_EMPLOYER
Maharashtra,Mumbai,Information Technology,Data Analyst,Western Mumbai Information Technology Works 1,67,12,10.2,SYNTHETIC_DEVELOPMENT,SYNTHETIC_NAME_NOT_REAL_EMPLOYER
Maharashtra,Pune,Information Technology,Data Analyst,Northern Pune Information Technology Works 2,67,21,10.2,SYNTHETIC_DEVELOPMENT,SYNTHETIC_NAME_NOT_REAL_EMPLOYER
Maharashtra,Nashik,Information Technology,Data Analyst,Southern Nashik Information Technology Works 3,67,30,10.2,SYNTHETIC_DEVELOPMENT,SYNTHETIC_NAME_NOT_REAL_EMPLOYER
Maharashtra,Mumbai,Automotive,Automotive Technician,Northern Mumbai Automotive Works 1,134,19,6.2,SYNTHETIC_DEVELOPMENT,SYNTHETIC_NAME_NOT_REAL_EMPLOYER
Maharashtra,Pune,Automotive,Automotive Technician,Southern Pune Automotive Works 2,134,28,6.2,SYNTHETIC_DEVELOPMENT,SYNTHETIC_NAME_NOT_REAL_EMPLOYER
Maharashtra,Nashik,Automotive,Automotive Technician,Central Nashik Automotive Works 3,134,37,6.2,SYNTHETIC_DEVELOPMENT,SYNTHETIC_NAME_NOT_REAL_EMPLOYER
Maharashtra,Mumbai,Automotive,CNC Machine Operator,Northern Mumbai Automotive Works 1,89,19,6.2,SYNTHETIC_DEVELOPMENT,SYNTHETIC_NAME_NOT_REAL_EMPLOYER
Maharashtra,Pune,Automotive,CNC Machine Operator,Southern Pune Automotive Works 2,89,28,6.2,SYNTHETIC_DEVELOPMENT,SYNTHETIC_NAME_NOT_REAL_EMPLOYER
Maharashtra,Nashik,Automotive,CNC Machine Operator,Central Nashik Automotive Works 3,89,37,6.2,SYNTHETIC_DEVELOPMENT,SYNTHETIC_NAME_NOT_REAL_EMPLOYER
Maharashtra,Mumbai,Automotive,Automotive Quality Inspector,Northern Mumbai Automotive Works 1,56,19,6.2,SYNTHETIC_DEVELOPMENT,SYNTHETIC_NAME_NOT_REAL_EMPLOYER
Maharashtra,Pune,Automotive,Automotive Quality Inspector,Southern Pune Automotive Works 2,56,28,6.2,SYNTHETIC_DEVELOPMENT,SYNTHETIC_NAME_NOT_REAL_EMPLOYER
Maharashtra,Nashik,Automotive,Automotive Quality Inspector,Central Nashik Automotive Works 3,56,37,6.2,SYNTHETIC_DEVELOPMENT,SYNTHETIC_NAME_NOT_REAL_EMPLOYER
Maharashtra,Mumbai,Engineering & Manufacturing,CNC Machine Operator,Southern Mumbai Engineering and Manufacturing Works 1,110,26,6.0,SYNTHETIC_DEVELOPMENT,SYNTHETIC_NAME_NOT_REAL_EMPLOYER
Maharashtra,Pune,Engineering & Manufacturing,CNC Machine Operator,Central Pune Engineering and Manufacturing Works 2,110,35,6.0,SYNTHETIC_DEVELOPMENT,SYNTHETIC_NAME_NOT_REAL_EMPLOYER
Maharashtra,Nashik,Engineering & Manufacturing,CNC Machine Operator,Coastal Nashik Engineering and Manufacturing Works 3,110,44,6.0,SYNTHETIC_DEVELOPMENT,SYNTHETIC_NAME_NOT_REAL_EMPLOYER
Maharashtra,Mumbai,Engineering & Manufacturing,Production Technician,Southern Mumbai Engineering and Manufacturing Works 1,73,26,6.0,SYNTHETIC_DEVELOPMENT,SYNTHETIC_NAME_NOT_REAL_EMPLOYER
Maharashtra,Pune,Engineering & Manufacturing,Production Technician,Central Pune Engineering and Manufacturing Works 2,73,35,6.0,SYNTHETIC_DEVELOPMENT,SYNTHETIC_NAME_NOT_REAL_EMPLOYER
Maharashtra,Nashik,Engineering & Manufacturing,Production Technician,Coastal Nashik Engineering and Manufacturing Works 3,73,44,6.0,SYNTHETIC_DEVELOPMENT,SYNTHETIC_NAME_NOT_REAL_EMPLOYER
Maharashtra,Mumbai,Engineering & Manufacturing,Quality Inspector,Southern Mumbai Engineering and Manufacturing Works 1,46,26,6.0,SYNTHETIC_DEVELOPMENT,SYNTHETIC_NAME_NOT_REAL_EMPLOYER
Maharashtra,Pune,Engineering & Manufacturing,Quality Inspector,Central Pune Engineering and Manufacturing Works 2,46,35,6.0,SYNTHETIC_DEVELOPMENT,SYNTHETIC_NAME_NOT_REAL_EMPLOYER
Maharashtra,Nashik,Engineering & Manufacturing,Quality Inspector,Coastal Nashik Engineering and Manufacturing Works 3,46,44,6.0,SYNTHETIC_DEVELOPMENT,SYNTHETIC_NAME_NOT_REAL_EMPLOYER
Maharashtra,Mumbai,Pharmaceuticals,Pharmaceutical Production Technician,Central Mumbai Pharmaceuticals Works 1,91,33,6.8,SYNTHETIC_DEVELOPMENT,SYNTHETIC_NAME_NOT_REAL_EMPLOYER
Maharashtra,Pune,Pharmaceuticals,Pharmaceutical Production Technician,Coastal Pune Pharmaceuticals Works 2,91,42,6.8,SYNTHETIC_DEVELOPMENT,SYNTHETIC_NAME_NOT_REAL_EMPLOYER
Maharashtra,Nashik,Pharmaceuticals,Pharmaceutical Production Technician,Deccan Nashik Pharmaceuticals Works 3,91,51,6.8,SYNTHETIC_DEVELOPMENT,SYNTHETIC_NAME_NOT_REAL_EMPLOYER
Maharashtra,Mumbai,Pharmaceuticals,Quality Control Technician,Central Mumbai Pharmaceuticals Works 1,60,33,6.8,SYNTHETIC_DEVELOPMENT,SYNTHETIC_NAME_NOT_REAL_EMPLOYER
Maharashtra,Pune,Pharmaceuticals,Quality Control Technician,Coastal Pune Pharmaceuticals Works 2,60,42,6.8,SYNTHETIC_DEVELOPMENT,SYNTHETIC_NAME_NOT_REAL_EMPLOYER
Maharashtra,Nashik,Pharmaceuticals,Quality Control Technician,Deccan Nashik Pharmaceuticals Works 3,60,51,6.8,SYNTHETIC_DEVELOPMENT,SYNTHETIC_NAME_NOT_REAL_EMPLOYER
Maharashtra,Mumbai,Pharmaceuticals,Packaging Machine Operator,Central Mumbai Pharmaceuticals Works 1,38,33,6.8,SYNTHETIC_DEVELOPMENT,SYNTHETIC_NAME_NOT_REAL_EMPLOYER
Maharashtra,Pune,Pharmaceuticals,Packaging Machine Operator,Coastal Pune Pharmaceuticals Works 2,38,42,6.8,SYNTHETIC_DEVELOPMENT,SYNTHETIC_NAME_NOT_REAL_EMPLOYER
Maharashtra,Nashik,Pharmaceuticals,Packaging Machine Operator,Deccan Nashik Pharmaceuticals Works 3,38,51,6.8,SYNTHETIC_DEVELOPMENT,SYNTHETIC_NAME_NOT_REAL_EMPLOYER
Maharashtra,Mumbai,Media & Creative Services,Video Editor,Coastal Mumbai Media and Creative Services Works 1,75,40,5.8,SYNTHETIC_DEVELOPMENT,SYNTHETIC_NAME_NOT_REAL_EMPLOYER
Maharashtra,Pune,Media & Creative Services,Video Editor,Deccan Pune Media and Creative Services Works 2,75,49,5.8,SYNTHETIC_DEVELOPMENT,SYNTHETIC_NAME_NOT_REAL_EMPLOYER
Maharashtra,Nashik,Media & Creative Services,Video Editor,Frontier Nashik Media and Creative Services Works 3,75,58,5.8,SYNTHETIC_DEVELOPMENT,SYNTHETIC_NAME_NOT_REAL_EMPLOYER
Maharashtra,Mumbai,Media & Creative Services,Digital Content Associate,Coastal Mumbai Media and Creative Services Works 1,50,40,5.8,SYNTHETIC_DEVELOPMENT,SYNTHETIC_NAME_NOT_REAL_EMPLOYER
Maharashtra,Pune,Media & Creative Services,Digital Content Associate,Deccan Pune Media and Creative Services Works 2,50,49,5.8,SYNTHETIC_DEVELOPMENT,SYNTHETIC_NAME_NOT_REAL_EMPLOYER
Maharashtra,Nashik,Media & Creative Services,Digital Content Associate,Frontier Nashik Media and Creative Services Works 3,50,58,5.8,SYNTHETIC_DEVELOPMENT,SYNTHETIC_NAME_NOT_REAL_EMPLOYER
Maharashtra,Mumbai,Media & Creative Services,Graphic Production Assistant,Coastal Mumbai Media and Creative Services Works 1,31,40,5.8,SYNTHETIC_DEVELOPMENT,SYNTHETIC_NAME_NOT_REAL_EMPLOYER
Maharashtra,Pune,Media & Creative Services,Graphic Production Assistant,Deccan Pune Media and Creative Services Works 2,31,49,5.8,SYNTHETIC_DEVELOPMENT,SYNTHETIC_NAME_NOT_REAL_EMPLOYER
Maharashtra,Nashik,Media & Creative Services,Graphic Production Assistant,Frontier Nashik Media and Creative Services Works 3,31,58,5.8,SYNTHETIC_DEVELOPMENT,SYNTHETIC_NAME_NOT_REAL_EMPLOYER
Manipur,Imphal,Agriculture,Farm Equipment Technician,Eastern Imphal Agriculture Works 1,13,5,3.0,SYNTHETIC_DEVELOPMENT,SYNTHETIC_NAME_NOT_REAL_EMPLOYER
Manipur,Thoubal,Agriculture,Farm Equipment Technician,Western Thoubal Agriculture Works 2,13,14,3.0,SYNTHETIC_DEVELOPMENT,SYNTHETIC_NAME_NOT_REAL_EMPLOYER
Manipur,Churachandpur,Agriculture,Farm Equipment Technician,Northern Churachandpur Agriculture Works 3,13,23,3.0,SYNTHETIC_DEVELOPMENT,SYNTHETIC_NAME_NOT_REAL_EMPLOYER
Manipur,Imphal,Agriculture,Agriculture Field Technician,Eastern Imphal Agriculture Works 1,9,5,3.0,SYNTHETIC_DEVELOPMENT,SYNTHETIC_NAME_NOT_REAL_EMPLOYER
Manipur,Thoubal,Agriculture,Agriculture Field Technician,Western Thoubal Agriculture Works 2,9,14,3.0,SYNTHETIC_DEVELOPMENT,SYNTHETIC_NAME_NOT_REAL_EMPLOYER
Manipur,Churachandpur,Agriculture,Agriculture Field Technician,Northern Churachandpur Agriculture Works 3,9,23,3.0,SYNTHETIC_DEVELOPMENT,SYNTHETIC_NAME_NOT_REAL_EMPLOYER
Manipur,Imphal,Agriculture,Irrigation Technician,Eastern Imphal Agriculture Works 1,5,5,3.0,SYNTHETIC_DEVELOPMENT,SYNTHETIC_NAME_NOT_REAL_EMPLOYER
Manipur,Thoubal,Agriculture,Irrigation Technician,Western Thoubal Agriculture Works 2,5,14,3.0,SYNTHETIC_DEVELOPMENT,SYNTHETIC_NAME_NOT_REAL_EMPLOYER
Manipur,Churachandpur,Agriculture,Irrigation Technician,Northern Churachandpur Agriculture Works 3,5,23,3.0,SYNTHETIC_DEVELOPMENT,SYNTHETIC_NAME_NOT_REAL_EMPLOYER
Manipur,Imphal,Textiles & Handicrafts,Handloom Weaver,Western Imphal Textiles and Handicrafts Works 1,11,12,4.0,SYNTHETIC_DEVELOPMENT,SYNTHETIC_NAME_NOT_REAL_EMPLOYER
Manipur,Thoubal,Textiles & Handicrafts,Handloom Weaver,Northern Thoubal Textiles and Handicrafts Works 2,11,21,4.0,SYNTHETIC_DEVELOPMENT,SYNTHETIC_NAME_NOT_REAL_EMPLOYER
Manipur,Churachandpur,Textiles & Handicrafts,Handloom Weaver,Southern Churachandpur Textiles and Handicrafts Works 3,11,30,4.0,SYNTHETIC_DEVELOPMENT,SYNTHETIC_NAME_NOT_REAL_EMPLOYER
Manipur,Imphal,Textiles & Handicrafts,Textile Quality Inspector,Western Imphal Textiles and Handicrafts Works 1,7,12,4.0,SYNTHETIC_DEVELOPMENT,SYNTHETIC_NAME_NOT_REAL_EMPLOYER
Manipur,Thoubal,Textiles & Handicrafts,Textile Quality Inspector,Northern Thoubal Textiles and Handicrafts Works 2,7,21,4.0,SYNTHETIC_DEVELOPMENT,SYNTHETIC_NAME_NOT_REAL_EMPLOYER
Manipur,Churachandpur,Textiles & Handicrafts,Textile Quality Inspector,Southern Churachandpur Textiles and Handicrafts Works 3,7,30,4.0,SYNTHETIC_DEVELOPMENT,SYNTHETIC_NAME_NOT_REAL_EMPLOYER
Manipur,Imphal,Textiles & Handicrafts,Production Artisan,Western Imphal Textiles and Handicrafts Works 1,4,12,4.0,SYNTHETIC_DEVELOPMENT,SYNTHETIC_NAME_NOT_REAL_EMPLOYER
Manipur,Thoubal,Textiles & Handicrafts,Production Artisan,Northern Thoubal Textiles and Handicrafts Works 2,4,21,4.0,SYNTHETIC_DEVELOPMENT,SYNTHETIC_NAME_NOT_REAL_EMPLOYER
Manipur,Churachandpur,Textiles & Handicrafts,Production Artisan,Southern Churachandpur Textiles and Handicrafts Works 3,4,30,4.0,SYNTHETIC_DEVELOPMENT,SYNTHETIC_NAME_NOT_REAL_EMPLOYER
Manipur,Imphal,Tourism & Hospitality,Hotel Operations Associate,Northern Imphal Tourism and Hospitality Works 1,9,19,7.2,SYNTHETIC_DEVELOPMENT,SYNTHETIC_NAME_NOT_REAL_EMPLOYER
Manipur,Thoubal,Tourism & Hospitality,Hotel Operations Associate,Southern Thoubal Tourism and Hospitality Works 2,9,28,7.2,SYNTHETIC_DEVELOPMENT,SYNTHETIC_NAME_NOT_REAL_EMPLOYER
Manipur,Churachandpur,Tourism & Hospitality,Hotel Operations Associate,Central Churachandpur Tourism and Hospitality Works 3,9,37,7.2,SYNTHETIC_DEVELOPMENT,SYNTHETIC_NAME_NOT_REAL_EMPLOYER
Manipur,Imphal,Tourism & Hospitality,Food & Beverage Supervisor,Northern Imphal Tourism and Hospitality Works 1,6,19,7.2,SYNTHETIC_DEVELOPMENT,SYNTHETIC_NAME_NOT_REAL_EMPLOYER
Manipur,Thoubal,Tourism & Hospitality,Food & Beverage Supervisor,Southern Thoubal Tourism and Hospitality Works 2,6,28,7.2,SYNTHETIC_DEVELOPMENT,SYNTHETIC_NAME_NOT_REAL_EMPLOYER
Manipur,Churachandpur,Tourism & Hospitality,Food & Beverage Supervisor,Central Churachandpur Tourism and Hospitality Works 3,6,37,7.2,SYNTHETIC_DEVELOPMENT,SYNTHETIC_NAME_NOT_REAL_EMPLOYER
Manipur,Imphal,Tourism & Hospitality,Travel Operations Executive,Northern Imphal Tourism and Hospitality Works 1,4,19,7.2,SYNTHETIC_DEVELOPMENT,SYNTHETIC_NAME_NOT_REAL_EMPLOYER
Manipur,Thoubal,Tourism & Hospitality,Travel Operations Executive,Southern Thoubal Tourism and Hospitality Works 2,4,28,7.2,SYNTHETIC_DEVELOPMENT,SYNTHETIC_NAME_NOT_REAL_EMPLOYER
Manipur,Churachandpur,Tourism & Hospitality,Travel Operations Executive,Central Churachandpur Tourism and Hospitality Works 3,4,37,7.2,SYNTHETIC_DEVELOPMENT,SYNTHETIC_NAME_NOT_REAL_EMPLOYER
Manipur,Imphal,Food Processing,Food Processing Technician,Southern Imphal Food Processing Works 1,7,26,6.2,SYNTHETIC_DEVELOPMENT,SYNTHETIC_NAME_NOT_REAL_EMPLOYER
Manipur,Thoubal,Food Processing,Food Processing Technician,Central Thoubal Food Processing Works 2,7,35,6.2,SYNTHETIC_DEVELOPMENT,SYNTHETIC_NAME_NOT_REAL_EMPLOYER
Manipur,Churachandpur,Food Processing,Food Processing Technician,Coastal Churachandpur Food Processing Works 3,7,44,6.2,SYNTHETIC_DEVELOPMENT,SYNTHETIC_NAME_NOT_REAL_EMPLOYER
Manipur,Imphal,Food Processing,Production Operator,Southern Imphal Food Processing Works 1,5,26,6.2,SYNTHETIC_DEVELOPMENT,SYNTHETIC_NAME_NOT_REAL_EMPLOYER
Manipur,Thoubal,Food Processing,Production Operator,Central Thoubal Food Processing Works 2,5,35,6.2,SYNTHETIC_DEVELOPMENT,SYNTHETIC_NAME_NOT_REAL_EMPLOYER
Manipur,Churachandpur,Food Processing,Production Operator,Coastal Churachandpur Food Processing Works 3,5,44,6.2,SYNTHETIC_DEVELOPMENT,SYNTHETIC_NAME_NOT_REAL_EMPLOYER
Manipur,Imphal,Food Processing,Quality Technician,Southern Imphal Food Processing Works 1,3,26,6.2,SYNTHETIC_DEVELOPMENT,SYNTHETIC_NAME_NOT_REAL_EMPLOYER
Manipur,Thoubal,Food Processing,Quality Technician,Central Thoubal Food Processing Works 2,3,35,6.2,SYNTHETIC_DEVELOPMENT,SYNTHETIC_NAME_NOT_REAL_EMPLOYER
Manipur,Churachandpur,Food Processing,Quality Technician,Coastal Churachandpur Food Processing Works 3,3,44,6.2,SYNTHETIC_DEVELOPMENT,SYNTHETIC_NAME_NOT_REAL_EMPLOYER
Manipur,Imphal,Retail & Consumer Services,Retail Operations Supervisor,Central Imphal Retail and Consumer Services Works 1,6,33,3.8,SYNTHETIC_DEVELOPMENT,SYNTHETIC_NAME_NOT_REAL_EMPLOYER
Manipur,Thoubal,Retail & Consumer Services,Retail Operations Supervisor,Coastal Thoubal Retail and Consumer Services Works 2,6,42,3.8,SYNTHETIC_DEVELOPMENT,SYNTHETIC_NAME_NOT_REAL_EMPLOYER
Manipur,Churachandpur,Retail & Consumer Services,Retail Operations Supervisor,Deccan Churachandpur Retail and Consumer Services Works 3,6,51,3.8,SYNTHETIC_DEVELOPMENT,SYNTHETIC_NAME_NOT_REAL_EMPLOYER
Manipur,Imphal,Retail & Consumer Services,Inventory Associate,Central Imphal Retail and Consumer Services Works 1,4,33,3.8,SYNTHETIC_DEVELOPMENT,SYNTHETIC_NAME_NOT_REAL_EMPLOYER
Manipur,Thoubal,Retail & Consumer Services,Inventory Associate,Coastal Thoubal Retail and Consumer Services Works 2,4,42,3.8,SYNTHETIC_DEVELOPMENT,SYNTHETIC_NAME_NOT_REAL_EMPLOYER
Manipur,Churachandpur,Retail & Consumer Services,Inventory Associate,Deccan Churachandpur Retail and Consumer Services Works 3,4,51,3.8,SYNTHETIC_DEVELOPMENT,SYNTHETIC_NAME_NOT_REAL_EMPLOYER
Manipur,Imphal,Retail & Consumer Services,Customer Operations Associate,Central Imphal Retail and Consumer Services Works 1,3,33,3.8,SYNTHETIC_DEVELOPMENT,SYNTHETIC_NAME_NOT_REAL_EMPLOYER
Manipur,Thoubal,Retail & Consumer Services,Customer Operations Associate,Coastal Thoubal Retail and Consumer Services Works 2,3,42,3.8,SYNTHETIC_DEVELOPMENT,SYNTHETIC_NAME_NOT_REAL_EMPLOYER
Manipur,Churachandpur,Retail & Consumer Services,Customer Operations Associate,Deccan Churachandpur Retail and Consumer Services Works 3,3,51,3.8,SYNTHETIC_DEVELOPMENT,SYNTHETIC_NAME_NOT_REAL_EMPLOYER
Manipur,Imphal,Public & Community Services,Administrative Support Associate,Coastal Imphal Public and Community Services Works 1,5,40,2.8,SYNTHETIC_DEVELOPMENT,SYNTHETIC_NAME_NOT_REAL_EMPLOYER
Manipur,Thoubal,Public & Community Services,Administrative Support Associate,Deccan Thoubal Public and Community Services Works 2,5,49,2.8,SYNTHETIC_DEVELOPMENT,SYNTHETIC_NAME_NOT_REAL_EMPLOYER
Manipur,Churachandpur,Public & Community Services,Administrative Support Associate,Frontier Churachandpur Public and Community Services Works 3,5,58,2.8,SYNTHETIC_DEVELOPMENT,SYNTHETIC_NAME_NOT_REAL_EMPLOYER
Manipur,Imphal,Public & Community Services,Community Service Worker,Coastal Imphal Public and Community Services Works 1,3,40,2.8,SYNTHETIC_DEVELOPMENT,SYNTHETIC_NAME_NOT_REAL_EMPLOYER
Manipur,Thoubal,Public & Community Services,Community Service Worker,Deccan Thoubal Public and Community Services Works 2,3,49,2.8,SYNTHETIC_DEVELOPMENT,SYNTHETIC_NAME_NOT_REAL_EMPLOYER
Manipur,Churachandpur,Public & Community Services,Community Service Worker,Frontier Churachandpur Public and Community Services Works 3,3,58,2.8,SYNTHETIC_DEVELOPMENT,SYNTHETIC_NAME_NOT_REAL_EMPLOYER
Manipur,Imphal,Public & Community Services,Records Assistant,Coastal Imphal Public and Community Services Works 1,3,40,2.8,SYNTHETIC_DEVELOPMENT,SYNTHETIC_NAME_NOT_REAL_EMPLOYER
Manipur,Thoubal,Public & Community Services,Records Assistant,Deccan Thoubal Public and Community Services Works 2,3,49,2.8,SYNTHETIC_DEVELOPMENT,SYNTHETIC_NAME_NOT_REAL_EMPLOYER
Meghalaya,Shillong,Tourism & Hospitality,Hotel Operations Associate,Eastern Shillong Tourism and Hospitality Works 1,12,5,8.0,SYNTHETIC_DEVELOPMENT,SYNTHETIC_NAME_NOT_REAL_EMPLOYER
Meghalaya,Tura,Tourism & Hospitality,Hotel Operations Associate,Western Tura Tourism and Hospitality Works 2,12,14,8.0,SYNTHETIC_DEVELOPMENT,SYNTHETIC_NAME_NOT_REAL_EMPLOYER
Meghalaya,Jowai,Tourism & Hospitality,Hotel Operations Associate,Northern Jowai Tourism and Hospitality Works 3,12,23,8.0,SYNTHETIC_DEVELOPMENT,SYNTHETIC_NAME_NOT_REAL_EMPLOYER
Meghalaya,Shillong,Tourism & Hospitality,Food & Beverage Supervisor,Eastern Shillong Tourism and Hospitality Works 1,8,5,8.0,SYNTHETIC_DEVELOPMENT,SYNTHETIC_NAME_NOT_REAL_EMPLOYER
Meghalaya,Tura,Tourism & Hospitality,Food & Beverage Supervisor,Western Tura Tourism and Hospitality Works 2,8,14,8.0,SYNTHETIC_DEVELOPMENT,SYNTHETIC_NAME_NOT_REAL_EMPLOYER
Meghalaya,Jowai,Tourism & Hospitality,Food & Beverage Supervisor,Northern Jowai Tourism and Hospitality Works 3,8,23,8.0,SYNTHETIC_DEVELOPMENT,SYNTHETIC_NAME_NOT_REAL_EMPLOYER
Meghalaya,Shillong,Tourism & Hospitality,Travel Operations Executive,Eastern Shillong Tourism and Hospitality Works 1,5,5,8.0,SYNTHETIC_DEVELOPMENT,SYNTHETIC_NAME_NOT_REAL_EMPLOYER
Meghalaya,Tura,Tourism & Hospitality,Travel Operations Executive,Western Tura Tourism and Hospitality Works 2,5,14,8.0,SYNTHETIC_DEVELOPMENT,SYNTHETIC_NAME_NOT_REAL_EMPLOYER
Meghalaya,Jowai,Tourism & Hospitality,Travel Operations Executive,Northern Jowai Tourism and Hospitality Works 3,5,23,8.0,SYNTHETIC_DEVELOPMENT,SYNTHETIC_NAME_NOT_REAL_EMPLOYER
Meghalaya,Shillong,Agriculture & Horticulture,Horticulture Technician,Western Shillong Agriculture and Horticulture Works 1,10,12,4.7,SYNTHETIC_DEVELOPMENT,SYNTHETIC_NAME_NOT_REAL_EMPLOYER
Meghalaya,Tura,Agriculture & Horticulture,Horticulture Technician,Northern Tura Agriculture and Horticulture Works 2,10,21,4.7,SYNTHETIC_DEVELOPMENT,SYNTHETIC_NAME_NOT_REAL_EMPLOYER
Meghalaya,Jowai,Agriculture & Horticulture,Horticulture Technician,Southern Jowai Agriculture and Horticulture Works 3,10,30,4.7,SYNTHETIC_DEVELOPMENT,SYNTHETIC_NAME_NOT_REAL_EMPLOYER
Meghalaya,Shillong,Agriculture & Horticulture,Packhouse Operator,Western Shillong Agriculture and Horticulture Works 1,7,12,4.7,SYNTHETIC_DEVELOPMENT,SYNTHETIC_NAME_NOT_REAL_EMPLOYER
Meghalaya,Tura,Agriculture & Horticulture,Packhouse Operator,Northern Tura Agriculture and Horticulture Works 2,7,21,4.7,SYNTHETIC_DEVELOPMENT,SYNTHETIC_NAME_NOT_REAL_EMPLOYER
Meghalaya,Jowai,Agriculture & Horticulture,Packhouse Operator,Southern Jowai Agriculture and Horticulture Works 3,7,30,4.7,SYNTHETIC_DEVELOPMENT,SYNTHETIC_NAME_NOT_REAL_EMPLOYER
Meghalaya,Shillong,Agriculture & Horticulture,Farm Equipment Technician,Western Shillong Agriculture and Horticulture Works 1,4,12,4.7,SYNTHETIC_DEVELOPMENT,SYNTHETIC_NAME_NOT_REAL_EMPLOYER
Meghalaya,Tura,Agriculture & Horticulture,Farm Equipment Technician,Northern Tura Agriculture and Horticulture Works 2,4,21,4.7,SYNTHETIC_DEVELOPMENT,SYNTHETIC_NAME_NOT_REAL_EMPLOYER
Meghalaya,Jowai,Agriculture & Horticulture,Farm Equipment Technician,Southern Jowai Agriculture and Horticulture Works 3,4,30,4.7,SYNTHETIC_DEVELOPMENT,SYNTHETIC_NAME_NOT_REAL_EMPLOYER
Meghalaya,Shillong,Mining & Minerals,Mining Technician,Northern Shillong Mining and Minerals Works 1,8,19,3.0,SYNTHETIC_DEVELOPMENT,SYNTHETIC_NAME_NOT_REAL_EMPLOYER
Meghalaya,Tura,Mining & Minerals,Mining Technician,Southern Tura Mining and Minerals Works 2,8,28,3.0,SYNTHETIC_DEVELOPMENT,SYNTHETIC_NAME_NOT_REAL_EMPLOYER
Meghalaya,Jowai,Mining & Minerals,Mining Technician,Central Jowai Mining and Minerals Works 3,8,37,3.0,SYNTHETIC_DEVELOPMENT,SYNTHETIC_NAME_NOT_REAL_EMPLOYER
Meghalaya,Shillong,Mining & Minerals,Heavy Equipment Operator,Northern Shillong Mining and Minerals Works 1,5,19,3.0,SYNTHETIC_DEVELOPMENT,SYNTHETIC_NAME_NOT_REAL_EMPLOYER
Meghalaya,Tura,Mining & Minerals,Heavy Equipment Operator,Southern Tura Mining and Minerals Works 2,5,28,3.0,SYNTHETIC_DEVELOPMENT,SYNTHETIC_NAME_NOT_REAL_EMPLOYER
Meghalaya,Jowai,Mining & Minerals,Heavy Equipment Operator,Central Jowai Mining and Minerals Works 3,5,37,3.0,SYNTHETIC_DEVELOPMENT,SYNTHETIC_NAME_NOT_REAL_EMPLOYER
Meghalaya,Shillong,Mining & Minerals,Mine Safety Technician,Northern Shillong Mining and Minerals Works 1,3,19,3.0,SYNTHETIC_DEVELOPMENT,SYNTHETIC_NAME_NOT_REAL_EMPLOYER
Meghalaya,Tura,Mining & Minerals,Mine Safety Technician,Southern Tura Mining and Minerals Works 2,3,28,3.0,SYNTHETIC_DEVELOPMENT,SYNTHETIC_NAME_NOT_REAL_EMPLOYER
Meghalaya,Jowai,Mining & Minerals,Mine Safety Technician,Central Jowai Mining and Minerals Works 3,3,37,3.0,SYNTHETIC_DEVELOPMENT,SYNTHETIC_NAME_NOT_REAL_EMPLOYER
Meghalaya,Shillong,Food Processing,Food Processing Technician,Southern Shillong Food Processing Works 1,7,26,6.2,SYNTHETIC_DEVELOPMENT,SYNTHETIC_NAME_NOT_REAL_EMPLOYER
Meghalaya,Tura,Food Processing,Food Processing Technician,Central Tura Food Processing Works 2,7,35,6.2,SYNTHETIC_DEVELOPMENT,SYNTHETIC_NAME_NOT_REAL_EMPLOYER
Meghalaya,Jowai,Food Processing,Food Processing Technician,Coastal Jowai Food Processing Works 3,7,44,6.2,SYNTHETIC_DEVELOPMENT,SYNTHETIC_NAME_NOT_REAL_EMPLOYER
Meghalaya,Shillong,Food Processing,Production Operator,Southern Shillong Food Processing Works 1,4,26,6.2,SYNTHETIC_DEVELOPMENT,SYNTHETIC_NAME_NOT_REAL_EMPLOYER
Meghalaya,Tura,Food Processing,Production Operator,Central Tura Food Processing Works 2,4,35,6.2,SYNTHETIC_DEVELOPMENT,SYNTHETIC_NAME_NOT_REAL_EMPLOYER
Meghalaya,Jowai,Food Processing,Production Operator,Coastal Jowai Food Processing Works 3,4,44,6.2,SYNTHETIC_DEVELOPMENT,SYNTHETIC_NAME_NOT_REAL_EMPLOYER
Meghalaya,Shillong,Food Processing,Quality Technician,Southern Shillong Food Processing Works 1,3,26,6.2,SYNTHETIC_DEVELOPMENT,SYNTHETIC_NAME_NOT_REAL_EMPLOYER
Meghalaya,Tura,Food Processing,Quality Technician,Central Tura Food Processing Works 2,3,35,6.2,SYNTHETIC_DEVELOPMENT,SYNTHETIC_NAME_NOT_REAL_EMPLOYER
Meghalaya,Jowai,Food Processing,Quality Technician,Coastal Jowai Food Processing Works 3,3,44,6.2,SYNTHETIC_DEVELOPMENT,SYNTHETIC_NAME_NOT_REAL_EMPLOYER
Meghalaya,Shillong,Construction,Construction Site Supervisor,Central Shillong Construction Works 1,5,33,4.2,SYNTHETIC_DEVELOPMENT,SYNTHETIC_NAME_NOT_REAL_EMPLOYER
Meghalaya,Tura,Construction,Construction Site Supervisor,Coastal Tura Construction Works 2,5,42,4.2,SYNTHETIC_DEVELOPMENT,SYNTHETIC_NAME_NOT_REAL_EMPLOYER
Meghalaya,Jowai,Construction,Construction Site Supervisor,Deccan Jowai Construction Works 3,5,51,4.2,SYNTHETIC_DEVELOPMENT,SYNTHETIC_NAME_NOT_REAL_EMPLOYER
Meghalaya,Shillong,Construction,Mason,Central Shillong Construction Works 1,4,33,4.2,SYNTHETIC_DEVELOPMENT,SYNTHETIC_NAME_NOT_REAL_EMPLOYER
Meghalaya,Tura,Construction,Mason,Coastal Tura Construction Works 2,4,42,4.2,SYNTHETIC_DEVELOPMENT,SYNTHETIC_NAME_NOT_REAL_EMPLOYER
Meghalaya,Jowai,Construction,Mason,Deccan Jowai Construction Works 3,4,51,4.2,SYNTHETIC_DEVELOPMENT,SYNTHETIC_NAME_NOT_REAL_EMPLOYER
Meghalaya,Shillong,Construction,Heavy Equipment Operator,Central Shillong Construction Works 1,4,33,4.2,SYNTHETIC_DEVELOPMENT,SYNTHETIC_NAME_NOT_REAL_EMPLOYER
Meghalaya,Tura,Construction,Heavy Equipment Operator,Coastal Tura Construction Works 2,4,42,4.2,SYNTHETIC_DEVELOPMENT,SYNTHETIC_NAME_NOT_REAL_EMPLOYER
Meghalaya,Shillong,Logistics,Warehouse Supervisor,Coastal Shillong Logistics Works 1,4,40,7.2,SYNTHETIC_DEVELOPMENT,SYNTHETIC_NAME_NOT_REAL_EMPLOYER
Meghalaya,Tura,Logistics,Warehouse Supervisor,Deccan Tura Logistics Works 2,4,49,7.2,SYNTHETIC_DEVELOPMENT,SYNTHETIC_NAME_NOT_REAL_EMPLOYER
Meghalaya,Jowai,Logistics,Warehouse Supervisor,Frontier Jowai Logistics Works 3,4,58,7.2,SYNTHETIC_DEVELOPMENT,SYNTHETIC_NAME_NOT_REAL_EMPLOYER
Meghalaya,Shillong,Logistics,Inventory Controller,Coastal Shillong Logistics Works 1,3,40,7.2,SYNTHETIC_DEVELOPMENT,SYNTHETIC_NAME_NOT_REAL_EMPLOYER
Meghalaya,Tura,Logistics,Inventory Controller,Deccan Tura Logistics Works 2,3,49,7.2,SYNTHETIC_DEVELOPMENT,SYNTHETIC_NAME_NOT_REAL_EMPLOYER
Meghalaya,Jowai,Logistics,Inventory Controller,Frontier Jowai Logistics Works 3,3,58,7.2,SYNTHETIC_DEVELOPMENT,SYNTHETIC_NAME_NOT_REAL_EMPLOYER
Meghalaya,Shillong,Logistics,Transport Operations Associate,Coastal Shillong Logistics Works 1,3,40,7.2,SYNTHETIC_DEVELOPMENT,SYNTHETIC_NAME_NOT_REAL_EMPLOYER
Meghalaya,Tura,Logistics,Transport Operations Associate,Deccan Tura Logistics Works 2,3,49,7.2,SYNTHETIC_DEVELOPMENT,SYNTHETIC_NAME_NOT_REAL_EMPLOYER
Mizoram,Aizawl,Agriculture & Horticulture,Horticulture Technician,Eastern Aizawl Agriculture and Horticulture Works 1,10,5,6.0,SYNTHETIC_DEVELOPMENT,SYNTHETIC_NAME_NOT_REAL_EMPLOYER
Mizoram,Lunglei,Agriculture & Horticulture,Horticulture Technician,Western Lunglei Agriculture and Horticulture Works 2,10,14,6.0,SYNTHETIC_DEVELOPMENT,SYNTHETIC_NAME_NOT_REAL_EMPLOYER
Mizoram,Champhai,Agriculture & Horticulture,Horticulture Technician,Northern Champhai Agriculture and Horticulture Works 3,10,23,6.0,SYNTHETIC_DEVELOPMENT,SYNTHETIC_NAME_NOT_REAL_EMPLOYER
Mizoram,Aizawl,Agriculture & Horticulture,Packhouse Operator,Eastern Aizawl Agriculture and Horticulture Works 1,7,5,6.0,SYNTHETIC_DEVELOPMENT,SYNTHETIC_NAME_NOT_REAL_EMPLOYER
Mizoram,Lunglei,Agriculture & Horticulture,Packhouse Operator,Western Lunglei Agriculture and Horticulture Works 2,7,14,6.0,SYNTHETIC_DEVELOPMENT,SYNTHETIC_NAME_NOT_REAL_EMPLOYER
Mizoram,Champhai,Agriculture & Horticulture,Packhouse Operator,Northern Champhai Agriculture and Horticulture Works 3,7,23,6.0,SYNTHETIC_DEVELOPMENT,SYNTHETIC_NAME_NOT_REAL_EMPLOYER
Mizoram,Aizawl,Agriculture & Horticulture,Farm Equipment Technician,Eastern Aizawl Agriculture and Horticulture Works 1,4,5,6.0,SYNTHETIC_DEVELOPMENT,SYNTHETIC_NAME_NOT_REAL_EMPLOYER
Mizoram,Lunglei,Agriculture & Horticulture,Farm Equipment Technician,Western Lunglei Agriculture and Horticulture Works 2,4,14,6.0,SYNTHETIC_DEVELOPMENT,SYNTHETIC_NAME_NOT_REAL_EMPLOYER
Mizoram,Champhai,Agriculture & Horticulture,Farm Equipment Technician,Northern Champhai Agriculture and Horticulture Works 3,4,23,6.0,SYNTHETIC_DEVELOPMENT,SYNTHETIC_NAME_NOT_REAL_EMPLOYER
Mizoram,Aizawl,Bamboo & Handicrafts,Bamboo Product Artisan,Western Aizawl Bamboo and Handicrafts Works 1,8,12,5.2,SYNTHETIC_DEVELOPMENT,SYNTHETIC_NAME_NOT_REAL_EMPLOYER
Mizoram,Lunglei,Bamboo & Handicrafts,Bamboo Product Artisan,Northern Lunglei Bamboo and Handicrafts Works 2,8,21,5.2,SYNTHETIC_DEVELOPMENT,SYNTHETIC_NAME_NOT_REAL_EMPLOYER
Mizoram,Champhai,Bamboo & Handicrafts,Bamboo Product Artisan,Southern Champhai Bamboo and Handicrafts Works 3,8,30,5.2,SYNTHETIC_DEVELOPMENT,SYNTHETIC_NAME_NOT_REAL_EMPLOYER
Mizoram,Aizawl,Bamboo & Handicrafts,Production Supervisor,Western Aizawl Bamboo and Handicrafts Works 1,6,12,5.2,SYNTHETIC_DEVELOPMENT,SYNTHETIC_NAME_NOT_REAL_EMPLOYER
Mizoram,Lunglei,Bamboo & Handicrafts,Production Supervisor,Northern Lunglei Bamboo and Handicrafts Works 2,6,21,5.2,SYNTHETIC_DEVELOPMENT,SYNTHETIC_NAME_NOT_REAL_EMPLOYER
Mizoram,Champhai,Bamboo & Handicrafts,Production Supervisor,Southern Champhai Bamboo and Handicrafts Works 3,6,30,5.2,SYNTHETIC_DEVELOPMENT,SYNTHETIC_NAME_NOT_REAL_EMPLOYER
Mizoram,Aizawl,Bamboo & Handicrafts,Quality Inspector,Western Aizawl Bamboo and Handicrafts Works 1,3,12,5.2,SYNTHETIC_DEVELOPMENT,SYNTHETIC_NAME_NOT_REAL_EMPLOYER
Mizoram,Lunglei,Bamboo & Handicrafts,Quality Inspector,Northern Lunglei Bamboo and Handicrafts Works 2,3,21,5.2,SYNTHETIC_DEVELOPMENT,SYNTHETIC_NAME_NOT_REAL_EMPLOYER
Mizoram,Champhai,Bamboo & Handicrafts,Quality Inspector,Southern Champhai Bamboo and Handicrafts Works 3,3,30,5.2,SYNTHETIC_DEVELOPMENT,SYNTHETIC_NAME_NOT_REAL_EMPLOYER
Mizoram,Aizawl,Tourism & Hospitality,Hotel Operations Associate,Northern Aizawl Tourism and Hospitality Works 1,7,19,7.2,SYNTHETIC_DEVELOPMENT,SYNTHETIC_NAME_NOT_REAL_EMPLOYER
Mizoram,Lunglei,Tourism & Hospitality,Hotel Operations Associate,Southern Lunglei Tourism and Hospitality Works 2,7,28,7.2,SYNTHETIC_DEVELOPMENT,SYNTHETIC_NAME_NOT_REAL_EMPLOYER
Mizoram,Champhai,Tourism & Hospitality,Hotel Operations Associate,Central Champhai Tourism and Hospitality Works 3,7,37,7.2,SYNTHETIC_DEVELOPMENT,SYNTHETIC_NAME_NOT_REAL_EMPLOYER
Mizoram,Aizawl,Tourism & Hospitality,Food & Beverage Supervisor,Northern Aizawl Tourism and Hospitality Works 1,5,19,7.2,SYNTHETIC_DEVELOPMENT,SYNTHETIC_NAME_NOT_REAL_EMPLOYER
Mizoram,Lunglei,Tourism & Hospitality,Food & Beverage Supervisor,Southern Lunglei Tourism and Hospitality Works 2,5,28,7.2,SYNTHETIC_DEVELOPMENT,SYNTHETIC_NAME_NOT_REAL_EMPLOYER
Mizoram,Champhai,Tourism & Hospitality,Food & Beverage Supervisor,Central Champhai Tourism and Hospitality Works 3,5,37,7.2,SYNTHETIC_DEVELOPMENT,SYNTHETIC_NAME_NOT_REAL_EMPLOYER
Mizoram,Aizawl,Tourism & Hospitality,Travel Operations Executive,Northern Aizawl Tourism and Hospitality Works 1,3,19,7.2,SYNTHETIC_DEVELOPMENT,SYNTHETIC_NAME_NOT_REAL_EMPLOYER
Mizoram,Lunglei,Tourism & Hospitality,Travel Operations Executive,Southern Lunglei Tourism and Hospitality Works 2,3,28,7.2,SYNTHETIC_DEVELOPMENT,SYNTHETIC_NAME_NOT_REAL_EMPLOYER
Mizoram,Champhai,Tourism & Hospitality,Travel Operations Executive,Central Champhai Tourism and Hospitality Works 3,3,37,7.2,SYNTHETIC_DEVELOPMENT,SYNTHETIC_NAME_NOT_REAL_EMPLOYER
Mizoram,Aizawl,Food Processing,Food Processing Technician,Southern Aizawl Food Processing Works 1,6,26,5.2,SYNTHETIC_DEVELOPMENT,SYNTHETIC_NAME_NOT_REAL_EMPLOYER
Mizoram,Lunglei,Food Processing,Food Processing Technician,Central Lunglei Food Processing Works 2,6,35,5.2,SYNTHETIC_DEVELOPMENT,SYNTHETIC_NAME_NOT_REAL_EMPLOYER
Mizoram,Champhai,Food Processing,Food Processing Technician,Coastal Champhai Food Processing Works 3,6,44,5.2,SYNTHETIC_DEVELOPMENT,SYNTHETIC_NAME_NOT_REAL_EMPLOYER
Mizoram,Aizawl,Food Processing,Production Operator,Southern Aizawl Food Processing Works 1,4,26,5.2,SYNTHETIC_DEVELOPMENT,SYNTHETIC_NAME_NOT_REAL_EMPLOYER
Mizoram,Lunglei,Food Processing,Production Operator,Central Lunglei Food Processing Works 2,4,35,5.2,SYNTHETIC_DEVELOPMENT,SYNTHETIC_NAME_NOT_REAL_EMPLOYER
Mizoram,Champhai,Food Processing,Production Operator,Coastal Champhai Food Processing Works 3,4,44,5.2,SYNTHETIC_DEVELOPMENT,SYNTHETIC_NAME_NOT_REAL_EMPLOYER
Mizoram,Aizawl,Food Processing,Quality Technician,Southern Aizawl Food Processing Works 1,2,26,5.2,SYNTHETIC_DEVELOPMENT,SYNTHETIC_NAME_NOT_REAL_EMPLOYER
Mizoram,Lunglei,Food Processing,Quality Technician,Central Lunglei Food Processing Works 2,2,35,5.2,SYNTHETIC_DEVELOPMENT,SYNTHETIC_NAME_NOT_REAL_EMPLOYER
Mizoram,Champhai,Food Processing,Quality Technician,Coastal Champhai Food Processing Works 3,2,44,5.2,SYNTHETIC_DEVELOPMENT,SYNTHETIC_NAME_NOT_REAL_EMPLOYER
Mizoram,Aizawl,Public & Community Services,Administrative Support Associate,Central Aizawl Public and Community Services Works 1,5,33,1.5,SYNTHETIC_DEVELOPMENT,SYNTHETIC_NAME_NOT_REAL_EMPLOYER
Mizoram,Lunglei,Public & Community Services,Administrative Support Associate,Coastal Lunglei Public and Community Services Works 2,5,42,1.5,SYNTHETIC_DEVELOPMENT,SYNTHETIC_NAME_NOT_REAL_EMPLOYER
Mizoram,Champhai,Public & Community Services,Administrative Support Associate,Deccan Champhai Public and Community Services Works 3,5,51,1.5,SYNTHETIC_DEVELOPMENT,SYNTHETIC_NAME_NOT_REAL_EMPLOYER
Mizoram,Aizawl,Public & Community Services,Community Service Worker,Central Aizawl Public and Community Services Works 1,3,33,1.5,SYNTHETIC_DEVELOPMENT,SYNTHETIC_NAME_NOT_REAL_EMPLOYER
Mizoram,Lunglei,Public & Community Services,Community Service Worker,Coastal Lunglei Public and Community Services Works 2,3,42,1.5,SYNTHETIC_DEVELOPMENT,SYNTHETIC_NAME_NOT_REAL_EMPLOYER
Mizoram,Champhai,Public & Community Services,Community Service Worker,Deccan Champhai Public and Community Services Works 3,3,51,1.5,SYNTHETIC_DEVELOPMENT,SYNTHETIC_NAME_NOT_REAL_EMPLOYER
Mizoram,Aizawl,Public & Community Services,Records Assistant,Central Aizawl Public and Community Services Works 1,3,33,1.5,SYNTHETIC_DEVELOPMENT,SYNTHETIC_NAME_NOT_REAL_EMPLOYER
Mizoram,Lunglei,Public & Community Services,Records Assistant,Coastal Lunglei Public and Community Services Works 2,3,42,1.5,SYNTHETIC_DEVELOPMENT,SYNTHETIC_NAME_NOT_REAL_EMPLOYER
Nagaland,Dimapur,Agriculture,Farm Equipment Technician,Eastern Dimapur Agriculture Works 1,11,5,3.2,SYNTHETIC_DEVELOPMENT,SYNTHETIC_NAME_NOT_REAL_EMPLOYER
Nagaland,Kohima,Agriculture,Farm Equipment Technician,Western Kohima Agriculture Works 2,11,14,3.2,SYNTHETIC_DEVELOPMENT,SYNTHETIC_NAME_NOT_REAL_EMPLOYER
Nagaland,Mokokchung,Agriculture,Farm Equipment Technician,Northern Mokokchung Agriculture Works 3,11,23,3.2,SYNTHETIC_DEVELOPMENT,SYNTHETIC_NAME_NOT_REAL_EMPLOYER
Nagaland,Dimapur,Agriculture,Agriculture Field Technician,Eastern Dimapur Agriculture Works 1,7,5,3.2,SYNTHETIC_DEVELOPMENT,SYNTHETIC_NAME_NOT_REAL_EMPLOYER
Nagaland,Kohima,Agriculture,Agriculture Field Technician,Western Kohima Agriculture Works 2,7,14,3.2,SYNTHETIC_DEVELOPMENT,SYNTHETIC_NAME_NOT_REAL_EMPLOYER
Nagaland,Mokokchung,Agriculture,Agriculture Field Technician,Northern Mokokchung Agriculture Works 3,7,23,3.2,SYNTHETIC_DEVELOPMENT,SYNTHETIC_NAME_NOT_REAL_EMPLOYER
Nagaland,Dimapur,Agriculture,Irrigation Technician,Eastern Dimapur Agriculture Works 1,4,5,3.2,SYNTHETIC_DEVELOPMENT,SYNTHETIC_NAME_NOT_REAL_EMPLOYER
Nagaland,Kohima,Agriculture,Irrigation Technician,Western Kohima Agriculture Works 2,4,14,3.2,SYNTHETIC_DEVELOPMENT,SYNTHETIC_NAME_NOT_REAL_EMPLOYER
Nagaland,Mokokchung,Agriculture,Irrigation Technician,Northern Mokokchung Agriculture Works 3,4,23,3.2,SYNTHETIC_DEVELOPMENT,SYNTHETIC_NAME_NOT_REAL_EMPLOYER
Nagaland,Dimapur,Food Processing,Food Processing Technician,Western Dimapur Food Processing Works 1,9,12,7.5,SYNTHETIC_DEVELOPMENT,SYNTHETIC_NAME_NOT_REAL_EMPLOYER
Nagaland,Kohima,Food Processing,Food Processing Technician,Northern Kohima Food Processing Works 2,9,21,7.5,SYNTHETIC_DEVELOPMENT,SYNTHETIC_NAME_NOT_REAL_EMPLOYER
Nagaland,Mokokchung,Food Processing,Food Processing Technician,Southern Mokokchung Food Processing Works 3,9,30,7.5,SYNTHETIC_DEVELOPMENT,SYNTHETIC_NAME_NOT_REAL_EMPLOYER
Nagaland,Dimapur,Food Processing,Production Operator,Western Dimapur Food Processing Works 1,6,12,7.5,SYNTHETIC_DEVELOPMENT,SYNTHETIC_NAME_NOT_REAL_EMPLOYER
Nagaland,Kohima,Food Processing,Production Operator,Northern Kohima Food Processing Works 2,6,21,7.5,SYNTHETIC_DEVELOPMENT,SYNTHETIC_NAME_NOT_REAL_EMPLOYER
Nagaland,Mokokchung,Food Processing,Production Operator,Southern Mokokchung Food Processing Works 3,6,30,7.5,SYNTHETIC_DEVELOPMENT,SYNTHETIC_NAME_NOT_REAL_EMPLOYER
Nagaland,Dimapur,Food Processing,Quality Technician,Western Dimapur Food Processing Works 1,4,12,7.5,SYNTHETIC_DEVELOPMENT,SYNTHETIC_NAME_NOT_REAL_EMPLOYER
Nagaland,Kohima,Food Processing,Quality Technician,Northern Kohima Food Processing Works 2,4,21,7.5,SYNTHETIC_DEVELOPMENT,SYNTHETIC_NAME_NOT_REAL_EMPLOYER
Nagaland,Mokokchung,Food Processing,Quality Technician,Southern Mokokchung Food Processing Works 3,4,30,7.5,SYNTHETIC_DEVELOPMENT,SYNTHETIC_NAME_NOT_REAL_EMPLOYER
Nagaland,Dimapur,Tourism & Hospitality,Hotel Operations Associate,Northern Dimapur Tourism and Hospitality Works 1,7,19,7.0,SYNTHETIC_DEVELOPMENT,SYNTHETIC_NAME_NOT_REAL_EMPLOYER
Nagaland,Kohima,Tourism & Hospitality,Hotel Operations Associate,Southern Kohima Tourism and Hospitality Works 2,7,28,7.0,SYNTHETIC_DEVELOPMENT,SYNTHETIC_NAME_NOT_REAL_EMPLOYER
Nagaland,Mokokchung,Tourism & Hospitality,Hotel Operations Associate,Central Mokokchung Tourism and Hospitality Works 3,7,37,7.0,SYNTHETIC_DEVELOPMENT,SYNTHETIC_NAME_NOT_REAL_EMPLOYER
Nagaland,Dimapur,Tourism & Hospitality,Food & Beverage Supervisor,Northern Dimapur Tourism and Hospitality Works 1,5,19,7.0,SYNTHETIC_DEVELOPMENT,SYNTHETIC_NAME_NOT_REAL_EMPLOYER
Nagaland,Kohima,Tourism & Hospitality,Food & Beverage Supervisor,Southern Kohima Tourism and Hospitality Works 2,5,28,7.0,SYNTHETIC_DEVELOPMENT,SYNTHETIC_NAME_NOT_REAL_EMPLOYER
Nagaland,Mokokchung,Tourism & Hospitality,Food & Beverage Supervisor,Central Mokokchung Tourism and Hospitality Works 3,5,37,7.0,SYNTHETIC_DEVELOPMENT,SYNTHETIC_NAME_NOT_REAL_EMPLOYER
Nagaland,Dimapur,Tourism & Hospitality,Travel Operations Executive,Northern Dimapur Tourism and Hospitality Works 1,3,19,7.0,SYNTHETIC_DEVELOPMENT,SYNTHETIC_NAME_NOT_REAL_EMPLOYER
Nagaland,Kohima,Tourism & Hospitality,Travel Operations Executive,Southern Kohima Tourism and Hospitality Works 2,3,28,7.0,SYNTHETIC_DEVELOPMENT,SYNTHETIC_NAME_NOT_REAL_EMPLOYER
Nagaland,Mokokchung,Tourism & Hospitality,Travel Operations Executive,Central Mokokchung Tourism and Hospitality Works 3,3,37,7.0,SYNTHETIC_DEVELOPMENT,SYNTHETIC_NAME_NOT_REAL_EMPLOYER
Nagaland,Dimapur,Textiles & Handicrafts,Handloom Weaver,Southern Dimapur Textiles and Handicrafts Works 1,6,26,3.5,SYNTHETIC_DEVELOPMENT,SYNTHETIC_NAME_NOT_REAL_EMPLOYER
Nagaland,Kohima,Textiles & Handicrafts,Handloom Weaver,Central Kohima Textiles and Handicrafts Works 2,6,35,3.5,SYNTHETIC_DEVELOPMENT,SYNTHETIC_NAME_NOT_REAL_EMPLOYER
Nagaland,Mokokchung,Textiles & Handicrafts,Handloom Weaver,Coastal Mokokchung Textiles and Handicrafts Works 3,6,44,3.5,SYNTHETIC_DEVELOPMENT,SYNTHETIC_NAME_NOT_REAL_EMPLOYER
Nagaland,Dimapur,Textiles & Handicrafts,Textile Quality Inspector,Southern Dimapur Textiles and Handicrafts Works 1,4,26,3.5,SYNTHETIC_DEVELOPMENT,SYNTHETIC_NAME_NOT_REAL_EMPLOYER
Nagaland,Kohima,Textiles & Handicrafts,Textile Quality Inspector,Central Kohima Textiles and Handicrafts Works 2,4,35,3.5,SYNTHETIC_DEVELOPMENT,SYNTHETIC_NAME_NOT_REAL_EMPLOYER
Nagaland,Mokokchung,Textiles & Handicrafts,Textile Quality Inspector,Coastal Mokokchung Textiles and Handicrafts Works 3,4,44,3.5,SYNTHETIC_DEVELOPMENT,SYNTHETIC_NAME_NOT_REAL_EMPLOYER
Nagaland,Dimapur,Textiles & Handicrafts,Production Artisan,Southern Dimapur Textiles and Handicrafts Works 1,2,26,3.5,SYNTHETIC_DEVELOPMENT,SYNTHETIC_NAME_NOT_REAL_EMPLOYER
Nagaland,Kohima,Textiles & Handicrafts,Production Artisan,Central Kohima Textiles and Handicrafts Works 2,2,35,3.5,SYNTHETIC_DEVELOPMENT,SYNTHETIC_NAME_NOT_REAL_EMPLOYER
Nagaland,Mokokchung,Textiles & Handicrafts,Production Artisan,Coastal Mokokchung Textiles and Handicrafts Works 3,2,44,3.5,SYNTHETIC_DEVELOPMENT,SYNTHETIC_NAME_NOT_REAL_EMPLOYER
Nagaland,Dimapur,Logistics,Warehouse Supervisor,Central Dimapur Logistics Works 1,5,33,7.2,SYNTHETIC_DEVELOPMENT,SYNTHETIC_NAME_NOT_REAL_EMPLOYER
Nagaland,Kohima,Logistics,Warehouse Supervisor,Coastal Kohima Logistics Works 2,5,42,7.2,SYNTHETIC_DEVELOPMENT,SYNTHETIC_NAME_NOT_REAL_EMPLOYER
Nagaland,Mokokchung,Logistics,Warehouse Supervisor,Deccan Mokokchung Logistics Works 3,5,51,7.2,SYNTHETIC_DEVELOPMENT,SYNTHETIC_NAME_NOT_REAL_EMPLOYER
Nagaland,Dimapur,Logistics,Inventory Controller,Central Dimapur Logistics Works 1,3,33,7.2,SYNTHETIC_DEVELOPMENT,SYNTHETIC_NAME_NOT_REAL_EMPLOYER
Nagaland,Kohima,Logistics,Inventory Controller,Coastal Kohima Logistics Works 2,3,42,7.2,SYNTHETIC_DEVELOPMENT,SYNTHETIC_NAME_NOT_REAL_EMPLOYER
Nagaland,Mokokchung,Logistics,Inventory Controller,Deccan Mokokchung Logistics Works 3,3,51,7.2,SYNTHETIC_DEVELOPMENT,SYNTHETIC_NAME_NOT_REAL_EMPLOYER
Nagaland,Dimapur,Logistics,Transport Operations Associate,Central Dimapur Logistics Works 1,3,33,7.2,SYNTHETIC_DEVELOPMENT,SYNTHETIC_NAME_NOT_REAL_EMPLOYER
Nagaland,Kohima,Logistics,Transport Operations Associate,Coastal Kohima Logistics Works 2,3,42,7.2,SYNTHETIC_DEVELOPMENT,SYNTHETIC_NAME_NOT_REAL_EMPLOYER
Nagaland,Dimapur,Public & Community Services,Administrative Support Associate,Coastal Dimapur Public and Community Services Works 1,4,40,1.5,SYNTHETIC_DEVELOPMENT,SYNTHETIC_NAME_NOT_REAL_EMPLOYER
Nagaland,Kohima,Public & Community Services,Administrative Support Associate,Deccan Kohima Public and Community Services Works 2,4,49,1.5,SYNTHETIC_DEVELOPMENT,SYNTHETIC_NAME_NOT_REAL_EMPLOYER
Nagaland,Mokokchung,Public & Community Services,Administrative Support Associate,Frontier Mokokchung Public and Community Services Works 3,4,58,1.5,SYNTHETIC_DEVELOPMENT,SYNTHETIC_NAME_NOT_REAL_EMPLOYER
Nagaland,Dimapur,Public & Community Services,Community Service Worker,Coastal Dimapur Public and Community Services Works 1,3,40,1.5,SYNTHETIC_DEVELOPMENT,SYNTHETIC_NAME_NOT_REAL_EMPLOYER
Nagaland,Kohima,Public & Community Services,Community Service Worker,Deccan Kohima Public and Community Services Works 2,3,49,1.5,SYNTHETIC_DEVELOPMENT,SYNTHETIC_NAME_NOT_REAL_EMPLOYER
Nagaland,Mokokchung,Public & Community Services,Community Service Worker,Frontier Mokokchung Public and Community Services Works 3,3,58,1.5,SYNTHETIC_DEVELOPMENT,SYNTHETIC_NAME_NOT_REAL_EMPLOYER
Nagaland,Dimapur,Public & Community Services,Records Assistant,Coastal Dimapur Public and Community Services Works 1,2,40,1.5,SYNTHETIC_DEVELOPMENT,SYNTHETIC_NAME_NOT_REAL_EMPLOYER
Nagaland,Kohima,Public & Community Services,Records Assistant,Deccan Kohima Public and Community Services Works 2,2,49,1.5,SYNTHETIC_DEVELOPMENT,SYNTHETIC_NAME_NOT_REAL_EMPLOYER
Odisha,Bhubaneswar,Metals,Metals Technician,Eastern Bhubaneswar Metals Works 1,66,5,5.5,SYNTHETIC_DEVELOPMENT,SYNTHETIC_NAME_NOT_REAL_EMPLOYER
Odisha,Cuttack,Metals,Metals Technician,Western Cuttack Metals Works 2,66,14,5.5,SYNTHETIC_DEVELOPMENT,SYNTHETIC_NAME_NOT_REAL_EMPLOYER
Odisha,Rourkela,Metals,Metals Technician,Northern Rourkela Metals Works 3,66,23,5.5,SYNTHETIC_DEVELOPMENT,SYNTHETIC_NAME_NOT_REAL_EMPLOYER
Odisha,Bhubaneswar,Metals,Metals Operator,Eastern Bhubaneswar Metals Works 1,44,5,5.5,SYNTHETIC_DEVELOPMENT,SYNTHETIC_NAME_NOT_REAL_EMPLOYER
Odisha,Cuttack,Metals,Metals Operator,Western Cuttack Metals Works 2,44,14,5.5,SYNTHETIC_DEVELOPMENT,SYNTHETIC_NAME_NOT_REAL_EMPLOYER
Odisha,Rourkela,Metals,Metals Operator,Northern Rourkela Metals Works 3,44,23,5.5,SYNTHETIC_DEVELOPMENT,SYNTHETIC_NAME_NOT_REAL_EMPLOYER
Odisha,Bhubaneswar,Metals,Metals Associate,Eastern Bhubaneswar Metals Works 1,27,5,5.5,SYNTHETIC_DEVELOPMENT,SYNTHETIC_NAME_NOT_REAL_EMPLOYER
Odisha,Cuttack,Metals,Metals Associate,Western Cuttack Metals Works 2,27,14,5.5,SYNTHETIC_DEVELOPMENT,SYNTHETIC_NAME_NOT_REAL_EMPLOYER
Odisha,Rourkela,Metals,Metals Associate,Northern Rourkela Metals Works 3,27,23,5.5,SYNTHETIC_DEVELOPMENT,SYNTHETIC_NAME_NOT_REAL_EMPLOYER
Odisha,Bhubaneswar,Mining & Minerals,Mining Technician,Western Bhubaneswar Mining and Minerals Works 1,54,12,3.7,SYNTHETIC_DEVELOPMENT,SYNTHETIC_NAME_NOT_REAL_EMPLOYER
Odisha,Cuttack,Mining & Minerals,Mining Technician,Northern Cuttack Mining and Minerals Works 2,54,21,3.7,SYNTHETIC_DEVELOPMENT,SYNTHETIC_NAME_NOT_REAL_EMPLOYER
Odisha,Rourkela,Mining & Minerals,Mining Technician,Southern Rourkela Mining and Minerals Works 3,54,30,3.7,SYNTHETIC_DEVELOPMENT,SYNTHETIC_NAME_NOT_REAL_EMPLOYER
Odisha,Bhubaneswar,Mining & Minerals,Heavy Equipment Operator,Western Bhubaneswar Mining and Minerals Works 1,36,12,3.7,SYNTHETIC_DEVELOPMENT,SYNTHETIC_NAME_NOT_REAL_EMPLOYER
Odisha,Cuttack,Mining & Minerals,Heavy Equipment Operator,Northern Cuttack Mining and Minerals Works 2,36,21,3.7,SYNTHETIC_DEVELOPMENT,SYNTHETIC_NAME_NOT_REAL_EMPLOYER
Odisha,Rourkela,Mining & Minerals,Heavy Equipment Operator,Southern Rourkela Mining and Minerals Works 3,36,30,3.7,SYNTHETIC_DEVELOPMENT,SYNTHETIC_NAME_NOT_REAL_EMPLOYER
Odisha,Bhubaneswar,Mining & Minerals,Mine Safety Technician,Western Bhubaneswar Mining and Minerals Works 1,22,12,3.7,SYNTHETIC_DEVELOPMENT,SYNTHETIC_NAME_NOT_REAL_EMPLOYER
Odisha,Cuttack,Mining & Minerals,Mine Safety Technician,Northern Cuttack Mining and Minerals Works 2,22,21,3.7,SYNTHETIC_DEVELOPMENT,SYNTHETIC_NAME_NOT_REAL_EMPLOYER
Odisha,Rourkela,Mining & Minerals,Mine Safety Technician,Southern Rourkela Mining and Minerals Works 3,22,30,3.7,SYNTHETIC_DEVELOPMENT,SYNTHETIC_NAME_NOT_REAL_EMPLOYER
Odisha,Bhubaneswar,Metals & Steel,Steel Fabrication Technician,Northern Bhubaneswar Metals and Steel Works 1,45,19,3.5,SYNTHETIC_DEVELOPMENT,SYNTHETIC_NAME_NOT_REAL_EMPLOYER
Odisha,Cuttack,Metals & Steel,Steel Fabrication Technician,Southern Cuttack Metals and Steel Works 2,45,28,3.5,SYNTHETIC_DEVELOPMENT,SYNTHETIC_NAME_NOT_REAL_EMPLOYER
Odisha,Rourkela,Metals & Steel,Steel Fabrication Technician,Central Rourkela Metals and Steel Works 3,45,37,3.5,SYNTHETIC_DEVELOPMENT,SYNTHETIC_NAME_NOT_REAL_EMPLOYER
Odisha,Bhubaneswar,Metals & Steel,Furnace Operator,Northern Bhubaneswar Metals and Steel Works 1,30,19,3.5,SYNTHETIC_DEVELOPMENT,SYNTHETIC_NAME_NOT_REAL_EMPLOYER
Odisha,Cuttack,Metals & Steel,Furnace Operator,Southern Cuttack Metals and Steel Works 2,30,28,3.5,SYNTHETIC_DEVELOPMENT,SYNTHETIC_NAME_NOT_REAL_EMPLOYER
Odisha,Rourkela,Metals & Steel,Furnace Operator,Central Rourkela Metals and Steel Works 3,30,37,3.5,SYNTHETIC_DEVELOPMENT,SYNTHETIC_NAME_NOT_REAL_EMPLOYER
Odisha,Bhubaneswar,Metals & Steel,Mechanical Maintenance Technician,Northern Bhubaneswar Metals and Steel Works 1,19,19,3.5,SYNTHETIC_DEVELOPMENT,SYNTHETIC_NAME_NOT_REAL_EMPLOYER
Odisha,Cuttack,Metals & Steel,Mechanical Maintenance Technician,Southern Cuttack Metals and Steel Works 2,19,28,3.5,SYNTHETIC_DEVELOPMENT,SYNTHETIC_NAME_NOT_REAL_EMPLOYER
Odisha,Rourkela,Metals & Steel,Mechanical Maintenance Technician,Central Rourkela Metals and Steel Works 3,19,37,3.5,SYNTHETIC_DEVELOPMENT,SYNTHETIC_NAME_NOT_REAL_EMPLOYER
Odisha,Bhubaneswar,Logistics,Warehouse Supervisor,Southern Bhubaneswar Logistics Works 1,37,26,7.2,SYNTHETIC_DEVELOPMENT,SYNTHETIC_NAME_NOT_REAL_EMPLOYER
Odisha,Cuttack,Logistics,Warehouse Supervisor,Central Cuttack Logistics Works 2,37,35,7.2,SYNTHETIC_DEVELOPMENT,SYNTHETIC_NAME_NOT_REAL_EMPLOYER
Odisha,Rourkela,Logistics,Warehouse Supervisor,Coastal Rourkela Logistics Works 3,37,44,7.2,SYNTHETIC_DEVELOPMENT,SYNTHETIC_NAME_NOT_REAL_EMPLOYER
Odisha,Bhubaneswar,Logistics,Logistics Coordinator,Southern Bhubaneswar Logistics Works 1,25,26,7.2,SYNTHETIC_DEVELOPMENT,SYNTHETIC_NAME_NOT_REAL_EMPLOYER
Odisha,Cuttack,Logistics,Logistics Coordinator,Central Cuttack Logistics Works 2,25,35,7.2,SYNTHETIC_DEVELOPMENT,SYNTHETIC_NAME_NOT_REAL_EMPLOYER
Odisha,Rourkela,Logistics,Logistics Coordinator,Coastal Rourkela Logistics Works 3,25,44,7.2,SYNTHETIC_DEVELOPMENT,SYNTHETIC_NAME_NOT_REAL_EMPLOYER
Odisha,Bhubaneswar,Logistics,Fleet Operations Assistant,Southern Bhubaneswar Logistics Works 1,15,26,7.2,SYNTHETIC_DEVELOPMENT,SYNTHETIC_NAME_NOT_REAL_EMPLOYER
Odisha,Cuttack,Logistics,Fleet Operations Assistant,Central Cuttack Logistics Works 2,15,35,7.2,SYNTHETIC_DEVELOPMENT,SYNTHETIC_NAME_NOT_REAL_EMPLOYER
Odisha,Rourkela,Logistics,Fleet Operations Assistant,Coastal Rourkela Logistics Works 3,15,44,7.2,SYNTHETIC_DEVELOPMENT,SYNTHETIC_NAME_NOT_REAL_EMPLOYER
Odisha,Bhubaneswar,Energy & Utilities,Electrical Technician,Central Bhubaneswar Energy and Utilities Works 1,30,33,5.5,SYNTHETIC_DEVELOPMENT,SYNTHETIC_NAME_NOT_REAL_EMPLOYER
Odisha,Cuttack,Energy & Utilities,Electrical Technician,Coastal Cuttack Energy and Utilities Works 2,30,42,5.5,SYNTHETIC_DEVELOPMENT,SYNTHETIC_NAME_NOT_REAL_EMPLOYER
Odisha,Rourkela,Energy & Utilities,Electrical Technician,Deccan Rourkela Energy and Utilities Works 3,30,51,5.5,SYNTHETIC_DEVELOPMENT,SYNTHETIC_NAME_NOT_REAL_EMPLOYER
Odisha,Bhubaneswar,Energy & Utilities,Power Plant Operator,Central Bhubaneswar Energy and Utilities Works 1,20,33,5.5,SYNTHETIC_DEVELOPMENT,SYNTHETIC_NAME_NOT_REAL_EMPLOYER
Odisha,Cuttack,Energy & Utilities,Power Plant Operator,Coastal Cuttack Energy and Utilities Works 2,20,42,5.5,SYNTHETIC_DEVELOPMENT,SYNTHETIC_NAME_NOT_REAL_EMPLOYER
Odisha,Rourkela,Energy & Utilities,Power Plant Operator,Deccan Rourkela Energy and Utilities Works 3,20,51,5.5,SYNTHETIC_DEVELOPMENT,SYNTHETIC_NAME_NOT_REAL_EMPLOYER
Odisha,Bhubaneswar,Energy & Utilities,Maintenance Technician,Central Bhubaneswar Energy and Utilities Works 1,13,33,5.5,SYNTHETIC_DEVELOPMENT,SYNTHETIC_NAME_NOT_REAL_EMPLOYER
Odisha,Cuttack,Energy & Utilities,Maintenance Technician,Coastal Cuttack Energy and Utilities Works 2,13,42,5.5,SYNTHETIC_DEVELOPMENT,SYNTHETIC_NAME_NOT_REAL_EMPLOYER
Odisha,Rourkela,Energy & Utilities,Maintenance Technician,Deccan Rourkela Energy and Utilities Works 3,13,51,5.5,SYNTHETIC_DEVELOPMENT,SYNTHETIC_NAME_NOT_REAL_EMPLOYER
Odisha,Bhubaneswar,Construction,Construction Site Supervisor,Coastal Bhubaneswar Construction Works 1,25,40,5.8,SYNTHETIC_DEVELOPMENT,SYNTHETIC_NAME_NOT_REAL_EMPLOYER
Odisha,Cuttack,Construction,Construction Site Supervisor,Deccan Cuttack Construction Works 2,25,49,5.8,SYNTHETIC_DEVELOPMENT,SYNTHETIC_NAME_NOT_REAL_EMPLOYER
Odisha,Rourkela,Construction,Construction Site Supervisor,Frontier Rourkela Construction Works 3,25,58,5.8,SYNTHETIC_DEVELOPMENT,SYNTHETIC_NAME_NOT_REAL_EMPLOYER
Odisha,Bhubaneswar,Construction,Mason,Coastal Bhubaneswar Construction Works 1,17,40,5.8,SYNTHETIC_DEVELOPMENT,SYNTHETIC_NAME_NOT_REAL_EMPLOYER
Odisha,Cuttack,Construction,Mason,Deccan Cuttack Construction Works 2,17,49,5.8,SYNTHETIC_DEVELOPMENT,SYNTHETIC_NAME_NOT_REAL_EMPLOYER
Odisha,Rourkela,Construction,Mason,Frontier Rourkela Construction Works 3,17,58,5.8,SYNTHETIC_DEVELOPMENT,SYNTHETIC_NAME_NOT_REAL_EMPLOYER
Odisha,Bhubaneswar,Construction,Heavy Equipment Operator,Coastal Bhubaneswar Construction Works 1,10,40,5.8,SYNTHETIC_DEVELOPMENT,SYNTHETIC_NAME_NOT_REAL_EMPLOYER
Odisha,Cuttack,Construction,Heavy Equipment Operator,Deccan Cuttack Construction Works 2,10,49,5.8,SYNTHETIC_DEVELOPMENT,SYNTHETIC_NAME_NOT_REAL_EMPLOYER
Odisha,Rourkela,Construction,Heavy Equipment Operator,Frontier Rourkela Construction Works 3,10,58,5.8,SYNTHETIC_DEVELOPMENT,SYNTHETIC_NAME_NOT_REAL_EMPLOYER
Punjab,Ludhiana,Agriculture,Farm Equipment Technician,Eastern Ludhiana Agriculture Works 1,72,5,4.0,SYNTHETIC_DEVELOPMENT,SYNTHETIC_NAME_NOT_REAL_EMPLOYER
Punjab,Amritsar,Agriculture,Farm Equipment Technician,Western Amritsar Agriculture Works 2,72,14,4.0,SYNTHETIC_DEVELOPMENT,SYNTHETIC_NAME_NOT_REAL_EMPLOYER
Punjab,Mohali,Agriculture,Farm Equipment Technician,Northern Mohali Agriculture Works 3,72,23,4.0,SYNTHETIC_DEVELOPMENT,SYNTHETIC_NAME_NOT_REAL_EMPLOYER
Punjab,Ludhiana,Agriculture,Agriculture Field Technician,Eastern Ludhiana Agriculture Works 1,48,5,4.0,SYNTHETIC_DEVELOPMENT,SYNTHETIC_NAME_NOT_REAL_EMPLOYER
Punjab,Amritsar,Agriculture,Agriculture Field Technician,Western Amritsar Agriculture Works 2,48,14,4.0,SYNTHETIC_DEVELOPMENT,SYNTHETIC_NAME_NOT_REAL_EMPLOYER
Punjab,Mohali,Agriculture,Agriculture Field Technician,Northern Mohali Agriculture Works 3,48,23,4.0,SYNTHETIC_DEVELOPMENT,SYNTHETIC_NAME_NOT_REAL_EMPLOYER
Punjab,Ludhiana,Agriculture,Irrigation Technician,Eastern Ludhiana Agriculture Works 1,30,5,4.0,SYNTHETIC_DEVELOPMENT,SYNTHETIC_NAME_NOT_REAL_EMPLOYER
Punjab,Amritsar,Agriculture,Irrigation Technician,Western Amritsar Agriculture Works 2,30,14,4.0,SYNTHETIC_DEVELOPMENT,SYNTHETIC_NAME_NOT_REAL_EMPLOYER
Punjab,Mohali,Agriculture,Irrigation Technician,Northern Mohali Agriculture Works 3,30,23,4.0,SYNTHETIC_DEVELOPMENT,SYNTHETIC_NAME_NOT_REAL_EMPLOYER
Punjab,Ludhiana,Food Processing,Food Processing Technician,Western Ludhiana Food Processing Works 1,59,12,6.0,SYNTHETIC_DEVELOPMENT,SYNTHETIC_NAME_NOT_REAL_EMPLOYER
Punjab,Amritsar,Food Processing,Food Processing Technician,Northern Amritsar Food Processing Works 2,59,21,6.0,SYNTHETIC_DEVELOPMENT,SYNTHETIC_NAME_NOT_REAL_EMPLOYER
Punjab,Mohali,Food Processing,Food Processing Technician,Southern Mohali Food Processing Works 3,59,30,6.0,SYNTHETIC_DEVELOPMENT,SYNTHETIC_NAME_NOT_REAL_EMPLOYER
Punjab,Ludhiana,Food Processing,Production Operator,Western Ludhiana Food Processing Works 1,39,12,6.0,SYNTHETIC_DEVELOPMENT,SYNTHETIC_NAME_NOT_REAL_EMPLOYER
Punjab,Amritsar,Food Processing,Production Operator,Northern Amritsar Food Processing Works 2,39,21,6.0,SYNTHETIC_DEVELOPMENT,SYNTHETIC_NAME_NOT_REAL_EMPLOYER
Punjab,Mohali,Food Processing,Production Operator,Southern Mohali Food Processing Works 3,39,30,6.0,SYNTHETIC_DEVELOPMENT,SYNTHETIC_NAME_NOT_REAL_EMPLOYER
Punjab,Ludhiana,Food Processing,Quality Technician,Western Ludhiana Food Processing Works 1,25,12,6.0,SYNTHETIC_DEVELOPMENT,SYNTHETIC_NAME_NOT_REAL_EMPLOYER
Punjab,Amritsar,Food Processing,Quality Technician,Northern Amritsar Food Processing Works 2,25,21,6.0,SYNTHETIC_DEVELOPMENT,SYNTHETIC_NAME_NOT_REAL_EMPLOYER
Punjab,Mohali,Food Processing,Quality Technician,Southern Mohali Food Processing Works 3,25,30,6.0,SYNTHETIC_DEVELOPMENT,SYNTHETIC_NAME_NOT_REAL_EMPLOYER
Punjab,Ludhiana,Textiles & Apparel,Textile Machine Operator,Northern Ludhiana Textiles and Apparel Works 1,49,19,3.2,SYNTHETIC_DEVELOPMENT,SYNTHETIC_NAME_NOT_REAL_EMPLOYER
Punjab,Amritsar,Textiles & Apparel,Textile Machine Operator,Southern Amritsar Textiles and Apparel Works 2,49,28,3.2,SYNTHETIC_DEVELOPMENT,SYNTHETIC_NAME_NOT_REAL_EMPLOYER
Punjab,Mohali,Textiles & Apparel,Textile Machine Operator,Central Mohali Textiles and Apparel Works 3,49,37,3.2,SYNTHETIC_DEVELOPMENT,SYNTHETIC_NAME_NOT_REAL_EMPLOYER
Punjab,Ludhiana,Textiles & Apparel,Garment Production Supervisor,Northern Ludhiana Textiles and Apparel Works 1,33,19,3.2,SYNTHETIC_DEVELOPMENT,SYNTHETIC_NAME_NOT_REAL_EMPLOYER
Punjab,Amritsar,Textiles & Apparel,Garment Production Supervisor,Southern Amritsar Textiles and Apparel Works 2,33,28,3.2,SYNTHETIC_DEVELOPMENT,SYNTHETIC_NAME_NOT_REAL_EMPLOYER
Punjab,Mohali,Textiles & Apparel,Garment Production Supervisor,Central Mohali Textiles and Apparel Works 3,33,37,3.2,SYNTHETIC_DEVELOPMENT,SYNTHETIC_NAME_NOT_REAL_EMPLOYER
Punjab,Ludhiana,Textiles & Apparel,Quality Inspector - Textiles,Northern Ludhiana Textiles and Apparel Works 1,20,19,3.2,SYNTHETIC_DEVELOPMENT,SYNTHETIC_NAME_NOT_REAL_EMPLOYER
Punjab,Amritsar,Textiles & Apparel,Quality Inspector - Textiles,Southern Amritsar Textiles and Apparel Works 2,20,28,3.2,SYNTHETIC_DEVELOPMENT,SYNTHETIC_NAME_NOT_REAL_EMPLOYER
Punjab,Mohali,Textiles & Apparel,Quality Inspector - Textiles,Central Mohali Textiles and Apparel Works 3,20,37,3.2,SYNTHETIC_DEVELOPMENT,SYNTHETIC_NAME_NOT_REAL_EMPLOYER
Punjab,Ludhiana,Light Engineering,Light Engineering Technician,Southern Ludhiana Light Engineering Works 1,40,26,4.8,SYNTHETIC_DEVELOPMENT,SYNTHETIC_NAME_NOT_REAL_EMPLOYER
Punjab,Amritsar,Light Engineering,Light Engineering Technician,Central Amritsar Light Engineering Works 2,40,35,4.8,SYNTHETIC_DEVELOPMENT,SYNTHETIC_NAME_NOT_REAL_EMPLOYER
Punjab,Mohali,Light Engineering,Light Engineering Technician,Coastal Mohali Light Engineering Works 3,40,44,4.8,SYNTHETIC_DEVELOPMENT,SYNTHETIC_NAME_NOT_REAL_EMPLOYER
Punjab,Ludhiana,Light Engineering,Light Engineering Operator,Southern Ludhiana Light Engineering Works 1,27,26,4.8,SYNTHETIC_DEVELOPMENT,SYNTHETIC_NAME_NOT_REAL_EMPLOYER
Punjab,Amritsar,Light Engineering,Light Engineering Operator,Central Amritsar Light Engineering Works 2,27,35,4.8,SYNTHETIC_DEVELOPMENT,SYNTHETIC_NAME_NOT_REAL_EMPLOYER
Punjab,Mohali,Light Engineering,Light Engineering Operator,Coastal Mohali Light Engineering Works 3,27,44,4.8,SYNTHETIC_DEVELOPMENT,SYNTHETIC_NAME_NOT_REAL_EMPLOYER
Punjab,Ludhiana,Light Engineering,Light Engineering Associate,Southern Ludhiana Light Engineering Works 1,17,26,4.8,SYNTHETIC_DEVELOPMENT,SYNTHETIC_NAME_NOT_REAL_EMPLOYER
Punjab,Amritsar,Light Engineering,Light Engineering Associate,Central Amritsar Light Engineering Works 2,17,35,4.8,SYNTHETIC_DEVELOPMENT,SYNTHETIC_NAME_NOT_REAL_EMPLOYER
Punjab,Mohali,Light Engineering,Light Engineering Associate,Coastal Mohali Light Engineering Works 3,17,44,4.8,SYNTHETIC_DEVELOPMENT,SYNTHETIC_NAME_NOT_REAL_EMPLOYER
Punjab,Ludhiana,Logistics,Warehouse Supervisor,Central Ludhiana Logistics Works 1,33,33,6.2,SYNTHETIC_DEVELOPMENT,SYNTHETIC_NAME_NOT_REAL_EMPLOYER
Punjab,Amritsar,Logistics,Warehouse Supervisor,Coastal Amritsar Logistics Works 2,33,42,6.2,SYNTHETIC_DEVELOPMENT,SYNTHETIC_NAME_NOT_REAL_EMPLOYER
Punjab,Mohali,Logistics,Warehouse Supervisor,Deccan Mohali Logistics Works 3,33,51,6.2,SYNTHETIC_DEVELOPMENT,SYNTHETIC_NAME_NOT_REAL_EMPLOYER
Punjab,Ludhiana,Logistics,Inventory Controller,Central Ludhiana Logistics Works 1,22,33,6.2,SYNTHETIC_DEVELOPMENT,SYNTHETIC_NAME_NOT_REAL_EMPLOYER
Punjab,Amritsar,Logistics,Inventory Controller,Coastal Amritsar Logistics Works 2,22,42,6.2,SYNTHETIC_DEVELOPMENT,SYNTHETIC_NAME_NOT_REAL_EMPLOYER
Punjab,Mohali,Logistics,Inventory Controller,Deccan Mohali Logistics Works 3,22,51,6.2,SYNTHETIC_DEVELOPMENT,SYNTHETIC_NAME_NOT_REAL_EMPLOYER
Punjab,Ludhiana,Logistics,Transport Operations Associate,Central Ludhiana Logistics Works 1,14,33,6.2,SYNTHETIC_DEVELOPMENT,SYNTHETIC_NAME_NOT_REAL_EMPLOYER
Punjab,Amritsar,Logistics,Transport Operations Associate,Coastal Amritsar Logistics Works 2,14,42,6.2,SYNTHETIC_DEVELOPMENT,SYNTHETIC_NAME_NOT_REAL_EMPLOYER
Punjab,Mohali,Logistics,Transport Operations Associate,Deccan Mohali Logistics Works 3,14,51,6.2,SYNTHETIC_DEVELOPMENT,SYNTHETIC_NAME_NOT_REAL_EMPLOYER
Punjab,Ludhiana,Retail & Consumer Services,Retail Operations Supervisor,Coastal Ludhiana Retail and Consumer Services Works 1,27,40,4.0,SYNTHETIC_DEVELOPMENT,SYNTHETIC_NAME_NOT_REAL_EMPLOYER
Punjab,Amritsar,Retail & Consumer Services,Retail Operations Supervisor,Deccan Amritsar Retail and Consumer Services Works 2,27,49,4.0,SYNTHETIC_DEVELOPMENT,SYNTHETIC_NAME_NOT_REAL_EMPLOYER
Punjab,Mohali,Retail & Consumer Services,Retail Operations Supervisor,Frontier Mohali Retail and Consumer Services Works 3,27,58,4.0,SYNTHETIC_DEVELOPMENT,SYNTHETIC_NAME_NOT_REAL_EMPLOYER
Punjab,Ludhiana,Retail & Consumer Services,Inventory Associate,Coastal Ludhiana Retail and Consumer Services Works 1,18,40,4.0,SYNTHETIC_DEVELOPMENT,SYNTHETIC_NAME_NOT_REAL_EMPLOYER
Punjab,Amritsar,Retail & Consumer Services,Inventory Associate,Deccan Amritsar Retail and Consumer Services Works 2,18,49,4.0,SYNTHETIC_DEVELOPMENT,SYNTHETIC_NAME_NOT_REAL_EMPLOYER
Punjab,Mohali,Retail & Consumer Services,Inventory Associate,Frontier Mohali Retail and Consumer Services Works 3,18,58,4.0,SYNTHETIC_DEVELOPMENT,SYNTHETIC_NAME_NOT_REAL_EMPLOYER
Punjab,Ludhiana,Retail & Consumer Services,Customer Operations Associate,Coastal Ludhiana Retail and Consumer Services Works 1,11,40,4.0,SYNTHETIC_DEVELOPMENT,SYNTHETIC_NAME_NOT_REAL_EMPLOYER
Punjab,Amritsar,Retail & Consumer Services,Customer Operations Associate,Deccan Amritsar Retail and Consumer Services Works 2,11,49,4.0,SYNTHETIC_DEVELOPMENT,SYNTHETIC_NAME_NOT_REAL_EMPLOYER
Punjab,Mohali,Retail & Consumer Services,Customer Operations Associate,Frontier Mohali Retail and Consumer Services Works 3,11,58,4.0,SYNTHETIC_DEVELOPMENT,SYNTHETIC_NAME_NOT_REAL_EMPLOYER
Rajasthan,Jaipur,Mining & Minerals,Mining Technician,Eastern Jaipur Mining and Minerals Works 1,85,5,4.7,SYNTHETIC_DEVELOPMENT,SYNTHETIC_NAME_NOT_REAL_EMPLOYER
Rajasthan,Jodhpur,Mining & Minerals,Mining Technician,Western Jodhpur Mining and Minerals Works 2,85,14,4.7,SYNTHETIC_DEVELOPMENT,SYNTHETIC_NAME_NOT_REAL_EMPLOYER
Rajasthan,Kota,Mining & Minerals,Mining Technician,Northern Kota Mining and Minerals Works 3,85,23,4.7,SYNTHETIC_DEVELOPMENT,SYNTHETIC_NAME_NOT_REAL_EMPLOYER
Rajasthan,Jaipur,Mining & Minerals,Heavy Equipment Operator,Eastern Jaipur Mining and Minerals Works 1,57,5,4.7,SYNTHETIC_DEVELOPMENT,SYNTHETIC_NAME_NOT_REAL_EMPLOYER
Rajasthan,Jodhpur,Mining & Minerals,Heavy Equipment Operator,Western Jodhpur Mining and Minerals Works 2,57,14,4.7,SYNTHETIC_DEVELOPMENT,SYNTHETIC_NAME_NOT_REAL_EMPLOYER
Rajasthan,Kota,Mining & Minerals,Heavy Equipment Operator,Northern Kota Mining and Minerals Works 3,57,23,4.7,SYNTHETIC_DEVELOPMENT,SYNTHETIC_NAME_NOT_REAL_EMPLOYER
Rajasthan,Jaipur,Mining & Minerals,Mine Safety Technician,Eastern Jaipur Mining and Minerals Works 1,36,5,4.7,SYNTHETIC_DEVELOPMENT,SYNTHETIC_NAME_NOT_REAL_EMPLOYER
Rajasthan,Jodhpur,Mining & Minerals,Mine Safety Technician,Western Jodhpur Mining and Minerals Works 2,36,14,4.7,SYNTHETIC_DEVELOPMENT,SYNTHETIC_NAME_NOT_REAL_EMPLOYER
Rajasthan,Kota,Mining & Minerals,Mine Safety Technician,Northern Kota Mining and Minerals Works 3,36,23,4.7,SYNTHETIC_DEVELOPMENT,SYNTHETIC_NAME_NOT_REAL_EMPLOYER
Rajasthan,Jaipur,Building Materials,Cement Plant Operator,Western Jaipur Building Materials Works 1,70,12,4.0,SYNTHETIC_DEVELOPMENT,SYNTHETIC_NAME_NOT_REAL_EMPLOYER
Rajasthan,Jodhpur,Building Materials,Cement Plant Operator,Northern Jodhpur Building Materials Works 2,70,21,4.0,SYNTHETIC_DEVELOPMENT,SYNTHETIC_NAME_NOT_REAL_EMPLOYER
Rajasthan,Kota,Building Materials,Cement Plant Operator,Southern Kota Building Materials Works 3,70,30,4.0,SYNTHETIC_DEVELOPMENT,SYNTHETIC_NAME_NOT_REAL_EMPLOYER
Rajasthan,Jaipur,Building Materials,Mechanical Maintenance Technician,Western Jaipur Building Materials Works 1,47,12,4.0,SYNTHETIC_DEVELOPMENT,SYNTHETIC_NAME_NOT_REAL_EMPLOYER
Rajasthan,Jodhpur,Building Materials,Mechanical Maintenance Technician,Northern Jodhpur Building Materials Works 2,47,21,4.0,SYNTHETIC_DEVELOPMENT,SYNTHETIC_NAME_NOT_REAL_EMPLOYER
Rajasthan,Kota,Building Materials,Mechanical Maintenance Technician,Southern Kota Building Materials Works 3,47,30,4.0,SYNTHETIC_DEVELOPMENT,SYNTHETIC_NAME_NOT_REAL_EMPLOYER
Rajasthan,Jaipur,Building Materials,Quality Control Technician,Western Jaipur Building Materials Works 1,29,12,4.0,SYNTHETIC_DEVELOPMENT,SYNTHETIC_NAME_NOT_REAL_EMPLOYER
Rajasthan,Jodhpur,Building Materials,Quality Control Technician,Northern Jodhpur Building Materials Works 2,29,21,4.0,SYNTHETIC_DEVELOPMENT,SYNTHETIC_NAME_NOT_REAL_EMPLOYER
Rajasthan,Kota,Building Materials,Quality Control Technician,Southern Kota Building Materials Works 3,29,30,4.0,SYNTHETIC_DEVELOPMENT,SYNTHETIC_NAME_NOT_REAL_EMPLOYER
Rajasthan,Jaipur,Textiles & Apparel,Textile Machine Operator,Northern Jaipur Textiles and Apparel Works 1,58,19,3.2,SYNTHETIC_DEVELOPMENT,SYNTHETIC_NAME_NOT_REAL_EMPLOYER
Rajasthan,Jodhpur,Textiles & Apparel,Textile Machine Operator,Southern Jodhpur Textiles and Apparel Works 2,58,28,3.2,SYNTHETIC_DEVELOPMENT,SYNTHETIC_NAME_NOT_REAL_EMPLOYER
Rajasthan,Kota,Textiles & Apparel,Textile Machine Operator,Central Kota Textiles and Apparel Works 3,58,37,3.2,SYNTHETIC_DEVELOPMENT,SYNTHETIC_NAME_NOT_REAL_EMPLOYER
Rajasthan,Jaipur,Textiles & Apparel,Garment Production Supervisor,Northern Jaipur Textiles and Apparel Works 1,39,19,3.2,SYNTHETIC_DEVELOPMENT,SYNTHETIC_NAME_NOT_REAL_EMPLOYER
Rajasthan,Jodhpur,Textiles & Apparel,Garment Production Supervisor,Southern Jodhpur Textiles and Apparel Works 2,39,28,3.2,SYNTHETIC_DEVELOPMENT,SYNTHETIC_NAME_NOT_REAL_EMPLOYER
Rajasthan,Kota,Textiles & Apparel,Garment Production Supervisor,Central Kota Textiles and Apparel Works 3,39,37,3.2,SYNTHETIC_DEVELOPMENT,SYNTHETIC_NAME_NOT_REAL_EMPLOYER
Rajasthan,Jaipur,Textiles & Apparel,Quality Inspector - Textiles,Northern Jaipur Textiles and Apparel Works 1,24,19,3.2,SYNTHETIC_DEVELOPMENT,SYNTHETIC_NAME_NOT_REAL_EMPLOYER
Rajasthan,Jodhpur,Textiles & Apparel,Quality Inspector - Textiles,Southern Jodhpur Textiles and Apparel Works 2,24,28,3.2,SYNTHETIC_DEVELOPMENT,SYNTHETIC_NAME_NOT_REAL_EMPLOYER
Rajasthan,Kota,Textiles & Apparel,Quality Inspector - Textiles,Central Kota Textiles and Apparel Works 3,24,37,3.2,SYNTHETIC_DEVELOPMENT,SYNTHETIC_NAME_NOT_REAL_EMPLOYER
Rajasthan,Jaipur,Gems & Jewellery,Jewellery Production Artisan,Southern Jaipur Gems and Jewellery Works 1,48,26,4.8,SYNTHETIC_DEVELOPMENT,SYNTHETIC_NAME_NOT_REAL_EMPLOYER
Rajasthan,Jodhpur,Gems & Jewellery,Jewellery Production Artisan,Central Jodhpur Gems and Jewellery Works 2,48,35,4.8,SYNTHETIC_DEVELOPMENT,SYNTHETIC_NAME_NOT_REAL_EMPLOYER
Rajasthan,Kota,Gems & Jewellery,Jewellery Production Artisan,Coastal Kota Gems and Jewellery Works 3,48,44,4.8,SYNTHETIC_DEVELOPMENT,SYNTHETIC_NAME_NOT_REAL_EMPLOYER
Rajasthan,Jaipur,Gems & Jewellery,Gemstone Processing Technician,Southern Jaipur Gems and Jewellery Works 1,32,26,4.8,SYNTHETIC_DEVELOPMENT,SYNTHETIC_NAME_NOT_REAL_EMPLOYER
Rajasthan,Jodhpur,Gems & Jewellery,Gemstone Processing Technician,Central Jodhpur Gems and Jewellery Works 2,32,35,4.8,SYNTHETIC_DEVELOPMENT,SYNTHETIC_NAME_NOT_REAL_EMPLOYER
Rajasthan,Kota,Gems & Jewellery,Gemstone Processing Technician,Coastal Kota Gems and Jewellery Works 3,32,44,4.8,SYNTHETIC_DEVELOPMENT,SYNTHETIC_NAME_NOT_REAL_EMPLOYER
Rajasthan,Jaipur,Gems & Jewellery,Jewellery Quality Inspector,Southern Jaipur Gems and Jewellery Works 1,20,26,4.8,SYNTHETIC_DEVELOPMENT,SYNTHETIC_NAME_NOT_REAL_EMPLOYER
Rajasthan,Jodhpur,Gems & Jewellery,Jewellery Quality Inspector,Central Jodhpur Gems and Jewellery Works 2,20,35,4.8,SYNTHETIC_DEVELOPMENT,SYNTHETIC_NAME_NOT_REAL_EMPLOYER
Rajasthan,Kota,Gems & Jewellery,Jewellery Quality Inspector,Coastal Kota Gems and Jewellery Works 3,20,44,4.8,SYNTHETIC_DEVELOPMENT,SYNTHETIC_NAME_NOT_REAL_EMPLOYER
Rajasthan,Jaipur,Tourism & Hospitality,Hotel Operations Associate,Central Jaipur Tourism and Hospitality Works 1,39,33,6.2,SYNTHETIC_DEVELOPMENT,SYNTHETIC_NAME_NOT_REAL_EMPLOYER
Rajasthan,Jodhpur,Tourism & Hospitality,Hotel Operations Associate,Coastal Jodhpur Tourism and Hospitality Works 2,39,42,6.2,SYNTHETIC_DEVELOPMENT,SYNTHETIC_NAME_NOT_REAL_EMPLOYER
Rajasthan,Kota,Tourism & Hospitality,Hotel Operations Associate,Deccan Kota Tourism and Hospitality Works 3,39,51,6.2,SYNTHETIC_DEVELOPMENT,SYNTHETIC_NAME_NOT_REAL_EMPLOYER
Rajasthan,Jaipur,Tourism & Hospitality,Food & Beverage Supervisor,Central Jaipur Tourism and Hospitality Works 1,26,33,6.2,SYNTHETIC_DEVELOPMENT,SYNTHETIC_NAME_NOT_REAL_EMPLOYER
Rajasthan,Jodhpur,Tourism & Hospitality,Food & Beverage Supervisor,Coastal Jodhpur Tourism and Hospitality Works 2,26,42,6.2,SYNTHETIC_DEVELOPMENT,SYNTHETIC_NAME_NOT_REAL_EMPLOYER
Rajasthan,Kota,Tourism & Hospitality,Food & Beverage Supervisor,Deccan Kota Tourism and Hospitality Works 3,26,51,6.2,SYNTHETIC_DEVELOPMENT,SYNTHETIC_NAME_NOT_REAL_EMPLOYER
Rajasthan,Jaipur,Tourism & Hospitality,Travel Operations Executive,Central Jaipur Tourism and Hospitality Works 1,16,33,6.2,SYNTHETIC_DEVELOPMENT,SYNTHETIC_NAME_NOT_REAL_EMPLOYER
Rajasthan,Jodhpur,Tourism & Hospitality,Travel Operations Executive,Coastal Jodhpur Tourism and Hospitality Works 2,16,42,6.2,SYNTHETIC_DEVELOPMENT,SYNTHETIC_NAME_NOT_REAL_EMPLOYER
Rajasthan,Kota,Tourism & Hospitality,Travel Operations Executive,Deccan Kota Tourism and Hospitality Works 3,16,51,6.2,SYNTHETIC_DEVELOPMENT,SYNTHETIC_NAME_NOT_REAL_EMPLOYER
Rajasthan,Jaipur,Renewable Energy,Solar PV Technician,Coastal Jaipur Renewable Energy Works 1,32,40,10.5,SYNTHETIC_DEVELOPMENT,SYNTHETIC_NAME_NOT_REAL_EMPLOYER
Rajasthan,Jodhpur,Renewable Energy,Solar PV Technician,Deccan Jodhpur Renewable Energy Works 2,32,49,10.5,SYNTHETIC_DEVELOPMENT,SYNTHETIC_NAME_NOT_REAL_EMPLOYER
Rajasthan,Kota,Renewable Energy,Solar PV Technician,Frontier Kota Renewable Energy Works 3,32,58,10.5,SYNTHETIC_DEVELOPMENT,SYNTHETIC_NAME_NOT_REAL_EMPLOYER
Rajasthan,Jaipur,Renewable Energy,Electrical Technician,Coastal Jaipur Renewable Energy Works 1,22,40,10.5,SYNTHETIC_DEVELOPMENT,SYNTHETIC_NAME_NOT_REAL_EMPLOYER
Rajasthan,Jodhpur,Renewable Energy,Electrical Technician,Deccan Jodhpur Renewable Energy Works 2,22,49,10.5,SYNTHETIC_DEVELOPMENT,SYNTHETIC_NAME_NOT_REAL_EMPLOYER
Rajasthan,Kota,Renewable Energy,Electrical Technician,Frontier Kota Renewable Energy Works 3,22,58,10.5,SYNTHETIC_DEVELOPMENT,SYNTHETIC_NAME_NOT_REAL_EMPLOYER
Rajasthan,Jaipur,Renewable Energy,Energy Site Supervisor,Coastal Jaipur Renewable Energy Works 1,14,40,10.5,SYNTHETIC_DEVELOPMENT,SYNTHETIC_NAME_NOT_REAL_EMPLOYER
Rajasthan,Jodhpur,Renewable Energy,Energy Site Supervisor,Deccan Jodhpur Renewable Energy Works 2,14,49,10.5,SYNTHETIC_DEVELOPMENT,SYNTHETIC_NAME_NOT_REAL_EMPLOYER
Rajasthan,Kota,Renewable Energy,Energy Site Supervisor,Frontier Kota Renewable Energy Works 3,14,58,10.5,SYNTHETIC_DEVELOPMENT,SYNTHETIC_NAME_NOT_REAL_EMPLOYER
Sikkim,Gangtok,Tourism & Hospitality,Hotel Operations Associate,Eastern Gangtok Tourism and Hospitality Works 1,7,5,8.2,SYNTHETIC_DEVELOPMENT,SYNTHETIC_NAME_NOT_REAL_EMPLOYER
Sikkim,Namchi,Tourism & Hospitality,Hotel Operations Associate,Western Namchi Tourism and Hospitality Works 2,7,14,8.2,SYNTHETIC_DEVELOPMENT,SYNTHETIC_NAME_NOT_REAL_EMPLOYER
Sikkim,Mangan,Tourism & Hospitality,Hotel Operations Associate,Northern Mangan Tourism and Hospitality Works 3,7,23,8.2,SYNTHETIC_DEVELOPMENT,SYNTHETIC_NAME_NOT_REAL_EMPLOYER
Sikkim,Gangtok,Tourism & Hospitality,Food & Beverage Supervisor,Eastern Gangtok Tourism and Hospitality Works 1,5,5,8.2,SYNTHETIC_DEVELOPMENT,SYNTHETIC_NAME_NOT_REAL_EMPLOYER
Sikkim,Namchi,Tourism & Hospitality,Food & Beverage Supervisor,Western Namchi Tourism and Hospitality Works 2,5,14,8.2,SYNTHETIC_DEVELOPMENT,SYNTHETIC_NAME_NOT_REAL_EMPLOYER
Sikkim,Mangan,Tourism & Hospitality,Food & Beverage Supervisor,Northern Mangan Tourism and Hospitality Works 3,5,23,8.2,SYNTHETIC_DEVELOPMENT,SYNTHETIC_NAME_NOT_REAL_EMPLOYER
Sikkim,Gangtok,Tourism & Hospitality,Travel Operations Executive,Eastern Gangtok Tourism and Hospitality Works 1,3,5,8.2,SYNTHETIC_DEVELOPMENT,SYNTHETIC_NAME_NOT_REAL_EMPLOYER
Sikkim,Namchi,Tourism & Hospitality,Travel Operations Executive,Western Namchi Tourism and Hospitality Works 2,3,14,8.2,SYNTHETIC_DEVELOPMENT,SYNTHETIC_NAME_NOT_REAL_EMPLOYER
Sikkim,Mangan,Tourism & Hospitality,Travel Operations Executive,Northern Mangan Tourism and Hospitality Works 3,3,23,8.2,SYNTHETIC_DEVELOPMENT,SYNTHETIC_NAME_NOT_REAL_EMPLOYER
Sikkim,Gangtok,Pharmaceuticals,Pharmaceutical Production Technician,Western Gangtok Pharmaceuticals Works 1,6,12,7.9,SYNTHETIC_DEVELOPMENT,SYNTHETIC_NAME_NOT_REAL_EMPLOYER
Sikkim,Namchi,Pharmaceuticals,Pharmaceutical Production Technician,Northern Namchi Pharmaceuticals Works 2,6,21,7.9,SYNTHETIC_DEVELOPMENT,SYNTHETIC_NAME_NOT_REAL_EMPLOYER
Sikkim,Mangan,Pharmaceuticals,Pharmaceutical Production Technician,Southern Mangan Pharmaceuticals Works 3,6,30,7.9,SYNTHETIC_DEVELOPMENT,SYNTHETIC_NAME_NOT_REAL_EMPLOYER
Sikkim,Gangtok,Pharmaceuticals,Quality Control Technician,Western Gangtok Pharmaceuticals Works 1,4,12,7.9,SYNTHETIC_DEVELOPMENT,SYNTHETIC_NAME_NOT_REAL_EMPLOYER
Sikkim,Namchi,Pharmaceuticals,Quality Control Technician,Northern Namchi Pharmaceuticals Works 2,4,21,7.9,SYNTHETIC_DEVELOPMENT,SYNTHETIC_NAME_NOT_REAL_EMPLOYER
Sikkim,Mangan,Pharmaceuticals,Quality Control Technician,Southern Mangan Pharmaceuticals Works 3,4,30,7.9,SYNTHETIC_DEVELOPMENT,SYNTHETIC_NAME_NOT_REAL_EMPLOYER
Sikkim,Gangtok,Pharmaceuticals,Packaging Machine Operator,Western Gangtok Pharmaceuticals Works 1,2,12,7.9,SYNTHETIC_DEVELOPMENT,SYNTHETIC_NAME_NOT_REAL_EMPLOYER
Sikkim,Namchi,Pharmaceuticals,Packaging Machine Operator,Northern Namchi Pharmaceuticals Works 2,2,21,7.9,SYNTHETIC_DEVELOPMENT,SYNTHETIC_NAME_NOT_REAL_EMPLOYER
Sikkim,Mangan,Pharmaceuticals,Packaging Machine Operator,Southern Mangan Pharmaceuticals Works 3,2,30,7.9,SYNTHETIC_DEVELOPMENT,SYNTHETIC_NAME_NOT_REAL_EMPLOYER
Sikkim,Gangtok,Energy & Utilities,Hydropower Plant Technician,Northern Gangtok Energy and Utilities Works 1,5,19,5.5,SYNTHETIC_DEVELOPMENT,SYNTHETIC_NAME_NOT_REAL_EMPLOYER
Sikkim,Namchi,Energy & Utilities,Hydropower Plant Technician,Southern Namchi Energy and Utilities Works 2,5,28,5.5,SYNTHETIC_DEVELOPMENT,SYNTHETIC_NAME_NOT_REAL_EMPLOYER
Sikkim,Mangan,Energy & Utilities,Hydropower Plant Technician,Central Mangan Energy and Utilities Works 3,5,37,5.5,SYNTHETIC_DEVELOPMENT,SYNTHETIC_NAME_NOT_REAL_EMPLOYER
Sikkim,Gangtok,Energy & Utilities,Electrical Maintenance Technician,Northern Gangtok Energy and Utilities Works 1,3,19,5.5,SYNTHETIC_DEVELOPMENT,SYNTHETIC_NAME_NOT_REAL_EMPLOYER
Sikkim,Namchi,Energy & Utilities,Electrical Maintenance Technician,Southern Namchi Energy and Utilities Works 2,3,28,5.5,SYNTHETIC_DEVELOPMENT,SYNTHETIC_NAME_NOT_REAL_EMPLOYER
Sikkim,Mangan,Energy & Utilities,Electrical Maintenance Technician,Central Mangan Energy and Utilities Works 3,3,37,5.5,SYNTHETIC_DEVELOPMENT,SYNTHETIC_NAME_NOT_REAL_EMPLOYER
Sikkim,Gangtok,Energy & Utilities,Instrumentation Technician,Northern Gangtok Energy and Utilities Works 1,3,19,5.5,SYNTHETIC_DEVELOPMENT,SYNTHETIC_NAME_NOT_REAL_EMPLOYER
Sikkim,Namchi,Energy & Utilities,Instrumentation Technician,Southern Namchi Energy and Utilities Works 2,3,28,5.5,SYNTHETIC_DEVELOPMENT,SYNTHETIC_NAME_NOT_REAL_EMPLOYER
Sikkim,Gangtok,Organic Agriculture,Organic Agriculture Technician,Southern Gangtok Organic Agriculture Works 1,4,26,5.8,SYNTHETIC_DEVELOPMENT,SYNTHETIC_NAME_NOT_REAL_EMPLOYER
Sikkim,Namchi,Organic Agriculture,Organic Agriculture Technician,Central Namchi Organic Agriculture Works 2,4,35,5.8,SYNTHETIC_DEVELOPMENT,SYNTHETIC_NAME_NOT_REAL_EMPLOYER
Sikkim,Mangan,Organic Agriculture,Organic Agriculture Technician,Coastal Mangan Organic Agriculture Works 3,4,44,5.8,SYNTHETIC_DEVELOPMENT,SYNTHETIC_NAME_NOT_REAL_EMPLOYER
Sikkim,Gangtok,Organic Agriculture,Organic Agriculture Operator,Southern Gangtok Organic Agriculture Works 1,3,26,5.8,SYNTHETIC_DEVELOPMENT,SYNTHETIC_NAME_NOT_REAL_EMPLOYER
Sikkim,Namchi,Organic Agriculture,Organic Agriculture Operator,Central Namchi Organic Agriculture Works 2,3,35,5.8,SYNTHETIC_DEVELOPMENT,SYNTHETIC_NAME_NOT_REAL_EMPLOYER
Sikkim,Mangan,Organic Agriculture,Organic Agriculture Operator,Coastal Mangan Organic Agriculture Works 3,3,44,5.8,SYNTHETIC_DEVELOPMENT,SYNTHETIC_NAME_NOT_REAL_EMPLOYER
Sikkim,Gangtok,Organic Agriculture,Organic Agriculture Associate,Southern Gangtok Organic Agriculture Works 1,2,26,5.8,SYNTHETIC_DEVELOPMENT,SYNTHETIC_NAME_NOT_REAL_EMPLOYER
Sikkim,Namchi,Organic Agriculture,Organic Agriculture Associate,Central Namchi Organic Agriculture Works 2,2,35,5.8,SYNTHETIC_DEVELOPMENT,SYNTHETIC_NAME_NOT_REAL_EMPLOYER
Sikkim,Gangtok,Food Processing,Food Processing Technician,Central Gangtok Food Processing Works 1,3,33,6.2,SYNTHETIC_DEVELOPMENT,SYNTHETIC_NAME_NOT_REAL_EMPLOYER
Sikkim,Namchi,Food Processing,Food Processing Technician,Coastal Namchi Food Processing Works 2,3,42,6.2,SYNTHETIC_DEVELOPMENT,SYNTHETIC_NAME_NOT_REAL_EMPLOYER
Sikkim,Mangan,Food Processing,Food Processing Technician,Deccan Mangan Food Processing Works 3,3,51,6.2,SYNTHETIC_DEVELOPMENT,SYNTHETIC_NAME_NOT_REAL_EMPLOYER
Sikkim,Gangtok,Food Processing,Production Operator,Central Gangtok Food Processing Works 1,4,33,6.2,SYNTHETIC_DEVELOPMENT,SYNTHETIC_NAME_NOT_REAL_EMPLOYER
Sikkim,Namchi,Food Processing,Production Operator,Coastal Namchi Food Processing Works 2,4,42,6.2,SYNTHETIC_DEVELOPMENT,SYNTHETIC_NAME_NOT_REAL_EMPLOYER
Sikkim,Gangtok,Food Processing,Quality Technician,Central Gangtok Food Processing Works 1,2,33,6.2,SYNTHETIC_DEVELOPMENT,SYNTHETIC_NAME_NOT_REAL_EMPLOYER
Sikkim,Namchi,Food Processing,Quality Technician,Coastal Namchi Food Processing Works 2,2,42,6.2,SYNTHETIC_DEVELOPMENT,SYNTHETIC_NAME_NOT_REAL_EMPLOYER
Tamil Nadu,Chennai,Automotive,Automotive Technician,Eastern Chennai Automotive Works 1,135,5,7.0,SYNTHETIC_DEVELOPMENT,SYNTHETIC_NAME_NOT_REAL_EMPLOYER
Tamil Nadu,Coimbatore,Automotive,Automotive Technician,Western Coimbatore Automotive Works 2,135,14,7.0,SYNTHETIC_DEVELOPMENT,SYNTHETIC_NAME_NOT_REAL_EMPLOYER
Tamil Nadu,Hosur,Automotive,Automotive Technician,Northern Hosur Automotive Works 3,135,23,7.0,SYNTHETIC_DEVELOPMENT,SYNTHETIC_NAME_NOT_REAL_EMPLOYER
Tamil Nadu,Chennai,Automotive,CNC Machine Operator,Eastern Chennai Automotive Works 1,90,5,7.0,SYNTHETIC_DEVELOPMENT,SYNTHETIC_NAME_NOT_REAL_EMPLOYER
Tamil Nadu,Coimbatore,Automotive,CNC Machine Operator,Western Coimbatore Automotive Works 2,90,14,7.0,SYNTHETIC_DEVELOPMENT,SYNTHETIC_NAME_NOT_REAL_EMPLOYER
Tamil Nadu,Hosur,Automotive,CNC Machine Operator,Northern Hosur Automotive Works 3,90,23,7.0,SYNTHETIC_DEVELOPMENT,SYNTHETIC_NAME_NOT_REAL_EMPLOYER
Tamil Nadu,Chennai,Automotive,Automotive Quality Inspector,Eastern Chennai Automotive Works 1,56,5,7.0,SYNTHETIC_DEVELOPMENT,SYNTHETIC_NAME_NOT_REAL_EMPLOYER
Tamil Nadu,Coimbatore,Automotive,Automotive Quality Inspector,Western Coimbatore Automotive Works 2,56,14,7.0,SYNTHETIC_DEVELOPMENT,SYNTHETIC_NAME_NOT_REAL_EMPLOYER
Tamil Nadu,Hosur,Automotive,Automotive Quality Inspector,Northern Hosur Automotive Works 3,56,23,7.0,SYNTHETIC_DEVELOPMENT,SYNTHETIC_NAME_NOT_REAL_EMPLOYER
Tamil Nadu,Chennai,Electronics,Electronics Test Technician,Western Chennai Electronics Works 1,110,12,10.2,SYNTHETIC_DEVELOPMENT,SYNTHETIC_NAME_NOT_REAL_EMPLOYER
Tamil Nadu,Coimbatore,Electronics,Electronics Test Technician,Northern Coimbatore Electronics Works 2,110,21,10.2,SYNTHETIC_DEVELOPMENT,SYNTHETIC_NAME_NOT_REAL_EMPLOYER
Tamil Nadu,Hosur,Electronics,Electronics Test Technician,Southern Hosur Electronics Works 3,110,30,10.2,SYNTHETIC_DEVELOPMENT,SYNTHETIC_NAME_NOT_REAL_EMPLOYER
Tamil Nadu,Chennai,Electronics,Embedded Systems Technician,Western Chennai Electronics Works 1,74,12,10.2,SYNTHETIC_DEVELOPMENT,SYNTHETIC_NAME_NOT_REAL_EMPLOYER
Tamil Nadu,Coimbatore,Electronics,Embedded Systems Technician,Northern Coimbatore Electronics Works 2,74,21,10.2,SYNTHETIC_DEVELOPMENT,SYNTHETIC_NAME_NOT_REAL_EMPLOYER
Tamil Nadu,Hosur,Electronics,Embedded Systems Technician,Southern Hosur Electronics Works 3,74,30,10.2,SYNTHETIC_DEVELOPMENT,SYNTHETIC_NAME_NOT_REAL_EMPLOYER
Tamil Nadu,Chennai,Electronics,Production Quality Inspector,Western Chennai Electronics Works 1,46,12,10.2,SYNTHETIC_DEVELOPMENT,SYNTHETIC_NAME_NOT_REAL_EMPLOYER
Tamil Nadu,Coimbatore,Electronics,Production Quality Inspector,Northern Coimbatore Electronics Works 2,46,21,10.2,SYNTHETIC_DEVELOPMENT,SYNTHETIC_NAME_NOT_REAL_EMPLOYER
Tamil Nadu,Hosur,Electronics,Production Quality Inspector,Southern Hosur Electronics Works 3,46,30,10.2,SYNTHETIC_DEVELOPMENT,SYNTHETIC_NAME_NOT_REAL_EMPLOYER
Tamil Nadu,Chennai,Textiles & Apparel,Textile Machine Operator,Northern Chennai Textiles and Apparel Works 1,92,19,4.0,SYNTHETIC_DEVELOPMENT,SYNTHETIC_NAME_NOT_REAL_EMPLOYER
Tamil Nadu,Coimbatore,Textiles & Apparel,Textile Machine Operator,Southern Coimbatore Textiles and Apparel Works 2,92,28,4.0,SYNTHETIC_DEVELOPMENT,SYNTHETIC_NAME_NOT_REAL_EMPLOYER
Tamil Nadu,Hosur,Textiles & Apparel,Textile Machine Operator,Central Hosur Textiles and Apparel Works 3,92,37,4.0,SYNTHETIC_DEVELOPMENT,SYNTHETIC_NAME_NOT_REAL_EMPLOYER
Tamil Nadu,Chennai,Textiles & Apparel,Garment Production Supervisor,Northern Chennai Textiles and Apparel Works 1,61,19,4.0,SYNTHETIC_DEVELOPMENT,SYNTHETIC_NAME_NOT_REAL_EMPLOYER
Tamil Nadu,Coimbatore,Textiles & Apparel,Garment Production Supervisor,Southern Coimbatore Textiles and Apparel Works 2,61,28,4.0,SYNTHETIC_DEVELOPMENT,SYNTHETIC_NAME_NOT_REAL_EMPLOYER
Tamil Nadu,Hosur,Textiles & Apparel,Garment Production Supervisor,Central Hosur Textiles and Apparel Works 3,61,37,4.0,SYNTHETIC_DEVELOPMENT,SYNTHETIC_NAME_NOT_REAL_EMPLOYER
Tamil Nadu,Chennai,Textiles & Apparel,Quality Inspector - Textiles,Northern Chennai Textiles and Apparel Works 1,38,19,4.0,SYNTHETIC_DEVELOPMENT,SYNTHETIC_NAME_NOT_REAL_EMPLOYER
Tamil Nadu,Coimbatore,Textiles & Apparel,Quality Inspector - Textiles,Southern Coimbatore Textiles and Apparel Works 2,38,28,4.0,SYNTHETIC_DEVELOPMENT,SYNTHETIC_NAME_NOT_REAL_EMPLOYER
Tamil Nadu,Hosur,Textiles & Apparel,Quality Inspector - Textiles,Central Hosur Textiles and Apparel Works 3,38,37,4.0,SYNTHETIC_DEVELOPMENT,SYNTHETIC_NAME_NOT_REAL_EMPLOYER
Tamil Nadu,Chennai,Engineering & Manufacturing,CNC Machine Operator,Southern Chennai Engineering and Manufacturing Works 1,75,26,5.8,SYNTHETIC_DEVELOPMENT,SYNTHETIC_NAME_NOT_REAL_EMPLOYER
Tamil Nadu,Coimbatore,Engineering & Manufacturing,CNC Machine Operator,Central Coimbatore Engineering and Manufacturing Works 2,75,35,5.8,SYNTHETIC_DEVELOPMENT,SYNTHETIC_NAME_NOT_REAL_EMPLOYER
Tamil Nadu,Hosur,Engineering & Manufacturing,CNC Machine Operator,Coastal Hosur Engineering and Manufacturing Works 3,75,44,5.8,SYNTHETIC_DEVELOPMENT,SYNTHETIC_NAME_NOT_REAL_EMPLOYER
Tamil Nadu,Chennai,Engineering & Manufacturing,Production Technician,Southern Chennai Engineering and Manufacturing Works 1,50,26,5.8,SYNTHETIC_DEVELOPMENT,SYNTHETIC_NAME_NOT_REAL_EMPLOYER
Tamil Nadu,Coimbatore,Engineering & Manufacturing,Production Technician,Central Coimbatore Engineering and Manufacturing Works 2,50,35,5.8,SYNTHETIC_DEVELOPMENT,SYNTHETIC_NAME_NOT_REAL_EMPLOYER
Tamil Nadu,Hosur,Engineering & Manufacturing,Production Technician,Coastal Hosur Engineering and Manufacturing Works 3,50,44,5.8,SYNTHETIC_DEVELOPMENT,SYNTHETIC_NAME_NOT_REAL_EMPLOYER
Tamil Nadu,Chennai,Engineering & Manufacturing,Quality Inspector,Southern Chennai Engineering and Manufacturing Works 1,31,26,5.8,SYNTHETIC_DEVELOPMENT,SYNTHETIC_NAME_NOT_REAL_EMPLOYER
Tamil Nadu,Coimbatore,Engineering & Manufacturing,Quality Inspector,Central Coimbatore Engineering and Manufacturing Works 2,31,35,5.8,SYNTHETIC_DEVELOPMENT,SYNTHETIC_NAME_NOT_REAL_EMPLOYER
Tamil Nadu,Hosur,Engineering & Manufacturing,Quality Inspector,Coastal Hosur Engineering and Manufacturing Works 3,31,44,5.8,SYNTHETIC_DEVELOPMENT,SYNTHETIC_NAME_NOT_REAL_EMPLOYER
Tamil Nadu,Chennai,Information Technology,Software Developer,Central Chennai Information Technology Works 1,62,33,8.0,SYNTHETIC_DEVELOPMENT,SYNTHETIC_NAME_NOT_REAL_EMPLOYER
Tamil Nadu,Coimbatore,Information Technology,Software Developer,Coastal Coimbatore Information Technology Works 2,62,42,8.0,SYNTHETIC_DEVELOPMENT,SYNTHETIC_NAME_NOT_REAL_EMPLOYER
Tamil Nadu,Hosur,Information Technology,Software Developer,Deccan Hosur Information Technology Works 3,62,51,8.0,SYNTHETIC_DEVELOPMENT,SYNTHETIC_NAME_NOT_REAL_EMPLOYER
Tamil Nadu,Chennai,Information Technology,Cloud Support Associate,Central Chennai Information Technology Works 1,41,33,8.0,SYNTHETIC_DEVELOPMENT,SYNTHETIC_NAME_NOT_REAL_EMPLOYER
Tamil Nadu,Coimbatore,Information Technology,Cloud Support Associate,Coastal Coimbatore Information Technology Works 2,41,42,8.0,SYNTHETIC_DEVELOPMENT,SYNTHETIC_NAME_NOT_REAL_EMPLOYER
Tamil Nadu,Hosur,Information Technology,Cloud Support Associate,Deccan Hosur Information Technology Works 3,41,51,8.0,SYNTHETIC_DEVELOPMENT,SYNTHETIC_NAME_NOT_REAL_EMPLOYER
Tamil Nadu,Chennai,Information Technology,Data Analyst,Central Chennai Information Technology Works 1,26,33,8.0,SYNTHETIC_DEVELOPMENT,SYNTHETIC_NAME_NOT_REAL_EMPLOYER
Tamil Nadu,Coimbatore,Information Technology,Data Analyst,Coastal Coimbatore Information Technology Works 2,26,42,8.0,SYNTHETIC_DEVELOPMENT,SYNTHETIC_NAME_NOT_REAL_EMPLOYER
Tamil Nadu,Hosur,Information Technology,Data Analyst,Deccan Hosur Information Technology Works 3,26,51,8.0,SYNTHETIC_DEVELOPMENT,SYNTHETIC_NAME_NOT_REAL_EMPLOYER
Tamil Nadu,Chennai,Leather & Footwear,Leather Processing Technician,Coastal Chennai Leather and Footwear Works 1,51,40,4.0,SYNTHETIC_DEVELOPMENT,SYNTHETIC_NAME_NOT_REAL_EMPLOYER
Tamil Nadu,Coimbatore,Leather & Footwear,Leather Processing Technician,Deccan Coimbatore Leather and Footwear Works 2,51,49,4.0,SYNTHETIC_DEVELOPMENT,SYNTHETIC_NAME_NOT_REAL_EMPLOYER
Tamil Nadu,Hosur,Leather & Footwear,Leather Processing Technician,Frontier Hosur Leather and Footwear Works 3,51,58,4.0,SYNTHETIC_DEVELOPMENT,SYNTHETIC_NAME_NOT_REAL_EMPLOYER
Tamil Nadu,Chennai,Leather & Footwear,Footwear Production Technician,Coastal Chennai Leather and Footwear Works 1,34,40,4.0,SYNTHETIC_DEVELOPMENT,SYNTHETIC_NAME_NOT_REAL_EMPLOYER
Tamil Nadu,Coimbatore,Leather & Footwear,Footwear Production Technician,Deccan Coimbatore Leather and Footwear Works 2,34,49,4.0,SYNTHETIC_DEVELOPMENT,SYNTHETIC_NAME_NOT_REAL_EMPLOYER
Tamil Nadu,Hosur,Leather & Footwear,Footwear Production Technician,Frontier Hosur Leather and Footwear Works 3,34,58,4.0,SYNTHETIC_DEVELOPMENT,SYNTHETIC_NAME_NOT_REAL_EMPLOYER
Tamil Nadu,Chennai,Leather & Footwear,Quality Inspector,Coastal Chennai Leather and Footwear Works 1,21,40,4.0,SYNTHETIC_DEVELOPMENT,SYNTHETIC_NAME_NOT_REAL_EMPLOYER
Tamil Nadu,Coimbatore,Leather & Footwear,Quality Inspector,Deccan Coimbatore Leather and Footwear Works 2,21,49,4.0,SYNTHETIC_DEVELOPMENT,SYNTHETIC_NAME_NOT_REAL_EMPLOYER
Tamil Nadu,Hosur,Leather & Footwear,Quality Inspector,Frontier Hosur Leather and Footwear Works 3,21,58,4.0,SYNTHETIC_DEVELOPMENT,SYNTHETIC_NAME_NOT_REAL_EMPLOYER
Telangana,Hyderabad,Information Technology,Software Developer,Eastern Hyderabad Information Technology Works 1,82,5,8.9,SYNTHETIC_DEVELOPMENT,SYNTHETIC_NAME_NOT_REAL_EMPLOYER
Telangana,Warangal,Information Technology,Software Developer,Western Warangal Information Technology Works 2,82,14,8.9,SYNTHETIC_DEVELOPMENT,SYNTHETIC_NAME_NOT_REAL_EMPLOYER
Telangana,Karimnagar,Information Technology,Software Developer,Northern Karimnagar Information Technology Works 3,82,23,8.9,SYNTHETIC_DEVELOPMENT,SYNTHETIC_NAME_NOT_REAL_EMPLOYER
Telangana,Hyderabad,Information Technology,Cloud Support Associate,Eastern Hyderabad Information Technology Works 1,55,5,8.9,SYNTHETIC_DEVELOPMENT,SYNTHETIC_NAME_NOT_REAL_EMPLOYER
Telangana,Warangal,Information Technology,Cloud Support Associate,Western Warangal Information Technology Works 2,55,14,8.9,SYNTHETIC_DEVELOPMENT,SYNTHETIC_NAME_NOT_REAL_EMPLOYER
Telangana,Karimnagar,Information Technology,Cloud Support Associate,Northern Karimnagar Information Technology Works 3,55,23,8.9,SYNTHETIC_DEVELOPMENT,SYNTHETIC_NAME_NOT_REAL_EMPLOYER
Telangana,Hyderabad,Information Technology,Data Analyst,Eastern Hyderabad Information Technology Works 1,34,5,8.9,SYNTHETIC_DEVELOPMENT,SYNTHETIC_NAME_NOT_REAL_EMPLOYER
Telangana,Warangal,Information Technology,Data Analyst,Western Warangal Information Technology Works 2,34,14,8.9,SYNTHETIC_DEVELOPMENT,SYNTHETIC_NAME_NOT_REAL_EMPLOYER
Telangana,Karimnagar,Information Technology,Data Analyst,Northern Karimnagar Information Technology Works 3,34,23,8.9,SYNTHETIC_DEVELOPMENT,SYNTHETIC_NAME_NOT_REAL_EMPLOYER
Telangana,Hyderabad,Pharmaceuticals,Pharmaceutical Production Technician,Western Hyderabad Pharmaceuticals Works 1,67,12,7.7,SYNTHETIC_DEVELOPMENT,SYNTHETIC_NAME_NOT_REAL_EMPLOYER
Telangana,Warangal,Pharmaceuticals,Pharmaceutical Production Technician,Northern Warangal Pharmaceuticals Works 2,67,21,7.7,SYNTHETIC_DEVELOPMENT,SYNTHETIC_NAME_NOT_REAL_EMPLOYER
Telangana,Karimnagar,Pharmaceuticals,Pharmaceutical Production Technician,Southern Karimnagar Pharmaceuticals Works 3,67,30,7.7,SYNTHETIC_DEVELOPMENT,SYNTHETIC_NAME_NOT_REAL_EMPLOYER
Telangana,Hyderabad,Pharmaceuticals,Quality Control Technician,Western Hyderabad Pharmaceuticals Works 1,45,12,7.7,SYNTHETIC_DEVELOPMENT,SYNTHETIC_NAME_NOT_REAL_EMPLOYER
Telangana,Warangal,Pharmaceuticals,Quality Control Technician,Northern Warangal Pharmaceuticals Works 2,45,21,7.7,SYNTHETIC_DEVELOPMENT,SYNTHETIC_NAME_NOT_REAL_EMPLOYER
Telangana,Karimnagar,Pharmaceuticals,Quality Control Technician,Southern Karimnagar Pharmaceuticals Works 3,45,30,7.7,SYNTHETIC_DEVELOPMENT,SYNTHETIC_NAME_NOT_REAL_EMPLOYER
Telangana,Hyderabad,Pharmaceuticals,Packaging Machine Operator,Western Hyderabad Pharmaceuticals Works 1,28,12,7.7,SYNTHETIC_DEVELOPMENT,SYNTHETIC_NAME_NOT_REAL_EMPLOYER
Telangana,Warangal,Pharmaceuticals,Packaging Machine Operator,Northern Warangal Pharmaceuticals Works 2,28,21,7.7,SYNTHETIC_DEVELOPMENT,SYNTHETIC_NAME_NOT_REAL_EMPLOYER
Telangana,Karimnagar,Pharmaceuticals,Packaging Machine Operator,Southern Karimnagar Pharmaceuticals Works 3,28,30,7.7,SYNTHETIC_DEVELOPMENT,SYNTHETIC_NAME_NOT_REAL_EMPLOYER
Telangana,Hyderabad,Life Sciences,Laboratory Technician,Northern Hyderabad Life Sciences Works 1,56,19,9.2,SYNTHETIC_DEVELOPMENT,SYNTHETIC_NAME_NOT_REAL_EMPLOYER
Telangana,Warangal,Life Sciences,Laboratory Technician,Southern Warangal Life Sciences Works 2,56,28,9.2,SYNTHETIC_DEVELOPMENT,SYNTHETIC_NAME_NOT_REAL_EMPLOYER
Telangana,Karimnagar,Life Sciences,Laboratory Technician,Central Karimnagar Life Sciences Works 3,56,37,9.2,SYNTHETIC_DEVELOPMENT,SYNTHETIC_NAME_NOT_REAL_EMPLOYER
Telangana,Hyderabad,Life Sciences,Bioprocess Technician,Northern Hyderabad Life Sciences Works 1,37,19,9.2,SYNTHETIC_DEVELOPMENT,SYNTHETIC_NAME_NOT_REAL_EMPLOYER
Telangana,Warangal,Life Sciences,Bioprocess Technician,Southern Warangal Life Sciences Works 2,37,28,9.2,SYNTHETIC_DEVELOPMENT,SYNTHETIC_NAME_NOT_REAL_EMPLOYER
Telangana,Karimnagar,Life Sciences,Bioprocess Technician,Central Karimnagar Life Sciences Works 3,37,37,9.2,SYNTHETIC_DEVELOPMENT,SYNTHETIC_NAME_NOT_REAL_EMPLOYER
Telangana,Hyderabad,Life Sciences,Quality Control Analyst,Northern Hyderabad Life Sciences Works 1,23,19,9.2,SYNTHETIC_DEVELOPMENT,SYNTHETIC_NAME_NOT_REAL_EMPLOYER
Telangana,Warangal,Life Sciences,Quality Control Analyst,Southern Warangal Life Sciences Works 2,23,28,9.2,SYNTHETIC_DEVELOPMENT,SYNTHETIC_NAME_NOT_REAL_EMPLOYER
Telangana,Karimnagar,Life Sciences,Quality Control Analyst,Central Karimnagar Life Sciences Works 3,23,37,9.2,SYNTHETIC_DEVELOPMENT,SYNTHETIC_NAME_NOT_REAL_EMPLOYER
Telangana,Hyderabad,Aerospace & Advanced Manufacturing,Aerospace Production Technician,Southern Hyderabad Aerospace and Advanced Manufacturing Works 1,46,26,7.8,SYNTHETIC_DEVELOPMENT,SYNTHETIC_NAME_NOT_REAL_EMPLOYER
Telangana,Warangal,Aerospace & Advanced Manufacturing,Aerospace Production Technician,Central Warangal Aerospace and Advanced Manufacturing Works 2,46,35,7.8,SYNTHETIC_DEVELOPMENT,SYNTHETIC_NAME_NOT_REAL_EMPLOYER
Telangana,Karimnagar,Aerospace & Advanced Manufacturing,Aerospace Production Technician,Coastal Karimnagar Aerospace and Advanced Manufacturing Works 3,46,44,7.8,SYNTHETIC_DEVELOPMENT,SYNTHETIC_NAME_NOT_REAL_EMPLOYER
Telangana,Hyderabad,Aerospace & Advanced Manufacturing,CNC Programmer,Southern Hyderabad Aerospace and Advanced Manufacturing Works 1,31,26,7.8,SYNTHETIC_DEVELOPMENT,SYNTHETIC_NAME_NOT_REAL_EMPLOYER
Telangana,Warangal,Aerospace & Advanced Manufacturing,CNC Programmer,Central Warangal Aerospace and Advanced Manufacturing Works 2,31,35,7.8,SYNTHETIC_DEVELOPMENT,SYNTHETIC_NAME_NOT_REAL_EMPLOYER
Telangana,Karimnagar,Aerospace & Advanced Manufacturing,CNC Programmer,Coastal Karimnagar Aerospace and Advanced Manufacturing Works 3,31,44,7.8,SYNTHETIC_DEVELOPMENT,SYNTHETIC_NAME_NOT_REAL_EMPLOYER
Telangana,Hyderabad,Aerospace & Advanced Manufacturing,Quality Assurance Technician,Southern Hyderabad Aerospace and Advanced Manufacturing Works 1,19,26,7.8,SYNTHETIC_DEVELOPMENT,SYNTHETIC_NAME_NOT_REAL_EMPLOYER
Telangana,Warangal,Aerospace & Advanced Manufacturing,Quality Assurance Technician,Central Warangal Aerospace and Advanced Manufacturing Works 2,19,35,7.8,SYNTHETIC_DEVELOPMENT,SYNTHETIC_NAME_NOT_REAL_EMPLOYER
Telangana,Karimnagar,Aerospace & Advanced Manufacturing,Quality Assurance Technician,Coastal Karimnagar Aerospace and Advanced Manufacturing Works 3,19,44,7.8,SYNTHETIC_DEVELOPMENT,SYNTHETIC_NAME_NOT_REAL_EMPLOYER
Telangana,Hyderabad,Electronics,Electronics Test Technician,Central Hyderabad Electronics Works 1,38,33,9.8,SYNTHETIC_DEVELOPMENT,SYNTHETIC_NAME_NOT_REAL_EMPLOYER
Telangana,Warangal,Electronics,Electronics Test Technician,Coastal Warangal Electronics Works 2,38,42,9.8,SYNTHETIC_DEVELOPMENT,SYNTHETIC_NAME_NOT_REAL_EMPLOYER
Telangana,Karimnagar,Electronics,Electronics Test Technician,Deccan Karimnagar Electronics Works 3,38,51,9.8,SYNTHETIC_DEVELOPMENT,SYNTHETIC_NAME_NOT_REAL_EMPLOYER
Telangana,Hyderabad,Electronics,Embedded Systems Technician,Central Hyderabad Electronics Works 1,25,33,9.8,SYNTHETIC_DEVELOPMENT,SYNTHETIC_NAME_NOT_REAL_EMPLOYER
Telangana,Warangal,Electronics,Embedded Systems Technician,Coastal Warangal Electronics Works 2,25,42,9.8,SYNTHETIC_DEVELOPMENT,SYNTHETIC_NAME_NOT_REAL_EMPLOYER
Telangana,Karimnagar,Electronics,Embedded Systems Technician,Deccan Karimnagar Electronics Works 3,25,51,9.8,SYNTHETIC_DEVELOPMENT,SYNTHETIC_NAME_NOT_REAL_EMPLOYER
Telangana,Hyderabad,Electronics,Production Quality Inspector,Central Hyderabad Electronics Works 1,16,33,9.8,SYNTHETIC_DEVELOPMENT,SYNTHETIC_NAME_NOT_REAL_EMPLOYER
Telangana,Warangal,Electronics,Production Quality Inspector,Coastal Warangal Electronics Works 2,16,42,9.8,SYNTHETIC_DEVELOPMENT,SYNTHETIC_NAME_NOT_REAL_EMPLOYER
Telangana,Karimnagar,Electronics,Production Quality Inspector,Deccan Karimnagar Electronics Works 3,16,51,9.8,SYNTHETIC_DEVELOPMENT,SYNTHETIC_NAME_NOT_REAL_EMPLOYER
Telangana,Hyderabad,Logistics,Warehouse Supervisor,Coastal Hyderabad Logistics Works 1,31,40,6.2,SYNTHETIC_DEVELOPMENT,SYNTHETIC_NAME_NOT_REAL_EMPLOYER
Telangana,Warangal,Logistics,Warehouse Supervisor,Deccan Warangal Logistics Works 2,31,49,6.2,SYNTHETIC_DEVELOPMENT,SYNTHETIC_NAME_NOT_REAL_EMPLOYER
Telangana,Karimnagar,Logistics,Warehouse Supervisor,Frontier Karimnagar Logistics Works 3,31,58,6.2,SYNTHETIC_DEVELOPMENT,SYNTHETIC_NAME_NOT_REAL_EMPLOYER
Telangana,Hyderabad,Logistics,Inventory Controller,Coastal Hyderabad Logistics Works 1,21,40,6.2,SYNTHETIC_DEVELOPMENT,SYNTHETIC_NAME_NOT_REAL_EMPLOYER
Telangana,Warangal,Logistics,Inventory Controller,Deccan Warangal Logistics Works 2,21,49,6.2,SYNTHETIC_DEVELOPMENT,SYNTHETIC_NAME_NOT_REAL_EMPLOYER
Telangana,Karimnagar,Logistics,Inventory Controller,Frontier Karimnagar Logistics Works 3,21,58,6.2,SYNTHETIC_DEVELOPMENT,SYNTHETIC_NAME_NOT_REAL_EMPLOYER
Telangana,Hyderabad,Logistics,Transport Operations Associate,Coastal Hyderabad Logistics Works 1,13,40,6.2,SYNTHETIC_DEVELOPMENT,SYNTHETIC_NAME_NOT_REAL_EMPLOYER
Telangana,Warangal,Logistics,Transport Operations Associate,Deccan Warangal Logistics Works 2,13,49,6.2,SYNTHETIC_DEVELOPMENT,SYNTHETIC_NAME_NOT_REAL_EMPLOYER
Telangana,Karimnagar,Logistics,Transport Operations Associate,Frontier Karimnagar Logistics Works 3,13,58,6.2,SYNTHETIC_DEVELOPMENT,SYNTHETIC_NAME_NOT_REAL_EMPLOYER
Tripura,Agartala,Rubber & Polymer Products,Rubber Processing Operator,Eastern Agartala Rubber and Polymer Products Works 1,11,5,6.0,SYNTHETIC_DEVELOPMENT,SYNTHETIC_NAME_NOT_REAL_EMPLOYER
Tripura,Udaipur,Rubber & Polymer Products,Rubber Processing Operator,Western Udaipur Rubber and Polymer Products Works 2,11,14,6.0,SYNTHETIC_DEVELOPMENT,SYNTHETIC_NAME_NOT_REAL_EMPLOYER
Tripura,Dharmanagar,Rubber & Polymer Products,Rubber Processing Operator,Northern Dharmanagar Rubber and Polymer Products Works 3,11,23,6.0,SYNTHETIC_DEVELOPMENT,SYNTHETIC_NAME_NOT_REAL_EMPLOYER
Tripura,Agartala,Rubber & Polymer Products,Production Technician,Eastern Agartala Rubber and Polymer Products Works 1,7,5,6.0,SYNTHETIC_DEVELOPMENT,SYNTHETIC_NAME_NOT_REAL_EMPLOYER
Tripura,Udaipur,Rubber & Polymer Products,Production Technician,Western Udaipur Rubber and Polymer Products Works 2,7,14,6.0,SYNTHETIC_DEVELOPMENT,SYNTHETIC_NAME_NOT_REAL_EMPLOYER
Tripura,Dharmanagar,Rubber & Polymer Products,Production Technician,Northern Dharmanagar Rubber and Polymer Products Works 3,7,23,6.0,SYNTHETIC_DEVELOPMENT,SYNTHETIC_NAME_NOT_REAL_EMPLOYER
Tripura,Agartala,Rubber & Polymer Products,Quality Inspector,Eastern Agartala Rubber and Polymer Products Works 1,4,5,6.0,SYNTHETIC_DEVELOPMENT,SYNTHETIC_NAME_NOT_REAL_EMPLOYER
Tripura,Udaipur,Rubber & Polymer Products,Quality Inspector,Western Udaipur Rubber and Polymer Products Works 2,4,14,6.0,SYNTHETIC_DEVELOPMENT,SYNTHETIC_NAME_NOT_REAL_EMPLOYER
Tripura,Dharmanagar,Rubber & Polymer Products,Quality Inspector,Northern Dharmanagar Rubber and Polymer Products Works 3,4,23,6.0,SYNTHETIC_DEVELOPMENT,SYNTHETIC_NAME_NOT_REAL_EMPLOYER
Tripura,Agartala,Tea Processing,Tea Processing Technician,Western Agartala Tea Processing Works 1,9,12,5.7,SYNTHETIC_DEVELOPMENT,SYNTHETIC_NAME_NOT_REAL_EMPLOYER
Tripura,Udaipur,Tea Processing,Tea Processing Technician,Northern Udaipur Tea Processing Works 2,9,21,5.7,SYNTHETIC_DEVELOPMENT,SYNTHETIC_NAME_NOT_REAL_EMPLOYER
Tripura,Dharmanagar,Tea Processing,Tea Processing Technician,Southern Dharmanagar Tea Processing Works 3,9,30,5.7,SYNTHETIC_DEVELOPMENT,SYNTHETIC_NAME_NOT_REAL_EMPLOYER
Tripura,Agartala,Tea Processing,Quality Control Assistant,Western Agartala Tea Processing Works 1,6,12,5.7,SYNTHETIC_DEVELOPMENT,SYNTHETIC_NAME_NOT_REAL_EMPLOYER
Tripura,Udaipur,Tea Processing,Quality Control Assistant,Northern Udaipur Tea Processing Works 2,6,21,5.7,SYNTHETIC_DEVELOPMENT,SYNTHETIC_NAME_NOT_REAL_EMPLOYER
Tripura,Dharmanagar,Tea Processing,Quality Control Assistant,Southern Dharmanagar Tea Processing Works 3,6,30,5.7,SYNTHETIC_DEVELOPMENT,SYNTHETIC_NAME_NOT_REAL_EMPLOYER
Tripura,Agartala,Tea Processing,Packaging Operator,Western Agartala Tea Processing Works 1,4,12,5.7,SYNTHETIC_DEVELOPMENT,SYNTHETIC_NAME_NOT_REAL_EMPLOYER
Tripura,Udaipur,Tea Processing,Packaging Operator,Northern Udaipur Tea Processing Works 2,4,21,5.7,SYNTHETIC_DEVELOPMENT,SYNTHETIC_NAME_NOT_REAL_EMPLOYER
Tripura,Dharmanagar,Tea Processing,Packaging Operator,Southern Dharmanagar Tea Processing Works 3,4,30,5.7,SYNTHETIC_DEVELOPMENT,SYNTHETIC_NAME_NOT_REAL_EMPLOYER
Tripura,Agartala,Bamboo,Bamboo Technician,Northern Agartala Bamboo Works 1,7,19,5.8,SYNTHETIC_DEVELOPMENT,SYNTHETIC_NAME_NOT_REAL_EMPLOYER
Tripura,Udaipur,Bamboo,Bamboo Technician,Southern Udaipur Bamboo Works 2,7,28,5.8,SYNTHETIC_DEVELOPMENT,SYNTHETIC_NAME_NOT_REAL_EMPLOYER
Tripura,Dharmanagar,Bamboo,Bamboo Technician,Central Dharmanagar Bamboo Works 3,7,37,5.8,SYNTHETIC_DEVELOPMENT,SYNTHETIC_NAME_NOT_REAL_EMPLOYER
Tripura,Agartala,Bamboo,Bamboo Operator,Northern Agartala Bamboo Works 1,5,19,5.8,SYNTHETIC_DEVELOPMENT,SYNTHETIC_NAME_NOT_REAL_EMPLOYER
Tripura,Udaipur,Bamboo,Bamboo Operator,Southern Udaipur Bamboo Works 2,5,28,5.8,SYNTHETIC_DEVELOPMENT,SYNTHETIC_NAME_NOT_REAL_EMPLOYER
Tripura,Dharmanagar,Bamboo,Bamboo Operator,Central Dharmanagar Bamboo Works 3,5,37,5.8,SYNTHETIC_DEVELOPMENT,SYNTHETIC_NAME_NOT_REAL_EMPLOYER
Tripura,Agartala,Bamboo,Bamboo Associate,Northern Agartala Bamboo Works 1,3,19,5.8,SYNTHETIC_DEVELOPMENT,SYNTHETIC_NAME_NOT_REAL_EMPLOYER
Tripura,Udaipur,Bamboo,Bamboo Associate,Southern Udaipur Bamboo Works 2,3,28,5.8,SYNTHETIC_DEVELOPMENT,SYNTHETIC_NAME_NOT_REAL_EMPLOYER
Tripura,Dharmanagar,Bamboo,Bamboo Associate,Central Dharmanagar Bamboo Works 3,3,37,5.8,SYNTHETIC_DEVELOPMENT,SYNTHETIC_NAME_NOT_REAL_EMPLOYER
Tripura,Agartala,Food Processing,Food Processing Technician,Southern Agartala Food Processing Works 1,6,26,5.5,SYNTHETIC_DEVELOPMENT,SYNTHETIC_NAME_NOT_REAL_EMPLOYER
Tripura,Udaipur,Food Processing,Food Processing Technician,Central Udaipur Food Processing Works 2,6,35,5.5,SYNTHETIC_DEVELOPMENT,SYNTHETIC_NAME_NOT_REAL_EMPLOYER
Tripura,Dharmanagar,Food Processing,Food Processing Technician,Coastal Dharmanagar Food Processing Works 3,6,44,5.5,SYNTHETIC_DEVELOPMENT,SYNTHETIC_NAME_NOT_REAL_EMPLOYER
Tripura,Agartala,Food Processing,Production Operator,Southern Agartala Food Processing Works 1,4,26,5.5,SYNTHETIC_DEVELOPMENT,SYNTHETIC_NAME_NOT_REAL_EMPLOYER
Tripura,Udaipur,Food Processing,Production Operator,Central Udaipur Food Processing Works 2,4,35,5.5,SYNTHETIC_DEVELOPMENT,SYNTHETIC_NAME_NOT_REAL_EMPLOYER
Tripura,Dharmanagar,Food Processing,Production Operator,Coastal Dharmanagar Food Processing Works 3,4,44,5.5,SYNTHETIC_DEVELOPMENT,SYNTHETIC_NAME_NOT_REAL_EMPLOYER
Tripura,Agartala,Food Processing,Quality Technician,Southern Agartala Food Processing Works 1,2,26,5.5,SYNTHETIC_DEVELOPMENT,SYNTHETIC_NAME_NOT_REAL_EMPLOYER
Tripura,Udaipur,Food Processing,Quality Technician,Central Udaipur Food Processing Works 2,2,35,5.5,SYNTHETIC_DEVELOPMENT,SYNTHETIC_NAME_NOT_REAL_EMPLOYER
Tripura,Dharmanagar,Food Processing,Quality Technician,Coastal Dharmanagar Food Processing Works 3,2,44,5.5,SYNTHETIC_DEVELOPMENT,SYNTHETIC_NAME_NOT_REAL_EMPLOYER
Tripura,Agartala,Construction,Construction Site Supervisor,Central Agartala Construction Works 1,5,33,4.8,SYNTHETIC_DEVELOPMENT,SYNTHETIC_NAME_NOT_REAL_EMPLOYER
Tripura,Udaipur,Construction,Construction Site Supervisor,Coastal Udaipur Construction Works 2,5,42,4.8,SYNTHETIC_DEVELOPMENT,SYNTHETIC_NAME_NOT_REAL_EMPLOYER
Tripura,Dharmanagar,Construction,Construction Site Supervisor,Deccan Dharmanagar Construction Works 3,5,51,4.8,SYNTHETIC_DEVELOPMENT,SYNTHETIC_NAME_NOT_REAL_EMPLOYER
Tripura,Agartala,Construction,Mason,Central Agartala Construction Works 1,3,33,4.8,SYNTHETIC_DEVELOPMENT,SYNTHETIC_NAME_NOT_REAL_EMPLOYER
Tripura,Udaipur,Construction,Mason,Coastal Udaipur Construction Works 2,3,42,4.8,SYNTHETIC_DEVELOPMENT,SYNTHETIC_NAME_NOT_REAL_EMPLOYER
Tripura,Dharmanagar,Construction,Mason,Deccan Dharmanagar Construction Works 3,3,51,4.8,SYNTHETIC_DEVELOPMENT,SYNTHETIC_NAME_NOT_REAL_EMPLOYER
Tripura,Agartala,Construction,Heavy Equipment Operator,Central Agartala Construction Works 1,3,33,4.8,SYNTHETIC_DEVELOPMENT,SYNTHETIC_NAME_NOT_REAL_EMPLOYER
Tripura,Udaipur,Construction,Heavy Equipment Operator,Coastal Udaipur Construction Works 2,3,42,4.8,SYNTHETIC_DEVELOPMENT,SYNTHETIC_NAME_NOT_REAL_EMPLOYER
Tripura,Agartala,Tourism & Hospitality,Hotel Operations Associate,Coastal Agartala Tourism and Hospitality Works 1,4,40,6.0,SYNTHETIC_DEVELOPMENT,SYNTHETIC_NAME_NOT_REAL_EMPLOYER
Tripura,Udaipur,Tourism & Hospitality,Hotel Operations Associate,Deccan Udaipur Tourism and Hospitality Works 2,4,49,6.0,SYNTHETIC_DEVELOPMENT,SYNTHETIC_NAME_NOT_REAL_EMPLOYER
Tripura,Dharmanagar,Tourism & Hospitality,Hotel Operations Associate,Frontier Dharmanagar Tourism and Hospitality Works 3,4,58,6.0,SYNTHETIC_DEVELOPMENT,SYNTHETIC_NAME_NOT_REAL_EMPLOYER
Tripura,Agartala,Tourism & Hospitality,Food & Beverage Supervisor,Coastal Agartala Tourism and Hospitality Works 1,3,40,6.0,SYNTHETIC_DEVELOPMENT,SYNTHETIC_NAME_NOT_REAL_EMPLOYER
Tripura,Udaipur,Tourism & Hospitality,Food & Beverage Supervisor,Deccan Udaipur Tourism and Hospitality Works 2,3,49,6.0,SYNTHETIC_DEVELOPMENT,SYNTHETIC_NAME_NOT_REAL_EMPLOYER
Tripura,Dharmanagar,Tourism & Hospitality,Food & Beverage Supervisor,Frontier Dharmanagar Tourism and Hospitality Works 3,3,58,6.0,SYNTHETIC_DEVELOPMENT,SYNTHETIC_NAME_NOT_REAL_EMPLOYER
Tripura,Agartala,Tourism & Hospitality,Travel Operations Executive,Coastal Agartala Tourism and Hospitality Works 1,2,40,6.0,SYNTHETIC_DEVELOPMENT,SYNTHETIC_NAME_NOT_REAL_EMPLOYER
Tripura,Udaipur,Tourism & Hospitality,Travel Operations Executive,Deccan Udaipur Tourism and Hospitality Works 2,2,49,6.0,SYNTHETIC_DEVELOPMENT,SYNTHETIC_NAME_NOT_REAL_EMPLOYER
Uttar Pradesh,Noida,Agriculture,Farm Equipment Technician,Eastern Noida Agriculture Works 1,210,5,4.0,SYNTHETIC_DEVELOPMENT,SYNTHETIC_NAME_NOT_REAL_EMPLOYER
Uttar Pradesh,Lucknow,Agriculture,Farm Equipment Technician,Western Lucknow Agriculture Works 2,210,14,4.0,SYNTHETIC_DEVELOPMENT,SYNTHETIC_NAME_NOT_REAL_EMPLOYER
Uttar Pradesh,Kanpur,Agriculture,Farm Equipment Technician,Northern Kanpur Agriculture Works 3,210,23,4.0,SYNTHETIC_DEVELOPMENT,SYNTHETIC_NAME_NOT_REAL_EMPLOYER
Uttar Pradesh,Noida,Agriculture,Agriculture Field Technician,Eastern Noida Agriculture Works 1,140,5,4.0,SYNTHETIC_DEVELOPMENT,SYNTHETIC_NAME_NOT_REAL_EMPLOYER
Uttar Pradesh,Lucknow,Agriculture,Agriculture Field Technician,Western Lucknow Agriculture Works 2,140,14,4.0,SYNTHETIC_DEVELOPMENT,SYNTHETIC_NAME_NOT_REAL_EMPLOYER
Uttar Pradesh,Kanpur,Agriculture,Agriculture Field Technician,Northern Kanpur Agriculture Works 3,140,23,4.0,SYNTHETIC_DEVELOPMENT,SYNTHETIC_NAME_NOT_REAL_EMPLOYER
Uttar Pradesh,Noida,Agriculture,Irrigation Technician,Eastern Noida Agriculture Works 1,88,5,4.0,SYNTHETIC_DEVELOPMENT,SYNTHETIC_NAME_NOT_REAL_EMPLOYER
Uttar Pradesh,Lucknow,Agriculture,Irrigation Technician,Western Lucknow Agriculture Works 2,88,14,4.0,SYNTHETIC_DEVELOPMENT,SYNTHETIC_NAME_NOT_REAL_EMPLOYER
Uttar Pradesh,Kanpur,Agriculture,Irrigation Technician,Northern Kanpur Agriculture Works 3,88,23,4.0,SYNTHETIC_DEVELOPMENT,SYNTHETIC_NAME_NOT_REAL_EMPLOYER
Uttar Pradesh,Noida,Food Processing,Food Processing Technician,Western Noida Food Processing Works 1,172,12,6.5,SYNTHETIC_DEVELOPMENT,SYNTHETIC_NAME_NOT_REAL_EMPLOYER
Uttar Pradesh,Lucknow,Food Processing,Food Processing Technician,Northern Lucknow Food Processing Works 2,172,21,6.5,SYNTHETIC_DEVELOPMENT,SYNTHETIC_NAME_NOT_REAL_EMPLOYER
Uttar Pradesh,Kanpur,Food Processing,Food Processing Technician,Southern Kanpur Food Processing Works 3,172,30,6.5,SYNTHETIC_DEVELOPMENT,SYNTHETIC_NAME_NOT_REAL_EMPLOYER
Uttar Pradesh,Noida,Food Processing,Production Operator,Western Noida Food Processing Works 1,115,12,6.5,SYNTHETIC_DEVELOPMENT,SYNTHETIC_NAME_NOT_REAL_EMPLOYER
Uttar Pradesh,Lucknow,Food Processing,Production Operator,Northern Lucknow Food Processing Works 2,115,21,6.5,SYNTHETIC_DEVELOPMENT,SYNTHETIC_NAME_NOT_REAL_EMPLOYER
Uttar Pradesh,Kanpur,Food Processing,Production Operator,Southern Kanpur Food Processing Works 3,115,30,6.5,SYNTHETIC_DEVELOPMENT,SYNTHETIC_NAME_NOT_REAL_EMPLOYER
Uttar Pradesh,Noida,Food Processing,Quality Technician,Western Noida Food Processing Works 1,72,12,6.5,SYNTHETIC_DEVELOPMENT,SYNTHETIC_NAME_NOT_REAL_EMPLOYER
Uttar Pradesh,Lucknow,Food Processing,Quality Technician,Northern Lucknow Food Processing Works 2,72,21,6.5,SYNTHETIC_DEVELOPMENT,SYNTHETIC_NAME_NOT_REAL_EMPLOYER
Uttar Pradesh,Kanpur,Food Processing,Quality Technician,Southern Kanpur Food Processing Works 3,72,30,6.5,SYNTHETIC_DEVELOPMENT,SYNTHETIC_NAME_NOT_REAL_EMPLOYER
Uttar Pradesh,Noida,Leather & Footwear,Leather Processing Technician,Northern Noida Leather and Footwear Works 1,143,19,4.5,SYNTHETIC_DEVELOPMENT,SYNTHETIC_NAME_NOT_REAL_EMPLOYER
Uttar Pradesh,Lucknow,Leather & Footwear,Leather Processing Technician,Southern Lucknow Leather and Footwear Works 2,143,28,4.5,SYNTHETIC_DEVELOPMENT,SYNTHETIC_NAME_NOT_REAL_EMPLOYER
Uttar Pradesh,Kanpur,Leather & Footwear,Leather Processing Technician,Central Kanpur Leather and Footwear Works 3,143,37,4.5,SYNTHETIC_DEVELOPMENT,SYNTHETIC_NAME_NOT_REAL_EMPLOYER
Uttar Pradesh,Noida,Leather & Footwear,Footwear Production Technician,Northern Noida Leather and Footwear Works 1,95,19,4.5,SYNTHETIC_DEVELOPMENT,SYNTHETIC_NAME_NOT_REAL_EMPLOYER
Uttar Pradesh,Lucknow,Leather & Footwear,Footwear Production Technician,Southern Lucknow Leather and Footwear Works 2,95,28,4.5,SYNTHETIC_DEVELOPMENT,SYNTHETIC_NAME_NOT_REAL_EMPLOYER
Uttar Pradesh,Kanpur,Leather & Footwear,Footwear Production Technician,Central Kanpur Leather and Footwear Works 3,95,37,4.5,SYNTHETIC_DEVELOPMENT,SYNTHETIC_NAME_NOT_REAL_EMPLOYER
Uttar Pradesh,Noida,Leather & Footwear,Quality Inspector,Northern Noida Leather and Footwear Works 1,60,19,4.5,SYNTHETIC_DEVELOPMENT,SYNTHETIC_NAME_NOT_REAL_EMPLOYER
Uttar Pradesh,Lucknow,Leather & Footwear,Quality Inspector,Southern Lucknow Leather and Footwear Works 2,60,28,4.5,SYNTHETIC_DEVELOPMENT,SYNTHETIC_NAME_NOT_REAL_EMPLOYER
Uttar Pradesh,Kanpur,Leather & Footwear,Quality Inspector,Central Kanpur Leather and Footwear Works 3,60,37,4.5,SYNTHETIC_DEVELOPMENT,SYNTHETIC_NAME_NOT_REAL_EMPLOYER
Uttar Pradesh,Noida,Textiles & Apparel,Textile Machine Operator,Southern Noida Textiles and Apparel Works 1,118,26,4.8,SYNTHETIC_DEVELOPMENT,SYNTHETIC_NAME_NOT_REAL_EMPLOYER
Uttar Pradesh,Lucknow,Textiles & Apparel,Textile Machine Operator,Central Lucknow Textiles and Apparel Works 2,118,35,4.8,SYNTHETIC_DEVELOPMENT,SYNTHETIC_NAME_NOT_REAL_EMPLOYER
Uttar Pradesh,Kanpur,Textiles & Apparel,Textile Machine Operator,Coastal Kanpur Textiles and Apparel Works 3,118,44,4.8,SYNTHETIC_DEVELOPMENT,SYNTHETIC_NAME_NOT_REAL_EMPLOYER
Uttar Pradesh,Noida,Textiles & Apparel,Garment Production Supervisor,Southern Noida Textiles and Apparel Works 1,78,26,4.8,SYNTHETIC_DEVELOPMENT,SYNTHETIC_NAME_NOT_REAL_EMPLOYER
Uttar Pradesh,Lucknow,Textiles & Apparel,Garment Production Supervisor,Central Lucknow Textiles and Apparel Works 2,78,35,4.8,SYNTHETIC_DEVELOPMENT,SYNTHETIC_NAME_NOT_REAL_EMPLOYER
Uttar Pradesh,Kanpur,Textiles & Apparel,Garment Production Supervisor,Coastal Kanpur Textiles and Apparel Works 3,78,44,4.8,SYNTHETIC_DEVELOPMENT,SYNTHETIC_NAME_NOT_REAL_EMPLOYER
Uttar Pradesh,Noida,Textiles & Apparel,Quality Inspector - Textiles,Southern Noida Textiles and Apparel Works 1,49,26,4.8,SYNTHETIC_DEVELOPMENT,SYNTHETIC_NAME_NOT_REAL_EMPLOYER
Uttar Pradesh,Lucknow,Textiles & Apparel,Quality Inspector - Textiles,Central Lucknow Textiles and Apparel Works 2,49,35,4.8,SYNTHETIC_DEVELOPMENT,SYNTHETIC_NAME_NOT_REAL_EMPLOYER
Uttar Pradesh,Kanpur,Textiles & Apparel,Quality Inspector - Textiles,Coastal Kanpur Textiles and Apparel Works 3,49,44,4.8,SYNTHETIC_DEVELOPMENT,SYNTHETIC_NAME_NOT_REAL_EMPLOYER
Uttar Pradesh,Noida,Electronics,Electronics Test Technician,Central Noida Electronics Works 1,97,33,9.2,SYNTHETIC_DEVELOPMENT,SYNTHETIC_NAME_NOT_REAL_EMPLOYER
Uttar Pradesh,Lucknow,Electronics,Electronics Test Technician,Coastal Lucknow Electronics Works 2,97,42,9.2,SYNTHETIC_DEVELOPMENT,SYNTHETIC_NAME_NOT_REAL_EMPLOYER
Uttar Pradesh,Kanpur,Electronics,Electronics Test Technician,Deccan Kanpur Electronics Works 3,97,51,9.2,SYNTHETIC_DEVELOPMENT,SYNTHETIC_NAME_NOT_REAL_EMPLOYER
Uttar Pradesh,Noida,Electronics,Embedded Systems Technician,Central Noida Electronics Works 1,64,33,9.2,SYNTHETIC_DEVELOPMENT,SYNTHETIC_NAME_NOT_REAL_EMPLOYER
Uttar Pradesh,Lucknow,Electronics,Embedded Systems Technician,Coastal Lucknow Electronics Works 2,64,42,9.2,SYNTHETIC_DEVELOPMENT,SYNTHETIC_NAME_NOT_REAL_EMPLOYER
Uttar Pradesh,Kanpur,Electronics,Embedded Systems Technician,Deccan Kanpur Electronics Works 3,64,51,9.2,SYNTHETIC_DEVELOPMENT,SYNTHETIC_NAME_NOT_REAL_EMPLOYER
Uttar Pradesh,Noida,Electronics,Production Quality Inspector,Central Noida Electronics Works 1,40,33,9.2,SYNTHETIC_DEVELOPMENT,SYNTHETIC_NAME_NOT_REAL_EMPLOYER
Uttar Pradesh,Lucknow,Electronics,Production Quality Inspector,Coastal Lucknow Electronics Works 2,40,42,9.2,SYNTHETIC_DEVELOPMENT,SYNTHETIC_NAME_NOT_REAL_EMPLOYER
Uttar Pradesh,Kanpur,Electronics,Production Quality Inspector,Deccan Kanpur Electronics Works 3,40,51,9.2,SYNTHETIC_DEVELOPMENT,SYNTHETIC_NAME_NOT_REAL_EMPLOYER
Uttar Pradesh,Noida,Construction,Construction Site Supervisor,Coastal Noida Construction Works 1,80,40,5.0,SYNTHETIC_DEVELOPMENT,SYNTHETIC_NAME_NOT_REAL_EMPLOYER
Uttar Pradesh,Lucknow,Construction,Construction Site Supervisor,Deccan Lucknow Construction Works 2,80,49,5.0,SYNTHETIC_DEVELOPMENT,SYNTHETIC_NAME_NOT_REAL_EMPLOYER
Uttar Pradesh,Kanpur,Construction,Construction Site Supervisor,Frontier Kanpur Construction Works 3,80,58,5.0,SYNTHETIC_DEVELOPMENT,SYNTHETIC_NAME_NOT_REAL_EMPLOYER
Uttar Pradesh,Noida,Construction,Mason,Coastal Noida Construction Works 1,53,40,5.0,SYNTHETIC_DEVELOPMENT,SYNTHETIC_NAME_NOT_REAL_EMPLOYER
Uttar Pradesh,Lucknow,Construction,Mason,Deccan Lucknow Construction Works 2,53,49,5.0,SYNTHETIC_DEVELOPMENT,SYNTHETIC_NAME_NOT_REAL_EMPLOYER
Uttar Pradesh,Kanpur,Construction,Mason,Frontier Kanpur Construction Works 3,53,58,5.0,SYNTHETIC_DEVELOPMENT,SYNTHETIC_NAME_NOT_REAL_EMPLOYER
Uttar Pradesh,Noida,Construction,Heavy Equipment Operator,Coastal Noida Construction Works 1,33,40,5.0,SYNTHETIC_DEVELOPMENT,SYNTHETIC_NAME_NOT_REAL_EMPLOYER
Uttar Pradesh,Lucknow,Construction,Heavy Equipment Operator,Deccan Lucknow Construction Works 2,33,49,5.0,SYNTHETIC_DEVELOPMENT,SYNTHETIC_NAME_NOT_REAL_EMPLOYER
Uttar Pradesh,Kanpur,Construction,Heavy Equipment Operator,Frontier Kanpur Construction Works 3,33,58,5.0,SYNTHETIC_DEVELOPMENT,SYNTHETIC_NAME_NOT_REAL_EMPLOYER
Uttarakhand,Dehradun,Pharmaceuticals,Pharmaceutical Production Technician,Eastern Dehradun Pharmaceuticals Works 1,30,5,8.4,SYNTHETIC_DEVELOPMENT,SYNTHETIC_NAME_NOT_REAL_EMPLOYER
Uttarakhand,Haridwar,Pharmaceuticals,Pharmaceutical Production Technician,Western Haridwar Pharmaceuticals Works 2,30,14,8.4,SYNTHETIC_DEVELOPMENT,SYNTHETIC_NAME_NOT_REAL_EMPLOYER
Uttarakhand,Rudrapur,Pharmaceuticals,Pharmaceutical Production Technician,Northern Rudrapur Pharmaceuticals Works 3,30,23,8.4,SYNTHETIC_DEVELOPMENT,SYNTHETIC_NAME_NOT_REAL_EMPLOYER
Uttarakhand,Dehradun,Pharmaceuticals,Quality Control Technician,Eastern Dehradun Pharmaceuticals Works 1,20,5,8.4,SYNTHETIC_DEVELOPMENT,SYNTHETIC_NAME_NOT_REAL_EMPLOYER
Uttarakhand,Haridwar,Pharmaceuticals,Quality Control Technician,Western Haridwar Pharmaceuticals Works 2,20,14,8.4,SYNTHETIC_DEVELOPMENT,SYNTHETIC_NAME_NOT_REAL_EMPLOYER
Uttarakhand,Rudrapur,Pharmaceuticals,Quality Control Technician,Northern Rudrapur Pharmaceuticals Works 3,20,23,8.4,SYNTHETIC_DEVELOPMENT,SYNTHETIC_NAME_NOT_REAL_EMPLOYER
Uttarakhand,Dehradun,Pharmaceuticals,Packaging Machine Operator,Eastern Dehradun Pharmaceuticals Works 1,12,5,8.4,SYNTHETIC_DEVELOPMENT,SYNTHETIC_NAME_NOT_REAL_EMPLOYER
Uttarakhand,Haridwar,Pharmaceuticals,Packaging Machine Operator,Western Haridwar Pharmaceuticals Works 2,12,14,8.4,SYNTHETIC_DEVELOPMENT,SYNTHETIC_NAME_NOT_REAL_EMPLOYER
Uttarakhand,Rudrapur,Pharmaceuticals,Packaging Machine Operator,Northern Rudrapur Pharmaceuticals Works 3,12,23,8.4,SYNTHETIC_DEVELOPMENT,SYNTHETIC_NAME_NOT_REAL_EMPLOYER
Uttarakhand,Dehradun,Tourism & Hospitality,Hotel Operations Associate,Western Dehradun Tourism and Hospitality Works 1,24,12,7.2,SYNTHETIC_DEVELOPMENT,SYNTHETIC_NAME_NOT_REAL_EMPLOYER
Uttarakhand,Haridwar,Tourism & Hospitality,Hotel Operations Associate,Northern Haridwar Tourism and Hospitality Works 2,24,21,7.2,SYNTHETIC_DEVELOPMENT,SYNTHETIC_NAME_NOT_REAL_EMPLOYER
Uttarakhand,Rudrapur,Tourism & Hospitality,Hotel Operations Associate,Southern Rudrapur Tourism and Hospitality Works 3,24,30,7.2,SYNTHETIC_DEVELOPMENT,SYNTHETIC_NAME_NOT_REAL_EMPLOYER
Uttarakhand,Dehradun,Tourism & Hospitality,Food & Beverage Supervisor,Western Dehradun Tourism and Hospitality Works 1,16,12,7.2,SYNTHETIC_DEVELOPMENT,SYNTHETIC_NAME_NOT_REAL_EMPLOYER
Uttarakhand,Haridwar,Tourism & Hospitality,Food & Beverage Supervisor,Northern Haridwar Tourism and Hospitality Works 2,16,21,7.2,SYNTHETIC_DEVELOPMENT,SYNTHETIC_NAME_NOT_REAL_EMPLOYER
Uttarakhand,Rudrapur,Tourism & Hospitality,Food & Beverage Supervisor,Southern Rudrapur Tourism and Hospitality Works 3,16,30,7.2,SYNTHETIC_DEVELOPMENT,SYNTHETIC_NAME_NOT_REAL_EMPLOYER
Uttarakhand,Dehradun,Tourism & Hospitality,Travel Operations Executive,Western Dehradun Tourism and Hospitality Works 1,10,12,7.2,SYNTHETIC_DEVELOPMENT,SYNTHETIC_NAME_NOT_REAL_EMPLOYER
Uttarakhand,Haridwar,Tourism & Hospitality,Travel Operations Executive,Northern Haridwar Tourism and Hospitality Works 2,10,21,7.2,SYNTHETIC_DEVELOPMENT,SYNTHETIC_NAME_NOT_REAL_EMPLOYER
Uttarakhand,Rudrapur,Tourism & Hospitality,Travel Operations Executive,Southern Rudrapur Tourism and Hospitality Works 3,10,30,7.2,SYNTHETIC_DEVELOPMENT,SYNTHETIC_NAME_NOT_REAL_EMPLOYER
Uttarakhand,Dehradun,Food Processing,Food Processing Technician,Northern Dehradun Food Processing Works 1,20,19,6.2,SYNTHETIC_DEVELOPMENT,SYNTHETIC_NAME_NOT_REAL_EMPLOYER
Uttarakhand,Haridwar,Food Processing,Food Processing Technician,Southern Haridwar Food Processing Works 2,20,28,6.2,SYNTHETIC_DEVELOPMENT,SYNTHETIC_NAME_NOT_REAL_EMPLOYER
Uttarakhand,Rudrapur,Food Processing,Food Processing Technician,Central Rudrapur Food Processing Works 3,20,37,6.2,SYNTHETIC_DEVELOPMENT,SYNTHETIC_NAME_NOT_REAL_EMPLOYER
Uttarakhand,Dehradun,Food Processing,Production Operator,Northern Dehradun Food Processing Works 1,13,19,6.2,SYNTHETIC_DEVELOPMENT,SYNTHETIC_NAME_NOT_REAL_EMPLOYER
Uttarakhand,Haridwar,Food Processing,Production Operator,Southern Haridwar Food Processing Works 2,13,28,6.2,SYNTHETIC_DEVELOPMENT,SYNTHETIC_NAME_NOT_REAL_EMPLOYER
Uttarakhand,Rudrapur,Food Processing,Production Operator,Central Rudrapur Food Processing Works 3,13,37,6.2,SYNTHETIC_DEVELOPMENT,SYNTHETIC_NAME_NOT_REAL_EMPLOYER
Uttarakhand,Dehradun,Food Processing,Quality Technician,Northern Dehradun Food Processing Works 1,8,19,6.2,SYNTHETIC_DEVELOPMENT,SYNTHETIC_NAME_NOT_REAL_EMPLOYER
Uttarakhand,Haridwar,Food Processing,Quality Technician,Southern Haridwar Food Processing Works 2,8,28,6.2,SYNTHETIC_DEVELOPMENT,SYNTHETIC_NAME_NOT_REAL_EMPLOYER
Uttarakhand,Rudrapur,Food Processing,Quality Technician,Central Rudrapur Food Processing Works 3,8,37,6.2,SYNTHETIC_DEVELOPMENT,SYNTHETIC_NAME_NOT_REAL_EMPLOYER
Uttarakhand,Dehradun,Energy & Utilities,Hydropower Plant Technician,Southern Dehradun Energy and Utilities Works 1,16,26,4.5,SYNTHETIC_DEVELOPMENT,SYNTHETIC_NAME_NOT_REAL_EMPLOYER
Uttarakhand,Haridwar,Energy & Utilities,Hydropower Plant Technician,Central Haridwar Energy and Utilities Works 2,16,35,4.5,SYNTHETIC_DEVELOPMENT,SYNTHETIC_NAME_NOT_REAL_EMPLOYER
Uttarakhand,Rudrapur,Energy & Utilities,Hydropower Plant Technician,Coastal Rudrapur Energy and Utilities Works 3,16,44,4.5,SYNTHETIC_DEVELOPMENT,SYNTHETIC_NAME_NOT_REAL_EMPLOYER
Uttarakhand,Dehradun,Energy & Utilities,Electrical Maintenance Technician,Southern Dehradun Energy and Utilities Works 1,11,26,4.5,SYNTHETIC_DEVELOPMENT,SYNTHETIC_NAME_NOT_REAL_EMPLOYER
Uttarakhand,Haridwar,Energy & Utilities,Electrical Maintenance Technician,Central Haridwar Energy and Utilities Works 2,11,35,4.5,SYNTHETIC_DEVELOPMENT,SYNTHETIC_NAME_NOT_REAL_EMPLOYER
Uttarakhand,Rudrapur,Energy & Utilities,Electrical Maintenance Technician,Coastal Rudrapur Energy and Utilities Works 3,11,44,4.5,SYNTHETIC_DEVELOPMENT,SYNTHETIC_NAME_NOT_REAL_EMPLOYER
Uttarakhand,Dehradun,Energy & Utilities,Instrumentation Technician,Southern Dehradun Energy and Utilities Works 1,7,26,4.5,SYNTHETIC_DEVELOPMENT,SYNTHETIC_NAME_NOT_REAL_EMPLOYER
Uttarakhand,Haridwar,Energy & Utilities,Instrumentation Technician,Central Haridwar Energy and Utilities Works 2,7,35,4.5,SYNTHETIC_DEVELOPMENT,SYNTHETIC_NAME_NOT_REAL_EMPLOYER
Uttarakhand,Rudrapur,Energy & Utilities,Instrumentation Technician,Coastal Rudrapur Energy and Utilities Works 3,7,44,4.5,SYNTHETIC_DEVELOPMENT,SYNTHETIC_NAME_NOT_REAL_EMPLOYER
Uttarakhand,Dehradun,Automotive Components,Automotive Components Technician,Central Dehradun Automotive Components Works 1,14,33,5.5,SYNTHETIC_DEVELOPMENT,SYNTHETIC_NAME_NOT_REAL_EMPLOYER
Uttarakhand,Haridwar,Automotive Components,Automotive Components Technician,Coastal Haridwar Automotive Components Works 2,14,42,5.5,SYNTHETIC_DEVELOPMENT,SYNTHETIC_NAME_NOT_REAL_EMPLOYER
Uttarakhand,Rudrapur,Automotive Components,Automotive Components Technician,Deccan Rudrapur Automotive Components Works 3,14,51,5.5,SYNTHETIC_DEVELOPMENT,SYNTHETIC_NAME_NOT_REAL_EMPLOYER
Uttarakhand,Dehradun,Automotive Components,Automotive Components Operator,Central Dehradun Automotive Components Works 1,9,33,5.5,SYNTHETIC_DEVELOPMENT,SYNTHETIC_NAME_NOT_REAL_EMPLOYER
Uttarakhand,Haridwar,Automotive Components,Automotive Components Operator,Coastal Haridwar Automotive Components Works 2,9,42,5.5,SYNTHETIC_DEVELOPMENT,SYNTHETIC_NAME_NOT_REAL_EMPLOYER
Uttarakhand,Rudrapur,Automotive Components,Automotive Components Operator,Deccan Rudrapur Automotive Components Works 3,9,51,5.5,SYNTHETIC_DEVELOPMENT,SYNTHETIC_NAME_NOT_REAL_EMPLOYER
Uttarakhand,Dehradun,Automotive Components,Automotive Components Associate,Central Dehradun Automotive Components Works 1,6,33,5.5,SYNTHETIC_DEVELOPMENT,SYNTHETIC_NAME_NOT_REAL_EMPLOYER
Uttarakhand,Haridwar,Automotive Components,Automotive Components Associate,Coastal Haridwar Automotive Components Works 2,6,42,5.5,SYNTHETIC_DEVELOPMENT,SYNTHETIC_NAME_NOT_REAL_EMPLOYER
Uttarakhand,Rudrapur,Automotive Components,Automotive Components Associate,Deccan Rudrapur Automotive Components Works 3,6,51,5.5,SYNTHETIC_DEVELOPMENT,SYNTHETIC_NAME_NOT_REAL_EMPLOYER
Uttarakhand,Dehradun,Logistics,Warehouse Supervisor,Coastal Dehradun Logistics Works 1,11,40,7.0,SYNTHETIC_DEVELOPMENT,SYNTHETIC_NAME_NOT_REAL_EMPLOYER
Uttarakhand,Haridwar,Logistics,Warehouse Supervisor,Deccan Haridwar Logistics Works 2,11,49,7.0,SYNTHETIC_DEVELOPMENT,SYNTHETIC_NAME_NOT_REAL_EMPLOYER
Uttarakhand,Rudrapur,Logistics,Warehouse Supervisor,Frontier Rudrapur Logistics Works 3,11,58,7.0,SYNTHETIC_DEVELOPMENT,SYNTHETIC_NAME_NOT_REAL_EMPLOYER
Uttarakhand,Dehradun,Logistics,Inventory Controller,Coastal Dehradun Logistics Works 1,7,40,7.0,SYNTHETIC_DEVELOPMENT,SYNTHETIC_NAME_NOT_REAL_EMPLOYER
Uttarakhand,Haridwar,Logistics,Inventory Controller,Deccan Haridwar Logistics Works 2,7,49,7.0,SYNTHETIC_DEVELOPMENT,SYNTHETIC_NAME_NOT_REAL_EMPLOYER
Uttarakhand,Rudrapur,Logistics,Inventory Controller,Frontier Rudrapur Logistics Works 3,7,58,7.0,SYNTHETIC_DEVELOPMENT,SYNTHETIC_NAME_NOT_REAL_EMPLOYER
Uttarakhand,Dehradun,Logistics,Transport Operations Associate,Coastal Dehradun Logistics Works 1,5,40,7.0,SYNTHETIC_DEVELOPMENT,SYNTHETIC_NAME_NOT_REAL_EMPLOYER
Uttarakhand,Haridwar,Logistics,Transport Operations Associate,Deccan Haridwar Logistics Works 2,5,49,7.0,SYNTHETIC_DEVELOPMENT,SYNTHETIC_NAME_NOT_REAL_EMPLOYER
Uttarakhand,Rudrapur,Logistics,Transport Operations Associate,Frontier Rudrapur Logistics Works 3,5,58,7.0,SYNTHETIC_DEVELOPMENT,SYNTHETIC_NAME_NOT_REAL_EMPLOYER
West Bengal,Kolkata,Food Processing,Food Processing Technician,Eastern Kolkata Food Processing Works 1,118,5,7.2,SYNTHETIC_DEVELOPMENT,SYNTHETIC_NAME_NOT_REAL_EMPLOYER
West Bengal,Durgapur,Food Processing,Food Processing Technician,Western Durgapur Food Processing Works 2,118,14,7.2,SYNTHETIC_DEVELOPMENT,SYNTHETIC_NAME_NOT_REAL_EMPLOYER
West Bengal,Siliguri,Food Processing,Food Processing Technician,Northern Siliguri Food Processing Works 3,118,23,7.2,SYNTHETIC_DEVELOPMENT,SYNTHETIC_NAME_NOT_REAL_EMPLOYER
West Bengal,Kolkata,Food Processing,Production Operator,Eastern Kolkata Food Processing Works 1,79,5,7.2,SYNTHETIC_DEVELOPMENT,SYNTHETIC_NAME_NOT_REAL_EMPLOYER
West Bengal,Durgapur,Food Processing,Production Operator,Western Durgapur Food Processing Works 2,79,14,7.2,SYNTHETIC_DEVELOPMENT,SYNTHETIC_NAME_NOT_REAL_EMPLOYER
West Bengal,Siliguri,Food Processing,Production Operator,Northern Siliguri Food Processing Works 3,79,23,7.2,SYNTHETIC_DEVELOPMENT,SYNTHETIC_NAME_NOT_REAL_EMPLOYER
West Bengal,Kolkata,Food Processing,Quality Technician,Eastern Kolkata Food Processing Works 1,49,5,7.2,SYNTHETIC_DEVELOPMENT,SYNTHETIC_NAME_NOT_REAL_EMPLOYER
West Bengal,Durgapur,Food Processing,Quality Technician,Western Durgapur Food Processing Works 2,49,14,7.2,SYNTHETIC_DEVELOPMENT,SYNTHETIC_NAME_NOT_REAL_EMPLOYER
West Bengal,Siliguri,Food Processing,Quality Technician,Northern Siliguri Food Processing Works 3,49,23,7.2,SYNTHETIC_DEVELOPMENT,SYNTHETIC_NAME_NOT_REAL_EMPLOYER
West Bengal,Kolkata,Textiles & Apparel,Textile Machine Operator,Western Kolkata Textiles and Apparel Works 1,97,12,4.7,SYNTHETIC_DEVELOPMENT,SYNTHETIC_NAME_NOT_REAL_EMPLOYER
West Bengal,Durgapur,Textiles & Apparel,Textile Machine Operator,Northern Durgapur Textiles and Apparel Works 2,97,21,4.7,SYNTHETIC_DEVELOPMENT,SYNTHETIC_NAME_NOT_REAL_EMPLOYER
West Bengal,Siliguri,Textiles & Apparel,Textile Machine Operator,Southern Siliguri Textiles and Apparel Works 3,97,30,4.7,SYNTHETIC_DEVELOPMENT,SYNTHETIC_NAME_NOT_REAL_EMPLOYER
West Bengal,Kolkata,Textiles & Apparel,Garment Production Supervisor,Western Kolkata Textiles and Apparel Works 1,65,12,4.7,SYNTHETIC_DEVELOPMENT,SYNTHETIC_NAME_NOT_REAL_EMPLOYER
West Bengal,Durgapur,Textiles & Apparel,Garment Production Supervisor,Northern Durgapur Textiles and Apparel Works 2,65,21,4.7,SYNTHETIC_DEVELOPMENT,SYNTHETIC_NAME_NOT_REAL_EMPLOYER
West Bengal,Siliguri,Textiles & Apparel,Garment Production Supervisor,Southern Siliguri Textiles and Apparel Works 3,65,30,4.7,SYNTHETIC_DEVELOPMENT,SYNTHETIC_NAME_NOT_REAL_EMPLOYER
West Bengal,Kolkata,Textiles & Apparel,Quality Inspector - Textiles,Western Kolkata Textiles and Apparel Works 1,40,12,4.7,SYNTHETIC_DEVELOPMENT,SYNTHETIC_NAME_NOT_REAL_EMPLOYER
West Bengal,Durgapur,Textiles & Apparel,Quality Inspector - Textiles,Northern Durgapur Textiles and Apparel Works 2,40,21,4.7,SYNTHETIC_DEVELOPMENT,SYNTHETIC_NAME_NOT_REAL_EMPLOYER
West Bengal,Siliguri,Textiles & Apparel,Quality Inspector - Textiles,Southern Siliguri Textiles and Apparel Works 3,40,30,4.7,SYNTHETIC_DEVELOPMENT,SYNTHETIC_NAME_NOT_REAL_EMPLOYER
West Bengal,Kolkata,Jute & Natural Fibres,Jute Machine Operator,Northern Kolkata Jute and Natural Fibres Works 1,80,19,4.2,SYNTHETIC_DEVELOPMENT,SYNTHETIC_NAME_NOT_REAL_EMPLOYER
West Bengal,Durgapur,Jute & Natural Fibres,Jute Machine Operator,Southern Durgapur Jute and Natural Fibres Works 2,80,28,4.2,SYNTHETIC_DEVELOPMENT,SYNTHETIC_NAME_NOT_REAL_EMPLOYER
West Bengal,Siliguri,Jute & Natural Fibres,Jute Machine Operator,Central Siliguri Jute and Natural Fibres Works 3,80,37,4.2,SYNTHETIC_DEVELOPMENT,SYNTHETIC_NAME_NOT_REAL_EMPLOYER
West Bengal,Kolkata,Jute & Natural Fibres,Textile Quality Inspector,Northern Kolkata Jute and Natural Fibres Works 1,54,19,4.2,SYNTHETIC_DEVELOPMENT,SYNTHETIC_NAME_NOT_REAL_EMPLOYER
West Bengal,Durgapur,Jute & Natural Fibres,Textile Quality Inspector,Southern Durgapur Jute and Natural Fibres Works 2,54,28,4.2,SYNTHETIC_DEVELOPMENT,SYNTHETIC_NAME_NOT_REAL_EMPLOYER
West Bengal,Siliguri,Jute & Natural Fibres,Textile Quality Inspector,Central Siliguri Jute and Natural Fibres Works 3,54,37,4.2,SYNTHETIC_DEVELOPMENT,SYNTHETIC_NAME_NOT_REAL_EMPLOYER
West Bengal,Kolkata,Jute & Natural Fibres,Production Supervisor,Northern Kolkata Jute and Natural Fibres Works 1,33,19,4.2,SYNTHETIC_DEVELOPMENT,SYNTHETIC_NAME_NOT_REAL_EMPLOYER
West Bengal,Durgapur,Jute & Natural Fibres,Production Supervisor,Southern Durgapur Jute and Natural Fibres Works 2,33,28,4.2,SYNTHETIC_DEVELOPMENT,SYNTHETIC_NAME_NOT_REAL_EMPLOYER
West Bengal,Siliguri,Jute & Natural Fibres,Production Supervisor,Central Siliguri Jute and Natural Fibres Works 3,33,37,4.2,SYNTHETIC_DEVELOPMENT,SYNTHETIC_NAME_NOT_REAL_EMPLOYER
West Bengal,Kolkata,Metals & Steel,Steel Fabrication Technician,Southern Kolkata Metals and Steel Works 1,66,26,4.0,SYNTHETIC_DEVELOPMENT,SYNTHETIC_NAME_NOT_REAL_EMPLOYER
West Bengal,Durgapur,Metals & Steel,Steel Fabrication Technician,Central Durgapur Metals and Steel Works 2,66,35,4.0,SYNTHETIC_DEVELOPMENT,SYNTHETIC_NAME_NOT_REAL_EMPLOYER
West Bengal,Siliguri,Metals & Steel,Steel Fabrication Technician,Coastal Siliguri Metals and Steel Works 3,66,44,4.0,SYNTHETIC_DEVELOPMENT,SYNTHETIC_NAME_NOT_REAL_EMPLOYER
West Bengal,Kolkata,Metals & Steel,Furnace Operator,Southern Kolkata Metals and Steel Works 1,44,26,4.0,SYNTHETIC_DEVELOPMENT,SYNTHETIC_NAME_NOT_REAL_EMPLOYER
West Bengal,Durgapur,Metals & Steel,Furnace Operator,Central Durgapur Metals and Steel Works 2,44,35,4.0,SYNTHETIC_DEVELOPMENT,SYNTHETIC_NAME_NOT_REAL_EMPLOYER
West Bengal,Siliguri,Metals & Steel,Furnace Operator,Coastal Siliguri Metals and Steel Works 3,44,44,4.0,SYNTHETIC_DEVELOPMENT,SYNTHETIC_NAME_NOT_REAL_EMPLOYER
West Bengal,Kolkata,Metals & Steel,Mechanical Maintenance Technician,Southern Kolkata Metals and Steel Works 1,28,26,4.0,SYNTHETIC_DEVELOPMENT,SYNTHETIC_NAME_NOT_REAL_EMPLOYER
West Bengal,Durgapur,Metals & Steel,Mechanical Maintenance Technician,Central Durgapur Metals and Steel Works 2,28,35,4.0,SYNTHETIC_DEVELOPMENT,SYNTHETIC_NAME_NOT_REAL_EMPLOYER
West Bengal,Siliguri,Metals & Steel,Mechanical Maintenance Technician,Coastal Siliguri Metals and Steel Works 3,28,44,4.0,SYNTHETIC_DEVELOPMENT,SYNTHETIC_NAME_NOT_REAL_EMPLOYER
West Bengal,Kolkata,Information Technology,Software Developer,Central Kolkata Information Technology Works 1,54,33,8.2,SYNTHETIC_DEVELOPMENT,SYNTHETIC_NAME_NOT_REAL_EMPLOYER
West Bengal,Durgapur,Information Technology,Software Developer,Coastal Durgapur Information Technology Works 2,54,42,8.2,SYNTHETIC_DEVELOPMENT,SYNTHETIC_NAME_NOT_REAL_EMPLOYER
West Bengal,Siliguri,Information Technology,Software Developer,Deccan Siliguri Information Technology Works 3,54,51,8.2,SYNTHETIC_DEVELOPMENT,SYNTHETIC_NAME_NOT_REAL_EMPLOYER
West Bengal,Kolkata,Information Technology,Cloud Support Associate,Central Kolkata Information Technology Works 1,36,33,8.2,SYNTHETIC_DEVELOPMENT,SYNTHETIC_NAME_NOT_REAL_EMPLOYER
West Bengal,Durgapur,Information Technology,Cloud Support Associate,Coastal Durgapur Information Technology Works 2,36,42,8.2,SYNTHETIC_DEVELOPMENT,SYNTHETIC_NAME_NOT_REAL_EMPLOYER
West Bengal,Siliguri,Information Technology,Cloud Support Associate,Deccan Siliguri Information Technology Works 3,36,51,8.2,SYNTHETIC_DEVELOPMENT,SYNTHETIC_NAME_NOT_REAL_EMPLOYER
West Bengal,Kolkata,Information Technology,Data Analyst,Central Kolkata Information Technology Works 1,23,33,8.2,SYNTHETIC_DEVELOPMENT,SYNTHETIC_NAME_NOT_REAL_EMPLOYER
West Bengal,Durgapur,Information Technology,Data Analyst,Coastal Durgapur Information Technology Works 2,23,42,8.2,SYNTHETIC_DEVELOPMENT,SYNTHETIC_NAME_NOT_REAL_EMPLOYER
West Bengal,Siliguri,Information Technology,Data Analyst,Deccan Siliguri Information Technology Works 3,23,51,8.2,SYNTHETIC_DEVELOPMENT,SYNTHETIC_NAME_NOT_REAL_EMPLOYER
West Bengal,Kolkata,Logistics,Warehouse Supervisor,Coastal Kolkata Logistics Works 1,45,40,7.5,SYNTHETIC_DEVELOPMENT,SYNTHETIC_NAME_NOT_REAL_EMPLOYER
West Bengal,Durgapur,Logistics,Warehouse Supervisor,Deccan Durgapur Logistics Works 2,45,49,7.5,SYNTHETIC_DEVELOPMENT,SYNTHETIC_NAME_NOT_REAL_EMPLOYER
West Bengal,Siliguri,Logistics,Warehouse Supervisor,Frontier Siliguri Logistics Works 3,45,58,7.5,SYNTHETIC_DEVELOPMENT,SYNTHETIC_NAME_NOT_REAL_EMPLOYER
West Bengal,Kolkata,Logistics,Inventory Controller,Coastal Kolkata Logistics Works 1,30,40,7.5,SYNTHETIC_DEVELOPMENT,SYNTHETIC_NAME_NOT_REAL_EMPLOYER
West Bengal,Durgapur,Logistics,Inventory Controller,Deccan Durgapur Logistics Works 2,30,49,7.5,SYNTHETIC_DEVELOPMENT,SYNTHETIC_NAME_NOT_REAL_EMPLOYER
West Bengal,Siliguri,Logistics,Inventory Controller,Frontier Siliguri Logistics Works 3,30,58,7.5,SYNTHETIC_DEVELOPMENT,SYNTHETIC_NAME_NOT_REAL_EMPLOYER
West Bengal,Kolkata,Logistics,Transport Operations Associate,Coastal Kolkata Logistics Works 1,19,40,7.5,SYNTHETIC_DEVELOPMENT,SYNTHETIC_NAME_NOT_REAL_EMPLOYER
West Bengal,Durgapur,Logistics,Transport Operations Associate,Deccan Durgapur Logistics Works 2,19,49,7.5,SYNTHETIC_DEVELOPMENT,SYNTHETIC_NAME_NOT_REAL_EMPLOYER
West Bengal,Siliguri,Logistics,Transport Operations Associate,Frontier Siliguri Logistics Works 3,19,58,7.5,SYNTHETIC_DEVELOPMENT,SYNTHETIC_NAME_NOT_REAL_EMPLOYER
Andaman & Nicobar Islands,Port Blair,Tourism & Hospitality,Hotel Operations Associate,Eastern Port Blair Tourism and Hospitality Works 1,4,5,8.2,SYNTHETIC_DEVELOPMENT,SYNTHETIC_NAME_NOT_REAL_EMPLOYER
Andaman & Nicobar Islands,Diglipur,Tourism & Hospitality,Hotel Operations Associate,Western Diglipur Tourism and Hospitality Works 2,4,14,8.2,SYNTHETIC_DEVELOPMENT,SYNTHETIC_NAME_NOT_REAL_EMPLOYER
Andaman & Nicobar Islands,Port Blair,Tourism & Hospitality,Hotel Operations Associate,Northern Port Blair Tourism and Hospitality Works 3,4,23,8.2,SYNTHETIC_DEVELOPMENT,SYNTHETIC_NAME_NOT_REAL_EMPLOYER
Andaman & Nicobar Islands,Port Blair,Tourism & Hospitality,Food & Beverage Supervisor,Eastern Port Blair Tourism and Hospitality Works 1,2,5,8.2,SYNTHETIC_DEVELOPMENT,SYNTHETIC_NAME_NOT_REAL_EMPLOYER
Andaman & Nicobar Islands,Diglipur,Tourism & Hospitality,Food & Beverage Supervisor,Western Diglipur Tourism and Hospitality Works 2,2,14,8.2,SYNTHETIC_DEVELOPMENT,SYNTHETIC_NAME_NOT_REAL_EMPLOYER
Andaman & Nicobar Islands,Port Blair,Tourism & Hospitality,Food & Beverage Supervisor,Northern Port Blair Tourism and Hospitality Works 3,2,23,8.2,SYNTHETIC_DEVELOPMENT,SYNTHETIC_NAME_NOT_REAL_EMPLOYER
Andaman & Nicobar Islands,Port Blair,Tourism & Hospitality,Travel Operations Executive,Eastern Port Blair Tourism and Hospitality Works 1,2,5,8.2,SYNTHETIC_DEVELOPMENT,SYNTHETIC_NAME_NOT_REAL_EMPLOYER
Andaman & Nicobar Islands,Diglipur,Tourism & Hospitality,Travel Operations Executive,Western Diglipur Tourism and Hospitality Works 2,2,14,8.2,SYNTHETIC_DEVELOPMENT,SYNTHETIC_NAME_NOT_REAL_EMPLOYER
Andaman & Nicobar Islands,Port Blair,Fisheries,Fisheries Technician,Western Port Blair Fisheries Works 1,3,12,5.2,SYNTHETIC_DEVELOPMENT,SYNTHETIC_NAME_NOT_REAL_EMPLOYER
Andaman & Nicobar Islands,Diglipur,Fisheries,Fisheries Technician,Northern Diglipur Fisheries Works 2,3,21,5.2,SYNTHETIC_DEVELOPMENT,SYNTHETIC_NAME_NOT_REAL_EMPLOYER
Andaman & Nicobar Islands,Port Blair,Fisheries,Fisheries Technician,Southern Port Blair Fisheries Works 3,3,30,5.2,SYNTHETIC_DEVELOPMENT,SYNTHETIC_NAME_NOT_REAL_EMPLOYER
Andaman & Nicobar Islands,Port Blair,Fisheries,Cold-chain Operator,Western Port Blair Fisheries Works 1,3,12,5.2,SYNTHETIC_DEVELOPMENT,SYNTHETIC_NAME_NOT_REAL_EMPLOYER
Andaman & Nicobar Islands,Diglipur,Fisheries,Cold-chain Operator,Northern Diglipur Fisheries Works 2,3,21,5.2,SYNTHETIC_DEVELOPMENT,SYNTHETIC_NAME_NOT_REAL_EMPLOYER
Andaman & Nicobar Islands,Port Blair,Fisheries,Aquaculture Technician,Western Port Blair Fisheries Works 1,2,12,5.2,SYNTHETIC_DEVELOPMENT,SYNTHETIC_NAME_NOT_REAL_EMPLOYER
Andaman & Nicobar Islands,Diglipur,Fisheries,Aquaculture Technician,Northern Diglipur Fisheries Works 2,2,21,5.2,SYNTHETIC_DEVELOPMENT,SYNTHETIC_NAME_NOT_REAL_EMPLOYER
Andaman & Nicobar Islands,Port Blair,Marine & Fisheries,Marine Engine Technician,Northern Port Blair Marine and Fisheries Works 1,4,19,5.0,SYNTHETIC_DEVELOPMENT,SYNTHETIC_NAME_NOT_REAL_EMPLOYER
Andaman & Nicobar Islands,Diglipur,Marine & Fisheries,Marine Engine Technician,Southern Diglipur Marine and Fisheries Works 2,4,28,5.0,SYNTHETIC_DEVELOPMENT,SYNTHETIC_NAME_NOT_REAL_EMPLOYER
Andaman & Nicobar Islands,Port Blair,Marine & Fisheries,Port Operations Assistant,Northern Port Blair Marine and Fisheries Works 1,2,19,5.0,SYNTHETIC_DEVELOPMENT,SYNTHETIC_NAME_NOT_REAL_EMPLOYER
Andaman & Nicobar Islands,Diglipur,Marine & Fisheries,Port Operations Assistant,Southern Diglipur Marine and Fisheries Works 2,2,28,5.0,SYNTHETIC_DEVELOPMENT,SYNTHETIC_NAME_NOT_REAL_EMPLOYER
Andaman & Nicobar Islands,Port Blair,Marine & Fisheries,Fisheries Technician,Northern Port Blair Marine and Fisheries Works 1,2,19,5.0,SYNTHETIC_DEVELOPMENT,SYNTHETIC_NAME_NOT_REAL_EMPLOYER
Andaman & Nicobar Islands,Diglipur,Marine & Fisheries,Fisheries Technician,Southern Diglipur Marine and Fisheries Works 2,2,28,5.0,SYNTHETIC_DEVELOPMENT,SYNTHETIC_NAME_NOT_REAL_EMPLOYER
Andaman & Nicobar Islands,Port Blair,Logistics,Warehouse Supervisor,Southern Port Blair Logistics Works 1,3,26,6.8,SYNTHETIC_DEVELOPMENT,SYNTHETIC_NAME_NOT_REAL_EMPLOYER
Andaman & Nicobar Islands,Diglipur,Logistics,Warehouse Supervisor,Central Diglipur Logistics Works 2,3,35,6.8,SYNTHETIC_DEVELOPMENT,SYNTHETIC_NAME_NOT_REAL_EMPLOYER
Andaman & Nicobar Islands,Port Blair,Logistics,Inventory Controller,Southern Port Blair Logistics Works 1,2,26,6.8,SYNTHETIC_DEVELOPMENT,SYNTHETIC_NAME_NOT_REAL_EMPLOYER
Andaman & Nicobar Islands,Diglipur,Logistics,Inventory Controller,Central Diglipur Logistics Works 2,2,35,6.8,SYNTHETIC_DEVELOPMENT,SYNTHETIC_NAME_NOT_REAL_EMPLOYER
Andaman & Nicobar Islands,Port Blair,Logistics,Transport Operations Associate,Southern Port Blair Logistics Works 1,2,26,6.8,SYNTHETIC_DEVELOPMENT,SYNTHETIC_NAME_NOT_REAL_EMPLOYER
Andaman & Nicobar Islands,Diglipur,Logistics,Transport Operations Associate,Central Diglipur Logistics Works 2,2,35,6.8,SYNTHETIC_DEVELOPMENT,SYNTHETIC_NAME_NOT_REAL_EMPLOYER
Andaman & Nicobar Islands,Port Blair,Public & Community Services,Administrative Support Associate,Central Port Blair Public and Community Services Works 1,3,33,1.8,SYNTHETIC_DEVELOPMENT,SYNTHETIC_NAME_NOT_REAL_EMPLOYER
Andaman & Nicobar Islands,Diglipur,Public & Community Services,Administrative Support Associate,Coastal Diglipur Public and Community Services Works 2,3,42,1.8,SYNTHETIC_DEVELOPMENT,SYNTHETIC_NAME_NOT_REAL_EMPLOYER
Andaman & Nicobar Islands,Port Blair,Public & Community Services,Community Service Worker,Central Port Blair Public and Community Services Works 1,2,33,1.8,SYNTHETIC_DEVELOPMENT,SYNTHETIC_NAME_NOT_REAL_EMPLOYER
Andaman & Nicobar Islands,Diglipur,Public & Community Services,Community Service Worker,Coastal Diglipur Public and Community Services Works 2,2,42,1.8,SYNTHETIC_DEVELOPMENT,SYNTHETIC_NAME_NOT_REAL_EMPLOYER
Andaman & Nicobar Islands,Port Blair,Public & Community Services,Records Assistant,Central Port Blair Public and Community Services Works 1,2,33,1.8,SYNTHETIC_DEVELOPMENT,SYNTHETIC_NAME_NOT_REAL_EMPLOYER
Andaman & Nicobar Islands,Diglipur,Public & Community Services,Records Assistant,Coastal Diglipur Public and Community Services Works 2,2,42,1.8,SYNTHETIC_DEVELOPMENT,SYNTHETIC_NAME_NOT_REAL_EMPLOYER
Chandigarh,Chandigarh,Public Administration,Administrative Support Associate,Eastern Chandigarh Public Administration Works 1,13,5,3.5,SYNTHETIC_DEVELOPMENT,SYNTHETIC_NAME_NOT_REAL_EMPLOYER
Chandigarh,Chandigarh,Public Administration,Administrative Support Associate,Western Chandigarh Public Administration Works 2,13,14,3.5,SYNTHETIC_DEVELOPMENT,SYNTHETIC_NAME_NOT_REAL_EMPLOYER
Chandigarh,Chandigarh,Public Administration,Administrative Support Associate,Northern Chandigarh Public Administration Works 3,13,23,3.5,SYNTHETIC_DEVELOPMENT,SYNTHETIC_NAME_NOT_REAL_EMPLOYER
Chandigarh,Chandigarh,Public Administration,Records Assistant,Eastern Chandigarh Public Administration Works 1,9,5,3.5,SYNTHETIC_DEVELOPMENT,SYNTHETIC_NAME_NOT_REAL_EMPLOYER
Chandigarh,Chandigarh,Public Administration,Records Assistant,Western Chandigarh Public Administration Works 2,9,14,3.5,SYNTHETIC_DEVELOPMENT,SYNTHETIC_NAME_NOT_REAL_EMPLOYER
Chandigarh,Chandigarh,Public Administration,Records Assistant,Northern Chandigarh Public Administration Works 3,9,23,3.5,SYNTHETIC_DEVELOPMENT,SYNTHETIC_NAME_NOT_REAL_EMPLOYER
Chandigarh,Chandigarh,Public Administration,Public Service Coordinator,Eastern Chandigarh Public Administration Works 1,5,5,3.5,SYNTHETIC_DEVELOPMENT,SYNTHETIC_NAME_NOT_REAL_EMPLOYER
Chandigarh,Chandigarh,Public Administration,Public Service Coordinator,Western Chandigarh Public Administration Works 2,5,14,3.5,SYNTHETIC_DEVELOPMENT,SYNTHETIC_NAME_NOT_REAL_EMPLOYER
Chandigarh,Chandigarh,Public Administration,Public Service Coordinator,Northern Chandigarh Public Administration Works 3,5,23,3.5,SYNTHETIC_DEVELOPMENT,SYNTHETIC_NAME_NOT_REAL_EMPLOYER
Chandigarh,Chandigarh,Healthcare,Medical Laboratory Technician,Western Chandigarh Healthcare Works 1,11,12,7.5,SYNTHETIC_DEVELOPMENT,SYNTHETIC_NAME_NOT_REAL_EMPLOYER
Chandigarh,Chandigarh,Healthcare,Medical Laboratory Technician,Northern Chandigarh Healthcare Works 2,11,21,7.5,SYNTHETIC_DEVELOPMENT,SYNTHETIC_NAME_NOT_REAL_EMPLOYER
Chandigarh,Chandigarh,Healthcare,Medical Laboratory Technician,Southern Chandigarh Healthcare Works 3,11,30,7.5,SYNTHETIC_DEVELOPMENT,SYNTHETIC_NAME_NOT_REAL_EMPLOYER
Chandigarh,Chandigarh,Healthcare,Healthcare Support Associate,Western Chandigarh Healthcare Works 1,7,12,7.5,SYNTHETIC_DEVELOPMENT,SYNTHETIC_NAME_NOT_REAL_EMPLOYER
Chandigarh,Chandigarh,Healthcare,Healthcare Support Associate,Northern Chandigarh Healthcare Works 2,7,21,7.5,SYNTHETIC_DEVELOPMENT,SYNTHETIC_NAME_NOT_REAL_EMPLOYER
Chandigarh,Chandigarh,Healthcare,Healthcare Support Associate,Southern Chandigarh Healthcare Works 3,7,30,7.5,SYNTHETIC_DEVELOPMENT,SYNTHETIC_NAME_NOT_REAL_EMPLOYER
Chandigarh,Chandigarh,Healthcare,Pharmacy Technician,Western Chandigarh Healthcare Works 1,4,12,7.5,SYNTHETIC_DEVELOPMENT,SYNTHETIC_NAME_NOT_REAL_EMPLOYER
Chandigarh,Chandigarh,Healthcare,Pharmacy Technician,Northern Chandigarh Healthcare Works 2,4,21,7.5,SYNTHETIC_DEVELOPMENT,SYNTHETIC_NAME_NOT_REAL_EMPLOYER
Chandigarh,Chandigarh,Healthcare,Pharmacy Technician,Southern Chandigarh Healthcare Works 3,4,30,7.5,SYNTHETIC_DEVELOPMENT,SYNTHETIC_NAME_NOT_REAL_EMPLOYER
Chandigarh,Chandigarh,Education & Training,Vocational Trainer,Northern Chandigarh Education and Training Works 1,9,19,4.2,SYNTHETIC_DEVELOPMENT,SYNTHETIC_NAME_NOT_REAL_EMPLOYER
Chandigarh,Chandigarh,Education & Training,Vocational Trainer,Southern Chandigarh Education and Training Works 2,9,28,4.2,SYNTHETIC_DEVELOPMENT,SYNTHETIC_NAME_NOT_REAL_EMPLOYER
Chandigarh,Chandigarh,Education & Training,Vocational Trainer,Central Chandigarh Education and Training Works 3,9,37,4.2,SYNTHETIC_DEVELOPMENT,SYNTHETIC_NAME_NOT_REAL_EMPLOYER
Chandigarh,Chandigarh,Education & Training,Training Coordinator,Northern Chandigarh Education and Training Works 1,6,19,4.2,SYNTHETIC_DEVELOPMENT,SYNTHETIC_NAME_NOT_REAL_EMPLOYER
Chandigarh,Chandigarh,Education & Training,Training Coordinator,Southern Chandigarh Education and Training Works 2,6,28,4.2,SYNTHETIC_DEVELOPMENT,SYNTHETIC_NAME_NOT_REAL_EMPLOYER
Chandigarh,Chandigarh,Education & Training,Training Coordinator,Central Chandigarh Education and Training Works 3,6,37,4.2,SYNTHETIC_DEVELOPMENT,SYNTHETIC_NAME_NOT_REAL_EMPLOYER
Chandigarh,Chandigarh,Education & Training,Education Support Associate,Northern Chandigarh Education and Training Works 1,4,19,4.2,SYNTHETIC_DEVELOPMENT,SYNTHETIC_NAME_NOT_REAL_EMPLOYER
Chandigarh,Chandigarh,Education & Training,Education Support Associate,Southern Chandigarh Education and Training Works 2,4,28,4.2,SYNTHETIC_DEVELOPMENT,SYNTHETIC_NAME_NOT_REAL_EMPLOYER
Chandigarh,Chandigarh,Education & Training,Education Support Associate,Central Chandigarh Education and Training Works 3,4,37,4.2,SYNTHETIC_DEVELOPMENT,SYNTHETIC_NAME_NOT_REAL_EMPLOYER
Chandigarh,Chandigarh,Information Technology,Software Developer,Southern Chandigarh Information Technology Works 1,7,26,8.0,SYNTHETIC_DEVELOPMENT,SYNTHETIC_NAME_NOT_REAL_EMPLOYER
Chandigarh,Chandigarh,Information Technology,Software Developer,Central Chandigarh Information Technology Works 2,7,35,8.0,SYNTHETIC_DEVELOPMENT,SYNTHETIC_NAME_NOT_REAL_EMPLOYER
Chandigarh,Chandigarh,Information Technology,Software Developer,Coastal Chandigarh Information Technology Works 3,7,44,8.0,SYNTHETIC_DEVELOPMENT,SYNTHETIC_NAME_NOT_REAL_EMPLOYER
Chandigarh,Chandigarh,Information Technology,Cloud Support Associate,Southern Chandigarh Information Technology Works 1,5,26,8.0,SYNTHETIC_DEVELOPMENT,SYNTHETIC_NAME_NOT_REAL_EMPLOYER
Chandigarh,Chandigarh,Information Technology,Cloud Support Associate,Central Chandigarh Information Technology Works 2,5,35,8.0,SYNTHETIC_DEVELOPMENT,SYNTHETIC_NAME_NOT_REAL_EMPLOYER
Chandigarh,Chandigarh,Information Technology,Cloud Support Associate,Coastal Chandigarh Information Technology Works 3,5,44,8.0,SYNTHETIC_DEVELOPMENT,SYNTHETIC_NAME_NOT_REAL_EMPLOYER
Chandigarh,Chandigarh,Information Technology,Data Analyst,Southern Chandigarh Information Technology Works 1,3,26,8.0,SYNTHETIC_DEVELOPMENT,SYNTHETIC_NAME_NOT_REAL_EMPLOYER
Chandigarh,Chandigarh,Information Technology,Data Analyst,Central Chandigarh Information Technology Works 2,3,35,8.0,SYNTHETIC_DEVELOPMENT,SYNTHETIC_NAME_NOT_REAL_EMPLOYER
Chandigarh,Chandigarh,Information Technology,Data Analyst,Coastal Chandigarh Information Technology Works 3,3,44,8.0,SYNTHETIC_DEVELOPMENT,SYNTHETIC_NAME_NOT_REAL_EMPLOYER
Chandigarh,Chandigarh,Retail & Consumer Services,Retail Operations Supervisor,Central Chandigarh Retail and Consumer Services Works 1,6,33,3.8,SYNTHETIC_DEVELOPMENT,SYNTHETIC_NAME_NOT_REAL_EMPLOYER
Chandigarh,Chandigarh,Retail & Consumer Services,Retail Operations Supervisor,Coastal Chandigarh Retail and Consumer Services Works 2,6,42,3.8,SYNTHETIC_DEVELOPMENT,SYNTHETIC_NAME_NOT_REAL_EMPLOYER
Chandigarh,Chandigarh,Retail & Consumer Services,Retail Operations Supervisor,Deccan Chandigarh Retail and Consumer Services Works 3,6,51,3.8,SYNTHETIC_DEVELOPMENT,SYNTHETIC_NAME_NOT_REAL_EMPLOYER
Chandigarh,Chandigarh,Retail & Consumer Services,Inventory Associate,Central Chandigarh Retail and Consumer Services Works 1,4,33,3.8,SYNTHETIC_DEVELOPMENT,SYNTHETIC_NAME_NOT_REAL_EMPLOYER
Chandigarh,Chandigarh,Retail & Consumer Services,Inventory Associate,Coastal Chandigarh Retail and Consumer Services Works 2,4,42,3.8,SYNTHETIC_DEVELOPMENT,SYNTHETIC_NAME_NOT_REAL_EMPLOYER
Chandigarh,Chandigarh,Retail & Consumer Services,Inventory Associate,Deccan Chandigarh Retail and Consumer Services Works 3,4,51,3.8,SYNTHETIC_DEVELOPMENT,SYNTHETIC_NAME_NOT_REAL_EMPLOYER
Chandigarh,Chandigarh,Retail & Consumer Services,Customer Operations Associate,Central Chandigarh Retail and Consumer Services Works 1,3,33,3.8,SYNTHETIC_DEVELOPMENT,SYNTHETIC_NAME_NOT_REAL_EMPLOYER
Chandigarh,Chandigarh,Retail & Consumer Services,Customer Operations Associate,Coastal Chandigarh Retail and Consumer Services Works 2,3,42,3.8,SYNTHETIC_DEVELOPMENT,SYNTHETIC_NAME_NOT_REAL_EMPLOYER
Chandigarh,Chandigarh,Retail & Consumer Services,Customer Operations Associate,Deccan Chandigarh Retail and Consumer Services Works 3,3,51,3.8,SYNTHETIC_DEVELOPMENT,SYNTHETIC_NAME_NOT_REAL_EMPLOYER
Dadra & Nagar Haveli and Daman & Diu,Silvassa,Pharmaceuticals,Pharmaceutical Production Technician,Eastern Silvassa Pharmaceuticals Works 1,13,5,7.4,SYNTHETIC_DEVELOPMENT,SYNTHETIC_NAME_NOT_REAL_EMPLOYER
Dadra & Nagar Haveli and Daman & Diu,Daman,Pharmaceuticals,Pharmaceutical Production Technician,Western Daman Pharmaceuticals Works 2,13,14,7.4,SYNTHETIC_DEVELOPMENT,SYNTHETIC_NAME_NOT_REAL_EMPLOYER
Dadra & Nagar Haveli and Daman & Diu,Silvassa,Pharmaceuticals,Pharmaceutical Production Technician,Northern Silvassa Pharmaceuticals Works 3,13,23,7.4,SYNTHETIC_DEVELOPMENT,SYNTHETIC_NAME_NOT_REAL_EMPLOYER
Dadra & Nagar Haveli and Daman & Diu,Silvassa,Pharmaceuticals,Quality Control Technician,Eastern Silvassa Pharmaceuticals Works 1,9,5,7.4,SYNTHETIC_DEVELOPMENT,SYNTHETIC_NAME_NOT_REAL_EMPLOYER
Dadra & Nagar Haveli and Daman & Diu,Daman,Pharmaceuticals,Quality Control Technician,Western Daman Pharmaceuticals Works 2,9,14,7.4,SYNTHETIC_DEVELOPMENT,SYNTHETIC_NAME_NOT_REAL_EMPLOYER
Dadra & Nagar Haveli and Daman & Diu,Silvassa,Pharmaceuticals,Quality Control Technician,Northern Silvassa Pharmaceuticals Works 3,9,23,7.4,SYNTHETIC_DEVELOPMENT,SYNTHETIC_NAME_NOT_REAL_EMPLOYER
Dadra & Nagar Haveli and Daman & Diu,Silvassa,Pharmaceuticals,Packaging Machine Operator,Eastern Silvassa Pharmaceuticals Works 1,5,5,7.4,SYNTHETIC_DEVELOPMENT,SYNTHETIC_NAME_NOT_REAL_EMPLOYER
Dadra & Nagar Haveli and Daman & Diu,Daman,Pharmaceuticals,Packaging Machine Operator,Western Daman Pharmaceuticals Works 2,5,14,7.4,SYNTHETIC_DEVELOPMENT,SYNTHETIC_NAME_NOT_REAL_EMPLOYER
Dadra & Nagar Haveli and Daman & Diu,Silvassa,Pharmaceuticals,Packaging Machine Operator,Northern Silvassa Pharmaceuticals Works 3,5,23,7.4,SYNTHETIC_DEVELOPMENT,SYNTHETIC_NAME_NOT_REAL_EMPLOYER
Dadra & Nagar Haveli and Daman & Diu,Silvassa,Textiles & Apparel,Textile Machine Operator,Western Silvassa Textiles and Apparel Works 1,11,12,5.0,SYNTHETIC_DEVELOPMENT,SYNTHETIC_NAME_NOT_REAL_EMPLOYER
Dadra & Nagar Haveli and Daman & Diu,Daman,Textiles & Apparel,Textile Machine Operator,Northern Daman Textiles and Apparel Works 2,11,21,5.0,SYNTHETIC_DEVELOPMENT,SYNTHETIC_NAME_NOT_REAL_EMPLOYER
Dadra & Nagar Haveli and Daman & Diu,Silvassa,Textiles & Apparel,Textile Machine Operator,Southern Silvassa Textiles and Apparel Works 3,11,30,5.0,SYNTHETIC_DEVELOPMENT,SYNTHETIC_NAME_NOT_REAL_EMPLOYER
Dadra & Nagar Haveli and Daman & Diu,Silvassa,Textiles & Apparel,Garment Production Supervisor,Western Silvassa Textiles and Apparel Works 1,7,12,5.0,SYNTHETIC_DEVELOPMENT,SYNTHETIC_NAME_NOT_REAL_EMPLOYER
Dadra & Nagar Haveli and Daman & Diu,Daman,Textiles & Apparel,Garment Production Supervisor,Northern Daman Textiles and Apparel Works 2,7,21,5.0,SYNTHETIC_DEVELOPMENT,SYNTHETIC_NAME_NOT_REAL_EMPLOYER
Dadra & Nagar Haveli and Daman & Diu,Silvassa,Textiles & Apparel,Garment Production Supervisor,Southern Silvassa Textiles and Apparel Works 3,7,30,5.0,SYNTHETIC_DEVELOPMENT,SYNTHETIC_NAME_NOT_REAL_EMPLOYER
Dadra & Nagar Haveli and Daman & Diu,Silvassa,Textiles & Apparel,Quality Inspector - Textiles,Western Silvassa Textiles and Apparel Works 1,4,12,5.0,SYNTHETIC_DEVELOPMENT,SYNTHETIC_NAME_NOT_REAL_EMPLOYER
Dadra & Nagar Haveli and Daman & Diu,Daman,Textiles & Apparel,Quality Inspector - Textiles,Northern Daman Textiles and Apparel Works 2,4,21,5.0,SYNTHETIC_DEVELOPMENT,SYNTHETIC_NAME_NOT_REAL_EMPLOYER
Dadra & Nagar Haveli and Daman & Diu,Silvassa,Textiles & Apparel,Quality Inspector - Textiles,Southern Silvassa Textiles and Apparel Works 3,4,30,5.0,SYNTHETIC_DEVELOPMENT,SYNTHETIC_NAME_NOT_REAL_EMPLOYER
Dadra & Nagar Haveli and Daman & Diu,Silvassa,Plastics,Plastics Technician,Northern Silvassa Plastics Works 1,9,19,5.0,SYNTHETIC_DEVELOPMENT,SYNTHETIC_NAME_NOT_REAL_EMPLOYER
Dadra & Nagar Haveli and Daman & Diu,Daman,Plastics,Plastics Technician,Southern Daman Plastics Works 2,9,28,5.0,SYNTHETIC_DEVELOPMENT,SYNTHETIC_NAME_NOT_REAL_EMPLOYER
Dadra & Nagar Haveli and Daman & Diu,Silvassa,Plastics,Plastics Technician,Central Silvassa Plastics Works 3,9,37,5.0,SYNTHETIC_DEVELOPMENT,SYNTHETIC_NAME_NOT_REAL_EMPLOYER
Dadra & Nagar Haveli and Daman & Diu,Silvassa,Plastics,Plastics Operator,Northern Silvassa Plastics Works 1,6,19,5.0,SYNTHETIC_DEVELOPMENT,SYNTHETIC_NAME_NOT_REAL_EMPLOYER
Dadra & Nagar Haveli and Daman & Diu,Daman,Plastics,Plastics Operator,Southern Daman Plastics Works 2,6,28,5.0,SYNTHETIC_DEVELOPMENT,SYNTHETIC_NAME_NOT_REAL_EMPLOYER
Dadra & Nagar Haveli and Daman & Diu,Silvassa,Plastics,Plastics Operator,Central Silvassa Plastics Works 3,6,37,5.0,SYNTHETIC_DEVELOPMENT,SYNTHETIC_NAME_NOT_REAL_EMPLOYER
Dadra & Nagar Haveli and Daman & Diu,Silvassa,Plastics,Plastics Associate,Northern Silvassa Plastics Works 1,4,19,5.0,SYNTHETIC_DEVELOPMENT,SYNTHETIC_NAME_NOT_REAL_EMPLOYER
Dadra & Nagar Haveli and Daman & Diu,Daman,Plastics,Plastics Associate,Southern Daman Plastics Works 2,4,28,5.0,SYNTHETIC_DEVELOPMENT,SYNTHETIC_NAME_NOT_REAL_EMPLOYER
Dadra & Nagar Haveli and Daman & Diu,Silvassa,Plastics,Plastics Associate,Central Silvassa Plastics Works 3,4,37,5.0,SYNTHETIC_DEVELOPMENT,SYNTHETIC_NAME_NOT_REAL_EMPLOYER
Dadra & Nagar Haveli and Daman & Diu,Silvassa,Engineering & Manufacturing,CNC Machine Operator,Southern Silvassa Engineering and Manufacturing Works 1,7,26,5.5,SYNTHETIC_DEVELOPMENT,SYNTHETIC_NAME_NOT_REAL_EMPLOYER
Dadra & Nagar Haveli and Daman & Diu,Daman,Engineering & Manufacturing,CNC Machine Operator,Central Daman Engineering and Manufacturing Works 2,7,35,5.5,SYNTHETIC_DEVELOPMENT,SYNTHETIC_NAME_NOT_REAL_EMPLOYER
Dadra & Nagar Haveli and Daman & Diu,Silvassa,Engineering & Manufacturing,CNC Machine Operator,Coastal Silvassa Engineering and Manufacturing Works 3,7,44,5.5,SYNTHETIC_DEVELOPMENT,SYNTHETIC_NAME_NOT_REAL_EMPLOYER
Dadra & Nagar Haveli and Daman & Diu,Silvassa,Engineering & Manufacturing,Production Technician,Southern Silvassa Engineering and Manufacturing Works 1,5,26,5.5,SYNTHETIC_DEVELOPMENT,SYNTHETIC_NAME_NOT_REAL_EMPLOYER
Dadra & Nagar Haveli and Daman & Diu,Daman,Engineering & Manufacturing,Production Technician,Central Daman Engineering and Manufacturing Works 2,5,35,5.5,SYNTHETIC_DEVELOPMENT,SYNTHETIC_NAME_NOT_REAL_EMPLOYER
Dadra & Nagar Haveli and Daman & Diu,Silvassa,Engineering & Manufacturing,Production Technician,Coastal Silvassa Engineering and Manufacturing Works 3,5,44,5.5,SYNTHETIC_DEVELOPMENT,SYNTHETIC_NAME_NOT_REAL_EMPLOYER
Dadra & Nagar Haveli and Daman & Diu,Silvassa,Engineering & Manufacturing,Quality Inspector,Southern Silvassa Engineering and Manufacturing Works 1,3,26,5.5,SYNTHETIC_DEVELOPMENT,SYNTHETIC_NAME_NOT_REAL_EMPLOYER
Dadra & Nagar Haveli and Daman & Diu,Daman,Engineering & Manufacturing,Quality Inspector,Central Daman Engineering and Manufacturing Works 2,3,35,5.5,SYNTHETIC_DEVELOPMENT,SYNTHETIC_NAME_NOT_REAL_EMPLOYER
Dadra & Nagar Haveli and Daman & Diu,Silvassa,Engineering & Manufacturing,Quality Inspector,Coastal Silvassa Engineering and Manufacturing Works 3,3,44,5.5,SYNTHETIC_DEVELOPMENT,SYNTHETIC_NAME_NOT_REAL_EMPLOYER
Dadra & Nagar Haveli and Daman & Diu,Silvassa,Food Processing,Food Processing Technician,Central Silvassa Food Processing Works 1,6,33,5.0,SYNTHETIC_DEVELOPMENT,SYNTHETIC_NAME_NOT_REAL_EMPLOYER
Dadra & Nagar Haveli and Daman & Diu,Daman,Food Processing,Food Processing Technician,Coastal Daman Food Processing Works 2,6,42,5.0,SYNTHETIC_DEVELOPMENT,SYNTHETIC_NAME_NOT_REAL_EMPLOYER
Dadra & Nagar Haveli and Daman & Diu,Silvassa,Food Processing,Food Processing Technician,Deccan Silvassa Food Processing Works 3,6,51,5.0,SYNTHETIC_DEVELOPMENT,SYNTHETIC_NAME_NOT_REAL_EMPLOYER
Dadra & Nagar Haveli and Daman & Diu,Silvassa,Food Processing,Production Operator,Central Silvassa Food Processing Works 1,4,33,5.0,SYNTHETIC_DEVELOPMENT,SYNTHETIC_NAME_NOT_REAL_EMPLOYER
Dadra & Nagar Haveli and Daman & Diu,Daman,Food Processing,Production Operator,Coastal Daman Food Processing Works 2,4,42,5.0,SYNTHETIC_DEVELOPMENT,SYNTHETIC_NAME_NOT_REAL_EMPLOYER
Dadra & Nagar Haveli and Daman & Diu,Silvassa,Food Processing,Production Operator,Deccan Silvassa Food Processing Works 3,4,51,5.0,SYNTHETIC_DEVELOPMENT,SYNTHETIC_NAME_NOT_REAL_EMPLOYER
Dadra & Nagar Haveli and Daman & Diu,Silvassa,Food Processing,Quality Technician,Central Silvassa Food Processing Works 1,3,33,5.0,SYNTHETIC_DEVELOPMENT,SYNTHETIC_NAME_NOT_REAL_EMPLOYER
Dadra & Nagar Haveli and Daman & Diu,Daman,Food Processing,Quality Technician,Coastal Daman Food Processing Works 2,3,42,5.0,SYNTHETIC_DEVELOPMENT,SYNTHETIC_NAME_NOT_REAL_EMPLOYER
Dadra & Nagar Haveli and Daman & Diu,Silvassa,Food Processing,Quality Technician,Deccan Silvassa Food Processing Works 3,3,51,5.0,SYNTHETIC_DEVELOPMENT,SYNTHETIC_NAME_NOT_REAL_EMPLOYER
Delhi,New Delhi,Public Administration,Administrative Support Associate,Eastern New Delhi Public Administration Works 1,112,5,3.0,SYNTHETIC_DEVELOPMENT,SYNTHETIC_NAME_NOT_REAL_EMPLOYER
Delhi,Dwarka,Public Administration,Administrative Support Associate,Western Dwarka Public Administration Works 2,112,14,3.0,SYNTHETIC_DEVELOPMENT,SYNTHETIC_NAME_NOT_REAL_EMPLOYER
Delhi,Okhla,Public Administration,Administrative Support Associate,Northern Okhla Public Administration Works 3,112,23,3.0,SYNTHETIC_DEVELOPMENT,SYNTHETIC_NAME_NOT_REAL_EMPLOYER
Delhi,New Delhi,Public Administration,Records Assistant,Eastern New Delhi Public Administration Works 1,74,5,3.0,SYNTHETIC_DEVELOPMENT,SYNTHETIC_NAME_NOT_REAL_EMPLOYER
Delhi,Dwarka,Public Administration,Records Assistant,Western Dwarka Public Administration Works 2,74,14,3.0,SYNTHETIC_DEVELOPMENT,SYNTHETIC_NAME_NOT_REAL_EMPLOYER
Delhi,Okhla,Public Administration,Records Assistant,Northern Okhla Public Administration Works 3,74,23,3.0,SYNTHETIC_DEVELOPMENT,SYNTHETIC_NAME_NOT_REAL_EMPLOYER
Delhi,New Delhi,Public Administration,Public Service Coordinator,Eastern New Delhi Public Administration Works 1,46,5,3.0,SYNTHETIC_DEVELOPMENT,SYNTHETIC_NAME_NOT_REAL_EMPLOYER
Delhi,Dwarka,Public Administration,Public Service Coordinator,Western Dwarka Public Administration Works 2,46,14,3.0,SYNTHETIC_DEVELOPMENT,SYNTHETIC_NAME_NOT_REAL_EMPLOYER
Delhi,Okhla,Public Administration,Public Service Coordinator,Northern Okhla Public Administration Works 3,46,23,3.0,SYNTHETIC_DEVELOPMENT,SYNTHETIC_NAME_NOT_REAL_EMPLOYER
Delhi,New Delhi,Financial Services,Banking Operations Associate,Western New Delhi Financial Services Works 1,92,12,8.2,SYNTHETIC_DEVELOPMENT,SYNTHETIC_NAME_NOT_REAL_EMPLOYER
Delhi,Dwarka,Financial Services,Banking Operations Associate,Northern Dwarka Financial Services Works 2,92,21,8.2,SYNTHETIC_DEVELOPMENT,SYNTHETIC_NAME_NOT_REAL_EMPLOYER
Delhi,Okhla,Financial Services,Banking Operations Associate,Southern Okhla Financial Services Works 3,92,30,8.2,SYNTHETIC_DEVELOPMENT,SYNTHETIC_NAME_NOT_REAL_EMPLOYER
Delhi,New Delhi,Financial Services,Insurance Operations Associate,Western New Delhi Financial Services Works 1,61,12,8.2,SYNTHETIC_DEVELOPMENT,SYNTHETIC_NAME_NOT_REAL_EMPLOYER
Delhi,Dwarka,Financial Services,Insurance Operations Associate,Northern Dwarka Financial Services Works 2,61,21,8.2,SYNTHETIC_DEVELOPMENT,SYNTHETIC_NAME_NOT_REAL_EMPLOYER
Delhi,Okhla,Financial Services,Insurance Operations Associate,Southern Okhla Financial Services Works 3,61,30,8.2,SYNTHETIC_DEVELOPMENT,SYNTHETIC_NAME_NOT_REAL_EMPLOYER
Delhi,New Delhi,Financial Services,Financial Services Associate,Western New Delhi Financial Services Works 1,38,12,8.2,SYNTHETIC_DEVELOPMENT,SYNTHETIC_NAME_NOT_REAL_EMPLOYER
Delhi,Dwarka,Financial Services,Financial Services Associate,Northern Dwarka Financial Services Works 2,38,21,8.2,SYNTHETIC_DEVELOPMENT,SYNTHETIC_NAME_NOT_REAL_EMPLOYER
Delhi,Okhla,Financial Services,Financial Services Associate,Southern Okhla Financial Services Works 3,38,30,8.2,SYNTHETIC_DEVELOPMENT,SYNTHETIC_NAME_NOT_REAL_EMPLOYER
Delhi,New Delhi,Information Technology,Software Developer,Northern New Delhi Information Technology Works 1,76,19,8.8,SYNTHETIC_DEVELOPMENT,SYNTHETIC_NAME_NOT_REAL_EMPLOYER
Delhi,Dwarka,Information Technology,Software Developer,Southern Dwarka Information Technology Works 2,76,28,8.8,SYNTHETIC_DEVELOPMENT,SYNTHETIC_NAME_NOT_REAL_EMPLOYER
Delhi,Okhla,Information Technology,Software Developer,Central Okhla Information Technology Works 3,76,37,8.8,SYNTHETIC_DEVELOPMENT,SYNTHETIC_NAME_NOT_REAL_EMPLOYER
Delhi,New Delhi,Information Technology,Cloud Support Associate,Northern New Delhi Information Technology Works 1,51,19,8.8,SYNTHETIC_DEVELOPMENT,SYNTHETIC_NAME_NOT_REAL_EMPLOYER
Delhi,Dwarka,Information Technology,Cloud Support Associate,Southern Dwarka Information Technology Works 2,51,28,8.8,SYNTHETIC_DEVELOPMENT,SYNTHETIC_NAME_NOT_REAL_EMPLOYER
Delhi,Okhla,Information Technology,Cloud Support Associate,Central Okhla Information Technology Works 3,51,37,8.8,SYNTHETIC_DEVELOPMENT,SYNTHETIC_NAME_NOT_REAL_EMPLOYER
Delhi,New Delhi,Information Technology,Data Analyst,Northern New Delhi Information Technology Works 1,32,19,8.8,SYNTHETIC_DEVELOPMENT,SYNTHETIC_NAME_NOT_REAL_EMPLOYER
Delhi,Dwarka,Information Technology,Data Analyst,Southern Dwarka Information Technology Works 2,32,28,8.8,SYNTHETIC_DEVELOPMENT,SYNTHETIC_NAME_NOT_REAL_EMPLOYER
Delhi,Okhla,Information Technology,Data Analyst,Central Okhla Information Technology Works 3,32,37,8.8,SYNTHETIC_DEVELOPMENT,SYNTHETIC_NAME_NOT_REAL_EMPLOYER
Delhi,New Delhi,Retail & Consumer Services,Retail Operations Supervisor,Southern New Delhi Retail and Consumer Services Works 1,63,26,3.2,SYNTHETIC_DEVELOPMENT,SYNTHETIC_NAME_NOT_REAL_EMPLOYER
Delhi,Dwarka,Retail & Consumer Services,Retail Operations Supervisor,Central Dwarka Retail and Consumer Services Works 2,63,35,3.2,SYNTHETIC_DEVELOPMENT,SYNTHETIC_NAME_NOT_REAL_EMPLOYER
Delhi,Okhla,Retail & Consumer Services,Retail Operations Supervisor,Coastal Okhla Retail and Consumer Services Works 3,63,44,3.2,SYNTHETIC_DEVELOPMENT,SYNTHETIC_NAME_NOT_REAL_EMPLOYER
Delhi,New Delhi,Retail & Consumer Services,Inventory Associate,Southern New Delhi Retail and Consumer Services Works 1,42,26,3.2,SYNTHETIC_DEVELOPMENT,SYNTHETIC_NAME_NOT_REAL_EMPLOYER
Delhi,Dwarka,Retail & Consumer Services,Inventory Associate,Central Dwarka Retail and Consumer Services Works 2,42,35,3.2,SYNTHETIC_DEVELOPMENT,SYNTHETIC_NAME_NOT_REAL_EMPLOYER
Delhi,Okhla,Retail & Consumer Services,Inventory Associate,Coastal Okhla Retail and Consumer Services Works 3,42,44,3.2,SYNTHETIC_DEVELOPMENT,SYNTHETIC_NAME_NOT_REAL_EMPLOYER
Delhi,New Delhi,Retail & Consumer Services,Customer Operations Associate,Southern New Delhi Retail and Consumer Services Works 1,26,26,3.2,SYNTHETIC_DEVELOPMENT,SYNTHETIC_NAME_NOT_REAL_EMPLOYER
Delhi,Dwarka,Retail & Consumer Services,Customer Operations Associate,Central Dwarka Retail and Consumer Services Works 2,26,35,3.2,SYNTHETIC_DEVELOPMENT,SYNTHETIC_NAME_NOT_REAL_EMPLOYER
Delhi,Okhla,Retail & Consumer Services,Customer Operations Associate,Coastal Okhla Retail and Consumer Services Works 3,26,44,3.2,SYNTHETIC_DEVELOPMENT,SYNTHETIC_NAME_NOT_REAL_EMPLOYER
Delhi,New Delhi,Logistics,Warehouse Supervisor,Central New Delhi Logistics Works 1,51,33,7.0,SYNTHETIC_DEVELOPMENT,SYNTHETIC_NAME_NOT_REAL_EMPLOYER
Delhi,Dwarka,Logistics,Warehouse Supervisor,Coastal Dwarka Logistics Works 2,51,42,7.0,SYNTHETIC_DEVELOPMENT,SYNTHETIC_NAME_NOT_REAL_EMPLOYER
Delhi,Okhla,Logistics,Warehouse Supervisor,Deccan Okhla Logistics Works 3,51,51,7.0,SYNTHETIC_DEVELOPMENT,SYNTHETIC_NAME_NOT_REAL_EMPLOYER
Delhi,New Delhi,Logistics,Inventory Controller,Central New Delhi Logistics Works 1,34,33,7.0,SYNTHETIC_DEVELOPMENT,SYNTHETIC_NAME_NOT_REAL_EMPLOYER
Delhi,Dwarka,Logistics,Inventory Controller,Coastal Dwarka Logistics Works 2,34,42,7.0,SYNTHETIC_DEVELOPMENT,SYNTHETIC_NAME_NOT_REAL_EMPLOYER
Delhi,Okhla,Logistics,Inventory Controller,Deccan Okhla Logistics Works 3,34,51,7.0,SYNTHETIC_DEVELOPMENT,SYNTHETIC_NAME_NOT_REAL_EMPLOYER
Delhi,New Delhi,Logistics,Transport Operations Associate,Central New Delhi Logistics Works 1,21,33,7.0,SYNTHETIC_DEVELOPMENT,SYNTHETIC_NAME_NOT_REAL_EMPLOYER
Delhi,Dwarka,Logistics,Transport Operations Associate,Coastal Dwarka Logistics Works 2,21,42,7.0,SYNTHETIC_DEVELOPMENT,SYNTHETIC_NAME_NOT_REAL_EMPLOYER
Delhi,Okhla,Logistics,Transport Operations Associate,Deccan Okhla Logistics Works 3,21,51,7.0,SYNTHETIC_DEVELOPMENT,SYNTHETIC_NAME_NOT_REAL_EMPLOYER
Delhi,New Delhi,Healthcare,Medical Laboratory Technician,Coastal New Delhi Healthcare Works 1,42,40,6.0,SYNTHETIC_DEVELOPMENT,SYNTHETIC_NAME_NOT_REAL_EMPLOYER
Delhi,Dwarka,Healthcare,Medical Laboratory Technician,Deccan Dwarka Healthcare Works 2,42,49,6.0,SYNTHETIC_DEVELOPMENT,SYNTHETIC_NAME_NOT_REAL_EMPLOYER
Delhi,Okhla,Healthcare,Medical Laboratory Technician,Frontier Okhla Healthcare Works 3,42,58,6.0,SYNTHETIC_DEVELOPMENT,SYNTHETIC_NAME_NOT_REAL_EMPLOYER
Delhi,New Delhi,Healthcare,Healthcare Support Associate,Coastal New Delhi Healthcare Works 1,28,40,6.0,SYNTHETIC_DEVELOPMENT,SYNTHETIC_NAME_NOT_REAL_EMPLOYER
Delhi,Dwarka,Healthcare,Healthcare Support Associate,Deccan Dwarka Healthcare Works 2,28,49,6.0,SYNTHETIC_DEVELOPMENT,SYNTHETIC_NAME_NOT_REAL_EMPLOYER
Delhi,Okhla,Healthcare,Healthcare Support Associate,Frontier Okhla Healthcare Works 3,28,58,6.0,SYNTHETIC_DEVELOPMENT,SYNTHETIC_NAME_NOT_REAL_EMPLOYER
Delhi,New Delhi,Healthcare,Pharmacy Technician,Coastal New Delhi Healthcare Works 1,18,40,6.0,SYNTHETIC_DEVELOPMENT,SYNTHETIC_NAME_NOT_REAL_EMPLOYER
Delhi,Dwarka,Healthcare,Pharmacy Technician,Deccan Dwarka Healthcare Works 2,18,49,6.0,SYNTHETIC_DEVELOPMENT,SYNTHETIC_NAME_NOT_REAL_EMPLOYER
Delhi,Okhla,Healthcare,Pharmacy Technician,Frontier Okhla Healthcare Works 3,18,58,6.0,SYNTHETIC_DEVELOPMENT,SYNTHETIC_NAME_NOT_REAL_EMPLOYER
Jammu & Kashmir,Srinagar,Tourism & Hospitality,Hotel Operations Associate,Eastern Srinagar Tourism and Hospitality Works 1,30,5,7.5,SYNTHETIC_DEVELOPMENT,SYNTHETIC_NAME_NOT_REAL_EMPLOYER
Jammu & Kashmir,Jammu,Tourism & Hospitality,Hotel Operations Associate,Western Jammu Tourism and Hospitality Works 2,30,14,7.5,SYNTHETIC_DEVELOPMENT,SYNTHETIC_NAME_NOT_REAL_EMPLOYER
Jammu & Kashmir,Anantnag,Tourism & Hospitality,Hotel Operations Associate,Northern Anantnag Tourism and Hospitality Works 3,30,23,7.5,SYNTHETIC_DEVELOPMENT,SYNTHETIC_NAME_NOT_REAL_EMPLOYER
Jammu & Kashmir,Srinagar,Tourism & Hospitality,Food & Beverage Supervisor,Eastern Srinagar Tourism and Hospitality Works 1,20,5,7.5,SYNTHETIC_DEVELOPMENT,SYNTHETIC_NAME_NOT_REAL_EMPLOYER
Jammu & Kashmir,Jammu,Tourism & Hospitality,Food & Beverage Supervisor,Western Jammu Tourism and Hospitality Works 2,20,14,7.5,SYNTHETIC_DEVELOPMENT,SYNTHETIC_NAME_NOT_REAL_EMPLOYER
Jammu & Kashmir,Anantnag,Tourism & Hospitality,Food & Beverage Supervisor,Northern Anantnag Tourism and Hospitality Works 3,20,23,7.5,SYNTHETIC_DEVELOPMENT,SYNTHETIC_NAME_NOT_REAL_EMPLOYER
Jammu & Kashmir,Srinagar,Tourism & Hospitality,Travel Operations Executive,Eastern Srinagar Tourism and Hospitality Works 1,12,5,7.5,SYNTHETIC_DEVELOPMENT,SYNTHETIC_NAME_NOT_REAL_EMPLOYER
Jammu & Kashmir,Jammu,Tourism & Hospitality,Travel Operations Executive,Western Jammu Tourism and Hospitality Works 2,12,14,7.5,SYNTHETIC_DEVELOPMENT,SYNTHETIC_NAME_NOT_REAL_EMPLOYER
Jammu & Kashmir,Anantnag,Tourism & Hospitality,Travel Operations Executive,Northern Anantnag Tourism and Hospitality Works 3,12,23,7.5,SYNTHETIC_DEVELOPMENT,SYNTHETIC_NAME_NOT_REAL_EMPLOYER
Jammu & Kashmir,Srinagar,Agriculture & Horticulture,Horticulture Technician,Western Srinagar Agriculture and Horticulture Works 1,24,12,4.5,SYNTHETIC_DEVELOPMENT,SYNTHETIC_NAME_NOT_REAL_EMPLOYER
Jammu & Kashmir,Jammu,Agriculture & Horticulture,Horticulture Technician,Northern Jammu Agriculture and Horticulture Works 2,24,21,4.5,SYNTHETIC_DEVELOPMENT,SYNTHETIC_NAME_NOT_REAL_EMPLOYER
Jammu & Kashmir,Anantnag,Agriculture & Horticulture,Horticulture Technician,Southern Anantnag Agriculture and Horticulture Works 3,24,30,4.5,SYNTHETIC_DEVELOPMENT,SYNTHETIC_NAME_NOT_REAL_EMPLOYER
Jammu & Kashmir,Srinagar,Agriculture & Horticulture,Packhouse Operator,Western Srinagar Agriculture and Horticulture Works 1,16,12,4.5,SYNTHETIC_DEVELOPMENT,SYNTHETIC_NAME_NOT_REAL_EMPLOYER
Jammu & Kashmir,Jammu,Agriculture & Horticulture,Packhouse Operator,Northern Jammu Agriculture and Horticulture Works 2,16,21,4.5,SYNTHETIC_DEVELOPMENT,SYNTHETIC_NAME_NOT_REAL_EMPLOYER
Jammu & Kashmir,Anantnag,Agriculture & Horticulture,Packhouse Operator,Southern Anantnag Agriculture and Horticulture Works 3,16,30,4.5,SYNTHETIC_DEVELOPMENT,SYNTHETIC_NAME_NOT_REAL_EMPLOYER
Jammu & Kashmir,Srinagar,Agriculture & Horticulture,Farm Equipment Technician,Western Srinagar Agriculture and Horticulture Works 1,10,12,4.5,SYNTHETIC_DEVELOPMENT,SYNTHETIC_NAME_NOT_REAL_EMPLOYER
Jammu & Kashmir,Jammu,Agriculture & Horticulture,Farm Equipment Technician,Northern Jammu Agriculture and Horticulture Works 2,10,21,4.5,SYNTHETIC_DEVELOPMENT,SYNTHETIC_NAME_NOT_REAL_EMPLOYER
Jammu & Kashmir,Anantnag,Agriculture & Horticulture,Farm Equipment Technician,Southern Anantnag Agriculture and Horticulture Works 3,10,30,4.5,SYNTHETIC_DEVELOPMENT,SYNTHETIC_NAME_NOT_REAL_EMPLOYER
Jammu & Kashmir,Srinagar,Handicrafts,Craft Production Artisan,Northern Srinagar Handicrafts Works 1,20,19,4.8,SYNTHETIC_DEVELOPMENT,SYNTHETIC_NAME_NOT_REAL_EMPLOYER
Jammu & Kashmir,Jammu,Handicrafts,Craft Production Artisan,Southern Jammu Handicrafts Works 2,20,28,4.8,SYNTHETIC_DEVELOPMENT,SYNTHETIC_NAME_NOT_REAL_EMPLOYER
Jammu & Kashmir,Anantnag,Handicrafts,Craft Production Artisan,Central Anantnag Handicrafts Works 3,20,37,4.8,SYNTHETIC_DEVELOPMENT,SYNTHETIC_NAME_NOT_REAL_EMPLOYER
Jammu & Kashmir,Srinagar,Handicrafts,Product Finishing Technician,Northern Srinagar Handicrafts Works 1,13,19,4.8,SYNTHETIC_DEVELOPMENT,SYNTHETIC_NAME_NOT_REAL_EMPLOYER
Jammu & Kashmir,Jammu,Handicrafts,Product Finishing Technician,Southern Jammu Handicrafts Works 2,13,28,4.8,SYNTHETIC_DEVELOPMENT,SYNTHETIC_NAME_NOT_REAL_EMPLOYER
Jammu & Kashmir,Anantnag,Handicrafts,Product Finishing Technician,Central Anantnag Handicrafts Works 3,13,37,4.8,SYNTHETIC_DEVELOPMENT,SYNTHETIC_NAME_NOT_REAL_EMPLOYER
Jammu & Kashmir,Srinagar,Handicrafts,Quality Inspector,Northern Srinagar Handicrafts Works 1,8,19,4.8,SYNTHETIC_DEVELOPMENT,SYNTHETIC_NAME_NOT_REAL_EMPLOYER
Jammu & Kashmir,Jammu,Handicrafts,Quality Inspector,Southern Jammu Handicrafts Works 2,8,28,4.8,SYNTHETIC_DEVELOPMENT,SYNTHETIC_NAME_NOT_REAL_EMPLOYER
Jammu & Kashmir,Anantnag,Handicrafts,Quality Inspector,Central Anantnag Handicrafts Works 3,8,37,4.8,SYNTHETIC_DEVELOPMENT,SYNTHETIC_NAME_NOT_REAL_EMPLOYER
Jammu & Kashmir,Srinagar,Food Processing,Food Processing Technician,Southern Srinagar Food Processing Works 1,16,26,6.2,SYNTHETIC_DEVELOPMENT,SYNTHETIC_NAME_NOT_REAL_EMPLOYER
Jammu & Kashmir,Jammu,Food Processing,Food Processing Technician,Central Jammu Food Processing Works 2,16,35,6.2,SYNTHETIC_DEVELOPMENT,SYNTHETIC_NAME_NOT_REAL_EMPLOYER
Jammu & Kashmir,Anantnag,Food Processing,Food Processing Technician,Coastal Anantnag Food Processing Works 3,16,44,6.2,SYNTHETIC_DEVELOPMENT,SYNTHETIC_NAME_NOT_REAL_EMPLOYER
Jammu & Kashmir,Srinagar,Food Processing,Production Operator,Southern Srinagar Food Processing Works 1,11,26,6.2,SYNTHETIC_DEVELOPMENT,SYNTHETIC_NAME_NOT_REAL_EMPLOYER
Jammu & Kashmir,Jammu,Food Processing,Production Operator,Central Jammu Food Processing Works 2,11,35,6.2,SYNTHETIC_DEVELOPMENT,SYNTHETIC_NAME_NOT_REAL_EMPLOYER
Jammu & Kashmir,Anantnag,Food Processing,Production Operator,Coastal Anantnag Food Processing Works 3,11,44,6.2,SYNTHETIC_DEVELOPMENT,SYNTHETIC_NAME_NOT_REAL_EMPLOYER
Jammu & Kashmir,Srinagar,Food Processing,Quality Technician,Southern Srinagar Food Processing Works 1,7,26,6.2,SYNTHETIC_DEVELOPMENT,SYNTHETIC_NAME_NOT_REAL_EMPLOYER
Jammu & Kashmir,Jammu,Food Processing,Quality Technician,Central Jammu Food Processing Works 2,7,35,6.2,SYNTHETIC_DEVELOPMENT,SYNTHETIC_NAME_NOT_REAL_EMPLOYER
Jammu & Kashmir,Anantnag,Food Processing,Quality Technician,Coastal Anantnag Food Processing Works 3,7,44,6.2,SYNTHETIC_DEVELOPMENT,SYNTHETIC_NAME_NOT_REAL_EMPLOYER
Jammu & Kashmir,Srinagar,Construction,Construction Site Supervisor,Central Srinagar Construction Works 1,14,33,5.8,SYNTHETIC_DEVELOPMENT,SYNTHETIC_NAME_NOT_REAL_EMPLOYER
Jammu & Kashmir,Jammu,Construction,Construction Site Supervisor,Coastal Jammu Construction Works 2,14,42,5.8,SYNTHETIC_DEVELOPMENT,SYNTHETIC_NAME_NOT_REAL_EMPLOYER
Jammu & Kashmir,Anantnag,Construction,Construction Site Supervisor,Deccan Anantnag Construction Works 3,14,51,5.8,SYNTHETIC_DEVELOPMENT,SYNTHETIC_NAME_NOT_REAL_EMPLOYER
Jammu & Kashmir,Srinagar,Construction,Mason,Central Srinagar Construction Works 1,9,33,5.8,SYNTHETIC_DEVELOPMENT,SYNTHETIC_NAME_NOT_REAL_EMPLOYER
Jammu & Kashmir,Jammu,Construction,Mason,Coastal Jammu Construction Works 2,9,42,5.8,SYNTHETIC_DEVELOPMENT,SYNTHETIC_NAME_NOT_REAL_EMPLOYER
Jammu & Kashmir,Anantnag,Construction,Mason,Deccan Anantnag Construction Works 3,9,51,5.8,SYNTHETIC_DEVELOPMENT,SYNTHETIC_NAME_NOT_REAL_EMPLOYER
Jammu & Kashmir,Srinagar,Construction,Heavy Equipment Operator,Central Srinagar Construction Works 1,6,33,5.8,SYNTHETIC_DEVELOPMENT,SYNTHETIC_NAME_NOT_REAL_EMPLOYER
Jammu & Kashmir,Jammu,Construction,Heavy Equipment Operator,Coastal Jammu Construction Works 2,6,42,5.8,SYNTHETIC_DEVELOPMENT,SYNTHETIC_NAME_NOT_REAL_EMPLOYER
Jammu & Kashmir,Anantnag,Construction,Heavy Equipment Operator,Deccan Anantnag Construction Works 3,6,51,5.8,SYNTHETIC_DEVELOPMENT,SYNTHETIC_NAME_NOT_REAL_EMPLOYER
Jammu & Kashmir,Srinagar,Logistics,Warehouse Supervisor,Coastal Srinagar Logistics Works 1,11,40,7.8,SYNTHETIC_DEVELOPMENT,SYNTHETIC_NAME_NOT_REAL_EMPLOYER
Jammu & Kashmir,Jammu,Logistics,Warehouse Supervisor,Deccan Jammu Logistics Works 2,11,49,7.8,SYNTHETIC_DEVELOPMENT,SYNTHETIC_NAME_NOT_REAL_EMPLOYER
Jammu & Kashmir,Anantnag,Logistics,Warehouse Supervisor,Frontier Anantnag Logistics Works 3,11,58,7.8,SYNTHETIC_DEVELOPMENT,SYNTHETIC_NAME_NOT_REAL_EMPLOYER
Jammu & Kashmir,Srinagar,Logistics,Inventory Controller,Coastal Srinagar Logistics Works 1,7,40,7.8,SYNTHETIC_DEVELOPMENT,SYNTHETIC_NAME_NOT_REAL_EMPLOYER
Jammu & Kashmir,Jammu,Logistics,Inventory Controller,Deccan Jammu Logistics Works 2,7,49,7.8,SYNTHETIC_DEVELOPMENT,SYNTHETIC_NAME_NOT_REAL_EMPLOYER
Jammu & Kashmir,Anantnag,Logistics,Inventory Controller,Frontier Anantnag Logistics Works 3,7,58,7.8,SYNTHETIC_DEVELOPMENT,SYNTHETIC_NAME_NOT_REAL_EMPLOYER
Jammu & Kashmir,Srinagar,Logistics,Transport Operations Associate,Coastal Srinagar Logistics Works 1,5,40,7.8,SYNTHETIC_DEVELOPMENT,SYNTHETIC_NAME_NOT_REAL_EMPLOYER
Jammu & Kashmir,Jammu,Logistics,Transport Operations Associate,Deccan Jammu Logistics Works 2,5,49,7.8,SYNTHETIC_DEVELOPMENT,SYNTHETIC_NAME_NOT_REAL_EMPLOYER
Jammu & Kashmir,Anantnag,Logistics,Transport Operations Associate,Frontier Anantnag Logistics Works 3,5,58,7.8,SYNTHETIC_DEVELOPMENT,SYNTHETIC_NAME_NOT_REAL_EMPLOYER
Ladakh,Leh,Tourism & Hospitality,Hotel Operations Associate,Eastern Leh Tourism and Hospitality Works 1,5,5,8.2,SYNTHETIC_DEVELOPMENT,SYNTHETIC_NAME_NOT_REAL_EMPLOYER
Ladakh,Kargil,Tourism & Hospitality,Hotel Operations Associate,Western Kargil Tourism and Hospitality Works 2,5,14,8.2,SYNTHETIC_DEVELOPMENT,SYNTHETIC_NAME_NOT_REAL_EMPLOYER
Ladakh,Leh,Tourism & Hospitality,Hotel Operations Associate,Northern Leh Tourism and Hospitality Works 3,5,23,8.2,SYNTHETIC_DEVELOPMENT,SYNTHETIC_NAME_NOT_REAL_EMPLOYER
Ladakh,Leh,Tourism & Hospitality,Food & Beverage Supervisor,Eastern Leh Tourism and Hospitality Works 1,3,5,8.2,SYNTHETIC_DEVELOPMENT,SYNTHETIC_NAME_NOT_REAL_EMPLOYER
Ladakh,Kargil,Tourism & Hospitality,Food & Beverage Supervisor,Western Kargil Tourism and Hospitality Works 2,3,14,8.2,SYNTHETIC_DEVELOPMENT,SYNTHETIC_NAME_NOT_REAL_EMPLOYER
Ladakh,Leh,Tourism & Hospitality,Food & Beverage Supervisor,Northern Leh Tourism and Hospitality Works 3,3,23,8.2,SYNTHETIC_DEVELOPMENT,SYNTHETIC_NAME_NOT_REAL_EMPLOYER
Ladakh,Leh,Tourism & Hospitality,Travel Operations Executive,Eastern Leh Tourism and Hospitality Works 1,3,5,8.2,SYNTHETIC_DEVELOPMENT,SYNTHETIC_NAME_NOT_REAL_EMPLOYER
Ladakh,Kargil,Tourism & Hospitality,Travel Operations Executive,Western Kargil Tourism and Hospitality Works 2,3,14,8.2,SYNTHETIC_DEVELOPMENT,SYNTHETIC_NAME_NOT_REAL_EMPLOYER
Ladakh,Leh,Construction,Construction Site Supervisor,Western Leh Construction Works 1,4,12,5.7,SYNTHETIC_DEVELOPMENT,SYNTHETIC_NAME_NOT_REAL_EMPLOYER
Ladakh,Kargil,Construction,Construction Site Supervisor,Northern Kargil Construction Works 2,4,21,5.7,SYNTHETIC_DEVELOPMENT,SYNTHETIC_NAME_NOT_REAL_EMPLOYER
Ladakh,Leh,Construction,Construction Site Supervisor,Southern Leh Construction Works 3,4,30,5.7,SYNTHETIC_DEVELOPMENT,SYNTHETIC_NAME_NOT_REAL_EMPLOYER
Ladakh,Leh,Construction,Mason,Western Leh Construction Works 1,3,12,5.7,SYNTHETIC_DEVELOPMENT,SYNTHETIC_NAME_NOT_REAL_EMPLOYER
Ladakh,Kargil,Construction,Mason,Northern Kargil Construction Works 2,3,21,5.7,SYNTHETIC_DEVELOPMENT,SYNTHETIC_NAME_NOT_REAL_EMPLOYER
Ladakh,Leh,Construction,Mason,Southern Leh Construction Works 3,3,30,5.7,SYNTHETIC_DEVELOPMENT,SYNTHETIC_NAME_NOT_REAL_EMPLOYER
Ladakh,Leh,Construction,Heavy Equipment Operator,Western Leh Construction Works 1,2,12,5.7,SYNTHETIC_DEVELOPMENT,SYNTHETIC_NAME_NOT_REAL_EMPLOYER
Ladakh,Kargil,Construction,Heavy Equipment Operator,Northern Kargil Construction Works 2,2,21,5.7,SYNTHETIC_DEVELOPMENT,SYNTHETIC_NAME_NOT_REAL_EMPLOYER
Ladakh,Leh,Renewable Energy,Solar PV Technician,Northern Leh Renewable Energy Works 1,4,19,10.5,SYNTHETIC_DEVELOPMENT,SYNTHETIC_NAME_NOT_REAL_EMPLOYER
Ladakh,Kargil,Renewable Energy,Solar PV Technician,Southern Kargil Renewable Energy Works 2,4,28,10.5,SYNTHETIC_DEVELOPMENT,SYNTHETIC_NAME_NOT_REAL_EMPLOYER
Ladakh,Leh,Renewable Energy,Solar PV Technician,Central Leh Renewable Energy Works 3,4,37,10.5,SYNTHETIC_DEVELOPMENT,SYNTHETIC_NAME_NOT_REAL_EMPLOYER
Ladakh,Leh,Renewable Energy,Electrical Technician,Northern Leh Renewable Energy Works 1,2,19,10.5,SYNTHETIC_DEVELOPMENT,SYNTHETIC_NAME_NOT_REAL_EMPLOYER
Ladakh,Kargil,Renewable Energy,Electrical Technician,Southern Kargil Renewable Energy Works 2,2,28,10.5,SYNTHETIC_DEVELOPMENT,SYNTHETIC_NAME_NOT_REAL_EMPLOYER
Ladakh,Leh,Renewable Energy,Electrical Technician,Central Leh Renewable Energy Works 3,2,37,10.5,SYNTHETIC_DEVELOPMENT,SYNTHETIC_NAME_NOT_REAL_EMPLOYER
Ladakh,Leh,Renewable Energy,Energy Site Supervisor,Northern Leh Renewable Energy Works 1,2,19,10.5,SYNTHETIC_DEVELOPMENT,SYNTHETIC_NAME_NOT_REAL_EMPLOYER
Ladakh,Kargil,Renewable Energy,Energy Site Supervisor,Southern Kargil Renewable Energy Works 2,2,28,10.5,SYNTHETIC_DEVELOPMENT,SYNTHETIC_NAME_NOT_REAL_EMPLOYER
Ladakh,Leh,Public & Community Services,Administrative Support Associate,Southern Leh Public and Community Services Works 1,3,26,2.5,SYNTHETIC_DEVELOPMENT,SYNTHETIC_NAME_NOT_REAL_EMPLOYER
Ladakh,Kargil,Public & Community Services,Administrative Support Associate,Central Kargil Public and Community Services Works 2,3,35,2.5,SYNTHETIC_DEVELOPMENT,SYNTHETIC_NAME_NOT_REAL_EMPLOYER
Ladakh,Leh,Public & Community Services,Administrative Support Associate,Coastal Leh Public and Community Services Works 3,3,44,2.5,SYNTHETIC_DEVELOPMENT,SYNTHETIC_NAME_NOT_REAL_EMPLOYER
Ladakh,Leh,Public & Community Services,Community Service Worker,Southern Leh Public and Community Services Works 1,3,26,2.5,SYNTHETIC_DEVELOPMENT,SYNTHETIC_NAME_NOT_REAL_EMPLOYER
Ladakh,Kargil,Public & Community Services,Community Service Worker,Central Kargil Public and Community Services Works 2,3,35,2.5,SYNTHETIC_DEVELOPMENT,SYNTHETIC_NAME_NOT_REAL_EMPLOYER
Ladakh,Leh,Public & Community Services,Records Assistant,Southern Leh Public and Community Services Works 1,2,26,2.5,SYNTHETIC_DEVELOPMENT,SYNTHETIC_NAME_NOT_REAL_EMPLOYER
Ladakh,Kargil,Public & Community Services,Records Assistant,Central Kargil Public and Community Services Works 2,2,35,2.5,SYNTHETIC_DEVELOPMENT,SYNTHETIC_NAME_NOT_REAL_EMPLOYER
Ladakh,Leh,Agriculture & Horticulture,Horticulture Technician,Central Leh Agriculture and Horticulture Works 1,4,33,3.2,SYNTHETIC_DEVELOPMENT,SYNTHETIC_NAME_NOT_REAL_EMPLOYER
Ladakh,Kargil,Agriculture & Horticulture,Horticulture Technician,Coastal Kargil Agriculture and Horticulture Works 2,4,42,3.2,SYNTHETIC_DEVELOPMENT,SYNTHETIC_NAME_NOT_REAL_EMPLOYER
Ladakh,Leh,Agriculture & Horticulture,Packhouse Operator,Central Leh Agriculture and Horticulture Works 1,2,33,3.2,SYNTHETIC_DEVELOPMENT,SYNTHETIC_NAME_NOT_REAL_EMPLOYER
Ladakh,Kargil,Agriculture & Horticulture,Packhouse Operator,Coastal Kargil Agriculture and Horticulture Works 2,2,42,3.2,SYNTHETIC_DEVELOPMENT,SYNTHETIC_NAME_NOT_REAL_EMPLOYER
Ladakh,Leh,Agriculture & Horticulture,Farm Equipment Technician,Central Leh Agriculture and Horticulture Works 1,2,33,3.2,SYNTHETIC_DEVELOPMENT,SYNTHETIC_NAME_NOT_REAL_EMPLOYER
Ladakh,Kargil,Agriculture & Horticulture,Farm Equipment Technician,Coastal Kargil Agriculture and Horticulture Works 2,2,42,3.2,SYNTHETIC_DEVELOPMENT,SYNTHETIC_NAME_NOT_REAL_EMPLOYER
Lakshadweep,Kavaratti,Tourism & Hospitality,Hotel Operations Associate,Eastern Kavaratti Tourism and Hospitality Works 1,4,5,7.5,SYNTHETIC_DEVELOPMENT,SYNTHETIC_NAME_NOT_REAL_EMPLOYER
Lakshadweep,Agatti,Tourism & Hospitality,Hotel Operations Associate,Western Agatti Tourism and Hospitality Works 2,4,14,7.5,SYNTHETIC_DEVELOPMENT,SYNTHETIC_NAME_NOT_REAL_EMPLOYER
Lakshadweep,Kavaratti,Tourism & Hospitality,Food & Beverage Supervisor,Eastern Kavaratti Tourism and Hospitality Works 1,2,5,7.5,SYNTHETIC_DEVELOPMENT,SYNTHETIC_NAME_NOT_REAL_EMPLOYER
Lakshadweep,Agatti,Tourism & Hospitality,Food & Beverage Supervisor,Western Agatti Tourism and Hospitality Works 2,2,14,7.5,SYNTHETIC_DEVELOPMENT,SYNTHETIC_NAME_NOT_REAL_EMPLOYER
Lakshadweep,Kavaratti,Tourism & Hospitality,Travel Operations Executive,Eastern Kavaratti Tourism and Hospitality Works 1,2,5,7.5,SYNTHETIC_DEVELOPMENT,SYNTHETIC_NAME_NOT_REAL_EMPLOYER
Lakshadweep,Agatti,Tourism & Hospitality,Travel Operations Executive,Western Agatti Tourism and Hospitality Works 2,2,14,7.5,SYNTHETIC_DEVELOPMENT,SYNTHETIC_NAME_NOT_REAL_EMPLOYER
Lakshadweep,Kavaratti,Fisheries,Fisheries Technician,Western Kavaratti Fisheries Works 1,3,12,5.5,SYNTHETIC_DEVELOPMENT,SYNTHETIC_NAME_NOT_REAL_EMPLOYER
Lakshadweep,Agatti,Fisheries,Fisheries Technician,Northern Agatti Fisheries Works 2,3,21,5.5,SYNTHETIC_DEVELOPMENT,SYNTHETIC_NAME_NOT_REAL_EMPLOYER
Lakshadweep,Kavaratti,Fisheries,Cold-chain Operator,Western Kavaratti Fisheries Works 1,2,12,5.5,SYNTHETIC_DEVELOPMENT,SYNTHETIC_NAME_NOT_REAL_EMPLOYER
Lakshadweep,Agatti,Fisheries,Cold-chain Operator,Northern Agatti Fisheries Works 2,2,21,5.5,SYNTHETIC_DEVELOPMENT,SYNTHETIC_NAME_NOT_REAL_EMPLOYER
Lakshadweep,Kavaratti,Fisheries,Aquaculture Technician,Western Kavaratti Fisheries Works 1,2,12,5.5,SYNTHETIC_DEVELOPMENT,SYNTHETIC_NAME_NOT_REAL_EMPLOYER
Lakshadweep,Agatti,Fisheries,Aquaculture Technician,Northern Agatti Fisheries Works 2,2,21,5.5,SYNTHETIC_DEVELOPMENT,SYNTHETIC_NAME_NOT_REAL_EMPLOYER
Lakshadweep,Kavaratti,Marine & Fisheries,Marine Engine Technician,Northern Kavaratti Marine and Fisheries Works 1,3,19,5.0,SYNTHETIC_DEVELOPMENT,SYNTHETIC_NAME_NOT_REAL_EMPLOYER
Lakshadweep,Agatti,Marine & Fisheries,Marine Engine Technician,Southern Agatti Marine and Fisheries Works 2,3,28,5.0,SYNTHETIC_DEVELOPMENT,SYNTHETIC_NAME_NOT_REAL_EMPLOYER
Lakshadweep,Kavaratti,Marine & Fisheries,Port Operations Assistant,Northern Kavaratti Marine and Fisheries Works 1,2,19,5.0,SYNTHETIC_DEVELOPMENT,SYNTHETIC_NAME_NOT_REAL_EMPLOYER
Lakshadweep,Agatti,Marine & Fisheries,Port Operations Assistant,Southern Agatti Marine and Fisheries Works 2,2,28,5.0,SYNTHETIC_DEVELOPMENT,SYNTHETIC_NAME_NOT_REAL_EMPLOYER
Lakshadweep,Kavaratti,Marine & Fisheries,Fisheries Technician,Northern Kavaratti Marine and Fisheries Works 1,2,19,5.0,SYNTHETIC_DEVELOPMENT,SYNTHETIC_NAME_NOT_REAL_EMPLOYER
Lakshadweep,Agatti,Marine & Fisheries,Fisheries Technician,Southern Agatti Marine and Fisheries Works 2,2,28,5.0,SYNTHETIC_DEVELOPMENT,SYNTHETIC_NAME_NOT_REAL_EMPLOYER
Lakshadweep,Kavaratti,Food Processing,Food Processing Technician,Southern Kavaratti Food Processing Works 1,3,26,6.0,SYNTHETIC_DEVELOPMENT,SYNTHETIC_NAME_NOT_REAL_EMPLOYER
Lakshadweep,Agatti,Food Processing,Food Processing Technician,Central Agatti Food Processing Works 2,3,35,6.0,SYNTHETIC_DEVELOPMENT,SYNTHETIC_NAME_NOT_REAL_EMPLOYER
Lakshadweep,Kavaratti,Food Processing,Production Operator,Southern Kavaratti Food Processing Works 1,2,26,6.0,SYNTHETIC_DEVELOPMENT,SYNTHETIC_NAME_NOT_REAL_EMPLOYER
Lakshadweep,Agatti,Food Processing,Production Operator,Central Agatti Food Processing Works 2,2,35,6.0,SYNTHETIC_DEVELOPMENT,SYNTHETIC_NAME_NOT_REAL_EMPLOYER
Lakshadweep,Kavaratti,Food Processing,Quality Technician,Southern Kavaratti Food Processing Works 1,2,26,6.0,SYNTHETIC_DEVELOPMENT,SYNTHETIC_NAME_NOT_REAL_EMPLOYER
Lakshadweep,Agatti,Food Processing,Quality Technician,Central Agatti Food Processing Works 2,2,35,6.0,SYNTHETIC_DEVELOPMENT,SYNTHETIC_NAME_NOT_REAL_EMPLOYER
Lakshadweep,Kavaratti,Public & Community Services,Administrative Support Associate,Central Kavaratti Public and Community Services Works 1,3,33,2.0,SYNTHETIC_DEVELOPMENT,SYNTHETIC_NAME_NOT_REAL_EMPLOYER
Lakshadweep,Agatti,Public & Community Services,Administrative Support Associate,Coastal Agatti Public and Community Services Works 2,3,42,2.0,SYNTHETIC_DEVELOPMENT,SYNTHETIC_NAME_NOT_REAL_EMPLOYER
Lakshadweep,Kavaratti,Public & Community Services,Community Service Worker,Central Kavaratti Public and Community Services Works 1,2,33,2.0,SYNTHETIC_DEVELOPMENT,SYNTHETIC_NAME_NOT_REAL_EMPLOYER
Lakshadweep,Agatti,Public & Community Services,Community Service Worker,Coastal Agatti Public and Community Services Works 2,2,42,2.0,SYNTHETIC_DEVELOPMENT,SYNTHETIC_NAME_NOT_REAL_EMPLOYER
Lakshadweep,Kavaratti,Public & Community Services,Records Assistant,Central Kavaratti Public and Community Services Works 1,2,33,2.0,SYNTHETIC_DEVELOPMENT,SYNTHETIC_NAME_NOT_REAL_EMPLOYER
Lakshadweep,Agatti,Public & Community Services,Records Assistant,Coastal Agatti Public and Community Services Works 2,2,42,2.0,SYNTHETIC_DEVELOPMENT,SYNTHETIC_NAME_NOT_REAL_EMPLOYER
Puducherry,Puducherry,Tourism & Hospitality,Hotel Operations Associate,Eastern Puducherry Tourism and Hospitality Works 1,16,5,7.7,SYNTHETIC_DEVELOPMENT,SYNTHETIC_NAME_NOT_REAL_EMPLOYER
Puducherry,Karaikal,Tourism & Hospitality,Hotel Operations Associate,Western Karaikal Tourism and Hospitality Works 2,16,14,7.7,SYNTHETIC_DEVELOPMENT,SYNTHETIC_NAME_NOT_REAL_EMPLOYER
Puducherry,Puducherry,Tourism & Hospitality,Hotel Operations Associate,Northern Puducherry Tourism and Hospitality Works 3,16,23,7.7,SYNTHETIC_DEVELOPMENT,SYNTHETIC_NAME_NOT_REAL_EMPLOYER
Puducherry,Puducherry,Tourism & Hospitality,Food & Beverage Supervisor,Eastern Puducherry Tourism and Hospitality Works 1,11,5,7.7,SYNTHETIC_DEVELOPMENT,SYNTHETIC_NAME_NOT_REAL_EMPLOYER
Puducherry,Karaikal,Tourism & Hospitality,Food & Beverage Supervisor,Western Karaikal Tourism and Hospitality Works 2,11,14,7.7,SYNTHETIC_DEVELOPMENT,SYNTHETIC_NAME_NOT_REAL_EMPLOYER
Puducherry,Puducherry,Tourism & Hospitality,Food & Beverage Supervisor,Northern Puducherry Tourism and Hospitality Works 3,11,23,7.7,SYNTHETIC_DEVELOPMENT,SYNTHETIC_NAME_NOT_REAL_EMPLOYER
Puducherry,Puducherry,Tourism & Hospitality,Travel Operations Executive,Eastern Puducherry Tourism and Hospitality Works 1,7,5,7.7,SYNTHETIC_DEVELOPMENT,SYNTHETIC_NAME_NOT_REAL_EMPLOYER
Puducherry,Karaikal,Tourism & Hospitality,Travel Operations Executive,Western Karaikal Tourism and Hospitality Works 2,7,14,7.7,SYNTHETIC_DEVELOPMENT,SYNTHETIC_NAME_NOT_REAL_EMPLOYER
Puducherry,Puducherry,Tourism & Hospitality,Travel Operations Executive,Northern Puducherry Tourism and Hospitality Works 3,7,23,7.7,SYNTHETIC_DEVELOPMENT,SYNTHETIC_NAME_NOT_REAL_EMPLOYER
Puducherry,Puducherry,Pharmaceuticals,Pharmaceutical Production Technician,Western Puducherry Pharmaceuticals Works 1,13,12,7.4,SYNTHETIC_DEVELOPMENT,SYNTHETIC_NAME_NOT_REAL_EMPLOYER
Puducherry,Karaikal,Pharmaceuticals,Pharmaceutical Production Technician,Northern Karaikal Pharmaceuticals Works 2,13,21,7.4,SYNTHETIC_DEVELOPMENT,SYNTHETIC_NAME_NOT_REAL_EMPLOYER
Puducherry,Puducherry,Pharmaceuticals,Pharmaceutical Production Technician,Southern Puducherry Pharmaceuticals Works 3,13,30,7.4,SYNTHETIC_DEVELOPMENT,SYNTHETIC_NAME_NOT_REAL_EMPLOYER
Puducherry,Puducherry,Pharmaceuticals,Quality Control Technician,Western Puducherry Pharmaceuticals Works 1,9,12,7.4,SYNTHETIC_DEVELOPMENT,SYNTHETIC_NAME_NOT_REAL_EMPLOYER
Puducherry,Karaikal,Pharmaceuticals,Quality Control Technician,Northern Karaikal Pharmaceuticals Works 2,9,21,7.4,SYNTHETIC_DEVELOPMENT,SYNTHETIC_NAME_NOT_REAL_EMPLOYER
Puducherry,Puducherry,Pharmaceuticals,Quality Control Technician,Southern Puducherry Pharmaceuticals Works 3,9,30,7.4,SYNTHETIC_DEVELOPMENT,SYNTHETIC_NAME_NOT_REAL_EMPLOYER
Puducherry,Puducherry,Pharmaceuticals,Packaging Machine Operator,Western Puducherry Pharmaceuticals Works 1,6,12,7.4,SYNTHETIC_DEVELOPMENT,SYNTHETIC_NAME_NOT_REAL_EMPLOYER
Puducherry,Karaikal,Pharmaceuticals,Packaging Machine Operator,Northern Karaikal Pharmaceuticals Works 2,6,21,7.4,SYNTHETIC_DEVELOPMENT,SYNTHETIC_NAME_NOT_REAL_EMPLOYER
Puducherry,Puducherry,Pharmaceuticals,Packaging Machine Operator,Southern Puducherry Pharmaceuticals Works 3,6,30,7.4,SYNTHETIC_DEVELOPMENT,SYNTHETIC_NAME_NOT_REAL_EMPLOYER
Puducherry,Puducherry,Engineering & Manufacturing,CNC Machine Operator,Northern Puducherry Engineering and Manufacturing Works 1,11,19,5.5,SYNTHETIC_DEVELOPMENT,SYNTHETIC_NAME_NOT_REAL_EMPLOYER
Puducherry,Karaikal,Engineering & Manufacturing,CNC Machine Operator,Southern Karaikal Engineering and Manufacturing Works 2,11,28,5.5,SYNTHETIC_DEVELOPMENT,SYNTHETIC_NAME_NOT_REAL_EMPLOYER
Puducherry,Puducherry,Engineering & Manufacturing,CNC Machine Operator,Central Puducherry Engineering and Manufacturing Works 3,11,37,5.5,SYNTHETIC_DEVELOPMENT,SYNTHETIC_NAME_NOT_REAL_EMPLOYER
Puducherry,Puducherry,Engineering & Manufacturing,Production Technician,Northern Puducherry Engineering and Manufacturing Works 1,7,19,5.5,SYNTHETIC_DEVELOPMENT,SYNTHETIC_NAME_NOT_REAL_EMPLOYER
Puducherry,Karaikal,Engineering & Manufacturing,Production Technician,Southern Karaikal Engineering and Manufacturing Works 2,7,28,5.5,SYNTHETIC_DEVELOPMENT,SYNTHETIC_NAME_NOT_REAL_EMPLOYER
Puducherry,Puducherry,Engineering & Manufacturing,Production Technician,Central Puducherry Engineering and Manufacturing Works 3,7,37,5.5,SYNTHETIC_DEVELOPMENT,SYNTHETIC_NAME_NOT_REAL_EMPLOYER
Puducherry,Puducherry,Engineering & Manufacturing,Quality Inspector,Northern Puducherry Engineering and Manufacturing Works 1,5,19,5.5,SYNTHETIC_DEVELOPMENT,SYNTHETIC_NAME_NOT_REAL_EMPLOYER
Puducherry,Karaikal,Engineering & Manufacturing,Quality Inspector,Southern Karaikal Engineering and Manufacturing Works 2,5,28,5.5,SYNTHETIC_DEVELOPMENT,SYNTHETIC_NAME_NOT_REAL_EMPLOYER
Puducherry,Puducherry,Engineering & Manufacturing,Quality Inspector,Central Puducherry Engineering and Manufacturing Works 3,5,37,5.5,SYNTHETIC_DEVELOPMENT,SYNTHETIC_NAME_NOT_REAL_EMPLOYER
Puducherry,Puducherry,Textiles & Apparel,Textile Machine Operator,Southern Puducherry Textiles and Apparel Works 1,9,26,3.2,SYNTHETIC_DEVELOPMENT,SYNTHETIC_NAME_NOT_REAL_EMPLOYER
Puducherry,Karaikal,Textiles & Apparel,Textile Machine Operator,Central Karaikal Textiles and Apparel Works 2,9,35,3.2,SYNTHETIC_DEVELOPMENT,SYNTHETIC_NAME_NOT_REAL_EMPLOYER
Puducherry,Puducherry,Textiles & Apparel,Textile Machine Operator,Coastal Puducherry Textiles and Apparel Works 3,9,44,3.2,SYNTHETIC_DEVELOPMENT,SYNTHETIC_NAME_NOT_REAL_EMPLOYER
Puducherry,Puducherry,Textiles & Apparel,Garment Production Supervisor,Southern Puducherry Textiles and Apparel Works 1,6,26,3.2,SYNTHETIC_DEVELOPMENT,SYNTHETIC_NAME_NOT_REAL_EMPLOYER
Puducherry,Karaikal,Textiles & Apparel,Garment Production Supervisor,Central Karaikal Textiles and Apparel Works 2,6,35,3.2,SYNTHETIC_DEVELOPMENT,SYNTHETIC_NAME_NOT_REAL_EMPLOYER
Puducherry,Puducherry,Textiles & Apparel,Garment Production Supervisor,Coastal Puducherry Textiles and Apparel Works 3,6,44,3.2,SYNTHETIC_DEVELOPMENT,SYNTHETIC_NAME_NOT_REAL_EMPLOYER
Puducherry,Puducherry,Textiles & Apparel,Quality Inspector - Textiles,Southern Puducherry Textiles and Apparel Works 1,4,26,3.2,SYNTHETIC_DEVELOPMENT,SYNTHETIC_NAME_NOT_REAL_EMPLOYER
Puducherry,Karaikal,Textiles & Apparel,Quality Inspector - Textiles,Central Karaikal Textiles and Apparel Works 2,4,35,3.2,SYNTHETIC_DEVELOPMENT,SYNTHETIC_NAME_NOT_REAL_EMPLOYER
Puducherry,Puducherry,Textiles & Apparel,Quality Inspector - Textiles,Coastal Puducherry Textiles and Apparel Works 3,4,44,3.2,SYNTHETIC_DEVELOPMENT,SYNTHETIC_NAME_NOT_REAL_EMPLOYER
Puducherry,Puducherry,Food Processing,Food Processing Technician,Central Puducherry Food Processing Works 1,8,33,6.0,SYNTHETIC_DEVELOPMENT,SYNTHETIC_NAME_NOT_REAL_EMPLOYER
Puducherry,Karaikal,Food Processing,Food Processing Technician,Coastal Karaikal Food Processing Works 2,8,42,6.0,SYNTHETIC_DEVELOPMENT,SYNTHETIC_NAME_NOT_REAL_EMPLOYER
Puducherry,Puducherry,Food Processing,Food Processing Technician,Deccan Puducherry Food Processing Works 3,8,51,6.0,SYNTHETIC_DEVELOPMENT,SYNTHETIC_NAME_NOT_REAL_EMPLOYER
Puducherry,Puducherry,Food Processing,Production Operator,Central Puducherry Food Processing Works 1,5,33,6.0,SYNTHETIC_DEVELOPMENT,SYNTHETIC_NAME_NOT_REAL_EMPLOYER
Puducherry,Karaikal,Food Processing,Production Operator,Coastal Karaikal Food Processing Works 2,5,42,6.0,SYNTHETIC_DEVELOPMENT,SYNTHETIC_NAME_NOT_REAL_EMPLOYER
Puducherry,Puducherry,Food Processing,Production Operator,Deccan Puducherry Food Processing Works 3,5,51,6.0,SYNTHETIC_DEVELOPMENT,SYNTHETIC_NAME_NOT_REAL_EMPLOYER
Puducherry,Puducherry,Food Processing,Quality Technician,Central Puducherry Food Processing Works 1,3,33,6.0,SYNTHETIC_DEVELOPMENT,SYNTHETIC_NAME_NOT_REAL_EMPLOYER
Puducherry,Karaikal,Food Processing,Quality Technician,Coastal Karaikal Food Processing Works 2,3,42,6.0,SYNTHETIC_DEVELOPMENT,SYNTHETIC_NAME_NOT_REAL_EMPLOYER
Puducherry,Puducherry,Food Processing,Quality Technician,Deccan Puducherry Food Processing Works 3,3,51,6.0,SYNTHETIC_DEVELOPMENT,SYNTHETIC_NAME_NOT_REAL_EMPLOYER
Puducherry,Puducherry,Information Technology,Software Developer,Coastal Puducherry Information Technology Works 1,6,40,9.0,SYNTHETIC_DEVELOPMENT,SYNTHETIC_NAME_NOT_REAL_EMPLOYER
Puducherry,Karaikal,Information Technology,Software Developer,Deccan Karaikal Information Technology Works 2,6,49,9.0,SYNTHETIC_DEVELOPMENT,SYNTHETIC_NAME_NOT_REAL_EMPLOYER
Puducherry,Puducherry,Information Technology,Software Developer,Frontier Puducherry Information Technology Works 3,6,58,9.0,SYNTHETIC_DEVELOPMENT,SYNTHETIC_NAME_NOT_REAL_EMPLOYER
Puducherry,Puducherry,Information Technology,Cloud Support Associate,Coastal Puducherry Information Technology Works 1,4,40,9.0,SYNTHETIC_DEVELOPMENT,SYNTHETIC_NAME_NOT_REAL_EMPLOYER
Puducherry,Karaikal,Information Technology,Cloud Support Associate,Deccan Karaikal Information Technology Works 2,4,49,9.0,SYNTHETIC_DEVELOPMENT,SYNTHETIC_NAME_NOT_REAL_EMPLOYER
Puducherry,Puducherry,Information Technology,Cloud Support Associate,Frontier Puducherry Information Technology Works 3,4,58,9.0,SYNTHETIC_DEVELOPMENT,SYNTHETIC_NAME_NOT_REAL_EMPLOYER
Puducherry,Puducherry,Information Technology,Data Analyst,Coastal Puducherry Information Technology Works 1,3,40,9.0,SYNTHETIC_DEVELOPMENT,SYNTHETIC_NAME_NOT_REAL_EMPLOYER
Puducherry,Karaikal,Information Technology,Data Analyst,Deccan Karaikal Information Technology Works 2,3,49,9.0,SYNTHETIC_DEVELOPMENT,SYNTHETIC_NAME_NOT_REAL_EMPLOYER
Puducherry,Puducherry,Information Technology,Data Analyst,Frontier Puducherry Information Technology Works 3,3,58,9.0,SYNTHETIC_DEVELOPMENT,SYNTHETIC_NAME_NOT_REAL_EMPLOYER
