state,district,skill,job_postings,employer_count,demand_index,severity_seed,source,data_origin
Andhra Pradesh,Visakhapatnam,AWS,2,2,6.1,Low,SYNTHETIC_DEMO,SYNTHETIC
Andhra Pradesh,Visakhapatnam,Accounting,5,4,12.7,Low,SYNTHETIC_DEMO,SYNTHETIC
Andhra Pradesh,Visakhapatnam,Agri Input Management,1,1,3.0,Low,SYNTHETIC_DEMO,SYNTHETIC
Andhra Pradesh,Visakhapatnam,Auto Electrical,11,9,28.4,Moderate,SYNTHETIC_DEMO,SYNTHETIC
Andhra Pradesh,Visakhapatnam,AutoCAD,26,14,49.0,Moderate,SYNTHETIC_DEMO,SYNTHETIC
Andhra Pradesh,Visakhapatnam,AutoCAD Electrical,8,6,19.3,Low,SYNTHETIC_DEMO,SYNTHETIC
Andhra Pradesh,Visakhapatnam,Automotive CAD,18,11,37.2,Moderate,SYNTHETIC_DEMO,SYNTHETIC
Andhra Pradesh,Visakhapatnam,Automotive Diagnostics,10,8,25.4,Moderate,SYNTHETIC_DEMO,SYNTHETIC
Andhra Pradesh,Visakhapatnam,Azure,4,4,12.1,Low,SYNTHETIC_DEMO,SYNTHETIC
Andhra Pradesh,Visakhapatnam,Battery Management Systems,15,10,33.1,Moderate,SYNTHETIC_DEMO,SYNTHETIC
Andhra Pradesh,Visakhapatnam,Business Analysis,8,8,24.3,Low,SYNTHETIC_DEMO,SYNTHETIC
Andhra Pradesh,Visakhapatnam,CNC Milling,17,9,31.6,Moderate,SYNTHETIC_DEMO,SYNTHETIC
Andhra Pradesh,Visakhapatnam,CNC Operation,26,12,44.0,Moderate,SYNTHETIC_DEMO,SYNTHETIC
Andhra Pradesh,Visakhapatnam,CNC Programming,21,11,38.8,Moderate,SYNTHETIC_DEMO,SYNTHETIC
Andhra Pradesh,Visakhapatnam,CNC Turning,35,13,51.3,High,SYNTHETIC_DEMO,SYNTHETIC
Andhra Pradesh,Visakhapatnam,Civil Drafting,1,1,3.0,Low,SYNTHETIC_DEMO,SYNTHETIC
Andhra Pradesh,Visakhapatnam,Clinical Documentation,3,3,9.1,Low,SYNTHETIC_DEMO,SYNTHETIC
Andhra Pradesh,Visakhapatnam,Cold Chain,1,1,3.0,Low,SYNTHETIC_DEMO,SYNTHETIC
Andhra Pradesh,Visakhapatnam,Communication,99,14,88.2,Very High,SYNTHETIC_DEMO,SYNTHETIC
Andhra Pradesh,Visakhapatnam,Construction Safety,2,2,6.1,Low,SYNTHETIC_DEMO,SYNTHETIC
Andhra Pradesh,Visakhapatnam,Control Systems,8,7,21.8,Low,SYNTHETIC_DEMO,SYNTHETIC
Andhra Pradesh,Visakhapatnam,Customer Service,7,5,16.3,Low,SYNTHETIC_DEMO,SYNTHETIC
Andhra Pradesh,Visakhapatnam,Cybersecurity,6,4,13.2,Low,SYNTHETIC_DEMO,SYNTHETIC
Andhra Pradesh,Visakhapatnam,Data Analysis,5,4,12.7,Low,SYNTHETIC_DEMO,SYNTHETIC
Andhra Pradesh,Visakhapatnam,Digital Literacy,88,14,82.3,Very High,SYNTHETIC_DEMO,SYNTHETIC
Andhra Pradesh,Visakhapatnam,Digital Marketing,5,5,15.2,Low,SYNTHETIC_DEMO,SYNTHETIC
Andhra Pradesh,Visakhapatnam,Docker,1,1,3.0,Low,SYNTHETIC_DEMO,SYNTHETIC
Andhra Pradesh,Visakhapatnam,EV Battery Maintenance,18,11,37.2,Moderate,SYNTHETIC_DEMO,SYNTHETIC
Andhra Pradesh,Visakhapatnam,EV Systems,11,7,23.4,Low,SYNTHETIC_DEMO,SYNTHETIC
Andhra Pradesh,Visakhapatnam,Electric Motor Systems,12,6,21.4,Low,SYNTHETIC_DEMO,SYNTHETIC
Andhra Pradesh,Visakhapatnam,Electrical Testing,9,7,22.3,Low,SYNTHETIC_DEMO,SYNTHETIC
Andhra Pradesh,Visakhapatnam,Embedded Systems,7,4,13.8,Low,SYNTHETIC_DEMO,SYNTHETIC
Andhra Pradesh,Visakhapatnam,English Communication,96,14,86.6,Very High,SYNTHETIC_DEMO,SYNTHETIC
Andhra Pradesh,Visakhapatnam,Excel,2,1,3.6,Low,SYNTHETIC_DEMO,SYNTHETIC
Andhra Pradesh,Visakhapatnam,Farm Machinery,2,2,6.1,Low,SYNTHETIC_DEMO,SYNTHETIC
Andhra Pradesh,Visakhapatnam,Figma,2,2,6.1,Low,SYNTHETIC_DEMO,SYNTHETIC
Andhra Pradesh,Visakhapatnam,Financial Analysis,7,5,16.3,Low,SYNTHETIC_DEMO,SYNTHETIC
Andhra Pradesh,Visakhapatnam,Fleet Management,2,2,6.1,Low,SYNTHETIC_DEMO,SYNTHETIC
Andhra Pradesh,Visakhapatnam,Food Processing,2,2,6.1,Low,SYNTHETIC_DEMO,SYNTHETIC
Andhra Pradesh,Visakhapatnam,Forklift Operation,4,3,9.6,Low,SYNTHETIC_DEMO,SYNTHETIC
Andhra Pradesh,Visakhapatnam,GST,6,6,18.2,Low,SYNTHETIC_DEMO,SYNTHETIC
Andhra Pradesh,Visakhapatnam,Git,6,6,18.2,Low,SYNTHETIC_DEMO,SYNTHETIC
Andhra Pradesh,Visakhapatnam,Healthcare Administration,2,2,6.1,Low,SYNTHETIC_DEMO,SYNTHETIC
Andhra Pradesh,Visakhapatnam,Industrial Automation,6,4,13.2,Low,SYNTHETIC_DEMO,SYNTHETIC
Andhra Pradesh,Visakhapatnam,Inventory Management,11,8,25.9,Moderate,SYNTHETIC_DEMO,SYNTHETIC
Andhra Pradesh,Visakhapatnam,IoT,5,4,12.7,Low,SYNTHETIC_DEMO,SYNTHETIC
Andhra Pradesh,Visakhapatnam,Irrigation Management,2,2,6.1,Low,SYNTHETIC_DEMO,SYNTHETIC
Andhra Pradesh,Visakhapatnam,Java,2,2,6.1,Low,SYNTHETIC_DEMO,SYNTHETIC
Andhra Pradesh,Visakhapatnam,JavaScript,5,4,12.7,Low,SYNTHETIC_DEMO,SYNTHETIC
Andhra Pradesh,Visakhapatnam,Laboratory Techniques,6,4,13.2,Low,SYNTHETIC_DEMO,SYNTHETIC
Andhra Pradesh,Visakhapatnam,Lean Manufacturing,24,12,42.9,Moderate,SYNTHETIC_DEMO,SYNTHETIC
Andhra Pradesh,Visakhapatnam,Logistics Planning,3,3,9.1,Low,SYNTHETIC_DEMO,SYNTHETIC
Andhra Pradesh,Visakhapatnam,Machine Learning,4,3,9.6,Low,SYNTHETIC_DEMO,SYNTHETIC
Andhra Pradesh,Visakhapatnam,Machine Maintenance,26,11,41.5,Moderate,SYNTHETIC_DEMO,SYNTHETIC
Andhra Pradesh,Visakhapatnam,Mechanical Assembly,27,12,44.5,Moderate,SYNTHETIC_DEMO,SYNTHETIC
Andhra Pradesh,Visakhapatnam,Medical Coding,9,7,22.3,Low,SYNTHETIC_DEMO,SYNTHETIC
Andhra Pradesh,Visakhapatnam,Medical Equipment Maintenance,5,5,15.2,Low,SYNTHETIC_DEMO,SYNTHETIC
Andhra Pradesh,Visakhapatnam,Microsoft Excel,109,14,93.6,Very High,SYNTHETIC_DEMO,SYNTHETIC
Andhra Pradesh,Visakhapatnam,Next.js,1,1,3.0,Low,SYNTHETIC_DEMO,SYNTHETIC
Andhra Pradesh,Visakhapatnam,Node.js,4,4,12.1,Low,SYNTHETIC_DEMO,SYNTHETIC
Andhra Pradesh,Visakhapatnam,PCB Design,7,6,18.8,Low,SYNTHETIC_DEMO,SYNTHETIC
Andhra Pradesh,Visakhapatnam,PLC,9,7,22.3,Low,SYNTHETIC_DEMO,SYNTHETIC
Andhra Pradesh,Visakhapatnam,Patient Care,5,5,15.2,Low,SYNTHETIC_DEMO,SYNTHETIC
Andhra Pradesh,Visakhapatnam,Pharmacy Operations,5,4,12.7,Low,SYNTHETIC_DEMO,SYNTHETIC
Andhra Pradesh,Visakhapatnam,Post-Harvest Management,4,3,9.6,Low,SYNTHETIC_DEMO,SYNTHETIC
Andhra Pradesh,Visakhapatnam,PostgreSQL,6,5,15.7,Low,SYNTHETIC_DEMO,SYNTHETIC
Andhra Pradesh,Visakhapatnam,Power BI,6,4,13.2,Low,SYNTHETIC_DEMO,SYNTHETIC
Andhra Pradesh,Visakhapatnam,Precision Agriculture,1,1,3.0,Low,SYNTHETIC_DEMO,SYNTHETIC
Andhra Pradesh,Visakhapatnam,Problem Solving,89,14,82.8,Very High,SYNTHETIC_DEMO,SYNTHETIC
Andhra Pradesh,Visakhapatnam,Production Planning,17,8,29.1,Moderate,SYNTHETIC_DEMO,SYNTHETIC
Andhra Pradesh,Visakhapatnam,Project Planning,1,1,3.0,Low,SYNTHETIC_DEMO,SYNTHETIC
Andhra Pradesh,Visakhapatnam,Python,4,4,12.1,Low,SYNTHETIC_DEMO,SYNTHETIC
Andhra Pradesh,Visakhapatnam,Quality Control,33,14,52.7,High,SYNTHETIC_DEMO,SYNTHETIC
Andhra Pradesh,Visakhapatnam,Quantity Surveying,5,5,15.2,Low,SYNTHETIC_DEMO,SYNTHETIC
Andhra Pradesh,Visakhapatnam,REST APIs,3,2,6.6,Low,SYNTHETIC_DEMO,SYNTHETIC
Andhra Pradesh,Visakhapatnam,React,6,4,13.2,Low,SYNTHETIC_DEMO,SYNTHETIC
Andhra Pradesh,Visakhapatnam,Route Planning,4,4,12.1,Low,SYNTHETIC_DEMO,SYNTHETIC
Andhra Pradesh,Visakhapatnam,SCADA,9,8,24.8,Low,SYNTHETIC_DEMO,SYNTHETIC
Andhra Pradesh,Visakhapatnam,SQL,4,3,9.6,Low,SYNTHETIC_DEMO,SYNTHETIC
Andhra Pradesh,Visakhapatnam,Sales,6,6,18.2,Low,SYNTHETIC_DEMO,SYNTHETIC
Andhra Pradesh,Visakhapatnam,Sensors,11,5,18.4,Low,SYNTHETIC_DEMO,SYNTHETIC
Andhra Pradesh,Visakhapatnam,Service Operations,8,7,21.8,Low,SYNTHETIC_DEMO,SYNTHETIC
Andhra Pradesh,Visakhapatnam,Site Supervision,2,2,6.1,Low,SYNTHETIC_DEMO,SYNTHETIC
Andhra Pradesh,Visakhapatnam,SolidWorks,20,10,35.7,Moderate,SYNTHETIC_DEMO,SYNTHETIC
Andhra Pradesh,Visakhapatnam,Structural Analysis,1,1,3.0,Low,SYNTHETIC_DEMO,SYNTHETIC
Andhra Pradesh,Visakhapatnam,Supply Chain,8,5,16.8,Low,SYNTHETIC_DEMO,SYNTHETIC
Andhra Pradesh,Visakhapatnam,Supply Chain Management,3,3,9.1,Low,SYNTHETIC_DEMO,SYNTHETIC
Andhra Pradesh,Visakhapatnam,Surveying,1,1,3.0,Low,SYNTHETIC_DEMO,SYNTHETIC
Andhra Pradesh,Visakhapatnam,Tally,11,8,25.9,Moderate,SYNTHETIC_DEMO,SYNTHETIC
Andhra Pradesh,Visakhapatnam,Team Management,88,14,82.3,Very High,SYNTHETIC_DEMO,SYNTHETIC
Andhra Pradesh,Visakhapatnam,Two-Wheeler Service,17,11,36.6,Moderate,SYNTHETIC_DEMO,SYNTHETIC
Andhra Pradesh,Visakhapatnam,TypeScript,3,3,9.1,Low,SYNTHETIC_DEMO,SYNTHETIC
Andhra Pradesh,Visakhapatnam,UI/UX Design,1,1,3.0,Low,SYNTHETIC_DEMO,SYNTHETIC
Andhra Pradesh,Visakhapatnam,Vehicle Diagnostics,17,8,29.1,Moderate,SYNTHETIC_DEMO,SYNTHETIC
Andhra Pradesh,Visakhapatnam,Warehouse Management,5,4,12.7,Low,SYNTHETIC_DEMO,SYNTHETIC
Andhra Pradesh,Visakhapatnam,Welding,24,11,40.4,Moderate,SYNTHETIC_DEMO,SYNTHETIC
Andhra Pradesh,Visakhapatnam,Workplace Safety,92,14,84.4,Very High,SYNTHETIC_DEMO,SYNTHETIC
Delhi,New Delhi,AWS,4,4,12.1,Low,SYNTHETIC_DEMO,SYNTHETIC
Delhi,New Delhi,Accounting,9,9,27.3,Moderate,SYNTHETIC_DEMO,SYNTHETIC
Delhi,New Delhi,Agri Input Management,3,3,9.1,Low,SYNTHETIC_DEMO,SYNTHETIC
Delhi,New Delhi,Auto Electrical,13,8,27.0,Moderate,SYNTHETIC_DEMO,SYNTHETIC
Delhi,New Delhi,AutoCAD,27,12,44.5,Moderate,SYNTHETIC_DEMO,SYNTHETIC
Delhi,New Delhi,AutoCAD Electrical,11,7,23.4,Low,SYNTHETIC_DEMO,SYNTHETIC
Delhi,New Delhi,Automotive CAD,18,10,34.7,Moderate,SYNTHETIC_DEMO,SYNTHETIC
Delhi,New Delhi,Automotive Diagnostics,16,11,36.1,Moderate,SYNTHETIC_DEMO,SYNTHETIC
Delhi,New Delhi,Azure,2,2,6.1,Low,SYNTHETIC_DEMO,SYNTHETIC
Delhi,New Delhi,Battery Management Systems,12,12,36.4,Moderate,SYNTHETIC_DEMO,SYNTHETIC
Delhi,New Delhi,Business Analysis,12,8,26.4,Moderate,SYNTHETIC_DEMO,SYNTHETIC
Delhi,New Delhi,CNC Milling,24,12,42.9,Moderate,SYNTHETIC_DEMO,SYNTHETIC
Delhi,New Delhi,CNC Operation,30,10,41.1,Moderate,SYNTHETIC_DEMO,SYNTHETIC
Delhi,New Delhi,CNC Programming,21,11,38.8,Moderate,SYNTHETIC_DEMO,SYNTHETIC
Delhi,New Delhi,CNC Turning,21,12,41.3,Moderate,SYNTHETIC_DEMO,SYNTHETIC
Delhi,New Delhi,Civil Drafting,3,2,6.6,Low,SYNTHETIC_DEMO,SYNTHETIC
Delhi,New Delhi,Clinical Documentation,1,1,3.0,Low,SYNTHETIC_DEMO,SYNTHETIC
Delhi,New Delhi,Cold Chain,2,2,6.1,Low,SYNTHETIC_DEMO,SYNTHETIC
Delhi,New Delhi,Communication,82,14,79.0,Very High,SYNTHETIC_DEMO,SYNTHETIC
Delhi,New Delhi,Construction Safety,3,3,9.1,Low,SYNTHETIC_DEMO,SYNTHETIC
Delhi,New Delhi,Control Systems,7,5,16.3,Low,SYNTHETIC_DEMO,SYNTHETIC
Delhi,New Delhi,Customer Service,3,3,9.1,Low,SYNTHETIC_DEMO,SYNTHETIC
Delhi,New Delhi,Data Analysis,3,3,9.1,Low,SYNTHETIC_DEMO,SYNTHETIC
Delhi,New Delhi,Digital Literacy,81,14,78.5,Very High,SYNTHETIC_DEMO,SYNTHETIC
Delhi,New Delhi,Digital Marketing,6,5,15.7,Low,SYNTHETIC_DEMO,SYNTHETIC
Delhi,New Delhi,Docker,1,1,3.0,Low,SYNTHETIC_DEMO,SYNTHETIC
Delhi,New Delhi,EV Battery Maintenance,13,10,32.0,Moderate,SYNTHETIC_DEMO,SYNTHETIC
Delhi,New Delhi,EV Systems,8,6,19.3,Low,SYNTHETIC_DEMO,SYNTHETIC
Delhi,New Delhi,Electric Motor Systems,16,10,33.6,Moderate,SYNTHETIC_DEMO,SYNTHETIC
Delhi,New Delhi,Electrical Testing,4,4,12.1,Low,SYNTHETIC_DEMO,SYNTHETIC
Delhi,New Delhi,Embedded Systems,11,9,28.4,Moderate,SYNTHETIC_DEMO,SYNTHETIC
Delhi,New Delhi,English Communication,85,14,80.7,Very High,SYNTHETIC_DEMO,SYNTHETIC
Delhi,New Delhi,Excel,8,6,19.3,Low,SYNTHETIC_DEMO,SYNTHETIC
Delhi,New Delhi,Farm Machinery,1,1,3.0,Low,SYNTHETIC_DEMO,SYNTHETIC
Delhi,New Delhi,Figma,2,2,6.1,Low,SYNTHETIC_DEMO,SYNTHETIC
Delhi,New Delhi,Financial Analysis,6,5,15.7,Low,SYNTHETIC_DEMO,SYNTHETIC
Delhi,New Delhi,Fleet Management,5,4,12.7,Low,SYNTHETIC_DEMO,SYNTHETIC
Delhi,New Delhi,Forklift Operation,5,5,15.2,Low,SYNTHETIC_DEMO,SYNTHETIC
Delhi,New Delhi,GST,5,3,10.2,Low,SYNTHETIC_DEMO,SYNTHETIC
Delhi,New Delhi,Git,2,2,6.1,Low,SYNTHETIC_DEMO,SYNTHETIC
Delhi,New Delhi,Healthcare Administration,1,1,3.0,Low,SYNTHETIC_DEMO,SYNTHETIC
Delhi,New Delhi,Industrial Automation,10,9,27.9,Moderate,SYNTHETIC_DEMO,SYNTHETIC
Delhi,New Delhi,Inventory Management,2,2,6.1,Low,SYNTHETIC_DEMO,SYNTHETIC
Delhi,New Delhi,IoT,12,6,21.4,Low,SYNTHETIC_DEMO,SYNTHETIC
Delhi,New Delhi,Irrigation Management,2,2,6.1,Low,SYNTHETIC_DEMO,SYNTHETIC
Delhi,New Delhi,JavaScript,5,5,15.2,Low,SYNTHETIC_DEMO,SYNTHETIC
Delhi,New Delhi,Laboratory Techniques,3,3,9.1,Low,SYNTHETIC_DEMO,SYNTHETIC
Delhi,New Delhi,Lean Manufacturing,27,11,42.0,Moderate,SYNTHETIC_DEMO,SYNTHETIC
Delhi,New Delhi,Logistics Planning,5,3,10.2,Low,SYNTHETIC_DEMO,SYNTHETIC
Delhi,New Delhi,Machine Maintenance,16,8,28.6,Moderate,SYNTHETIC_DEMO,SYNTHETIC
Delhi,New Delhi,Mechanical Assembly,20,12,40.7,Moderate,SYNTHETIC_DEMO,SYNTHETIC
Delhi,New Delhi,Medical Coding,3,3,9.1,Low,SYNTHETIC_DEMO,SYNTHETIC
Delhi,New Delhi,Medical Equipment Maintenance,1,1,3.0,Low,SYNTHETIC_DEMO,SYNTHETIC
Delhi,New Delhi,Microsoft Excel,78,14,76.9,Very High,SYNTHETIC_DEMO,SYNTHETIC
Delhi,New Delhi,Next.js,1,1,3.0,Low,SYNTHETIC_DEMO,SYNTHETIC
Delhi,New Delhi,Node.js,3,3,9.1,Low,SYNTHETIC_DEMO,SYNTHETIC
Delhi,New Delhi,PCB Design,5,4,12.7,Low,SYNTHETIC_DEMO,SYNTHETIC
Delhi,New Delhi,PLC,7,5,16.3,Low,SYNTHETIC_DEMO,SYNTHETIC
Delhi,New Delhi,Patient Care,1,1,3.0,Low,SYNTHETIC_DEMO,SYNTHETIC
Delhi,New Delhi,Pharmacy Operations,1,1,3.0,Low,SYNTHETIC_DEMO,SYNTHETIC
Delhi,New Delhi,Post-Harvest Management,5,4,12.7,Low,SYNTHETIC_DEMO,SYNTHETIC
Delhi,New Delhi,PostgreSQL,3,3,9.1,Low,SYNTHETIC_DEMO,SYNTHETIC
Delhi,New Delhi,Power BI,1,1,3.0,Low,SYNTHETIC_DEMO,SYNTHETIC
Delhi,New Delhi,Problem Solving,69,14,72.1,High,SYNTHETIC_DEMO,SYNTHETIC
Delhi,New Delhi,Production Planning,14,8,27.5,Moderate,SYNTHETIC_DEMO,SYNTHETIC
Delhi,New Delhi,Python,1,1,3.0,Low,SYNTHETIC_DEMO,SYNTHETIC
Delhi,New Delhi,Quality Control,37,12,49.9,Moderate,SYNTHETIC_DEMO,SYNTHETIC
Delhi,New Delhi,Quantity Surveying,2,2,6.1,Low,SYNTHETIC_DEMO,SYNTHETIC
Delhi,New Delhi,REST APIs,1,1,3.0,Low,SYNTHETIC_DEMO,SYNTHETIC
Delhi,New Delhi,React,5,3,10.2,Low,SYNTHETIC_DEMO,SYNTHETIC
Delhi,New Delhi,Route Planning,6,6,18.2,Low,SYNTHETIC_DEMO,SYNTHETIC
Delhi,New Delhi,SCADA,12,9,28.9,Moderate,SYNTHETIC_DEMO,SYNTHETIC
Delhi,New Delhi,SQL,4,4,12.1,Low,SYNTHETIC_DEMO,SYNTHETIC
Delhi,New Delhi,Sales,3,3,9.1,Low,SYNTHETIC_DEMO,SYNTHETIC
Delhi,New Delhi,Sensors,6,6,18.2,Low,SYNTHETIC_DEMO,SYNTHETIC
Delhi,New Delhi,Service Operations,10,8,25.4,Moderate,SYNTHETIC_DEMO,SYNTHETIC
Delhi,New Delhi,Site Supervision,4,4,12.1,Low,SYNTHETIC_DEMO,SYNTHETIC
Delhi,New Delhi,SolidWorks,22,11,39.3,Moderate,SYNTHETIC_DEMO,SYNTHETIC
Delhi,New Delhi,Structural Analysis,1,1,3.0,Low,SYNTHETIC_DEMO,SYNTHETIC
Delhi,New Delhi,Supply Chain,6,4,13.2,Low,SYNTHETIC_DEMO,SYNTHETIC
Delhi,New Delhi,Supply Chain Management,8,7,21.8,Low,SYNTHETIC_DEMO,SYNTHETIC
Delhi,New Delhi,Surveying,1,1,3.0,Low,SYNTHETIC_DEMO,SYNTHETIC
Delhi,New Delhi,Tally,12,8,26.4,Moderate,SYNTHETIC_DEMO,SYNTHETIC
Delhi,New Delhi,Team Management,84,14,80.1,Very High,SYNTHETIC_DEMO,SYNTHETIC
Delhi,New Delhi,Two-Wheeler Service,5,4,12.7,Low,SYNTHETIC_DEMO,SYNTHETIC
Delhi,New Delhi,TypeScript,1,1,3.0,Low,SYNTHETIC_DEMO,SYNTHETIC
Delhi,New Delhi,Vehicle Diagnostics,19,11,37.7,Moderate,SYNTHETIC_DEMO,SYNTHETIC
Delhi,New Delhi,Warehouse Management,4,4,12.1,Low,SYNTHETIC_DEMO,SYNTHETIC
Delhi,New Delhi,Welding,26,12,44.0,Moderate,SYNTHETIC_DEMO,SYNTHETIC
Delhi,New Delhi,Workplace Safety,69,14,72.1,High,SYNTHETIC_DEMO,SYNTHETIC
Gujarat,Ahmedabad,AWS,3,2,6.6,Low,SYNTHETIC_DEMO,SYNTHETIC
Gujarat,Ahmedabad,Accounting,10,8,25.4,Moderate,SYNTHETIC_DEMO,SYNTHETIC
Gujarat,Ahmedabad,Auto Electrical,10,8,25.4,Moderate,SYNTHETIC_DEMO,SYNTHETIC
Gujarat,Ahmedabad,AutoCAD,28,13,47.5,Moderate,SYNTHETIC_DEMO,SYNTHETIC
Gujarat,Ahmedabad,AutoCAD Electrical,3,2,6.6,Low,SYNTHETIC_DEMO,SYNTHETIC
Gujarat,Ahmedabad,Automotive CAD,28,11,42.5,Moderate,SYNTHETIC_DEMO,SYNTHETIC
Gujarat,Ahmedabad,Automotive Diagnostics,17,11,36.6,Moderate,SYNTHETIC_DEMO,SYNTHETIC
Gujarat,Ahmedabad,Azure,1,1,3.0,Low,SYNTHETIC_DEMO,SYNTHETIC
Gujarat,Ahmedabad,Battery Management Systems,10,6,20.4,Low,SYNTHETIC_DEMO,SYNTHETIC
Gujarat,Ahmedabad,Business Analysis,6,6,18.2,Low,SYNTHETIC_DEMO,SYNTHETIC
Gujarat,Ahmedabad,CNC Milling,13,7,24.5,Low,SYNTHETIC_DEMO,SYNTHETIC
Gujarat,Ahmedabad,CNC Operation,31,13,49.2,Moderate,SYNTHETIC_DEMO,SYNTHETIC
Gujarat,Ahmedabad,CNC Programming,15,12,38.1,Moderate,SYNTHETIC_DEMO,SYNTHETIC
Gujarat,Ahmedabad,CNC Turning,27,10,39.5,Moderate,SYNTHETIC_DEMO,SYNTHETIC
Gujarat,Ahmedabad,Civil Drafting,2,1,3.6,Low,SYNTHETIC_DEMO,SYNTHETIC
Gujarat,Ahmedabad,Communication,92,14,84.4,Very High,SYNTHETIC_DEMO,SYNTHETIC
Gujarat,Ahmedabad,Construction Safety,1,1,3.0,Low,SYNTHETIC_DEMO,SYNTHETIC
Gujarat,Ahmedabad,Control Systems,4,4,12.1,Low,SYNTHETIC_DEMO,SYNTHETIC
Gujarat,Ahmedabad,Customer Service,4,4,12.1,Low,SYNTHETIC_DEMO,SYNTHETIC
Gujarat,Ahmedabad,Cybersecurity,1,1,3.0,Low,SYNTHETIC_DEMO,SYNTHETIC
Gujarat,Ahmedabad,Data Analysis,4,4,12.1,Low,SYNTHETIC_DEMO,SYNTHETIC
Gujarat,Ahmedabad,Digital Literacy,85,14,80.7,Very High,SYNTHETIC_DEMO,SYNTHETIC
Gujarat,Ahmedabad,Digital Marketing,5,5,15.2,Low,SYNTHETIC_DEMO,SYNTHETIC
Gujarat,Ahmedabad,Docker,2,2,6.1,Low,SYNTHETIC_DEMO,SYNTHETIC
Gujarat,Ahmedabad,EV Battery Maintenance,16,10,33.6,Moderate,SYNTHETIC_DEMO,SYNTHETIC
Gujarat,Ahmedabad,EV Systems,16,9,31.1,Moderate,SYNTHETIC_DEMO,SYNTHETIC
Gujarat,Ahmedabad,Electric Motor Systems,23,10,37.4,Moderate,SYNTHETIC_DEMO,SYNTHETIC
Gujarat,Ahmedabad,Electrical Testing,4,4,12.1,Low,SYNTHETIC_DEMO,SYNTHETIC
Gujarat,Ahmedabad,Embedded Systems,6,5,15.7,Low,SYNTHETIC_DEMO,SYNTHETIC
Gujarat,Ahmedabad,English Communication,87,14,81.7,Very High,SYNTHETIC_DEMO,SYNTHETIC
Gujarat,Ahmedabad,Excel,14,9,30.0,Moderate,SYNTHETIC_DEMO,SYNTHETIC
Gujarat,Ahmedabad,Farm Machinery,1,1,3.0,Low,SYNTHETIC_DEMO,SYNTHETIC
Gujarat,Ahmedabad,Figma,1,1,3.0,Low,SYNTHETIC_DEMO,SYNTHETIC
Gujarat,Ahmedabad,Financial Analysis,5,5,15.2,Low,SYNTHETIC_DEMO,SYNTHETIC
Gujarat,Ahmedabad,Fleet Management,9,6,19.8,Low,SYNTHETIC_DEMO,SYNTHETIC
Gujarat,Ahmedabad,Forklift Operation,7,6,18.8,Low,SYNTHETIC_DEMO,SYNTHETIC
Gujarat,Ahmedabad,GST,4,4,12.1,Low,SYNTHETIC_DEMO,SYNTHETIC
Gujarat,Ahmedabad,Git,5,4,12.7,Low,SYNTHETIC_DEMO,SYNTHETIC
Gujarat,Ahmedabad,Healthcare Administration,2,2,6.1,Low,SYNTHETIC_DEMO,SYNTHETIC
Gujarat,Ahmedabad,Industrial Automation,7,6,18.8,Low,SYNTHETIC_DEMO,SYNTHETIC
Gujarat,Ahmedabad,Inventory Management,2,2,6.1,Low,SYNTHETIC_DEMO,SYNTHETIC
Gujarat,Ahmedabad,IoT,9,7,22.3,Low,SYNTHETIC_DEMO,SYNTHETIC
Gujarat,Ahmedabad,Irrigation Management,1,1,3.0,Low,SYNTHETIC_DEMO,SYNTHETIC
Gujarat,Ahmedabad,Java,1,1,3.0,Low,SYNTHETIC_DEMO,SYNTHETIC
Gujarat,Ahmedabad,JavaScript,2,2,6.1,Low,SYNTHETIC_DEMO,SYNTHETIC
Gujarat,Ahmedabad,Laboratory Techniques,2,2,6.1,Low,SYNTHETIC_DEMO,SYNTHETIC
Gujarat,Ahmedabad,Lean Manufacturing,20,12,40.7,Moderate,SYNTHETIC_DEMO,SYNTHETIC
Gujarat,Ahmedabad,Logistics Planning,8,7,21.8,Low,SYNTHETIC_DEMO,SYNTHETIC
Gujarat,Ahmedabad,Machine Learning,4,4,12.1,Low,SYNTHETIC_DEMO,SYNTHETIC
Gujarat,Ahmedabad,Machine Maintenance,13,7,24.5,Low,SYNTHETIC_DEMO,SYNTHETIC
Gujarat,Ahmedabad,Mechanical Assembly,18,11,37.2,Moderate,SYNTHETIC_DEMO,SYNTHETIC
Gujarat,Ahmedabad,Medical Coding,5,2,7.7,Low,SYNTHETIC_DEMO,SYNTHETIC
Gujarat,Ahmedabad,Medical Equipment Maintenance,5,5,15.2,Low,SYNTHETIC_DEMO,SYNTHETIC
Gujarat,Ahmedabad,Microsoft Excel,106,14,91.9,Very High,SYNTHETIC_DEMO,SYNTHETIC
Gujarat,Ahmedabad,Next.js,1,1,3.0,Low,SYNTHETIC_DEMO,SYNTHETIC
Gujarat,Ahmedabad,Node.js,2,2,6.1,Low,SYNTHETIC_DEMO,SYNTHETIC
Gujarat,Ahmedabad,PCB Design,7,5,16.3,Low,SYNTHETIC_DEMO,SYNTHETIC
Gujarat,Ahmedabad,PLC,5,5,15.2,Low,SYNTHETIC_DEMO,SYNTHETIC
Gujarat,Ahmedabad,Patient Care,4,3,9.6,Low,SYNTHETIC_DEMO,SYNTHETIC
Gujarat,Ahmedabad,Pharmacy Operations,3,3,9.1,Low,SYNTHETIC_DEMO,SYNTHETIC
Gujarat,Ahmedabad,Post-Harvest Management,1,1,3.0,Low,SYNTHETIC_DEMO,SYNTHETIC
Gujarat,Ahmedabad,PostgreSQL,2,2,6.1,Low,SYNTHETIC_DEMO,SYNTHETIC
Gujarat,Ahmedabad,Power BI,3,3,9.1,Low,SYNTHETIC_DEMO,SYNTHETIC
Gujarat,Ahmedabad,Precision Agriculture,3,3,9.1,Low,SYNTHETIC_DEMO,SYNTHETIC
Gujarat,Ahmedabad,Problem Solving,72,14,73.7,High,SYNTHETIC_DEMO,SYNTHETIC
Gujarat,Ahmedabad,Production Planning,19,11,37.7,Moderate,SYNTHETIC_DEMO,SYNTHETIC
Gujarat,Ahmedabad,Python,4,4,12.1,Low,SYNTHETIC_DEMO,SYNTHETIC
Gujarat,Ahmedabad,Quality Control,36,14,54.3,High,SYNTHETIC_DEMO,SYNTHETIC
Gujarat,Ahmedabad,Quantity Surveying,2,2,6.1,Low,SYNTHETIC_DEMO,SYNTHETIC
Gujarat,Ahmedabad,REST APIs,5,4,12.7,Low,SYNTHETIC_DEMO,SYNTHETIC
Gujarat,Ahmedabad,React,5,5,15.2,Low,SYNTHETIC_DEMO,SYNTHETIC
Gujarat,Ahmedabad,Route Planning,4,3,9.6,Low,SYNTHETIC_DEMO,SYNTHETIC
Gujarat,Ahmedabad,SCADA,10,7,22.9,Low,SYNTHETIC_DEMO,SYNTHETIC
Gujarat,Ahmedabad,SQL,6,6,18.2,Low,SYNTHETIC_DEMO,SYNTHETIC
Gujarat,Ahmedabad,Sales,2,2,6.1,Low,SYNTHETIC_DEMO,SYNTHETIC
Gujarat,Ahmedabad,Sensors,7,5,16.3,Low,SYNTHETIC_DEMO,SYNTHETIC
Gujarat,Ahmedabad,Service Operations,15,10,33.1,Moderate,SYNTHETIC_DEMO,SYNTHETIC
Gujarat,Ahmedabad,Site Supervision,4,3,9.6,Low,SYNTHETIC_DEMO,SYNTHETIC
Gujarat,Ahmedabad,SolidWorks,19,9,32.7,Moderate,SYNTHETIC_DEMO,SYNTHETIC
Gujarat,Ahmedabad,Structural Analysis,6,5,15.7,Low,SYNTHETIC_DEMO,SYNTHETIC
Gujarat,Ahmedabad,Supply Chain,3,3,9.1,Low,SYNTHETIC_DEMO,SYNTHETIC
Gujarat,Ahmedabad,Supply Chain Management,7,5,16.3,Low,SYNTHETIC_DEMO,SYNTHETIC
Gujarat,Ahmedabad,Surveying,2,2,6.1,Low,SYNTHETIC_DEMO,SYNTHETIC
Gujarat,Ahmedabad,Tally,11,7,23.4,Low,SYNTHETIC_DEMO,SYNTHETIC
Gujarat,Ahmedabad,Team Management,74,14,74.8,High,SYNTHETIC_DEMO,SYNTHETIC
Gujarat,Ahmedabad,Two-Wheeler Service,8,6,19.3,Low,SYNTHETIC_DEMO,SYNTHETIC
Gujarat,Ahmedabad,TypeScript,3,2,6.6,Low,SYNTHETIC_DEMO,SYNTHETIC
Gujarat,Ahmedabad,UI/UX Design,2,2,6.1,Low,SYNTHETIC_DEMO,SYNTHETIC
Gujarat,Ahmedabad,Vehicle Diagnostics,15,10,33.1,Moderate,SYNTHETIC_DEMO,SYNTHETIC
Gujarat,Ahmedabad,Warehouse Management,8,7,21.8,Low,SYNTHETIC_DEMO,SYNTHETIC
Gujarat,Ahmedabad,Welding,22,12,41.8,Moderate,SYNTHETIC_DEMO,SYNTHETIC
Gujarat,Ahmedabad,Workplace Safety,70,14,72.6,High,SYNTHETIC_DEMO,SYNTHETIC
Gujarat,Surat,Accounting,15,8,28.1,Moderate,SYNTHETIC_DEMO,SYNTHETIC
Gujarat,Surat,Auto Electrical,6,4,13.2,Low,SYNTHETIC_DEMO,SYNTHETIC
Gujarat,Surat,AutoCAD,29,14,50.6,High,SYNTHETIC_DEMO,SYNTHETIC
Gujarat,Surat,AutoCAD Electrical,6,6,18.2,Low,SYNTHETIC_DEMO,SYNTHETIC
Gujarat,Surat,Automotive CAD,14,8,27.5,Moderate,SYNTHETIC_DEMO,SYNTHETIC
Gujarat,Surat,Automotive Diagnostics,13,8,27.0,Moderate,SYNTHETIC_DEMO,SYNTHETIC
Gujarat,Surat,Azure,3,3,9.1,Low,SYNTHETIC_DEMO,SYNTHETIC
Gujarat,Surat,Battery Management Systems,9,5,17.3,Low,SYNTHETIC_DEMO,SYNTHETIC
Gujarat,Surat,Business Analysis,9,6,19.8,Low,SYNTHETIC_DEMO,SYNTHETIC
Gujarat,Surat,CNC Milling,11,8,25.9,Moderate,SYNTHETIC_DEMO,SYNTHETIC
Gujarat,Surat,CNC Operation,26,11,41.5,Moderate,SYNTHETIC_DEMO,SYNTHETIC
Gujarat,Surat,CNC Programming,22,13,44.3,Moderate,SYNTHETIC_DEMO,SYNTHETIC
Gujarat,Surat,CNC Turning,18,12,39.7,Moderate,SYNTHETIC_DEMO,SYNTHETIC
Gujarat,Surat,Civil Drafting,2,2,6.1,Low,SYNTHETIC_DEMO,SYNTHETIC
Gujarat,Surat,Clinical Documentation,3,3,9.1,Low,SYNTHETIC_DEMO,SYNTHETIC
Gujarat,Surat,Communication,102,14,89.8,Very High,SYNTHETIC_DEMO,SYNTHETIC
Gujarat,Surat,Construction Safety,4,4,12.1,Low,SYNTHETIC_DEMO,SYNTHETIC
Gujarat,Surat,Control Systems,5,3,10.2,Low,SYNTHETIC_DEMO,SYNTHETIC
Gujarat,Surat,Customer Service,4,3,9.6,Low,SYNTHETIC_DEMO,SYNTHETIC
Gujarat,Surat,Cybersecurity,1,1,3.0,Low,SYNTHETIC_DEMO,SYNTHETIC
Gujarat,Surat,Data Analysis,4,4,12.1,Low,SYNTHETIC_DEMO,SYNTHETIC
Gujarat,Surat,Digital Literacy,101,14,89.3,Very High,SYNTHETIC_DEMO,SYNTHETIC
Gujarat,Surat,Digital Marketing,8,8,24.3,Low,SYNTHETIC_DEMO,SYNTHETIC
Gujarat,Surat,Docker,7,2,8.8,Low,SYNTHETIC_DEMO,SYNTHETIC
Gujarat,Surat,EV Battery Maintenance,16,10,33.6,Moderate,SYNTHETIC_DEMO,SYNTHETIC
Gujarat,Surat,EV Systems,15,10,33.1,Moderate,SYNTHETIC_DEMO,SYNTHETIC
Gujarat,Surat,Electric Motor Systems,14,8,27.5,Moderate,SYNTHETIC_DEMO,SYNTHETIC
Gujarat,Surat,Electrical Testing,8,4,14.3,Low,SYNTHETIC_DEMO,SYNTHETIC
Gujarat,Surat,Embedded Systems,7,6,18.8,Low,SYNTHETIC_DEMO,SYNTHETIC
Gujarat,Surat,English Communication,89,14,82.8,Very High,SYNTHETIC_DEMO,SYNTHETIC
Gujarat,Surat,Excel,7,5,16.3,Low,SYNTHETIC_DEMO,SYNTHETIC
Gujarat,Surat,Farm Machinery,2,1,3.6,Low,SYNTHETIC_DEMO,SYNTHETIC
Gujarat,Surat,Figma,3,3,9.1,Low,SYNTHETIC_DEMO,SYNTHETIC
Gujarat,Surat,Financial Analysis,5,5,15.2,Low,SYNTHETIC_DEMO,SYNTHETIC
Gujarat,Surat,Fleet Management,3,3,9.1,Low,SYNTHETIC_DEMO,SYNTHETIC
Gujarat,Surat,Food Processing,1,1,3.0,Low,SYNTHETIC_DEMO,SYNTHETIC
Gujarat,Surat,Forklift Operation,1,1,3.0,Low,SYNTHETIC_DEMO,SYNTHETIC
Gujarat,Surat,GST,11,8,25.9,Moderate,SYNTHETIC_DEMO,SYNTHETIC
Gujarat,Surat,Git,4,4,12.1,Low,SYNTHETIC_DEMO,SYNTHETIC
Gujarat,Surat,Healthcare Administration,3,3,9.1,Low,SYNTHETIC_DEMO,SYNTHETIC
Gujarat,Surat,Industrial Automation,15,11,35.6,Moderate,SYNTHETIC_DEMO,SYNTHETIC
Gujarat,Surat,Inventory Management,4,4,12.1,Low,SYNTHETIC_DEMO,SYNTHETIC
Gujarat,Surat,IoT,8,7,21.8,Low,SYNTHETIC_DEMO,SYNTHETIC
Gujarat,Surat,Irrigation Management,3,3,9.1,Low,SYNTHETIC_DEMO,SYNTHETIC
Gujarat,Surat,Java,4,1,4.6,Low,SYNTHETIC_DEMO,SYNTHETIC
Gujarat,Surat,JavaScript,4,3,9.6,Low,SYNTHETIC_DEMO,SYNTHETIC
Gujarat,Surat,Laboratory Techniques,3,2,6.6,Low,SYNTHETIC_DEMO,SYNTHETIC
Gujarat,Surat,Lean Manufacturing,18,11,37.2,Moderate,SYNTHETIC_DEMO,SYNTHETIC
Gujarat,Surat,Logistics Planning,8,7,21.8,Low,SYNTHETIC_DEMO,SYNTHETIC
Gujarat,Surat,Machine Maintenance,14,10,32.5,Moderate,SYNTHETIC_DEMO,SYNTHETIC
Gujarat,Surat,Mechanical Assembly,13,8,27.0,Moderate,SYNTHETIC_DEMO,SYNTHETIC
Gujarat,Surat,Medical Coding,7,5,16.3,Low,SYNTHETIC_DEMO,SYNTHETIC
Gujarat,Surat,Medical Equipment Maintenance,3,3,9.1,Low,SYNTHETIC_DEMO,SYNTHETIC
Gujarat,Surat,Microsoft Excel,86,14,81.2,Very High,SYNTHETIC_DEMO,SYNTHETIC
Gujarat,Surat,Next.js,2,2,6.1,Low,SYNTHETIC_DEMO,SYNTHETIC
Gujarat,Surat,Node.js,2,2,6.1,Low,SYNTHETIC_DEMO,SYNTHETIC
Gujarat,Surat,PCB Design,9,7,22.3,Low,SYNTHETIC_DEMO,SYNTHETIC
Gujarat,Surat,PLC,3,2,6.6,Low,SYNTHETIC_DEMO,SYNTHETIC
Gujarat,Surat,Patient Care,4,3,9.6,Low,SYNTHETIC_DEMO,SYNTHETIC
Gujarat,Surat,Pharmacy Operations,5,5,15.2,Low,SYNTHETIC_DEMO,SYNTHETIC
Gujarat,Surat,Post-Harvest Management,2,2,6.1,Low,SYNTHETIC_DEMO,SYNTHETIC
Gujarat,Surat,PostgreSQL,1,1,3.0,Low,SYNTHETIC_DEMO,SYNTHETIC
Gujarat,Surat,Power BI,3,2,6.6,Low,SYNTHETIC_DEMO,SYNTHETIC
Gujarat,Surat,Problem Solving,73,14,74.2,High,SYNTHETIC_DEMO,SYNTHETIC
Gujarat,Surat,Production Planning,20,11,38.2,Moderate,SYNTHETIC_DEMO,SYNTHETIC
Gujarat,Surat,Python,3,3,9.1,Low,SYNTHETIC_DEMO,SYNTHETIC
Gujarat,Surat,Quality Control,25,11,40.9,Moderate,SYNTHETIC_DEMO,SYNTHETIC
Gujarat,Surat,Quantity Surveying,5,4,12.7,Low,SYNTHETIC_DEMO,SYNTHETIC
Gujarat,Surat,REST APIs,3,3,9.1,Low,SYNTHETIC_DEMO,SYNTHETIC
Gujarat,Surat,React,4,3,9.6,Low,SYNTHETIC_DEMO,SYNTHETIC
Gujarat,Surat,Route Planning,1,1,3.0,Low,SYNTHETIC_DEMO,SYNTHETIC
Gujarat,Surat,SCADA,10,9,27.9,Moderate,SYNTHETIC_DEMO,SYNTHETIC
Gujarat,Surat,SQL,8,6,19.3,Low,SYNTHETIC_DEMO,SYNTHETIC
Gujarat,Surat,Sales,1,1,3.0,Low,SYNTHETIC_DEMO,SYNTHETIC
Gujarat,Surat,Sensors,6,5,15.7,Low,SYNTHETIC_DEMO,SYNTHETIC
Gujarat,Surat,Service Operations,12,7,23.9,Low,SYNTHETIC_DEMO,SYNTHETIC
Gujarat,Surat,Site Supervision,1,1,3.0,Low,SYNTHETIC_DEMO,SYNTHETIC
Gujarat,Surat,SolidWorks,21,12,41.3,Moderate,SYNTHETIC_DEMO,SYNTHETIC
Gujarat,Surat,Structural Analysis,5,5,15.2,Low,SYNTHETIC_DEMO,SYNTHETIC
Gujarat,Surat,Supply Chain,7,6,18.8,Low,SYNTHETIC_DEMO,SYNTHETIC
Gujarat,Surat,Supply Chain Management,7,6,18.8,Low,SYNTHETIC_DEMO,SYNTHETIC
Gujarat,Surat,Surveying,3,3,9.1,Low,SYNTHETIC_DEMO,SYNTHETIC
Gujarat,Surat,Tally,15,8,28.1,Moderate,SYNTHETIC_DEMO,SYNTHETIC
Gujarat,Surat,Team Management,85,14,80.7,Very High,SYNTHETIC_DEMO,SYNTHETIC
Gujarat,Surat,Two-Wheeler Service,17,10,34.1,Moderate,SYNTHETIC_DEMO,SYNTHETIC
Gujarat,Surat,TypeScript,3,2,6.6,Low,SYNTHETIC_DEMO,SYNTHETIC
Gujarat,Surat,UI/UX Design,5,3,10.2,Low,SYNTHETIC_DEMO,SYNTHETIC
Gujarat,Surat,Vehicle Diagnostics,10,6,20.4,Low,SYNTHETIC_DEMO,SYNTHETIC
Gujarat,Surat,Warehouse Management,1,1,3.0,Low,SYNTHETIC_DEMO,SYNTHETIC
Gujarat,Surat,Welding,15,9,30.6,Moderate,SYNTHETIC_DEMO,SYNTHETIC
Gujarat,Surat,Workplace Safety,75,14,75.3,Very High,SYNTHETIC_DEMO,SYNTHETIC
Gujarat,Vadodara,AWS,3,2,6.6,Low,SYNTHETIC_DEMO,SYNTHETIC
Gujarat,Vadodara,Accounting,9,8,24.8,Low,SYNTHETIC_DEMO,SYNTHETIC
Gujarat,Vadodara,Agri Input Management,3,3,9.1,Low,SYNTHETIC_DEMO,SYNTHETIC
Gujarat,Vadodara,Auto Electrical,13,8,27.0,Moderate,SYNTHETIC_DEMO,SYNTHETIC
Gujarat,Vadodara,AutoCAD,27,12,44.5,Moderate,SYNTHETIC_DEMO,SYNTHETIC
Gujarat,Vadodara,AutoCAD Electrical,17,11,36.6,Moderate,SYNTHETIC_DEMO,SYNTHETIC
Gujarat,Vadodara,Automotive CAD,15,8,28.1,Moderate,SYNTHETIC_DEMO,SYNTHETIC
Gujarat,Vadodara,Automotive Diagnostics,11,9,28.4,Moderate,SYNTHETIC_DEMO,SYNTHETIC
Gujarat,Vadodara,Azure,7,5,16.3,Low,SYNTHETIC_DEMO,SYNTHETIC
Gujarat,Vadodara,Battery Management Systems,9,7,22.3,Low,SYNTHETIC_DEMO,SYNTHETIC
Gujarat,Vadodara,Business Analysis,12,10,31.4,Moderate,SYNTHETIC_DEMO,SYNTHETIC
Gujarat,Vadodara,CNC Milling,23,11,39.9,Moderate,SYNTHETIC_DEMO,SYNTHETIC
Gujarat,Vadodara,CNC Operation,36,13,51.8,High,SYNTHETIC_DEMO,SYNTHETIC
Gujarat,Vadodara,CNC Programming,26,13,46.5,Moderate,SYNTHETIC_DEMO,SYNTHETIC
Gujarat,Vadodara,CNC Turning,26,11,41.5,Moderate,SYNTHETIC_DEMO,SYNTHETIC
Gujarat,Vadodara,Civil Drafting,1,1,3.0,Low,SYNTHETIC_DEMO,SYNTHETIC
Gujarat,Vadodara,Clinical Documentation,5,5,15.2,Low,SYNTHETIC_DEMO,SYNTHETIC
Gujarat,Vadodara,Communication,101,14,89.3,Very High,SYNTHETIC_DEMO,SYNTHETIC
Gujarat,Vadodara,Construction Safety,2,2,6.1,Low,SYNTHETIC_DEMO,SYNTHETIC
Gujarat,Vadodara,Control Systems,12,9,28.9,Moderate,SYNTHETIC_DEMO,SYNTHETIC
Gujarat,Vadodara,Customer Service,7,5,16.3,Low,SYNTHETIC_DEMO,SYNTHETIC
Gujarat,Vadodara,Cybersecurity,2,2,6.1,Low,SYNTHETIC_DEMO,SYNTHETIC
Gujarat,Vadodara,Data Analysis,4,4,12.1,Low,SYNTHETIC_DEMO,SYNTHETIC
Gujarat,Vadodara,Digital Literacy,100,14,88.7,Very High,SYNTHETIC_DEMO,SYNTHETIC
Gujarat,Vadodara,Digital Marketing,5,3,10.2,Low,SYNTHETIC_DEMO,SYNTHETIC
Gujarat,Vadodara,EV Battery Maintenance,18,10,34.7,Moderate,SYNTHETIC_DEMO,SYNTHETIC
Gujarat,Vadodara,EV Systems,13,10,32.0,Moderate,SYNTHETIC_DEMO,SYNTHETIC
Gujarat,Vadodara,Electric Motor Systems,17,10,34.1,Moderate,SYNTHETIC_DEMO,SYNTHETIC
Gujarat,Vadodara,Electrical Testing,6,6,18.2,Low,SYNTHETIC_DEMO,SYNTHETIC
Gujarat,Vadodara,Embedded Systems,13,8,27.0,Moderate,SYNTHETIC_DEMO,SYNTHETIC
Gujarat,Vadodara,English Communication,90,14,83.3,Very High,SYNTHETIC_DEMO,SYNTHETIC
Gujarat,Vadodara,Excel,7,6,18.8,Low,SYNTHETIC_DEMO,SYNTHETIC
Gujarat,Vadodara,Figma,1,1,3.0,Low,SYNTHETIC_DEMO,SYNTHETIC
Gujarat,Vadodara,Financial Analysis,7,6,18.8,Low,SYNTHETIC_DEMO,SYNTHETIC
Gujarat,Vadodara,Fleet Management,11,7,23.4,Low,SYNTHETIC_DEMO,SYNTHETIC
Gujarat,Vadodara,Food Processing,3,3,9.1,Low,SYNTHETIC_DEMO,SYNTHETIC
Gujarat,Vadodara,Forklift Operation,5,5,15.2,Low,SYNTHETIC_DEMO,SYNTHETIC
Gujarat,Vadodara,GST,9,7,22.3,Low,SYNTHETIC_DEMO,SYNTHETIC
Gujarat,Vadodara,Git,5,5,15.2,Low,SYNTHETIC_DEMO,SYNTHETIC
Gujarat,Vadodara,Healthcare Administration,2,2,6.1,Low,SYNTHETIC_DEMO,SYNTHETIC
Gujarat,Vadodara,Industrial Automation,16,9,31.1,Moderate,SYNTHETIC_DEMO,SYNTHETIC
Gujarat,Vadodara,Inventory Management,5,4,12.7,Low,SYNTHETIC_DEMO,SYNTHETIC
Gujarat,Vadodara,IoT,10,9,27.9,Moderate,SYNTHETIC_DEMO,SYNTHETIC
Gujarat,Vadodara,Irrigation Management,1,1,3.0,Low,SYNTHETIC_DEMO,SYNTHETIC
Gujarat,Vadodara,Java,1,1,3.0,Low,SYNTHETIC_DEMO,SYNTHETIC
Gujarat,Vadodara,JavaScript,6,4,13.2,Low,SYNTHETIC_DEMO,SYNTHETIC
Gujarat,Vadodara,Laboratory Techniques,3,3,9.1,Low,SYNTHETIC_DEMO,SYNTHETIC
Gujarat,Vadodara,Lean Manufacturing,26,13,46.5,Moderate,SYNTHETIC_DEMO,SYNTHETIC
Gujarat,Vadodara,Logistics Planning,7,4,13.8,Low,SYNTHETIC_DEMO,SYNTHETIC
Gujarat,Vadodara,Machine Learning,3,2,6.6,Low,SYNTHETIC_DEMO,SYNTHETIC
Gujarat,Vadodara,Machine Maintenance,29,12,45.6,Moderate,SYNTHETIC_DEMO,SYNTHETIC
Gujarat,Vadodara,Mechanical Assembly,18,12,39.7,Moderate,SYNTHETIC_DEMO,SYNTHETIC
Gujarat,Vadodara,Medical Coding,5,5,15.2,Low,SYNTHETIC_DEMO,SYNTHETIC
Gujarat,Vadodara,Medical Equipment Maintenance,3,3,9.1,Low,SYNTHETIC_DEMO,SYNTHETIC
Gujarat,Vadodara,Microsoft Excel,95,14,86.0,Very High,SYNTHETIC_DEMO,SYNTHETIC
Gujarat,Vadodara,Next.js,1,1,3.0,Low,SYNTHETIC_DEMO,SYNTHETIC
Gujarat,Vadodara,Node.js,3,2,6.6,Low,SYNTHETIC_DEMO,SYNTHETIC
Gujarat,Vadodara,PCB Design,4,3,9.6,Low,SYNTHETIC_DEMO,SYNTHETIC
Gujarat,Vadodara,PLC,9,8,24.8,Low,SYNTHETIC_DEMO,SYNTHETIC
Gujarat,Vadodara,Patient Care,6,6,18.2,Low,SYNTHETIC_DEMO,SYNTHETIC
Gujarat,Vadodara,Pharmacy Operations,5,5,15.2,Low,SYNTHETIC_DEMO,SYNTHETIC
Gujarat,Vadodara,Post-Harvest Management,5,4,12.7,Low,SYNTHETIC_DEMO,SYNTHETIC
Gujarat,Vadodara,PostgreSQL,7,6,18.8,Low,SYNTHETIC_DEMO,SYNTHETIC
Gujarat,Vadodara,Power BI,1,1,3.0,Low,SYNTHETIC_DEMO,SYNTHETIC
Gujarat,Vadodara,Precision Agriculture,2,2,6.1,Low,SYNTHETIC_DEMO,SYNTHETIC
Gujarat,Vadodara,Problem Solving,75,14,75.3,Very High,SYNTHETIC_DEMO,SYNTHETIC
Gujarat,Vadodara,Production Planning,17,12,39.1,Moderate,SYNTHETIC_DEMO,SYNTHETIC
Gujarat,Vadodara,Project Planning,3,2,6.6,Low,SYNTHETIC_DEMO,SYNTHETIC
Gujarat,Vadodara,Python,5,5,15.2,Low,SYNTHETIC_DEMO,SYNTHETIC
Gujarat,Vadodara,Quality Control,31,14,51.7,High,SYNTHETIC_DEMO,SYNTHETIC
Gujarat,Vadodara,Quantity Surveying,4,4,12.1,Low,SYNTHETIC_DEMO,SYNTHETIC
Gujarat,Vadodara,REST APIs,2,2,6.1,Low,SYNTHETIC_DEMO,SYNTHETIC
Gujarat,Vadodara,React,4,3,9.6,Low,SYNTHETIC_DEMO,SYNTHETIC
Gujarat,Vadodara,Route Planning,6,6,18.2,Low,SYNTHETIC_DEMO,SYNTHETIC
Gujarat,Vadodara,SCADA,12,8,26.4,Moderate,SYNTHETIC_DEMO,SYNTHETIC
Gujarat,Vadodara,SQL,4,4,12.1,Low,SYNTHETIC_DEMO,SYNTHETIC
Gujarat,Vadodara,Sales,6,4,13.2,Low,SYNTHETIC_DEMO,SYNTHETIC
Gujarat,Vadodara,Sensors,9,7,22.3,Low,SYNTHETIC_DEMO,SYNTHETIC
Gujarat,Vadodara,Service Operations,19,12,40.2,Moderate,SYNTHETIC_DEMO,SYNTHETIC
Gujarat,Vadodara,Site Supervision,2,2,6.1,Low,SYNTHETIC_DEMO,SYNTHETIC
Gujarat,Vadodara,SolidWorks,13,9,29.5,Moderate,SYNTHETIC_DEMO,SYNTHETIC
Gujarat,Vadodara,Supply Chain,3,2,6.6,Low,SYNTHETIC_DEMO,SYNTHETIC
Gujarat,Vadodara,Supply Chain Management,3,3,9.1,Low,SYNTHETIC_DEMO,SYNTHETIC
Gujarat,Vadodara,Surveying,2,2,6.1,Low,SYNTHETIC_DEMO,SYNTHETIC
Gujarat,Vadodara,Tally,13,8,27.0,Moderate,SYNTHETIC_DEMO,SYNTHETIC
Gujarat,Vadodara,Team Management,101,14,89.3,Very High,SYNTHETIC_DEMO,SYNTHETIC
Gujarat,Vadodara,Two-Wheeler Service,15,10,33.1,Moderate,SYNTHETIC_DEMO,SYNTHETIC
Gujarat,Vadodara,TypeScript,7,5,16.3,Low,SYNTHETIC_DEMO,SYNTHETIC
Gujarat,Vadodara,UI/UX Design,3,2,6.6,Low,SYNTHETIC_DEMO,SYNTHETIC
Gujarat,Vadodara,Vehicle Diagnostics,26,11,41.5,Moderate,SYNTHETIC_DEMO,SYNTHETIC
Gujarat,Vadodara,Warehouse Management,4,4,12.1,Low,SYNTHETIC_DEMO,SYNTHETIC
Gujarat,Vadodara,Welding,33,14,52.7,High,SYNTHETIC_DEMO,SYNTHETIC
Gujarat,Vadodara,Workplace Safety,86,14,81.2,Very High,SYNTHETIC_DEMO,SYNTHETIC
Haryana,Faridabad,AWS,2,2,6.1,Low,SYNTHETIC_DEMO,SYNTHETIC
Haryana,Faridabad,Accounting,5,5,15.2,Low,SYNTHETIC_DEMO,SYNTHETIC
Haryana,Faridabad,Agri Input Management,3,3,9.1,Low,SYNTHETIC_DEMO,SYNTHETIC
Haryana,Faridabad,Auto Electrical,7,6,18.8,Low,SYNTHETIC_DEMO,SYNTHETIC
Haryana,Faridabad,AutoCAD,24,12,42.9,Moderate,SYNTHETIC_DEMO,SYNTHETIC
Haryana,Faridabad,AutoCAD Electrical,9,7,22.3,Low,SYNTHETIC_DEMO,SYNTHETIC
Haryana,Faridabad,Automotive CAD,14,9,30.0,Moderate,SYNTHETIC_DEMO,SYNTHETIC
Haryana,Faridabad,Automotive Diagnostics,10,5,17.9,Low,SYNTHETIC_DEMO,SYNTHETIC
Haryana,Faridabad,Azure,6,6,18.2,Low,SYNTHETIC_DEMO,SYNTHETIC
Haryana,Faridabad,Battery Management Systems,11,8,25.9,Moderate,SYNTHETIC_DEMO,SYNTHETIC
Haryana,Faridabad,Business Analysis,10,5,17.9,Low,SYNTHETIC_DEMO,SYNTHETIC
Haryana,Faridabad,CNC Milling,20,11,38.2,Moderate,SYNTHETIC_DEMO,SYNTHETIC
Haryana,Faridabad,CNC Operation,35,14,53.8,High,SYNTHETIC_DEMO,SYNTHETIC
Haryana,Faridabad,CNC Programming,21,10,36.3,Moderate,SYNTHETIC_DEMO,SYNTHETIC
Haryana,Faridabad,CNC Turning,21,12,41.3,Moderate,SYNTHETIC_DEMO,SYNTHETIC
Haryana,Faridabad,Civil Drafting,1,1,3.0,Low,SYNTHETIC_DEMO,SYNTHETIC
Haryana,Faridabad,Clinical Documentation,5,5,15.2,Low,SYNTHETIC_DEMO,SYNTHETIC
Haryana,Faridabad,Communication,91,14,83.9,Very High,SYNTHETIC_DEMO,SYNTHETIC
Haryana,Faridabad,Construction Safety,3,3,9.1,Low,SYNTHETIC_DEMO,SYNTHETIC
Haryana,Faridabad,Control Systems,16,7,26.1,Moderate,SYNTHETIC_DEMO,SYNTHETIC
Haryana,Faridabad,Customer Service,2,2,6.1,Low,SYNTHETIC_DEMO,SYNTHETIC
Haryana,Faridabad,Cybersecurity,8,5,16.8,Low,SYNTHETIC_DEMO,SYNTHETIC
Haryana,Faridabad,Data Analysis,3,3,9.1,Low,SYNTHETIC_DEMO,SYNTHETIC
Haryana,Faridabad,Digital Literacy,103,14,90.3,Very High,SYNTHETIC_DEMO,SYNTHETIC
Haryana,Faridabad,Digital Marketing,12,9,28.9,Moderate,SYNTHETIC_DEMO,SYNTHETIC
Haryana,Faridabad,Docker,2,2,6.1,Low,SYNTHETIC_DEMO,SYNTHETIC
Haryana,Faridabad,EV Battery Maintenance,17,11,36.6,Moderate,SYNTHETIC_DEMO,SYNTHETIC
Haryana,Faridabad,EV Systems,10,9,27.9,Moderate,SYNTHETIC_DEMO,SYNTHETIC
Haryana,Faridabad,Electric Motor Systems,18,11,37.2,Moderate,SYNTHETIC_DEMO,SYNTHETIC
Haryana,Faridabad,Electrical Testing,9,6,19.8,Low,SYNTHETIC_DEMO,SYNTHETIC
Haryana,Faridabad,Embedded Systems,6,5,15.7,Low,SYNTHETIC_DEMO,SYNTHETIC
Haryana,Faridabad,English Communication,90,14,83.3,Very High,SYNTHETIC_DEMO,SYNTHETIC
Haryana,Faridabad,Excel,8,6,19.3,Low,SYNTHETIC_DEMO,SYNTHETIC
Haryana,Faridabad,Farm Machinery,2,2,6.1,Low,SYNTHETIC_DEMO,SYNTHETIC
Haryana,Faridabad,Figma,2,2,6.1,Low,SYNTHETIC_DEMO,SYNTHETIC
Haryana,Faridabad,Financial Analysis,3,3,9.1,Low,SYNTHETIC_DEMO,SYNTHETIC
Haryana,Faridabad,Fleet Management,5,5,15.2,Low,SYNTHETIC_DEMO,SYNTHETIC
Haryana,Faridabad,Food Processing,2,2,6.1,Low,SYNTHETIC_DEMO,SYNTHETIC
Haryana,Faridabad,Forklift Operation,3,2,6.6,Low,SYNTHETIC_DEMO,SYNTHETIC
Haryana,Faridabad,GST,6,6,18.2,Low,SYNTHETIC_DEMO,SYNTHETIC
Haryana,Faridabad,Git,3,2,6.6,Low,SYNTHETIC_DEMO,SYNTHETIC
Haryana,Faridabad,Healthcare Administration,4,3,9.6,Low,SYNTHETIC_DEMO,SYNTHETIC
Haryana,Faridabad,Industrial Automation,5,4,12.7,Low,SYNTHETIC_DEMO,SYNTHETIC
Haryana,Faridabad,Inventory Management,8,5,16.8,Low,SYNTHETIC_DEMO,SYNTHETIC
Haryana,Faridabad,IoT,13,9,29.5,Moderate,SYNTHETIC_DEMO,SYNTHETIC
Haryana,Faridabad,Irrigation Management,2,2,6.1,Low,SYNTHETIC_DEMO,SYNTHETIC
Haryana,Faridabad,JavaScript,4,4,12.1,Low,SYNTHETIC_DEMO,SYNTHETIC
Haryana,Faridabad,Laboratory Techniques,5,4,12.7,Low,SYNTHETIC_DEMO,SYNTHETIC
Haryana,Faridabad,Lean Manufacturing,18,10,34.7,Moderate,SYNTHETIC_DEMO,SYNTHETIC
Haryana,Faridabad,Logistics Planning,7,5,16.3,Low,SYNTHETIC_DEMO,SYNTHETIC
Haryana,Faridabad,Machine Learning,4,4,12.1,Low,SYNTHETIC_DEMO,SYNTHETIC
Haryana,Faridabad,Machine Maintenance,13,9,29.5,Moderate,SYNTHETIC_DEMO,SYNTHETIC
Haryana,Faridabad,Mechanical Assembly,30,12,46.1,Moderate,SYNTHETIC_DEMO,SYNTHETIC
Haryana,Faridabad,Medical Coding,5,3,10.2,Low,SYNTHETIC_DEMO,SYNTHETIC
Haryana,Faridabad,Medical Equipment Maintenance,1,1,3.0,Low,SYNTHETIC_DEMO,SYNTHETIC
Haryana,Faridabad,Microsoft Excel,107,14,92.5,Very High,SYNTHETIC_DEMO,SYNTHETIC
Haryana,Faridabad,Next.js,2,2,6.1,Low,SYNTHETIC_DEMO,SYNTHETIC
Haryana,Faridabad,Node.js,5,4,12.7,Low,SYNTHETIC_DEMO,SYNTHETIC
Haryana,Faridabad,PCB Design,7,7,21.3,Low,SYNTHETIC_DEMO,SYNTHETIC
Haryana,Faridabad,PLC,4,4,12.1,Low,SYNTHETIC_DEMO,SYNTHETIC
Haryana,Faridabad,Patient Care,3,2,6.6,Low,SYNTHETIC_DEMO,SYNTHETIC
Haryana,Faridabad,Pharmacy Operations,2,2,6.1,Low,SYNTHETIC_DEMO,SYNTHETIC
Haryana,Faridabad,Post-Harvest Management,3,3,9.1,Low,SYNTHETIC_DEMO,SYNTHETIC
Haryana,Faridabad,PostgreSQL,5,5,15.2,Low,SYNTHETIC_DEMO,SYNTHETIC
Haryana,Faridabad,Power BI,8,7,21.8,Low,SYNTHETIC_DEMO,SYNTHETIC
Haryana,Faridabad,Precision Agriculture,2,2,6.1,Low,SYNTHETIC_DEMO,SYNTHETIC
Haryana,Faridabad,Problem Solving,91,14,83.9,Very High,SYNTHETIC_DEMO,SYNTHETIC
Haryana,Faridabad,Production Planning,20,12,40.7,Moderate,SYNTHETIC_DEMO,SYNTHETIC
Haryana,Faridabad,Project Planning,1,1,3.0,Low,SYNTHETIC_DEMO,SYNTHETIC
Haryana,Faridabad,Python,3,3,9.1,Low,SYNTHETIC_DEMO,SYNTHETIC
Haryana,Faridabad,Quality Control,28,12,45.0,Moderate,SYNTHETIC_DEMO,SYNTHETIC
Haryana,Faridabad,Quantity Surveying,2,2,6.1,Low,SYNTHETIC_DEMO,SYNTHETIC
Haryana,Faridabad,REST APIs,5,5,15.2,Low,SYNTHETIC_DEMO,SYNTHETIC
Haryana,Faridabad,React,6,3,10.7,Low,SYNTHETIC_DEMO,SYNTHETIC
Haryana,Faridabad,Route Planning,10,5,17.9,Low,SYNTHETIC_DEMO,SYNTHETIC
Haryana,Faridabad,SCADA,12,7,23.9,Low,SYNTHETIC_DEMO,SYNTHETIC
Haryana,Faridabad,SQL,7,6,18.8,Low,SYNTHETIC_DEMO,SYNTHETIC
Haryana,Faridabad,Sales,4,4,12.1,Low,SYNTHETIC_DEMO,SYNTHETIC
Haryana,Faridabad,Sensors,8,6,19.3,Low,SYNTHETIC_DEMO,SYNTHETIC
Haryana,Faridabad,Service Operations,11,8,25.9,Moderate,SYNTHETIC_DEMO,SYNTHETIC
Haryana,Faridabad,Site Supervision,2,2,6.1,Low,SYNTHETIC_DEMO,SYNTHETIC
Haryana,Faridabad,SolidWorks,17,10,34.1,Moderate,SYNTHETIC_DEMO,SYNTHETIC
Haryana,Faridabad,Structural Analysis,3,3,9.1,Low,SYNTHETIC_DEMO,SYNTHETIC
Haryana,Faridabad,Supply Chain,6,5,15.7,Low,SYNTHETIC_DEMO,SYNTHETIC
Haryana,Faridabad,Supply Chain Management,9,8,24.8,Low,SYNTHETIC_DEMO,SYNTHETIC
Haryana,Faridabad,Surveying,2,2,6.1,Low,SYNTHETIC_DEMO,SYNTHETIC
Haryana,Faridabad,Tally,11,9,28.4,Moderate,SYNTHETIC_DEMO,SYNTHETIC
Haryana,Faridabad,Team Management,99,14,88.2,Very High,SYNTHETIC_DEMO,SYNTHETIC
Haryana,Faridabad,Two-Wheeler Service,21,12,41.3,Moderate,SYNTHETIC_DEMO,SYNTHETIC
Haryana,Faridabad,TypeScript,2,1,3.6,Low,SYNTHETIC_DEMO,SYNTHETIC
Haryana,Faridabad,UI/UX Design,5,4,12.7,Low,SYNTHETIC_DEMO,SYNTHETIC
Haryana,Faridabad,Vehicle Diagnostics,23,11,39.9,Moderate,SYNTHETIC_DEMO,SYNTHETIC
Haryana,Faridabad,Warehouse Management,5,4,12.7,Low,SYNTHETIC_DEMO,SYNTHETIC
Haryana,Faridabad,Welding,21,10,36.3,Moderate,SYNTHETIC_DEMO,SYNTHETIC
Haryana,Faridabad,Workplace Safety,94,14,85.5,Very High,SYNTHETIC_DEMO,SYNTHETIC
Haryana,Gurugram,Accounting,15,10,33.1,Moderate,SYNTHETIC_DEMO,SYNTHETIC
Haryana,Gurugram,Auto Electrical,9,6,19.8,Low,SYNTHETIC_DEMO,SYNTHETIC
Haryana,Gurugram,AutoCAD,19,10,35.2,Moderate,SYNTHETIC_DEMO,SYNTHETIC
Haryana,Gurugram,AutoCAD Electrical,8,7,21.8,Low,SYNTHETIC_DEMO,SYNTHETIC
Haryana,Gurugram,Automotive CAD,22,12,41.8,Moderate,SYNTHETIC_DEMO,SYNTHETIC
Haryana,Gurugram,Automotive Diagnostics,9,8,24.8,Low,SYNTHETIC_DEMO,SYNTHETIC
Haryana,Gurugram,Azure,5,5,15.2,Low,SYNTHETIC_DEMO,SYNTHETIC
Haryana,Gurugram,Battery Management Systems,11,7,23.4,Low,SYNTHETIC_DEMO,SYNTHETIC
Haryana,Gurugram,Business Analysis,5,4,12.7,Low,SYNTHETIC_DEMO,SYNTHETIC
Haryana,Gurugram,CNC Milling,17,10,34.1,Moderate,SYNTHETIC_DEMO,SYNTHETIC
Haryana,Gurugram,CNC Operation,42,13,55.1,High,SYNTHETIC_DEMO,SYNTHETIC
Haryana,Gurugram,CNC Programming,26,12,44.0,Moderate,SYNTHETIC_DEMO,SYNTHETIC
Haryana,Gurugram,CNC Turning,21,12,41.3,Moderate,SYNTHETIC_DEMO,SYNTHETIC
Haryana,Gurugram,Civil Drafting,1,1,3.0,Low,SYNTHETIC_DEMO,SYNTHETIC
Haryana,Gurugram,Clinical Documentation,1,1,3.0,Low,SYNTHETIC_DEMO,SYNTHETIC
Haryana,Gurugram,Communication,87,14,81.7,Very High,SYNTHETIC_DEMO,SYNTHETIC
Haryana,Gurugram,Construction Safety,2,2,6.1,Low,SYNTHETIC_DEMO,SYNTHETIC
Haryana,Gurugram,Control Systems,6,5,15.7,Low,SYNTHETIC_DEMO,SYNTHETIC
Haryana,Gurugram,Customer Service,5,2,7.7,Low,SYNTHETIC_DEMO,SYNTHETIC
Haryana,Gurugram,Cybersecurity,1,1,3.0,Low,SYNTHETIC_DEMO,SYNTHETIC
Haryana,Gurugram,Digital Literacy,113,14,95.7,Very High,SYNTHETIC_DEMO,SYNTHETIC
Haryana,Gurugram,Digital Marketing,3,3,9.1,Low,SYNTHETIC_DEMO,SYNTHETIC
Haryana,Gurugram,Docker,1,1,3.0,Low,SYNTHETIC_DEMO,SYNTHETIC
Haryana,Gurugram,EV Battery Maintenance,15,11,35.6,Moderate,SYNTHETIC_DEMO,SYNTHETIC
Haryana,Gurugram,EV Systems,13,9,29.5,Moderate,SYNTHETIC_DEMO,SYNTHETIC
Haryana,Gurugram,Electric Motor Systems,13,11,34.5,Moderate,SYNTHETIC_DEMO,SYNTHETIC
Haryana,Gurugram,Electrical Testing,7,4,13.8,Low,SYNTHETIC_DEMO,SYNTHETIC
Haryana,Gurugram,Embedded Systems,13,7,24.5,Low,SYNTHETIC_DEMO,SYNTHETIC
Haryana,Gurugram,English Communication,92,14,84.4,Very High,SYNTHETIC_DEMO,SYNTHETIC
Haryana,Gurugram,Excel,14,8,27.5,Moderate,SYNTHETIC_DEMO,SYNTHETIC
Haryana,Gurugram,Farm Machinery,2,2,6.1,Low,SYNTHETIC_DEMO,SYNTHETIC
Haryana,Gurugram,Figma,4,4,12.1,Low,SYNTHETIC_DEMO,SYNTHETIC
Haryana,Gurugram,Financial Analysis,3,3,9.1,Low,SYNTHETIC_DEMO,SYNTHETIC
Haryana,Gurugram,Fleet Management,10,8,25.4,Moderate,SYNTHETIC_DEMO,SYNTHETIC
Haryana,Gurugram,Forklift Operation,4,4,12.1,Low,SYNTHETIC_DEMO,SYNTHETIC
Haryana,Gurugram,GST,8,6,19.3,Low,SYNTHETIC_DEMO,SYNTHETIC
Haryana,Gurugram,Git,3,2,6.6,Low,SYNTHETIC_DEMO,SYNTHETIC
Haryana,Gurugram,Healthcare Administration,3,3,9.1,Low,SYNTHETIC_DEMO,SYNTHETIC
Haryana,Gurugram,Industrial Automation,10,6,20.4,Low,SYNTHETIC_DEMO,SYNTHETIC
Haryana,Gurugram,Inventory Management,4,4,12.1,Low,SYNTHETIC_DEMO,SYNTHETIC
Haryana,Gurugram,IoT,12,12,36.4,Moderate,SYNTHETIC_DEMO,SYNTHETIC
Haryana,Gurugram,Irrigation Management,3,3,9.1,Low,SYNTHETIC_DEMO,SYNTHETIC
Haryana,Gurugram,Java,3,3,9.1,Low,SYNTHETIC_DEMO,SYNTHETIC
Haryana,Gurugram,JavaScript,1,1,3.0,Low,SYNTHETIC_DEMO,SYNTHETIC
Haryana,Gurugram,Laboratory Techniques,6,5,15.7,Low,SYNTHETIC_DEMO,SYNTHETIC
Haryana,Gurugram,Lean Manufacturing,24,12,42.9,Moderate,SYNTHETIC_DEMO,SYNTHETIC
Haryana,Gurugram,Logistics Planning,7,7,21.3,Low,SYNTHETIC_DEMO,SYNTHETIC
Haryana,Gurugram,Machine Learning,3,2,6.6,Low,SYNTHETIC_DEMO,SYNTHETIC
Haryana,Gurugram,Machine Maintenance,19,10,35.2,Moderate,SYNTHETIC_DEMO,SYNTHETIC
Haryana,Gurugram,Mechanical Assembly,18,11,37.2,Moderate,SYNTHETIC_DEMO,SYNTHETIC
Haryana,Gurugram,Medical Coding,3,3,9.1,Low,SYNTHETIC_DEMO,SYNTHETIC
Haryana,Gurugram,Medical Equipment Maintenance,4,4,12.1,Low,SYNTHETIC_DEMO,SYNTHETIC
Haryana,Gurugram,Microsoft Excel,103,14,90.3,Very High,SYNTHETIC_DEMO,SYNTHETIC
Haryana,Gurugram,Next.js,1,1,3.0,Low,SYNTHETIC_DEMO,SYNTHETIC
Haryana,Gurugram,Node.js,1,1,3.0,Low,SYNTHETIC_DEMO,SYNTHETIC
Haryana,Gurugram,PCB Design,9,7,22.3,Low,SYNTHETIC_DEMO,SYNTHETIC
Haryana,Gurugram,PLC,11,9,28.4,Moderate,SYNTHETIC_DEMO,SYNTHETIC
Haryana,Gurugram,Patient Care,5,5,15.2,Low,SYNTHETIC_DEMO,SYNTHETIC
Haryana,Gurugram,Pharmacy Operations,4,3,9.6,Low,SYNTHETIC_DEMO,SYNTHETIC
Haryana,Gurugram,Post-Harvest Management,4,3,9.6,Low,SYNTHETIC_DEMO,SYNTHETIC
Haryana,Gurugram,PostgreSQL,9,8,24.8,Low,SYNTHETIC_DEMO,SYNTHETIC
Haryana,Gurugram,Power BI,5,3,10.2,Low,SYNTHETIC_DEMO,SYNTHETIC
Haryana,Gurugram,Problem Solving,91,14,83.9,Very High,SYNTHETIC_DEMO,SYNTHETIC
Haryana,Gurugram,Production Planning,22,9,34.3,Moderate,SYNTHETIC_DEMO,SYNTHETIC
Haryana,Gurugram,Project Planning,1,1,3.0,Low,SYNTHETIC_DEMO,SYNTHETIC
Haryana,Gurugram,Python,5,4,12.7,Low,SYNTHETIC_DEMO,SYNTHETIC
Haryana,Gurugram,Quality Control,26,13,46.5,Moderate,SYNTHETIC_DEMO,SYNTHETIC
Haryana,Gurugram,Quantity Surveying,6,6,18.2,Low,SYNTHETIC_DEMO,SYNTHETIC
Haryana,Gurugram,REST APIs,1,1,3.0,Low,SYNTHETIC_DEMO,SYNTHETIC
Haryana,Gurugram,React,7,5,16.3,Low,SYNTHETIC_DEMO,SYNTHETIC
Haryana,Gurugram,Route Planning,4,3,9.6,Low,SYNTHETIC_DEMO,SYNTHETIC
Haryana,Gurugram,SCADA,17,10,34.1,Moderate,SYNTHETIC_DEMO,SYNTHETIC
Haryana,Gurugram,SQL,7,5,16.3,Low,SYNTHETIC_DEMO,SYNTHETIC
Haryana,Gurugram,Sales,7,5,16.3,Low,SYNTHETIC_DEMO,SYNTHETIC
Haryana,Gurugram,Sensors,10,8,25.4,Moderate,SYNTHETIC_DEMO,SYNTHETIC
Haryana,Gurugram,Service Operations,15,10,33.1,Moderate,SYNTHETIC_DEMO,SYNTHETIC
Haryana,Gurugram,Site Supervision,6,6,18.2,Low,SYNTHETIC_DEMO,SYNTHETIC
Haryana,Gurugram,SolidWorks,23,10,37.4,Moderate,SYNTHETIC_DEMO,SYNTHETIC
Haryana,Gurugram,Structural Analysis,2,2,6.1,Low,SYNTHETIC_DEMO,SYNTHETIC
Haryana,Gurugram,Supply Chain,5,4,12.7,Low,SYNTHETIC_DEMO,SYNTHETIC
Haryana,Gurugram,Supply Chain Management,6,5,15.7,Low,SYNTHETIC_DEMO,SYNTHETIC
Haryana,Gurugram,Surveying,1,1,3.0,Low,SYNTHETIC_DEMO,SYNTHETIC
Haryana,Gurugram,Tally,6,5,15.7,Low,SYNTHETIC_DEMO,SYNTHETIC
Haryana,Gurugram,Team Management,89,14,82.8,Very High,SYNTHETIC_DEMO,SYNTHETIC
Haryana,Gurugram,Two-Wheeler Service,9,6,19.8,Low,SYNTHETIC_DEMO,SYNTHETIC
Haryana,Gurugram,TypeScript,2,2,6.1,Low,SYNTHETIC_DEMO,SYNTHETIC
Haryana,Gurugram,UI/UX Design,4,4,12.1,Low,SYNTHETIC_DEMO,SYNTHETIC
Haryana,Gurugram,Vehicle Diagnostics,13,10,32.0,Moderate,SYNTHETIC_DEMO,SYNTHETIC
Haryana,Gurugram,Warehouse Management,1,1,3.0,Low,SYNTHETIC_DEMO,SYNTHETIC
Haryana,Gurugram,Welding,19,11,37.7,Moderate,SYNTHETIC_DEMO,SYNTHETIC
Haryana,Gurugram,Workplace Safety,96,14,86.6,Very High,SYNTHETIC_DEMO,SYNTHETIC
Jharkhand,Ranchi,AWS,2,2,6.1,Low,SYNTHETIC_DEMO,SYNTHETIC
Jharkhand,Ranchi,Accounting,7,5,16.3,Low,SYNTHETIC_DEMO,SYNTHETIC
Jharkhand,Ranchi,Agri Input Management,2,2,6.1,Low,SYNTHETIC_DEMO,SYNTHETIC
Jharkhand,Ranchi,Auto Electrical,9,7,22.3,Low,SYNTHETIC_DEMO,SYNTHETIC
Jharkhand,Ranchi,AutoCAD,23,12,42.4,Moderate,SYNTHETIC_DEMO,SYNTHETIC
Jharkhand,Ranchi,AutoCAD Electrical,8,6,19.3,Low,SYNTHETIC_DEMO,SYNTHETIC
Jharkhand,Ranchi,Automotive CAD,20,12,40.7,Moderate,SYNTHETIC_DEMO,SYNTHETIC
Jharkhand,Ranchi,Automotive Diagnostics,6,6,18.2,Low,SYNTHETIC_DEMO,SYNTHETIC
Jharkhand,Ranchi,Azure,3,2,6.6,Low,SYNTHETIC_DEMO,SYNTHETIC
Jharkhand,Ranchi,Battery Management Systems,13,9,29.5,Moderate,SYNTHETIC_DEMO,SYNTHETIC
Jharkhand,Ranchi,Business Analysis,6,6,18.2,Low,SYNTHETIC_DEMO,SYNTHETIC
Jharkhand,Ranchi,CNC Milling,24,12,42.9,Moderate,SYNTHETIC_DEMO,SYNTHETIC
Jharkhand,Ranchi,CNC Operation,31,13,49.2,Moderate,SYNTHETIC_DEMO,SYNTHETIC
Jharkhand,Ranchi,CNC Programming,19,10,35.2,Moderate,SYNTHETIC_DEMO,SYNTHETIC
Jharkhand,Ranchi,CNC Turning,16,11,36.1,Moderate,SYNTHETIC_DEMO,SYNTHETIC
Jharkhand,Ranchi,Civil Drafting,2,1,3.6,Low,SYNTHETIC_DEMO,SYNTHETIC
Jharkhand,Ranchi,Clinical Documentation,4,3,9.6,Low,SYNTHETIC_DEMO,SYNTHETIC
Jharkhand,Ranchi,Communication,105,14,91.4,Very High,SYNTHETIC_DEMO,SYNTHETIC
Jharkhand,Ranchi,Construction Safety,1,1,3.0,Low,SYNTHETIC_DEMO,SYNTHETIC
Jharkhand,Ranchi,Control Systems,8,6,19.3,Low,SYNTHETIC_DEMO,SYNTHETIC
Jharkhand,Ranchi,Customer Service,4,4,12.1,Low,SYNTHETIC_DEMO,SYNTHETIC
Jharkhand,Ranchi,Cybersecurity,3,3,9.1,Low,SYNTHETIC_DEMO,SYNTHETIC
Jharkhand,Ranchi,Data Analysis,1,1,3.0,Low,SYNTHETIC_DEMO,SYNTHETIC
Jharkhand,Ranchi,Digital Literacy,104,14,90.9,Very High,SYNTHETIC_DEMO,SYNTHETIC
Jharkhand,Ranchi,Digital Marketing,2,2,6.1,Low,SYNTHETIC_DEMO,SYNTHETIC
Jharkhand,Ranchi,Docker,1,1,3.0,Low,SYNTHETIC_DEMO,SYNTHETIC
Jharkhand,Ranchi,EV Battery Maintenance,19,11,37.7,Moderate,SYNTHETIC_DEMO,SYNTHETIC
Jharkhand,Ranchi,EV Systems,12,9,28.9,Moderate,SYNTHETIC_DEMO,SYNTHETIC
Jharkhand,Ranchi,Electric Motor Systems,12,10,31.4,Moderate,SYNTHETIC_DEMO,SYNTHETIC
Jharkhand,Ranchi,Electrical Testing,13,6,22.0,Low,SYNTHETIC_DEMO,SYNTHETIC
Jharkhand,Ranchi,Embedded Systems,9,5,17.3,Low,SYNTHETIC_DEMO,SYNTHETIC
Jharkhand,Ranchi,English Communication,100,14,88.7,Very High,SYNTHETIC_DEMO,SYNTHETIC
Jharkhand,Ranchi,Excel,6,4,13.2,Low,SYNTHETIC_DEMO,SYNTHETIC
Jharkhand,Ranchi,Farm Machinery,4,4,12.1,Low,SYNTHETIC_DEMO,SYNTHETIC
Jharkhand,Ranchi,Figma,3,3,9.1,Low,SYNTHETIC_DEMO,SYNTHETIC
Jharkhand,Ranchi,Financial Analysis,10,7,22.9,Low,SYNTHETIC_DEMO,SYNTHETIC
Jharkhand,Ranchi,Fleet Management,7,6,18.8,Low,SYNTHETIC_DEMO,SYNTHETIC
Jharkhand,Ranchi,Food Processing,1,1,3.0,Low,SYNTHETIC_DEMO,SYNTHETIC
Jharkhand,Ranchi,Forklift Operation,3,3,9.1,Low,SYNTHETIC_DEMO,SYNTHETIC
Jharkhand,Ranchi,GST,2,2,6.1,Low,SYNTHETIC_DEMO,SYNTHETIC
Jharkhand,Ranchi,Git,6,5,15.7,Low,SYNTHETIC_DEMO,SYNTHETIC
Jharkhand,Ranchi,Healthcare Administration,4,3,9.6,Low,SYNTHETIC_DEMO,SYNTHETIC
Jharkhand,Ranchi,Industrial Automation,6,5,15.7,Low,SYNTHETIC_DEMO,SYNTHETIC
Jharkhand,Ranchi,Inventory Management,5,4,12.7,Low,SYNTHETIC_DEMO,SYNTHETIC
Jharkhand,Ranchi,IoT,10,7,22.9,Low,SYNTHETIC_DEMO,SYNTHETIC
Jharkhand,Ranchi,Irrigation Management,3,3,9.1,Low,SYNTHETIC_DEMO,SYNTHETIC
Jharkhand,Ranchi,Java,1,1,3.0,Low,SYNTHETIC_DEMO,SYNTHETIC
Jharkhand,Ranchi,JavaScript,4,3,9.6,Low,SYNTHETIC_DEMO,SYNTHETIC
Jharkhand,Ranchi,Laboratory Techniques,2,2,6.1,Low,SYNTHETIC_DEMO,SYNTHETIC
Jharkhand,Ranchi,Lean Manufacturing,24,12,42.9,Moderate,SYNTHETIC_DEMO,SYNTHETIC
Jharkhand,Ranchi,Logistics Planning,6,5,15.7,Low,SYNTHETIC_DEMO,SYNTHETIC
Jharkhand,Ranchi,Machine Learning,3,3,9.1,Low,SYNTHETIC_DEMO,SYNTHETIC
Jharkhand,Ranchi,Machine Maintenance,16,9,31.1,Moderate,SYNTHETIC_DEMO,SYNTHETIC
Jharkhand,Ranchi,Mechanical Assembly,22,14,46.8,Moderate,SYNTHETIC_DEMO,SYNTHETIC
Jharkhand,Ranchi,Medical Coding,4,4,12.1,Low,SYNTHETIC_DEMO,SYNTHETIC
Jharkhand,Ranchi,Medical Equipment Maintenance,3,3,9.1,Low,SYNTHETIC_DEMO,SYNTHETIC
Jharkhand,Ranchi,Microsoft Excel,107,14,92.5,Very High,SYNTHETIC_DEMO,SYNTHETIC
Jharkhand,Ranchi,Next.js,1,1,3.0,Low,SYNTHETIC_DEMO,SYNTHETIC
Jharkhand,Ranchi,Node.js,2,2,6.1,Low,SYNTHETIC_DEMO,SYNTHETIC
Jharkhand,Ranchi,PCB Design,9,7,22.3,Low,SYNTHETIC_DEMO,SYNTHETIC
Jharkhand,Ranchi,PLC,6,4,13.2,Low,SYNTHETIC_DEMO,SYNTHETIC
Jharkhand,Ranchi,Patient Care,6,6,18.2,Low,SYNTHETIC_DEMO,SYNTHETIC
Jharkhand,Ranchi,Pharmacy Operations,3,3,9.1,Low,SYNTHETIC_DEMO,SYNTHETIC
Jharkhand,Ranchi,Post-Harvest Management,2,2,6.1,Low,SYNTHETIC_DEMO,SYNTHETIC
Jharkhand,Ranchi,PostgreSQL,5,5,15.2,Low,SYNTHETIC_DEMO,SYNTHETIC
Jharkhand,Ranchi,Power BI,5,4,12.7,Low,SYNTHETIC_DEMO,SYNTHETIC
Jharkhand,Ranchi,Precision Agriculture,2,2,6.1,Low,SYNTHETIC_DEMO,SYNTHETIC
Jharkhand,Ranchi,Problem Solving,103,14,90.3,Very High,SYNTHETIC_DEMO,SYNTHETIC
Jharkhand,Ranchi,Production Planning,24,12,42.9,Moderate,SYNTHETIC_DEMO,SYNTHETIC
Jharkhand,Ranchi,Project Planning,3,2,6.6,Low,SYNTHETIC_DEMO,SYNTHETIC
Jharkhand,Ranchi,Python,2,2,6.1,Low,SYNTHETIC_DEMO,SYNTHETIC
Jharkhand,Ranchi,Quality Control,31,13,49.2,Moderate,SYNTHETIC_DEMO,SYNTHETIC
Jharkhand,Ranchi,Quantity Surveying,5,5,15.2,Low,SYNTHETIC_DEMO,SYNTHETIC
Jharkhand,Ranchi,REST APIs,2,2,6.1,Low,SYNTHETIC_DEMO,SYNTHETIC
Jharkhand,Ranchi,React,4,4,12.1,Low,SYNTHETIC_DEMO,SYNTHETIC
Jharkhand,Ranchi,Route Planning,4,3,9.6,Low,SYNTHETIC_DEMO,SYNTHETIC
Jharkhand,Ranchi,SCADA,4,4,12.1,Low,SYNTHETIC_DEMO,SYNTHETIC
Jharkhand,Ranchi,SQL,9,7,22.3,Low,SYNTHETIC_DEMO,SYNTHETIC
Jharkhand,Ranchi,Sales,3,3,9.1,Low,SYNTHETIC_DEMO,SYNTHETIC
Jharkhand,Ranchi,Sensors,7,4,13.8,Low,SYNTHETIC_DEMO,SYNTHETIC
Jharkhand,Ranchi,Service Operations,8,7,21.8,Low,SYNTHETIC_DEMO,SYNTHETIC
Jharkhand,Ranchi,Site Supervision,2,2,6.1,Low,SYNTHETIC_DEMO,SYNTHETIC
Jharkhand,Ranchi,SolidWorks,21,11,38.8,Moderate,SYNTHETIC_DEMO,SYNTHETIC
Jharkhand,Ranchi,Supply Chain,3,3,9.1,Low,SYNTHETIC_DEMO,SYNTHETIC
Jharkhand,Ranchi,Supply Chain Management,3,3,9.1,Low,SYNTHETIC_DEMO,SYNTHETIC
Jharkhand,Ranchi,Surveying,1,1,3.0,Low,SYNTHETIC_DEMO,SYNTHETIC
Jharkhand,Ranchi,Tally,6,6,18.2,Low,SYNTHETIC_DEMO,SYNTHETIC
Jharkhand,Ranchi,Team Management,82,14,79.0,Very High,SYNTHETIC_DEMO,SYNTHETIC
Jharkhand,Ranchi,Two-Wheeler Service,11,8,25.9,Moderate,SYNTHETIC_DEMO,SYNTHETIC
Jharkhand,Ranchi,UI/UX Design,2,2,6.1,Low,SYNTHETIC_DEMO,SYNTHETIC
Jharkhand,Ranchi,Vehicle Diagnostics,20,11,38.2,Moderate,SYNTHETIC_DEMO,SYNTHETIC
Jharkhand,Ranchi,Warehouse Management,5,5,15.2,Low,SYNTHETIC_DEMO,SYNTHETIC
Jharkhand,Ranchi,Welding,26,11,41.5,Moderate,SYNTHETIC_DEMO,SYNTHETIC
Jharkhand,Ranchi,Workplace Safety,93,14,85.0,Very High,SYNTHETIC_DEMO,SYNTHETIC
Karnataka,Bengaluru,AWS,4,2,7.1,Low,SYNTHETIC_DEMO,SYNTHETIC
Karnataka,Bengaluru,Accounting,9,6,19.8,Low,SYNTHETIC_DEMO,SYNTHETIC
Karnataka,Bengaluru,Auto Electrical,18,10,34.7,Moderate,SYNTHETIC_DEMO,SYNTHETIC
Karnataka,Bengaluru,AutoCAD,20,11,38.2,Moderate,SYNTHETIC_DEMO,SYNTHETIC
Karnataka,Bengaluru,AutoCAD Electrical,6,4,13.2,Low,SYNTHETIC_DEMO,SYNTHETIC
Karnataka,Bengaluru,Automotive CAD,19,11,37.7,Moderate,SYNTHETIC_DEMO,SYNTHETIC
Karnataka,Bengaluru,Automotive Diagnostics,9,6,19.8,Low,SYNTHETIC_DEMO,SYNTHETIC
Karnataka,Bengaluru,Azure,4,4,12.1,Low,SYNTHETIC_DEMO,SYNTHETIC
Karnataka,Bengaluru,Battery Management Systems,12,8,26.4,Moderate,SYNTHETIC_DEMO,SYNTHETIC
Karnataka,Bengaluru,Business Analysis,9,7,22.3,Low,SYNTHETIC_DEMO,SYNTHETIC
Karnataka,Bengaluru,CNC Milling,30,11,43.6,Moderate,SYNTHETIC_DEMO,SYNTHETIC
Karnataka,Bengaluru,CNC Operation,25,12,43.4,Moderate,SYNTHETIC_DEMO,SYNTHETIC
Karnataka,Bengaluru,CNC Programming,20,11,38.2,Moderate,SYNTHETIC_DEMO,SYNTHETIC
Karnataka,Bengaluru,CNC Turning,25,14,48.4,Moderate,SYNTHETIC_DEMO,SYNTHETIC
Karnataka,Bengaluru,Civil Drafting,2,2,6.1,Low,SYNTHETIC_DEMO,SYNTHETIC
Karnataka,Bengaluru,Clinical Documentation,1,1,3.0,Low,SYNTHETIC_DEMO,SYNTHETIC
Karnataka,Bengaluru,Cold Chain,1,1,3.0,Low,SYNTHETIC_DEMO,SYNTHETIC
Karnataka,Bengaluru,Communication,82,14,79.0,Very High,SYNTHETIC_DEMO,SYNTHETIC
Karnataka,Bengaluru,Construction Safety,2,2,6.1,Low,SYNTHETIC_DEMO,SYNTHETIC
Karnataka,Bengaluru,Control Systems,5,3,10.2,Low,SYNTHETIC_DEMO,SYNTHETIC
Karnataka,Bengaluru,Customer Service,3,3,9.1,Low,SYNTHETIC_DEMO,SYNTHETIC
Karnataka,Bengaluru,Cybersecurity,1,1,3.0,Low,SYNTHETIC_DEMO,SYNTHETIC
Karnataka,Bengaluru,Digital Literacy,81,14,78.5,Very High,SYNTHETIC_DEMO,SYNTHETIC
Karnataka,Bengaluru,Digital Marketing,2,2,6.1,Low,SYNTHETIC_DEMO,SYNTHETIC
Karnataka,Bengaluru,EV Battery Maintenance,16,9,31.1,Moderate,SYNTHETIC_DEMO,SYNTHETIC
Karnataka,Bengaluru,EV Systems,12,7,23.9,Low,SYNTHETIC_DEMO,SYNTHETIC
Karnataka,Bengaluru,Electric Motor Systems,18,8,29.7,Moderate,SYNTHETIC_DEMO,SYNTHETIC
Karnataka,Bengaluru,Electrical Testing,9,6,19.8,Low,SYNTHETIC_DEMO,SYNTHETIC
Karnataka,Bengaluru,Embedded Systems,6,5,15.7,Low,SYNTHETIC_DEMO,SYNTHETIC
Karnataka,Bengaluru,English Communication,86,14,81.2,Very High,SYNTHETIC_DEMO,SYNTHETIC
Karnataka,Bengaluru,Excel,7,5,16.3,Low,SYNTHETIC_DEMO,SYNTHETIC
Karnataka,Bengaluru,Farm Machinery,1,1,3.0,Low,SYNTHETIC_DEMO,SYNTHETIC
Karnataka,Bengaluru,Financial Analysis,5,4,12.7,Low,SYNTHETIC_DEMO,SYNTHETIC
Karnataka,Bengaluru,Fleet Management,7,7,21.3,Low,SYNTHETIC_DEMO,SYNTHETIC
Karnataka,Bengaluru,Food Processing,1,1,3.0,Low,SYNTHETIC_DEMO,SYNTHETIC
Karnataka,Bengaluru,Forklift Operation,2,1,3.6,Low,SYNTHETIC_DEMO,SYNTHETIC
Karnataka,Bengaluru,GST,3,3,9.1,Low,SYNTHETIC_DEMO,SYNTHETIC
Karnataka,Bengaluru,Git,4,4,12.1,Low,SYNTHETIC_DEMO,SYNTHETIC
Karnataka,Bengaluru,Healthcare Administration,1,1,3.0,Low,SYNTHETIC_DEMO,SYNTHETIC
Karnataka,Bengaluru,Industrial Automation,15,9,30.6,Moderate,SYNTHETIC_DEMO,SYNTHETIC
Karnataka,Bengaluru,Inventory Management,4,4,12.1,Low,SYNTHETIC_DEMO,SYNTHETIC
Karnataka,Bengaluru,IoT,5,5,15.2,Low,SYNTHETIC_DEMO,SYNTHETIC
Karnataka,Bengaluru,Irrigation Management,2,2,6.1,Low,SYNTHETIC_DEMO,SYNTHETIC
Karnataka,Bengaluru,Java,1,1,3.0,Low,SYNTHETIC_DEMO,SYNTHETIC
Karnataka,Bengaluru,JavaScript,6,5,15.7,Low,SYNTHETIC_DEMO,SYNTHETIC
Karnataka,Bengaluru,Laboratory Techniques,4,4,12.1,Low,SYNTHETIC_DEMO,SYNTHETIC
Karnataka,Bengaluru,Lean Manufacturing,26,12,44.0,Moderate,SYNTHETIC_DEMO,SYNTHETIC
Karnataka,Bengaluru,Logistics Planning,7,5,16.3,Low,SYNTHETIC_DEMO,SYNTHETIC
Karnataka,Bengaluru,Machine Learning,3,3,9.1,Low,SYNTHETIC_DEMO,SYNTHETIC
Karnataka,Bengaluru,Machine Maintenance,27,11,42.0,Moderate,SYNTHETIC_DEMO,SYNTHETIC
Karnataka,Bengaluru,Mechanical Assembly,22,12,41.8,Moderate,SYNTHETIC_DEMO,SYNTHETIC
Karnataka,Bengaluru,Medical Coding,2,2,6.1,Low,SYNTHETIC_DEMO,SYNTHETIC
Karnataka,Bengaluru,Medical Equipment Maintenance,2,1,3.6,Low,SYNTHETIC_DEMO,SYNTHETIC
Karnataka,Bengaluru,Microsoft Excel,93,14,85.0,Very High,SYNTHETIC_DEMO,SYNTHETIC
Karnataka,Bengaluru,Next.js,3,2,6.6,Low,SYNTHETIC_DEMO,SYNTHETIC
Karnataka,Bengaluru,Node.js,2,1,3.6,Low,SYNTHETIC_DEMO,SYNTHETIC
Karnataka,Bengaluru,PCB Design,5,4,12.7,Low,SYNTHETIC_DEMO,SYNTHETIC
Karnataka,Bengaluru,PLC,7,5,16.3,Low,SYNTHETIC_DEMO,SYNTHETIC
Karnataka,Bengaluru,Patient Care,3,3,9.1,Low,SYNTHETIC_DEMO,SYNTHETIC
Karnataka,Bengaluru,Pharmacy Operations,6,4,13.2,Low,SYNTHETIC_DEMO,SYNTHETIC
Karnataka,Bengaluru,Post-Harvest Management,4,4,12.1,Low,SYNTHETIC_DEMO,SYNTHETIC
Karnataka,Bengaluru,PostgreSQL,4,3,9.6,Low,SYNTHETIC_DEMO,SYNTHETIC
Karnataka,Bengaluru,Power BI,3,3,9.1,Low,SYNTHETIC_DEMO,SYNTHETIC
Karnataka,Bengaluru,Precision Agriculture,1,1,3.0,Low,SYNTHETIC_DEMO,SYNTHETIC
Karnataka,Bengaluru,Problem Solving,59,13,64.2,High,SYNTHETIC_DEMO,SYNTHETIC
Karnataka,Bengaluru,Production Planning,29,13,48.1,Moderate,SYNTHETIC_DEMO,SYNTHETIC
Karnataka,Bengaluru,Project Planning,2,2,6.1,Low,SYNTHETIC_DEMO,SYNTHETIC
Karnataka,Bengaluru,Python,4,3,9.6,Low,SYNTHETIC_DEMO,SYNTHETIC
Karnataka,Bengaluru,Quality Control,24,11,40.4,Moderate,SYNTHETIC_DEMO,SYNTHETIC
Karnataka,Bengaluru,Quantity Surveying,3,2,6.6,Low,SYNTHETIC_DEMO,SYNTHETIC
Karnataka,Bengaluru,REST APIs,1,1,3.0,Low,SYNTHETIC_DEMO,SYNTHETIC
Karnataka,Bengaluru,React,9,7,22.3,Low,SYNTHETIC_DEMO,SYNTHETIC
Karnataka,Bengaluru,Route Planning,5,4,12.7,Low,SYNTHETIC_DEMO,SYNTHETIC
Karnataka,Bengaluru,SCADA,5,4,12.7,Low,SYNTHETIC_DEMO,SYNTHETIC
Karnataka,Bengaluru,SQL,5,5,15.2,Low,SYNTHETIC_DEMO,SYNTHETIC
Karnataka,Bengaluru,Sales,4,4,12.1,Low,SYNTHETIC_DEMO,SYNTHETIC
Karnataka,Bengaluru,Sensors,7,6,18.8,Low,SYNTHETIC_DEMO,SYNTHETIC
Karnataka,Bengaluru,Service Operations,23,12,42.4,Moderate,SYNTHETIC_DEMO,SYNTHETIC
Karnataka,Bengaluru,Site Supervision,3,2,6.6,Low,SYNTHETIC_DEMO,SYNTHETIC
Karnataka,Bengaluru,SolidWorks,18,13,42.2,Moderate,SYNTHETIC_DEMO,SYNTHETIC
Karnataka,Bengaluru,Structural Analysis,5,5,15.2,Low,SYNTHETIC_DEMO,SYNTHETIC
Karnataka,Bengaluru,Supply Chain,1,1,3.0,Low,SYNTHETIC_DEMO,SYNTHETIC
Karnataka,Bengaluru,Supply Chain Management,5,4,12.7,Low,SYNTHETIC_DEMO,SYNTHETIC
Karnataka,Bengaluru,Surveying,4,4,12.1,Low,SYNTHETIC_DEMO,SYNTHETIC
Karnataka,Bengaluru,Tally,5,4,12.7,Low,SYNTHETIC_DEMO,SYNTHETIC
Karnataka,Bengaluru,Team Management,100,14,88.7,Very High,SYNTHETIC_DEMO,SYNTHETIC
Karnataka,Bengaluru,Two-Wheeler Service,15,9,30.6,Moderate,SYNTHETIC_DEMO,SYNTHETIC
Karnataka,Bengaluru,TypeScript,3,3,9.1,Low,SYNTHETIC_DEMO,SYNTHETIC
Karnataka,Bengaluru,UI/UX Design,2,2,6.1,Low,SYNTHETIC_DEMO,SYNTHETIC
Karnataka,Bengaluru,Vehicle Diagnostics,23,10,37.4,Moderate,SYNTHETIC_DEMO,SYNTHETIC
Karnataka,Bengaluru,Warehouse Management,8,7,21.8,Low,SYNTHETIC_DEMO,SYNTHETIC
Karnataka,Bengaluru,Welding,23,12,42.4,Moderate,SYNTHETIC_DEMO,SYNTHETIC
Karnataka,Bengaluru,Workplace Safety,75,13,72.8,High,SYNTHETIC_DEMO,SYNTHETIC
Karnataka,Hubballi,AWS,4,2,7.1,Low,SYNTHETIC_DEMO,SYNTHETIC
Karnataka,Hubballi,Accounting,5,4,12.7,Low,SYNTHETIC_DEMO,SYNTHETIC
Karnataka,Hubballi,Agri Input Management,2,2,6.1,Low,SYNTHETIC_DEMO,SYNTHETIC
Karnataka,Hubballi,Auto Electrical,13,8,27.0,Moderate,SYNTHETIC_DEMO,SYNTHETIC
Karnataka,Hubballi,AutoCAD,24,13,45.4,Moderate,SYNTHETIC_DEMO,SYNTHETIC
Karnataka,Hubballi,AutoCAD Electrical,3,3,9.1,Low,SYNTHETIC_DEMO,SYNTHETIC
Karnataka,Hubballi,Automotive CAD,12,10,31.4,Moderate,SYNTHETIC_DEMO,SYNTHETIC
Karnataka,Hubballi,Automotive Diagnostics,8,5,16.8,Low,SYNTHETIC_DEMO,SYNTHETIC
Karnataka,Hubballi,Azure,3,3,9.1,Low,SYNTHETIC_DEMO,SYNTHETIC
Karnataka,Hubballi,Battery Management Systems,12,9,28.9,Moderate,SYNTHETIC_DEMO,SYNTHETIC
Karnataka,Hubballi,Business Analysis,6,5,15.7,Low,SYNTHETIC_DEMO,SYNTHETIC
Karnataka,Hubballi,CNC Milling,16,11,36.1,Moderate,SYNTHETIC_DEMO,SYNTHETIC
Karnataka,Hubballi,CNC Operation,33,11,45.2,Moderate,SYNTHETIC_DEMO,SYNTHETIC
Karnataka,Hubballi,CNC Programming,17,9,31.6,Moderate,SYNTHETIC_DEMO,SYNTHETIC
Karnataka,Hubballi,CNC Turning,24,12,42.9,Moderate,SYNTHETIC_DEMO,SYNTHETIC
Karnataka,Hubballi,Clinical Documentation,1,1,3.0,Low,SYNTHETIC_DEMO,SYNTHETIC
Karnataka,Hubballi,Communication,93,14,85.0,Very High,SYNTHETIC_DEMO,SYNTHETIC
Karnataka,Hubballi,Construction Safety,4,4,12.1,Low,SYNTHETIC_DEMO,SYNTHETIC
Karnataka,Hubballi,Control Systems,9,7,22.3,Low,SYNTHETIC_DEMO,SYNTHETIC
Karnataka,Hubballi,Customer Service,11,8,25.9,Moderate,SYNTHETIC_DEMO,SYNTHETIC
Karnataka,Hubballi,Cybersecurity,5,4,12.7,Low,SYNTHETIC_DEMO,SYNTHETIC
Karnataka,Hubballi,Data Analysis,4,2,7.1,Low,SYNTHETIC_DEMO,SYNTHETIC
Karnataka,Hubballi,Digital Literacy,93,14,85.0,Very High,SYNTHETIC_DEMO,SYNTHETIC
Karnataka,Hubballi,Digital Marketing,6,5,15.7,Low,SYNTHETIC_DEMO,SYNTHETIC
Karnataka,Hubballi,Docker,1,1,3.0,Low,SYNTHETIC_DEMO,SYNTHETIC
Karnataka,Hubballi,EV Battery Maintenance,12,8,26.4,Moderate,SYNTHETIC_DEMO,SYNTHETIC
Karnataka,Hubballi,EV Systems,12,10,31.4,Moderate,SYNTHETIC_DEMO,SYNTHETIC
Karnataka,Hubballi,Electric Motor Systems,11,7,23.4,Low,SYNTHETIC_DEMO,SYNTHETIC
Karnataka,Hubballi,Electrical Testing,4,4,12.1,Low,SYNTHETIC_DEMO,SYNTHETIC
Karnataka,Hubballi,Embedded Systems,6,5,15.7,Low,SYNTHETIC_DEMO,SYNTHETIC
Karnataka,Hubballi,English Communication,87,14,81.7,Very High,SYNTHETIC_DEMO,SYNTHETIC
Karnataka,Hubballi,Excel,14,10,32.5,Moderate,SYNTHETIC_DEMO,SYNTHETIC
Karnataka,Hubballi,Financial Analysis,8,7,21.8,Low,SYNTHETIC_DEMO,SYNTHETIC
Karnataka,Hubballi,Fleet Management,9,9,27.3,Moderate,SYNTHETIC_DEMO,SYNTHETIC
Karnataka,Hubballi,Forklift Operation,2,2,6.1,Low,SYNTHETIC_DEMO,SYNTHETIC
Karnataka,Hubballi,GST,6,5,15.7,Low,SYNTHETIC_DEMO,SYNTHETIC
Karnataka,Hubballi,Git,5,5,15.2,Low,SYNTHETIC_DEMO,SYNTHETIC
Karnataka,Hubballi,Healthcare Administration,1,1,3.0,Low,SYNTHETIC_DEMO,SYNTHETIC
Karnataka,Hubballi,Industrial Automation,9,7,22.3,Low,SYNTHETIC_DEMO,SYNTHETIC
Karnataka,Hubballi,Inventory Management,3,3,9.1,Low,SYNTHETIC_DEMO,SYNTHETIC
Karnataka,Hubballi,IoT,8,6,19.3,Low,SYNTHETIC_DEMO,SYNTHETIC
Karnataka,Hubballi,Java,2,2,6.1,Low,SYNTHETIC_DEMO,SYNTHETIC
Karnataka,Hubballi,JavaScript,5,4,12.7,Low,SYNTHETIC_DEMO,SYNTHETIC
Karnataka,Hubballi,Laboratory Techniques,1,1,3.0,Low,SYNTHETIC_DEMO,SYNTHETIC
Karnataka,Hubballi,Lean Manufacturing,17,11,36.6,Moderate,SYNTHETIC_DEMO,SYNTHETIC
Karnataka,Hubballi,Logistics Planning,5,4,12.7,Low,SYNTHETIC_DEMO,SYNTHETIC
Karnataka,Hubballi,Machine Learning,1,1,3.0,Low,SYNTHETIC_DEMO,SYNTHETIC
Karnataka,Hubballi,Machine Maintenance,29,12,45.6,Moderate,SYNTHETIC_DEMO,SYNTHETIC
Karnataka,Hubballi,Mechanical Assembly,15,10,33.1,Moderate,SYNTHETIC_DEMO,SYNTHETIC
Karnataka,Hubballi,Medical Coding,2,2,6.1,Low,SYNTHETIC_DEMO,SYNTHETIC
Karnataka,Hubballi,Medical Equipment Maintenance,2,2,6.1,Low,SYNTHETIC_DEMO,SYNTHETIC
Karnataka,Hubballi,Microsoft Excel,109,14,93.6,Very High,SYNTHETIC_DEMO,SYNTHETIC
Karnataka,Hubballi,Node.js,4,3,9.6,Low,SYNTHETIC_DEMO,SYNTHETIC
Karnataka,Hubballi,PCB Design,5,4,12.7,Low,SYNTHETIC_DEMO,SYNTHETIC
Karnataka,Hubballi,PLC,5,3,10.2,Low,SYNTHETIC_DEMO,SYNTHETIC
Karnataka,Hubballi,Patient Care,2,2,6.1,Low,SYNTHETIC_DEMO,SYNTHETIC
Karnataka,Hubballi,Pharmacy Operations,2,2,6.1,Low,SYNTHETIC_DEMO,SYNTHETIC
Karnataka,Hubballi,Post-Harvest Management,3,3,9.1,Low,SYNTHETIC_DEMO,SYNTHETIC
Karnataka,Hubballi,PostgreSQL,4,4,12.1,Low,SYNTHETIC_DEMO,SYNTHETIC
Karnataka,Hubballi,Power BI,6,4,13.2,Low,SYNTHETIC_DEMO,SYNTHETIC
Karnataka,Hubballi,Precision Agriculture,1,1,3.0,Low,SYNTHETIC_DEMO,SYNTHETIC
Karnataka,Hubballi,Problem Solving,95,14,86.0,Very High,SYNTHETIC_DEMO,SYNTHETIC
Karnataka,Hubballi,Production Planning,18,12,39.7,Moderate,SYNTHETIC_DEMO,SYNTHETIC
Karnataka,Hubballi,Project Planning,2,2,6.1,Low,SYNTHETIC_DEMO,SYNTHETIC
Karnataka,Hubballi,Python,3,3,9.1,Low,SYNTHETIC_DEMO,SYNTHETIC
Karnataka,Hubballi,Quality Control,29,11,43.1,Moderate,SYNTHETIC_DEMO,SYNTHETIC
Karnataka,Hubballi,Quantity Surveying,8,5,16.8,Low,SYNTHETIC_DEMO,SYNTHETIC
Karnataka,Hubballi,REST APIs,3,3,9.1,Low,SYNTHETIC_DEMO,SYNTHETIC
Karnataka,Hubballi,React,8,8,24.3,Low,SYNTHETIC_DEMO,SYNTHETIC
Karnataka,Hubballi,Route Planning,5,5,15.2,Low,SYNTHETIC_DEMO,SYNTHETIC
Karnataka,Hubballi,SCADA,4,3,9.6,Low,SYNTHETIC_DEMO,SYNTHETIC
Karnataka,Hubballi,SQL,8,6,19.3,Low,SYNTHETIC_DEMO,SYNTHETIC
Karnataka,Hubballi,Sales,5,3,10.2,Low,SYNTHETIC_DEMO,SYNTHETIC
Karnataka,Hubballi,Sensors,7,5,16.3,Low,SYNTHETIC_DEMO,SYNTHETIC
Karnataka,Hubballi,Service Operations,15,10,33.1,Moderate,SYNTHETIC_DEMO,SYNTHETIC
Karnataka,Hubballi,Site Supervision,3,2,6.6,Low,SYNTHETIC_DEMO,SYNTHETIC
Karnataka,Hubballi,SolidWorks,10,6,20.4,Low,SYNTHETIC_DEMO,SYNTHETIC
Karnataka,Hubballi,Structural Analysis,4,4,12.1,Low,SYNTHETIC_DEMO,SYNTHETIC
Karnataka,Hubballi,Supply Chain,1,1,3.0,Low,SYNTHETIC_DEMO,SYNTHETIC
Karnataka,Hubballi,Supply Chain Management,9,5,17.3,Low,SYNTHETIC_DEMO,SYNTHETIC
Karnataka,Hubballi,Surveying,1,1,3.0,Low,SYNTHETIC_DEMO,SYNTHETIC
Karnataka,Hubballi,Tally,8,4,14.3,Low,SYNTHETIC_DEMO,SYNTHETIC
Karnataka,Hubballi,Team Management,105,14,91.4,Very High,SYNTHETIC_DEMO,SYNTHETIC
Karnataka,Hubballi,Two-Wheeler Service,9,5,17.3,Low,SYNTHETIC_DEMO,SYNTHETIC
Karnataka,Hubballi,TypeScript,1,1,3.0,Low,SYNTHETIC_DEMO,SYNTHETIC
Karnataka,Hubballi,UI/UX Design,2,2,6.1,Low,SYNTHETIC_DEMO,SYNTHETIC
Karnataka,Hubballi,Vehicle Diagnostics,18,11,37.2,Moderate,SYNTHETIC_DEMO,SYNTHETIC
Karnataka,Hubballi,Warehouse Management,6,5,15.7,Low,SYNTHETIC_DEMO,SYNTHETIC
Karnataka,Hubballi,Welding,22,12,41.8,Moderate,SYNTHETIC_DEMO,SYNTHETIC
Karnataka,Hubballi,Workplace Safety,88,14,82.3,Very High,SYNTHETIC_DEMO,SYNTHETIC
Karnataka,Mysuru,AWS,4,3,9.6,Low,SYNTHETIC_DEMO,SYNTHETIC
Karnataka,Mysuru,Accounting,8,7,21.8,Low,SYNTHETIC_DEMO,SYNTHETIC
Karnataka,Mysuru,Auto Electrical,10,8,25.4,Moderate,SYNTHETIC_DEMO,SYNTHETIC
Karnataka,Mysuru,AutoCAD,26,13,46.5,Moderate,SYNTHETIC_DEMO,SYNTHETIC
Karnataka,Mysuru,AutoCAD Electrical,8,5,16.8,Low,SYNTHETIC_DEMO,SYNTHETIC
Karnataka,Mysuru,Automotive CAD,14,9,30.0,Moderate,SYNTHETIC_DEMO,SYNTHETIC
Karnataka,Mysuru,Automotive Diagnostics,16,8,28.6,Moderate,SYNTHETIC_DEMO,SYNTHETIC
Karnataka,Mysuru,Azure,2,2,6.1,Low,SYNTHETIC_DEMO,SYNTHETIC
Karnataka,Mysuru,Battery Management Systems,15,10,33.1,Moderate,SYNTHETIC_DEMO,SYNTHETIC
Karnataka,Mysuru,Business Analysis,10,7,22.9,Low,SYNTHETIC_DEMO,SYNTHETIC
Karnataka,Mysuru,CNC Milling,20,10,35.7,Moderate,SYNTHETIC_DEMO,SYNTHETIC
Karnataka,Mysuru,CNC Operation,34,14,53.3,High,SYNTHETIC_DEMO,SYNTHETIC
Karnataka,Mysuru,CNC Programming,26,12,44.0,Moderate,SYNTHETIC_DEMO,SYNTHETIC
Karnataka,Mysuru,CNC Turning,18,11,37.2,Moderate,SYNTHETIC_DEMO,SYNTHETIC
Karnataka,Mysuru,Civil Drafting,1,1,3.0,Low,SYNTHETIC_DEMO,SYNTHETIC
Karnataka,Mysuru,Clinical Documentation,1,1,3.0,Low,SYNTHETIC_DEMO,SYNTHETIC
Karnataka,Mysuru,Cold Chain,1,1,3.0,Low,SYNTHETIC_DEMO,SYNTHETIC
Karnataka,Mysuru,Communication,98,14,87.6,Very High,SYNTHETIC_DEMO,SYNTHETIC
Karnataka,Mysuru,Construction Safety,3,3,9.1,Low,SYNTHETIC_DEMO,SYNTHETIC
Karnataka,Mysuru,Control Systems,6,4,13.2,Low,SYNTHETIC_DEMO,SYNTHETIC
Karnataka,Mysuru,Customer Service,6,5,15.7,Low,SYNTHETIC_DEMO,SYNTHETIC
Karnataka,Mysuru,Cybersecurity,4,3,9.6,Low,SYNTHETIC_DEMO,SYNTHETIC
Karnataka,Mysuru,Data Analysis,9,7,22.3,Low,SYNTHETIC_DEMO,SYNTHETIC
Karnataka,Mysuru,Digital Literacy,87,14,81.7,Very High,SYNTHETIC_DEMO,SYNTHETIC
Karnataka,Mysuru,Digital Marketing,5,3,10.2,Low,SYNTHETIC_DEMO,SYNTHETIC
Karnataka,Mysuru,Docker,2,2,6.1,Low,SYNTHETIC_DEMO,SYNTHETIC
Karnataka,Mysuru,EV Battery Maintenance,17,12,39.1,Moderate,SYNTHETIC_DEMO,SYNTHETIC
Karnataka,Mysuru,EV Systems,13,9,29.5,Moderate,SYNTHETIC_DEMO,SYNTHETIC
Karnataka,Mysuru,Electric Motor Systems,15,7,25.6,Moderate,SYNTHETIC_DEMO,SYNTHETIC
Karnataka,Mysuru,Electrical Testing,12,10,31.4,Moderate,SYNTHETIC_DEMO,SYNTHETIC
Karnataka,Mysuru,Embedded Systems,11,6,20.9,Low,SYNTHETIC_DEMO,SYNTHETIC
Karnataka,Mysuru,English Communication,88,14,82.3,Very High,SYNTHETIC_DEMO,SYNTHETIC
Karnataka,Mysuru,Excel,9,7,22.3,Low,SYNTHETIC_DEMO,SYNTHETIC
Karnataka,Mysuru,Farm Machinery,1,1,3.0,Low,SYNTHETIC_DEMO,SYNTHETIC
Karnataka,Mysuru,Financial Analysis,5,4,12.7,Low,SYNTHETIC_DEMO,SYNTHETIC
Karnataka,Mysuru,Fleet Management,10,7,22.9,Low,SYNTHETIC_DEMO,SYNTHETIC
Karnataka,Mysuru,Food Processing,2,2,6.1,Low,SYNTHETIC_DEMO,SYNTHETIC
Karnataka,Mysuru,Forklift Operation,5,5,15.2,Low,SYNTHETIC_DEMO,SYNTHETIC
Karnataka,Mysuru,GST,4,4,12.1,Low,SYNTHETIC_DEMO,SYNTHETIC
Karnataka,Mysuru,Git,2,2,6.1,Low,SYNTHETIC_DEMO,SYNTHETIC
Karnataka,Mysuru,Healthcare Administration,1,1,3.0,Low,SYNTHETIC_DEMO,SYNTHETIC
Karnataka,Mysuru,Industrial Automation,13,6,22.0,Low,SYNTHETIC_DEMO,SYNTHETIC
Karnataka,Mysuru,Inventory Management,6,5,15.7,Low,SYNTHETIC_DEMO,SYNTHETIC
Karnataka,Mysuru,IoT,16,9,31.1,Moderate,SYNTHETIC_DEMO,SYNTHETIC
Karnataka,Mysuru,Irrigation Management,5,4,12.7,Low,SYNTHETIC_DEMO,SYNTHETIC
Karnataka,Mysuru,Java,1,1,3.0,Low,SYNTHETIC_DEMO,SYNTHETIC
Karnataka,Mysuru,JavaScript,3,3,9.1,Low,SYNTHETIC_DEMO,SYNTHETIC
Karnataka,Mysuru,Laboratory Techniques,3,3,9.1,Low,SYNTHETIC_DEMO,SYNTHETIC
Karnataka,Mysuru,Lean Manufacturing,23,10,37.4,Moderate,SYNTHETIC_DEMO,SYNTHETIC
Karnataka,Mysuru,Logistics Planning,4,4,12.1,Low,SYNTHETIC_DEMO,SYNTHETIC
Karnataka,Mysuru,Machine Learning,1,1,3.0,Low,SYNTHETIC_DEMO,SYNTHETIC
Karnataka,Mysuru,Machine Maintenance,17,10,34.1,Moderate,SYNTHETIC_DEMO,SYNTHETIC
Karnataka,Mysuru,Mechanical Assembly,24,13,45.4,Moderate,SYNTHETIC_DEMO,SYNTHETIC
Karnataka,Mysuru,Medical Coding,10,8,25.4,Moderate,SYNTHETIC_DEMO,SYNTHETIC
Karnataka,Mysuru,Medical Equipment Maintenance,5,4,12.7,Low,SYNTHETIC_DEMO,SYNTHETIC
Karnataka,Mysuru,Microsoft Excel,86,14,81.2,Very High,SYNTHETIC_DEMO,SYNTHETIC
Karnataka,Mysuru,Next.js,3,3,9.1,Low,SYNTHETIC_DEMO,SYNTHETIC
Karnataka,Mysuru,Node.js,5,5,15.2,Low,SYNTHETIC_DEMO,SYNTHETIC
Karnataka,Mysuru,PCB Design,9,6,19.8,Low,SYNTHETIC_DEMO,SYNTHETIC
Karnataka,Mysuru,PLC,8,7,21.8,Low,SYNTHETIC_DEMO,SYNTHETIC
Karnataka,Mysuru,Patient Care,1,1,3.0,Low,SYNTHETIC_DEMO,SYNTHETIC
Karnataka,Mysuru,Pharmacy Operations,1,1,3.0,Low,SYNTHETIC_DEMO,SYNTHETIC
Karnataka,Mysuru,Post-Harvest Management,2,2,6.1,Low,SYNTHETIC_DEMO,SYNTHETIC
Karnataka,Mysuru,PostgreSQL,4,4,12.1,Low,SYNTHETIC_DEMO,SYNTHETIC
Karnataka,Mysuru,Power BI,3,2,6.6,Low,SYNTHETIC_DEMO,SYNTHETIC
Karnataka,Mysuru,Precision Agriculture,3,3,9.1,Low,SYNTHETIC_DEMO,SYNTHETIC
Karnataka,Mysuru,Problem Solving,80,14,78.0,Very High,SYNTHETIC_DEMO,SYNTHETIC
Karnataka,Mysuru,Production Planning,22,12,41.8,Moderate,SYNTHETIC_DEMO,SYNTHETIC
Karnataka,Mysuru,Project Planning,1,1,3.0,Low,SYNTHETIC_DEMO,SYNTHETIC
Karnataka,Mysuru,Python,8,7,21.8,Low,SYNTHETIC_DEMO,SYNTHETIC
Karnataka,Mysuru,Quality Control,31,13,49.2,Moderate,SYNTHETIC_DEMO,SYNTHETIC
Karnataka,Mysuru,Quantity Surveying,1,1,3.0,Low,SYNTHETIC_DEMO,SYNTHETIC
Karnataka,Mysuru,REST APIs,1,1,3.0,Low,SYNTHETIC_DEMO,SYNTHETIC
Karnataka,Mysuru,React,3,3,9.1,Low,SYNTHETIC_DEMO,SYNTHETIC
Karnataka,Mysuru,Route Planning,3,3,9.1,Low,SYNTHETIC_DEMO,SYNTHETIC
Karnataka,Mysuru,SCADA,9,6,19.8,Low,SYNTHETIC_DEMO,SYNTHETIC
Karnataka,Mysuru,SQL,3,3,9.1,Low,SYNTHETIC_DEMO,SYNTHETIC
Karnataka,Mysuru,Sales,3,2,6.6,Low,SYNTHETIC_DEMO,SYNTHETIC
Karnataka,Mysuru,Sensors,8,4,14.3,Low,SYNTHETIC_DEMO,SYNTHETIC
Karnataka,Mysuru,Service Operations,18,10,34.7,Moderate,SYNTHETIC_DEMO,SYNTHETIC
Karnataka,Mysuru,Site Supervision,3,3,9.1,Low,SYNTHETIC_DEMO,SYNTHETIC
Karnataka,Mysuru,SolidWorks,25,13,45.9,Moderate,SYNTHETIC_DEMO,SYNTHETIC
Karnataka,Mysuru,Structural Analysis,2,2,6.1,Low,SYNTHETIC_DEMO,SYNTHETIC
Karnataka,Mysuru,Supply Chain,6,4,13.2,Low,SYNTHETIC_DEMO,SYNTHETIC
Karnataka,Mysuru,Supply Chain Management,5,5,15.2,Low,SYNTHETIC_DEMO,SYNTHETIC
Karnataka,Mysuru,Surveying,1,1,3.0,Low,SYNTHETIC_DEMO,SYNTHETIC
Karnataka,Mysuru,Tally,8,6,19.3,Low,SYNTHETIC_DEMO,SYNTHETIC
Karnataka,Mysuru,Team Management,97,14,87.1,Very High,SYNTHETIC_DEMO,SYNTHETIC
Karnataka,Mysuru,Two-Wheeler Service,13,9,29.5,Moderate,SYNTHETIC_DEMO,SYNTHETIC
Karnataka,Mysuru,TypeScript,4,4,12.1,Low,SYNTHETIC_DEMO,SYNTHETIC
Karnataka,Mysuru,UI/UX Design,1,1,3.0,Low,SYNTHETIC_DEMO,SYNTHETIC
Karnataka,Mysuru,Vehicle Diagnostics,22,12,41.8,Moderate,SYNTHETIC_DEMO,SYNTHETIC
Karnataka,Mysuru,Warehouse Management,4,4,12.1,Low,SYNTHETIC_DEMO,SYNTHETIC
Karnataka,Mysuru,Welding,29,11,43.1,Moderate,SYNTHETIC_DEMO,SYNTHETIC
Karnataka,Mysuru,Workplace Safety,89,14,82.8,Very High,SYNTHETIC_DEMO,SYNTHETIC
Kerala,Kochi,AWS,3,3,9.1,Low,SYNTHETIC_DEMO,SYNTHETIC
Kerala,Kochi,Accounting,5,5,15.2,Low,SYNTHETIC_DEMO,SYNTHETIC
Kerala,Kochi,Agri Input Management,4,4,12.1,Low,SYNTHETIC_DEMO,SYNTHETIC
Kerala,Kochi,Auto Electrical,14,9,30.0,Moderate,SYNTHETIC_DEMO,SYNTHETIC
Kerala,Kochi,AutoCAD,20,10,35.7,Moderate,SYNTHETIC_DEMO,SYNTHETIC
Kerala,Kochi,AutoCAD Electrical,11,7,23.4,Low,SYNTHETIC_DEMO,SYNTHETIC
Kerala,Kochi,Automotive CAD,12,9,28.9,Moderate,SYNTHETIC_DEMO,SYNTHETIC
Kerala,Kochi,Automotive Diagnostics,6,6,18.2,Low,SYNTHETIC_DEMO,SYNTHETIC
Kerala,Kochi,Azure,4,4,12.1,Low,SYNTHETIC_DEMO,SYNTHETIC
Kerala,Kochi,Battery Management Systems,12,8,26.4,Moderate,SYNTHETIC_DEMO,SYNTHETIC
Kerala,Kochi,Business Analysis,5,4,12.7,Low,SYNTHETIC_DEMO,SYNTHETIC
Kerala,Kochi,CNC Milling,12,8,26.4,Moderate,SYNTHETIC_DEMO,SYNTHETIC
Kerala,Kochi,CNC Operation,20,10,35.7,Moderate,SYNTHETIC_DEMO,SYNTHETIC
Kerala,Kochi,CNC Programming,17,11,36.6,Moderate,SYNTHETIC_DEMO,SYNTHETIC
Kerala,Kochi,CNC Turning,21,11,38.8,Moderate,SYNTHETIC_DEMO,SYNTHETIC
Kerala,Kochi,Clinical Documentation,3,3,9.1,Low,SYNTHETIC_DEMO,SYNTHETIC
Kerala,Kochi,Communication,97,14,87.1,Very High,SYNTHETIC_DEMO,SYNTHETIC
Kerala,Kochi,Construction Safety,4,3,9.6,Low,SYNTHETIC_DEMO,SYNTHETIC
Kerala,Kochi,Control Systems,6,5,15.7,Low,SYNTHETIC_DEMO,SYNTHETIC
Kerala,Kochi,Customer Service,2,2,6.1,Low,SYNTHETIC_DEMO,SYNTHETIC
Kerala,Kochi,Cybersecurity,2,2,6.1,Low,SYNTHETIC_DEMO,SYNTHETIC
Kerala,Kochi,Data Analysis,3,3,9.1,Low,SYNTHETIC_DEMO,SYNTHETIC
Kerala,Kochi,Digital Literacy,85,14,80.7,Very High,SYNTHETIC_DEMO,SYNTHETIC
Kerala,Kochi,Digital Marketing,3,3,9.1,Low,SYNTHETIC_DEMO,SYNTHETIC
Kerala,Kochi,Docker,3,3,9.1,Low,SYNTHETIC_DEMO,SYNTHETIC
Kerala,Kochi,EV Battery Maintenance,17,8,29.1,Moderate,SYNTHETIC_DEMO,SYNTHETIC
Kerala,Kochi,EV Systems,18,12,39.7,Moderate,SYNTHETIC_DEMO,SYNTHETIC
Kerala,Kochi,Electric Motor Systems,9,7,22.3,Low,SYNTHETIC_DEMO,SYNTHETIC
Kerala,Kochi,Electrical Testing,8,5,16.8,Low,SYNTHETIC_DEMO,SYNTHETIC
Kerala,Kochi,Embedded Systems,8,6,19.3,Low,SYNTHETIC_DEMO,SYNTHETIC
Kerala,Kochi,English Communication,103,14,90.3,Very High,SYNTHETIC_DEMO,SYNTHETIC
Kerala,Kochi,Excel,6,6,18.2,Low,SYNTHETIC_DEMO,SYNTHETIC
Kerala,Kochi,Figma,3,2,6.6,Low,SYNTHETIC_DEMO,SYNTHETIC
Kerala,Kochi,Financial Analysis,3,3,9.1,Low,SYNTHETIC_DEMO,SYNTHETIC
Kerala,Kochi,Fleet Management,4,4,12.1,Low,SYNTHETIC_DEMO,SYNTHETIC
Kerala,Kochi,Food Processing,1,1,3.0,Low,SYNTHETIC_DEMO,SYNTHETIC
Kerala,Kochi,Forklift Operation,2,2,6.1,Low,SYNTHETIC_DEMO,SYNTHETIC
Kerala,Kochi,GST,1,1,3.0,Low,SYNTHETIC_DEMO,SYNTHETIC
Kerala,Kochi,Git,2,2,6.1,Low,SYNTHETIC_DEMO,SYNTHETIC
Kerala,Kochi,Healthcare Administration,3,3,9.1,Low,SYNTHETIC_DEMO,SYNTHETIC
Kerala,Kochi,Industrial Automation,7,6,18.8,Low,SYNTHETIC_DEMO,SYNTHETIC
Kerala,Kochi,Inventory Management,6,4,13.2,Low,SYNTHETIC_DEMO,SYNTHETIC
Kerala,Kochi,IoT,10,8,25.4,Moderate,SYNTHETIC_DEMO,SYNTHETIC
Kerala,Kochi,Irrigation Management,2,2,6.1,Low,SYNTHETIC_DEMO,SYNTHETIC
Kerala,Kochi,Java,1,1,3.0,Low,SYNTHETIC_DEMO,SYNTHETIC
Kerala,Kochi,JavaScript,4,3,9.6,Low,SYNTHETIC_DEMO,SYNTHETIC
Kerala,Kochi,Laboratory Techniques,3,3,9.1,Low,SYNTHETIC_DEMO,SYNTHETIC
Kerala,Kochi,Lean Manufacturing,25,9,35.9,Moderate,SYNTHETIC_DEMO,SYNTHETIC
Kerala,Kochi,Logistics Planning,9,7,22.3,Low,SYNTHETIC_DEMO,SYNTHETIC
Kerala,Kochi,Machine Learning,3,3,9.1,Low,SYNTHETIC_DEMO,SYNTHETIC
Kerala,Kochi,Machine Maintenance,23,12,42.4,Moderate,SYNTHETIC_DEMO,SYNTHETIC
Kerala,Kochi,Mechanical Assembly,10,7,22.9,Low,SYNTHETIC_DEMO,SYNTHETIC
Kerala,Kochi,Medical Coding,1,1,3.0,Low,SYNTHETIC_DEMO,SYNTHETIC
Kerala,Kochi,Medical Equipment Maintenance,3,3,9.1,Low,SYNTHETIC_DEMO,SYNTHETIC
Kerala,Kochi,Microsoft Excel,102,14,89.8,Very High,SYNTHETIC_DEMO,SYNTHETIC
Kerala,Kochi,Next.js,2,2,6.1,Low,SYNTHETIC_DEMO,SYNTHETIC
Kerala,Kochi,Node.js,4,4,12.1,Low,SYNTHETIC_DEMO,SYNTHETIC
Kerala,Kochi,PCB Design,7,5,16.3,Low,SYNTHETIC_DEMO,SYNTHETIC
Kerala,Kochi,PLC,7,5,16.3,Low,SYNTHETIC_DEMO,SYNTHETIC
Kerala,Kochi,Patient Care,5,4,12.7,Low,SYNTHETIC_DEMO,SYNTHETIC
Kerala,Kochi,Pharmacy Operations,5,4,12.7,Low,SYNTHETIC_DEMO,SYNTHETIC
Kerala,Kochi,Post-Harvest Management,5,4,12.7,Low,SYNTHETIC_DEMO,SYNTHETIC
Kerala,Kochi,PostgreSQL,5,5,15.2,Low,SYNTHETIC_DEMO,SYNTHETIC
Kerala,Kochi,Power BI,5,5,15.2,Low,SYNTHETIC_DEMO,SYNTHETIC
Kerala,Kochi,Problem Solving,75,14,75.3,Very High,SYNTHETIC_DEMO,SYNTHETIC
Kerala,Kochi,Production Planning,20,12,40.7,Moderate,SYNTHETIC_DEMO,SYNTHETIC
Kerala,Kochi,Project Planning,2,2,6.1,Low,SYNTHETIC_DEMO,SYNTHETIC
Kerala,Kochi,Python,3,3,9.1,Low,SYNTHETIC_DEMO,SYNTHETIC
Kerala,Kochi,Quality Control,27,12,44.5,Moderate,SYNTHETIC_DEMO,SYNTHETIC
Kerala,Kochi,Quantity Surveying,3,3,9.1,Low,SYNTHETIC_DEMO,SYNTHETIC
Kerala,Kochi,REST APIs,3,3,9.1,Low,SYNTHETIC_DEMO,SYNTHETIC
Kerala,Kochi,React,3,3,9.1,Low,SYNTHETIC_DEMO,SYNTHETIC
Kerala,Kochi,Route Planning,5,5,15.2,Low,SYNTHETIC_DEMO,SYNTHETIC
Kerala,Kochi,SCADA,12,8,26.4,Moderate,SYNTHETIC_DEMO,SYNTHETIC
Kerala,Kochi,SQL,6,5,15.7,Low,SYNTHETIC_DEMO,SYNTHETIC
Kerala,Kochi,Sales,2,2,6.1,Low,SYNTHETIC_DEMO,SYNTHETIC
Kerala,Kochi,Sensors,10,9,27.9,Moderate,SYNTHETIC_DEMO,SYNTHETIC
Kerala,Kochi,Service Operations,16,10,33.6,Moderate,SYNTHETIC_DEMO,SYNTHETIC
Kerala,Kochi,Site Supervision,4,3,9.6,Low,SYNTHETIC_DEMO,SYNTHETIC
Kerala,Kochi,SolidWorks,12,7,23.9,Low,SYNTHETIC_DEMO,SYNTHETIC
Kerala,Kochi,Structural Analysis,3,1,4.1,Low,SYNTHETIC_DEMO,SYNTHETIC
Kerala,Kochi,Supply Chain,2,2,6.1,Low,SYNTHETIC_DEMO,SYNTHETIC
Kerala,Kochi,Supply Chain Management,4,4,12.1,Low,SYNTHETIC_DEMO,SYNTHETIC
Kerala,Kochi,Surveying,1,1,3.0,Low,SYNTHETIC_DEMO,SYNTHETIC
Kerala,Kochi,Tally,8,7,21.8,Low,SYNTHETIC_DEMO,SYNTHETIC
Kerala,Kochi,Team Management,100,14,88.7,Very High,SYNTHETIC_DEMO,SYNTHETIC
Kerala,Kochi,Two-Wheeler Service,11,6,20.9,Low,SYNTHETIC_DEMO,SYNTHETIC
Kerala,Kochi,TypeScript,1,1,3.0,Low,SYNTHETIC_DEMO,SYNTHETIC
Kerala,Kochi,UI/UX Design,2,2,6.1,Low,SYNTHETIC_DEMO,SYNTHETIC
Kerala,Kochi,Vehicle Diagnostics,20,9,33.2,Moderate,SYNTHETIC_DEMO,SYNTHETIC
Kerala,Kochi,Warehouse Management,3,3,9.1,Low,SYNTHETIC_DEMO,SYNTHETIC
Kerala,Kochi,Welding,20,11,38.2,Moderate,SYNTHETIC_DEMO,SYNTHETIC
Kerala,Kochi,Workplace Safety,85,14,80.7,Very High,SYNTHETIC_DEMO,SYNTHETIC
Madhya Pradesh,Indore,AWS,2,2,6.1,Low,SYNTHETIC_DEMO,SYNTHETIC
Madhya Pradesh,Indore,Accounting,8,7,21.8,Low,SYNTHETIC_DEMO,SYNTHETIC
Madhya Pradesh,Indore,Agri Input Management,3,3,9.1,Low,SYNTHETIC_DEMO,SYNTHETIC
Madhya Pradesh,Indore,Auto Electrical,6,6,18.2,Low,SYNTHETIC_DEMO,SYNTHETIC
Madhya Pradesh,Indore,AutoCAD,21,12,41.3,Moderate,SYNTHETIC_DEMO,SYNTHETIC
Madhya Pradesh,Indore,AutoCAD Electrical,3,3,9.1,Low,SYNTHETIC_DEMO,SYNTHETIC
Madhya Pradesh,Indore,Automotive CAD,21,12,41.3,Moderate,SYNTHETIC_DEMO,SYNTHETIC
Madhya Pradesh,Indore,Automotive Diagnostics,13,9,29.5,Moderate,SYNTHETIC_DEMO,SYNTHETIC
Madhya Pradesh,Indore,Azure,5,4,12.7,Low,SYNTHETIC_DEMO,SYNTHETIC
Madhya Pradesh,Indore,Battery Management Systems,11,9,28.4,Moderate,SYNTHETIC_DEMO,SYNTHETIC
Madhya Pradesh,Indore,Business Analysis,13,8,27.0,Moderate,SYNTHETIC_DEMO,SYNTHETIC
Madhya Pradesh,Indore,CNC Milling,12,8,26.4,Moderate,SYNTHETIC_DEMO,SYNTHETIC
Madhya Pradesh,Indore,CNC Operation,30,14,51.1,High,SYNTHETIC_DEMO,SYNTHETIC
Madhya Pradesh,Indore,CNC Programming,17,9,31.6,Moderate,SYNTHETIC_DEMO,SYNTHETIC
Madhya Pradesh,Indore,CNC Turning,18,12,39.7,Moderate,SYNTHETIC_DEMO,SYNTHETIC
Madhya Pradesh,Indore,Civil Drafting,3,3,9.1,Low,SYNTHETIC_DEMO,SYNTHETIC
Madhya Pradesh,Indore,Clinical Documentation,7,6,18.8,Low,SYNTHETIC_DEMO,SYNTHETIC
Madhya Pradesh,Indore,Communication,87,14,81.7,Very High,SYNTHETIC_DEMO,SYNTHETIC
Madhya Pradesh,Indore,Construction Safety,1,1,3.0,Low,SYNTHETIC_DEMO,SYNTHETIC
Madhya Pradesh,Indore,Control Systems,7,7,21.3,Low,SYNTHETIC_DEMO,SYNTHETIC
Madhya Pradesh,Indore,Customer Service,5,4,12.7,Low,SYNTHETIC_DEMO,SYNTHETIC
Madhya Pradesh,Indore,Data Analysis,4,4,12.1,Low,SYNTHETIC_DEMO,SYNTHETIC
Madhya Pradesh,Indore,Digital Literacy,81,14,78.5,Very High,SYNTHETIC_DEMO,SYNTHETIC
Madhya Pradesh,Indore,Digital Marketing,2,2,6.1,Low,SYNTHETIC_DEMO,SYNTHETIC
Madhya Pradesh,Indore,Docker,2,2,6.1,Low,SYNTHETIC_DEMO,SYNTHETIC
Madhya Pradesh,Indore,EV Battery Maintenance,15,8,28.1,Moderate,SYNTHETIC_DEMO,SYNTHETIC
Madhya Pradesh,Indore,EV Systems,14,10,32.5,Moderate,SYNTHETIC_DEMO,SYNTHETIC
Madhya Pradesh,Indore,Electric Motor Systems,19,11,37.7,Moderate,SYNTHETIC_DEMO,SYNTHETIC
Madhya Pradesh,Indore,Electrical Testing,5,4,12.7,Low,SYNTHETIC_DEMO,SYNTHETIC
Madhya Pradesh,Indore,Embedded Systems,8,7,21.8,Low,SYNTHETIC_DEMO,SYNTHETIC
Madhya Pradesh,Indore,English Communication,72,14,73.7,High,SYNTHETIC_DEMO,SYNTHETIC
Madhya Pradesh,Indore,Excel,9,7,22.3,Low,SYNTHETIC_DEMO,SYNTHETIC
Madhya Pradesh,Indore,Farm Machinery,3,2,6.6,Low,SYNTHETIC_DEMO,SYNTHETIC
Madhya Pradesh,Indore,Financial Analysis,6,4,13.2,Low,SYNTHETIC_DEMO,SYNTHETIC
Madhya Pradesh,Indore,Fleet Management,4,3,9.6,Low,SYNTHETIC_DEMO,SYNTHETIC
Madhya Pradesh,Indore,Food Processing,1,1,3.0,Low,SYNTHETIC_DEMO,SYNTHETIC
Madhya Pradesh,Indore,Forklift Operation,2,2,6.1,Low,SYNTHETIC_DEMO,SYNTHETIC
Madhya Pradesh,Indore,GST,5,5,15.2,Low,SYNTHETIC_DEMO,SYNTHETIC
Madhya Pradesh,Indore,Git,1,1,3.0,Low,SYNTHETIC_DEMO,SYNTHETIC
Madhya Pradesh,Indore,Healthcare Administration,4,4,12.1,Low,SYNTHETIC_DEMO,SYNTHETIC
Madhya Pradesh,Indore,Industrial Automation,9,7,22.3,Low,SYNTHETIC_DEMO,SYNTHETIC
Madhya Pradesh,Indore,Inventory Management,6,6,18.2,Low,SYNTHETIC_DEMO,SYNTHETIC
Madhya Pradesh,Indore,IoT,6,5,15.7,Low,SYNTHETIC_DEMO,SYNTHETIC
Madhya Pradesh,Indore,Irrigation Management,1,1,3.0,Low,SYNTHETIC_DEMO,SYNTHETIC
Madhya Pradesh,Indore,Java,1,1,3.0,Low,SYNTHETIC_DEMO,SYNTHETIC
Madhya Pradesh,Indore,JavaScript,6,5,15.7,Low,SYNTHETIC_DEMO,SYNTHETIC
Madhya Pradesh,Indore,Laboratory Techniques,2,2,6.1,Low,SYNTHETIC_DEMO,SYNTHETIC
Madhya Pradesh,Indore,Lean Manufacturing,19,9,32.7,Moderate,SYNTHETIC_DEMO,SYNTHETIC
Madhya Pradesh,Indore,Logistics Planning,5,4,12.7,Low,SYNTHETIC_DEMO,SYNTHETIC
Madhya Pradesh,Indore,Machine Learning,4,4,12.1,Low,SYNTHETIC_DEMO,SYNTHETIC
Madhya Pradesh,Indore,Machine Maintenance,14,10,32.5,Moderate,SYNTHETIC_DEMO,SYNTHETIC
Madhya Pradesh,Indore,Mechanical Assembly,18,11,37.2,Moderate,SYNTHETIC_DEMO,SYNTHETIC
Madhya Pradesh,Indore,Medical Coding,6,5,15.7,Low,SYNTHETIC_DEMO,SYNTHETIC
Madhya Pradesh,Indore,Medical Equipment Maintenance,3,2,6.6,Low,SYNTHETIC_DEMO,SYNTHETIC
Madhya Pradesh,Indore,Microsoft Excel,79,14,77.4,Very High,SYNTHETIC_DEMO,SYNTHETIC
Madhya Pradesh,Indore,Next.js,2,2,6.1,Low,SYNTHETIC_DEMO,SYNTHETIC
Madhya Pradesh,Indore,Node.js,1,1,3.0,Low,SYNTHETIC_DEMO,SYNTHETIC
Madhya Pradesh,Indore,PCB Design,6,6,18.2,Low,SYNTHETIC_DEMO,SYNTHETIC
Madhya Pradesh,Indore,PLC,8,7,21.8,Low,SYNTHETIC_DEMO,SYNTHETIC
Madhya Pradesh,Indore,Patient Care,5,5,15.2,Low,SYNTHETIC_DEMO,SYNTHETIC
Madhya Pradesh,Indore,Pharmacy Operations,2,2,6.1,Low,SYNTHETIC_DEMO,SYNTHETIC
Madhya Pradesh,Indore,Post-Harvest Management,7,5,16.3,Low,SYNTHETIC_DEMO,SYNTHETIC
Madhya Pradesh,Indore,PostgreSQL,2,2,6.1,Low,SYNTHETIC_DEMO,SYNTHETIC
Madhya Pradesh,Indore,Power BI,6,6,18.2,Low,SYNTHETIC_DEMO,SYNTHETIC
Madhya Pradesh,Indore,Precision Agriculture,1,1,3.0,Low,SYNTHETIC_DEMO,SYNTHETIC
Madhya Pradesh,Indore,Problem Solving,72,14,73.7,High,SYNTHETIC_DEMO,SYNTHETIC
Madhya Pradesh,Indore,Production Planning,20,11,38.2,Moderate,SYNTHETIC_DEMO,SYNTHETIC
Madhya Pradesh,Indore,Project Planning,1,1,3.0,Low,SYNTHETIC_DEMO,SYNTHETIC
Madhya Pradesh,Indore,Python,2,2,6.1,Low,SYNTHETIC_DEMO,SYNTHETIC
Madhya Pradesh,Indore,Quality Control,25,12,43.4,Moderate,SYNTHETIC_DEMO,SYNTHETIC
Madhya Pradesh,Indore,Quantity Surveying,5,4,12.7,Low,SYNTHETIC_DEMO,SYNTHETIC
Madhya Pradesh,Indore,REST APIs,3,3,9.1,Low,SYNTHETIC_DEMO,SYNTHETIC
Madhya Pradesh,Indore,React,4,4,12.1,Low,SYNTHETIC_DEMO,SYNTHETIC
Madhya Pradesh,Indore,Route Planning,3,3,9.1,Low,SYNTHETIC_DEMO,SYNTHETIC
Madhya Pradesh,Indore,SCADA,11,7,23.4,Low,SYNTHETIC_DEMO,SYNTHETIC
Madhya Pradesh,Indore,SQL,4,4,12.1,Low,SYNTHETIC_DEMO,SYNTHETIC
Madhya Pradesh,Indore,Sales,6,6,18.2,Low,SYNTHETIC_DEMO,SYNTHETIC
Madhya Pradesh,Indore,Sensors,6,6,18.2,Low,SYNTHETIC_DEMO,SYNTHETIC
Madhya Pradesh,Indore,Service Operations,18,8,29.7,Moderate,SYNTHETIC_DEMO,SYNTHETIC
Madhya Pradesh,Indore,Site Supervision,5,5,15.2,Low,SYNTHETIC_DEMO,SYNTHETIC
Madhya Pradesh,Indore,SolidWorks,17,11,36.6,Moderate,SYNTHETIC_DEMO,SYNTHETIC
Madhya Pradesh,Indore,Structural Analysis,4,4,12.1,Low,SYNTHETIC_DEMO,SYNTHETIC
Madhya Pradesh,Indore,Supply Chain,6,6,18.2,Low,SYNTHETIC_DEMO,SYNTHETIC
Madhya Pradesh,Indore,Supply Chain Management,4,3,9.6,Low,SYNTHETIC_DEMO,SYNTHETIC
Madhya Pradesh,Indore,Surveying,3,2,6.6,Low,SYNTHETIC_DEMO,SYNTHETIC
Madhya Pradesh,Indore,Tally,6,6,18.2,Low,SYNTHETIC_DEMO,SYNTHETIC
Madhya Pradesh,Indore,Team Management,78,14,76.9,Very High,SYNTHETIC_DEMO,SYNTHETIC
Madhya Pradesh,Indore,Two-Wheeler Service,18,12,39.7,Moderate,SYNTHETIC_DEMO,SYNTHETIC
Madhya Pradesh,Indore,TypeScript,4,4,12.1,Low,SYNTHETIC_DEMO,SYNTHETIC
Madhya Pradesh,Indore,UI/UX Design,2,2,6.1,Low,SYNTHETIC_DEMO,SYNTHETIC
Madhya Pradesh,Indore,Vehicle Diagnostics,21,12,41.3,Moderate,SYNTHETIC_DEMO,SYNTHETIC
Madhya Pradesh,Indore,Warehouse Management,3,3,9.1,Low,SYNTHETIC_DEMO,SYNTHETIC
Madhya Pradesh,Indore,Welding,16,11,36.1,Moderate,SYNTHETIC_DEMO,SYNTHETIC
Madhya Pradesh,Indore,Workplace Safety,93,14,85.0,Very High,SYNTHETIC_DEMO,SYNTHETIC
Maharashtra,Aurangabad,AWS,5,5,15.2,Low,SYNTHETIC_DEMO,SYNTHETIC
Maharashtra,Aurangabad,Accounting,7,5,16.3,Low,SYNTHETIC_DEMO,SYNTHETIC
Maharashtra,Aurangabad,Agri Input Management,2,2,6.1,Low,SYNTHETIC_DEMO,SYNTHETIC
Maharashtra,Aurangabad,Auto Electrical,4,3,9.6,Low,SYNTHETIC_DEMO,SYNTHETIC
Maharashtra,Aurangabad,AutoCAD,35,12,48.8,Moderate,SYNTHETIC_DEMO,SYNTHETIC
Maharashtra,Aurangabad,AutoCAD Electrical,4,3,9.6,Low,SYNTHETIC_DEMO,SYNTHETIC
Maharashtra,Aurangabad,Automotive CAD,21,12,41.3,Moderate,SYNTHETIC_DEMO,SYNTHETIC
Maharashtra,Aurangabad,Automotive Diagnostics,11,7,23.4,Low,SYNTHETIC_DEMO,SYNTHETIC
Maharashtra,Aurangabad,Azure,3,3,9.1,Low,SYNTHETIC_DEMO,SYNTHETIC
Maharashtra,Aurangabad,Battery Management Systems,13,10,32.0,Moderate,SYNTHETIC_DEMO,SYNTHETIC
Maharashtra,Aurangabad,Business Analysis,10,6,20.4,Low,SYNTHETIC_DEMO,SYNTHETIC
Maharashtra,Aurangabad,CNC Milling,19,10,35.2,Moderate,SYNTHETIC_DEMO,SYNTHETIC
Maharashtra,Aurangabad,CNC Operation,34,14,53.3,High,SYNTHETIC_DEMO,SYNTHETIC
Maharashtra,Aurangabad,CNC Programming,35,12,48.8,Moderate,SYNTHETIC_DEMO,SYNTHETIC
Maharashtra,Aurangabad,CNC Turning,25,11,40.9,Moderate,SYNTHETIC_DEMO,SYNTHETIC
Maharashtra,Aurangabad,Civil Drafting,1,1,3.0,Low,SYNTHETIC_DEMO,SYNTHETIC
Maharashtra,Aurangabad,Clinical Documentation,3,3,9.1,Low,SYNTHETIC_DEMO,SYNTHETIC
Maharashtra,Aurangabad,Cold Chain,1,1,3.0,Low,SYNTHETIC_DEMO,SYNTHETIC
Maharashtra,Aurangabad,Communication,94,14,85.5,Very High,SYNTHETIC_DEMO,SYNTHETIC
Maharashtra,Aurangabad,Construction Safety,3,3,9.1,Low,SYNTHETIC_DEMO,SYNTHETIC
Maharashtra,Aurangabad,Control Systems,4,4,12.1,Low,SYNTHETIC_DEMO,SYNTHETIC
Maharashtra,Aurangabad,Customer Service,4,4,12.1,Low,SYNTHETIC_DEMO,SYNTHETIC
Maharashtra,Aurangabad,Cybersecurity,2,2,6.1,Low,SYNTHETIC_DEMO,SYNTHETIC
Maharashtra,Aurangabad,Data Analysis,3,2,6.6,Low,SYNTHETIC_DEMO,SYNTHETIC
Maharashtra,Aurangabad,Digital Literacy,82,14,79.0,Very High,SYNTHETIC_DEMO,SYNTHETIC
Maharashtra,Aurangabad,Digital Marketing,6,6,18.2,Low,SYNTHETIC_DEMO,SYNTHETIC
Maharashtra,Aurangabad,Docker,4,3,9.6,Low,SYNTHETIC_DEMO,SYNTHETIC
Maharashtra,Aurangabad,EV Battery Maintenance,29,13,48.1,Moderate,SYNTHETIC_DEMO,SYNTHETIC
Maharashtra,Aurangabad,EV Systems,11,6,20.9,Low,SYNTHETIC_DEMO,SYNTHETIC
Maharashtra,Aurangabad,Electric Motor Systems,21,11,38.8,Moderate,SYNTHETIC_DEMO,SYNTHETIC
Maharashtra,Aurangabad,Electrical Testing,5,4,12.7,Low,SYNTHETIC_DEMO,SYNTHETIC
Maharashtra,Aurangabad,Embedded Systems,4,4,12.1,Low,SYNTHETIC_DEMO,SYNTHETIC
Maharashtra,Aurangabad,English Communication,101,14,89.3,Very High,SYNTHETIC_DEMO,SYNTHETIC
Maharashtra,Aurangabad,Excel,8,7,21.8,Low,SYNTHETIC_DEMO,SYNTHETIC
Maharashtra,Aurangabad,Farm Machinery,2,2,6.1,Low,SYNTHETIC_DEMO,SYNTHETIC
Maharashtra,Aurangabad,Financial Analysis,10,8,25.4,Moderate,SYNTHETIC_DEMO,SYNTHETIC
Maharashtra,Aurangabad,Fleet Management,8,7,21.8,Low,SYNTHETIC_DEMO,SYNTHETIC
Maharashtra,Aurangabad,Food Processing,1,1,3.0,Low,SYNTHETIC_DEMO,SYNTHETIC
Maharashtra,Aurangabad,Forklift Operation,3,2,6.6,Low,SYNTHETIC_DEMO,SYNTHETIC
Maharashtra,Aurangabad,GST,1,1,3.0,Low,SYNTHETIC_DEMO,SYNTHETIC
Maharashtra,Aurangabad,Git,4,4,12.1,Low,SYNTHETIC_DEMO,SYNTHETIC
Maharashtra,Aurangabad,Healthcare Administration,2,2,6.1,Low,SYNTHETIC_DEMO,SYNTHETIC
Maharashtra,Aurangabad,Industrial Automation,7,6,18.8,Low,SYNTHETIC_DEMO,SYNTHETIC
Maharashtra,Aurangabad,Inventory Management,6,6,18.2,Low,SYNTHETIC_DEMO,SYNTHETIC
Maharashtra,Aurangabad,IoT,10,5,17.9,Low,SYNTHETIC_DEMO,SYNTHETIC
Maharashtra,Aurangabad,Irrigation Management,2,2,6.1,Low,SYNTHETIC_DEMO,SYNTHETIC
Maharashtra,Aurangabad,Java,4,4,12.1,Low,SYNTHETIC_DEMO,SYNTHETIC
Maharashtra,Aurangabad,JavaScript,6,6,18.2,Low,SYNTHETIC_DEMO,SYNTHETIC
Maharashtra,Aurangabad,Laboratory Techniques,7,6,18.8,Low,SYNTHETIC_DEMO,SYNTHETIC
Maharashtra,Aurangabad,Lean Manufacturing,27,14,49.5,Moderate,SYNTHETIC_DEMO,SYNTHETIC
Maharashtra,Aurangabad,Logistics Planning,4,3,9.6,Low,SYNTHETIC_DEMO,SYNTHETIC
Maharashtra,Aurangabad,Machine Learning,1,1,3.0,Low,SYNTHETIC_DEMO,SYNTHETIC
Maharashtra,Aurangabad,Machine Maintenance,20,12,40.7,Moderate,SYNTHETIC_DEMO,SYNTHETIC
Maharashtra,Aurangabad,Mechanical Assembly,26,12,44.0,Moderate,SYNTHETIC_DEMO,SYNTHETIC
Maharashtra,Aurangabad,Medical Coding,1,1,3.0,Low,SYNTHETIC_DEMO,SYNTHETIC
Maharashtra,Aurangabad,Medical Equipment Maintenance,1,1,3.0,Low,SYNTHETIC_DEMO,SYNTHETIC
Maharashtra,Aurangabad,Microsoft Excel,87,14,81.7,Very High,SYNTHETIC_DEMO,SYNTHETIC
Maharashtra,Aurangabad,Node.js,8,7,21.8,Low,SYNTHETIC_DEMO,SYNTHETIC
Maharashtra,Aurangabad,PCB Design,5,5,15.2,Low,SYNTHETIC_DEMO,SYNTHETIC
Maharashtra,Aurangabad,PLC,4,4,12.1,Low,SYNTHETIC_DEMO,SYNTHETIC
Maharashtra,Aurangabad,Patient Care,2,2,6.1,Low,SYNTHETIC_DEMO,SYNTHETIC
Maharashtra,Aurangabad,Pharmacy Operations,2,2,6.1,Low,SYNTHETIC_DEMO,SYNTHETIC
Maharashtra,Aurangabad,Post-Harvest Management,2,2,6.1,Low,SYNTHETIC_DEMO,SYNTHETIC
Maharashtra,Aurangabad,PostgreSQL,6,6,18.2,Low,SYNTHETIC_DEMO,SYNTHETIC
Maharashtra,Aurangabad,Power BI,3,3,9.1,Low,SYNTHETIC_DEMO,SYNTHETIC
Maharashtra,Aurangabad,Precision Agriculture,1,1,3.0,Low,SYNTHETIC_DEMO,SYNTHETIC
Maharashtra,Aurangabad,Problem Solving,71,14,73.1,High,SYNTHETIC_DEMO,SYNTHETIC
Maharashtra,Aurangabad,Production Planning,33,12,47.7,Moderate,SYNTHETIC_DEMO,SYNTHETIC
Maharashtra,Aurangabad,Project Planning,3,3,9.1,Low,SYNTHETIC_DEMO,SYNTHETIC
Maharashtra,Aurangabad,Python,1,1,3.0,Low,SYNTHETIC_DEMO,SYNTHETIC
Maharashtra,Aurangabad,Quality Control,33,13,50.2,High,SYNTHETIC_DEMO,SYNTHETIC
Maharashtra,Aurangabad,Quantity Surveying,5,4,12.7,Low,SYNTHETIC_DEMO,SYNTHETIC
Maharashtra,Aurangabad,REST APIs,2,2,6.1,Low,SYNTHETIC_DEMO,SYNTHETIC
Maharashtra,Aurangabad,React,4,3,9.6,Low,SYNTHETIC_DEMO,SYNTHETIC
Maharashtra,Aurangabad,Route Planning,3,3,9.1,Low,SYNTHETIC_DEMO,SYNTHETIC
Maharashtra,Aurangabad,SCADA,12,8,26.4,Moderate,SYNTHETIC_DEMO,SYNTHETIC
Maharashtra,Aurangabad,SQL,2,2,6.1,Low,SYNTHETIC_DEMO,SYNTHETIC
Maharashtra,Aurangabad,Sales,4,4,12.1,Low,SYNTHETIC_DEMO,SYNTHETIC
Maharashtra,Aurangabad,Sensors,8,6,19.3,Low,SYNTHETIC_DEMO,SYNTHETIC
Maharashtra,Aurangabad,Service Operations,9,8,24.8,Low,SYNTHETIC_DEMO,SYNTHETIC
Maharashtra,Aurangabad,Site Supervision,5,3,10.2,Low,SYNTHETIC_DEMO,SYNTHETIC
Maharashtra,Aurangabad,SolidWorks,18,9,32.2,Moderate,SYNTHETIC_DEMO,SYNTHETIC
Maharashtra,Aurangabad,Structural Analysis,2,2,6.1,Low,SYNTHETIC_DEMO,SYNTHETIC
Maharashtra,Aurangabad,Supply Chain,2,2,6.1,Low,SYNTHETIC_DEMO,SYNTHETIC
Maharashtra,Aurangabad,Supply Chain Management,6,3,10.7,Low,SYNTHETIC_DEMO,SYNTHETIC
Maharashtra,Aurangabad,Surveying,3,3,9.1,Low,SYNTHETIC_DEMO,SYNTHETIC
Maharashtra,Aurangabad,Tally,13,10,32.0,Moderate,SYNTHETIC_DEMO,SYNTHETIC
Maharashtra,Aurangabad,Team Management,92,14,84.4,Very High,SYNTHETIC_DEMO,SYNTHETIC
Maharashtra,Aurangabad,Two-Wheeler Service,12,7,23.9,Low,SYNTHETIC_DEMO,SYNTHETIC
Maharashtra,Aurangabad,TypeScript,2,2,6.1,Low,SYNTHETIC_DEMO,SYNTHETIC
Maharashtra,Aurangabad,UI/UX Design,1,1,3.0,Low,SYNTHETIC_DEMO,SYNTHETIC
Maharashtra,Aurangabad,Vehicle Diagnostics,23,9,34.9,Moderate,SYNTHETIC_DEMO,SYNTHETIC
Maharashtra,Aurangabad,Warehouse Management,5,5,15.2,Low,SYNTHETIC_DEMO,SYNTHETIC
Maharashtra,Aurangabad,Welding,30,12,46.1,Moderate,SYNTHETIC_DEMO,SYNTHETIC
Maharashtra,Aurangabad,Workplace Safety,100,14,88.7,Very High,SYNTHETIC_DEMO,SYNTHETIC
Maharashtra,Mumbai,AWS,4,3,9.6,Low,SYNTHETIC_DEMO,SYNTHETIC
Maharashtra,Mumbai,Accounting,5,4,12.7,Low,SYNTHETIC_DEMO,SYNTHETIC
Maharashtra,Mumbai,Auto Electrical,12,11,33.9,Moderate,SYNTHETIC_DEMO,SYNTHETIC
Maharashtra,Mumbai,AutoCAD,17,11,36.6,Moderate,SYNTHETIC_DEMO,SYNTHETIC
Maharashtra,Mumbai,AutoCAD Electrical,10,6,20.4,Low,SYNTHETIC_DEMO,SYNTHETIC
Maharashtra,Mumbai,Automotive CAD,17,12,39.1,Moderate,SYNTHETIC_DEMO,SYNTHETIC
Maharashtra,Mumbai,Automotive Diagnostics,11,8,25.9,Moderate,SYNTHETIC_DEMO,SYNTHETIC
Maharashtra,Mumbai,Azure,2,2,6.1,Low,SYNTHETIC_DEMO,SYNTHETIC
Maharashtra,Mumbai,Battery Management Systems,9,8,24.8,Low,SYNTHETIC_DEMO,SYNTHETIC
Maharashtra,Mumbai,Business Analysis,6,4,13.2,Low,SYNTHETIC_DEMO,SYNTHETIC
Maharashtra,Mumbai,CNC Milling,17,10,34.1,Moderate,SYNTHETIC_DEMO,SYNTHETIC
Maharashtra,Mumbai,CNC Operation,28,13,47.5,Moderate,SYNTHETIC_DEMO,SYNTHETIC
Maharashtra,Mumbai,CNC Programming,21,12,41.3,Moderate,SYNTHETIC_DEMO,SYNTHETIC
Maharashtra,Mumbai,CNC Turning,26,12,44.0,Moderate,SYNTHETIC_DEMO,SYNTHETIC
Maharashtra,Mumbai,Civil Drafting,1,1,3.0,Low,SYNTHETIC_DEMO,SYNTHETIC
Maharashtra,Mumbai,Clinical Documentation,1,1,3.0,Low,SYNTHETIC_DEMO,SYNTHETIC
Maharashtra,Mumbai,Communication,89,14,82.8,Very High,SYNTHETIC_DEMO,SYNTHETIC
Maharashtra,Mumbai,Construction Safety,1,1,3.0,Low,SYNTHETIC_DEMO,SYNTHETIC
Maharashtra,Mumbai,Control Systems,5,3,10.2,Low,SYNTHETIC_DEMO,SYNTHETIC
Maharashtra,Mumbai,Customer Service,6,5,15.7,Low,SYNTHETIC_DEMO,SYNTHETIC
Maharashtra,Mumbai,Cybersecurity,2,2,6.1,Low,SYNTHETIC_DEMO,SYNTHETIC
Maharashtra,Mumbai,Data Analysis,4,3,9.6,Low,SYNTHETIC_DEMO,SYNTHETIC
Maharashtra,Mumbai,Digital Literacy,101,14,89.3,Very High,SYNTHETIC_DEMO,SYNTHETIC
Maharashtra,Mumbai,Digital Marketing,2,2,6.1,Low,SYNTHETIC_DEMO,SYNTHETIC
Maharashtra,Mumbai,Docker,5,3,10.2,Low,SYNTHETIC_DEMO,SYNTHETIC
Maharashtra,Mumbai,EV Battery Maintenance,16,11,36.1,Moderate,SYNTHETIC_DEMO,SYNTHETIC
Maharashtra,Mumbai,EV Systems,22,12,41.8,Moderate,SYNTHETIC_DEMO,SYNTHETIC
Maharashtra,Mumbai,Electric Motor Systems,18,11,37.2,Moderate,SYNTHETIC_DEMO,SYNTHETIC
Maharashtra,Mumbai,Electrical Testing,8,6,19.3,Low,SYNTHETIC_DEMO,SYNTHETIC
Maharashtra,Mumbai,Embedded Systems,11,9,28.4,Moderate,SYNTHETIC_DEMO,SYNTHETIC
Maharashtra,Mumbai,English Communication,83,14,79.6,Very High,SYNTHETIC_DEMO,SYNTHETIC
Maharashtra,Mumbai,Excel,11,8,25.9,Moderate,SYNTHETIC_DEMO,SYNTHETIC
Maharashtra,Mumbai,Figma,1,1,3.0,Low,SYNTHETIC_DEMO,SYNTHETIC
Maharashtra,Mumbai,Financial Analysis,6,6,18.2,Low,SYNTHETIC_DEMO,SYNTHETIC
Maharashtra,Mumbai,Fleet Management,5,4,12.7,Low,SYNTHETIC_DEMO,SYNTHETIC
Maharashtra,Mumbai,Food Processing,3,3,9.1,Low,SYNTHETIC_DEMO,SYNTHETIC
Maharashtra,Mumbai,Forklift Operation,4,4,12.1,Low,SYNTHETIC_DEMO,SYNTHETIC
Maharashtra,Mumbai,GST,11,8,25.9,Moderate,SYNTHETIC_DEMO,SYNTHETIC
Maharashtra,Mumbai,Git,1,1,3.0,Low,SYNTHETIC_DEMO,SYNTHETIC
Maharashtra,Mumbai,Healthcare Administration,3,2,6.6,Low,SYNTHETIC_DEMO,SYNTHETIC
Maharashtra,Mumbai,Industrial Automation,8,5,16.8,Low,SYNTHETIC_DEMO,SYNTHETIC
Maharashtra,Mumbai,Inventory Management,1,1,3.0,Low,SYNTHETIC_DEMO,SYNTHETIC
Maharashtra,Mumbai,IoT,7,5,16.3,Low,SYNTHETIC_DEMO,SYNTHETIC
Maharashtra,Mumbai,Irrigation Management,3,3,9.1,Low,SYNTHETIC_DEMO,SYNTHETIC
Maharashtra,Mumbai,JavaScript,3,3,9.1,Low,SYNTHETIC_DEMO,SYNTHETIC
Maharashtra,Mumbai,Laboratory Techniques,5,5,15.2,Low,SYNTHETIC_DEMO,SYNTHETIC
Maharashtra,Mumbai,Lean Manufacturing,30,13,48.6,Moderate,SYNTHETIC_DEMO,SYNTHETIC
Maharashtra,Mumbai,Logistics Planning,7,7,21.3,Low,SYNTHETIC_DEMO,SYNTHETIC
Maharashtra,Mumbai,Machine Learning,4,4,12.1,Low,SYNTHETIC_DEMO,SYNTHETIC
Maharashtra,Mumbai,Machine Maintenance,15,10,33.1,Moderate,SYNTHETIC_DEMO,SYNTHETIC
Maharashtra,Mumbai,Mechanical Assembly,18,9,32.2,Moderate,SYNTHETIC_DEMO,SYNTHETIC
Maharashtra,Mumbai,Medical Coding,6,4,13.2,Low,SYNTHETIC_DEMO,SYNTHETIC
Maharashtra,Mumbai,Medical Equipment Maintenance,4,3,9.6,Low,SYNTHETIC_DEMO,SYNTHETIC
Maharashtra,Mumbai,Microsoft Excel,98,14,87.6,Very High,SYNTHETIC_DEMO,SYNTHETIC
Maharashtra,Mumbai,Next.js,3,3,9.1,Low,SYNTHETIC_DEMO,SYNTHETIC
Maharashtra,Mumbai,Node.js,4,4,12.1,Low,SYNTHETIC_DEMO,SYNTHETIC
Maharashtra,Mumbai,PCB Design,4,2,7.1,Low,SYNTHETIC_DEMO,SYNTHETIC
Maharashtra,Mumbai,PLC,10,7,22.9,Low,SYNTHETIC_DEMO,SYNTHETIC
Maharashtra,Mumbai,Patient Care,4,3,9.6,Low,SYNTHETIC_DEMO,SYNTHETIC
Maharashtra,Mumbai,Pharmacy Operations,9,7,22.3,Low,SYNTHETIC_DEMO,SYNTHETIC
Maharashtra,Mumbai,Post-Harvest Management,2,2,6.1,Low,SYNTHETIC_DEMO,SYNTHETIC
Maharashtra,Mumbai,PostgreSQL,4,4,12.1,Low,SYNTHETIC_DEMO,SYNTHETIC
Maharashtra,Mumbai,Power BI,4,4,12.1,Low,SYNTHETIC_DEMO,SYNTHETIC
Maharashtra,Mumbai,Precision Agriculture,4,4,12.1,Low,SYNTHETIC_DEMO,SYNTHETIC
Maharashtra,Mumbai,Problem Solving,70,14,72.6,High,SYNTHETIC_DEMO,SYNTHETIC
Maharashtra,Mumbai,Production Planning,26,13,46.5,Moderate,SYNTHETIC_DEMO,SYNTHETIC
Maharashtra,Mumbai,Python,3,3,9.1,Low,SYNTHETIC_DEMO,SYNTHETIC
Maharashtra,Mumbai,Quality Control,26,12,44.0,Moderate,SYNTHETIC_DEMO,SYNTHETIC
Maharashtra,Mumbai,Quantity Surveying,2,2,6.1,Low,SYNTHETIC_DEMO,SYNTHETIC
Maharashtra,Mumbai,REST APIs,2,2,6.1,Low,SYNTHETIC_DEMO,SYNTHETIC
Maharashtra,Mumbai,React,2,2,6.1,Low,SYNTHETIC_DEMO,SYNTHETIC
Maharashtra,Mumbai,Route Planning,1,1,3.0,Low,SYNTHETIC_DEMO,SYNTHETIC
Maharashtra,Mumbai,SCADA,14,8,27.5,Moderate,SYNTHETIC_DEMO,SYNTHETIC
Maharashtra,Mumbai,SQL,4,3,9.6,Low,SYNTHETIC_DEMO,SYNTHETIC
Maharashtra,Mumbai,Sales,2,2,6.1,Low,SYNTHETIC_DEMO,SYNTHETIC
Maharashtra,Mumbai,Sensors,8,4,14.3,Low,SYNTHETIC_DEMO,SYNTHETIC
Maharashtra,Mumbai,Service Operations,17,8,29.1,Moderate,SYNTHETIC_DEMO,SYNTHETIC
Maharashtra,Mumbai,Site Supervision,2,2,6.1,Low,SYNTHETIC_DEMO,SYNTHETIC
Maharashtra,Mumbai,SolidWorks,19,12,40.2,Moderate,SYNTHETIC_DEMO,SYNTHETIC
Maharashtra,Mumbai,Structural Analysis,3,3,9.1,Low,SYNTHETIC_DEMO,SYNTHETIC
Maharashtra,Mumbai,Supply Chain,7,4,13.8,Low,SYNTHETIC_DEMO,SYNTHETIC
Maharashtra,Mumbai,Supply Chain Management,9,8,24.8,Low,SYNTHETIC_DEMO,SYNTHETIC
Maharashtra,Mumbai,Surveying,5,5,15.2,Low,SYNTHETIC_DEMO,SYNTHETIC
Maharashtra,Mumbai,Tally,8,7,21.8,Low,SYNTHETIC_DEMO,SYNTHETIC
Maharashtra,Mumbai,Team Management,89,14,82.8,Very High,SYNTHETIC_DEMO,SYNTHETIC
Maharashtra,Mumbai,Two-Wheeler Service,16,9,31.1,Moderate,SYNTHETIC_DEMO,SYNTHETIC
Maharashtra,Mumbai,TypeScript,4,3,9.6,Low,SYNTHETIC_DEMO,SYNTHETIC
Maharashtra,Mumbai,UI/UX Design,3,3,9.1,Low,SYNTHETIC_DEMO,SYNTHETIC
Maharashtra,Mumbai,Vehicle Diagnostics,18,10,34.7,Moderate,SYNTHETIC_DEMO,SYNTHETIC
Maharashtra,Mumbai,Warehouse Management,5,4,12.7,Low,SYNTHETIC_DEMO,SYNTHETIC
Maharashtra,Mumbai,Welding,22,12,41.8,Moderate,SYNTHETIC_DEMO,SYNTHETIC
Maharashtra,Mumbai,Workplace Safety,92,14,84.4,Very High,SYNTHETIC_DEMO,SYNTHETIC
Maharashtra,Nagpur,AWS,4,3,9.6,Low,SYNTHETIC_DEMO,SYNTHETIC
Maharashtra,Nagpur,Accounting,7,7,21.3,Low,SYNTHETIC_DEMO,SYNTHETIC
Maharashtra,Nagpur,Agri Input Management,2,2,6.1,Low,SYNTHETIC_DEMO,SYNTHETIC
Maharashtra,Nagpur,Auto Electrical,10,7,22.9,Low,SYNTHETIC_DEMO,SYNTHETIC
Maharashtra,Nagpur,AutoCAD,23,10,37.4,Moderate,SYNTHETIC_DEMO,SYNTHETIC
Maharashtra,Nagpur,AutoCAD Electrical,5,3,10.2,Low,SYNTHETIC_DEMO,SYNTHETIC
Maharashtra,Nagpur,Automotive CAD,13,9,29.5,Moderate,SYNTHETIC_DEMO,SYNTHETIC
Maharashtra,Nagpur,Automotive Diagnostics,15,8,28.1,Moderate,SYNTHETIC_DEMO,SYNTHETIC
Maharashtra,Nagpur,Azure,1,1,3.0,Low,SYNTHETIC_DEMO,SYNTHETIC
Maharashtra,Nagpur,Battery Management Systems,10,7,22.9,Low,SYNTHETIC_DEMO,SYNTHETIC
Maharashtra,Nagpur,Business Analysis,7,6,18.8,Low,SYNTHETIC_DEMO,SYNTHETIC
Maharashtra,Nagpur,CNC Milling,24,11,40.4,Moderate,SYNTHETIC_DEMO,SYNTHETIC
Maharashtra,Nagpur,CNC Operation,34,13,50.8,High,SYNTHETIC_DEMO,SYNTHETIC
Maharashtra,Nagpur,CNC Programming,26,14,49.0,Moderate,SYNTHETIC_DEMO,SYNTHETIC
Maharashtra,Nagpur,CNC Turning,25,11,40.9,Moderate,SYNTHETIC_DEMO,SYNTHETIC
Maharashtra,Nagpur,Civil Drafting,2,2,6.1,Low,SYNTHETIC_DEMO,SYNTHETIC
Maharashtra,Nagpur,Clinical Documentation,1,1,3.0,Low,SYNTHETIC_DEMO,SYNTHETIC
Maharashtra,Nagpur,Cold Chain,1,1,3.0,Low,SYNTHETIC_DEMO,SYNTHETIC
Maharashtra,Nagpur,Communication,88,14,82.3,Very High,SYNTHETIC_DEMO,SYNTHETIC
Maharashtra,Nagpur,Construction Safety,1,1,3.0,Low,SYNTHETIC_DEMO,SYNTHETIC
Maharashtra,Nagpur,Control Systems,4,3,9.6,Low,SYNTHETIC_DEMO,SYNTHETIC
Maharashtra,Nagpur,Customer Service,5,5,15.2,Low,SYNTHETIC_DEMO,SYNTHETIC
Maharashtra,Nagpur,Cybersecurity,1,1,3.0,Low,SYNTHETIC_DEMO,SYNTHETIC
Maharashtra,Nagpur,Data Analysis,5,4,12.7,Low,SYNTHETIC_DEMO,SYNTHETIC
Maharashtra,Nagpur,Digital Literacy,92,14,84.4,Very High,SYNTHETIC_DEMO,SYNTHETIC
Maharashtra,Nagpur,Digital Marketing,2,1,3.6,Low,SYNTHETIC_DEMO,SYNTHETIC
Maharashtra,Nagpur,Docker,3,2,6.6,Low,SYNTHETIC_DEMO,SYNTHETIC
Maharashtra,Nagpur,EV Battery Maintenance,13,12,37.0,Moderate,SYNTHETIC_DEMO,SYNTHETIC
Maharashtra,Nagpur,EV Systems,9,6,19.8,Low,SYNTHETIC_DEMO,SYNTHETIC
Maharashtra,Nagpur,Electric Motor Systems,16,9,31.1,Moderate,SYNTHETIC_DEMO,SYNTHETIC
Maharashtra,Nagpur,Electrical Testing,7,5,16.3,Low,SYNTHETIC_DEMO,SYNTHETIC
Maharashtra,Nagpur,Embedded Systems,5,3,10.2,Low,SYNTHETIC_DEMO,SYNTHETIC
Maharashtra,Nagpur,English Communication,85,14,80.7,Very High,SYNTHETIC_DEMO,SYNTHETIC
Maharashtra,Nagpur,Excel,6,5,15.7,Low,SYNTHETIC_DEMO,SYNTHETIC
Maharashtra,Nagpur,Farm Machinery,2,2,6.1,Low,SYNTHETIC_DEMO,SYNTHETIC
Maharashtra,Nagpur,Figma,5,3,10.2,Low,SYNTHETIC_DEMO,SYNTHETIC
Maharashtra,Nagpur,Financial Analysis,7,6,18.8,Low,SYNTHETIC_DEMO,SYNTHETIC
Maharashtra,Nagpur,Fleet Management,9,6,19.8,Low,SYNTHETIC_DEMO,SYNTHETIC
Maharashtra,Nagpur,Food Processing,1,1,3.0,Low,SYNTHETIC_DEMO,SYNTHETIC
Maharashtra,Nagpur,Forklift Operation,1,1,3.0,Low,SYNTHETIC_DEMO,SYNTHETIC
Maharashtra,Nagpur,GST,6,6,18.2,Low,SYNTHETIC_DEMO,SYNTHETIC
Maharashtra,Nagpur,Git,2,2,6.1,Low,SYNTHETIC_DEMO,SYNTHETIC
Maharashtra,Nagpur,Healthcare Administration,2,2,6.1,Low,SYNTHETIC_DEMO,SYNTHETIC
Maharashtra,Nagpur,Industrial Automation,4,4,12.1,Low,SYNTHETIC_DEMO,SYNTHETIC
Maharashtra,Nagpur,Inventory Management,2,2,6.1,Low,SYNTHETIC_DEMO,SYNTHETIC
Maharashtra,Nagpur,IoT,4,4,12.1,Low,SYNTHETIC_DEMO,SYNTHETIC
Maharashtra,Nagpur,JavaScript,3,3,9.1,Low,SYNTHETIC_DEMO,SYNTHETIC
Maharashtra,Nagpur,Laboratory Techniques,1,1,3.0,Low,SYNTHETIC_DEMO,SYNTHETIC
Maharashtra,Nagpur,Lean Manufacturing,24,13,45.4,Moderate,SYNTHETIC_DEMO,SYNTHETIC
Maharashtra,Nagpur,Logistics Planning,8,7,21.8,Low,SYNTHETIC_DEMO,SYNTHETIC
Maharashtra,Nagpur,Machine Learning,1,1,3.0,Low,SYNTHETIC_DEMO,SYNTHETIC
Maharashtra,Nagpur,Machine Maintenance,15,7,25.6,Moderate,SYNTHETIC_DEMO,SYNTHETIC
Maharashtra,Nagpur,Mechanical Assembly,18,12,39.7,Moderate,SYNTHETIC_DEMO,SYNTHETIC
Maharashtra,Nagpur,Medical Coding,4,4,12.1,Low,SYNTHETIC_DEMO,SYNTHETIC
Maharashtra,Nagpur,Medical Equipment Maintenance,3,3,9.1,Low,SYNTHETIC_DEMO,SYNTHETIC
Maharashtra,Nagpur,Microsoft Excel,110,14,94.1,Very High,SYNTHETIC_DEMO,SYNTHETIC
Maharashtra,Nagpur,Node.js,3,3,9.1,Low,SYNTHETIC_DEMO,SYNTHETIC
Maharashtra,Nagpur,PCB Design,7,5,16.3,Low,SYNTHETIC_DEMO,SYNTHETIC
Maharashtra,Nagpur,PLC,4,4,12.1,Low,SYNTHETIC_DEMO,SYNTHETIC
Maharashtra,Nagpur,Patient Care,5,3,10.2,Low,SYNTHETIC_DEMO,SYNTHETIC
Maharashtra,Nagpur,Pharmacy Operations,2,2,6.1,Low,SYNTHETIC_DEMO,SYNTHETIC
Maharashtra,Nagpur,Post-Harvest Management,1,1,3.0,Low,SYNTHETIC_DEMO,SYNTHETIC
Maharashtra,Nagpur,PostgreSQL,3,3,9.1,Low,SYNTHETIC_DEMO,SYNTHETIC
Maharashtra,Nagpur,Power BI,5,4,12.7,Low,SYNTHETIC_DEMO,SYNTHETIC
Maharashtra,Nagpur,Problem Solving,89,14,82.8,Very High,SYNTHETIC_DEMO,SYNTHETIC
Maharashtra,Nagpur,Production Planning,29,13,48.1,Moderate,SYNTHETIC_DEMO,SYNTHETIC
Maharashtra,Nagpur,Project Planning,3,3,9.1,Low,SYNTHETIC_DEMO,SYNTHETIC
Maharashtra,Nagpur,Python,2,2,6.1,Low,SYNTHETIC_DEMO,SYNTHETIC
Maharashtra,Nagpur,Quality Control,25,12,43.4,Moderate,SYNTHETIC_DEMO,SYNTHETIC
Maharashtra,Nagpur,Quantity Surveying,1,1,3.0,Low,SYNTHETIC_DEMO,SYNTHETIC
Maharashtra,Nagpur,REST APIs,1,1,3.0,Low,SYNTHETIC_DEMO,SYNTHETIC
Maharashtra,Nagpur,React,5,4,12.7,Low,SYNTHETIC_DEMO,SYNTHETIC
Maharashtra,Nagpur,Route Planning,4,4,12.1,Low,SYNTHETIC_DEMO,SYNTHETIC
Maharashtra,Nagpur,SCADA,7,6,18.8,Low,SYNTHETIC_DEMO,SYNTHETIC
Maharashtra,Nagpur,SQL,4,3,9.6,Low,SYNTHETIC_DEMO,SYNTHETIC
Maharashtra,Nagpur,Sales,2,2,6.1,Low,SYNTHETIC_DEMO,SYNTHETIC
Maharashtra,Nagpur,Sensors,9,5,17.3,Low,SYNTHETIC_DEMO,SYNTHETIC
Maharashtra,Nagpur,Service Operations,15,9,30.6,Moderate,SYNTHETIC_DEMO,SYNTHETIC
Maharashtra,Nagpur,SolidWorks,24,13,45.4,Moderate,SYNTHETIC_DEMO,SYNTHETIC
Maharashtra,Nagpur,Structural Analysis,2,2,6.1,Low,SYNTHETIC_DEMO,SYNTHETIC
Maharashtra,Nagpur,Supply Chain,2,2,6.1,Low,SYNTHETIC_DEMO,SYNTHETIC
Maharashtra,Nagpur,Supply Chain Management,7,5,16.3,Low,SYNTHETIC_DEMO,SYNTHETIC
Maharashtra,Nagpur,Surveying,1,1,3.0,Low,SYNTHETIC_DEMO,SYNTHETIC
Maharashtra,Nagpur,Tally,9,6,19.8,Low,SYNTHETIC_DEMO,SYNTHETIC
Maharashtra,Nagpur,Team Management,82,14,79.0,Very High,SYNTHETIC_DEMO,SYNTHETIC
Maharashtra,Nagpur,Two-Wheeler Service,10,9,27.9,Moderate,SYNTHETIC_DEMO,SYNTHETIC
Maharashtra,Nagpur,TypeScript,4,4,12.1,Low,SYNTHETIC_DEMO,SYNTHETIC
Maharashtra,Nagpur,UI/UX Design,2,2,6.1,Low,SYNTHETIC_DEMO,SYNTHETIC
Maharashtra,Nagpur,Vehicle Diagnostics,20,12,40.7,Moderate,SYNTHETIC_DEMO,SYNTHETIC
Maharashtra,Nagpur,Warehouse Management,6,5,15.7,Low,SYNTHETIC_DEMO,SYNTHETIC
Maharashtra,Nagpur,Welding,21,12,41.3,Moderate,SYNTHETIC_DEMO,SYNTHETIC
Maharashtra,Nagpur,Workplace Safety,91,14,83.9,Very High,SYNTHETIC_DEMO,SYNTHETIC
Maharashtra,Nashik,AWS,3,3,9.1,Low,SYNTHETIC_DEMO,SYNTHETIC
Maharashtra,Nashik,Accounting,6,6,18.2,Low,SYNTHETIC_DEMO,SYNTHETIC
Maharashtra,Nashik,Agri Input Management,2,2,6.1,Low,SYNTHETIC_DEMO,SYNTHETIC
Maharashtra,Nashik,Auto Electrical,12,8,26.4,Moderate,SYNTHETIC_DEMO,SYNTHETIC
Maharashtra,Nashik,AutoCAD,27,12,44.5,Moderate,SYNTHETIC_DEMO,SYNTHETIC
Maharashtra,Nashik,AutoCAD Electrical,7,6,18.8,Low,SYNTHETIC_DEMO,SYNTHETIC
Maharashtra,Nashik,Automotive CAD,21,13,43.8,Moderate,SYNTHETIC_DEMO,SYNTHETIC
Maharashtra,Nashik,Automotive Diagnostics,14,8,27.5,Moderate,SYNTHETIC_DEMO,SYNTHETIC
Maharashtra,Nashik,Azure,3,3,9.1,Low,SYNTHETIC_DEMO,SYNTHETIC
Maharashtra,Nashik,Battery Management Systems,16,10,33.6,Moderate,SYNTHETIC_DEMO,SYNTHETIC
Maharashtra,Nashik,Business Analysis,8,4,14.3,Low,SYNTHETIC_DEMO,SYNTHETIC
Maharashtra,Nashik,CNC Milling,20,12,40.7,Moderate,SYNTHETIC_DEMO,SYNTHETIC
Maharashtra,Nashik,CNC Operation,46,13,57.2,High,SYNTHETIC_DEMO,SYNTHETIC
Maharashtra,Nashik,CNC Programming,30,13,48.6,Moderate,SYNTHETIC_DEMO,SYNTHETIC
Maharashtra,Nashik,CNC Turning,22,10,36.8,Moderate,SYNTHETIC_DEMO,SYNTHETIC
Maharashtra,Nashik,Civil Drafting,1,1,3.0,Low,SYNTHETIC_DEMO,SYNTHETIC
Maharashtra,Nashik,Clinical Documentation,5,4,12.7,Low,SYNTHETIC_DEMO,SYNTHETIC
Maharashtra,Nashik,Communication,105,14,91.4,Very High,SYNTHETIC_DEMO,SYNTHETIC
Maharashtra,Nashik,Construction Safety,1,1,3.0,Low,SYNTHETIC_DEMO,SYNTHETIC
Maharashtra,Nashik,Control Systems,9,5,17.3,Low,SYNTHETIC_DEMO,SYNTHETIC
Maharashtra,Nashik,Customer Service,7,6,18.8,Low,SYNTHETIC_DEMO,SYNTHETIC
Maharashtra,Nashik,Cybersecurity,5,5,15.2,Low,SYNTHETIC_DEMO,SYNTHETIC
Maharashtra,Nashik,Data Analysis,4,4,12.1,Low,SYNTHETIC_DEMO,SYNTHETIC
Maharashtra,Nashik,Digital Literacy,105,14,91.4,Very High,SYNTHETIC_DEMO,SYNTHETIC
Maharashtra,Nashik,Digital Marketing,6,5,15.7,Low,SYNTHETIC_DEMO,SYNTHETIC
Maharashtra,Nashik,Docker,1,1,3.0,Low,SYNTHETIC_DEMO,SYNTHETIC
Maharashtra,Nashik,EV Battery Maintenance,20,12,40.7,Moderate,SYNTHETIC_DEMO,SYNTHETIC
Maharashtra,Nashik,EV Systems,10,6,20.4,Low,SYNTHETIC_DEMO,SYNTHETIC
Maharashtra,Nashik,Electric Motor Systems,11,8,25.9,Moderate,SYNTHETIC_DEMO,SYNTHETIC
Maharashtra,Nashik,Electrical Testing,7,6,18.8,Low,SYNTHETIC_DEMO,SYNTHETIC
Maharashtra,Nashik,Embedded Systems,6,5,15.7,Low,SYNTHETIC_DEMO,SYNTHETIC
Maharashtra,Nashik,English Communication,90,14,83.3,Very High,SYNTHETIC_DEMO,SYNTHETIC
Maharashtra,Nashik,Excel,5,4,12.7,Low,SYNTHETIC_DEMO,SYNTHETIC
Maharashtra,Nashik,Farm Machinery,1,1,3.0,Low,SYNTHETIC_DEMO,SYNTHETIC
Maharashtra,Nashik,Figma,6,5,15.7,Low,SYNTHETIC_DEMO,SYNTHETIC
Maharashtra,Nashik,Financial Analysis,1,1,3.0,Low,SYNTHETIC_DEMO,SYNTHETIC
Maharashtra,Nashik,Fleet Management,4,4,12.1,Low,SYNTHETIC_DEMO,SYNTHETIC
Maharashtra,Nashik,Food Processing,1,1,3.0,Low,SYNTHETIC_DEMO,SYNTHETIC
Maharashtra,Nashik,Forklift Operation,3,3,9.1,Low,SYNTHETIC_DEMO,SYNTHETIC
Maharashtra,Nashik,GST,5,4,12.7,Low,SYNTHETIC_DEMO,SYNTHETIC
Maharashtra,Nashik,Git,5,5,15.2,Low,SYNTHETIC_DEMO,SYNTHETIC
Maharashtra,Nashik,Healthcare Administration,4,4,12.1,Low,SYNTHETIC_DEMO,SYNTHETIC
Maharashtra,Nashik,Industrial Automation,6,5,15.7,Low,SYNTHETIC_DEMO,SYNTHETIC
Maharashtra,Nashik,Inventory Management,5,4,12.7,Low,SYNTHETIC_DEMO,SYNTHETIC
Maharashtra,Nashik,IoT,10,8,25.4,Moderate,SYNTHETIC_DEMO,SYNTHETIC
Maharashtra,Nashik,Irrigation Management,2,2,6.1,Low,SYNTHETIC_DEMO,SYNTHETIC
Maharashtra,Nashik,Java,2,2,6.1,Low,SYNTHETIC_DEMO,SYNTHETIC
Maharashtra,Nashik,JavaScript,4,3,9.6,Low,SYNTHETIC_DEMO,SYNTHETIC
Maharashtra,Nashik,Laboratory Techniques,3,3,9.1,Low,SYNTHETIC_DEMO,SYNTHETIC
Maharashtra,Nashik,Lean Manufacturing,23,11,39.9,Moderate,SYNTHETIC_DEMO,SYNTHETIC
Maharashtra,Nashik,Logistics Planning,6,4,13.2,Low,SYNTHETIC_DEMO,SYNTHETIC
Maharashtra,Nashik,Machine Learning,2,2,6.1,Low,SYNTHETIC_DEMO,SYNTHETIC
Maharashtra,Nashik,Machine Maintenance,21,10,36.3,Moderate,SYNTHETIC_DEMO,SYNTHETIC
Maharashtra,Nashik,Mechanical Assembly,24,10,37.9,Moderate,SYNTHETIC_DEMO,SYNTHETIC
Maharashtra,Nashik,Medical Coding,6,6,18.2,Low,SYNTHETIC_DEMO,SYNTHETIC
Maharashtra,Nashik,Medical Equipment Maintenance,4,3,9.6,Low,SYNTHETIC_DEMO,SYNTHETIC
Maharashtra,Nashik,Microsoft Excel,113,14,95.7,Very High,SYNTHETIC_DEMO,SYNTHETIC
Maharashtra,Nashik,Node.js,4,4,12.1,Low,SYNTHETIC_DEMO,SYNTHETIC
Maharashtra,Nashik,PCB Design,9,6,19.8,Low,SYNTHETIC_DEMO,SYNTHETIC
Maharashtra,Nashik,PLC,10,8,25.4,Moderate,SYNTHETIC_DEMO,SYNTHETIC
Maharashtra,Nashik,Patient Care,1,1,3.0,Low,SYNTHETIC_DEMO,SYNTHETIC
Maharashtra,Nashik,Pharmacy Operations,4,4,12.1,Low,SYNTHETIC_DEMO,SYNTHETIC
Maharashtra,Nashik,Post-Harvest Management,1,1,3.0,Low,SYNTHETIC_DEMO,SYNTHETIC
Maharashtra,Nashik,PostgreSQL,7,6,18.8,Low,SYNTHETIC_DEMO,SYNTHETIC
Maharashtra,Nashik,Power BI,8,7,21.8,Low,SYNTHETIC_DEMO,SYNTHETIC
Maharashtra,Nashik,Precision Agriculture,1,1,3.0,Low,SYNTHETIC_DEMO,SYNTHETIC
Maharashtra,Nashik,Problem Solving,80,14,78.0,Very High,SYNTHETIC_DEMO,SYNTHETIC
Maharashtra,Nashik,Production Planning,35,14,53.8,High,SYNTHETIC_DEMO,SYNTHETIC
Maharashtra,Nashik,Project Planning,1,1,3.0,Low,SYNTHETIC_DEMO,SYNTHETIC
Maharashtra,Nashik,Python,2,2,6.1,Low,SYNTHETIC_DEMO,SYNTHETIC
Maharashtra,Nashik,Quality Control,33,14,52.7,High,SYNTHETIC_DEMO,SYNTHETIC
Maharashtra,Nashik,Quantity Surveying,2,2,6.1,Low,SYNTHETIC_DEMO,SYNTHETIC
Maharashtra,Nashik,REST APIs,7,5,16.3,Low,SYNTHETIC_DEMO,SYNTHETIC
Maharashtra,Nashik,React,7,6,18.8,Low,SYNTHETIC_DEMO,SYNTHETIC
Maharashtra,Nashik,Route Planning,7,4,13.8,Low,SYNTHETIC_DEMO,SYNTHETIC
Maharashtra,Nashik,SCADA,12,7,23.9,Low,SYNTHETIC_DEMO,SYNTHETIC
Maharashtra,Nashik,SQL,9,6,19.8,Low,SYNTHETIC_DEMO,SYNTHETIC
Maharashtra,Nashik,Sales,4,3,9.6,Low,SYNTHETIC_DEMO,SYNTHETIC
Maharashtra,Nashik,Sensors,7,6,18.8,Low,SYNTHETIC_DEMO,SYNTHETIC
Maharashtra,Nashik,Service Operations,14,9,30.0,Moderate,SYNTHETIC_DEMO,SYNTHETIC
Maharashtra,Nashik,Site Supervision,3,3,9.1,Low,SYNTHETIC_DEMO,SYNTHETIC
Maharashtra,Nashik,SolidWorks,27,11,42.0,Moderate,SYNTHETIC_DEMO,SYNTHETIC
Maharashtra,Nashik,Structural Analysis,3,3,9.1,Low,SYNTHETIC_DEMO,SYNTHETIC
Maharashtra,Nashik,Supply Chain,3,3,9.1,Low,SYNTHETIC_DEMO,SYNTHETIC
Maharashtra,Nashik,Supply Chain Management,7,4,13.8,Low,SYNTHETIC_DEMO,SYNTHETIC
Maharashtra,Nashik,Tally,4,3,9.6,Low,SYNTHETIC_DEMO,SYNTHETIC
Maharashtra,Nashik,Team Management,111,14,94.6,Very High,SYNTHETIC_DEMO,SYNTHETIC
Maharashtra,Nashik,Two-Wheeler Service,15,9,30.6,Moderate,SYNTHETIC_DEMO,SYNTHETIC
Maharashtra,Nashik,TypeScript,3,3,9.1,Low,SYNTHETIC_DEMO,SYNTHETIC
Maharashtra,Nashik,UI/UX Design,7,5,16.3,Low,SYNTHETIC_DEMO,SYNTHETIC
Maharashtra,Nashik,Vehicle Diagnostics,27,12,44.5,Moderate,SYNTHETIC_DEMO,SYNTHETIC
Maharashtra,Nashik,Warehouse Management,8,7,21.8,Low,SYNTHETIC_DEMO,SYNTHETIC
Maharashtra,Nashik,Welding,25,12,43.4,Moderate,SYNTHETIC_DEMO,SYNTHETIC
Maharashtra,Nashik,Workplace Safety,88,13,79.8,Very High,SYNTHETIC_DEMO,SYNTHETIC
Maharashtra,Pune,AWS,1,1,3.0,Low,SYNTHETIC_DEMO,SYNTHETIC
Maharashtra,Pune,Accounting,9,7,22.3,Low,SYNTHETIC_DEMO,SYNTHETIC
Maharashtra,Pune,Agri Input Management,2,2,6.1,Low,SYNTHETIC_DEMO,SYNTHETIC
Maharashtra,Pune,Auto Electrical,11,7,23.4,Low,SYNTHETIC_DEMO,SYNTHETIC
Maharashtra,Pune,AutoCAD,33,13,50.2,High,SYNTHETIC_DEMO,SYNTHETIC
Maharashtra,Pune,AutoCAD Electrical,11,8,25.9,Moderate,SYNTHETIC_DEMO,SYNTHETIC
Maharashtra,Pune,Automotive CAD,15,12,38.1,Moderate,SYNTHETIC_DEMO,SYNTHETIC
Maharashtra,Pune,Automotive Diagnostics,8,7,21.8,Low,SYNTHETIC_DEMO,SYNTHETIC
Maharashtra,Pune,Azure,4,4,12.1,Low,SYNTHETIC_DEMO,SYNTHETIC
Maharashtra,Pune,Battery Management Systems,11,7,23.4,Low,SYNTHETIC_DEMO,SYNTHETIC
Maharashtra,Pune,Business Analysis,5,4,12.7,Low,SYNTHETIC_DEMO,SYNTHETIC
Maharashtra,Pune,CNC Milling,19,10,35.2,Moderate,SYNTHETIC_DEMO,SYNTHETIC
Maharashtra,Pune,CNC Operation,26,12,44.0,Moderate,SYNTHETIC_DEMO,SYNTHETIC
Maharashtra,Pune,CNC Programming,20,10,35.7,Moderate,SYNTHETIC_DEMO,SYNTHETIC
Maharashtra,Pune,CNC Turning,23,10,37.4,Moderate,SYNTHETIC_DEMO,SYNTHETIC
Maharashtra,Pune,Civil Drafting,1,1,3.0,Low,SYNTHETIC_DEMO,SYNTHETIC
Maharashtra,Pune,Clinical Documentation,1,1,3.0,Low,SYNTHETIC_DEMO,SYNTHETIC
Maharashtra,Pune,Cold Chain,1,1,3.0,Low,SYNTHETIC_DEMO,SYNTHETIC
Maharashtra,Pune,Communication,101,14,89.3,Very High,SYNTHETIC_DEMO,SYNTHETIC
Maharashtra,Pune,Construction Safety,5,5,15.2,Low,SYNTHETIC_DEMO,SYNTHETIC
Maharashtra,Pune,Control Systems,9,6,19.8,Low,SYNTHETIC_DEMO,SYNTHETIC
Maharashtra,Pune,Customer Service,3,3,9.1,Low,SYNTHETIC_DEMO,SYNTHETIC
Maharashtra,Pune,Cybersecurity,5,4,12.7,Low,SYNTHETIC_DEMO,SYNTHETIC
Maharashtra,Pune,Data Analysis,5,4,12.7,Low,SYNTHETIC_DEMO,SYNTHETIC
Maharashtra,Pune,Digital Literacy,92,13,81.9,Very High,SYNTHETIC_DEMO,SYNTHETIC
Maharashtra,Pune,Digital Marketing,7,4,13.8,Low,SYNTHETIC_DEMO,SYNTHETIC
Maharashtra,Pune,Docker,5,4,12.7,Low,SYNTHETIC_DEMO,SYNTHETIC
Maharashtra,Pune,EV Battery Maintenance,10,7,22.9,Low,SYNTHETIC_DEMO,SYNTHETIC
Maharashtra,Pune,EV Systems,14,9,30.0,Moderate,SYNTHETIC_DEMO,SYNTHETIC
Maharashtra,Pune,Electric Motor Systems,11,10,30.9,Moderate,SYNTHETIC_DEMO,SYNTHETIC
Maharashtra,Pune,Electrical Testing,8,6,19.3,Low,SYNTHETIC_DEMO,SYNTHETIC
Maharashtra,Pune,Embedded Systems,14,8,27.5,Moderate,SYNTHETIC_DEMO,SYNTHETIC
Maharashtra,Pune,English Communication,82,14,79.0,Very High,SYNTHETIC_DEMO,SYNTHETIC
Maharashtra,Pune,Excel,7,5,16.3,Low,SYNTHETIC_DEMO,SYNTHETIC
Maharashtra,Pune,Figma,2,2,6.1,Low,SYNTHETIC_DEMO,SYNTHETIC
Maharashtra,Pune,Financial Analysis,3,2,6.6,Low,SYNTHETIC_DEMO,SYNTHETIC
Maharashtra,Pune,Fleet Management,5,4,12.7,Low,SYNTHETIC_DEMO,SYNTHETIC
Maharashtra,Pune,Food Processing,2,2,6.1,Low,SYNTHETIC_DEMO,SYNTHETIC
Maharashtra,Pune,Forklift Operation,2,2,6.1,Low,SYNTHETIC_DEMO,SYNTHETIC
Maharashtra,Pune,GST,5,5,15.2,Low,SYNTHETIC_DEMO,SYNTHETIC
Maharashtra,Pune,Git,3,3,9.1,Low,SYNTHETIC_DEMO,SYNTHETIC
Maharashtra,Pune,Healthcare Administration,5,5,15.2,Low,SYNTHETIC_DEMO,SYNTHETIC
Maharashtra,Pune,Industrial Automation,8,7,21.8,Low,SYNTHETIC_DEMO,SYNTHETIC
Maharashtra,Pune,Inventory Management,3,3,9.1,Low,SYNTHETIC_DEMO,SYNTHETIC
Maharashtra,Pune,IoT,13,9,29.5,Moderate,SYNTHETIC_DEMO,SYNTHETIC
Maharashtra,Pune,Irrigation Management,1,1,3.0,Low,SYNTHETIC_DEMO,SYNTHETIC
Maharashtra,Pune,Java,2,2,6.1,Low,SYNTHETIC_DEMO,SYNTHETIC
Maharashtra,Pune,JavaScript,6,6,18.2,Low,SYNTHETIC_DEMO,SYNTHETIC
Maharashtra,Pune,Laboratory Techniques,2,2,6.1,Low,SYNTHETIC_DEMO,SYNTHETIC
Maharashtra,Pune,Lean Manufacturing,24,12,42.9,Moderate,SYNTHETIC_DEMO,SYNTHETIC
Maharashtra,Pune,Logistics Planning,7,6,18.8,Low,SYNTHETIC_DEMO,SYNTHETIC
Maharashtra,Pune,Machine Learning,2,2,6.1,Low,SYNTHETIC_DEMO,SYNTHETIC
Maharashtra,Pune,Machine Maintenance,25,12,43.4,Moderate,SYNTHETIC_DEMO,SYNTHETIC
Maharashtra,Pune,Mechanical Assembly,21,11,38.8,Moderate,SYNTHETIC_DEMO,SYNTHETIC
Maharashtra,Pune,Medical Coding,3,3,9.1,Low,SYNTHETIC_DEMO,SYNTHETIC
Maharashtra,Pune,Medical Equipment Maintenance,3,3,9.1,Low,SYNTHETIC_DEMO,SYNTHETIC
Maharashtra,Pune,Microsoft Excel,101,14,89.3,Very High,SYNTHETIC_DEMO,SYNTHETIC
Maharashtra,Pune,Next.js,2,2,6.1,Low,SYNTHETIC_DEMO,SYNTHETIC
Maharashtra,Pune,Node.js,1,1,3.0,Low,SYNTHETIC_DEMO,SYNTHETIC
Maharashtra,Pune,PCB Design,10,7,22.9,Low,SYNTHETIC_DEMO,SYNTHETIC
Maharashtra,Pune,PLC,15,10,33.1,Moderate,SYNTHETIC_DEMO,SYNTHETIC
Maharashtra,Pune,Patient Care,3,3,9.1,Low,SYNTHETIC_DEMO,SYNTHETIC
Maharashtra,Pune,Pharmacy Operations,3,3,9.1,Low,SYNTHETIC_DEMO,SYNTHETIC
Maharashtra,Pune,Post-Harvest Management,5,5,15.2,Low,SYNTHETIC_DEMO,SYNTHETIC
Maharashtra,Pune,PostgreSQL,2,2,6.1,Low,SYNTHETIC_DEMO,SYNTHETIC
Maharashtra,Pune,Power BI,4,4,12.1,Low,SYNTHETIC_DEMO,SYNTHETIC
Maharashtra,Pune,Precision Agriculture,5,5,15.2,Low,SYNTHETIC_DEMO,SYNTHETIC
Maharashtra,Pune,Problem Solving,74,14,74.8,High,SYNTHETIC_DEMO,SYNTHETIC
Maharashtra,Pune,Production Planning,20,9,33.2,Moderate,SYNTHETIC_DEMO,SYNTHETIC
Maharashtra,Pune,Project Planning,2,2,6.1,Low,SYNTHETIC_DEMO,SYNTHETIC
Maharashtra,Pune,Python,2,2,6.1,Low,SYNTHETIC_DEMO,SYNTHETIC
Maharashtra,Pune,Quality Control,26,12,44.0,Moderate,SYNTHETIC_DEMO,SYNTHETIC
Maharashtra,Pune,Quantity Surveying,11,7,23.4,Low,SYNTHETIC_DEMO,SYNTHETIC
Maharashtra,Pune,React,2,2,6.1,Low,SYNTHETIC_DEMO,SYNTHETIC
Maharashtra,Pune,Route Planning,5,5,15.2,Low,SYNTHETIC_DEMO,SYNTHETIC
Maharashtra,Pune,SCADA,7,6,18.8,Low,SYNTHETIC_DEMO,SYNTHETIC
Maharashtra,Pune,SQL,6,4,13.2,Low,SYNTHETIC_DEMO,SYNTHETIC
Maharashtra,Pune,Sales,3,3,9.1,Low,SYNTHETIC_DEMO,SYNTHETIC
Maharashtra,Pune,Sensors,9,8,24.8,Low,SYNTHETIC_DEMO,SYNTHETIC
Maharashtra,Pune,Service Operations,18,11,37.2,Moderate,SYNTHETIC_DEMO,SYNTHETIC
Maharashtra,Pune,Site Supervision,6,6,18.2,Low,SYNTHETIC_DEMO,SYNTHETIC
Maharashtra,Pune,SolidWorks,30,11,43.6,Moderate,SYNTHETIC_DEMO,SYNTHETIC
Maharashtra,Pune,Structural Analysis,2,2,6.1,Low,SYNTHETIC_DEMO,SYNTHETIC
Maharashtra,Pune,Supply Chain,4,4,12.1,Low,SYNTHETIC_DEMO,SYNTHETIC
Maharashtra,Pune,Supply Chain Management,4,4,12.1,Low,SYNTHETIC_DEMO,SYNTHETIC
Maharashtra,Pune,Surveying,4,4,12.1,Low,SYNTHETIC_DEMO,SYNTHETIC
Maharashtra,Pune,Tally,14,7,25.0,Low,SYNTHETIC_DEMO,SYNTHETIC
Maharashtra,Pune,Team Management,102,14,89.8,Very High,SYNTHETIC_DEMO,SYNTHETIC
Maharashtra,Pune,Two-Wheeler Service,7,5,16.3,Low,SYNTHETIC_DEMO,SYNTHETIC
Maharashtra,Pune,TypeScript,1,1,3.0,Low,SYNTHETIC_DEMO,SYNTHETIC
Maharashtra,Pune,UI/UX Design,2,2,6.1,Low,SYNTHETIC_DEMO,SYNTHETIC
Maharashtra,Pune,Vehicle Diagnostics,17,12,39.1,Moderate,SYNTHETIC_DEMO,SYNTHETIC
Maharashtra,Pune,Warehouse Management,3,2,6.6,Low,SYNTHETIC_DEMO,SYNTHETIC
Maharashtra,Pune,Welding,25,14,48.4,Moderate,SYNTHETIC_DEMO,SYNTHETIC
Maharashtra,Pune,Workplace Safety,99,14,88.2,Very High,SYNTHETIC_DEMO,SYNTHETIC
Odisha,Bhubaneswar,AWS,2,2,6.1,Low,SYNTHETIC_DEMO,SYNTHETIC
Odisha,Bhubaneswar,Accounting,7,6,18.8,Low,SYNTHETIC_DEMO,SYNTHETIC
Odisha,Bhubaneswar,Agri Input Management,1,1,3.0,Low,SYNTHETIC_DEMO,SYNTHETIC
Odisha,Bhubaneswar,Auto Electrical,14,11,35.0,Moderate,SYNTHETIC_DEMO,SYNTHETIC
Odisha,Bhubaneswar,AutoCAD,30,12,46.1,Moderate,SYNTHETIC_DEMO,SYNTHETIC
Odisha,Bhubaneswar,AutoCAD Electrical,3,3,9.1,Low,SYNTHETIC_DEMO,SYNTHETIC
Odisha,Bhubaneswar,Automotive CAD,22,8,31.8,Moderate,SYNTHETIC_DEMO,SYNTHETIC
Odisha,Bhubaneswar,Automotive Diagnostics,15,10,33.1,Moderate,SYNTHETIC_DEMO,SYNTHETIC
Odisha,Bhubaneswar,Azure,5,4,12.7,Low,SYNTHETIC_DEMO,SYNTHETIC
Odisha,Bhubaneswar,Battery Management Systems,13,8,27.0,Moderate,SYNTHETIC_DEMO,SYNTHETIC
Odisha,Bhubaneswar,Business Analysis,3,3,9.1,Low,SYNTHETIC_DEMO,SYNTHETIC
Odisha,Bhubaneswar,CNC Milling,22,9,34.3,Moderate,SYNTHETIC_DEMO,SYNTHETIC
Odisha,Bhubaneswar,CNC Operation,29,13,48.1,Moderate,SYNTHETIC_DEMO,SYNTHETIC
Odisha,Bhubaneswar,CNC Programming,23,11,39.9,Moderate,SYNTHETIC_DEMO,SYNTHETIC
Odisha,Bhubaneswar,CNC Turning,30,12,46.1,Moderate,SYNTHETIC_DEMO,SYNTHETIC
Odisha,Bhubaneswar,Civil Drafting,1,1,3.0,Low,SYNTHETIC_DEMO,SYNTHETIC
Odisha,Bhubaneswar,Communication,89,14,82.8,Very High,SYNTHETIC_DEMO,SYNTHETIC
Odisha,Bhubaneswar,Construction Safety,3,3,9.1,Low,SYNTHETIC_DEMO,SYNTHETIC
Odisha,Bhubaneswar,Control Systems,4,4,12.1,Low,SYNTHETIC_DEMO,SYNTHETIC
Odisha,Bhubaneswar,Customer Service,5,4,12.7,Low,SYNTHETIC_DEMO,SYNTHETIC
Odisha,Bhubaneswar,Cybersecurity,7,6,18.8,Low,SYNTHETIC_DEMO,SYNTHETIC
Odisha,Bhubaneswar,Data Analysis,5,5,15.2,Low,SYNTHETIC_DEMO,SYNTHETIC
Odisha,Bhubaneswar,Digital Literacy,83,14,79.6,Very High,SYNTHETIC_DEMO,SYNTHETIC
Odisha,Bhubaneswar,Digital Marketing,5,4,12.7,Low,SYNTHETIC_DEMO,SYNTHETIC
Odisha,Bhubaneswar,Docker,3,3,9.1,Low,SYNTHETIC_DEMO,SYNTHETIC
Odisha,Bhubaneswar,EV Battery Maintenance,13,7,24.5,Low,SYNTHETIC_DEMO,SYNTHETIC
Odisha,Bhubaneswar,EV Systems,8,5,16.8,Low,SYNTHETIC_DEMO,SYNTHETIC
Odisha,Bhubaneswar,Electric Motor Systems,23,11,39.9,Moderate,SYNTHETIC_DEMO,SYNTHETIC
Odisha,Bhubaneswar,Electrical Testing,8,6,19.3,Low,SYNTHETIC_DEMO,SYNTHETIC
Odisha,Bhubaneswar,Embedded Systems,6,6,18.2,Low,SYNTHETIC_DEMO,SYNTHETIC
Odisha,Bhubaneswar,English Communication,83,14,79.6,Very High,SYNTHETIC_DEMO,SYNTHETIC
Odisha,Bhubaneswar,Excel,8,7,21.8,Low,SYNTHETIC_DEMO,SYNTHETIC
Odisha,Bhubaneswar,Farm Machinery,1,1,3.0,Low,SYNTHETIC_DEMO,SYNTHETIC
Odisha,Bhubaneswar,Figma,2,2,6.1,Low,SYNTHETIC_DEMO,SYNTHETIC
Odisha,Bhubaneswar,Financial Analysis,5,5,15.2,Low,SYNTHETIC_DEMO,SYNTHETIC
Odisha,Bhubaneswar,Fleet Management,9,7,22.3,Low,SYNTHETIC_DEMO,SYNTHETIC
Odisha,Bhubaneswar,Food Processing,2,2,6.1,Low,SYNTHETIC_DEMO,SYNTHETIC
Odisha,Bhubaneswar,Forklift Operation,6,5,15.7,Low,SYNTHETIC_DEMO,SYNTHETIC
Odisha,Bhubaneswar,GST,6,6,18.2,Low,SYNTHETIC_DEMO,SYNTHETIC
Odisha,Bhubaneswar,Git,7,5,16.3,Low,SYNTHETIC_DEMO,SYNTHETIC
Odisha,Bhubaneswar,Healthcare Administration,2,2,6.1,Low,SYNTHETIC_DEMO,SYNTHETIC
Odisha,Bhubaneswar,Industrial Automation,5,4,12.7,Low,SYNTHETIC_DEMO,SYNTHETIC
Odisha,Bhubaneswar,Inventory Management,7,5,16.3,Low,SYNTHETIC_DEMO,SYNTHETIC
Odisha,Bhubaneswar,IoT,11,8,25.9,Moderate,SYNTHETIC_DEMO,SYNTHETIC
Odisha,Bhubaneswar,Irrigation Management,1,1,3.0,Low,SYNTHETIC_DEMO,SYNTHETIC
Odisha,Bhubaneswar,Java,3,2,6.6,Low,SYNTHETIC_DEMO,SYNTHETIC
Odisha,Bhubaneswar,JavaScript,4,4,12.1,Low,SYNTHETIC_DEMO,SYNTHETIC
Odisha,Bhubaneswar,Laboratory Techniques,1,1,3.0,Low,SYNTHETIC_DEMO,SYNTHETIC
Odisha,Bhubaneswar,Lean Manufacturing,21,10,36.3,Moderate,SYNTHETIC_DEMO,SYNTHETIC
Odisha,Bhubaneswar,Logistics Planning,9,4,14.8,Low,SYNTHETIC_DEMO,SYNTHETIC
Odisha,Bhubaneswar,Machine Learning,2,2,6.1,Low,SYNTHETIC_DEMO,SYNTHETIC
Odisha,Bhubaneswar,Machine Maintenance,14,10,32.5,Moderate,SYNTHETIC_DEMO,SYNTHETIC
Odisha,Bhubaneswar,Mechanical Assembly,26,13,46.5,Moderate,SYNTHETIC_DEMO,SYNTHETIC
Odisha,Bhubaneswar,Medical Coding,6,6,18.2,Low,SYNTHETIC_DEMO,SYNTHETIC
Odisha,Bhubaneswar,Medical Equipment Maintenance,5,5,15.2,Low,SYNTHETIC_DEMO,SYNTHETIC
Odisha,Bhubaneswar,Microsoft Excel,81,14,78.5,Very High,SYNTHETIC_DEMO,SYNTHETIC
Odisha,Bhubaneswar,Next.js,5,3,10.2,Low,SYNTHETIC_DEMO,SYNTHETIC
Odisha,Bhubaneswar,Node.js,4,4,12.1,Low,SYNTHETIC_DEMO,SYNTHETIC
Odisha,Bhubaneswar,PCB Design,2,2,6.1,Low,SYNTHETIC_DEMO,SYNTHETIC
Odisha,Bhubaneswar,PLC,7,5,16.3,Low,SYNTHETIC_DEMO,SYNTHETIC
Odisha,Bhubaneswar,Patient Care,3,2,6.6,Low,SYNTHETIC_DEMO,SYNTHETIC
Odisha,Bhubaneswar,Pharmacy Operations,4,4,12.1,Low,SYNTHETIC_DEMO,SYNTHETIC
Odisha,Bhubaneswar,Post-Harvest Management,1,1,3.0,Low,SYNTHETIC_DEMO,SYNTHETIC
Odisha,Bhubaneswar,PostgreSQL,6,3,10.7,Low,SYNTHETIC_DEMO,SYNTHETIC
Odisha,Bhubaneswar,Power BI,6,5,15.7,Low,SYNTHETIC_DEMO,SYNTHETIC
Odisha,Bhubaneswar,Precision Agriculture,1,1,3.0,Low,SYNTHETIC_DEMO,SYNTHETIC
Odisha,Bhubaneswar,Problem Solving,79,14,77.4,Very High,SYNTHETIC_DEMO,SYNTHETIC
Odisha,Bhubaneswar,Production Planning,28,13,47.5,Moderate,SYNTHETIC_DEMO,SYNTHETIC
Odisha,Bhubaneswar,Project Planning,4,4,12.1,Low,SYNTHETIC_DEMO,SYNTHETIC
Odisha,Bhubaneswar,Python,4,4,12.1,Low,SYNTHETIC_DEMO,SYNTHETIC
Odisha,Bhubaneswar,Quality Control,31,13,49.2,Moderate,SYNTHETIC_DEMO,SYNTHETIC
Odisha,Bhubaneswar,Quantity Surveying,4,4,12.1,Low,SYNTHETIC_DEMO,SYNTHETIC
Odisha,Bhubaneswar,REST APIs,4,4,12.1,Low,SYNTHETIC_DEMO,SYNTHETIC
Odisha,Bhubaneswar,React,7,6,18.8,Low,SYNTHETIC_DEMO,SYNTHETIC
Odisha,Bhubaneswar,Route Planning,4,4,12.1,Low,SYNTHETIC_DEMO,SYNTHETIC
Odisha,Bhubaneswar,SCADA,7,6,18.8,Low,SYNTHETIC_DEMO,SYNTHETIC
Odisha,Bhubaneswar,SQL,9,6,19.8,Low,SYNTHETIC_DEMO,SYNTHETIC
Odisha,Bhubaneswar,Sales,3,3,9.1,Low,SYNTHETIC_DEMO,SYNTHETIC
Odisha,Bhubaneswar,Sensors,4,4,12.1,Low,SYNTHETIC_DEMO,SYNTHETIC
Odisha,Bhubaneswar,Service Operations,16,9,31.1,Moderate,SYNTHETIC_DEMO,SYNTHETIC
Odisha,Bhubaneswar,Site Supervision,2,2,6.1,Low,SYNTHETIC_DEMO,SYNTHETIC
Odisha,Bhubaneswar,SolidWorks,23,12,42.4,Moderate,SYNTHETIC_DEMO,SYNTHETIC
Odisha,Bhubaneswar,Structural Analysis,1,1,3.0,Low,SYNTHETIC_DEMO,SYNTHETIC
Odisha,Bhubaneswar,Supply Chain,4,4,12.1,Low,SYNTHETIC_DEMO,SYNTHETIC
Odisha,Bhubaneswar,Supply Chain Management,6,5,15.7,Low,SYNTHETIC_DEMO,SYNTHETIC
Odisha,Bhubaneswar,Surveying,2,2,6.1,Low,SYNTHETIC_DEMO,SYNTHETIC
Odisha,Bhubaneswar,Tally,11,6,20.9,Low,SYNTHETIC_DEMO,SYNTHETIC
Odisha,Bhubaneswar,Team Management,80,14,78.0,Very High,SYNTHETIC_DEMO,SYNTHETIC
Odisha,Bhubaneswar,Two-Wheeler Service,19,9,32.7,Moderate,SYNTHETIC_DEMO,SYNTHETIC
Odisha,Bhubaneswar,TypeScript,4,4,12.1,Low,SYNTHETIC_DEMO,SYNTHETIC
Odisha,Bhubaneswar,UI/UX Design,3,3,9.1,Low,SYNTHETIC_DEMO,SYNTHETIC
Odisha,Bhubaneswar,Vehicle Diagnostics,22,11,39.3,Moderate,SYNTHETIC_DEMO,SYNTHETIC
Odisha,Bhubaneswar,Warehouse Management,4,4,12.1,Low,SYNTHETIC_DEMO,SYNTHETIC
Odisha,Bhubaneswar,Welding,33,12,47.7,Moderate,SYNTHETIC_DEMO,SYNTHETIC
Odisha,Bhubaneswar,Workplace Safety,77,14,76.4,Very High,SYNTHETIC_DEMO,SYNTHETIC
Punjab,Ludhiana,AWS,3,3,9.1,Low,SYNTHETIC_DEMO,SYNTHETIC
Punjab,Ludhiana,Accounting,8,7,21.8,Low,SYNTHETIC_DEMO,SYNTHETIC
Punjab,Ludhiana,Auto Electrical,9,6,19.8,Low,SYNTHETIC_DEMO,SYNTHETIC
Punjab,Ludhiana,AutoCAD,30,13,48.6,Moderate,SYNTHETIC_DEMO,SYNTHETIC
Punjab,Ludhiana,AutoCAD Electrical,9,7,22.3,Low,SYNTHETIC_DEMO,SYNTHETIC
Punjab,Ludhiana,Automotive CAD,23,11,39.9,Moderate,SYNTHETIC_DEMO,SYNTHETIC
Punjab,Ludhiana,Automotive Diagnostics,18,10,34.7,Moderate,SYNTHETIC_DEMO,SYNTHETIC
Punjab,Ludhiana,Azure,3,3,9.1,Low,SYNTHETIC_DEMO,SYNTHETIC
Punjab,Ludhiana,Battery Management Systems,17,8,29.1,Moderate,SYNTHETIC_DEMO,SYNTHETIC
Punjab,Ludhiana,Business Analysis,8,7,21.8,Low,SYNTHETIC_DEMO,SYNTHETIC
Punjab,Ludhiana,CNC Milling,19,9,32.7,Moderate,SYNTHETIC_DEMO,SYNTHETIC
Punjab,Ludhiana,CNC Operation,26,11,41.5,Moderate,SYNTHETIC_DEMO,SYNTHETIC
Punjab,Ludhiana,CNC Programming,19,9,32.7,Moderate,SYNTHETIC_DEMO,SYNTHETIC
Punjab,Ludhiana,CNC Turning,25,11,40.9,Moderate,SYNTHETIC_DEMO,SYNTHETIC
Punjab,Ludhiana,Civil Drafting,5,4,12.7,Low,SYNTHETIC_DEMO,SYNTHETIC
Punjab,Ludhiana,Clinical Documentation,5,5,15.2,Low,SYNTHETIC_DEMO,SYNTHETIC
Punjab,Ludhiana,Communication,90,14,83.3,Very High,SYNTHETIC_DEMO,SYNTHETIC
Punjab,Ludhiana,Construction Safety,2,2,6.1,Low,SYNTHETIC_DEMO,SYNTHETIC
Punjab,Ludhiana,Control Systems,8,6,19.3,Low,SYNTHETIC_DEMO,SYNTHETIC
Punjab,Ludhiana,Customer Service,7,6,18.8,Low,SYNTHETIC_DEMO,SYNTHETIC
Punjab,Ludhiana,Cybersecurity,3,3,9.1,Low,SYNTHETIC_DEMO,SYNTHETIC
Punjab,Ludhiana,Data Analysis,4,4,12.1,Low,SYNTHETIC_DEMO,SYNTHETIC
Punjab,Ludhiana,Digital Literacy,97,14,87.1,Very High,SYNTHETIC_DEMO,SYNTHETIC
Punjab,Ludhiana,Digital Marketing,7,5,16.3,Low,SYNTHETIC_DEMO,SYNTHETIC
Punjab,Ludhiana,EV Battery Maintenance,16,11,36.1,Moderate,SYNTHETIC_DEMO,SYNTHETIC
Punjab,Ludhiana,EV Systems,19,13,42.7,Moderate,SYNTHETIC_DEMO,SYNTHETIC
Punjab,Ludhiana,Electric Motor Systems,13,10,32.0,Moderate,SYNTHETIC_DEMO,SYNTHETIC
Punjab,Ludhiana,Electrical Testing,6,4,13.2,Low,SYNTHETIC_DEMO,SYNTHETIC
Punjab,Ludhiana,Embedded Systems,10,7,22.9,Low,SYNTHETIC_DEMO,SYNTHETIC
Punjab,Ludhiana,English Communication,85,14,80.7,Very High,SYNTHETIC_DEMO,SYNTHETIC
Punjab,Ludhiana,Excel,14,7,25.0,Low,SYNTHETIC_DEMO,SYNTHETIC
Punjab,Ludhiana,Farm Machinery,2,1,3.6,Low,SYNTHETIC_DEMO,SYNTHETIC
Punjab,Ludhiana,Figma,1,1,3.0,Low,SYNTHETIC_DEMO,SYNTHETIC
Punjab,Ludhiana,Financial Analysis,2,2,6.1,Low,SYNTHETIC_DEMO,SYNTHETIC
Punjab,Ludhiana,Fleet Management,5,5,15.2,Low,SYNTHETIC_DEMO,SYNTHETIC
Punjab,Ludhiana,Food Processing,1,1,3.0,Low,SYNTHETIC_DEMO,SYNTHETIC
Punjab,Ludhiana,Forklift Operation,4,3,9.6,Low,SYNTHETIC_DEMO,SYNTHETIC
Punjab,Ludhiana,GST,14,10,32.5,Moderate,SYNTHETIC_DEMO,SYNTHETIC
Punjab,Ludhiana,Git,5,5,15.2,Low,SYNTHETIC_DEMO,SYNTHETIC
Punjab,Ludhiana,Healthcare Administration,3,3,9.1,Low,SYNTHETIC_DEMO,SYNTHETIC
Punjab,Ludhiana,Industrial Automation,8,6,19.3,Low,SYNTHETIC_DEMO,SYNTHETIC
Punjab,Ludhiana,Inventory Management,7,6,18.8,Low,SYNTHETIC_DEMO,SYNTHETIC
Punjab,Ludhiana,IoT,11,8,25.9,Moderate,SYNTHETIC_DEMO,SYNTHETIC
Punjab,Ludhiana,Irrigation Management,2,2,6.1,Low,SYNTHETIC_DEMO,SYNTHETIC
Punjab,Ludhiana,Java,1,1,3.0,Low,SYNTHETIC_DEMO,SYNTHETIC
Punjab,Ludhiana,JavaScript,5,5,15.2,Low,SYNTHETIC_DEMO,SYNTHETIC
Punjab,Ludhiana,Laboratory Techniques,3,3,9.1,Low,SYNTHETIC_DEMO,SYNTHETIC
Punjab,Ludhiana,Lean Manufacturing,22,11,39.3,Moderate,SYNTHETIC_DEMO,SYNTHETIC
Punjab,Ludhiana,Logistics Planning,10,8,25.4,Moderate,SYNTHETIC_DEMO,SYNTHETIC
Punjab,Ludhiana,Machine Learning,3,2,6.6,Low,SYNTHETIC_DEMO,SYNTHETIC
Punjab,Ludhiana,Machine Maintenance,28,13,47.5,Moderate,SYNTHETIC_DEMO,SYNTHETIC
Punjab,Ludhiana,Mechanical Assembly,23,12,42.4,Moderate,SYNTHETIC_DEMO,SYNTHETIC
Punjab,Ludhiana,Medical Coding,3,3,9.1,Low,SYNTHETIC_DEMO,SYNTHETIC
Punjab,Ludhiana,Medical Equipment Maintenance,5,4,12.7,Low,SYNTHETIC_DEMO,SYNTHETIC
Punjab,Ludhiana,Microsoft Excel,92,14,84.4,Very High,SYNTHETIC_DEMO,SYNTHETIC
Punjab,Ludhiana,Node.js,7,5,16.3,Low,SYNTHETIC_DEMO,SYNTHETIC
Punjab,Ludhiana,PCB Design,6,6,18.2,Low,SYNTHETIC_DEMO,SYNTHETIC
Punjab,Ludhiana,PLC,8,7,21.8,Low,SYNTHETIC_DEMO,SYNTHETIC
Punjab,Ludhiana,Patient Care,2,1,3.6,Low,SYNTHETIC_DEMO,SYNTHETIC
Punjab,Ludhiana,Pharmacy Operations,4,4,12.1,Low,SYNTHETIC_DEMO,SYNTHETIC
Punjab,Ludhiana,Post-Harvest Management,3,3,9.1,Low,SYNTHETIC_DEMO,SYNTHETIC
Punjab,Ludhiana,PostgreSQL,7,5,16.3,Low,SYNTHETIC_DEMO,SYNTHETIC
Punjab,Ludhiana,Power BI,3,3,9.1,Low,SYNTHETIC_DEMO,SYNTHETIC
Punjab,Ludhiana,Precision Agriculture,2,2,6.1,Low,SYNTHETIC_DEMO,SYNTHETIC
Punjab,Ludhiana,Problem Solving,78,14,76.9,Very High,SYNTHETIC_DEMO,SYNTHETIC
Punjab,Ludhiana,Production Planning,20,11,38.2,Moderate,SYNTHETIC_DEMO,SYNTHETIC
Punjab,Ludhiana,Python,2,2,6.1,Low,SYNTHETIC_DEMO,SYNTHETIC
Punjab,Ludhiana,Quality Control,42,13,55.1,High,SYNTHETIC_DEMO,SYNTHETIC
Punjab,Ludhiana,Quantity Surveying,1,1,3.0,Low,SYNTHETIC_DEMO,SYNTHETIC
Punjab,Ludhiana,REST APIs,5,5,15.2,Low,SYNTHETIC_DEMO,SYNTHETIC
Punjab,Ludhiana,React,3,3,9.1,Low,SYNTHETIC_DEMO,SYNTHETIC
Punjab,Ludhiana,Route Planning,6,5,15.7,Low,SYNTHETIC_DEMO,SYNTHETIC
Punjab,Ludhiana,SCADA,9,4,14.8,Low,SYNTHETIC_DEMO,SYNTHETIC
Punjab,Ludhiana,SQL,5,5,15.2,Low,SYNTHETIC_DEMO,SYNTHETIC
Punjab,Ludhiana,Sales,8,6,19.3,Low,SYNTHETIC_DEMO,SYNTHETIC
Punjab,Ludhiana,Sensors,8,6,19.3,Low,SYNTHETIC_DEMO,SYNTHETIC
Punjab,Ludhiana,Service Operations,14,9,30.0,Moderate,SYNTHETIC_DEMO,SYNTHETIC
Punjab,Ludhiana,Site Supervision,3,3,9.1,Low,SYNTHETIC_DEMO,SYNTHETIC
Punjab,Ludhiana,SolidWorks,25,12,43.4,Moderate,SYNTHETIC_DEMO,SYNTHETIC
Punjab,Ludhiana,Structural Analysis,5,5,15.2,Low,SYNTHETIC_DEMO,SYNTHETIC
Punjab,Ludhiana,Supply Chain,10,9,27.9,Moderate,SYNTHETIC_DEMO,SYNTHETIC
Punjab,Ludhiana,Supply Chain Management,12,9,28.9,Moderate,SYNTHETIC_DEMO,SYNTHETIC
Punjab,Ludhiana,Surveying,5,5,15.2,Low,SYNTHETIC_DEMO,SYNTHETIC
Punjab,Ludhiana,Tally,14,9,30.0,Moderate,SYNTHETIC_DEMO,SYNTHETIC
Punjab,Ludhiana,Team Management,87,14,81.7,Very High,SYNTHETIC_DEMO,SYNTHETIC
Punjab,Ludhiana,Two-Wheeler Service,8,7,21.8,Low,SYNTHETIC_DEMO,SYNTHETIC
Punjab,Ludhiana,TypeScript,2,2,6.1,Low,SYNTHETIC_DEMO,SYNTHETIC
Punjab,Ludhiana,UI/UX Design,2,2,6.1,Low,SYNTHETIC_DEMO,SYNTHETIC
Punjab,Ludhiana,Vehicle Diagnostics,25,13,45.9,Moderate,SYNTHETIC_DEMO,SYNTHETIC
Punjab,Ludhiana,Warehouse Management,12,8,26.4,Moderate,SYNTHETIC_DEMO,SYNTHETIC
Punjab,Ludhiana,Welding,19,10,35.2,Moderate,SYNTHETIC_DEMO,SYNTHETIC
Punjab,Ludhiana,Workplace Safety,94,14,85.5,Very High,SYNTHETIC_DEMO,SYNTHETIC
Rajasthan,Jaipur,AWS,4,4,12.1,Low,SYNTHETIC_DEMO,SYNTHETIC
Rajasthan,Jaipur,Accounting,7,6,18.8,Low,SYNTHETIC_DEMO,SYNTHETIC
Rajasthan,Jaipur,Agri Input Management,1,1,3.0,Low,SYNTHETIC_DEMO,SYNTHETIC
Rajasthan,Jaipur,Auto Electrical,7,6,18.8,Low,SYNTHETIC_DEMO,SYNTHETIC
Rajasthan,Jaipur,AutoCAD,20,9,33.2,Moderate,SYNTHETIC_DEMO,SYNTHETIC
Rajasthan,Jaipur,AutoCAD Electrical,7,5,16.3,Low,SYNTHETIC_DEMO,SYNTHETIC
Rajasthan,Jaipur,Automotive CAD,17,9,31.6,Moderate,SYNTHETIC_DEMO,SYNTHETIC
Rajasthan,Jaipur,Automotive Diagnostics,11,8,25.9,Moderate,SYNTHETIC_DEMO,SYNTHETIC
Rajasthan,Jaipur,Azure,2,2,6.1,Low,SYNTHETIC_DEMO,SYNTHETIC
Rajasthan,Jaipur,Battery Management Systems,12,8,26.4,Moderate,SYNTHETIC_DEMO,SYNTHETIC
Rajasthan,Jaipur,Business Analysis,2,2,6.1,Low,SYNTHETIC_DEMO,SYNTHETIC
Rajasthan,Jaipur,CNC Milling,22,10,36.8,Moderate,SYNTHETIC_DEMO,SYNTHETIC
Rajasthan,Jaipur,CNC Operation,30,13,48.6,Moderate,SYNTHETIC_DEMO,SYNTHETIC
Rajasthan,Jaipur,CNC Programming,18,10,34.7,Moderate,SYNTHETIC_DEMO,SYNTHETIC
Rajasthan,Jaipur,CNC Turning,18,10,34.7,Moderate,SYNTHETIC_DEMO,SYNTHETIC
Rajasthan,Jaipur,Civil Drafting,3,3,9.1,Low,SYNTHETIC_DEMO,SYNTHETIC
Rajasthan,Jaipur,Clinical Documentation,2,2,6.1,Low,SYNTHETIC_DEMO,SYNTHETIC
Rajasthan,Jaipur,Communication,84,14,80.1,Very High,SYNTHETIC_DEMO,SYNTHETIC
Rajasthan,Jaipur,Construction Safety,1,1,3.0,Low,SYNTHETIC_DEMO,SYNTHETIC
Rajasthan,Jaipur,Control Systems,7,6,18.8,Low,SYNTHETIC_DEMO,SYNTHETIC
Rajasthan,Jaipur,Customer Service,6,5,15.7,Low,SYNTHETIC_DEMO,SYNTHETIC
Rajasthan,Jaipur,Cybersecurity,5,5,15.2,Low,SYNTHETIC_DEMO,SYNTHETIC
Rajasthan,Jaipur,Data Analysis,4,4,12.1,Low,SYNTHETIC_DEMO,SYNTHETIC
Rajasthan,Jaipur,Digital Literacy,86,14,81.2,Very High,SYNTHETIC_DEMO,SYNTHETIC
Rajasthan,Jaipur,Digital Marketing,5,4,12.7,Low,SYNTHETIC_DEMO,SYNTHETIC
Rajasthan,Jaipur,Docker,3,3,9.1,Low,SYNTHETIC_DEMO,SYNTHETIC
Rajasthan,Jaipur,EV Battery Maintenance,12,8,26.4,Moderate,SYNTHETIC_DEMO,SYNTHETIC
Rajasthan,Jaipur,EV Systems,19,7,27.7,Moderate,SYNTHETIC_DEMO,SYNTHETIC
Rajasthan,Jaipur,Electric Motor Systems,13,8,27.0,Moderate,SYNTHETIC_DEMO,SYNTHETIC
Rajasthan,Jaipur,Electrical Testing,4,4,12.1,Low,SYNTHETIC_DEMO,SYNTHETIC
Rajasthan,Jaipur,Embedded Systems,12,9,28.9,Moderate,SYNTHETIC_DEMO,SYNTHETIC
Rajasthan,Jaipur,English Communication,90,14,83.3,Very High,SYNTHETIC_DEMO,SYNTHETIC
Rajasthan,Jaipur,Excel,5,4,12.7,Low,SYNTHETIC_DEMO,SYNTHETIC
Rajasthan,Jaipur,Farm Machinery,3,2,6.6,Low,SYNTHETIC_DEMO,SYNTHETIC
Rajasthan,Jaipur,Figma,2,2,6.1,Low,SYNTHETIC_DEMO,SYNTHETIC
Rajasthan,Jaipur,Financial Analysis,5,4,12.7,Low,SYNTHETIC_DEMO,SYNTHETIC
Rajasthan,Jaipur,Fleet Management,8,7,21.8,Low,SYNTHETIC_DEMO,SYNTHETIC
Rajasthan,Jaipur,GST,4,2,7.1,Low,SYNTHETIC_DEMO,SYNTHETIC
Rajasthan,Jaipur,Git,5,4,12.7,Low,SYNTHETIC_DEMO,SYNTHETIC
Rajasthan,Jaipur,Healthcare Administration,3,3,9.1,Low,SYNTHETIC_DEMO,SYNTHETIC
Rajasthan,Jaipur,Industrial Automation,3,3,9.1,Low,SYNTHETIC_DEMO,SYNTHETIC
Rajasthan,Jaipur,Inventory Management,7,6,18.8,Low,SYNTHETIC_DEMO,SYNTHETIC
Rajasthan,Jaipur,IoT,12,9,28.9,Moderate,SYNTHETIC_DEMO,SYNTHETIC
Rajasthan,Jaipur,Irrigation Management,2,2,6.1,Low,SYNTHETIC_DEMO,SYNTHETIC
Rajasthan,Jaipur,JavaScript,3,2,6.6,Low,SYNTHETIC_DEMO,SYNTHETIC
Rajasthan,Jaipur,Laboratory Techniques,2,2,6.1,Low,SYNTHETIC_DEMO,SYNTHETIC
Rajasthan,Jaipur,Lean Manufacturing,23,11,39.9,Moderate,SYNTHETIC_DEMO,SYNTHETIC
Rajasthan,Jaipur,Logistics Planning,2,2,6.1,Low,SYNTHETIC_DEMO,SYNTHETIC
Rajasthan,Jaipur,Machine Learning,4,4,12.1,Low,SYNTHETIC_DEMO,SYNTHETIC
Rajasthan,Jaipur,Machine Maintenance,26,12,44.0,Moderate,SYNTHETIC_DEMO,SYNTHETIC
Rajasthan,Jaipur,Mechanical Assembly,22,12,41.8,Moderate,SYNTHETIC_DEMO,SYNTHETIC
Rajasthan,Jaipur,Medical Coding,6,6,18.2,Low,SYNTHETIC_DEMO,SYNTHETIC
Rajasthan,Jaipur,Medical Equipment Maintenance,4,4,12.1,Low,SYNTHETIC_DEMO,SYNTHETIC
Rajasthan,Jaipur,Microsoft Excel,97,14,87.1,Very High,SYNTHETIC_DEMO,SYNTHETIC
Rajasthan,Jaipur,Next.js,1,1,3.0,Low,SYNTHETIC_DEMO,SYNTHETIC
Rajasthan,Jaipur,Node.js,4,4,12.1,Low,SYNTHETIC_DEMO,SYNTHETIC
Rajasthan,Jaipur,PCB Design,7,7,21.3,Low,SYNTHETIC_DEMO,SYNTHETIC
Rajasthan,Jaipur,PLC,7,6,18.8,Low,SYNTHETIC_DEMO,SYNTHETIC
Rajasthan,Jaipur,Patient Care,5,5,15.2,Low,SYNTHETIC_DEMO,SYNTHETIC
Rajasthan,Jaipur,Pharmacy Operations,2,2,6.1,Low,SYNTHETIC_DEMO,SYNTHETIC
Rajasthan,Jaipur,Post-Harvest Management,3,2,6.6,Low,SYNTHETIC_DEMO,SYNTHETIC
Rajasthan,Jaipur,PostgreSQL,3,3,9.1,Low,SYNTHETIC_DEMO,SYNTHETIC
Rajasthan,Jaipur,Power BI,7,7,21.3,Low,SYNTHETIC_DEMO,SYNTHETIC
Rajasthan,Jaipur,Problem Solving,88,14,82.3,Very High,SYNTHETIC_DEMO,SYNTHETIC
Rajasthan,Jaipur,Production Planning,23,10,37.4,Moderate,SYNTHETIC_DEMO,SYNTHETIC
Rajasthan,Jaipur,Project Planning,1,1,3.0,Low,SYNTHETIC_DEMO,SYNTHETIC
Rajasthan,Jaipur,Python,6,4,13.2,Low,SYNTHETIC_DEMO,SYNTHETIC
Rajasthan,Jaipur,Quality Control,21,11,38.8,Moderate,SYNTHETIC_DEMO,SYNTHETIC
Rajasthan,Jaipur,Quantity Surveying,3,3,9.1,Low,SYNTHETIC_DEMO,SYNTHETIC
Rajasthan,Jaipur,REST APIs,4,4,12.1,Low,SYNTHETIC_DEMO,SYNTHETIC
Rajasthan,Jaipur,React,3,3,9.1,Low,SYNTHETIC_DEMO,SYNTHETIC
Rajasthan,Jaipur,Route Planning,4,4,12.1,Low,SYNTHETIC_DEMO,SYNTHETIC
Rajasthan,Jaipur,SCADA,8,6,19.3,Low,SYNTHETIC_DEMO,SYNTHETIC
Rajasthan,Jaipur,SQL,5,4,12.7,Low,SYNTHETIC_DEMO,SYNTHETIC
Rajasthan,Jaipur,Sales,5,3,10.2,Low,SYNTHETIC_DEMO,SYNTHETIC
Rajasthan,Jaipur,Sensors,13,9,29.5,Moderate,SYNTHETIC_DEMO,SYNTHETIC
Rajasthan,Jaipur,Service Operations,10,7,22.9,Low,SYNTHETIC_DEMO,SYNTHETIC
Rajasthan,Jaipur,Site Supervision,4,4,12.1,Low,SYNTHETIC_DEMO,SYNTHETIC
Rajasthan,Jaipur,SolidWorks,14,9,30.0,Moderate,SYNTHETIC_DEMO,SYNTHETIC
Rajasthan,Jaipur,Structural Analysis,1,1,3.0,Low,SYNTHETIC_DEMO,SYNTHETIC
Rajasthan,Jaipur,Supply Chain,7,6,18.8,Low,SYNTHETIC_DEMO,SYNTHETIC
Rajasthan,Jaipur,Supply Chain Management,7,6,18.8,Low,SYNTHETIC_DEMO,SYNTHETIC
Rajasthan,Jaipur,Surveying,2,2,6.1,Low,SYNTHETIC_DEMO,SYNTHETIC
Rajasthan,Jaipur,Tally,12,6,21.4,Low,SYNTHETIC_DEMO,SYNTHETIC
Rajasthan,Jaipur,Team Management,94,14,85.5,Very High,SYNTHETIC_DEMO,SYNTHETIC
Rajasthan,Jaipur,Two-Wheeler Service,11,6,20.9,Low,SYNTHETIC_DEMO,SYNTHETIC
Rajasthan,Jaipur,TypeScript,2,2,6.1,Low,SYNTHETIC_DEMO,SYNTHETIC
Rajasthan,Jaipur,UI/UX Design,2,2,6.1,Low,SYNTHETIC_DEMO,SYNTHETIC
Rajasthan,Jaipur,Vehicle Diagnostics,29,13,48.1,Moderate,SYNTHETIC_DEMO,SYNTHETIC
Rajasthan,Jaipur,Warehouse Management,3,2,6.6,Low,SYNTHETIC_DEMO,SYNTHETIC
Rajasthan,Jaipur,Welding,21,11,38.8,Moderate,SYNTHETIC_DEMO,SYNTHETIC
Rajasthan,Jaipur,Workplace Safety,82,14,79.0,Very High,SYNTHETIC_DEMO,SYNTHETIC
Tamil Nadu,Chennai,AWS,1,1,3.0,Low,SYNTHETIC_DEMO,SYNTHETIC
Tamil Nadu,Chennai,Accounting,4,3,9.6,Low,SYNTHETIC_DEMO,SYNTHETIC
Tamil Nadu,Chennai,Agri Input Management,1,1,3.0,Low,SYNTHETIC_DEMO,SYNTHETIC
Tamil Nadu,Chennai,Auto Electrical,5,5,15.2,Low,SYNTHETIC_DEMO,SYNTHETIC
Tamil Nadu,Chennai,AutoCAD,27,11,42.0,Moderate,SYNTHETIC_DEMO,SYNTHETIC
Tamil Nadu,Chennai,AutoCAD Electrical,6,4,13.2,Low,SYNTHETIC_DEMO,SYNTHETIC
Tamil Nadu,Chennai,Automotive CAD,14,8,27.5,Moderate,SYNTHETIC_DEMO,SYNTHETIC
Tamil Nadu,Chennai,Automotive Diagnostics,9,9,27.3,Moderate,SYNTHETIC_DEMO,SYNTHETIC
Tamil Nadu,Chennai,Azure,5,4,12.7,Low,SYNTHETIC_DEMO,SYNTHETIC
Tamil Nadu,Chennai,Battery Management Systems,10,9,27.9,Moderate,SYNTHETIC_DEMO,SYNTHETIC
Tamil Nadu,Chennai,Business Analysis,6,5,15.7,Low,SYNTHETIC_DEMO,SYNTHETIC
Tamil Nadu,Chennai,CNC Milling,22,9,34.3,Moderate,SYNTHETIC_DEMO,SYNTHETIC
Tamil Nadu,Chennai,CNC Operation,28,13,47.5,Moderate,SYNTHETIC_DEMO,SYNTHETIC
Tamil Nadu,Chennai,CNC Programming,24,11,40.4,Moderate,SYNTHETIC_DEMO,SYNTHETIC
Tamil Nadu,Chennai,CNC Turning,11,6,20.9,Low,SYNTHETIC_DEMO,SYNTHETIC
Tamil Nadu,Chennai,Clinical Documentation,4,3,9.6,Low,SYNTHETIC_DEMO,SYNTHETIC
Tamil Nadu,Chennai,Cold Chain,1,1,3.0,Low,SYNTHETIC_DEMO,SYNTHETIC
Tamil Nadu,Chennai,Communication,86,14,81.2,Very High,SYNTHETIC_DEMO,SYNTHETIC
Tamil Nadu,Chennai,Construction Safety,3,3,9.1,Low,SYNTHETIC_DEMO,SYNTHETIC
Tamil Nadu,Chennai,Control Systems,8,8,24.3,Low,SYNTHETIC_DEMO,SYNTHETIC
Tamil Nadu,Chennai,Customer Service,4,4,12.1,Low,SYNTHETIC_DEMO,SYNTHETIC
Tamil Nadu,Chennai,Cybersecurity,6,5,15.7,Low,SYNTHETIC_DEMO,SYNTHETIC
Tamil Nadu,Chennai,Data Analysis,6,5,15.7,Low,SYNTHETIC_DEMO,SYNTHETIC
Tamil Nadu,Chennai,Digital Literacy,78,14,76.9,Very High,SYNTHETIC_DEMO,SYNTHETIC
Tamil Nadu,Chennai,Digital Marketing,6,5,15.7,Low,SYNTHETIC_DEMO,SYNTHETIC
Tamil Nadu,Chennai,Docker,3,3,9.1,Low,SYNTHETIC_DEMO,SYNTHETIC
Tamil Nadu,Chennai,EV Battery Maintenance,7,6,18.8,Low,SYNTHETIC_DEMO,SYNTHETIC
Tamil Nadu,Chennai,EV Systems,11,8,25.9,Moderate,SYNTHETIC_DEMO,SYNTHETIC
Tamil Nadu,Chennai,Electric Motor Systems,16,13,41.1,Moderate,SYNTHETIC_DEMO,SYNTHETIC
Tamil Nadu,Chennai,Electrical Testing,8,6,19.3,Low,SYNTHETIC_DEMO,SYNTHETIC
Tamil Nadu,Chennai,Embedded Systems,4,3,9.6,Low,SYNTHETIC_DEMO,SYNTHETIC
Tamil Nadu,Chennai,English Communication,84,14,80.1,Very High,SYNTHETIC_DEMO,SYNTHETIC
Tamil Nadu,Chennai,Excel,4,4,12.1,Low,SYNTHETIC_DEMO,SYNTHETIC
Tamil Nadu,Chennai,Farm Machinery,1,1,3.0,Low,SYNTHETIC_DEMO,SYNTHETIC
Tamil Nadu,Chennai,Financial Analysis,5,5,15.2,Low,SYNTHETIC_DEMO,SYNTHETIC
Tamil Nadu,Chennai,Fleet Management,8,6,19.3,Low,SYNTHETIC_DEMO,SYNTHETIC
Tamil Nadu,Chennai,Food Processing,2,2,6.1,Low,SYNTHETIC_DEMO,SYNTHETIC
Tamil Nadu,Chennai,Forklift Operation,6,5,15.7,Low,SYNTHETIC_DEMO,SYNTHETIC
Tamil Nadu,Chennai,GST,4,4,12.1,Low,SYNTHETIC_DEMO,SYNTHETIC
Tamil Nadu,Chennai,Git,5,4,12.7,Low,SYNTHETIC_DEMO,SYNTHETIC
Tamil Nadu,Chennai,Healthcare Administration,2,2,6.1,Low,SYNTHETIC_DEMO,SYNTHETIC
Tamil Nadu,Chennai,Industrial Automation,3,3,9.1,Low,SYNTHETIC_DEMO,SYNTHETIC
Tamil Nadu,Chennai,Inventory Management,8,7,21.8,Low,SYNTHETIC_DEMO,SYNTHETIC
Tamil Nadu,Chennai,IoT,9,6,19.8,Low,SYNTHETIC_DEMO,SYNTHETIC
Tamil Nadu,Chennai,Irrigation Management,1,1,3.0,Low,SYNTHETIC_DEMO,SYNTHETIC
Tamil Nadu,Chennai,Java,2,1,3.6,Low,SYNTHETIC_DEMO,SYNTHETIC
Tamil Nadu,Chennai,JavaScript,1,1,3.0,Low,SYNTHETIC_DEMO,SYNTHETIC
Tamil Nadu,Chennai,Laboratory Techniques,6,5,15.7,Low,SYNTHETIC_DEMO,SYNTHETIC
Tamil Nadu,Chennai,Lean Manufacturing,22,10,36.8,Moderate,SYNTHETIC_DEMO,SYNTHETIC
Tamil Nadu,Chennai,Logistics Planning,9,6,19.8,Low,SYNTHETIC_DEMO,SYNTHETIC
Tamil Nadu,Chennai,Machine Learning,1,1,3.0,Low,SYNTHETIC_DEMO,SYNTHETIC
Tamil Nadu,Chennai,Machine Maintenance,17,10,34.1,Moderate,SYNTHETIC_DEMO,SYNTHETIC
Tamil Nadu,Chennai,Mechanical Assembly,18,10,34.7,Moderate,SYNTHETIC_DEMO,SYNTHETIC
Tamil Nadu,Chennai,Medical Coding,2,2,6.1,Low,SYNTHETIC_DEMO,SYNTHETIC
Tamil Nadu,Chennai,Medical Equipment Maintenance,2,2,6.1,Low,SYNTHETIC_DEMO,SYNTHETIC
Tamil Nadu,Chennai,Microsoft Excel,90,14,83.3,Very High,SYNTHETIC_DEMO,SYNTHETIC
Tamil Nadu,Chennai,Next.js,4,4,12.1,Low,SYNTHETIC_DEMO,SYNTHETIC
Tamil Nadu,Chennai,Node.js,5,5,15.2,Low,SYNTHETIC_DEMO,SYNTHETIC
Tamil Nadu,Chennai,PCB Design,1,1,3.0,Low,SYNTHETIC_DEMO,SYNTHETIC
Tamil Nadu,Chennai,PLC,8,7,21.8,Low,SYNTHETIC_DEMO,SYNTHETIC
Tamil Nadu,Chennai,Patient Care,3,2,6.6,Low,SYNTHETIC_DEMO,SYNTHETIC
Tamil Nadu,Chennai,Pharmacy Operations,5,4,12.7,Low,SYNTHETIC_DEMO,SYNTHETIC
Tamil Nadu,Chennai,Post-Harvest Management,6,4,13.2,Low,SYNTHETIC_DEMO,SYNTHETIC
Tamil Nadu,Chennai,PostgreSQL,3,3,9.1,Low,SYNTHETIC_DEMO,SYNTHETIC
Tamil Nadu,Chennai,Power BI,1,1,3.0,Low,SYNTHETIC_DEMO,SYNTHETIC
Tamil Nadu,Chennai,Precision Agriculture,1,1,3.0,Low,SYNTHETIC_DEMO,SYNTHETIC
Tamil Nadu,Chennai,Problem Solving,79,14,77.4,Very High,SYNTHETIC_DEMO,SYNTHETIC
Tamil Nadu,Chennai,Production Planning,16,9,31.1,Moderate,SYNTHETIC_DEMO,SYNTHETIC
Tamil Nadu,Chennai,Project Planning,1,1,3.0,Low,SYNTHETIC_DEMO,SYNTHETIC
Tamil Nadu,Chennai,Python,3,3,9.1,Low,SYNTHETIC_DEMO,SYNTHETIC
Tamil Nadu,Chennai,Quality Control,27,14,49.5,Moderate,SYNTHETIC_DEMO,SYNTHETIC
Tamil Nadu,Chennai,Quantity Surveying,4,3,9.6,Low,SYNTHETIC_DEMO,SYNTHETIC
Tamil Nadu,Chennai,REST APIs,6,6,18.2,Low,SYNTHETIC_DEMO,SYNTHETIC
Tamil Nadu,Chennai,React,3,3,9.1,Low,SYNTHETIC_DEMO,SYNTHETIC
Tamil Nadu,Chennai,Route Planning,6,4,13.2,Low,SYNTHETIC_DEMO,SYNTHETIC
Tamil Nadu,Chennai,SCADA,9,5,17.3,Low,SYNTHETIC_DEMO,SYNTHETIC
Tamil Nadu,Chennai,SQL,2,2,6.1,Low,SYNTHETIC_DEMO,SYNTHETIC
Tamil Nadu,Chennai,Sales,2,2,6.1,Low,SYNTHETIC_DEMO,SYNTHETIC
Tamil Nadu,Chennai,Sensors,11,7,23.4,Low,SYNTHETIC_DEMO,SYNTHETIC
Tamil Nadu,Chennai,Service Operations,5,4,12.7,Low,SYNTHETIC_DEMO,SYNTHETIC
Tamil Nadu,Chennai,Site Supervision,1,1,3.0,Low,SYNTHETIC_DEMO,SYNTHETIC
Tamil Nadu,Chennai,SolidWorks,17,10,34.1,Moderate,SYNTHETIC_DEMO,SYNTHETIC
Tamil Nadu,Chennai,Supply Chain,1,1,3.0,Low,SYNTHETIC_DEMO,SYNTHETIC
Tamil Nadu,Chennai,Supply Chain Management,12,8,26.4,Moderate,SYNTHETIC_DEMO,SYNTHETIC
Tamil Nadu,Chennai,Surveying,2,2,6.1,Low,SYNTHETIC_DEMO,SYNTHETIC
Tamil Nadu,Chennai,Tally,2,2,6.1,Low,SYNTHETIC_DEMO,SYNTHETIC
Tamil Nadu,Chennai,Team Management,89,14,82.8,Very High,SYNTHETIC_DEMO,SYNTHETIC
Tamil Nadu,Chennai,Two-Wheeler Service,13,8,27.0,Moderate,SYNTHETIC_DEMO,SYNTHETIC
Tamil Nadu,Chennai,TypeScript,5,5,15.2,Low,SYNTHETIC_DEMO,SYNTHETIC
Tamil Nadu,Chennai,UI/UX Design,6,5,15.7,Low,SYNTHETIC_DEMO,SYNTHETIC
Tamil Nadu,Chennai,Vehicle Diagnostics,15,10,33.1,Moderate,SYNTHETIC_DEMO,SYNTHETIC
Tamil Nadu,Chennai,Warehouse Management,6,6,18.2,Low,SYNTHETIC_DEMO,SYNTHETIC
Tamil Nadu,Chennai,Welding,23,12,42.4,Moderate,SYNTHETIC_DEMO,SYNTHETIC
Tamil Nadu,Chennai,Workplace Safety,81,14,78.5,Very High,SYNTHETIC_DEMO,SYNTHETIC
Tamil Nadu,Coimbatore,AWS,3,3,9.1,Low,SYNTHETIC_DEMO,SYNTHETIC
Tamil Nadu,Coimbatore,Accounting,12,7,23.9,Low,SYNTHETIC_DEMO,SYNTHETIC
Tamil Nadu,Coimbatore,Agri Input Management,1,1,3.0,Low,SYNTHETIC_DEMO,SYNTHETIC
Tamil Nadu,Coimbatore,Auto Electrical,11,7,23.4,Low,SYNTHETIC_DEMO,SYNTHETIC
Tamil Nadu,Coimbatore,AutoCAD,18,8,29.7,Moderate,SYNTHETIC_DEMO,SYNTHETIC
Tamil Nadu,Coimbatore,AutoCAD Electrical,5,4,12.7,Low,SYNTHETIC_DEMO,SYNTHETIC
Tamil Nadu,Coimbatore,Automotive CAD,18,9,32.2,Moderate,SYNTHETIC_DEMO,SYNTHETIC
Tamil Nadu,Coimbatore,Automotive Diagnostics,19,9,32.7,Moderate,SYNTHETIC_DEMO,SYNTHETIC
Tamil Nadu,Coimbatore,Azure,3,3,9.1,Low,SYNTHETIC_DEMO,SYNTHETIC
Tamil Nadu,Coimbatore,Battery Management Systems,8,6,19.3,Low,SYNTHETIC_DEMO,SYNTHETIC
Tamil Nadu,Coimbatore,Business Analysis,7,6,18.8,Low,SYNTHETIC_DEMO,SYNTHETIC
Tamil Nadu,Coimbatore,CNC Milling,24,12,42.9,Moderate,SYNTHETIC_DEMO,SYNTHETIC
Tamil Nadu,Coimbatore,CNC Operation,29,13,48.1,Moderate,SYNTHETIC_DEMO,SYNTHETIC
Tamil Nadu,Coimbatore,CNC Programming,19,12,40.2,Moderate,SYNTHETIC_DEMO,SYNTHETIC
Tamil Nadu,Coimbatore,CNC Turning,16,10,33.6,Moderate,SYNTHETIC_DEMO,SYNTHETIC
Tamil Nadu,Coimbatore,Civil Drafting,2,2,6.1,Low,SYNTHETIC_DEMO,SYNTHETIC
Tamil Nadu,Coimbatore,Clinical Documentation,4,4,12.1,Low,SYNTHETIC_DEMO,SYNTHETIC
Tamil Nadu,Coimbatore,Communication,99,14,88.2,Very High,SYNTHETIC_DEMO,SYNTHETIC
Tamil Nadu,Coimbatore,Construction Safety,4,4,12.1,Low,SYNTHETIC_DEMO,SYNTHETIC
Tamil Nadu,Coimbatore,Control Systems,11,8,25.9,Moderate,SYNTHETIC_DEMO,SYNTHETIC
Tamil Nadu,Coimbatore,Customer Service,6,5,15.7,Low,SYNTHETIC_DEMO,SYNTHETIC
Tamil Nadu,Coimbatore,Cybersecurity,3,2,6.6,Low,SYNTHETIC_DEMO,SYNTHETIC
Tamil Nadu,Coimbatore,Data Analysis,3,2,6.6,Low,SYNTHETIC_DEMO,SYNTHETIC
Tamil Nadu,Coimbatore,Digital Literacy,89,14,82.8,Very High,SYNTHETIC_DEMO,SYNTHETIC
Tamil Nadu,Coimbatore,Digital Marketing,3,3,9.1,Low,SYNTHETIC_DEMO,SYNTHETIC
Tamil Nadu,Coimbatore,Docker,3,3,9.1,Low,SYNTHETIC_DEMO,SYNTHETIC
Tamil Nadu,Coimbatore,EV Battery Maintenance,18,10,34.7,Moderate,SYNTHETIC_DEMO,SYNTHETIC
Tamil Nadu,Coimbatore,EV Systems,13,9,29.5,Moderate,SYNTHETIC_DEMO,SYNTHETIC
Tamil Nadu,Coimbatore,Electric Motor Systems,9,7,22.3,Low,SYNTHETIC_DEMO,SYNTHETIC
Tamil Nadu,Coimbatore,Electrical Testing,12,8,26.4,Moderate,SYNTHETIC_DEMO,SYNTHETIC
Tamil Nadu,Coimbatore,Embedded Systems,13,8,27.0,Moderate,SYNTHETIC_DEMO,SYNTHETIC
Tamil Nadu,Coimbatore,English Communication,89,14,82.8,Very High,SYNTHETIC_DEMO,SYNTHETIC
Tamil Nadu,Coimbatore,Excel,10,7,22.9,Low,SYNTHETIC_DEMO,SYNTHETIC
Tamil Nadu,Coimbatore,Farm Machinery,1,1,3.0,Low,SYNTHETIC_DEMO,SYNTHETIC
Tamil Nadu,Coimbatore,Figma,3,2,6.6,Low,SYNTHETIC_DEMO,SYNTHETIC
Tamil Nadu,Coimbatore,Financial Analysis,4,2,7.1,Low,SYNTHETIC_DEMO,SYNTHETIC
Tamil Nadu,Coimbatore,Fleet Management,9,5,17.3,Low,SYNTHETIC_DEMO,SYNTHETIC
Tamil Nadu,Coimbatore,Forklift Operation,3,3,9.1,Low,SYNTHETIC_DEMO,SYNTHETIC
Tamil Nadu,Coimbatore,GST,4,4,12.1,Low,SYNTHETIC_DEMO,SYNTHETIC
Tamil Nadu,Coimbatore,Git,3,3,9.1,Low,SYNTHETIC_DEMO,SYNTHETIC
Tamil Nadu,Coimbatore,Healthcare Administration,4,4,12.1,Low,SYNTHETIC_DEMO,SYNTHETIC
Tamil Nadu,Coimbatore,Industrial Automation,7,4,13.8,Low,SYNTHETIC_DEMO,SYNTHETIC
Tamil Nadu,Coimbatore,Inventory Management,4,4,12.1,Low,SYNTHETIC_DEMO,SYNTHETIC
Tamil Nadu,Coimbatore,IoT,9,8,24.8,Low,SYNTHETIC_DEMO,SYNTHETIC
Tamil Nadu,Coimbatore,Irrigation Management,2,2,6.1,Low,SYNTHETIC_DEMO,SYNTHETIC
Tamil Nadu,Coimbatore,Java,2,2,6.1,Low,SYNTHETIC_DEMO,SYNTHETIC
Tamil Nadu,Coimbatore,JavaScript,7,6,18.8,Low,SYNTHETIC_DEMO,SYNTHETIC
Tamil Nadu,Coimbatore,Laboratory Techniques,3,2,6.6,Low,SYNTHETIC_DEMO,SYNTHETIC
Tamil Nadu,Coimbatore,Lean Manufacturing,15,11,35.6,Moderate,SYNTHETIC_DEMO,SYNTHETIC
Tamil Nadu,Coimbatore,Logistics Planning,8,7,21.8,Low,SYNTHETIC_DEMO,SYNTHETIC
Tamil Nadu,Coimbatore,Machine Learning,5,5,15.2,Low,SYNTHETIC_DEMO,SYNTHETIC
Tamil Nadu,Coimbatore,Machine Maintenance,22,11,39.3,Moderate,SYNTHETIC_DEMO,SYNTHETIC
Tamil Nadu,Coimbatore,Mechanical Assembly,9,8,24.8,Low,SYNTHETIC_DEMO,SYNTHETIC
Tamil Nadu,Coimbatore,Medical Coding,6,5,15.7,Low,SYNTHETIC_DEMO,SYNTHETIC
Tamil Nadu,Coimbatore,Medical Equipment Maintenance,2,2,6.1,Low,SYNTHETIC_DEMO,SYNTHETIC
Tamil Nadu,Coimbatore,Microsoft Excel,106,14,91.9,Very High,SYNTHETIC_DEMO,SYNTHETIC
Tamil Nadu,Coimbatore,Next.js,2,2,6.1,Low,SYNTHETIC_DEMO,SYNTHETIC
Tamil Nadu,Coimbatore,Node.js,4,3,9.6,Low,SYNTHETIC_DEMO,SYNTHETIC
Tamil Nadu,Coimbatore,PCB Design,11,7,23.4,Low,SYNTHETIC_DEMO,SYNTHETIC
Tamil Nadu,Coimbatore,PLC,11,9,28.4,Moderate,SYNTHETIC_DEMO,SYNTHETIC
Tamil Nadu,Coimbatore,Patient Care,7,5,16.3,Low,SYNTHETIC_DEMO,SYNTHETIC
Tamil Nadu,Coimbatore,Pharmacy Operations,8,6,19.3,Low,SYNTHETIC_DEMO,SYNTHETIC
Tamil Nadu,Coimbatore,Post-Harvest Management,1,1,3.0,Low,SYNTHETIC_DEMO,SYNTHETIC
Tamil Nadu,Coimbatore,PostgreSQL,5,5,15.2,Low,SYNTHETIC_DEMO,SYNTHETIC
Tamil Nadu,Coimbatore,Power BI,6,4,13.2,Low,SYNTHETIC_DEMO,SYNTHETIC
Tamil Nadu,Coimbatore,Precision Agriculture,1,1,3.0,Low,SYNTHETIC_DEMO,SYNTHETIC
Tamil Nadu,Coimbatore,Problem Solving,83,14,79.6,Very High,SYNTHETIC_DEMO,SYNTHETIC
Tamil Nadu,Coimbatore,Production Planning,16,10,33.6,Moderate,SYNTHETIC_DEMO,SYNTHETIC
Tamil Nadu,Coimbatore,Project Planning,1,1,3.0,Low,SYNTHETIC_DEMO,SYNTHETIC
Tamil Nadu,Coimbatore,Python,4,4,12.1,Low,SYNTHETIC_DEMO,SYNTHETIC
Tamil Nadu,Coimbatore,Quality Control,28,12,45.0,Moderate,SYNTHETIC_DEMO,SYNTHETIC
Tamil Nadu,Coimbatore,Quantity Surveying,6,5,15.7,Low,SYNTHETIC_DEMO,SYNTHETIC
Tamil Nadu,Coimbatore,REST APIs,2,1,3.6,Low,SYNTHETIC_DEMO,SYNTHETIC
Tamil Nadu,Coimbatore,React,7,7,21.3,Low,SYNTHETIC_DEMO,SYNTHETIC
Tamil Nadu,Coimbatore,Route Planning,2,2,6.1,Low,SYNTHETIC_DEMO,SYNTHETIC
Tamil Nadu,Coimbatore,SCADA,16,10,33.6,Moderate,SYNTHETIC_DEMO,SYNTHETIC
Tamil Nadu,Coimbatore,SQL,5,4,12.7,Low,SYNTHETIC_DEMO,SYNTHETIC
Tamil Nadu,Coimbatore,Sales,2,2,6.1,Low,SYNTHETIC_DEMO,SYNTHETIC
Tamil Nadu,Coimbatore,Sensors,14,7,25.0,Low,SYNTHETIC_DEMO,SYNTHETIC
Tamil Nadu,Coimbatore,Service Operations,7,6,18.8,Low,SYNTHETIC_DEMO,SYNTHETIC
Tamil Nadu,Coimbatore,Site Supervision,4,4,12.1,Low,SYNTHETIC_DEMO,SYNTHETIC
Tamil Nadu,Coimbatore,SolidWorks,25,12,43.4,Moderate,SYNTHETIC_DEMO,SYNTHETIC
Tamil Nadu,Coimbatore,Structural Analysis,3,3,9.1,Low,SYNTHETIC_DEMO,SYNTHETIC
Tamil Nadu,Coimbatore,Supply Chain,3,3,9.1,Low,SYNTHETIC_DEMO,SYNTHETIC
Tamil Nadu,Coimbatore,Supply Chain Management,8,6,19.3,Low,SYNTHETIC_DEMO,SYNTHETIC
Tamil Nadu,Coimbatore,Surveying,4,3,9.6,Low,SYNTHETIC_DEMO,SYNTHETIC
Tamil Nadu,Coimbatore,Tally,12,9,28.9,Moderate,SYNTHETIC_DEMO,SYNTHETIC
Tamil Nadu,Coimbatore,Team Management,95,14,86.0,Very High,SYNTHETIC_DEMO,SYNTHETIC
Tamil Nadu,Coimbatore,Two-Wheeler Service,14,9,30.0,Moderate,SYNTHETIC_DEMO,SYNTHETIC
Tamil Nadu,Coimbatore,TypeScript,2,2,6.1,Low,SYNTHETIC_DEMO,SYNTHETIC
Tamil Nadu,Coimbatore,UI/UX Design,3,3,9.1,Low,SYNTHETIC_DEMO,SYNTHETIC
Tamil Nadu,Coimbatore,Vehicle Diagnostics,28,12,45.0,Moderate,SYNTHETIC_DEMO,SYNTHETIC
Tamil Nadu,Coimbatore,Warehouse Management,2,2,6.1,Low,SYNTHETIC_DEMO,SYNTHETIC
Tamil Nadu,Coimbatore,Welding,22,12,41.8,Moderate,SYNTHETIC_DEMO,SYNTHETIC
Tamil Nadu,Coimbatore,Workplace Safety,84,14,80.1,Very High,SYNTHETIC_DEMO,SYNTHETIC
Tamil Nadu,Madurai,AWS,6,4,13.2,Low,SYNTHETIC_DEMO,SYNTHETIC
Tamil Nadu,Madurai,Accounting,6,5,15.7,Low,SYNTHETIC_DEMO,SYNTHETIC
Tamil Nadu,Madurai,Agri Input Management,1,1,3.0,Low,SYNTHETIC_DEMO,SYNTHETIC
Tamil Nadu,Madurai,Auto Electrical,13,8,27.0,Moderate,SYNTHETIC_DEMO,SYNTHETIC
Tamil Nadu,Madurai,AutoCAD,21,10,36.3,Moderate,SYNTHETIC_DEMO,SYNTHETIC
Tamil Nadu,Madurai,AutoCAD Electrical,11,7,23.4,Low,SYNTHETIC_DEMO,SYNTHETIC
Tamil Nadu,Madurai,Automotive CAD,13,8,27.0,Moderate,SYNTHETIC_DEMO,SYNTHETIC
Tamil Nadu,Madurai,Automotive Diagnostics,8,6,19.3,Low,SYNTHETIC_DEMO,SYNTHETIC
Tamil Nadu,Madurai,Azure,7,7,21.3,Low,SYNTHETIC_DEMO,SYNTHETIC
Tamil Nadu,Madurai,Battery Management Systems,18,9,32.2,Moderate,SYNTHETIC_DEMO,SYNTHETIC
Tamil Nadu,Madurai,Business Analysis,6,4,13.2,Low,SYNTHETIC_DEMO,SYNTHETIC
Tamil Nadu,Madurai,CNC Milling,20,11,38.2,Moderate,SYNTHETIC_DEMO,SYNTHETIC
Tamil Nadu,Madurai,CNC Operation,30,12,46.1,Moderate,SYNTHETIC_DEMO,SYNTHETIC
Tamil Nadu,Madurai,CNC Programming,28,13,47.5,Moderate,SYNTHETIC_DEMO,SYNTHETIC
Tamil Nadu,Madurai,CNC Turning,22,10,36.8,Moderate,SYNTHETIC_DEMO,SYNTHETIC
Tamil Nadu,Madurai,Civil Drafting,3,1,4.1,Low,SYNTHETIC_DEMO,SYNTHETIC
Tamil Nadu,Madurai,Clinical Documentation,6,6,18.2,Low,SYNTHETIC_DEMO,SYNTHETIC
Tamil Nadu,Madurai,Cold Chain,1,1,3.0,Low,SYNTHETIC_DEMO,SYNTHETIC
Tamil Nadu,Madurai,Communication,88,14,82.3,Very High,SYNTHETIC_DEMO,SYNTHETIC
Tamil Nadu,Madurai,Construction Safety,10,7,22.9,Low,SYNTHETIC_DEMO,SYNTHETIC
Tamil Nadu,Madurai,Control Systems,8,6,19.3,Low,SYNTHETIC_DEMO,SYNTHETIC
Tamil Nadu,Madurai,Customer Service,4,3,9.6,Low,SYNTHETIC_DEMO,SYNTHETIC
Tamil Nadu,Madurai,Cybersecurity,1,1,3.0,Low,SYNTHETIC_DEMO,SYNTHETIC
Tamil Nadu,Madurai,Data Analysis,5,4,12.7,Low,SYNTHETIC_DEMO,SYNTHETIC
Tamil Nadu,Madurai,Digital Literacy,88,14,82.3,Very High,SYNTHETIC_DEMO,SYNTHETIC
Tamil Nadu,Madurai,Digital Marketing,7,5,16.3,Low,SYNTHETIC_DEMO,SYNTHETIC
Tamil Nadu,Madurai,Docker,1,1,3.0,Low,SYNTHETIC_DEMO,SYNTHETIC
Tamil Nadu,Madurai,EV Battery Maintenance,18,9,32.2,Moderate,SYNTHETIC_DEMO,SYNTHETIC
Tamil Nadu,Madurai,EV Systems,15,8,28.1,Moderate,SYNTHETIC_DEMO,SYNTHETIC
Tamil Nadu,Madurai,Electric Motor Systems,17,10,34.1,Moderate,SYNTHETIC_DEMO,SYNTHETIC
Tamil Nadu,Madurai,Electrical Testing,7,7,21.3,Low,SYNTHETIC_DEMO,SYNTHETIC
Tamil Nadu,Madurai,Embedded Systems,3,2,6.6,Low,SYNTHETIC_DEMO,SYNTHETIC
Tamil Nadu,Madurai,English Communication,81,14,78.5,Very High,SYNTHETIC_DEMO,SYNTHETIC
Tamil Nadu,Madurai,Excel,13,6,22.0,Low,SYNTHETIC_DEMO,SYNTHETIC
Tamil Nadu,Madurai,Financial Analysis,3,2,6.6,Low,SYNTHETIC_DEMO,SYNTHETIC
Tamil Nadu,Madurai,Fleet Management,7,6,18.8,Low,SYNTHETIC_DEMO,SYNTHETIC
Tamil Nadu,Madurai,Food Processing,6,4,13.2,Low,SYNTHETIC_DEMO,SYNTHETIC
Tamil Nadu,Madurai,Forklift Operation,2,2,6.1,Low,SYNTHETIC_DEMO,SYNTHETIC
Tamil Nadu,Madurai,GST,7,6,18.8,Low,SYNTHETIC_DEMO,SYNTHETIC
Tamil Nadu,Madurai,Healthcare Administration,3,3,9.1,Low,SYNTHETIC_DEMO,SYNTHETIC
Tamil Nadu,Madurai,Industrial Automation,9,8,24.8,Low,SYNTHETIC_DEMO,SYNTHETIC
Tamil Nadu,Madurai,Inventory Management,11,8,25.9,Moderate,SYNTHETIC_DEMO,SYNTHETIC
Tamil Nadu,Madurai,IoT,4,3,9.6,Low,SYNTHETIC_DEMO,SYNTHETIC
Tamil Nadu,Madurai,Irrigation Management,1,1,3.0,Low,SYNTHETIC_DEMO,SYNTHETIC
Tamil Nadu,Madurai,Java,3,3,9.1,Low,SYNTHETIC_DEMO,SYNTHETIC
Tamil Nadu,Madurai,JavaScript,5,4,12.7,Low,SYNTHETIC_DEMO,SYNTHETIC
Tamil Nadu,Madurai,Laboratory Techniques,2,2,6.1,Low,SYNTHETIC_DEMO,SYNTHETIC
Tamil Nadu,Madurai,Lean Manufacturing,27,14,49.5,Moderate,SYNTHETIC_DEMO,SYNTHETIC
Tamil Nadu,Madurai,Logistics Planning,11,7,23.4,Low,SYNTHETIC_DEMO,SYNTHETIC
Tamil Nadu,Madurai,Machine Learning,4,4,12.1,Low,SYNTHETIC_DEMO,SYNTHETIC
Tamil Nadu,Madurai,Machine Maintenance,13,9,29.5,Moderate,SYNTHETIC_DEMO,SYNTHETIC
Tamil Nadu,Madurai,Mechanical Assembly,20,11,38.2,Moderate,SYNTHETIC_DEMO,SYNTHETIC
Tamil Nadu,Madurai,Medical Coding,6,6,18.2,Low,SYNTHETIC_DEMO,SYNTHETIC
Tamil Nadu,Madurai,Medical Equipment Maintenance,4,4,12.1,Low,SYNTHETIC_DEMO,SYNTHETIC
Tamil Nadu,Madurai,Microsoft Excel,98,14,87.6,Very High,SYNTHETIC_DEMO,SYNTHETIC
Tamil Nadu,Madurai,Next.js,4,2,7.1,Low,SYNTHETIC_DEMO,SYNTHETIC
Tamil Nadu,Madurai,Node.js,5,3,10.2,Low,SYNTHETIC_DEMO,SYNTHETIC
Tamil Nadu,Madurai,PCB Design,3,3,9.1,Low,SYNTHETIC_DEMO,SYNTHETIC
Tamil Nadu,Madurai,PLC,7,6,18.8,Low,SYNTHETIC_DEMO,SYNTHETIC
Tamil Nadu,Madurai,Patient Care,4,4,12.1,Low,SYNTHETIC_DEMO,SYNTHETIC
Tamil Nadu,Madurai,Pharmacy Operations,1,1,3.0,Low,SYNTHETIC_DEMO,SYNTHETIC
Tamil Nadu,Madurai,Post-Harvest Management,2,2,6.1,Low,SYNTHETIC_DEMO,SYNTHETIC
Tamil Nadu,Madurai,PostgreSQL,1,1,3.0,Low,SYNTHETIC_DEMO,SYNTHETIC
Tamil Nadu,Madurai,Power BI,2,2,6.1,Low,SYNTHETIC_DEMO,SYNTHETIC
Tamil Nadu,Madurai,Precision Agriculture,4,3,9.6,Low,SYNTHETIC_DEMO,SYNTHETIC
Tamil Nadu,Madurai,Problem Solving,68,14,71.5,High,SYNTHETIC_DEMO,SYNTHETIC
Tamil Nadu,Madurai,Production Planning,27,13,47.0,Moderate,SYNTHETIC_DEMO,SYNTHETIC
Tamil Nadu,Madurai,Project Planning,2,2,6.1,Low,SYNTHETIC_DEMO,SYNTHETIC
Tamil Nadu,Madurai,Python,5,4,12.7,Low,SYNTHETIC_DEMO,SYNTHETIC
Tamil Nadu,Madurai,Quality Control,25,11,40.9,Moderate,SYNTHETIC_DEMO,SYNTHETIC
Tamil Nadu,Madurai,Quantity Surveying,3,3,9.1,Low,SYNTHETIC_DEMO,SYNTHETIC
Tamil Nadu,Madurai,REST APIs,3,3,9.1,Low,SYNTHETIC_DEMO,SYNTHETIC
Tamil Nadu,Madurai,React,5,5,15.2,Low,SYNTHETIC_DEMO,SYNTHETIC
Tamil Nadu,Madurai,Route Planning,8,7,21.8,Low,SYNTHETIC_DEMO,SYNTHETIC
Tamil Nadu,Madurai,SCADA,6,5,15.7,Low,SYNTHETIC_DEMO,SYNTHETIC
Tamil Nadu,Madurai,SQL,2,2,6.1,Low,SYNTHETIC_DEMO,SYNTHETIC
Tamil Nadu,Madurai,Sales,6,5,15.7,Low,SYNTHETIC_DEMO,SYNTHETIC
Tamil Nadu,Madurai,Sensors,13,8,27.0,Moderate,SYNTHETIC_DEMO,SYNTHETIC
Tamil Nadu,Madurai,Service Operations,12,8,26.4,Moderate,SYNTHETIC_DEMO,SYNTHETIC
Tamil Nadu,Madurai,Site Supervision,7,5,16.3,Low,SYNTHETIC_DEMO,SYNTHETIC
Tamil Nadu,Madurai,SolidWorks,18,11,37.2,Moderate,SYNTHETIC_DEMO,SYNTHETIC
Tamil Nadu,Madurai,Structural Analysis,1,1,3.0,Low,SYNTHETIC_DEMO,SYNTHETIC
Tamil Nadu,Madurai,Supply Chain,4,4,12.1,Low,SYNTHETIC_DEMO,SYNTHETIC
Tamil Nadu,Madurai,Supply Chain Management,6,4,13.2,Low,SYNTHETIC_DEMO,SYNTHETIC
Tamil Nadu,Madurai,Surveying,2,2,6.1,Low,SYNTHETIC_DEMO,SYNTHETIC
Tamil Nadu,Madurai,Tally,11,8,25.9,Moderate,SYNTHETIC_DEMO,SYNTHETIC
Tamil Nadu,Madurai,Team Management,86,14,81.2,Very High,SYNTHETIC_DEMO,SYNTHETIC
Tamil Nadu,Madurai,Two-Wheeler Service,12,9,28.9,Moderate,SYNTHETIC_DEMO,SYNTHETIC
Tamil Nadu,Madurai,TypeScript,4,4,12.1,Low,SYNTHETIC_DEMO,SYNTHETIC
Tamil Nadu,Madurai,UI/UX Design,6,5,15.7,Low,SYNTHETIC_DEMO,SYNTHETIC
Tamil Nadu,Madurai,Vehicle Diagnostics,19,12,40.2,Moderate,SYNTHETIC_DEMO,SYNTHETIC
Tamil Nadu,Madurai,Warehouse Management,10,8,25.4,Moderate,SYNTHETIC_DEMO,SYNTHETIC
Tamil Nadu,Madurai,Welding,23,11,39.9,Moderate,SYNTHETIC_DEMO,SYNTHETIC
Tamil Nadu,Madurai,Workplace Safety,70,14,72.6,High,SYNTHETIC_DEMO,SYNTHETIC
Telangana,Hyderabad,AWS,1,1,3.0,Low,SYNTHETIC_DEMO,SYNTHETIC
Telangana,Hyderabad,Accounting,9,7,22.3,Low,SYNTHETIC_DEMO,SYNTHETIC
Telangana,Hyderabad,Auto Electrical,7,7,21.3,Low,SYNTHETIC_DEMO,SYNTHETIC
Telangana,Hyderabad,AutoCAD,23,13,44.9,Moderate,SYNTHETIC_DEMO,SYNTHETIC
Telangana,Hyderabad,AutoCAD Electrical,10,8,25.4,Moderate,SYNTHETIC_DEMO,SYNTHETIC
Telangana,Hyderabad,Automotive CAD,19,10,35.2,Moderate,SYNTHETIC_DEMO,SYNTHETIC
Telangana,Hyderabad,Automotive Diagnostics,12,9,28.9,Moderate,SYNTHETIC_DEMO,SYNTHETIC
Telangana,Hyderabad,Azure,3,3,9.1,Low,SYNTHETIC_DEMO,SYNTHETIC
Telangana,Hyderabad,Battery Management Systems,19,10,35.2,Moderate,SYNTHETIC_DEMO,SYNTHETIC
Telangana,Hyderabad,Business Analysis,11,8,25.9,Moderate,SYNTHETIC_DEMO,SYNTHETIC
Telangana,Hyderabad,CNC Milling,19,12,40.2,Moderate,SYNTHETIC_DEMO,SYNTHETIC
Telangana,Hyderabad,CNC Operation,31,13,49.2,Moderate,SYNTHETIC_DEMO,SYNTHETIC
Telangana,Hyderabad,CNC Programming,19,12,40.2,Moderate,SYNTHETIC_DEMO,SYNTHETIC
Telangana,Hyderabad,CNC Turning,24,13,45.4,Moderate,SYNTHETIC_DEMO,SYNTHETIC
Telangana,Hyderabad,Civil Drafting,2,2,6.1,Low,SYNTHETIC_DEMO,SYNTHETIC
Telangana,Hyderabad,Clinical Documentation,1,1,3.0,Low,SYNTHETIC_DEMO,SYNTHETIC
Telangana,Hyderabad,Cold Chain,2,2,6.1,Low,SYNTHETIC_DEMO,SYNTHETIC
Telangana,Hyderabad,Communication,94,14,85.5,Very High,SYNTHETIC_DEMO,SYNTHETIC
Telangana,Hyderabad,Construction Safety,3,3,9.1,Low,SYNTHETIC_DEMO,SYNTHETIC
Telangana,Hyderabad,Control Systems,5,4,12.7,Low,SYNTHETIC_DEMO,SYNTHETIC
Telangana,Hyderabad,Customer Service,6,5,15.7,Low,SYNTHETIC_DEMO,SYNTHETIC
Telangana,Hyderabad,Cybersecurity,3,3,9.1,Low,SYNTHETIC_DEMO,SYNTHETIC
Telangana,Hyderabad,Data Analysis,1,1,3.0,Low,SYNTHETIC_DEMO,SYNTHETIC
Telangana,Hyderabad,Digital Literacy,89,14,82.8,Very High,SYNTHETIC_DEMO,SYNTHETIC
Telangana,Hyderabad,Digital Marketing,11,8,25.9,Moderate,SYNTHETIC_DEMO,SYNTHETIC
Telangana,Hyderabad,Docker,2,2,6.1,Low,SYNTHETIC_DEMO,SYNTHETIC
Telangana,Hyderabad,EV Battery Maintenance,21,11,38.8,Moderate,SYNTHETIC_DEMO,SYNTHETIC
Telangana,Hyderabad,EV Systems,6,5,15.7,Low,SYNTHETIC_DEMO,SYNTHETIC
Telangana,Hyderabad,Electric Motor Systems,17,10,34.1,Moderate,SYNTHETIC_DEMO,SYNTHETIC
Telangana,Hyderabad,Electrical Testing,6,5,15.7,Low,SYNTHETIC_DEMO,SYNTHETIC
Telangana,Hyderabad,Embedded Systems,5,4,12.7,Low,SYNTHETIC_DEMO,SYNTHETIC
Telangana,Hyderabad,English Communication,88,14,82.3,Very High,SYNTHETIC_DEMO,SYNTHETIC
Telangana,Hyderabad,Excel,9,7,22.3,Low,SYNTHETIC_DEMO,SYNTHETIC
Telangana,Hyderabad,Farm Machinery,2,2,6.1,Low,SYNTHETIC_DEMO,SYNTHETIC
Telangana,Hyderabad,Figma,3,3,9.1,Low,SYNTHETIC_DEMO,SYNTHETIC
Telangana,Hyderabad,Financial Analysis,5,4,12.7,Low,SYNTHETIC_DEMO,SYNTHETIC
Telangana,Hyderabad,Fleet Management,9,7,22.3,Low,SYNTHETIC_DEMO,SYNTHETIC
Telangana,Hyderabad,Food Processing,2,2,6.1,Low,SYNTHETIC_DEMO,SYNTHETIC
Telangana,Hyderabad,Forklift Operation,6,6,18.2,Low,SYNTHETIC_DEMO,SYNTHETIC
Telangana,Hyderabad,GST,6,4,13.2,Low,SYNTHETIC_DEMO,SYNTHETIC
Telangana,Hyderabad,Git,4,4,12.1,Low,SYNTHETIC_DEMO,SYNTHETIC
Telangana,Hyderabad,Healthcare Administration,4,4,12.1,Low,SYNTHETIC_DEMO,SYNTHETIC
Telangana,Hyderabad,Industrial Automation,10,8,25.4,Moderate,SYNTHETIC_DEMO,SYNTHETIC
Telangana,Hyderabad,Inventory Management,1,1,3.0,Low,SYNTHETIC_DEMO,SYNTHETIC
Telangana,Hyderabad,IoT,6,3,10.7,Low,SYNTHETIC_DEMO,SYNTHETIC
Telangana,Hyderabad,Irrigation Management,1,1,3.0,Low,SYNTHETIC_DEMO,SYNTHETIC
Telangana,Hyderabad,Java,2,2,6.1,Low,SYNTHETIC_DEMO,SYNTHETIC
Telangana,Hyderabad,JavaScript,1,1,3.0,Low,SYNTHETIC_DEMO,SYNTHETIC
Telangana,Hyderabad,Laboratory Techniques,5,4,12.7,Low,SYNTHETIC_DEMO,SYNTHETIC
Telangana,Hyderabad,Lean Manufacturing,18,12,39.7,Moderate,SYNTHETIC_DEMO,SYNTHETIC
Telangana,Hyderabad,Logistics Planning,12,7,23.9,Low,SYNTHETIC_DEMO,SYNTHETIC
Telangana,Hyderabad,Machine Learning,4,4,12.1,Low,SYNTHETIC_DEMO,SYNTHETIC
Telangana,Hyderabad,Machine Maintenance,17,9,31.6,Moderate,SYNTHETIC_DEMO,SYNTHETIC
Telangana,Hyderabad,Mechanical Assembly,13,9,29.5,Moderate,SYNTHETIC_DEMO,SYNTHETIC
Telangana,Hyderabad,Medical Coding,4,4,12.1,Low,SYNTHETIC_DEMO,SYNTHETIC
Telangana,Hyderabad,Medical Equipment Maintenance,9,6,19.8,Low,SYNTHETIC_DEMO,SYNTHETIC
Telangana,Hyderabad,Microsoft Excel,87,14,81.7,Very High,SYNTHETIC_DEMO,SYNTHETIC
Telangana,Hyderabad,Node.js,1,1,3.0,Low,SYNTHETIC_DEMO,SYNTHETIC
Telangana,Hyderabad,PCB Design,14,11,35.0,Moderate,SYNTHETIC_DEMO,SYNTHETIC
Telangana,Hyderabad,PLC,6,5,15.7,Low,SYNTHETIC_DEMO,SYNTHETIC
Telangana,Hyderabad,Patient Care,4,4,12.1,Low,SYNTHETIC_DEMO,SYNTHETIC
Telangana,Hyderabad,Pharmacy Operations,7,5,16.3,Low,SYNTHETIC_DEMO,SYNTHETIC
Telangana,Hyderabad,Post-Harvest Management,2,2,6.1,Low,SYNTHETIC_DEMO,SYNTHETIC
Telangana,Hyderabad,PostgreSQL,1,1,3.0,Low,SYNTHETIC_DEMO,SYNTHETIC
Telangana,Hyderabad,Problem Solving,85,14,80.7,Very High,SYNTHETIC_DEMO,SYNTHETIC
Telangana,Hyderabad,Production Planning,23,13,44.9,Moderate,SYNTHETIC_DEMO,SYNTHETIC
Telangana,Hyderabad,Project Planning,1,1,3.0,Low,SYNTHETIC_DEMO,SYNTHETIC
Telangana,Hyderabad,Python,5,5,15.2,Low,SYNTHETIC_DEMO,SYNTHETIC
Telangana,Hyderabad,Quality Control,21,10,36.3,Moderate,SYNTHETIC_DEMO,SYNTHETIC
Telangana,Hyderabad,Quantity Surveying,2,2,6.1,Low,SYNTHETIC_DEMO,SYNTHETIC
Telangana,Hyderabad,REST APIs,1,1,3.0,Low,SYNTHETIC_DEMO,SYNTHETIC
Telangana,Hyderabad,React,6,5,15.7,Low,SYNTHETIC_DEMO,SYNTHETIC
Telangana,Hyderabad,Route Planning,6,6,18.2,Low,SYNTHETIC_DEMO,SYNTHETIC
Telangana,Hyderabad,SCADA,9,7,22.3,Low,SYNTHETIC_DEMO,SYNTHETIC
Telangana,Hyderabad,SQL,2,2,6.1,Low,SYNTHETIC_DEMO,SYNTHETIC
Telangana,Hyderabad,Sales,5,4,12.7,Low,SYNTHETIC_DEMO,SYNTHETIC
Telangana,Hyderabad,Sensors,9,8,24.8,Low,SYNTHETIC_DEMO,SYNTHETIC
Telangana,Hyderabad,Service Operations,17,10,34.1,Moderate,SYNTHETIC_DEMO,SYNTHETIC
Telangana,Hyderabad,Site Supervision,6,5,15.7,Low,SYNTHETIC_DEMO,SYNTHETIC
Telangana,Hyderabad,SolidWorks,17,9,31.6,Moderate,SYNTHETIC_DEMO,SYNTHETIC
Telangana,Hyderabad,Structural Analysis,2,2,6.1,Low,SYNTHETIC_DEMO,SYNTHETIC
Telangana,Hyderabad,Supply Chain,6,5,15.7,Low,SYNTHETIC_DEMO,SYNTHETIC
Telangana,Hyderabad,Supply Chain Management,6,6,18.2,Low,SYNTHETIC_DEMO,SYNTHETIC
Telangana,Hyderabad,Surveying,3,2,6.6,Low,SYNTHETIC_DEMO,SYNTHETIC
Telangana,Hyderabad,Tally,8,7,21.8,Low,SYNTHETIC_DEMO,SYNTHETIC
Telangana,Hyderabad,Team Management,82,14,79.0,Very High,SYNTHETIC_DEMO,SYNTHETIC
Telangana,Hyderabad,Two-Wheeler Service,13,9,29.5,Moderate,SYNTHETIC_DEMO,SYNTHETIC
Telangana,Hyderabad,UI/UX Design,3,3,9.1,Low,SYNTHETIC_DEMO,SYNTHETIC
Telangana,Hyderabad,Vehicle Diagnostics,16,9,31.1,Moderate,SYNTHETIC_DEMO,SYNTHETIC
Telangana,Hyderabad,Warehouse Management,3,3,9.1,Low,SYNTHETIC_DEMO,SYNTHETIC
Telangana,Hyderabad,Welding,24,12,42.9,Moderate,SYNTHETIC_DEMO,SYNTHETIC
Telangana,Hyderabad,Workplace Safety,79,14,77.4,Very High,SYNTHETIC_DEMO,SYNTHETIC
Uttar Pradesh,Kanpur,AWS,2,2,6.1,Low,SYNTHETIC_DEMO,SYNTHETIC
Uttar Pradesh,Kanpur,Accounting,8,6,19.3,Low,SYNTHETIC_DEMO,SYNTHETIC
Uttar Pradesh,Kanpur,Auto Electrical,12,9,28.9,Moderate,SYNTHETIC_DEMO,SYNTHETIC
Uttar Pradesh,Kanpur,AutoCAD,25,10,38.4,Moderate,SYNTHETIC_DEMO,SYNTHETIC
Uttar Pradesh,Kanpur,AutoCAD Electrical,4,4,12.1,Low,SYNTHETIC_DEMO,SYNTHETIC
Uttar Pradesh,Kanpur,Automotive CAD,12,9,28.9,Moderate,SYNTHETIC_DEMO,SYNTHETIC
Uttar Pradesh,Kanpur,Automotive Diagnostics,11,8,25.9,Moderate,SYNTHETIC_DEMO,SYNTHETIC
Uttar Pradesh,Kanpur,Azure,10,9,27.9,Moderate,SYNTHETIC_DEMO,SYNTHETIC
Uttar Pradesh,Kanpur,Battery Management Systems,15,12,38.1,Moderate,SYNTHETIC_DEMO,SYNTHETIC
Uttar Pradesh,Kanpur,Business Analysis,9,6,19.8,Low,SYNTHETIC_DEMO,SYNTHETIC
Uttar Pradesh,Kanpur,CNC Milling,15,9,30.6,Moderate,SYNTHETIC_DEMO,SYNTHETIC
Uttar Pradesh,Kanpur,CNC Operation,29,11,43.1,Moderate,SYNTHETIC_DEMO,SYNTHETIC
Uttar Pradesh,Kanpur,CNC Programming,18,8,29.7,Moderate,SYNTHETIC_DEMO,SYNTHETIC
Uttar Pradesh,Kanpur,CNC Turning,25,12,43.4,Moderate,SYNTHETIC_DEMO,SYNTHETIC
Uttar Pradesh,Kanpur,Civil Drafting,1,1,3.0,Low,SYNTHETIC_DEMO,SYNTHETIC
Uttar Pradesh,Kanpur,Clinical Documentation,6,5,15.7,Low,SYNTHETIC_DEMO,SYNTHETIC
Uttar Pradesh,Kanpur,Cold Chain,1,1,3.0,Low,SYNTHETIC_DEMO,SYNTHETIC
Uttar Pradesh,Kanpur,Communication,99,14,88.2,Very High,SYNTHETIC_DEMO,SYNTHETIC
Uttar Pradesh,Kanpur,Control Systems,9,7,22.3,Low,SYNTHETIC_DEMO,SYNTHETIC
Uttar Pradesh,Kanpur,Customer Service,5,4,12.7,Low,SYNTHETIC_DEMO,SYNTHETIC
Uttar Pradesh,Kanpur,Cybersecurity,3,3,9.1,Low,SYNTHETIC_DEMO,SYNTHETIC
Uttar Pradesh,Kanpur,Data Analysis,3,3,9.1,Low,SYNTHETIC_DEMO,SYNTHETIC
Uttar Pradesh,Kanpur,Digital Literacy,90,14,83.3,Very High,SYNTHETIC_DEMO,SYNTHETIC
Uttar Pradesh,Kanpur,Digital Marketing,6,5,15.7,Low,SYNTHETIC_DEMO,SYNTHETIC
Uttar Pradesh,Kanpur,Docker,1,1,3.0,Low,SYNTHETIC_DEMO,SYNTHETIC
Uttar Pradesh,Kanpur,EV Battery Maintenance,19,11,37.7,Moderate,SYNTHETIC_DEMO,SYNTHETIC
Uttar Pradesh,Kanpur,EV Systems,13,8,27.0,Moderate,SYNTHETIC_DEMO,SYNTHETIC
Uttar Pradesh,Kanpur,Electric Motor Systems,15,9,30.6,Moderate,SYNTHETIC_DEMO,SYNTHETIC
Uttar Pradesh,Kanpur,Electrical Testing,11,8,25.9,Moderate,SYNTHETIC_DEMO,SYNTHETIC
Uttar Pradesh,Kanpur,Embedded Systems,11,6,20.9,Low,SYNTHETIC_DEMO,SYNTHETIC
Uttar Pradesh,Kanpur,English Communication,96,14,86.6,Very High,SYNTHETIC_DEMO,SYNTHETIC
Uttar Pradesh,Kanpur,Excel,9,7,22.3,Low,SYNTHETIC_DEMO,SYNTHETIC
Uttar Pradesh,Kanpur,Farm Machinery,1,1,3.0,Low,SYNTHETIC_DEMO,SYNTHETIC
Uttar Pradesh,Kanpur,Figma,2,2,6.1,Low,SYNTHETIC_DEMO,SYNTHETIC
Uttar Pradesh,Kanpur,Financial Analysis,2,2,6.1,Low,SYNTHETIC_DEMO,SYNTHETIC
Uttar Pradesh,Kanpur,Fleet Management,11,7,23.4,Low,SYNTHETIC_DEMO,SYNTHETIC
Uttar Pradesh,Kanpur,Food Processing,1,1,3.0,Low,SYNTHETIC_DEMO,SYNTHETIC
Uttar Pradesh,Kanpur,Forklift Operation,3,3,9.1,Low,SYNTHETIC_DEMO,SYNTHETIC
Uttar Pradesh,Kanpur,GST,2,2,6.1,Low,SYNTHETIC_DEMO,SYNTHETIC
Uttar Pradesh,Kanpur,Healthcare Administration,2,2,6.1,Low,SYNTHETIC_DEMO,SYNTHETIC
Uttar Pradesh,Kanpur,Industrial Automation,7,6,18.8,Low,SYNTHETIC_DEMO,SYNTHETIC
Uttar Pradesh,Kanpur,Inventory Management,7,6,18.8,Low,SYNTHETIC_DEMO,SYNTHETIC
Uttar Pradesh,Kanpur,IoT,8,7,21.8,Low,SYNTHETIC_DEMO,SYNTHETIC
Uttar Pradesh,Kanpur,Irrigation Management,1,1,3.0,Low,SYNTHETIC_DEMO,SYNTHETIC
Uttar Pradesh,Kanpur,Java,1,1,3.0,Low,SYNTHETIC_DEMO,SYNTHETIC
Uttar Pradesh,Kanpur,JavaScript,1,1,3.0,Low,SYNTHETIC_DEMO,SYNTHETIC
Uttar Pradesh,Kanpur,Laboratory Techniques,3,2,6.6,Low,SYNTHETIC_DEMO,SYNTHETIC
Uttar Pradesh,Kanpur,Lean Manufacturing,17,11,36.6,Moderate,SYNTHETIC_DEMO,SYNTHETIC
Uttar Pradesh,Kanpur,Logistics Planning,12,8,26.4,Moderate,SYNTHETIC_DEMO,SYNTHETIC
Uttar Pradesh,Kanpur,Machine Learning,2,1,3.6,Low,SYNTHETIC_DEMO,SYNTHETIC
Uttar Pradesh,Kanpur,Machine Maintenance,22,13,44.3,Moderate,SYNTHETIC_DEMO,SYNTHETIC
Uttar Pradesh,Kanpur,Mechanical Assembly,17,11,36.6,Moderate,SYNTHETIC_DEMO,SYNTHETIC
Uttar Pradesh,Kanpur,Medical Coding,5,4,12.7,Low,SYNTHETIC_DEMO,SYNTHETIC
Uttar Pradesh,Kanpur,Medical Equipment Maintenance,9,7,22.3,Low,SYNTHETIC_DEMO,SYNTHETIC
Uttar Pradesh,Kanpur,Microsoft Excel,87,14,81.7,Very High,SYNTHETIC_DEMO,SYNTHETIC
Uttar Pradesh,Kanpur,PCB Design,10,7,22.9,Low,SYNTHETIC_DEMO,SYNTHETIC
Uttar Pradesh,Kanpur,PLC,8,8,24.3,Low,SYNTHETIC_DEMO,SYNTHETIC
Uttar Pradesh,Kanpur,Patient Care,5,5,15.2,Low,SYNTHETIC_DEMO,SYNTHETIC
Uttar Pradesh,Kanpur,Pharmacy Operations,4,4,12.1,Low,SYNTHETIC_DEMO,SYNTHETIC
Uttar Pradesh,Kanpur,Post-Harvest Management,2,2,6.1,Low,SYNTHETIC_DEMO,SYNTHETIC
Uttar Pradesh,Kanpur,PostgreSQL,4,4,12.1,Low,SYNTHETIC_DEMO,SYNTHETIC
Uttar Pradesh,Kanpur,Power BI,5,5,15.2,Low,SYNTHETIC_DEMO,SYNTHETIC
Uttar Pradesh,Kanpur,Precision Agriculture,1,1,3.0,Low,SYNTHETIC_DEMO,SYNTHETIC
Uttar Pradesh,Kanpur,Problem Solving,82,14,79.0,Very High,SYNTHETIC_DEMO,SYNTHETIC
Uttar Pradesh,Kanpur,Production Planning,21,12,41.3,Moderate,SYNTHETIC_DEMO,SYNTHETIC
Uttar Pradesh,Kanpur,Project Planning,1,1,3.0,Low,SYNTHETIC_DEMO,SYNTHETIC
Uttar Pradesh,Kanpur,Python,3,3,9.1,Low,SYNTHETIC_DEMO,SYNTHETIC
Uttar Pradesh,Kanpur,Quality Control,37,13,52.4,High,SYNTHETIC_DEMO,SYNTHETIC
Uttar Pradesh,Kanpur,Quantity Surveying,2,1,3.6,Low,SYNTHETIC_DEMO,SYNTHETIC
Uttar Pradesh,Kanpur,REST APIs,3,3,9.1,Low,SYNTHETIC_DEMO,SYNTHETIC
Uttar Pradesh,Kanpur,React,4,4,12.1,Low,SYNTHETIC_DEMO,SYNTHETIC
Uttar Pradesh,Kanpur,Route Planning,1,1,3.0,Low,SYNTHETIC_DEMO,SYNTHETIC
Uttar Pradesh,Kanpur,SCADA,13,10,32.0,Moderate,SYNTHETIC_DEMO,SYNTHETIC
Uttar Pradesh,Kanpur,SQL,2,2,6.1,Low,SYNTHETIC_DEMO,SYNTHETIC
Uttar Pradesh,Kanpur,Sales,3,3,9.1,Low,SYNTHETIC_DEMO,SYNTHETIC
Uttar Pradesh,Kanpur,Sensors,10,7,22.9,Low,SYNTHETIC_DEMO,SYNTHETIC
Uttar Pradesh,Kanpur,Service Operations,16,10,33.6,Moderate,SYNTHETIC_DEMO,SYNTHETIC
Uttar Pradesh,Kanpur,Site Supervision,3,2,6.6,Low,SYNTHETIC_DEMO,SYNTHETIC
Uttar Pradesh,Kanpur,SolidWorks,16,11,36.1,Moderate,SYNTHETIC_DEMO,SYNTHETIC
Uttar Pradesh,Kanpur,Structural Analysis,2,2,6.1,Low,SYNTHETIC_DEMO,SYNTHETIC
Uttar Pradesh,Kanpur,Supply Chain,2,2,6.1,Low,SYNTHETIC_DEMO,SYNTHETIC
Uttar Pradesh,Kanpur,Supply Chain Management,4,4,12.1,Low,SYNTHETIC_DEMO,SYNTHETIC
Uttar Pradesh,Kanpur,Surveying,1,1,3.0,Low,SYNTHETIC_DEMO,SYNTHETIC
Uttar Pradesh,Kanpur,Tally,12,6,21.4,Low,SYNTHETIC_DEMO,SYNTHETIC
Uttar Pradesh,Kanpur,Team Management,97,14,87.1,Very High,SYNTHETIC_DEMO,SYNTHETIC
Uttar Pradesh,Kanpur,Two-Wheeler Service,14,9,30.0,Moderate,SYNTHETIC_DEMO,SYNTHETIC
Uttar Pradesh,Kanpur,TypeScript,5,4,12.7,Low,SYNTHETIC_DEMO,SYNTHETIC
Uttar Pradesh,Kanpur,UI/UX Design,6,6,18.2,Low,SYNTHETIC_DEMO,SYNTHETIC
Uttar Pradesh,Kanpur,Vehicle Diagnostics,20,10,35.7,Moderate,SYNTHETIC_DEMO,SYNTHETIC
Uttar Pradesh,Kanpur,Warehouse Management,3,3,9.1,Low,SYNTHETIC_DEMO,SYNTHETIC
Uttar Pradesh,Kanpur,Welding,22,13,44.3,Moderate,SYNTHETIC_DEMO,SYNTHETIC
Uttar Pradesh,Kanpur,Workplace Safety,79,14,77.4,Very High,SYNTHETIC_DEMO,SYNTHETIC
Uttar Pradesh,Lucknow,AWS,4,3,9.6,Low,SYNTHETIC_DEMO,SYNTHETIC
Uttar Pradesh,Lucknow,Accounting,10,7,22.9,Low,SYNTHETIC_DEMO,SYNTHETIC
Uttar Pradesh,Lucknow,Agri Input Management,1,1,3.0,Low,SYNTHETIC_DEMO,SYNTHETIC
Uttar Pradesh,Lucknow,Auto Electrical,17,9,31.6,Moderate,SYNTHETIC_DEMO,SYNTHETIC
Uttar Pradesh,Lucknow,AutoCAD,18,10,34.7,Moderate,SYNTHETIC_DEMO,SYNTHETIC
Uttar Pradesh,Lucknow,AutoCAD Electrical,7,5,16.3,Low,SYNTHETIC_DEMO,SYNTHETIC
Uttar Pradesh,Lucknow,Automotive CAD,22,11,39.3,Moderate,SYNTHETIC_DEMO,SYNTHETIC
Uttar Pradesh,Lucknow,Automotive Diagnostics,14,7,25.0,Low,SYNTHETIC_DEMO,SYNTHETIC
Uttar Pradesh,Lucknow,Azure,9,8,24.8,Low,SYNTHETIC_DEMO,SYNTHETIC
Uttar Pradesh,Lucknow,Battery Management Systems,20,9,33.2,Moderate,SYNTHETIC_DEMO,SYNTHETIC
Uttar Pradesh,Lucknow,Business Analysis,10,6,20.4,Low,SYNTHETIC_DEMO,SYNTHETIC
Uttar Pradesh,Lucknow,CNC Milling,20,10,35.7,Moderate,SYNTHETIC_DEMO,SYNTHETIC
Uttar Pradesh,Lucknow,CNC Operation,29,13,48.1,Moderate,SYNTHETIC_DEMO,SYNTHETIC
Uttar Pradesh,Lucknow,CNC Programming,24,12,42.9,Moderate,SYNTHETIC_DEMO,SYNTHETIC
Uttar Pradesh,Lucknow,CNC Turning,30,12,46.1,Moderate,SYNTHETIC_DEMO,SYNTHETIC
Uttar Pradesh,Lucknow,Civil Drafting,2,2,6.1,Low,SYNTHETIC_DEMO,SYNTHETIC
Uttar Pradesh,Lucknow,Clinical Documentation,3,3,9.1,Low,SYNTHETIC_DEMO,SYNTHETIC
Uttar Pradesh,Lucknow,Communication,87,14,81.7,Very High,SYNTHETIC_DEMO,SYNTHETIC
Uttar Pradesh,Lucknow,Construction Safety,3,3,9.1,Low,SYNTHETIC_DEMO,SYNTHETIC
Uttar Pradesh,Lucknow,Control Systems,3,2,6.6,Low,SYNTHETIC_DEMO,SYNTHETIC
Uttar Pradesh,Lucknow,Customer Service,8,6,19.3,Low,SYNTHETIC_DEMO,SYNTHETIC
Uttar Pradesh,Lucknow,Cybersecurity,4,2,7.1,Low,SYNTHETIC_DEMO,SYNTHETIC
Uttar Pradesh,Lucknow,Data Analysis,5,4,12.7,Low,SYNTHETIC_DEMO,SYNTHETIC
Uttar Pradesh,Lucknow,Digital Literacy,107,14,92.5,Very High,SYNTHETIC_DEMO,SYNTHETIC
Uttar Pradesh,Lucknow,Digital Marketing,6,4,13.2,Low,SYNTHETIC_DEMO,SYNTHETIC
Uttar Pradesh,Lucknow,Docker,2,2,6.1,Low,SYNTHETIC_DEMO,SYNTHETIC
Uttar Pradesh,Lucknow,EV Battery Maintenance,18,10,34.7,Moderate,SYNTHETIC_DEMO,SYNTHETIC
Uttar Pradesh,Lucknow,EV Systems,12,9,28.9,Moderate,SYNTHETIC_DEMO,SYNTHETIC
Uttar Pradesh,Lucknow,Electric Motor Systems,17,8,29.1,Moderate,SYNTHETIC_DEMO,SYNTHETIC
Uttar Pradesh,Lucknow,Electrical Testing,9,8,24.8,Low,SYNTHETIC_DEMO,SYNTHETIC
Uttar Pradesh,Lucknow,Embedded Systems,4,4,12.1,Low,SYNTHETIC_DEMO,SYNTHETIC
Uttar Pradesh,Lucknow,English Communication,79,14,77.4,Very High,SYNTHETIC_DEMO,SYNTHETIC
Uttar Pradesh,Lucknow,Excel,6,5,15.7,Low,SYNTHETIC_DEMO,SYNTHETIC
Uttar Pradesh,Lucknow,Farm Machinery,2,1,3.6,Low,SYNTHETIC_DEMO,SYNTHETIC
Uttar Pradesh,Lucknow,Figma,3,3,9.1,Low,SYNTHETIC_DEMO,SYNTHETIC
Uttar Pradesh,Lucknow,Financial Analysis,8,5,16.8,Low,SYNTHETIC_DEMO,SYNTHETIC
Uttar Pradesh,Lucknow,Fleet Management,8,5,16.8,Low,SYNTHETIC_DEMO,SYNTHETIC
Uttar Pradesh,Lucknow,Food Processing,1,1,3.0,Low,SYNTHETIC_DEMO,SYNTHETIC
Uttar Pradesh,Lucknow,Forklift Operation,3,3,9.1,Low,SYNTHETIC_DEMO,SYNTHETIC
Uttar Pradesh,Lucknow,GST,10,8,25.4,Moderate,SYNTHETIC_DEMO,SYNTHETIC
Uttar Pradesh,Lucknow,Git,4,4,12.1,Low,SYNTHETIC_DEMO,SYNTHETIC
Uttar Pradesh,Lucknow,Healthcare Administration,1,1,3.0,Low,SYNTHETIC_DEMO,SYNTHETIC
Uttar Pradesh,Lucknow,Industrial Automation,8,8,24.3,Low,SYNTHETIC_DEMO,SYNTHETIC
Uttar Pradesh,Lucknow,Inventory Management,8,5,16.8,Low,SYNTHETIC_DEMO,SYNTHETIC
Uttar Pradesh,Lucknow,IoT,4,4,12.1,Low,SYNTHETIC_DEMO,SYNTHETIC
Uttar Pradesh,Lucknow,Irrigation Management,1,1,3.0,Low,SYNTHETIC_DEMO,SYNTHETIC
Uttar Pradesh,Lucknow,Java,1,1,3.0,Low,SYNTHETIC_DEMO,SYNTHETIC
Uttar Pradesh,Lucknow,JavaScript,3,3,9.1,Low,SYNTHETIC_DEMO,SYNTHETIC
Uttar Pradesh,Lucknow,Laboratory Techniques,3,3,9.1,Low,SYNTHETIC_DEMO,SYNTHETIC
Uttar Pradesh,Lucknow,Lean Manufacturing,20,10,35.7,Moderate,SYNTHETIC_DEMO,SYNTHETIC
Uttar Pradesh,Lucknow,Logistics Planning,10,9,27.9,Moderate,SYNTHETIC_DEMO,SYNTHETIC
Uttar Pradesh,Lucknow,Machine Learning,2,2,6.1,Low,SYNTHETIC_DEMO,SYNTHETIC
Uttar Pradesh,Lucknow,Machine Maintenance,29,13,48.1,Moderate,SYNTHETIC_DEMO,SYNTHETIC
Uttar Pradesh,Lucknow,Mechanical Assembly,26,10,39.0,Moderate,SYNTHETIC_DEMO,SYNTHETIC
Uttar Pradesh,Lucknow,Medical Coding,6,5,15.7,Low,SYNTHETIC_DEMO,SYNTHETIC
Uttar Pradesh,Lucknow,Medical Equipment Maintenance,2,2,6.1,Low,SYNTHETIC_DEMO,SYNTHETIC
Uttar Pradesh,Lucknow,Microsoft Excel,97,14,87.1,Very High,SYNTHETIC_DEMO,SYNTHETIC
Uttar Pradesh,Lucknow,Next.js,3,3,9.1,Low,SYNTHETIC_DEMO,SYNTHETIC
Uttar Pradesh,Lucknow,Node.js,3,2,6.6,Low,SYNTHETIC_DEMO,SYNTHETIC
Uttar Pradesh,Lucknow,PCB Design,6,4,13.2,Low,SYNTHETIC_DEMO,SYNTHETIC
Uttar Pradesh,Lucknow,PLC,4,4,12.1,Low,SYNTHETIC_DEMO,SYNTHETIC
Uttar Pradesh,Lucknow,Patient Care,2,2,6.1,Low,SYNTHETIC_DEMO,SYNTHETIC
Uttar Pradesh,Lucknow,Pharmacy Operations,2,2,6.1,Low,SYNTHETIC_DEMO,SYNTHETIC
Uttar Pradesh,Lucknow,Post-Harvest Management,4,4,12.1,Low,SYNTHETIC_DEMO,SYNTHETIC
Uttar Pradesh,Lucknow,PostgreSQL,2,2,6.1,Low,SYNTHETIC_DEMO,SYNTHETIC
Uttar Pradesh,Lucknow,Power BI,3,3,9.1,Low,SYNTHETIC_DEMO,SYNTHETIC
Uttar Pradesh,Lucknow,Problem Solving,88,14,82.3,Very High,SYNTHETIC_DEMO,SYNTHETIC
Uttar Pradesh,Lucknow,Production Planning,17,11,36.6,Moderate,SYNTHETIC_DEMO,SYNTHETIC
Uttar Pradesh,Lucknow,Project Planning,1,1,3.0,Low,SYNTHETIC_DEMO,SYNTHETIC
Uttar Pradesh,Lucknow,Python,4,3,9.6,Low,SYNTHETIC_DEMO,SYNTHETIC
Uttar Pradesh,Lucknow,Quality Control,25,12,43.4,Moderate,SYNTHETIC_DEMO,SYNTHETIC
Uttar Pradesh,Lucknow,Quantity Surveying,4,4,12.1,Low,SYNTHETIC_DEMO,SYNTHETIC
Uttar Pradesh,Lucknow,REST APIs,4,4,12.1,Low,SYNTHETIC_DEMO,SYNTHETIC
Uttar Pradesh,Lucknow,React,6,4,13.2,Low,SYNTHETIC_DEMO,SYNTHETIC
Uttar Pradesh,Lucknow,Route Planning,8,7,21.8,Low,SYNTHETIC_DEMO,SYNTHETIC
Uttar Pradesh,Lucknow,SCADA,11,7,23.4,Low,SYNTHETIC_DEMO,SYNTHETIC
Uttar Pradesh,Lucknow,SQL,4,4,12.1,Low,SYNTHETIC_DEMO,SYNTHETIC
Uttar Pradesh,Lucknow,Sales,3,3,9.1,Low,SYNTHETIC_DEMO,SYNTHETIC
Uttar Pradesh,Lucknow,Sensors,5,4,12.7,Low,SYNTHETIC_DEMO,SYNTHETIC
Uttar Pradesh,Lucknow,Service Operations,20,11,38.2,Moderate,SYNTHETIC_DEMO,SYNTHETIC
Uttar Pradesh,Lucknow,Site Supervision,2,2,6.1,Low,SYNTHETIC_DEMO,SYNTHETIC
Uttar Pradesh,Lucknow,SolidWorks,14,7,25.0,Low,SYNTHETIC_DEMO,SYNTHETIC
Uttar Pradesh,Lucknow,Structural Analysis,1,1,3.0,Low,SYNTHETIC_DEMO,SYNTHETIC
Uttar Pradesh,Lucknow,Supply Chain,5,5,15.2,Low,SYNTHETIC_DEMO,SYNTHETIC
Uttar Pradesh,Lucknow,Supply Chain Management,13,7,24.5,Low,SYNTHETIC_DEMO,SYNTHETIC
Uttar Pradesh,Lucknow,Surveying,2,2,6.1,Low,SYNTHETIC_DEMO,SYNTHETIC
Uttar Pradesh,Lucknow,Tally,12,11,33.9,Moderate,SYNTHETIC_DEMO,SYNTHETIC
Uttar Pradesh,Lucknow,Team Management,92,14,84.4,Very High,SYNTHETIC_DEMO,SYNTHETIC
Uttar Pradesh,Lucknow,Two-Wheeler Service,14,8,27.5,Moderate,SYNTHETIC_DEMO,SYNTHETIC
Uttar Pradesh,Lucknow,TypeScript,6,5,15.7,Low,SYNTHETIC_DEMO,SYNTHETIC
Uttar Pradesh,Lucknow,UI/UX Design,4,4,12.1,Low,SYNTHETIC_DEMO,SYNTHETIC
Uttar Pradesh,Lucknow,Vehicle Diagnostics,24,13,45.4,Moderate,SYNTHETIC_DEMO,SYNTHETIC
Uttar Pradesh,Lucknow,Warehouse Management,6,5,15.7,Low,SYNTHETIC_DEMO,SYNTHETIC
Uttar Pradesh,Lucknow,Welding,30,10,41.1,Moderate,SYNTHETIC_DEMO,SYNTHETIC
Uttar Pradesh,Lucknow,Workplace Safety,76,14,75.8,Very High,SYNTHETIC_DEMO,SYNTHETIC
Uttar Pradesh,Noida,AWS,5,5,15.2,Low,SYNTHETIC_DEMO,SYNTHETIC
Uttar Pradesh,Noida,Accounting,9,9,27.3,Moderate,SYNTHETIC_DEMO,SYNTHETIC
Uttar Pradesh,Noida,Agri Input Management,3,3,9.1,Low,SYNTHETIC_DEMO,SYNTHETIC
Uttar Pradesh,Noida,Auto Electrical,18,12,39.7,Moderate,SYNTHETIC_DEMO,SYNTHETIC
Uttar Pradesh,Noida,AutoCAD,28,13,47.5,Moderate,SYNTHETIC_DEMO,SYNTHETIC
Uttar Pradesh,Noida,AutoCAD Electrical,8,8,24.3,Low,SYNTHETIC_DEMO,SYNTHETIC
Uttar Pradesh,Noida,Automotive CAD,19,9,32.7,Moderate,SYNTHETIC_DEMO,SYNTHETIC
Uttar Pradesh,Noida,Automotive Diagnostics,18,9,32.2,Moderate,SYNTHETIC_DEMO,SYNTHETIC
Uttar Pradesh,Noida,Azure,5,4,12.7,Low,SYNTHETIC_DEMO,SYNTHETIC
Uttar Pradesh,Noida,Battery Management Systems,16,10,33.6,Moderate,SYNTHETIC_DEMO,SYNTHETIC
Uttar Pradesh,Noida,Business Analysis,1,1,3.0,Low,SYNTHETIC_DEMO,SYNTHETIC
Uttar Pradesh,Noida,CNC Milling,14,7,25.0,Low,SYNTHETIC_DEMO,SYNTHETIC
Uttar Pradesh,Noida,CNC Operation,41,13,54.5,High,SYNTHETIC_DEMO,SYNTHETIC
Uttar Pradesh,Noida,CNC Programming,26,12,44.0,Moderate,SYNTHETIC_DEMO,SYNTHETIC
Uttar Pradesh,Noida,CNC Turning,27,13,47.0,Moderate,SYNTHETIC_DEMO,SYNTHETIC
Uttar Pradesh,Noida,Civil Drafting,4,3,9.6,Low,SYNTHETIC_DEMO,SYNTHETIC
Uttar Pradesh,Noida,Clinical Documentation,2,2,6.1,Low,SYNTHETIC_DEMO,SYNTHETIC
Uttar Pradesh,Noida,Cold Chain,2,2,6.1,Low,SYNTHETIC_DEMO,SYNTHETIC
Uttar Pradesh,Noida,Communication,100,14,88.7,Very High,SYNTHETIC_DEMO,SYNTHETIC
Uttar Pradesh,Noida,Construction Safety,4,4,12.1,Low,SYNTHETIC_DEMO,SYNTHETIC
Uttar Pradesh,Noida,Control Systems,10,8,25.4,Moderate,SYNTHETIC_DEMO,SYNTHETIC
Uttar Pradesh,Noida,Cybersecurity,4,4,12.1,Low,SYNTHETIC_DEMO,SYNTHETIC
Uttar Pradesh,Noida,Data Analysis,3,3,9.1,Low,SYNTHETIC_DEMO,SYNTHETIC
Uttar Pradesh,Noida,Digital Literacy,97,14,87.1,Very High,SYNTHETIC_DEMO,SYNTHETIC
Uttar Pradesh,Noida,Digital Marketing,5,5,15.2,Low,SYNTHETIC_DEMO,SYNTHETIC
Uttar Pradesh,Noida,Docker,3,3,9.1,Low,SYNTHETIC_DEMO,SYNTHETIC
Uttar Pradesh,Noida,EV Battery Maintenance,15,7,25.6,Moderate,SYNTHETIC_DEMO,SYNTHETIC
Uttar Pradesh,Noida,EV Systems,9,7,22.3,Low,SYNTHETIC_DEMO,SYNTHETIC
Uttar Pradesh,Noida,Electric Motor Systems,19,11,37.7,Moderate,SYNTHETIC_DEMO,SYNTHETIC
Uttar Pradesh,Noida,Electrical Testing,7,6,18.8,Low,SYNTHETIC_DEMO,SYNTHETIC
Uttar Pradesh,Noida,Embedded Systems,9,6,19.8,Low,SYNTHETIC_DEMO,SYNTHETIC
Uttar Pradesh,Noida,English Communication,103,14,90.3,Very High,SYNTHETIC_DEMO,SYNTHETIC
Uttar Pradesh,Noida,Excel,4,3,9.6,Low,SYNTHETIC_DEMO,SYNTHETIC
Uttar Pradesh,Noida,Farm Machinery,1,1,3.0,Low,SYNTHETIC_DEMO,SYNTHETIC
Uttar Pradesh,Noida,Figma,3,3,9.1,Low,SYNTHETIC_DEMO,SYNTHETIC
Uttar Pradesh,Noida,Financial Analysis,7,5,16.3,Low,SYNTHETIC_DEMO,SYNTHETIC
Uttar Pradesh,Noida,Fleet Management,5,3,10.2,Low,SYNTHETIC_DEMO,SYNTHETIC
Uttar Pradesh,Noida,Food Processing,1,1,3.0,Low,SYNTHETIC_DEMO,SYNTHETIC
Uttar Pradesh,Noida,Forklift Operation,3,3,9.1,Low,SYNTHETIC_DEMO,SYNTHETIC
Uttar Pradesh,Noida,GST,5,4,12.7,Low,SYNTHETIC_DEMO,SYNTHETIC
Uttar Pradesh,Noida,Git,6,4,13.2,Low,SYNTHETIC_DEMO,SYNTHETIC
Uttar Pradesh,Noida,Healthcare Administration,1,1,3.0,Low,SYNTHETIC_DEMO,SYNTHETIC
Uttar Pradesh,Noida,Industrial Automation,6,5,15.7,Low,SYNTHETIC_DEMO,SYNTHETIC
Uttar Pradesh,Noida,Inventory Management,5,5,15.2,Low,SYNTHETIC_DEMO,SYNTHETIC
Uttar Pradesh,Noida,IoT,12,7,23.9,Low,SYNTHETIC_DEMO,SYNTHETIC
Uttar Pradesh,Noida,Java,2,2,6.1,Low,SYNTHETIC_DEMO,SYNTHETIC
Uttar Pradesh,Noida,JavaScript,6,5,15.7,Low,SYNTHETIC_DEMO,SYNTHETIC
Uttar Pradesh,Noida,Laboratory Techniques,3,3,9.1,Low,SYNTHETIC_DEMO,SYNTHETIC
Uttar Pradesh,Noida,Lean Manufacturing,29,9,38.1,Moderate,SYNTHETIC_DEMO,SYNTHETIC
Uttar Pradesh,Noida,Logistics Planning,6,6,18.2,Low,SYNTHETIC_DEMO,SYNTHETIC
Uttar Pradesh,Noida,Machine Learning,1,1,3.0,Low,SYNTHETIC_DEMO,SYNTHETIC
Uttar Pradesh,Noida,Machine Maintenance,27,13,47.0,Moderate,SYNTHETIC_DEMO,SYNTHETIC
Uttar Pradesh,Noida,Mechanical Assembly,25,11,40.9,Moderate,SYNTHETIC_DEMO,SYNTHETIC
Uttar Pradesh,Noida,Medical Coding,4,4,12.1,Low,SYNTHETIC_DEMO,SYNTHETIC
Uttar Pradesh,Noida,Medical Equipment Maintenance,4,2,7.1,Low,SYNTHETIC_DEMO,SYNTHETIC
Uttar Pradesh,Noida,Microsoft Excel,115,14,96.8,Very High,SYNTHETIC_DEMO,SYNTHETIC
Uttar Pradesh,Noida,Node.js,2,2,6.1,Low,SYNTHETIC_DEMO,SYNTHETIC
Uttar Pradesh,Noida,PCB Design,11,8,25.9,Moderate,SYNTHETIC_DEMO,SYNTHETIC
Uttar Pradesh,Noida,PLC,6,5,15.7,Low,SYNTHETIC_DEMO,SYNTHETIC
Uttar Pradesh,Noida,Patient Care,5,5,15.2,Low,SYNTHETIC_DEMO,SYNTHETIC
Uttar Pradesh,Noida,Pharmacy Operations,2,2,6.1,Low,SYNTHETIC_DEMO,SYNTHETIC
Uttar Pradesh,Noida,Post-Harvest Management,3,3,9.1,Low,SYNTHETIC_DEMO,SYNTHETIC
Uttar Pradesh,Noida,PostgreSQL,4,3,9.6,Low,SYNTHETIC_DEMO,SYNTHETIC
Uttar Pradesh,Noida,Power BI,6,5,15.7,Low,SYNTHETIC_DEMO,SYNTHETIC
Uttar Pradesh,Noida,Precision Agriculture,1,1,3.0,Low,SYNTHETIC_DEMO,SYNTHETIC
Uttar Pradesh,Noida,Problem Solving,92,14,84.4,Very High,SYNTHETIC_DEMO,SYNTHETIC
Uttar Pradesh,Noida,Production Planning,29,10,40.6,Moderate,SYNTHETIC_DEMO,SYNTHETIC
Uttar Pradesh,Noida,Project Planning,1,1,3.0,Low,SYNTHETIC_DEMO,SYNTHETIC
Uttar Pradesh,Noida,Python,2,2,6.1,Low,SYNTHETIC_DEMO,SYNTHETIC
Uttar Pradesh,Noida,Quality Control,30,12,46.1,Moderate,SYNTHETIC_DEMO,SYNTHETIC
Uttar Pradesh,Noida,REST APIs,4,3,9.6,Low,SYNTHETIC_DEMO,SYNTHETIC
Uttar Pradesh,Noida,React,5,4,12.7,Low,SYNTHETIC_DEMO,SYNTHETIC
Uttar Pradesh,Noida,Route Planning,3,3,9.1,Low,SYNTHETIC_DEMO,SYNTHETIC
Uttar Pradesh,Noida,SCADA,9,5,17.3,Low,SYNTHETIC_DEMO,SYNTHETIC
Uttar Pradesh,Noida,SQL,7,5,16.3,Low,SYNTHETIC_DEMO,SYNTHETIC
Uttar Pradesh,Noida,Sales,4,3,9.6,Low,SYNTHETIC_DEMO,SYNTHETIC
Uttar Pradesh,Noida,Sensors,6,4,13.2,Low,SYNTHETIC_DEMO,SYNTHETIC
Uttar Pradesh,Noida,Service Operations,8,7,21.8,Low,SYNTHETIC_DEMO,SYNTHETIC
Uttar Pradesh,Noida,Site Supervision,1,1,3.0,Low,SYNTHETIC_DEMO,SYNTHETIC
Uttar Pradesh,Noida,SolidWorks,23,12,42.4,Moderate,SYNTHETIC_DEMO,SYNTHETIC
Uttar Pradesh,Noida,Structural Analysis,1,1,3.0,Low,SYNTHETIC_DEMO,SYNTHETIC
Uttar Pradesh,Noida,Supply Chain,3,3,9.1,Low,SYNTHETIC_DEMO,SYNTHETIC
Uttar Pradesh,Noida,Supply Chain Management,6,6,18.2,Low,SYNTHETIC_DEMO,SYNTHETIC
Uttar Pradesh,Noida,Tally,7,4,13.8,Low,SYNTHETIC_DEMO,SYNTHETIC
Uttar Pradesh,Noida,Team Management,115,14,96.8,Very High,SYNTHETIC_DEMO,SYNTHETIC
Uttar Pradesh,Noida,Two-Wheeler Service,11,7,23.4,Low,SYNTHETIC_DEMO,SYNTHETIC
Uttar Pradesh,Noida,TypeScript,3,3,9.1,Low,SYNTHETIC_DEMO,SYNTHETIC
Uttar Pradesh,Noida,UI/UX Design,4,4,12.1,Low,SYNTHETIC_DEMO,SYNTHETIC
Uttar Pradesh,Noida,Vehicle Diagnostics,23,13,44.9,Moderate,SYNTHETIC_DEMO,SYNTHETIC
Uttar Pradesh,Noida,Warehouse Management,3,3,9.1,Low,SYNTHETIC_DEMO,SYNTHETIC
Uttar Pradesh,Noida,Welding,39,13,53.5,High,SYNTHETIC_DEMO,SYNTHETIC
Uttar Pradesh,Noida,Workplace Safety,110,14,94.1,Very High,SYNTHETIC_DEMO,SYNTHETIC
West Bengal,Kolkata,Accounting,12,9,28.9,Moderate,SYNTHETIC_DEMO,SYNTHETIC
West Bengal,Kolkata,Agri Input Management,1,1,3.0,Low,SYNTHETIC_DEMO,SYNTHETIC
West Bengal,Kolkata,Auto Electrical,9,6,19.8,Low,SYNTHETIC_DEMO,SYNTHETIC
West Bengal,Kolkata,AutoCAD,17,11,36.6,Moderate,SYNTHETIC_DEMO,SYNTHETIC
West Bengal,Kolkata,AutoCAD Electrical,5,4,12.7,Low,SYNTHETIC_DEMO,SYNTHETIC
West Bengal,Kolkata,Automotive CAD,17,11,36.6,Moderate,SYNTHETIC_DEMO,SYNTHETIC
West Bengal,Kolkata,Automotive Diagnostics,11,9,28.4,Moderate,SYNTHETIC_DEMO,SYNTHETIC
West Bengal,Kolkata,Azure,6,5,15.7,Low,SYNTHETIC_DEMO,SYNTHETIC
West Bengal,Kolkata,Battery Management Systems,13,9,29.5,Moderate,SYNTHETIC_DEMO,SYNTHETIC
West Bengal,Kolkata,Business Analysis,12,9,28.9,Moderate,SYNTHETIC_DEMO,SYNTHETIC
West Bengal,Kolkata,CNC Milling,12,7,23.9,Low,SYNTHETIC_DEMO,SYNTHETIC
West Bengal,Kolkata,CNC Operation,31,12,46.7,Moderate,SYNTHETIC_DEMO,SYNTHETIC
West Bengal,Kolkata,CNC Programming,14,8,27.5,Moderate,SYNTHETIC_DEMO,SYNTHETIC
West Bengal,Kolkata,CNC Turning,18,10,34.7,Moderate,SYNTHETIC_DEMO,SYNTHETIC
West Bengal,Kolkata,Civil Drafting,3,2,6.6,Low,SYNTHETIC_DEMO,SYNTHETIC
West Bengal,Kolkata,Clinical Documentation,2,2,6.1,Low,SYNTHETIC_DEMO,SYNTHETIC
West Bengal,Kolkata,Cold Chain,1,1,3.0,Low,SYNTHETIC_DEMO,SYNTHETIC
West Bengal,Kolkata,Communication,121,14,100.0,Very High,SYNTHETIC_DEMO,SYNTHETIC
West Bengal,Kolkata,Control Systems,7,7,21.3,Low,SYNTHETIC_DEMO,SYNTHETIC
West Bengal,Kolkata,Customer Service,3,3,9.1,Low,SYNTHETIC_DEMO,SYNTHETIC
West Bengal,Kolkata,Cybersecurity,4,4,12.1,Low,SYNTHETIC_DEMO,SYNTHETIC
West Bengal,Kolkata,Data Analysis,2,2,6.1,Low,SYNTHETIC_DEMO,SYNTHETIC
West Bengal,Kolkata,Digital Literacy,93,14,85.0,Very High,SYNTHETIC_DEMO,SYNTHETIC
West Bengal,Kolkata,Digital Marketing,5,5,15.2,Low,SYNTHETIC_DEMO,SYNTHETIC
West Bengal,Kolkata,Docker,4,4,12.1,Low,SYNTHETIC_DEMO,SYNTHETIC
West Bengal,Kolkata,EV Battery Maintenance,13,9,29.5,Moderate,SYNTHETIC_DEMO,SYNTHETIC
West Bengal,Kolkata,EV Systems,12,9,28.9,Moderate,SYNTHETIC_DEMO,SYNTHETIC
West Bengal,Kolkata,Electric Motor Systems,14,8,27.5,Moderate,SYNTHETIC_DEMO,SYNTHETIC
West Bengal,Kolkata,Electrical Testing,7,6,18.8,Low,SYNTHETIC_DEMO,SYNTHETIC
West Bengal,Kolkata,Embedded Systems,7,7,21.3,Low,SYNTHETIC_DEMO,SYNTHETIC
West Bengal,Kolkata,English Communication,88,14,82.3,Very High,SYNTHETIC_DEMO,SYNTHETIC
West Bengal,Kolkata,Excel,15,9,30.6,Moderate,SYNTHETIC_DEMO,SYNTHETIC
West Bengal,Kolkata,Farm Machinery,1,1,3.0,Low,SYNTHETIC_DEMO,SYNTHETIC
West Bengal,Kolkata,Financial Analysis,8,6,19.3,Low,SYNTHETIC_DEMO,SYNTHETIC
West Bengal,Kolkata,Fleet Management,10,8,25.4,Moderate,SYNTHETIC_DEMO,SYNTHETIC
West Bengal,Kolkata,Forklift Operation,3,2,6.6,Low,SYNTHETIC_DEMO,SYNTHETIC
West Bengal,Kolkata,GST,10,8,25.4,Moderate,SYNTHETIC_DEMO,SYNTHETIC
West Bengal,Kolkata,Git,5,5,15.2,Low,SYNTHETIC_DEMO,SYNTHETIC
West Bengal,Kolkata,Healthcare Administration,3,2,6.6,Low,SYNTHETIC_DEMO,SYNTHETIC
West Bengal,Kolkata,Industrial Automation,4,3,9.6,Low,SYNTHETIC_DEMO,SYNTHETIC
West Bengal,Kolkata,Inventory Management,8,8,24.3,Low,SYNTHETIC_DEMO,SYNTHETIC
West Bengal,Kolkata,IoT,6,5,15.7,Low,SYNTHETIC_DEMO,SYNTHETIC
West Bengal,Kolkata,Irrigation Management,3,3,9.1,Low,SYNTHETIC_DEMO,SYNTHETIC
West Bengal,Kolkata,Java,1,1,3.0,Low,SYNTHETIC_DEMO,SYNTHETIC
West Bengal,Kolkata,JavaScript,4,3,9.6,Low,SYNTHETIC_DEMO,SYNTHETIC
West Bengal,Kolkata,Laboratory Techniques,2,2,6.1,Low,SYNTHETIC_DEMO,SYNTHETIC
West Bengal,Kolkata,Lean Manufacturing,27,11,42.0,Moderate,SYNTHETIC_DEMO,SYNTHETIC
West Bengal,Kolkata,Logistics Planning,3,2,6.6,Low,SYNTHETIC_DEMO,SYNTHETIC
West Bengal,Kolkata,Machine Learning,5,5,15.2,Low,SYNTHETIC_DEMO,SYNTHETIC
West Bengal,Kolkata,Machine Maintenance,20,11,38.2,Moderate,SYNTHETIC_DEMO,SYNTHETIC
West Bengal,Kolkata,Mechanical Assembly,19,9,32.7,Moderate,SYNTHETIC_DEMO,SYNTHETIC
West Bengal,Kolkata,Medical Equipment Maintenance,3,3,9.1,Low,SYNTHETIC_DEMO,SYNTHETIC
West Bengal,Kolkata,Microsoft Excel,94,14,85.5,Very High,SYNTHETIC_DEMO,SYNTHETIC
West Bengal,Kolkata,Next.js,2,2,6.1,Low,SYNTHETIC_DEMO,SYNTHETIC
West Bengal,Kolkata,Node.js,3,2,6.6,Low,SYNTHETIC_DEMO,SYNTHETIC
West Bengal,Kolkata,PCB Design,5,4,12.7,Low,SYNTHETIC_DEMO,SYNTHETIC
West Bengal,Kolkata,PLC,4,3,9.6,Low,SYNTHETIC_DEMO,SYNTHETIC
West Bengal,Kolkata,Patient Care,3,3,9.1,Low,SYNTHETIC_DEMO,SYNTHETIC
West Bengal,Kolkata,Pharmacy Operations,5,3,10.2,Low,SYNTHETIC_DEMO,SYNTHETIC
West Bengal,Kolkata,Post-Harvest Management,2,2,6.1,Low,SYNTHETIC_DEMO,SYNTHETIC
West Bengal,Kolkata,PostgreSQL,5,5,15.2,Low,SYNTHETIC_DEMO,SYNTHETIC
West Bengal,Kolkata,Power BI,5,3,10.2,Low,SYNTHETIC_DEMO,SYNTHETIC
West Bengal,Kolkata,Precision Agriculture,1,1,3.0,Low,SYNTHETIC_DEMO,SYNTHETIC
West Bengal,Kolkata,Problem Solving,78,14,76.9,Very High,SYNTHETIC_DEMO,SYNTHETIC
West Bengal,Kolkata,Production Planning,20,11,38.2,Moderate,SYNTHETIC_DEMO,SYNTHETIC
West Bengal,Kolkata,Project Planning,1,1,3.0,Low,SYNTHETIC_DEMO,SYNTHETIC
West Bengal,Kolkata,Python,7,6,18.8,Low,SYNTHETIC_DEMO,SYNTHETIC
West Bengal,Kolkata,Quality Control,37,12,49.9,Moderate,SYNTHETIC_DEMO,SYNTHETIC
West Bengal,Kolkata,Quantity Surveying,5,5,15.2,Low,SYNTHETIC_DEMO,SYNTHETIC
West Bengal,Kolkata,REST APIs,2,2,6.1,Low,SYNTHETIC_DEMO,SYNTHETIC
West Bengal,Kolkata,React,4,3,9.6,Low,SYNTHETIC_DEMO,SYNTHETIC
West Bengal,Kolkata,Route Planning,2,2,6.1,Low,SYNTHETIC_DEMO,SYNTHETIC
West Bengal,Kolkata,SCADA,3,2,6.6,Low,SYNTHETIC_DEMO,SYNTHETIC
West Bengal,Kolkata,SQL,4,3,9.6,Low,SYNTHETIC_DEMO,SYNTHETIC
West Bengal,Kolkata,Sales,3,3,9.1,Low,SYNTHETIC_DEMO,SYNTHETIC
West Bengal,Kolkata,Sensors,7,5,16.3,Low,SYNTHETIC_DEMO,SYNTHETIC
West Bengal,Kolkata,Service Operations,17,11,36.6,Moderate,SYNTHETIC_DEMO,SYNTHETIC
West Bengal,Kolkata,Site Supervision,2,2,6.1,Low,SYNTHETIC_DEMO,SYNTHETIC
West Bengal,Kolkata,SolidWorks,22,10,36.8,Moderate,SYNTHETIC_DEMO,SYNTHETIC
West Bengal,Kolkata,Structural Analysis,3,3,9.1,Low,SYNTHETIC_DEMO,SYNTHETIC
West Bengal,Kolkata,Supply Chain,7,6,18.8,Low,SYNTHETIC_DEMO,SYNTHETIC
West Bengal,Kolkata,Supply Chain Management,4,4,12.1,Low,SYNTHETIC_DEMO,SYNTHETIC
West Bengal,Kolkata,Surveying,2,2,6.1,Low,SYNTHETIC_DEMO,SYNTHETIC
West Bengal,Kolkata,Tally,11,9,28.4,Moderate,SYNTHETIC_DEMO,SYNTHETIC
West Bengal,Kolkata,Team Management,89,14,82.8,Very High,SYNTHETIC_DEMO,SYNTHETIC
West Bengal,Kolkata,Two-Wheeler Service,15,7,25.6,Moderate,SYNTHETIC_DEMO,SYNTHETIC
West Bengal,Kolkata,TypeScript,4,4,12.1,Low,SYNTHETIC_DEMO,SYNTHETIC
West Bengal,Kolkata,UI/UX Design,1,1,3.0,Low,SYNTHETIC_DEMO,SYNTHETIC
West Bengal,Kolkata,Vehicle Diagnostics,23,12,42.4,Moderate,SYNTHETIC_DEMO,SYNTHETIC
West Bengal,Kolkata,Warehouse Management,4,3,9.6,Low,SYNTHETIC_DEMO,SYNTHETIC
West Bengal,Kolkata,Welding,21,9,33.8,Moderate,SYNTHETIC_DEMO,SYNTHETIC
West Bengal,Kolkata,Workplace Safety,106,14,91.9,Very High,SYNTHETIC_DEMO,SYNTHETIC
