nco_code,skill_id,skill_name,relationship,proficiency_level,source,data_origin
1111.01,SKL0093,Problem Solving,RELEVANT,1,SYNTHETIC_DEMO_MAPPING,SYNTHETIC
1111.01,SKL0098,English Communication,RELEVANT,1,SYNTHETIC_DEMO_MAPPING,SYNTHETIC
1111.02,SKL0094,Microsoft Excel,RELEVANT,3,SYNTHETIC_DEMO_MAPPING,SYNTHETIC
1111.02,SKL0097,Team Management,RELEVANT,4,SYNTHETIC_DEMO_MAPPING,SYNTHETIC
1111.02,SKL0096,Digital Literacy,RELEVANT,2,SYNTHETIC_DEMO_MAPPING,SYNTHETIC
1111.02,SKL0093,Problem Solving,RELEVANT,4,SYNTHETIC_DEMO_MAPPING,SYNTHETIC
1111.03,SKL0056,Construction Safety,RELEVANT,4,SYNTHETIC_DEMO_MAPPING,SYNTHETIC
1111.03,SKL0057,Civil Drafting,RELEVANT,3,SYNTHETIC_DEMO_MAPPING,SYNTHETIC
1111.03,SKL0059,Project Planning,RELEVANT,4,SYNTHETIC_DEMO_MAPPING,SYNTHETIC
1111.99,SKL0093,Problem Solving,RELEVANT,3,SYNTHETIC_DEMO_MAPPING,SYNTHETIC
1111.99,SKL0096,Digital Literacy,RELEVANT,1,SYNTHETIC_DEMO_MAPPING,SYNTHETIC
1111.99,SKL0097,Team Management,RELEVANT,1,SYNTHETIC_DEMO_MAPPING,SYNTHETIC
1112.01,SKL0093,Problem Solving,RELEVANT,2,SYNTHETIC_DEMO_MAPPING,SYNTHETIC
1112.01,SKL0047,Vehicle Diagnostics,RELEVANT,3,SYNTHETIC_DEMO_MAPPING,SYNTHETIC
1112.02,SKL0096,Digital Literacy,RELEVANT,4,SYNTHETIC_DEMO_MAPPING,SYNTHETIC
1112.02,SKL0095,Workplace Safety,RELEVANT,4,SYNTHETIC_DEMO_MAPPING,SYNTHETIC
1112.02,SKL0094,Microsoft Excel,RELEVANT,1,SYNTHETIC_DEMO_MAPPING,SYNTHETIC
1112.02,SKL0098,English Communication,RELEVANT,3,SYNTHETIC_DEMO_MAPPING,SYNTHETIC
1112.03,SKL0094,Microsoft Excel,RELEVANT,4,SYNTHETIC_DEMO_MAPPING,SYNTHETIC
1112.03,SKL0095,Workplace Safety,RELEVANT,2,SYNTHETIC_DEMO_MAPPING,SYNTHETIC
1112.04,SKL0048,Auto Electrical,RELEVANT,2,SYNTHETIC_DEMO_MAPPING,SYNTHETIC
1112.04,SKL0094,Microsoft Excel,RELEVANT,2,SYNTHETIC_DEMO_MAPPING,SYNTHETIC
1112.04,SKL0043,Automotive Diagnostics,RELEVANT,4,SYNTHETIC_DEMO_MAPPING,SYNTHETIC
1112.05,SKL0086,Inventory Management,RELEVANT,4,SYNTHETIC_DEMO_MAPPING,SYNTHETIC
1112.05,SKL0092,Communication,RELEVANT,1,SYNTHETIC_DEMO_MAPPING,SYNTHETIC
1112.05,SKL0094,Microsoft Excel,RELEVANT,1,SYNTHETIC_DEMO_MAPPING,SYNTHETIC
1112.05,SKL0089,Forklift Operation,RELEVANT,1,SYNTHETIC_DEMO_MAPPING,SYNTHETIC
1112.06,SKL0094,Microsoft Excel,RELEVANT,2,SYNTHETIC_DEMO_MAPPING,SYNTHETIC
1112.06,SKL0098,English Communication,RELEVANT,2,SYNTHETIC_DEMO_MAPPING,SYNTHETIC
1112.06,SKL0075,Sales,RELEVANT,2,SYNTHETIC_DEMO_MAPPING,SYNTHETIC
1112.06,SKL0096,Digital Literacy,RELEVANT,4,SYNTHETIC_DEMO_MAPPING,SYNTHETIC
1112.07,SKL0095,Workplace Safety,RELEVANT,3,SYNTHETIC_DEMO_MAPPING,SYNTHETIC
1112.07,SKL0097,Team Management,RELEVANT,3,SYNTHETIC_DEMO_MAPPING,SYNTHETIC
1112.07,SKL0093,Problem Solving,RELEVANT,3,SYNTHETIC_DEMO_MAPPING,SYNTHETIC
1112.07,SKL0096,Digital Literacy,RELEVANT,2,SYNTHETIC_DEMO_MAPPING,SYNTHETIC
1112.08,SKL0097,Team Management,RELEVANT,2,SYNTHETIC_DEMO_MAPPING,SYNTHETIC
1112.08,SKL0093,Problem Solving,RELEVANT,1,SYNTHETIC_DEMO_MAPPING,SYNTHETIC
1112.08,SKL0095,Workplace Safety,RELEVANT,1,SYNTHETIC_DEMO_MAPPING,SYNTHETIC
1112.08,SKL0098,English Communication,RELEVANT,3,SYNTHETIC_DEMO_MAPPING,SYNTHETIC
1112.08,SKL0096,Digital Literacy,RELEVANT,4,SYNTHETIC_DEMO_MAPPING,SYNTHETIC
1112.99,SKL0095,Workplace Safety,RELEVANT,1,SYNTHETIC_DEMO_MAPPING,SYNTHETIC
1112.99,SKL0092,Communication,RELEVANT,3,SYNTHETIC_DEMO_MAPPING,SYNTHETIC
1112.99,SKL0094,Microsoft Excel,RELEVANT,4,SYNTHETIC_DEMO_MAPPING,SYNTHETIC
1114.01,SKL0096,Digital Literacy,RELEVANT,3,SYNTHETIC_DEMO_MAPPING,SYNTHETIC
1114.01,SKL0097,Team Management,RELEVANT,1,SYNTHETIC_DEMO_MAPPING,SYNTHETIC
1114.01,SKL0094,Microsoft Excel,RELEVANT,2,SYNTHETIC_DEMO_MAPPING,SYNTHETIC
1114.01,SKL0093,Problem Solving,RELEVANT,2,SYNTHETIC_DEMO_MAPPING,SYNTHETIC
1114.02,SKL0094,Microsoft Excel,RELEVANT,4,SYNTHETIC_DEMO_MAPPING,SYNTHETIC
1114.02,SKL0098,English Communication,RELEVANT,3,SYNTHETIC_DEMO_MAPPING,SYNTHETIC
1114.03,SKL0092,Communication,RELEVANT,3,SYNTHETIC_DEMO_MAPPING,SYNTHETIC
1114.03,SKL0061,Patient Care,RELEVANT,2,SYNTHETIC_DEMO_MAPPING,SYNTHETIC
1114.03,SKL0043,Automotive Diagnostics,RELEVANT,1,SYNTHETIC_DEMO_MAPPING,SYNTHETIC
1114.03,SKL0090,Logistics Planning,RELEVANT,3,SYNTHETIC_DEMO_MAPPING,SYNTHETIC
1114.03,SKL0066,Medical Equipment Maintenance,RELEVANT,2,SYNTHETIC_DEMO_MAPPING,SYNTHETIC
1114.99,SKL0094,Microsoft Excel,RELEVANT,3,SYNTHETIC_DEMO_MAPPING,SYNTHETIC
1114.99,SKL0096,Digital Literacy,RELEVANT,4,SYNTHETIC_DEMO_MAPPING,SYNTHETIC
1114.99,SKL0098,English Communication,RELEVANT,3,SYNTHETIC_DEMO_MAPPING,SYNTHETIC
1114.99,SKL0097,Team Management,RELEVANT,3,SYNTHETIC_DEMO_MAPPING,SYNTHETIC
1114.99,SKL0093,Problem Solving,RELEVANT,4,SYNTHETIC_DEMO_MAPPING,SYNTHETIC
1120.01,SKL0097,Team Management,RELEVANT,1,SYNTHETIC_DEMO_MAPPING,SYNTHETIC
1120.01,SKL0095,Workplace Safety,RELEVANT,4,SYNTHETIC_DEMO_MAPPING,SYNTHETIC
1120.01,SKL0094,Microsoft Excel,RELEVANT,1,SYNTHETIC_DEMO_MAPPING,SYNTHETIC
1120.02,SKL0095,Workplace Safety,RELEVANT,1,SYNTHETIC_DEMO_MAPPING,SYNTHETIC
1120.02,SKL0033,Machine Maintenance,RELEVANT,4,SYNTHETIC_DEMO_MAPPING,SYNTHETIC
1120.03,SKL0093,Problem Solving,RELEVANT,4,SYNTHETIC_DEMO_MAPPING,SYNTHETIC
1120.03,SKL0095,Workplace Safety,RELEVANT,4,SYNTHETIC_DEMO_MAPPING,SYNTHETIC
1120.03,SKL0088,Fleet Management,RELEVANT,1,SYNTHETIC_DEMO_MAPPING,SYNTHETIC
1120.04,SKL0030,AutoCAD Electrical,RELEVANT,4,SYNTHETIC_DEMO_MAPPING,SYNTHETIC
1120.04,SKL0023,Embedded Systems,RELEVANT,3,SYNTHETIC_DEMO_MAPPING,SYNTHETIC
1120.04,SKL0025,Industrial Automation,RELEVANT,4,SYNTHETIC_DEMO_MAPPING,SYNTHETIC
1120.04,SKL0028,Electrical Testing,RELEVANT,2,SYNTHETIC_DEMO_MAPPING,SYNTHETIC
1120.05,SKL0037,Production Planning,RELEVANT,4,SYNTHETIC_DEMO_MAPPING,SYNTHETIC
1120.05,SKL0035,Quality Control,RELEVANT,3,SYNTHETIC_DEMO_MAPPING,SYNTHETIC
1120.05,SKL0097,Team Management,RELEVANT,2,SYNTHETIC_DEMO_MAPPING,SYNTHETIC
1120.05,SKL0085,Warehouse Management,RELEVANT,1,SYNTHETIC_DEMO_MAPPING,SYNTHETIC
1120.06,SKL0093,Problem Solving,RELEVANT,2,SYNTHETIC_DEMO_MAPPING,SYNTHETIC
1120.06,SKL0094,Microsoft Excel,RELEVANT,4,SYNTHETIC_DEMO_MAPPING,SYNTHETIC
1120.07,SKL0076,Customer Service,RELEVANT,1,SYNTHETIC_DEMO_MAPPING,SYNTHETIC
1120.07,SKL0095,Workplace Safety,RELEVANT,3,SYNTHETIC_DEMO_MAPPING,SYNTHETIC
1120.07,SKL0092,Communication,RELEVANT,3,SYNTHETIC_DEMO_MAPPING,SYNTHETIC
1120.08,SKL0068,Accounting,RELEVANT,1,SYNTHETIC_DEMO_MAPPING,SYNTHETIC
1120.08,SKL0094,Microsoft Excel,RELEVANT,4,SYNTHETIC_DEMO_MAPPING,SYNTHETIC
1120.09,SKL0092,Communication,RELEVANT,3,SYNTHETIC_DEMO_MAPPING,SYNTHETIC
1120.09,SKL0097,Team Management,RELEVANT,2,SYNTHETIC_DEMO_MAPPING,SYNTHETIC
1120.09,SKL0096,Digital Literacy,RELEVANT,2,SYNTHETIC_DEMO_MAPPING,SYNTHETIC
1120.09,SKL0093,Problem Solving,RELEVANT,2,SYNTHETIC_DEMO_MAPPING,SYNTHETIC
1120.09,SKL0095,Workplace Safety,RELEVANT,3,SYNTHETIC_DEMO_MAPPING,SYNTHETIC
1120.1,SKL0093,Problem Solving,RELEVANT,3,SYNTHETIC_DEMO_MAPPING,SYNTHETIC
1120.1,SKL0095,Workplace Safety,RELEVANT,2,SYNTHETIC_DEMO_MAPPING,SYNTHETIC
1120.1,SKL0092,Communication,RELEVANT,3,SYNTHETIC_DEMO_MAPPING,SYNTHETIC
1120.11,SKL0093,Problem Solving,RELEVANT,3,SYNTHETIC_DEMO_MAPPING,SYNTHETIC
1120.11,SKL0094,Microsoft Excel,RELEVANT,2,SYNTHETIC_DEMO_MAPPING,SYNTHETIC
1120.11,SKL0096,Digital Literacy,RELEVANT,3,SYNTHETIC_DEMO_MAPPING,SYNTHETIC
1120.11,SKL0097,Team Management,RELEVANT,1,SYNTHETIC_DEMO_MAPPING,SYNTHETIC
1120.11,SKL0092,Communication,RELEVANT,2,SYNTHETIC_DEMO_MAPPING,SYNTHETIC
1120.12,SKL0097,Team Management,RELEVANT,4,SYNTHETIC_DEMO_MAPPING,SYNTHETIC
1120.12,SKL0049,Electric Motor Systems,RELEVANT,1,SYNTHETIC_DEMO_MAPPING,SYNTHETIC
1120.12,SKL0046,EV Battery Maintenance,RELEVANT,2,SYNTHETIC_DEMO_MAPPING,SYNTHETIC
1120.12,SKL0056,Construction Safety,RELEVANT,2,SYNTHETIC_DEMO_MAPPING,SYNTHETIC
1120.12,SKL0054,Quantity Surveying,RELEVANT,3,SYNTHETIC_DEMO_MAPPING,SYNTHETIC
1120.13,SKL0047,Vehicle Diagnostics,RELEVANT,3,SYNTHETIC_DEMO_MAPPING,SYNTHETIC
1120.13,SKL0097,Team Management,RELEVANT,4,SYNTHETIC_DEMO_MAPPING,SYNTHETIC
1120.13,SKL0048,Auto Electrical,RELEVANT,4,SYNTHETIC_DEMO_MAPPING,SYNTHETIC
1120.13,SKL0041,AutoCAD,RELEVANT,2,SYNTHETIC_DEMO_MAPPING,SYNTHETIC
1120.13,SKL0049,Electric Motor Systems,RELEVANT,3,SYNTHETIC_DEMO_MAPPING,SYNTHETIC
1120.14,SKL0092,Communication,RELEVANT,2,SYNTHETIC_DEMO_MAPPING,SYNTHETIC
1120.14,SKL0072,Excel,RELEVANT,3,SYNTHETIC_DEMO_MAPPING,SYNTHETIC
1120.14,SKL0098,English Communication,RELEVANT,3,SYNTHETIC_DEMO_MAPPING,SYNTHETIC
1120.14,SKL0074,Digital Marketing,RELEVANT,1,SYNTHETIC_DEMO_MAPPING,SYNTHETIC
1120.15,SKL0098,English Communication,RELEVANT,3,SYNTHETIC_DEMO_MAPPING,SYNTHETIC
1120.15,SKL0093,Problem Solving,RELEVANT,4,SYNTHETIC_DEMO_MAPPING,SYNTHETIC
1120.15,SKL0094,Microsoft Excel,RELEVANT,2,SYNTHETIC_DEMO_MAPPING,SYNTHETIC
1120.15,SKL0095,Workplace Safety,RELEVANT,1,SYNTHETIC_DEMO_MAPPING,SYNTHETIC
1120.16,SKL0097,Team Management,RELEVANT,4,SYNTHETIC_DEMO_MAPPING,SYNTHETIC
1120.16,SKL0096,Digital Literacy,RELEVANT,1,SYNTHETIC_DEMO_MAPPING,SYNTHETIC
1120.16,SKL0095,Workplace Safety,RELEVANT,1,SYNTHETIC_DEMO_MAPPING,SYNTHETIC
1120.16,SKL0094,Microsoft Excel,RELEVANT,1,SYNTHETIC_DEMO_MAPPING,SYNTHETIC
1120.17,SKL0094,Microsoft Excel,RELEVANT,3,SYNTHETIC_DEMO_MAPPING,SYNTHETIC
1120.17,SKL0097,Team Management,RELEVANT,3,SYNTHETIC_DEMO_MAPPING,SYNTHETIC
1120.17,SKL0052,Two-Wheeler Service,RELEVANT,4,SYNTHETIC_DEMO_MAPPING,SYNTHETIC
1120.17,SKL0082,Post-Harvest Management,RELEVANT,3,SYNTHETIC_DEMO_MAPPING,SYNTHETIC
1120.18,SKL0096,Digital Literacy,RELEVANT,1,SYNTHETIC_DEMO_MAPPING,SYNTHETIC
1120.18,SKL0046,EV Battery Maintenance,RELEVANT,4,SYNTHETIC_DEMO_MAPPING,SYNTHETIC
1120.18,SKL0052,Two-Wheeler Service,RELEVANT,3,SYNTHETIC_DEMO_MAPPING,SYNTHETIC
1120.18,SKL0047,Vehicle Diagnostics,RELEVANT,4,SYNTHETIC_DEMO_MAPPING,SYNTHETIC
1120.18,SKL0048,Auto Electrical,RELEVANT,1,SYNTHETIC_DEMO_MAPPING,SYNTHETIC
1120.19,SKL0075,Sales,RELEVANT,2,SYNTHETIC_DEMO_MAPPING,SYNTHETIC
1120.19,SKL0033,Machine Maintenance,RELEVANT,4,SYNTHETIC_DEMO_MAPPING,SYNTHETIC
1120.2,SKL0076,Customer Service,RELEVANT,1,SYNTHETIC_DEMO_MAPPING,SYNTHETIC
1120.2,SKL0035,Quality Control,RELEVANT,1,SYNTHETIC_DEMO_MAPPING,SYNTHETIC
1120.2,SKL0095,Workplace Safety,RELEVANT,4,SYNTHETIC_DEMO_MAPPING,SYNTHETIC
1120.2,SKL0033,Machine Maintenance,RELEVANT,3,SYNTHETIC_DEMO_MAPPING,SYNTHETIC
1120.21,SKL0096,Digital Literacy,RELEVANT,3,SYNTHETIC_DEMO_MAPPING,SYNTHETIC
1120.21,SKL0094,Microsoft Excel,RELEVANT,4,SYNTHETIC_DEMO_MAPPING,SYNTHETIC
1120.21,SKL0092,Communication,RELEVANT,2,SYNTHETIC_DEMO_MAPPING,SYNTHETIC
1120.21,SKL0095,Workplace Safety,RELEVANT,1,SYNTHETIC_DEMO_MAPPING,SYNTHETIC
1120.22,SKL0094,Microsoft Excel,RELEVANT,4,SYNTHETIC_DEMO_MAPPING,SYNTHETIC
1120.22,SKL0098,English Communication,RELEVANT,1,SYNTHETIC_DEMO_MAPPING,SYNTHETIC
1120.22,SKL0093,Problem Solving,RELEVANT,4,SYNTHETIC_DEMO_MAPPING,SYNTHETIC
1120.22,SKL0095,Workplace Safety,RELEVANT,2,SYNTHETIC_DEMO_MAPPING,SYNTHETIC
1120.23,SKL0093,Problem Solving,RELEVANT,3,SYNTHETIC_DEMO_MAPPING,SYNTHETIC
1120.23,SKL0090,Logistics Planning,RELEVANT,1,SYNTHETIC_DEMO_MAPPING,SYNTHETIC
1120.23,SKL0043,Automotive Diagnostics,RELEVANT,2,SYNTHETIC_DEMO_MAPPING,SYNTHETIC
1120.23,SKL0091,Route Planning,RELEVANT,3,SYNTHETIC_DEMO_MAPPING,SYNTHETIC
1120.23,SKL0089,Forklift Operation,RELEVANT,1,SYNTHETIC_DEMO_MAPPING,SYNTHETIC
1120.24,SKL0086,Inventory Management,RELEVANT,2,SYNTHETIC_DEMO_MAPPING,SYNTHETIC
1120.24,SKL0090,Logistics Planning,RELEVANT,4,SYNTHETIC_DEMO_MAPPING,SYNTHETIC
1120.24,SKL0043,Automotive Diagnostics,RELEVANT,2,SYNTHETIC_DEMO_MAPPING,SYNTHETIC
1120.24,SKL0094,Microsoft Excel,RELEVANT,4,SYNTHETIC_DEMO_MAPPING,SYNTHETIC
1120.24,SKL0093,Problem Solving,RELEVANT,2,SYNTHETIC_DEMO_MAPPING,SYNTHETIC
1120.25,SKL0047,Vehicle Diagnostics,RELEVANT,3,SYNTHETIC_DEMO_MAPPING,SYNTHETIC
1120.25,SKL0093,Problem Solving,RELEVANT,2,SYNTHETIC_DEMO_MAPPING,SYNTHETIC
1120.25,SKL0097,Team Management,RELEVANT,3,SYNTHETIC_DEMO_MAPPING,SYNTHETIC
1120.25,SKL0092,Communication,RELEVANT,1,SYNTHETIC_DEMO_MAPPING,SYNTHETIC
1120.25,SKL0048,Auto Electrical,RELEVANT,4,SYNTHETIC_DEMO_MAPPING,SYNTHETIC
1120.26,SKL0050,Automotive CAD,RELEVANT,2,SYNTHETIC_DEMO_MAPPING,SYNTHETIC
1120.26,SKL0056,Construction Safety,RELEVANT,2,SYNTHETIC_DEMO_MAPPING,SYNTHETIC
1120.27,SKL0068,Accounting,RELEVANT,4,SYNTHETIC_DEMO_MAPPING,SYNTHETIC
1120.27,SKL0047,Vehicle Diagnostics,RELEVANT,2,SYNTHETIC_DEMO_MAPPING,SYNTHETIC
1120.27,SKL0095,Workplace Safety,RELEVANT,2,SYNTHETIC_DEMO_MAPPING,SYNTHETIC
1120.28,SKL0036,Lean Manufacturing,RELEVANT,3,SYNTHETIC_DEMO_MAPPING,SYNTHETIC
1120.28,SKL0092,Communication,RELEVANT,4,SYNTHETIC_DEMO_MAPPING,SYNTHETIC
1120.28,SKL0088,Fleet Management,RELEVANT,4,SYNTHETIC_DEMO_MAPPING,SYNTHETIC
1120.29,SKL0098,English Communication,RELEVANT,3,SYNTHETIC_DEMO_MAPPING,SYNTHETIC
1120.29,SKL0052,Two-Wheeler Service,RELEVANT,4,SYNTHETIC_DEMO_MAPPING,SYNTHETIC
1120.29,SKL0094,Microsoft Excel,RELEVANT,1,SYNTHETIC_DEMO_MAPPING,SYNTHETIC
1120.3,SKL0045,Battery Management Systems,RELEVANT,1,SYNTHETIC_DEMO_MAPPING,SYNTHETIC
1120.3,SKL0092,Communication,RELEVANT,2,SYNTHETIC_DEMO_MAPPING,SYNTHETIC
1120.3,SKL0093,Problem Solving,RELEVANT,2,SYNTHETIC_DEMO_MAPPING,SYNTHETIC
1120.3,SKL0052,Two-Wheeler Service,RELEVANT,2,SYNTHETIC_DEMO_MAPPING,SYNTHETIC
1120.3,SKL0046,EV Battery Maintenance,RELEVANT,1,SYNTHETIC_DEMO_MAPPING,SYNTHETIC
1120.31,SKL0049,Electric Motor Systems,RELEVANT,2,SYNTHETIC_DEMO_MAPPING,SYNTHETIC
1120.31,SKL0096,Digital Literacy,RELEVANT,2,SYNTHETIC_DEMO_MAPPING,SYNTHETIC
1120.31,SKL0047,Vehicle Diagnostics,RELEVANT,2,SYNTHETIC_DEMO_MAPPING,SYNTHETIC
1120.32,SKL0049,Electric Motor Systems,RELEVANT,2,SYNTHETIC_DEMO_MAPPING,SYNTHETIC
1120.32,SKL0047,Vehicle Diagnostics,RELEVANT,2,SYNTHETIC_DEMO_MAPPING,SYNTHETIC
1120.32,SKL0050,Automotive CAD,RELEVANT,4,SYNTHETIC_DEMO_MAPPING,SYNTHETIC
1120.33,SKL0052,Two-Wheeler Service,RELEVANT,4,SYNTHETIC_DEMO_MAPPING,SYNTHETIC
1120.33,SKL0050,Automotive CAD,RELEVANT,1,SYNTHETIC_DEMO_MAPPING,SYNTHETIC
1120.34,SKL0049,Electric Motor Systems,RELEVANT,2,SYNTHETIC_DEMO_MAPPING,SYNTHETIC
1120.34,SKL0069,Tally,RELEVANT,3,SYNTHETIC_DEMO_MAPPING,SYNTHETIC
1120.34,SKL0068,Accounting,RELEVANT,2,SYNTHETIC_DEMO_MAPPING,SYNTHETIC
1120.34,SKL0073,Business Analysis,RELEVANT,2,SYNTHETIC_DEMO_MAPPING,SYNTHETIC
1120.3401,SKL0093,Problem Solving,RELEVANT,1,SYNTHETIC_DEMO_MAPPING,SYNTHETIC
1120.3401,SKL0074,Digital Marketing,RELEVANT,2,SYNTHETIC_DEMO_MAPPING,SYNTHETIC
1120.3402,SKL0092,Communication,RELEVANT,3,SYNTHETIC_DEMO_MAPPING,SYNTHETIC
1120.3402,SKL0093,Problem Solving,RELEVANT,3,SYNTHETIC_DEMO_MAPPING,SYNTHETIC
1120.35,SKL0049,Electric Motor Systems,RELEVANT,4,SYNTHETIC_DEMO_MAPPING,SYNTHETIC
1120.35,SKL0046,EV Battery Maintenance,RELEVANT,4,SYNTHETIC_DEMO_MAPPING,SYNTHETIC
1120.35,SKL0048,Auto Electrical,RELEVANT,1,SYNTHETIC_DEMO_MAPPING,SYNTHETIC
1120.35,SKL0044,EV Systems,RELEVANT,4,SYNTHETIC_DEMO_MAPPING,SYNTHETIC
1120.36,SKL0065,Laboratory Techniques,RELEVANT,4,SYNTHETIC_DEMO_MAPPING,SYNTHETIC
1120.36,SKL0043,Automotive Diagnostics,RELEVANT,2,SYNTHETIC_DEMO_MAPPING,SYNTHETIC
1120.36,SKL0092,Communication,RELEVANT,2,SYNTHETIC_DEMO_MAPPING,SYNTHETIC
1120.37,SKL0096,Digital Literacy,RELEVANT,3,SYNTHETIC_DEMO_MAPPING,SYNTHETIC
1120.37,SKL0093,Problem Solving,RELEVANT,3,SYNTHETIC_DEMO_MAPPING,SYNTHETIC
1120.37,SKL0094,Microsoft Excel,RELEVANT,4,SYNTHETIC_DEMO_MAPPING,SYNTHETIC
1120.37,SKL0046,EV Battery Maintenance,RELEVANT,1,SYNTHETIC_DEMO_MAPPING,SYNTHETIC
1120.37,SKL0043,Automotive Diagnostics,RELEVANT,2,SYNTHETIC_DEMO_MAPPING,SYNTHETIC
1120.38,SKL0046,EV Battery Maintenance,RELEVANT,3,SYNTHETIC_DEMO_MAPPING,SYNTHETIC
1120.38,SKL0095,Workplace Safety,RELEVANT,1,SYNTHETIC_DEMO_MAPPING,SYNTHETIC
1120.39,SKL0094,Microsoft Excel,RELEVANT,1,SYNTHETIC_DEMO_MAPPING,SYNTHETIC
1120.39,SKL0059,Project Planning,RELEVANT,4,SYNTHETIC_DEMO_MAPPING,SYNTHETIC
1120.39,SKL0051,Service Operations,RELEVANT,1,SYNTHETIC_DEMO_MAPPING,SYNTHETIC
1120.39,SKL0046,EV Battery Maintenance,RELEVANT,3,SYNTHETIC_DEMO_MAPPING,SYNTHETIC
1120.99,SKL0025,Industrial Automation,RELEVANT,3,SYNTHETIC_DEMO_MAPPING,SYNTHETIC
1120.99,SKL0094,Microsoft Excel,RELEVANT,1,SYNTHETIC_DEMO_MAPPING,SYNTHETIC
1120.99,SKL0091,Route Planning,RELEVANT,2,SYNTHETIC_DEMO_MAPPING,SYNTHETIC
1120.99,SKL0089,Forklift Operation,RELEVANT,2,SYNTHETIC_DEMO_MAPPING,SYNTHETIC
1211.01,SKL0068,Accounting,RELEVANT,2,SYNTHETIC_DEMO_MAPPING,SYNTHETIC
1211.01,SKL0096,Digital Literacy,RELEVANT,3,SYNTHETIC_DEMO_MAPPING,SYNTHETIC
1211.02,SKL0098,English Communication,RELEVANT,1,SYNTHETIC_DEMO_MAPPING,SYNTHETIC
1211.02,SKL0073,Business Analysis,RELEVANT,1,SYNTHETIC_DEMO_MAPPING,SYNTHETIC
1211.02,SKL0097,Team Management,RELEVANT,3,SYNTHETIC_DEMO_MAPPING,SYNTHETIC
1211.03,SKL0071,Financial Analysis,RELEVANT,2,SYNTHETIC_DEMO_MAPPING,SYNTHETIC
1211.03,SKL0075,Sales,RELEVANT,1,SYNTHETIC_DEMO_MAPPING,SYNTHETIC
1211.03,SKL0072,Excel,RELEVANT,3,SYNTHETIC_DEMO_MAPPING,SYNTHETIC
1211.03,SKL0097,Team Management,RELEVANT,1,SYNTHETIC_DEMO_MAPPING,SYNTHETIC
1211.03,SKL0076,Customer Service,RELEVANT,3,SYNTHETIC_DEMO_MAPPING,SYNTHETIC
1211.99,SKL0077,Supply Chain,RELEVANT,3,SYNTHETIC_DEMO_MAPPING,SYNTHETIC
1211.99,SKL0071,Financial Analysis,RELEVANT,2,SYNTHETIC_DEMO_MAPPING,SYNTHETIC
1211.99,SKL0098,English Communication,RELEVANT,1,SYNTHETIC_DEMO_MAPPING,SYNTHETIC
1212.01,SKL0094,Microsoft Excel,RELEVANT,3,SYNTHETIC_DEMO_MAPPING,SYNTHETIC
1212.01,SKL0095,Workplace Safety,RELEVANT,2,SYNTHETIC_DEMO_MAPPING,SYNTHETIC
1212.01,SKL0098,English Communication,RELEVANT,3,SYNTHETIC_DEMO_MAPPING,SYNTHETIC
1212.99,SKL0050,Automotive CAD,RELEVANT,3,SYNTHETIC_DEMO_MAPPING,SYNTHETIC
1212.99,SKL0095,Workplace Safety,RELEVANT,3,SYNTHETIC_DEMO_MAPPING,SYNTHETIC
1212.99,SKL0048,Auto Electrical,RELEVANT,1,SYNTHETIC_DEMO_MAPPING,SYNTHETIC
1212.99,SKL0093,Problem Solving,RELEVANT,1,SYNTHETIC_DEMO_MAPPING,SYNTHETIC
1213.01,SKL0037,Production Planning,RELEVANT,3,SYNTHETIC_DEMO_MAPPING,SYNTHETIC
1213.01,SKL0051,Service Operations,RELEVANT,3,SYNTHETIC_DEMO_MAPPING,SYNTHETIC
1213.01,SKL0087,Supply Chain Management,RELEVANT,4,SYNTHETIC_DEMO_MAPPING,SYNTHETIC
1213.0101,SKL0036,Lean Manufacturing,RELEVANT,1,SYNTHETIC_DEMO_MAPPING,SYNTHETIC
1213.0101,SKL0041,AutoCAD,RELEVANT,3,SYNTHETIC_DEMO_MAPPING,SYNTHETIC
1213.0101,SKL0096,Digital Literacy,RELEVANT,3,SYNTHETIC_DEMO_MAPPING,SYNTHETIC
1213.0101,SKL0093,Problem Solving,RELEVANT,4,SYNTHETIC_DEMO_MAPPING,SYNTHETIC
1213.0101,SKL0034,Welding,RELEVANT,4,SYNTHETIC_DEMO_MAPPING,SYNTHETIC
1213.0102,SKL0098,English Communication,RELEVANT,3,SYNTHETIC_DEMO_MAPPING,SYNTHETIC
1213.0102,SKL0092,Communication,RELEVANT,1,SYNTHETIC_DEMO_MAPPING,SYNTHETIC
1213.0102,SKL0096,Digital Literacy,RELEVANT,4,SYNTHETIC_DEMO_MAPPING,SYNTHETIC
1213.0102,SKL0093,Problem Solving,RELEVANT,1,SYNTHETIC_DEMO_MAPPING,SYNTHETIC
1213.0102,SKL0094,Microsoft Excel,RELEVANT,1,SYNTHETIC_DEMO_MAPPING,SYNTHETIC
1213.02,SKL0073,Business Analysis,RELEVANT,1,SYNTHETIC_DEMO_MAPPING,SYNTHETIC
1213.02,SKL0098,English Communication,RELEVANT,1,SYNTHETIC_DEMO_MAPPING,SYNTHETIC
1213.0201,SKL0092,Communication,RELEVANT,2,SYNTHETIC_DEMO_MAPPING,SYNTHETIC
1213.0201,SKL0096,Digital Literacy,RELEVANT,2,SYNTHETIC_DEMO_MAPPING,SYNTHETIC
1213.0202,SKL0049,Electric Motor Systems,RELEVANT,3,SYNTHETIC_DEMO_MAPPING,SYNTHETIC
1213.0202,SKL0098,English Communication,RELEVANT,4,SYNTHETIC_DEMO_MAPPING,SYNTHETIC
1213.0202,SKL0052,Two-Wheeler Service,RELEVANT,2,SYNTHETIC_DEMO_MAPPING,SYNTHETIC
1213.0202,SKL0045,Battery Management Systems,RELEVANT,1,SYNTHETIC_DEMO_MAPPING,SYNTHETIC
1213.99,SKL0094,Microsoft Excel,RELEVANT,3,SYNTHETIC_DEMO_MAPPING,SYNTHETIC
1213.99,SKL0097,Team Management,RELEVANT,3,SYNTHETIC_DEMO_MAPPING,SYNTHETIC
1213.99,SKL0093,Problem Solving,RELEVANT,4,SYNTHETIC_DEMO_MAPPING,SYNTHETIC
1213.99,SKL0047,Vehicle Diagnostics,RELEVANT,2,SYNTHETIC_DEMO_MAPPING,SYNTHETIC
1219.01,SKL0098,English Communication,RELEVANT,2,SYNTHETIC_DEMO_MAPPING,SYNTHETIC
1219.01,SKL0093,Problem Solving,RELEVANT,4,SYNTHETIC_DEMO_MAPPING,SYNTHETIC
1219.01,SKL0095,Workplace Safety,RELEVANT,4,SYNTHETIC_DEMO_MAPPING,SYNTHETIC
1219.0101,SKL0089,Forklift Operation,RELEVANT,3,SYNTHETIC_DEMO_MAPPING,SYNTHETIC
1219.0101,SKL0091,Route Planning,RELEVANT,4,SYNTHETIC_DEMO_MAPPING,SYNTHETIC
1219.02,SKL0094,Microsoft Excel,RELEVANT,2,SYNTHETIC_DEMO_MAPPING,SYNTHETIC
1219.02,SKL0095,Workplace Safety,RELEVANT,3,SYNTHETIC_DEMO_MAPPING,SYNTHETIC
1219.02,SKL0098,English Communication,RELEVANT,4,SYNTHETIC_DEMO_MAPPING,SYNTHETIC
1219.02,SKL0047,Vehicle Diagnostics,RELEVANT,3,SYNTHETIC_DEMO_MAPPING,SYNTHETIC
1219.02,SKL0096,Digital Literacy,RELEVANT,4,SYNTHETIC_DEMO_MAPPING,SYNTHETIC
1221.01,SKL0096,Digital Literacy,RELEVANT,1,SYNTHETIC_DEMO_MAPPING,SYNTHETIC
1221.01,SKL0098,English Communication,RELEVANT,4,SYNTHETIC_DEMO_MAPPING,SYNTHETIC
1221.01,SKL0093,Problem Solving,RELEVANT,2,SYNTHETIC_DEMO_MAPPING,SYNTHETIC
1221.01,SKL0097,Team Management,RELEVANT,3,SYNTHETIC_DEMO_MAPPING,SYNTHETIC
1221.02,SKL0093,Problem Solving,RELEVANT,3,SYNTHETIC_DEMO_MAPPING,SYNTHETIC
1221.02,SKL0098,English Communication,RELEVANT,3,SYNTHETIC_DEMO_MAPPING,SYNTHETIC
1221.02,SKL0076,Customer Service,RELEVANT,2,SYNTHETIC_DEMO_MAPPING,SYNTHETIC
1221.02,SKL0075,Sales,RELEVANT,1,SYNTHETIC_DEMO_MAPPING,SYNTHETIC
1221.0301,SKL0047,Vehicle Diagnostics,RELEVANT,3,SYNTHETIC_DEMO_MAPPING,SYNTHETIC
1221.0301,SKL0046,EV Battery Maintenance,RELEVANT,2,SYNTHETIC_DEMO_MAPPING,SYNTHETIC
1221.0401,SKL0075,Sales,RELEVANT,1,SYNTHETIC_DEMO_MAPPING,SYNTHETIC
1221.0401,SKL0096,Digital Literacy,RELEVANT,3,SYNTHETIC_DEMO_MAPPING,SYNTHETIC
1221.0401,SKL0077,Supply Chain,RELEVANT,1,SYNTHETIC_DEMO_MAPPING,SYNTHETIC
1221.0401,SKL0074,Digital Marketing,RELEVANT,4,SYNTHETIC_DEMO_MAPPING,SYNTHETIC
1221.0401,SKL0093,Problem Solving,RELEVANT,2,SYNTHETIC_DEMO_MAPPING,SYNTHETIC
1221.0501,SKL0070,GST,RELEVANT,1,SYNTHETIC_DEMO_MAPPING,SYNTHETIC
1221.0501,SKL0096,Digital Literacy,RELEVANT,1,SYNTHETIC_DEMO_MAPPING,SYNTHETIC
1221.0501,SKL0093,Problem Solving,RELEVANT,3,SYNTHETIC_DEMO_MAPPING,SYNTHETIC
1221.0601,SKL0098,English Communication,RELEVANT,1,SYNTHETIC_DEMO_MAPPING,SYNTHETIC
1221.0601,SKL0095,Workplace Safety,RELEVANT,3,SYNTHETIC_DEMO_MAPPING,SYNTHETIC
1221.0601,SKL0069,Tally,RELEVANT,1,SYNTHETIC_DEMO_MAPPING,SYNTHETIC
1221.0602,SKL0074,Digital Marketing,RELEVANT,1,SYNTHETIC_DEMO_MAPPING,SYNTHETIC
1221.0602,SKL0068,Accounting,RELEVANT,2,SYNTHETIC_DEMO_MAPPING,SYNTHETIC
1221.0602,SKL0097,Team Management,RELEVANT,1,SYNTHETIC_DEMO_MAPPING,SYNTHETIC
1221.99,SKL0050,Automotive CAD,RELEVANT,2,SYNTHETIC_DEMO_MAPPING,SYNTHETIC
1221.99,SKL0097,Team Management,RELEVANT,1,SYNTHETIC_DEMO_MAPPING,SYNTHETIC
1221.99,SKL0095,Workplace Safety,RELEVANT,1,SYNTHETIC_DEMO_MAPPING,SYNTHETIC
1221.99,SKL0048,Auto Electrical,RELEVANT,4,SYNTHETIC_DEMO_MAPPING,SYNTHETIC
1222.01,SKL0068,Accounting,RELEVANT,4,SYNTHETIC_DEMO_MAPPING,SYNTHETIC
1222.01,SKL0071,Financial Analysis,RELEVANT,3,SYNTHETIC_DEMO_MAPPING,SYNTHETIC
1222.01,SKL0044,EV Systems,RELEVANT,3,SYNTHETIC_DEMO_MAPPING,SYNTHETIC
1222.01,SKL0043,Automotive Diagnostics,RELEVANT,1,SYNTHETIC_DEMO_MAPPING,SYNTHETIC
1222.01,SKL0073,Business Analysis,RELEVANT,3,SYNTHETIC_DEMO_MAPPING,SYNTHETIC
1222.0102,SKL0092,Communication,RELEVANT,4,SYNTHETIC_DEMO_MAPPING,SYNTHETIC
1222.0102,SKL0098,English Communication,RELEVANT,4,SYNTHETIC_DEMO_MAPPING,SYNTHETIC
1222.0102,SKL0093,Problem Solving,RELEVANT,3,SYNTHETIC_DEMO_MAPPING,SYNTHETIC
1222.0102,SKL0096,Digital Literacy,RELEVANT,3,SYNTHETIC_DEMO_MAPPING,SYNTHETIC
1222.02,SKL0034,Welding,RELEVANT,2,SYNTHETIC_DEMO_MAPPING,SYNTHETIC
1222.02,SKL0037,Production Planning,RELEVANT,1,SYNTHETIC_DEMO_MAPPING,SYNTHETIC
1222.02,SKL0031,CNC Programming,RELEVANT,4,SYNTHETIC_DEMO_MAPPING,SYNTHETIC
1222.99,SKL0049,Electric Motor Systems,RELEVANT,1,SYNTHETIC_DEMO_MAPPING,SYNTHETIC
1222.99,SKL0092,Communication,RELEVANT,4,SYNTHETIC_DEMO_MAPPING,SYNTHETIC
1222.99,SKL0045,Battery Management Systems,RELEVANT,2,SYNTHETIC_DEMO_MAPPING,SYNTHETIC
1222.99,SKL0093,Problem Solving,RELEVANT,1,SYNTHETIC_DEMO_MAPPING,SYNTHETIC
1222.99,SKL0094,Microsoft Excel,RELEVANT,3,SYNTHETIC_DEMO_MAPPING,SYNTHETIC
1223.0101,SKL0092,Communication,RELEVANT,1,SYNTHETIC_DEMO_MAPPING,SYNTHETIC
1223.0101,SKL0098,English Communication,RELEVANT,4,SYNTHETIC_DEMO_MAPPING,SYNTHETIC
1223.0101,SKL0094,Microsoft Excel,RELEVANT,1,SYNTHETIC_DEMO_MAPPING,SYNTHETIC
1223.0102,SKL0096,Digital Literacy,RELEVANT,1,SYNTHETIC_DEMO_MAPPING,SYNTHETIC
1223.0102,SKL0032,CNC Operation,RELEVANT,1,SYNTHETIC_DEMO_MAPPING,SYNTHETIC
1223.0201,SKL0010,REST APIs,RELEVANT,1,SYNTHETIC_DEMO_MAPPING,SYNTHETIC
1223.0201,SKL0098,English Communication,RELEVANT,2,SYNTHETIC_DEMO_MAPPING,SYNTHETIC
1223.0201,SKL0016,Data Analysis,RELEVANT,3,SYNTHETIC_DEMO_MAPPING,SYNTHETIC
1311.01,SKL0093,Problem Solving,RELEVANT,3,SYNTHETIC_DEMO_MAPPING,SYNTHETIC
1311.01,SKL0027,Sensors,RELEVANT,1,SYNTHETIC_DEMO_MAPPING,SYNTHETIC
1311.02,SKL0083,Food Processing,RELEVANT,2,SYNTHETIC_DEMO_MAPPING,SYNTHETIC
1311.02,SKL0080,Precision Agriculture,RELEVANT,3,SYNTHETIC_DEMO_MAPPING,SYNTHETIC
1311.02,SKL0070,GST,RELEVANT,3,SYNTHETIC_DEMO_MAPPING,SYNTHETIC
1311.02,SKL0038,CNC Turning,RELEVANT,2,SYNTHETIC_DEMO_MAPPING,SYNTHETIC
1311.03,SKL0057,Civil Drafting,RELEVANT,4,SYNTHETIC_DEMO_MAPPING,SYNTHETIC
1311.03,SKL0086,Inventory Management,RELEVANT,2,SYNTHETIC_DEMO_MAPPING,SYNTHETIC
1311.03,SKL0087,Supply Chain Management,RELEVANT,1,SYNTHETIC_DEMO_MAPPING,SYNTHETIC
1311.03,SKL0039,CNC Milling,RELEVANT,4,SYNTHETIC_DEMO_MAPPING,SYNTHETIC
1311.04,SKL0064,Pharmacy Operations,RELEVANT,2,SYNTHETIC_DEMO_MAPPING,SYNTHETIC
1311.04,SKL0081,Irrigation Management,RELEVANT,3,SYNTHETIC_DEMO_MAPPING,SYNTHETIC
1311.04,SKL0075,Sales,RELEVANT,3,SYNTHETIC_DEMO_MAPPING,SYNTHETIC
1311.05,SKL0076,Customer Service,RELEVANT,4,SYNTHETIC_DEMO_MAPPING,SYNTHETIC
1311.05,SKL0040,Mechanical Assembly,RELEVANT,4,SYNTHETIC_DEMO_MAPPING,SYNTHETIC
1311.05,SKL0071,Financial Analysis,RELEVANT,4,SYNTHETIC_DEMO_MAPPING,SYNTHETIC
1311.05,SKL0078,Farm Machinery,RELEVANT,3,SYNTHETIC_DEMO_MAPPING,SYNTHETIC
1311.06,SKL0062,Medical Coding,RELEVANT,2,SYNTHETIC_DEMO_MAPPING,SYNTHETIC
1311.06,SKL0036,Lean Manufacturing,RELEVANT,4,SYNTHETIC_DEMO_MAPPING,SYNTHETIC
1311.06,SKL0083,Food Processing,RELEVANT,2,SYNTHETIC_DEMO_MAPPING,SYNTHETIC
1311.06,SKL0035,Quality Control,RELEVANT,4,SYNTHETIC_DEMO_MAPPING,SYNTHETIC
1311.07,SKL0058,Surveying,RELEVANT,1,SYNTHETIC_DEMO_MAPPING,SYNTHETIC
1311.07,SKL0097,Team Management,RELEVANT,2,SYNTHETIC_DEMO_MAPPING,SYNTHETIC
1311.07,SKL0056,Construction Safety,RELEVANT,1,SYNTHETIC_DEMO_MAPPING,SYNTHETIC
1311.07,SKL0036,Lean Manufacturing,RELEVANT,2,SYNTHETIC_DEMO_MAPPING,SYNTHETIC
1311.07,SKL0082,Post-Harvest Management,RELEVANT,2,SYNTHETIC_DEMO_MAPPING,SYNTHETIC
1311.08,SKL0025,Industrial Automation,RELEVANT,2,SYNTHETIC_DEMO_MAPPING,SYNTHETIC
1311.08,SKL0080,Precision Agriculture,RELEVANT,4,SYNTHETIC_DEMO_MAPPING,SYNTHETIC
1311.08,SKL0029,Control Systems,RELEVANT,3,SYNTHETIC_DEMO_MAPPING,SYNTHETIC
1311.08,SKL0034,Welding,RELEVANT,2,SYNTHETIC_DEMO_MAPPING,SYNTHETIC
1311.08,SKL0039,CNC Milling,RELEVANT,1,SYNTHETIC_DEMO_MAPPING,SYNTHETIC
1311.09,SKL0061,Patient Care,RELEVANT,4,SYNTHETIC_DEMO_MAPPING,SYNTHETIC
1311.09,SKL0064,Pharmacy Operations,RELEVANT,1,SYNTHETIC_DEMO_MAPPING,SYNTHETIC
1311.0901,SKL0065,Laboratory Techniques,RELEVANT,1,SYNTHETIC_DEMO_MAPPING,SYNTHETIC
1311.0901,SKL0097,Team Management,RELEVANT,2,SYNTHETIC_DEMO_MAPPING,SYNTHETIC
1311.0901,SKL0062,Medical Coding,RELEVANT,4,SYNTHETIC_DEMO_MAPPING,SYNTHETIC
1311.1,SKL0097,Team Management,RELEVANT,1,SYNTHETIC_DEMO_MAPPING,SYNTHETIC
1311.1,SKL0047,Vehicle Diagnostics,RELEVANT,4,SYNTHETIC_DEMO_MAPPING,SYNTHETIC
1311.1,SKL0050,Automotive CAD,RELEVANT,4,SYNTHETIC_DEMO_MAPPING,SYNTHETIC
1311.11,SKL0098,English Communication,RELEVANT,2,SYNTHETIC_DEMO_MAPPING,SYNTHETIC
1311.11,SKL0042,SolidWorks,RELEVANT,4,SYNTHETIC_DEMO_MAPPING,SYNTHETIC
1311.11,SKL0031,CNC Programming,RELEVANT,3,SYNTHETIC_DEMO_MAPPING,SYNTHETIC
1311.12,SKL0069,Tally,RELEVANT,1,SYNTHETIC_DEMO_MAPPING,SYNTHETIC
1311.12,SKL0097,Team Management,RELEVANT,3,SYNTHETIC_DEMO_MAPPING,SYNTHETIC
1311.13,SKL0064,Pharmacy Operations,RELEVANT,1,SYNTHETIC_DEMO_MAPPING,SYNTHETIC
1311.13,SKL0062,Medical Coding,RELEVANT,4,SYNTHETIC_DEMO_MAPPING,SYNTHETIC
1311.13,SKL0095,Workplace Safety,RELEVANT,1,SYNTHETIC_DEMO_MAPPING,SYNTHETIC
1311.13,SKL0072,Excel,RELEVANT,3,SYNTHETIC_DEMO_MAPPING,SYNTHETIC
1311.13,SKL0081,Irrigation Management,RELEVANT,2,SYNTHETIC_DEMO_MAPPING,SYNTHETIC
1311.14,SKL0036,Lean Manufacturing,RELEVANT,2,SYNTHETIC_DEMO_MAPPING,SYNTHETIC
1311.14,SKL0073,Business Analysis,RELEVANT,1,SYNTHETIC_DEMO_MAPPING,SYNTHETIC
1311.14,SKL0098,English Communication,RELEVANT,1,SYNTHETIC_DEMO_MAPPING,SYNTHETIC
1311.14,SKL0069,Tally,RELEVANT,3,SYNTHETIC_DEMO_MAPPING,SYNTHETIC
1311.15,SKL0059,Project Planning,RELEVANT,3,SYNTHETIC_DEMO_MAPPING,SYNTHETIC
1311.15,SKL0072,Excel,RELEVANT,3,SYNTHETIC_DEMO_MAPPING,SYNTHETIC
1311.15,SKL0058,Surveying,RELEVANT,3,SYNTHETIC_DEMO_MAPPING,SYNTHETIC
1311.15,SKL0070,GST,RELEVANT,4,SYNTHETIC_DEMO_MAPPING,SYNTHETIC
1311.15,SKL0034,Welding,RELEVANT,3,SYNTHETIC_DEMO_MAPPING,SYNTHETIC
1311.99,SKL0096,Digital Literacy,RELEVANT,4,SYNTHETIC_DEMO_MAPPING,SYNTHETIC
1311.99,SKL0093,Problem Solving,RELEVANT,4,SYNTHETIC_DEMO_MAPPING,SYNTHETIC
1311.99,SKL0036,Lean Manufacturing,RELEVANT,1,SYNTHETIC_DEMO_MAPPING,SYNTHETIC
1311.99,SKL0035,Quality Control,RELEVANT,4,SYNTHETIC_DEMO_MAPPING,SYNTHETIC
1311.99,SKL0095,Workplace Safety,RELEVANT,2,SYNTHETIC_DEMO_MAPPING,SYNTHETIC
1321.01,SKL0095,Workplace Safety,RELEVANT,3,SYNTHETIC_DEMO_MAPPING,SYNTHETIC
1321.01,SKL0096,Digital Literacy,RELEVANT,3,SYNTHETIC_DEMO_MAPPING,SYNTHETIC
1321.01,SKL0022,SCADA,RELEVANT,3,SYNTHETIC_DEMO_MAPPING,SYNTHETIC
1321.01,SKL0021,PLC,RELEVANT,4,SYNTHETIC_DEMO_MAPPING,SYNTHETIC
1321.02,SKL0092,Communication,RELEVANT,1,SYNTHETIC_DEMO_MAPPING,SYNTHETIC
1321.02,SKL0095,Workplace Safety,RELEVANT,3,SYNTHETIC_DEMO_MAPPING,SYNTHETIC
1321.02,SKL0097,Team Management,RELEVANT,4,SYNTHETIC_DEMO_MAPPING,SYNTHETIC
1321.02,SKL0086,Inventory Management,RELEVANT,4,SYNTHETIC_DEMO_MAPPING,SYNTHETIC
1321.02,SKL0093,Problem Solving,RELEVANT,3,SYNTHETIC_DEMO_MAPPING,SYNTHETIC
1321.03,SKL0042,SolidWorks,RELEVANT,3,SYNTHETIC_DEMO_MAPPING,SYNTHETIC
1321.03,SKL0090,Logistics Planning,RELEVANT,2,SYNTHETIC_DEMO_MAPPING,SYNTHETIC
1321.03,SKL0095,Workplace Safety,RELEVANT,4,SYNTHETIC_DEMO_MAPPING,SYNTHETIC
1321.04,SKL0092,Communication,RELEVANT,4,SYNTHETIC_DEMO_MAPPING,SYNTHETIC
1321.04,SKL0088,Fleet Management,RELEVANT,1,SYNTHETIC_DEMO_MAPPING,SYNTHETIC
1321.04,SKL0097,Team Management,RELEVANT,2,SYNTHETIC_DEMO_MAPPING,SYNTHETIC
1321.05,SKL0087,Supply Chain Management,RELEVANT,4,SYNTHETIC_DEMO_MAPPING,SYNTHETIC
1321.05,SKL0041,AutoCAD,RELEVANT,4,SYNTHETIC_DEMO_MAPPING,SYNTHETIC
1321.06,SKL0024,PCB Design,RELEVANT,4,SYNTHETIC_DEMO_MAPPING,SYNTHETIC
1321.06,SKL0021,PLC,RELEVANT,3,SYNTHETIC_DEMO_MAPPING,SYNTHETIC
1321.06,SKL0079,Agri Input Management,RELEVANT,3,SYNTHETIC_DEMO_MAPPING,SYNTHETIC
1321.06,SKL0098,English Communication,RELEVANT,4,SYNTHETIC_DEMO_MAPPING,SYNTHETIC
1321.07,SKL0030,AutoCAD Electrical,RELEVANT,4,SYNTHETIC_DEMO_MAPPING,SYNTHETIC
1321.07,SKL0023,Embedded Systems,RELEVANT,1,SYNTHETIC_DEMO_MAPPING,SYNTHETIC
1321.07,SKL0024,PCB Design,RELEVANT,2,SYNTHETIC_DEMO_MAPPING,SYNTHETIC
1321.07,SKL0022,SCADA,RELEVANT,4,SYNTHETIC_DEMO_MAPPING,SYNTHETIC
1321.08,SKL0087,Supply Chain Management,RELEVANT,3,SYNTHETIC_DEMO_MAPPING,SYNTHETIC
1321.08,SKL0093,Problem Solving,RELEVANT,4,SYNTHETIC_DEMO_MAPPING,SYNTHETIC
1321.09,SKL0094,Microsoft Excel,RELEVANT,1,SYNTHETIC_DEMO_MAPPING,SYNTHETIC
1321.09,SKL0089,Forklift Operation,RELEVANT,2,SYNTHETIC_DEMO_MAPPING,SYNTHETIC
1321.09,SKL0086,Inventory Management,RELEVANT,1,SYNTHETIC_DEMO_MAPPING,SYNTHETIC
1321.1,SKL0038,CNC Turning,RELEVANT,1,SYNTHETIC_DEMO_MAPPING,SYNTHETIC
1321.1,SKL0049,Electric Motor Systems,RELEVANT,2,SYNTHETIC_DEMO_MAPPING,SYNTHETIC
1321.1,SKL0047,Vehicle Diagnostics,RELEVANT,1,SYNTHETIC_DEMO_MAPPING,SYNTHETIC
1321.1,SKL0052,Two-Wheeler Service,RELEVANT,3,SYNTHETIC_DEMO_MAPPING,SYNTHETIC
1321.99,SKL0097,Team Management,RELEVANT,3,SYNTHETIC_DEMO_MAPPING,SYNTHETIC
1321.99,SKL0031,CNC Programming,RELEVANT,4,SYNTHETIC_DEMO_MAPPING,SYNTHETIC
1321.99,SKL0036,Lean Manufacturing,RELEVANT,1,SYNTHETIC_DEMO_MAPPING,SYNTHETIC
1321.99,SKL0037,Production Planning,RELEVANT,2,SYNTHETIC_DEMO_MAPPING,SYNTHETIC
1322.01,SKL0092,Communication,RELEVANT,3,SYNTHETIC_DEMO_MAPPING,SYNTHETIC
1322.01,SKL0098,English Communication,RELEVANT,4,SYNTHETIC_DEMO_MAPPING,SYNTHETIC
1322.01,SKL0039,CNC Milling,RELEVANT,4,SYNTHETIC_DEMO_MAPPING,SYNTHETIC
1322.01,SKL0038,CNC Turning,RELEVANT,2,SYNTHETIC_DEMO_MAPPING,SYNTHETIC
1322.01,SKL0097,Team Management,RELEVANT,2,SYNTHETIC_DEMO_MAPPING,SYNTHETIC
1322.02,SKL0038,CNC Turning,RELEVANT,1,SYNTHETIC_DEMO_MAPPING,SYNTHETIC
1322.02,SKL0034,Welding,RELEVANT,3,SYNTHETIC_DEMO_MAPPING,SYNTHETIC
1322.02,SKL0031,CNC Programming,RELEVANT,4,SYNTHETIC_DEMO_MAPPING,SYNTHETIC
1322.02,SKL0041,AutoCAD,RELEVANT,2,SYNTHETIC_DEMO_MAPPING,SYNTHETIC
1322.02,SKL0039,CNC Milling,RELEVANT,3,SYNTHETIC_DEMO_MAPPING,SYNTHETIC
1322.03,SKL0094,Microsoft Excel,RELEVANT,4,SYNTHETIC_DEMO_MAPPING,SYNTHETIC
1322.03,SKL0092,Communication,RELEVANT,2,SYNTHETIC_DEMO_MAPPING,SYNTHETIC
1322.03,SKL0098,English Communication,RELEVANT,3,SYNTHETIC_DEMO_MAPPING,SYNTHETIC
1322.03,SKL0096,Digital Literacy,RELEVANT,3,SYNTHETIC_DEMO_MAPPING,SYNTHETIC
1322.03,SKL0097,Team Management,RELEVANT,3,SYNTHETIC_DEMO_MAPPING,SYNTHETIC
1322.04,SKL0033,Machine Maintenance,RELEVANT,2,SYNTHETIC_DEMO_MAPPING,SYNTHETIC
1322.04,SKL0037,Production Planning,RELEVANT,3,SYNTHETIC_DEMO_MAPPING,SYNTHETIC
1322.05,SKL0096,Digital Literacy,RELEVANT,3,SYNTHETIC_DEMO_MAPPING,SYNTHETIC
1322.05,SKL0093,Problem Solving,RELEVANT,4,SYNTHETIC_DEMO_MAPPING,SYNTHETIC
1322.05,SKL0097,Team Management,RELEVANT,1,SYNTHETIC_DEMO_MAPPING,SYNTHETIC
1322.06,SKL0094,Microsoft Excel,RELEVANT,2,SYNTHETIC_DEMO_MAPPING,SYNTHETIC
1322.06,SKL0092,Communication,RELEVANT,4,SYNTHETIC_DEMO_MAPPING,SYNTHETIC
1322.99,SKL0054,Quantity Surveying,RELEVANT,3,SYNTHETIC_DEMO_MAPPING,SYNTHETIC
1322.99,SKL0092,Communication,RELEVANT,4,SYNTHETIC_DEMO_MAPPING,SYNTHETIC
1322.99,SKL0093,Problem Solving,RELEVANT,4,SYNTHETIC_DEMO_MAPPING,SYNTHETIC
1322.99,SKL0041,AutoCAD,RELEVANT,3,SYNTHETIC_DEMO_MAPPING,SYNTHETIC
1323.01,SKL0098,English Communication,RELEVANT,2,SYNTHETIC_DEMO_MAPPING,SYNTHETIC
1323.01,SKL0046,EV Battery Maintenance,RELEVANT,1,SYNTHETIC_DEMO_MAPPING,SYNTHETIC
1323.01,SKL0047,Vehicle Diagnostics,RELEVANT,1,SYNTHETIC_DEMO_MAPPING,SYNTHETIC
1323.01,SKL0060,Structural Analysis,RELEVANT,1,SYNTHETIC_DEMO_MAPPING,SYNTHETIC
1323.02,SKL0060,Structural Analysis,RELEVANT,3,SYNTHETIC_DEMO_MAPPING,SYNTHETIC
1323.02,SKL0096,Digital Literacy,RELEVANT,3,SYNTHETIC_DEMO_MAPPING,SYNTHETIC
1323.02,SKL0056,Construction Safety,RELEVANT,3,SYNTHETIC_DEMO_MAPPING,SYNTHETIC
1323.02,SKL0092,Communication,RELEVANT,4,SYNTHETIC_DEMO_MAPPING,SYNTHETIC
1323.02,SKL0041,AutoCAD,RELEVANT,4,SYNTHETIC_DEMO_MAPPING,SYNTHETIC
1323.03,SKL0048,Auto Electrical,RELEVANT,2,SYNTHETIC_DEMO_MAPPING,SYNTHETIC
1323.03,SKL0054,Quantity Surveying,RELEVANT,1,SYNTHETIC_DEMO_MAPPING,SYNTHETIC
1323.03,SKL0049,Electric Motor Systems,RELEVANT,1,SYNTHETIC_DEMO_MAPPING,SYNTHETIC
1323.03,SKL0094,Microsoft Excel,RELEVANT,1,SYNTHETIC_DEMO_MAPPING,SYNTHETIC
1323.99,SKL0041,AutoCAD,RELEVANT,1,SYNTHETIC_DEMO_MAPPING,SYNTHETIC
1323.99,SKL0094,Microsoft Excel,RELEVANT,2,SYNTHETIC_DEMO_MAPPING,SYNTHETIC
1323.99,SKL0057,Civil Drafting,RELEVANT,2,SYNTHETIC_DEMO_MAPPING,SYNTHETIC
1324.01,SKL0033,Machine Maintenance,RELEVANT,2,SYNTHETIC_DEMO_MAPPING,SYNTHETIC
1324.01,SKL0038,CNC Turning,RELEVANT,3,SYNTHETIC_DEMO_MAPPING,SYNTHETIC
1324.01,SKL0042,SolidWorks,RELEVANT,2,SYNTHETIC_DEMO_MAPPING,SYNTHETIC
1324.0101,SKL0092,Communication,RELEVANT,3,SYNTHETIC_DEMO_MAPPING,SYNTHETIC
1324.0101,SKL0093,Problem Solving,RELEVANT,4,SYNTHETIC_DEMO_MAPPING,SYNTHETIC
1324.0101,SKL0096,Digital Literacy,RELEVANT,2,SYNTHETIC_DEMO_MAPPING,SYNTHETIC
1324.0102,SKL0094,Microsoft Excel,RELEVANT,3,SYNTHETIC_DEMO_MAPPING,SYNTHETIC
1324.0102,SKL0036,Lean Manufacturing,RELEVANT,2,SYNTHETIC_DEMO_MAPPING,SYNTHETIC
1324.0102,SKL0035,Quality Control,RELEVANT,2,SYNTHETIC_DEMO_MAPPING,SYNTHETIC
1324.0102,SKL0092,Communication,RELEVANT,1,SYNTHETIC_DEMO_MAPPING,SYNTHETIC
1324.0103,SKL0034,Welding,RELEVANT,4,SYNTHETIC_DEMO_MAPPING,SYNTHETIC
1324.0103,SKL0093,Problem Solving,RELEVANT,2,SYNTHETIC_DEMO_MAPPING,SYNTHETIC
1324.0103,SKL0038,CNC Turning,RELEVANT,3,SYNTHETIC_DEMO_MAPPING,SYNTHETIC
1324.02,SKL0045,Battery Management Systems,RELEVANT,3,SYNTHETIC_DEMO_MAPPING,SYNTHETIC
1324.02,SKL0091,Route Planning,RELEVANT,2,SYNTHETIC_DEMO_MAPPING,SYNTHETIC
1324.02,SKL0096,Digital Literacy,RELEVANT,4,SYNTHETIC_DEMO_MAPPING,SYNTHETIC
1324.02,SKL0049,Electric Motor Systems,RELEVANT,3,SYNTHETIC_DEMO_MAPPING,SYNTHETIC
1324.02,SKL0085,Warehouse Management,RELEVANT,4,SYNTHETIC_DEMO_MAPPING,SYNTHETIC
1324.03,SKL0097,Team Management,RELEVANT,2,SYNTHETIC_DEMO_MAPPING,SYNTHETIC
1324.03,SKL0071,Financial Analysis,RELEVANT,4,SYNTHETIC_DEMO_MAPPING,SYNTHETIC
1324.03,SKL0087,Supply Chain Management,RELEVANT,4,SYNTHETIC_DEMO_MAPPING,SYNTHETIC
1324.04,SKL0046,EV Battery Maintenance,RELEVANT,4,SYNTHETIC_DEMO_MAPPING,SYNTHETIC
1324.04,SKL0085,Warehouse Management,RELEVANT,4,SYNTHETIC_DEMO_MAPPING,SYNTHETIC
1324.04,SKL0050,Automotive CAD,RELEVANT,3,SYNTHETIC_DEMO_MAPPING,SYNTHETIC
1324.05,SKL0017,Machine Learning,RELEVANT,4,SYNTHETIC_DEMO_MAPPING,SYNTHETIC
1324.05,SKL0011,Git,RELEVANT,3,SYNTHETIC_DEMO_MAPPING,SYNTHETIC
1324.05,SKL0009,PostgreSQL,RELEVANT,2,SYNTHETIC_DEMO_MAPPING,SYNTHETIC
1324.06,SKL0058,Surveying,RELEVANT,3,SYNTHETIC_DEMO_MAPPING,SYNTHETIC
1324.06,SKL0093,Problem Solving,RELEVANT,2,SYNTHETIC_DEMO_MAPPING,SYNTHETIC
1324.07,SKL0094,Microsoft Excel,RELEVANT,4,SYNTHETIC_DEMO_MAPPING,SYNTHETIC
1324.07,SKL0095,Workplace Safety,RELEVANT,2,SYNTHETIC_DEMO_MAPPING,SYNTHETIC
1324.07,SKL0088,Fleet Management,RELEVANT,4,SYNTHETIC_DEMO_MAPPING,SYNTHETIC
1324.08,SKL0096,Digital Literacy,RELEVANT,1,SYNTHETIC_DEMO_MAPPING,SYNTHETIC
1324.08,SKL0098,English Communication,RELEVANT,2,SYNTHETIC_DEMO_MAPPING,SYNTHETIC
1324.08,SKL0087,Supply Chain Management,RELEVANT,4,SYNTHETIC_DEMO_MAPPING,SYNTHETIC
1324.08,SKL0090,Logistics Planning,RELEVANT,2,SYNTHETIC_DEMO_MAPPING,SYNTHETIC
1324.08,SKL0097,Team Management,RELEVANT,1,SYNTHETIC_DEMO_MAPPING,SYNTHETIC
1324.09,SKL0095,Workplace Safety,RELEVANT,1,SYNTHETIC_DEMO_MAPPING,SYNTHETIC
1324.09,SKL0096,Digital Literacy,RELEVANT,1,SYNTHETIC_DEMO_MAPPING,SYNTHETIC
1324.1,SKL0050,Automotive CAD,RELEVANT,1,SYNTHETIC_DEMO_MAPPING,SYNTHETIC
1324.1,SKL0071,Financial Analysis,RELEVANT,2,SYNTHETIC_DEMO_MAPPING,SYNTHETIC
1324.1,SKL0047,Vehicle Diagnostics,RELEVANT,2,SYNTHETIC_DEMO_MAPPING,SYNTHETIC
1324.1,SKL0090,Logistics Planning,RELEVANT,4,SYNTHETIC_DEMO_MAPPING,SYNTHETIC
1324.1,SKL0093,Problem Solving,RELEVANT,4,SYNTHETIC_DEMO_MAPPING,SYNTHETIC
1324.11,SKL0094,Microsoft Excel,RELEVANT,2,SYNTHETIC_DEMO_MAPPING,SYNTHETIC
1324.11,SKL0044,EV Systems,RELEVANT,1,SYNTHETIC_DEMO_MAPPING,SYNTHETIC
1324.11,SKL0096,Digital Literacy,RELEVANT,3,SYNTHETIC_DEMO_MAPPING,SYNTHETIC
1324.12,SKL0087,Supply Chain Management,RELEVANT,2,SYNTHETIC_DEMO_MAPPING,SYNTHETIC
1324.12,SKL0069,Tally,RELEVANT,1,SYNTHETIC_DEMO_MAPPING,SYNTHETIC
1324.12,SKL0097,Team Management,RELEVANT,2,SYNTHETIC_DEMO_MAPPING,SYNTHETIC
1324.12,SKL0074,Digital Marketing,RELEVANT,2,SYNTHETIC_DEMO_MAPPING,SYNTHETIC
1324.12,SKL0090,Logistics Planning,RELEVANT,4,SYNTHETIC_DEMO_MAPPING,SYNTHETIC
1324.1201,SKL0014,Azure,RELEVANT,2,SYNTHETIC_DEMO_MAPPING,SYNTHETIC
1324.1201,SKL0020,Figma,RELEVANT,3,SYNTHETIC_DEMO_MAPPING,SYNTHETIC
1324.1201,SKL0011,Git,RELEVANT,3,SYNTHETIC_DEMO_MAPPING,SYNTHETIC
1324.13,SKL0092,Communication,RELEVANT,3,SYNTHETIC_DEMO_MAPPING,SYNTHETIC
1324.13,SKL0097,Team Management,RELEVANT,1,SYNTHETIC_DEMO_MAPPING,SYNTHETIC
1324.13,SKL0096,Digital Literacy,RELEVANT,2,SYNTHETIC_DEMO_MAPPING,SYNTHETIC
1324.14,SKL0046,EV Battery Maintenance,RELEVANT,2,SYNTHETIC_DEMO_MAPPING,SYNTHETIC
1324.14,SKL0090,Logistics Planning,RELEVANT,3,SYNTHETIC_DEMO_MAPPING,SYNTHETIC
1324.15,SKL0043,Automotive Diagnostics,RELEVANT,4,SYNTHETIC_DEMO_MAPPING,SYNTHETIC
1324.15,SKL0064,Pharmacy Operations,RELEVANT,2,SYNTHETIC_DEMO_MAPPING,SYNTHETIC
1324.15,SKL0092,Communication,RELEVANT,1,SYNTHETIC_DEMO_MAPPING,SYNTHETIC
1324.15,SKL0094,Microsoft Excel,RELEVANT,2,SYNTHETIC_DEMO_MAPPING,SYNTHETIC
1324.16,SKL0098,English Communication,RELEVANT,1,SYNTHETIC_DEMO_MAPPING,SYNTHETIC
1324.16,SKL0052,Two-Wheeler Service,RELEVANT,4,SYNTHETIC_DEMO_MAPPING,SYNTHETIC
1324.16,SKL0092,Communication,RELEVANT,1,SYNTHETIC_DEMO_MAPPING,SYNTHETIC
1324.16,SKL0095,Workplace Safety,RELEVANT,2,SYNTHETIC_DEMO_MAPPING,SYNTHETIC
1324.17,SKL0052,Two-Wheeler Service,RELEVANT,2,SYNTHETIC_DEMO_MAPPING,SYNTHETIC
1324.17,SKL0019,UI/UX Design,RELEVANT,4,SYNTHETIC_DEMO_MAPPING,SYNTHETIC
1324.17,SKL0006,Next.js,RELEVANT,1,SYNTHETIC_DEMO_MAPPING,SYNTHETIC
1324.17,SKL0011,Git,RELEVANT,3,SYNTHETIC_DEMO_MAPPING,SYNTHETIC
1324.18,SKL0045,Battery Management Systems,RELEVANT,4,SYNTHETIC_DEMO_MAPPING,SYNTHETIC
1324.18,SKL0090,Logistics Planning,RELEVANT,2,SYNTHETIC_DEMO_MAPPING,SYNTHETIC
1324.18,SKL0085,Warehouse Management,RELEVANT,3,SYNTHETIC_DEMO_MAPPING,SYNTHETIC
1324.18,SKL0095,Workplace Safety,RELEVANT,2,SYNTHETIC_DEMO_MAPPING,SYNTHETIC
1324.19,SKL0097,Team Management,RELEVANT,1,SYNTHETIC_DEMO_MAPPING,SYNTHETIC
1324.19,SKL0088,Fleet Management,RELEVANT,1,SYNTHETIC_DEMO_MAPPING,SYNTHETIC
1324.19,SKL0094,Microsoft Excel,RELEVANT,3,SYNTHETIC_DEMO_MAPPING,SYNTHETIC
1324.19,SKL0085,Warehouse Management,RELEVANT,2,SYNTHETIC_DEMO_MAPPING,SYNTHETIC
1324.2,SKL0092,Communication,RELEVANT,3,SYNTHETIC_DEMO_MAPPING,SYNTHETIC
1324.2,SKL0098,English Communication,RELEVANT,3,SYNTHETIC_DEMO_MAPPING,SYNTHETIC
1324.2,SKL0064,Pharmacy Operations,RELEVANT,3,SYNTHETIC_DEMO_MAPPING,SYNTHETIC
1324.2,SKL0066,Medical Equipment Maintenance,RELEVANT,4,SYNTHETIC_DEMO_MAPPING,SYNTHETIC
1324.21,SKL0046,EV Battery Maintenance,RELEVANT,3,SYNTHETIC_DEMO_MAPPING,SYNTHETIC
1324.21,SKL0091,Route Planning,RELEVANT,1,SYNTHETIC_DEMO_MAPPING,SYNTHETIC
1324.21,SKL0090,Logistics Planning,RELEVANT,1,SYNTHETIC_DEMO_MAPPING,SYNTHETIC
1324.22,SKL0096,Digital Literacy,RELEVANT,1,SYNTHETIC_DEMO_MAPPING,SYNTHETIC
1324.22,SKL0087,Supply Chain Management,RELEVANT,3,SYNTHETIC_DEMO_MAPPING,SYNTHETIC
1324.22,SKL0070,GST,RELEVANT,4,SYNTHETIC_DEMO_MAPPING,SYNTHETIC
1324.22,SKL0071,Financial Analysis,RELEVANT,1,SYNTHETIC_DEMO_MAPPING,SYNTHETIC
1324.99,SKL0091,Route Planning,RELEVANT,4,SYNTHETIC_DEMO_MAPPING,SYNTHETIC
1324.99,SKL0093,Problem Solving,RELEVANT,1,SYNTHETIC_DEMO_MAPPING,SYNTHETIC
1324.99,SKL0087,Supply Chain Management,RELEVANT,4,SYNTHETIC_DEMO_MAPPING,SYNTHETIC
1324.99,SKL0085,Warehouse Management,RELEVANT,4,SYNTHETIC_DEMO_MAPPING,SYNTHETIC
1330.01,SKL0043,Automotive Diagnostics,RELEVANT,4,SYNTHETIC_DEMO_MAPPING,SYNTHETIC
1330.01,SKL0047,Vehicle Diagnostics,RELEVANT,1,SYNTHETIC_DEMO_MAPPING,SYNTHETIC
1330.0101,SKL0052,Two-Wheeler Service,RELEVANT,3,SYNTHETIC_DEMO_MAPPING,SYNTHETIC
1330.0101,SKL0047,Vehicle Diagnostics,RELEVANT,2,SYNTHETIC_DEMO_MAPPING,SYNTHETIC
1330.02,SKL0068,Accounting,RELEVANT,3,SYNTHETIC_DEMO_MAPPING,SYNTHETIC
1330.02,SKL0092,Communication,RELEVANT,4,SYNTHETIC_DEMO_MAPPING,SYNTHETIC
1330.02,SKL0070,GST,RELEVANT,2,SYNTHETIC_DEMO_MAPPING,SYNTHETIC
1330.02,SKL0072,Excel,RELEVANT,2,SYNTHETIC_DEMO_MAPPING,SYNTHETIC
1330.03,SKL0076,Customer Service,RELEVANT,1,SYNTHETIC_DEMO_MAPPING,SYNTHETIC
1330.03,SKL0073,Business Analysis,RELEVANT,2,SYNTHETIC_DEMO_MAPPING,SYNTHETIC
1330.03,SKL0072,Excel,RELEVANT,4,SYNTHETIC_DEMO_MAPPING,SYNTHETIC
1330.03,SKL0094,Microsoft Excel,RELEVANT,2,SYNTHETIC_DEMO_MAPPING,SYNTHETIC
1330.03,SKL0044,EV Systems,RELEVANT,3,SYNTHETIC_DEMO_MAPPING,SYNTHETIC
1330.06,SKL0050,Automotive CAD,RELEVANT,1,SYNTHETIC_DEMO_MAPPING,SYNTHETIC
1330.06,SKL0048,Auto Electrical,RELEVANT,1,SYNTHETIC_DEMO_MAPPING,SYNTHETIC
1330.06,SKL0092,Communication,RELEVANT,2,SYNTHETIC_DEMO_MAPPING,SYNTHETIC
1330.06,SKL0094,Microsoft Excel,RELEVANT,3,SYNTHETIC_DEMO_MAPPING,SYNTHETIC
1330.06,SKL0093,Problem Solving,RELEVANT,4,SYNTHETIC_DEMO_MAPPING,SYNTHETIC
1330.0701,SKL0093,Problem Solving,RELEVANT,2,SYNTHETIC_DEMO_MAPPING,SYNTHETIC
1330.0701,SKL0098,English Communication,RELEVANT,2,SYNTHETIC_DEMO_MAPPING,SYNTHETIC
1330.0701,SKL0050,Automotive CAD,RELEVANT,4,SYNTHETIC_DEMO_MAPPING,SYNTHETIC
1330.99,SKL0001,Python,RELEVANT,2,SYNTHETIC_DEMO_MAPPING,SYNTHETIC
1330.99,SKL0003,JavaScript,RELEVANT,2,SYNTHETIC_DEMO_MAPPING,SYNTHETIC
1330.99,SKL0048,Auto Electrical,RELEVANT,1,SYNTHETIC_DEMO_MAPPING,SYNTHETIC
1330.99,SKL0050,Automotive CAD,RELEVANT,4,SYNTHETIC_DEMO_MAPPING,SYNTHETIC
1330.99,SKL0004,TypeScript,RELEVANT,4,SYNTHETIC_DEMO_MAPPING,SYNTHETIC
1345.01,SKL0050,Automotive CAD,RELEVANT,2,SYNTHETIC_DEMO_MAPPING,SYNTHETIC
1345.01,SKL0060,Structural Analysis,RELEVANT,3,SYNTHETIC_DEMO_MAPPING,SYNTHETIC
1346.01,SKL0097,Team Management,RELEVANT,4,SYNTHETIC_DEMO_MAPPING,SYNTHETIC
1346.01,SKL0095,Workplace Safety,RELEVANT,3,SYNTHETIC_DEMO_MAPPING,SYNTHETIC
1346.01,SKL0098,English Communication,RELEVANT,1,SYNTHETIC_DEMO_MAPPING,SYNTHETIC
1346.01,SKL0074,Digital Marketing,RELEVANT,4,SYNTHETIC_DEMO_MAPPING,SYNTHETIC
1346.01,SKL0076,Customer Service,RELEVANT,4,SYNTHETIC_DEMO_MAPPING,SYNTHETIC
1346.02,SKL0097,Team Management,RELEVANT,4,SYNTHETIC_DEMO_MAPPING,SYNTHETIC
1346.02,SKL0071,Financial Analysis,RELEVANT,1,SYNTHETIC_DEMO_MAPPING,SYNTHETIC
1346.99,SKL0052,Two-Wheeler Service,RELEVANT,4,SYNTHETIC_DEMO_MAPPING,SYNTHETIC
1346.99,SKL0046,EV Battery Maintenance,RELEVANT,4,SYNTHETIC_DEMO_MAPPING,SYNTHETIC
1346.99,SKL0048,Auto Electrical,RELEVANT,4,SYNTHETIC_DEMO_MAPPING,SYNTHETIC
1346.99,SKL0093,Problem Solving,RELEVANT,1,SYNTHETIC_DEMO_MAPPING,SYNTHETIC
1346.99,SKL0094,Microsoft Excel,RELEVANT,3,SYNTHETIC_DEMO_MAPPING,SYNTHETIC
1411.01,SKL0096,Digital Literacy,RELEVANT,4,SYNTHETIC_DEMO_MAPPING,SYNTHETIC
1411.01,SKL0049,Electric Motor Systems,RELEVANT,3,SYNTHETIC_DEMO_MAPPING,SYNTHETIC
1411.01,SKL0046,EV Battery Maintenance,RELEVANT,1,SYNTHETIC_DEMO_MAPPING,SYNTHETIC
1411.01,SKL0092,Communication,RELEVANT,1,SYNTHETIC_DEMO_MAPPING,SYNTHETIC
1411.02,SKL0048,Auto Electrical,RELEVANT,3,SYNTHETIC_DEMO_MAPPING,SYNTHETIC
1411.02,SKL0044,EV Systems,RELEVANT,2,SYNTHETIC_DEMO_MAPPING,SYNTHETIC
1411.02,SKL0092,Communication,RELEVANT,3,SYNTHETIC_DEMO_MAPPING,SYNTHETIC
1411.02,SKL0094,Microsoft Excel,RELEVANT,4,SYNTHETIC_DEMO_MAPPING,SYNTHETIC
1411.02,SKL0096,Digital Literacy,RELEVANT,1,SYNTHETIC_DEMO_MAPPING,SYNTHETIC
1411.99,SKL0040,Mechanical Assembly,RELEVANT,2,SYNTHETIC_DEMO_MAPPING,SYNTHETIC
1411.99,SKL0033,Machine Maintenance,RELEVANT,3,SYNTHETIC_DEMO_MAPPING,SYNTHETIC
1412.01,SKL0074,Digital Marketing,RELEVANT,3,SYNTHETIC_DEMO_MAPPING,SYNTHETIC
1412.01,SKL0033,Machine Maintenance,RELEVANT,3,SYNTHETIC_DEMO_MAPPING,SYNTHETIC
1412.01,SKL0085,Warehouse Management,RELEVANT,3,SYNTHETIC_DEMO_MAPPING,SYNTHETIC
1412.01,SKL0086,Inventory Management,RELEVANT,3,SYNTHETIC_DEMO_MAPPING,SYNTHETIC
1412.99,SKL0097,Team Management,RELEVANT,1,SYNTHETIC_DEMO_MAPPING,SYNTHETIC
1412.99,SKL0094,Microsoft Excel,RELEVANT,3,SYNTHETIC_DEMO_MAPPING,SYNTHETIC
1412.99,SKL0093,Problem Solving,RELEVANT,3,SYNTHETIC_DEMO_MAPPING,SYNTHETIC
1412.99,SKL0095,Workplace Safety,RELEVANT,3,SYNTHETIC_DEMO_MAPPING,SYNTHETIC
1412.99,SKL0096,Digital Literacy,RELEVANT,2,SYNTHETIC_DEMO_MAPPING,SYNTHETIC
1420.01,SKL0071,Financial Analysis,RELEVANT,3,SYNTHETIC_DEMO_MAPPING,SYNTHETIC
1420.01,SKL0072,Excel,RELEVANT,1,SYNTHETIC_DEMO_MAPPING,SYNTHETIC
1420.02,SKL0097,Team Management,RELEVANT,1,SYNTHETIC_DEMO_MAPPING,SYNTHETIC
1420.02,SKL0093,Problem Solving,RELEVANT,2,SYNTHETIC_DEMO_MAPPING,SYNTHETIC
1420.02,SKL0096,Digital Literacy,RELEVANT,3,SYNTHETIC_DEMO_MAPPING,SYNTHETIC
1420.02,SKL0098,English Communication,RELEVANT,1,SYNTHETIC_DEMO_MAPPING,SYNTHETIC
1420.03,SKL0048,Auto Electrical,RELEVANT,1,SYNTHETIC_DEMO_MAPPING,SYNTHETIC
1420.03,SKL0074,Digital Marketing,RELEVANT,3,SYNTHETIC_DEMO_MAPPING,SYNTHETIC
1420.03,SKL0052,Two-Wheeler Service,RELEVANT,1,SYNTHETIC_DEMO_MAPPING,SYNTHETIC
1420.03,SKL0051,Service Operations,RELEVANT,4,SYNTHETIC_DEMO_MAPPING,SYNTHETIC
1420.03,SKL0096,Digital Literacy,RELEVANT,3,SYNTHETIC_DEMO_MAPPING,SYNTHETIC
1420.04,SKL0097,Team Management,RELEVANT,4,SYNTHETIC_DEMO_MAPPING,SYNTHETIC
1420.04,SKL0096,Digital Literacy,RELEVANT,2,SYNTHETIC_DEMO_MAPPING,SYNTHETIC
1420.04,SKL0095,Workplace Safety,RELEVANT,4,SYNTHETIC_DEMO_MAPPING,SYNTHETIC
1420.04,SKL0093,Problem Solving,RELEVANT,4,SYNTHETIC_DEMO_MAPPING,SYNTHETIC
1420.05,SKL0098,English Communication,RELEVANT,2,SYNTHETIC_DEMO_MAPPING,SYNTHETIC
1420.05,SKL0095,Workplace Safety,RELEVANT,1,SYNTHETIC_DEMO_MAPPING,SYNTHETIC
1420.05,SKL0094,Microsoft Excel,RELEVANT,4,SYNTHETIC_DEMO_MAPPING,SYNTHETIC
1420.05,SKL0093,Problem Solving,RELEVANT,3,SYNTHETIC_DEMO_MAPPING,SYNTHETIC
1420.99,SKL0092,Communication,RELEVANT,2,SYNTHETIC_DEMO_MAPPING,SYNTHETIC
1420.99,SKL0096,Digital Literacy,RELEVANT,2,SYNTHETIC_DEMO_MAPPING,SYNTHETIC
1420.99,SKL0095,Workplace Safety,RELEVANT,4,SYNTHETIC_DEMO_MAPPING,SYNTHETIC
1420.99,SKL0094,Microsoft Excel,RELEVANT,1,SYNTHETIC_DEMO_MAPPING,SYNTHETIC
1420.99,SKL0097,Team Management,RELEVANT,3,SYNTHETIC_DEMO_MAPPING,SYNTHETIC
1431.01,SKL0092,Communication,RELEVANT,1,SYNTHETIC_DEMO_MAPPING,SYNTHETIC
1431.01,SKL0098,English Communication,RELEVANT,4,SYNTHETIC_DEMO_MAPPING,SYNTHETIC
1431.01,SKL0044,EV Systems,RELEVANT,1,SYNTHETIC_DEMO_MAPPING,SYNTHETIC
1431.01,SKL0046,EV Battery Maintenance,RELEVANT,2,SYNTHETIC_DEMO_MAPPING,SYNTHETIC
1431.01,SKL0094,Microsoft Excel,RELEVANT,4,SYNTHETIC_DEMO_MAPPING,SYNTHETIC
1431.99,SKL0095,Workplace Safety,RELEVANT,2,SYNTHETIC_DEMO_MAPPING,SYNTHETIC
1431.99,SKL0098,English Communication,RELEVANT,1,SYNTHETIC_DEMO_MAPPING,SYNTHETIC
1431.99,SKL0094,Microsoft Excel,RELEVANT,1,SYNTHETIC_DEMO_MAPPING,SYNTHETIC
2111.01,SKL0026,IoT,RELEVANT,1,SYNTHETIC_DEMO_MAPPING,SYNTHETIC
2111.01,SKL0021,PLC,RELEVANT,3,SYNTHETIC_DEMO_MAPPING,SYNTHETIC
2111.01,SKL0007,Node.js,RELEVANT,1,SYNTHETIC_DEMO_MAPPING,SYNTHETIC
2111.01,SKL0046,EV Battery Maintenance,RELEVANT,1,SYNTHETIC_DEMO_MAPPING,SYNTHETIC
2111.01,SKL0049,Electric Motor Systems,RELEVANT,1,SYNTHETIC_DEMO_MAPPING,SYNTHETIC
2111.02,SKL0028,Electrical Testing,RELEVANT,1,SYNTHETIC_DEMO_MAPPING,SYNTHETIC
2111.02,SKL0005,React,RELEVANT,3,SYNTHETIC_DEMO_MAPPING,SYNTHETIC
2111.03,SKL0007,Node.js,RELEVANT,4,SYNTHETIC_DEMO_MAPPING,SYNTHETIC
2111.03,SKL0094,Microsoft Excel,RELEVANT,2,SYNTHETIC_DEMO_MAPPING,SYNTHETIC
2111.03,SKL0016,Data Analysis,RELEVANT,4,SYNTHETIC_DEMO_MAPPING,SYNTHETIC
2111.03,SKL0014,Azure,RELEVANT,3,SYNTHETIC_DEMO_MAPPING,SYNTHETIC
2111.03,SKL0096,Digital Literacy,RELEVANT,2,SYNTHETIC_DEMO_MAPPING,SYNTHETIC
2111.04,SKL0030,AutoCAD Electrical,RELEVANT,4,SYNTHETIC_DEMO_MAPPING,SYNTHETIC
2111.04,SKL0002,Java,RELEVANT,2,SYNTHETIC_DEMO_MAPPING,SYNTHETIC
2111.04,SKL0022,SCADA,RELEVANT,2,SYNTHETIC_DEMO_MAPPING,SYNTHETIC
2111.04,SKL0026,IoT,RELEVANT,2,SYNTHETIC_DEMO_MAPPING,SYNTHETIC
2111.04,SKL0023,Embedded Systems,RELEVANT,4,SYNTHETIC_DEMO_MAPPING,SYNTHETIC
2111.05,SKL0011,Git,RELEVANT,1,SYNTHETIC_DEMO_MAPPING,SYNTHETIC
2111.05,SKL0098,English Communication,RELEVANT,4,SYNTHETIC_DEMO_MAPPING,SYNTHETIC
2111.06,SKL0094,Microsoft Excel,RELEVANT,1,SYNTHETIC_DEMO_MAPPING,SYNTHETIC
2111.06,SKL0096,Digital Literacy,RELEVANT,1,SYNTHETIC_DEMO_MAPPING,SYNTHETIC
2111.06,SKL0092,Communication,RELEVANT,3,SYNTHETIC_DEMO_MAPPING,SYNTHETIC
2111.07,SKL0039,CNC Milling,RELEVANT,2,SYNTHETIC_DEMO_MAPPING,SYNTHETIC
2111.07,SKL0066,Medical Equipment Maintenance,RELEVANT,3,SYNTHETIC_DEMO_MAPPING,SYNTHETIC
2111.08,SKL0097,Team Management,RELEVANT,3,SYNTHETIC_DEMO_MAPPING,SYNTHETIC
2111.08,SKL0016,Data Analysis,RELEVANT,2,SYNTHETIC_DEMO_MAPPING,SYNTHETIC
2111.08,SKL0096,Digital Literacy,RELEVANT,4,SYNTHETIC_DEMO_MAPPING,SYNTHETIC
2111.08,SKL0010,REST APIs,RELEVANT,1,SYNTHETIC_DEMO_MAPPING,SYNTHETIC
2111.08,SKL0098,English Communication,RELEVANT,3,SYNTHETIC_DEMO_MAPPING,SYNTHETIC
2111.09,SKL0006,Next.js,RELEVANT,1,SYNTHETIC_DEMO_MAPPING,SYNTHETIC
2111.09,SKL0098,English Communication,RELEVANT,2,SYNTHETIC_DEMO_MAPPING,SYNTHETIC
2111.09,SKL0024,PCB Design,RELEVANT,2,SYNTHETIC_DEMO_MAPPING,SYNTHETIC
2111.09,SKL0014,Azure,RELEVANT,3,SYNTHETIC_DEMO_MAPPING,SYNTHETIC
2111.09,SKL0095,Workplace Safety,RELEVANT,2,SYNTHETIC_DEMO_MAPPING,SYNTHETIC
2111.1,SKL0032,CNC Operation,RELEVANT,3,SYNTHETIC_DEMO_MAPPING,SYNTHETIC
2111.1,SKL0030,AutoCAD Electrical,RELEVANT,1,SYNTHETIC_DEMO_MAPPING,SYNTHETIC
2111.1,SKL0033,Machine Maintenance,RELEVANT,4,SYNTHETIC_DEMO_MAPPING,SYNTHETIC
2111.1,SKL0094,Microsoft Excel,RELEVANT,4,SYNTHETIC_DEMO_MAPPING,SYNTHETIC
2111.1,SKL0041,AutoCAD,RELEVANT,3,SYNTHETIC_DEMO_MAPPING,SYNTHETIC
2111.11,SKL0017,Machine Learning,RELEVANT,3,SYNTHETIC_DEMO_MAPPING,SYNTHETIC
2111.11,SKL0096,Digital Literacy,RELEVANT,1,SYNTHETIC_DEMO_MAPPING,SYNTHETIC
2111.11,SKL0005,React,RELEVANT,2,SYNTHETIC_DEMO_MAPPING,SYNTHETIC
2111.99,SKL0096,Digital Literacy,RELEVANT,3,SYNTHETIC_DEMO_MAPPING,SYNTHETIC
2111.99,SKL0092,Communication,RELEVANT,3,SYNTHETIC_DEMO_MAPPING,SYNTHETIC
2111.99,SKL0093,Problem Solving,RELEVANT,1,SYNTHETIC_DEMO_MAPPING,SYNTHETIC
2111.99,SKL0097,Team Management,RELEVANT,3,SYNTHETIC_DEMO_MAPPING,SYNTHETIC
2111.99,SKL0098,English Communication,RELEVANT,3,SYNTHETIC_DEMO_MAPPING,SYNTHETIC
2112.01,SKL0096,Digital Literacy,RELEVANT,1,SYNTHETIC_DEMO_MAPPING,SYNTHETIC
2112.01,SKL0005,React,RELEVANT,1,SYNTHETIC_DEMO_MAPPING,SYNTHETIC
2112.99,SKL0079,Agri Input Management,RELEVANT,2,SYNTHETIC_DEMO_MAPPING,SYNTHETIC
2112.99,SKL0098,English Communication,RELEVANT,1,SYNTHETIC_DEMO_MAPPING,SYNTHETIC
2113.01,SKL0095,Workplace Safety,RELEVANT,3,SYNTHETIC_DEMO_MAPPING,SYNTHETIC
2113.01,SKL0062,Medical Coding,RELEVANT,3,SYNTHETIC_DEMO_MAPPING,SYNTHETIC
2113.01,SKL0039,CNC Milling,RELEVANT,2,SYNTHETIC_DEMO_MAPPING,SYNTHETIC
2113.02,SKL0098,English Communication,RELEVANT,4,SYNTHETIC_DEMO_MAPPING,SYNTHETIC
2113.02,SKL0031,CNC Programming,RELEVANT,1,SYNTHETIC_DEMO_MAPPING,SYNTHETIC
2113.02,SKL0041,AutoCAD,RELEVANT,1,SYNTHETIC_DEMO_MAPPING,SYNTHETIC
2113.02,SKL0042,SolidWorks,RELEVANT,1,SYNTHETIC_DEMO_MAPPING,SYNTHETIC
2113.03,SKL0038,CNC Turning,RELEVANT,3,SYNTHETIC_DEMO_MAPPING,SYNTHETIC
2113.03,SKL0096,Digital Literacy,RELEVANT,4,SYNTHETIC_DEMO_MAPPING,SYNTHETIC
2113.04,SKL0028,Electrical Testing,RELEVANT,4,SYNTHETIC_DEMO_MAPPING,SYNTHETIC
2113.04,SKL0030,AutoCAD Electrical,RELEVANT,4,SYNTHETIC_DEMO_MAPPING,SYNTHETIC
2113.04,SKL0035,Quality Control,RELEVANT,2,SYNTHETIC_DEMO_MAPPING,SYNTHETIC
2113.04,SKL0094,Microsoft Excel,RELEVANT,4,SYNTHETIC_DEMO_MAPPING,SYNTHETIC
2113.05,SKL0023,Embedded Systems,RELEVANT,4,SYNTHETIC_DEMO_MAPPING,SYNTHETIC
2113.05,SKL0067,Healthcare Administration,RELEVANT,3,SYNTHETIC_DEMO_MAPPING,SYNTHETIC
2113.05,SKL0061,Patient Care,RELEVANT,1,SYNTHETIC_DEMO_MAPPING,SYNTHETIC
2113.05,SKL0030,AutoCAD Electrical,RELEVANT,4,SYNTHETIC_DEMO_MAPPING,SYNTHETIC
2113.05,SKL0064,Pharmacy Operations,RELEVANT,4,SYNTHETIC_DEMO_MAPPING,SYNTHETIC
2113.06,SKL0092,Communication,RELEVANT,4,SYNTHETIC_DEMO_MAPPING,SYNTHETIC
2113.06,SKL0034,Welding,RELEVANT,1,SYNTHETIC_DEMO_MAPPING,SYNTHETIC
2113.06,SKL0035,Quality Control,RELEVANT,4,SYNTHETIC_DEMO_MAPPING,SYNTHETIC
2113.06,SKL0038,CNC Turning,RELEVANT,2,SYNTHETIC_DEMO_MAPPING,SYNTHETIC
2113.0601,SKL0039,CNC Milling,RELEVANT,3,SYNTHETIC_DEMO_MAPPING,SYNTHETIC
2113.0601,SKL0042,SolidWorks,RELEVANT,4,SYNTHETIC_DEMO_MAPPING,SYNTHETIC
2113.0601,SKL0034,Welding,RELEVANT,1,SYNTHETIC_DEMO_MAPPING,SYNTHETIC
2113.0601,SKL0037,Production Planning,RELEVANT,4,SYNTHETIC_DEMO_MAPPING,SYNTHETIC
2113.0601,SKL0033,Machine Maintenance,RELEVANT,4,SYNTHETIC_DEMO_MAPPING,SYNTHETIC
2113.0621,SKL0095,Workplace Safety,RELEVANT,2,SYNTHETIC_DEMO_MAPPING,SYNTHETIC
2113.0621,SKL0094,Microsoft Excel,RELEVANT,4,SYNTHETIC_DEMO_MAPPING,SYNTHETIC
2113.0622,SKL0098,English Communication,RELEVANT,3,SYNTHETIC_DEMO_MAPPING,SYNTHETIC
2113.0622,SKL0095,Workplace Safety,RELEVANT,3,SYNTHETIC_DEMO_MAPPING,SYNTHETIC
2113.0623,SKL0093,Problem Solving,RELEVANT,4,SYNTHETIC_DEMO_MAPPING,SYNTHETIC
2113.0623,SKL0097,Team Management,RELEVANT,1,SYNTHETIC_DEMO_MAPPING,SYNTHETIC
2113.0624,SKL0095,Workplace Safety,RELEVANT,2,SYNTHETIC_DEMO_MAPPING,SYNTHETIC
2113.0624,SKL0097,Team Management,RELEVANT,1,SYNTHETIC_DEMO_MAPPING,SYNTHETIC
2113.0624,SKL0094,Microsoft Excel,RELEVANT,1,SYNTHETIC_DEMO_MAPPING,SYNTHETIC
2113.0624,SKL0093,Problem Solving,RELEVANT,2,SYNTHETIC_DEMO_MAPPING,SYNTHETIC
2113.08,SKL0097,Team Management,RELEVANT,3,SYNTHETIC_DEMO_MAPPING,SYNTHETIC
2113.08,SKL0027,Sensors,RELEVANT,4,SYNTHETIC_DEMO_MAPPING,SYNTHETIC
2113.08,SKL0045,Battery Management Systems,RELEVANT,4,SYNTHETIC_DEMO_MAPPING,SYNTHETIC
2113.08,SKL0096,Digital Literacy,RELEVANT,2,SYNTHETIC_DEMO_MAPPING,SYNTHETIC
2113.0901,SKL0097,Team Management,RELEVANT,1,SYNTHETIC_DEMO_MAPPING,SYNTHETIC
2113.0901,SKL0093,Problem Solving,RELEVANT,4,SYNTHETIC_DEMO_MAPPING,SYNTHETIC
2113.0901,SKL0098,English Communication,RELEVANT,2,SYNTHETIC_DEMO_MAPPING,SYNTHETIC
2113.0901,SKL0095,Workplace Safety,RELEVANT,3,SYNTHETIC_DEMO_MAPPING,SYNTHETIC
2113.99,SKL0065,Laboratory Techniques,RELEVANT,1,SYNTHETIC_DEMO_MAPPING,SYNTHETIC
2113.99,SKL0095,Workplace Safety,RELEVANT,1,SYNTHETIC_DEMO_MAPPING,SYNTHETIC
2113.99,SKL0061,Patient Care,RELEVANT,4,SYNTHETIC_DEMO_MAPPING,SYNTHETIC
2114.01,SKL0098,English Communication,RELEVANT,2,SYNTHETIC_DEMO_MAPPING,SYNTHETIC
2114.01,SKL0060,Structural Analysis,RELEVANT,3,SYNTHETIC_DEMO_MAPPING,SYNTHETIC
2114.01,SKL0057,Civil Drafting,RELEVANT,3,SYNTHETIC_DEMO_MAPPING,SYNTHETIC
2114.01,SKL0096,Digital Literacy,RELEVANT,3,SYNTHETIC_DEMO_MAPPING,SYNTHETIC
2114.02,SKL0096,Digital Literacy,RELEVANT,1,SYNTHETIC_DEMO_MAPPING,SYNTHETIC
2114.02,SKL0092,Communication,RELEVANT,4,SYNTHETIC_DEMO_MAPPING,SYNTHETIC
2114.03,SKL0031,CNC Programming,RELEVANT,3,SYNTHETIC_DEMO_MAPPING,SYNTHETIC
2114.03,SKL0013,AWS,RELEVANT,1,SYNTHETIC_DEMO_MAPPING,SYNTHETIC
2114.03,SKL0016,Data Analysis,RELEVANT,2,SYNTHETIC_DEMO_MAPPING,SYNTHETIC
2114.04,SKL0029,Control Systems,RELEVANT,1,SYNTHETIC_DEMO_MAPPING,SYNTHETIC
2114.04,SKL0020,Figma,RELEVANT,2,SYNTHETIC_DEMO_MAPPING,SYNTHETIC
2114.04,SKL0018,Cybersecurity,RELEVANT,4,SYNTHETIC_DEMO_MAPPING,SYNTHETIC
2114.04,SKL0028,Electrical Testing,RELEVANT,3,SYNTHETIC_DEMO_MAPPING,SYNTHETIC
2114.04,SKL0085,Warehouse Management,RELEVANT,4,SYNTHETIC_DEMO_MAPPING,SYNTHETIC
2114.05,SKL0081,Irrigation Management,RELEVANT,2,SYNTHETIC_DEMO_MAPPING,SYNTHETIC
2114.05,SKL0041,AutoCAD,RELEVANT,1,SYNTHETIC_DEMO_MAPPING,SYNTHETIC
2114.05,SKL0034,Welding,RELEVANT,1,SYNTHETIC_DEMO_MAPPING,SYNTHETIC
2114.06,SKL0092,Communication,RELEVANT,3,SYNTHETIC_DEMO_MAPPING,SYNTHETIC
2114.06,SKL0097,Team Management,RELEVANT,3,SYNTHETIC_DEMO_MAPPING,SYNTHETIC
2114.07,SKL0009,PostgreSQL,RELEVANT,4,SYNTHETIC_DEMO_MAPPING,SYNTHETIC
2114.07,SKL0007,Node.js,RELEVANT,1,SYNTHETIC_DEMO_MAPPING,SYNTHETIC
2114.07,SKL0018,Cybersecurity,RELEVANT,4,SYNTHETIC_DEMO_MAPPING,SYNTHETIC
2114.07,SKL0026,IoT,RELEVANT,3,SYNTHETIC_DEMO_MAPPING,SYNTHETIC
2114.07,SKL0022,SCADA,RELEVANT,4,SYNTHETIC_DEMO_MAPPING,SYNTHETIC
2114.08,SKL0010,REST APIs,RELEVANT,2,SYNTHETIC_DEMO_MAPPING,SYNTHETIC
2114.08,SKL0098,English Communication,RELEVANT,3,SYNTHETIC_DEMO_MAPPING,SYNTHETIC
2114.15,SKL0025,Industrial Automation,RELEVANT,2,SYNTHETIC_DEMO_MAPPING,SYNTHETIC
2114.15,SKL0002,Java,RELEVANT,1,SYNTHETIC_DEMO_MAPPING,SYNTHETIC
2114.15,SKL0041,AutoCAD,RELEVANT,1,SYNTHETIC_DEMO_MAPPING,SYNTHETIC
2114.15,SKL0014,Azure,RELEVANT,2,SYNTHETIC_DEMO_MAPPING,SYNTHETIC
2114.15,SKL0008,SQL,RELEVANT,4,SYNTHETIC_DEMO_MAPPING,SYNTHETIC
2114.55,SKL0030,AutoCAD Electrical,RELEVANT,1,SYNTHETIC_DEMO_MAPPING,SYNTHETIC
2114.55,SKL0025,Industrial Automation,RELEVANT,2,SYNTHETIC_DEMO_MAPPING,SYNTHETIC
2114.55,SKL0096,Digital Literacy,RELEVANT,3,SYNTHETIC_DEMO_MAPPING,SYNTHETIC
2114.55,SKL0012,Docker,RELEVANT,3,SYNTHETIC_DEMO_MAPPING,SYNTHETIC
2114.55,SKL0002,Java,RELEVANT,2,SYNTHETIC_DEMO_MAPPING,SYNTHETIC
2114.99,SKL0041,AutoCAD,RELEVANT,1,SYNTHETIC_DEMO_MAPPING,SYNTHETIC
2114.99,SKL0056,Construction Safety,RELEVANT,3,SYNTHETIC_DEMO_MAPPING,SYNTHETIC
2114.99,SKL0093,Problem Solving,RELEVANT,2,SYNTHETIC_DEMO_MAPPING,SYNTHETIC
2114.99,SKL0060,Structural Analysis,RELEVANT,4,SYNTHETIC_DEMO_MAPPING,SYNTHETIC
2114.99,SKL0059,Project Planning,RELEVANT,4,SYNTHETIC_DEMO_MAPPING,SYNTHETIC
2120.01,SKL0040,Mechanical Assembly,RELEVANT,1,SYNTHETIC_DEMO_MAPPING,SYNTHETIC
2120.01,SKL0043,Automotive Diagnostics,RELEVANT,2,SYNTHETIC_DEMO_MAPPING,SYNTHETIC
2120.01,SKL0050,Automotive CAD,RELEVANT,4,SYNTHETIC_DEMO_MAPPING,SYNTHETIC
2120.02,SKL0095,Workplace Safety,RELEVANT,4,SYNTHETIC_DEMO_MAPPING,SYNTHETIC
2120.02,SKL0071,Financial Analysis,RELEVANT,2,SYNTHETIC_DEMO_MAPPING,SYNTHETIC
2120.02,SKL0004,TypeScript,RELEVANT,2,SYNTHETIC_DEMO_MAPPING,SYNTHETIC
2120.02,SKL0077,Supply Chain,RELEVANT,4,SYNTHETIC_DEMO_MAPPING,SYNTHETIC
2120.02,SKL0005,React,RELEVANT,2,SYNTHETIC_DEMO_MAPPING,SYNTHETIC
2120.03,SKL0013,AWS,RELEVANT,3,SYNTHETIC_DEMO_MAPPING,SYNTHETIC
2120.03,SKL0010,REST APIs,RELEVANT,1,SYNTHETIC_DEMO_MAPPING,SYNTHETIC
2120.03,SKL0001,Python,RELEVANT,1,SYNTHETIC_DEMO_MAPPING,SYNTHETIC
2120.03,SKL0009,PostgreSQL,RELEVANT,4,SYNTHETIC_DEMO_MAPPING,SYNTHETIC
2120.03,SKL0020,Figma,RELEVANT,4,SYNTHETIC_DEMO_MAPPING,SYNTHETIC
2120.04,SKL0009,PostgreSQL,RELEVANT,1,SYNTHETIC_DEMO_MAPPING,SYNTHETIC
2120.04,SKL0018,Cybersecurity,RELEVANT,2,SYNTHETIC_DEMO_MAPPING,SYNTHETIC
2120.04,SKL0005,React,RELEVANT,3,SYNTHETIC_DEMO_MAPPING,SYNTHETIC
2120.05,SKL0086,Inventory Management,RELEVANT,2,SYNTHETIC_DEMO_MAPPING,SYNTHETIC
2120.05,SKL0052,Two-Wheeler Service,RELEVANT,4,SYNTHETIC_DEMO_MAPPING,SYNTHETIC
2120.05,SKL0085,Warehouse Management,RELEVANT,3,SYNTHETIC_DEMO_MAPPING,SYNTHETIC
2120.05,SKL0097,Team Management,RELEVANT,2,SYNTHETIC_DEMO_MAPPING,SYNTHETIC
2120.0501,SKL0092,Communication,RELEVANT,1,SYNTHETIC_DEMO_MAPPING,SYNTHETIC
2120.0501,SKL0096,Digital Literacy,RELEVANT,3,SYNTHETIC_DEMO_MAPPING,SYNTHETIC
2120.0501,SKL0006,Next.js,RELEVANT,4,SYNTHETIC_DEMO_MAPPING,SYNTHETIC
2120.0501,SKL0003,JavaScript,RELEVANT,1,SYNTHETIC_DEMO_MAPPING,SYNTHETIC
2120.0501,SKL0069,Tally,RELEVANT,4,SYNTHETIC_DEMO_MAPPING,SYNTHETIC
2120.99,SKL0092,Communication,RELEVANT,1,SYNTHETIC_DEMO_MAPPING,SYNTHETIC
2120.99,SKL0097,Team Management,RELEVANT,1,SYNTHETIC_DEMO_MAPPING,SYNTHETIC
2131.01,SKL0062,Medical Coding,RELEVANT,3,SYNTHETIC_DEMO_MAPPING,SYNTHETIC
2131.01,SKL0067,Healthcare Administration,RELEVANT,2,SYNTHETIC_DEMO_MAPPING,SYNTHETIC
2131.02,SKL0061,Patient Care,RELEVANT,2,SYNTHETIC_DEMO_MAPPING,SYNTHETIC
2131.02,SKL0066,Medical Equipment Maintenance,RELEVANT,4,SYNTHETIC_DEMO_MAPPING,SYNTHETIC
2131.02,SKL0064,Pharmacy Operations,RELEVANT,1,SYNTHETIC_DEMO_MAPPING,SYNTHETIC
2131.02,SKL0062,Medical Coding,RELEVANT,4,SYNTHETIC_DEMO_MAPPING,SYNTHETIC
2131.03,SKL0042,SolidWorks,RELEVANT,1,SYNTHETIC_DEMO_MAPPING,SYNTHETIC
2131.03,SKL0031,CNC Programming,RELEVANT,1,SYNTHETIC_DEMO_MAPPING,SYNTHETIC
2131.03,SKL0035,Quality Control,RELEVANT,1,SYNTHETIC_DEMO_MAPPING,SYNTHETIC
2131.03,SKL0095,Workplace Safety,RELEVANT,2,SYNTHETIC_DEMO_MAPPING,SYNTHETIC
2131.03,SKL0084,Cold Chain,RELEVANT,2,SYNTHETIC_DEMO_MAPPING,SYNTHETIC
2131.04,SKL0034,Welding,RELEVANT,1,SYNTHETIC_DEMO_MAPPING,SYNTHETIC
2131.04,SKL0062,Medical Coding,RELEVANT,3,SYNTHETIC_DEMO_MAPPING,SYNTHETIC
2131.04,SKL0035,Quality Control,RELEVANT,1,SYNTHETIC_DEMO_MAPPING,SYNTHETIC
2131.04,SKL0082,Post-Harvest Management,RELEVANT,3,SYNTHETIC_DEMO_MAPPING,SYNTHETIC
2131.05,SKL0083,Food Processing,RELEVANT,2,SYNTHETIC_DEMO_MAPPING,SYNTHETIC
2131.05,SKL0097,Team Management,RELEVANT,4,SYNTHETIC_DEMO_MAPPING,SYNTHETIC
2131.05,SKL0093,Problem Solving,RELEVANT,4,SYNTHETIC_DEMO_MAPPING,SYNTHETIC
2131.05,SKL0084,Cold Chain,RELEVANT,2,SYNTHETIC_DEMO_MAPPING,SYNTHETIC
2131.05,SKL0098,English Communication,RELEVANT,4,SYNTHETIC_DEMO_MAPPING,SYNTHETIC
2131.06,SKL0094,Microsoft Excel,RELEVANT,2,SYNTHETIC_DEMO_MAPPING,SYNTHETIC
2131.06,SKL0083,Food Processing,RELEVANT,2,SYNTHETIC_DEMO_MAPPING,SYNTHETIC
2131.07,SKL0078,Farm Machinery,RELEVANT,4,SYNTHETIC_DEMO_MAPPING,SYNTHETIC
2131.07,SKL0081,Irrigation Management,RELEVANT,2,SYNTHETIC_DEMO_MAPPING,SYNTHETIC
2131.07,SKL0082,Post-Harvest Management,RELEVANT,2,SYNTHETIC_DEMO_MAPPING,SYNTHETIC
2131.08,SKL0064,Pharmacy Operations,RELEVANT,3,SYNTHETIC_DEMO_MAPPING,SYNTHETIC
2131.08,SKL0094,Microsoft Excel,RELEVANT,4,SYNTHETIC_DEMO_MAPPING,SYNTHETIC
2131.08,SKL0098,English Communication,RELEVANT,4,SYNTHETIC_DEMO_MAPPING,SYNTHETIC
2131.09,SKL0041,AutoCAD,RELEVANT,3,SYNTHETIC_DEMO_MAPPING,SYNTHETIC
2131.09,SKL0093,Problem Solving,RELEVANT,3,SYNTHETIC_DEMO_MAPPING,SYNTHETIC
2131.09,SKL0038,CNC Turning,RELEVANT,1,SYNTHETIC_DEMO_MAPPING,SYNTHETIC
2131.09,SKL0018,Cybersecurity,RELEVANT,4,SYNTHETIC_DEMO_MAPPING,SYNTHETIC
2131.1,SKL0061,Patient Care,RELEVANT,4,SYNTHETIC_DEMO_MAPPING,SYNTHETIC
2131.1,SKL0098,English Communication,RELEVANT,4,SYNTHETIC_DEMO_MAPPING,SYNTHETIC
2131.1,SKL0066,Medical Equipment Maintenance,RELEVANT,3,SYNTHETIC_DEMO_MAPPING,SYNTHETIC
2131.1,SKL0065,Laboratory Techniques,RELEVANT,1,SYNTHETIC_DEMO_MAPPING,SYNTHETIC
2131.1,SKL0067,Healthcare Administration,RELEVANT,4,SYNTHETIC_DEMO_MAPPING,SYNTHETIC
2131.11,SKL0096,Digital Literacy,RELEVANT,1,SYNTHETIC_DEMO_MAPPING,SYNTHETIC
2131.11,SKL0065,Laboratory Techniques,RELEVANT,3,SYNTHETIC_DEMO_MAPPING,SYNTHETIC
2131.11,SKL0098,English Communication,RELEVANT,1,SYNTHETIC_DEMO_MAPPING,SYNTHETIC
2131.11,SKL0094,Microsoft Excel,RELEVANT,4,SYNTHETIC_DEMO_MAPPING,SYNTHETIC
2131.12,SKL0065,Laboratory Techniques,RELEVANT,2,SYNTHETIC_DEMO_MAPPING,SYNTHETIC
2131.12,SKL0064,Pharmacy Operations,RELEVANT,1,SYNTHETIC_DEMO_MAPPING,SYNTHETIC
2131.12,SKL0097,Team Management,RELEVANT,3,SYNTHETIC_DEMO_MAPPING,SYNTHETIC
2131.13,SKL0093,Problem Solving,RELEVANT,1,SYNTHETIC_DEMO_MAPPING,SYNTHETIC
2131.13,SKL0092,Communication,RELEVANT,4,SYNTHETIC_DEMO_MAPPING,SYNTHETIC
2131.13,SKL0096,Digital Literacy,RELEVANT,4,SYNTHETIC_DEMO_MAPPING,SYNTHETIC
2131.13,SKL0097,Team Management,RELEVANT,4,SYNTHETIC_DEMO_MAPPING,SYNTHETIC
2131.14,SKL0080,Precision Agriculture,RELEVANT,2,SYNTHETIC_DEMO_MAPPING,SYNTHETIC
2131.14,SKL0082,Post-Harvest Management,RELEVANT,4,SYNTHETIC_DEMO_MAPPING,SYNTHETIC
2131.14,SKL0096,Digital Literacy,RELEVANT,3,SYNTHETIC_DEMO_MAPPING,SYNTHETIC
2131.14,SKL0092,Communication,RELEVANT,2,SYNTHETIC_DEMO_MAPPING,SYNTHETIC
2131.14,SKL0079,Agri Input Management,RELEVANT,4,SYNTHETIC_DEMO_MAPPING,SYNTHETIC
2131.15,SKL0094,Microsoft Excel,RELEVANT,3,SYNTHETIC_DEMO_MAPPING,SYNTHETIC
2131.15,SKL0030,AutoCAD Electrical,RELEVANT,4,SYNTHETIC_DEMO_MAPPING,SYNTHETIC
2131.15,SKL0027,Sensors,RELEVANT,3,SYNTHETIC_DEMO_MAPPING,SYNTHETIC
2131.15,SKL0092,Communication,RELEVANT,2,SYNTHETIC_DEMO_MAPPING,SYNTHETIC
2131.15,SKL0083,Food Processing,RELEVANT,1,SYNTHETIC_DEMO_MAPPING,SYNTHETIC
2131.18,SKL0063,Clinical Documentation,RELEVANT,1,SYNTHETIC_DEMO_MAPPING,SYNTHETIC
2131.18,SKL0084,Cold Chain,RELEVANT,2,SYNTHETIC_DEMO_MAPPING,SYNTHETIC
2131.18,SKL0064,Pharmacy Operations,RELEVANT,2,SYNTHETIC_DEMO_MAPPING,SYNTHETIC
2131.99,SKL0093,Problem Solving,RELEVANT,2,SYNTHETIC_DEMO_MAPPING,SYNTHETIC
2131.99,SKL0096,Digital Literacy,RELEVANT,2,SYNTHETIC_DEMO_MAPPING,SYNTHETIC
2131.99,SKL0095,Workplace Safety,RELEVANT,3,SYNTHETIC_DEMO_MAPPING,SYNTHETIC
2132.01,SKL0081,Irrigation Management,RELEVANT,1,SYNTHETIC_DEMO_MAPPING,SYNTHETIC
2132.01,SKL0094,Microsoft Excel,RELEVANT,3,SYNTHETIC_DEMO_MAPPING,SYNTHETIC
2132.01,SKL0035,Quality Control,RELEVANT,2,SYNTHETIC_DEMO_MAPPING,SYNTHETIC
2132.01,SKL0095,Workplace Safety,RELEVANT,4,SYNTHETIC_DEMO_MAPPING,SYNTHETIC
2132.01,SKL0098,English Communication,RELEVANT,1,SYNTHETIC_DEMO_MAPPING,SYNTHETIC
2132.02,SKL0070,GST,RELEVANT,3,SYNTHETIC_DEMO_MAPPING,SYNTHETIC
2132.02,SKL0088,Fleet Management,RELEVANT,1,SYNTHETIC_DEMO_MAPPING,SYNTHETIC
2132.03,SKL0058,Surveying,RELEVANT,1,SYNTHETIC_DEMO_MAPPING,SYNTHETIC
2132.03,SKL0054,Quantity Surveying,RELEVANT,1,SYNTHETIC_DEMO_MAPPING,SYNTHETIC
2132.03,SKL0094,Microsoft Excel,RELEVANT,4,SYNTHETIC_DEMO_MAPPING,SYNTHETIC
2132.04,SKL0080,Precision Agriculture,RELEVANT,1,SYNTHETIC_DEMO_MAPPING,SYNTHETIC
2132.04,SKL0081,Irrigation Management,RELEVANT,4,SYNTHETIC_DEMO_MAPPING,SYNTHETIC
2132.05,SKL0072,Excel,RELEVANT,3,SYNTHETIC_DEMO_MAPPING,SYNTHETIC
2132.05,SKL0054,Quantity Surveying,RELEVANT,4,SYNTHETIC_DEMO_MAPPING,SYNTHETIC
2132.05,SKL0008,SQL,RELEVANT,2,SYNTHETIC_DEMO_MAPPING,SYNTHETIC
2132.05,SKL0005,React,RELEVANT,1,SYNTHETIC_DEMO_MAPPING,SYNTHETIC
2132.05,SKL0043,Automotive Diagnostics,RELEVANT,3,SYNTHETIC_DEMO_MAPPING,SYNTHETIC
2132.06,SKL0001,Python,RELEVANT,2,SYNTHETIC_DEMO_MAPPING,SYNTHETIC
2132.06,SKL0002,Java,RELEVANT,2,SYNTHETIC_DEMO_MAPPING,SYNTHETIC
2132.07,SKL0033,Machine Maintenance,RELEVANT,3,SYNTHETIC_DEMO_MAPPING,SYNTHETIC
2132.07,SKL0097,Team Management,RELEVANT,3,SYNTHETIC_DEMO_MAPPING,SYNTHETIC
2132.07,SKL0038,CNC Turning,RELEVANT,3,SYNTHETIC_DEMO_MAPPING,SYNTHETIC
2132.08,SKL0097,Team Management,RELEVANT,4,SYNTHETIC_DEMO_MAPPING,SYNTHETIC
2132.08,SKL0034,Welding,RELEVANT,3,SYNTHETIC_DEMO_MAPPING,SYNTHETIC
2132.09,SKL0071,Financial Analysis,RELEVANT,2,SYNTHETIC_DEMO_MAPPING,SYNTHETIC
2132.09,SKL0010,REST APIs,RELEVANT,1,SYNTHETIC_DEMO_MAPPING,SYNTHETIC
2132.1,SKL0077,Supply Chain,RELEVANT,3,SYNTHETIC_DEMO_MAPPING,SYNTHETIC
2132.1,SKL0037,Production Planning,RELEVANT,4,SYNTHETIC_DEMO_MAPPING,SYNTHETIC
2132.99,SKL0095,Workplace Safety,RELEVANT,1,SYNTHETIC_DEMO_MAPPING,SYNTHETIC
2132.99,SKL0096,Digital Literacy,RELEVANT,3,SYNTHETIC_DEMO_MAPPING,SYNTHETIC
2133.01,SKL0081,Irrigation Management,RELEVANT,3,SYNTHETIC_DEMO_MAPPING,SYNTHETIC
2133.01,SKL0096,Digital Literacy,RELEVANT,3,SYNTHETIC_DEMO_MAPPING,SYNTHETIC
2133.02,SKL0011,Git,RELEVANT,3,SYNTHETIC_DEMO_MAPPING,SYNTHETIC
2133.02,SKL0094,Microsoft Excel,RELEVANT,1,SYNTHETIC_DEMO_MAPPING,SYNTHETIC
2133.03,SKL0094,Microsoft Excel,RELEVANT,4,SYNTHETIC_DEMO_MAPPING,SYNTHETIC
2133.03,SKL0095,Workplace Safety,RELEVANT,1,SYNTHETIC_DEMO_MAPPING,SYNTHETIC
2133.03,SKL0096,Digital Literacy,RELEVANT,4,SYNTHETIC_DEMO_MAPPING,SYNTHETIC
2133.03,SKL0092,Communication,RELEVANT,2,SYNTHETIC_DEMO_MAPPING,SYNTHETIC
2133.04,SKL0016,Data Analysis,RELEVANT,4,SYNTHETIC_DEMO_MAPPING,SYNTHETIC
2133.04,SKL0010,REST APIs,RELEVANT,1,SYNTHETIC_DEMO_MAPPING,SYNTHETIC
2133.04,SKL0018,Cybersecurity,RELEVANT,4,SYNTHETIC_DEMO_MAPPING,SYNTHETIC
2141.01,SKL0032,CNC Operation,RELEVANT,2,SYNTHETIC_DEMO_MAPPING,SYNTHETIC
2141.01,SKL0042,SolidWorks,RELEVANT,1,SYNTHETIC_DEMO_MAPPING,SYNTHETIC
2141.01,SKL0098,English Communication,RELEVANT,3,SYNTHETIC_DEMO_MAPPING,SYNTHETIC
2141.02,SKL0044,EV Systems,RELEVANT,1,SYNTHETIC_DEMO_MAPPING,SYNTHETIC
2141.02,SKL0027,Sensors,RELEVANT,4,SYNTHETIC_DEMO_MAPPING,SYNTHETIC
2141.03,SKL0096,Digital Literacy,RELEVANT,1,SYNTHETIC_DEMO_MAPPING,SYNTHETIC
2141.03,SKL0032,CNC Operation,RELEVANT,3,SYNTHETIC_DEMO_MAPPING,SYNTHETIC
2141.03,SKL0034,Welding,RELEVANT,2,SYNTHETIC_DEMO_MAPPING,SYNTHETIC
2141.03,SKL0035,Quality Control,RELEVANT,3,SYNTHETIC_DEMO_MAPPING,SYNTHETIC
2141.0301,SKL0052,Two-Wheeler Service,RELEVANT,4,SYNTHETIC_DEMO_MAPPING,SYNTHETIC
2141.0301,SKL0097,Team Management,RELEVANT,4,SYNTHETIC_DEMO_MAPPING,SYNTHETIC
2141.04,SKL0073,Business Analysis,RELEVANT,1,SYNTHETIC_DEMO_MAPPING,SYNTHETIC
2141.04,SKL0036,Lean Manufacturing,RELEVANT,3,SYNTHETIC_DEMO_MAPPING,SYNTHETIC
2141.04,SKL0071,Financial Analysis,RELEVANT,1,SYNTHETIC_DEMO_MAPPING,SYNTHETIC
2141.05,SKL0097,Team Management,RELEVANT,4,SYNTHETIC_DEMO_MAPPING,SYNTHETIC
2141.05,SKL0034,Welding,RELEVANT,2,SYNTHETIC_DEMO_MAPPING,SYNTHETIC
2141.05,SKL0058,Surveying,RELEVANT,3,SYNTHETIC_DEMO_MAPPING,SYNTHETIC
2141.05,SKL0060,Structural Analysis,RELEVANT,3,SYNTHETIC_DEMO_MAPPING,SYNTHETIC
2141.05,SKL0036,Lean Manufacturing,RELEVANT,1,SYNTHETIC_DEMO_MAPPING,SYNTHETIC
2141.0501,SKL0096,Digital Literacy,RELEVANT,3,SYNTHETIC_DEMO_MAPPING,SYNTHETIC
2141.0501,SKL0071,Financial Analysis,RELEVANT,2,SYNTHETIC_DEMO_MAPPING,SYNTHETIC
2141.0501,SKL0092,Communication,RELEVANT,1,SYNTHETIC_DEMO_MAPPING,SYNTHETIC
2141.06,SKL0035,Quality Control,RELEVANT,3,SYNTHETIC_DEMO_MAPPING,SYNTHETIC
2141.06,SKL0042,SolidWorks,RELEVANT,3,SYNTHETIC_DEMO_MAPPING,SYNTHETIC
2141.06,SKL0036,Lean Manufacturing,RELEVANT,2,SYNTHETIC_DEMO_MAPPING,SYNTHETIC
2141.06,SKL0094,Microsoft Excel,RELEVANT,1,SYNTHETIC_DEMO_MAPPING,SYNTHETIC
2141.08,SKL0095,Workplace Safety,RELEVANT,1,SYNTHETIC_DEMO_MAPPING,SYNTHETIC
2141.08,SKL0098,English Communication,RELEVANT,1,SYNTHETIC_DEMO_MAPPING,SYNTHETIC
2141.09,SKL0029,Control Systems,RELEVANT,4,SYNTHETIC_DEMO_MAPPING,SYNTHETIC
2141.09,SKL0080,Precision Agriculture,RELEVANT,4,SYNTHETIC_DEMO_MAPPING,SYNTHETIC
2141.09,SKL0083,Food Processing,RELEVANT,1,SYNTHETIC_DEMO_MAPPING,SYNTHETIC
2141.1,SKL0033,Machine Maintenance,RELEVANT,3,SYNTHETIC_DEMO_MAPPING,SYNTHETIC
2141.1,SKL0098,English Communication,RELEVANT,2,SYNTHETIC_DEMO_MAPPING,SYNTHETIC
2141.1,SKL0093,Problem Solving,RELEVANT,2,SYNTHETIC_DEMO_MAPPING,SYNTHETIC
2141.11,SKL0027,Sensors,RELEVANT,3,SYNTHETIC_DEMO_MAPPING,SYNTHETIC
2141.11,SKL0028,Electrical Testing,RELEVANT,1,SYNTHETIC_DEMO_MAPPING,SYNTHETIC
2141.11,SKL0096,Digital Literacy,RELEVANT,4,SYNTHETIC_DEMO_MAPPING,SYNTHETIC
2141.12,SKL0097,Team Management,RELEVANT,3,SYNTHETIC_DEMO_MAPPING,SYNTHETIC
2141.12,SKL0083,Food Processing,RELEVANT,3,SYNTHETIC_DEMO_MAPPING,SYNTHETIC
2141.12,SKL0082,Post-Harvest Management,RELEVANT,1,SYNTHETIC_DEMO_MAPPING,SYNTHETIC
2141.13,SKL0097,Team Management,RELEVANT,1,SYNTHETIC_DEMO_MAPPING,SYNTHETIC
2141.13,SKL0098,English Communication,RELEVANT,4,SYNTHETIC_DEMO_MAPPING,SYNTHETIC
2141.13,SKL0096,Digital Literacy,RELEVANT,3,SYNTHETIC_DEMO_MAPPING,SYNTHETIC
2141.13,SKL0093,Problem Solving,RELEVANT,1,SYNTHETIC_DEMO_MAPPING,SYNTHETIC
2141.14,SKL0032,CNC Operation,RELEVANT,2,SYNTHETIC_DEMO_MAPPING,SYNTHETIC
2141.14,SKL0046,EV Battery Maintenance,RELEVANT,2,SYNTHETIC_DEMO_MAPPING,SYNTHETIC
2141.14,SKL0037,Production Planning,RELEVANT,1,SYNTHETIC_DEMO_MAPPING,SYNTHETIC
2141.14,SKL0043,Automotive Diagnostics,RELEVANT,2,SYNTHETIC_DEMO_MAPPING,SYNTHETIC
2141.15,SKL0045,Battery Management Systems,RELEVANT,4,SYNTHETIC_DEMO_MAPPING,SYNTHETIC
2141.15,SKL0043,Automotive Diagnostics,RELEVANT,2,SYNTHETIC_DEMO_MAPPING,SYNTHETIC
2141.15,SKL0042,SolidWorks,RELEVANT,2,SYNTHETIC_DEMO_MAPPING,SYNTHETIC
2141.15,SKL0095,Workplace Safety,RELEVANT,1,SYNTHETIC_DEMO_MAPPING,SYNTHETIC
2141.15,SKL0052,Two-Wheeler Service,RELEVANT,3,SYNTHETIC_DEMO_MAPPING,SYNTHETIC
2141.16,SKL0093,Problem Solving,RELEVANT,3,SYNTHETIC_DEMO_MAPPING,SYNTHETIC
2141.16,SKL0041,AutoCAD,RELEVANT,3,SYNTHETIC_DEMO_MAPPING,SYNTHETIC
2141.16,SKL0039,CNC Milling,RELEVANT,1,SYNTHETIC_DEMO_MAPPING,SYNTHETIC
2141.17,SKL0038,CNC Turning,RELEVANT,1,SYNTHETIC_DEMO_MAPPING,SYNTHETIC
2141.17,SKL0089,Forklift Operation,RELEVANT,4,SYNTHETIC_DEMO_MAPPING,SYNTHETIC
2141.17,SKL0087,Supply Chain Management,RELEVANT,4,SYNTHETIC_DEMO_MAPPING,SYNTHETIC
2141.17,SKL0093,Problem Solving,RELEVANT,3,SYNTHETIC_DEMO_MAPPING,SYNTHETIC
2141.18,SKL0033,Machine Maintenance,RELEVANT,3,SYNTHETIC_DEMO_MAPPING,SYNTHETIC
2141.18,SKL0031,CNC Programming,RELEVANT,3,SYNTHETIC_DEMO_MAPPING,SYNTHETIC
2141.18,SKL0042,SolidWorks,RELEVANT,1,SYNTHETIC_DEMO_MAPPING,SYNTHETIC
2141.19,SKL0041,AutoCAD,RELEVANT,2,SYNTHETIC_DEMO_MAPPING,SYNTHETIC
2141.19,SKL0037,Production Planning,RELEVANT,3,SYNTHETIC_DEMO_MAPPING,SYNTHETIC
2141.2,SKL0097,Team Management,RELEVANT,3,SYNTHETIC_DEMO_MAPPING,SYNTHETIC
2141.2,SKL0086,Inventory Management,RELEVANT,4,SYNTHETIC_DEMO_MAPPING,SYNTHETIC
2141.2,SKL0092,Communication,RELEVANT,2,SYNTHETIC_DEMO_MAPPING,SYNTHETIC
2141.2,SKL0079,Agri Input Management,RELEVANT,2,SYNTHETIC_DEMO_MAPPING,SYNTHETIC
2141.2,SKL0081,Irrigation Management,RELEVANT,3,SYNTHETIC_DEMO_MAPPING,SYNTHETIC
2141.21,SKL0039,CNC Milling,RELEVANT,4,SYNTHETIC_DEMO_MAPPING,SYNTHETIC
2141.21,SKL0094,Microsoft Excel,RELEVANT,1,SYNTHETIC_DEMO_MAPPING,SYNTHETIC
2141.22,SKL0064,Pharmacy Operations,RELEVANT,3,SYNTHETIC_DEMO_MAPPING,SYNTHETIC
2141.22,SKL0036,Lean Manufacturing,RELEVANT,1,SYNTHETIC_DEMO_MAPPING,SYNTHETIC
2141.22,SKL0066,Medical Equipment Maintenance,RELEVANT,4,SYNTHETIC_DEMO_MAPPING,SYNTHETIC
2141.23,SKL0094,Microsoft Excel,RELEVANT,4,SYNTHETIC_DEMO_MAPPING,SYNTHETIC
2141.23,SKL0034,Welding,RELEVANT,1,SYNTHETIC_DEMO_MAPPING,SYNTHETIC
2141.23,SKL0039,CNC Milling,RELEVANT,4,SYNTHETIC_DEMO_MAPPING,SYNTHETIC
2141.24,SKL0040,Mechanical Assembly,RELEVANT,1,SYNTHETIC_DEMO_MAPPING,SYNTHETIC
2141.24,SKL0096,Digital Literacy,RELEVANT,3,SYNTHETIC_DEMO_MAPPING,SYNTHETIC
2141.24,SKL0041,AutoCAD,RELEVANT,2,SYNTHETIC_DEMO_MAPPING,SYNTHETIC
2141.24,SKL0037,Production Planning,RELEVANT,4,SYNTHETIC_DEMO_MAPPING,SYNTHETIC
2141.24,SKL0098,English Communication,RELEVANT,2,SYNTHETIC_DEMO_MAPPING,SYNTHETIC
2141.25,SKL0035,Quality Control,RELEVANT,2,SYNTHETIC_DEMO_MAPPING,SYNTHETIC
2141.25,SKL0095,Workplace Safety,RELEVANT,2,SYNTHETIC_DEMO_MAPPING,SYNTHETIC
2141.25,SKL0036,Lean Manufacturing,RELEVANT,4,SYNTHETIC_DEMO_MAPPING,SYNTHETIC
2141.25,SKL0096,Digital Literacy,RELEVANT,1,SYNTHETIC_DEMO_MAPPING,SYNTHETIC
2141.26,SKL0062,Medical Coding,RELEVANT,1,SYNTHETIC_DEMO_MAPPING,SYNTHETIC
2141.26,SKL0065,Laboratory Techniques,RELEVANT,2,SYNTHETIC_DEMO_MAPPING,SYNTHETIC
2141.26,SKL0095,Workplace Safety,RELEVANT,1,SYNTHETIC_DEMO_MAPPING,SYNTHETIC
2141.26,SKL0093,Problem Solving,RELEVANT,4,SYNTHETIC_DEMO_MAPPING,SYNTHETIC
2142.01,SKL0011,Git,RELEVANT,2,SYNTHETIC_DEMO_MAPPING,SYNTHETIC
2142.01,SKL0036,Lean Manufacturing,RELEVANT,3,SYNTHETIC_DEMO_MAPPING,SYNTHETIC
2142.01,SKL0005,React,RELEVANT,1,SYNTHETIC_DEMO_MAPPING,SYNTHETIC
2142.01,SKL0003,JavaScript,RELEVANT,2,SYNTHETIC_DEMO_MAPPING,SYNTHETIC
2142.02,SKL0093,Problem Solving,RELEVANT,3,SYNTHETIC_DEMO_MAPPING,SYNTHETIC
2142.02,SKL0036,Lean Manufacturing,RELEVANT,2,SYNTHETIC_DEMO_MAPPING,SYNTHETIC
2142.02,SKL0046,EV Battery Maintenance,RELEVANT,3,SYNTHETIC_DEMO_MAPPING,SYNTHETIC
2142.03,SKL0006,Next.js,RELEVANT,3,SYNTHETIC_DEMO_MAPPING,SYNTHETIC
2142.03,SKL0012,Docker,RELEVANT,1,SYNTHETIC_DEMO_MAPPING,SYNTHETIC
2142.03,SKL0004,TypeScript,RELEVANT,2,SYNTHETIC_DEMO_MAPPING,SYNTHETIC
2142.0301,SKL0056,Construction Safety,RELEVANT,1,SYNTHETIC_DEMO_MAPPING,SYNTHETIC
2142.0301,SKL0059,Project Planning,RELEVANT,4,SYNTHETIC_DEMO_MAPPING,SYNTHETIC
2142.0301,SKL0041,AutoCAD,RELEVANT,4,SYNTHETIC_DEMO_MAPPING,SYNTHETIC
2142.0301,SKL0094,Microsoft Excel,RELEVANT,2,SYNTHETIC_DEMO_MAPPING,SYNTHETIC
2142.0301,SKL0098,English Communication,RELEVANT,3,SYNTHETIC_DEMO_MAPPING,SYNTHETIC
2142.04,SKL0045,Battery Management Systems,RELEVANT,4,SYNTHETIC_DEMO_MAPPING,SYNTHETIC
2142.04,SKL0094,Microsoft Excel,RELEVANT,1,SYNTHETIC_DEMO_MAPPING,SYNTHETIC
2142.05,SKL0092,Communication,RELEVANT,4,SYNTHETIC_DEMO_MAPPING,SYNTHETIC
2142.05,SKL0062,Medical Coding,RELEVANT,3,SYNTHETIC_DEMO_MAPPING,SYNTHETIC
2142.05,SKL0097,Team Management,RELEVANT,2,SYNTHETIC_DEMO_MAPPING,SYNTHETIC
2142.05,SKL0094,Microsoft Excel,RELEVANT,4,SYNTHETIC_DEMO_MAPPING,SYNTHETIC
2142.0501,SKL0041,AutoCAD,RELEVANT,3,SYNTHETIC_DEMO_MAPPING,SYNTHETIC
2142.0501,SKL0095,Workplace Safety,RELEVANT,3,SYNTHETIC_DEMO_MAPPING,SYNTHETIC
2142.06,SKL0039,CNC Milling,RELEVANT,1,SYNTHETIC_DEMO_MAPPING,SYNTHETIC
2142.06,SKL0038,CNC Turning,RELEVANT,3,SYNTHETIC_DEMO_MAPPING,SYNTHETIC
2142.07,SKL0008,SQL,RELEVANT,1,SYNTHETIC_DEMO_MAPPING,SYNTHETIC
2142.07,SKL0041,AutoCAD,RELEVANT,1,SYNTHETIC_DEMO_MAPPING,SYNTHETIC
2142.07,SKL0009,PostgreSQL,RELEVANT,4,SYNTHETIC_DEMO_MAPPING,SYNTHETIC
2142.07,SKL0014,Azure,RELEVANT,3,SYNTHETIC_DEMO_MAPPING,SYNTHETIC
2142.08,SKL0094,Microsoft Excel,RELEVANT,1,SYNTHETIC_DEMO_MAPPING,SYNTHETIC
2142.08,SKL0054,Quantity Surveying,RELEVANT,3,SYNTHETIC_DEMO_MAPPING,SYNTHETIC
2142.08,SKL0057,Civil Drafting,RELEVANT,1,SYNTHETIC_DEMO_MAPPING,SYNTHETIC
2142.09,SKL0089,Forklift Operation,RELEVANT,4,SYNTHETIC_DEMO_MAPPING,SYNTHETIC
2142.09,SKL0086,Inventory Management,RELEVANT,2,SYNTHETIC_DEMO_MAPPING,SYNTHETIC
2142.09,SKL0065,Laboratory Techniques,RELEVANT,4,SYNTHETIC_DEMO_MAPPING,SYNTHETIC
2142.0901,SKL0063,Clinical Documentation,RELEVANT,3,SYNTHETIC_DEMO_MAPPING,SYNTHETIC
2142.0901,SKL0096,Digital Literacy,RELEVANT,4,SYNTHETIC_DEMO_MAPPING,SYNTHETIC
2142.1,SKL0008,SQL,RELEVANT,4,SYNTHETIC_DEMO_MAPPING,SYNTHETIC
2142.1,SKL0025,Industrial Automation,RELEVANT,3,SYNTHETIC_DEMO_MAPPING,SYNTHETIC
2142.1001,SKL0096,Digital Literacy,RELEVANT,3,SYNTHETIC_DEMO_MAPPING,SYNTHETIC
2142.1001,SKL0094,Microsoft Excel,RELEVANT,3,SYNTHETIC_DEMO_MAPPING,SYNTHETIC
2142.1001,SKL0093,Problem Solving,RELEVANT,2,SYNTHETIC_DEMO_MAPPING,SYNTHETIC
2142.1001,SKL0097,Team Management,RELEVANT,1,SYNTHETIC_DEMO_MAPPING,SYNTHETIC
2142.1002,SKL0096,Digital Literacy,RELEVANT,2,SYNTHETIC_DEMO_MAPPING,SYNTHETIC
2142.1002,SKL0098,English Communication,RELEVANT,1,SYNTHETIC_DEMO_MAPPING,SYNTHETIC
2142.1002,SKL0094,Microsoft Excel,RELEVANT,2,SYNTHETIC_DEMO_MAPPING,SYNTHETIC
2142.1002,SKL0092,Communication,RELEVANT,3,SYNTHETIC_DEMO_MAPPING,SYNTHETIC
2142.1002,SKL0095,Workplace Safety,RELEVANT,2,SYNTHETIC_DEMO_MAPPING,SYNTHETIC
2142.99,SKL0060,Structural Analysis,RELEVANT,4,SYNTHETIC_DEMO_MAPPING,SYNTHETIC
2142.99,SKL0097,Team Management,RELEVANT,2,SYNTHETIC_DEMO_MAPPING,SYNTHETIC
2143.01,SKL0012,Docker,RELEVANT,1,SYNTHETIC_DEMO_MAPPING,SYNTHETIC
2143.01,SKL0016,Data Analysis,RELEVANT,1,SYNTHETIC_DEMO_MAPPING,SYNTHETIC
2143.02,SKL0065,Laboratory Techniques,RELEVANT,2,SYNTHETIC_DEMO_MAPPING,SYNTHETIC
2143.02,SKL0017,Machine Learning,RELEVANT,4,SYNTHETIC_DEMO_MAPPING,SYNTHETIC
2143.02,SKL0001,Python,RELEVANT,2,SYNTHETIC_DEMO_MAPPING,SYNTHETIC
2143.02,SKL0029,Control Systems,RELEVANT,2,SYNTHETIC_DEMO_MAPPING,SYNTHETIC
2143.03,SKL0015,Power BI,RELEVANT,4,SYNTHETIC_DEMO_MAPPING,SYNTHETIC
2143.03,SKL0040,Mechanical Assembly,RELEVANT,3,SYNTHETIC_DEMO_MAPPING,SYNTHETIC
2143.03,SKL0017,Machine Learning,RELEVANT,3,SYNTHETIC_DEMO_MAPPING,SYNTHETIC
2143.03,SKL0097,Team Management,RELEVANT,2,SYNTHETIC_DEMO_MAPPING,SYNTHETIC
2143.04,SKL0060,Structural Analysis,RELEVANT,1,SYNTHETIC_DEMO_MAPPING,SYNTHETIC
2143.04,SKL0040,Mechanical Assembly,RELEVANT,2,SYNTHETIC_DEMO_MAPPING,SYNTHETIC
2143.04,SKL0092,Communication,RELEVANT,4,SYNTHETIC_DEMO_MAPPING,SYNTHETIC
2143.04,SKL0035,Quality Control,RELEVANT,1,SYNTHETIC_DEMO_MAPPING,SYNTHETIC
2143.04,SKL0058,Surveying,RELEVANT,2,SYNTHETIC_DEMO_MAPPING,SYNTHETIC
2143.05,SKL0029,Control Systems,RELEVANT,1,SYNTHETIC_DEMO_MAPPING,SYNTHETIC
2143.05,SKL0024,PCB Design,RELEVANT,3,SYNTHETIC_DEMO_MAPPING,SYNTHETIC
2143.05,SKL0092,Communication,RELEVANT,4,SYNTHETIC_DEMO_MAPPING,SYNTHETIC
2144.01,SKL0056,Construction Safety,RELEVANT,4,SYNTHETIC_DEMO_MAPPING,SYNTHETIC
2144.01,SKL0057,Civil Drafting,RELEVANT,2,SYNTHETIC_DEMO_MAPPING,SYNTHETIC
2144.01,SKL0093,Problem Solving,RELEVANT,3,SYNTHETIC_DEMO_MAPPING,SYNTHETIC
2144.01,SKL0045,Battery Management Systems,RELEVANT,1,SYNTHETIC_DEMO_MAPPING,SYNTHETIC
2144.0101,SKL0093,Problem Solving,RELEVANT,1,SYNTHETIC_DEMO_MAPPING,SYNTHETIC
2144.0101,SKL0095,Workplace Safety,RELEVANT,4,SYNTHETIC_DEMO_MAPPING,SYNTHETIC
2144.0101,SKL0035,Quality Control,RELEVANT,1,SYNTHETIC_DEMO_MAPPING,SYNTHETIC
2144.0101,SKL0096,Digital Literacy,RELEVANT,2,SYNTHETIC_DEMO_MAPPING,SYNTHETIC
2144.0102,SKL0036,Lean Manufacturing,RELEVANT,1,SYNTHETIC_DEMO_MAPPING,SYNTHETIC
2144.0102,SKL0038,CNC Turning,RELEVANT,4,SYNTHETIC_DEMO_MAPPING,SYNTHETIC
2144.0102,SKL0040,Mechanical Assembly,RELEVANT,3,SYNTHETIC_DEMO_MAPPING,SYNTHETIC
2144.0102,SKL0094,Microsoft Excel,RELEVANT,3,SYNTHETIC_DEMO_MAPPING,SYNTHETIC
2144.0103,SKL0042,SolidWorks,RELEVANT,2,SYNTHETIC_DEMO_MAPPING,SYNTHETIC
2144.0103,SKL0021,PLC,RELEVANT,3,SYNTHETIC_DEMO_MAPPING,SYNTHETIC
2144.0103,SKL0036,Lean Manufacturing,RELEVANT,1,SYNTHETIC_DEMO_MAPPING,SYNTHETIC
2144.0103,SKL0029,Control Systems,RELEVANT,4,SYNTHETIC_DEMO_MAPPING,SYNTHETIC
2144.0104,SKL0098,English Communication,RELEVANT,3,SYNTHETIC_DEMO_MAPPING,SYNTHETIC
2144.0104,SKL0092,Communication,RELEVANT,3,SYNTHETIC_DEMO_MAPPING,SYNTHETIC
2144.0104,SKL0034,Welding,RELEVANT,4,SYNTHETIC_DEMO_MAPPING,SYNTHETIC
2144.0104,SKL0094,Microsoft Excel,RELEVANT,4,SYNTHETIC_DEMO_MAPPING,SYNTHETIC
2144.0105,SKL0094,Microsoft Excel,RELEVANT,4,SYNTHETIC_DEMO_MAPPING,SYNTHETIC
2144.0105,SKL0032,CNC Operation,RELEVANT,2,SYNTHETIC_DEMO_MAPPING,SYNTHETIC
2144.0106,SKL0097,Team Management,RELEVANT,3,SYNTHETIC_DEMO_MAPPING,SYNTHETIC
2144.0106,SKL0095,Workplace Safety,RELEVANT,3,SYNTHETIC_DEMO_MAPPING,SYNTHETIC
2144.0106,SKL0098,English Communication,RELEVANT,1,SYNTHETIC_DEMO_MAPPING,SYNTHETIC
2144.02,SKL0020,Figma,RELEVANT,1,SYNTHETIC_DEMO_MAPPING,SYNTHETIC
2144.02,SKL0010,REST APIs,RELEVANT,3,SYNTHETIC_DEMO_MAPPING,SYNTHETIC
2144.02,SKL0031,CNC Programming,RELEVANT,4,SYNTHETIC_DEMO_MAPPING,SYNTHETIC
2144.02,SKL0039,CNC Milling,RELEVANT,3,SYNTHETIC_DEMO_MAPPING,SYNTHETIC
2144.02,SKL0005,React,RELEVANT,1,SYNTHETIC_DEMO_MAPPING,SYNTHETIC
2144.0201,SKL0048,Auto Electrical,RELEVANT,1,SYNTHETIC_DEMO_MAPPING,SYNTHETIC
2144.0201,SKL0044,EV Systems,RELEVANT,2,SYNTHETIC_DEMO_MAPPING,SYNTHETIC
2144.0201,SKL0001,Python,RELEVANT,3,SYNTHETIC_DEMO_MAPPING,SYNTHETIC
2144.0201,SKL0038,CNC Turning,RELEVANT,2,SYNTHETIC_DEMO_MAPPING,SYNTHETIC
2144.0201,SKL0014,Azure,RELEVANT,3,SYNTHETIC_DEMO_MAPPING,SYNTHETIC
2144.03,SKL0023,Embedded Systems,RELEVANT,1,SYNTHETIC_DEMO_MAPPING,SYNTHETIC
2144.03,SKL0030,AutoCAD Electrical,RELEVANT,1,SYNTHETIC_DEMO_MAPPING,SYNTHETIC
2144.03,SKL0042,SolidWorks,RELEVANT,2,SYNTHETIC_DEMO_MAPPING,SYNTHETIC
2144.03,SKL0031,CNC Programming,RELEVANT,3,SYNTHETIC_DEMO_MAPPING,SYNTHETIC
2144.03,SKL0050,Automotive CAD,RELEVANT,2,SYNTHETIC_DEMO_MAPPING,SYNTHETIC
2144.0301,SKL0021,PLC,RELEVANT,4,SYNTHETIC_DEMO_MAPPING,SYNTHETIC
2144.0301,SKL0095,Workplace Safety,RELEVANT,3,SYNTHETIC_DEMO_MAPPING,SYNTHETIC
2144.0301,SKL0096,Digital Literacy,RELEVANT,4,SYNTHETIC_DEMO_MAPPING,SYNTHETIC
2144.0301,SKL0040,Mechanical Assembly,RELEVANT,3,SYNTHETIC_DEMO_MAPPING,SYNTHETIC
2144.0301,SKL0092,Communication,RELEVANT,1,SYNTHETIC_DEMO_MAPPING,SYNTHETIC
2144.0401,SKL0034,Welding,RELEVANT,2,SYNTHETIC_DEMO_MAPPING,SYNTHETIC
2144.0401,SKL0035,Quality Control,RELEVANT,4,SYNTHETIC_DEMO_MAPPING,SYNTHETIC
2144.0401,SKL0038,CNC Turning,RELEVANT,2,SYNTHETIC_DEMO_MAPPING,SYNTHETIC
2144.0401,SKL0097,Team Management,RELEVANT,1,SYNTHETIC_DEMO_MAPPING,SYNTHETIC
2144.0401,SKL0039,CNC Milling,RELEVANT,4,SYNTHETIC_DEMO_MAPPING,SYNTHETIC
2144.0402,SKL0005,React,RELEVANT,3,SYNTHETIC_DEMO_MAPPING,SYNTHETIC
2144.0402,SKL0008,SQL,RELEVANT,4,SYNTHETIC_DEMO_MAPPING,SYNTHETIC
2144.0402,SKL0006,Next.js,RELEVANT,2,SYNTHETIC_DEMO_MAPPING,SYNTHETIC
2144.0402,SKL0094,Microsoft Excel,RELEVANT,3,SYNTHETIC_DEMO_MAPPING,SYNTHETIC
2144.0403,SKL0039,CNC Milling,RELEVANT,1,SYNTHETIC_DEMO_MAPPING,SYNTHETIC
2144.0403,SKL0033,Machine Maintenance,RELEVANT,2,SYNTHETIC_DEMO_MAPPING,SYNTHETIC
2144.0403,SKL0097,Team Management,RELEVANT,1,SYNTHETIC_DEMO_MAPPING,SYNTHETIC
2144.05,SKL0045,Battery Management Systems,RELEVANT,4,SYNTHETIC_DEMO_MAPPING,SYNTHETIC
2144.05,SKL0050,Automotive CAD,RELEVANT,2,SYNTHETIC_DEMO_MAPPING,SYNTHETIC
2144.06,SKL0093,Problem Solving,RELEVANT,3,SYNTHETIC_DEMO_MAPPING,SYNTHETIC
2144.06,SKL0031,CNC Programming,RELEVANT,4,SYNTHETIC_DEMO_MAPPING,SYNTHETIC
2144.0601,SKL0050,Automotive CAD,RELEVANT,1,SYNTHETIC_DEMO_MAPPING,SYNTHETIC
2144.0601,SKL0046,EV Battery Maintenance,RELEVANT,1,SYNTHETIC_DEMO_MAPPING,SYNTHETIC
2144.07,SKL0050,Automotive CAD,RELEVANT,2,SYNTHETIC_DEMO_MAPPING,SYNTHETIC
2144.07,SKL0016,Data Analysis,RELEVANT,2,SYNTHETIC_DEMO_MAPPING,SYNTHETIC
2144.07,SKL0049,Electric Motor Systems,RELEVANT,3,SYNTHETIC_DEMO_MAPPING,SYNTHETIC
2144.07,SKL0036,Lean Manufacturing,RELEVANT,3,SYNTHETIC_DEMO_MAPPING,SYNTHETIC
2144.0701,SKL0094,Microsoft Excel,RELEVANT,2,SYNTHETIC_DEMO_MAPPING,SYNTHETIC
2144.0701,SKL0032,CNC Operation,RELEVANT,2,SYNTHETIC_DEMO_MAPPING,SYNTHETIC
2144.0701,SKL0023,Embedded Systems,RELEVANT,1,SYNTHETIC_DEMO_MAPPING,SYNTHETIC
2144.0701,SKL0092,Communication,RELEVANT,3,SYNTHETIC_DEMO_MAPPING,SYNTHETIC
2144.08,SKL0021,PLC,RELEVANT,2,SYNTHETIC_DEMO_MAPPING,SYNTHETIC
2144.08,SKL0005,React,RELEVANT,1,SYNTHETIC_DEMO_MAPPING,SYNTHETIC
2144.08,SKL0049,Electric Motor Systems,RELEVANT,3,SYNTHETIC_DEMO_MAPPING,SYNTHETIC
2144.0801,SKL0057,Civil Drafting,RELEVANT,1,SYNTHETIC_DEMO_MAPPING,SYNTHETIC
2144.0801,SKL0056,Construction Safety,RELEVANT,4,SYNTHETIC_DEMO_MAPPING,SYNTHETIC
2144.0801,SKL0055,Site Supervision,RELEVANT,3,SYNTHETIC_DEMO_MAPPING,SYNTHETIC
2144.0801,SKL0054,Quantity Surveying,RELEVANT,4,SYNTHETIC_DEMO_MAPPING,SYNTHETIC
2144.0801,SKL0033,Machine Maintenance,RELEVANT,3,SYNTHETIC_DEMO_MAPPING,SYNTHETIC
2144.0802,SKL0041,AutoCAD,RELEVANT,3,SYNTHETIC_DEMO_MAPPING,SYNTHETIC
2144.0802,SKL0055,Site Supervision,RELEVANT,2,SYNTHETIC_DEMO_MAPPING,SYNTHETIC
2144.0803,SKL0040,Mechanical Assembly,RELEVANT,4,SYNTHETIC_DEMO_MAPPING,SYNTHETIC
2144.0803,SKL0039,CNC Milling,RELEVANT,1,SYNTHETIC_DEMO_MAPPING,SYNTHETIC
2144.0803,SKL0093,Problem Solving,RELEVANT,1,SYNTHETIC_DEMO_MAPPING,SYNTHETIC
2144.0804,SKL0093,Problem Solving,RELEVANT,2,SYNTHETIC_DEMO_MAPPING,SYNTHETIC
2144.0804,SKL0014,Azure,RELEVANT,2,SYNTHETIC_DEMO_MAPPING,SYNTHETIC
2144.0804,SKL0019,UI/UX Design,RELEVANT,3,SYNTHETIC_DEMO_MAPPING,SYNTHETIC
2144.09,SKL0040,Mechanical Assembly,RELEVANT,3,SYNTHETIC_DEMO_MAPPING,SYNTHETIC
2144.09,SKL0005,React,RELEVANT,3,SYNTHETIC_DEMO_MAPPING,SYNTHETIC
2144.09,SKL0049,Electric Motor Systems,RELEVANT,4,SYNTHETIC_DEMO_MAPPING,SYNTHETIC
2144.09,SKL0037,Production Planning,RELEVANT,4,SYNTHETIC_DEMO_MAPPING,SYNTHETIC
2144.09,SKL0093,Problem Solving,RELEVANT,3,SYNTHETIC_DEMO_MAPPING,SYNTHETIC
2144.1,SKL0059,Project Planning,RELEVANT,1,SYNTHETIC_DEMO_MAPPING,SYNTHETIC
2144.1,SKL0052,Two-Wheeler Service,RELEVANT,2,SYNTHETIC_DEMO_MAPPING,SYNTHETIC
2144.1,SKL0027,Sensors,RELEVANT,4,SYNTHETIC_DEMO_MAPPING,SYNTHETIC
2144.1,SKL0097,Team Management,RELEVANT,2,SYNTHETIC_DEMO_MAPPING,SYNTHETIC
2144.11,SKL0047,Vehicle Diagnostics,RELEVANT,3,SYNTHETIC_DEMO_MAPPING,SYNTHETIC
2144.11,SKL0008,SQL,RELEVANT,2,SYNTHETIC_DEMO_MAPPING,SYNTHETIC
2144.12,SKL0048,Auto Electrical,RELEVANT,4,SYNTHETIC_DEMO_MAPPING,SYNTHETIC
2144.12,SKL0038,CNC Turning,RELEVANT,2,SYNTHETIC_DEMO_MAPPING,SYNTHETIC
2144.12,SKL0095,Workplace Safety,RELEVANT,3,SYNTHETIC_DEMO_MAPPING,SYNTHETIC
2144.12,SKL0091,Route Planning,RELEVANT,4,SYNTHETIC_DEMO_MAPPING,SYNTHETIC
2144.1301,SKL0096,Digital Literacy,RELEVANT,1,SYNTHETIC_DEMO_MAPPING,SYNTHETIC
2144.1301,SKL0041,AutoCAD,RELEVANT,2,SYNTHETIC_DEMO_MAPPING,SYNTHETIC
2144.1302,SKL0040,Mechanical Assembly,RELEVANT,1,SYNTHETIC_DEMO_MAPPING,SYNTHETIC
2144.1302,SKL0038,CNC Turning,RELEVANT,2,SYNTHETIC_DEMO_MAPPING,SYNTHETIC
2144.1302,SKL0039,CNC Milling,RELEVANT,4,SYNTHETIC_DEMO_MAPPING,SYNTHETIC
2144.1302,SKL0034,Welding,RELEVANT,3,SYNTHETIC_DEMO_MAPPING,SYNTHETIC
2144.1401,SKL0037,Production Planning,RELEVANT,2,SYNTHETIC_DEMO_MAPPING,SYNTHETIC
2144.1401,SKL0035,Quality Control,RELEVANT,1,SYNTHETIC_DEMO_MAPPING,SYNTHETIC
2144.1401,SKL0094,Microsoft Excel,RELEVANT,2,SYNTHETIC_DEMO_MAPPING,SYNTHETIC
2144.1402,SKL0045,Battery Management Systems,RELEVANT,2,SYNTHETIC_DEMO_MAPPING,SYNTHETIC
2144.1402,SKL0050,Automotive CAD,RELEVANT,2,SYNTHETIC_DEMO_MAPPING,SYNTHETIC
2144.1402,SKL0046,EV Battery Maintenance,RELEVANT,3,SYNTHETIC_DEMO_MAPPING,SYNTHETIC
2144.99,SKL0040,Mechanical Assembly,RELEVANT,4,SYNTHETIC_DEMO_MAPPING,SYNTHETIC
2144.99,SKL0086,Inventory Management,RELEVANT,4,SYNTHETIC_DEMO_MAPPING,SYNTHETIC
2144.99,SKL0090,Logistics Planning,RELEVANT,4,SYNTHETIC_DEMO_MAPPING,SYNTHETIC
2145.01,SKL0055,Site Supervision,RELEVANT,3,SYNTHETIC_DEMO_MAPPING,SYNTHETIC
2145.01,SKL0093,Problem Solving,RELEVANT,3,SYNTHETIC_DEMO_MAPPING,SYNTHETIC
2145.01,SKL0040,Mechanical Assembly,RELEVANT,1,SYNTHETIC_DEMO_MAPPING,SYNTHETIC
2145.01,SKL0037,Production Planning,RELEVANT,2,SYNTHETIC_DEMO_MAPPING,SYNTHETIC
2145.02,SKL0092,Communication,RELEVANT,3,SYNTHETIC_DEMO_MAPPING,SYNTHETIC
2145.02,SKL0097,Team Management,RELEVANT,3,SYNTHETIC_DEMO_MAPPING,SYNTHETIC
2145.02,SKL0036,Lean Manufacturing,RELEVANT,3,SYNTHETIC_DEMO_MAPPING,SYNTHETIC
2145.03,SKL0033,Machine Maintenance,RELEVANT,3,SYNTHETIC_DEMO_MAPPING,SYNTHETIC
2145.03,SKL0094,Microsoft Excel,RELEVANT,3,SYNTHETIC_DEMO_MAPPING,SYNTHETIC
2145.04,SKL0034,Welding,RELEVANT,3,SYNTHETIC_DEMO_MAPPING,SYNTHETIC
2145.04,SKL0051,Service Operations,RELEVANT,1,SYNTHETIC_DEMO_MAPPING,SYNTHETIC
2145.04,SKL0032,CNC Operation,RELEVANT,4,SYNTHETIC_DEMO_MAPPING,SYNTHETIC
2145.04,SKL0045,Battery Management Systems,RELEVANT,2,SYNTHETIC_DEMO_MAPPING,SYNTHETIC
2145.04,SKL0031,CNC Programming,RELEVANT,2,SYNTHETIC_DEMO_MAPPING,SYNTHETIC
2145.05,SKL0032,CNC Operation,RELEVANT,4,SYNTHETIC_DEMO_MAPPING,SYNTHETIC
2145.05,SKL0095,Workplace Safety,RELEVANT,3,SYNTHETIC_DEMO_MAPPING,SYNTHETIC
2145.05,SKL0033,Machine Maintenance,RELEVANT,2,SYNTHETIC_DEMO_MAPPING,SYNTHETIC
2145.05,SKL0037,Production Planning,RELEVANT,3,SYNTHETIC_DEMO_MAPPING,SYNTHETIC
2145.05,SKL0093,Problem Solving,RELEVANT,2,SYNTHETIC_DEMO_MAPPING,SYNTHETIC
2145.06,SKL0036,Lean Manufacturing,RELEVANT,2,SYNTHETIC_DEMO_MAPPING,SYNTHETIC
2145.06,SKL0096,Digital Literacy,RELEVANT,4,SYNTHETIC_DEMO_MAPPING,SYNTHETIC
2145.06,SKL0098,English Communication,RELEVANT,1,SYNTHETIC_DEMO_MAPPING,SYNTHETIC
2145.07,SKL0097,Team Management,RELEVANT,1,SYNTHETIC_DEMO_MAPPING,SYNTHETIC
2145.07,SKL0064,Pharmacy Operations,RELEVANT,1,SYNTHETIC_DEMO_MAPPING,SYNTHETIC
2145.07,SKL0078,Farm Machinery,RELEVANT,3,SYNTHETIC_DEMO_MAPPING,SYNTHETIC
2145.07,SKL0038,CNC Turning,RELEVANT,4,SYNTHETIC_DEMO_MAPPING,SYNTHETIC
2145.08,SKL0096,Digital Literacy,RELEVANT,2,SYNTHETIC_DEMO_MAPPING,SYNTHETIC
2145.08,SKL0097,Team Management,RELEVANT,4,SYNTHETIC_DEMO_MAPPING,SYNTHETIC
2145.09,SKL0006,Next.js,RELEVANT,4,SYNTHETIC_DEMO_MAPPING,SYNTHETIC
2145.09,SKL0031,CNC Programming,RELEVANT,1,SYNTHETIC_DEMO_MAPPING,SYNTHETIC
2145.09,SKL0001,Python,RELEVANT,4,SYNTHETIC_DEMO_MAPPING,SYNTHETIC
2145.1,SKL0035,Quality Control,RELEVANT,2,SYNTHETIC_DEMO_MAPPING,SYNTHETIC
2145.1,SKL0037,Production Planning,RELEVANT,2,SYNTHETIC_DEMO_MAPPING,SYNTHETIC
2145.1,SKL0098,English Communication,RELEVANT,3,SYNTHETIC_DEMO_MAPPING,SYNTHETIC
2145.11,SKL0032,CNC Operation,RELEVANT,3,SYNTHETIC_DEMO_MAPPING,SYNTHETIC
2145.11,SKL0041,AutoCAD,RELEVANT,3,SYNTHETIC_DEMO_MAPPING,SYNTHETIC
2145.11,SKL0096,Digital Literacy,RELEVANT,2,SYNTHETIC_DEMO_MAPPING,SYNTHETIC
2145.11,SKL0097,Team Management,RELEVANT,4,SYNTHETIC_DEMO_MAPPING,SYNTHETIC
2145.12,SKL0004,TypeScript,RELEVANT,4,SYNTHETIC_DEMO_MAPPING,SYNTHETIC
2145.12,SKL0063,Clinical Documentation,RELEVANT,3,SYNTHETIC_DEMO_MAPPING,SYNTHETIC
2145.12,SKL0031,CNC Programming,RELEVANT,4,SYNTHETIC_DEMO_MAPPING,SYNTHETIC
2145.12,SKL0097,Team Management,RELEVANT,2,SYNTHETIC_DEMO_MAPPING,SYNTHETIC
2145.12,SKL0018,Cybersecurity,RELEVANT,2,SYNTHETIC_DEMO_MAPPING,SYNTHETIC
2145.13,SKL0040,Mechanical Assembly,RELEVANT,1,SYNTHETIC_DEMO_MAPPING,SYNTHETIC
2145.13,SKL0033,Machine Maintenance,RELEVANT,3,SYNTHETIC_DEMO_MAPPING,SYNTHETIC
2145.14,SKL0033,Machine Maintenance,RELEVANT,4,SYNTHETIC_DEMO_MAPPING,SYNTHETIC
2145.14,SKL0092,Communication,RELEVANT,4,SYNTHETIC_DEMO_MAPPING,SYNTHETIC
2145.14,SKL0036,Lean Manufacturing,RELEVANT,1,SYNTHETIC_DEMO_MAPPING,SYNTHETIC
2145.99,SKL0097,Team Management,RELEVANT,1,SYNTHETIC_DEMO_MAPPING,SYNTHETIC
2145.99,SKL0040,Mechanical Assembly,RELEVANT,1,SYNTHETIC_DEMO_MAPPING,SYNTHETIC
2146.01,SKL0003,JavaScript,RELEVANT,1,SYNTHETIC_DEMO_MAPPING,SYNTHETIC
2146.01,SKL0014,Azure,RELEVANT,2,SYNTHETIC_DEMO_MAPPING,SYNTHETIC
2146.02,SKL0097,Team Management,RELEVANT,2,SYNTHETIC_DEMO_MAPPING,SYNTHETIC
2146.02,SKL0094,Microsoft Excel,RELEVANT,3,SYNTHETIC_DEMO_MAPPING,SYNTHETIC
2146.02,SKL0093,Problem Solving,RELEVANT,2,SYNTHETIC_DEMO_MAPPING,SYNTHETIC
2146.02,SKL0096,Digital Literacy,RELEVANT,1,SYNTHETIC_DEMO_MAPPING,SYNTHETIC
2146.03,SKL0092,Communication,RELEVANT,1,SYNTHETIC_DEMO_MAPPING,SYNTHETIC
2146.03,SKL0093,Problem Solving,RELEVANT,4,SYNTHETIC_DEMO_MAPPING,SYNTHETIC
2146.03,SKL0096,Digital Literacy,RELEVANT,2,SYNTHETIC_DEMO_MAPPING,SYNTHETIC
2146.03,SKL0094,Microsoft Excel,RELEVANT,3,SYNTHETIC_DEMO_MAPPING,SYNTHETIC
2146.03,SKL0098,English Communication,RELEVANT,3,SYNTHETIC_DEMO_MAPPING,SYNTHETIC
2146.04,SKL0086,Inventory Management,RELEVANT,2,SYNTHETIC_DEMO_MAPPING,SYNTHETIC
2146.04,SKL0097,Team Management,RELEVANT,4,SYNTHETIC_DEMO_MAPPING,SYNTHETIC
2146.04,SKL0035,Quality Control,RELEVANT,2,SYNTHETIC_DEMO_MAPPING,SYNTHETIC
2146.04,SKL0088,Fleet Management,RELEVANT,1,SYNTHETIC_DEMO_MAPPING,SYNTHETIC
2146.04,SKL0014,Azure,RELEVANT,1,SYNTHETIC_DEMO_MAPPING,SYNTHETIC
2146.05,SKL0092,Communication,RELEVANT,1,SYNTHETIC_DEMO_MAPPING,SYNTHETIC
2146.05,SKL0095,Workplace Safety,RELEVANT,3,SYNTHETIC_DEMO_MAPPING,SYNTHETIC
2146.05,SKL0097,Team Management,RELEVANT,2,SYNTHETIC_DEMO_MAPPING,SYNTHETIC
2146.0501,SKL0026,IoT,RELEVANT,4,SYNTHETIC_DEMO_MAPPING,SYNTHETIC
2146.0501,SKL0031,CNC Programming,RELEVANT,2,SYNTHETIC_DEMO_MAPPING,SYNTHETIC
2146.0501,SKL0023,Embedded Systems,RELEVANT,2,SYNTHETIC_DEMO_MAPPING,SYNTHETIC
2146.0501,SKL0094,Microsoft Excel,RELEVANT,3,SYNTHETIC_DEMO_MAPPING,SYNTHETIC
2146.06,SKL0041,AutoCAD,RELEVANT,1,SYNTHETIC_DEMO_MAPPING,SYNTHETIC
2146.06,SKL0050,Automotive CAD,RELEVANT,3,SYNTHETIC_DEMO_MAPPING,SYNTHETIC
2146.06,SKL0094,Microsoft Excel,RELEVANT,1,SYNTHETIC_DEMO_MAPPING,SYNTHETIC
2146.99,SKL0043,Automotive Diagnostics,RELEVANT,2,SYNTHETIC_DEMO_MAPPING,SYNTHETIC
2146.99,SKL0046,EV Battery Maintenance,RELEVANT,4,SYNTHETIC_DEMO_MAPPING,SYNTHETIC
2146.99,SKL0096,Digital Literacy,RELEVANT,4,SYNTHETIC_DEMO_MAPPING,SYNTHETIC
2146.99,SKL0051,Service Operations,RELEVANT,1,SYNTHETIC_DEMO_MAPPING,SYNTHETIC
2146.99,SKL0094,Microsoft Excel,RELEVANT,2,SYNTHETIC_DEMO_MAPPING,SYNTHETIC
2149.01,SKL0040,Mechanical Assembly,RELEVANT,2,SYNTHETIC_DEMO_MAPPING,SYNTHETIC
2149.01,SKL0031,CNC Programming,RELEVANT,1,SYNTHETIC_DEMO_MAPPING,SYNTHETIC
2149.01,SKL0057,Civil Drafting,RELEVANT,3,SYNTHETIC_DEMO_MAPPING,SYNTHETIC
2149.01,SKL0037,Production Planning,RELEVANT,4,SYNTHETIC_DEMO_MAPPING,SYNTHETIC
2149.01,SKL0096,Digital Literacy,RELEVANT,1,SYNTHETIC_DEMO_MAPPING,SYNTHETIC
2151.01,SKL0028,Electrical Testing,RELEVANT,2,SYNTHETIC_DEMO_MAPPING,SYNTHETIC
2151.01,SKL0031,CNC Programming,RELEVANT,1,SYNTHETIC_DEMO_MAPPING,SYNTHETIC
2151.01,SKL0041,AutoCAD,RELEVANT,3,SYNTHETIC_DEMO_MAPPING,SYNTHETIC
2151.01,SKL0038,CNC Turning,RELEVANT,1,SYNTHETIC_DEMO_MAPPING,SYNTHETIC
2151.02,SKL0037,Production Planning,RELEVANT,4,SYNTHETIC_DEMO_MAPPING,SYNTHETIC
2151.02,SKL0022,SCADA,RELEVANT,1,SYNTHETIC_DEMO_MAPPING,SYNTHETIC
2151.0201,SKL0098,English Communication,RELEVANT,1,SYNTHETIC_DEMO_MAPPING,SYNTHETIC
2151.0201,SKL0097,Team Management,RELEVANT,2,SYNTHETIC_DEMO_MAPPING,SYNTHETIC
2151.0201,SKL0094,Microsoft Excel,RELEVANT,4,SYNTHETIC_DEMO_MAPPING,SYNTHETIC
2151.0202,SKL0002,Java,RELEVANT,3,SYNTHETIC_DEMO_MAPPING,SYNTHETIC
2151.0202,SKL0037,Production Planning,RELEVANT,1,SYNTHETIC_DEMO_MAPPING,SYNTHETIC
2151.03,SKL0087,Supply Chain Management,RELEVANT,2,SYNTHETIC_DEMO_MAPPING,SYNTHETIC
2151.03,SKL0056,Construction Safety,RELEVANT,1,SYNTHETIC_DEMO_MAPPING,SYNTHETIC
2151.04,SKL0097,Team Management,RELEVANT,3,SYNTHETIC_DEMO_MAPPING,SYNTHETIC
2151.04,SKL0056,Construction Safety,RELEVANT,4,SYNTHETIC_DEMO_MAPPING,SYNTHETIC
2151.04,SKL0027,Sensors,RELEVANT,3,SYNTHETIC_DEMO_MAPPING,SYNTHETIC
2151.0403,SKL0038,CNC Turning,RELEVANT,1,SYNTHETIC_DEMO_MAPPING,SYNTHETIC
2151.0403,SKL0032,CNC Operation,RELEVANT,1,SYNTHETIC_DEMO_MAPPING,SYNTHETIC
2151.0403,SKL0093,Problem Solving,RELEVANT,4,SYNTHETIC_DEMO_MAPPING,SYNTHETIC
2151.0403,SKL0037,Production Planning,RELEVANT,3,SYNTHETIC_DEMO_MAPPING,SYNTHETIC
2151.0404,SKL0096,Digital Literacy,RELEVANT,4,SYNTHETIC_DEMO_MAPPING,SYNTHETIC
2151.0404,SKL0093,Problem Solving,RELEVANT,1,SYNTHETIC_DEMO_MAPPING,SYNTHETIC
2151.0404,SKL0094,Microsoft Excel,RELEVANT,4,SYNTHETIC_DEMO_MAPPING,SYNTHETIC
2151.0601,SKL0093,Problem Solving,RELEVANT,4,SYNTHETIC_DEMO_MAPPING,SYNTHETIC
2151.0601,SKL0097,Team Management,RELEVANT,2,SYNTHETIC_DEMO_MAPPING,SYNTHETIC
2151.0602,SKL0040,Mechanical Assembly,RELEVANT,4,SYNTHETIC_DEMO_MAPPING,SYNTHETIC
2151.0602,SKL0004,TypeScript,RELEVANT,3,SYNTHETIC_DEMO_MAPPING,SYNTHETIC
2151.0602,SKL0017,Machine Learning,RELEVANT,2,SYNTHETIC_DEMO_MAPPING,SYNTHETIC
2151.0602,SKL0003,JavaScript,RELEVANT,4,SYNTHETIC_DEMO_MAPPING,SYNTHETIC
2151.0701,SKL0021,PLC,RELEVANT,4,SYNTHETIC_DEMO_MAPPING,SYNTHETIC
2151.0701,SKL0041,AutoCAD,RELEVANT,1,SYNTHETIC_DEMO_MAPPING,SYNTHETIC
2151.0701,SKL0098,English Communication,RELEVANT,2,SYNTHETIC_DEMO_MAPPING,SYNTHETIC
2151.0701,SKL0034,Welding,RELEVANT,4,SYNTHETIC_DEMO_MAPPING,SYNTHETIC
2151.99,SKL0096,Digital Literacy,RELEVANT,1,SYNTHETIC_DEMO_MAPPING,SYNTHETIC
2151.99,SKL0021,PLC,RELEVANT,1,SYNTHETIC_DEMO_MAPPING,SYNTHETIC
2151.99,SKL0026,IoT,RELEVANT,3,SYNTHETIC_DEMO_MAPPING,SYNTHETIC
2151.99,SKL0022,SCADA,RELEVANT,1,SYNTHETIC_DEMO_MAPPING,SYNTHETIC
2152.02,SKL0031,CNC Programming,RELEVANT,3,SYNTHETIC_DEMO_MAPPING,SYNTHETIC
2152.02,SKL0098,English Communication,RELEVANT,2,SYNTHETIC_DEMO_MAPPING,SYNTHETIC
2152.02,SKL0010,REST APIs,RELEVANT,3,SYNTHETIC_DEMO_MAPPING,SYNTHETIC
2152.02,SKL0033,Machine Maintenance,RELEVANT,3,SYNTHETIC_DEMO_MAPPING,SYNTHETIC
2152.02,SKL0035,Quality Control,RELEVANT,2,SYNTHETIC_DEMO_MAPPING,SYNTHETIC
2152.0301,SKL0010,REST APIs,RELEVANT,1,SYNTHETIC_DEMO_MAPPING,SYNTHETIC
2152.0301,SKL0094,Microsoft Excel,RELEVANT,1,SYNTHETIC_DEMO_MAPPING,SYNTHETIC
2152.04,SKL0086,Inventory Management,RELEVANT,1,SYNTHETIC_DEMO_MAPPING,SYNTHETIC
2152.04,SKL0096,Digital Literacy,RELEVANT,4,SYNTHETIC_DEMO_MAPPING,SYNTHETIC
2152.0501,SKL0006,Next.js,RELEVANT,4,SYNTHETIC_DEMO_MAPPING,SYNTHETIC
2152.0501,SKL0040,Mechanical Assembly,RELEVANT,1,SYNTHETIC_DEMO_MAPPING,SYNTHETIC
2152.0501,SKL0034,Welding,RELEVANT,2,SYNTHETIC_DEMO_MAPPING,SYNTHETIC
2152.0501,SKL0002,Java,RELEVANT,3,SYNTHETIC_DEMO_MAPPING,SYNTHETIC
2152.0501,SKL0020,Figma,RELEVANT,1,SYNTHETIC_DEMO_MAPPING,SYNTHETIC
2152.0502,SKL0093,Problem Solving,RELEVANT,1,SYNTHETIC_DEMO_MAPPING,SYNTHETIC
2152.0502,SKL0034,Welding,RELEVANT,4,SYNTHETIC_DEMO_MAPPING,SYNTHETIC
2152.0502,SKL0096,Digital Literacy,RELEVANT,3,SYNTHETIC_DEMO_MAPPING,SYNTHETIC
2152.0601,SKL0095,Workplace Safety,RELEVANT,1,SYNTHETIC_DEMO_MAPPING,SYNTHETIC
2152.0601,SKL0096,Digital Literacy,RELEVANT,1,SYNTHETIC_DEMO_MAPPING,SYNTHETIC
2152.0601,SKL0063,Clinical Documentation,RELEVANT,1,SYNTHETIC_DEMO_MAPPING,SYNTHETIC
2152.0601,SKL0094,Microsoft Excel,RELEVANT,4,SYNTHETIC_DEMO_MAPPING,SYNTHETIC
2152.0601,SKL0092,Communication,RELEVANT,2,SYNTHETIC_DEMO_MAPPING,SYNTHETIC
2152.0801,SKL0098,English Communication,RELEVANT,3,SYNTHETIC_DEMO_MAPPING,SYNTHETIC
2152.0801,SKL0020,Figma,RELEVANT,1,SYNTHETIC_DEMO_MAPPING,SYNTHETIC
2152.0901,SKL0017,Machine Learning,RELEVANT,1,SYNTHETIC_DEMO_MAPPING,SYNTHETIC
2152.0901,SKL0092,Communication,RELEVANT,3,SYNTHETIC_DEMO_MAPPING,SYNTHETIC
2152.0901,SKL0036,Lean Manufacturing,RELEVANT,4,SYNTHETIC_DEMO_MAPPING,SYNTHETIC
2152.0901,SKL0006,Next.js,RELEVANT,3,SYNTHETIC_DEMO_MAPPING,SYNTHETIC
2152.0901,SKL0032,CNC Operation,RELEVANT,3,SYNTHETIC_DEMO_MAPPING,SYNTHETIC
2152.0902,SKL0015,Power BI,RELEVANT,1,SYNTHETIC_DEMO_MAPPING,SYNTHETIC
2152.0902,SKL0001,Python,RELEVANT,1,SYNTHETIC_DEMO_MAPPING,SYNTHETIC
2152.0902,SKL0033,Machine Maintenance,RELEVANT,1,SYNTHETIC_DEMO_MAPPING,SYNTHETIC
2152.0902,SKL0009,PostgreSQL,RELEVANT,2,SYNTHETIC_DEMO_MAPPING,SYNTHETIC
2152.99,SKL0026,IoT,RELEVANT,2,SYNTHETIC_DEMO_MAPPING,SYNTHETIC
2152.99,SKL0098,English Communication,RELEVANT,1,SYNTHETIC_DEMO_MAPPING,SYNTHETIC
2152.99,SKL0025,Industrial Automation,RELEVANT,2,SYNTHETIC_DEMO_MAPPING,SYNTHETIC
2152.99,SKL0096,Digital Literacy,RELEVANT,1,SYNTHETIC_DEMO_MAPPING,SYNTHETIC
2152.99,SKL0027,Sensors,RELEVANT,4,SYNTHETIC_DEMO_MAPPING,SYNTHETIC
2153.01,SKL0027,Sensors,RELEVANT,3,SYNTHETIC_DEMO_MAPPING,SYNTHETIC
2153.01,SKL0032,CNC Operation,RELEVANT,2,SYNTHETIC_DEMO_MAPPING,SYNTHETIC
2153.01,SKL0026,IoT,RELEVANT,4,SYNTHETIC_DEMO_MAPPING,SYNTHETIC
2153.01,SKL0025,Industrial Automation,RELEVANT,1,SYNTHETIC_DEMO_MAPPING,SYNTHETIC
2153.01,SKL0029,Control Systems,RELEVANT,4,SYNTHETIC_DEMO_MAPPING,SYNTHETIC
2153.0101,SKL0092,Communication,RELEVANT,1,SYNTHETIC_DEMO_MAPPING,SYNTHETIC
2153.0101,SKL0010,REST APIs,RELEVANT,1,SYNTHETIC_DEMO_MAPPING,SYNTHETIC
2153.0101,SKL0011,Git,RELEVANT,3,SYNTHETIC_DEMO_MAPPING,SYNTHETIC
2153.0101,SKL0002,Java,RELEVANT,1,SYNTHETIC_DEMO_MAPPING,SYNTHETIC
2153.0101,SKL0012,Docker,RELEVANT,4,SYNTHETIC_DEMO_MAPPING,SYNTHETIC
2153.0102,SKL0072,Excel,RELEVANT,1,SYNTHETIC_DEMO_MAPPING,SYNTHETIC
2153.0102,SKL0012,Docker,RELEVANT,1,SYNTHETIC_DEMO_MAPPING,SYNTHETIC
2153.0102,SKL0049,Electric Motor Systems,RELEVANT,1,SYNTHETIC_DEMO_MAPPING,SYNTHETIC
2153.0102,SKL0011,Git,RELEVANT,4,SYNTHETIC_DEMO_MAPPING,SYNTHETIC
2153.0102,SKL0094,Microsoft Excel,RELEVANT,1,SYNTHETIC_DEMO_MAPPING,SYNTHETIC
2153.02,SKL0044,EV Systems,RELEVANT,3,SYNTHETIC_DEMO_MAPPING,SYNTHETIC
2153.02,SKL0059,Project Planning,RELEVANT,2,SYNTHETIC_DEMO_MAPPING,SYNTHETIC
2153.02,SKL0058,Surveying,RELEVANT,4,SYNTHETIC_DEMO_MAPPING,SYNTHETIC
2153.02,SKL0054,Quantity Surveying,RELEVANT,4,SYNTHETIC_DEMO_MAPPING,SYNTHETIC
2153.02,SKL0092,Communication,RELEVANT,1,SYNTHETIC_DEMO_MAPPING,SYNTHETIC
2153.03,SKL0028,Electrical Testing,RELEVANT,3,SYNTHETIC_DEMO_MAPPING,SYNTHETIC
2153.03,SKL0022,SCADA,RELEVANT,2,SYNTHETIC_DEMO_MAPPING,SYNTHETIC
2153.03,SKL0069,Tally,RELEVANT,1,SYNTHETIC_DEMO_MAPPING,SYNTHETIC
2153.03,SKL0044,EV Systems,RELEVANT,3,SYNTHETIC_DEMO_MAPPING,SYNTHETIC
2153.04,SKL0035,Quality Control,RELEVANT,1,SYNTHETIC_DEMO_MAPPING,SYNTHETIC
2153.04,SKL0050,Automotive CAD,RELEVANT,2,SYNTHETIC_DEMO_MAPPING,SYNTHETIC
2153.05,SKL0051,Service Operations,RELEVANT,1,SYNTHETIC_DEMO_MAPPING,SYNTHETIC
2153.05,SKL0080,Precision Agriculture,RELEVANT,1,SYNTHETIC_DEMO_MAPPING,SYNTHETIC
2153.0501,SKL0096,Digital Literacy,RELEVANT,3,SYNTHETIC_DEMO_MAPPING,SYNTHETIC
2153.0501,SKL0097,Team Management,RELEVANT,4,SYNTHETIC_DEMO_MAPPING,SYNTHETIC
2153.0501,SKL0094,Microsoft Excel,RELEVANT,3,SYNTHETIC_DEMO_MAPPING,SYNTHETIC
2153.0511,SKL0094,Microsoft Excel,RELEVANT,4,SYNTHETIC_DEMO_MAPPING,SYNTHETIC
2153.0511,SKL0095,Workplace Safety,RELEVANT,1,SYNTHETIC_DEMO_MAPPING,SYNTHETIC
2153.0511,SKL0035,Quality Control,RELEVANT,3,SYNTHETIC_DEMO_MAPPING,SYNTHETIC
2153.0601,SKL0007,Node.js,RELEVANT,2,SYNTHETIC_DEMO_MAPPING,SYNTHETIC
2153.0601,SKL0003,JavaScript,RELEVANT,4,SYNTHETIC_DEMO_MAPPING,SYNTHETIC
2153.99,SKL0095,Workplace Safety,RELEVANT,3,SYNTHETIC_DEMO_MAPPING,SYNTHETIC
2153.99,SKL0041,AutoCAD,RELEVANT,2,SYNTHETIC_DEMO_MAPPING,SYNTHETIC
2153.99,SKL0043,Automotive Diagnostics,RELEVANT,4,SYNTHETIC_DEMO_MAPPING,SYNTHETIC
2153.99,SKL0047,Vehicle Diagnostics,RELEVANT,2,SYNTHETIC_DEMO_MAPPING,SYNTHETIC
2161.01,SKL0095,Workplace Safety,RELEVANT,4,SYNTHETIC_DEMO_MAPPING,SYNTHETIC
2161.01,SKL0056,Construction Safety,RELEVANT,2,SYNTHETIC_DEMO_MAPPING,SYNTHETIC
2161.01,SKL0041,AutoCAD,RELEVANT,4,SYNTHETIC_DEMO_MAPPING,SYNTHETIC
2161.99,SKL0059,Project Planning,RELEVANT,1,SYNTHETIC_DEMO_MAPPING,SYNTHETIC
2161.99,SKL0060,Structural Analysis,RELEVANT,2,SYNTHETIC_DEMO_MAPPING,SYNTHETIC
2163.01,SKL0092,Communication,RELEVANT,4,SYNTHETIC_DEMO_MAPPING,SYNTHETIC
2163.01,SKL0068,Accounting,RELEVANT,3,SYNTHETIC_DEMO_MAPPING,SYNTHETIC
2163.01,SKL0072,Excel,RELEVANT,3,SYNTHETIC_DEMO_MAPPING,SYNTHETIC
2163.01,SKL0070,GST,RELEVANT,3,SYNTHETIC_DEMO_MAPPING,SYNTHETIC
2163.0201,SKL0094,Microsoft Excel,RELEVANT,1,SYNTHETIC_DEMO_MAPPING,SYNTHETIC
2163.0201,SKL0093,Problem Solving,RELEVANT,3,SYNTHETIC_DEMO_MAPPING,SYNTHETIC
2163.0201,SKL0039,CNC Milling,RELEVANT,3,SYNTHETIC_DEMO_MAPPING,SYNTHETIC
2163.0201,SKL0040,Mechanical Assembly,RELEVANT,4,SYNTHETIC_DEMO_MAPPING,SYNTHETIC
2163.0201,SKL0032,CNC Operation,RELEVANT,2,SYNTHETIC_DEMO_MAPPING,SYNTHETIC
2163.0301,SKL0034,Welding,RELEVANT,1,SYNTHETIC_DEMO_MAPPING,SYNTHETIC
2163.0301,SKL0041,AutoCAD,RELEVANT,2,SYNTHETIC_DEMO_MAPPING,SYNTHETIC
2163.0301,SKL0096,Digital Literacy,RELEVANT,3,SYNTHETIC_DEMO_MAPPING,SYNTHETIC
2163.04,SKL0026,IoT,RELEVANT,3,SYNTHETIC_DEMO_MAPPING,SYNTHETIC
2163.04,SKL0095,Workplace Safety,RELEVANT,2,SYNTHETIC_DEMO_MAPPING,SYNTHETIC
2163.05,SKL0097,Team Management,RELEVANT,4,SYNTHETIC_DEMO_MAPPING,SYNTHETIC
2163.05,SKL0034,Welding,RELEVANT,4,SYNTHETIC_DEMO_MAPPING,SYNTHETIC
2163.05,SKL0075,Sales,RELEVANT,4,SYNTHETIC_DEMO_MAPPING,SYNTHETIC
2163.06,SKL0095,Workplace Safety,RELEVANT,4,SYNTHETIC_DEMO_MAPPING,SYNTHETIC
2163.06,SKL0032,CNC Operation,RELEVANT,1,SYNTHETIC_DEMO_MAPPING,SYNTHETIC
2163.06,SKL0097,Team Management,RELEVANT,3,SYNTHETIC_DEMO_MAPPING,SYNTHETIC
2163.06,SKL0036,Lean Manufacturing,RELEVANT,4,SYNTHETIC_DEMO_MAPPING,SYNTHETIC
2164.01,SKL0002,Java,RELEVANT,3,SYNTHETIC_DEMO_MAPPING,SYNTHETIC
2164.01,SKL0020,Figma,RELEVANT,2,SYNTHETIC_DEMO_MAPPING,SYNTHETIC
2164.01,SKL0087,Supply Chain Management,RELEVANT,3,SYNTHETIC_DEMO_MAPPING,SYNTHETIC
2164.01,SKL0086,Inventory Management,RELEVANT,3,SYNTHETIC_DEMO_MAPPING,SYNTHETIC
2164.02,SKL0085,Warehouse Management,RELEVANT,3,SYNTHETIC_DEMO_MAPPING,SYNTHETIC
2164.02,SKL0012,Docker,RELEVANT,1,SYNTHETIC_DEMO_MAPPING,SYNTHETIC
2164.02,SKL0050,Automotive CAD,RELEVANT,1,SYNTHETIC_DEMO_MAPPING,SYNTHETIC
2165.01,SKL0002,Java,RELEVANT,4,SYNTHETIC_DEMO_MAPPING,SYNTHETIC
2165.01,SKL0093,Problem Solving,RELEVANT,3,SYNTHETIC_DEMO_MAPPING,SYNTHETIC
2165.01,SKL0094,Microsoft Excel,RELEVANT,3,SYNTHETIC_DEMO_MAPPING,SYNTHETIC
2165.02,SKL0058,Surveying,RELEVANT,3,SYNTHETIC_DEMO_MAPPING,SYNTHETIC
2165.02,SKL0023,Embedded Systems,RELEVANT,3,SYNTHETIC_DEMO_MAPPING,SYNTHETIC
2165.02,SKL0056,Construction Safety,RELEVANT,1,SYNTHETIC_DEMO_MAPPING,SYNTHETIC
2165.03,SKL0072,Excel,RELEVANT,3,SYNTHETIC_DEMO_MAPPING,SYNTHETIC
2165.03,SKL0092,Communication,RELEVANT,2,SYNTHETIC_DEMO_MAPPING,SYNTHETIC
2165.04,SKL0016,Data Analysis,RELEVANT,3,SYNTHETIC_DEMO_MAPPING,SYNTHETIC
2165.04,SKL0004,TypeScript,RELEVANT,4,SYNTHETIC_DEMO_MAPPING,SYNTHETIC
2165.04,SKL0015,Power BI,RELEVANT,3,SYNTHETIC_DEMO_MAPPING,SYNTHETIC
2165.04,SKL0011,Git,RELEVANT,4,SYNTHETIC_DEMO_MAPPING,SYNTHETIC
2165.05,SKL0023,Embedded Systems,RELEVANT,2,SYNTHETIC_DEMO_MAPPING,SYNTHETIC
2165.05,SKL0002,Java,RELEVANT,4,SYNTHETIC_DEMO_MAPPING,SYNTHETIC
2165.06,SKL0096,Digital Literacy,RELEVANT,4,SYNTHETIC_DEMO_MAPPING,SYNTHETIC
2165.06,SKL0097,Team Management,RELEVANT,2,SYNTHETIC_DEMO_MAPPING,SYNTHETIC
2165.99,SKL0041,AutoCAD,RELEVANT,2,SYNTHETIC_DEMO_MAPPING,SYNTHETIC
2165.99,SKL0095,Workplace Safety,RELEVANT,4,SYNTHETIC_DEMO_MAPPING,SYNTHETIC
2165.99,SKL0057,Civil Drafting,RELEVANT,3,SYNTHETIC_DEMO_MAPPING,SYNTHETIC
2165.99,SKL0055,Site Supervision,RELEVANT,2,SYNTHETIC_DEMO_MAPPING,SYNTHETIC
2166.01,SKL0092,Communication,RELEVANT,4,SYNTHETIC_DEMO_MAPPING,SYNTHETIC
2166.01,SKL0097,Team Management,RELEVANT,2,SYNTHETIC_DEMO_MAPPING,SYNTHETIC
2166.01,SKL0093,Problem Solving,RELEVANT,2,SYNTHETIC_DEMO_MAPPING,SYNTHETIC
2166.0111,SKL0040,Mechanical Assembly,RELEVANT,1,SYNTHETIC_DEMO_MAPPING,SYNTHETIC
2166.0111,SKL0033,Machine Maintenance,RELEVANT,4,SYNTHETIC_DEMO_MAPPING,SYNTHETIC
2166.0201,SKL0032,CNC Operation,RELEVANT,1,SYNTHETIC_DEMO_MAPPING,SYNTHETIC
2166.0201,SKL0039,CNC Milling,RELEVANT,4,SYNTHETIC_DEMO_MAPPING,SYNTHETIC
2166.0201,SKL0098,English Communication,RELEVANT,4,SYNTHETIC_DEMO_MAPPING,SYNTHETIC
2166.0202,SKL0031,CNC Programming,RELEVANT,1,SYNTHETIC_DEMO_MAPPING,SYNTHETIC
2166.0202,SKL0039,CNC Milling,RELEVANT,1,SYNTHETIC_DEMO_MAPPING,SYNTHETIC
2166.0203,SKL0011,Git,RELEVANT,1,SYNTHETIC_DEMO_MAPPING,SYNTHETIC
2166.0203,SKL0009,PostgreSQL,RELEVANT,3,SYNTHETIC_DEMO_MAPPING,SYNTHETIC
2166.0203,SKL0098,English Communication,RELEVANT,3,SYNTHETIC_DEMO_MAPPING,SYNTHETIC
2166.0203,SKL0094,Microsoft Excel,RELEVANT,2,SYNTHETIC_DEMO_MAPPING,SYNTHETIC
2166.0203,SKL0008,SQL,RELEVANT,4,SYNTHETIC_DEMO_MAPPING,SYNTHETIC
2166.0204,SKL0096,Digital Literacy,RELEVANT,4,SYNTHETIC_DEMO_MAPPING,SYNTHETIC
2166.0204,SKL0093,Problem Solving,RELEVANT,1,SYNTHETIC_DEMO_MAPPING,SYNTHETIC
2166.0205,SKL0096,Digital Literacy,RELEVANT,2,SYNTHETIC_DEMO_MAPPING,SYNTHETIC
2166.0205,SKL0038,CNC Turning,RELEVANT,4,SYNTHETIC_DEMO_MAPPING,SYNTHETIC
2166.0206,SKL0094,Microsoft Excel,RELEVANT,3,SYNTHETIC_DEMO_MAPPING,SYNTHETIC
2166.0206,SKL0035,Quality Control,RELEVANT,2,SYNTHETIC_DEMO_MAPPING,SYNTHETIC
2166.0206,SKL0096,Digital Literacy,RELEVANT,3,SYNTHETIC_DEMO_MAPPING,SYNTHETIC
2166.0206,SKL0097,Team Management,RELEVANT,1,SYNTHETIC_DEMO_MAPPING,SYNTHETIC
2166.0206,SKL0037,Production Planning,RELEVANT,3,SYNTHETIC_DEMO_MAPPING,SYNTHETIC
2166.0207,SKL0042,SolidWorks,RELEVANT,1,SYNTHETIC_DEMO_MAPPING,SYNTHETIC
2166.0207,SKL0096,Digital Literacy,RELEVANT,3,SYNTHETIC_DEMO_MAPPING,SYNTHETIC
2166.0207,SKL0035,Quality Control,RELEVANT,4,SYNTHETIC_DEMO_MAPPING,SYNTHETIC
2166.0208,SKL0038,CNC Turning,RELEVANT,4,SYNTHETIC_DEMO_MAPPING,SYNTHETIC
2166.0208,SKL0035,Quality Control,RELEVANT,1,SYNTHETIC_DEMO_MAPPING,SYNTHETIC
2166.0208,SKL0040,Mechanical Assembly,RELEVANT,2,SYNTHETIC_DEMO_MAPPING,SYNTHETIC
2166.0208,SKL0097,Team Management,RELEVANT,2,SYNTHETIC_DEMO_MAPPING,SYNTHETIC
2166.0208,SKL0096,Digital Literacy,RELEVANT,1,SYNTHETIC_DEMO_MAPPING,SYNTHETIC
2166.0209,SKL0094,Microsoft Excel,RELEVANT,4,SYNTHETIC_DEMO_MAPPING,SYNTHETIC
2166.0209,SKL0092,Communication,RELEVANT,2,SYNTHETIC_DEMO_MAPPING,SYNTHETIC
2166.0209,SKL0095,Workplace Safety,RELEVANT,4,SYNTHETIC_DEMO_MAPPING,SYNTHETIC
2166.0209,SKL0098,English Communication,RELEVANT,3,SYNTHETIC_DEMO_MAPPING,SYNTHETIC
2166.021,SKL0096,Digital Literacy,RELEVANT,2,SYNTHETIC_DEMO_MAPPING,SYNTHETIC
2166.021,SKL0092,Communication,RELEVANT,2,SYNTHETIC_DEMO_MAPPING,SYNTHETIC
2166.0211,SKL0094,Microsoft Excel,RELEVANT,2,SYNTHETIC_DEMO_MAPPING,SYNTHETIC
2166.0211,SKL0037,Production Planning,RELEVANT,3,SYNTHETIC_DEMO_MAPPING,SYNTHETIC
2166.0211,SKL0096,Digital Literacy,RELEVANT,2,SYNTHETIC_DEMO_MAPPING,SYNTHETIC
2166.0212,SKL0096,Digital Literacy,RELEVANT,1,SYNTHETIC_DEMO_MAPPING,SYNTHETIC
2166.0212,SKL0094,Microsoft Excel,RELEVANT,3,SYNTHETIC_DEMO_MAPPING,SYNTHETIC
2166.03,SKL0075,Sales,RELEVANT,2,SYNTHETIC_DEMO_MAPPING,SYNTHETIC
2166.03,SKL0069,Tally,RELEVANT,4,SYNTHETIC_DEMO_MAPPING,SYNTHETIC
2166.03,SKL0056,Construction Safety,RELEVANT,3,SYNTHETIC_DEMO_MAPPING,SYNTHETIC
2166.03,SKL0005,React,RELEVANT,4,SYNTHETIC_DEMO_MAPPING,SYNTHETIC
2166.03,SKL0044,EV Systems,RELEVANT,4,SYNTHETIC_DEMO_MAPPING,SYNTHETIC
2166.0401,SKL0094,Microsoft Excel,RELEVANT,4,SYNTHETIC_DEMO_MAPPING,SYNTHETIC
2166.0401,SKL0004,TypeScript,RELEVANT,3,SYNTHETIC_DEMO_MAPPING,SYNTHETIC
2166.0501,SKL0093,Problem Solving,RELEVANT,4,SYNTHETIC_DEMO_MAPPING,SYNTHETIC
2166.0501,SKL0098,English Communication,RELEVANT,3,SYNTHETIC_DEMO_MAPPING,SYNTHETIC
2166.0501,SKL0009,PostgreSQL,RELEVANT,3,SYNTHETIC_DEMO_MAPPING,SYNTHETIC
2166.0511,SKL0036,Lean Manufacturing,RELEVANT,1,SYNTHETIC_DEMO_MAPPING,SYNTHETIC
2166.0511,SKL0092,Communication,RELEVANT,3,SYNTHETIC_DEMO_MAPPING,SYNTHETIC
2166.0511,SKL0097,Team Management,RELEVANT,4,SYNTHETIC_DEMO_MAPPING,SYNTHETIC
2166.0511,SKL0038,CNC Turning,RELEVANT,3,SYNTHETIC_DEMO_MAPPING,SYNTHETIC
2166.0512,SKL0039,CNC Milling,RELEVANT,1,SYNTHETIC_DEMO_MAPPING,SYNTHETIC
2166.0512,SKL0031,CNC Programming,RELEVANT,4,SYNTHETIC_DEMO_MAPPING,SYNTHETIC
2166.0512,SKL0035,Quality Control,RELEVANT,1,SYNTHETIC_DEMO_MAPPING,SYNTHETIC
2166.0512,SKL0032,CNC Operation,RELEVANT,1,SYNTHETIC_DEMO_MAPPING,SYNTHETIC
2166.0512,SKL0037,Production Planning,RELEVANT,3,SYNTHETIC_DEMO_MAPPING,SYNTHETIC
2211.01,SKL0065,Laboratory Techniques,RELEVANT,3,SYNTHETIC_DEMO_MAPPING,SYNTHETIC
2211.01,SKL0097,Team Management,RELEVANT,2,SYNTHETIC_DEMO_MAPPING,SYNTHETIC
2211.02,SKL0097,Team Management,RELEVANT,3,SYNTHETIC_DEMO_MAPPING,SYNTHETIC
2211.02,SKL0096,Digital Literacy,RELEVANT,1,SYNTHETIC_DEMO_MAPPING,SYNTHETIC
2211.02,SKL0095,Workplace Safety,RELEVANT,1,SYNTHETIC_DEMO_MAPPING,SYNTHETIC
2211.02,SKL0093,Problem Solving,RELEVANT,3,SYNTHETIC_DEMO_MAPPING,SYNTHETIC
2211.02,SKL0094,Microsoft Excel,RELEVANT,1,SYNTHETIC_DEMO_MAPPING,SYNTHETIC
2211.03,SKL0095,Workplace Safety,RELEVANT,2,SYNTHETIC_DEMO_MAPPING,SYNTHETIC
2211.03,SKL0067,Healthcare Administration,RELEVANT,3,SYNTHETIC_DEMO_MAPPING,SYNTHETIC
2211.03,SKL0093,Problem Solving,RELEVANT,2,SYNTHETIC_DEMO_MAPPING,SYNTHETIC
2211.03,SKL0092,Communication,RELEVANT,1,SYNTHETIC_DEMO_MAPPING,SYNTHETIC
2211.04,SKL0093,Problem Solving,RELEVANT,1,SYNTHETIC_DEMO_MAPPING,SYNTHETIC
2211.04,SKL0092,Communication,RELEVANT,1,SYNTHETIC_DEMO_MAPPING,SYNTHETIC
2211.04,SKL0096,Digital Literacy,RELEVANT,1,SYNTHETIC_DEMO_MAPPING,SYNTHETIC
2211.04,SKL0095,Workplace Safety,RELEVANT,2,SYNTHETIC_DEMO_MAPPING,SYNTHETIC
2211.04,SKL0094,Microsoft Excel,RELEVANT,1,SYNTHETIC_DEMO_MAPPING,SYNTHETIC
2211.05,SKL0062,Medical Coding,RELEVANT,2,SYNTHETIC_DEMO_MAPPING,SYNTHETIC
2211.05,SKL0093,Problem Solving,RELEVANT,4,SYNTHETIC_DEMO_MAPPING,SYNTHETIC
2211.05,SKL0003,JavaScript,RELEVANT,1,SYNTHETIC_DEMO_MAPPING,SYNTHETIC
2211.99,SKL0096,Digital Literacy,RELEVANT,2,SYNTHETIC_DEMO_MAPPING,SYNTHETIC
2211.99,SKL0064,Pharmacy Operations,RELEVANT,2,SYNTHETIC_DEMO_MAPPING,SYNTHETIC
2211.99,SKL0095,Workplace Safety,RELEVANT,4,SYNTHETIC_DEMO_MAPPING,SYNTHETIC
2211.99,SKL0065,Laboratory Techniques,RELEVANT,2,SYNTHETIC_DEMO_MAPPING,SYNTHETIC
2212.01,SKL0062,Medical Coding,RELEVANT,2,SYNTHETIC_DEMO_MAPPING,SYNTHETIC
2212.01,SKL0061,Patient Care,RELEVANT,1,SYNTHETIC_DEMO_MAPPING,SYNTHETIC
2212.02,SKL0061,Patient Care,RELEVANT,1,SYNTHETIC_DEMO_MAPPING,SYNTHETIC
2212.02,SKL0063,Clinical Documentation,RELEVANT,3,SYNTHETIC_DEMO_MAPPING,SYNTHETIC
2212.02,SKL0004,TypeScript,RELEVANT,2,SYNTHETIC_DEMO_MAPPING,SYNTHETIC
2212.02,SKL0094,Microsoft Excel,RELEVANT,1,SYNTHETIC_DEMO_MAPPING,SYNTHETIC
2212.03,SKL0024,PCB Design,RELEVANT,2,SYNTHETIC_DEMO_MAPPING,SYNTHETIC
2212.03,SKL0065,Laboratory Techniques,RELEVANT,4,SYNTHETIC_DEMO_MAPPING,SYNTHETIC
2212.04,SKL0065,Laboratory Techniques,RELEVANT,4,SYNTHETIC_DEMO_MAPPING,SYNTHETIC
2212.04,SKL0098,English Communication,RELEVANT,2,SYNTHETIC_DEMO_MAPPING,SYNTHETIC
2212.04,SKL0067,Healthcare Administration,RELEVANT,2,SYNTHETIC_DEMO_MAPPING,SYNTHETIC
2212.04,SKL0095,Workplace Safety,RELEVANT,3,SYNTHETIC_DEMO_MAPPING,SYNTHETIC
2212.05,SKL0009,PostgreSQL,RELEVANT,3,SYNTHETIC_DEMO_MAPPING,SYNTHETIC
2212.05,SKL0015,Power BI,RELEVANT,3,SYNTHETIC_DEMO_MAPPING,SYNTHETIC
2212.05,SKL0001,Python,RELEVANT,2,SYNTHETIC_DEMO_MAPPING,SYNTHETIC
2212.06,SKL0027,Sensors,RELEVANT,1,SYNTHETIC_DEMO_MAPPING,SYNTHETIC
2212.06,SKL0021,PLC,RELEVANT,4,SYNTHETIC_DEMO_MAPPING,SYNTHETIC
2212.06,SKL0023,Embedded Systems,RELEVANT,4,SYNTHETIC_DEMO_MAPPING,SYNTHETIC
2212.06,SKL0041,AutoCAD,RELEVANT,1,SYNTHETIC_DEMO_MAPPING,SYNTHETIC
2212.06,SKL0037,Production Planning,RELEVANT,4,SYNTHETIC_DEMO_MAPPING,SYNTHETIC
2212.07,SKL0098,English Communication,RELEVANT,2,SYNTHETIC_DEMO_MAPPING,SYNTHETIC
2212.07,SKL0063,Clinical Documentation,RELEVANT,1,SYNTHETIC_DEMO_MAPPING,SYNTHETIC
2212.07,SKL0066,Medical Equipment Maintenance,RELEVANT,1,SYNTHETIC_DEMO_MAPPING,SYNTHETIC
2212.07,SKL0092,Communication,RELEVANT,4,SYNTHETIC_DEMO_MAPPING,SYNTHETIC
2212.08,SKL0061,Patient Care,RELEVANT,2,SYNTHETIC_DEMO_MAPPING,SYNTHETIC
2212.08,SKL0062,Medical Coding,RELEVANT,4,SYNTHETIC_DEMO_MAPPING,SYNTHETIC
2212.09,SKL0035,Quality Control,RELEVANT,4,SYNTHETIC_DEMO_MAPPING,SYNTHETIC
2212.09,SKL0093,Problem Solving,RELEVANT,2,SYNTHETIC_DEMO_MAPPING,SYNTHETIC
2212.09,SKL0037,Production Planning,RELEVANT,3,SYNTHETIC_DEMO_MAPPING,SYNTHETIC
2212.09,SKL0042,SolidWorks,RELEVANT,2,SYNTHETIC_DEMO_MAPPING,SYNTHETIC
2212.1,SKL0041,AutoCAD,RELEVANT,1,SYNTHETIC_DEMO_MAPPING,SYNTHETIC
2212.1,SKL0098,English Communication,RELEVANT,2,SYNTHETIC_DEMO_MAPPING,SYNTHETIC
2212.11,SKL0067,Healthcare Administration,RELEVANT,4,SYNTHETIC_DEMO_MAPPING,SYNTHETIC
2212.11,SKL0040,Mechanical Assembly,RELEVANT,3,SYNTHETIC_DEMO_MAPPING,SYNTHETIC
2212.11,SKL0096,Digital Literacy,RELEVANT,2,SYNTHETIC_DEMO_MAPPING,SYNTHETIC
2212.12,SKL0062,Medical Coding,RELEVANT,1,SYNTHETIC_DEMO_MAPPING,SYNTHETIC
2212.12,SKL0064,Pharmacy Operations,RELEVANT,3,SYNTHETIC_DEMO_MAPPING,SYNTHETIC
2212.12,SKL0065,Laboratory Techniques,RELEVANT,3,SYNTHETIC_DEMO_MAPPING,SYNTHETIC
2212.13,SKL0062,Medical Coding,RELEVANT,2,SYNTHETIC_DEMO_MAPPING,SYNTHETIC
2212.13,SKL0098,English Communication,RELEVANT,2,SYNTHETIC_DEMO_MAPPING,SYNTHETIC
2212.14,SKL0066,Medical Equipment Maintenance,RELEVANT,2,SYNTHETIC_DEMO_MAPPING,SYNTHETIC
2212.14,SKL0006,Next.js,RELEVANT,2,SYNTHETIC_DEMO_MAPPING,SYNTHETIC
2212.14,SKL0051,Service Operations,RELEVANT,2,SYNTHETIC_DEMO_MAPPING,SYNTHETIC
2212.14,SKL0048,Auto Electrical,RELEVANT,1,SYNTHETIC_DEMO_MAPPING,SYNTHETIC
2212.14,SKL0019,UI/UX Design,RELEVANT,2,SYNTHETIC_DEMO_MAPPING,SYNTHETIC
2212.15,SKL0038,CNC Turning,RELEVANT,3,SYNTHETIC_DEMO_MAPPING,SYNTHETIC
2212.15,SKL0032,CNC Operation,RELEVANT,4,SYNTHETIC_DEMO_MAPPING,SYNTHETIC
2212.15,SKL0036,Lean Manufacturing,RELEVANT,3,SYNTHETIC_DEMO_MAPPING,SYNTHETIC
2212.15,SKL0098,English Communication,RELEVANT,4,SYNTHETIC_DEMO_MAPPING,SYNTHETIC
2212.15,SKL0097,Team Management,RELEVANT,4,SYNTHETIC_DEMO_MAPPING,SYNTHETIC
2212.16,SKL0025,Industrial Automation,RELEVANT,2,SYNTHETIC_DEMO_MAPPING,SYNTHETIC
2212.16,SKL0036,Lean Manufacturing,RELEVANT,4,SYNTHETIC_DEMO_MAPPING,SYNTHETIC
2212.16,SKL0034,Welding,RELEVANT,4,SYNTHETIC_DEMO_MAPPING,SYNTHETIC
2212.16,SKL0062,Medical Coding,RELEVANT,4,SYNTHETIC_DEMO_MAPPING,SYNTHETIC
2212.16,SKL0094,Microsoft Excel,RELEVANT,1,SYNTHETIC_DEMO_MAPPING,SYNTHETIC
2212.17,SKL0096,Digital Literacy,RELEVANT,3,SYNTHETIC_DEMO_MAPPING,SYNTHETIC
2212.17,SKL0029,Control Systems,RELEVANT,3,SYNTHETIC_DEMO_MAPPING,SYNTHETIC
2212.17,SKL0064,Pharmacy Operations,RELEVANT,1,SYNTHETIC_DEMO_MAPPING,SYNTHETIC
2212.17,SKL0024,PCB Design,RELEVANT,3,SYNTHETIC_DEMO_MAPPING,SYNTHETIC
2212.18,SKL0094,Microsoft Excel,RELEVANT,3,SYNTHETIC_DEMO_MAPPING,SYNTHETIC
2212.18,SKL0095,Workplace Safety,RELEVANT,1,SYNTHETIC_DEMO_MAPPING,SYNTHETIC
2212.18,SKL0064,Pharmacy Operations,RELEVANT,1,SYNTHETIC_DEMO_MAPPING,SYNTHETIC
2212.18,SKL0061,Patient Care,RELEVANT,4,SYNTHETIC_DEMO_MAPPING,SYNTHETIC
2212.19,SKL0093,Problem Solving,RELEVANT,2,SYNTHETIC_DEMO_MAPPING,SYNTHETIC
2212.19,SKL0097,Team Management,RELEVANT,1,SYNTHETIC_DEMO_MAPPING,SYNTHETIC
2212.19,SKL0092,Communication,RELEVANT,2,SYNTHETIC_DEMO_MAPPING,SYNTHETIC
2212.99,SKL0039,CNC Milling,RELEVANT,1,SYNTHETIC_DEMO_MAPPING,SYNTHETIC
2212.99,SKL0092,Communication,RELEVANT,3,SYNTHETIC_DEMO_MAPPING,SYNTHETIC
2212.99,SKL0095,Workplace Safety,RELEVANT,1,SYNTHETIC_DEMO_MAPPING,SYNTHETIC
2212.99,SKL0042,SolidWorks,RELEVANT,4,SYNTHETIC_DEMO_MAPPING,SYNTHETIC
2212.99,SKL0066,Medical Equipment Maintenance,RELEVANT,2,SYNTHETIC_DEMO_MAPPING,SYNTHETIC
2221.01,SKL0097,Team Management,RELEVANT,4,SYNTHETIC_DEMO_MAPPING,SYNTHETIC
2221.01,SKL0067,Healthcare Administration,RELEVANT,4,SYNTHETIC_DEMO_MAPPING,SYNTHETIC
2221.01,SKL0063,Clinical Documentation,RELEVANT,3,SYNTHETIC_DEMO_MAPPING,SYNTHETIC
2221.99,SKL0062,Medical Coding,RELEVANT,3,SYNTHETIC_DEMO_MAPPING,SYNTHETIC
2221.99,SKL0063,Clinical Documentation,RELEVANT,4,SYNTHETIC_DEMO_MAPPING,SYNTHETIC
2221.99,SKL0096,Digital Literacy,RELEVANT,4,SYNTHETIC_DEMO_MAPPING,SYNTHETIC
2230.01,SKL0092,Communication,RELEVANT,2,SYNTHETIC_DEMO_MAPPING,SYNTHETIC
2230.01,SKL0041,AutoCAD,RELEVANT,4,SYNTHETIC_DEMO_MAPPING,SYNTHETIC
2230.01,SKL0040,Mechanical Assembly,RELEVANT,1,SYNTHETIC_DEMO_MAPPING,SYNTHETIC
2230.01,SKL0034,Welding,RELEVANT,2,SYNTHETIC_DEMO_MAPPING,SYNTHETIC
2230.01,SKL0098,English Communication,RELEVANT,3,SYNTHETIC_DEMO_MAPPING,SYNTHETIC
2230.02,SKL0063,Clinical Documentation,RELEVANT,3,SYNTHETIC_DEMO_MAPPING,SYNTHETIC
2230.02,SKL0097,Team Management,RELEVANT,4,SYNTHETIC_DEMO_MAPPING,SYNTHETIC
2230.02,SKL0095,Workplace Safety,RELEVANT,4,SYNTHETIC_DEMO_MAPPING,SYNTHETIC
2230.03,SKL0095,Workplace Safety,RELEVANT,3,SYNTHETIC_DEMO_MAPPING,SYNTHETIC
2230.03,SKL0092,Communication,RELEVANT,1,SYNTHETIC_DEMO_MAPPING,SYNTHETIC
2230.03,SKL0093,Problem Solving,RELEVANT,4,SYNTHETIC_DEMO_MAPPING,SYNTHETIC
2230.03,SKL0098,English Communication,RELEVANT,1,SYNTHETIC_DEMO_MAPPING,SYNTHETIC
2230.04,SKL0094,Microsoft Excel,RELEVANT,4,SYNTHETIC_DEMO_MAPPING,SYNTHETIC
2230.04,SKL0033,Machine Maintenance,RELEVANT,2,SYNTHETIC_DEMO_MAPPING,SYNTHETIC
2230.99,SKL0096,Digital Literacy,RELEVANT,3,SYNTHETIC_DEMO_MAPPING,SYNTHETIC
2230.99,SKL0092,Communication,RELEVANT,1,SYNTHETIC_DEMO_MAPPING,SYNTHETIC
2230.99,SKL0097,Team Management,RELEVANT,2,SYNTHETIC_DEMO_MAPPING,SYNTHETIC
2230.99,SKL0094,Microsoft Excel,RELEVANT,1,SYNTHETIC_DEMO_MAPPING,SYNTHETIC
2230.99,SKL0095,Workplace Safety,RELEVANT,2,SYNTHETIC_DEMO_MAPPING,SYNTHETIC
2240.01,SKL0036,Lean Manufacturing,RELEVANT,1,SYNTHETIC_DEMO_MAPPING,SYNTHETIC
2240.01,SKL0095,Workplace Safety,RELEVANT,2,SYNTHETIC_DEMO_MAPPING,SYNTHETIC
2240.01,SKL0042,SolidWorks,RELEVANT,2,SYNTHETIC_DEMO_MAPPING,SYNTHETIC
2240.01,SKL0034,Welding,RELEVANT,2,SYNTHETIC_DEMO_MAPPING,SYNTHETIC
2240.01,SKL0023,Embedded Systems,RELEVANT,2,SYNTHETIC_DEMO_MAPPING,SYNTHETIC
2240.04,SKL0063,Clinical Documentation,RELEVANT,4,SYNTHETIC_DEMO_MAPPING,SYNTHETIC
2240.04,SKL0095,Workplace Safety,RELEVANT,4,SYNTHETIC_DEMO_MAPPING,SYNTHETIC
2240.04,SKL0067,Healthcare Administration,RELEVANT,4,SYNTHETIC_DEMO_MAPPING,SYNTHETIC
2240.0501,SKL0024,PCB Design,RELEVANT,4,SYNTHETIC_DEMO_MAPPING,SYNTHETIC
2240.0501,SKL0030,AutoCAD Electrical,RELEVANT,1,SYNTHETIC_DEMO_MAPPING,SYNTHETIC
2240.0501,SKL0089,Forklift Operation,RELEVANT,2,SYNTHETIC_DEMO_MAPPING,SYNTHETIC
2240.0501,SKL0088,Fleet Management,RELEVANT,4,SYNTHETIC_DEMO_MAPPING,SYNTHETIC
2240.0502,SKL0064,Pharmacy Operations,RELEVANT,2,SYNTHETIC_DEMO_MAPPING,SYNTHETIC
2240.0502,SKL0025,Industrial Automation,RELEVANT,4,SYNTHETIC_DEMO_MAPPING,SYNTHETIC
2240.0502,SKL0030,AutoCAD Electrical,RELEVANT,4,SYNTHETIC_DEMO_MAPPING,SYNTHETIC
2240.0502,SKL0063,Clinical Documentation,RELEVANT,2,SYNTHETIC_DEMO_MAPPING,SYNTHETIC
2240.0502,SKL0021,PLC,RELEVANT,1,SYNTHETIC_DEMO_MAPPING,SYNTHETIC
2240.99,SKL0097,Team Management,RELEVANT,2,SYNTHETIC_DEMO_MAPPING,SYNTHETIC
2240.99,SKL0095,Workplace Safety,RELEVANT,3,SYNTHETIC_DEMO_MAPPING,SYNTHETIC
2240.99,SKL0045,Battery Management Systems,RELEVANT,3,SYNTHETIC_DEMO_MAPPING,SYNTHETIC
2240.99,SKL0050,Automotive CAD,RELEVANT,4,SYNTHETIC_DEMO_MAPPING,SYNTHETIC
2250.01,SKL0095,Workplace Safety,RELEVANT,4,SYNTHETIC_DEMO_MAPPING,SYNTHETIC
2250.01,SKL0093,Problem Solving,RELEVANT,4,SYNTHETIC_DEMO_MAPPING,SYNTHETIC
2250.01,SKL0097,Team Management,RELEVANT,3,SYNTHETIC_DEMO_MAPPING,SYNTHETIC
2250.01,SKL0096,Digital Literacy,RELEVANT,2,SYNTHETIC_DEMO_MAPPING,SYNTHETIC
2250.02,SKL0095,Workplace Safety,RELEVANT,1,SYNTHETIC_DEMO_MAPPING,SYNTHETIC
2250.02,SKL0097,Team Management,RELEVANT,4,SYNTHETIC_DEMO_MAPPING,SYNTHETIC
2250.02,SKL0098,English Communication,RELEVANT,4,SYNTHETIC_DEMO_MAPPING,SYNTHETIC
2250.02,SKL0094,Microsoft Excel,RELEVANT,4,SYNTHETIC_DEMO_MAPPING,SYNTHETIC
2250.03,SKL0093,Problem Solving,RELEVANT,2,SYNTHETIC_DEMO_MAPPING,SYNTHETIC
2250.03,SKL0097,Team Management,RELEVANT,2,SYNTHETIC_DEMO_MAPPING,SYNTHETIC
2250.03,SKL0098,English Communication,RELEVANT,1,SYNTHETIC_DEMO_MAPPING,SYNTHETIC
2250.03,SKL0096,Digital Literacy,RELEVANT,1,SYNTHETIC_DEMO_MAPPING,SYNTHETIC
2250.04,SKL0095,Workplace Safety,RELEVANT,1,SYNTHETIC_DEMO_MAPPING,SYNTHETIC
2250.04,SKL0092,Communication,RELEVANT,1,SYNTHETIC_DEMO_MAPPING,SYNTHETIC
2250.04,SKL0094,Microsoft Excel,RELEVANT,2,SYNTHETIC_DEMO_MAPPING,SYNTHETIC
2250.04,SKL0098,English Communication,RELEVANT,3,SYNTHETIC_DEMO_MAPPING,SYNTHETIC
2250.05,SKL0038,CNC Turning,RELEVANT,4,SYNTHETIC_DEMO_MAPPING,SYNTHETIC
2250.05,SKL0062,Medical Coding,RELEVANT,4,SYNTHETIC_DEMO_MAPPING,SYNTHETIC
2250.05,SKL0092,Communication,RELEVANT,2,SYNTHETIC_DEMO_MAPPING,SYNTHETIC
2250.05,SKL0042,SolidWorks,RELEVANT,1,SYNTHETIC_DEMO_MAPPING,SYNTHETIC
2250.05,SKL0033,Machine Maintenance,RELEVANT,1,SYNTHETIC_DEMO_MAPPING,SYNTHETIC
2250.06,SKL0096,Digital Literacy,RELEVANT,2,SYNTHETIC_DEMO_MAPPING,SYNTHETIC
2250.06,SKL0032,CNC Operation,RELEVANT,4,SYNTHETIC_DEMO_MAPPING,SYNTHETIC
2250.99,SKL0094,Microsoft Excel,RELEVANT,4,SYNTHETIC_DEMO_MAPPING,SYNTHETIC
2250.99,SKL0095,Workplace Safety,RELEVANT,4,SYNTHETIC_DEMO_MAPPING,SYNTHETIC
2250.99,SKL0092,Communication,RELEVANT,2,SYNTHETIC_DEMO_MAPPING,SYNTHETIC
2261.01,SKL0093,Problem Solving,RELEVANT,4,SYNTHETIC_DEMO_MAPPING,SYNTHETIC
2261.01,SKL0028,Electrical Testing,RELEVANT,1,SYNTHETIC_DEMO_MAPPING,SYNTHETIC
2261.02,SKL0098,English Communication,RELEVANT,3,SYNTHETIC_DEMO_MAPPING,SYNTHETIC
2261.02,SKL0061,Patient Care,RELEVANT,1,SYNTHETIC_DEMO_MAPPING,SYNTHETIC
2261.03,SKL0039,CNC Milling,RELEVANT,3,SYNTHETIC_DEMO_MAPPING,SYNTHETIC
2261.03,SKL0031,CNC Programming,RELEVANT,1,SYNTHETIC_DEMO_MAPPING,SYNTHETIC
2261.03,SKL0092,Communication,RELEVANT,4,SYNTHETIC_DEMO_MAPPING,SYNTHETIC
2261.03,SKL0038,CNC Turning,RELEVANT,1,SYNTHETIC_DEMO_MAPPING,SYNTHETIC
2261.03,SKL0040,Mechanical Assembly,RELEVANT,2,SYNTHETIC_DEMO_MAPPING,SYNTHETIC
2261.04,SKL0063,Clinical Documentation,RELEVANT,3,SYNTHETIC_DEMO_MAPPING,SYNTHETIC
2261.04,SKL0067,Healthcare Administration,RELEVANT,3,SYNTHETIC_DEMO_MAPPING,SYNTHETIC
2261.04,SKL0096,Digital Literacy,RELEVANT,3,SYNTHETIC_DEMO_MAPPING,SYNTHETIC
2261.05,SKL0098,English Communication,RELEVANT,2,SYNTHETIC_DEMO_MAPPING,SYNTHETIC
2261.05,SKL0094,Microsoft Excel,RELEVANT,3,SYNTHETIC_DEMO_MAPPING,SYNTHETIC
2261.05,SKL0096,Digital Literacy,RELEVANT,1,SYNTHETIC_DEMO_MAPPING,SYNTHETIC
2261.05,SKL0095,Workplace Safety,RELEVANT,1,SYNTHETIC_DEMO_MAPPING,SYNTHETIC
2261.06,SKL0032,CNC Operation,RELEVANT,4,SYNTHETIC_DEMO_MAPPING,SYNTHETIC
2261.06,SKL0049,Electric Motor Systems,RELEVANT,1,SYNTHETIC_DEMO_MAPPING,SYNTHETIC
2261.99,SKL0094,Microsoft Excel,RELEVANT,4,SYNTHETIC_DEMO_MAPPING,SYNTHETIC
2261.99,SKL0096,Digital Literacy,RELEVANT,2,SYNTHETIC_DEMO_MAPPING,SYNTHETIC
2261.99,SKL0092,Communication,RELEVANT,4,SYNTHETIC_DEMO_MAPPING,SYNTHETIC
2261.99,SKL0093,Problem Solving,RELEVANT,3,SYNTHETIC_DEMO_MAPPING,SYNTHETIC
2261.99,SKL0066,Medical Equipment Maintenance,RELEVANT,3,SYNTHETIC_DEMO_MAPPING,SYNTHETIC
2262.01,SKL0039,CNC Milling,RELEVANT,3,SYNTHETIC_DEMO_MAPPING,SYNTHETIC
2262.01,SKL0075,Sales,RELEVANT,2,SYNTHETIC_DEMO_MAPPING,SYNTHETIC
2262.0101,SKL0097,Team Management,RELEVANT,3,SYNTHETIC_DEMO_MAPPING,SYNTHETIC
2262.0101,SKL0094,Microsoft Excel,RELEVANT,1,SYNTHETIC_DEMO_MAPPING,SYNTHETIC
2262.0101,SKL0096,Digital Literacy,RELEVANT,1,SYNTHETIC_DEMO_MAPPING,SYNTHETIC
2262.0101,SKL0040,Mechanical Assembly,RELEVANT,2,SYNTHETIC_DEMO_MAPPING,SYNTHETIC
2263.01,SKL0050,Automotive CAD,RELEVANT,1,SYNTHETIC_DEMO_MAPPING,SYNTHETIC
2263.01,SKL0098,English Communication,RELEVANT,1,SYNTHETIC_DEMO_MAPPING,SYNTHETIC
2263.02,SKL0044,EV Systems,RELEVANT,4,SYNTHETIC_DEMO_MAPPING,SYNTHETIC
2263.02,SKL0047,Vehicle Diagnostics,RELEVANT,2,SYNTHETIC_DEMO_MAPPING,SYNTHETIC
2263.02,SKL0043,Automotive Diagnostics,RELEVANT,3,SYNTHETIC_DEMO_MAPPING,SYNTHETIC
2263.02,SKL0057,Civil Drafting,RELEVANT,4,SYNTHETIC_DEMO_MAPPING,SYNTHETIC
2263.02,SKL0066,Medical Equipment Maintenance,RELEVANT,4,SYNTHETIC_DEMO_MAPPING,SYNTHETIC
2263.99,SKL0065,Laboratory Techniques,RELEVANT,4,SYNTHETIC_DEMO_MAPPING,SYNTHETIC
2263.99,SKL0064,Pharmacy Operations,RELEVANT,2,SYNTHETIC_DEMO_MAPPING,SYNTHETIC
2263.99,SKL0097,Team Management,RELEVANT,1,SYNTHETIC_DEMO_MAPPING,SYNTHETIC
2264.01,SKL0025,Industrial Automation,RELEVANT,3,SYNTHETIC_DEMO_MAPPING,SYNTHETIC
2264.01,SKL0037,Production Planning,RELEVANT,3,SYNTHETIC_DEMO_MAPPING,SYNTHETIC
2264.02,SKL0096,Digital Literacy,RELEVANT,1,SYNTHETIC_DEMO_MAPPING,SYNTHETIC
2264.02,SKL0095,Workplace Safety,RELEVANT,1,SYNTHETIC_DEMO_MAPPING,SYNTHETIC
2264.02,SKL0093,Problem Solving,RELEVANT,2,SYNTHETIC_DEMO_MAPPING,SYNTHETIC
2264.02,SKL0094,Microsoft Excel,RELEVANT,1,SYNTHETIC_DEMO_MAPPING,SYNTHETIC
2264.02,SKL0097,Team Management,RELEVANT,2,SYNTHETIC_DEMO_MAPPING,SYNTHETIC
2264.03,SKL0021,PLC,RELEVANT,1,SYNTHETIC_DEMO_MAPPING,SYNTHETIC
2264.03,SKL0029,Control Systems,RELEVANT,4,SYNTHETIC_DEMO_MAPPING,SYNTHETIC
2264.03,SKL0097,Team Management,RELEVANT,3,SYNTHETIC_DEMO_MAPPING,SYNTHETIC
2264.04,SKL0096,Digital Literacy,RELEVANT,3,SYNTHETIC_DEMO_MAPPING,SYNTHETIC
2264.04,SKL0042,SolidWorks,RELEVANT,1,SYNTHETIC_DEMO_MAPPING,SYNTHETIC
2264.04,SKL0098,English Communication,RELEVANT,2,SYNTHETIC_DEMO_MAPPING,SYNTHETIC
2264.04,SKL0033,Machine Maintenance,RELEVANT,1,SYNTHETIC_DEMO_MAPPING,SYNTHETIC
2264.04,SKL0036,Lean Manufacturing,RELEVANT,2,SYNTHETIC_DEMO_MAPPING,SYNTHETIC
2264.0401,SKL0095,Workplace Safety,RELEVANT,1,SYNTHETIC_DEMO_MAPPING,SYNTHETIC
2264.0401,SKL0066,Medical Equipment Maintenance,RELEVANT,4,SYNTHETIC_DEMO_MAPPING,SYNTHETIC
2264.0401,SKL0096,Digital Literacy,RELEVANT,4,SYNTHETIC_DEMO_MAPPING,SYNTHETIC
2264.99,SKL0098,English Communication,RELEVANT,2,SYNTHETIC_DEMO_MAPPING,SYNTHETIC
2264.99,SKL0097,Team Management,RELEVANT,1,SYNTHETIC_DEMO_MAPPING,SYNTHETIC
2264.99,SKL0095,Workplace Safety,RELEVANT,2,SYNTHETIC_DEMO_MAPPING,SYNTHETIC
2264.99,SKL0092,Communication,RELEVANT,3,SYNTHETIC_DEMO_MAPPING,SYNTHETIC
2265.01,SKL0096,Digital Literacy,RELEVANT,4,SYNTHETIC_DEMO_MAPPING,SYNTHETIC
2265.01,SKL0097,Team Management,RELEVANT,2,SYNTHETIC_DEMO_MAPPING,SYNTHETIC
2265.01,SKL0061,Patient Care,RELEVANT,2,SYNTHETIC_DEMO_MAPPING,SYNTHETIC
2265.02,SKL0062,Medical Coding,RELEVANT,1,SYNTHETIC_DEMO_MAPPING,SYNTHETIC
2265.02,SKL0061,Patient Care,RELEVANT,1,SYNTHETIC_DEMO_MAPPING,SYNTHETIC
2265.0201,SKL0097,Team Management,RELEVANT,1,SYNTHETIC_DEMO_MAPPING,SYNTHETIC
2265.0201,SKL0096,Digital Literacy,RELEVANT,3,SYNTHETIC_DEMO_MAPPING,SYNTHETIC
2265.0201,SKL0094,Microsoft Excel,RELEVANT,4,SYNTHETIC_DEMO_MAPPING,SYNTHETIC
2265.0201,SKL0092,Communication,RELEVANT,4,SYNTHETIC_DEMO_MAPPING,SYNTHETIC
2265.0201,SKL0098,English Communication,RELEVANT,2,SYNTHETIC_DEMO_MAPPING,SYNTHETIC
2265.03,SKL0092,Communication,RELEVANT,4,SYNTHETIC_DEMO_MAPPING,SYNTHETIC
2265.03,SKL0098,English Communication,RELEVANT,3,SYNTHETIC_DEMO_MAPPING,SYNTHETIC
2265.99,SKL0095,Workplace Safety,RELEVANT,1,SYNTHETIC_DEMO_MAPPING,SYNTHETIC
2265.99,SKL0097,Team Management,RELEVANT,1,SYNTHETIC_DEMO_MAPPING,SYNTHETIC
2265.99,SKL0098,English Communication,RELEVANT,3,SYNTHETIC_DEMO_MAPPING,SYNTHETIC
2265.99,SKL0093,Problem Solving,RELEVANT,4,SYNTHETIC_DEMO_MAPPING,SYNTHETIC
2265.99,SKL0094,Microsoft Excel,RELEVANT,2,SYNTHETIC_DEMO_MAPPING,SYNTHETIC
2266.01,SKL0094,Microsoft Excel,RELEVANT,4,SYNTHETIC_DEMO_MAPPING,SYNTHETIC
2266.01,SKL0098,English Communication,RELEVANT,3,SYNTHETIC_DEMO_MAPPING,SYNTHETIC
2266.01,SKL0063,Clinical Documentation,RELEVANT,2,SYNTHETIC_DEMO_MAPPING,SYNTHETIC
2266.02,SKL0064,Pharmacy Operations,RELEVANT,3,SYNTHETIC_DEMO_MAPPING,SYNTHETIC
2266.02,SKL0062,Medical Coding,RELEVANT,4,SYNTHETIC_DEMO_MAPPING,SYNTHETIC
2266.02,SKL0097,Team Management,RELEVANT,2,SYNTHETIC_DEMO_MAPPING,SYNTHETIC
2266.02,SKL0063,Clinical Documentation,RELEVANT,2,SYNTHETIC_DEMO_MAPPING,SYNTHETIC
2266.02,SKL0094,Microsoft Excel,RELEVANT,4,SYNTHETIC_DEMO_MAPPING,SYNTHETIC
2266.03,SKL0008,SQL,RELEVANT,2,SYNTHETIC_DEMO_MAPPING,SYNTHETIC
2266.03,SKL0029,Control Systems,RELEVANT,1,SYNTHETIC_DEMO_MAPPING,SYNTHETIC
2266.03,SKL0020,Figma,RELEVANT,3,SYNTHETIC_DEMO_MAPPING,SYNTHETIC
2266.03,SKL0015,Power BI,RELEVANT,3,SYNTHETIC_DEMO_MAPPING,SYNTHETIC
2266.03,SKL0024,PCB Design,RELEVANT,3,SYNTHETIC_DEMO_MAPPING,SYNTHETIC
2266.0401,SKL0092,Communication,RELEVANT,4,SYNTHETIC_DEMO_MAPPING,SYNTHETIC
2266.0401,SKL0096,Digital Literacy,RELEVANT,4,SYNTHETIC_DEMO_MAPPING,SYNTHETIC
2266.0401,SKL0098,English Communication,RELEVANT,4,SYNTHETIC_DEMO_MAPPING,SYNTHETIC
2267.99,SKL0098,English Communication,RELEVANT,4,SYNTHETIC_DEMO_MAPPING,SYNTHETIC
2267.99,SKL0095,Workplace Safety,RELEVANT,3,SYNTHETIC_DEMO_MAPPING,SYNTHETIC
2267.99,SKL0092,Communication,RELEVANT,2,SYNTHETIC_DEMO_MAPPING,SYNTHETIC
2267.99,SKL0093,Problem Solving,RELEVANT,2,SYNTHETIC_DEMO_MAPPING,SYNTHETIC
2269.01,SKL0098,English Communication,RELEVANT,3,SYNTHETIC_DEMO_MAPPING,SYNTHETIC
2269.01,SKL0092,Communication,RELEVANT,2,SYNTHETIC_DEMO_MAPPING,SYNTHETIC
2269.01,SKL0094,Microsoft Excel,RELEVANT,4,SYNTHETIC_DEMO_MAPPING,SYNTHETIC
2269.01,SKL0093,Problem Solving,RELEVANT,1,SYNTHETIC_DEMO_MAPPING,SYNTHETIC
2269.02,SKL0066,Medical Equipment Maintenance,RELEVANT,1,SYNTHETIC_DEMO_MAPPING,SYNTHETIC
2269.02,SKL0095,Workplace Safety,RELEVANT,1,SYNTHETIC_DEMO_MAPPING,SYNTHETIC
2269.02,SKL0065,Laboratory Techniques,RELEVANT,1,SYNTHETIC_DEMO_MAPPING,SYNTHETIC
2269.02,SKL0094,Microsoft Excel,RELEVANT,4,SYNTHETIC_DEMO_MAPPING,SYNTHETIC
2269.02,SKL0093,Problem Solving,RELEVANT,4,SYNTHETIC_DEMO_MAPPING,SYNTHETIC
2269.03,SKL0042,SolidWorks,RELEVANT,4,SYNTHETIC_DEMO_MAPPING,SYNTHETIC
2269.03,SKL0036,Lean Manufacturing,RELEVANT,2,SYNTHETIC_DEMO_MAPPING,SYNTHETIC
2269.03,SKL0038,CNC Turning,RELEVANT,2,SYNTHETIC_DEMO_MAPPING,SYNTHETIC
2269.03,SKL0034,Welding,RELEVANT,1,SYNTHETIC_DEMO_MAPPING,SYNTHETIC
2269.04,SKL0098,English Communication,RELEVANT,2,SYNTHETIC_DEMO_MAPPING,SYNTHETIC
2269.04,SKL0062,Medical Coding,RELEVANT,3,SYNTHETIC_DEMO_MAPPING,SYNTHETIC
2269.04,SKL0065,Laboratory Techniques,RELEVANT,4,SYNTHETIC_DEMO_MAPPING,SYNTHETIC
2269.05,SKL0062,Medical Coding,RELEVANT,3,SYNTHETIC_DEMO_MAPPING,SYNTHETIC
2269.05,SKL0063,Clinical Documentation,RELEVANT,4,SYNTHETIC_DEMO_MAPPING,SYNTHETIC
2269.06,SKL0041,AutoCAD,RELEVANT,2,SYNTHETIC_DEMO_MAPPING,SYNTHETIC
2269.06,SKL0066,Medical Equipment Maintenance,RELEVANT,2,SYNTHETIC_DEMO_MAPPING,SYNTHETIC
2269.07,SKL0064,Pharmacy Operations,RELEVANT,2,SYNTHETIC_DEMO_MAPPING,SYNTHETIC
2269.07,SKL0028,Electrical Testing,RELEVANT,2,SYNTHETIC_DEMO_MAPPING,SYNTHETIC
2269.07,SKL0094,Microsoft Excel,RELEVANT,2,SYNTHETIC_DEMO_MAPPING,SYNTHETIC
2269.07,SKL0021,PLC,RELEVANT,3,SYNTHETIC_DEMO_MAPPING,SYNTHETIC
2269.07,SKL0065,Laboratory Techniques,RELEVANT,3,SYNTHETIC_DEMO_MAPPING,SYNTHETIC
2310.01,SKL0092,Communication,RELEVANT,3,SYNTHETIC_DEMO_MAPPING,SYNTHETIC
2310.01,SKL0094,Microsoft Excel,RELEVANT,2,SYNTHETIC_DEMO_MAPPING,SYNTHETIC
2310.01,SKL0096,Digital Literacy,RELEVANT,2,SYNTHETIC_DEMO_MAPPING,SYNTHETIC
2310.01,SKL0098,English Communication,RELEVANT,4,SYNTHETIC_DEMO_MAPPING,SYNTHETIC
2310.01,SKL0097,Team Management,RELEVANT,1,SYNTHETIC_DEMO_MAPPING,SYNTHETIC
2310.02,SKL0074,Digital Marketing,RELEVANT,1,SYNTHETIC_DEMO_MAPPING,SYNTHETIC
2310.02,SKL0075,Sales,RELEVANT,3,SYNTHETIC_DEMO_MAPPING,SYNTHETIC
2310.02,SKL0069,Tally,RELEVANT,1,SYNTHETIC_DEMO_MAPPING,SYNTHETIC
2310.02,SKL0095,Workplace Safety,RELEVANT,2,SYNTHETIC_DEMO_MAPPING,SYNTHETIC
2310.02,SKL0071,Financial Analysis,RELEVANT,4,SYNTHETIC_DEMO_MAPPING,SYNTHETIC
2310.03,SKL0097,Team Management,RELEVANT,1,SYNTHETIC_DEMO_MAPPING,SYNTHETIC
2310.03,SKL0095,Workplace Safety,RELEVANT,1,SYNTHETIC_DEMO_MAPPING,SYNTHETIC
2310.04,SKL0094,Microsoft Excel,RELEVANT,3,SYNTHETIC_DEMO_MAPPING,SYNTHETIC
2310.04,SKL0096,Digital Literacy,RELEVANT,3,SYNTHETIC_DEMO_MAPPING,SYNTHETIC
2310.05,SKL0095,Workplace Safety,RELEVANT,3,SYNTHETIC_DEMO_MAPPING,SYNTHETIC
2310.05,SKL0097,Team Management,RELEVANT,2,SYNTHETIC_DEMO_MAPPING,SYNTHETIC
2310.05,SKL0096,Digital Literacy,RELEVANT,3,SYNTHETIC_DEMO_MAPPING,SYNTHETIC
2310.05,SKL0093,Problem Solving,RELEVANT,2,SYNTHETIC_DEMO_MAPPING,SYNTHETIC
2310.05,SKL0098,English Communication,RELEVANT,1,SYNTHETIC_DEMO_MAPPING,SYNTHETIC
2310.06,SKL0093,Problem Solving,RELEVANT,3,SYNTHETIC_DEMO_MAPPING,SYNTHETIC
2310.06,SKL0095,Workplace Safety,RELEVANT,2,SYNTHETIC_DEMO_MAPPING,SYNTHETIC
2310.06,SKL0061,Patient Care,RELEVANT,1,SYNTHETIC_DEMO_MAPPING,SYNTHETIC
2310.06,SKL0078,Farm Machinery,RELEVANT,1,SYNTHETIC_DEMO_MAPPING,SYNTHETIC
2310.07,SKL0052,Two-Wheeler Service,RELEVANT,2,SYNTHETIC_DEMO_MAPPING,SYNTHETIC
2310.07,SKL0059,Project Planning,RELEVANT,4,SYNTHETIC_DEMO_MAPPING,SYNTHETIC
2310.07,SKL0051,Service Operations,RELEVANT,2,SYNTHETIC_DEMO_MAPPING,SYNTHETIC
2310.07,SKL0050,Automotive CAD,RELEVANT,1,SYNTHETIC_DEMO_MAPPING,SYNTHETIC
2310.08,SKL0010,REST APIs,RELEVANT,1,SYNTHETIC_DEMO_MAPPING,SYNTHETIC
2310.08,SKL0007,Node.js,RELEVANT,1,SYNTHETIC_DEMO_MAPPING,SYNTHETIC
2310.09,SKL0092,Communication,RELEVANT,1,SYNTHETIC_DEMO_MAPPING,SYNTHETIC
2310.09,SKL0065,Laboratory Techniques,RELEVANT,2,SYNTHETIC_DEMO_MAPPING,SYNTHETIC
2310.09,SKL0061,Patient Care,RELEVANT,3,SYNTHETIC_DEMO_MAPPING,SYNTHETIC
2310.1,SKL0067,Healthcare Administration,RELEVANT,4,SYNTHETIC_DEMO_MAPPING,SYNTHETIC
2310.1,SKL0096,Digital Literacy,RELEVANT,2,SYNTHETIC_DEMO_MAPPING,SYNTHETIC
2310.1,SKL0065,Laboratory Techniques,RELEVANT,2,SYNTHETIC_DEMO_MAPPING,SYNTHETIC
2310.1,SKL0064,Pharmacy Operations,RELEVANT,4,SYNTHETIC_DEMO_MAPPING,SYNTHETIC
2310.11,SKL0096,Digital Literacy,RELEVANT,3,SYNTHETIC_DEMO_MAPPING,SYNTHETIC
2310.11,SKL0081,Irrigation Management,RELEVANT,2,SYNTHETIC_DEMO_MAPPING,SYNTHETIC
2310.11,SKL0078,Farm Machinery,RELEVANT,4,SYNTHETIC_DEMO_MAPPING,SYNTHETIC
2310.11,SKL0064,Pharmacy Operations,RELEVANT,3,SYNTHETIC_DEMO_MAPPING,SYNTHETIC
2310.11,SKL0066,Medical Equipment Maintenance,RELEVANT,4,SYNTHETIC_DEMO_MAPPING,SYNTHETIC
2310.12,SKL0096,Digital Literacy,RELEVANT,3,SYNTHETIC_DEMO_MAPPING,SYNTHETIC
2310.12,SKL0098,English Communication,RELEVANT,1,SYNTHETIC_DEMO_MAPPING,SYNTHETIC
2310.99,SKL0095,Workplace Safety,RELEVANT,3,SYNTHETIC_DEMO_MAPPING,SYNTHETIC
2310.99,SKL0096,Digital Literacy,RELEVANT,1,SYNTHETIC_DEMO_MAPPING,SYNTHETIC
2310.99,SKL0093,Problem Solving,RELEVANT,1,SYNTHETIC_DEMO_MAPPING,SYNTHETIC
2320.0101,SKL0093,Problem Solving,RELEVANT,2,SYNTHETIC_DEMO_MAPPING,SYNTHETIC
2320.0101,SKL0094,Microsoft Excel,RELEVANT,3,SYNTHETIC_DEMO_MAPPING,SYNTHETIC
2320.0101,SKL0097,Team Management,RELEVANT,1,SYNTHETIC_DEMO_MAPPING,SYNTHETIC
2320.0101,SKL0098,English Communication,RELEVANT,2,SYNTHETIC_DEMO_MAPPING,SYNTHETIC
2320.0101,SKL0092,Communication,RELEVANT,2,SYNTHETIC_DEMO_MAPPING,SYNTHETIC
2320.0102,SKL0096,Digital Literacy,RELEVANT,4,SYNTHETIC_DEMO_MAPPING,SYNTHETIC
2320.0102,SKL0098,English Communication,RELEVANT,1,SYNTHETIC_DEMO_MAPPING,SYNTHETIC
2320.0102,SKL0097,Team Management,RELEVANT,1,SYNTHETIC_DEMO_MAPPING,SYNTHETIC
2330.01,SKL0091,Route Planning,RELEVANT,3,SYNTHETIC_DEMO_MAPPING,SYNTHETIC
2330.01,SKL0092,Communication,RELEVANT,2,SYNTHETIC_DEMO_MAPPING,SYNTHETIC
2330.01,SKL0086,Inventory Management,RELEVANT,4,SYNTHETIC_DEMO_MAPPING,SYNTHETIC
2330.01,SKL0085,Warehouse Management,RELEVANT,1,SYNTHETIC_DEMO_MAPPING,SYNTHETIC
2330.01,SKL0095,Workplace Safety,RELEVANT,3,SYNTHETIC_DEMO_MAPPING,SYNTHETIC
2330.02,SKL0089,Forklift Operation,RELEVANT,2,SYNTHETIC_DEMO_MAPPING,SYNTHETIC
2330.02,SKL0085,Warehouse Management,RELEVANT,1,SYNTHETIC_DEMO_MAPPING,SYNTHETIC
2330.03,SKL0072,Excel,RELEVANT,4,SYNTHETIC_DEMO_MAPPING,SYNTHETIC
2330.03,SKL0097,Team Management,RELEVANT,3,SYNTHETIC_DEMO_MAPPING,SYNTHETIC
2330.03,SKL0095,Workplace Safety,RELEVANT,4,SYNTHETIC_DEMO_MAPPING,SYNTHETIC
2330.04,SKL0096,Digital Literacy,RELEVANT,4,SYNTHETIC_DEMO_MAPPING,SYNTHETIC
2330.04,SKL0097,Team Management,RELEVANT,2,SYNTHETIC_DEMO_MAPPING,SYNTHETIC
2330.04,SKL0093,Problem Solving,RELEVANT,1,SYNTHETIC_DEMO_MAPPING,SYNTHETIC
2330.04,SKL0095,Workplace Safety,RELEVANT,3,SYNTHETIC_DEMO_MAPPING,SYNTHETIC
2330.04,SKL0098,English Communication,RELEVANT,3,SYNTHETIC_DEMO_MAPPING,SYNTHETIC
2330.99,SKL0098,English Communication,RELEVANT,3,SYNTHETIC_DEMO_MAPPING,SYNTHETIC
2330.99,SKL0092,Communication,RELEVANT,4,SYNTHETIC_DEMO_MAPPING,SYNTHETIC
2330.99,SKL0096,Digital Literacy,RELEVANT,4,SYNTHETIC_DEMO_MAPPING,SYNTHETIC
2341.01,SKL0094,Microsoft Excel,RELEVANT,4,SYNTHETIC_DEMO_MAPPING,SYNTHETIC
2341.01,SKL0095,Workplace Safety,RELEVANT,4,SYNTHETIC_DEMO_MAPPING,SYNTHETIC
2341.02,SKL0092,Communication,RELEVANT,2,SYNTHETIC_DEMO_MAPPING,SYNTHETIC
2341.02,SKL0094,Microsoft Excel,RELEVANT,3,SYNTHETIC_DEMO_MAPPING,SYNTHETIC
2341.02,SKL0097,Team Management,RELEVANT,2,SYNTHETIC_DEMO_MAPPING,SYNTHETIC
2341.02,SKL0095,Workplace Safety,RELEVANT,1,SYNTHETIC_DEMO_MAPPING,SYNTHETIC
2341.04,SKL0097,Team Management,RELEVANT,3,SYNTHETIC_DEMO_MAPPING,SYNTHETIC
2341.04,SKL0092,Communication,RELEVANT,1,SYNTHETIC_DEMO_MAPPING,SYNTHETIC
2341.99,SKL0094,Microsoft Excel,RELEVANT,3,SYNTHETIC_DEMO_MAPPING,SYNTHETIC
2341.99,SKL0095,Workplace Safety,RELEVANT,4,SYNTHETIC_DEMO_MAPPING,SYNTHETIC
2342.01,SKL0064,Pharmacy Operations,RELEVANT,3,SYNTHETIC_DEMO_MAPPING,SYNTHETIC
2342.01,SKL0070,GST,RELEVANT,4,SYNTHETIC_DEMO_MAPPING,SYNTHETIC
2342.01,SKL0061,Patient Care,RELEVANT,1,SYNTHETIC_DEMO_MAPPING,SYNTHETIC
2342.01,SKL0092,Communication,RELEVANT,1,SYNTHETIC_DEMO_MAPPING,SYNTHETIC
2342.99,SKL0095,Workplace Safety,RELEVANT,1,SYNTHETIC_DEMO_MAPPING,SYNTHETIC
2342.99,SKL0094,Microsoft Excel,RELEVANT,2,SYNTHETIC_DEMO_MAPPING,SYNTHETIC
2342.99,SKL0093,Problem Solving,RELEVANT,4,SYNTHETIC_DEMO_MAPPING,SYNTHETIC
2342.99,SKL0097,Team Management,RELEVANT,4,SYNTHETIC_DEMO_MAPPING,SYNTHETIC
2351.01,SKL0097,Team Management,RELEVANT,4,SYNTHETIC_DEMO_MAPPING,SYNTHETIC
2351.01,SKL0094,Microsoft Excel,RELEVANT,1,SYNTHETIC_DEMO_MAPPING,SYNTHETIC
2351.99,SKL0096,Digital Literacy,RELEVANT,1,SYNTHETIC_DEMO_MAPPING,SYNTHETIC
2351.99,SKL0095,Workplace Safety,RELEVANT,1,SYNTHETIC_DEMO_MAPPING,SYNTHETIC
2352.01,SKL0098,English Communication,RELEVANT,4,SYNTHETIC_DEMO_MAPPING,SYNTHETIC
2352.01,SKL0096,Digital Literacy,RELEVANT,2,SYNTHETIC_DEMO_MAPPING,SYNTHETIC
2352.02,SKL0022,SCADA,RELEVANT,3,SYNTHETIC_DEMO_MAPPING,SYNTHETIC
2352.02,SKL0092,Communication,RELEVANT,1,SYNTHETIC_DEMO_MAPPING,SYNTHETIC
2352.03,SKL0095,Workplace Safety,RELEVANT,2,SYNTHETIC_DEMO_MAPPING,SYNTHETIC
2352.03,SKL0094,Microsoft Excel,RELEVANT,3,SYNTHETIC_DEMO_MAPPING,SYNTHETIC
2352.04,SKL0098,English Communication,RELEVANT,1,SYNTHETIC_DEMO_MAPPING,SYNTHETIC
2352.04,SKL0066,Medical Equipment Maintenance,RELEVANT,1,SYNTHETIC_DEMO_MAPPING,SYNTHETIC
2352.04,SKL0063,Clinical Documentation,RELEVANT,4,SYNTHETIC_DEMO_MAPPING,SYNTHETIC
2352.04,SKL0065,Laboratory Techniques,RELEVANT,3,SYNTHETIC_DEMO_MAPPING,SYNTHETIC
2352.99,SKL0093,Problem Solving,RELEVANT,2,SYNTHETIC_DEMO_MAPPING,SYNTHETIC
2352.99,SKL0097,Team Management,RELEVANT,3,SYNTHETIC_DEMO_MAPPING,SYNTHETIC
2352.99,SKL0094,Microsoft Excel,RELEVANT,2,SYNTHETIC_DEMO_MAPPING,SYNTHETIC
2355.01,SKL0096,Digital Literacy,RELEVANT,2,SYNTHETIC_DEMO_MAPPING,SYNTHETIC
2355.01,SKL0094,Microsoft Excel,RELEVANT,2,SYNTHETIC_DEMO_MAPPING,SYNTHETIC
2355.01,SKL0097,Team Management,RELEVANT,2,SYNTHETIC_DEMO_MAPPING,SYNTHETIC
2355.01,SKL0092,Communication,RELEVANT,3,SYNTHETIC_DEMO_MAPPING,SYNTHETIC
2355.01,SKL0095,Workplace Safety,RELEVANT,1,SYNTHETIC_DEMO_MAPPING,SYNTHETIC
2355.99,SKL0095,Workplace Safety,RELEVANT,3,SYNTHETIC_DEMO_MAPPING,SYNTHETIC
2355.99,SKL0097,Team Management,RELEVANT,4,SYNTHETIC_DEMO_MAPPING,SYNTHETIC
2356.01,SKL0098,English Communication,RELEVANT,1,SYNTHETIC_DEMO_MAPPING,SYNTHETIC
2356.01,SKL0049,Electric Motor Systems,RELEVANT,4,SYNTHETIC_DEMO_MAPPING,SYNTHETIC
2356.01,SKL0050,Automotive CAD,RELEVANT,4,SYNTHETIC_DEMO_MAPPING,SYNTHETIC
2356.01,SKL0047,Vehicle Diagnostics,RELEVANT,4,SYNTHETIC_DEMO_MAPPING,SYNTHETIC
2356.0301,SKL0072,Excel,RELEVANT,3,SYNTHETIC_DEMO_MAPPING,SYNTHETIC
2356.0301,SKL0043,Automotive Diagnostics,RELEVANT,2,SYNTHETIC_DEMO_MAPPING,SYNTHETIC
2356.99,SKL0015,Power BI,RELEVANT,2,SYNTHETIC_DEMO_MAPPING,SYNTHETIC
2356.99,SKL0016,Data Analysis,RELEVANT,2,SYNTHETIC_DEMO_MAPPING,SYNTHETIC
2356.99,SKL0008,SQL,RELEVANT,3,SYNTHETIC_DEMO_MAPPING,SYNTHETIC
2356.99,SKL0093,Problem Solving,RELEVANT,4,SYNTHETIC_DEMO_MAPPING,SYNTHETIC
2359.01,SKL0093,Problem Solving,RELEVANT,1,SYNTHETIC_DEMO_MAPPING,SYNTHETIC
2359.01,SKL0092,Communication,RELEVANT,1,SYNTHETIC_DEMO_MAPPING,SYNTHETIC
2359.01,SKL0096,Digital Literacy,RELEVANT,1,SYNTHETIC_DEMO_MAPPING,SYNTHETIC
2359.01,SKL0097,Team Management,RELEVANT,1,SYNTHETIC_DEMO_MAPPING,SYNTHETIC
2359.01,SKL0098,English Communication,RELEVANT,3,SYNTHETIC_DEMO_MAPPING,SYNTHETIC
2411.01,SKL0070,GST,RELEVANT,4,SYNTHETIC_DEMO_MAPPING,SYNTHETIC
2411.01,SKL0095,Workplace Safety,RELEVANT,3,SYNTHETIC_DEMO_MAPPING,SYNTHETIC
2411.01,SKL0072,Excel,RELEVANT,1,SYNTHETIC_DEMO_MAPPING,SYNTHETIC
2411.01,SKL0033,Machine Maintenance,RELEVANT,2,SYNTHETIC_DEMO_MAPPING,SYNTHETIC
2411.01,SKL0041,AutoCAD,RELEVANT,3,SYNTHETIC_DEMO_MAPPING,SYNTHETIC
2411.0101,SKL0077,Supply Chain,RELEVANT,2,SYNTHETIC_DEMO_MAPPING,SYNTHETIC
2411.0101,SKL0097,Team Management,RELEVANT,4,SYNTHETIC_DEMO_MAPPING,SYNTHETIC
2411.02,SKL0075,Sales,RELEVANT,1,SYNTHETIC_DEMO_MAPPING,SYNTHETIC
2411.02,SKL0096,Digital Literacy,RELEVANT,1,SYNTHETIC_DEMO_MAPPING,SYNTHETIC
2411.0201,SKL0077,Supply Chain,RELEVANT,1,SYNTHETIC_DEMO_MAPPING,SYNTHETIC
2411.0201,SKL0073,Business Analysis,RELEVANT,1,SYNTHETIC_DEMO_MAPPING,SYNTHETIC
2411.0201,SKL0071,Financial Analysis,RELEVANT,1,SYNTHETIC_DEMO_MAPPING,SYNTHETIC
2411.0201,SKL0096,Digital Literacy,RELEVANT,3,SYNTHETIC_DEMO_MAPPING,SYNTHETIC
2411.0201,SKL0094,Microsoft Excel,RELEVANT,1,SYNTHETIC_DEMO_MAPPING,SYNTHETIC
2411.03,SKL0051,Service Operations,RELEVANT,2,SYNTHETIC_DEMO_MAPPING,SYNTHETIC
2411.03,SKL0041,AutoCAD,RELEVANT,4,SYNTHETIC_DEMO_MAPPING,SYNTHETIC
2411.03,SKL0072,Excel,RELEVANT,1,SYNTHETIC_DEMO_MAPPING,SYNTHETIC
2411.03,SKL0037,Production Planning,RELEVANT,4,SYNTHETIC_DEMO_MAPPING,SYNTHETIC
2412.01,SKL0098,English Communication,RELEVANT,4,SYNTHETIC_DEMO_MAPPING,SYNTHETIC
2412.01,SKL0068,Accounting,RELEVANT,3,SYNTHETIC_DEMO_MAPPING,SYNTHETIC
2412.01,SKL0074,Digital Marketing,RELEVANT,3,SYNTHETIC_DEMO_MAPPING,SYNTHETIC
2412.02,SKL0003,JavaScript,RELEVANT,4,SYNTHETIC_DEMO_MAPPING,SYNTHETIC
2412.02,SKL0072,Excel,RELEVANT,2,SYNTHETIC_DEMO_MAPPING,SYNTHETIC
2412.03,SKL0008,SQL,RELEVANT,3,SYNTHETIC_DEMO_MAPPING,SYNTHETIC
2412.03,SKL0076,Customer Service,RELEVANT,3,SYNTHETIC_DEMO_MAPPING,SYNTHETIC
2412.03,SKL0095,Workplace Safety,RELEVANT,2,SYNTHETIC_DEMO_MAPPING,SYNTHETIC
2412.03,SKL0071,Financial Analysis,RELEVANT,3,SYNTHETIC_DEMO_MAPPING,SYNTHETIC
2412.03,SKL0005,React,RELEVANT,4,SYNTHETIC_DEMO_MAPPING,SYNTHETIC
2412.04,SKL0097,Team Management,RELEVANT,2,SYNTHETIC_DEMO_MAPPING,SYNTHETIC
2412.04,SKL0096,Digital Literacy,RELEVANT,1,SYNTHETIC_DEMO_MAPPING,SYNTHETIC
2412.04,SKL0071,Financial Analysis,RELEVANT,3,SYNTHETIC_DEMO_MAPPING,SYNTHETIC
2412.0501,SKL0048,Auto Electrical,RELEVANT,2,SYNTHETIC_DEMO_MAPPING,SYNTHETIC
2412.0501,SKL0050,Automotive CAD,RELEVANT,4,SYNTHETIC_DEMO_MAPPING,SYNTHETIC
2412.0501,SKL0082,Post-Harvest Management,RELEVANT,4,SYNTHETIC_DEMO_MAPPING,SYNTHETIC
2412.0501,SKL0094,Microsoft Excel,RELEVANT,3,SYNTHETIC_DEMO_MAPPING,SYNTHETIC
2412.06,SKL0098,English Communication,RELEVANT,4,SYNTHETIC_DEMO_MAPPING,SYNTHETIC
2412.06,SKL0069,Tally,RELEVANT,4,SYNTHETIC_DEMO_MAPPING,SYNTHETIC
2412.06,SKL0090,Logistics Planning,RELEVANT,4,SYNTHETIC_DEMO_MAPPING,SYNTHETIC
2412.99,SKL0072,Excel,RELEVANT,3,SYNTHETIC_DEMO_MAPPING,SYNTHETIC
2412.99,SKL0095,Workplace Safety,RELEVANT,2,SYNTHETIC_DEMO_MAPPING,SYNTHETIC
2412.99,SKL0070,GST,RELEVANT,4,SYNTHETIC_DEMO_MAPPING,SYNTHETIC
2412.99,SKL0073,Business Analysis,RELEVANT,3,SYNTHETIC_DEMO_MAPPING,SYNTHETIC
2412.99,SKL0076,Customer Service,RELEVANT,2,SYNTHETIC_DEMO_MAPPING,SYNTHETIC
2421.0101,SKL0019,UI/UX Design,RELEVANT,2,SYNTHETIC_DEMO_MAPPING,SYNTHETIC
2421.0101,SKL0010,REST APIs,RELEVANT,1,SYNTHETIC_DEMO_MAPPING,SYNTHETIC
2423.01,SKL0098,English Communication,RELEVANT,3,SYNTHETIC_DEMO_MAPPING,SYNTHETIC
2423.01,SKL0093,Problem Solving,RELEVANT,1,SYNTHETIC_DEMO_MAPPING,SYNTHETIC
2423.01,SKL0096,Digital Literacy,RELEVANT,1,SYNTHETIC_DEMO_MAPPING,SYNTHETIC
2423.01,SKL0094,Microsoft Excel,RELEVANT,1,SYNTHETIC_DEMO_MAPPING,SYNTHETIC
2423.0101,SKL0094,Microsoft Excel,RELEVANT,3,SYNTHETIC_DEMO_MAPPING,SYNTHETIC
2423.0101,SKL0093,Problem Solving,RELEVANT,2,SYNTHETIC_DEMO_MAPPING,SYNTHETIC
2423.0101,SKL0096,Digital Literacy,RELEVANT,1,SYNTHETIC_DEMO_MAPPING,SYNTHETIC
2423.02,SKL0017,Machine Learning,RELEVANT,2,SYNTHETIC_DEMO_MAPPING,SYNTHETIC
2423.02,SKL0013,AWS,RELEVANT,1,SYNTHETIC_DEMO_MAPPING,SYNTHETIC
2423.02,SKL0092,Communication,RELEVANT,3,SYNTHETIC_DEMO_MAPPING,SYNTHETIC
2423.02,SKL0096,Digital Literacy,RELEVANT,1,SYNTHETIC_DEMO_MAPPING,SYNTHETIC
2423.05,SKL0019,UI/UX Design,RELEVANT,3,SYNTHETIC_DEMO_MAPPING,SYNTHETIC
2423.05,SKL0005,React,RELEVANT,2,SYNTHETIC_DEMO_MAPPING,SYNTHETIC
2423.05,SKL0002,Java,RELEVANT,2,SYNTHETIC_DEMO_MAPPING,SYNTHETIC
2423.99,SKL0093,Problem Solving,RELEVANT,3,SYNTHETIC_DEMO_MAPPING,SYNTHETIC
2423.99,SKL0092,Communication,RELEVANT,2,SYNTHETIC_DEMO_MAPPING,SYNTHETIC
2423.99,SKL0096,Digital Literacy,RELEVANT,2,SYNTHETIC_DEMO_MAPPING,SYNTHETIC
2424.01,SKL0014,Azure,RELEVANT,1,SYNTHETIC_DEMO_MAPPING,SYNTHETIC
2424.01,SKL0001,Python,RELEVANT,4,SYNTHETIC_DEMO_MAPPING,SYNTHETIC
2424.01,SKL0010,REST APIs,RELEVANT,1,SYNTHETIC_DEMO_MAPPING,SYNTHETIC
2424.01,SKL0050,Automotive CAD,RELEVANT,3,SYNTHETIC_DEMO_MAPPING,SYNTHETIC
2424.01,SKL0006,Next.js,RELEVANT,3,SYNTHETIC_DEMO_MAPPING,SYNTHETIC
2424.02,SKL0096,Digital Literacy,RELEVANT,2,SYNTHETIC_DEMO_MAPPING,SYNTHETIC
2424.02,SKL0085,Warehouse Management,RELEVANT,1,SYNTHETIC_DEMO_MAPPING,SYNTHETIC
2424.02,SKL0088,Fleet Management,RELEVANT,4,SYNTHETIC_DEMO_MAPPING,SYNTHETIC
2424.03,SKL0014,Azure,RELEVANT,3,SYNTHETIC_DEMO_MAPPING,SYNTHETIC
2424.03,SKL0092,Communication,RELEVANT,1,SYNTHETIC_DEMO_MAPPING,SYNTHETIC
2424.0401,SKL0045,Battery Management Systems,RELEVANT,2,SYNTHETIC_DEMO_MAPPING,SYNTHETIC
2424.0401,SKL0074,Digital Marketing,RELEVANT,1,SYNTHETIC_DEMO_MAPPING,SYNTHETIC
2424.0402,SKL0098,English Communication,RELEVANT,4,SYNTHETIC_DEMO_MAPPING,SYNTHETIC
2424.0402,SKL0046,EV Battery Maintenance,RELEVANT,1,SYNTHETIC_DEMO_MAPPING,SYNTHETIC
2424.0402,SKL0047,Vehicle Diagnostics,RELEVANT,3,SYNTHETIC_DEMO_MAPPING,SYNTHETIC
2424.0402,SKL0071,Financial Analysis,RELEVANT,1,SYNTHETIC_DEMO_MAPPING,SYNTHETIC
2424.0501,SKL0050,Automotive CAD,RELEVANT,2,SYNTHETIC_DEMO_MAPPING,SYNTHETIC
2424.0501,SKL0043,Automotive Diagnostics,RELEVANT,1,SYNTHETIC_DEMO_MAPPING,SYNTHETIC
2424.0502,SKL0045,Battery Management Systems,RELEVANT,3,SYNTHETIC_DEMO_MAPPING,SYNTHETIC
2424.0502,SKL0098,English Communication,RELEVANT,2,SYNTHETIC_DEMO_MAPPING,SYNTHETIC
2424.99,SKL0097,Team Management,RELEVANT,3,SYNTHETIC_DEMO_MAPPING,SYNTHETIC
2424.99,SKL0098,English Communication,RELEVANT,1,SYNTHETIC_DEMO_MAPPING,SYNTHETIC
2424.99,SKL0096,Digital Literacy,RELEVANT,3,SYNTHETIC_DEMO_MAPPING,SYNTHETIC
2424.99,SKL0092,Communication,RELEVANT,4,SYNTHETIC_DEMO_MAPPING,SYNTHETIC
2431.01,SKL0017,Machine Learning,RELEVANT,1,SYNTHETIC_DEMO_MAPPING,SYNTHETIC
2431.01,SKL0050,Automotive CAD,RELEVANT,3,SYNTHETIC_DEMO_MAPPING,SYNTHETIC
2431.0101,SKL0051,Service Operations,RELEVANT,1,SYNTHETIC_DEMO_MAPPING,SYNTHETIC
2431.0101,SKL0045,Battery Management Systems,RELEVANT,2,SYNTHETIC_DEMO_MAPPING,SYNTHETIC
2431.0101,SKL0094,Microsoft Excel,RELEVANT,2,SYNTHETIC_DEMO_MAPPING,SYNTHETIC
2431.0102,SKL0092,Communication,RELEVANT,2,SYNTHETIC_DEMO_MAPPING,SYNTHETIC
2431.0102,SKL0051,Service Operations,RELEVANT,3,SYNTHETIC_DEMO_MAPPING,SYNTHETIC
2431.0102,SKL0050,Automotive CAD,RELEVANT,2,SYNTHETIC_DEMO_MAPPING,SYNTHETIC
2431.0102,SKL0096,Digital Literacy,RELEVANT,3,SYNTHETIC_DEMO_MAPPING,SYNTHETIC
2431.0102,SKL0049,Electric Motor Systems,RELEVANT,2,SYNTHETIC_DEMO_MAPPING,SYNTHETIC
2431.0201,SKL0097,Team Management,RELEVANT,2,SYNTHETIC_DEMO_MAPPING,SYNTHETIC
2431.0201,SKL0047,Vehicle Diagnostics,RELEVANT,4,SYNTHETIC_DEMO_MAPPING,SYNTHETIC
2431.0201,SKL0073,Business Analysis,RELEVANT,3,SYNTHETIC_DEMO_MAPPING,SYNTHETIC
2431.0202,SKL0077,Supply Chain,RELEVANT,1,SYNTHETIC_DEMO_MAPPING,SYNTHETIC
2431.0202,SKL0074,Digital Marketing,RELEVANT,4,SYNTHETIC_DEMO_MAPPING,SYNTHETIC
2431.03,SKL0095,Workplace Safety,RELEVANT,3,SYNTHETIC_DEMO_MAPPING,SYNTHETIC
2431.03,SKL0040,Mechanical Assembly,RELEVANT,3,SYNTHETIC_DEMO_MAPPING,SYNTHETIC
2431.04,SKL0096,Digital Literacy,RELEVANT,1,SYNTHETIC_DEMO_MAPPING,SYNTHETIC
2431.04,SKL0095,Workplace Safety,RELEVANT,1,SYNTHETIC_DEMO_MAPPING,SYNTHETIC
2431.04,SKL0098,English Communication,RELEVANT,1,SYNTHETIC_DEMO_MAPPING,SYNTHETIC
2431.04,SKL0093,Problem Solving,RELEVANT,1,SYNTHETIC_DEMO_MAPPING,SYNTHETIC
2431.0501,SKL0009,PostgreSQL,RELEVANT,2,SYNTHETIC_DEMO_MAPPING,SYNTHETIC
2431.0501,SKL0014,Azure,RELEVANT,2,SYNTHETIC_DEMO_MAPPING,SYNTHETIC
2431.0501,SKL0036,Lean Manufacturing,RELEVANT,4,SYNTHETIC_DEMO_MAPPING,SYNTHETIC
2431.0501,SKL0040,Mechanical Assembly,RELEVANT,1,SYNTHETIC_DEMO_MAPPING,SYNTHETIC
2431.0501,SKL0073,Business Analysis,RELEVANT,3,SYNTHETIC_DEMO_MAPPING,SYNTHETIC
2431.0502,SKL0012,Docker,RELEVANT,1,SYNTHETIC_DEMO_MAPPING,SYNTHETIC
2431.0502,SKL0069,Tally,RELEVANT,3,SYNTHETIC_DEMO_MAPPING,SYNTHETIC
2431.0503,SKL0034,Welding,RELEVANT,2,SYNTHETIC_DEMO_MAPPING,SYNTHETIC
2431.0503,SKL0096,Digital Literacy,RELEVANT,1,SYNTHETIC_DEMO_MAPPING,SYNTHETIC
2431.0504,SKL0005,React,RELEVANT,2,SYNTHETIC_DEMO_MAPPING,SYNTHETIC
2431.0504,SKL0095,Workplace Safety,RELEVANT,2,SYNTHETIC_DEMO_MAPPING,SYNTHETIC
2431.0601,SKL0098,English Communication,RELEVANT,2,SYNTHETIC_DEMO_MAPPING,SYNTHETIC
2431.0601,SKL0095,Workplace Safety,RELEVANT,3,SYNTHETIC_DEMO_MAPPING,SYNTHETIC
2431.0601,SKL0094,Microsoft Excel,RELEVANT,2,SYNTHETIC_DEMO_MAPPING,SYNTHETIC
2431.0601,SKL0096,Digital Literacy,RELEVANT,1,SYNTHETIC_DEMO_MAPPING,SYNTHETIC
2431.0651,SKL0096,Digital Literacy,RELEVANT,2,SYNTHETIC_DEMO_MAPPING,SYNTHETIC
2431.0651,SKL0068,Accounting,RELEVANT,2,SYNTHETIC_DEMO_MAPPING,SYNTHETIC
2431.0651,SKL0093,Problem Solving,RELEVANT,2,SYNTHETIC_DEMO_MAPPING,SYNTHETIC
2431.0651,SKL0074,Digital Marketing,RELEVANT,4,SYNTHETIC_DEMO_MAPPING,SYNTHETIC
2431.0651,SKL0072,Excel,RELEVANT,3,SYNTHETIC_DEMO_MAPPING,SYNTHETIC
2431.0671,SKL0094,Microsoft Excel,RELEVANT,4,SYNTHETIC_DEMO_MAPPING,SYNTHETIC
2431.0671,SKL0095,Workplace Safety,RELEVANT,4,SYNTHETIC_DEMO_MAPPING,SYNTHETIC
2431.0671,SKL0098,English Communication,RELEVANT,2,SYNTHETIC_DEMO_MAPPING,SYNTHETIC
2431.0671,SKL0097,Team Management,RELEVANT,1,SYNTHETIC_DEMO_MAPPING,SYNTHETIC
2431.07,SKL0097,Team Management,RELEVANT,2,SYNTHETIC_DEMO_MAPPING,SYNTHETIC
2431.07,SKL0039,CNC Milling,RELEVANT,1,SYNTHETIC_DEMO_MAPPING,SYNTHETIC
2431.08,SKL0088,Fleet Management,RELEVANT,3,SYNTHETIC_DEMO_MAPPING,SYNTHETIC
2431.08,SKL0095,Workplace Safety,RELEVANT,2,SYNTHETIC_DEMO_MAPPING,SYNTHETIC
2431.99,SKL0048,Auto Electrical,RELEVANT,3,SYNTHETIC_DEMO_MAPPING,SYNTHETIC
2431.99,SKL0076,Customer Service,RELEVANT,3,SYNTHETIC_DEMO_MAPPING,SYNTHETIC
2432.01,SKL0071,Financial Analysis,RELEVANT,1,SYNTHETIC_DEMO_MAPPING,SYNTHETIC
2432.01,SKL0077,Supply Chain,RELEVANT,1,SYNTHETIC_DEMO_MAPPING,SYNTHETIC
2432.01,SKL0095,Workplace Safety,RELEVANT,1,SYNTHETIC_DEMO_MAPPING,SYNTHETIC
2432.01,SKL0073,Business Analysis,RELEVANT,4,SYNTHETIC_DEMO_MAPPING,SYNTHETIC
2432.02,SKL0094,Microsoft Excel,RELEVANT,2,SYNTHETIC_DEMO_MAPPING,SYNTHETIC
2432.02,SKL0098,English Communication,RELEVANT,1,SYNTHETIC_DEMO_MAPPING,SYNTHETIC
2432.02,SKL0097,Team Management,RELEVANT,1,SYNTHETIC_DEMO_MAPPING,SYNTHETIC
2432.02,SKL0096,Digital Literacy,RELEVANT,2,SYNTHETIC_DEMO_MAPPING,SYNTHETIC
2432.0201,SKL0074,Digital Marketing,RELEVANT,2,SYNTHETIC_DEMO_MAPPING,SYNTHETIC
2432.0201,SKL0075,Sales,RELEVANT,2,SYNTHETIC_DEMO_MAPPING,SYNTHETIC
2432.0201,SKL0096,Digital Literacy,RELEVANT,2,SYNTHETIC_DEMO_MAPPING,SYNTHETIC
2432.0201,SKL0097,Team Management,RELEVANT,2,SYNTHETIC_DEMO_MAPPING,SYNTHETIC
2432.03,SKL0097,Team Management,RELEVANT,3,SYNTHETIC_DEMO_MAPPING,SYNTHETIC
2432.03,SKL0077,Supply Chain,RELEVANT,1,SYNTHETIC_DEMO_MAPPING,SYNTHETIC
2432.03,SKL0068,Accounting,RELEVANT,1,SYNTHETIC_DEMO_MAPPING,SYNTHETIC
2432.03,SKL0093,Problem Solving,RELEVANT,4,SYNTHETIC_DEMO_MAPPING,SYNTHETIC
2432.03,SKL0070,GST,RELEVANT,4,SYNTHETIC_DEMO_MAPPING,SYNTHETIC
2432.99,SKL0093,Problem Solving,RELEVANT,4,SYNTHETIC_DEMO_MAPPING,SYNTHETIC
2432.99,SKL0069,Tally,RELEVANT,1,SYNTHETIC_DEMO_MAPPING,SYNTHETIC
2432.99,SKL0096,Digital Literacy,RELEVANT,3,SYNTHETIC_DEMO_MAPPING,SYNTHETIC
2433.0101,SKL0094,Microsoft Excel,RELEVANT,4,SYNTHETIC_DEMO_MAPPING,SYNTHETIC
2433.0101,SKL0072,Excel,RELEVANT,2,SYNTHETIC_DEMO_MAPPING,SYNTHETIC
2433.0101,SKL0068,Accounting,RELEVANT,1,SYNTHETIC_DEMO_MAPPING,SYNTHETIC
2433.0101,SKL0071,Financial Analysis,RELEVANT,1,SYNTHETIC_DEMO_MAPPING,SYNTHETIC
2433.0101,SKL0049,Electric Motor Systems,RELEVANT,3,SYNTHETIC_DEMO_MAPPING,SYNTHETIC
2433.0201,SKL0075,Sales,RELEVANT,1,SYNTHETIC_DEMO_MAPPING,SYNTHETIC
2433.0201,SKL0072,Excel,RELEVANT,3,SYNTHETIC_DEMO_MAPPING,SYNTHETIC
2433.0201,SKL0093,Problem Solving,RELEVANT,1,SYNTHETIC_DEMO_MAPPING,SYNTHETIC
2433.0201,SKL0097,Team Management,RELEVANT,2,SYNTHETIC_DEMO_MAPPING,SYNTHETIC
2433.0201,SKL0095,Workplace Safety,RELEVANT,4,SYNTHETIC_DEMO_MAPPING,SYNTHETIC
2433.0301,SKL0069,Tally,RELEVANT,2,SYNTHETIC_DEMO_MAPPING,SYNTHETIC
2433.0301,SKL0093,Problem Solving,RELEVANT,3,SYNTHETIC_DEMO_MAPPING,SYNTHETIC
2433.0301,SKL0068,Accounting,RELEVANT,4,SYNTHETIC_DEMO_MAPPING,SYNTHETIC
2433.0401,SKL0022,SCADA,RELEVANT,2,SYNTHETIC_DEMO_MAPPING,SYNTHETIC
2433.0401,SKL0050,Automotive CAD,RELEVANT,3,SYNTHETIC_DEMO_MAPPING,SYNTHETIC
2433.0401,SKL0096,Digital Literacy,RELEVANT,1,SYNTHETIC_DEMO_MAPPING,SYNTHETIC
2433.0501,SKL0048,Auto Electrical,RELEVANT,1,SYNTHETIC_DEMO_MAPPING,SYNTHETIC
2433.0501,SKL0096,Digital Literacy,RELEVANT,1,SYNTHETIC_DEMO_MAPPING,SYNTHETIC
2433.0501,SKL0093,Problem Solving,RELEVANT,2,SYNTHETIC_DEMO_MAPPING,SYNTHETIC
2433.0601,SKL0098,English Communication,RELEVANT,3,SYNTHETIC_DEMO_MAPPING,SYNTHETIC
2433.0601,SKL0095,Workplace Safety,RELEVANT,2,SYNTHETIC_DEMO_MAPPING,SYNTHETIC
2433.0601,SKL0048,Auto Electrical,RELEVANT,2,SYNTHETIC_DEMO_MAPPING,SYNTHETIC
2433.0601,SKL0071,Financial Analysis,RELEVANT,1,SYNTHETIC_DEMO_MAPPING,SYNTHETIC
2433.0601,SKL0047,Vehicle Diagnostics,RELEVANT,1,SYNTHETIC_DEMO_MAPPING,SYNTHETIC
2433.07,SKL0069,Tally,RELEVANT,3,SYNTHETIC_DEMO_MAPPING,SYNTHETIC
2433.07,SKL0075,Sales,RELEVANT,2,SYNTHETIC_DEMO_MAPPING,SYNTHETIC
2433.07,SKL0097,Team Management,RELEVANT,3,SYNTHETIC_DEMO_MAPPING,SYNTHETIC
2433.07,SKL0098,English Communication,RELEVANT,2,SYNTHETIC_DEMO_MAPPING,SYNTHETIC
2433.07,SKL0092,Communication,RELEVANT,4,SYNTHETIC_DEMO_MAPPING,SYNTHETIC
2434.0101,SKL0073,Business Analysis,RELEVANT,3,SYNTHETIC_DEMO_MAPPING,SYNTHETIC
2434.0101,SKL0094,Microsoft Excel,RELEVANT,1,SYNTHETIC_DEMO_MAPPING,SYNTHETIC
2434.0101,SKL0092,Communication,RELEVANT,1,SYNTHETIC_DEMO_MAPPING,SYNTHETIC
2434.0101,SKL0077,Supply Chain,RELEVANT,1,SYNTHETIC_DEMO_MAPPING,SYNTHETIC
2434.0101,SKL0097,Team Management,RELEVANT,4,SYNTHETIC_DEMO_MAPPING,SYNTHETIC
2434.0201,SKL0068,Accounting,RELEVANT,3,SYNTHETIC_DEMO_MAPPING,SYNTHETIC
2434.0201,SKL0073,Business Analysis,RELEVANT,3,SYNTHETIC_DEMO_MAPPING,SYNTHETIC
2434.0201,SKL0097,Team Management,RELEVANT,2,SYNTHETIC_DEMO_MAPPING,SYNTHETIC
2434.0201,SKL0092,Communication,RELEVANT,1,SYNTHETIC_DEMO_MAPPING,SYNTHETIC
2511.01,SKL0012,Docker,RELEVANT,2,SYNTHETIC_DEMO_MAPPING,SYNTHETIC
2511.01,SKL0003,JavaScript,RELEVANT,3,SYNTHETIC_DEMO_MAPPING,SYNTHETIC
2511.0101,SKL0016,Data Analysis,RELEVANT,2,SYNTHETIC_DEMO_MAPPING,SYNTHETIC
2511.0101,SKL0006,Next.js,RELEVANT,2,SYNTHETIC_DEMO_MAPPING,SYNTHETIC
2511.0101,SKL0096,Digital Literacy,RELEVANT,3,SYNTHETIC_DEMO_MAPPING,SYNTHETIC
2511.0102,SKL0017,Machine Learning,RELEVANT,2,SYNTHETIC_DEMO_MAPPING,SYNTHETIC
2511.0102,SKL0005,React,RELEVANT,3,SYNTHETIC_DEMO_MAPPING,SYNTHETIC
2511.0102,SKL0093,Problem Solving,RELEVANT,4,SYNTHETIC_DEMO_MAPPING,SYNTHETIC
2511.0102,SKL0097,Team Management,RELEVANT,1,SYNTHETIC_DEMO_MAPPING,SYNTHETIC
2511.0103,SKL0019,UI/UX Design,RELEVANT,4,SYNTHETIC_DEMO_MAPPING,SYNTHETIC
2511.0103,SKL0094,Microsoft Excel,RELEVANT,4,SYNTHETIC_DEMO_MAPPING,SYNTHETIC
2511.0103,SKL0004,TypeScript,RELEVANT,4,SYNTHETIC_DEMO_MAPPING,SYNTHETIC
2511.0103,SKL0015,Power BI,RELEVANT,4,SYNTHETIC_DEMO_MAPPING,SYNTHETIC
2511.0103,SKL0012,Docker,RELEVANT,3,SYNTHETIC_DEMO_MAPPING,SYNTHETIC
2511.0104,SKL0095,Workplace Safety,RELEVANT,3,SYNTHETIC_DEMO_MAPPING,SYNTHETIC
2511.0104,SKL0094,Microsoft Excel,RELEVANT,1,SYNTHETIC_DEMO_MAPPING,SYNTHETIC
2511.0104,SKL0092,Communication,RELEVANT,1,SYNTHETIC_DEMO_MAPPING,SYNTHETIC
2511.0104,SKL0097,Team Management,RELEVANT,2,SYNTHETIC_DEMO_MAPPING,SYNTHETIC
2511.0104,SKL0093,Problem Solving,RELEVANT,2,SYNTHETIC_DEMO_MAPPING,SYNTHETIC
2511.0105,SKL0071,Financial Analysis,RELEVANT,2,SYNTHETIC_DEMO_MAPPING,SYNTHETIC
2511.0105,SKL0047,Vehicle Diagnostics,RELEVANT,1,SYNTHETIC_DEMO_MAPPING,SYNTHETIC
2511.0105,SKL0051,Service Operations,RELEVANT,4,SYNTHETIC_DEMO_MAPPING,SYNTHETIC
2511.0105,SKL0069,Tally,RELEVANT,4,SYNTHETIC_DEMO_MAPPING,SYNTHETIC
2511.0106,SKL0095,Workplace Safety,RELEVANT,4,SYNTHETIC_DEMO_MAPPING,SYNTHETIC
2511.0106,SKL0097,Team Management,RELEVANT,2,SYNTHETIC_DEMO_MAPPING,SYNTHETIC
2511.0106,SKL0007,Node.js,RELEVANT,2,SYNTHETIC_DEMO_MAPPING,SYNTHETIC
2511.99,SKL0014,Azure,RELEVANT,1,SYNTHETIC_DEMO_MAPPING,SYNTHETIC
2511.99,SKL0005,React,RELEVANT,3,SYNTHETIC_DEMO_MAPPING,SYNTHETIC
2511.99,SKL0007,Node.js,RELEVANT,2,SYNTHETIC_DEMO_MAPPING,SYNTHETIC
2512.01,SKL0007,Node.js,RELEVANT,4,SYNTHETIC_DEMO_MAPPING,SYNTHETIC
2512.01,SKL0003,JavaScript,RELEVANT,1,SYNTHETIC_DEMO_MAPPING,SYNTHETIC
2512.01,SKL0018,Cybersecurity,RELEVANT,2,SYNTHETIC_DEMO_MAPPING,SYNTHETIC
2512.01,SKL0014,Azure,RELEVANT,1,SYNTHETIC_DEMO_MAPPING,SYNTHETIC
2512.01,SKL0095,Workplace Safety,RELEVANT,1,SYNTHETIC_DEMO_MAPPING,SYNTHETIC
2512.0201,SKL0013,AWS,RELEVANT,1,SYNTHETIC_DEMO_MAPPING,SYNTHETIC
2512.0201,SKL0005,React,RELEVANT,2,SYNTHETIC_DEMO_MAPPING,SYNTHETIC
2512.0202,SKL0097,Team Management,RELEVANT,3,SYNTHETIC_DEMO_MAPPING,SYNTHETIC
2512.0202,SKL0092,Communication,RELEVANT,1,SYNTHETIC_DEMO_MAPPING,SYNTHETIC
2512.0203,SKL0001,Python,RELEVANT,2,SYNTHETIC_DEMO_MAPPING,SYNTHETIC
2512.0203,SKL0002,Java,RELEVANT,2,SYNTHETIC_DEMO_MAPPING,SYNTHETIC
2512.0203,SKL0015,Power BI,RELEVANT,2,SYNTHETIC_DEMO_MAPPING,SYNTHETIC
2512.0203,SKL0013,AWS,RELEVANT,4,SYNTHETIC_DEMO_MAPPING,SYNTHETIC
2512.0204,SKL0004,TypeScript,RELEVANT,1,SYNTHETIC_DEMO_MAPPING,SYNTHETIC
2512.0204,SKL0097,Team Management,RELEVANT,4,SYNTHETIC_DEMO_MAPPING,SYNTHETIC
2512.0204,SKL0095,Workplace Safety,RELEVANT,2,SYNTHETIC_DEMO_MAPPING,SYNTHETIC
2512.0204,SKL0019,UI/UX Design,RELEVANT,3,SYNTHETIC_DEMO_MAPPING,SYNTHETIC
2512.0205,SKL0014,Azure,RELEVANT,3,SYNTHETIC_DEMO_MAPPING,SYNTHETIC
2512.0205,SKL0005,React,RELEVANT,4,SYNTHETIC_DEMO_MAPPING,SYNTHETIC
2512.0205,SKL0012,Docker,RELEVANT,3,SYNTHETIC_DEMO_MAPPING,SYNTHETIC
2512.0206,SKL0045,Battery Management Systems,RELEVANT,3,SYNTHETIC_DEMO_MAPPING,SYNTHETIC
2512.0206,SKL0050,Automotive CAD,RELEVANT,2,SYNTHETIC_DEMO_MAPPING,SYNTHETIC
2512.0207,SKL0009,PostgreSQL,RELEVANT,2,SYNTHETIC_DEMO_MAPPING,SYNTHETIC
2512.0207,SKL0094,Microsoft Excel,RELEVANT,4,SYNTHETIC_DEMO_MAPPING,SYNTHETIC
2512.03,SKL0008,SQL,RELEVANT,4,SYNTHETIC_DEMO_MAPPING,SYNTHETIC
2512.03,SKL0063,Clinical Documentation,RELEVANT,3,SYNTHETIC_DEMO_MAPPING,SYNTHETIC
2512.03,SKL0094,Microsoft Excel,RELEVANT,3,SYNTHETIC_DEMO_MAPPING,SYNTHETIC
2512.03,SKL0070,GST,RELEVANT,2,SYNTHETIC_DEMO_MAPPING,SYNTHETIC
2512.0301,SKL0015,Power BI,RELEVANT,4,SYNTHETIC_DEMO_MAPPING,SYNTHETIC
2512.0301,SKL0020,Figma,RELEVANT,1,SYNTHETIC_DEMO_MAPPING,SYNTHETIC
2512.0301,SKL0003,JavaScript,RELEVANT,2,SYNTHETIC_DEMO_MAPPING,SYNTHETIC
2512.0301,SKL0098,English Communication,RELEVANT,3,SYNTHETIC_DEMO_MAPPING,SYNTHETIC
2512.0301,SKL0006,Next.js,RELEVANT,4,SYNTHETIC_DEMO_MAPPING,SYNTHETIC
2512.0401,SKL0005,React,RELEVANT,1,SYNTHETIC_DEMO_MAPPING,SYNTHETIC
2512.0401,SKL0003,JavaScript,RELEVANT,4,SYNTHETIC_DEMO_MAPPING,SYNTHETIC
2512.0501,SKL0013,AWS,RELEVANT,3,SYNTHETIC_DEMO_MAPPING,SYNTHETIC
2512.0501,SKL0005,React,RELEVANT,4,SYNTHETIC_DEMO_MAPPING,SYNTHETIC
2512.0501,SKL0003,JavaScript,RELEVANT,2,SYNTHETIC_DEMO_MAPPING,SYNTHETIC
2512.0501,SKL0093,Problem Solving,RELEVANT,1,SYNTHETIC_DEMO_MAPPING,SYNTHETIC
2512.0601,SKL0096,Digital Literacy,RELEVANT,4,SYNTHETIC_DEMO_MAPPING,SYNTHETIC
2512.0601,SKL0097,Team Management,RELEVANT,2,SYNTHETIC_DEMO_MAPPING,SYNTHETIC
2512.0701,SKL0097,Team Management,RELEVANT,1,SYNTHETIC_DEMO_MAPPING,SYNTHETIC
2512.0701,SKL0094,Microsoft Excel,RELEVANT,4,SYNTHETIC_DEMO_MAPPING,SYNTHETIC
2512.0701,SKL0016,Data Analysis,RELEVANT,2,SYNTHETIC_DEMO_MAPPING,SYNTHETIC
2512.08,SKL0020,Figma,RELEVANT,2,SYNTHETIC_DEMO_MAPPING,SYNTHETIC
2512.08,SKL0094,Microsoft Excel,RELEVANT,4,SYNTHETIC_DEMO_MAPPING,SYNTHETIC
2512.08,SKL0003,JavaScript,RELEVANT,2,SYNTHETIC_DEMO_MAPPING,SYNTHETIC
2512.08,SKL0011,Git,RELEVANT,4,SYNTHETIC_DEMO_MAPPING,SYNTHETIC
2513.0101,SKL0018,Cybersecurity,RELEVANT,2,SYNTHETIC_DEMO_MAPPING,SYNTHETIC
2513.0101,SKL0094,Microsoft Excel,RELEVANT,4,SYNTHETIC_DEMO_MAPPING,SYNTHETIC
2513.0201,SKL0095,Workplace Safety,RELEVANT,4,SYNTHETIC_DEMO_MAPPING,SYNTHETIC
2513.0201,SKL0017,Machine Learning,RELEVANT,3,SYNTHETIC_DEMO_MAPPING,SYNTHETIC
2513.0301,SKL0009,PostgreSQL,RELEVANT,1,SYNTHETIC_DEMO_MAPPING,SYNTHETIC
2513.0301,SKL0020,Figma,RELEVANT,4,SYNTHETIC_DEMO_MAPPING,SYNTHETIC
2513.0301,SKL0012,Docker,RELEVANT,2,SYNTHETIC_DEMO_MAPPING,SYNTHETIC
2513.0301,SKL0014,Azure,RELEVANT,3,SYNTHETIC_DEMO_MAPPING,SYNTHETIC
2513.0301,SKL0016,Data Analysis,RELEVANT,3,SYNTHETIC_DEMO_MAPPING,SYNTHETIC
2513.0302,SKL0095,Workplace Safety,RELEVANT,3,SYNTHETIC_DEMO_MAPPING,SYNTHETIC
2513.0302,SKL0018,Cybersecurity,RELEVANT,3,SYNTHETIC_DEMO_MAPPING,SYNTHETIC
2513.0302,SKL0097,Team Management,RELEVANT,2,SYNTHETIC_DEMO_MAPPING,SYNTHETIC
2513.0302,SKL0007,Node.js,RELEVANT,2,SYNTHETIC_DEMO_MAPPING,SYNTHETIC
2513.0302,SKL0016,Data Analysis,RELEVANT,1,SYNTHETIC_DEMO_MAPPING,SYNTHETIC
2514.99,SKL0004,TypeScript,RELEVANT,3,SYNTHETIC_DEMO_MAPPING,SYNTHETIC
2514.99,SKL0098,English Communication,RELEVANT,1,SYNTHETIC_DEMO_MAPPING,SYNTHETIC
2514.99,SKL0011,Git,RELEVANT,4,SYNTHETIC_DEMO_MAPPING,SYNTHETIC
2519.01,SKL0098,English Communication,RELEVANT,4,SYNTHETIC_DEMO_MAPPING,SYNTHETIC
2519.01,SKL0017,Machine Learning,RELEVANT,2,SYNTHETIC_DEMO_MAPPING,SYNTHETIC
2519.01,SKL0097,Team Management,RELEVANT,4,SYNTHETIC_DEMO_MAPPING,SYNTHETIC
2519.03,SKL0002,Java,RELEVANT,1,SYNTHETIC_DEMO_MAPPING,SYNTHETIC
2519.03,SKL0017,Machine Learning,RELEVANT,2,SYNTHETIC_DEMO_MAPPING,SYNTHETIC
2519.03,SKL0014,Azure,RELEVANT,4,SYNTHETIC_DEMO_MAPPING,SYNTHETIC
2519.03,SKL0012,Docker,RELEVANT,2,SYNTHETIC_DEMO_MAPPING,SYNTHETIC
2519.0301,SKL0049,Electric Motor Systems,RELEVANT,2,SYNTHETIC_DEMO_MAPPING,SYNTHETIC
2519.0301,SKL0096,Digital Literacy,RELEVANT,4,SYNTHETIC_DEMO_MAPPING,SYNTHETIC
2519.0302,SKL0046,EV Battery Maintenance,RELEVANT,2,SYNTHETIC_DEMO_MAPPING,SYNTHETIC
2519.0302,SKL0012,Docker,RELEVANT,2,SYNTHETIC_DEMO_MAPPING,SYNTHETIC
2519.0302,SKL0004,TypeScript,RELEVANT,4,SYNTHETIC_DEMO_MAPPING,SYNTHETIC
2519.0302,SKL0015,Power BI,RELEVANT,2,SYNTHETIC_DEMO_MAPPING,SYNTHETIC
2519.0401,SKL0005,React,RELEVANT,3,SYNTHETIC_DEMO_MAPPING,SYNTHETIC
2519.0401,SKL0015,Power BI,RELEVANT,2,SYNTHETIC_DEMO_MAPPING,SYNTHETIC
2519.0401,SKL0017,Machine Learning,RELEVANT,1,SYNTHETIC_DEMO_MAPPING,SYNTHETIC
2519.0402,SKL0010,REST APIs,RELEVANT,3,SYNTHETIC_DEMO_MAPPING,SYNTHETIC
2519.0402,SKL0096,Digital Literacy,RELEVANT,2,SYNTHETIC_DEMO_MAPPING,SYNTHETIC
2519.0402,SKL0015,Power BI,RELEVANT,4,SYNTHETIC_DEMO_MAPPING,SYNTHETIC
2519.0402,SKL0007,Node.js,RELEVANT,2,SYNTHETIC_DEMO_MAPPING,SYNTHETIC
2519.0402,SKL0002,Java,RELEVANT,4,SYNTHETIC_DEMO_MAPPING,SYNTHETIC
2519.0501,SKL0098,English Communication,RELEVANT,4,SYNTHETIC_DEMO_MAPPING,SYNTHETIC
2519.0501,SKL0095,Workplace Safety,RELEVANT,2,SYNTHETIC_DEMO_MAPPING,SYNTHETIC
2519.0501,SKL0093,Problem Solving,RELEVANT,1,SYNTHETIC_DEMO_MAPPING,SYNTHETIC
2519.0501,SKL0096,Digital Literacy,RELEVANT,3,SYNTHETIC_DEMO_MAPPING,SYNTHETIC
2521.01,SKL0017,Machine Learning,RELEVANT,3,SYNTHETIC_DEMO_MAPPING,SYNTHETIC
2521.01,SKL0006,Next.js,RELEVANT,2,SYNTHETIC_DEMO_MAPPING,SYNTHETIC
2521.01,SKL0009,PostgreSQL,RELEVANT,4,SYNTHETIC_DEMO_MAPPING,SYNTHETIC
2521.0202,SKL0095,Workplace Safety,RELEVANT,3,SYNTHETIC_DEMO_MAPPING,SYNTHETIC
2521.0202,SKL0002,Java,RELEVANT,2,SYNTHETIC_DEMO_MAPPING,SYNTHETIC
2522.01,SKL0038,CNC Turning,RELEVANT,4,SYNTHETIC_DEMO_MAPPING,SYNTHETIC
2522.01,SKL0014,Azure,RELEVANT,2,SYNTHETIC_DEMO_MAPPING,SYNTHETIC
2522.01,SKL0037,Production Planning,RELEVANT,1,SYNTHETIC_DEMO_MAPPING,SYNTHETIC
2522.01,SKL0034,Welding,RELEVANT,3,SYNTHETIC_DEMO_MAPPING,SYNTHETIC
2522.01,SKL0042,SolidWorks,RELEVANT,2,SYNTHETIC_DEMO_MAPPING,SYNTHETIC
2522.0201,SKL0003,JavaScript,RELEVANT,3,SYNTHETIC_DEMO_MAPPING,SYNTHETIC
2522.0201,SKL0097,Team Management,RELEVANT,2,SYNTHETIC_DEMO_MAPPING,SYNTHETIC
2522.0201,SKL0020,Figma,RELEVANT,4,SYNTHETIC_DEMO_MAPPING,SYNTHETIC
2522.0201,SKL0012,Docker,RELEVANT,1,SYNTHETIC_DEMO_MAPPING,SYNTHETIC
2523.01,SKL0006,Next.js,RELEVANT,1,SYNTHETIC_DEMO_MAPPING,SYNTHETIC
2523.01,SKL0044,EV Systems,RELEVANT,3,SYNTHETIC_DEMO_MAPPING,SYNTHETIC
2523.02,SKL0018,Cybersecurity,RELEVANT,4,SYNTHETIC_DEMO_MAPPING,SYNTHETIC
2523.02,SKL0015,Power BI,RELEVANT,4,SYNTHETIC_DEMO_MAPPING,SYNTHETIC
2523.02,SKL0010,REST APIs,RELEVANT,4,SYNTHETIC_DEMO_MAPPING,SYNTHETIC
2523.02,SKL0086,Inventory Management,RELEVANT,4,SYNTHETIC_DEMO_MAPPING,SYNTHETIC
2523.02,SKL0050,Automotive CAD,RELEVANT,2,SYNTHETIC_DEMO_MAPPING,SYNTHETIC
2523.0301,SKL0012,Docker,RELEVANT,4,SYNTHETIC_DEMO_MAPPING,SYNTHETIC
2523.0301,SKL0016,Data Analysis,RELEVANT,2,SYNTHETIC_DEMO_MAPPING,SYNTHETIC
2523.0401,SKL0092,Communication,RELEVANT,4,SYNTHETIC_DEMO_MAPPING,SYNTHETIC
2523.0401,SKL0059,Project Planning,RELEVANT,3,SYNTHETIC_DEMO_MAPPING,SYNTHETIC
2523.0401,SKL0026,IoT,RELEVANT,2,SYNTHETIC_DEMO_MAPPING,SYNTHETIC
2523.0501,SKL0016,Data Analysis,RELEVANT,4,SYNTHETIC_DEMO_MAPPING,SYNTHETIC
2523.0501,SKL0095,Workplace Safety,RELEVANT,3,SYNTHETIC_DEMO_MAPPING,SYNTHETIC
2523.99,SKL0092,Communication,RELEVANT,3,SYNTHETIC_DEMO_MAPPING,SYNTHETIC
2523.99,SKL0014,Azure,RELEVANT,4,SYNTHETIC_DEMO_MAPPING,SYNTHETIC
2611.01,SKL0098,English Communication,RELEVANT,3,SYNTHETIC_DEMO_MAPPING,SYNTHETIC
2611.01,SKL0092,Communication,RELEVANT,1,SYNTHETIC_DEMO_MAPPING,SYNTHETIC
2611.01,SKL0094,Microsoft Excel,RELEVANT,4,SYNTHETIC_DEMO_MAPPING,SYNTHETIC
2611.01,SKL0093,Problem Solving,RELEVANT,1,SYNTHETIC_DEMO_MAPPING,SYNTHETIC
2611.02,SKL0092,Communication,RELEVANT,1,SYNTHETIC_DEMO_MAPPING,SYNTHETIC
2611.02,SKL0097,Team Management,RELEVANT,1,SYNTHETIC_DEMO_MAPPING,SYNTHETIC
2611.03,SKL0093,Problem Solving,RELEVANT,1,SYNTHETIC_DEMO_MAPPING,SYNTHETIC
2611.03,SKL0094,Microsoft Excel,RELEVANT,1,SYNTHETIC_DEMO_MAPPING,SYNTHETIC
2611.04,SKL0098,English Communication,RELEVANT,3,SYNTHETIC_DEMO_MAPPING,SYNTHETIC
2611.04,SKL0094,Microsoft Excel,RELEVANT,2,SYNTHETIC_DEMO_MAPPING,SYNTHETIC
2611.04,SKL0093,Problem Solving,RELEVANT,2,SYNTHETIC_DEMO_MAPPING,SYNTHETIC
2611.05,SKL0098,English Communication,RELEVANT,1,SYNTHETIC_DEMO_MAPPING,SYNTHETIC
2611.05,SKL0094,Microsoft Excel,RELEVANT,2,SYNTHETIC_DEMO_MAPPING,SYNTHETIC
2611.05,SKL0055,Site Supervision,RELEVANT,3,SYNTHETIC_DEMO_MAPPING,SYNTHETIC
2611.05,SKL0056,Construction Safety,RELEVANT,4,SYNTHETIC_DEMO_MAPPING,SYNTHETIC
2611.05,SKL0093,Problem Solving,RELEVANT,1,SYNTHETIC_DEMO_MAPPING,SYNTHETIC
2611.06,SKL0093,Problem Solving,RELEVANT,4,SYNTHETIC_DEMO_MAPPING,SYNTHETIC
2611.06,SKL0097,Team Management,RELEVANT,3,SYNTHETIC_DEMO_MAPPING,SYNTHETIC
2611.06,SKL0092,Communication,RELEVANT,3,SYNTHETIC_DEMO_MAPPING,SYNTHETIC
2611.06,SKL0098,English Communication,RELEVANT,4,SYNTHETIC_DEMO_MAPPING,SYNTHETIC
2611.07,SKL0095,Workplace Safety,RELEVANT,2,SYNTHETIC_DEMO_MAPPING,SYNTHETIC
2611.07,SKL0098,English Communication,RELEVANT,3,SYNTHETIC_DEMO_MAPPING,SYNTHETIC
2611.08,SKL0095,Workplace Safety,RELEVANT,1,SYNTHETIC_DEMO_MAPPING,SYNTHETIC
2611.08,SKL0096,Digital Literacy,RELEVANT,3,SYNTHETIC_DEMO_MAPPING,SYNTHETIC
2611.08,SKL0092,Communication,RELEVANT,3,SYNTHETIC_DEMO_MAPPING,SYNTHETIC
2611.08,SKL0098,English Communication,RELEVANT,4,SYNTHETIC_DEMO_MAPPING,SYNTHETIC
2611.08,SKL0093,Problem Solving,RELEVANT,1,SYNTHETIC_DEMO_MAPPING,SYNTHETIC
2611.09,SKL0068,Accounting,RELEVANT,3,SYNTHETIC_DEMO_MAPPING,SYNTHETIC
2611.09,SKL0097,Team Management,RELEVANT,2,SYNTHETIC_DEMO_MAPPING,SYNTHETIC
2611.09,SKL0076,Customer Service,RELEVANT,1,SYNTHETIC_DEMO_MAPPING,SYNTHETIC
2611.09,SKL0072,Excel,RELEVANT,4,SYNTHETIC_DEMO_MAPPING,SYNTHETIC
2611.1001,SKL0092,Communication,RELEVANT,4,SYNTHETIC_DEMO_MAPPING,SYNTHETIC
2611.1001,SKL0095,Workplace Safety,RELEVANT,2,SYNTHETIC_DEMO_MAPPING,SYNTHETIC
2611.1001,SKL0097,Team Management,RELEVANT,2,SYNTHETIC_DEMO_MAPPING,SYNTHETIC
2611.1001,SKL0096,Digital Literacy,RELEVANT,4,SYNTHETIC_DEMO_MAPPING,SYNTHETIC
2611.1002,SKL0098,English Communication,RELEVANT,4,SYNTHETIC_DEMO_MAPPING,SYNTHETIC
2611.1002,SKL0097,Team Management,RELEVANT,4,SYNTHETIC_DEMO_MAPPING,SYNTHETIC
2611.1002,SKL0093,Problem Solving,RELEVANT,3,SYNTHETIC_DEMO_MAPPING,SYNTHETIC
2611.1002,SKL0092,Communication,RELEVANT,4,SYNTHETIC_DEMO_MAPPING,SYNTHETIC
2611.99,SKL0092,Communication,RELEVANT,3,SYNTHETIC_DEMO_MAPPING,SYNTHETIC
2611.99,SKL0095,Workplace Safety,RELEVANT,1,SYNTHETIC_DEMO_MAPPING,SYNTHETIC
2611.99,SKL0098,English Communication,RELEVANT,2,SYNTHETIC_DEMO_MAPPING,SYNTHETIC
2611.99,SKL0094,Microsoft Excel,RELEVANT,2,SYNTHETIC_DEMO_MAPPING,SYNTHETIC
2611.99,SKL0096,Digital Literacy,RELEVANT,1,SYNTHETIC_DEMO_MAPPING,SYNTHETIC
2612.01,SKL0098,English Communication,RELEVANT,2,SYNTHETIC_DEMO_MAPPING,SYNTHETIC
2612.01,SKL0093,Problem Solving,RELEVANT,3,SYNTHETIC_DEMO_MAPPING,SYNTHETIC
2612.01,SKL0097,Team Management,RELEVANT,1,SYNTHETIC_DEMO_MAPPING,SYNTHETIC
2612.01,SKL0092,Communication,RELEVANT,3,SYNTHETIC_DEMO_MAPPING,SYNTHETIC
2612.02,SKL0056,Construction Safety,RELEVANT,2,SYNTHETIC_DEMO_MAPPING,SYNTHETIC
2612.02,SKL0057,Civil Drafting,RELEVANT,2,SYNTHETIC_DEMO_MAPPING,SYNTHETIC
2612.02,SKL0059,Project Planning,RELEVANT,4,SYNTHETIC_DEMO_MAPPING,SYNTHETIC
2612.03,SKL0057,Civil Drafting,RELEVANT,2,SYNTHETIC_DEMO_MAPPING,SYNTHETIC
2612.03,SKL0092,Communication,RELEVANT,2,SYNTHETIC_DEMO_MAPPING,SYNTHETIC
2612.03,SKL0058,Surveying,RELEVANT,4,SYNTHETIC_DEMO_MAPPING,SYNTHETIC
2612.03,SKL0060,Structural Analysis,RELEVANT,1,SYNTHETIC_DEMO_MAPPING,SYNTHETIC
2612.03,SKL0041,AutoCAD,RELEVANT,1,SYNTHETIC_DEMO_MAPPING,SYNTHETIC
2612.04,SKL0058,Surveying,RELEVANT,4,SYNTHETIC_DEMO_MAPPING,SYNTHETIC
2612.04,SKL0095,Workplace Safety,RELEVANT,4,SYNTHETIC_DEMO_MAPPING,SYNTHETIC
2612.04,SKL0093,Problem Solving,RELEVANT,1,SYNTHETIC_DEMO_MAPPING,SYNTHETIC
2612.05,SKL0093,Problem Solving,RELEVANT,2,SYNTHETIC_DEMO_MAPPING,SYNTHETIC
2612.05,SKL0097,Team Management,RELEVANT,2,SYNTHETIC_DEMO_MAPPING,SYNTHETIC
2612.05,SKL0096,Digital Literacy,RELEVANT,2,SYNTHETIC_DEMO_MAPPING,SYNTHETIC
2612.06,SKL0096,Digital Literacy,RELEVANT,1,SYNTHETIC_DEMO_MAPPING,SYNTHETIC
2612.06,SKL0095,Workplace Safety,RELEVANT,4,SYNTHETIC_DEMO_MAPPING,SYNTHETIC
2612.07,SKL0093,Problem Solving,RELEVANT,4,SYNTHETIC_DEMO_MAPPING,SYNTHETIC
2612.07,SKL0066,Medical Equipment Maintenance,RELEVANT,3,SYNTHETIC_DEMO_MAPPING,SYNTHETIC
2612.08,SKL0098,English Communication,RELEVANT,1,SYNTHETIC_DEMO_MAPPING,SYNTHETIC
2612.08,SKL0095,Workplace Safety,RELEVANT,1,SYNTHETIC_DEMO_MAPPING,SYNTHETIC
2612.09,SKL0093,Problem Solving,RELEVANT,3,SYNTHETIC_DEMO_MAPPING,SYNTHETIC
2612.09,SKL0097,Team Management,RELEVANT,3,SYNTHETIC_DEMO_MAPPING,SYNTHETIC
2612.1,SKL0095,Workplace Safety,RELEVANT,3,SYNTHETIC_DEMO_MAPPING,SYNTHETIC
2612.1,SKL0098,English Communication,RELEVANT,4,SYNTHETIC_DEMO_MAPPING,SYNTHETIC
2612.1,SKL0094,Microsoft Excel,RELEVANT,3,SYNTHETIC_DEMO_MAPPING,SYNTHETIC
2612.1,SKL0093,Problem Solving,RELEVANT,4,SYNTHETIC_DEMO_MAPPING,SYNTHETIC
2612.1,SKL0092,Communication,RELEVANT,4,SYNTHETIC_DEMO_MAPPING,SYNTHETIC
2612.11,SKL0097,Team Management,RELEVANT,3,SYNTHETIC_DEMO_MAPPING,SYNTHETIC
2612.11,SKL0096,Digital Literacy,RELEVANT,1,SYNTHETIC_DEMO_MAPPING,SYNTHETIC
2612.11,SKL0094,Microsoft Excel,RELEVANT,4,SYNTHETIC_DEMO_MAPPING,SYNTHETIC
2612.11,SKL0093,Problem Solving,RELEVANT,2,SYNTHETIC_DEMO_MAPPING,SYNTHETIC
2612.12,SKL0022,SCADA,RELEVANT,2,SYNTHETIC_DEMO_MAPPING,SYNTHETIC
2612.12,SKL0028,Electrical Testing,RELEVANT,4,SYNTHETIC_DEMO_MAPPING,SYNTHETIC
2612.12,SKL0025,Industrial Automation,RELEVANT,3,SYNTHETIC_DEMO_MAPPING,SYNTHETIC
2612.12,SKL0059,Project Planning,RELEVANT,3,SYNTHETIC_DEMO_MAPPING,SYNTHETIC
2612.12,SKL0058,Surveying,RELEVANT,3,SYNTHETIC_DEMO_MAPPING,SYNTHETIC
2612.13,SKL0039,CNC Milling,RELEVANT,1,SYNTHETIC_DEMO_MAPPING,SYNTHETIC
2612.13,SKL0056,Construction Safety,RELEVANT,2,SYNTHETIC_DEMO_MAPPING,SYNTHETIC
2612.13,SKL0074,Digital Marketing,RELEVANT,3,SYNTHETIC_DEMO_MAPPING,SYNTHETIC
2612.99,SKL0096,Digital Literacy,RELEVANT,4,SYNTHETIC_DEMO_MAPPING,SYNTHETIC
2612.99,SKL0094,Microsoft Excel,RELEVANT,1,SYNTHETIC_DEMO_MAPPING,SYNTHETIC
2612.99,SKL0093,Problem Solving,RELEVANT,1,SYNTHETIC_DEMO_MAPPING,SYNTHETIC
2612.99,SKL0095,Workplace Safety,RELEVANT,4,SYNTHETIC_DEMO_MAPPING,SYNTHETIC
2619.01,SKL0068,Accounting,RELEVANT,2,SYNTHETIC_DEMO_MAPPING,SYNTHETIC
2619.01,SKL0076,Customer Service,RELEVANT,1,SYNTHETIC_DEMO_MAPPING,SYNTHETIC
2619.01,SKL0095,Workplace Safety,RELEVANT,3,SYNTHETIC_DEMO_MAPPING,SYNTHETIC
2619.01,SKL0098,English Communication,RELEVANT,1,SYNTHETIC_DEMO_MAPPING,SYNTHETIC
2619.02,SKL0092,Communication,RELEVANT,4,SYNTHETIC_DEMO_MAPPING,SYNTHETIC
2619.02,SKL0057,Civil Drafting,RELEVANT,1,SYNTHETIC_DEMO_MAPPING,SYNTHETIC
2619.03,SKL0069,Tally,RELEVANT,3,SYNTHETIC_DEMO_MAPPING,SYNTHETIC
2619.03,SKL0071,Financial Analysis,RELEVANT,2,SYNTHETIC_DEMO_MAPPING,SYNTHETIC
2619.04,SKL0092,Communication,RELEVANT,2,SYNTHETIC_DEMO_MAPPING,SYNTHETIC
2619.04,SKL0073,Business Analysis,RELEVANT,4,SYNTHETIC_DEMO_MAPPING,SYNTHETIC
2619.04,SKL0097,Team Management,RELEVANT,4,SYNTHETIC_DEMO_MAPPING,SYNTHETIC
2619.04,SKL0069,Tally,RELEVANT,4,SYNTHETIC_DEMO_MAPPING,SYNTHETIC
2619.04,SKL0070,GST,RELEVANT,3,SYNTHETIC_DEMO_MAPPING,SYNTHETIC
2619.05,SKL0095,Workplace Safety,RELEVANT,2,SYNTHETIC_DEMO_MAPPING,SYNTHETIC
2619.05,SKL0094,Microsoft Excel,RELEVANT,1,SYNTHETIC_DEMO_MAPPING,SYNTHETIC
2619.05,SKL0093,Problem Solving,RELEVANT,3,SYNTHETIC_DEMO_MAPPING,SYNTHETIC
2619.05,SKL0098,English Communication,RELEVANT,4,SYNTHETIC_DEMO_MAPPING,SYNTHETIC
2619.05,SKL0092,Communication,RELEVANT,3,SYNTHETIC_DEMO_MAPPING,SYNTHETIC
2619.06,SKL0092,Communication,RELEVANT,2,SYNTHETIC_DEMO_MAPPING,SYNTHETIC
2619.06,SKL0095,Workplace Safety,RELEVANT,2,SYNTHETIC_DEMO_MAPPING,SYNTHETIC
2619.06,SKL0097,Team Management,RELEVANT,4,SYNTHETIC_DEMO_MAPPING,SYNTHETIC
2619.07,SKL0094,Microsoft Excel,RELEVANT,3,SYNTHETIC_DEMO_MAPPING,SYNTHETIC
2619.07,SKL0097,Team Management,RELEVANT,4,SYNTHETIC_DEMO_MAPPING,SYNTHETIC
2619.07,SKL0093,Problem Solving,RELEVANT,2,SYNTHETIC_DEMO_MAPPING,SYNTHETIC
2619.08,SKL0075,Sales,RELEVANT,2,SYNTHETIC_DEMO_MAPPING,SYNTHETIC
2619.08,SKL0068,Accounting,RELEVANT,2,SYNTHETIC_DEMO_MAPPING,SYNTHETIC
2619.08,SKL0074,Digital Marketing,RELEVANT,2,SYNTHETIC_DEMO_MAPPING,SYNTHETIC
2619.08,SKL0048,Auto Electrical,RELEVANT,2,SYNTHETIC_DEMO_MAPPING,SYNTHETIC
2619.09,SKL0093,Problem Solving,RELEVANT,3,SYNTHETIC_DEMO_MAPPING,SYNTHETIC
2619.09,SKL0095,Workplace Safety,RELEVANT,2,SYNTHETIC_DEMO_MAPPING,SYNTHETIC
2619.1,SKL0092,Communication,RELEVANT,3,SYNTHETIC_DEMO_MAPPING,SYNTHETIC
2619.1,SKL0056,Construction Safety,RELEVANT,4,SYNTHETIC_DEMO_MAPPING,SYNTHETIC
2619.99,SKL0097,Team Management,RELEVANT,3,SYNTHETIC_DEMO_MAPPING,SYNTHETIC
2619.99,SKL0095,Workplace Safety,RELEVANT,3,SYNTHETIC_DEMO_MAPPING,SYNTHETIC
2619.99,SKL0093,Problem Solving,RELEVANT,1,SYNTHETIC_DEMO_MAPPING,SYNTHETIC
2619.99,SKL0092,Communication,RELEVANT,3,SYNTHETIC_DEMO_MAPPING,SYNTHETIC
2619.99,SKL0098,English Communication,RELEVANT,4,SYNTHETIC_DEMO_MAPPING,SYNTHETIC
2621.01,SKL0097,Team Management,RELEVANT,4,SYNTHETIC_DEMO_MAPPING,SYNTHETIC
2621.01,SKL0092,Communication,RELEVANT,2,SYNTHETIC_DEMO_MAPPING,SYNTHETIC
2621.01,SKL0093,Problem Solving,RELEVANT,1,SYNTHETIC_DEMO_MAPPING,SYNTHETIC
2621.02,SKL0096,Digital Literacy,RELEVANT,2,SYNTHETIC_DEMO_MAPPING,SYNTHETIC
2621.02,SKL0098,English Communication,RELEVANT,4,SYNTHETIC_DEMO_MAPPING,SYNTHETIC
2621.03,SKL0060,Structural Analysis,RELEVANT,4,SYNTHETIC_DEMO_MAPPING,SYNTHETIC
2621.03,SKL0055,Site Supervision,RELEVANT,4,SYNTHETIC_DEMO_MAPPING,SYNTHETIC
2621.04,SKL0045,Battery Management Systems,RELEVANT,1,SYNTHETIC_DEMO_MAPPING,SYNTHETIC
2621.04,SKL0043,Automotive Diagnostics,RELEVANT,2,SYNTHETIC_DEMO_MAPPING,SYNTHETIC
2621.04,SKL0097,Team Management,RELEVANT,3,SYNTHETIC_DEMO_MAPPING,SYNTHETIC
2621.04,SKL0096,Digital Literacy,RELEVANT,3,SYNTHETIC_DEMO_MAPPING,SYNTHETIC
2621.05,SKL0060,Structural Analysis,RELEVANT,2,SYNTHETIC_DEMO_MAPPING,SYNTHETIC
2621.05,SKL0048,Auto Electrical,RELEVANT,4,SYNTHETIC_DEMO_MAPPING,SYNTHETIC
2621.05,SKL0054,Quantity Surveying,RELEVANT,4,SYNTHETIC_DEMO_MAPPING,SYNTHETIC
2621.05,SKL0051,Service Operations,RELEVANT,2,SYNTHETIC_DEMO_MAPPING,SYNTHETIC
2621.06,SKL0047,Vehicle Diagnostics,RELEVANT,2,SYNTHETIC_DEMO_MAPPING,SYNTHETIC
2621.06,SKL0098,English Communication,RELEVANT,4,SYNTHETIC_DEMO_MAPPING,SYNTHETIC
2621.06,SKL0048,Auto Electrical,RELEVANT,1,SYNTHETIC_DEMO_MAPPING,SYNTHETIC
2621.07,SKL0038,CNC Turning,RELEVANT,1,SYNTHETIC_DEMO_MAPPING,SYNTHETIC
2621.07,SKL0044,EV Systems,RELEVANT,2,SYNTHETIC_DEMO_MAPPING,SYNTHETIC
2621.99,SKL0092,Communication,RELEVANT,4,SYNTHETIC_DEMO_MAPPING,SYNTHETIC
2621.99,SKL0094,Microsoft Excel,RELEVANT,2,SYNTHETIC_DEMO_MAPPING,SYNTHETIC
2621.99,SKL0098,English Communication,RELEVANT,4,SYNTHETIC_DEMO_MAPPING,SYNTHETIC
2621.99,SKL0093,Problem Solving,RELEVANT,3,SYNTHETIC_DEMO_MAPPING,SYNTHETIC
2621.99,SKL0095,Workplace Safety,RELEVANT,2,SYNTHETIC_DEMO_MAPPING,SYNTHETIC
2622.01,SKL0093,Problem Solving,RELEVANT,4,SYNTHETIC_DEMO_MAPPING,SYNTHETIC
2622.01,SKL0095,Workplace Safety,RELEVANT,2,SYNTHETIC_DEMO_MAPPING,SYNTHETIC
2622.01,SKL0052,Two-Wheeler Service,RELEVANT,2,SYNTHETIC_DEMO_MAPPING,SYNTHETIC
2622.02,SKL0095,Workplace Safety,RELEVANT,4,SYNTHETIC_DEMO_MAPPING,SYNTHETIC
2622.02,SKL0097,Team Management,RELEVANT,2,SYNTHETIC_DEMO_MAPPING,SYNTHETIC
2622.03,SKL0069,Tally,RELEVANT,2,SYNTHETIC_DEMO_MAPPING,SYNTHETIC
2622.03,SKL0018,Cybersecurity,RELEVANT,2,SYNTHETIC_DEMO_MAPPING,SYNTHETIC
2622.03,SKL0015,Power BI,RELEVANT,4,SYNTHETIC_DEMO_MAPPING,SYNTHETIC
2622.03,SKL0076,Customer Service,RELEVANT,3,SYNTHETIC_DEMO_MAPPING,SYNTHETIC
2622.05,SKL0010,REST APIs,RELEVANT,1,SYNTHETIC_DEMO_MAPPING,SYNTHETIC
2622.05,SKL0011,Git,RELEVANT,3,SYNTHETIC_DEMO_MAPPING,SYNTHETIC
2622.05,SKL0043,Automotive Diagnostics,RELEVANT,3,SYNTHETIC_DEMO_MAPPING,SYNTHETIC
2622.0601,SKL0095,Workplace Safety,RELEVANT,4,SYNTHETIC_DEMO_MAPPING,SYNTHETIC
2622.0601,SKL0098,English Communication,RELEVANT,3,SYNTHETIC_DEMO_MAPPING,SYNTHETIC
2622.0601,SKL0094,Microsoft Excel,RELEVANT,2,SYNTHETIC_DEMO_MAPPING,SYNTHETIC
2622.0601,SKL0096,Digital Literacy,RELEVANT,4,SYNTHETIC_DEMO_MAPPING,SYNTHETIC
2622.0601,SKL0093,Problem Solving,RELEVANT,2,SYNTHETIC_DEMO_MAPPING,SYNTHETIC
2622.99,SKL0098,English Communication,RELEVANT,3,SYNTHETIC_DEMO_MAPPING,SYNTHETIC
2622.99,SKL0097,Team Management,RELEVANT,4,SYNTHETIC_DEMO_MAPPING,SYNTHETIC
2622.99,SKL0094,Microsoft Excel,RELEVANT,4,SYNTHETIC_DEMO_MAPPING,SYNTHETIC
2631.01,SKL0010,REST APIs,RELEVANT,2,SYNTHETIC_DEMO_MAPPING,SYNTHETIC
2631.01,SKL0002,Java,RELEVANT,1,SYNTHETIC_DEMO_MAPPING,SYNTHETIC
2631.01,SKL0044,EV Systems,RELEVANT,4,SYNTHETIC_DEMO_MAPPING,SYNTHETIC
2631.01,SKL0019,UI/UX Design,RELEVANT,1,SYNTHETIC_DEMO_MAPPING,SYNTHETIC
2631.01,SKL0072,Excel,RELEVANT,4,SYNTHETIC_DEMO_MAPPING,SYNTHETIC
2631.02,SKL0092,Communication,RELEVANT,3,SYNTHETIC_DEMO_MAPPING,SYNTHETIC
2631.02,SKL0060,Structural Analysis,RELEVANT,2,SYNTHETIC_DEMO_MAPPING,SYNTHETIC
2631.02,SKL0051,Service Operations,RELEVANT,2,SYNTHETIC_DEMO_MAPPING,SYNTHETIC
2631.02,SKL0098,English Communication,RELEVANT,4,SYNTHETIC_DEMO_MAPPING,SYNTHETIC
2631.02,SKL0097,Team Management,RELEVANT,2,SYNTHETIC_DEMO_MAPPING,SYNTHETIC
2631.03,SKL0073,Business Analysis,RELEVANT,1,SYNTHETIC_DEMO_MAPPING,SYNTHETIC
2631.03,SKL0039,CNC Milling,RELEVANT,1,SYNTHETIC_DEMO_MAPPING,SYNTHETIC
2631.03,SKL0074,Digital Marketing,RELEVANT,1,SYNTHETIC_DEMO_MAPPING,SYNTHETIC
2631.03,SKL0096,Digital Literacy,RELEVANT,4,SYNTHETIC_DEMO_MAPPING,SYNTHETIC
2631.03,SKL0068,Accounting,RELEVANT,4,SYNTHETIC_DEMO_MAPPING,SYNTHETIC
2631.99,SKL0095,Workplace Safety,RELEVANT,1,SYNTHETIC_DEMO_MAPPING,SYNTHETIC
2631.99,SKL0094,Microsoft Excel,RELEVANT,4,SYNTHETIC_DEMO_MAPPING,SYNTHETIC
2631.99,SKL0097,Team Management,RELEVANT,4,SYNTHETIC_DEMO_MAPPING,SYNTHETIC
2631.99,SKL0092,Communication,RELEVANT,4,SYNTHETIC_DEMO_MAPPING,SYNTHETIC
2632.01,SKL0016,Data Analysis,RELEVANT,4,SYNTHETIC_DEMO_MAPPING,SYNTHETIC
2632.01,SKL0098,English Communication,RELEVANT,2,SYNTHETIC_DEMO_MAPPING,SYNTHETIC
2632.01,SKL0009,PostgreSQL,RELEVANT,3,SYNTHETIC_DEMO_MAPPING,SYNTHETIC
2632.01,SKL0003,JavaScript,RELEVANT,3,SYNTHETIC_DEMO_MAPPING,SYNTHETIC
2632.02,SKL0092,Communication,RELEVANT,4,SYNTHETIC_DEMO_MAPPING,SYNTHETIC
2632.02,SKL0095,Workplace Safety,RELEVANT,3,SYNTHETIC_DEMO_MAPPING,SYNTHETIC
2632.02,SKL0094,Microsoft Excel,RELEVANT,1,SYNTHETIC_DEMO_MAPPING,SYNTHETIC
2632.02,SKL0097,Team Management,RELEVANT,2,SYNTHETIC_DEMO_MAPPING,SYNTHETIC
2632.02,SKL0093,Problem Solving,RELEVANT,3,SYNTHETIC_DEMO_MAPPING,SYNTHETIC
2632.03,SKL0096,Digital Literacy,RELEVANT,1,SYNTHETIC_DEMO_MAPPING,SYNTHETIC
2632.03,SKL0067,Healthcare Administration,RELEVANT,4,SYNTHETIC_DEMO_MAPPING,SYNTHETIC
2632.04,SKL0092,Communication,RELEVANT,1,SYNTHETIC_DEMO_MAPPING,SYNTHETIC
2632.04,SKL0006,Next.js,RELEVANT,4,SYNTHETIC_DEMO_MAPPING,SYNTHETIC
2632.04,SKL0009,PostgreSQL,RELEVANT,1,SYNTHETIC_DEMO_MAPPING,SYNTHETIC
2632.04,SKL0017,Machine Learning,RELEVANT,2,SYNTHETIC_DEMO_MAPPING,SYNTHETIC
2632.05,SKL0007,Node.js,RELEVANT,1,SYNTHETIC_DEMO_MAPPING,SYNTHETIC
2632.05,SKL0017,Machine Learning,RELEVANT,1,SYNTHETIC_DEMO_MAPPING,SYNTHETIC
2632.05,SKL0096,Digital Literacy,RELEVANT,1,SYNTHETIC_DEMO_MAPPING,SYNTHETIC
2632.05,SKL0018,Cybersecurity,RELEVANT,4,SYNTHETIC_DEMO_MAPPING,SYNTHETIC
2632.06,SKL0094,Microsoft Excel,RELEVANT,1,SYNTHETIC_DEMO_MAPPING,SYNTHETIC
2632.06,SKL0098,English Communication,RELEVANT,2,SYNTHETIC_DEMO_MAPPING,SYNTHETIC
2632.06,SKL0096,Digital Literacy,RELEVANT,4,SYNTHETIC_DEMO_MAPPING,SYNTHETIC
2632.07,SKL0095,Workplace Safety,RELEVANT,1,SYNTHETIC_DEMO_MAPPING,SYNTHETIC
2632.07,SKL0096,Digital Literacy,RELEVANT,3,SYNTHETIC_DEMO_MAPPING,SYNTHETIC
2632.07,SKL0094,Microsoft Excel,RELEVANT,1,SYNTHETIC_DEMO_MAPPING,SYNTHETIC
2632.07,SKL0009,PostgreSQL,RELEVANT,1,SYNTHETIC_DEMO_MAPPING,SYNTHETIC
2632.07,SKL0012,Docker,RELEVANT,4,SYNTHETIC_DEMO_MAPPING,SYNTHETIC
2632.08,SKL0015,Power BI,RELEVANT,4,SYNTHETIC_DEMO_MAPPING,SYNTHETIC
2632.08,SKL0095,Workplace Safety,RELEVANT,2,SYNTHETIC_DEMO_MAPPING,SYNTHETIC
2632.09,SKL0095,Workplace Safety,RELEVANT,3,SYNTHETIC_DEMO_MAPPING,SYNTHETIC
2632.09,SKL0001,Python,RELEVANT,3,SYNTHETIC_DEMO_MAPPING,SYNTHETIC
2632.1,SKL0092,Communication,RELEVANT,3,SYNTHETIC_DEMO_MAPPING,SYNTHETIC
2632.1,SKL0093,Problem Solving,RELEVANT,4,SYNTHETIC_DEMO_MAPPING,SYNTHETIC
2632.11,SKL0041,AutoCAD,RELEVANT,2,SYNTHETIC_DEMO_MAPPING,SYNTHETIC
2632.11,SKL0054,Quantity Surveying,RELEVANT,4,SYNTHETIC_DEMO_MAPPING,SYNTHETIC
2632.11,SKL0055,Site Supervision,RELEVANT,3,SYNTHETIC_DEMO_MAPPING,SYNTHETIC
2632.12,SKL0094,Microsoft Excel,RELEVANT,3,SYNTHETIC_DEMO_MAPPING,SYNTHETIC
2632.12,SKL0001,Python,RELEVANT,4,SYNTHETIC_DEMO_MAPPING,SYNTHETIC
2632.12,SKL0013,AWS,RELEVANT,1,SYNTHETIC_DEMO_MAPPING,SYNTHETIC
2632.12,SKL0011,Git,RELEVANT,3,SYNTHETIC_DEMO_MAPPING,SYNTHETIC
2632.99,SKL0097,Team Management,RELEVANT,2,SYNTHETIC_DEMO_MAPPING,SYNTHETIC
2632.99,SKL0094,Microsoft Excel,RELEVANT,3,SYNTHETIC_DEMO_MAPPING,SYNTHETIC
2632.99,SKL0096,Digital Literacy,RELEVANT,3,SYNTHETIC_DEMO_MAPPING,SYNTHETIC
2632.99,SKL0098,English Communication,RELEVANT,2,SYNTHETIC_DEMO_MAPPING,SYNTHETIC
2633.01,SKL0014,Azure,RELEVANT,3,SYNTHETIC_DEMO_MAPPING,SYNTHETIC
2633.01,SKL0095,Workplace Safety,RELEVANT,4,SYNTHETIC_DEMO_MAPPING,SYNTHETIC
2633.01,SKL0093,Problem Solving,RELEVANT,3,SYNTHETIC_DEMO_MAPPING,SYNTHETIC
2633.02,SKL0069,Tally,RELEVANT,3,SYNTHETIC_DEMO_MAPPING,SYNTHETIC
2633.02,SKL0096,Digital Literacy,RELEVANT,3,SYNTHETIC_DEMO_MAPPING,SYNTHETIC
2633.02,SKL0092,Communication,RELEVANT,1,SYNTHETIC_DEMO_MAPPING,SYNTHETIC
2633.02,SKL0075,Sales,RELEVANT,4,SYNTHETIC_DEMO_MAPPING,SYNTHETIC
2633.02,SKL0070,GST,RELEVANT,1,SYNTHETIC_DEMO_MAPPING,SYNTHETIC
2633.03,SKL0060,Structural Analysis,RELEVANT,2,SYNTHETIC_DEMO_MAPPING,SYNTHETIC
2633.03,SKL0097,Team Management,RELEVANT,4,SYNTHETIC_DEMO_MAPPING,SYNTHETIC
2633.03,SKL0095,Workplace Safety,RELEVANT,4,SYNTHETIC_DEMO_MAPPING,SYNTHETIC
2633.03,SKL0092,Communication,RELEVANT,1,SYNTHETIC_DEMO_MAPPING,SYNTHETIC
2633.04,SKL0097,Team Management,RELEVANT,1,SYNTHETIC_DEMO_MAPPING,SYNTHETIC
2633.04,SKL0093,Problem Solving,RELEVANT,3,SYNTHETIC_DEMO_MAPPING,SYNTHETIC
2633.04,SKL0095,Workplace Safety,RELEVANT,4,SYNTHETIC_DEMO_MAPPING,SYNTHETIC
2633.05,SKL0092,Communication,RELEVANT,1,SYNTHETIC_DEMO_MAPPING,SYNTHETIC
2633.05,SKL0093,Problem Solving,RELEVANT,3,SYNTHETIC_DEMO_MAPPING,SYNTHETIC
2633.05,SKL0096,Digital Literacy,RELEVANT,1,SYNTHETIC_DEMO_MAPPING,SYNTHETIC
2633.05,SKL0094,Microsoft Excel,RELEVANT,2,SYNTHETIC_DEMO_MAPPING,SYNTHETIC
2633.06,SKL0071,Financial Analysis,RELEVANT,1,SYNTHETIC_DEMO_MAPPING,SYNTHETIC
2633.06,SKL0092,Communication,RELEVANT,4,SYNTHETIC_DEMO_MAPPING,SYNTHETIC
2633.06,SKL0096,Digital Literacy,RELEVANT,3,SYNTHETIC_DEMO_MAPPING,SYNTHETIC
2633.99,SKL0092,Communication,RELEVANT,1,SYNTHETIC_DEMO_MAPPING,SYNTHETIC
2633.99,SKL0097,Team Management,RELEVANT,4,SYNTHETIC_DEMO_MAPPING,SYNTHETIC
2633.99,SKL0094,Microsoft Excel,RELEVANT,2,SYNTHETIC_DEMO_MAPPING,SYNTHETIC
2633.99,SKL0096,Digital Literacy,RELEVANT,1,SYNTHETIC_DEMO_MAPPING,SYNTHETIC
2633.99,SKL0095,Workplace Safety,RELEVANT,3,SYNTHETIC_DEMO_MAPPING,SYNTHETIC
2634.01,SKL0050,Automotive CAD,RELEVANT,1,SYNTHETIC_DEMO_MAPPING,SYNTHETIC
2634.01,SKL0092,Communication,RELEVANT,1,SYNTHETIC_DEMO_MAPPING,SYNTHETIC
2634.01,SKL0043,Automotive Diagnostics,RELEVANT,2,SYNTHETIC_DEMO_MAPPING,SYNTHETIC
2634.02,SKL0097,Team Management,RELEVANT,3,SYNTHETIC_DEMO_MAPPING,SYNTHETIC
2634.02,SKL0096,Digital Literacy,RELEVANT,1,SYNTHETIC_DEMO_MAPPING,SYNTHETIC
2634.02,SKL0094,Microsoft Excel,RELEVANT,3,SYNTHETIC_DEMO_MAPPING,SYNTHETIC
2634.03,SKL0013,AWS,RELEVANT,4,SYNTHETIC_DEMO_MAPPING,SYNTHETIC
2634.03,SKL0017,Machine Learning,RELEVANT,2,SYNTHETIC_DEMO_MAPPING,SYNTHETIC
2634.03,SKL0094,Microsoft Excel,RELEVANT,3,SYNTHETIC_DEMO_MAPPING,SYNTHETIC
2634.03,SKL0040,Mechanical Assembly,RELEVANT,3,SYNTHETIC_DEMO_MAPPING,SYNTHETIC
2634.04,SKL0098,English Communication,RELEVANT,1,SYNTHETIC_DEMO_MAPPING,SYNTHETIC
2634.04,SKL0061,Patient Care,RELEVANT,2,SYNTHETIC_DEMO_MAPPING,SYNTHETIC
2634.04,SKL0093,Problem Solving,RELEVANT,1,SYNTHETIC_DEMO_MAPPING,SYNTHETIC
2634.05,SKL0006,Next.js,RELEVANT,1,SYNTHETIC_DEMO_MAPPING,SYNTHETIC
2634.05,SKL0017,Machine Learning,RELEVANT,1,SYNTHETIC_DEMO_MAPPING,SYNTHETIC
2634.05,SKL0096,Digital Literacy,RELEVANT,1,SYNTHETIC_DEMO_MAPPING,SYNTHETIC
2634.05,SKL0093,Problem Solving,RELEVANT,2,SYNTHETIC_DEMO_MAPPING,SYNTHETIC
2634.05,SKL0066,Medical Equipment Maintenance,RELEVANT,3,SYNTHETIC_DEMO_MAPPING,SYNTHETIC
2634.06,SKL0062,Medical Coding,RELEVANT,2,SYNTHETIC_DEMO_MAPPING,SYNTHETIC
2634.06,SKL0065,Laboratory Techniques,RELEVANT,2,SYNTHETIC_DEMO_MAPPING,SYNTHETIC
2634.06,SKL0067,Healthcare Administration,RELEVANT,2,SYNTHETIC_DEMO_MAPPING,SYNTHETIC
2634.06,SKL0098,English Communication,RELEVANT,1,SYNTHETIC_DEMO_MAPPING,SYNTHETIC
2634.07,SKL0068,Accounting,RELEVANT,4,SYNTHETIC_DEMO_MAPPING,SYNTHETIC
2634.07,SKL0095,Workplace Safety,RELEVANT,3,SYNTHETIC_DEMO_MAPPING,SYNTHETIC
2634.07,SKL0069,Tally,RELEVANT,3,SYNTHETIC_DEMO_MAPPING,SYNTHETIC
2634.07,SKL0018,Cybersecurity,RELEVANT,3,SYNTHETIC_DEMO_MAPPING,SYNTHETIC
2634.08,SKL0043,Automotive Diagnostics,RELEVANT,1,SYNTHETIC_DEMO_MAPPING,SYNTHETIC
2634.08,SKL0003,JavaScript,RELEVANT,1,SYNTHETIC_DEMO_MAPPING,SYNTHETIC
2634.08,SKL0046,EV Battery Maintenance,RELEVANT,2,SYNTHETIC_DEMO_MAPPING,SYNTHETIC
2634.99,SKL0096,Digital Literacy,RELEVANT,3,SYNTHETIC_DEMO_MAPPING,SYNTHETIC
2634.99,SKL0093,Problem Solving,RELEVANT,4,SYNTHETIC_DEMO_MAPPING,SYNTHETIC
2634.99,SKL0092,Communication,RELEVANT,1,SYNTHETIC_DEMO_MAPPING,SYNTHETIC
2635.01,SKL0038,CNC Turning,RELEVANT,4,SYNTHETIC_DEMO_MAPPING,SYNTHETIC
2635.01,SKL0034,Welding,RELEVANT,1,SYNTHETIC_DEMO_MAPPING,SYNTHETIC
2635.01,SKL0096,Digital Literacy,RELEVANT,4,SYNTHETIC_DEMO_MAPPING,SYNTHETIC
2635.01,SKL0040,Mechanical Assembly,RELEVANT,4,SYNTHETIC_DEMO_MAPPING,SYNTHETIC
2635.01,SKL0092,Communication,RELEVANT,3,SYNTHETIC_DEMO_MAPPING,SYNTHETIC
2635.02,SKL0096,Digital Literacy,RELEVANT,4,SYNTHETIC_DEMO_MAPPING,SYNTHETIC
2635.02,SKL0074,Digital Marketing,RELEVANT,2,SYNTHETIC_DEMO_MAPPING,SYNTHETIC
2635.02,SKL0093,Problem Solving,RELEVANT,1,SYNTHETIC_DEMO_MAPPING,SYNTHETIC
2635.03,SKL0045,Battery Management Systems,RELEVANT,3,SYNTHETIC_DEMO_MAPPING,SYNTHETIC
2635.03,SKL0049,Electric Motor Systems,RELEVANT,1,SYNTHETIC_DEMO_MAPPING,SYNTHETIC
2635.04,SKL0097,Team Management,RELEVANT,2,SYNTHETIC_DEMO_MAPPING,SYNTHETIC
2635.04,SKL0098,English Communication,RELEVANT,4,SYNTHETIC_DEMO_MAPPING,SYNTHETIC
2635.05,SKL0092,Communication,RELEVANT,3,SYNTHETIC_DEMO_MAPPING,SYNTHETIC
2635.05,SKL0045,Battery Management Systems,RELEVANT,4,SYNTHETIC_DEMO_MAPPING,SYNTHETIC
2635.06,SKL0017,Machine Learning,RELEVANT,4,SYNTHETIC_DEMO_MAPPING,SYNTHETIC
2635.06,SKL0052,Two-Wheeler Service,RELEVANT,3,SYNTHETIC_DEMO_MAPPING,SYNTHETIC
2635.07,SKL0048,Auto Electrical,RELEVANT,2,SYNTHETIC_DEMO_MAPPING,SYNTHETIC
2635.07,SKL0093,Problem Solving,RELEVANT,2,SYNTHETIC_DEMO_MAPPING,SYNTHETIC
2635.08,SKL0052,Two-Wheeler Service,RELEVANT,3,SYNTHETIC_DEMO_MAPPING,SYNTHETIC
2635.08,SKL0065,Laboratory Techniques,RELEVANT,2,SYNTHETIC_DEMO_MAPPING,SYNTHETIC
2635.08,SKL0050,Automotive CAD,RELEVANT,1,SYNTHETIC_DEMO_MAPPING,SYNTHETIC
2635.08,SKL0067,Healthcare Administration,RELEVANT,4,SYNTHETIC_DEMO_MAPPING,SYNTHETIC
2635.09,SKL0097,Team Management,RELEVANT,4,SYNTHETIC_DEMO_MAPPING,SYNTHETIC
2635.09,SKL0012,Docker,RELEVANT,3,SYNTHETIC_DEMO_MAPPING,SYNTHETIC
2635.09,SKL0094,Microsoft Excel,RELEVANT,2,SYNTHETIC_DEMO_MAPPING,SYNTHETIC
2635.09,SKL0098,English Communication,RELEVANT,2,SYNTHETIC_DEMO_MAPPING,SYNTHETIC
2635.09,SKL0013,AWS,RELEVANT,1,SYNTHETIC_DEMO_MAPPING,SYNTHETIC
2635.1,SKL0052,Two-Wheeler Service,RELEVANT,3,SYNTHETIC_DEMO_MAPPING,SYNTHETIC
2635.1,SKL0049,Electric Motor Systems,RELEVANT,1,SYNTHETIC_DEMO_MAPPING,SYNTHETIC
2635.1,SKL0043,Automotive Diagnostics,RELEVANT,4,SYNTHETIC_DEMO_MAPPING,SYNTHETIC
2635.11,SKL0048,Auto Electrical,RELEVANT,3,SYNTHETIC_DEMO_MAPPING,SYNTHETIC
2635.11,SKL0098,English Communication,RELEVANT,2,SYNTHETIC_DEMO_MAPPING,SYNTHETIC
2635.99,SKL0096,Digital Literacy,RELEVANT,3,SYNTHETIC_DEMO_MAPPING,SYNTHETIC
2635.99,SKL0095,Workplace Safety,RELEVANT,4,SYNTHETIC_DEMO_MAPPING,SYNTHETIC
2635.99,SKL0093,Problem Solving,RELEVANT,2,SYNTHETIC_DEMO_MAPPING,SYNTHETIC
2635.99,SKL0097,Team Management,RELEVANT,3,SYNTHETIC_DEMO_MAPPING,SYNTHETIC
2636.01,SKL0096,Digital Literacy,RELEVANT,2,SYNTHETIC_DEMO_MAPPING,SYNTHETIC
2636.01,SKL0098,English Communication,RELEVANT,2,SYNTHETIC_DEMO_MAPPING,SYNTHETIC
2636.01,SKL0093,Problem Solving,RELEVANT,3,SYNTHETIC_DEMO_MAPPING,SYNTHETIC
2636.01,SKL0097,Team Management,RELEVANT,4,SYNTHETIC_DEMO_MAPPING,SYNTHETIC
2636.01,SKL0092,Communication,RELEVANT,4,SYNTHETIC_DEMO_MAPPING,SYNTHETIC
2636.02,SKL0098,English Communication,RELEVANT,2,SYNTHETIC_DEMO_MAPPING,SYNTHETIC
2636.02,SKL0096,Digital Literacy,RELEVANT,3,SYNTHETIC_DEMO_MAPPING,SYNTHETIC
2636.02,SKL0095,Workplace Safety,RELEVANT,4,SYNTHETIC_DEMO_MAPPING,SYNTHETIC
2636.02,SKL0094,Microsoft Excel,RELEVANT,1,SYNTHETIC_DEMO_MAPPING,SYNTHETIC
2636.02,SKL0093,Problem Solving,RELEVANT,1,SYNTHETIC_DEMO_MAPPING,SYNTHETIC
2636.99,SKL0051,Service Operations,RELEVANT,2,SYNTHETIC_DEMO_MAPPING,SYNTHETIC
2636.99,SKL0092,Communication,RELEVANT,1,SYNTHETIC_DEMO_MAPPING,SYNTHETIC
2636.99,SKL0097,Team Management,RELEVANT,4,SYNTHETIC_DEMO_MAPPING,SYNTHETIC
2636.99,SKL0044,EV Systems,RELEVANT,4,SYNTHETIC_DEMO_MAPPING,SYNTHETIC
2636.99,SKL0098,English Communication,RELEVANT,2,SYNTHETIC_DEMO_MAPPING,SYNTHETIC
2641.01,SKL0010,REST APIs,RELEVANT,3,SYNTHETIC_DEMO_MAPPING,SYNTHETIC
2641.01,SKL0019,UI/UX Design,RELEVANT,2,SYNTHETIC_DEMO_MAPPING,SYNTHETIC
2641.01,SKL0097,Team Management,RELEVANT,3,SYNTHETIC_DEMO_MAPPING,SYNTHETIC
2641.02,SKL0095,Workplace Safety,RELEVANT,4,SYNTHETIC_DEMO_MAPPING,SYNTHETIC
2641.02,SKL0037,Production Planning,RELEVANT,3,SYNTHETIC_DEMO_MAPPING,SYNTHETIC
2641.03,SKL0092,Communication,RELEVANT,2,SYNTHETIC_DEMO_MAPPING,SYNTHETIC
2641.03,SKL0095,Workplace Safety,RELEVANT,4,SYNTHETIC_DEMO_MAPPING,SYNTHETIC
2641.0302,SKL0096,Digital Literacy,RELEVANT,1,SYNTHETIC_DEMO_MAPPING,SYNTHETIC
2641.0302,SKL0039,CNC Milling,RELEVANT,1,SYNTHETIC_DEMO_MAPPING,SYNTHETIC
2641.0302,SKL0040,Mechanical Assembly,RELEVANT,4,SYNTHETIC_DEMO_MAPPING,SYNTHETIC
2641.04,SKL0098,English Communication,RELEVANT,1,SYNTHETIC_DEMO_MAPPING,SYNTHETIC
2641.04,SKL0095,Workplace Safety,RELEVANT,1,SYNTHETIC_DEMO_MAPPING,SYNTHETIC
2641.05,SKL0093,Problem Solving,RELEVANT,4,SYNTHETIC_DEMO_MAPPING,SYNTHETIC
2641.05,SKL0096,Digital Literacy,RELEVANT,1,SYNTHETIC_DEMO_MAPPING,SYNTHETIC
2641.05,SKL0098,English Communication,RELEVANT,4,SYNTHETIC_DEMO_MAPPING,SYNTHETIC
2641.0601,SKL0010,REST APIs,RELEVANT,4,SYNTHETIC_DEMO_MAPPING,SYNTHETIC
2641.0601,SKL0004,TypeScript,RELEVANT,2,SYNTHETIC_DEMO_MAPPING,SYNTHETIC
2641.0601,SKL0009,PostgreSQL,RELEVANT,2,SYNTHETIC_DEMO_MAPPING,SYNTHETIC
2641.0601,SKL0002,Java,RELEVANT,4,SYNTHETIC_DEMO_MAPPING,SYNTHETIC
2641.0601,SKL0019,UI/UX Design,RELEVANT,3,SYNTHETIC_DEMO_MAPPING,SYNTHETIC
2641.0602,SKL0093,Problem Solving,RELEVANT,3,SYNTHETIC_DEMO_MAPPING,SYNTHETIC
2641.0602,SKL0096,Digital Literacy,RELEVANT,3,SYNTHETIC_DEMO_MAPPING,SYNTHETIC
2641.0701,SKL0093,Problem Solving,RELEVANT,2,SYNTHETIC_DEMO_MAPPING,SYNTHETIC
2641.0701,SKL0094,Microsoft Excel,RELEVANT,1,SYNTHETIC_DEMO_MAPPING,SYNTHETIC
2641.0801,SKL0006,Next.js,RELEVANT,2,SYNTHETIC_DEMO_MAPPING,SYNTHETIC
2641.0801,SKL0010,REST APIs,RELEVANT,2,SYNTHETIC_DEMO_MAPPING,SYNTHETIC
2641.0801,SKL0017,Machine Learning,RELEVANT,3,SYNTHETIC_DEMO_MAPPING,SYNTHETIC
2641.0801,SKL0094,Microsoft Excel,RELEVANT,4,SYNTHETIC_DEMO_MAPPING,SYNTHETIC
2641.0801,SKL0040,Mechanical Assembly,RELEVANT,4,SYNTHETIC_DEMO_MAPPING,SYNTHETIC
2641.0901,SKL0093,Problem Solving,RELEVANT,2,SYNTHETIC_DEMO_MAPPING,SYNTHETIC
2641.0901,SKL0010,REST APIs,RELEVANT,1,SYNTHETIC_DEMO_MAPPING,SYNTHETIC
2641.0901,SKL0008,SQL,RELEVANT,3,SYNTHETIC_DEMO_MAPPING,SYNTHETIC
2641.0901,SKL0015,Power BI,RELEVANT,1,SYNTHETIC_DEMO_MAPPING,SYNTHETIC
2641.0902,SKL0096,Digital Literacy,RELEVANT,4,SYNTHETIC_DEMO_MAPPING,SYNTHETIC
2641.0902,SKL0097,Team Management,RELEVANT,4,SYNTHETIC_DEMO_MAPPING,SYNTHETIC
2641.0902,SKL0009,PostgreSQL,RELEVANT,1,SYNTHETIC_DEMO_MAPPING,SYNTHETIC
2641.0902,SKL0011,Git,RELEVANT,4,SYNTHETIC_DEMO_MAPPING,SYNTHETIC
2641.0902,SKL0007,Node.js,RELEVANT,2,SYNTHETIC_DEMO_MAPPING,SYNTHETIC
2641.0903,SKL0098,English Communication,RELEVANT,4,SYNTHETIC_DEMO_MAPPING,SYNTHETIC
2641.0903,SKL0013,AWS,RELEVANT,4,SYNTHETIC_DEMO_MAPPING,SYNTHETIC
2641.0903,SKL0015,Power BI,RELEVANT,2,SYNTHETIC_DEMO_MAPPING,SYNTHETIC
2641.0903,SKL0095,Workplace Safety,RELEVANT,3,SYNTHETIC_DEMO_MAPPING,SYNTHETIC
2641.99,SKL0098,English Communication,RELEVANT,2,SYNTHETIC_DEMO_MAPPING,SYNTHETIC
2641.99,SKL0032,CNC Operation,RELEVANT,4,SYNTHETIC_DEMO_MAPPING,SYNTHETIC
2641.99,SKL0094,Microsoft Excel,RELEVANT,1,SYNTHETIC_DEMO_MAPPING,SYNTHETIC
2641.99,SKL0040,Mechanical Assembly,RELEVANT,4,SYNTHETIC_DEMO_MAPPING,SYNTHETIC
2641.99,SKL0097,Team Management,RELEVANT,2,SYNTHETIC_DEMO_MAPPING,SYNTHETIC
2642.01,SKL0094,Microsoft Excel,RELEVANT,4,SYNTHETIC_DEMO_MAPPING,SYNTHETIC
2642.01,SKL0098,English Communication,RELEVANT,2,SYNTHETIC_DEMO_MAPPING,SYNTHETIC
2642.01,SKL0097,Team Management,RELEVANT,1,SYNTHETIC_DEMO_MAPPING,SYNTHETIC
2642.02,SKL0094,Microsoft Excel,RELEVANT,3,SYNTHETIC_DEMO_MAPPING,SYNTHETIC
2642.02,SKL0096,Digital Literacy,RELEVANT,1,SYNTHETIC_DEMO_MAPPING,SYNTHETIC
2642.02,SKL0092,Communication,RELEVANT,1,SYNTHETIC_DEMO_MAPPING,SYNTHETIC
2642.02,SKL0093,Problem Solving,RELEVANT,2,SYNTHETIC_DEMO_MAPPING,SYNTHETIC
2642.03,SKL0097,Team Management,RELEVANT,4,SYNTHETIC_DEMO_MAPPING,SYNTHETIC
2642.03,SKL0092,Communication,RELEVANT,1,SYNTHETIC_DEMO_MAPPING,SYNTHETIC
2642.03,SKL0093,Problem Solving,RELEVANT,4,SYNTHETIC_DEMO_MAPPING,SYNTHETIC
2642.04,SKL0097,Team Management,RELEVANT,4,SYNTHETIC_DEMO_MAPPING,SYNTHETIC
2642.04,SKL0096,Digital Literacy,RELEVANT,3,SYNTHETIC_DEMO_MAPPING,SYNTHETIC
2642.05,SKL0093,Problem Solving,RELEVANT,2,SYNTHETIC_DEMO_MAPPING,SYNTHETIC
2642.05,SKL0096,Digital Literacy,RELEVANT,4,SYNTHETIC_DEMO_MAPPING,SYNTHETIC
2642.05,SKL0097,Team Management,RELEVANT,4,SYNTHETIC_DEMO_MAPPING,SYNTHETIC
2642.05,SKL0092,Communication,RELEVANT,3,SYNTHETIC_DEMO_MAPPING,SYNTHETIC
2642.05,SKL0098,English Communication,RELEVANT,4,SYNTHETIC_DEMO_MAPPING,SYNTHETIC
2642.06,SKL0092,Communication,RELEVANT,4,SYNTHETIC_DEMO_MAPPING,SYNTHETIC
2642.06,SKL0095,Workplace Safety,RELEVANT,2,SYNTHETIC_DEMO_MAPPING,SYNTHETIC
2642.06,SKL0096,Digital Literacy,RELEVANT,1,SYNTHETIC_DEMO_MAPPING,SYNTHETIC
2642.06,SKL0094,Microsoft Excel,RELEVANT,3,SYNTHETIC_DEMO_MAPPING,SYNTHETIC
2643.01,SKL0092,Communication,RELEVANT,4,SYNTHETIC_DEMO_MAPPING,SYNTHETIC
2643.01,SKL0054,Quantity Surveying,RELEVANT,1,SYNTHETIC_DEMO_MAPPING,SYNTHETIC
2643.01,SKL0059,Project Planning,RELEVANT,2,SYNTHETIC_DEMO_MAPPING,SYNTHETIC
2643.02,SKL0098,English Communication,RELEVANT,2,SYNTHETIC_DEMO_MAPPING,SYNTHETIC
2643.02,SKL0095,Workplace Safety,RELEVANT,3,SYNTHETIC_DEMO_MAPPING,SYNTHETIC
2643.02,SKL0096,Digital Literacy,RELEVANT,2,SYNTHETIC_DEMO_MAPPING,SYNTHETIC
2643.03,SKL0093,Problem Solving,RELEVANT,1,SYNTHETIC_DEMO_MAPPING,SYNTHETIC
2643.03,SKL0097,Team Management,RELEVANT,1,SYNTHETIC_DEMO_MAPPING,SYNTHETIC
2643.0401,SKL0095,Workplace Safety,RELEVANT,3,SYNTHETIC_DEMO_MAPPING,SYNTHETIC
2643.0401,SKL0014,Azure,RELEVANT,4,SYNTHETIC_DEMO_MAPPING,SYNTHETIC
2643.0401,SKL0093,Problem Solving,RELEVANT,2,SYNTHETIC_DEMO_MAPPING,SYNTHETIC
2643.0402,SKL0012,Docker,RELEVANT,3,SYNTHETIC_DEMO_MAPPING,SYNTHETIC
2643.0402,SKL0002,Java,RELEVANT,4,SYNTHETIC_DEMO_MAPPING,SYNTHETIC
2643.0402,SKL0003,JavaScript,RELEVANT,3,SYNTHETIC_DEMO_MAPPING,SYNTHETIC
2643.0402,SKL0097,Team Management,RELEVANT,2,SYNTHETIC_DEMO_MAPPING,SYNTHETIC
2643.0402,SKL0093,Problem Solving,RELEVANT,2,SYNTHETIC_DEMO_MAPPING,SYNTHETIC
2643.99,SKL0097,Team Management,RELEVANT,1,SYNTHETIC_DEMO_MAPPING,SYNTHETIC
2643.99,SKL0098,English Communication,RELEVANT,2,SYNTHETIC_DEMO_MAPPING,SYNTHETIC
2651.01,SKL0040,Mechanical Assembly,RELEVANT,3,SYNTHETIC_DEMO_MAPPING,SYNTHETIC
2651.01,SKL0037,Production Planning,RELEVANT,1,SYNTHETIC_DEMO_MAPPING,SYNTHETIC
2651.01,SKL0033,Machine Maintenance,RELEVANT,3,SYNTHETIC_DEMO_MAPPING,SYNTHETIC
2651.01,SKL0093,Problem Solving,RELEVANT,4,SYNTHETIC_DEMO_MAPPING,SYNTHETIC
2651.01,SKL0034,Welding,RELEVANT,2,SYNTHETIC_DEMO_MAPPING,SYNTHETIC
2651.02,SKL0092,Communication,RELEVANT,4,SYNTHETIC_DEMO_MAPPING,SYNTHETIC
2651.02,SKL0040,Mechanical Assembly,RELEVANT,2,SYNTHETIC_DEMO_MAPPING,SYNTHETIC
2651.02,SKL0093,Problem Solving,RELEVANT,3,SYNTHETIC_DEMO_MAPPING,SYNTHETIC
2651.03,SKL0025,Industrial Automation,RELEVANT,4,SYNTHETIC_DEMO_MAPPING,SYNTHETIC
2651.03,SKL0027,Sensors,RELEVANT,4,SYNTHETIC_DEMO_MAPPING,SYNTHETIC
2651.03,SKL0097,Team Management,RELEVANT,4,SYNTHETIC_DEMO_MAPPING,SYNTHETIC
2651.04,SKL0093,Problem Solving,RELEVANT,3,SYNTHETIC_DEMO_MAPPING,SYNTHETIC
2651.04,SKL0096,Digital Literacy,RELEVANT,4,SYNTHETIC_DEMO_MAPPING,SYNTHETIC
2651.04,SKL0098,English Communication,RELEVANT,2,SYNTHETIC_DEMO_MAPPING,SYNTHETIC
2651.05,SKL0098,English Communication,RELEVANT,3,SYNTHETIC_DEMO_MAPPING,SYNTHETIC
2651.05,SKL0096,Digital Literacy,RELEVANT,2,SYNTHETIC_DEMO_MAPPING,SYNTHETIC
2651.05,SKL0092,Communication,RELEVANT,4,SYNTHETIC_DEMO_MAPPING,SYNTHETIC
2651.06,SKL0098,English Communication,RELEVANT,1,SYNTHETIC_DEMO_MAPPING,SYNTHETIC
2651.06,SKL0041,AutoCAD,RELEVANT,4,SYNTHETIC_DEMO_MAPPING,SYNTHETIC
2651.06,SKL0097,Team Management,RELEVANT,2,SYNTHETIC_DEMO_MAPPING,SYNTHETIC
2651.06,SKL0032,CNC Operation,RELEVANT,3,SYNTHETIC_DEMO_MAPPING,SYNTHETIC
2651.99,SKL0095,Workplace Safety,RELEVANT,3,SYNTHETIC_DEMO_MAPPING,SYNTHETIC
2651.99,SKL0094,Microsoft Excel,RELEVANT,2,SYNTHETIC_DEMO_MAPPING,SYNTHETIC
2652.01,SKL0097,Team Management,RELEVANT,1,SYNTHETIC_DEMO_MAPPING,SYNTHETIC
2652.01,SKL0025,Industrial Automation,RELEVANT,1,SYNTHETIC_DEMO_MAPPING,SYNTHETIC
2652.01,SKL0024,PCB Design,RELEVANT,4,SYNTHETIC_DEMO_MAPPING,SYNTHETIC
2652.01,SKL0094,Microsoft Excel,RELEVANT,4,SYNTHETIC_DEMO_MAPPING,SYNTHETIC
2652.01,SKL0022,SCADA,RELEVANT,1,SYNTHETIC_DEMO_MAPPING,SYNTHETIC
2652.02,SKL0095,Workplace Safety,RELEVANT,4,SYNTHETIC_DEMO_MAPPING,SYNTHETIC
2652.02,SKL0022,SCADA,RELEVANT,1,SYNTHETIC_DEMO_MAPPING,SYNTHETIC
2652.02,SKL0026,IoT,RELEVANT,2,SYNTHETIC_DEMO_MAPPING,SYNTHETIC
2652.02,SKL0025,Industrial Automation,RELEVANT,2,SYNTHETIC_DEMO_MAPPING,SYNTHETIC
2652.03,SKL0093,Problem Solving,RELEVANT,3,SYNTHETIC_DEMO_MAPPING,SYNTHETIC
2652.03,SKL0098,English Communication,RELEVANT,2,SYNTHETIC_DEMO_MAPPING,SYNTHETIC
2652.03,SKL0023,Embedded Systems,RELEVANT,3,SYNTHETIC_DEMO_MAPPING,SYNTHETIC
2652.04,SKL0098,English Communication,RELEVANT,4,SYNTHETIC_DEMO_MAPPING,SYNTHETIC
2652.04,SKL0094,Microsoft Excel,RELEVANT,4,SYNTHETIC_DEMO_MAPPING,SYNTHETIC
2652.04,SKL0021,PLC,RELEVANT,1,SYNTHETIC_DEMO_MAPPING,SYNTHETIC
2652.04,SKL0025,Industrial Automation,RELEVANT,2,SYNTHETIC_DEMO_MAPPING,SYNTHETIC
2652.05,SKL0023,Embedded Systems,RELEVANT,2,SYNTHETIC_DEMO_MAPPING,SYNTHETIC
2652.05,SKL0026,IoT,RELEVANT,3,SYNTHETIC_DEMO_MAPPING,SYNTHETIC
2652.05,SKL0029,Control Systems,RELEVANT,1,SYNTHETIC_DEMO_MAPPING,SYNTHETIC
2652.06,SKL0095,Workplace Safety,RELEVANT,1,SYNTHETIC_DEMO_MAPPING,SYNTHETIC
2652.06,SKL0098,English Communication,RELEVANT,1,SYNTHETIC_DEMO_MAPPING,SYNTHETIC
2652.06,SKL0029,Control Systems,RELEVANT,1,SYNTHETIC_DEMO_MAPPING,SYNTHETIC
2652.06,SKL0022,SCADA,RELEVANT,3,SYNTHETIC_DEMO_MAPPING,SYNTHETIC
2652.99,SKL0094,Microsoft Excel,RELEVANT,3,SYNTHETIC_DEMO_MAPPING,SYNTHETIC
2652.99,SKL0097,Team Management,RELEVANT,1,SYNTHETIC_DEMO_MAPPING,SYNTHETIC
2652.99,SKL0033,Machine Maintenance,RELEVANT,1,SYNTHETIC_DEMO_MAPPING,SYNTHETIC
2652.99,SKL0039,CNC Milling,RELEVANT,3,SYNTHETIC_DEMO_MAPPING,SYNTHETIC
2653.01,SKL0095,Workplace Safety,RELEVANT,1,SYNTHETIC_DEMO_MAPPING,SYNTHETIC
2653.01,SKL0097,Team Management,RELEVANT,1,SYNTHETIC_DEMO_MAPPING,SYNTHETIC
2653.01,SKL0033,Machine Maintenance,RELEVANT,2,SYNTHETIC_DEMO_MAPPING,SYNTHETIC
2653.01,SKL0096,Digital Literacy,RELEVANT,1,SYNTHETIC_DEMO_MAPPING,SYNTHETIC
2653.01,SKL0032,CNC Operation,RELEVANT,1,SYNTHETIC_DEMO_MAPPING,SYNTHETIC
2653.02,SKL0097,Team Management,RELEVANT,1,SYNTHETIC_DEMO_MAPPING,SYNTHETIC
2653.02,SKL0092,Communication,RELEVANT,1,SYNTHETIC_DEMO_MAPPING,SYNTHETIC
2653.02,SKL0096,Digital Literacy,RELEVANT,2,SYNTHETIC_DEMO_MAPPING,SYNTHETIC
2653.02,SKL0094,Microsoft Excel,RELEVANT,2,SYNTHETIC_DEMO_MAPPING,SYNTHETIC
2653.03,SKL0096,Digital Literacy,RELEVANT,4,SYNTHETIC_DEMO_MAPPING,SYNTHETIC
2653.03,SKL0097,Team Management,RELEVANT,4,SYNTHETIC_DEMO_MAPPING,SYNTHETIC
2653.03,SKL0098,English Communication,RELEVANT,4,SYNTHETIC_DEMO_MAPPING,SYNTHETIC
2653.99,SKL0093,Problem Solving,RELEVANT,1,SYNTHETIC_DEMO_MAPPING,SYNTHETIC
2653.99,SKL0092,Communication,RELEVANT,1,SYNTHETIC_DEMO_MAPPING,SYNTHETIC
2653.99,SKL0097,Team Management,RELEVANT,4,SYNTHETIC_DEMO_MAPPING,SYNTHETIC
2653.99,SKL0095,Workplace Safety,RELEVANT,3,SYNTHETIC_DEMO_MAPPING,SYNTHETIC
2653.99,SKL0096,Digital Literacy,RELEVANT,3,SYNTHETIC_DEMO_MAPPING,SYNTHETIC
2654.01,SKL0075,Sales,RELEVANT,4,SYNTHETIC_DEMO_MAPPING,SYNTHETIC
2654.01,SKL0028,Electrical Testing,RELEVANT,1,SYNTHETIC_DEMO_MAPPING,SYNTHETIC
2654.01,SKL0073,Business Analysis,RELEVANT,3,SYNTHETIC_DEMO_MAPPING,SYNTHETIC
2654.01,SKL0072,Excel,RELEVANT,3,SYNTHETIC_DEMO_MAPPING,SYNTHETIC
2654.01,SKL0085,Warehouse Management,RELEVANT,1,SYNTHETIC_DEMO_MAPPING,SYNTHETIC
2654.02,SKL0095,Workplace Safety,RELEVANT,2,SYNTHETIC_DEMO_MAPPING,SYNTHETIC
2654.02,SKL0036,Lean Manufacturing,RELEVANT,3,SYNTHETIC_DEMO_MAPPING,SYNTHETIC
2654.02,SKL0040,Mechanical Assembly,RELEVANT,4,SYNTHETIC_DEMO_MAPPING,SYNTHETIC
2654.03,SKL0035,Quality Control,RELEVANT,4,SYNTHETIC_DEMO_MAPPING,SYNTHETIC
2654.03,SKL0040,Mechanical Assembly,RELEVANT,4,SYNTHETIC_DEMO_MAPPING,SYNTHETIC
2654.03,SKL0098,English Communication,RELEVANT,4,SYNTHETIC_DEMO_MAPPING,SYNTHETIC
2654.03,SKL0041,AutoCAD,RELEVANT,4,SYNTHETIC_DEMO_MAPPING,SYNTHETIC
2654.0351,SKL0032,CNC Operation,RELEVANT,4,SYNTHETIC_DEMO_MAPPING,SYNTHETIC
2654.0351,SKL0042,SolidWorks,RELEVANT,4,SYNTHETIC_DEMO_MAPPING,SYNTHETIC
2654.0351,SKL0038,CNC Turning,RELEVANT,1,SYNTHETIC_DEMO_MAPPING,SYNTHETIC
2654.0351,SKL0039,CNC Milling,RELEVANT,2,SYNTHETIC_DEMO_MAPPING,SYNTHETIC
2654.0351,SKL0035,Quality Control,RELEVANT,2,SYNTHETIC_DEMO_MAPPING,SYNTHETIC
2654.04,SKL0097,Team Management,RELEVANT,2,SYNTHETIC_DEMO_MAPPING,SYNTHETIC
2654.04,SKL0004,TypeScript,RELEVANT,2,SYNTHETIC_DEMO_MAPPING,SYNTHETIC
2654.04,SKL0002,Java,RELEVANT,1,SYNTHETIC_DEMO_MAPPING,SYNTHETIC
2654.04,SKL0034,Welding,RELEVANT,4,SYNTHETIC_DEMO_MAPPING,SYNTHETIC
2654.04,SKL0094,Microsoft Excel,RELEVANT,2,SYNTHETIC_DEMO_MAPPING,SYNTHETIC
2654.05,SKL0096,Digital Literacy,RELEVANT,3,SYNTHETIC_DEMO_MAPPING,SYNTHETIC
2654.05,SKL0051,Service Operations,RELEVANT,1,SYNTHETIC_DEMO_MAPPING,SYNTHETIC
2654.05,SKL0093,Problem Solving,RELEVANT,2,SYNTHETIC_DEMO_MAPPING,SYNTHETIC
2654.05,SKL0044,EV Systems,RELEVANT,2,SYNTHETIC_DEMO_MAPPING,SYNTHETIC
2654.06,SKL0092,Communication,RELEVANT,3,SYNTHETIC_DEMO_MAPPING,SYNTHETIC
2654.06,SKL0093,Problem Solving,RELEVANT,4,SYNTHETIC_DEMO_MAPPING,SYNTHETIC
2654.07,SKL0095,Workplace Safety,RELEVANT,3,SYNTHETIC_DEMO_MAPPING,SYNTHETIC
2654.07,SKL0041,AutoCAD,RELEVANT,2,SYNTHETIC_DEMO_MAPPING,SYNTHETIC
2654.08,SKL0042,SolidWorks,RELEVANT,1,SYNTHETIC_DEMO_MAPPING,SYNTHETIC
2654.08,SKL0086,Inventory Management,RELEVANT,2,SYNTHETIC_DEMO_MAPPING,SYNTHETIC
2654.0901,SKL0095,Workplace Safety,RELEVANT,2,SYNTHETIC_DEMO_MAPPING,SYNTHETIC
2654.0901,SKL0042,SolidWorks,RELEVANT,3,SYNTHETIC_DEMO_MAPPING,SYNTHETIC
2654.0901,SKL0037,Production Planning,RELEVANT,2,SYNTHETIC_DEMO_MAPPING,SYNTHETIC
2654.0901,SKL0096,Digital Literacy,RELEVANT,1,SYNTHETIC_DEMO_MAPPING,SYNTHETIC
2654.0901,SKL0041,AutoCAD,RELEVANT,3,SYNTHETIC_DEMO_MAPPING,SYNTHETIC
2654.99,SKL0096,Digital Literacy,RELEVANT,3,SYNTHETIC_DEMO_MAPPING,SYNTHETIC
2654.99,SKL0097,Team Management,RELEVANT,4,SYNTHETIC_DEMO_MAPPING,SYNTHETIC
2654.99,SKL0093,Problem Solving,RELEVANT,2,SYNTHETIC_DEMO_MAPPING,SYNTHETIC
2655.01,SKL0036,Lean Manufacturing,RELEVANT,1,SYNTHETIC_DEMO_MAPPING,SYNTHETIC
2655.01,SKL0042,SolidWorks,RELEVANT,1,SYNTHETIC_DEMO_MAPPING,SYNTHETIC
2655.01,SKL0098,English Communication,RELEVANT,3,SYNTHETIC_DEMO_MAPPING,SYNTHETIC
2655.01,SKL0039,CNC Milling,RELEVANT,2,SYNTHETIC_DEMO_MAPPING,SYNTHETIC
2655.02,SKL0093,Problem Solving,RELEVANT,3,SYNTHETIC_DEMO_MAPPING,SYNTHETIC
2655.02,SKL0031,CNC Programming,RELEVANT,1,SYNTHETIC_DEMO_MAPPING,SYNTHETIC
2655.0301,SKL0032,CNC Operation,RELEVANT,1,SYNTHETIC_DEMO_MAPPING,SYNTHETIC
2655.0301,SKL0031,CNC Programming,RELEVANT,3,SYNTHETIC_DEMO_MAPPING,SYNTHETIC
2656.01,SKL0095,Workplace Safety,RELEVANT,2,SYNTHETIC_DEMO_MAPPING,SYNTHETIC
2656.01,SKL0097,Team Management,RELEVANT,2,SYNTHETIC_DEMO_MAPPING,SYNTHETIC
2656.01,SKL0096,Digital Literacy,RELEVANT,4,SYNTHETIC_DEMO_MAPPING,SYNTHETIC
2656.01,SKL0092,Communication,RELEVANT,1,SYNTHETIC_DEMO_MAPPING,SYNTHETIC
2656.01,SKL0093,Problem Solving,RELEVANT,2,SYNTHETIC_DEMO_MAPPING,SYNTHETIC
2656.02,SKL0093,Problem Solving,RELEVANT,3,SYNTHETIC_DEMO_MAPPING,SYNTHETIC
2656.02,SKL0097,Team Management,RELEVANT,2,SYNTHETIC_DEMO_MAPPING,SYNTHETIC
2656.99,SKL0094,Microsoft Excel,RELEVANT,3,SYNTHETIC_DEMO_MAPPING,SYNTHETIC
2656.99,SKL0093,Problem Solving,RELEVANT,2,SYNTHETIC_DEMO_MAPPING,SYNTHETIC
2656.99,SKL0097,Team Management,RELEVANT,1,SYNTHETIC_DEMO_MAPPING,SYNTHETIC
2656.99,SKL0096,Digital Literacy,RELEVANT,2,SYNTHETIC_DEMO_MAPPING,SYNTHETIC
2659.01,SKL0094,Microsoft Excel,RELEVANT,3,SYNTHETIC_DEMO_MAPPING,SYNTHETIC
2659.01,SKL0097,Team Management,RELEVANT,2,SYNTHETIC_DEMO_MAPPING,SYNTHETIC
2659.01,SKL0093,Problem Solving,RELEVANT,4,SYNTHETIC_DEMO_MAPPING,SYNTHETIC
2659.02,SKL0098,English Communication,RELEVANT,3,SYNTHETIC_DEMO_MAPPING,SYNTHETIC
2659.02,SKL0095,Workplace Safety,RELEVANT,4,SYNTHETIC_DEMO_MAPPING,SYNTHETIC
2659.02,SKL0092,Communication,RELEVANT,2,SYNTHETIC_DEMO_MAPPING,SYNTHETIC
2659.03,SKL0093,Problem Solving,RELEVANT,2,SYNTHETIC_DEMO_MAPPING,SYNTHETIC
2659.03,SKL0095,Workplace Safety,RELEVANT,3,SYNTHETIC_DEMO_MAPPING,SYNTHETIC
2659.03,SKL0098,English Communication,RELEVANT,4,SYNTHETIC_DEMO_MAPPING,SYNTHETIC
2659.04,SKL0098,English Communication,RELEVANT,4,SYNTHETIC_DEMO_MAPPING,SYNTHETIC
2659.04,SKL0094,Microsoft Excel,RELEVANT,2,SYNTHETIC_DEMO_MAPPING,SYNTHETIC
2659.04,SKL0096,Digital Literacy,RELEVANT,2,SYNTHETIC_DEMO_MAPPING,SYNTHETIC
2659.05,SKL0092,Communication,RELEVANT,2,SYNTHETIC_DEMO_MAPPING,SYNTHETIC
2659.05,SKL0093,Problem Solving,RELEVANT,1,SYNTHETIC_DEMO_MAPPING,SYNTHETIC
2659.06,SKL0098,English Communication,RELEVANT,4,SYNTHETIC_DEMO_MAPPING,SYNTHETIC
2659.06,SKL0093,Problem Solving,RELEVANT,4,SYNTHETIC_DEMO_MAPPING,SYNTHETIC
2659.06,SKL0096,Digital Literacy,RELEVANT,2,SYNTHETIC_DEMO_MAPPING,SYNTHETIC
2659.06,SKL0097,Team Management,RELEVANT,1,SYNTHETIC_DEMO_MAPPING,SYNTHETIC
2659.06,SKL0092,Communication,RELEVANT,1,SYNTHETIC_DEMO_MAPPING,SYNTHETIC
2659.07,SKL0095,Workplace Safety,RELEVANT,3,SYNTHETIC_DEMO_MAPPING,SYNTHETIC
2659.07,SKL0093,Problem Solving,RELEVANT,3,SYNTHETIC_DEMO_MAPPING,SYNTHETIC
2659.07,SKL0096,Digital Literacy,RELEVANT,3,SYNTHETIC_DEMO_MAPPING,SYNTHETIC
2659.07,SKL0092,Communication,RELEVANT,3,SYNTHETIC_DEMO_MAPPING,SYNTHETIC
2659.08,SKL0094,Microsoft Excel,RELEVANT,4,SYNTHETIC_DEMO_MAPPING,SYNTHETIC
2659.08,SKL0096,Digital Literacy,RELEVANT,2,SYNTHETIC_DEMO_MAPPING,SYNTHETIC
2659.08,SKL0093,Problem Solving,RELEVANT,4,SYNTHETIC_DEMO_MAPPING,SYNTHETIC
2659.08,SKL0092,Communication,RELEVANT,2,SYNTHETIC_DEMO_MAPPING,SYNTHETIC
2659.08,SKL0095,Workplace Safety,RELEVANT,3,SYNTHETIC_DEMO_MAPPING,SYNTHETIC
2659.09,SKL0092,Communication,RELEVANT,4,SYNTHETIC_DEMO_MAPPING,SYNTHETIC
2659.09,SKL0096,Digital Literacy,RELEVANT,4,SYNTHETIC_DEMO_MAPPING,SYNTHETIC
2659.09,SKL0094,Microsoft Excel,RELEVANT,1,SYNTHETIC_DEMO_MAPPING,SYNTHETIC
2659.1,SKL0097,Team Management,RELEVANT,3,SYNTHETIC_DEMO_MAPPING,SYNTHETIC
2659.1,SKL0096,Digital Literacy,RELEVANT,1,SYNTHETIC_DEMO_MAPPING,SYNTHETIC
2659.1,SKL0093,Problem Solving,RELEVANT,2,SYNTHETIC_DEMO_MAPPING,SYNTHETIC
2659.1,SKL0098,English Communication,RELEVANT,2,SYNTHETIC_DEMO_MAPPING,SYNTHETIC
2659.11,SKL0092,Communication,RELEVANT,2,SYNTHETIC_DEMO_MAPPING,SYNTHETIC
2659.11,SKL0096,Digital Literacy,RELEVANT,4,SYNTHETIC_DEMO_MAPPING,SYNTHETIC
2659.11,SKL0098,English Communication,RELEVANT,3,SYNTHETIC_DEMO_MAPPING,SYNTHETIC
2659.11,SKL0094,Microsoft Excel,RELEVANT,1,SYNTHETIC_DEMO_MAPPING,SYNTHETIC
2659.11,SKL0095,Workplace Safety,RELEVANT,1,SYNTHETIC_DEMO_MAPPING,SYNTHETIC
2659.12,SKL0097,Team Management,RELEVANT,3,SYNTHETIC_DEMO_MAPPING,SYNTHETIC
2659.12,SKL0094,Microsoft Excel,RELEVANT,3,SYNTHETIC_DEMO_MAPPING,SYNTHETIC
2659.13,SKL0098,English Communication,RELEVANT,3,SYNTHETIC_DEMO_MAPPING,SYNTHETIC
2659.13,SKL0096,Digital Literacy,RELEVANT,3,SYNTHETIC_DEMO_MAPPING,SYNTHETIC
2659.13,SKL0097,Team Management,RELEVANT,3,SYNTHETIC_DEMO_MAPPING,SYNTHETIC
2659.13,SKL0094,Microsoft Excel,RELEVANT,4,SYNTHETIC_DEMO_MAPPING,SYNTHETIC
2659.13,SKL0093,Problem Solving,RELEVANT,2,SYNTHETIC_DEMO_MAPPING,SYNTHETIC
2659.14,SKL0094,Microsoft Excel,RELEVANT,4,SYNTHETIC_DEMO_MAPPING,SYNTHETIC
2659.14,SKL0093,Problem Solving,RELEVANT,4,SYNTHETIC_DEMO_MAPPING,SYNTHETIC
3111.01,SKL0094,Microsoft Excel,RELEVANT,3,SYNTHETIC_DEMO_MAPPING,SYNTHETIC
3111.01,SKL0068,Accounting,RELEVANT,3,SYNTHETIC_DEMO_MAPPING,SYNTHETIC
3111.01,SKL0026,IoT,RELEVANT,1,SYNTHETIC_DEMO_MAPPING,SYNTHETIC
3111.01,SKL0043,Automotive Diagnostics,RELEVANT,1,SYNTHETIC_DEMO_MAPPING,SYNTHETIC
3111.01,SKL0069,Tally,RELEVANT,2,SYNTHETIC_DEMO_MAPPING,SYNTHETIC
3111.02,SKL0092,Communication,RELEVANT,2,SYNTHETIC_DEMO_MAPPING,SYNTHETIC
3111.02,SKL0066,Medical Equipment Maintenance,RELEVANT,2,SYNTHETIC_DEMO_MAPPING,SYNTHETIC
3111.02,SKL0097,Team Management,RELEVANT,4,SYNTHETIC_DEMO_MAPPING,SYNTHETIC
3111.03,SKL0030,AutoCAD Electrical,RELEVANT,3,SYNTHETIC_DEMO_MAPPING,SYNTHETIC
3111.03,SKL0064,Pharmacy Operations,RELEVANT,4,SYNTHETIC_DEMO_MAPPING,SYNTHETIC
3111.03,SKL0021,PLC,RELEVANT,4,SYNTHETIC_DEMO_MAPPING,SYNTHETIC
3111.03,SKL0095,Workplace Safety,RELEVANT,4,SYNTHETIC_DEMO_MAPPING,SYNTHETIC
3111.03,SKL0094,Microsoft Excel,RELEVANT,2,SYNTHETIC_DEMO_MAPPING,SYNTHETIC
3111.04,SKL0027,Sensors,RELEVANT,3,SYNTHETIC_DEMO_MAPPING,SYNTHETIC
3111.04,SKL0065,Laboratory Techniques,RELEVANT,4,SYNTHETIC_DEMO_MAPPING,SYNTHETIC
3111.05,SKL0042,SolidWorks,RELEVANT,2,SYNTHETIC_DEMO_MAPPING,SYNTHETIC
3111.05,SKL0038,CNC Turning,RELEVANT,4,SYNTHETIC_DEMO_MAPPING,SYNTHETIC
3111.05,SKL0033,Machine Maintenance,RELEVANT,3,SYNTHETIC_DEMO_MAPPING,SYNTHETIC
3111.05,SKL0062,Medical Coding,RELEVANT,4,SYNTHETIC_DEMO_MAPPING,SYNTHETIC
3111.06,SKL0096,Digital Literacy,RELEVANT,4,SYNTHETIC_DEMO_MAPPING,SYNTHETIC
3111.06,SKL0095,Workplace Safety,RELEVANT,1,SYNTHETIC_DEMO_MAPPING,SYNTHETIC
3111.06,SKL0098,English Communication,RELEVANT,3,SYNTHETIC_DEMO_MAPPING,SYNTHETIC
3111.06,SKL0097,Team Management,RELEVANT,4,SYNTHETIC_DEMO_MAPPING,SYNTHETIC
3111.06,SKL0094,Microsoft Excel,RELEVANT,1,SYNTHETIC_DEMO_MAPPING,SYNTHETIC
3111.07,SKL0011,Git,RELEVANT,2,SYNTHETIC_DEMO_MAPPING,SYNTHETIC
3111.07,SKL0003,JavaScript,RELEVANT,1,SYNTHETIC_DEMO_MAPPING,SYNTHETIC
3111.07,SKL0098,English Communication,RELEVANT,3,SYNTHETIC_DEMO_MAPPING,SYNTHETIC
3111.07,SKL0018,Cybersecurity,RELEVANT,2,SYNTHETIC_DEMO_MAPPING,SYNTHETIC
3111.99,SKL0023,Embedded Systems,RELEVANT,4,SYNTHETIC_DEMO_MAPPING,SYNTHETIC
3111.99,SKL0028,Electrical Testing,RELEVANT,1,SYNTHETIC_DEMO_MAPPING,SYNTHETIC
3111.99,SKL0027,Sensors,RELEVANT,3,SYNTHETIC_DEMO_MAPPING,SYNTHETIC
3111.99,SKL0092,Communication,RELEVANT,4,SYNTHETIC_DEMO_MAPPING,SYNTHETIC
3111.99,SKL0094,Microsoft Excel,RELEVANT,3,SYNTHETIC_DEMO_MAPPING,SYNTHETIC
3112.01,SKL0095,Workplace Safety,RELEVANT,1,SYNTHETIC_DEMO_MAPPING,SYNTHETIC
3112.01,SKL0049,Electric Motor Systems,RELEVANT,1,SYNTHETIC_DEMO_MAPPING,SYNTHETIC
3112.01,SKL0048,Auto Electrical,RELEVANT,3,SYNTHETIC_DEMO_MAPPING,SYNTHETIC
3112.02,SKL0095,Workplace Safety,RELEVANT,1,SYNTHETIC_DEMO_MAPPING,SYNTHETIC
3112.02,SKL0070,GST,RELEVANT,1,SYNTHETIC_DEMO_MAPPING,SYNTHETIC
3112.02,SKL0093,Problem Solving,RELEVANT,2,SYNTHETIC_DEMO_MAPPING,SYNTHETIC
3112.02,SKL0075,Sales,RELEVANT,3,SYNTHETIC_DEMO_MAPPING,SYNTHETIC
3112.02,SKL0033,Machine Maintenance,RELEVANT,3,SYNTHETIC_DEMO_MAPPING,SYNTHETIC
3112.03,SKL0004,TypeScript,RELEVANT,1,SYNTHETIC_DEMO_MAPPING,SYNTHETIC
3112.03,SKL0092,Communication,RELEVANT,2,SYNTHETIC_DEMO_MAPPING,SYNTHETIC
3112.03,SKL0014,Azure,RELEVANT,2,SYNTHETIC_DEMO_MAPPING,SYNTHETIC
3112.03,SKL0071,Financial Analysis,RELEVANT,2,SYNTHETIC_DEMO_MAPPING,SYNTHETIC
3112.03,SKL0072,Excel,RELEVANT,3,SYNTHETIC_DEMO_MAPPING,SYNTHETIC
3112.04,SKL0095,Workplace Safety,RELEVANT,3,SYNTHETIC_DEMO_MAPPING,SYNTHETIC
3112.04,SKL0096,Digital Literacy,RELEVANT,2,SYNTHETIC_DEMO_MAPPING,SYNTHETIC
3112.05,SKL0005,React,RELEVANT,4,SYNTHETIC_DEMO_MAPPING,SYNTHETIC
3112.05,SKL0098,English Communication,RELEVANT,2,SYNTHETIC_DEMO_MAPPING,SYNTHETIC
3112.05,SKL0008,SQL,RELEVANT,4,SYNTHETIC_DEMO_MAPPING,SYNTHETIC
3112.06,SKL0012,Docker,RELEVANT,2,SYNTHETIC_DEMO_MAPPING,SYNTHETIC
3112.06,SKL0096,Digital Literacy,RELEVANT,4,SYNTHETIC_DEMO_MAPPING,SYNTHETIC
3112.06,SKL0041,AutoCAD,RELEVANT,1,SYNTHETIC_DEMO_MAPPING,SYNTHETIC
3112.06,SKL0031,CNC Programming,RELEVANT,1,SYNTHETIC_DEMO_MAPPING,SYNTHETIC
3112.06,SKL0004,TypeScript,RELEVANT,1,SYNTHETIC_DEMO_MAPPING,SYNTHETIC
3112.0701,SKL0095,Workplace Safety,RELEVANT,4,SYNTHETIC_DEMO_MAPPING,SYNTHETIC
3112.0701,SKL0022,SCADA,RELEVANT,1,SYNTHETIC_DEMO_MAPPING,SYNTHETIC
3112.0701,SKL0065,Laboratory Techniques,RELEVANT,2,SYNTHETIC_DEMO_MAPPING,SYNTHETIC
3112.99,SKL0041,AutoCAD,RELEVANT,2,SYNTHETIC_DEMO_MAPPING,SYNTHETIC
3112.99,SKL0058,Surveying,RELEVANT,2,SYNTHETIC_DEMO_MAPPING,SYNTHETIC
3112.99,SKL0057,Civil Drafting,RELEVANT,4,SYNTHETIC_DEMO_MAPPING,SYNTHETIC
3113.0101,SKL0040,Mechanical Assembly,RELEVANT,2,SYNTHETIC_DEMO_MAPPING,SYNTHETIC
3113.0101,SKL0086,Inventory Management,RELEVANT,1,SYNTHETIC_DEMO_MAPPING,SYNTHETIC
3113.0101,SKL0030,AutoCAD Electrical,RELEVANT,2,SYNTHETIC_DEMO_MAPPING,SYNTHETIC
3113.0102,SKL0035,Quality Control,RELEVANT,2,SYNTHETIC_DEMO_MAPPING,SYNTHETIC
3113.0102,SKL0031,CNC Programming,RELEVANT,2,SYNTHETIC_DEMO_MAPPING,SYNTHETIC
3113.0111,SKL0024,PCB Design,RELEVANT,3,SYNTHETIC_DEMO_MAPPING,SYNTHETIC
3113.0111,SKL0093,Problem Solving,RELEVANT,1,SYNTHETIC_DEMO_MAPPING,SYNTHETIC
3113.0111,SKL0029,Control Systems,RELEVANT,4,SYNTHETIC_DEMO_MAPPING,SYNTHETIC
3113.0111,SKL0027,Sensors,RELEVANT,2,SYNTHETIC_DEMO_MAPPING,SYNTHETIC
3113.02,SKL0024,PCB Design,RELEVANT,4,SYNTHETIC_DEMO_MAPPING,SYNTHETIC
3113.02,SKL0058,Surveying,RELEVANT,3,SYNTHETIC_DEMO_MAPPING,SYNTHETIC
3113.02,SKL0093,Problem Solving,RELEVANT,3,SYNTHETIC_DEMO_MAPPING,SYNTHETIC
3113.03,SKL0006,Next.js,RELEVANT,4,SYNTHETIC_DEMO_MAPPING,SYNTHETIC
3113.03,SKL0008,SQL,RELEVANT,2,SYNTHETIC_DEMO_MAPPING,SYNTHETIC
3113.03,SKL0011,Git,RELEVANT,4,SYNTHETIC_DEMO_MAPPING,SYNTHETIC
3113.03,SKL0001,Python,RELEVANT,1,SYNTHETIC_DEMO_MAPPING,SYNTHETIC
3113.0401,SKL0096,Digital Literacy,RELEVANT,3,SYNTHETIC_DEMO_MAPPING,SYNTHETIC
3113.0401,SKL0028,Electrical Testing,RELEVANT,4,SYNTHETIC_DEMO_MAPPING,SYNTHETIC
3113.0401,SKL0027,Sensors,RELEVANT,4,SYNTHETIC_DEMO_MAPPING,SYNTHETIC
3113.0401,SKL0034,Welding,RELEVANT,2,SYNTHETIC_DEMO_MAPPING,SYNTHETIC
3113.0501,SKL0093,Problem Solving,RELEVANT,4,SYNTHETIC_DEMO_MAPPING,SYNTHETIC
3113.0501,SKL0092,Communication,RELEVANT,3,SYNTHETIC_DEMO_MAPPING,SYNTHETIC
3113.0501,SKL0036,Lean Manufacturing,RELEVANT,1,SYNTHETIC_DEMO_MAPPING,SYNTHETIC
3113.0501,SKL0037,Production Planning,RELEVANT,1,SYNTHETIC_DEMO_MAPPING,SYNTHETIC
3113.0601,SKL0021,PLC,RELEVANT,3,SYNTHETIC_DEMO_MAPPING,SYNTHETIC
3113.0601,SKL0030,AutoCAD Electrical,RELEVANT,1,SYNTHETIC_DEMO_MAPPING,SYNTHETIC
3113.0601,SKL0032,CNC Operation,RELEVANT,3,SYNTHETIC_DEMO_MAPPING,SYNTHETIC
3113.0601,SKL0027,Sensors,RELEVANT,1,SYNTHETIC_DEMO_MAPPING,SYNTHETIC
3113.0601,SKL0041,AutoCAD,RELEVANT,2,SYNTHETIC_DEMO_MAPPING,SYNTHETIC
3113.0701,SKL0037,Production Planning,RELEVANT,1,SYNTHETIC_DEMO_MAPPING,SYNTHETIC
3113.0701,SKL0033,Machine Maintenance,RELEVANT,3,SYNTHETIC_DEMO_MAPPING,SYNTHETIC
3113.0801,SKL0095,Workplace Safety,RELEVANT,4,SYNTHETIC_DEMO_MAPPING,SYNTHETIC
3113.0801,SKL0097,Team Management,RELEVANT,4,SYNTHETIC_DEMO_MAPPING,SYNTHETIC
3113.0802,SKL0093,Problem Solving,RELEVANT,4,SYNTHETIC_DEMO_MAPPING,SYNTHETIC
3113.0802,SKL0021,PLC,RELEVANT,2,SYNTHETIC_DEMO_MAPPING,SYNTHETIC
3113.0802,SKL0030,AutoCAD Electrical,RELEVANT,4,SYNTHETIC_DEMO_MAPPING,SYNTHETIC
3113.0802,SKL0026,IoT,RELEVANT,1,SYNTHETIC_DEMO_MAPPING,SYNTHETIC
3113.0803,SKL0038,CNC Turning,RELEVANT,1,SYNTHETIC_DEMO_MAPPING,SYNTHETIC
3113.0803,SKL0033,Machine Maintenance,RELEVANT,1,SYNTHETIC_DEMO_MAPPING,SYNTHETIC
3113.0803,SKL0092,Communication,RELEVANT,1,SYNTHETIC_DEMO_MAPPING,SYNTHETIC
3113.0803,SKL0096,Digital Literacy,RELEVANT,1,SYNTHETIC_DEMO_MAPPING,SYNTHETIC
3113.0803,SKL0036,Lean Manufacturing,RELEVANT,1,SYNTHETIC_DEMO_MAPPING,SYNTHETIC
3113.0901,SKL0048,Auto Electrical,RELEVANT,3,SYNTHETIC_DEMO_MAPPING,SYNTHETIC
3113.0901,SKL0052,Two-Wheeler Service,RELEVANT,2,SYNTHETIC_DEMO_MAPPING,SYNTHETIC
3113.0901,SKL0047,Vehicle Diagnostics,RELEVANT,3,SYNTHETIC_DEMO_MAPPING,SYNTHETIC
3113.0901,SKL0029,Control Systems,RELEVANT,4,SYNTHETIC_DEMO_MAPPING,SYNTHETIC
3113.1001,SKL0028,Electrical Testing,RELEVANT,2,SYNTHETIC_DEMO_MAPPING,SYNTHETIC
3113.1001,SKL0097,Team Management,RELEVANT,1,SYNTHETIC_DEMO_MAPPING,SYNTHETIC
3113.1001,SKL0094,Microsoft Excel,RELEVANT,3,SYNTHETIC_DEMO_MAPPING,SYNTHETIC
3113.1001,SKL0022,SCADA,RELEVANT,3,SYNTHETIC_DEMO_MAPPING,SYNTHETIC
3113.1002,SKL0047,Vehicle Diagnostics,RELEVANT,1,SYNTHETIC_DEMO_MAPPING,SYNTHETIC
3113.1002,SKL0030,AutoCAD Electrical,RELEVANT,1,SYNTHETIC_DEMO_MAPPING,SYNTHETIC
3113.1002,SKL0096,Digital Literacy,RELEVANT,4,SYNTHETIC_DEMO_MAPPING,SYNTHETIC
3113.1002,SKL0021,PLC,RELEVANT,4,SYNTHETIC_DEMO_MAPPING,SYNTHETIC
3113.1002,SKL0050,Automotive CAD,RELEVANT,3,SYNTHETIC_DEMO_MAPPING,SYNTHETIC
3114.01,SKL0011,Git,RELEVANT,4,SYNTHETIC_DEMO_MAPPING,SYNTHETIC
3114.01,SKL0032,CNC Operation,RELEVANT,2,SYNTHETIC_DEMO_MAPPING,SYNTHETIC
3114.01,SKL0066,Medical Equipment Maintenance,RELEVANT,4,SYNTHETIC_DEMO_MAPPING,SYNTHETIC
3114.01,SKL0018,Cybersecurity,RELEVANT,3,SYNTHETIC_DEMO_MAPPING,SYNTHETIC
3114.01,SKL0009,PostgreSQL,RELEVANT,3,SYNTHETIC_DEMO_MAPPING,SYNTHETIC
3114.02,SKL0028,Electrical Testing,RELEVANT,1,SYNTHETIC_DEMO_MAPPING,SYNTHETIC
3114.02,SKL0027,Sensors,RELEVANT,1,SYNTHETIC_DEMO_MAPPING,SYNTHETIC
3114.02,SKL0092,Communication,RELEVANT,4,SYNTHETIC_DEMO_MAPPING,SYNTHETIC
3114.02,SKL0098,English Communication,RELEVANT,4,SYNTHETIC_DEMO_MAPPING,SYNTHETIC
3114.0601,SKL0096,Digital Literacy,RELEVANT,2,SYNTHETIC_DEMO_MAPPING,SYNTHETIC
3114.0601,SKL0092,Communication,RELEVANT,1,SYNTHETIC_DEMO_MAPPING,SYNTHETIC
3114.0601,SKL0098,English Communication,RELEVANT,1,SYNTHETIC_DEMO_MAPPING,SYNTHETIC
3114.0601,SKL0095,Workplace Safety,RELEVANT,2,SYNTHETIC_DEMO_MAPPING,SYNTHETIC
3114.0701,SKL0096,Digital Literacy,RELEVANT,2,SYNTHETIC_DEMO_MAPPING,SYNTHETIC
3114.0701,SKL0095,Workplace Safety,RELEVANT,3,SYNTHETIC_DEMO_MAPPING,SYNTHETIC
3114.0701,SKL0092,Communication,RELEVANT,3,SYNTHETIC_DEMO_MAPPING,SYNTHETIC
3114.0701,SKL0093,Problem Solving,RELEVANT,1,SYNTHETIC_DEMO_MAPPING,SYNTHETIC
3114.0801,SKL0094,Microsoft Excel,RELEVANT,4,SYNTHETIC_DEMO_MAPPING,SYNTHETIC
3114.0801,SKL0002,Java,RELEVANT,2,SYNTHETIC_DEMO_MAPPING,SYNTHETIC
3114.0801,SKL0044,EV Systems,RELEVANT,4,SYNTHETIC_DEMO_MAPPING,SYNTHETIC
3114.0802,SKL0092,Communication,RELEVANT,1,SYNTHETIC_DEMO_MAPPING,SYNTHETIC
3114.0802,SKL0021,PLC,RELEVANT,3,SYNTHETIC_DEMO_MAPPING,SYNTHETIC
3114.0802,SKL0004,TypeScript,RELEVANT,2,SYNTHETIC_DEMO_MAPPING,SYNTHETIC
3114.0804,SKL0021,PLC,RELEVANT,4,SYNTHETIC_DEMO_MAPPING,SYNTHETIC
3114.0804,SKL0022,SCADA,RELEVANT,3,SYNTHETIC_DEMO_MAPPING,SYNTHETIC
3114.0804,SKL0027,Sensors,RELEVANT,2,SYNTHETIC_DEMO_MAPPING,SYNTHETIC
3114.0804,SKL0028,Electrical Testing,RELEVANT,2,SYNTHETIC_DEMO_MAPPING,SYNTHETIC
3114.0901,SKL0097,Team Management,RELEVANT,4,SYNTHETIC_DEMO_MAPPING,SYNTHETIC
3114.0901,SKL0098,English Communication,RELEVANT,3,SYNTHETIC_DEMO_MAPPING,SYNTHETIC
3114.0901,SKL0095,Workplace Safety,RELEVANT,1,SYNTHETIC_DEMO_MAPPING,SYNTHETIC
3114.0901,SKL0093,Problem Solving,RELEVANT,3,SYNTHETIC_DEMO_MAPPING,SYNTHETIC
3114.0902,SKL0096,Digital Literacy,RELEVANT,3,SYNTHETIC_DEMO_MAPPING,SYNTHETIC
3114.0902,SKL0097,Team Management,RELEVANT,2,SYNTHETIC_DEMO_MAPPING,SYNTHETIC
3114.0902,SKL0098,English Communication,RELEVANT,1,SYNTHETIC_DEMO_MAPPING,SYNTHETIC
3114.0902,SKL0092,Communication,RELEVANT,2,SYNTHETIC_DEMO_MAPPING,SYNTHETIC
3114.1101,SKL0048,Auto Electrical,RELEVANT,2,SYNTHETIC_DEMO_MAPPING,SYNTHETIC
3114.1101,SKL0044,EV Systems,RELEVANT,2,SYNTHETIC_DEMO_MAPPING,SYNTHETIC
3114.1201,SKL0045,Battery Management Systems,RELEVANT,2,SYNTHETIC_DEMO_MAPPING,SYNTHETIC
3114.1201,SKL0052,Two-Wheeler Service,RELEVANT,1,SYNTHETIC_DEMO_MAPPING,SYNTHETIC
3114.1201,SKL0094,Microsoft Excel,RELEVANT,3,SYNTHETIC_DEMO_MAPPING,SYNTHETIC
3114.1201,SKL0043,Automotive Diagnostics,RELEVANT,3,SYNTHETIC_DEMO_MAPPING,SYNTHETIC
3114.1301,SKL0093,Problem Solving,RELEVANT,2,SYNTHETIC_DEMO_MAPPING,SYNTHETIC
3114.1301,SKL0095,Workplace Safety,RELEVANT,3,SYNTHETIC_DEMO_MAPPING,SYNTHETIC
3114.1301,SKL0094,Microsoft Excel,RELEVANT,1,SYNTHETIC_DEMO_MAPPING,SYNTHETIC
3114.99,SKL0094,Microsoft Excel,RELEVANT,3,SYNTHETIC_DEMO_MAPPING,SYNTHETIC
3114.99,SKL0024,PCB Design,RELEVANT,4,SYNTHETIC_DEMO_MAPPING,SYNTHETIC
3114.99,SKL0092,Communication,RELEVANT,1,SYNTHETIC_DEMO_MAPPING,SYNTHETIC
3114.99,SKL0027,Sensors,RELEVANT,3,SYNTHETIC_DEMO_MAPPING,SYNTHETIC
3114.99,SKL0025,Industrial Automation,RELEVANT,4,SYNTHETIC_DEMO_MAPPING,SYNTHETIC
3115.0101,SKL0023,Embedded Systems,RELEVANT,3,SYNTHETIC_DEMO_MAPPING,SYNTHETIC
3115.0101,SKL0005,React,RELEVANT,3,SYNTHETIC_DEMO_MAPPING,SYNTHETIC
3115.0101,SKL0001,Python,RELEVANT,1,SYNTHETIC_DEMO_MAPPING,SYNTHETIC
3115.0101,SKL0052,Two-Wheeler Service,RELEVANT,4,SYNTHETIC_DEMO_MAPPING,SYNTHETIC
3115.0101,SKL0018,Cybersecurity,RELEVANT,3,SYNTHETIC_DEMO_MAPPING,SYNTHETIC
3115.0102,SKL0047,Vehicle Diagnostics,RELEVANT,2,SYNTHETIC_DEMO_MAPPING,SYNTHETIC
3115.0102,SKL0036,Lean Manufacturing,RELEVANT,3,SYNTHETIC_DEMO_MAPPING,SYNTHETIC
3115.0103,SKL0022,SCADA,RELEVANT,3,SYNTHETIC_DEMO_MAPPING,SYNTHETIC
3115.0103,SKL0038,CNC Turning,RELEVANT,2,SYNTHETIC_DEMO_MAPPING,SYNTHETIC
3115.0103,SKL0030,AutoCAD Electrical,RELEVANT,3,SYNTHETIC_DEMO_MAPPING,SYNTHETIC
3115.0104,SKL0070,GST,RELEVANT,3,SYNTHETIC_DEMO_MAPPING,SYNTHETIC
3115.0104,SKL0098,English Communication,RELEVANT,2,SYNTHETIC_DEMO_MAPPING,SYNTHETIC
3115.0104,SKL0097,Team Management,RELEVANT,4,SYNTHETIC_DEMO_MAPPING,SYNTHETIC
3115.0105,SKL0045,Battery Management Systems,RELEVANT,1,SYNTHETIC_DEMO_MAPPING,SYNTHETIC
3115.0105,SKL0093,Problem Solving,RELEVANT,2,SYNTHETIC_DEMO_MAPPING,SYNTHETIC
3115.0105,SKL0097,Team Management,RELEVANT,3,SYNTHETIC_DEMO_MAPPING,SYNTHETIC
3115.0105,SKL0095,Workplace Safety,RELEVANT,2,SYNTHETIC_DEMO_MAPPING,SYNTHETIC
3115.0201,SKL0022,SCADA,RELEVANT,4,SYNTHETIC_DEMO_MAPPING,SYNTHETIC
3115.0201,SKL0032,CNC Operation,RELEVANT,4,SYNTHETIC_DEMO_MAPPING,SYNTHETIC
3115.0202,SKL0066,Medical Equipment Maintenance,RELEVANT,4,SYNTHETIC_DEMO_MAPPING,SYNTHETIC
3115.0202,SKL0047,Vehicle Diagnostics,RELEVANT,1,SYNTHETIC_DEMO_MAPPING,SYNTHETIC
3115.0301,SKL0044,EV Systems,RELEVANT,1,SYNTHETIC_DEMO_MAPPING,SYNTHETIC
3115.0301,SKL0095,Workplace Safety,RELEVANT,3,SYNTHETIC_DEMO_MAPPING,SYNTHETIC
3115.0301,SKL0033,Machine Maintenance,RELEVANT,3,SYNTHETIC_DEMO_MAPPING,SYNTHETIC
3115.0301,SKL0098,English Communication,RELEVANT,3,SYNTHETIC_DEMO_MAPPING,SYNTHETIC
3115.0301,SKL0031,CNC Programming,RELEVANT,2,SYNTHETIC_DEMO_MAPPING,SYNTHETIC
3115.0401,SKL0087,Supply Chain Management,RELEVANT,3,SYNTHETIC_DEMO_MAPPING,SYNTHETIC
3115.0401,SKL0086,Inventory Management,RELEVANT,4,SYNTHETIC_DEMO_MAPPING,SYNTHETIC
3115.0401,SKL0098,English Communication,RELEVANT,2,SYNTHETIC_DEMO_MAPPING,SYNTHETIC
3115.0501,SKL0016,Data Analysis,RELEVANT,2,SYNTHETIC_DEMO_MAPPING,SYNTHETIC
3115.0501,SKL0048,Auto Electrical,RELEVANT,1,SYNTHETIC_DEMO_MAPPING,SYNTHETIC
3115.0601,SKL0094,Microsoft Excel,RELEVANT,1,SYNTHETIC_DEMO_MAPPING,SYNTHETIC
3115.0601,SKL0030,AutoCAD Electrical,RELEVANT,3,SYNTHETIC_DEMO_MAPPING,SYNTHETIC
3115.0601,SKL0096,Digital Literacy,RELEVANT,4,SYNTHETIC_DEMO_MAPPING,SYNTHETIC
3115.0601,SKL0029,Control Systems,RELEVANT,2,SYNTHETIC_DEMO_MAPPING,SYNTHETIC
3115.0602,SKL0028,Electrical Testing,RELEVANT,1,SYNTHETIC_DEMO_MAPPING,SYNTHETIC
3115.0602,SKL0022,SCADA,RELEVANT,2,SYNTHETIC_DEMO_MAPPING,SYNTHETIC
3115.0602,SKL0029,Control Systems,RELEVANT,2,SYNTHETIC_DEMO_MAPPING,SYNTHETIC
3115.0602,SKL0097,Team Management,RELEVANT,2,SYNTHETIC_DEMO_MAPPING,SYNTHETIC
3115.1,SKL0044,EV Systems,RELEVANT,3,SYNTHETIC_DEMO_MAPPING,SYNTHETIC
3115.1,SKL0034,Welding,RELEVANT,1,SYNTHETIC_DEMO_MAPPING,SYNTHETIC
3115.1,SKL0095,Workplace Safety,RELEVANT,1,SYNTHETIC_DEMO_MAPPING,SYNTHETIC
3115.1,SKL0033,Machine Maintenance,RELEVANT,3,SYNTHETIC_DEMO_MAPPING,SYNTHETIC
3115.1,SKL0066,Medical Equipment Maintenance,RELEVANT,1,SYNTHETIC_DEMO_MAPPING,SYNTHETIC
3115.11,SKL0022,SCADA,RELEVANT,3,SYNTHETIC_DEMO_MAPPING,SYNTHETIC
3115.11,SKL0008,SQL,RELEVANT,2,SYNTHETIC_DEMO_MAPPING,SYNTHETIC
3115.11,SKL0015,Power BI,RELEVANT,3,SYNTHETIC_DEMO_MAPPING,SYNTHETIC
3115.11,SKL0023,Embedded Systems,RELEVANT,3,SYNTHETIC_DEMO_MAPPING,SYNTHETIC
3115.11,SKL0025,Industrial Automation,RELEVANT,3,SYNTHETIC_DEMO_MAPPING,SYNTHETIC
3115.12,SKL0095,Workplace Safety,RELEVANT,4,SYNTHETIC_DEMO_MAPPING,SYNTHETIC
3115.12,SKL0034,Welding,RELEVANT,2,SYNTHETIC_DEMO_MAPPING,SYNTHETIC
3115.12,SKL0042,SolidWorks,RELEVANT,2,SYNTHETIC_DEMO_MAPPING,SYNTHETIC
3115.12,SKL0031,CNC Programming,RELEVANT,2,SYNTHETIC_DEMO_MAPPING,SYNTHETIC
3115.12,SKL0035,Quality Control,RELEVANT,3,SYNTHETIC_DEMO_MAPPING,SYNTHETIC
3115.1301,SKL0011,Git,RELEVANT,3,SYNTHETIC_DEMO_MAPPING,SYNTHETIC
3115.1301,SKL0035,Quality Control,RELEVANT,3,SYNTHETIC_DEMO_MAPPING,SYNTHETIC
3115.1301,SKL0093,Problem Solving,RELEVANT,2,SYNTHETIC_DEMO_MAPPING,SYNTHETIC
3115.1301,SKL0002,Java,RELEVANT,1,SYNTHETIC_DEMO_MAPPING,SYNTHETIC
3115.1302,SKL0094,Microsoft Excel,RELEVANT,4,SYNTHETIC_DEMO_MAPPING,SYNTHETIC
3115.1302,SKL0032,CNC Operation,RELEVANT,2,SYNTHETIC_DEMO_MAPPING,SYNTHETIC
3115.1302,SKL0092,Communication,RELEVANT,4,SYNTHETIC_DEMO_MAPPING,SYNTHETIC
3115.14,SKL0085,Warehouse Management,RELEVANT,4,SYNTHETIC_DEMO_MAPPING,SYNTHETIC
3115.14,SKL0088,Fleet Management,RELEVANT,3,SYNTHETIC_DEMO_MAPPING,SYNTHETIC
3115.14,SKL0033,Machine Maintenance,RELEVANT,2,SYNTHETIC_DEMO_MAPPING,SYNTHETIC
3115.14,SKL0039,CNC Milling,RELEVANT,3,SYNTHETIC_DEMO_MAPPING,SYNTHETIC
3115.14,SKL0093,Problem Solving,RELEVANT,3,SYNTHETIC_DEMO_MAPPING,SYNTHETIC
3115.15,SKL0098,English Communication,RELEVANT,1,SYNTHETIC_DEMO_MAPPING,SYNTHETIC
3115.15,SKL0092,Communication,RELEVANT,4,SYNTHETIC_DEMO_MAPPING,SYNTHETIC
3115.15,SKL0093,Problem Solving,RELEVANT,1,SYNTHETIC_DEMO_MAPPING,SYNTHETIC
3115.15,SKL0096,Digital Literacy,RELEVANT,1,SYNTHETIC_DEMO_MAPPING,SYNTHETIC
3115.16,SKL0044,EV Systems,RELEVANT,2,SYNTHETIC_DEMO_MAPPING,SYNTHETIC
3115.16,SKL0098,English Communication,RELEVANT,1,SYNTHETIC_DEMO_MAPPING,SYNTHETIC
3115.16,SKL0034,Welding,RELEVANT,1,SYNTHETIC_DEMO_MAPPING,SYNTHETIC
3115.16,SKL0033,Machine Maintenance,RELEVANT,4,SYNTHETIC_DEMO_MAPPING,SYNTHETIC
3115.16,SKL0031,CNC Programming,RELEVANT,2,SYNTHETIC_DEMO_MAPPING,SYNTHETIC
3115.99,SKL0044,EV Systems,RELEVANT,1,SYNTHETIC_DEMO_MAPPING,SYNTHETIC
3115.99,SKL0042,SolidWorks,RELEVANT,3,SYNTHETIC_DEMO_MAPPING,SYNTHETIC
3115.99,SKL0097,Team Management,RELEVANT,3,SYNTHETIC_DEMO_MAPPING,SYNTHETIC
3115.99,SKL0022,SCADA,RELEVANT,4,SYNTHETIC_DEMO_MAPPING,SYNTHETIC
3116.01,SKL0061,Patient Care,RELEVANT,1,SYNTHETIC_DEMO_MAPPING,SYNTHETIC
3116.01,SKL0033,Machine Maintenance,RELEVANT,3,SYNTHETIC_DEMO_MAPPING,SYNTHETIC
3116.01,SKL0066,Medical Equipment Maintenance,RELEVANT,1,SYNTHETIC_DEMO_MAPPING,SYNTHETIC
3116.01,SKL0041,AutoCAD,RELEVANT,3,SYNTHETIC_DEMO_MAPPING,SYNTHETIC
3116.02,SKL0095,Workplace Safety,RELEVANT,1,SYNTHETIC_DEMO_MAPPING,SYNTHETIC
3116.02,SKL0062,Medical Coding,RELEVANT,3,SYNTHETIC_DEMO_MAPPING,SYNTHETIC
3116.02,SKL0092,Communication,RELEVANT,3,SYNTHETIC_DEMO_MAPPING,SYNTHETIC
3116.03,SKL0064,Pharmacy Operations,RELEVANT,2,SYNTHETIC_DEMO_MAPPING,SYNTHETIC
3116.03,SKL0098,English Communication,RELEVANT,2,SYNTHETIC_DEMO_MAPPING,SYNTHETIC
3116.03,SKL0028,Electrical Testing,RELEVANT,4,SYNTHETIC_DEMO_MAPPING,SYNTHETIC
3116.04,SKL0098,English Communication,RELEVANT,2,SYNTHETIC_DEMO_MAPPING,SYNTHETIC
3116.04,SKL0026,IoT,RELEVANT,1,SYNTHETIC_DEMO_MAPPING,SYNTHETIC
3116.04,SKL0027,Sensors,RELEVANT,4,SYNTHETIC_DEMO_MAPPING,SYNTHETIC
3116.04,SKL0095,Workplace Safety,RELEVANT,4,SYNTHETIC_DEMO_MAPPING,SYNTHETIC
3116.04,SKL0025,Industrial Automation,RELEVANT,4,SYNTHETIC_DEMO_MAPPING,SYNTHETIC
3116.05,SKL0042,SolidWorks,RELEVANT,4,SYNTHETIC_DEMO_MAPPING,SYNTHETIC
3116.05,SKL0063,Clinical Documentation,RELEVANT,3,SYNTHETIC_DEMO_MAPPING,SYNTHETIC
3116.06,SKL0093,Problem Solving,RELEVANT,1,SYNTHETIC_DEMO_MAPPING,SYNTHETIC
3116.06,SKL0096,Digital Literacy,RELEVANT,4,SYNTHETIC_DEMO_MAPPING,SYNTHETIC
3116.06,SKL0098,English Communication,RELEVANT,1,SYNTHETIC_DEMO_MAPPING,SYNTHETIC
3116.06,SKL0092,Communication,RELEVANT,3,SYNTHETIC_DEMO_MAPPING,SYNTHETIC
3116.99,SKL0024,PCB Design,RELEVANT,2,SYNTHETIC_DEMO_MAPPING,SYNTHETIC
3116.99,SKL0026,IoT,RELEVANT,4,SYNTHETIC_DEMO_MAPPING,SYNTHETIC
3117.01,SKL0097,Team Management,RELEVANT,2,SYNTHETIC_DEMO_MAPPING,SYNTHETIC
3117.01,SKL0096,Digital Literacy,RELEVANT,4,SYNTHETIC_DEMO_MAPPING,SYNTHETIC
3117.01,SKL0094,Microsoft Excel,RELEVANT,4,SYNTHETIC_DEMO_MAPPING,SYNTHETIC
3117.01,SKL0098,English Communication,RELEVANT,2,SYNTHETIC_DEMO_MAPPING,SYNTHETIC
3117.01,SKL0092,Communication,RELEVANT,4,SYNTHETIC_DEMO_MAPPING,SYNTHETIC
3117.02,SKL0001,Python,RELEVANT,3,SYNTHETIC_DEMO_MAPPING,SYNTHETIC
3117.02,SKL0017,Machine Learning,RELEVANT,1,SYNTHETIC_DEMO_MAPPING,SYNTHETIC
3117.03,SKL0097,Team Management,RELEVANT,3,SYNTHETIC_DEMO_MAPPING,SYNTHETIC
3117.03,SKL0094,Microsoft Excel,RELEVANT,3,SYNTHETIC_DEMO_MAPPING,SYNTHETIC
3117.03,SKL0063,Clinical Documentation,RELEVANT,4,SYNTHETIC_DEMO_MAPPING,SYNTHETIC
3117.03,SKL0067,Healthcare Administration,RELEVANT,3,SYNTHETIC_DEMO_MAPPING,SYNTHETIC
3117.03,SKL0095,Workplace Safety,RELEVANT,4,SYNTHETIC_DEMO_MAPPING,SYNTHETIC
3117.99,SKL0026,IoT,RELEVANT,3,SYNTHETIC_DEMO_MAPPING,SYNTHETIC
3117.99,SKL0042,SolidWorks,RELEVANT,1,SYNTHETIC_DEMO_MAPPING,SYNTHETIC
3117.99,SKL0092,Communication,RELEVANT,2,SYNTHETIC_DEMO_MAPPING,SYNTHETIC
3117.99,SKL0024,PCB Design,RELEVANT,1,SYNTHETIC_DEMO_MAPPING,SYNTHETIC
3117.99,SKL0036,Lean Manufacturing,RELEVANT,3,SYNTHETIC_DEMO_MAPPING,SYNTHETIC
3118.01,SKL0003,JavaScript,RELEVANT,3,SYNTHETIC_DEMO_MAPPING,SYNTHETIC
3118.01,SKL0093,Problem Solving,RELEVANT,2,SYNTHETIC_DEMO_MAPPING,SYNTHETIC
3118.02,SKL0054,Quantity Surveying,RELEVANT,1,SYNTHETIC_DEMO_MAPPING,SYNTHETIC
3118.02,SKL0030,AutoCAD Electrical,RELEVANT,3,SYNTHETIC_DEMO_MAPPING,SYNTHETIC
3118.02,SKL0096,Digital Literacy,RELEVANT,3,SYNTHETIC_DEMO_MAPPING,SYNTHETIC
3118.0201,SKL0095,Workplace Safety,RELEVANT,1,SYNTHETIC_DEMO_MAPPING,SYNTHETIC
3118.0201,SKL0093,Problem Solving,RELEVANT,4,SYNTHETIC_DEMO_MAPPING,SYNTHETIC
3118.03,SKL0010,REST APIs,RELEVANT,4,SYNTHETIC_DEMO_MAPPING,SYNTHETIC
3118.03,SKL0020,Figma,RELEVANT,2,SYNTHETIC_DEMO_MAPPING,SYNTHETIC
3118.0301,SKL0039,CNC Milling,RELEVANT,1,SYNTHETIC_DEMO_MAPPING,SYNTHETIC
3118.0301,SKL0095,Workplace Safety,RELEVANT,4,SYNTHETIC_DEMO_MAPPING,SYNTHETIC
3118.0302,SKL0092,Communication,RELEVANT,3,SYNTHETIC_DEMO_MAPPING,SYNTHETIC
3118.0302,SKL0041,AutoCAD,RELEVANT,4,SYNTHETIC_DEMO_MAPPING,SYNTHETIC
3118.0401,SKL0051,Service Operations,RELEVANT,4,SYNTHETIC_DEMO_MAPPING,SYNTHETIC
3118.0401,SKL0095,Workplace Safety,RELEVANT,4,SYNTHETIC_DEMO_MAPPING,SYNTHETIC
3118.0401,SKL0003,JavaScript,RELEVANT,1,SYNTHETIC_DEMO_MAPPING,SYNTHETIC
3118.0402,SKL0011,Git,RELEVANT,2,SYNTHETIC_DEMO_MAPPING,SYNTHETIC
3118.0402,SKL0056,Construction Safety,RELEVANT,3,SYNTHETIC_DEMO_MAPPING,SYNTHETIC
3118.05,SKL0002,Java,RELEVANT,2,SYNTHETIC_DEMO_MAPPING,SYNTHETIC
3118.05,SKL0098,English Communication,RELEVANT,3,SYNTHETIC_DEMO_MAPPING,SYNTHETIC
3118.05,SKL0096,Digital Literacy,RELEVANT,2,SYNTHETIC_DEMO_MAPPING,SYNTHETIC
3118.05,SKL0012,Docker,RELEVANT,1,SYNTHETIC_DEMO_MAPPING,SYNTHETIC
3118.05,SKL0054,Quantity Surveying,RELEVANT,1,SYNTHETIC_DEMO_MAPPING,SYNTHETIC
3118.06,SKL0098,English Communication,RELEVANT,4,SYNTHETIC_DEMO_MAPPING,SYNTHETIC
3118.06,SKL0093,Problem Solving,RELEVANT,2,SYNTHETIC_DEMO_MAPPING,SYNTHETIC
3118.06,SKL0041,AutoCAD,RELEVANT,4,SYNTHETIC_DEMO_MAPPING,SYNTHETIC
3118.07,SKL0097,Team Management,RELEVANT,3,SYNTHETIC_DEMO_MAPPING,SYNTHETIC
3118.07,SKL0094,Microsoft Excel,RELEVANT,3,SYNTHETIC_DEMO_MAPPING,SYNTHETIC
3118.07,SKL0093,Problem Solving,RELEVANT,2,SYNTHETIC_DEMO_MAPPING,SYNTHETIC
3118.07,SKL0092,Communication,RELEVANT,1,SYNTHETIC_DEMO_MAPPING,SYNTHETIC
3118.08,SKL0032,CNC Operation,RELEVANT,4,SYNTHETIC_DEMO_MAPPING,SYNTHETIC
3118.08,SKL0026,IoT,RELEVANT,2,SYNTHETIC_DEMO_MAPPING,SYNTHETIC
3118.08,SKL0028,Electrical Testing,RELEVANT,3,SYNTHETIC_DEMO_MAPPING,SYNTHETIC
3118.09,SKL0020,Figma,RELEVANT,3,SYNTHETIC_DEMO_MAPPING,SYNTHETIC
3118.09,SKL0016,Data Analysis,RELEVANT,3,SYNTHETIC_DEMO_MAPPING,SYNTHETIC
3118.09,SKL0092,Communication,RELEVANT,3,SYNTHETIC_DEMO_MAPPING,SYNTHETIC
3118.09,SKL0003,JavaScript,RELEVANT,4,SYNTHETIC_DEMO_MAPPING,SYNTHETIC
3118.99,SKL0096,Digital Literacy,RELEVANT,2,SYNTHETIC_DEMO_MAPPING,SYNTHETIC
3118.99,SKL0041,AutoCAD,RELEVANT,4,SYNTHETIC_DEMO_MAPPING,SYNTHETIC
3118.99,SKL0060,Structural Analysis,RELEVANT,4,SYNTHETIC_DEMO_MAPPING,SYNTHETIC
3118.99,SKL0097,Team Management,RELEVANT,3,SYNTHETIC_DEMO_MAPPING,SYNTHETIC
3119.01,SKL0062,Medical Coding,RELEVANT,2,SYNTHETIC_DEMO_MAPPING,SYNTHETIC
3119.01,SKL0025,Industrial Automation,RELEVANT,2,SYNTHETIC_DEMO_MAPPING,SYNTHETIC
3119.01,SKL0034,Welding,RELEVANT,1,SYNTHETIC_DEMO_MAPPING,SYNTHETIC
3119.01,SKL0021,PLC,RELEVANT,3,SYNTHETIC_DEMO_MAPPING,SYNTHETIC
3119.02,SKL0098,English Communication,RELEVANT,1,SYNTHETIC_DEMO_MAPPING,SYNTHETIC
3119.02,SKL0093,Problem Solving,RELEVANT,3,SYNTHETIC_DEMO_MAPPING,SYNTHETIC
3119.02,SKL0097,Team Management,RELEVANT,3,SYNTHETIC_DEMO_MAPPING,SYNTHETIC
3119.02,SKL0026,IoT,RELEVANT,4,SYNTHETIC_DEMO_MAPPING,SYNTHETIC
3119.03,SKL0096,Digital Literacy,RELEVANT,2,SYNTHETIC_DEMO_MAPPING,SYNTHETIC
3119.03,SKL0041,AutoCAD,RELEVANT,3,SYNTHETIC_DEMO_MAPPING,SYNTHETIC
3119.04,SKL0098,English Communication,RELEVANT,2,SYNTHETIC_DEMO_MAPPING,SYNTHETIC
3119.04,SKL0092,Communication,RELEVANT,1,SYNTHETIC_DEMO_MAPPING,SYNTHETIC
3119.04,SKL0097,Team Management,RELEVANT,3,SYNTHETIC_DEMO_MAPPING,SYNTHETIC
3119.04,SKL0093,Problem Solving,RELEVANT,2,SYNTHETIC_DEMO_MAPPING,SYNTHETIC
3119.05,SKL0092,Communication,RELEVANT,3,SYNTHETIC_DEMO_MAPPING,SYNTHETIC
3119.05,SKL0094,Microsoft Excel,RELEVANT,3,SYNTHETIC_DEMO_MAPPING,SYNTHETIC
3119.06,SKL0093,Problem Solving,RELEVANT,4,SYNTHETIC_DEMO_MAPPING,SYNTHETIC
3119.06,SKL0014,Azure,RELEVANT,3,SYNTHETIC_DEMO_MAPPING,SYNTHETIC
3119.07,SKL0031,CNC Programming,RELEVANT,3,SYNTHETIC_DEMO_MAPPING,SYNTHETIC
3119.07,SKL0094,Microsoft Excel,RELEVANT,4,SYNTHETIC_DEMO_MAPPING,SYNTHETIC
3119.07,SKL0032,CNC Operation,RELEVANT,2,SYNTHETIC_DEMO_MAPPING,SYNTHETIC
3119.07,SKL0098,English Communication,RELEVANT,1,SYNTHETIC_DEMO_MAPPING,SYNTHETIC
3119.08,SKL0024,PCB Design,RELEVANT,2,SYNTHETIC_DEMO_MAPPING,SYNTHETIC
3119.08,SKL0091,Route Planning,RELEVANT,4,SYNTHETIC_DEMO_MAPPING,SYNTHETIC
3119.09,SKL0057,Civil Drafting,RELEVANT,4,SYNTHETIC_DEMO_MAPPING,SYNTHETIC
3119.09,SKL0046,EV Battery Maintenance,RELEVANT,4,SYNTHETIC_DEMO_MAPPING,SYNTHETIC
3119.09,SKL0093,Problem Solving,RELEVANT,1,SYNTHETIC_DEMO_MAPPING,SYNTHETIC
3119.1,SKL0096,Digital Literacy,RELEVANT,2,SYNTHETIC_DEMO_MAPPING,SYNTHETIC
3119.1,SKL0095,Workplace Safety,RELEVANT,1,SYNTHETIC_DEMO_MAPPING,SYNTHETIC
3119.1,SKL0097,Team Management,RELEVANT,2,SYNTHETIC_DEMO_MAPPING,SYNTHETIC
3119.1,SKL0092,Communication,RELEVANT,4,SYNTHETIC_DEMO_MAPPING,SYNTHETIC
3119.1,SKL0093,Problem Solving,RELEVANT,2,SYNTHETIC_DEMO_MAPPING,SYNTHETIC
3119.11,SKL0027,Sensors,RELEVANT,1,SYNTHETIC_DEMO_MAPPING,SYNTHETIC
3119.11,SKL0031,CNC Programming,RELEVANT,2,SYNTHETIC_DEMO_MAPPING,SYNTHETIC
3119.11,SKL0011,Git,RELEVANT,2,SYNTHETIC_DEMO_MAPPING,SYNTHETIC
3119.99,SKL0097,Team Management,RELEVANT,2,SYNTHETIC_DEMO_MAPPING,SYNTHETIC
3119.99,SKL0025,Industrial Automation,RELEVANT,4,SYNTHETIC_DEMO_MAPPING,SYNTHETIC
3121.01,SKL0096,Digital Literacy,RELEVANT,1,SYNTHETIC_DEMO_MAPPING,SYNTHETIC
3121.01,SKL0097,Team Management,RELEVANT,1,SYNTHETIC_DEMO_MAPPING,SYNTHETIC
3121.02,SKL0037,Production Planning,RELEVANT,4,SYNTHETIC_DEMO_MAPPING,SYNTHETIC
3121.02,SKL0039,CNC Milling,RELEVANT,1,SYNTHETIC_DEMO_MAPPING,SYNTHETIC
3121.02,SKL0096,Digital Literacy,RELEVANT,2,SYNTHETIC_DEMO_MAPPING,SYNTHETIC
3121.02,SKL0031,CNC Programming,RELEVANT,4,SYNTHETIC_DEMO_MAPPING,SYNTHETIC
3121.02,SKL0042,SolidWorks,RELEVANT,3,SYNTHETIC_DEMO_MAPPING,SYNTHETIC
3121.03,SKL0094,Microsoft Excel,RELEVANT,3,SYNTHETIC_DEMO_MAPPING,SYNTHETIC
3121.03,SKL0063,Clinical Documentation,RELEVANT,3,SYNTHETIC_DEMO_MAPPING,SYNTHETIC
3121.03,SKL0038,CNC Turning,RELEVANT,1,SYNTHETIC_DEMO_MAPPING,SYNTHETIC
3121.03,SKL0037,Production Planning,RELEVANT,4,SYNTHETIC_DEMO_MAPPING,SYNTHETIC
3121.03,SKL0096,Digital Literacy,RELEVANT,3,SYNTHETIC_DEMO_MAPPING,SYNTHETIC
3121.04,SKL0086,Inventory Management,RELEVANT,2,SYNTHETIC_DEMO_MAPPING,SYNTHETIC
3121.04,SKL0088,Fleet Management,RELEVANT,1,SYNTHETIC_DEMO_MAPPING,SYNTHETIC
3121.04,SKL0090,Logistics Planning,RELEVANT,1,SYNTHETIC_DEMO_MAPPING,SYNTHETIC
3121.04,SKL0085,Warehouse Management,RELEVANT,1,SYNTHETIC_DEMO_MAPPING,SYNTHETIC
3121.05,SKL0094,Microsoft Excel,RELEVANT,4,SYNTHETIC_DEMO_MAPPING,SYNTHETIC
3121.05,SKL0096,Digital Literacy,RELEVANT,1,SYNTHETIC_DEMO_MAPPING,SYNTHETIC
3121.05,SKL0098,English Communication,RELEVANT,2,SYNTHETIC_DEMO_MAPPING,SYNTHETIC
3121.05,SKL0097,Team Management,RELEVANT,3,SYNTHETIC_DEMO_MAPPING,SYNTHETIC
3121.05,SKL0095,Workplace Safety,RELEVANT,4,SYNTHETIC_DEMO_MAPPING,SYNTHETIC
3121.06,SKL0094,Microsoft Excel,RELEVANT,1,SYNTHETIC_DEMO_MAPPING,SYNTHETIC
3121.06,SKL0093,Problem Solving,RELEVANT,2,SYNTHETIC_DEMO_MAPPING,SYNTHETIC
3121.06,SKL0097,Team Management,RELEVANT,3,SYNTHETIC_DEMO_MAPPING,SYNTHETIC
3121.06,SKL0096,Digital Literacy,RELEVANT,4,SYNTHETIC_DEMO_MAPPING,SYNTHETIC
3121.07,SKL0047,Vehicle Diagnostics,RELEVANT,3,SYNTHETIC_DEMO_MAPPING,SYNTHETIC
3121.07,SKL0050,Automotive CAD,RELEVANT,4,SYNTHETIC_DEMO_MAPPING,SYNTHETIC
3121.07,SKL0034,Welding,RELEVANT,2,SYNTHETIC_DEMO_MAPPING,SYNTHETIC
3121.07,SKL0045,Battery Management Systems,RELEVANT,1,SYNTHETIC_DEMO_MAPPING,SYNTHETIC
3121.08,SKL0096,Digital Literacy,RELEVANT,3,SYNTHETIC_DEMO_MAPPING,SYNTHETIC
3121.08,SKL0093,Problem Solving,RELEVANT,3,SYNTHETIC_DEMO_MAPPING,SYNTHETIC
3121.99,SKL0094,Microsoft Excel,RELEVANT,4,SYNTHETIC_DEMO_MAPPING,SYNTHETIC
3121.99,SKL0097,Team Management,RELEVANT,1,SYNTHETIC_DEMO_MAPPING,SYNTHETIC
3121.99,SKL0096,Digital Literacy,RELEVANT,3,SYNTHETIC_DEMO_MAPPING,SYNTHETIC
3121.99,SKL0093,Problem Solving,RELEVANT,1,SYNTHETIC_DEMO_MAPPING,SYNTHETIC
3121.99,SKL0098,English Communication,RELEVANT,4,SYNTHETIC_DEMO_MAPPING,SYNTHETIC
3122.01,SKL0031,CNC Programming,RELEVANT,1,SYNTHETIC_DEMO_MAPPING,SYNTHETIC
3122.01,SKL0096,Digital Literacy,RELEVANT,1,SYNTHETIC_DEMO_MAPPING,SYNTHETIC
3122.01,SKL0095,Workplace Safety,RELEVANT,4,SYNTHETIC_DEMO_MAPPING,SYNTHETIC
3122.01,SKL0034,Welding,RELEVANT,4,SYNTHETIC_DEMO_MAPPING,SYNTHETIC
3122.01,SKL0037,Production Planning,RELEVANT,2,SYNTHETIC_DEMO_MAPPING,SYNTHETIC
3122.02,SKL0098,English Communication,RELEVANT,3,SYNTHETIC_DEMO_MAPPING,SYNTHETIC
3122.02,SKL0094,Microsoft Excel,RELEVANT,4,SYNTHETIC_DEMO_MAPPING,SYNTHETIC
3122.02,SKL0041,AutoCAD,RELEVANT,3,SYNTHETIC_DEMO_MAPPING,SYNTHETIC
3122.02,SKL0040,Mechanical Assembly,RELEVANT,4,SYNTHETIC_DEMO_MAPPING,SYNTHETIC
3122.03,SKL0096,Digital Literacy,RELEVANT,2,SYNTHETIC_DEMO_MAPPING,SYNTHETIC
3122.03,SKL0087,Supply Chain Management,RELEVANT,3,SYNTHETIC_DEMO_MAPPING,SYNTHETIC
3122.03,SKL0069,Tally,RELEVANT,4,SYNTHETIC_DEMO_MAPPING,SYNTHETIC
3122.03,SKL0092,Communication,RELEVANT,1,SYNTHETIC_DEMO_MAPPING,SYNTHETIC
3122.04,SKL0042,SolidWorks,RELEVANT,1,SYNTHETIC_DEMO_MAPPING,SYNTHETIC
3122.04,SKL0031,CNC Programming,RELEVANT,4,SYNTHETIC_DEMO_MAPPING,SYNTHETIC
3122.05,SKL0041,AutoCAD,RELEVANT,4,SYNTHETIC_DEMO_MAPPING,SYNTHETIC
3122.05,SKL0037,Production Planning,RELEVANT,3,SYNTHETIC_DEMO_MAPPING,SYNTHETIC
3122.05,SKL0096,Digital Literacy,RELEVANT,4,SYNTHETIC_DEMO_MAPPING,SYNTHETIC
3122.05,SKL0038,CNC Turning,RELEVANT,1,SYNTHETIC_DEMO_MAPPING,SYNTHETIC
3122.0601,SKL0038,CNC Turning,RELEVANT,3,SYNTHETIC_DEMO_MAPPING,SYNTHETIC
3122.0601,SKL0024,PCB Design,RELEVANT,4,SYNTHETIC_DEMO_MAPPING,SYNTHETIC
3122.0601,SKL0039,CNC Milling,RELEVANT,3,SYNTHETIC_DEMO_MAPPING,SYNTHETIC
3122.0601,SKL0065,Laboratory Techniques,RELEVANT,3,SYNTHETIC_DEMO_MAPPING,SYNTHETIC
3122.0601,SKL0066,Medical Equipment Maintenance,RELEVANT,2,SYNTHETIC_DEMO_MAPPING,SYNTHETIC
3122.08,SKL0042,SolidWorks,RELEVANT,3,SYNTHETIC_DEMO_MAPPING,SYNTHETIC
3122.08,SKL0037,Production Planning,RELEVANT,2,SYNTHETIC_DEMO_MAPPING,SYNTHETIC
3122.09,SKL0094,Microsoft Excel,RELEVANT,2,SYNTHETIC_DEMO_MAPPING,SYNTHETIC
3122.09,SKL0095,Workplace Safety,RELEVANT,1,SYNTHETIC_DEMO_MAPPING,SYNTHETIC
3122.09,SKL0038,CNC Turning,RELEVANT,2,SYNTHETIC_DEMO_MAPPING,SYNTHETIC
3122.09,SKL0093,Problem Solving,RELEVANT,1,SYNTHETIC_DEMO_MAPPING,SYNTHETIC
3122.1,SKL0094,Microsoft Excel,RELEVANT,3,SYNTHETIC_DEMO_MAPPING,SYNTHETIC
3122.1,SKL0093,Problem Solving,RELEVANT,4,SYNTHETIC_DEMO_MAPPING,SYNTHETIC
3122.11,SKL0097,Team Management,RELEVANT,3,SYNTHETIC_DEMO_MAPPING,SYNTHETIC
3122.11,SKL0040,Mechanical Assembly,RELEVANT,3,SYNTHETIC_DEMO_MAPPING,SYNTHETIC
3122.11,SKL0033,Machine Maintenance,RELEVANT,2,SYNTHETIC_DEMO_MAPPING,SYNTHETIC
3122.11,SKL0032,CNC Operation,RELEVANT,2,SYNTHETIC_DEMO_MAPPING,SYNTHETIC
3122.11,SKL0035,Quality Control,RELEVANT,2,SYNTHETIC_DEMO_MAPPING,SYNTHETIC
3122.13,SKL0037,Production Planning,RELEVANT,2,SYNTHETIC_DEMO_MAPPING,SYNTHETIC
3122.13,SKL0036,Lean Manufacturing,RELEVANT,2,SYNTHETIC_DEMO_MAPPING,SYNTHETIC
3122.14,SKL0024,PCB Design,RELEVANT,1,SYNTHETIC_DEMO_MAPPING,SYNTHETIC
3122.14,SKL0041,AutoCAD,RELEVANT,3,SYNTHETIC_DEMO_MAPPING,SYNTHETIC
3122.14,SKL0035,Quality Control,RELEVANT,4,SYNTHETIC_DEMO_MAPPING,SYNTHETIC
3122.16,SKL0043,Automotive Diagnostics,RELEVANT,4,SYNTHETIC_DEMO_MAPPING,SYNTHETIC
3122.16,SKL0057,Civil Drafting,RELEVANT,2,SYNTHETIC_DEMO_MAPPING,SYNTHETIC
3122.16,SKL0096,Digital Literacy,RELEVANT,4,SYNTHETIC_DEMO_MAPPING,SYNTHETIC
3122.16,SKL0093,Problem Solving,RELEVANT,4,SYNTHETIC_DEMO_MAPPING,SYNTHETIC
3122.16,SKL0049,Electric Motor Systems,RELEVANT,1,SYNTHETIC_DEMO_MAPPING,SYNTHETIC
3122.17,SKL0096,Digital Literacy,RELEVANT,3,SYNTHETIC_DEMO_MAPPING,SYNTHETIC
3122.17,SKL0051,Service Operations,RELEVANT,3,SYNTHETIC_DEMO_MAPPING,SYNTHETIC
3122.18,SKL0049,Electric Motor Systems,RELEVANT,2,SYNTHETIC_DEMO_MAPPING,SYNTHETIC
3122.18,SKL0097,Team Management,RELEVANT,2,SYNTHETIC_DEMO_MAPPING,SYNTHETIC
3122.18,SKL0096,Digital Literacy,RELEVANT,4,SYNTHETIC_DEMO_MAPPING,SYNTHETIC
3122.18,SKL0094,Microsoft Excel,RELEVANT,3,SYNTHETIC_DEMO_MAPPING,SYNTHETIC
3122.18,SKL0042,SolidWorks,RELEVANT,3,SYNTHETIC_DEMO_MAPPING,SYNTHETIC
3122.19,SKL0031,CNC Programming,RELEVANT,2,SYNTHETIC_DEMO_MAPPING,SYNTHETIC
3122.19,SKL0098,English Communication,RELEVANT,1,SYNTHETIC_DEMO_MAPPING,SYNTHETIC
3122.19,SKL0040,Mechanical Assembly,RELEVANT,2,SYNTHETIC_DEMO_MAPPING,SYNTHETIC
3122.19,SKL0033,Machine Maintenance,RELEVANT,3,SYNTHETIC_DEMO_MAPPING,SYNTHETIC
3122.19,SKL0042,SolidWorks,RELEVANT,2,SYNTHETIC_DEMO_MAPPING,SYNTHETIC
3122.2,SKL0093,Problem Solving,RELEVANT,4,SYNTHETIC_DEMO_MAPPING,SYNTHETIC
3122.2,SKL0095,Workplace Safety,RELEVANT,3,SYNTHETIC_DEMO_MAPPING,SYNTHETIC
3122.2,SKL0042,SolidWorks,RELEVANT,1,SYNTHETIC_DEMO_MAPPING,SYNTHETIC
3122.2,SKL0092,Communication,RELEVANT,4,SYNTHETIC_DEMO_MAPPING,SYNTHETIC
3122.2,SKL0046,EV Battery Maintenance,RELEVANT,3,SYNTHETIC_DEMO_MAPPING,SYNTHETIC
3122.21,SKL0035,Quality Control,RELEVANT,1,SYNTHETIC_DEMO_MAPPING,SYNTHETIC
3122.21,SKL0032,CNC Operation,RELEVANT,4,SYNTHETIC_DEMO_MAPPING,SYNTHETIC
3122.21,SKL0043,Automotive Diagnostics,RELEVANT,4,SYNTHETIC_DEMO_MAPPING,SYNTHETIC
3122.21,SKL0047,Vehicle Diagnostics,RELEVANT,3,SYNTHETIC_DEMO_MAPPING,SYNTHETIC
3122.22,SKL0047,Vehicle Diagnostics,RELEVANT,4,SYNTHETIC_DEMO_MAPPING,SYNTHETIC
3122.22,SKL0024,PCB Design,RELEVANT,4,SYNTHETIC_DEMO_MAPPING,SYNTHETIC
3122.22,SKL0049,Electric Motor Systems,RELEVANT,2,SYNTHETIC_DEMO_MAPPING,SYNTHETIC
3122.22,SKL0045,Battery Management Systems,RELEVANT,2,SYNTHETIC_DEMO_MAPPING,SYNTHETIC
3122.22,SKL0095,Workplace Safety,RELEVANT,3,SYNTHETIC_DEMO_MAPPING,SYNTHETIC
3122.23,SKL0022,SCADA,RELEVANT,2,SYNTHETIC_DEMO_MAPPING,SYNTHETIC
3122.23,SKL0026,IoT,RELEVANT,1,SYNTHETIC_DEMO_MAPPING,SYNTHETIC
3122.24,SKL0045,Battery Management Systems,RELEVANT,1,SYNTHETIC_DEMO_MAPPING,SYNTHETIC
3122.24,SKL0036,Lean Manufacturing,RELEVANT,2,SYNTHETIC_DEMO_MAPPING,SYNTHETIC
3122.24,SKL0032,CNC Operation,RELEVANT,3,SYNTHETIC_DEMO_MAPPING,SYNTHETIC
3122.25,SKL0097,Team Management,RELEVANT,2,SYNTHETIC_DEMO_MAPPING,SYNTHETIC
3122.25,SKL0094,Microsoft Excel,RELEVANT,1,SYNTHETIC_DEMO_MAPPING,SYNTHETIC
3122.25,SKL0036,Lean Manufacturing,RELEVANT,3,SYNTHETIC_DEMO_MAPPING,SYNTHETIC
3122.25,SKL0043,Automotive Diagnostics,RELEVANT,3,SYNTHETIC_DEMO_MAPPING,SYNTHETIC
3122.26,SKL0045,Battery Management Systems,RELEVANT,2,SYNTHETIC_DEMO_MAPPING,SYNTHETIC
3122.26,SKL0049,Electric Motor Systems,RELEVANT,3,SYNTHETIC_DEMO_MAPPING,SYNTHETIC
3122.26,SKL0042,SolidWorks,RELEVANT,1,SYNTHETIC_DEMO_MAPPING,SYNTHETIC
3122.26,SKL0044,EV Systems,RELEVANT,4,SYNTHETIC_DEMO_MAPPING,SYNTHETIC
3122.26,SKL0043,Automotive Diagnostics,RELEVANT,4,SYNTHETIC_DEMO_MAPPING,SYNTHETIC
3122.28,SKL0041,AutoCAD,RELEVANT,3,SYNTHETIC_DEMO_MAPPING,SYNTHETIC
3122.28,SKL0032,CNC Operation,RELEVANT,3,SYNTHETIC_DEMO_MAPPING,SYNTHETIC
3122.28,SKL0045,Battery Management Systems,RELEVANT,3,SYNTHETIC_DEMO_MAPPING,SYNTHETIC
3122.29,SKL0039,CNC Milling,RELEVANT,2,SYNTHETIC_DEMO_MAPPING,SYNTHETIC
3122.29,SKL0037,Production Planning,RELEVANT,4,SYNTHETIC_DEMO_MAPPING,SYNTHETIC
3122.29,SKL0033,Machine Maintenance,RELEVANT,1,SYNTHETIC_DEMO_MAPPING,SYNTHETIC
3122.3,SKL0093,Problem Solving,RELEVANT,3,SYNTHETIC_DEMO_MAPPING,SYNTHETIC
3122.3,SKL0097,Team Management,RELEVANT,2,SYNTHETIC_DEMO_MAPPING,SYNTHETIC
3122.3,SKL0094,Microsoft Excel,RELEVANT,4,SYNTHETIC_DEMO_MAPPING,SYNTHETIC
3122.3,SKL0092,Communication,RELEVANT,2,SYNTHETIC_DEMO_MAPPING,SYNTHETIC
3122.3,SKL0095,Workplace Safety,RELEVANT,3,SYNTHETIC_DEMO_MAPPING,SYNTHETIC
3122.31,SKL0074,Digital Marketing,RELEVANT,4,SYNTHETIC_DEMO_MAPPING,SYNTHETIC
3122.31,SKL0076,Customer Service,RELEVANT,2,SYNTHETIC_DEMO_MAPPING,SYNTHETIC
3122.31,SKL0094,Microsoft Excel,RELEVANT,3,SYNTHETIC_DEMO_MAPPING,SYNTHETIC
3122.31,SKL0073,Business Analysis,RELEVANT,2,SYNTHETIC_DEMO_MAPPING,SYNTHETIC
3122.32,SKL0035,Quality Control,RELEVANT,3,SYNTHETIC_DEMO_MAPPING,SYNTHETIC
3122.32,SKL0097,Team Management,RELEVANT,1,SYNTHETIC_DEMO_MAPPING,SYNTHETIC
3122.32,SKL0040,Mechanical Assembly,RELEVANT,1,SYNTHETIC_DEMO_MAPPING,SYNTHETIC
3122.32,SKL0095,Workplace Safety,RELEVANT,1,SYNTHETIC_DEMO_MAPPING,SYNTHETIC
3122.33,SKL0032,CNC Operation,RELEVANT,1,SYNTHETIC_DEMO_MAPPING,SYNTHETIC
3122.33,SKL0094,Microsoft Excel,RELEVANT,4,SYNTHETIC_DEMO_MAPPING,SYNTHETIC
3122.34,SKL0039,CNC Milling,RELEVANT,3,SYNTHETIC_DEMO_MAPPING,SYNTHETIC
3122.34,SKL0034,Welding,RELEVANT,4,SYNTHETIC_DEMO_MAPPING,SYNTHETIC
3122.34,SKL0093,Problem Solving,RELEVANT,3,SYNTHETIC_DEMO_MAPPING,SYNTHETIC
3122.345,SKL0097,Team Management,RELEVANT,1,SYNTHETIC_DEMO_MAPPING,SYNTHETIC
3122.345,SKL0044,EV Systems,RELEVANT,4,SYNTHETIC_DEMO_MAPPING,SYNTHETIC
3122.345,SKL0037,Production Planning,RELEVANT,1,SYNTHETIC_DEMO_MAPPING,SYNTHETIC
3122.345,SKL0093,Problem Solving,RELEVANT,1,SYNTHETIC_DEMO_MAPPING,SYNTHETIC
3122.35,SKL0098,English Communication,RELEVANT,3,SYNTHETIC_DEMO_MAPPING,SYNTHETIC
3122.35,SKL0022,SCADA,RELEVANT,1,SYNTHETIC_DEMO_MAPPING,SYNTHETIC
3122.35,SKL0028,Electrical Testing,RELEVANT,3,SYNTHETIC_DEMO_MAPPING,SYNTHETIC
3122.3551,SKL0039,CNC Milling,RELEVANT,2,SYNTHETIC_DEMO_MAPPING,SYNTHETIC
3122.3551,SKL0093,Problem Solving,RELEVANT,3,SYNTHETIC_DEMO_MAPPING,SYNTHETIC
3122.3551,SKL0097,Team Management,RELEVANT,3,SYNTHETIC_DEMO_MAPPING,SYNTHETIC
3122.3551,SKL0031,CNC Programming,RELEVANT,4,SYNTHETIC_DEMO_MAPPING,SYNTHETIC
3122.36,SKL0041,AutoCAD,RELEVANT,3,SYNTHETIC_DEMO_MAPPING,SYNTHETIC
3122.36,SKL0098,English Communication,RELEVANT,4,SYNTHETIC_DEMO_MAPPING,SYNTHETIC
3122.36,SKL0037,Production Planning,RELEVANT,3,SYNTHETIC_DEMO_MAPPING,SYNTHETIC
3122.36,SKL0094,Microsoft Excel,RELEVANT,4,SYNTHETIC_DEMO_MAPPING,SYNTHETIC
3122.38,SKL0094,Microsoft Excel,RELEVANT,4,SYNTHETIC_DEMO_MAPPING,SYNTHETIC
3122.38,SKL0050,Automotive CAD,RELEVANT,1,SYNTHETIC_DEMO_MAPPING,SYNTHETIC
3122.38,SKL0042,SolidWorks,RELEVANT,3,SYNTHETIC_DEMO_MAPPING,SYNTHETIC
3122.38,SKL0097,Team Management,RELEVANT,4,SYNTHETIC_DEMO_MAPPING,SYNTHETIC
3122.38,SKL0035,Quality Control,RELEVANT,4,SYNTHETIC_DEMO_MAPPING,SYNTHETIC
3122.39,SKL0095,Workplace Safety,RELEVANT,3,SYNTHETIC_DEMO_MAPPING,SYNTHETIC
3122.39,SKL0098,English Communication,RELEVANT,3,SYNTHETIC_DEMO_MAPPING,SYNTHETIC
3122.39,SKL0096,Digital Literacy,RELEVANT,2,SYNTHETIC_DEMO_MAPPING,SYNTHETIC
3122.39,SKL0042,SolidWorks,RELEVANT,3,SYNTHETIC_DEMO_MAPPING,SYNTHETIC
3122.4,SKL0097,Team Management,RELEVANT,1,SYNTHETIC_DEMO_MAPPING,SYNTHETIC
3122.4,SKL0096,Digital Literacy,RELEVANT,2,SYNTHETIC_DEMO_MAPPING,SYNTHETIC
3122.4,SKL0094,Microsoft Excel,RELEVANT,1,SYNTHETIC_DEMO_MAPPING,SYNTHETIC
3122.4,SKL0095,Workplace Safety,RELEVANT,1,SYNTHETIC_DEMO_MAPPING,SYNTHETIC
3122.4,SKL0098,English Communication,RELEVANT,2,SYNTHETIC_DEMO_MAPPING,SYNTHETIC
3122.41,SKL0038,CNC Turning,RELEVANT,2,SYNTHETIC_DEMO_MAPPING,SYNTHETIC
3122.41,SKL0087,Supply Chain Management,RELEVANT,1,SYNTHETIC_DEMO_MAPPING,SYNTHETIC
3122.41,SKL0092,Communication,RELEVANT,4,SYNTHETIC_DEMO_MAPPING,SYNTHETIC
3122.41,SKL0040,Mechanical Assembly,RELEVANT,3,SYNTHETIC_DEMO_MAPPING,SYNTHETIC
3122.41,SKL0034,Welding,RELEVANT,1,SYNTHETIC_DEMO_MAPPING,SYNTHETIC
3122.42,SKL0023,Embedded Systems,RELEVANT,1,SYNTHETIC_DEMO_MAPPING,SYNTHETIC
3122.42,SKL0096,Digital Literacy,RELEVANT,1,SYNTHETIC_DEMO_MAPPING,SYNTHETIC
3122.43,SKL0096,Digital Literacy,RELEVANT,2,SYNTHETIC_DEMO_MAPPING,SYNTHETIC
3122.43,SKL0026,IoT,RELEVANT,4,SYNTHETIC_DEMO_MAPPING,SYNTHETIC
3122.43,SKL0097,Team Management,RELEVANT,2,SYNTHETIC_DEMO_MAPPING,SYNTHETIC
3122.43,SKL0055,Site Supervision,RELEVANT,4,SYNTHETIC_DEMO_MAPPING,SYNTHETIC
3122.4401,SKL0093,Problem Solving,RELEVANT,1,SYNTHETIC_DEMO_MAPPING,SYNTHETIC
3122.4401,SKL0098,English Communication,RELEVANT,3,SYNTHETIC_DEMO_MAPPING,SYNTHETIC
3122.4401,SKL0092,Communication,RELEVANT,1,SYNTHETIC_DEMO_MAPPING,SYNTHETIC
3122.4401,SKL0094,Microsoft Excel,RELEVANT,2,SYNTHETIC_DEMO_MAPPING,SYNTHETIC
3122.4402,SKL0042,SolidWorks,RELEVANT,2,SYNTHETIC_DEMO_MAPPING,SYNTHETIC
3122.4402,SKL0021,PLC,RELEVANT,3,SYNTHETIC_DEMO_MAPPING,SYNTHETIC
3122.4501,SKL0064,Pharmacy Operations,RELEVANT,2,SYNTHETIC_DEMO_MAPPING,SYNTHETIC
3122.4501,SKL0026,IoT,RELEVANT,1,SYNTHETIC_DEMO_MAPPING,SYNTHETIC
3122.4501,SKL0046,EV Battery Maintenance,RELEVANT,3,SYNTHETIC_DEMO_MAPPING,SYNTHETIC
3122.4501,SKL0025,Industrial Automation,RELEVANT,3,SYNTHETIC_DEMO_MAPPING,SYNTHETIC
3122.4501,SKL0028,Electrical Testing,RELEVANT,4,SYNTHETIC_DEMO_MAPPING,SYNTHETIC
3122.4502,SKL0063,Clinical Documentation,RELEVANT,2,SYNTHETIC_DEMO_MAPPING,SYNTHETIC
3122.4502,SKL0033,Machine Maintenance,RELEVANT,4,SYNTHETIC_DEMO_MAPPING,SYNTHETIC
3122.4601,SKL0048,Auto Electrical,RELEVANT,1,SYNTHETIC_DEMO_MAPPING,SYNTHETIC
3122.4601,SKL0045,Battery Management Systems,RELEVANT,4,SYNTHETIC_DEMO_MAPPING,SYNTHETIC
3122.4601,SKL0096,Digital Literacy,RELEVANT,3,SYNTHETIC_DEMO_MAPPING,SYNTHETIC
3122.4601,SKL0031,CNC Programming,RELEVANT,4,SYNTHETIC_DEMO_MAPPING,SYNTHETIC
3122.4602,SKL0027,Sensors,RELEVANT,3,SYNTHETIC_DEMO_MAPPING,SYNTHETIC
3122.4602,SKL0029,Control Systems,RELEVANT,3,SYNTHETIC_DEMO_MAPPING,SYNTHETIC
3122.4602,SKL0034,Welding,RELEVANT,3,SYNTHETIC_DEMO_MAPPING,SYNTHETIC
3122.4602,SKL0063,Clinical Documentation,RELEVANT,1,SYNTHETIC_DEMO_MAPPING,SYNTHETIC
3122.4602,SKL0032,CNC Operation,RELEVANT,2,SYNTHETIC_DEMO_MAPPING,SYNTHETIC
3122.4701,SKL0067,Healthcare Administration,RELEVANT,4,SYNTHETIC_DEMO_MAPPING,SYNTHETIC
3122.4701,SKL0041,AutoCAD,RELEVANT,2,SYNTHETIC_DEMO_MAPPING,SYNTHETIC
3122.4701,SKL0042,SolidWorks,RELEVANT,4,SYNTHETIC_DEMO_MAPPING,SYNTHETIC
3122.4701,SKL0029,Control Systems,RELEVANT,1,SYNTHETIC_DEMO_MAPPING,SYNTHETIC
3122.4702,SKL0035,Quality Control,RELEVANT,2,SYNTHETIC_DEMO_MAPPING,SYNTHETIC
3122.4702,SKL0095,Workplace Safety,RELEVANT,2,SYNTHETIC_DEMO_MAPPING,SYNTHETIC
3122.4702,SKL0062,Medical Coding,RELEVANT,2,SYNTHETIC_DEMO_MAPPING,SYNTHETIC
3122.49,SKL0037,Production Planning,RELEVANT,4,SYNTHETIC_DEMO_MAPPING,SYNTHETIC
3122.49,SKL0038,CNC Turning,RELEVANT,4,SYNTHETIC_DEMO_MAPPING,SYNTHETIC
3122.49,SKL0039,CNC Milling,RELEVANT,3,SYNTHETIC_DEMO_MAPPING,SYNTHETIC
3122.49,SKL0097,Team Management,RELEVANT,4,SYNTHETIC_DEMO_MAPPING,SYNTHETIC
3122.49,SKL0047,Vehicle Diagnostics,RELEVANT,3,SYNTHETIC_DEMO_MAPPING,SYNTHETIC
3122.5,SKL0035,Quality Control,RELEVANT,1,SYNTHETIC_DEMO_MAPPING,SYNTHETIC
3122.5,SKL0096,Digital Literacy,RELEVANT,2,SYNTHETIC_DEMO_MAPPING,SYNTHETIC
3122.5,SKL0049,Electric Motor Systems,RELEVANT,3,SYNTHETIC_DEMO_MAPPING,SYNTHETIC
3122.52,SKL0044,EV Systems,RELEVANT,1,SYNTHETIC_DEMO_MAPPING,SYNTHETIC
3122.52,SKL0041,AutoCAD,RELEVANT,2,SYNTHETIC_DEMO_MAPPING,SYNTHETIC
3122.52,SKL0093,Problem Solving,RELEVANT,2,SYNTHETIC_DEMO_MAPPING,SYNTHETIC
3122.52,SKL0094,Microsoft Excel,RELEVANT,4,SYNTHETIC_DEMO_MAPPING,SYNTHETIC
3122.53,SKL0052,Two-Wheeler Service,RELEVANT,1,SYNTHETIC_DEMO_MAPPING,SYNTHETIC
3122.53,SKL0068,Accounting,RELEVANT,2,SYNTHETIC_DEMO_MAPPING,SYNTHETIC
3122.53,SKL0094,Microsoft Excel,RELEVANT,3,SYNTHETIC_DEMO_MAPPING,SYNTHETIC
3122.53,SKL0046,EV Battery Maintenance,RELEVANT,3,SYNTHETIC_DEMO_MAPPING,SYNTHETIC
3122.54,SKL0004,TypeScript,RELEVANT,2,SYNTHETIC_DEMO_MAPPING,SYNTHETIC
3122.54,SKL0007,Node.js,RELEVANT,3,SYNTHETIC_DEMO_MAPPING,SYNTHETIC
3122.54,SKL0009,PostgreSQL,RELEVANT,3,SYNTHETIC_DEMO_MAPPING,SYNTHETIC
3122.54,SKL0020,Figma,RELEVANT,1,SYNTHETIC_DEMO_MAPPING,SYNTHETIC
3122.56,SKL0050,Automotive CAD,RELEVANT,2,SYNTHETIC_DEMO_MAPPING,SYNTHETIC
3122.56,SKL0043,Automotive Diagnostics,RELEVANT,4,SYNTHETIC_DEMO_MAPPING,SYNTHETIC
3122.56,SKL0093,Problem Solving,RELEVANT,3,SYNTHETIC_DEMO_MAPPING,SYNTHETIC
3122.56,SKL0024,PCB Design,RELEVANT,4,SYNTHETIC_DEMO_MAPPING,SYNTHETIC
3122.56,SKL0047,Vehicle Diagnostics,RELEVANT,4,SYNTHETIC_DEMO_MAPPING,SYNTHETIC
3122.57,SKL0095,Workplace Safety,RELEVANT,4,SYNTHETIC_DEMO_MAPPING,SYNTHETIC
3122.57,SKL0023,Embedded Systems,RELEVANT,2,SYNTHETIC_DEMO_MAPPING,SYNTHETIC
3122.58,SKL0046,EV Battery Maintenance,RELEVANT,3,SYNTHETIC_DEMO_MAPPING,SYNTHETIC
3122.58,SKL0098,English Communication,RELEVANT,1,SYNTHETIC_DEMO_MAPPING,SYNTHETIC
3122.59,SKL0035,Quality Control,RELEVANT,1,SYNTHETIC_DEMO_MAPPING,SYNTHETIC
3122.59,SKL0033,Machine Maintenance,RELEVANT,3,SYNTHETIC_DEMO_MAPPING,SYNTHETIC
3122.59,SKL0098,English Communication,RELEVANT,3,SYNTHETIC_DEMO_MAPPING,SYNTHETIC
3122.59,SKL0097,Team Management,RELEVANT,2,SYNTHETIC_DEMO_MAPPING,SYNTHETIC
3122.6,SKL0050,Automotive CAD,RELEVANT,1,SYNTHETIC_DEMO_MAPPING,SYNTHETIC
3122.6,SKL0098,English Communication,RELEVANT,2,SYNTHETIC_DEMO_MAPPING,SYNTHETIC
3122.6,SKL0024,PCB Design,RELEVANT,2,SYNTHETIC_DEMO_MAPPING,SYNTHETIC
3122.62,SKL0096,Digital Literacy,RELEVANT,2,SYNTHETIC_DEMO_MAPPING,SYNTHETIC
3122.62,SKL0035,Quality Control,RELEVANT,3,SYNTHETIC_DEMO_MAPPING,SYNTHETIC
3122.62,SKL0046,EV Battery Maintenance,RELEVANT,3,SYNTHETIC_DEMO_MAPPING,SYNTHETIC
3122.62,SKL0039,CNC Milling,RELEVANT,2,SYNTHETIC_DEMO_MAPPING,SYNTHETIC
3122.62,SKL0022,SCADA,RELEVANT,2,SYNTHETIC_DEMO_MAPPING,SYNTHETIC
3122.63,SKL0096,Digital Literacy,RELEVANT,3,SYNTHETIC_DEMO_MAPPING,SYNTHETIC
3122.63,SKL0025,Industrial Automation,RELEVANT,1,SYNTHETIC_DEMO_MAPPING,SYNTHETIC
3122.64,SKL0095,Workplace Safety,RELEVANT,1,SYNTHETIC_DEMO_MAPPING,SYNTHETIC
3122.64,SKL0093,Problem Solving,RELEVANT,2,SYNTHETIC_DEMO_MAPPING,SYNTHETIC
3122.64,SKL0098,English Communication,RELEVANT,2,SYNTHETIC_DEMO_MAPPING,SYNTHETIC
3122.64,SKL0092,Communication,RELEVANT,4,SYNTHETIC_DEMO_MAPPING,SYNTHETIC
3122.6501,SKL0037,Production Planning,RELEVANT,1,SYNTHETIC_DEMO_MAPPING,SYNTHETIC
3122.6501,SKL0032,CNC Operation,RELEVANT,4,SYNTHETIC_DEMO_MAPPING,SYNTHETIC
3122.6501,SKL0033,Machine Maintenance,RELEVANT,4,SYNTHETIC_DEMO_MAPPING,SYNTHETIC
3122.6502,SKL0040,Mechanical Assembly,RELEVANT,1,SYNTHETIC_DEMO_MAPPING,SYNTHETIC
3122.6502,SKL0071,Financial Analysis,RELEVANT,2,SYNTHETIC_DEMO_MAPPING,SYNTHETIC
3122.6502,SKL0098,English Communication,RELEVANT,1,SYNTHETIC_DEMO_MAPPING,SYNTHETIC
3122.6502,SKL0077,Supply Chain,RELEVANT,2,SYNTHETIC_DEMO_MAPPING,SYNTHETIC
3122.6502,SKL0032,CNC Operation,RELEVANT,2,SYNTHETIC_DEMO_MAPPING,SYNTHETIC
3122.6503,SKL0095,Workplace Safety,RELEVANT,4,SYNTHETIC_DEMO_MAPPING,SYNTHETIC
3122.6503,SKL0092,Communication,RELEVANT,4,SYNTHETIC_DEMO_MAPPING,SYNTHETIC
3122.6504,SKL0093,Problem Solving,RELEVANT,1,SYNTHETIC_DEMO_MAPPING,SYNTHETIC
3122.6504,SKL0097,Team Management,RELEVANT,3,SYNTHETIC_DEMO_MAPPING,SYNTHETIC
3122.6504,SKL0098,English Communication,RELEVANT,4,SYNTHETIC_DEMO_MAPPING,SYNTHETIC
3122.6504,SKL0094,Microsoft Excel,RELEVANT,4,SYNTHETIC_DEMO_MAPPING,SYNTHETIC
3122.6505,SKL0094,Microsoft Excel,RELEVANT,4,SYNTHETIC_DEMO_MAPPING,SYNTHETIC
3122.6505,SKL0098,English Communication,RELEVANT,2,SYNTHETIC_DEMO_MAPPING,SYNTHETIC
3122.6505,SKL0093,Problem Solving,RELEVANT,1,SYNTHETIC_DEMO_MAPPING,SYNTHETIC
3122.6505,SKL0097,Team Management,RELEVANT,3,SYNTHETIC_DEMO_MAPPING,SYNTHETIC
3122.6505,SKL0095,Workplace Safety,RELEVANT,2,SYNTHETIC_DEMO_MAPPING,SYNTHETIC
3122.6506,SKL0096,Digital Literacy,RELEVANT,2,SYNTHETIC_DEMO_MAPPING,SYNTHETIC
3122.6506,SKL0038,CNC Turning,RELEVANT,2,SYNTHETIC_DEMO_MAPPING,SYNTHETIC
3122.6506,SKL0092,Communication,RELEVANT,2,SYNTHETIC_DEMO_MAPPING,SYNTHETIC
3122.6506,SKL0034,Welding,RELEVANT,2,SYNTHETIC_DEMO_MAPPING,SYNTHETIC
3122.6507,SKL0093,Problem Solving,RELEVANT,4,SYNTHETIC_DEMO_MAPPING,SYNTHETIC
3122.6507,SKL0092,Communication,RELEVANT,4,SYNTHETIC_DEMO_MAPPING,SYNTHETIC
3122.6508,SKL0094,Microsoft Excel,RELEVANT,1,SYNTHETIC_DEMO_MAPPING,SYNTHETIC
3122.6508,SKL0097,Team Management,RELEVANT,4,SYNTHETIC_DEMO_MAPPING,SYNTHETIC
3122.6508,SKL0098,English Communication,RELEVANT,4,SYNTHETIC_DEMO_MAPPING,SYNTHETIC
3122.6509,SKL0092,Communication,RELEVANT,3,SYNTHETIC_DEMO_MAPPING,SYNTHETIC
3122.6509,SKL0098,English Communication,RELEVANT,1,SYNTHETIC_DEMO_MAPPING,SYNTHETIC
3122.6509,SKL0097,Team Management,RELEVANT,4,SYNTHETIC_DEMO_MAPPING,SYNTHETIC
3122.6509,SKL0096,Digital Literacy,RELEVANT,3,SYNTHETIC_DEMO_MAPPING,SYNTHETIC
3122.6511,SKL0097,Team Management,RELEVANT,2,SYNTHETIC_DEMO_MAPPING,SYNTHETIC
3122.6511,SKL0094,Microsoft Excel,RELEVANT,1,SYNTHETIC_DEMO_MAPPING,SYNTHETIC
3122.6511,SKL0098,English Communication,RELEVANT,2,SYNTHETIC_DEMO_MAPPING,SYNTHETIC
3122.6511,SKL0092,Communication,RELEVANT,4,SYNTHETIC_DEMO_MAPPING,SYNTHETIC
3122.66,SKL0097,Team Management,RELEVANT,3,SYNTHETIC_DEMO_MAPPING,SYNTHETIC
3122.66,SKL0038,CNC Turning,RELEVANT,2,SYNTHETIC_DEMO_MAPPING,SYNTHETIC
3122.66,SKL0031,CNC Programming,RELEVANT,1,SYNTHETIC_DEMO_MAPPING,SYNTHETIC
3122.66,SKL0036,Lean Manufacturing,RELEVANT,1,SYNTHETIC_DEMO_MAPPING,SYNTHETIC
3122.66,SKL0095,Workplace Safety,RELEVANT,3,SYNTHETIC_DEMO_MAPPING,SYNTHETIC
3122.67,SKL0050,Automotive CAD,RELEVANT,4,SYNTHETIC_DEMO_MAPPING,SYNTHETIC
3122.67,SKL0097,Team Management,RELEVANT,1,SYNTHETIC_DEMO_MAPPING,SYNTHETIC
3122.69,SKL0051,Service Operations,RELEVANT,2,SYNTHETIC_DEMO_MAPPING,SYNTHETIC
3122.69,SKL0096,Digital Literacy,RELEVANT,4,SYNTHETIC_DEMO_MAPPING,SYNTHETIC
3122.69,SKL0044,EV Systems,RELEVANT,4,SYNTHETIC_DEMO_MAPPING,SYNTHETIC
3122.7,SKL0039,CNC Milling,RELEVANT,4,SYNTHETIC_DEMO_MAPPING,SYNTHETIC
3122.7,SKL0093,Problem Solving,RELEVANT,1,SYNTHETIC_DEMO_MAPPING,SYNTHETIC
3122.7,SKL0044,EV Systems,RELEVANT,3,SYNTHETIC_DEMO_MAPPING,SYNTHETIC
3122.7,SKL0042,SolidWorks,RELEVANT,3,SYNTHETIC_DEMO_MAPPING,SYNTHETIC
3122.71,SKL0031,CNC Programming,RELEVANT,2,SYNTHETIC_DEMO_MAPPING,SYNTHETIC
3122.71,SKL0098,English Communication,RELEVANT,1,SYNTHETIC_DEMO_MAPPING,SYNTHETIC
3122.72,SKL0097,Team Management,RELEVANT,2,SYNTHETIC_DEMO_MAPPING,SYNTHETIC
3122.72,SKL0041,AutoCAD,RELEVANT,2,SYNTHETIC_DEMO_MAPPING,SYNTHETIC
3122.72,SKL0092,Communication,RELEVANT,2,SYNTHETIC_DEMO_MAPPING,SYNTHETIC
3122.72,SKL0098,English Communication,RELEVANT,2,SYNTHETIC_DEMO_MAPPING,SYNTHETIC
3122.72,SKL0034,Welding,RELEVANT,2,SYNTHETIC_DEMO_MAPPING,SYNTHETIC
3122.8001,SKL0064,Pharmacy Operations,RELEVANT,3,SYNTHETIC_DEMO_MAPPING,SYNTHETIC
3122.8001,SKL0065,Laboratory Techniques,RELEVANT,1,SYNTHETIC_DEMO_MAPPING,SYNTHETIC
3122.8001,SKL0063,Clinical Documentation,RELEVANT,3,SYNTHETIC_DEMO_MAPPING,SYNTHETIC
3122.8001,SKL0067,Healthcare Administration,RELEVANT,2,SYNTHETIC_DEMO_MAPPING,SYNTHETIC
3122.99,SKL0026,IoT,RELEVANT,1,SYNTHETIC_DEMO_MAPPING,SYNTHETIC
3122.99,SKL0023,Embedded Systems,RELEVANT,4,SYNTHETIC_DEMO_MAPPING,SYNTHETIC
3122.99,SKL0022,SCADA,RELEVANT,1,SYNTHETIC_DEMO_MAPPING,SYNTHETIC
3123.01,SKL0092,Communication,RELEVANT,3,SYNTHETIC_DEMO_MAPPING,SYNTHETIC
3123.01,SKL0097,Team Management,RELEVANT,1,SYNTHETIC_DEMO_MAPPING,SYNTHETIC
3123.02,SKL0054,Quantity Surveying,RELEVANT,4,SYNTHETIC_DEMO_MAPPING,SYNTHETIC
3123.02,SKL0058,Surveying,RELEVANT,2,SYNTHETIC_DEMO_MAPPING,SYNTHETIC
3123.02,SKL0059,Project Planning,RELEVANT,3,SYNTHETIC_DEMO_MAPPING,SYNTHETIC
3123.03,SKL0049,Electric Motor Systems,RELEVANT,2,SYNTHETIC_DEMO_MAPPING,SYNTHETIC
3123.03,SKL0051,Service Operations,RELEVANT,4,SYNTHETIC_DEMO_MAPPING,SYNTHETIC
3123.03,SKL0052,Two-Wheeler Service,RELEVANT,1,SYNTHETIC_DEMO_MAPPING,SYNTHETIC
3123.0301,SKL0097,Team Management,RELEVANT,2,SYNTHETIC_DEMO_MAPPING,SYNTHETIC
3123.0301,SKL0093,Problem Solving,RELEVANT,4,SYNTHETIC_DEMO_MAPPING,SYNTHETIC
3123.0302,SKL0094,Microsoft Excel,RELEVANT,4,SYNTHETIC_DEMO_MAPPING,SYNTHETIC
3123.0302,SKL0097,Team Management,RELEVANT,1,SYNTHETIC_DEMO_MAPPING,SYNTHETIC
3123.04,SKL0050,Automotive CAD,RELEVANT,4,SYNTHETIC_DEMO_MAPPING,SYNTHETIC
3123.04,SKL0092,Communication,RELEVANT,4,SYNTHETIC_DEMO_MAPPING,SYNTHETIC
3123.04,SKL0097,Team Management,RELEVANT,4,SYNTHETIC_DEMO_MAPPING,SYNTHETIC
3123.04,SKL0055,Site Supervision,RELEVANT,4,SYNTHETIC_DEMO_MAPPING,SYNTHETIC
3123.04,SKL0054,Quantity Surveying,RELEVANT,2,SYNTHETIC_DEMO_MAPPING,SYNTHETIC
3123.05,SKL0093,Problem Solving,RELEVANT,3,SYNTHETIC_DEMO_MAPPING,SYNTHETIC
3123.05,SKL0032,CNC Operation,RELEVANT,3,SYNTHETIC_DEMO_MAPPING,SYNTHETIC
3123.05,SKL0057,Civil Drafting,RELEVANT,4,SYNTHETIC_DEMO_MAPPING,SYNTHETIC
3123.05,SKL0098,English Communication,RELEVANT,3,SYNTHETIC_DEMO_MAPPING,SYNTHETIC
3123.05,SKL0042,SolidWorks,RELEVANT,4,SYNTHETIC_DEMO_MAPPING,SYNTHETIC
3123.06,SKL0036,Lean Manufacturing,RELEVANT,3,SYNTHETIC_DEMO_MAPPING,SYNTHETIC
3123.06,SKL0039,CNC Milling,RELEVANT,2,SYNTHETIC_DEMO_MAPPING,SYNTHETIC
3123.06,SKL0092,Communication,RELEVANT,1,SYNTHETIC_DEMO_MAPPING,SYNTHETIC
3123.06,SKL0095,Workplace Safety,RELEVANT,4,SYNTHETIC_DEMO_MAPPING,SYNTHETIC
3123.07,SKL0092,Communication,RELEVANT,2,SYNTHETIC_DEMO_MAPPING,SYNTHETIC
3123.07,SKL0039,CNC Milling,RELEVANT,3,SYNTHETIC_DEMO_MAPPING,SYNTHETIC
3123.07,SKL0098,English Communication,RELEVANT,4,SYNTHETIC_DEMO_MAPPING,SYNTHETIC
3127.99,SKL0094,Microsoft Excel,RELEVANT,3,SYNTHETIC_DEMO_MAPPING,SYNTHETIC
3127.99,SKL0059,Project Planning,RELEVANT,3,SYNTHETIC_DEMO_MAPPING,SYNTHETIC
3131.01,SKL0047,Vehicle Diagnostics,RELEVANT,2,SYNTHETIC_DEMO_MAPPING,SYNTHETIC
3131.01,SKL0090,Logistics Planning,RELEVANT,4,SYNTHETIC_DEMO_MAPPING,SYNTHETIC
3131.01,SKL0089,Forklift Operation,RELEVANT,3,SYNTHETIC_DEMO_MAPPING,SYNTHETIC
3131.01,SKL0093,Problem Solving,RELEVANT,4,SYNTHETIC_DEMO_MAPPING,SYNTHETIC
3131.01,SKL0051,Service Operations,RELEVANT,2,SYNTHETIC_DEMO_MAPPING,SYNTHETIC
3131.02,SKL0098,English Communication,RELEVANT,3,SYNTHETIC_DEMO_MAPPING,SYNTHETIC
3131.02,SKL0096,Digital Literacy,RELEVANT,1,SYNTHETIC_DEMO_MAPPING,SYNTHETIC
3131.03,SKL0098,English Communication,RELEVANT,3,SYNTHETIC_DEMO_MAPPING,SYNTHETIC
3131.03,SKL0090,Logistics Planning,RELEVANT,1,SYNTHETIC_DEMO_MAPPING,SYNTHETIC
3131.04,SKL0050,Automotive CAD,RELEVANT,4,SYNTHETIC_DEMO_MAPPING,SYNTHETIC
3131.04,SKL0090,Logistics Planning,RELEVANT,2,SYNTHETIC_DEMO_MAPPING,SYNTHETIC
3131.04,SKL0098,English Communication,RELEVANT,4,SYNTHETIC_DEMO_MAPPING,SYNTHETIC
3131.04,SKL0047,Vehicle Diagnostics,RELEVANT,3,SYNTHETIC_DEMO_MAPPING,SYNTHETIC
3131.04,SKL0036,Lean Manufacturing,RELEVANT,4,SYNTHETIC_DEMO_MAPPING,SYNTHETIC
3131.05,SKL0098,English Communication,RELEVANT,2,SYNTHETIC_DEMO_MAPPING,SYNTHETIC
3131.05,SKL0024,PCB Design,RELEVANT,2,SYNTHETIC_DEMO_MAPPING,SYNTHETIC
3131.05,SKL0052,Two-Wheeler Service,RELEVANT,4,SYNTHETIC_DEMO_MAPPING,SYNTHETIC
3131.05,SKL0092,Communication,RELEVANT,4,SYNTHETIC_DEMO_MAPPING,SYNTHETIC
3131.06,SKL0022,SCADA,RELEVANT,1,SYNTHETIC_DEMO_MAPPING,SYNTHETIC
3131.06,SKL0094,Microsoft Excel,RELEVANT,1,SYNTHETIC_DEMO_MAPPING,SYNTHETIC
3131.06,SKL0097,Team Management,RELEVANT,2,SYNTHETIC_DEMO_MAPPING,SYNTHETIC
3131.07,SKL0097,Team Management,RELEVANT,2,SYNTHETIC_DEMO_MAPPING,SYNTHETIC
3131.07,SKL0032,CNC Operation,RELEVANT,2,SYNTHETIC_DEMO_MAPPING,SYNTHETIC
3131.07,SKL0098,English Communication,RELEVANT,1,SYNTHETIC_DEMO_MAPPING,SYNTHETIC
3131.07,SKL0041,AutoCAD,RELEVANT,3,SYNTHETIC_DEMO_MAPPING,SYNTHETIC
3131.08,SKL0024,PCB Design,RELEVANT,3,SYNTHETIC_DEMO_MAPPING,SYNTHETIC
3131.08,SKL0097,Team Management,RELEVANT,3,SYNTHETIC_DEMO_MAPPING,SYNTHETIC
3131.08,SKL0095,Workplace Safety,RELEVANT,1,SYNTHETIC_DEMO_MAPPING,SYNTHETIC
3131.08,SKL0098,English Communication,RELEVANT,1,SYNTHETIC_DEMO_MAPPING,SYNTHETIC
3131.09,SKL0043,Automotive Diagnostics,RELEVANT,1,SYNTHETIC_DEMO_MAPPING,SYNTHETIC
3131.09,SKL0050,Automotive CAD,RELEVANT,4,SYNTHETIC_DEMO_MAPPING,SYNTHETIC
3131.09,SKL0096,Digital Literacy,RELEVANT,4,SYNTHETIC_DEMO_MAPPING,SYNTHETIC
3131.1,SKL0040,Mechanical Assembly,RELEVANT,2,SYNTHETIC_DEMO_MAPPING,SYNTHETIC
3131.1,SKL0095,Workplace Safety,RELEVANT,4,SYNTHETIC_DEMO_MAPPING,SYNTHETIC
3131.11,SKL0050,Automotive CAD,RELEVANT,3,SYNTHETIC_DEMO_MAPPING,SYNTHETIC
3131.11,SKL0028,Electrical Testing,RELEVANT,3,SYNTHETIC_DEMO_MAPPING,SYNTHETIC
3131.11,SKL0041,AutoCAD,RELEVANT,3,SYNTHETIC_DEMO_MAPPING,SYNTHETIC
3131.11,SKL0097,Team Management,RELEVANT,1,SYNTHETIC_DEMO_MAPPING,SYNTHETIC
3131.99,SKL0022,SCADA,RELEVANT,4,SYNTHETIC_DEMO_MAPPING,SYNTHETIC
3131.99,SKL0027,Sensors,RELEVANT,4,SYNTHETIC_DEMO_MAPPING,SYNTHETIC
3131.99,SKL0029,Control Systems,RELEVANT,4,SYNTHETIC_DEMO_MAPPING,SYNTHETIC
3132.01,SKL0097,Team Management,RELEVANT,2,SYNTHETIC_DEMO_MAPPING,SYNTHETIC
3132.01,SKL0093,Problem Solving,RELEVANT,3,SYNTHETIC_DEMO_MAPPING,SYNTHETIC
3132.01,SKL0092,Communication,RELEVANT,4,SYNTHETIC_DEMO_MAPPING,SYNTHETIC
3132.01,SKL0098,English Communication,RELEVANT,4,SYNTHETIC_DEMO_MAPPING,SYNTHETIC
3132.02,SKL0044,EV Systems,RELEVANT,2,SYNTHETIC_DEMO_MAPPING,SYNTHETIC
3132.02,SKL0032,CNC Operation,RELEVANT,1,SYNTHETIC_DEMO_MAPPING,SYNTHETIC
3132.02,SKL0016,Data Analysis,RELEVANT,4,SYNTHETIC_DEMO_MAPPING,SYNTHETIC
3132.02,SKL0012,Docker,RELEVANT,4,SYNTHETIC_DEMO_MAPPING,SYNTHETIC
3132.03,SKL0096,Digital Literacy,RELEVANT,2,SYNTHETIC_DEMO_MAPPING,SYNTHETIC
3132.03,SKL0022,SCADA,RELEVANT,2,SYNTHETIC_DEMO_MAPPING,SYNTHETIC
3132.03,SKL0025,Industrial Automation,RELEVANT,3,SYNTHETIC_DEMO_MAPPING,SYNTHETIC
3132.04,SKL0023,Embedded Systems,RELEVANT,3,SYNTHETIC_DEMO_MAPPING,SYNTHETIC
3132.04,SKL0028,Electrical Testing,RELEVANT,3,SYNTHETIC_DEMO_MAPPING,SYNTHETIC
3132.04,SKL0027,Sensors,RELEVANT,3,SYNTHETIC_DEMO_MAPPING,SYNTHETIC
3132.04,SKL0061,Patient Care,RELEVANT,1,SYNTHETIC_DEMO_MAPPING,SYNTHETIC
3132.04,SKL0065,Laboratory Techniques,RELEVANT,1,SYNTHETIC_DEMO_MAPPING,SYNTHETIC
3132.05,SKL0096,Digital Literacy,RELEVANT,1,SYNTHETIC_DEMO_MAPPING,SYNTHETIC
3132.05,SKL0097,Team Management,RELEVANT,2,SYNTHETIC_DEMO_MAPPING,SYNTHETIC
3132.05,SKL0049,Electric Motor Systems,RELEVANT,1,SYNTHETIC_DEMO_MAPPING,SYNTHETIC
3132.05,SKL0095,Workplace Safety,RELEVANT,4,SYNTHETIC_DEMO_MAPPING,SYNTHETIC
3132.05,SKL0043,Automotive Diagnostics,RELEVANT,1,SYNTHETIC_DEMO_MAPPING,SYNTHETIC
3132.06,SKL0013,AWS,RELEVANT,1,SYNTHETIC_DEMO_MAPPING,SYNTHETIC
3132.06,SKL0097,Team Management,RELEVANT,2,SYNTHETIC_DEMO_MAPPING,SYNTHETIC
3132.06,SKL0034,Welding,RELEVANT,3,SYNTHETIC_DEMO_MAPPING,SYNTHETIC
3132.06,SKL0041,AutoCAD,RELEVANT,3,SYNTHETIC_DEMO_MAPPING,SYNTHETIC
3132.06,SKL0033,Machine Maintenance,RELEVANT,4,SYNTHETIC_DEMO_MAPPING,SYNTHETIC
3132.07,SKL0095,Workplace Safety,RELEVANT,1,SYNTHETIC_DEMO_MAPPING,SYNTHETIC
3132.07,SKL0034,Welding,RELEVANT,1,SYNTHETIC_DEMO_MAPPING,SYNTHETIC
3132.08,SKL0044,EV Systems,RELEVANT,2,SYNTHETIC_DEMO_MAPPING,SYNTHETIC
3132.08,SKL0092,Communication,RELEVANT,1,SYNTHETIC_DEMO_MAPPING,SYNTHETIC
3132.08,SKL0029,Control Systems,RELEVANT,3,SYNTHETIC_DEMO_MAPPING,SYNTHETIC
3132.08,SKL0047,Vehicle Diagnostics,RELEVANT,2,SYNTHETIC_DEMO_MAPPING,SYNTHETIC
3132.09,SKL0043,Automotive Diagnostics,RELEVANT,1,SYNTHETIC_DEMO_MAPPING,SYNTHETIC
3132.09,SKL0026,IoT,RELEVANT,3,SYNTHETIC_DEMO_MAPPING,SYNTHETIC
3132.1,SKL0022,SCADA,RELEVANT,4,SYNTHETIC_DEMO_MAPPING,SYNTHETIC
3132.1,SKL0037,Production Planning,RELEVANT,2,SYNTHETIC_DEMO_MAPPING,SYNTHETIC
3132.1,SKL0041,AutoCAD,RELEVANT,3,SYNTHETIC_DEMO_MAPPING,SYNTHETIC
3132.1,SKL0047,Vehicle Diagnostics,RELEVANT,3,SYNTHETIC_DEMO_MAPPING,SYNTHETIC
3132.1,SKL0038,CNC Turning,RELEVANT,4,SYNTHETIC_DEMO_MAPPING,SYNTHETIC
3132.11,SKL0043,Automotive Diagnostics,RELEVANT,3,SYNTHETIC_DEMO_MAPPING,SYNTHETIC
3132.11,SKL0092,Communication,RELEVANT,3,SYNTHETIC_DEMO_MAPPING,SYNTHETIC
3132.11,SKL0039,CNC Milling,RELEVANT,3,SYNTHETIC_DEMO_MAPPING,SYNTHETIC
3132.11,SKL0052,Two-Wheeler Service,RELEVANT,3,SYNTHETIC_DEMO_MAPPING,SYNTHETIC
3132.12,SKL0048,Auto Electrical,RELEVANT,2,SYNTHETIC_DEMO_MAPPING,SYNTHETIC
3132.12,SKL0023,Embedded Systems,RELEVANT,2,SYNTHETIC_DEMO_MAPPING,SYNTHETIC
3132.12,SKL0087,Supply Chain Management,RELEVANT,3,SYNTHETIC_DEMO_MAPPING,SYNTHETIC
3132.13,SKL0021,PLC,RELEVANT,3,SYNTHETIC_DEMO_MAPPING,SYNTHETIC
3132.13,SKL0031,CNC Programming,RELEVANT,4,SYNTHETIC_DEMO_MAPPING,SYNTHETIC
3132.13,SKL0034,Welding,RELEVANT,4,SYNTHETIC_DEMO_MAPPING,SYNTHETIC
3132.13,SKL0035,Quality Control,RELEVANT,1,SYNTHETIC_DEMO_MAPPING,SYNTHETIC
3132.99,SKL0092,Communication,RELEVANT,4,SYNTHETIC_DEMO_MAPPING,SYNTHETIC
3132.99,SKL0005,React,RELEVANT,3,SYNTHETIC_DEMO_MAPPING,SYNTHETIC
3132.99,SKL0013,AWS,RELEVANT,4,SYNTHETIC_DEMO_MAPPING,SYNTHETIC
3132.99,SKL0093,Problem Solving,RELEVANT,1,SYNTHETIC_DEMO_MAPPING,SYNTHETIC
3132.99,SKL0095,Workplace Safety,RELEVANT,1,SYNTHETIC_DEMO_MAPPING,SYNTHETIC
3133.01,SKL0040,Mechanical Assembly,RELEVANT,2,SYNTHETIC_DEMO_MAPPING,SYNTHETIC
3133.01,SKL0039,CNC Milling,RELEVANT,1,SYNTHETIC_DEMO_MAPPING,SYNTHETIC
3133.02,SKL0031,CNC Programming,RELEVANT,1,SYNTHETIC_DEMO_MAPPING,SYNTHETIC
3133.02,SKL0092,Communication,RELEVANT,3,SYNTHETIC_DEMO_MAPPING,SYNTHETIC
3133.02,SKL0033,Machine Maintenance,RELEVANT,2,SYNTHETIC_DEMO_MAPPING,SYNTHETIC
3133.03,SKL0095,Workplace Safety,RELEVANT,4,SYNTHETIC_DEMO_MAPPING,SYNTHETIC
3133.03,SKL0096,Digital Literacy,RELEVANT,2,SYNTHETIC_DEMO_MAPPING,SYNTHETIC
3133.04,SKL0063,Clinical Documentation,RELEVANT,4,SYNTHETIC_DEMO_MAPPING,SYNTHETIC
3133.04,SKL0092,Communication,RELEVANT,2,SYNTHETIC_DEMO_MAPPING,SYNTHETIC
3133.05,SKL0065,Laboratory Techniques,RELEVANT,2,SYNTHETIC_DEMO_MAPPING,SYNTHETIC
3133.05,SKL0061,Patient Care,RELEVANT,3,SYNTHETIC_DEMO_MAPPING,SYNTHETIC
3133.05,SKL0063,Clinical Documentation,RELEVANT,1,SYNTHETIC_DEMO_MAPPING,SYNTHETIC
3133.05,SKL0095,Workplace Safety,RELEVANT,4,SYNTHETIC_DEMO_MAPPING,SYNTHETIC
3133.06,SKL0050,Automotive CAD,RELEVANT,4,SYNTHETIC_DEMO_MAPPING,SYNTHETIC
3133.06,SKL0064,Pharmacy Operations,RELEVANT,2,SYNTHETIC_DEMO_MAPPING,SYNTHETIC
3133.06,SKL0033,Machine Maintenance,RELEVANT,3,SYNTHETIC_DEMO_MAPPING,SYNTHETIC
3133.06,SKL0049,Electric Motor Systems,RELEVANT,1,SYNTHETIC_DEMO_MAPPING,SYNTHETIC
3133.07,SKL0037,Production Planning,RELEVANT,1,SYNTHETIC_DEMO_MAPPING,SYNTHETIC
3133.07,SKL0038,CNC Turning,RELEVANT,4,SYNTHETIC_DEMO_MAPPING,SYNTHETIC
3133.07,SKL0085,Warehouse Management,RELEVANT,4,SYNTHETIC_DEMO_MAPPING,SYNTHETIC
3133.08,SKL0032,CNC Operation,RELEVANT,3,SYNTHETIC_DEMO_MAPPING,SYNTHETIC
3133.08,SKL0024,PCB Design,RELEVANT,2,SYNTHETIC_DEMO_MAPPING,SYNTHETIC
3133.08,SKL0098,English Communication,RELEVANT,4,SYNTHETIC_DEMO_MAPPING,SYNTHETIC
3133.08,SKL0097,Team Management,RELEVANT,2,SYNTHETIC_DEMO_MAPPING,SYNTHETIC
3133.99,SKL0094,Microsoft Excel,RELEVANT,4,SYNTHETIC_DEMO_MAPPING,SYNTHETIC
3133.99,SKL0097,Team Management,RELEVANT,1,SYNTHETIC_DEMO_MAPPING,SYNTHETIC
3133.99,SKL0095,Workplace Safety,RELEVANT,4,SYNTHETIC_DEMO_MAPPING,SYNTHETIC
3133.99,SKL0092,Communication,RELEVANT,1,SYNTHETIC_DEMO_MAPPING,SYNTHETIC
3134.01,SKL0065,Laboratory Techniques,RELEVANT,2,SYNTHETIC_DEMO_MAPPING,SYNTHETIC
3134.01,SKL0098,English Communication,RELEVANT,1,SYNTHETIC_DEMO_MAPPING,SYNTHETIC
3134.02,SKL0092,Communication,RELEVANT,2,SYNTHETIC_DEMO_MAPPING,SYNTHETIC
3134.02,SKL0097,Team Management,RELEVANT,3,SYNTHETIC_DEMO_MAPPING,SYNTHETIC
3134.02,SKL0094,Microsoft Excel,RELEVANT,1,SYNTHETIC_DEMO_MAPPING,SYNTHETIC
3134.02,SKL0093,Problem Solving,RELEVANT,2,SYNTHETIC_DEMO_MAPPING,SYNTHETIC
3134.03,SKL0049,Electric Motor Systems,RELEVANT,2,SYNTHETIC_DEMO_MAPPING,SYNTHETIC
3134.03,SKL0048,Auto Electrical,RELEVANT,1,SYNTHETIC_DEMO_MAPPING,SYNTHETIC
3134.03,SKL0043,Automotive Diagnostics,RELEVANT,1,SYNTHETIC_DEMO_MAPPING,SYNTHETIC
3134.03,SKL0044,EV Systems,RELEVANT,1,SYNTHETIC_DEMO_MAPPING,SYNTHETIC
3134.04,SKL0093,Problem Solving,RELEVANT,1,SYNTHETIC_DEMO_MAPPING,SYNTHETIC
3134.04,SKL0096,Digital Literacy,RELEVANT,4,SYNTHETIC_DEMO_MAPPING,SYNTHETIC
3134.04,SKL0030,AutoCAD Electrical,RELEVANT,4,SYNTHETIC_DEMO_MAPPING,SYNTHETIC
3134.04,SKL0023,Embedded Systems,RELEVANT,2,SYNTHETIC_DEMO_MAPPING,SYNTHETIC
3134.05,SKL0020,Figma,RELEVANT,4,SYNTHETIC_DEMO_MAPPING,SYNTHETIC
3134.05,SKL0036,Lean Manufacturing,RELEVANT,3,SYNTHETIC_DEMO_MAPPING,SYNTHETIC
3134.05,SKL0044,EV Systems,RELEVANT,2,SYNTHETIC_DEMO_MAPPING,SYNTHETIC
3134.06,SKL0095,Workplace Safety,RELEVANT,2,SYNTHETIC_DEMO_MAPPING,SYNTHETIC
3134.06,SKL0093,Problem Solving,RELEVANT,2,SYNTHETIC_DEMO_MAPPING,SYNTHETIC
3134.06,SKL0097,Team Management,RELEVANT,4,SYNTHETIC_DEMO_MAPPING,SYNTHETIC
3134.06,SKL0031,CNC Programming,RELEVANT,3,SYNTHETIC_DEMO_MAPPING,SYNTHETIC
3134.07,SKL0041,AutoCAD,RELEVANT,1,SYNTHETIC_DEMO_MAPPING,SYNTHETIC
3134.07,SKL0042,SolidWorks,RELEVANT,4,SYNTHETIC_DEMO_MAPPING,SYNTHETIC
3134.07,SKL0035,Quality Control,RELEVANT,1,SYNTHETIC_DEMO_MAPPING,SYNTHETIC
3134.08,SKL0051,Service Operations,RELEVANT,1,SYNTHETIC_DEMO_MAPPING,SYNTHETIC
3134.08,SKL0045,Battery Management Systems,RELEVANT,1,SYNTHETIC_DEMO_MAPPING,SYNTHETIC
3134.08,SKL0065,Laboratory Techniques,RELEVANT,1,SYNTHETIC_DEMO_MAPPING,SYNTHETIC
3134.99,SKL0093,Problem Solving,RELEVANT,4,SYNTHETIC_DEMO_MAPPING,SYNTHETIC
3134.99,SKL0097,Team Management,RELEVANT,2,SYNTHETIC_DEMO_MAPPING,SYNTHETIC
3135.05,SKL0051,Service Operations,RELEVANT,3,SYNTHETIC_DEMO_MAPPING,SYNTHETIC
3135.05,SKL0073,Business Analysis,RELEVANT,4,SYNTHETIC_DEMO_MAPPING,SYNTHETIC
3135.05,SKL0045,Battery Management Systems,RELEVANT,4,SYNTHETIC_DEMO_MAPPING,SYNTHETIC
3135.06,SKL0098,English Communication,RELEVANT,2,SYNTHETIC_DEMO_MAPPING,SYNTHETIC
3135.06,SKL0023,Embedded Systems,RELEVANT,4,SYNTHETIC_DEMO_MAPPING,SYNTHETIC
3135.06,SKL0029,Control Systems,RELEVANT,3,SYNTHETIC_DEMO_MAPPING,SYNTHETIC
3135.06,SKL0034,Welding,RELEVANT,3,SYNTHETIC_DEMO_MAPPING,SYNTHETIC
3135.06,SKL0025,Industrial Automation,RELEVANT,3,SYNTHETIC_DEMO_MAPPING,SYNTHETIC
3135.07,SKL0045,Battery Management Systems,RELEVANT,2,SYNTHETIC_DEMO_MAPPING,SYNTHETIC
3135.07,SKL0097,Team Management,RELEVANT,3,SYNTHETIC_DEMO_MAPPING,SYNTHETIC
3135.07,SKL0091,Route Planning,RELEVANT,1,SYNTHETIC_DEMO_MAPPING,SYNTHETIC
3135.07,SKL0029,Control Systems,RELEVANT,2,SYNTHETIC_DEMO_MAPPING,SYNTHETIC
3135.07,SKL0092,Communication,RELEVANT,2,SYNTHETIC_DEMO_MAPPING,SYNTHETIC
3135.09,SKL0036,Lean Manufacturing,RELEVANT,1,SYNTHETIC_DEMO_MAPPING,SYNTHETIC
3135.09,SKL0024,PCB Design,RELEVANT,1,SYNTHETIC_DEMO_MAPPING,SYNTHETIC
3135.09,SKL0028,Electrical Testing,RELEVANT,3,SYNTHETIC_DEMO_MAPPING,SYNTHETIC
3135.09,SKL0014,Azure,RELEVANT,3,SYNTHETIC_DEMO_MAPPING,SYNTHETIC
3135.09,SKL0001,Python,RELEVANT,4,SYNTHETIC_DEMO_MAPPING,SYNTHETIC
3135.11,SKL0095,Workplace Safety,RELEVANT,1,SYNTHETIC_DEMO_MAPPING,SYNTHETIC
3135.11,SKL0036,Lean Manufacturing,RELEVANT,2,SYNTHETIC_DEMO_MAPPING,SYNTHETIC
3135.12,SKL0097,Team Management,RELEVANT,4,SYNTHETIC_DEMO_MAPPING,SYNTHETIC
3135.12,SKL0042,SolidWorks,RELEVANT,1,SYNTHETIC_DEMO_MAPPING,SYNTHETIC
3135.12,SKL0071,Financial Analysis,RELEVANT,1,SYNTHETIC_DEMO_MAPPING,SYNTHETIC
3135.12,SKL0095,Workplace Safety,RELEVANT,2,SYNTHETIC_DEMO_MAPPING,SYNTHETIC
3135.13,SKL0007,Node.js,RELEVANT,4,SYNTHETIC_DEMO_MAPPING,SYNTHETIC
3135.13,SKL0018,Cybersecurity,RELEVANT,2,SYNTHETIC_DEMO_MAPPING,SYNTHETIC
3135.13,SKL0015,Power BI,RELEVANT,3,SYNTHETIC_DEMO_MAPPING,SYNTHETIC
3135.1401,SKL0094,Microsoft Excel,RELEVANT,1,SYNTHETIC_DEMO_MAPPING,SYNTHETIC
3135.1401,SKL0096,Digital Literacy,RELEVANT,2,SYNTHETIC_DEMO_MAPPING,SYNTHETIC
3135.1401,SKL0098,English Communication,RELEVANT,2,SYNTHETIC_DEMO_MAPPING,SYNTHETIC
3135.17,SKL0089,Forklift Operation,RELEVANT,2,SYNTHETIC_DEMO_MAPPING,SYNTHETIC
3135.17,SKL0090,Logistics Planning,RELEVANT,4,SYNTHETIC_DEMO_MAPPING,SYNTHETIC
3135.17,SKL0088,Fleet Management,RELEVANT,1,SYNTHETIC_DEMO_MAPPING,SYNTHETIC
3135.17,SKL0046,EV Battery Maintenance,RELEVANT,2,SYNTHETIC_DEMO_MAPPING,SYNTHETIC
3135.18,SKL0045,Battery Management Systems,RELEVANT,2,SYNTHETIC_DEMO_MAPPING,SYNTHETIC
3135.18,SKL0049,Electric Motor Systems,RELEVANT,2,SYNTHETIC_DEMO_MAPPING,SYNTHETIC
3135.18,SKL0043,Automotive Diagnostics,RELEVANT,3,SYNTHETIC_DEMO_MAPPING,SYNTHETIC
3135.19,SKL0072,Excel,RELEVANT,1,SYNTHETIC_DEMO_MAPPING,SYNTHETIC
3135.19,SKL0087,Supply Chain Management,RELEVANT,4,SYNTHETIC_DEMO_MAPPING,SYNTHETIC
3135.2,SKL0096,Digital Literacy,RELEVANT,1,SYNTHETIC_DEMO_MAPPING,SYNTHETIC
3135.2,SKL0032,CNC Operation,RELEVANT,2,SYNTHETIC_DEMO_MAPPING,SYNTHETIC
3135.2,SKL0035,Quality Control,RELEVANT,3,SYNTHETIC_DEMO_MAPPING,SYNTHETIC
3135.2,SKL0036,Lean Manufacturing,RELEVANT,3,SYNTHETIC_DEMO_MAPPING,SYNTHETIC
3135.2,SKL0094,Microsoft Excel,RELEVANT,1,SYNTHETIC_DEMO_MAPPING,SYNTHETIC
3135.2001,SKL0095,Workplace Safety,RELEVANT,2,SYNTHETIC_DEMO_MAPPING,SYNTHETIC
3135.2001,SKL0087,Supply Chain Management,RELEVANT,4,SYNTHETIC_DEMO_MAPPING,SYNTHETIC
3135.2001,SKL0086,Inventory Management,RELEVANT,1,SYNTHETIC_DEMO_MAPPING,SYNTHETIC
3135.2002,SKL0097,Team Management,RELEVANT,3,SYNTHETIC_DEMO_MAPPING,SYNTHETIC
3135.2002,SKL0094,Microsoft Excel,RELEVANT,1,SYNTHETIC_DEMO_MAPPING,SYNTHETIC
3135.2003,SKL0096,Digital Literacy,RELEVANT,4,SYNTHETIC_DEMO_MAPPING,SYNTHETIC
3135.2003,SKL0092,Communication,RELEVANT,3,SYNTHETIC_DEMO_MAPPING,SYNTHETIC
3135.2003,SKL0042,SolidWorks,RELEVANT,2,SYNTHETIC_DEMO_MAPPING,SYNTHETIC
3135.2003,SKL0041,AutoCAD,RELEVANT,4,SYNTHETIC_DEMO_MAPPING,SYNTHETIC
3135.2003,SKL0040,Mechanical Assembly,RELEVANT,4,SYNTHETIC_DEMO_MAPPING,SYNTHETIC
3135.23,SKL0040,Mechanical Assembly,RELEVANT,1,SYNTHETIC_DEMO_MAPPING,SYNTHETIC
3135.23,SKL0033,Machine Maintenance,RELEVANT,1,SYNTHETIC_DEMO_MAPPING,SYNTHETIC
3135.23,SKL0038,CNC Turning,RELEVANT,1,SYNTHETIC_DEMO_MAPPING,SYNTHETIC
3135.23,SKL0027,Sensors,RELEVANT,3,SYNTHETIC_DEMO_MAPPING,SYNTHETIC
3135.23,SKL0030,AutoCAD Electrical,RELEVANT,4,SYNTHETIC_DEMO_MAPPING,SYNTHETIC
3135.25,SKL0092,Communication,RELEVANT,3,SYNTHETIC_DEMO_MAPPING,SYNTHETIC
3135.25,SKL0096,Digital Literacy,RELEVANT,3,SYNTHETIC_DEMO_MAPPING,SYNTHETIC
3135.25,SKL0097,Team Management,RELEVANT,4,SYNTHETIC_DEMO_MAPPING,SYNTHETIC
3135.25,SKL0098,English Communication,RELEVANT,2,SYNTHETIC_DEMO_MAPPING,SYNTHETIC
3135.26,SKL0045,Battery Management Systems,RELEVANT,1,SYNTHETIC_DEMO_MAPPING,SYNTHETIC
3135.26,SKL0046,EV Battery Maintenance,RELEVANT,4,SYNTHETIC_DEMO_MAPPING,SYNTHETIC
3135.26,SKL0092,Communication,RELEVANT,4,SYNTHETIC_DEMO_MAPPING,SYNTHETIC
3135.3001,SKL0042,SolidWorks,RELEVANT,3,SYNTHETIC_DEMO_MAPPING,SYNTHETIC
3135.3001,SKL0040,Mechanical Assembly,RELEVANT,2,SYNTHETIC_DEMO_MAPPING,SYNTHETIC
3135.31,SKL0094,Microsoft Excel,RELEVANT,2,SYNTHETIC_DEMO_MAPPING,SYNTHETIC
3135.31,SKL0093,Problem Solving,RELEVANT,2,SYNTHETIC_DEMO_MAPPING,SYNTHETIC
3135.31,SKL0029,Control Systems,RELEVANT,2,SYNTHETIC_DEMO_MAPPING,SYNTHETIC
3135.31,SKL0025,Industrial Automation,RELEVANT,3,SYNTHETIC_DEMO_MAPPING,SYNTHETIC
3135.31,SKL0030,AutoCAD Electrical,RELEVANT,3,SYNTHETIC_DEMO_MAPPING,SYNTHETIC
3135.39,SKL0023,Embedded Systems,RELEVANT,1,SYNTHETIC_DEMO_MAPPING,SYNTHETIC
3135.39,SKL0098,English Communication,RELEVANT,3,SYNTHETIC_DEMO_MAPPING,SYNTHETIC
3135.39,SKL0051,Service Operations,RELEVANT,3,SYNTHETIC_DEMO_MAPPING,SYNTHETIC
3135.39,SKL0047,Vehicle Diagnostics,RELEVANT,3,SYNTHETIC_DEMO_MAPPING,SYNTHETIC
3135.99,SKL0036,Lean Manufacturing,RELEVANT,4,SYNTHETIC_DEMO_MAPPING,SYNTHETIC
3135.99,SKL0042,SolidWorks,RELEVANT,1,SYNTHETIC_DEMO_MAPPING,SYNTHETIC
3139.01,SKL0095,Workplace Safety,RELEVANT,3,SYNTHETIC_DEMO_MAPPING,SYNTHETIC
3139.01,SKL0093,Problem Solving,RELEVANT,1,SYNTHETIC_DEMO_MAPPING,SYNTHETIC
3139.01,SKL0092,Communication,RELEVANT,3,SYNTHETIC_DEMO_MAPPING,SYNTHETIC
3139.01,SKL0098,English Communication,RELEVANT,2,SYNTHETIC_DEMO_MAPPING,SYNTHETIC
3139.02,SKL0038,CNC Turning,RELEVANT,2,SYNTHETIC_DEMO_MAPPING,SYNTHETIC
3139.02,SKL0040,Mechanical Assembly,RELEVANT,4,SYNTHETIC_DEMO_MAPPING,SYNTHETIC
3139.03,SKL0032,CNC Operation,RELEVANT,4,SYNTHETIC_DEMO_MAPPING,SYNTHETIC
3139.03,SKL0040,Mechanical Assembly,RELEVANT,1,SYNTHETIC_DEMO_MAPPING,SYNTHETIC
3139.04,SKL0042,SolidWorks,RELEVANT,1,SYNTHETIC_DEMO_MAPPING,SYNTHETIC
3139.04,SKL0037,Production Planning,RELEVANT,3,SYNTHETIC_DEMO_MAPPING,SYNTHETIC
3139.04,SKL0035,Quality Control,RELEVANT,3,SYNTHETIC_DEMO_MAPPING,SYNTHETIC
3139.05,SKL0040,Mechanical Assembly,RELEVANT,4,SYNTHETIC_DEMO_MAPPING,SYNTHETIC
3139.05,SKL0097,Team Management,RELEVANT,3,SYNTHETIC_DEMO_MAPPING,SYNTHETIC
3139.05,SKL0030,AutoCAD Electrical,RELEVANT,1,SYNTHETIC_DEMO_MAPPING,SYNTHETIC
3139.14,SKL0012,Docker,RELEVANT,3,SYNTHETIC_DEMO_MAPPING,SYNTHETIC
3139.14,SKL0013,AWS,RELEVANT,1,SYNTHETIC_DEMO_MAPPING,SYNTHETIC
3139.14,SKL0032,CNC Operation,RELEVANT,1,SYNTHETIC_DEMO_MAPPING,SYNTHETIC
3139.14,SKL0094,Microsoft Excel,RELEVANT,4,SYNTHETIC_DEMO_MAPPING,SYNTHETIC
3139.14,SKL0021,PLC,RELEVANT,1,SYNTHETIC_DEMO_MAPPING,SYNTHETIC
3139.1501,SKL0034,Welding,RELEVANT,4,SYNTHETIC_DEMO_MAPPING,SYNTHETIC
3139.1501,SKL0032,CNC Operation,RELEVANT,1,SYNTHETIC_DEMO_MAPPING,SYNTHETIC
3139.1501,SKL0094,Microsoft Excel,RELEVANT,1,SYNTHETIC_DEMO_MAPPING,SYNTHETIC
3139.1501,SKL0051,Service Operations,RELEVANT,4,SYNTHETIC_DEMO_MAPPING,SYNTHETIC
3139.1501,SKL0039,CNC Milling,RELEVANT,2,SYNTHETIC_DEMO_MAPPING,SYNTHETIC
3139.2001,SKL0038,CNC Turning,RELEVANT,2,SYNTHETIC_DEMO_MAPPING,SYNTHETIC
3139.2001,SKL0026,IoT,RELEVANT,3,SYNTHETIC_DEMO_MAPPING,SYNTHETIC
3139.2001,SKL0050,Automotive CAD,RELEVANT,3,SYNTHETIC_DEMO_MAPPING,SYNTHETIC
3139.2001,SKL0098,English Communication,RELEVANT,2,SYNTHETIC_DEMO_MAPPING,SYNTHETIC
3139.2001,SKL0097,Team Management,RELEVANT,4,SYNTHETIC_DEMO_MAPPING,SYNTHETIC
3139.5001,SKL0037,Production Planning,RELEVANT,1,SYNTHETIC_DEMO_MAPPING,SYNTHETIC
3139.5001,SKL0031,CNC Programming,RELEVANT,2,SYNTHETIC_DEMO_MAPPING,SYNTHETIC
3139.5001,SKL0033,Machine Maintenance,RELEVANT,2,SYNTHETIC_DEMO_MAPPING,SYNTHETIC
3139.5002,SKL0031,CNC Programming,RELEVANT,2,SYNTHETIC_DEMO_MAPPING,SYNTHETIC
3139.5002,SKL0051,Service Operations,RELEVANT,3,SYNTHETIC_DEMO_MAPPING,SYNTHETIC
3139.99,SKL0095,Workplace Safety,RELEVANT,3,SYNTHETIC_DEMO_MAPPING,SYNTHETIC
3139.99,SKL0093,Problem Solving,RELEVANT,4,SYNTHETIC_DEMO_MAPPING,SYNTHETIC
3141.01,SKL0026,IoT,RELEVANT,1,SYNTHETIC_DEMO_MAPPING,SYNTHETIC
3141.01,SKL0098,English Communication,RELEVANT,4,SYNTHETIC_DEMO_MAPPING,SYNTHETIC
3141.01,SKL0062,Medical Coding,RELEVANT,4,SYNTHETIC_DEMO_MAPPING,SYNTHETIC
3141.01,SKL0024,PCB Design,RELEVANT,2,SYNTHETIC_DEMO_MAPPING,SYNTHETIC
3141.01,SKL0064,Pharmacy Operations,RELEVANT,3,SYNTHETIC_DEMO_MAPPING,SYNTHETIC
3141.02,SKL0022,SCADA,RELEVANT,1,SYNTHETIC_DEMO_MAPPING,SYNTHETIC
3141.02,SKL0025,Industrial Automation,RELEVANT,3,SYNTHETIC_DEMO_MAPPING,SYNTHETIC
3141.02,SKL0098,English Communication,RELEVANT,2,SYNTHETIC_DEMO_MAPPING,SYNTHETIC
3141.02,SKL0065,Laboratory Techniques,RELEVANT,3,SYNTHETIC_DEMO_MAPPING,SYNTHETIC
3141.02,SKL0094,Microsoft Excel,RELEVANT,1,SYNTHETIC_DEMO_MAPPING,SYNTHETIC
3141.03,SKL0097,Team Management,RELEVANT,3,SYNTHETIC_DEMO_MAPPING,SYNTHETIC
3141.03,SKL0093,Problem Solving,RELEVANT,3,SYNTHETIC_DEMO_MAPPING,SYNTHETIC
3141.03,SKL0092,Communication,RELEVANT,1,SYNTHETIC_DEMO_MAPPING,SYNTHETIC
3141.99,SKL0029,Control Systems,RELEVANT,3,SYNTHETIC_DEMO_MAPPING,SYNTHETIC
3141.99,SKL0067,Healthcare Administration,RELEVANT,3,SYNTHETIC_DEMO_MAPPING,SYNTHETIC
3141.99,SKL0066,Medical Equipment Maintenance,RELEVANT,4,SYNTHETIC_DEMO_MAPPING,SYNTHETIC
3141.99,SKL0025,Industrial Automation,RELEVANT,3,SYNTHETIC_DEMO_MAPPING,SYNTHETIC
3141.99,SKL0095,Workplace Safety,RELEVANT,1,SYNTHETIC_DEMO_MAPPING,SYNTHETIC
3142.0101,SKL0027,Sensors,RELEVANT,3,SYNTHETIC_DEMO_MAPPING,SYNTHETIC
3142.0101,SKL0081,Irrigation Management,RELEVANT,1,SYNTHETIC_DEMO_MAPPING,SYNTHETIC
3142.0101,SKL0096,Digital Literacy,RELEVANT,1,SYNTHETIC_DEMO_MAPPING,SYNTHETIC
3142.0101,SKL0094,Microsoft Excel,RELEVANT,2,SYNTHETIC_DEMO_MAPPING,SYNTHETIC
3142.0101,SKL0021,PLC,RELEVANT,1,SYNTHETIC_DEMO_MAPPING,SYNTHETIC
3142.0201,SKL0046,EV Battery Maintenance,RELEVANT,3,SYNTHETIC_DEMO_MAPPING,SYNTHETIC
3142.0201,SKL0021,PLC,RELEVANT,4,SYNTHETIC_DEMO_MAPPING,SYNTHETIC
3142.0201,SKL0044,EV Systems,RELEVANT,1,SYNTHETIC_DEMO_MAPPING,SYNTHETIC
3142.99,SKL0098,English Communication,RELEVANT,1,SYNTHETIC_DEMO_MAPPING,SYNTHETIC
3142.99,SKL0024,PCB Design,RELEVANT,4,SYNTHETIC_DEMO_MAPPING,SYNTHETIC
3142.99,SKL0082,Post-Harvest Management,RELEVANT,4,SYNTHETIC_DEMO_MAPPING,SYNTHETIC
3142.99,SKL0097,Team Management,RELEVANT,2,SYNTHETIC_DEMO_MAPPING,SYNTHETIC
3142.99,SKL0078,Farm Machinery,RELEVANT,1,SYNTHETIC_DEMO_MAPPING,SYNTHETIC
3151.01,SKL0028,Electrical Testing,RELEVANT,1,SYNTHETIC_DEMO_MAPPING,SYNTHETIC
3151.01,SKL0049,Electric Motor Systems,RELEVANT,3,SYNTHETIC_DEMO_MAPPING,SYNTHETIC
3151.01,SKL0029,Control Systems,RELEVANT,4,SYNTHETIC_DEMO_MAPPING,SYNTHETIC
3151.01,SKL0047,Vehicle Diagnostics,RELEVANT,3,SYNTHETIC_DEMO_MAPPING,SYNTHETIC
3151.01,SKL0022,SCADA,RELEVANT,4,SYNTHETIC_DEMO_MAPPING,SYNTHETIC
3151.02,SKL0032,CNC Operation,RELEVANT,4,SYNTHETIC_DEMO_MAPPING,SYNTHETIC
3151.02,SKL0035,Quality Control,RELEVANT,1,SYNTHETIC_DEMO_MAPPING,SYNTHETIC
3151.02,SKL0031,CNC Programming,RELEVANT,4,SYNTHETIC_DEMO_MAPPING,SYNTHETIC
3151.03,SKL0022,SCADA,RELEVANT,1,SYNTHETIC_DEMO_MAPPING,SYNTHETIC
3151.03,SKL0021,PLC,RELEVANT,4,SYNTHETIC_DEMO_MAPPING,SYNTHETIC
3151.03,SKL0025,Industrial Automation,RELEVANT,3,SYNTHETIC_DEMO_MAPPING,SYNTHETIC
3151.04,SKL0097,Team Management,RELEVANT,2,SYNTHETIC_DEMO_MAPPING,SYNTHETIC
3151.04,SKL0037,Production Planning,RELEVANT,2,SYNTHETIC_DEMO_MAPPING,SYNTHETIC
3151.04,SKL0038,CNC Turning,RELEVANT,2,SYNTHETIC_DEMO_MAPPING,SYNTHETIC
3151.05,SKL0096,Digital Literacy,RELEVANT,3,SYNTHETIC_DEMO_MAPPING,SYNTHETIC
3151.05,SKL0031,CNC Programming,RELEVANT,3,SYNTHETIC_DEMO_MAPPING,SYNTHETIC
3151.05,SKL0036,Lean Manufacturing,RELEVANT,2,SYNTHETIC_DEMO_MAPPING,SYNTHETIC
3151.99,SKL0030,AutoCAD Electrical,RELEVANT,2,SYNTHETIC_DEMO_MAPPING,SYNTHETIC
3151.99,SKL0027,Sensors,RELEVANT,3,SYNTHETIC_DEMO_MAPPING,SYNTHETIC
3151.99,SKL0035,Quality Control,RELEVANT,2,SYNTHETIC_DEMO_MAPPING,SYNTHETIC
3152.01,SKL0074,Digital Marketing,RELEVANT,3,SYNTHETIC_DEMO_MAPPING,SYNTHETIC
3152.01,SKL0087,Supply Chain Management,RELEVANT,1,SYNTHETIC_DEMO_MAPPING,SYNTHETIC
3152.01,SKL0097,Team Management,RELEVANT,3,SYNTHETIC_DEMO_MAPPING,SYNTHETIC
3152.01,SKL0051,Service Operations,RELEVANT,3,SYNTHETIC_DEMO_MAPPING,SYNTHETIC
3152.01,SKL0043,Automotive Diagnostics,RELEVANT,4,SYNTHETIC_DEMO_MAPPING,SYNTHETIC
3152.02,SKL0096,Digital Literacy,RELEVANT,4,SYNTHETIC_DEMO_MAPPING,SYNTHETIC
3152.02,SKL0087,Supply Chain Management,RELEVANT,4,SYNTHETIC_DEMO_MAPPING,SYNTHETIC
3152.02,SKL0091,Route Planning,RELEVANT,4,SYNTHETIC_DEMO_MAPPING,SYNTHETIC
3152.02,SKL0098,English Communication,RELEVANT,2,SYNTHETIC_DEMO_MAPPING,SYNTHETIC
3152.03,SKL0093,Problem Solving,RELEVANT,4,SYNTHETIC_DEMO_MAPPING,SYNTHETIC
3152.03,SKL0096,Digital Literacy,RELEVANT,3,SYNTHETIC_DEMO_MAPPING,SYNTHETIC
3152.03,SKL0063,Clinical Documentation,RELEVANT,1,SYNTHETIC_DEMO_MAPPING,SYNTHETIC
3152.03,SKL0090,Logistics Planning,RELEVANT,3,SYNTHETIC_DEMO_MAPPING,SYNTHETIC
3152.03,SKL0065,Laboratory Techniques,RELEVANT,3,SYNTHETIC_DEMO_MAPPING,SYNTHETIC
3152.04,SKL0085,Warehouse Management,RELEVANT,3,SYNTHETIC_DEMO_MAPPING,SYNTHETIC
3152.04,SKL0092,Communication,RELEVANT,1,SYNTHETIC_DEMO_MAPPING,SYNTHETIC
3152.04,SKL0096,Digital Literacy,RELEVANT,1,SYNTHETIC_DEMO_MAPPING,SYNTHETIC
3152.04,SKL0086,Inventory Management,RELEVANT,1,SYNTHETIC_DEMO_MAPPING,SYNTHETIC
3152.04,SKL0090,Logistics Planning,RELEVANT,3,SYNTHETIC_DEMO_MAPPING,SYNTHETIC
3152.05,SKL0093,Problem Solving,RELEVANT,1,SYNTHETIC_DEMO_MAPPING,SYNTHETIC
3152.05,SKL0094,Microsoft Excel,RELEVANT,4,SYNTHETIC_DEMO_MAPPING,SYNTHETIC
3152.06,SKL0095,Workplace Safety,RELEVANT,1,SYNTHETIC_DEMO_MAPPING,SYNTHETIC
3152.06,SKL0092,Communication,RELEVANT,1,SYNTHETIC_DEMO_MAPPING,SYNTHETIC
3152.06,SKL0094,Microsoft Excel,RELEVANT,3,SYNTHETIC_DEMO_MAPPING,SYNTHETIC
3152.06,SKL0097,Team Management,RELEVANT,3,SYNTHETIC_DEMO_MAPPING,SYNTHETIC
3152.09,SKL0050,Automotive CAD,RELEVANT,2,SYNTHETIC_DEMO_MAPPING,SYNTHETIC
3152.09,SKL0043,Automotive Diagnostics,RELEVANT,1,SYNTHETIC_DEMO_MAPPING,SYNTHETIC
3152.09,SKL0076,Customer Service,RELEVANT,1,SYNTHETIC_DEMO_MAPPING,SYNTHETIC
3152.09,SKL0072,Excel,RELEVANT,1,SYNTHETIC_DEMO_MAPPING,SYNTHETIC
3152.09,SKL0069,Tally,RELEVANT,1,SYNTHETIC_DEMO_MAPPING,SYNTHETIC
3152.99,SKL0098,English Communication,RELEVANT,3,SYNTHETIC_DEMO_MAPPING,SYNTHETIC
3152.99,SKL0097,Team Management,RELEVANT,4,SYNTHETIC_DEMO_MAPPING,SYNTHETIC
3153.01,SKL0093,Problem Solving,RELEVANT,4,SYNTHETIC_DEMO_MAPPING,SYNTHETIC
3153.01,SKL0039,CNC Milling,RELEVANT,2,SYNTHETIC_DEMO_MAPPING,SYNTHETIC
3153.01,SKL0095,Workplace Safety,RELEVANT,2,SYNTHETIC_DEMO_MAPPING,SYNTHETIC
3153.02,SKL0096,Digital Literacy,RELEVANT,2,SYNTHETIC_DEMO_MAPPING,SYNTHETIC
3153.02,SKL0098,English Communication,RELEVANT,1,SYNTHETIC_DEMO_MAPPING,SYNTHETIC
3153.02,SKL0093,Problem Solving,RELEVANT,1,SYNTHETIC_DEMO_MAPPING,SYNTHETIC
3153.02,SKL0094,Microsoft Excel,RELEVANT,3,SYNTHETIC_DEMO_MAPPING,SYNTHETIC
3153.02,SKL0092,Communication,RELEVANT,1,SYNTHETIC_DEMO_MAPPING,SYNTHETIC
3153.03,SKL0098,English Communication,RELEVANT,1,SYNTHETIC_DEMO_MAPPING,SYNTHETIC
3153.03,SKL0095,Workplace Safety,RELEVANT,4,SYNTHETIC_DEMO_MAPPING,SYNTHETIC
3153.03,SKL0096,Digital Literacy,RELEVANT,2,SYNTHETIC_DEMO_MAPPING,SYNTHETIC
3153.03,SKL0087,Supply Chain Management,RELEVANT,4,SYNTHETIC_DEMO_MAPPING,SYNTHETIC
3153.03,SKL0094,Microsoft Excel,RELEVANT,1,SYNTHETIC_DEMO_MAPPING,SYNTHETIC
3153.04,SKL0022,SCADA,RELEVANT,3,SYNTHETIC_DEMO_MAPPING,SYNTHETIC
3153.04,SKL0094,Microsoft Excel,RELEVANT,2,SYNTHETIC_DEMO_MAPPING,SYNTHETIC
3153.05,SKL0095,Workplace Safety,RELEVANT,2,SYNTHETIC_DEMO_MAPPING,SYNTHETIC
3153.05,SKL0097,Team Management,RELEVANT,3,SYNTHETIC_DEMO_MAPPING,SYNTHETIC
3153.05,SKL0098,English Communication,RELEVANT,2,SYNTHETIC_DEMO_MAPPING,SYNTHETIC
3153.05,SKL0093,Problem Solving,RELEVANT,4,SYNTHETIC_DEMO_MAPPING,SYNTHETIC
3153.06,SKL0095,Workplace Safety,RELEVANT,3,SYNTHETIC_DEMO_MAPPING,SYNTHETIC
3153.06,SKL0094,Microsoft Excel,RELEVANT,1,SYNTHETIC_DEMO_MAPPING,SYNTHETIC
3153.06,SKL0097,Team Management,RELEVANT,4,SYNTHETIC_DEMO_MAPPING,SYNTHETIC
3153.06,SKL0093,Problem Solving,RELEVANT,4,SYNTHETIC_DEMO_MAPPING,SYNTHETIC
3153.07,SKL0094,Microsoft Excel,RELEVANT,3,SYNTHETIC_DEMO_MAPPING,SYNTHETIC
3153.07,SKL0097,Team Management,RELEVANT,3,SYNTHETIC_DEMO_MAPPING,SYNTHETIC
3153.07,SKL0096,Digital Literacy,RELEVANT,2,SYNTHETIC_DEMO_MAPPING,SYNTHETIC
3153.08,SKL0030,AutoCAD Electrical,RELEVANT,1,SYNTHETIC_DEMO_MAPPING,SYNTHETIC
3153.08,SKL0092,Communication,RELEVANT,1,SYNTHETIC_DEMO_MAPPING,SYNTHETIC
3153.08,SKL0025,Industrial Automation,RELEVANT,4,SYNTHETIC_DEMO_MAPPING,SYNTHETIC
3153.08,SKL0024,PCB Design,RELEVANT,2,SYNTHETIC_DEMO_MAPPING,SYNTHETIC
3153.09,SKL0096,Digital Literacy,RELEVANT,4,SYNTHETIC_DEMO_MAPPING,SYNTHETIC
3153.09,SKL0002,Java,RELEVANT,1,SYNTHETIC_DEMO_MAPPING,SYNTHETIC
3153.09,SKL0092,Communication,RELEVANT,2,SYNTHETIC_DEMO_MAPPING,SYNTHETIC
3153.09,SKL0008,SQL,RELEVANT,4,SYNTHETIC_DEMO_MAPPING,SYNTHETIC
3153.1,SKL0095,Workplace Safety,RELEVANT,4,SYNTHETIC_DEMO_MAPPING,SYNTHETIC
3153.1,SKL0029,Control Systems,RELEVANT,4,SYNTHETIC_DEMO_MAPPING,SYNTHETIC
3153.11,SKL0040,Mechanical Assembly,RELEVANT,3,SYNTHETIC_DEMO_MAPPING,SYNTHETIC
3153.11,SKL0038,CNC Turning,RELEVANT,1,SYNTHETIC_DEMO_MAPPING,SYNTHETIC
3153.11,SKL0029,Control Systems,RELEVANT,3,SYNTHETIC_DEMO_MAPPING,SYNTHETIC
3153.11,SKL0047,Vehicle Diagnostics,RELEVANT,2,SYNTHETIC_DEMO_MAPPING,SYNTHETIC
3153.99,SKL0024,PCB Design,RELEVANT,2,SYNTHETIC_DEMO_MAPPING,SYNTHETIC
3153.99,SKL0030,AutoCAD Electrical,RELEVANT,4,SYNTHETIC_DEMO_MAPPING,SYNTHETIC
3153.99,SKL0097,Team Management,RELEVANT,4,SYNTHETIC_DEMO_MAPPING,SYNTHETIC
3154.01,SKL0046,EV Battery Maintenance,RELEVANT,1,SYNTHETIC_DEMO_MAPPING,SYNTHETIC
3154.01,SKL0094,Microsoft Excel,RELEVANT,1,SYNTHETIC_DEMO_MAPPING,SYNTHETIC
3154.01,SKL0049,Electric Motor Systems,RELEVANT,4,SYNTHETIC_DEMO_MAPPING,SYNTHETIC
3154.02,SKL0052,Two-Wheeler Service,RELEVANT,3,SYNTHETIC_DEMO_MAPPING,SYNTHETIC
3154.02,SKL0097,Team Management,RELEVANT,2,SYNTHETIC_DEMO_MAPPING,SYNTHETIC
3154.99,SKL0093,Problem Solving,RELEVANT,2,SYNTHETIC_DEMO_MAPPING,SYNTHETIC
3154.99,SKL0098,English Communication,RELEVANT,1,SYNTHETIC_DEMO_MAPPING,SYNTHETIC
3154.99,SKL0092,Communication,RELEVANT,4,SYNTHETIC_DEMO_MAPPING,SYNTHETIC
3211.01,SKL0022,SCADA,RELEVANT,2,SYNTHETIC_DEMO_MAPPING,SYNTHETIC
3211.01,SKL0005,React,RELEVANT,4,SYNTHETIC_DEMO_MAPPING,SYNTHETIC
3211.01,SKL0008,SQL,RELEVANT,4,SYNTHETIC_DEMO_MAPPING,SYNTHETIC
3211.01,SKL0039,CNC Milling,RELEVANT,1,SYNTHETIC_DEMO_MAPPING,SYNTHETIC
3211.0101,SKL0029,Control Systems,RELEVANT,4,SYNTHETIC_DEMO_MAPPING,SYNTHETIC
3211.0101,SKL0092,Communication,RELEVANT,1,SYNTHETIC_DEMO_MAPPING,SYNTHETIC
3211.0101,SKL0096,Digital Literacy,RELEVANT,3,SYNTHETIC_DEMO_MAPPING,SYNTHETIC
3211.0101,SKL0025,Industrial Automation,RELEVANT,4,SYNTHETIC_DEMO_MAPPING,SYNTHETIC
3211.02,SKL0044,EV Systems,RELEVANT,3,SYNTHETIC_DEMO_MAPPING,SYNTHETIC
3211.02,SKL0040,Mechanical Assembly,RELEVANT,3,SYNTHETIC_DEMO_MAPPING,SYNTHETIC
3211.02,SKL0062,Medical Coding,RELEVANT,1,SYNTHETIC_DEMO_MAPPING,SYNTHETIC
3211.0501,SKL0095,Workplace Safety,RELEVANT,4,SYNTHETIC_DEMO_MAPPING,SYNTHETIC
3211.0501,SKL0098,English Communication,RELEVANT,4,SYNTHETIC_DEMO_MAPPING,SYNTHETIC
3211.0801,SKL0063,Clinical Documentation,RELEVANT,4,SYNTHETIC_DEMO_MAPPING,SYNTHETIC
3211.0801,SKL0022,SCADA,RELEVANT,4,SYNTHETIC_DEMO_MAPPING,SYNTHETIC
3211.0801,SKL0064,Pharmacy Operations,RELEVANT,1,SYNTHETIC_DEMO_MAPPING,SYNTHETIC
3211.0801,SKL0096,Digital Literacy,RELEVANT,2,SYNTHETIC_DEMO_MAPPING,SYNTHETIC
3211.99,SKL0065,Laboratory Techniques,RELEVANT,1,SYNTHETIC_DEMO_MAPPING,SYNTHETIC
3211.99,SKL0093,Problem Solving,RELEVANT,4,SYNTHETIC_DEMO_MAPPING,SYNTHETIC
3211.99,SKL0030,AutoCAD Electrical,RELEVANT,3,SYNTHETIC_DEMO_MAPPING,SYNTHETIC
3211.99,SKL0092,Communication,RELEVANT,4,SYNTHETIC_DEMO_MAPPING,SYNTHETIC
3211.99,SKL0022,SCADA,RELEVANT,1,SYNTHETIC_DEMO_MAPPING,SYNTHETIC
3212.0101,SKL0092,Communication,RELEVANT,4,SYNTHETIC_DEMO_MAPPING,SYNTHETIC
3212.0101,SKL0022,SCADA,RELEVANT,1,SYNTHETIC_DEMO_MAPPING,SYNTHETIC
3212.0101,SKL0085,Warehouse Management,RELEVANT,2,SYNTHETIC_DEMO_MAPPING,SYNTHETIC
3212.0101,SKL0091,Route Planning,RELEVANT,3,SYNTHETIC_DEMO_MAPPING,SYNTHETIC
3212.0201,SKL0021,PLC,RELEVANT,2,SYNTHETIC_DEMO_MAPPING,SYNTHETIC
3212.0201,SKL0040,Mechanical Assembly,RELEVANT,1,SYNTHETIC_DEMO_MAPPING,SYNTHETIC
3212.0301,SKL0023,Embedded Systems,RELEVANT,3,SYNTHETIC_DEMO_MAPPING,SYNTHETIC
3212.0301,SKL0021,PLC,RELEVANT,2,SYNTHETIC_DEMO_MAPPING,SYNTHETIC
3212.0301,SKL0063,Clinical Documentation,RELEVANT,2,SYNTHETIC_DEMO_MAPPING,SYNTHETIC
3212.0301,SKL0096,Digital Literacy,RELEVANT,4,SYNTHETIC_DEMO_MAPPING,SYNTHETIC
3212.0501,SKL0027,Sensors,RELEVANT,4,SYNTHETIC_DEMO_MAPPING,SYNTHETIC
3212.0501,SKL0045,Battery Management Systems,RELEVANT,1,SYNTHETIC_DEMO_MAPPING,SYNTHETIC
3212.0501,SKL0061,Patient Care,RELEVANT,1,SYNTHETIC_DEMO_MAPPING,SYNTHETIC
3212.0501,SKL0051,Service Operations,RELEVANT,3,SYNTHETIC_DEMO_MAPPING,SYNTHETIC
3212.0501,SKL0021,PLC,RELEVANT,2,SYNTHETIC_DEMO_MAPPING,SYNTHETIC
3212.0601,SKL0093,Problem Solving,RELEVANT,2,SYNTHETIC_DEMO_MAPPING,SYNTHETIC
3212.0601,SKL0027,Sensors,RELEVANT,3,SYNTHETIC_DEMO_MAPPING,SYNTHETIC
3212.0601,SKL0096,Digital Literacy,RELEVANT,3,SYNTHETIC_DEMO_MAPPING,SYNTHETIC
3212.0601,SKL0066,Medical Equipment Maintenance,RELEVANT,1,SYNTHETIC_DEMO_MAPPING,SYNTHETIC
3212.0601,SKL0063,Clinical Documentation,RELEVANT,1,SYNTHETIC_DEMO_MAPPING,SYNTHETIC
3212.0602,SKL0077,Supply Chain,RELEVANT,2,SYNTHETIC_DEMO_MAPPING,SYNTHETIC
3212.0602,SKL0067,Healthcare Administration,RELEVANT,1,SYNTHETIC_DEMO_MAPPING,SYNTHETIC
3212.0602,SKL0065,Laboratory Techniques,RELEVANT,3,SYNTHETIC_DEMO_MAPPING,SYNTHETIC
3212.0701,SKL0024,PCB Design,RELEVANT,3,SYNTHETIC_DEMO_MAPPING,SYNTHETIC
3212.0701,SKL0023,Embedded Systems,RELEVANT,4,SYNTHETIC_DEMO_MAPPING,SYNTHETIC
3212.0701,SKL0096,Digital Literacy,RELEVANT,2,SYNTHETIC_DEMO_MAPPING,SYNTHETIC
3212.99,SKL0027,Sensors,RELEVANT,2,SYNTHETIC_DEMO_MAPPING,SYNTHETIC
3212.99,SKL0066,Medical Equipment Maintenance,RELEVANT,3,SYNTHETIC_DEMO_MAPPING,SYNTHETIC
3213.01,SKL0074,Digital Marketing,RELEVANT,1,SYNTHETIC_DEMO_MAPPING,SYNTHETIC
3213.01,SKL0069,Tally,RELEVANT,4,SYNTHETIC_DEMO_MAPPING,SYNTHETIC
3213.01,SKL0092,Communication,RELEVANT,1,SYNTHETIC_DEMO_MAPPING,SYNTHETIC
3213.01,SKL0075,Sales,RELEVANT,4,SYNTHETIC_DEMO_MAPPING,SYNTHETIC
3213.0101,SKL0096,Digital Literacy,RELEVANT,2,SYNTHETIC_DEMO_MAPPING,SYNTHETIC
3213.0101,SKL0092,Communication,RELEVANT,4,SYNTHETIC_DEMO_MAPPING,SYNTHETIC
3213.02,SKL0092,Communication,RELEVANT,4,SYNTHETIC_DEMO_MAPPING,SYNTHETIC
3213.02,SKL0065,Laboratory Techniques,RELEVANT,2,SYNTHETIC_DEMO_MAPPING,SYNTHETIC
3213.02,SKL0038,CNC Turning,RELEVANT,3,SYNTHETIC_DEMO_MAPPING,SYNTHETIC
3213.02,SKL0040,Mechanical Assembly,RELEVANT,1,SYNTHETIC_DEMO_MAPPING,SYNTHETIC
3213.02,SKL0033,Machine Maintenance,RELEVANT,4,SYNTHETIC_DEMO_MAPPING,SYNTHETIC
3213.99,SKL0064,Pharmacy Operations,RELEVANT,4,SYNTHETIC_DEMO_MAPPING,SYNTHETIC
3213.99,SKL0063,Clinical Documentation,RELEVANT,1,SYNTHETIC_DEMO_MAPPING,SYNTHETIC
3213.99,SKL0096,Digital Literacy,RELEVANT,3,SYNTHETIC_DEMO_MAPPING,SYNTHETIC
3214.01,SKL0044,EV Systems,RELEVANT,2,SYNTHETIC_DEMO_MAPPING,SYNTHETIC
3214.01,SKL0029,Control Systems,RELEVANT,3,SYNTHETIC_DEMO_MAPPING,SYNTHETIC
3214.01,SKL0062,Medical Coding,RELEVANT,3,SYNTHETIC_DEMO_MAPPING,SYNTHETIC
3214.99,SKL0061,Patient Care,RELEVANT,4,SYNTHETIC_DEMO_MAPPING,SYNTHETIC
3214.99,SKL0030,AutoCAD Electrical,RELEVANT,2,SYNTHETIC_DEMO_MAPPING,SYNTHETIC
3221.01,SKL0098,English Communication,RELEVANT,1,SYNTHETIC_DEMO_MAPPING,SYNTHETIC
3221.01,SKL0093,Problem Solving,RELEVANT,3,SYNTHETIC_DEMO_MAPPING,SYNTHETIC
3221.01,SKL0061,Patient Care,RELEVANT,1,SYNTHETIC_DEMO_MAPPING,SYNTHETIC
3221.01,SKL0067,Healthcare Administration,RELEVANT,3,SYNTHETIC_DEMO_MAPPING,SYNTHETIC
3221.02,SKL0095,Workplace Safety,RELEVANT,2,SYNTHETIC_DEMO_MAPPING,SYNTHETIC
3221.02,SKL0094,Microsoft Excel,RELEVANT,2,SYNTHETIC_DEMO_MAPPING,SYNTHETIC
3221.02,SKL0061,Patient Care,RELEVANT,1,SYNTHETIC_DEMO_MAPPING,SYNTHETIC
3221.02,SKL0092,Communication,RELEVANT,4,SYNTHETIC_DEMO_MAPPING,SYNTHETIC
3221.03,SKL0074,Digital Marketing,RELEVANT,1,SYNTHETIC_DEMO_MAPPING,SYNTHETIC
3221.03,SKL0064,Pharmacy Operations,RELEVANT,3,SYNTHETIC_DEMO_MAPPING,SYNTHETIC
3221.03,SKL0071,Financial Analysis,RELEVANT,3,SYNTHETIC_DEMO_MAPPING,SYNTHETIC
3221.99,SKL0061,Patient Care,RELEVANT,3,SYNTHETIC_DEMO_MAPPING,SYNTHETIC
3221.99,SKL0064,Pharmacy Operations,RELEVANT,2,SYNTHETIC_DEMO_MAPPING,SYNTHETIC
3221.99,SKL0097,Team Management,RELEVANT,2,SYNTHETIC_DEMO_MAPPING,SYNTHETIC
3221.99,SKL0062,Medical Coding,RELEVANT,4,SYNTHETIC_DEMO_MAPPING,SYNTHETIC
3221.99,SKL0063,Clinical Documentation,RELEVANT,2,SYNTHETIC_DEMO_MAPPING,SYNTHETIC
3222.01,SKL0095,Workplace Safety,RELEVANT,1,SYNTHETIC_DEMO_MAPPING,SYNTHETIC
3222.01,SKL0098,English Communication,RELEVANT,4,SYNTHETIC_DEMO_MAPPING,SYNTHETIC
3222.01,SKL0096,Digital Literacy,RELEVANT,2,SYNTHETIC_DEMO_MAPPING,SYNTHETIC
3222.02,SKL0093,Problem Solving,RELEVANT,2,SYNTHETIC_DEMO_MAPPING,SYNTHETIC
3222.02,SKL0098,English Communication,RELEVANT,2,SYNTHETIC_DEMO_MAPPING,SYNTHETIC
3222.02,SKL0095,Workplace Safety,RELEVANT,4,SYNTHETIC_DEMO_MAPPING,SYNTHETIC
3222.02,SKL0096,Digital Literacy,RELEVANT,3,SYNTHETIC_DEMO_MAPPING,SYNTHETIC
3222.03,SKL0097,Team Management,RELEVANT,3,SYNTHETIC_DEMO_MAPPING,SYNTHETIC
3222.03,SKL0066,Medical Equipment Maintenance,RELEVANT,1,SYNTHETIC_DEMO_MAPPING,SYNTHETIC
3222.03,SKL0067,Healthcare Administration,RELEVANT,2,SYNTHETIC_DEMO_MAPPING,SYNTHETIC
3222.03,SKL0064,Pharmacy Operations,RELEVANT,4,SYNTHETIC_DEMO_MAPPING,SYNTHETIC
3222.03,SKL0062,Medical Coding,RELEVANT,2,SYNTHETIC_DEMO_MAPPING,SYNTHETIC
3222.99,SKL0097,Team Management,RELEVANT,1,SYNTHETIC_DEMO_MAPPING,SYNTHETIC
3222.99,SKL0094,Microsoft Excel,RELEVANT,2,SYNTHETIC_DEMO_MAPPING,SYNTHETIC
3222.99,SKL0095,Workplace Safety,RELEVANT,3,SYNTHETIC_DEMO_MAPPING,SYNTHETIC
3240.01,SKL0097,Team Management,RELEVANT,1,SYNTHETIC_DEMO_MAPPING,SYNTHETIC
3240.01,SKL0092,Communication,RELEVANT,2,SYNTHETIC_DEMO_MAPPING,SYNTHETIC
3240.01,SKL0096,Digital Literacy,RELEVANT,2,SYNTHETIC_DEMO_MAPPING,SYNTHETIC
3240.02,SKL0092,Communication,RELEVANT,1,SYNTHETIC_DEMO_MAPPING,SYNTHETIC
3240.02,SKL0094,Microsoft Excel,RELEVANT,4,SYNTHETIC_DEMO_MAPPING,SYNTHETIC
3240.02,SKL0098,English Communication,RELEVANT,2,SYNTHETIC_DEMO_MAPPING,SYNTHETIC
3240.03,SKL0096,Digital Literacy,RELEVANT,2,SYNTHETIC_DEMO_MAPPING,SYNTHETIC
3240.03,SKL0063,Clinical Documentation,RELEVANT,2,SYNTHETIC_DEMO_MAPPING,SYNTHETIC
3240.03,SKL0051,Service Operations,RELEVANT,1,SYNTHETIC_DEMO_MAPPING,SYNTHETIC
3240.03,SKL0046,EV Battery Maintenance,RELEVANT,2,SYNTHETIC_DEMO_MAPPING,SYNTHETIC
3240.04,SKL0096,Digital Literacy,RELEVANT,2,SYNTHETIC_DEMO_MAPPING,SYNTHETIC
3240.04,SKL0030,AutoCAD Electrical,RELEVANT,1,SYNTHETIC_DEMO_MAPPING,SYNTHETIC
3240.04,SKL0095,Workplace Safety,RELEVANT,4,SYNTHETIC_DEMO_MAPPING,SYNTHETIC
3240.04,SKL0067,Healthcare Administration,RELEVANT,3,SYNTHETIC_DEMO_MAPPING,SYNTHETIC
3240.04,SKL0064,Pharmacy Operations,RELEVANT,4,SYNTHETIC_DEMO_MAPPING,SYNTHETIC
3240.99,SKL0026,IoT,RELEVANT,3,SYNTHETIC_DEMO_MAPPING,SYNTHETIC
3240.99,SKL0027,Sensors,RELEVANT,4,SYNTHETIC_DEMO_MAPPING,SYNTHETIC
3240.99,SKL0092,Communication,RELEVANT,1,SYNTHETIC_DEMO_MAPPING,SYNTHETIC
3240.99,SKL0023,Embedded Systems,RELEVANT,1,SYNTHETIC_DEMO_MAPPING,SYNTHETIC
3251.0101,SKL0095,Workplace Safety,RELEVANT,3,SYNTHETIC_DEMO_MAPPING,SYNTHETIC
3251.0101,SKL0050,Automotive CAD,RELEVANT,4,SYNTHETIC_DEMO_MAPPING,SYNTHETIC
3251.0101,SKL0047,Vehicle Diagnostics,RELEVANT,4,SYNTHETIC_DEMO_MAPPING,SYNTHETIC
3251.0101,SKL0094,Microsoft Excel,RELEVANT,4,SYNTHETIC_DEMO_MAPPING,SYNTHETIC
3251.0101,SKL0061,Patient Care,RELEVANT,1,SYNTHETIC_DEMO_MAPPING,SYNTHETIC
3251.99,SKL0092,Communication,RELEVANT,2,SYNTHETIC_DEMO_MAPPING,SYNTHETIC
3251.99,SKL0095,Workplace Safety,RELEVANT,3,SYNTHETIC_DEMO_MAPPING,SYNTHETIC
3252.0101,SKL0066,Medical Equipment Maintenance,RELEVANT,4,SYNTHETIC_DEMO_MAPPING,SYNTHETIC
3252.0101,SKL0028,Electrical Testing,RELEVANT,1,SYNTHETIC_DEMO_MAPPING,SYNTHETIC
3253.0101,SKL0096,Digital Literacy,RELEVANT,2,SYNTHETIC_DEMO_MAPPING,SYNTHETIC
3253.0101,SKL0097,Team Management,RELEVANT,3,SYNTHETIC_DEMO_MAPPING,SYNTHETIC
3253.0201,SKL0066,Medical Equipment Maintenance,RELEVANT,2,SYNTHETIC_DEMO_MAPPING,SYNTHETIC
3253.0201,SKL0067,Healthcare Administration,RELEVANT,1,SYNTHETIC_DEMO_MAPPING,SYNTHETIC
3253.0201,SKL0046,EV Battery Maintenance,RELEVANT,2,SYNTHETIC_DEMO_MAPPING,SYNTHETIC
3253.0201,SKL0045,Battery Management Systems,RELEVANT,4,SYNTHETIC_DEMO_MAPPING,SYNTHETIC
3253.99,SKL0066,Medical Equipment Maintenance,RELEVANT,4,SYNTHETIC_DEMO_MAPPING,SYNTHETIC
3253.99,SKL0051,Service Operations,RELEVANT,4,SYNTHETIC_DEMO_MAPPING,SYNTHETIC
3253.99,SKL0045,Battery Management Systems,RELEVANT,4,SYNTHETIC_DEMO_MAPPING,SYNTHETIC
3254.01,SKL0038,CNC Turning,RELEVANT,2,SYNTHETIC_DEMO_MAPPING,SYNTHETIC
3254.01,SKL0036,Lean Manufacturing,RELEVANT,2,SYNTHETIC_DEMO_MAPPING,SYNTHETIC
3254.01,SKL0039,CNC Milling,RELEVANT,1,SYNTHETIC_DEMO_MAPPING,SYNTHETIC
3254.01,SKL0042,SolidWorks,RELEVANT,2,SYNTHETIC_DEMO_MAPPING,SYNTHETIC
3254.01,SKL0033,Machine Maintenance,RELEVANT,2,SYNTHETIC_DEMO_MAPPING,SYNTHETIC
3254.02,SKL0093,Problem Solving,RELEVANT,3,SYNTHETIC_DEMO_MAPPING,SYNTHETIC
3254.02,SKL0095,Workplace Safety,RELEVANT,2,SYNTHETIC_DEMO_MAPPING,SYNTHETIC
3254.02,SKL0094,Microsoft Excel,RELEVANT,4,SYNTHETIC_DEMO_MAPPING,SYNTHETIC
3254.99,SKL0098,English Communication,RELEVANT,1,SYNTHETIC_DEMO_MAPPING,SYNTHETIC
3254.99,SKL0096,Digital Literacy,RELEVANT,2,SYNTHETIC_DEMO_MAPPING,SYNTHETIC
3254.99,SKL0092,Communication,RELEVANT,2,SYNTHETIC_DEMO_MAPPING,SYNTHETIC
3254.99,SKL0093,Problem Solving,RELEVANT,1,SYNTHETIC_DEMO_MAPPING,SYNTHETIC
3255.0101,SKL0095,Workplace Safety,RELEVANT,1,SYNTHETIC_DEMO_MAPPING,SYNTHETIC
3255.0101,SKL0093,Problem Solving,RELEVANT,4,SYNTHETIC_DEMO_MAPPING,SYNTHETIC
3255.0101,SKL0096,Digital Literacy,RELEVANT,3,SYNTHETIC_DEMO_MAPPING,SYNTHETIC
3256.0101,SKL0095,Workplace Safety,RELEVANT,2,SYNTHETIC_DEMO_MAPPING,SYNTHETIC
3256.0101,SKL0093,Problem Solving,RELEVANT,4,SYNTHETIC_DEMO_MAPPING,SYNTHETIC
3256.0101,SKL0062,Medical Coding,RELEVANT,4,SYNTHETIC_DEMO_MAPPING,SYNTHETIC
3256.0101,SKL0096,Digital Literacy,RELEVANT,2,SYNTHETIC_DEMO_MAPPING,SYNTHETIC
3256.0101,SKL0094,Microsoft Excel,RELEVANT,3,SYNTHETIC_DEMO_MAPPING,SYNTHETIC
3256.0202,SKL0021,PLC,RELEVANT,4,SYNTHETIC_DEMO_MAPPING,SYNTHETIC
3256.0202,SKL0027,Sensors,RELEVANT,2,SYNTHETIC_DEMO_MAPPING,SYNTHETIC
3256.99,SKL0061,Patient Care,RELEVANT,4,SYNTHETIC_DEMO_MAPPING,SYNTHETIC
3256.99,SKL0065,Laboratory Techniques,RELEVANT,1,SYNTHETIC_DEMO_MAPPING,SYNTHETIC
3256.99,SKL0066,Medical Equipment Maintenance,RELEVANT,1,SYNTHETIC_DEMO_MAPPING,SYNTHETIC
3257.01,SKL0096,Digital Literacy,RELEVANT,4,SYNTHETIC_DEMO_MAPPING,SYNTHETIC
3257.01,SKL0070,GST,RELEVANT,4,SYNTHETIC_DEMO_MAPPING,SYNTHETIC
3257.01,SKL0072,Excel,RELEVANT,3,SYNTHETIC_DEMO_MAPPING,SYNTHETIC
3257.01,SKL0066,Medical Equipment Maintenance,RELEVANT,1,SYNTHETIC_DEMO_MAPPING,SYNTHETIC
3257.03,SKL0022,SCADA,RELEVANT,2,SYNTHETIC_DEMO_MAPPING,SYNTHETIC
3257.03,SKL0025,Industrial Automation,RELEVANT,2,SYNTHETIC_DEMO_MAPPING,SYNTHETIC
3257.03,SKL0009,PostgreSQL,RELEVANT,4,SYNTHETIC_DEMO_MAPPING,SYNTHETIC
3257.03,SKL0023,Embedded Systems,RELEVANT,2,SYNTHETIC_DEMO_MAPPING,SYNTHETIC
3257.04,SKL0093,Problem Solving,RELEVANT,4,SYNTHETIC_DEMO_MAPPING,SYNTHETIC
3257.04,SKL0096,Digital Literacy,RELEVANT,3,SYNTHETIC_DEMO_MAPPING,SYNTHETIC
3257.04,SKL0067,Healthcare Administration,RELEVANT,1,SYNTHETIC_DEMO_MAPPING,SYNTHETIC
3257.04,SKL0062,Medical Coding,RELEVANT,3,SYNTHETIC_DEMO_MAPPING,SYNTHETIC
3257.05,SKL0093,Problem Solving,RELEVANT,4,SYNTHETIC_DEMO_MAPPING,SYNTHETIC
3257.05,SKL0027,Sensors,RELEVANT,1,SYNTHETIC_DEMO_MAPPING,SYNTHETIC
3257.05,SKL0026,IoT,RELEVANT,1,SYNTHETIC_DEMO_MAPPING,SYNTHETIC
3257.05,SKL0095,Workplace Safety,RELEVANT,3,SYNTHETIC_DEMO_MAPPING,SYNTHETIC
3257.06,SKL0063,Clinical Documentation,RELEVANT,3,SYNTHETIC_DEMO_MAPPING,SYNTHETIC
3257.06,SKL0077,Supply Chain,RELEVANT,3,SYNTHETIC_DEMO_MAPPING,SYNTHETIC
3257.99,SKL0021,PLC,RELEVANT,1,SYNTHETIC_DEMO_MAPPING,SYNTHETIC
3257.99,SKL0093,Problem Solving,RELEVANT,2,SYNTHETIC_DEMO_MAPPING,SYNTHETIC
3311.01,SKL0093,Problem Solving,RELEVANT,1,SYNTHETIC_DEMO_MAPPING,SYNTHETIC
3311.01,SKL0074,Digital Marketing,RELEVANT,2,SYNTHETIC_DEMO_MAPPING,SYNTHETIC
3311.01,SKL0070,GST,RELEVANT,3,SYNTHETIC_DEMO_MAPPING,SYNTHETIC
3311.01,SKL0097,Team Management,RELEVANT,2,SYNTHETIC_DEMO_MAPPING,SYNTHETIC
3311.02,SKL0094,Microsoft Excel,RELEVANT,3,SYNTHETIC_DEMO_MAPPING,SYNTHETIC
3311.02,SKL0097,Team Management,RELEVANT,1,SYNTHETIC_DEMO_MAPPING,SYNTHETIC
3311.0201,SKL0021,PLC,RELEVANT,3,SYNTHETIC_DEMO_MAPPING,SYNTHETIC
3311.0201,SKL0027,Sensors,RELEVANT,4,SYNTHETIC_DEMO_MAPPING,SYNTHETIC
3311.0201,SKL0093,Problem Solving,RELEVANT,4,SYNTHETIC_DEMO_MAPPING,SYNTHETIC
3311.0201,SKL0022,SCADA,RELEVANT,2,SYNTHETIC_DEMO_MAPPING,SYNTHETIC
3311.0201,SKL0095,Workplace Safety,RELEVANT,1,SYNTHETIC_DEMO_MAPPING,SYNTHETIC
3311.0202,SKL0096,Digital Literacy,RELEVANT,2,SYNTHETIC_DEMO_MAPPING,SYNTHETIC
3311.0202,SKL0076,Customer Service,RELEVANT,1,SYNTHETIC_DEMO_MAPPING,SYNTHETIC
3311.0202,SKL0068,Accounting,RELEVANT,4,SYNTHETIC_DEMO_MAPPING,SYNTHETIC
3311.0202,SKL0098,English Communication,RELEVANT,3,SYNTHETIC_DEMO_MAPPING,SYNTHETIC
3311.0202,SKL0097,Team Management,RELEVANT,2,SYNTHETIC_DEMO_MAPPING,SYNTHETIC
3311.99,SKL0028,Electrical Testing,RELEVANT,4,SYNTHETIC_DEMO_MAPPING,SYNTHETIC
3311.99,SKL0097,Team Management,RELEVANT,4,SYNTHETIC_DEMO_MAPPING,SYNTHETIC
3311.99,SKL0092,Communication,RELEVANT,2,SYNTHETIC_DEMO_MAPPING,SYNTHETIC
3311.99,SKL0026,IoT,RELEVANT,4,SYNTHETIC_DEMO_MAPPING,SYNTHETIC
3312.01,SKL0075,Sales,RELEVANT,1,SYNTHETIC_DEMO_MAPPING,SYNTHETIC
3312.01,SKL0070,GST,RELEVANT,1,SYNTHETIC_DEMO_MAPPING,SYNTHETIC
3312.01,SKL0074,Digital Marketing,RELEVANT,2,SYNTHETIC_DEMO_MAPPING,SYNTHETIC
3312.01,SKL0076,Customer Service,RELEVANT,2,SYNTHETIC_DEMO_MAPPING,SYNTHETIC
3312.01,SKL0068,Accounting,RELEVANT,1,SYNTHETIC_DEMO_MAPPING,SYNTHETIC
3312.0101,SKL0068,Accounting,RELEVANT,4,SYNTHETIC_DEMO_MAPPING,SYNTHETIC
3312.0101,SKL0092,Communication,RELEVANT,4,SYNTHETIC_DEMO_MAPPING,SYNTHETIC
3312.0101,SKL0074,Digital Marketing,RELEVANT,3,SYNTHETIC_DEMO_MAPPING,SYNTHETIC
3312.99,SKL0096,Digital Literacy,RELEVANT,4,SYNTHETIC_DEMO_MAPPING,SYNTHETIC
3312.99,SKL0097,Team Management,RELEVANT,4,SYNTHETIC_DEMO_MAPPING,SYNTHETIC
3312.99,SKL0092,Communication,RELEVANT,1,SYNTHETIC_DEMO_MAPPING,SYNTHETIC
3312.99,SKL0095,Workplace Safety,RELEVANT,2,SYNTHETIC_DEMO_MAPPING,SYNTHETIC
3312.99,SKL0098,English Communication,RELEVANT,3,SYNTHETIC_DEMO_MAPPING,SYNTHETIC
3314.01,SKL0097,Team Management,RELEVANT,3,SYNTHETIC_DEMO_MAPPING,SYNTHETIC
3314.01,SKL0009,PostgreSQL,RELEVANT,4,SYNTHETIC_DEMO_MAPPING,SYNTHETIC
3314.01,SKL0092,Communication,RELEVANT,2,SYNTHETIC_DEMO_MAPPING,SYNTHETIC
3314.01,SKL0094,Microsoft Excel,RELEVANT,1,SYNTHETIC_DEMO_MAPPING,SYNTHETIC
3314.01,SKL0018,Cybersecurity,RELEVANT,3,SYNTHETIC_DEMO_MAPPING,SYNTHETIC
3314.02,SKL0010,REST APIs,RELEVANT,4,SYNTHETIC_DEMO_MAPPING,SYNTHETIC
3314.02,SKL0015,Power BI,RELEVANT,3,SYNTHETIC_DEMO_MAPPING,SYNTHETIC
3314.99,SKL0094,Microsoft Excel,RELEVANT,1,SYNTHETIC_DEMO_MAPPING,SYNTHETIC
3314.99,SKL0096,Digital Literacy,RELEVANT,2,SYNTHETIC_DEMO_MAPPING,SYNTHETIC
3314.99,SKL0095,Workplace Safety,RELEVANT,1,SYNTHETIC_DEMO_MAPPING,SYNTHETIC
3314.99,SKL0092,Communication,RELEVANT,1,SYNTHETIC_DEMO_MAPPING,SYNTHETIC
3315.01,SKL0070,GST,RELEVANT,2,SYNTHETIC_DEMO_MAPPING,SYNTHETIC
3315.01,SKL0096,Digital Literacy,RELEVANT,2,SYNTHETIC_DEMO_MAPPING,SYNTHETIC
3315.02,SKL0075,Sales,RELEVANT,1,SYNTHETIC_DEMO_MAPPING,SYNTHETIC
3315.02,SKL0092,Communication,RELEVANT,4,SYNTHETIC_DEMO_MAPPING,SYNTHETIC
3315.02,SKL0086,Inventory Management,RELEVANT,2,SYNTHETIC_DEMO_MAPPING,SYNTHETIC
3315.02,SKL0094,Microsoft Excel,RELEVANT,2,SYNTHETIC_DEMO_MAPPING,SYNTHETIC
3315.03,SKL0096,Digital Literacy,RELEVANT,4,SYNTHETIC_DEMO_MAPPING,SYNTHETIC
3315.03,SKL0094,Microsoft Excel,RELEVANT,2,SYNTHETIC_DEMO_MAPPING,SYNTHETIC
3315.03,SKL0098,English Communication,RELEVANT,1,SYNTHETIC_DEMO_MAPPING,SYNTHETIC
3315.03,SKL0092,Communication,RELEVANT,1,SYNTHETIC_DEMO_MAPPING,SYNTHETIC
3315.03,SKL0093,Problem Solving,RELEVANT,2,SYNTHETIC_DEMO_MAPPING,SYNTHETIC
3315.0501,SKL0098,English Communication,RELEVANT,2,SYNTHETIC_DEMO_MAPPING,SYNTHETIC
3315.0501,SKL0096,Digital Literacy,RELEVANT,4,SYNTHETIC_DEMO_MAPPING,SYNTHETIC
3315.0501,SKL0097,Team Management,RELEVANT,1,SYNTHETIC_DEMO_MAPPING,SYNTHETIC
3315.0501,SKL0095,Workplace Safety,RELEVANT,3,SYNTHETIC_DEMO_MAPPING,SYNTHETIC
3315.99,SKL0075,Sales,RELEVANT,2,SYNTHETIC_DEMO_MAPPING,SYNTHETIC
3315.99,SKL0092,Communication,RELEVANT,1,SYNTHETIC_DEMO_MAPPING,SYNTHETIC
3315.99,SKL0097,Team Management,RELEVANT,1,SYNTHETIC_DEMO_MAPPING,SYNTHETIC
3321.01,SKL0068,Accounting,RELEVANT,1,SYNTHETIC_DEMO_MAPPING,SYNTHETIC
3321.01,SKL0098,English Communication,RELEVANT,4,SYNTHETIC_DEMO_MAPPING,SYNTHETIC
3321.01,SKL0062,Medical Coding,RELEVANT,4,SYNTHETIC_DEMO_MAPPING,SYNTHETIC
3321.01,SKL0075,Sales,RELEVANT,4,SYNTHETIC_DEMO_MAPPING,SYNTHETIC
3321.0101,SKL0043,Automotive Diagnostics,RELEVANT,1,SYNTHETIC_DEMO_MAPPING,SYNTHETIC
3321.0101,SKL0069,Tally,RELEVANT,1,SYNTHETIC_DEMO_MAPPING,SYNTHETIC
3321.0102,SKL0072,Excel,RELEVANT,4,SYNTHETIC_DEMO_MAPPING,SYNTHETIC
3321.0102,SKL0070,GST,RELEVANT,2,SYNTHETIC_DEMO_MAPPING,SYNTHETIC
3321.02,SKL0063,Clinical Documentation,RELEVANT,4,SYNTHETIC_DEMO_MAPPING,SYNTHETIC
3321.02,SKL0075,Sales,RELEVANT,4,SYNTHETIC_DEMO_MAPPING,SYNTHETIC
3321.02,SKL0061,Patient Care,RELEVANT,2,SYNTHETIC_DEMO_MAPPING,SYNTHETIC
3321.02,SKL0060,Structural Analysis,RELEVANT,1,SYNTHETIC_DEMO_MAPPING,SYNTHETIC
3321.02,SKL0094,Microsoft Excel,RELEVANT,1,SYNTHETIC_DEMO_MAPPING,SYNTHETIC
3321.0201,SKL0096,Digital Literacy,RELEVANT,4,SYNTHETIC_DEMO_MAPPING,SYNTHETIC
3321.0201,SKL0048,Auto Electrical,RELEVANT,4,SYNTHETIC_DEMO_MAPPING,SYNTHETIC
3321.0201,SKL0045,Battery Management Systems,RELEVANT,3,SYNTHETIC_DEMO_MAPPING,SYNTHETIC
3321.99,SKL0047,Vehicle Diagnostics,RELEVANT,1,SYNTHETIC_DEMO_MAPPING,SYNTHETIC
3321.99,SKL0045,Battery Management Systems,RELEVANT,1,SYNTHETIC_DEMO_MAPPING,SYNTHETIC
3321.99,SKL0051,Service Operations,RELEVANT,2,SYNTHETIC_DEMO_MAPPING,SYNTHETIC
3321.99,SKL0093,Problem Solving,RELEVANT,2,SYNTHETIC_DEMO_MAPPING,SYNTHETIC
3321.99,SKL0072,Excel,RELEVANT,2,SYNTHETIC_DEMO_MAPPING,SYNTHETIC
3322.0101,SKL0073,Business Analysis,RELEVANT,4,SYNTHETIC_DEMO_MAPPING,SYNTHETIC
3322.0101,SKL0036,Lean Manufacturing,RELEVANT,1,SYNTHETIC_DEMO_MAPPING,SYNTHETIC
3322.02,SKL0070,GST,RELEVANT,3,SYNTHETIC_DEMO_MAPPING,SYNTHETIC
3322.02,SKL0098,English Communication,RELEVANT,1,SYNTHETIC_DEMO_MAPPING,SYNTHETIC
3322.02,SKL0094,Microsoft Excel,RELEVANT,1,SYNTHETIC_DEMO_MAPPING,SYNTHETIC
3322.02,SKL0076,Customer Service,RELEVANT,3,SYNTHETIC_DEMO_MAPPING,SYNTHETIC
3322.02,SKL0093,Problem Solving,RELEVANT,2,SYNTHETIC_DEMO_MAPPING,SYNTHETIC
3322.03,SKL0077,Supply Chain,RELEVANT,3,SYNTHETIC_DEMO_MAPPING,SYNTHETIC
3322.03,SKL0069,Tally,RELEVANT,4,SYNTHETIC_DEMO_MAPPING,SYNTHETIC
3322.03,SKL0092,Communication,RELEVANT,3,SYNTHETIC_DEMO_MAPPING,SYNTHETIC
3322.03,SKL0094,Microsoft Excel,RELEVANT,1,SYNTHETIC_DEMO_MAPPING,SYNTHETIC
3322.03,SKL0073,Business Analysis,RELEVANT,4,SYNTHETIC_DEMO_MAPPING,SYNTHETIC
3322.05,SKL0075,Sales,RELEVANT,4,SYNTHETIC_DEMO_MAPPING,SYNTHETIC
3322.05,SKL0086,Inventory Management,RELEVANT,2,SYNTHETIC_DEMO_MAPPING,SYNTHETIC
3322.05,SKL0096,Digital Literacy,RELEVANT,1,SYNTHETIC_DEMO_MAPPING,SYNTHETIC
3322.0601,SKL0049,Electric Motor Systems,RELEVANT,4,SYNTHETIC_DEMO_MAPPING,SYNTHETIC
3322.0601,SKL0098,English Communication,RELEVANT,2,SYNTHETIC_DEMO_MAPPING,SYNTHETIC
3322.0601,SKL0048,Auto Electrical,RELEVANT,1,SYNTHETIC_DEMO_MAPPING,SYNTHETIC
3322.0701,SKL0094,Microsoft Excel,RELEVANT,1,SYNTHETIC_DEMO_MAPPING,SYNTHETIC
3322.0701,SKL0096,Digital Literacy,RELEVANT,4,SYNTHETIC_DEMO_MAPPING,SYNTHETIC
3322.0701,SKL0095,Workplace Safety,RELEVANT,2,SYNTHETIC_DEMO_MAPPING,SYNTHETIC
3322.0801,SKL0093,Problem Solving,RELEVANT,2,SYNTHETIC_DEMO_MAPPING,SYNTHETIC
3322.0801,SKL0077,Supply Chain,RELEVANT,4,SYNTHETIC_DEMO_MAPPING,SYNTHETIC
3322.0801,SKL0069,Tally,RELEVANT,1,SYNTHETIC_DEMO_MAPPING,SYNTHETIC
3322.0801,SKL0071,Financial Analysis,RELEVANT,3,SYNTHETIC_DEMO_MAPPING,SYNTHETIC
3322.0801,SKL0092,Communication,RELEVANT,4,SYNTHETIC_DEMO_MAPPING,SYNTHETIC
3322.0802,SKL0069,Tally,RELEVANT,2,SYNTHETIC_DEMO_MAPPING,SYNTHETIC
3322.0802,SKL0073,Business Analysis,RELEVANT,3,SYNTHETIC_DEMO_MAPPING,SYNTHETIC
3322.09,SKL0095,Workplace Safety,RELEVANT,1,SYNTHETIC_DEMO_MAPPING,SYNTHETIC
3322.09,SKL0070,GST,RELEVANT,3,SYNTHETIC_DEMO_MAPPING,SYNTHETIC
3322.09,SKL0092,Communication,RELEVANT,1,SYNTHETIC_DEMO_MAPPING,SYNTHETIC
3322.1001,SKL0052,Two-Wheeler Service,RELEVANT,4,SYNTHETIC_DEMO_MAPPING,SYNTHETIC
3322.1001,SKL0043,Automotive Diagnostics,RELEVANT,2,SYNTHETIC_DEMO_MAPPING,SYNTHETIC
3322.1002,SKL0045,Battery Management Systems,RELEVANT,3,SYNTHETIC_DEMO_MAPPING,SYNTHETIC
3322.1002,SKL0096,Digital Literacy,RELEVANT,2,SYNTHETIC_DEMO_MAPPING,SYNTHETIC
3322.1101,SKL0092,Communication,RELEVANT,2,SYNTHETIC_DEMO_MAPPING,SYNTHETIC
3322.1101,SKL0072,Excel,RELEVANT,4,SYNTHETIC_DEMO_MAPPING,SYNTHETIC
3322.1102,SKL0069,Tally,RELEVANT,4,SYNTHETIC_DEMO_MAPPING,SYNTHETIC
3322.1102,SKL0075,Sales,RELEVANT,1,SYNTHETIC_DEMO_MAPPING,SYNTHETIC
3322.1102,SKL0074,Digital Marketing,RELEVANT,2,SYNTHETIC_DEMO_MAPPING,SYNTHETIC
3322.1102,SKL0095,Workplace Safety,RELEVANT,4,SYNTHETIC_DEMO_MAPPING,SYNTHETIC
3322.1201,SKL0051,Service Operations,RELEVANT,4,SYNTHETIC_DEMO_MAPPING,SYNTHETIC
3322.1201,SKL0094,Microsoft Excel,RELEVANT,3,SYNTHETIC_DEMO_MAPPING,SYNTHETIC
3322.1201,SKL0093,Problem Solving,RELEVANT,1,SYNTHETIC_DEMO_MAPPING,SYNTHETIC
3322.1201,SKL0072,Excel,RELEVANT,3,SYNTHETIC_DEMO_MAPPING,SYNTHETIC
3322.1202,SKL0069,Tally,RELEVANT,2,SYNTHETIC_DEMO_MAPPING,SYNTHETIC
3322.1202,SKL0047,Vehicle Diagnostics,RELEVANT,4,SYNTHETIC_DEMO_MAPPING,SYNTHETIC
3322.1202,SKL0096,Digital Literacy,RELEVANT,4,SYNTHETIC_DEMO_MAPPING,SYNTHETIC
3322.1203,SKL0073,Business Analysis,RELEVANT,1,SYNTHETIC_DEMO_MAPPING,SYNTHETIC
3322.1203,SKL0077,Supply Chain,RELEVANT,4,SYNTHETIC_DEMO_MAPPING,SYNTHETIC
3322.1203,SKL0049,Electric Motor Systems,RELEVANT,3,SYNTHETIC_DEMO_MAPPING,SYNTHETIC
3322.1301,SKL0071,Financial Analysis,RELEVANT,3,SYNTHETIC_DEMO_MAPPING,SYNTHETIC
3322.1301,SKL0074,Digital Marketing,RELEVANT,1,SYNTHETIC_DEMO_MAPPING,SYNTHETIC
3322.1301,SKL0097,Team Management,RELEVANT,1,SYNTHETIC_DEMO_MAPPING,SYNTHETIC
3322.1301,SKL0075,Sales,RELEVANT,4,SYNTHETIC_DEMO_MAPPING,SYNTHETIC
3322.1301,SKL0077,Supply Chain,RELEVANT,3,SYNTHETIC_DEMO_MAPPING,SYNTHETIC
3322.1302,SKL0097,Team Management,RELEVANT,1,SYNTHETIC_DEMO_MAPPING,SYNTHETIC
3322.1302,SKL0095,Workplace Safety,RELEVANT,2,SYNTHETIC_DEMO_MAPPING,SYNTHETIC
3322.1302,SKL0077,Supply Chain,RELEVANT,1,SYNTHETIC_DEMO_MAPPING,SYNTHETIC
3322.1302,SKL0076,Customer Service,RELEVANT,3,SYNTHETIC_DEMO_MAPPING,SYNTHETIC
3322.1303,SKL0070,GST,RELEVANT,1,SYNTHETIC_DEMO_MAPPING,SYNTHETIC
3322.1303,SKL0077,Supply Chain,RELEVANT,2,SYNTHETIC_DEMO_MAPPING,SYNTHETIC
3322.1303,SKL0048,Auto Electrical,RELEVANT,2,SYNTHETIC_DEMO_MAPPING,SYNTHETIC
3322.1303,SKL0049,Electric Motor Systems,RELEVANT,4,SYNTHETIC_DEMO_MAPPING,SYNTHETIC
3322.1303,SKL0092,Communication,RELEVANT,1,SYNTHETIC_DEMO_MAPPING,SYNTHETIC
3322.1304,SKL0050,Automotive CAD,RELEVANT,4,SYNTHETIC_DEMO_MAPPING,SYNTHETIC
3322.1304,SKL0097,Team Management,RELEVANT,4,SYNTHETIC_DEMO_MAPPING,SYNTHETIC
3322.1304,SKL0074,Digital Marketing,RELEVANT,3,SYNTHETIC_DEMO_MAPPING,SYNTHETIC
3322.1304,SKL0093,Problem Solving,RELEVANT,4,SYNTHETIC_DEMO_MAPPING,SYNTHETIC
3322.1304,SKL0045,Battery Management Systems,RELEVANT,4,SYNTHETIC_DEMO_MAPPING,SYNTHETIC
3322.1305,SKL0068,Accounting,RELEVANT,1,SYNTHETIC_DEMO_MAPPING,SYNTHETIC
3322.1305,SKL0070,GST,RELEVANT,1,SYNTHETIC_DEMO_MAPPING,SYNTHETIC
3322.1305,SKL0093,Problem Solving,RELEVANT,2,SYNTHETIC_DEMO_MAPPING,SYNTHETIC
3322.1306,SKL0068,Accounting,RELEVANT,1,SYNTHETIC_DEMO_MAPPING,SYNTHETIC
3322.1306,SKL0075,Sales,RELEVANT,2,SYNTHETIC_DEMO_MAPPING,SYNTHETIC
3322.1306,SKL0098,English Communication,RELEVANT,1,SYNTHETIC_DEMO_MAPPING,SYNTHETIC
3322.1306,SKL0094,Microsoft Excel,RELEVANT,1,SYNTHETIC_DEMO_MAPPING,SYNTHETIC
3322.1306,SKL0092,Communication,RELEVANT,1,SYNTHETIC_DEMO_MAPPING,SYNTHETIC
3322.14,SKL0068,Accounting,RELEVANT,4,SYNTHETIC_DEMO_MAPPING,SYNTHETIC
3322.14,SKL0072,Excel,RELEVANT,1,SYNTHETIC_DEMO_MAPPING,SYNTHETIC
3322.14,SKL0073,Business Analysis,RELEVANT,2,SYNTHETIC_DEMO_MAPPING,SYNTHETIC
3322.14,SKL0070,GST,RELEVANT,1,SYNTHETIC_DEMO_MAPPING,SYNTHETIC
3322.14,SKL0076,Customer Service,RELEVANT,3,SYNTHETIC_DEMO_MAPPING,SYNTHETIC
3322.1501,SKL0094,Microsoft Excel,RELEVANT,2,SYNTHETIC_DEMO_MAPPING,SYNTHETIC
3322.1501,SKL0071,Financial Analysis,RELEVANT,3,SYNTHETIC_DEMO_MAPPING,SYNTHETIC
3322.1501,SKL0073,Business Analysis,RELEVANT,4,SYNTHETIC_DEMO_MAPPING,SYNTHETIC
3322.1501,SKL0049,Electric Motor Systems,RELEVANT,4,SYNTHETIC_DEMO_MAPPING,SYNTHETIC
3322.1501,SKL0046,EV Battery Maintenance,RELEVANT,1,SYNTHETIC_DEMO_MAPPING,SYNTHETIC
3322.1601,SKL0098,English Communication,RELEVANT,4,SYNTHETIC_DEMO_MAPPING,SYNTHETIC
3322.1601,SKL0095,Workplace Safety,RELEVANT,3,SYNTHETIC_DEMO_MAPPING,SYNTHETIC
3322.1701,SKL0010,REST APIs,RELEVANT,2,SYNTHETIC_DEMO_MAPPING,SYNTHETIC
3322.1701,SKL0077,Supply Chain,RELEVANT,3,SYNTHETIC_DEMO_MAPPING,SYNTHETIC
3322.1701,SKL0008,SQL,RELEVANT,2,SYNTHETIC_DEMO_MAPPING,SYNTHETIC
3322.1701,SKL0013,AWS,RELEVANT,4,SYNTHETIC_DEMO_MAPPING,SYNTHETIC
3322.1702,SKL0070,GST,RELEVANT,1,SYNTHETIC_DEMO_MAPPING,SYNTHETIC
3322.1702,SKL0077,Supply Chain,RELEVANT,1,SYNTHETIC_DEMO_MAPPING,SYNTHETIC
3322.1702,SKL0095,Workplace Safety,RELEVANT,4,SYNTHETIC_DEMO_MAPPING,SYNTHETIC
3322.2101,SKL0068,Accounting,RELEVANT,3,SYNTHETIC_DEMO_MAPPING,SYNTHETIC
3322.2101,SKL0094,Microsoft Excel,RELEVANT,4,SYNTHETIC_DEMO_MAPPING,SYNTHETIC
3322.2101,SKL0073,Business Analysis,RELEVANT,2,SYNTHETIC_DEMO_MAPPING,SYNTHETIC
3322.2101,SKL0098,English Communication,RELEVANT,2,SYNTHETIC_DEMO_MAPPING,SYNTHETIC
3322.2501,SKL0092,Communication,RELEVANT,3,SYNTHETIC_DEMO_MAPPING,SYNTHETIC
3322.2501,SKL0052,Two-Wheeler Service,RELEVANT,3,SYNTHETIC_DEMO_MAPPING,SYNTHETIC
3322.2501,SKL0049,Electric Motor Systems,RELEVANT,1,SYNTHETIC_DEMO_MAPPING,SYNTHETIC
3322.2501,SKL0047,Vehicle Diagnostics,RELEVANT,2,SYNTHETIC_DEMO_MAPPING,SYNTHETIC
3322.2502,SKL0094,Microsoft Excel,RELEVANT,2,SYNTHETIC_DEMO_MAPPING,SYNTHETIC
3322.2502,SKL0049,Electric Motor Systems,RELEVANT,3,SYNTHETIC_DEMO_MAPPING,SYNTHETIC
3322.2502,SKL0050,Automotive CAD,RELEVANT,4,SYNTHETIC_DEMO_MAPPING,SYNTHETIC
3322.2502,SKL0095,Workplace Safety,RELEVANT,2,SYNTHETIC_DEMO_MAPPING,SYNTHETIC
3322.2503,SKL0045,Battery Management Systems,RELEVANT,2,SYNTHETIC_DEMO_MAPPING,SYNTHETIC
3322.2503,SKL0044,EV Systems,RELEVANT,2,SYNTHETIC_DEMO_MAPPING,SYNTHETIC
3322.2503,SKL0094,Microsoft Excel,RELEVANT,1,SYNTHETIC_DEMO_MAPPING,SYNTHETIC
3322.2503,SKL0095,Workplace Safety,RELEVANT,1,SYNTHETIC_DEMO_MAPPING,SYNTHETIC
3322.2504,SKL0094,Microsoft Excel,RELEVANT,4,SYNTHETIC_DEMO_MAPPING,SYNTHETIC
3322.2504,SKL0050,Automotive CAD,RELEVANT,3,SYNTHETIC_DEMO_MAPPING,SYNTHETIC
3322.2504,SKL0097,Team Management,RELEVANT,3,SYNTHETIC_DEMO_MAPPING,SYNTHETIC
3322.4001,SKL0045,Battery Management Systems,RELEVANT,3,SYNTHETIC_DEMO_MAPPING,SYNTHETIC
3322.4001,SKL0096,Digital Literacy,RELEVANT,1,SYNTHETIC_DEMO_MAPPING,SYNTHETIC
3322.4001,SKL0026,IoT,RELEVANT,4,SYNTHETIC_DEMO_MAPPING,SYNTHETIC
3322.4001,SKL0049,Electric Motor Systems,RELEVANT,2,SYNTHETIC_DEMO_MAPPING,SYNTHETIC
3322.4001,SKL0044,EV Systems,RELEVANT,4,SYNTHETIC_DEMO_MAPPING,SYNTHETIC
3322.4002,SKL0050,Automotive CAD,RELEVANT,4,SYNTHETIC_DEMO_MAPPING,SYNTHETIC
3322.4002,SKL0092,Communication,RELEVANT,3,SYNTHETIC_DEMO_MAPPING,SYNTHETIC
3322.4002,SKL0051,Service Operations,RELEVANT,2,SYNTHETIC_DEMO_MAPPING,SYNTHETIC
3322.4002,SKL0052,Two-Wheeler Service,RELEVANT,3,SYNTHETIC_DEMO_MAPPING,SYNTHETIC
3322.4002,SKL0049,Electric Motor Systems,RELEVANT,2,SYNTHETIC_DEMO_MAPPING,SYNTHETIC
3322.5001,SKL0039,CNC Milling,RELEVANT,4,SYNTHETIC_DEMO_MAPPING,SYNTHETIC
3322.5001,SKL0037,Production Planning,RELEVANT,4,SYNTHETIC_DEMO_MAPPING,SYNTHETIC
3322.5001,SKL0032,CNC Operation,RELEVANT,4,SYNTHETIC_DEMO_MAPPING,SYNTHETIC
3322.5001,SKL0094,Microsoft Excel,RELEVANT,3,SYNTHETIC_DEMO_MAPPING,SYNTHETIC
3322.5001,SKL0097,Team Management,RELEVANT,3,SYNTHETIC_DEMO_MAPPING,SYNTHETIC
3322.5002,SKL0045,Battery Management Systems,RELEVANT,2,SYNTHETIC_DEMO_MAPPING,SYNTHETIC
3322.5002,SKL0096,Digital Literacy,RELEVANT,1,SYNTHETIC_DEMO_MAPPING,SYNTHETIC
3322.5002,SKL0049,Electric Motor Systems,RELEVANT,3,SYNTHETIC_DEMO_MAPPING,SYNTHETIC
3322.5002,SKL0047,Vehicle Diagnostics,RELEVANT,2,SYNTHETIC_DEMO_MAPPING,SYNTHETIC
3322.6001,SKL0096,Digital Literacy,RELEVANT,4,SYNTHETIC_DEMO_MAPPING,SYNTHETIC
3322.6001,SKL0052,Two-Wheeler Service,RELEVANT,2,SYNTHETIC_DEMO_MAPPING,SYNTHETIC
3322.6011,SKL0095,Workplace Safety,RELEVANT,4,SYNTHETIC_DEMO_MAPPING,SYNTHETIC
3322.6011,SKL0097,Team Management,RELEVANT,2,SYNTHETIC_DEMO_MAPPING,SYNTHETIC
3322.6011,SKL0093,Problem Solving,RELEVANT,3,SYNTHETIC_DEMO_MAPPING,SYNTHETIC
3322.6011,SKL0094,Microsoft Excel,RELEVANT,1,SYNTHETIC_DEMO_MAPPING,SYNTHETIC
3322.6011,SKL0098,English Communication,RELEVANT,3,SYNTHETIC_DEMO_MAPPING,SYNTHETIC
3322.99,SKL0077,Supply Chain,RELEVANT,1,SYNTHETIC_DEMO_MAPPING,SYNTHETIC
3322.99,SKL0068,Accounting,RELEVANT,2,SYNTHETIC_DEMO_MAPPING,SYNTHETIC
3322.99,SKL0050,Automotive CAD,RELEVANT,4,SYNTHETIC_DEMO_MAPPING,SYNTHETIC
3322.99,SKL0070,GST,RELEVANT,3,SYNTHETIC_DEMO_MAPPING,SYNTHETIC
3322.99,SKL0049,Electric Motor Systems,RELEVANT,3,SYNTHETIC_DEMO_MAPPING,SYNTHETIC
3323.01,SKL0069,Tally,RELEVANT,3,SYNTHETIC_DEMO_MAPPING,SYNTHETIC
3323.01,SKL0095,Workplace Safety,RELEVANT,3,SYNTHETIC_DEMO_MAPPING,SYNTHETIC
3323.01,SKL0078,Farm Machinery,RELEVANT,1,SYNTHETIC_DEMO_MAPPING,SYNTHETIC
3323.01,SKL0075,Sales,RELEVANT,3,SYNTHETIC_DEMO_MAPPING,SYNTHETIC
3323.0101,SKL0098,English Communication,RELEVANT,2,SYNTHETIC_DEMO_MAPPING,SYNTHETIC
3323.0101,SKL0074,Digital Marketing,RELEVANT,3,SYNTHETIC_DEMO_MAPPING,SYNTHETIC
3323.0101,SKL0094,Microsoft Excel,RELEVANT,1,SYNTHETIC_DEMO_MAPPING,SYNTHETIC
3323.0102,SKL0035,Quality Control,RELEVANT,1,SYNTHETIC_DEMO_MAPPING,SYNTHETIC
3323.0102,SKL0037,Production Planning,RELEVANT,2,SYNTHETIC_DEMO_MAPPING,SYNTHETIC
3323.0102,SKL0095,Workplace Safety,RELEVANT,1,SYNTHETIC_DEMO_MAPPING,SYNTHETIC
3323.0102,SKL0031,CNC Programming,RELEVANT,2,SYNTHETIC_DEMO_MAPPING,SYNTHETIC
3323.02,SKL0041,AutoCAD,RELEVANT,1,SYNTHETIC_DEMO_MAPPING,SYNTHETIC
3323.02,SKL0072,Excel,RELEVANT,4,SYNTHETIC_DEMO_MAPPING,SYNTHETIC
3323.02,SKL0042,SolidWorks,RELEVANT,3,SYNTHETIC_DEMO_MAPPING,SYNTHETIC
3323.02,SKL0077,Supply Chain,RELEVANT,4,SYNTHETIC_DEMO_MAPPING,SYNTHETIC
3323.0301,SKL0092,Communication,RELEVANT,2,SYNTHETIC_DEMO_MAPPING,SYNTHETIC
3323.0301,SKL0094,Microsoft Excel,RELEVANT,2,SYNTHETIC_DEMO_MAPPING,SYNTHETIC
3323.0301,SKL0098,English Communication,RELEVANT,4,SYNTHETIC_DEMO_MAPPING,SYNTHETIC
3323.0401,SKL0094,Microsoft Excel,RELEVANT,2,SYNTHETIC_DEMO_MAPPING,SYNTHETIC
3323.0401,SKL0092,Communication,RELEVANT,2,SYNTHETIC_DEMO_MAPPING,SYNTHETIC
3323.0501,SKL0095,Workplace Safety,RELEVANT,3,SYNTHETIC_DEMO_MAPPING,SYNTHETIC
3323.0501,SKL0093,Problem Solving,RELEVANT,2,SYNTHETIC_DEMO_MAPPING,SYNTHETIC
3323.0601,SKL0086,Inventory Management,RELEVANT,4,SYNTHETIC_DEMO_MAPPING,SYNTHETIC
3323.0601,SKL0094,Microsoft Excel,RELEVANT,4,SYNTHETIC_DEMO_MAPPING,SYNTHETIC
3323.0601,SKL0095,Workplace Safety,RELEVANT,4,SYNTHETIC_DEMO_MAPPING,SYNTHETIC
3323.0601,SKL0088,Fleet Management,RELEVANT,3,SYNTHETIC_DEMO_MAPPING,SYNTHETIC
3323.0601,SKL0097,Team Management,RELEVANT,1,SYNTHETIC_DEMO_MAPPING,SYNTHETIC
3323.0602,SKL0086,Inventory Management,RELEVANT,4,SYNTHETIC_DEMO_MAPPING,SYNTHETIC
3323.0602,SKL0091,Route Planning,RELEVANT,4,SYNTHETIC_DEMO_MAPPING,SYNTHETIC
3323.0602,SKL0079,Agri Input Management,RELEVANT,2,SYNTHETIC_DEMO_MAPPING,SYNTHETIC
3323.0602,SKL0098,English Communication,RELEVANT,3,SYNTHETIC_DEMO_MAPPING,SYNTHETIC
3323.0602,SKL0097,Team Management,RELEVANT,1,SYNTHETIC_DEMO_MAPPING,SYNTHETIC
3323.99,SKL0051,Service Operations,RELEVANT,1,SYNTHETIC_DEMO_MAPPING,SYNTHETIC
3323.99,SKL0044,EV Systems,RELEVANT,4,SYNTHETIC_DEMO_MAPPING,SYNTHETIC
3334.01,SKL0069,Tally,RELEVANT,4,SYNTHETIC_DEMO_MAPPING,SYNTHETIC
3334.01,SKL0077,Supply Chain,RELEVANT,4,SYNTHETIC_DEMO_MAPPING,SYNTHETIC
3334.01,SKL0070,GST,RELEVANT,1,SYNTHETIC_DEMO_MAPPING,SYNTHETIC
3334.01,SKL0095,Workplace Safety,RELEVANT,1,SYNTHETIC_DEMO_MAPPING,SYNTHETIC
3334.02,SKL0093,Problem Solving,RELEVANT,4,SYNTHETIC_DEMO_MAPPING,SYNTHETIC
3334.02,SKL0096,Digital Literacy,RELEVANT,1,SYNTHETIC_DEMO_MAPPING,SYNTHETIC
3334.02,SKL0098,English Communication,RELEVANT,3,SYNTHETIC_DEMO_MAPPING,SYNTHETIC
3334.99,SKL0097,Team Management,RELEVANT,3,SYNTHETIC_DEMO_MAPPING,SYNTHETIC
3334.99,SKL0094,Microsoft Excel,RELEVANT,4,SYNTHETIC_DEMO_MAPPING,SYNTHETIC
3334.99,SKL0096,Digital Literacy,RELEVANT,2,SYNTHETIC_DEMO_MAPPING,SYNTHETIC
3334.99,SKL0092,Communication,RELEVANT,1,SYNTHETIC_DEMO_MAPPING,SYNTHETIC
3334.99,SKL0095,Workplace Safety,RELEVANT,4,SYNTHETIC_DEMO_MAPPING,SYNTHETIC
3339.02,SKL0077,Supply Chain,RELEVANT,3,SYNTHETIC_DEMO_MAPPING,SYNTHETIC
3339.02,SKL0070,GST,RELEVANT,3,SYNTHETIC_DEMO_MAPPING,SYNTHETIC
3339.03,SKL0092,Communication,RELEVANT,1,SYNTHETIC_DEMO_MAPPING,SYNTHETIC
3339.03,SKL0097,Team Management,RELEVANT,2,SYNTHETIC_DEMO_MAPPING,SYNTHETIC
3339.03,SKL0074,Digital Marketing,RELEVANT,1,SYNTHETIC_DEMO_MAPPING,SYNTHETIC
3339.03,SKL0095,Workplace Safety,RELEVANT,3,SYNTHETIC_DEMO_MAPPING,SYNTHETIC
3339.03,SKL0077,Supply Chain,RELEVANT,2,SYNTHETIC_DEMO_MAPPING,SYNTHETIC
3339.04,SKL0098,English Communication,RELEVANT,1,SYNTHETIC_DEMO_MAPPING,SYNTHETIC
3339.04,SKL0092,Communication,RELEVANT,3,SYNTHETIC_DEMO_MAPPING,SYNTHETIC
3339.05,SKL0096,Digital Literacy,RELEVANT,2,SYNTHETIC_DEMO_MAPPING,SYNTHETIC
3339.05,SKL0095,Workplace Safety,RELEVANT,1,SYNTHETIC_DEMO_MAPPING,SYNTHETIC
3339.05,SKL0092,Communication,RELEVANT,1,SYNTHETIC_DEMO_MAPPING,SYNTHETIC
3339.0601,SKL0096,Digital Literacy,RELEVANT,4,SYNTHETIC_DEMO_MAPPING,SYNTHETIC
3339.0601,SKL0076,Customer Service,RELEVANT,4,SYNTHETIC_DEMO_MAPPING,SYNTHETIC
3339.0601,SKL0044,EV Systems,RELEVANT,1,SYNTHETIC_DEMO_MAPPING,SYNTHETIC
3339.0601,SKL0047,Vehicle Diagnostics,RELEVANT,1,SYNTHETIC_DEMO_MAPPING,SYNTHETIC
3339.0601,SKL0095,Workplace Safety,RELEVANT,1,SYNTHETIC_DEMO_MAPPING,SYNTHETIC
3341.02,SKL0098,English Communication,RELEVANT,4,SYNTHETIC_DEMO_MAPPING,SYNTHETIC
3341.02,SKL0097,Team Management,RELEVANT,1,SYNTHETIC_DEMO_MAPPING,SYNTHETIC
3341.05,SKL0095,Workplace Safety,RELEVANT,2,SYNTHETIC_DEMO_MAPPING,SYNTHETIC
3341.05,SKL0098,English Communication,RELEVANT,3,SYNTHETIC_DEMO_MAPPING,SYNTHETIC
3341.05,SKL0097,Team Management,RELEVANT,1,SYNTHETIC_DEMO_MAPPING,SYNTHETIC
3341.05,SKL0096,Digital Literacy,RELEVANT,1,SYNTHETIC_DEMO_MAPPING,SYNTHETIC
3341.06,SKL0098,English Communication,RELEVANT,1,SYNTHETIC_DEMO_MAPPING,SYNTHETIC
3341.06,SKL0046,EV Battery Maintenance,RELEVANT,1,SYNTHETIC_DEMO_MAPPING,SYNTHETIC
3341.06,SKL0096,Digital Literacy,RELEVANT,1,SYNTHETIC_DEMO_MAPPING,SYNTHETIC
3341.07,SKL0005,React,RELEVANT,1,SYNTHETIC_DEMO_MAPPING,SYNTHETIC
3341.07,SKL0087,Supply Chain Management,RELEVANT,1,SYNTHETIC_DEMO_MAPPING,SYNTHETIC
3341.07,SKL0090,Logistics Planning,RELEVANT,1,SYNTHETIC_DEMO_MAPPING,SYNTHETIC
3341.07,SKL0004,TypeScript,RELEVANT,3,SYNTHETIC_DEMO_MAPPING,SYNTHETIC
3341.07,SKL0019,UI/UX Design,RELEVANT,2,SYNTHETIC_DEMO_MAPPING,SYNTHETIC
3341.08,SKL0093,Problem Solving,RELEVANT,4,SYNTHETIC_DEMO_MAPPING,SYNTHETIC
3341.08,SKL0096,Digital Literacy,RELEVANT,4,SYNTHETIC_DEMO_MAPPING,SYNTHETIC
3341.08,SKL0071,Financial Analysis,RELEVANT,1,SYNTHETIC_DEMO_MAPPING,SYNTHETIC
3341.08,SKL0097,Team Management,RELEVANT,3,SYNTHETIC_DEMO_MAPPING,SYNTHETIC
3341.09,SKL0049,Electric Motor Systems,RELEVANT,4,SYNTHETIC_DEMO_MAPPING,SYNTHETIC
3341.09,SKL0044,EV Systems,RELEVANT,3,SYNTHETIC_DEMO_MAPPING,SYNTHETIC
3341.09,SKL0071,Financial Analysis,RELEVANT,2,SYNTHETIC_DEMO_MAPPING,SYNTHETIC
3341.09,SKL0054,Quantity Surveying,RELEVANT,3,SYNTHETIC_DEMO_MAPPING,SYNTHETIC
3341.1,SKL0072,Excel,RELEVANT,1,SYNTHETIC_DEMO_MAPPING,SYNTHETIC
3341.1,SKL0077,Supply Chain,RELEVANT,2,SYNTHETIC_DEMO_MAPPING,SYNTHETIC
3341.1,SKL0069,Tally,RELEVANT,2,SYNTHETIC_DEMO_MAPPING,SYNTHETIC
3341.1,SKL0098,English Communication,RELEVANT,3,SYNTHETIC_DEMO_MAPPING,SYNTHETIC
3341.11,SKL0038,CNC Turning,RELEVANT,1,SYNTHETIC_DEMO_MAPPING,SYNTHETIC
3341.11,SKL0048,Auto Electrical,RELEVANT,1,SYNTHETIC_DEMO_MAPPING,SYNTHETIC
3341.11,SKL0096,Digital Literacy,RELEVANT,1,SYNTHETIC_DEMO_MAPPING,SYNTHETIC
3341.11,SKL0086,Inventory Management,RELEVANT,3,SYNTHETIC_DEMO_MAPPING,SYNTHETIC
3341.12,SKL0092,Communication,RELEVANT,4,SYNTHETIC_DEMO_MAPPING,SYNTHETIC
3341.12,SKL0095,Workplace Safety,RELEVANT,4,SYNTHETIC_DEMO_MAPPING,SYNTHETIC
3341.12,SKL0029,Control Systems,RELEVANT,3,SYNTHETIC_DEMO_MAPPING,SYNTHETIC
3341.12,SKL0094,Microsoft Excel,RELEVANT,4,SYNTHETIC_DEMO_MAPPING,SYNTHETIC
3341.99,SKL0097,Team Management,RELEVANT,1,SYNTHETIC_DEMO_MAPPING,SYNTHETIC
3341.99,SKL0094,Microsoft Excel,RELEVANT,3,SYNTHETIC_DEMO_MAPPING,SYNTHETIC
3341.99,SKL0096,Digital Literacy,RELEVANT,1,SYNTHETIC_DEMO_MAPPING,SYNTHETIC
3341.99,SKL0093,Problem Solving,RELEVANT,3,SYNTHETIC_DEMO_MAPPING,SYNTHETIC
3341.99,SKL0098,English Communication,RELEVANT,2,SYNTHETIC_DEMO_MAPPING,SYNTHETIC
3351.01,SKL0085,Warehouse Management,RELEVANT,2,SYNTHETIC_DEMO_MAPPING,SYNTHETIC
3351.01,SKL0091,Route Planning,RELEVANT,1,SYNTHETIC_DEMO_MAPPING,SYNTHETIC
3351.02,SKL0096,Digital Literacy,RELEVANT,3,SYNTHETIC_DEMO_MAPPING,SYNTHETIC
3351.02,SKL0093,Problem Solving,RELEVANT,4,SYNTHETIC_DEMO_MAPPING,SYNTHETIC
3351.02,SKL0097,Team Management,RELEVANT,3,SYNTHETIC_DEMO_MAPPING,SYNTHETIC
3351.03,SKL0095,Workplace Safety,RELEVANT,1,SYNTHETIC_DEMO_MAPPING,SYNTHETIC
3351.03,SKL0094,Microsoft Excel,RELEVANT,2,SYNTHETIC_DEMO_MAPPING,SYNTHETIC
3351.99,SKL0046,EV Battery Maintenance,RELEVANT,2,SYNTHETIC_DEMO_MAPPING,SYNTHETIC
3351.99,SKL0043,Automotive Diagnostics,RELEVANT,1,SYNTHETIC_DEMO_MAPPING,SYNTHETIC
3352.01,SKL0077,Supply Chain,RELEVANT,1,SYNTHETIC_DEMO_MAPPING,SYNTHETIC
3352.01,SKL0032,CNC Operation,RELEVANT,4,SYNTHETIC_DEMO_MAPPING,SYNTHETIC
3352.01,SKL0035,Quality Control,RELEVANT,2,SYNTHETIC_DEMO_MAPPING,SYNTHETIC
3352.01,SKL0095,Workplace Safety,RELEVANT,4,SYNTHETIC_DEMO_MAPPING,SYNTHETIC
3352.01,SKL0033,Machine Maintenance,RELEVANT,2,SYNTHETIC_DEMO_MAPPING,SYNTHETIC
3352.99,SKL0077,Supply Chain,RELEVANT,1,SYNTHETIC_DEMO_MAPPING,SYNTHETIC
3352.99,SKL0093,Problem Solving,RELEVANT,2,SYNTHETIC_DEMO_MAPPING,SYNTHETIC
3352.99,SKL0069,Tally,RELEVANT,1,SYNTHETIC_DEMO_MAPPING,SYNTHETIC
3352.99,SKL0098,English Communication,RELEVANT,3,SYNTHETIC_DEMO_MAPPING,SYNTHETIC
3352.99,SKL0070,GST,RELEVANT,3,SYNTHETIC_DEMO_MAPPING,SYNTHETIC
3353.01,SKL0079,Agri Input Management,RELEVANT,1,SYNTHETIC_DEMO_MAPPING,SYNTHETIC
3353.01,SKL0092,Communication,RELEVANT,4,SYNTHETIC_DEMO_MAPPING,SYNTHETIC
3353.02,SKL0098,English Communication,RELEVANT,1,SYNTHETIC_DEMO_MAPPING,SYNTHETIC
3353.02,SKL0094,Microsoft Excel,RELEVANT,3,SYNTHETIC_DEMO_MAPPING,SYNTHETIC
3353.02,SKL0097,Team Management,RELEVANT,2,SYNTHETIC_DEMO_MAPPING,SYNTHETIC
3353.99,SKL0092,Communication,RELEVANT,3,SYNTHETIC_DEMO_MAPPING,SYNTHETIC
3353.99,SKL0096,Digital Literacy,RELEVANT,1,SYNTHETIC_DEMO_MAPPING,SYNTHETIC
3353.99,SKL0098,English Communication,RELEVANT,1,SYNTHETIC_DEMO_MAPPING,SYNTHETIC
3355.01,SKL0098,English Communication,RELEVANT,3,SYNTHETIC_DEMO_MAPPING,SYNTHETIC
3355.01,SKL0097,Team Management,RELEVANT,1,SYNTHETIC_DEMO_MAPPING,SYNTHETIC
3355.01,SKL0096,Digital Literacy,RELEVANT,1,SYNTHETIC_DEMO_MAPPING,SYNTHETIC
3355.01,SKL0092,Communication,RELEVANT,3,SYNTHETIC_DEMO_MAPPING,SYNTHETIC
3355.02,SKL0096,Digital Literacy,RELEVANT,3,SYNTHETIC_DEMO_MAPPING,SYNTHETIC
3355.02,SKL0097,Team Management,RELEVANT,2,SYNTHETIC_DEMO_MAPPING,SYNTHETIC
3355.02,SKL0095,Workplace Safety,RELEVANT,2,SYNTHETIC_DEMO_MAPPING,SYNTHETIC
3355.02,SKL0098,English Communication,RELEVANT,1,SYNTHETIC_DEMO_MAPPING,SYNTHETIC
3355.02,SKL0092,Communication,RELEVANT,2,SYNTHETIC_DEMO_MAPPING,SYNTHETIC
3355.03,SKL0095,Workplace Safety,RELEVANT,2,SYNTHETIC_DEMO_MAPPING,SYNTHETIC
3355.03,SKL0098,English Communication,RELEVANT,4,SYNTHETIC_DEMO_MAPPING,SYNTHETIC
3355.03,SKL0097,Team Management,RELEVANT,4,SYNTHETIC_DEMO_MAPPING,SYNTHETIC
3355.03,SKL0096,Digital Literacy,RELEVANT,4,SYNTHETIC_DEMO_MAPPING,SYNTHETIC
3355.03,SKL0092,Communication,RELEVANT,2,SYNTHETIC_DEMO_MAPPING,SYNTHETIC
3355.99,SKL0097,Team Management,RELEVANT,4,SYNTHETIC_DEMO_MAPPING,SYNTHETIC
3355.99,SKL0094,Microsoft Excel,RELEVANT,4,SYNTHETIC_DEMO_MAPPING,SYNTHETIC
3411.01,SKL0096,Digital Literacy,RELEVANT,3,SYNTHETIC_DEMO_MAPPING,SYNTHETIC
3411.01,SKL0092,Communication,RELEVANT,1,SYNTHETIC_DEMO_MAPPING,SYNTHETIC
3411.01,SKL0089,Forklift Operation,RELEVANT,2,SYNTHETIC_DEMO_MAPPING,SYNTHETIC
3411.01,SKL0091,Route Planning,RELEVANT,4,SYNTHETIC_DEMO_MAPPING,SYNTHETIC
3411.01,SKL0095,Workplace Safety,RELEVANT,1,SYNTHETIC_DEMO_MAPPING,SYNTHETIC
3411.02,SKL0097,Team Management,RELEVANT,2,SYNTHETIC_DEMO_MAPPING,SYNTHETIC
3411.02,SKL0094,Microsoft Excel,RELEVANT,3,SYNTHETIC_DEMO_MAPPING,SYNTHETIC
3411.02,SKL0098,English Communication,RELEVANT,2,SYNTHETIC_DEMO_MAPPING,SYNTHETIC
3411.03,SKL0097,Team Management,RELEVANT,4,SYNTHETIC_DEMO_MAPPING,SYNTHETIC
3411.03,SKL0098,English Communication,RELEVANT,3,SYNTHETIC_DEMO_MAPPING,SYNTHETIC
3411.03,SKL0092,Communication,RELEVANT,1,SYNTHETIC_DEMO_MAPPING,SYNTHETIC
3411.99,SKL0092,Communication,RELEVANT,1,SYNTHETIC_DEMO_MAPPING,SYNTHETIC
3411.99,SKL0077,Supply Chain,RELEVANT,1,SYNTHETIC_DEMO_MAPPING,SYNTHETIC
3411.99,SKL0098,English Communication,RELEVANT,4,SYNTHETIC_DEMO_MAPPING,SYNTHETIC
3411.99,SKL0076,Customer Service,RELEVANT,3,SYNTHETIC_DEMO_MAPPING,SYNTHETIC
3411.99,SKL0068,Accounting,RELEVANT,3,SYNTHETIC_DEMO_MAPPING,SYNTHETIC
3412.01,SKL0036,Lean Manufacturing,RELEVANT,1,SYNTHETIC_DEMO_MAPPING,SYNTHETIC
3412.01,SKL0076,Customer Service,RELEVANT,4,SYNTHETIC_DEMO_MAPPING,SYNTHETIC
3412.01,SKL0066,Medical Equipment Maintenance,RELEVANT,2,SYNTHETIC_DEMO_MAPPING,SYNTHETIC
3412.01,SKL0096,Digital Literacy,RELEVANT,3,SYNTHETIC_DEMO_MAPPING,SYNTHETIC
3412.02,SKL0092,Communication,RELEVANT,3,SYNTHETIC_DEMO_MAPPING,SYNTHETIC
3412.02,SKL0093,Problem Solving,RELEVANT,2,SYNTHETIC_DEMO_MAPPING,SYNTHETIC
3412.02,SKL0096,Digital Literacy,RELEVANT,1,SYNTHETIC_DEMO_MAPPING,SYNTHETIC
3412.99,SKL0094,Microsoft Excel,RELEVANT,3,SYNTHETIC_DEMO_MAPPING,SYNTHETIC
3412.99,SKL0095,Workplace Safety,RELEVANT,3,SYNTHETIC_DEMO_MAPPING,SYNTHETIC
3412.99,SKL0098,English Communication,RELEVANT,4,SYNTHETIC_DEMO_MAPPING,SYNTHETIC
3412.99,SKL0096,Digital Literacy,RELEVANT,2,SYNTHETIC_DEMO_MAPPING,SYNTHETIC
3421.01,SKL0092,Communication,RELEVANT,2,SYNTHETIC_DEMO_MAPPING,SYNTHETIC
3421.01,SKL0097,Team Management,RELEVANT,2,SYNTHETIC_DEMO_MAPPING,SYNTHETIC
3421.02,SKL0098,English Communication,RELEVANT,2,SYNTHETIC_DEMO_MAPPING,SYNTHETIC
3421.02,SKL0092,Communication,RELEVANT,1,SYNTHETIC_DEMO_MAPPING,SYNTHETIC
3421.02,SKL0094,Microsoft Excel,RELEVANT,3,SYNTHETIC_DEMO_MAPPING,SYNTHETIC
3421.02,SKL0095,Workplace Safety,RELEVANT,3,SYNTHETIC_DEMO_MAPPING,SYNTHETIC
3421.02,SKL0097,Team Management,RELEVANT,2,SYNTHETIC_DEMO_MAPPING,SYNTHETIC
3422.01,SKL0062,Medical Coding,RELEVANT,1,SYNTHETIC_DEMO_MAPPING,SYNTHETIC
3422.01,SKL0041,AutoCAD,RELEVANT,3,SYNTHETIC_DEMO_MAPPING,SYNTHETIC
3422.01,SKL0094,Microsoft Excel,RELEVANT,2,SYNTHETIC_DEMO_MAPPING,SYNTHETIC
3422.01,SKL0057,Civil Drafting,RELEVANT,2,SYNTHETIC_DEMO_MAPPING,SYNTHETIC
3422.01,SKL0095,Workplace Safety,RELEVANT,2,SYNTHETIC_DEMO_MAPPING,SYNTHETIC
3422.0201,SKL0092,Communication,RELEVANT,4,SYNTHETIC_DEMO_MAPPING,SYNTHETIC
3422.0201,SKL0093,Problem Solving,RELEVANT,2,SYNTHETIC_DEMO_MAPPING,SYNTHETIC
3422.0201,SKL0097,Team Management,RELEVANT,3,SYNTHETIC_DEMO_MAPPING,SYNTHETIC
3422.0201,SKL0095,Workplace Safety,RELEVANT,1,SYNTHETIC_DEMO_MAPPING,SYNTHETIC
3422.03,SKL0096,Digital Literacy,RELEVANT,4,SYNTHETIC_DEMO_MAPPING,SYNTHETIC
3422.03,SKL0095,Workplace Safety,RELEVANT,3,SYNTHETIC_DEMO_MAPPING,SYNTHETIC
3422.03,SKL0092,Communication,RELEVANT,2,SYNTHETIC_DEMO_MAPPING,SYNTHETIC
3422.04,SKL0092,Communication,RELEVANT,4,SYNTHETIC_DEMO_MAPPING,SYNTHETIC
3422.04,SKL0093,Problem Solving,RELEVANT,3,SYNTHETIC_DEMO_MAPPING,SYNTHETIC
3422.05,SKL0095,Workplace Safety,RELEVANT,2,SYNTHETIC_DEMO_MAPPING,SYNTHETIC
3422.05,SKL0094,Microsoft Excel,RELEVANT,3,SYNTHETIC_DEMO_MAPPING,SYNTHETIC
3422.05,SKL0075,Sales,RELEVANT,2,SYNTHETIC_DEMO_MAPPING,SYNTHETIC
3422.05,SKL0097,Team Management,RELEVANT,2,SYNTHETIC_DEMO_MAPPING,SYNTHETIC
3422.99,SKL0095,Workplace Safety,RELEVANT,4,SYNTHETIC_DEMO_MAPPING,SYNTHETIC
3422.99,SKL0098,English Communication,RELEVANT,3,SYNTHETIC_DEMO_MAPPING,SYNTHETIC
3422.99,SKL0097,Team Management,RELEVANT,4,SYNTHETIC_DEMO_MAPPING,SYNTHETIC
3422.99,SKL0094,Microsoft Excel,RELEVANT,2,SYNTHETIC_DEMO_MAPPING,SYNTHETIC
3422.99,SKL0096,Digital Literacy,RELEVANT,3,SYNTHETIC_DEMO_MAPPING,SYNTHETIC
3423.0101,SKL0096,Digital Literacy,RELEVANT,4,SYNTHETIC_DEMO_MAPPING,SYNTHETIC
3423.0101,SKL0064,Pharmacy Operations,RELEVANT,1,SYNTHETIC_DEMO_MAPPING,SYNTHETIC
3423.0101,SKL0097,Team Management,RELEVANT,1,SYNTHETIC_DEMO_MAPPING,SYNTHETIC
3423.0101,SKL0093,Problem Solving,RELEVANT,4,SYNTHETIC_DEMO_MAPPING,SYNTHETIC
3423.02,SKL0061,Patient Care,RELEVANT,1,SYNTHETIC_DEMO_MAPPING,SYNTHETIC
3423.02,SKL0093,Problem Solving,RELEVANT,4,SYNTHETIC_DEMO_MAPPING,SYNTHETIC
3423.0501,SKL0098,English Communication,RELEVANT,2,SYNTHETIC_DEMO_MAPPING,SYNTHETIC
3423.0501,SKL0093,Problem Solving,RELEVANT,2,SYNTHETIC_DEMO_MAPPING,SYNTHETIC
3423.0501,SKL0092,Communication,RELEVANT,3,SYNTHETIC_DEMO_MAPPING,SYNTHETIC
3423.0501,SKL0095,Workplace Safety,RELEVANT,3,SYNTHETIC_DEMO_MAPPING,SYNTHETIC
3423.0501,SKL0096,Digital Literacy,RELEVANT,2,SYNTHETIC_DEMO_MAPPING,SYNTHETIC
3423.99,SKL0093,Problem Solving,RELEVANT,1,SYNTHETIC_DEMO_MAPPING,SYNTHETIC
3423.99,SKL0094,Microsoft Excel,RELEVANT,2,SYNTHETIC_DEMO_MAPPING,SYNTHETIC
3423.99,SKL0092,Communication,RELEVANT,2,SYNTHETIC_DEMO_MAPPING,SYNTHETIC
3431.01,SKL0033,Machine Maintenance,RELEVANT,3,SYNTHETIC_DEMO_MAPPING,SYNTHETIC
3431.01,SKL0054,Quantity Surveying,RELEVANT,2,SYNTHETIC_DEMO_MAPPING,SYNTHETIC
3431.01,SKL0093,Problem Solving,RELEVANT,3,SYNTHETIC_DEMO_MAPPING,SYNTHETIC
3431.01,SKL0097,Team Management,RELEVANT,3,SYNTHETIC_DEMO_MAPPING,SYNTHETIC
3431.02,SKL0098,English Communication,RELEVANT,3,SYNTHETIC_DEMO_MAPPING,SYNTHETIC
3431.02,SKL0092,Communication,RELEVANT,1,SYNTHETIC_DEMO_MAPPING,SYNTHETIC
3431.03,SKL0096,Digital Literacy,RELEVANT,1,SYNTHETIC_DEMO_MAPPING,SYNTHETIC
3431.03,SKL0009,PostgreSQL,RELEVANT,1,SYNTHETIC_DEMO_MAPPING,SYNTHETIC
3431.99,SKL0098,English Communication,RELEVANT,1,SYNTHETIC_DEMO_MAPPING,SYNTHETIC
3431.99,SKL0097,Team Management,RELEVANT,4,SYNTHETIC_DEMO_MAPPING,SYNTHETIC
3432.01,SKL0054,Quantity Surveying,RELEVANT,1,SYNTHETIC_DEMO_MAPPING,SYNTHETIC
3432.01,SKL0040,Mechanical Assembly,RELEVANT,3,SYNTHETIC_DEMO_MAPPING,SYNTHETIC
3432.02,SKL0097,Team Management,RELEVANT,2,SYNTHETIC_DEMO_MAPPING,SYNTHETIC
3432.02,SKL0092,Communication,RELEVANT,1,SYNTHETIC_DEMO_MAPPING,SYNTHETIC
3432.0501,SKL0093,Problem Solving,RELEVANT,2,SYNTHETIC_DEMO_MAPPING,SYNTHETIC
3432.0501,SKL0097,Team Management,RELEVANT,1,SYNTHETIC_DEMO_MAPPING,SYNTHETIC
3432.0501,SKL0098,English Communication,RELEVANT,4,SYNTHETIC_DEMO_MAPPING,SYNTHETIC
3432.0501,SKL0092,Communication,RELEVANT,4,SYNTHETIC_DEMO_MAPPING,SYNTHETIC
3432.99,SKL0077,Supply Chain,RELEVANT,3,SYNTHETIC_DEMO_MAPPING,SYNTHETIC
3432.99,SKL0095,Workplace Safety,RELEVANT,2,SYNTHETIC_DEMO_MAPPING,SYNTHETIC
3432.99,SKL0071,Financial Analysis,RELEVANT,1,SYNTHETIC_DEMO_MAPPING,SYNTHETIC
3432.99,SKL0092,Communication,RELEVANT,3,SYNTHETIC_DEMO_MAPPING,SYNTHETIC
3432.99,SKL0094,Microsoft Excel,RELEVANT,3,SYNTHETIC_DEMO_MAPPING,SYNTHETIC
3434.01,SKL0071,Financial Analysis,RELEVANT,3,SYNTHETIC_DEMO_MAPPING,SYNTHETIC
3434.01,SKL0070,GST,RELEVANT,2,SYNTHETIC_DEMO_MAPPING,SYNTHETIC
3434.01,SKL0076,Customer Service,RELEVANT,3,SYNTHETIC_DEMO_MAPPING,SYNTHETIC
3434.01,SKL0098,English Communication,RELEVANT,4,SYNTHETIC_DEMO_MAPPING,SYNTHETIC
3435.01,SKL0030,AutoCAD Electrical,RELEVANT,3,SYNTHETIC_DEMO_MAPPING,SYNTHETIC
3435.01,SKL0038,CNC Turning,RELEVANT,1,SYNTHETIC_DEMO_MAPPING,SYNTHETIC
3435.01,SKL0035,Quality Control,RELEVANT,4,SYNTHETIC_DEMO_MAPPING,SYNTHETIC
3435.01,SKL0095,Workplace Safety,RELEVANT,3,SYNTHETIC_DEMO_MAPPING,SYNTHETIC
3435.02,SKL0098,English Communication,RELEVANT,3,SYNTHETIC_DEMO_MAPPING,SYNTHETIC
3435.02,SKL0033,Machine Maintenance,RELEVANT,3,SYNTHETIC_DEMO_MAPPING,SYNTHETIC
3435.02,SKL0042,SolidWorks,RELEVANT,3,SYNTHETIC_DEMO_MAPPING,SYNTHETIC
3435.03,SKL0038,CNC Turning,RELEVANT,4,SYNTHETIC_DEMO_MAPPING,SYNTHETIC
3435.03,SKL0095,Workplace Safety,RELEVANT,3,SYNTHETIC_DEMO_MAPPING,SYNTHETIC
3435.03,SKL0098,English Communication,RELEVANT,2,SYNTHETIC_DEMO_MAPPING,SYNTHETIC
3435.03,SKL0039,CNC Milling,RELEVANT,2,SYNTHETIC_DEMO_MAPPING,SYNTHETIC
3435.03,SKL0031,CNC Programming,RELEVANT,2,SYNTHETIC_DEMO_MAPPING,SYNTHETIC
3435.04,SKL0095,Workplace Safety,RELEVANT,4,SYNTHETIC_DEMO_MAPPING,SYNTHETIC
3435.04,SKL0096,Digital Literacy,RELEVANT,3,SYNTHETIC_DEMO_MAPPING,SYNTHETIC
3435.04,SKL0045,Battery Management Systems,RELEVANT,4,SYNTHETIC_DEMO_MAPPING,SYNTHETIC
3435.05,SKL0044,EV Systems,RELEVANT,1,SYNTHETIC_DEMO_MAPPING,SYNTHETIC
3435.05,SKL0048,Auto Electrical,RELEVANT,3,SYNTHETIC_DEMO_MAPPING,SYNTHETIC
3435.99,SKL0098,English Communication,RELEVANT,4,SYNTHETIC_DEMO_MAPPING,SYNTHETIC
3435.99,SKL0096,Digital Literacy,RELEVANT,3,SYNTHETIC_DEMO_MAPPING,SYNTHETIC
3435.99,SKL0097,Team Management,RELEVANT,1,SYNTHETIC_DEMO_MAPPING,SYNTHETIC
3511.0101,SKL0014,Azure,RELEVANT,3,SYNTHETIC_DEMO_MAPPING,SYNTHETIC
3511.0101,SKL0004,TypeScript,RELEVANT,3,SYNTHETIC_DEMO_MAPPING,SYNTHETIC
3511.0101,SKL0019,UI/UX Design,RELEVANT,3,SYNTHETIC_DEMO_MAPPING,SYNTHETIC
3511.0101,SKL0006,Next.js,RELEVANT,4,SYNTHETIC_DEMO_MAPPING,SYNTHETIC
3512.01,SKL0097,Team Management,RELEVANT,4,SYNTHETIC_DEMO_MAPPING,SYNTHETIC
3512.01,SKL0075,Sales,RELEVANT,3,SYNTHETIC_DEMO_MAPPING,SYNTHETIC
3512.01,SKL0069,Tally,RELEVANT,2,SYNTHETIC_DEMO_MAPPING,SYNTHETIC
3512.0101,SKL0015,Power BI,RELEVANT,4,SYNTHETIC_DEMO_MAPPING,SYNTHETIC
3512.0101,SKL0097,Team Management,RELEVANT,3,SYNTHETIC_DEMO_MAPPING,SYNTHETIC
3512.0101,SKL0094,Microsoft Excel,RELEVANT,4,SYNTHETIC_DEMO_MAPPING,SYNTHETIC
3512.02,SKL0019,UI/UX Design,RELEVANT,2,SYNTHETIC_DEMO_MAPPING,SYNTHETIC
3512.02,SKL0013,AWS,RELEVANT,3,SYNTHETIC_DEMO_MAPPING,SYNTHETIC
3512.02,SKL0003,JavaScript,RELEVANT,3,SYNTHETIC_DEMO_MAPPING,SYNTHETIC
3512.02,SKL0007,Node.js,RELEVANT,4,SYNTHETIC_DEMO_MAPPING,SYNTHETIC
3512.02,SKL0014,Azure,RELEVANT,3,SYNTHETIC_DEMO_MAPPING,SYNTHETIC
3512.0202,SKL0094,Microsoft Excel,RELEVANT,3,SYNTHETIC_DEMO_MAPPING,SYNTHETIC
3512.0202,SKL0097,Team Management,RELEVANT,3,SYNTHETIC_DEMO_MAPPING,SYNTHETIC
3512.0202,SKL0095,Workplace Safety,RELEVANT,4,SYNTHETIC_DEMO_MAPPING,SYNTHETIC
3512.0202,SKL0096,Digital Literacy,RELEVANT,3,SYNTHETIC_DEMO_MAPPING,SYNTHETIC
3512.0202,SKL0098,English Communication,RELEVANT,3,SYNTHETIC_DEMO_MAPPING,SYNTHETIC
3512.0401,SKL0031,CNC Programming,RELEVANT,4,SYNTHETIC_DEMO_MAPPING,SYNTHETIC
3512.0401,SKL0093,Problem Solving,RELEVANT,1,SYNTHETIC_DEMO_MAPPING,SYNTHETIC
3512.0501,SKL0094,Microsoft Excel,RELEVANT,4,SYNTHETIC_DEMO_MAPPING,SYNTHETIC
3512.0501,SKL0097,Team Management,RELEVANT,4,SYNTHETIC_DEMO_MAPPING,SYNTHETIC
3512.0501,SKL0095,Workplace Safety,RELEVANT,1,SYNTHETIC_DEMO_MAPPING,SYNTHETIC
3512.0601,SKL0004,TypeScript,RELEVANT,3,SYNTHETIC_DEMO_MAPPING,SYNTHETIC
3512.0601,SKL0014,Azure,RELEVANT,4,SYNTHETIC_DEMO_MAPPING,SYNTHETIC
3512.0601,SKL0061,Patient Care,RELEVANT,1,SYNTHETIC_DEMO_MAPPING,SYNTHETIC
3512.0601,SKL0009,PostgreSQL,RELEVANT,1,SYNTHETIC_DEMO_MAPPING,SYNTHETIC
3512.0601,SKL0016,Data Analysis,RELEVANT,4,SYNTHETIC_DEMO_MAPPING,SYNTHETIC
3512.07,SKL0040,Mechanical Assembly,RELEVANT,3,SYNTHETIC_DEMO_MAPPING,SYNTHETIC
3512.07,SKL0064,Pharmacy Operations,RELEVANT,2,SYNTHETIC_DEMO_MAPPING,SYNTHETIC
3512.07,SKL0014,Azure,RELEVANT,1,SYNTHETIC_DEMO_MAPPING,SYNTHETIC
3512.07,SKL0033,Machine Maintenance,RELEVANT,3,SYNTHETIC_DEMO_MAPPING,SYNTHETIC
3512.07,SKL0061,Patient Care,RELEVANT,1,SYNTHETIC_DEMO_MAPPING,SYNTHETIC
3512.0702,SKL0095,Workplace Safety,RELEVANT,2,SYNTHETIC_DEMO_MAPPING,SYNTHETIC
3512.0702,SKL0097,Team Management,RELEVANT,2,SYNTHETIC_DEMO_MAPPING,SYNTHETIC
3512.0801,SKL0037,Production Planning,RELEVANT,4,SYNTHETIC_DEMO_MAPPING,SYNTHETIC
3512.0801,SKL0098,English Communication,RELEVANT,1,SYNTHETIC_DEMO_MAPPING,SYNTHETIC
3512.0801,SKL0096,Digital Literacy,RELEVANT,3,SYNTHETIC_DEMO_MAPPING,SYNTHETIC
3512.0801,SKL0039,CNC Milling,RELEVANT,2,SYNTHETIC_DEMO_MAPPING,SYNTHETIC
3512.0801,SKL0095,Workplace Safety,RELEVANT,3,SYNTHETIC_DEMO_MAPPING,SYNTHETIC
3512.99,SKL0021,PLC,RELEVANT,1,SYNTHETIC_DEMO_MAPPING,SYNTHETIC
3512.99,SKL0094,Microsoft Excel,RELEVANT,1,SYNTHETIC_DEMO_MAPPING,SYNTHETIC
3512.99,SKL0097,Team Management,RELEVANT,4,SYNTHETIC_DEMO_MAPPING,SYNTHETIC
3513.01,SKL0098,English Communication,RELEVANT,4,SYNTHETIC_DEMO_MAPPING,SYNTHETIC
3513.01,SKL0010,REST APIs,RELEVANT,4,SYNTHETIC_DEMO_MAPPING,SYNTHETIC
3513.01,SKL0019,UI/UX Design,RELEVANT,1,SYNTHETIC_DEMO_MAPPING,SYNTHETIC
3513.02,SKL0003,JavaScript,RELEVANT,2,SYNTHETIC_DEMO_MAPPING,SYNTHETIC
3513.02,SKL0009,PostgreSQL,RELEVANT,4,SYNTHETIC_DEMO_MAPPING,SYNTHETIC
3513.0301,SKL0036,Lean Manufacturing,RELEVANT,1,SYNTHETIC_DEMO_MAPPING,SYNTHETIC
3513.0301,SKL0008,SQL,RELEVANT,3,SYNTHETIC_DEMO_MAPPING,SYNTHETIC
3513.0301,SKL0014,Azure,RELEVANT,1,SYNTHETIC_DEMO_MAPPING,SYNTHETIC
3513.0301,SKL0041,AutoCAD,RELEVANT,2,SYNTHETIC_DEMO_MAPPING,SYNTHETIC
3513.99,SKL0013,AWS,RELEVANT,2,SYNTHETIC_DEMO_MAPPING,SYNTHETIC
3513.99,SKL0004,TypeScript,RELEVANT,2,SYNTHETIC_DEMO_MAPPING,SYNTHETIC
3513.99,SKL0001,Python,RELEVANT,3,SYNTHETIC_DEMO_MAPPING,SYNTHETIC
3513.99,SKL0007,Node.js,RELEVANT,2,SYNTHETIC_DEMO_MAPPING,SYNTHETIC
3514.03,SKL0093,Problem Solving,RELEVANT,2,SYNTHETIC_DEMO_MAPPING,SYNTHETIC
3514.03,SKL0005,React,RELEVANT,2,SYNTHETIC_DEMO_MAPPING,SYNTHETIC
3514.03,SKL0016,Data Analysis,RELEVANT,1,SYNTHETIC_DEMO_MAPPING,SYNTHETIC
3521.01,SKL0049,Electric Motor Systems,RELEVANT,4,SYNTHETIC_DEMO_MAPPING,SYNTHETIC
3521.01,SKL0048,Auto Electrical,RELEVANT,1,SYNTHETIC_DEMO_MAPPING,SYNTHETIC
3521.01,SKL0034,Welding,RELEVANT,1,SYNTHETIC_DEMO_MAPPING,SYNTHETIC
3521.01,SKL0044,EV Systems,RELEVANT,4,SYNTHETIC_DEMO_MAPPING,SYNTHETIC
3521.02,SKL0092,Communication,RELEVANT,2,SYNTHETIC_DEMO_MAPPING,SYNTHETIC
3521.02,SKL0037,Production Planning,RELEVANT,2,SYNTHETIC_DEMO_MAPPING,SYNTHETIC
3521.02,SKL0044,EV Systems,RELEVANT,4,SYNTHETIC_DEMO_MAPPING,SYNTHETIC
3521.03,SKL0027,Sensors,RELEVANT,1,SYNTHETIC_DEMO_MAPPING,SYNTHETIC
3521.03,SKL0098,English Communication,RELEVANT,2,SYNTHETIC_DEMO_MAPPING,SYNTHETIC
3521.03,SKL0092,Communication,RELEVANT,4,SYNTHETIC_DEMO_MAPPING,SYNTHETIC
3521.03,SKL0093,Problem Solving,RELEVANT,2,SYNTHETIC_DEMO_MAPPING,SYNTHETIC
3521.03,SKL0021,PLC,RELEVANT,3,SYNTHETIC_DEMO_MAPPING,SYNTHETIC
3521.0401,SKL0095,Workplace Safety,RELEVANT,1,SYNTHETIC_DEMO_MAPPING,SYNTHETIC
3521.0401,SKL0048,Auto Electrical,RELEVANT,2,SYNTHETIC_DEMO_MAPPING,SYNTHETIC
3521.0401,SKL0094,Microsoft Excel,RELEVANT,2,SYNTHETIC_DEMO_MAPPING,SYNTHETIC
3521.0501,SKL0034,Welding,RELEVANT,2,SYNTHETIC_DEMO_MAPPING,SYNTHETIC
3521.0501,SKL0035,Quality Control,RELEVANT,1,SYNTHETIC_DEMO_MAPPING,SYNTHETIC
3521.0501,SKL0094,Microsoft Excel,RELEVANT,4,SYNTHETIC_DEMO_MAPPING,SYNTHETIC
3521.0511,SKL0031,CNC Programming,RELEVANT,4,SYNTHETIC_DEMO_MAPPING,SYNTHETIC
3521.0511,SKL0098,English Communication,RELEVANT,3,SYNTHETIC_DEMO_MAPPING,SYNTHETIC
3521.0511,SKL0039,CNC Milling,RELEVANT,3,SYNTHETIC_DEMO_MAPPING,SYNTHETIC
3521.0511,SKL0093,Problem Solving,RELEVANT,4,SYNTHETIC_DEMO_MAPPING,SYNTHETIC
3521.0511,SKL0035,Quality Control,RELEVANT,2,SYNTHETIC_DEMO_MAPPING,SYNTHETIC
3521.06,SKL0095,Workplace Safety,RELEVANT,4,SYNTHETIC_DEMO_MAPPING,SYNTHETIC
3521.06,SKL0032,CNC Operation,RELEVANT,2,SYNTHETIC_DEMO_MAPPING,SYNTHETIC
3521.06,SKL0042,SolidWorks,RELEVANT,4,SYNTHETIC_DEMO_MAPPING,SYNTHETIC
3521.06,SKL0098,English Communication,RELEVANT,2,SYNTHETIC_DEMO_MAPPING,SYNTHETIC
3521.07,SKL0048,Auto Electrical,RELEVANT,2,SYNTHETIC_DEMO_MAPPING,SYNTHETIC
3521.07,SKL0095,Workplace Safety,RELEVANT,1,SYNTHETIC_DEMO_MAPPING,SYNTHETIC
3521.08,SKL0049,Electric Motor Systems,RELEVANT,3,SYNTHETIC_DEMO_MAPPING,SYNTHETIC
3521.08,SKL0081,Irrigation Management,RELEVANT,1,SYNTHETIC_DEMO_MAPPING,SYNTHETIC
3521.09,SKL0098,English Communication,RELEVANT,3,SYNTHETIC_DEMO_MAPPING,SYNTHETIC
3521.09,SKL0038,CNC Turning,RELEVANT,3,SYNTHETIC_DEMO_MAPPING,SYNTHETIC
3521.09,SKL0050,Automotive CAD,RELEVANT,4,SYNTHETIC_DEMO_MAPPING,SYNTHETIC
3521.09,SKL0035,Quality Control,RELEVANT,2,SYNTHETIC_DEMO_MAPPING,SYNTHETIC
3521.1,SKL0046,EV Battery Maintenance,RELEVANT,4,SYNTHETIC_DEMO_MAPPING,SYNTHETIC
3521.1,SKL0080,Precision Agriculture,RELEVANT,2,SYNTHETIC_DEMO_MAPPING,SYNTHETIC
3521.11,SKL0092,Communication,RELEVANT,1,SYNTHETIC_DEMO_MAPPING,SYNTHETIC
3521.11,SKL0045,Battery Management Systems,RELEVANT,3,SYNTHETIC_DEMO_MAPPING,SYNTHETIC
3521.11,SKL0052,Two-Wheeler Service,RELEVANT,2,SYNTHETIC_DEMO_MAPPING,SYNTHETIC
3521.12,SKL0092,Communication,RELEVANT,4,SYNTHETIC_DEMO_MAPPING,SYNTHETIC
3521.12,SKL0098,English Communication,RELEVANT,4,SYNTHETIC_DEMO_MAPPING,SYNTHETIC
3521.12,SKL0093,Problem Solving,RELEVANT,1,SYNTHETIC_DEMO_MAPPING,SYNTHETIC
3521.12,SKL0096,Digital Literacy,RELEVANT,1,SYNTHETIC_DEMO_MAPPING,SYNTHETIC
3521.13,SKL0098,English Communication,RELEVANT,2,SYNTHETIC_DEMO_MAPPING,SYNTHETIC
3521.13,SKL0092,Communication,RELEVANT,4,SYNTHETIC_DEMO_MAPPING,SYNTHETIC
3521.13,SKL0097,Team Management,RELEVANT,3,SYNTHETIC_DEMO_MAPPING,SYNTHETIC
3521.14,SKL0044,EV Systems,RELEVANT,3,SYNTHETIC_DEMO_MAPPING,SYNTHETIC
3521.14,SKL0045,Battery Management Systems,RELEVANT,1,SYNTHETIC_DEMO_MAPPING,SYNTHETIC
3521.15,SKL0045,Battery Management Systems,RELEVANT,4,SYNTHETIC_DEMO_MAPPING,SYNTHETIC
3521.15,SKL0050,Automotive CAD,RELEVANT,2,SYNTHETIC_DEMO_MAPPING,SYNTHETIC
3521.15,SKL0098,English Communication,RELEVANT,3,SYNTHETIC_DEMO_MAPPING,SYNTHETIC
3521.15,SKL0097,Team Management,RELEVANT,3,SYNTHETIC_DEMO_MAPPING,SYNTHETIC
3521.16,SKL0030,AutoCAD Electrical,RELEVANT,3,SYNTHETIC_DEMO_MAPPING,SYNTHETIC
3521.16,SKL0097,Team Management,RELEVANT,2,SYNTHETIC_DEMO_MAPPING,SYNTHETIC
3521.16,SKL0085,Warehouse Management,RELEVANT,2,SYNTHETIC_DEMO_MAPPING,SYNTHETIC
3521.17,SKL0095,Workplace Safety,RELEVANT,3,SYNTHETIC_DEMO_MAPPING,SYNTHETIC
3521.17,SKL0094,Microsoft Excel,RELEVANT,2,SYNTHETIC_DEMO_MAPPING,SYNTHETIC
3521.17,SKL0098,English Communication,RELEVANT,3,SYNTHETIC_DEMO_MAPPING,SYNTHETIC
3521.17,SKL0096,Digital Literacy,RELEVANT,2,SYNTHETIC_DEMO_MAPPING,SYNTHETIC
3521.2,SKL0093,Problem Solving,RELEVANT,2,SYNTHETIC_DEMO_MAPPING,SYNTHETIC
3521.2,SKL0096,Digital Literacy,RELEVANT,4,SYNTHETIC_DEMO_MAPPING,SYNTHETIC
3521.2,SKL0098,English Communication,RELEVANT,1,SYNTHETIC_DEMO_MAPPING,SYNTHETIC
3521.2,SKL0094,Microsoft Excel,RELEVANT,4,SYNTHETIC_DEMO_MAPPING,SYNTHETIC
3521.2,SKL0097,Team Management,RELEVANT,2,SYNTHETIC_DEMO_MAPPING,SYNTHETIC
3521.21,SKL0091,Route Planning,RELEVANT,2,SYNTHETIC_DEMO_MAPPING,SYNTHETIC
3521.21,SKL0093,Problem Solving,RELEVANT,4,SYNTHETIC_DEMO_MAPPING,SYNTHETIC
3521.21,SKL0086,Inventory Management,RELEVANT,4,SYNTHETIC_DEMO_MAPPING,SYNTHETIC
3521.21,SKL0033,Machine Maintenance,RELEVANT,4,SYNTHETIC_DEMO_MAPPING,SYNTHETIC
3521.21,SKL0044,EV Systems,RELEVANT,3,SYNTHETIC_DEMO_MAPPING,SYNTHETIC
3521.99,SKL0096,Digital Literacy,RELEVANT,3,SYNTHETIC_DEMO_MAPPING,SYNTHETIC
3521.99,SKL0094,Microsoft Excel,RELEVANT,3,SYNTHETIC_DEMO_MAPPING,SYNTHETIC
3521.99,SKL0030,AutoCAD Electrical,RELEVANT,1,SYNTHETIC_DEMO_MAPPING,SYNTHETIC
3521.99,SKL0097,Team Management,RELEVANT,1,SYNTHETIC_DEMO_MAPPING,SYNTHETIC
3522.01,SKL0025,Industrial Automation,RELEVANT,3,SYNTHETIC_DEMO_MAPPING,SYNTHETIC
3522.01,SKL0029,Control Systems,RELEVANT,3,SYNTHETIC_DEMO_MAPPING,SYNTHETIC
3522.02,SKL0094,Microsoft Excel,RELEVANT,2,SYNTHETIC_DEMO_MAPPING,SYNTHETIC
3522.02,SKL0097,Team Management,RELEVANT,4,SYNTHETIC_DEMO_MAPPING,SYNTHETIC
3522.02,SKL0096,Digital Literacy,RELEVANT,4,SYNTHETIC_DEMO_MAPPING,SYNTHETIC
3522.02,SKL0095,Workplace Safety,RELEVANT,2,SYNTHETIC_DEMO_MAPPING,SYNTHETIC
3522.02,SKL0092,Communication,RELEVANT,3,SYNTHETIC_DEMO_MAPPING,SYNTHETIC
3522.03,SKL0024,PCB Design,RELEVANT,1,SYNTHETIC_DEMO_MAPPING,SYNTHETIC
3522.03,SKL0028,Electrical Testing,RELEVANT,1,SYNTHETIC_DEMO_MAPPING,SYNTHETIC
3522.03,SKL0094,Microsoft Excel,RELEVANT,4,SYNTHETIC_DEMO_MAPPING,SYNTHETIC
3522.04,SKL0023,Embedded Systems,RELEVANT,1,SYNTHETIC_DEMO_MAPPING,SYNTHETIC
3522.04,SKL0025,Industrial Automation,RELEVANT,1,SYNTHETIC_DEMO_MAPPING,SYNTHETIC
3522.99,SKL0024,PCB Design,RELEVANT,2,SYNTHETIC_DEMO_MAPPING,SYNTHETIC
3522.99,SKL0023,Embedded Systems,RELEVANT,4,SYNTHETIC_DEMO_MAPPING,SYNTHETIC
3522.99,SKL0093,Problem Solving,RELEVANT,1,SYNTHETIC_DEMO_MAPPING,SYNTHETIC
4110.01,SKL0041,AutoCAD,RELEVANT,1,SYNTHETIC_DEMO_MAPPING,SYNTHETIC
4110.01,SKL0073,Business Analysis,RELEVANT,4,SYNTHETIC_DEMO_MAPPING,SYNTHETIC
4110.01,SKL0006,Next.js,RELEVANT,2,SYNTHETIC_DEMO_MAPPING,SYNTHETIC
4110.01,SKL0004,TypeScript,RELEVANT,3,SYNTHETIC_DEMO_MAPPING,SYNTHETIC
4110.02,SKL0097,Team Management,RELEVANT,2,SYNTHETIC_DEMO_MAPPING,SYNTHETIC
4110.02,SKL0095,Workplace Safety,RELEVANT,2,SYNTHETIC_DEMO_MAPPING,SYNTHETIC
4110.02,SKL0096,Digital Literacy,RELEVANT,4,SYNTHETIC_DEMO_MAPPING,SYNTHETIC
4110.02,SKL0098,English Communication,RELEVANT,3,SYNTHETIC_DEMO_MAPPING,SYNTHETIC
4110.02,SKL0092,Communication,RELEVANT,1,SYNTHETIC_DEMO_MAPPING,SYNTHETIC
4110.03,SKL0094,Microsoft Excel,RELEVANT,3,SYNTHETIC_DEMO_MAPPING,SYNTHETIC
4110.03,SKL0095,Workplace Safety,RELEVANT,1,SYNTHETIC_DEMO_MAPPING,SYNTHETIC
4110.03,SKL0098,English Communication,RELEVANT,3,SYNTHETIC_DEMO_MAPPING,SYNTHETIC
4110.03,SKL0092,Communication,RELEVANT,1,SYNTHETIC_DEMO_MAPPING,SYNTHETIC
4110.03,SKL0096,Digital Literacy,RELEVANT,4,SYNTHETIC_DEMO_MAPPING,SYNTHETIC
4110.04,SKL0092,Communication,RELEVANT,2,SYNTHETIC_DEMO_MAPPING,SYNTHETIC
4110.04,SKL0096,Digital Literacy,RELEVANT,2,SYNTHETIC_DEMO_MAPPING,SYNTHETIC
4110.05,SKL0092,Communication,RELEVANT,2,SYNTHETIC_DEMO_MAPPING,SYNTHETIC
4110.05,SKL0037,Production Planning,RELEVANT,1,SYNTHETIC_DEMO_MAPPING,SYNTHETIC
4110.06,SKL0094,Microsoft Excel,RELEVANT,3,SYNTHETIC_DEMO_MAPPING,SYNTHETIC
4110.06,SKL0051,Service Operations,RELEVANT,2,SYNTHETIC_DEMO_MAPPING,SYNTHETIC
4110.06,SKL0095,Workplace Safety,RELEVANT,2,SYNTHETIC_DEMO_MAPPING,SYNTHETIC
4110.06,SKL0093,Problem Solving,RELEVANT,4,SYNTHETIC_DEMO_MAPPING,SYNTHETIC
4110.06,SKL0096,Digital Literacy,RELEVANT,1,SYNTHETIC_DEMO_MAPPING,SYNTHETIC
4120.01,SKL0092,Communication,RELEVANT,4,SYNTHETIC_DEMO_MAPPING,SYNTHETIC
4120.01,SKL0095,Workplace Safety,RELEVANT,2,SYNTHETIC_DEMO_MAPPING,SYNTHETIC
4120.01,SKL0094,Microsoft Excel,RELEVANT,2,SYNTHETIC_DEMO_MAPPING,SYNTHETIC
4120.02,SKL0010,REST APIs,RELEVANT,2,SYNTHETIC_DEMO_MAPPING,SYNTHETIC
4120.02,SKL0032,CNC Operation,RELEVANT,4,SYNTHETIC_DEMO_MAPPING,SYNTHETIC
4120.03,SKL0095,Workplace Safety,RELEVANT,3,SYNTHETIC_DEMO_MAPPING,SYNTHETIC
4120.03,SKL0098,English Communication,RELEVANT,3,SYNTHETIC_DEMO_MAPPING,SYNTHETIC
4120.03,SKL0097,Team Management,RELEVANT,4,SYNTHETIC_DEMO_MAPPING,SYNTHETIC
4120.03,SKL0093,Problem Solving,RELEVANT,3,SYNTHETIC_DEMO_MAPPING,SYNTHETIC
4120.99,SKL0092,Communication,RELEVANT,3,SYNTHETIC_DEMO_MAPPING,SYNTHETIC
4120.99,SKL0095,Workplace Safety,RELEVANT,1,SYNTHETIC_DEMO_MAPPING,SYNTHETIC
4120.99,SKL0096,Digital Literacy,RELEVANT,4,SYNTHETIC_DEMO_MAPPING,SYNTHETIC
4120.99,SKL0097,Team Management,RELEVANT,1,SYNTHETIC_DEMO_MAPPING,SYNTHETIC
4120.99,SKL0094,Microsoft Excel,RELEVANT,1,SYNTHETIC_DEMO_MAPPING,SYNTHETIC
4131.01,SKL0095,Workplace Safety,RELEVANT,2,SYNTHETIC_DEMO_MAPPING,SYNTHETIC
4131.01,SKL0097,Team Management,RELEVANT,1,SYNTHETIC_DEMO_MAPPING,SYNTHETIC
4131.01,SKL0036,Lean Manufacturing,RELEVANT,1,SYNTHETIC_DEMO_MAPPING,SYNTHETIC
4131.02,SKL0093,Problem Solving,RELEVANT,3,SYNTHETIC_DEMO_MAPPING,SYNTHETIC
4131.02,SKL0095,Workplace Safety,RELEVANT,2,SYNTHETIC_DEMO_MAPPING,SYNTHETIC
4131.02,SKL0097,Team Management,RELEVANT,2,SYNTHETIC_DEMO_MAPPING,SYNTHETIC
4131.04,SKL0094,Microsoft Excel,RELEVANT,3,SYNTHETIC_DEMO_MAPPING,SYNTHETIC
4131.04,SKL0092,Communication,RELEVANT,3,SYNTHETIC_DEMO_MAPPING,SYNTHETIC
4131.04,SKL0093,Problem Solving,RELEVANT,1,SYNTHETIC_DEMO_MAPPING,SYNTHETIC
4131.05,SKL0094,Microsoft Excel,RELEVANT,4,SYNTHETIC_DEMO_MAPPING,SYNTHETIC
4131.05,SKL0040,Mechanical Assembly,RELEVANT,4,SYNTHETIC_DEMO_MAPPING,SYNTHETIC
4131.05,SKL0037,Production Planning,RELEVANT,1,SYNTHETIC_DEMO_MAPPING,SYNTHETIC
4131.06,SKL0037,Production Planning,RELEVANT,2,SYNTHETIC_DEMO_MAPPING,SYNTHETIC
4131.06,SKL0039,CNC Milling,RELEVANT,1,SYNTHETIC_DEMO_MAPPING,SYNTHETIC
4131.06,SKL0015,Power BI,RELEVANT,3,SYNTHETIC_DEMO_MAPPING,SYNTHETIC
4131.06,SKL0002,Java,RELEVANT,2,SYNTHETIC_DEMO_MAPPING,SYNTHETIC
4131.06,SKL0042,SolidWorks,RELEVANT,2,SYNTHETIC_DEMO_MAPPING,SYNTHETIC
4131.99,SKL0094,Microsoft Excel,RELEVANT,3,SYNTHETIC_DEMO_MAPPING,SYNTHETIC
4131.99,SKL0097,Team Management,RELEVANT,1,SYNTHETIC_DEMO_MAPPING,SYNTHETIC
4132.0401,SKL0092,Communication,RELEVANT,3,SYNTHETIC_DEMO_MAPPING,SYNTHETIC
4132.0401,SKL0019,UI/UX Design,RELEVANT,4,SYNTHETIC_DEMO_MAPPING,SYNTHETIC
4132.0402,SKL0093,Problem Solving,RELEVANT,4,SYNTHETIC_DEMO_MAPPING,SYNTHETIC
4132.0402,SKL0092,Communication,RELEVANT,3,SYNTHETIC_DEMO_MAPPING,SYNTHETIC
4132.0402,SKL0011,Git,RELEVANT,4,SYNTHETIC_DEMO_MAPPING,SYNTHETIC
4132.0402,SKL0002,Java,RELEVANT,2,SYNTHETIC_DEMO_MAPPING,SYNTHETIC
4132.0402,SKL0095,Workplace Safety,RELEVANT,4,SYNTHETIC_DEMO_MAPPING,SYNTHETIC
4132.06,SKL0035,Quality Control,RELEVANT,2,SYNTHETIC_DEMO_MAPPING,SYNTHETIC
4132.06,SKL0097,Team Management,RELEVANT,4,SYNTHETIC_DEMO_MAPPING,SYNTHETIC
4132.06,SKL0092,Communication,RELEVANT,2,SYNTHETIC_DEMO_MAPPING,SYNTHETIC
4132.08,SKL0021,PLC,RELEVANT,3,SYNTHETIC_DEMO_MAPPING,SYNTHETIC
4132.08,SKL0096,Digital Literacy,RELEVANT,2,SYNTHETIC_DEMO_MAPPING,SYNTHETIC
4132.09,SKL0093,Problem Solving,RELEVANT,2,SYNTHETIC_DEMO_MAPPING,SYNTHETIC
4132.09,SKL0031,CNC Programming,RELEVANT,2,SYNTHETIC_DEMO_MAPPING,SYNTHETIC
4132.09,SKL0034,Welding,RELEVANT,1,SYNTHETIC_DEMO_MAPPING,SYNTHETIC
4132.09,SKL0032,CNC Operation,RELEVANT,4,SYNTHETIC_DEMO_MAPPING,SYNTHETIC
4132.09,SKL0042,SolidWorks,RELEVANT,2,SYNTHETIC_DEMO_MAPPING,SYNTHETIC
4132.1,SKL0025,Industrial Automation,RELEVANT,1,SYNTHETIC_DEMO_MAPPING,SYNTHETIC
4132.1,SKL0023,Embedded Systems,RELEVANT,4,SYNTHETIC_DEMO_MAPPING,SYNTHETIC
4132.1,SKL0096,Digital Literacy,RELEVANT,3,SYNTHETIC_DEMO_MAPPING,SYNTHETIC
4132.1,SKL0032,CNC Operation,RELEVANT,3,SYNTHETIC_DEMO_MAPPING,SYNTHETIC
4132.13,SKL0018,Cybersecurity,RELEVANT,1,SYNTHETIC_DEMO_MAPPING,SYNTHETIC
4132.13,SKL0006,Next.js,RELEVANT,1,SYNTHETIC_DEMO_MAPPING,SYNTHETIC
4132.13,SKL0073,Business Analysis,RELEVANT,2,SYNTHETIC_DEMO_MAPPING,SYNTHETIC
4132.14,SKL0093,Problem Solving,RELEVANT,2,SYNTHETIC_DEMO_MAPPING,SYNTHETIC
4132.14,SKL0070,GST,RELEVANT,1,SYNTHETIC_DEMO_MAPPING,SYNTHETIC
4132.99,SKL0001,Python,RELEVANT,1,SYNTHETIC_DEMO_MAPPING,SYNTHETIC
4132.99,SKL0016,Data Analysis,RELEVANT,1,SYNTHETIC_DEMO_MAPPING,SYNTHETIC
4132.99,SKL0039,CNC Milling,RELEVANT,4,SYNTHETIC_DEMO_MAPPING,SYNTHETIC
4132.99,SKL0092,Communication,RELEVANT,2,SYNTHETIC_DEMO_MAPPING,SYNTHETIC
4211.01,SKL0070,GST,RELEVANT,3,SYNTHETIC_DEMO_MAPPING,SYNTHETIC
4211.01,SKL0032,CNC Operation,RELEVANT,4,SYNTHETIC_DEMO_MAPPING,SYNTHETIC
4211.01,SKL0092,Communication,RELEVANT,4,SYNTHETIC_DEMO_MAPPING,SYNTHETIC
4211.01,SKL0033,Machine Maintenance,RELEVANT,2,SYNTHETIC_DEMO_MAPPING,SYNTHETIC
4211.02,SKL0035,Quality Control,RELEVANT,1,SYNTHETIC_DEMO_MAPPING,SYNTHETIC
4211.02,SKL0042,SolidWorks,RELEVANT,4,SYNTHETIC_DEMO_MAPPING,SYNTHETIC
4211.0301,SKL0069,Tally,RELEVANT,1,SYNTHETIC_DEMO_MAPPING,SYNTHETIC
4211.0301,SKL0051,Service Operations,RELEVANT,3,SYNTHETIC_DEMO_MAPPING,SYNTHETIC
4211.0301,SKL0075,Sales,RELEVANT,4,SYNTHETIC_DEMO_MAPPING,SYNTHETIC
4211.0301,SKL0052,Two-Wheeler Service,RELEVANT,4,SYNTHETIC_DEMO_MAPPING,SYNTHETIC
4211.0301,SKL0045,Battery Management Systems,RELEVANT,4,SYNTHETIC_DEMO_MAPPING,SYNTHETIC
4211.0302,SKL0096,Digital Literacy,RELEVANT,3,SYNTHETIC_DEMO_MAPPING,SYNTHETIC
4211.0302,SKL0073,Business Analysis,RELEVANT,2,SYNTHETIC_DEMO_MAPPING,SYNTHETIC
4211.0302,SKL0098,English Communication,RELEVANT,2,SYNTHETIC_DEMO_MAPPING,SYNTHETIC
4211.0302,SKL0075,Sales,RELEVANT,2,SYNTHETIC_DEMO_MAPPING,SYNTHETIC
4211.04,SKL0068,Accounting,RELEVANT,4,SYNTHETIC_DEMO_MAPPING,SYNTHETIC
4211.04,SKL0072,Excel,RELEVANT,2,SYNTHETIC_DEMO_MAPPING,SYNTHETIC
4211.04,SKL0098,English Communication,RELEVANT,3,SYNTHETIC_DEMO_MAPPING,SYNTHETIC
4211.04,SKL0075,Sales,RELEVANT,4,SYNTHETIC_DEMO_MAPPING,SYNTHETIC
4211.99,SKL0075,Sales,RELEVANT,3,SYNTHETIC_DEMO_MAPPING,SYNTHETIC
4211.99,SKL0071,Financial Analysis,RELEVANT,4,SYNTHETIC_DEMO_MAPPING,SYNTHETIC
4211.99,SKL0096,Digital Literacy,RELEVANT,3,SYNTHETIC_DEMO_MAPPING,SYNTHETIC
4211.99,SKL0049,Electric Motor Systems,RELEVANT,4,SYNTHETIC_DEMO_MAPPING,SYNTHETIC
4211.99,SKL0046,EV Battery Maintenance,RELEVANT,1,SYNTHETIC_DEMO_MAPPING,SYNTHETIC
4212.01,SKL0096,Digital Literacy,RELEVANT,4,SYNTHETIC_DEMO_MAPPING,SYNTHETIC
4212.01,SKL0092,Communication,RELEVANT,3,SYNTHETIC_DEMO_MAPPING,SYNTHETIC
4212.01,SKL0093,Problem Solving,RELEVANT,2,SYNTHETIC_DEMO_MAPPING,SYNTHETIC
4212.01,SKL0098,English Communication,RELEVANT,3,SYNTHETIC_DEMO_MAPPING,SYNTHETIC
4212.01,SKL0095,Workplace Safety,RELEVANT,3,SYNTHETIC_DEMO_MAPPING,SYNTHETIC
4212.02,SKL0070,GST,RELEVANT,1,SYNTHETIC_DEMO_MAPPING,SYNTHETIC
4212.02,SKL0075,Sales,RELEVANT,2,SYNTHETIC_DEMO_MAPPING,SYNTHETIC
4212.02,SKL0097,Team Management,RELEVANT,2,SYNTHETIC_DEMO_MAPPING,SYNTHETIC
4212.02,SKL0072,Excel,RELEVANT,4,SYNTHETIC_DEMO_MAPPING,SYNTHETIC
4212.99,SKL0093,Problem Solving,RELEVANT,4,SYNTHETIC_DEMO_MAPPING,SYNTHETIC
4212.99,SKL0096,Digital Literacy,RELEVANT,3,SYNTHETIC_DEMO_MAPPING,SYNTHETIC
4212.99,SKL0092,Communication,RELEVANT,1,SYNTHETIC_DEMO_MAPPING,SYNTHETIC
4212.99,SKL0095,Workplace Safety,RELEVANT,1,SYNTHETIC_DEMO_MAPPING,SYNTHETIC
4213.01,SKL0092,Communication,RELEVANT,1,SYNTHETIC_DEMO_MAPPING,SYNTHETIC
4213.01,SKL0097,Team Management,RELEVANT,3,SYNTHETIC_DEMO_MAPPING,SYNTHETIC
4213.01,SKL0093,Problem Solving,RELEVANT,4,SYNTHETIC_DEMO_MAPPING,SYNTHETIC
4213.01,SKL0096,Digital Literacy,RELEVANT,3,SYNTHETIC_DEMO_MAPPING,SYNTHETIC
4213.01,SKL0098,English Communication,RELEVANT,3,SYNTHETIC_DEMO_MAPPING,SYNTHETIC
4213.02,SKL0072,Excel,RELEVANT,3,SYNTHETIC_DEMO_MAPPING,SYNTHETIC
4213.02,SKL0071,Financial Analysis,RELEVANT,1,SYNTHETIC_DEMO_MAPPING,SYNTHETIC
4213.02,SKL0070,GST,RELEVANT,2,SYNTHETIC_DEMO_MAPPING,SYNTHETIC
4213.02,SKL0093,Problem Solving,RELEVANT,2,SYNTHETIC_DEMO_MAPPING,SYNTHETIC
4213.99,SKL0094,Microsoft Excel,RELEVANT,3,SYNTHETIC_DEMO_MAPPING,SYNTHETIC
4213.99,SKL0097,Team Management,RELEVANT,2,SYNTHETIC_DEMO_MAPPING,SYNTHETIC
4213.99,SKL0092,Communication,RELEVANT,4,SYNTHETIC_DEMO_MAPPING,SYNTHETIC
4213.99,SKL0095,Workplace Safety,RELEVANT,1,SYNTHETIC_DEMO_MAPPING,SYNTHETIC
4213.99,SKL0093,Problem Solving,RELEVANT,4,SYNTHETIC_DEMO_MAPPING,SYNTHETIC
4214.01,SKL0096,Digital Literacy,RELEVANT,2,SYNTHETIC_DEMO_MAPPING,SYNTHETIC
4214.01,SKL0098,English Communication,RELEVANT,4,SYNTHETIC_DEMO_MAPPING,SYNTHETIC
4214.01,SKL0093,Problem Solving,RELEVANT,2,SYNTHETIC_DEMO_MAPPING,SYNTHETIC
4214.01,SKL0095,Workplace Safety,RELEVANT,3,SYNTHETIC_DEMO_MAPPING,SYNTHETIC
4214.01,SKL0094,Microsoft Excel,RELEVANT,3,SYNTHETIC_DEMO_MAPPING,SYNTHETIC
4214.0201,SKL0093,Problem Solving,RELEVANT,4,SYNTHETIC_DEMO_MAPPING,SYNTHETIC
4214.0201,SKL0076,Customer Service,RELEVANT,2,SYNTHETIC_DEMO_MAPPING,SYNTHETIC
4214.0201,SKL0098,English Communication,RELEVANT,4,SYNTHETIC_DEMO_MAPPING,SYNTHETIC
4214.99,SKL0095,Workplace Safety,RELEVANT,4,SYNTHETIC_DEMO_MAPPING,SYNTHETIC
4214.99,SKL0094,Microsoft Excel,RELEVANT,4,SYNTHETIC_DEMO_MAPPING,SYNTHETIC
4214.99,SKL0098,English Communication,RELEVANT,4,SYNTHETIC_DEMO_MAPPING,SYNTHETIC
4214.99,SKL0092,Communication,RELEVANT,1,SYNTHETIC_DEMO_MAPPING,SYNTHETIC
4214.99,SKL0093,Problem Solving,RELEVANT,1,SYNTHETIC_DEMO_MAPPING,SYNTHETIC
4221.01,SKL0068,Accounting,RELEVANT,4,SYNTHETIC_DEMO_MAPPING,SYNTHETIC
4221.01,SKL0070,GST,RELEVANT,1,SYNTHETIC_DEMO_MAPPING,SYNTHETIC
4221.02,SKL0092,Communication,RELEVANT,4,SYNTHETIC_DEMO_MAPPING,SYNTHETIC
4221.02,SKL0046,EV Battery Maintenance,RELEVANT,1,SYNTHETIC_DEMO_MAPPING,SYNTHETIC
4221.02,SKL0050,Automotive CAD,RELEVANT,3,SYNTHETIC_DEMO_MAPPING,SYNTHETIC
4221.03,SKL0088,Fleet Management,RELEVANT,2,SYNTHETIC_DEMO_MAPPING,SYNTHETIC
4221.03,SKL0092,Communication,RELEVANT,4,SYNTHETIC_DEMO_MAPPING,SYNTHETIC
4221.03,SKL0049,Electric Motor Systems,RELEVANT,3,SYNTHETIC_DEMO_MAPPING,SYNTHETIC
4221.03,SKL0048,Auto Electrical,RELEVANT,3,SYNTHETIC_DEMO_MAPPING,SYNTHETIC
4221.03,SKL0051,Service Operations,RELEVANT,3,SYNTHETIC_DEMO_MAPPING,SYNTHETIC
4221.04,SKL0047,Vehicle Diagnostics,RELEVANT,3,SYNTHETIC_DEMO_MAPPING,SYNTHETIC
4221.04,SKL0072,Excel,RELEVANT,3,SYNTHETIC_DEMO_MAPPING,SYNTHETIC
4221.04,SKL0069,Tally,RELEVANT,2,SYNTHETIC_DEMO_MAPPING,SYNTHETIC
4221.04,SKL0043,Automotive Diagnostics,RELEVANT,2,SYNTHETIC_DEMO_MAPPING,SYNTHETIC
4221.99,SKL0043,Automotive Diagnostics,RELEVANT,4,SYNTHETIC_DEMO_MAPPING,SYNTHETIC
4221.99,SKL0095,Workplace Safety,RELEVANT,3,SYNTHETIC_DEMO_MAPPING,SYNTHETIC
4221.99,SKL0098,English Communication,RELEVANT,1,SYNTHETIC_DEMO_MAPPING,SYNTHETIC
4221.99,SKL0093,Problem Solving,RELEVANT,4,SYNTHETIC_DEMO_MAPPING,SYNTHETIC
4221.99,SKL0050,Automotive CAD,RELEVANT,2,SYNTHETIC_DEMO_MAPPING,SYNTHETIC
4222.0101,SKL0019,UI/UX Design,RELEVANT,3,SYNTHETIC_DEMO_MAPPING,SYNTHETIC
4222.0101,SKL0002,Java,RELEVANT,4,SYNTHETIC_DEMO_MAPPING,SYNTHETIC
4222.0102,SKL0096,Digital Literacy,RELEVANT,2,SYNTHETIC_DEMO_MAPPING,SYNTHETIC
4222.0102,SKL0092,Communication,RELEVANT,4,SYNTHETIC_DEMO_MAPPING,SYNTHETIC
4223.01,SKL0052,Two-Wheeler Service,RELEVANT,1,SYNTHETIC_DEMO_MAPPING,SYNTHETIC
4223.01,SKL0051,Service Operations,RELEVANT,3,SYNTHETIC_DEMO_MAPPING,SYNTHETIC
4223.01,SKL0043,Automotive Diagnostics,RELEVANT,3,SYNTHETIC_DEMO_MAPPING,SYNTHETIC
4223.02,SKL0051,Service Operations,RELEVANT,4,SYNTHETIC_DEMO_MAPPING,SYNTHETIC
4223.02,SKL0045,Battery Management Systems,RELEVANT,1,SYNTHETIC_DEMO_MAPPING,SYNTHETIC
4223.02,SKL0098,English Communication,RELEVANT,1,SYNTHETIC_DEMO_MAPPING,SYNTHETIC
4223.02,SKL0046,EV Battery Maintenance,RELEVANT,4,SYNTHETIC_DEMO_MAPPING,SYNTHETIC
4223.02,SKL0097,Team Management,RELEVANT,2,SYNTHETIC_DEMO_MAPPING,SYNTHETIC
4223.03,SKL0046,EV Battery Maintenance,RELEVANT,2,SYNTHETIC_DEMO_MAPPING,SYNTHETIC
4223.03,SKL0049,Electric Motor Systems,RELEVANT,2,SYNTHETIC_DEMO_MAPPING,SYNTHETIC
4223.03,SKL0050,Automotive CAD,RELEVANT,4,SYNTHETIC_DEMO_MAPPING,SYNTHETIC
4223.03,SKL0096,Digital Literacy,RELEVANT,3,SYNTHETIC_DEMO_MAPPING,SYNTHETIC
4223.99,SKL0098,English Communication,RELEVANT,1,SYNTHETIC_DEMO_MAPPING,SYNTHETIC
4223.99,SKL0044,EV Systems,RELEVANT,4,SYNTHETIC_DEMO_MAPPING,SYNTHETIC
4223.99,SKL0077,Supply Chain,RELEVANT,2,SYNTHETIC_DEMO_MAPPING,SYNTHETIC
4223.99,SKL0093,Problem Solving,RELEVANT,2,SYNTHETIC_DEMO_MAPPING,SYNTHETIC
4224.01,SKL0096,Digital Literacy,RELEVANT,4,SYNTHETIC_DEMO_MAPPING,SYNTHETIC
4224.01,SKL0050,Automotive CAD,RELEVANT,2,SYNTHETIC_DEMO_MAPPING,SYNTHETIC
4224.99,SKL0094,Microsoft Excel,RELEVANT,1,SYNTHETIC_DEMO_MAPPING,SYNTHETIC
4224.99,SKL0098,English Communication,RELEVANT,1,SYNTHETIC_DEMO_MAPPING,SYNTHETIC
4225.01,SKL0044,EV Systems,RELEVANT,2,SYNTHETIC_DEMO_MAPPING,SYNTHETIC
4225.01,SKL0055,Site Supervision,RELEVANT,1,SYNTHETIC_DEMO_MAPPING,SYNTHETIC
4225.01,SKL0073,Business Analysis,RELEVANT,3,SYNTHETIC_DEMO_MAPPING,SYNTHETIC
4225.01,SKL0057,Civil Drafting,RELEVANT,3,SYNTHETIC_DEMO_MAPPING,SYNTHETIC
4225.01,SKL0058,Surveying,RELEVANT,4,SYNTHETIC_DEMO_MAPPING,SYNTHETIC
4225.99,SKL0064,Pharmacy Operations,RELEVANT,2,SYNTHETIC_DEMO_MAPPING,SYNTHETIC
4225.99,SKL0098,English Communication,RELEVANT,4,SYNTHETIC_DEMO_MAPPING,SYNTHETIC
4226.01,SKL0098,English Communication,RELEVANT,2,SYNTHETIC_DEMO_MAPPING,SYNTHETIC
4226.01,SKL0095,Workplace Safety,RELEVANT,2,SYNTHETIC_DEMO_MAPPING,SYNTHETIC
4226.01,SKL0092,Communication,RELEVANT,3,SYNTHETIC_DEMO_MAPPING,SYNTHETIC
4226.01,SKL0094,Microsoft Excel,RELEVANT,1,SYNTHETIC_DEMO_MAPPING,SYNTHETIC
4226.0201,SKL0095,Workplace Safety,RELEVANT,2,SYNTHETIC_DEMO_MAPPING,SYNTHETIC
4226.0201,SKL0096,Digital Literacy,RELEVANT,2,SYNTHETIC_DEMO_MAPPING,SYNTHETIC
4311.0101,SKL0035,Quality Control,RELEVANT,2,SYNTHETIC_DEMO_MAPPING,SYNTHETIC
4311.0101,SKL0076,Customer Service,RELEVANT,4,SYNTHETIC_DEMO_MAPPING,SYNTHETIC
4311.0101,SKL0073,Business Analysis,RELEVANT,4,SYNTHETIC_DEMO_MAPPING,SYNTHETIC
4311.02,SKL0073,Business Analysis,RELEVANT,4,SYNTHETIC_DEMO_MAPPING,SYNTHETIC
4311.02,SKL0076,Customer Service,RELEVANT,3,SYNTHETIC_DEMO_MAPPING,SYNTHETIC
4311.02,SKL0093,Problem Solving,RELEVANT,3,SYNTHETIC_DEMO_MAPPING,SYNTHETIC
4311.02,SKL0041,AutoCAD,RELEVANT,1,SYNTHETIC_DEMO_MAPPING,SYNTHETIC
4311.02,SKL0075,Sales,RELEVANT,2,SYNTHETIC_DEMO_MAPPING,SYNTHETIC
4311.03,SKL0070,GST,RELEVANT,1,SYNTHETIC_DEMO_MAPPING,SYNTHETIC
4311.03,SKL0095,Workplace Safety,RELEVANT,3,SYNTHETIC_DEMO_MAPPING,SYNTHETIC
4311.0401,SKL0095,Workplace Safety,RELEVANT,4,SYNTHETIC_DEMO_MAPPING,SYNTHETIC
4311.0401,SKL0072,Excel,RELEVANT,3,SYNTHETIC_DEMO_MAPPING,SYNTHETIC
4311.0401,SKL0077,Supply Chain,RELEVANT,2,SYNTHETIC_DEMO_MAPPING,SYNTHETIC
4311.0401,SKL0097,Team Management,RELEVANT,2,SYNTHETIC_DEMO_MAPPING,SYNTHETIC
4311.05,SKL0074,Digital Marketing,RELEVANT,4,SYNTHETIC_DEMO_MAPPING,SYNTHETIC
4311.05,SKL0070,GST,RELEVANT,3,SYNTHETIC_DEMO_MAPPING,SYNTHETIC
4311.06,SKL0038,CNC Turning,RELEVANT,1,SYNTHETIC_DEMO_MAPPING,SYNTHETIC
4311.06,SKL0073,Business Analysis,RELEVANT,3,SYNTHETIC_DEMO_MAPPING,SYNTHETIC
4311.06,SKL0013,AWS,RELEVANT,3,SYNTHETIC_DEMO_MAPPING,SYNTHETIC
4311.06,SKL0097,Team Management,RELEVANT,2,SYNTHETIC_DEMO_MAPPING,SYNTHETIC
4311.06,SKL0092,Communication,RELEVANT,2,SYNTHETIC_DEMO_MAPPING,SYNTHETIC
4311.07,SKL0019,UI/UX Design,RELEVANT,1,SYNTHETIC_DEMO_MAPPING,SYNTHETIC
4311.07,SKL0068,Accounting,RELEVANT,2,SYNTHETIC_DEMO_MAPPING,SYNTHETIC
4311.07,SKL0075,Sales,RELEVANT,3,SYNTHETIC_DEMO_MAPPING,SYNTHETIC
4311.07,SKL0014,Azure,RELEVANT,1,SYNTHETIC_DEMO_MAPPING,SYNTHETIC
4311.0801,SKL0073,Business Analysis,RELEVANT,3,SYNTHETIC_DEMO_MAPPING,SYNTHETIC
4311.0801,SKL0096,Digital Literacy,RELEVANT,2,SYNTHETIC_DEMO_MAPPING,SYNTHETIC
4311.0801,SKL0061,Patient Care,RELEVANT,2,SYNTHETIC_DEMO_MAPPING,SYNTHETIC
4311.99,SKL0074,Digital Marketing,RELEVANT,3,SYNTHETIC_DEMO_MAPPING,SYNTHETIC
4311.99,SKL0073,Business Analysis,RELEVANT,1,SYNTHETIC_DEMO_MAPPING,SYNTHETIC
4312.01,SKL0009,PostgreSQL,RELEVANT,2,SYNTHETIC_DEMO_MAPPING,SYNTHETIC
4312.01,SKL0017,Machine Learning,RELEVANT,4,SYNTHETIC_DEMO_MAPPING,SYNTHETIC
4312.01,SKL0093,Problem Solving,RELEVANT,4,SYNTHETIC_DEMO_MAPPING,SYNTHETIC
4312.01,SKL0072,Excel,RELEVANT,2,SYNTHETIC_DEMO_MAPPING,SYNTHETIC
4312.01,SKL0077,Supply Chain,RELEVANT,3,SYNTHETIC_DEMO_MAPPING,SYNTHETIC
4312.99,SKL0014,Azure,RELEVANT,1,SYNTHETIC_DEMO_MAPPING,SYNTHETIC
4312.99,SKL0009,PostgreSQL,RELEVANT,1,SYNTHETIC_DEMO_MAPPING,SYNTHETIC
4312.99,SKL0002,Java,RELEVANT,3,SYNTHETIC_DEMO_MAPPING,SYNTHETIC
4312.99,SKL0068,Accounting,RELEVANT,1,SYNTHETIC_DEMO_MAPPING,SYNTHETIC
4313.0101,SKL0036,Lean Manufacturing,RELEVANT,4,SYNTHETIC_DEMO_MAPPING,SYNTHETIC
4313.0101,SKL0069,Tally,RELEVANT,2,SYNTHETIC_DEMO_MAPPING,SYNTHETIC
4313.0101,SKL0092,Communication,RELEVANT,4,SYNTHETIC_DEMO_MAPPING,SYNTHETIC
4313.0201,SKL0049,Electric Motor Systems,RELEVANT,1,SYNTHETIC_DEMO_MAPPING,SYNTHETIC
4313.0201,SKL0094,Microsoft Excel,RELEVANT,4,SYNTHETIC_DEMO_MAPPING,SYNTHETIC
4313.0201,SKL0068,Accounting,RELEVANT,4,SYNTHETIC_DEMO_MAPPING,SYNTHETIC
4313.0201,SKL0048,Auto Electrical,RELEVANT,1,SYNTHETIC_DEMO_MAPPING,SYNTHETIC
4313.0201,SKL0019,UI/UX Design,RELEVANT,2,SYNTHETIC_DEMO_MAPPING,SYNTHETIC
4321.01,SKL0088,Fleet Management,RELEVANT,2,SYNTHETIC_DEMO_MAPPING,SYNTHETIC
4321.01,SKL0086,Inventory Management,RELEVANT,1,SYNTHETIC_DEMO_MAPPING,SYNTHETIC
4321.01,SKL0094,Microsoft Excel,RELEVANT,3,SYNTHETIC_DEMO_MAPPING,SYNTHETIC
4321.01,SKL0034,Welding,RELEVANT,1,SYNTHETIC_DEMO_MAPPING,SYNTHETIC
4321.01,SKL0035,Quality Control,RELEVANT,1,SYNTHETIC_DEMO_MAPPING,SYNTHETIC
4321.0101,SKL0095,Workplace Safety,RELEVANT,2,SYNTHETIC_DEMO_MAPPING,SYNTHETIC
4321.0101,SKL0093,Problem Solving,RELEVANT,3,SYNTHETIC_DEMO_MAPPING,SYNTHETIC
4321.0101,SKL0094,Microsoft Excel,RELEVANT,3,SYNTHETIC_DEMO_MAPPING,SYNTHETIC
4321.0101,SKL0097,Team Management,RELEVANT,1,SYNTHETIC_DEMO_MAPPING,SYNTHETIC
4321.0101,SKL0096,Digital Literacy,RELEVANT,4,SYNTHETIC_DEMO_MAPPING,SYNTHETIC
4321.0102,SKL0085,Warehouse Management,RELEVANT,1,SYNTHETIC_DEMO_MAPPING,SYNTHETIC
4321.0102,SKL0096,Digital Literacy,RELEVANT,1,SYNTHETIC_DEMO_MAPPING,SYNTHETIC
4321.0103,SKL0047,Vehicle Diagnostics,RELEVANT,1,SYNTHETIC_DEMO_MAPPING,SYNTHETIC
4321.0103,SKL0097,Team Management,RELEVANT,3,SYNTHETIC_DEMO_MAPPING,SYNTHETIC
4321.0103,SKL0092,Communication,RELEVANT,3,SYNTHETIC_DEMO_MAPPING,SYNTHETIC
4321.0103,SKL0045,Battery Management Systems,RELEVANT,2,SYNTHETIC_DEMO_MAPPING,SYNTHETIC
4321.0103,SKL0043,Automotive Diagnostics,RELEVANT,1,SYNTHETIC_DEMO_MAPPING,SYNTHETIC
4321.0104,SKL0095,Workplace Safety,RELEVANT,1,SYNTHETIC_DEMO_MAPPING,SYNTHETIC
4321.0104,SKL0093,Problem Solving,RELEVANT,1,SYNTHETIC_DEMO_MAPPING,SYNTHETIC
4321.02,SKL0098,English Communication,RELEVANT,1,SYNTHETIC_DEMO_MAPPING,SYNTHETIC
4321.02,SKL0039,CNC Milling,RELEVANT,4,SYNTHETIC_DEMO_MAPPING,SYNTHETIC
4321.02,SKL0035,Quality Control,RELEVANT,3,SYNTHETIC_DEMO_MAPPING,SYNTHETIC
4321.02,SKL0092,Communication,RELEVANT,1,SYNTHETIC_DEMO_MAPPING,SYNTHETIC
4321.0301,SKL0040,Mechanical Assembly,RELEVANT,2,SYNTHETIC_DEMO_MAPPING,SYNTHETIC
4321.0301,SKL0035,Quality Control,RELEVANT,1,SYNTHETIC_DEMO_MAPPING,SYNTHETIC
4321.0301,SKL0039,CNC Milling,RELEVANT,3,SYNTHETIC_DEMO_MAPPING,SYNTHETIC
4321.0301,SKL0037,Production Planning,RELEVANT,2,SYNTHETIC_DEMO_MAPPING,SYNTHETIC
4321.0302,SKL0034,Welding,RELEVANT,4,SYNTHETIC_DEMO_MAPPING,SYNTHETIC
4321.0302,SKL0028,Electrical Testing,RELEVANT,4,SYNTHETIC_DEMO_MAPPING,SYNTHETIC
4321.0302,SKL0024,PCB Design,RELEVANT,2,SYNTHETIC_DEMO_MAPPING,SYNTHETIC
4321.0401,SKL0088,Fleet Management,RELEVANT,3,SYNTHETIC_DEMO_MAPPING,SYNTHETIC
4321.0401,SKL0038,CNC Turning,RELEVANT,1,SYNTHETIC_DEMO_MAPPING,SYNTHETIC
4321.0402,SKL0094,Microsoft Excel,RELEVANT,1,SYNTHETIC_DEMO_MAPPING,SYNTHETIC
4321.0402,SKL0085,Warehouse Management,RELEVANT,1,SYNTHETIC_DEMO_MAPPING,SYNTHETIC
4321.0402,SKL0092,Communication,RELEVANT,2,SYNTHETIC_DEMO_MAPPING,SYNTHETIC
4321.0402,SKL0090,Logistics Planning,RELEVANT,4,SYNTHETIC_DEMO_MAPPING,SYNTHETIC
4321.0501,SKL0098,English Communication,RELEVANT,4,SYNTHETIC_DEMO_MAPPING,SYNTHETIC
4321.0501,SKL0096,Digital Literacy,RELEVANT,1,SYNTHETIC_DEMO_MAPPING,SYNTHETIC
4321.0501,SKL0094,Microsoft Excel,RELEVANT,1,SYNTHETIC_DEMO_MAPPING,SYNTHETIC
4321.0501,SKL0093,Problem Solving,RELEVANT,1,SYNTHETIC_DEMO_MAPPING,SYNTHETIC
4321.0501,SKL0097,Team Management,RELEVANT,1,SYNTHETIC_DEMO_MAPPING,SYNTHETIC
4321.0601,SKL0095,Workplace Safety,RELEVANT,2,SYNTHETIC_DEMO_MAPPING,SYNTHETIC
4321.0601,SKL0090,Logistics Planning,RELEVANT,1,SYNTHETIC_DEMO_MAPPING,SYNTHETIC
4321.0601,SKL0087,Supply Chain Management,RELEVANT,3,SYNTHETIC_DEMO_MAPPING,SYNTHETIC
4321.0602,SKL0098,English Communication,RELEVANT,1,SYNTHETIC_DEMO_MAPPING,SYNTHETIC
4321.0602,SKL0086,Inventory Management,RELEVANT,2,SYNTHETIC_DEMO_MAPPING,SYNTHETIC
4321.0603,SKL0098,English Communication,RELEVANT,4,SYNTHETIC_DEMO_MAPPING,SYNTHETIC
4321.0603,SKL0097,Team Management,RELEVANT,1,SYNTHETIC_DEMO_MAPPING,SYNTHETIC
4321.0604,SKL0093,Problem Solving,RELEVANT,4,SYNTHETIC_DEMO_MAPPING,SYNTHETIC
4321.0604,SKL0085,Warehouse Management,RELEVANT,2,SYNTHETIC_DEMO_MAPPING,SYNTHETIC
4321.0701,SKL0097,Team Management,RELEVANT,1,SYNTHETIC_DEMO_MAPPING,SYNTHETIC
4321.0701,SKL0096,Digital Literacy,RELEVANT,2,SYNTHETIC_DEMO_MAPPING,SYNTHETIC
4321.0701,SKL0093,Problem Solving,RELEVANT,2,SYNTHETIC_DEMO_MAPPING,SYNTHETIC
4321.0701,SKL0095,Workplace Safety,RELEVANT,2,SYNTHETIC_DEMO_MAPPING,SYNTHETIC
4321.0701,SKL0094,Microsoft Excel,RELEVANT,1,SYNTHETIC_DEMO_MAPPING,SYNTHETIC
4321.99,SKL0098,English Communication,RELEVANT,1,SYNTHETIC_DEMO_MAPPING,SYNTHETIC
4321.99,SKL0040,Mechanical Assembly,RELEVANT,3,SYNTHETIC_DEMO_MAPPING,SYNTHETIC
4321.99,SKL0038,CNC Turning,RELEVANT,2,SYNTHETIC_DEMO_MAPPING,SYNTHETIC
4321.99,SKL0032,CNC Operation,RELEVANT,2,SYNTHETIC_DEMO_MAPPING,SYNTHETIC
4322.0101,SKL0093,Problem Solving,RELEVANT,3,SYNTHETIC_DEMO_MAPPING,SYNTHETIC
4322.0101,SKL0094,Microsoft Excel,RELEVANT,1,SYNTHETIC_DEMO_MAPPING,SYNTHETIC
4322.0201,SKL0097,Team Management,RELEVANT,1,SYNTHETIC_DEMO_MAPPING,SYNTHETIC
4322.0201,SKL0026,IoT,RELEVANT,2,SYNTHETIC_DEMO_MAPPING,SYNTHETIC
4322.0201,SKL0095,Workplace Safety,RELEVANT,1,SYNTHETIC_DEMO_MAPPING,SYNTHETIC
4322.0201,SKL0035,Quality Control,RELEVANT,3,SYNTHETIC_DEMO_MAPPING,SYNTHETIC
4322.0201,SKL0033,Machine Maintenance,RELEVANT,4,SYNTHETIC_DEMO_MAPPING,SYNTHETIC
4323.01,SKL0095,Workplace Safety,RELEVANT,4,SYNTHETIC_DEMO_MAPPING,SYNTHETIC
4323.01,SKL0092,Communication,RELEVANT,3,SYNTHETIC_DEMO_MAPPING,SYNTHETIC
4323.01,SKL0093,Problem Solving,RELEVANT,1,SYNTHETIC_DEMO_MAPPING,SYNTHETIC
4323.01,SKL0098,English Communication,RELEVANT,2,SYNTHETIC_DEMO_MAPPING,SYNTHETIC
4323.01,SKL0096,Digital Literacy,RELEVANT,2,SYNTHETIC_DEMO_MAPPING,SYNTHETIC
4323.02,SKL0096,Digital Literacy,RELEVANT,2,SYNTHETIC_DEMO_MAPPING,SYNTHETIC
4323.02,SKL0093,Problem Solving,RELEVANT,3,SYNTHETIC_DEMO_MAPPING,SYNTHETIC
4323.02,SKL0094,Microsoft Excel,RELEVANT,4,SYNTHETIC_DEMO_MAPPING,SYNTHETIC
4323.03,SKL0098,English Communication,RELEVANT,4,SYNTHETIC_DEMO_MAPPING,SYNTHETIC
4323.03,SKL0049,Electric Motor Systems,RELEVANT,1,SYNTHETIC_DEMO_MAPPING,SYNTHETIC
4323.04,SKL0051,Service Operations,RELEVANT,3,SYNTHETIC_DEMO_MAPPING,SYNTHETIC
4323.04,SKL0095,Workplace Safety,RELEVANT,2,SYNTHETIC_DEMO_MAPPING,SYNTHETIC
4323.04,SKL0048,Auto Electrical,RELEVANT,2,SYNTHETIC_DEMO_MAPPING,SYNTHETIC
4323.04,SKL0049,Electric Motor Systems,RELEVANT,2,SYNTHETIC_DEMO_MAPPING,SYNTHETIC
4323.04,SKL0052,Two-Wheeler Service,RELEVANT,1,SYNTHETIC_DEMO_MAPPING,SYNTHETIC
4323.05,SKL0043,Automotive Diagnostics,RELEVANT,4,SYNTHETIC_DEMO_MAPPING,SYNTHETIC
4323.05,SKL0047,Vehicle Diagnostics,RELEVANT,4,SYNTHETIC_DEMO_MAPPING,SYNTHETIC
4323.05,SKL0048,Auto Electrical,RELEVANT,2,SYNTHETIC_DEMO_MAPPING,SYNTHETIC
4323.99,SKL0096,Digital Literacy,RELEVANT,3,SYNTHETIC_DEMO_MAPPING,SYNTHETIC
4323.99,SKL0091,Route Planning,RELEVANT,4,SYNTHETIC_DEMO_MAPPING,SYNTHETIC
4323.99,SKL0085,Warehouse Management,RELEVANT,2,SYNTHETIC_DEMO_MAPPING,SYNTHETIC
4323.99,SKL0092,Communication,RELEVANT,3,SYNTHETIC_DEMO_MAPPING,SYNTHETIC
4411.01,SKL0097,Team Management,RELEVANT,4,SYNTHETIC_DEMO_MAPPING,SYNTHETIC
4411.01,SKL0095,Workplace Safety,RELEVANT,1,SYNTHETIC_DEMO_MAPPING,SYNTHETIC
4411.02,SKL0095,Workplace Safety,RELEVANT,2,SYNTHETIC_DEMO_MAPPING,SYNTHETIC
4411.02,SKL0094,Microsoft Excel,RELEVANT,4,SYNTHETIC_DEMO_MAPPING,SYNTHETIC
4411.02,SKL0098,English Communication,RELEVANT,1,SYNTHETIC_DEMO_MAPPING,SYNTHETIC
4411.02,SKL0092,Communication,RELEVANT,4,SYNTHETIC_DEMO_MAPPING,SYNTHETIC
4411.02,SKL0096,Digital Literacy,RELEVANT,3,SYNTHETIC_DEMO_MAPPING,SYNTHETIC
4411.03,SKL0097,Team Management,RELEVANT,4,SYNTHETIC_DEMO_MAPPING,SYNTHETIC
4411.03,SKL0094,Microsoft Excel,RELEVANT,3,SYNTHETIC_DEMO_MAPPING,SYNTHETIC
4411.03,SKL0095,Workplace Safety,RELEVANT,2,SYNTHETIC_DEMO_MAPPING,SYNTHETIC
4411.03,SKL0048,Auto Electrical,RELEVANT,1,SYNTHETIC_DEMO_MAPPING,SYNTHETIC
4411.03,SKL0043,Automotive Diagnostics,RELEVANT,2,SYNTHETIC_DEMO_MAPPING,SYNTHETIC
4411.99,SKL0098,English Communication,RELEVANT,2,SYNTHETIC_DEMO_MAPPING,SYNTHETIC
4411.99,SKL0049,Electric Motor Systems,RELEVANT,3,SYNTHETIC_DEMO_MAPPING,SYNTHETIC
4412.01,SKL0096,Digital Literacy,RELEVANT,4,SYNTHETIC_DEMO_MAPPING,SYNTHETIC
4412.01,SKL0095,Workplace Safety,RELEVANT,4,SYNTHETIC_DEMO_MAPPING,SYNTHETIC
4412.01,SKL0097,Team Management,RELEVANT,4,SYNTHETIC_DEMO_MAPPING,SYNTHETIC
4412.01,SKL0093,Problem Solving,RELEVANT,3,SYNTHETIC_DEMO_MAPPING,SYNTHETIC
4412.01,SKL0094,Microsoft Excel,RELEVANT,4,SYNTHETIC_DEMO_MAPPING,SYNTHETIC
4412.02,SKL0086,Inventory Management,RELEVANT,1,SYNTHETIC_DEMO_MAPPING,SYNTHETIC
4412.02,SKL0091,Route Planning,RELEVANT,2,SYNTHETIC_DEMO_MAPPING,SYNTHETIC
4412.02,SKL0088,Fleet Management,RELEVANT,3,SYNTHETIC_DEMO_MAPPING,SYNTHETIC
4412.02,SKL0093,Problem Solving,RELEVANT,1,SYNTHETIC_DEMO_MAPPING,SYNTHETIC
4412.03,SKL0096,Digital Literacy,RELEVANT,3,SYNTHETIC_DEMO_MAPPING,SYNTHETIC
4412.03,SKL0095,Workplace Safety,RELEVANT,2,SYNTHETIC_DEMO_MAPPING,SYNTHETIC
4412.03,SKL0094,Microsoft Excel,RELEVANT,2,SYNTHETIC_DEMO_MAPPING,SYNTHETIC
4412.99,SKL0048,Auto Electrical,RELEVANT,4,SYNTHETIC_DEMO_MAPPING,SYNTHETIC
4412.99,SKL0046,EV Battery Maintenance,RELEVANT,3,SYNTHETIC_DEMO_MAPPING,SYNTHETIC
4412.99,SKL0044,EV Systems,RELEVANT,2,SYNTHETIC_DEMO_MAPPING,SYNTHETIC
4412.99,SKL0094,Microsoft Excel,RELEVANT,3,SYNTHETIC_DEMO_MAPPING,SYNTHETIC
4413.01,SKL0013,AWS,RELEVANT,3,SYNTHETIC_DEMO_MAPPING,SYNTHETIC
4413.01,SKL0031,CNC Programming,RELEVANT,1,SYNTHETIC_DEMO_MAPPING,SYNTHETIC
4413.01,SKL0017,Machine Learning,RELEVANT,3,SYNTHETIC_DEMO_MAPPING,SYNTHETIC
4413.01,SKL0020,Figma,RELEVANT,3,SYNTHETIC_DEMO_MAPPING,SYNTHETIC
4413.02,SKL0095,Workplace Safety,RELEVANT,3,SYNTHETIC_DEMO_MAPPING,SYNTHETIC
4413.02,SKL0097,Team Management,RELEVANT,4,SYNTHETIC_DEMO_MAPPING,SYNTHETIC
4413.02,SKL0096,Digital Literacy,RELEVANT,1,SYNTHETIC_DEMO_MAPPING,SYNTHETIC
4413.99,SKL0095,Workplace Safety,RELEVANT,2,SYNTHETIC_DEMO_MAPPING,SYNTHETIC
4413.99,SKL0094,Microsoft Excel,RELEVANT,4,SYNTHETIC_DEMO_MAPPING,SYNTHETIC
4414.01,SKL0092,Communication,RELEVANT,2,SYNTHETIC_DEMO_MAPPING,SYNTHETIC
4414.01,SKL0093,Problem Solving,RELEVANT,4,SYNTHETIC_DEMO_MAPPING,SYNTHETIC
4414.01,SKL0096,Digital Literacy,RELEVANT,3,SYNTHETIC_DEMO_MAPPING,SYNTHETIC
4414.01,SKL0097,Team Management,RELEVANT,3,SYNTHETIC_DEMO_MAPPING,SYNTHETIC
4414.01,SKL0098,English Communication,RELEVANT,4,SYNTHETIC_DEMO_MAPPING,SYNTHETIC
4414.99,SKL0098,English Communication,RELEVANT,3,SYNTHETIC_DEMO_MAPPING,SYNTHETIC
4414.99,SKL0096,Digital Literacy,RELEVANT,1,SYNTHETIC_DEMO_MAPPING,SYNTHETIC
4416.0101,SKL0092,Communication,RELEVANT,4,SYNTHETIC_DEMO_MAPPING,SYNTHETIC
4416.0101,SKL0098,English Communication,RELEVANT,4,SYNTHETIC_DEMO_MAPPING,SYNTHETIC
4416.0101,SKL0093,Problem Solving,RELEVANT,1,SYNTHETIC_DEMO_MAPPING,SYNTHETIC
4416.0101,SKL0096,Digital Literacy,RELEVANT,4,SYNTHETIC_DEMO_MAPPING,SYNTHETIC
4416.0101,SKL0095,Workplace Safety,RELEVANT,2,SYNTHETIC_DEMO_MAPPING,SYNTHETIC
4419.01,SKL0095,Workplace Safety,RELEVANT,2,SYNTHETIC_DEMO_MAPPING,SYNTHETIC
4419.01,SKL0077,Supply Chain,RELEVANT,3,SYNTHETIC_DEMO_MAPPING,SYNTHETIC
4419.01,SKL0072,Excel,RELEVANT,3,SYNTHETIC_DEMO_MAPPING,SYNTHETIC
4419.01,SKL0073,Business Analysis,RELEVANT,3,SYNTHETIC_DEMO_MAPPING,SYNTHETIC
4419.0102,SKL0069,Tally,RELEVANT,2,SYNTHETIC_DEMO_MAPPING,SYNTHETIC
4419.0102,SKL0076,Customer Service,RELEVANT,4,SYNTHETIC_DEMO_MAPPING,SYNTHETIC
4419.02,SKL0084,Cold Chain,RELEVANT,1,SYNTHETIC_DEMO_MAPPING,SYNTHETIC
4419.02,SKL0079,Agri Input Management,RELEVANT,3,SYNTHETIC_DEMO_MAPPING,SYNTHETIC
4419.02,SKL0095,Workplace Safety,RELEVANT,2,SYNTHETIC_DEMO_MAPPING,SYNTHETIC
4419.02,SKL0078,Farm Machinery,RELEVANT,2,SYNTHETIC_DEMO_MAPPING,SYNTHETIC
4419.03,SKL0098,English Communication,RELEVANT,3,SYNTHETIC_DEMO_MAPPING,SYNTHETIC
4419.03,SKL0096,Digital Literacy,RELEVANT,4,SYNTHETIC_DEMO_MAPPING,SYNTHETIC
4419.03,SKL0097,Team Management,RELEVANT,4,SYNTHETIC_DEMO_MAPPING,SYNTHETIC
4419.03,SKL0088,Fleet Management,RELEVANT,1,SYNTHETIC_DEMO_MAPPING,SYNTHETIC
4419.03,SKL0092,Communication,RELEVANT,2,SYNTHETIC_DEMO_MAPPING,SYNTHETIC
4419.04,SKL0093,Problem Solving,RELEVANT,4,SYNTHETIC_DEMO_MAPPING,SYNTHETIC
4419.04,SKL0097,Team Management,RELEVANT,1,SYNTHETIC_DEMO_MAPPING,SYNTHETIC
4419.05,SKL0072,Excel,RELEVANT,1,SYNTHETIC_DEMO_MAPPING,SYNTHETIC
4419.05,SKL0097,Team Management,RELEVANT,1,SYNTHETIC_DEMO_MAPPING,SYNTHETIC
4419.05,SKL0031,CNC Programming,RELEVANT,3,SYNTHETIC_DEMO_MAPPING,SYNTHETIC
4419.06,SKL0031,CNC Programming,RELEVANT,4,SYNTHETIC_DEMO_MAPPING,SYNTHETIC
4419.06,SKL0032,CNC Operation,RELEVANT,3,SYNTHETIC_DEMO_MAPPING,SYNTHETIC
4419.06,SKL0036,Lean Manufacturing,RELEVANT,1,SYNTHETIC_DEMO_MAPPING,SYNTHETIC
4419.06,SKL0042,SolidWorks,RELEVANT,3,SYNTHETIC_DEMO_MAPPING,SYNTHETIC
4419.06,SKL0097,Team Management,RELEVANT,4,SYNTHETIC_DEMO_MAPPING,SYNTHETIC
4419.08,SKL0052,Two-Wheeler Service,RELEVANT,3,SYNTHETIC_DEMO_MAPPING,SYNTHETIC
4419.08,SKL0046,EV Battery Maintenance,RELEVANT,4,SYNTHETIC_DEMO_MAPPING,SYNTHETIC
4419.08,SKL0094,Microsoft Excel,RELEVANT,1,SYNTHETIC_DEMO_MAPPING,SYNTHETIC
4419.08,SKL0050,Automotive CAD,RELEVANT,2,SYNTHETIC_DEMO_MAPPING,SYNTHETIC
4419.99,SKL0092,Communication,RELEVANT,4,SYNTHETIC_DEMO_MAPPING,SYNTHETIC
4419.99,SKL0062,Medical Coding,RELEVANT,1,SYNTHETIC_DEMO_MAPPING,SYNTHETIC
4419.99,SKL0096,Digital Literacy,RELEVANT,3,SYNTHETIC_DEMO_MAPPING,SYNTHETIC
5111.01,SKL0097,Team Management,RELEVANT,4,SYNTHETIC_DEMO_MAPPING,SYNTHETIC
5111.01,SKL0072,Excel,RELEVANT,1,SYNTHETIC_DEMO_MAPPING,SYNTHETIC
5111.02,SKL0092,Communication,RELEVANT,4,SYNTHETIC_DEMO_MAPPING,SYNTHETIC
5111.02,SKL0097,Team Management,RELEVANT,3,SYNTHETIC_DEMO_MAPPING,SYNTHETIC
5111.02,SKL0094,Microsoft Excel,RELEVANT,3,SYNTHETIC_DEMO_MAPPING,SYNTHETIC
5111.03,SKL0095,Workplace Safety,RELEVANT,1,SYNTHETIC_DEMO_MAPPING,SYNTHETIC
5111.03,SKL0098,English Communication,RELEVANT,3,SYNTHETIC_DEMO_MAPPING,SYNTHETIC
5111.03,SKL0092,Communication,RELEVANT,4,SYNTHETIC_DEMO_MAPPING,SYNTHETIC
5111.04,SKL0073,Business Analysis,RELEVANT,3,SYNTHETIC_DEMO_MAPPING,SYNTHETIC
5111.04,SKL0050,Automotive CAD,RELEVANT,4,SYNTHETIC_DEMO_MAPPING,SYNTHETIC
5111.04,SKL0091,Route Planning,RELEVANT,4,SYNTHETIC_DEMO_MAPPING,SYNTHETIC
5111.04,SKL0098,English Communication,RELEVANT,4,SYNTHETIC_DEMO_MAPPING,SYNTHETIC
5111.05,SKL0003,JavaScript,RELEVANT,2,SYNTHETIC_DEMO_MAPPING,SYNTHETIC
5111.05,SKL0096,Digital Literacy,RELEVANT,2,SYNTHETIC_DEMO_MAPPING,SYNTHETIC
5111.05,SKL0092,Communication,RELEVANT,1,SYNTHETIC_DEMO_MAPPING,SYNTHETIC
5111.06,SKL0094,Microsoft Excel,RELEVANT,2,SYNTHETIC_DEMO_MAPPING,SYNTHETIC
5111.06,SKL0019,UI/UX Design,RELEVANT,1,SYNTHETIC_DEMO_MAPPING,SYNTHETIC
5111.06,SKL0086,Inventory Management,RELEVANT,2,SYNTHETIC_DEMO_MAPPING,SYNTHETIC
5111.06,SKL0009,PostgreSQL,RELEVANT,2,SYNTHETIC_DEMO_MAPPING,SYNTHETIC
5111.06,SKL0014,Azure,RELEVANT,1,SYNTHETIC_DEMO_MAPPING,SYNTHETIC
5111.99,SKL0049,Electric Motor Systems,RELEVANT,1,SYNTHETIC_DEMO_MAPPING,SYNTHETIC
5111.99,SKL0096,Digital Literacy,RELEVANT,2,SYNTHETIC_DEMO_MAPPING,SYNTHETIC
5112.01,SKL0091,Route Planning,RELEVANT,2,SYNTHETIC_DEMO_MAPPING,SYNTHETIC
5112.01,SKL0090,Logistics Planning,RELEVANT,1,SYNTHETIC_DEMO_MAPPING,SYNTHETIC
5112.01,SKL0063,Clinical Documentation,RELEVANT,3,SYNTHETIC_DEMO_MAPPING,SYNTHETIC
5112.01,SKL0094,Microsoft Excel,RELEVANT,1,SYNTHETIC_DEMO_MAPPING,SYNTHETIC
5112.02,SKL0096,Digital Literacy,RELEVANT,2,SYNTHETIC_DEMO_MAPPING,SYNTHETIC
5112.02,SKL0093,Problem Solving,RELEVANT,1,SYNTHETIC_DEMO_MAPPING,SYNTHETIC
5112.02,SKL0098,English Communication,RELEVANT,1,SYNTHETIC_DEMO_MAPPING,SYNTHETIC
5112.03,SKL0098,English Communication,RELEVANT,2,SYNTHETIC_DEMO_MAPPING,SYNTHETIC
5112.03,SKL0088,Fleet Management,RELEVANT,1,SYNTHETIC_DEMO_MAPPING,SYNTHETIC
5112.03,SKL0090,Logistics Planning,RELEVANT,2,SYNTHETIC_DEMO_MAPPING,SYNTHETIC
5112.03,SKL0096,Digital Literacy,RELEVANT,3,SYNTHETIC_DEMO_MAPPING,SYNTHETIC
5112.03,SKL0091,Route Planning,RELEVANT,1,SYNTHETIC_DEMO_MAPPING,SYNTHETIC
5112.04,SKL0095,Workplace Safety,RELEVANT,2,SYNTHETIC_DEMO_MAPPING,SYNTHETIC
5112.04,SKL0087,Supply Chain Management,RELEVANT,3,SYNTHETIC_DEMO_MAPPING,SYNTHETIC
5112.04,SKL0089,Forklift Operation,RELEVANT,1,SYNTHETIC_DEMO_MAPPING,SYNTHETIC
5112.04,SKL0094,Microsoft Excel,RELEVANT,1,SYNTHETIC_DEMO_MAPPING,SYNTHETIC
5112.05,SKL0092,Communication,RELEVANT,3,SYNTHETIC_DEMO_MAPPING,SYNTHETIC
5112.05,SKL0093,Problem Solving,RELEVANT,2,SYNTHETIC_DEMO_MAPPING,SYNTHETIC
5112.06,SKL0098,English Communication,RELEVANT,3,SYNTHETIC_DEMO_MAPPING,SYNTHETIC
5112.06,SKL0097,Team Management,RELEVANT,3,SYNTHETIC_DEMO_MAPPING,SYNTHETIC
5112.06,SKL0096,Digital Literacy,RELEVANT,2,SYNTHETIC_DEMO_MAPPING,SYNTHETIC
5112.07,SKL0051,Service Operations,RELEVANT,3,SYNTHETIC_DEMO_MAPPING,SYNTHETIC
5112.07,SKL0044,EV Systems,RELEVANT,4,SYNTHETIC_DEMO_MAPPING,SYNTHETIC
5112.07,SKL0095,Workplace Safety,RELEVANT,2,SYNTHETIC_DEMO_MAPPING,SYNTHETIC
5112.07,SKL0096,Digital Literacy,RELEVANT,4,SYNTHETIC_DEMO_MAPPING,SYNTHETIC
5112.08,SKL0089,Forklift Operation,RELEVANT,3,SYNTHETIC_DEMO_MAPPING,SYNTHETIC
5112.08,SKL0094,Microsoft Excel,RELEVANT,2,SYNTHETIC_DEMO_MAPPING,SYNTHETIC
5112.08,SKL0022,SCADA,RELEVANT,4,SYNTHETIC_DEMO_MAPPING,SYNTHETIC
5112.08,SKL0028,Electrical Testing,RELEVANT,4,SYNTHETIC_DEMO_MAPPING,SYNTHETIC
5112.09,SKL0097,Team Management,RELEVANT,4,SYNTHETIC_DEMO_MAPPING,SYNTHETIC
5112.09,SKL0091,Route Planning,RELEVANT,1,SYNTHETIC_DEMO_MAPPING,SYNTHETIC
5112.09,SKL0022,SCADA,RELEVANT,4,SYNTHETIC_DEMO_MAPPING,SYNTHETIC
5112.09,SKL0095,Workplace Safety,RELEVANT,2,SYNTHETIC_DEMO_MAPPING,SYNTHETIC
5112.1,SKL0072,Excel,RELEVANT,1,SYNTHETIC_DEMO_MAPPING,SYNTHETIC
5112.1,SKL0046,EV Battery Maintenance,RELEVANT,3,SYNTHETIC_DEMO_MAPPING,SYNTHETIC
5112.1,SKL0047,Vehicle Diagnostics,RELEVANT,2,SYNTHETIC_DEMO_MAPPING,SYNTHETIC
5112.1,SKL0094,Microsoft Excel,RELEVANT,1,SYNTHETIC_DEMO_MAPPING,SYNTHETIC
5112.99,SKL0098,English Communication,RELEVANT,3,SYNTHETIC_DEMO_MAPPING,SYNTHETIC
5112.99,SKL0043,Automotive Diagnostics,RELEVANT,3,SYNTHETIC_DEMO_MAPPING,SYNTHETIC
5112.99,SKL0046,EV Battery Maintenance,RELEVANT,1,SYNTHETIC_DEMO_MAPPING,SYNTHETIC
5112.99,SKL0096,Digital Literacy,RELEVANT,4,SYNTHETIC_DEMO_MAPPING,SYNTHETIC
5113.01,SKL0077,Supply Chain,RELEVANT,4,SYNTHETIC_DEMO_MAPPING,SYNTHETIC
5113.01,SKL0075,Sales,RELEVANT,3,SYNTHETIC_DEMO_MAPPING,SYNTHETIC
5113.01,SKL0089,Forklift Operation,RELEVANT,1,SYNTHETIC_DEMO_MAPPING,SYNTHETIC
5113.01,SKL0073,Business Analysis,RELEVANT,1,SYNTHETIC_DEMO_MAPPING,SYNTHETIC
5113.02,SKL0054,Quantity Surveying,RELEVANT,2,SYNTHETIC_DEMO_MAPPING,SYNTHETIC
5113.02,SKL0092,Communication,RELEVANT,4,SYNTHETIC_DEMO_MAPPING,SYNTHETIC
5113.02,SKL0095,Workplace Safety,RELEVANT,3,SYNTHETIC_DEMO_MAPPING,SYNTHETIC
5113.02,SKL0097,Team Management,RELEVANT,4,SYNTHETIC_DEMO_MAPPING,SYNTHETIC
5113.99,SKL0094,Microsoft Excel,RELEVANT,1,SYNTHETIC_DEMO_MAPPING,SYNTHETIC
5113.99,SKL0095,Workplace Safety,RELEVANT,2,SYNTHETIC_DEMO_MAPPING,SYNTHETIC
5113.99,SKL0096,Digital Literacy,RELEVANT,4,SYNTHETIC_DEMO_MAPPING,SYNTHETIC
5120.02,SKL0092,Communication,RELEVANT,3,SYNTHETIC_DEMO_MAPPING,SYNTHETIC
5120.02,SKL0095,Workplace Safety,RELEVANT,1,SYNTHETIC_DEMO_MAPPING,SYNTHETIC
5120.02,SKL0093,Problem Solving,RELEVANT,1,SYNTHETIC_DEMO_MAPPING,SYNTHETIC
5120.02,SKL0097,Team Management,RELEVANT,4,SYNTHETIC_DEMO_MAPPING,SYNTHETIC
5120.02,SKL0094,Microsoft Excel,RELEVANT,3,SYNTHETIC_DEMO_MAPPING,SYNTHETIC
5120.03,SKL0097,Team Management,RELEVANT,1,SYNTHETIC_DEMO_MAPPING,SYNTHETIC
5120.03,SKL0096,Digital Literacy,RELEVANT,2,SYNTHETIC_DEMO_MAPPING,SYNTHETIC
5120.03,SKL0094,Microsoft Excel,RELEVANT,3,SYNTHETIC_DEMO_MAPPING,SYNTHETIC
5120.03,SKL0098,English Communication,RELEVANT,1,SYNTHETIC_DEMO_MAPPING,SYNTHETIC
5120.04,SKL0077,Supply Chain,RELEVANT,1,SYNTHETIC_DEMO_MAPPING,SYNTHETIC
5120.04,SKL0098,English Communication,RELEVANT,2,SYNTHETIC_DEMO_MAPPING,SYNTHETIC
5120.04,SKL0074,Digital Marketing,RELEVANT,1,SYNTHETIC_DEMO_MAPPING,SYNTHETIC
5120.04,SKL0076,Customer Service,RELEVANT,1,SYNTHETIC_DEMO_MAPPING,SYNTHETIC
5120.05,SKL0026,IoT,RELEVANT,3,SYNTHETIC_DEMO_MAPPING,SYNTHETIC
5120.05,SKL0024,PCB Design,RELEVANT,4,SYNTHETIC_DEMO_MAPPING,SYNTHETIC
5120.05,SKL0023,Embedded Systems,RELEVANT,4,SYNTHETIC_DEMO_MAPPING,SYNTHETIC
5120.06,SKL0068,Accounting,RELEVANT,3,SYNTHETIC_DEMO_MAPPING,SYNTHETIC
5120.06,SKL0073,Business Analysis,RELEVANT,2,SYNTHETIC_DEMO_MAPPING,SYNTHETIC
5120.06,SKL0098,English Communication,RELEVANT,4,SYNTHETIC_DEMO_MAPPING,SYNTHETIC
5120.06,SKL0094,Microsoft Excel,RELEVANT,4,SYNTHETIC_DEMO_MAPPING,SYNTHETIC
5120.99,SKL0093,Problem Solving,RELEVANT,4,SYNTHETIC_DEMO_MAPPING,SYNTHETIC
5120.99,SKL0092,Communication,RELEVANT,2,SYNTHETIC_DEMO_MAPPING,SYNTHETIC
5131.01,SKL0044,EV Systems,RELEVANT,3,SYNTHETIC_DEMO_MAPPING,SYNTHETIC
5131.01,SKL0050,Automotive CAD,RELEVANT,3,SYNTHETIC_DEMO_MAPPING,SYNTHETIC
5131.01,SKL0097,Team Management,RELEVANT,3,SYNTHETIC_DEMO_MAPPING,SYNTHETIC
5131.01,SKL0093,Problem Solving,RELEVANT,4,SYNTHETIC_DEMO_MAPPING,SYNTHETIC
5131.01,SKL0047,Vehicle Diagnostics,RELEVANT,3,SYNTHETIC_DEMO_MAPPING,SYNTHETIC
5131.02,SKL0045,Battery Management Systems,RELEVANT,1,SYNTHETIC_DEMO_MAPPING,SYNTHETIC
5131.02,SKL0044,EV Systems,RELEVANT,2,SYNTHETIC_DEMO_MAPPING,SYNTHETIC
5131.02,SKL0097,Team Management,RELEVANT,1,SYNTHETIC_DEMO_MAPPING,SYNTHETIC
5131.02,SKL0093,Problem Solving,RELEVANT,4,SYNTHETIC_DEMO_MAPPING,SYNTHETIC
5131.03,SKL0097,Team Management,RELEVANT,1,SYNTHETIC_DEMO_MAPPING,SYNTHETIC
5131.03,SKL0093,Problem Solving,RELEVANT,1,SYNTHETIC_DEMO_MAPPING,SYNTHETIC
5131.03,SKL0098,English Communication,RELEVANT,2,SYNTHETIC_DEMO_MAPPING,SYNTHETIC
5131.0401,SKL0051,Service Operations,RELEVANT,3,SYNTHETIC_DEMO_MAPPING,SYNTHETIC
5131.0401,SKL0048,Auto Electrical,RELEVANT,2,SYNTHETIC_DEMO_MAPPING,SYNTHETIC
5131.0401,SKL0046,EV Battery Maintenance,RELEVANT,4,SYNTHETIC_DEMO_MAPPING,SYNTHETIC
5131.05,SKL0097,Team Management,RELEVANT,1,SYNTHETIC_DEMO_MAPPING,SYNTHETIC
5131.05,SKL0095,Workplace Safety,RELEVANT,1,SYNTHETIC_DEMO_MAPPING,SYNTHETIC
5131.05,SKL0094,Microsoft Excel,RELEVANT,2,SYNTHETIC_DEMO_MAPPING,SYNTHETIC
5131.05,SKL0096,Digital Literacy,RELEVANT,3,SYNTHETIC_DEMO_MAPPING,SYNTHETIC
5131.05,SKL0098,English Communication,RELEVANT,3,SYNTHETIC_DEMO_MAPPING,SYNTHETIC
5131.99,SKL0096,Digital Literacy,RELEVANT,3,SYNTHETIC_DEMO_MAPPING,SYNTHETIC
5131.99,SKL0093,Problem Solving,RELEVANT,4,SYNTHETIC_DEMO_MAPPING,SYNTHETIC
5132.01,SKL0073,Business Analysis,RELEVANT,1,SYNTHETIC_DEMO_MAPPING,SYNTHETIC
5132.01,SKL0095,Workplace Safety,RELEVANT,1,SYNTHETIC_DEMO_MAPPING,SYNTHETIC
5132.01,SKL0077,Supply Chain,RELEVANT,1,SYNTHETIC_DEMO_MAPPING,SYNTHETIC
5132.01,SKL0070,GST,RELEVANT,1,SYNTHETIC_DEMO_MAPPING,SYNTHETIC
5132.99,SKL0092,Communication,RELEVANT,2,SYNTHETIC_DEMO_MAPPING,SYNTHETIC
5132.99,SKL0095,Workplace Safety,RELEVANT,1,SYNTHETIC_DEMO_MAPPING,SYNTHETIC
5132.99,SKL0093,Problem Solving,RELEVANT,1,SYNTHETIC_DEMO_MAPPING,SYNTHETIC
5132.99,SKL0096,Digital Literacy,RELEVANT,2,SYNTHETIC_DEMO_MAPPING,SYNTHETIC
5132.99,SKL0097,Team Management,RELEVANT,4,SYNTHETIC_DEMO_MAPPING,SYNTHETIC
5141.01,SKL0096,Digital Literacy,RELEVANT,1,SYNTHETIC_DEMO_MAPPING,SYNTHETIC
5141.01,SKL0095,Workplace Safety,RELEVANT,2,SYNTHETIC_DEMO_MAPPING,SYNTHETIC
5141.0201,SKL0096,Digital Literacy,RELEVANT,3,SYNTHETIC_DEMO_MAPPING,SYNTHETIC
5141.0201,SKL0093,Problem Solving,RELEVANT,3,SYNTHETIC_DEMO_MAPPING,SYNTHETIC
5141.0201,SKL0044,EV Systems,RELEVANT,3,SYNTHETIC_DEMO_MAPPING,SYNTHETIC
5141.0201,SKL0045,Battery Management Systems,RELEVANT,1,SYNTHETIC_DEMO_MAPPING,SYNTHETIC
5141.0202,SKL0095,Workplace Safety,RELEVANT,4,SYNTHETIC_DEMO_MAPPING,SYNTHETIC
5141.0202,SKL0096,Digital Literacy,RELEVANT,3,SYNTHETIC_DEMO_MAPPING,SYNTHETIC
5141.0202,SKL0097,Team Management,RELEVANT,2,SYNTHETIC_DEMO_MAPPING,SYNTHETIC
5141.0202,SKL0092,Communication,RELEVANT,2,SYNTHETIC_DEMO_MAPPING,SYNTHETIC
5141.03,SKL0046,EV Battery Maintenance,RELEVANT,1,SYNTHETIC_DEMO_MAPPING,SYNTHETIC
5141.03,SKL0022,SCADA,RELEVANT,2,SYNTHETIC_DEMO_MAPPING,SYNTHETIC
5141.99,SKL0097,Team Management,RELEVANT,4,SYNTHETIC_DEMO_MAPPING,SYNTHETIC
5141.99,SKL0095,Workplace Safety,RELEVANT,3,SYNTHETIC_DEMO_MAPPING,SYNTHETIC
5141.99,SKL0094,Microsoft Excel,RELEVANT,4,SYNTHETIC_DEMO_MAPPING,SYNTHETIC
5141.99,SKL0092,Communication,RELEVANT,2,SYNTHETIC_DEMO_MAPPING,SYNTHETIC
5142.01,SKL0098,English Communication,RELEVANT,2,SYNTHETIC_DEMO_MAPPING,SYNTHETIC
5142.01,SKL0097,Team Management,RELEVANT,3,SYNTHETIC_DEMO_MAPPING,SYNTHETIC
5142.01,SKL0096,Digital Literacy,RELEVANT,4,SYNTHETIC_DEMO_MAPPING,SYNTHETIC
5142.01,SKL0095,Workplace Safety,RELEVANT,2,SYNTHETIC_DEMO_MAPPING,SYNTHETIC
5142.0101,SKL0051,Service Operations,RELEVANT,4,SYNTHETIC_DEMO_MAPPING,SYNTHETIC
5142.0101,SKL0052,Two-Wheeler Service,RELEVANT,2,SYNTHETIC_DEMO_MAPPING,SYNTHETIC
5142.0101,SKL0062,Medical Coding,RELEVANT,3,SYNTHETIC_DEMO_MAPPING,SYNTHETIC
5142.02,SKL0093,Problem Solving,RELEVANT,1,SYNTHETIC_DEMO_MAPPING,SYNTHETIC
5142.02,SKL0098,English Communication,RELEVANT,3,SYNTHETIC_DEMO_MAPPING,SYNTHETIC
5142.0201,SKL0051,Service Operations,RELEVANT,4,SYNTHETIC_DEMO_MAPPING,SYNTHETIC
5142.0201,SKL0065,Laboratory Techniques,RELEVANT,1,SYNTHETIC_DEMO_MAPPING,SYNTHETIC
5142.0201,SKL0044,EV Systems,RELEVANT,2,SYNTHETIC_DEMO_MAPPING,SYNTHETIC
5142.03,SKL0092,Communication,RELEVANT,1,SYNTHETIC_DEMO_MAPPING,SYNTHETIC
5142.03,SKL0051,Service Operations,RELEVANT,4,SYNTHETIC_DEMO_MAPPING,SYNTHETIC
5142.03,SKL0045,Battery Management Systems,RELEVANT,4,SYNTHETIC_DEMO_MAPPING,SYNTHETIC
5142.03,SKL0050,Automotive CAD,RELEVANT,3,SYNTHETIC_DEMO_MAPPING,SYNTHETIC
5142.04,SKL0034,Welding,RELEVANT,1,SYNTHETIC_DEMO_MAPPING,SYNTHETIC
5142.04,SKL0093,Problem Solving,RELEVANT,2,SYNTHETIC_DEMO_MAPPING,SYNTHETIC
5142.04,SKL0096,Digital Literacy,RELEVANT,3,SYNTHETIC_DEMO_MAPPING,SYNTHETIC
5142.05,SKL0050,Automotive CAD,RELEVANT,2,SYNTHETIC_DEMO_MAPPING,SYNTHETIC
5142.05,SKL0052,Two-Wheeler Service,RELEVANT,2,SYNTHETIC_DEMO_MAPPING,SYNTHETIC
5142.06,SKL0026,IoT,RELEVANT,2,SYNTHETIC_DEMO_MAPPING,SYNTHETIC
5142.06,SKL0094,Microsoft Excel,RELEVANT,4,SYNTHETIC_DEMO_MAPPING,SYNTHETIC
5142.06,SKL0097,Team Management,RELEVANT,1,SYNTHETIC_DEMO_MAPPING,SYNTHETIC
5142.07,SKL0098,English Communication,RELEVANT,2,SYNTHETIC_DEMO_MAPPING,SYNTHETIC
5142.07,SKL0093,Problem Solving,RELEVANT,4,SYNTHETIC_DEMO_MAPPING,SYNTHETIC
5142.07,SKL0095,Workplace Safety,RELEVANT,2,SYNTHETIC_DEMO_MAPPING,SYNTHETIC
5142.07,SKL0094,Microsoft Excel,RELEVANT,4,SYNTHETIC_DEMO_MAPPING,SYNTHETIC
5142.99,SKL0093,Problem Solving,RELEVANT,1,SYNTHETIC_DEMO_MAPPING,SYNTHETIC
5142.99,SKL0097,Team Management,RELEVANT,1,SYNTHETIC_DEMO_MAPPING,SYNTHETIC
5142.99,SKL0096,Digital Literacy,RELEVANT,3,SYNTHETIC_DEMO_MAPPING,SYNTHETIC
5142.99,SKL0092,Communication,RELEVANT,1,SYNTHETIC_DEMO_MAPPING,SYNTHETIC
5142.99,SKL0094,Microsoft Excel,RELEVANT,3,SYNTHETIC_DEMO_MAPPING,SYNTHETIC
5151.0101,SKL0092,Communication,RELEVANT,2,SYNTHETIC_DEMO_MAPPING,SYNTHETIC
5151.0101,SKL0087,Supply Chain Management,RELEVANT,2,SYNTHETIC_DEMO_MAPPING,SYNTHETIC
5151.0101,SKL0086,Inventory Management,RELEVANT,2,SYNTHETIC_DEMO_MAPPING,SYNTHETIC
5151.0201,SKL0059,Project Planning,RELEVANT,2,SYNTHETIC_DEMO_MAPPING,SYNTHETIC
5151.0201,SKL0037,Production Planning,RELEVANT,4,SYNTHETIC_DEMO_MAPPING,SYNTHETIC
5151.0202,SKL0093,Problem Solving,RELEVANT,2,SYNTHETIC_DEMO_MAPPING,SYNTHETIC
5151.0202,SKL0096,Digital Literacy,RELEVANT,4,SYNTHETIC_DEMO_MAPPING,SYNTHETIC
5151.03,SKL0098,English Communication,RELEVANT,1,SYNTHETIC_DEMO_MAPPING,SYNTHETIC
5151.03,SKL0044,EV Systems,RELEVANT,1,SYNTHETIC_DEMO_MAPPING,SYNTHETIC
5151.04,SKL0098,English Communication,RELEVANT,3,SYNTHETIC_DEMO_MAPPING,SYNTHETIC
5151.04,SKL0096,Digital Literacy,RELEVANT,2,SYNTHETIC_DEMO_MAPPING,SYNTHETIC
5151.04,SKL0095,Workplace Safety,RELEVANT,2,SYNTHETIC_DEMO_MAPPING,SYNTHETIC
5151.04,SKL0097,Team Management,RELEVANT,2,SYNTHETIC_DEMO_MAPPING,SYNTHETIC
5151.04,SKL0092,Communication,RELEVANT,4,SYNTHETIC_DEMO_MAPPING,SYNTHETIC
5151.05,SKL0097,Team Management,RELEVANT,4,SYNTHETIC_DEMO_MAPPING,SYNTHETIC
5151.05,SKL0049,Electric Motor Systems,RELEVANT,2,SYNTHETIC_DEMO_MAPPING,SYNTHETIC
5151.06,SKL0046,EV Battery Maintenance,RELEVANT,2,SYNTHETIC_DEMO_MAPPING,SYNTHETIC
5151.06,SKL0093,Problem Solving,RELEVANT,2,SYNTHETIC_DEMO_MAPPING,SYNTHETIC
5151.06,SKL0086,Inventory Management,RELEVANT,1,SYNTHETIC_DEMO_MAPPING,SYNTHETIC
5151.0701,SKL0095,Workplace Safety,RELEVANT,3,SYNTHETIC_DEMO_MAPPING,SYNTHETIC
5151.0701,SKL0046,EV Battery Maintenance,RELEVANT,4,SYNTHETIC_DEMO_MAPPING,SYNTHETIC
5151.0701,SKL0044,EV Systems,RELEVANT,2,SYNTHETIC_DEMO_MAPPING,SYNTHETIC
5151.0701,SKL0049,Electric Motor Systems,RELEVANT,1,SYNTHETIC_DEMO_MAPPING,SYNTHETIC
5151.08,SKL0097,Team Management,RELEVANT,4,SYNTHETIC_DEMO_MAPPING,SYNTHETIC
5151.08,SKL0048,Auto Electrical,RELEVANT,4,SYNTHETIC_DEMO_MAPPING,SYNTHETIC
5151.08,SKL0092,Communication,RELEVANT,4,SYNTHETIC_DEMO_MAPPING,SYNTHETIC
5151.08,SKL0050,Automotive CAD,RELEVANT,2,SYNTHETIC_DEMO_MAPPING,SYNTHETIC
5151.99,SKL0097,Team Management,RELEVANT,1,SYNTHETIC_DEMO_MAPPING,SYNTHETIC
5151.99,SKL0093,Problem Solving,RELEVANT,2,SYNTHETIC_DEMO_MAPPING,SYNTHETIC
5151.99,SKL0098,English Communication,RELEVANT,4,SYNTHETIC_DEMO_MAPPING,SYNTHETIC
5152.01,SKL0076,Customer Service,RELEVANT,4,SYNTHETIC_DEMO_MAPPING,SYNTHETIC
5152.01,SKL0093,Problem Solving,RELEVANT,2,SYNTHETIC_DEMO_MAPPING,SYNTHETIC
5152.01,SKL0070,GST,RELEVANT,3,SYNTHETIC_DEMO_MAPPING,SYNTHETIC
5152.01,SKL0075,Sales,RELEVANT,3,SYNTHETIC_DEMO_MAPPING,SYNTHETIC
5152.99,SKL0093,Problem Solving,RELEVANT,3,SYNTHETIC_DEMO_MAPPING,SYNTHETIC
5152.99,SKL0097,Team Management,RELEVANT,4,SYNTHETIC_DEMO_MAPPING,SYNTHETIC
5152.99,SKL0096,Digital Literacy,RELEVANT,3,SYNTHETIC_DEMO_MAPPING,SYNTHETIC
5152.99,SKL0094,Microsoft Excel,RELEVANT,3,SYNTHETIC_DEMO_MAPPING,SYNTHETIC
5152.99,SKL0098,English Communication,RELEVANT,4,SYNTHETIC_DEMO_MAPPING,SYNTHETIC
5153.01,SKL0093,Problem Solving,RELEVANT,4,SYNTHETIC_DEMO_MAPPING,SYNTHETIC
5153.01,SKL0094,Microsoft Excel,RELEVANT,4,SYNTHETIC_DEMO_MAPPING,SYNTHETIC
5153.02,SKL0092,Communication,RELEVANT,4,SYNTHETIC_DEMO_MAPPING,SYNTHETIC
5153.02,SKL0093,Problem Solving,RELEVANT,4,SYNTHETIC_DEMO_MAPPING,SYNTHETIC
5153.02,SKL0095,Workplace Safety,RELEVANT,1,SYNTHETIC_DEMO_MAPPING,SYNTHETIC
5153.03,SKL0089,Forklift Operation,RELEVANT,2,SYNTHETIC_DEMO_MAPPING,SYNTHETIC
5153.03,SKL0092,Communication,RELEVANT,3,SYNTHETIC_DEMO_MAPPING,SYNTHETIC
5153.03,SKL0086,Inventory Management,RELEVANT,4,SYNTHETIC_DEMO_MAPPING,SYNTHETIC
5153.99,SKL0059,Project Planning,RELEVANT,4,SYNTHETIC_DEMO_MAPPING,SYNTHETIC
5153.99,SKL0056,Construction Safety,RELEVANT,1,SYNTHETIC_DEMO_MAPPING,SYNTHETIC
5153.99,SKL0058,Surveying,RELEVANT,1,SYNTHETIC_DEMO_MAPPING,SYNTHETIC
5161.01,SKL0063,Clinical Documentation,RELEVANT,2,SYNTHETIC_DEMO_MAPPING,SYNTHETIC
5161.01,SKL0094,Microsoft Excel,RELEVANT,1,SYNTHETIC_DEMO_MAPPING,SYNTHETIC
5161.01,SKL0092,Communication,RELEVANT,4,SYNTHETIC_DEMO_MAPPING,SYNTHETIC
5161.01,SKL0096,Digital Literacy,RELEVANT,3,SYNTHETIC_DEMO_MAPPING,SYNTHETIC
5161.02,SKL0092,Communication,RELEVANT,4,SYNTHETIC_DEMO_MAPPING,SYNTHETIC
5161.02,SKL0095,Workplace Safety,RELEVANT,1,SYNTHETIC_DEMO_MAPPING,SYNTHETIC
5161.02,SKL0093,Problem Solving,RELEVANT,2,SYNTHETIC_DEMO_MAPPING,SYNTHETIC
5161.02,SKL0096,Digital Literacy,RELEVANT,1,SYNTHETIC_DEMO_MAPPING,SYNTHETIC
5161.99,SKL0092,Communication,RELEVANT,1,SYNTHETIC_DEMO_MAPPING,SYNTHETIC
5161.99,SKL0095,Workplace Safety,RELEVANT,2,SYNTHETIC_DEMO_MAPPING,SYNTHETIC
5163.01,SKL0043,Automotive Diagnostics,RELEVANT,2,SYNTHETIC_DEMO_MAPPING,SYNTHETIC
5163.01,SKL0008,SQL,RELEVANT,3,SYNTHETIC_DEMO_MAPPING,SYNTHETIC
5163.01,SKL0092,Communication,RELEVANT,3,SYNTHETIC_DEMO_MAPPING,SYNTHETIC
5163.01,SKL0004,TypeScript,RELEVANT,3,SYNTHETIC_DEMO_MAPPING,SYNTHETIC
5163.01,SKL0097,Team Management,RELEVANT,1,SYNTHETIC_DEMO_MAPPING,SYNTHETIC
5163.02,SKL0093,Problem Solving,RELEVANT,1,SYNTHETIC_DEMO_MAPPING,SYNTHETIC
5163.02,SKL0094,Microsoft Excel,RELEVANT,2,SYNTHETIC_DEMO_MAPPING,SYNTHETIC
5163.03,SKL0097,Team Management,RELEVANT,4,SYNTHETIC_DEMO_MAPPING,SYNTHETIC
5163.03,SKL0094,Microsoft Excel,RELEVANT,1,SYNTHETIC_DEMO_MAPPING,SYNTHETIC
5163.03,SKL0093,Problem Solving,RELEVANT,2,SYNTHETIC_DEMO_MAPPING,SYNTHETIC
5163.99,SKL0097,Team Management,RELEVANT,3,SYNTHETIC_DEMO_MAPPING,SYNTHETIC
5163.99,SKL0093,Problem Solving,RELEVANT,1,SYNTHETIC_DEMO_MAPPING,SYNTHETIC
5163.99,SKL0092,Communication,RELEVANT,4,SYNTHETIC_DEMO_MAPPING,SYNTHETIC
5165.0101,SKL0098,English Communication,RELEVANT,4,SYNTHETIC_DEMO_MAPPING,SYNTHETIC
5165.0101,SKL0094,Microsoft Excel,RELEVANT,1,SYNTHETIC_DEMO_MAPPING,SYNTHETIC
5165.0101,SKL0052,Two-Wheeler Service,RELEVANT,2,SYNTHETIC_DEMO_MAPPING,SYNTHETIC
5165.0101,SKL0050,Automotive CAD,RELEVANT,3,SYNTHETIC_DEMO_MAPPING,SYNTHETIC
5211.01,SKL0073,Business Analysis,RELEVANT,1,SYNTHETIC_DEMO_MAPPING,SYNTHETIC
5211.01,SKL0095,Workplace Safety,RELEVANT,4,SYNTHETIC_DEMO_MAPPING,SYNTHETIC
5211.01,SKL0072,Excel,RELEVANT,2,SYNTHETIC_DEMO_MAPPING,SYNTHETIC
5211.01,SKL0046,EV Battery Maintenance,RELEVANT,3,SYNTHETIC_DEMO_MAPPING,SYNTHETIC
5211.01,SKL0097,Team Management,RELEVANT,2,SYNTHETIC_DEMO_MAPPING,SYNTHETIC
5211.02,SKL0092,Communication,RELEVANT,4,SYNTHETIC_DEMO_MAPPING,SYNTHETIC
5211.02,SKL0035,Quality Control,RELEVANT,3,SYNTHETIC_DEMO_MAPPING,SYNTHETIC
5211.02,SKL0098,English Communication,RELEVANT,1,SYNTHETIC_DEMO_MAPPING,SYNTHETIC
5211.02,SKL0074,Digital Marketing,RELEVANT,4,SYNTHETIC_DEMO_MAPPING,SYNTHETIC
5211.03,SKL0046,EV Battery Maintenance,RELEVANT,3,SYNTHETIC_DEMO_MAPPING,SYNTHETIC
5211.03,SKL0050,Automotive CAD,RELEVANT,4,SYNTHETIC_DEMO_MAPPING,SYNTHETIC
5211.0301,SKL0048,Auto Electrical,RELEVANT,3,SYNTHETIC_DEMO_MAPPING,SYNTHETIC
5211.0301,SKL0071,Financial Analysis,RELEVANT,2,SYNTHETIC_DEMO_MAPPING,SYNTHETIC
5211.0301,SKL0068,Accounting,RELEVANT,3,SYNTHETIC_DEMO_MAPPING,SYNTHETIC
5211.0301,SKL0094,Microsoft Excel,RELEVANT,2,SYNTHETIC_DEMO_MAPPING,SYNTHETIC
5211.0301,SKL0095,Workplace Safety,RELEVANT,4,SYNTHETIC_DEMO_MAPPING,SYNTHETIC
5211.0302,SKL0098,English Communication,RELEVANT,2,SYNTHETIC_DEMO_MAPPING,SYNTHETIC
5211.0302,SKL0097,Team Management,RELEVANT,4,SYNTHETIC_DEMO_MAPPING,SYNTHETIC
5211.0302,SKL0093,Problem Solving,RELEVANT,3,SYNTHETIC_DEMO_MAPPING,SYNTHETIC
5211.0302,SKL0094,Microsoft Excel,RELEVANT,1,SYNTHETIC_DEMO_MAPPING,SYNTHETIC
5211.99,SKL0097,Team Management,RELEVANT,2,SYNTHETIC_DEMO_MAPPING,SYNTHETIC
5211.99,SKL0073,Business Analysis,RELEVANT,2,SYNTHETIC_DEMO_MAPPING,SYNTHETIC
5211.99,SKL0071,Financial Analysis,RELEVANT,1,SYNTHETIC_DEMO_MAPPING,SYNTHETIC
5211.99,SKL0068,Accounting,RELEVANT,1,SYNTHETIC_DEMO_MAPPING,SYNTHETIC
5212.01,SKL0098,English Communication,RELEVANT,3,SYNTHETIC_DEMO_MAPPING,SYNTHETIC
5212.01,SKL0094,Microsoft Excel,RELEVANT,1,SYNTHETIC_DEMO_MAPPING,SYNTHETIC
5212.01,SKL0095,Workplace Safety,RELEVANT,2,SYNTHETIC_DEMO_MAPPING,SYNTHETIC
5212.01,SKL0097,Team Management,RELEVANT,4,SYNTHETIC_DEMO_MAPPING,SYNTHETIC
5212.01,SKL0096,Digital Literacy,RELEVANT,4,SYNTHETIC_DEMO_MAPPING,SYNTHETIC
5212.99,SKL0093,Problem Solving,RELEVANT,4,SYNTHETIC_DEMO_MAPPING,SYNTHETIC
5212.99,SKL0096,Digital Literacy,RELEVANT,4,SYNTHETIC_DEMO_MAPPING,SYNTHETIC
5212.99,SKL0098,English Communication,RELEVANT,1,SYNTHETIC_DEMO_MAPPING,SYNTHETIC
5222.01,SKL0094,Microsoft Excel,RELEVANT,1,SYNTHETIC_DEMO_MAPPING,SYNTHETIC
5222.01,SKL0052,Two-Wheeler Service,RELEVANT,1,SYNTHETIC_DEMO_MAPPING,SYNTHETIC
5222.01,SKL0089,Forklift Operation,RELEVANT,2,SYNTHETIC_DEMO_MAPPING,SYNTHETIC
5222.01,SKL0095,Workplace Safety,RELEVANT,3,SYNTHETIC_DEMO_MAPPING,SYNTHETIC
5222.0101,SKL0077,Supply Chain,RELEVANT,3,SYNTHETIC_DEMO_MAPPING,SYNTHETIC
5222.0101,SKL0073,Business Analysis,RELEVANT,3,SYNTHETIC_DEMO_MAPPING,SYNTHETIC
5222.0101,SKL0068,Accounting,RELEVANT,4,SYNTHETIC_DEMO_MAPPING,SYNTHETIC
5222.0101,SKL0094,Microsoft Excel,RELEVANT,4,SYNTHETIC_DEMO_MAPPING,SYNTHETIC
5222.0201,SKL0071,Financial Analysis,RELEVANT,4,SYNTHETIC_DEMO_MAPPING,SYNTHETIC
5222.0201,SKL0072,Excel,RELEVANT,1,SYNTHETIC_DEMO_MAPPING,SYNTHETIC
5222.0201,SKL0093,Problem Solving,RELEVANT,3,SYNTHETIC_DEMO_MAPPING,SYNTHETIC
5222.0201,SKL0098,English Communication,RELEVANT,3,SYNTHETIC_DEMO_MAPPING,SYNTHETIC
5222.0201,SKL0094,Microsoft Excel,RELEVANT,1,SYNTHETIC_DEMO_MAPPING,SYNTHETIC
5223.01,SKL0089,Forklift Operation,RELEVANT,4,SYNTHETIC_DEMO_MAPPING,SYNTHETIC
5223.01,SKL0095,Workplace Safety,RELEVANT,3,SYNTHETIC_DEMO_MAPPING,SYNTHETIC
5223.01,SKL0071,Financial Analysis,RELEVANT,3,SYNTHETIC_DEMO_MAPPING,SYNTHETIC
5223.01,SKL0068,Accounting,RELEVANT,1,SYNTHETIC_DEMO_MAPPING,SYNTHETIC
5223.01,SKL0097,Team Management,RELEVANT,4,SYNTHETIC_DEMO_MAPPING,SYNTHETIC
5223.0101,SKL0040,Mechanical Assembly,RELEVANT,4,SYNTHETIC_DEMO_MAPPING,SYNTHETIC
5223.0101,SKL0034,Welding,RELEVANT,1,SYNTHETIC_DEMO_MAPPING,SYNTHETIC
5223.0101,SKL0094,Microsoft Excel,RELEVANT,1,SYNTHETIC_DEMO_MAPPING,SYNTHETIC
5223.0102,SKL0093,Problem Solving,RELEVANT,2,SYNTHETIC_DEMO_MAPPING,SYNTHETIC
5223.0102,SKL0071,Financial Analysis,RELEVANT,4,SYNTHETIC_DEMO_MAPPING,SYNTHETIC
5223.0102,SKL0073,Business Analysis,RELEVANT,1,SYNTHETIC_DEMO_MAPPING,SYNTHETIC
5223.0102,SKL0094,Microsoft Excel,RELEVANT,2,SYNTHETIC_DEMO_MAPPING,SYNTHETIC
5223.0102,SKL0098,English Communication,RELEVANT,1,SYNTHETIC_DEMO_MAPPING,SYNTHETIC
5223.0103,SKL0093,Problem Solving,RELEVANT,1,SYNTHETIC_DEMO_MAPPING,SYNTHETIC
5223.0103,SKL0097,Team Management,RELEVANT,2,SYNTHETIC_DEMO_MAPPING,SYNTHETIC
5223.0103,SKL0068,Accounting,RELEVANT,3,SYNTHETIC_DEMO_MAPPING,SYNTHETIC
5223.0103,SKL0095,Workplace Safety,RELEVANT,1,SYNTHETIC_DEMO_MAPPING,SYNTHETIC
5223.0104,SKL0041,AutoCAD,RELEVANT,3,SYNTHETIC_DEMO_MAPPING,SYNTHETIC
5223.0104,SKL0031,CNC Programming,RELEVANT,3,SYNTHETIC_DEMO_MAPPING,SYNTHETIC
5223.0104,SKL0034,Welding,RELEVANT,1,SYNTHETIC_DEMO_MAPPING,SYNTHETIC
5223.0105,SKL0077,Supply Chain,RELEVANT,2,SYNTHETIC_DEMO_MAPPING,SYNTHETIC
5223.0105,SKL0073,Business Analysis,RELEVANT,4,SYNTHETIC_DEMO_MAPPING,SYNTHETIC
5223.0105,SKL0094,Microsoft Excel,RELEVANT,1,SYNTHETIC_DEMO_MAPPING,SYNTHETIC
5223.0105,SKL0045,Battery Management Systems,RELEVANT,3,SYNTHETIC_DEMO_MAPPING,SYNTHETIC
5223.0105,SKL0075,Sales,RELEVANT,1,SYNTHETIC_DEMO_MAPPING,SYNTHETIC
5241.01,SKL0096,Digital Literacy,RELEVANT,4,SYNTHETIC_DEMO_MAPPING,SYNTHETIC
5241.01,SKL0094,Microsoft Excel,RELEVANT,3,SYNTHETIC_DEMO_MAPPING,SYNTHETIC
5241.01,SKL0098,English Communication,RELEVANT,3,SYNTHETIC_DEMO_MAPPING,SYNTHETIC
5241.02,SKL0093,Problem Solving,RELEVANT,3,SYNTHETIC_DEMO_MAPPING,SYNTHETIC
5241.02,SKL0092,Communication,RELEVANT,4,SYNTHETIC_DEMO_MAPPING,SYNTHETIC
5241.02,SKL0096,Digital Literacy,RELEVANT,3,SYNTHETIC_DEMO_MAPPING,SYNTHETIC
5241.02,SKL0098,English Communication,RELEVANT,3,SYNTHETIC_DEMO_MAPPING,SYNTHETIC
5241.02,SKL0097,Team Management,RELEVANT,2,SYNTHETIC_DEMO_MAPPING,SYNTHETIC
5241.99,SKL0098,English Communication,RELEVANT,1,SYNTHETIC_DEMO_MAPPING,SYNTHETIC
5241.99,SKL0095,Workplace Safety,RELEVANT,1,SYNTHETIC_DEMO_MAPPING,SYNTHETIC
5241.99,SKL0092,Communication,RELEVANT,4,SYNTHETIC_DEMO_MAPPING,SYNTHETIC
5242.0101,SKL0037,Production Planning,RELEVANT,1,SYNTHETIC_DEMO_MAPPING,SYNTHETIC
5242.0101,SKL0036,Lean Manufacturing,RELEVANT,1,SYNTHETIC_DEMO_MAPPING,SYNTHETIC
5242.0102,SKL0095,Workplace Safety,RELEVANT,1,SYNTHETIC_DEMO_MAPPING,SYNTHETIC
5242.0102,SKL0076,Customer Service,RELEVANT,1,SYNTHETIC_DEMO_MAPPING,SYNTHETIC
5242.0102,SKL0093,Problem Solving,RELEVANT,4,SYNTHETIC_DEMO_MAPPING,SYNTHETIC
5242.0102,SKL0047,Vehicle Diagnostics,RELEVANT,3,SYNTHETIC_DEMO_MAPPING,SYNTHETIC
5242.0102,SKL0051,Service Operations,RELEVANT,1,SYNTHETIC_DEMO_MAPPING,SYNTHETIC
5242.0201,SKL0049,Electric Motor Systems,RELEVANT,3,SYNTHETIC_DEMO_MAPPING,SYNTHETIC
5242.0201,SKL0052,Two-Wheeler Service,RELEVANT,4,SYNTHETIC_DEMO_MAPPING,SYNTHETIC
5242.0301,SKL0048,Auto Electrical,RELEVANT,1,SYNTHETIC_DEMO_MAPPING,SYNTHETIC
5242.0301,SKL0093,Problem Solving,RELEVANT,1,SYNTHETIC_DEMO_MAPPING,SYNTHETIC
5242.0401,SKL0044,EV Systems,RELEVANT,2,SYNTHETIC_DEMO_MAPPING,SYNTHETIC
5242.0401,SKL0051,Service Operations,RELEVANT,4,SYNTHETIC_DEMO_MAPPING,SYNTHETIC
5242.0401,SKL0047,Vehicle Diagnostics,RELEVANT,2,SYNTHETIC_DEMO_MAPPING,SYNTHETIC
5242.0501,SKL0093,Problem Solving,RELEVANT,2,SYNTHETIC_DEMO_MAPPING,SYNTHETIC
5242.0501,SKL0043,Automotive Diagnostics,RELEVANT,2,SYNTHETIC_DEMO_MAPPING,SYNTHETIC
5242.0501,SKL0097,Team Management,RELEVANT,2,SYNTHETIC_DEMO_MAPPING,SYNTHETIC
5242.0501,SKL0032,CNC Operation,RELEVANT,4,SYNTHETIC_DEMO_MAPPING,SYNTHETIC
5242.0502,SKL0013,AWS,RELEVANT,4,SYNTHETIC_DEMO_MAPPING,SYNTHETIC
5242.0502,SKL0007,Node.js,RELEVANT,1,SYNTHETIC_DEMO_MAPPING,SYNTHETIC
5242.0502,SKL0001,Python,RELEVANT,4,SYNTHETIC_DEMO_MAPPING,SYNTHETIC
5242.0502,SKL0098,English Communication,RELEVANT,1,SYNTHETIC_DEMO_MAPPING,SYNTHETIC
5242.99,SKL0069,Tally,RELEVANT,4,SYNTHETIC_DEMO_MAPPING,SYNTHETIC
5242.99,SKL0043,Automotive Diagnostics,RELEVANT,4,SYNTHETIC_DEMO_MAPPING,SYNTHETIC
5242.99,SKL0047,Vehicle Diagnostics,RELEVANT,1,SYNTHETIC_DEMO_MAPPING,SYNTHETIC
5242.99,SKL0092,Communication,RELEVANT,3,SYNTHETIC_DEMO_MAPPING,SYNTHETIC
5242.99,SKL0076,Customer Service,RELEVANT,2,SYNTHETIC_DEMO_MAPPING,SYNTHETIC
5243.01,SKL0092,Communication,RELEVANT,4,SYNTHETIC_DEMO_MAPPING,SYNTHETIC
5243.01,SKL0071,Financial Analysis,RELEVANT,4,SYNTHETIC_DEMO_MAPPING,SYNTHETIC
5243.01,SKL0073,Business Analysis,RELEVANT,4,SYNTHETIC_DEMO_MAPPING,SYNTHETIC
5243.01,SKL0098,English Communication,RELEVANT,4,SYNTHETIC_DEMO_MAPPING,SYNTHETIC
5243.02,SKL0074,Digital Marketing,RELEVANT,1,SYNTHETIC_DEMO_MAPPING,SYNTHETIC
5243.02,SKL0073,Business Analysis,RELEVANT,1,SYNTHETIC_DEMO_MAPPING,SYNTHETIC
5243.03,SKL0070,GST,RELEVANT,3,SYNTHETIC_DEMO_MAPPING,SYNTHETIC
5243.03,SKL0051,Service Operations,RELEVANT,3,SYNTHETIC_DEMO_MAPPING,SYNTHETIC
5243.03,SKL0073,Business Analysis,RELEVANT,3,SYNTHETIC_DEMO_MAPPING,SYNTHETIC
5243.03,SKL0088,Fleet Management,RELEVANT,1,SYNTHETIC_DEMO_MAPPING,SYNTHETIC
5243.0401,SKL0073,Business Analysis,RELEVANT,1,SYNTHETIC_DEMO_MAPPING,SYNTHETIC
5243.0401,SKL0069,Tally,RELEVANT,1,SYNTHETIC_DEMO_MAPPING,SYNTHETIC
5243.0401,SKL0095,Workplace Safety,RELEVANT,4,SYNTHETIC_DEMO_MAPPING,SYNTHETIC
5243.0501,SKL0047,Vehicle Diagnostics,RELEVANT,3,SYNTHETIC_DEMO_MAPPING,SYNTHETIC
5243.0501,SKL0075,Sales,RELEVANT,3,SYNTHETIC_DEMO_MAPPING,SYNTHETIC
5243.0501,SKL0068,Accounting,RELEVANT,3,SYNTHETIC_DEMO_MAPPING,SYNTHETIC
5243.0501,SKL0048,Auto Electrical,RELEVANT,4,SYNTHETIC_DEMO_MAPPING,SYNTHETIC
5243.0501,SKL0072,Excel,RELEVANT,4,SYNTHETIC_DEMO_MAPPING,SYNTHETIC
5243.0502,SKL0070,GST,RELEVANT,4,SYNTHETIC_DEMO_MAPPING,SYNTHETIC
5243.0502,SKL0095,Workplace Safety,RELEVANT,3,SYNTHETIC_DEMO_MAPPING,SYNTHETIC
5243.0502,SKL0098,English Communication,RELEVANT,4,SYNTHETIC_DEMO_MAPPING,SYNTHETIC
5243.99,SKL0096,Digital Literacy,RELEVANT,3,SYNTHETIC_DEMO_MAPPING,SYNTHETIC
5243.99,SKL0076,Customer Service,RELEVANT,4,SYNTHETIC_DEMO_MAPPING,SYNTHETIC
5243.99,SKL0069,Tally,RELEVANT,3,SYNTHETIC_DEMO_MAPPING,SYNTHETIC
5244.01,SKL0050,Automotive CAD,RELEVANT,3,SYNTHETIC_DEMO_MAPPING,SYNTHETIC
5244.01,SKL0097,Team Management,RELEVANT,3,SYNTHETIC_DEMO_MAPPING,SYNTHETIC
5244.01,SKL0049,Electric Motor Systems,RELEVANT,4,SYNTHETIC_DEMO_MAPPING,SYNTHETIC
5244.01,SKL0048,Auto Electrical,RELEVANT,1,SYNTHETIC_DEMO_MAPPING,SYNTHETIC
5244.0101,SKL0020,Figma,RELEVANT,4,SYNTHETIC_DEMO_MAPPING,SYNTHETIC
5244.0101,SKL0014,Azure,RELEVANT,1,SYNTHETIC_DEMO_MAPPING,SYNTHETIC
5244.0101,SKL0001,Python,RELEVANT,1,SYNTHETIC_DEMO_MAPPING,SYNTHETIC
5244.0101,SKL0019,UI/UX Design,RELEVANT,2,SYNTHETIC_DEMO_MAPPING,SYNTHETIC
5244.0101,SKL0002,Java,RELEVANT,4,SYNTHETIC_DEMO_MAPPING,SYNTHETIC
5244.0102,SKL0015,Power BI,RELEVANT,3,SYNTHETIC_DEMO_MAPPING,SYNTHETIC
5244.0102,SKL0095,Workplace Safety,RELEVANT,1,SYNTHETIC_DEMO_MAPPING,SYNTHETIC
5244.0102,SKL0004,TypeScript,RELEVANT,3,SYNTHETIC_DEMO_MAPPING,SYNTHETIC
5244.0102,SKL0012,Docker,RELEVANT,2,SYNTHETIC_DEMO_MAPPING,SYNTHETIC
5244.0102,SKL0093,Problem Solving,RELEVANT,4,SYNTHETIC_DEMO_MAPPING,SYNTHETIC
5244.0103,SKL0069,Tally,RELEVANT,3,SYNTHETIC_DEMO_MAPPING,SYNTHETIC
5244.0103,SKL0046,EV Battery Maintenance,RELEVANT,3,SYNTHETIC_DEMO_MAPPING,SYNTHETIC
5244.0201,SKL0094,Microsoft Excel,RELEVANT,2,SYNTHETIC_DEMO_MAPPING,SYNTHETIC
5244.0201,SKL0018,Cybersecurity,RELEVANT,3,SYNTHETIC_DEMO_MAPPING,SYNTHETIC
5244.0202,SKL0004,TypeScript,RELEVANT,1,SYNTHETIC_DEMO_MAPPING,SYNTHETIC
5244.0202,SKL0011,Git,RELEVANT,3,SYNTHETIC_DEMO_MAPPING,SYNTHETIC
5244.0202,SKL0008,SQL,RELEVANT,1,SYNTHETIC_DEMO_MAPPING,SYNTHETIC
5244.0202,SKL0017,Machine Learning,RELEVANT,2,SYNTHETIC_DEMO_MAPPING,SYNTHETIC
5244.0202,SKL0009,PostgreSQL,RELEVANT,4,SYNTHETIC_DEMO_MAPPING,SYNTHETIC
5244.0203,SKL0070,GST,RELEVANT,1,SYNTHETIC_DEMO_MAPPING,SYNTHETIC
5244.0203,SKL0074,Digital Marketing,RELEVANT,3,SYNTHETIC_DEMO_MAPPING,SYNTHETIC
5244.0203,SKL0093,Problem Solving,RELEVANT,1,SYNTHETIC_DEMO_MAPPING,SYNTHETIC
5244.0203,SKL0071,Financial Analysis,RELEVANT,3,SYNTHETIC_DEMO_MAPPING,SYNTHETIC
5244.0301,SKL0074,Digital Marketing,RELEVANT,1,SYNTHETIC_DEMO_MAPPING,SYNTHETIC
5244.0301,SKL0068,Accounting,RELEVANT,3,SYNTHETIC_DEMO_MAPPING,SYNTHETIC
5244.0302,SKL0027,Sensors,RELEVANT,4,SYNTHETIC_DEMO_MAPPING,SYNTHETIC
5244.0302,SKL0029,Control Systems,RELEVANT,4,SYNTHETIC_DEMO_MAPPING,SYNTHETIC
5244.0302,SKL0021,PLC,RELEVANT,4,SYNTHETIC_DEMO_MAPPING,SYNTHETIC
5244.0302,SKL0025,Industrial Automation,RELEVANT,4,SYNTHETIC_DEMO_MAPPING,SYNTHETIC
5244.0303,SKL0096,Digital Literacy,RELEVANT,2,SYNTHETIC_DEMO_MAPPING,SYNTHETIC
5244.0303,SKL0047,Vehicle Diagnostics,RELEVANT,2,SYNTHETIC_DEMO_MAPPING,SYNTHETIC
5244.0303,SKL0095,Workplace Safety,RELEVANT,3,SYNTHETIC_DEMO_MAPPING,SYNTHETIC
5244.0303,SKL0097,Team Management,RELEVANT,1,SYNTHETIC_DEMO_MAPPING,SYNTHETIC
5245.0101,SKL0068,Accounting,RELEVANT,2,SYNTHETIC_DEMO_MAPPING,SYNTHETIC
5245.0101,SKL0050,Automotive CAD,RELEVANT,3,SYNTHETIC_DEMO_MAPPING,SYNTHETIC
5245.0101,SKL0045,Battery Management Systems,RELEVANT,1,SYNTHETIC_DEMO_MAPPING,SYNTHETIC
5249.0101,SKL0096,Digital Literacy,RELEVANT,1,SYNTHETIC_DEMO_MAPPING,SYNTHETIC
5249.0101,SKL0046,EV Battery Maintenance,RELEVANT,2,SYNTHETIC_DEMO_MAPPING,SYNTHETIC
5249.0101,SKL0045,Battery Management Systems,RELEVANT,3,SYNTHETIC_DEMO_MAPPING,SYNTHETIC
5249.0101,SKL0044,EV Systems,RELEVANT,4,SYNTHETIC_DEMO_MAPPING,SYNTHETIC
5249.02,SKL0046,EV Battery Maintenance,RELEVANT,4,SYNTHETIC_DEMO_MAPPING,SYNTHETIC
5249.02,SKL0074,Digital Marketing,RELEVANT,2,SYNTHETIC_DEMO_MAPPING,SYNTHETIC
5249.02,SKL0048,Auto Electrical,RELEVANT,3,SYNTHETIC_DEMO_MAPPING,SYNTHETIC
5249.02,SKL0094,Microsoft Excel,RELEVANT,4,SYNTHETIC_DEMO_MAPPING,SYNTHETIC
5249.0201,SKL0095,Workplace Safety,RELEVANT,4,SYNTHETIC_DEMO_MAPPING,SYNTHETIC
5249.0201,SKL0098,English Communication,RELEVANT,1,SYNTHETIC_DEMO_MAPPING,SYNTHETIC
5249.0201,SKL0069,Tally,RELEVANT,4,SYNTHETIC_DEMO_MAPPING,SYNTHETIC
5249.0201,SKL0094,Microsoft Excel,RELEVANT,4,SYNTHETIC_DEMO_MAPPING,SYNTHETIC
5249.0201,SKL0071,Financial Analysis,RELEVANT,3,SYNTHETIC_DEMO_MAPPING,SYNTHETIC
5249.0202,SKL0047,Vehicle Diagnostics,RELEVANT,3,SYNTHETIC_DEMO_MAPPING,SYNTHETIC
5249.0202,SKL0052,Two-Wheeler Service,RELEVANT,4,SYNTHETIC_DEMO_MAPPING,SYNTHETIC
5249.0202,SKL0049,Electric Motor Systems,RELEVANT,4,SYNTHETIC_DEMO_MAPPING,SYNTHETIC
5249.0301,SKL0092,Communication,RELEVANT,3,SYNTHETIC_DEMO_MAPPING,SYNTHETIC
5249.0301,SKL0093,Problem Solving,RELEVANT,1,SYNTHETIC_DEMO_MAPPING,SYNTHETIC
5249.0301,SKL0069,Tally,RELEVANT,4,SYNTHETIC_DEMO_MAPPING,SYNTHETIC
5249.0301,SKL0072,Excel,RELEVANT,4,SYNTHETIC_DEMO_MAPPING,SYNTHETIC
5249.0301,SKL0075,Sales,RELEVANT,3,SYNTHETIC_DEMO_MAPPING,SYNTHETIC
5249.04,SKL0097,Team Management,RELEVANT,3,SYNTHETIC_DEMO_MAPPING,SYNTHETIC
5249.04,SKL0035,Quality Control,RELEVANT,4,SYNTHETIC_DEMO_MAPPING,SYNTHETIC
5249.05,SKL0096,Digital Literacy,RELEVANT,2,SYNTHETIC_DEMO_MAPPING,SYNTHETIC
5249.05,SKL0074,Digital Marketing,RELEVANT,1,SYNTHETIC_DEMO_MAPPING,SYNTHETIC
5249.05,SKL0098,English Communication,RELEVANT,2,SYNTHETIC_DEMO_MAPPING,SYNTHETIC
5249.06,SKL0037,Production Planning,RELEVANT,4,SYNTHETIC_DEMO_MAPPING,SYNTHETIC
5249.06,SKL0033,Machine Maintenance,RELEVANT,1,SYNTHETIC_DEMO_MAPPING,SYNTHETIC
5249.06,SKL0034,Welding,RELEVANT,4,SYNTHETIC_DEMO_MAPPING,SYNTHETIC
5249.06,SKL0072,Excel,RELEVANT,4,SYNTHETIC_DEMO_MAPPING,SYNTHETIC
5249.07,SKL0072,Excel,RELEVANT,3,SYNTHETIC_DEMO_MAPPING,SYNTHETIC
5249.07,SKL0076,Customer Service,RELEVANT,4,SYNTHETIC_DEMO_MAPPING,SYNTHETIC
5249.07,SKL0031,CNC Programming,RELEVANT,2,SYNTHETIC_DEMO_MAPPING,SYNTHETIC
5311.01,SKL0096,Digital Literacy,RELEVANT,3,SYNTHETIC_DEMO_MAPPING,SYNTHETIC
5311.01,SKL0098,English Communication,RELEVANT,3,SYNTHETIC_DEMO_MAPPING,SYNTHETIC
5311.01,SKL0092,Communication,RELEVANT,3,SYNTHETIC_DEMO_MAPPING,SYNTHETIC
5311.02,SKL0068,Accounting,RELEVANT,3,SYNTHETIC_DEMO_MAPPING,SYNTHETIC
5311.02,SKL0095,Workplace Safety,RELEVANT,2,SYNTHETIC_DEMO_MAPPING,SYNTHETIC
5311.03,SKL0063,Clinical Documentation,RELEVANT,3,SYNTHETIC_DEMO_MAPPING,SYNTHETIC
5311.03,SKL0098,English Communication,RELEVANT,1,SYNTHETIC_DEMO_MAPPING,SYNTHETIC
5311.03,SKL0065,Laboratory Techniques,RELEVANT,3,SYNTHETIC_DEMO_MAPPING,SYNTHETIC
5311.03,SKL0062,Medical Coding,RELEVANT,4,SYNTHETIC_DEMO_MAPPING,SYNTHETIC
5311.03,SKL0061,Patient Care,RELEVANT,1,SYNTHETIC_DEMO_MAPPING,SYNTHETIC
5311.04,SKL0064,Pharmacy Operations,RELEVANT,3,SYNTHETIC_DEMO_MAPPING,SYNTHETIC
5311.04,SKL0097,Team Management,RELEVANT,1,SYNTHETIC_DEMO_MAPPING,SYNTHETIC
5311.04,SKL0095,Workplace Safety,RELEVANT,3,SYNTHETIC_DEMO_MAPPING,SYNTHETIC
5311.99,SKL0096,Digital Literacy,RELEVANT,1,SYNTHETIC_DEMO_MAPPING,SYNTHETIC
5311.99,SKL0095,Workplace Safety,RELEVANT,1,SYNTHETIC_DEMO_MAPPING,SYNTHETIC
5311.99,SKL0097,Team Management,RELEVANT,2,SYNTHETIC_DEMO_MAPPING,SYNTHETIC
5311.99,SKL0098,English Communication,RELEVANT,1,SYNTHETIC_DEMO_MAPPING,SYNTHETIC
5322.0101,SKL0097,Team Management,RELEVANT,1,SYNTHETIC_DEMO_MAPPING,SYNTHETIC
5322.0101,SKL0061,Patient Care,RELEVANT,1,SYNTHETIC_DEMO_MAPPING,SYNTHETIC
5322.0101,SKL0063,Clinical Documentation,RELEVANT,1,SYNTHETIC_DEMO_MAPPING,SYNTHETIC
5322.0101,SKL0095,Workplace Safety,RELEVANT,1,SYNTHETIC_DEMO_MAPPING,SYNTHETIC
5322.99,SKL0093,Problem Solving,RELEVANT,4,SYNTHETIC_DEMO_MAPPING,SYNTHETIC
5322.99,SKL0094,Microsoft Excel,RELEVANT,1,SYNTHETIC_DEMO_MAPPING,SYNTHETIC
5322.99,SKL0097,Team Management,RELEVANT,3,SYNTHETIC_DEMO_MAPPING,SYNTHETIC
5322.99,SKL0096,Digital Literacy,RELEVANT,3,SYNTHETIC_DEMO_MAPPING,SYNTHETIC
5329.0101,SKL0061,Patient Care,RELEVANT,1,SYNTHETIC_DEMO_MAPPING,SYNTHETIC
5329.0101,SKL0098,English Communication,RELEVANT,4,SYNTHETIC_DEMO_MAPPING,SYNTHETIC
5329.0101,SKL0093,Problem Solving,RELEVANT,3,SYNTHETIC_DEMO_MAPPING,SYNTHETIC
5329.0101,SKL0097,Team Management,RELEVANT,4,SYNTHETIC_DEMO_MAPPING,SYNTHETIC
5329.0101,SKL0067,Healthcare Administration,RELEVANT,2,SYNTHETIC_DEMO_MAPPING,SYNTHETIC
5411.01,SKL0096,Digital Literacy,RELEVANT,1,SYNTHETIC_DEMO_MAPPING,SYNTHETIC
5411.01,SKL0098,English Communication,RELEVANT,3,SYNTHETIC_DEMO_MAPPING,SYNTHETIC
5411.01,SKL0058,Surveying,RELEVANT,1,SYNTHETIC_DEMO_MAPPING,SYNTHETIC
5411.99,SKL0097,Team Management,RELEVANT,1,SYNTHETIC_DEMO_MAPPING,SYNTHETIC
5411.99,SKL0092,Communication,RELEVANT,2,SYNTHETIC_DEMO_MAPPING,SYNTHETIC
5411.99,SKL0098,English Communication,RELEVANT,4,SYNTHETIC_DEMO_MAPPING,SYNTHETIC
5411.99,SKL0093,Problem Solving,RELEVANT,4,SYNTHETIC_DEMO_MAPPING,SYNTHETIC
5411.99,SKL0096,Digital Literacy,RELEVANT,1,SYNTHETIC_DEMO_MAPPING,SYNTHETIC
5412.01,SKL0097,Team Management,RELEVANT,4,SYNTHETIC_DEMO_MAPPING,SYNTHETIC
5412.01,SKL0096,Digital Literacy,RELEVANT,1,SYNTHETIC_DEMO_MAPPING,SYNTHETIC
5412.01,SKL0045,Battery Management Systems,RELEVANT,4,SYNTHETIC_DEMO_MAPPING,SYNTHETIC
5412.01,SKL0049,Electric Motor Systems,RELEVANT,2,SYNTHETIC_DEMO_MAPPING,SYNTHETIC
5412.02,SKL0092,Communication,RELEVANT,4,SYNTHETIC_DEMO_MAPPING,SYNTHETIC
5412.02,SKL0098,English Communication,RELEVANT,4,SYNTHETIC_DEMO_MAPPING,SYNTHETIC
5412.03,SKL0094,Microsoft Excel,RELEVANT,2,SYNTHETIC_DEMO_MAPPING,SYNTHETIC
5412.03,SKL0036,Lean Manufacturing,RELEVANT,1,SYNTHETIC_DEMO_MAPPING,SYNTHETIC
5412.03,SKL0037,Production Planning,RELEVANT,1,SYNTHETIC_DEMO_MAPPING,SYNTHETIC
5412.99,SKL0096,Digital Literacy,RELEVANT,3,SYNTHETIC_DEMO_MAPPING,SYNTHETIC
5412.99,SKL0043,Automotive Diagnostics,RELEVANT,2,SYNTHETIC_DEMO_MAPPING,SYNTHETIC
5413.01,SKL0093,Problem Solving,RELEVANT,1,SYNTHETIC_DEMO_MAPPING,SYNTHETIC
5413.01,SKL0097,Team Management,RELEVANT,3,SYNTHETIC_DEMO_MAPPING,SYNTHETIC
5413.01,SKL0092,Communication,RELEVANT,4,SYNTHETIC_DEMO_MAPPING,SYNTHETIC
5413.99,SKL0096,Digital Literacy,RELEVANT,4,SYNTHETIC_DEMO_MAPPING,SYNTHETIC
5413.99,SKL0095,Workplace Safety,RELEVANT,4,SYNTHETIC_DEMO_MAPPING,SYNTHETIC
5413.99,SKL0097,Team Management,RELEVANT,1,SYNTHETIC_DEMO_MAPPING,SYNTHETIC
5413.99,SKL0093,Problem Solving,RELEVANT,4,SYNTHETIC_DEMO_MAPPING,SYNTHETIC
5413.99,SKL0094,Microsoft Excel,RELEVANT,2,SYNTHETIC_DEMO_MAPPING,SYNTHETIC
5414.0101,SKL0097,Team Management,RELEVANT,3,SYNTHETIC_DEMO_MAPPING,SYNTHETIC
5414.0101,SKL0058,Surveying,RELEVANT,2,SYNTHETIC_DEMO_MAPPING,SYNTHETIC
5414.0101,SKL0096,Digital Literacy,RELEVANT,3,SYNTHETIC_DEMO_MAPPING,SYNTHETIC
5414.0101,SKL0094,Microsoft Excel,RELEVANT,4,SYNTHETIC_DEMO_MAPPING,SYNTHETIC
5414.0102,SKL0097,Team Management,RELEVANT,3,SYNTHETIC_DEMO_MAPPING,SYNTHETIC
5414.0102,SKL0098,English Communication,RELEVANT,4,SYNTHETIC_DEMO_MAPPING,SYNTHETIC
5414.0111,SKL0097,Team Management,RELEVANT,2,SYNTHETIC_DEMO_MAPPING,SYNTHETIC
5414.0111,SKL0092,Communication,RELEVANT,3,SYNTHETIC_DEMO_MAPPING,SYNTHETIC
5414.0111,SKL0095,Workplace Safety,RELEVANT,4,SYNTHETIC_DEMO_MAPPING,SYNTHETIC
5414.0111,SKL0067,Healthcare Administration,RELEVANT,2,SYNTHETIC_DEMO_MAPPING,SYNTHETIC
5414.0111,SKL0093,Problem Solving,RELEVANT,2,SYNTHETIC_DEMO_MAPPING,SYNTHETIC
5414.0121,SKL0093,Problem Solving,RELEVANT,4,SYNTHETIC_DEMO_MAPPING,SYNTHETIC
5414.0121,SKL0094,Microsoft Excel,RELEVANT,3,SYNTHETIC_DEMO_MAPPING,SYNTHETIC
5414.0121,SKL0092,Communication,RELEVANT,2,SYNTHETIC_DEMO_MAPPING,SYNTHETIC
5414.0151,SKL0097,Team Management,RELEVANT,4,SYNTHETIC_DEMO_MAPPING,SYNTHETIC
5414.0151,SKL0098,English Communication,RELEVANT,4,SYNTHETIC_DEMO_MAPPING,SYNTHETIC
5414.0151,SKL0095,Workplace Safety,RELEVANT,1,SYNTHETIC_DEMO_MAPPING,SYNTHETIC
5414.0151,SKL0092,Communication,RELEVANT,4,SYNTHETIC_DEMO_MAPPING,SYNTHETIC
5414.0171,SKL0093,Problem Solving,RELEVANT,2,SYNTHETIC_DEMO_MAPPING,SYNTHETIC
5414.0171,SKL0096,Digital Literacy,RELEVANT,3,SYNTHETIC_DEMO_MAPPING,SYNTHETIC
5414.0171,SKL0097,Team Management,RELEVANT,2,SYNTHETIC_DEMO_MAPPING,SYNTHETIC
5414.0171,SKL0094,Microsoft Excel,RELEVANT,1,SYNTHETIC_DEMO_MAPPING,SYNTHETIC
5414.02,SKL0096,Digital Literacy,RELEVANT,3,SYNTHETIC_DEMO_MAPPING,SYNTHETIC
5414.02,SKL0048,Auto Electrical,RELEVANT,4,SYNTHETIC_DEMO_MAPPING,SYNTHETIC
5414.02,SKL0054,Quantity Surveying,RELEVANT,4,SYNTHETIC_DEMO_MAPPING,SYNTHETIC
5414.02,SKL0045,Battery Management Systems,RELEVANT,3,SYNTHETIC_DEMO_MAPPING,SYNTHETIC
5414.04,SKL0057,Civil Drafting,RELEVANT,1,SYNTHETIC_DEMO_MAPPING,SYNTHETIC
5414.04,SKL0060,Structural Analysis,RELEVANT,3,SYNTHETIC_DEMO_MAPPING,SYNTHETIC
5414.04,SKL0041,AutoCAD,RELEVANT,2,SYNTHETIC_DEMO_MAPPING,SYNTHETIC
5414.0501,SKL0057,Civil Drafting,RELEVANT,4,SYNTHETIC_DEMO_MAPPING,SYNTHETIC
5414.0501,SKL0052,Two-Wheeler Service,RELEVANT,1,SYNTHETIC_DEMO_MAPPING,SYNTHETIC
5414.0501,SKL0041,AutoCAD,RELEVANT,3,SYNTHETIC_DEMO_MAPPING,SYNTHETIC
5414.0501,SKL0055,Site Supervision,RELEVANT,2,SYNTHETIC_DEMO_MAPPING,SYNTHETIC
6111.01,SKL0038,CNC Turning,RELEVANT,4,SYNTHETIC_DEMO_MAPPING,SYNTHETIC
6111.01,SKL0070,GST,RELEVANT,3,SYNTHETIC_DEMO_MAPPING,SYNTHETIC
6111.01,SKL0068,Accounting,RELEVANT,4,SYNTHETIC_DEMO_MAPPING,SYNTHETIC
6111.0101,SKL0093,Problem Solving,RELEVANT,1,SYNTHETIC_DEMO_MAPPING,SYNTHETIC
6111.0101,SKL0084,Cold Chain,RELEVANT,3,SYNTHETIC_DEMO_MAPPING,SYNTHETIC
6111.0101,SKL0078,Farm Machinery,RELEVANT,4,SYNTHETIC_DEMO_MAPPING,SYNTHETIC
6111.02,SKL0079,Agri Input Management,RELEVANT,1,SYNTHETIC_DEMO_MAPPING,SYNTHETIC
6111.02,SKL0039,CNC Milling,RELEVANT,3,SYNTHETIC_DEMO_MAPPING,SYNTHETIC
6111.0201,SKL0095,Workplace Safety,RELEVANT,1,SYNTHETIC_DEMO_MAPPING,SYNTHETIC
6111.0201,SKL0096,Digital Literacy,RELEVANT,2,SYNTHETIC_DEMO_MAPPING,SYNTHETIC
6111.0301,SKL0094,Microsoft Excel,RELEVANT,4,SYNTHETIC_DEMO_MAPPING,SYNTHETIC
6111.0301,SKL0096,Digital Literacy,RELEVANT,2,SYNTHETIC_DEMO_MAPPING,SYNTHETIC
6111.0301,SKL0079,Agri Input Management,RELEVANT,2,SYNTHETIC_DEMO_MAPPING,SYNTHETIC
6111.0301,SKL0080,Precision Agriculture,RELEVANT,3,SYNTHETIC_DEMO_MAPPING,SYNTHETIC
6111.0301,SKL0093,Problem Solving,RELEVANT,2,SYNTHETIC_DEMO_MAPPING,SYNTHETIC
6111.0401,SKL0093,Problem Solving,RELEVANT,3,SYNTHETIC_DEMO_MAPPING,SYNTHETIC
6111.0401,SKL0084,Cold Chain,RELEVANT,3,SYNTHETIC_DEMO_MAPPING,SYNTHETIC
6111.0401,SKL0078,Farm Machinery,RELEVANT,4,SYNTHETIC_DEMO_MAPPING,SYNTHETIC
6111.0501,SKL0080,Precision Agriculture,RELEVANT,4,SYNTHETIC_DEMO_MAPPING,SYNTHETIC
6111.0501,SKL0092,Communication,RELEVANT,3,SYNTHETIC_DEMO_MAPPING,SYNTHETIC
6111.0501,SKL0082,Post-Harvest Management,RELEVANT,1,SYNTHETIC_DEMO_MAPPING,SYNTHETIC
6111.0501,SKL0095,Workplace Safety,RELEVANT,3,SYNTHETIC_DEMO_MAPPING,SYNTHETIC
6111.0501,SKL0081,Irrigation Management,RELEVANT,1,SYNTHETIC_DEMO_MAPPING,SYNTHETIC
6111.0601,SKL0098,English Communication,RELEVANT,3,SYNTHETIC_DEMO_MAPPING,SYNTHETIC
6111.0601,SKL0081,Irrigation Management,RELEVANT,4,SYNTHETIC_DEMO_MAPPING,SYNTHETIC
6111.0601,SKL0080,Precision Agriculture,RELEVANT,4,SYNTHETIC_DEMO_MAPPING,SYNTHETIC
6111.0601,SKL0092,Communication,RELEVANT,2,SYNTHETIC_DEMO_MAPPING,SYNTHETIC
6111.0601,SKL0084,Cold Chain,RELEVANT,4,SYNTHETIC_DEMO_MAPPING,SYNTHETIC
6111.0701,SKL0093,Problem Solving,RELEVANT,2,SYNTHETIC_DEMO_MAPPING,SYNTHETIC
6111.0701,SKL0079,Agri Input Management,RELEVANT,4,SYNTHETIC_DEMO_MAPPING,SYNTHETIC
6111.0701,SKL0081,Irrigation Management,RELEVANT,4,SYNTHETIC_DEMO_MAPPING,SYNTHETIC
6111.0701,SKL0096,Digital Literacy,RELEVANT,3,SYNTHETIC_DEMO_MAPPING,SYNTHETIC
6111.08,SKL0086,Inventory Management,RELEVANT,4,SYNTHETIC_DEMO_MAPPING,SYNTHETIC
6111.08,SKL0043,Automotive Diagnostics,RELEVANT,3,SYNTHETIC_DEMO_MAPPING,SYNTHETIC
6111.08,SKL0047,Vehicle Diagnostics,RELEVANT,3,SYNTHETIC_DEMO_MAPPING,SYNTHETIC
6111.08,SKL0033,Machine Maintenance,RELEVANT,1,SYNTHETIC_DEMO_MAPPING,SYNTHETIC
6111.08,SKL0080,Precision Agriculture,RELEVANT,2,SYNTHETIC_DEMO_MAPPING,SYNTHETIC
6111.0851,SKL0098,English Communication,RELEVANT,4,SYNTHETIC_DEMO_MAPPING,SYNTHETIC
6111.0851,SKL0096,Digital Literacy,RELEVANT,3,SYNTHETIC_DEMO_MAPPING,SYNTHETIC
6111.0852,SKL0094,Microsoft Excel,RELEVANT,4,SYNTHETIC_DEMO_MAPPING,SYNTHETIC
6111.0852,SKL0093,Problem Solving,RELEVANT,1,SYNTHETIC_DEMO_MAPPING,SYNTHETIC
6111.0901,SKL0083,Food Processing,RELEVANT,4,SYNTHETIC_DEMO_MAPPING,SYNTHETIC
6111.0901,SKL0079,Agri Input Management,RELEVANT,2,SYNTHETIC_DEMO_MAPPING,SYNTHETIC
6111.0901,SKL0095,Workplace Safety,RELEVANT,4,SYNTHETIC_DEMO_MAPPING,SYNTHETIC
6111.0901,SKL0094,Microsoft Excel,RELEVANT,3,SYNTHETIC_DEMO_MAPPING,SYNTHETIC
6111.0901,SKL0093,Problem Solving,RELEVANT,1,SYNTHETIC_DEMO_MAPPING,SYNTHETIC
6111.1001,SKL0078,Farm Machinery,RELEVANT,3,SYNTHETIC_DEMO_MAPPING,SYNTHETIC
6111.1001,SKL0097,Team Management,RELEVANT,3,SYNTHETIC_DEMO_MAPPING,SYNTHETIC
6111.1001,SKL0084,Cold Chain,RELEVANT,2,SYNTHETIC_DEMO_MAPPING,SYNTHETIC
6111.1001,SKL0080,Precision Agriculture,RELEVANT,4,SYNTHETIC_DEMO_MAPPING,SYNTHETIC
6111.1101,SKL0094,Microsoft Excel,RELEVANT,2,SYNTHETIC_DEMO_MAPPING,SYNTHETIC
6111.1101,SKL0096,Digital Literacy,RELEVANT,2,SYNTHETIC_DEMO_MAPPING,SYNTHETIC
6111.1101,SKL0093,Problem Solving,RELEVANT,3,SYNTHETIC_DEMO_MAPPING,SYNTHETIC
6111.1101,SKL0097,Team Management,RELEVANT,2,SYNTHETIC_DEMO_MAPPING,SYNTHETIC
6111.1101,SKL0092,Communication,RELEVANT,3,SYNTHETIC_DEMO_MAPPING,SYNTHETIC
6111.12,SKL0096,Digital Literacy,RELEVANT,2,SYNTHETIC_DEMO_MAPPING,SYNTHETIC
6111.12,SKL0033,Machine Maintenance,RELEVANT,2,SYNTHETIC_DEMO_MAPPING,SYNTHETIC
6111.12,SKL0042,SolidWorks,RELEVANT,1,SYNTHETIC_DEMO_MAPPING,SYNTHETIC
6111.12,SKL0032,CNC Operation,RELEVANT,2,SYNTHETIC_DEMO_MAPPING,SYNTHETIC
6111.12,SKL0034,Welding,RELEVANT,4,SYNTHETIC_DEMO_MAPPING,SYNTHETIC
6111.13,SKL0050,Automotive CAD,RELEVANT,1,SYNTHETIC_DEMO_MAPPING,SYNTHETIC
6111.13,SKL0091,Route Planning,RELEVANT,3,SYNTHETIC_DEMO_MAPPING,SYNTHETIC
6111.13,SKL0093,Problem Solving,RELEVANT,1,SYNTHETIC_DEMO_MAPPING,SYNTHETIC
6111.13,SKL0092,Communication,RELEVANT,2,SYNTHETIC_DEMO_MAPPING,SYNTHETIC
6111.1401,SKL0098,English Communication,RELEVANT,2,SYNTHETIC_DEMO_MAPPING,SYNTHETIC
6111.1401,SKL0094,Microsoft Excel,RELEVANT,4,SYNTHETIC_DEMO_MAPPING,SYNTHETIC
6111.1401,SKL0096,Digital Literacy,RELEVANT,1,SYNTHETIC_DEMO_MAPPING,SYNTHETIC
6111.1401,SKL0079,Agri Input Management,RELEVANT,4,SYNTHETIC_DEMO_MAPPING,SYNTHETIC
6111.1401,SKL0093,Problem Solving,RELEVANT,3,SYNTHETIC_DEMO_MAPPING,SYNTHETIC
6111.1501,SKL0092,Communication,RELEVANT,2,SYNTHETIC_DEMO_MAPPING,SYNTHETIC
6111.1501,SKL0095,Workplace Safety,RELEVANT,3,SYNTHETIC_DEMO_MAPPING,SYNTHETIC
6111.1601,SKL0079,Agri Input Management,RELEVANT,1,SYNTHETIC_DEMO_MAPPING,SYNTHETIC
6111.1601,SKL0078,Farm Machinery,RELEVANT,1,SYNTHETIC_DEMO_MAPPING,SYNTHETIC
6111.1601,SKL0083,Food Processing,RELEVANT,4,SYNTHETIC_DEMO_MAPPING,SYNTHETIC
6111.1601,SKL0084,Cold Chain,RELEVANT,1,SYNTHETIC_DEMO_MAPPING,SYNTHETIC
6111.1801,SKL0092,Communication,RELEVANT,2,SYNTHETIC_DEMO_MAPPING,SYNTHETIC
6111.1801,SKL0095,Workplace Safety,RELEVANT,2,SYNTHETIC_DEMO_MAPPING,SYNTHETIC
6111.1901,SKL0098,English Communication,RELEVANT,1,SYNTHETIC_DEMO_MAPPING,SYNTHETIC
6111.1901,SKL0097,Team Management,RELEVANT,1,SYNTHETIC_DEMO_MAPPING,SYNTHETIC
6111.1901,SKL0095,Workplace Safety,RELEVANT,2,SYNTHETIC_DEMO_MAPPING,SYNTHETIC
6111.1901,SKL0096,Digital Literacy,RELEVANT,4,SYNTHETIC_DEMO_MAPPING,SYNTHETIC
6111.1901,SKL0093,Problem Solving,RELEVANT,1,SYNTHETIC_DEMO_MAPPING,SYNTHETIC
6111.2,SKL0080,Precision Agriculture,RELEVANT,2,SYNTHETIC_DEMO_MAPPING,SYNTHETIC
6111.2,SKL0081,Irrigation Management,RELEVANT,1,SYNTHETIC_DEMO_MAPPING,SYNTHETIC
6111.99,SKL0096,Digital Literacy,RELEVANT,3,SYNTHETIC_DEMO_MAPPING,SYNTHETIC
6111.99,SKL0098,English Communication,RELEVANT,4,SYNTHETIC_DEMO_MAPPING,SYNTHETIC
6112.01,SKL0094,Microsoft Excel,RELEVANT,3,SYNTHETIC_DEMO_MAPPING,SYNTHETIC
6112.01,SKL0040,Mechanical Assembly,RELEVANT,1,SYNTHETIC_DEMO_MAPPING,SYNTHETIC
6112.01,SKL0098,English Communication,RELEVANT,4,SYNTHETIC_DEMO_MAPPING,SYNTHETIC
6112.01,SKL0034,Welding,RELEVANT,4,SYNTHETIC_DEMO_MAPPING,SYNTHETIC
6112.01,SKL0031,CNC Programming,RELEVANT,2,SYNTHETIC_DEMO_MAPPING,SYNTHETIC
6112.02,SKL0092,Communication,RELEVANT,1,SYNTHETIC_DEMO_MAPPING,SYNTHETIC
6112.02,SKL0097,Team Management,RELEVANT,4,SYNTHETIC_DEMO_MAPPING,SYNTHETIC
6112.0201,SKL0028,Electrical Testing,RELEVANT,1,SYNTHETIC_DEMO_MAPPING,SYNTHETIC
6112.0201,SKL0081,Irrigation Management,RELEVANT,1,SYNTHETIC_DEMO_MAPPING,SYNTHETIC
6112.03,SKL0097,Team Management,RELEVANT,4,SYNTHETIC_DEMO_MAPPING,SYNTHETIC
6112.03,SKL0095,Workplace Safety,RELEVANT,3,SYNTHETIC_DEMO_MAPPING,SYNTHETIC
6112.04,SKL0040,Mechanical Assembly,RELEVANT,2,SYNTHETIC_DEMO_MAPPING,SYNTHETIC
6112.04,SKL0097,Team Management,RELEVANT,2,SYNTHETIC_DEMO_MAPPING,SYNTHETIC
6112.04,SKL0094,Microsoft Excel,RELEVANT,4,SYNTHETIC_DEMO_MAPPING,SYNTHETIC
6112.0501,SKL0092,Communication,RELEVANT,3,SYNTHETIC_DEMO_MAPPING,SYNTHETIC
6112.0501,SKL0066,Medical Equipment Maintenance,RELEVANT,2,SYNTHETIC_DEMO_MAPPING,SYNTHETIC
6112.0501,SKL0067,Healthcare Administration,RELEVANT,2,SYNTHETIC_DEMO_MAPPING,SYNTHETIC
6112.0501,SKL0061,Patient Care,RELEVANT,4,SYNTHETIC_DEMO_MAPPING,SYNTHETIC
6112.0601,SKL0096,Digital Literacy,RELEVANT,1,SYNTHETIC_DEMO_MAPPING,SYNTHETIC
6112.0601,SKL0065,Laboratory Techniques,RELEVANT,2,SYNTHETIC_DEMO_MAPPING,SYNTHETIC
6112.0601,SKL0095,Workplace Safety,RELEVANT,4,SYNTHETIC_DEMO_MAPPING,SYNTHETIC
6112.0601,SKL0098,English Communication,RELEVANT,2,SYNTHETIC_DEMO_MAPPING,SYNTHETIC
6112.0701,SKL0098,English Communication,RELEVANT,1,SYNTHETIC_DEMO_MAPPING,SYNTHETIC
6112.0701,SKL0094,Microsoft Excel,RELEVANT,4,SYNTHETIC_DEMO_MAPPING,SYNTHETIC
6112.0701,SKL0097,Team Management,RELEVANT,3,SYNTHETIC_DEMO_MAPPING,SYNTHETIC
6112.0701,SKL0095,Workplace Safety,RELEVANT,4,SYNTHETIC_DEMO_MAPPING,SYNTHETIC
6112.0801,SKL0038,CNC Turning,RELEVANT,1,SYNTHETIC_DEMO_MAPPING,SYNTHETIC
6112.0801,SKL0093,Problem Solving,RELEVANT,2,SYNTHETIC_DEMO_MAPPING,SYNTHETIC
6112.0801,SKL0097,Team Management,RELEVANT,1,SYNTHETIC_DEMO_MAPPING,SYNTHETIC
6112.0801,SKL0042,SolidWorks,RELEVANT,3,SYNTHETIC_DEMO_MAPPING,SYNTHETIC
6112.0801,SKL0095,Workplace Safety,RELEVANT,1,SYNTHETIC_DEMO_MAPPING,SYNTHETIC
6112.0802,SKL0063,Clinical Documentation,RELEVANT,1,SYNTHETIC_DEMO_MAPPING,SYNTHETIC
6112.0802,SKL0062,Medical Coding,RELEVANT,1,SYNTHETIC_DEMO_MAPPING,SYNTHETIC
6112.0802,SKL0066,Medical Equipment Maintenance,RELEVANT,1,SYNTHETIC_DEMO_MAPPING,SYNTHETIC
6112.0802,SKL0096,Digital Literacy,RELEVANT,1,SYNTHETIC_DEMO_MAPPING,SYNTHETIC
6112.0802,SKL0098,English Communication,RELEVANT,1,SYNTHETIC_DEMO_MAPPING,SYNTHETIC
6112.99,SKL0095,Workplace Safety,RELEVANT,4,SYNTHETIC_DEMO_MAPPING,SYNTHETIC
6112.99,SKL0092,Communication,RELEVANT,2,SYNTHETIC_DEMO_MAPPING,SYNTHETIC
6112.99,SKL0081,Irrigation Management,RELEVANT,2,SYNTHETIC_DEMO_MAPPING,SYNTHETIC
6113.01,SKL0097,Team Management,RELEVANT,2,SYNTHETIC_DEMO_MAPPING,SYNTHETIC
6113.01,SKL0034,Welding,RELEVANT,2,SYNTHETIC_DEMO_MAPPING,SYNTHETIC
6113.01,SKL0075,Sales,RELEVANT,1,SYNTHETIC_DEMO_MAPPING,SYNTHETIC
6113.01,SKL0032,CNC Operation,RELEVANT,4,SYNTHETIC_DEMO_MAPPING,SYNTHETIC
6113.01,SKL0072,Excel,RELEVANT,1,SYNTHETIC_DEMO_MAPPING,SYNTHETIC
6113.02,SKL0035,Quality Control,RELEVANT,3,SYNTHETIC_DEMO_MAPPING,SYNTHETIC
6113.02,SKL0055,Site Supervision,RELEVANT,4,SYNTHETIC_DEMO_MAPPING,SYNTHETIC
6113.02,SKL0070,GST,RELEVANT,1,SYNTHETIC_DEMO_MAPPING,SYNTHETIC
6113.02,SKL0094,Microsoft Excel,RELEVANT,3,SYNTHETIC_DEMO_MAPPING,SYNTHETIC
6113.02,SKL0061,Patient Care,RELEVANT,4,SYNTHETIC_DEMO_MAPPING,SYNTHETIC
6113.0301,SKL0097,Team Management,RELEVANT,3,SYNTHETIC_DEMO_MAPPING,SYNTHETIC
6113.0301,SKL0061,Patient Care,RELEVANT,3,SYNTHETIC_DEMO_MAPPING,SYNTHETIC
6113.0301,SKL0063,Clinical Documentation,RELEVANT,4,SYNTHETIC_DEMO_MAPPING,SYNTHETIC
6113.0301,SKL0095,Workplace Safety,RELEVANT,1,SYNTHETIC_DEMO_MAPPING,SYNTHETIC
6113.04,SKL0096,Digital Literacy,RELEVANT,1,SYNTHETIC_DEMO_MAPPING,SYNTHETIC
6113.04,SKL0092,Communication,RELEVANT,4,SYNTHETIC_DEMO_MAPPING,SYNTHETIC
6113.04,SKL0094,Microsoft Excel,RELEVANT,1,SYNTHETIC_DEMO_MAPPING,SYNTHETIC
6113.0501,SKL0096,Digital Literacy,RELEVANT,1,SYNTHETIC_DEMO_MAPPING,SYNTHETIC
6113.0501,SKL0031,CNC Programming,RELEVANT,2,SYNTHETIC_DEMO_MAPPING,SYNTHETIC
6113.0501,SKL0038,CNC Turning,RELEVANT,2,SYNTHETIC_DEMO_MAPPING,SYNTHETIC
6113.0501,SKL0042,SolidWorks,RELEVANT,3,SYNTHETIC_DEMO_MAPPING,SYNTHETIC
6113.0601,SKL0098,English Communication,RELEVANT,4,SYNTHETIC_DEMO_MAPPING,SYNTHETIC
6113.0601,SKL0092,Communication,RELEVANT,2,SYNTHETIC_DEMO_MAPPING,SYNTHETIC
6113.0601,SKL0096,Digital Literacy,RELEVANT,2,SYNTHETIC_DEMO_MAPPING,SYNTHETIC
6113.0601,SKL0079,Agri Input Management,RELEVANT,4,SYNTHETIC_DEMO_MAPPING,SYNTHETIC
6113.0601,SKL0094,Microsoft Excel,RELEVANT,4,SYNTHETIC_DEMO_MAPPING,SYNTHETIC
6113.0602,SKL0080,Precision Agriculture,RELEVANT,4,SYNTHETIC_DEMO_MAPPING,SYNTHETIC
6113.0602,SKL0083,Food Processing,RELEVANT,4,SYNTHETIC_DEMO_MAPPING,SYNTHETIC
6113.0602,SKL0095,Workplace Safety,RELEVANT,2,SYNTHETIC_DEMO_MAPPING,SYNTHETIC
6113.0602,SKL0078,Farm Machinery,RELEVANT,1,SYNTHETIC_DEMO_MAPPING,SYNTHETIC
6113.0602,SKL0097,Team Management,RELEVANT,4,SYNTHETIC_DEMO_MAPPING,SYNTHETIC
6113.99,SKL0064,Pharmacy Operations,RELEVANT,4,SYNTHETIC_DEMO_MAPPING,SYNTHETIC
6113.99,SKL0061,Patient Care,RELEVANT,1,SYNTHETIC_DEMO_MAPPING,SYNTHETIC
6113.99,SKL0092,Communication,RELEVANT,2,SYNTHETIC_DEMO_MAPPING,SYNTHETIC
6113.99,SKL0063,Clinical Documentation,RELEVANT,2,SYNTHETIC_DEMO_MAPPING,SYNTHETIC
6113.99,SKL0096,Digital Literacy,RELEVANT,3,SYNTHETIC_DEMO_MAPPING,SYNTHETIC
6114.99,SKL0082,Post-Harvest Management,RELEVANT,1,SYNTHETIC_DEMO_MAPPING,SYNTHETIC
6114.99,SKL0061,Patient Care,RELEVANT,2,SYNTHETIC_DEMO_MAPPING,SYNTHETIC
6114.99,SKL0067,Healthcare Administration,RELEVANT,4,SYNTHETIC_DEMO_MAPPING,SYNTHETIC
6116.0101,SKL0082,Post-Harvest Management,RELEVANT,3,SYNTHETIC_DEMO_MAPPING,SYNTHETIC
6116.0101,SKL0095,Workplace Safety,RELEVANT,3,SYNTHETIC_DEMO_MAPPING,SYNTHETIC
6116.0101,SKL0079,Agri Input Management,RELEVANT,4,SYNTHETIC_DEMO_MAPPING,SYNTHETIC
6116.0102,SKL0040,Mechanical Assembly,RELEVANT,3,SYNTHETIC_DEMO_MAPPING,SYNTHETIC
6116.0102,SKL0092,Communication,RELEVANT,2,SYNTHETIC_DEMO_MAPPING,SYNTHETIC
6116.0102,SKL0044,EV Systems,RELEVANT,1,SYNTHETIC_DEMO_MAPPING,SYNTHETIC
6116.0112,SKL0074,Digital Marketing,RELEVANT,3,SYNTHETIC_DEMO_MAPPING,SYNTHETIC
6116.0112,SKL0075,Sales,RELEVANT,2,SYNTHETIC_DEMO_MAPPING,SYNTHETIC
6116.0112,SKL0092,Communication,RELEVANT,1,SYNTHETIC_DEMO_MAPPING,SYNTHETIC
6116.0112,SKL0070,GST,RELEVANT,2,SYNTHETIC_DEMO_MAPPING,SYNTHETIC
6116.0112,SKL0049,Electric Motor Systems,RELEVANT,4,SYNTHETIC_DEMO_MAPPING,SYNTHETIC
6121.01,SKL0084,Cold Chain,RELEVANT,1,SYNTHETIC_DEMO_MAPPING,SYNTHETIC
6121.01,SKL0065,Laboratory Techniques,RELEVANT,3,SYNTHETIC_DEMO_MAPPING,SYNTHETIC
6121.01,SKL0074,Digital Marketing,RELEVANT,3,SYNTHETIC_DEMO_MAPPING,SYNTHETIC
6121.01,SKL0071,Financial Analysis,RELEVANT,1,SYNTHETIC_DEMO_MAPPING,SYNTHETIC
6121.01,SKL0092,Communication,RELEVANT,4,SYNTHETIC_DEMO_MAPPING,SYNTHETIC
6121.0201,SKL0038,CNC Turning,RELEVANT,3,SYNTHETIC_DEMO_MAPPING,SYNTHETIC
6121.0201,SKL0087,Supply Chain Management,RELEVANT,1,SYNTHETIC_DEMO_MAPPING,SYNTHETIC
6121.0201,SKL0082,Post-Harvest Management,RELEVANT,3,SYNTHETIC_DEMO_MAPPING,SYNTHETIC
6121.0201,SKL0070,GST,RELEVANT,2,SYNTHETIC_DEMO_MAPPING,SYNTHETIC
6121.0201,SKL0092,Communication,RELEVANT,1,SYNTHETIC_DEMO_MAPPING,SYNTHETIC
6121.03,SKL0092,Communication,RELEVANT,2,SYNTHETIC_DEMO_MAPPING,SYNTHETIC
6121.03,SKL0069,Tally,RELEVANT,1,SYNTHETIC_DEMO_MAPPING,SYNTHETIC
6121.03,SKL0074,Digital Marketing,RELEVANT,1,SYNTHETIC_DEMO_MAPPING,SYNTHETIC
6121.04,SKL0093,Problem Solving,RELEVANT,2,SYNTHETIC_DEMO_MAPPING,SYNTHETIC
6121.04,SKL0097,Team Management,RELEVANT,3,SYNTHETIC_DEMO_MAPPING,SYNTHETIC
6121.05,SKL0092,Communication,RELEVANT,1,SYNTHETIC_DEMO_MAPPING,SYNTHETIC
6121.05,SKL0094,Microsoft Excel,RELEVANT,4,SYNTHETIC_DEMO_MAPPING,SYNTHETIC
6121.05,SKL0097,Team Management,RELEVANT,2,SYNTHETIC_DEMO_MAPPING,SYNTHETIC
6121.0601,SKL0033,Machine Maintenance,RELEVANT,2,SYNTHETIC_DEMO_MAPPING,SYNTHETIC
6121.0601,SKL0082,Post-Harvest Management,RELEVANT,4,SYNTHETIC_DEMO_MAPPING,SYNTHETIC
6121.07,SKL0095,Workplace Safety,RELEVANT,1,SYNTHETIC_DEMO_MAPPING,SYNTHETIC
6121.07,SKL0093,Problem Solving,RELEVANT,4,SYNTHETIC_DEMO_MAPPING,SYNTHETIC
6121.07,SKL0098,English Communication,RELEVANT,2,SYNTHETIC_DEMO_MAPPING,SYNTHETIC
6121.08,SKL0093,Problem Solving,RELEVANT,1,SYNTHETIC_DEMO_MAPPING,SYNTHETIC
6121.08,SKL0096,Digital Literacy,RELEVANT,4,SYNTHETIC_DEMO_MAPPING,SYNTHETIC
6121.08,SKL0034,Welding,RELEVANT,2,SYNTHETIC_DEMO_MAPPING,SYNTHETIC
6121.08,SKL0031,CNC Programming,RELEVANT,4,SYNTHETIC_DEMO_MAPPING,SYNTHETIC
6121.1,SKL0095,Workplace Safety,RELEVANT,1,SYNTHETIC_DEMO_MAPPING,SYNTHETIC
6121.1,SKL0064,Pharmacy Operations,RELEVANT,1,SYNTHETIC_DEMO_MAPPING,SYNTHETIC
6121.11,SKL0092,Communication,RELEVANT,4,SYNTHETIC_DEMO_MAPPING,SYNTHETIC
6121.11,SKL0095,Workplace Safety,RELEVANT,4,SYNTHETIC_DEMO_MAPPING,SYNTHETIC
6121.11,SKL0093,Problem Solving,RELEVANT,2,SYNTHETIC_DEMO_MAPPING,SYNTHETIC
6121.11,SKL0094,Microsoft Excel,RELEVANT,3,SYNTHETIC_DEMO_MAPPING,SYNTHETIC
6121.12,SKL0092,Communication,RELEVANT,4,SYNTHETIC_DEMO_MAPPING,SYNTHETIC
6121.12,SKL0096,Digital Literacy,RELEVANT,4,SYNTHETIC_DEMO_MAPPING,SYNTHETIC
6121.13,SKL0025,Industrial Automation,RELEVANT,4,SYNTHETIC_DEMO_MAPPING,SYNTHETIC
6121.13,SKL0093,Problem Solving,RELEVANT,2,SYNTHETIC_DEMO_MAPPING,SYNTHETIC
6121.14,SKL0039,CNC Milling,RELEVANT,2,SYNTHETIC_DEMO_MAPPING,SYNTHETIC
6121.14,SKL0034,Welding,RELEVANT,4,SYNTHETIC_DEMO_MAPPING,SYNTHETIC
6121.14,SKL0036,Lean Manufacturing,RELEVANT,2,SYNTHETIC_DEMO_MAPPING,SYNTHETIC
6121.14,SKL0098,English Communication,RELEVANT,3,SYNTHETIC_DEMO_MAPPING,SYNTHETIC
6121.99,SKL0098,English Communication,RELEVANT,1,SYNTHETIC_DEMO_MAPPING,SYNTHETIC
6121.99,SKL0092,Communication,RELEVANT,4,SYNTHETIC_DEMO_MAPPING,SYNTHETIC
6121.99,SKL0071,Financial Analysis,RELEVANT,2,SYNTHETIC_DEMO_MAPPING,SYNTHETIC
6121.99,SKL0077,Supply Chain,RELEVANT,2,SYNTHETIC_DEMO_MAPPING,SYNTHETIC
6122.0101,SKL0065,Laboratory Techniques,RELEVANT,1,SYNTHETIC_DEMO_MAPPING,SYNTHETIC
6122.0101,SKL0022,SCADA,RELEVANT,4,SYNTHETIC_DEMO_MAPPING,SYNTHETIC
6122.02,SKL0084,Cold Chain,RELEVANT,3,SYNTHETIC_DEMO_MAPPING,SYNTHETIC
6122.02,SKL0098,English Communication,RELEVANT,4,SYNTHETIC_DEMO_MAPPING,SYNTHETIC
6122.02,SKL0096,Digital Literacy,RELEVANT,1,SYNTHETIC_DEMO_MAPPING,SYNTHETIC
6122.02,SKL0041,AutoCAD,RELEVANT,2,SYNTHETIC_DEMO_MAPPING,SYNTHETIC
6122.02,SKL0094,Microsoft Excel,RELEVANT,1,SYNTHETIC_DEMO_MAPPING,SYNTHETIC
6122.0301,SKL0097,Team Management,RELEVANT,4,SYNTHETIC_DEMO_MAPPING,SYNTHETIC
6122.0301,SKL0035,Quality Control,RELEVANT,2,SYNTHETIC_DEMO_MAPPING,SYNTHETIC
6122.0301,SKL0034,Welding,RELEVANT,2,SYNTHETIC_DEMO_MAPPING,SYNTHETIC
6122.0301,SKL0080,Precision Agriculture,RELEVANT,2,SYNTHETIC_DEMO_MAPPING,SYNTHETIC
6122.0401,SKL0024,PCB Design,RELEVANT,2,SYNTHETIC_DEMO_MAPPING,SYNTHETIC
6122.0401,SKL0067,Healthcare Administration,RELEVANT,4,SYNTHETIC_DEMO_MAPPING,SYNTHETIC
6122.0401,SKL0094,Microsoft Excel,RELEVANT,1,SYNTHETIC_DEMO_MAPPING,SYNTHETIC
6122.0401,SKL0066,Medical Equipment Maintenance,RELEVANT,4,SYNTHETIC_DEMO_MAPPING,SYNTHETIC
6122.0401,SKL0027,Sensors,RELEVANT,1,SYNTHETIC_DEMO_MAPPING,SYNTHETIC
6122.99,SKL0078,Farm Machinery,RELEVANT,3,SYNTHETIC_DEMO_MAPPING,SYNTHETIC
6122.99,SKL0084,Cold Chain,RELEVANT,4,SYNTHETIC_DEMO_MAPPING,SYNTHETIC
6122.99,SKL0098,English Communication,RELEVANT,1,SYNTHETIC_DEMO_MAPPING,SYNTHETIC
6122.99,SKL0093,Problem Solving,RELEVANT,1,SYNTHETIC_DEMO_MAPPING,SYNTHETIC
6122.99,SKL0083,Food Processing,RELEVANT,2,SYNTHETIC_DEMO_MAPPING,SYNTHETIC
6123.0101,SKL0095,Workplace Safety,RELEVANT,2,SYNTHETIC_DEMO_MAPPING,SYNTHETIC
6123.0101,SKL0039,CNC Milling,RELEVANT,1,SYNTHETIC_DEMO_MAPPING,SYNTHETIC
6123.0101,SKL0078,Farm Machinery,RELEVANT,4,SYNTHETIC_DEMO_MAPPING,SYNTHETIC
6123.0201,SKL0042,SolidWorks,RELEVANT,4,SYNTHETIC_DEMO_MAPPING,SYNTHETIC
6123.0201,SKL0095,Workplace Safety,RELEVANT,4,SYNTHETIC_DEMO_MAPPING,SYNTHETIC
6123.0201,SKL0031,CNC Programming,RELEVANT,1,SYNTHETIC_DEMO_MAPPING,SYNTHETIC
6123.0201,SKL0032,CNC Operation,RELEVANT,1,SYNTHETIC_DEMO_MAPPING,SYNTHETIC
6123.0201,SKL0036,Lean Manufacturing,RELEVANT,3,SYNTHETIC_DEMO_MAPPING,SYNTHETIC
6123.99,SKL0093,Problem Solving,RELEVANT,2,SYNTHETIC_DEMO_MAPPING,SYNTHETIC
6123.99,SKL0095,Workplace Safety,RELEVANT,1,SYNTHETIC_DEMO_MAPPING,SYNTHETIC
6123.99,SKL0077,Supply Chain,RELEVANT,3,SYNTHETIC_DEMO_MAPPING,SYNTHETIC
6123.99,SKL0073,Business Analysis,RELEVANT,2,SYNTHETIC_DEMO_MAPPING,SYNTHETIC
6129.01,SKL0080,Precision Agriculture,RELEVANT,3,SYNTHETIC_DEMO_MAPPING,SYNTHETIC
6129.01,SKL0087,Supply Chain Management,RELEVANT,4,SYNTHETIC_DEMO_MAPPING,SYNTHETIC
6129.01,SKL0085,Warehouse Management,RELEVANT,3,SYNTHETIC_DEMO_MAPPING,SYNTHETIC
6129.01,SKL0079,Agri Input Management,RELEVANT,4,SYNTHETIC_DEMO_MAPPING,SYNTHETIC
6129.02,SKL0071,Financial Analysis,RELEVANT,3,SYNTHETIC_DEMO_MAPPING,SYNTHETIC
6129.02,SKL0097,Team Management,RELEVANT,4,SYNTHETIC_DEMO_MAPPING,SYNTHETIC
6129.99,SKL0096,Digital Literacy,RELEVANT,1,SYNTHETIC_DEMO_MAPPING,SYNTHETIC
6129.99,SKL0092,Communication,RELEVANT,1,SYNTHETIC_DEMO_MAPPING,SYNTHETIC
6129.99,SKL0098,English Communication,RELEVANT,4,SYNTHETIC_DEMO_MAPPING,SYNTHETIC
6129.99,SKL0094,Microsoft Excel,RELEVANT,1,SYNTHETIC_DEMO_MAPPING,SYNTHETIC
6130.01,SKL0014,Azure,RELEVANT,1,SYNTHETIC_DEMO_MAPPING,SYNTHETIC
6130.01,SKL0017,Machine Learning,RELEVANT,1,SYNTHETIC_DEMO_MAPPING,SYNTHETIC
6130.0201,SKL0082,Post-Harvest Management,RELEVANT,1,SYNTHETIC_DEMO_MAPPING,SYNTHETIC
6130.0201,SKL0041,AutoCAD,RELEVANT,3,SYNTHETIC_DEMO_MAPPING,SYNTHETIC
6130.0201,SKL0038,CNC Turning,RELEVANT,3,SYNTHETIC_DEMO_MAPPING,SYNTHETIC
6130.0201,SKL0048,Auto Electrical,RELEVANT,1,SYNTHETIC_DEMO_MAPPING,SYNTHETIC
6130.0201,SKL0093,Problem Solving,RELEVANT,2,SYNTHETIC_DEMO_MAPPING,SYNTHETIC
6130.0202,SKL0098,English Communication,RELEVANT,1,SYNTHETIC_DEMO_MAPPING,SYNTHETIC
6130.0202,SKL0095,Workplace Safety,RELEVANT,2,SYNTHETIC_DEMO_MAPPING,SYNTHETIC
6130.0202,SKL0097,Team Management,RELEVANT,3,SYNTHETIC_DEMO_MAPPING,SYNTHETIC
6130.99,SKL0072,Excel,RELEVANT,2,SYNTHETIC_DEMO_MAPPING,SYNTHETIC
6130.99,SKL0096,Digital Literacy,RELEVANT,3,SYNTHETIC_DEMO_MAPPING,SYNTHETIC
6130.99,SKL0094,Microsoft Excel,RELEVANT,1,SYNTHETIC_DEMO_MAPPING,SYNTHETIC
6130.99,SKL0068,Accounting,RELEVANT,3,SYNTHETIC_DEMO_MAPPING,SYNTHETIC
6210.01,SKL0067,Healthcare Administration,RELEVANT,3,SYNTHETIC_DEMO_MAPPING,SYNTHETIC
6210.01,SKL0093,Problem Solving,RELEVANT,1,SYNTHETIC_DEMO_MAPPING,SYNTHETIC
6210.01,SKL0097,Team Management,RELEVANT,1,SYNTHETIC_DEMO_MAPPING,SYNTHETIC
6210.02,SKL0096,Digital Literacy,RELEVANT,4,SYNTHETIC_DEMO_MAPPING,SYNTHETIC
6210.02,SKL0067,Healthcare Administration,RELEVANT,1,SYNTHETIC_DEMO_MAPPING,SYNTHETIC
6210.02,SKL0063,Clinical Documentation,RELEVANT,2,SYNTHETIC_DEMO_MAPPING,SYNTHETIC
6210.03,SKL0093,Problem Solving,RELEVANT,4,SYNTHETIC_DEMO_MAPPING,SYNTHETIC
6210.03,SKL0098,English Communication,RELEVANT,1,SYNTHETIC_DEMO_MAPPING,SYNTHETIC
6210.03,SKL0092,Communication,RELEVANT,4,SYNTHETIC_DEMO_MAPPING,SYNTHETIC
6210.04,SKL0097,Team Management,RELEVANT,3,SYNTHETIC_DEMO_MAPPING,SYNTHETIC
6210.04,SKL0094,Microsoft Excel,RELEVANT,3,SYNTHETIC_DEMO_MAPPING,SYNTHETIC
6210.05,SKL0094,Microsoft Excel,RELEVANT,1,SYNTHETIC_DEMO_MAPPING,SYNTHETIC
6210.05,SKL0093,Problem Solving,RELEVANT,2,SYNTHETIC_DEMO_MAPPING,SYNTHETIC
6210.05,SKL0095,Workplace Safety,RELEVANT,1,SYNTHETIC_DEMO_MAPPING,SYNTHETIC
6210.06,SKL0094,Microsoft Excel,RELEVANT,2,SYNTHETIC_DEMO_MAPPING,SYNTHETIC
6210.06,SKL0098,English Communication,RELEVANT,2,SYNTHETIC_DEMO_MAPPING,SYNTHETIC
6210.06,SKL0091,Route Planning,RELEVANT,2,SYNTHETIC_DEMO_MAPPING,SYNTHETIC
6210.06,SKL0092,Communication,RELEVANT,3,SYNTHETIC_DEMO_MAPPING,SYNTHETIC
6210.07,SKL0094,Microsoft Excel,RELEVANT,4,SYNTHETIC_DEMO_MAPPING,SYNTHETIC
6210.07,SKL0087,Supply Chain Management,RELEVANT,2,SYNTHETIC_DEMO_MAPPING,SYNTHETIC
6210.07,SKL0085,Warehouse Management,RELEVANT,1,SYNTHETIC_DEMO_MAPPING,SYNTHETIC
6210.07,SKL0091,Route Planning,RELEVANT,2,SYNTHETIC_DEMO_MAPPING,SYNTHETIC
6210.07,SKL0090,Logistics Planning,RELEVANT,4,SYNTHETIC_DEMO_MAPPING,SYNTHETIC
6210.08,SKL0093,Problem Solving,RELEVANT,2,SYNTHETIC_DEMO_MAPPING,SYNTHETIC
6210.08,SKL0092,Communication,RELEVANT,3,SYNTHETIC_DEMO_MAPPING,SYNTHETIC
6210.08,SKL0098,English Communication,RELEVANT,3,SYNTHETIC_DEMO_MAPPING,SYNTHETIC
6210.08,SKL0097,Team Management,RELEVANT,2,SYNTHETIC_DEMO_MAPPING,SYNTHETIC
6210.08,SKL0094,Microsoft Excel,RELEVANT,1,SYNTHETIC_DEMO_MAPPING,SYNTHETIC
6210.09,SKL0096,Digital Literacy,RELEVANT,4,SYNTHETIC_DEMO_MAPPING,SYNTHETIC
6210.09,SKL0095,Workplace Safety,RELEVANT,4,SYNTHETIC_DEMO_MAPPING,SYNTHETIC
6210.09,SKL0094,Microsoft Excel,RELEVANT,4,SYNTHETIC_DEMO_MAPPING,SYNTHETIC
6210.1,SKL0098,English Communication,RELEVANT,1,SYNTHETIC_DEMO_MAPPING,SYNTHETIC
6210.1,SKL0096,Digital Literacy,RELEVANT,1,SYNTHETIC_DEMO_MAPPING,SYNTHETIC
6210.1,SKL0092,Communication,RELEVANT,4,SYNTHETIC_DEMO_MAPPING,SYNTHETIC
6210.11,SKL0095,Workplace Safety,RELEVANT,1,SYNTHETIC_DEMO_MAPPING,SYNTHETIC
6210.11,SKL0098,English Communication,RELEVANT,1,SYNTHETIC_DEMO_MAPPING,SYNTHETIC
6210.11,SKL0096,Digital Literacy,RELEVANT,2,SYNTHETIC_DEMO_MAPPING,SYNTHETIC
6210.11,SKL0097,Team Management,RELEVANT,4,SYNTHETIC_DEMO_MAPPING,SYNTHETIC
6210.12,SKL0098,English Communication,RELEVANT,1,SYNTHETIC_DEMO_MAPPING,SYNTHETIC
6210.12,SKL0095,Workplace Safety,RELEVANT,3,SYNTHETIC_DEMO_MAPPING,SYNTHETIC
6210.12,SKL0094,Microsoft Excel,RELEVANT,1,SYNTHETIC_DEMO_MAPPING,SYNTHETIC
6210.12,SKL0092,Communication,RELEVANT,2,SYNTHETIC_DEMO_MAPPING,SYNTHETIC
6210.13,SKL0092,Communication,RELEVANT,4,SYNTHETIC_DEMO_MAPPING,SYNTHETIC
6210.13,SKL0076,Customer Service,RELEVANT,2,SYNTHETIC_DEMO_MAPPING,SYNTHETIC
6210.14,SKL0093,Problem Solving,RELEVANT,1,SYNTHETIC_DEMO_MAPPING,SYNTHETIC
6210.14,SKL0097,Team Management,RELEVANT,1,SYNTHETIC_DEMO_MAPPING,SYNTHETIC
6210.15,SKL0096,Digital Literacy,RELEVANT,3,SYNTHETIC_DEMO_MAPPING,SYNTHETIC
6210.15,SKL0095,Workplace Safety,RELEVANT,3,SYNTHETIC_DEMO_MAPPING,SYNTHETIC
6210.15,SKL0092,Communication,RELEVANT,4,SYNTHETIC_DEMO_MAPPING,SYNTHETIC
6210.16,SKL0097,Team Management,RELEVANT,2,SYNTHETIC_DEMO_MAPPING,SYNTHETIC
6210.16,SKL0073,Business Analysis,RELEVANT,4,SYNTHETIC_DEMO_MAPPING,SYNTHETIC
6210.17,SKL0056,Construction Safety,RELEVANT,1,SYNTHETIC_DEMO_MAPPING,SYNTHETIC
6210.17,SKL0098,English Communication,RELEVANT,4,SYNTHETIC_DEMO_MAPPING,SYNTHETIC
6210.18,SKL0095,Workplace Safety,RELEVANT,4,SYNTHETIC_DEMO_MAPPING,SYNTHETIC
6210.18,SKL0096,Digital Literacy,RELEVANT,2,SYNTHETIC_DEMO_MAPPING,SYNTHETIC
6210.18,SKL0045,Battery Management Systems,RELEVANT,2,SYNTHETIC_DEMO_MAPPING,SYNTHETIC
6210.18,SKL0092,Communication,RELEVANT,1,SYNTHETIC_DEMO_MAPPING,SYNTHETIC
6210.19,SKL0098,English Communication,RELEVANT,2,SYNTHETIC_DEMO_MAPPING,SYNTHETIC
6210.19,SKL0092,Communication,RELEVANT,3,SYNTHETIC_DEMO_MAPPING,SYNTHETIC
6210.19,SKL0097,Team Management,RELEVANT,1,SYNTHETIC_DEMO_MAPPING,SYNTHETIC
6210.19,SKL0095,Workplace Safety,RELEVANT,3,SYNTHETIC_DEMO_MAPPING,SYNTHETIC
6210.2,SKL0097,Team Management,RELEVANT,1,SYNTHETIC_DEMO_MAPPING,SYNTHETIC
6210.2,SKL0094,Microsoft Excel,RELEVANT,2,SYNTHETIC_DEMO_MAPPING,SYNTHETIC
6210.2,SKL0098,English Communication,RELEVANT,2,SYNTHETIC_DEMO_MAPPING,SYNTHETIC
6210.2,SKL0093,Problem Solving,RELEVANT,1,SYNTHETIC_DEMO_MAPPING,SYNTHETIC
6210.99,SKL0043,Automotive Diagnostics,RELEVANT,4,SYNTHETIC_DEMO_MAPPING,SYNTHETIC
6210.99,SKL0049,Electric Motor Systems,RELEVANT,4,SYNTHETIC_DEMO_MAPPING,SYNTHETIC
6210.99,SKL0092,Communication,RELEVANT,3,SYNTHETIC_DEMO_MAPPING,SYNTHETIC
6221.0101,SKL0079,Agri Input Management,RELEVANT,4,SYNTHETIC_DEMO_MAPPING,SYNTHETIC
6221.0101,SKL0083,Food Processing,RELEVANT,2,SYNTHETIC_DEMO_MAPPING,SYNTHETIC
6221.0101,SKL0062,Medical Coding,RELEVANT,1,SYNTHETIC_DEMO_MAPPING,SYNTHETIC
6221.0102,SKL0083,Food Processing,RELEVANT,2,SYNTHETIC_DEMO_MAPPING,SYNTHETIC
6221.0102,SKL0095,Workplace Safety,RELEVANT,2,SYNTHETIC_DEMO_MAPPING,SYNTHETIC
6222.01,SKL0097,Team Management,RELEVANT,2,SYNTHETIC_DEMO_MAPPING,SYNTHETIC
6222.01,SKL0098,English Communication,RELEVANT,1,SYNTHETIC_DEMO_MAPPING,SYNTHETIC
6222.02,SKL0094,Microsoft Excel,RELEVANT,2,SYNTHETIC_DEMO_MAPPING,SYNTHETIC
6222.02,SKL0052,Two-Wheeler Service,RELEVANT,4,SYNTHETIC_DEMO_MAPPING,SYNTHETIC
6222.99,SKL0076,Customer Service,RELEVANT,1,SYNTHETIC_DEMO_MAPPING,SYNTHETIC
6222.99,SKL0075,Sales,RELEVANT,2,SYNTHETIC_DEMO_MAPPING,SYNTHETIC
6222.99,SKL0071,Financial Analysis,RELEVANT,3,SYNTHETIC_DEMO_MAPPING,SYNTHETIC
6222.99,SKL0093,Problem Solving,RELEVANT,1,SYNTHETIC_DEMO_MAPPING,SYNTHETIC
6222.99,SKL0094,Microsoft Excel,RELEVANT,3,SYNTHETIC_DEMO_MAPPING,SYNTHETIC
6223.0101,SKL0095,Workplace Safety,RELEVANT,1,SYNTHETIC_DEMO_MAPPING,SYNTHETIC
6223.0101,SKL0096,Digital Literacy,RELEVANT,1,SYNTHETIC_DEMO_MAPPING,SYNTHETIC
6223.0101,SKL0092,Communication,RELEVANT,4,SYNTHETIC_DEMO_MAPPING,SYNTHETIC
6223.0101,SKL0050,Automotive CAD,RELEVANT,4,SYNTHETIC_DEMO_MAPPING,SYNTHETIC
6223.99,SKL0082,Post-Harvest Management,RELEVANT,3,SYNTHETIC_DEMO_MAPPING,SYNTHETIC
6223.99,SKL0095,Workplace Safety,RELEVANT,3,SYNTHETIC_DEMO_MAPPING,SYNTHETIC
6223.99,SKL0081,Irrigation Management,RELEVANT,1,SYNTHETIC_DEMO_MAPPING,SYNTHETIC
6223.99,SKL0092,Communication,RELEVANT,2,SYNTHETIC_DEMO_MAPPING,SYNTHETIC
6223.99,SKL0069,Tally,RELEVANT,3,SYNTHETIC_DEMO_MAPPING,SYNTHETIC
6224.03,SKL0093,Problem Solving,RELEVANT,2,SYNTHETIC_DEMO_MAPPING,SYNTHETIC
6224.03,SKL0094,Microsoft Excel,RELEVANT,2,SYNTHETIC_DEMO_MAPPING,SYNTHETIC
6224.03,SKL0097,Team Management,RELEVANT,1,SYNTHETIC_DEMO_MAPPING,SYNTHETIC
6224.03,SKL0095,Workplace Safety,RELEVANT,2,SYNTHETIC_DEMO_MAPPING,SYNTHETIC
6224.03,SKL0096,Digital Literacy,RELEVANT,4,SYNTHETIC_DEMO_MAPPING,SYNTHETIC
6224.04,SKL0095,Workplace Safety,RELEVANT,4,SYNTHETIC_DEMO_MAPPING,SYNTHETIC
6224.04,SKL0093,Problem Solving,RELEVANT,3,SYNTHETIC_DEMO_MAPPING,SYNTHETIC
6224.04,SKL0097,Team Management,RELEVANT,4,SYNTHETIC_DEMO_MAPPING,SYNTHETIC
6224.05,SKL0094,Microsoft Excel,RELEVANT,3,SYNTHETIC_DEMO_MAPPING,SYNTHETIC
6224.05,SKL0096,Digital Literacy,RELEVANT,2,SYNTHETIC_DEMO_MAPPING,SYNTHETIC
6224.05,SKL0093,Problem Solving,RELEVANT,1,SYNTHETIC_DEMO_MAPPING,SYNTHETIC
6224.06,SKL0092,Communication,RELEVANT,1,SYNTHETIC_DEMO_MAPPING,SYNTHETIC
6224.06,SKL0095,Workplace Safety,RELEVANT,3,SYNTHETIC_DEMO_MAPPING,SYNTHETIC
6224.06,SKL0087,Supply Chain Management,RELEVANT,3,SYNTHETIC_DEMO_MAPPING,SYNTHETIC
6224.06,SKL0096,Digital Literacy,RELEVANT,3,SYNTHETIC_DEMO_MAPPING,SYNTHETIC
6224.06,SKL0089,Forklift Operation,RELEVANT,2,SYNTHETIC_DEMO_MAPPING,SYNTHETIC
6224.07,SKL0085,Warehouse Management,RELEVANT,2,SYNTHETIC_DEMO_MAPPING,SYNTHETIC
6224.07,SKL0095,Workplace Safety,RELEVANT,2,SYNTHETIC_DEMO_MAPPING,SYNTHETIC
6224.08,SKL0092,Communication,RELEVANT,1,SYNTHETIC_DEMO_MAPPING,SYNTHETIC
6224.08,SKL0067,Healthcare Administration,RELEVANT,3,SYNTHETIC_DEMO_MAPPING,SYNTHETIC
6224.08,SKL0062,Medical Coding,RELEVANT,3,SYNTHETIC_DEMO_MAPPING,SYNTHETIC
6224.09,SKL0088,Fleet Management,RELEVANT,4,SYNTHETIC_DEMO_MAPPING,SYNTHETIC
6224.09,SKL0090,Logistics Planning,RELEVANT,2,SYNTHETIC_DEMO_MAPPING,SYNTHETIC
6224.09,SKL0079,Agri Input Management,RELEVANT,1,SYNTHETIC_DEMO_MAPPING,SYNTHETIC
6224.09,SKL0085,Warehouse Management,RELEVANT,3,SYNTHETIC_DEMO_MAPPING,SYNTHETIC
6224.1,SKL0098,English Communication,RELEVANT,2,SYNTHETIC_DEMO_MAPPING,SYNTHETIC
6224.1,SKL0086,Inventory Management,RELEVANT,4,SYNTHETIC_DEMO_MAPPING,SYNTHETIC
6224.1,SKL0094,Microsoft Excel,RELEVANT,4,SYNTHETIC_DEMO_MAPPING,SYNTHETIC
6224.11,SKL0040,Mechanical Assembly,RELEVANT,2,SYNTHETIC_DEMO_MAPPING,SYNTHETIC
6224.11,SKL0038,CNC Turning,RELEVANT,1,SYNTHETIC_DEMO_MAPPING,SYNTHETIC
6224.11,SKL0096,Digital Literacy,RELEVANT,1,SYNTHETIC_DEMO_MAPPING,SYNTHETIC
6224.11,SKL0092,Communication,RELEVANT,2,SYNTHETIC_DEMO_MAPPING,SYNTHETIC
6224.11,SKL0036,Lean Manufacturing,RELEVANT,1,SYNTHETIC_DEMO_MAPPING,SYNTHETIC
6224.12,SKL0096,Digital Literacy,RELEVANT,1,SYNTHETIC_DEMO_MAPPING,SYNTHETIC
6224.12,SKL0092,Communication,RELEVANT,1,SYNTHETIC_DEMO_MAPPING,SYNTHETIC
6224.13,SKL0098,English Communication,RELEVANT,1,SYNTHETIC_DEMO_MAPPING,SYNTHETIC
6224.13,SKL0093,Problem Solving,RELEVANT,3,SYNTHETIC_DEMO_MAPPING,SYNTHETIC
6224.13,SKL0094,Microsoft Excel,RELEVANT,3,SYNTHETIC_DEMO_MAPPING,SYNTHETIC
6224.14,SKL0033,Machine Maintenance,RELEVANT,1,SYNTHETIC_DEMO_MAPPING,SYNTHETIC
6224.14,SKL0037,Production Planning,RELEVANT,3,SYNTHETIC_DEMO_MAPPING,SYNTHETIC
6224.14,SKL0083,Food Processing,RELEVANT,3,SYNTHETIC_DEMO_MAPPING,SYNTHETIC
6224.99,SKL0096,Digital Literacy,RELEVANT,3,SYNTHETIC_DEMO_MAPPING,SYNTHETIC
6224.99,SKL0080,Precision Agriculture,RELEVANT,3,SYNTHETIC_DEMO_MAPPING,SYNTHETIC
6224.99,SKL0082,Post-Harvest Management,RELEVANT,4,SYNTHETIC_DEMO_MAPPING,SYNTHETIC
6224.99,SKL0097,Team Management,RELEVANT,1,SYNTHETIC_DEMO_MAPPING,SYNTHETIC
6310.01,SKL0064,Pharmacy Operations,RELEVANT,3,SYNTHETIC_DEMO_MAPPING,SYNTHETIC
6310.01,SKL0065,Laboratory Techniques,RELEVANT,3,SYNTHETIC_DEMO_MAPPING,SYNTHETIC
6310.99,SKL0081,Irrigation Management,RELEVANT,2,SYNTHETIC_DEMO_MAPPING,SYNTHETIC
6310.99,SKL0042,SolidWorks,RELEVANT,3,SYNTHETIC_DEMO_MAPPING,SYNTHETIC
6310.99,SKL0056,Construction Safety,RELEVANT,4,SYNTHETIC_DEMO_MAPPING,SYNTHETIC
6310.99,SKL0079,Agri Input Management,RELEVANT,3,SYNTHETIC_DEMO_MAPPING,SYNTHETIC
6310.99,SKL0059,Project Planning,RELEVANT,4,SYNTHETIC_DEMO_MAPPING,SYNTHETIC
7111.01,SKL0056,Construction Safety,RELEVANT,3,SYNTHETIC_DEMO_MAPPING,SYNTHETIC
7111.01,SKL0092,Communication,RELEVANT,3,SYNTHETIC_DEMO_MAPPING,SYNTHETIC
7111.01,SKL0058,Surveying,RELEVANT,4,SYNTHETIC_DEMO_MAPPING,SYNTHETIC
7111.01,SKL0098,English Communication,RELEVANT,1,SYNTHETIC_DEMO_MAPPING,SYNTHETIC
7111.01,SKL0057,Civil Drafting,RELEVANT,3,SYNTHETIC_DEMO_MAPPING,SYNTHETIC
7111.02,SKL0096,Digital Literacy,RELEVANT,4,SYNTHETIC_DEMO_MAPPING,SYNTHETIC
7111.02,SKL0095,Workplace Safety,RELEVANT,3,SYNTHETIC_DEMO_MAPPING,SYNTHETIC
7111.02,SKL0092,Communication,RELEVANT,4,SYNTHETIC_DEMO_MAPPING,SYNTHETIC
7111.99,SKL0054,Quantity Surveying,RELEVANT,1,SYNTHETIC_DEMO_MAPPING,SYNTHETIC
7111.99,SKL0092,Communication,RELEVANT,1,SYNTHETIC_DEMO_MAPPING,SYNTHETIC
7111.99,SKL0056,Construction Safety,RELEVANT,3,SYNTHETIC_DEMO_MAPPING,SYNTHETIC
7111.99,SKL0096,Digital Literacy,RELEVANT,2,SYNTHETIC_DEMO_MAPPING,SYNTHETIC
7111.99,SKL0051,Service Operations,RELEVANT,2,SYNTHETIC_DEMO_MAPPING,SYNTHETIC
7112.01,SKL0050,Automotive CAD,RELEVANT,3,SYNTHETIC_DEMO_MAPPING,SYNTHETIC
7112.01,SKL0060,Structural Analysis,RELEVANT,3,SYNTHETIC_DEMO_MAPPING,SYNTHETIC
7112.01,SKL0041,AutoCAD,RELEVANT,2,SYNTHETIC_DEMO_MAPPING,SYNTHETIC
7112.02,SKL0060,Structural Analysis,RELEVANT,1,SYNTHETIC_DEMO_MAPPING,SYNTHETIC
7112.02,SKL0096,Digital Literacy,RELEVANT,3,SYNTHETIC_DEMO_MAPPING,SYNTHETIC
7112.0201,SKL0056,Construction Safety,RELEVANT,3,SYNTHETIC_DEMO_MAPPING,SYNTHETIC
7112.0201,SKL0096,Digital Literacy,RELEVANT,1,SYNTHETIC_DEMO_MAPPING,SYNTHETIC
7112.0201,SKL0095,Workplace Safety,RELEVANT,3,SYNTHETIC_DEMO_MAPPING,SYNTHETIC
7112.03,SKL0059,Project Planning,RELEVANT,2,SYNTHETIC_DEMO_MAPPING,SYNTHETIC
7112.03,SKL0032,CNC Operation,RELEVANT,3,SYNTHETIC_DEMO_MAPPING,SYNTHETIC
7112.03,SKL0048,Auto Electrical,RELEVANT,2,SYNTHETIC_DEMO_MAPPING,SYNTHETIC
7112.04,SKL0060,Structural Analysis,RELEVANT,3,SYNTHETIC_DEMO_MAPPING,SYNTHETIC
7112.04,SKL0041,AutoCAD,RELEVANT,4,SYNTHETIC_DEMO_MAPPING,SYNTHETIC
7112.04,SKL0055,Site Supervision,RELEVANT,1,SYNTHETIC_DEMO_MAPPING,SYNTHETIC
7112.05,SKL0095,Workplace Safety,RELEVANT,4,SYNTHETIC_DEMO_MAPPING,SYNTHETIC
7112.05,SKL0093,Problem Solving,RELEVANT,2,SYNTHETIC_DEMO_MAPPING,SYNTHETIC
7112.05,SKL0096,Digital Literacy,RELEVANT,4,SYNTHETIC_DEMO_MAPPING,SYNTHETIC
7112.0601,SKL0097,Team Management,RELEVANT,2,SYNTHETIC_DEMO_MAPPING,SYNTHETIC
7112.0601,SKL0060,Structural Analysis,RELEVANT,1,SYNTHETIC_DEMO_MAPPING,SYNTHETIC
7112.0601,SKL0095,Workplace Safety,RELEVANT,2,SYNTHETIC_DEMO_MAPPING,SYNTHETIC
7112.99,SKL0096,Digital Literacy,RELEVANT,1,SYNTHETIC_DEMO_MAPPING,SYNTHETIC
7112.99,SKL0093,Problem Solving,RELEVANT,2,SYNTHETIC_DEMO_MAPPING,SYNTHETIC
7112.99,SKL0060,Structural Analysis,RELEVANT,3,SYNTHETIC_DEMO_MAPPING,SYNTHETIC
7113.02,SKL0060,Structural Analysis,RELEVANT,3,SYNTHETIC_DEMO_MAPPING,SYNTHETIC
7113.02,SKL0041,AutoCAD,RELEVANT,4,SYNTHETIC_DEMO_MAPPING,SYNTHETIC
7113.03,SKL0098,English Communication,RELEVANT,2,SYNTHETIC_DEMO_MAPPING,SYNTHETIC
7113.03,SKL0029,Control Systems,RELEVANT,1,SYNTHETIC_DEMO_MAPPING,SYNTHETIC
7113.03,SKL0093,Problem Solving,RELEVANT,2,SYNTHETIC_DEMO_MAPPING,SYNTHETIC
7113.03,SKL0031,CNC Programming,RELEVANT,4,SYNTHETIC_DEMO_MAPPING,SYNTHETIC
7113.03,SKL0037,Production Planning,RELEVANT,2,SYNTHETIC_DEMO_MAPPING,SYNTHETIC
7113.04,SKL0056,Construction Safety,RELEVANT,4,SYNTHETIC_DEMO_MAPPING,SYNTHETIC
7113.04,SKL0039,CNC Milling,RELEVANT,1,SYNTHETIC_DEMO_MAPPING,SYNTHETIC
7113.05,SKL0042,SolidWorks,RELEVANT,4,SYNTHETIC_DEMO_MAPPING,SYNTHETIC
7113.05,SKL0098,English Communication,RELEVANT,1,SYNTHETIC_DEMO_MAPPING,SYNTHETIC
7113.05,SKL0034,Welding,RELEVANT,3,SYNTHETIC_DEMO_MAPPING,SYNTHETIC
7113.05,SKL0040,Mechanical Assembly,RELEVANT,3,SYNTHETIC_DEMO_MAPPING,SYNTHETIC
7113.99,SKL0092,Communication,RELEVANT,2,SYNTHETIC_DEMO_MAPPING,SYNTHETIC
7113.99,SKL0094,Microsoft Excel,RELEVANT,3,SYNTHETIC_DEMO_MAPPING,SYNTHETIC
7113.99,SKL0095,Workplace Safety,RELEVANT,3,SYNTHETIC_DEMO_MAPPING,SYNTHETIC
7113.99,SKL0093,Problem Solving,RELEVANT,2,SYNTHETIC_DEMO_MAPPING,SYNTHETIC
7114.01,SKL0055,Site Supervision,RELEVANT,1,SYNTHETIC_DEMO_MAPPING,SYNTHETIC
7114.01,SKL0098,English Communication,RELEVANT,1,SYNTHETIC_DEMO_MAPPING,SYNTHETIC
7114.01,SKL0060,Structural Analysis,RELEVANT,4,SYNTHETIC_DEMO_MAPPING,SYNTHETIC
7114.01,SKL0092,Communication,RELEVANT,4,SYNTHETIC_DEMO_MAPPING,SYNTHETIC
7114.01,SKL0096,Digital Literacy,RELEVANT,1,SYNTHETIC_DEMO_MAPPING,SYNTHETIC
7114.02,SKL0096,Digital Literacy,RELEVANT,3,SYNTHETIC_DEMO_MAPPING,SYNTHETIC
7114.02,SKL0032,CNC Operation,RELEVANT,4,SYNTHETIC_DEMO_MAPPING,SYNTHETIC
7114.02,SKL0098,English Communication,RELEVANT,3,SYNTHETIC_DEMO_MAPPING,SYNTHETIC
7114.02,SKL0097,Team Management,RELEVANT,3,SYNTHETIC_DEMO_MAPPING,SYNTHETIC
7114.02,SKL0040,Mechanical Assembly,RELEVANT,1,SYNTHETIC_DEMO_MAPPING,SYNTHETIC
7114.99,SKL0098,English Communication,RELEVANT,1,SYNTHETIC_DEMO_MAPPING,SYNTHETIC
7114.99,SKL0050,Automotive CAD,RELEVANT,2,SYNTHETIC_DEMO_MAPPING,SYNTHETIC
7115.01,SKL0035,Quality Control,RELEVANT,3,SYNTHETIC_DEMO_MAPPING,SYNTHETIC
7115.01,SKL0033,Machine Maintenance,RELEVANT,3,SYNTHETIC_DEMO_MAPPING,SYNTHETIC
7115.02,SKL0060,Structural Analysis,RELEVANT,4,SYNTHETIC_DEMO_MAPPING,SYNTHETIC
7115.02,SKL0046,EV Battery Maintenance,RELEVANT,3,SYNTHETIC_DEMO_MAPPING,SYNTHETIC
7115.02,SKL0058,Surveying,RELEVANT,3,SYNTHETIC_DEMO_MAPPING,SYNTHETIC
7115.02,SKL0037,Production Planning,RELEVANT,1,SYNTHETIC_DEMO_MAPPING,SYNTHETIC
7115.0201,SKL0063,Clinical Documentation,RELEVANT,2,SYNTHETIC_DEMO_MAPPING,SYNTHETIC
7115.0201,SKL0096,Digital Literacy,RELEVANT,2,SYNTHETIC_DEMO_MAPPING,SYNTHETIC
7115.0201,SKL0094,Microsoft Excel,RELEVANT,1,SYNTHETIC_DEMO_MAPPING,SYNTHETIC
7115.0201,SKL0061,Patient Care,RELEVANT,1,SYNTHETIC_DEMO_MAPPING,SYNTHETIC
7115.0201,SKL0093,Problem Solving,RELEVANT,1,SYNTHETIC_DEMO_MAPPING,SYNTHETIC
7115.03,SKL0040,Mechanical Assembly,RELEVANT,3,SYNTHETIC_DEMO_MAPPING,SYNTHETIC
7115.03,SKL0034,Welding,RELEVANT,1,SYNTHETIC_DEMO_MAPPING,SYNTHETIC
7115.03,SKL0094,Microsoft Excel,RELEVANT,4,SYNTHETIC_DEMO_MAPPING,SYNTHETIC
7115.03,SKL0096,Digital Literacy,RELEVANT,3,SYNTHETIC_DEMO_MAPPING,SYNTHETIC
7115.04,SKL0092,Communication,RELEVANT,2,SYNTHETIC_DEMO_MAPPING,SYNTHETIC
7115.04,SKL0093,Problem Solving,RELEVANT,4,SYNTHETIC_DEMO_MAPPING,SYNTHETIC
7115.04,SKL0035,Quality Control,RELEVANT,3,SYNTHETIC_DEMO_MAPPING,SYNTHETIC
7115.04,SKL0095,Workplace Safety,RELEVANT,2,SYNTHETIC_DEMO_MAPPING,SYNTHETIC
7115.05,SKL0093,Problem Solving,RELEVANT,3,SYNTHETIC_DEMO_MAPPING,SYNTHETIC
7115.05,SKL0098,English Communication,RELEVANT,2,SYNTHETIC_DEMO_MAPPING,SYNTHETIC
7115.05,SKL0035,Quality Control,RELEVANT,4,SYNTHETIC_DEMO_MAPPING,SYNTHETIC
7115.05,SKL0094,Microsoft Excel,RELEVANT,1,SYNTHETIC_DEMO_MAPPING,SYNTHETIC
7115.05,SKL0059,Project Planning,RELEVANT,3,SYNTHETIC_DEMO_MAPPING,SYNTHETIC
7115.06,SKL0037,Production Planning,RELEVANT,3,SYNTHETIC_DEMO_MAPPING,SYNTHETIC
7115.06,SKL0077,Supply Chain,RELEVANT,4,SYNTHETIC_DEMO_MAPPING,SYNTHETIC
7115.06,SKL0069,Tally,RELEVANT,4,SYNTHETIC_DEMO_MAPPING,SYNTHETIC
7115.06,SKL0070,GST,RELEVANT,2,SYNTHETIC_DEMO_MAPPING,SYNTHETIC
7115.07,SKL0093,Problem Solving,RELEVANT,4,SYNTHETIC_DEMO_MAPPING,SYNTHETIC
7115.07,SKL0060,Structural Analysis,RELEVANT,2,SYNTHETIC_DEMO_MAPPING,SYNTHETIC
7115.07,SKL0037,Production Planning,RELEVANT,1,SYNTHETIC_DEMO_MAPPING,SYNTHETIC
7115.07,SKL0046,EV Battery Maintenance,RELEVANT,3,SYNTHETIC_DEMO_MAPPING,SYNTHETIC
7115.07,SKL0035,Quality Control,RELEVANT,1,SYNTHETIC_DEMO_MAPPING,SYNTHETIC
7115.08,SKL0059,Project Planning,RELEVANT,2,SYNTHETIC_DEMO_MAPPING,SYNTHETIC
7115.08,SKL0094,Microsoft Excel,RELEVANT,4,SYNTHETIC_DEMO_MAPPING,SYNTHETIC
7115.08,SKL0045,Battery Management Systems,RELEVANT,3,SYNTHETIC_DEMO_MAPPING,SYNTHETIC
7115.08,SKL0051,Service Operations,RELEVANT,2,SYNTHETIC_DEMO_MAPPING,SYNTHETIC
7115.11,SKL0041,AutoCAD,RELEVANT,1,SYNTHETIC_DEMO_MAPPING,SYNTHETIC
7115.11,SKL0060,Structural Analysis,RELEVANT,1,SYNTHETIC_DEMO_MAPPING,SYNTHETIC
7115.11,SKL0098,English Communication,RELEVANT,4,SYNTHETIC_DEMO_MAPPING,SYNTHETIC
7115.11,SKL0097,Team Management,RELEVANT,4,SYNTHETIC_DEMO_MAPPING,SYNTHETIC
7115.11,SKL0092,Communication,RELEVANT,3,SYNTHETIC_DEMO_MAPPING,SYNTHETIC
7115.12,SKL0093,Problem Solving,RELEVANT,4,SYNTHETIC_DEMO_MAPPING,SYNTHETIC
7115.12,SKL0059,Project Planning,RELEVANT,1,SYNTHETIC_DEMO_MAPPING,SYNTHETIC
7115.12,SKL0032,CNC Operation,RELEVANT,4,SYNTHETIC_DEMO_MAPPING,SYNTHETIC
7115.13,SKL0056,Construction Safety,RELEVANT,2,SYNTHETIC_DEMO_MAPPING,SYNTHETIC
7115.13,SKL0033,Machine Maintenance,RELEVANT,2,SYNTHETIC_DEMO_MAPPING,SYNTHETIC
7115.99,SKL0093,Problem Solving,RELEVANT,3,SYNTHETIC_DEMO_MAPPING,SYNTHETIC
7115.99,SKL0098,English Communication,RELEVANT,2,SYNTHETIC_DEMO_MAPPING,SYNTHETIC
7115.99,SKL0092,Communication,RELEVANT,2,SYNTHETIC_DEMO_MAPPING,SYNTHETIC
7119.01,SKL0092,Communication,RELEVANT,4,SYNTHETIC_DEMO_MAPPING,SYNTHETIC
7119.01,SKL0031,CNC Programming,RELEVANT,1,SYNTHETIC_DEMO_MAPPING,SYNTHETIC
7119.01,SKL0038,CNC Turning,RELEVANT,3,SYNTHETIC_DEMO_MAPPING,SYNTHETIC
7119.02,SKL0097,Team Management,RELEVANT,1,SYNTHETIC_DEMO_MAPPING,SYNTHETIC
7119.02,SKL0044,EV Systems,RELEVANT,2,SYNTHETIC_DEMO_MAPPING,SYNTHETIC
7119.0301,SKL0033,Machine Maintenance,RELEVANT,1,SYNTHETIC_DEMO_MAPPING,SYNTHETIC
7119.0301,SKL0087,Supply Chain Management,RELEVANT,4,SYNTHETIC_DEMO_MAPPING,SYNTHETIC
7119.99,SKL0054,Quantity Surveying,RELEVANT,2,SYNTHETIC_DEMO_MAPPING,SYNTHETIC
7119.99,SKL0092,Communication,RELEVANT,4,SYNTHETIC_DEMO_MAPPING,SYNTHETIC
7119.99,SKL0055,Site Supervision,RELEVANT,4,SYNTHETIC_DEMO_MAPPING,SYNTHETIC
7121.01,SKL0096,Digital Literacy,RELEVANT,1,SYNTHETIC_DEMO_MAPPING,SYNTHETIC
7121.01,SKL0060,Structural Analysis,RELEVANT,4,SYNTHETIC_DEMO_MAPPING,SYNTHETIC
7121.01,SKL0059,Project Planning,RELEVANT,2,SYNTHETIC_DEMO_MAPPING,SYNTHETIC
7121.01,SKL0041,AutoCAD,RELEVANT,2,SYNTHETIC_DEMO_MAPPING,SYNTHETIC
7121.99,SKL0057,Civil Drafting,RELEVANT,4,SYNTHETIC_DEMO_MAPPING,SYNTHETIC
7121.99,SKL0097,Team Management,RELEVANT,4,SYNTHETIC_DEMO_MAPPING,SYNTHETIC
7121.99,SKL0052,Two-Wheeler Service,RELEVANT,1,SYNTHETIC_DEMO_MAPPING,SYNTHETIC
7121.99,SKL0094,Microsoft Excel,RELEVANT,2,SYNTHETIC_DEMO_MAPPING,SYNTHETIC
7121.99,SKL0045,Battery Management Systems,RELEVANT,3,SYNTHETIC_DEMO_MAPPING,SYNTHETIC
7122.01,SKL0038,CNC Turning,RELEVANT,3,SYNTHETIC_DEMO_MAPPING,SYNTHETIC
7122.01,SKL0055,Site Supervision,RELEVANT,3,SYNTHETIC_DEMO_MAPPING,SYNTHETIC
7122.01,SKL0096,Digital Literacy,RELEVANT,2,SYNTHETIC_DEMO_MAPPING,SYNTHETIC
7122.02,SKL0031,CNC Programming,RELEVANT,4,SYNTHETIC_DEMO_MAPPING,SYNTHETIC
7122.02,SKL0039,CNC Milling,RELEVANT,2,SYNTHETIC_DEMO_MAPPING,SYNTHETIC
7122.02,SKL0033,Machine Maintenance,RELEVANT,1,SYNTHETIC_DEMO_MAPPING,SYNTHETIC
7122.03,SKL0047,Vehicle Diagnostics,RELEVANT,2,SYNTHETIC_DEMO_MAPPING,SYNTHETIC
7122.03,SKL0051,Service Operations,RELEVANT,1,SYNTHETIC_DEMO_MAPPING,SYNTHETIC
7122.03,SKL0094,Microsoft Excel,RELEVANT,2,SYNTHETIC_DEMO_MAPPING,SYNTHETIC
7122.03,SKL0048,Auto Electrical,RELEVANT,3,SYNTHETIC_DEMO_MAPPING,SYNTHETIC
7122.04,SKL0095,Workplace Safety,RELEVANT,3,SYNTHETIC_DEMO_MAPPING,SYNTHETIC
7122.04,SKL0094,Microsoft Excel,RELEVANT,4,SYNTHETIC_DEMO_MAPPING,SYNTHETIC
7122.04,SKL0033,Machine Maintenance,RELEVANT,1,SYNTHETIC_DEMO_MAPPING,SYNTHETIC
7122.04,SKL0038,CNC Turning,RELEVANT,4,SYNTHETIC_DEMO_MAPPING,SYNTHETIC
7122.05,SKL0042,SolidWorks,RELEVANT,3,SYNTHETIC_DEMO_MAPPING,SYNTHETIC
7122.05,SKL0040,Mechanical Assembly,RELEVANT,4,SYNTHETIC_DEMO_MAPPING,SYNTHETIC
7122.05,SKL0032,CNC Operation,RELEVANT,4,SYNTHETIC_DEMO_MAPPING,SYNTHETIC
7122.06,SKL0033,Machine Maintenance,RELEVANT,4,SYNTHETIC_DEMO_MAPPING,SYNTHETIC
7122.06,SKL0034,Welding,RELEVANT,3,SYNTHETIC_DEMO_MAPPING,SYNTHETIC
7122.06,SKL0094,Microsoft Excel,RELEVANT,2,SYNTHETIC_DEMO_MAPPING,SYNTHETIC
7122.06,SKL0092,Communication,RELEVANT,2,SYNTHETIC_DEMO_MAPPING,SYNTHETIC
7122.06,SKL0054,Quantity Surveying,RELEVANT,3,SYNTHETIC_DEMO_MAPPING,SYNTHETIC
7122.99,SKL0093,Problem Solving,RELEVANT,3,SYNTHETIC_DEMO_MAPPING,SYNTHETIC
7122.99,SKL0096,Digital Literacy,RELEVANT,3,SYNTHETIC_DEMO_MAPPING,SYNTHETIC
7122.99,SKL0098,English Communication,RELEVANT,2,SYNTHETIC_DEMO_MAPPING,SYNTHETIC
7123.01,SKL0093,Problem Solving,RELEVANT,4,SYNTHETIC_DEMO_MAPPING,SYNTHETIC
7123.01,SKL0095,Workplace Safety,RELEVANT,3,SYNTHETIC_DEMO_MAPPING,SYNTHETIC
7123.99,SKL0043,Automotive Diagnostics,RELEVANT,2,SYNTHETIC_DEMO_MAPPING,SYNTHETIC
7123.99,SKL0051,Service Operations,RELEVANT,1,SYNTHETIC_DEMO_MAPPING,SYNTHETIC
7123.99,SKL0041,AutoCAD,RELEVANT,3,SYNTHETIC_DEMO_MAPPING,SYNTHETIC
7123.99,SKL0095,Workplace Safety,RELEVANT,3,SYNTHETIC_DEMO_MAPPING,SYNTHETIC
7124.01,SKL0056,Construction Safety,RELEVANT,1,SYNTHETIC_DEMO_MAPPING,SYNTHETIC
7124.01,SKL0094,Microsoft Excel,RELEVANT,4,SYNTHETIC_DEMO_MAPPING,SYNTHETIC
7124.01,SKL0058,Surveying,RELEVANT,3,SYNTHETIC_DEMO_MAPPING,SYNTHETIC
7124.01,SKL0041,AutoCAD,RELEVANT,2,SYNTHETIC_DEMO_MAPPING,SYNTHETIC
7124.01,SKL0057,Civil Drafting,RELEVANT,2,SYNTHETIC_DEMO_MAPPING,SYNTHETIC
7124.02,SKL0042,SolidWorks,RELEVANT,3,SYNTHETIC_DEMO_MAPPING,SYNTHETIC
7124.02,SKL0038,CNC Turning,RELEVANT,4,SYNTHETIC_DEMO_MAPPING,SYNTHETIC
7124.02,SKL0097,Team Management,RELEVANT,1,SYNTHETIC_DEMO_MAPPING,SYNTHETIC
7124.02,SKL0035,Quality Control,RELEVANT,2,SYNTHETIC_DEMO_MAPPING,SYNTHETIC
7124.03,SKL0095,Workplace Safety,RELEVANT,1,SYNTHETIC_DEMO_MAPPING,SYNTHETIC
7124.03,SKL0093,Problem Solving,RELEVANT,4,SYNTHETIC_DEMO_MAPPING,SYNTHETIC
7124.03,SKL0094,Microsoft Excel,RELEVANT,2,SYNTHETIC_DEMO_MAPPING,SYNTHETIC
7124.03,SKL0096,Digital Literacy,RELEVANT,3,SYNTHETIC_DEMO_MAPPING,SYNTHETIC
7124.04,SKL0092,Communication,RELEVANT,2,SYNTHETIC_DEMO_MAPPING,SYNTHETIC
7124.04,SKL0093,Problem Solving,RELEVANT,4,SYNTHETIC_DEMO_MAPPING,SYNTHETIC
7124.04,SKL0094,Microsoft Excel,RELEVANT,1,SYNTHETIC_DEMO_MAPPING,SYNTHETIC
7124.99,SKL0098,English Communication,RELEVANT,1,SYNTHETIC_DEMO_MAPPING,SYNTHETIC
7124.99,SKL0058,Surveying,RELEVANT,1,SYNTHETIC_DEMO_MAPPING,SYNTHETIC
7125.01,SKL0098,English Communication,RELEVANT,1,SYNTHETIC_DEMO_MAPPING,SYNTHETIC
7125.01,SKL0032,CNC Operation,RELEVANT,4,SYNTHETIC_DEMO_MAPPING,SYNTHETIC
7125.02,SKL0092,Communication,RELEVANT,1,SYNTHETIC_DEMO_MAPPING,SYNTHETIC
7125.02,SKL0036,Lean Manufacturing,RELEVANT,1,SYNTHETIC_DEMO_MAPPING,SYNTHETIC
7125.03,SKL0097,Team Management,RELEVANT,4,SYNTHETIC_DEMO_MAPPING,SYNTHETIC
7125.03,SKL0035,Quality Control,RELEVANT,1,SYNTHETIC_DEMO_MAPPING,SYNTHETIC
7125.03,SKL0092,Communication,RELEVANT,3,SYNTHETIC_DEMO_MAPPING,SYNTHETIC
7125.03,SKL0094,Microsoft Excel,RELEVANT,4,SYNTHETIC_DEMO_MAPPING,SYNTHETIC
7125.03,SKL0042,SolidWorks,RELEVANT,2,SYNTHETIC_DEMO_MAPPING,SYNTHETIC
7125.99,SKL0048,Auto Electrical,RELEVANT,3,SYNTHETIC_DEMO_MAPPING,SYNTHETIC
7125.99,SKL0050,Automotive CAD,RELEVANT,2,SYNTHETIC_DEMO_MAPPING,SYNTHETIC
7125.99,SKL0098,English Communication,RELEVANT,4,SYNTHETIC_DEMO_MAPPING,SYNTHETIC
7125.99,SKL0096,Digital Literacy,RELEVANT,3,SYNTHETIC_DEMO_MAPPING,SYNTHETIC
7125.99,SKL0058,Surveying,RELEVANT,1,SYNTHETIC_DEMO_MAPPING,SYNTHETIC
7126.0101,SKL0051,Service Operations,RELEVANT,1,SYNTHETIC_DEMO_MAPPING,SYNTHETIC
7126.0101,SKL0041,AutoCAD,RELEVANT,2,SYNTHETIC_DEMO_MAPPING,SYNTHETIC
7126.0101,SKL0095,Workplace Safety,RELEVANT,3,SYNTHETIC_DEMO_MAPPING,SYNTHETIC
7126.0101,SKL0035,Quality Control,RELEVANT,2,SYNTHETIC_DEMO_MAPPING,SYNTHETIC
7126.0102,SKL0097,Team Management,RELEVANT,3,SYNTHETIC_DEMO_MAPPING,SYNTHETIC
7126.0102,SKL0092,Communication,RELEVANT,2,SYNTHETIC_DEMO_MAPPING,SYNTHETIC
7126.0102,SKL0096,Digital Literacy,RELEVANT,4,SYNTHETIC_DEMO_MAPPING,SYNTHETIC
7126.0102,SKL0098,English Communication,RELEVANT,4,SYNTHETIC_DEMO_MAPPING,SYNTHETIC
7126.0103,SKL0092,Communication,RELEVANT,3,SYNTHETIC_DEMO_MAPPING,SYNTHETIC
7126.0103,SKL0031,CNC Programming,RELEVANT,1,SYNTHETIC_DEMO_MAPPING,SYNTHETIC
7126.0103,SKL0045,Battery Management Systems,RELEVANT,4,SYNTHETIC_DEMO_MAPPING,SYNTHETIC
7126.0104,SKL0033,Machine Maintenance,RELEVANT,1,SYNTHETIC_DEMO_MAPPING,SYNTHETIC
7126.0104,SKL0035,Quality Control,RELEVANT,3,SYNTHETIC_DEMO_MAPPING,SYNTHETIC
7126.0105,SKL0046,EV Battery Maintenance,RELEVANT,4,SYNTHETIC_DEMO_MAPPING,SYNTHETIC
7126.0105,SKL0092,Communication,RELEVANT,4,SYNTHETIC_DEMO_MAPPING,SYNTHETIC
7126.0105,SKL0096,Digital Literacy,RELEVANT,1,SYNTHETIC_DEMO_MAPPING,SYNTHETIC
7126.0105,SKL0044,EV Systems,RELEVANT,3,SYNTHETIC_DEMO_MAPPING,SYNTHETIC
7126.0105,SKL0047,Vehicle Diagnostics,RELEVANT,1,SYNTHETIC_DEMO_MAPPING,SYNTHETIC
7126.0106,SKL0092,Communication,RELEVANT,1,SYNTHETIC_DEMO_MAPPING,SYNTHETIC
7126.0106,SKL0095,Workplace Safety,RELEVANT,1,SYNTHETIC_DEMO_MAPPING,SYNTHETIC
7126.0106,SKL0096,Digital Literacy,RELEVANT,1,SYNTHETIC_DEMO_MAPPING,SYNTHETIC
7126.0107,SKL0095,Workplace Safety,RELEVANT,2,SYNTHETIC_DEMO_MAPPING,SYNTHETIC
7126.0107,SKL0096,Digital Literacy,RELEVANT,3,SYNTHETIC_DEMO_MAPPING,SYNTHETIC
7126.0107,SKL0094,Microsoft Excel,RELEVANT,2,SYNTHETIC_DEMO_MAPPING,SYNTHETIC
7126.0201,SKL0037,Production Planning,RELEVANT,4,SYNTHETIC_DEMO_MAPPING,SYNTHETIC
7126.0201,SKL0032,CNC Operation,RELEVANT,4,SYNTHETIC_DEMO_MAPPING,SYNTHETIC
7126.0201,SKL0031,CNC Programming,RELEVANT,3,SYNTHETIC_DEMO_MAPPING,SYNTHETIC
7126.0201,SKL0097,Team Management,RELEVANT,1,SYNTHETIC_DEMO_MAPPING,SYNTHETIC
7126.0201,SKL0093,Problem Solving,RELEVANT,2,SYNTHETIC_DEMO_MAPPING,SYNTHETIC
7126.0301,SKL0090,Logistics Planning,RELEVANT,1,SYNTHETIC_DEMO_MAPPING,SYNTHETIC
7126.0301,SKL0042,SolidWorks,RELEVANT,3,SYNTHETIC_DEMO_MAPPING,SYNTHETIC
7126.0301,SKL0036,Lean Manufacturing,RELEVANT,2,SYNTHETIC_DEMO_MAPPING,SYNTHETIC
7126.0301,SKL0091,Route Planning,RELEVANT,3,SYNTHETIC_DEMO_MAPPING,SYNTHETIC
7126.0301,SKL0058,Surveying,RELEVANT,2,SYNTHETIC_DEMO_MAPPING,SYNTHETIC
7126.04,SKL0048,Auto Electrical,RELEVANT,1,SYNTHETIC_DEMO_MAPPING,SYNTHETIC
7126.04,SKL0038,CNC Turning,RELEVANT,3,SYNTHETIC_DEMO_MAPPING,SYNTHETIC
7126.05,SKL0037,Production Planning,RELEVANT,3,SYNTHETIC_DEMO_MAPPING,SYNTHETIC
7126.05,SKL0032,CNC Operation,RELEVANT,4,SYNTHETIC_DEMO_MAPPING,SYNTHETIC
7126.06,SKL0088,Fleet Management,RELEVANT,1,SYNTHETIC_DEMO_MAPPING,SYNTHETIC
7126.06,SKL0038,CNC Turning,RELEVANT,3,SYNTHETIC_DEMO_MAPPING,SYNTHETIC
7126.06,SKL0087,Supply Chain Management,RELEVANT,1,SYNTHETIC_DEMO_MAPPING,SYNTHETIC
7126.06,SKL0034,Welding,RELEVANT,1,SYNTHETIC_DEMO_MAPPING,SYNTHETIC
7126.99,SKL0033,Machine Maintenance,RELEVANT,2,SYNTHETIC_DEMO_MAPPING,SYNTHETIC
7126.99,SKL0035,Quality Control,RELEVANT,3,SYNTHETIC_DEMO_MAPPING,SYNTHETIC
7126.99,SKL0034,Welding,RELEVANT,2,SYNTHETIC_DEMO_MAPPING,SYNTHETIC
7127.01,SKL0097,Team Management,RELEVANT,2,SYNTHETIC_DEMO_MAPPING,SYNTHETIC
7127.01,SKL0030,AutoCAD Electrical,RELEVANT,1,SYNTHETIC_DEMO_MAPPING,SYNTHETIC
7127.01,SKL0052,Two-Wheeler Service,RELEVANT,3,SYNTHETIC_DEMO_MAPPING,SYNTHETIC
7127.01,SKL0027,Sensors,RELEVANT,4,SYNTHETIC_DEMO_MAPPING,SYNTHETIC
7131.01,SKL0094,Microsoft Excel,RELEVANT,3,SYNTHETIC_DEMO_MAPPING,SYNTHETIC
7131.01,SKL0060,Structural Analysis,RELEVANT,3,SYNTHETIC_DEMO_MAPPING,SYNTHETIC
7131.01,SKL0097,Team Management,RELEVANT,4,SYNTHETIC_DEMO_MAPPING,SYNTHETIC
7131.01,SKL0041,AutoCAD,RELEVANT,3,SYNTHETIC_DEMO_MAPPING,SYNTHETIC
7131.0101,SKL0035,Quality Control,RELEVANT,2,SYNTHETIC_DEMO_MAPPING,SYNTHETIC
7131.0101,SKL0094,Microsoft Excel,RELEVANT,1,SYNTHETIC_DEMO_MAPPING,SYNTHETIC
7131.0101,SKL0061,Patient Care,RELEVANT,3,SYNTHETIC_DEMO_MAPPING,SYNTHETIC
7131.02,SKL0059,Project Planning,RELEVANT,2,SYNTHETIC_DEMO_MAPPING,SYNTHETIC
7131.02,SKL0092,Communication,RELEVANT,3,SYNTHETIC_DEMO_MAPPING,SYNTHETIC
7131.03,SKL0073,Business Analysis,RELEVANT,1,SYNTHETIC_DEMO_MAPPING,SYNTHETIC
7131.03,SKL0055,Site Supervision,RELEVANT,3,SYNTHETIC_DEMO_MAPPING,SYNTHETIC
7131.03,SKL0071,Financial Analysis,RELEVANT,3,SYNTHETIC_DEMO_MAPPING,SYNTHETIC
7131.03,SKL0056,Construction Safety,RELEVANT,3,SYNTHETIC_DEMO_MAPPING,SYNTHETIC
7131.05,SKL0092,Communication,RELEVANT,4,SYNTHETIC_DEMO_MAPPING,SYNTHETIC
7131.05,SKL0095,Workplace Safety,RELEVANT,4,SYNTHETIC_DEMO_MAPPING,SYNTHETIC
7131.99,SKL0041,AutoCAD,RELEVANT,3,SYNTHETIC_DEMO_MAPPING,SYNTHETIC
7131.99,SKL0054,Quantity Surveying,RELEVANT,4,SYNTHETIC_DEMO_MAPPING,SYNTHETIC
7131.99,SKL0094,Microsoft Excel,RELEVANT,3,SYNTHETIC_DEMO_MAPPING,SYNTHETIC
7132.01,SKL0024,PCB Design,RELEVANT,4,SYNTHETIC_DEMO_MAPPING,SYNTHETIC
7132.01,SKL0094,Microsoft Excel,RELEVANT,1,SYNTHETIC_DEMO_MAPPING,SYNTHETIC
7132.01,SKL0055,Site Supervision,RELEVANT,4,SYNTHETIC_DEMO_MAPPING,SYNTHETIC
7132.0201,SKL0021,PLC,RELEVANT,1,SYNTHETIC_DEMO_MAPPING,SYNTHETIC
7132.0201,SKL0028,Electrical Testing,RELEVANT,1,SYNTHETIC_DEMO_MAPPING,SYNTHETIC
7132.0201,SKL0030,AutoCAD Electrical,RELEVANT,4,SYNTHETIC_DEMO_MAPPING,SYNTHETIC
7132.0201,SKL0092,Communication,RELEVANT,3,SYNTHETIC_DEMO_MAPPING,SYNTHETIC
7132.0202,SKL0047,Vehicle Diagnostics,RELEVANT,3,SYNTHETIC_DEMO_MAPPING,SYNTHETIC
7132.0202,SKL0049,Electric Motor Systems,RELEVANT,1,SYNTHETIC_DEMO_MAPPING,SYNTHETIC
7132.0202,SKL0044,EV Systems,RELEVANT,2,SYNTHETIC_DEMO_MAPPING,SYNTHETIC
7132.0202,SKL0096,Digital Literacy,RELEVANT,1,SYNTHETIC_DEMO_MAPPING,SYNTHETIC
7132.0203,SKL0047,Vehicle Diagnostics,RELEVANT,2,SYNTHETIC_DEMO_MAPPING,SYNTHETIC
7132.0203,SKL0049,Electric Motor Systems,RELEVANT,4,SYNTHETIC_DEMO_MAPPING,SYNTHETIC
7132.0203,SKL0050,Automotive CAD,RELEVANT,2,SYNTHETIC_DEMO_MAPPING,SYNTHETIC
7132.0204,SKL0097,Team Management,RELEVANT,2,SYNTHETIC_DEMO_MAPPING,SYNTHETIC
7132.0204,SKL0030,AutoCAD Electrical,RELEVANT,4,SYNTHETIC_DEMO_MAPPING,SYNTHETIC
7132.0204,SKL0028,Electrical Testing,RELEVANT,3,SYNTHETIC_DEMO_MAPPING,SYNTHETIC
7132.0204,SKL0043,Automotive Diagnostics,RELEVANT,3,SYNTHETIC_DEMO_MAPPING,SYNTHETIC
7132.0205,SKL0094,Microsoft Excel,RELEVANT,3,SYNTHETIC_DEMO_MAPPING,SYNTHETIC
7132.0205,SKL0044,EV Systems,RELEVANT,2,SYNTHETIC_DEMO_MAPPING,SYNTHETIC
7132.0205,SKL0098,English Communication,RELEVANT,2,SYNTHETIC_DEMO_MAPPING,SYNTHETIC
7132.0205,SKL0092,Communication,RELEVANT,1,SYNTHETIC_DEMO_MAPPING,SYNTHETIC
7132.03,SKL0005,React,RELEVANT,3,SYNTHETIC_DEMO_MAPPING,SYNTHETIC
7132.03,SKL0016,Data Analysis,RELEVANT,1,SYNTHETIC_DEMO_MAPPING,SYNTHETIC
7132.03,SKL0098,English Communication,RELEVANT,1,SYNTHETIC_DEMO_MAPPING,SYNTHETIC
7132.03,SKL0094,Microsoft Excel,RELEVANT,3,SYNTHETIC_DEMO_MAPPING,SYNTHETIC
7132.03,SKL0001,Python,RELEVANT,4,SYNTHETIC_DEMO_MAPPING,SYNTHETIC
7132.04,SKL0095,Workplace Safety,RELEVANT,1,SYNTHETIC_DEMO_MAPPING,SYNTHETIC
7132.04,SKL0097,Team Management,RELEVANT,4,SYNTHETIC_DEMO_MAPPING,SYNTHETIC
7132.04,SKL0093,Problem Solving,RELEVANT,1,SYNTHETIC_DEMO_MAPPING,SYNTHETIC
7132.04,SKL0094,Microsoft Excel,RELEVANT,3,SYNTHETIC_DEMO_MAPPING,SYNTHETIC
7132.05,SKL0096,Digital Literacy,RELEVANT,1,SYNTHETIC_DEMO_MAPPING,SYNTHETIC
7132.05,SKL0055,Site Supervision,RELEVANT,3,SYNTHETIC_DEMO_MAPPING,SYNTHETIC
7132.05,SKL0095,Workplace Safety,RELEVANT,3,SYNTHETIC_DEMO_MAPPING,SYNTHETIC
7132.05,SKL0058,Surveying,RELEVANT,1,SYNTHETIC_DEMO_MAPPING,SYNTHETIC
7132.06,SKL0031,CNC Programming,RELEVANT,1,SYNTHETIC_DEMO_MAPPING,SYNTHETIC
7132.06,SKL0057,Civil Drafting,RELEVANT,1,SYNTHETIC_DEMO_MAPPING,SYNTHETIC
7132.06,SKL0093,Problem Solving,RELEVANT,3,SYNTHETIC_DEMO_MAPPING,SYNTHETIC
7132.06,SKL0058,Surveying,RELEVANT,2,SYNTHETIC_DEMO_MAPPING,SYNTHETIC
7132.07,SKL0060,Structural Analysis,RELEVANT,2,SYNTHETIC_DEMO_MAPPING,SYNTHETIC
7132.07,SKL0097,Team Management,RELEVANT,2,SYNTHETIC_DEMO_MAPPING,SYNTHETIC
7132.07,SKL0054,Quantity Surveying,RELEVANT,3,SYNTHETIC_DEMO_MAPPING,SYNTHETIC
7132.09,SKL0040,Mechanical Assembly,RELEVANT,3,SYNTHETIC_DEMO_MAPPING,SYNTHETIC
7132.09,SKL0092,Communication,RELEVANT,4,SYNTHETIC_DEMO_MAPPING,SYNTHETIC
7132.09,SKL0038,CNC Turning,RELEVANT,4,SYNTHETIC_DEMO_MAPPING,SYNTHETIC
7132.09,SKL0098,English Communication,RELEVANT,3,SYNTHETIC_DEMO_MAPPING,SYNTHETIC
7132.0901,SKL0044,EV Systems,RELEVANT,2,SYNTHETIC_DEMO_MAPPING,SYNTHETIC
7132.0901,SKL0047,Vehicle Diagnostics,RELEVANT,1,SYNTHETIC_DEMO_MAPPING,SYNTHETIC
7132.0901,SKL0094,Microsoft Excel,RELEVANT,2,SYNTHETIC_DEMO_MAPPING,SYNTHETIC
7132.0901,SKL0048,Auto Electrical,RELEVANT,4,SYNTHETIC_DEMO_MAPPING,SYNTHETIC
7132.99,SKL0038,CNC Turning,RELEVANT,3,SYNTHETIC_DEMO_MAPPING,SYNTHETIC
7132.99,SKL0035,Quality Control,RELEVANT,2,SYNTHETIC_DEMO_MAPPING,SYNTHETIC
7132.99,SKL0046,EV Battery Maintenance,RELEVANT,2,SYNTHETIC_DEMO_MAPPING,SYNTHETIC
7211.01,SKL0094,Microsoft Excel,RELEVANT,2,SYNTHETIC_DEMO_MAPPING,SYNTHETIC
7211.01,SKL0096,Digital Literacy,RELEVANT,1,SYNTHETIC_DEMO_MAPPING,SYNTHETIC
7211.0101,SKL0031,CNC Programming,RELEVANT,1,SYNTHETIC_DEMO_MAPPING,SYNTHETIC
7211.0101,SKL0006,Next.js,RELEVANT,4,SYNTHETIC_DEMO_MAPPING,SYNTHETIC
7211.0102,SKL0096,Digital Literacy,RELEVANT,1,SYNTHETIC_DEMO_MAPPING,SYNTHETIC
7211.0102,SKL0095,Workplace Safety,RELEVANT,1,SYNTHETIC_DEMO_MAPPING,SYNTHETIC
7211.02,SKL0032,CNC Operation,RELEVANT,4,SYNTHETIC_DEMO_MAPPING,SYNTHETIC
7211.02,SKL0033,Machine Maintenance,RELEVANT,2,SYNTHETIC_DEMO_MAPPING,SYNTHETIC
7211.02,SKL0044,EV Systems,RELEVANT,4,SYNTHETIC_DEMO_MAPPING,SYNTHETIC
7211.02,SKL0047,Vehicle Diagnostics,RELEVANT,4,SYNTHETIC_DEMO_MAPPING,SYNTHETIC
7211.0201,SKL0023,Embedded Systems,RELEVANT,1,SYNTHETIC_DEMO_MAPPING,SYNTHETIC
7211.0201,SKL0098,English Communication,RELEVANT,1,SYNTHETIC_DEMO_MAPPING,SYNTHETIC
7211.0201,SKL0026,IoT,RELEVANT,3,SYNTHETIC_DEMO_MAPPING,SYNTHETIC
7211.03,SKL0096,Digital Literacy,RELEVANT,2,SYNTHETIC_DEMO_MAPPING,SYNTHETIC
7211.03,SKL0052,Two-Wheeler Service,RELEVANT,3,SYNTHETIC_DEMO_MAPPING,SYNTHETIC
7211.03,SKL0045,Battery Management Systems,RELEVANT,4,SYNTHETIC_DEMO_MAPPING,SYNTHETIC
7211.03,SKL0048,Auto Electrical,RELEVANT,2,SYNTHETIC_DEMO_MAPPING,SYNTHETIC
7211.03,SKL0051,Service Operations,RELEVANT,2,SYNTHETIC_DEMO_MAPPING,SYNTHETIC
7211.04,SKL0089,Forklift Operation,RELEVANT,4,SYNTHETIC_DEMO_MAPPING,SYNTHETIC
7211.04,SKL0091,Route Planning,RELEVANT,3,SYNTHETIC_DEMO_MAPPING,SYNTHETIC
7211.04,SKL0088,Fleet Management,RELEVANT,1,SYNTHETIC_DEMO_MAPPING,SYNTHETIC
7211.04,SKL0087,Supply Chain Management,RELEVANT,1,SYNTHETIC_DEMO_MAPPING,SYNTHETIC
7211.04,SKL0098,English Communication,RELEVANT,3,SYNTHETIC_DEMO_MAPPING,SYNTHETIC
7211.05,SKL0096,Digital Literacy,RELEVANT,2,SYNTHETIC_DEMO_MAPPING,SYNTHETIC
7211.05,SKL0097,Team Management,RELEVANT,4,SYNTHETIC_DEMO_MAPPING,SYNTHETIC
7211.05,SKL0098,English Communication,RELEVANT,3,SYNTHETIC_DEMO_MAPPING,SYNTHETIC
7211.05,SKL0092,Communication,RELEVANT,4,SYNTHETIC_DEMO_MAPPING,SYNTHETIC
7211.05,SKL0095,Workplace Safety,RELEVANT,4,SYNTHETIC_DEMO_MAPPING,SYNTHETIC
7211.06,SKL0096,Digital Literacy,RELEVANT,4,SYNTHETIC_DEMO_MAPPING,SYNTHETIC
7211.06,SKL0046,EV Battery Maintenance,RELEVANT,2,SYNTHETIC_DEMO_MAPPING,SYNTHETIC
7211.06,SKL0051,Service Operations,RELEVANT,3,SYNTHETIC_DEMO_MAPPING,SYNTHETIC
7211.06,SKL0050,Automotive CAD,RELEVANT,4,SYNTHETIC_DEMO_MAPPING,SYNTHETIC
7211.06,SKL0047,Vehicle Diagnostics,RELEVANT,3,SYNTHETIC_DEMO_MAPPING,SYNTHETIC
7211.99,SKL0086,Inventory Management,RELEVANT,4,SYNTHETIC_DEMO_MAPPING,SYNTHETIC
7211.99,SKL0032,CNC Operation,RELEVANT,3,SYNTHETIC_DEMO_MAPPING,SYNTHETIC
7211.99,SKL0034,Welding,RELEVANT,2,SYNTHETIC_DEMO_MAPPING,SYNTHETIC
7212.01,SKL0098,English Communication,RELEVANT,1,SYNTHETIC_DEMO_MAPPING,SYNTHETIC
7212.01,SKL0097,Team Management,RELEVANT,4,SYNTHETIC_DEMO_MAPPING,SYNTHETIC
7212.01,SKL0093,Problem Solving,RELEVANT,3,SYNTHETIC_DEMO_MAPPING,SYNTHETIC
7212.0101,SKL0098,English Communication,RELEVANT,2,SYNTHETIC_DEMO_MAPPING,SYNTHETIC
7212.0101,SKL0041,AutoCAD,RELEVANT,1,SYNTHETIC_DEMO_MAPPING,SYNTHETIC
7212.0101,SKL0042,SolidWorks,RELEVANT,3,SYNTHETIC_DEMO_MAPPING,SYNTHETIC
7212.0101,SKL0032,CNC Operation,RELEVANT,1,SYNTHETIC_DEMO_MAPPING,SYNTHETIC
7212.0101,SKL0040,Mechanical Assembly,RELEVANT,1,SYNTHETIC_DEMO_MAPPING,SYNTHETIC
7212.0102,SKL0041,AutoCAD,RELEVANT,3,SYNTHETIC_DEMO_MAPPING,SYNTHETIC
7212.0102,SKL0034,Welding,RELEVANT,4,SYNTHETIC_DEMO_MAPPING,SYNTHETIC
7212.0102,SKL0036,Lean Manufacturing,RELEVANT,4,SYNTHETIC_DEMO_MAPPING,SYNTHETIC
7212.0102,SKL0093,Problem Solving,RELEVANT,4,SYNTHETIC_DEMO_MAPPING,SYNTHETIC
7212.0105,SKL0033,Machine Maintenance,RELEVANT,1,SYNTHETIC_DEMO_MAPPING,SYNTHETIC
7212.0105,SKL0032,CNC Operation,RELEVANT,4,SYNTHETIC_DEMO_MAPPING,SYNTHETIC
7212.0105,SKL0096,Digital Literacy,RELEVANT,4,SYNTHETIC_DEMO_MAPPING,SYNTHETIC
7212.0105,SKL0094,Microsoft Excel,RELEVANT,2,SYNTHETIC_DEMO_MAPPING,SYNTHETIC
7212.0105,SKL0037,Production Planning,RELEVANT,1,SYNTHETIC_DEMO_MAPPING,SYNTHETIC
7212.0111,SKL0051,Service Operations,RELEVANT,4,SYNTHETIC_DEMO_MAPPING,SYNTHETIC
7212.0111,SKL0098,English Communication,RELEVANT,2,SYNTHETIC_DEMO_MAPPING,SYNTHETIC
7212.0111,SKL0048,Auto Electrical,RELEVANT,1,SYNTHETIC_DEMO_MAPPING,SYNTHETIC
7212.02,SKL0025,Industrial Automation,RELEVANT,4,SYNTHETIC_DEMO_MAPPING,SYNTHETIC
7212.02,SKL0094,Microsoft Excel,RELEVANT,1,SYNTHETIC_DEMO_MAPPING,SYNTHETIC
7212.02,SKL0024,PCB Design,RELEVANT,2,SYNTHETIC_DEMO_MAPPING,SYNTHETIC
7212.02,SKL0028,Electrical Testing,RELEVANT,1,SYNTHETIC_DEMO_MAPPING,SYNTHETIC
7212.02,SKL0092,Communication,RELEVANT,3,SYNTHETIC_DEMO_MAPPING,SYNTHETIC
7212.03,SKL0025,Industrial Automation,RELEVANT,3,SYNTHETIC_DEMO_MAPPING,SYNTHETIC
7212.03,SKL0032,CNC Operation,RELEVANT,4,SYNTHETIC_DEMO_MAPPING,SYNTHETIC
7212.03,SKL0022,SCADA,RELEVANT,2,SYNTHETIC_DEMO_MAPPING,SYNTHETIC
7212.0301,SKL0097,Team Management,RELEVANT,1,SYNTHETIC_DEMO_MAPPING,SYNTHETIC
7212.0301,SKL0092,Communication,RELEVANT,4,SYNTHETIC_DEMO_MAPPING,SYNTHETIC
7212.0302,SKL0028,Electrical Testing,RELEVANT,3,SYNTHETIC_DEMO_MAPPING,SYNTHETIC
7212.0302,SKL0023,Embedded Systems,RELEVANT,3,SYNTHETIC_DEMO_MAPPING,SYNTHETIC
7212.0302,SKL0066,Medical Equipment Maintenance,RELEVANT,4,SYNTHETIC_DEMO_MAPPING,SYNTHETIC
7212.0303,SKL0098,English Communication,RELEVANT,3,SYNTHETIC_DEMO_MAPPING,SYNTHETIC
7212.0303,SKL0093,Problem Solving,RELEVANT,1,SYNTHETIC_DEMO_MAPPING,SYNTHETIC
7212.0303,SKL0035,Quality Control,RELEVANT,1,SYNTHETIC_DEMO_MAPPING,SYNTHETIC
7212.04,SKL0039,CNC Milling,RELEVANT,3,SYNTHETIC_DEMO_MAPPING,SYNTHETIC
7212.04,SKL0096,Digital Literacy,RELEVANT,3,SYNTHETIC_DEMO_MAPPING,SYNTHETIC
7212.04,SKL0040,Mechanical Assembly,RELEVANT,1,SYNTHETIC_DEMO_MAPPING,SYNTHETIC
7212.04,SKL0095,Workplace Safety,RELEVANT,3,SYNTHETIC_DEMO_MAPPING,SYNTHETIC
7212.0402,SKL0092,Communication,RELEVANT,3,SYNTHETIC_DEMO_MAPPING,SYNTHETIC
7212.0402,SKL0094,Microsoft Excel,RELEVANT,3,SYNTHETIC_DEMO_MAPPING,SYNTHETIC
7212.05,SKL0096,Digital Literacy,RELEVANT,3,SYNTHETIC_DEMO_MAPPING,SYNTHETIC
7212.05,SKL0097,Team Management,RELEVANT,2,SYNTHETIC_DEMO_MAPPING,SYNTHETIC
7212.05,SKL0094,Microsoft Excel,RELEVANT,1,SYNTHETIC_DEMO_MAPPING,SYNTHETIC
7212.05,SKL0095,Workplace Safety,RELEVANT,3,SYNTHETIC_DEMO_MAPPING,SYNTHETIC
7212.05,SKL0093,Problem Solving,RELEVANT,3,SYNTHETIC_DEMO_MAPPING,SYNTHETIC
7212.0501,SKL0064,Pharmacy Operations,RELEVANT,3,SYNTHETIC_DEMO_MAPPING,SYNTHETIC
7212.0501,SKL0096,Digital Literacy,RELEVANT,4,SYNTHETIC_DEMO_MAPPING,SYNTHETIC
7212.0501,SKL0066,Medical Equipment Maintenance,RELEVANT,1,SYNTHETIC_DEMO_MAPPING,SYNTHETIC
7212.0501,SKL0027,Sensors,RELEVANT,3,SYNTHETIC_DEMO_MAPPING,SYNTHETIC
7212.06,SKL0033,Machine Maintenance,RELEVANT,4,SYNTHETIC_DEMO_MAPPING,SYNTHETIC
7212.06,SKL0034,Welding,RELEVANT,3,SYNTHETIC_DEMO_MAPPING,SYNTHETIC
7212.07,SKL0036,Lean Manufacturing,RELEVANT,2,SYNTHETIC_DEMO_MAPPING,SYNTHETIC
7212.07,SKL0040,Mechanical Assembly,RELEVANT,2,SYNTHETIC_DEMO_MAPPING,SYNTHETIC
7212.07,SKL0041,AutoCAD,RELEVANT,3,SYNTHETIC_DEMO_MAPPING,SYNTHETIC
7212.0801,SKL0032,CNC Operation,RELEVANT,4,SYNTHETIC_DEMO_MAPPING,SYNTHETIC
7212.0801,SKL0042,SolidWorks,RELEVANT,2,SYNTHETIC_DEMO_MAPPING,SYNTHETIC
7212.0801,SKL0095,Workplace Safety,RELEVANT,3,SYNTHETIC_DEMO_MAPPING,SYNTHETIC
7212.0801,SKL0097,Team Management,RELEVANT,1,SYNTHETIC_DEMO_MAPPING,SYNTHETIC
7212.99,SKL0042,SolidWorks,RELEVANT,2,SYNTHETIC_DEMO_MAPPING,SYNTHETIC
7212.99,SKL0095,Workplace Safety,RELEVANT,1,SYNTHETIC_DEMO_MAPPING,SYNTHETIC
7212.99,SKL0035,Quality Control,RELEVANT,1,SYNTHETIC_DEMO_MAPPING,SYNTHETIC
7212.99,SKL0034,Welding,RELEVANT,4,SYNTHETIC_DEMO_MAPPING,SYNTHETIC
7213.0101,SKL0041,AutoCAD,RELEVANT,2,SYNTHETIC_DEMO_MAPPING,SYNTHETIC
7213.0101,SKL0046,EV Battery Maintenance,RELEVANT,4,SYNTHETIC_DEMO_MAPPING,SYNTHETIC
7213.02,SKL0047,Vehicle Diagnostics,RELEVANT,4,SYNTHETIC_DEMO_MAPPING,SYNTHETIC
7213.02,SKL0039,CNC Milling,RELEVANT,3,SYNTHETIC_DEMO_MAPPING,SYNTHETIC
7213.02,SKL0048,Auto Electrical,RELEVANT,4,SYNTHETIC_DEMO_MAPPING,SYNTHETIC
7213.02,SKL0094,Microsoft Excel,RELEVANT,3,SYNTHETIC_DEMO_MAPPING,SYNTHETIC
7213.02,SKL0097,Team Management,RELEVANT,3,SYNTHETIC_DEMO_MAPPING,SYNTHETIC
7213.0201,SKL0049,Electric Motor Systems,RELEVANT,4,SYNTHETIC_DEMO_MAPPING,SYNTHETIC
7213.0201,SKL0052,Two-Wheeler Service,RELEVANT,4,SYNTHETIC_DEMO_MAPPING,SYNTHETIC
7213.0201,SKL0045,Battery Management Systems,RELEVANT,2,SYNTHETIC_DEMO_MAPPING,SYNTHETIC
7213.0201,SKL0025,Industrial Automation,RELEVANT,3,SYNTHETIC_DEMO_MAPPING,SYNTHETIC
7213.0201,SKL0093,Problem Solving,RELEVANT,4,SYNTHETIC_DEMO_MAPPING,SYNTHETIC
7213.0301,SKL0093,Problem Solving,RELEVANT,2,SYNTHETIC_DEMO_MAPPING,SYNTHETIC
7213.0301,SKL0094,Microsoft Excel,RELEVANT,4,SYNTHETIC_DEMO_MAPPING,SYNTHETIC
7213.0301,SKL0097,Team Management,RELEVANT,1,SYNTHETIC_DEMO_MAPPING,SYNTHETIC
7213.0301,SKL0051,Service Operations,RELEVANT,1,SYNTHETIC_DEMO_MAPPING,SYNTHETIC
7213.0302,SKL0045,Battery Management Systems,RELEVANT,3,SYNTHETIC_DEMO_MAPPING,SYNTHETIC
7213.0302,SKL0035,Quality Control,RELEVANT,4,SYNTHETIC_DEMO_MAPPING,SYNTHETIC
7213.04,SKL0094,Microsoft Excel,RELEVANT,2,SYNTHETIC_DEMO_MAPPING,SYNTHETIC
7213.04,SKL0050,Automotive CAD,RELEVANT,3,SYNTHETIC_DEMO_MAPPING,SYNTHETIC
7213.05,SKL0093,Problem Solving,RELEVANT,3,SYNTHETIC_DEMO_MAPPING,SYNTHETIC
7213.05,SKL0096,Digital Literacy,RELEVANT,4,SYNTHETIC_DEMO_MAPPING,SYNTHETIC
7213.05,SKL0098,English Communication,RELEVANT,2,SYNTHETIC_DEMO_MAPPING,SYNTHETIC
7213.05,SKL0092,Communication,RELEVANT,3,SYNTHETIC_DEMO_MAPPING,SYNTHETIC
7213.05,SKL0094,Microsoft Excel,RELEVANT,3,SYNTHETIC_DEMO_MAPPING,SYNTHETIC
7213.06,SKL0014,Azure,RELEVANT,1,SYNTHETIC_DEMO_MAPPING,SYNTHETIC
7213.06,SKL0004,TypeScript,RELEVANT,1,SYNTHETIC_DEMO_MAPPING,SYNTHETIC
7213.06,SKL0093,Problem Solving,RELEVANT,3,SYNTHETIC_DEMO_MAPPING,SYNTHETIC
7213.06,SKL0001,Python,RELEVANT,3,SYNTHETIC_DEMO_MAPPING,SYNTHETIC
7213.99,SKL0034,Welding,RELEVANT,2,SYNTHETIC_DEMO_MAPPING,SYNTHETIC
7213.99,SKL0094,Microsoft Excel,RELEVANT,4,SYNTHETIC_DEMO_MAPPING,SYNTHETIC
7213.99,SKL0095,Workplace Safety,RELEVANT,1,SYNTHETIC_DEMO_MAPPING,SYNTHETIC
7213.99,SKL0032,CNC Operation,RELEVANT,2,SYNTHETIC_DEMO_MAPPING,SYNTHETIC
7213.99,SKL0036,Lean Manufacturing,RELEVANT,3,SYNTHETIC_DEMO_MAPPING,SYNTHETIC
7214.03,SKL0025,Industrial Automation,RELEVANT,3,SYNTHETIC_DEMO_MAPPING,SYNTHETIC
7214.03,SKL0023,Embedded Systems,RELEVANT,2,SYNTHETIC_DEMO_MAPPING,SYNTHETIC
7214.04,SKL0049,Electric Motor Systems,RELEVANT,3,SYNTHETIC_DEMO_MAPPING,SYNTHETIC
7214.04,SKL0095,Workplace Safety,RELEVANT,3,SYNTHETIC_DEMO_MAPPING,SYNTHETIC
7214.04,SKL0092,Communication,RELEVANT,1,SYNTHETIC_DEMO_MAPPING,SYNTHETIC
7214.04,SKL0046,EV Battery Maintenance,RELEVANT,1,SYNTHETIC_DEMO_MAPPING,SYNTHETIC
7214.04,SKL0051,Service Operations,RELEVANT,2,SYNTHETIC_DEMO_MAPPING,SYNTHETIC
7214.05,SKL0045,Battery Management Systems,RELEVANT,3,SYNTHETIC_DEMO_MAPPING,SYNTHETIC
7214.05,SKL0093,Problem Solving,RELEVANT,1,SYNTHETIC_DEMO_MAPPING,SYNTHETIC
7214.05,SKL0031,CNC Programming,RELEVANT,3,SYNTHETIC_DEMO_MAPPING,SYNTHETIC
7214.06,SKL0023,Embedded Systems,RELEVANT,4,SYNTHETIC_DEMO_MAPPING,SYNTHETIC
7214.06,SKL0026,IoT,RELEVANT,1,SYNTHETIC_DEMO_MAPPING,SYNTHETIC
7214.07,SKL0042,SolidWorks,RELEVANT,1,SYNTHETIC_DEMO_MAPPING,SYNTHETIC
7214.07,SKL0093,Problem Solving,RELEVANT,1,SYNTHETIC_DEMO_MAPPING,SYNTHETIC
7214.07,SKL0087,Supply Chain Management,RELEVANT,2,SYNTHETIC_DEMO_MAPPING,SYNTHETIC
7214.07,SKL0060,Structural Analysis,RELEVANT,4,SYNTHETIC_DEMO_MAPPING,SYNTHETIC
7214.08,SKL0092,Communication,RELEVANT,4,SYNTHETIC_DEMO_MAPPING,SYNTHETIC
7214.08,SKL0098,English Communication,RELEVANT,3,SYNTHETIC_DEMO_MAPPING,SYNTHETIC
7214.08,SKL0031,CNC Programming,RELEVANT,4,SYNTHETIC_DEMO_MAPPING,SYNTHETIC
7214.09,SKL0047,Vehicle Diagnostics,RELEVANT,1,SYNTHETIC_DEMO_MAPPING,SYNTHETIC
7214.09,SKL0092,Communication,RELEVANT,1,SYNTHETIC_DEMO_MAPPING,SYNTHETIC
7214.09,SKL0042,SolidWorks,RELEVANT,1,SYNTHETIC_DEMO_MAPPING,SYNTHETIC
7214.09,SKL0043,Automotive Diagnostics,RELEVANT,3,SYNTHETIC_DEMO_MAPPING,SYNTHETIC
7214.1,SKL0097,Team Management,RELEVANT,4,SYNTHETIC_DEMO_MAPPING,SYNTHETIC
7214.1,SKL0038,CNC Turning,RELEVANT,4,SYNTHETIC_DEMO_MAPPING,SYNTHETIC
7214.1101,SKL0064,Pharmacy Operations,RELEVANT,1,SYNTHETIC_DEMO_MAPPING,SYNTHETIC
7214.1101,SKL0031,CNC Programming,RELEVANT,1,SYNTHETIC_DEMO_MAPPING,SYNTHETIC
7214.1101,SKL0063,Clinical Documentation,RELEVANT,3,SYNTHETIC_DEMO_MAPPING,SYNTHETIC
7214.1101,SKL0098,English Communication,RELEVANT,2,SYNTHETIC_DEMO_MAPPING,SYNTHETIC
7214.99,SKL0096,Digital Literacy,RELEVANT,3,SYNTHETIC_DEMO_MAPPING,SYNTHETIC
7214.99,SKL0097,Team Management,RELEVANT,4,SYNTHETIC_DEMO_MAPPING,SYNTHETIC
7214.99,SKL0095,Workplace Safety,RELEVANT,3,SYNTHETIC_DEMO_MAPPING,SYNTHETIC
7215.01,SKL0042,SolidWorks,RELEVANT,1,SYNTHETIC_DEMO_MAPPING,SYNTHETIC
7215.01,SKL0039,CNC Milling,RELEVANT,3,SYNTHETIC_DEMO_MAPPING,SYNTHETIC
7215.01,SKL0047,Vehicle Diagnostics,RELEVANT,3,SYNTHETIC_DEMO_MAPPING,SYNTHETIC
7215.0101,SKL0034,Welding,RELEVANT,3,SYNTHETIC_DEMO_MAPPING,SYNTHETIC
7215.0101,SKL0096,Digital Literacy,RELEVANT,4,SYNTHETIC_DEMO_MAPPING,SYNTHETIC
7215.02,SKL0098,English Communication,RELEVANT,3,SYNTHETIC_DEMO_MAPPING,SYNTHETIC
7215.02,SKL0040,Mechanical Assembly,RELEVANT,2,SYNTHETIC_DEMO_MAPPING,SYNTHETIC
7215.02,SKL0057,Civil Drafting,RELEVANT,1,SYNTHETIC_DEMO_MAPPING,SYNTHETIC
7215.02,SKL0035,Quality Control,RELEVANT,4,SYNTHETIC_DEMO_MAPPING,SYNTHETIC
7215.03,SKL0047,Vehicle Diagnostics,RELEVANT,1,SYNTHETIC_DEMO_MAPPING,SYNTHETIC
7215.03,SKL0043,Automotive Diagnostics,RELEVANT,2,SYNTHETIC_DEMO_MAPPING,SYNTHETIC
7215.99,SKL0095,Workplace Safety,RELEVANT,1,SYNTHETIC_DEMO_MAPPING,SYNTHETIC
7215.99,SKL0098,English Communication,RELEVANT,4,SYNTHETIC_DEMO_MAPPING,SYNTHETIC
7215.99,SKL0097,Team Management,RELEVANT,1,SYNTHETIC_DEMO_MAPPING,SYNTHETIC
7215.99,SKL0092,Communication,RELEVANT,4,SYNTHETIC_DEMO_MAPPING,SYNTHETIC
7215.99,SKL0094,Microsoft Excel,RELEVANT,4,SYNTHETIC_DEMO_MAPPING,SYNTHETIC
7221.01,SKL0096,Digital Literacy,RELEVANT,1,SYNTHETIC_DEMO_MAPPING,SYNTHETIC
7221.01,SKL0093,Problem Solving,RELEVANT,4,SYNTHETIC_DEMO_MAPPING,SYNTHETIC
7221.01,SKL0094,Microsoft Excel,RELEVANT,2,SYNTHETIC_DEMO_MAPPING,SYNTHETIC
7221.01,SKL0041,AutoCAD,RELEVANT,1,SYNTHETIC_DEMO_MAPPING,SYNTHETIC
7221.01,SKL0037,Production Planning,RELEVANT,3,SYNTHETIC_DEMO_MAPPING,SYNTHETIC
7221.02,SKL0095,Workplace Safety,RELEVANT,1,SYNTHETIC_DEMO_MAPPING,SYNTHETIC
7221.02,SKL0093,Problem Solving,RELEVANT,4,SYNTHETIC_DEMO_MAPPING,SYNTHETIC
7221.02,SKL0092,Communication,RELEVANT,2,SYNTHETIC_DEMO_MAPPING,SYNTHETIC
7221.03,SKL0093,Problem Solving,RELEVANT,4,SYNTHETIC_DEMO_MAPPING,SYNTHETIC
7221.03,SKL0036,Lean Manufacturing,RELEVANT,3,SYNTHETIC_DEMO_MAPPING,SYNTHETIC
7221.03,SKL0096,Digital Literacy,RELEVANT,1,SYNTHETIC_DEMO_MAPPING,SYNTHETIC
7221.03,SKL0034,Welding,RELEVANT,4,SYNTHETIC_DEMO_MAPPING,SYNTHETIC
7221.0301,SKL0036,Lean Manufacturing,RELEVANT,4,SYNTHETIC_DEMO_MAPPING,SYNTHETIC
7221.0301,SKL0039,CNC Milling,RELEVANT,4,SYNTHETIC_DEMO_MAPPING,SYNTHETIC
7221.0301,SKL0095,Workplace Safety,RELEVANT,4,SYNTHETIC_DEMO_MAPPING,SYNTHETIC
7221.04,SKL0092,Communication,RELEVANT,4,SYNTHETIC_DEMO_MAPPING,SYNTHETIC
7221.04,SKL0093,Problem Solving,RELEVANT,1,SYNTHETIC_DEMO_MAPPING,SYNTHETIC
7221.04,SKL0098,English Communication,RELEVANT,2,SYNTHETIC_DEMO_MAPPING,SYNTHETIC
7221.04,SKL0094,Microsoft Excel,RELEVANT,3,SYNTHETIC_DEMO_MAPPING,SYNTHETIC
7221.05,SKL0033,Machine Maintenance,RELEVANT,4,SYNTHETIC_DEMO_MAPPING,SYNTHETIC
7221.05,SKL0042,SolidWorks,RELEVANT,2,SYNTHETIC_DEMO_MAPPING,SYNTHETIC
7221.06,SKL0094,Microsoft Excel,RELEVANT,3,SYNTHETIC_DEMO_MAPPING,SYNTHETIC
7221.06,SKL0093,Problem Solving,RELEVANT,1,SYNTHETIC_DEMO_MAPPING,SYNTHETIC
7221.06,SKL0098,English Communication,RELEVANT,2,SYNTHETIC_DEMO_MAPPING,SYNTHETIC
7221.07,SKL0093,Problem Solving,RELEVANT,4,SYNTHETIC_DEMO_MAPPING,SYNTHETIC
7221.07,SKL0041,AutoCAD,RELEVANT,3,SYNTHETIC_DEMO_MAPPING,SYNTHETIC
7221.07,SKL0095,Workplace Safety,RELEVANT,4,SYNTHETIC_DEMO_MAPPING,SYNTHETIC
7221.07,SKL0097,Team Management,RELEVANT,3,SYNTHETIC_DEMO_MAPPING,SYNTHETIC
7221.08,SKL0039,CNC Milling,RELEVANT,3,SYNTHETIC_DEMO_MAPPING,SYNTHETIC
7221.08,SKL0093,Problem Solving,RELEVANT,1,SYNTHETIC_DEMO_MAPPING,SYNTHETIC
7221.08,SKL0036,Lean Manufacturing,RELEVANT,4,SYNTHETIC_DEMO_MAPPING,SYNTHETIC
7221.99,SKL0035,Quality Control,RELEVANT,2,SYNTHETIC_DEMO_MAPPING,SYNTHETIC
7221.99,SKL0092,Communication,RELEVANT,1,SYNTHETIC_DEMO_MAPPING,SYNTHETIC
7221.99,SKL0095,Workplace Safety,RELEVANT,1,SYNTHETIC_DEMO_MAPPING,SYNTHETIC
7222.01,SKL0038,CNC Turning,RELEVANT,1,SYNTHETIC_DEMO_MAPPING,SYNTHETIC
7222.01,SKL0098,English Communication,RELEVANT,4,SYNTHETIC_DEMO_MAPPING,SYNTHETIC
7222.01,SKL0033,Machine Maintenance,RELEVANT,4,SYNTHETIC_DEMO_MAPPING,SYNTHETIC
7222.01,SKL0037,Production Planning,RELEVANT,4,SYNTHETIC_DEMO_MAPPING,SYNTHETIC
7222.01,SKL0092,Communication,RELEVANT,2,SYNTHETIC_DEMO_MAPPING,SYNTHETIC
7222.02,SKL0051,Service Operations,RELEVANT,4,SYNTHETIC_DEMO_MAPPING,SYNTHETIC
7222.02,SKL0031,CNC Programming,RELEVANT,2,SYNTHETIC_DEMO_MAPPING,SYNTHETIC
7222.03,SKL0041,AutoCAD,RELEVANT,1,SYNTHETIC_DEMO_MAPPING,SYNTHETIC
7222.03,SKL0092,Communication,RELEVANT,2,SYNTHETIC_DEMO_MAPPING,SYNTHETIC
7222.03,SKL0036,Lean Manufacturing,RELEVANT,2,SYNTHETIC_DEMO_MAPPING,SYNTHETIC
7222.03,SKL0046,EV Battery Maintenance,RELEVANT,3,SYNTHETIC_DEMO_MAPPING,SYNTHETIC
7222.03,SKL0039,CNC Milling,RELEVANT,3,SYNTHETIC_DEMO_MAPPING,SYNTHETIC
7222.04,SKL0041,AutoCAD,RELEVANT,1,SYNTHETIC_DEMO_MAPPING,SYNTHETIC
7222.04,SKL0035,Quality Control,RELEVANT,3,SYNTHETIC_DEMO_MAPPING,SYNTHETIC
7222.04,SKL0037,Production Planning,RELEVANT,3,SYNTHETIC_DEMO_MAPPING,SYNTHETIC
7222.05,SKL0032,CNC Operation,RELEVANT,4,SYNTHETIC_DEMO_MAPPING,SYNTHETIC
7222.05,SKL0038,CNC Turning,RELEVANT,2,SYNTHETIC_DEMO_MAPPING,SYNTHETIC
7222.05,SKL0046,EV Battery Maintenance,RELEVANT,4,SYNTHETIC_DEMO_MAPPING,SYNTHETIC
7222.05,SKL0096,Digital Literacy,RELEVANT,1,SYNTHETIC_DEMO_MAPPING,SYNTHETIC
7222.05,SKL0047,Vehicle Diagnostics,RELEVANT,3,SYNTHETIC_DEMO_MAPPING,SYNTHETIC
7222.06,SKL0040,Mechanical Assembly,RELEVANT,4,SYNTHETIC_DEMO_MAPPING,SYNTHETIC
7222.06,SKL0035,Quality Control,RELEVANT,1,SYNTHETIC_DEMO_MAPPING,SYNTHETIC
7222.06,SKL0038,CNC Turning,RELEVANT,1,SYNTHETIC_DEMO_MAPPING,SYNTHETIC
7222.06,SKL0039,CNC Milling,RELEVANT,3,SYNTHETIC_DEMO_MAPPING,SYNTHETIC
7222.07,SKL0031,CNC Programming,RELEVANT,1,SYNTHETIC_DEMO_MAPPING,SYNTHETIC
7222.07,SKL0046,EV Battery Maintenance,RELEVANT,1,SYNTHETIC_DEMO_MAPPING,SYNTHETIC
7222.08,SKL0048,Auto Electrical,RELEVANT,3,SYNTHETIC_DEMO_MAPPING,SYNTHETIC
7222.08,SKL0049,Electric Motor Systems,RELEVANT,1,SYNTHETIC_DEMO_MAPPING,SYNTHETIC
7222.09,SKL0033,Machine Maintenance,RELEVANT,4,SYNTHETIC_DEMO_MAPPING,SYNTHETIC
7222.09,SKL0037,Production Planning,RELEVANT,1,SYNTHETIC_DEMO_MAPPING,SYNTHETIC
7222.99,SKL0031,CNC Programming,RELEVANT,4,SYNTHETIC_DEMO_MAPPING,SYNTHETIC
7222.99,SKL0034,Welding,RELEVANT,3,SYNTHETIC_DEMO_MAPPING,SYNTHETIC
7222.99,SKL0093,Problem Solving,RELEVANT,3,SYNTHETIC_DEMO_MAPPING,SYNTHETIC
7222.99,SKL0042,SolidWorks,RELEVANT,3,SYNTHETIC_DEMO_MAPPING,SYNTHETIC
7223.01,SKL0097,Team Management,RELEVANT,4,SYNTHETIC_DEMO_MAPPING,SYNTHETIC
7223.01,SKL0028,Electrical Testing,RELEVANT,2,SYNTHETIC_DEMO_MAPPING,SYNTHETIC
7223.01,SKL0051,Service Operations,RELEVANT,4,SYNTHETIC_DEMO_MAPPING,SYNTHETIC
7223.01,SKL0095,Workplace Safety,RELEVANT,4,SYNTHETIC_DEMO_MAPPING,SYNTHETIC
7223.02,SKL0093,Problem Solving,RELEVANT,3,SYNTHETIC_DEMO_MAPPING,SYNTHETIC
7223.02,SKL0096,Digital Literacy,RELEVANT,1,SYNTHETIC_DEMO_MAPPING,SYNTHETIC
7223.02,SKL0033,Machine Maintenance,RELEVANT,1,SYNTHETIC_DEMO_MAPPING,SYNTHETIC
7223.02,SKL0041,AutoCAD,RELEVANT,4,SYNTHETIC_DEMO_MAPPING,SYNTHETIC
7223.02,SKL0095,Workplace Safety,RELEVANT,4,SYNTHETIC_DEMO_MAPPING,SYNTHETIC
7223.03,SKL0095,Workplace Safety,RELEVANT,2,SYNTHETIC_DEMO_MAPPING,SYNTHETIC
7223.03,SKL0032,CNC Operation,RELEVANT,3,SYNTHETIC_DEMO_MAPPING,SYNTHETIC
7223.03,SKL0035,Quality Control,RELEVANT,2,SYNTHETIC_DEMO_MAPPING,SYNTHETIC
7223.03,SKL0040,Mechanical Assembly,RELEVANT,2,SYNTHETIC_DEMO_MAPPING,SYNTHETIC
7223.03,SKL0094,Microsoft Excel,RELEVANT,4,SYNTHETIC_DEMO_MAPPING,SYNTHETIC
7223.04,SKL0028,Electrical Testing,RELEVANT,2,SYNTHETIC_DEMO_MAPPING,SYNTHETIC
7223.04,SKL0024,PCB Design,RELEVANT,1,SYNTHETIC_DEMO_MAPPING,SYNTHETIC
7223.0401,SKL0037,Production Planning,RELEVANT,2,SYNTHETIC_DEMO_MAPPING,SYNTHETIC
7223.0401,SKL0032,CNC Operation,RELEVANT,1,SYNTHETIC_DEMO_MAPPING,SYNTHETIC
7223.05,SKL0093,Problem Solving,RELEVANT,1,SYNTHETIC_DEMO_MAPPING,SYNTHETIC
7223.05,SKL0098,English Communication,RELEVANT,3,SYNTHETIC_DEMO_MAPPING,SYNTHETIC
7223.05,SKL0096,Digital Literacy,RELEVANT,3,SYNTHETIC_DEMO_MAPPING,SYNTHETIC
7223.05,SKL0035,Quality Control,RELEVANT,3,SYNTHETIC_DEMO_MAPPING,SYNTHETIC
7223.0501,SKL0039,CNC Milling,RELEVANT,1,SYNTHETIC_DEMO_MAPPING,SYNTHETIC
7223.0501,SKL0096,Digital Literacy,RELEVANT,2,SYNTHETIC_DEMO_MAPPING,SYNTHETIC
7223.0501,SKL0097,Team Management,RELEVANT,3,SYNTHETIC_DEMO_MAPPING,SYNTHETIC
7223.0501,SKL0040,Mechanical Assembly,RELEVANT,1,SYNTHETIC_DEMO_MAPPING,SYNTHETIC
7223.0501,SKL0025,Industrial Automation,RELEVANT,1,SYNTHETIC_DEMO_MAPPING,SYNTHETIC
7223.0502,SKL0095,Workplace Safety,RELEVANT,1,SYNTHETIC_DEMO_MAPPING,SYNTHETIC
7223.0502,SKL0094,Microsoft Excel,RELEVANT,4,SYNTHETIC_DEMO_MAPPING,SYNTHETIC
7223.0502,SKL0096,Digital Literacy,RELEVANT,3,SYNTHETIC_DEMO_MAPPING,SYNTHETIC
7223.0502,SKL0032,CNC Operation,RELEVANT,1,SYNTHETIC_DEMO_MAPPING,SYNTHETIC
7223.0502,SKL0037,Production Planning,RELEVANT,4,SYNTHETIC_DEMO_MAPPING,SYNTHETIC
7223.0601,SKL0033,Machine Maintenance,RELEVANT,2,SYNTHETIC_DEMO_MAPPING,SYNTHETIC
7223.0601,SKL0096,Digital Literacy,RELEVANT,1,SYNTHETIC_DEMO_MAPPING,SYNTHETIC
7223.0601,SKL0034,Welding,RELEVANT,1,SYNTHETIC_DEMO_MAPPING,SYNTHETIC
7223.0601,SKL0094,Microsoft Excel,RELEVANT,3,SYNTHETIC_DEMO_MAPPING,SYNTHETIC
7223.0601,SKL0032,CNC Operation,RELEVANT,4,SYNTHETIC_DEMO_MAPPING,SYNTHETIC
7223.07,SKL0033,Machine Maintenance,RELEVANT,2,SYNTHETIC_DEMO_MAPPING,SYNTHETIC
7223.07,SKL0031,CNC Programming,RELEVANT,4,SYNTHETIC_DEMO_MAPPING,SYNTHETIC
7223.07,SKL0039,CNC Milling,RELEVANT,3,SYNTHETIC_DEMO_MAPPING,SYNTHETIC
7223.0701,SKL0031,CNC Programming,RELEVANT,2,SYNTHETIC_DEMO_MAPPING,SYNTHETIC
7223.0701,SKL0093,Problem Solving,RELEVANT,3,SYNTHETIC_DEMO_MAPPING,SYNTHETIC
7223.0701,SKL0035,Quality Control,RELEVANT,3,SYNTHETIC_DEMO_MAPPING,SYNTHETIC
7223.0701,SKL0041,AutoCAD,RELEVANT,3,SYNTHETIC_DEMO_MAPPING,SYNTHETIC
7223.08,SKL0024,PCB Design,RELEVANT,3,SYNTHETIC_DEMO_MAPPING,SYNTHETIC
7223.08,SKL0040,Mechanical Assembly,RELEVANT,2,SYNTHETIC_DEMO_MAPPING,SYNTHETIC
7223.08,SKL0093,Problem Solving,RELEVANT,2,SYNTHETIC_DEMO_MAPPING,SYNTHETIC
7223.08,SKL0025,Industrial Automation,RELEVANT,2,SYNTHETIC_DEMO_MAPPING,SYNTHETIC
7223.09,SKL0035,Quality Control,RELEVANT,1,SYNTHETIC_DEMO_MAPPING,SYNTHETIC
7223.09,SKL0033,Machine Maintenance,RELEVANT,4,SYNTHETIC_DEMO_MAPPING,SYNTHETIC
7223.1,SKL0098,English Communication,RELEVANT,1,SYNTHETIC_DEMO_MAPPING,SYNTHETIC
7223.1,SKL0038,CNC Turning,RELEVANT,2,SYNTHETIC_DEMO_MAPPING,SYNTHETIC
7223.11,SKL0094,Microsoft Excel,RELEVANT,1,SYNTHETIC_DEMO_MAPPING,SYNTHETIC
7223.11,SKL0022,SCADA,RELEVANT,2,SYNTHETIC_DEMO_MAPPING,SYNTHETIC
7223.11,SKL0038,CNC Turning,RELEVANT,1,SYNTHETIC_DEMO_MAPPING,SYNTHETIC
7223.11,SKL0024,PCB Design,RELEVANT,4,SYNTHETIC_DEMO_MAPPING,SYNTHETIC
7223.11,SKL0095,Workplace Safety,RELEVANT,4,SYNTHETIC_DEMO_MAPPING,SYNTHETIC
7223.1201,SKL0030,AutoCAD Electrical,RELEVANT,3,SYNTHETIC_DEMO_MAPPING,SYNTHETIC
7223.1201,SKL0096,Digital Literacy,RELEVANT,4,SYNTHETIC_DEMO_MAPPING,SYNTHETIC
7223.1201,SKL0034,Welding,RELEVANT,2,SYNTHETIC_DEMO_MAPPING,SYNTHETIC
7223.13,SKL0038,CNC Turning,RELEVANT,1,SYNTHETIC_DEMO_MAPPING,SYNTHETIC
7223.13,SKL0035,Quality Control,RELEVANT,2,SYNTHETIC_DEMO_MAPPING,SYNTHETIC
7223.14,SKL0030,AutoCAD Electrical,RELEVANT,3,SYNTHETIC_DEMO_MAPPING,SYNTHETIC
7223.14,SKL0041,AutoCAD,RELEVANT,2,SYNTHETIC_DEMO_MAPPING,SYNTHETIC
7223.14,SKL0095,Workplace Safety,RELEVANT,1,SYNTHETIC_DEMO_MAPPING,SYNTHETIC
7223.14,SKL0097,Team Management,RELEVANT,3,SYNTHETIC_DEMO_MAPPING,SYNTHETIC
7223.14,SKL0022,SCADA,RELEVANT,1,SYNTHETIC_DEMO_MAPPING,SYNTHETIC
7223.15,SKL0041,AutoCAD,RELEVANT,4,SYNTHETIC_DEMO_MAPPING,SYNTHETIC
7223.15,SKL0021,PLC,RELEVANT,3,SYNTHETIC_DEMO_MAPPING,SYNTHETIC
7223.16,SKL0032,CNC Operation,RELEVANT,1,SYNTHETIC_DEMO_MAPPING,SYNTHETIC
7223.16,SKL0040,Mechanical Assembly,RELEVANT,4,SYNTHETIC_DEMO_MAPPING,SYNTHETIC
7223.16,SKL0097,Team Management,RELEVANT,2,SYNTHETIC_DEMO_MAPPING,SYNTHETIC
7223.16,SKL0038,CNC Turning,RELEVANT,3,SYNTHETIC_DEMO_MAPPING,SYNTHETIC
7223.1701,SKL0035,Quality Control,RELEVANT,4,SYNTHETIC_DEMO_MAPPING,SYNTHETIC
7223.1701,SKL0045,Battery Management Systems,RELEVANT,1,SYNTHETIC_DEMO_MAPPING,SYNTHETIC
7223.1701,SKL0027,Sensors,RELEVANT,1,SYNTHETIC_DEMO_MAPPING,SYNTHETIC
7223.18,SKL0030,AutoCAD Electrical,RELEVANT,2,SYNTHETIC_DEMO_MAPPING,SYNTHETIC
7223.18,SKL0093,Problem Solving,RELEVANT,2,SYNTHETIC_DEMO_MAPPING,SYNTHETIC
7223.19,SKL0031,CNC Programming,RELEVANT,4,SYNTHETIC_DEMO_MAPPING,SYNTHETIC
7223.19,SKL0095,Workplace Safety,RELEVANT,3,SYNTHETIC_DEMO_MAPPING,SYNTHETIC
7223.2,SKL0096,Digital Literacy,RELEVANT,3,SYNTHETIC_DEMO_MAPPING,SYNTHETIC
7223.2,SKL0094,Microsoft Excel,RELEVANT,3,SYNTHETIC_DEMO_MAPPING,SYNTHETIC
7223.2,SKL0041,AutoCAD,RELEVANT,2,SYNTHETIC_DEMO_MAPPING,SYNTHETIC
7223.2,SKL0042,SolidWorks,RELEVANT,3,SYNTHETIC_DEMO_MAPPING,SYNTHETIC
7223.21,SKL0094,Microsoft Excel,RELEVANT,3,SYNTHETIC_DEMO_MAPPING,SYNTHETIC
7223.21,SKL0096,Digital Literacy,RELEVANT,1,SYNTHETIC_DEMO_MAPPING,SYNTHETIC
7223.21,SKL0097,Team Management,RELEVANT,4,SYNTHETIC_DEMO_MAPPING,SYNTHETIC
7223.21,SKL0093,Problem Solving,RELEVANT,2,SYNTHETIC_DEMO_MAPPING,SYNTHETIC
7223.21,SKL0095,Workplace Safety,RELEVANT,1,SYNTHETIC_DEMO_MAPPING,SYNTHETIC
7223.22,SKL0023,Embedded Systems,RELEVANT,2,SYNTHETIC_DEMO_MAPPING,SYNTHETIC
7223.22,SKL0021,PLC,RELEVANT,4,SYNTHETIC_DEMO_MAPPING,SYNTHETIC
7223.22,SKL0032,CNC Operation,RELEVANT,2,SYNTHETIC_DEMO_MAPPING,SYNTHETIC
7223.22,SKL0024,PCB Design,RELEVANT,3,SYNTHETIC_DEMO_MAPPING,SYNTHETIC
7223.22,SKL0098,English Communication,RELEVANT,1,SYNTHETIC_DEMO_MAPPING,SYNTHETIC
7223.23,SKL0039,CNC Milling,RELEVANT,1,SYNTHETIC_DEMO_MAPPING,SYNTHETIC
7223.23,SKL0041,AutoCAD,RELEVANT,4,SYNTHETIC_DEMO_MAPPING,SYNTHETIC
7223.23,SKL0095,Workplace Safety,RELEVANT,1,SYNTHETIC_DEMO_MAPPING,SYNTHETIC
7223.23,SKL0092,Communication,RELEVANT,1,SYNTHETIC_DEMO_MAPPING,SYNTHETIC
7223.24,SKL0092,Communication,RELEVANT,4,SYNTHETIC_DEMO_MAPPING,SYNTHETIC
7223.24,SKL0052,Two-Wheeler Service,RELEVANT,3,SYNTHETIC_DEMO_MAPPING,SYNTHETIC
7223.24,SKL0095,Workplace Safety,RELEVANT,4,SYNTHETIC_DEMO_MAPPING,SYNTHETIC
7223.24,SKL0026,IoT,RELEVANT,1,SYNTHETIC_DEMO_MAPPING,SYNTHETIC
7223.25,SKL0042,SolidWorks,RELEVANT,3,SYNTHETIC_DEMO_MAPPING,SYNTHETIC
7223.25,SKL0021,PLC,RELEVANT,4,SYNTHETIC_DEMO_MAPPING,SYNTHETIC
7223.26,SKL0097,Team Management,RELEVANT,2,SYNTHETIC_DEMO_MAPPING,SYNTHETIC
7223.26,SKL0096,Digital Literacy,RELEVANT,3,SYNTHETIC_DEMO_MAPPING,SYNTHETIC
7223.27,SKL0097,Team Management,RELEVANT,3,SYNTHETIC_DEMO_MAPPING,SYNTHETIC
7223.27,SKL0032,CNC Operation,RELEVANT,2,SYNTHETIC_DEMO_MAPPING,SYNTHETIC
7223.27,SKL0036,Lean Manufacturing,RELEVANT,2,SYNTHETIC_DEMO_MAPPING,SYNTHETIC
7223.27,SKL0093,Problem Solving,RELEVANT,3,SYNTHETIC_DEMO_MAPPING,SYNTHETIC
7223.27,SKL0095,Workplace Safety,RELEVANT,2,SYNTHETIC_DEMO_MAPPING,SYNTHETIC
7223.28,SKL0093,Problem Solving,RELEVANT,1,SYNTHETIC_DEMO_MAPPING,SYNTHETIC
7223.28,SKL0035,Quality Control,RELEVANT,4,SYNTHETIC_DEMO_MAPPING,SYNTHETIC
7223.28,SKL0023,Embedded Systems,RELEVANT,1,SYNTHETIC_DEMO_MAPPING,SYNTHETIC
7223.28,SKL0027,Sensors,RELEVANT,4,SYNTHETIC_DEMO_MAPPING,SYNTHETIC
7223.29,SKL0021,PLC,RELEVANT,1,SYNTHETIC_DEMO_MAPPING,SYNTHETIC
7223.29,SKL0032,CNC Operation,RELEVANT,3,SYNTHETIC_DEMO_MAPPING,SYNTHETIC
7223.29,SKL0097,Team Management,RELEVANT,2,SYNTHETIC_DEMO_MAPPING,SYNTHETIC
7223.29,SKL0029,Control Systems,RELEVANT,2,SYNTHETIC_DEMO_MAPPING,SYNTHETIC
7223.29,SKL0025,Industrial Automation,RELEVANT,1,SYNTHETIC_DEMO_MAPPING,SYNTHETIC
7223.3,SKL0041,AutoCAD,RELEVANT,1,SYNTHETIC_DEMO_MAPPING,SYNTHETIC
7223.3,SKL0033,Machine Maintenance,RELEVANT,2,SYNTHETIC_DEMO_MAPPING,SYNTHETIC
7223.5001,SKL0038,CNC Turning,RELEVANT,1,SYNTHETIC_DEMO_MAPPING,SYNTHETIC
7223.5001,SKL0037,Production Planning,RELEVANT,4,SYNTHETIC_DEMO_MAPPING,SYNTHETIC
7223.5001,SKL0097,Team Management,RELEVANT,4,SYNTHETIC_DEMO_MAPPING,SYNTHETIC
7223.5001,SKL0045,Battery Management Systems,RELEVANT,4,SYNTHETIC_DEMO_MAPPING,SYNTHETIC
7223.5002,SKL0050,Automotive CAD,RELEVANT,1,SYNTHETIC_DEMO_MAPPING,SYNTHETIC
7223.5002,SKL0037,Production Planning,RELEVANT,2,SYNTHETIC_DEMO_MAPPING,SYNTHETIC
7223.5003,SKL0036,Lean Manufacturing,RELEVANT,3,SYNTHETIC_DEMO_MAPPING,SYNTHETIC
7223.5003,SKL0034,Welding,RELEVANT,3,SYNTHETIC_DEMO_MAPPING,SYNTHETIC
7223.5003,SKL0040,Mechanical Assembly,RELEVANT,4,SYNTHETIC_DEMO_MAPPING,SYNTHETIC
7223.5003,SKL0032,CNC Operation,RELEVANT,4,SYNTHETIC_DEMO_MAPPING,SYNTHETIC
7223.5004,SKL0034,Welding,RELEVANT,4,SYNTHETIC_DEMO_MAPPING,SYNTHETIC
7223.5004,SKL0092,Communication,RELEVANT,4,SYNTHETIC_DEMO_MAPPING,SYNTHETIC
7223.5004,SKL0040,Mechanical Assembly,RELEVANT,1,SYNTHETIC_DEMO_MAPPING,SYNTHETIC
7223.5004,SKL0039,CNC Milling,RELEVANT,2,SYNTHETIC_DEMO_MAPPING,SYNTHETIC
7223.5004,SKL0041,AutoCAD,RELEVANT,1,SYNTHETIC_DEMO_MAPPING,SYNTHETIC
7223.5005,SKL0097,Team Management,RELEVANT,1,SYNTHETIC_DEMO_MAPPING,SYNTHETIC
7223.5005,SKL0042,SolidWorks,RELEVANT,2,SYNTHETIC_DEMO_MAPPING,SYNTHETIC
7223.5005,SKL0031,CNC Programming,RELEVANT,1,SYNTHETIC_DEMO_MAPPING,SYNTHETIC
7223.5005,SKL0037,Production Planning,RELEVANT,3,SYNTHETIC_DEMO_MAPPING,SYNTHETIC
7223.5005,SKL0039,CNC Milling,RELEVANT,2,SYNTHETIC_DEMO_MAPPING,SYNTHETIC
7223.6001,SKL0038,CNC Turning,RELEVANT,3,SYNTHETIC_DEMO_MAPPING,SYNTHETIC
7223.6001,SKL0092,Communication,RELEVANT,3,SYNTHETIC_DEMO_MAPPING,SYNTHETIC
7223.6001,SKL0036,Lean Manufacturing,RELEVANT,3,SYNTHETIC_DEMO_MAPPING,SYNTHETIC
7223.6001,SKL0094,Microsoft Excel,RELEVANT,1,SYNTHETIC_DEMO_MAPPING,SYNTHETIC
7223.6001,SKL0039,CNC Milling,RELEVANT,4,SYNTHETIC_DEMO_MAPPING,SYNTHETIC
7223.6002,SKL0097,Team Management,RELEVANT,4,SYNTHETIC_DEMO_MAPPING,SYNTHETIC
7223.6002,SKL0094,Microsoft Excel,RELEVANT,2,SYNTHETIC_DEMO_MAPPING,SYNTHETIC
7223.6002,SKL0093,Problem Solving,RELEVANT,2,SYNTHETIC_DEMO_MAPPING,SYNTHETIC
7223.6003,SKL0019,UI/UX Design,RELEVANT,4,SYNTHETIC_DEMO_MAPPING,SYNTHETIC
7223.6003,SKL0018,Cybersecurity,RELEVANT,4,SYNTHETIC_DEMO_MAPPING,SYNTHETIC
7223.6003,SKL0092,Communication,RELEVANT,4,SYNTHETIC_DEMO_MAPPING,SYNTHETIC
7223.6003,SKL0032,CNC Operation,RELEVANT,3,SYNTHETIC_DEMO_MAPPING,SYNTHETIC
7223.99,SKL0036,Lean Manufacturing,RELEVANT,4,SYNTHETIC_DEMO_MAPPING,SYNTHETIC
7223.99,SKL0093,Problem Solving,RELEVANT,3,SYNTHETIC_DEMO_MAPPING,SYNTHETIC
7223.99,SKL0035,Quality Control,RELEVANT,1,SYNTHETIC_DEMO_MAPPING,SYNTHETIC
7223.99,SKL0092,Communication,RELEVANT,2,SYNTHETIC_DEMO_MAPPING,SYNTHETIC
7223.99,SKL0034,Welding,RELEVANT,4,SYNTHETIC_DEMO_MAPPING,SYNTHETIC
7224.01,SKL0034,Welding,RELEVANT,2,SYNTHETIC_DEMO_MAPPING,SYNTHETIC
7224.01,SKL0033,Machine Maintenance,RELEVANT,4,SYNTHETIC_DEMO_MAPPING,SYNTHETIC
7224.0102,SKL0038,CNC Turning,RELEVANT,1,SYNTHETIC_DEMO_MAPPING,SYNTHETIC
7224.0102,SKL0040,Mechanical Assembly,RELEVANT,1,SYNTHETIC_DEMO_MAPPING,SYNTHETIC
7224.0102,SKL0098,English Communication,RELEVANT,1,SYNTHETIC_DEMO_MAPPING,SYNTHETIC
7224.0102,SKL0041,AutoCAD,RELEVANT,2,SYNTHETIC_DEMO_MAPPING,SYNTHETIC
7224.02,SKL0034,Welding,RELEVANT,4,SYNTHETIC_DEMO_MAPPING,SYNTHETIC
7224.02,SKL0094,Microsoft Excel,RELEVANT,3,SYNTHETIC_DEMO_MAPPING,SYNTHETIC
7224.02,SKL0040,Mechanical Assembly,RELEVANT,1,SYNTHETIC_DEMO_MAPPING,SYNTHETIC
7224.03,SKL0052,Two-Wheeler Service,RELEVANT,3,SYNTHETIC_DEMO_MAPPING,SYNTHETIC
7224.03,SKL0044,EV Systems,RELEVANT,1,SYNTHETIC_DEMO_MAPPING,SYNTHETIC
7224.03,SKL0037,Production Planning,RELEVANT,2,SYNTHETIC_DEMO_MAPPING,SYNTHETIC
7224.03,SKL0046,EV Battery Maintenance,RELEVANT,4,SYNTHETIC_DEMO_MAPPING,SYNTHETIC
7224.04,SKL0092,Communication,RELEVANT,3,SYNTHETIC_DEMO_MAPPING,SYNTHETIC
7224.04,SKL0033,Machine Maintenance,RELEVANT,3,SYNTHETIC_DEMO_MAPPING,SYNTHETIC
7224.04,SKL0031,CNC Programming,RELEVANT,4,SYNTHETIC_DEMO_MAPPING,SYNTHETIC
7224.0401,SKL0040,Mechanical Assembly,RELEVANT,1,SYNTHETIC_DEMO_MAPPING,SYNTHETIC
7224.0401,SKL0038,CNC Turning,RELEVANT,1,SYNTHETIC_DEMO_MAPPING,SYNTHETIC
7224.0401,SKL0092,Communication,RELEVANT,1,SYNTHETIC_DEMO_MAPPING,SYNTHETIC
7224.0401,SKL0042,SolidWorks,RELEVANT,4,SYNTHETIC_DEMO_MAPPING,SYNTHETIC
7224.0401,SKL0098,English Communication,RELEVANT,2,SYNTHETIC_DEMO_MAPPING,SYNTHETIC
7224.0402,SKL0038,CNC Turning,RELEVANT,1,SYNTHETIC_DEMO_MAPPING,SYNTHETIC
7224.0402,SKL0031,CNC Programming,RELEVANT,2,SYNTHETIC_DEMO_MAPPING,SYNTHETIC
7224.0402,SKL0033,Machine Maintenance,RELEVANT,4,SYNTHETIC_DEMO_MAPPING,SYNTHETIC
7224.0402,SKL0032,CNC Operation,RELEVANT,1,SYNTHETIC_DEMO_MAPPING,SYNTHETIC
7224.0402,SKL0098,English Communication,RELEVANT,4,SYNTHETIC_DEMO_MAPPING,SYNTHETIC
7224.05,SKL0035,Quality Control,RELEVANT,2,SYNTHETIC_DEMO_MAPPING,SYNTHETIC
7224.05,SKL0036,Lean Manufacturing,RELEVANT,3,SYNTHETIC_DEMO_MAPPING,SYNTHETIC
7224.05,SKL0030,AutoCAD Electrical,RELEVANT,3,SYNTHETIC_DEMO_MAPPING,SYNTHETIC
7224.05,SKL0095,Workplace Safety,RELEVANT,1,SYNTHETIC_DEMO_MAPPING,SYNTHETIC
7224.06,SKL0087,Supply Chain Management,RELEVANT,3,SYNTHETIC_DEMO_MAPPING,SYNTHETIC
7224.06,SKL0040,Mechanical Assembly,RELEVANT,3,SYNTHETIC_DEMO_MAPPING,SYNTHETIC
7224.06,SKL0085,Warehouse Management,RELEVANT,3,SYNTHETIC_DEMO_MAPPING,SYNTHETIC
7224.06,SKL0039,CNC Milling,RELEVANT,2,SYNTHETIC_DEMO_MAPPING,SYNTHETIC
7224.07,SKL0040,Mechanical Assembly,RELEVANT,2,SYNTHETIC_DEMO_MAPPING,SYNTHETIC
7224.07,SKL0032,CNC Operation,RELEVANT,1,SYNTHETIC_DEMO_MAPPING,SYNTHETIC
7224.07,SKL0042,SolidWorks,RELEVANT,4,SYNTHETIC_DEMO_MAPPING,SYNTHETIC
7224.0701,SKL0049,Electric Motor Systems,RELEVANT,4,SYNTHETIC_DEMO_MAPPING,SYNTHETIC
7224.0701,SKL0032,CNC Operation,RELEVANT,3,SYNTHETIC_DEMO_MAPPING,SYNTHETIC
7224.0701,SKL0096,Digital Literacy,RELEVANT,2,SYNTHETIC_DEMO_MAPPING,SYNTHETIC
7224.0701,SKL0094,Microsoft Excel,RELEVANT,2,SYNTHETIC_DEMO_MAPPING,SYNTHETIC
7224.0701,SKL0030,AutoCAD Electrical,RELEVANT,1,SYNTHETIC_DEMO_MAPPING,SYNTHETIC
7224.0801,SKL0096,Digital Literacy,RELEVANT,2,SYNTHETIC_DEMO_MAPPING,SYNTHETIC
7224.0801,SKL0034,Welding,RELEVANT,3,SYNTHETIC_DEMO_MAPPING,SYNTHETIC
7224.0801,SKL0036,Lean Manufacturing,RELEVANT,1,SYNTHETIC_DEMO_MAPPING,SYNTHETIC
7224.0801,SKL0031,CNC Programming,RELEVANT,4,SYNTHETIC_DEMO_MAPPING,SYNTHETIC
7224.09,SKL0097,Team Management,RELEVANT,2,SYNTHETIC_DEMO_MAPPING,SYNTHETIC
7224.09,SKL0092,Communication,RELEVANT,4,SYNTHETIC_DEMO_MAPPING,SYNTHETIC
7224.09,SKL0093,Problem Solving,RELEVANT,2,SYNTHETIC_DEMO_MAPPING,SYNTHETIC
7224.09,SKL0094,Microsoft Excel,RELEVANT,1,SYNTHETIC_DEMO_MAPPING,SYNTHETIC
7224.11,SKL0098,English Communication,RELEVANT,2,SYNTHETIC_DEMO_MAPPING,SYNTHETIC
7224.11,SKL0094,Microsoft Excel,RELEVANT,1,SYNTHETIC_DEMO_MAPPING,SYNTHETIC
7224.99,SKL0039,CNC Milling,RELEVANT,4,SYNTHETIC_DEMO_MAPPING,SYNTHETIC
7224.99,SKL0034,Welding,RELEVANT,4,SYNTHETIC_DEMO_MAPPING,SYNTHETIC
7224.99,SKL0095,Workplace Safety,RELEVANT,4,SYNTHETIC_DEMO_MAPPING,SYNTHETIC
7231.01,SKL0051,Service Operations,RELEVANT,1,SYNTHETIC_DEMO_MAPPING,SYNTHETIC
7231.01,SKL0036,Lean Manufacturing,RELEVANT,4,SYNTHETIC_DEMO_MAPPING,SYNTHETIC
7231.0101,SKL0098,English Communication,RELEVANT,3,SYNTHETIC_DEMO_MAPPING,SYNTHETIC
7231.0101,SKL0048,Auto Electrical,RELEVANT,4,SYNTHETIC_DEMO_MAPPING,SYNTHETIC
7231.0101,SKL0097,Team Management,RELEVANT,2,SYNTHETIC_DEMO_MAPPING,SYNTHETIC
7231.0102,SKL0052,Two-Wheeler Service,RELEVANT,2,SYNTHETIC_DEMO_MAPPING,SYNTHETIC
7231.0102,SKL0046,EV Battery Maintenance,RELEVANT,3,SYNTHETIC_DEMO_MAPPING,SYNTHETIC
7231.0102,SKL0045,Battery Management Systems,RELEVANT,2,SYNTHETIC_DEMO_MAPPING,SYNTHETIC
7231.0102,SKL0095,Workplace Safety,RELEVANT,4,SYNTHETIC_DEMO_MAPPING,SYNTHETIC
7231.0103,SKL0045,Battery Management Systems,RELEVANT,3,SYNTHETIC_DEMO_MAPPING,SYNTHETIC
7231.0103,SKL0092,Communication,RELEVANT,4,SYNTHETIC_DEMO_MAPPING,SYNTHETIC
7231.0103,SKL0042,SolidWorks,RELEVANT,3,SYNTHETIC_DEMO_MAPPING,SYNTHETIC
7231.0103,SKL0095,Workplace Safety,RELEVANT,2,SYNTHETIC_DEMO_MAPPING,SYNTHETIC
7231.0103,SKL0032,CNC Operation,RELEVANT,2,SYNTHETIC_DEMO_MAPPING,SYNTHETIC
7231.0104,SKL0049,Electric Motor Systems,RELEVANT,1,SYNTHETIC_DEMO_MAPPING,SYNTHETIC
7231.0104,SKL0029,Control Systems,RELEVANT,2,SYNTHETIC_DEMO_MAPPING,SYNTHETIC
7231.0104,SKL0028,Electrical Testing,RELEVANT,3,SYNTHETIC_DEMO_MAPPING,SYNTHETIC
7231.0104,SKL0051,Service Operations,RELEVANT,3,SYNTHETIC_DEMO_MAPPING,SYNTHETIC
7231.0104,SKL0032,CNC Operation,RELEVANT,2,SYNTHETIC_DEMO_MAPPING,SYNTHETIC
7231.0105,SKL0045,Battery Management Systems,RELEVANT,1,SYNTHETIC_DEMO_MAPPING,SYNTHETIC
7231.0105,SKL0050,Automotive CAD,RELEVANT,2,SYNTHETIC_DEMO_MAPPING,SYNTHETIC
7231.0106,SKL0047,Vehicle Diagnostics,RELEVANT,4,SYNTHETIC_DEMO_MAPPING,SYNTHETIC
7231.0106,SKL0096,Digital Literacy,RELEVANT,2,SYNTHETIC_DEMO_MAPPING,SYNTHETIC
7231.0106,SKL0048,Auto Electrical,RELEVANT,3,SYNTHETIC_DEMO_MAPPING,SYNTHETIC
7231.0106,SKL0046,EV Battery Maintenance,RELEVANT,2,SYNTHETIC_DEMO_MAPPING,SYNTHETIC
7231.0107,SKL0045,Battery Management Systems,RELEVANT,3,SYNTHETIC_DEMO_MAPPING,SYNTHETIC
7231.0107,SKL0096,Digital Literacy,RELEVANT,1,SYNTHETIC_DEMO_MAPPING,SYNTHETIC
7231.0108,SKL0025,Industrial Automation,RELEVANT,2,SYNTHETIC_DEMO_MAPPING,SYNTHETIC
7231.0108,SKL0028,Electrical Testing,RELEVANT,2,SYNTHETIC_DEMO_MAPPING,SYNTHETIC
7231.0108,SKL0050,Automotive CAD,RELEVANT,1,SYNTHETIC_DEMO_MAPPING,SYNTHETIC
7231.0108,SKL0052,Two-Wheeler Service,RELEVANT,4,SYNTHETIC_DEMO_MAPPING,SYNTHETIC
7231.02,SKL0052,Two-Wheeler Service,RELEVANT,1,SYNTHETIC_DEMO_MAPPING,SYNTHETIC
7231.02,SKL0043,Automotive Diagnostics,RELEVANT,2,SYNTHETIC_DEMO_MAPPING,SYNTHETIC
7231.02,SKL0046,EV Battery Maintenance,RELEVANT,3,SYNTHETIC_DEMO_MAPPING,SYNTHETIC
7231.02,SKL0094,Microsoft Excel,RELEVANT,2,SYNTHETIC_DEMO_MAPPING,SYNTHETIC
7231.02,SKL0047,Vehicle Diagnostics,RELEVANT,3,SYNTHETIC_DEMO_MAPPING,SYNTHETIC
7231.0201,SKL0046,EV Battery Maintenance,RELEVANT,2,SYNTHETIC_DEMO_MAPPING,SYNTHETIC
7231.0201,SKL0047,Vehicle Diagnostics,RELEVANT,1,SYNTHETIC_DEMO_MAPPING,SYNTHETIC
7231.03,SKL0041,AutoCAD,RELEVANT,4,SYNTHETIC_DEMO_MAPPING,SYNTHETIC
7231.03,SKL0026,IoT,RELEVANT,2,SYNTHETIC_DEMO_MAPPING,SYNTHETIC
7231.04,SKL0041,AutoCAD,RELEVANT,4,SYNTHETIC_DEMO_MAPPING,SYNTHETIC
7231.04,SKL0031,CNC Programming,RELEVANT,2,SYNTHETIC_DEMO_MAPPING,SYNTHETIC
7231.04,SKL0042,SolidWorks,RELEVANT,1,SYNTHETIC_DEMO_MAPPING,SYNTHETIC
7231.0401,SKL0043,Automotive Diagnostics,RELEVANT,3,SYNTHETIC_DEMO_MAPPING,SYNTHETIC
7231.0401,SKL0041,AutoCAD,RELEVANT,1,SYNTHETIC_DEMO_MAPPING,SYNTHETIC
7231.0401,SKL0044,EV Systems,RELEVANT,3,SYNTHETIC_DEMO_MAPPING,SYNTHETIC
7231.05,SKL0052,Two-Wheeler Service,RELEVANT,2,SYNTHETIC_DEMO_MAPPING,SYNTHETIC
7231.05,SKL0050,Automotive CAD,RELEVANT,2,SYNTHETIC_DEMO_MAPPING,SYNTHETIC
7231.0501,SKL0023,Embedded Systems,RELEVANT,2,SYNTHETIC_DEMO_MAPPING,SYNTHETIC
7231.0501,SKL0021,PLC,RELEVANT,4,SYNTHETIC_DEMO_MAPPING,SYNTHETIC
7231.0501,SKL0049,Electric Motor Systems,RELEVANT,3,SYNTHETIC_DEMO_MAPPING,SYNTHETIC
7231.0501,SKL0026,IoT,RELEVANT,2,SYNTHETIC_DEMO_MAPPING,SYNTHETIC
7231.09,SKL0093,Problem Solving,RELEVANT,4,SYNTHETIC_DEMO_MAPPING,SYNTHETIC
7231.09,SKL0095,Workplace Safety,RELEVANT,1,SYNTHETIC_DEMO_MAPPING,SYNTHETIC
7231.09,SKL0052,Two-Wheeler Service,RELEVANT,1,SYNTHETIC_DEMO_MAPPING,SYNTHETIC
7231.09,SKL0045,Battery Management Systems,RELEVANT,4,SYNTHETIC_DEMO_MAPPING,SYNTHETIC
7231.09,SKL0048,Auto Electrical,RELEVANT,2,SYNTHETIC_DEMO_MAPPING,SYNTHETIC
7231.99,SKL0096,Digital Literacy,RELEVANT,3,SYNTHETIC_DEMO_MAPPING,SYNTHETIC
7231.99,SKL0049,Electric Motor Systems,RELEVANT,2,SYNTHETIC_DEMO_MAPPING,SYNTHETIC
7231.99,SKL0048,Auto Electrical,RELEVANT,1,SYNTHETIC_DEMO_MAPPING,SYNTHETIC
7231.99,SKL0097,Team Management,RELEVANT,3,SYNTHETIC_DEMO_MAPPING,SYNTHETIC
7231.99,SKL0092,Communication,RELEVANT,4,SYNTHETIC_DEMO_MAPPING,SYNTHETIC
7232.01,SKL0043,Automotive Diagnostics,RELEVANT,3,SYNTHETIC_DEMO_MAPPING,SYNTHETIC
7232.01,SKL0040,Mechanical Assembly,RELEVANT,2,SYNTHETIC_DEMO_MAPPING,SYNTHETIC
7232.02,SKL0041,AutoCAD,RELEVANT,3,SYNTHETIC_DEMO_MAPPING,SYNTHETIC
7232.02,SKL0048,Auto Electrical,RELEVANT,3,SYNTHETIC_DEMO_MAPPING,SYNTHETIC
7232.02,SKL0056,Construction Safety,RELEVANT,3,SYNTHETIC_DEMO_MAPPING,SYNTHETIC
7232.02,SKL0027,Sensors,RELEVANT,1,SYNTHETIC_DEMO_MAPPING,SYNTHETIC
7232.02,SKL0043,Automotive Diagnostics,RELEVANT,1,SYNTHETIC_DEMO_MAPPING,SYNTHETIC
7232.03,SKL0005,React,RELEVANT,1,SYNTHETIC_DEMO_MAPPING,SYNTHETIC
7232.03,SKL0012,Docker,RELEVANT,3,SYNTHETIC_DEMO_MAPPING,SYNTHETIC
7232.03,SKL0011,Git,RELEVANT,3,SYNTHETIC_DEMO_MAPPING,SYNTHETIC
7232.03,SKL0007,Node.js,RELEVANT,3,SYNTHETIC_DEMO_MAPPING,SYNTHETIC
7232.03,SKL0047,Vehicle Diagnostics,RELEVANT,1,SYNTHETIC_DEMO_MAPPING,SYNTHETIC
7232.04,SKL0017,Machine Learning,RELEVANT,2,SYNTHETIC_DEMO_MAPPING,SYNTHETIC
7232.04,SKL0011,Git,RELEVANT,1,SYNTHETIC_DEMO_MAPPING,SYNTHETIC
7232.05,SKL0038,CNC Turning,RELEVANT,2,SYNTHETIC_DEMO_MAPPING,SYNTHETIC
7232.05,SKL0051,Service Operations,RELEVANT,1,SYNTHETIC_DEMO_MAPPING,SYNTHETIC
7232.06,SKL0046,EV Battery Maintenance,RELEVANT,2,SYNTHETIC_DEMO_MAPPING,SYNTHETIC
7232.06,SKL0038,CNC Turning,RELEVANT,2,SYNTHETIC_DEMO_MAPPING,SYNTHETIC
7232.06,SKL0095,Workplace Safety,RELEVANT,1,SYNTHETIC_DEMO_MAPPING,SYNTHETIC
7232.99,SKL0092,Communication,RELEVANT,1,SYNTHETIC_DEMO_MAPPING,SYNTHETIC
7232.99,SKL0096,Digital Literacy,RELEVANT,2,SYNTHETIC_DEMO_MAPPING,SYNTHETIC
7233.01,SKL0040,Mechanical Assembly,RELEVANT,1,SYNTHETIC_DEMO_MAPPING,SYNTHETIC
7233.01,SKL0052,Two-Wheeler Service,RELEVANT,4,SYNTHETIC_DEMO_MAPPING,SYNTHETIC
7233.01,SKL0096,Digital Literacy,RELEVANT,1,SYNTHETIC_DEMO_MAPPING,SYNTHETIC
7233.0101,SKL0038,CNC Turning,RELEVANT,2,SYNTHETIC_DEMO_MAPPING,SYNTHETIC
7233.0101,SKL0031,CNC Programming,RELEVANT,4,SYNTHETIC_DEMO_MAPPING,SYNTHETIC
7233.0101,SKL0040,Mechanical Assembly,RELEVANT,4,SYNTHETIC_DEMO_MAPPING,SYNTHETIC
7233.0102,SKL0037,Production Planning,RELEVANT,1,SYNTHETIC_DEMO_MAPPING,SYNTHETIC
7233.0102,SKL0039,CNC Milling,RELEVANT,4,SYNTHETIC_DEMO_MAPPING,SYNTHETIC
7233.0102,SKL0038,CNC Turning,RELEVANT,4,SYNTHETIC_DEMO_MAPPING,SYNTHETIC
7233.0102,SKL0034,Welding,RELEVANT,2,SYNTHETIC_DEMO_MAPPING,SYNTHETIC
7233.0121,SKL0037,Production Planning,RELEVANT,1,SYNTHETIC_DEMO_MAPPING,SYNTHETIC
7233.0121,SKL0041,AutoCAD,RELEVANT,2,SYNTHETIC_DEMO_MAPPING,SYNTHETIC
7233.0121,SKL0098,English Communication,RELEVANT,1,SYNTHETIC_DEMO_MAPPING,SYNTHETIC
7233.0121,SKL0038,CNC Turning,RELEVANT,2,SYNTHETIC_DEMO_MAPPING,SYNTHETIC
7233.0121,SKL0034,Welding,RELEVANT,2,SYNTHETIC_DEMO_MAPPING,SYNTHETIC
7233.02,SKL0092,Communication,RELEVANT,1,SYNTHETIC_DEMO_MAPPING,SYNTHETIC
7233.02,SKL0094,Microsoft Excel,RELEVANT,3,SYNTHETIC_DEMO_MAPPING,SYNTHETIC
7233.02,SKL0037,Production Planning,RELEVANT,4,SYNTHETIC_DEMO_MAPPING,SYNTHETIC
7233.03,SKL0038,CNC Turning,RELEVANT,4,SYNTHETIC_DEMO_MAPPING,SYNTHETIC
7233.03,SKL0049,Electric Motor Systems,RELEVANT,1,SYNTHETIC_DEMO_MAPPING,SYNTHETIC
7233.03,SKL0097,Team Management,RELEVANT,2,SYNTHETIC_DEMO_MAPPING,SYNTHETIC
7233.03,SKL0095,Workplace Safety,RELEVANT,4,SYNTHETIC_DEMO_MAPPING,SYNTHETIC
7233.03,SKL0036,Lean Manufacturing,RELEVANT,1,SYNTHETIC_DEMO_MAPPING,SYNTHETIC
7233.0301,SKL0094,Microsoft Excel,RELEVANT,1,SYNTHETIC_DEMO_MAPPING,SYNTHETIC
7233.0301,SKL0096,Digital Literacy,RELEVANT,2,SYNTHETIC_DEMO_MAPPING,SYNTHETIC
7233.0301,SKL0098,English Communication,RELEVANT,3,SYNTHETIC_DEMO_MAPPING,SYNTHETIC
7233.0301,SKL0095,Workplace Safety,RELEVANT,2,SYNTHETIC_DEMO_MAPPING,SYNTHETIC
7233.04,SKL0023,Embedded Systems,RELEVANT,3,SYNTHETIC_DEMO_MAPPING,SYNTHETIC
7233.04,SKL0032,CNC Operation,RELEVANT,1,SYNTHETIC_DEMO_MAPPING,SYNTHETIC
7233.04,SKL0097,Team Management,RELEVANT,2,SYNTHETIC_DEMO_MAPPING,SYNTHETIC
7233.04,SKL0039,CNC Milling,RELEVANT,1,SYNTHETIC_DEMO_MAPPING,SYNTHETIC
7233.04,SKL0096,Digital Literacy,RELEVANT,1,SYNTHETIC_DEMO_MAPPING,SYNTHETIC
7233.0401,SKL0098,English Communication,RELEVANT,4,SYNTHETIC_DEMO_MAPPING,SYNTHETIC
7233.0401,SKL0043,Automotive Diagnostics,RELEVANT,2,SYNTHETIC_DEMO_MAPPING,SYNTHETIC
7233.0401,SKL0096,Digital Literacy,RELEVANT,4,SYNTHETIC_DEMO_MAPPING,SYNTHETIC
7233.0401,SKL0095,Workplace Safety,RELEVANT,4,SYNTHETIC_DEMO_MAPPING,SYNTHETIC
7233.0401,SKL0045,Battery Management Systems,RELEVANT,3,SYNTHETIC_DEMO_MAPPING,SYNTHETIC
7233.0402,SKL0093,Problem Solving,RELEVANT,3,SYNTHETIC_DEMO_MAPPING,SYNTHETIC
7233.0402,SKL0095,Workplace Safety,RELEVANT,3,SYNTHETIC_DEMO_MAPPING,SYNTHETIC
7233.0402,SKL0048,Auto Electrical,RELEVANT,4,SYNTHETIC_DEMO_MAPPING,SYNTHETIC
7233.0402,SKL0094,Microsoft Excel,RELEVANT,4,SYNTHETIC_DEMO_MAPPING,SYNTHETIC
7233.06,SKL0034,Welding,RELEVANT,4,SYNTHETIC_DEMO_MAPPING,SYNTHETIC
7233.06,SKL0088,Fleet Management,RELEVANT,2,SYNTHETIC_DEMO_MAPPING,SYNTHETIC
7233.06,SKL0086,Inventory Management,RELEVANT,1,SYNTHETIC_DEMO_MAPPING,SYNTHETIC
7233.06,SKL0089,Forklift Operation,RELEVANT,3,SYNTHETIC_DEMO_MAPPING,SYNTHETIC
7233.06,SKL0085,Warehouse Management,RELEVANT,1,SYNTHETIC_DEMO_MAPPING,SYNTHETIC
7233.07,SKL0045,Battery Management Systems,RELEVANT,2,SYNTHETIC_DEMO_MAPPING,SYNTHETIC
7233.07,SKL0044,EV Systems,RELEVANT,1,SYNTHETIC_DEMO_MAPPING,SYNTHETIC
7233.07,SKL0035,Quality Control,RELEVANT,2,SYNTHETIC_DEMO_MAPPING,SYNTHETIC
7233.0701,SKL0094,Microsoft Excel,RELEVANT,2,SYNTHETIC_DEMO_MAPPING,SYNTHETIC
7233.0701,SKL0096,Digital Literacy,RELEVANT,1,SYNTHETIC_DEMO_MAPPING,SYNTHETIC
7233.0701,SKL0097,Team Management,RELEVANT,1,SYNTHETIC_DEMO_MAPPING,SYNTHETIC
7233.0701,SKL0092,Communication,RELEVANT,3,SYNTHETIC_DEMO_MAPPING,SYNTHETIC
7233.08,SKL0036,Lean Manufacturing,RELEVANT,2,SYNTHETIC_DEMO_MAPPING,SYNTHETIC
7233.08,SKL0047,Vehicle Diagnostics,RELEVANT,3,SYNTHETIC_DEMO_MAPPING,SYNTHETIC
7233.08,SKL0040,Mechanical Assembly,RELEVANT,2,SYNTHETIC_DEMO_MAPPING,SYNTHETIC
7233.08,SKL0031,CNC Programming,RELEVANT,2,SYNTHETIC_DEMO_MAPPING,SYNTHETIC
7233.09,SKL0027,Sensors,RELEVANT,2,SYNTHETIC_DEMO_MAPPING,SYNTHETIC
7233.09,SKL0023,Embedded Systems,RELEVANT,4,SYNTHETIC_DEMO_MAPPING,SYNTHETIC
7233.1,SKL0042,SolidWorks,RELEVANT,1,SYNTHETIC_DEMO_MAPPING,SYNTHETIC
7233.1,SKL0046,EV Battery Maintenance,RELEVANT,1,SYNTHETIC_DEMO_MAPPING,SYNTHETIC
7233.1,SKL0035,Quality Control,RELEVANT,3,SYNTHETIC_DEMO_MAPPING,SYNTHETIC
7233.1,SKL0047,Vehicle Diagnostics,RELEVANT,4,SYNTHETIC_DEMO_MAPPING,SYNTHETIC
7233.1,SKL0045,Battery Management Systems,RELEVANT,4,SYNTHETIC_DEMO_MAPPING,SYNTHETIC
7233.11,SKL0034,Welding,RELEVANT,4,SYNTHETIC_DEMO_MAPPING,SYNTHETIC
7233.11,SKL0022,SCADA,RELEVANT,4,SYNTHETIC_DEMO_MAPPING,SYNTHETIC
7233.11,SKL0039,CNC Milling,RELEVANT,4,SYNTHETIC_DEMO_MAPPING,SYNTHETIC
7233.11,SKL0037,Production Planning,RELEVANT,3,SYNTHETIC_DEMO_MAPPING,SYNTHETIC
7233.11,SKL0049,Electric Motor Systems,RELEVANT,4,SYNTHETIC_DEMO_MAPPING,SYNTHETIC
7233.12,SKL0039,CNC Milling,RELEVANT,3,SYNTHETIC_DEMO_MAPPING,SYNTHETIC
7233.12,SKL0047,Vehicle Diagnostics,RELEVANT,3,SYNTHETIC_DEMO_MAPPING,SYNTHETIC
7233.12,SKL0097,Team Management,RELEVANT,4,SYNTHETIC_DEMO_MAPPING,SYNTHETIC
7233.12,SKL0045,Battery Management Systems,RELEVANT,3,SYNTHETIC_DEMO_MAPPING,SYNTHETIC
7233.12,SKL0038,CNC Turning,RELEVANT,2,SYNTHETIC_DEMO_MAPPING,SYNTHETIC
7233.13,SKL0030,AutoCAD Electrical,RELEVANT,2,SYNTHETIC_DEMO_MAPPING,SYNTHETIC
7233.13,SKL0045,Battery Management Systems,RELEVANT,3,SYNTHETIC_DEMO_MAPPING,SYNTHETIC
7233.1301,SKL0047,Vehicle Diagnostics,RELEVANT,1,SYNTHETIC_DEMO_MAPPING,SYNTHETIC
7233.1301,SKL0044,EV Systems,RELEVANT,4,SYNTHETIC_DEMO_MAPPING,SYNTHETIC
7233.1301,SKL0093,Problem Solving,RELEVANT,2,SYNTHETIC_DEMO_MAPPING,SYNTHETIC
7233.1301,SKL0098,English Communication,RELEVANT,3,SYNTHETIC_DEMO_MAPPING,SYNTHETIC
7233.14,SKL0052,Two-Wheeler Service,RELEVANT,2,SYNTHETIC_DEMO_MAPPING,SYNTHETIC
7233.14,SKL0026,IoT,RELEVANT,1,SYNTHETIC_DEMO_MAPPING,SYNTHETIC
7233.15,SKL0040,Mechanical Assembly,RELEVANT,3,SYNTHETIC_DEMO_MAPPING,SYNTHETIC
7233.15,SKL0095,Workplace Safety,RELEVANT,1,SYNTHETIC_DEMO_MAPPING,SYNTHETIC
7233.16,SKL0047,Vehicle Diagnostics,RELEVANT,4,SYNTHETIC_DEMO_MAPPING,SYNTHETIC
7233.16,SKL0038,CNC Turning,RELEVANT,2,SYNTHETIC_DEMO_MAPPING,SYNTHETIC
7233.16,SKL0033,Machine Maintenance,RELEVANT,2,SYNTHETIC_DEMO_MAPPING,SYNTHETIC
7233.16,SKL0096,Digital Literacy,RELEVANT,3,SYNTHETIC_DEMO_MAPPING,SYNTHETIC
7233.16,SKL0097,Team Management,RELEVANT,1,SYNTHETIC_DEMO_MAPPING,SYNTHETIC
7233.17,SKL0051,Service Operations,RELEVANT,2,SYNTHETIC_DEMO_MAPPING,SYNTHETIC
7233.17,SKL0096,Digital Literacy,RELEVANT,3,SYNTHETIC_DEMO_MAPPING,SYNTHETIC
7233.17,SKL0043,Automotive Diagnostics,RELEVANT,1,SYNTHETIC_DEMO_MAPPING,SYNTHETIC
7233.17,SKL0052,Two-Wheeler Service,RELEVANT,1,SYNTHETIC_DEMO_MAPPING,SYNTHETIC
7233.18,SKL0035,Quality Control,RELEVANT,1,SYNTHETIC_DEMO_MAPPING,SYNTHETIC
7233.18,SKL0047,Vehicle Diagnostics,RELEVANT,4,SYNTHETIC_DEMO_MAPPING,SYNTHETIC
7233.18,SKL0037,Production Planning,RELEVANT,4,SYNTHETIC_DEMO_MAPPING,SYNTHETIC
7233.18,SKL0046,EV Battery Maintenance,RELEVANT,1,SYNTHETIC_DEMO_MAPPING,SYNTHETIC
7233.18,SKL0049,Electric Motor Systems,RELEVANT,1,SYNTHETIC_DEMO_MAPPING,SYNTHETIC
7233.19,SKL0038,CNC Turning,RELEVANT,1,SYNTHETIC_DEMO_MAPPING,SYNTHETIC
7233.19,SKL0052,Two-Wheeler Service,RELEVANT,3,SYNTHETIC_DEMO_MAPPING,SYNTHETIC
7233.2,SKL0047,Vehicle Diagnostics,RELEVANT,3,SYNTHETIC_DEMO_MAPPING,SYNTHETIC
7233.2,SKL0048,Auto Electrical,RELEVANT,3,SYNTHETIC_DEMO_MAPPING,SYNTHETIC
7233.2,SKL0098,English Communication,RELEVANT,1,SYNTHETIC_DEMO_MAPPING,SYNTHETIC
7233.21,SKL0026,IoT,RELEVANT,1,SYNTHETIC_DEMO_MAPPING,SYNTHETIC
7233.21,SKL0088,Fleet Management,RELEVANT,3,SYNTHETIC_DEMO_MAPPING,SYNTHETIC
7233.21,SKL0091,Route Planning,RELEVANT,4,SYNTHETIC_DEMO_MAPPING,SYNTHETIC
7233.21,SKL0094,Microsoft Excel,RELEVANT,2,SYNTHETIC_DEMO_MAPPING,SYNTHETIC
7233.22,SKL0040,Mechanical Assembly,RELEVANT,1,SYNTHETIC_DEMO_MAPPING,SYNTHETIC
7233.22,SKL0025,Industrial Automation,RELEVANT,1,SYNTHETIC_DEMO_MAPPING,SYNTHETIC
7233.22,SKL0028,Electrical Testing,RELEVANT,2,SYNTHETIC_DEMO_MAPPING,SYNTHETIC
7233.22,SKL0088,Fleet Management,RELEVANT,3,SYNTHETIC_DEMO_MAPPING,SYNTHETIC
7233.22,SKL0029,Control Systems,RELEVANT,1,SYNTHETIC_DEMO_MAPPING,SYNTHETIC
7233.23,SKL0097,Team Management,RELEVANT,4,SYNTHETIC_DEMO_MAPPING,SYNTHETIC
7233.23,SKL0036,Lean Manufacturing,RELEVANT,1,SYNTHETIC_DEMO_MAPPING,SYNTHETIC
7233.23,SKL0094,Microsoft Excel,RELEVANT,4,SYNTHETIC_DEMO_MAPPING,SYNTHETIC
7233.23,SKL0050,Automotive CAD,RELEVANT,4,SYNTHETIC_DEMO_MAPPING,SYNTHETIC
7233.23,SKL0032,CNC Operation,RELEVANT,1,SYNTHETIC_DEMO_MAPPING,SYNTHETIC
7233.24,SKL0023,Embedded Systems,RELEVANT,3,SYNTHETIC_DEMO_MAPPING,SYNTHETIC
7233.24,SKL0026,IoT,RELEVANT,3,SYNTHETIC_DEMO_MAPPING,SYNTHETIC
7233.25,SKL0093,Problem Solving,RELEVANT,4,SYNTHETIC_DEMO_MAPPING,SYNTHETIC
7233.25,SKL0050,Automotive CAD,RELEVANT,1,SYNTHETIC_DEMO_MAPPING,SYNTHETIC
7233.25,SKL0051,Service Operations,RELEVANT,1,SYNTHETIC_DEMO_MAPPING,SYNTHETIC
7233.25,SKL0047,Vehicle Diagnostics,RELEVANT,3,SYNTHETIC_DEMO_MAPPING,SYNTHETIC
7233.25,SKL0046,EV Battery Maintenance,RELEVANT,3,SYNTHETIC_DEMO_MAPPING,SYNTHETIC
7233.26,SKL0038,CNC Turning,RELEVANT,1,SYNTHETIC_DEMO_MAPPING,SYNTHETIC
7233.26,SKL0046,EV Battery Maintenance,RELEVANT,4,SYNTHETIC_DEMO_MAPPING,SYNTHETIC
7233.27,SKL0098,English Communication,RELEVANT,2,SYNTHETIC_DEMO_MAPPING,SYNTHETIC
7233.27,SKL0037,Production Planning,RELEVANT,2,SYNTHETIC_DEMO_MAPPING,SYNTHETIC
7233.28,SKL0093,Problem Solving,RELEVANT,3,SYNTHETIC_DEMO_MAPPING,SYNTHETIC
7233.28,SKL0036,Lean Manufacturing,RELEVANT,2,SYNTHETIC_DEMO_MAPPING,SYNTHETIC
7233.2901,SKL0034,Welding,RELEVANT,2,SYNTHETIC_DEMO_MAPPING,SYNTHETIC
7233.2901,SKL0037,Production Planning,RELEVANT,3,SYNTHETIC_DEMO_MAPPING,SYNTHETIC
7233.2901,SKL0042,SolidWorks,RELEVANT,3,SYNTHETIC_DEMO_MAPPING,SYNTHETIC
7233.2901,SKL0097,Team Management,RELEVANT,3,SYNTHETIC_DEMO_MAPPING,SYNTHETIC
7233.99,SKL0022,SCADA,RELEVANT,4,SYNTHETIC_DEMO_MAPPING,SYNTHETIC
7233.99,SKL0040,Mechanical Assembly,RELEVANT,4,SYNTHETIC_DEMO_MAPPING,SYNTHETIC
7233.99,SKL0052,Two-Wheeler Service,RELEVANT,3,SYNTHETIC_DEMO_MAPPING,SYNTHETIC
7233.99,SKL0044,EV Systems,RELEVANT,2,SYNTHETIC_DEMO_MAPPING,SYNTHETIC
7233.99,SKL0034,Welding,RELEVANT,3,SYNTHETIC_DEMO_MAPPING,SYNTHETIC
7311.01,SKL0046,EV Battery Maintenance,RELEVANT,3,SYNTHETIC_DEMO_MAPPING,SYNTHETIC
7311.01,SKL0091,Route Planning,RELEVANT,3,SYNTHETIC_DEMO_MAPPING,SYNTHETIC
7311.01,SKL0044,EV Systems,RELEVANT,4,SYNTHETIC_DEMO_MAPPING,SYNTHETIC
7311.0101,SKL0049,Electric Motor Systems,RELEVANT,1,SYNTHETIC_DEMO_MAPPING,SYNTHETIC
7311.0101,SKL0022,SCADA,RELEVANT,3,SYNTHETIC_DEMO_MAPPING,SYNTHETIC
7311.0101,SKL0046,EV Battery Maintenance,RELEVANT,1,SYNTHETIC_DEMO_MAPPING,SYNTHETIC
7311.0101,SKL0043,Automotive Diagnostics,RELEVANT,3,SYNTHETIC_DEMO_MAPPING,SYNTHETIC
7311.0101,SKL0051,Service Operations,RELEVANT,3,SYNTHETIC_DEMO_MAPPING,SYNTHETIC
7311.02,SKL0032,CNC Operation,RELEVANT,1,SYNTHETIC_DEMO_MAPPING,SYNTHETIC
7311.02,SKL0087,Supply Chain Management,RELEVANT,2,SYNTHETIC_DEMO_MAPPING,SYNTHETIC
7311.02,SKL0051,Service Operations,RELEVANT,2,SYNTHETIC_DEMO_MAPPING,SYNTHETIC
7311.02,SKL0021,PLC,RELEVANT,3,SYNTHETIC_DEMO_MAPPING,SYNTHETIC
7311.03,SKL0040,Mechanical Assembly,RELEVANT,3,SYNTHETIC_DEMO_MAPPING,SYNTHETIC
7311.03,SKL0036,Lean Manufacturing,RELEVANT,2,SYNTHETIC_DEMO_MAPPING,SYNTHETIC
7311.03,SKL0098,English Communication,RELEVANT,4,SYNTHETIC_DEMO_MAPPING,SYNTHETIC
7311.03,SKL0038,CNC Turning,RELEVANT,2,SYNTHETIC_DEMO_MAPPING,SYNTHETIC
7311.03,SKL0045,Battery Management Systems,RELEVANT,2,SYNTHETIC_DEMO_MAPPING,SYNTHETIC
7311.04,SKL0039,CNC Milling,RELEVANT,4,SYNTHETIC_DEMO_MAPPING,SYNTHETIC
7311.04,SKL0026,IoT,RELEVANT,3,SYNTHETIC_DEMO_MAPPING,SYNTHETIC
7311.04,SKL0046,EV Battery Maintenance,RELEVANT,3,SYNTHETIC_DEMO_MAPPING,SYNTHETIC
7311.04,SKL0028,Electrical Testing,RELEVANT,1,SYNTHETIC_DEMO_MAPPING,SYNTHETIC
7311.04,SKL0051,Service Operations,RELEVANT,3,SYNTHETIC_DEMO_MAPPING,SYNTHETIC
7311.0401,SKL0026,IoT,RELEVANT,4,SYNTHETIC_DEMO_MAPPING,SYNTHETIC
7311.0401,SKL0025,Industrial Automation,RELEVANT,3,SYNTHETIC_DEMO_MAPPING,SYNTHETIC
7311.0401,SKL0096,Digital Literacy,RELEVANT,1,SYNTHETIC_DEMO_MAPPING,SYNTHETIC
7311.0401,SKL0098,English Communication,RELEVANT,1,SYNTHETIC_DEMO_MAPPING,SYNTHETIC
7311.0401,SKL0034,Welding,RELEVANT,2,SYNTHETIC_DEMO_MAPPING,SYNTHETIC
7311.05,SKL0033,Machine Maintenance,RELEVANT,1,SYNTHETIC_DEMO_MAPPING,SYNTHETIC
7311.05,SKL0093,Problem Solving,RELEVANT,4,SYNTHETIC_DEMO_MAPPING,SYNTHETIC
7311.05,SKL0095,Workplace Safety,RELEVANT,3,SYNTHETIC_DEMO_MAPPING,SYNTHETIC
7311.05,SKL0050,Automotive CAD,RELEVANT,4,SYNTHETIC_DEMO_MAPPING,SYNTHETIC
7311.05,SKL0051,Service Operations,RELEVANT,2,SYNTHETIC_DEMO_MAPPING,SYNTHETIC
7311.06,SKL0087,Supply Chain Management,RELEVANT,2,SYNTHETIC_DEMO_MAPPING,SYNTHETIC
7311.06,SKL0091,Route Planning,RELEVANT,2,SYNTHETIC_DEMO_MAPPING,SYNTHETIC
7311.06,SKL0035,Quality Control,RELEVANT,2,SYNTHETIC_DEMO_MAPPING,SYNTHETIC
7311.06,SKL0088,Fleet Management,RELEVANT,4,SYNTHETIC_DEMO_MAPPING,SYNTHETIC
7311.06,SKL0095,Workplace Safety,RELEVANT,1,SYNTHETIC_DEMO_MAPPING,SYNTHETIC
7311.08,SKL0098,English Communication,RELEVANT,2,SYNTHETIC_DEMO_MAPPING,SYNTHETIC
7311.08,SKL0050,Automotive CAD,RELEVANT,3,SYNTHETIC_DEMO_MAPPING,SYNTHETIC
7311.09,SKL0038,CNC Turning,RELEVANT,3,SYNTHETIC_DEMO_MAPPING,SYNTHETIC
7311.09,SKL0096,Digital Literacy,RELEVANT,4,SYNTHETIC_DEMO_MAPPING,SYNTHETIC
7311.1,SKL0096,Digital Literacy,RELEVANT,3,SYNTHETIC_DEMO_MAPPING,SYNTHETIC
7311.1,SKL0029,Control Systems,RELEVANT,2,SYNTHETIC_DEMO_MAPPING,SYNTHETIC
7311.1,SKL0025,Industrial Automation,RELEVANT,1,SYNTHETIC_DEMO_MAPPING,SYNTHETIC
7311.1,SKL0033,Machine Maintenance,RELEVANT,2,SYNTHETIC_DEMO_MAPPING,SYNTHETIC
7311.1001,SKL0043,Automotive Diagnostics,RELEVANT,1,SYNTHETIC_DEMO_MAPPING,SYNTHETIC
7311.1001,SKL0052,Two-Wheeler Service,RELEVANT,3,SYNTHETIC_DEMO_MAPPING,SYNTHETIC
7311.1001,SKL0046,EV Battery Maintenance,RELEVANT,3,SYNTHETIC_DEMO_MAPPING,SYNTHETIC
7311.1001,SKL0044,EV Systems,RELEVANT,2,SYNTHETIC_DEMO_MAPPING,SYNTHETIC
7311.1001,SKL0094,Microsoft Excel,RELEVANT,3,SYNTHETIC_DEMO_MAPPING,SYNTHETIC
7311.1002,SKL0062,Medical Coding,RELEVANT,1,SYNTHETIC_DEMO_MAPPING,SYNTHETIC
7311.1002,SKL0032,CNC Operation,RELEVANT,1,SYNTHETIC_DEMO_MAPPING,SYNTHETIC
7311.1002,SKL0092,Communication,RELEVANT,4,SYNTHETIC_DEMO_MAPPING,SYNTHETIC
7311.11,SKL0042,SolidWorks,RELEVANT,4,SYNTHETIC_DEMO_MAPPING,SYNTHETIC
7311.11,SKL0024,PCB Design,RELEVANT,1,SYNTHETIC_DEMO_MAPPING,SYNTHETIC
7311.11,SKL0032,CNC Operation,RELEVANT,4,SYNTHETIC_DEMO_MAPPING,SYNTHETIC
7311.11,SKL0095,Workplace Safety,RELEVANT,1,SYNTHETIC_DEMO_MAPPING,SYNTHETIC
7311.11,SKL0021,PLC,RELEVANT,1,SYNTHETIC_DEMO_MAPPING,SYNTHETIC
7311.12,SKL0050,Automotive CAD,RELEVANT,2,SYNTHETIC_DEMO_MAPPING,SYNTHETIC
7311.12,SKL0027,Sensors,RELEVANT,3,SYNTHETIC_DEMO_MAPPING,SYNTHETIC
7311.14,SKL0052,Two-Wheeler Service,RELEVANT,2,SYNTHETIC_DEMO_MAPPING,SYNTHETIC
7311.14,SKL0044,EV Systems,RELEVANT,4,SYNTHETIC_DEMO_MAPPING,SYNTHETIC
7311.14,SKL0098,English Communication,RELEVANT,2,SYNTHETIC_DEMO_MAPPING,SYNTHETIC
7311.14,SKL0097,Team Management,RELEVANT,1,SYNTHETIC_DEMO_MAPPING,SYNTHETIC
7311.14,SKL0021,PLC,RELEVANT,1,SYNTHETIC_DEMO_MAPPING,SYNTHETIC
7311.99,SKL0046,EV Battery Maintenance,RELEVANT,2,SYNTHETIC_DEMO_MAPPING,SYNTHETIC
7311.99,SKL0044,EV Systems,RELEVANT,3,SYNTHETIC_DEMO_MAPPING,SYNTHETIC
7311.99,SKL0022,SCADA,RELEVANT,4,SYNTHETIC_DEMO_MAPPING,SYNTHETIC
7311.99,SKL0029,Control Systems,RELEVANT,2,SYNTHETIC_DEMO_MAPPING,SYNTHETIC
7311.99,SKL0037,Production Planning,RELEVANT,3,SYNTHETIC_DEMO_MAPPING,SYNTHETIC
7312.01,SKL0039,CNC Milling,RELEVANT,2,SYNTHETIC_DEMO_MAPPING,SYNTHETIC
7312.01,SKL0026,IoT,RELEVANT,1,SYNTHETIC_DEMO_MAPPING,SYNTHETIC
7312.02,SKL0021,PLC,RELEVANT,3,SYNTHETIC_DEMO_MAPPING,SYNTHETIC
7312.02,SKL0035,Quality Control,RELEVANT,2,SYNTHETIC_DEMO_MAPPING,SYNTHETIC
7312.02,SKL0044,EV Systems,RELEVANT,3,SYNTHETIC_DEMO_MAPPING,SYNTHETIC
7312.02,SKL0026,IoT,RELEVANT,3,SYNTHETIC_DEMO_MAPPING,SYNTHETIC
7312.03,SKL0096,Digital Literacy,RELEVANT,1,SYNTHETIC_DEMO_MAPPING,SYNTHETIC
7312.03,SKL0021,PLC,RELEVANT,2,SYNTHETIC_DEMO_MAPPING,SYNTHETIC
7312.03,SKL0028,Electrical Testing,RELEVANT,3,SYNTHETIC_DEMO_MAPPING,SYNTHETIC
7312.04,SKL0032,CNC Operation,RELEVANT,3,SYNTHETIC_DEMO_MAPPING,SYNTHETIC
7312.04,SKL0052,Two-Wheeler Service,RELEVANT,4,SYNTHETIC_DEMO_MAPPING,SYNTHETIC
7312.04,SKL0037,Production Planning,RELEVANT,2,SYNTHETIC_DEMO_MAPPING,SYNTHETIC
7312.04,SKL0029,Control Systems,RELEVANT,3,SYNTHETIC_DEMO_MAPPING,SYNTHETIC
7312.04,SKL0045,Battery Management Systems,RELEVANT,3,SYNTHETIC_DEMO_MAPPING,SYNTHETIC
7312.05,SKL0022,SCADA,RELEVANT,1,SYNTHETIC_DEMO_MAPPING,SYNTHETIC
7312.05,SKL0098,English Communication,RELEVANT,3,SYNTHETIC_DEMO_MAPPING,SYNTHETIC
7312.06,SKL0092,Communication,RELEVANT,1,SYNTHETIC_DEMO_MAPPING,SYNTHETIC
7312.06,SKL0041,AutoCAD,RELEVANT,4,SYNTHETIC_DEMO_MAPPING,SYNTHETIC
7312.06,SKL0094,Microsoft Excel,RELEVANT,4,SYNTHETIC_DEMO_MAPPING,SYNTHETIC
7312.06,SKL0095,Workplace Safety,RELEVANT,2,SYNTHETIC_DEMO_MAPPING,SYNTHETIC
7312.08,SKL0096,Digital Literacy,RELEVANT,3,SYNTHETIC_DEMO_MAPPING,SYNTHETIC
7312.08,SKL0097,Team Management,RELEVANT,1,SYNTHETIC_DEMO_MAPPING,SYNTHETIC
7312.08,SKL0048,Auto Electrical,RELEVANT,2,SYNTHETIC_DEMO_MAPPING,SYNTHETIC
7312.08,SKL0094,Microsoft Excel,RELEVANT,1,SYNTHETIC_DEMO_MAPPING,SYNTHETIC
7312.1,SKL0098,English Communication,RELEVANT,3,SYNTHETIC_DEMO_MAPPING,SYNTHETIC
7312.1,SKL0094,Microsoft Excel,RELEVANT,4,SYNTHETIC_DEMO_MAPPING,SYNTHETIC
7312.1,SKL0092,Communication,RELEVANT,4,SYNTHETIC_DEMO_MAPPING,SYNTHETIC
7312.1,SKL0095,Workplace Safety,RELEVANT,2,SYNTHETIC_DEMO_MAPPING,SYNTHETIC
7312.1,SKL0096,Digital Literacy,RELEVANT,3,SYNTHETIC_DEMO_MAPPING,SYNTHETIC
7312.12,SKL0052,Two-Wheeler Service,RELEVANT,2,SYNTHETIC_DEMO_MAPPING,SYNTHETIC
7312.12,SKL0098,English Communication,RELEVANT,3,SYNTHETIC_DEMO_MAPPING,SYNTHETIC
7312.13,SKL0022,SCADA,RELEVANT,2,SYNTHETIC_DEMO_MAPPING,SYNTHETIC
7312.13,SKL0097,Team Management,RELEVANT,4,SYNTHETIC_DEMO_MAPPING,SYNTHETIC
7312.13,SKL0096,Digital Literacy,RELEVANT,1,SYNTHETIC_DEMO_MAPPING,SYNTHETIC
7312.13,SKL0029,Control Systems,RELEVANT,4,SYNTHETIC_DEMO_MAPPING,SYNTHETIC
7312.14,SKL0051,Service Operations,RELEVANT,3,SYNTHETIC_DEMO_MAPPING,SYNTHETIC
7312.14,SKL0046,EV Battery Maintenance,RELEVANT,2,SYNTHETIC_DEMO_MAPPING,SYNTHETIC
7312.14,SKL0025,Industrial Automation,RELEVANT,1,SYNTHETIC_DEMO_MAPPING,SYNTHETIC
7312.15,SKL0052,Two-Wheeler Service,RELEVANT,1,SYNTHETIC_DEMO_MAPPING,SYNTHETIC
7312.15,SKL0027,Sensors,RELEVANT,3,SYNTHETIC_DEMO_MAPPING,SYNTHETIC
7312.15,SKL0022,SCADA,RELEVANT,4,SYNTHETIC_DEMO_MAPPING,SYNTHETIC
7312.15,SKL0024,PCB Design,RELEVANT,4,SYNTHETIC_DEMO_MAPPING,SYNTHETIC
7312.15,SKL0093,Problem Solving,RELEVANT,3,SYNTHETIC_DEMO_MAPPING,SYNTHETIC
7312.16,SKL0097,Team Management,RELEVANT,1,SYNTHETIC_DEMO_MAPPING,SYNTHETIC
7312.16,SKL0093,Problem Solving,RELEVANT,2,SYNTHETIC_DEMO_MAPPING,SYNTHETIC
7312.16,SKL0098,English Communication,RELEVANT,2,SYNTHETIC_DEMO_MAPPING,SYNTHETIC
7312.16,SKL0094,Microsoft Excel,RELEVANT,3,SYNTHETIC_DEMO_MAPPING,SYNTHETIC
7312.17,SKL0034,Welding,RELEVANT,2,SYNTHETIC_DEMO_MAPPING,SYNTHETIC
7312.17,SKL0092,Communication,RELEVANT,4,SYNTHETIC_DEMO_MAPPING,SYNTHETIC
7312.17,SKL0028,Electrical Testing,RELEVANT,3,SYNTHETIC_DEMO_MAPPING,SYNTHETIC
7312.18,SKL0096,Digital Literacy,RELEVANT,1,SYNTHETIC_DEMO_MAPPING,SYNTHETIC
7312.18,SKL0092,Communication,RELEVANT,3,SYNTHETIC_DEMO_MAPPING,SYNTHETIC
7312.18,SKL0039,CNC Milling,RELEVANT,4,SYNTHETIC_DEMO_MAPPING,SYNTHETIC
7312.99,SKL0030,AutoCAD Electrical,RELEVANT,3,SYNTHETIC_DEMO_MAPPING,SYNTHETIC
7312.99,SKL0093,Problem Solving,RELEVANT,1,SYNTHETIC_DEMO_MAPPING,SYNTHETIC
7313.01,SKL0034,Welding,RELEVANT,1,SYNTHETIC_DEMO_MAPPING,SYNTHETIC
7313.01,SKL0093,Problem Solving,RELEVANT,4,SYNTHETIC_DEMO_MAPPING,SYNTHETIC
7313.01,SKL0035,Quality Control,RELEVANT,3,SYNTHETIC_DEMO_MAPPING,SYNTHETIC
7313.01,SKL0095,Workplace Safety,RELEVANT,1,SYNTHETIC_DEMO_MAPPING,SYNTHETIC
7313.01,SKL0038,CNC Turning,RELEVANT,2,SYNTHETIC_DEMO_MAPPING,SYNTHETIC
7313.0101,SKL0050,Automotive CAD,RELEVANT,1,SYNTHETIC_DEMO_MAPPING,SYNTHETIC
7313.0101,SKL0048,Auto Electrical,RELEVANT,3,SYNTHETIC_DEMO_MAPPING,SYNTHETIC
7313.0101,SKL0094,Microsoft Excel,RELEVANT,1,SYNTHETIC_DEMO_MAPPING,SYNTHETIC
7313.0101,SKL0044,EV Systems,RELEVANT,2,SYNTHETIC_DEMO_MAPPING,SYNTHETIC
7313.0101,SKL0039,CNC Milling,RELEVANT,2,SYNTHETIC_DEMO_MAPPING,SYNTHETIC
7313.0102,SKL0096,Digital Literacy,RELEVANT,4,SYNTHETIC_DEMO_MAPPING,SYNTHETIC
7313.0102,SKL0094,Microsoft Excel,RELEVANT,3,SYNTHETIC_DEMO_MAPPING,SYNTHETIC
7313.0102,SKL0095,Workplace Safety,RELEVANT,3,SYNTHETIC_DEMO_MAPPING,SYNTHETIC
7313.0102,SKL0097,Team Management,RELEVANT,4,SYNTHETIC_DEMO_MAPPING,SYNTHETIC
7313.0103,SKL0032,CNC Operation,RELEVANT,1,SYNTHETIC_DEMO_MAPPING,SYNTHETIC
7313.0103,SKL0033,Machine Maintenance,RELEVANT,1,SYNTHETIC_DEMO_MAPPING,SYNTHETIC
7313.0201,SKL0040,Mechanical Assembly,RELEVANT,2,SYNTHETIC_DEMO_MAPPING,SYNTHETIC
7313.0201,SKL0045,Battery Management Systems,RELEVANT,3,SYNTHETIC_DEMO_MAPPING,SYNTHETIC
7313.0201,SKL0047,Vehicle Diagnostics,RELEVANT,2,SYNTHETIC_DEMO_MAPPING,SYNTHETIC
7313.0201,SKL0094,Microsoft Excel,RELEVANT,3,SYNTHETIC_DEMO_MAPPING,SYNTHETIC
7313.0202,SKL0096,Digital Literacy,RELEVANT,2,SYNTHETIC_DEMO_MAPPING,SYNTHETIC
7313.0202,SKL0093,Problem Solving,RELEVANT,2,SYNTHETIC_DEMO_MAPPING,SYNTHETIC
7313.0202,SKL0094,Microsoft Excel,RELEVANT,4,SYNTHETIC_DEMO_MAPPING,SYNTHETIC
7313.0202,SKL0098,English Communication,RELEVANT,1,SYNTHETIC_DEMO_MAPPING,SYNTHETIC
7313.0301,SKL0098,English Communication,RELEVANT,2,SYNTHETIC_DEMO_MAPPING,SYNTHETIC
7313.0301,SKL0094,Microsoft Excel,RELEVANT,1,SYNTHETIC_DEMO_MAPPING,SYNTHETIC
7313.0401,SKL0092,Communication,RELEVANT,3,SYNTHETIC_DEMO_MAPPING,SYNTHETIC
7313.0401,SKL0094,Microsoft Excel,RELEVANT,2,SYNTHETIC_DEMO_MAPPING,SYNTHETIC
7313.0401,SKL0095,Workplace Safety,RELEVANT,1,SYNTHETIC_DEMO_MAPPING,SYNTHETIC
7313.0401,SKL0097,Team Management,RELEVANT,2,SYNTHETIC_DEMO_MAPPING,SYNTHETIC
7313.0401,SKL0096,Digital Literacy,RELEVANT,4,SYNTHETIC_DEMO_MAPPING,SYNTHETIC
7313.05,SKL0094,Microsoft Excel,RELEVANT,3,SYNTHETIC_DEMO_MAPPING,SYNTHETIC
7313.05,SKL0098,English Communication,RELEVANT,3,SYNTHETIC_DEMO_MAPPING,SYNTHETIC
7313.06,SKL0094,Microsoft Excel,RELEVANT,4,SYNTHETIC_DEMO_MAPPING,SYNTHETIC
7313.06,SKL0093,Problem Solving,RELEVANT,3,SYNTHETIC_DEMO_MAPPING,SYNTHETIC
7313.06,SKL0096,Digital Literacy,RELEVANT,4,SYNTHETIC_DEMO_MAPPING,SYNTHETIC
7313.06,SKL0092,Communication,RELEVANT,1,SYNTHETIC_DEMO_MAPPING,SYNTHETIC
7313.06,SKL0095,Workplace Safety,RELEVANT,1,SYNTHETIC_DEMO_MAPPING,SYNTHETIC
7313.07,SKL0031,CNC Programming,RELEVANT,4,SYNTHETIC_DEMO_MAPPING,SYNTHETIC
7313.07,SKL0039,CNC Milling,RELEVANT,1,SYNTHETIC_DEMO_MAPPING,SYNTHETIC
7313.07,SKL0098,English Communication,RELEVANT,1,SYNTHETIC_DEMO_MAPPING,SYNTHETIC
7313.0701,SKL0096,Digital Literacy,RELEVANT,3,SYNTHETIC_DEMO_MAPPING,SYNTHETIC
7313.0701,SKL0092,Communication,RELEVANT,2,SYNTHETIC_DEMO_MAPPING,SYNTHETIC
7313.0702,SKL0039,CNC Milling,RELEVANT,4,SYNTHETIC_DEMO_MAPPING,SYNTHETIC
7313.0702,SKL0036,Lean Manufacturing,RELEVANT,1,SYNTHETIC_DEMO_MAPPING,SYNTHETIC
7313.0702,SKL0095,Workplace Safety,RELEVANT,3,SYNTHETIC_DEMO_MAPPING,SYNTHETIC
7313.0702,SKL0031,CNC Programming,RELEVANT,1,SYNTHETIC_DEMO_MAPPING,SYNTHETIC
7313.0703,SKL0036,Lean Manufacturing,RELEVANT,1,SYNTHETIC_DEMO_MAPPING,SYNTHETIC
7313.0703,SKL0037,Production Planning,RELEVANT,2,SYNTHETIC_DEMO_MAPPING,SYNTHETIC
7313.0703,SKL0042,SolidWorks,RELEVANT,4,SYNTHETIC_DEMO_MAPPING,SYNTHETIC
7313.0703,SKL0094,Microsoft Excel,RELEVANT,2,SYNTHETIC_DEMO_MAPPING,SYNTHETIC
7313.0801,SKL0093,Problem Solving,RELEVANT,3,SYNTHETIC_DEMO_MAPPING,SYNTHETIC
7313.0801,SKL0094,Microsoft Excel,RELEVANT,2,SYNTHETIC_DEMO_MAPPING,SYNTHETIC
7313.0801,SKL0096,Digital Literacy,RELEVANT,3,SYNTHETIC_DEMO_MAPPING,SYNTHETIC
7313.0802,SKL0038,CNC Turning,RELEVANT,1,SYNTHETIC_DEMO_MAPPING,SYNTHETIC
7313.0802,SKL0097,Team Management,RELEVANT,3,SYNTHETIC_DEMO_MAPPING,SYNTHETIC
7313.0803,SKL0036,Lean Manufacturing,RELEVANT,3,SYNTHETIC_DEMO_MAPPING,SYNTHETIC
7313.0803,SKL0032,CNC Operation,RELEVANT,3,SYNTHETIC_DEMO_MAPPING,SYNTHETIC
7313.0803,SKL0042,SolidWorks,RELEVANT,1,SYNTHETIC_DEMO_MAPPING,SYNTHETIC
7313.0803,SKL0039,CNC Milling,RELEVANT,1,SYNTHETIC_DEMO_MAPPING,SYNTHETIC
7313.0804,SKL0031,CNC Programming,RELEVANT,2,SYNTHETIC_DEMO_MAPPING,SYNTHETIC
7313.0804,SKL0096,Digital Literacy,RELEVANT,3,SYNTHETIC_DEMO_MAPPING,SYNTHETIC
7313.0804,SKL0038,CNC Turning,RELEVANT,4,SYNTHETIC_DEMO_MAPPING,SYNTHETIC
7313.0804,SKL0033,Machine Maintenance,RELEVANT,3,SYNTHETIC_DEMO_MAPPING,SYNTHETIC
7313.0901,SKL0095,Workplace Safety,RELEVANT,2,SYNTHETIC_DEMO_MAPPING,SYNTHETIC
7313.0901,SKL0097,Team Management,RELEVANT,3,SYNTHETIC_DEMO_MAPPING,SYNTHETIC
7313.0901,SKL0093,Problem Solving,RELEVANT,2,SYNTHETIC_DEMO_MAPPING,SYNTHETIC
7313.0902,SKL0092,Communication,RELEVANT,3,SYNTHETIC_DEMO_MAPPING,SYNTHETIC
7313.0902,SKL0095,Workplace Safety,RELEVANT,3,SYNTHETIC_DEMO_MAPPING,SYNTHETIC
7313.0902,SKL0097,Team Management,RELEVANT,2,SYNTHETIC_DEMO_MAPPING,SYNTHETIC
7313.0903,SKL0093,Problem Solving,RELEVANT,3,SYNTHETIC_DEMO_MAPPING,SYNTHETIC
7313.0903,SKL0096,Digital Literacy,RELEVANT,4,SYNTHETIC_DEMO_MAPPING,SYNTHETIC
7313.0903,SKL0097,Team Management,RELEVANT,4,SYNTHETIC_DEMO_MAPPING,SYNTHETIC
7313.0903,SKL0095,Workplace Safety,RELEVANT,4,SYNTHETIC_DEMO_MAPPING,SYNTHETIC
7313.1001,SKL0034,Welding,RELEVANT,1,SYNTHETIC_DEMO_MAPPING,SYNTHETIC
7313.1001,SKL0096,Digital Literacy,RELEVANT,2,SYNTHETIC_DEMO_MAPPING,SYNTHETIC
7313.1101,SKL0039,CNC Milling,RELEVANT,4,SYNTHETIC_DEMO_MAPPING,SYNTHETIC
7313.1101,SKL0034,Welding,RELEVANT,3,SYNTHETIC_DEMO_MAPPING,SYNTHETIC
7313.1201,SKL0097,Team Management,RELEVANT,3,SYNTHETIC_DEMO_MAPPING,SYNTHETIC
7313.1201,SKL0018,Cybersecurity,RELEVANT,3,SYNTHETIC_DEMO_MAPPING,SYNTHETIC
7313.1201,SKL0014,Azure,RELEVANT,3,SYNTHETIC_DEMO_MAPPING,SYNTHETIC
7313.1201,SKL0096,Digital Literacy,RELEVANT,1,SYNTHETIC_DEMO_MAPPING,SYNTHETIC
7313.1201,SKL0008,SQL,RELEVANT,4,SYNTHETIC_DEMO_MAPPING,SYNTHETIC
7313.1202,SKL0094,Microsoft Excel,RELEVANT,2,SYNTHETIC_DEMO_MAPPING,SYNTHETIC
7313.1202,SKL0010,REST APIs,RELEVANT,4,SYNTHETIC_DEMO_MAPPING,SYNTHETIC
7313.1202,SKL0038,CNC Turning,RELEVANT,1,SYNTHETIC_DEMO_MAPPING,SYNTHETIC
7313.1202,SKL0098,English Communication,RELEVANT,2,SYNTHETIC_DEMO_MAPPING,SYNTHETIC
7313.13,SKL0097,Team Management,RELEVANT,1,SYNTHETIC_DEMO_MAPPING,SYNTHETIC
7313.13,SKL0095,Workplace Safety,RELEVANT,1,SYNTHETIC_DEMO_MAPPING,SYNTHETIC
7313.13,SKL0094,Microsoft Excel,RELEVANT,4,SYNTHETIC_DEMO_MAPPING,SYNTHETIC
7313.1301,SKL0098,English Communication,RELEVANT,4,SYNTHETIC_DEMO_MAPPING,SYNTHETIC
7313.1301,SKL0093,Problem Solving,RELEVANT,3,SYNTHETIC_DEMO_MAPPING,SYNTHETIC
7313.1302,SKL0094,Microsoft Excel,RELEVANT,3,SYNTHETIC_DEMO_MAPPING,SYNTHETIC
7313.1302,SKL0042,SolidWorks,RELEVANT,2,SYNTHETIC_DEMO_MAPPING,SYNTHETIC
7313.1302,SKL0092,Communication,RELEVANT,4,SYNTHETIC_DEMO_MAPPING,SYNTHETIC
7313.1302,SKL0039,CNC Milling,RELEVANT,2,SYNTHETIC_DEMO_MAPPING,SYNTHETIC
7313.1302,SKL0098,English Communication,RELEVANT,4,SYNTHETIC_DEMO_MAPPING,SYNTHETIC
7313.1303,SKL0094,Microsoft Excel,RELEVANT,4,SYNTHETIC_DEMO_MAPPING,SYNTHETIC
7313.1303,SKL0032,CNC Operation,RELEVANT,4,SYNTHETIC_DEMO_MAPPING,SYNTHETIC
7313.1303,SKL0031,CNC Programming,RELEVANT,2,SYNTHETIC_DEMO_MAPPING,SYNTHETIC
7313.1303,SKL0033,Machine Maintenance,RELEVANT,2,SYNTHETIC_DEMO_MAPPING,SYNTHETIC
7313.1304,SKL0096,Digital Literacy,RELEVANT,3,SYNTHETIC_DEMO_MAPPING,SYNTHETIC
7313.1304,SKL0092,Communication,RELEVANT,1,SYNTHETIC_DEMO_MAPPING,SYNTHETIC
7313.1304,SKL0097,Team Management,RELEVANT,1,SYNTHETIC_DEMO_MAPPING,SYNTHETIC
7313.1305,SKL0095,Workplace Safety,RELEVANT,1,SYNTHETIC_DEMO_MAPPING,SYNTHETIC
7313.1305,SKL0049,Electric Motor Systems,RELEVANT,3,SYNTHETIC_DEMO_MAPPING,SYNTHETIC
7313.1305,SKL0051,Service Operations,RELEVANT,2,SYNTHETIC_DEMO_MAPPING,SYNTHETIC
7313.1306,SKL0041,AutoCAD,RELEVANT,2,SYNTHETIC_DEMO_MAPPING,SYNTHETIC
7313.1306,SKL0033,Machine Maintenance,RELEVANT,1,SYNTHETIC_DEMO_MAPPING,SYNTHETIC
7313.14,SKL0044,EV Systems,RELEVANT,4,SYNTHETIC_DEMO_MAPPING,SYNTHETIC
7313.14,SKL0098,English Communication,RELEVANT,4,SYNTHETIC_DEMO_MAPPING,SYNTHETIC
7313.14,SKL0051,Service Operations,RELEVANT,4,SYNTHETIC_DEMO_MAPPING,SYNTHETIC
7313.14,SKL0043,Automotive Diagnostics,RELEVANT,4,SYNTHETIC_DEMO_MAPPING,SYNTHETIC
7313.1501,SKL0096,Digital Literacy,RELEVANT,3,SYNTHETIC_DEMO_MAPPING,SYNTHETIC
7313.1501,SKL0095,Workplace Safety,RELEVANT,4,SYNTHETIC_DEMO_MAPPING,SYNTHETIC
7313.1501,SKL0093,Problem Solving,RELEVANT,3,SYNTHETIC_DEMO_MAPPING,SYNTHETIC
7313.1501,SKL0092,Communication,RELEVANT,3,SYNTHETIC_DEMO_MAPPING,SYNTHETIC
7313.1502,SKL0098,English Communication,RELEVANT,3,SYNTHETIC_DEMO_MAPPING,SYNTHETIC
7313.1502,SKL0097,Team Management,RELEVANT,2,SYNTHETIC_DEMO_MAPPING,SYNTHETIC
7313.1502,SKL0093,Problem Solving,RELEVANT,2,SYNTHETIC_DEMO_MAPPING,SYNTHETIC
7313.1503,SKL0096,Digital Literacy,RELEVANT,3,SYNTHETIC_DEMO_MAPPING,SYNTHETIC
7313.1503,SKL0092,Communication,RELEVANT,4,SYNTHETIC_DEMO_MAPPING,SYNTHETIC
7313.1503,SKL0094,Microsoft Excel,RELEVANT,4,SYNTHETIC_DEMO_MAPPING,SYNTHETIC
7313.1503,SKL0093,Problem Solving,RELEVANT,4,SYNTHETIC_DEMO_MAPPING,SYNTHETIC
7313.1504,SKL0047,Vehicle Diagnostics,RELEVANT,3,SYNTHETIC_DEMO_MAPPING,SYNTHETIC
7313.1504,SKL0046,EV Battery Maintenance,RELEVANT,2,SYNTHETIC_DEMO_MAPPING,SYNTHETIC
7313.1504,SKL0043,Automotive Diagnostics,RELEVANT,3,SYNTHETIC_DEMO_MAPPING,SYNTHETIC
7313.1504,SKL0094,Microsoft Excel,RELEVANT,3,SYNTHETIC_DEMO_MAPPING,SYNTHETIC
7313.1504,SKL0052,Two-Wheeler Service,RELEVANT,1,SYNTHETIC_DEMO_MAPPING,SYNTHETIC
7313.1505,SKL0095,Workplace Safety,RELEVANT,4,SYNTHETIC_DEMO_MAPPING,SYNTHETIC
7313.1505,SKL0094,Microsoft Excel,RELEVANT,2,SYNTHETIC_DEMO_MAPPING,SYNTHETIC
7313.1506,SKL0097,Team Management,RELEVANT,4,SYNTHETIC_DEMO_MAPPING,SYNTHETIC
7313.1506,SKL0092,Communication,RELEVANT,1,SYNTHETIC_DEMO_MAPPING,SYNTHETIC
7313.1506,SKL0042,SolidWorks,RELEVANT,1,SYNTHETIC_DEMO_MAPPING,SYNTHETIC
7313.1506,SKL0041,AutoCAD,RELEVANT,1,SYNTHETIC_DEMO_MAPPING,SYNTHETIC
7313.1506,SKL0031,CNC Programming,RELEVANT,4,SYNTHETIC_DEMO_MAPPING,SYNTHETIC
7313.1601,SKL0096,Digital Literacy,RELEVANT,1,SYNTHETIC_DEMO_MAPPING,SYNTHETIC
7313.1601,SKL0031,CNC Programming,RELEVANT,2,SYNTHETIC_DEMO_MAPPING,SYNTHETIC
7313.1601,SKL0033,Machine Maintenance,RELEVANT,1,SYNTHETIC_DEMO_MAPPING,SYNTHETIC
7313.1601,SKL0041,AutoCAD,RELEVANT,4,SYNTHETIC_DEMO_MAPPING,SYNTHETIC
7313.1601,SKL0036,Lean Manufacturing,RELEVANT,4,SYNTHETIC_DEMO_MAPPING,SYNTHETIC
7313.1602,SKL0040,Mechanical Assembly,RELEVANT,4,SYNTHETIC_DEMO_MAPPING,SYNTHETIC
7313.1602,SKL0035,Quality Control,RELEVANT,2,SYNTHETIC_DEMO_MAPPING,SYNTHETIC
7313.1602,SKL0095,Workplace Safety,RELEVANT,3,SYNTHETIC_DEMO_MAPPING,SYNTHETIC
7313.1602,SKL0032,CNC Operation,RELEVANT,4,SYNTHETIC_DEMO_MAPPING,SYNTHETIC
7313.1602,SKL0094,Microsoft Excel,RELEVANT,1,SYNTHETIC_DEMO_MAPPING,SYNTHETIC
7313.1701,SKL0095,Workplace Safety,RELEVANT,1,SYNTHETIC_DEMO_MAPPING,SYNTHETIC
7313.1701,SKL0096,Digital Literacy,RELEVANT,4,SYNTHETIC_DEMO_MAPPING,SYNTHETIC
7313.1701,SKL0092,Communication,RELEVANT,3,SYNTHETIC_DEMO_MAPPING,SYNTHETIC
7313.1701,SKL0094,Microsoft Excel,RELEVANT,3,SYNTHETIC_DEMO_MAPPING,SYNTHETIC
7313.1701,SKL0098,English Communication,RELEVANT,3,SYNTHETIC_DEMO_MAPPING,SYNTHETIC
7313.1702,SKL0092,Communication,RELEVANT,4,SYNTHETIC_DEMO_MAPPING,SYNTHETIC
7313.1702,SKL0094,Microsoft Excel,RELEVANT,3,SYNTHETIC_DEMO_MAPPING,SYNTHETIC
7313.1702,SKL0095,Workplace Safety,RELEVANT,2,SYNTHETIC_DEMO_MAPPING,SYNTHETIC
7313.1702,SKL0096,Digital Literacy,RELEVANT,4,SYNTHETIC_DEMO_MAPPING,SYNTHETIC
7313.18,SKL0034,Welding,RELEVANT,3,SYNTHETIC_DEMO_MAPPING,SYNTHETIC
7313.18,SKL0032,CNC Operation,RELEVANT,2,SYNTHETIC_DEMO_MAPPING,SYNTHETIC
7313.19,SKL0094,Microsoft Excel,RELEVANT,4,SYNTHETIC_DEMO_MAPPING,SYNTHETIC
7313.19,SKL0092,Communication,RELEVANT,3,SYNTHETIC_DEMO_MAPPING,SYNTHETIC
7313.22,SKL0096,Digital Literacy,RELEVANT,3,SYNTHETIC_DEMO_MAPPING,SYNTHETIC
7313.22,SKL0042,SolidWorks,RELEVANT,3,SYNTHETIC_DEMO_MAPPING,SYNTHETIC
7313.23,SKL0042,SolidWorks,RELEVANT,2,SYNTHETIC_DEMO_MAPPING,SYNTHETIC
7313.23,SKL0031,CNC Programming,RELEVANT,4,SYNTHETIC_DEMO_MAPPING,SYNTHETIC
7313.23,SKL0036,Lean Manufacturing,RELEVANT,1,SYNTHETIC_DEMO_MAPPING,SYNTHETIC
7313.2401,SKL0036,Lean Manufacturing,RELEVANT,1,SYNTHETIC_DEMO_MAPPING,SYNTHETIC
7313.2401,SKL0097,Team Management,RELEVANT,4,SYNTHETIC_DEMO_MAPPING,SYNTHETIC
7313.2401,SKL0039,CNC Milling,RELEVANT,4,SYNTHETIC_DEMO_MAPPING,SYNTHETIC
7313.2401,SKL0035,Quality Control,RELEVANT,4,SYNTHETIC_DEMO_MAPPING,SYNTHETIC
7313.2401,SKL0038,CNC Turning,RELEVANT,4,SYNTHETIC_DEMO_MAPPING,SYNTHETIC
7313.2402,SKL0041,AutoCAD,RELEVANT,4,SYNTHETIC_DEMO_MAPPING,SYNTHETIC
7313.2402,SKL0036,Lean Manufacturing,RELEVANT,3,SYNTHETIC_DEMO_MAPPING,SYNTHETIC
7313.2501,SKL0094,Microsoft Excel,RELEVANT,1,SYNTHETIC_DEMO_MAPPING,SYNTHETIC
7313.2501,SKL0092,Communication,RELEVANT,3,SYNTHETIC_DEMO_MAPPING,SYNTHETIC
7313.2501,SKL0098,English Communication,RELEVANT,2,SYNTHETIC_DEMO_MAPPING,SYNTHETIC
7313.2601,SKL0092,Communication,RELEVANT,2,SYNTHETIC_DEMO_MAPPING,SYNTHETIC
7313.2601,SKL0094,Microsoft Excel,RELEVANT,2,SYNTHETIC_DEMO_MAPPING,SYNTHETIC
7313.2601,SKL0034,Welding,RELEVANT,3,SYNTHETIC_DEMO_MAPPING,SYNTHETIC
7313.2601,SKL0033,Machine Maintenance,RELEVANT,4,SYNTHETIC_DEMO_MAPPING,SYNTHETIC
7313.99,SKL0097,Team Management,RELEVANT,3,SYNTHETIC_DEMO_MAPPING,SYNTHETIC
7313.99,SKL0096,Digital Literacy,RELEVANT,2,SYNTHETIC_DEMO_MAPPING,SYNTHETIC
7313.99,SKL0098,English Communication,RELEVANT,2,SYNTHETIC_DEMO_MAPPING,SYNTHETIC
7313.99,SKL0094,Microsoft Excel,RELEVANT,2,SYNTHETIC_DEMO_MAPPING,SYNTHETIC
7313.99,SKL0095,Workplace Safety,RELEVANT,3,SYNTHETIC_DEMO_MAPPING,SYNTHETIC
7314.01,SKL0035,Quality Control,RELEVANT,4,SYNTHETIC_DEMO_MAPPING,SYNTHETIC
7314.01,SKL0031,CNC Programming,RELEVANT,3,SYNTHETIC_DEMO_MAPPING,SYNTHETIC
7314.01,SKL0098,English Communication,RELEVANT,4,SYNTHETIC_DEMO_MAPPING,SYNTHETIC
7314.02,SKL0093,Problem Solving,RELEVANT,2,SYNTHETIC_DEMO_MAPPING,SYNTHETIC
7314.02,SKL0038,CNC Turning,RELEVANT,3,SYNTHETIC_DEMO_MAPPING,SYNTHETIC
7314.02,SKL0039,CNC Milling,RELEVANT,3,SYNTHETIC_DEMO_MAPPING,SYNTHETIC
7314.02,SKL0041,AutoCAD,RELEVANT,3,SYNTHETIC_DEMO_MAPPING,SYNTHETIC
7314.03,SKL0054,Quantity Surveying,RELEVANT,1,SYNTHETIC_DEMO_MAPPING,SYNTHETIC
7314.03,SKL0041,AutoCAD,RELEVANT,4,SYNTHETIC_DEMO_MAPPING,SYNTHETIC
7314.04,SKL0023,Embedded Systems,RELEVANT,1,SYNTHETIC_DEMO_MAPPING,SYNTHETIC
7314.04,SKL0094,Microsoft Excel,RELEVANT,3,SYNTHETIC_DEMO_MAPPING,SYNTHETIC
7314.04,SKL0027,Sensors,RELEVANT,2,SYNTHETIC_DEMO_MAPPING,SYNTHETIC
7314.05,SKL0098,English Communication,RELEVANT,3,SYNTHETIC_DEMO_MAPPING,SYNTHETIC
7314.05,SKL0046,EV Battery Maintenance,RELEVANT,3,SYNTHETIC_DEMO_MAPPING,SYNTHETIC
7314.05,SKL0051,Service Operations,RELEVANT,2,SYNTHETIC_DEMO_MAPPING,SYNTHETIC
7314.05,SKL0037,Production Planning,RELEVANT,3,SYNTHETIC_DEMO_MAPPING,SYNTHETIC
7314.05,SKL0040,Mechanical Assembly,RELEVANT,1,SYNTHETIC_DEMO_MAPPING,SYNTHETIC
7314.06,SKL0034,Welding,RELEVANT,4,SYNTHETIC_DEMO_MAPPING,SYNTHETIC
7314.06,SKL0035,Quality Control,RELEVANT,4,SYNTHETIC_DEMO_MAPPING,SYNTHETIC
7314.07,SKL0098,English Communication,RELEVANT,2,SYNTHETIC_DEMO_MAPPING,SYNTHETIC
7314.07,SKL0092,Communication,RELEVANT,1,SYNTHETIC_DEMO_MAPPING,SYNTHETIC
7314.08,SKL0035,Quality Control,RELEVANT,3,SYNTHETIC_DEMO_MAPPING,SYNTHETIC
7314.08,SKL0036,Lean Manufacturing,RELEVANT,3,SYNTHETIC_DEMO_MAPPING,SYNTHETIC
7314.08,SKL0094,Microsoft Excel,RELEVANT,3,SYNTHETIC_DEMO_MAPPING,SYNTHETIC
7314.09,SKL0037,Production Planning,RELEVANT,4,SYNTHETIC_DEMO_MAPPING,SYNTHETIC
7314.09,SKL0036,Lean Manufacturing,RELEVANT,2,SYNTHETIC_DEMO_MAPPING,SYNTHETIC
7314.09,SKL0092,Communication,RELEVANT,3,SYNTHETIC_DEMO_MAPPING,SYNTHETIC
7314.09,SKL0040,Mechanical Assembly,RELEVANT,4,SYNTHETIC_DEMO_MAPPING,SYNTHETIC
7314.1,SKL0040,Mechanical Assembly,RELEVANT,1,SYNTHETIC_DEMO_MAPPING,SYNTHETIC
7314.1,SKL0031,CNC Programming,RELEVANT,4,SYNTHETIC_DEMO_MAPPING,SYNTHETIC
7314.1,SKL0042,SolidWorks,RELEVANT,2,SYNTHETIC_DEMO_MAPPING,SYNTHETIC
7314.11,SKL0035,Quality Control,RELEVANT,1,SYNTHETIC_DEMO_MAPPING,SYNTHETIC
7314.11,SKL0038,CNC Turning,RELEVANT,4,SYNTHETIC_DEMO_MAPPING,SYNTHETIC
7314.12,SKL0040,Mechanical Assembly,RELEVANT,1,SYNTHETIC_DEMO_MAPPING,SYNTHETIC
7314.12,SKL0092,Communication,RELEVANT,3,SYNTHETIC_DEMO_MAPPING,SYNTHETIC
7314.12,SKL0035,Quality Control,RELEVANT,4,SYNTHETIC_DEMO_MAPPING,SYNTHETIC
7314.12,SKL0033,Machine Maintenance,RELEVANT,3,SYNTHETIC_DEMO_MAPPING,SYNTHETIC
7314.13,SKL0097,Team Management,RELEVANT,4,SYNTHETIC_DEMO_MAPPING,SYNTHETIC
7314.13,SKL0092,Communication,RELEVANT,3,SYNTHETIC_DEMO_MAPPING,SYNTHETIC
7314.99,SKL0092,Communication,RELEVANT,2,SYNTHETIC_DEMO_MAPPING,SYNTHETIC
7314.99,SKL0094,Microsoft Excel,RELEVANT,3,SYNTHETIC_DEMO_MAPPING,SYNTHETIC
7314.99,SKL0098,English Communication,RELEVANT,4,SYNTHETIC_DEMO_MAPPING,SYNTHETIC
7314.99,SKL0093,Problem Solving,RELEVANT,3,SYNTHETIC_DEMO_MAPPING,SYNTHETIC
7314.99,SKL0095,Workplace Safety,RELEVANT,4,SYNTHETIC_DEMO_MAPPING,SYNTHETIC
7315.01,SKL0094,Microsoft Excel,RELEVANT,2,SYNTHETIC_DEMO_MAPPING,SYNTHETIC
7315.01,SKL0095,Workplace Safety,RELEVANT,1,SYNTHETIC_DEMO_MAPPING,SYNTHETIC
7315.01,SKL0096,Digital Literacy,RELEVANT,2,SYNTHETIC_DEMO_MAPPING,SYNTHETIC
7315.01,SKL0092,Communication,RELEVANT,1,SYNTHETIC_DEMO_MAPPING,SYNTHETIC
7315.02,SKL0092,Communication,RELEVANT,1,SYNTHETIC_DEMO_MAPPING,SYNTHETIC
7315.02,SKL0039,CNC Milling,RELEVANT,2,SYNTHETIC_DEMO_MAPPING,SYNTHETIC
7315.02,SKL0064,Pharmacy Operations,RELEVANT,1,SYNTHETIC_DEMO_MAPPING,SYNTHETIC
7315.02,SKL0066,Medical Equipment Maintenance,RELEVANT,4,SYNTHETIC_DEMO_MAPPING,SYNTHETIC
7315.02,SKL0035,Quality Control,RELEVANT,1,SYNTHETIC_DEMO_MAPPING,SYNTHETIC
7315.03,SKL0033,Machine Maintenance,RELEVANT,1,SYNTHETIC_DEMO_MAPPING,SYNTHETIC
7315.03,SKL0034,Welding,RELEVANT,4,SYNTHETIC_DEMO_MAPPING,SYNTHETIC
7315.03,SKL0038,CNC Turning,RELEVANT,3,SYNTHETIC_DEMO_MAPPING,SYNTHETIC
7315.03,SKL0041,AutoCAD,RELEVANT,3,SYNTHETIC_DEMO_MAPPING,SYNTHETIC
7315.06,SKL0097,Team Management,RELEVANT,2,SYNTHETIC_DEMO_MAPPING,SYNTHETIC
7315.06,SKL0098,English Communication,RELEVANT,2,SYNTHETIC_DEMO_MAPPING,SYNTHETIC
7315.07,SKL0097,Team Management,RELEVANT,1,SYNTHETIC_DEMO_MAPPING,SYNTHETIC
7315.07,SKL0093,Problem Solving,RELEVANT,2,SYNTHETIC_DEMO_MAPPING,SYNTHETIC
7315.07,SKL0094,Microsoft Excel,RELEVANT,1,SYNTHETIC_DEMO_MAPPING,SYNTHETIC
7315.08,SKL0095,Workplace Safety,RELEVANT,1,SYNTHETIC_DEMO_MAPPING,SYNTHETIC
7315.08,SKL0094,Microsoft Excel,RELEVANT,4,SYNTHETIC_DEMO_MAPPING,SYNTHETIC
7315.08,SKL0093,Problem Solving,RELEVANT,1,SYNTHETIC_DEMO_MAPPING,SYNTHETIC
7315.08,SKL0097,Team Management,RELEVANT,4,SYNTHETIC_DEMO_MAPPING,SYNTHETIC
7315.09,SKL0097,Team Management,RELEVANT,3,SYNTHETIC_DEMO_MAPPING,SYNTHETIC
7315.09,SKL0034,Welding,RELEVANT,3,SYNTHETIC_DEMO_MAPPING,SYNTHETIC
7315.09,SKL0035,Quality Control,RELEVANT,4,SYNTHETIC_DEMO_MAPPING,SYNTHETIC
7315.1,SKL0097,Team Management,RELEVANT,4,SYNTHETIC_DEMO_MAPPING,SYNTHETIC
7315.1,SKL0094,Microsoft Excel,RELEVANT,1,SYNTHETIC_DEMO_MAPPING,SYNTHETIC
7315.11,SKL0092,Communication,RELEVANT,4,SYNTHETIC_DEMO_MAPPING,SYNTHETIC
7315.11,SKL0026,IoT,RELEVANT,1,SYNTHETIC_DEMO_MAPPING,SYNTHETIC
7315.12,SKL0031,CNC Programming,RELEVANT,3,SYNTHETIC_DEMO_MAPPING,SYNTHETIC
7315.12,SKL0035,Quality Control,RELEVANT,1,SYNTHETIC_DEMO_MAPPING,SYNTHETIC
7315.13,SKL0042,SolidWorks,RELEVANT,4,SYNTHETIC_DEMO_MAPPING,SYNTHETIC
7315.13,SKL0032,CNC Operation,RELEVANT,3,SYNTHETIC_DEMO_MAPPING,SYNTHETIC
7315.13,SKL0035,Quality Control,RELEVANT,2,SYNTHETIC_DEMO_MAPPING,SYNTHETIC
7315.14,SKL0038,CNC Turning,RELEVANT,1,SYNTHETIC_DEMO_MAPPING,SYNTHETIC
7315.14,SKL0039,CNC Milling,RELEVANT,1,SYNTHETIC_DEMO_MAPPING,SYNTHETIC
7315.14,SKL0098,English Communication,RELEVANT,1,SYNTHETIC_DEMO_MAPPING,SYNTHETIC
7315.14,SKL0092,Communication,RELEVANT,1,SYNTHETIC_DEMO_MAPPING,SYNTHETIC
7315.15,SKL0028,Electrical Testing,RELEVANT,1,SYNTHETIC_DEMO_MAPPING,SYNTHETIC
7315.15,SKL0030,AutoCAD Electrical,RELEVANT,3,SYNTHETIC_DEMO_MAPPING,SYNTHETIC
7315.15,SKL0023,Embedded Systems,RELEVANT,4,SYNTHETIC_DEMO_MAPPING,SYNTHETIC
7315.15,SKL0042,SolidWorks,RELEVANT,3,SYNTHETIC_DEMO_MAPPING,SYNTHETIC
7315.15,SKL0033,Machine Maintenance,RELEVANT,1,SYNTHETIC_DEMO_MAPPING,SYNTHETIC
7315.16,SKL0091,Route Planning,RELEVANT,1,SYNTHETIC_DEMO_MAPPING,SYNTHETIC
7315.16,SKL0086,Inventory Management,RELEVANT,3,SYNTHETIC_DEMO_MAPPING,SYNTHETIC
7315.16,SKL0085,Warehouse Management,RELEVANT,2,SYNTHETIC_DEMO_MAPPING,SYNTHETIC
7315.17,SKL0034,Welding,RELEVANT,2,SYNTHETIC_DEMO_MAPPING,SYNTHETIC
7315.17,SKL0033,Machine Maintenance,RELEVANT,2,SYNTHETIC_DEMO_MAPPING,SYNTHETIC
7315.17,SKL0038,CNC Turning,RELEVANT,2,SYNTHETIC_DEMO_MAPPING,SYNTHETIC
7315.17,SKL0037,Production Planning,RELEVANT,1,SYNTHETIC_DEMO_MAPPING,SYNTHETIC
7315.18,SKL0094,Microsoft Excel,RELEVANT,3,SYNTHETIC_DEMO_MAPPING,SYNTHETIC
7315.18,SKL0092,Communication,RELEVANT,4,SYNTHETIC_DEMO_MAPPING,SYNTHETIC
7315.18,SKL0093,Problem Solving,RELEVANT,2,SYNTHETIC_DEMO_MAPPING,SYNTHETIC
7315.18,SKL0095,Workplace Safety,RELEVANT,2,SYNTHETIC_DEMO_MAPPING,SYNTHETIC
7315.18,SKL0098,English Communication,RELEVANT,1,SYNTHETIC_DEMO_MAPPING,SYNTHETIC
7315.19,SKL0092,Communication,RELEVANT,4,SYNTHETIC_DEMO_MAPPING,SYNTHETIC
7315.19,SKL0097,Team Management,RELEVANT,2,SYNTHETIC_DEMO_MAPPING,SYNTHETIC
7315.19,SKL0096,Digital Literacy,RELEVANT,3,SYNTHETIC_DEMO_MAPPING,SYNTHETIC
7315.19,SKL0098,English Communication,RELEVANT,4,SYNTHETIC_DEMO_MAPPING,SYNTHETIC
7315.19,SKL0094,Microsoft Excel,RELEVANT,4,SYNTHETIC_DEMO_MAPPING,SYNTHETIC
7315.2,SKL0037,Production Planning,RELEVANT,4,SYNTHETIC_DEMO_MAPPING,SYNTHETIC
7315.2,SKL0031,CNC Programming,RELEVANT,4,SYNTHETIC_DEMO_MAPPING,SYNTHETIC
7315.2,SKL0033,Machine Maintenance,RELEVANT,2,SYNTHETIC_DEMO_MAPPING,SYNTHETIC
7315.2,SKL0042,SolidWorks,RELEVANT,3,SYNTHETIC_DEMO_MAPPING,SYNTHETIC
7315.2,SKL0041,AutoCAD,RELEVANT,2,SYNTHETIC_DEMO_MAPPING,SYNTHETIC
7315.21,SKL0092,Communication,RELEVANT,2,SYNTHETIC_DEMO_MAPPING,SYNTHETIC
7315.21,SKL0093,Problem Solving,RELEVANT,4,SYNTHETIC_DEMO_MAPPING,SYNTHETIC
7315.21,SKL0094,Microsoft Excel,RELEVANT,4,SYNTHETIC_DEMO_MAPPING,SYNTHETIC
7315.21,SKL0097,Team Management,RELEVANT,3,SYNTHETIC_DEMO_MAPPING,SYNTHETIC
7315.21,SKL0096,Digital Literacy,RELEVANT,3,SYNTHETIC_DEMO_MAPPING,SYNTHETIC
7315.22,SKL0093,Problem Solving,RELEVANT,3,SYNTHETIC_DEMO_MAPPING,SYNTHETIC
7315.22,SKL0031,CNC Programming,RELEVANT,4,SYNTHETIC_DEMO_MAPPING,SYNTHETIC
7315.22,SKL0097,Team Management,RELEVANT,3,SYNTHETIC_DEMO_MAPPING,SYNTHETIC
7315.22,SKL0039,CNC Milling,RELEVANT,4,SYNTHETIC_DEMO_MAPPING,SYNTHETIC
7315.23,SKL0041,AutoCAD,RELEVANT,1,SYNTHETIC_DEMO_MAPPING,SYNTHETIC
7315.23,SKL0032,CNC Operation,RELEVANT,1,SYNTHETIC_DEMO_MAPPING,SYNTHETIC
7315.23,SKL0042,SolidWorks,RELEVANT,2,SYNTHETIC_DEMO_MAPPING,SYNTHETIC
7315.23,SKL0033,Machine Maintenance,RELEVANT,2,SYNTHETIC_DEMO_MAPPING,SYNTHETIC
7315.23,SKL0035,Quality Control,RELEVANT,2,SYNTHETIC_DEMO_MAPPING,SYNTHETIC
7315.24,SKL0025,Industrial Automation,RELEVANT,2,SYNTHETIC_DEMO_MAPPING,SYNTHETIC
7315.24,SKL0022,SCADA,RELEVANT,1,SYNTHETIC_DEMO_MAPPING,SYNTHETIC
7315.24,SKL0095,Workplace Safety,RELEVANT,3,SYNTHETIC_DEMO_MAPPING,SYNTHETIC
7315.24,SKL0094,Microsoft Excel,RELEVANT,4,SYNTHETIC_DEMO_MAPPING,SYNTHETIC
7315.99,SKL0097,Team Management,RELEVANT,2,SYNTHETIC_DEMO_MAPPING,SYNTHETIC
7315.99,SKL0092,Communication,RELEVANT,2,SYNTHETIC_DEMO_MAPPING,SYNTHETIC
7315.99,SKL0093,Problem Solving,RELEVANT,4,SYNTHETIC_DEMO_MAPPING,SYNTHETIC
7315.99,SKL0094,Microsoft Excel,RELEVANT,4,SYNTHETIC_DEMO_MAPPING,SYNTHETIC
7315.99,SKL0098,English Communication,RELEVANT,1,SYNTHETIC_DEMO_MAPPING,SYNTHETIC
7316.01,SKL0040,Mechanical Assembly,RELEVANT,2,SYNTHETIC_DEMO_MAPPING,SYNTHETIC
7316.01,SKL0041,AutoCAD,RELEVANT,3,SYNTHETIC_DEMO_MAPPING,SYNTHETIC
7316.01,SKL0036,Lean Manufacturing,RELEVANT,2,SYNTHETIC_DEMO_MAPPING,SYNTHETIC
7316.01,SKL0093,Problem Solving,RELEVANT,1,SYNTHETIC_DEMO_MAPPING,SYNTHETIC
7316.01,SKL0042,SolidWorks,RELEVANT,1,SYNTHETIC_DEMO_MAPPING,SYNTHETIC
7316.02,SKL0096,Digital Literacy,RELEVANT,2,SYNTHETIC_DEMO_MAPPING,SYNTHETIC
7316.02,SKL0098,English Communication,RELEVANT,1,SYNTHETIC_DEMO_MAPPING,SYNTHETIC
7316.02,SKL0097,Team Management,RELEVANT,3,SYNTHETIC_DEMO_MAPPING,SYNTHETIC
7316.02,SKL0093,Problem Solving,RELEVANT,1,SYNTHETIC_DEMO_MAPPING,SYNTHETIC
7316.02,SKL0092,Communication,RELEVANT,1,SYNTHETIC_DEMO_MAPPING,SYNTHETIC
7316.03,SKL0033,Machine Maintenance,RELEVANT,3,SYNTHETIC_DEMO_MAPPING,SYNTHETIC
7316.03,SKL0040,Mechanical Assembly,RELEVANT,2,SYNTHETIC_DEMO_MAPPING,SYNTHETIC
7316.04,SKL0028,Electrical Testing,RELEVANT,2,SYNTHETIC_DEMO_MAPPING,SYNTHETIC
7316.04,SKL0027,Sensors,RELEVANT,4,SYNTHETIC_DEMO_MAPPING,SYNTHETIC
7316.04,SKL0021,PLC,RELEVANT,4,SYNTHETIC_DEMO_MAPPING,SYNTHETIC
7316.04,SKL0095,Workplace Safety,RELEVANT,3,SYNTHETIC_DEMO_MAPPING,SYNTHETIC
7316.04,SKL0096,Digital Literacy,RELEVANT,2,SYNTHETIC_DEMO_MAPPING,SYNTHETIC
7316.05,SKL0096,Digital Literacy,RELEVANT,2,SYNTHETIC_DEMO_MAPPING,SYNTHETIC
7316.05,SKL0094,Microsoft Excel,RELEVANT,2,SYNTHETIC_DEMO_MAPPING,SYNTHETIC
7316.05,SKL0097,Team Management,RELEVANT,3,SYNTHETIC_DEMO_MAPPING,SYNTHETIC
7316.05,SKL0092,Communication,RELEVANT,2,SYNTHETIC_DEMO_MAPPING,SYNTHETIC
7316.05,SKL0098,English Communication,RELEVANT,3,SYNTHETIC_DEMO_MAPPING,SYNTHETIC
7316.06,SKL0098,English Communication,RELEVANT,3,SYNTHETIC_DEMO_MAPPING,SYNTHETIC
7316.06,SKL0095,Workplace Safety,RELEVANT,4,SYNTHETIC_DEMO_MAPPING,SYNTHETIC
7316.06,SKL0093,Problem Solving,RELEVANT,3,SYNTHETIC_DEMO_MAPPING,SYNTHETIC
7316.06,SKL0097,Team Management,RELEVANT,3,SYNTHETIC_DEMO_MAPPING,SYNTHETIC
7316.07,SKL0095,Workplace Safety,RELEVANT,2,SYNTHETIC_DEMO_MAPPING,SYNTHETIC
7316.07,SKL0094,Microsoft Excel,RELEVANT,2,SYNTHETIC_DEMO_MAPPING,SYNTHETIC
7316.08,SKL0097,Team Management,RELEVANT,4,SYNTHETIC_DEMO_MAPPING,SYNTHETIC
7316.08,SKL0095,Workplace Safety,RELEVANT,4,SYNTHETIC_DEMO_MAPPING,SYNTHETIC
7316.08,SKL0092,Communication,RELEVANT,4,SYNTHETIC_DEMO_MAPPING,SYNTHETIC
7316.09,SKL0098,English Communication,RELEVANT,1,SYNTHETIC_DEMO_MAPPING,SYNTHETIC
7316.09,SKL0097,Team Management,RELEVANT,1,SYNTHETIC_DEMO_MAPPING,SYNTHETIC
7316.09,SKL0095,Workplace Safety,RELEVANT,4,SYNTHETIC_DEMO_MAPPING,SYNTHETIC
7316.09,SKL0092,Communication,RELEVANT,3,SYNTHETIC_DEMO_MAPPING,SYNTHETIC
7316.09,SKL0096,Digital Literacy,RELEVANT,1,SYNTHETIC_DEMO_MAPPING,SYNTHETIC
7316.1,SKL0092,Communication,RELEVANT,4,SYNTHETIC_DEMO_MAPPING,SYNTHETIC
7316.1,SKL0097,Team Management,RELEVANT,2,SYNTHETIC_DEMO_MAPPING,SYNTHETIC
7316.1,SKL0094,Microsoft Excel,RELEVANT,2,SYNTHETIC_DEMO_MAPPING,SYNTHETIC
7316.1,SKL0096,Digital Literacy,RELEVANT,2,SYNTHETIC_DEMO_MAPPING,SYNTHETIC
7316.1,SKL0098,English Communication,RELEVANT,2,SYNTHETIC_DEMO_MAPPING,SYNTHETIC
7316.11,SKL0092,Communication,RELEVANT,4,SYNTHETIC_DEMO_MAPPING,SYNTHETIC
7316.11,SKL0097,Team Management,RELEVANT,3,SYNTHETIC_DEMO_MAPPING,SYNTHETIC
7316.12,SKL0095,Workplace Safety,RELEVANT,3,SYNTHETIC_DEMO_MAPPING,SYNTHETIC
7316.12,SKL0092,Communication,RELEVANT,3,SYNTHETIC_DEMO_MAPPING,SYNTHETIC
7316.12,SKL0096,Digital Literacy,RELEVANT,2,SYNTHETIC_DEMO_MAPPING,SYNTHETIC
7316.12,SKL0093,Problem Solving,RELEVANT,4,SYNTHETIC_DEMO_MAPPING,SYNTHETIC
7317.01,SKL0036,Lean Manufacturing,RELEVANT,3,SYNTHETIC_DEMO_MAPPING,SYNTHETIC
7317.01,SKL0034,Welding,RELEVANT,2,SYNTHETIC_DEMO_MAPPING,SYNTHETIC
7317.03,SKL0097,Team Management,RELEVANT,2,SYNTHETIC_DEMO_MAPPING,SYNTHETIC
7317.03,SKL0056,Construction Safety,RELEVANT,4,SYNTHETIC_DEMO_MAPPING,SYNTHETIC
7317.03,SKL0095,Workplace Safety,RELEVANT,1,SYNTHETIC_DEMO_MAPPING,SYNTHETIC
7317.04,SKL0038,CNC Turning,RELEVANT,2,SYNTHETIC_DEMO_MAPPING,SYNTHETIC
7317.04,SKL0094,Microsoft Excel,RELEVANT,2,SYNTHETIC_DEMO_MAPPING,SYNTHETIC
7317.04,SKL0034,Welding,RELEVANT,1,SYNTHETIC_DEMO_MAPPING,SYNTHETIC
7317.04,SKL0036,Lean Manufacturing,RELEVANT,2,SYNTHETIC_DEMO_MAPPING,SYNTHETIC
7317.04,SKL0092,Communication,RELEVANT,3,SYNTHETIC_DEMO_MAPPING,SYNTHETIC
7317.05,SKL0031,CNC Programming,RELEVANT,4,SYNTHETIC_DEMO_MAPPING,SYNTHETIC
7317.05,SKL0043,Automotive Diagnostics,RELEVANT,3,SYNTHETIC_DEMO_MAPPING,SYNTHETIC
7317.05,SKL0039,CNC Milling,RELEVANT,1,SYNTHETIC_DEMO_MAPPING,SYNTHETIC
7317.05,SKL0036,Lean Manufacturing,RELEVANT,4,SYNTHETIC_DEMO_MAPPING,SYNTHETIC
7317.06,SKL0098,English Communication,RELEVANT,1,SYNTHETIC_DEMO_MAPPING,SYNTHETIC
7317.06,SKL0092,Communication,RELEVANT,3,SYNTHETIC_DEMO_MAPPING,SYNTHETIC
7317.06,SKL0095,Workplace Safety,RELEVANT,4,SYNTHETIC_DEMO_MAPPING,SYNTHETIC
7317.06,SKL0097,Team Management,RELEVANT,3,SYNTHETIC_DEMO_MAPPING,SYNTHETIC
7317.07,SKL0036,Lean Manufacturing,RELEVANT,1,SYNTHETIC_DEMO_MAPPING,SYNTHETIC
7317.07,SKL0092,Communication,RELEVANT,2,SYNTHETIC_DEMO_MAPPING,SYNTHETIC
7317.07,SKL0093,Problem Solving,RELEVANT,1,SYNTHETIC_DEMO_MAPPING,SYNTHETIC
7317.08,SKL0097,Team Management,RELEVANT,3,SYNTHETIC_DEMO_MAPPING,SYNTHETIC
7317.08,SKL0098,English Communication,RELEVANT,2,SYNTHETIC_DEMO_MAPPING,SYNTHETIC
7317.08,SKL0093,Problem Solving,RELEVANT,1,SYNTHETIC_DEMO_MAPPING,SYNTHETIC
7317.08,SKL0096,Digital Literacy,RELEVANT,2,SYNTHETIC_DEMO_MAPPING,SYNTHETIC
7317.08,SKL0094,Microsoft Excel,RELEVANT,4,SYNTHETIC_DEMO_MAPPING,SYNTHETIC
7317.09,SKL0092,Communication,RELEVANT,2,SYNTHETIC_DEMO_MAPPING,SYNTHETIC
7317.09,SKL0096,Digital Literacy,RELEVANT,1,SYNTHETIC_DEMO_MAPPING,SYNTHETIC
7317.09,SKL0093,Problem Solving,RELEVANT,2,SYNTHETIC_DEMO_MAPPING,SYNTHETIC
7317.09,SKL0098,English Communication,RELEVANT,2,SYNTHETIC_DEMO_MAPPING,SYNTHETIC
7317.1,SKL0093,Problem Solving,RELEVANT,3,SYNTHETIC_DEMO_MAPPING,SYNTHETIC
7317.1,SKL0094,Microsoft Excel,RELEVANT,2,SYNTHETIC_DEMO_MAPPING,SYNTHETIC
7317.1,SKL0098,English Communication,RELEVANT,1,SYNTHETIC_DEMO_MAPPING,SYNTHETIC
7317.11,SKL0096,Digital Literacy,RELEVANT,2,SYNTHETIC_DEMO_MAPPING,SYNTHETIC
7317.11,SKL0094,Microsoft Excel,RELEVANT,1,SYNTHETIC_DEMO_MAPPING,SYNTHETIC
7317.11,SKL0095,Workplace Safety,RELEVANT,3,SYNTHETIC_DEMO_MAPPING,SYNTHETIC
7317.12,SKL0097,Team Management,RELEVANT,2,SYNTHETIC_DEMO_MAPPING,SYNTHETIC
7317.12,SKL0093,Problem Solving,RELEVANT,2,SYNTHETIC_DEMO_MAPPING,SYNTHETIC
7317.12,SKL0098,English Communication,RELEVANT,1,SYNTHETIC_DEMO_MAPPING,SYNTHETIC
7317.12,SKL0095,Workplace Safety,RELEVANT,1,SYNTHETIC_DEMO_MAPPING,SYNTHETIC
7317.12,SKL0092,Communication,RELEVANT,3,SYNTHETIC_DEMO_MAPPING,SYNTHETIC
7317.13,SKL0038,CNC Turning,RELEVANT,2,SYNTHETIC_DEMO_MAPPING,SYNTHETIC
7317.13,SKL0033,Machine Maintenance,RELEVANT,1,SYNTHETIC_DEMO_MAPPING,SYNTHETIC
7317.13,SKL0095,Workplace Safety,RELEVANT,3,SYNTHETIC_DEMO_MAPPING,SYNTHETIC
7317.14,SKL0095,Workplace Safety,RELEVANT,1,SYNTHETIC_DEMO_MAPPING,SYNTHETIC
7317.14,SKL0093,Problem Solving,RELEVANT,4,SYNTHETIC_DEMO_MAPPING,SYNTHETIC
7317.14,SKL0097,Team Management,RELEVANT,2,SYNTHETIC_DEMO_MAPPING,SYNTHETIC
7317.14,SKL0092,Communication,RELEVANT,4,SYNTHETIC_DEMO_MAPPING,SYNTHETIC
7317.99,SKL0096,Digital Literacy,RELEVANT,1,SYNTHETIC_DEMO_MAPPING,SYNTHETIC
7317.99,SKL0097,Team Management,RELEVANT,2,SYNTHETIC_DEMO_MAPPING,SYNTHETIC
7317.99,SKL0093,Problem Solving,RELEVANT,4,SYNTHETIC_DEMO_MAPPING,SYNTHETIC
7317.99,SKL0094,Microsoft Excel,RELEVANT,3,SYNTHETIC_DEMO_MAPPING,SYNTHETIC
7317.99,SKL0095,Workplace Safety,RELEVANT,4,SYNTHETIC_DEMO_MAPPING,SYNTHETIC
7318.01,SKL0097,Team Management,RELEVANT,4,SYNTHETIC_DEMO_MAPPING,SYNTHETIC
7318.01,SKL0095,Workplace Safety,RELEVANT,2,SYNTHETIC_DEMO_MAPPING,SYNTHETIC
7318.01,SKL0094,Microsoft Excel,RELEVANT,4,SYNTHETIC_DEMO_MAPPING,SYNTHETIC
7318.01,SKL0096,Digital Literacy,RELEVANT,4,SYNTHETIC_DEMO_MAPPING,SYNTHETIC
7318.02,SKL0092,Communication,RELEVANT,1,SYNTHETIC_DEMO_MAPPING,SYNTHETIC
7318.02,SKL0036,Lean Manufacturing,RELEVANT,3,SYNTHETIC_DEMO_MAPPING,SYNTHETIC
7318.02,SKL0035,Quality Control,RELEVANT,3,SYNTHETIC_DEMO_MAPPING,SYNTHETIC
7318.03,SKL0092,Communication,RELEVANT,3,SYNTHETIC_DEMO_MAPPING,SYNTHETIC
7318.03,SKL0096,Digital Literacy,RELEVANT,3,SYNTHETIC_DEMO_MAPPING,SYNTHETIC
7318.03,SKL0094,Microsoft Excel,RELEVANT,2,SYNTHETIC_DEMO_MAPPING,SYNTHETIC
7318.03,SKL0098,English Communication,RELEVANT,2,SYNTHETIC_DEMO_MAPPING,SYNTHETIC
7318.04,SKL0092,Communication,RELEVANT,4,SYNTHETIC_DEMO_MAPPING,SYNTHETIC
7318.04,SKL0096,Digital Literacy,RELEVANT,1,SYNTHETIC_DEMO_MAPPING,SYNTHETIC
7318.04,SKL0034,Welding,RELEVANT,2,SYNTHETIC_DEMO_MAPPING,SYNTHETIC
7318.04,SKL0036,Lean Manufacturing,RELEVANT,1,SYNTHETIC_DEMO_MAPPING,SYNTHETIC
7318.05,SKL0098,English Communication,RELEVANT,2,SYNTHETIC_DEMO_MAPPING,SYNTHETIC
7318.05,SKL0097,Team Management,RELEVANT,2,SYNTHETIC_DEMO_MAPPING,SYNTHETIC
7318.06,SKL0093,Problem Solving,RELEVANT,4,SYNTHETIC_DEMO_MAPPING,SYNTHETIC
7318.06,SKL0094,Microsoft Excel,RELEVANT,2,SYNTHETIC_DEMO_MAPPING,SYNTHETIC
7318.06,SKL0098,English Communication,RELEVANT,3,SYNTHETIC_DEMO_MAPPING,SYNTHETIC
7318.06,SKL0095,Workplace Safety,RELEVANT,3,SYNTHETIC_DEMO_MAPPING,SYNTHETIC
7318.08,SKL0042,SolidWorks,RELEVANT,1,SYNTHETIC_DEMO_MAPPING,SYNTHETIC
7318.08,SKL0033,Machine Maintenance,RELEVANT,3,SYNTHETIC_DEMO_MAPPING,SYNTHETIC
7318.08,SKL0034,Welding,RELEVANT,2,SYNTHETIC_DEMO_MAPPING,SYNTHETIC
7318.08,SKL0047,Vehicle Diagnostics,RELEVANT,4,SYNTHETIC_DEMO_MAPPING,SYNTHETIC
7318.09,SKL0097,Team Management,RELEVANT,1,SYNTHETIC_DEMO_MAPPING,SYNTHETIC
7318.09,SKL0094,Microsoft Excel,RELEVANT,2,SYNTHETIC_DEMO_MAPPING,SYNTHETIC
7318.09,SKL0031,CNC Programming,RELEVANT,4,SYNTHETIC_DEMO_MAPPING,SYNTHETIC
7318.09,SKL0032,CNC Operation,RELEVANT,4,SYNTHETIC_DEMO_MAPPING,SYNTHETIC
7318.09,SKL0035,Quality Control,RELEVANT,1,SYNTHETIC_DEMO_MAPPING,SYNTHETIC
7318.1,SKL0096,Digital Literacy,RELEVANT,1,SYNTHETIC_DEMO_MAPPING,SYNTHETIC
7318.1,SKL0098,English Communication,RELEVANT,3,SYNTHETIC_DEMO_MAPPING,SYNTHETIC
7318.1,SKL0093,Problem Solving,RELEVANT,2,SYNTHETIC_DEMO_MAPPING,SYNTHETIC
7318.1,SKL0097,Team Management,RELEVANT,3,SYNTHETIC_DEMO_MAPPING,SYNTHETIC
7318.11,SKL0097,Team Management,RELEVANT,4,SYNTHETIC_DEMO_MAPPING,SYNTHETIC
7318.11,SKL0095,Workplace Safety,RELEVANT,1,SYNTHETIC_DEMO_MAPPING,SYNTHETIC
7318.11,SKL0096,Digital Literacy,RELEVANT,2,SYNTHETIC_DEMO_MAPPING,SYNTHETIC
7318.11,SKL0094,Microsoft Excel,RELEVANT,1,SYNTHETIC_DEMO_MAPPING,SYNTHETIC
7318.12,SKL0097,Team Management,RELEVANT,3,SYNTHETIC_DEMO_MAPPING,SYNTHETIC
7318.12,SKL0095,Workplace Safety,RELEVANT,4,SYNTHETIC_DEMO_MAPPING,SYNTHETIC
7318.12,SKL0092,Communication,RELEVANT,2,SYNTHETIC_DEMO_MAPPING,SYNTHETIC
7318.13,SKL0098,English Communication,RELEVANT,3,SYNTHETIC_DEMO_MAPPING,SYNTHETIC
7318.13,SKL0097,Team Management,RELEVANT,3,SYNTHETIC_DEMO_MAPPING,SYNTHETIC
7318.13,SKL0096,Digital Literacy,RELEVANT,2,SYNTHETIC_DEMO_MAPPING,SYNTHETIC
7318.13,SKL0094,Microsoft Excel,RELEVANT,4,SYNTHETIC_DEMO_MAPPING,SYNTHETIC
7318.15,SKL0031,CNC Programming,RELEVANT,2,SYNTHETIC_DEMO_MAPPING,SYNTHETIC
7318.15,SKL0095,Workplace Safety,RELEVANT,4,SYNTHETIC_DEMO_MAPPING,SYNTHETIC
7318.15,SKL0092,Communication,RELEVANT,4,SYNTHETIC_DEMO_MAPPING,SYNTHETIC
7318.18,SKL0031,CNC Programming,RELEVANT,2,SYNTHETIC_DEMO_MAPPING,SYNTHETIC
7318.18,SKL0096,Digital Literacy,RELEVANT,1,SYNTHETIC_DEMO_MAPPING,SYNTHETIC
7318.19,SKL0042,SolidWorks,RELEVANT,2,SYNTHETIC_DEMO_MAPPING,SYNTHETIC
7318.19,SKL0031,CNC Programming,RELEVANT,2,SYNTHETIC_DEMO_MAPPING,SYNTHETIC
7318.2,SKL0040,Mechanical Assembly,RELEVANT,1,SYNTHETIC_DEMO_MAPPING,SYNTHETIC
7318.2,SKL0033,Machine Maintenance,RELEVANT,3,SYNTHETIC_DEMO_MAPPING,SYNTHETIC
7318.21,SKL0042,SolidWorks,RELEVANT,3,SYNTHETIC_DEMO_MAPPING,SYNTHETIC
7318.21,SKL0095,Workplace Safety,RELEVANT,4,SYNTHETIC_DEMO_MAPPING,SYNTHETIC
7318.21,SKL0098,English Communication,RELEVANT,3,SYNTHETIC_DEMO_MAPPING,SYNTHETIC
7318.21,SKL0036,Lean Manufacturing,RELEVANT,3,SYNTHETIC_DEMO_MAPPING,SYNTHETIC
7318.21,SKL0040,Mechanical Assembly,RELEVANT,2,SYNTHETIC_DEMO_MAPPING,SYNTHETIC
7318.22,SKL0032,CNC Operation,RELEVANT,2,SYNTHETIC_DEMO_MAPPING,SYNTHETIC
7318.22,SKL0038,CNC Turning,RELEVANT,2,SYNTHETIC_DEMO_MAPPING,SYNTHETIC
7318.22,SKL0092,Communication,RELEVANT,4,SYNTHETIC_DEMO_MAPPING,SYNTHETIC
7318.22,SKL0036,Lean Manufacturing,RELEVANT,4,SYNTHETIC_DEMO_MAPPING,SYNTHETIC
7318.23,SKL0097,Team Management,RELEVANT,2,SYNTHETIC_DEMO_MAPPING,SYNTHETIC
7318.23,SKL0092,Communication,RELEVANT,2,SYNTHETIC_DEMO_MAPPING,SYNTHETIC
7318.27,SKL0039,CNC Milling,RELEVANT,1,SYNTHETIC_DEMO_MAPPING,SYNTHETIC
7318.27,SKL0042,SolidWorks,RELEVANT,1,SYNTHETIC_DEMO_MAPPING,SYNTHETIC
7318.27,SKL0037,Production Planning,RELEVANT,1,SYNTHETIC_DEMO_MAPPING,SYNTHETIC
7318.28,SKL0094,Microsoft Excel,RELEVANT,1,SYNTHETIC_DEMO_MAPPING,SYNTHETIC
7318.28,SKL0095,Workplace Safety,RELEVANT,4,SYNTHETIC_DEMO_MAPPING,SYNTHETIC
7318.29,SKL0040,Mechanical Assembly,RELEVANT,4,SYNTHETIC_DEMO_MAPPING,SYNTHETIC
7318.29,SKL0041,AutoCAD,RELEVANT,3,SYNTHETIC_DEMO_MAPPING,SYNTHETIC
7318.29,SKL0097,Team Management,RELEVANT,1,SYNTHETIC_DEMO_MAPPING,SYNTHETIC
7318.34,SKL0040,Mechanical Assembly,RELEVANT,4,SYNTHETIC_DEMO_MAPPING,SYNTHETIC
7318.34,SKL0035,Quality Control,RELEVANT,2,SYNTHETIC_DEMO_MAPPING,SYNTHETIC
7318.34,SKL0033,Machine Maintenance,RELEVANT,3,SYNTHETIC_DEMO_MAPPING,SYNTHETIC
7318.34,SKL0098,English Communication,RELEVANT,2,SYNTHETIC_DEMO_MAPPING,SYNTHETIC
7318.34,SKL0094,Microsoft Excel,RELEVANT,1,SYNTHETIC_DEMO_MAPPING,SYNTHETIC
7318.35,SKL0092,Communication,RELEVANT,2,SYNTHETIC_DEMO_MAPPING,SYNTHETIC
7318.35,SKL0036,Lean Manufacturing,RELEVANT,2,SYNTHETIC_DEMO_MAPPING,SYNTHETIC
7318.35,SKL0033,Machine Maintenance,RELEVANT,4,SYNTHETIC_DEMO_MAPPING,SYNTHETIC
7318.35,SKL0097,Team Management,RELEVANT,1,SYNTHETIC_DEMO_MAPPING,SYNTHETIC
7318.35,SKL0093,Problem Solving,RELEVANT,2,SYNTHETIC_DEMO_MAPPING,SYNTHETIC
7318.36,SKL0032,CNC Operation,RELEVANT,4,SYNTHETIC_DEMO_MAPPING,SYNTHETIC
7318.36,SKL0040,Mechanical Assembly,RELEVANT,4,SYNTHETIC_DEMO_MAPPING,SYNTHETIC
7318.36,SKL0093,Problem Solving,RELEVANT,1,SYNTHETIC_DEMO_MAPPING,SYNTHETIC
7318.36,SKL0035,Quality Control,RELEVANT,4,SYNTHETIC_DEMO_MAPPING,SYNTHETIC
7318.36,SKL0038,CNC Turning,RELEVANT,2,SYNTHETIC_DEMO_MAPPING,SYNTHETIC
7318.37,SKL0092,Communication,RELEVANT,4,SYNTHETIC_DEMO_MAPPING,SYNTHETIC
7318.37,SKL0042,SolidWorks,RELEVANT,2,SYNTHETIC_DEMO_MAPPING,SYNTHETIC
7318.37,SKL0034,Welding,RELEVANT,3,SYNTHETIC_DEMO_MAPPING,SYNTHETIC
7318.37,SKL0094,Microsoft Excel,RELEVANT,2,SYNTHETIC_DEMO_MAPPING,SYNTHETIC
7318.42,SKL0095,Workplace Safety,RELEVANT,3,SYNTHETIC_DEMO_MAPPING,SYNTHETIC
7318.42,SKL0097,Team Management,RELEVANT,4,SYNTHETIC_DEMO_MAPPING,SYNTHETIC
7318.42,SKL0098,English Communication,RELEVANT,2,SYNTHETIC_DEMO_MAPPING,SYNTHETIC
7318.43,SKL0036,Lean Manufacturing,RELEVANT,3,SYNTHETIC_DEMO_MAPPING,SYNTHETIC
7318.43,SKL0031,CNC Programming,RELEVANT,2,SYNTHETIC_DEMO_MAPPING,SYNTHETIC
7318.45,SKL0036,Lean Manufacturing,RELEVANT,2,SYNTHETIC_DEMO_MAPPING,SYNTHETIC
7318.45,SKL0038,CNC Turning,RELEVANT,1,SYNTHETIC_DEMO_MAPPING,SYNTHETIC
7318.45,SKL0093,Problem Solving,RELEVANT,1,SYNTHETIC_DEMO_MAPPING,SYNTHETIC
7318.45,SKL0098,English Communication,RELEVANT,2,SYNTHETIC_DEMO_MAPPING,SYNTHETIC
7318.45,SKL0031,CNC Programming,RELEVANT,2,SYNTHETIC_DEMO_MAPPING,SYNTHETIC
7318.46,SKL0092,Communication,RELEVANT,2,SYNTHETIC_DEMO_MAPPING,SYNTHETIC
7318.46,SKL0097,Team Management,RELEVANT,3,SYNTHETIC_DEMO_MAPPING,SYNTHETIC
7318.47,SKL0031,CNC Programming,RELEVANT,2,SYNTHETIC_DEMO_MAPPING,SYNTHETIC
7318.47,SKL0039,CNC Milling,RELEVANT,3,SYNTHETIC_DEMO_MAPPING,SYNTHETIC
7318.48,SKL0038,CNC Turning,RELEVANT,2,SYNTHETIC_DEMO_MAPPING,SYNTHETIC
7318.48,SKL0093,Problem Solving,RELEVANT,2,SYNTHETIC_DEMO_MAPPING,SYNTHETIC
7318.48,SKL0035,Quality Control,RELEVANT,3,SYNTHETIC_DEMO_MAPPING,SYNTHETIC
7318.48,SKL0033,Machine Maintenance,RELEVANT,2,SYNTHETIC_DEMO_MAPPING,SYNTHETIC
7318.48,SKL0094,Microsoft Excel,RELEVANT,3,SYNTHETIC_DEMO_MAPPING,SYNTHETIC
7318.49,SKL0092,Communication,RELEVANT,4,SYNTHETIC_DEMO_MAPPING,SYNTHETIC
7318.49,SKL0039,CNC Milling,RELEVANT,4,SYNTHETIC_DEMO_MAPPING,SYNTHETIC
7318.5,SKL0095,Workplace Safety,RELEVANT,3,SYNTHETIC_DEMO_MAPPING,SYNTHETIC
7318.5,SKL0092,Communication,RELEVANT,1,SYNTHETIC_DEMO_MAPPING,SYNTHETIC
7318.5,SKL0096,Digital Literacy,RELEVANT,1,SYNTHETIC_DEMO_MAPPING,SYNTHETIC
7318.5,SKL0093,Problem Solving,RELEVANT,3,SYNTHETIC_DEMO_MAPPING,SYNTHETIC
7318.5,SKL0094,Microsoft Excel,RELEVANT,1,SYNTHETIC_DEMO_MAPPING,SYNTHETIC
7318.51,SKL0092,Communication,RELEVANT,3,SYNTHETIC_DEMO_MAPPING,SYNTHETIC
7318.51,SKL0031,CNC Programming,RELEVANT,2,SYNTHETIC_DEMO_MAPPING,SYNTHETIC
7318.51,SKL0033,Machine Maintenance,RELEVANT,1,SYNTHETIC_DEMO_MAPPING,SYNTHETIC
7318.52,SKL0096,Digital Literacy,RELEVANT,4,SYNTHETIC_DEMO_MAPPING,SYNTHETIC
7318.52,SKL0048,Auto Electrical,RELEVANT,3,SYNTHETIC_DEMO_MAPPING,SYNTHETIC
7318.52,SKL0046,EV Battery Maintenance,RELEVANT,4,SYNTHETIC_DEMO_MAPPING,SYNTHETIC
7318.52,SKL0097,Team Management,RELEVANT,3,SYNTHETIC_DEMO_MAPPING,SYNTHETIC
7318.53,SKL0098,English Communication,RELEVANT,2,SYNTHETIC_DEMO_MAPPING,SYNTHETIC
7318.53,SKL0095,Workplace Safety,RELEVANT,4,SYNTHETIC_DEMO_MAPPING,SYNTHETIC
7318.53,SKL0092,Communication,RELEVANT,3,SYNTHETIC_DEMO_MAPPING,SYNTHETIC
7318.53,SKL0093,Problem Solving,RELEVANT,3,SYNTHETIC_DEMO_MAPPING,SYNTHETIC
7318.53,SKL0094,Microsoft Excel,RELEVANT,3,SYNTHETIC_DEMO_MAPPING,SYNTHETIC
7318.55,SKL0094,Microsoft Excel,RELEVANT,3,SYNTHETIC_DEMO_MAPPING,SYNTHETIC
7318.55,SKL0097,Team Management,RELEVANT,4,SYNTHETIC_DEMO_MAPPING,SYNTHETIC
7318.55,SKL0098,English Communication,RELEVANT,2,SYNTHETIC_DEMO_MAPPING,SYNTHETIC
7318.55,SKL0095,Workplace Safety,RELEVANT,2,SYNTHETIC_DEMO_MAPPING,SYNTHETIC
7318.55,SKL0096,Digital Literacy,RELEVANT,3,SYNTHETIC_DEMO_MAPPING,SYNTHETIC
7318.58,SKL0096,Digital Literacy,RELEVANT,4,SYNTHETIC_DEMO_MAPPING,SYNTHETIC
7318.58,SKL0092,Communication,RELEVANT,4,SYNTHETIC_DEMO_MAPPING,SYNTHETIC
7318.58,SKL0094,Microsoft Excel,RELEVANT,2,SYNTHETIC_DEMO_MAPPING,SYNTHETIC
7318.59,SKL0096,Digital Literacy,RELEVANT,1,SYNTHETIC_DEMO_MAPPING,SYNTHETIC
7318.59,SKL0094,Microsoft Excel,RELEVANT,3,SYNTHETIC_DEMO_MAPPING,SYNTHETIC
7318.59,SKL0097,Team Management,RELEVANT,3,SYNTHETIC_DEMO_MAPPING,SYNTHETIC
7318.6,SKL0049,Electric Motor Systems,RELEVANT,2,SYNTHETIC_DEMO_MAPPING,SYNTHETIC
7318.6,SKL0097,Team Management,RELEVANT,2,SYNTHETIC_DEMO_MAPPING,SYNTHETIC
7318.6,SKL0094,Microsoft Excel,RELEVANT,2,SYNTHETIC_DEMO_MAPPING,SYNTHETIC
7318.61,SKL0098,English Communication,RELEVANT,2,SYNTHETIC_DEMO_MAPPING,SYNTHETIC
7318.61,SKL0096,Digital Literacy,RELEVANT,4,SYNTHETIC_DEMO_MAPPING,SYNTHETIC
7318.62,SKL0046,EV Battery Maintenance,RELEVANT,4,SYNTHETIC_DEMO_MAPPING,SYNTHETIC
7318.62,SKL0047,Vehicle Diagnostics,RELEVANT,3,SYNTHETIC_DEMO_MAPPING,SYNTHETIC
7318.62,SKL0093,Problem Solving,RELEVANT,2,SYNTHETIC_DEMO_MAPPING,SYNTHETIC
7318.63,SKL0094,Microsoft Excel,RELEVANT,3,SYNTHETIC_DEMO_MAPPING,SYNTHETIC
7318.63,SKL0095,Workplace Safety,RELEVANT,1,SYNTHETIC_DEMO_MAPPING,SYNTHETIC
7318.64,SKL0094,Microsoft Excel,RELEVANT,2,SYNTHETIC_DEMO_MAPPING,SYNTHETIC
7318.64,SKL0097,Team Management,RELEVANT,4,SYNTHETIC_DEMO_MAPPING,SYNTHETIC
7318.64,SKL0096,Digital Literacy,RELEVANT,4,SYNTHETIC_DEMO_MAPPING,SYNTHETIC
7318.64,SKL0095,Workplace Safety,RELEVANT,2,SYNTHETIC_DEMO_MAPPING,SYNTHETIC
7318.64,SKL0098,English Communication,RELEVANT,2,SYNTHETIC_DEMO_MAPPING,SYNTHETIC
7318.65,SKL0031,CNC Programming,RELEVANT,1,SYNTHETIC_DEMO_MAPPING,SYNTHETIC
7318.65,SKL0041,AutoCAD,RELEVANT,1,SYNTHETIC_DEMO_MAPPING,SYNTHETIC
7318.66,SKL0095,Workplace Safety,RELEVANT,4,SYNTHETIC_DEMO_MAPPING,SYNTHETIC
7318.66,SKL0096,Digital Literacy,RELEVANT,4,SYNTHETIC_DEMO_MAPPING,SYNTHETIC
7318.66,SKL0094,Microsoft Excel,RELEVANT,4,SYNTHETIC_DEMO_MAPPING,SYNTHETIC
7318.67,SKL0096,Digital Literacy,RELEVANT,2,SYNTHETIC_DEMO_MAPPING,SYNTHETIC
7318.67,SKL0094,Microsoft Excel,RELEVANT,4,SYNTHETIC_DEMO_MAPPING,SYNTHETIC
7318.67,SKL0097,Team Management,RELEVANT,2,SYNTHETIC_DEMO_MAPPING,SYNTHETIC
7318.67,SKL0095,Workplace Safety,RELEVANT,1,SYNTHETIC_DEMO_MAPPING,SYNTHETIC
7318.99,SKL0092,Communication,RELEVANT,2,SYNTHETIC_DEMO_MAPPING,SYNTHETIC
7318.99,SKL0094,Microsoft Excel,RELEVANT,2,SYNTHETIC_DEMO_MAPPING,SYNTHETIC
7318.99,SKL0095,Workplace Safety,RELEVANT,4,SYNTHETIC_DEMO_MAPPING,SYNTHETIC
7318.99,SKL0035,Quality Control,RELEVANT,3,SYNTHETIC_DEMO_MAPPING,SYNTHETIC
7318.99,SKL0038,CNC Turning,RELEVANT,3,SYNTHETIC_DEMO_MAPPING,SYNTHETIC
7321.01,SKL0096,Digital Literacy,RELEVANT,4,SYNTHETIC_DEMO_MAPPING,SYNTHETIC
7321.01,SKL0098,English Communication,RELEVANT,4,SYNTHETIC_DEMO_MAPPING,SYNTHETIC
7321.02,SKL0097,Team Management,RELEVANT,3,SYNTHETIC_DEMO_MAPPING,SYNTHETIC
7321.02,SKL0093,Problem Solving,RELEVANT,2,SYNTHETIC_DEMO_MAPPING,SYNTHETIC
7321.02,SKL0094,Microsoft Excel,RELEVANT,1,SYNTHETIC_DEMO_MAPPING,SYNTHETIC
7321.02,SKL0095,Workplace Safety,RELEVANT,1,SYNTHETIC_DEMO_MAPPING,SYNTHETIC
7321.02,SKL0092,Communication,RELEVANT,2,SYNTHETIC_DEMO_MAPPING,SYNTHETIC
7321.03,SKL0094,Microsoft Excel,RELEVANT,4,SYNTHETIC_DEMO_MAPPING,SYNTHETIC
7321.03,SKL0095,Workplace Safety,RELEVANT,1,SYNTHETIC_DEMO_MAPPING,SYNTHETIC
7321.03,SKL0092,Communication,RELEVANT,3,SYNTHETIC_DEMO_MAPPING,SYNTHETIC
7321.04,SKL0037,Production Planning,RELEVANT,3,SYNTHETIC_DEMO_MAPPING,SYNTHETIC
7321.04,SKL0097,Team Management,RELEVANT,3,SYNTHETIC_DEMO_MAPPING,SYNTHETIC
7321.04,SKL0095,Workplace Safety,RELEVANT,3,SYNTHETIC_DEMO_MAPPING,SYNTHETIC
7321.04,SKL0032,CNC Operation,RELEVANT,3,SYNTHETIC_DEMO_MAPPING,SYNTHETIC
7321.04,SKL0038,CNC Turning,RELEVANT,4,SYNTHETIC_DEMO_MAPPING,SYNTHETIC
7321.05,SKL0033,Machine Maintenance,RELEVANT,3,SYNTHETIC_DEMO_MAPPING,SYNTHETIC
7321.05,SKL0034,Welding,RELEVANT,2,SYNTHETIC_DEMO_MAPPING,SYNTHETIC
7321.06,SKL0031,CNC Programming,RELEVANT,3,SYNTHETIC_DEMO_MAPPING,SYNTHETIC
7321.06,SKL0096,Digital Literacy,RELEVANT,1,SYNTHETIC_DEMO_MAPPING,SYNTHETIC
7321.06,SKL0033,Machine Maintenance,RELEVANT,3,SYNTHETIC_DEMO_MAPPING,SYNTHETIC
7321.06,SKL0092,Communication,RELEVANT,2,SYNTHETIC_DEMO_MAPPING,SYNTHETIC
7321.06,SKL0039,CNC Milling,RELEVANT,3,SYNTHETIC_DEMO_MAPPING,SYNTHETIC
7321.07,SKL0096,Digital Literacy,RELEVANT,3,SYNTHETIC_DEMO_MAPPING,SYNTHETIC
7321.07,SKL0040,Mechanical Assembly,RELEVANT,4,SYNTHETIC_DEMO_MAPPING,SYNTHETIC
7321.07,SKL0092,Communication,RELEVANT,4,SYNTHETIC_DEMO_MAPPING,SYNTHETIC
7321.08,SKL0038,CNC Turning,RELEVANT,1,SYNTHETIC_DEMO_MAPPING,SYNTHETIC
7321.08,SKL0045,Battery Management Systems,RELEVANT,2,SYNTHETIC_DEMO_MAPPING,SYNTHETIC
7321.0801,SKL0039,CNC Milling,RELEVANT,3,SYNTHETIC_DEMO_MAPPING,SYNTHETIC
7321.0801,SKL0032,CNC Operation,RELEVANT,1,SYNTHETIC_DEMO_MAPPING,SYNTHETIC
7321.0801,SKL0094,Microsoft Excel,RELEVANT,3,SYNTHETIC_DEMO_MAPPING,SYNTHETIC
7321.0801,SKL0031,CNC Programming,RELEVANT,1,SYNTHETIC_DEMO_MAPPING,SYNTHETIC
7321.0802,SKL0097,Team Management,RELEVANT,4,SYNTHETIC_DEMO_MAPPING,SYNTHETIC
7321.0802,SKL0092,Communication,RELEVANT,1,SYNTHETIC_DEMO_MAPPING,SYNTHETIC
7321.0802,SKL0095,Workplace Safety,RELEVANT,4,SYNTHETIC_DEMO_MAPPING,SYNTHETIC
7321.0802,SKL0098,English Communication,RELEVANT,2,SYNTHETIC_DEMO_MAPPING,SYNTHETIC
7321.0802,SKL0096,Digital Literacy,RELEVANT,4,SYNTHETIC_DEMO_MAPPING,SYNTHETIC
7321.09,SKL0039,CNC Milling,RELEVANT,3,SYNTHETIC_DEMO_MAPPING,SYNTHETIC
7321.09,SKL0035,Quality Control,RELEVANT,4,SYNTHETIC_DEMO_MAPPING,SYNTHETIC
7321.09,SKL0033,Machine Maintenance,RELEVANT,3,SYNTHETIC_DEMO_MAPPING,SYNTHETIC
7321.1,SKL0094,Microsoft Excel,RELEVANT,4,SYNTHETIC_DEMO_MAPPING,SYNTHETIC
7321.1,SKL0033,Machine Maintenance,RELEVANT,4,SYNTHETIC_DEMO_MAPPING,SYNTHETIC
7321.11,SKL0039,CNC Milling,RELEVANT,2,SYNTHETIC_DEMO_MAPPING,SYNTHETIC
7321.11,SKL0095,Workplace Safety,RELEVANT,3,SYNTHETIC_DEMO_MAPPING,SYNTHETIC
7321.11,SKL0096,Digital Literacy,RELEVANT,4,SYNTHETIC_DEMO_MAPPING,SYNTHETIC
7321.11,SKL0098,English Communication,RELEVANT,3,SYNTHETIC_DEMO_MAPPING,SYNTHETIC
7321.11,SKL0092,Communication,RELEVANT,3,SYNTHETIC_DEMO_MAPPING,SYNTHETIC
7321.12,SKL0093,Problem Solving,RELEVANT,4,SYNTHETIC_DEMO_MAPPING,SYNTHETIC
7321.12,SKL0051,Service Operations,RELEVANT,3,SYNTHETIC_DEMO_MAPPING,SYNTHETIC
7321.12,SKL0094,Microsoft Excel,RELEVANT,2,SYNTHETIC_DEMO_MAPPING,SYNTHETIC
7321.13,SKL0097,Team Management,RELEVANT,1,SYNTHETIC_DEMO_MAPPING,SYNTHETIC
7321.13,SKL0098,English Communication,RELEVANT,2,SYNTHETIC_DEMO_MAPPING,SYNTHETIC
7321.14,SKL0031,CNC Programming,RELEVANT,2,SYNTHETIC_DEMO_MAPPING,SYNTHETIC
7321.14,SKL0018,Cybersecurity,RELEVANT,2,SYNTHETIC_DEMO_MAPPING,SYNTHETIC
7321.14,SKL0037,Production Planning,RELEVANT,4,SYNTHETIC_DEMO_MAPPING,SYNTHETIC
7321.14,SKL0038,CNC Turning,RELEVANT,1,SYNTHETIC_DEMO_MAPPING,SYNTHETIC
7321.14,SKL0096,Digital Literacy,RELEVANT,2,SYNTHETIC_DEMO_MAPPING,SYNTHETIC
7321.15,SKL0097,Team Management,RELEVANT,4,SYNTHETIC_DEMO_MAPPING,SYNTHETIC
7321.15,SKL0092,Communication,RELEVANT,4,SYNTHETIC_DEMO_MAPPING,SYNTHETIC
7321.16,SKL0098,English Communication,RELEVANT,1,SYNTHETIC_DEMO_MAPPING,SYNTHETIC
7321.16,SKL0097,Team Management,RELEVANT,3,SYNTHETIC_DEMO_MAPPING,SYNTHETIC
7321.16,SKL0039,CNC Milling,RELEVANT,3,SYNTHETIC_DEMO_MAPPING,SYNTHETIC
7321.17,SKL0090,Logistics Planning,RELEVANT,1,SYNTHETIC_DEMO_MAPPING,SYNTHETIC
7321.17,SKL0091,Route Planning,RELEVANT,4,SYNTHETIC_DEMO_MAPPING,SYNTHETIC
7321.17,SKL0095,Workplace Safety,RELEVANT,2,SYNTHETIC_DEMO_MAPPING,SYNTHETIC
7321.17,SKL0034,Welding,RELEVANT,4,SYNTHETIC_DEMO_MAPPING,SYNTHETIC
7321.99,SKL0027,Sensors,RELEVANT,3,SYNTHETIC_DEMO_MAPPING,SYNTHETIC
7321.99,SKL0030,AutoCAD Electrical,RELEVANT,2,SYNTHETIC_DEMO_MAPPING,SYNTHETIC
7321.99,SKL0022,SCADA,RELEVANT,3,SYNTHETIC_DEMO_MAPPING,SYNTHETIC
7321.99,SKL0025,Industrial Automation,RELEVANT,4,SYNTHETIC_DEMO_MAPPING,SYNTHETIC
7322.01,SKL0038,CNC Turning,RELEVANT,4,SYNTHETIC_DEMO_MAPPING,SYNTHETIC
7322.01,SKL0037,Production Planning,RELEVANT,2,SYNTHETIC_DEMO_MAPPING,SYNTHETIC
7322.02,SKL0038,CNC Turning,RELEVANT,2,SYNTHETIC_DEMO_MAPPING,SYNTHETIC
7322.02,SKL0095,Workplace Safety,RELEVANT,1,SYNTHETIC_DEMO_MAPPING,SYNTHETIC
7322.02,SKL0033,Machine Maintenance,RELEVANT,1,SYNTHETIC_DEMO_MAPPING,SYNTHETIC
7322.03,SKL0093,Problem Solving,RELEVANT,4,SYNTHETIC_DEMO_MAPPING,SYNTHETIC
7322.03,SKL0042,SolidWorks,RELEVANT,4,SYNTHETIC_DEMO_MAPPING,SYNTHETIC
7322.03,SKL0034,Welding,RELEVANT,3,SYNTHETIC_DEMO_MAPPING,SYNTHETIC
7322.03,SKL0036,Lean Manufacturing,RELEVANT,3,SYNTHETIC_DEMO_MAPPING,SYNTHETIC
7322.04,SKL0031,CNC Programming,RELEVANT,3,SYNTHETIC_DEMO_MAPPING,SYNTHETIC
7322.04,SKL0036,Lean Manufacturing,RELEVANT,3,SYNTHETIC_DEMO_MAPPING,SYNTHETIC
7322.05,SKL0098,English Communication,RELEVANT,4,SYNTHETIC_DEMO_MAPPING,SYNTHETIC
7322.05,SKL0031,CNC Programming,RELEVANT,1,SYNTHETIC_DEMO_MAPPING,SYNTHETIC
7322.06,SKL0092,Communication,RELEVANT,1,SYNTHETIC_DEMO_MAPPING,SYNTHETIC
7322.06,SKL0095,Workplace Safety,RELEVANT,4,SYNTHETIC_DEMO_MAPPING,SYNTHETIC
7322.06,SKL0030,AutoCAD Electrical,RELEVANT,3,SYNTHETIC_DEMO_MAPPING,SYNTHETIC
7322.07,SKL0097,Team Management,RELEVANT,2,SYNTHETIC_DEMO_MAPPING,SYNTHETIC
7322.07,SKL0039,CNC Milling,RELEVANT,3,SYNTHETIC_DEMO_MAPPING,SYNTHETIC
7322.07,SKL0093,Problem Solving,RELEVANT,4,SYNTHETIC_DEMO_MAPPING,SYNTHETIC
7322.08,SKL0093,Problem Solving,RELEVANT,2,SYNTHETIC_DEMO_MAPPING,SYNTHETIC
7322.08,SKL0097,Team Management,RELEVANT,4,SYNTHETIC_DEMO_MAPPING,SYNTHETIC
7322.09,SKL0024,PCB Design,RELEVANT,1,SYNTHETIC_DEMO_MAPPING,SYNTHETIC
7322.09,SKL0048,Auto Electrical,RELEVANT,4,SYNTHETIC_DEMO_MAPPING,SYNTHETIC
7322.1,SKL0035,Quality Control,RELEVANT,3,SYNTHETIC_DEMO_MAPPING,SYNTHETIC
7322.1,SKL0031,CNC Programming,RELEVANT,4,SYNTHETIC_DEMO_MAPPING,SYNTHETIC
7322.1,SKL0042,SolidWorks,RELEVANT,4,SYNTHETIC_DEMO_MAPPING,SYNTHETIC
7322.1,SKL0095,Workplace Safety,RELEVANT,3,SYNTHETIC_DEMO_MAPPING,SYNTHETIC
7322.11,SKL0056,Construction Safety,RELEVANT,4,SYNTHETIC_DEMO_MAPPING,SYNTHETIC
7322.11,SKL0004,TypeScript,RELEVANT,3,SYNTHETIC_DEMO_MAPPING,SYNTHETIC
7322.11,SKL0017,Machine Learning,RELEVANT,1,SYNTHETIC_DEMO_MAPPING,SYNTHETIC
7322.11,SKL0093,Problem Solving,RELEVANT,3,SYNTHETIC_DEMO_MAPPING,SYNTHETIC
7322.11,SKL0013,AWS,RELEVANT,4,SYNTHETIC_DEMO_MAPPING,SYNTHETIC
7322.12,SKL0094,Microsoft Excel,RELEVANT,1,SYNTHETIC_DEMO_MAPPING,SYNTHETIC
7322.12,SKL0096,Digital Literacy,RELEVANT,1,SYNTHETIC_DEMO_MAPPING,SYNTHETIC
7322.12,SKL0098,English Communication,RELEVANT,2,SYNTHETIC_DEMO_MAPPING,SYNTHETIC
7322.12,SKL0095,Workplace Safety,RELEVANT,4,SYNTHETIC_DEMO_MAPPING,SYNTHETIC
7322.13,SKL0033,Machine Maintenance,RELEVANT,2,SYNTHETIC_DEMO_MAPPING,SYNTHETIC
7322.13,SKL0094,Microsoft Excel,RELEVANT,4,SYNTHETIC_DEMO_MAPPING,SYNTHETIC
7322.13,SKL0042,SolidWorks,RELEVANT,1,SYNTHETIC_DEMO_MAPPING,SYNTHETIC
7322.13,SKL0031,CNC Programming,RELEVANT,2,SYNTHETIC_DEMO_MAPPING,SYNTHETIC
7322.13,SKL0093,Problem Solving,RELEVANT,4,SYNTHETIC_DEMO_MAPPING,SYNTHETIC
7322.14,SKL0041,AutoCAD,RELEVANT,4,SYNTHETIC_DEMO_MAPPING,SYNTHETIC
7322.14,SKL0096,Digital Literacy,RELEVANT,3,SYNTHETIC_DEMO_MAPPING,SYNTHETIC
7322.15,SKL0015,Power BI,RELEVANT,3,SYNTHETIC_DEMO_MAPPING,SYNTHETIC
7322.15,SKL0003,JavaScript,RELEVANT,2,SYNTHETIC_DEMO_MAPPING,SYNTHETIC
7322.15,SKL0018,Cybersecurity,RELEVANT,1,SYNTHETIC_DEMO_MAPPING,SYNTHETIC
7322.15,SKL0093,Problem Solving,RELEVANT,3,SYNTHETIC_DEMO_MAPPING,SYNTHETIC
7322.16,SKL0040,Mechanical Assembly,RELEVANT,4,SYNTHETIC_DEMO_MAPPING,SYNTHETIC
7322.16,SKL0092,Communication,RELEVANT,3,SYNTHETIC_DEMO_MAPPING,SYNTHETIC
7322.17,SKL0039,CNC Milling,RELEVANT,2,SYNTHETIC_DEMO_MAPPING,SYNTHETIC
7322.17,SKL0048,Auto Electrical,RELEVANT,3,SYNTHETIC_DEMO_MAPPING,SYNTHETIC
7322.17,SKL0092,Communication,RELEVANT,4,SYNTHETIC_DEMO_MAPPING,SYNTHETIC
7322.18,SKL0037,Production Planning,RELEVANT,1,SYNTHETIC_DEMO_MAPPING,SYNTHETIC
7322.18,SKL0095,Workplace Safety,RELEVANT,3,SYNTHETIC_DEMO_MAPPING,SYNTHETIC
7322.18,SKL0092,Communication,RELEVANT,1,SYNTHETIC_DEMO_MAPPING,SYNTHETIC
7322.18,SKL0032,CNC Operation,RELEVANT,1,SYNTHETIC_DEMO_MAPPING,SYNTHETIC
7322.18,SKL0091,Route Planning,RELEVANT,2,SYNTHETIC_DEMO_MAPPING,SYNTHETIC
7322.19,SKL0094,Microsoft Excel,RELEVANT,2,SYNTHETIC_DEMO_MAPPING,SYNTHETIC
7322.19,SKL0036,Lean Manufacturing,RELEVANT,4,SYNTHETIC_DEMO_MAPPING,SYNTHETIC
7322.19,SKL0031,CNC Programming,RELEVANT,1,SYNTHETIC_DEMO_MAPPING,SYNTHETIC
7322.19,SKL0040,Mechanical Assembly,RELEVANT,2,SYNTHETIC_DEMO_MAPPING,SYNTHETIC
7322.2,SKL0040,Mechanical Assembly,RELEVANT,3,SYNTHETIC_DEMO_MAPPING,SYNTHETIC
7322.2,SKL0090,Logistics Planning,RELEVANT,1,SYNTHETIC_DEMO_MAPPING,SYNTHETIC
7322.2,SKL0094,Microsoft Excel,RELEVANT,1,SYNTHETIC_DEMO_MAPPING,SYNTHETIC
7322.2,SKL0095,Workplace Safety,RELEVANT,2,SYNTHETIC_DEMO_MAPPING,SYNTHETIC
7322.2,SKL0012,Docker,RELEVANT,2,SYNTHETIC_DEMO_MAPPING,SYNTHETIC
7322.21,SKL0096,Digital Literacy,RELEVANT,3,SYNTHETIC_DEMO_MAPPING,SYNTHETIC
7322.21,SKL0041,AutoCAD,RELEVANT,2,SYNTHETIC_DEMO_MAPPING,SYNTHETIC
7322.21,SKL0031,CNC Programming,RELEVANT,3,SYNTHETIC_DEMO_MAPPING,SYNTHETIC
7322.21,SKL0038,CNC Turning,RELEVANT,1,SYNTHETIC_DEMO_MAPPING,SYNTHETIC
7322.22,SKL0098,English Communication,RELEVANT,3,SYNTHETIC_DEMO_MAPPING,SYNTHETIC
7322.22,SKL0096,Digital Literacy,RELEVANT,2,SYNTHETIC_DEMO_MAPPING,SYNTHETIC
7322.22,SKL0094,Microsoft Excel,RELEVANT,3,SYNTHETIC_DEMO_MAPPING,SYNTHETIC
7322.23,SKL0085,Warehouse Management,RELEVANT,4,SYNTHETIC_DEMO_MAPPING,SYNTHETIC
7322.23,SKL0033,Machine Maintenance,RELEVANT,3,SYNTHETIC_DEMO_MAPPING,SYNTHETIC
7322.23,SKL0089,Forklift Operation,RELEVANT,1,SYNTHETIC_DEMO_MAPPING,SYNTHETIC
7322.99,SKL0032,CNC Operation,RELEVANT,1,SYNTHETIC_DEMO_MAPPING,SYNTHETIC
7322.99,SKL0098,English Communication,RELEVANT,1,SYNTHETIC_DEMO_MAPPING,SYNTHETIC
7322.99,SKL0097,Team Management,RELEVANT,4,SYNTHETIC_DEMO_MAPPING,SYNTHETIC
7322.99,SKL0095,Workplace Safety,RELEVANT,1,SYNTHETIC_DEMO_MAPPING,SYNTHETIC
7323.01,SKL0093,Problem Solving,RELEVANT,1,SYNTHETIC_DEMO_MAPPING,SYNTHETIC
7323.01,SKL0098,English Communication,RELEVANT,2,SYNTHETIC_DEMO_MAPPING,SYNTHETIC
7323.01,SKL0096,Digital Literacy,RELEVANT,1,SYNTHETIC_DEMO_MAPPING,SYNTHETIC
7323.01,SKL0097,Team Management,RELEVANT,3,SYNTHETIC_DEMO_MAPPING,SYNTHETIC
7323.02,SKL0094,Microsoft Excel,RELEVANT,2,SYNTHETIC_DEMO_MAPPING,SYNTHETIC
7323.02,SKL0096,Digital Literacy,RELEVANT,4,SYNTHETIC_DEMO_MAPPING,SYNTHETIC
7323.03,SKL0050,Automotive CAD,RELEVANT,3,SYNTHETIC_DEMO_MAPPING,SYNTHETIC
7323.03,SKL0046,EV Battery Maintenance,RELEVANT,2,SYNTHETIC_DEMO_MAPPING,SYNTHETIC
7323.03,SKL0092,Communication,RELEVANT,2,SYNTHETIC_DEMO_MAPPING,SYNTHETIC
7323.03,SKL0095,Workplace Safety,RELEVANT,4,SYNTHETIC_DEMO_MAPPING,SYNTHETIC
7323.04,SKL0036,Lean Manufacturing,RELEVANT,4,SYNTHETIC_DEMO_MAPPING,SYNTHETIC
7323.04,SKL0097,Team Management,RELEVANT,1,SYNTHETIC_DEMO_MAPPING,SYNTHETIC
7323.05,SKL0096,Digital Literacy,RELEVANT,3,SYNTHETIC_DEMO_MAPPING,SYNTHETIC
7323.05,SKL0093,Problem Solving,RELEVANT,1,SYNTHETIC_DEMO_MAPPING,SYNTHETIC
7323.05,SKL0097,Team Management,RELEVANT,4,SYNTHETIC_DEMO_MAPPING,SYNTHETIC
7323.05,SKL0094,Microsoft Excel,RELEVANT,2,SYNTHETIC_DEMO_MAPPING,SYNTHETIC
7323.05,SKL0095,Workplace Safety,RELEVANT,4,SYNTHETIC_DEMO_MAPPING,SYNTHETIC
7323.99,SKL0092,Communication,RELEVANT,4,SYNTHETIC_DEMO_MAPPING,SYNTHETIC
7323.99,SKL0095,Workplace Safety,RELEVANT,1,SYNTHETIC_DEMO_MAPPING,SYNTHETIC
7323.99,SKL0094,Microsoft Excel,RELEVANT,3,SYNTHETIC_DEMO_MAPPING,SYNTHETIC
7323.99,SKL0093,Problem Solving,RELEVANT,3,SYNTHETIC_DEMO_MAPPING,SYNTHETIC
7323.99,SKL0097,Team Management,RELEVANT,2,SYNTHETIC_DEMO_MAPPING,SYNTHETIC
7411.01,SKL0082,Post-Harvest Management,RELEVANT,4,SYNTHETIC_DEMO_MAPPING,SYNTHETIC
7411.01,SKL0073,Business Analysis,RELEVANT,2,SYNTHETIC_DEMO_MAPPING,SYNTHETIC
7411.01,SKL0098,English Communication,RELEVANT,4,SYNTHETIC_DEMO_MAPPING,SYNTHETIC
7411.0101,SKL0093,Problem Solving,RELEVANT,3,SYNTHETIC_DEMO_MAPPING,SYNTHETIC
7411.0101,SKL0048,Auto Electrical,RELEVANT,1,SYNTHETIC_DEMO_MAPPING,SYNTHETIC
7411.0101,SKL0021,PLC,RELEVANT,1,SYNTHETIC_DEMO_MAPPING,SYNTHETIC
7411.0102,SKL0043,Automotive Diagnostics,RELEVANT,1,SYNTHETIC_DEMO_MAPPING,SYNTHETIC
7411.0102,SKL0045,Battery Management Systems,RELEVANT,3,SYNTHETIC_DEMO_MAPPING,SYNTHETIC
7411.0102,SKL0026,IoT,RELEVANT,1,SYNTHETIC_DEMO_MAPPING,SYNTHETIC
7411.0102,SKL0025,Industrial Automation,RELEVANT,1,SYNTHETIC_DEMO_MAPPING,SYNTHETIC
7411.0102,SKL0093,Problem Solving,RELEVANT,1,SYNTHETIC_DEMO_MAPPING,SYNTHETIC
7411.02,SKL0021,PLC,RELEVANT,4,SYNTHETIC_DEMO_MAPPING,SYNTHETIC
7411.02,SKL0095,Workplace Safety,RELEVANT,3,SYNTHETIC_DEMO_MAPPING,SYNTHETIC
7411.02,SKL0092,Communication,RELEVANT,2,SYNTHETIC_DEMO_MAPPING,SYNTHETIC
7411.02,SKL0048,Auto Electrical,RELEVANT,4,SYNTHETIC_DEMO_MAPPING,SYNTHETIC
7411.02,SKL0040,Mechanical Assembly,RELEVANT,2,SYNTHETIC_DEMO_MAPPING,SYNTHETIC
7411.0301,SKL0091,Route Planning,RELEVANT,3,SYNTHETIC_DEMO_MAPPING,SYNTHETIC
7411.0301,SKL0092,Communication,RELEVANT,4,SYNTHETIC_DEMO_MAPPING,SYNTHETIC
7411.0301,SKL0045,Battery Management Systems,RELEVANT,1,SYNTHETIC_DEMO_MAPPING,SYNTHETIC
7411.0301,SKL0024,PCB Design,RELEVANT,3,SYNTHETIC_DEMO_MAPPING,SYNTHETIC
7411.0301,SKL0088,Fleet Management,RELEVANT,1,SYNTHETIC_DEMO_MAPPING,SYNTHETIC
7411.05,SKL0088,Fleet Management,RELEVANT,4,SYNTHETIC_DEMO_MAPPING,SYNTHETIC
7411.05,SKL0096,Digital Literacy,RELEVANT,1,SYNTHETIC_DEMO_MAPPING,SYNTHETIC
7411.05,SKL0025,Industrial Automation,RELEVANT,2,SYNTHETIC_DEMO_MAPPING,SYNTHETIC
7411.06,SKL0023,Embedded Systems,RELEVANT,2,SYNTHETIC_DEMO_MAPPING,SYNTHETIC
7411.06,SKL0096,Digital Literacy,RELEVANT,2,SYNTHETIC_DEMO_MAPPING,SYNTHETIC
7411.99,SKL0022,SCADA,RELEVANT,2,SYNTHETIC_DEMO_MAPPING,SYNTHETIC
7411.99,SKL0093,Problem Solving,RELEVANT,4,SYNTHETIC_DEMO_MAPPING,SYNTHETIC
7411.99,SKL0041,AutoCAD,RELEVANT,4,SYNTHETIC_DEMO_MAPPING,SYNTHETIC
7411.99,SKL0024,PCB Design,RELEVANT,2,SYNTHETIC_DEMO_MAPPING,SYNTHETIC
7411.99,SKL0023,Embedded Systems,RELEVANT,2,SYNTHETIC_DEMO_MAPPING,SYNTHETIC
7412.01,SKL0026,IoT,RELEVANT,4,SYNTHETIC_DEMO_MAPPING,SYNTHETIC
7412.01,SKL0089,Forklift Operation,RELEVANT,2,SYNTHETIC_DEMO_MAPPING,SYNTHETIC
7412.01,SKL0094,Microsoft Excel,RELEVANT,4,SYNTHETIC_DEMO_MAPPING,SYNTHETIC
7412.01,SKL0050,Automotive CAD,RELEVANT,3,SYNTHETIC_DEMO_MAPPING,SYNTHETIC
7412.01,SKL0043,Automotive Diagnostics,RELEVANT,1,SYNTHETIC_DEMO_MAPPING,SYNTHETIC
7412.0101,SKL0094,Microsoft Excel,RELEVANT,4,SYNTHETIC_DEMO_MAPPING,SYNTHETIC
7412.0101,SKL0041,AutoCAD,RELEVANT,4,SYNTHETIC_DEMO_MAPPING,SYNTHETIC
7412.0102,SKL0037,Production Planning,RELEVANT,1,SYNTHETIC_DEMO_MAPPING,SYNTHETIC
7412.0102,SKL0034,Welding,RELEVANT,4,SYNTHETIC_DEMO_MAPPING,SYNTHETIC
7412.0103,SKL0040,Mechanical Assembly,RELEVANT,1,SYNTHETIC_DEMO_MAPPING,SYNTHETIC
7412.0103,SKL0049,Electric Motor Systems,RELEVANT,3,SYNTHETIC_DEMO_MAPPING,SYNTHETIC
7412.0103,SKL0024,PCB Design,RELEVANT,4,SYNTHETIC_DEMO_MAPPING,SYNTHETIC
7412.0104,SKL0036,Lean Manufacturing,RELEVANT,3,SYNTHETIC_DEMO_MAPPING,SYNTHETIC
7412.0104,SKL0092,Communication,RELEVANT,3,SYNTHETIC_DEMO_MAPPING,SYNTHETIC
7412.0104,SKL0039,CNC Milling,RELEVANT,1,SYNTHETIC_DEMO_MAPPING,SYNTHETIC
7412.0104,SKL0028,Electrical Testing,RELEVANT,1,SYNTHETIC_DEMO_MAPPING,SYNTHETIC
7412.02,SKL0049,Electric Motor Systems,RELEVANT,3,SYNTHETIC_DEMO_MAPPING,SYNTHETIC
7412.02,SKL0044,EV Systems,RELEVANT,2,SYNTHETIC_DEMO_MAPPING,SYNTHETIC
7412.02,SKL0028,Electrical Testing,RELEVANT,3,SYNTHETIC_DEMO_MAPPING,SYNTHETIC
7412.02,SKL0096,Digital Literacy,RELEVANT,4,SYNTHETIC_DEMO_MAPPING,SYNTHETIC
7412.02,SKL0093,Problem Solving,RELEVANT,3,SYNTHETIC_DEMO_MAPPING,SYNTHETIC
7412.0201,SKL0036,Lean Manufacturing,RELEVANT,2,SYNTHETIC_DEMO_MAPPING,SYNTHETIC
7412.0201,SKL0046,EV Battery Maintenance,RELEVANT,4,SYNTHETIC_DEMO_MAPPING,SYNTHETIC
7412.0201,SKL0031,CNC Programming,RELEVANT,4,SYNTHETIC_DEMO_MAPPING,SYNTHETIC
7412.0202,SKL0050,Automotive CAD,RELEVANT,4,SYNTHETIC_DEMO_MAPPING,SYNTHETIC
7412.0202,SKL0096,Digital Literacy,RELEVANT,1,SYNTHETIC_DEMO_MAPPING,SYNTHETIC
7412.0202,SKL0039,CNC Milling,RELEVANT,2,SYNTHETIC_DEMO_MAPPING,SYNTHETIC
7412.0202,SKL0044,EV Systems,RELEVANT,3,SYNTHETIC_DEMO_MAPPING,SYNTHETIC
7412.0203,SKL0038,CNC Turning,RELEVANT,3,SYNTHETIC_DEMO_MAPPING,SYNTHETIC
7412.0203,SKL0094,Microsoft Excel,RELEVANT,4,SYNTHETIC_DEMO_MAPPING,SYNTHETIC
7412.0203,SKL0033,Machine Maintenance,RELEVANT,4,SYNTHETIC_DEMO_MAPPING,SYNTHETIC
7412.0203,SKL0042,SolidWorks,RELEVANT,1,SYNTHETIC_DEMO_MAPPING,SYNTHETIC
7412.0203,SKL0037,Production Planning,RELEVANT,4,SYNTHETIC_DEMO_MAPPING,SYNTHETIC
7412.03,SKL0024,PCB Design,RELEVANT,1,SYNTHETIC_DEMO_MAPPING,SYNTHETIC
7412.03,SKL0052,Two-Wheeler Service,RELEVANT,4,SYNTHETIC_DEMO_MAPPING,SYNTHETIC
7412.04,SKL0097,Team Management,RELEVANT,4,SYNTHETIC_DEMO_MAPPING,SYNTHETIC
7412.04,SKL0045,Battery Management Systems,RELEVANT,4,SYNTHETIC_DEMO_MAPPING,SYNTHETIC
7412.04,SKL0039,CNC Milling,RELEVANT,1,SYNTHETIC_DEMO_MAPPING,SYNTHETIC
7412.04,SKL0046,EV Battery Maintenance,RELEVANT,2,SYNTHETIC_DEMO_MAPPING,SYNTHETIC
7412.05,SKL0049,Electric Motor Systems,RELEVANT,2,SYNTHETIC_DEMO_MAPPING,SYNTHETIC
7412.05,SKL0044,EV Systems,RELEVANT,4,SYNTHETIC_DEMO_MAPPING,SYNTHETIC
7412.05,SKL0070,GST,RELEVANT,1,SYNTHETIC_DEMO_MAPPING,SYNTHETIC
7412.06,SKL0048,Auto Electrical,RELEVANT,4,SYNTHETIC_DEMO_MAPPING,SYNTHETIC
7412.06,SKL0024,PCB Design,RELEVANT,4,SYNTHETIC_DEMO_MAPPING,SYNTHETIC
7412.06,SKL0088,Fleet Management,RELEVANT,2,SYNTHETIC_DEMO_MAPPING,SYNTHETIC
7412.06,SKL0023,Embedded Systems,RELEVANT,4,SYNTHETIC_DEMO_MAPPING,SYNTHETIC
7412.0701,SKL0052,Two-Wheeler Service,RELEVANT,2,SYNTHETIC_DEMO_MAPPING,SYNTHETIC
7412.0701,SKL0026,IoT,RELEVANT,2,SYNTHETIC_DEMO_MAPPING,SYNTHETIC
7412.0701,SKL0022,SCADA,RELEVANT,1,SYNTHETIC_DEMO_MAPPING,SYNTHETIC
7412.0801,SKL0043,Automotive Diagnostics,RELEVANT,3,SYNTHETIC_DEMO_MAPPING,SYNTHETIC
7412.0801,SKL0098,English Communication,RELEVANT,4,SYNTHETIC_DEMO_MAPPING,SYNTHETIC
7412.0801,SKL0050,Automotive CAD,RELEVANT,1,SYNTHETIC_DEMO_MAPPING,SYNTHETIC
7412.0901,SKL0094,Microsoft Excel,RELEVANT,1,SYNTHETIC_DEMO_MAPPING,SYNTHETIC
7412.0901,SKL0098,English Communication,RELEVANT,3,SYNTHETIC_DEMO_MAPPING,SYNTHETIC
7412.0901,SKL0096,Digital Literacy,RELEVANT,2,SYNTHETIC_DEMO_MAPPING,SYNTHETIC
7412.0901,SKL0092,Communication,RELEVANT,3,SYNTHETIC_DEMO_MAPPING,SYNTHETIC
7412.0901,SKL0095,Workplace Safety,RELEVANT,3,SYNTHETIC_DEMO_MAPPING,SYNTHETIC
7412.1001,SKL0043,Automotive Diagnostics,RELEVANT,1,SYNTHETIC_DEMO_MAPPING,SYNTHETIC
7412.1001,SKL0094,Microsoft Excel,RELEVANT,3,SYNTHETIC_DEMO_MAPPING,SYNTHETIC
7412.1001,SKL0048,Auto Electrical,RELEVANT,3,SYNTHETIC_DEMO_MAPPING,SYNTHETIC
7412.1002,SKL0069,Tally,RELEVANT,1,SYNTHETIC_DEMO_MAPPING,SYNTHETIC
7412.1002,SKL0096,Digital Literacy,RELEVANT,4,SYNTHETIC_DEMO_MAPPING,SYNTHETIC
7412.1002,SKL0073,Business Analysis,RELEVANT,1,SYNTHETIC_DEMO_MAPPING,SYNTHETIC
7412.1002,SKL0074,Digital Marketing,RELEVANT,4,SYNTHETIC_DEMO_MAPPING,SYNTHETIC
7412.99,SKL0050,Automotive CAD,RELEVANT,2,SYNTHETIC_DEMO_MAPPING,SYNTHETIC
7412.99,SKL0023,Embedded Systems,RELEVANT,1,SYNTHETIC_DEMO_MAPPING,SYNTHETIC
7412.99,SKL0038,CNC Turning,RELEVANT,4,SYNTHETIC_DEMO_MAPPING,SYNTHETIC
7412.99,SKL0048,Auto Electrical,RELEVANT,4,SYNTHETIC_DEMO_MAPPING,SYNTHETIC
7412.99,SKL0096,Digital Literacy,RELEVANT,4,SYNTHETIC_DEMO_MAPPING,SYNTHETIC
7413.01,SKL0025,Industrial Automation,RELEVANT,4,SYNTHETIC_DEMO_MAPPING,SYNTHETIC
7413.01,SKL0022,SCADA,RELEVANT,3,SYNTHETIC_DEMO_MAPPING,SYNTHETIC
7413.01,SKL0092,Communication,RELEVANT,4,SYNTHETIC_DEMO_MAPPING,SYNTHETIC
7413.99,SKL0024,PCB Design,RELEVANT,3,SYNTHETIC_DEMO_MAPPING,SYNTHETIC
7413.99,SKL0027,Sensors,RELEVANT,1,SYNTHETIC_DEMO_MAPPING,SYNTHETIC
7419.01,SKL0034,Welding,RELEVANT,2,SYNTHETIC_DEMO_MAPPING,SYNTHETIC
7419.01,SKL0030,AutoCAD Electrical,RELEVANT,3,SYNTHETIC_DEMO_MAPPING,SYNTHETIC
7419.01,SKL0042,SolidWorks,RELEVANT,1,SYNTHETIC_DEMO_MAPPING,SYNTHETIC
7419.01,SKL0033,Machine Maintenance,RELEVANT,2,SYNTHETIC_DEMO_MAPPING,SYNTHETIC
7419.01,SKL0028,Electrical Testing,RELEVANT,4,SYNTHETIC_DEMO_MAPPING,SYNTHETIC
7419.02,SKL0031,CNC Programming,RELEVANT,1,SYNTHETIC_DEMO_MAPPING,SYNTHETIC
7419.02,SKL0048,Auto Electrical,RELEVANT,2,SYNTHETIC_DEMO_MAPPING,SYNTHETIC
7419.02,SKL0097,Team Management,RELEVANT,1,SYNTHETIC_DEMO_MAPPING,SYNTHETIC
7419.02,SKL0034,Welding,RELEVANT,1,SYNTHETIC_DEMO_MAPPING,SYNTHETIC
7419.02,SKL0039,CNC Milling,RELEVANT,2,SYNTHETIC_DEMO_MAPPING,SYNTHETIC
7419.03,SKL0073,Business Analysis,RELEVANT,1,SYNTHETIC_DEMO_MAPPING,SYNTHETIC
7419.03,SKL0035,Quality Control,RELEVANT,4,SYNTHETIC_DEMO_MAPPING,SYNTHETIC
7419.03,SKL0068,Accounting,RELEVANT,2,SYNTHETIC_DEMO_MAPPING,SYNTHETIC
7419.03,SKL0025,Industrial Automation,RELEVANT,3,SYNTHETIC_DEMO_MAPPING,SYNTHETIC
7419.04,SKL0096,Digital Literacy,RELEVANT,4,SYNTHETIC_DEMO_MAPPING,SYNTHETIC
7419.04,SKL0093,Problem Solving,RELEVANT,4,SYNTHETIC_DEMO_MAPPING,SYNTHETIC
7419.04,SKL0033,Machine Maintenance,RELEVANT,3,SYNTHETIC_DEMO_MAPPING,SYNTHETIC
7419.05,SKL0068,Accounting,RELEVANT,1,SYNTHETIC_DEMO_MAPPING,SYNTHETIC
7419.05,SKL0028,Electrical Testing,RELEVANT,4,SYNTHETIC_DEMO_MAPPING,SYNTHETIC
7419.05,SKL0029,Control Systems,RELEVANT,1,SYNTHETIC_DEMO_MAPPING,SYNTHETIC
7419.06,SKL0027,Sensors,RELEVANT,1,SYNTHETIC_DEMO_MAPPING,SYNTHETIC
7419.06,SKL0030,AutoCAD Electrical,RELEVANT,4,SYNTHETIC_DEMO_MAPPING,SYNTHETIC
7419.99,SKL0048,Auto Electrical,RELEVANT,2,SYNTHETIC_DEMO_MAPPING,SYNTHETIC
7419.99,SKL0026,IoT,RELEVANT,1,SYNTHETIC_DEMO_MAPPING,SYNTHETIC
7419.99,SKL0050,Automotive CAD,RELEVANT,3,SYNTHETIC_DEMO_MAPPING,SYNTHETIC
7421.01,SKL0048,Auto Electrical,RELEVANT,1,SYNTHETIC_DEMO_MAPPING,SYNTHETIC
7421.01,SKL0042,SolidWorks,RELEVANT,1,SYNTHETIC_DEMO_MAPPING,SYNTHETIC
7421.01,SKL0038,CNC Turning,RELEVANT,2,SYNTHETIC_DEMO_MAPPING,SYNTHETIC
7421.01,SKL0022,SCADA,RELEVANT,4,SYNTHETIC_DEMO_MAPPING,SYNTHETIC
7421.01,SKL0028,Electrical Testing,RELEVANT,4,SYNTHETIC_DEMO_MAPPING,SYNTHETIC
7421.0101,SKL0036,Lean Manufacturing,RELEVANT,1,SYNTHETIC_DEMO_MAPPING,SYNTHETIC
7421.0101,SKL0038,CNC Turning,RELEVANT,1,SYNTHETIC_DEMO_MAPPING,SYNTHETIC
7421.0101,SKL0050,Automotive CAD,RELEVANT,1,SYNTHETIC_DEMO_MAPPING,SYNTHETIC
7421.02,SKL0049,Electric Motor Systems,RELEVANT,3,SYNTHETIC_DEMO_MAPPING,SYNTHETIC
7421.02,SKL0093,Problem Solving,RELEVANT,2,SYNTHETIC_DEMO_MAPPING,SYNTHETIC
7421.02,SKL0021,PLC,RELEVANT,2,SYNTHETIC_DEMO_MAPPING,SYNTHETIC
7421.03,SKL0005,React,RELEVANT,2,SYNTHETIC_DEMO_MAPPING,SYNTHETIC
7421.03,SKL0038,CNC Turning,RELEVANT,2,SYNTHETIC_DEMO_MAPPING,SYNTHETIC
7421.03,SKL0094,Microsoft Excel,RELEVANT,2,SYNTHETIC_DEMO_MAPPING,SYNTHETIC
7421.0401,SKL0025,Industrial Automation,RELEVANT,1,SYNTHETIC_DEMO_MAPPING,SYNTHETIC
7421.0401,SKL0095,Workplace Safety,RELEVANT,1,SYNTHETIC_DEMO_MAPPING,SYNTHETIC
7421.0401,SKL0051,Service Operations,RELEVANT,4,SYNTHETIC_DEMO_MAPPING,SYNTHETIC
7421.0401,SKL0030,AutoCAD Electrical,RELEVANT,1,SYNTHETIC_DEMO_MAPPING,SYNTHETIC
7421.0501,SKL0049,Electric Motor Systems,RELEVANT,4,SYNTHETIC_DEMO_MAPPING,SYNTHETIC
7421.0501,SKL0022,SCADA,RELEVANT,4,SYNTHETIC_DEMO_MAPPING,SYNTHETIC
7421.0501,SKL0070,GST,RELEVANT,1,SYNTHETIC_DEMO_MAPPING,SYNTHETIC
7421.0501,SKL0096,Digital Literacy,RELEVANT,2,SYNTHETIC_DEMO_MAPPING,SYNTHETIC
7421.0601,SKL0073,Business Analysis,RELEVANT,3,SYNTHETIC_DEMO_MAPPING,SYNTHETIC
7421.0601,SKL0021,PLC,RELEVANT,1,SYNTHETIC_DEMO_MAPPING,SYNTHETIC
7421.0601,SKL0024,PCB Design,RELEVANT,3,SYNTHETIC_DEMO_MAPPING,SYNTHETIC
7421.0701,SKL0029,Control Systems,RELEVANT,1,SYNTHETIC_DEMO_MAPPING,SYNTHETIC
7421.0701,SKL0024,PCB Design,RELEVANT,1,SYNTHETIC_DEMO_MAPPING,SYNTHETIC
7421.0701,SKL0095,Workplace Safety,RELEVANT,2,SYNTHETIC_DEMO_MAPPING,SYNTHETIC
7421.0701,SKL0021,PLC,RELEVANT,3,SYNTHETIC_DEMO_MAPPING,SYNTHETIC
7421.0701,SKL0048,Auto Electrical,RELEVANT,3,SYNTHETIC_DEMO_MAPPING,SYNTHETIC
7421.0801,SKL0023,Embedded Systems,RELEVANT,2,SYNTHETIC_DEMO_MAPPING,SYNTHETIC
7421.0801,SKL0076,Customer Service,RELEVANT,1,SYNTHETIC_DEMO_MAPPING,SYNTHETIC
7421.0801,SKL0029,Control Systems,RELEVANT,3,SYNTHETIC_DEMO_MAPPING,SYNTHETIC
7421.0801,SKL0074,Digital Marketing,RELEVANT,1,SYNTHETIC_DEMO_MAPPING,SYNTHETIC
7421.0901,SKL0050,Automotive CAD,RELEVANT,4,SYNTHETIC_DEMO_MAPPING,SYNTHETIC
7421.0901,SKL0044,EV Systems,RELEVANT,4,SYNTHETIC_DEMO_MAPPING,SYNTHETIC
7421.0901,SKL0052,Two-Wheeler Service,RELEVANT,3,SYNTHETIC_DEMO_MAPPING,SYNTHETIC
7421.0901,SKL0028,Electrical Testing,RELEVANT,4,SYNTHETIC_DEMO_MAPPING,SYNTHETIC
7421.0901,SKL0076,Customer Service,RELEVANT,3,SYNTHETIC_DEMO_MAPPING,SYNTHETIC
7421.1001,SKL0073,Business Analysis,RELEVANT,1,SYNTHETIC_DEMO_MAPPING,SYNTHETIC
7421.1001,SKL0093,Problem Solving,RELEVANT,3,SYNTHETIC_DEMO_MAPPING,SYNTHETIC
7421.1001,SKL0095,Workplace Safety,RELEVANT,4,SYNTHETIC_DEMO_MAPPING,SYNTHETIC
7421.1001,SKL0033,Machine Maintenance,RELEVANT,4,SYNTHETIC_DEMO_MAPPING,SYNTHETIC
7421.1101,SKL0095,Workplace Safety,RELEVANT,3,SYNTHETIC_DEMO_MAPPING,SYNTHETIC
7421.1101,SKL0051,Service Operations,RELEVANT,1,SYNTHETIC_DEMO_MAPPING,SYNTHETIC
7421.1101,SKL0046,EV Battery Maintenance,RELEVANT,2,SYNTHETIC_DEMO_MAPPING,SYNTHETIC
7421.1201,SKL0029,Control Systems,RELEVANT,2,SYNTHETIC_DEMO_MAPPING,SYNTHETIC
7421.1201,SKL0032,CNC Operation,RELEVANT,2,SYNTHETIC_DEMO_MAPPING,SYNTHETIC
7421.1202,SKL0096,Digital Literacy,RELEVANT,1,SYNTHETIC_DEMO_MAPPING,SYNTHETIC
7421.1202,SKL0093,Problem Solving,RELEVANT,3,SYNTHETIC_DEMO_MAPPING,SYNTHETIC
7421.1202,SKL0098,English Communication,RELEVANT,4,SYNTHETIC_DEMO_MAPPING,SYNTHETIC
7421.1202,SKL0025,Industrial Automation,RELEVANT,3,SYNTHETIC_DEMO_MAPPING,SYNTHETIC
7421.1202,SKL0092,Communication,RELEVANT,2,SYNTHETIC_DEMO_MAPPING,SYNTHETIC
7421.1301,SKL0030,AutoCAD Electrical,RELEVANT,1,SYNTHETIC_DEMO_MAPPING,SYNTHETIC
7421.1301,SKL0045,Battery Management Systems,RELEVANT,2,SYNTHETIC_DEMO_MAPPING,SYNTHETIC
7421.1301,SKL0095,Workplace Safety,RELEVANT,2,SYNTHETIC_DEMO_MAPPING,SYNTHETIC
7421.1302,SKL0098,English Communication,RELEVANT,3,SYNTHETIC_DEMO_MAPPING,SYNTHETIC
7421.1302,SKL0096,Digital Literacy,RELEVANT,2,SYNTHETIC_DEMO_MAPPING,SYNTHETIC
7421.1401,SKL0023,Embedded Systems,RELEVANT,2,SYNTHETIC_DEMO_MAPPING,SYNTHETIC
7421.1401,SKL0098,English Communication,RELEVANT,1,SYNTHETIC_DEMO_MAPPING,SYNTHETIC
7421.1401,SKL0028,Electrical Testing,RELEVANT,3,SYNTHETIC_DEMO_MAPPING,SYNTHETIC
7421.1401,SKL0095,Workplace Safety,RELEVANT,1,SYNTHETIC_DEMO_MAPPING,SYNTHETIC
7421.1401,SKL0026,IoT,RELEVANT,2,SYNTHETIC_DEMO_MAPPING,SYNTHETIC
7421.1402,SKL0098,English Communication,RELEVANT,2,SYNTHETIC_DEMO_MAPPING,SYNTHETIC
7421.1402,SKL0028,Electrical Testing,RELEVANT,2,SYNTHETIC_DEMO_MAPPING,SYNTHETIC
7421.1403,SKL0027,Sensors,RELEVANT,3,SYNTHETIC_DEMO_MAPPING,SYNTHETIC
7421.1403,SKL0098,English Communication,RELEVANT,1,SYNTHETIC_DEMO_MAPPING,SYNTHETIC
7421.99,SKL0051,Service Operations,RELEVANT,4,SYNTHETIC_DEMO_MAPPING,SYNTHETIC
7421.99,SKL0093,Problem Solving,RELEVANT,3,SYNTHETIC_DEMO_MAPPING,SYNTHETIC
7421.99,SKL0095,Workplace Safety,RELEVANT,3,SYNTHETIC_DEMO_MAPPING,SYNTHETIC
7421.99,SKL0098,English Communication,RELEVANT,3,SYNTHETIC_DEMO_MAPPING,SYNTHETIC
7422.01,SKL0029,Control Systems,RELEVANT,3,SYNTHETIC_DEMO_MAPPING,SYNTHETIC
7422.01,SKL0098,English Communication,RELEVANT,4,SYNTHETIC_DEMO_MAPPING,SYNTHETIC
7422.02,SKL0032,CNC Operation,RELEVANT,1,SYNTHETIC_DEMO_MAPPING,SYNTHETIC
7422.02,SKL0023,Embedded Systems,RELEVANT,3,SYNTHETIC_DEMO_MAPPING,SYNTHETIC
7422.02,SKL0041,AutoCAD,RELEVANT,1,SYNTHETIC_DEMO_MAPPING,SYNTHETIC
7422.0201,SKL0092,Communication,RELEVANT,3,SYNTHETIC_DEMO_MAPPING,SYNTHETIC
7422.0201,SKL0097,Team Management,RELEVANT,3,SYNTHETIC_DEMO_MAPPING,SYNTHETIC
7422.0201,SKL0093,Problem Solving,RELEVANT,3,SYNTHETIC_DEMO_MAPPING,SYNTHETIC
7422.0201,SKL0096,Digital Literacy,RELEVANT,4,SYNTHETIC_DEMO_MAPPING,SYNTHETIC
7422.0202,SKL0094,Microsoft Excel,RELEVANT,2,SYNTHETIC_DEMO_MAPPING,SYNTHETIC
7422.0202,SKL0052,Two-Wheeler Service,RELEVANT,2,SYNTHETIC_DEMO_MAPPING,SYNTHETIC
7422.0202,SKL0046,EV Battery Maintenance,RELEVANT,2,SYNTHETIC_DEMO_MAPPING,SYNTHETIC
7422.0202,SKL0048,Auto Electrical,RELEVANT,1,SYNTHETIC_DEMO_MAPPING,SYNTHETIC
7422.0203,SKL0045,Battery Management Systems,RELEVANT,2,SYNTHETIC_DEMO_MAPPING,SYNTHETIC
7422.0203,SKL0046,EV Battery Maintenance,RELEVANT,4,SYNTHETIC_DEMO_MAPPING,SYNTHETIC
7422.0204,SKL0022,SCADA,RELEVANT,3,SYNTHETIC_DEMO_MAPPING,SYNTHETIC
7422.0204,SKL0093,Problem Solving,RELEVANT,1,SYNTHETIC_DEMO_MAPPING,SYNTHETIC
7422.0204,SKL0029,Control Systems,RELEVANT,1,SYNTHETIC_DEMO_MAPPING,SYNTHETIC
7422.04,SKL0050,Automotive CAD,RELEVANT,4,SYNTHETIC_DEMO_MAPPING,SYNTHETIC
7422.04,SKL0092,Communication,RELEVANT,1,SYNTHETIC_DEMO_MAPPING,SYNTHETIC
7422.06,SKL0094,Microsoft Excel,RELEVANT,2,SYNTHETIC_DEMO_MAPPING,SYNTHETIC
7422.06,SKL0052,Two-Wheeler Service,RELEVANT,2,SYNTHETIC_DEMO_MAPPING,SYNTHETIC
7422.06,SKL0049,Electric Motor Systems,RELEVANT,2,SYNTHETIC_DEMO_MAPPING,SYNTHETIC
7422.06,SKL0097,Team Management,RELEVANT,3,SYNTHETIC_DEMO_MAPPING,SYNTHETIC
7422.06,SKL0045,Battery Management Systems,RELEVANT,4,SYNTHETIC_DEMO_MAPPING,SYNTHETIC
7422.07,SKL0096,Digital Literacy,RELEVANT,4,SYNTHETIC_DEMO_MAPPING,SYNTHETIC
7422.07,SKL0094,Microsoft Excel,RELEVANT,1,SYNTHETIC_DEMO_MAPPING,SYNTHETIC
7422.07,SKL0092,Communication,RELEVANT,1,SYNTHETIC_DEMO_MAPPING,SYNTHETIC
7422.07,SKL0097,Team Management,RELEVANT,3,SYNTHETIC_DEMO_MAPPING,SYNTHETIC
7422.07,SKL0098,English Communication,RELEVANT,2,SYNTHETIC_DEMO_MAPPING,SYNTHETIC
7422.08,SKL0022,SCADA,RELEVANT,3,SYNTHETIC_DEMO_MAPPING,SYNTHETIC
7422.08,SKL0026,IoT,RELEVANT,1,SYNTHETIC_DEMO_MAPPING,SYNTHETIC
7422.08,SKL0092,Communication,RELEVANT,4,SYNTHETIC_DEMO_MAPPING,SYNTHETIC
7422.0801,SKL0024,PCB Design,RELEVANT,2,SYNTHETIC_DEMO_MAPPING,SYNTHETIC
7422.0801,SKL0095,Workplace Safety,RELEVANT,3,SYNTHETIC_DEMO_MAPPING,SYNTHETIC
7422.0801,SKL0097,Team Management,RELEVANT,3,SYNTHETIC_DEMO_MAPPING,SYNTHETIC
7422.0801,SKL0027,Sensors,RELEVANT,1,SYNTHETIC_DEMO_MAPPING,SYNTHETIC
7422.0802,SKL0092,Communication,RELEVANT,1,SYNTHETIC_DEMO_MAPPING,SYNTHETIC
7422.0802,SKL0096,Digital Literacy,RELEVANT,4,SYNTHETIC_DEMO_MAPPING,SYNTHETIC
7422.09,SKL0093,Problem Solving,RELEVANT,4,SYNTHETIC_DEMO_MAPPING,SYNTHETIC
7422.09,SKL0030,AutoCAD Electrical,RELEVANT,3,SYNTHETIC_DEMO_MAPPING,SYNTHETIC
7422.09,SKL0043,Automotive Diagnostics,RELEVANT,1,SYNTHETIC_DEMO_MAPPING,SYNTHETIC
7422.09,SKL0033,Machine Maintenance,RELEVANT,4,SYNTHETIC_DEMO_MAPPING,SYNTHETIC
7422.09,SKL0046,EV Battery Maintenance,RELEVANT,2,SYNTHETIC_DEMO_MAPPING,SYNTHETIC
7422.1,SKL0096,Digital Literacy,RELEVANT,4,SYNTHETIC_DEMO_MAPPING,SYNTHETIC
7422.1,SKL0032,CNC Operation,RELEVANT,4,SYNTHETIC_DEMO_MAPPING,SYNTHETIC
7422.1,SKL0049,Electric Motor Systems,RELEVANT,1,SYNTHETIC_DEMO_MAPPING,SYNTHETIC
7422.1,SKL0029,Control Systems,RELEVANT,2,SYNTHETIC_DEMO_MAPPING,SYNTHETIC
7422.1,SKL0047,Vehicle Diagnostics,RELEVANT,1,SYNTHETIC_DEMO_MAPPING,SYNTHETIC
7422.1001,SKL0092,Communication,RELEVANT,2,SYNTHETIC_DEMO_MAPPING,SYNTHETIC
7422.1001,SKL0052,Two-Wheeler Service,RELEVANT,1,SYNTHETIC_DEMO_MAPPING,SYNTHETIC
7422.1001,SKL0044,EV Systems,RELEVANT,3,SYNTHETIC_DEMO_MAPPING,SYNTHETIC
7422.1001,SKL0065,Laboratory Techniques,RELEVANT,2,SYNTHETIC_DEMO_MAPPING,SYNTHETIC
7422.1001,SKL0095,Workplace Safety,RELEVANT,1,SYNTHETIC_DEMO_MAPPING,SYNTHETIC
7422.11,SKL0035,Quality Control,RELEVANT,4,SYNTHETIC_DEMO_MAPPING,SYNTHETIC
7422.11,SKL0036,Lean Manufacturing,RELEVANT,4,SYNTHETIC_DEMO_MAPPING,SYNTHETIC
7422.11,SKL0094,Microsoft Excel,RELEVANT,3,SYNTHETIC_DEMO_MAPPING,SYNTHETIC
7422.11,SKL0040,Mechanical Assembly,RELEVANT,1,SYNTHETIC_DEMO_MAPPING,SYNTHETIC
7422.11,SKL0057,Civil Drafting,RELEVANT,4,SYNTHETIC_DEMO_MAPPING,SYNTHETIC
7422.12,SKL0051,Service Operations,RELEVANT,1,SYNTHETIC_DEMO_MAPPING,SYNTHETIC
7422.12,SKL0092,Communication,RELEVANT,4,SYNTHETIC_DEMO_MAPPING,SYNTHETIC
7422.12,SKL0094,Microsoft Excel,RELEVANT,3,SYNTHETIC_DEMO_MAPPING,SYNTHETIC
7422.1201,SKL0045,Battery Management Systems,RELEVANT,4,SYNTHETIC_DEMO_MAPPING,SYNTHETIC
7422.1201,SKL0044,EV Systems,RELEVANT,1,SYNTHETIC_DEMO_MAPPING,SYNTHETIC
7422.1202,SKL0050,Automotive CAD,RELEVANT,2,SYNTHETIC_DEMO_MAPPING,SYNTHETIC
7422.1202,SKL0070,GST,RELEVANT,3,SYNTHETIC_DEMO_MAPPING,SYNTHETIC
7422.1202,SKL0074,Digital Marketing,RELEVANT,3,SYNTHETIC_DEMO_MAPPING,SYNTHETIC
7422.1202,SKL0076,Customer Service,RELEVANT,3,SYNTHETIC_DEMO_MAPPING,SYNTHETIC
7422.1202,SKL0071,Financial Analysis,RELEVANT,2,SYNTHETIC_DEMO_MAPPING,SYNTHETIC
7422.1203,SKL0045,Battery Management Systems,RELEVANT,2,SYNTHETIC_DEMO_MAPPING,SYNTHETIC
7422.1203,SKL0043,Automotive Diagnostics,RELEVANT,2,SYNTHETIC_DEMO_MAPPING,SYNTHETIC
7422.1203,SKL0097,Team Management,RELEVANT,4,SYNTHETIC_DEMO_MAPPING,SYNTHETIC
7422.13,SKL0049,Electric Motor Systems,RELEVANT,3,SYNTHETIC_DEMO_MAPPING,SYNTHETIC
7422.13,SKL0043,Automotive Diagnostics,RELEVANT,3,SYNTHETIC_DEMO_MAPPING,SYNTHETIC
7422.13,SKL0023,Embedded Systems,RELEVANT,1,SYNTHETIC_DEMO_MAPPING,SYNTHETIC
7422.1302,SKL0041,AutoCAD,RELEVANT,1,SYNTHETIC_DEMO_MAPPING,SYNTHETIC
7422.1302,SKL0094,Microsoft Excel,RELEVANT,1,SYNTHETIC_DEMO_MAPPING,SYNTHETIC
7422.1302,SKL0030,AutoCAD Electrical,RELEVANT,4,SYNTHETIC_DEMO_MAPPING,SYNTHETIC
7422.1302,SKL0092,Communication,RELEVANT,3,SYNTHETIC_DEMO_MAPPING,SYNTHETIC
7422.14,SKL0092,Communication,RELEVANT,2,SYNTHETIC_DEMO_MAPPING,SYNTHETIC
7422.14,SKL0094,Microsoft Excel,RELEVANT,1,SYNTHETIC_DEMO_MAPPING,SYNTHETIC
7422.14,SKL0096,Digital Literacy,RELEVANT,3,SYNTHETIC_DEMO_MAPPING,SYNTHETIC
7422.14,SKL0021,PLC,RELEVANT,4,SYNTHETIC_DEMO_MAPPING,SYNTHETIC
7422.14,SKL0033,Machine Maintenance,RELEVANT,1,SYNTHETIC_DEMO_MAPPING,SYNTHETIC
7422.15,SKL0024,PCB Design,RELEVANT,1,SYNTHETIC_DEMO_MAPPING,SYNTHETIC
7422.15,SKL0095,Workplace Safety,RELEVANT,3,SYNTHETIC_DEMO_MAPPING,SYNTHETIC
7422.15,SKL0079,Agri Input Management,RELEVANT,4,SYNTHETIC_DEMO_MAPPING,SYNTHETIC
7422.15,SKL0092,Communication,RELEVANT,1,SYNTHETIC_DEMO_MAPPING,SYNTHETIC
7422.15,SKL0089,Forklift Operation,RELEVANT,1,SYNTHETIC_DEMO_MAPPING,SYNTHETIC
7422.16,SKL0047,Vehicle Diagnostics,RELEVANT,2,SYNTHETIC_DEMO_MAPPING,SYNTHETIC
7422.16,SKL0041,AutoCAD,RELEVANT,4,SYNTHETIC_DEMO_MAPPING,SYNTHETIC
7422.16,SKL0031,CNC Programming,RELEVANT,2,SYNTHETIC_DEMO_MAPPING,SYNTHETIC
7422.16,SKL0025,Industrial Automation,RELEVANT,1,SYNTHETIC_DEMO_MAPPING,SYNTHETIC
7422.16,SKL0095,Workplace Safety,RELEVANT,1,SYNTHETIC_DEMO_MAPPING,SYNTHETIC
7422.17,SKL0028,Electrical Testing,RELEVANT,1,SYNTHETIC_DEMO_MAPPING,SYNTHETIC
7422.17,SKL0022,SCADA,RELEVANT,4,SYNTHETIC_DEMO_MAPPING,SYNTHETIC
7422.17,SKL0041,AutoCAD,RELEVANT,2,SYNTHETIC_DEMO_MAPPING,SYNTHETIC
7422.17,SKL0030,AutoCAD Electrical,RELEVANT,2,SYNTHETIC_DEMO_MAPPING,SYNTHETIC
7422.17,SKL0042,SolidWorks,RELEVANT,1,SYNTHETIC_DEMO_MAPPING,SYNTHETIC
7422.1801,SKL0058,Surveying,RELEVANT,1,SYNTHETIC_DEMO_MAPPING,SYNTHETIC
7422.1801,SKL0057,Civil Drafting,RELEVANT,2,SYNTHETIC_DEMO_MAPPING,SYNTHETIC
7422.1801,SKL0060,Structural Analysis,RELEVANT,2,SYNTHETIC_DEMO_MAPPING,SYNTHETIC
7422.1901,SKL0048,Auto Electrical,RELEVANT,1,SYNTHETIC_DEMO_MAPPING,SYNTHETIC
7422.1901,SKL0052,Two-Wheeler Service,RELEVANT,4,SYNTHETIC_DEMO_MAPPING,SYNTHETIC
7422.1901,SKL0092,Communication,RELEVANT,3,SYNTHETIC_DEMO_MAPPING,SYNTHETIC
7422.2001,SKL0050,Automotive CAD,RELEVANT,4,SYNTHETIC_DEMO_MAPPING,SYNTHETIC
7422.2001,SKL0023,Embedded Systems,RELEVANT,2,SYNTHETIC_DEMO_MAPPING,SYNTHETIC
7422.2001,SKL0029,Control Systems,RELEVANT,4,SYNTHETIC_DEMO_MAPPING,SYNTHETIC
7422.2001,SKL0025,Industrial Automation,RELEVANT,2,SYNTHETIC_DEMO_MAPPING,SYNTHETIC
7422.2002,SKL0024,PCB Design,RELEVANT,2,SYNTHETIC_DEMO_MAPPING,SYNTHETIC
7422.2002,SKL0052,Two-Wheeler Service,RELEVANT,3,SYNTHETIC_DEMO_MAPPING,SYNTHETIC
7422.2002,SKL0097,Team Management,RELEVANT,2,SYNTHETIC_DEMO_MAPPING,SYNTHETIC
7422.2101,SKL0095,Workplace Safety,RELEVANT,4,SYNTHETIC_DEMO_MAPPING,SYNTHETIC
7422.2101,SKL0030,AutoCAD Electrical,RELEVANT,3,SYNTHETIC_DEMO_MAPPING,SYNTHETIC
7422.2101,SKL0027,Sensors,RELEVANT,3,SYNTHETIC_DEMO_MAPPING,SYNTHETIC
7422.2101,SKL0047,Vehicle Diagnostics,RELEVANT,4,SYNTHETIC_DEMO_MAPPING,SYNTHETIC
7422.2101,SKL0021,PLC,RELEVANT,4,SYNTHETIC_DEMO_MAPPING,SYNTHETIC
7422.2201,SKL0050,Automotive CAD,RELEVANT,1,SYNTHETIC_DEMO_MAPPING,SYNTHETIC
7422.2201,SKL0044,EV Systems,RELEVANT,4,SYNTHETIC_DEMO_MAPPING,SYNTHETIC
7422.2301,SKL0003,JavaScript,RELEVANT,2,SYNTHETIC_DEMO_MAPPING,SYNTHETIC
7422.2301,SKL0026,IoT,RELEVANT,4,SYNTHETIC_DEMO_MAPPING,SYNTHETIC
7422.3001,SKL0050,Automotive CAD,RELEVANT,1,SYNTHETIC_DEMO_MAPPING,SYNTHETIC
7422.3001,SKL0028,Electrical Testing,RELEVANT,4,SYNTHETIC_DEMO_MAPPING,SYNTHETIC
7422.3001,SKL0021,PLC,RELEVANT,4,SYNTHETIC_DEMO_MAPPING,SYNTHETIC
7422.3001,SKL0043,Automotive Diagnostics,RELEVANT,3,SYNTHETIC_DEMO_MAPPING,SYNTHETIC
7422.3001,SKL0022,SCADA,RELEVANT,1,SYNTHETIC_DEMO_MAPPING,SYNTHETIC
7422.99,SKL0009,PostgreSQL,RELEVANT,3,SYNTHETIC_DEMO_MAPPING,SYNTHETIC
7422.99,SKL0020,Figma,RELEVANT,1,SYNTHETIC_DEMO_MAPPING,SYNTHETIC
7422.99,SKL0050,Automotive CAD,RELEVANT,3,SYNTHETIC_DEMO_MAPPING,SYNTHETIC
7422.99,SKL0096,Digital Literacy,RELEVANT,2,SYNTHETIC_DEMO_MAPPING,SYNTHETIC
7422.99,SKL0008,SQL,RELEVANT,4,SYNTHETIC_DEMO_MAPPING,SYNTHETIC
7511.01,SKL0097,Team Management,RELEVANT,2,SYNTHETIC_DEMO_MAPPING,SYNTHETIC
7511.01,SKL0095,Workplace Safety,RELEVANT,1,SYNTHETIC_DEMO_MAPPING,SYNTHETIC
7511.01,SKL0096,Digital Literacy,RELEVANT,4,SYNTHETIC_DEMO_MAPPING,SYNTHETIC
7511.01,SKL0093,Problem Solving,RELEVANT,3,SYNTHETIC_DEMO_MAPPING,SYNTHETIC
7511.01,SKL0092,Communication,RELEVANT,4,SYNTHETIC_DEMO_MAPPING,SYNTHETIC
7511.02,SKL0095,Workplace Safety,RELEVANT,4,SYNTHETIC_DEMO_MAPPING,SYNTHETIC
7511.02,SKL0098,English Communication,RELEVANT,2,SYNTHETIC_DEMO_MAPPING,SYNTHETIC
7511.03,SKL0034,Welding,RELEVANT,1,SYNTHETIC_DEMO_MAPPING,SYNTHETIC
7511.03,SKL0095,Workplace Safety,RELEVANT,4,SYNTHETIC_DEMO_MAPPING,SYNTHETIC
7511.03,SKL0097,Team Management,RELEVANT,1,SYNTHETIC_DEMO_MAPPING,SYNTHETIC
7511.03,SKL0040,Mechanical Assembly,RELEVANT,2,SYNTHETIC_DEMO_MAPPING,SYNTHETIC
7511.04,SKL0092,Communication,RELEVANT,2,SYNTHETIC_DEMO_MAPPING,SYNTHETIC
7511.04,SKL0096,Digital Literacy,RELEVANT,3,SYNTHETIC_DEMO_MAPPING,SYNTHETIC
7511.04,SKL0093,Problem Solving,RELEVANT,4,SYNTHETIC_DEMO_MAPPING,SYNTHETIC
7511.05,SKL0094,Microsoft Excel,RELEVANT,3,SYNTHETIC_DEMO_MAPPING,SYNTHETIC
7511.05,SKL0096,Digital Literacy,RELEVANT,3,SYNTHETIC_DEMO_MAPPING,SYNTHETIC
7511.05,SKL0097,Team Management,RELEVANT,2,SYNTHETIC_DEMO_MAPPING,SYNTHETIC
7511.05,SKL0093,Problem Solving,RELEVANT,3,SYNTHETIC_DEMO_MAPPING,SYNTHETIC
7511.05,SKL0095,Workplace Safety,RELEVANT,1,SYNTHETIC_DEMO_MAPPING,SYNTHETIC
7511.06,SKL0077,Supply Chain,RELEVANT,3,SYNTHETIC_DEMO_MAPPING,SYNTHETIC
7511.06,SKL0096,Digital Literacy,RELEVANT,2,SYNTHETIC_DEMO_MAPPING,SYNTHETIC
7511.99,SKL0096,Digital Literacy,RELEVANT,3,SYNTHETIC_DEMO_MAPPING,SYNTHETIC
7511.99,SKL0095,Workplace Safety,RELEVANT,2,SYNTHETIC_DEMO_MAPPING,SYNTHETIC
7512.01,SKL0098,English Communication,RELEVANT,1,SYNTHETIC_DEMO_MAPPING,SYNTHETIC
7512.01,SKL0096,Digital Literacy,RELEVANT,3,SYNTHETIC_DEMO_MAPPING,SYNTHETIC
7512.02,SKL0034,Welding,RELEVANT,1,SYNTHETIC_DEMO_MAPPING,SYNTHETIC
7512.02,SKL0092,Communication,RELEVANT,4,SYNTHETIC_DEMO_MAPPING,SYNTHETIC
7512.02,SKL0039,CNC Milling,RELEVANT,1,SYNTHETIC_DEMO_MAPPING,SYNTHETIC
7512.03,SKL0097,Team Management,RELEVANT,2,SYNTHETIC_DEMO_MAPPING,SYNTHETIC
7512.03,SKL0094,Microsoft Excel,RELEVANT,3,SYNTHETIC_DEMO_MAPPING,SYNTHETIC
7512.03,SKL0092,Communication,RELEVANT,1,SYNTHETIC_DEMO_MAPPING,SYNTHETIC
7512.03,SKL0096,Digital Literacy,RELEVANT,3,SYNTHETIC_DEMO_MAPPING,SYNTHETIC
7512.03,SKL0098,English Communication,RELEVANT,1,SYNTHETIC_DEMO_MAPPING,SYNTHETIC
7512.04,SKL0095,Workplace Safety,RELEVANT,4,SYNTHETIC_DEMO_MAPPING,SYNTHETIC
7512.04,SKL0096,Digital Literacy,RELEVANT,2,SYNTHETIC_DEMO_MAPPING,SYNTHETIC
7512.04,SKL0098,English Communication,RELEVANT,2,SYNTHETIC_DEMO_MAPPING,SYNTHETIC
7512.04,SKL0092,Communication,RELEVANT,4,SYNTHETIC_DEMO_MAPPING,SYNTHETIC
7512.04,SKL0097,Team Management,RELEVANT,1,SYNTHETIC_DEMO_MAPPING,SYNTHETIC
7512.05,SKL0093,Problem Solving,RELEVANT,1,SYNTHETIC_DEMO_MAPPING,SYNTHETIC
7512.05,SKL0096,Digital Literacy,RELEVANT,1,SYNTHETIC_DEMO_MAPPING,SYNTHETIC
7512.05,SKL0039,CNC Milling,RELEVANT,4,SYNTHETIC_DEMO_MAPPING,SYNTHETIC
7512.06,SKL0033,Machine Maintenance,RELEVANT,2,SYNTHETIC_DEMO_MAPPING,SYNTHETIC
7512.06,SKL0097,Team Management,RELEVANT,4,SYNTHETIC_DEMO_MAPPING,SYNTHETIC
7512.07,SKL0092,Communication,RELEVANT,4,SYNTHETIC_DEMO_MAPPING,SYNTHETIC
7512.07,SKL0037,Production Planning,RELEVANT,2,SYNTHETIC_DEMO_MAPPING,SYNTHETIC
7512.07,SKL0038,CNC Turning,RELEVANT,3,SYNTHETIC_DEMO_MAPPING,SYNTHETIC
7512.07,SKL0034,Welding,RELEVANT,2,SYNTHETIC_DEMO_MAPPING,SYNTHETIC
7512.08,SKL0040,Mechanical Assembly,RELEVANT,2,SYNTHETIC_DEMO_MAPPING,SYNTHETIC
7512.08,SKL0094,Microsoft Excel,RELEVANT,4,SYNTHETIC_DEMO_MAPPING,SYNTHETIC
7512.09,SKL0065,Laboratory Techniques,RELEVANT,2,SYNTHETIC_DEMO_MAPPING,SYNTHETIC
7512.09,SKL0037,Production Planning,RELEVANT,4,SYNTHETIC_DEMO_MAPPING,SYNTHETIC
7512.09,SKL0063,Clinical Documentation,RELEVANT,2,SYNTHETIC_DEMO_MAPPING,SYNTHETIC
7512.09,SKL0097,Team Management,RELEVANT,1,SYNTHETIC_DEMO_MAPPING,SYNTHETIC
7512.1,SKL0066,Medical Equipment Maintenance,RELEVANT,1,SYNTHETIC_DEMO_MAPPING,SYNTHETIC
7512.1,SKL0092,Communication,RELEVANT,3,SYNTHETIC_DEMO_MAPPING,SYNTHETIC
7512.1,SKL0098,English Communication,RELEVANT,3,SYNTHETIC_DEMO_MAPPING,SYNTHETIC
7512.1,SKL0040,Mechanical Assembly,RELEVANT,3,SYNTHETIC_DEMO_MAPPING,SYNTHETIC
7512.99,SKL0096,Digital Literacy,RELEVANT,3,SYNTHETIC_DEMO_MAPPING,SYNTHETIC
7512.99,SKL0032,CNC Operation,RELEVANT,3,SYNTHETIC_DEMO_MAPPING,SYNTHETIC
7513.01,SKL0097,Team Management,RELEVANT,3,SYNTHETIC_DEMO_MAPPING,SYNTHETIC
7513.01,SKL0098,English Communication,RELEVANT,2,SYNTHETIC_DEMO_MAPPING,SYNTHETIC
7513.01,SKL0092,Communication,RELEVANT,2,SYNTHETIC_DEMO_MAPPING,SYNTHETIC
7513.01,SKL0095,Workplace Safety,RELEVANT,1,SYNTHETIC_DEMO_MAPPING,SYNTHETIC
7513.02,SKL0033,Machine Maintenance,RELEVANT,2,SYNTHETIC_DEMO_MAPPING,SYNTHETIC
7513.02,SKL0037,Production Planning,RELEVANT,2,SYNTHETIC_DEMO_MAPPING,SYNTHETIC
7513.02,SKL0040,Mechanical Assembly,RELEVANT,4,SYNTHETIC_DEMO_MAPPING,SYNTHETIC
7513.02,SKL0042,SolidWorks,RELEVANT,3,SYNTHETIC_DEMO_MAPPING,SYNTHETIC
7513.02,SKL0095,Workplace Safety,RELEVANT,2,SYNTHETIC_DEMO_MAPPING,SYNTHETIC
7513.03,SKL0049,Electric Motor Systems,RELEVANT,1,SYNTHETIC_DEMO_MAPPING,SYNTHETIC
7513.03,SKL0043,Automotive Diagnostics,RELEVANT,4,SYNTHETIC_DEMO_MAPPING,SYNTHETIC
7513.04,SKL0039,CNC Milling,RELEVANT,2,SYNTHETIC_DEMO_MAPPING,SYNTHETIC
7513.04,SKL0033,Machine Maintenance,RELEVANT,3,SYNTHETIC_DEMO_MAPPING,SYNTHETIC
7513.05,SKL0034,Welding,RELEVANT,4,SYNTHETIC_DEMO_MAPPING,SYNTHETIC
7513.05,SKL0038,CNC Turning,RELEVANT,1,SYNTHETIC_DEMO_MAPPING,SYNTHETIC
7513.05,SKL0037,Production Planning,RELEVANT,1,SYNTHETIC_DEMO_MAPPING,SYNTHETIC
7513.99,SKL0083,Food Processing,RELEVANT,3,SYNTHETIC_DEMO_MAPPING,SYNTHETIC
7513.99,SKL0038,CNC Turning,RELEVANT,1,SYNTHETIC_DEMO_MAPPING,SYNTHETIC
7513.99,SKL0092,Communication,RELEVANT,4,SYNTHETIC_DEMO_MAPPING,SYNTHETIC
7513.99,SKL0040,Mechanical Assembly,RELEVANT,2,SYNTHETIC_DEMO_MAPPING,SYNTHETIC
7514.01,SKL0092,Communication,RELEVANT,2,SYNTHETIC_DEMO_MAPPING,SYNTHETIC
7514.01,SKL0042,SolidWorks,RELEVANT,2,SYNTHETIC_DEMO_MAPPING,SYNTHETIC
7514.01,SKL0041,AutoCAD,RELEVANT,3,SYNTHETIC_DEMO_MAPPING,SYNTHETIC
7514.01,SKL0035,Quality Control,RELEVANT,1,SYNTHETIC_DEMO_MAPPING,SYNTHETIC
7514.02,SKL0044,EV Systems,RELEVANT,4,SYNTHETIC_DEMO_MAPPING,SYNTHETIC
7514.02,SKL0038,CNC Turning,RELEVANT,3,SYNTHETIC_DEMO_MAPPING,SYNTHETIC
7514.03,SKL0094,Microsoft Excel,RELEVANT,4,SYNTHETIC_DEMO_MAPPING,SYNTHETIC
7514.03,SKL0098,English Communication,RELEVANT,3,SYNTHETIC_DEMO_MAPPING,SYNTHETIC
7514.03,SKL0092,Communication,RELEVANT,3,SYNTHETIC_DEMO_MAPPING,SYNTHETIC
7514.04,SKL0095,Workplace Safety,RELEVANT,3,SYNTHETIC_DEMO_MAPPING,SYNTHETIC
7514.04,SKL0096,Digital Literacy,RELEVANT,2,SYNTHETIC_DEMO_MAPPING,SYNTHETIC
7514.05,SKL0093,Problem Solving,RELEVANT,1,SYNTHETIC_DEMO_MAPPING,SYNTHETIC
7514.05,SKL0095,Workplace Safety,RELEVANT,2,SYNTHETIC_DEMO_MAPPING,SYNTHETIC
7514.05,SKL0098,English Communication,RELEVANT,2,SYNTHETIC_DEMO_MAPPING,SYNTHETIC
7514.05,SKL0094,Microsoft Excel,RELEVANT,1,SYNTHETIC_DEMO_MAPPING,SYNTHETIC
7514.05,SKL0092,Communication,RELEVANT,4,SYNTHETIC_DEMO_MAPPING,SYNTHETIC
7514.06,SKL0039,CNC Milling,RELEVANT,1,SYNTHETIC_DEMO_MAPPING,SYNTHETIC
7514.06,SKL0034,Welding,RELEVANT,4,SYNTHETIC_DEMO_MAPPING,SYNTHETIC
7514.06,SKL0097,Team Management,RELEVANT,2,SYNTHETIC_DEMO_MAPPING,SYNTHETIC
7514.07,SKL0035,Quality Control,RELEVANT,2,SYNTHETIC_DEMO_MAPPING,SYNTHETIC
7514.07,SKL0026,IoT,RELEVANT,3,SYNTHETIC_DEMO_MAPPING,SYNTHETIC
7514.07,SKL0041,AutoCAD,RELEVANT,1,SYNTHETIC_DEMO_MAPPING,SYNTHETIC
7514.07,SKL0030,AutoCAD Electrical,RELEVANT,2,SYNTHETIC_DEMO_MAPPING,SYNTHETIC
7514.08,SKL0094,Microsoft Excel,RELEVANT,4,SYNTHETIC_DEMO_MAPPING,SYNTHETIC
7514.08,SKL0093,Problem Solving,RELEVANT,2,SYNTHETIC_DEMO_MAPPING,SYNTHETIC
7514.08,SKL0098,English Communication,RELEVANT,1,SYNTHETIC_DEMO_MAPPING,SYNTHETIC
7514.09,SKL0093,Problem Solving,RELEVANT,2,SYNTHETIC_DEMO_MAPPING,SYNTHETIC
7514.09,SKL0037,Production Planning,RELEVANT,4,SYNTHETIC_DEMO_MAPPING,SYNTHETIC
7514.09,SKL0039,CNC Milling,RELEVANT,2,SYNTHETIC_DEMO_MAPPING,SYNTHETIC
7514.09,SKL0034,Welding,RELEVANT,3,SYNTHETIC_DEMO_MAPPING,SYNTHETIC
7514.1,SKL0097,Team Management,RELEVANT,3,SYNTHETIC_DEMO_MAPPING,SYNTHETIC
7514.1,SKL0094,Microsoft Excel,RELEVANT,1,SYNTHETIC_DEMO_MAPPING,SYNTHETIC
7514.1,SKL0093,Problem Solving,RELEVANT,4,SYNTHETIC_DEMO_MAPPING,SYNTHETIC
7514.1,SKL0095,Workplace Safety,RELEVANT,2,SYNTHETIC_DEMO_MAPPING,SYNTHETIC
7514.1,SKL0092,Communication,RELEVANT,3,SYNTHETIC_DEMO_MAPPING,SYNTHETIC
7514.11,SKL0032,CNC Operation,RELEVANT,2,SYNTHETIC_DEMO_MAPPING,SYNTHETIC
7514.11,SKL0041,AutoCAD,RELEVANT,3,SYNTHETIC_DEMO_MAPPING,SYNTHETIC
7514.11,SKL0036,Lean Manufacturing,RELEVANT,3,SYNTHETIC_DEMO_MAPPING,SYNTHETIC
7514.11,SKL0031,CNC Programming,RELEVANT,4,SYNTHETIC_DEMO_MAPPING,SYNTHETIC
7514.99,SKL0042,SolidWorks,RELEVANT,1,SYNTHETIC_DEMO_MAPPING,SYNTHETIC
7514.99,SKL0095,Workplace Safety,RELEVANT,4,SYNTHETIC_DEMO_MAPPING,SYNTHETIC
7514.99,SKL0094,Microsoft Excel,RELEVANT,3,SYNTHETIC_DEMO_MAPPING,SYNTHETIC
7515.01,SKL0097,Team Management,RELEVANT,3,SYNTHETIC_DEMO_MAPPING,SYNTHETIC
7515.01,SKL0094,Microsoft Excel,RELEVANT,1,SYNTHETIC_DEMO_MAPPING,SYNTHETIC
7515.01,SKL0093,Problem Solving,RELEVANT,2,SYNTHETIC_DEMO_MAPPING,SYNTHETIC
7515.01,SKL0096,Digital Literacy,RELEVANT,4,SYNTHETIC_DEMO_MAPPING,SYNTHETIC
7515.01,SKL0098,English Communication,RELEVANT,4,SYNTHETIC_DEMO_MAPPING,SYNTHETIC
7515.02,SKL0093,Problem Solving,RELEVANT,1,SYNTHETIC_DEMO_MAPPING,SYNTHETIC
7515.02,SKL0098,English Communication,RELEVANT,3,SYNTHETIC_DEMO_MAPPING,SYNTHETIC
7515.02,SKL0092,Communication,RELEVANT,1,SYNTHETIC_DEMO_MAPPING,SYNTHETIC
7515.02,SKL0095,Workplace Safety,RELEVANT,3,SYNTHETIC_DEMO_MAPPING,SYNTHETIC
7515.03,SKL0095,Workplace Safety,RELEVANT,1,SYNTHETIC_DEMO_MAPPING,SYNTHETIC
7515.03,SKL0097,Team Management,RELEVANT,4,SYNTHETIC_DEMO_MAPPING,SYNTHETIC
7515.03,SKL0094,Microsoft Excel,RELEVANT,4,SYNTHETIC_DEMO_MAPPING,SYNTHETIC
7515.04,SKL0070,GST,RELEVANT,4,SYNTHETIC_DEMO_MAPPING,SYNTHETIC
7515.04,SKL0095,Workplace Safety,RELEVANT,4,SYNTHETIC_DEMO_MAPPING,SYNTHETIC
7515.04,SKL0076,Customer Service,RELEVANT,2,SYNTHETIC_DEMO_MAPPING,SYNTHETIC
7515.04,SKL0072,Excel,RELEVANT,4,SYNTHETIC_DEMO_MAPPING,SYNTHETIC
7515.04,SKL0077,Supply Chain,RELEVANT,1,SYNTHETIC_DEMO_MAPPING,SYNTHETIC
7515.99,SKL0096,Digital Literacy,RELEVANT,4,SYNTHETIC_DEMO_MAPPING,SYNTHETIC
7515.99,SKL0078,Farm Machinery,RELEVANT,4,SYNTHETIC_DEMO_MAPPING,SYNTHETIC
7516.01,SKL0093,Problem Solving,RELEVANT,2,SYNTHETIC_DEMO_MAPPING,SYNTHETIC
7516.01,SKL0098,English Communication,RELEVANT,3,SYNTHETIC_DEMO_MAPPING,SYNTHETIC
7516.01,SKL0055,Site Supervision,RELEVANT,2,SYNTHETIC_DEMO_MAPPING,SYNTHETIC
7516.01,SKL0054,Quantity Surveying,RELEVANT,2,SYNTHETIC_DEMO_MAPPING,SYNTHETIC
7516.02,SKL0092,Communication,RELEVANT,4,SYNTHETIC_DEMO_MAPPING,SYNTHETIC
7516.02,SKL0073,Business Analysis,RELEVANT,3,SYNTHETIC_DEMO_MAPPING,SYNTHETIC
7516.02,SKL0098,English Communication,RELEVANT,3,SYNTHETIC_DEMO_MAPPING,SYNTHETIC
7516.03,SKL0097,Team Management,RELEVANT,4,SYNTHETIC_DEMO_MAPPING,SYNTHETIC
7516.03,SKL0092,Communication,RELEVANT,3,SYNTHETIC_DEMO_MAPPING,SYNTHETIC
7516.04,SKL0033,Machine Maintenance,RELEVANT,1,SYNTHETIC_DEMO_MAPPING,SYNTHETIC
7516.04,SKL0093,Problem Solving,RELEVANT,3,SYNTHETIC_DEMO_MAPPING,SYNTHETIC
7516.04,SKL0097,Team Management,RELEVANT,4,SYNTHETIC_DEMO_MAPPING,SYNTHETIC
7516.05,SKL0093,Problem Solving,RELEVANT,1,SYNTHETIC_DEMO_MAPPING,SYNTHETIC
7516.05,SKL0096,Digital Literacy,RELEVANT,3,SYNTHETIC_DEMO_MAPPING,SYNTHETIC
7516.06,SKL0098,English Communication,RELEVANT,1,SYNTHETIC_DEMO_MAPPING,SYNTHETIC
7516.06,SKL0031,CNC Programming,RELEVANT,4,SYNTHETIC_DEMO_MAPPING,SYNTHETIC
7516.06,SKL0039,CNC Milling,RELEVANT,2,SYNTHETIC_DEMO_MAPPING,SYNTHETIC
7516.06,SKL0097,Team Management,RELEVANT,2,SYNTHETIC_DEMO_MAPPING,SYNTHETIC
7516.07,SKL0092,Communication,RELEVANT,2,SYNTHETIC_DEMO_MAPPING,SYNTHETIC
7516.07,SKL0098,English Communication,RELEVANT,2,SYNTHETIC_DEMO_MAPPING,SYNTHETIC
7516.08,SKL0096,Digital Literacy,RELEVANT,3,SYNTHETIC_DEMO_MAPPING,SYNTHETIC
7516.08,SKL0092,Communication,RELEVANT,2,SYNTHETIC_DEMO_MAPPING,SYNTHETIC
7516.08,SKL0098,English Communication,RELEVANT,2,SYNTHETIC_DEMO_MAPPING,SYNTHETIC
7516.09,SKL0096,Digital Literacy,RELEVANT,4,SYNTHETIC_DEMO_MAPPING,SYNTHETIC
7516.09,SKL0038,CNC Turning,RELEVANT,3,SYNTHETIC_DEMO_MAPPING,SYNTHETIC
7516.09,SKL0035,Quality Control,RELEVANT,4,SYNTHETIC_DEMO_MAPPING,SYNTHETIC
7516.09,SKL0036,Lean Manufacturing,RELEVANT,2,SYNTHETIC_DEMO_MAPPING,SYNTHETIC
7516.1,SKL0097,Team Management,RELEVANT,2,SYNTHETIC_DEMO_MAPPING,SYNTHETIC
7516.1,SKL0041,AutoCAD,RELEVANT,3,SYNTHETIC_DEMO_MAPPING,SYNTHETIC
7516.1,SKL0093,Problem Solving,RELEVANT,2,SYNTHETIC_DEMO_MAPPING,SYNTHETIC
7516.1,SKL0038,CNC Turning,RELEVANT,4,SYNTHETIC_DEMO_MAPPING,SYNTHETIC
7516.1,SKL0035,Quality Control,RELEVANT,2,SYNTHETIC_DEMO_MAPPING,SYNTHETIC
7516.11,SKL0092,Communication,RELEVANT,2,SYNTHETIC_DEMO_MAPPING,SYNTHETIC
7516.11,SKL0095,Workplace Safety,RELEVANT,2,SYNTHETIC_DEMO_MAPPING,SYNTHETIC
7516.99,SKL0095,Workplace Safety,RELEVANT,2,SYNTHETIC_DEMO_MAPPING,SYNTHETIC
7516.99,SKL0093,Problem Solving,RELEVANT,3,SYNTHETIC_DEMO_MAPPING,SYNTHETIC
7516.99,SKL0092,Communication,RELEVANT,4,SYNTHETIC_DEMO_MAPPING,SYNTHETIC
7521.01,SKL0085,Warehouse Management,RELEVANT,2,SYNTHETIC_DEMO_MAPPING,SYNTHETIC
7521.01,SKL0096,Digital Literacy,RELEVANT,3,SYNTHETIC_DEMO_MAPPING,SYNTHETIC
7521.01,SKL0097,Team Management,RELEVANT,2,SYNTHETIC_DEMO_MAPPING,SYNTHETIC
7521.02,SKL0093,Problem Solving,RELEVANT,2,SYNTHETIC_DEMO_MAPPING,SYNTHETIC
7521.02,SKL0094,Microsoft Excel,RELEVANT,3,SYNTHETIC_DEMO_MAPPING,SYNTHETIC
7521.02,SKL0096,Digital Literacy,RELEVANT,2,SYNTHETIC_DEMO_MAPPING,SYNTHETIC
7521.02,SKL0098,English Communication,RELEVANT,2,SYNTHETIC_DEMO_MAPPING,SYNTHETIC
7521.03,SKL0096,Digital Literacy,RELEVANT,2,SYNTHETIC_DEMO_MAPPING,SYNTHETIC
7521.03,SKL0098,English Communication,RELEVANT,2,SYNTHETIC_DEMO_MAPPING,SYNTHETIC
7521.03,SKL0092,Communication,RELEVANT,2,SYNTHETIC_DEMO_MAPPING,SYNTHETIC
7521.04,SKL0095,Workplace Safety,RELEVANT,1,SYNTHETIC_DEMO_MAPPING,SYNTHETIC
7521.04,SKL0037,Production Planning,RELEVANT,2,SYNTHETIC_DEMO_MAPPING,SYNTHETIC
7521.05,SKL0097,Team Management,RELEVANT,2,SYNTHETIC_DEMO_MAPPING,SYNTHETIC
7521.05,SKL0093,Problem Solving,RELEVANT,3,SYNTHETIC_DEMO_MAPPING,SYNTHETIC
7521.05,SKL0095,Workplace Safety,RELEVANT,2,SYNTHETIC_DEMO_MAPPING,SYNTHETIC
7521.99,SKL0093,Problem Solving,RELEVANT,3,SYNTHETIC_DEMO_MAPPING,SYNTHETIC
7521.99,SKL0095,Workplace Safety,RELEVANT,1,SYNTHETIC_DEMO_MAPPING,SYNTHETIC
7522.01,SKL0043,Automotive Diagnostics,RELEVANT,2,SYNTHETIC_DEMO_MAPPING,SYNTHETIC
7522.01,SKL0097,Team Management,RELEVANT,2,SYNTHETIC_DEMO_MAPPING,SYNTHETIC
7522.01,SKL0046,EV Battery Maintenance,RELEVANT,1,SYNTHETIC_DEMO_MAPPING,SYNTHETIC
7522.02,SKL0093,Problem Solving,RELEVANT,3,SYNTHETIC_DEMO_MAPPING,SYNTHETIC
7522.02,SKL0040,Mechanical Assembly,RELEVANT,2,SYNTHETIC_DEMO_MAPPING,SYNTHETIC
7522.02,SKL0036,Lean Manufacturing,RELEVANT,2,SYNTHETIC_DEMO_MAPPING,SYNTHETIC
7522.02,SKL0097,Team Management,RELEVANT,3,SYNTHETIC_DEMO_MAPPING,SYNTHETIC
7522.06,SKL0097,Team Management,RELEVANT,1,SYNTHETIC_DEMO_MAPPING,SYNTHETIC
7522.06,SKL0040,Mechanical Assembly,RELEVANT,2,SYNTHETIC_DEMO_MAPPING,SYNTHETIC
7522.06,SKL0031,CNC Programming,RELEVANT,1,SYNTHETIC_DEMO_MAPPING,SYNTHETIC
7522.07,SKL0049,Electric Motor Systems,RELEVANT,2,SYNTHETIC_DEMO_MAPPING,SYNTHETIC
7522.07,SKL0035,Quality Control,RELEVANT,2,SYNTHETIC_DEMO_MAPPING,SYNTHETIC
7522.07,SKL0050,Automotive CAD,RELEVANT,2,SYNTHETIC_DEMO_MAPPING,SYNTHETIC
7522.08,SKL0046,EV Battery Maintenance,RELEVANT,1,SYNTHETIC_DEMO_MAPPING,SYNTHETIC
7522.08,SKL0045,Battery Management Systems,RELEVANT,3,SYNTHETIC_DEMO_MAPPING,SYNTHETIC
7522.09,SKL0098,English Communication,RELEVANT,4,SYNTHETIC_DEMO_MAPPING,SYNTHETIC
7522.09,SKL0097,Team Management,RELEVANT,1,SYNTHETIC_DEMO_MAPPING,SYNTHETIC
7522.1,SKL0036,Lean Manufacturing,RELEVANT,4,SYNTHETIC_DEMO_MAPPING,SYNTHETIC
7522.1,SKL0044,EV Systems,RELEVANT,2,SYNTHETIC_DEMO_MAPPING,SYNTHETIC
7522.1,SKL0050,Automotive CAD,RELEVANT,1,SYNTHETIC_DEMO_MAPPING,SYNTHETIC
7522.11,SKL0096,Digital Literacy,RELEVANT,3,SYNTHETIC_DEMO_MAPPING,SYNTHETIC
7522.11,SKL0042,SolidWorks,RELEVANT,4,SYNTHETIC_DEMO_MAPPING,SYNTHETIC
7522.11,SKL0091,Route Planning,RELEVANT,2,SYNTHETIC_DEMO_MAPPING,SYNTHETIC
7522.11,SKL0034,Welding,RELEVANT,1,SYNTHETIC_DEMO_MAPPING,SYNTHETIC
7522.11,SKL0036,Lean Manufacturing,RELEVANT,4,SYNTHETIC_DEMO_MAPPING,SYNTHETIC
7522.12,SKL0041,AutoCAD,RELEVANT,2,SYNTHETIC_DEMO_MAPPING,SYNTHETIC
7522.12,SKL0092,Communication,RELEVANT,3,SYNTHETIC_DEMO_MAPPING,SYNTHETIC
7522.12,SKL0034,Welding,RELEVANT,2,SYNTHETIC_DEMO_MAPPING,SYNTHETIC
7522.12,SKL0037,Production Planning,RELEVANT,2,SYNTHETIC_DEMO_MAPPING,SYNTHETIC
7522.12,SKL0035,Quality Control,RELEVANT,4,SYNTHETIC_DEMO_MAPPING,SYNTHETIC
7522.13,SKL0041,AutoCAD,RELEVANT,1,SYNTHETIC_DEMO_MAPPING,SYNTHETIC
7522.13,SKL0039,CNC Milling,RELEVANT,3,SYNTHETIC_DEMO_MAPPING,SYNTHETIC
7522.13,SKL0033,Machine Maintenance,RELEVANT,3,SYNTHETIC_DEMO_MAPPING,SYNTHETIC
7522.13,SKL0037,Production Planning,RELEVANT,4,SYNTHETIC_DEMO_MAPPING,SYNTHETIC
7522.14,SKL0098,English Communication,RELEVANT,4,SYNTHETIC_DEMO_MAPPING,SYNTHETIC
7522.14,SKL0096,Digital Literacy,RELEVANT,3,SYNTHETIC_DEMO_MAPPING,SYNTHETIC
7522.14,SKL0039,CNC Milling,RELEVANT,3,SYNTHETIC_DEMO_MAPPING,SYNTHETIC
7522.14,SKL0095,Workplace Safety,RELEVANT,1,SYNTHETIC_DEMO_MAPPING,SYNTHETIC
7522.14,SKL0041,AutoCAD,RELEVANT,3,SYNTHETIC_DEMO_MAPPING,SYNTHETIC
7522.15,SKL0094,Microsoft Excel,RELEVANT,2,SYNTHETIC_DEMO_MAPPING,SYNTHETIC
7522.15,SKL0037,Production Planning,RELEVANT,1,SYNTHETIC_DEMO_MAPPING,SYNTHETIC
7522.15,SKL0041,AutoCAD,RELEVANT,4,SYNTHETIC_DEMO_MAPPING,SYNTHETIC
7522.15,SKL0032,CNC Operation,RELEVANT,1,SYNTHETIC_DEMO_MAPPING,SYNTHETIC
7522.15,SKL0093,Problem Solving,RELEVANT,2,SYNTHETIC_DEMO_MAPPING,SYNTHETIC
7522.16,SKL0097,Team Management,RELEVANT,2,SYNTHETIC_DEMO_MAPPING,SYNTHETIC
7522.16,SKL0039,CNC Milling,RELEVANT,2,SYNTHETIC_DEMO_MAPPING,SYNTHETIC
7522.16,SKL0098,English Communication,RELEVANT,2,SYNTHETIC_DEMO_MAPPING,SYNTHETIC
7522.16,SKL0040,Mechanical Assembly,RELEVANT,1,SYNTHETIC_DEMO_MAPPING,SYNTHETIC
7522.16,SKL0092,Communication,RELEVANT,1,SYNTHETIC_DEMO_MAPPING,SYNTHETIC
7522.18,SKL0042,SolidWorks,RELEVANT,2,SYNTHETIC_DEMO_MAPPING,SYNTHETIC
7522.18,SKL0037,Production Planning,RELEVANT,3,SYNTHETIC_DEMO_MAPPING,SYNTHETIC
7522.18,SKL0092,Communication,RELEVANT,4,SYNTHETIC_DEMO_MAPPING,SYNTHETIC
7522.19,SKL0097,Team Management,RELEVANT,2,SYNTHETIC_DEMO_MAPPING,SYNTHETIC
7522.19,SKL0096,Digital Literacy,RELEVANT,4,SYNTHETIC_DEMO_MAPPING,SYNTHETIC
7522.2,SKL0036,Lean Manufacturing,RELEVANT,2,SYNTHETIC_DEMO_MAPPING,SYNTHETIC
7522.2,SKL0042,SolidWorks,RELEVANT,4,SYNTHETIC_DEMO_MAPPING,SYNTHETIC
7522.21,SKL0045,Battery Management Systems,RELEVANT,3,SYNTHETIC_DEMO_MAPPING,SYNTHETIC
7522.21,SKL0050,Automotive CAD,RELEVANT,1,SYNTHETIC_DEMO_MAPPING,SYNTHETIC
7522.21,SKL0052,Two-Wheeler Service,RELEVANT,3,SYNTHETIC_DEMO_MAPPING,SYNTHETIC
7522.21,SKL0095,Workplace Safety,RELEVANT,3,SYNTHETIC_DEMO_MAPPING,SYNTHETIC
7522.99,SKL0097,Team Management,RELEVANT,3,SYNTHETIC_DEMO_MAPPING,SYNTHETIC
7522.99,SKL0096,Digital Literacy,RELEVANT,3,SYNTHETIC_DEMO_MAPPING,SYNTHETIC
7522.99,SKL0093,Problem Solving,RELEVANT,4,SYNTHETIC_DEMO_MAPPING,SYNTHETIC
7522.99,SKL0098,English Communication,RELEVANT,4,SYNTHETIC_DEMO_MAPPING,SYNTHETIC
7523.01,SKL0031,CNC Programming,RELEVANT,3,SYNTHETIC_DEMO_MAPPING,SYNTHETIC
7523.01,SKL0098,English Communication,RELEVANT,2,SYNTHETIC_DEMO_MAPPING,SYNTHETIC
7523.01,SKL0038,CNC Turning,RELEVANT,2,SYNTHETIC_DEMO_MAPPING,SYNTHETIC
7523.02,SKL0023,Embedded Systems,RELEVANT,4,SYNTHETIC_DEMO_MAPPING,SYNTHETIC
7523.02,SKL0095,Workplace Safety,RELEVANT,4,SYNTHETIC_DEMO_MAPPING,SYNTHETIC
7523.03,SKL0040,Mechanical Assembly,RELEVANT,4,SYNTHETIC_DEMO_MAPPING,SYNTHETIC
7523.03,SKL0036,Lean Manufacturing,RELEVANT,3,SYNTHETIC_DEMO_MAPPING,SYNTHETIC
7523.03,SKL0032,CNC Operation,RELEVANT,1,SYNTHETIC_DEMO_MAPPING,SYNTHETIC
7523.04,SKL0033,Machine Maintenance,RELEVANT,2,SYNTHETIC_DEMO_MAPPING,SYNTHETIC
7523.04,SKL0032,CNC Operation,RELEVANT,2,SYNTHETIC_DEMO_MAPPING,SYNTHETIC
7523.05,SKL0023,Embedded Systems,RELEVANT,3,SYNTHETIC_DEMO_MAPPING,SYNTHETIC
7523.05,SKL0093,Problem Solving,RELEVANT,4,SYNTHETIC_DEMO_MAPPING,SYNTHETIC
7523.06,SKL0031,CNC Programming,RELEVANT,2,SYNTHETIC_DEMO_MAPPING,SYNTHETIC
7523.06,SKL0035,Quality Control,RELEVANT,4,SYNTHETIC_DEMO_MAPPING,SYNTHETIC
7523.07,SKL0037,Production Planning,RELEVANT,2,SYNTHETIC_DEMO_MAPPING,SYNTHETIC
7523.07,SKL0034,Welding,RELEVANT,4,SYNTHETIC_DEMO_MAPPING,SYNTHETIC
7523.07,SKL0095,Workplace Safety,RELEVANT,4,SYNTHETIC_DEMO_MAPPING,SYNTHETIC
7523.08,SKL0094,Microsoft Excel,RELEVANT,2,SYNTHETIC_DEMO_MAPPING,SYNTHETIC
7523.08,SKL0098,English Communication,RELEVANT,2,SYNTHETIC_DEMO_MAPPING,SYNTHETIC
7523.08,SKL0096,Digital Literacy,RELEVANT,3,SYNTHETIC_DEMO_MAPPING,SYNTHETIC
7523.08,SKL0093,Problem Solving,RELEVANT,4,SYNTHETIC_DEMO_MAPPING,SYNTHETIC
7523.09,SKL0092,Communication,RELEVANT,4,SYNTHETIC_DEMO_MAPPING,SYNTHETIC
7523.09,SKL0094,Microsoft Excel,RELEVANT,3,SYNTHETIC_DEMO_MAPPING,SYNTHETIC
7523.1,SKL0037,Production Planning,RELEVANT,1,SYNTHETIC_DEMO_MAPPING,SYNTHETIC
7523.1,SKL0038,CNC Turning,RELEVANT,4,SYNTHETIC_DEMO_MAPPING,SYNTHETIC
7523.11,SKL0032,CNC Operation,RELEVANT,4,SYNTHETIC_DEMO_MAPPING,SYNTHETIC
7523.11,SKL0042,SolidWorks,RELEVANT,2,SYNTHETIC_DEMO_MAPPING,SYNTHETIC
7523.11,SKL0039,CNC Milling,RELEVANT,2,SYNTHETIC_DEMO_MAPPING,SYNTHETIC
7523.11,SKL0097,Team Management,RELEVANT,1,SYNTHETIC_DEMO_MAPPING,SYNTHETIC
7523.11,SKL0092,Communication,RELEVANT,1,SYNTHETIC_DEMO_MAPPING,SYNTHETIC
7523.12,SKL0033,Machine Maintenance,RELEVANT,3,SYNTHETIC_DEMO_MAPPING,SYNTHETIC
7523.12,SKL0098,English Communication,RELEVANT,2,SYNTHETIC_DEMO_MAPPING,SYNTHETIC
7523.12,SKL0096,Digital Literacy,RELEVANT,1,SYNTHETIC_DEMO_MAPPING,SYNTHETIC
7523.13,SKL0036,Lean Manufacturing,RELEVANT,2,SYNTHETIC_DEMO_MAPPING,SYNTHETIC
7523.13,SKL0032,CNC Operation,RELEVANT,3,SYNTHETIC_DEMO_MAPPING,SYNTHETIC
7523.13,SKL0041,AutoCAD,RELEVANT,1,SYNTHETIC_DEMO_MAPPING,SYNTHETIC
7523.13,SKL0094,Microsoft Excel,RELEVANT,1,SYNTHETIC_DEMO_MAPPING,SYNTHETIC
7523.13,SKL0096,Digital Literacy,RELEVANT,3,SYNTHETIC_DEMO_MAPPING,SYNTHETIC
7523.14,SKL0095,Workplace Safety,RELEVANT,2,SYNTHETIC_DEMO_MAPPING,SYNTHETIC
7523.14,SKL0024,PCB Design,RELEVANT,4,SYNTHETIC_DEMO_MAPPING,SYNTHETIC
7523.14,SKL0030,AutoCAD Electrical,RELEVANT,3,SYNTHETIC_DEMO_MAPPING,SYNTHETIC
7523.14,SKL0092,Communication,RELEVANT,3,SYNTHETIC_DEMO_MAPPING,SYNTHETIC
7523.14,SKL0023,Embedded Systems,RELEVANT,1,SYNTHETIC_DEMO_MAPPING,SYNTHETIC
7523.15,SKL0094,Microsoft Excel,RELEVANT,2,SYNTHETIC_DEMO_MAPPING,SYNTHETIC
7523.15,SKL0096,Digital Literacy,RELEVANT,1,SYNTHETIC_DEMO_MAPPING,SYNTHETIC
7523.16,SKL0039,CNC Milling,RELEVANT,1,SYNTHETIC_DEMO_MAPPING,SYNTHETIC
7523.16,SKL0026,IoT,RELEVANT,3,SYNTHETIC_DEMO_MAPPING,SYNTHETIC
7523.16,SKL0027,Sensors,RELEVANT,2,SYNTHETIC_DEMO_MAPPING,SYNTHETIC
7523.16,SKL0025,Industrial Automation,RELEVANT,3,SYNTHETIC_DEMO_MAPPING,SYNTHETIC
7523.16,SKL0035,Quality Control,RELEVANT,3,SYNTHETIC_DEMO_MAPPING,SYNTHETIC
7523.17,SKL0097,Team Management,RELEVANT,4,SYNTHETIC_DEMO_MAPPING,SYNTHETIC
7523.17,SKL0093,Problem Solving,RELEVANT,4,SYNTHETIC_DEMO_MAPPING,SYNTHETIC
7523.17,SKL0092,Communication,RELEVANT,3,SYNTHETIC_DEMO_MAPPING,SYNTHETIC
7523.17,SKL0096,Digital Literacy,RELEVANT,3,SYNTHETIC_DEMO_MAPPING,SYNTHETIC
7523.17,SKL0041,AutoCAD,RELEVANT,1,SYNTHETIC_DEMO_MAPPING,SYNTHETIC
7523.18,SKL0096,Digital Literacy,RELEVANT,2,SYNTHETIC_DEMO_MAPPING,SYNTHETIC
7523.18,SKL0033,Machine Maintenance,RELEVANT,3,SYNTHETIC_DEMO_MAPPING,SYNTHETIC
7523.18,SKL0040,Mechanical Assembly,RELEVANT,1,SYNTHETIC_DEMO_MAPPING,SYNTHETIC
7523.18,SKL0093,Problem Solving,RELEVANT,2,SYNTHETIC_DEMO_MAPPING,SYNTHETIC
7523.18,SKL0094,Microsoft Excel,RELEVANT,1,SYNTHETIC_DEMO_MAPPING,SYNTHETIC
7523.99,SKL0033,Machine Maintenance,RELEVANT,1,SYNTHETIC_DEMO_MAPPING,SYNTHETIC
7523.99,SKL0039,CNC Milling,RELEVANT,2,SYNTHETIC_DEMO_MAPPING,SYNTHETIC
7523.99,SKL0031,CNC Programming,RELEVANT,1,SYNTHETIC_DEMO_MAPPING,SYNTHETIC
7523.99,SKL0038,CNC Turning,RELEVANT,1,SYNTHETIC_DEMO_MAPPING,SYNTHETIC
7531.01,SKL0031,CNC Programming,RELEVANT,3,SYNTHETIC_DEMO_MAPPING,SYNTHETIC
7531.01,SKL0049,Electric Motor Systems,RELEVANT,1,SYNTHETIC_DEMO_MAPPING,SYNTHETIC
7531.01,SKL0042,SolidWorks,RELEVANT,2,SYNTHETIC_DEMO_MAPPING,SYNTHETIC
7531.01,SKL0043,Automotive Diagnostics,RELEVANT,1,SYNTHETIC_DEMO_MAPPING,SYNTHETIC
7531.01,SKL0097,Team Management,RELEVANT,1,SYNTHETIC_DEMO_MAPPING,SYNTHETIC
7531.0101,SKL0042,SolidWorks,RELEVANT,1,SYNTHETIC_DEMO_MAPPING,SYNTHETIC
7531.0101,SKL0097,Team Management,RELEVANT,3,SYNTHETIC_DEMO_MAPPING,SYNTHETIC
7531.0101,SKL0096,Digital Literacy,RELEVANT,4,SYNTHETIC_DEMO_MAPPING,SYNTHETIC
7531.0101,SKL0032,CNC Operation,RELEVANT,2,SYNTHETIC_DEMO_MAPPING,SYNTHETIC
7531.0101,SKL0039,CNC Milling,RELEVANT,3,SYNTHETIC_DEMO_MAPPING,SYNTHETIC
7531.02,SKL0033,Machine Maintenance,RELEVANT,2,SYNTHETIC_DEMO_MAPPING,SYNTHETIC
7531.02,SKL0095,Workplace Safety,RELEVANT,2,SYNTHETIC_DEMO_MAPPING,SYNTHETIC
7531.03,SKL0032,CNC Operation,RELEVANT,4,SYNTHETIC_DEMO_MAPPING,SYNTHETIC
7531.03,SKL0039,CNC Milling,RELEVANT,3,SYNTHETIC_DEMO_MAPPING,SYNTHETIC
7531.03,SKL0036,Lean Manufacturing,RELEVANT,2,SYNTHETIC_DEMO_MAPPING,SYNTHETIC
7531.03,SKL0097,Team Management,RELEVANT,1,SYNTHETIC_DEMO_MAPPING,SYNTHETIC
7531.03,SKL0095,Workplace Safety,RELEVANT,4,SYNTHETIC_DEMO_MAPPING,SYNTHETIC
7531.04,SKL0036,Lean Manufacturing,RELEVANT,3,SYNTHETIC_DEMO_MAPPING,SYNTHETIC
7531.04,SKL0097,Team Management,RELEVANT,3,SYNTHETIC_DEMO_MAPPING,SYNTHETIC
7531.05,SKL0094,Microsoft Excel,RELEVANT,3,SYNTHETIC_DEMO_MAPPING,SYNTHETIC
7531.05,SKL0097,Team Management,RELEVANT,3,SYNTHETIC_DEMO_MAPPING,SYNTHETIC
7531.05,SKL0092,Communication,RELEVANT,2,SYNTHETIC_DEMO_MAPPING,SYNTHETIC
7531.07,SKL0098,English Communication,RELEVANT,3,SYNTHETIC_DEMO_MAPPING,SYNTHETIC
7531.07,SKL0093,Problem Solving,RELEVANT,3,SYNTHETIC_DEMO_MAPPING,SYNTHETIC
7531.09,SKL0094,Microsoft Excel,RELEVANT,4,SYNTHETIC_DEMO_MAPPING,SYNTHETIC
7531.09,SKL0097,Team Management,RELEVANT,2,SYNTHETIC_DEMO_MAPPING,SYNTHETIC
7531.1,SKL0093,Problem Solving,RELEVANT,2,SYNTHETIC_DEMO_MAPPING,SYNTHETIC
7531.1,SKL0097,Team Management,RELEVANT,1,SYNTHETIC_DEMO_MAPPING,SYNTHETIC
7531.1,SKL0096,Digital Literacy,RELEVANT,2,SYNTHETIC_DEMO_MAPPING,SYNTHETIC
7531.12,SKL0033,Machine Maintenance,RELEVANT,2,SYNTHETIC_DEMO_MAPPING,SYNTHETIC
7531.12,SKL0050,Automotive CAD,RELEVANT,3,SYNTHETIC_DEMO_MAPPING,SYNTHETIC
7531.13,SKL0098,English Communication,RELEVANT,1,SYNTHETIC_DEMO_MAPPING,SYNTHETIC
7531.13,SKL0094,Microsoft Excel,RELEVANT,4,SYNTHETIC_DEMO_MAPPING,SYNTHETIC
7531.13,SKL0097,Team Management,RELEVANT,1,SYNTHETIC_DEMO_MAPPING,SYNTHETIC
7531.14,SKL0093,Problem Solving,RELEVANT,2,SYNTHETIC_DEMO_MAPPING,SYNTHETIC
7531.14,SKL0095,Workplace Safety,RELEVANT,1,SYNTHETIC_DEMO_MAPPING,SYNTHETIC
7531.14,SKL0094,Microsoft Excel,RELEVANT,1,SYNTHETIC_DEMO_MAPPING,SYNTHETIC
7531.14,SKL0097,Team Management,RELEVANT,2,SYNTHETIC_DEMO_MAPPING,SYNTHETIC
7531.14,SKL0096,Digital Literacy,RELEVANT,1,SYNTHETIC_DEMO_MAPPING,SYNTHETIC
7531.15,SKL0095,Workplace Safety,RELEVANT,1,SYNTHETIC_DEMO_MAPPING,SYNTHETIC
7531.15,SKL0043,Automotive Diagnostics,RELEVANT,4,SYNTHETIC_DEMO_MAPPING,SYNTHETIC
7531.15,SKL0093,Problem Solving,RELEVANT,4,SYNTHETIC_DEMO_MAPPING,SYNTHETIC
7531.16,SKL0094,Microsoft Excel,RELEVANT,3,SYNTHETIC_DEMO_MAPPING,SYNTHETIC
7531.16,SKL0098,English Communication,RELEVANT,4,SYNTHETIC_DEMO_MAPPING,SYNTHETIC
7531.99,SKL0041,AutoCAD,RELEVANT,3,SYNTHETIC_DEMO_MAPPING,SYNTHETIC
7531.99,SKL0098,English Communication,RELEVANT,2,SYNTHETIC_DEMO_MAPPING,SYNTHETIC
7531.99,SKL0036,Lean Manufacturing,RELEVANT,3,SYNTHETIC_DEMO_MAPPING,SYNTHETIC
7531.99,SKL0042,SolidWorks,RELEVANT,4,SYNTHETIC_DEMO_MAPPING,SYNTHETIC
7532.01,SKL0032,CNC Operation,RELEVANT,1,SYNTHETIC_DEMO_MAPPING,SYNTHETIC
7532.01,SKL0093,Problem Solving,RELEVANT,4,SYNTHETIC_DEMO_MAPPING,SYNTHETIC
7532.02,SKL0040,Mechanical Assembly,RELEVANT,3,SYNTHETIC_DEMO_MAPPING,SYNTHETIC
7532.02,SKL0035,Quality Control,RELEVANT,3,SYNTHETIC_DEMO_MAPPING,SYNTHETIC
7532.02,SKL0094,Microsoft Excel,RELEVANT,3,SYNTHETIC_DEMO_MAPPING,SYNTHETIC
7532.02,SKL0033,Machine Maintenance,RELEVANT,3,SYNTHETIC_DEMO_MAPPING,SYNTHETIC
7532.03,SKL0025,Industrial Automation,RELEVANT,2,SYNTHETIC_DEMO_MAPPING,SYNTHETIC
7532.03,SKL0026,IoT,RELEVANT,2,SYNTHETIC_DEMO_MAPPING,SYNTHETIC
7532.03,SKL0098,English Communication,RELEVANT,2,SYNTHETIC_DEMO_MAPPING,SYNTHETIC
7532.03,SKL0092,Communication,RELEVANT,3,SYNTHETIC_DEMO_MAPPING,SYNTHETIC
7532.05,SKL0098,English Communication,RELEVANT,4,SYNTHETIC_DEMO_MAPPING,SYNTHETIC
7532.05,SKL0093,Problem Solving,RELEVANT,1,SYNTHETIC_DEMO_MAPPING,SYNTHETIC
7532.06,SKL0095,Workplace Safety,RELEVANT,2,SYNTHETIC_DEMO_MAPPING,SYNTHETIC
7532.06,SKL0094,Microsoft Excel,RELEVANT,4,SYNTHETIC_DEMO_MAPPING,SYNTHETIC
7532.06,SKL0093,Problem Solving,RELEVANT,2,SYNTHETIC_DEMO_MAPPING,SYNTHETIC
7532.06,SKL0096,Digital Literacy,RELEVANT,4,SYNTHETIC_DEMO_MAPPING,SYNTHETIC
7532.06,SKL0097,Team Management,RELEVANT,3,SYNTHETIC_DEMO_MAPPING,SYNTHETIC
7532.07,SKL0093,Problem Solving,RELEVANT,3,SYNTHETIC_DEMO_MAPPING,SYNTHETIC
7532.07,SKL0096,Digital Literacy,RELEVANT,4,SYNTHETIC_DEMO_MAPPING,SYNTHETIC
7532.09,SKL0030,AutoCAD Electrical,RELEVANT,1,SYNTHETIC_DEMO_MAPPING,SYNTHETIC
7532.09,SKL0021,PLC,RELEVANT,3,SYNTHETIC_DEMO_MAPPING,SYNTHETIC
7532.0901,SKL0093,Problem Solving,RELEVANT,3,SYNTHETIC_DEMO_MAPPING,SYNTHETIC
7532.0901,SKL0092,Communication,RELEVANT,2,SYNTHETIC_DEMO_MAPPING,SYNTHETIC
7532.0901,SKL0095,Workplace Safety,RELEVANT,1,SYNTHETIC_DEMO_MAPPING,SYNTHETIC
7532.0901,SKL0097,Team Management,RELEVANT,1,SYNTHETIC_DEMO_MAPPING,SYNTHETIC
7532.0901,SKL0098,English Communication,RELEVANT,1,SYNTHETIC_DEMO_MAPPING,SYNTHETIC
7532.0902,SKL0006,Next.js,RELEVANT,4,SYNTHETIC_DEMO_MAPPING,SYNTHETIC
7532.0902,SKL0095,Workplace Safety,RELEVANT,1,SYNTHETIC_DEMO_MAPPING,SYNTHETIC
7532.0902,SKL0004,TypeScript,RELEVANT,4,SYNTHETIC_DEMO_MAPPING,SYNTHETIC
7532.0902,SKL0011,Git,RELEVANT,3,SYNTHETIC_DEMO_MAPPING,SYNTHETIC
7532.0902,SKL0001,Python,RELEVANT,3,SYNTHETIC_DEMO_MAPPING,SYNTHETIC
7532.0903,SKL0041,AutoCAD,RELEVANT,3,SYNTHETIC_DEMO_MAPPING,SYNTHETIC
7532.0903,SKL0035,Quality Control,RELEVANT,4,SYNTHETIC_DEMO_MAPPING,SYNTHETIC
7532.1,SKL0037,Production Planning,RELEVANT,4,SYNTHETIC_DEMO_MAPPING,SYNTHETIC
7532.1,SKL0096,Digital Literacy,RELEVANT,3,SYNTHETIC_DEMO_MAPPING,SYNTHETIC
7532.1,SKL0098,English Communication,RELEVANT,4,SYNTHETIC_DEMO_MAPPING,SYNTHETIC
7532.1,SKL0032,CNC Operation,RELEVANT,3,SYNTHETIC_DEMO_MAPPING,SYNTHETIC
7532.1,SKL0042,SolidWorks,RELEVANT,2,SYNTHETIC_DEMO_MAPPING,SYNTHETIC
7532.1001,SKL0093,Problem Solving,RELEVANT,3,SYNTHETIC_DEMO_MAPPING,SYNTHETIC
7532.1001,SKL0094,Microsoft Excel,RELEVANT,4,SYNTHETIC_DEMO_MAPPING,SYNTHETIC
7532.1001,SKL0097,Team Management,RELEVANT,2,SYNTHETIC_DEMO_MAPPING,SYNTHETIC
7532.11,SKL0039,CNC Milling,RELEVANT,3,SYNTHETIC_DEMO_MAPPING,SYNTHETIC
7532.11,SKL0042,SolidWorks,RELEVANT,4,SYNTHETIC_DEMO_MAPPING,SYNTHETIC
7532.11,SKL0096,Digital Literacy,RELEVANT,2,SYNTHETIC_DEMO_MAPPING,SYNTHETIC
7532.11,SKL0038,CNC Turning,RELEVANT,2,SYNTHETIC_DEMO_MAPPING,SYNTHETIC
7532.12,SKL0093,Problem Solving,RELEVANT,3,SYNTHETIC_DEMO_MAPPING,SYNTHETIC
7532.12,SKL0098,English Communication,RELEVANT,2,SYNTHETIC_DEMO_MAPPING,SYNTHETIC
7532.12,SKL0094,Microsoft Excel,RELEVANT,2,SYNTHETIC_DEMO_MAPPING,SYNTHETIC
7532.12,SKL0096,Digital Literacy,RELEVANT,4,SYNTHETIC_DEMO_MAPPING,SYNTHETIC
7532.13,SKL0041,AutoCAD,RELEVANT,4,SYNTHETIC_DEMO_MAPPING,SYNTHETIC
7532.13,SKL0092,Communication,RELEVANT,3,SYNTHETIC_DEMO_MAPPING,SYNTHETIC
7532.13,SKL0098,English Communication,RELEVANT,4,SYNTHETIC_DEMO_MAPPING,SYNTHETIC
7532.13,SKL0032,CNC Operation,RELEVANT,4,SYNTHETIC_DEMO_MAPPING,SYNTHETIC
7532.13,SKL0031,CNC Programming,RELEVANT,1,SYNTHETIC_DEMO_MAPPING,SYNTHETIC
7532.99,SKL0096,Digital Literacy,RELEVANT,2,SYNTHETIC_DEMO_MAPPING,SYNTHETIC
7532.99,SKL0097,Team Management,RELEVANT,2,SYNTHETIC_DEMO_MAPPING,SYNTHETIC
7532.99,SKL0098,English Communication,RELEVANT,3,SYNTHETIC_DEMO_MAPPING,SYNTHETIC
7533.01,SKL0097,Team Management,RELEVANT,3,SYNTHETIC_DEMO_MAPPING,SYNTHETIC
7533.01,SKL0092,Communication,RELEVANT,1,SYNTHETIC_DEMO_MAPPING,SYNTHETIC
7533.01,SKL0095,Workplace Safety,RELEVANT,3,SYNTHETIC_DEMO_MAPPING,SYNTHETIC
7533.0201,SKL0092,Communication,RELEVANT,4,SYNTHETIC_DEMO_MAPPING,SYNTHETIC
7533.0201,SKL0098,English Communication,RELEVANT,1,SYNTHETIC_DEMO_MAPPING,SYNTHETIC
7533.0201,SKL0094,Microsoft Excel,RELEVANT,3,SYNTHETIC_DEMO_MAPPING,SYNTHETIC
7533.0201,SKL0096,Digital Literacy,RELEVANT,2,SYNTHETIC_DEMO_MAPPING,SYNTHETIC
7533.03,SKL0098,English Communication,RELEVANT,4,SYNTHETIC_DEMO_MAPPING,SYNTHETIC
7533.03,SKL0096,Digital Literacy,RELEVANT,2,SYNTHETIC_DEMO_MAPPING,SYNTHETIC
7533.03,SKL0093,Problem Solving,RELEVANT,2,SYNTHETIC_DEMO_MAPPING,SYNTHETIC
7533.06,SKL0022,SCADA,RELEVANT,2,SYNTHETIC_DEMO_MAPPING,SYNTHETIC
7533.06,SKL0098,English Communication,RELEVANT,1,SYNTHETIC_DEMO_MAPPING,SYNTHETIC
7533.07,SKL0096,Digital Literacy,RELEVANT,3,SYNTHETIC_DEMO_MAPPING,SYNTHETIC
7533.07,SKL0094,Microsoft Excel,RELEVANT,4,SYNTHETIC_DEMO_MAPPING,SYNTHETIC
7533.08,SKL0052,Two-Wheeler Service,RELEVANT,4,SYNTHETIC_DEMO_MAPPING,SYNTHETIC
7533.08,SKL0092,Communication,RELEVANT,1,SYNTHETIC_DEMO_MAPPING,SYNTHETIC
7533.08,SKL0094,Microsoft Excel,RELEVANT,2,SYNTHETIC_DEMO_MAPPING,SYNTHETIC
7533.08,SKL0098,English Communication,RELEVANT,4,SYNTHETIC_DEMO_MAPPING,SYNTHETIC
7533.08,SKL0050,Automotive CAD,RELEVANT,4,SYNTHETIC_DEMO_MAPPING,SYNTHETIC
7533.09,SKL0097,Team Management,RELEVANT,2,SYNTHETIC_DEMO_MAPPING,SYNTHETIC
7533.09,SKL0094,Microsoft Excel,RELEVANT,4,SYNTHETIC_DEMO_MAPPING,SYNTHETIC
7533.1,SKL0096,Digital Literacy,RELEVANT,2,SYNTHETIC_DEMO_MAPPING,SYNTHETIC
7533.1,SKL0095,Workplace Safety,RELEVANT,2,SYNTHETIC_DEMO_MAPPING,SYNTHETIC
7533.1,SKL0041,AutoCAD,RELEVANT,4,SYNTHETIC_DEMO_MAPPING,SYNTHETIC
7533.1,SKL0042,SolidWorks,RELEVANT,3,SYNTHETIC_DEMO_MAPPING,SYNTHETIC
7533.11,SKL0092,Communication,RELEVANT,4,SYNTHETIC_DEMO_MAPPING,SYNTHETIC
7533.11,SKL0040,Mechanical Assembly,RELEVANT,2,SYNTHETIC_DEMO_MAPPING,SYNTHETIC
7533.11,SKL0095,Workplace Safety,RELEVANT,2,SYNTHETIC_DEMO_MAPPING,SYNTHETIC
7533.11,SKL0096,Digital Literacy,RELEVANT,1,SYNTHETIC_DEMO_MAPPING,SYNTHETIC
7533.12,SKL0098,English Communication,RELEVANT,4,SYNTHETIC_DEMO_MAPPING,SYNTHETIC
7533.12,SKL0036,Lean Manufacturing,RELEVANT,1,SYNTHETIC_DEMO_MAPPING,SYNTHETIC
7533.12,SKL0033,Machine Maintenance,RELEVANT,4,SYNTHETIC_DEMO_MAPPING,SYNTHETIC
7533.12,SKL0035,Quality Control,RELEVANT,4,SYNTHETIC_DEMO_MAPPING,SYNTHETIC
7533.12,SKL0032,CNC Operation,RELEVANT,4,SYNTHETIC_DEMO_MAPPING,SYNTHETIC
7533.99,SKL0098,English Communication,RELEVANT,3,SYNTHETIC_DEMO_MAPPING,SYNTHETIC
7533.99,SKL0097,Team Management,RELEVANT,1,SYNTHETIC_DEMO_MAPPING,SYNTHETIC
7533.99,SKL0095,Workplace Safety,RELEVANT,1,SYNTHETIC_DEMO_MAPPING,SYNTHETIC
7533.99,SKL0093,Problem Solving,RELEVANT,3,SYNTHETIC_DEMO_MAPPING,SYNTHETIC
7533.99,SKL0094,Microsoft Excel,RELEVANT,1,SYNTHETIC_DEMO_MAPPING,SYNTHETIC
7534.01,SKL0016,Data Analysis,RELEVANT,4,SYNTHETIC_DEMO_MAPPING,SYNTHETIC
7534.01,SKL0006,Next.js,RELEVANT,4,SYNTHETIC_DEMO_MAPPING,SYNTHETIC
7534.01,SKL0097,Team Management,RELEVANT,1,SYNTHETIC_DEMO_MAPPING,SYNTHETIC
7534.02,SKL0096,Digital Literacy,RELEVANT,1,SYNTHETIC_DEMO_MAPPING,SYNTHETIC
7534.02,SKL0093,Problem Solving,RELEVANT,4,SYNTHETIC_DEMO_MAPPING,SYNTHETIC
7534.02,SKL0043,Automotive Diagnostics,RELEVANT,1,SYNTHETIC_DEMO_MAPPING,SYNTHETIC
7534.02,SKL0051,Service Operations,RELEVANT,3,SYNTHETIC_DEMO_MAPPING,SYNTHETIC
7534.02,SKL0052,Two-Wheeler Service,RELEVANT,4,SYNTHETIC_DEMO_MAPPING,SYNTHETIC
7534.03,SKL0050,Automotive CAD,RELEVANT,1,SYNTHETIC_DEMO_MAPPING,SYNTHETIC
7534.03,SKL0096,Digital Literacy,RELEVANT,1,SYNTHETIC_DEMO_MAPPING,SYNTHETIC
7534.03,SKL0048,Auto Electrical,RELEVANT,2,SYNTHETIC_DEMO_MAPPING,SYNTHETIC
7534.04,SKL0051,Service Operations,RELEVANT,1,SYNTHETIC_DEMO_MAPPING,SYNTHETIC
7534.04,SKL0049,Electric Motor Systems,RELEVANT,4,SYNTHETIC_DEMO_MAPPING,SYNTHETIC
7534.04,SKL0097,Team Management,RELEVANT,4,SYNTHETIC_DEMO_MAPPING,SYNTHETIC
7534.04,SKL0094,Microsoft Excel,RELEVANT,1,SYNTHETIC_DEMO_MAPPING,SYNTHETIC
7534.04,SKL0096,Digital Literacy,RELEVANT,2,SYNTHETIC_DEMO_MAPPING,SYNTHETIC
7534.05,SKL0039,CNC Milling,RELEVANT,2,SYNTHETIC_DEMO_MAPPING,SYNTHETIC
7534.05,SKL0094,Microsoft Excel,RELEVANT,4,SYNTHETIC_DEMO_MAPPING,SYNTHETIC
7534.05,SKL0098,English Communication,RELEVANT,2,SYNTHETIC_DEMO_MAPPING,SYNTHETIC
7534.05,SKL0092,Communication,RELEVANT,4,SYNTHETIC_DEMO_MAPPING,SYNTHETIC
7534.05,SKL0034,Welding,RELEVANT,2,SYNTHETIC_DEMO_MAPPING,SYNTHETIC
7534.99,SKL0097,Team Management,RELEVANT,1,SYNTHETIC_DEMO_MAPPING,SYNTHETIC
7534.99,SKL0096,Digital Literacy,RELEVANT,3,SYNTHETIC_DEMO_MAPPING,SYNTHETIC
7535.01,SKL0098,English Communication,RELEVANT,3,SYNTHETIC_DEMO_MAPPING,SYNTHETIC
7535.01,SKL0097,Team Management,RELEVANT,1,SYNTHETIC_DEMO_MAPPING,SYNTHETIC
7535.02,SKL0097,Team Management,RELEVANT,3,SYNTHETIC_DEMO_MAPPING,SYNTHETIC
7535.02,SKL0092,Communication,RELEVANT,1,SYNTHETIC_DEMO_MAPPING,SYNTHETIC
7535.03,SKL0092,Communication,RELEVANT,4,SYNTHETIC_DEMO_MAPPING,SYNTHETIC
7535.03,SKL0094,Microsoft Excel,RELEVANT,2,SYNTHETIC_DEMO_MAPPING,SYNTHETIC
7535.04,SKL0093,Problem Solving,RELEVANT,4,SYNTHETIC_DEMO_MAPPING,SYNTHETIC
7535.04,SKL0094,Microsoft Excel,RELEVANT,4,SYNTHETIC_DEMO_MAPPING,SYNTHETIC
7535.05,SKL0034,Welding,RELEVANT,4,SYNTHETIC_DEMO_MAPPING,SYNTHETIC
7535.05,SKL0097,Team Management,RELEVANT,2,SYNTHETIC_DEMO_MAPPING,SYNTHETIC
7535.05,SKL0093,Problem Solving,RELEVANT,2,SYNTHETIC_DEMO_MAPPING,SYNTHETIC
7535.05,SKL0096,Digital Literacy,RELEVANT,2,SYNTHETIC_DEMO_MAPPING,SYNTHETIC
7535.06,SKL0098,English Communication,RELEVANT,2,SYNTHETIC_DEMO_MAPPING,SYNTHETIC
7535.06,SKL0095,Workplace Safety,RELEVANT,4,SYNTHETIC_DEMO_MAPPING,SYNTHETIC
7535.06,SKL0097,Team Management,RELEVANT,4,SYNTHETIC_DEMO_MAPPING,SYNTHETIC
7535.06,SKL0096,Digital Literacy,RELEVANT,3,SYNTHETIC_DEMO_MAPPING,SYNTHETIC
7535.06,SKL0094,Microsoft Excel,RELEVANT,3,SYNTHETIC_DEMO_MAPPING,SYNTHETIC
7535.07,SKL0093,Problem Solving,RELEVANT,1,SYNTHETIC_DEMO_MAPPING,SYNTHETIC
7535.07,SKL0094,Microsoft Excel,RELEVANT,4,SYNTHETIC_DEMO_MAPPING,SYNTHETIC
7535.07,SKL0095,Workplace Safety,RELEVANT,2,SYNTHETIC_DEMO_MAPPING,SYNTHETIC
7535.09,SKL0093,Problem Solving,RELEVANT,2,SYNTHETIC_DEMO_MAPPING,SYNTHETIC
7535.09,SKL0092,Communication,RELEVANT,4,SYNTHETIC_DEMO_MAPPING,SYNTHETIC
7535.09,SKL0094,Microsoft Excel,RELEVANT,2,SYNTHETIC_DEMO_MAPPING,SYNTHETIC
7535.09,SKL0097,Team Management,RELEVANT,1,SYNTHETIC_DEMO_MAPPING,SYNTHETIC
7535.1,SKL0034,Welding,RELEVANT,2,SYNTHETIC_DEMO_MAPPING,SYNTHETIC
7535.1,SKL0097,Team Management,RELEVANT,1,SYNTHETIC_DEMO_MAPPING,SYNTHETIC
7535.11,SKL0097,Team Management,RELEVANT,3,SYNTHETIC_DEMO_MAPPING,SYNTHETIC
7535.11,SKL0095,Workplace Safety,RELEVANT,1,SYNTHETIC_DEMO_MAPPING,SYNTHETIC
7535.11,SKL0098,English Communication,RELEVANT,1,SYNTHETIC_DEMO_MAPPING,SYNTHETIC
7535.11,SKL0092,Communication,RELEVANT,2,SYNTHETIC_DEMO_MAPPING,SYNTHETIC
7535.11,SKL0094,Microsoft Excel,RELEVANT,3,SYNTHETIC_DEMO_MAPPING,SYNTHETIC
7535.12,SKL0098,English Communication,RELEVANT,3,SYNTHETIC_DEMO_MAPPING,SYNTHETIC
7535.12,SKL0096,Digital Literacy,RELEVANT,2,SYNTHETIC_DEMO_MAPPING,SYNTHETIC
7535.12,SKL0092,Communication,RELEVANT,1,SYNTHETIC_DEMO_MAPPING,SYNTHETIC
7535.13,SKL0092,Communication,RELEVANT,3,SYNTHETIC_DEMO_MAPPING,SYNTHETIC
7535.13,SKL0039,CNC Milling,RELEVANT,4,SYNTHETIC_DEMO_MAPPING,SYNTHETIC
7535.14,SKL0093,Problem Solving,RELEVANT,3,SYNTHETIC_DEMO_MAPPING,SYNTHETIC
7535.14,SKL0036,Lean Manufacturing,RELEVANT,1,SYNTHETIC_DEMO_MAPPING,SYNTHETIC
7535.15,SKL0092,Communication,RELEVANT,2,SYNTHETIC_DEMO_MAPPING,SYNTHETIC
7535.15,SKL0038,CNC Turning,RELEVANT,3,SYNTHETIC_DEMO_MAPPING,SYNTHETIC
7535.16,SKL0092,Communication,RELEVANT,4,SYNTHETIC_DEMO_MAPPING,SYNTHETIC
7535.16,SKL0097,Team Management,RELEVANT,1,SYNTHETIC_DEMO_MAPPING,SYNTHETIC
7535.16,SKL0096,Digital Literacy,RELEVANT,3,SYNTHETIC_DEMO_MAPPING,SYNTHETIC
7535.16,SKL0093,Problem Solving,RELEVANT,2,SYNTHETIC_DEMO_MAPPING,SYNTHETIC
7535.16,SKL0094,Microsoft Excel,RELEVANT,3,SYNTHETIC_DEMO_MAPPING,SYNTHETIC
7535.17,SKL0095,Workplace Safety,RELEVANT,1,SYNTHETIC_DEMO_MAPPING,SYNTHETIC
7535.17,SKL0096,Digital Literacy,RELEVANT,2,SYNTHETIC_DEMO_MAPPING,SYNTHETIC
7535.17,SKL0097,Team Management,RELEVANT,1,SYNTHETIC_DEMO_MAPPING,SYNTHETIC
7535.18,SKL0094,Microsoft Excel,RELEVANT,2,SYNTHETIC_DEMO_MAPPING,SYNTHETIC
7535.18,SKL0093,Problem Solving,RELEVANT,3,SYNTHETIC_DEMO_MAPPING,SYNTHETIC
7535.18,SKL0098,English Communication,RELEVANT,3,SYNTHETIC_DEMO_MAPPING,SYNTHETIC
7535.19,SKL0035,Quality Control,RELEVANT,2,SYNTHETIC_DEMO_MAPPING,SYNTHETIC
7535.19,SKL0039,CNC Milling,RELEVANT,4,SYNTHETIC_DEMO_MAPPING,SYNTHETIC
7535.19,SKL0095,Workplace Safety,RELEVANT,2,SYNTHETIC_DEMO_MAPPING,SYNTHETIC
7535.19,SKL0037,Production Planning,RELEVANT,3,SYNTHETIC_DEMO_MAPPING,SYNTHETIC
7535.2,SKL0092,Communication,RELEVANT,4,SYNTHETIC_DEMO_MAPPING,SYNTHETIC
7535.2,SKL0093,Problem Solving,RELEVANT,4,SYNTHETIC_DEMO_MAPPING,SYNTHETIC
7535.21,SKL0096,Digital Literacy,RELEVANT,4,SYNTHETIC_DEMO_MAPPING,SYNTHETIC
7535.21,SKL0092,Communication,RELEVANT,2,SYNTHETIC_DEMO_MAPPING,SYNTHETIC
7535.21,SKL0093,Problem Solving,RELEVANT,1,SYNTHETIC_DEMO_MAPPING,SYNTHETIC
7535.22,SKL0092,Communication,RELEVANT,1,SYNTHETIC_DEMO_MAPPING,SYNTHETIC
7535.22,SKL0038,CNC Turning,RELEVANT,3,SYNTHETIC_DEMO_MAPPING,SYNTHETIC
7535.22,SKL0035,Quality Control,RELEVANT,2,SYNTHETIC_DEMO_MAPPING,SYNTHETIC
7535.22,SKL0096,Digital Literacy,RELEVANT,4,SYNTHETIC_DEMO_MAPPING,SYNTHETIC
7535.99,SKL0098,English Communication,RELEVANT,4,SYNTHETIC_DEMO_MAPPING,SYNTHETIC
7535.99,SKL0097,Team Management,RELEVANT,4,SYNTHETIC_DEMO_MAPPING,SYNTHETIC
7535.99,SKL0095,Workplace Safety,RELEVANT,3,SYNTHETIC_DEMO_MAPPING,SYNTHETIC
7535.99,SKL0096,Digital Literacy,RELEVANT,3,SYNTHETIC_DEMO_MAPPING,SYNTHETIC
7536.01,SKL0094,Microsoft Excel,RELEVANT,1,SYNTHETIC_DEMO_MAPPING,SYNTHETIC
7536.01,SKL0097,Team Management,RELEVANT,2,SYNTHETIC_DEMO_MAPPING,SYNTHETIC
7536.01,SKL0096,Digital Literacy,RELEVANT,4,SYNTHETIC_DEMO_MAPPING,SYNTHETIC
7536.02,SKL0092,Communication,RELEVANT,2,SYNTHETIC_DEMO_MAPPING,SYNTHETIC
7536.02,SKL0095,Workplace Safety,RELEVANT,1,SYNTHETIC_DEMO_MAPPING,SYNTHETIC
7536.02,SKL0098,English Communication,RELEVANT,3,SYNTHETIC_DEMO_MAPPING,SYNTHETIC
7536.02,SKL0097,Team Management,RELEVANT,4,SYNTHETIC_DEMO_MAPPING,SYNTHETIC
7536.03,SKL0039,CNC Milling,RELEVANT,3,SYNTHETIC_DEMO_MAPPING,SYNTHETIC
7536.03,SKL0037,Production Planning,RELEVANT,4,SYNTHETIC_DEMO_MAPPING,SYNTHETIC
7536.03,SKL0044,EV Systems,RELEVANT,4,SYNTHETIC_DEMO_MAPPING,SYNTHETIC
7536.04,SKL0094,Microsoft Excel,RELEVANT,4,SYNTHETIC_DEMO_MAPPING,SYNTHETIC
7536.04,SKL0096,Digital Literacy,RELEVANT,2,SYNTHETIC_DEMO_MAPPING,SYNTHETIC
7536.05,SKL0095,Workplace Safety,RELEVANT,4,SYNTHETIC_DEMO_MAPPING,SYNTHETIC
7536.05,SKL0097,Team Management,RELEVANT,1,SYNTHETIC_DEMO_MAPPING,SYNTHETIC
7536.05,SKL0092,Communication,RELEVANT,3,SYNTHETIC_DEMO_MAPPING,SYNTHETIC
7536.06,SKL0092,Communication,RELEVANT,4,SYNTHETIC_DEMO_MAPPING,SYNTHETIC
7536.06,SKL0094,Microsoft Excel,RELEVANT,4,SYNTHETIC_DEMO_MAPPING,SYNTHETIC
7536.06,SKL0093,Problem Solving,RELEVANT,4,SYNTHETIC_DEMO_MAPPING,SYNTHETIC
7536.06,SKL0096,Digital Literacy,RELEVANT,2,SYNTHETIC_DEMO_MAPPING,SYNTHETIC
7536.08,SKL0092,Communication,RELEVANT,2,SYNTHETIC_DEMO_MAPPING,SYNTHETIC
7536.08,SKL0097,Team Management,RELEVANT,3,SYNTHETIC_DEMO_MAPPING,SYNTHETIC
7536.12,SKL0032,CNC Operation,RELEVANT,2,SYNTHETIC_DEMO_MAPPING,SYNTHETIC
7536.12,SKL0097,Team Management,RELEVANT,1,SYNTHETIC_DEMO_MAPPING,SYNTHETIC
7536.12,SKL0092,Communication,RELEVANT,1,SYNTHETIC_DEMO_MAPPING,SYNTHETIC
7536.12,SKL0033,Machine Maintenance,RELEVANT,3,SYNTHETIC_DEMO_MAPPING,SYNTHETIC
7536.12,SKL0034,Welding,RELEVANT,1,SYNTHETIC_DEMO_MAPPING,SYNTHETIC
7536.15,SKL0031,CNC Programming,RELEVANT,3,SYNTHETIC_DEMO_MAPPING,SYNTHETIC
7536.15,SKL0034,Welding,RELEVANT,2,SYNTHETIC_DEMO_MAPPING,SYNTHETIC
7536.15,SKL0041,AutoCAD,RELEVANT,3,SYNTHETIC_DEMO_MAPPING,SYNTHETIC
7536.15,SKL0033,Machine Maintenance,RELEVANT,2,SYNTHETIC_DEMO_MAPPING,SYNTHETIC
7536.15,SKL0097,Team Management,RELEVANT,2,SYNTHETIC_DEMO_MAPPING,SYNTHETIC
7536.16,SKL0093,Problem Solving,RELEVANT,1,SYNTHETIC_DEMO_MAPPING,SYNTHETIC
7536.16,SKL0092,Communication,RELEVANT,3,SYNTHETIC_DEMO_MAPPING,SYNTHETIC
7536.16,SKL0098,English Communication,RELEVANT,4,SYNTHETIC_DEMO_MAPPING,SYNTHETIC
7536.16,SKL0094,Microsoft Excel,RELEVANT,4,SYNTHETIC_DEMO_MAPPING,SYNTHETIC
7536.17,SKL0038,CNC Turning,RELEVANT,3,SYNTHETIC_DEMO_MAPPING,SYNTHETIC
7536.17,SKL0035,Quality Control,RELEVANT,4,SYNTHETIC_DEMO_MAPPING,SYNTHETIC
7536.17,SKL0034,Welding,RELEVANT,3,SYNTHETIC_DEMO_MAPPING,SYNTHETIC
7536.17,SKL0032,CNC Operation,RELEVANT,2,SYNTHETIC_DEMO_MAPPING,SYNTHETIC
7536.18,SKL0098,English Communication,RELEVANT,1,SYNTHETIC_DEMO_MAPPING,SYNTHETIC
7536.18,SKL0035,Quality Control,RELEVANT,2,SYNTHETIC_DEMO_MAPPING,SYNTHETIC
7536.19,SKL0017,Machine Learning,RELEVANT,2,SYNTHETIC_DEMO_MAPPING,SYNTHETIC
7536.19,SKL0094,Microsoft Excel,RELEVANT,1,SYNTHETIC_DEMO_MAPPING,SYNTHETIC
7536.2,SKL0095,Workplace Safety,RELEVANT,2,SYNTHETIC_DEMO_MAPPING,SYNTHETIC
7536.2,SKL0094,Microsoft Excel,RELEVANT,4,SYNTHETIC_DEMO_MAPPING,SYNTHETIC
7536.2,SKL0096,Digital Literacy,RELEVANT,4,SYNTHETIC_DEMO_MAPPING,SYNTHETIC
7536.2,SKL0092,Communication,RELEVANT,3,SYNTHETIC_DEMO_MAPPING,SYNTHETIC
7536.2,SKL0098,English Communication,RELEVANT,2,SYNTHETIC_DEMO_MAPPING,SYNTHETIC
7536.21,SKL0096,Digital Literacy,RELEVANT,2,SYNTHETIC_DEMO_MAPPING,SYNTHETIC
7536.21,SKL0039,CNC Milling,RELEVANT,3,SYNTHETIC_DEMO_MAPPING,SYNTHETIC
7536.22,SKL0036,Lean Manufacturing,RELEVANT,4,SYNTHETIC_DEMO_MAPPING,SYNTHETIC
7536.22,SKL0034,Welding,RELEVANT,3,SYNTHETIC_DEMO_MAPPING,SYNTHETIC
7536.22,SKL0097,Team Management,RELEVANT,4,SYNTHETIC_DEMO_MAPPING,SYNTHETIC
7536.22,SKL0035,Quality Control,RELEVANT,4,SYNTHETIC_DEMO_MAPPING,SYNTHETIC
7536.23,SKL0041,AutoCAD,RELEVANT,3,SYNTHETIC_DEMO_MAPPING,SYNTHETIC
7536.23,SKL0031,CNC Programming,RELEVANT,4,SYNTHETIC_DEMO_MAPPING,SYNTHETIC
7536.23,SKL0044,EV Systems,RELEVANT,3,SYNTHETIC_DEMO_MAPPING,SYNTHETIC
7536.23,SKL0049,Electric Motor Systems,RELEVANT,3,SYNTHETIC_DEMO_MAPPING,SYNTHETIC
7536.24,SKL0036,Lean Manufacturing,RELEVANT,3,SYNTHETIC_DEMO_MAPPING,SYNTHETIC
7536.24,SKL0093,Problem Solving,RELEVANT,4,SYNTHETIC_DEMO_MAPPING,SYNTHETIC
7536.24,SKL0095,Workplace Safety,RELEVANT,3,SYNTHETIC_DEMO_MAPPING,SYNTHETIC
7536.24,SKL0035,Quality Control,RELEVANT,2,SYNTHETIC_DEMO_MAPPING,SYNTHETIC
7536.24,SKL0034,Welding,RELEVANT,1,SYNTHETIC_DEMO_MAPPING,SYNTHETIC
7536.25,SKL0093,Problem Solving,RELEVANT,3,SYNTHETIC_DEMO_MAPPING,SYNTHETIC
7536.25,SKL0096,Digital Literacy,RELEVANT,2,SYNTHETIC_DEMO_MAPPING,SYNTHETIC
7536.26,SKL0033,Machine Maintenance,RELEVANT,4,SYNTHETIC_DEMO_MAPPING,SYNTHETIC
7536.26,SKL0034,Welding,RELEVANT,1,SYNTHETIC_DEMO_MAPPING,SYNTHETIC
7536.26,SKL0095,Workplace Safety,RELEVANT,1,SYNTHETIC_DEMO_MAPPING,SYNTHETIC
7536.26,SKL0039,CNC Milling,RELEVANT,2,SYNTHETIC_DEMO_MAPPING,SYNTHETIC
7536.26,SKL0048,Auto Electrical,RELEVANT,2,SYNTHETIC_DEMO_MAPPING,SYNTHETIC
7536.27,SKL0032,CNC Operation,RELEVANT,1,SYNTHETIC_DEMO_MAPPING,SYNTHETIC
7536.27,SKL0093,Problem Solving,RELEVANT,1,SYNTHETIC_DEMO_MAPPING,SYNTHETIC
7536.27,SKL0092,Communication,RELEVANT,1,SYNTHETIC_DEMO_MAPPING,SYNTHETIC
7536.27,SKL0095,Workplace Safety,RELEVANT,3,SYNTHETIC_DEMO_MAPPING,SYNTHETIC
7536.99,SKL0036,Lean Manufacturing,RELEVANT,4,SYNTHETIC_DEMO_MAPPING,SYNTHETIC
7536.99,SKL0096,Digital Literacy,RELEVANT,3,SYNTHETIC_DEMO_MAPPING,SYNTHETIC
7536.99,SKL0079,Agri Input Management,RELEVANT,1,SYNTHETIC_DEMO_MAPPING,SYNTHETIC
7536.99,SKL0042,SolidWorks,RELEVANT,4,SYNTHETIC_DEMO_MAPPING,SYNTHETIC
7541.01,SKL0092,Communication,RELEVANT,3,SYNTHETIC_DEMO_MAPPING,SYNTHETIC
7541.01,SKL0098,English Communication,RELEVANT,4,SYNTHETIC_DEMO_MAPPING,SYNTHETIC
7541.01,SKL0094,Microsoft Excel,RELEVANT,2,SYNTHETIC_DEMO_MAPPING,SYNTHETIC
7541.01,SKL0093,Problem Solving,RELEVANT,3,SYNTHETIC_DEMO_MAPPING,SYNTHETIC
7541.01,SKL0097,Team Management,RELEVANT,4,SYNTHETIC_DEMO_MAPPING,SYNTHETIC
7541.02,SKL0097,Team Management,RELEVANT,2,SYNTHETIC_DEMO_MAPPING,SYNTHETIC
7541.02,SKL0094,Microsoft Excel,RELEVANT,4,SYNTHETIC_DEMO_MAPPING,SYNTHETIC
7541.02,SKL0095,Workplace Safety,RELEVANT,4,SYNTHETIC_DEMO_MAPPING,SYNTHETIC
7541.03,SKL0037,Production Planning,RELEVANT,3,SYNTHETIC_DEMO_MAPPING,SYNTHETIC
7541.03,SKL0096,Digital Literacy,RELEVANT,3,SYNTHETIC_DEMO_MAPPING,SYNTHETIC
7541.04,SKL0097,Team Management,RELEVANT,4,SYNTHETIC_DEMO_MAPPING,SYNTHETIC
7541.04,SKL0096,Digital Literacy,RELEVANT,4,SYNTHETIC_DEMO_MAPPING,SYNTHETIC
7541.04,SKL0094,Microsoft Excel,RELEVANT,2,SYNTHETIC_DEMO_MAPPING,SYNTHETIC
7541.04,SKL0098,English Communication,RELEVANT,3,SYNTHETIC_DEMO_MAPPING,SYNTHETIC
7541.04,SKL0095,Workplace Safety,RELEVANT,2,SYNTHETIC_DEMO_MAPPING,SYNTHETIC
7541.05,SKL0094,Microsoft Excel,RELEVANT,2,SYNTHETIC_DEMO_MAPPING,SYNTHETIC
7541.05,SKL0092,Communication,RELEVANT,1,SYNTHETIC_DEMO_MAPPING,SYNTHETIC
7541.05,SKL0095,Workplace Safety,RELEVANT,3,SYNTHETIC_DEMO_MAPPING,SYNTHETIC
7541.05,SKL0098,English Communication,RELEVANT,3,SYNTHETIC_DEMO_MAPPING,SYNTHETIC
7541.05,SKL0097,Team Management,RELEVANT,2,SYNTHETIC_DEMO_MAPPING,SYNTHETIC
7541.06,SKL0098,English Communication,RELEVANT,1,SYNTHETIC_DEMO_MAPPING,SYNTHETIC
7541.06,SKL0050,Automotive CAD,RELEVANT,4,SYNTHETIC_DEMO_MAPPING,SYNTHETIC
7541.06,SKL0093,Problem Solving,RELEVANT,1,SYNTHETIC_DEMO_MAPPING,SYNTHETIC
7541.06,SKL0043,Automotive Diagnostics,RELEVANT,1,SYNTHETIC_DEMO_MAPPING,SYNTHETIC
7541.07,SKL0098,English Communication,RELEVANT,1,SYNTHETIC_DEMO_MAPPING,SYNTHETIC
7541.07,SKL0096,Digital Literacy,RELEVANT,4,SYNTHETIC_DEMO_MAPPING,SYNTHETIC
7541.99,SKL0094,Microsoft Excel,RELEVANT,3,SYNTHETIC_DEMO_MAPPING,SYNTHETIC
7541.99,SKL0097,Team Management,RELEVANT,2,SYNTHETIC_DEMO_MAPPING,SYNTHETIC
7541.99,SKL0092,Communication,RELEVANT,1,SYNTHETIC_DEMO_MAPPING,SYNTHETIC
7541.99,SKL0045,Battery Management Systems,RELEVANT,4,SYNTHETIC_DEMO_MAPPING,SYNTHETIC
7541.99,SKL0047,Vehicle Diagnostics,RELEVANT,3,SYNTHETIC_DEMO_MAPPING,SYNTHETIC
7542.01,SKL0028,Electrical Testing,RELEVANT,2,SYNTHETIC_DEMO_MAPPING,SYNTHETIC
7542.01,SKL0021,PLC,RELEVANT,3,SYNTHETIC_DEMO_MAPPING,SYNTHETIC
7542.0101,SKL0088,Fleet Management,RELEVANT,2,SYNTHETIC_DEMO_MAPPING,SYNTHETIC
7542.0101,SKL0087,Supply Chain Management,RELEVANT,2,SYNTHETIC_DEMO_MAPPING,SYNTHETIC
7542.0101,SKL0092,Communication,RELEVANT,4,SYNTHETIC_DEMO_MAPPING,SYNTHETIC
7542.0101,SKL0098,English Communication,RELEVANT,3,SYNTHETIC_DEMO_MAPPING,SYNTHETIC
7542.02,SKL0096,Digital Literacy,RELEVANT,4,SYNTHETIC_DEMO_MAPPING,SYNTHETIC
7542.02,SKL0097,Team Management,RELEVANT,3,SYNTHETIC_DEMO_MAPPING,SYNTHETIC
7542.03,SKL0097,Team Management,RELEVANT,1,SYNTHETIC_DEMO_MAPPING,SYNTHETIC
7542.03,SKL0093,Problem Solving,RELEVANT,3,SYNTHETIC_DEMO_MAPPING,SYNTHETIC
7542.03,SKL0096,Digital Literacy,RELEVANT,2,SYNTHETIC_DEMO_MAPPING,SYNTHETIC
7542.03,SKL0092,Communication,RELEVANT,1,SYNTHETIC_DEMO_MAPPING,SYNTHETIC
7542.03,SKL0098,English Communication,RELEVANT,3,SYNTHETIC_DEMO_MAPPING,SYNTHETIC
7542.04,SKL0097,Team Management,RELEVANT,2,SYNTHETIC_DEMO_MAPPING,SYNTHETIC
7542.04,SKL0093,Problem Solving,RELEVANT,1,SYNTHETIC_DEMO_MAPPING,SYNTHETIC
7542.04,SKL0098,English Communication,RELEVANT,4,SYNTHETIC_DEMO_MAPPING,SYNTHETIC
7542.04,SKL0095,Workplace Safety,RELEVANT,2,SYNTHETIC_DEMO_MAPPING,SYNTHETIC
7542.04,SKL0094,Microsoft Excel,RELEVANT,4,SYNTHETIC_DEMO_MAPPING,SYNTHETIC
7542.05,SKL0098,English Communication,RELEVANT,1,SYNTHETIC_DEMO_MAPPING,SYNTHETIC
7542.05,SKL0092,Communication,RELEVANT,3,SYNTHETIC_DEMO_MAPPING,SYNTHETIC
7542.05,SKL0097,Team Management,RELEVANT,4,SYNTHETIC_DEMO_MAPPING,SYNTHETIC
7542.05,SKL0095,Workplace Safety,RELEVANT,1,SYNTHETIC_DEMO_MAPPING,SYNTHETIC
7542.05,SKL0094,Microsoft Excel,RELEVANT,1,SYNTHETIC_DEMO_MAPPING,SYNTHETIC
7542.06,SKL0098,English Communication,RELEVANT,4,SYNTHETIC_DEMO_MAPPING,SYNTHETIC
7542.06,SKL0094,Microsoft Excel,RELEVANT,4,SYNTHETIC_DEMO_MAPPING,SYNTHETIC
7542.06,SKL0095,Workplace Safety,RELEVANT,3,SYNTHETIC_DEMO_MAPPING,SYNTHETIC
7542.06,SKL0096,Digital Literacy,RELEVANT,1,SYNTHETIC_DEMO_MAPPING,SYNTHETIC
7542.06,SKL0097,Team Management,RELEVANT,4,SYNTHETIC_DEMO_MAPPING,SYNTHETIC
7542.07,SKL0098,English Communication,RELEVANT,3,SYNTHETIC_DEMO_MAPPING,SYNTHETIC
7542.07,SKL0092,Communication,RELEVANT,2,SYNTHETIC_DEMO_MAPPING,SYNTHETIC
7542.07,SKL0093,Problem Solving,RELEVANT,1,SYNTHETIC_DEMO_MAPPING,SYNTHETIC
7542.08,SKL0014,Azure,RELEVANT,2,SYNTHETIC_DEMO_MAPPING,SYNTHETIC
7542.08,SKL0094,Microsoft Excel,RELEVANT,3,SYNTHETIC_DEMO_MAPPING,SYNTHETIC
7542.08,SKL0009,PostgreSQL,RELEVANT,2,SYNTHETIC_DEMO_MAPPING,SYNTHETIC
7542.99,SKL0097,Team Management,RELEVANT,3,SYNTHETIC_DEMO_MAPPING,SYNTHETIC
7542.99,SKL0096,Digital Literacy,RELEVANT,1,SYNTHETIC_DEMO_MAPPING,SYNTHETIC
7542.99,SKL0095,Workplace Safety,RELEVANT,4,SYNTHETIC_DEMO_MAPPING,SYNTHETIC
7542.99,SKL0094,Microsoft Excel,RELEVANT,3,SYNTHETIC_DEMO_MAPPING,SYNTHETIC
7543.0101,SKL0031,CNC Programming,RELEVANT,1,SYNTHETIC_DEMO_MAPPING,SYNTHETIC
7543.0101,SKL0095,Workplace Safety,RELEVANT,4,SYNTHETIC_DEMO_MAPPING,SYNTHETIC
7543.0101,SKL0032,CNC Operation,RELEVANT,4,SYNTHETIC_DEMO_MAPPING,SYNTHETIC
7543.0101,SKL0033,Machine Maintenance,RELEVANT,3,SYNTHETIC_DEMO_MAPPING,SYNTHETIC
7543.0201,SKL0096,Digital Literacy,RELEVANT,2,SYNTHETIC_DEMO_MAPPING,SYNTHETIC
7543.0201,SKL0041,AutoCAD,RELEVANT,4,SYNTHETIC_DEMO_MAPPING,SYNTHETIC
7543.0201,SKL0036,Lean Manufacturing,RELEVANT,1,SYNTHETIC_DEMO_MAPPING,SYNTHETIC
7543.0201,SKL0038,CNC Turning,RELEVANT,3,SYNTHETIC_DEMO_MAPPING,SYNTHETIC
7543.0201,SKL0033,Machine Maintenance,RELEVANT,1,SYNTHETIC_DEMO_MAPPING,SYNTHETIC
7543.0202,SKL0037,Production Planning,RELEVANT,2,SYNTHETIC_DEMO_MAPPING,SYNTHETIC
7543.0202,SKL0032,CNC Operation,RELEVANT,1,SYNTHETIC_DEMO_MAPPING,SYNTHETIC
7543.0202,SKL0092,Communication,RELEVANT,3,SYNTHETIC_DEMO_MAPPING,SYNTHETIC
7543.0202,SKL0042,SolidWorks,RELEVANT,4,SYNTHETIC_DEMO_MAPPING,SYNTHETIC
7543.0202,SKL0040,Mechanical Assembly,RELEVANT,4,SYNTHETIC_DEMO_MAPPING,SYNTHETIC
7543.03,SKL0034,Welding,RELEVANT,2,SYNTHETIC_DEMO_MAPPING,SYNTHETIC
7543.03,SKL0098,English Communication,RELEVANT,2,SYNTHETIC_DEMO_MAPPING,SYNTHETIC
7543.03,SKL0092,Communication,RELEVANT,4,SYNTHETIC_DEMO_MAPPING,SYNTHETIC
7543.0301,SKL0092,Communication,RELEVANT,1,SYNTHETIC_DEMO_MAPPING,SYNTHETIC
7543.0301,SKL0097,Team Management,RELEVANT,2,SYNTHETIC_DEMO_MAPPING,SYNTHETIC
7543.0301,SKL0098,English Communication,RELEVANT,3,SYNTHETIC_DEMO_MAPPING,SYNTHETIC
7543.0302,SKL0092,Communication,RELEVANT,3,SYNTHETIC_DEMO_MAPPING,SYNTHETIC
7543.0302,SKL0095,Workplace Safety,RELEVANT,2,SYNTHETIC_DEMO_MAPPING,SYNTHETIC
7543.0302,SKL0093,Problem Solving,RELEVANT,4,SYNTHETIC_DEMO_MAPPING,SYNTHETIC
7543.04,SKL0094,Microsoft Excel,RELEVANT,2,SYNTHETIC_DEMO_MAPPING,SYNTHETIC
7543.04,SKL0096,Digital Literacy,RELEVANT,1,SYNTHETIC_DEMO_MAPPING,SYNTHETIC
7543.04,SKL0098,English Communication,RELEVANT,2,SYNTHETIC_DEMO_MAPPING,SYNTHETIC
7543.04,SKL0095,Workplace Safety,RELEVANT,3,SYNTHETIC_DEMO_MAPPING,SYNTHETIC
7543.04,SKL0097,Team Management,RELEVANT,3,SYNTHETIC_DEMO_MAPPING,SYNTHETIC
7543.05,SKL0026,IoT,RELEVANT,3,SYNTHETIC_DEMO_MAPPING,SYNTHETIC
7543.05,SKL0036,Lean Manufacturing,RELEVANT,2,SYNTHETIC_DEMO_MAPPING,SYNTHETIC
7543.05,SKL0027,Sensors,RELEVANT,4,SYNTHETIC_DEMO_MAPPING,SYNTHETIC
7543.05,SKL0096,Digital Literacy,RELEVANT,3,SYNTHETIC_DEMO_MAPPING,SYNTHETIC
7543.05,SKL0021,PLC,RELEVANT,3,SYNTHETIC_DEMO_MAPPING,SYNTHETIC
7543.0701,SKL0040,Mechanical Assembly,RELEVANT,1,SYNTHETIC_DEMO_MAPPING,SYNTHETIC
7543.0701,SKL0034,Welding,RELEVANT,2,SYNTHETIC_DEMO_MAPPING,SYNTHETIC
7543.0701,SKL0024,PCB Design,RELEVANT,2,SYNTHETIC_DEMO_MAPPING,SYNTHETIC
7543.0701,SKL0039,CNC Milling,RELEVANT,4,SYNTHETIC_DEMO_MAPPING,SYNTHETIC
7543.0701,SKL0035,Quality Control,RELEVANT,4,SYNTHETIC_DEMO_MAPPING,SYNTHETIC
7543.0702,SKL0097,Team Management,RELEVANT,3,SYNTHETIC_DEMO_MAPPING,SYNTHETIC
7543.0702,SKL0095,Workplace Safety,RELEVANT,2,SYNTHETIC_DEMO_MAPPING,SYNTHETIC
7543.0702,SKL0025,Industrial Automation,RELEVANT,1,SYNTHETIC_DEMO_MAPPING,SYNTHETIC
7543.0801,SKL0096,Digital Literacy,RELEVANT,2,SYNTHETIC_DEMO_MAPPING,SYNTHETIC
7543.0801,SKL0095,Workplace Safety,RELEVANT,4,SYNTHETIC_DEMO_MAPPING,SYNTHETIC
7543.0802,SKL0098,English Communication,RELEVANT,4,SYNTHETIC_DEMO_MAPPING,SYNTHETIC
7543.0802,SKL0097,Team Management,RELEVANT,2,SYNTHETIC_DEMO_MAPPING,SYNTHETIC
7543.0802,SKL0094,Microsoft Excel,RELEVANT,1,SYNTHETIC_DEMO_MAPPING,SYNTHETIC
7543.0802,SKL0092,Communication,RELEVANT,2,SYNTHETIC_DEMO_MAPPING,SYNTHETIC
7543.0802,SKL0095,Workplace Safety,RELEVANT,4,SYNTHETIC_DEMO_MAPPING,SYNTHETIC
7543.0803,SKL0090,Logistics Planning,RELEVANT,1,SYNTHETIC_DEMO_MAPPING,SYNTHETIC
7543.0803,SKL0085,Warehouse Management,RELEVANT,3,SYNTHETIC_DEMO_MAPPING,SYNTHETIC
7543.0803,SKL0087,Supply Chain Management,RELEVANT,1,SYNTHETIC_DEMO_MAPPING,SYNTHETIC
7543.0804,SKL0097,Team Management,RELEVANT,1,SYNTHETIC_DEMO_MAPPING,SYNTHETIC
7543.0804,SKL0023,Embedded Systems,RELEVANT,3,SYNTHETIC_DEMO_MAPPING,SYNTHETIC
7543.0804,SKL0021,PLC,RELEVANT,3,SYNTHETIC_DEMO_MAPPING,SYNTHETIC
7543.0804,SKL0024,PCB Design,RELEVANT,4,SYNTHETIC_DEMO_MAPPING,SYNTHETIC
7543.0901,SKL0092,Communication,RELEVANT,1,SYNTHETIC_DEMO_MAPPING,SYNTHETIC
7543.0901,SKL0036,Lean Manufacturing,RELEVANT,4,SYNTHETIC_DEMO_MAPPING,SYNTHETIC
7543.1001,SKL0045,Battery Management Systems,RELEVANT,2,SYNTHETIC_DEMO_MAPPING,SYNTHETIC
7543.1001,SKL0042,SolidWorks,RELEVANT,2,SYNTHETIC_DEMO_MAPPING,SYNTHETIC
7543.1001,SKL0052,Two-Wheeler Service,RELEVANT,1,SYNTHETIC_DEMO_MAPPING,SYNTHETIC
7543.1001,SKL0031,CNC Programming,RELEVANT,4,SYNTHETIC_DEMO_MAPPING,SYNTHETIC
7543.1001,SKL0098,English Communication,RELEVANT,1,SYNTHETIC_DEMO_MAPPING,SYNTHETIC
7543.1002,SKL0052,Two-Wheeler Service,RELEVANT,3,SYNTHETIC_DEMO_MAPPING,SYNTHETIC
7543.1002,SKL0097,Team Management,RELEVANT,4,SYNTHETIC_DEMO_MAPPING,SYNTHETIC
7543.1002,SKL0049,Electric Motor Systems,RELEVANT,4,SYNTHETIC_DEMO_MAPPING,SYNTHETIC
7543.1003,SKL0026,IoT,RELEVANT,1,SYNTHETIC_DEMO_MAPPING,SYNTHETIC
7543.1003,SKL0027,Sensors,RELEVANT,3,SYNTHETIC_DEMO_MAPPING,SYNTHETIC
7543.1003,SKL0042,SolidWorks,RELEVANT,3,SYNTHETIC_DEMO_MAPPING,SYNTHETIC
7543.1003,SKL0034,Welding,RELEVANT,4,SYNTHETIC_DEMO_MAPPING,SYNTHETIC
7543.1003,SKL0037,Production Planning,RELEVANT,1,SYNTHETIC_DEMO_MAPPING,SYNTHETIC
7543.1004,SKL0039,CNC Milling,RELEVANT,1,SYNTHETIC_DEMO_MAPPING,SYNTHETIC
7543.1004,SKL0097,Team Management,RELEVANT,2,SYNTHETIC_DEMO_MAPPING,SYNTHETIC
7543.1005,SKL0042,SolidWorks,RELEVANT,2,SYNTHETIC_DEMO_MAPPING,SYNTHETIC
7543.1005,SKL0097,Team Management,RELEVANT,4,SYNTHETIC_DEMO_MAPPING,SYNTHETIC
7543.1005,SKL0095,Workplace Safety,RELEVANT,1,SYNTHETIC_DEMO_MAPPING,SYNTHETIC
7543.1006,SKL0093,Problem Solving,RELEVANT,3,SYNTHETIC_DEMO_MAPPING,SYNTHETIC
7543.1006,SKL0096,Digital Literacy,RELEVANT,3,SYNTHETIC_DEMO_MAPPING,SYNTHETIC
7543.1006,SKL0098,English Communication,RELEVANT,3,SYNTHETIC_DEMO_MAPPING,SYNTHETIC
7543.1101,SKL0023,Embedded Systems,RELEVANT,1,SYNTHETIC_DEMO_MAPPING,SYNTHETIC
7543.1101,SKL0027,Sensors,RELEVANT,1,SYNTHETIC_DEMO_MAPPING,SYNTHETIC
7543.1101,SKL0094,Microsoft Excel,RELEVANT,1,SYNTHETIC_DEMO_MAPPING,SYNTHETIC
7543.2001,SKL0041,AutoCAD,RELEVANT,2,SYNTHETIC_DEMO_MAPPING,SYNTHETIC
7543.2001,SKL0040,Mechanical Assembly,RELEVANT,3,SYNTHETIC_DEMO_MAPPING,SYNTHETIC
7543.2001,SKL0042,SolidWorks,RELEVANT,2,SYNTHETIC_DEMO_MAPPING,SYNTHETIC
7543.2001,SKL0038,CNC Turning,RELEVANT,2,SYNTHETIC_DEMO_MAPPING,SYNTHETIC
7543.2001,SKL0095,Workplace Safety,RELEVANT,1,SYNTHETIC_DEMO_MAPPING,SYNTHETIC
7543.3001,SKL0097,Team Management,RELEVANT,3,SYNTHETIC_DEMO_MAPPING,SYNTHETIC
7543.3001,SKL0098,English Communication,RELEVANT,3,SYNTHETIC_DEMO_MAPPING,SYNTHETIC
7543.3001,SKL0094,Microsoft Excel,RELEVANT,1,SYNTHETIC_DEMO_MAPPING,SYNTHETIC
7543.3001,SKL0092,Communication,RELEVANT,3,SYNTHETIC_DEMO_MAPPING,SYNTHETIC
7543.3001,SKL0095,Workplace Safety,RELEVANT,1,SYNTHETIC_DEMO_MAPPING,SYNTHETIC
7543.3002,SKL0092,Communication,RELEVANT,4,SYNTHETIC_DEMO_MAPPING,SYNTHETIC
7543.3002,SKL0094,Microsoft Excel,RELEVANT,1,SYNTHETIC_DEMO_MAPPING,SYNTHETIC
7543.3003,SKL0095,Workplace Safety,RELEVANT,2,SYNTHETIC_DEMO_MAPPING,SYNTHETIC
7543.3003,SKL0098,English Communication,RELEVANT,3,SYNTHETIC_DEMO_MAPPING,SYNTHETIC
7543.3003,SKL0096,Digital Literacy,RELEVANT,2,SYNTHETIC_DEMO_MAPPING,SYNTHETIC
7543.3003,SKL0094,Microsoft Excel,RELEVANT,1,SYNTHETIC_DEMO_MAPPING,SYNTHETIC
7543.3003,SKL0097,Team Management,RELEVANT,1,SYNTHETIC_DEMO_MAPPING,SYNTHETIC
7543.3004,SKL0041,AutoCAD,RELEVANT,4,SYNTHETIC_DEMO_MAPPING,SYNTHETIC
7543.3004,SKL0017,Machine Learning,RELEVANT,4,SYNTHETIC_DEMO_MAPPING,SYNTHETIC
7543.3005,SKL0092,Communication,RELEVANT,2,SYNTHETIC_DEMO_MAPPING,SYNTHETIC
7543.3005,SKL0095,Workplace Safety,RELEVANT,3,SYNTHETIC_DEMO_MAPPING,SYNTHETIC
7543.3005,SKL0097,Team Management,RELEVANT,2,SYNTHETIC_DEMO_MAPPING,SYNTHETIC
7543.3005,SKL0096,Digital Literacy,RELEVANT,1,SYNTHETIC_DEMO_MAPPING,SYNTHETIC
7543.3005,SKL0093,Problem Solving,RELEVANT,3,SYNTHETIC_DEMO_MAPPING,SYNTHETIC
7543.4001,SKL0095,Workplace Safety,RELEVANT,3,SYNTHETIC_DEMO_MAPPING,SYNTHETIC
7543.4001,SKL0098,English Communication,RELEVANT,3,SYNTHETIC_DEMO_MAPPING,SYNTHETIC
7543.5001,SKL0096,Digital Literacy,RELEVANT,3,SYNTHETIC_DEMO_MAPPING,SYNTHETIC
7543.5001,SKL0093,Problem Solving,RELEVANT,2,SYNTHETIC_DEMO_MAPPING,SYNTHETIC
7543.5001,SKL0092,Communication,RELEVANT,3,SYNTHETIC_DEMO_MAPPING,SYNTHETIC
7543.5001,SKL0094,Microsoft Excel,RELEVANT,3,SYNTHETIC_DEMO_MAPPING,SYNTHETIC
7543.99,SKL0035,Quality Control,RELEVANT,1,SYNTHETIC_DEMO_MAPPING,SYNTHETIC
7543.99,SKL0031,CNC Programming,RELEVANT,1,SYNTHETIC_DEMO_MAPPING,SYNTHETIC
7543.99,SKL0036,Lean Manufacturing,RELEVANT,1,SYNTHETIC_DEMO_MAPPING,SYNTHETIC
8111.01,SKL0026,IoT,RELEVANT,1,SYNTHETIC_DEMO_MAPPING,SYNTHETIC
8111.01,SKL0049,Electric Motor Systems,RELEVANT,4,SYNTHETIC_DEMO_MAPPING,SYNTHETIC
8111.01,SKL0035,Quality Control,RELEVANT,4,SYNTHETIC_DEMO_MAPPING,SYNTHETIC
8111.01,SKL0097,Team Management,RELEVANT,2,SYNTHETIC_DEMO_MAPPING,SYNTHETIC
8111.01,SKL0021,PLC,RELEVANT,4,SYNTHETIC_DEMO_MAPPING,SYNTHETIC
8111.02,SKL0036,Lean Manufacturing,RELEVANT,1,SYNTHETIC_DEMO_MAPPING,SYNTHETIC
8111.02,SKL0031,CNC Programming,RELEVANT,2,SYNTHETIC_DEMO_MAPPING,SYNTHETIC
8111.02,SKL0094,Microsoft Excel,RELEVANT,3,SYNTHETIC_DEMO_MAPPING,SYNTHETIC
8111.03,SKL0034,Welding,RELEVANT,4,SYNTHETIC_DEMO_MAPPING,SYNTHETIC
8111.03,SKL0036,Lean Manufacturing,RELEVANT,3,SYNTHETIC_DEMO_MAPPING,SYNTHETIC
8111.03,SKL0038,CNC Turning,RELEVANT,3,SYNTHETIC_DEMO_MAPPING,SYNTHETIC
8111.04,SKL0047,Vehicle Diagnostics,RELEVANT,2,SYNTHETIC_DEMO_MAPPING,SYNTHETIC
8111.04,SKL0049,Electric Motor Systems,RELEVANT,1,SYNTHETIC_DEMO_MAPPING,SYNTHETIC
8111.04,SKL0035,Quality Control,RELEVANT,2,SYNTHETIC_DEMO_MAPPING,SYNTHETIC
8111.04,SKL0041,AutoCAD,RELEVANT,3,SYNTHETIC_DEMO_MAPPING,SYNTHETIC
8111.0401,SKL0098,English Communication,RELEVANT,2,SYNTHETIC_DEMO_MAPPING,SYNTHETIC
8111.0401,SKL0036,Lean Manufacturing,RELEVANT,3,SYNTHETIC_DEMO_MAPPING,SYNTHETIC
8111.0401,SKL0037,Production Planning,RELEVANT,4,SYNTHETIC_DEMO_MAPPING,SYNTHETIC
8111.0401,SKL0093,Problem Solving,RELEVANT,3,SYNTHETIC_DEMO_MAPPING,SYNTHETIC
8111.0401,SKL0039,CNC Milling,RELEVANT,4,SYNTHETIC_DEMO_MAPPING,SYNTHETIC
8111.05,SKL0031,CNC Programming,RELEVANT,2,SYNTHETIC_DEMO_MAPPING,SYNTHETIC
8111.05,SKL0087,Supply Chain Management,RELEVANT,2,SYNTHETIC_DEMO_MAPPING,SYNTHETIC
8111.06,SKL0095,Workplace Safety,RELEVANT,1,SYNTHETIC_DEMO_MAPPING,SYNTHETIC
8111.06,SKL0094,Microsoft Excel,RELEVANT,1,SYNTHETIC_DEMO_MAPPING,SYNTHETIC
8111.06,SKL0092,Communication,RELEVANT,4,SYNTHETIC_DEMO_MAPPING,SYNTHETIC
8111.07,SKL0098,English Communication,RELEVANT,1,SYNTHETIC_DEMO_MAPPING,SYNTHETIC
8111.07,SKL0092,Communication,RELEVANT,2,SYNTHETIC_DEMO_MAPPING,SYNTHETIC
8111.07,SKL0086,Inventory Management,RELEVANT,4,SYNTHETIC_DEMO_MAPPING,SYNTHETIC
8111.08,SKL0094,Microsoft Excel,RELEVANT,4,SYNTHETIC_DEMO_MAPPING,SYNTHETIC
8111.08,SKL0096,Digital Literacy,RELEVANT,1,SYNTHETIC_DEMO_MAPPING,SYNTHETIC
8111.08,SKL0098,English Communication,RELEVANT,1,SYNTHETIC_DEMO_MAPPING,SYNTHETIC
8111.08,SKL0092,Communication,RELEVANT,1,SYNTHETIC_DEMO_MAPPING,SYNTHETIC
8111.08,SKL0095,Workplace Safety,RELEVANT,2,SYNTHETIC_DEMO_MAPPING,SYNTHETIC
8111.09,SKL0093,Problem Solving,RELEVANT,2,SYNTHETIC_DEMO_MAPPING,SYNTHETIC
8111.09,SKL0092,Communication,RELEVANT,1,SYNTHETIC_DEMO_MAPPING,SYNTHETIC
8111.1,SKL0096,Digital Literacy,RELEVANT,3,SYNTHETIC_DEMO_MAPPING,SYNTHETIC
8111.1,SKL0042,SolidWorks,RELEVANT,3,SYNTHETIC_DEMO_MAPPING,SYNTHETIC
8111.1,SKL0040,Mechanical Assembly,RELEVANT,4,SYNTHETIC_DEMO_MAPPING,SYNTHETIC
8111.11,SKL0035,Quality Control,RELEVANT,1,SYNTHETIC_DEMO_MAPPING,SYNTHETIC
8111.11,SKL0052,Two-Wheeler Service,RELEVANT,3,SYNTHETIC_DEMO_MAPPING,SYNTHETIC
8111.12,SKL0035,Quality Control,RELEVANT,2,SYNTHETIC_DEMO_MAPPING,SYNTHETIC
8111.12,SKL0034,Welding,RELEVANT,3,SYNTHETIC_DEMO_MAPPING,SYNTHETIC
8111.12,SKL0042,SolidWorks,RELEVANT,3,SYNTHETIC_DEMO_MAPPING,SYNTHETIC
8111.13,SKL0036,Lean Manufacturing,RELEVANT,2,SYNTHETIC_DEMO_MAPPING,SYNTHETIC
8111.13,SKL0042,SolidWorks,RELEVANT,3,SYNTHETIC_DEMO_MAPPING,SYNTHETIC
8111.13,SKL0040,Mechanical Assembly,RELEVANT,3,SYNTHETIC_DEMO_MAPPING,SYNTHETIC
8111.13,SKL0031,CNC Programming,RELEVANT,1,SYNTHETIC_DEMO_MAPPING,SYNTHETIC
8111.13,SKL0032,CNC Operation,RELEVANT,1,SYNTHETIC_DEMO_MAPPING,SYNTHETIC
8111.14,SKL0056,Construction Safety,RELEVANT,2,SYNTHETIC_DEMO_MAPPING,SYNTHETIC
8111.14,SKL0039,CNC Milling,RELEVANT,4,SYNTHETIC_DEMO_MAPPING,SYNTHETIC
8111.14,SKL0094,Microsoft Excel,RELEVANT,2,SYNTHETIC_DEMO_MAPPING,SYNTHETIC
8111.14,SKL0057,Civil Drafting,RELEVANT,4,SYNTHETIC_DEMO_MAPPING,SYNTHETIC
8111.14,SKL0092,Communication,RELEVANT,1,SYNTHETIC_DEMO_MAPPING,SYNTHETIC
8111.15,SKL0095,Workplace Safety,RELEVANT,1,SYNTHETIC_DEMO_MAPPING,SYNTHETIC
8111.15,SKL0097,Team Management,RELEVANT,2,SYNTHETIC_DEMO_MAPPING,SYNTHETIC
8111.15,SKL0093,Problem Solving,RELEVANT,1,SYNTHETIC_DEMO_MAPPING,SYNTHETIC
8111.15,SKL0096,Digital Literacy,RELEVANT,3,SYNTHETIC_DEMO_MAPPING,SYNTHETIC
8111.15,SKL0094,Microsoft Excel,RELEVANT,3,SYNTHETIC_DEMO_MAPPING,SYNTHETIC
8111.16,SKL0093,Problem Solving,RELEVANT,4,SYNTHETIC_DEMO_MAPPING,SYNTHETIC
8111.16,SKL0096,Digital Literacy,RELEVANT,3,SYNTHETIC_DEMO_MAPPING,SYNTHETIC
8111.16,SKL0088,Fleet Management,RELEVANT,1,SYNTHETIC_DEMO_MAPPING,SYNTHETIC
8111.17,SKL0092,Communication,RELEVANT,2,SYNTHETIC_DEMO_MAPPING,SYNTHETIC
8111.17,SKL0098,English Communication,RELEVANT,4,SYNTHETIC_DEMO_MAPPING,SYNTHETIC
8111.18,SKL0092,Communication,RELEVANT,2,SYNTHETIC_DEMO_MAPPING,SYNTHETIC
8111.18,SKL0098,English Communication,RELEVANT,2,SYNTHETIC_DEMO_MAPPING,SYNTHETIC
8111.18,SKL0093,Problem Solving,RELEVANT,2,SYNTHETIC_DEMO_MAPPING,SYNTHETIC
8111.19,SKL0093,Problem Solving,RELEVANT,1,SYNTHETIC_DEMO_MAPPING,SYNTHETIC
8111.19,SKL0067,Healthcare Administration,RELEVANT,3,SYNTHETIC_DEMO_MAPPING,SYNTHETIC
8111.2,SKL0098,English Communication,RELEVANT,3,SYNTHETIC_DEMO_MAPPING,SYNTHETIC
8111.2,SKL0096,Digital Literacy,RELEVANT,2,SYNTHETIC_DEMO_MAPPING,SYNTHETIC
8111.2,SKL0093,Problem Solving,RELEVANT,1,SYNTHETIC_DEMO_MAPPING,SYNTHETIC
8111.2,SKL0095,Workplace Safety,RELEVANT,2,SYNTHETIC_DEMO_MAPPING,SYNTHETIC
8111.21,SKL0094,Microsoft Excel,RELEVANT,4,SYNTHETIC_DEMO_MAPPING,SYNTHETIC
8111.21,SKL0092,Communication,RELEVANT,2,SYNTHETIC_DEMO_MAPPING,SYNTHETIC
8111.21,SKL0095,Workplace Safety,RELEVANT,2,SYNTHETIC_DEMO_MAPPING,SYNTHETIC
8111.21,SKL0041,AutoCAD,RELEVANT,2,SYNTHETIC_DEMO_MAPPING,SYNTHETIC
8111.22,SKL0041,AutoCAD,RELEVANT,1,SYNTHETIC_DEMO_MAPPING,SYNTHETIC
8111.22,SKL0042,SolidWorks,RELEVANT,2,SYNTHETIC_DEMO_MAPPING,SYNTHETIC
8111.22,SKL0031,CNC Programming,RELEVANT,1,SYNTHETIC_DEMO_MAPPING,SYNTHETIC
8111.22,SKL0095,Workplace Safety,RELEVANT,1,SYNTHETIC_DEMO_MAPPING,SYNTHETIC
8111.23,SKL0093,Problem Solving,RELEVANT,3,SYNTHETIC_DEMO_MAPPING,SYNTHETIC
8111.23,SKL0051,Service Operations,RELEVANT,3,SYNTHETIC_DEMO_MAPPING,SYNTHETIC
8111.23,SKL0043,Automotive Diagnostics,RELEVANT,4,SYNTHETIC_DEMO_MAPPING,SYNTHETIC
8111.23,SKL0096,Digital Literacy,RELEVANT,1,SYNTHETIC_DEMO_MAPPING,SYNTHETIC
8111.24,SKL0050,Automotive CAD,RELEVANT,2,SYNTHETIC_DEMO_MAPPING,SYNTHETIC
8111.24,SKL0045,Battery Management Systems,RELEVANT,1,SYNTHETIC_DEMO_MAPPING,SYNTHETIC
8111.24,SKL0091,Route Planning,RELEVANT,2,SYNTHETIC_DEMO_MAPPING,SYNTHETIC
8111.24,SKL0046,EV Battery Maintenance,RELEVANT,1,SYNTHETIC_DEMO_MAPPING,SYNTHETIC
8111.25,SKL0089,Forklift Operation,RELEVANT,4,SYNTHETIC_DEMO_MAPPING,SYNTHETIC
8111.25,SKL0077,Supply Chain,RELEVANT,2,SYNTHETIC_DEMO_MAPPING,SYNTHETIC
8111.26,SKL0029,Control Systems,RELEVANT,1,SYNTHETIC_DEMO_MAPPING,SYNTHETIC
8111.26,SKL0097,Team Management,RELEVANT,2,SYNTHETIC_DEMO_MAPPING,SYNTHETIC
8111.26,SKL0034,Welding,RELEVANT,2,SYNTHETIC_DEMO_MAPPING,SYNTHETIC
8111.26,SKL0046,EV Battery Maintenance,RELEVANT,3,SYNTHETIC_DEMO_MAPPING,SYNTHETIC
8111.26,SKL0098,English Communication,RELEVANT,2,SYNTHETIC_DEMO_MAPPING,SYNTHETIC
8111.2601,SKL0085,Warehouse Management,RELEVANT,4,SYNTHETIC_DEMO_MAPPING,SYNTHETIC
8111.2601,SKL0048,Auto Electrical,RELEVANT,3,SYNTHETIC_DEMO_MAPPING,SYNTHETIC
8111.2601,SKL0091,Route Planning,RELEVANT,2,SYNTHETIC_DEMO_MAPPING,SYNTHETIC
8111.2601,SKL0090,Logistics Planning,RELEVANT,4,SYNTHETIC_DEMO_MAPPING,SYNTHETIC
8111.2601,SKL0086,Inventory Management,RELEVANT,4,SYNTHETIC_DEMO_MAPPING,SYNTHETIC
8111.27,SKL0040,Mechanical Assembly,RELEVANT,4,SYNTHETIC_DEMO_MAPPING,SYNTHETIC
8111.27,SKL0023,Embedded Systems,RELEVANT,1,SYNTHETIC_DEMO_MAPPING,SYNTHETIC
8111.27,SKL0025,Industrial Automation,RELEVANT,2,SYNTHETIC_DEMO_MAPPING,SYNTHETIC
8111.28,SKL0092,Communication,RELEVANT,4,SYNTHETIC_DEMO_MAPPING,SYNTHETIC
8111.28,SKL0093,Problem Solving,RELEVANT,3,SYNTHETIC_DEMO_MAPPING,SYNTHETIC
8111.28,SKL0096,Digital Literacy,RELEVANT,3,SYNTHETIC_DEMO_MAPPING,SYNTHETIC
8111.28,SKL0097,Team Management,RELEVANT,3,SYNTHETIC_DEMO_MAPPING,SYNTHETIC
8111.2901,SKL0042,SolidWorks,RELEVANT,2,SYNTHETIC_DEMO_MAPPING,SYNTHETIC
8111.2901,SKL0039,CNC Milling,RELEVANT,4,SYNTHETIC_DEMO_MAPPING,SYNTHETIC
8111.99,SKL0094,Microsoft Excel,RELEVANT,1,SYNTHETIC_DEMO_MAPPING,SYNTHETIC
8111.99,SKL0098,English Communication,RELEVANT,4,SYNTHETIC_DEMO_MAPPING,SYNTHETIC
8111.99,SKL0097,Team Management,RELEVANT,1,SYNTHETIC_DEMO_MAPPING,SYNTHETIC
8112.01,SKL0095,Workplace Safety,RELEVANT,2,SYNTHETIC_DEMO_MAPPING,SYNTHETIC
8112.01,SKL0050,Automotive CAD,RELEVANT,4,SYNTHETIC_DEMO_MAPPING,SYNTHETIC
8112.01,SKL0096,Digital Literacy,RELEVANT,1,SYNTHETIC_DEMO_MAPPING,SYNTHETIC
8112.01,SKL0037,Production Planning,RELEVANT,4,SYNTHETIC_DEMO_MAPPING,SYNTHETIC
8112.01,SKL0040,Mechanical Assembly,RELEVANT,2,SYNTHETIC_DEMO_MAPPING,SYNTHETIC
8112.02,SKL0035,Quality Control,RELEVANT,1,SYNTHETIC_DEMO_MAPPING,SYNTHETIC
8112.02,SKL0031,CNC Programming,RELEVANT,3,SYNTHETIC_DEMO_MAPPING,SYNTHETIC
8112.02,SKL0037,Production Planning,RELEVANT,2,SYNTHETIC_DEMO_MAPPING,SYNTHETIC
8112.03,SKL0043,Automotive Diagnostics,RELEVANT,2,SYNTHETIC_DEMO_MAPPING,SYNTHETIC
8112.03,SKL0094,Microsoft Excel,RELEVANT,1,SYNTHETIC_DEMO_MAPPING,SYNTHETIC
8112.04,SKL0032,CNC Operation,RELEVANT,1,SYNTHETIC_DEMO_MAPPING,SYNTHETIC
8112.04,SKL0033,Machine Maintenance,RELEVANT,3,SYNTHETIC_DEMO_MAPPING,SYNTHETIC
8112.04,SKL0095,Workplace Safety,RELEVANT,4,SYNTHETIC_DEMO_MAPPING,SYNTHETIC
8112.05,SKL0096,Digital Literacy,RELEVANT,4,SYNTHETIC_DEMO_MAPPING,SYNTHETIC
8112.05,SKL0095,Workplace Safety,RELEVANT,3,SYNTHETIC_DEMO_MAPPING,SYNTHETIC
8112.05,SKL0092,Communication,RELEVANT,3,SYNTHETIC_DEMO_MAPPING,SYNTHETIC
8112.06,SKL0043,Automotive Diagnostics,RELEVANT,1,SYNTHETIC_DEMO_MAPPING,SYNTHETIC
8112.06,SKL0042,SolidWorks,RELEVANT,1,SYNTHETIC_DEMO_MAPPING,SYNTHETIC
8112.06,SKL0050,Automotive CAD,RELEVANT,4,SYNTHETIC_DEMO_MAPPING,SYNTHETIC
8112.06,SKL0037,Production Planning,RELEVANT,4,SYNTHETIC_DEMO_MAPPING,SYNTHETIC
8112.06,SKL0092,Communication,RELEVANT,4,SYNTHETIC_DEMO_MAPPING,SYNTHETIC
8112.07,SKL0040,Mechanical Assembly,RELEVANT,2,SYNTHETIC_DEMO_MAPPING,SYNTHETIC
8112.07,SKL0036,Lean Manufacturing,RELEVANT,3,SYNTHETIC_DEMO_MAPPING,SYNTHETIC
8112.08,SKL0094,Microsoft Excel,RELEVANT,3,SYNTHETIC_DEMO_MAPPING,SYNTHETIC
8112.08,SKL0095,Workplace Safety,RELEVANT,2,SYNTHETIC_DEMO_MAPPING,SYNTHETIC
8112.08,SKL0034,Welding,RELEVANT,1,SYNTHETIC_DEMO_MAPPING,SYNTHETIC
8112.08,SKL0037,Production Planning,RELEVANT,2,SYNTHETIC_DEMO_MAPPING,SYNTHETIC
8112.08,SKL0042,SolidWorks,RELEVANT,2,SYNTHETIC_DEMO_MAPPING,SYNTHETIC
8112.09,SKL0039,CNC Milling,RELEVANT,2,SYNTHETIC_DEMO_MAPPING,SYNTHETIC
8112.09,SKL0096,Digital Literacy,RELEVANT,2,SYNTHETIC_DEMO_MAPPING,SYNTHETIC
8112.1,SKL0047,Vehicle Diagnostics,RELEVANT,1,SYNTHETIC_DEMO_MAPPING,SYNTHETIC
8112.1,SKL0097,Team Management,RELEVANT,4,SYNTHETIC_DEMO_MAPPING,SYNTHETIC
8112.1,SKL0096,Digital Literacy,RELEVANT,1,SYNTHETIC_DEMO_MAPPING,SYNTHETIC
8112.11,SKL0097,Team Management,RELEVANT,1,SYNTHETIC_DEMO_MAPPING,SYNTHETIC
8112.11,SKL0095,Workplace Safety,RELEVANT,2,SYNTHETIC_DEMO_MAPPING,SYNTHETIC
8112.12,SKL0098,English Communication,RELEVANT,1,SYNTHETIC_DEMO_MAPPING,SYNTHETIC
8112.12,SKL0094,Microsoft Excel,RELEVANT,1,SYNTHETIC_DEMO_MAPPING,SYNTHETIC
8112.12,SKL0097,Team Management,RELEVANT,1,SYNTHETIC_DEMO_MAPPING,SYNTHETIC
8112.99,SKL0092,Communication,RELEVANT,1,SYNTHETIC_DEMO_MAPPING,SYNTHETIC
8112.99,SKL0038,CNC Turning,RELEVANT,1,SYNTHETIC_DEMO_MAPPING,SYNTHETIC
8112.99,SKL0093,Problem Solving,RELEVANT,2,SYNTHETIC_DEMO_MAPPING,SYNTHETIC
8113.01,SKL0032,CNC Operation,RELEVANT,3,SYNTHETIC_DEMO_MAPPING,SYNTHETIC
8113.01,SKL0096,Digital Literacy,RELEVANT,2,SYNTHETIC_DEMO_MAPPING,SYNTHETIC
8113.01,SKL0039,CNC Milling,RELEVANT,3,SYNTHETIC_DEMO_MAPPING,SYNTHETIC
8113.01,SKL0093,Problem Solving,RELEVANT,3,SYNTHETIC_DEMO_MAPPING,SYNTHETIC
8113.01,SKL0036,Lean Manufacturing,RELEVANT,4,SYNTHETIC_DEMO_MAPPING,SYNTHETIC
8113.02,SKL0098,English Communication,RELEVANT,4,SYNTHETIC_DEMO_MAPPING,SYNTHETIC
8113.02,SKL0096,Digital Literacy,RELEVANT,1,SYNTHETIC_DEMO_MAPPING,SYNTHETIC
8113.03,SKL0097,Team Management,RELEVANT,1,SYNTHETIC_DEMO_MAPPING,SYNTHETIC
8113.03,SKL0095,Workplace Safety,RELEVANT,2,SYNTHETIC_DEMO_MAPPING,SYNTHETIC
8113.03,SKL0098,English Communication,RELEVANT,2,SYNTHETIC_DEMO_MAPPING,SYNTHETIC
8113.04,SKL0098,English Communication,RELEVANT,1,SYNTHETIC_DEMO_MAPPING,SYNTHETIC
8113.04,SKL0092,Communication,RELEVANT,4,SYNTHETIC_DEMO_MAPPING,SYNTHETIC
8113.04,SKL0096,Digital Literacy,RELEVANT,1,SYNTHETIC_DEMO_MAPPING,SYNTHETIC
8113.04,SKL0093,Problem Solving,RELEVANT,2,SYNTHETIC_DEMO_MAPPING,SYNTHETIC
8113.04,SKL0097,Team Management,RELEVANT,2,SYNTHETIC_DEMO_MAPPING,SYNTHETIC
8113.05,SKL0045,Battery Management Systems,RELEVANT,4,SYNTHETIC_DEMO_MAPPING,SYNTHETIC
8113.05,SKL0041,AutoCAD,RELEVANT,1,SYNTHETIC_DEMO_MAPPING,SYNTHETIC
8113.05,SKL0039,CNC Milling,RELEVANT,1,SYNTHETIC_DEMO_MAPPING,SYNTHETIC
8113.05,SKL0048,Auto Electrical,RELEVANT,2,SYNTHETIC_DEMO_MAPPING,SYNTHETIC
8113.05,SKL0095,Workplace Safety,RELEVANT,4,SYNTHETIC_DEMO_MAPPING,SYNTHETIC
8113.06,SKL0036,Lean Manufacturing,RELEVANT,2,SYNTHETIC_DEMO_MAPPING,SYNTHETIC
8113.06,SKL0098,English Communication,RELEVANT,4,SYNTHETIC_DEMO_MAPPING,SYNTHETIC
8113.06,SKL0033,Machine Maintenance,RELEVANT,2,SYNTHETIC_DEMO_MAPPING,SYNTHETIC
8113.06,SKL0039,CNC Milling,RELEVANT,4,SYNTHETIC_DEMO_MAPPING,SYNTHETIC
8113.06,SKL0095,Workplace Safety,RELEVANT,3,SYNTHETIC_DEMO_MAPPING,SYNTHETIC
8113.07,SKL0032,CNC Operation,RELEVANT,3,SYNTHETIC_DEMO_MAPPING,SYNTHETIC
8113.07,SKL0094,Microsoft Excel,RELEVANT,3,SYNTHETIC_DEMO_MAPPING,SYNTHETIC
8113.07,SKL0037,Production Planning,RELEVANT,3,SYNTHETIC_DEMO_MAPPING,SYNTHETIC
8113.08,SKL0096,Digital Literacy,RELEVANT,1,SYNTHETIC_DEMO_MAPPING,SYNTHETIC
8113.08,SKL0042,SolidWorks,RELEVANT,1,SYNTHETIC_DEMO_MAPPING,SYNTHETIC
8113.99,SKL0094,Microsoft Excel,RELEVANT,4,SYNTHETIC_DEMO_MAPPING,SYNTHETIC
8113.99,SKL0034,Welding,RELEVANT,3,SYNTHETIC_DEMO_MAPPING,SYNTHETIC
8113.99,SKL0035,Quality Control,RELEVANT,3,SYNTHETIC_DEMO_MAPPING,SYNTHETIC
8113.99,SKL0031,CNC Programming,RELEVANT,4,SYNTHETIC_DEMO_MAPPING,SYNTHETIC
8114.01,SKL0045,Battery Management Systems,RELEVANT,2,SYNTHETIC_DEMO_MAPPING,SYNTHETIC
8114.01,SKL0035,Quality Control,RELEVANT,1,SYNTHETIC_DEMO_MAPPING,SYNTHETIC
8114.01,SKL0040,Mechanical Assembly,RELEVANT,2,SYNTHETIC_DEMO_MAPPING,SYNTHETIC
8114.02,SKL0044,EV Systems,RELEVANT,2,SYNTHETIC_DEMO_MAPPING,SYNTHETIC
8114.02,SKL0046,EV Battery Maintenance,RELEVANT,1,SYNTHETIC_DEMO_MAPPING,SYNTHETIC
8114.02,SKL0058,Surveying,RELEVANT,1,SYNTHETIC_DEMO_MAPPING,SYNTHETIC
8114.02,SKL0098,English Communication,RELEVANT,3,SYNTHETIC_DEMO_MAPPING,SYNTHETIC
8114.02,SKL0047,Vehicle Diagnostics,RELEVANT,3,SYNTHETIC_DEMO_MAPPING,SYNTHETIC
8114.03,SKL0036,Lean Manufacturing,RELEVANT,4,SYNTHETIC_DEMO_MAPPING,SYNTHETIC
8114.03,SKL0093,Problem Solving,RELEVANT,4,SYNTHETIC_DEMO_MAPPING,SYNTHETIC
8114.03,SKL0038,CNC Turning,RELEVANT,1,SYNTHETIC_DEMO_MAPPING,SYNTHETIC
8114.05,SKL0093,Problem Solving,RELEVANT,4,SYNTHETIC_DEMO_MAPPING,SYNTHETIC
8114.05,SKL0037,Production Planning,RELEVANT,4,SYNTHETIC_DEMO_MAPPING,SYNTHETIC
8114.05,SKL0031,CNC Programming,RELEVANT,1,SYNTHETIC_DEMO_MAPPING,SYNTHETIC
8114.06,SKL0035,Quality Control,RELEVANT,2,SYNTHETIC_DEMO_MAPPING,SYNTHETIC
8114.06,SKL0036,Lean Manufacturing,RELEVANT,2,SYNTHETIC_DEMO_MAPPING,SYNTHETIC
8114.06,SKL0098,English Communication,RELEVANT,1,SYNTHETIC_DEMO_MAPPING,SYNTHETIC
8114.06,SKL0034,Welding,RELEVANT,3,SYNTHETIC_DEMO_MAPPING,SYNTHETIC
8114.07,SKL0097,Team Management,RELEVANT,2,SYNTHETIC_DEMO_MAPPING,SYNTHETIC
8114.07,SKL0094,Microsoft Excel,RELEVANT,2,SYNTHETIC_DEMO_MAPPING,SYNTHETIC
8114.07,SKL0036,Lean Manufacturing,RELEVANT,1,SYNTHETIC_DEMO_MAPPING,SYNTHETIC
8114.07,SKL0095,Workplace Safety,RELEVANT,3,SYNTHETIC_DEMO_MAPPING,SYNTHETIC
8114.07,SKL0039,CNC Milling,RELEVANT,1,SYNTHETIC_DEMO_MAPPING,SYNTHETIC
8114.99,SKL0094,Microsoft Excel,RELEVANT,1,SYNTHETIC_DEMO_MAPPING,SYNTHETIC
8114.99,SKL0033,Machine Maintenance,RELEVANT,1,SYNTHETIC_DEMO_MAPPING,SYNTHETIC
8114.99,SKL0057,Civil Drafting,RELEVANT,1,SYNTHETIC_DEMO_MAPPING,SYNTHETIC
8114.99,SKL0031,CNC Programming,RELEVANT,1,SYNTHETIC_DEMO_MAPPING,SYNTHETIC
8114.99,SKL0032,CNC Operation,RELEVANT,3,SYNTHETIC_DEMO_MAPPING,SYNTHETIC
8121.03,SKL0085,Warehouse Management,RELEVANT,1,SYNTHETIC_DEMO_MAPPING,SYNTHETIC
8121.03,SKL0028,Electrical Testing,RELEVANT,4,SYNTHETIC_DEMO_MAPPING,SYNTHETIC
8121.03,SKL0097,Team Management,RELEVANT,1,SYNTHETIC_DEMO_MAPPING,SYNTHETIC
8121.23,SKL0044,EV Systems,RELEVANT,3,SYNTHETIC_DEMO_MAPPING,SYNTHETIC
8121.23,SKL0098,English Communication,RELEVANT,1,SYNTHETIC_DEMO_MAPPING,SYNTHETIC
8121.24,SKL0035,Quality Control,RELEVANT,4,SYNTHETIC_DEMO_MAPPING,SYNTHETIC
8121.24,SKL0032,CNC Operation,RELEVANT,1,SYNTHETIC_DEMO_MAPPING,SYNTHETIC
8121.25,SKL0030,AutoCAD Electrical,RELEVANT,3,SYNTHETIC_DEMO_MAPPING,SYNTHETIC
8121.25,SKL0094,Microsoft Excel,RELEVANT,2,SYNTHETIC_DEMO_MAPPING,SYNTHETIC
8121.25,SKL0036,Lean Manufacturing,RELEVANT,2,SYNTHETIC_DEMO_MAPPING,SYNTHETIC
8121.25,SKL0093,Problem Solving,RELEVANT,2,SYNTHETIC_DEMO_MAPPING,SYNTHETIC
8121.27,SKL0046,EV Battery Maintenance,RELEVANT,2,SYNTHETIC_DEMO_MAPPING,SYNTHETIC
8121.27,SKL0042,SolidWorks,RELEVANT,3,SYNTHETIC_DEMO_MAPPING,SYNTHETIC
8121.3,SKL0052,Two-Wheeler Service,RELEVANT,2,SYNTHETIC_DEMO_MAPPING,SYNTHETIC
8121.3,SKL0036,Lean Manufacturing,RELEVANT,3,SYNTHETIC_DEMO_MAPPING,SYNTHETIC
8121.31,SKL0037,Production Planning,RELEVANT,4,SYNTHETIC_DEMO_MAPPING,SYNTHETIC
8121.31,SKL0040,Mechanical Assembly,RELEVANT,3,SYNTHETIC_DEMO_MAPPING,SYNTHETIC
8121.31,SKL0094,Microsoft Excel,RELEVANT,4,SYNTHETIC_DEMO_MAPPING,SYNTHETIC
8121.31,SKL0042,SolidWorks,RELEVANT,1,SYNTHETIC_DEMO_MAPPING,SYNTHETIC
8121.31,SKL0093,Problem Solving,RELEVANT,4,SYNTHETIC_DEMO_MAPPING,SYNTHETIC
8121.33,SKL0097,Team Management,RELEVANT,1,SYNTHETIC_DEMO_MAPPING,SYNTHETIC
8121.33,SKL0094,Microsoft Excel,RELEVANT,3,SYNTHETIC_DEMO_MAPPING,SYNTHETIC
8121.33,SKL0095,Workplace Safety,RELEVANT,4,SYNTHETIC_DEMO_MAPPING,SYNTHETIC
8121.3301,SKL0098,English Communication,RELEVANT,1,SYNTHETIC_DEMO_MAPPING,SYNTHETIC
8121.3301,SKL0094,Microsoft Excel,RELEVANT,2,SYNTHETIC_DEMO_MAPPING,SYNTHETIC
8121.3301,SKL0097,Team Management,RELEVANT,1,SYNTHETIC_DEMO_MAPPING,SYNTHETIC
8121.3701,SKL0047,Vehicle Diagnostics,RELEVANT,2,SYNTHETIC_DEMO_MAPPING,SYNTHETIC
8121.3701,SKL0095,Workplace Safety,RELEVANT,2,SYNTHETIC_DEMO_MAPPING,SYNTHETIC
8121.3701,SKL0023,Embedded Systems,RELEVANT,1,SYNTHETIC_DEMO_MAPPING,SYNTHETIC
8121.3801,SKL0039,CNC Milling,RELEVANT,3,SYNTHETIC_DEMO_MAPPING,SYNTHETIC
8121.3801,SKL0097,Team Management,RELEVANT,2,SYNTHETIC_DEMO_MAPPING,SYNTHETIC
8121.42,SKL0095,Workplace Safety,RELEVANT,3,SYNTHETIC_DEMO_MAPPING,SYNTHETIC
8121.42,SKL0036,Lean Manufacturing,RELEVANT,4,SYNTHETIC_DEMO_MAPPING,SYNTHETIC
8121.4201,SKL0033,Machine Maintenance,RELEVANT,4,SYNTHETIC_DEMO_MAPPING,SYNTHETIC
8121.4201,SKL0095,Workplace Safety,RELEVANT,1,SYNTHETIC_DEMO_MAPPING,SYNTHETIC
8121.4201,SKL0093,Problem Solving,RELEVANT,4,SYNTHETIC_DEMO_MAPPING,SYNTHETIC
8121.4201,SKL0094,Microsoft Excel,RELEVANT,4,SYNTHETIC_DEMO_MAPPING,SYNTHETIC
8121.4201,SKL0041,AutoCAD,RELEVANT,3,SYNTHETIC_DEMO_MAPPING,SYNTHETIC
8121.43,SKL0039,CNC Milling,RELEVANT,2,SYNTHETIC_DEMO_MAPPING,SYNTHETIC
8121.43,SKL0036,Lean Manufacturing,RELEVANT,2,SYNTHETIC_DEMO_MAPPING,SYNTHETIC
8121.43,SKL0095,Workplace Safety,RELEVANT,1,SYNTHETIC_DEMO_MAPPING,SYNTHETIC
8121.43,SKL0031,CNC Programming,RELEVANT,1,SYNTHETIC_DEMO_MAPPING,SYNTHETIC
8121.44,SKL0038,CNC Turning,RELEVANT,2,SYNTHETIC_DEMO_MAPPING,SYNTHETIC
8121.44,SKL0036,Lean Manufacturing,RELEVANT,1,SYNTHETIC_DEMO_MAPPING,SYNTHETIC
8121.45,SKL0031,CNC Programming,RELEVANT,3,SYNTHETIC_DEMO_MAPPING,SYNTHETIC
8121.45,SKL0098,English Communication,RELEVANT,4,SYNTHETIC_DEMO_MAPPING,SYNTHETIC
8121.45,SKL0034,Welding,RELEVANT,4,SYNTHETIC_DEMO_MAPPING,SYNTHETIC
8121.45,SKL0095,Workplace Safety,RELEVANT,2,SYNTHETIC_DEMO_MAPPING,SYNTHETIC
8121.45,SKL0039,CNC Milling,RELEVANT,4,SYNTHETIC_DEMO_MAPPING,SYNTHETIC
8121.46,SKL0052,Two-Wheeler Service,RELEVANT,1,SYNTHETIC_DEMO_MAPPING,SYNTHETIC
8121.46,SKL0032,CNC Operation,RELEVANT,2,SYNTHETIC_DEMO_MAPPING,SYNTHETIC
8121.46,SKL0031,CNC Programming,RELEVANT,2,SYNTHETIC_DEMO_MAPPING,SYNTHETIC
8121.46,SKL0095,Workplace Safety,RELEVANT,4,SYNTHETIC_DEMO_MAPPING,SYNTHETIC
8121.46,SKL0047,Vehicle Diagnostics,RELEVANT,2,SYNTHETIC_DEMO_MAPPING,SYNTHETIC
8121.47,SKL0095,Workplace Safety,RELEVANT,4,SYNTHETIC_DEMO_MAPPING,SYNTHETIC
8121.47,SKL0097,Team Management,RELEVANT,3,SYNTHETIC_DEMO_MAPPING,SYNTHETIC
8121.48,SKL0037,Production Planning,RELEVANT,3,SYNTHETIC_DEMO_MAPPING,SYNTHETIC
8121.48,SKL0092,Communication,RELEVANT,2,SYNTHETIC_DEMO_MAPPING,SYNTHETIC
8121.48,SKL0035,Quality Control,RELEVANT,2,SYNTHETIC_DEMO_MAPPING,SYNTHETIC
8121.48,SKL0094,Microsoft Excel,RELEVANT,4,SYNTHETIC_DEMO_MAPPING,SYNTHETIC
8121.48,SKL0031,CNC Programming,RELEVANT,4,SYNTHETIC_DEMO_MAPPING,SYNTHETIC
8121.49,SKL0041,AutoCAD,RELEVANT,2,SYNTHETIC_DEMO_MAPPING,SYNTHETIC
8121.49,SKL0035,Quality Control,RELEVANT,1,SYNTHETIC_DEMO_MAPPING,SYNTHETIC
8121.49,SKL0037,Production Planning,RELEVANT,1,SYNTHETIC_DEMO_MAPPING,SYNTHETIC
8121.49,SKL0093,Problem Solving,RELEVANT,2,SYNTHETIC_DEMO_MAPPING,SYNTHETIC
8121.52,SKL0096,Digital Literacy,RELEVANT,4,SYNTHETIC_DEMO_MAPPING,SYNTHETIC
8121.52,SKL0092,Communication,RELEVANT,2,SYNTHETIC_DEMO_MAPPING,SYNTHETIC
8121.55,SKL0035,Quality Control,RELEVANT,2,SYNTHETIC_DEMO_MAPPING,SYNTHETIC
8121.55,SKL0033,Machine Maintenance,RELEVANT,4,SYNTHETIC_DEMO_MAPPING,SYNTHETIC
8121.55,SKL0031,CNC Programming,RELEVANT,2,SYNTHETIC_DEMO_MAPPING,SYNTHETIC
8121.55,SKL0042,SolidWorks,RELEVANT,2,SYNTHETIC_DEMO_MAPPING,SYNTHETIC
8121.55,SKL0096,Digital Literacy,RELEVANT,3,SYNTHETIC_DEMO_MAPPING,SYNTHETIC
8121.56,SKL0096,Digital Literacy,RELEVANT,3,SYNTHETIC_DEMO_MAPPING,SYNTHETIC
8121.56,SKL0034,Welding,RELEVANT,4,SYNTHETIC_DEMO_MAPPING,SYNTHETIC
8121.56,SKL0031,CNC Programming,RELEVANT,3,SYNTHETIC_DEMO_MAPPING,SYNTHETIC
8121.56,SKL0049,Electric Motor Systems,RELEVANT,3,SYNTHETIC_DEMO_MAPPING,SYNTHETIC
8121.58,SKL0092,Communication,RELEVANT,3,SYNTHETIC_DEMO_MAPPING,SYNTHETIC
8121.58,SKL0098,English Communication,RELEVANT,2,SYNTHETIC_DEMO_MAPPING,SYNTHETIC
8121.58,SKL0094,Microsoft Excel,RELEVANT,3,SYNTHETIC_DEMO_MAPPING,SYNTHETIC
8121.58,SKL0096,Digital Literacy,RELEVANT,2,SYNTHETIC_DEMO_MAPPING,SYNTHETIC
8121.99,SKL0093,Problem Solving,RELEVANT,2,SYNTHETIC_DEMO_MAPPING,SYNTHETIC
8121.99,SKL0094,Microsoft Excel,RELEVANT,1,SYNTHETIC_DEMO_MAPPING,SYNTHETIC
8121.99,SKL0092,Communication,RELEVANT,4,SYNTHETIC_DEMO_MAPPING,SYNTHETIC
8121.99,SKL0096,Digital Literacy,RELEVANT,3,SYNTHETIC_DEMO_MAPPING,SYNTHETIC
8121.99,SKL0095,Workplace Safety,RELEVANT,3,SYNTHETIC_DEMO_MAPPING,SYNTHETIC
8122.01,SKL0095,Workplace Safety,RELEVANT,3,SYNTHETIC_DEMO_MAPPING,SYNTHETIC
8122.01,SKL0098,English Communication,RELEVANT,4,SYNTHETIC_DEMO_MAPPING,SYNTHETIC
8122.0101,SKL0026,IoT,RELEVANT,4,SYNTHETIC_DEMO_MAPPING,SYNTHETIC
8122.0101,SKL0029,Control Systems,RELEVANT,1,SYNTHETIC_DEMO_MAPPING,SYNTHETIC
8122.0101,SKL0097,Team Management,RELEVANT,1,SYNTHETIC_DEMO_MAPPING,SYNTHETIC
8122.0101,SKL0093,Problem Solving,RELEVANT,4,SYNTHETIC_DEMO_MAPPING,SYNTHETIC
8122.2,SKL0046,EV Battery Maintenance,RELEVANT,1,SYNTHETIC_DEMO_MAPPING,SYNTHETIC
8122.2,SKL0098,English Communication,RELEVANT,1,SYNTHETIC_DEMO_MAPPING,SYNTHETIC
8122.2,SKL0095,Workplace Safety,RELEVANT,3,SYNTHETIC_DEMO_MAPPING,SYNTHETIC
8122.2,SKL0093,Problem Solving,RELEVANT,3,SYNTHETIC_DEMO_MAPPING,SYNTHETIC
8122.3,SKL0025,Industrial Automation,RELEVANT,2,SYNTHETIC_DEMO_MAPPING,SYNTHETIC
8122.3,SKL0052,Two-Wheeler Service,RELEVANT,1,SYNTHETIC_DEMO_MAPPING,SYNTHETIC
8122.3,SKL0048,Auto Electrical,RELEVANT,3,SYNTHETIC_DEMO_MAPPING,SYNTHETIC
8122.3,SKL0030,AutoCAD Electrical,RELEVANT,3,SYNTHETIC_DEMO_MAPPING,SYNTHETIC
8122.35,SKL0093,Problem Solving,RELEVANT,3,SYNTHETIC_DEMO_MAPPING,SYNTHETIC
8122.35,SKL0048,Auto Electrical,RELEVANT,4,SYNTHETIC_DEMO_MAPPING,SYNTHETIC
8122.35,SKL0044,EV Systems,RELEVANT,4,SYNTHETIC_DEMO_MAPPING,SYNTHETIC
8122.55,SKL0090,Logistics Planning,RELEVANT,4,SYNTHETIC_DEMO_MAPPING,SYNTHETIC
8122.55,SKL0098,English Communication,RELEVANT,2,SYNTHETIC_DEMO_MAPPING,SYNTHETIC
8122.55,SKL0036,Lean Manufacturing,RELEVANT,2,SYNTHETIC_DEMO_MAPPING,SYNTHETIC
8122.55,SKL0032,CNC Operation,RELEVANT,2,SYNTHETIC_DEMO_MAPPING,SYNTHETIC
8122.55,SKL0031,CNC Programming,RELEVANT,1,SYNTHETIC_DEMO_MAPPING,SYNTHETIC
8122.6,SKL0032,CNC Operation,RELEVANT,4,SYNTHETIC_DEMO_MAPPING,SYNTHETIC
8122.6,SKL0034,Welding,RELEVANT,3,SYNTHETIC_DEMO_MAPPING,SYNTHETIC
8122.62,SKL0095,Workplace Safety,RELEVANT,3,SYNTHETIC_DEMO_MAPPING,SYNTHETIC
8122.62,SKL0092,Communication,RELEVANT,3,SYNTHETIC_DEMO_MAPPING,SYNTHETIC
8122.62,SKL0098,English Communication,RELEVANT,2,SYNTHETIC_DEMO_MAPPING,SYNTHETIC
8122.62,SKL0097,Team Management,RELEVANT,1,SYNTHETIC_DEMO_MAPPING,SYNTHETIC
8122.62,SKL0096,Digital Literacy,RELEVANT,4,SYNTHETIC_DEMO_MAPPING,SYNTHETIC
8122.67,SKL0048,Auto Electrical,RELEVANT,3,SYNTHETIC_DEMO_MAPPING,SYNTHETIC
8122.67,SKL0094,Microsoft Excel,RELEVANT,2,SYNTHETIC_DEMO_MAPPING,SYNTHETIC
8122.67,SKL0098,English Communication,RELEVANT,2,SYNTHETIC_DEMO_MAPPING,SYNTHETIC
8122.67,SKL0050,Automotive CAD,RELEVANT,1,SYNTHETIC_DEMO_MAPPING,SYNTHETIC
8122.69,SKL0032,CNC Operation,RELEVANT,3,SYNTHETIC_DEMO_MAPPING,SYNTHETIC
8122.69,SKL0041,AutoCAD,RELEVANT,2,SYNTHETIC_DEMO_MAPPING,SYNTHETIC
8122.69,SKL0034,Welding,RELEVANT,3,SYNTHETIC_DEMO_MAPPING,SYNTHETIC
8122.69,SKL0093,Problem Solving,RELEVANT,2,SYNTHETIC_DEMO_MAPPING,SYNTHETIC
8122.7,SKL0033,Machine Maintenance,RELEVANT,3,SYNTHETIC_DEMO_MAPPING,SYNTHETIC
8122.7,SKL0037,Production Planning,RELEVANT,4,SYNTHETIC_DEMO_MAPPING,SYNTHETIC
8122.71,SKL0034,Welding,RELEVANT,3,SYNTHETIC_DEMO_MAPPING,SYNTHETIC
8122.71,SKL0033,Machine Maintenance,RELEVANT,2,SYNTHETIC_DEMO_MAPPING,SYNTHETIC
8122.72,SKL0087,Supply Chain Management,RELEVANT,3,SYNTHETIC_DEMO_MAPPING,SYNTHETIC
8122.72,SKL0089,Forklift Operation,RELEVANT,1,SYNTHETIC_DEMO_MAPPING,SYNTHETIC
8122.73,SKL0042,SolidWorks,RELEVANT,4,SYNTHETIC_DEMO_MAPPING,SYNTHETIC
8122.73,SKL0097,Team Management,RELEVANT,2,SYNTHETIC_DEMO_MAPPING,SYNTHETIC
8122.73,SKL0038,CNC Turning,RELEVANT,4,SYNTHETIC_DEMO_MAPPING,SYNTHETIC
8122.73,SKL0094,Microsoft Excel,RELEVANT,4,SYNTHETIC_DEMO_MAPPING,SYNTHETIC
8122.73,SKL0032,CNC Operation,RELEVANT,3,SYNTHETIC_DEMO_MAPPING,SYNTHETIC
8122.74,SKL0094,Microsoft Excel,RELEVANT,2,SYNTHETIC_DEMO_MAPPING,SYNTHETIC
8122.74,SKL0034,Welding,RELEVANT,4,SYNTHETIC_DEMO_MAPPING,SYNTHETIC
8122.74,SKL0036,Lean Manufacturing,RELEVANT,1,SYNTHETIC_DEMO_MAPPING,SYNTHETIC
8122.75,SKL0093,Problem Solving,RELEVANT,3,SYNTHETIC_DEMO_MAPPING,SYNTHETIC
8122.75,SKL0092,Communication,RELEVANT,1,SYNTHETIC_DEMO_MAPPING,SYNTHETIC
8122.75,SKL0041,AutoCAD,RELEVANT,1,SYNTHETIC_DEMO_MAPPING,SYNTHETIC
8122.75,SKL0095,Workplace Safety,RELEVANT,4,SYNTHETIC_DEMO_MAPPING,SYNTHETIC
8122.75,SKL0038,CNC Turning,RELEVANT,1,SYNTHETIC_DEMO_MAPPING,SYNTHETIC
8122.76,SKL0040,Mechanical Assembly,RELEVANT,2,SYNTHETIC_DEMO_MAPPING,SYNTHETIC
8122.76,SKL0037,Production Planning,RELEVANT,3,SYNTHETIC_DEMO_MAPPING,SYNTHETIC
8122.76,SKL0098,English Communication,RELEVANT,1,SYNTHETIC_DEMO_MAPPING,SYNTHETIC
8122.76,SKL0034,Welding,RELEVANT,3,SYNTHETIC_DEMO_MAPPING,SYNTHETIC
8122.76,SKL0094,Microsoft Excel,RELEVANT,3,SYNTHETIC_DEMO_MAPPING,SYNTHETIC
8122.77,SKL0095,Workplace Safety,RELEVANT,1,SYNTHETIC_DEMO_MAPPING,SYNTHETIC
8122.77,SKL0092,Communication,RELEVANT,2,SYNTHETIC_DEMO_MAPPING,SYNTHETIC
8122.77,SKL0041,AutoCAD,RELEVANT,4,SYNTHETIC_DEMO_MAPPING,SYNTHETIC
8122.78,SKL0031,CNC Programming,RELEVANT,2,SYNTHETIC_DEMO_MAPPING,SYNTHETIC
8122.78,SKL0036,Lean Manufacturing,RELEVANT,2,SYNTHETIC_DEMO_MAPPING,SYNTHETIC
8122.78,SKL0042,SolidWorks,RELEVANT,1,SYNTHETIC_DEMO_MAPPING,SYNTHETIC
8122.79,SKL0088,Fleet Management,RELEVANT,2,SYNTHETIC_DEMO_MAPPING,SYNTHETIC
8122.79,SKL0032,CNC Operation,RELEVANT,2,SYNTHETIC_DEMO_MAPPING,SYNTHETIC
8122.79,SKL0035,Quality Control,RELEVANT,2,SYNTHETIC_DEMO_MAPPING,SYNTHETIC
8122.79,SKL0087,Supply Chain Management,RELEVANT,3,SYNTHETIC_DEMO_MAPPING,SYNTHETIC
8122.8,SKL0033,Machine Maintenance,RELEVANT,2,SYNTHETIC_DEMO_MAPPING,SYNTHETIC
8122.8,SKL0038,CNC Turning,RELEVANT,1,SYNTHETIC_DEMO_MAPPING,SYNTHETIC
8122.8,SKL0040,Mechanical Assembly,RELEVANT,4,SYNTHETIC_DEMO_MAPPING,SYNTHETIC
8122.8,SKL0031,CNC Programming,RELEVANT,1,SYNTHETIC_DEMO_MAPPING,SYNTHETIC
8122.8,SKL0097,Team Management,RELEVANT,2,SYNTHETIC_DEMO_MAPPING,SYNTHETIC
8122.81,SKL0039,CNC Milling,RELEVANT,1,SYNTHETIC_DEMO_MAPPING,SYNTHETIC
8122.81,SKL0032,CNC Operation,RELEVANT,2,SYNTHETIC_DEMO_MAPPING,SYNTHETIC
8122.81,SKL0037,Production Planning,RELEVANT,2,SYNTHETIC_DEMO_MAPPING,SYNTHETIC
8122.81,SKL0094,Microsoft Excel,RELEVANT,2,SYNTHETIC_DEMO_MAPPING,SYNTHETIC
8122.99,SKL0097,Team Management,RELEVANT,2,SYNTHETIC_DEMO_MAPPING,SYNTHETIC
8122.99,SKL0034,Welding,RELEVANT,2,SYNTHETIC_DEMO_MAPPING,SYNTHETIC
8131.01,SKL0094,Microsoft Excel,RELEVANT,2,SYNTHETIC_DEMO_MAPPING,SYNTHETIC
8131.01,SKL0052,Two-Wheeler Service,RELEVANT,1,SYNTHETIC_DEMO_MAPPING,SYNTHETIC
8131.01,SKL0051,Service Operations,RELEVANT,4,SYNTHETIC_DEMO_MAPPING,SYNTHETIC
8131.01,SKL0049,Electric Motor Systems,RELEVANT,4,SYNTHETIC_DEMO_MAPPING,SYNTHETIC
8131.02,SKL0041,AutoCAD,RELEVANT,3,SYNTHETIC_DEMO_MAPPING,SYNTHETIC
8131.02,SKL0037,Production Planning,RELEVANT,3,SYNTHETIC_DEMO_MAPPING,SYNTHETIC
8131.02,SKL0038,CNC Turning,RELEVANT,3,SYNTHETIC_DEMO_MAPPING,SYNTHETIC
8131.02,SKL0042,SolidWorks,RELEVANT,1,SYNTHETIC_DEMO_MAPPING,SYNTHETIC
8131.03,SKL0033,Machine Maintenance,RELEVANT,2,SYNTHETIC_DEMO_MAPPING,SYNTHETIC
8131.03,SKL0041,AutoCAD,RELEVANT,4,SYNTHETIC_DEMO_MAPPING,SYNTHETIC
8131.03,SKL0037,Production Planning,RELEVANT,3,SYNTHETIC_DEMO_MAPPING,SYNTHETIC
8131.04,SKL0048,Auto Electrical,RELEVANT,4,SYNTHETIC_DEMO_MAPPING,SYNTHETIC
8131.04,SKL0043,Automotive Diagnostics,RELEVANT,2,SYNTHETIC_DEMO_MAPPING,SYNTHETIC
8131.04,SKL0098,English Communication,RELEVANT,1,SYNTHETIC_DEMO_MAPPING,SYNTHETIC
8131.04,SKL0097,Team Management,RELEVANT,4,SYNTHETIC_DEMO_MAPPING,SYNTHETIC
8131.04,SKL0031,CNC Programming,RELEVANT,4,SYNTHETIC_DEMO_MAPPING,SYNTHETIC
8131.05,SKL0031,CNC Programming,RELEVANT,2,SYNTHETIC_DEMO_MAPPING,SYNTHETIC
8131.05,SKL0038,CNC Turning,RELEVANT,3,SYNTHETIC_DEMO_MAPPING,SYNTHETIC
8131.08,SKL0032,CNC Operation,RELEVANT,3,SYNTHETIC_DEMO_MAPPING,SYNTHETIC
8131.08,SKL0048,Auto Electrical,RELEVANT,4,SYNTHETIC_DEMO_MAPPING,SYNTHETIC
8131.08,SKL0047,Vehicle Diagnostics,RELEVANT,3,SYNTHETIC_DEMO_MAPPING,SYNTHETIC
8131.09,SKL0035,Quality Control,RELEVANT,1,SYNTHETIC_DEMO_MAPPING,SYNTHETIC
8131.09,SKL0041,AutoCAD,RELEVANT,2,SYNTHETIC_DEMO_MAPPING,SYNTHETIC
8131.09,SKL0031,CNC Programming,RELEVANT,3,SYNTHETIC_DEMO_MAPPING,SYNTHETIC
8131.14,SKL0097,Team Management,RELEVANT,4,SYNTHETIC_DEMO_MAPPING,SYNTHETIC
8131.14,SKL0094,Microsoft Excel,RELEVANT,2,SYNTHETIC_DEMO_MAPPING,SYNTHETIC
8131.15,SKL0092,Communication,RELEVANT,4,SYNTHETIC_DEMO_MAPPING,SYNTHETIC
8131.15,SKL0042,SolidWorks,RELEVANT,3,SYNTHETIC_DEMO_MAPPING,SYNTHETIC
8131.17,SKL0088,Fleet Management,RELEVANT,4,SYNTHETIC_DEMO_MAPPING,SYNTHETIC
8131.17,SKL0036,Lean Manufacturing,RELEVANT,2,SYNTHETIC_DEMO_MAPPING,SYNTHETIC
8131.17,SKL0092,Communication,RELEVANT,3,SYNTHETIC_DEMO_MAPPING,SYNTHETIC
8131.18,SKL0097,Team Management,RELEVANT,3,SYNTHETIC_DEMO_MAPPING,SYNTHETIC
8131.18,SKL0094,Microsoft Excel,RELEVANT,1,SYNTHETIC_DEMO_MAPPING,SYNTHETIC
8131.18,SKL0093,Problem Solving,RELEVANT,4,SYNTHETIC_DEMO_MAPPING,SYNTHETIC
8131.21,SKL0012,Docker,RELEVANT,3,SYNTHETIC_DEMO_MAPPING,SYNTHETIC
8131.21,SKL0014,Azure,RELEVANT,3,SYNTHETIC_DEMO_MAPPING,SYNTHETIC
8131.22,SKL0040,Mechanical Assembly,RELEVANT,4,SYNTHETIC_DEMO_MAPPING,SYNTHETIC
8131.22,SKL0038,CNC Turning,RELEVANT,4,SYNTHETIC_DEMO_MAPPING,SYNTHETIC
8131.22,SKL0098,English Communication,RELEVANT,1,SYNTHETIC_DEMO_MAPPING,SYNTHETIC
8131.22,SKL0033,Machine Maintenance,RELEVANT,3,SYNTHETIC_DEMO_MAPPING,SYNTHETIC
8131.22,SKL0093,Problem Solving,RELEVANT,3,SYNTHETIC_DEMO_MAPPING,SYNTHETIC
8131.23,SKL0046,EV Battery Maintenance,RELEVANT,4,SYNTHETIC_DEMO_MAPPING,SYNTHETIC
8131.23,SKL0095,Workplace Safety,RELEVANT,4,SYNTHETIC_DEMO_MAPPING,SYNTHETIC
8131.23,SKL0033,Machine Maintenance,RELEVANT,4,SYNTHETIC_DEMO_MAPPING,SYNTHETIC
8131.23,SKL0040,Mechanical Assembly,RELEVANT,3,SYNTHETIC_DEMO_MAPPING,SYNTHETIC
8131.23,SKL0048,Auto Electrical,RELEVANT,1,SYNTHETIC_DEMO_MAPPING,SYNTHETIC
8131.24,SKL0092,Communication,RELEVANT,2,SYNTHETIC_DEMO_MAPPING,SYNTHETIC
8131.24,SKL0038,CNC Turning,RELEVANT,3,SYNTHETIC_DEMO_MAPPING,SYNTHETIC
8131.24,SKL0037,Production Planning,RELEVANT,3,SYNTHETIC_DEMO_MAPPING,SYNTHETIC
8131.24,SKL0098,English Communication,RELEVANT,2,SYNTHETIC_DEMO_MAPPING,SYNTHETIC
8131.25,SKL0092,Communication,RELEVANT,4,SYNTHETIC_DEMO_MAPPING,SYNTHETIC
8131.25,SKL0096,Digital Literacy,RELEVANT,3,SYNTHETIC_DEMO_MAPPING,SYNTHETIC
8131.26,SKL0093,Problem Solving,RELEVANT,3,SYNTHETIC_DEMO_MAPPING,SYNTHETIC
8131.26,SKL0049,Electric Motor Systems,RELEVANT,4,SYNTHETIC_DEMO_MAPPING,SYNTHETIC
8131.26,SKL0048,Auto Electrical,RELEVANT,2,SYNTHETIC_DEMO_MAPPING,SYNTHETIC
8131.26,SKL0097,Team Management,RELEVANT,4,SYNTHETIC_DEMO_MAPPING,SYNTHETIC
8131.26,SKL0043,Automotive Diagnostics,RELEVANT,1,SYNTHETIC_DEMO_MAPPING,SYNTHETIC
8131.27,SKL0039,CNC Milling,RELEVANT,4,SYNTHETIC_DEMO_MAPPING,SYNTHETIC
8131.27,SKL0098,English Communication,RELEVANT,1,SYNTHETIC_DEMO_MAPPING,SYNTHETIC
8131.27,SKL0036,Lean Manufacturing,RELEVANT,1,SYNTHETIC_DEMO_MAPPING,SYNTHETIC
8131.28,SKL0005,React,RELEVANT,3,SYNTHETIC_DEMO_MAPPING,SYNTHETIC
8131.28,SKL0024,PCB Design,RELEVANT,4,SYNTHETIC_DEMO_MAPPING,SYNTHETIC
8131.28,SKL0013,AWS,RELEVANT,2,SYNTHETIC_DEMO_MAPPING,SYNTHETIC
8131.29,SKL0093,Problem Solving,RELEVANT,3,SYNTHETIC_DEMO_MAPPING,SYNTHETIC
8131.29,SKL0043,Automotive Diagnostics,RELEVANT,4,SYNTHETIC_DEMO_MAPPING,SYNTHETIC
8131.29,SKL0030,AutoCAD Electrical,RELEVANT,4,SYNTHETIC_DEMO_MAPPING,SYNTHETIC
8131.3,SKL0039,CNC Milling,RELEVANT,4,SYNTHETIC_DEMO_MAPPING,SYNTHETIC
8131.3,SKL0042,SolidWorks,RELEVANT,4,SYNTHETIC_DEMO_MAPPING,SYNTHETIC
8131.31,SKL0043,Automotive Diagnostics,RELEVANT,3,SYNTHETIC_DEMO_MAPPING,SYNTHETIC
8131.31,SKL0014,Azure,RELEVANT,1,SYNTHETIC_DEMO_MAPPING,SYNTHETIC
8131.31,SKL0004,TypeScript,RELEVANT,4,SYNTHETIC_DEMO_MAPPING,SYNTHETIC
8131.32,SKL0092,Communication,RELEVANT,2,SYNTHETIC_DEMO_MAPPING,SYNTHETIC
8131.32,SKL0067,Healthcare Administration,RELEVANT,2,SYNTHETIC_DEMO_MAPPING,SYNTHETIC
8131.3501,SKL0033,Machine Maintenance,RELEVANT,4,SYNTHETIC_DEMO_MAPPING,SYNTHETIC
8131.3501,SKL0092,Communication,RELEVANT,4,SYNTHETIC_DEMO_MAPPING,SYNTHETIC
8131.36,SKL0021,PLC,RELEVANT,1,SYNTHETIC_DEMO_MAPPING,SYNTHETIC
8131.36,SKL0092,Communication,RELEVANT,4,SYNTHETIC_DEMO_MAPPING,SYNTHETIC
8131.36,SKL0096,Digital Literacy,RELEVANT,3,SYNTHETIC_DEMO_MAPPING,SYNTHETIC
8131.37,SKL0025,Industrial Automation,RELEVANT,1,SYNTHETIC_DEMO_MAPPING,SYNTHETIC
8131.37,SKL0029,Control Systems,RELEVANT,2,SYNTHETIC_DEMO_MAPPING,SYNTHETIC
8131.37,SKL0028,Electrical Testing,RELEVANT,3,SYNTHETIC_DEMO_MAPPING,SYNTHETIC
8131.37,SKL0021,PLC,RELEVANT,1,SYNTHETIC_DEMO_MAPPING,SYNTHETIC
8131.38,SKL0092,Communication,RELEVANT,1,SYNTHETIC_DEMO_MAPPING,SYNTHETIC
8131.38,SKL0095,Workplace Safety,RELEVANT,1,SYNTHETIC_DEMO_MAPPING,SYNTHETIC
8131.38,SKL0096,Digital Literacy,RELEVANT,1,SYNTHETIC_DEMO_MAPPING,SYNTHETIC
8131.39,SKL0095,Workplace Safety,RELEVANT,1,SYNTHETIC_DEMO_MAPPING,SYNTHETIC
8131.39,SKL0094,Microsoft Excel,RELEVANT,3,SYNTHETIC_DEMO_MAPPING,SYNTHETIC
8131.4,SKL0086,Inventory Management,RELEVANT,1,SYNTHETIC_DEMO_MAPPING,SYNTHETIC
8131.4,SKL0089,Forklift Operation,RELEVANT,3,SYNTHETIC_DEMO_MAPPING,SYNTHETIC
8131.41,SKL0036,Lean Manufacturing,RELEVANT,2,SYNTHETIC_DEMO_MAPPING,SYNTHETIC
8131.41,SKL0098,English Communication,RELEVANT,3,SYNTHETIC_DEMO_MAPPING,SYNTHETIC
8131.41,SKL0040,Mechanical Assembly,RELEVANT,1,SYNTHETIC_DEMO_MAPPING,SYNTHETIC
8131.42,SKL0031,CNC Programming,RELEVANT,1,SYNTHETIC_DEMO_MAPPING,SYNTHETIC
8131.42,SKL0027,Sensors,RELEVANT,3,SYNTHETIC_DEMO_MAPPING,SYNTHETIC
8131.42,SKL0026,IoT,RELEVANT,3,SYNTHETIC_DEMO_MAPPING,SYNTHETIC
8131.42,SKL0029,Control Systems,RELEVANT,4,SYNTHETIC_DEMO_MAPPING,SYNTHETIC
8131.43,SKL0038,CNC Turning,RELEVANT,3,SYNTHETIC_DEMO_MAPPING,SYNTHETIC
8131.43,SKL0094,Microsoft Excel,RELEVANT,2,SYNTHETIC_DEMO_MAPPING,SYNTHETIC
8131.43,SKL0035,Quality Control,RELEVANT,2,SYNTHETIC_DEMO_MAPPING,SYNTHETIC
8131.44,SKL0040,Mechanical Assembly,RELEVANT,3,SYNTHETIC_DEMO_MAPPING,SYNTHETIC
8131.44,SKL0033,Machine Maintenance,RELEVANT,3,SYNTHETIC_DEMO_MAPPING,SYNTHETIC
8131.44,SKL0039,CNC Milling,RELEVANT,3,SYNTHETIC_DEMO_MAPPING,SYNTHETIC
8131.44,SKL0095,Workplace Safety,RELEVANT,1,SYNTHETIC_DEMO_MAPPING,SYNTHETIC
8131.44,SKL0034,Welding,RELEVANT,3,SYNTHETIC_DEMO_MAPPING,SYNTHETIC
8131.45,SKL0036,Lean Manufacturing,RELEVANT,3,SYNTHETIC_DEMO_MAPPING,SYNTHETIC
8131.45,SKL0095,Workplace Safety,RELEVANT,4,SYNTHETIC_DEMO_MAPPING,SYNTHETIC
8131.45,SKL0037,Production Planning,RELEVANT,2,SYNTHETIC_DEMO_MAPPING,SYNTHETIC
8131.45,SKL0097,Team Management,RELEVANT,1,SYNTHETIC_DEMO_MAPPING,SYNTHETIC
8131.45,SKL0093,Problem Solving,RELEVANT,4,SYNTHETIC_DEMO_MAPPING,SYNTHETIC
8131.46,SKL0032,CNC Operation,RELEVANT,1,SYNTHETIC_DEMO_MAPPING,SYNTHETIC
8131.46,SKL0033,Machine Maintenance,RELEVANT,3,SYNTHETIC_DEMO_MAPPING,SYNTHETIC
8131.49,SKL0095,Workplace Safety,RELEVANT,3,SYNTHETIC_DEMO_MAPPING,SYNTHETIC
8131.49,SKL0098,English Communication,RELEVANT,2,SYNTHETIC_DEMO_MAPPING,SYNTHETIC
8131.49,SKL0092,Communication,RELEVANT,1,SYNTHETIC_DEMO_MAPPING,SYNTHETIC
8131.49,SKL0096,Digital Literacy,RELEVANT,1,SYNTHETIC_DEMO_MAPPING,SYNTHETIC
8131.56,SKL0095,Workplace Safety,RELEVANT,3,SYNTHETIC_DEMO_MAPPING,SYNTHETIC
8131.56,SKL0093,Problem Solving,RELEVANT,2,SYNTHETIC_DEMO_MAPPING,SYNTHETIC
8131.58,SKL0037,Production Planning,RELEVANT,1,SYNTHETIC_DEMO_MAPPING,SYNTHETIC
8131.58,SKL0039,CNC Milling,RELEVANT,2,SYNTHETIC_DEMO_MAPPING,SYNTHETIC
8131.59,SKL0094,Microsoft Excel,RELEVANT,3,SYNTHETIC_DEMO_MAPPING,SYNTHETIC
8131.59,SKL0039,CNC Milling,RELEVANT,2,SYNTHETIC_DEMO_MAPPING,SYNTHETIC
8131.59,SKL0032,CNC Operation,RELEVANT,4,SYNTHETIC_DEMO_MAPPING,SYNTHETIC
8131.6,SKL0096,Digital Literacy,RELEVANT,2,SYNTHETIC_DEMO_MAPPING,SYNTHETIC
8131.6,SKL0094,Microsoft Excel,RELEVANT,3,SYNTHETIC_DEMO_MAPPING,SYNTHETIC
8131.61,SKL0035,Quality Control,RELEVANT,1,SYNTHETIC_DEMO_MAPPING,SYNTHETIC
8131.61,SKL0033,Machine Maintenance,RELEVANT,3,SYNTHETIC_DEMO_MAPPING,SYNTHETIC
8131.61,SKL0037,Production Planning,RELEVANT,1,SYNTHETIC_DEMO_MAPPING,SYNTHETIC
8131.62,SKL0039,CNC Milling,RELEVANT,1,SYNTHETIC_DEMO_MAPPING,SYNTHETIC
8131.62,SKL0040,Mechanical Assembly,RELEVANT,1,SYNTHETIC_DEMO_MAPPING,SYNTHETIC
8131.62,SKL0037,Production Planning,RELEVANT,4,SYNTHETIC_DEMO_MAPPING,SYNTHETIC
8131.62,SKL0034,Welding,RELEVANT,4,SYNTHETIC_DEMO_MAPPING,SYNTHETIC
8131.62,SKL0035,Quality Control,RELEVANT,3,SYNTHETIC_DEMO_MAPPING,SYNTHETIC
8131.63,SKL0038,CNC Turning,RELEVANT,4,SYNTHETIC_DEMO_MAPPING,SYNTHETIC
8131.63,SKL0093,Problem Solving,RELEVANT,4,SYNTHETIC_DEMO_MAPPING,SYNTHETIC
8131.64,SKL0095,Workplace Safety,RELEVANT,3,SYNTHETIC_DEMO_MAPPING,SYNTHETIC
8131.64,SKL0094,Microsoft Excel,RELEVANT,3,SYNTHETIC_DEMO_MAPPING,SYNTHETIC
8131.64,SKL0097,Team Management,RELEVANT,4,SYNTHETIC_DEMO_MAPPING,SYNTHETIC
8131.65,SKL0034,Welding,RELEVANT,4,SYNTHETIC_DEMO_MAPPING,SYNTHETIC
8131.65,SKL0042,SolidWorks,RELEVANT,3,SYNTHETIC_DEMO_MAPPING,SYNTHETIC
8131.65,SKL0096,Digital Literacy,RELEVANT,4,SYNTHETIC_DEMO_MAPPING,SYNTHETIC
8131.66,SKL0034,Welding,RELEVANT,3,SYNTHETIC_DEMO_MAPPING,SYNTHETIC
8131.66,SKL0096,Digital Literacy,RELEVANT,1,SYNTHETIC_DEMO_MAPPING,SYNTHETIC
8131.66,SKL0098,English Communication,RELEVANT,1,SYNTHETIC_DEMO_MAPPING,SYNTHETIC
8131.67,SKL0034,Welding,RELEVANT,2,SYNTHETIC_DEMO_MAPPING,SYNTHETIC
8131.67,SKL0096,Digital Literacy,RELEVANT,1,SYNTHETIC_DEMO_MAPPING,SYNTHETIC
8131.68,SKL0092,Communication,RELEVANT,1,SYNTHETIC_DEMO_MAPPING,SYNTHETIC
8131.68,SKL0042,SolidWorks,RELEVANT,3,SYNTHETIC_DEMO_MAPPING,SYNTHETIC
8131.7,SKL0097,Team Management,RELEVANT,3,SYNTHETIC_DEMO_MAPPING,SYNTHETIC
8131.7,SKL0037,Production Planning,RELEVANT,2,SYNTHETIC_DEMO_MAPPING,SYNTHETIC
8131.71,SKL0093,Problem Solving,RELEVANT,2,SYNTHETIC_DEMO_MAPPING,SYNTHETIC
8131.71,SKL0035,Quality Control,RELEVANT,3,SYNTHETIC_DEMO_MAPPING,SYNTHETIC
8131.71,SKL0034,Welding,RELEVANT,3,SYNTHETIC_DEMO_MAPPING,SYNTHETIC
8131.72,SKL0042,SolidWorks,RELEVANT,2,SYNTHETIC_DEMO_MAPPING,SYNTHETIC
8131.72,SKL0098,English Communication,RELEVANT,4,SYNTHETIC_DEMO_MAPPING,SYNTHETIC
8131.72,SKL0092,Communication,RELEVANT,1,SYNTHETIC_DEMO_MAPPING,SYNTHETIC
8131.72,SKL0039,CNC Milling,RELEVANT,2,SYNTHETIC_DEMO_MAPPING,SYNTHETIC
8131.72,SKL0035,Quality Control,RELEVANT,2,SYNTHETIC_DEMO_MAPPING,SYNTHETIC
8131.75,SKL0097,Team Management,RELEVANT,1,SYNTHETIC_DEMO_MAPPING,SYNTHETIC
8131.75,SKL0092,Communication,RELEVANT,2,SYNTHETIC_DEMO_MAPPING,SYNTHETIC
8131.76,SKL0093,Problem Solving,RELEVANT,1,SYNTHETIC_DEMO_MAPPING,SYNTHETIC
8131.76,SKL0092,Communication,RELEVANT,2,SYNTHETIC_DEMO_MAPPING,SYNTHETIC
8131.77,SKL0092,Communication,RELEVANT,3,SYNTHETIC_DEMO_MAPPING,SYNTHETIC
8131.77,SKL0036,Lean Manufacturing,RELEVANT,1,SYNTHETIC_DEMO_MAPPING,SYNTHETIC
8131.77,SKL0028,Electrical Testing,RELEVANT,1,SYNTHETIC_DEMO_MAPPING,SYNTHETIC
8131.78,SKL0092,Communication,RELEVANT,4,SYNTHETIC_DEMO_MAPPING,SYNTHETIC
8131.78,SKL0096,Digital Literacy,RELEVANT,2,SYNTHETIC_DEMO_MAPPING,SYNTHETIC
8131.8,SKL0044,EV Systems,RELEVANT,2,SYNTHETIC_DEMO_MAPPING,SYNTHETIC
8131.8,SKL0045,Battery Management Systems,RELEVANT,3,SYNTHETIC_DEMO_MAPPING,SYNTHETIC
8131.8,SKL0048,Auto Electrical,RELEVANT,2,SYNTHETIC_DEMO_MAPPING,SYNTHETIC
8131.81,SKL0097,Team Management,RELEVANT,3,SYNTHETIC_DEMO_MAPPING,SYNTHETIC
8131.81,SKL0095,Workplace Safety,RELEVANT,1,SYNTHETIC_DEMO_MAPPING,SYNTHETIC
8131.81,SKL0098,English Communication,RELEVANT,4,SYNTHETIC_DEMO_MAPPING,SYNTHETIC
8131.82,SKL0032,CNC Operation,RELEVANT,3,SYNTHETIC_DEMO_MAPPING,SYNTHETIC
8131.82,SKL0098,English Communication,RELEVANT,1,SYNTHETIC_DEMO_MAPPING,SYNTHETIC
8131.82,SKL0033,Machine Maintenance,RELEVANT,2,SYNTHETIC_DEMO_MAPPING,SYNTHETIC
8131.83,SKL0024,PCB Design,RELEVANT,2,SYNTHETIC_DEMO_MAPPING,SYNTHETIC
8131.83,SKL0029,Control Systems,RELEVANT,3,SYNTHETIC_DEMO_MAPPING,SYNTHETIC
8131.83,SKL0096,Digital Literacy,RELEVANT,2,SYNTHETIC_DEMO_MAPPING,SYNTHETIC
8131.84,SKL0094,Microsoft Excel,RELEVANT,2,SYNTHETIC_DEMO_MAPPING,SYNTHETIC
8131.84,SKL0052,Two-Wheeler Service,RELEVANT,2,SYNTHETIC_DEMO_MAPPING,SYNTHETIC
8131.84,SKL0097,Team Management,RELEVANT,4,SYNTHETIC_DEMO_MAPPING,SYNTHETIC
8131.84,SKL0092,Communication,RELEVANT,4,SYNTHETIC_DEMO_MAPPING,SYNTHETIC
8131.85,SKL0037,Production Planning,RELEVANT,3,SYNTHETIC_DEMO_MAPPING,SYNTHETIC
8131.85,SKL0024,PCB Design,RELEVANT,2,SYNTHETIC_DEMO_MAPPING,SYNTHETIC
8131.85,SKL0030,AutoCAD Electrical,RELEVANT,4,SYNTHETIC_DEMO_MAPPING,SYNTHETIC
8131.87,SKL0024,PCB Design,RELEVANT,1,SYNTHETIC_DEMO_MAPPING,SYNTHETIC
8131.87,SKL0031,CNC Programming,RELEVANT,4,SYNTHETIC_DEMO_MAPPING,SYNTHETIC
8131.87,SKL0092,Communication,RELEVANT,1,SYNTHETIC_DEMO_MAPPING,SYNTHETIC
8131.87,SKL0022,SCADA,RELEVANT,4,SYNTHETIC_DEMO_MAPPING,SYNTHETIC
8131.88,SKL0092,Communication,RELEVANT,1,SYNTHETIC_DEMO_MAPPING,SYNTHETIC
8131.88,SKL0094,Microsoft Excel,RELEVANT,4,SYNTHETIC_DEMO_MAPPING,SYNTHETIC
8131.88,SKL0096,Digital Literacy,RELEVANT,4,SYNTHETIC_DEMO_MAPPING,SYNTHETIC
8131.88,SKL0095,Workplace Safety,RELEVANT,2,SYNTHETIC_DEMO_MAPPING,SYNTHETIC
8131.88,SKL0093,Problem Solving,RELEVANT,4,SYNTHETIC_DEMO_MAPPING,SYNTHETIC
8131.89,SKL0033,Machine Maintenance,RELEVANT,3,SYNTHETIC_DEMO_MAPPING,SYNTHETIC
8131.89,SKL0005,React,RELEVANT,1,SYNTHETIC_DEMO_MAPPING,SYNTHETIC
8131.9,SKL0037,Production Planning,RELEVANT,2,SYNTHETIC_DEMO_MAPPING,SYNTHETIC
8131.9,SKL0087,Supply Chain Management,RELEVANT,1,SYNTHETIC_DEMO_MAPPING,SYNTHETIC
8131.99,SKL0037,Production Planning,RELEVANT,4,SYNTHETIC_DEMO_MAPPING,SYNTHETIC
8131.99,SKL0032,CNC Operation,RELEVANT,4,SYNTHETIC_DEMO_MAPPING,SYNTHETIC
8131.99,SKL0092,Communication,RELEVANT,2,SYNTHETIC_DEMO_MAPPING,SYNTHETIC
8131.99,SKL0036,Lean Manufacturing,RELEVANT,4,SYNTHETIC_DEMO_MAPPING,SYNTHETIC
8132.01,SKL0018,Cybersecurity,RELEVANT,1,SYNTHETIC_DEMO_MAPPING,SYNTHETIC
8132.01,SKL0036,Lean Manufacturing,RELEVANT,4,SYNTHETIC_DEMO_MAPPING,SYNTHETIC
8132.02,SKL0005,React,RELEVANT,2,SYNTHETIC_DEMO_MAPPING,SYNTHETIC
8132.02,SKL0036,Lean Manufacturing,RELEVANT,2,SYNTHETIC_DEMO_MAPPING,SYNTHETIC
8132.03,SKL0093,Problem Solving,RELEVANT,1,SYNTHETIC_DEMO_MAPPING,SYNTHETIC
8132.03,SKL0012,Docker,RELEVANT,1,SYNTHETIC_DEMO_MAPPING,SYNTHETIC
8132.04,SKL0095,Workplace Safety,RELEVANT,2,SYNTHETIC_DEMO_MAPPING,SYNTHETIC
8132.04,SKL0096,Digital Literacy,RELEVANT,3,SYNTHETIC_DEMO_MAPPING,SYNTHETIC
8132.04,SKL0094,Microsoft Excel,RELEVANT,4,SYNTHETIC_DEMO_MAPPING,SYNTHETIC
8132.04,SKL0097,Team Management,RELEVANT,3,SYNTHETIC_DEMO_MAPPING,SYNTHETIC
8132.05,SKL0094,Microsoft Excel,RELEVANT,4,SYNTHETIC_DEMO_MAPPING,SYNTHETIC
8132.05,SKL0096,Digital Literacy,RELEVANT,3,SYNTHETIC_DEMO_MAPPING,SYNTHETIC
8132.05,SKL0092,Communication,RELEVANT,2,SYNTHETIC_DEMO_MAPPING,SYNTHETIC
8132.06,SKL0039,CNC Milling,RELEVANT,1,SYNTHETIC_DEMO_MAPPING,SYNTHETIC
8132.06,SKL0097,Team Management,RELEVANT,2,SYNTHETIC_DEMO_MAPPING,SYNTHETIC
8132.07,SKL0046,EV Battery Maintenance,RELEVANT,4,SYNTHETIC_DEMO_MAPPING,SYNTHETIC
8132.07,SKL0035,Quality Control,RELEVANT,2,SYNTHETIC_DEMO_MAPPING,SYNTHETIC
8132.08,SKL0007,Node.js,RELEVANT,1,SYNTHETIC_DEMO_MAPPING,SYNTHETIC
8132.08,SKL0018,Cybersecurity,RELEVANT,4,SYNTHETIC_DEMO_MAPPING,SYNTHETIC
8132.09,SKL0035,Quality Control,RELEVANT,2,SYNTHETIC_DEMO_MAPPING,SYNTHETIC
8132.09,SKL0037,Production Planning,RELEVANT,1,SYNTHETIC_DEMO_MAPPING,SYNTHETIC
8132.09,SKL0094,Microsoft Excel,RELEVANT,4,SYNTHETIC_DEMO_MAPPING,SYNTHETIC
8132.09,SKL0097,Team Management,RELEVANT,3,SYNTHETIC_DEMO_MAPPING,SYNTHETIC
8132.1,SKL0037,Production Planning,RELEVANT,2,SYNTHETIC_DEMO_MAPPING,SYNTHETIC
8132.1,SKL0096,Digital Literacy,RELEVANT,1,SYNTHETIC_DEMO_MAPPING,SYNTHETIC
8132.1,SKL0038,CNC Turning,RELEVANT,3,SYNTHETIC_DEMO_MAPPING,SYNTHETIC
8132.1,SKL0095,Workplace Safety,RELEVANT,2,SYNTHETIC_DEMO_MAPPING,SYNTHETIC
8132.1,SKL0094,Microsoft Excel,RELEVANT,2,SYNTHETIC_DEMO_MAPPING,SYNTHETIC
8132.99,SKL0039,CNC Milling,RELEVANT,2,SYNTHETIC_DEMO_MAPPING,SYNTHETIC
8132.99,SKL0037,Production Planning,RELEVANT,2,SYNTHETIC_DEMO_MAPPING,SYNTHETIC
8132.99,SKL0096,Digital Literacy,RELEVANT,4,SYNTHETIC_DEMO_MAPPING,SYNTHETIC
8132.99,SKL0040,Mechanical Assembly,RELEVANT,1,SYNTHETIC_DEMO_MAPPING,SYNTHETIC
8141.01,SKL0093,Problem Solving,RELEVANT,3,SYNTHETIC_DEMO_MAPPING,SYNTHETIC
8141.01,SKL0046,EV Battery Maintenance,RELEVANT,3,SYNTHETIC_DEMO_MAPPING,SYNTHETIC
8141.01,SKL0040,Mechanical Assembly,RELEVANT,1,SYNTHETIC_DEMO_MAPPING,SYNTHETIC
8141.01,SKL0049,Electric Motor Systems,RELEVANT,4,SYNTHETIC_DEMO_MAPPING,SYNTHETIC
8141.0101,SKL0098,English Communication,RELEVANT,1,SYNTHETIC_DEMO_MAPPING,SYNTHETIC
8141.0101,SKL0094,Microsoft Excel,RELEVANT,2,SYNTHETIC_DEMO_MAPPING,SYNTHETIC
8141.0101,SKL0096,Digital Literacy,RELEVANT,2,SYNTHETIC_DEMO_MAPPING,SYNTHETIC
8141.0101,SKL0093,Problem Solving,RELEVANT,1,SYNTHETIC_DEMO_MAPPING,SYNTHETIC
8141.0101,SKL0092,Communication,RELEVANT,2,SYNTHETIC_DEMO_MAPPING,SYNTHETIC
8141.02,SKL0098,English Communication,RELEVANT,3,SYNTHETIC_DEMO_MAPPING,SYNTHETIC
8141.02,SKL0035,Quality Control,RELEVANT,2,SYNTHETIC_DEMO_MAPPING,SYNTHETIC
8141.02,SKL0032,CNC Operation,RELEVANT,3,SYNTHETIC_DEMO_MAPPING,SYNTHETIC
8141.03,SKL0095,Workplace Safety,RELEVANT,1,SYNTHETIC_DEMO_MAPPING,SYNTHETIC
8141.03,SKL0042,SolidWorks,RELEVANT,3,SYNTHETIC_DEMO_MAPPING,SYNTHETIC
8141.03,SKL0037,Production Planning,RELEVANT,1,SYNTHETIC_DEMO_MAPPING,SYNTHETIC
8141.03,SKL0035,Quality Control,RELEVANT,4,SYNTHETIC_DEMO_MAPPING,SYNTHETIC
8141.0301,SKL0094,Microsoft Excel,RELEVANT,1,SYNTHETIC_DEMO_MAPPING,SYNTHETIC
8141.0301,SKL0095,Workplace Safety,RELEVANT,4,SYNTHETIC_DEMO_MAPPING,SYNTHETIC
8141.0301,SKL0093,Problem Solving,RELEVANT,3,SYNTHETIC_DEMO_MAPPING,SYNTHETIC
8141.0301,SKL0098,English Communication,RELEVANT,1,SYNTHETIC_DEMO_MAPPING,SYNTHETIC
8141.0302,SKL0092,Communication,RELEVANT,2,SYNTHETIC_DEMO_MAPPING,SYNTHETIC
8141.0302,SKL0094,Microsoft Excel,RELEVANT,2,SYNTHETIC_DEMO_MAPPING,SYNTHETIC
8141.04,SKL0032,CNC Operation,RELEVANT,3,SYNTHETIC_DEMO_MAPPING,SYNTHETIC
8141.04,SKL0060,Structural Analysis,RELEVANT,3,SYNTHETIC_DEMO_MAPPING,SYNTHETIC
8141.04,SKL0096,Digital Literacy,RELEVANT,3,SYNTHETIC_DEMO_MAPPING,SYNTHETIC
8141.04,SKL0037,Production Planning,RELEVANT,4,SYNTHETIC_DEMO_MAPPING,SYNTHETIC
8141.05,SKL0040,Mechanical Assembly,RELEVANT,1,SYNTHETIC_DEMO_MAPPING,SYNTHETIC
8141.05,SKL0038,CNC Turning,RELEVANT,1,SYNTHETIC_DEMO_MAPPING,SYNTHETIC
8141.05,SKL0094,Microsoft Excel,RELEVANT,2,SYNTHETIC_DEMO_MAPPING,SYNTHETIC
8141.05,SKL0037,Production Planning,RELEVANT,1,SYNTHETIC_DEMO_MAPPING,SYNTHETIC
8141.06,SKL0033,Machine Maintenance,RELEVANT,4,SYNTHETIC_DEMO_MAPPING,SYNTHETIC
8141.06,SKL0098,English Communication,RELEVANT,1,SYNTHETIC_DEMO_MAPPING,SYNTHETIC
8141.06,SKL0093,Problem Solving,RELEVANT,2,SYNTHETIC_DEMO_MAPPING,SYNTHETIC
8141.06,SKL0031,CNC Programming,RELEVANT,4,SYNTHETIC_DEMO_MAPPING,SYNTHETIC
8141.07,SKL0039,CNC Milling,RELEVANT,2,SYNTHETIC_DEMO_MAPPING,SYNTHETIC
8141.07,SKL0040,Mechanical Assembly,RELEVANT,4,SYNTHETIC_DEMO_MAPPING,SYNTHETIC
8141.07,SKL0036,Lean Manufacturing,RELEVANT,4,SYNTHETIC_DEMO_MAPPING,SYNTHETIC
8141.07,SKL0037,Production Planning,RELEVANT,1,SYNTHETIC_DEMO_MAPPING,SYNTHETIC
8141.07,SKL0096,Digital Literacy,RELEVANT,1,SYNTHETIC_DEMO_MAPPING,SYNTHETIC
8141.0711,SKL0037,Production Planning,RELEVANT,1,SYNTHETIC_DEMO_MAPPING,SYNTHETIC
8141.0711,SKL0032,CNC Operation,RELEVANT,3,SYNTHETIC_DEMO_MAPPING,SYNTHETIC
8141.0711,SKL0042,SolidWorks,RELEVANT,4,SYNTHETIC_DEMO_MAPPING,SYNTHETIC
8141.0711,SKL0038,CNC Turning,RELEVANT,1,SYNTHETIC_DEMO_MAPPING,SYNTHETIC
8141.0711,SKL0041,AutoCAD,RELEVANT,4,SYNTHETIC_DEMO_MAPPING,SYNTHETIC
8141.0712,SKL0031,CNC Programming,RELEVANT,1,SYNTHETIC_DEMO_MAPPING,SYNTHETIC
8141.0712,SKL0034,Welding,RELEVANT,3,SYNTHETIC_DEMO_MAPPING,SYNTHETIC
8141.0712,SKL0094,Microsoft Excel,RELEVANT,3,SYNTHETIC_DEMO_MAPPING,SYNTHETIC
8141.0713,SKL0031,CNC Programming,RELEVANT,2,SYNTHETIC_DEMO_MAPPING,SYNTHETIC
8141.0713,SKL0036,Lean Manufacturing,RELEVANT,1,SYNTHETIC_DEMO_MAPPING,SYNTHETIC
8141.0714,SKL0097,Team Management,RELEVANT,2,SYNTHETIC_DEMO_MAPPING,SYNTHETIC
8141.0714,SKL0042,SolidWorks,RELEVANT,1,SYNTHETIC_DEMO_MAPPING,SYNTHETIC
8141.0714,SKL0095,Workplace Safety,RELEVANT,1,SYNTHETIC_DEMO_MAPPING,SYNTHETIC
8141.0714,SKL0040,Mechanical Assembly,RELEVANT,4,SYNTHETIC_DEMO_MAPPING,SYNTHETIC
8141.0715,SKL0092,Communication,RELEVANT,1,SYNTHETIC_DEMO_MAPPING,SYNTHETIC
8141.0715,SKL0037,Production Planning,RELEVANT,1,SYNTHETIC_DEMO_MAPPING,SYNTHETIC
8141.0715,SKL0041,AutoCAD,RELEVANT,4,SYNTHETIC_DEMO_MAPPING,SYNTHETIC
8141.0715,SKL0035,Quality Control,RELEVANT,1,SYNTHETIC_DEMO_MAPPING,SYNTHETIC
8141.0716,SKL0034,Welding,RELEVANT,2,SYNTHETIC_DEMO_MAPPING,SYNTHETIC
8141.0716,SKL0098,English Communication,RELEVANT,3,SYNTHETIC_DEMO_MAPPING,SYNTHETIC
8141.0716,SKL0093,Problem Solving,RELEVANT,4,SYNTHETIC_DEMO_MAPPING,SYNTHETIC
8141.08,SKL0031,CNC Programming,RELEVANT,4,SYNTHETIC_DEMO_MAPPING,SYNTHETIC
8141.08,SKL0033,Machine Maintenance,RELEVANT,4,SYNTHETIC_DEMO_MAPPING,SYNTHETIC
8141.08,SKL0038,CNC Turning,RELEVANT,4,SYNTHETIC_DEMO_MAPPING,SYNTHETIC
8141.08,SKL0094,Microsoft Excel,RELEVANT,2,SYNTHETIC_DEMO_MAPPING,SYNTHETIC
8141.08,SKL0035,Quality Control,RELEVANT,2,SYNTHETIC_DEMO_MAPPING,SYNTHETIC
8141.09,SKL0095,Workplace Safety,RELEVANT,2,SYNTHETIC_DEMO_MAPPING,SYNTHETIC
8141.09,SKL0059,Project Planning,RELEVANT,3,SYNTHETIC_DEMO_MAPPING,SYNTHETIC
8141.1,SKL0023,Embedded Systems,RELEVANT,3,SYNTHETIC_DEMO_MAPPING,SYNTHETIC
8141.1,SKL0094,Microsoft Excel,RELEVANT,2,SYNTHETIC_DEMO_MAPPING,SYNTHETIC
8141.11,SKL0050,Automotive CAD,RELEVANT,4,SYNTHETIC_DEMO_MAPPING,SYNTHETIC
8141.11,SKL0044,EV Systems,RELEVANT,4,SYNTHETIC_DEMO_MAPPING,SYNTHETIC
8141.11,SKL0096,Digital Literacy,RELEVANT,1,SYNTHETIC_DEMO_MAPPING,SYNTHETIC
8141.11,SKL0098,English Communication,RELEVANT,3,SYNTHETIC_DEMO_MAPPING,SYNTHETIC
8141.1201,SKL0027,Sensors,RELEVANT,1,SYNTHETIC_DEMO_MAPPING,SYNTHETIC
8141.1201,SKL0026,IoT,RELEVANT,3,SYNTHETIC_DEMO_MAPPING,SYNTHETIC
8141.1201,SKL0093,Problem Solving,RELEVANT,3,SYNTHETIC_DEMO_MAPPING,SYNTHETIC
8141.1201,SKL0098,English Communication,RELEVANT,1,SYNTHETIC_DEMO_MAPPING,SYNTHETIC
8141.1201,SKL0030,AutoCAD Electrical,RELEVANT,2,SYNTHETIC_DEMO_MAPPING,SYNTHETIC
8141.1301,SKL0041,AutoCAD,RELEVANT,2,SYNTHETIC_DEMO_MAPPING,SYNTHETIC
8141.1301,SKL0044,EV Systems,RELEVANT,4,SYNTHETIC_DEMO_MAPPING,SYNTHETIC
8141.1301,SKL0034,Welding,RELEVANT,2,SYNTHETIC_DEMO_MAPPING,SYNTHETIC
8141.14,SKL0036,Lean Manufacturing,RELEVANT,4,SYNTHETIC_DEMO_MAPPING,SYNTHETIC
8141.14,SKL0038,CNC Turning,RELEVANT,4,SYNTHETIC_DEMO_MAPPING,SYNTHETIC
8141.14,SKL0042,SolidWorks,RELEVANT,2,SYNTHETIC_DEMO_MAPPING,SYNTHETIC
8141.14,SKL0092,Communication,RELEVANT,2,SYNTHETIC_DEMO_MAPPING,SYNTHETIC
8141.15,SKL0097,Team Management,RELEVANT,3,SYNTHETIC_DEMO_MAPPING,SYNTHETIC
8141.15,SKL0034,Welding,RELEVANT,1,SYNTHETIC_DEMO_MAPPING,SYNTHETIC
8141.15,SKL0040,Mechanical Assembly,RELEVANT,1,SYNTHETIC_DEMO_MAPPING,SYNTHETIC
8141.15,SKL0090,Logistics Planning,RELEVANT,4,SYNTHETIC_DEMO_MAPPING,SYNTHETIC
8141.15,SKL0098,English Communication,RELEVANT,1,SYNTHETIC_DEMO_MAPPING,SYNTHETIC
8141.16,SKL0041,AutoCAD,RELEVANT,4,SYNTHETIC_DEMO_MAPPING,SYNTHETIC
8141.16,SKL0031,CNC Programming,RELEVANT,3,SYNTHETIC_DEMO_MAPPING,SYNTHETIC
8141.16,SKL0036,Lean Manufacturing,RELEVANT,3,SYNTHETIC_DEMO_MAPPING,SYNTHETIC
8141.1701,SKL0059,Project Planning,RELEVANT,2,SYNTHETIC_DEMO_MAPPING,SYNTHETIC
8141.1701,SKL0060,Structural Analysis,RELEVANT,2,SYNTHETIC_DEMO_MAPPING,SYNTHETIC
8141.1701,SKL0031,CNC Programming,RELEVANT,2,SYNTHETIC_DEMO_MAPPING,SYNTHETIC
8141.1701,SKL0094,Microsoft Excel,RELEVANT,1,SYNTHETIC_DEMO_MAPPING,SYNTHETIC
8141.1702,SKL0057,Civil Drafting,RELEVANT,4,SYNTHETIC_DEMO_MAPPING,SYNTHETIC
8141.1702,SKL0051,Service Operations,RELEVANT,4,SYNTHETIC_DEMO_MAPPING,SYNTHETIC
8141.1702,SKL0050,Automotive CAD,RELEVANT,2,SYNTHETIC_DEMO_MAPPING,SYNTHETIC
8141.1703,SKL0055,Site Supervision,RELEVANT,3,SYNTHETIC_DEMO_MAPPING,SYNTHETIC
8141.1703,SKL0054,Quantity Surveying,RELEVANT,4,SYNTHETIC_DEMO_MAPPING,SYNTHETIC
8141.1703,SKL0092,Communication,RELEVANT,3,SYNTHETIC_DEMO_MAPPING,SYNTHETIC
8141.1703,SKL0098,English Communication,RELEVANT,2,SYNTHETIC_DEMO_MAPPING,SYNTHETIC
8141.18,SKL0051,Service Operations,RELEVANT,3,SYNTHETIC_DEMO_MAPPING,SYNTHETIC
8141.18,SKL0048,Auto Electrical,RELEVANT,2,SYNTHETIC_DEMO_MAPPING,SYNTHETIC
8141.1801,SKL0040,Mechanical Assembly,RELEVANT,1,SYNTHETIC_DEMO_MAPPING,SYNTHETIC
8141.1801,SKL0042,SolidWorks,RELEVANT,1,SYNTHETIC_DEMO_MAPPING,SYNTHETIC
8141.19,SKL0098,English Communication,RELEVANT,4,SYNTHETIC_DEMO_MAPPING,SYNTHETIC
8141.19,SKL0036,Lean Manufacturing,RELEVANT,1,SYNTHETIC_DEMO_MAPPING,SYNTHETIC
8141.2,SKL0055,Site Supervision,RELEVANT,2,SYNTHETIC_DEMO_MAPPING,SYNTHETIC
8141.2,SKL0045,Battery Management Systems,RELEVANT,3,SYNTHETIC_DEMO_MAPPING,SYNTHETIC
8141.21,SKL0036,Lean Manufacturing,RELEVANT,1,SYNTHETIC_DEMO_MAPPING,SYNTHETIC
8141.21,SKL0051,Service Operations,RELEVANT,1,SYNTHETIC_DEMO_MAPPING,SYNTHETIC
8141.22,SKL0094,Microsoft Excel,RELEVANT,2,SYNTHETIC_DEMO_MAPPING,SYNTHETIC
8141.22,SKL0093,Problem Solving,RELEVANT,1,SYNTHETIC_DEMO_MAPPING,SYNTHETIC
8141.23,SKL0096,Digital Literacy,RELEVANT,2,SYNTHETIC_DEMO_MAPPING,SYNTHETIC
8141.23,SKL0093,Problem Solving,RELEVANT,3,SYNTHETIC_DEMO_MAPPING,SYNTHETIC
8141.23,SKL0098,English Communication,RELEVANT,2,SYNTHETIC_DEMO_MAPPING,SYNTHETIC
8141.23,SKL0097,Team Management,RELEVANT,1,SYNTHETIC_DEMO_MAPPING,SYNTHETIC
8141.23,SKL0094,Microsoft Excel,RELEVANT,3,SYNTHETIC_DEMO_MAPPING,SYNTHETIC
8141.24,SKL0098,English Communication,RELEVANT,3,SYNTHETIC_DEMO_MAPPING,SYNTHETIC
8141.24,SKL0097,Team Management,RELEVANT,1,SYNTHETIC_DEMO_MAPPING,SYNTHETIC
8141.24,SKL0093,Problem Solving,RELEVANT,3,SYNTHETIC_DEMO_MAPPING,SYNTHETIC
8141.24,SKL0092,Communication,RELEVANT,3,SYNTHETIC_DEMO_MAPPING,SYNTHETIC
8141.99,SKL0092,Communication,RELEVANT,1,SYNTHETIC_DEMO_MAPPING,SYNTHETIC
8141.99,SKL0095,Workplace Safety,RELEVANT,1,SYNTHETIC_DEMO_MAPPING,SYNTHETIC
8141.99,SKL0098,English Communication,RELEVANT,1,SYNTHETIC_DEMO_MAPPING,SYNTHETIC
8141.99,SKL0096,Digital Literacy,RELEVANT,4,SYNTHETIC_DEMO_MAPPING,SYNTHETIC
8141.99,SKL0094,Microsoft Excel,RELEVANT,2,SYNTHETIC_DEMO_MAPPING,SYNTHETIC
8142.01,SKL0097,Team Management,RELEVANT,4,SYNTHETIC_DEMO_MAPPING,SYNTHETIC
8142.01,SKL0098,English Communication,RELEVANT,1,SYNTHETIC_DEMO_MAPPING,SYNTHETIC
8142.02,SKL0095,Workplace Safety,RELEVANT,3,SYNTHETIC_DEMO_MAPPING,SYNTHETIC
8142.02,SKL0098,English Communication,RELEVANT,4,SYNTHETIC_DEMO_MAPPING,SYNTHETIC
8142.03,SKL0035,Quality Control,RELEVANT,2,SYNTHETIC_DEMO_MAPPING,SYNTHETIC
8142.03,SKL0096,Digital Literacy,RELEVANT,4,SYNTHETIC_DEMO_MAPPING,SYNTHETIC
8142.04,SKL0093,Problem Solving,RELEVANT,1,SYNTHETIC_DEMO_MAPPING,SYNTHETIC
8142.04,SKL0097,Team Management,RELEVANT,4,SYNTHETIC_DEMO_MAPPING,SYNTHETIC
8142.04,SKL0038,CNC Turning,RELEVANT,3,SYNTHETIC_DEMO_MAPPING,SYNTHETIC
8142.0501,SKL0098,English Communication,RELEVANT,3,SYNTHETIC_DEMO_MAPPING,SYNTHETIC
8142.0501,SKL0034,Welding,RELEVANT,2,SYNTHETIC_DEMO_MAPPING,SYNTHETIC
8142.0501,SKL0036,Lean Manufacturing,RELEVANT,3,SYNTHETIC_DEMO_MAPPING,SYNTHETIC
8142.0502,SKL0041,AutoCAD,RELEVANT,2,SYNTHETIC_DEMO_MAPPING,SYNTHETIC
8142.0502,SKL0092,Communication,RELEVANT,3,SYNTHETIC_DEMO_MAPPING,SYNTHETIC
8142.0502,SKL0094,Microsoft Excel,RELEVANT,3,SYNTHETIC_DEMO_MAPPING,SYNTHETIC
8142.0502,SKL0042,SolidWorks,RELEVANT,4,SYNTHETIC_DEMO_MAPPING,SYNTHETIC
8142.0503,SKL0093,Problem Solving,RELEVANT,3,SYNTHETIC_DEMO_MAPPING,SYNTHETIC
8142.0503,SKL0097,Team Management,RELEVANT,3,SYNTHETIC_DEMO_MAPPING,SYNTHETIC
8142.0503,SKL0098,English Communication,RELEVANT,4,SYNTHETIC_DEMO_MAPPING,SYNTHETIC
8142.0503,SKL0096,Digital Literacy,RELEVANT,1,SYNTHETIC_DEMO_MAPPING,SYNTHETIC
8142.06,SKL0096,Digital Literacy,RELEVANT,3,SYNTHETIC_DEMO_MAPPING,SYNTHETIC
8142.06,SKL0038,CNC Turning,RELEVANT,3,SYNTHETIC_DEMO_MAPPING,SYNTHETIC
8142.07,SKL0041,AutoCAD,RELEVANT,3,SYNTHETIC_DEMO_MAPPING,SYNTHETIC
8142.07,SKL0036,Lean Manufacturing,RELEVANT,3,SYNTHETIC_DEMO_MAPPING,SYNTHETIC
8142.07,SKL0096,Digital Literacy,RELEVANT,4,SYNTHETIC_DEMO_MAPPING,SYNTHETIC
8142.07,SKL0033,Machine Maintenance,RELEVANT,2,SYNTHETIC_DEMO_MAPPING,SYNTHETIC
8142.08,SKL0046,EV Battery Maintenance,RELEVANT,3,SYNTHETIC_DEMO_MAPPING,SYNTHETIC
8142.08,SKL0038,CNC Turning,RELEVANT,2,SYNTHETIC_DEMO_MAPPING,SYNTHETIC
8142.08,SKL0037,Production Planning,RELEVANT,2,SYNTHETIC_DEMO_MAPPING,SYNTHETIC
8142.09,SKL0040,Mechanical Assembly,RELEVANT,1,SYNTHETIC_DEMO_MAPPING,SYNTHETIC
8142.09,SKL0092,Communication,RELEVANT,1,SYNTHETIC_DEMO_MAPPING,SYNTHETIC
8142.1,SKL0042,SolidWorks,RELEVANT,1,SYNTHETIC_DEMO_MAPPING,SYNTHETIC
8142.1,SKL0040,Mechanical Assembly,RELEVANT,3,SYNTHETIC_DEMO_MAPPING,SYNTHETIC
8142.1,SKL0093,Problem Solving,RELEVANT,4,SYNTHETIC_DEMO_MAPPING,SYNTHETIC
8142.11,SKL0045,Battery Management Systems,RELEVANT,1,SYNTHETIC_DEMO_MAPPING,SYNTHETIC
8142.11,SKL0035,Quality Control,RELEVANT,2,SYNTHETIC_DEMO_MAPPING,SYNTHETIC
8142.11,SKL0094,Microsoft Excel,RELEVANT,3,SYNTHETIC_DEMO_MAPPING,SYNTHETIC
8142.12,SKL0040,Mechanical Assembly,RELEVANT,1,SYNTHETIC_DEMO_MAPPING,SYNTHETIC
8142.12,SKL0033,Machine Maintenance,RELEVANT,3,SYNTHETIC_DEMO_MAPPING,SYNTHETIC
8142.12,SKL0036,Lean Manufacturing,RELEVANT,2,SYNTHETIC_DEMO_MAPPING,SYNTHETIC
8142.13,SKL0097,Team Management,RELEVANT,2,SYNTHETIC_DEMO_MAPPING,SYNTHETIC
8142.13,SKL0088,Fleet Management,RELEVANT,1,SYNTHETIC_DEMO_MAPPING,SYNTHETIC
8142.13,SKL0096,Digital Literacy,RELEVANT,1,SYNTHETIC_DEMO_MAPPING,SYNTHETIC
8142.1301,SKL0095,Workplace Safety,RELEVANT,2,SYNTHETIC_DEMO_MAPPING,SYNTHETIC
8142.1301,SKL0097,Team Management,RELEVANT,1,SYNTHETIC_DEMO_MAPPING,SYNTHETIC
8142.14,SKL0022,SCADA,RELEVANT,2,SYNTHETIC_DEMO_MAPPING,SYNTHETIC
8142.14,SKL0093,Problem Solving,RELEVANT,3,SYNTHETIC_DEMO_MAPPING,SYNTHETIC
8142.14,SKL0097,Team Management,RELEVANT,1,SYNTHETIC_DEMO_MAPPING,SYNTHETIC
8142.15,SKL0098,English Communication,RELEVANT,1,SYNTHETIC_DEMO_MAPPING,SYNTHETIC
8142.15,SKL0095,Workplace Safety,RELEVANT,4,SYNTHETIC_DEMO_MAPPING,SYNTHETIC
8142.15,SKL0093,Problem Solving,RELEVANT,2,SYNTHETIC_DEMO_MAPPING,SYNTHETIC
8142.15,SKL0096,Digital Literacy,RELEVANT,2,SYNTHETIC_DEMO_MAPPING,SYNTHETIC
8142.15,SKL0092,Communication,RELEVANT,4,SYNTHETIC_DEMO_MAPPING,SYNTHETIC
8142.16,SKL0036,Lean Manufacturing,RELEVANT,2,SYNTHETIC_DEMO_MAPPING,SYNTHETIC
8142.16,SKL0043,Automotive Diagnostics,RELEVANT,3,SYNTHETIC_DEMO_MAPPING,SYNTHETIC
8142.99,SKL0038,CNC Turning,RELEVANT,2,SYNTHETIC_DEMO_MAPPING,SYNTHETIC
8142.99,SKL0096,Digital Literacy,RELEVANT,4,SYNTHETIC_DEMO_MAPPING,SYNTHETIC
8142.99,SKL0036,Lean Manufacturing,RELEVANT,3,SYNTHETIC_DEMO_MAPPING,SYNTHETIC
8142.99,SKL0092,Communication,RELEVANT,2,SYNTHETIC_DEMO_MAPPING,SYNTHETIC
8142.99,SKL0035,Quality Control,RELEVANT,1,SYNTHETIC_DEMO_MAPPING,SYNTHETIC
8143.01,SKL0097,Team Management,RELEVANT,3,SYNTHETIC_DEMO_MAPPING,SYNTHETIC
8143.01,SKL0033,Machine Maintenance,RELEVANT,1,SYNTHETIC_DEMO_MAPPING,SYNTHETIC
8143.01,SKL0096,Digital Literacy,RELEVANT,1,SYNTHETIC_DEMO_MAPPING,SYNTHETIC
8143.01,SKL0098,English Communication,RELEVANT,3,SYNTHETIC_DEMO_MAPPING,SYNTHETIC
8143.02,SKL0039,CNC Milling,RELEVANT,1,SYNTHETIC_DEMO_MAPPING,SYNTHETIC
8143.02,SKL0031,CNC Programming,RELEVANT,4,SYNTHETIC_DEMO_MAPPING,SYNTHETIC
8143.02,SKL0097,Team Management,RELEVANT,2,SYNTHETIC_DEMO_MAPPING,SYNTHETIC
8143.02,SKL0096,Digital Literacy,RELEVANT,4,SYNTHETIC_DEMO_MAPPING,SYNTHETIC
8143.02,SKL0038,CNC Turning,RELEVANT,2,SYNTHETIC_DEMO_MAPPING,SYNTHETIC
8143.03,SKL0094,Microsoft Excel,RELEVANT,3,SYNTHETIC_DEMO_MAPPING,SYNTHETIC
8143.03,SKL0095,Workplace Safety,RELEVANT,4,SYNTHETIC_DEMO_MAPPING,SYNTHETIC
8143.04,SKL0037,Production Planning,RELEVANT,2,SYNTHETIC_DEMO_MAPPING,SYNTHETIC
8143.04,SKL0098,English Communication,RELEVANT,3,SYNTHETIC_DEMO_MAPPING,SYNTHETIC
8143.04,SKL0094,Microsoft Excel,RELEVANT,4,SYNTHETIC_DEMO_MAPPING,SYNTHETIC
8143.04,SKL0035,Quality Control,RELEVANT,2,SYNTHETIC_DEMO_MAPPING,SYNTHETIC
8143.05,SKL0094,Microsoft Excel,RELEVANT,2,SYNTHETIC_DEMO_MAPPING,SYNTHETIC
8143.05,SKL0092,Communication,RELEVANT,1,SYNTHETIC_DEMO_MAPPING,SYNTHETIC
8143.05,SKL0098,English Communication,RELEVANT,4,SYNTHETIC_DEMO_MAPPING,SYNTHETIC
8143.99,SKL0096,Digital Literacy,RELEVANT,3,SYNTHETIC_DEMO_MAPPING,SYNTHETIC
8143.99,SKL0032,CNC Operation,RELEVANT,1,SYNTHETIC_DEMO_MAPPING,SYNTHETIC
8143.99,SKL0041,AutoCAD,RELEVANT,3,SYNTHETIC_DEMO_MAPPING,SYNTHETIC
8143.99,SKL0031,CNC Programming,RELEVANT,1,SYNTHETIC_DEMO_MAPPING,SYNTHETIC
8143.99,SKL0040,Mechanical Assembly,RELEVANT,3,SYNTHETIC_DEMO_MAPPING,SYNTHETIC
8151.01,SKL0097,Team Management,RELEVANT,2,SYNTHETIC_DEMO_MAPPING,SYNTHETIC
8151.01,SKL0032,CNC Operation,RELEVANT,4,SYNTHETIC_DEMO_MAPPING,SYNTHETIC
8151.01,SKL0035,Quality Control,RELEVANT,3,SYNTHETIC_DEMO_MAPPING,SYNTHETIC
8151.01,SKL0038,CNC Turning,RELEVANT,2,SYNTHETIC_DEMO_MAPPING,SYNTHETIC
8151.03,SKL0038,CNC Turning,RELEVANT,4,SYNTHETIC_DEMO_MAPPING,SYNTHETIC
8151.03,SKL0092,Communication,RELEVANT,2,SYNTHETIC_DEMO_MAPPING,SYNTHETIC
8151.03,SKL0096,Digital Literacy,RELEVANT,3,SYNTHETIC_DEMO_MAPPING,SYNTHETIC
8151.04,SKL0085,Warehouse Management,RELEVANT,2,SYNTHETIC_DEMO_MAPPING,SYNTHETIC
8151.04,SKL0041,AutoCAD,RELEVANT,3,SYNTHETIC_DEMO_MAPPING,SYNTHETIC
8151.05,SKL0095,Workplace Safety,RELEVANT,2,SYNTHETIC_DEMO_MAPPING,SYNTHETIC
8151.05,SKL0002,Java,RELEVANT,3,SYNTHETIC_DEMO_MAPPING,SYNTHETIC
8151.05,SKL0033,Machine Maintenance,RELEVANT,3,SYNTHETIC_DEMO_MAPPING,SYNTHETIC
8151.06,SKL0035,Quality Control,RELEVANT,1,SYNTHETIC_DEMO_MAPPING,SYNTHETIC
8151.06,SKL0090,Logistics Planning,RELEVANT,3,SYNTHETIC_DEMO_MAPPING,SYNTHETIC
8151.07,SKL0032,CNC Operation,RELEVANT,3,SYNTHETIC_DEMO_MAPPING,SYNTHETIC
8151.07,SKL0041,AutoCAD,RELEVANT,1,SYNTHETIC_DEMO_MAPPING,SYNTHETIC
8151.07,SKL0097,Team Management,RELEVANT,3,SYNTHETIC_DEMO_MAPPING,SYNTHETIC
8151.07,SKL0034,Welding,RELEVANT,4,SYNTHETIC_DEMO_MAPPING,SYNTHETIC
8151.07,SKL0031,CNC Programming,RELEVANT,2,SYNTHETIC_DEMO_MAPPING,SYNTHETIC
8151.1,SKL0037,Production Planning,RELEVANT,2,SYNTHETIC_DEMO_MAPPING,SYNTHETIC
8151.1,SKL0032,CNC Operation,RELEVANT,4,SYNTHETIC_DEMO_MAPPING,SYNTHETIC
8151.1,SKL0092,Communication,RELEVANT,4,SYNTHETIC_DEMO_MAPPING,SYNTHETIC
8151.1,SKL0096,Digital Literacy,RELEVANT,3,SYNTHETIC_DEMO_MAPPING,SYNTHETIC
8151.1,SKL0094,Microsoft Excel,RELEVANT,2,SYNTHETIC_DEMO_MAPPING,SYNTHETIC
8151.11,SKL0095,Workplace Safety,RELEVANT,3,SYNTHETIC_DEMO_MAPPING,SYNTHETIC
8151.11,SKL0052,Two-Wheeler Service,RELEVANT,2,SYNTHETIC_DEMO_MAPPING,SYNTHETIC
8151.11,SKL0047,Vehicle Diagnostics,RELEVANT,1,SYNTHETIC_DEMO_MAPPING,SYNTHETIC
8151.11,SKL0049,Electric Motor Systems,RELEVANT,4,SYNTHETIC_DEMO_MAPPING,SYNTHETIC
8151.12,SKL0094,Microsoft Excel,RELEVANT,4,SYNTHETIC_DEMO_MAPPING,SYNTHETIC
8151.12,SKL0050,Automotive CAD,RELEVANT,2,SYNTHETIC_DEMO_MAPPING,SYNTHETIC
8151.13,SKL0093,Problem Solving,RELEVANT,4,SYNTHETIC_DEMO_MAPPING,SYNTHETIC
8151.13,SKL0038,CNC Turning,RELEVANT,3,SYNTHETIC_DEMO_MAPPING,SYNTHETIC
8151.14,SKL0025,Industrial Automation,RELEVANT,3,SYNTHETIC_DEMO_MAPPING,SYNTHETIC
8151.14,SKL0028,Electrical Testing,RELEVANT,1,SYNTHETIC_DEMO_MAPPING,SYNTHETIC
8151.14,SKL0097,Team Management,RELEVANT,4,SYNTHETIC_DEMO_MAPPING,SYNTHETIC
8151.14,SKL0095,Workplace Safety,RELEVANT,2,SYNTHETIC_DEMO_MAPPING,SYNTHETIC
8151.15,SKL0032,CNC Operation,RELEVANT,2,SYNTHETIC_DEMO_MAPPING,SYNTHETIC
8151.15,SKL0031,CNC Programming,RELEVANT,3,SYNTHETIC_DEMO_MAPPING,SYNTHETIC
8151.15,SKL0098,English Communication,RELEVANT,1,SYNTHETIC_DEMO_MAPPING,SYNTHETIC
8151.15,SKL0038,CNC Turning,RELEVANT,2,SYNTHETIC_DEMO_MAPPING,SYNTHETIC
8151.15,SKL0033,Machine Maintenance,RELEVANT,3,SYNTHETIC_DEMO_MAPPING,SYNTHETIC
8151.16,SKL0094,Microsoft Excel,RELEVANT,1,SYNTHETIC_DEMO_MAPPING,SYNTHETIC
8151.16,SKL0040,Mechanical Assembly,RELEVANT,3,SYNTHETIC_DEMO_MAPPING,SYNTHETIC
8151.16,SKL0031,CNC Programming,RELEVANT,3,SYNTHETIC_DEMO_MAPPING,SYNTHETIC
8151.16,SKL0097,Team Management,RELEVANT,4,SYNTHETIC_DEMO_MAPPING,SYNTHETIC
8151.17,SKL0038,CNC Turning,RELEVANT,1,SYNTHETIC_DEMO_MAPPING,SYNTHETIC
8151.17,SKL0040,Mechanical Assembly,RELEVANT,2,SYNTHETIC_DEMO_MAPPING,SYNTHETIC
8151.18,SKL0098,English Communication,RELEVANT,1,SYNTHETIC_DEMO_MAPPING,SYNTHETIC
8151.18,SKL0033,Machine Maintenance,RELEVANT,1,SYNTHETIC_DEMO_MAPPING,SYNTHETIC
8151.18,SKL0096,Digital Literacy,RELEVANT,3,SYNTHETIC_DEMO_MAPPING,SYNTHETIC
8151.18,SKL0042,SolidWorks,RELEVANT,2,SYNTHETIC_DEMO_MAPPING,SYNTHETIC
8151.19,SKL0094,Microsoft Excel,RELEVANT,3,SYNTHETIC_DEMO_MAPPING,SYNTHETIC
8151.19,SKL0098,English Communication,RELEVANT,1,SYNTHETIC_DEMO_MAPPING,SYNTHETIC
8151.19,SKL0093,Problem Solving,RELEVANT,1,SYNTHETIC_DEMO_MAPPING,SYNTHETIC
8151.2,SKL0098,English Communication,RELEVANT,2,SYNTHETIC_DEMO_MAPPING,SYNTHETIC
8151.2,SKL0097,Team Management,RELEVANT,3,SYNTHETIC_DEMO_MAPPING,SYNTHETIC
8151.2,SKL0092,Communication,RELEVANT,2,SYNTHETIC_DEMO_MAPPING,SYNTHETIC
8151.21,SKL0093,Problem Solving,RELEVANT,4,SYNTHETIC_DEMO_MAPPING,SYNTHETIC
8151.21,SKL0036,Lean Manufacturing,RELEVANT,4,SYNTHETIC_DEMO_MAPPING,SYNTHETIC
8151.21,SKL0032,CNC Operation,RELEVANT,4,SYNTHETIC_DEMO_MAPPING,SYNTHETIC
8151.22,SKL0045,Battery Management Systems,RELEVANT,4,SYNTHETIC_DEMO_MAPPING,SYNTHETIC
8151.22,SKL0031,CNC Programming,RELEVANT,4,SYNTHETIC_DEMO_MAPPING,SYNTHETIC
8151.22,SKL0047,Vehicle Diagnostics,RELEVANT,2,SYNTHETIC_DEMO_MAPPING,SYNTHETIC
8151.22,SKL0036,Lean Manufacturing,RELEVANT,2,SYNTHETIC_DEMO_MAPPING,SYNTHETIC
8151.99,SKL0032,CNC Operation,RELEVANT,1,SYNTHETIC_DEMO_MAPPING,SYNTHETIC
8151.99,SKL0036,Lean Manufacturing,RELEVANT,4,SYNTHETIC_DEMO_MAPPING,SYNTHETIC
8151.99,SKL0034,Welding,RELEVANT,4,SYNTHETIC_DEMO_MAPPING,SYNTHETIC
8151.99,SKL0095,Workplace Safety,RELEVANT,1,SYNTHETIC_DEMO_MAPPING,SYNTHETIC
8152.01,SKL0042,SolidWorks,RELEVANT,1,SYNTHETIC_DEMO_MAPPING,SYNTHETIC
8152.01,SKL0094,Microsoft Excel,RELEVANT,3,SYNTHETIC_DEMO_MAPPING,SYNTHETIC
8152.01,SKL0033,Machine Maintenance,RELEVANT,3,SYNTHETIC_DEMO_MAPPING,SYNTHETIC
8152.02,SKL0096,Digital Literacy,RELEVANT,4,SYNTHETIC_DEMO_MAPPING,SYNTHETIC
8152.02,SKL0093,Problem Solving,RELEVANT,3,SYNTHETIC_DEMO_MAPPING,SYNTHETIC
8152.03,SKL0034,Welding,RELEVANT,3,SYNTHETIC_DEMO_MAPPING,SYNTHETIC
8152.03,SKL0032,CNC Operation,RELEVANT,3,SYNTHETIC_DEMO_MAPPING,SYNTHETIC
8152.04,SKL0034,Welding,RELEVANT,4,SYNTHETIC_DEMO_MAPPING,SYNTHETIC
8152.04,SKL0094,Microsoft Excel,RELEVANT,4,SYNTHETIC_DEMO_MAPPING,SYNTHETIC
8152.05,SKL0036,Lean Manufacturing,RELEVANT,1,SYNTHETIC_DEMO_MAPPING,SYNTHETIC
8152.05,SKL0034,Welding,RELEVANT,3,SYNTHETIC_DEMO_MAPPING,SYNTHETIC
8152.06,SKL0042,SolidWorks,RELEVANT,1,SYNTHETIC_DEMO_MAPPING,SYNTHETIC
8152.06,SKL0033,Machine Maintenance,RELEVANT,4,SYNTHETIC_DEMO_MAPPING,SYNTHETIC
8152.06,SKL0040,Mechanical Assembly,RELEVANT,2,SYNTHETIC_DEMO_MAPPING,SYNTHETIC
8152.06,SKL0092,Communication,RELEVANT,3,SYNTHETIC_DEMO_MAPPING,SYNTHETIC
8152.07,SKL0039,CNC Milling,RELEVANT,3,SYNTHETIC_DEMO_MAPPING,SYNTHETIC
8152.07,SKL0041,AutoCAD,RELEVANT,1,SYNTHETIC_DEMO_MAPPING,SYNTHETIC
8152.07,SKL0037,Production Planning,RELEVANT,4,SYNTHETIC_DEMO_MAPPING,SYNTHETIC
8152.08,SKL0094,Microsoft Excel,RELEVANT,1,SYNTHETIC_DEMO_MAPPING,SYNTHETIC
8152.08,SKL0039,CNC Milling,RELEVANT,2,SYNTHETIC_DEMO_MAPPING,SYNTHETIC
8152.08,SKL0031,CNC Programming,RELEVANT,4,SYNTHETIC_DEMO_MAPPING,SYNTHETIC
8152.08,SKL0093,Problem Solving,RELEVANT,4,SYNTHETIC_DEMO_MAPPING,SYNTHETIC
8152.09,SKL0040,Mechanical Assembly,RELEVANT,3,SYNTHETIC_DEMO_MAPPING,SYNTHETIC
8152.09,SKL0041,AutoCAD,RELEVANT,3,SYNTHETIC_DEMO_MAPPING,SYNTHETIC
8152.09,SKL0034,Welding,RELEVANT,2,SYNTHETIC_DEMO_MAPPING,SYNTHETIC
8152.1,SKL0041,AutoCAD,RELEVANT,2,SYNTHETIC_DEMO_MAPPING,SYNTHETIC
8152.1,SKL0031,CNC Programming,RELEVANT,4,SYNTHETIC_DEMO_MAPPING,SYNTHETIC
8152.1,SKL0037,Production Planning,RELEVANT,1,SYNTHETIC_DEMO_MAPPING,SYNTHETIC
8152.1,SKL0039,CNC Milling,RELEVANT,4,SYNTHETIC_DEMO_MAPPING,SYNTHETIC
8152.11,SKL0035,Quality Control,RELEVANT,2,SYNTHETIC_DEMO_MAPPING,SYNTHETIC
8152.11,SKL0033,Machine Maintenance,RELEVANT,1,SYNTHETIC_DEMO_MAPPING,SYNTHETIC
8152.11,SKL0037,Production Planning,RELEVANT,4,SYNTHETIC_DEMO_MAPPING,SYNTHETIC
8152.12,SKL0037,Production Planning,RELEVANT,4,SYNTHETIC_DEMO_MAPPING,SYNTHETIC
8152.12,SKL0038,CNC Turning,RELEVANT,3,SYNTHETIC_DEMO_MAPPING,SYNTHETIC
8152.13,SKL0036,Lean Manufacturing,RELEVANT,1,SYNTHETIC_DEMO_MAPPING,SYNTHETIC
8152.13,SKL0039,CNC Milling,RELEVANT,1,SYNTHETIC_DEMO_MAPPING,SYNTHETIC
8152.13,SKL0091,Route Planning,RELEVANT,2,SYNTHETIC_DEMO_MAPPING,SYNTHETIC
8152.13,SKL0093,Problem Solving,RELEVANT,2,SYNTHETIC_DEMO_MAPPING,SYNTHETIC
8152.13,SKL0086,Inventory Management,RELEVANT,3,SYNTHETIC_DEMO_MAPPING,SYNTHETIC
8152.14,SKL0036,Lean Manufacturing,RELEVANT,1,SYNTHETIC_DEMO_MAPPING,SYNTHETIC
8152.14,SKL0041,AutoCAD,RELEVANT,2,SYNTHETIC_DEMO_MAPPING,SYNTHETIC
8152.14,SKL0092,Communication,RELEVANT,4,SYNTHETIC_DEMO_MAPPING,SYNTHETIC
8152.16,SKL0031,CNC Programming,RELEVANT,2,SYNTHETIC_DEMO_MAPPING,SYNTHETIC
8152.16,SKL0092,Communication,RELEVANT,3,SYNTHETIC_DEMO_MAPPING,SYNTHETIC
8152.16,SKL0037,Production Planning,RELEVANT,2,SYNTHETIC_DEMO_MAPPING,SYNTHETIC
8152.17,SKL0041,AutoCAD,RELEVANT,2,SYNTHETIC_DEMO_MAPPING,SYNTHETIC
8152.17,SKL0036,Lean Manufacturing,RELEVANT,3,SYNTHETIC_DEMO_MAPPING,SYNTHETIC
8152.17,SKL0033,Machine Maintenance,RELEVANT,4,SYNTHETIC_DEMO_MAPPING,SYNTHETIC
8152.17,SKL0098,English Communication,RELEVANT,1,SYNTHETIC_DEMO_MAPPING,SYNTHETIC
8152.2,SKL0093,Problem Solving,RELEVANT,2,SYNTHETIC_DEMO_MAPPING,SYNTHETIC
8152.2,SKL0095,Workplace Safety,RELEVANT,4,SYNTHETIC_DEMO_MAPPING,SYNTHETIC
8152.2,SKL0094,Microsoft Excel,RELEVANT,2,SYNTHETIC_DEMO_MAPPING,SYNTHETIC
8152.21,SKL0035,Quality Control,RELEVANT,4,SYNTHETIC_DEMO_MAPPING,SYNTHETIC
8152.21,SKL0038,CNC Turning,RELEVANT,3,SYNTHETIC_DEMO_MAPPING,SYNTHETIC
8152.21,SKL0095,Workplace Safety,RELEVANT,3,SYNTHETIC_DEMO_MAPPING,SYNTHETIC
8152.21,SKL0041,AutoCAD,RELEVANT,3,SYNTHETIC_DEMO_MAPPING,SYNTHETIC
8152.21,SKL0096,Digital Literacy,RELEVANT,1,SYNTHETIC_DEMO_MAPPING,SYNTHETIC
8152.99,SKL0094,Microsoft Excel,RELEVANT,3,SYNTHETIC_DEMO_MAPPING,SYNTHETIC
8152.99,SKL0041,AutoCAD,RELEVANT,4,SYNTHETIC_DEMO_MAPPING,SYNTHETIC
8152.99,SKL0031,CNC Programming,RELEVANT,4,SYNTHETIC_DEMO_MAPPING,SYNTHETIC
8152.99,SKL0034,Welding,RELEVANT,3,SYNTHETIC_DEMO_MAPPING,SYNTHETIC
8153.0101,SKL0036,Lean Manufacturing,RELEVANT,2,SYNTHETIC_DEMO_MAPPING,SYNTHETIC
8153.0101,SKL0041,AutoCAD,RELEVANT,4,SYNTHETIC_DEMO_MAPPING,SYNTHETIC
8153.0101,SKL0048,Auto Electrical,RELEVANT,4,SYNTHETIC_DEMO_MAPPING,SYNTHETIC
8153.0101,SKL0094,Microsoft Excel,RELEVANT,3,SYNTHETIC_DEMO_MAPPING,SYNTHETIC
8153.0101,SKL0039,CNC Milling,RELEVANT,4,SYNTHETIC_DEMO_MAPPING,SYNTHETIC
8153.0102,SKL0092,Communication,RELEVANT,3,SYNTHETIC_DEMO_MAPPING,SYNTHETIC
8153.0102,SKL0094,Microsoft Excel,RELEVANT,4,SYNTHETIC_DEMO_MAPPING,SYNTHETIC
8153.0102,SKL0095,Workplace Safety,RELEVANT,4,SYNTHETIC_DEMO_MAPPING,SYNTHETIC
8153.0102,SKL0093,Problem Solving,RELEVANT,1,SYNTHETIC_DEMO_MAPPING,SYNTHETIC
8153.0102,SKL0098,English Communication,RELEVANT,4,SYNTHETIC_DEMO_MAPPING,SYNTHETIC
8153.0103,SKL0040,Mechanical Assembly,RELEVANT,2,SYNTHETIC_DEMO_MAPPING,SYNTHETIC
8153.0103,SKL0097,Team Management,RELEVANT,4,SYNTHETIC_DEMO_MAPPING,SYNTHETIC
8153.02,SKL0039,CNC Milling,RELEVANT,4,SYNTHETIC_DEMO_MAPPING,SYNTHETIC
8153.02,SKL0092,Communication,RELEVANT,3,SYNTHETIC_DEMO_MAPPING,SYNTHETIC
8153.02,SKL0042,SolidWorks,RELEVANT,1,SYNTHETIC_DEMO_MAPPING,SYNTHETIC
8153.02,SKL0098,English Communication,RELEVANT,2,SYNTHETIC_DEMO_MAPPING,SYNTHETIC
8153.02,SKL0093,Problem Solving,RELEVANT,2,SYNTHETIC_DEMO_MAPPING,SYNTHETIC
8153.03,SKL0092,Communication,RELEVANT,3,SYNTHETIC_DEMO_MAPPING,SYNTHETIC
8153.03,SKL0098,English Communication,RELEVANT,2,SYNTHETIC_DEMO_MAPPING,SYNTHETIC
8153.03,SKL0038,CNC Turning,RELEVANT,4,SYNTHETIC_DEMO_MAPPING,SYNTHETIC
8153.04,SKL0033,Machine Maintenance,RELEVANT,4,SYNTHETIC_DEMO_MAPPING,SYNTHETIC
8153.04,SKL0041,AutoCAD,RELEVANT,1,SYNTHETIC_DEMO_MAPPING,SYNTHETIC
8153.04,SKL0039,CNC Milling,RELEVANT,1,SYNTHETIC_DEMO_MAPPING,SYNTHETIC
8153.04,SKL0047,Vehicle Diagnostics,RELEVANT,3,SYNTHETIC_DEMO_MAPPING,SYNTHETIC
8153.05,SKL0093,Problem Solving,RELEVANT,4,SYNTHETIC_DEMO_MAPPING,SYNTHETIC
8153.05,SKL0031,CNC Programming,RELEVANT,3,SYNTHETIC_DEMO_MAPPING,SYNTHETIC
8153.06,SKL0041,AutoCAD,RELEVANT,1,SYNTHETIC_DEMO_MAPPING,SYNTHETIC
8153.06,SKL0039,CNC Milling,RELEVANT,1,SYNTHETIC_DEMO_MAPPING,SYNTHETIC
8153.06,SKL0037,Production Planning,RELEVANT,1,SYNTHETIC_DEMO_MAPPING,SYNTHETIC
8153.06,SKL0096,Digital Literacy,RELEVANT,4,SYNTHETIC_DEMO_MAPPING,SYNTHETIC
8153.0601,SKL0035,Quality Control,RELEVANT,1,SYNTHETIC_DEMO_MAPPING,SYNTHETIC
8153.0601,SKL0036,Lean Manufacturing,RELEVANT,3,SYNTHETIC_DEMO_MAPPING,SYNTHETIC
8153.0601,SKL0038,CNC Turning,RELEVANT,3,SYNTHETIC_DEMO_MAPPING,SYNTHETIC
8153.0601,SKL0098,English Communication,RELEVANT,2,SYNTHETIC_DEMO_MAPPING,SYNTHETIC
8153.0701,SKL0008,SQL,RELEVANT,3,SYNTHETIC_DEMO_MAPPING,SYNTHETIC
8153.0701,SKL0015,Power BI,RELEVANT,3,SYNTHETIC_DEMO_MAPPING,SYNTHETIC
8153.0701,SKL0095,Workplace Safety,RELEVANT,4,SYNTHETIC_DEMO_MAPPING,SYNTHETIC
8153.0702,SKL0096,Digital Literacy,RELEVANT,1,SYNTHETIC_DEMO_MAPPING,SYNTHETIC
8153.0702,SKL0037,Production Planning,RELEVANT,2,SYNTHETIC_DEMO_MAPPING,SYNTHETIC
8153.0702,SKL0092,Communication,RELEVANT,4,SYNTHETIC_DEMO_MAPPING,SYNTHETIC
8153.0702,SKL0032,CNC Operation,RELEVANT,1,SYNTHETIC_DEMO_MAPPING,SYNTHETIC
8153.0703,SKL0095,Workplace Safety,RELEVANT,3,SYNTHETIC_DEMO_MAPPING,SYNTHETIC
8153.0703,SKL0040,Mechanical Assembly,RELEVANT,4,SYNTHETIC_DEMO_MAPPING,SYNTHETIC
8153.0703,SKL0034,Welding,RELEVANT,4,SYNTHETIC_DEMO_MAPPING,SYNTHETIC
8153.0703,SKL0092,Communication,RELEVANT,1,SYNTHETIC_DEMO_MAPPING,SYNTHETIC
8153.0703,SKL0039,CNC Milling,RELEVANT,4,SYNTHETIC_DEMO_MAPPING,SYNTHETIC
8153.99,SKL0042,SolidWorks,RELEVANT,2,SYNTHETIC_DEMO_MAPPING,SYNTHETIC
8153.99,SKL0096,Digital Literacy,RELEVANT,3,SYNTHETIC_DEMO_MAPPING,SYNTHETIC
8154.02,SKL0098,English Communication,RELEVANT,3,SYNTHETIC_DEMO_MAPPING,SYNTHETIC
8154.02,SKL0034,Welding,RELEVANT,3,SYNTHETIC_DEMO_MAPPING,SYNTHETIC
8154.03,SKL0098,English Communication,RELEVANT,4,SYNTHETIC_DEMO_MAPPING,SYNTHETIC
8154.03,SKL0032,CNC Operation,RELEVANT,4,SYNTHETIC_DEMO_MAPPING,SYNTHETIC
8154.03,SKL0033,Machine Maintenance,RELEVANT,3,SYNTHETIC_DEMO_MAPPING,SYNTHETIC
8154.03,SKL0035,Quality Control,RELEVANT,1,SYNTHETIC_DEMO_MAPPING,SYNTHETIC
8154.03,SKL0094,Microsoft Excel,RELEVANT,3,SYNTHETIC_DEMO_MAPPING,SYNTHETIC
8154.05,SKL0041,AutoCAD,RELEVANT,3,SYNTHETIC_DEMO_MAPPING,SYNTHETIC
8154.05,SKL0035,Quality Control,RELEVANT,1,SYNTHETIC_DEMO_MAPPING,SYNTHETIC
8154.05,SKL0031,CNC Programming,RELEVANT,3,SYNTHETIC_DEMO_MAPPING,SYNTHETIC
8154.05,SKL0039,CNC Milling,RELEVANT,1,SYNTHETIC_DEMO_MAPPING,SYNTHETIC
8154.05,SKL0032,CNC Operation,RELEVANT,4,SYNTHETIC_DEMO_MAPPING,SYNTHETIC
8154.06,SKL0098,English Communication,RELEVANT,1,SYNTHETIC_DEMO_MAPPING,SYNTHETIC
8154.06,SKL0096,Digital Literacy,RELEVANT,4,SYNTHETIC_DEMO_MAPPING,SYNTHETIC
8154.07,SKL0098,English Communication,RELEVANT,2,SYNTHETIC_DEMO_MAPPING,SYNTHETIC
8154.07,SKL0092,Communication,RELEVANT,2,SYNTHETIC_DEMO_MAPPING,SYNTHETIC
8154.07,SKL0096,Digital Literacy,RELEVANT,1,SYNTHETIC_DEMO_MAPPING,SYNTHETIC
8154.07,SKL0035,Quality Control,RELEVANT,2,SYNTHETIC_DEMO_MAPPING,SYNTHETIC
8154.07,SKL0038,CNC Turning,RELEVANT,3,SYNTHETIC_DEMO_MAPPING,SYNTHETIC
8154.08,SKL0094,Microsoft Excel,RELEVANT,2,SYNTHETIC_DEMO_MAPPING,SYNTHETIC
8154.08,SKL0096,Digital Literacy,RELEVANT,4,SYNTHETIC_DEMO_MAPPING,SYNTHETIC
8154.08,SKL0033,Machine Maintenance,RELEVANT,4,SYNTHETIC_DEMO_MAPPING,SYNTHETIC
8154.08,SKL0039,CNC Milling,RELEVANT,4,SYNTHETIC_DEMO_MAPPING,SYNTHETIC
8154.08,SKL0095,Workplace Safety,RELEVANT,3,SYNTHETIC_DEMO_MAPPING,SYNTHETIC
8154.09,SKL0038,CNC Turning,RELEVANT,1,SYNTHETIC_DEMO_MAPPING,SYNTHETIC
8154.09,SKL0097,Team Management,RELEVANT,3,SYNTHETIC_DEMO_MAPPING,SYNTHETIC
8154.09,SKL0042,SolidWorks,RELEVANT,3,SYNTHETIC_DEMO_MAPPING,SYNTHETIC
8154.09,SKL0092,Communication,RELEVANT,4,SYNTHETIC_DEMO_MAPPING,SYNTHETIC
8154.09,SKL0096,Digital Literacy,RELEVANT,4,SYNTHETIC_DEMO_MAPPING,SYNTHETIC
8154.1,SKL0095,Workplace Safety,RELEVANT,4,SYNTHETIC_DEMO_MAPPING,SYNTHETIC
8154.1,SKL0092,Communication,RELEVANT,4,SYNTHETIC_DEMO_MAPPING,SYNTHETIC
8154.1,SKL0037,Production Planning,RELEVANT,2,SYNTHETIC_DEMO_MAPPING,SYNTHETIC
8154.1,SKL0032,CNC Operation,RELEVANT,4,SYNTHETIC_DEMO_MAPPING,SYNTHETIC
8154.1,SKL0031,CNC Programming,RELEVANT,1,SYNTHETIC_DEMO_MAPPING,SYNTHETIC
8154.11,SKL0095,Workplace Safety,RELEVANT,3,SYNTHETIC_DEMO_MAPPING,SYNTHETIC
8154.11,SKL0032,CNC Operation,RELEVANT,3,SYNTHETIC_DEMO_MAPPING,SYNTHETIC
8154.11,SKL0035,Quality Control,RELEVANT,3,SYNTHETIC_DEMO_MAPPING,SYNTHETIC
8154.11,SKL0033,Machine Maintenance,RELEVANT,1,SYNTHETIC_DEMO_MAPPING,SYNTHETIC
8154.11,SKL0092,Communication,RELEVANT,2,SYNTHETIC_DEMO_MAPPING,SYNTHETIC
8154.12,SKL0094,Microsoft Excel,RELEVANT,1,SYNTHETIC_DEMO_MAPPING,SYNTHETIC
8154.12,SKL0041,AutoCAD,RELEVANT,1,SYNTHETIC_DEMO_MAPPING,SYNTHETIC
8154.15,SKL0050,Automotive CAD,RELEVANT,3,SYNTHETIC_DEMO_MAPPING,SYNTHETIC
8154.15,SKL0049,Electric Motor Systems,RELEVANT,1,SYNTHETIC_DEMO_MAPPING,SYNTHETIC
8154.15,SKL0048,Auto Electrical,RELEVANT,1,SYNTHETIC_DEMO_MAPPING,SYNTHETIC
8154.15,SKL0097,Team Management,RELEVANT,1,SYNTHETIC_DEMO_MAPPING,SYNTHETIC
8154.15,SKL0092,Communication,RELEVANT,2,SYNTHETIC_DEMO_MAPPING,SYNTHETIC
8154.17,SKL0093,Problem Solving,RELEVANT,1,SYNTHETIC_DEMO_MAPPING,SYNTHETIC
8154.17,SKL0040,Mechanical Assembly,RELEVANT,1,SYNTHETIC_DEMO_MAPPING,SYNTHETIC
8154.17,SKL0035,Quality Control,RELEVANT,3,SYNTHETIC_DEMO_MAPPING,SYNTHETIC
8154.17,SKL0097,Team Management,RELEVANT,2,SYNTHETIC_DEMO_MAPPING,SYNTHETIC
8154.17,SKL0037,Production Planning,RELEVANT,4,SYNTHETIC_DEMO_MAPPING,SYNTHETIC
8154.18,SKL0037,Production Planning,RELEVANT,4,SYNTHETIC_DEMO_MAPPING,SYNTHETIC
8154.18,SKL0039,CNC Milling,RELEVANT,2,SYNTHETIC_DEMO_MAPPING,SYNTHETIC
8154.18,SKL0095,Workplace Safety,RELEVANT,1,SYNTHETIC_DEMO_MAPPING,SYNTHETIC
8154.18,SKL0036,Lean Manufacturing,RELEVANT,2,SYNTHETIC_DEMO_MAPPING,SYNTHETIC
8154.18,SKL0040,Mechanical Assembly,RELEVANT,4,SYNTHETIC_DEMO_MAPPING,SYNTHETIC
8154.19,SKL0033,Machine Maintenance,RELEVANT,2,SYNTHETIC_DEMO_MAPPING,SYNTHETIC
8154.19,SKL0031,CNC Programming,RELEVANT,1,SYNTHETIC_DEMO_MAPPING,SYNTHETIC
8154.19,SKL0096,Digital Literacy,RELEVANT,4,SYNTHETIC_DEMO_MAPPING,SYNTHETIC
8154.19,SKL0092,Communication,RELEVANT,3,SYNTHETIC_DEMO_MAPPING,SYNTHETIC
8154.2,SKL0093,Problem Solving,RELEVANT,2,SYNTHETIC_DEMO_MAPPING,SYNTHETIC
8154.2,SKL0092,Communication,RELEVANT,3,SYNTHETIC_DEMO_MAPPING,SYNTHETIC
8154.2,SKL0039,CNC Milling,RELEVANT,1,SYNTHETIC_DEMO_MAPPING,SYNTHETIC
8154.2,SKL0095,Workplace Safety,RELEVANT,1,SYNTHETIC_DEMO_MAPPING,SYNTHETIC
8154.2,SKL0035,Quality Control,RELEVANT,4,SYNTHETIC_DEMO_MAPPING,SYNTHETIC
8154.21,SKL0038,CNC Turning,RELEVANT,2,SYNTHETIC_DEMO_MAPPING,SYNTHETIC
8154.21,SKL0033,Machine Maintenance,RELEVANT,2,SYNTHETIC_DEMO_MAPPING,SYNTHETIC
8154.22,SKL0036,Lean Manufacturing,RELEVANT,4,SYNTHETIC_DEMO_MAPPING,SYNTHETIC
8154.22,SKL0042,SolidWorks,RELEVANT,3,SYNTHETIC_DEMO_MAPPING,SYNTHETIC
8154.22,SKL0093,Problem Solving,RELEVANT,4,SYNTHETIC_DEMO_MAPPING,SYNTHETIC
8154.22,SKL0097,Team Management,RELEVANT,4,SYNTHETIC_DEMO_MAPPING,SYNTHETIC
8154.23,SKL0031,CNC Programming,RELEVANT,2,SYNTHETIC_DEMO_MAPPING,SYNTHETIC
8154.23,SKL0036,Lean Manufacturing,RELEVANT,4,SYNTHETIC_DEMO_MAPPING,SYNTHETIC
8154.24,SKL0038,CNC Turning,RELEVANT,3,SYNTHETIC_DEMO_MAPPING,SYNTHETIC
8154.24,SKL0097,Team Management,RELEVANT,1,SYNTHETIC_DEMO_MAPPING,SYNTHETIC
8154.24,SKL0039,CNC Milling,RELEVANT,4,SYNTHETIC_DEMO_MAPPING,SYNTHETIC
8154.24,SKL0098,English Communication,RELEVANT,2,SYNTHETIC_DEMO_MAPPING,SYNTHETIC
8154.24,SKL0040,Mechanical Assembly,RELEVANT,1,SYNTHETIC_DEMO_MAPPING,SYNTHETIC
8154.25,SKL0035,Quality Control,RELEVANT,1,SYNTHETIC_DEMO_MAPPING,SYNTHETIC
8154.25,SKL0032,CNC Operation,RELEVANT,4,SYNTHETIC_DEMO_MAPPING,SYNTHETIC
8154.25,SKL0031,CNC Programming,RELEVANT,2,SYNTHETIC_DEMO_MAPPING,SYNTHETIC
8154.26,SKL0093,Problem Solving,RELEVANT,3,SYNTHETIC_DEMO_MAPPING,SYNTHETIC
8154.26,SKL0092,Communication,RELEVANT,3,SYNTHETIC_DEMO_MAPPING,SYNTHETIC
8154.27,SKL0041,AutoCAD,RELEVANT,3,SYNTHETIC_DEMO_MAPPING,SYNTHETIC
8154.27,SKL0097,Team Management,RELEVANT,4,SYNTHETIC_DEMO_MAPPING,SYNTHETIC
8154.27,SKL0094,Microsoft Excel,RELEVANT,3,SYNTHETIC_DEMO_MAPPING,SYNTHETIC
8154.27,SKL0036,Lean Manufacturing,RELEVANT,4,SYNTHETIC_DEMO_MAPPING,SYNTHETIC
8154.99,SKL0032,CNC Operation,RELEVANT,1,SYNTHETIC_DEMO_MAPPING,SYNTHETIC
8154.99,SKL0037,Production Planning,RELEVANT,1,SYNTHETIC_DEMO_MAPPING,SYNTHETIC
8154.99,SKL0095,Workplace Safety,RELEVANT,4,SYNTHETIC_DEMO_MAPPING,SYNTHETIC
8154.99,SKL0041,AutoCAD,RELEVANT,2,SYNTHETIC_DEMO_MAPPING,SYNTHETIC
8154.99,SKL0092,Communication,RELEVANT,1,SYNTHETIC_DEMO_MAPPING,SYNTHETIC
8155.01,SKL0037,Production Planning,RELEVANT,2,SYNTHETIC_DEMO_MAPPING,SYNTHETIC
8155.01,SKL0094,Microsoft Excel,RELEVANT,4,SYNTHETIC_DEMO_MAPPING,SYNTHETIC
8155.0201,SKL0096,Digital Literacy,RELEVANT,4,SYNTHETIC_DEMO_MAPPING,SYNTHETIC
8155.0201,SKL0036,Lean Manufacturing,RELEVANT,3,SYNTHETIC_DEMO_MAPPING,SYNTHETIC
8155.0201,SKL0033,Machine Maintenance,RELEVANT,3,SYNTHETIC_DEMO_MAPPING,SYNTHETIC
8155.03,SKL0041,AutoCAD,RELEVANT,1,SYNTHETIC_DEMO_MAPPING,SYNTHETIC
8155.03,SKL0040,Mechanical Assembly,RELEVANT,1,SYNTHETIC_DEMO_MAPPING,SYNTHETIC
8155.03,SKL0031,CNC Programming,RELEVANT,1,SYNTHETIC_DEMO_MAPPING,SYNTHETIC
8155.03,SKL0095,Workplace Safety,RELEVANT,3,SYNTHETIC_DEMO_MAPPING,SYNTHETIC
8155.04,SKL0036,Lean Manufacturing,RELEVANT,2,SYNTHETIC_DEMO_MAPPING,SYNTHETIC
8155.04,SKL0041,AutoCAD,RELEVANT,2,SYNTHETIC_DEMO_MAPPING,SYNTHETIC
8155.04,SKL0037,Production Planning,RELEVANT,1,SYNTHETIC_DEMO_MAPPING,SYNTHETIC
8155.05,SKL0094,Microsoft Excel,RELEVANT,1,SYNTHETIC_DEMO_MAPPING,SYNTHETIC
8155.05,SKL0036,Lean Manufacturing,RELEVANT,2,SYNTHETIC_DEMO_MAPPING,SYNTHETIC
8155.05,SKL0093,Problem Solving,RELEVANT,4,SYNTHETIC_DEMO_MAPPING,SYNTHETIC
8155.0501,SKL0041,AutoCAD,RELEVANT,2,SYNTHETIC_DEMO_MAPPING,SYNTHETIC
8155.0501,SKL0093,Problem Solving,RELEVANT,4,SYNTHETIC_DEMO_MAPPING,SYNTHETIC
8155.0501,SKL0095,Workplace Safety,RELEVANT,2,SYNTHETIC_DEMO_MAPPING,SYNTHETIC
8155.0501,SKL0033,Machine Maintenance,RELEVANT,1,SYNTHETIC_DEMO_MAPPING,SYNTHETIC
8155.0501,SKL0032,CNC Operation,RELEVANT,3,SYNTHETIC_DEMO_MAPPING,SYNTHETIC
8155.0601,SKL0033,Machine Maintenance,RELEVANT,4,SYNTHETIC_DEMO_MAPPING,SYNTHETIC
8155.0601,SKL0039,CNC Milling,RELEVANT,4,SYNTHETIC_DEMO_MAPPING,SYNTHETIC
8155.0601,SKL0047,Vehicle Diagnostics,RELEVANT,2,SYNTHETIC_DEMO_MAPPING,SYNTHETIC
8155.0601,SKL0092,Communication,RELEVANT,4,SYNTHETIC_DEMO_MAPPING,SYNTHETIC
8155.07,SKL0097,Team Management,RELEVANT,2,SYNTHETIC_DEMO_MAPPING,SYNTHETIC
8155.07,SKL0040,Mechanical Assembly,RELEVANT,4,SYNTHETIC_DEMO_MAPPING,SYNTHETIC
8155.07,SKL0033,Machine Maintenance,RELEVANT,4,SYNTHETIC_DEMO_MAPPING,SYNTHETIC
8155.0801,SKL0035,Quality Control,RELEVANT,1,SYNTHETIC_DEMO_MAPPING,SYNTHETIC
8155.0801,SKL0032,CNC Operation,RELEVANT,3,SYNTHETIC_DEMO_MAPPING,SYNTHETIC
8155.0801,SKL0040,Mechanical Assembly,RELEVANT,4,SYNTHETIC_DEMO_MAPPING,SYNTHETIC
8155.09,SKL0042,SolidWorks,RELEVANT,1,SYNTHETIC_DEMO_MAPPING,SYNTHETIC
8155.09,SKL0039,CNC Milling,RELEVANT,3,SYNTHETIC_DEMO_MAPPING,SYNTHETIC
8155.09,SKL0037,Production Planning,RELEVANT,2,SYNTHETIC_DEMO_MAPPING,SYNTHETIC
8155.09,SKL0092,Communication,RELEVANT,2,SYNTHETIC_DEMO_MAPPING,SYNTHETIC
8155.1,SKL0098,English Communication,RELEVANT,3,SYNTHETIC_DEMO_MAPPING,SYNTHETIC
8155.1,SKL0033,Machine Maintenance,RELEVANT,4,SYNTHETIC_DEMO_MAPPING,SYNTHETIC
8155.1,SKL0031,CNC Programming,RELEVANT,1,SYNTHETIC_DEMO_MAPPING,SYNTHETIC
8155.1,SKL0035,Quality Control,RELEVANT,1,SYNTHETIC_DEMO_MAPPING,SYNTHETIC
8155.1101,SKL0095,Workplace Safety,RELEVANT,1,SYNTHETIC_DEMO_MAPPING,SYNTHETIC
8155.1101,SKL0098,English Communication,RELEVANT,1,SYNTHETIC_DEMO_MAPPING,SYNTHETIC
8155.1101,SKL0094,Microsoft Excel,RELEVANT,1,SYNTHETIC_DEMO_MAPPING,SYNTHETIC
8155.1102,SKL0035,Quality Control,RELEVANT,2,SYNTHETIC_DEMO_MAPPING,SYNTHETIC
8155.1102,SKL0037,Production Planning,RELEVANT,1,SYNTHETIC_DEMO_MAPPING,SYNTHETIC
8155.12,SKL0032,CNC Operation,RELEVANT,2,SYNTHETIC_DEMO_MAPPING,SYNTHETIC
8155.12,SKL0072,Excel,RELEVANT,2,SYNTHETIC_DEMO_MAPPING,SYNTHETIC
8155.12,SKL0042,SolidWorks,RELEVANT,2,SYNTHETIC_DEMO_MAPPING,SYNTHETIC
8155.1201,SKL0031,CNC Programming,RELEVANT,4,SYNTHETIC_DEMO_MAPPING,SYNTHETIC
8155.1201,SKL0093,Problem Solving,RELEVANT,1,SYNTHETIC_DEMO_MAPPING,SYNTHETIC
8155.1201,SKL0038,CNC Turning,RELEVANT,2,SYNTHETIC_DEMO_MAPPING,SYNTHETIC
8155.1202,SKL0095,Workplace Safety,RELEVANT,2,SYNTHETIC_DEMO_MAPPING,SYNTHETIC
8155.1202,SKL0093,Problem Solving,RELEVANT,3,SYNTHETIC_DEMO_MAPPING,SYNTHETIC
8155.1202,SKL0063,Clinical Documentation,RELEVANT,1,SYNTHETIC_DEMO_MAPPING,SYNTHETIC
8155.1202,SKL0041,AutoCAD,RELEVANT,1,SYNTHETIC_DEMO_MAPPING,SYNTHETIC
8155.1203,SKL0032,CNC Operation,RELEVANT,3,SYNTHETIC_DEMO_MAPPING,SYNTHETIC
8155.1203,SKL0098,English Communication,RELEVANT,4,SYNTHETIC_DEMO_MAPPING,SYNTHETIC
8155.1203,SKL0033,Machine Maintenance,RELEVANT,2,SYNTHETIC_DEMO_MAPPING,SYNTHETIC
8155.99,SKL0040,Mechanical Assembly,RELEVANT,2,SYNTHETIC_DEMO_MAPPING,SYNTHETIC
8155.99,SKL0037,Production Planning,RELEVANT,3,SYNTHETIC_DEMO_MAPPING,SYNTHETIC
8155.99,SKL0092,Communication,RELEVANT,2,SYNTHETIC_DEMO_MAPPING,SYNTHETIC
8156.01,SKL0040,Mechanical Assembly,RELEVANT,2,SYNTHETIC_DEMO_MAPPING,SYNTHETIC
8156.01,SKL0045,Battery Management Systems,RELEVANT,2,SYNTHETIC_DEMO_MAPPING,SYNTHETIC
8156.01,SKL0044,EV Systems,RELEVANT,3,SYNTHETIC_DEMO_MAPPING,SYNTHETIC
8156.01,SKL0051,Service Operations,RELEVANT,3,SYNTHETIC_DEMO_MAPPING,SYNTHETIC
8156.01,SKL0046,EV Battery Maintenance,RELEVANT,2,SYNTHETIC_DEMO_MAPPING,SYNTHETIC
8156.02,SKL0098,English Communication,RELEVANT,1,SYNTHETIC_DEMO_MAPPING,SYNTHETIC
8156.02,SKL0033,Machine Maintenance,RELEVANT,3,SYNTHETIC_DEMO_MAPPING,SYNTHETIC
8156.02,SKL0051,Service Operations,RELEVANT,2,SYNTHETIC_DEMO_MAPPING,SYNTHETIC
8156.02,SKL0039,CNC Milling,RELEVANT,3,SYNTHETIC_DEMO_MAPPING,SYNTHETIC
8156.02,SKL0032,CNC Operation,RELEVANT,1,SYNTHETIC_DEMO_MAPPING,SYNTHETIC
8156.04,SKL0094,Microsoft Excel,RELEVANT,3,SYNTHETIC_DEMO_MAPPING,SYNTHETIC
8156.04,SKL0095,Workplace Safety,RELEVANT,3,SYNTHETIC_DEMO_MAPPING,SYNTHETIC
8156.05,SKL0094,Microsoft Excel,RELEVANT,2,SYNTHETIC_DEMO_MAPPING,SYNTHETIC
8156.05,SKL0038,CNC Turning,RELEVANT,3,SYNTHETIC_DEMO_MAPPING,SYNTHETIC
8156.05,SKL0092,Communication,RELEVANT,3,SYNTHETIC_DEMO_MAPPING,SYNTHETIC
8156.05,SKL0032,CNC Operation,RELEVANT,1,SYNTHETIC_DEMO_MAPPING,SYNTHETIC
8156.05,SKL0039,CNC Milling,RELEVANT,3,SYNTHETIC_DEMO_MAPPING,SYNTHETIC
8156.06,SKL0038,CNC Turning,RELEVANT,4,SYNTHETIC_DEMO_MAPPING,SYNTHETIC
8156.06,SKL0033,Machine Maintenance,RELEVANT,3,SYNTHETIC_DEMO_MAPPING,SYNTHETIC
8156.06,SKL0042,SolidWorks,RELEVANT,2,SYNTHETIC_DEMO_MAPPING,SYNTHETIC
8156.06,SKL0040,Mechanical Assembly,RELEVANT,4,SYNTHETIC_DEMO_MAPPING,SYNTHETIC
8156.0701,SKL0036,Lean Manufacturing,RELEVANT,2,SYNTHETIC_DEMO_MAPPING,SYNTHETIC
8156.0701,SKL0031,CNC Programming,RELEVANT,2,SYNTHETIC_DEMO_MAPPING,SYNTHETIC
8156.0701,SKL0094,Microsoft Excel,RELEVANT,3,SYNTHETIC_DEMO_MAPPING,SYNTHETIC
8156.0701,SKL0098,English Communication,RELEVANT,4,SYNTHETIC_DEMO_MAPPING,SYNTHETIC
8156.0701,SKL0038,CNC Turning,RELEVANT,4,SYNTHETIC_DEMO_MAPPING,SYNTHETIC
8156.08,SKL0098,English Communication,RELEVANT,3,SYNTHETIC_DEMO_MAPPING,SYNTHETIC
8156.08,SKL0037,Production Planning,RELEVANT,3,SYNTHETIC_DEMO_MAPPING,SYNTHETIC
8156.09,SKL0034,Welding,RELEVANT,1,SYNTHETIC_DEMO_MAPPING,SYNTHETIC
8156.09,SKL0093,Problem Solving,RELEVANT,2,SYNTHETIC_DEMO_MAPPING,SYNTHETIC
8156.09,SKL0092,Communication,RELEVANT,3,SYNTHETIC_DEMO_MAPPING,SYNTHETIC
8156.09,SKL0038,CNC Turning,RELEVANT,4,SYNTHETIC_DEMO_MAPPING,SYNTHETIC
8156.0901,SKL0092,Communication,RELEVANT,1,SYNTHETIC_DEMO_MAPPING,SYNTHETIC
8156.0901,SKL0093,Problem Solving,RELEVANT,2,SYNTHETIC_DEMO_MAPPING,SYNTHETIC
8156.0901,SKL0094,Microsoft Excel,RELEVANT,1,SYNTHETIC_DEMO_MAPPING,SYNTHETIC
8156.0901,SKL0096,Digital Literacy,RELEVANT,3,SYNTHETIC_DEMO_MAPPING,SYNTHETIC
8156.0901,SKL0098,English Communication,RELEVANT,3,SYNTHETIC_DEMO_MAPPING,SYNTHETIC
8156.1001,SKL0094,Microsoft Excel,RELEVANT,1,SYNTHETIC_DEMO_MAPPING,SYNTHETIC
8156.1001,SKL0040,Mechanical Assembly,RELEVANT,2,SYNTHETIC_DEMO_MAPPING,SYNTHETIC
8156.1001,SKL0038,CNC Turning,RELEVANT,1,SYNTHETIC_DEMO_MAPPING,SYNTHETIC
8156.1001,SKL0098,English Communication,RELEVANT,4,SYNTHETIC_DEMO_MAPPING,SYNTHETIC
8156.1001,SKL0047,Vehicle Diagnostics,RELEVANT,1,SYNTHETIC_DEMO_MAPPING,SYNTHETIC
8156.1401,SKL0044,EV Systems,RELEVANT,4,SYNTHETIC_DEMO_MAPPING,SYNTHETIC
8156.1401,SKL0046,EV Battery Maintenance,RELEVANT,4,SYNTHETIC_DEMO_MAPPING,SYNTHETIC
8156.1401,SKL0036,Lean Manufacturing,RELEVANT,3,SYNTHETIC_DEMO_MAPPING,SYNTHETIC
8156.1401,SKL0048,Auto Electrical,RELEVANT,2,SYNTHETIC_DEMO_MAPPING,SYNTHETIC
8156.15,SKL0033,Machine Maintenance,RELEVANT,3,SYNTHETIC_DEMO_MAPPING,SYNTHETIC
8156.15,SKL0035,Quality Control,RELEVANT,3,SYNTHETIC_DEMO_MAPPING,SYNTHETIC
8156.16,SKL0046,EV Battery Maintenance,RELEVANT,3,SYNTHETIC_DEMO_MAPPING,SYNTHETIC
8156.16,SKL0052,Two-Wheeler Service,RELEVANT,1,SYNTHETIC_DEMO_MAPPING,SYNTHETIC
8156.16,SKL0098,English Communication,RELEVANT,2,SYNTHETIC_DEMO_MAPPING,SYNTHETIC
8156.16,SKL0044,EV Systems,RELEVANT,1,SYNTHETIC_DEMO_MAPPING,SYNTHETIC
8156.16,SKL0051,Service Operations,RELEVANT,3,SYNTHETIC_DEMO_MAPPING,SYNTHETIC
8156.17,SKL0095,Workplace Safety,RELEVANT,1,SYNTHETIC_DEMO_MAPPING,SYNTHETIC
8156.17,SKL0035,Quality Control,RELEVANT,2,SYNTHETIC_DEMO_MAPPING,SYNTHETIC
8156.17,SKL0041,AutoCAD,RELEVANT,4,SYNTHETIC_DEMO_MAPPING,SYNTHETIC
8156.17,SKL0038,CNC Turning,RELEVANT,3,SYNTHETIC_DEMO_MAPPING,SYNTHETIC
8156.17,SKL0097,Team Management,RELEVANT,3,SYNTHETIC_DEMO_MAPPING,SYNTHETIC
8156.18,SKL0095,Workplace Safety,RELEVANT,3,SYNTHETIC_DEMO_MAPPING,SYNTHETIC
8156.18,SKL0092,Communication,RELEVANT,1,SYNTHETIC_DEMO_MAPPING,SYNTHETIC
8156.19,SKL0035,Quality Control,RELEVANT,4,SYNTHETIC_DEMO_MAPPING,SYNTHETIC
8156.19,SKL0040,Mechanical Assembly,RELEVANT,1,SYNTHETIC_DEMO_MAPPING,SYNTHETIC
8156.2,SKL0033,Machine Maintenance,RELEVANT,4,SYNTHETIC_DEMO_MAPPING,SYNTHETIC
8156.2,SKL0098,English Communication,RELEVANT,1,SYNTHETIC_DEMO_MAPPING,SYNTHETIC
8156.2,SKL0038,CNC Turning,RELEVANT,2,SYNTHETIC_DEMO_MAPPING,SYNTHETIC
8156.21,SKL0041,AutoCAD,RELEVANT,3,SYNTHETIC_DEMO_MAPPING,SYNTHETIC
8156.21,SKL0042,SolidWorks,RELEVANT,4,SYNTHETIC_DEMO_MAPPING,SYNTHETIC
8156.21,SKL0095,Workplace Safety,RELEVANT,1,SYNTHETIC_DEMO_MAPPING,SYNTHETIC
8156.22,SKL0037,Production Planning,RELEVANT,4,SYNTHETIC_DEMO_MAPPING,SYNTHETIC
8156.22,SKL0042,SolidWorks,RELEVANT,4,SYNTHETIC_DEMO_MAPPING,SYNTHETIC
8156.22,SKL0031,CNC Programming,RELEVANT,1,SYNTHETIC_DEMO_MAPPING,SYNTHETIC
8156.22,SKL0038,CNC Turning,RELEVANT,2,SYNTHETIC_DEMO_MAPPING,SYNTHETIC
8156.22,SKL0096,Digital Literacy,RELEVANT,3,SYNTHETIC_DEMO_MAPPING,SYNTHETIC
8156.23,SKL0033,Machine Maintenance,RELEVANT,2,SYNTHETIC_DEMO_MAPPING,SYNTHETIC
8156.23,SKL0035,Quality Control,RELEVANT,4,SYNTHETIC_DEMO_MAPPING,SYNTHETIC
8156.24,SKL0093,Problem Solving,RELEVANT,3,SYNTHETIC_DEMO_MAPPING,SYNTHETIC
8156.24,SKL0037,Production Planning,RELEVANT,4,SYNTHETIC_DEMO_MAPPING,SYNTHETIC
8156.24,SKL0035,Quality Control,RELEVANT,4,SYNTHETIC_DEMO_MAPPING,SYNTHETIC
8156.24,SKL0033,Machine Maintenance,RELEVANT,2,SYNTHETIC_DEMO_MAPPING,SYNTHETIC
8156.24,SKL0034,Welding,RELEVANT,1,SYNTHETIC_DEMO_MAPPING,SYNTHETIC
8156.25,SKL0034,Welding,RELEVANT,2,SYNTHETIC_DEMO_MAPPING,SYNTHETIC
8156.25,SKL0097,Team Management,RELEVANT,2,SYNTHETIC_DEMO_MAPPING,SYNTHETIC
8156.2501,SKL0037,Production Planning,RELEVANT,2,SYNTHETIC_DEMO_MAPPING,SYNTHETIC
8156.2501,SKL0033,Machine Maintenance,RELEVANT,2,SYNTHETIC_DEMO_MAPPING,SYNTHETIC
8156.2501,SKL0041,AutoCAD,RELEVANT,3,SYNTHETIC_DEMO_MAPPING,SYNTHETIC
8156.2501,SKL0039,CNC Milling,RELEVANT,2,SYNTHETIC_DEMO_MAPPING,SYNTHETIC
8156.2501,SKL0096,Digital Literacy,RELEVANT,3,SYNTHETIC_DEMO_MAPPING,SYNTHETIC
8156.26,SKL0041,AutoCAD,RELEVANT,4,SYNTHETIC_DEMO_MAPPING,SYNTHETIC
8156.26,SKL0094,Microsoft Excel,RELEVANT,1,SYNTHETIC_DEMO_MAPPING,SYNTHETIC
8156.26,SKL0040,Mechanical Assembly,RELEVANT,4,SYNTHETIC_DEMO_MAPPING,SYNTHETIC
8156.26,SKL0095,Workplace Safety,RELEVANT,1,SYNTHETIC_DEMO_MAPPING,SYNTHETIC
8156.2601,SKL0031,CNC Programming,RELEVANT,1,SYNTHETIC_DEMO_MAPPING,SYNTHETIC
8156.2601,SKL0097,Team Management,RELEVANT,2,SYNTHETIC_DEMO_MAPPING,SYNTHETIC
8156.2601,SKL0041,AutoCAD,RELEVANT,3,SYNTHETIC_DEMO_MAPPING,SYNTHETIC
8156.2601,SKL0033,Machine Maintenance,RELEVANT,3,SYNTHETIC_DEMO_MAPPING,SYNTHETIC
8156.2602,SKL0038,CNC Turning,RELEVANT,1,SYNTHETIC_DEMO_MAPPING,SYNTHETIC
8156.2602,SKL0054,Quantity Surveying,RELEVANT,1,SYNTHETIC_DEMO_MAPPING,SYNTHETIC
8156.2602,SKL0096,Digital Literacy,RELEVANT,4,SYNTHETIC_DEMO_MAPPING,SYNTHETIC
8156.2603,SKL0039,CNC Milling,RELEVANT,4,SYNTHETIC_DEMO_MAPPING,SYNTHETIC
8156.2603,SKL0036,Lean Manufacturing,RELEVANT,4,SYNTHETIC_DEMO_MAPPING,SYNTHETIC
8156.2603,SKL0037,Production Planning,RELEVANT,4,SYNTHETIC_DEMO_MAPPING,SYNTHETIC
8156.99,SKL0035,Quality Control,RELEVANT,1,SYNTHETIC_DEMO_MAPPING,SYNTHETIC
8156.99,SKL0039,CNC Milling,RELEVANT,1,SYNTHETIC_DEMO_MAPPING,SYNTHETIC
8156.99,SKL0034,Welding,RELEVANT,4,SYNTHETIC_DEMO_MAPPING,SYNTHETIC
8156.99,SKL0041,AutoCAD,RELEVANT,2,SYNTHETIC_DEMO_MAPPING,SYNTHETIC
8157.01,SKL0093,Problem Solving,RELEVANT,1,SYNTHETIC_DEMO_MAPPING,SYNTHETIC
8157.01,SKL0038,CNC Turning,RELEVANT,3,SYNTHETIC_DEMO_MAPPING,SYNTHETIC
8157.01,SKL0037,Production Planning,RELEVANT,1,SYNTHETIC_DEMO_MAPPING,SYNTHETIC
8157.02,SKL0029,Control Systems,RELEVANT,3,SYNTHETIC_DEMO_MAPPING,SYNTHETIC
8157.02,SKL0041,AutoCAD,RELEVANT,4,SYNTHETIC_DEMO_MAPPING,SYNTHETIC
8157.03,SKL0040,Mechanical Assembly,RELEVANT,2,SYNTHETIC_DEMO_MAPPING,SYNTHETIC
8157.03,SKL0031,CNC Programming,RELEVANT,2,SYNTHETIC_DEMO_MAPPING,SYNTHETIC
8157.03,SKL0041,AutoCAD,RELEVANT,2,SYNTHETIC_DEMO_MAPPING,SYNTHETIC
8157.03,SKL0097,Team Management,RELEVANT,4,SYNTHETIC_DEMO_MAPPING,SYNTHETIC
8157.03,SKL0095,Workplace Safety,RELEVANT,1,SYNTHETIC_DEMO_MAPPING,SYNTHETIC
8157.04,SKL0032,CNC Operation,RELEVANT,4,SYNTHETIC_DEMO_MAPPING,SYNTHETIC
8157.04,SKL0095,Workplace Safety,RELEVANT,1,SYNTHETIC_DEMO_MAPPING,SYNTHETIC
8157.04,SKL0092,Communication,RELEVANT,2,SYNTHETIC_DEMO_MAPPING,SYNTHETIC
8157.04,SKL0036,Lean Manufacturing,RELEVANT,3,SYNTHETIC_DEMO_MAPPING,SYNTHETIC
8157.04,SKL0097,Team Management,RELEVANT,4,SYNTHETIC_DEMO_MAPPING,SYNTHETIC
8157.0401,SKL0098,English Communication,RELEVANT,1,SYNTHETIC_DEMO_MAPPING,SYNTHETIC
8157.0401,SKL0094,Microsoft Excel,RELEVANT,4,SYNTHETIC_DEMO_MAPPING,SYNTHETIC
8157.0401,SKL0095,Workplace Safety,RELEVANT,2,SYNTHETIC_DEMO_MAPPING,SYNTHETIC
8159.01,SKL0097,Team Management,RELEVANT,4,SYNTHETIC_DEMO_MAPPING,SYNTHETIC
8159.01,SKL0096,Digital Literacy,RELEVANT,4,SYNTHETIC_DEMO_MAPPING,SYNTHETIC
8159.01,SKL0035,Quality Control,RELEVANT,1,SYNTHETIC_DEMO_MAPPING,SYNTHETIC
8159.02,SKL0037,Production Planning,RELEVANT,3,SYNTHETIC_DEMO_MAPPING,SYNTHETIC
8159.02,SKL0038,CNC Turning,RELEVANT,1,SYNTHETIC_DEMO_MAPPING,SYNTHETIC
8159.02,SKL0036,Lean Manufacturing,RELEVANT,2,SYNTHETIC_DEMO_MAPPING,SYNTHETIC
8159.02,SKL0035,Quality Control,RELEVANT,4,SYNTHETIC_DEMO_MAPPING,SYNTHETIC
8159.03,SKL0091,Route Planning,RELEVANT,3,SYNTHETIC_DEMO_MAPPING,SYNTHETIC
8159.03,SKL0033,Machine Maintenance,RELEVANT,1,SYNTHETIC_DEMO_MAPPING,SYNTHETIC
8159.03,SKL0093,Problem Solving,RELEVANT,1,SYNTHETIC_DEMO_MAPPING,SYNTHETIC
8159.03,SKL0041,AutoCAD,RELEVANT,4,SYNTHETIC_DEMO_MAPPING,SYNTHETIC
8159.04,SKL0096,Digital Literacy,RELEVANT,1,SYNTHETIC_DEMO_MAPPING,SYNTHETIC
8159.04,SKL0035,Quality Control,RELEVANT,4,SYNTHETIC_DEMO_MAPPING,SYNTHETIC
8159.04,SKL0037,Production Planning,RELEVANT,3,SYNTHETIC_DEMO_MAPPING,SYNTHETIC
8159.04,SKL0092,Communication,RELEVANT,4,SYNTHETIC_DEMO_MAPPING,SYNTHETIC
8159.04,SKL0095,Workplace Safety,RELEVANT,4,SYNTHETIC_DEMO_MAPPING,SYNTHETIC
8159.99,SKL0040,Mechanical Assembly,RELEVANT,2,SYNTHETIC_DEMO_MAPPING,SYNTHETIC
8159.99,SKL0095,Workplace Safety,RELEVANT,3,SYNTHETIC_DEMO_MAPPING,SYNTHETIC
8159.99,SKL0096,Digital Literacy,RELEVANT,2,SYNTHETIC_DEMO_MAPPING,SYNTHETIC
8159.99,SKL0039,CNC Milling,RELEVANT,1,SYNTHETIC_DEMO_MAPPING,SYNTHETIC
8160.03,SKL0039,CNC Milling,RELEVANT,3,SYNTHETIC_DEMO_MAPPING,SYNTHETIC
8160.03,SKL0036,Lean Manufacturing,RELEVANT,4,SYNTHETIC_DEMO_MAPPING,SYNTHETIC
8160.03,SKL0095,Workplace Safety,RELEVANT,2,SYNTHETIC_DEMO_MAPPING,SYNTHETIC
8160.03,SKL0098,English Communication,RELEVANT,1,SYNTHETIC_DEMO_MAPPING,SYNTHETIC
8160.04,SKL0037,Production Planning,RELEVANT,1,SYNTHETIC_DEMO_MAPPING,SYNTHETIC
8160.04,SKL0093,Problem Solving,RELEVANT,3,SYNTHETIC_DEMO_MAPPING,SYNTHETIC
8160.04,SKL0035,Quality Control,RELEVANT,2,SYNTHETIC_DEMO_MAPPING,SYNTHETIC
8160.04,SKL0032,CNC Operation,RELEVANT,2,SYNTHETIC_DEMO_MAPPING,SYNTHETIC
8160.05,SKL0094,Microsoft Excel,RELEVANT,3,SYNTHETIC_DEMO_MAPPING,SYNTHETIC
8160.05,SKL0092,Communication,RELEVANT,1,SYNTHETIC_DEMO_MAPPING,SYNTHETIC
8160.05,SKL0096,Digital Literacy,RELEVANT,3,SYNTHETIC_DEMO_MAPPING,SYNTHETIC
8160.05,SKL0093,Problem Solving,RELEVANT,3,SYNTHETIC_DEMO_MAPPING,SYNTHETIC
8160.07,SKL0094,Microsoft Excel,RELEVANT,1,SYNTHETIC_DEMO_MAPPING,SYNTHETIC
8160.07,SKL0034,Welding,RELEVANT,2,SYNTHETIC_DEMO_MAPPING,SYNTHETIC
8160.08,SKL0031,CNC Programming,RELEVANT,1,SYNTHETIC_DEMO_MAPPING,SYNTHETIC
8160.08,SKL0032,CNC Operation,RELEVANT,1,SYNTHETIC_DEMO_MAPPING,SYNTHETIC
8160.08,SKL0037,Production Planning,RELEVANT,4,SYNTHETIC_DEMO_MAPPING,SYNTHETIC
8160.08,SKL0098,English Communication,RELEVANT,2,SYNTHETIC_DEMO_MAPPING,SYNTHETIC
8160.08,SKL0093,Problem Solving,RELEVANT,4,SYNTHETIC_DEMO_MAPPING,SYNTHETIC
8160.09,SKL0040,Mechanical Assembly,RELEVANT,2,SYNTHETIC_DEMO_MAPPING,SYNTHETIC
8160.09,SKL0096,Digital Literacy,RELEVANT,3,SYNTHETIC_DEMO_MAPPING,SYNTHETIC
8160.09,SKL0038,CNC Turning,RELEVANT,3,SYNTHETIC_DEMO_MAPPING,SYNTHETIC
8160.1,SKL0036,Lean Manufacturing,RELEVANT,3,SYNTHETIC_DEMO_MAPPING,SYNTHETIC
8160.1,SKL0047,Vehicle Diagnostics,RELEVANT,2,SYNTHETIC_DEMO_MAPPING,SYNTHETIC
8160.1,SKL0095,Workplace Safety,RELEVANT,2,SYNTHETIC_DEMO_MAPPING,SYNTHETIC
8160.1,SKL0048,Auto Electrical,RELEVANT,3,SYNTHETIC_DEMO_MAPPING,SYNTHETIC
8160.1,SKL0093,Problem Solving,RELEVANT,2,SYNTHETIC_DEMO_MAPPING,SYNTHETIC
8160.11,SKL0041,AutoCAD,RELEVANT,4,SYNTHETIC_DEMO_MAPPING,SYNTHETIC
8160.11,SKL0051,Service Operations,RELEVANT,4,SYNTHETIC_DEMO_MAPPING,SYNTHETIC
8160.12,SKL0042,SolidWorks,RELEVANT,3,SYNTHETIC_DEMO_MAPPING,SYNTHETIC
8160.12,SKL0034,Welding,RELEVANT,3,SYNTHETIC_DEMO_MAPPING,SYNTHETIC
8160.13,SKL0051,Service Operations,RELEVANT,4,SYNTHETIC_DEMO_MAPPING,SYNTHETIC
8160.13,SKL0063,Clinical Documentation,RELEVANT,1,SYNTHETIC_DEMO_MAPPING,SYNTHETIC
8160.13,SKL0046,EV Battery Maintenance,RELEVANT,4,SYNTHETIC_DEMO_MAPPING,SYNTHETIC
8160.13,SKL0065,Laboratory Techniques,RELEVANT,2,SYNTHETIC_DEMO_MAPPING,SYNTHETIC
8160.13,SKL0062,Medical Coding,RELEVANT,1,SYNTHETIC_DEMO_MAPPING,SYNTHETIC
8160.15,SKL0035,Quality Control,RELEVANT,2,SYNTHETIC_DEMO_MAPPING,SYNTHETIC
8160.15,SKL0093,Problem Solving,RELEVANT,4,SYNTHETIC_DEMO_MAPPING,SYNTHETIC
8160.15,SKL0040,Mechanical Assembly,RELEVANT,1,SYNTHETIC_DEMO_MAPPING,SYNTHETIC
8160.16,SKL0097,Team Management,RELEVANT,1,SYNTHETIC_DEMO_MAPPING,SYNTHETIC
8160.16,SKL0093,Problem Solving,RELEVANT,2,SYNTHETIC_DEMO_MAPPING,SYNTHETIC
8160.17,SKL0093,Problem Solving,RELEVANT,3,SYNTHETIC_DEMO_MAPPING,SYNTHETIC
8160.17,SKL0095,Workplace Safety,RELEVANT,4,SYNTHETIC_DEMO_MAPPING,SYNTHETIC
8160.17,SKL0042,SolidWorks,RELEVANT,1,SYNTHETIC_DEMO_MAPPING,SYNTHETIC
8160.17,SKL0097,Team Management,RELEVANT,4,SYNTHETIC_DEMO_MAPPING,SYNTHETIC
8160.17,SKL0092,Communication,RELEVANT,4,SYNTHETIC_DEMO_MAPPING,SYNTHETIC
8160.18,SKL0031,CNC Programming,RELEVANT,2,SYNTHETIC_DEMO_MAPPING,SYNTHETIC
8160.18,SKL0097,Team Management,RELEVANT,1,SYNTHETIC_DEMO_MAPPING,SYNTHETIC
8160.18,SKL0038,CNC Turning,RELEVANT,4,SYNTHETIC_DEMO_MAPPING,SYNTHETIC
8160.18,SKL0036,Lean Manufacturing,RELEVANT,1,SYNTHETIC_DEMO_MAPPING,SYNTHETIC
8160.18,SKL0095,Workplace Safety,RELEVANT,3,SYNTHETIC_DEMO_MAPPING,SYNTHETIC
8160.19,SKL0098,English Communication,RELEVANT,4,SYNTHETIC_DEMO_MAPPING,SYNTHETIC
8160.19,SKL0042,SolidWorks,RELEVANT,3,SYNTHETIC_DEMO_MAPPING,SYNTHETIC
8160.19,SKL0031,CNC Programming,RELEVANT,1,SYNTHETIC_DEMO_MAPPING,SYNTHETIC
8160.19,SKL0095,Workplace Safety,RELEVANT,2,SYNTHETIC_DEMO_MAPPING,SYNTHETIC
8160.19,SKL0041,AutoCAD,RELEVANT,4,SYNTHETIC_DEMO_MAPPING,SYNTHETIC
8160.2,SKL0038,CNC Turning,RELEVANT,1,SYNTHETIC_DEMO_MAPPING,SYNTHETIC
8160.2,SKL0098,English Communication,RELEVANT,3,SYNTHETIC_DEMO_MAPPING,SYNTHETIC
8160.22,SKL0093,Problem Solving,RELEVANT,2,SYNTHETIC_DEMO_MAPPING,SYNTHETIC
8160.22,SKL0096,Digital Literacy,RELEVANT,1,SYNTHETIC_DEMO_MAPPING,SYNTHETIC
8160.23,SKL0036,Lean Manufacturing,RELEVANT,4,SYNTHETIC_DEMO_MAPPING,SYNTHETIC
8160.23,SKL0040,Mechanical Assembly,RELEVANT,2,SYNTHETIC_DEMO_MAPPING,SYNTHETIC
8160.24,SKL0038,CNC Turning,RELEVANT,1,SYNTHETIC_DEMO_MAPPING,SYNTHETIC
8160.24,SKL0098,English Communication,RELEVANT,1,SYNTHETIC_DEMO_MAPPING,SYNTHETIC
8160.25,SKL0051,Service Operations,RELEVANT,2,SYNTHETIC_DEMO_MAPPING,SYNTHETIC
8160.25,SKL0096,Digital Literacy,RELEVANT,4,SYNTHETIC_DEMO_MAPPING,SYNTHETIC
8160.25,SKL0092,Communication,RELEVANT,2,SYNTHETIC_DEMO_MAPPING,SYNTHETIC
8160.25,SKL0034,Welding,RELEVANT,1,SYNTHETIC_DEMO_MAPPING,SYNTHETIC
8160.26,SKL0098,English Communication,RELEVANT,2,SYNTHETIC_DEMO_MAPPING,SYNTHETIC
8160.26,SKL0097,Team Management,RELEVANT,4,SYNTHETIC_DEMO_MAPPING,SYNTHETIC
8160.27,SKL0098,English Communication,RELEVANT,3,SYNTHETIC_DEMO_MAPPING,SYNTHETIC
8160.27,SKL0050,Automotive CAD,RELEVANT,2,SYNTHETIC_DEMO_MAPPING,SYNTHETIC
8160.27,SKL0095,Workplace Safety,RELEVANT,1,SYNTHETIC_DEMO_MAPPING,SYNTHETIC
8160.28,SKL0093,Problem Solving,RELEVANT,3,SYNTHETIC_DEMO_MAPPING,SYNTHETIC
8160.28,SKL0098,English Communication,RELEVANT,3,SYNTHETIC_DEMO_MAPPING,SYNTHETIC
8160.29,SKL0037,Production Planning,RELEVANT,2,SYNTHETIC_DEMO_MAPPING,SYNTHETIC
8160.29,SKL0035,Quality Control,RELEVANT,3,SYNTHETIC_DEMO_MAPPING,SYNTHETIC
8160.29,SKL0034,Welding,RELEVANT,2,SYNTHETIC_DEMO_MAPPING,SYNTHETIC
8160.3,SKL0095,Workplace Safety,RELEVANT,3,SYNTHETIC_DEMO_MAPPING,SYNTHETIC
8160.3,SKL0098,English Communication,RELEVANT,2,SYNTHETIC_DEMO_MAPPING,SYNTHETIC
8160.3,SKL0094,Microsoft Excel,RELEVANT,1,SYNTHETIC_DEMO_MAPPING,SYNTHETIC
8160.3,SKL0092,Communication,RELEVANT,2,SYNTHETIC_DEMO_MAPPING,SYNTHETIC
8160.31,SKL0040,Mechanical Assembly,RELEVANT,3,SYNTHETIC_DEMO_MAPPING,SYNTHETIC
8160.31,SKL0094,Microsoft Excel,RELEVANT,2,SYNTHETIC_DEMO_MAPPING,SYNTHETIC
8160.31,SKL0032,CNC Operation,RELEVANT,4,SYNTHETIC_DEMO_MAPPING,SYNTHETIC
8160.32,SKL0092,Communication,RELEVANT,3,SYNTHETIC_DEMO_MAPPING,SYNTHETIC
8160.32,SKL0098,English Communication,RELEVANT,2,SYNTHETIC_DEMO_MAPPING,SYNTHETIC
8160.32,SKL0097,Team Management,RELEVANT,3,SYNTHETIC_DEMO_MAPPING,SYNTHETIC
8160.32,SKL0093,Problem Solving,RELEVANT,4,SYNTHETIC_DEMO_MAPPING,SYNTHETIC
8160.33,SKL0039,CNC Milling,RELEVANT,4,SYNTHETIC_DEMO_MAPPING,SYNTHETIC
8160.33,SKL0036,Lean Manufacturing,RELEVANT,3,SYNTHETIC_DEMO_MAPPING,SYNTHETIC
8160.34,SKL0047,Vehicle Diagnostics,RELEVANT,4,SYNTHETIC_DEMO_MAPPING,SYNTHETIC
8160.34,SKL0043,Automotive Diagnostics,RELEVANT,1,SYNTHETIC_DEMO_MAPPING,SYNTHETIC
8160.34,SKL0093,Problem Solving,RELEVANT,3,SYNTHETIC_DEMO_MAPPING,SYNTHETIC
8160.35,SKL0038,CNC Turning,RELEVANT,2,SYNTHETIC_DEMO_MAPPING,SYNTHETIC
8160.35,SKL0032,CNC Operation,RELEVANT,1,SYNTHETIC_DEMO_MAPPING,SYNTHETIC
8160.35,SKL0095,Workplace Safety,RELEVANT,2,SYNTHETIC_DEMO_MAPPING,SYNTHETIC
8160.36,SKL0090,Logistics Planning,RELEVANT,4,SYNTHETIC_DEMO_MAPPING,SYNTHETIC
8160.36,SKL0095,Workplace Safety,RELEVANT,4,SYNTHETIC_DEMO_MAPPING,SYNTHETIC
8160.36,SKL0092,Communication,RELEVANT,2,SYNTHETIC_DEMO_MAPPING,SYNTHETIC
8160.36,SKL0086,Inventory Management,RELEVANT,4,SYNTHETIC_DEMO_MAPPING,SYNTHETIC
8160.37,SKL0012,Docker,RELEVANT,3,SYNTHETIC_DEMO_MAPPING,SYNTHETIC
8160.37,SKL0041,AutoCAD,RELEVANT,3,SYNTHETIC_DEMO_MAPPING,SYNTHETIC
8160.38,SKL0096,Digital Literacy,RELEVANT,1,SYNTHETIC_DEMO_MAPPING,SYNTHETIC
8160.38,SKL0097,Team Management,RELEVANT,4,SYNTHETIC_DEMO_MAPPING,SYNTHETIC
8160.38,SKL0092,Communication,RELEVANT,2,SYNTHETIC_DEMO_MAPPING,SYNTHETIC
8160.38,SKL0093,Problem Solving,RELEVANT,2,SYNTHETIC_DEMO_MAPPING,SYNTHETIC
8160.38,SKL0094,Microsoft Excel,RELEVANT,4,SYNTHETIC_DEMO_MAPPING,SYNTHETIC
8160.39,SKL0038,CNC Turning,RELEVANT,3,SYNTHETIC_DEMO_MAPPING,SYNTHETIC
8160.39,SKL0040,Mechanical Assembly,RELEVANT,1,SYNTHETIC_DEMO_MAPPING,SYNTHETIC
8160.39,SKL0041,AutoCAD,RELEVANT,4,SYNTHETIC_DEMO_MAPPING,SYNTHETIC
8160.39,SKL0031,CNC Programming,RELEVANT,3,SYNTHETIC_DEMO_MAPPING,SYNTHETIC
8160.4,SKL0041,AutoCAD,RELEVANT,1,SYNTHETIC_DEMO_MAPPING,SYNTHETIC
8160.4,SKL0047,Vehicle Diagnostics,RELEVANT,3,SYNTHETIC_DEMO_MAPPING,SYNTHETIC
8160.4,SKL0031,CNC Programming,RELEVANT,3,SYNTHETIC_DEMO_MAPPING,SYNTHETIC
8160.4,SKL0095,Workplace Safety,RELEVANT,2,SYNTHETIC_DEMO_MAPPING,SYNTHETIC
8160.4,SKL0034,Welding,RELEVANT,2,SYNTHETIC_DEMO_MAPPING,SYNTHETIC
8160.41,SKL0093,Problem Solving,RELEVANT,2,SYNTHETIC_DEMO_MAPPING,SYNTHETIC
8160.41,SKL0051,Service Operations,RELEVANT,2,SYNTHETIC_DEMO_MAPPING,SYNTHETIC
8160.41,SKL0048,Auto Electrical,RELEVANT,3,SYNTHETIC_DEMO_MAPPING,SYNTHETIC
8160.41,SKL0097,Team Management,RELEVANT,2,SYNTHETIC_DEMO_MAPPING,SYNTHETIC
8160.41,SKL0050,Automotive CAD,RELEVANT,1,SYNTHETIC_DEMO_MAPPING,SYNTHETIC
8160.42,SKL0023,Embedded Systems,RELEVANT,3,SYNTHETIC_DEMO_MAPPING,SYNTHETIC
8160.42,SKL0090,Logistics Planning,RELEVANT,2,SYNTHETIC_DEMO_MAPPING,SYNTHETIC
8160.42,SKL0030,AutoCAD Electrical,RELEVANT,4,SYNTHETIC_DEMO_MAPPING,SYNTHETIC
8160.42,SKL0092,Communication,RELEVANT,2,SYNTHETIC_DEMO_MAPPING,SYNTHETIC
8160.43,SKL0046,EV Battery Maintenance,RELEVANT,2,SYNTHETIC_DEMO_MAPPING,SYNTHETIC
8160.43,SKL0098,English Communication,RELEVANT,3,SYNTHETIC_DEMO_MAPPING,SYNTHETIC
8160.43,SKL0088,Fleet Management,RELEVANT,4,SYNTHETIC_DEMO_MAPPING,SYNTHETIC
8160.43,SKL0050,Automotive CAD,RELEVANT,2,SYNTHETIC_DEMO_MAPPING,SYNTHETIC
8160.44,SKL0067,Healthcare Administration,RELEVANT,4,SYNTHETIC_DEMO_MAPPING,SYNTHETIC
8160.44,SKL0093,Problem Solving,RELEVANT,4,SYNTHETIC_DEMO_MAPPING,SYNTHETIC
8160.44,SKL0096,Digital Literacy,RELEVANT,1,SYNTHETIC_DEMO_MAPPING,SYNTHETIC
8160.44,SKL0063,Clinical Documentation,RELEVANT,3,SYNTHETIC_DEMO_MAPPING,SYNTHETIC
8160.44,SKL0095,Workplace Safety,RELEVANT,3,SYNTHETIC_DEMO_MAPPING,SYNTHETIC
8160.45,SKL0021,PLC,RELEVANT,1,SYNTHETIC_DEMO_MAPPING,SYNTHETIC
8160.45,SKL0073,Business Analysis,RELEVANT,2,SYNTHETIC_DEMO_MAPPING,SYNTHETIC
8160.45,SKL0001,Python,RELEVANT,2,SYNTHETIC_DEMO_MAPPING,SYNTHETIC
8160.46,SKL0087,Supply Chain Management,RELEVANT,2,SYNTHETIC_DEMO_MAPPING,SYNTHETIC
8160.46,SKL0088,Fleet Management,RELEVANT,3,SYNTHETIC_DEMO_MAPPING,SYNTHETIC
8160.46,SKL0090,Logistics Planning,RELEVANT,4,SYNTHETIC_DEMO_MAPPING,SYNTHETIC
8160.47,SKL0045,Battery Management Systems,RELEVANT,3,SYNTHETIC_DEMO_MAPPING,SYNTHETIC
8160.47,SKL0048,Auto Electrical,RELEVANT,1,SYNTHETIC_DEMO_MAPPING,SYNTHETIC
8160.48,SKL0035,Quality Control,RELEVANT,4,SYNTHETIC_DEMO_MAPPING,SYNTHETIC
8160.48,SKL0046,EV Battery Maintenance,RELEVANT,1,SYNTHETIC_DEMO_MAPPING,SYNTHETIC
8160.48,SKL0050,Automotive CAD,RELEVANT,4,SYNTHETIC_DEMO_MAPPING,SYNTHETIC
8160.48,SKL0051,Service Operations,RELEVANT,1,SYNTHETIC_DEMO_MAPPING,SYNTHETIC
8160.48,SKL0033,Machine Maintenance,RELEVANT,1,SYNTHETIC_DEMO_MAPPING,SYNTHETIC
8160.49,SKL0049,Electric Motor Systems,RELEVANT,1,SYNTHETIC_DEMO_MAPPING,SYNTHETIC
8160.49,SKL0093,Problem Solving,RELEVANT,1,SYNTHETIC_DEMO_MAPPING,SYNTHETIC
8160.49,SKL0097,Team Management,RELEVANT,3,SYNTHETIC_DEMO_MAPPING,SYNTHETIC
8160.49,SKL0043,Automotive Diagnostics,RELEVANT,2,SYNTHETIC_DEMO_MAPPING,SYNTHETIC
8160.5,SKL0098,English Communication,RELEVANT,2,SYNTHETIC_DEMO_MAPPING,SYNTHETIC
8160.5,SKL0093,Problem Solving,RELEVANT,1,SYNTHETIC_DEMO_MAPPING,SYNTHETIC
8160.51,SKL0092,Communication,RELEVANT,2,SYNTHETIC_DEMO_MAPPING,SYNTHETIC
8160.51,SKL0094,Microsoft Excel,RELEVANT,2,SYNTHETIC_DEMO_MAPPING,SYNTHETIC
8160.51,SKL0098,English Communication,RELEVANT,3,SYNTHETIC_DEMO_MAPPING,SYNTHETIC
8160.51,SKL0095,Workplace Safety,RELEVANT,1,SYNTHETIC_DEMO_MAPPING,SYNTHETIC
8160.52,SKL0093,Problem Solving,RELEVANT,1,SYNTHETIC_DEMO_MAPPING,SYNTHETIC
8160.52,SKL0094,Microsoft Excel,RELEVANT,3,SYNTHETIC_DEMO_MAPPING,SYNTHETIC
8160.52,SKL0092,Communication,RELEVANT,2,SYNTHETIC_DEMO_MAPPING,SYNTHETIC
8160.53,SKL0092,Communication,RELEVANT,1,SYNTHETIC_DEMO_MAPPING,SYNTHETIC
8160.53,SKL0097,Team Management,RELEVANT,2,SYNTHETIC_DEMO_MAPPING,SYNTHETIC
8160.53,SKL0096,Digital Literacy,RELEVANT,3,SYNTHETIC_DEMO_MAPPING,SYNTHETIC
8160.53,SKL0098,English Communication,RELEVANT,1,SYNTHETIC_DEMO_MAPPING,SYNTHETIC
8160.54,SKL0031,CNC Programming,RELEVANT,1,SYNTHETIC_DEMO_MAPPING,SYNTHETIC
8160.54,SKL0097,Team Management,RELEVANT,3,SYNTHETIC_DEMO_MAPPING,SYNTHETIC
8160.55,SKL0094,Microsoft Excel,RELEVANT,1,SYNTHETIC_DEMO_MAPPING,SYNTHETIC
8160.55,SKL0096,Digital Literacy,RELEVANT,4,SYNTHETIC_DEMO_MAPPING,SYNTHETIC
8160.57,SKL0035,Quality Control,RELEVANT,4,SYNTHETIC_DEMO_MAPPING,SYNTHETIC
8160.57,SKL0033,Machine Maintenance,RELEVANT,4,SYNTHETIC_DEMO_MAPPING,SYNTHETIC
8160.57,SKL0095,Workplace Safety,RELEVANT,3,SYNTHETIC_DEMO_MAPPING,SYNTHETIC
8160.58,SKL0033,Machine Maintenance,RELEVANT,1,SYNTHETIC_DEMO_MAPPING,SYNTHETIC
8160.58,SKL0037,Production Planning,RELEVANT,1,SYNTHETIC_DEMO_MAPPING,SYNTHETIC
8160.58,SKL0034,Welding,RELEVANT,2,SYNTHETIC_DEMO_MAPPING,SYNTHETIC
8160.58,SKL0096,Digital Literacy,RELEVANT,2,SYNTHETIC_DEMO_MAPPING,SYNTHETIC
8160.59,SKL0089,Forklift Operation,RELEVANT,3,SYNTHETIC_DEMO_MAPPING,SYNTHETIC
8160.59,SKL0034,Welding,RELEVANT,1,SYNTHETIC_DEMO_MAPPING,SYNTHETIC
8160.59,SKL0035,Quality Control,RELEVANT,3,SYNTHETIC_DEMO_MAPPING,SYNTHETIC
8160.6,SKL0042,SolidWorks,RELEVANT,4,SYNTHETIC_DEMO_MAPPING,SYNTHETIC
8160.6,SKL0093,Problem Solving,RELEVANT,4,SYNTHETIC_DEMO_MAPPING,SYNTHETIC
8160.61,SKL0043,Automotive Diagnostics,RELEVANT,2,SYNTHETIC_DEMO_MAPPING,SYNTHETIC
8160.61,SKL0032,CNC Operation,RELEVANT,4,SYNTHETIC_DEMO_MAPPING,SYNTHETIC
8160.62,SKL0031,CNC Programming,RELEVANT,1,SYNTHETIC_DEMO_MAPPING,SYNTHETIC
8160.62,SKL0036,Lean Manufacturing,RELEVANT,3,SYNTHETIC_DEMO_MAPPING,SYNTHETIC
8160.63,SKL0097,Team Management,RELEVANT,1,SYNTHETIC_DEMO_MAPPING,SYNTHETIC
8160.63,SKL0096,Digital Literacy,RELEVANT,1,SYNTHETIC_DEMO_MAPPING,SYNTHETIC
8160.63,SKL0032,CNC Operation,RELEVANT,3,SYNTHETIC_DEMO_MAPPING,SYNTHETIC
8160.64,SKL0097,Team Management,RELEVANT,4,SYNTHETIC_DEMO_MAPPING,SYNTHETIC
8160.64,SKL0041,AutoCAD,RELEVANT,4,SYNTHETIC_DEMO_MAPPING,SYNTHETIC
8160.64,SKL0035,Quality Control,RELEVANT,3,SYNTHETIC_DEMO_MAPPING,SYNTHETIC
8160.65,SKL0041,AutoCAD,RELEVANT,2,SYNTHETIC_DEMO_MAPPING,SYNTHETIC
8160.65,SKL0038,CNC Turning,RELEVANT,2,SYNTHETIC_DEMO_MAPPING,SYNTHETIC
8160.65,SKL0035,Quality Control,RELEVANT,1,SYNTHETIC_DEMO_MAPPING,SYNTHETIC
8160.65,SKL0093,Problem Solving,RELEVANT,3,SYNTHETIC_DEMO_MAPPING,SYNTHETIC
8160.66,SKL0034,Welding,RELEVANT,4,SYNTHETIC_DEMO_MAPPING,SYNTHETIC
8160.66,SKL0095,Workplace Safety,RELEVANT,3,SYNTHETIC_DEMO_MAPPING,SYNTHETIC
8160.66,SKL0093,Problem Solving,RELEVANT,2,SYNTHETIC_DEMO_MAPPING,SYNTHETIC
8160.68,SKL0049,Electric Motor Systems,RELEVANT,1,SYNTHETIC_DEMO_MAPPING,SYNTHETIC
8160.68,SKL0097,Team Management,RELEVANT,4,SYNTHETIC_DEMO_MAPPING,SYNTHETIC
8160.68,SKL0095,Workplace Safety,RELEVANT,1,SYNTHETIC_DEMO_MAPPING,SYNTHETIC
8160.68,SKL0096,Digital Literacy,RELEVANT,3,SYNTHETIC_DEMO_MAPPING,SYNTHETIC
8160.68,SKL0043,Automotive Diagnostics,RELEVANT,3,SYNTHETIC_DEMO_MAPPING,SYNTHETIC
8160.69,SKL0087,Supply Chain Management,RELEVANT,1,SYNTHETIC_DEMO_MAPPING,SYNTHETIC
8160.69,SKL0098,English Communication,RELEVANT,2,SYNTHETIC_DEMO_MAPPING,SYNTHETIC
8160.69,SKL0085,Warehouse Management,RELEVANT,1,SYNTHETIC_DEMO_MAPPING,SYNTHETIC
8160.69,SKL0091,Route Planning,RELEVANT,3,SYNTHETIC_DEMO_MAPPING,SYNTHETIC
8160.69,SKL0088,Fleet Management,RELEVANT,3,SYNTHETIC_DEMO_MAPPING,SYNTHETIC
8160.7,SKL0043,Automotive Diagnostics,RELEVANT,3,SYNTHETIC_DEMO_MAPPING,SYNTHETIC
8160.7,SKL0051,Service Operations,RELEVANT,1,SYNTHETIC_DEMO_MAPPING,SYNTHETIC
8160.71,SKL0093,Problem Solving,RELEVANT,4,SYNTHETIC_DEMO_MAPPING,SYNTHETIC
8160.71,SKL0098,English Communication,RELEVANT,2,SYNTHETIC_DEMO_MAPPING,SYNTHETIC
8160.71,SKL0096,Digital Literacy,RELEVANT,2,SYNTHETIC_DEMO_MAPPING,SYNTHETIC
8160.72,SKL0098,English Communication,RELEVANT,1,SYNTHETIC_DEMO_MAPPING,SYNTHETIC
8160.72,SKL0031,CNC Programming,RELEVANT,1,SYNTHETIC_DEMO_MAPPING,SYNTHETIC
8160.72,SKL0035,Quality Control,RELEVANT,1,SYNTHETIC_DEMO_MAPPING,SYNTHETIC
8160.72,SKL0042,SolidWorks,RELEVANT,2,SYNTHETIC_DEMO_MAPPING,SYNTHETIC
8160.72,SKL0032,CNC Operation,RELEVANT,2,SYNTHETIC_DEMO_MAPPING,SYNTHETIC
8160.73,SKL0040,Mechanical Assembly,RELEVANT,3,SYNTHETIC_DEMO_MAPPING,SYNTHETIC
8160.73,SKL0038,CNC Turning,RELEVANT,4,SYNTHETIC_DEMO_MAPPING,SYNTHETIC
8160.73,SKL0041,AutoCAD,RELEVANT,4,SYNTHETIC_DEMO_MAPPING,SYNTHETIC
8160.74,SKL0031,CNC Programming,RELEVANT,3,SYNTHETIC_DEMO_MAPPING,SYNTHETIC
8160.74,SKL0039,CNC Milling,RELEVANT,2,SYNTHETIC_DEMO_MAPPING,SYNTHETIC
8160.74,SKL0034,Welding,RELEVANT,1,SYNTHETIC_DEMO_MAPPING,SYNTHETIC
8160.74,SKL0037,Production Planning,RELEVANT,1,SYNTHETIC_DEMO_MAPPING,SYNTHETIC
8160.74,SKL0042,SolidWorks,RELEVANT,1,SYNTHETIC_DEMO_MAPPING,SYNTHETIC
8160.75,SKL0093,Problem Solving,RELEVANT,2,SYNTHETIC_DEMO_MAPPING,SYNTHETIC
8160.75,SKL0098,English Communication,RELEVANT,1,SYNTHETIC_DEMO_MAPPING,SYNTHETIC
8160.76,SKL0095,Workplace Safety,RELEVANT,3,SYNTHETIC_DEMO_MAPPING,SYNTHETIC
8160.76,SKL0098,English Communication,RELEVANT,2,SYNTHETIC_DEMO_MAPPING,SYNTHETIC
8160.76,SKL0096,Digital Literacy,RELEVANT,1,SYNTHETIC_DEMO_MAPPING,SYNTHETIC
8160.76,SKL0092,Communication,RELEVANT,4,SYNTHETIC_DEMO_MAPPING,SYNTHETIC
8160.76,SKL0097,Team Management,RELEVANT,1,SYNTHETIC_DEMO_MAPPING,SYNTHETIC
8160.77,SKL0097,Team Management,RELEVANT,3,SYNTHETIC_DEMO_MAPPING,SYNTHETIC
8160.77,SKL0094,Microsoft Excel,RELEVANT,2,SYNTHETIC_DEMO_MAPPING,SYNTHETIC
8160.77,SKL0095,Workplace Safety,RELEVANT,4,SYNTHETIC_DEMO_MAPPING,SYNTHETIC
8160.77,SKL0092,Communication,RELEVANT,1,SYNTHETIC_DEMO_MAPPING,SYNTHETIC
8160.78,SKL0046,EV Battery Maintenance,RELEVANT,3,SYNTHETIC_DEMO_MAPPING,SYNTHETIC
8160.78,SKL0050,Automotive CAD,RELEVANT,2,SYNTHETIC_DEMO_MAPPING,SYNTHETIC
8160.79,SKL0097,Team Management,RELEVANT,3,SYNTHETIC_DEMO_MAPPING,SYNTHETIC
8160.79,SKL0092,Communication,RELEVANT,3,SYNTHETIC_DEMO_MAPPING,SYNTHETIC
8160.79,SKL0095,Workplace Safety,RELEVANT,4,SYNTHETIC_DEMO_MAPPING,SYNTHETIC
8160.79,SKL0094,Microsoft Excel,RELEVANT,4,SYNTHETIC_DEMO_MAPPING,SYNTHETIC
8160.79,SKL0093,Problem Solving,RELEVANT,3,SYNTHETIC_DEMO_MAPPING,SYNTHETIC
8160.8,SKL0049,Electric Motor Systems,RELEVANT,1,SYNTHETIC_DEMO_MAPPING,SYNTHETIC
8160.8,SKL0096,Digital Literacy,RELEVANT,4,SYNTHETIC_DEMO_MAPPING,SYNTHETIC
8160.8,SKL0034,Welding,RELEVANT,1,SYNTHETIC_DEMO_MAPPING,SYNTHETIC
8160.8,SKL0032,CNC Operation,RELEVANT,2,SYNTHETIC_DEMO_MAPPING,SYNTHETIC
8160.8,SKL0051,Service Operations,RELEVANT,1,SYNTHETIC_DEMO_MAPPING,SYNTHETIC
8160.81,SKL0097,Team Management,RELEVANT,2,SYNTHETIC_DEMO_MAPPING,SYNTHETIC
8160.81,SKL0095,Workplace Safety,RELEVANT,3,SYNTHETIC_DEMO_MAPPING,SYNTHETIC
8160.81,SKL0042,SolidWorks,RELEVANT,2,SYNTHETIC_DEMO_MAPPING,SYNTHETIC
8160.82,SKL0095,Workplace Safety,RELEVANT,3,SYNTHETIC_DEMO_MAPPING,SYNTHETIC
8160.82,SKL0031,CNC Programming,RELEVANT,4,SYNTHETIC_DEMO_MAPPING,SYNTHETIC
8160.83,SKL0035,Quality Control,RELEVANT,2,SYNTHETIC_DEMO_MAPPING,SYNTHETIC
8160.83,SKL0094,Microsoft Excel,RELEVANT,1,SYNTHETIC_DEMO_MAPPING,SYNTHETIC
8160.83,SKL0041,AutoCAD,RELEVANT,4,SYNTHETIC_DEMO_MAPPING,SYNTHETIC
8160.83,SKL0092,Communication,RELEVANT,2,SYNTHETIC_DEMO_MAPPING,SYNTHETIC
8160.83,SKL0037,Production Planning,RELEVANT,2,SYNTHETIC_DEMO_MAPPING,SYNTHETIC
8160.84,SKL0038,CNC Turning,RELEVANT,1,SYNTHETIC_DEMO_MAPPING,SYNTHETIC
8160.84,SKL0043,Automotive Diagnostics,RELEVANT,2,SYNTHETIC_DEMO_MAPPING,SYNTHETIC
8160.84,SKL0050,Automotive CAD,RELEVANT,3,SYNTHETIC_DEMO_MAPPING,SYNTHETIC
8160.84,SKL0092,Communication,RELEVANT,3,SYNTHETIC_DEMO_MAPPING,SYNTHETIC
8160.86,SKL0097,Team Management,RELEVANT,2,SYNTHETIC_DEMO_MAPPING,SYNTHETIC
8160.86,SKL0040,Mechanical Assembly,RELEVANT,2,SYNTHETIC_DEMO_MAPPING,SYNTHETIC
8160.86,SKL0094,Microsoft Excel,RELEVANT,3,SYNTHETIC_DEMO_MAPPING,SYNTHETIC
8160.87,SKL0032,CNC Operation,RELEVANT,1,SYNTHETIC_DEMO_MAPPING,SYNTHETIC
8160.87,SKL0098,English Communication,RELEVANT,4,SYNTHETIC_DEMO_MAPPING,SYNTHETIC
8160.88,SKL0097,Team Management,RELEVANT,3,SYNTHETIC_DEMO_MAPPING,SYNTHETIC
8160.88,SKL0033,Machine Maintenance,RELEVANT,2,SYNTHETIC_DEMO_MAPPING,SYNTHETIC
8160.89,SKL0032,CNC Operation,RELEVANT,3,SYNTHETIC_DEMO_MAPPING,SYNTHETIC
8160.89,SKL0049,Electric Motor Systems,RELEVANT,4,SYNTHETIC_DEMO_MAPPING,SYNTHETIC
8160.89,SKL0093,Problem Solving,RELEVANT,4,SYNTHETIC_DEMO_MAPPING,SYNTHETIC
8160.89,SKL0035,Quality Control,RELEVANT,2,SYNTHETIC_DEMO_MAPPING,SYNTHETIC
8160.99,SKL0095,Workplace Safety,RELEVANT,2,SYNTHETIC_DEMO_MAPPING,SYNTHETIC
8160.99,SKL0036,Lean Manufacturing,RELEVANT,4,SYNTHETIC_DEMO_MAPPING,SYNTHETIC
8160.99,SKL0094,Microsoft Excel,RELEVANT,4,SYNTHETIC_DEMO_MAPPING,SYNTHETIC
8160.99,SKL0042,SolidWorks,RELEVANT,2,SYNTHETIC_DEMO_MAPPING,SYNTHETIC
8171.01,SKL0094,Microsoft Excel,RELEVANT,4,SYNTHETIC_DEMO_MAPPING,SYNTHETIC
8171.01,SKL0035,Quality Control,RELEVANT,1,SYNTHETIC_DEMO_MAPPING,SYNTHETIC
8171.01,SKL0041,AutoCAD,RELEVANT,2,SYNTHETIC_DEMO_MAPPING,SYNTHETIC
8171.02,SKL0050,Automotive CAD,RELEVANT,1,SYNTHETIC_DEMO_MAPPING,SYNTHETIC
8171.02,SKL0052,Two-Wheeler Service,RELEVANT,3,SYNTHETIC_DEMO_MAPPING,SYNTHETIC
8171.02,SKL0039,CNC Milling,RELEVANT,2,SYNTHETIC_DEMO_MAPPING,SYNTHETIC
8171.02,SKL0040,Mechanical Assembly,RELEVANT,3,SYNTHETIC_DEMO_MAPPING,SYNTHETIC
8171.02,SKL0094,Microsoft Excel,RELEVANT,2,SYNTHETIC_DEMO_MAPPING,SYNTHETIC
8171.04,SKL0092,Communication,RELEVANT,2,SYNTHETIC_DEMO_MAPPING,SYNTHETIC
8171.04,SKL0097,Team Management,RELEVANT,4,SYNTHETIC_DEMO_MAPPING,SYNTHETIC
8171.04,SKL0098,English Communication,RELEVANT,2,SYNTHETIC_DEMO_MAPPING,SYNTHETIC
8171.04,SKL0096,Digital Literacy,RELEVANT,2,SYNTHETIC_DEMO_MAPPING,SYNTHETIC
8171.04,SKL0094,Microsoft Excel,RELEVANT,4,SYNTHETIC_DEMO_MAPPING,SYNTHETIC
8171.05,SKL0039,CNC Milling,RELEVANT,4,SYNTHETIC_DEMO_MAPPING,SYNTHETIC
8171.05,SKL0040,Mechanical Assembly,RELEVANT,3,SYNTHETIC_DEMO_MAPPING,SYNTHETIC
8171.05,SKL0096,Digital Literacy,RELEVANT,1,SYNTHETIC_DEMO_MAPPING,SYNTHETIC
8171.05,SKL0033,Machine Maintenance,RELEVANT,4,SYNTHETIC_DEMO_MAPPING,SYNTHETIC
8171.05,SKL0041,AutoCAD,RELEVANT,3,SYNTHETIC_DEMO_MAPPING,SYNTHETIC
8171.06,SKL0094,Microsoft Excel,RELEVANT,2,SYNTHETIC_DEMO_MAPPING,SYNTHETIC
8171.06,SKL0096,Digital Literacy,RELEVANT,1,SYNTHETIC_DEMO_MAPPING,SYNTHETIC
8171.06,SKL0095,Workplace Safety,RELEVANT,1,SYNTHETIC_DEMO_MAPPING,SYNTHETIC
8171.08,SKL0095,Workplace Safety,RELEVANT,2,SYNTHETIC_DEMO_MAPPING,SYNTHETIC
8171.08,SKL0092,Communication,RELEVANT,3,SYNTHETIC_DEMO_MAPPING,SYNTHETIC
8171.08,SKL0093,Problem Solving,RELEVANT,3,SYNTHETIC_DEMO_MAPPING,SYNTHETIC
8171.09,SKL0095,Workplace Safety,RELEVANT,4,SYNTHETIC_DEMO_MAPPING,SYNTHETIC
8171.09,SKL0066,Medical Equipment Maintenance,RELEVANT,1,SYNTHETIC_DEMO_MAPPING,SYNTHETIC
8171.11,SKL0092,Communication,RELEVANT,4,SYNTHETIC_DEMO_MAPPING,SYNTHETIC
8171.11,SKL0097,Team Management,RELEVANT,3,SYNTHETIC_DEMO_MAPPING,SYNTHETIC
8171.11,SKL0094,Microsoft Excel,RELEVANT,2,SYNTHETIC_DEMO_MAPPING,SYNTHETIC
8171.12,SKL0096,Digital Literacy,RELEVANT,1,SYNTHETIC_DEMO_MAPPING,SYNTHETIC
8171.12,SKL0051,Service Operations,RELEVANT,4,SYNTHETIC_DEMO_MAPPING,SYNTHETIC
8171.12,SKL0092,Communication,RELEVANT,4,SYNTHETIC_DEMO_MAPPING,SYNTHETIC
8171.12,SKL0049,Electric Motor Systems,RELEVANT,1,SYNTHETIC_DEMO_MAPPING,SYNTHETIC
8171.12,SKL0031,CNC Programming,RELEVANT,4,SYNTHETIC_DEMO_MAPPING,SYNTHETIC
8171.14,SKL0032,CNC Operation,RELEVANT,3,SYNTHETIC_DEMO_MAPPING,SYNTHETIC
8171.14,SKL0094,Microsoft Excel,RELEVANT,2,SYNTHETIC_DEMO_MAPPING,SYNTHETIC
8171.14,SKL0031,CNC Programming,RELEVANT,2,SYNTHETIC_DEMO_MAPPING,SYNTHETIC
8171.14,SKL0093,Problem Solving,RELEVANT,4,SYNTHETIC_DEMO_MAPPING,SYNTHETIC
8171.16,SKL0035,Quality Control,RELEVANT,3,SYNTHETIC_DEMO_MAPPING,SYNTHETIC
8171.16,SKL0041,AutoCAD,RELEVANT,4,SYNTHETIC_DEMO_MAPPING,SYNTHETIC
8171.17,SKL0095,Workplace Safety,RELEVANT,4,SYNTHETIC_DEMO_MAPPING,SYNTHETIC
8171.17,SKL0093,Problem Solving,RELEVANT,3,SYNTHETIC_DEMO_MAPPING,SYNTHETIC
8171.17,SKL0092,Communication,RELEVANT,2,SYNTHETIC_DEMO_MAPPING,SYNTHETIC
8171.18,SKL0096,Digital Literacy,RELEVANT,2,SYNTHETIC_DEMO_MAPPING,SYNTHETIC
8171.18,SKL0098,English Communication,RELEVANT,3,SYNTHETIC_DEMO_MAPPING,SYNTHETIC
8171.19,SKL0094,Microsoft Excel,RELEVANT,1,SYNTHETIC_DEMO_MAPPING,SYNTHETIC
8171.19,SKL0095,Workplace Safety,RELEVANT,3,SYNTHETIC_DEMO_MAPPING,SYNTHETIC
8171.19,SKL0096,Digital Literacy,RELEVANT,2,SYNTHETIC_DEMO_MAPPING,SYNTHETIC
8171.19,SKL0097,Team Management,RELEVANT,4,SYNTHETIC_DEMO_MAPPING,SYNTHETIC
8171.2,SKL0092,Communication,RELEVANT,3,SYNTHETIC_DEMO_MAPPING,SYNTHETIC
8171.2,SKL0096,Digital Literacy,RELEVANT,2,SYNTHETIC_DEMO_MAPPING,SYNTHETIC
8171.2,SKL0093,Problem Solving,RELEVANT,3,SYNTHETIC_DEMO_MAPPING,SYNTHETIC
8171.21,SKL0096,Digital Literacy,RELEVANT,2,SYNTHETIC_DEMO_MAPPING,SYNTHETIC
8171.21,SKL0098,English Communication,RELEVANT,4,SYNTHETIC_DEMO_MAPPING,SYNTHETIC
8171.22,SKL0096,Digital Literacy,RELEVANT,3,SYNTHETIC_DEMO_MAPPING,SYNTHETIC
8171.22,SKL0095,Workplace Safety,RELEVANT,3,SYNTHETIC_DEMO_MAPPING,SYNTHETIC
8171.22,SKL0093,Problem Solving,RELEVANT,4,SYNTHETIC_DEMO_MAPPING,SYNTHETIC
8171.24,SKL0032,CNC Operation,RELEVANT,4,SYNTHETIC_DEMO_MAPPING,SYNTHETIC
8171.24,SKL0031,CNC Programming,RELEVANT,1,SYNTHETIC_DEMO_MAPPING,SYNTHETIC
8171.25,SKL0037,Production Planning,RELEVANT,1,SYNTHETIC_DEMO_MAPPING,SYNTHETIC
8171.25,SKL0032,CNC Operation,RELEVANT,2,SYNTHETIC_DEMO_MAPPING,SYNTHETIC
8171.25,SKL0031,CNC Programming,RELEVANT,3,SYNTHETIC_DEMO_MAPPING,SYNTHETIC
8171.99,SKL0094,Microsoft Excel,RELEVANT,4,SYNTHETIC_DEMO_MAPPING,SYNTHETIC
8171.99,SKL0098,English Communication,RELEVANT,2,SYNTHETIC_DEMO_MAPPING,SYNTHETIC
8171.99,SKL0092,Communication,RELEVANT,4,SYNTHETIC_DEMO_MAPPING,SYNTHETIC
8171.99,SKL0037,Production Planning,RELEVANT,2,SYNTHETIC_DEMO_MAPPING,SYNTHETIC
8171.99,SKL0097,Team Management,RELEVANT,3,SYNTHETIC_DEMO_MAPPING,SYNTHETIC
8172.01,SKL0041,AutoCAD,RELEVANT,3,SYNTHETIC_DEMO_MAPPING,SYNTHETIC
8172.01,SKL0097,Team Management,RELEVANT,2,SYNTHETIC_DEMO_MAPPING,SYNTHETIC
8172.01,SKL0094,Microsoft Excel,RELEVANT,1,SYNTHETIC_DEMO_MAPPING,SYNTHETIC
8172.02,SKL0097,Team Management,RELEVANT,1,SYNTHETIC_DEMO_MAPPING,SYNTHETIC
8172.02,SKL0094,Microsoft Excel,RELEVANT,3,SYNTHETIC_DEMO_MAPPING,SYNTHETIC
8172.02,SKL0032,CNC Operation,RELEVANT,3,SYNTHETIC_DEMO_MAPPING,SYNTHETIC
8172.02,SKL0095,Workplace Safety,RELEVANT,2,SYNTHETIC_DEMO_MAPPING,SYNTHETIC
8172.03,SKL0095,Workplace Safety,RELEVANT,2,SYNTHETIC_DEMO_MAPPING,SYNTHETIC
8172.03,SKL0098,English Communication,RELEVANT,2,SYNTHETIC_DEMO_MAPPING,SYNTHETIC
8172.04,SKL0040,Mechanical Assembly,RELEVANT,4,SYNTHETIC_DEMO_MAPPING,SYNTHETIC
8172.04,SKL0032,CNC Operation,RELEVANT,1,SYNTHETIC_DEMO_MAPPING,SYNTHETIC
8172.07,SKL0036,Lean Manufacturing,RELEVANT,2,SYNTHETIC_DEMO_MAPPING,SYNTHETIC
8172.07,SKL0042,SolidWorks,RELEVANT,2,SYNTHETIC_DEMO_MAPPING,SYNTHETIC
8172.07,SKL0098,English Communication,RELEVANT,4,SYNTHETIC_DEMO_MAPPING,SYNTHETIC
8172.07,SKL0092,Communication,RELEVANT,3,SYNTHETIC_DEMO_MAPPING,SYNTHETIC
8172.08,SKL0039,CNC Milling,RELEVANT,2,SYNTHETIC_DEMO_MAPPING,SYNTHETIC
8172.08,SKL0037,Production Planning,RELEVANT,4,SYNTHETIC_DEMO_MAPPING,SYNTHETIC
8172.08,SKL0033,Machine Maintenance,RELEVANT,1,SYNTHETIC_DEMO_MAPPING,SYNTHETIC
8172.08,SKL0042,SolidWorks,RELEVANT,3,SYNTHETIC_DEMO_MAPPING,SYNTHETIC
8172.08,SKL0095,Workplace Safety,RELEVANT,1,SYNTHETIC_DEMO_MAPPING,SYNTHETIC
8172.09,SKL0094,Microsoft Excel,RELEVANT,2,SYNTHETIC_DEMO_MAPPING,SYNTHETIC
8172.09,SKL0035,Quality Control,RELEVANT,3,SYNTHETIC_DEMO_MAPPING,SYNTHETIC
8172.09,SKL0032,CNC Operation,RELEVANT,2,SYNTHETIC_DEMO_MAPPING,SYNTHETIC
8172.09,SKL0040,Mechanical Assembly,RELEVANT,1,SYNTHETIC_DEMO_MAPPING,SYNTHETIC
8172.1,SKL0034,Welding,RELEVANT,1,SYNTHETIC_DEMO_MAPPING,SYNTHETIC
8172.1,SKL0092,Communication,RELEVANT,2,SYNTHETIC_DEMO_MAPPING,SYNTHETIC
8172.1,SKL0098,English Communication,RELEVANT,1,SYNTHETIC_DEMO_MAPPING,SYNTHETIC
8172.1,SKL0036,Lean Manufacturing,RELEVANT,4,SYNTHETIC_DEMO_MAPPING,SYNTHETIC
8172.1,SKL0038,CNC Turning,RELEVANT,1,SYNTHETIC_DEMO_MAPPING,SYNTHETIC
8172.11,SKL0031,CNC Programming,RELEVANT,1,SYNTHETIC_DEMO_MAPPING,SYNTHETIC
8172.11,SKL0094,Microsoft Excel,RELEVANT,3,SYNTHETIC_DEMO_MAPPING,SYNTHETIC
8172.11,SKL0048,Auto Electrical,RELEVANT,2,SYNTHETIC_DEMO_MAPPING,SYNTHETIC
8172.12,SKL0096,Digital Literacy,RELEVANT,3,SYNTHETIC_DEMO_MAPPING,SYNTHETIC
8172.12,SKL0094,Microsoft Excel,RELEVANT,4,SYNTHETIC_DEMO_MAPPING,SYNTHETIC
8172.12,SKL0095,Workplace Safety,RELEVANT,1,SYNTHETIC_DEMO_MAPPING,SYNTHETIC
8172.12,SKL0092,Communication,RELEVANT,2,SYNTHETIC_DEMO_MAPPING,SYNTHETIC
8172.99,SKL0092,Communication,RELEVANT,3,SYNTHETIC_DEMO_MAPPING,SYNTHETIC
8172.99,SKL0037,Production Planning,RELEVANT,4,SYNTHETIC_DEMO_MAPPING,SYNTHETIC
8181.01,SKL0093,Problem Solving,RELEVANT,2,SYNTHETIC_DEMO_MAPPING,SYNTHETIC
8181.01,SKL0094,Microsoft Excel,RELEVANT,1,SYNTHETIC_DEMO_MAPPING,SYNTHETIC
8181.02,SKL0050,Automotive CAD,RELEVANT,1,SYNTHETIC_DEMO_MAPPING,SYNTHETIC
8181.02,SKL0031,CNC Programming,RELEVANT,1,SYNTHETIC_DEMO_MAPPING,SYNTHETIC
8181.03,SKL0095,Workplace Safety,RELEVANT,1,SYNTHETIC_DEMO_MAPPING,SYNTHETIC
8181.03,SKL0037,Production Planning,RELEVANT,3,SYNTHETIC_DEMO_MAPPING,SYNTHETIC
8181.04,SKL0095,Workplace Safety,RELEVANT,4,SYNTHETIC_DEMO_MAPPING,SYNTHETIC
8181.04,SKL0032,CNC Operation,RELEVANT,4,SYNTHETIC_DEMO_MAPPING,SYNTHETIC
8181.04,SKL0042,SolidWorks,RELEVANT,2,SYNTHETIC_DEMO_MAPPING,SYNTHETIC
8181.04,SKL0036,Lean Manufacturing,RELEVANT,1,SYNTHETIC_DEMO_MAPPING,SYNTHETIC
8181.05,SKL0035,Quality Control,RELEVANT,2,SYNTHETIC_DEMO_MAPPING,SYNTHETIC
8181.05,SKL0093,Problem Solving,RELEVANT,4,SYNTHETIC_DEMO_MAPPING,SYNTHETIC
8181.06,SKL0092,Communication,RELEVANT,1,SYNTHETIC_DEMO_MAPPING,SYNTHETIC
8181.06,SKL0097,Team Management,RELEVANT,3,SYNTHETIC_DEMO_MAPPING,SYNTHETIC
8181.06,SKL0093,Problem Solving,RELEVANT,2,SYNTHETIC_DEMO_MAPPING,SYNTHETIC
8181.07,SKL0041,AutoCAD,RELEVANT,2,SYNTHETIC_DEMO_MAPPING,SYNTHETIC
8181.07,SKL0042,SolidWorks,RELEVANT,2,SYNTHETIC_DEMO_MAPPING,SYNTHETIC
8181.08,SKL0092,Communication,RELEVANT,4,SYNTHETIC_DEMO_MAPPING,SYNTHETIC
8181.08,SKL0097,Team Management,RELEVANT,2,SYNTHETIC_DEMO_MAPPING,SYNTHETIC
8181.1,SKL0035,Quality Control,RELEVANT,3,SYNTHETIC_DEMO_MAPPING,SYNTHETIC
8181.1,SKL0040,Mechanical Assembly,RELEVANT,1,SYNTHETIC_DEMO_MAPPING,SYNTHETIC
8181.11,SKL0092,Communication,RELEVANT,3,SYNTHETIC_DEMO_MAPPING,SYNTHETIC
8181.11,SKL0095,Workplace Safety,RELEVANT,1,SYNTHETIC_DEMO_MAPPING,SYNTHETIC
8181.12,SKL0023,Embedded Systems,RELEVANT,4,SYNTHETIC_DEMO_MAPPING,SYNTHETIC
8181.12,SKL0094,Microsoft Excel,RELEVANT,3,SYNTHETIC_DEMO_MAPPING,SYNTHETIC
8181.12,SKL0062,Medical Coding,RELEVANT,3,SYNTHETIC_DEMO_MAPPING,SYNTHETIC
8181.12,SKL0027,Sensors,RELEVANT,2,SYNTHETIC_DEMO_MAPPING,SYNTHETIC
8181.14,SKL0023,Embedded Systems,RELEVANT,1,SYNTHETIC_DEMO_MAPPING,SYNTHETIC
8181.14,SKL0029,Control Systems,RELEVANT,3,SYNTHETIC_DEMO_MAPPING,SYNTHETIC
8181.14,SKL0097,Team Management,RELEVANT,3,SYNTHETIC_DEMO_MAPPING,SYNTHETIC
8181.14,SKL0024,PCB Design,RELEVANT,2,SYNTHETIC_DEMO_MAPPING,SYNTHETIC
8181.15,SKL0096,Digital Literacy,RELEVANT,4,SYNTHETIC_DEMO_MAPPING,SYNTHETIC
8181.15,SKL0093,Problem Solving,RELEVANT,3,SYNTHETIC_DEMO_MAPPING,SYNTHETIC
8181.15,SKL0057,Civil Drafting,RELEVANT,2,SYNTHETIC_DEMO_MAPPING,SYNTHETIC
8181.15,SKL0098,English Communication,RELEVANT,3,SYNTHETIC_DEMO_MAPPING,SYNTHETIC
8181.16,SKL0097,Team Management,RELEVANT,2,SYNTHETIC_DEMO_MAPPING,SYNTHETIC
8181.16,SKL0095,Workplace Safety,RELEVANT,1,SYNTHETIC_DEMO_MAPPING,SYNTHETIC
8181.16,SKL0092,Communication,RELEVANT,1,SYNTHETIC_DEMO_MAPPING,SYNTHETIC
8181.16,SKL0098,English Communication,RELEVANT,4,SYNTHETIC_DEMO_MAPPING,SYNTHETIC
8181.16,SKL0094,Microsoft Excel,RELEVANT,1,SYNTHETIC_DEMO_MAPPING,SYNTHETIC
8181.17,SKL0094,Microsoft Excel,RELEVANT,2,SYNTHETIC_DEMO_MAPPING,SYNTHETIC
8181.17,SKL0097,Team Management,RELEVANT,3,SYNTHETIC_DEMO_MAPPING,SYNTHETIC
8181.17,SKL0096,Digital Literacy,RELEVANT,2,SYNTHETIC_DEMO_MAPPING,SYNTHETIC
8181.17,SKL0095,Workplace Safety,RELEVANT,3,SYNTHETIC_DEMO_MAPPING,SYNTHETIC
8181.17,SKL0093,Problem Solving,RELEVANT,4,SYNTHETIC_DEMO_MAPPING,SYNTHETIC
8181.18,SKL0060,Structural Analysis,RELEVANT,4,SYNTHETIC_DEMO_MAPPING,SYNTHETIC
8181.18,SKL0057,Civil Drafting,RELEVANT,1,SYNTHETIC_DEMO_MAPPING,SYNTHETIC
8181.18,SKL0054,Quantity Surveying,RELEVANT,1,SYNTHETIC_DEMO_MAPPING,SYNTHETIC
8181.18,SKL0055,Site Supervision,RELEVANT,4,SYNTHETIC_DEMO_MAPPING,SYNTHETIC
8181.18,SKL0096,Digital Literacy,RELEVANT,3,SYNTHETIC_DEMO_MAPPING,SYNTHETIC
8181.19,SKL0093,Problem Solving,RELEVANT,4,SYNTHETIC_DEMO_MAPPING,SYNTHETIC
8181.19,SKL0043,Automotive Diagnostics,RELEVANT,4,SYNTHETIC_DEMO_MAPPING,SYNTHETIC
8181.2,SKL0034,Welding,RELEVANT,2,SYNTHETIC_DEMO_MAPPING,SYNTHETIC
8181.2,SKL0041,AutoCAD,RELEVANT,1,SYNTHETIC_DEMO_MAPPING,SYNTHETIC
8181.2,SKL0098,English Communication,RELEVANT,2,SYNTHETIC_DEMO_MAPPING,SYNTHETIC
8181.2,SKL0094,Microsoft Excel,RELEVANT,4,SYNTHETIC_DEMO_MAPPING,SYNTHETIC
8181.21,SKL0038,CNC Turning,RELEVANT,2,SYNTHETIC_DEMO_MAPPING,SYNTHETIC
8181.21,SKL0037,Production Planning,RELEVANT,3,SYNTHETIC_DEMO_MAPPING,SYNTHETIC
8181.22,SKL0032,CNC Operation,RELEVANT,4,SYNTHETIC_DEMO_MAPPING,SYNTHETIC
8181.22,SKL0097,Team Management,RELEVANT,2,SYNTHETIC_DEMO_MAPPING,SYNTHETIC
8181.22,SKL0036,Lean Manufacturing,RELEVANT,3,SYNTHETIC_DEMO_MAPPING,SYNTHETIC
8181.22,SKL0038,CNC Turning,RELEVANT,4,SYNTHETIC_DEMO_MAPPING,SYNTHETIC
8181.22,SKL0034,Welding,RELEVANT,4,SYNTHETIC_DEMO_MAPPING,SYNTHETIC
8181.23,SKL0031,CNC Programming,RELEVANT,2,SYNTHETIC_DEMO_MAPPING,SYNTHETIC
8181.23,SKL0039,CNC Milling,RELEVANT,1,SYNTHETIC_DEMO_MAPPING,SYNTHETIC
8181.24,SKL0037,Production Planning,RELEVANT,4,SYNTHETIC_DEMO_MAPPING,SYNTHETIC
8181.24,SKL0094,Microsoft Excel,RELEVANT,4,SYNTHETIC_DEMO_MAPPING,SYNTHETIC
8181.24,SKL0093,Problem Solving,RELEVANT,3,SYNTHETIC_DEMO_MAPPING,SYNTHETIC
8181.24,SKL0039,CNC Milling,RELEVANT,4,SYNTHETIC_DEMO_MAPPING,SYNTHETIC
8181.25,SKL0051,Service Operations,RELEVANT,2,SYNTHETIC_DEMO_MAPPING,SYNTHETIC
8181.25,SKL0096,Digital Literacy,RELEVANT,3,SYNTHETIC_DEMO_MAPPING,SYNTHETIC
8181.25,SKL0043,Automotive Diagnostics,RELEVANT,3,SYNTHETIC_DEMO_MAPPING,SYNTHETIC
8181.25,SKL0037,Production Planning,RELEVANT,4,SYNTHETIC_DEMO_MAPPING,SYNTHETIC
8181.25,SKL0038,CNC Turning,RELEVANT,3,SYNTHETIC_DEMO_MAPPING,SYNTHETIC
8181.26,SKL0096,Digital Literacy,RELEVANT,4,SYNTHETIC_DEMO_MAPPING,SYNTHETIC
8181.26,SKL0092,Communication,RELEVANT,1,SYNTHETIC_DEMO_MAPPING,SYNTHETIC
8181.26,SKL0034,Welding,RELEVANT,3,SYNTHETIC_DEMO_MAPPING,SYNTHETIC
8181.26,SKL0098,English Communication,RELEVANT,3,SYNTHETIC_DEMO_MAPPING,SYNTHETIC
8181.26,SKL0095,Workplace Safety,RELEVANT,3,SYNTHETIC_DEMO_MAPPING,SYNTHETIC
8181.27,SKL0046,EV Battery Maintenance,RELEVANT,2,SYNTHETIC_DEMO_MAPPING,SYNTHETIC
8181.27,SKL0052,Two-Wheeler Service,RELEVANT,3,SYNTHETIC_DEMO_MAPPING,SYNTHETIC
8181.27,SKL0096,Digital Literacy,RELEVANT,2,SYNTHETIC_DEMO_MAPPING,SYNTHETIC
8181.27,SKL0098,English Communication,RELEVANT,2,SYNTHETIC_DEMO_MAPPING,SYNTHETIC
8181.27,SKL0037,Production Planning,RELEVANT,4,SYNTHETIC_DEMO_MAPPING,SYNTHETIC
8181.28,SKL0092,Communication,RELEVANT,3,SYNTHETIC_DEMO_MAPPING,SYNTHETIC
8181.28,SKL0098,English Communication,RELEVANT,2,SYNTHETIC_DEMO_MAPPING,SYNTHETIC
8181.28,SKL0093,Problem Solving,RELEVANT,1,SYNTHETIC_DEMO_MAPPING,SYNTHETIC
8181.28,SKL0094,Microsoft Excel,RELEVANT,1,SYNTHETIC_DEMO_MAPPING,SYNTHETIC
8181.29,SKL0094,Microsoft Excel,RELEVANT,1,SYNTHETIC_DEMO_MAPPING,SYNTHETIC
8181.29,SKL0037,Production Planning,RELEVANT,4,SYNTHETIC_DEMO_MAPPING,SYNTHETIC
8181.29,SKL0039,CNC Milling,RELEVANT,2,SYNTHETIC_DEMO_MAPPING,SYNTHETIC
8181.29,SKL0041,AutoCAD,RELEVANT,1,SYNTHETIC_DEMO_MAPPING,SYNTHETIC
8181.29,SKL0093,Problem Solving,RELEVANT,2,SYNTHETIC_DEMO_MAPPING,SYNTHETIC
8181.3,SKL0085,Warehouse Management,RELEVANT,3,SYNTHETIC_DEMO_MAPPING,SYNTHETIC
8181.3,SKL0031,CNC Programming,RELEVANT,4,SYNTHETIC_DEMO_MAPPING,SYNTHETIC
8181.31,SKL0057,Civil Drafting,RELEVANT,3,SYNTHETIC_DEMO_MAPPING,SYNTHETIC
8181.31,SKL0034,Welding,RELEVANT,4,SYNTHETIC_DEMO_MAPPING,SYNTHETIC
8181.31,SKL0092,Communication,RELEVANT,2,SYNTHETIC_DEMO_MAPPING,SYNTHETIC
8181.31,SKL0086,Inventory Management,RELEVANT,4,SYNTHETIC_DEMO_MAPPING,SYNTHETIC
8181.31,SKL0094,Microsoft Excel,RELEVANT,2,SYNTHETIC_DEMO_MAPPING,SYNTHETIC
8181.32,SKL0093,Problem Solving,RELEVANT,4,SYNTHETIC_DEMO_MAPPING,SYNTHETIC
8181.32,SKL0041,AutoCAD,RELEVANT,2,SYNTHETIC_DEMO_MAPPING,SYNTHETIC
8181.32,SKL0034,Welding,RELEVANT,2,SYNTHETIC_DEMO_MAPPING,SYNTHETIC
8181.33,SKL0097,Team Management,RELEVANT,3,SYNTHETIC_DEMO_MAPPING,SYNTHETIC
8181.33,SKL0038,CNC Turning,RELEVANT,4,SYNTHETIC_DEMO_MAPPING,SYNTHETIC
8181.33,SKL0094,Microsoft Excel,RELEVANT,4,SYNTHETIC_DEMO_MAPPING,SYNTHETIC
8181.33,SKL0037,Production Planning,RELEVANT,2,SYNTHETIC_DEMO_MAPPING,SYNTHETIC
8181.33,SKL0033,Machine Maintenance,RELEVANT,3,SYNTHETIC_DEMO_MAPPING,SYNTHETIC
8181.34,SKL0026,IoT,RELEVANT,1,SYNTHETIC_DEMO_MAPPING,SYNTHETIC
8181.34,SKL0022,SCADA,RELEVANT,4,SYNTHETIC_DEMO_MAPPING,SYNTHETIC
8181.34,SKL0093,Problem Solving,RELEVANT,1,SYNTHETIC_DEMO_MAPPING,SYNTHETIC
8181.34,SKL0029,Control Systems,RELEVANT,2,SYNTHETIC_DEMO_MAPPING,SYNTHETIC
8181.99,SKL0095,Workplace Safety,RELEVANT,1,SYNTHETIC_DEMO_MAPPING,SYNTHETIC
8181.99,SKL0093,Problem Solving,RELEVANT,4,SYNTHETIC_DEMO_MAPPING,SYNTHETIC
8181.99,SKL0094,Microsoft Excel,RELEVANT,2,SYNTHETIC_DEMO_MAPPING,SYNTHETIC
8181.99,SKL0098,English Communication,RELEVANT,2,SYNTHETIC_DEMO_MAPPING,SYNTHETIC
8181.99,SKL0096,Digital Literacy,RELEVANT,2,SYNTHETIC_DEMO_MAPPING,SYNTHETIC
8182.01,SKL0059,Project Planning,RELEVANT,4,SYNTHETIC_DEMO_MAPPING,SYNTHETIC
8182.01,SKL0090,Logistics Planning,RELEVANT,1,SYNTHETIC_DEMO_MAPPING,SYNTHETIC
8182.01,SKL0086,Inventory Management,RELEVANT,2,SYNTHETIC_DEMO_MAPPING,SYNTHETIC
8182.02,SKL0052,Two-Wheeler Service,RELEVANT,3,SYNTHETIC_DEMO_MAPPING,SYNTHETIC
8182.02,SKL0087,Supply Chain Management,RELEVANT,4,SYNTHETIC_DEMO_MAPPING,SYNTHETIC
8182.02,SKL0071,Financial Analysis,RELEVANT,4,SYNTHETIC_DEMO_MAPPING,SYNTHETIC
8182.03,SKL0043,Automotive Diagnostics,RELEVANT,4,SYNTHETIC_DEMO_MAPPING,SYNTHETIC
8182.03,SKL0052,Two-Wheeler Service,RELEVANT,2,SYNTHETIC_DEMO_MAPPING,SYNTHETIC
8182.04,SKL0087,Supply Chain Management,RELEVANT,4,SYNTHETIC_DEMO_MAPPING,SYNTHETIC
8182.04,SKL0091,Route Planning,RELEVANT,1,SYNTHETIC_DEMO_MAPPING,SYNTHETIC
8182.05,SKL0097,Team Management,RELEVANT,2,SYNTHETIC_DEMO_MAPPING,SYNTHETIC
8182.05,SKL0096,Digital Literacy,RELEVANT,4,SYNTHETIC_DEMO_MAPPING,SYNTHETIC
8182.05,SKL0094,Microsoft Excel,RELEVANT,2,SYNTHETIC_DEMO_MAPPING,SYNTHETIC
8182.05,SKL0092,Communication,RELEVANT,4,SYNTHETIC_DEMO_MAPPING,SYNTHETIC
8182.05,SKL0095,Workplace Safety,RELEVANT,3,SYNTHETIC_DEMO_MAPPING,SYNTHETIC
8182.06,SKL0040,Mechanical Assembly,RELEVANT,4,SYNTHETIC_DEMO_MAPPING,SYNTHETIC
8182.06,SKL0095,Workplace Safety,RELEVANT,4,SYNTHETIC_DEMO_MAPPING,SYNTHETIC
8182.06,SKL0035,Quality Control,RELEVANT,1,SYNTHETIC_DEMO_MAPPING,SYNTHETIC
8182.06,SKL0034,Welding,RELEVANT,3,SYNTHETIC_DEMO_MAPPING,SYNTHETIC
8182.06,SKL0037,Production Planning,RELEVANT,1,SYNTHETIC_DEMO_MAPPING,SYNTHETIC
8182.08,SKL0090,Logistics Planning,RELEVANT,1,SYNTHETIC_DEMO_MAPPING,SYNTHETIC
8182.08,SKL0093,Problem Solving,RELEVANT,1,SYNTHETIC_DEMO_MAPPING,SYNTHETIC
8182.08,SKL0098,English Communication,RELEVANT,3,SYNTHETIC_DEMO_MAPPING,SYNTHETIC
8182.08,SKL0095,Workplace Safety,RELEVANT,1,SYNTHETIC_DEMO_MAPPING,SYNTHETIC
8182.99,SKL0098,English Communication,RELEVANT,3,SYNTHETIC_DEMO_MAPPING,SYNTHETIC
8182.99,SKL0093,Problem Solving,RELEVANT,2,SYNTHETIC_DEMO_MAPPING,SYNTHETIC
8182.99,SKL0094,Microsoft Excel,RELEVANT,4,SYNTHETIC_DEMO_MAPPING,SYNTHETIC
8183.01,SKL0042,SolidWorks,RELEVANT,4,SYNTHETIC_DEMO_MAPPING,SYNTHETIC
8183.01,SKL0095,Workplace Safety,RELEVANT,1,SYNTHETIC_DEMO_MAPPING,SYNTHETIC
8183.01,SKL0032,CNC Operation,RELEVANT,3,SYNTHETIC_DEMO_MAPPING,SYNTHETIC
8183.01,SKL0059,Project Planning,RELEVANT,3,SYNTHETIC_DEMO_MAPPING,SYNTHETIC
8183.01,SKL0093,Problem Solving,RELEVANT,1,SYNTHETIC_DEMO_MAPPING,SYNTHETIC
8189.01,SKL0036,Lean Manufacturing,RELEVANT,3,SYNTHETIC_DEMO_MAPPING,SYNTHETIC
8189.01,SKL0095,Workplace Safety,RELEVANT,1,SYNTHETIC_DEMO_MAPPING,SYNTHETIC
8189.02,SKL0093,Problem Solving,RELEVANT,4,SYNTHETIC_DEMO_MAPPING,SYNTHETIC
8189.02,SKL0042,SolidWorks,RELEVANT,2,SYNTHETIC_DEMO_MAPPING,SYNTHETIC
8189.0301,SKL0039,CNC Milling,RELEVANT,3,SYNTHETIC_DEMO_MAPPING,SYNTHETIC
8189.0301,SKL0094,Microsoft Excel,RELEVANT,1,SYNTHETIC_DEMO_MAPPING,SYNTHETIC
8189.0301,SKL0096,Digital Literacy,RELEVANT,1,SYNTHETIC_DEMO_MAPPING,SYNTHETIC
8189.0301,SKL0097,Team Management,RELEVANT,3,SYNTHETIC_DEMO_MAPPING,SYNTHETIC
8189.0301,SKL0035,Quality Control,RELEVANT,1,SYNTHETIC_DEMO_MAPPING,SYNTHETIC
8189.0401,SKL0041,AutoCAD,RELEVANT,2,SYNTHETIC_DEMO_MAPPING,SYNTHETIC
8189.0401,SKL0034,Welding,RELEVANT,4,SYNTHETIC_DEMO_MAPPING,SYNTHETIC
8189.0401,SKL0031,CNC Programming,RELEVANT,4,SYNTHETIC_DEMO_MAPPING,SYNTHETIC
8189.0405,SKL0037,Production Planning,RELEVANT,4,SYNTHETIC_DEMO_MAPPING,SYNTHETIC
8189.0405,SKL0038,CNC Turning,RELEVANT,4,SYNTHETIC_DEMO_MAPPING,SYNTHETIC
8189.0405,SKL0098,English Communication,RELEVANT,3,SYNTHETIC_DEMO_MAPPING,SYNTHETIC
8189.0501,SKL0041,AutoCAD,RELEVANT,3,SYNTHETIC_DEMO_MAPPING,SYNTHETIC
8189.0501,SKL0033,Machine Maintenance,RELEVANT,1,SYNTHETIC_DEMO_MAPPING,SYNTHETIC
8189.0501,SKL0034,Welding,RELEVANT,3,SYNTHETIC_DEMO_MAPPING,SYNTHETIC
8189.0501,SKL0037,Production Planning,RELEVANT,2,SYNTHETIC_DEMO_MAPPING,SYNTHETIC
8189.0601,SKL0048,Auto Electrical,RELEVANT,2,SYNTHETIC_DEMO_MAPPING,SYNTHETIC
8189.0601,SKL0038,CNC Turning,RELEVANT,4,SYNTHETIC_DEMO_MAPPING,SYNTHETIC
8189.0601,SKL0001,Python,RELEVANT,3,SYNTHETIC_DEMO_MAPPING,SYNTHETIC
8189.0601,SKL0033,Machine Maintenance,RELEVANT,3,SYNTHETIC_DEMO_MAPPING,SYNTHETIC
8189.0701,SKL0042,SolidWorks,RELEVANT,3,SYNTHETIC_DEMO_MAPPING,SYNTHETIC
8189.0701,SKL0033,Machine Maintenance,RELEVANT,3,SYNTHETIC_DEMO_MAPPING,SYNTHETIC
8189.0701,SKL0035,Quality Control,RELEVANT,2,SYNTHETIC_DEMO_MAPPING,SYNTHETIC
8189.0701,SKL0049,Electric Motor Systems,RELEVANT,3,SYNTHETIC_DEMO_MAPPING,SYNTHETIC
8211.01,SKL0096,Digital Literacy,RELEVANT,2,SYNTHETIC_DEMO_MAPPING,SYNTHETIC
8211.01,SKL0036,Lean Manufacturing,RELEVANT,1,SYNTHETIC_DEMO_MAPPING,SYNTHETIC
8211.01,SKL0049,Electric Motor Systems,RELEVANT,3,SYNTHETIC_DEMO_MAPPING,SYNTHETIC
8211.01,SKL0037,Production Planning,RELEVANT,2,SYNTHETIC_DEMO_MAPPING,SYNTHETIC
8211.0101,SKL0048,Auto Electrical,RELEVANT,4,SYNTHETIC_DEMO_MAPPING,SYNTHETIC
8211.0101,SKL0094,Microsoft Excel,RELEVANT,3,SYNTHETIC_DEMO_MAPPING,SYNTHETIC
8211.0101,SKL0030,AutoCAD Electrical,RELEVANT,1,SYNTHETIC_DEMO_MAPPING,SYNTHETIC
8211.02,SKL0098,English Communication,RELEVANT,2,SYNTHETIC_DEMO_MAPPING,SYNTHETIC
8211.02,SKL0035,Quality Control,RELEVANT,4,SYNTHETIC_DEMO_MAPPING,SYNTHETIC
8211.02,SKL0027,Sensors,RELEVANT,3,SYNTHETIC_DEMO_MAPPING,SYNTHETIC
8211.02,SKL0033,Machine Maintenance,RELEVANT,3,SYNTHETIC_DEMO_MAPPING,SYNTHETIC
8211.03,SKL0091,Route Planning,RELEVANT,4,SYNTHETIC_DEMO_MAPPING,SYNTHETIC
8211.03,SKL0032,CNC Operation,RELEVANT,4,SYNTHETIC_DEMO_MAPPING,SYNTHETIC
8211.03,SKL0043,Automotive Diagnostics,RELEVANT,2,SYNTHETIC_DEMO_MAPPING,SYNTHETIC
8211.03,SKL0045,Battery Management Systems,RELEVANT,3,SYNTHETIC_DEMO_MAPPING,SYNTHETIC
8211.03,SKL0050,Automotive CAD,RELEVANT,3,SYNTHETIC_DEMO_MAPPING,SYNTHETIC
8211.04,SKL0052,Two-Wheeler Service,RELEVANT,2,SYNTHETIC_DEMO_MAPPING,SYNTHETIC
8211.04,SKL0037,Production Planning,RELEVANT,2,SYNTHETIC_DEMO_MAPPING,SYNTHETIC
8211.04,SKL0051,Service Operations,RELEVANT,4,SYNTHETIC_DEMO_MAPPING,SYNTHETIC
8211.05,SKL0039,CNC Milling,RELEVANT,2,SYNTHETIC_DEMO_MAPPING,SYNTHETIC
8211.05,SKL0024,PCB Design,RELEVANT,1,SYNTHETIC_DEMO_MAPPING,SYNTHETIC
8211.05,SKL0095,Workplace Safety,RELEVANT,4,SYNTHETIC_DEMO_MAPPING,SYNTHETIC
8211.05,SKL0029,Control Systems,RELEVANT,4,SYNTHETIC_DEMO_MAPPING,SYNTHETIC
8211.05,SKL0042,SolidWorks,RELEVANT,1,SYNTHETIC_DEMO_MAPPING,SYNTHETIC
8211.06,SKL0097,Team Management,RELEVANT,1,SYNTHETIC_DEMO_MAPPING,SYNTHETIC
8211.06,SKL0052,Two-Wheeler Service,RELEVANT,4,SYNTHETIC_DEMO_MAPPING,SYNTHETIC
8211.06,SKL0038,CNC Turning,RELEVANT,4,SYNTHETIC_DEMO_MAPPING,SYNTHETIC
8211.06,SKL0035,Quality Control,RELEVANT,2,SYNTHETIC_DEMO_MAPPING,SYNTHETIC
8211.06,SKL0095,Workplace Safety,RELEVANT,3,SYNTHETIC_DEMO_MAPPING,SYNTHETIC
8211.07,SKL0048,Auto Electrical,RELEVANT,2,SYNTHETIC_DEMO_MAPPING,SYNTHETIC
8211.07,SKL0079,Agri Input Management,RELEVANT,3,SYNTHETIC_DEMO_MAPPING,SYNTHETIC
8211.07,SKL0050,Automotive CAD,RELEVANT,3,SYNTHETIC_DEMO_MAPPING,SYNTHETIC
8211.07,SKL0033,Machine Maintenance,RELEVANT,4,SYNTHETIC_DEMO_MAPPING,SYNTHETIC
8211.08,SKL0039,CNC Milling,RELEVANT,4,SYNTHETIC_DEMO_MAPPING,SYNTHETIC
8211.08,SKL0037,Production Planning,RELEVANT,3,SYNTHETIC_DEMO_MAPPING,SYNTHETIC
8211.08,SKL0034,Welding,RELEVANT,3,SYNTHETIC_DEMO_MAPPING,SYNTHETIC
8211.08,SKL0095,Workplace Safety,RELEVANT,4,SYNTHETIC_DEMO_MAPPING,SYNTHETIC
8211.08,SKL0032,CNC Operation,RELEVANT,3,SYNTHETIC_DEMO_MAPPING,SYNTHETIC
8211.09,SKL0038,CNC Turning,RELEVANT,2,SYNTHETIC_DEMO_MAPPING,SYNTHETIC
8211.09,SKL0034,Welding,RELEVANT,4,SYNTHETIC_DEMO_MAPPING,SYNTHETIC
8211.09,SKL0096,Digital Literacy,RELEVANT,1,SYNTHETIC_DEMO_MAPPING,SYNTHETIC
8211.1,SKL0034,Welding,RELEVANT,2,SYNTHETIC_DEMO_MAPPING,SYNTHETIC
8211.1,SKL0095,Workplace Safety,RELEVANT,3,SYNTHETIC_DEMO_MAPPING,SYNTHETIC
8211.1,SKL0055,Site Supervision,RELEVANT,1,SYNTHETIC_DEMO_MAPPING,SYNTHETIC
8211.1,SKL0038,CNC Turning,RELEVANT,4,SYNTHETIC_DEMO_MAPPING,SYNTHETIC
8211.11,SKL0021,PLC,RELEVANT,1,SYNTHETIC_DEMO_MAPPING,SYNTHETIC
8211.11,SKL0070,GST,RELEVANT,3,SYNTHETIC_DEMO_MAPPING,SYNTHETIC
8211.11,SKL0032,CNC Operation,RELEVANT,4,SYNTHETIC_DEMO_MAPPING,SYNTHETIC
8211.12,SKL0046,EV Battery Maintenance,RELEVANT,1,SYNTHETIC_DEMO_MAPPING,SYNTHETIC
8211.12,SKL0096,Digital Literacy,RELEVANT,3,SYNTHETIC_DEMO_MAPPING,SYNTHETIC
8211.1201,SKL0092,Communication,RELEVANT,2,SYNTHETIC_DEMO_MAPPING,SYNTHETIC
8211.1201,SKL0024,PCB Design,RELEVANT,3,SYNTHETIC_DEMO_MAPPING,SYNTHETIC
8211.1202,SKL0039,CNC Milling,RELEVANT,4,SYNTHETIC_DEMO_MAPPING,SYNTHETIC
8211.1202,SKL0042,SolidWorks,RELEVANT,4,SYNTHETIC_DEMO_MAPPING,SYNTHETIC
8211.1202,SKL0045,Battery Management Systems,RELEVANT,1,SYNTHETIC_DEMO_MAPPING,SYNTHETIC
8211.1202,SKL0096,Digital Literacy,RELEVANT,4,SYNTHETIC_DEMO_MAPPING,SYNTHETIC
8211.1202,SKL0047,Vehicle Diagnostics,RELEVANT,1,SYNTHETIC_DEMO_MAPPING,SYNTHETIC
8211.13,SKL0028,Electrical Testing,RELEVANT,2,SYNTHETIC_DEMO_MAPPING,SYNTHETIC
8211.13,SKL0031,CNC Programming,RELEVANT,4,SYNTHETIC_DEMO_MAPPING,SYNTHETIC
8211.13,SKL0032,CNC Operation,RELEVANT,3,SYNTHETIC_DEMO_MAPPING,SYNTHETIC
8211.13,SKL0052,Two-Wheeler Service,RELEVANT,2,SYNTHETIC_DEMO_MAPPING,SYNTHETIC
8211.13,SKL0033,Machine Maintenance,RELEVANT,2,SYNTHETIC_DEMO_MAPPING,SYNTHETIC
8211.14,SKL0037,Production Planning,RELEVANT,1,SYNTHETIC_DEMO_MAPPING,SYNTHETIC
8211.14,SKL0036,Lean Manufacturing,RELEVANT,2,SYNTHETIC_DEMO_MAPPING,SYNTHETIC
8211.14,SKL0039,CNC Milling,RELEVANT,4,SYNTHETIC_DEMO_MAPPING,SYNTHETIC
8211.14,SKL0031,CNC Programming,RELEVANT,3,SYNTHETIC_DEMO_MAPPING,SYNTHETIC
8211.14,SKL0051,Service Operations,RELEVANT,3,SYNTHETIC_DEMO_MAPPING,SYNTHETIC
8212.01,SKL0097,Team Management,RELEVANT,3,SYNTHETIC_DEMO_MAPPING,SYNTHETIC
8212.01,SKL0092,Communication,RELEVANT,2,SYNTHETIC_DEMO_MAPPING,SYNTHETIC
8212.01,SKL0094,Microsoft Excel,RELEVANT,4,SYNTHETIC_DEMO_MAPPING,SYNTHETIC
8212.02,SKL0097,Team Management,RELEVANT,1,SYNTHETIC_DEMO_MAPPING,SYNTHETIC
8212.02,SKL0037,Production Planning,RELEVANT,4,SYNTHETIC_DEMO_MAPPING,SYNTHETIC
8212.03,SKL0030,AutoCAD Electrical,RELEVANT,3,SYNTHETIC_DEMO_MAPPING,SYNTHETIC
8212.03,SKL0051,Service Operations,RELEVANT,2,SYNTHETIC_DEMO_MAPPING,SYNTHETIC
8212.04,SKL0046,EV Battery Maintenance,RELEVANT,2,SYNTHETIC_DEMO_MAPPING,SYNTHETIC
8212.04,SKL0088,Fleet Management,RELEVANT,2,SYNTHETIC_DEMO_MAPPING,SYNTHETIC
8212.0401,SKL0038,CNC Turning,RELEVANT,3,SYNTHETIC_DEMO_MAPPING,SYNTHETIC
8212.0401,SKL0039,CNC Milling,RELEVANT,4,SYNTHETIC_DEMO_MAPPING,SYNTHETIC
8212.0401,SKL0036,Lean Manufacturing,RELEVANT,4,SYNTHETIC_DEMO_MAPPING,SYNTHETIC
8212.0401,SKL0035,Quality Control,RELEVANT,2,SYNTHETIC_DEMO_MAPPING,SYNTHETIC
8212.0401,SKL0034,Welding,RELEVANT,2,SYNTHETIC_DEMO_MAPPING,SYNTHETIC
8212.0402,SKL0029,Control Systems,RELEVANT,1,SYNTHETIC_DEMO_MAPPING,SYNTHETIC
8212.0402,SKL0030,AutoCAD Electrical,RELEVANT,3,SYNTHETIC_DEMO_MAPPING,SYNTHETIC
8212.05,SKL0027,Sensors,RELEVANT,2,SYNTHETIC_DEMO_MAPPING,SYNTHETIC
8212.05,SKL0049,Electric Motor Systems,RELEVANT,2,SYNTHETIC_DEMO_MAPPING,SYNTHETIC
8212.06,SKL0036,Lean Manufacturing,RELEVANT,3,SYNTHETIC_DEMO_MAPPING,SYNTHETIC
8212.06,SKL0033,Machine Maintenance,RELEVANT,4,SYNTHETIC_DEMO_MAPPING,SYNTHETIC
8212.07,SKL0026,IoT,RELEVANT,3,SYNTHETIC_DEMO_MAPPING,SYNTHETIC
8212.07,SKL0093,Problem Solving,RELEVANT,3,SYNTHETIC_DEMO_MAPPING,SYNTHETIC
8212.08,SKL0035,Quality Control,RELEVANT,3,SYNTHETIC_DEMO_MAPPING,SYNTHETIC
8212.08,SKL0024,PCB Design,RELEVANT,3,SYNTHETIC_DEMO_MAPPING,SYNTHETIC
8212.08,SKL0033,Machine Maintenance,RELEVANT,3,SYNTHETIC_DEMO_MAPPING,SYNTHETIC
8212.08,SKL0038,CNC Turning,RELEVANT,1,SYNTHETIC_DEMO_MAPPING,SYNTHETIC
8212.08,SKL0040,Mechanical Assembly,RELEVANT,3,SYNTHETIC_DEMO_MAPPING,SYNTHETIC
8212.09,SKL0093,Problem Solving,RELEVANT,1,SYNTHETIC_DEMO_MAPPING,SYNTHETIC
8212.09,SKL0025,Industrial Automation,RELEVANT,1,SYNTHETIC_DEMO_MAPPING,SYNTHETIC
8212.09,SKL0030,AutoCAD Electrical,RELEVANT,4,SYNTHETIC_DEMO_MAPPING,SYNTHETIC
8212.1,SKL0034,Welding,RELEVANT,3,SYNTHETIC_DEMO_MAPPING,SYNTHETIC
8212.1,SKL0097,Team Management,RELEVANT,3,SYNTHETIC_DEMO_MAPPING,SYNTHETIC
8212.1,SKL0042,SolidWorks,RELEVANT,4,SYNTHETIC_DEMO_MAPPING,SYNTHETIC
8212.1,SKL0093,Problem Solving,RELEVANT,2,SYNTHETIC_DEMO_MAPPING,SYNTHETIC
8212.11,SKL0092,Communication,RELEVANT,1,SYNTHETIC_DEMO_MAPPING,SYNTHETIC
8212.11,SKL0038,CNC Turning,RELEVANT,2,SYNTHETIC_DEMO_MAPPING,SYNTHETIC
8212.11,SKL0095,Workplace Safety,RELEVANT,2,SYNTHETIC_DEMO_MAPPING,SYNTHETIC
8212.11,SKL0096,Digital Literacy,RELEVANT,3,SYNTHETIC_DEMO_MAPPING,SYNTHETIC
8212.12,SKL0042,SolidWorks,RELEVANT,3,SYNTHETIC_DEMO_MAPPING,SYNTHETIC
8212.12,SKL0036,Lean Manufacturing,RELEVANT,2,SYNTHETIC_DEMO_MAPPING,SYNTHETIC
8212.12,SKL0041,AutoCAD,RELEVANT,4,SYNTHETIC_DEMO_MAPPING,SYNTHETIC
8212.12,SKL0087,Supply Chain Management,RELEVANT,3,SYNTHETIC_DEMO_MAPPING,SYNTHETIC
8212.1301,SKL0097,Team Management,RELEVANT,2,SYNTHETIC_DEMO_MAPPING,SYNTHETIC
8212.1301,SKL0092,Communication,RELEVANT,1,SYNTHETIC_DEMO_MAPPING,SYNTHETIC
8212.1301,SKL0096,Digital Literacy,RELEVANT,4,SYNTHETIC_DEMO_MAPPING,SYNTHETIC
8212.1301,SKL0095,Workplace Safety,RELEVANT,2,SYNTHETIC_DEMO_MAPPING,SYNTHETIC
8212.1301,SKL0094,Microsoft Excel,RELEVANT,4,SYNTHETIC_DEMO_MAPPING,SYNTHETIC
8212.1401,SKL0038,CNC Turning,RELEVANT,3,SYNTHETIC_DEMO_MAPPING,SYNTHETIC
8212.1401,SKL0093,Problem Solving,RELEVANT,3,SYNTHETIC_DEMO_MAPPING,SYNTHETIC
8212.1401,SKL0034,Welding,RELEVANT,1,SYNTHETIC_DEMO_MAPPING,SYNTHETIC
8212.1501,SKL0096,Digital Literacy,RELEVANT,3,SYNTHETIC_DEMO_MAPPING,SYNTHETIC
8212.1501,SKL0052,Two-Wheeler Service,RELEVANT,4,SYNTHETIC_DEMO_MAPPING,SYNTHETIC
8212.1501,SKL0046,EV Battery Maintenance,RELEVANT,2,SYNTHETIC_DEMO_MAPPING,SYNTHETIC
8212.1601,SKL0034,Welding,RELEVANT,1,SYNTHETIC_DEMO_MAPPING,SYNTHETIC
8212.1601,SKL0039,CNC Milling,RELEVANT,4,SYNTHETIC_DEMO_MAPPING,SYNTHETIC
8212.1601,SKL0098,English Communication,RELEVANT,2,SYNTHETIC_DEMO_MAPPING,SYNTHETIC
8212.1601,SKL0035,Quality Control,RELEVANT,3,SYNTHETIC_DEMO_MAPPING,SYNTHETIC
8212.1601,SKL0095,Workplace Safety,RELEVANT,1,SYNTHETIC_DEMO_MAPPING,SYNTHETIC
8212.1602,SKL0095,Workplace Safety,RELEVANT,1,SYNTHETIC_DEMO_MAPPING,SYNTHETIC
8212.1602,SKL0033,Machine Maintenance,RELEVANT,2,SYNTHETIC_DEMO_MAPPING,SYNTHETIC
8212.1602,SKL0042,SolidWorks,RELEVANT,1,SYNTHETIC_DEMO_MAPPING,SYNTHETIC
8212.1603,SKL0096,Digital Literacy,RELEVANT,3,SYNTHETIC_DEMO_MAPPING,SYNTHETIC
8212.1603,SKL0035,Quality Control,RELEVANT,3,SYNTHETIC_DEMO_MAPPING,SYNTHETIC
8212.1603,SKL0037,Production Planning,RELEVANT,3,SYNTHETIC_DEMO_MAPPING,SYNTHETIC
8212.1603,SKL0042,SolidWorks,RELEVANT,1,SYNTHETIC_DEMO_MAPPING,SYNTHETIC
8212.1604,SKL0040,Mechanical Assembly,RELEVANT,2,SYNTHETIC_DEMO_MAPPING,SYNTHETIC
8212.1604,SKL0031,CNC Programming,RELEVANT,1,SYNTHETIC_DEMO_MAPPING,SYNTHETIC
8212.1604,SKL0095,Workplace Safety,RELEVANT,4,SYNTHETIC_DEMO_MAPPING,SYNTHETIC
8212.1605,SKL0092,Communication,RELEVANT,3,SYNTHETIC_DEMO_MAPPING,SYNTHETIC
8212.1605,SKL0098,English Communication,RELEVANT,3,SYNTHETIC_DEMO_MAPPING,SYNTHETIC
8212.1605,SKL0097,Team Management,RELEVANT,3,SYNTHETIC_DEMO_MAPPING,SYNTHETIC
8212.1605,SKL0096,Digital Literacy,RELEVANT,2,SYNTHETIC_DEMO_MAPPING,SYNTHETIC
8212.1606,SKL0098,English Communication,RELEVANT,4,SYNTHETIC_DEMO_MAPPING,SYNTHETIC
8212.1606,SKL0033,Machine Maintenance,RELEVANT,4,SYNTHETIC_DEMO_MAPPING,SYNTHETIC
8212.1606,SKL0034,Welding,RELEVANT,4,SYNTHETIC_DEMO_MAPPING,SYNTHETIC
8212.1606,SKL0093,Problem Solving,RELEVANT,4,SYNTHETIC_DEMO_MAPPING,SYNTHETIC
8212.1607,SKL0023,Embedded Systems,RELEVANT,3,SYNTHETIC_DEMO_MAPPING,SYNTHETIC
8212.1607,SKL0098,English Communication,RELEVANT,1,SYNTHETIC_DEMO_MAPPING,SYNTHETIC
8212.1607,SKL0093,Problem Solving,RELEVANT,4,SYNTHETIC_DEMO_MAPPING,SYNTHETIC
8212.1701,SKL0031,CNC Programming,RELEVANT,3,SYNTHETIC_DEMO_MAPPING,SYNTHETIC
8212.1701,SKL0040,Mechanical Assembly,RELEVANT,4,SYNTHETIC_DEMO_MAPPING,SYNTHETIC
8212.1701,SKL0041,AutoCAD,RELEVANT,4,SYNTHETIC_DEMO_MAPPING,SYNTHETIC
8212.1701,SKL0093,Problem Solving,RELEVANT,2,SYNTHETIC_DEMO_MAPPING,SYNTHETIC
8212.1702,SKL0037,Production Planning,RELEVANT,3,SYNTHETIC_DEMO_MAPPING,SYNTHETIC
8212.1702,SKL0033,Machine Maintenance,RELEVANT,1,SYNTHETIC_DEMO_MAPPING,SYNTHETIC
8212.1702,SKL0095,Workplace Safety,RELEVANT,1,SYNTHETIC_DEMO_MAPPING,SYNTHETIC
8212.1702,SKL0041,AutoCAD,RELEVANT,1,SYNTHETIC_DEMO_MAPPING,SYNTHETIC
8212.1702,SKL0094,Microsoft Excel,RELEVANT,1,SYNTHETIC_DEMO_MAPPING,SYNTHETIC
8212.1801,SKL0036,Lean Manufacturing,RELEVANT,2,SYNTHETIC_DEMO_MAPPING,SYNTHETIC
8212.1801,SKL0032,CNC Operation,RELEVANT,4,SYNTHETIC_DEMO_MAPPING,SYNTHETIC
8212.1801,SKL0096,Digital Literacy,RELEVANT,4,SYNTHETIC_DEMO_MAPPING,SYNTHETIC
8212.1801,SKL0041,AutoCAD,RELEVANT,1,SYNTHETIC_DEMO_MAPPING,SYNTHETIC
8212.1801,SKL0095,Workplace Safety,RELEVANT,2,SYNTHETIC_DEMO_MAPPING,SYNTHETIC
8212.1802,SKL0098,English Communication,RELEVANT,2,SYNTHETIC_DEMO_MAPPING,SYNTHETIC
8212.1802,SKL0092,Communication,RELEVANT,2,SYNTHETIC_DEMO_MAPPING,SYNTHETIC
8212.1803,SKL0097,Team Management,RELEVANT,2,SYNTHETIC_DEMO_MAPPING,SYNTHETIC
8212.1803,SKL0095,Workplace Safety,RELEVANT,3,SYNTHETIC_DEMO_MAPPING,SYNTHETIC
8212.1803,SKL0092,Communication,RELEVANT,3,SYNTHETIC_DEMO_MAPPING,SYNTHETIC
8212.1804,SKL0032,CNC Operation,RELEVANT,2,SYNTHETIC_DEMO_MAPPING,SYNTHETIC
8212.1804,SKL0095,Workplace Safety,RELEVANT,2,SYNTHETIC_DEMO_MAPPING,SYNTHETIC
8212.1804,SKL0034,Welding,RELEVANT,3,SYNTHETIC_DEMO_MAPPING,SYNTHETIC
8212.1804,SKL0036,Lean Manufacturing,RELEVANT,4,SYNTHETIC_DEMO_MAPPING,SYNTHETIC
8212.1804,SKL0092,Communication,RELEVANT,2,SYNTHETIC_DEMO_MAPPING,SYNTHETIC
8212.1805,SKL0036,Lean Manufacturing,RELEVANT,2,SYNTHETIC_DEMO_MAPPING,SYNTHETIC
8212.1805,SKL0094,Microsoft Excel,RELEVANT,4,SYNTHETIC_DEMO_MAPPING,SYNTHETIC
8212.1806,SKL0096,Digital Literacy,RELEVANT,1,SYNTHETIC_DEMO_MAPPING,SYNTHETIC
8212.1806,SKL0042,SolidWorks,RELEVANT,1,SYNTHETIC_DEMO_MAPPING,SYNTHETIC
8212.1806,SKL0038,CNC Turning,RELEVANT,1,SYNTHETIC_DEMO_MAPPING,SYNTHETIC
8212.1806,SKL0094,Microsoft Excel,RELEVANT,1,SYNTHETIC_DEMO_MAPPING,SYNTHETIC
8212.1807,SKL0039,CNC Milling,RELEVANT,1,SYNTHETIC_DEMO_MAPPING,SYNTHETIC
8212.1807,SKL0095,Workplace Safety,RELEVANT,4,SYNTHETIC_DEMO_MAPPING,SYNTHETIC
8212.1808,SKL0095,Workplace Safety,RELEVANT,1,SYNTHETIC_DEMO_MAPPING,SYNTHETIC
8212.1808,SKL0035,Quality Control,RELEVANT,3,SYNTHETIC_DEMO_MAPPING,SYNTHETIC
8212.1808,SKL0042,SolidWorks,RELEVANT,3,SYNTHETIC_DEMO_MAPPING,SYNTHETIC
8212.1808,SKL0031,CNC Programming,RELEVANT,1,SYNTHETIC_DEMO_MAPPING,SYNTHETIC
8212.1901,SKL0031,CNC Programming,RELEVANT,3,SYNTHETIC_DEMO_MAPPING,SYNTHETIC
8212.1901,SKL0038,CNC Turning,RELEVANT,4,SYNTHETIC_DEMO_MAPPING,SYNTHETIC
8212.1901,SKL0034,Welding,RELEVANT,4,SYNTHETIC_DEMO_MAPPING,SYNTHETIC
8212.1901,SKL0032,CNC Operation,RELEVANT,2,SYNTHETIC_DEMO_MAPPING,SYNTHETIC
8212.1901,SKL0095,Workplace Safety,RELEVANT,2,SYNTHETIC_DEMO_MAPPING,SYNTHETIC
8212.1902,SKL0097,Team Management,RELEVANT,4,SYNTHETIC_DEMO_MAPPING,SYNTHETIC
8212.1902,SKL0094,Microsoft Excel,RELEVANT,2,SYNTHETIC_DEMO_MAPPING,SYNTHETIC
8212.1902,SKL0092,Communication,RELEVANT,2,SYNTHETIC_DEMO_MAPPING,SYNTHETIC
8212.1902,SKL0095,Workplace Safety,RELEVANT,1,SYNTHETIC_DEMO_MAPPING,SYNTHETIC
8212.1902,SKL0093,Problem Solving,RELEVANT,2,SYNTHETIC_DEMO_MAPPING,SYNTHETIC
8212.1903,SKL0042,SolidWorks,RELEVANT,4,SYNTHETIC_DEMO_MAPPING,SYNTHETIC
8212.1903,SKL0041,AutoCAD,RELEVANT,2,SYNTHETIC_DEMO_MAPPING,SYNTHETIC
8212.1903,SKL0098,English Communication,RELEVANT,2,SYNTHETIC_DEMO_MAPPING,SYNTHETIC
8212.1903,SKL0035,Quality Control,RELEVANT,4,SYNTHETIC_DEMO_MAPPING,SYNTHETIC
8212.1903,SKL0033,Machine Maintenance,RELEVANT,4,SYNTHETIC_DEMO_MAPPING,SYNTHETIC
8212.1904,SKL0039,CNC Milling,RELEVANT,4,SYNTHETIC_DEMO_MAPPING,SYNTHETIC
8212.1904,SKL0041,AutoCAD,RELEVANT,1,SYNTHETIC_DEMO_MAPPING,SYNTHETIC
8212.1904,SKL0032,CNC Operation,RELEVANT,3,SYNTHETIC_DEMO_MAPPING,SYNTHETIC
8212.2001,SKL0098,English Communication,RELEVANT,4,SYNTHETIC_DEMO_MAPPING,SYNTHETIC
8212.2001,SKL0093,Problem Solving,RELEVANT,3,SYNTHETIC_DEMO_MAPPING,SYNTHETIC
8212.2002,SKL0098,English Communication,RELEVANT,1,SYNTHETIC_DEMO_MAPPING,SYNTHETIC
8212.2002,SKL0087,Supply Chain Management,RELEVANT,3,SYNTHETIC_DEMO_MAPPING,SYNTHETIC
8212.2002,SKL0086,Inventory Management,RELEVANT,2,SYNTHETIC_DEMO_MAPPING,SYNTHETIC
8212.2002,SKL0090,Logistics Planning,RELEVANT,4,SYNTHETIC_DEMO_MAPPING,SYNTHETIC
8212.2003,SKL0098,English Communication,RELEVANT,3,SYNTHETIC_DEMO_MAPPING,SYNTHETIC
8212.2003,SKL0096,Digital Literacy,RELEVANT,3,SYNTHETIC_DEMO_MAPPING,SYNTHETIC
8212.2003,SKL0092,Communication,RELEVANT,1,SYNTHETIC_DEMO_MAPPING,SYNTHETIC
8212.2003,SKL0094,Microsoft Excel,RELEVANT,3,SYNTHETIC_DEMO_MAPPING,SYNTHETIC
8212.2101,SKL0093,Problem Solving,RELEVANT,1,SYNTHETIC_DEMO_MAPPING,SYNTHETIC
8212.2101,SKL0098,English Communication,RELEVANT,4,SYNTHETIC_DEMO_MAPPING,SYNTHETIC
8212.2101,SKL0094,Microsoft Excel,RELEVANT,2,SYNTHETIC_DEMO_MAPPING,SYNTHETIC
8212.2101,SKL0096,Digital Literacy,RELEVANT,1,SYNTHETIC_DEMO_MAPPING,SYNTHETIC
8212.2201,SKL0093,Problem Solving,RELEVANT,1,SYNTHETIC_DEMO_MAPPING,SYNTHETIC
8212.2201,SKL0024,PCB Design,RELEVANT,1,SYNTHETIC_DEMO_MAPPING,SYNTHETIC
8212.2201,SKL0095,Workplace Safety,RELEVANT,1,SYNTHETIC_DEMO_MAPPING,SYNTHETIC
8212.2201,SKL0030,AutoCAD Electrical,RELEVANT,4,SYNTHETIC_DEMO_MAPPING,SYNTHETIC
8212.2202,SKL0097,Team Management,RELEVANT,2,SYNTHETIC_DEMO_MAPPING,SYNTHETIC
8212.2202,SKL0098,English Communication,RELEVANT,3,SYNTHETIC_DEMO_MAPPING,SYNTHETIC
8212.2202,SKL0066,Medical Equipment Maintenance,RELEVANT,3,SYNTHETIC_DEMO_MAPPING,SYNTHETIC
8212.2301,SKL0097,Team Management,RELEVANT,1,SYNTHETIC_DEMO_MAPPING,SYNTHETIC
8212.2301,SKL0092,Communication,RELEVANT,1,SYNTHETIC_DEMO_MAPPING,SYNTHETIC
8212.2301,SKL0021,PLC,RELEVANT,2,SYNTHETIC_DEMO_MAPPING,SYNTHETIC
8212.2301,SKL0028,Electrical Testing,RELEVANT,1,SYNTHETIC_DEMO_MAPPING,SYNTHETIC
8212.2302,SKL0093,Problem Solving,RELEVANT,3,SYNTHETIC_DEMO_MAPPING,SYNTHETIC
8212.2302,SKL0095,Workplace Safety,RELEVANT,3,SYNTHETIC_DEMO_MAPPING,SYNTHETIC
8212.2302,SKL0098,English Communication,RELEVANT,3,SYNTHETIC_DEMO_MAPPING,SYNTHETIC
8212.2401,SKL0088,Fleet Management,RELEVANT,3,SYNTHETIC_DEMO_MAPPING,SYNTHETIC
8212.2401,SKL0021,PLC,RELEVANT,4,SYNTHETIC_DEMO_MAPPING,SYNTHETIC
8212.2401,SKL0027,Sensors,RELEVANT,4,SYNTHETIC_DEMO_MAPPING,SYNTHETIC
8212.2401,SKL0030,AutoCAD Electrical,RELEVANT,4,SYNTHETIC_DEMO_MAPPING,SYNTHETIC
8212.2501,SKL0092,Communication,RELEVANT,2,SYNTHETIC_DEMO_MAPPING,SYNTHETIC
8212.2501,SKL0094,Microsoft Excel,RELEVANT,4,SYNTHETIC_DEMO_MAPPING,SYNTHETIC
8212.2502,SKL0033,Machine Maintenance,RELEVANT,3,SYNTHETIC_DEMO_MAPPING,SYNTHETIC
8212.2502,SKL0097,Team Management,RELEVANT,1,SYNTHETIC_DEMO_MAPPING,SYNTHETIC
8212.2503,SKL0093,Problem Solving,RELEVANT,4,SYNTHETIC_DEMO_MAPPING,SYNTHETIC
8212.2503,SKL0036,Lean Manufacturing,RELEVANT,4,SYNTHETIC_DEMO_MAPPING,SYNTHETIC
8212.2503,SKL0032,CNC Operation,RELEVANT,2,SYNTHETIC_DEMO_MAPPING,SYNTHETIC
8212.2504,SKL0038,CNC Turning,RELEVANT,1,SYNTHETIC_DEMO_MAPPING,SYNTHETIC
8212.2504,SKL0031,CNC Programming,RELEVANT,1,SYNTHETIC_DEMO_MAPPING,SYNTHETIC
8212.2601,SKL0093,Problem Solving,RELEVANT,1,SYNTHETIC_DEMO_MAPPING,SYNTHETIC
8212.2601,SKL0098,English Communication,RELEVANT,2,SYNTHETIC_DEMO_MAPPING,SYNTHETIC
8212.2601,SKL0021,PLC,RELEVANT,4,SYNTHETIC_DEMO_MAPPING,SYNTHETIC
8212.2601,SKL0023,Embedded Systems,RELEVANT,4,SYNTHETIC_DEMO_MAPPING,SYNTHETIC
8212.2701,SKL0093,Problem Solving,RELEVANT,3,SYNTHETIC_DEMO_MAPPING,SYNTHETIC
8212.2701,SKL0097,Team Management,RELEVANT,4,SYNTHETIC_DEMO_MAPPING,SYNTHETIC
8212.99,SKL0028,Electrical Testing,RELEVANT,1,SYNTHETIC_DEMO_MAPPING,SYNTHETIC
8212.99,SKL0093,Problem Solving,RELEVANT,2,SYNTHETIC_DEMO_MAPPING,SYNTHETIC
8212.99,SKL0023,Embedded Systems,RELEVANT,3,SYNTHETIC_DEMO_MAPPING,SYNTHETIC
8212.99,SKL0022,SCADA,RELEVANT,4,SYNTHETIC_DEMO_MAPPING,SYNTHETIC
8219.01,SKL0054,Quantity Surveying,RELEVANT,4,SYNTHETIC_DEMO_MAPPING,SYNTHETIC
8219.01,SKL0093,Problem Solving,RELEVANT,4,SYNTHETIC_DEMO_MAPPING,SYNTHETIC
8219.02,SKL0041,AutoCAD,RELEVANT,2,SYNTHETIC_DEMO_MAPPING,SYNTHETIC
8219.02,SKL0038,CNC Turning,RELEVANT,2,SYNTHETIC_DEMO_MAPPING,SYNTHETIC
8219.02,SKL0031,CNC Programming,RELEVANT,4,SYNTHETIC_DEMO_MAPPING,SYNTHETIC
8219.02,SKL0035,Quality Control,RELEVANT,3,SYNTHETIC_DEMO_MAPPING,SYNTHETIC
8219.02,SKL0095,Workplace Safety,RELEVANT,1,SYNTHETIC_DEMO_MAPPING,SYNTHETIC
8219.03,SKL0035,Quality Control,RELEVANT,2,SYNTHETIC_DEMO_MAPPING,SYNTHETIC
8219.03,SKL0025,Industrial Automation,RELEVANT,4,SYNTHETIC_DEMO_MAPPING,SYNTHETIC
8219.04,SKL0086,Inventory Management,RELEVANT,3,SYNTHETIC_DEMO_MAPPING,SYNTHETIC
8219.04,SKL0040,Mechanical Assembly,RELEVANT,3,SYNTHETIC_DEMO_MAPPING,SYNTHETIC
8219.04,SKL0039,CNC Milling,RELEVANT,1,SYNTHETIC_DEMO_MAPPING,SYNTHETIC
8219.99,SKL0093,Problem Solving,RELEVANT,4,SYNTHETIC_DEMO_MAPPING,SYNTHETIC
8219.99,SKL0095,Workplace Safety,RELEVANT,4,SYNTHETIC_DEMO_MAPPING,SYNTHETIC
8219.99,SKL0098,English Communication,RELEVANT,2,SYNTHETIC_DEMO_MAPPING,SYNTHETIC
8311.01,SKL0052,Two-Wheeler Service,RELEVANT,2,SYNTHETIC_DEMO_MAPPING,SYNTHETIC
8311.01,SKL0088,Fleet Management,RELEVANT,4,SYNTHETIC_DEMO_MAPPING,SYNTHETIC
8311.02,SKL0085,Warehouse Management,RELEVANT,2,SYNTHETIC_DEMO_MAPPING,SYNTHETIC
8311.02,SKL0093,Problem Solving,RELEVANT,1,SYNTHETIC_DEMO_MAPPING,SYNTHETIC
8311.02,SKL0094,Microsoft Excel,RELEVANT,4,SYNTHETIC_DEMO_MAPPING,SYNTHETIC
8311.02,SKL0087,Supply Chain Management,RELEVANT,1,SYNTHETIC_DEMO_MAPPING,SYNTHETIC
8311.02,SKL0097,Team Management,RELEVANT,1,SYNTHETIC_DEMO_MAPPING,SYNTHETIC
8311.03,SKL0029,Control Systems,RELEVANT,1,SYNTHETIC_DEMO_MAPPING,SYNTHETIC
8311.03,SKL0092,Communication,RELEVANT,1,SYNTHETIC_DEMO_MAPPING,SYNTHETIC
8311.03,SKL0030,AutoCAD Electrical,RELEVANT,1,SYNTHETIC_DEMO_MAPPING,SYNTHETIC
8311.03,SKL0049,Electric Motor Systems,RELEVANT,2,SYNTHETIC_DEMO_MAPPING,SYNTHETIC
8311.03,SKL0025,Industrial Automation,RELEVANT,3,SYNTHETIC_DEMO_MAPPING,SYNTHETIC
8311.04,SKL0097,Team Management,RELEVANT,3,SYNTHETIC_DEMO_MAPPING,SYNTHETIC
8311.04,SKL0095,Workplace Safety,RELEVANT,2,SYNTHETIC_DEMO_MAPPING,SYNTHETIC
8311.05,SKL0044,EV Systems,RELEVANT,4,SYNTHETIC_DEMO_MAPPING,SYNTHETIC
8311.05,SKL0088,Fleet Management,RELEVANT,4,SYNTHETIC_DEMO_MAPPING,SYNTHETIC
8311.05,SKL0093,Problem Solving,RELEVANT,2,SYNTHETIC_DEMO_MAPPING,SYNTHETIC
8311.05,SKL0046,EV Battery Maintenance,RELEVANT,1,SYNTHETIC_DEMO_MAPPING,SYNTHETIC
8311.05,SKL0043,Automotive Diagnostics,RELEVANT,4,SYNTHETIC_DEMO_MAPPING,SYNTHETIC
8311.0601,SKL0086,Inventory Management,RELEVANT,3,SYNTHETIC_DEMO_MAPPING,SYNTHETIC
8311.0601,SKL0087,Supply Chain Management,RELEVANT,1,SYNTHETIC_DEMO_MAPPING,SYNTHETIC
8312.01,SKL0098,English Communication,RELEVANT,4,SYNTHETIC_DEMO_MAPPING,SYNTHETIC
8312.01,SKL0097,Team Management,RELEVANT,3,SYNTHETIC_DEMO_MAPPING,SYNTHETIC
8312.01,SKL0096,Digital Literacy,RELEVANT,2,SYNTHETIC_DEMO_MAPPING,SYNTHETIC
8312.01,SKL0095,Workplace Safety,RELEVANT,2,SYNTHETIC_DEMO_MAPPING,SYNTHETIC
8312.01,SKL0092,Communication,RELEVANT,4,SYNTHETIC_DEMO_MAPPING,SYNTHETIC
8312.02,SKL0097,Team Management,RELEVANT,2,SYNTHETIC_DEMO_MAPPING,SYNTHETIC
8312.02,SKL0093,Problem Solving,RELEVANT,2,SYNTHETIC_DEMO_MAPPING,SYNTHETIC
8312.02,SKL0094,Microsoft Excel,RELEVANT,3,SYNTHETIC_DEMO_MAPPING,SYNTHETIC
8312.02,SKL0096,Digital Literacy,RELEVANT,3,SYNTHETIC_DEMO_MAPPING,SYNTHETIC
8312.03,SKL0095,Workplace Safety,RELEVANT,4,SYNTHETIC_DEMO_MAPPING,SYNTHETIC
8312.03,SKL0098,English Communication,RELEVANT,2,SYNTHETIC_DEMO_MAPPING,SYNTHETIC
8312.03,SKL0097,Team Management,RELEVANT,1,SYNTHETIC_DEMO_MAPPING,SYNTHETIC
8312.03,SKL0092,Communication,RELEVANT,4,SYNTHETIC_DEMO_MAPPING,SYNTHETIC
8312.03,SKL0096,Digital Literacy,RELEVANT,4,SYNTHETIC_DEMO_MAPPING,SYNTHETIC
8312.04,SKL0095,Workplace Safety,RELEVANT,1,SYNTHETIC_DEMO_MAPPING,SYNTHETIC
8312.04,SKL0093,Problem Solving,RELEVANT,2,SYNTHETIC_DEMO_MAPPING,SYNTHETIC
8312.05,SKL0050,Automotive CAD,RELEVANT,1,SYNTHETIC_DEMO_MAPPING,SYNTHETIC
8312.05,SKL0041,AutoCAD,RELEVANT,1,SYNTHETIC_DEMO_MAPPING,SYNTHETIC
8312.05,SKL0047,Vehicle Diagnostics,RELEVANT,3,SYNTHETIC_DEMO_MAPPING,SYNTHETIC
8312.05,SKL0093,Problem Solving,RELEVANT,2,SYNTHETIC_DEMO_MAPPING,SYNTHETIC
8312.05,SKL0044,EV Systems,RELEVANT,1,SYNTHETIC_DEMO_MAPPING,SYNTHETIC
8312.99,SKL0092,Communication,RELEVANT,3,SYNTHETIC_DEMO_MAPPING,SYNTHETIC
8312.99,SKL0094,Microsoft Excel,RELEVANT,3,SYNTHETIC_DEMO_MAPPING,SYNTHETIC
8312.99,SKL0097,Team Management,RELEVANT,4,SYNTHETIC_DEMO_MAPPING,SYNTHETIC
8321.0101,SKL0094,Microsoft Excel,RELEVANT,1,SYNTHETIC_DEMO_MAPPING,SYNTHETIC
8321.0101,SKL0086,Inventory Management,RELEVANT,3,SYNTHETIC_DEMO_MAPPING,SYNTHETIC
8321.0101,SKL0090,Logistics Planning,RELEVANT,4,SYNTHETIC_DEMO_MAPPING,SYNTHETIC
8321.0101,SKL0049,Electric Motor Systems,RELEVANT,3,SYNTHETIC_DEMO_MAPPING,SYNTHETIC
8321.0101,SKL0046,EV Battery Maintenance,RELEVANT,3,SYNTHETIC_DEMO_MAPPING,SYNTHETIC
8321.02,SKL0098,English Communication,RELEVANT,2,SYNTHETIC_DEMO_MAPPING,SYNTHETIC
8321.02,SKL0047,Vehicle Diagnostics,RELEVANT,3,SYNTHETIC_DEMO_MAPPING,SYNTHETIC
8321.02,SKL0051,Service Operations,RELEVANT,2,SYNTHETIC_DEMO_MAPPING,SYNTHETIC
8321.02,SKL0052,Two-Wheeler Service,RELEVANT,4,SYNTHETIC_DEMO_MAPPING,SYNTHETIC
8321.02,SKL0044,EV Systems,RELEVANT,3,SYNTHETIC_DEMO_MAPPING,SYNTHETIC
8321.0201,SKL0094,Microsoft Excel,RELEVANT,1,SYNTHETIC_DEMO_MAPPING,SYNTHETIC
8321.0201,SKL0097,Team Management,RELEVANT,2,SYNTHETIC_DEMO_MAPPING,SYNTHETIC
8321.0201,SKL0089,Forklift Operation,RELEVANT,1,SYNTHETIC_DEMO_MAPPING,SYNTHETIC
8321.0201,SKL0091,Route Planning,RELEVANT,2,SYNTHETIC_DEMO_MAPPING,SYNTHETIC
8321.99,SKL0049,Electric Motor Systems,RELEVANT,4,SYNTHETIC_DEMO_MAPPING,SYNTHETIC
8321.99,SKL0052,Two-Wheeler Service,RELEVANT,2,SYNTHETIC_DEMO_MAPPING,SYNTHETIC
8321.99,SKL0086,Inventory Management,RELEVANT,4,SYNTHETIC_DEMO_MAPPING,SYNTHETIC
8322.01,SKL0092,Communication,RELEVANT,2,SYNTHETIC_DEMO_MAPPING,SYNTHETIC
8322.01,SKL0089,Forklift Operation,RELEVANT,4,SYNTHETIC_DEMO_MAPPING,SYNTHETIC
8322.01,SKL0086,Inventory Management,RELEVANT,3,SYNTHETIC_DEMO_MAPPING,SYNTHETIC
8322.01,SKL0046,EV Battery Maintenance,RELEVANT,1,SYNTHETIC_DEMO_MAPPING,SYNTHETIC
8322.0101,SKL0049,Electric Motor Systems,RELEVANT,2,SYNTHETIC_DEMO_MAPPING,SYNTHETIC
8322.0101,SKL0088,Fleet Management,RELEVANT,2,SYNTHETIC_DEMO_MAPPING,SYNTHETIC
8322.0102,SKL0087,Supply Chain Management,RELEVANT,4,SYNTHETIC_DEMO_MAPPING,SYNTHETIC
8322.0102,SKL0085,Warehouse Management,RELEVANT,4,SYNTHETIC_DEMO_MAPPING,SYNTHETIC
8322.0102,SKL0093,Problem Solving,RELEVANT,3,SYNTHETIC_DEMO_MAPPING,SYNTHETIC
8322.0102,SKL0088,Fleet Management,RELEVANT,1,SYNTHETIC_DEMO_MAPPING,SYNTHETIC
8322.0201,SKL0043,Automotive Diagnostics,RELEVANT,2,SYNTHETIC_DEMO_MAPPING,SYNTHETIC
8322.0201,SKL0068,Accounting,RELEVANT,2,SYNTHETIC_DEMO_MAPPING,SYNTHETIC
8322.0201,SKL0090,Logistics Planning,RELEVANT,4,SYNTHETIC_DEMO_MAPPING,SYNTHETIC
8322.0201,SKL0098,English Communication,RELEVANT,2,SYNTHETIC_DEMO_MAPPING,SYNTHETIC
8322.0201,SKL0089,Forklift Operation,RELEVANT,2,SYNTHETIC_DEMO_MAPPING,SYNTHETIC
8322.0301,SKL0094,Microsoft Excel,RELEVANT,2,SYNTHETIC_DEMO_MAPPING,SYNTHETIC
8322.0301,SKL0086,Inventory Management,RELEVANT,2,SYNTHETIC_DEMO_MAPPING,SYNTHETIC
8322.0301,SKL0064,Pharmacy Operations,RELEVANT,4,SYNTHETIC_DEMO_MAPPING,SYNTHETIC
8322.0501,SKL0090,Logistics Planning,RELEVANT,1,SYNTHETIC_DEMO_MAPPING,SYNTHETIC
8322.0501,SKL0049,Electric Motor Systems,RELEVANT,3,SYNTHETIC_DEMO_MAPPING,SYNTHETIC
8322.0501,SKL0050,Automotive CAD,RELEVANT,4,SYNTHETIC_DEMO_MAPPING,SYNTHETIC
8322.0501,SKL0098,English Communication,RELEVANT,4,SYNTHETIC_DEMO_MAPPING,SYNTHETIC
8322.99,SKL0086,Inventory Management,RELEVANT,3,SYNTHETIC_DEMO_MAPPING,SYNTHETIC
8322.99,SKL0045,Battery Management Systems,RELEVANT,3,SYNTHETIC_DEMO_MAPPING,SYNTHETIC
8331.01,SKL0023,Embedded Systems,RELEVANT,3,SYNTHETIC_DEMO_MAPPING,SYNTHETIC
8331.01,SKL0097,Team Management,RELEVANT,1,SYNTHETIC_DEMO_MAPPING,SYNTHETIC
8331.01,SKL0025,Industrial Automation,RELEVANT,3,SYNTHETIC_DEMO_MAPPING,SYNTHETIC
8331.01,SKL0095,Workplace Safety,RELEVANT,4,SYNTHETIC_DEMO_MAPPING,SYNTHETIC
8331.01,SKL0091,Route Planning,RELEVANT,3,SYNTHETIC_DEMO_MAPPING,SYNTHETIC
8331.02,SKL0041,AutoCAD,RELEVANT,3,SYNTHETIC_DEMO_MAPPING,SYNTHETIC
8331.02,SKL0098,English Communication,RELEVANT,2,SYNTHETIC_DEMO_MAPPING,SYNTHETIC
8331.02,SKL0027,Sensors,RELEVANT,4,SYNTHETIC_DEMO_MAPPING,SYNTHETIC
8331.02,SKL0088,Fleet Management,RELEVANT,3,SYNTHETIC_DEMO_MAPPING,SYNTHETIC
8331.03,SKL0046,EV Battery Maintenance,RELEVANT,4,SYNTHETIC_DEMO_MAPPING,SYNTHETIC
8331.03,SKL0093,Problem Solving,RELEVANT,3,SYNTHETIC_DEMO_MAPPING,SYNTHETIC
8331.0301,SKL0051,Service Operations,RELEVANT,3,SYNTHETIC_DEMO_MAPPING,SYNTHETIC
8331.0301,SKL0091,Route Planning,RELEVANT,2,SYNTHETIC_DEMO_MAPPING,SYNTHETIC
8331.0302,SKL0089,Forklift Operation,RELEVANT,4,SYNTHETIC_DEMO_MAPPING,SYNTHETIC
8331.0302,SKL0085,Warehouse Management,RELEVANT,2,SYNTHETIC_DEMO_MAPPING,SYNTHETIC
8331.04,SKL0086,Inventory Management,RELEVANT,3,SYNTHETIC_DEMO_MAPPING,SYNTHETIC
8331.04,SKL0046,EV Battery Maintenance,RELEVANT,4,SYNTHETIC_DEMO_MAPPING,SYNTHETIC
8331.04,SKL0098,English Communication,RELEVANT,2,SYNTHETIC_DEMO_MAPPING,SYNTHETIC
8331.04,SKL0097,Team Management,RELEVANT,2,SYNTHETIC_DEMO_MAPPING,SYNTHETIC
8331.04,SKL0045,Battery Management Systems,RELEVANT,2,SYNTHETIC_DEMO_MAPPING,SYNTHETIC
8331.05,SKL0029,Control Systems,RELEVANT,3,SYNTHETIC_DEMO_MAPPING,SYNTHETIC
8331.05,SKL0048,Auto Electrical,RELEVANT,2,SYNTHETIC_DEMO_MAPPING,SYNTHETIC
8331.05,SKL0086,Inventory Management,RELEVANT,3,SYNTHETIC_DEMO_MAPPING,SYNTHETIC
8331.0501,SKL0090,Logistics Planning,RELEVANT,2,SYNTHETIC_DEMO_MAPPING,SYNTHETIC
8331.0501,SKL0052,Two-Wheeler Service,RELEVANT,4,SYNTHETIC_DEMO_MAPPING,SYNTHETIC
8331.0501,SKL0049,Electric Motor Systems,RELEVANT,2,SYNTHETIC_DEMO_MAPPING,SYNTHETIC
8331.0501,SKL0098,English Communication,RELEVANT,4,SYNTHETIC_DEMO_MAPPING,SYNTHETIC
8331.06,SKL0093,Problem Solving,RELEVANT,1,SYNTHETIC_DEMO_MAPPING,SYNTHETIC
8331.06,SKL0095,Workplace Safety,RELEVANT,4,SYNTHETIC_DEMO_MAPPING,SYNTHETIC
8331.06,SKL0094,Microsoft Excel,RELEVANT,2,SYNTHETIC_DEMO_MAPPING,SYNTHETIC
8331.99,SKL0093,Problem Solving,RELEVANT,4,SYNTHETIC_DEMO_MAPPING,SYNTHETIC
8331.99,SKL0088,Fleet Management,RELEVANT,1,SYNTHETIC_DEMO_MAPPING,SYNTHETIC
8332.01,SKL0090,Logistics Planning,RELEVANT,4,SYNTHETIC_DEMO_MAPPING,SYNTHETIC
8332.01,SKL0092,Communication,RELEVANT,1,SYNTHETIC_DEMO_MAPPING,SYNTHETIC
8332.01,SKL0035,Quality Control,RELEVANT,1,SYNTHETIC_DEMO_MAPPING,SYNTHETIC
8332.01,SKL0052,Two-Wheeler Service,RELEVANT,2,SYNTHETIC_DEMO_MAPPING,SYNTHETIC
8332.02,SKL0098,English Communication,RELEVANT,4,SYNTHETIC_DEMO_MAPPING,SYNTHETIC
8332.02,SKL0052,Two-Wheeler Service,RELEVANT,4,SYNTHETIC_DEMO_MAPPING,SYNTHETIC
8332.02,SKL0026,IoT,RELEVANT,4,SYNTHETIC_DEMO_MAPPING,SYNTHETIC
8332.99,SKL0047,Vehicle Diagnostics,RELEVANT,2,SYNTHETIC_DEMO_MAPPING,SYNTHETIC
8332.99,SKL0086,Inventory Management,RELEVANT,4,SYNTHETIC_DEMO_MAPPING,SYNTHETIC
8341.0101,SKL0049,Electric Motor Systems,RELEVANT,3,SYNTHETIC_DEMO_MAPPING,SYNTHETIC
8341.0101,SKL0095,Workplace Safety,RELEVANT,1,SYNTHETIC_DEMO_MAPPING,SYNTHETIC
8341.0101,SKL0050,Automotive CAD,RELEVANT,4,SYNTHETIC_DEMO_MAPPING,SYNTHETIC
8341.02,SKL0043,Automotive Diagnostics,RELEVANT,1,SYNTHETIC_DEMO_MAPPING,SYNTHETIC
8341.02,SKL0035,Quality Control,RELEVANT,1,SYNTHETIC_DEMO_MAPPING,SYNTHETIC
8341.02,SKL0036,Lean Manufacturing,RELEVANT,1,SYNTHETIC_DEMO_MAPPING,SYNTHETIC
8341.02,SKL0033,Machine Maintenance,RELEVANT,4,SYNTHETIC_DEMO_MAPPING,SYNTHETIC
8341.0201,SKL0080,Precision Agriculture,RELEVANT,2,SYNTHETIC_DEMO_MAPPING,SYNTHETIC
8341.0201,SKL0049,Electric Motor Systems,RELEVANT,4,SYNTHETIC_DEMO_MAPPING,SYNTHETIC
8341.0201,SKL0084,Cold Chain,RELEVANT,3,SYNTHETIC_DEMO_MAPPING,SYNTHETIC
8341.0201,SKL0097,Team Management,RELEVANT,2,SYNTHETIC_DEMO_MAPPING,SYNTHETIC
8341.0201,SKL0083,Food Processing,RELEVANT,2,SYNTHETIC_DEMO_MAPPING,SYNTHETIC
8341.03,SKL0046,EV Battery Maintenance,RELEVANT,3,SYNTHETIC_DEMO_MAPPING,SYNTHETIC
8341.03,SKL0058,Surveying,RELEVANT,3,SYNTHETIC_DEMO_MAPPING,SYNTHETIC
8341.03,SKL0055,Site Supervision,RELEVANT,3,SYNTHETIC_DEMO_MAPPING,SYNTHETIC
8341.99,SKL0031,CNC Programming,RELEVANT,3,SYNTHETIC_DEMO_MAPPING,SYNTHETIC
8341.99,SKL0034,Welding,RELEVANT,2,SYNTHETIC_DEMO_MAPPING,SYNTHETIC
8341.99,SKL0083,Food Processing,RELEVANT,4,SYNTHETIC_DEMO_MAPPING,SYNTHETIC
8341.99,SKL0098,English Communication,RELEVANT,1,SYNTHETIC_DEMO_MAPPING,SYNTHETIC
8342.0101,SKL0049,Electric Motor Systems,RELEVANT,2,SYNTHETIC_DEMO_MAPPING,SYNTHETIC
8342.0101,SKL0044,EV Systems,RELEVANT,3,SYNTHETIC_DEMO_MAPPING,SYNTHETIC
8342.0101,SKL0097,Team Management,RELEVANT,1,SYNTHETIC_DEMO_MAPPING,SYNTHETIC
8342.0101,SKL0035,Quality Control,RELEVANT,1,SYNTHETIC_DEMO_MAPPING,SYNTHETIC
8342.0101,SKL0041,AutoCAD,RELEVANT,2,SYNTHETIC_DEMO_MAPPING,SYNTHETIC
8342.02,SKL0046,EV Battery Maintenance,RELEVANT,2,SYNTHETIC_DEMO_MAPPING,SYNTHETIC
8342.02,SKL0031,CNC Programming,RELEVANT,4,SYNTHETIC_DEMO_MAPPING,SYNTHETIC
8342.0301,SKL0098,English Communication,RELEVANT,4,SYNTHETIC_DEMO_MAPPING,SYNTHETIC
8342.0301,SKL0038,CNC Turning,RELEVANT,1,SYNTHETIC_DEMO_MAPPING,SYNTHETIC
8342.04,SKL0031,CNC Programming,RELEVANT,2,SYNTHETIC_DEMO_MAPPING,SYNTHETIC
8342.04,SKL0035,Quality Control,RELEVANT,1,SYNTHETIC_DEMO_MAPPING,SYNTHETIC
8342.04,SKL0041,AutoCAD,RELEVANT,4,SYNTHETIC_DEMO_MAPPING,SYNTHETIC
8342.04,SKL0046,EV Battery Maintenance,RELEVANT,1,SYNTHETIC_DEMO_MAPPING,SYNTHETIC
8342.04,SKL0034,Welding,RELEVANT,3,SYNTHETIC_DEMO_MAPPING,SYNTHETIC
8342.0501,SKL0031,CNC Programming,RELEVANT,1,SYNTHETIC_DEMO_MAPPING,SYNTHETIC
8342.0501,SKL0055,Site Supervision,RELEVANT,3,SYNTHETIC_DEMO_MAPPING,SYNTHETIC
8342.0501,SKL0054,Quantity Surveying,RELEVANT,2,SYNTHETIC_DEMO_MAPPING,SYNTHETIC
8342.06,SKL0092,Communication,RELEVANT,2,SYNTHETIC_DEMO_MAPPING,SYNTHETIC
8342.06,SKL0040,Mechanical Assembly,RELEVANT,3,SYNTHETIC_DEMO_MAPPING,SYNTHETIC
8342.07,SKL0045,Battery Management Systems,RELEVANT,3,SYNTHETIC_DEMO_MAPPING,SYNTHETIC
8342.07,SKL0041,AutoCAD,RELEVANT,1,SYNTHETIC_DEMO_MAPPING,SYNTHETIC
8342.07,SKL0051,Service Operations,RELEVANT,1,SYNTHETIC_DEMO_MAPPING,SYNTHETIC
8342.08,SKL0037,Production Planning,RELEVANT,4,SYNTHETIC_DEMO_MAPPING,SYNTHETIC
8342.08,SKL0033,Machine Maintenance,RELEVANT,2,SYNTHETIC_DEMO_MAPPING,SYNTHETIC
8342.08,SKL0052,Two-Wheeler Service,RELEVANT,1,SYNTHETIC_DEMO_MAPPING,SYNTHETIC
8342.08,SKL0041,AutoCAD,RELEVANT,3,SYNTHETIC_DEMO_MAPPING,SYNTHETIC
8342.09,SKL0045,Battery Management Systems,RELEVANT,4,SYNTHETIC_DEMO_MAPPING,SYNTHETIC
8342.09,SKL0092,Communication,RELEVANT,1,SYNTHETIC_DEMO_MAPPING,SYNTHETIC
8342.1,SKL0096,Digital Literacy,RELEVANT,3,SYNTHETIC_DEMO_MAPPING,SYNTHETIC
8342.1,SKL0088,Fleet Management,RELEVANT,4,SYNTHETIC_DEMO_MAPPING,SYNTHETIC
8342.11,SKL0021,PLC,RELEVANT,3,SYNTHETIC_DEMO_MAPPING,SYNTHETIC
8342.11,SKL0022,SCADA,RELEVANT,4,SYNTHETIC_DEMO_MAPPING,SYNTHETIC
8342.11,SKL0094,Microsoft Excel,RELEVANT,3,SYNTHETIC_DEMO_MAPPING,SYNTHETIC
8342.11,SKL0096,Digital Literacy,RELEVANT,3,SYNTHETIC_DEMO_MAPPING,SYNTHETIC
8342.11,SKL0060,Structural Analysis,RELEVANT,1,SYNTHETIC_DEMO_MAPPING,SYNTHETIC
8342.1201,SKL0045,Battery Management Systems,RELEVANT,1,SYNTHETIC_DEMO_MAPPING,SYNTHETIC
8342.1201,SKL0090,Logistics Planning,RELEVANT,2,SYNTHETIC_DEMO_MAPPING,SYNTHETIC
8342.1201,SKL0087,Supply Chain Management,RELEVANT,4,SYNTHETIC_DEMO_MAPPING,SYNTHETIC
8342.1202,SKL0092,Communication,RELEVANT,1,SYNTHETIC_DEMO_MAPPING,SYNTHETIC
8342.1202,SKL0098,English Communication,RELEVANT,1,SYNTHETIC_DEMO_MAPPING,SYNTHETIC
8342.1202,SKL0096,Digital Literacy,RELEVANT,1,SYNTHETIC_DEMO_MAPPING,SYNTHETIC
8342.13,SKL0088,Fleet Management,RELEVANT,4,SYNTHETIC_DEMO_MAPPING,SYNTHETIC
8342.13,SKL0047,Vehicle Diagnostics,RELEVANT,1,SYNTHETIC_DEMO_MAPPING,SYNTHETIC
8342.13,SKL0098,English Communication,RELEVANT,3,SYNTHETIC_DEMO_MAPPING,SYNTHETIC
8342.13,SKL0048,Auto Electrical,RELEVANT,2,SYNTHETIC_DEMO_MAPPING,SYNTHETIC
8342.14,SKL0097,Team Management,RELEVANT,2,SYNTHETIC_DEMO_MAPPING,SYNTHETIC
8342.14,SKL0034,Welding,RELEVANT,4,SYNTHETIC_DEMO_MAPPING,SYNTHETIC
8342.15,SKL0088,Fleet Management,RELEVANT,4,SYNTHETIC_DEMO_MAPPING,SYNTHETIC
8342.15,SKL0047,Vehicle Diagnostics,RELEVANT,1,SYNTHETIC_DEMO_MAPPING,SYNTHETIC
8342.15,SKL0048,Auto Electrical,RELEVANT,3,SYNTHETIC_DEMO_MAPPING,SYNTHETIC
8342.16,SKL0038,CNC Turning,RELEVANT,2,SYNTHETIC_DEMO_MAPPING,SYNTHETIC
8342.16,SKL0094,Microsoft Excel,RELEVANT,2,SYNTHETIC_DEMO_MAPPING,SYNTHETIC
8342.16,SKL0052,Two-Wheeler Service,RELEVANT,2,SYNTHETIC_DEMO_MAPPING,SYNTHETIC
8342.17,SKL0031,CNC Programming,RELEVANT,3,SYNTHETIC_DEMO_MAPPING,SYNTHETIC
8342.17,SKL0056,Construction Safety,RELEVANT,4,SYNTHETIC_DEMO_MAPPING,SYNTHETIC
8342.17,SKL0037,Production Planning,RELEVANT,2,SYNTHETIC_DEMO_MAPPING,SYNTHETIC
8342.17,SKL0048,Auto Electrical,RELEVANT,1,SYNTHETIC_DEMO_MAPPING,SYNTHETIC
8342.17,SKL0087,Supply Chain Management,RELEVANT,1,SYNTHETIC_DEMO_MAPPING,SYNTHETIC
8342.18,SKL0094,Microsoft Excel,RELEVANT,1,SYNTHETIC_DEMO_MAPPING,SYNTHETIC
8342.18,SKL0090,Logistics Planning,RELEVANT,3,SYNTHETIC_DEMO_MAPPING,SYNTHETIC
8342.19,SKL0058,Surveying,RELEVANT,2,SYNTHETIC_DEMO_MAPPING,SYNTHETIC
8342.19,SKL0056,Construction Safety,RELEVANT,2,SYNTHETIC_DEMO_MAPPING,SYNTHETIC
8342.19,SKL0057,Civil Drafting,RELEVANT,1,SYNTHETIC_DEMO_MAPPING,SYNTHETIC
8342.19,SKL0098,English Communication,RELEVANT,4,SYNTHETIC_DEMO_MAPPING,SYNTHETIC
8342.19,SKL0093,Problem Solving,RELEVANT,4,SYNTHETIC_DEMO_MAPPING,SYNTHETIC
8342.2001,SKL0097,Team Management,RELEVANT,1,SYNTHETIC_DEMO_MAPPING,SYNTHETIC
8342.2001,SKL0041,AutoCAD,RELEVANT,1,SYNTHETIC_DEMO_MAPPING,SYNTHETIC
8342.2101,SKL0043,Automotive Diagnostics,RELEVANT,2,SYNTHETIC_DEMO_MAPPING,SYNTHETIC
8342.2101,SKL0052,Two-Wheeler Service,RELEVANT,3,SYNTHETIC_DEMO_MAPPING,SYNTHETIC
8342.99,SKL0039,CNC Milling,RELEVANT,2,SYNTHETIC_DEMO_MAPPING,SYNTHETIC
8342.99,SKL0032,CNC Operation,RELEVANT,4,SYNTHETIC_DEMO_MAPPING,SYNTHETIC
8342.99,SKL0033,Machine Maintenance,RELEVANT,1,SYNTHETIC_DEMO_MAPPING,SYNTHETIC
8342.99,SKL0038,CNC Turning,RELEVANT,2,SYNTHETIC_DEMO_MAPPING,SYNTHETIC
8343.01,SKL0049,Electric Motor Systems,RELEVANT,1,SYNTHETIC_DEMO_MAPPING,SYNTHETIC
8343.01,SKL0085,Warehouse Management,RELEVANT,3,SYNTHETIC_DEMO_MAPPING,SYNTHETIC
8343.01,SKL0096,Digital Literacy,RELEVANT,2,SYNTHETIC_DEMO_MAPPING,SYNTHETIC
8343.02,SKL0029,Control Systems,RELEVANT,1,SYNTHETIC_DEMO_MAPPING,SYNTHETIC
8343.02,SKL0095,Workplace Safety,RELEVANT,3,SYNTHETIC_DEMO_MAPPING,SYNTHETIC
8343.02,SKL0047,Vehicle Diagnostics,RELEVANT,2,SYNTHETIC_DEMO_MAPPING,SYNTHETIC
8343.02,SKL0021,PLC,RELEVANT,3,SYNTHETIC_DEMO_MAPPING,SYNTHETIC
8343.02,SKL0046,EV Battery Maintenance,RELEVANT,1,SYNTHETIC_DEMO_MAPPING,SYNTHETIC
8343.03,SKL0098,English Communication,RELEVANT,4,SYNTHETIC_DEMO_MAPPING,SYNTHETIC
8343.03,SKL0091,Route Planning,RELEVANT,4,SYNTHETIC_DEMO_MAPPING,SYNTHETIC
8343.03,SKL0049,Electric Motor Systems,RELEVANT,2,SYNTHETIC_DEMO_MAPPING,SYNTHETIC
8343.03,SKL0086,Inventory Management,RELEVANT,1,SYNTHETIC_DEMO_MAPPING,SYNTHETIC
8343.03,SKL0051,Service Operations,RELEVANT,1,SYNTHETIC_DEMO_MAPPING,SYNTHETIC
8343.04,SKL0095,Workplace Safety,RELEVANT,2,SYNTHETIC_DEMO_MAPPING,SYNTHETIC
8343.04,SKL0051,Service Operations,RELEVANT,1,SYNTHETIC_DEMO_MAPPING,SYNTHETIC
8343.04,SKL0092,Communication,RELEVANT,2,SYNTHETIC_DEMO_MAPPING,SYNTHETIC
8343.04,SKL0048,Auto Electrical,RELEVANT,2,SYNTHETIC_DEMO_MAPPING,SYNTHETIC
8343.04,SKL0044,EV Systems,RELEVANT,4,SYNTHETIC_DEMO_MAPPING,SYNTHETIC
8343.05,SKL0093,Problem Solving,RELEVANT,1,SYNTHETIC_DEMO_MAPPING,SYNTHETIC
8343.05,SKL0051,Service Operations,RELEVANT,1,SYNTHETIC_DEMO_MAPPING,SYNTHETIC
8343.05,SKL0094,Microsoft Excel,RELEVANT,3,SYNTHETIC_DEMO_MAPPING,SYNTHETIC
8343.05,SKL0052,Two-Wheeler Service,RELEVANT,2,SYNTHETIC_DEMO_MAPPING,SYNTHETIC
8343.0501,SKL0092,Communication,RELEVANT,4,SYNTHETIC_DEMO_MAPPING,SYNTHETIC
8343.0501,SKL0098,English Communication,RELEVANT,3,SYNTHETIC_DEMO_MAPPING,SYNTHETIC
8343.0501,SKL0093,Problem Solving,RELEVANT,3,SYNTHETIC_DEMO_MAPPING,SYNTHETIC
8343.0501,SKL0094,Microsoft Excel,RELEVANT,2,SYNTHETIC_DEMO_MAPPING,SYNTHETIC
8343.06,SKL0025,Industrial Automation,RELEVANT,4,SYNTHETIC_DEMO_MAPPING,SYNTHETIC
8343.06,SKL0028,Electrical Testing,RELEVANT,2,SYNTHETIC_DEMO_MAPPING,SYNTHETIC
8343.07,SKL0087,Supply Chain Management,RELEVANT,1,SYNTHETIC_DEMO_MAPPING,SYNTHETIC
8343.07,SKL0092,Communication,RELEVANT,2,SYNTHETIC_DEMO_MAPPING,SYNTHETIC
8343.07,SKL0026,IoT,RELEVANT,4,SYNTHETIC_DEMO_MAPPING,SYNTHETIC
8343.08,SKL0049,Electric Motor Systems,RELEVANT,2,SYNTHETIC_DEMO_MAPPING,SYNTHETIC
8343.08,SKL0042,SolidWorks,RELEVANT,1,SYNTHETIC_DEMO_MAPPING,SYNTHETIC
8343.08,SKL0034,Welding,RELEVANT,4,SYNTHETIC_DEMO_MAPPING,SYNTHETIC
8343.08,SKL0029,Control Systems,RELEVANT,4,SYNTHETIC_DEMO_MAPPING,SYNTHETIC
8343.08,SKL0021,PLC,RELEVANT,3,SYNTHETIC_DEMO_MAPPING,SYNTHETIC
8343.09,SKL0035,Quality Control,RELEVANT,2,SYNTHETIC_DEMO_MAPPING,SYNTHETIC
8343.09,SKL0094,Microsoft Excel,RELEVANT,3,SYNTHETIC_DEMO_MAPPING,SYNTHETIC
8343.09,SKL0040,Mechanical Assembly,RELEVANT,3,SYNTHETIC_DEMO_MAPPING,SYNTHETIC
8343.1,SKL0051,Service Operations,RELEVANT,4,SYNTHETIC_DEMO_MAPPING,SYNTHETIC
8343.1,SKL0037,Production Planning,RELEVANT,1,SYNTHETIC_DEMO_MAPPING,SYNTHETIC
8343.1,SKL0046,EV Battery Maintenance,RELEVANT,3,SYNTHETIC_DEMO_MAPPING,SYNTHETIC
8343.1,SKL0044,EV Systems,RELEVANT,2,SYNTHETIC_DEMO_MAPPING,SYNTHETIC
8343.11,SKL0030,AutoCAD Electrical,RELEVANT,2,SYNTHETIC_DEMO_MAPPING,SYNTHETIC
8343.11,SKL0024,PCB Design,RELEVANT,3,SYNTHETIC_DEMO_MAPPING,SYNTHETIC
8343.11,SKL0087,Supply Chain Management,RELEVANT,3,SYNTHETIC_DEMO_MAPPING,SYNTHETIC
8343.11,SKL0052,Two-Wheeler Service,RELEVANT,2,SYNTHETIC_DEMO_MAPPING,SYNTHETIC
8343.11,SKL0027,Sensors,RELEVANT,4,SYNTHETIC_DEMO_MAPPING,SYNTHETIC
8343.12,SKL0048,Auto Electrical,RELEVANT,4,SYNTHETIC_DEMO_MAPPING,SYNTHETIC
8343.12,SKL0030,AutoCAD Electrical,RELEVANT,1,SYNTHETIC_DEMO_MAPPING,SYNTHETIC
8343.12,SKL0092,Communication,RELEVANT,3,SYNTHETIC_DEMO_MAPPING,SYNTHETIC
8343.12,SKL0056,Construction Safety,RELEVANT,3,SYNTHETIC_DEMO_MAPPING,SYNTHETIC
8343.13,SKL0046,EV Battery Maintenance,RELEVANT,2,SYNTHETIC_DEMO_MAPPING,SYNTHETIC
8343.13,SKL0022,SCADA,RELEVANT,3,SYNTHETIC_DEMO_MAPPING,SYNTHETIC
8343.13,SKL0045,Battery Management Systems,RELEVANT,3,SYNTHETIC_DEMO_MAPPING,SYNTHETIC
8343.13,SKL0039,CNC Milling,RELEVANT,2,SYNTHETIC_DEMO_MAPPING,SYNTHETIC
8343.13,SKL0025,Industrial Automation,RELEVANT,2,SYNTHETIC_DEMO_MAPPING,SYNTHETIC
8343.14,SKL0051,Service Operations,RELEVANT,1,SYNTHETIC_DEMO_MAPPING,SYNTHETIC
8343.14,SKL0088,Fleet Management,RELEVANT,1,SYNTHETIC_DEMO_MAPPING,SYNTHETIC
8343.14,SKL0094,Microsoft Excel,RELEVANT,4,SYNTHETIC_DEMO_MAPPING,SYNTHETIC
8343.14,SKL0026,IoT,RELEVANT,1,SYNTHETIC_DEMO_MAPPING,SYNTHETIC
8343.15,SKL0093,Problem Solving,RELEVANT,1,SYNTHETIC_DEMO_MAPPING,SYNTHETIC
8343.15,SKL0022,SCADA,RELEVANT,4,SYNTHETIC_DEMO_MAPPING,SYNTHETIC
8343.15,SKL0050,Automotive CAD,RELEVANT,2,SYNTHETIC_DEMO_MAPPING,SYNTHETIC
8343.16,SKL0058,Surveying,RELEVANT,1,SYNTHETIC_DEMO_MAPPING,SYNTHETIC
8343.16,SKL0094,Microsoft Excel,RELEVANT,4,SYNTHETIC_DEMO_MAPPING,SYNTHETIC
8343.16,SKL0097,Team Management,RELEVANT,2,SYNTHETIC_DEMO_MAPPING,SYNTHETIC
8343.16,SKL0059,Project Planning,RELEVANT,3,SYNTHETIC_DEMO_MAPPING,SYNTHETIC
8343.16,SKL0098,English Communication,RELEVANT,2,SYNTHETIC_DEMO_MAPPING,SYNTHETIC
8343.17,SKL0034,Welding,RELEVANT,2,SYNTHETIC_DEMO_MAPPING,SYNTHETIC
8343.17,SKL0085,Warehouse Management,RELEVANT,2,SYNTHETIC_DEMO_MAPPING,SYNTHETIC
8343.17,SKL0038,CNC Turning,RELEVANT,3,SYNTHETIC_DEMO_MAPPING,SYNTHETIC
8343.17,SKL0040,Mechanical Assembly,RELEVANT,4,SYNTHETIC_DEMO_MAPPING,SYNTHETIC
8343.18,SKL0097,Team Management,RELEVANT,2,SYNTHETIC_DEMO_MAPPING,SYNTHETIC
8343.18,SKL0063,Clinical Documentation,RELEVANT,1,SYNTHETIC_DEMO_MAPPING,SYNTHETIC
8343.18,SKL0024,PCB Design,RELEVANT,2,SYNTHETIC_DEMO_MAPPING,SYNTHETIC
8343.18,SKL0026,IoT,RELEVANT,1,SYNTHETIC_DEMO_MAPPING,SYNTHETIC
8343.18,SKL0059,Project Planning,RELEVANT,4,SYNTHETIC_DEMO_MAPPING,SYNTHETIC
8343.99,SKL0095,Workplace Safety,RELEVANT,3,SYNTHETIC_DEMO_MAPPING,SYNTHETIC
8343.99,SKL0093,Problem Solving,RELEVANT,2,SYNTHETIC_DEMO_MAPPING,SYNTHETIC
8343.99,SKL0094,Microsoft Excel,RELEVANT,2,SYNTHETIC_DEMO_MAPPING,SYNTHETIC
8344.01,SKL0089,Forklift Operation,RELEVANT,3,SYNTHETIC_DEMO_MAPPING,SYNTHETIC
8344.01,SKL0050,Automotive CAD,RELEVANT,2,SYNTHETIC_DEMO_MAPPING,SYNTHETIC
8344.01,SKL0088,Fleet Management,RELEVANT,3,SYNTHETIC_DEMO_MAPPING,SYNTHETIC
8344.01,SKL0093,Problem Solving,RELEVANT,2,SYNTHETIC_DEMO_MAPPING,SYNTHETIC
8344.0201,SKL0087,Supply Chain Management,RELEVANT,4,SYNTHETIC_DEMO_MAPPING,SYNTHETIC
8344.0201,SKL0085,Warehouse Management,RELEVANT,3,SYNTHETIC_DEMO_MAPPING,SYNTHETIC
8344.99,SKL0086,Inventory Management,RELEVANT,4,SYNTHETIC_DEMO_MAPPING,SYNTHETIC
8344.99,SKL0085,Warehouse Management,RELEVANT,3,SYNTHETIC_DEMO_MAPPING,SYNTHETIC
8350.01,SKL0086,Inventory Management,RELEVANT,2,SYNTHETIC_DEMO_MAPPING,SYNTHETIC
8350.01,SKL0096,Digital Literacy,RELEVANT,1,SYNTHETIC_DEMO_MAPPING,SYNTHETIC
8350.01,SKL0093,Problem Solving,RELEVANT,4,SYNTHETIC_DEMO_MAPPING,SYNTHETIC
8350.03,SKL0096,Digital Literacy,RELEVANT,1,SYNTHETIC_DEMO_MAPPING,SYNTHETIC
8350.03,SKL0092,Communication,RELEVANT,3,SYNTHETIC_DEMO_MAPPING,SYNTHETIC
8350.03,SKL0097,Team Management,RELEVANT,3,SYNTHETIC_DEMO_MAPPING,SYNTHETIC
8350.03,SKL0094,Microsoft Excel,RELEVANT,1,SYNTHETIC_DEMO_MAPPING,SYNTHETIC
8350.04,SKL0096,Digital Literacy,RELEVANT,4,SYNTHETIC_DEMO_MAPPING,SYNTHETIC
8350.04,SKL0098,English Communication,RELEVANT,1,SYNTHETIC_DEMO_MAPPING,SYNTHETIC
8350.05,SKL0095,Workplace Safety,RELEVANT,3,SYNTHETIC_DEMO_MAPPING,SYNTHETIC
8350.05,SKL0098,English Communication,RELEVANT,4,SYNTHETIC_DEMO_MAPPING,SYNTHETIC
8350.05,SKL0097,Team Management,RELEVANT,4,SYNTHETIC_DEMO_MAPPING,SYNTHETIC
8350.05,SKL0092,Communication,RELEVANT,2,SYNTHETIC_DEMO_MAPPING,SYNTHETIC
8350.06,SKL0094,Microsoft Excel,RELEVANT,3,SYNTHETIC_DEMO_MAPPING,SYNTHETIC
8350.06,SKL0090,Logistics Planning,RELEVANT,3,SYNTHETIC_DEMO_MAPPING,SYNTHETIC
8350.06,SKL0098,English Communication,RELEVANT,4,SYNTHETIC_DEMO_MAPPING,SYNTHETIC
8350.06,SKL0085,Warehouse Management,RELEVANT,3,SYNTHETIC_DEMO_MAPPING,SYNTHETIC
8350.07,SKL0094,Microsoft Excel,RELEVANT,4,SYNTHETIC_DEMO_MAPPING,SYNTHETIC
8350.07,SKL0096,Digital Literacy,RELEVANT,1,SYNTHETIC_DEMO_MAPPING,SYNTHETIC
8350.07,SKL0098,English Communication,RELEVANT,1,SYNTHETIC_DEMO_MAPPING,SYNTHETIC
8350.07,SKL0097,Team Management,RELEVANT,1,SYNTHETIC_DEMO_MAPPING,SYNTHETIC
8350.08,SKL0098,English Communication,RELEVANT,3,SYNTHETIC_DEMO_MAPPING,SYNTHETIC
8350.08,SKL0049,Electric Motor Systems,RELEVANT,4,SYNTHETIC_DEMO_MAPPING,SYNTHETIC
8350.08,SKL0043,Automotive Diagnostics,RELEVANT,1,SYNTHETIC_DEMO_MAPPING,SYNTHETIC
8350.99,SKL0091,Route Planning,RELEVANT,2,SYNTHETIC_DEMO_MAPPING,SYNTHETIC
8350.99,SKL0039,CNC Milling,RELEVANT,2,SYNTHETIC_DEMO_MAPPING,SYNTHETIC
8350.99,SKL0038,CNC Turning,RELEVANT,4,SYNTHETIC_DEMO_MAPPING,SYNTHETIC
9111.01,SKL0098,English Communication,RELEVANT,1,SYNTHETIC_DEMO_MAPPING,SYNTHETIC
9111.01,SKL0092,Communication,RELEVANT,3,SYNTHETIC_DEMO_MAPPING,SYNTHETIC
9111.01,SKL0093,Problem Solving,RELEVANT,3,SYNTHETIC_DEMO_MAPPING,SYNTHETIC
9111.01,SKL0095,Workplace Safety,RELEVANT,1,SYNTHETIC_DEMO_MAPPING,SYNTHETIC
9111.02,SKL0097,Team Management,RELEVANT,2,SYNTHETIC_DEMO_MAPPING,SYNTHETIC
9111.02,SKL0039,CNC Milling,RELEVANT,4,SYNTHETIC_DEMO_MAPPING,SYNTHETIC
9111.03,SKL0045,Battery Management Systems,RELEVANT,4,SYNTHETIC_DEMO_MAPPING,SYNTHETIC
9111.03,SKL0047,Vehicle Diagnostics,RELEVANT,2,SYNTHETIC_DEMO_MAPPING,SYNTHETIC
9111.03,SKL0093,Problem Solving,RELEVANT,1,SYNTHETIC_DEMO_MAPPING,SYNTHETIC
9111.99,SKL0096,Digital Literacy,RELEVANT,3,SYNTHETIC_DEMO_MAPPING,SYNTHETIC
9111.99,SKL0095,Workplace Safety,RELEVANT,1,SYNTHETIC_DEMO_MAPPING,SYNTHETIC
9111.99,SKL0098,English Communication,RELEVANT,2,SYNTHETIC_DEMO_MAPPING,SYNTHETIC
9112.01,SKL0097,Team Management,RELEVANT,2,SYNTHETIC_DEMO_MAPPING,SYNTHETIC
9112.01,SKL0092,Communication,RELEVANT,3,SYNTHETIC_DEMO_MAPPING,SYNTHETIC
9112.01,SKL0095,Workplace Safety,RELEVANT,2,SYNTHETIC_DEMO_MAPPING,SYNTHETIC
9112.01,SKL0093,Problem Solving,RELEVANT,1,SYNTHETIC_DEMO_MAPPING,SYNTHETIC
9112.01,SKL0098,English Communication,RELEVANT,3,SYNTHETIC_DEMO_MAPPING,SYNTHETIC
9112.02,SKL0065,Laboratory Techniques,RELEVANT,3,SYNTHETIC_DEMO_MAPPING,SYNTHETIC
9112.02,SKL0095,Workplace Safety,RELEVANT,2,SYNTHETIC_DEMO_MAPPING,SYNTHETIC
9112.02,SKL0096,Digital Literacy,RELEVANT,3,SYNTHETIC_DEMO_MAPPING,SYNTHETIC
9112.02,SKL0093,Problem Solving,RELEVANT,1,SYNTHETIC_DEMO_MAPPING,SYNTHETIC
9112.99,SKL0050,Automotive CAD,RELEVANT,1,SYNTHETIC_DEMO_MAPPING,SYNTHETIC
9112.99,SKL0043,Automotive Diagnostics,RELEVANT,1,SYNTHETIC_DEMO_MAPPING,SYNTHETIC
9112.99,SKL0052,Two-Wheeler Service,RELEVANT,4,SYNTHETIC_DEMO_MAPPING,SYNTHETIC
9112.99,SKL0097,Team Management,RELEVANT,3,SYNTHETIC_DEMO_MAPPING,SYNTHETIC
9112.99,SKL0094,Microsoft Excel,RELEVANT,4,SYNTHETIC_DEMO_MAPPING,SYNTHETIC
9121.01,SKL0094,Microsoft Excel,RELEVANT,3,SYNTHETIC_DEMO_MAPPING,SYNTHETIC
9121.01,SKL0095,Workplace Safety,RELEVANT,4,SYNTHETIC_DEMO_MAPPING,SYNTHETIC
9121.01,SKL0042,SolidWorks,RELEVANT,2,SYNTHETIC_DEMO_MAPPING,SYNTHETIC
9121.01,SKL0033,Machine Maintenance,RELEVANT,2,SYNTHETIC_DEMO_MAPPING,SYNTHETIC
9121.02,SKL0094,Microsoft Excel,RELEVANT,1,SYNTHETIC_DEMO_MAPPING,SYNTHETIC
9121.02,SKL0096,Digital Literacy,RELEVANT,3,SYNTHETIC_DEMO_MAPPING,SYNTHETIC
9121.02,SKL0092,Communication,RELEVANT,3,SYNTHETIC_DEMO_MAPPING,SYNTHETIC
9121.03,SKL0040,Mechanical Assembly,RELEVANT,4,SYNTHETIC_DEMO_MAPPING,SYNTHETIC
9121.03,SKL0039,CNC Milling,RELEVANT,1,SYNTHETIC_DEMO_MAPPING,SYNTHETIC
9121.03,SKL0033,Machine Maintenance,RELEVANT,2,SYNTHETIC_DEMO_MAPPING,SYNTHETIC
9121.03,SKL0037,Production Planning,RELEVANT,2,SYNTHETIC_DEMO_MAPPING,SYNTHETIC
9121.04,SKL0097,Team Management,RELEVANT,3,SYNTHETIC_DEMO_MAPPING,SYNTHETIC
9121.04,SKL0092,Communication,RELEVANT,1,SYNTHETIC_DEMO_MAPPING,SYNTHETIC
9121.04,SKL0094,Microsoft Excel,RELEVANT,2,SYNTHETIC_DEMO_MAPPING,SYNTHETIC
9121.05,SKL0035,Quality Control,RELEVANT,2,SYNTHETIC_DEMO_MAPPING,SYNTHETIC
9121.05,SKL0095,Workplace Safety,RELEVANT,1,SYNTHETIC_DEMO_MAPPING,SYNTHETIC
9121.06,SKL0092,Communication,RELEVANT,1,SYNTHETIC_DEMO_MAPPING,SYNTHETIC
9121.06,SKL0098,English Communication,RELEVANT,4,SYNTHETIC_DEMO_MAPPING,SYNTHETIC
9121.07,SKL0032,CNC Operation,RELEVANT,4,SYNTHETIC_DEMO_MAPPING,SYNTHETIC
9121.07,SKL0034,Welding,RELEVANT,1,SYNTHETIC_DEMO_MAPPING,SYNTHETIC
9121.07,SKL0038,CNC Turning,RELEVANT,2,SYNTHETIC_DEMO_MAPPING,SYNTHETIC
9121.07,SKL0094,Microsoft Excel,RELEVANT,1,SYNTHETIC_DEMO_MAPPING,SYNTHETIC
9121.99,SKL0098,English Communication,RELEVANT,3,SYNTHETIC_DEMO_MAPPING,SYNTHETIC
9121.99,SKL0045,Battery Management Systems,RELEVANT,1,SYNTHETIC_DEMO_MAPPING,SYNTHETIC
9121.99,SKL0043,Automotive Diagnostics,RELEVANT,3,SYNTHETIC_DEMO_MAPPING,SYNTHETIC
9121.99,SKL0094,Microsoft Excel,RELEVANT,2,SYNTHETIC_DEMO_MAPPING,SYNTHETIC
9122.01,SKL0098,English Communication,RELEVANT,4,SYNTHETIC_DEMO_MAPPING,SYNTHETIC
9122.01,SKL0092,Communication,RELEVANT,4,SYNTHETIC_DEMO_MAPPING,SYNTHETIC
9122.01,SKL0055,Site Supervision,RELEVANT,4,SYNTHETIC_DEMO_MAPPING,SYNTHETIC
9122.0201,SKL0094,Microsoft Excel,RELEVANT,1,SYNTHETIC_DEMO_MAPPING,SYNTHETIC
9122.0201,SKL0051,Service Operations,RELEVANT,3,SYNTHETIC_DEMO_MAPPING,SYNTHETIC
9122.0301,SKL0040,Mechanical Assembly,RELEVANT,1,SYNTHETIC_DEMO_MAPPING,SYNTHETIC
9122.0301,SKL0095,Workplace Safety,RELEVANT,4,SYNTHETIC_DEMO_MAPPING,SYNTHETIC
9122.0301,SKL0043,Automotive Diagnostics,RELEVANT,3,SYNTHETIC_DEMO_MAPPING,SYNTHETIC
9122.0301,SKL0049,Electric Motor Systems,RELEVANT,4,SYNTHETIC_DEMO_MAPPING,SYNTHETIC
9122.99,SKL0060,Structural Analysis,RELEVANT,4,SYNTHETIC_DEMO_MAPPING,SYNTHETIC
9122.99,SKL0050,Automotive CAD,RELEVANT,2,SYNTHETIC_DEMO_MAPPING,SYNTHETIC
9122.99,SKL0043,Automotive Diagnostics,RELEVANT,4,SYNTHETIC_DEMO_MAPPING,SYNTHETIC
9122.99,SKL0092,Communication,RELEVANT,2,SYNTHETIC_DEMO_MAPPING,SYNTHETIC
9211.01,SKL0080,Precision Agriculture,RELEVANT,4,SYNTHETIC_DEMO_MAPPING,SYNTHETIC
9211.01,SKL0093,Problem Solving,RELEVANT,3,SYNTHETIC_DEMO_MAPPING,SYNTHETIC
9211.01,SKL0096,Digital Literacy,RELEVANT,2,SYNTHETIC_DEMO_MAPPING,SYNTHETIC
9211.02,SKL0095,Workplace Safety,RELEVANT,4,SYNTHETIC_DEMO_MAPPING,SYNTHETIC
9211.02,SKL0082,Post-Harvest Management,RELEVANT,3,SYNTHETIC_DEMO_MAPPING,SYNTHETIC
9211.03,SKL0092,Communication,RELEVANT,1,SYNTHETIC_DEMO_MAPPING,SYNTHETIC
9211.03,SKL0098,English Communication,RELEVANT,4,SYNTHETIC_DEMO_MAPPING,SYNTHETIC
9211.03,SKL0093,Problem Solving,RELEVANT,1,SYNTHETIC_DEMO_MAPPING,SYNTHETIC
9211.03,SKL0095,Workplace Safety,RELEVANT,4,SYNTHETIC_DEMO_MAPPING,SYNTHETIC
9211.03,SKL0097,Team Management,RELEVANT,3,SYNTHETIC_DEMO_MAPPING,SYNTHETIC
9211.99,SKL0098,English Communication,RELEVANT,3,SYNTHETIC_DEMO_MAPPING,SYNTHETIC
9211.99,SKL0083,Food Processing,RELEVANT,2,SYNTHETIC_DEMO_MAPPING,SYNTHETIC
9211.99,SKL0096,Digital Literacy,RELEVANT,2,SYNTHETIC_DEMO_MAPPING,SYNTHETIC
9215.01,SKL0040,Mechanical Assembly,RELEVANT,4,SYNTHETIC_DEMO_MAPPING,SYNTHETIC
9215.01,SKL0094,Microsoft Excel,RELEVANT,4,SYNTHETIC_DEMO_MAPPING,SYNTHETIC
9215.01,SKL0093,Problem Solving,RELEVANT,2,SYNTHETIC_DEMO_MAPPING,SYNTHETIC
9215.02,SKL0093,Problem Solving,RELEVANT,1,SYNTHETIC_DEMO_MAPPING,SYNTHETIC
9215.02,SKL0097,Team Management,RELEVANT,4,SYNTHETIC_DEMO_MAPPING,SYNTHETIC
9215.02,SKL0095,Workplace Safety,RELEVANT,3,SYNTHETIC_DEMO_MAPPING,SYNTHETIC
9215.02,SKL0096,Digital Literacy,RELEVANT,1,SYNTHETIC_DEMO_MAPPING,SYNTHETIC
9215.02,SKL0098,English Communication,RELEVANT,1,SYNTHETIC_DEMO_MAPPING,SYNTHETIC
9215.99,SKL0095,Workplace Safety,RELEVANT,3,SYNTHETIC_DEMO_MAPPING,SYNTHETIC
9215.99,SKL0094,Microsoft Excel,RELEVANT,1,SYNTHETIC_DEMO_MAPPING,SYNTHETIC
9215.99,SKL0092,Communication,RELEVANT,2,SYNTHETIC_DEMO_MAPPING,SYNTHETIC
9311.01,SKL0098,English Communication,RELEVANT,1,SYNTHETIC_DEMO_MAPPING,SYNTHETIC
9311.01,SKL0096,Digital Literacy,RELEVANT,3,SYNTHETIC_DEMO_MAPPING,SYNTHETIC
9311.01,SKL0092,Communication,RELEVANT,4,SYNTHETIC_DEMO_MAPPING,SYNTHETIC
9311.01,SKL0093,Problem Solving,RELEVANT,4,SYNTHETIC_DEMO_MAPPING,SYNTHETIC
9311.0101,SKL0056,Construction Safety,RELEVANT,2,SYNTHETIC_DEMO_MAPPING,SYNTHETIC
9311.0101,SKL0093,Problem Solving,RELEVANT,1,SYNTHETIC_DEMO_MAPPING,SYNTHETIC
9311.02,SKL0095,Workplace Safety,RELEVANT,2,SYNTHETIC_DEMO_MAPPING,SYNTHETIC
9311.02,SKL0098,English Communication,RELEVANT,3,SYNTHETIC_DEMO_MAPPING,SYNTHETIC
9311.02,SKL0092,Communication,RELEVANT,2,SYNTHETIC_DEMO_MAPPING,SYNTHETIC
9311.99,SKL0093,Problem Solving,RELEVANT,2,SYNTHETIC_DEMO_MAPPING,SYNTHETIC
9311.99,SKL0096,Digital Literacy,RELEVANT,2,SYNTHETIC_DEMO_MAPPING,SYNTHETIC
9311.99,SKL0092,Communication,RELEVANT,3,SYNTHETIC_DEMO_MAPPING,SYNTHETIC
9311.99,SKL0094,Microsoft Excel,RELEVANT,1,SYNTHETIC_DEMO_MAPPING,SYNTHETIC
9311.99,SKL0095,Workplace Safety,RELEVANT,2,SYNTHETIC_DEMO_MAPPING,SYNTHETIC
9312.01,SKL0036,Lean Manufacturing,RELEVANT,2,SYNTHETIC_DEMO_MAPPING,SYNTHETIC
9312.01,SKL0094,Microsoft Excel,RELEVANT,3,SYNTHETIC_DEMO_MAPPING,SYNTHETIC
9312.01,SKL0033,Machine Maintenance,RELEVANT,2,SYNTHETIC_DEMO_MAPPING,SYNTHETIC
9312.02,SKL0087,Supply Chain Management,RELEVANT,2,SYNTHETIC_DEMO_MAPPING,SYNTHETIC
9312.02,SKL0052,Two-Wheeler Service,RELEVANT,3,SYNTHETIC_DEMO_MAPPING,SYNTHETIC
9312.02,SKL0041,AutoCAD,RELEVANT,2,SYNTHETIC_DEMO_MAPPING,SYNTHETIC
9312.99,SKL0098,English Communication,RELEVANT,3,SYNTHETIC_DEMO_MAPPING,SYNTHETIC
9312.99,SKL0059,Project Planning,RELEVANT,4,SYNTHETIC_DEMO_MAPPING,SYNTHETIC
9312.99,SKL0057,Civil Drafting,RELEVANT,4,SYNTHETIC_DEMO_MAPPING,SYNTHETIC
9312.99,SKL0093,Problem Solving,RELEVANT,2,SYNTHETIC_DEMO_MAPPING,SYNTHETIC
9312.99,SKL0060,Structural Analysis,RELEVANT,1,SYNTHETIC_DEMO_MAPPING,SYNTHETIC
9313.01,SKL0092,Communication,RELEVANT,1,SYNTHETIC_DEMO_MAPPING,SYNTHETIC
9313.01,SKL0098,English Communication,RELEVANT,2,SYNTHETIC_DEMO_MAPPING,SYNTHETIC
9313.0201,SKL0096,Digital Literacy,RELEVANT,1,SYNTHETIC_DEMO_MAPPING,SYNTHETIC
9313.0201,SKL0040,Mechanical Assembly,RELEVANT,3,SYNTHETIC_DEMO_MAPPING,SYNTHETIC
9313.0201,SKL0031,CNC Programming,RELEVANT,1,SYNTHETIC_DEMO_MAPPING,SYNTHETIC
9313.0201,SKL0097,Team Management,RELEVANT,4,SYNTHETIC_DEMO_MAPPING,SYNTHETIC
9313.0301,SKL0039,CNC Milling,RELEVANT,3,SYNTHETIC_DEMO_MAPPING,SYNTHETIC
9313.0301,SKL0054,Quantity Surveying,RELEVANT,4,SYNTHETIC_DEMO_MAPPING,SYNTHETIC
9313.0301,SKL0064,Pharmacy Operations,RELEVANT,1,SYNTHETIC_DEMO_MAPPING,SYNTHETIC
9313.0301,SKL0040,Mechanical Assembly,RELEVANT,3,SYNTHETIC_DEMO_MAPPING,SYNTHETIC
9313.0401,SKL0032,CNC Operation,RELEVANT,4,SYNTHETIC_DEMO_MAPPING,SYNTHETIC
9313.0401,SKL0092,Communication,RELEVANT,2,SYNTHETIC_DEMO_MAPPING,SYNTHETIC
9313.0401,SKL0031,CNC Programming,RELEVANT,2,SYNTHETIC_DEMO_MAPPING,SYNTHETIC
9313.0401,SKL0039,CNC Milling,RELEVANT,3,SYNTHETIC_DEMO_MAPPING,SYNTHETIC
9313.0501,SKL0097,Team Management,RELEVANT,3,SYNTHETIC_DEMO_MAPPING,SYNTHETIC
9313.0501,SKL0024,PCB Design,RELEVANT,2,SYNTHETIC_DEMO_MAPPING,SYNTHETIC
9313.0601,SKL0027,Sensors,RELEVANT,1,SYNTHETIC_DEMO_MAPPING,SYNTHETIC
9313.0601,SKL0021,PLC,RELEVANT,2,SYNTHETIC_DEMO_MAPPING,SYNTHETIC
9313.0701,SKL0062,Medical Coding,RELEVANT,4,SYNTHETIC_DEMO_MAPPING,SYNTHETIC
9313.0701,SKL0096,Digital Literacy,RELEVANT,1,SYNTHETIC_DEMO_MAPPING,SYNTHETIC
9313.0701,SKL0037,Production Planning,RELEVANT,1,SYNTHETIC_DEMO_MAPPING,SYNTHETIC
9313.99,SKL0096,Digital Literacy,RELEVANT,3,SYNTHETIC_DEMO_MAPPING,SYNTHETIC
9313.99,SKL0092,Communication,RELEVANT,3,SYNTHETIC_DEMO_MAPPING,SYNTHETIC
9313.99,SKL0055,Site Supervision,RELEVANT,4,SYNTHETIC_DEMO_MAPPING,SYNTHETIC
9321.0101,SKL0036,Lean Manufacturing,RELEVANT,3,SYNTHETIC_DEMO_MAPPING,SYNTHETIC
9321.0101,SKL0093,Problem Solving,RELEVANT,3,SYNTHETIC_DEMO_MAPPING,SYNTHETIC
9321.0101,SKL0097,Team Management,RELEVANT,1,SYNTHETIC_DEMO_MAPPING,SYNTHETIC
9321.0101,SKL0090,Logistics Planning,RELEVANT,2,SYNTHETIC_DEMO_MAPPING,SYNTHETIC
9321.0101,SKL0032,CNC Operation,RELEVANT,3,SYNTHETIC_DEMO_MAPPING,SYNTHETIC
9321.0102,SKL0002,Java,RELEVANT,2,SYNTHETIC_DEMO_MAPPING,SYNTHETIC
9321.0102,SKL0013,AWS,RELEVANT,1,SYNTHETIC_DEMO_MAPPING,SYNTHETIC
9321.0102,SKL0009,PostgreSQL,RELEVANT,3,SYNTHETIC_DEMO_MAPPING,SYNTHETIC
9321.0102,SKL0010,REST APIs,RELEVANT,1,SYNTHETIC_DEMO_MAPPING,SYNTHETIC
9321.0201,SKL0036,Lean Manufacturing,RELEVANT,2,SYNTHETIC_DEMO_MAPPING,SYNTHETIC
9321.0201,SKL0094,Microsoft Excel,RELEVANT,2,SYNTHETIC_DEMO_MAPPING,SYNTHETIC
9321.0205,SKL0031,CNC Programming,RELEVANT,3,SYNTHETIC_DEMO_MAPPING,SYNTHETIC
9321.0205,SKL0033,Machine Maintenance,RELEVANT,1,SYNTHETIC_DEMO_MAPPING,SYNTHETIC
9321.0205,SKL0037,Production Planning,RELEVANT,3,SYNTHETIC_DEMO_MAPPING,SYNTHETIC
9321.0205,SKL0068,Accounting,RELEVANT,2,SYNTHETIC_DEMO_MAPPING,SYNTHETIC
9321.0205,SKL0032,CNC Operation,RELEVANT,4,SYNTHETIC_DEMO_MAPPING,SYNTHETIC
9321.03,SKL0095,Workplace Safety,RELEVANT,4,SYNTHETIC_DEMO_MAPPING,SYNTHETIC
9321.03,SKL0093,Problem Solving,RELEVANT,3,SYNTHETIC_DEMO_MAPPING,SYNTHETIC
9321.04,SKL0034,Welding,RELEVANT,1,SYNTHETIC_DEMO_MAPPING,SYNTHETIC
9321.04,SKL0097,Team Management,RELEVANT,4,SYNTHETIC_DEMO_MAPPING,SYNTHETIC
9321.04,SKL0096,Digital Literacy,RELEVANT,1,SYNTHETIC_DEMO_MAPPING,SYNTHETIC
9321.04,SKL0039,CNC Milling,RELEVANT,1,SYNTHETIC_DEMO_MAPPING,SYNTHETIC
9321.1101,SKL0031,CNC Programming,RELEVANT,2,SYNTHETIC_DEMO_MAPPING,SYNTHETIC
9321.1101,SKL0093,Problem Solving,RELEVANT,3,SYNTHETIC_DEMO_MAPPING,SYNTHETIC
9321.1102,SKL0004,TypeScript,RELEVANT,1,SYNTHETIC_DEMO_MAPPING,SYNTHETIC
9321.1102,SKL0019,UI/UX Design,RELEVANT,1,SYNTHETIC_DEMO_MAPPING,SYNTHETIC
9321.1102,SKL0095,Workplace Safety,RELEVANT,4,SYNTHETIC_DEMO_MAPPING,SYNTHETIC
9321.1103,SKL0098,English Communication,RELEVANT,4,SYNTHETIC_DEMO_MAPPING,SYNTHETIC
9321.1103,SKL0092,Communication,RELEVANT,1,SYNTHETIC_DEMO_MAPPING,SYNTHETIC
9321.12,SKL0098,English Communication,RELEVANT,2,SYNTHETIC_DEMO_MAPPING,SYNTHETIC
9321.12,SKL0092,Communication,RELEVANT,2,SYNTHETIC_DEMO_MAPPING,SYNTHETIC
9321.12,SKL0097,Team Management,RELEVANT,2,SYNTHETIC_DEMO_MAPPING,SYNTHETIC
9321.12,SKL0096,Digital Literacy,RELEVANT,2,SYNTHETIC_DEMO_MAPPING,SYNTHETIC
9321.13,SKL0042,SolidWorks,RELEVANT,2,SYNTHETIC_DEMO_MAPPING,SYNTHETIC
9321.13,SKL0040,Mechanical Assembly,RELEVANT,2,SYNTHETIC_DEMO_MAPPING,SYNTHETIC
9321.13,SKL0041,AutoCAD,RELEVANT,3,SYNTHETIC_DEMO_MAPPING,SYNTHETIC
9321.13,SKL0032,CNC Operation,RELEVANT,4,SYNTHETIC_DEMO_MAPPING,SYNTHETIC
9321.1401,SKL0096,Digital Literacy,RELEVANT,3,SYNTHETIC_DEMO_MAPPING,SYNTHETIC
9321.1401,SKL0032,CNC Operation,RELEVANT,4,SYNTHETIC_DEMO_MAPPING,SYNTHETIC
9321.1401,SKL0036,Lean Manufacturing,RELEVANT,4,SYNTHETIC_DEMO_MAPPING,SYNTHETIC
9321.1401,SKL0095,Workplace Safety,RELEVANT,3,SYNTHETIC_DEMO_MAPPING,SYNTHETIC
9321.99,SKL0033,Machine Maintenance,RELEVANT,1,SYNTHETIC_DEMO_MAPPING,SYNTHETIC
9321.99,SKL0040,Mechanical Assembly,RELEVANT,3,SYNTHETIC_DEMO_MAPPING,SYNTHETIC
9321.99,SKL0031,CNC Programming,RELEVANT,1,SYNTHETIC_DEMO_MAPPING,SYNTHETIC
9329.01,SKL0042,SolidWorks,RELEVANT,4,SYNTHETIC_DEMO_MAPPING,SYNTHETIC
9329.01,SKL0091,Route Planning,RELEVANT,2,SYNTHETIC_DEMO_MAPPING,SYNTHETIC
9329.01,SKL0085,Warehouse Management,RELEVANT,2,SYNTHETIC_DEMO_MAPPING,SYNTHETIC
9329.02,SKL0049,Electric Motor Systems,RELEVANT,3,SYNTHETIC_DEMO_MAPPING,SYNTHETIC
9329.02,SKL0096,Digital Literacy,RELEVANT,2,SYNTHETIC_DEMO_MAPPING,SYNTHETIC
9329.03,SKL0051,Service Operations,RELEVANT,4,SYNTHETIC_DEMO_MAPPING,SYNTHETIC
9329.03,SKL0085,Warehouse Management,RELEVANT,3,SYNTHETIC_DEMO_MAPPING,SYNTHETIC
9329.03,SKL0033,Machine Maintenance,RELEVANT,4,SYNTHETIC_DEMO_MAPPING,SYNTHETIC
9329.03,SKL0038,CNC Turning,RELEVANT,3,SYNTHETIC_DEMO_MAPPING,SYNTHETIC
9329.04,SKL0093,Problem Solving,RELEVANT,3,SYNTHETIC_DEMO_MAPPING,SYNTHETIC
9329.04,SKL0020,Figma,RELEVANT,1,SYNTHETIC_DEMO_MAPPING,SYNTHETIC
9329.04,SKL0089,Forklift Operation,RELEVANT,2,SYNTHETIC_DEMO_MAPPING,SYNTHETIC
9329.04,SKL0011,Git,RELEVANT,2,SYNTHETIC_DEMO_MAPPING,SYNTHETIC
9329.04,SKL0092,Communication,RELEVANT,4,SYNTHETIC_DEMO_MAPPING,SYNTHETIC
9329.05,SKL0090,Logistics Planning,RELEVANT,1,SYNTHETIC_DEMO_MAPPING,SYNTHETIC
9329.05,SKL0023,Embedded Systems,RELEVANT,4,SYNTHETIC_DEMO_MAPPING,SYNTHETIC
9329.06,SKL0093,Problem Solving,RELEVANT,4,SYNTHETIC_DEMO_MAPPING,SYNTHETIC
9329.06,SKL0094,Microsoft Excel,RELEVANT,2,SYNTHETIC_DEMO_MAPPING,SYNTHETIC
9329.06,SKL0052,Two-Wheeler Service,RELEVANT,4,SYNTHETIC_DEMO_MAPPING,SYNTHETIC
9329.0701,SKL0047,Vehicle Diagnostics,RELEVANT,2,SYNTHETIC_DEMO_MAPPING,SYNTHETIC
9329.0701,SKL0038,CNC Turning,RELEVANT,1,SYNTHETIC_DEMO_MAPPING,SYNTHETIC
9329.0701,SKL0041,AutoCAD,RELEVANT,1,SYNTHETIC_DEMO_MAPPING,SYNTHETIC
9329.0701,SKL0048,Auto Electrical,RELEVANT,2,SYNTHETIC_DEMO_MAPPING,SYNTHETIC
9329.0701,SKL0043,Automotive Diagnostics,RELEVANT,4,SYNTHETIC_DEMO_MAPPING,SYNTHETIC
9329.0801,SKL0037,Production Planning,RELEVANT,4,SYNTHETIC_DEMO_MAPPING,SYNTHETIC
9329.0801,SKL0041,AutoCAD,RELEVANT,4,SYNTHETIC_DEMO_MAPPING,SYNTHETIC
9331.01,SKL0088,Fleet Management,RELEVANT,2,SYNTHETIC_DEMO_MAPPING,SYNTHETIC
9331.01,SKL0091,Route Planning,RELEVANT,2,SYNTHETIC_DEMO_MAPPING,SYNTHETIC
9331.01,SKL0043,Automotive Diagnostics,RELEVANT,3,SYNTHETIC_DEMO_MAPPING,SYNTHETIC
9331.01,SKL0085,Warehouse Management,RELEVANT,4,SYNTHETIC_DEMO_MAPPING,SYNTHETIC
9331.03,SKL0088,Fleet Management,RELEVANT,1,SYNTHETIC_DEMO_MAPPING,SYNTHETIC
9331.03,SKL0091,Route Planning,RELEVANT,4,SYNTHETIC_DEMO_MAPPING,SYNTHETIC
9331.04,SKL0033,Machine Maintenance,RELEVANT,2,SYNTHETIC_DEMO_MAPPING,SYNTHETIC
9331.04,SKL0093,Problem Solving,RELEVANT,1,SYNTHETIC_DEMO_MAPPING,SYNTHETIC
9331.04,SKL0092,Communication,RELEVANT,2,SYNTHETIC_DEMO_MAPPING,SYNTHETIC
9331.06,SKL0091,Route Planning,RELEVANT,4,SYNTHETIC_DEMO_MAPPING,SYNTHETIC
9331.06,SKL0098,English Communication,RELEVANT,1,SYNTHETIC_DEMO_MAPPING,SYNTHETIC
9331.06,SKL0090,Logistics Planning,RELEVANT,3,SYNTHETIC_DEMO_MAPPING,SYNTHETIC
9331.06,SKL0085,Warehouse Management,RELEVANT,3,SYNTHETIC_DEMO_MAPPING,SYNTHETIC
9331.06,SKL0096,Digital Literacy,RELEVANT,1,SYNTHETIC_DEMO_MAPPING,SYNTHETIC
9331.07,SKL0026,IoT,RELEVANT,1,SYNTHETIC_DEMO_MAPPING,SYNTHETIC
9331.07,SKL0029,Control Systems,RELEVANT,4,SYNTHETIC_DEMO_MAPPING,SYNTHETIC
9331.99,SKL0090,Logistics Planning,RELEVANT,3,SYNTHETIC_DEMO_MAPPING,SYNTHETIC
9331.99,SKL0085,Warehouse Management,RELEVANT,3,SYNTHETIC_DEMO_MAPPING,SYNTHETIC
9331.99,SKL0050,Automotive CAD,RELEVANT,2,SYNTHETIC_DEMO_MAPPING,SYNTHETIC
9331.99,SKL0086,Inventory Management,RELEVANT,1,SYNTHETIC_DEMO_MAPPING,SYNTHETIC
9331.99,SKL0096,Digital Literacy,RELEVANT,3,SYNTHETIC_DEMO_MAPPING,SYNTHETIC
9332.01,SKL0093,Problem Solving,RELEVANT,1,SYNTHETIC_DEMO_MAPPING,SYNTHETIC
9332.01,SKL0086,Inventory Management,RELEVANT,4,SYNTHETIC_DEMO_MAPPING,SYNTHETIC
9332.02,SKL0094,Microsoft Excel,RELEVANT,2,SYNTHETIC_DEMO_MAPPING,SYNTHETIC
9332.02,SKL0088,Fleet Management,RELEVANT,4,SYNTHETIC_DEMO_MAPPING,SYNTHETIC
9332.02,SKL0095,Workplace Safety,RELEVANT,1,SYNTHETIC_DEMO_MAPPING,SYNTHETIC
9332.02,SKL0097,Team Management,RELEVANT,4,SYNTHETIC_DEMO_MAPPING,SYNTHETIC
9332.03,SKL0096,Digital Literacy,RELEVANT,4,SYNTHETIC_DEMO_MAPPING,SYNTHETIC
9332.03,SKL0090,Logistics Planning,RELEVANT,3,SYNTHETIC_DEMO_MAPPING,SYNTHETIC
9332.03,SKL0085,Warehouse Management,RELEVANT,1,SYNTHETIC_DEMO_MAPPING,SYNTHETIC
9332.03,SKL0087,Supply Chain Management,RELEVANT,3,SYNTHETIC_DEMO_MAPPING,SYNTHETIC
9332.03,SKL0098,English Communication,RELEVANT,3,SYNTHETIC_DEMO_MAPPING,SYNTHETIC
9332.04,SKL0086,Inventory Management,RELEVANT,1,SYNTHETIC_DEMO_MAPPING,SYNTHETIC
9332.04,SKL0098,English Communication,RELEVANT,2,SYNTHETIC_DEMO_MAPPING,SYNTHETIC
9332.04,SKL0087,Supply Chain Management,RELEVANT,4,SYNTHETIC_DEMO_MAPPING,SYNTHETIC
9332.04,SKL0094,Microsoft Excel,RELEVANT,1,SYNTHETIC_DEMO_MAPPING,SYNTHETIC
9332.05,SKL0088,Fleet Management,RELEVANT,1,SYNTHETIC_DEMO_MAPPING,SYNTHETIC
9332.05,SKL0097,Team Management,RELEVANT,1,SYNTHETIC_DEMO_MAPPING,SYNTHETIC
9332.99,SKL0094,Microsoft Excel,RELEVANT,4,SYNTHETIC_DEMO_MAPPING,SYNTHETIC
9332.99,SKL0047,Vehicle Diagnostics,RELEVANT,3,SYNTHETIC_DEMO_MAPPING,SYNTHETIC
9332.99,SKL0098,English Communication,RELEVANT,2,SYNTHETIC_DEMO_MAPPING,SYNTHETIC
9332.99,SKL0048,Auto Electrical,RELEVANT,1,SYNTHETIC_DEMO_MAPPING,SYNTHETIC
9333.01,SKL0039,CNC Milling,RELEVANT,4,SYNTHETIC_DEMO_MAPPING,SYNTHETIC
9333.01,SKL0051,Service Operations,RELEVANT,4,SYNTHETIC_DEMO_MAPPING,SYNTHETIC
9333.01,SKL0037,Production Planning,RELEVANT,2,SYNTHETIC_DEMO_MAPPING,SYNTHETIC
9333.01,SKL0090,Logistics Planning,RELEVANT,4,SYNTHETIC_DEMO_MAPPING,SYNTHETIC
9333.01,SKL0088,Fleet Management,RELEVANT,2,SYNTHETIC_DEMO_MAPPING,SYNTHETIC
9333.0101,SKL0044,EV Systems,RELEVANT,4,SYNTHETIC_DEMO_MAPPING,SYNTHETIC
9333.0101,SKL0092,Communication,RELEVANT,4,SYNTHETIC_DEMO_MAPPING,SYNTHETIC
9333.0202,SKL0095,Workplace Safety,RELEVANT,2,SYNTHETIC_DEMO_MAPPING,SYNTHETIC
9333.0202,SKL0098,English Communication,RELEVANT,4,SYNTHETIC_DEMO_MAPPING,SYNTHETIC
9333.99,SKL0090,Logistics Planning,RELEVANT,4,SYNTHETIC_DEMO_MAPPING,SYNTHETIC
9333.99,SKL0097,Team Management,RELEVANT,4,SYNTHETIC_DEMO_MAPPING,SYNTHETIC
9333.99,SKL0086,Inventory Management,RELEVANT,4,SYNTHETIC_DEMO_MAPPING,SYNTHETIC
9333.99,SKL0098,English Communication,RELEVANT,4,SYNTHETIC_DEMO_MAPPING,SYNTHETIC
9412.01,SKL0040,Mechanical Assembly,RELEVANT,1,SYNTHETIC_DEMO_MAPPING,SYNTHETIC
9412.01,SKL0039,CNC Milling,RELEVANT,4,SYNTHETIC_DEMO_MAPPING,SYNTHETIC
9412.01,SKL0033,Machine Maintenance,RELEVANT,4,SYNTHETIC_DEMO_MAPPING,SYNTHETIC
9412.01,SKL0036,Lean Manufacturing,RELEVANT,2,SYNTHETIC_DEMO_MAPPING,SYNTHETIC
9412.01,SKL0042,SolidWorks,RELEVANT,4,SYNTHETIC_DEMO_MAPPING,SYNTHETIC
9510.01,SKL0093,Problem Solving,RELEVANT,3,SYNTHETIC_DEMO_MAPPING,SYNTHETIC
9510.01,SKL0098,English Communication,RELEVANT,4,SYNTHETIC_DEMO_MAPPING,SYNTHETIC
9510.02,SKL0034,Welding,RELEVANT,2,SYNTHETIC_DEMO_MAPPING,SYNTHETIC
9510.02,SKL0037,Production Planning,RELEVANT,3,SYNTHETIC_DEMO_MAPPING,SYNTHETIC
9510.02,SKL0036,Lean Manufacturing,RELEVANT,1,SYNTHETIC_DEMO_MAPPING,SYNTHETIC
9510.02,SKL0038,CNC Turning,RELEVANT,2,SYNTHETIC_DEMO_MAPPING,SYNTHETIC
9510.99,SKL0051,Service Operations,RELEVANT,3,SYNTHETIC_DEMO_MAPPING,SYNTHETIC
9510.99,SKL0046,EV Battery Maintenance,RELEVANT,1,SYNTHETIC_DEMO_MAPPING,SYNTHETIC
9510.99,SKL0095,Workplace Safety,RELEVANT,1,SYNTHETIC_DEMO_MAPPING,SYNTHETIC
9510.99,SKL0093,Problem Solving,RELEVANT,1,SYNTHETIC_DEMO_MAPPING,SYNTHETIC
9520.01,SKL0096,Digital Literacy,RELEVANT,2,SYNTHETIC_DEMO_MAPPING,SYNTHETIC
9520.01,SKL0068,Accounting,RELEVANT,3,SYNTHETIC_DEMO_MAPPING,SYNTHETIC
9520.01,SKL0075,Sales,RELEVANT,1,SYNTHETIC_DEMO_MAPPING,SYNTHETIC
9520.01,SKL0074,Digital Marketing,RELEVANT,2,SYNTHETIC_DEMO_MAPPING,SYNTHETIC
9520.01,SKL0092,Communication,RELEVANT,4,SYNTHETIC_DEMO_MAPPING,SYNTHETIC
9520.99,SKL0095,Workplace Safety,RELEVANT,3,SYNTHETIC_DEMO_MAPPING,SYNTHETIC
9520.99,SKL0093,Problem Solving,RELEVANT,1,SYNTHETIC_DEMO_MAPPING,SYNTHETIC
9520.99,SKL0098,English Communication,RELEVANT,3,SYNTHETIC_DEMO_MAPPING,SYNTHETIC
9520.99,SKL0092,Communication,RELEVANT,1,SYNTHETIC_DEMO_MAPPING,SYNTHETIC
9520.99,SKL0094,Microsoft Excel,RELEVANT,2,SYNTHETIC_DEMO_MAPPING,SYNTHETIC
9611.01,SKL0052,Two-Wheeler Service,RELEVANT,4,SYNTHETIC_DEMO_MAPPING,SYNTHETIC
9611.01,SKL0089,Forklift Operation,RELEVANT,3,SYNTHETIC_DEMO_MAPPING,SYNTHETIC
9611.01,SKL0092,Communication,RELEVANT,4,SYNTHETIC_DEMO_MAPPING,SYNTHETIC
9611.0201,SKL0086,Inventory Management,RELEVANT,2,SYNTHETIC_DEMO_MAPPING,SYNTHETIC
9611.0201,SKL0047,Vehicle Diagnostics,RELEVANT,1,SYNTHETIC_DEMO_MAPPING,SYNTHETIC
9611.0201,SKL0095,Workplace Safety,RELEVANT,3,SYNTHETIC_DEMO_MAPPING,SYNTHETIC
9611.99,SKL0055,Site Supervision,RELEVANT,3,SYNTHETIC_DEMO_MAPPING,SYNTHETIC
9611.99,SKL0054,Quantity Surveying,RELEVANT,1,SYNTHETIC_DEMO_MAPPING,SYNTHETIC
9611.99,SKL0094,Microsoft Excel,RELEVANT,1,SYNTHETIC_DEMO_MAPPING,SYNTHETIC
9613.03,SKL0094,Microsoft Excel,RELEVANT,4,SYNTHETIC_DEMO_MAPPING,SYNTHETIC
9613.03,SKL0096,Digital Literacy,RELEVANT,4,SYNTHETIC_DEMO_MAPPING,SYNTHETIC
9613.04,SKL0066,Medical Equipment Maintenance,RELEVANT,2,SYNTHETIC_DEMO_MAPPING,SYNTHETIC
9613.04,SKL0092,Communication,RELEVANT,4,SYNTHETIC_DEMO_MAPPING,SYNTHETIC
9613.04,SKL0067,Healthcare Administration,RELEVANT,3,SYNTHETIC_DEMO_MAPPING,SYNTHETIC
9613.05,SKL0023,Embedded Systems,RELEVANT,1,SYNTHETIC_DEMO_MAPPING,SYNTHETIC
9613.05,SKL0029,Control Systems,RELEVANT,2,SYNTHETIC_DEMO_MAPPING,SYNTHETIC
9613.05,SKL0030,AutoCAD Electrical,RELEVANT,2,SYNTHETIC_DEMO_MAPPING,SYNTHETIC
9613.05,SKL0022,SCADA,RELEVANT,1,SYNTHETIC_DEMO_MAPPING,SYNTHETIC
9613.99,SKL0095,Workplace Safety,RELEVANT,1,SYNTHETIC_DEMO_MAPPING,SYNTHETIC
9613.99,SKL0092,Communication,RELEVANT,4,SYNTHETIC_DEMO_MAPPING,SYNTHETIC
9613.99,SKL0094,Microsoft Excel,RELEVANT,2,SYNTHETIC_DEMO_MAPPING,SYNTHETIC
9613.99,SKL0097,Team Management,RELEVANT,1,SYNTHETIC_DEMO_MAPPING,SYNTHETIC
9613.99,SKL0098,English Communication,RELEVANT,1,SYNTHETIC_DEMO_MAPPING,SYNTHETIC
9621.03,SKL0097,Team Management,RELEVANT,1,SYNTHETIC_DEMO_MAPPING,SYNTHETIC
9621.03,SKL0092,Communication,RELEVANT,4,SYNTHETIC_DEMO_MAPPING,SYNTHETIC
9621.04,SKL0097,Team Management,RELEVANT,2,SYNTHETIC_DEMO_MAPPING,SYNTHETIC
9621.04,SKL0047,Vehicle Diagnostics,RELEVANT,4,SYNTHETIC_DEMO_MAPPING,SYNTHETIC
9621.04,SKL0091,Route Planning,RELEVANT,3,SYNTHETIC_DEMO_MAPPING,SYNTHETIC
9621.05,SKL0089,Forklift Operation,RELEVANT,4,SYNTHETIC_DEMO_MAPPING,SYNTHETIC
9621.05,SKL0047,Vehicle Diagnostics,RELEVANT,3,SYNTHETIC_DEMO_MAPPING,SYNTHETIC
9621.05,SKL0087,Supply Chain Management,RELEVANT,3,SYNTHETIC_DEMO_MAPPING,SYNTHETIC
9621.05,SKL0070,GST,RELEVANT,4,SYNTHETIC_DEMO_MAPPING,SYNTHETIC
9621.05,SKL0043,Automotive Diagnostics,RELEVANT,2,SYNTHETIC_DEMO_MAPPING,SYNTHETIC
9621.06,SKL0093,Problem Solving,RELEVANT,3,SYNTHETIC_DEMO_MAPPING,SYNTHETIC
9621.06,SKL0092,Communication,RELEVANT,1,SYNTHETIC_DEMO_MAPPING,SYNTHETIC
9621.07,SKL0086,Inventory Management,RELEVANT,3,SYNTHETIC_DEMO_MAPPING,SYNTHETIC
9621.07,SKL0087,Supply Chain Management,RELEVANT,2,SYNTHETIC_DEMO_MAPPING,SYNTHETIC
9621.08,SKL0095,Workplace Safety,RELEVANT,3,SYNTHETIC_DEMO_MAPPING,SYNTHETIC
9621.08,SKL0098,English Communication,RELEVANT,2,SYNTHETIC_DEMO_MAPPING,SYNTHETIC
9621.08,SKL0096,Digital Literacy,RELEVANT,3,SYNTHETIC_DEMO_MAPPING,SYNTHETIC
9621.08,SKL0092,Communication,RELEVANT,2,SYNTHETIC_DEMO_MAPPING,SYNTHETIC
9621.08,SKL0097,Team Management,RELEVANT,1,SYNTHETIC_DEMO_MAPPING,SYNTHETIC
9621.09,SKL0051,Service Operations,RELEVANT,4,SYNTHETIC_DEMO_MAPPING,SYNTHETIC
9621.09,SKL0092,Communication,RELEVANT,2,SYNTHETIC_DEMO_MAPPING,SYNTHETIC
9621.09,SKL0096,Digital Literacy,RELEVANT,3,SYNTHETIC_DEMO_MAPPING,SYNTHETIC
9621.12,SKL0069,Tally,RELEVANT,3,SYNTHETIC_DEMO_MAPPING,SYNTHETIC
9621.12,SKL0049,Electric Motor Systems,RELEVANT,3,SYNTHETIC_DEMO_MAPPING,SYNTHETIC
9621.12,SKL0093,Problem Solving,RELEVANT,2,SYNTHETIC_DEMO_MAPPING,SYNTHETIC
9621.13,SKL0090,Logistics Planning,RELEVANT,3,SYNTHETIC_DEMO_MAPPING,SYNTHETIC
9621.13,SKL0092,Communication,RELEVANT,2,SYNTHETIC_DEMO_MAPPING,SYNTHETIC
9621.13,SKL0091,Route Planning,RELEVANT,1,SYNTHETIC_DEMO_MAPPING,SYNTHETIC
9621.13,SKL0054,Quantity Surveying,RELEVANT,2,SYNTHETIC_DEMO_MAPPING,SYNTHETIC
9621.13,SKL0055,Site Supervision,RELEVANT,1,SYNTHETIC_DEMO_MAPPING,SYNTHETIC
9621.99,SKL0093,Problem Solving,RELEVANT,3,SYNTHETIC_DEMO_MAPPING,SYNTHETIC
9621.99,SKL0094,Microsoft Excel,RELEVANT,1,SYNTHETIC_DEMO_MAPPING,SYNTHETIC
9621.99,SKL0092,Communication,RELEVANT,4,SYNTHETIC_DEMO_MAPPING,SYNTHETIC
9621.99,SKL0098,English Communication,RELEVANT,1,SYNTHETIC_DEMO_MAPPING,SYNTHETIC
9621.99,SKL0095,Workplace Safety,RELEVANT,2,SYNTHETIC_DEMO_MAPPING,SYNTHETIC
9623.01,SKL0040,Mechanical Assembly,RELEVANT,3,SYNTHETIC_DEMO_MAPPING,SYNTHETIC
9623.01,SKL0038,CNC Turning,RELEVANT,1,SYNTHETIC_DEMO_MAPPING,SYNTHETIC
9623.02,SKL0088,Fleet Management,RELEVANT,2,SYNTHETIC_DEMO_MAPPING,SYNTHETIC
9623.02,SKL0051,Service Operations,RELEVANT,3,SYNTHETIC_DEMO_MAPPING,SYNTHETIC
9623.02,SKL0035,Quality Control,RELEVANT,1,SYNTHETIC_DEMO_MAPPING,SYNTHETIC
9623.03,SKL0027,Sensors,RELEVANT,2,SYNTHETIC_DEMO_MAPPING,SYNTHETIC
9623.03,SKL0048,Auto Electrical,RELEVANT,2,SYNTHETIC_DEMO_MAPPING,SYNTHETIC
9623.03,SKL0049,Electric Motor Systems,RELEVANT,1,SYNTHETIC_DEMO_MAPPING,SYNTHETIC
9623.0301,SKL0093,Problem Solving,RELEVANT,1,SYNTHETIC_DEMO_MAPPING,SYNTHETIC
9623.0301,SKL0094,Microsoft Excel,RELEVANT,1,SYNTHETIC_DEMO_MAPPING,SYNTHETIC
9623.0401,SKL0095,Workplace Safety,RELEVANT,4,SYNTHETIC_DEMO_MAPPING,SYNTHETIC
9623.0401,SKL0046,EV Battery Maintenance,RELEVANT,4,SYNTHETIC_DEMO_MAPPING,SYNTHETIC
9623.0401,SKL0098,English Communication,RELEVANT,1,SYNTHETIC_DEMO_MAPPING,SYNTHETIC
9623.0501,SKL0046,EV Battery Maintenance,RELEVANT,4,SYNTHETIC_DEMO_MAPPING,SYNTHETIC
9623.0501,SKL0049,Electric Motor Systems,RELEVANT,3,SYNTHETIC_DEMO_MAPPING,SYNTHETIC
9623.0501,SKL0092,Communication,RELEVANT,2,SYNTHETIC_DEMO_MAPPING,SYNTHETIC
9623.0501,SKL0044,EV Systems,RELEVANT,1,SYNTHETIC_DEMO_MAPPING,SYNTHETIC
9623.0601,SKL0044,EV Systems,RELEVANT,2,SYNTHETIC_DEMO_MAPPING,SYNTHETIC
9623.0601,SKL0094,Microsoft Excel,RELEVANT,3,SYNTHETIC_DEMO_MAPPING,SYNTHETIC
9623.99,SKL0035,Quality Control,RELEVANT,3,SYNTHETIC_DEMO_MAPPING,SYNTHETIC
9623.99,SKL0098,English Communication,RELEVANT,2,SYNTHETIC_DEMO_MAPPING,SYNTHETIC
9629.01,SKL0068,Accounting,RELEVANT,1,SYNTHETIC_DEMO_MAPPING,SYNTHETIC
9629.01,SKL0071,Financial Analysis,RELEVANT,4,SYNTHETIC_DEMO_MAPPING,SYNTHETIC
9629.99,SKL0057,Civil Drafting,RELEVANT,2,SYNTHETIC_DEMO_MAPPING,SYNTHETIC
9629.99,SKL0058,Surveying,RELEVANT,3,SYNTHETIC_DEMO_MAPPING,SYNTHETIC
9629.99,SKL0093,Problem Solving,RELEVANT,4,SYNTHETIC_DEMO_MAPPING,SYNTHETIC
9629.99,SKL0055,Site Supervision,RELEVANT,1,SYNTHETIC_DEMO_MAPPING,SYNTHETIC
